[2026-03-31T23:16:17.729+0000] {processor.py:161} INFO - Started process (PID=78) to work on /home/airflow/.local/lib/python3.8/site-packages/airflow/example_dags/example_branch_operator.py
[2026-03-31T23:16:17.735+0000] {processor.py:830} INFO - Processing file /home/airflow/.local/lib/python3.8/site-packages/airflow/example_dags/example_branch_operator.py for tasks to queue
[2026-03-31T23:16:17.740+0000] {logging_mixin.py:188} INFO - [2026-03-31T23:16:17.739+0000] {dagbag.py:538} INFO - Filling up the DagBag from /home/airflow/.local/lib/python3.8/site-packages/airflow/example_dags/example_branch_operator.py
[2026-03-31T23:16:17.778+0000] {processor.py:840} INFO - DAG(s) 'example_branch_operator' retrieved from /home/airflow/.local/lib/python3.8/site-packages/airflow/example_dags/example_branch_operator.py
[2026-03-31T23:16:18.076+0000] {logging_mixin.py:188} INFO - [2026-03-31T23:16:18.075+0000] {dag.py:3036} INFO - Sync 1 DAGs
[2026-03-31T23:16:18.129+0000] {logging_mixin.py:188} INFO - [2026-03-31T23:16:18.129+0000] {dag.py:3823} INFO - Setting next_dagrun for example_branch_operator to 2026-03-30 00:00:00+00:00, run_after=2026-03-31 00:00:00+00:00
[2026-03-31T23:16:18.185+0000] {processor.py:183} INFO - Processing /home/airflow/.local/lib/python3.8/site-packages/airflow/example_dags/example_branch_operator.py took 0.466 seconds
[2026-03-31T23:16:49.231+0000] {processor.py:161} INFO - Started process (PID=134) to work on /home/airflow/.local/lib/python3.8/site-packages/airflow/example_dags/example_branch_operator.py
[2026-03-31T23:16:49.242+0000] {processor.py:830} INFO - Processing file /home/airflow/.local/lib/python3.8/site-packages/airflow/example_dags/example_branch_operator.py for tasks to queue
[2026-03-31T23:16:49.246+0000] {logging_mixin.py:188} INFO - [2026-03-31T23:16:49.246+0000] {dagbag.py:538} INFO - Filling up the DagBag from /home/airflow/.local/lib/python3.8/site-packages/airflow/example_dags/example_branch_operator.py
[2026-03-31T23:16:49.317+0000] {processor.py:840} INFO - DAG(s) 'example_branch_operator' retrieved from /home/airflow/.local/lib/python3.8/site-packages/airflow/example_dags/example_branch_operator.py
[2026-03-31T23:16:49.401+0000] {logging_mixin.py:188} INFO - [2026-03-31T23:16:49.400+0000] {dag.py:3036} INFO - Sync 1 DAGs
[2026-03-31T23:16:49.467+0000] {logging_mixin.py:188} INFO - [2026-03-31T23:16:49.465+0000] {dag.py:3823} INFO - Setting next_dagrun for example_branch_operator to 2026-03-30 00:00:00+00:00, run_after=2026-03-31 00:00:00+00:00
[2026-03-31T23:16:49.520+0000] {processor.py:183} INFO - Processing /home/airflow/.local/lib/python3.8/site-packages/airflow/example_dags/example_branch_operator.py took 0.295 seconds
[2026-03-31T23:17:20.841+0000] {processor.py:161} INFO - Started process (PID=191) to work on /home/airflow/.local/lib/python3.8/site-packages/airflow/example_dags/example_branch_operator.py
[2026-03-31T23:17:20.843+0000] {processor.py:830} INFO - Processing file /home/airflow/.local/lib/python3.8/site-packages/airflow/example_dags/example_branch_operator.py for tasks to queue
[2026-03-31T23:17:20.848+0000] {logging_mixin.py:188} INFO - [2026-03-31T23:17:20.847+0000] {dagbag.py:538} INFO - Filling up the DagBag from /home/airflow/.local/lib/python3.8/site-packages/airflow/example_dags/example_branch_operator.py
[2026-03-31T23:17:20.887+0000] {processor.py:840} INFO - DAG(s) 'example_branch_operator' retrieved from /home/airflow/.local/lib/python3.8/site-packages/airflow/example_dags/example_branch_operator.py
[2026-03-31T23:17:21.122+0000] {logging_mixin.py:188} INFO - [2026-03-31T23:17:21.122+0000] {dag.py:3036} INFO - Sync 1 DAGs
[2026-03-31T23:17:21.184+0000] {logging_mixin.py:188} INFO - [2026-03-31T23:17:21.183+0000] {dag.py:3823} INFO - Setting next_dagrun for example_branch_operator to 2026-03-30 00:00:00+00:00, run_after=2026-03-31 00:00:00+00:00
[2026-03-31T23:17:21.229+0000] {processor.py:183} INFO - Processing /home/airflow/.local/lib/python3.8/site-packages/airflow/example_dags/example_branch_operator.py took 0.394 seconds
[2026-03-31T23:17:51.570+0000] {processor.py:161} INFO - Started process (PID=247) to work on /home/airflow/.local/lib/python3.8/site-packages/airflow/example_dags/example_branch_operator.py
[2026-03-31T23:17:51.575+0000] {processor.py:830} INFO - Processing file /home/airflow/.local/lib/python3.8/site-packages/airflow/example_dags/example_branch_operator.py for tasks to queue
[2026-03-31T23:17:51.580+0000] {logging_mixin.py:188} INFO - [2026-03-31T23:17:51.580+0000] {dagbag.py:538} INFO - Filling up the DagBag from /home/airflow/.local/lib/python3.8/site-packages/airflow/example_dags/example_branch_operator.py
[2026-03-31T23:17:51.630+0000] {processor.py:840} INFO - DAG(s) 'example_branch_operator' retrieved from /home/airflow/.local/lib/python3.8/site-packages/airflow/example_dags/example_branch_operator.py
[2026-03-31T23:17:51.700+0000] {logging_mixin.py:188} INFO - [2026-03-31T23:17:51.698+0000] {dag.py:3036} INFO - Sync 1 DAGs
[2026-03-31T23:17:51.756+0000] {logging_mixin.py:188} INFO - [2026-03-31T23:17:51.755+0000] {dag.py:3823} INFO - Setting next_dagrun for example_branch_operator to 2026-03-30 00:00:00+00:00, run_after=2026-03-31 00:00:00+00:00
[2026-03-31T23:17:51.804+0000] {processor.py:183} INFO - Processing /home/airflow/.local/lib/python3.8/site-packages/airflow/example_dags/example_branch_operator.py took 0.242 seconds
[2026-03-31T23:18:21.904+0000] {processor.py:161} INFO - Started process (PID=304) to work on /home/airflow/.local/lib/python3.8/site-packages/airflow/example_dags/example_branch_operator.py
[2026-03-31T23:18:21.906+0000] {processor.py:830} INFO - Processing file /home/airflow/.local/lib/python3.8/site-packages/airflow/example_dags/example_branch_operator.py for tasks to queue
[2026-03-31T23:18:21.911+0000] {logging_mixin.py:188} INFO - [2026-03-31T23:18:21.910+0000] {dagbag.py:538} INFO - Filling up the DagBag from /home/airflow/.local/lib/python3.8/site-packages/airflow/example_dags/example_branch_operator.py
[2026-03-31T23:18:21.954+0000] {processor.py:840} INFO - DAG(s) 'example_branch_operator' retrieved from /home/airflow/.local/lib/python3.8/site-packages/airflow/example_dags/example_branch_operator.py
[2026-03-31T23:18:22.016+0000] {logging_mixin.py:188} INFO - [2026-03-31T23:18:22.015+0000] {dag.py:3036} INFO - Sync 1 DAGs
[2026-03-31T23:18:22.080+0000] {logging_mixin.py:188} INFO - [2026-03-31T23:18:22.080+0000] {dag.py:3823} INFO - Setting next_dagrun for example_branch_operator to 2026-03-30 00:00:00+00:00, run_after=2026-03-31 00:00:00+00:00
[2026-03-31T23:18:22.126+0000] {processor.py:183} INFO - Processing /home/airflow/.local/lib/python3.8/site-packages/airflow/example_dags/example_branch_operator.py took 0.228 seconds
[2026-03-31T23:18:52.882+0000] {processor.py:161} INFO - Started process (PID=362) to work on /home/airflow/.local/lib/python3.8/site-packages/airflow/example_dags/example_branch_operator.py
[2026-03-31T23:18:52.884+0000] {processor.py:830} INFO - Processing file /home/airflow/.local/lib/python3.8/site-packages/airflow/example_dags/example_branch_operator.py for tasks to queue
[2026-03-31T23:18:52.888+0000] {logging_mixin.py:188} INFO - [2026-03-31T23:18:52.887+0000] {dagbag.py:538} INFO - Filling up the DagBag from /home/airflow/.local/lib/python3.8/site-packages/airflow/example_dags/example_branch_operator.py
[2026-03-31T23:18:52.920+0000] {processor.py:840} INFO - DAG(s) 'example_branch_operator' retrieved from /home/airflow/.local/lib/python3.8/site-packages/airflow/example_dags/example_branch_operator.py
[2026-03-31T23:18:52.961+0000] {logging_mixin.py:188} INFO - [2026-03-31T23:18:52.960+0000] {dag.py:3036} INFO - Sync 1 DAGs
[2026-03-31T23:18:52.993+0000] {logging_mixin.py:188} INFO - [2026-03-31T23:18:52.992+0000] {dag.py:3823} INFO - Setting next_dagrun for example_branch_operator to 2026-03-30 00:00:00+00:00, run_after=2026-03-31 00:00:00+00:00
[2026-03-31T23:18:53.023+0000] {processor.py:183} INFO - Processing /home/airflow/.local/lib/python3.8/site-packages/airflow/example_dags/example_branch_operator.py took 0.148 seconds
[2026-03-31T23:19:23.406+0000] {processor.py:161} INFO - Started process (PID=419) to work on /home/airflow/.local/lib/python3.8/site-packages/airflow/example_dags/example_branch_operator.py
[2026-03-31T23:19:23.408+0000] {processor.py:830} INFO - Processing file /home/airflow/.local/lib/python3.8/site-packages/airflow/example_dags/example_branch_operator.py for tasks to queue
[2026-03-31T23:19:23.412+0000] {logging_mixin.py:188} INFO - [2026-03-31T23:19:23.411+0000] {dagbag.py:538} INFO - Filling up the DagBag from /home/airflow/.local/lib/python3.8/site-packages/airflow/example_dags/example_branch_operator.py
[2026-03-31T23:19:23.446+0000] {processor.py:840} INFO - DAG(s) 'example_branch_operator' retrieved from /home/airflow/.local/lib/python3.8/site-packages/airflow/example_dags/example_branch_operator.py
[2026-03-31T23:19:23.494+0000] {logging_mixin.py:188} INFO - [2026-03-31T23:19:23.494+0000] {dag.py:3036} INFO - Sync 1 DAGs
[2026-03-31T23:19:23.522+0000] {logging_mixin.py:188} INFO - [2026-03-31T23:19:23.522+0000] {dag.py:3823} INFO - Setting next_dagrun for example_branch_operator to 2026-03-30 00:00:00+00:00, run_after=2026-03-31 00:00:00+00:00
[2026-03-31T23:19:23.551+0000] {processor.py:183} INFO - Processing /home/airflow/.local/lib/python3.8/site-packages/airflow/example_dags/example_branch_operator.py took 0.150 seconds
[2026-03-31T23:19:54.312+0000] {processor.py:161} INFO - Started process (PID=477) to work on /home/airflow/.local/lib/python3.8/site-packages/airflow/example_dags/example_branch_operator.py
[2026-03-31T23:19:54.314+0000] {processor.py:830} INFO - Processing file /home/airflow/.local/lib/python3.8/site-packages/airflow/example_dags/example_branch_operator.py for tasks to queue
[2026-03-31T23:19:54.318+0000] {logging_mixin.py:188} INFO - [2026-03-31T23:19:54.318+0000] {dagbag.py:538} INFO - Filling up the DagBag from /home/airflow/.local/lib/python3.8/site-packages/airflow/example_dags/example_branch_operator.py
[2026-03-31T23:19:54.355+0000] {processor.py:840} INFO - DAG(s) 'example_branch_operator' retrieved from /home/airflow/.local/lib/python3.8/site-packages/airflow/example_dags/example_branch_operator.py
[2026-03-31T23:19:54.410+0000] {logging_mixin.py:188} INFO - [2026-03-31T23:19:54.409+0000] {dag.py:3036} INFO - Sync 1 DAGs
[2026-03-31T23:19:54.467+0000] {logging_mixin.py:188} INFO - [2026-03-31T23:19:54.467+0000] {dag.py:3823} INFO - Setting next_dagrun for example_branch_operator to 2026-03-30 00:00:00+00:00, run_after=2026-03-31 00:00:00+00:00
[2026-03-31T23:19:54.515+0000] {processor.py:183} INFO - Processing /home/airflow/.local/lib/python3.8/site-packages/airflow/example_dags/example_branch_operator.py took 0.209 seconds
[2026-03-31T23:20:24.861+0000] {processor.py:161} INFO - Started process (PID=534) to work on /home/airflow/.local/lib/python3.8/site-packages/airflow/example_dags/example_branch_operator.py
[2026-03-31T23:20:24.864+0000] {processor.py:830} INFO - Processing file /home/airflow/.local/lib/python3.8/site-packages/airflow/example_dags/example_branch_operator.py for tasks to queue
[2026-03-31T23:20:24.869+0000] {logging_mixin.py:188} INFO - [2026-03-31T23:20:24.868+0000] {dagbag.py:538} INFO - Filling up the DagBag from /home/airflow/.local/lib/python3.8/site-packages/airflow/example_dags/example_branch_operator.py
[2026-03-31T23:20:24.898+0000] {processor.py:840} INFO - DAG(s) 'example_branch_operator' retrieved from /home/airflow/.local/lib/python3.8/site-packages/airflow/example_dags/example_branch_operator.py
[2026-03-31T23:20:24.955+0000] {logging_mixin.py:188} INFO - [2026-03-31T23:20:24.954+0000] {dag.py:3036} INFO - Sync 1 DAGs
[2026-03-31T23:20:24.997+0000] {logging_mixin.py:188} INFO - [2026-03-31T23:20:24.997+0000] {dag.py:3823} INFO - Setting next_dagrun for example_branch_operator to 2026-03-30 00:00:00+00:00, run_after=2026-03-31 00:00:00+00:00
[2026-03-31T23:20:25.027+0000] {processor.py:183} INFO - Processing /home/airflow/.local/lib/python3.8/site-packages/airflow/example_dags/example_branch_operator.py took 0.171 seconds
[2026-03-31T23:20:55.348+0000] {processor.py:161} INFO - Started process (PID=591) to work on /home/airflow/.local/lib/python3.8/site-packages/airflow/example_dags/example_branch_operator.py
[2026-03-31T23:20:55.350+0000] {processor.py:830} INFO - Processing file /home/airflow/.local/lib/python3.8/site-packages/airflow/example_dags/example_branch_operator.py for tasks to queue
[2026-03-31T23:20:55.354+0000] {logging_mixin.py:188} INFO - [2026-03-31T23:20:55.353+0000] {dagbag.py:538} INFO - Filling up the DagBag from /home/airflow/.local/lib/python3.8/site-packages/airflow/example_dags/example_branch_operator.py
[2026-03-31T23:20:55.391+0000] {processor.py:840} INFO - DAG(s) 'example_branch_operator' retrieved from /home/airflow/.local/lib/python3.8/site-packages/airflow/example_dags/example_branch_operator.py
[2026-03-31T23:20:55.477+0000] {logging_mixin.py:188} INFO - [2026-03-31T23:20:55.476+0000] {dag.py:3036} INFO - Sync 1 DAGs
[2026-03-31T23:20:55.562+0000] {logging_mixin.py:188} INFO - [2026-03-31T23:20:55.561+0000] {dag.py:3823} INFO - Setting next_dagrun for example_branch_operator to 2026-03-30 00:00:00+00:00, run_after=2026-03-31 00:00:00+00:00
[2026-03-31T23:20:55.613+0000] {processor.py:183} INFO - Processing /home/airflow/.local/lib/python3.8/site-packages/airflow/example_dags/example_branch_operator.py took 0.271 seconds
[2026-03-31T23:21:26.389+0000] {processor.py:161} INFO - Started process (PID=648) to work on /home/airflow/.local/lib/python3.8/site-packages/airflow/example_dags/example_branch_operator.py
[2026-03-31T23:21:26.390+0000] {processor.py:830} INFO - Processing file /home/airflow/.local/lib/python3.8/site-packages/airflow/example_dags/example_branch_operator.py for tasks to queue
[2026-03-31T23:21:26.396+0000] {logging_mixin.py:188} INFO - [2026-03-31T23:21:26.396+0000] {dagbag.py:538} INFO - Filling up the DagBag from /home/airflow/.local/lib/python3.8/site-packages/airflow/example_dags/example_branch_operator.py
[2026-03-31T23:21:26.423+0000] {processor.py:840} INFO - DAG(s) 'example_branch_operator' retrieved from /home/airflow/.local/lib/python3.8/site-packages/airflow/example_dags/example_branch_operator.py
[2026-03-31T23:21:26.476+0000] {logging_mixin.py:188} INFO - [2026-03-31T23:21:26.476+0000] {dag.py:3036} INFO - Sync 1 DAGs
[2026-03-31T23:21:26.596+0000] {logging_mixin.py:188} INFO - [2026-03-31T23:21:26.595+0000] {dag.py:3823} INFO - Setting next_dagrun for example_branch_operator to 2026-03-30 00:00:00+00:00, run_after=2026-03-31 00:00:00+00:00
[2026-03-31T23:21:26.790+0000] {processor.py:183} INFO - Processing /home/airflow/.local/lib/python3.8/site-packages/airflow/example_dags/example_branch_operator.py took 0.409 seconds
[2026-03-31T23:21:57.320+0000] {processor.py:161} INFO - Started process (PID=705) to work on /home/airflow/.local/lib/python3.8/site-packages/airflow/example_dags/example_branch_operator.py
[2026-03-31T23:21:57.321+0000] {processor.py:830} INFO - Processing file /home/airflow/.local/lib/python3.8/site-packages/airflow/example_dags/example_branch_operator.py for tasks to queue
[2026-03-31T23:21:57.325+0000] {logging_mixin.py:188} INFO - [2026-03-31T23:21:57.324+0000] {dagbag.py:538} INFO - Filling up the DagBag from /home/airflow/.local/lib/python3.8/site-packages/airflow/example_dags/example_branch_operator.py
[2026-03-31T23:21:57.352+0000] {processor.py:840} INFO - DAG(s) 'example_branch_operator' retrieved from /home/airflow/.local/lib/python3.8/site-packages/airflow/example_dags/example_branch_operator.py
[2026-03-31T23:21:57.408+0000] {logging_mixin.py:188} INFO - [2026-03-31T23:21:57.408+0000] {dag.py:3036} INFO - Sync 1 DAGs
[2026-03-31T23:21:57.440+0000] {logging_mixin.py:188} INFO - [2026-03-31T23:21:57.440+0000] {dag.py:3823} INFO - Setting next_dagrun for example_branch_operator to 2026-03-30 00:00:00+00:00, run_after=2026-03-31 00:00:00+00:00
[2026-03-31T23:21:57.479+0000] {processor.py:183} INFO - Processing /home/airflow/.local/lib/python3.8/site-packages/airflow/example_dags/example_branch_operator.py took 0.165 seconds
[2026-03-31T23:22:28.244+0000] {processor.py:161} INFO - Started process (PID=762) to work on /home/airflow/.local/lib/python3.8/site-packages/airflow/example_dags/example_branch_operator.py
[2026-03-31T23:22:28.247+0000] {processor.py:830} INFO - Processing file /home/airflow/.local/lib/python3.8/site-packages/airflow/example_dags/example_branch_operator.py for tasks to queue
[2026-03-31T23:22:28.251+0000] {logging_mixin.py:188} INFO - [2026-03-31T23:22:28.251+0000] {dagbag.py:538} INFO - Filling up the DagBag from /home/airflow/.local/lib/python3.8/site-packages/airflow/example_dags/example_branch_operator.py
[2026-03-31T23:22:28.294+0000] {processor.py:840} INFO - DAG(s) 'example_branch_operator' retrieved from /home/airflow/.local/lib/python3.8/site-packages/airflow/example_dags/example_branch_operator.py
[2026-03-31T23:22:28.354+0000] {logging_mixin.py:188} INFO - [2026-03-31T23:22:28.354+0000] {dag.py:3036} INFO - Sync 1 DAGs
[2026-03-31T23:22:28.428+0000] {logging_mixin.py:188} INFO - [2026-03-31T23:22:28.427+0000] {dag.py:3823} INFO - Setting next_dagrun for example_branch_operator to 2026-03-30 00:00:00+00:00, run_after=2026-03-31 00:00:00+00:00
[2026-03-31T23:22:28.485+0000] {processor.py:183} INFO - Processing /home/airflow/.local/lib/python3.8/site-packages/airflow/example_dags/example_branch_operator.py took 0.247 seconds
[2026-03-31T23:22:59.956+0000] {processor.py:161} INFO - Started process (PID=820) to work on /home/airflow/.local/lib/python3.8/site-packages/airflow/example_dags/example_branch_operator.py
[2026-03-31T23:23:00.025+0000] {processor.py:830} INFO - Processing file /home/airflow/.local/lib/python3.8/site-packages/airflow/example_dags/example_branch_operator.py for tasks to queue
[2026-03-31T23:23:00.031+0000] {logging_mixin.py:188} INFO - [2026-03-31T23:23:00.031+0000] {dagbag.py:538} INFO - Filling up the DagBag from /home/airflow/.local/lib/python3.8/site-packages/airflow/example_dags/example_branch_operator.py
[2026-03-31T23:23:00.101+0000] {processor.py:840} INFO - DAG(s) 'example_branch_operator' retrieved from /home/airflow/.local/lib/python3.8/site-packages/airflow/example_dags/example_branch_operator.py
[2026-03-31T23:23:00.180+0000] {logging_mixin.py:188} INFO - [2026-03-31T23:23:00.179+0000] {dag.py:3036} INFO - Sync 1 DAGs
[2026-03-31T23:23:00.230+0000] {logging_mixin.py:188} INFO - [2026-03-31T23:23:00.229+0000] {dag.py:3823} INFO - Setting next_dagrun for example_branch_operator to 2026-03-30 00:00:00+00:00, run_after=2026-03-31 00:00:00+00:00
[2026-03-31T23:23:00.837+0000] {processor.py:183} INFO - Processing /home/airflow/.local/lib/python3.8/site-packages/airflow/example_dags/example_branch_operator.py took 0.894 seconds
[2026-03-31T23:23:31.464+0000] {processor.py:161} INFO - Started process (PID=877) to work on /home/airflow/.local/lib/python3.8/site-packages/airflow/example_dags/example_branch_operator.py
[2026-03-31T23:23:31.469+0000] {processor.py:830} INFO - Processing file /home/airflow/.local/lib/python3.8/site-packages/airflow/example_dags/example_branch_operator.py for tasks to queue
[2026-03-31T23:23:31.480+0000] {logging_mixin.py:188} INFO - [2026-03-31T23:23:31.479+0000] {dagbag.py:538} INFO - Filling up the DagBag from /home/airflow/.local/lib/python3.8/site-packages/airflow/example_dags/example_branch_operator.py
[2026-03-31T23:23:31.544+0000] {processor.py:840} INFO - DAG(s) 'example_branch_operator' retrieved from /home/airflow/.local/lib/python3.8/site-packages/airflow/example_dags/example_branch_operator.py
[2026-03-31T23:23:31.602+0000] {logging_mixin.py:188} INFO - [2026-03-31T23:23:31.602+0000] {dag.py:3036} INFO - Sync 1 DAGs
[2026-03-31T23:23:31.637+0000] {logging_mixin.py:188} INFO - [2026-03-31T23:23:31.637+0000] {dag.py:3823} INFO - Setting next_dagrun for example_branch_operator to 2026-03-30 00:00:00+00:00, run_after=2026-03-31 00:00:00+00:00
[2026-03-31T23:23:31.776+0000] {processor.py:183} INFO - Processing /home/airflow/.local/lib/python3.8/site-packages/airflow/example_dags/example_branch_operator.py took 0.325 seconds
[2026-03-31T23:24:01.930+0000] {processor.py:161} INFO - Started process (PID=934) to work on /home/airflow/.local/lib/python3.8/site-packages/airflow/example_dags/example_branch_operator.py
[2026-03-31T23:24:01.934+0000] {processor.py:830} INFO - Processing file /home/airflow/.local/lib/python3.8/site-packages/airflow/example_dags/example_branch_operator.py for tasks to queue
[2026-03-31T23:24:01.940+0000] {logging_mixin.py:188} INFO - [2026-03-31T23:24:01.939+0000] {dagbag.py:538} INFO - Filling up the DagBag from /home/airflow/.local/lib/python3.8/site-packages/airflow/example_dags/example_branch_operator.py
[2026-03-31T23:24:01.996+0000] {processor.py:840} INFO - DAG(s) 'example_branch_operator' retrieved from /home/airflow/.local/lib/python3.8/site-packages/airflow/example_dags/example_branch_operator.py
[2026-03-31T23:24:02.041+0000] {logging_mixin.py:188} INFO - [2026-03-31T23:24:02.041+0000] {dag.py:3036} INFO - Sync 1 DAGs
[2026-03-31T23:24:02.091+0000] {logging_mixin.py:188} INFO - [2026-03-31T23:24:02.090+0000] {dag.py:3823} INFO - Setting next_dagrun for example_branch_operator to 2026-03-30 00:00:00+00:00, run_after=2026-03-31 00:00:00+00:00
[2026-03-31T23:24:02.143+0000] {processor.py:183} INFO - Processing /home/airflow/.local/lib/python3.8/site-packages/airflow/example_dags/example_branch_operator.py took 0.222 seconds
[2026-03-31T23:24:32.547+0000] {processor.py:161} INFO - Started process (PID=991) to work on /home/airflow/.local/lib/python3.8/site-packages/airflow/example_dags/example_branch_operator.py
[2026-03-31T23:24:32.551+0000] {processor.py:830} INFO - Processing file /home/airflow/.local/lib/python3.8/site-packages/airflow/example_dags/example_branch_operator.py for tasks to queue
[2026-03-31T23:24:32.557+0000] {logging_mixin.py:188} INFO - [2026-03-31T23:24:32.556+0000] {dagbag.py:538} INFO - Filling up the DagBag from /home/airflow/.local/lib/python3.8/site-packages/airflow/example_dags/example_branch_operator.py
[2026-03-31T23:24:32.591+0000] {processor.py:840} INFO - DAG(s) 'example_branch_operator' retrieved from /home/airflow/.local/lib/python3.8/site-packages/airflow/example_dags/example_branch_operator.py
[2026-03-31T23:24:32.629+0000] {logging_mixin.py:188} INFO - [2026-03-31T23:24:32.629+0000] {dag.py:3036} INFO - Sync 1 DAGs
[2026-03-31T23:24:32.670+0000] {logging_mixin.py:188} INFO - [2026-03-31T23:24:32.669+0000] {dag.py:3823} INFO - Setting next_dagrun for example_branch_operator to 2026-03-30 00:00:00+00:00, run_after=2026-03-31 00:00:00+00:00
[2026-03-31T23:24:32.712+0000] {processor.py:183} INFO - Processing /home/airflow/.local/lib/python3.8/site-packages/airflow/example_dags/example_branch_operator.py took 0.177 seconds
[2026-03-31T23:25:03.187+0000] {processor.py:161} INFO - Started process (PID=1048) to work on /home/airflow/.local/lib/python3.8/site-packages/airflow/example_dags/example_branch_operator.py
[2026-03-31T23:25:03.191+0000] {processor.py:830} INFO - Processing file /home/airflow/.local/lib/python3.8/site-packages/airflow/example_dags/example_branch_operator.py for tasks to queue
[2026-03-31T23:25:03.200+0000] {logging_mixin.py:188} INFO - [2026-03-31T23:25:03.199+0000] {dagbag.py:538} INFO - Filling up the DagBag from /home/airflow/.local/lib/python3.8/site-packages/airflow/example_dags/example_branch_operator.py
[2026-03-31T23:25:03.265+0000] {processor.py:840} INFO - DAG(s) 'example_branch_operator' retrieved from /home/airflow/.local/lib/python3.8/site-packages/airflow/example_dags/example_branch_operator.py
[2026-03-31T23:25:03.315+0000] {logging_mixin.py:188} INFO - [2026-03-31T23:25:03.315+0000] {dag.py:3036} INFO - Sync 1 DAGs
[2026-03-31T23:25:03.367+0000] {logging_mixin.py:188} INFO - [2026-03-31T23:25:03.367+0000] {dag.py:3823} INFO - Setting next_dagrun for example_branch_operator to 2026-03-30 00:00:00+00:00, run_after=2026-03-31 00:00:00+00:00
[2026-03-31T23:25:03.407+0000] {processor.py:183} INFO - Processing /home/airflow/.local/lib/python3.8/site-packages/airflow/example_dags/example_branch_operator.py took 0.235 seconds
[2026-03-31T23:25:33.621+0000] {processor.py:161} INFO - Started process (PID=1105) to work on /home/airflow/.local/lib/python3.8/site-packages/airflow/example_dags/example_branch_operator.py
[2026-03-31T23:25:33.624+0000] {processor.py:830} INFO - Processing file /home/airflow/.local/lib/python3.8/site-packages/airflow/example_dags/example_branch_operator.py for tasks to queue
[2026-03-31T23:25:33.628+0000] {logging_mixin.py:188} INFO - [2026-03-31T23:25:33.627+0000] {dagbag.py:538} INFO - Filling up the DagBag from /home/airflow/.local/lib/python3.8/site-packages/airflow/example_dags/example_branch_operator.py
[2026-03-31T23:25:33.676+0000] {processor.py:840} INFO - DAG(s) 'example_branch_operator' retrieved from /home/airflow/.local/lib/python3.8/site-packages/airflow/example_dags/example_branch_operator.py
[2026-03-31T23:25:33.727+0000] {logging_mixin.py:188} INFO - [2026-03-31T23:25:33.726+0000] {dag.py:3036} INFO - Sync 1 DAGs
[2026-03-31T23:25:33.772+0000] {logging_mixin.py:188} INFO - [2026-03-31T23:25:33.772+0000] {dag.py:3823} INFO - Setting next_dagrun for example_branch_operator to 2026-03-30 00:00:00+00:00, run_after=2026-03-31 00:00:00+00:00
[2026-03-31T23:25:33.810+0000] {processor.py:183} INFO - Processing /home/airflow/.local/lib/python3.8/site-packages/airflow/example_dags/example_branch_operator.py took 0.197 seconds
[2026-03-31T23:26:03.967+0000] {processor.py:161} INFO - Started process (PID=1162) to work on /home/airflow/.local/lib/python3.8/site-packages/airflow/example_dags/example_branch_operator.py
[2026-03-31T23:26:03.969+0000] {processor.py:830} INFO - Processing file /home/airflow/.local/lib/python3.8/site-packages/airflow/example_dags/example_branch_operator.py for tasks to queue
[2026-03-31T23:26:03.973+0000] {logging_mixin.py:188} INFO - [2026-03-31T23:26:03.972+0000] {dagbag.py:538} INFO - Filling up the DagBag from /home/airflow/.local/lib/python3.8/site-packages/airflow/example_dags/example_branch_operator.py
[2026-03-31T23:26:04.012+0000] {processor.py:840} INFO - DAG(s) 'example_branch_operator' retrieved from /home/airflow/.local/lib/python3.8/site-packages/airflow/example_dags/example_branch_operator.py
[2026-03-31T23:26:04.071+0000] {logging_mixin.py:188} INFO - [2026-03-31T23:26:04.071+0000] {dag.py:3036} INFO - Sync 1 DAGs
[2026-03-31T23:26:04.116+0000] {logging_mixin.py:188} INFO - [2026-03-31T23:26:04.116+0000] {dag.py:3823} INFO - Setting next_dagrun for example_branch_operator to 2026-03-30 00:00:00+00:00, run_after=2026-03-31 00:00:00+00:00
[2026-03-31T23:26:04.155+0000] {processor.py:183} INFO - Processing /home/airflow/.local/lib/python3.8/site-packages/airflow/example_dags/example_branch_operator.py took 0.194 seconds
[2026-03-31T23:26:34.279+0000] {processor.py:161} INFO - Started process (PID=1219) to work on /home/airflow/.local/lib/python3.8/site-packages/airflow/example_dags/example_branch_operator.py
[2026-03-31T23:26:34.283+0000] {processor.py:830} INFO - Processing file /home/airflow/.local/lib/python3.8/site-packages/airflow/example_dags/example_branch_operator.py for tasks to queue
[2026-03-31T23:26:34.289+0000] {logging_mixin.py:188} INFO - [2026-03-31T23:26:34.288+0000] {dagbag.py:538} INFO - Filling up the DagBag from /home/airflow/.local/lib/python3.8/site-packages/airflow/example_dags/example_branch_operator.py
[2026-03-31T23:26:34.326+0000] {processor.py:840} INFO - DAG(s) 'example_branch_operator' retrieved from /home/airflow/.local/lib/python3.8/site-packages/airflow/example_dags/example_branch_operator.py
[2026-03-31T23:26:34.367+0000] {logging_mixin.py:188} INFO - [2026-03-31T23:26:34.366+0000] {dag.py:3036} INFO - Sync 1 DAGs
[2026-03-31T23:26:34.427+0000] {logging_mixin.py:188} INFO - [2026-03-31T23:26:34.426+0000] {dag.py:3823} INFO - Setting next_dagrun for example_branch_operator to 2026-03-30 00:00:00+00:00, run_after=2026-03-31 00:00:00+00:00
[2026-03-31T23:26:34.463+0000] {processor.py:183} INFO - Processing /home/airflow/.local/lib/python3.8/site-packages/airflow/example_dags/example_branch_operator.py took 0.192 seconds
[2026-03-31T23:27:04.870+0000] {processor.py:161} INFO - Started process (PID=1276) to work on /home/airflow/.local/lib/python3.8/site-packages/airflow/example_dags/example_branch_operator.py
[2026-03-31T23:27:04.873+0000] {processor.py:830} INFO - Processing file /home/airflow/.local/lib/python3.8/site-packages/airflow/example_dags/example_branch_operator.py for tasks to queue
[2026-03-31T23:27:04.879+0000] {logging_mixin.py:188} INFO - [2026-03-31T23:27:04.879+0000] {dagbag.py:538} INFO - Filling up the DagBag from /home/airflow/.local/lib/python3.8/site-packages/airflow/example_dags/example_branch_operator.py
[2026-03-31T23:27:04.949+0000] {processor.py:840} INFO - DAG(s) 'example_branch_operator' retrieved from /home/airflow/.local/lib/python3.8/site-packages/airflow/example_dags/example_branch_operator.py
[2026-03-31T23:27:05.017+0000] {logging_mixin.py:188} INFO - [2026-03-31T23:27:05.016+0000] {dag.py:3036} INFO - Sync 1 DAGs
[2026-03-31T23:27:05.058+0000] {logging_mixin.py:188} INFO - [2026-03-31T23:27:05.057+0000] {dag.py:3823} INFO - Setting next_dagrun for example_branch_operator to 2026-03-30 00:00:00+00:00, run_after=2026-03-31 00:00:00+00:00
[2026-03-31T23:27:05.091+0000] {processor.py:183} INFO - Processing /home/airflow/.local/lib/python3.8/site-packages/airflow/example_dags/example_branch_operator.py took 0.231 seconds
[2026-03-31T23:27:35.861+0000] {processor.py:161} INFO - Started process (PID=1333) to work on /home/airflow/.local/lib/python3.8/site-packages/airflow/example_dags/example_branch_operator.py
[2026-03-31T23:27:35.863+0000] {processor.py:830} INFO - Processing file /home/airflow/.local/lib/python3.8/site-packages/airflow/example_dags/example_branch_operator.py for tasks to queue
[2026-03-31T23:27:35.867+0000] {logging_mixin.py:188} INFO - [2026-03-31T23:27:35.866+0000] {dagbag.py:538} INFO - Filling up the DagBag from /home/airflow/.local/lib/python3.8/site-packages/airflow/example_dags/example_branch_operator.py
[2026-03-31T23:27:35.894+0000] {processor.py:840} INFO - DAG(s) 'example_branch_operator' retrieved from /home/airflow/.local/lib/python3.8/site-packages/airflow/example_dags/example_branch_operator.py
[2026-03-31T23:27:35.935+0000] {logging_mixin.py:188} INFO - [2026-03-31T23:27:35.935+0000] {dag.py:3036} INFO - Sync 1 DAGs
[2026-03-31T23:27:35.977+0000] {logging_mixin.py:188} INFO - [2026-03-31T23:27:35.976+0000] {dag.py:3823} INFO - Setting next_dagrun for example_branch_operator to 2026-03-30 00:00:00+00:00, run_after=2026-03-31 00:00:00+00:00
[2026-03-31T23:27:36.012+0000] {processor.py:183} INFO - Processing /home/airflow/.local/lib/python3.8/site-packages/airflow/example_dags/example_branch_operator.py took 0.159 seconds
[2026-03-31T23:28:06.367+0000] {processor.py:161} INFO - Started process (PID=1390) to work on /home/airflow/.local/lib/python3.8/site-packages/airflow/example_dags/example_branch_operator.py
[2026-03-31T23:28:06.370+0000] {processor.py:830} INFO - Processing file /home/airflow/.local/lib/python3.8/site-packages/airflow/example_dags/example_branch_operator.py for tasks to queue
[2026-03-31T23:28:06.375+0000] {logging_mixin.py:188} INFO - [2026-03-31T23:28:06.374+0000] {dagbag.py:538} INFO - Filling up the DagBag from /home/airflow/.local/lib/python3.8/site-packages/airflow/example_dags/example_branch_operator.py
[2026-03-31T23:28:06.402+0000] {processor.py:840} INFO - DAG(s) 'example_branch_operator' retrieved from /home/airflow/.local/lib/python3.8/site-packages/airflow/example_dags/example_branch_operator.py
[2026-03-31T23:28:06.442+0000] {logging_mixin.py:188} INFO - [2026-03-31T23:28:06.441+0000] {dag.py:3036} INFO - Sync 1 DAGs
[2026-03-31T23:28:06.483+0000] {logging_mixin.py:188} INFO - [2026-03-31T23:28:06.483+0000] {dag.py:3823} INFO - Setting next_dagrun for example_branch_operator to 2026-03-30 00:00:00+00:00, run_after=2026-03-31 00:00:00+00:00
[2026-03-31T23:28:06.523+0000] {processor.py:183} INFO - Processing /home/airflow/.local/lib/python3.8/site-packages/airflow/example_dags/example_branch_operator.py took 0.161 seconds
[2026-03-31T23:28:37.056+0000] {processor.py:161} INFO - Started process (PID=1447) to work on /home/airflow/.local/lib/python3.8/site-packages/airflow/example_dags/example_branch_operator.py
[2026-03-31T23:28:37.058+0000] {processor.py:830} INFO - Processing file /home/airflow/.local/lib/python3.8/site-packages/airflow/example_dags/example_branch_operator.py for tasks to queue
[2026-03-31T23:28:37.062+0000] {logging_mixin.py:188} INFO - [2026-03-31T23:28:37.061+0000] {dagbag.py:538} INFO - Filling up the DagBag from /home/airflow/.local/lib/python3.8/site-packages/airflow/example_dags/example_branch_operator.py
[2026-03-31T23:28:37.085+0000] {processor.py:840} INFO - DAG(s) 'example_branch_operator' retrieved from /home/airflow/.local/lib/python3.8/site-packages/airflow/example_dags/example_branch_operator.py
[2026-03-31T23:28:37.127+0000] {logging_mixin.py:188} INFO - [2026-03-31T23:28:37.126+0000] {dag.py:3036} INFO - Sync 1 DAGs
[2026-03-31T23:28:37.155+0000] {logging_mixin.py:188} INFO - [2026-03-31T23:28:37.155+0000] {dag.py:3823} INFO - Setting next_dagrun for example_branch_operator to 2026-03-30 00:00:00+00:00, run_after=2026-03-31 00:00:00+00:00
[2026-03-31T23:28:37.218+0000] {processor.py:183} INFO - Processing /home/airflow/.local/lib/python3.8/site-packages/airflow/example_dags/example_branch_operator.py took 0.167 seconds
[2026-03-31T23:29:07.357+0000] {processor.py:161} INFO - Started process (PID=1504) to work on /home/airflow/.local/lib/python3.8/site-packages/airflow/example_dags/example_branch_operator.py
[2026-03-31T23:29:07.360+0000] {processor.py:830} INFO - Processing file /home/airflow/.local/lib/python3.8/site-packages/airflow/example_dags/example_branch_operator.py for tasks to queue
[2026-03-31T23:29:07.362+0000] {logging_mixin.py:188} INFO - [2026-03-31T23:29:07.362+0000] {dagbag.py:538} INFO - Filling up the DagBag from /home/airflow/.local/lib/python3.8/site-packages/airflow/example_dags/example_branch_operator.py
[2026-03-31T23:29:07.388+0000] {processor.py:840} INFO - DAG(s) 'example_branch_operator' retrieved from /home/airflow/.local/lib/python3.8/site-packages/airflow/example_dags/example_branch_operator.py
[2026-03-31T23:29:07.436+0000] {logging_mixin.py:188} INFO - [2026-03-31T23:29:07.435+0000] {dag.py:3036} INFO - Sync 1 DAGs
[2026-03-31T23:29:07.474+0000] {logging_mixin.py:188} INFO - [2026-03-31T23:29:07.474+0000] {dag.py:3823} INFO - Setting next_dagrun for example_branch_operator to 2026-03-30 00:00:00+00:00, run_after=2026-03-31 00:00:00+00:00
[2026-03-31T23:29:07.517+0000] {processor.py:183} INFO - Processing /home/airflow/.local/lib/python3.8/site-packages/airflow/example_dags/example_branch_operator.py took 0.164 seconds
[2026-03-31T23:29:37.949+0000] {processor.py:161} INFO - Started process (PID=1561) to work on /home/airflow/.local/lib/python3.8/site-packages/airflow/example_dags/example_branch_operator.py
[2026-03-31T23:29:37.951+0000] {processor.py:830} INFO - Processing file /home/airflow/.local/lib/python3.8/site-packages/airflow/example_dags/example_branch_operator.py for tasks to queue
[2026-03-31T23:29:37.955+0000] {logging_mixin.py:188} INFO - [2026-03-31T23:29:37.955+0000] {dagbag.py:538} INFO - Filling up the DagBag from /home/airflow/.local/lib/python3.8/site-packages/airflow/example_dags/example_branch_operator.py
[2026-03-31T23:29:37.984+0000] {processor.py:840} INFO - DAG(s) 'example_branch_operator' retrieved from /home/airflow/.local/lib/python3.8/site-packages/airflow/example_dags/example_branch_operator.py
[2026-03-31T23:29:38.032+0000] {logging_mixin.py:188} INFO - [2026-03-31T23:29:38.032+0000] {dag.py:3036} INFO - Sync 1 DAGs
[2026-03-31T23:29:38.076+0000] {logging_mixin.py:188} INFO - [2026-03-31T23:29:38.075+0000] {dag.py:3823} INFO - Setting next_dagrun for example_branch_operator to 2026-03-30 00:00:00+00:00, run_after=2026-03-31 00:00:00+00:00
[2026-03-31T23:29:38.112+0000] {processor.py:183} INFO - Processing /home/airflow/.local/lib/python3.8/site-packages/airflow/example_dags/example_branch_operator.py took 0.169 seconds
[2026-03-31T23:30:08.682+0000] {processor.py:161} INFO - Started process (PID=1618) to work on /home/airflow/.local/lib/python3.8/site-packages/airflow/example_dags/example_branch_operator.py
[2026-03-31T23:30:08.684+0000] {processor.py:830} INFO - Processing file /home/airflow/.local/lib/python3.8/site-packages/airflow/example_dags/example_branch_operator.py for tasks to queue
[2026-03-31T23:30:08.687+0000] {logging_mixin.py:188} INFO - [2026-03-31T23:30:08.686+0000] {dagbag.py:538} INFO - Filling up the DagBag from /home/airflow/.local/lib/python3.8/site-packages/airflow/example_dags/example_branch_operator.py
[2026-03-31T23:30:08.710+0000] {processor.py:840} INFO - DAG(s) 'example_branch_operator' retrieved from /home/airflow/.local/lib/python3.8/site-packages/airflow/example_dags/example_branch_operator.py
[2026-03-31T23:30:08.748+0000] {logging_mixin.py:188} INFO - [2026-03-31T23:30:08.748+0000] {dag.py:3036} INFO - Sync 1 DAGs
[2026-03-31T23:30:08.795+0000] {logging_mixin.py:188} INFO - [2026-03-31T23:30:08.794+0000] {dag.py:3823} INFO - Setting next_dagrun for example_branch_operator to 2026-03-30 00:00:00+00:00, run_after=2026-03-31 00:00:00+00:00
[2026-03-31T23:30:08.835+0000] {processor.py:183} INFO - Processing /home/airflow/.local/lib/python3.8/site-packages/airflow/example_dags/example_branch_operator.py took 0.158 seconds
[2026-03-31T23:30:39.157+0000] {processor.py:161} INFO - Started process (PID=1675) to work on /home/airflow/.local/lib/python3.8/site-packages/airflow/example_dags/example_branch_operator.py
[2026-03-31T23:30:39.160+0000] {processor.py:830} INFO - Processing file /home/airflow/.local/lib/python3.8/site-packages/airflow/example_dags/example_branch_operator.py for tasks to queue
[2026-03-31T23:30:39.165+0000] {logging_mixin.py:188} INFO - [2026-03-31T23:30:39.164+0000] {dagbag.py:538} INFO - Filling up the DagBag from /home/airflow/.local/lib/python3.8/site-packages/airflow/example_dags/example_branch_operator.py
[2026-03-31T23:30:39.210+0000] {processor.py:840} INFO - DAG(s) 'example_branch_operator' retrieved from /home/airflow/.local/lib/python3.8/site-packages/airflow/example_dags/example_branch_operator.py
[2026-03-31T23:30:39.256+0000] {logging_mixin.py:188} INFO - [2026-03-31T23:30:39.256+0000] {dag.py:3036} INFO - Sync 1 DAGs
[2026-03-31T23:30:39.301+0000] {logging_mixin.py:188} INFO - [2026-03-31T23:30:39.301+0000] {dag.py:3823} INFO - Setting next_dagrun for example_branch_operator to 2026-03-30 00:00:00+00:00, run_after=2026-03-31 00:00:00+00:00
[2026-03-31T23:30:39.343+0000] {processor.py:183} INFO - Processing /home/airflow/.local/lib/python3.8/site-packages/airflow/example_dags/example_branch_operator.py took 0.197 seconds
[2026-03-31T23:31:09.757+0000] {processor.py:161} INFO - Started process (PID=1732) to work on /home/airflow/.local/lib/python3.8/site-packages/airflow/example_dags/example_branch_operator.py
[2026-03-31T23:31:09.759+0000] {processor.py:830} INFO - Processing file /home/airflow/.local/lib/python3.8/site-packages/airflow/example_dags/example_branch_operator.py for tasks to queue
[2026-03-31T23:31:09.762+0000] {logging_mixin.py:188} INFO - [2026-03-31T23:31:09.761+0000] {dagbag.py:538} INFO - Filling up the DagBag from /home/airflow/.local/lib/python3.8/site-packages/airflow/example_dags/example_branch_operator.py
[2026-03-31T23:31:09.788+0000] {processor.py:840} INFO - DAG(s) 'example_branch_operator' retrieved from /home/airflow/.local/lib/python3.8/site-packages/airflow/example_dags/example_branch_operator.py
[2026-03-31T23:31:09.825+0000] {logging_mixin.py:188} INFO - [2026-03-31T23:31:09.824+0000] {dag.py:3036} INFO - Sync 1 DAGs
[2026-03-31T23:31:09.856+0000] {logging_mixin.py:188} INFO - [2026-03-31T23:31:09.856+0000] {dag.py:3823} INFO - Setting next_dagrun for example_branch_operator to 2026-03-30 00:00:00+00:00, run_after=2026-03-31 00:00:00+00:00
[2026-03-31T23:31:09.885+0000] {processor.py:183} INFO - Processing /home/airflow/.local/lib/python3.8/site-packages/airflow/example_dags/example_branch_operator.py took 0.133 seconds
[2026-03-31T23:31:40.694+0000] {processor.py:161} INFO - Started process (PID=1789) to work on /home/airflow/.local/lib/python3.8/site-packages/airflow/example_dags/example_branch_operator.py
[2026-03-31T23:31:40.697+0000] {processor.py:830} INFO - Processing file /home/airflow/.local/lib/python3.8/site-packages/airflow/example_dags/example_branch_operator.py for tasks to queue
[2026-03-31T23:31:40.701+0000] {logging_mixin.py:188} INFO - [2026-03-31T23:31:40.700+0000] {dagbag.py:538} INFO - Filling up the DagBag from /home/airflow/.local/lib/python3.8/site-packages/airflow/example_dags/example_branch_operator.py
[2026-03-31T23:31:40.724+0000] {processor.py:840} INFO - DAG(s) 'example_branch_operator' retrieved from /home/airflow/.local/lib/python3.8/site-packages/airflow/example_dags/example_branch_operator.py
[2026-03-31T23:31:40.760+0000] {logging_mixin.py:188} INFO - [2026-03-31T23:31:40.760+0000] {dag.py:3036} INFO - Sync 1 DAGs
[2026-03-31T23:31:40.794+0000] {logging_mixin.py:188} INFO - [2026-03-31T23:31:40.793+0000] {dag.py:3823} INFO - Setting next_dagrun for example_branch_operator to 2026-03-30 00:00:00+00:00, run_after=2026-03-31 00:00:00+00:00
[2026-03-31T23:31:40.826+0000] {processor.py:183} INFO - Processing /home/airflow/.local/lib/python3.8/site-packages/airflow/example_dags/example_branch_operator.py took 0.136 seconds
[2026-03-31T23:32:10.948+0000] {processor.py:161} INFO - Started process (PID=1846) to work on /home/airflow/.local/lib/python3.8/site-packages/airflow/example_dags/example_branch_operator.py
[2026-03-31T23:32:10.951+0000] {processor.py:830} INFO - Processing file /home/airflow/.local/lib/python3.8/site-packages/airflow/example_dags/example_branch_operator.py for tasks to queue
[2026-03-31T23:32:10.954+0000] {logging_mixin.py:188} INFO - [2026-03-31T23:32:10.953+0000] {dagbag.py:538} INFO - Filling up the DagBag from /home/airflow/.local/lib/python3.8/site-packages/airflow/example_dags/example_branch_operator.py
[2026-03-31T23:32:10.981+0000] {processor.py:840} INFO - DAG(s) 'example_branch_operator' retrieved from /home/airflow/.local/lib/python3.8/site-packages/airflow/example_dags/example_branch_operator.py
[2026-03-31T23:32:11.021+0000] {logging_mixin.py:188} INFO - [2026-03-31T23:32:11.020+0000] {dag.py:3036} INFO - Sync 1 DAGs
[2026-03-31T23:32:11.051+0000] {logging_mixin.py:188} INFO - [2026-03-31T23:32:11.050+0000] {dag.py:3823} INFO - Setting next_dagrun for example_branch_operator to 2026-03-30 00:00:00+00:00, run_after=2026-03-31 00:00:00+00:00
[2026-03-31T23:32:11.082+0000] {processor.py:183} INFO - Processing /home/airflow/.local/lib/python3.8/site-packages/airflow/example_dags/example_branch_operator.py took 0.140 seconds
[2026-03-31T23:32:41.865+0000] {processor.py:161} INFO - Started process (PID=1903) to work on /home/airflow/.local/lib/python3.8/site-packages/airflow/example_dags/example_branch_operator.py
[2026-03-31T23:32:41.866+0000] {processor.py:830} INFO - Processing file /home/airflow/.local/lib/python3.8/site-packages/airflow/example_dags/example_branch_operator.py for tasks to queue
[2026-03-31T23:32:41.870+0000] {logging_mixin.py:188} INFO - [2026-03-31T23:32:41.869+0000] {dagbag.py:538} INFO - Filling up the DagBag from /home/airflow/.local/lib/python3.8/site-packages/airflow/example_dags/example_branch_operator.py
[2026-03-31T23:32:41.899+0000] {processor.py:840} INFO - DAG(s) 'example_branch_operator' retrieved from /home/airflow/.local/lib/python3.8/site-packages/airflow/example_dags/example_branch_operator.py
[2026-03-31T23:32:41.941+0000] {logging_mixin.py:188} INFO - [2026-03-31T23:32:41.940+0000] {dag.py:3036} INFO - Sync 1 DAGs
[2026-03-31T23:32:41.973+0000] {logging_mixin.py:188} INFO - [2026-03-31T23:32:41.972+0000] {dag.py:3823} INFO - Setting next_dagrun for example_branch_operator to 2026-03-30 00:00:00+00:00, run_after=2026-03-31 00:00:00+00:00
[2026-03-31T23:32:41.999+0000] {processor.py:183} INFO - Processing /home/airflow/.local/lib/python3.8/site-packages/airflow/example_dags/example_branch_operator.py took 0.141 seconds
[2026-03-31T23:33:12.097+0000] {processor.py:161} INFO - Started process (PID=1960) to work on /home/airflow/.local/lib/python3.8/site-packages/airflow/example_dags/example_branch_operator.py
[2026-03-31T23:33:12.100+0000] {processor.py:830} INFO - Processing file /home/airflow/.local/lib/python3.8/site-packages/airflow/example_dags/example_branch_operator.py for tasks to queue
[2026-03-31T23:33:12.103+0000] {logging_mixin.py:188} INFO - [2026-03-31T23:33:12.103+0000] {dagbag.py:538} INFO - Filling up the DagBag from /home/airflow/.local/lib/python3.8/site-packages/airflow/example_dags/example_branch_operator.py
[2026-03-31T23:33:12.126+0000] {processor.py:840} INFO - DAG(s) 'example_branch_operator' retrieved from /home/airflow/.local/lib/python3.8/site-packages/airflow/example_dags/example_branch_operator.py
[2026-03-31T23:33:12.170+0000] {logging_mixin.py:188} INFO - [2026-03-31T23:33:12.170+0000] {dag.py:3036} INFO - Sync 1 DAGs
[2026-03-31T23:33:12.208+0000] {logging_mixin.py:188} INFO - [2026-03-31T23:33:12.208+0000] {dag.py:3823} INFO - Setting next_dagrun for example_branch_operator to 2026-03-30 00:00:00+00:00, run_after=2026-03-31 00:00:00+00:00
[2026-03-31T23:33:12.247+0000] {processor.py:183} INFO - Processing /home/airflow/.local/lib/python3.8/site-packages/airflow/example_dags/example_branch_operator.py took 0.154 seconds
[2026-03-31T23:33:42.879+0000] {processor.py:161} INFO - Started process (PID=2017) to work on /home/airflow/.local/lib/python3.8/site-packages/airflow/example_dags/example_branch_operator.py
[2026-03-31T23:33:42.881+0000] {processor.py:830} INFO - Processing file /home/airflow/.local/lib/python3.8/site-packages/airflow/example_dags/example_branch_operator.py for tasks to queue
[2026-03-31T23:33:42.885+0000] {logging_mixin.py:188} INFO - [2026-03-31T23:33:42.884+0000] {dagbag.py:538} INFO - Filling up the DagBag from /home/airflow/.local/lib/python3.8/site-packages/airflow/example_dags/example_branch_operator.py
[2026-03-31T23:33:42.916+0000] {processor.py:840} INFO - DAG(s) 'example_branch_operator' retrieved from /home/airflow/.local/lib/python3.8/site-packages/airflow/example_dags/example_branch_operator.py
[2026-03-31T23:33:42.950+0000] {logging_mixin.py:188} INFO - [2026-03-31T23:33:42.950+0000] {dag.py:3036} INFO - Sync 1 DAGs
[2026-03-31T23:33:42.980+0000] {logging_mixin.py:188} INFO - [2026-03-31T23:33:42.980+0000] {dag.py:3823} INFO - Setting next_dagrun for example_branch_operator to 2026-03-30 00:00:00+00:00, run_after=2026-03-31 00:00:00+00:00
[2026-03-31T23:33:43.011+0000] {processor.py:183} INFO - Processing /home/airflow/.local/lib/python3.8/site-packages/airflow/example_dags/example_branch_operator.py took 0.139 seconds
[2026-03-31T23:34:13.348+0000] {processor.py:161} INFO - Started process (PID=2072) to work on /home/airflow/.local/lib/python3.8/site-packages/airflow/example_dags/example_branch_operator.py
[2026-03-31T23:34:13.349+0000] {processor.py:830} INFO - Processing file /home/airflow/.local/lib/python3.8/site-packages/airflow/example_dags/example_branch_operator.py for tasks to queue
[2026-03-31T23:34:13.352+0000] {logging_mixin.py:188} INFO - [2026-03-31T23:34:13.352+0000] {dagbag.py:538} INFO - Filling up the DagBag from /home/airflow/.local/lib/python3.8/site-packages/airflow/example_dags/example_branch_operator.py
[2026-03-31T23:34:13.380+0000] {processor.py:840} INFO - DAG(s) 'example_branch_operator' retrieved from /home/airflow/.local/lib/python3.8/site-packages/airflow/example_dags/example_branch_operator.py
[2026-03-31T23:34:13.424+0000] {logging_mixin.py:188} INFO - [2026-03-31T23:34:13.423+0000] {dag.py:3036} INFO - Sync 1 DAGs
[2026-03-31T23:34:13.460+0000] {logging_mixin.py:188} INFO - [2026-03-31T23:34:13.459+0000] {dag.py:3823} INFO - Setting next_dagrun for example_branch_operator to 2026-03-30 00:00:00+00:00, run_after=2026-03-31 00:00:00+00:00
[2026-03-31T23:34:13.495+0000] {processor.py:183} INFO - Processing /home/airflow/.local/lib/python3.8/site-packages/airflow/example_dags/example_branch_operator.py took 0.153 seconds
[2026-03-31T23:34:43.798+0000] {processor.py:161} INFO - Started process (PID=2129) to work on /home/airflow/.local/lib/python3.8/site-packages/airflow/example_dags/example_branch_operator.py
[2026-03-31T23:34:43.802+0000] {processor.py:830} INFO - Processing file /home/airflow/.local/lib/python3.8/site-packages/airflow/example_dags/example_branch_operator.py for tasks to queue
[2026-03-31T23:34:43.809+0000] {logging_mixin.py:188} INFO - [2026-03-31T23:34:43.808+0000] {dagbag.py:538} INFO - Filling up the DagBag from /home/airflow/.local/lib/python3.8/site-packages/airflow/example_dags/example_branch_operator.py
[2026-03-31T23:34:43.865+0000] {processor.py:840} INFO - DAG(s) 'example_branch_operator' retrieved from /home/airflow/.local/lib/python3.8/site-packages/airflow/example_dags/example_branch_operator.py
[2026-03-31T23:34:43.944+0000] {logging_mixin.py:188} INFO - [2026-03-31T23:34:43.943+0000] {dag.py:3036} INFO - Sync 1 DAGs
[2026-03-31T23:34:44.015+0000] {logging_mixin.py:188} INFO - [2026-03-31T23:34:44.014+0000] {dag.py:3823} INFO - Setting next_dagrun for example_branch_operator to 2026-03-30 00:00:00+00:00, run_after=2026-03-31 00:00:00+00:00
[2026-03-31T23:34:44.059+0000] {processor.py:183} INFO - Processing /home/airflow/.local/lib/python3.8/site-packages/airflow/example_dags/example_branch_operator.py took 0.277 seconds
[2026-03-31T23:35:14.411+0000] {processor.py:161} INFO - Started process (PID=2186) to work on /home/airflow/.local/lib/python3.8/site-packages/airflow/example_dags/example_branch_operator.py
[2026-03-31T23:35:14.413+0000] {processor.py:830} INFO - Processing file /home/airflow/.local/lib/python3.8/site-packages/airflow/example_dags/example_branch_operator.py for tasks to queue
[2026-03-31T23:35:14.416+0000] {logging_mixin.py:188} INFO - [2026-03-31T23:35:14.415+0000] {dagbag.py:538} INFO - Filling up the DagBag from /home/airflow/.local/lib/python3.8/site-packages/airflow/example_dags/example_branch_operator.py
[2026-03-31T23:35:14.446+0000] {processor.py:840} INFO - DAG(s) 'example_branch_operator' retrieved from /home/airflow/.local/lib/python3.8/site-packages/airflow/example_dags/example_branch_operator.py
[2026-03-31T23:35:14.501+0000] {logging_mixin.py:188} INFO - [2026-03-31T23:35:14.501+0000] {dag.py:3036} INFO - Sync 1 DAGs
[2026-03-31T23:35:14.529+0000] {logging_mixin.py:188} INFO - [2026-03-31T23:35:14.529+0000] {dag.py:3823} INFO - Setting next_dagrun for example_branch_operator to 2026-03-30 00:00:00+00:00, run_after=2026-03-31 00:00:00+00:00
[2026-03-31T23:35:14.557+0000] {processor.py:183} INFO - Processing /home/airflow/.local/lib/python3.8/site-packages/airflow/example_dags/example_branch_operator.py took 0.152 seconds
[2026-03-31T23:35:44.793+0000] {processor.py:161} INFO - Started process (PID=2243) to work on /home/airflow/.local/lib/python3.8/site-packages/airflow/example_dags/example_branch_operator.py
[2026-03-31T23:35:44.795+0000] {processor.py:830} INFO - Processing file /home/airflow/.local/lib/python3.8/site-packages/airflow/example_dags/example_branch_operator.py for tasks to queue
[2026-03-31T23:35:44.798+0000] {logging_mixin.py:188} INFO - [2026-03-31T23:35:44.797+0000] {dagbag.py:538} INFO - Filling up the DagBag from /home/airflow/.local/lib/python3.8/site-packages/airflow/example_dags/example_branch_operator.py
[2026-03-31T23:35:44.827+0000] {processor.py:840} INFO - DAG(s) 'example_branch_operator' retrieved from /home/airflow/.local/lib/python3.8/site-packages/airflow/example_dags/example_branch_operator.py
[2026-03-31T23:35:44.870+0000] {logging_mixin.py:188} INFO - [2026-03-31T23:35:44.869+0000] {dag.py:3036} INFO - Sync 1 DAGs
[2026-03-31T23:35:44.903+0000] {logging_mixin.py:188} INFO - [2026-03-31T23:35:44.902+0000] {dag.py:3823} INFO - Setting next_dagrun for example_branch_operator to 2026-03-30 00:00:00+00:00, run_after=2026-03-31 00:00:00+00:00
[2026-03-31T23:35:44.958+0000] {processor.py:183} INFO - Processing /home/airflow/.local/lib/python3.8/site-packages/airflow/example_dags/example_branch_operator.py took 0.170 seconds
[2026-03-31T23:36:18.854+0000] {processor.py:161} INFO - Started process (PID=2300) to work on /home/airflow/.local/lib/python3.8/site-packages/airflow/example_dags/example_branch_operator.py
[2026-03-31T23:36:18.855+0000] {processor.py:830} INFO - Processing file /home/airflow/.local/lib/python3.8/site-packages/airflow/example_dags/example_branch_operator.py for tasks to queue
[2026-03-31T23:36:18.859+0000] {logging_mixin.py:188} INFO - [2026-03-31T23:36:18.858+0000] {dagbag.py:538} INFO - Filling up the DagBag from /home/airflow/.local/lib/python3.8/site-packages/airflow/example_dags/example_branch_operator.py
[2026-03-31T23:36:18.889+0000] {processor.py:840} INFO - DAG(s) 'example_branch_operator' retrieved from /home/airflow/.local/lib/python3.8/site-packages/airflow/example_dags/example_branch_operator.py
[2026-03-31T23:36:18.923+0000] {logging_mixin.py:188} INFO - [2026-03-31T23:36:18.923+0000] {dag.py:3036} INFO - Sync 1 DAGs
[2026-03-31T23:36:18.951+0000] {logging_mixin.py:188} INFO - [2026-03-31T23:36:18.950+0000] {dag.py:3823} INFO - Setting next_dagrun for example_branch_operator to 2026-03-30 00:00:00+00:00, run_after=2026-03-31 00:00:00+00:00
[2026-03-31T23:36:19.119+0000] {processor.py:183} INFO - Processing /home/airflow/.local/lib/python3.8/site-packages/airflow/example_dags/example_branch_operator.py took 0.269 seconds
[2026-03-31T23:36:49.748+0000] {processor.py:161} INFO - Started process (PID=2363) to work on /home/airflow/.local/lib/python3.8/site-packages/airflow/example_dags/example_branch_operator.py
[2026-03-31T23:36:49.749+0000] {processor.py:830} INFO - Processing file /home/airflow/.local/lib/python3.8/site-packages/airflow/example_dags/example_branch_operator.py for tasks to queue
[2026-03-31T23:36:49.752+0000] {logging_mixin.py:188} INFO - [2026-03-31T23:36:49.752+0000] {dagbag.py:538} INFO - Filling up the DagBag from /home/airflow/.local/lib/python3.8/site-packages/airflow/example_dags/example_branch_operator.py
[2026-03-31T23:36:49.788+0000] {processor.py:840} INFO - DAG(s) 'example_branch_operator' retrieved from /home/airflow/.local/lib/python3.8/site-packages/airflow/example_dags/example_branch_operator.py
[2026-03-31T23:36:49.840+0000] {logging_mixin.py:188} INFO - [2026-03-31T23:36:49.840+0000] {dag.py:3036} INFO - Sync 1 DAGs
[2026-03-31T23:36:50.087+0000] {logging_mixin.py:188} INFO - [2026-03-31T23:36:50.087+0000] {dag.py:3823} INFO - Setting next_dagrun for example_branch_operator to 2026-03-30 00:00:00+00:00, run_after=2026-03-31 00:00:00+00:00
[2026-03-31T23:36:50.122+0000] {processor.py:183} INFO - Processing /home/airflow/.local/lib/python3.8/site-packages/airflow/example_dags/example_branch_operator.py took 0.379 seconds
[2026-03-31T23:37:20.324+0000] {processor.py:161} INFO - Started process (PID=2420) to work on /home/airflow/.local/lib/python3.8/site-packages/airflow/example_dags/example_branch_operator.py
[2026-03-31T23:37:20.326+0000] {processor.py:830} INFO - Processing file /home/airflow/.local/lib/python3.8/site-packages/airflow/example_dags/example_branch_operator.py for tasks to queue
[2026-03-31T23:37:20.331+0000] {logging_mixin.py:188} INFO - [2026-03-31T23:37:20.331+0000] {dagbag.py:538} INFO - Filling up the DagBag from /home/airflow/.local/lib/python3.8/site-packages/airflow/example_dags/example_branch_operator.py
[2026-03-31T23:37:20.368+0000] {processor.py:840} INFO - DAG(s) 'example_branch_operator' retrieved from /home/airflow/.local/lib/python3.8/site-packages/airflow/example_dags/example_branch_operator.py
[2026-03-31T23:37:20.404+0000] {logging_mixin.py:188} INFO - [2026-03-31T23:37:20.404+0000] {dag.py:3036} INFO - Sync 1 DAGs
[2026-03-31T23:37:20.459+0000] {logging_mixin.py:188} INFO - [2026-03-31T23:37:20.459+0000] {dag.py:3823} INFO - Setting next_dagrun for example_branch_operator to 2026-03-30 00:00:00+00:00, run_after=2026-03-31 00:00:00+00:00
[2026-03-31T23:37:20.774+0000] {processor.py:183} INFO - Processing /home/airflow/.local/lib/python3.8/site-packages/airflow/example_dags/example_branch_operator.py took 0.455 seconds
[2026-03-31T23:37:51.140+0000] {processor.py:161} INFO - Started process (PID=2478) to work on /home/airflow/.local/lib/python3.8/site-packages/airflow/example_dags/example_branch_operator.py
[2026-03-31T23:37:51.141+0000] {processor.py:830} INFO - Processing file /home/airflow/.local/lib/python3.8/site-packages/airflow/example_dags/example_branch_operator.py for tasks to queue
[2026-03-31T23:37:51.146+0000] {logging_mixin.py:188} INFO - [2026-03-31T23:37:51.144+0000] {dagbag.py:538} INFO - Filling up the DagBag from /home/airflow/.local/lib/python3.8/site-packages/airflow/example_dags/example_branch_operator.py
[2026-03-31T23:37:51.167+0000] {processor.py:840} INFO - DAG(s) 'example_branch_operator' retrieved from /home/airflow/.local/lib/python3.8/site-packages/airflow/example_dags/example_branch_operator.py
[2026-03-31T23:37:51.212+0000] {logging_mixin.py:188} INFO - [2026-03-31T23:37:51.211+0000] {dag.py:3036} INFO - Sync 1 DAGs
[2026-03-31T23:37:51.241+0000] {logging_mixin.py:188} INFO - [2026-03-31T23:37:51.240+0000] {dag.py:3823} INFO - Setting next_dagrun for example_branch_operator to 2026-03-30 00:00:00+00:00, run_after=2026-03-31 00:00:00+00:00
[2026-03-31T23:37:51.448+0000] {processor.py:183} INFO - Processing /home/airflow/.local/lib/python3.8/site-packages/airflow/example_dags/example_branch_operator.py took 0.314 seconds
[2026-03-31T23:38:21.674+0000] {processor.py:161} INFO - Started process (PID=2535) to work on /home/airflow/.local/lib/python3.8/site-packages/airflow/example_dags/example_branch_operator.py
[2026-03-31T23:38:21.675+0000] {processor.py:830} INFO - Processing file /home/airflow/.local/lib/python3.8/site-packages/airflow/example_dags/example_branch_operator.py for tasks to queue
[2026-03-31T23:38:21.679+0000] {logging_mixin.py:188} INFO - [2026-03-31T23:38:21.678+0000] {dagbag.py:538} INFO - Filling up the DagBag from /home/airflow/.local/lib/python3.8/site-packages/airflow/example_dags/example_branch_operator.py
[2026-03-31T23:38:21.700+0000] {processor.py:840} INFO - DAG(s) 'example_branch_operator' retrieved from /home/airflow/.local/lib/python3.8/site-packages/airflow/example_dags/example_branch_operator.py
[2026-03-31T23:38:21.748+0000] {logging_mixin.py:188} INFO - [2026-03-31T23:38:21.748+0000] {dag.py:3036} INFO - Sync 1 DAGs
[2026-03-31T23:38:21.785+0000] {logging_mixin.py:188} INFO - [2026-03-31T23:38:21.785+0000] {dag.py:3823} INFO - Setting next_dagrun for example_branch_operator to 2026-03-30 00:00:00+00:00, run_after=2026-03-31 00:00:00+00:00
[2026-03-31T23:38:22.008+0000] {processor.py:183} INFO - Processing /home/airflow/.local/lib/python3.8/site-packages/airflow/example_dags/example_branch_operator.py took 0.340 seconds
[2026-03-31T23:38:52.678+0000] {processor.py:161} INFO - Started process (PID=2591) to work on /home/airflow/.local/lib/python3.8/site-packages/airflow/example_dags/example_branch_operator.py
[2026-03-31T23:38:52.681+0000] {processor.py:830} INFO - Processing file /home/airflow/.local/lib/python3.8/site-packages/airflow/example_dags/example_branch_operator.py for tasks to queue
[2026-03-31T23:38:52.686+0000] {logging_mixin.py:188} INFO - [2026-03-31T23:38:52.686+0000] {dagbag.py:538} INFO - Filling up the DagBag from /home/airflow/.local/lib/python3.8/site-packages/airflow/example_dags/example_branch_operator.py
[2026-03-31T23:38:52.718+0000] {processor.py:840} INFO - DAG(s) 'example_branch_operator' retrieved from /home/airflow/.local/lib/python3.8/site-packages/airflow/example_dags/example_branch_operator.py
[2026-03-31T23:38:52.779+0000] {logging_mixin.py:188} INFO - [2026-03-31T23:38:52.779+0000] {dag.py:3036} INFO - Sync 1 DAGs
[2026-03-31T23:38:52.837+0000] {logging_mixin.py:188} INFO - [2026-03-31T23:38:52.836+0000] {dag.py:3823} INFO - Setting next_dagrun for example_branch_operator to 2026-03-30 00:00:00+00:00, run_after=2026-03-31 00:00:00+00:00
[2026-03-31T23:38:52.876+0000] {processor.py:183} INFO - Processing /home/airflow/.local/lib/python3.8/site-packages/airflow/example_dags/example_branch_operator.py took 0.206 seconds
[2026-03-31T23:39:23.295+0000] {processor.py:161} INFO - Started process (PID=2648) to work on /home/airflow/.local/lib/python3.8/site-packages/airflow/example_dags/example_branch_operator.py
[2026-03-31T23:39:23.300+0000] {processor.py:830} INFO - Processing file /home/airflow/.local/lib/python3.8/site-packages/airflow/example_dags/example_branch_operator.py for tasks to queue
[2026-03-31T23:39:23.305+0000] {logging_mixin.py:188} INFO - [2026-03-31T23:39:23.304+0000] {dagbag.py:538} INFO - Filling up the DagBag from /home/airflow/.local/lib/python3.8/site-packages/airflow/example_dags/example_branch_operator.py
[2026-03-31T23:39:23.356+0000] {processor.py:840} INFO - DAG(s) 'example_branch_operator' retrieved from /home/airflow/.local/lib/python3.8/site-packages/airflow/example_dags/example_branch_operator.py
[2026-03-31T23:39:23.428+0000] {logging_mixin.py:188} INFO - [2026-03-31T23:39:23.428+0000] {dag.py:3036} INFO - Sync 1 DAGs
[2026-03-31T23:39:23.485+0000] {logging_mixin.py:188} INFO - [2026-03-31T23:39:23.484+0000] {dag.py:3823} INFO - Setting next_dagrun for example_branch_operator to 2026-03-30 00:00:00+00:00, run_after=2026-03-31 00:00:00+00:00
[2026-03-31T23:39:23.553+0000] {processor.py:183} INFO - Processing /home/airflow/.local/lib/python3.8/site-packages/airflow/example_dags/example_branch_operator.py took 0.267 seconds
[2026-03-31T23:39:53.763+0000] {processor.py:161} INFO - Started process (PID=2705) to work on /home/airflow/.local/lib/python3.8/site-packages/airflow/example_dags/example_branch_operator.py
[2026-03-31T23:39:53.767+0000] {processor.py:830} INFO - Processing file /home/airflow/.local/lib/python3.8/site-packages/airflow/example_dags/example_branch_operator.py for tasks to queue
[2026-03-31T23:39:53.773+0000] {logging_mixin.py:188} INFO - [2026-03-31T23:39:53.772+0000] {dagbag.py:538} INFO - Filling up the DagBag from /home/airflow/.local/lib/python3.8/site-packages/airflow/example_dags/example_branch_operator.py
[2026-03-31T23:39:53.834+0000] {processor.py:840} INFO - DAG(s) 'example_branch_operator' retrieved from /home/airflow/.local/lib/python3.8/site-packages/airflow/example_dags/example_branch_operator.py
[2026-03-31T23:39:53.912+0000] {logging_mixin.py:188} INFO - [2026-03-31T23:39:53.911+0000] {dag.py:3036} INFO - Sync 1 DAGs
[2026-03-31T23:39:53.958+0000] {logging_mixin.py:188} INFO - [2026-03-31T23:39:53.958+0000] {dag.py:3823} INFO - Setting next_dagrun for example_branch_operator to 2026-03-30 00:00:00+00:00, run_after=2026-03-31 00:00:00+00:00
[2026-03-31T23:39:53.986+0000] {processor.py:183} INFO - Processing /home/airflow/.local/lib/python3.8/site-packages/airflow/example_dags/example_branch_operator.py took 0.235 seconds
[2026-03-31T23:40:24.749+0000] {processor.py:161} INFO - Started process (PID=2762) to work on /home/airflow/.local/lib/python3.8/site-packages/airflow/example_dags/example_branch_operator.py
[2026-03-31T23:40:24.751+0000] {processor.py:830} INFO - Processing file /home/airflow/.local/lib/python3.8/site-packages/airflow/example_dags/example_branch_operator.py for tasks to queue
[2026-03-31T23:40:24.756+0000] {logging_mixin.py:188} INFO - [2026-03-31T23:40:24.754+0000] {dagbag.py:538} INFO - Filling up the DagBag from /home/airflow/.local/lib/python3.8/site-packages/airflow/example_dags/example_branch_operator.py
[2026-03-31T23:40:24.782+0000] {processor.py:840} INFO - DAG(s) 'example_branch_operator' retrieved from /home/airflow/.local/lib/python3.8/site-packages/airflow/example_dags/example_branch_operator.py
[2026-03-31T23:40:24.829+0000] {logging_mixin.py:188} INFO - [2026-03-31T23:40:24.829+0000] {dag.py:3036} INFO - Sync 1 DAGs
[2026-03-31T23:40:24.906+0000] {logging_mixin.py:188} INFO - [2026-03-31T23:40:24.905+0000] {dag.py:3823} INFO - Setting next_dagrun for example_branch_operator to 2026-03-30 00:00:00+00:00, run_after=2026-03-31 00:00:00+00:00
[2026-03-31T23:40:24.970+0000] {processor.py:183} INFO - Processing /home/airflow/.local/lib/python3.8/site-packages/airflow/example_dags/example_branch_operator.py took 0.226 seconds
[2026-03-31T23:40:55.195+0000] {processor.py:161} INFO - Started process (PID=2819) to work on /home/airflow/.local/lib/python3.8/site-packages/airflow/example_dags/example_branch_operator.py
[2026-03-31T23:40:55.198+0000] {processor.py:830} INFO - Processing file /home/airflow/.local/lib/python3.8/site-packages/airflow/example_dags/example_branch_operator.py for tasks to queue
[2026-03-31T23:40:55.204+0000] {logging_mixin.py:188} INFO - [2026-03-31T23:40:55.203+0000] {dagbag.py:538} INFO - Filling up the DagBag from /home/airflow/.local/lib/python3.8/site-packages/airflow/example_dags/example_branch_operator.py
[2026-03-31T23:40:55.248+0000] {processor.py:840} INFO - DAG(s) 'example_branch_operator' retrieved from /home/airflow/.local/lib/python3.8/site-packages/airflow/example_dags/example_branch_operator.py
[2026-03-31T23:40:55.323+0000] {logging_mixin.py:188} INFO - [2026-03-31T23:40:55.322+0000] {dag.py:3036} INFO - Sync 1 DAGs
[2026-03-31T23:40:55.386+0000] {logging_mixin.py:188} INFO - [2026-03-31T23:40:55.386+0000] {dag.py:3823} INFO - Setting next_dagrun for example_branch_operator to 2026-03-30 00:00:00+00:00, run_after=2026-03-31 00:00:00+00:00
[2026-03-31T23:40:55.441+0000] {processor.py:183} INFO - Processing /home/airflow/.local/lib/python3.8/site-packages/airflow/example_dags/example_branch_operator.py took 0.254 seconds
[2026-03-31T23:41:25.901+0000] {processor.py:161} INFO - Started process (PID=2876) to work on /home/airflow/.local/lib/python3.8/site-packages/airflow/example_dags/example_branch_operator.py
[2026-03-31T23:41:25.903+0000] {processor.py:830} INFO - Processing file /home/airflow/.local/lib/python3.8/site-packages/airflow/example_dags/example_branch_operator.py for tasks to queue
[2026-03-31T23:41:25.906+0000] {logging_mixin.py:188} INFO - [2026-03-31T23:41:25.906+0000] {dagbag.py:538} INFO - Filling up the DagBag from /home/airflow/.local/lib/python3.8/site-packages/airflow/example_dags/example_branch_operator.py
[2026-03-31T23:41:25.929+0000] {processor.py:840} INFO - DAG(s) 'example_branch_operator' retrieved from /home/airflow/.local/lib/python3.8/site-packages/airflow/example_dags/example_branch_operator.py
[2026-03-31T23:41:25.965+0000] {logging_mixin.py:188} INFO - [2026-03-31T23:41:25.964+0000] {dag.py:3036} INFO - Sync 1 DAGs
[2026-03-31T23:41:25.990+0000] {logging_mixin.py:188} INFO - [2026-03-31T23:41:25.990+0000] {dag.py:3823} INFO - Setting next_dagrun for example_branch_operator to 2026-03-30 00:00:00+00:00, run_after=2026-03-31 00:00:00+00:00
[2026-03-31T23:41:26.025+0000] {processor.py:183} INFO - Processing /home/airflow/.local/lib/python3.8/site-packages/airflow/example_dags/example_branch_operator.py took 0.128 seconds
[2026-03-31T23:41:56.532+0000] {processor.py:161} INFO - Started process (PID=2933) to work on /home/airflow/.local/lib/python3.8/site-packages/airflow/example_dags/example_branch_operator.py
[2026-03-31T23:41:56.534+0000] {processor.py:830} INFO - Processing file /home/airflow/.local/lib/python3.8/site-packages/airflow/example_dags/example_branch_operator.py for tasks to queue
[2026-03-31T23:41:56.539+0000] {logging_mixin.py:188} INFO - [2026-03-31T23:41:56.538+0000] {dagbag.py:538} INFO - Filling up the DagBag from /home/airflow/.local/lib/python3.8/site-packages/airflow/example_dags/example_branch_operator.py
[2026-03-31T23:41:56.579+0000] {processor.py:840} INFO - DAG(s) 'example_branch_operator' retrieved from /home/airflow/.local/lib/python3.8/site-packages/airflow/example_dags/example_branch_operator.py
[2026-03-31T23:41:56.621+0000] {logging_mixin.py:188} INFO - [2026-03-31T23:41:56.620+0000] {dag.py:3036} INFO - Sync 1 DAGs
[2026-03-31T23:41:56.659+0000] {logging_mixin.py:188} INFO - [2026-03-31T23:41:56.659+0000] {dag.py:3823} INFO - Setting next_dagrun for example_branch_operator to 2026-03-30 00:00:00+00:00, run_after=2026-03-31 00:00:00+00:00
[2026-03-31T23:41:56.706+0000] {processor.py:183} INFO - Processing /home/airflow/.local/lib/python3.8/site-packages/airflow/example_dags/example_branch_operator.py took 0.180 seconds
[2026-03-31T23:42:27.291+0000] {processor.py:161} INFO - Started process (PID=2990) to work on /home/airflow/.local/lib/python3.8/site-packages/airflow/example_dags/example_branch_operator.py
[2026-03-31T23:42:27.293+0000] {processor.py:830} INFO - Processing file /home/airflow/.local/lib/python3.8/site-packages/airflow/example_dags/example_branch_operator.py for tasks to queue
[2026-03-31T23:42:27.298+0000] {logging_mixin.py:188} INFO - [2026-03-31T23:42:27.297+0000] {dagbag.py:538} INFO - Filling up the DagBag from /home/airflow/.local/lib/python3.8/site-packages/airflow/example_dags/example_branch_operator.py
[2026-03-31T23:42:27.328+0000] {processor.py:840} INFO - DAG(s) 'example_branch_operator' retrieved from /home/airflow/.local/lib/python3.8/site-packages/airflow/example_dags/example_branch_operator.py
[2026-03-31T23:42:27.373+0000] {logging_mixin.py:188} INFO - [2026-03-31T23:42:27.372+0000] {dag.py:3036} INFO - Sync 1 DAGs
[2026-03-31T23:42:27.415+0000] {logging_mixin.py:188} INFO - [2026-03-31T23:42:27.414+0000] {dag.py:3823} INFO - Setting next_dagrun for example_branch_operator to 2026-03-30 00:00:00+00:00, run_after=2026-03-31 00:00:00+00:00
[2026-03-31T23:42:27.453+0000] {processor.py:183} INFO - Processing /home/airflow/.local/lib/python3.8/site-packages/airflow/example_dags/example_branch_operator.py took 0.167 seconds
[2026-03-31T23:42:57.894+0000] {processor.py:161} INFO - Started process (PID=3047) to work on /home/airflow/.local/lib/python3.8/site-packages/airflow/example_dags/example_branch_operator.py
[2026-03-31T23:42:57.897+0000] {processor.py:830} INFO - Processing file /home/airflow/.local/lib/python3.8/site-packages/airflow/example_dags/example_branch_operator.py for tasks to queue
[2026-03-31T23:42:57.903+0000] {logging_mixin.py:188} INFO - [2026-03-31T23:42:57.902+0000] {dagbag.py:538} INFO - Filling up the DagBag from /home/airflow/.local/lib/python3.8/site-packages/airflow/example_dags/example_branch_operator.py
[2026-03-31T23:42:57.948+0000] {processor.py:840} INFO - DAG(s) 'example_branch_operator' retrieved from /home/airflow/.local/lib/python3.8/site-packages/airflow/example_dags/example_branch_operator.py
[2026-03-31T23:42:57.984+0000] {logging_mixin.py:188} INFO - [2026-03-31T23:42:57.984+0000] {dag.py:3036} INFO - Sync 1 DAGs
[2026-03-31T23:42:58.017+0000] {logging_mixin.py:188} INFO - [2026-03-31T23:42:58.017+0000] {dag.py:3823} INFO - Setting next_dagrun for example_branch_operator to 2026-03-30 00:00:00+00:00, run_after=2026-03-31 00:00:00+00:00
[2026-03-31T23:42:58.047+0000] {processor.py:183} INFO - Processing /home/airflow/.local/lib/python3.8/site-packages/airflow/example_dags/example_branch_operator.py took 0.162 seconds
[2026-03-31T23:43:28.841+0000] {processor.py:161} INFO - Started process (PID=3104) to work on /home/airflow/.local/lib/python3.8/site-packages/airflow/example_dags/example_branch_operator.py
[2026-03-31T23:43:28.844+0000] {processor.py:830} INFO - Processing file /home/airflow/.local/lib/python3.8/site-packages/airflow/example_dags/example_branch_operator.py for tasks to queue
[2026-03-31T23:43:28.851+0000] {logging_mixin.py:188} INFO - [2026-03-31T23:43:28.850+0000] {dagbag.py:538} INFO - Filling up the DagBag from /home/airflow/.local/lib/python3.8/site-packages/airflow/example_dags/example_branch_operator.py
[2026-03-31T23:43:28.911+0000] {processor.py:840} INFO - DAG(s) 'example_branch_operator' retrieved from /home/airflow/.local/lib/python3.8/site-packages/airflow/example_dags/example_branch_operator.py
[2026-03-31T23:43:28.960+0000] {logging_mixin.py:188} INFO - [2026-03-31T23:43:28.959+0000] {dag.py:3036} INFO - Sync 1 DAGs
[2026-03-31T23:43:28.998+0000] {logging_mixin.py:188} INFO - [2026-03-31T23:43:28.998+0000] {dag.py:3823} INFO - Setting next_dagrun for example_branch_operator to 2026-03-30 00:00:00+00:00, run_after=2026-03-31 00:00:00+00:00
[2026-03-31T23:43:29.025+0000] {processor.py:183} INFO - Processing /home/airflow/.local/lib/python3.8/site-packages/airflow/example_dags/example_branch_operator.py took 0.199 seconds
[2026-03-31T23:43:59.248+0000] {processor.py:161} INFO - Started process (PID=3162) to work on /home/airflow/.local/lib/python3.8/site-packages/airflow/example_dags/example_branch_operator.py
[2026-03-31T23:43:59.250+0000] {processor.py:830} INFO - Processing file /home/airflow/.local/lib/python3.8/site-packages/airflow/example_dags/example_branch_operator.py for tasks to queue
[2026-03-31T23:43:59.253+0000] {logging_mixin.py:188} INFO - [2026-03-31T23:43:59.253+0000] {dagbag.py:538} INFO - Filling up the DagBag from /home/airflow/.local/lib/python3.8/site-packages/airflow/example_dags/example_branch_operator.py
[2026-03-31T23:43:59.274+0000] {processor.py:840} INFO - DAG(s) 'example_branch_operator' retrieved from /home/airflow/.local/lib/python3.8/site-packages/airflow/example_dags/example_branch_operator.py
[2026-03-31T23:43:59.317+0000] {logging_mixin.py:188} INFO - [2026-03-31T23:43:59.317+0000] {dag.py:3036} INFO - Sync 1 DAGs
[2026-03-31T23:43:59.346+0000] {logging_mixin.py:188} INFO - [2026-03-31T23:43:59.346+0000] {dag.py:3823} INFO - Setting next_dagrun for example_branch_operator to 2026-03-30 00:00:00+00:00, run_after=2026-03-31 00:00:00+00:00
[2026-03-31T23:43:59.375+0000] {processor.py:183} INFO - Processing /home/airflow/.local/lib/python3.8/site-packages/airflow/example_dags/example_branch_operator.py took 0.131 seconds
[2026-03-31T23:44:29.750+0000] {processor.py:161} INFO - Started process (PID=3219) to work on /home/airflow/.local/lib/python3.8/site-packages/airflow/example_dags/example_branch_operator.py
[2026-03-31T23:44:29.752+0000] {processor.py:830} INFO - Processing file /home/airflow/.local/lib/python3.8/site-packages/airflow/example_dags/example_branch_operator.py for tasks to queue
[2026-03-31T23:44:29.755+0000] {logging_mixin.py:188} INFO - [2026-03-31T23:44:29.755+0000] {dagbag.py:538} INFO - Filling up the DagBag from /home/airflow/.local/lib/python3.8/site-packages/airflow/example_dags/example_branch_operator.py
[2026-03-31T23:44:29.780+0000] {processor.py:840} INFO - DAG(s) 'example_branch_operator' retrieved from /home/airflow/.local/lib/python3.8/site-packages/airflow/example_dags/example_branch_operator.py
[2026-03-31T23:44:29.817+0000] {logging_mixin.py:188} INFO - [2026-03-31T23:44:29.816+0000] {dag.py:3036} INFO - Sync 1 DAGs
[2026-03-31T23:44:29.844+0000] {logging_mixin.py:188} INFO - [2026-03-31T23:44:29.844+0000] {dag.py:3823} INFO - Setting next_dagrun for example_branch_operator to 2026-03-30 00:00:00+00:00, run_after=2026-03-31 00:00:00+00:00
[2026-03-31T23:44:29.873+0000] {processor.py:183} INFO - Processing /home/airflow/.local/lib/python3.8/site-packages/airflow/example_dags/example_branch_operator.py took 0.127 seconds
[2026-03-31T23:45:00.362+0000] {processor.py:161} INFO - Started process (PID=3276) to work on /home/airflow/.local/lib/python3.8/site-packages/airflow/example_dags/example_branch_operator.py
[2026-03-31T23:45:00.364+0000] {processor.py:830} INFO - Processing file /home/airflow/.local/lib/python3.8/site-packages/airflow/example_dags/example_branch_operator.py for tasks to queue
[2026-03-31T23:45:00.369+0000] {logging_mixin.py:188} INFO - [2026-03-31T23:45:00.369+0000] {dagbag.py:538} INFO - Filling up the DagBag from /home/airflow/.local/lib/python3.8/site-packages/airflow/example_dags/example_branch_operator.py
[2026-03-31T23:45:00.427+0000] {processor.py:840} INFO - DAG(s) 'example_branch_operator' retrieved from /home/airflow/.local/lib/python3.8/site-packages/airflow/example_dags/example_branch_operator.py
[2026-03-31T23:45:00.502+0000] {logging_mixin.py:188} INFO - [2026-03-31T23:45:00.501+0000] {dag.py:3036} INFO - Sync 1 DAGs
[2026-03-31T23:45:00.568+0000] {logging_mixin.py:188} INFO - [2026-03-31T23:45:00.567+0000] {dag.py:3823} INFO - Setting next_dagrun for example_branch_operator to 2026-03-30 00:00:00+00:00, run_after=2026-03-31 00:00:00+00:00
[2026-03-31T23:45:00.628+0000] {processor.py:183} INFO - Processing /home/airflow/.local/lib/python3.8/site-packages/airflow/example_dags/example_branch_operator.py took 0.272 seconds
[2026-03-31T23:45:30.810+0000] {processor.py:161} INFO - Started process (PID=3333) to work on /home/airflow/.local/lib/python3.8/site-packages/airflow/example_dags/example_branch_operator.py
[2026-03-31T23:45:30.813+0000] {processor.py:830} INFO - Processing file /home/airflow/.local/lib/python3.8/site-packages/airflow/example_dags/example_branch_operator.py for tasks to queue
[2026-03-31T23:45:30.817+0000] {logging_mixin.py:188} INFO - [2026-03-31T23:45:30.816+0000] {dagbag.py:538} INFO - Filling up the DagBag from /home/airflow/.local/lib/python3.8/site-packages/airflow/example_dags/example_branch_operator.py
[2026-03-31T23:45:30.854+0000] {processor.py:840} INFO - DAG(s) 'example_branch_operator' retrieved from /home/airflow/.local/lib/python3.8/site-packages/airflow/example_dags/example_branch_operator.py
[2026-03-31T23:45:30.918+0000] {logging_mixin.py:188} INFO - [2026-03-31T23:45:30.917+0000] {dag.py:3036} INFO - Sync 1 DAGs
[2026-03-31T23:45:30.963+0000] {logging_mixin.py:188} INFO - [2026-03-31T23:45:30.962+0000] {dag.py:3823} INFO - Setting next_dagrun for example_branch_operator to 2026-03-30 00:00:00+00:00, run_after=2026-03-31 00:00:00+00:00
[2026-03-31T23:45:31.015+0000] {processor.py:183} INFO - Processing /home/airflow/.local/lib/python3.8/site-packages/airflow/example_dags/example_branch_operator.py took 0.212 seconds
[2026-03-31T23:46:01.312+0000] {processor.py:161} INFO - Started process (PID=3390) to work on /home/airflow/.local/lib/python3.8/site-packages/airflow/example_dags/example_branch_operator.py
[2026-03-31T23:46:01.315+0000] {processor.py:830} INFO - Processing file /home/airflow/.local/lib/python3.8/site-packages/airflow/example_dags/example_branch_operator.py for tasks to queue
[2026-03-31T23:46:01.320+0000] {logging_mixin.py:188} INFO - [2026-03-31T23:46:01.319+0000] {dagbag.py:538} INFO - Filling up the DagBag from /home/airflow/.local/lib/python3.8/site-packages/airflow/example_dags/example_branch_operator.py
[2026-03-31T23:46:01.371+0000] {processor.py:840} INFO - DAG(s) 'example_branch_operator' retrieved from /home/airflow/.local/lib/python3.8/site-packages/airflow/example_dags/example_branch_operator.py
[2026-03-31T23:46:01.442+0000] {logging_mixin.py:188} INFO - [2026-03-31T23:46:01.441+0000] {dag.py:3036} INFO - Sync 1 DAGs
[2026-03-31T23:46:01.501+0000] {logging_mixin.py:188} INFO - [2026-03-31T23:46:01.501+0000] {dag.py:3823} INFO - Setting next_dagrun for example_branch_operator to 2026-03-30 00:00:00+00:00, run_after=2026-03-31 00:00:00+00:00
[2026-03-31T23:46:01.552+0000] {processor.py:183} INFO - Processing /home/airflow/.local/lib/python3.8/site-packages/airflow/example_dags/example_branch_operator.py took 0.253 seconds
[2026-03-31T23:46:32.036+0000] {processor.py:161} INFO - Started process (PID=3447) to work on /home/airflow/.local/lib/python3.8/site-packages/airflow/example_dags/example_branch_operator.py
[2026-03-31T23:46:32.039+0000] {processor.py:830} INFO - Processing file /home/airflow/.local/lib/python3.8/site-packages/airflow/example_dags/example_branch_operator.py for tasks to queue
[2026-03-31T23:46:32.045+0000] {logging_mixin.py:188} INFO - [2026-03-31T23:46:32.044+0000] {dagbag.py:538} INFO - Filling up the DagBag from /home/airflow/.local/lib/python3.8/site-packages/airflow/example_dags/example_branch_operator.py
[2026-03-31T23:46:32.083+0000] {processor.py:840} INFO - DAG(s) 'example_branch_operator' retrieved from /home/airflow/.local/lib/python3.8/site-packages/airflow/example_dags/example_branch_operator.py
[2026-03-31T23:46:32.141+0000] {logging_mixin.py:188} INFO - [2026-03-31T23:46:32.140+0000] {dag.py:3036} INFO - Sync 1 DAGs
[2026-03-31T23:46:32.210+0000] {logging_mixin.py:188} INFO - [2026-03-31T23:46:32.209+0000] {dag.py:3823} INFO - Setting next_dagrun for example_branch_operator to 2026-03-30 00:00:00+00:00, run_after=2026-03-31 00:00:00+00:00
[2026-03-31T23:46:32.262+0000] {processor.py:183} INFO - Processing /home/airflow/.local/lib/python3.8/site-packages/airflow/example_dags/example_branch_operator.py took 0.234 seconds
[2026-03-31T23:47:03.307+0000] {processor.py:161} INFO - Started process (PID=3504) to work on /home/airflow/.local/lib/python3.8/site-packages/airflow/example_dags/example_branch_operator.py
[2026-03-31T23:47:03.309+0000] {processor.py:830} INFO - Processing file /home/airflow/.local/lib/python3.8/site-packages/airflow/example_dags/example_branch_operator.py for tasks to queue
[2026-03-31T23:47:03.311+0000] {logging_mixin.py:188} INFO - [2026-03-31T23:47:03.311+0000] {dagbag.py:538} INFO - Filling up the DagBag from /home/airflow/.local/lib/python3.8/site-packages/airflow/example_dags/example_branch_operator.py
[2026-03-31T23:47:03.335+0000] {processor.py:840} INFO - DAG(s) 'example_branch_operator' retrieved from /home/airflow/.local/lib/python3.8/site-packages/airflow/example_dags/example_branch_operator.py
[2026-03-31T23:47:03.377+0000] {logging_mixin.py:188} INFO - [2026-03-31T23:47:03.377+0000] {dag.py:3036} INFO - Sync 1 DAGs
[2026-03-31T23:47:03.417+0000] {logging_mixin.py:188} INFO - [2026-03-31T23:47:03.417+0000] {dag.py:3823} INFO - Setting next_dagrun for example_branch_operator to 2026-03-30 00:00:00+00:00, run_after=2026-03-31 00:00:00+00:00
[2026-03-31T23:47:03.450+0000] {processor.py:183} INFO - Processing /home/airflow/.local/lib/python3.8/site-packages/airflow/example_dags/example_branch_operator.py took 0.148 seconds
[2026-03-31T23:47:33.706+0000] {processor.py:161} INFO - Started process (PID=3561) to work on /home/airflow/.local/lib/python3.8/site-packages/airflow/example_dags/example_branch_operator.py
[2026-03-31T23:47:33.708+0000] {processor.py:830} INFO - Processing file /home/airflow/.local/lib/python3.8/site-packages/airflow/example_dags/example_branch_operator.py for tasks to queue
[2026-03-31T23:47:33.710+0000] {logging_mixin.py:188} INFO - [2026-03-31T23:47:33.710+0000] {dagbag.py:538} INFO - Filling up the DagBag from /home/airflow/.local/lib/python3.8/site-packages/airflow/example_dags/example_branch_operator.py
[2026-03-31T23:47:33.737+0000] {processor.py:840} INFO - DAG(s) 'example_branch_operator' retrieved from /home/airflow/.local/lib/python3.8/site-packages/airflow/example_dags/example_branch_operator.py
[2026-03-31T23:47:33.784+0000] {logging_mixin.py:188} INFO - [2026-03-31T23:47:33.784+0000] {dag.py:3036} INFO - Sync 1 DAGs
[2026-03-31T23:47:33.818+0000] {logging_mixin.py:188} INFO - [2026-03-31T23:47:33.818+0000] {dag.py:3823} INFO - Setting next_dagrun for example_branch_operator to 2026-03-30 00:00:00+00:00, run_after=2026-03-31 00:00:00+00:00
[2026-03-31T23:47:33.851+0000] {processor.py:183} INFO - Processing /home/airflow/.local/lib/python3.8/site-packages/airflow/example_dags/example_branch_operator.py took 0.151 seconds
[2026-03-31T23:48:03.926+0000] {processor.py:161} INFO - Started process (PID=3618) to work on /home/airflow/.local/lib/python3.8/site-packages/airflow/example_dags/example_branch_operator.py
[2026-03-31T23:48:03.928+0000] {processor.py:830} INFO - Processing file /home/airflow/.local/lib/python3.8/site-packages/airflow/example_dags/example_branch_operator.py for tasks to queue
[2026-03-31T23:48:03.930+0000] {logging_mixin.py:188} INFO - [2026-03-31T23:48:03.930+0000] {dagbag.py:538} INFO - Filling up the DagBag from /home/airflow/.local/lib/python3.8/site-packages/airflow/example_dags/example_branch_operator.py
[2026-03-31T23:48:03.952+0000] {processor.py:840} INFO - DAG(s) 'example_branch_operator' retrieved from /home/airflow/.local/lib/python3.8/site-packages/airflow/example_dags/example_branch_operator.py
[2026-03-31T23:48:03.988+0000] {logging_mixin.py:188} INFO - [2026-03-31T23:48:03.988+0000] {dag.py:3036} INFO - Sync 1 DAGs
[2026-03-31T23:48:04.018+0000] {logging_mixin.py:188} INFO - [2026-03-31T23:48:04.017+0000] {dag.py:3823} INFO - Setting next_dagrun for example_branch_operator to 2026-03-30 00:00:00+00:00, run_after=2026-03-31 00:00:00+00:00
[2026-03-31T23:48:04.062+0000] {processor.py:183} INFO - Processing /home/airflow/.local/lib/python3.8/site-packages/airflow/example_dags/example_branch_operator.py took 0.140 seconds
[2026-03-31T23:48:34.220+0000] {processor.py:161} INFO - Started process (PID=3675) to work on /home/airflow/.local/lib/python3.8/site-packages/airflow/example_dags/example_branch_operator.py
[2026-03-31T23:48:34.224+0000] {processor.py:830} INFO - Processing file /home/airflow/.local/lib/python3.8/site-packages/airflow/example_dags/example_branch_operator.py for tasks to queue
[2026-03-31T23:48:34.230+0000] {logging_mixin.py:188} INFO - [2026-03-31T23:48:34.229+0000] {dagbag.py:538} INFO - Filling up the DagBag from /home/airflow/.local/lib/python3.8/site-packages/airflow/example_dags/example_branch_operator.py
[2026-03-31T23:48:34.266+0000] {processor.py:840} INFO - DAG(s) 'example_branch_operator' retrieved from /home/airflow/.local/lib/python3.8/site-packages/airflow/example_dags/example_branch_operator.py
[2026-03-31T23:48:34.318+0000] {logging_mixin.py:188} INFO - [2026-03-31T23:48:34.318+0000] {dag.py:3036} INFO - Sync 1 DAGs
[2026-03-31T23:48:34.361+0000] {logging_mixin.py:188} INFO - [2026-03-31T23:48:34.361+0000] {dag.py:3823} INFO - Setting next_dagrun for example_branch_operator to 2026-03-30 00:00:00+00:00, run_after=2026-03-31 00:00:00+00:00
[2026-03-31T23:48:34.394+0000] {processor.py:183} INFO - Processing /home/airflow/.local/lib/python3.8/site-packages/airflow/example_dags/example_branch_operator.py took 0.184 seconds
[2026-03-31T23:49:04.642+0000] {processor.py:161} INFO - Started process (PID=3732) to work on /home/airflow/.local/lib/python3.8/site-packages/airflow/example_dags/example_branch_operator.py
[2026-03-31T23:49:04.644+0000] {processor.py:830} INFO - Processing file /home/airflow/.local/lib/python3.8/site-packages/airflow/example_dags/example_branch_operator.py for tasks to queue
[2026-03-31T23:49:04.647+0000] {logging_mixin.py:188} INFO - [2026-03-31T23:49:04.647+0000] {dagbag.py:538} INFO - Filling up the DagBag from /home/airflow/.local/lib/python3.8/site-packages/airflow/example_dags/example_branch_operator.py
[2026-03-31T23:49:04.671+0000] {processor.py:840} INFO - DAG(s) 'example_branch_operator' retrieved from /home/airflow/.local/lib/python3.8/site-packages/airflow/example_dags/example_branch_operator.py
[2026-03-31T23:49:04.707+0000] {logging_mixin.py:188} INFO - [2026-03-31T23:49:04.706+0000] {dag.py:3036} INFO - Sync 1 DAGs
[2026-03-31T23:49:04.741+0000] {logging_mixin.py:188} INFO - [2026-03-31T23:49:04.741+0000] {dag.py:3823} INFO - Setting next_dagrun for example_branch_operator to 2026-03-30 00:00:00+00:00, run_after=2026-03-31 00:00:00+00:00
[2026-03-31T23:49:04.776+0000] {processor.py:183} INFO - Processing /home/airflow/.local/lib/python3.8/site-packages/airflow/example_dags/example_branch_operator.py took 0.139 seconds
[2026-03-31T23:49:35.174+0000] {processor.py:161} INFO - Started process (PID=3789) to work on /home/airflow/.local/lib/python3.8/site-packages/airflow/example_dags/example_branch_operator.py
[2026-03-31T23:49:35.176+0000] {processor.py:830} INFO - Processing file /home/airflow/.local/lib/python3.8/site-packages/airflow/example_dags/example_branch_operator.py for tasks to queue
[2026-03-31T23:49:35.179+0000] {logging_mixin.py:188} INFO - [2026-03-31T23:49:35.178+0000] {dagbag.py:538} INFO - Filling up the DagBag from /home/airflow/.local/lib/python3.8/site-packages/airflow/example_dags/example_branch_operator.py
[2026-03-31T23:49:35.223+0000] {processor.py:840} INFO - DAG(s) 'example_branch_operator' retrieved from /home/airflow/.local/lib/python3.8/site-packages/airflow/example_dags/example_branch_operator.py
[2026-03-31T23:49:35.301+0000] {logging_mixin.py:188} INFO - [2026-03-31T23:49:35.300+0000] {dag.py:3036} INFO - Sync 1 DAGs
[2026-03-31T23:49:35.365+0000] {logging_mixin.py:188} INFO - [2026-03-31T23:49:35.365+0000] {dag.py:3823} INFO - Setting next_dagrun for example_branch_operator to 2026-03-30 00:00:00+00:00, run_after=2026-03-31 00:00:00+00:00
[2026-03-31T23:49:35.420+0000] {processor.py:183} INFO - Processing /home/airflow/.local/lib/python3.8/site-packages/airflow/example_dags/example_branch_operator.py took 0.251 seconds
[2026-03-31T23:50:05.892+0000] {processor.py:161} INFO - Started process (PID=3846) to work on /home/airflow/.local/lib/python3.8/site-packages/airflow/example_dags/example_branch_operator.py
[2026-03-31T23:50:05.894+0000] {processor.py:830} INFO - Processing file /home/airflow/.local/lib/python3.8/site-packages/airflow/example_dags/example_branch_operator.py for tasks to queue
[2026-03-31T23:50:05.896+0000] {logging_mixin.py:188} INFO - [2026-03-31T23:50:05.896+0000] {dagbag.py:538} INFO - Filling up the DagBag from /home/airflow/.local/lib/python3.8/site-packages/airflow/example_dags/example_branch_operator.py
[2026-03-31T23:50:05.921+0000] {processor.py:840} INFO - DAG(s) 'example_branch_operator' retrieved from /home/airflow/.local/lib/python3.8/site-packages/airflow/example_dags/example_branch_operator.py
[2026-03-31T23:50:05.993+0000] {logging_mixin.py:188} INFO - [2026-03-31T23:50:05.993+0000] {dag.py:3036} INFO - Sync 1 DAGs
[2026-03-31T23:50:06.070+0000] {logging_mixin.py:188} INFO - [2026-03-31T23:50:06.070+0000] {dag.py:3823} INFO - Setting next_dagrun for example_branch_operator to 2026-03-30 00:00:00+00:00, run_after=2026-03-31 00:00:00+00:00
[2026-03-31T23:50:06.138+0000] {processor.py:183} INFO - Processing /home/airflow/.local/lib/python3.8/site-packages/airflow/example_dags/example_branch_operator.py took 0.251 seconds
[2026-03-31T23:50:37.013+0000] {processor.py:161} INFO - Started process (PID=3903) to work on /home/airflow/.local/lib/python3.8/site-packages/airflow/example_dags/example_branch_operator.py
[2026-03-31T23:50:37.015+0000] {processor.py:830} INFO - Processing file /home/airflow/.local/lib/python3.8/site-packages/airflow/example_dags/example_branch_operator.py for tasks to queue
[2026-03-31T23:50:37.020+0000] {logging_mixin.py:188} INFO - [2026-03-31T23:50:37.019+0000] {dagbag.py:538} INFO - Filling up the DagBag from /home/airflow/.local/lib/python3.8/site-packages/airflow/example_dags/example_branch_operator.py
[2026-03-31T23:50:37.043+0000] {processor.py:840} INFO - DAG(s) 'example_branch_operator' retrieved from /home/airflow/.local/lib/python3.8/site-packages/airflow/example_dags/example_branch_operator.py
[2026-03-31T23:50:37.102+0000] {logging_mixin.py:188} INFO - [2026-03-31T23:50:37.102+0000] {dag.py:3036} INFO - Sync 1 DAGs
[2026-03-31T23:50:37.184+0000] {logging_mixin.py:188} INFO - [2026-03-31T23:50:37.183+0000] {dag.py:3823} INFO - Setting next_dagrun for example_branch_operator to 2026-03-30 00:00:00+00:00, run_after=2026-03-31 00:00:00+00:00
[2026-03-31T23:50:37.239+0000] {processor.py:183} INFO - Processing /home/airflow/.local/lib/python3.8/site-packages/airflow/example_dags/example_branch_operator.py took 0.231 seconds
[2026-03-31T23:51:08.030+0000] {processor.py:161} INFO - Started process (PID=3960) to work on /home/airflow/.local/lib/python3.8/site-packages/airflow/example_dags/example_branch_operator.py
[2026-03-31T23:51:08.032+0000] {processor.py:830} INFO - Processing file /home/airflow/.local/lib/python3.8/site-packages/airflow/example_dags/example_branch_operator.py for tasks to queue
[2026-03-31T23:51:08.036+0000] {logging_mixin.py:188} INFO - [2026-03-31T23:51:08.035+0000] {dagbag.py:538} INFO - Filling up the DagBag from /home/airflow/.local/lib/python3.8/site-packages/airflow/example_dags/example_branch_operator.py
[2026-03-31T23:51:08.060+0000] {processor.py:840} INFO - DAG(s) 'example_branch_operator' retrieved from /home/airflow/.local/lib/python3.8/site-packages/airflow/example_dags/example_branch_operator.py
[2026-03-31T23:51:08.097+0000] {logging_mixin.py:188} INFO - [2026-03-31T23:51:08.097+0000] {dag.py:3036} INFO - Sync 1 DAGs
[2026-03-31T23:51:08.128+0000] {logging_mixin.py:188} INFO - [2026-03-31T23:51:08.128+0000] {dag.py:3823} INFO - Setting next_dagrun for example_branch_operator to 2026-03-30 00:00:00+00:00, run_after=2026-03-31 00:00:00+00:00
[2026-03-31T23:51:08.159+0000] {processor.py:183} INFO - Processing /home/airflow/.local/lib/python3.8/site-packages/airflow/example_dags/example_branch_operator.py took 0.136 seconds
[2026-03-31T23:51:38.690+0000] {processor.py:161} INFO - Started process (PID=4017) to work on /home/airflow/.local/lib/python3.8/site-packages/airflow/example_dags/example_branch_operator.py
[2026-03-31T23:51:38.692+0000] {processor.py:830} INFO - Processing file /home/airflow/.local/lib/python3.8/site-packages/airflow/example_dags/example_branch_operator.py for tasks to queue
[2026-03-31T23:51:38.695+0000] {logging_mixin.py:188} INFO - [2026-03-31T23:51:38.695+0000] {dagbag.py:538} INFO - Filling up the DagBag from /home/airflow/.local/lib/python3.8/site-packages/airflow/example_dags/example_branch_operator.py
[2026-03-31T23:51:38.719+0000] {processor.py:840} INFO - DAG(s) 'example_branch_operator' retrieved from /home/airflow/.local/lib/python3.8/site-packages/airflow/example_dags/example_branch_operator.py
[2026-03-31T23:51:38.760+0000] {logging_mixin.py:188} INFO - [2026-03-31T23:51:38.759+0000] {dag.py:3036} INFO - Sync 1 DAGs
[2026-03-31T23:51:38.790+0000] {logging_mixin.py:188} INFO - [2026-03-31T23:51:38.790+0000] {dag.py:3823} INFO - Setting next_dagrun for example_branch_operator to 2026-03-30 00:00:00+00:00, run_after=2026-03-31 00:00:00+00:00
[2026-03-31T23:51:38.821+0000] {processor.py:183} INFO - Processing /home/airflow/.local/lib/python3.8/site-packages/airflow/example_dags/example_branch_operator.py took 0.136 seconds
[2026-03-31T23:52:08.947+0000] {processor.py:161} INFO - Started process (PID=4074) to work on /home/airflow/.local/lib/python3.8/site-packages/airflow/example_dags/example_branch_operator.py
[2026-03-31T23:52:08.951+0000] {processor.py:830} INFO - Processing file /home/airflow/.local/lib/python3.8/site-packages/airflow/example_dags/example_branch_operator.py for tasks to queue
[2026-03-31T23:52:08.957+0000] {logging_mixin.py:188} INFO - [2026-03-31T23:52:08.956+0000] {dagbag.py:538} INFO - Filling up the DagBag from /home/airflow/.local/lib/python3.8/site-packages/airflow/example_dags/example_branch_operator.py
[2026-03-31T23:52:08.994+0000] {processor.py:840} INFO - DAG(s) 'example_branch_operator' retrieved from /home/airflow/.local/lib/python3.8/site-packages/airflow/example_dags/example_branch_operator.py
[2026-03-31T23:52:09.034+0000] {logging_mixin.py:188} INFO - [2026-03-31T23:52:09.034+0000] {dag.py:3036} INFO - Sync 1 DAGs
[2026-03-31T23:52:09.079+0000] {logging_mixin.py:188} INFO - [2026-03-31T23:52:09.079+0000] {dag.py:3823} INFO - Setting next_dagrun for example_branch_operator to 2026-03-30 00:00:00+00:00, run_after=2026-03-31 00:00:00+00:00
[2026-03-31T23:52:09.115+0000] {processor.py:183} INFO - Processing /home/airflow/.local/lib/python3.8/site-packages/airflow/example_dags/example_branch_operator.py took 0.181 seconds
[2026-03-31T23:52:39.203+0000] {processor.py:161} INFO - Started process (PID=4131) to work on /home/airflow/.local/lib/python3.8/site-packages/airflow/example_dags/example_branch_operator.py
[2026-03-31T23:52:39.205+0000] {processor.py:830} INFO - Processing file /home/airflow/.local/lib/python3.8/site-packages/airflow/example_dags/example_branch_operator.py for tasks to queue
[2026-03-31T23:52:39.208+0000] {logging_mixin.py:188} INFO - [2026-03-31T23:52:39.207+0000] {dagbag.py:538} INFO - Filling up the DagBag from /home/airflow/.local/lib/python3.8/site-packages/airflow/example_dags/example_branch_operator.py
[2026-03-31T23:52:39.241+0000] {processor.py:840} INFO - DAG(s) 'example_branch_operator' retrieved from /home/airflow/.local/lib/python3.8/site-packages/airflow/example_dags/example_branch_operator.py
[2026-03-31T23:52:39.275+0000] {logging_mixin.py:188} INFO - [2026-03-31T23:52:39.275+0000] {dag.py:3036} INFO - Sync 1 DAGs
[2026-03-31T23:52:39.300+0000] {logging_mixin.py:188} INFO - [2026-03-31T23:52:39.299+0000] {dag.py:3823} INFO - Setting next_dagrun for example_branch_operator to 2026-03-30 00:00:00+00:00, run_after=2026-03-31 00:00:00+00:00
[2026-03-31T23:52:39.339+0000] {processor.py:183} INFO - Processing /home/airflow/.local/lib/python3.8/site-packages/airflow/example_dags/example_branch_operator.py took 0.141 seconds
[2026-03-31T23:53:10.119+0000] {processor.py:161} INFO - Started process (PID=4188) to work on /home/airflow/.local/lib/python3.8/site-packages/airflow/example_dags/example_branch_operator.py
[2026-03-31T23:53:10.121+0000] {processor.py:830} INFO - Processing file /home/airflow/.local/lib/python3.8/site-packages/airflow/example_dags/example_branch_operator.py for tasks to queue
[2026-03-31T23:53:10.124+0000] {logging_mixin.py:188} INFO - [2026-03-31T23:53:10.124+0000] {dagbag.py:538} INFO - Filling up the DagBag from /home/airflow/.local/lib/python3.8/site-packages/airflow/example_dags/example_branch_operator.py
[2026-03-31T23:53:10.153+0000] {processor.py:840} INFO - DAG(s) 'example_branch_operator' retrieved from /home/airflow/.local/lib/python3.8/site-packages/airflow/example_dags/example_branch_operator.py
[2026-03-31T23:53:10.196+0000] {logging_mixin.py:188} INFO - [2026-03-31T23:53:10.195+0000] {dag.py:3036} INFO - Sync 1 DAGs
[2026-03-31T23:53:10.238+0000] {logging_mixin.py:188} INFO - [2026-03-31T23:53:10.238+0000] {dag.py:3823} INFO - Setting next_dagrun for example_branch_operator to 2026-03-30 00:00:00+00:00, run_after=2026-03-31 00:00:00+00:00
[2026-03-31T23:53:10.276+0000] {processor.py:183} INFO - Processing /home/airflow/.local/lib/python3.8/site-packages/airflow/example_dags/example_branch_operator.py took 0.163 seconds
[2026-03-31T23:53:40.409+0000] {processor.py:161} INFO - Started process (PID=4245) to work on /home/airflow/.local/lib/python3.8/site-packages/airflow/example_dags/example_branch_operator.py
[2026-03-31T23:53:40.412+0000] {processor.py:830} INFO - Processing file /home/airflow/.local/lib/python3.8/site-packages/airflow/example_dags/example_branch_operator.py for tasks to queue
[2026-03-31T23:53:40.419+0000] {logging_mixin.py:188} INFO - [2026-03-31T23:53:40.418+0000] {dagbag.py:538} INFO - Filling up the DagBag from /home/airflow/.local/lib/python3.8/site-packages/airflow/example_dags/example_branch_operator.py
[2026-03-31T23:53:40.474+0000] {processor.py:840} INFO - DAG(s) 'example_branch_operator' retrieved from /home/airflow/.local/lib/python3.8/site-packages/airflow/example_dags/example_branch_operator.py
[2026-03-31T23:53:40.535+0000] {logging_mixin.py:188} INFO - [2026-03-31T23:53:40.535+0000] {dag.py:3036} INFO - Sync 1 DAGs
[2026-03-31T23:53:40.578+0000] {logging_mixin.py:188} INFO - [2026-03-31T23:53:40.577+0000] {dag.py:3823} INFO - Setting next_dagrun for example_branch_operator to 2026-03-30 00:00:00+00:00, run_after=2026-03-31 00:00:00+00:00
[2026-03-31T23:53:40.617+0000] {processor.py:183} INFO - Processing /home/airflow/.local/lib/python3.8/site-packages/airflow/example_dags/example_branch_operator.py took 0.220 seconds
[2026-03-31T23:54:10.879+0000] {processor.py:161} INFO - Started process (PID=4302) to work on /home/airflow/.local/lib/python3.8/site-packages/airflow/example_dags/example_branch_operator.py
[2026-03-31T23:54:10.881+0000] {processor.py:830} INFO - Processing file /home/airflow/.local/lib/python3.8/site-packages/airflow/example_dags/example_branch_operator.py for tasks to queue
[2026-03-31T23:54:10.884+0000] {logging_mixin.py:188} INFO - [2026-03-31T23:54:10.884+0000] {dagbag.py:538} INFO - Filling up the DagBag from /home/airflow/.local/lib/python3.8/site-packages/airflow/example_dags/example_branch_operator.py
[2026-03-31T23:54:10.916+0000] {processor.py:840} INFO - DAG(s) 'example_branch_operator' retrieved from /home/airflow/.local/lib/python3.8/site-packages/airflow/example_dags/example_branch_operator.py
[2026-03-31T23:54:10.959+0000] {logging_mixin.py:188} INFO - [2026-03-31T23:54:10.959+0000] {dag.py:3036} INFO - Sync 1 DAGs
[2026-03-31T23:54:10.987+0000] {logging_mixin.py:188} INFO - [2026-03-31T23:54:10.986+0000] {dag.py:3823} INFO - Setting next_dagrun for example_branch_operator to 2026-03-30 00:00:00+00:00, run_after=2026-03-31 00:00:00+00:00
[2026-03-31T23:54:11.015+0000] {processor.py:183} INFO - Processing /home/airflow/.local/lib/python3.8/site-packages/airflow/example_dags/example_branch_operator.py took 0.143 seconds
[2026-03-31T23:54:41.492+0000] {processor.py:161} INFO - Started process (PID=4359) to work on /home/airflow/.local/lib/python3.8/site-packages/airflow/example_dags/example_branch_operator.py
[2026-03-31T23:54:41.494+0000] {processor.py:830} INFO - Processing file /home/airflow/.local/lib/python3.8/site-packages/airflow/example_dags/example_branch_operator.py for tasks to queue
[2026-03-31T23:54:41.498+0000] {logging_mixin.py:188} INFO - [2026-03-31T23:54:41.497+0000] {dagbag.py:538} INFO - Filling up the DagBag from /home/airflow/.local/lib/python3.8/site-packages/airflow/example_dags/example_branch_operator.py
[2026-03-31T23:54:41.525+0000] {processor.py:840} INFO - DAG(s) 'example_branch_operator' retrieved from /home/airflow/.local/lib/python3.8/site-packages/airflow/example_dags/example_branch_operator.py
[2026-03-31T23:54:41.560+0000] {logging_mixin.py:188} INFO - [2026-03-31T23:54:41.559+0000] {dag.py:3036} INFO - Sync 1 DAGs
[2026-03-31T23:54:41.586+0000] {logging_mixin.py:188} INFO - [2026-03-31T23:54:41.585+0000] {dag.py:3823} INFO - Setting next_dagrun for example_branch_operator to 2026-03-30 00:00:00+00:00, run_after=2026-03-31 00:00:00+00:00
[2026-03-31T23:54:41.613+0000] {processor.py:183} INFO - Processing /home/airflow/.local/lib/python3.8/site-packages/airflow/example_dags/example_branch_operator.py took 0.125 seconds
[2026-03-31T23:55:12.144+0000] {processor.py:161} INFO - Started process (PID=4416) to work on /home/airflow/.local/lib/python3.8/site-packages/airflow/example_dags/example_branch_operator.py
[2026-03-31T23:55:12.146+0000] {processor.py:830} INFO - Processing file /home/airflow/.local/lib/python3.8/site-packages/airflow/example_dags/example_branch_operator.py for tasks to queue
[2026-03-31T23:55:12.149+0000] {logging_mixin.py:188} INFO - [2026-03-31T23:55:12.149+0000] {dagbag.py:538} INFO - Filling up the DagBag from /home/airflow/.local/lib/python3.8/site-packages/airflow/example_dags/example_branch_operator.py
[2026-03-31T23:55:12.192+0000] {processor.py:840} INFO - DAG(s) 'example_branch_operator' retrieved from /home/airflow/.local/lib/python3.8/site-packages/airflow/example_dags/example_branch_operator.py
[2026-03-31T23:55:12.270+0000] {logging_mixin.py:188} INFO - [2026-03-31T23:55:12.269+0000] {dag.py:3036} INFO - Sync 1 DAGs
[2026-03-31T23:55:12.332+0000] {logging_mixin.py:188} INFO - [2026-03-31T23:55:12.332+0000] {dag.py:3823} INFO - Setting next_dagrun for example_branch_operator to 2026-03-30 00:00:00+00:00, run_after=2026-03-31 00:00:00+00:00
[2026-03-31T23:55:12.406+0000] {processor.py:183} INFO - Processing /home/airflow/.local/lib/python3.8/site-packages/airflow/example_dags/example_branch_operator.py took 0.268 seconds
[2026-03-31T23:55:42.932+0000] {processor.py:161} INFO - Started process (PID=4473) to work on /home/airflow/.local/lib/python3.8/site-packages/airflow/example_dags/example_branch_operator.py
[2026-03-31T23:55:42.933+0000] {processor.py:830} INFO - Processing file /home/airflow/.local/lib/python3.8/site-packages/airflow/example_dags/example_branch_operator.py for tasks to queue
[2026-03-31T23:55:42.937+0000] {logging_mixin.py:188} INFO - [2026-03-31T23:55:42.936+0000] {dagbag.py:538} INFO - Filling up the DagBag from /home/airflow/.local/lib/python3.8/site-packages/airflow/example_dags/example_branch_operator.py
[2026-03-31T23:55:42.962+0000] {processor.py:840} INFO - DAG(s) 'example_branch_operator' retrieved from /home/airflow/.local/lib/python3.8/site-packages/airflow/example_dags/example_branch_operator.py
[2026-03-31T23:55:43.010+0000] {logging_mixin.py:188} INFO - [2026-03-31T23:55:43.010+0000] {dag.py:3036} INFO - Sync 1 DAGs
[2026-03-31T23:55:43.055+0000] {logging_mixin.py:188} INFO - [2026-03-31T23:55:43.055+0000] {dag.py:3823} INFO - Setting next_dagrun for example_branch_operator to 2026-03-30 00:00:00+00:00, run_after=2026-03-31 00:00:00+00:00
[2026-03-31T23:55:43.081+0000] {processor.py:183} INFO - Processing /home/airflow/.local/lib/python3.8/site-packages/airflow/example_dags/example_branch_operator.py took 0.154 seconds
[2026-03-31T23:56:13.528+0000] {processor.py:161} INFO - Started process (PID=4530) to work on /home/airflow/.local/lib/python3.8/site-packages/airflow/example_dags/example_branch_operator.py
[2026-03-31T23:56:13.530+0000] {processor.py:830} INFO - Processing file /home/airflow/.local/lib/python3.8/site-packages/airflow/example_dags/example_branch_operator.py for tasks to queue
[2026-03-31T23:56:13.535+0000] {logging_mixin.py:188} INFO - [2026-03-31T23:56:13.534+0000] {dagbag.py:538} INFO - Filling up the DagBag from /home/airflow/.local/lib/python3.8/site-packages/airflow/example_dags/example_branch_operator.py
[2026-03-31T23:56:13.575+0000] {processor.py:840} INFO - DAG(s) 'example_branch_operator' retrieved from /home/airflow/.local/lib/python3.8/site-packages/airflow/example_dags/example_branch_operator.py
[2026-03-31T23:56:13.625+0000] {logging_mixin.py:188} INFO - [2026-03-31T23:56:13.624+0000] {dag.py:3036} INFO - Sync 1 DAGs
[2026-03-31T23:56:13.685+0000] {logging_mixin.py:188} INFO - [2026-03-31T23:56:13.685+0000] {dag.py:3823} INFO - Setting next_dagrun for example_branch_operator to 2026-03-30 00:00:00+00:00, run_after=2026-03-31 00:00:00+00:00
[2026-03-31T23:56:13.744+0000] {processor.py:183} INFO - Processing /home/airflow/.local/lib/python3.8/site-packages/airflow/example_dags/example_branch_operator.py took 0.224 seconds
[2026-03-31T23:56:43.964+0000] {processor.py:161} INFO - Started process (PID=4587) to work on /home/airflow/.local/lib/python3.8/site-packages/airflow/example_dags/example_branch_operator.py
[2026-03-31T23:56:43.966+0000] {processor.py:830} INFO - Processing file /home/airflow/.local/lib/python3.8/site-packages/airflow/example_dags/example_branch_operator.py for tasks to queue
[2026-03-31T23:56:43.969+0000] {logging_mixin.py:188} INFO - [2026-03-31T23:56:43.968+0000] {dagbag.py:538} INFO - Filling up the DagBag from /home/airflow/.local/lib/python3.8/site-packages/airflow/example_dags/example_branch_operator.py
[2026-03-31T23:56:43.991+0000] {processor.py:840} INFO - DAG(s) 'example_branch_operator' retrieved from /home/airflow/.local/lib/python3.8/site-packages/airflow/example_dags/example_branch_operator.py
[2026-03-31T23:56:44.024+0000] {logging_mixin.py:188} INFO - [2026-03-31T23:56:44.024+0000] {dag.py:3036} INFO - Sync 1 DAGs
[2026-03-31T23:56:44.051+0000] {logging_mixin.py:188} INFO - [2026-03-31T23:56:44.051+0000] {dag.py:3823} INFO - Setting next_dagrun for example_branch_operator to 2026-03-30 00:00:00+00:00, run_after=2026-03-31 00:00:00+00:00
[2026-03-31T23:56:44.078+0000] {processor.py:183} INFO - Processing /home/airflow/.local/lib/python3.8/site-packages/airflow/example_dags/example_branch_operator.py took 0.118 seconds
[2026-03-31T23:57:14.360+0000] {processor.py:161} INFO - Started process (PID=4644) to work on /home/airflow/.local/lib/python3.8/site-packages/airflow/example_dags/example_branch_operator.py
[2026-03-31T23:57:14.362+0000] {processor.py:830} INFO - Processing file /home/airflow/.local/lib/python3.8/site-packages/airflow/example_dags/example_branch_operator.py for tasks to queue
[2026-03-31T23:57:14.365+0000] {logging_mixin.py:188} INFO - [2026-03-31T23:57:14.365+0000] {dagbag.py:538} INFO - Filling up the DagBag from /home/airflow/.local/lib/python3.8/site-packages/airflow/example_dags/example_branch_operator.py
[2026-03-31T23:57:14.385+0000] {processor.py:840} INFO - DAG(s) 'example_branch_operator' retrieved from /home/airflow/.local/lib/python3.8/site-packages/airflow/example_dags/example_branch_operator.py
[2026-03-31T23:57:14.427+0000] {logging_mixin.py:188} INFO - [2026-03-31T23:57:14.427+0000] {dag.py:3036} INFO - Sync 1 DAGs
[2026-03-31T23:57:14.459+0000] {logging_mixin.py:188} INFO - [2026-03-31T23:57:14.459+0000] {dag.py:3823} INFO - Setting next_dagrun for example_branch_operator to 2026-03-30 00:00:00+00:00, run_after=2026-03-31 00:00:00+00:00
[2026-03-31T23:57:14.490+0000] {processor.py:183} INFO - Processing /home/airflow/.local/lib/python3.8/site-packages/airflow/example_dags/example_branch_operator.py took 0.134 seconds
[2026-03-31T23:57:44.913+0000] {processor.py:161} INFO - Started process (PID=4702) to work on /home/airflow/.local/lib/python3.8/site-packages/airflow/example_dags/example_branch_operator.py
[2026-03-31T23:57:44.916+0000] {processor.py:830} INFO - Processing file /home/airflow/.local/lib/python3.8/site-packages/airflow/example_dags/example_branch_operator.py for tasks to queue
[2026-03-31T23:57:44.922+0000] {logging_mixin.py:188} INFO - [2026-03-31T23:57:44.921+0000] {dagbag.py:538} INFO - Filling up the DagBag from /home/airflow/.local/lib/python3.8/site-packages/airflow/example_dags/example_branch_operator.py
[2026-03-31T23:57:44.997+0000] {processor.py:840} INFO - DAG(s) 'example_branch_operator' retrieved from /home/airflow/.local/lib/python3.8/site-packages/airflow/example_dags/example_branch_operator.py
[2026-03-31T23:57:45.073+0000] {logging_mixin.py:188} INFO - [2026-03-31T23:57:45.072+0000] {dag.py:3036} INFO - Sync 1 DAGs
[2026-03-31T23:57:45.117+0000] {logging_mixin.py:188} INFO - [2026-03-31T23:57:45.116+0000] {dag.py:3823} INFO - Setting next_dagrun for example_branch_operator to 2026-03-30 00:00:00+00:00, run_after=2026-03-31 00:00:00+00:00
[2026-03-31T23:57:45.154+0000] {processor.py:183} INFO - Processing /home/airflow/.local/lib/python3.8/site-packages/airflow/example_dags/example_branch_operator.py took 0.252 seconds
[2026-03-31T23:58:15.644+0000] {processor.py:161} INFO - Started process (PID=4759) to work on /home/airflow/.local/lib/python3.8/site-packages/airflow/example_dags/example_branch_operator.py
[2026-03-31T23:58:15.646+0000] {processor.py:830} INFO - Processing file /home/airflow/.local/lib/python3.8/site-packages/airflow/example_dags/example_branch_operator.py for tasks to queue
[2026-03-31T23:58:15.650+0000] {logging_mixin.py:188} INFO - [2026-03-31T23:58:15.649+0000] {dagbag.py:538} INFO - Filling up the DagBag from /home/airflow/.local/lib/python3.8/site-packages/airflow/example_dags/example_branch_operator.py
[2026-03-31T23:58:15.679+0000] {processor.py:840} INFO - DAG(s) 'example_branch_operator' retrieved from /home/airflow/.local/lib/python3.8/site-packages/airflow/example_dags/example_branch_operator.py
[2026-03-31T23:58:15.722+0000] {logging_mixin.py:188} INFO - [2026-03-31T23:58:15.721+0000] {dag.py:3036} INFO - Sync 1 DAGs
[2026-03-31T23:58:15.757+0000] {logging_mixin.py:188} INFO - [2026-03-31T23:58:15.756+0000] {dag.py:3823} INFO - Setting next_dagrun for example_branch_operator to 2026-03-30 00:00:00+00:00, run_after=2026-03-31 00:00:00+00:00
[2026-03-31T23:58:15.799+0000] {processor.py:183} INFO - Processing /home/airflow/.local/lib/python3.8/site-packages/airflow/example_dags/example_branch_operator.py took 0.161 seconds
[2026-03-31T23:58:45.966+0000] {processor.py:161} INFO - Started process (PID=4816) to work on /home/airflow/.local/lib/python3.8/site-packages/airflow/example_dags/example_branch_operator.py
[2026-03-31T23:58:45.968+0000] {processor.py:830} INFO - Processing file /home/airflow/.local/lib/python3.8/site-packages/airflow/example_dags/example_branch_operator.py for tasks to queue
[2026-03-31T23:58:45.972+0000] {logging_mixin.py:188} INFO - [2026-03-31T23:58:45.971+0000] {dagbag.py:538} INFO - Filling up the DagBag from /home/airflow/.local/lib/python3.8/site-packages/airflow/example_dags/example_branch_operator.py
[2026-03-31T23:58:45.999+0000] {processor.py:840} INFO - DAG(s) 'example_branch_operator' retrieved from /home/airflow/.local/lib/python3.8/site-packages/airflow/example_dags/example_branch_operator.py
[2026-03-31T23:58:46.050+0000] {logging_mixin.py:188} INFO - [2026-03-31T23:58:46.050+0000] {dag.py:3036} INFO - Sync 1 DAGs
[2026-03-31T23:58:46.079+0000] {logging_mixin.py:188} INFO - [2026-03-31T23:58:46.078+0000] {dag.py:3823} INFO - Setting next_dagrun for example_branch_operator to 2026-03-30 00:00:00+00:00, run_after=2026-03-31 00:00:00+00:00
[2026-03-31T23:58:46.122+0000] {processor.py:183} INFO - Processing /home/airflow/.local/lib/python3.8/site-packages/airflow/example_dags/example_branch_operator.py took 0.166 seconds
[2026-03-31T23:59:16.560+0000] {processor.py:161} INFO - Started process (PID=4874) to work on /home/airflow/.local/lib/python3.8/site-packages/airflow/example_dags/example_branch_operator.py
[2026-03-31T23:59:16.562+0000] {processor.py:830} INFO - Processing file /home/airflow/.local/lib/python3.8/site-packages/airflow/example_dags/example_branch_operator.py for tasks to queue
[2026-03-31T23:59:16.566+0000] {logging_mixin.py:188} INFO - [2026-03-31T23:59:16.565+0000] {dagbag.py:538} INFO - Filling up the DagBag from /home/airflow/.local/lib/python3.8/site-packages/airflow/example_dags/example_branch_operator.py
[2026-03-31T23:59:16.600+0000] {processor.py:840} INFO - DAG(s) 'example_branch_operator' retrieved from /home/airflow/.local/lib/python3.8/site-packages/airflow/example_dags/example_branch_operator.py
[2026-03-31T23:59:16.670+0000] {logging_mixin.py:188} INFO - [2026-03-31T23:59:16.669+0000] {dag.py:3036} INFO - Sync 1 DAGs
[2026-03-31T23:59:16.732+0000] {logging_mixin.py:188} INFO - [2026-03-31T23:59:16.731+0000] {dag.py:3823} INFO - Setting next_dagrun for example_branch_operator to 2026-03-30 00:00:00+00:00, run_after=2026-03-31 00:00:00+00:00
[2026-03-31T23:59:16.770+0000] {processor.py:183} INFO - Processing /home/airflow/.local/lib/python3.8/site-packages/airflow/example_dags/example_branch_operator.py took 0.216 seconds
[2026-03-31T23:59:46.975+0000] {processor.py:161} INFO - Started process (PID=4931) to work on /home/airflow/.local/lib/python3.8/site-packages/airflow/example_dags/example_branch_operator.py
[2026-03-31T23:59:46.978+0000] {processor.py:830} INFO - Processing file /home/airflow/.local/lib/python3.8/site-packages/airflow/example_dags/example_branch_operator.py for tasks to queue
[2026-03-31T23:59:46.982+0000] {logging_mixin.py:188} INFO - [2026-03-31T23:59:46.982+0000] {dagbag.py:538} INFO - Filling up the DagBag from /home/airflow/.local/lib/python3.8/site-packages/airflow/example_dags/example_branch_operator.py
[2026-03-31T23:59:47.009+0000] {processor.py:840} INFO - DAG(s) 'example_branch_operator' retrieved from /home/airflow/.local/lib/python3.8/site-packages/airflow/example_dags/example_branch_operator.py
[2026-03-31T23:59:47.042+0000] {logging_mixin.py:188} INFO - [2026-03-31T23:59:47.041+0000] {dag.py:3036} INFO - Sync 1 DAGs
[2026-03-31T23:59:47.071+0000] {logging_mixin.py:188} INFO - [2026-03-31T23:59:47.070+0000] {dag.py:3823} INFO - Setting next_dagrun for example_branch_operator to 2026-03-30 00:00:00+00:00, run_after=2026-03-31 00:00:00+00:00
[2026-03-31T23:59:47.102+0000] {processor.py:183} INFO - Processing /home/airflow/.local/lib/python3.8/site-packages/airflow/example_dags/example_branch_operator.py took 0.133 seconds
