[2026-04-16T00:00:15.423+0000] {processor.py:161} INFO - Started process (PID=62339) to work on /home/airflow/.local/lib/python3.8/site-packages/airflow/example_dags/example_xcom.py
[2026-04-16T00:00:15.425+0000] {processor.py:830} INFO - Processing file /home/airflow/.local/lib/python3.8/site-packages/airflow/example_dags/example_xcom.py for tasks to queue
[2026-04-16T00:00:15.430+0000] {logging_mixin.py:188} INFO - [2026-04-16T00:00:15.429+0000] {dagbag.py:538} INFO - Filling up the DagBag from /home/airflow/.local/lib/python3.8/site-packages/airflow/example_dags/example_xcom.py
[2026-04-16T00:00:15.446+0000] {processor.py:840} INFO - DAG(s) 'example_xcom' retrieved from /home/airflow/.local/lib/python3.8/site-packages/airflow/example_dags/example_xcom.py
[2026-04-16T00:00:15.486+0000] {logging_mixin.py:188} INFO - [2026-04-16T00:00:15.486+0000] {dag.py:3036} INFO - Sync 1 DAGs
[2026-04-16T00:00:15.523+0000] {logging_mixin.py:188} INFO - [2026-04-16T00:00:15.522+0000] {dag.py:3823} INFO - Setting next_dagrun for example_xcom to 2021-01-01 00:00:00+00:00, run_after=2021-01-01 00:00:00+00:00
[2026-04-16T00:00:15.558+0000] {processor.py:183} INFO - Processing /home/airflow/.local/lib/python3.8/site-packages/airflow/example_dags/example_xcom.py took 0.147 seconds
[2026-04-16T00:00:46.561+0000] {processor.py:161} INFO - Started process (PID=62402) to work on /home/airflow/.local/lib/python3.8/site-packages/airflow/example_dags/example_xcom.py
[2026-04-16T00:00:46.564+0000] {processor.py:830} INFO - Processing file /home/airflow/.local/lib/python3.8/site-packages/airflow/example_dags/example_xcom.py for tasks to queue
[2026-04-16T00:00:46.568+0000] {logging_mixin.py:188} INFO - [2026-04-16T00:00:46.568+0000] {dagbag.py:538} INFO - Filling up the DagBag from /home/airflow/.local/lib/python3.8/site-packages/airflow/example_dags/example_xcom.py
[2026-04-16T00:00:46.587+0000] {processor.py:840} INFO - DAG(s) 'example_xcom' retrieved from /home/airflow/.local/lib/python3.8/site-packages/airflow/example_dags/example_xcom.py
[2026-04-16T00:00:46.634+0000] {logging_mixin.py:188} INFO - [2026-04-16T00:00:46.633+0000] {dag.py:3036} INFO - Sync 1 DAGs
[2026-04-16T00:00:46.686+0000] {logging_mixin.py:188} INFO - [2026-04-16T00:00:46.685+0000] {dag.py:3823} INFO - Setting next_dagrun for example_xcom to 2021-01-01 00:00:00+00:00, run_after=2021-01-01 00:00:00+00:00
[2026-04-16T00:00:46.727+0000] {processor.py:183} INFO - Processing /home/airflow/.local/lib/python3.8/site-packages/airflow/example_dags/example_xcom.py took 0.174 seconds
[2026-04-16T00:01:16.841+0000] {processor.py:161} INFO - Started process (PID=62459) to work on /home/airflow/.local/lib/python3.8/site-packages/airflow/example_dags/example_xcom.py
[2026-04-16T00:01:16.843+0000] {processor.py:830} INFO - Processing file /home/airflow/.local/lib/python3.8/site-packages/airflow/example_dags/example_xcom.py for tasks to queue
[2026-04-16T00:01:16.847+0000] {logging_mixin.py:188} INFO - [2026-04-16T00:01:16.846+0000] {dagbag.py:538} INFO - Filling up the DagBag from /home/airflow/.local/lib/python3.8/site-packages/airflow/example_dags/example_xcom.py
[2026-04-16T00:01:16.862+0000] {processor.py:840} INFO - DAG(s) 'example_xcom' retrieved from /home/airflow/.local/lib/python3.8/site-packages/airflow/example_dags/example_xcom.py
[2026-04-16T00:01:16.906+0000] {logging_mixin.py:188} INFO - [2026-04-16T00:01:16.906+0000] {dag.py:3036} INFO - Sync 1 DAGs
[2026-04-16T00:01:16.950+0000] {logging_mixin.py:188} INFO - [2026-04-16T00:01:16.950+0000] {dag.py:3823} INFO - Setting next_dagrun for example_xcom to 2021-01-01 00:00:00+00:00, run_after=2021-01-01 00:00:00+00:00
[2026-04-16T00:01:16.995+0000] {processor.py:183} INFO - Processing /home/airflow/.local/lib/python3.8/site-packages/airflow/example_dags/example_xcom.py took 0.160 seconds
[2026-04-16T00:01:47.222+0000] {processor.py:161} INFO - Started process (PID=62516) to work on /home/airflow/.local/lib/python3.8/site-packages/airflow/example_dags/example_xcom.py
[2026-04-16T00:01:47.224+0000] {processor.py:830} INFO - Processing file /home/airflow/.local/lib/python3.8/site-packages/airflow/example_dags/example_xcom.py for tasks to queue
[2026-04-16T00:01:47.229+0000] {logging_mixin.py:188} INFO - [2026-04-16T00:01:47.228+0000] {dagbag.py:538} INFO - Filling up the DagBag from /home/airflow/.local/lib/python3.8/site-packages/airflow/example_dags/example_xcom.py
[2026-04-16T00:01:47.243+0000] {processor.py:840} INFO - DAG(s) 'example_xcom' retrieved from /home/airflow/.local/lib/python3.8/site-packages/airflow/example_dags/example_xcom.py
[2026-04-16T00:01:47.281+0000] {logging_mixin.py:188} INFO - [2026-04-16T00:01:47.281+0000] {dag.py:3036} INFO - Sync 1 DAGs
[2026-04-16T00:01:47.325+0000] {logging_mixin.py:188} INFO - [2026-04-16T00:01:47.324+0000] {dag.py:3823} INFO - Setting next_dagrun for example_xcom to 2021-01-01 00:00:00+00:00, run_after=2021-01-01 00:00:00+00:00
[2026-04-16T00:01:47.363+0000] {processor.py:183} INFO - Processing /home/airflow/.local/lib/python3.8/site-packages/airflow/example_dags/example_xcom.py took 0.147 seconds
[2026-04-16T00:02:18.150+0000] {processor.py:161} INFO - Started process (PID=62573) to work on /home/airflow/.local/lib/python3.8/site-packages/airflow/example_dags/example_xcom.py
[2026-04-16T00:02:18.152+0000] {processor.py:830} INFO - Processing file /home/airflow/.local/lib/python3.8/site-packages/airflow/example_dags/example_xcom.py for tasks to queue
[2026-04-16T00:02:18.156+0000] {logging_mixin.py:188} INFO - [2026-04-16T00:02:18.155+0000] {dagbag.py:538} INFO - Filling up the DagBag from /home/airflow/.local/lib/python3.8/site-packages/airflow/example_dags/example_xcom.py
[2026-04-16T00:02:18.170+0000] {processor.py:840} INFO - DAG(s) 'example_xcom' retrieved from /home/airflow/.local/lib/python3.8/site-packages/airflow/example_dags/example_xcom.py
[2026-04-16T00:02:18.208+0000] {logging_mixin.py:188} INFO - [2026-04-16T00:02:18.208+0000] {dag.py:3036} INFO - Sync 1 DAGs
[2026-04-16T00:02:18.250+0000] {logging_mixin.py:188} INFO - [2026-04-16T00:02:18.249+0000] {dag.py:3823} INFO - Setting next_dagrun for example_xcom to 2021-01-01 00:00:00+00:00, run_after=2021-01-01 00:00:00+00:00
[2026-04-16T00:02:18.286+0000] {processor.py:183} INFO - Processing /home/airflow/.local/lib/python3.8/site-packages/airflow/example_dags/example_xcom.py took 0.142 seconds
[2026-04-16T00:02:48.388+0000] {processor.py:161} INFO - Started process (PID=62630) to work on /home/airflow/.local/lib/python3.8/site-packages/airflow/example_dags/example_xcom.py
[2026-04-16T00:02:48.389+0000] {processor.py:830} INFO - Processing file /home/airflow/.local/lib/python3.8/site-packages/airflow/example_dags/example_xcom.py for tasks to queue
[2026-04-16T00:02:48.391+0000] {logging_mixin.py:188} INFO - [2026-04-16T00:02:48.391+0000] {dagbag.py:538} INFO - Filling up the DagBag from /home/airflow/.local/lib/python3.8/site-packages/airflow/example_dags/example_xcom.py
[2026-04-16T00:02:48.398+0000] {processor.py:840} INFO - DAG(s) 'example_xcom' retrieved from /home/airflow/.local/lib/python3.8/site-packages/airflow/example_dags/example_xcom.py
[2026-04-16T00:02:48.421+0000] {logging_mixin.py:188} INFO - [2026-04-16T00:02:48.420+0000] {dag.py:3036} INFO - Sync 1 DAGs
[2026-04-16T00:02:48.442+0000] {logging_mixin.py:188} INFO - [2026-04-16T00:02:48.442+0000] {dag.py:3823} INFO - Setting next_dagrun for example_xcom to 2021-01-01 00:00:00+00:00, run_after=2021-01-01 00:00:00+00:00
[2026-04-16T00:02:48.470+0000] {processor.py:183} INFO - Processing /home/airflow/.local/lib/python3.8/site-packages/airflow/example_dags/example_xcom.py took 0.086 seconds
[2026-04-16T00:03:19.188+0000] {processor.py:161} INFO - Started process (PID=62687) to work on /home/airflow/.local/lib/python3.8/site-packages/airflow/example_dags/example_xcom.py
[2026-04-16T00:03:19.189+0000] {processor.py:830} INFO - Processing file /home/airflow/.local/lib/python3.8/site-packages/airflow/example_dags/example_xcom.py for tasks to queue
[2026-04-16T00:03:19.195+0000] {logging_mixin.py:188} INFO - [2026-04-16T00:03:19.194+0000] {dagbag.py:538} INFO - Filling up the DagBag from /home/airflow/.local/lib/python3.8/site-packages/airflow/example_dags/example_xcom.py
[2026-04-16T00:03:19.205+0000] {processor.py:840} INFO - DAG(s) 'example_xcom' retrieved from /home/airflow/.local/lib/python3.8/site-packages/airflow/example_dags/example_xcom.py
[2026-04-16T00:03:19.230+0000] {logging_mixin.py:188} INFO - [2026-04-16T00:03:19.230+0000] {dag.py:3036} INFO - Sync 1 DAGs
[2026-04-16T00:03:19.252+0000] {logging_mixin.py:188} INFO - [2026-04-16T00:03:19.252+0000] {dag.py:3823} INFO - Setting next_dagrun for example_xcom to 2021-01-01 00:00:00+00:00, run_after=2021-01-01 00:00:00+00:00
[2026-04-16T00:03:19.274+0000] {processor.py:183} INFO - Processing /home/airflow/.local/lib/python3.8/site-packages/airflow/example_dags/example_xcom.py took 0.091 seconds
[2026-04-16T00:03:49.416+0000] {processor.py:161} INFO - Started process (PID=62744) to work on /home/airflow/.local/lib/python3.8/site-packages/airflow/example_dags/example_xcom.py
[2026-04-16T00:03:49.418+0000] {processor.py:830} INFO - Processing file /home/airflow/.local/lib/python3.8/site-packages/airflow/example_dags/example_xcom.py for tasks to queue
[2026-04-16T00:03:49.420+0000] {logging_mixin.py:188} INFO - [2026-04-16T00:03:49.420+0000] {dagbag.py:538} INFO - Filling up the DagBag from /home/airflow/.local/lib/python3.8/site-packages/airflow/example_dags/example_xcom.py
[2026-04-16T00:03:49.430+0000] {processor.py:840} INFO - DAG(s) 'example_xcom' retrieved from /home/airflow/.local/lib/python3.8/site-packages/airflow/example_dags/example_xcom.py
[2026-04-16T00:03:49.454+0000] {logging_mixin.py:188} INFO - [2026-04-16T00:03:49.453+0000] {dag.py:3036} INFO - Sync 1 DAGs
[2026-04-16T00:03:49.480+0000] {logging_mixin.py:188} INFO - [2026-04-16T00:03:49.479+0000] {dag.py:3823} INFO - Setting next_dagrun for example_xcom to 2021-01-01 00:00:00+00:00, run_after=2021-01-01 00:00:00+00:00
[2026-04-16T00:03:49.504+0000] {processor.py:183} INFO - Processing /home/airflow/.local/lib/python3.8/site-packages/airflow/example_dags/example_xcom.py took 0.092 seconds
[2026-04-16T00:04:20.044+0000] {processor.py:161} INFO - Started process (PID=62801) to work on /home/airflow/.local/lib/python3.8/site-packages/airflow/example_dags/example_xcom.py
[2026-04-16T00:04:20.045+0000] {processor.py:830} INFO - Processing file /home/airflow/.local/lib/python3.8/site-packages/airflow/example_dags/example_xcom.py for tasks to queue
[2026-04-16T00:04:20.048+0000] {logging_mixin.py:188} INFO - [2026-04-16T00:04:20.047+0000] {dagbag.py:538} INFO - Filling up the DagBag from /home/airflow/.local/lib/python3.8/site-packages/airflow/example_dags/example_xcom.py
[2026-04-16T00:04:20.057+0000] {processor.py:840} INFO - DAG(s) 'example_xcom' retrieved from /home/airflow/.local/lib/python3.8/site-packages/airflow/example_dags/example_xcom.py
[2026-04-16T00:04:20.083+0000] {logging_mixin.py:188} INFO - [2026-04-16T00:04:20.082+0000] {dag.py:3036} INFO - Sync 1 DAGs
[2026-04-16T00:04:20.113+0000] {logging_mixin.py:188} INFO - [2026-04-16T00:04:20.113+0000] {dag.py:3823} INFO - Setting next_dagrun for example_xcom to 2021-01-01 00:00:00+00:00, run_after=2021-01-01 00:00:00+00:00
[2026-04-16T00:04:20.143+0000] {processor.py:183} INFO - Processing /home/airflow/.local/lib/python3.8/site-packages/airflow/example_dags/example_xcom.py took 0.104 seconds
[2026-04-16T00:04:50.868+0000] {processor.py:161} INFO - Started process (PID=62858) to work on /home/airflow/.local/lib/python3.8/site-packages/airflow/example_dags/example_xcom.py
[2026-04-16T00:04:50.869+0000] {processor.py:830} INFO - Processing file /home/airflow/.local/lib/python3.8/site-packages/airflow/example_dags/example_xcom.py for tasks to queue
[2026-04-16T00:04:50.871+0000] {logging_mixin.py:188} INFO - [2026-04-16T00:04:50.871+0000] {dagbag.py:538} INFO - Filling up the DagBag from /home/airflow/.local/lib/python3.8/site-packages/airflow/example_dags/example_xcom.py
[2026-04-16T00:04:50.881+0000] {processor.py:840} INFO - DAG(s) 'example_xcom' retrieved from /home/airflow/.local/lib/python3.8/site-packages/airflow/example_dags/example_xcom.py
[2026-04-16T00:04:50.906+0000] {logging_mixin.py:188} INFO - [2026-04-16T00:04:50.905+0000] {dag.py:3036} INFO - Sync 1 DAGs
[2026-04-16T00:04:50.928+0000] {logging_mixin.py:188} INFO - [2026-04-16T00:04:50.928+0000] {dag.py:3823} INFO - Setting next_dagrun for example_xcom to 2021-01-01 00:00:00+00:00, run_after=2021-01-01 00:00:00+00:00
[2026-04-16T00:04:50.950+0000] {processor.py:183} INFO - Processing /home/airflow/.local/lib/python3.8/site-packages/airflow/example_dags/example_xcom.py took 0.085 seconds
[2026-04-16T00:05:21.169+0000] {processor.py:161} INFO - Started process (PID=62915) to work on /home/airflow/.local/lib/python3.8/site-packages/airflow/example_dags/example_xcom.py
[2026-04-16T00:05:21.170+0000] {processor.py:830} INFO - Processing file /home/airflow/.local/lib/python3.8/site-packages/airflow/example_dags/example_xcom.py for tasks to queue
[2026-04-16T00:05:21.172+0000] {logging_mixin.py:188} INFO - [2026-04-16T00:05:21.172+0000] {dagbag.py:538} INFO - Filling up the DagBag from /home/airflow/.local/lib/python3.8/site-packages/airflow/example_dags/example_xcom.py
[2026-04-16T00:05:21.179+0000] {processor.py:840} INFO - DAG(s) 'example_xcom' retrieved from /home/airflow/.local/lib/python3.8/site-packages/airflow/example_dags/example_xcom.py
[2026-04-16T00:05:21.201+0000] {logging_mixin.py:188} INFO - [2026-04-16T00:05:21.201+0000] {dag.py:3036} INFO - Sync 1 DAGs
[2026-04-16T00:05:21.220+0000] {logging_mixin.py:188} INFO - [2026-04-16T00:05:21.220+0000] {dag.py:3823} INFO - Setting next_dagrun for example_xcom to 2021-01-01 00:00:00+00:00, run_after=2021-01-01 00:00:00+00:00
[2026-04-16T00:05:21.243+0000] {processor.py:183} INFO - Processing /home/airflow/.local/lib/python3.8/site-packages/airflow/example_dags/example_xcom.py took 0.078 seconds
[2026-04-16T00:05:51.427+0000] {processor.py:161} INFO - Started process (PID=62972) to work on /home/airflow/.local/lib/python3.8/site-packages/airflow/example_dags/example_xcom.py
[2026-04-16T00:05:51.428+0000] {processor.py:830} INFO - Processing file /home/airflow/.local/lib/python3.8/site-packages/airflow/example_dags/example_xcom.py for tasks to queue
[2026-04-16T00:05:51.431+0000] {logging_mixin.py:188} INFO - [2026-04-16T00:05:51.430+0000] {dagbag.py:538} INFO - Filling up the DagBag from /home/airflow/.local/lib/python3.8/site-packages/airflow/example_dags/example_xcom.py
[2026-04-16T00:05:51.438+0000] {processor.py:840} INFO - DAG(s) 'example_xcom' retrieved from /home/airflow/.local/lib/python3.8/site-packages/airflow/example_dags/example_xcom.py
[2026-04-16T00:05:51.463+0000] {logging_mixin.py:188} INFO - [2026-04-16T00:05:51.463+0000] {dag.py:3036} INFO - Sync 1 DAGs
[2026-04-16T00:05:51.484+0000] {logging_mixin.py:188} INFO - [2026-04-16T00:05:51.483+0000] {dag.py:3823} INFO - Setting next_dagrun for example_xcom to 2021-01-01 00:00:00+00:00, run_after=2021-01-01 00:00:00+00:00
[2026-04-16T00:05:51.504+0000] {processor.py:183} INFO - Processing /home/airflow/.local/lib/python3.8/site-packages/airflow/example_dags/example_xcom.py took 0.081 seconds
[2026-04-16T02:10:19.827+0000] {processor.py:161} INFO - Started process (PID=63018) to work on /home/airflow/.local/lib/python3.8/site-packages/airflow/example_dags/example_xcom.py
[2026-04-16T02:10:19.828+0000] {processor.py:830} INFO - Processing file /home/airflow/.local/lib/python3.8/site-packages/airflow/example_dags/example_xcom.py for tasks to queue
[2026-04-16T02:10:19.831+0000] {logging_mixin.py:188} INFO - [2026-04-16T02:10:19.831+0000] {dagbag.py:538} INFO - Filling up the DagBag from /home/airflow/.local/lib/python3.8/site-packages/airflow/example_dags/example_xcom.py
[2026-04-16T02:10:19.839+0000] {processor.py:840} INFO - DAG(s) 'example_xcom' retrieved from /home/airflow/.local/lib/python3.8/site-packages/airflow/example_dags/example_xcom.py
[2026-04-16T02:10:19.869+0000] {logging_mixin.py:188} INFO - [2026-04-16T02:10:19.869+0000] {dag.py:3036} INFO - Sync 1 DAGs
[2026-04-16T02:10:19.901+0000] {logging_mixin.py:188} INFO - [2026-04-16T02:10:19.901+0000] {dag.py:3823} INFO - Setting next_dagrun for example_xcom to 2021-01-01 00:00:00+00:00, run_after=2021-01-01 00:00:00+00:00
[2026-04-16T02:10:19.934+0000] {processor.py:183} INFO - Processing /home/airflow/.local/lib/python3.8/site-packages/airflow/example_dags/example_xcom.py took 0.112 seconds
[2026-04-16T02:10:50.095+0000] {processor.py:161} INFO - Started process (PID=63075) to work on /home/airflow/.local/lib/python3.8/site-packages/airflow/example_dags/example_xcom.py
[2026-04-16T02:10:50.096+0000] {processor.py:830} INFO - Processing file /home/airflow/.local/lib/python3.8/site-packages/airflow/example_dags/example_xcom.py for tasks to queue
[2026-04-16T02:10:50.098+0000] {logging_mixin.py:188} INFO - [2026-04-16T02:10:50.098+0000] {dagbag.py:538} INFO - Filling up the DagBag from /home/airflow/.local/lib/python3.8/site-packages/airflow/example_dags/example_xcom.py
[2026-04-16T02:10:50.106+0000] {processor.py:840} INFO - DAG(s) 'example_xcom' retrieved from /home/airflow/.local/lib/python3.8/site-packages/airflow/example_dags/example_xcom.py
[2026-04-16T02:10:50.129+0000] {logging_mixin.py:188} INFO - [2026-04-16T02:10:50.128+0000] {dag.py:3036} INFO - Sync 1 DAGs
[2026-04-16T02:10:50.151+0000] {logging_mixin.py:188} INFO - [2026-04-16T02:10:50.151+0000] {dag.py:3823} INFO - Setting next_dagrun for example_xcom to 2021-01-01 00:00:00+00:00, run_after=2021-01-01 00:00:00+00:00
[2026-04-16T02:10:50.175+0000] {processor.py:183} INFO - Processing /home/airflow/.local/lib/python3.8/site-packages/airflow/example_dags/example_xcom.py took 0.084 seconds
[2026-04-16T02:11:20.424+0000] {processor.py:161} INFO - Started process (PID=63132) to work on /home/airflow/.local/lib/python3.8/site-packages/airflow/example_dags/example_xcom.py
[2026-04-16T02:11:20.425+0000] {processor.py:830} INFO - Processing file /home/airflow/.local/lib/python3.8/site-packages/airflow/example_dags/example_xcom.py for tasks to queue
[2026-04-16T02:11:20.427+0000] {logging_mixin.py:188} INFO - [2026-04-16T02:11:20.427+0000] {dagbag.py:538} INFO - Filling up the DagBag from /home/airflow/.local/lib/python3.8/site-packages/airflow/example_dags/example_xcom.py
[2026-04-16T02:11:20.437+0000] {processor.py:840} INFO - DAG(s) 'example_xcom' retrieved from /home/airflow/.local/lib/python3.8/site-packages/airflow/example_dags/example_xcom.py
[2026-04-16T02:11:20.461+0000] {logging_mixin.py:188} INFO - [2026-04-16T02:11:20.460+0000] {dag.py:3036} INFO - Sync 1 DAGs
[2026-04-16T02:11:20.480+0000] {logging_mixin.py:188} INFO - [2026-04-16T02:11:20.480+0000] {dag.py:3823} INFO - Setting next_dagrun for example_xcom to 2021-01-01 00:00:00+00:00, run_after=2021-01-01 00:00:00+00:00
[2026-04-16T02:11:20.503+0000] {processor.py:183} INFO - Processing /home/airflow/.local/lib/python3.8/site-packages/airflow/example_dags/example_xcom.py took 0.083 seconds
[2026-04-16T02:11:50.790+0000] {processor.py:161} INFO - Started process (PID=63189) to work on /home/airflow/.local/lib/python3.8/site-packages/airflow/example_dags/example_xcom.py
[2026-04-16T02:11:50.791+0000] {processor.py:830} INFO - Processing file /home/airflow/.local/lib/python3.8/site-packages/airflow/example_dags/example_xcom.py for tasks to queue
[2026-04-16T02:11:50.794+0000] {logging_mixin.py:188} INFO - [2026-04-16T02:11:50.793+0000] {dagbag.py:538} INFO - Filling up the DagBag from /home/airflow/.local/lib/python3.8/site-packages/airflow/example_dags/example_xcom.py
[2026-04-16T02:11:50.802+0000] {processor.py:840} INFO - DAG(s) 'example_xcom' retrieved from /home/airflow/.local/lib/python3.8/site-packages/airflow/example_dags/example_xcom.py
[2026-04-16T02:11:50.827+0000] {logging_mixin.py:188} INFO - [2026-04-16T02:11:50.827+0000] {dag.py:3036} INFO - Sync 1 DAGs
[2026-04-16T02:11:50.851+0000] {logging_mixin.py:188} INFO - [2026-04-16T02:11:50.851+0000] {dag.py:3823} INFO - Setting next_dagrun for example_xcom to 2021-01-01 00:00:00+00:00, run_after=2021-01-01 00:00:00+00:00
[2026-04-16T02:11:50.874+0000] {processor.py:183} INFO - Processing /home/airflow/.local/lib/python3.8/site-packages/airflow/example_dags/example_xcom.py took 0.089 seconds
[2026-04-16T02:12:21.279+0000] {processor.py:161} INFO - Started process (PID=63246) to work on /home/airflow/.local/lib/python3.8/site-packages/airflow/example_dags/example_xcom.py
[2026-04-16T02:12:21.280+0000] {processor.py:830} INFO - Processing file /home/airflow/.local/lib/python3.8/site-packages/airflow/example_dags/example_xcom.py for tasks to queue
[2026-04-16T02:12:21.282+0000] {logging_mixin.py:188} INFO - [2026-04-16T02:12:21.281+0000] {dagbag.py:538} INFO - Filling up the DagBag from /home/airflow/.local/lib/python3.8/site-packages/airflow/example_dags/example_xcom.py
[2026-04-16T02:12:21.289+0000] {processor.py:840} INFO - DAG(s) 'example_xcom' retrieved from /home/airflow/.local/lib/python3.8/site-packages/airflow/example_dags/example_xcom.py
[2026-04-16T02:12:21.312+0000] {logging_mixin.py:188} INFO - [2026-04-16T02:12:21.312+0000] {dag.py:3036} INFO - Sync 1 DAGs
[2026-04-16T02:12:21.332+0000] {logging_mixin.py:188} INFO - [2026-04-16T02:12:21.332+0000] {dag.py:3823} INFO - Setting next_dagrun for example_xcom to 2021-01-01 00:00:00+00:00, run_after=2021-01-01 00:00:00+00:00
[2026-04-16T02:12:21.355+0000] {processor.py:183} INFO - Processing /home/airflow/.local/lib/python3.8/site-packages/airflow/example_dags/example_xcom.py took 0.080 seconds
[2026-04-16T02:12:51.824+0000] {processor.py:161} INFO - Started process (PID=63303) to work on /home/airflow/.local/lib/python3.8/site-packages/airflow/example_dags/example_xcom.py
[2026-04-16T02:12:51.826+0000] {processor.py:830} INFO - Processing file /home/airflow/.local/lib/python3.8/site-packages/airflow/example_dags/example_xcom.py for tasks to queue
[2026-04-16T02:12:51.829+0000] {logging_mixin.py:188} INFO - [2026-04-16T02:12:51.829+0000] {dagbag.py:538} INFO - Filling up the DagBag from /home/airflow/.local/lib/python3.8/site-packages/airflow/example_dags/example_xcom.py
[2026-04-16T02:12:51.837+0000] {processor.py:840} INFO - DAG(s) 'example_xcom' retrieved from /home/airflow/.local/lib/python3.8/site-packages/airflow/example_dags/example_xcom.py
[2026-04-16T02:12:51.861+0000] {logging_mixin.py:188} INFO - [2026-04-16T02:12:51.861+0000] {dag.py:3036} INFO - Sync 1 DAGs
[2026-04-16T02:12:51.881+0000] {logging_mixin.py:188} INFO - [2026-04-16T02:12:51.881+0000] {dag.py:3823} INFO - Setting next_dagrun for example_xcom to 2021-01-01 00:00:00+00:00, run_after=2021-01-01 00:00:00+00:00
[2026-04-16T02:12:51.902+0000] {processor.py:183} INFO - Processing /home/airflow/.local/lib/python3.8/site-packages/airflow/example_dags/example_xcom.py took 0.082 seconds
[2026-04-16T02:13:22.432+0000] {processor.py:161} INFO - Started process (PID=63360) to work on /home/airflow/.local/lib/python3.8/site-packages/airflow/example_dags/example_xcom.py
[2026-04-16T02:13:22.433+0000] {processor.py:830} INFO - Processing file /home/airflow/.local/lib/python3.8/site-packages/airflow/example_dags/example_xcom.py for tasks to queue
[2026-04-16T02:13:22.435+0000] {logging_mixin.py:188} INFO - [2026-04-16T02:13:22.435+0000] {dagbag.py:538} INFO - Filling up the DagBag from /home/airflow/.local/lib/python3.8/site-packages/airflow/example_dags/example_xcom.py
[2026-04-16T02:13:22.443+0000] {processor.py:840} INFO - DAG(s) 'example_xcom' retrieved from /home/airflow/.local/lib/python3.8/site-packages/airflow/example_dags/example_xcom.py
[2026-04-16T02:13:22.464+0000] {logging_mixin.py:188} INFO - [2026-04-16T02:13:22.464+0000] {dag.py:3036} INFO - Sync 1 DAGs
[2026-04-16T02:13:22.486+0000] {logging_mixin.py:188} INFO - [2026-04-16T02:13:22.485+0000] {dag.py:3823} INFO - Setting next_dagrun for example_xcom to 2021-01-01 00:00:00+00:00, run_after=2021-01-01 00:00:00+00:00
[2026-04-16T02:13:22.507+0000] {processor.py:183} INFO - Processing /home/airflow/.local/lib/python3.8/site-packages/airflow/example_dags/example_xcom.py took 0.079 seconds
[2026-04-16T02:13:52.978+0000] {processor.py:161} INFO - Started process (PID=63417) to work on /home/airflow/.local/lib/python3.8/site-packages/airflow/example_dags/example_xcom.py
[2026-04-16T02:13:52.980+0000] {processor.py:830} INFO - Processing file /home/airflow/.local/lib/python3.8/site-packages/airflow/example_dags/example_xcom.py for tasks to queue
[2026-04-16T02:13:52.982+0000] {logging_mixin.py:188} INFO - [2026-04-16T02:13:52.982+0000] {dagbag.py:538} INFO - Filling up the DagBag from /home/airflow/.local/lib/python3.8/site-packages/airflow/example_dags/example_xcom.py
[2026-04-16T02:13:52.989+0000] {processor.py:840} INFO - DAG(s) 'example_xcom' retrieved from /home/airflow/.local/lib/python3.8/site-packages/airflow/example_dags/example_xcom.py
[2026-04-16T02:13:53.012+0000] {logging_mixin.py:188} INFO - [2026-04-16T02:13:53.012+0000] {dag.py:3036} INFO - Sync 1 DAGs
[2026-04-16T02:13:53.033+0000] {logging_mixin.py:188} INFO - [2026-04-16T02:13:53.032+0000] {dag.py:3823} INFO - Setting next_dagrun for example_xcom to 2021-01-01 00:00:00+00:00, run_after=2021-01-01 00:00:00+00:00
[2026-04-16T02:13:53.056+0000] {processor.py:183} INFO - Processing /home/airflow/.local/lib/python3.8/site-packages/airflow/example_dags/example_xcom.py took 0.081 seconds
[2026-04-16T02:14:23.471+0000] {processor.py:161} INFO - Started process (PID=63474) to work on /home/airflow/.local/lib/python3.8/site-packages/airflow/example_dags/example_xcom.py
[2026-04-16T02:14:23.473+0000] {processor.py:830} INFO - Processing file /home/airflow/.local/lib/python3.8/site-packages/airflow/example_dags/example_xcom.py for tasks to queue
[2026-04-16T02:14:23.475+0000] {logging_mixin.py:188} INFO - [2026-04-16T02:14:23.475+0000] {dagbag.py:538} INFO - Filling up the DagBag from /home/airflow/.local/lib/python3.8/site-packages/airflow/example_dags/example_xcom.py
[2026-04-16T02:14:23.483+0000] {processor.py:840} INFO - DAG(s) 'example_xcom' retrieved from /home/airflow/.local/lib/python3.8/site-packages/airflow/example_dags/example_xcom.py
[2026-04-16T02:14:23.506+0000] {logging_mixin.py:188} INFO - [2026-04-16T02:14:23.506+0000] {dag.py:3036} INFO - Sync 1 DAGs
[2026-04-16T02:14:23.530+0000] {logging_mixin.py:188} INFO - [2026-04-16T02:14:23.529+0000] {dag.py:3823} INFO - Setting next_dagrun for example_xcom to 2021-01-01 00:00:00+00:00, run_after=2021-01-01 00:00:00+00:00
[2026-04-16T02:14:23.555+0000] {processor.py:183} INFO - Processing /home/airflow/.local/lib/python3.8/site-packages/airflow/example_dags/example_xcom.py took 0.087 seconds
[2026-04-16T02:14:53.898+0000] {processor.py:161} INFO - Started process (PID=63531) to work on /home/airflow/.local/lib/python3.8/site-packages/airflow/example_dags/example_xcom.py
[2026-04-16T02:14:53.899+0000] {processor.py:830} INFO - Processing file /home/airflow/.local/lib/python3.8/site-packages/airflow/example_dags/example_xcom.py for tasks to queue
[2026-04-16T02:14:53.902+0000] {logging_mixin.py:188} INFO - [2026-04-16T02:14:53.902+0000] {dagbag.py:538} INFO - Filling up the DagBag from /home/airflow/.local/lib/python3.8/site-packages/airflow/example_dags/example_xcom.py
[2026-04-16T02:14:53.912+0000] {processor.py:840} INFO - DAG(s) 'example_xcom' retrieved from /home/airflow/.local/lib/python3.8/site-packages/airflow/example_dags/example_xcom.py
[2026-04-16T02:14:53.935+0000] {logging_mixin.py:188} INFO - [2026-04-16T02:14:53.935+0000] {dag.py:3036} INFO - Sync 1 DAGs
[2026-04-16T02:14:53.956+0000] {logging_mixin.py:188} INFO - [2026-04-16T02:14:53.956+0000] {dag.py:3823} INFO - Setting next_dagrun for example_xcom to 2021-01-01 00:00:00+00:00, run_after=2021-01-01 00:00:00+00:00
[2026-04-16T02:14:53.978+0000] {processor.py:183} INFO - Processing /home/airflow/.local/lib/python3.8/site-packages/airflow/example_dags/example_xcom.py took 0.083 seconds
[2026-04-16T02:15:24.209+0000] {processor.py:161} INFO - Started process (PID=63588) to work on /home/airflow/.local/lib/python3.8/site-packages/airflow/example_dags/example_xcom.py
[2026-04-16T02:15:24.210+0000] {processor.py:830} INFO - Processing file /home/airflow/.local/lib/python3.8/site-packages/airflow/example_dags/example_xcom.py for tasks to queue
[2026-04-16T02:15:24.212+0000] {logging_mixin.py:188} INFO - [2026-04-16T02:15:24.212+0000] {dagbag.py:538} INFO - Filling up the DagBag from /home/airflow/.local/lib/python3.8/site-packages/airflow/example_dags/example_xcom.py
[2026-04-16T02:15:24.221+0000] {processor.py:840} INFO - DAG(s) 'example_xcom' retrieved from /home/airflow/.local/lib/python3.8/site-packages/airflow/example_dags/example_xcom.py
[2026-04-16T02:15:24.245+0000] {logging_mixin.py:188} INFO - [2026-04-16T02:15:24.244+0000] {dag.py:3036} INFO - Sync 1 DAGs
[2026-04-16T02:15:24.264+0000] {logging_mixin.py:188} INFO - [2026-04-16T02:15:24.264+0000] {dag.py:3823} INFO - Setting next_dagrun for example_xcom to 2021-01-01 00:00:00+00:00, run_after=2021-01-01 00:00:00+00:00
[2026-04-16T02:15:24.288+0000] {processor.py:183} INFO - Processing /home/airflow/.local/lib/python3.8/site-packages/airflow/example_dags/example_xcom.py took 0.084 seconds
[2026-04-16T02:15:54.647+0000] {processor.py:161} INFO - Started process (PID=63644) to work on /home/airflow/.local/lib/python3.8/site-packages/airflow/example_dags/example_xcom.py
[2026-04-16T02:15:54.649+0000] {processor.py:830} INFO - Processing file /home/airflow/.local/lib/python3.8/site-packages/airflow/example_dags/example_xcom.py for tasks to queue
[2026-04-16T02:15:54.651+0000] {logging_mixin.py:188} INFO - [2026-04-16T02:15:54.650+0000] {dagbag.py:538} INFO - Filling up the DagBag from /home/airflow/.local/lib/python3.8/site-packages/airflow/example_dags/example_xcom.py
[2026-04-16T02:15:54.658+0000] {processor.py:840} INFO - DAG(s) 'example_xcom' retrieved from /home/airflow/.local/lib/python3.8/site-packages/airflow/example_dags/example_xcom.py
[2026-04-16T02:15:54.681+0000] {logging_mixin.py:188} INFO - [2026-04-16T02:15:54.681+0000] {dag.py:3036} INFO - Sync 1 DAGs
[2026-04-16T02:15:54.703+0000] {logging_mixin.py:188} INFO - [2026-04-16T02:15:54.702+0000] {dag.py:3823} INFO - Setting next_dagrun for example_xcom to 2021-01-01 00:00:00+00:00, run_after=2021-01-01 00:00:00+00:00
[2026-04-16T02:15:54.723+0000] {processor.py:183} INFO - Processing /home/airflow/.local/lib/python3.8/site-packages/airflow/example_dags/example_xcom.py took 0.080 seconds
[2026-04-16T02:16:25.004+0000] {processor.py:161} INFO - Started process (PID=63701) to work on /home/airflow/.local/lib/python3.8/site-packages/airflow/example_dags/example_xcom.py
[2026-04-16T02:16:25.005+0000] {processor.py:830} INFO - Processing file /home/airflow/.local/lib/python3.8/site-packages/airflow/example_dags/example_xcom.py for tasks to queue
[2026-04-16T02:16:25.008+0000] {logging_mixin.py:188} INFO - [2026-04-16T02:16:25.007+0000] {dagbag.py:538} INFO - Filling up the DagBag from /home/airflow/.local/lib/python3.8/site-packages/airflow/example_dags/example_xcom.py
[2026-04-16T02:16:25.016+0000] {processor.py:840} INFO - DAG(s) 'example_xcom' retrieved from /home/airflow/.local/lib/python3.8/site-packages/airflow/example_dags/example_xcom.py
[2026-04-16T02:16:25.040+0000] {logging_mixin.py:188} INFO - [2026-04-16T02:16:25.040+0000] {dag.py:3036} INFO - Sync 1 DAGs
[2026-04-16T02:16:25.063+0000] {logging_mixin.py:188} INFO - [2026-04-16T02:16:25.062+0000] {dag.py:3823} INFO - Setting next_dagrun for example_xcom to 2021-01-01 00:00:00+00:00, run_after=2021-01-01 00:00:00+00:00
[2026-04-16T02:16:25.085+0000] {processor.py:183} INFO - Processing /home/airflow/.local/lib/python3.8/site-packages/airflow/example_dags/example_xcom.py took 0.085 seconds
[2026-04-16T02:16:55.361+0000] {processor.py:161} INFO - Started process (PID=63757) to work on /home/airflow/.local/lib/python3.8/site-packages/airflow/example_dags/example_xcom.py
[2026-04-16T02:16:55.362+0000] {processor.py:830} INFO - Processing file /home/airflow/.local/lib/python3.8/site-packages/airflow/example_dags/example_xcom.py for tasks to queue
[2026-04-16T02:16:55.365+0000] {logging_mixin.py:188} INFO - [2026-04-16T02:16:55.365+0000] {dagbag.py:538} INFO - Filling up the DagBag from /home/airflow/.local/lib/python3.8/site-packages/airflow/example_dags/example_xcom.py
[2026-04-16T02:16:55.373+0000] {processor.py:840} INFO - DAG(s) 'example_xcom' retrieved from /home/airflow/.local/lib/python3.8/site-packages/airflow/example_dags/example_xcom.py
[2026-04-16T02:16:55.396+0000] {logging_mixin.py:188} INFO - [2026-04-16T02:16:55.395+0000] {dag.py:3036} INFO - Sync 1 DAGs
[2026-04-16T02:16:55.415+0000] {logging_mixin.py:188} INFO - [2026-04-16T02:16:55.415+0000] {dag.py:3823} INFO - Setting next_dagrun for example_xcom to 2021-01-01 00:00:00+00:00, run_after=2021-01-01 00:00:00+00:00
[2026-04-16T02:16:55.438+0000] {processor.py:183} INFO - Processing /home/airflow/.local/lib/python3.8/site-packages/airflow/example_dags/example_xcom.py took 0.081 seconds
[2026-04-16T02:17:26.038+0000] {processor.py:161} INFO - Started process (PID=63815) to work on /home/airflow/.local/lib/python3.8/site-packages/airflow/example_dags/example_xcom.py
[2026-04-16T02:17:26.040+0000] {processor.py:830} INFO - Processing file /home/airflow/.local/lib/python3.8/site-packages/airflow/example_dags/example_xcom.py for tasks to queue
[2026-04-16T02:17:26.042+0000] {logging_mixin.py:188} INFO - [2026-04-16T02:17:26.042+0000] {dagbag.py:538} INFO - Filling up the DagBag from /home/airflow/.local/lib/python3.8/site-packages/airflow/example_dags/example_xcom.py
[2026-04-16T02:17:26.050+0000] {processor.py:840} INFO - DAG(s) 'example_xcom' retrieved from /home/airflow/.local/lib/python3.8/site-packages/airflow/example_dags/example_xcom.py
[2026-04-16T02:17:26.072+0000] {logging_mixin.py:188} INFO - [2026-04-16T02:17:26.072+0000] {dag.py:3036} INFO - Sync 1 DAGs
[2026-04-16T02:17:26.093+0000] {logging_mixin.py:188} INFO - [2026-04-16T02:17:26.093+0000] {dag.py:3823} INFO - Setting next_dagrun for example_xcom to 2021-01-01 00:00:00+00:00, run_after=2021-01-01 00:00:00+00:00
[2026-04-16T02:17:26.115+0000] {processor.py:183} INFO - Processing /home/airflow/.local/lib/python3.8/site-packages/airflow/example_dags/example_xcom.py took 0.081 seconds
[2026-04-16T02:17:56.435+0000] {processor.py:161} INFO - Started process (PID=63872) to work on /home/airflow/.local/lib/python3.8/site-packages/airflow/example_dags/example_xcom.py
[2026-04-16T02:17:56.436+0000] {processor.py:830} INFO - Processing file /home/airflow/.local/lib/python3.8/site-packages/airflow/example_dags/example_xcom.py for tasks to queue
[2026-04-16T02:17:56.438+0000] {logging_mixin.py:188} INFO - [2026-04-16T02:17:56.438+0000] {dagbag.py:538} INFO - Filling up the DagBag from /home/airflow/.local/lib/python3.8/site-packages/airflow/example_dags/example_xcom.py
[2026-04-16T02:17:56.446+0000] {processor.py:840} INFO - DAG(s) 'example_xcom' retrieved from /home/airflow/.local/lib/python3.8/site-packages/airflow/example_dags/example_xcom.py
[2026-04-16T02:17:56.470+0000] {logging_mixin.py:188} INFO - [2026-04-16T02:17:56.470+0000] {dag.py:3036} INFO - Sync 1 DAGs
[2026-04-16T02:17:56.490+0000] {logging_mixin.py:188} INFO - [2026-04-16T02:17:56.490+0000] {dag.py:3823} INFO - Setting next_dagrun for example_xcom to 2021-01-01 00:00:00+00:00, run_after=2021-01-01 00:00:00+00:00
[2026-04-16T02:17:56.513+0000] {processor.py:183} INFO - Processing /home/airflow/.local/lib/python3.8/site-packages/airflow/example_dags/example_xcom.py took 0.081 seconds
[2026-04-16T02:18:26.866+0000] {processor.py:161} INFO - Started process (PID=63929) to work on /home/airflow/.local/lib/python3.8/site-packages/airflow/example_dags/example_xcom.py
[2026-04-16T02:18:26.867+0000] {processor.py:830} INFO - Processing file /home/airflow/.local/lib/python3.8/site-packages/airflow/example_dags/example_xcom.py for tasks to queue
[2026-04-16T02:18:26.871+0000] {logging_mixin.py:188} INFO - [2026-04-16T02:18:26.870+0000] {dagbag.py:538} INFO - Filling up the DagBag from /home/airflow/.local/lib/python3.8/site-packages/airflow/example_dags/example_xcom.py
[2026-04-16T02:18:26.882+0000] {processor.py:840} INFO - DAG(s) 'example_xcom' retrieved from /home/airflow/.local/lib/python3.8/site-packages/airflow/example_dags/example_xcom.py
[2026-04-16T02:18:26.914+0000] {logging_mixin.py:188} INFO - [2026-04-16T02:18:26.914+0000] {dag.py:3036} INFO - Sync 1 DAGs
[2026-04-16T02:18:26.939+0000] {logging_mixin.py:188} INFO - [2026-04-16T02:18:26.939+0000] {dag.py:3823} INFO - Setting next_dagrun for example_xcom to 2021-01-01 00:00:00+00:00, run_after=2021-01-01 00:00:00+00:00
[2026-04-16T02:18:26.963+0000] {processor.py:183} INFO - Processing /home/airflow/.local/lib/python3.8/site-packages/airflow/example_dags/example_xcom.py took 0.101 seconds
[2026-04-16T02:18:57.891+0000] {processor.py:161} INFO - Started process (PID=63986) to work on /home/airflow/.local/lib/python3.8/site-packages/airflow/example_dags/example_xcom.py
[2026-04-16T02:18:57.893+0000] {processor.py:830} INFO - Processing file /home/airflow/.local/lib/python3.8/site-packages/airflow/example_dags/example_xcom.py for tasks to queue
[2026-04-16T02:18:57.896+0000] {logging_mixin.py:188} INFO - [2026-04-16T02:18:57.895+0000] {dagbag.py:538} INFO - Filling up the DagBag from /home/airflow/.local/lib/python3.8/site-packages/airflow/example_dags/example_xcom.py
[2026-04-16T02:18:57.904+0000] {processor.py:840} INFO - DAG(s) 'example_xcom' retrieved from /home/airflow/.local/lib/python3.8/site-packages/airflow/example_dags/example_xcom.py
[2026-04-16T02:18:57.926+0000] {logging_mixin.py:188} INFO - [2026-04-16T02:18:57.926+0000] {dag.py:3036} INFO - Sync 1 DAGs
[2026-04-16T02:18:57.947+0000] {logging_mixin.py:188} INFO - [2026-04-16T02:18:57.947+0000] {dag.py:3823} INFO - Setting next_dagrun for example_xcom to 2021-01-01 00:00:00+00:00, run_after=2021-01-01 00:00:00+00:00
[2026-04-16T02:18:57.969+0000] {processor.py:183} INFO - Processing /home/airflow/.local/lib/python3.8/site-packages/airflow/example_dags/example_xcom.py took 0.082 seconds
[2026-04-16T02:19:28.102+0000] {processor.py:161} INFO - Started process (PID=64043) to work on /home/airflow/.local/lib/python3.8/site-packages/airflow/example_dags/example_xcom.py
[2026-04-16T02:19:28.103+0000] {processor.py:830} INFO - Processing file /home/airflow/.local/lib/python3.8/site-packages/airflow/example_dags/example_xcom.py for tasks to queue
[2026-04-16T02:19:28.105+0000] {logging_mixin.py:188} INFO - [2026-04-16T02:19:28.105+0000] {dagbag.py:538} INFO - Filling up the DagBag from /home/airflow/.local/lib/python3.8/site-packages/airflow/example_dags/example_xcom.py
[2026-04-16T02:19:28.115+0000] {processor.py:840} INFO - DAG(s) 'example_xcom' retrieved from /home/airflow/.local/lib/python3.8/site-packages/airflow/example_dags/example_xcom.py
[2026-04-16T02:19:28.139+0000] {logging_mixin.py:188} INFO - [2026-04-16T02:19:28.139+0000] {dag.py:3036} INFO - Sync 1 DAGs
[2026-04-16T02:19:28.160+0000] {logging_mixin.py:188} INFO - [2026-04-16T02:19:28.160+0000] {dag.py:3823} INFO - Setting next_dagrun for example_xcom to 2021-01-01 00:00:00+00:00, run_after=2021-01-01 00:00:00+00:00
[2026-04-16T02:19:28.180+0000] {processor.py:183} INFO - Processing /home/airflow/.local/lib/python3.8/site-packages/airflow/example_dags/example_xcom.py took 0.084 seconds
[2026-04-16T02:19:58.750+0000] {processor.py:161} INFO - Started process (PID=64100) to work on /home/airflow/.local/lib/python3.8/site-packages/airflow/example_dags/example_xcom.py
[2026-04-16T02:19:58.752+0000] {processor.py:830} INFO - Processing file /home/airflow/.local/lib/python3.8/site-packages/airflow/example_dags/example_xcom.py for tasks to queue
[2026-04-16T02:19:58.753+0000] {logging_mixin.py:188} INFO - [2026-04-16T02:19:58.753+0000] {dagbag.py:538} INFO - Filling up the DagBag from /home/airflow/.local/lib/python3.8/site-packages/airflow/example_dags/example_xcom.py
[2026-04-16T02:19:58.761+0000] {processor.py:840} INFO - DAG(s) 'example_xcom' retrieved from /home/airflow/.local/lib/python3.8/site-packages/airflow/example_dags/example_xcom.py
[2026-04-16T02:19:58.784+0000] {logging_mixin.py:188} INFO - [2026-04-16T02:19:58.784+0000] {dag.py:3036} INFO - Sync 1 DAGs
[2026-04-16T02:19:58.804+0000] {logging_mixin.py:188} INFO - [2026-04-16T02:19:58.804+0000] {dag.py:3823} INFO - Setting next_dagrun for example_xcom to 2021-01-01 00:00:00+00:00, run_after=2021-01-01 00:00:00+00:00
[2026-04-16T02:19:58.827+0000] {processor.py:183} INFO - Processing /home/airflow/.local/lib/python3.8/site-packages/airflow/example_dags/example_xcom.py took 0.080 seconds
[2026-04-16T02:20:29.119+0000] {processor.py:161} INFO - Started process (PID=64158) to work on /home/airflow/.local/lib/python3.8/site-packages/airflow/example_dags/example_xcom.py
[2026-04-16T02:20:29.121+0000] {processor.py:830} INFO - Processing file /home/airflow/.local/lib/python3.8/site-packages/airflow/example_dags/example_xcom.py for tasks to queue
[2026-04-16T02:20:29.123+0000] {logging_mixin.py:188} INFO - [2026-04-16T02:20:29.123+0000] {dagbag.py:538} INFO - Filling up the DagBag from /home/airflow/.local/lib/python3.8/site-packages/airflow/example_dags/example_xcom.py
[2026-04-16T02:20:29.130+0000] {processor.py:840} INFO - DAG(s) 'example_xcom' retrieved from /home/airflow/.local/lib/python3.8/site-packages/airflow/example_dags/example_xcom.py
[2026-04-16T02:20:29.153+0000] {logging_mixin.py:188} INFO - [2026-04-16T02:20:29.152+0000] {dag.py:3036} INFO - Sync 1 DAGs
[2026-04-16T02:20:29.172+0000] {logging_mixin.py:188} INFO - [2026-04-16T02:20:29.172+0000] {dag.py:3823} INFO - Setting next_dagrun for example_xcom to 2021-01-01 00:00:00+00:00, run_after=2021-01-01 00:00:00+00:00
[2026-04-16T02:20:29.195+0000] {processor.py:183} INFO - Processing /home/airflow/.local/lib/python3.8/site-packages/airflow/example_dags/example_xcom.py took 0.079 seconds
[2026-04-16T02:20:59.612+0000] {processor.py:161} INFO - Started process (PID=64215) to work on /home/airflow/.local/lib/python3.8/site-packages/airflow/example_dags/example_xcom.py
[2026-04-16T02:20:59.614+0000] {processor.py:830} INFO - Processing file /home/airflow/.local/lib/python3.8/site-packages/airflow/example_dags/example_xcom.py for tasks to queue
[2026-04-16T02:20:59.617+0000] {logging_mixin.py:188} INFO - [2026-04-16T02:20:59.617+0000] {dagbag.py:538} INFO - Filling up the DagBag from /home/airflow/.local/lib/python3.8/site-packages/airflow/example_dags/example_xcom.py
[2026-04-16T02:20:59.627+0000] {processor.py:840} INFO - DAG(s) 'example_xcom' retrieved from /home/airflow/.local/lib/python3.8/site-packages/airflow/example_dags/example_xcom.py
[2026-04-16T02:20:59.661+0000] {logging_mixin.py:188} INFO - [2026-04-16T02:20:59.661+0000] {dag.py:3036} INFO - Sync 1 DAGs
[2026-04-16T02:20:59.684+0000] {logging_mixin.py:188} INFO - [2026-04-16T02:20:59.684+0000] {dag.py:3823} INFO - Setting next_dagrun for example_xcom to 2021-01-01 00:00:00+00:00, run_after=2021-01-01 00:00:00+00:00
[2026-04-16T02:20:59.708+0000] {processor.py:183} INFO - Processing /home/airflow/.local/lib/python3.8/site-packages/airflow/example_dags/example_xcom.py took 0.101 seconds
[2026-04-16T02:21:30.055+0000] {processor.py:161} INFO - Started process (PID=64272) to work on /home/airflow/.local/lib/python3.8/site-packages/airflow/example_dags/example_xcom.py
[2026-04-16T02:21:30.056+0000] {processor.py:830} INFO - Processing file /home/airflow/.local/lib/python3.8/site-packages/airflow/example_dags/example_xcom.py for tasks to queue
[2026-04-16T02:21:30.059+0000] {logging_mixin.py:188} INFO - [2026-04-16T02:21:30.058+0000] {dagbag.py:538} INFO - Filling up the DagBag from /home/airflow/.local/lib/python3.8/site-packages/airflow/example_dags/example_xcom.py
[2026-04-16T02:21:30.066+0000] {processor.py:840} INFO - DAG(s) 'example_xcom' retrieved from /home/airflow/.local/lib/python3.8/site-packages/airflow/example_dags/example_xcom.py
[2026-04-16T02:21:30.091+0000] {logging_mixin.py:188} INFO - [2026-04-16T02:21:30.091+0000] {dag.py:3036} INFO - Sync 1 DAGs
[2026-04-16T02:21:30.113+0000] {logging_mixin.py:188} INFO - [2026-04-16T02:21:30.113+0000] {dag.py:3823} INFO - Setting next_dagrun for example_xcom to 2021-01-01 00:00:00+00:00, run_after=2021-01-01 00:00:00+00:00
[2026-04-16T02:21:30.135+0000] {processor.py:183} INFO - Processing /home/airflow/.local/lib/python3.8/site-packages/airflow/example_dags/example_xcom.py took 0.083 seconds
[2026-04-16T02:22:00.434+0000] {processor.py:161} INFO - Started process (PID=64329) to work on /home/airflow/.local/lib/python3.8/site-packages/airflow/example_dags/example_xcom.py
[2026-04-16T02:22:00.436+0000] {processor.py:830} INFO - Processing file /home/airflow/.local/lib/python3.8/site-packages/airflow/example_dags/example_xcom.py for tasks to queue
[2026-04-16T02:22:00.439+0000] {logging_mixin.py:188} INFO - [2026-04-16T02:22:00.439+0000] {dagbag.py:538} INFO - Filling up the DagBag from /home/airflow/.local/lib/python3.8/site-packages/airflow/example_dags/example_xcom.py
[2026-04-16T02:22:00.448+0000] {processor.py:840} INFO - DAG(s) 'example_xcom' retrieved from /home/airflow/.local/lib/python3.8/site-packages/airflow/example_dags/example_xcom.py
[2026-04-16T02:22:00.474+0000] {logging_mixin.py:188} INFO - [2026-04-16T02:22:00.473+0000] {dag.py:3036} INFO - Sync 1 DAGs
[2026-04-16T02:22:00.497+0000] {logging_mixin.py:188} INFO - [2026-04-16T02:22:00.497+0000] {dag.py:3823} INFO - Setting next_dagrun for example_xcom to 2021-01-01 00:00:00+00:00, run_after=2021-01-01 00:00:00+00:00
[2026-04-16T02:22:00.522+0000] {processor.py:183} INFO - Processing /home/airflow/.local/lib/python3.8/site-packages/airflow/example_dags/example_xcom.py took 0.091 seconds
[2026-04-16T02:22:31.495+0000] {processor.py:161} INFO - Started process (PID=64387) to work on /home/airflow/.local/lib/python3.8/site-packages/airflow/example_dags/example_xcom.py
[2026-04-16T02:22:31.497+0000] {processor.py:830} INFO - Processing file /home/airflow/.local/lib/python3.8/site-packages/airflow/example_dags/example_xcom.py for tasks to queue
[2026-04-16T02:22:31.500+0000] {logging_mixin.py:188} INFO - [2026-04-16T02:22:31.499+0000] {dagbag.py:538} INFO - Filling up the DagBag from /home/airflow/.local/lib/python3.8/site-packages/airflow/example_dags/example_xcom.py
[2026-04-16T02:22:31.508+0000] {processor.py:840} INFO - DAG(s) 'example_xcom' retrieved from /home/airflow/.local/lib/python3.8/site-packages/airflow/example_dags/example_xcom.py
[2026-04-16T02:22:31.534+0000] {logging_mixin.py:188} INFO - [2026-04-16T02:22:31.534+0000] {dag.py:3036} INFO - Sync 1 DAGs
[2026-04-16T02:22:31.555+0000] {logging_mixin.py:188} INFO - [2026-04-16T02:22:31.555+0000] {dag.py:3823} INFO - Setting next_dagrun for example_xcom to 2021-01-01 00:00:00+00:00, run_after=2021-01-01 00:00:00+00:00
[2026-04-16T02:22:31.577+0000] {processor.py:183} INFO - Processing /home/airflow/.local/lib/python3.8/site-packages/airflow/example_dags/example_xcom.py took 0.087 seconds
[2026-04-16T02:23:02.699+0000] {processor.py:161} INFO - Started process (PID=64444) to work on /home/airflow/.local/lib/python3.8/site-packages/airflow/example_dags/example_xcom.py
[2026-04-16T02:23:02.700+0000] {processor.py:830} INFO - Processing file /home/airflow/.local/lib/python3.8/site-packages/airflow/example_dags/example_xcom.py for tasks to queue
[2026-04-16T02:23:02.702+0000] {logging_mixin.py:188} INFO - [2026-04-16T02:23:02.702+0000] {dagbag.py:538} INFO - Filling up the DagBag from /home/airflow/.local/lib/python3.8/site-packages/airflow/example_dags/example_xcom.py
[2026-04-16T02:23:02.710+0000] {processor.py:840} INFO - DAG(s) 'example_xcom' retrieved from /home/airflow/.local/lib/python3.8/site-packages/airflow/example_dags/example_xcom.py
[2026-04-16T02:23:02.732+0000] {logging_mixin.py:188} INFO - [2026-04-16T02:23:02.732+0000] {dag.py:3036} INFO - Sync 1 DAGs
[2026-04-16T02:23:02.898+0000] {logging_mixin.py:188} INFO - [2026-04-16T02:23:02.898+0000] {dag.py:3823} INFO - Setting next_dagrun for example_xcom to 2021-01-01 00:00:00+00:00, run_after=2021-01-01 00:00:00+00:00
[2026-04-16T02:23:02.918+0000] {processor.py:183} INFO - Processing /home/airflow/.local/lib/python3.8/site-packages/airflow/example_dags/example_xcom.py took 0.222 seconds
[2026-04-16T02:23:33.294+0000] {processor.py:161} INFO - Started process (PID=64501) to work on /home/airflow/.local/lib/python3.8/site-packages/airflow/example_dags/example_xcom.py
[2026-04-16T02:23:33.295+0000] {processor.py:830} INFO - Processing file /home/airflow/.local/lib/python3.8/site-packages/airflow/example_dags/example_xcom.py for tasks to queue
[2026-04-16T02:23:33.298+0000] {logging_mixin.py:188} INFO - [2026-04-16T02:23:33.297+0000] {dagbag.py:538} INFO - Filling up the DagBag from /home/airflow/.local/lib/python3.8/site-packages/airflow/example_dags/example_xcom.py
[2026-04-16T02:23:33.305+0000] {processor.py:840} INFO - DAG(s) 'example_xcom' retrieved from /home/airflow/.local/lib/python3.8/site-packages/airflow/example_dags/example_xcom.py
[2026-04-16T02:23:33.328+0000] {logging_mixin.py:188} INFO - [2026-04-16T02:23:33.328+0000] {dag.py:3036} INFO - Sync 1 DAGs
[2026-04-16T02:23:33.468+0000] {logging_mixin.py:188} INFO - [2026-04-16T02:23:33.468+0000] {dag.py:3823} INFO - Setting next_dagrun for example_xcom to 2021-01-01 00:00:00+00:00, run_after=2021-01-01 00:00:00+00:00
[2026-04-16T02:23:33.498+0000] {processor.py:183} INFO - Processing /home/airflow/.local/lib/python3.8/site-packages/airflow/example_dags/example_xcom.py took 0.207 seconds
[2026-04-16T02:24:03.580+0000] {processor.py:161} INFO - Started process (PID=64558) to work on /home/airflow/.local/lib/python3.8/site-packages/airflow/example_dags/example_xcom.py
[2026-04-16T02:24:03.581+0000] {processor.py:830} INFO - Processing file /home/airflow/.local/lib/python3.8/site-packages/airflow/example_dags/example_xcom.py for tasks to queue
[2026-04-16T02:24:03.583+0000] {logging_mixin.py:188} INFO - [2026-04-16T02:24:03.583+0000] {dagbag.py:538} INFO - Filling up the DagBag from /home/airflow/.local/lib/python3.8/site-packages/airflow/example_dags/example_xcom.py
[2026-04-16T02:24:03.590+0000] {processor.py:840} INFO - DAG(s) 'example_xcom' retrieved from /home/airflow/.local/lib/python3.8/site-packages/airflow/example_dags/example_xcom.py
[2026-04-16T02:24:03.615+0000] {logging_mixin.py:188} INFO - [2026-04-16T02:24:03.614+0000] {dag.py:3036} INFO - Sync 1 DAGs
[2026-04-16T02:24:03.759+0000] {logging_mixin.py:188} INFO - [2026-04-16T02:24:03.759+0000] {dag.py:3823} INFO - Setting next_dagrun for example_xcom to 2021-01-01 00:00:00+00:00, run_after=2021-01-01 00:00:00+00:00
[2026-04-16T02:24:03.781+0000] {processor.py:183} INFO - Processing /home/airflow/.local/lib/python3.8/site-packages/airflow/example_dags/example_xcom.py took 0.204 seconds
[2026-04-16T02:24:34.461+0000] {processor.py:161} INFO - Started process (PID=64615) to work on /home/airflow/.local/lib/python3.8/site-packages/airflow/example_dags/example_xcom.py
[2026-04-16T02:24:34.462+0000] {processor.py:830} INFO - Processing file /home/airflow/.local/lib/python3.8/site-packages/airflow/example_dags/example_xcom.py for tasks to queue
[2026-04-16T02:24:34.464+0000] {logging_mixin.py:188} INFO - [2026-04-16T02:24:34.464+0000] {dagbag.py:538} INFO - Filling up the DagBag from /home/airflow/.local/lib/python3.8/site-packages/airflow/example_dags/example_xcom.py
[2026-04-16T02:24:34.472+0000] {processor.py:840} INFO - DAG(s) 'example_xcom' retrieved from /home/airflow/.local/lib/python3.8/site-packages/airflow/example_dags/example_xcom.py
[2026-04-16T02:24:34.497+0000] {logging_mixin.py:188} INFO - [2026-04-16T02:24:34.496+0000] {dag.py:3036} INFO - Sync 1 DAGs
[2026-04-16T02:24:34.516+0000] {logging_mixin.py:188} INFO - [2026-04-16T02:24:34.516+0000] {dag.py:3823} INFO - Setting next_dagrun for example_xcom to 2021-01-01 00:00:00+00:00, run_after=2021-01-01 00:00:00+00:00
[2026-04-16T02:24:34.537+0000] {processor.py:183} INFO - Processing /home/airflow/.local/lib/python3.8/site-packages/airflow/example_dags/example_xcom.py took 0.079 seconds
[2026-04-16T02:25:05.024+0000] {processor.py:161} INFO - Started process (PID=64678) to work on /home/airflow/.local/lib/python3.8/site-packages/airflow/example_dags/example_xcom.py
[2026-04-16T02:25:05.026+0000] {processor.py:830} INFO - Processing file /home/airflow/.local/lib/python3.8/site-packages/airflow/example_dags/example_xcom.py for tasks to queue
[2026-04-16T02:25:05.028+0000] {logging_mixin.py:188} INFO - [2026-04-16T02:25:05.028+0000] {dagbag.py:538} INFO - Filling up the DagBag from /home/airflow/.local/lib/python3.8/site-packages/airflow/example_dags/example_xcom.py
[2026-04-16T02:25:05.036+0000] {processor.py:840} INFO - DAG(s) 'example_xcom' retrieved from /home/airflow/.local/lib/python3.8/site-packages/airflow/example_dags/example_xcom.py
[2026-04-16T02:25:05.060+0000] {logging_mixin.py:188} INFO - [2026-04-16T02:25:05.060+0000] {dag.py:3036} INFO - Sync 1 DAGs
[2026-04-16T02:25:05.081+0000] {logging_mixin.py:188} INFO - [2026-04-16T02:25:05.080+0000] {dag.py:3823} INFO - Setting next_dagrun for example_xcom to 2021-01-01 00:00:00+00:00, run_after=2021-01-01 00:00:00+00:00
[2026-04-16T02:25:05.103+0000] {processor.py:183} INFO - Processing /home/airflow/.local/lib/python3.8/site-packages/airflow/example_dags/example_xcom.py took 0.083 seconds
[2026-04-16T02:25:35.493+0000] {processor.py:161} INFO - Started process (PID=64735) to work on /home/airflow/.local/lib/python3.8/site-packages/airflow/example_dags/example_xcom.py
[2026-04-16T02:25:35.495+0000] {processor.py:830} INFO - Processing file /home/airflow/.local/lib/python3.8/site-packages/airflow/example_dags/example_xcom.py for tasks to queue
[2026-04-16T02:25:35.498+0000] {logging_mixin.py:188} INFO - [2026-04-16T02:25:35.497+0000] {dagbag.py:538} INFO - Filling up the DagBag from /home/airflow/.local/lib/python3.8/site-packages/airflow/example_dags/example_xcom.py
[2026-04-16T02:25:35.506+0000] {processor.py:840} INFO - DAG(s) 'example_xcom' retrieved from /home/airflow/.local/lib/python3.8/site-packages/airflow/example_dags/example_xcom.py
[2026-04-16T02:25:35.530+0000] {logging_mixin.py:188} INFO - [2026-04-16T02:25:35.530+0000] {dag.py:3036} INFO - Sync 1 DAGs
[2026-04-16T02:25:35.552+0000] {logging_mixin.py:188} INFO - [2026-04-16T02:25:35.552+0000] {dag.py:3823} INFO - Setting next_dagrun for example_xcom to 2021-01-01 00:00:00+00:00, run_after=2021-01-01 00:00:00+00:00
[2026-04-16T02:25:35.576+0000] {processor.py:183} INFO - Processing /home/airflow/.local/lib/python3.8/site-packages/airflow/example_dags/example_xcom.py took 0.087 seconds
[2026-04-16T02:26:05.772+0000] {processor.py:161} INFO - Started process (PID=64792) to work on /home/airflow/.local/lib/python3.8/site-packages/airflow/example_dags/example_xcom.py
[2026-04-16T02:26:05.774+0000] {processor.py:830} INFO - Processing file /home/airflow/.local/lib/python3.8/site-packages/airflow/example_dags/example_xcom.py for tasks to queue
[2026-04-16T02:26:05.777+0000] {logging_mixin.py:188} INFO - [2026-04-16T02:26:05.776+0000] {dagbag.py:538} INFO - Filling up the DagBag from /home/airflow/.local/lib/python3.8/site-packages/airflow/example_dags/example_xcom.py
[2026-04-16T02:26:05.789+0000] {processor.py:840} INFO - DAG(s) 'example_xcom' retrieved from /home/airflow/.local/lib/python3.8/site-packages/airflow/example_dags/example_xcom.py
[2026-04-16T02:26:05.815+0000] {logging_mixin.py:188} INFO - [2026-04-16T02:26:05.815+0000] {dag.py:3036} INFO - Sync 1 DAGs
[2026-04-16T02:26:05.842+0000] {logging_mixin.py:188} INFO - [2026-04-16T02:26:05.841+0000] {dag.py:3823} INFO - Setting next_dagrun for example_xcom to 2021-01-01 00:00:00+00:00, run_after=2021-01-01 00:00:00+00:00
[2026-04-16T02:26:05.868+0000] {processor.py:183} INFO - Processing /home/airflow/.local/lib/python3.8/site-packages/airflow/example_dags/example_xcom.py took 0.102 seconds
[2026-04-16T02:26:36.070+0000] {processor.py:161} INFO - Started process (PID=64849) to work on /home/airflow/.local/lib/python3.8/site-packages/airflow/example_dags/example_xcom.py
[2026-04-16T02:26:36.071+0000] {processor.py:830} INFO - Processing file /home/airflow/.local/lib/python3.8/site-packages/airflow/example_dags/example_xcom.py for tasks to queue
[2026-04-16T02:26:36.074+0000] {logging_mixin.py:188} INFO - [2026-04-16T02:26:36.073+0000] {dagbag.py:538} INFO - Filling up the DagBag from /home/airflow/.local/lib/python3.8/site-packages/airflow/example_dags/example_xcom.py
[2026-04-16T02:26:36.081+0000] {processor.py:840} INFO - DAG(s) 'example_xcom' retrieved from /home/airflow/.local/lib/python3.8/site-packages/airflow/example_dags/example_xcom.py
[2026-04-16T02:26:36.106+0000] {logging_mixin.py:188} INFO - [2026-04-16T02:26:36.105+0000] {dag.py:3036} INFO - Sync 1 DAGs
[2026-04-16T02:26:36.126+0000] {logging_mixin.py:188} INFO - [2026-04-16T02:26:36.126+0000] {dag.py:3823} INFO - Setting next_dagrun for example_xcom to 2021-01-01 00:00:00+00:00, run_after=2021-01-01 00:00:00+00:00
[2026-04-16T02:26:36.149+0000] {processor.py:183} INFO - Processing /home/airflow/.local/lib/python3.8/site-packages/airflow/example_dags/example_xcom.py took 0.084 seconds
[2026-04-16T02:27:06.376+0000] {processor.py:161} INFO - Started process (PID=64906) to work on /home/airflow/.local/lib/python3.8/site-packages/airflow/example_dags/example_xcom.py
[2026-04-16T02:27:06.378+0000] {processor.py:830} INFO - Processing file /home/airflow/.local/lib/python3.8/site-packages/airflow/example_dags/example_xcom.py for tasks to queue
[2026-04-16T02:27:06.380+0000] {logging_mixin.py:188} INFO - [2026-04-16T02:27:06.380+0000] {dagbag.py:538} INFO - Filling up the DagBag from /home/airflow/.local/lib/python3.8/site-packages/airflow/example_dags/example_xcom.py
[2026-04-16T02:27:06.389+0000] {processor.py:840} INFO - DAG(s) 'example_xcom' retrieved from /home/airflow/.local/lib/python3.8/site-packages/airflow/example_dags/example_xcom.py
[2026-04-16T02:27:06.414+0000] {logging_mixin.py:188} INFO - [2026-04-16T02:27:06.414+0000] {dag.py:3036} INFO - Sync 1 DAGs
[2026-04-16T02:27:06.435+0000] {logging_mixin.py:188} INFO - [2026-04-16T02:27:06.435+0000] {dag.py:3823} INFO - Setting next_dagrun for example_xcom to 2021-01-01 00:00:00+00:00, run_after=2021-01-01 00:00:00+00:00
[2026-04-16T02:27:06.457+0000] {processor.py:183} INFO - Processing /home/airflow/.local/lib/python3.8/site-packages/airflow/example_dags/example_xcom.py took 0.084 seconds
[2026-04-16T02:27:36.999+0000] {processor.py:161} INFO - Started process (PID=64963) to work on /home/airflow/.local/lib/python3.8/site-packages/airflow/example_dags/example_xcom.py
[2026-04-16T02:27:37.001+0000] {processor.py:830} INFO - Processing file /home/airflow/.local/lib/python3.8/site-packages/airflow/example_dags/example_xcom.py for tasks to queue
[2026-04-16T02:27:37.003+0000] {logging_mixin.py:188} INFO - [2026-04-16T02:27:37.002+0000] {dagbag.py:538} INFO - Filling up the DagBag from /home/airflow/.local/lib/python3.8/site-packages/airflow/example_dags/example_xcom.py
[2026-04-16T02:27:37.011+0000] {processor.py:840} INFO - DAG(s) 'example_xcom' retrieved from /home/airflow/.local/lib/python3.8/site-packages/airflow/example_dags/example_xcom.py
[2026-04-16T02:27:37.034+0000] {logging_mixin.py:188} INFO - [2026-04-16T02:27:37.033+0000] {dag.py:3036} INFO - Sync 1 DAGs
[2026-04-16T02:27:37.058+0000] {logging_mixin.py:188} INFO - [2026-04-16T02:27:37.058+0000] {dag.py:3823} INFO - Setting next_dagrun for example_xcom to 2021-01-01 00:00:00+00:00, run_after=2021-01-01 00:00:00+00:00
[2026-04-16T02:27:37.083+0000] {processor.py:183} INFO - Processing /home/airflow/.local/lib/python3.8/site-packages/airflow/example_dags/example_xcom.py took 0.088 seconds
[2026-04-16T02:28:07.198+0000] {processor.py:161} INFO - Started process (PID=65020) to work on /home/airflow/.local/lib/python3.8/site-packages/airflow/example_dags/example_xcom.py
[2026-04-16T02:28:07.200+0000] {processor.py:830} INFO - Processing file /home/airflow/.local/lib/python3.8/site-packages/airflow/example_dags/example_xcom.py for tasks to queue
[2026-04-16T02:28:07.202+0000] {logging_mixin.py:188} INFO - [2026-04-16T02:28:07.202+0000] {dagbag.py:538} INFO - Filling up the DagBag from /home/airflow/.local/lib/python3.8/site-packages/airflow/example_dags/example_xcom.py
[2026-04-16T02:28:07.212+0000] {processor.py:840} INFO - DAG(s) 'example_xcom' retrieved from /home/airflow/.local/lib/python3.8/site-packages/airflow/example_dags/example_xcom.py
[2026-04-16T02:28:07.235+0000] {logging_mixin.py:188} INFO - [2026-04-16T02:28:07.234+0000] {dag.py:3036} INFO - Sync 1 DAGs
[2026-04-16T02:28:07.256+0000] {logging_mixin.py:188} INFO - [2026-04-16T02:28:07.255+0000] {dag.py:3823} INFO - Setting next_dagrun for example_xcom to 2021-01-01 00:00:00+00:00, run_after=2021-01-01 00:00:00+00:00
[2026-04-16T02:28:07.280+0000] {processor.py:183} INFO - Processing /home/airflow/.local/lib/python3.8/site-packages/airflow/example_dags/example_xcom.py took 0.086 seconds
[2026-04-16T02:28:37.619+0000] {processor.py:161} INFO - Started process (PID=65077) to work on /home/airflow/.local/lib/python3.8/site-packages/airflow/example_dags/example_xcom.py
[2026-04-16T02:28:37.620+0000] {processor.py:830} INFO - Processing file /home/airflow/.local/lib/python3.8/site-packages/airflow/example_dags/example_xcom.py for tasks to queue
[2026-04-16T02:28:37.623+0000] {logging_mixin.py:188} INFO - [2026-04-16T02:28:37.623+0000] {dagbag.py:538} INFO - Filling up the DagBag from /home/airflow/.local/lib/python3.8/site-packages/airflow/example_dags/example_xcom.py
[2026-04-16T02:28:37.632+0000] {processor.py:840} INFO - DAG(s) 'example_xcom' retrieved from /home/airflow/.local/lib/python3.8/site-packages/airflow/example_dags/example_xcom.py
[2026-04-16T02:28:37.655+0000] {logging_mixin.py:188} INFO - [2026-04-16T02:28:37.654+0000] {dag.py:3036} INFO - Sync 1 DAGs
[2026-04-16T02:28:37.676+0000] {logging_mixin.py:188} INFO - [2026-04-16T02:28:37.676+0000] {dag.py:3823} INFO - Setting next_dagrun for example_xcom to 2021-01-01 00:00:00+00:00, run_after=2021-01-01 00:00:00+00:00
[2026-04-16T02:28:37.701+0000] {processor.py:183} INFO - Processing /home/airflow/.local/lib/python3.8/site-packages/airflow/example_dags/example_xcom.py took 0.085 seconds
[2026-04-16T02:29:07.942+0000] {processor.py:161} INFO - Started process (PID=65134) to work on /home/airflow/.local/lib/python3.8/site-packages/airflow/example_dags/example_xcom.py
[2026-04-16T02:29:07.943+0000] {processor.py:830} INFO - Processing file /home/airflow/.local/lib/python3.8/site-packages/airflow/example_dags/example_xcom.py for tasks to queue
[2026-04-16T02:29:07.946+0000] {logging_mixin.py:188} INFO - [2026-04-16T02:29:07.945+0000] {dagbag.py:538} INFO - Filling up the DagBag from /home/airflow/.local/lib/python3.8/site-packages/airflow/example_dags/example_xcom.py
[2026-04-16T02:29:07.953+0000] {processor.py:840} INFO - DAG(s) 'example_xcom' retrieved from /home/airflow/.local/lib/python3.8/site-packages/airflow/example_dags/example_xcom.py
[2026-04-16T02:29:07.975+0000] {logging_mixin.py:188} INFO - [2026-04-16T02:29:07.974+0000] {dag.py:3036} INFO - Sync 1 DAGs
[2026-04-16T02:29:07.996+0000] {logging_mixin.py:188} INFO - [2026-04-16T02:29:07.996+0000] {dag.py:3823} INFO - Setting next_dagrun for example_xcom to 2021-01-01 00:00:00+00:00, run_after=2021-01-01 00:00:00+00:00
[2026-04-16T02:29:08.020+0000] {processor.py:183} INFO - Processing /home/airflow/.local/lib/python3.8/site-packages/airflow/example_dags/example_xcom.py took 0.081 seconds
[2026-04-16T02:29:38.313+0000] {processor.py:161} INFO - Started process (PID=65191) to work on /home/airflow/.local/lib/python3.8/site-packages/airflow/example_dags/example_xcom.py
[2026-04-16T02:29:38.314+0000] {processor.py:830} INFO - Processing file /home/airflow/.local/lib/python3.8/site-packages/airflow/example_dags/example_xcom.py for tasks to queue
[2026-04-16T02:29:38.316+0000] {logging_mixin.py:188} INFO - [2026-04-16T02:29:38.316+0000] {dagbag.py:538} INFO - Filling up the DagBag from /home/airflow/.local/lib/python3.8/site-packages/airflow/example_dags/example_xcom.py
[2026-04-16T02:29:38.324+0000] {processor.py:840} INFO - DAG(s) 'example_xcom' retrieved from /home/airflow/.local/lib/python3.8/site-packages/airflow/example_dags/example_xcom.py
[2026-04-16T02:29:38.347+0000] {logging_mixin.py:188} INFO - [2026-04-16T02:29:38.347+0000] {dag.py:3036} INFO - Sync 1 DAGs
[2026-04-16T02:29:38.368+0000] {logging_mixin.py:188} INFO - [2026-04-16T02:29:38.368+0000] {dag.py:3823} INFO - Setting next_dagrun for example_xcom to 2021-01-01 00:00:00+00:00, run_after=2021-01-01 00:00:00+00:00
[2026-04-16T02:29:38.392+0000] {processor.py:183} INFO - Processing /home/airflow/.local/lib/python3.8/site-packages/airflow/example_dags/example_xcom.py took 0.083 seconds
[2026-04-16T02:30:08.826+0000] {processor.py:161} INFO - Started process (PID=65248) to work on /home/airflow/.local/lib/python3.8/site-packages/airflow/example_dags/example_xcom.py
[2026-04-16T02:30:08.828+0000] {processor.py:830} INFO - Processing file /home/airflow/.local/lib/python3.8/site-packages/airflow/example_dags/example_xcom.py for tasks to queue
[2026-04-16T02:30:08.830+0000] {logging_mixin.py:188} INFO - [2026-04-16T02:30:08.829+0000] {dagbag.py:538} INFO - Filling up the DagBag from /home/airflow/.local/lib/python3.8/site-packages/airflow/example_dags/example_xcom.py
[2026-04-16T02:30:08.837+0000] {processor.py:840} INFO - DAG(s) 'example_xcom' retrieved from /home/airflow/.local/lib/python3.8/site-packages/airflow/example_dags/example_xcom.py
[2026-04-16T02:30:08.861+0000] {logging_mixin.py:188} INFO - [2026-04-16T02:30:08.860+0000] {dag.py:3036} INFO - Sync 1 DAGs
[2026-04-16T02:30:08.881+0000] {logging_mixin.py:188} INFO - [2026-04-16T02:30:08.881+0000] {dag.py:3823} INFO - Setting next_dagrun for example_xcom to 2021-01-01 00:00:00+00:00, run_after=2021-01-01 00:00:00+00:00
[2026-04-16T02:30:08.903+0000] {processor.py:183} INFO - Processing /home/airflow/.local/lib/python3.8/site-packages/airflow/example_dags/example_xcom.py took 0.080 seconds
[2026-04-16T02:30:39.475+0000] {processor.py:161} INFO - Started process (PID=65306) to work on /home/airflow/.local/lib/python3.8/site-packages/airflow/example_dags/example_xcom.py
[2026-04-16T02:30:39.477+0000] {processor.py:830} INFO - Processing file /home/airflow/.local/lib/python3.8/site-packages/airflow/example_dags/example_xcom.py for tasks to queue
[2026-04-16T02:30:39.480+0000] {logging_mixin.py:188} INFO - [2026-04-16T02:30:39.479+0000] {dagbag.py:538} INFO - Filling up the DagBag from /home/airflow/.local/lib/python3.8/site-packages/airflow/example_dags/example_xcom.py
[2026-04-16T02:30:39.490+0000] {processor.py:840} INFO - DAG(s) 'example_xcom' retrieved from /home/airflow/.local/lib/python3.8/site-packages/airflow/example_dags/example_xcom.py
[2026-04-16T02:30:39.517+0000] {logging_mixin.py:188} INFO - [2026-04-16T02:30:39.517+0000] {dag.py:3036} INFO - Sync 1 DAGs
[2026-04-16T02:30:39.541+0000] {logging_mixin.py:188} INFO - [2026-04-16T02:30:39.541+0000] {dag.py:3823} INFO - Setting next_dagrun for example_xcom to 2021-01-01 00:00:00+00:00, run_after=2021-01-01 00:00:00+00:00
[2026-04-16T02:30:39.566+0000] {processor.py:183} INFO - Processing /home/airflow/.local/lib/python3.8/site-packages/airflow/example_dags/example_xcom.py took 0.096 seconds
[2026-04-16T02:31:09.871+0000] {processor.py:161} INFO - Started process (PID=65363) to work on /home/airflow/.local/lib/python3.8/site-packages/airflow/example_dags/example_xcom.py
[2026-04-16T02:31:09.873+0000] {processor.py:830} INFO - Processing file /home/airflow/.local/lib/python3.8/site-packages/airflow/example_dags/example_xcom.py for tasks to queue
[2026-04-16T02:31:09.876+0000] {logging_mixin.py:188} INFO - [2026-04-16T02:31:09.876+0000] {dagbag.py:538} INFO - Filling up the DagBag from /home/airflow/.local/lib/python3.8/site-packages/airflow/example_dags/example_xcom.py
[2026-04-16T02:31:09.885+0000] {processor.py:840} INFO - DAG(s) 'example_xcom' retrieved from /home/airflow/.local/lib/python3.8/site-packages/airflow/example_dags/example_xcom.py
[2026-04-16T02:31:09.909+0000] {logging_mixin.py:188} INFO - [2026-04-16T02:31:09.909+0000] {dag.py:3036} INFO - Sync 1 DAGs
[2026-04-16T02:31:09.930+0000] {logging_mixin.py:188} INFO - [2026-04-16T02:31:09.930+0000] {dag.py:3823} INFO - Setting next_dagrun for example_xcom to 2021-01-01 00:00:00+00:00, run_after=2021-01-01 00:00:00+00:00
[2026-04-16T02:31:09.953+0000] {processor.py:183} INFO - Processing /home/airflow/.local/lib/python3.8/site-packages/airflow/example_dags/example_xcom.py took 0.086 seconds
[2026-04-16T02:31:40.151+0000] {processor.py:161} INFO - Started process (PID=65420) to work on /home/airflow/.local/lib/python3.8/site-packages/airflow/example_dags/example_xcom.py
[2026-04-16T02:31:40.153+0000] {processor.py:830} INFO - Processing file /home/airflow/.local/lib/python3.8/site-packages/airflow/example_dags/example_xcom.py for tasks to queue
[2026-04-16T02:31:40.155+0000] {logging_mixin.py:188} INFO - [2026-04-16T02:31:40.155+0000] {dagbag.py:538} INFO - Filling up the DagBag from /home/airflow/.local/lib/python3.8/site-packages/airflow/example_dags/example_xcom.py
[2026-04-16T02:31:40.164+0000] {processor.py:840} INFO - DAG(s) 'example_xcom' retrieved from /home/airflow/.local/lib/python3.8/site-packages/airflow/example_dags/example_xcom.py
[2026-04-16T02:31:40.188+0000] {logging_mixin.py:188} INFO - [2026-04-16T02:31:40.188+0000] {dag.py:3036} INFO - Sync 1 DAGs
[2026-04-16T02:31:40.211+0000] {logging_mixin.py:188} INFO - [2026-04-16T02:31:40.211+0000] {dag.py:3823} INFO - Setting next_dagrun for example_xcom to 2021-01-01 00:00:00+00:00, run_after=2021-01-01 00:00:00+00:00
[2026-04-16T02:31:40.235+0000] {processor.py:183} INFO - Processing /home/airflow/.local/lib/python3.8/site-packages/airflow/example_dags/example_xcom.py took 0.087 seconds
[2026-04-16T02:32:10.354+0000] {processor.py:161} INFO - Started process (PID=65477) to work on /home/airflow/.local/lib/python3.8/site-packages/airflow/example_dags/example_xcom.py
[2026-04-16T02:32:10.355+0000] {processor.py:830} INFO - Processing file /home/airflow/.local/lib/python3.8/site-packages/airflow/example_dags/example_xcom.py for tasks to queue
[2026-04-16T02:32:10.357+0000] {logging_mixin.py:188} INFO - [2026-04-16T02:32:10.357+0000] {dagbag.py:538} INFO - Filling up the DagBag from /home/airflow/.local/lib/python3.8/site-packages/airflow/example_dags/example_xcom.py
[2026-04-16T02:32:10.364+0000] {processor.py:840} INFO - DAG(s) 'example_xcom' retrieved from /home/airflow/.local/lib/python3.8/site-packages/airflow/example_dags/example_xcom.py
[2026-04-16T02:32:10.388+0000] {logging_mixin.py:188} INFO - [2026-04-16T02:32:10.387+0000] {dag.py:3036} INFO - Sync 1 DAGs
[2026-04-16T02:32:10.408+0000] {logging_mixin.py:188} INFO - [2026-04-16T02:32:10.407+0000] {dag.py:3823} INFO - Setting next_dagrun for example_xcom to 2021-01-01 00:00:00+00:00, run_after=2021-01-01 00:00:00+00:00
[2026-04-16T02:32:10.431+0000] {processor.py:183} INFO - Processing /home/airflow/.local/lib/python3.8/site-packages/airflow/example_dags/example_xcom.py took 0.081 seconds
[2026-04-16T02:32:40.582+0000] {processor.py:161} INFO - Started process (PID=65533) to work on /home/airflow/.local/lib/python3.8/site-packages/airflow/example_dags/example_xcom.py
[2026-04-16T02:32:40.584+0000] {processor.py:830} INFO - Processing file /home/airflow/.local/lib/python3.8/site-packages/airflow/example_dags/example_xcom.py for tasks to queue
[2026-04-16T02:32:40.587+0000] {logging_mixin.py:188} INFO - [2026-04-16T02:32:40.587+0000] {dagbag.py:538} INFO - Filling up the DagBag from /home/airflow/.local/lib/python3.8/site-packages/airflow/example_dags/example_xcom.py
[2026-04-16T02:32:40.597+0000] {processor.py:840} INFO - DAG(s) 'example_xcom' retrieved from /home/airflow/.local/lib/python3.8/site-packages/airflow/example_dags/example_xcom.py
[2026-04-16T02:32:40.622+0000] {logging_mixin.py:188} INFO - [2026-04-16T02:32:40.622+0000] {dag.py:3036} INFO - Sync 1 DAGs
[2026-04-16T02:32:40.643+0000] {logging_mixin.py:188} INFO - [2026-04-16T02:32:40.643+0000] {dag.py:3823} INFO - Setting next_dagrun for example_xcom to 2021-01-01 00:00:00+00:00, run_after=2021-01-01 00:00:00+00:00
[2026-04-16T02:32:40.665+0000] {processor.py:183} INFO - Processing /home/airflow/.local/lib/python3.8/site-packages/airflow/example_dags/example_xcom.py took 0.088 seconds
[2026-04-16T02:33:10.842+0000] {processor.py:161} INFO - Started process (PID=65590) to work on /home/airflow/.local/lib/python3.8/site-packages/airflow/example_dags/example_xcom.py
[2026-04-16T02:33:10.843+0000] {processor.py:830} INFO - Processing file /home/airflow/.local/lib/python3.8/site-packages/airflow/example_dags/example_xcom.py for tasks to queue
[2026-04-16T02:33:10.845+0000] {logging_mixin.py:188} INFO - [2026-04-16T02:33:10.845+0000] {dagbag.py:538} INFO - Filling up the DagBag from /home/airflow/.local/lib/python3.8/site-packages/airflow/example_dags/example_xcom.py
[2026-04-16T02:33:10.853+0000] {processor.py:840} INFO - DAG(s) 'example_xcom' retrieved from /home/airflow/.local/lib/python3.8/site-packages/airflow/example_dags/example_xcom.py
[2026-04-16T02:33:10.877+0000] {logging_mixin.py:188} INFO - [2026-04-16T02:33:10.877+0000] {dag.py:3036} INFO - Sync 1 DAGs
[2026-04-16T02:33:10.901+0000] {logging_mixin.py:188} INFO - [2026-04-16T02:33:10.901+0000] {dag.py:3823} INFO - Setting next_dagrun for example_xcom to 2021-01-01 00:00:00+00:00, run_after=2021-01-01 00:00:00+00:00
[2026-04-16T02:33:10.925+0000] {processor.py:183} INFO - Processing /home/airflow/.local/lib/python3.8/site-packages/airflow/example_dags/example_xcom.py took 0.087 seconds
[2026-04-16T02:33:41.093+0000] {processor.py:161} INFO - Started process (PID=65647) to work on /home/airflow/.local/lib/python3.8/site-packages/airflow/example_dags/example_xcom.py
[2026-04-16T02:33:41.094+0000] {processor.py:830} INFO - Processing file /home/airflow/.local/lib/python3.8/site-packages/airflow/example_dags/example_xcom.py for tasks to queue
[2026-04-16T02:33:41.096+0000] {logging_mixin.py:188} INFO - [2026-04-16T02:33:41.096+0000] {dagbag.py:538} INFO - Filling up the DagBag from /home/airflow/.local/lib/python3.8/site-packages/airflow/example_dags/example_xcom.py
[2026-04-16T02:33:41.104+0000] {processor.py:840} INFO - DAG(s) 'example_xcom' retrieved from /home/airflow/.local/lib/python3.8/site-packages/airflow/example_dags/example_xcom.py
[2026-04-16T02:33:41.127+0000] {logging_mixin.py:188} INFO - [2026-04-16T02:33:41.127+0000] {dag.py:3036} INFO - Sync 1 DAGs
[2026-04-16T02:33:41.150+0000] {logging_mixin.py:188} INFO - [2026-04-16T02:33:41.150+0000] {dag.py:3823} INFO - Setting next_dagrun for example_xcom to 2021-01-01 00:00:00+00:00, run_after=2021-01-01 00:00:00+00:00
[2026-04-16T02:33:41.173+0000] {processor.py:183} INFO - Processing /home/airflow/.local/lib/python3.8/site-packages/airflow/example_dags/example_xcom.py took 0.084 seconds
[2026-04-16T02:34:11.424+0000] {processor.py:161} INFO - Started process (PID=65704) to work on /home/airflow/.local/lib/python3.8/site-packages/airflow/example_dags/example_xcom.py
[2026-04-16T02:34:11.425+0000] {processor.py:830} INFO - Processing file /home/airflow/.local/lib/python3.8/site-packages/airflow/example_dags/example_xcom.py for tasks to queue
[2026-04-16T02:34:11.428+0000] {logging_mixin.py:188} INFO - [2026-04-16T02:34:11.427+0000] {dagbag.py:538} INFO - Filling up the DagBag from /home/airflow/.local/lib/python3.8/site-packages/airflow/example_dags/example_xcom.py
[2026-04-16T02:34:11.436+0000] {processor.py:840} INFO - DAG(s) 'example_xcom' retrieved from /home/airflow/.local/lib/python3.8/site-packages/airflow/example_dags/example_xcom.py
[2026-04-16T02:34:11.459+0000] {logging_mixin.py:188} INFO - [2026-04-16T02:34:11.459+0000] {dag.py:3036} INFO - Sync 1 DAGs
[2026-04-16T02:34:11.481+0000] {logging_mixin.py:188} INFO - [2026-04-16T02:34:11.481+0000] {dag.py:3823} INFO - Setting next_dagrun for example_xcom to 2021-01-01 00:00:00+00:00, run_after=2021-01-01 00:00:00+00:00
[2026-04-16T02:34:11.503+0000] {processor.py:183} INFO - Processing /home/airflow/.local/lib/python3.8/site-packages/airflow/example_dags/example_xcom.py took 0.083 seconds
[2026-04-16T02:34:41.640+0000] {processor.py:161} INFO - Started process (PID=65761) to work on /home/airflow/.local/lib/python3.8/site-packages/airflow/example_dags/example_xcom.py
[2026-04-16T02:34:41.642+0000] {processor.py:830} INFO - Processing file /home/airflow/.local/lib/python3.8/site-packages/airflow/example_dags/example_xcom.py for tasks to queue
[2026-04-16T02:34:41.644+0000] {logging_mixin.py:188} INFO - [2026-04-16T02:34:41.643+0000] {dagbag.py:538} INFO - Filling up the DagBag from /home/airflow/.local/lib/python3.8/site-packages/airflow/example_dags/example_xcom.py
[2026-04-16T02:34:41.652+0000] {processor.py:840} INFO - DAG(s) 'example_xcom' retrieved from /home/airflow/.local/lib/python3.8/site-packages/airflow/example_dags/example_xcom.py
[2026-04-16T02:34:41.676+0000] {logging_mixin.py:188} INFO - [2026-04-16T02:34:41.676+0000] {dag.py:3036} INFO - Sync 1 DAGs
[2026-04-16T02:34:41.696+0000] {logging_mixin.py:188} INFO - [2026-04-16T02:34:41.696+0000] {dag.py:3823} INFO - Setting next_dagrun for example_xcom to 2021-01-01 00:00:00+00:00, run_after=2021-01-01 00:00:00+00:00
[2026-04-16T02:34:41.718+0000] {processor.py:183} INFO - Processing /home/airflow/.local/lib/python3.8/site-packages/airflow/example_dags/example_xcom.py took 0.082 seconds
[2026-04-16T02:35:11.907+0000] {processor.py:161} INFO - Started process (PID=65818) to work on /home/airflow/.local/lib/python3.8/site-packages/airflow/example_dags/example_xcom.py
[2026-04-16T02:35:11.909+0000] {processor.py:830} INFO - Processing file /home/airflow/.local/lib/python3.8/site-packages/airflow/example_dags/example_xcom.py for tasks to queue
[2026-04-16T02:35:11.912+0000] {logging_mixin.py:188} INFO - [2026-04-16T02:35:11.911+0000] {dagbag.py:538} INFO - Filling up the DagBag from /home/airflow/.local/lib/python3.8/site-packages/airflow/example_dags/example_xcom.py
[2026-04-16T02:35:11.919+0000] {processor.py:840} INFO - DAG(s) 'example_xcom' retrieved from /home/airflow/.local/lib/python3.8/site-packages/airflow/example_dags/example_xcom.py
[2026-04-16T02:35:11.943+0000] {logging_mixin.py:188} INFO - [2026-04-16T02:35:11.943+0000] {dag.py:3036} INFO - Sync 1 DAGs
[2026-04-16T02:35:11.964+0000] {logging_mixin.py:188} INFO - [2026-04-16T02:35:11.964+0000] {dag.py:3823} INFO - Setting next_dagrun for example_xcom to 2021-01-01 00:00:00+00:00, run_after=2021-01-01 00:00:00+00:00
[2026-04-16T02:35:11.987+0000] {processor.py:183} INFO - Processing /home/airflow/.local/lib/python3.8/site-packages/airflow/example_dags/example_xcom.py took 0.083 seconds
[2026-04-16T02:35:42.327+0000] {processor.py:161} INFO - Started process (PID=65875) to work on /home/airflow/.local/lib/python3.8/site-packages/airflow/example_dags/example_xcom.py
[2026-04-16T02:35:42.329+0000] {processor.py:830} INFO - Processing file /home/airflow/.local/lib/python3.8/site-packages/airflow/example_dags/example_xcom.py for tasks to queue
[2026-04-16T02:35:42.331+0000] {logging_mixin.py:188} INFO - [2026-04-16T02:35:42.331+0000] {dagbag.py:538} INFO - Filling up the DagBag from /home/airflow/.local/lib/python3.8/site-packages/airflow/example_dags/example_xcom.py
[2026-04-16T02:35:42.340+0000] {processor.py:840} INFO - DAG(s) 'example_xcom' retrieved from /home/airflow/.local/lib/python3.8/site-packages/airflow/example_dags/example_xcom.py
[2026-04-16T02:35:42.363+0000] {logging_mixin.py:188} INFO - [2026-04-16T02:35:42.363+0000] {dag.py:3036} INFO - Sync 1 DAGs
[2026-04-16T02:35:42.386+0000] {logging_mixin.py:188} INFO - [2026-04-16T02:35:42.385+0000] {dag.py:3823} INFO - Setting next_dagrun for example_xcom to 2021-01-01 00:00:00+00:00, run_after=2021-01-01 00:00:00+00:00
[2026-04-16T02:35:42.409+0000] {processor.py:183} INFO - Processing /home/airflow/.local/lib/python3.8/site-packages/airflow/example_dags/example_xcom.py took 0.086 seconds
[2026-04-16T02:36:12.776+0000] {processor.py:161} INFO - Started process (PID=65932) to work on /home/airflow/.local/lib/python3.8/site-packages/airflow/example_dags/example_xcom.py
[2026-04-16T02:36:12.778+0000] {processor.py:830} INFO - Processing file /home/airflow/.local/lib/python3.8/site-packages/airflow/example_dags/example_xcom.py for tasks to queue
[2026-04-16T02:36:12.780+0000] {logging_mixin.py:188} INFO - [2026-04-16T02:36:12.780+0000] {dagbag.py:538} INFO - Filling up the DagBag from /home/airflow/.local/lib/python3.8/site-packages/airflow/example_dags/example_xcom.py
[2026-04-16T02:36:12.788+0000] {processor.py:840} INFO - DAG(s) 'example_xcom' retrieved from /home/airflow/.local/lib/python3.8/site-packages/airflow/example_dags/example_xcom.py
[2026-04-16T02:36:12.814+0000] {logging_mixin.py:188} INFO - [2026-04-16T02:36:12.813+0000] {dag.py:3036} INFO - Sync 1 DAGs
[2026-04-16T02:36:12.836+0000] {logging_mixin.py:188} INFO - [2026-04-16T02:36:12.835+0000] {dag.py:3823} INFO - Setting next_dagrun for example_xcom to 2021-01-01 00:00:00+00:00, run_after=2021-01-01 00:00:00+00:00
[2026-04-16T02:36:12.857+0000] {processor.py:183} INFO - Processing /home/airflow/.local/lib/python3.8/site-packages/airflow/example_dags/example_xcom.py took 0.085 seconds
[2026-04-16T02:36:42.949+0000] {processor.py:161} INFO - Started process (PID=65989) to work on /home/airflow/.local/lib/python3.8/site-packages/airflow/example_dags/example_xcom.py
[2026-04-16T02:36:42.950+0000] {processor.py:830} INFO - Processing file /home/airflow/.local/lib/python3.8/site-packages/airflow/example_dags/example_xcom.py for tasks to queue
[2026-04-16T02:36:42.952+0000] {logging_mixin.py:188} INFO - [2026-04-16T02:36:42.952+0000] {dagbag.py:538} INFO - Filling up the DagBag from /home/airflow/.local/lib/python3.8/site-packages/airflow/example_dags/example_xcom.py
[2026-04-16T02:36:42.960+0000] {processor.py:840} INFO - DAG(s) 'example_xcom' retrieved from /home/airflow/.local/lib/python3.8/site-packages/airflow/example_dags/example_xcom.py
[2026-04-16T02:36:42.988+0000] {logging_mixin.py:188} INFO - [2026-04-16T02:36:42.987+0000] {dag.py:3036} INFO - Sync 1 DAGs
[2026-04-16T02:36:43.011+0000] {logging_mixin.py:188} INFO - [2026-04-16T02:36:43.010+0000] {dag.py:3823} INFO - Setting next_dagrun for example_xcom to 2021-01-01 00:00:00+00:00, run_after=2021-01-01 00:00:00+00:00
[2026-04-16T02:36:43.033+0000] {processor.py:183} INFO - Processing /home/airflow/.local/lib/python3.8/site-packages/airflow/example_dags/example_xcom.py took 0.087 seconds
[2026-04-16T02:37:13.289+0000] {processor.py:161} INFO - Started process (PID=66046) to work on /home/airflow/.local/lib/python3.8/site-packages/airflow/example_dags/example_xcom.py
[2026-04-16T02:37:13.291+0000] {processor.py:830} INFO - Processing file /home/airflow/.local/lib/python3.8/site-packages/airflow/example_dags/example_xcom.py for tasks to queue
[2026-04-16T02:37:13.294+0000] {logging_mixin.py:188} INFO - [2026-04-16T02:37:13.293+0000] {dagbag.py:538} INFO - Filling up the DagBag from /home/airflow/.local/lib/python3.8/site-packages/airflow/example_dags/example_xcom.py
[2026-04-16T02:37:13.302+0000] {processor.py:840} INFO - DAG(s) 'example_xcom' retrieved from /home/airflow/.local/lib/python3.8/site-packages/airflow/example_dags/example_xcom.py
[2026-04-16T02:37:13.327+0000] {logging_mixin.py:188} INFO - [2026-04-16T02:37:13.326+0000] {dag.py:3036} INFO - Sync 1 DAGs
[2026-04-16T02:37:13.350+0000] {logging_mixin.py:188} INFO - [2026-04-16T02:37:13.349+0000] {dag.py:3823} INFO - Setting next_dagrun for example_xcom to 2021-01-01 00:00:00+00:00, run_after=2021-01-01 00:00:00+00:00
[2026-04-16T02:37:13.372+0000] {processor.py:183} INFO - Processing /home/airflow/.local/lib/python3.8/site-packages/airflow/example_dags/example_xcom.py took 0.087 seconds
[2026-04-16T02:37:43.765+0000] {processor.py:161} INFO - Started process (PID=66103) to work on /home/airflow/.local/lib/python3.8/site-packages/airflow/example_dags/example_xcom.py
[2026-04-16T02:37:43.766+0000] {processor.py:830} INFO - Processing file /home/airflow/.local/lib/python3.8/site-packages/airflow/example_dags/example_xcom.py for tasks to queue
[2026-04-16T02:37:43.769+0000] {logging_mixin.py:188} INFO - [2026-04-16T02:37:43.769+0000] {dagbag.py:538} INFO - Filling up the DagBag from /home/airflow/.local/lib/python3.8/site-packages/airflow/example_dags/example_xcom.py
[2026-04-16T02:37:43.777+0000] {processor.py:840} INFO - DAG(s) 'example_xcom' retrieved from /home/airflow/.local/lib/python3.8/site-packages/airflow/example_dags/example_xcom.py
[2026-04-16T02:37:43.801+0000] {logging_mixin.py:188} INFO - [2026-04-16T02:37:43.800+0000] {dag.py:3036} INFO - Sync 1 DAGs
[2026-04-16T02:37:43.822+0000] {logging_mixin.py:188} INFO - [2026-04-16T02:37:43.822+0000] {dag.py:3823} INFO - Setting next_dagrun for example_xcom to 2021-01-01 00:00:00+00:00, run_after=2021-01-01 00:00:00+00:00
[2026-04-16T02:37:43.845+0000] {processor.py:183} INFO - Processing /home/airflow/.local/lib/python3.8/site-packages/airflow/example_dags/example_xcom.py took 0.084 seconds
[2026-04-16T02:38:13.975+0000] {processor.py:161} INFO - Started process (PID=66160) to work on /home/airflow/.local/lib/python3.8/site-packages/airflow/example_dags/example_xcom.py
[2026-04-16T02:38:13.977+0000] {processor.py:830} INFO - Processing file /home/airflow/.local/lib/python3.8/site-packages/airflow/example_dags/example_xcom.py for tasks to queue
[2026-04-16T02:38:13.979+0000] {logging_mixin.py:188} INFO - [2026-04-16T02:38:13.978+0000] {dagbag.py:538} INFO - Filling up the DagBag from /home/airflow/.local/lib/python3.8/site-packages/airflow/example_dags/example_xcom.py
[2026-04-16T02:38:13.988+0000] {processor.py:840} INFO - DAG(s) 'example_xcom' retrieved from /home/airflow/.local/lib/python3.8/site-packages/airflow/example_dags/example_xcom.py
[2026-04-16T02:38:14.015+0000] {logging_mixin.py:188} INFO - [2026-04-16T02:38:14.014+0000] {dag.py:3036} INFO - Sync 1 DAGs
[2026-04-16T02:38:14.042+0000] {logging_mixin.py:188} INFO - [2026-04-16T02:38:14.042+0000] {dag.py:3823} INFO - Setting next_dagrun for example_xcom to 2021-01-01 00:00:00+00:00, run_after=2021-01-01 00:00:00+00:00
[2026-04-16T02:38:14.070+0000] {processor.py:183} INFO - Processing /home/airflow/.local/lib/python3.8/site-packages/airflow/example_dags/example_xcom.py took 0.098 seconds
[2026-04-16T02:38:44.371+0000] {processor.py:161} INFO - Started process (PID=66217) to work on /home/airflow/.local/lib/python3.8/site-packages/airflow/example_dags/example_xcom.py
[2026-04-16T02:38:44.372+0000] {processor.py:830} INFO - Processing file /home/airflow/.local/lib/python3.8/site-packages/airflow/example_dags/example_xcom.py for tasks to queue
[2026-04-16T02:38:44.374+0000] {logging_mixin.py:188} INFO - [2026-04-16T02:38:44.374+0000] {dagbag.py:538} INFO - Filling up the DagBag from /home/airflow/.local/lib/python3.8/site-packages/airflow/example_dags/example_xcom.py
[2026-04-16T02:38:44.382+0000] {processor.py:840} INFO - DAG(s) 'example_xcom' retrieved from /home/airflow/.local/lib/python3.8/site-packages/airflow/example_dags/example_xcom.py
[2026-04-16T02:38:44.404+0000] {logging_mixin.py:188} INFO - [2026-04-16T02:38:44.404+0000] {dag.py:3036} INFO - Sync 1 DAGs
[2026-04-16T02:38:44.426+0000] {logging_mixin.py:188} INFO - [2026-04-16T02:38:44.426+0000] {dag.py:3823} INFO - Setting next_dagrun for example_xcom to 2021-01-01 00:00:00+00:00, run_after=2021-01-01 00:00:00+00:00
[2026-04-16T02:38:44.448+0000] {processor.py:183} INFO - Processing /home/airflow/.local/lib/python3.8/site-packages/airflow/example_dags/example_xcom.py took 0.081 seconds
[2026-04-16T02:39:14.752+0000] {processor.py:161} INFO - Started process (PID=66274) to work on /home/airflow/.local/lib/python3.8/site-packages/airflow/example_dags/example_xcom.py
[2026-04-16T02:39:14.754+0000] {processor.py:830} INFO - Processing file /home/airflow/.local/lib/python3.8/site-packages/airflow/example_dags/example_xcom.py for tasks to queue
[2026-04-16T02:39:14.756+0000] {logging_mixin.py:188} INFO - [2026-04-16T02:39:14.756+0000] {dagbag.py:538} INFO - Filling up the DagBag from /home/airflow/.local/lib/python3.8/site-packages/airflow/example_dags/example_xcom.py
[2026-04-16T02:39:14.764+0000] {processor.py:840} INFO - DAG(s) 'example_xcom' retrieved from /home/airflow/.local/lib/python3.8/site-packages/airflow/example_dags/example_xcom.py
[2026-04-16T02:39:14.786+0000] {logging_mixin.py:188} INFO - [2026-04-16T02:39:14.786+0000] {dag.py:3036} INFO - Sync 1 DAGs
[2026-04-16T02:39:14.807+0000] {logging_mixin.py:188} INFO - [2026-04-16T02:39:14.807+0000] {dag.py:3823} INFO - Setting next_dagrun for example_xcom to 2021-01-01 00:00:00+00:00, run_after=2021-01-01 00:00:00+00:00
[2026-04-16T02:39:14.829+0000] {processor.py:183} INFO - Processing /home/airflow/.local/lib/python3.8/site-packages/airflow/example_dags/example_xcom.py took 0.081 seconds
[2026-04-16T02:39:45.330+0000] {processor.py:161} INFO - Started process (PID=66332) to work on /home/airflow/.local/lib/python3.8/site-packages/airflow/example_dags/example_xcom.py
[2026-04-16T02:39:45.331+0000] {processor.py:830} INFO - Processing file /home/airflow/.local/lib/python3.8/site-packages/airflow/example_dags/example_xcom.py for tasks to queue
[2026-04-16T02:39:45.334+0000] {logging_mixin.py:188} INFO - [2026-04-16T02:39:45.333+0000] {dagbag.py:538} INFO - Filling up the DagBag from /home/airflow/.local/lib/python3.8/site-packages/airflow/example_dags/example_xcom.py
[2026-04-16T02:39:45.344+0000] {processor.py:840} INFO - DAG(s) 'example_xcom' retrieved from /home/airflow/.local/lib/python3.8/site-packages/airflow/example_dags/example_xcom.py
[2026-04-16T02:39:45.368+0000] {logging_mixin.py:188} INFO - [2026-04-16T02:39:45.368+0000] {dag.py:3036} INFO - Sync 1 DAGs
[2026-04-16T02:39:45.390+0000] {logging_mixin.py:188} INFO - [2026-04-16T02:39:45.390+0000] {dag.py:3823} INFO - Setting next_dagrun for example_xcom to 2021-01-01 00:00:00+00:00, run_after=2021-01-01 00:00:00+00:00
[2026-04-16T02:39:45.412+0000] {processor.py:183} INFO - Processing /home/airflow/.local/lib/python3.8/site-packages/airflow/example_dags/example_xcom.py took 0.087 seconds
[2026-04-16T02:40:16.031+0000] {processor.py:161} INFO - Started process (PID=66389) to work on /home/airflow/.local/lib/python3.8/site-packages/airflow/example_dags/example_xcom.py
[2026-04-16T02:40:16.033+0000] {processor.py:830} INFO - Processing file /home/airflow/.local/lib/python3.8/site-packages/airflow/example_dags/example_xcom.py for tasks to queue
[2026-04-16T02:40:16.036+0000] {logging_mixin.py:188} INFO - [2026-04-16T02:40:16.035+0000] {dagbag.py:538} INFO - Filling up the DagBag from /home/airflow/.local/lib/python3.8/site-packages/airflow/example_dags/example_xcom.py
[2026-04-16T02:40:16.052+0000] {processor.py:840} INFO - DAG(s) 'example_xcom' retrieved from /home/airflow/.local/lib/python3.8/site-packages/airflow/example_dags/example_xcom.py
[2026-04-16T02:40:16.082+0000] {logging_mixin.py:188} INFO - [2026-04-16T02:40:16.082+0000] {dag.py:3036} INFO - Sync 1 DAGs
[2026-04-16T02:40:16.128+0000] {logging_mixin.py:188} INFO - [2026-04-16T02:40:16.127+0000] {dag.py:3823} INFO - Setting next_dagrun for example_xcom to 2021-01-01 00:00:00+00:00, run_after=2021-01-01 00:00:00+00:00
[2026-04-16T02:40:16.156+0000] {processor.py:183} INFO - Processing /home/airflow/.local/lib/python3.8/site-packages/airflow/example_dags/example_xcom.py took 0.134 seconds
[2026-04-16T02:40:46.521+0000] {processor.py:161} INFO - Started process (PID=66446) to work on /home/airflow/.local/lib/python3.8/site-packages/airflow/example_dags/example_xcom.py
[2026-04-16T02:40:46.523+0000] {processor.py:830} INFO - Processing file /home/airflow/.local/lib/python3.8/site-packages/airflow/example_dags/example_xcom.py for tasks to queue
[2026-04-16T02:40:46.525+0000] {logging_mixin.py:188} INFO - [2026-04-16T02:40:46.525+0000] {dagbag.py:538} INFO - Filling up the DagBag from /home/airflow/.local/lib/python3.8/site-packages/airflow/example_dags/example_xcom.py
[2026-04-16T02:40:46.534+0000] {processor.py:840} INFO - DAG(s) 'example_xcom' retrieved from /home/airflow/.local/lib/python3.8/site-packages/airflow/example_dags/example_xcom.py
[2026-04-16T02:40:46.557+0000] {logging_mixin.py:188} INFO - [2026-04-16T02:40:46.557+0000] {dag.py:3036} INFO - Sync 1 DAGs
[2026-04-16T02:40:46.576+0000] {logging_mixin.py:188} INFO - [2026-04-16T02:40:46.576+0000] {dag.py:3823} INFO - Setting next_dagrun for example_xcom to 2021-01-01 00:00:00+00:00, run_after=2021-01-01 00:00:00+00:00
[2026-04-16T02:40:46.596+0000] {processor.py:183} INFO - Processing /home/airflow/.local/lib/python3.8/site-packages/airflow/example_dags/example_xcom.py took 0.078 seconds
[2026-04-16T02:41:16.939+0000] {processor.py:161} INFO - Started process (PID=66503) to work on /home/airflow/.local/lib/python3.8/site-packages/airflow/example_dags/example_xcom.py
[2026-04-16T02:41:16.940+0000] {processor.py:830} INFO - Processing file /home/airflow/.local/lib/python3.8/site-packages/airflow/example_dags/example_xcom.py for tasks to queue
[2026-04-16T02:41:16.943+0000] {logging_mixin.py:188} INFO - [2026-04-16T02:41:16.942+0000] {dagbag.py:538} INFO - Filling up the DagBag from /home/airflow/.local/lib/python3.8/site-packages/airflow/example_dags/example_xcom.py
[2026-04-16T02:41:16.952+0000] {processor.py:840} INFO - DAG(s) 'example_xcom' retrieved from /home/airflow/.local/lib/python3.8/site-packages/airflow/example_dags/example_xcom.py
[2026-04-16T02:41:16.980+0000] {logging_mixin.py:188} INFO - [2026-04-16T02:41:16.980+0000] {dag.py:3036} INFO - Sync 1 DAGs
[2026-04-16T02:41:17.003+0000] {logging_mixin.py:188} INFO - [2026-04-16T02:41:17.002+0000] {dag.py:3823} INFO - Setting next_dagrun for example_xcom to 2021-01-01 00:00:00+00:00, run_after=2021-01-01 00:00:00+00:00
[2026-04-16T02:41:17.023+0000] {processor.py:183} INFO - Processing /home/airflow/.local/lib/python3.8/site-packages/airflow/example_dags/example_xcom.py took 0.089 seconds
[2026-04-16T02:41:47.155+0000] {processor.py:161} INFO - Started process (PID=66560) to work on /home/airflow/.local/lib/python3.8/site-packages/airflow/example_dags/example_xcom.py
[2026-04-16T02:41:47.157+0000] {processor.py:830} INFO - Processing file /home/airflow/.local/lib/python3.8/site-packages/airflow/example_dags/example_xcom.py for tasks to queue
[2026-04-16T02:41:47.159+0000] {logging_mixin.py:188} INFO - [2026-04-16T02:41:47.158+0000] {dagbag.py:538} INFO - Filling up the DagBag from /home/airflow/.local/lib/python3.8/site-packages/airflow/example_dags/example_xcom.py
[2026-04-16T02:41:47.166+0000] {processor.py:840} INFO - DAG(s) 'example_xcom' retrieved from /home/airflow/.local/lib/python3.8/site-packages/airflow/example_dags/example_xcom.py
[2026-04-16T02:41:47.189+0000] {logging_mixin.py:188} INFO - [2026-04-16T02:41:47.189+0000] {dag.py:3036} INFO - Sync 1 DAGs
[2026-04-16T02:41:47.210+0000] {logging_mixin.py:188} INFO - [2026-04-16T02:41:47.210+0000] {dag.py:3823} INFO - Setting next_dagrun for example_xcom to 2021-01-01 00:00:00+00:00, run_after=2021-01-01 00:00:00+00:00
[2026-04-16T02:41:47.232+0000] {processor.py:183} INFO - Processing /home/airflow/.local/lib/python3.8/site-packages/airflow/example_dags/example_xcom.py took 0.080 seconds
[2026-04-16T02:42:17.460+0000] {processor.py:161} INFO - Started process (PID=66616) to work on /home/airflow/.local/lib/python3.8/site-packages/airflow/example_dags/example_xcom.py
[2026-04-16T02:42:17.462+0000] {processor.py:830} INFO - Processing file /home/airflow/.local/lib/python3.8/site-packages/airflow/example_dags/example_xcom.py for tasks to queue
[2026-04-16T02:42:17.464+0000] {logging_mixin.py:188} INFO - [2026-04-16T02:42:17.463+0000] {dagbag.py:538} INFO - Filling up the DagBag from /home/airflow/.local/lib/python3.8/site-packages/airflow/example_dags/example_xcom.py
[2026-04-16T02:42:17.471+0000] {processor.py:840} INFO - DAG(s) 'example_xcom' retrieved from /home/airflow/.local/lib/python3.8/site-packages/airflow/example_dags/example_xcom.py
[2026-04-16T02:42:17.494+0000] {logging_mixin.py:188} INFO - [2026-04-16T02:42:17.494+0000] {dag.py:3036} INFO - Sync 1 DAGs
[2026-04-16T02:42:17.514+0000] {logging_mixin.py:188} INFO - [2026-04-16T02:42:17.513+0000] {dag.py:3823} INFO - Setting next_dagrun for example_xcom to 2021-01-01 00:00:00+00:00, run_after=2021-01-01 00:00:00+00:00
[2026-04-16T02:42:17.537+0000] {processor.py:183} INFO - Processing /home/airflow/.local/lib/python3.8/site-packages/airflow/example_dags/example_xcom.py took 0.080 seconds
[2026-04-16T02:42:47.646+0000] {processor.py:161} INFO - Started process (PID=66673) to work on /home/airflow/.local/lib/python3.8/site-packages/airflow/example_dags/example_xcom.py
[2026-04-16T02:42:47.648+0000] {processor.py:830} INFO - Processing file /home/airflow/.local/lib/python3.8/site-packages/airflow/example_dags/example_xcom.py for tasks to queue
[2026-04-16T02:42:47.650+0000] {logging_mixin.py:188} INFO - [2026-04-16T02:42:47.650+0000] {dagbag.py:538} INFO - Filling up the DagBag from /home/airflow/.local/lib/python3.8/site-packages/airflow/example_dags/example_xcom.py
[2026-04-16T02:42:47.658+0000] {processor.py:840} INFO - DAG(s) 'example_xcom' retrieved from /home/airflow/.local/lib/python3.8/site-packages/airflow/example_dags/example_xcom.py
[2026-04-16T02:42:47.681+0000] {logging_mixin.py:188} INFO - [2026-04-16T02:42:47.681+0000] {dag.py:3036} INFO - Sync 1 DAGs
[2026-04-16T02:42:47.703+0000] {logging_mixin.py:188} INFO - [2026-04-16T02:42:47.703+0000] {dag.py:3823} INFO - Setting next_dagrun for example_xcom to 2021-01-01 00:00:00+00:00, run_after=2021-01-01 00:00:00+00:00
[2026-04-16T02:42:47.728+0000] {processor.py:183} INFO - Processing /home/airflow/.local/lib/python3.8/site-packages/airflow/example_dags/example_xcom.py took 0.085 seconds
[2026-04-16T02:43:18.236+0000] {processor.py:161} INFO - Started process (PID=66731) to work on /home/airflow/.local/lib/python3.8/site-packages/airflow/example_dags/example_xcom.py
[2026-04-16T02:43:18.237+0000] {processor.py:830} INFO - Processing file /home/airflow/.local/lib/python3.8/site-packages/airflow/example_dags/example_xcom.py for tasks to queue
[2026-04-16T02:43:18.240+0000] {logging_mixin.py:188} INFO - [2026-04-16T02:43:18.240+0000] {dagbag.py:538} INFO - Filling up the DagBag from /home/airflow/.local/lib/python3.8/site-packages/airflow/example_dags/example_xcom.py
[2026-04-16T02:43:18.250+0000] {processor.py:840} INFO - DAG(s) 'example_xcom' retrieved from /home/airflow/.local/lib/python3.8/site-packages/airflow/example_dags/example_xcom.py
[2026-04-16T02:43:18.272+0000] {logging_mixin.py:188} INFO - [2026-04-16T02:43:18.271+0000] {dag.py:3036} INFO - Sync 1 DAGs
[2026-04-16T02:43:18.292+0000] {logging_mixin.py:188} INFO - [2026-04-16T02:43:18.292+0000] {dag.py:3823} INFO - Setting next_dagrun for example_xcom to 2021-01-01 00:00:00+00:00, run_after=2021-01-01 00:00:00+00:00
[2026-04-16T02:43:18.315+0000] {processor.py:183} INFO - Processing /home/airflow/.local/lib/python3.8/site-packages/airflow/example_dags/example_xcom.py took 0.083 seconds
[2026-04-16T02:43:48.517+0000] {processor.py:161} INFO - Started process (PID=66788) to work on /home/airflow/.local/lib/python3.8/site-packages/airflow/example_dags/example_xcom.py
[2026-04-16T02:43:48.519+0000] {processor.py:830} INFO - Processing file /home/airflow/.local/lib/python3.8/site-packages/airflow/example_dags/example_xcom.py for tasks to queue
[2026-04-16T02:43:48.521+0000] {logging_mixin.py:188} INFO - [2026-04-16T02:43:48.521+0000] {dagbag.py:538} INFO - Filling up the DagBag from /home/airflow/.local/lib/python3.8/site-packages/airflow/example_dags/example_xcom.py
[2026-04-16T02:43:48.530+0000] {processor.py:840} INFO - DAG(s) 'example_xcom' retrieved from /home/airflow/.local/lib/python3.8/site-packages/airflow/example_dags/example_xcom.py
[2026-04-16T02:43:48.556+0000] {logging_mixin.py:188} INFO - [2026-04-16T02:43:48.555+0000] {dag.py:3036} INFO - Sync 1 DAGs
[2026-04-16T02:43:48.578+0000] {logging_mixin.py:188} INFO - [2026-04-16T02:43:48.578+0000] {dag.py:3823} INFO - Setting next_dagrun for example_xcom to 2021-01-01 00:00:00+00:00, run_after=2021-01-01 00:00:00+00:00
[2026-04-16T02:43:48.602+0000] {processor.py:183} INFO - Processing /home/airflow/.local/lib/python3.8/site-packages/airflow/example_dags/example_xcom.py took 0.089 seconds
[2026-04-16T02:44:19.029+0000] {processor.py:161} INFO - Started process (PID=66845) to work on /home/airflow/.local/lib/python3.8/site-packages/airflow/example_dags/example_xcom.py
[2026-04-16T02:44:19.031+0000] {processor.py:830} INFO - Processing file /home/airflow/.local/lib/python3.8/site-packages/airflow/example_dags/example_xcom.py for tasks to queue
[2026-04-16T02:44:19.034+0000] {logging_mixin.py:188} INFO - [2026-04-16T02:44:19.033+0000] {dagbag.py:538} INFO - Filling up the DagBag from /home/airflow/.local/lib/python3.8/site-packages/airflow/example_dags/example_xcom.py
[2026-04-16T02:44:19.040+0000] {processor.py:840} INFO - DAG(s) 'example_xcom' retrieved from /home/airflow/.local/lib/python3.8/site-packages/airflow/example_dags/example_xcom.py
[2026-04-16T02:44:19.063+0000] {logging_mixin.py:188} INFO - [2026-04-16T02:44:19.063+0000] {dag.py:3036} INFO - Sync 1 DAGs
[2026-04-16T02:44:19.084+0000] {logging_mixin.py:188} INFO - [2026-04-16T02:44:19.084+0000] {dag.py:3823} INFO - Setting next_dagrun for example_xcom to 2021-01-01 00:00:00+00:00, run_after=2021-01-01 00:00:00+00:00
[2026-04-16T02:44:19.109+0000] {processor.py:183} INFO - Processing /home/airflow/.local/lib/python3.8/site-packages/airflow/example_dags/example_xcom.py took 0.083 seconds
[2026-04-16T02:44:49.446+0000] {processor.py:161} INFO - Started process (PID=66902) to work on /home/airflow/.local/lib/python3.8/site-packages/airflow/example_dags/example_xcom.py
[2026-04-16T02:44:49.447+0000] {processor.py:830} INFO - Processing file /home/airflow/.local/lib/python3.8/site-packages/airflow/example_dags/example_xcom.py for tasks to queue
[2026-04-16T02:44:49.449+0000] {logging_mixin.py:188} INFO - [2026-04-16T02:44:49.449+0000] {dagbag.py:538} INFO - Filling up the DagBag from /home/airflow/.local/lib/python3.8/site-packages/airflow/example_dags/example_xcom.py
[2026-04-16T02:44:49.456+0000] {processor.py:840} INFO - DAG(s) 'example_xcom' retrieved from /home/airflow/.local/lib/python3.8/site-packages/airflow/example_dags/example_xcom.py
[2026-04-16T02:44:49.480+0000] {logging_mixin.py:188} INFO - [2026-04-16T02:44:49.480+0000] {dag.py:3036} INFO - Sync 1 DAGs
[2026-04-16T02:44:49.500+0000] {logging_mixin.py:188} INFO - [2026-04-16T02:44:49.500+0000] {dag.py:3823} INFO - Setting next_dagrun for example_xcom to 2021-01-01 00:00:00+00:00, run_after=2021-01-01 00:00:00+00:00
[2026-04-16T02:44:49.524+0000] {processor.py:183} INFO - Processing /home/airflow/.local/lib/python3.8/site-packages/airflow/example_dags/example_xcom.py took 0.081 seconds
[2026-04-16T02:45:19.704+0000] {processor.py:161} INFO - Started process (PID=66959) to work on /home/airflow/.local/lib/python3.8/site-packages/airflow/example_dags/example_xcom.py
[2026-04-16T02:45:19.705+0000] {processor.py:830} INFO - Processing file /home/airflow/.local/lib/python3.8/site-packages/airflow/example_dags/example_xcom.py for tasks to queue
[2026-04-16T02:45:19.707+0000] {logging_mixin.py:188} INFO - [2026-04-16T02:45:19.707+0000] {dagbag.py:538} INFO - Filling up the DagBag from /home/airflow/.local/lib/python3.8/site-packages/airflow/example_dags/example_xcom.py
[2026-04-16T02:45:19.715+0000] {processor.py:840} INFO - DAG(s) 'example_xcom' retrieved from /home/airflow/.local/lib/python3.8/site-packages/airflow/example_dags/example_xcom.py
[2026-04-16T02:45:19.741+0000] {logging_mixin.py:188} INFO - [2026-04-16T02:45:19.740+0000] {dag.py:3036} INFO - Sync 1 DAGs
[2026-04-16T02:45:19.766+0000] {logging_mixin.py:188} INFO - [2026-04-16T02:45:19.765+0000] {dag.py:3823} INFO - Setting next_dagrun for example_xcom to 2021-01-01 00:00:00+00:00, run_after=2021-01-01 00:00:00+00:00
[2026-04-16T02:45:19.792+0000] {processor.py:183} INFO - Processing /home/airflow/.local/lib/python3.8/site-packages/airflow/example_dags/example_xcom.py took 0.092 seconds
[2026-04-16T02:45:50.023+0000] {processor.py:161} INFO - Started process (PID=67016) to work on /home/airflow/.local/lib/python3.8/site-packages/airflow/example_dags/example_xcom.py
[2026-04-16T02:45:50.024+0000] {processor.py:830} INFO - Processing file /home/airflow/.local/lib/python3.8/site-packages/airflow/example_dags/example_xcom.py for tasks to queue
[2026-04-16T02:45:50.026+0000] {logging_mixin.py:188} INFO - [2026-04-16T02:45:50.025+0000] {dagbag.py:538} INFO - Filling up the DagBag from /home/airflow/.local/lib/python3.8/site-packages/airflow/example_dags/example_xcom.py
[2026-04-16T02:45:50.033+0000] {processor.py:840} INFO - DAG(s) 'example_xcom' retrieved from /home/airflow/.local/lib/python3.8/site-packages/airflow/example_dags/example_xcom.py
[2026-04-16T02:45:50.057+0000] {logging_mixin.py:188} INFO - [2026-04-16T02:45:50.057+0000] {dag.py:3036} INFO - Sync 1 DAGs
[2026-04-16T02:45:50.077+0000] {logging_mixin.py:188} INFO - [2026-04-16T02:45:50.076+0000] {dag.py:3823} INFO - Setting next_dagrun for example_xcom to 2021-01-01 00:00:00+00:00, run_after=2021-01-01 00:00:00+00:00
[2026-04-16T02:45:50.100+0000] {processor.py:183} INFO - Processing /home/airflow/.local/lib/python3.8/site-packages/airflow/example_dags/example_xcom.py took 0.080 seconds
[2026-04-16T02:46:20.337+0000] {processor.py:161} INFO - Started process (PID=67073) to work on /home/airflow/.local/lib/python3.8/site-packages/airflow/example_dags/example_xcom.py
[2026-04-16T02:46:20.339+0000] {processor.py:830} INFO - Processing file /home/airflow/.local/lib/python3.8/site-packages/airflow/example_dags/example_xcom.py for tasks to queue
[2026-04-16T02:46:20.341+0000] {logging_mixin.py:188} INFO - [2026-04-16T02:46:20.341+0000] {dagbag.py:538} INFO - Filling up the DagBag from /home/airflow/.local/lib/python3.8/site-packages/airflow/example_dags/example_xcom.py
[2026-04-16T02:46:20.351+0000] {processor.py:840} INFO - DAG(s) 'example_xcom' retrieved from /home/airflow/.local/lib/python3.8/site-packages/airflow/example_dags/example_xcom.py
[2026-04-16T02:46:20.375+0000] {logging_mixin.py:188} INFO - [2026-04-16T02:46:20.374+0000] {dag.py:3036} INFO - Sync 1 DAGs
[2026-04-16T02:46:20.396+0000] {logging_mixin.py:188} INFO - [2026-04-16T02:46:20.395+0000] {dag.py:3823} INFO - Setting next_dagrun for example_xcom to 2021-01-01 00:00:00+00:00, run_after=2021-01-01 00:00:00+00:00
[2026-04-16T02:46:20.420+0000] {processor.py:183} INFO - Processing /home/airflow/.local/lib/python3.8/site-packages/airflow/example_dags/example_xcom.py took 0.088 seconds
[2026-04-16T02:46:50.730+0000] {processor.py:161} INFO - Started process (PID=67130) to work on /home/airflow/.local/lib/python3.8/site-packages/airflow/example_dags/example_xcom.py
[2026-04-16T02:46:50.731+0000] {processor.py:830} INFO - Processing file /home/airflow/.local/lib/python3.8/site-packages/airflow/example_dags/example_xcom.py for tasks to queue
[2026-04-16T02:46:50.733+0000] {logging_mixin.py:188} INFO - [2026-04-16T02:46:50.733+0000] {dagbag.py:538} INFO - Filling up the DagBag from /home/airflow/.local/lib/python3.8/site-packages/airflow/example_dags/example_xcom.py
[2026-04-16T02:46:50.741+0000] {processor.py:840} INFO - DAG(s) 'example_xcom' retrieved from /home/airflow/.local/lib/python3.8/site-packages/airflow/example_dags/example_xcom.py
[2026-04-16T02:46:50.764+0000] {logging_mixin.py:188} INFO - [2026-04-16T02:46:50.763+0000] {dag.py:3036} INFO - Sync 1 DAGs
[2026-04-16T02:46:50.785+0000] {logging_mixin.py:188} INFO - [2026-04-16T02:46:50.784+0000] {dag.py:3823} INFO - Setting next_dagrun for example_xcom to 2021-01-01 00:00:00+00:00, run_after=2021-01-01 00:00:00+00:00
[2026-04-16T02:46:50.808+0000] {processor.py:183} INFO - Processing /home/airflow/.local/lib/python3.8/site-packages/airflow/example_dags/example_xcom.py took 0.082 seconds
[2026-04-16T02:47:21.128+0000] {processor.py:161} INFO - Started process (PID=67187) to work on /home/airflow/.local/lib/python3.8/site-packages/airflow/example_dags/example_xcom.py
[2026-04-16T02:47:21.129+0000] {processor.py:830} INFO - Processing file /home/airflow/.local/lib/python3.8/site-packages/airflow/example_dags/example_xcom.py for tasks to queue
[2026-04-16T02:47:21.131+0000] {logging_mixin.py:188} INFO - [2026-04-16T02:47:21.131+0000] {dagbag.py:538} INFO - Filling up the DagBag from /home/airflow/.local/lib/python3.8/site-packages/airflow/example_dags/example_xcom.py
[2026-04-16T02:47:21.138+0000] {processor.py:840} INFO - DAG(s) 'example_xcom' retrieved from /home/airflow/.local/lib/python3.8/site-packages/airflow/example_dags/example_xcom.py
[2026-04-16T02:47:21.161+0000] {logging_mixin.py:188} INFO - [2026-04-16T02:47:21.161+0000] {dag.py:3036} INFO - Sync 1 DAGs
[2026-04-16T02:47:21.181+0000] {logging_mixin.py:188} INFO - [2026-04-16T02:47:21.181+0000] {dag.py:3823} INFO - Setting next_dagrun for example_xcom to 2021-01-01 00:00:00+00:00, run_after=2021-01-01 00:00:00+00:00
[2026-04-16T02:47:21.205+0000] {processor.py:183} INFO - Processing /home/airflow/.local/lib/python3.8/site-packages/airflow/example_dags/example_xcom.py took 0.080 seconds
[2026-04-16T02:47:51.394+0000] {processor.py:161} INFO - Started process (PID=67244) to work on /home/airflow/.local/lib/python3.8/site-packages/airflow/example_dags/example_xcom.py
[2026-04-16T02:47:51.395+0000] {processor.py:830} INFO - Processing file /home/airflow/.local/lib/python3.8/site-packages/airflow/example_dags/example_xcom.py for tasks to queue
[2026-04-16T02:47:51.397+0000] {logging_mixin.py:188} INFO - [2026-04-16T02:47:51.397+0000] {dagbag.py:538} INFO - Filling up the DagBag from /home/airflow/.local/lib/python3.8/site-packages/airflow/example_dags/example_xcom.py
[2026-04-16T02:47:51.406+0000] {processor.py:840} INFO - DAG(s) 'example_xcom' retrieved from /home/airflow/.local/lib/python3.8/site-packages/airflow/example_dags/example_xcom.py
[2026-04-16T02:47:51.430+0000] {logging_mixin.py:188} INFO - [2026-04-16T02:47:51.429+0000] {dag.py:3036} INFO - Sync 1 DAGs
[2026-04-16T02:47:51.451+0000] {logging_mixin.py:188} INFO - [2026-04-16T02:47:51.451+0000] {dag.py:3823} INFO - Setting next_dagrun for example_xcom to 2021-01-01 00:00:00+00:00, run_after=2021-01-01 00:00:00+00:00
[2026-04-16T02:47:51.474+0000] {processor.py:183} INFO - Processing /home/airflow/.local/lib/python3.8/site-packages/airflow/example_dags/example_xcom.py took 0.084 seconds
[2026-04-16T02:48:21.739+0000] {processor.py:161} INFO - Started process (PID=67301) to work on /home/airflow/.local/lib/python3.8/site-packages/airflow/example_dags/example_xcom.py
[2026-04-16T02:48:21.740+0000] {processor.py:830} INFO - Processing file /home/airflow/.local/lib/python3.8/site-packages/airflow/example_dags/example_xcom.py for tasks to queue
[2026-04-16T02:48:21.742+0000] {logging_mixin.py:188} INFO - [2026-04-16T02:48:21.742+0000] {dagbag.py:538} INFO - Filling up the DagBag from /home/airflow/.local/lib/python3.8/site-packages/airflow/example_dags/example_xcom.py
[2026-04-16T02:48:21.750+0000] {processor.py:840} INFO - DAG(s) 'example_xcom' retrieved from /home/airflow/.local/lib/python3.8/site-packages/airflow/example_dags/example_xcom.py
[2026-04-16T02:48:21.773+0000] {logging_mixin.py:188} INFO - [2026-04-16T02:48:21.772+0000] {dag.py:3036} INFO - Sync 1 DAGs
[2026-04-16T02:48:21.794+0000] {logging_mixin.py:188} INFO - [2026-04-16T02:48:21.794+0000] {dag.py:3823} INFO - Setting next_dagrun for example_xcom to 2021-01-01 00:00:00+00:00, run_after=2021-01-01 00:00:00+00:00
[2026-04-16T02:48:21.816+0000] {processor.py:183} INFO - Processing /home/airflow/.local/lib/python3.8/site-packages/airflow/example_dags/example_xcom.py took 0.081 seconds
[2026-04-16T02:48:52.082+0000] {processor.py:161} INFO - Started process (PID=67358) to work on /home/airflow/.local/lib/python3.8/site-packages/airflow/example_dags/example_xcom.py
[2026-04-16T02:48:52.084+0000] {processor.py:830} INFO - Processing file /home/airflow/.local/lib/python3.8/site-packages/airflow/example_dags/example_xcom.py for tasks to queue
[2026-04-16T02:48:52.086+0000] {logging_mixin.py:188} INFO - [2026-04-16T02:48:52.085+0000] {dagbag.py:538} INFO - Filling up the DagBag from /home/airflow/.local/lib/python3.8/site-packages/airflow/example_dags/example_xcom.py
[2026-04-16T02:48:52.094+0000] {processor.py:840} INFO - DAG(s) 'example_xcom' retrieved from /home/airflow/.local/lib/python3.8/site-packages/airflow/example_dags/example_xcom.py
[2026-04-16T02:48:52.119+0000] {logging_mixin.py:188} INFO - [2026-04-16T02:48:52.119+0000] {dag.py:3036} INFO - Sync 1 DAGs
[2026-04-16T02:48:52.140+0000] {logging_mixin.py:188} INFO - [2026-04-16T02:48:52.140+0000] {dag.py:3823} INFO - Setting next_dagrun for example_xcom to 2021-01-01 00:00:00+00:00, run_after=2021-01-01 00:00:00+00:00
[2026-04-16T02:48:52.161+0000] {processor.py:183} INFO - Processing /home/airflow/.local/lib/python3.8/site-packages/airflow/example_dags/example_xcom.py took 0.083 seconds
[2026-04-16T02:49:22.324+0000] {processor.py:161} INFO - Started process (PID=67415) to work on /home/airflow/.local/lib/python3.8/site-packages/airflow/example_dags/example_xcom.py
[2026-04-16T02:49:22.325+0000] {processor.py:830} INFO - Processing file /home/airflow/.local/lib/python3.8/site-packages/airflow/example_dags/example_xcom.py for tasks to queue
[2026-04-16T02:49:22.327+0000] {logging_mixin.py:188} INFO - [2026-04-16T02:49:22.327+0000] {dagbag.py:538} INFO - Filling up the DagBag from /home/airflow/.local/lib/python3.8/site-packages/airflow/example_dags/example_xcom.py
[2026-04-16T02:49:22.335+0000] {processor.py:840} INFO - DAG(s) 'example_xcom' retrieved from /home/airflow/.local/lib/python3.8/site-packages/airflow/example_dags/example_xcom.py
[2026-04-16T02:49:22.357+0000] {logging_mixin.py:188} INFO - [2026-04-16T02:49:22.357+0000] {dag.py:3036} INFO - Sync 1 DAGs
[2026-04-16T02:49:22.377+0000] {logging_mixin.py:188} INFO - [2026-04-16T02:49:22.377+0000] {dag.py:3823} INFO - Setting next_dagrun for example_xcom to 2021-01-01 00:00:00+00:00, run_after=2021-01-01 00:00:00+00:00
[2026-04-16T02:49:22.400+0000] {processor.py:183} INFO - Processing /home/airflow/.local/lib/python3.8/site-packages/airflow/example_dags/example_xcom.py took 0.080 seconds
[2026-04-16T02:49:52.662+0000] {processor.py:161} INFO - Started process (PID=67472) to work on /home/airflow/.local/lib/python3.8/site-packages/airflow/example_dags/example_xcom.py
[2026-04-16T02:49:52.664+0000] {processor.py:830} INFO - Processing file /home/airflow/.local/lib/python3.8/site-packages/airflow/example_dags/example_xcom.py for tasks to queue
[2026-04-16T02:49:52.666+0000] {logging_mixin.py:188} INFO - [2026-04-16T02:49:52.666+0000] {dagbag.py:538} INFO - Filling up the DagBag from /home/airflow/.local/lib/python3.8/site-packages/airflow/example_dags/example_xcom.py
[2026-04-16T02:49:52.674+0000] {processor.py:840} INFO - DAG(s) 'example_xcom' retrieved from /home/airflow/.local/lib/python3.8/site-packages/airflow/example_dags/example_xcom.py
[2026-04-16T02:49:52.697+0000] {logging_mixin.py:188} INFO - [2026-04-16T02:49:52.697+0000] {dag.py:3036} INFO - Sync 1 DAGs
[2026-04-16T02:49:52.720+0000] {logging_mixin.py:188} INFO - [2026-04-16T02:49:52.719+0000] {dag.py:3823} INFO - Setting next_dagrun for example_xcom to 2021-01-01 00:00:00+00:00, run_after=2021-01-01 00:00:00+00:00
[2026-04-16T02:49:52.747+0000] {processor.py:183} INFO - Processing /home/airflow/.local/lib/python3.8/site-packages/airflow/example_dags/example_xcom.py took 0.088 seconds
[2026-04-16T02:50:22.997+0000] {processor.py:161} INFO - Started process (PID=67529) to work on /home/airflow/.local/lib/python3.8/site-packages/airflow/example_dags/example_xcom.py
[2026-04-16T02:50:22.998+0000] {processor.py:830} INFO - Processing file /home/airflow/.local/lib/python3.8/site-packages/airflow/example_dags/example_xcom.py for tasks to queue
[2026-04-16T02:50:23.000+0000] {logging_mixin.py:188} INFO - [2026-04-16T02:50:23.000+0000] {dagbag.py:538} INFO - Filling up the DagBag from /home/airflow/.local/lib/python3.8/site-packages/airflow/example_dags/example_xcom.py
[2026-04-16T02:50:23.008+0000] {processor.py:840} INFO - DAG(s) 'example_xcom' retrieved from /home/airflow/.local/lib/python3.8/site-packages/airflow/example_dags/example_xcom.py
[2026-04-16T02:50:23.031+0000] {logging_mixin.py:188} INFO - [2026-04-16T02:50:23.031+0000] {dag.py:3036} INFO - Sync 1 DAGs
[2026-04-16T02:50:23.054+0000] {logging_mixin.py:188} INFO - [2026-04-16T02:50:23.054+0000] {dag.py:3823} INFO - Setting next_dagrun for example_xcom to 2021-01-01 00:00:00+00:00, run_after=2021-01-01 00:00:00+00:00
[2026-04-16T02:50:23.078+0000] {processor.py:183} INFO - Processing /home/airflow/.local/lib/python3.8/site-packages/airflow/example_dags/example_xcom.py took 0.084 seconds
[2026-04-16T02:50:53.526+0000] {processor.py:161} INFO - Started process (PID=67586) to work on /home/airflow/.local/lib/python3.8/site-packages/airflow/example_dags/example_xcom.py
[2026-04-16T02:50:53.527+0000] {processor.py:830} INFO - Processing file /home/airflow/.local/lib/python3.8/site-packages/airflow/example_dags/example_xcom.py for tasks to queue
[2026-04-16T02:50:53.529+0000] {logging_mixin.py:188} INFO - [2026-04-16T02:50:53.529+0000] {dagbag.py:538} INFO - Filling up the DagBag from /home/airflow/.local/lib/python3.8/site-packages/airflow/example_dags/example_xcom.py
[2026-04-16T02:50:53.536+0000] {processor.py:840} INFO - DAG(s) 'example_xcom' retrieved from /home/airflow/.local/lib/python3.8/site-packages/airflow/example_dags/example_xcom.py
[2026-04-16T02:50:53.558+0000] {logging_mixin.py:188} INFO - [2026-04-16T02:50:53.558+0000] {dag.py:3036} INFO - Sync 1 DAGs
[2026-04-16T02:50:53.581+0000] {logging_mixin.py:188} INFO - [2026-04-16T02:50:53.581+0000] {dag.py:3823} INFO - Setting next_dagrun for example_xcom to 2021-01-01 00:00:00+00:00, run_after=2021-01-01 00:00:00+00:00
[2026-04-16T02:50:53.603+0000] {processor.py:183} INFO - Processing /home/airflow/.local/lib/python3.8/site-packages/airflow/example_dags/example_xcom.py took 0.081 seconds
[2026-04-16T02:51:23.756+0000] {processor.py:161} INFO - Started process (PID=67643) to work on /home/airflow/.local/lib/python3.8/site-packages/airflow/example_dags/example_xcom.py
[2026-04-16T02:51:23.757+0000] {processor.py:830} INFO - Processing file /home/airflow/.local/lib/python3.8/site-packages/airflow/example_dags/example_xcom.py for tasks to queue
[2026-04-16T02:51:23.759+0000] {logging_mixin.py:188} INFO - [2026-04-16T02:51:23.759+0000] {dagbag.py:538} INFO - Filling up the DagBag from /home/airflow/.local/lib/python3.8/site-packages/airflow/example_dags/example_xcom.py
[2026-04-16T02:51:23.766+0000] {processor.py:840} INFO - DAG(s) 'example_xcom' retrieved from /home/airflow/.local/lib/python3.8/site-packages/airflow/example_dags/example_xcom.py
[2026-04-16T02:51:23.791+0000] {logging_mixin.py:188} INFO - [2026-04-16T02:51:23.790+0000] {dag.py:3036} INFO - Sync 1 DAGs
[2026-04-16T02:51:23.811+0000] {logging_mixin.py:188} INFO - [2026-04-16T02:51:23.810+0000] {dag.py:3823} INFO - Setting next_dagrun for example_xcom to 2021-01-01 00:00:00+00:00, run_after=2021-01-01 00:00:00+00:00
[2026-04-16T02:51:23.834+0000] {processor.py:183} INFO - Processing /home/airflow/.local/lib/python3.8/site-packages/airflow/example_dags/example_xcom.py took 0.081 seconds
[2026-04-16T02:51:54.084+0000] {processor.py:161} INFO - Started process (PID=67700) to work on /home/airflow/.local/lib/python3.8/site-packages/airflow/example_dags/example_xcom.py
[2026-04-16T02:51:54.085+0000] {processor.py:830} INFO - Processing file /home/airflow/.local/lib/python3.8/site-packages/airflow/example_dags/example_xcom.py for tasks to queue
[2026-04-16T02:51:54.088+0000] {logging_mixin.py:188} INFO - [2026-04-16T02:51:54.087+0000] {dagbag.py:538} INFO - Filling up the DagBag from /home/airflow/.local/lib/python3.8/site-packages/airflow/example_dags/example_xcom.py
[2026-04-16T02:51:54.099+0000] {processor.py:840} INFO - DAG(s) 'example_xcom' retrieved from /home/airflow/.local/lib/python3.8/site-packages/airflow/example_dags/example_xcom.py
[2026-04-16T02:51:54.125+0000] {logging_mixin.py:188} INFO - [2026-04-16T02:51:54.125+0000] {dag.py:3036} INFO - Sync 1 DAGs
[2026-04-16T02:51:54.149+0000] {logging_mixin.py:188} INFO - [2026-04-16T02:51:54.149+0000] {dag.py:3823} INFO - Setting next_dagrun for example_xcom to 2021-01-01 00:00:00+00:00, run_after=2021-01-01 00:00:00+00:00
[2026-04-16T02:51:54.171+0000] {processor.py:183} INFO - Processing /home/airflow/.local/lib/python3.8/site-packages/airflow/example_dags/example_xcom.py took 0.091 seconds
[2026-04-16T02:52:24.429+0000] {processor.py:161} INFO - Started process (PID=67757) to work on /home/airflow/.local/lib/python3.8/site-packages/airflow/example_dags/example_xcom.py
[2026-04-16T02:52:24.431+0000] {processor.py:830} INFO - Processing file /home/airflow/.local/lib/python3.8/site-packages/airflow/example_dags/example_xcom.py for tasks to queue
[2026-04-16T02:52:24.433+0000] {logging_mixin.py:188} INFO - [2026-04-16T02:52:24.433+0000] {dagbag.py:538} INFO - Filling up the DagBag from /home/airflow/.local/lib/python3.8/site-packages/airflow/example_dags/example_xcom.py
[2026-04-16T02:52:24.441+0000] {processor.py:840} INFO - DAG(s) 'example_xcom' retrieved from /home/airflow/.local/lib/python3.8/site-packages/airflow/example_dags/example_xcom.py
[2026-04-16T02:52:24.465+0000] {logging_mixin.py:188} INFO - [2026-04-16T02:52:24.465+0000] {dag.py:3036} INFO - Sync 1 DAGs
[2026-04-16T02:52:24.485+0000] {logging_mixin.py:188} INFO - [2026-04-16T02:52:24.485+0000] {dag.py:3823} INFO - Setting next_dagrun for example_xcom to 2021-01-01 00:00:00+00:00, run_after=2021-01-01 00:00:00+00:00
[2026-04-16T02:52:24.509+0000] {processor.py:183} INFO - Processing /home/airflow/.local/lib/python3.8/site-packages/airflow/example_dags/example_xcom.py took 0.084 seconds
[2026-04-16T02:52:54.683+0000] {processor.py:161} INFO - Started process (PID=67813) to work on /home/airflow/.local/lib/python3.8/site-packages/airflow/example_dags/example_xcom.py
[2026-04-16T02:52:54.684+0000] {processor.py:830} INFO - Processing file /home/airflow/.local/lib/python3.8/site-packages/airflow/example_dags/example_xcom.py for tasks to queue
[2026-04-16T02:52:54.686+0000] {logging_mixin.py:188} INFO - [2026-04-16T02:52:54.686+0000] {dagbag.py:538} INFO - Filling up the DagBag from /home/airflow/.local/lib/python3.8/site-packages/airflow/example_dags/example_xcom.py
[2026-04-16T02:52:54.694+0000] {processor.py:840} INFO - DAG(s) 'example_xcom' retrieved from /home/airflow/.local/lib/python3.8/site-packages/airflow/example_dags/example_xcom.py
[2026-04-16T02:52:54.716+0000] {logging_mixin.py:188} INFO - [2026-04-16T02:52:54.716+0000] {dag.py:3036} INFO - Sync 1 DAGs
[2026-04-16T02:52:54.734+0000] {logging_mixin.py:188} INFO - [2026-04-16T02:52:54.734+0000] {dag.py:3823} INFO - Setting next_dagrun for example_xcom to 2021-01-01 00:00:00+00:00, run_after=2021-01-01 00:00:00+00:00
[2026-04-16T02:52:54.755+0000] {processor.py:183} INFO - Processing /home/airflow/.local/lib/python3.8/site-packages/airflow/example_dags/example_xcom.py took 0.076 seconds
[2026-04-16T02:53:25.143+0000] {processor.py:161} INFO - Started process (PID=67871) to work on /home/airflow/.local/lib/python3.8/site-packages/airflow/example_dags/example_xcom.py
[2026-04-16T02:53:25.144+0000] {processor.py:830} INFO - Processing file /home/airflow/.local/lib/python3.8/site-packages/airflow/example_dags/example_xcom.py for tasks to queue
[2026-04-16T02:53:25.146+0000] {logging_mixin.py:188} INFO - [2026-04-16T02:53:25.146+0000] {dagbag.py:538} INFO - Filling up the DagBag from /home/airflow/.local/lib/python3.8/site-packages/airflow/example_dags/example_xcom.py
[2026-04-16T02:53:25.155+0000] {processor.py:840} INFO - DAG(s) 'example_xcom' retrieved from /home/airflow/.local/lib/python3.8/site-packages/airflow/example_dags/example_xcom.py
[2026-04-16T02:53:25.181+0000] {logging_mixin.py:188} INFO - [2026-04-16T02:53:25.181+0000] {dag.py:3036} INFO - Sync 1 DAGs
[2026-04-16T02:53:25.205+0000] {logging_mixin.py:188} INFO - [2026-04-16T02:53:25.205+0000] {dag.py:3823} INFO - Setting next_dagrun for example_xcom to 2021-01-01 00:00:00+00:00, run_after=2021-01-01 00:00:00+00:00
[2026-04-16T02:53:25.225+0000] {processor.py:183} INFO - Processing /home/airflow/.local/lib/python3.8/site-packages/airflow/example_dags/example_xcom.py took 0.085 seconds
[2026-04-16T02:53:55.471+0000] {processor.py:161} INFO - Started process (PID=67927) to work on /home/airflow/.local/lib/python3.8/site-packages/airflow/example_dags/example_xcom.py
[2026-04-16T02:53:55.472+0000] {processor.py:830} INFO - Processing file /home/airflow/.local/lib/python3.8/site-packages/airflow/example_dags/example_xcom.py for tasks to queue
[2026-04-16T02:53:55.474+0000] {logging_mixin.py:188} INFO - [2026-04-16T02:53:55.474+0000] {dagbag.py:538} INFO - Filling up the DagBag from /home/airflow/.local/lib/python3.8/site-packages/airflow/example_dags/example_xcom.py
[2026-04-16T02:53:55.482+0000] {processor.py:840} INFO - DAG(s) 'example_xcom' retrieved from /home/airflow/.local/lib/python3.8/site-packages/airflow/example_dags/example_xcom.py
[2026-04-16T02:53:55.504+0000] {logging_mixin.py:188} INFO - [2026-04-16T02:53:55.504+0000] {dag.py:3036} INFO - Sync 1 DAGs
[2026-04-16T02:53:55.525+0000] {logging_mixin.py:188} INFO - [2026-04-16T02:53:55.525+0000] {dag.py:3823} INFO - Setting next_dagrun for example_xcom to 2021-01-01 00:00:00+00:00, run_after=2021-01-01 00:00:00+00:00
[2026-04-16T02:53:55.546+0000] {processor.py:183} INFO - Processing /home/airflow/.local/lib/python3.8/site-packages/airflow/example_dags/example_xcom.py took 0.079 seconds
[2026-04-16T02:54:25.993+0000] {processor.py:161} INFO - Started process (PID=67985) to work on /home/airflow/.local/lib/python3.8/site-packages/airflow/example_dags/example_xcom.py
[2026-04-16T02:54:25.995+0000] {processor.py:830} INFO - Processing file /home/airflow/.local/lib/python3.8/site-packages/airflow/example_dags/example_xcom.py for tasks to queue
[2026-04-16T02:54:25.997+0000] {logging_mixin.py:188} INFO - [2026-04-16T02:54:25.997+0000] {dagbag.py:538} INFO - Filling up the DagBag from /home/airflow/.local/lib/python3.8/site-packages/airflow/example_dags/example_xcom.py
[2026-04-16T02:54:26.005+0000] {processor.py:840} INFO - DAG(s) 'example_xcom' retrieved from /home/airflow/.local/lib/python3.8/site-packages/airflow/example_dags/example_xcom.py
[2026-04-16T02:54:26.027+0000] {logging_mixin.py:188} INFO - [2026-04-16T02:54:26.027+0000] {dag.py:3036} INFO - Sync 1 DAGs
[2026-04-16T02:54:26.047+0000] {logging_mixin.py:188} INFO - [2026-04-16T02:54:26.047+0000] {dag.py:3823} INFO - Setting next_dagrun for example_xcom to 2021-01-01 00:00:00+00:00, run_after=2021-01-01 00:00:00+00:00
[2026-04-16T02:54:26.070+0000] {processor.py:183} INFO - Processing /home/airflow/.local/lib/python3.8/site-packages/airflow/example_dags/example_xcom.py took 0.080 seconds
[2026-04-16T02:54:56.794+0000] {processor.py:161} INFO - Started process (PID=68042) to work on /home/airflow/.local/lib/python3.8/site-packages/airflow/example_dags/example_xcom.py
[2026-04-16T02:54:56.796+0000] {processor.py:830} INFO - Processing file /home/airflow/.local/lib/python3.8/site-packages/airflow/example_dags/example_xcom.py for tasks to queue
[2026-04-16T02:54:56.799+0000] {logging_mixin.py:188} INFO - [2026-04-16T02:54:56.798+0000] {dagbag.py:538} INFO - Filling up the DagBag from /home/airflow/.local/lib/python3.8/site-packages/airflow/example_dags/example_xcom.py
[2026-04-16T02:54:56.810+0000] {processor.py:840} INFO - DAG(s) 'example_xcom' retrieved from /home/airflow/.local/lib/python3.8/site-packages/airflow/example_dags/example_xcom.py
[2026-04-16T02:54:56.833+0000] {logging_mixin.py:188} INFO - [2026-04-16T02:54:56.833+0000] {dag.py:3036} INFO - Sync 1 DAGs
[2026-04-16T02:54:56.855+0000] {logging_mixin.py:188} INFO - [2026-04-16T02:54:56.855+0000] {dag.py:3823} INFO - Setting next_dagrun for example_xcom to 2021-01-01 00:00:00+00:00, run_after=2021-01-01 00:00:00+00:00
[2026-04-16T02:54:56.880+0000] {processor.py:183} INFO - Processing /home/airflow/.local/lib/python3.8/site-packages/airflow/example_dags/example_xcom.py took 0.089 seconds
[2026-04-16T02:55:26.921+0000] {processor.py:161} INFO - Started process (PID=68099) to work on /home/airflow/.local/lib/python3.8/site-packages/airflow/example_dags/example_xcom.py
[2026-04-16T02:55:26.922+0000] {processor.py:830} INFO - Processing file /home/airflow/.local/lib/python3.8/site-packages/airflow/example_dags/example_xcom.py for tasks to queue
[2026-04-16T02:55:26.925+0000] {logging_mixin.py:188} INFO - [2026-04-16T02:55:26.924+0000] {dagbag.py:538} INFO - Filling up the DagBag from /home/airflow/.local/lib/python3.8/site-packages/airflow/example_dags/example_xcom.py
[2026-04-16T02:55:26.932+0000] {processor.py:840} INFO - DAG(s) 'example_xcom' retrieved from /home/airflow/.local/lib/python3.8/site-packages/airflow/example_dags/example_xcom.py
[2026-04-16T02:55:26.954+0000] {logging_mixin.py:188} INFO - [2026-04-16T02:55:26.953+0000] {dag.py:3036} INFO - Sync 1 DAGs
[2026-04-16T02:55:26.974+0000] {logging_mixin.py:188} INFO - [2026-04-16T02:55:26.974+0000] {dag.py:3823} INFO - Setting next_dagrun for example_xcom to 2021-01-01 00:00:00+00:00, run_after=2021-01-01 00:00:00+00:00
[2026-04-16T02:55:26.999+0000] {processor.py:183} INFO - Processing /home/airflow/.local/lib/python3.8/site-packages/airflow/example_dags/example_xcom.py took 0.083 seconds
[2026-04-16T02:55:57.347+0000] {processor.py:161} INFO - Started process (PID=68156) to work on /home/airflow/.local/lib/python3.8/site-packages/airflow/example_dags/example_xcom.py
[2026-04-16T02:55:57.349+0000] {processor.py:830} INFO - Processing file /home/airflow/.local/lib/python3.8/site-packages/airflow/example_dags/example_xcom.py for tasks to queue
[2026-04-16T02:55:57.352+0000] {logging_mixin.py:188} INFO - [2026-04-16T02:55:57.351+0000] {dagbag.py:538} INFO - Filling up the DagBag from /home/airflow/.local/lib/python3.8/site-packages/airflow/example_dags/example_xcom.py
[2026-04-16T02:55:57.359+0000] {processor.py:840} INFO - DAG(s) 'example_xcom' retrieved from /home/airflow/.local/lib/python3.8/site-packages/airflow/example_dags/example_xcom.py
[2026-04-16T02:55:57.380+0000] {logging_mixin.py:188} INFO - [2026-04-16T02:55:57.379+0000] {dag.py:3036} INFO - Sync 1 DAGs
[2026-04-16T02:55:57.401+0000] {logging_mixin.py:188} INFO - [2026-04-16T02:55:57.401+0000] {dag.py:3823} INFO - Setting next_dagrun for example_xcom to 2021-01-01 00:00:00+00:00, run_after=2021-01-01 00:00:00+00:00
[2026-04-16T02:55:57.423+0000] {processor.py:183} INFO - Processing /home/airflow/.local/lib/python3.8/site-packages/airflow/example_dags/example_xcom.py took 0.080 seconds
[2026-04-16T02:56:27.719+0000] {processor.py:161} INFO - Started process (PID=68213) to work on /home/airflow/.local/lib/python3.8/site-packages/airflow/example_dags/example_xcom.py
[2026-04-16T02:56:27.720+0000] {processor.py:830} INFO - Processing file /home/airflow/.local/lib/python3.8/site-packages/airflow/example_dags/example_xcom.py for tasks to queue
[2026-04-16T02:56:27.723+0000] {logging_mixin.py:188} INFO - [2026-04-16T02:56:27.723+0000] {dagbag.py:538} INFO - Filling up the DagBag from /home/airflow/.local/lib/python3.8/site-packages/airflow/example_dags/example_xcom.py
[2026-04-16T02:56:27.732+0000] {processor.py:840} INFO - DAG(s) 'example_xcom' retrieved from /home/airflow/.local/lib/python3.8/site-packages/airflow/example_dags/example_xcom.py
[2026-04-16T02:56:27.756+0000] {logging_mixin.py:188} INFO - [2026-04-16T02:56:27.756+0000] {dag.py:3036} INFO - Sync 1 DAGs
[2026-04-16T02:56:27.776+0000] {logging_mixin.py:188} INFO - [2026-04-16T02:56:27.776+0000] {dag.py:3823} INFO - Setting next_dagrun for example_xcom to 2021-01-01 00:00:00+00:00, run_after=2021-01-01 00:00:00+00:00
[2026-04-16T02:56:27.799+0000] {processor.py:183} INFO - Processing /home/airflow/.local/lib/python3.8/site-packages/airflow/example_dags/example_xcom.py took 0.085 seconds
[2026-04-16T02:56:58.459+0000] {processor.py:161} INFO - Started process (PID=68270) to work on /home/airflow/.local/lib/python3.8/site-packages/airflow/example_dags/example_xcom.py
[2026-04-16T02:56:58.460+0000] {processor.py:830} INFO - Processing file /home/airflow/.local/lib/python3.8/site-packages/airflow/example_dags/example_xcom.py for tasks to queue
[2026-04-16T02:56:58.462+0000] {logging_mixin.py:188} INFO - [2026-04-16T02:56:58.462+0000] {dagbag.py:538} INFO - Filling up the DagBag from /home/airflow/.local/lib/python3.8/site-packages/airflow/example_dags/example_xcom.py
[2026-04-16T02:56:58.472+0000] {processor.py:840} INFO - DAG(s) 'example_xcom' retrieved from /home/airflow/.local/lib/python3.8/site-packages/airflow/example_dags/example_xcom.py
[2026-04-16T02:56:58.499+0000] {logging_mixin.py:188} INFO - [2026-04-16T02:56:58.498+0000] {dag.py:3036} INFO - Sync 1 DAGs
[2026-04-16T02:56:58.518+0000] {logging_mixin.py:188} INFO - [2026-04-16T02:56:58.518+0000] {dag.py:3823} INFO - Setting next_dagrun for example_xcom to 2021-01-01 00:00:00+00:00, run_after=2021-01-01 00:00:00+00:00
[2026-04-16T02:56:58.541+0000] {processor.py:183} INFO - Processing /home/airflow/.local/lib/python3.8/site-packages/airflow/example_dags/example_xcom.py took 0.086 seconds
[2026-04-16T02:57:29.260+0000] {processor.py:161} INFO - Started process (PID=68328) to work on /home/airflow/.local/lib/python3.8/site-packages/airflow/example_dags/example_xcom.py
[2026-04-16T02:57:29.261+0000] {processor.py:830} INFO - Processing file /home/airflow/.local/lib/python3.8/site-packages/airflow/example_dags/example_xcom.py for tasks to queue
[2026-04-16T02:57:29.263+0000] {logging_mixin.py:188} INFO - [2026-04-16T02:57:29.263+0000] {dagbag.py:538} INFO - Filling up the DagBag from /home/airflow/.local/lib/python3.8/site-packages/airflow/example_dags/example_xcom.py
[2026-04-16T02:57:29.271+0000] {processor.py:840} INFO - DAG(s) 'example_xcom' retrieved from /home/airflow/.local/lib/python3.8/site-packages/airflow/example_dags/example_xcom.py
[2026-04-16T02:57:29.293+0000] {logging_mixin.py:188} INFO - [2026-04-16T02:57:29.293+0000] {dag.py:3036} INFO - Sync 1 DAGs
[2026-04-16T02:57:29.312+0000] {logging_mixin.py:188} INFO - [2026-04-16T02:57:29.312+0000] {dag.py:3823} INFO - Setting next_dagrun for example_xcom to 2021-01-01 00:00:00+00:00, run_after=2021-01-01 00:00:00+00:00
[2026-04-16T02:57:29.335+0000] {processor.py:183} INFO - Processing /home/airflow/.local/lib/python3.8/site-packages/airflow/example_dags/example_xcom.py took 0.078 seconds
[2026-04-16T02:57:59.714+0000] {processor.py:161} INFO - Started process (PID=68385) to work on /home/airflow/.local/lib/python3.8/site-packages/airflow/example_dags/example_xcom.py
[2026-04-16T02:57:59.715+0000] {processor.py:830} INFO - Processing file /home/airflow/.local/lib/python3.8/site-packages/airflow/example_dags/example_xcom.py for tasks to queue
[2026-04-16T02:57:59.718+0000] {logging_mixin.py:188} INFO - [2026-04-16T02:57:59.717+0000] {dagbag.py:538} INFO - Filling up the DagBag from /home/airflow/.local/lib/python3.8/site-packages/airflow/example_dags/example_xcom.py
[2026-04-16T02:57:59.726+0000] {processor.py:840} INFO - DAG(s) 'example_xcom' retrieved from /home/airflow/.local/lib/python3.8/site-packages/airflow/example_dags/example_xcom.py
[2026-04-16T02:57:59.750+0000] {logging_mixin.py:188} INFO - [2026-04-16T02:57:59.750+0000] {dag.py:3036} INFO - Sync 1 DAGs
[2026-04-16T02:57:59.770+0000] {logging_mixin.py:188} INFO - [2026-04-16T02:57:59.770+0000] {dag.py:3823} INFO - Setting next_dagrun for example_xcom to 2021-01-01 00:00:00+00:00, run_after=2021-01-01 00:00:00+00:00
[2026-04-16T02:57:59.793+0000] {processor.py:183} INFO - Processing /home/airflow/.local/lib/python3.8/site-packages/airflow/example_dags/example_xcom.py took 0.082 seconds
[2026-04-16T02:58:30.104+0000] {processor.py:161} INFO - Started process (PID=68440) to work on /home/airflow/.local/lib/python3.8/site-packages/airflow/example_dags/example_xcom.py
[2026-04-16T02:58:30.105+0000] {processor.py:830} INFO - Processing file /home/airflow/.local/lib/python3.8/site-packages/airflow/example_dags/example_xcom.py for tasks to queue
[2026-04-16T02:58:30.107+0000] {logging_mixin.py:188} INFO - [2026-04-16T02:58:30.107+0000] {dagbag.py:538} INFO - Filling up the DagBag from /home/airflow/.local/lib/python3.8/site-packages/airflow/example_dags/example_xcom.py
[2026-04-16T02:58:30.114+0000] {processor.py:840} INFO - DAG(s) 'example_xcom' retrieved from /home/airflow/.local/lib/python3.8/site-packages/airflow/example_dags/example_xcom.py
[2026-04-16T02:58:30.137+0000] {logging_mixin.py:188} INFO - [2026-04-16T02:58:30.137+0000] {dag.py:3036} INFO - Sync 1 DAGs
[2026-04-16T02:58:30.156+0000] {logging_mixin.py:188} INFO - [2026-04-16T02:58:30.156+0000] {dag.py:3823} INFO - Setting next_dagrun for example_xcom to 2021-01-01 00:00:00+00:00, run_after=2021-01-01 00:00:00+00:00
[2026-04-16T02:58:30.179+0000] {processor.py:183} INFO - Processing /home/airflow/.local/lib/python3.8/site-packages/airflow/example_dags/example_xcom.py took 0.079 seconds
[2026-04-16T02:59:00.601+0000] {processor.py:161} INFO - Started process (PID=68497) to work on /home/airflow/.local/lib/python3.8/site-packages/airflow/example_dags/example_xcom.py
[2026-04-16T02:59:00.603+0000] {processor.py:830} INFO - Processing file /home/airflow/.local/lib/python3.8/site-packages/airflow/example_dags/example_xcom.py for tasks to queue
[2026-04-16T02:59:00.605+0000] {logging_mixin.py:188} INFO - [2026-04-16T02:59:00.605+0000] {dagbag.py:538} INFO - Filling up the DagBag from /home/airflow/.local/lib/python3.8/site-packages/airflow/example_dags/example_xcom.py
[2026-04-16T02:59:00.613+0000] {processor.py:840} INFO - DAG(s) 'example_xcom' retrieved from /home/airflow/.local/lib/python3.8/site-packages/airflow/example_dags/example_xcom.py
[2026-04-16T02:59:00.635+0000] {logging_mixin.py:188} INFO - [2026-04-16T02:59:00.635+0000] {dag.py:3036} INFO - Sync 1 DAGs
[2026-04-16T02:59:00.655+0000] {logging_mixin.py:188} INFO - [2026-04-16T02:59:00.655+0000] {dag.py:3823} INFO - Setting next_dagrun for example_xcom to 2021-01-01 00:00:00+00:00, run_after=2021-01-01 00:00:00+00:00
[2026-04-16T02:59:00.685+0000] {processor.py:183} INFO - Processing /home/airflow/.local/lib/python3.8/site-packages/airflow/example_dags/example_xcom.py took 0.088 seconds
[2026-04-16T02:59:31.138+0000] {processor.py:161} INFO - Started process (PID=68554) to work on /home/airflow/.local/lib/python3.8/site-packages/airflow/example_dags/example_xcom.py
[2026-04-16T02:59:31.140+0000] {processor.py:830} INFO - Processing file /home/airflow/.local/lib/python3.8/site-packages/airflow/example_dags/example_xcom.py for tasks to queue
[2026-04-16T02:59:31.142+0000] {logging_mixin.py:188} INFO - [2026-04-16T02:59:31.142+0000] {dagbag.py:538} INFO - Filling up the DagBag from /home/airflow/.local/lib/python3.8/site-packages/airflow/example_dags/example_xcom.py
[2026-04-16T02:59:31.149+0000] {processor.py:840} INFO - DAG(s) 'example_xcom' retrieved from /home/airflow/.local/lib/python3.8/site-packages/airflow/example_dags/example_xcom.py
[2026-04-16T02:59:31.172+0000] {logging_mixin.py:188} INFO - [2026-04-16T02:59:31.171+0000] {dag.py:3036} INFO - Sync 1 DAGs
[2026-04-16T02:59:31.195+0000] {logging_mixin.py:188} INFO - [2026-04-16T02:59:31.195+0000] {dag.py:3823} INFO - Setting next_dagrun for example_xcom to 2021-01-01 00:00:00+00:00, run_after=2021-01-01 00:00:00+00:00
[2026-04-16T02:59:31.219+0000] {processor.py:183} INFO - Processing /home/airflow/.local/lib/python3.8/site-packages/airflow/example_dags/example_xcom.py took 0.084 seconds
[2026-04-16T03:00:01.608+0000] {processor.py:161} INFO - Started process (PID=68611) to work on /home/airflow/.local/lib/python3.8/site-packages/airflow/example_dags/example_xcom.py
[2026-04-16T03:00:01.609+0000] {processor.py:830} INFO - Processing file /home/airflow/.local/lib/python3.8/site-packages/airflow/example_dags/example_xcom.py for tasks to queue
[2026-04-16T03:00:01.612+0000] {logging_mixin.py:188} INFO - [2026-04-16T03:00:01.611+0000] {dagbag.py:538} INFO - Filling up the DagBag from /home/airflow/.local/lib/python3.8/site-packages/airflow/example_dags/example_xcom.py
[2026-04-16T03:00:01.620+0000] {processor.py:840} INFO - DAG(s) 'example_xcom' retrieved from /home/airflow/.local/lib/python3.8/site-packages/airflow/example_dags/example_xcom.py
[2026-04-16T03:00:01.642+0000] {logging_mixin.py:188} INFO - [2026-04-16T03:00:01.642+0000] {dag.py:3036} INFO - Sync 1 DAGs
[2026-04-16T03:00:01.663+0000] {logging_mixin.py:188} INFO - [2026-04-16T03:00:01.662+0000] {dag.py:3823} INFO - Setting next_dagrun for example_xcom to 2021-01-01 00:00:00+00:00, run_after=2021-01-01 00:00:00+00:00
[2026-04-16T03:00:01.686+0000] {processor.py:183} INFO - Processing /home/airflow/.local/lib/python3.8/site-packages/airflow/example_dags/example_xcom.py took 0.081 seconds
[2026-04-16T03:00:32.437+0000] {processor.py:161} INFO - Started process (PID=68668) to work on /home/airflow/.local/lib/python3.8/site-packages/airflow/example_dags/example_xcom.py
[2026-04-16T03:00:32.439+0000] {processor.py:830} INFO - Processing file /home/airflow/.local/lib/python3.8/site-packages/airflow/example_dags/example_xcom.py for tasks to queue
[2026-04-16T03:00:32.441+0000] {logging_mixin.py:188} INFO - [2026-04-16T03:00:32.441+0000] {dagbag.py:538} INFO - Filling up the DagBag from /home/airflow/.local/lib/python3.8/site-packages/airflow/example_dags/example_xcom.py
[2026-04-16T03:00:32.448+0000] {processor.py:840} INFO - DAG(s) 'example_xcom' retrieved from /home/airflow/.local/lib/python3.8/site-packages/airflow/example_dags/example_xcom.py
[2026-04-16T03:00:32.471+0000] {logging_mixin.py:188} INFO - [2026-04-16T03:00:32.470+0000] {dag.py:3036} INFO - Sync 1 DAGs
[2026-04-16T03:00:32.491+0000] {logging_mixin.py:188} INFO - [2026-04-16T03:00:32.491+0000] {dag.py:3823} INFO - Setting next_dagrun for example_xcom to 2021-01-01 00:00:00+00:00, run_after=2021-01-01 00:00:00+00:00
[2026-04-16T03:00:32.514+0000] {processor.py:183} INFO - Processing /home/airflow/.local/lib/python3.8/site-packages/airflow/example_dags/example_xcom.py took 0.081 seconds
[2026-04-16T03:01:03.003+0000] {processor.py:161} INFO - Started process (PID=68725) to work on /home/airflow/.local/lib/python3.8/site-packages/airflow/example_dags/example_xcom.py
[2026-04-16T03:01:03.005+0000] {processor.py:830} INFO - Processing file /home/airflow/.local/lib/python3.8/site-packages/airflow/example_dags/example_xcom.py for tasks to queue
[2026-04-16T03:01:03.008+0000] {logging_mixin.py:188} INFO - [2026-04-16T03:01:03.008+0000] {dagbag.py:538} INFO - Filling up the DagBag from /home/airflow/.local/lib/python3.8/site-packages/airflow/example_dags/example_xcom.py
[2026-04-16T03:01:03.018+0000] {processor.py:840} INFO - DAG(s) 'example_xcom' retrieved from /home/airflow/.local/lib/python3.8/site-packages/airflow/example_dags/example_xcom.py
[2026-04-16T03:01:03.042+0000] {logging_mixin.py:188} INFO - [2026-04-16T03:01:03.041+0000] {dag.py:3036} INFO - Sync 1 DAGs
[2026-04-16T03:01:03.066+0000] {logging_mixin.py:188} INFO - [2026-04-16T03:01:03.065+0000] {dag.py:3823} INFO - Setting next_dagrun for example_xcom to 2021-01-01 00:00:00+00:00, run_after=2021-01-01 00:00:00+00:00
[2026-04-16T03:01:03.086+0000] {processor.py:183} INFO - Processing /home/airflow/.local/lib/python3.8/site-packages/airflow/example_dags/example_xcom.py took 0.088 seconds
[2026-04-16T03:01:34.154+0000] {processor.py:161} INFO - Started process (PID=68782) to work on /home/airflow/.local/lib/python3.8/site-packages/airflow/example_dags/example_xcom.py
[2026-04-16T03:01:34.156+0000] {processor.py:830} INFO - Processing file /home/airflow/.local/lib/python3.8/site-packages/airflow/example_dags/example_xcom.py for tasks to queue
[2026-04-16T03:01:34.158+0000] {logging_mixin.py:188} INFO - [2026-04-16T03:01:34.158+0000] {dagbag.py:538} INFO - Filling up the DagBag from /home/airflow/.local/lib/python3.8/site-packages/airflow/example_dags/example_xcom.py
[2026-04-16T03:01:34.166+0000] {processor.py:840} INFO - DAG(s) 'example_xcom' retrieved from /home/airflow/.local/lib/python3.8/site-packages/airflow/example_dags/example_xcom.py
[2026-04-16T03:01:34.189+0000] {logging_mixin.py:188} INFO - [2026-04-16T03:01:34.188+0000] {dag.py:3036} INFO - Sync 1 DAGs
[2026-04-16T03:01:34.209+0000] {logging_mixin.py:188} INFO - [2026-04-16T03:01:34.209+0000] {dag.py:3823} INFO - Setting next_dagrun for example_xcom to 2021-01-01 00:00:00+00:00, run_after=2021-01-01 00:00:00+00:00
[2026-04-16T03:01:34.232+0000] {processor.py:183} INFO - Processing /home/airflow/.local/lib/python3.8/site-packages/airflow/example_dags/example_xcom.py took 0.081 seconds
[2026-04-16T03:02:05.047+0000] {processor.py:161} INFO - Started process (PID=68839) to work on /home/airflow/.local/lib/python3.8/site-packages/airflow/example_dags/example_xcom.py
[2026-04-16T03:02:05.048+0000] {processor.py:830} INFO - Processing file /home/airflow/.local/lib/python3.8/site-packages/airflow/example_dags/example_xcom.py for tasks to queue
[2026-04-16T03:02:05.051+0000] {logging_mixin.py:188} INFO - [2026-04-16T03:02:05.050+0000] {dagbag.py:538} INFO - Filling up the DagBag from /home/airflow/.local/lib/python3.8/site-packages/airflow/example_dags/example_xcom.py
[2026-04-16T03:02:05.058+0000] {processor.py:840} INFO - DAG(s) 'example_xcom' retrieved from /home/airflow/.local/lib/python3.8/site-packages/airflow/example_dags/example_xcom.py
[2026-04-16T03:02:05.081+0000] {logging_mixin.py:188} INFO - [2026-04-16T03:02:05.081+0000] {dag.py:3036} INFO - Sync 1 DAGs
[2026-04-16T03:02:05.102+0000] {logging_mixin.py:188} INFO - [2026-04-16T03:02:05.102+0000] {dag.py:3823} INFO - Setting next_dagrun for example_xcom to 2021-01-01 00:00:00+00:00, run_after=2021-01-01 00:00:00+00:00
[2026-04-16T03:02:05.126+0000] {processor.py:183} INFO - Processing /home/airflow/.local/lib/python3.8/site-packages/airflow/example_dags/example_xcom.py took 0.082 seconds
[2026-04-16T03:02:35.236+0000] {processor.py:161} INFO - Started process (PID=68896) to work on /home/airflow/.local/lib/python3.8/site-packages/airflow/example_dags/example_xcom.py
[2026-04-16T03:02:35.238+0000] {processor.py:830} INFO - Processing file /home/airflow/.local/lib/python3.8/site-packages/airflow/example_dags/example_xcom.py for tasks to queue
[2026-04-16T03:02:35.240+0000] {logging_mixin.py:188} INFO - [2026-04-16T03:02:35.240+0000] {dagbag.py:538} INFO - Filling up the DagBag from /home/airflow/.local/lib/python3.8/site-packages/airflow/example_dags/example_xcom.py
[2026-04-16T03:02:35.249+0000] {processor.py:840} INFO - DAG(s) 'example_xcom' retrieved from /home/airflow/.local/lib/python3.8/site-packages/airflow/example_dags/example_xcom.py
[2026-04-16T03:02:35.274+0000] {logging_mixin.py:188} INFO - [2026-04-16T03:02:35.274+0000] {dag.py:3036} INFO - Sync 1 DAGs
[2026-04-16T03:02:35.296+0000] {logging_mixin.py:188} INFO - [2026-04-16T03:02:35.295+0000] {dag.py:3823} INFO - Setting next_dagrun for example_xcom to 2021-01-01 00:00:00+00:00, run_after=2021-01-01 00:00:00+00:00
[2026-04-16T03:02:35.319+0000] {processor.py:183} INFO - Processing /home/airflow/.local/lib/python3.8/site-packages/airflow/example_dags/example_xcom.py took 0.087 seconds
[2026-04-16T03:03:05.505+0000] {processor.py:161} INFO - Started process (PID=68953) to work on /home/airflow/.local/lib/python3.8/site-packages/airflow/example_dags/example_xcom.py
[2026-04-16T03:03:05.507+0000] {processor.py:830} INFO - Processing file /home/airflow/.local/lib/python3.8/site-packages/airflow/example_dags/example_xcom.py for tasks to queue
[2026-04-16T03:03:05.509+0000] {logging_mixin.py:188} INFO - [2026-04-16T03:03:05.509+0000] {dagbag.py:538} INFO - Filling up the DagBag from /home/airflow/.local/lib/python3.8/site-packages/airflow/example_dags/example_xcom.py
[2026-04-16T03:03:05.517+0000] {processor.py:840} INFO - DAG(s) 'example_xcom' retrieved from /home/airflow/.local/lib/python3.8/site-packages/airflow/example_dags/example_xcom.py
[2026-04-16T03:03:05.540+0000] {logging_mixin.py:188} INFO - [2026-04-16T03:03:05.540+0000] {dag.py:3036} INFO - Sync 1 DAGs
[2026-04-16T03:03:05.561+0000] {logging_mixin.py:188} INFO - [2026-04-16T03:03:05.561+0000] {dag.py:3823} INFO - Setting next_dagrun for example_xcom to 2021-01-01 00:00:00+00:00, run_after=2021-01-01 00:00:00+00:00
[2026-04-16T03:03:05.584+0000] {processor.py:183} INFO - Processing /home/airflow/.local/lib/python3.8/site-packages/airflow/example_dags/example_xcom.py took 0.083 seconds
[2026-04-16T03:03:35.840+0000] {processor.py:161} INFO - Started process (PID=69010) to work on /home/airflow/.local/lib/python3.8/site-packages/airflow/example_dags/example_xcom.py
[2026-04-16T03:03:35.842+0000] {processor.py:830} INFO - Processing file /home/airflow/.local/lib/python3.8/site-packages/airflow/example_dags/example_xcom.py for tasks to queue
[2026-04-16T03:03:35.844+0000] {logging_mixin.py:188} INFO - [2026-04-16T03:03:35.844+0000] {dagbag.py:538} INFO - Filling up the DagBag from /home/airflow/.local/lib/python3.8/site-packages/airflow/example_dags/example_xcom.py
[2026-04-16T03:03:35.852+0000] {processor.py:840} INFO - DAG(s) 'example_xcom' retrieved from /home/airflow/.local/lib/python3.8/site-packages/airflow/example_dags/example_xcom.py
[2026-04-16T03:03:35.876+0000] {logging_mixin.py:188} INFO - [2026-04-16T03:03:35.876+0000] {dag.py:3036} INFO - Sync 1 DAGs
[2026-04-16T03:03:35.901+0000] {logging_mixin.py:188} INFO - [2026-04-16T03:03:35.900+0000] {dag.py:3823} INFO - Setting next_dagrun for example_xcom to 2021-01-01 00:00:00+00:00, run_after=2021-01-01 00:00:00+00:00
[2026-04-16T03:03:35.926+0000] {processor.py:183} INFO - Processing /home/airflow/.local/lib/python3.8/site-packages/airflow/example_dags/example_xcom.py took 0.089 seconds
[2026-04-16T03:04:05.979+0000] {processor.py:161} INFO - Started process (PID=69066) to work on /home/airflow/.local/lib/python3.8/site-packages/airflow/example_dags/example_xcom.py
[2026-04-16T03:04:05.981+0000] {processor.py:830} INFO - Processing file /home/airflow/.local/lib/python3.8/site-packages/airflow/example_dags/example_xcom.py for tasks to queue
[2026-04-16T03:04:05.983+0000] {logging_mixin.py:188} INFO - [2026-04-16T03:04:05.983+0000] {dagbag.py:538} INFO - Filling up the DagBag from /home/airflow/.local/lib/python3.8/site-packages/airflow/example_dags/example_xcom.py
[2026-04-16T03:04:05.994+0000] {processor.py:840} INFO - DAG(s) 'example_xcom' retrieved from /home/airflow/.local/lib/python3.8/site-packages/airflow/example_dags/example_xcom.py
[2026-04-16T03:04:06.024+0000] {logging_mixin.py:188} INFO - [2026-04-16T03:04:06.024+0000] {dag.py:3036} INFO - Sync 1 DAGs
[2026-04-16T03:04:06.051+0000] {logging_mixin.py:188} INFO - [2026-04-16T03:04:06.050+0000] {dag.py:3823} INFO - Setting next_dagrun for example_xcom to 2021-01-01 00:00:00+00:00, run_after=2021-01-01 00:00:00+00:00
[2026-04-16T03:04:06.074+0000] {processor.py:183} INFO - Processing /home/airflow/.local/lib/python3.8/site-packages/airflow/example_dags/example_xcom.py took 0.099 seconds
[2026-04-16T03:04:36.333+0000] {processor.py:161} INFO - Started process (PID=69123) to work on /home/airflow/.local/lib/python3.8/site-packages/airflow/example_dags/example_xcom.py
[2026-04-16T03:04:36.335+0000] {processor.py:830} INFO - Processing file /home/airflow/.local/lib/python3.8/site-packages/airflow/example_dags/example_xcom.py for tasks to queue
[2026-04-16T03:04:36.337+0000] {logging_mixin.py:188} INFO - [2026-04-16T03:04:36.336+0000] {dagbag.py:538} INFO - Filling up the DagBag from /home/airflow/.local/lib/python3.8/site-packages/airflow/example_dags/example_xcom.py
[2026-04-16T03:04:36.344+0000] {processor.py:840} INFO - DAG(s) 'example_xcom' retrieved from /home/airflow/.local/lib/python3.8/site-packages/airflow/example_dags/example_xcom.py
[2026-04-16T03:04:36.367+0000] {logging_mixin.py:188} INFO - [2026-04-16T03:04:36.367+0000] {dag.py:3036} INFO - Sync 1 DAGs
[2026-04-16T03:04:36.388+0000] {logging_mixin.py:188} INFO - [2026-04-16T03:04:36.387+0000] {dag.py:3823} INFO - Setting next_dagrun for example_xcom to 2021-01-01 00:00:00+00:00, run_after=2021-01-01 00:00:00+00:00
[2026-04-16T03:04:36.419+0000] {processor.py:183} INFO - Processing /home/airflow/.local/lib/python3.8/site-packages/airflow/example_dags/example_xcom.py took 0.089 seconds
[2026-04-16T03:05:06.718+0000] {processor.py:161} INFO - Started process (PID=69180) to work on /home/airflow/.local/lib/python3.8/site-packages/airflow/example_dags/example_xcom.py
[2026-04-16T03:05:06.719+0000] {processor.py:830} INFO - Processing file /home/airflow/.local/lib/python3.8/site-packages/airflow/example_dags/example_xcom.py for tasks to queue
[2026-04-16T03:05:06.722+0000] {logging_mixin.py:188} INFO - [2026-04-16T03:05:06.721+0000] {dagbag.py:538} INFO - Filling up the DagBag from /home/airflow/.local/lib/python3.8/site-packages/airflow/example_dags/example_xcom.py
[2026-04-16T03:05:06.731+0000] {processor.py:840} INFO - DAG(s) 'example_xcom' retrieved from /home/airflow/.local/lib/python3.8/site-packages/airflow/example_dags/example_xcom.py
[2026-04-16T03:05:06.757+0000] {logging_mixin.py:188} INFO - [2026-04-16T03:05:06.757+0000] {dag.py:3036} INFO - Sync 1 DAGs
[2026-04-16T03:05:06.784+0000] {logging_mixin.py:188} INFO - [2026-04-16T03:05:06.783+0000] {dag.py:3823} INFO - Setting next_dagrun for example_xcom to 2021-01-01 00:00:00+00:00, run_after=2021-01-01 00:00:00+00:00
[2026-04-16T03:05:06.810+0000] {processor.py:183} INFO - Processing /home/airflow/.local/lib/python3.8/site-packages/airflow/example_dags/example_xcom.py took 0.096 seconds
[2026-04-16T03:05:37.229+0000] {processor.py:161} INFO - Started process (PID=69237) to work on /home/airflow/.local/lib/python3.8/site-packages/airflow/example_dags/example_xcom.py
[2026-04-16T03:05:37.230+0000] {processor.py:830} INFO - Processing file /home/airflow/.local/lib/python3.8/site-packages/airflow/example_dags/example_xcom.py for tasks to queue
[2026-04-16T03:05:37.233+0000] {logging_mixin.py:188} INFO - [2026-04-16T03:05:37.232+0000] {dagbag.py:538} INFO - Filling up the DagBag from /home/airflow/.local/lib/python3.8/site-packages/airflow/example_dags/example_xcom.py
[2026-04-16T03:05:37.243+0000] {processor.py:840} INFO - DAG(s) 'example_xcom' retrieved from /home/airflow/.local/lib/python3.8/site-packages/airflow/example_dags/example_xcom.py
[2026-04-16T03:05:37.276+0000] {logging_mixin.py:188} INFO - [2026-04-16T03:05:37.275+0000] {dag.py:3036} INFO - Sync 1 DAGs
[2026-04-16T03:05:37.306+0000] {logging_mixin.py:188} INFO - [2026-04-16T03:05:37.305+0000] {dag.py:3823} INFO - Setting next_dagrun for example_xcom to 2021-01-01 00:00:00+00:00, run_after=2021-01-01 00:00:00+00:00
[2026-04-16T03:05:37.334+0000] {processor.py:183} INFO - Processing /home/airflow/.local/lib/python3.8/site-packages/airflow/example_dags/example_xcom.py took 0.110 seconds
[2026-04-16T03:06:07.507+0000] {processor.py:161} INFO - Started process (PID=69294) to work on /home/airflow/.local/lib/python3.8/site-packages/airflow/example_dags/example_xcom.py
[2026-04-16T03:06:07.508+0000] {processor.py:830} INFO - Processing file /home/airflow/.local/lib/python3.8/site-packages/airflow/example_dags/example_xcom.py for tasks to queue
[2026-04-16T03:06:07.510+0000] {logging_mixin.py:188} INFO - [2026-04-16T03:06:07.510+0000] {dagbag.py:538} INFO - Filling up the DagBag from /home/airflow/.local/lib/python3.8/site-packages/airflow/example_dags/example_xcom.py
[2026-04-16T03:06:07.517+0000] {processor.py:840} INFO - DAG(s) 'example_xcom' retrieved from /home/airflow/.local/lib/python3.8/site-packages/airflow/example_dags/example_xcom.py
[2026-04-16T03:06:07.541+0000] {logging_mixin.py:188} INFO - [2026-04-16T03:06:07.540+0000] {dag.py:3036} INFO - Sync 1 DAGs
[2026-04-16T03:06:07.562+0000] {logging_mixin.py:188} INFO - [2026-04-16T03:06:07.562+0000] {dag.py:3823} INFO - Setting next_dagrun for example_xcom to 2021-01-01 00:00:00+00:00, run_after=2021-01-01 00:00:00+00:00
[2026-04-16T03:06:07.586+0000] {processor.py:183} INFO - Processing /home/airflow/.local/lib/python3.8/site-packages/airflow/example_dags/example_xcom.py took 0.083 seconds
[2026-04-16T03:06:38.131+0000] {processor.py:161} INFO - Started process (PID=69351) to work on /home/airflow/.local/lib/python3.8/site-packages/airflow/example_dags/example_xcom.py
[2026-04-16T03:06:38.133+0000] {processor.py:830} INFO - Processing file /home/airflow/.local/lib/python3.8/site-packages/airflow/example_dags/example_xcom.py for tasks to queue
[2026-04-16T03:06:38.135+0000] {logging_mixin.py:188} INFO - [2026-04-16T03:06:38.134+0000] {dagbag.py:538} INFO - Filling up the DagBag from /home/airflow/.local/lib/python3.8/site-packages/airflow/example_dags/example_xcom.py
[2026-04-16T03:06:38.142+0000] {processor.py:840} INFO - DAG(s) 'example_xcom' retrieved from /home/airflow/.local/lib/python3.8/site-packages/airflow/example_dags/example_xcom.py
[2026-04-16T03:06:38.165+0000] {logging_mixin.py:188} INFO - [2026-04-16T03:06:38.165+0000] {dag.py:3036} INFO - Sync 1 DAGs
[2026-04-16T03:06:38.186+0000] {logging_mixin.py:188} INFO - [2026-04-16T03:06:38.186+0000] {dag.py:3823} INFO - Setting next_dagrun for example_xcom to 2021-01-01 00:00:00+00:00, run_after=2021-01-01 00:00:00+00:00
[2026-04-16T03:06:38.209+0000] {processor.py:183} INFO - Processing /home/airflow/.local/lib/python3.8/site-packages/airflow/example_dags/example_xcom.py took 0.082 seconds
[2026-04-16T03:07:08.417+0000] {processor.py:161} INFO - Started process (PID=69408) to work on /home/airflow/.local/lib/python3.8/site-packages/airflow/example_dags/example_xcom.py
[2026-04-16T03:07:08.419+0000] {processor.py:830} INFO - Processing file /home/airflow/.local/lib/python3.8/site-packages/airflow/example_dags/example_xcom.py for tasks to queue
[2026-04-16T03:07:08.421+0000] {logging_mixin.py:188} INFO - [2026-04-16T03:07:08.420+0000] {dagbag.py:538} INFO - Filling up the DagBag from /home/airflow/.local/lib/python3.8/site-packages/airflow/example_dags/example_xcom.py
[2026-04-16T03:07:08.428+0000] {processor.py:840} INFO - DAG(s) 'example_xcom' retrieved from /home/airflow/.local/lib/python3.8/site-packages/airflow/example_dags/example_xcom.py
[2026-04-16T03:07:08.455+0000] {logging_mixin.py:188} INFO - [2026-04-16T03:07:08.455+0000] {dag.py:3036} INFO - Sync 1 DAGs
[2026-04-16T03:07:08.477+0000] {logging_mixin.py:188} INFO - [2026-04-16T03:07:08.477+0000] {dag.py:3823} INFO - Setting next_dagrun for example_xcom to 2021-01-01 00:00:00+00:00, run_after=2021-01-01 00:00:00+00:00
[2026-04-16T03:07:08.500+0000] {processor.py:183} INFO - Processing /home/airflow/.local/lib/python3.8/site-packages/airflow/example_dags/example_xcom.py took 0.086 seconds
[2026-04-16T03:07:38.700+0000] {processor.py:161} INFO - Started process (PID=69465) to work on /home/airflow/.local/lib/python3.8/site-packages/airflow/example_dags/example_xcom.py
[2026-04-16T03:07:38.701+0000] {processor.py:830} INFO - Processing file /home/airflow/.local/lib/python3.8/site-packages/airflow/example_dags/example_xcom.py for tasks to queue
[2026-04-16T03:07:38.703+0000] {logging_mixin.py:188} INFO - [2026-04-16T03:07:38.703+0000] {dagbag.py:538} INFO - Filling up the DagBag from /home/airflow/.local/lib/python3.8/site-packages/airflow/example_dags/example_xcom.py
[2026-04-16T03:07:38.713+0000] {processor.py:840} INFO - DAG(s) 'example_xcom' retrieved from /home/airflow/.local/lib/python3.8/site-packages/airflow/example_dags/example_xcom.py
[2026-04-16T03:07:38.739+0000] {logging_mixin.py:188} INFO - [2026-04-16T03:07:38.738+0000] {dag.py:3036} INFO - Sync 1 DAGs
[2026-04-16T03:07:38.765+0000] {logging_mixin.py:188} INFO - [2026-04-16T03:07:38.765+0000] {dag.py:3823} INFO - Setting next_dagrun for example_xcom to 2021-01-01 00:00:00+00:00, run_after=2021-01-01 00:00:00+00:00
[2026-04-16T03:07:38.788+0000] {processor.py:183} INFO - Processing /home/airflow/.local/lib/python3.8/site-packages/airflow/example_dags/example_xcom.py took 0.092 seconds
[2026-04-16T03:08:08.971+0000] {processor.py:161} INFO - Started process (PID=69522) to work on /home/airflow/.local/lib/python3.8/site-packages/airflow/example_dags/example_xcom.py
[2026-04-16T03:08:08.973+0000] {processor.py:830} INFO - Processing file /home/airflow/.local/lib/python3.8/site-packages/airflow/example_dags/example_xcom.py for tasks to queue
[2026-04-16T03:08:08.975+0000] {logging_mixin.py:188} INFO - [2026-04-16T03:08:08.975+0000] {dagbag.py:538} INFO - Filling up the DagBag from /home/airflow/.local/lib/python3.8/site-packages/airflow/example_dags/example_xcom.py
[2026-04-16T03:08:08.983+0000] {processor.py:840} INFO - DAG(s) 'example_xcom' retrieved from /home/airflow/.local/lib/python3.8/site-packages/airflow/example_dags/example_xcom.py
[2026-04-16T03:08:09.005+0000] {logging_mixin.py:188} INFO - [2026-04-16T03:08:09.004+0000] {dag.py:3036} INFO - Sync 1 DAGs
[2026-04-16T03:08:09.026+0000] {logging_mixin.py:188} INFO - [2026-04-16T03:08:09.026+0000] {dag.py:3823} INFO - Setting next_dagrun for example_xcom to 2021-01-01 00:00:00+00:00, run_after=2021-01-01 00:00:00+00:00
[2026-04-16T03:08:09.049+0000] {processor.py:183} INFO - Processing /home/airflow/.local/lib/python3.8/site-packages/airflow/example_dags/example_xcom.py took 0.081 seconds
[2026-04-16T03:08:39.189+0000] {processor.py:161} INFO - Started process (PID=69579) to work on /home/airflow/.local/lib/python3.8/site-packages/airflow/example_dags/example_xcom.py
[2026-04-16T03:08:39.191+0000] {processor.py:830} INFO - Processing file /home/airflow/.local/lib/python3.8/site-packages/airflow/example_dags/example_xcom.py for tasks to queue
[2026-04-16T03:08:39.193+0000] {logging_mixin.py:188} INFO - [2026-04-16T03:08:39.192+0000] {dagbag.py:538} INFO - Filling up the DagBag from /home/airflow/.local/lib/python3.8/site-packages/airflow/example_dags/example_xcom.py
[2026-04-16T03:08:39.200+0000] {processor.py:840} INFO - DAG(s) 'example_xcom' retrieved from /home/airflow/.local/lib/python3.8/site-packages/airflow/example_dags/example_xcom.py
[2026-04-16T03:08:39.222+0000] {logging_mixin.py:188} INFO - [2026-04-16T03:08:39.222+0000] {dag.py:3036} INFO - Sync 1 DAGs
[2026-04-16T03:08:39.243+0000] {logging_mixin.py:188} INFO - [2026-04-16T03:08:39.243+0000] {dag.py:3823} INFO - Setting next_dagrun for example_xcom to 2021-01-01 00:00:00+00:00, run_after=2021-01-01 00:00:00+00:00
[2026-04-16T03:08:39.265+0000] {processor.py:183} INFO - Processing /home/airflow/.local/lib/python3.8/site-packages/airflow/example_dags/example_xcom.py took 0.079 seconds
[2026-04-16T03:09:09.826+0000] {processor.py:161} INFO - Started process (PID=69636) to work on /home/airflow/.local/lib/python3.8/site-packages/airflow/example_dags/example_xcom.py
[2026-04-16T03:09:09.827+0000] {processor.py:830} INFO - Processing file /home/airflow/.local/lib/python3.8/site-packages/airflow/example_dags/example_xcom.py for tasks to queue
[2026-04-16T03:09:09.830+0000] {logging_mixin.py:188} INFO - [2026-04-16T03:09:09.829+0000] {dagbag.py:538} INFO - Filling up the DagBag from /home/airflow/.local/lib/python3.8/site-packages/airflow/example_dags/example_xcom.py
[2026-04-16T03:09:09.838+0000] {processor.py:840} INFO - DAG(s) 'example_xcom' retrieved from /home/airflow/.local/lib/python3.8/site-packages/airflow/example_dags/example_xcom.py
[2026-04-16T03:09:09.862+0000] {logging_mixin.py:188} INFO - [2026-04-16T03:09:09.862+0000] {dag.py:3036} INFO - Sync 1 DAGs
[2026-04-16T03:09:09.892+0000] {logging_mixin.py:188} INFO - [2026-04-16T03:09:09.891+0000] {dag.py:3823} INFO - Setting next_dagrun for example_xcom to 2021-01-01 00:00:00+00:00, run_after=2021-01-01 00:00:00+00:00
[2026-04-16T03:09:09.919+0000] {processor.py:183} INFO - Processing /home/airflow/.local/lib/python3.8/site-packages/airflow/example_dags/example_xcom.py took 0.097 seconds
[2026-04-16T03:09:40.438+0000] {processor.py:161} INFO - Started process (PID=69693) to work on /home/airflow/.local/lib/python3.8/site-packages/airflow/example_dags/example_xcom.py
[2026-04-16T03:09:40.440+0000] {processor.py:830} INFO - Processing file /home/airflow/.local/lib/python3.8/site-packages/airflow/example_dags/example_xcom.py for tasks to queue
[2026-04-16T03:09:40.442+0000] {logging_mixin.py:188} INFO - [2026-04-16T03:09:40.442+0000] {dagbag.py:538} INFO - Filling up the DagBag from /home/airflow/.local/lib/python3.8/site-packages/airflow/example_dags/example_xcom.py
[2026-04-16T03:09:40.449+0000] {processor.py:840} INFO - DAG(s) 'example_xcom' retrieved from /home/airflow/.local/lib/python3.8/site-packages/airflow/example_dags/example_xcom.py
[2026-04-16T03:09:40.472+0000] {logging_mixin.py:188} INFO - [2026-04-16T03:09:40.471+0000] {dag.py:3036} INFO - Sync 1 DAGs
[2026-04-16T03:09:40.492+0000] {logging_mixin.py:188} INFO - [2026-04-16T03:09:40.492+0000] {dag.py:3823} INFO - Setting next_dagrun for example_xcom to 2021-01-01 00:00:00+00:00, run_after=2021-01-01 00:00:00+00:00
[2026-04-16T03:09:40.515+0000] {processor.py:183} INFO - Processing /home/airflow/.local/lib/python3.8/site-packages/airflow/example_dags/example_xcom.py took 0.080 seconds
[2026-04-16T03:10:10.730+0000] {processor.py:161} INFO - Started process (PID=69750) to work on /home/airflow/.local/lib/python3.8/site-packages/airflow/example_dags/example_xcom.py
[2026-04-16T03:10:10.732+0000] {processor.py:830} INFO - Processing file /home/airflow/.local/lib/python3.8/site-packages/airflow/example_dags/example_xcom.py for tasks to queue
[2026-04-16T03:10:10.734+0000] {logging_mixin.py:188} INFO - [2026-04-16T03:10:10.734+0000] {dagbag.py:538} INFO - Filling up the DagBag from /home/airflow/.local/lib/python3.8/site-packages/airflow/example_dags/example_xcom.py
[2026-04-16T03:10:10.743+0000] {processor.py:840} INFO - DAG(s) 'example_xcom' retrieved from /home/airflow/.local/lib/python3.8/site-packages/airflow/example_dags/example_xcom.py
[2026-04-16T03:10:10.769+0000] {logging_mixin.py:188} INFO - [2026-04-16T03:10:10.769+0000] {dag.py:3036} INFO - Sync 1 DAGs
[2026-04-16T03:10:10.792+0000] {logging_mixin.py:188} INFO - [2026-04-16T03:10:10.791+0000] {dag.py:3823} INFO - Setting next_dagrun for example_xcom to 2021-01-01 00:00:00+00:00, run_after=2021-01-01 00:00:00+00:00
[2026-04-16T03:10:10.818+0000] {processor.py:183} INFO - Processing /home/airflow/.local/lib/python3.8/site-packages/airflow/example_dags/example_xcom.py took 0.092 seconds
[2026-04-16T03:10:41.098+0000] {processor.py:161} INFO - Started process (PID=69813) to work on /home/airflow/.local/lib/python3.8/site-packages/airflow/example_dags/example_xcom.py
[2026-04-16T03:10:41.099+0000] {processor.py:830} INFO - Processing file /home/airflow/.local/lib/python3.8/site-packages/airflow/example_dags/example_xcom.py for tasks to queue
[2026-04-16T03:10:41.102+0000] {logging_mixin.py:188} INFO - [2026-04-16T03:10:41.101+0000] {dagbag.py:538} INFO - Filling up the DagBag from /home/airflow/.local/lib/python3.8/site-packages/airflow/example_dags/example_xcom.py
[2026-04-16T03:10:41.109+0000] {processor.py:840} INFO - DAG(s) 'example_xcom' retrieved from /home/airflow/.local/lib/python3.8/site-packages/airflow/example_dags/example_xcom.py
[2026-04-16T03:10:41.136+0000] {logging_mixin.py:188} INFO - [2026-04-16T03:10:41.136+0000] {dag.py:3036} INFO - Sync 1 DAGs
[2026-04-16T03:10:41.155+0000] {logging_mixin.py:188} INFO - [2026-04-16T03:10:41.155+0000] {dag.py:3823} INFO - Setting next_dagrun for example_xcom to 2021-01-01 00:00:00+00:00, run_after=2021-01-01 00:00:00+00:00
[2026-04-16T03:10:41.177+0000] {processor.py:183} INFO - Processing /home/airflow/.local/lib/python3.8/site-packages/airflow/example_dags/example_xcom.py took 0.082 seconds
[2026-04-16T03:11:11.811+0000] {processor.py:161} INFO - Started process (PID=69870) to work on /home/airflow/.local/lib/python3.8/site-packages/airflow/example_dags/example_xcom.py
[2026-04-16T03:11:11.813+0000] {processor.py:830} INFO - Processing file /home/airflow/.local/lib/python3.8/site-packages/airflow/example_dags/example_xcom.py for tasks to queue
[2026-04-16T03:11:11.815+0000] {logging_mixin.py:188} INFO - [2026-04-16T03:11:11.814+0000] {dagbag.py:538} INFO - Filling up the DagBag from /home/airflow/.local/lib/python3.8/site-packages/airflow/example_dags/example_xcom.py
[2026-04-16T03:11:11.822+0000] {processor.py:840} INFO - DAG(s) 'example_xcom' retrieved from /home/airflow/.local/lib/python3.8/site-packages/airflow/example_dags/example_xcom.py
[2026-04-16T03:11:11.846+0000] {logging_mixin.py:188} INFO - [2026-04-16T03:11:11.846+0000] {dag.py:3036} INFO - Sync 1 DAGs
[2026-04-16T03:11:11.866+0000] {logging_mixin.py:188} INFO - [2026-04-16T03:11:11.865+0000] {dag.py:3823} INFO - Setting next_dagrun for example_xcom to 2021-01-01 00:00:00+00:00, run_after=2021-01-01 00:00:00+00:00
[2026-04-16T03:11:11.888+0000] {processor.py:183} INFO - Processing /home/airflow/.local/lib/python3.8/site-packages/airflow/example_dags/example_xcom.py took 0.080 seconds
[2026-04-16T03:11:42.214+0000] {processor.py:161} INFO - Started process (PID=69927) to work on /home/airflow/.local/lib/python3.8/site-packages/airflow/example_dags/example_xcom.py
[2026-04-16T03:11:42.215+0000] {processor.py:830} INFO - Processing file /home/airflow/.local/lib/python3.8/site-packages/airflow/example_dags/example_xcom.py for tasks to queue
[2026-04-16T03:11:42.217+0000] {logging_mixin.py:188} INFO - [2026-04-16T03:11:42.217+0000] {dagbag.py:538} INFO - Filling up the DagBag from /home/airflow/.local/lib/python3.8/site-packages/airflow/example_dags/example_xcom.py
[2026-04-16T03:11:42.225+0000] {processor.py:840} INFO - DAG(s) 'example_xcom' retrieved from /home/airflow/.local/lib/python3.8/site-packages/airflow/example_dags/example_xcom.py
[2026-04-16T03:11:42.249+0000] {logging_mixin.py:188} INFO - [2026-04-16T03:11:42.249+0000] {dag.py:3036} INFO - Sync 1 DAGs
[2026-04-16T03:11:42.271+0000] {logging_mixin.py:188} INFO - [2026-04-16T03:11:42.271+0000] {dag.py:3823} INFO - Setting next_dagrun for example_xcom to 2021-01-01 00:00:00+00:00, run_after=2021-01-01 00:00:00+00:00
[2026-04-16T03:11:42.297+0000] {processor.py:183} INFO - Processing /home/airflow/.local/lib/python3.8/site-packages/airflow/example_dags/example_xcom.py took 0.087 seconds
[2026-04-16T03:12:12.592+0000] {processor.py:161} INFO - Started process (PID=69984) to work on /home/airflow/.local/lib/python3.8/site-packages/airflow/example_dags/example_xcom.py
[2026-04-16T03:12:12.594+0000] {processor.py:830} INFO - Processing file /home/airflow/.local/lib/python3.8/site-packages/airflow/example_dags/example_xcom.py for tasks to queue
[2026-04-16T03:12:12.596+0000] {logging_mixin.py:188} INFO - [2026-04-16T03:12:12.595+0000] {dagbag.py:538} INFO - Filling up the DagBag from /home/airflow/.local/lib/python3.8/site-packages/airflow/example_dags/example_xcom.py
[2026-04-16T03:12:12.603+0000] {processor.py:840} INFO - DAG(s) 'example_xcom' retrieved from /home/airflow/.local/lib/python3.8/site-packages/airflow/example_dags/example_xcom.py
[2026-04-16T03:12:12.626+0000] {logging_mixin.py:188} INFO - [2026-04-16T03:12:12.626+0000] {dag.py:3036} INFO - Sync 1 DAGs
[2026-04-16T03:12:12.648+0000] {logging_mixin.py:188} INFO - [2026-04-16T03:12:12.647+0000] {dag.py:3823} INFO - Setting next_dagrun for example_xcom to 2021-01-01 00:00:00+00:00, run_after=2021-01-01 00:00:00+00:00
[2026-04-16T03:12:12.670+0000] {processor.py:183} INFO - Processing /home/airflow/.local/lib/python3.8/site-packages/airflow/example_dags/example_xcom.py took 0.081 seconds
[2026-04-16T03:12:43.153+0000] {processor.py:161} INFO - Started process (PID=70041) to work on /home/airflow/.local/lib/python3.8/site-packages/airflow/example_dags/example_xcom.py
[2026-04-16T03:12:43.154+0000] {processor.py:830} INFO - Processing file /home/airflow/.local/lib/python3.8/site-packages/airflow/example_dags/example_xcom.py for tasks to queue
[2026-04-16T03:12:43.156+0000] {logging_mixin.py:188} INFO - [2026-04-16T03:12:43.156+0000] {dagbag.py:538} INFO - Filling up the DagBag from /home/airflow/.local/lib/python3.8/site-packages/airflow/example_dags/example_xcom.py
[2026-04-16T03:12:43.165+0000] {processor.py:840} INFO - DAG(s) 'example_xcom' retrieved from /home/airflow/.local/lib/python3.8/site-packages/airflow/example_dags/example_xcom.py
[2026-04-16T03:12:43.188+0000] {logging_mixin.py:188} INFO - [2026-04-16T03:12:43.188+0000] {dag.py:3036} INFO - Sync 1 DAGs
[2026-04-16T03:12:43.207+0000] {logging_mixin.py:188} INFO - [2026-04-16T03:12:43.207+0000] {dag.py:3823} INFO - Setting next_dagrun for example_xcom to 2021-01-01 00:00:00+00:00, run_after=2021-01-01 00:00:00+00:00
[2026-04-16T03:12:43.229+0000] {processor.py:183} INFO - Processing /home/airflow/.local/lib/python3.8/site-packages/airflow/example_dags/example_xcom.py took 0.079 seconds
[2026-04-16T03:13:13.766+0000] {processor.py:161} INFO - Started process (PID=70098) to work on /home/airflow/.local/lib/python3.8/site-packages/airflow/example_dags/example_xcom.py
[2026-04-16T03:13:13.767+0000] {processor.py:830} INFO - Processing file /home/airflow/.local/lib/python3.8/site-packages/airflow/example_dags/example_xcom.py for tasks to queue
[2026-04-16T03:13:13.769+0000] {logging_mixin.py:188} INFO - [2026-04-16T03:13:13.769+0000] {dagbag.py:538} INFO - Filling up the DagBag from /home/airflow/.local/lib/python3.8/site-packages/airflow/example_dags/example_xcom.py
[2026-04-16T03:13:13.776+0000] {processor.py:840} INFO - DAG(s) 'example_xcom' retrieved from /home/airflow/.local/lib/python3.8/site-packages/airflow/example_dags/example_xcom.py
[2026-04-16T03:13:13.800+0000] {logging_mixin.py:188} INFO - [2026-04-16T03:13:13.800+0000] {dag.py:3036} INFO - Sync 1 DAGs
[2026-04-16T03:13:13.820+0000] {logging_mixin.py:188} INFO - [2026-04-16T03:13:13.820+0000] {dag.py:3823} INFO - Setting next_dagrun for example_xcom to 2021-01-01 00:00:00+00:00, run_after=2021-01-01 00:00:00+00:00
[2026-04-16T03:13:13.842+0000] {processor.py:183} INFO - Processing /home/airflow/.local/lib/python3.8/site-packages/airflow/example_dags/example_xcom.py took 0.080 seconds
[2026-04-16T03:13:43.975+0000] {processor.py:161} INFO - Started process (PID=70155) to work on /home/airflow/.local/lib/python3.8/site-packages/airflow/example_dags/example_xcom.py
[2026-04-16T03:13:43.976+0000] {processor.py:830} INFO - Processing file /home/airflow/.local/lib/python3.8/site-packages/airflow/example_dags/example_xcom.py for tasks to queue
[2026-04-16T03:13:43.978+0000] {logging_mixin.py:188} INFO - [2026-04-16T03:13:43.978+0000] {dagbag.py:538} INFO - Filling up the DagBag from /home/airflow/.local/lib/python3.8/site-packages/airflow/example_dags/example_xcom.py
[2026-04-16T03:13:43.985+0000] {processor.py:840} INFO - DAG(s) 'example_xcom' retrieved from /home/airflow/.local/lib/python3.8/site-packages/airflow/example_dags/example_xcom.py
[2026-04-16T03:13:44.008+0000] {logging_mixin.py:188} INFO - [2026-04-16T03:13:44.008+0000] {dag.py:3036} INFO - Sync 1 DAGs
[2026-04-16T03:13:44.029+0000] {logging_mixin.py:188} INFO - [2026-04-16T03:13:44.029+0000] {dag.py:3823} INFO - Setting next_dagrun for example_xcom to 2021-01-01 00:00:00+00:00, run_after=2021-01-01 00:00:00+00:00
[2026-04-16T03:13:44.051+0000] {processor.py:183} INFO - Processing /home/airflow/.local/lib/python3.8/site-packages/airflow/example_dags/example_xcom.py took 0.080 seconds
[2026-04-16T03:14:14.446+0000] {processor.py:161} INFO - Started process (PID=70212) to work on /home/airflow/.local/lib/python3.8/site-packages/airflow/example_dags/example_xcom.py
[2026-04-16T03:14:14.448+0000] {processor.py:830} INFO - Processing file /home/airflow/.local/lib/python3.8/site-packages/airflow/example_dags/example_xcom.py for tasks to queue
[2026-04-16T03:14:14.450+0000] {logging_mixin.py:188} INFO - [2026-04-16T03:14:14.450+0000] {dagbag.py:538} INFO - Filling up the DagBag from /home/airflow/.local/lib/python3.8/site-packages/airflow/example_dags/example_xcom.py
[2026-04-16T03:14:14.457+0000] {processor.py:840} INFO - DAG(s) 'example_xcom' retrieved from /home/airflow/.local/lib/python3.8/site-packages/airflow/example_dags/example_xcom.py
[2026-04-16T03:14:14.480+0000] {logging_mixin.py:188} INFO - [2026-04-16T03:14:14.480+0000] {dag.py:3036} INFO - Sync 1 DAGs
[2026-04-16T03:14:14.505+0000] {logging_mixin.py:188} INFO - [2026-04-16T03:14:14.505+0000] {dag.py:3823} INFO - Setting next_dagrun for example_xcom to 2021-01-01 00:00:00+00:00, run_after=2021-01-01 00:00:00+00:00
[2026-04-16T03:14:14.527+0000] {processor.py:183} INFO - Processing /home/airflow/.local/lib/python3.8/site-packages/airflow/example_dags/example_xcom.py took 0.084 seconds
[2026-04-16T03:14:44.799+0000] {processor.py:161} INFO - Started process (PID=70269) to work on /home/airflow/.local/lib/python3.8/site-packages/airflow/example_dags/example_xcom.py
[2026-04-16T03:14:44.800+0000] {processor.py:830} INFO - Processing file /home/airflow/.local/lib/python3.8/site-packages/airflow/example_dags/example_xcom.py for tasks to queue
[2026-04-16T03:14:44.802+0000] {logging_mixin.py:188} INFO - [2026-04-16T03:14:44.802+0000] {dagbag.py:538} INFO - Filling up the DagBag from /home/airflow/.local/lib/python3.8/site-packages/airflow/example_dags/example_xcom.py
[2026-04-16T03:14:44.809+0000] {processor.py:840} INFO - DAG(s) 'example_xcom' retrieved from /home/airflow/.local/lib/python3.8/site-packages/airflow/example_dags/example_xcom.py
[2026-04-16T03:14:44.834+0000] {logging_mixin.py:188} INFO - [2026-04-16T03:14:44.834+0000] {dag.py:3036} INFO - Sync 1 DAGs
[2026-04-16T03:14:44.859+0000] {logging_mixin.py:188} INFO - [2026-04-16T03:14:44.859+0000] {dag.py:3823} INFO - Setting next_dagrun for example_xcom to 2021-01-01 00:00:00+00:00, run_after=2021-01-01 00:00:00+00:00
[2026-04-16T03:14:44.881+0000] {processor.py:183} INFO - Processing /home/airflow/.local/lib/python3.8/site-packages/airflow/example_dags/example_xcom.py took 0.086 seconds
[2026-04-16T03:15:15.627+0000] {processor.py:161} INFO - Started process (PID=70326) to work on /home/airflow/.local/lib/python3.8/site-packages/airflow/example_dags/example_xcom.py
[2026-04-16T03:15:15.628+0000] {processor.py:830} INFO - Processing file /home/airflow/.local/lib/python3.8/site-packages/airflow/example_dags/example_xcom.py for tasks to queue
[2026-04-16T03:15:15.631+0000] {logging_mixin.py:188} INFO - [2026-04-16T03:15:15.631+0000] {dagbag.py:538} INFO - Filling up the DagBag from /home/airflow/.local/lib/python3.8/site-packages/airflow/example_dags/example_xcom.py
[2026-04-16T03:15:15.642+0000] {processor.py:840} INFO - DAG(s) 'example_xcom' retrieved from /home/airflow/.local/lib/python3.8/site-packages/airflow/example_dags/example_xcom.py
[2026-04-16T03:15:15.667+0000] {logging_mixin.py:188} INFO - [2026-04-16T03:15:15.667+0000] {dag.py:3036} INFO - Sync 1 DAGs
[2026-04-16T03:15:15.898+0000] {logging_mixin.py:188} INFO - [2026-04-16T03:15:15.898+0000] {dag.py:3823} INFO - Setting next_dagrun for example_xcom to 2021-01-01 00:00:00+00:00, run_after=2021-01-01 00:00:00+00:00
[2026-04-16T03:15:15.924+0000] {processor.py:183} INFO - Processing /home/airflow/.local/lib/python3.8/site-packages/airflow/example_dags/example_xcom.py took 0.302 seconds
[2026-04-16T03:15:46.379+0000] {processor.py:161} INFO - Started process (PID=70383) to work on /home/airflow/.local/lib/python3.8/site-packages/airflow/example_dags/example_xcom.py
[2026-04-16T03:15:46.380+0000] {processor.py:830} INFO - Processing file /home/airflow/.local/lib/python3.8/site-packages/airflow/example_dags/example_xcom.py for tasks to queue
[2026-04-16T03:15:46.383+0000] {logging_mixin.py:188} INFO - [2026-04-16T03:15:46.382+0000] {dagbag.py:538} INFO - Filling up the DagBag from /home/airflow/.local/lib/python3.8/site-packages/airflow/example_dags/example_xcom.py
[2026-04-16T03:15:46.391+0000] {processor.py:840} INFO - DAG(s) 'example_xcom' retrieved from /home/airflow/.local/lib/python3.8/site-packages/airflow/example_dags/example_xcom.py
[2026-04-16T03:15:46.423+0000] {logging_mixin.py:188} INFO - [2026-04-16T03:15:46.423+0000] {dag.py:3036} INFO - Sync 1 DAGs
[2026-04-16T03:15:46.595+0000] {logging_mixin.py:188} INFO - [2026-04-16T03:15:46.595+0000] {dag.py:3823} INFO - Setting next_dagrun for example_xcom to 2021-01-01 00:00:00+00:00, run_after=2021-01-01 00:00:00+00:00
[2026-04-16T03:15:46.615+0000] {processor.py:183} INFO - Processing /home/airflow/.local/lib/python3.8/site-packages/airflow/example_dags/example_xcom.py took 0.240 seconds
[2026-04-16T03:16:17.012+0000] {processor.py:161} INFO - Started process (PID=70440) to work on /home/airflow/.local/lib/python3.8/site-packages/airflow/example_dags/example_xcom.py
[2026-04-16T03:16:17.013+0000] {processor.py:830} INFO - Processing file /home/airflow/.local/lib/python3.8/site-packages/airflow/example_dags/example_xcom.py for tasks to queue
[2026-04-16T03:16:17.016+0000] {logging_mixin.py:188} INFO - [2026-04-16T03:16:17.015+0000] {dagbag.py:538} INFO - Filling up the DagBag from /home/airflow/.local/lib/python3.8/site-packages/airflow/example_dags/example_xcom.py
[2026-04-16T03:16:17.023+0000] {processor.py:840} INFO - DAG(s) 'example_xcom' retrieved from /home/airflow/.local/lib/python3.8/site-packages/airflow/example_dags/example_xcom.py
[2026-04-16T03:16:17.045+0000] {logging_mixin.py:188} INFO - [2026-04-16T03:16:17.045+0000] {dag.py:3036} INFO - Sync 1 DAGs
[2026-04-16T03:16:17.194+0000] {logging_mixin.py:188} INFO - [2026-04-16T03:16:17.194+0000] {dag.py:3823} INFO - Setting next_dagrun for example_xcom to 2021-01-01 00:00:00+00:00, run_after=2021-01-01 00:00:00+00:00
[2026-04-16T03:16:17.216+0000] {processor.py:183} INFO - Processing /home/airflow/.local/lib/python3.8/site-packages/airflow/example_dags/example_xcom.py took 0.207 seconds
[2026-04-16T03:16:47.320+0000] {processor.py:161} INFO - Started process (PID=70497) to work on /home/airflow/.local/lib/python3.8/site-packages/airflow/example_dags/example_xcom.py
[2026-04-16T03:16:47.322+0000] {processor.py:830} INFO - Processing file /home/airflow/.local/lib/python3.8/site-packages/airflow/example_dags/example_xcom.py for tasks to queue
[2026-04-16T03:16:47.324+0000] {logging_mixin.py:188} INFO - [2026-04-16T03:16:47.323+0000] {dagbag.py:538} INFO - Filling up the DagBag from /home/airflow/.local/lib/python3.8/site-packages/airflow/example_dags/example_xcom.py
[2026-04-16T03:16:47.331+0000] {processor.py:840} INFO - DAG(s) 'example_xcom' retrieved from /home/airflow/.local/lib/python3.8/site-packages/airflow/example_dags/example_xcom.py
[2026-04-16T03:16:47.354+0000] {logging_mixin.py:188} INFO - [2026-04-16T03:16:47.354+0000] {dag.py:3036} INFO - Sync 1 DAGs
[2026-04-16T03:16:47.493+0000] {logging_mixin.py:188} INFO - [2026-04-16T03:16:47.492+0000] {dag.py:3823} INFO - Setting next_dagrun for example_xcom to 2021-01-01 00:00:00+00:00, run_after=2021-01-01 00:00:00+00:00
[2026-04-16T03:16:47.513+0000] {processor.py:183} INFO - Processing /home/airflow/.local/lib/python3.8/site-packages/airflow/example_dags/example_xcom.py took 0.196 seconds
[2026-04-16T03:17:17.744+0000] {processor.py:161} INFO - Started process (PID=70554) to work on /home/airflow/.local/lib/python3.8/site-packages/airflow/example_dags/example_xcom.py
[2026-04-16T03:17:17.745+0000] {processor.py:830} INFO - Processing file /home/airflow/.local/lib/python3.8/site-packages/airflow/example_dags/example_xcom.py for tasks to queue
[2026-04-16T03:17:17.748+0000] {logging_mixin.py:188} INFO - [2026-04-16T03:17:17.747+0000] {dagbag.py:538} INFO - Filling up the DagBag from /home/airflow/.local/lib/python3.8/site-packages/airflow/example_dags/example_xcom.py
[2026-04-16T03:17:17.757+0000] {processor.py:840} INFO - DAG(s) 'example_xcom' retrieved from /home/airflow/.local/lib/python3.8/site-packages/airflow/example_dags/example_xcom.py
[2026-04-16T03:17:17.781+0000] {logging_mixin.py:188} INFO - [2026-04-16T03:17:17.781+0000] {dag.py:3036} INFO - Sync 1 DAGs
[2026-04-16T03:17:17.801+0000] {logging_mixin.py:188} INFO - [2026-04-16T03:17:17.801+0000] {dag.py:3823} INFO - Setting next_dagrun for example_xcom to 2021-01-01 00:00:00+00:00, run_after=2021-01-01 00:00:00+00:00
[2026-04-16T03:17:17.823+0000] {processor.py:183} INFO - Processing /home/airflow/.local/lib/python3.8/site-packages/airflow/example_dags/example_xcom.py took 0.084 seconds
[2026-04-16T03:17:48.204+0000] {processor.py:161} INFO - Started process (PID=70611) to work on /home/airflow/.local/lib/python3.8/site-packages/airflow/example_dags/example_xcom.py
[2026-04-16T03:17:48.206+0000] {processor.py:830} INFO - Processing file /home/airflow/.local/lib/python3.8/site-packages/airflow/example_dags/example_xcom.py for tasks to queue
[2026-04-16T03:17:48.208+0000] {logging_mixin.py:188} INFO - [2026-04-16T03:17:48.207+0000] {dagbag.py:538} INFO - Filling up the DagBag from /home/airflow/.local/lib/python3.8/site-packages/airflow/example_dags/example_xcom.py
[2026-04-16T03:17:48.216+0000] {processor.py:840} INFO - DAG(s) 'example_xcom' retrieved from /home/airflow/.local/lib/python3.8/site-packages/airflow/example_dags/example_xcom.py
[2026-04-16T03:17:48.237+0000] {logging_mixin.py:188} INFO - [2026-04-16T03:17:48.237+0000] {dag.py:3036} INFO - Sync 1 DAGs
[2026-04-16T03:17:48.260+0000] {logging_mixin.py:188} INFO - [2026-04-16T03:17:48.259+0000] {dag.py:3823} INFO - Setting next_dagrun for example_xcom to 2021-01-01 00:00:00+00:00, run_after=2021-01-01 00:00:00+00:00
[2026-04-16T03:17:48.284+0000] {processor.py:183} INFO - Processing /home/airflow/.local/lib/python3.8/site-packages/airflow/example_dags/example_xcom.py took 0.084 seconds
[2026-04-16T03:18:18.503+0000] {processor.py:161} INFO - Started process (PID=70668) to work on /home/airflow/.local/lib/python3.8/site-packages/airflow/example_dags/example_xcom.py
[2026-04-16T03:18:18.504+0000] {processor.py:830} INFO - Processing file /home/airflow/.local/lib/python3.8/site-packages/airflow/example_dags/example_xcom.py for tasks to queue
[2026-04-16T03:18:18.506+0000] {logging_mixin.py:188} INFO - [2026-04-16T03:18:18.506+0000] {dagbag.py:538} INFO - Filling up the DagBag from /home/airflow/.local/lib/python3.8/site-packages/airflow/example_dags/example_xcom.py
[2026-04-16T03:18:18.513+0000] {processor.py:840} INFO - DAG(s) 'example_xcom' retrieved from /home/airflow/.local/lib/python3.8/site-packages/airflow/example_dags/example_xcom.py
[2026-04-16T03:18:18.535+0000] {logging_mixin.py:188} INFO - [2026-04-16T03:18:18.534+0000] {dag.py:3036} INFO - Sync 1 DAGs
[2026-04-16T03:18:18.555+0000] {logging_mixin.py:188} INFO - [2026-04-16T03:18:18.554+0000] {dag.py:3823} INFO - Setting next_dagrun for example_xcom to 2021-01-01 00:00:00+00:00, run_after=2021-01-01 00:00:00+00:00
[2026-04-16T03:18:18.576+0000] {processor.py:183} INFO - Processing /home/airflow/.local/lib/python3.8/site-packages/airflow/example_dags/example_xcom.py took 0.077 seconds
[2026-04-16T03:18:48.872+0000] {processor.py:161} INFO - Started process (PID=70725) to work on /home/airflow/.local/lib/python3.8/site-packages/airflow/example_dags/example_xcom.py
[2026-04-16T03:18:48.874+0000] {processor.py:830} INFO - Processing file /home/airflow/.local/lib/python3.8/site-packages/airflow/example_dags/example_xcom.py for tasks to queue
[2026-04-16T03:18:48.876+0000] {logging_mixin.py:188} INFO - [2026-04-16T03:18:48.875+0000] {dagbag.py:538} INFO - Filling up the DagBag from /home/airflow/.local/lib/python3.8/site-packages/airflow/example_dags/example_xcom.py
[2026-04-16T03:18:48.883+0000] {processor.py:840} INFO - DAG(s) 'example_xcom' retrieved from /home/airflow/.local/lib/python3.8/site-packages/airflow/example_dags/example_xcom.py
[2026-04-16T03:18:48.907+0000] {logging_mixin.py:188} INFO - [2026-04-16T03:18:48.906+0000] {dag.py:3036} INFO - Sync 1 DAGs
[2026-04-16T03:18:48.930+0000] {logging_mixin.py:188} INFO - [2026-04-16T03:18:48.930+0000] {dag.py:3823} INFO - Setting next_dagrun for example_xcom to 2021-01-01 00:00:00+00:00, run_after=2021-01-01 00:00:00+00:00
[2026-04-16T03:18:48.955+0000] {processor.py:183} INFO - Processing /home/airflow/.local/lib/python3.8/site-packages/airflow/example_dags/example_xcom.py took 0.086 seconds
[2026-04-16T03:19:19.148+0000] {processor.py:161} INFO - Started process (PID=70783) to work on /home/airflow/.local/lib/python3.8/site-packages/airflow/example_dags/example_xcom.py
[2026-04-16T03:19:19.150+0000] {processor.py:830} INFO - Processing file /home/airflow/.local/lib/python3.8/site-packages/airflow/example_dags/example_xcom.py for tasks to queue
[2026-04-16T03:19:19.152+0000] {logging_mixin.py:188} INFO - [2026-04-16T03:19:19.151+0000] {dagbag.py:538} INFO - Filling up the DagBag from /home/airflow/.local/lib/python3.8/site-packages/airflow/example_dags/example_xcom.py
[2026-04-16T03:19:19.159+0000] {processor.py:840} INFO - DAG(s) 'example_xcom' retrieved from /home/airflow/.local/lib/python3.8/site-packages/airflow/example_dags/example_xcom.py
[2026-04-16T03:19:19.185+0000] {logging_mixin.py:188} INFO - [2026-04-16T03:19:19.184+0000] {dag.py:3036} INFO - Sync 1 DAGs
[2026-04-16T03:19:19.213+0000] {logging_mixin.py:188} INFO - [2026-04-16T03:19:19.213+0000] {dag.py:3823} INFO - Setting next_dagrun for example_xcom to 2021-01-01 00:00:00+00:00, run_after=2021-01-01 00:00:00+00:00
[2026-04-16T03:19:19.236+0000] {processor.py:183} INFO - Processing /home/airflow/.local/lib/python3.8/site-packages/airflow/example_dags/example_xcom.py took 0.091 seconds
[2026-04-16T03:19:49.390+0000] {processor.py:161} INFO - Started process (PID=70840) to work on /home/airflow/.local/lib/python3.8/site-packages/airflow/example_dags/example_xcom.py
[2026-04-16T03:19:49.392+0000] {processor.py:830} INFO - Processing file /home/airflow/.local/lib/python3.8/site-packages/airflow/example_dags/example_xcom.py for tasks to queue
[2026-04-16T03:19:49.394+0000] {logging_mixin.py:188} INFO - [2026-04-16T03:19:49.394+0000] {dagbag.py:538} INFO - Filling up the DagBag from /home/airflow/.local/lib/python3.8/site-packages/airflow/example_dags/example_xcom.py
[2026-04-16T03:19:49.403+0000] {processor.py:840} INFO - DAG(s) 'example_xcom' retrieved from /home/airflow/.local/lib/python3.8/site-packages/airflow/example_dags/example_xcom.py
[2026-04-16T03:19:49.431+0000] {logging_mixin.py:188} INFO - [2026-04-16T03:19:49.431+0000] {dag.py:3036} INFO - Sync 1 DAGs
[2026-04-16T03:19:49.453+0000] {logging_mixin.py:188} INFO - [2026-04-16T03:19:49.453+0000] {dag.py:3823} INFO - Setting next_dagrun for example_xcom to 2021-01-01 00:00:00+00:00, run_after=2021-01-01 00:00:00+00:00
[2026-04-16T03:19:49.481+0000] {processor.py:183} INFO - Processing /home/airflow/.local/lib/python3.8/site-packages/airflow/example_dags/example_xcom.py took 0.096 seconds
[2026-04-16T03:20:19.674+0000] {processor.py:161} INFO - Started process (PID=70897) to work on /home/airflow/.local/lib/python3.8/site-packages/airflow/example_dags/example_xcom.py
[2026-04-16T03:20:19.675+0000] {processor.py:830} INFO - Processing file /home/airflow/.local/lib/python3.8/site-packages/airflow/example_dags/example_xcom.py for tasks to queue
[2026-04-16T03:20:19.677+0000] {logging_mixin.py:188} INFO - [2026-04-16T03:20:19.677+0000] {dagbag.py:538} INFO - Filling up the DagBag from /home/airflow/.local/lib/python3.8/site-packages/airflow/example_dags/example_xcom.py
[2026-04-16T03:20:19.684+0000] {processor.py:840} INFO - DAG(s) 'example_xcom' retrieved from /home/airflow/.local/lib/python3.8/site-packages/airflow/example_dags/example_xcom.py
[2026-04-16T03:20:19.709+0000] {logging_mixin.py:188} INFO - [2026-04-16T03:20:19.708+0000] {dag.py:3036} INFO - Sync 1 DAGs
[2026-04-16T03:20:19.729+0000] {logging_mixin.py:188} INFO - [2026-04-16T03:20:19.728+0000] {dag.py:3823} INFO - Setting next_dagrun for example_xcom to 2021-01-01 00:00:00+00:00, run_after=2021-01-01 00:00:00+00:00
[2026-04-16T03:20:19.752+0000] {processor.py:183} INFO - Processing /home/airflow/.local/lib/python3.8/site-packages/airflow/example_dags/example_xcom.py took 0.081 seconds
[2026-04-16T03:20:50.083+0000] {processor.py:161} INFO - Started process (PID=70954) to work on /home/airflow/.local/lib/python3.8/site-packages/airflow/example_dags/example_xcom.py
[2026-04-16T03:20:50.085+0000] {processor.py:830} INFO - Processing file /home/airflow/.local/lib/python3.8/site-packages/airflow/example_dags/example_xcom.py for tasks to queue
[2026-04-16T03:20:50.087+0000] {logging_mixin.py:188} INFO - [2026-04-16T03:20:50.087+0000] {dagbag.py:538} INFO - Filling up the DagBag from /home/airflow/.local/lib/python3.8/site-packages/airflow/example_dags/example_xcom.py
[2026-04-16T03:20:50.094+0000] {processor.py:840} INFO - DAG(s) 'example_xcom' retrieved from /home/airflow/.local/lib/python3.8/site-packages/airflow/example_dags/example_xcom.py
[2026-04-16T03:20:50.118+0000] {logging_mixin.py:188} INFO - [2026-04-16T03:20:50.117+0000] {dag.py:3036} INFO - Sync 1 DAGs
[2026-04-16T03:20:50.137+0000] {logging_mixin.py:188} INFO - [2026-04-16T03:20:50.137+0000] {dag.py:3823} INFO - Setting next_dagrun for example_xcom to 2021-01-01 00:00:00+00:00, run_after=2021-01-01 00:00:00+00:00
[2026-04-16T03:20:50.160+0000] {processor.py:183} INFO - Processing /home/airflow/.local/lib/python3.8/site-packages/airflow/example_dags/example_xcom.py took 0.080 seconds
[2026-04-16T03:21:20.319+0000] {processor.py:161} INFO - Started process (PID=71011) to work on /home/airflow/.local/lib/python3.8/site-packages/airflow/example_dags/example_xcom.py
[2026-04-16T03:21:20.320+0000] {processor.py:830} INFO - Processing file /home/airflow/.local/lib/python3.8/site-packages/airflow/example_dags/example_xcom.py for tasks to queue
[2026-04-16T03:21:20.323+0000] {logging_mixin.py:188} INFO - [2026-04-16T03:21:20.323+0000] {dagbag.py:538} INFO - Filling up the DagBag from /home/airflow/.local/lib/python3.8/site-packages/airflow/example_dags/example_xcom.py
[2026-04-16T03:21:20.332+0000] {processor.py:840} INFO - DAG(s) 'example_xcom' retrieved from /home/airflow/.local/lib/python3.8/site-packages/airflow/example_dags/example_xcom.py
[2026-04-16T03:21:20.358+0000] {logging_mixin.py:188} INFO - [2026-04-16T03:21:20.358+0000] {dag.py:3036} INFO - Sync 1 DAGs
[2026-04-16T03:21:20.383+0000] {logging_mixin.py:188} INFO - [2026-04-16T03:21:20.383+0000] {dag.py:3823} INFO - Setting next_dagrun for example_xcom to 2021-01-01 00:00:00+00:00, run_after=2021-01-01 00:00:00+00:00
[2026-04-16T03:21:20.408+0000] {processor.py:183} INFO - Processing /home/airflow/.local/lib/python3.8/site-packages/airflow/example_dags/example_xcom.py took 0.094 seconds
[2026-04-16T03:21:50.676+0000] {processor.py:161} INFO - Started process (PID=71068) to work on /home/airflow/.local/lib/python3.8/site-packages/airflow/example_dags/example_xcom.py
[2026-04-16T03:21:50.678+0000] {processor.py:830} INFO - Processing file /home/airflow/.local/lib/python3.8/site-packages/airflow/example_dags/example_xcom.py for tasks to queue
[2026-04-16T03:21:50.680+0000] {logging_mixin.py:188} INFO - [2026-04-16T03:21:50.679+0000] {dagbag.py:538} INFO - Filling up the DagBag from /home/airflow/.local/lib/python3.8/site-packages/airflow/example_dags/example_xcom.py
[2026-04-16T03:21:50.687+0000] {processor.py:840} INFO - DAG(s) 'example_xcom' retrieved from /home/airflow/.local/lib/python3.8/site-packages/airflow/example_dags/example_xcom.py
[2026-04-16T03:21:50.710+0000] {logging_mixin.py:188} INFO - [2026-04-16T03:21:50.710+0000] {dag.py:3036} INFO - Sync 1 DAGs
[2026-04-16T03:21:50.731+0000] {logging_mixin.py:188} INFO - [2026-04-16T03:21:50.731+0000] {dag.py:3823} INFO - Setting next_dagrun for example_xcom to 2021-01-01 00:00:00+00:00, run_after=2021-01-01 00:00:00+00:00
[2026-04-16T03:21:50.754+0000] {processor.py:183} INFO - Processing /home/airflow/.local/lib/python3.8/site-packages/airflow/example_dags/example_xcom.py took 0.081 seconds
[2026-04-16T03:22:21.363+0000] {processor.py:161} INFO - Started process (PID=71125) to work on /home/airflow/.local/lib/python3.8/site-packages/airflow/example_dags/example_xcom.py
[2026-04-16T03:22:21.364+0000] {processor.py:830} INFO - Processing file /home/airflow/.local/lib/python3.8/site-packages/airflow/example_dags/example_xcom.py for tasks to queue
[2026-04-16T03:22:21.366+0000] {logging_mixin.py:188} INFO - [2026-04-16T03:22:21.366+0000] {dagbag.py:538} INFO - Filling up the DagBag from /home/airflow/.local/lib/python3.8/site-packages/airflow/example_dags/example_xcom.py
[2026-04-16T03:22:21.374+0000] {processor.py:840} INFO - DAG(s) 'example_xcom' retrieved from /home/airflow/.local/lib/python3.8/site-packages/airflow/example_dags/example_xcom.py
[2026-04-16T03:22:21.398+0000] {logging_mixin.py:188} INFO - [2026-04-16T03:22:21.397+0000] {dag.py:3036} INFO - Sync 1 DAGs
[2026-04-16T03:22:21.419+0000] {logging_mixin.py:188} INFO - [2026-04-16T03:22:21.419+0000] {dag.py:3823} INFO - Setting next_dagrun for example_xcom to 2021-01-01 00:00:00+00:00, run_after=2021-01-01 00:00:00+00:00
[2026-04-16T03:22:21.441+0000] {processor.py:183} INFO - Processing /home/airflow/.local/lib/python3.8/site-packages/airflow/example_dags/example_xcom.py took 0.082 seconds
[2026-04-16T03:22:51.930+0000] {processor.py:161} INFO - Started process (PID=71182) to work on /home/airflow/.local/lib/python3.8/site-packages/airflow/example_dags/example_xcom.py
[2026-04-16T03:22:51.932+0000] {processor.py:830} INFO - Processing file /home/airflow/.local/lib/python3.8/site-packages/airflow/example_dags/example_xcom.py for tasks to queue
[2026-04-16T03:22:51.934+0000] {logging_mixin.py:188} INFO - [2026-04-16T03:22:51.933+0000] {dagbag.py:538} INFO - Filling up the DagBag from /home/airflow/.local/lib/python3.8/site-packages/airflow/example_dags/example_xcom.py
[2026-04-16T03:22:51.941+0000] {processor.py:840} INFO - DAG(s) 'example_xcom' retrieved from /home/airflow/.local/lib/python3.8/site-packages/airflow/example_dags/example_xcom.py
[2026-04-16T03:22:51.965+0000] {logging_mixin.py:188} INFO - [2026-04-16T03:22:51.965+0000] {dag.py:3036} INFO - Sync 1 DAGs
[2026-04-16T03:22:51.985+0000] {logging_mixin.py:188} INFO - [2026-04-16T03:22:51.985+0000] {dag.py:3823} INFO - Setting next_dagrun for example_xcom to 2021-01-01 00:00:00+00:00, run_after=2021-01-01 00:00:00+00:00
[2026-04-16T03:22:52.007+0000] {processor.py:183} INFO - Processing /home/airflow/.local/lib/python3.8/site-packages/airflow/example_dags/example_xcom.py took 0.080 seconds
[2026-04-16T03:23:22.624+0000] {processor.py:161} INFO - Started process (PID=71239) to work on /home/airflow/.local/lib/python3.8/site-packages/airflow/example_dags/example_xcom.py
[2026-04-16T03:23:22.625+0000] {processor.py:830} INFO - Processing file /home/airflow/.local/lib/python3.8/site-packages/airflow/example_dags/example_xcom.py for tasks to queue
[2026-04-16T03:23:22.627+0000] {logging_mixin.py:188} INFO - [2026-04-16T03:23:22.627+0000] {dagbag.py:538} INFO - Filling up the DagBag from /home/airflow/.local/lib/python3.8/site-packages/airflow/example_dags/example_xcom.py
[2026-04-16T03:23:22.635+0000] {processor.py:840} INFO - DAG(s) 'example_xcom' retrieved from /home/airflow/.local/lib/python3.8/site-packages/airflow/example_dags/example_xcom.py
[2026-04-16T03:23:22.661+0000] {logging_mixin.py:188} INFO - [2026-04-16T03:23:22.661+0000] {dag.py:3036} INFO - Sync 1 DAGs
[2026-04-16T03:23:22.684+0000] {logging_mixin.py:188} INFO - [2026-04-16T03:23:22.683+0000] {dag.py:3823} INFO - Setting next_dagrun for example_xcom to 2021-01-01 00:00:00+00:00, run_after=2021-01-01 00:00:00+00:00
[2026-04-16T03:23:22.706+0000] {processor.py:183} INFO - Processing /home/airflow/.local/lib/python3.8/site-packages/airflow/example_dags/example_xcom.py took 0.086 seconds
[2026-04-16T03:23:53.095+0000] {processor.py:161} INFO - Started process (PID=71296) to work on /home/airflow/.local/lib/python3.8/site-packages/airflow/example_dags/example_xcom.py
[2026-04-16T03:23:53.096+0000] {processor.py:830} INFO - Processing file /home/airflow/.local/lib/python3.8/site-packages/airflow/example_dags/example_xcom.py for tasks to queue
[2026-04-16T03:23:53.098+0000] {logging_mixin.py:188} INFO - [2026-04-16T03:23:53.098+0000] {dagbag.py:538} INFO - Filling up the DagBag from /home/airflow/.local/lib/python3.8/site-packages/airflow/example_dags/example_xcom.py
[2026-04-16T03:23:53.106+0000] {processor.py:840} INFO - DAG(s) 'example_xcom' retrieved from /home/airflow/.local/lib/python3.8/site-packages/airflow/example_dags/example_xcom.py
[2026-04-16T03:23:53.131+0000] {logging_mixin.py:188} INFO - [2026-04-16T03:23:53.130+0000] {dag.py:3036} INFO - Sync 1 DAGs
[2026-04-16T03:23:53.153+0000] {logging_mixin.py:188} INFO - [2026-04-16T03:23:53.152+0000] {dag.py:3823} INFO - Setting next_dagrun for example_xcom to 2021-01-01 00:00:00+00:00, run_after=2021-01-01 00:00:00+00:00
[2026-04-16T03:23:53.176+0000] {processor.py:183} INFO - Processing /home/airflow/.local/lib/python3.8/site-packages/airflow/example_dags/example_xcom.py took 0.085 seconds
[2026-04-16T03:24:23.573+0000] {processor.py:161} INFO - Started process (PID=71353) to work on /home/airflow/.local/lib/python3.8/site-packages/airflow/example_dags/example_xcom.py
[2026-04-16T03:24:23.574+0000] {processor.py:830} INFO - Processing file /home/airflow/.local/lib/python3.8/site-packages/airflow/example_dags/example_xcom.py for tasks to queue
[2026-04-16T03:24:23.576+0000] {logging_mixin.py:188} INFO - [2026-04-16T03:24:23.576+0000] {dagbag.py:538} INFO - Filling up the DagBag from /home/airflow/.local/lib/python3.8/site-packages/airflow/example_dags/example_xcom.py
[2026-04-16T03:24:23.586+0000] {processor.py:840} INFO - DAG(s) 'example_xcom' retrieved from /home/airflow/.local/lib/python3.8/site-packages/airflow/example_dags/example_xcom.py
[2026-04-16T03:24:23.614+0000] {logging_mixin.py:188} INFO - [2026-04-16T03:24:23.614+0000] {dag.py:3036} INFO - Sync 1 DAGs
[2026-04-16T03:24:23.640+0000] {logging_mixin.py:188} INFO - [2026-04-16T03:24:23.640+0000] {dag.py:3823} INFO - Setting next_dagrun for example_xcom to 2021-01-01 00:00:00+00:00, run_after=2021-01-01 00:00:00+00:00
[2026-04-16T03:24:23.664+0000] {processor.py:183} INFO - Processing /home/airflow/.local/lib/python3.8/site-packages/airflow/example_dags/example_xcom.py took 0.095 seconds
[2026-04-16T03:24:54.008+0000] {processor.py:161} INFO - Started process (PID=71410) to work on /home/airflow/.local/lib/python3.8/site-packages/airflow/example_dags/example_xcom.py
[2026-04-16T03:24:54.009+0000] {processor.py:830} INFO - Processing file /home/airflow/.local/lib/python3.8/site-packages/airflow/example_dags/example_xcom.py for tasks to queue
[2026-04-16T03:24:54.012+0000] {logging_mixin.py:188} INFO - [2026-04-16T03:24:54.011+0000] {dagbag.py:538} INFO - Filling up the DagBag from /home/airflow/.local/lib/python3.8/site-packages/airflow/example_dags/example_xcom.py
[2026-04-16T03:24:54.019+0000] {processor.py:840} INFO - DAG(s) 'example_xcom' retrieved from /home/airflow/.local/lib/python3.8/site-packages/airflow/example_dags/example_xcom.py
[2026-04-16T03:24:54.044+0000] {logging_mixin.py:188} INFO - [2026-04-16T03:24:54.044+0000] {dag.py:3036} INFO - Sync 1 DAGs
[2026-04-16T03:24:54.066+0000] {logging_mixin.py:188} INFO - [2026-04-16T03:24:54.066+0000] {dag.py:3823} INFO - Setting next_dagrun for example_xcom to 2021-01-01 00:00:00+00:00, run_after=2021-01-01 00:00:00+00:00
[2026-04-16T03:24:54.090+0000] {processor.py:183} INFO - Processing /home/airflow/.local/lib/python3.8/site-packages/airflow/example_dags/example_xcom.py took 0.085 seconds
[2026-04-16T03:25:24.579+0000] {processor.py:161} INFO - Started process (PID=71467) to work on /home/airflow/.local/lib/python3.8/site-packages/airflow/example_dags/example_xcom.py
[2026-04-16T03:25:24.580+0000] {processor.py:830} INFO - Processing file /home/airflow/.local/lib/python3.8/site-packages/airflow/example_dags/example_xcom.py for tasks to queue
[2026-04-16T03:25:24.583+0000] {logging_mixin.py:188} INFO - [2026-04-16T03:25:24.582+0000] {dagbag.py:538} INFO - Filling up the DagBag from /home/airflow/.local/lib/python3.8/site-packages/airflow/example_dags/example_xcom.py
[2026-04-16T03:25:24.590+0000] {processor.py:840} INFO - DAG(s) 'example_xcom' retrieved from /home/airflow/.local/lib/python3.8/site-packages/airflow/example_dags/example_xcom.py
[2026-04-16T03:25:24.614+0000] {logging_mixin.py:188} INFO - [2026-04-16T03:25:24.613+0000] {dag.py:3036} INFO - Sync 1 DAGs
[2026-04-16T03:25:24.634+0000] {logging_mixin.py:188} INFO - [2026-04-16T03:25:24.634+0000] {dag.py:3823} INFO - Setting next_dagrun for example_xcom to 2021-01-01 00:00:00+00:00, run_after=2021-01-01 00:00:00+00:00
[2026-04-16T03:25:24.656+0000] {processor.py:183} INFO - Processing /home/airflow/.local/lib/python3.8/site-packages/airflow/example_dags/example_xcom.py took 0.080 seconds
[2026-04-16T03:25:54.960+0000] {processor.py:161} INFO - Started process (PID=71524) to work on /home/airflow/.local/lib/python3.8/site-packages/airflow/example_dags/example_xcom.py
[2026-04-16T03:25:54.962+0000] {processor.py:830} INFO - Processing file /home/airflow/.local/lib/python3.8/site-packages/airflow/example_dags/example_xcom.py for tasks to queue
[2026-04-16T03:25:54.964+0000] {logging_mixin.py:188} INFO - [2026-04-16T03:25:54.963+0000] {dagbag.py:538} INFO - Filling up the DagBag from /home/airflow/.local/lib/python3.8/site-packages/airflow/example_dags/example_xcom.py
[2026-04-16T03:25:54.971+0000] {processor.py:840} INFO - DAG(s) 'example_xcom' retrieved from /home/airflow/.local/lib/python3.8/site-packages/airflow/example_dags/example_xcom.py
[2026-04-16T03:25:54.993+0000] {logging_mixin.py:188} INFO - [2026-04-16T03:25:54.993+0000] {dag.py:3036} INFO - Sync 1 DAGs
[2026-04-16T03:25:55.013+0000] {logging_mixin.py:188} INFO - [2026-04-16T03:25:55.013+0000] {dag.py:3823} INFO - Setting next_dagrun for example_xcom to 2021-01-01 00:00:00+00:00, run_after=2021-01-01 00:00:00+00:00
[2026-04-16T03:25:55.036+0000] {processor.py:183} INFO - Processing /home/airflow/.local/lib/python3.8/site-packages/airflow/example_dags/example_xcom.py took 0.079 seconds
[2026-04-16T03:26:25.392+0000] {processor.py:161} INFO - Started process (PID=71581) to work on /home/airflow/.local/lib/python3.8/site-packages/airflow/example_dags/example_xcom.py
[2026-04-16T03:26:25.393+0000] {processor.py:830} INFO - Processing file /home/airflow/.local/lib/python3.8/site-packages/airflow/example_dags/example_xcom.py for tasks to queue
[2026-04-16T03:26:25.395+0000] {logging_mixin.py:188} INFO - [2026-04-16T03:26:25.395+0000] {dagbag.py:538} INFO - Filling up the DagBag from /home/airflow/.local/lib/python3.8/site-packages/airflow/example_dags/example_xcom.py
[2026-04-16T03:26:25.404+0000] {processor.py:840} INFO - DAG(s) 'example_xcom' retrieved from /home/airflow/.local/lib/python3.8/site-packages/airflow/example_dags/example_xcom.py
[2026-04-16T03:26:25.427+0000] {logging_mixin.py:188} INFO - [2026-04-16T03:26:25.427+0000] {dag.py:3036} INFO - Sync 1 DAGs
[2026-04-16T03:26:25.447+0000] {logging_mixin.py:188} INFO - [2026-04-16T03:26:25.447+0000] {dag.py:3823} INFO - Setting next_dagrun for example_xcom to 2021-01-01 00:00:00+00:00, run_after=2021-01-01 00:00:00+00:00
[2026-04-16T03:26:25.470+0000] {processor.py:183} INFO - Processing /home/airflow/.local/lib/python3.8/site-packages/airflow/example_dags/example_xcom.py took 0.082 seconds
[2026-04-16T03:26:55.617+0000] {processor.py:161} INFO - Started process (PID=71638) to work on /home/airflow/.local/lib/python3.8/site-packages/airflow/example_dags/example_xcom.py
[2026-04-16T03:26:55.619+0000] {processor.py:830} INFO - Processing file /home/airflow/.local/lib/python3.8/site-packages/airflow/example_dags/example_xcom.py for tasks to queue
[2026-04-16T03:26:55.621+0000] {logging_mixin.py:188} INFO - [2026-04-16T03:26:55.620+0000] {dagbag.py:538} INFO - Filling up the DagBag from /home/airflow/.local/lib/python3.8/site-packages/airflow/example_dags/example_xcom.py
[2026-04-16T03:26:55.628+0000] {processor.py:840} INFO - DAG(s) 'example_xcom' retrieved from /home/airflow/.local/lib/python3.8/site-packages/airflow/example_dags/example_xcom.py
[2026-04-16T03:26:55.651+0000] {logging_mixin.py:188} INFO - [2026-04-16T03:26:55.651+0000] {dag.py:3036} INFO - Sync 1 DAGs
[2026-04-16T03:26:55.672+0000] {logging_mixin.py:188} INFO - [2026-04-16T03:26:55.672+0000] {dag.py:3823} INFO - Setting next_dagrun for example_xcom to 2021-01-01 00:00:00+00:00, run_after=2021-01-01 00:00:00+00:00
[2026-04-16T03:26:55.694+0000] {processor.py:183} INFO - Processing /home/airflow/.local/lib/python3.8/site-packages/airflow/example_dags/example_xcom.py took 0.080 seconds
[2026-04-16T03:27:25.916+0000] {processor.py:161} INFO - Started process (PID=71695) to work on /home/airflow/.local/lib/python3.8/site-packages/airflow/example_dags/example_xcom.py
[2026-04-16T03:27:25.917+0000] {processor.py:830} INFO - Processing file /home/airflow/.local/lib/python3.8/site-packages/airflow/example_dags/example_xcom.py for tasks to queue
[2026-04-16T03:27:25.919+0000] {logging_mixin.py:188} INFO - [2026-04-16T03:27:25.919+0000] {dagbag.py:538} INFO - Filling up the DagBag from /home/airflow/.local/lib/python3.8/site-packages/airflow/example_dags/example_xcom.py
[2026-04-16T03:27:25.928+0000] {processor.py:840} INFO - DAG(s) 'example_xcom' retrieved from /home/airflow/.local/lib/python3.8/site-packages/airflow/example_dags/example_xcom.py
[2026-04-16T03:27:25.950+0000] {logging_mixin.py:188} INFO - [2026-04-16T03:27:25.950+0000] {dag.py:3036} INFO - Sync 1 DAGs
[2026-04-16T03:27:25.971+0000] {logging_mixin.py:188} INFO - [2026-04-16T03:27:25.970+0000] {dag.py:3823} INFO - Setting next_dagrun for example_xcom to 2021-01-01 00:00:00+00:00, run_after=2021-01-01 00:00:00+00:00
[2026-04-16T03:27:25.994+0000] {processor.py:183} INFO - Processing /home/airflow/.local/lib/python3.8/site-packages/airflow/example_dags/example_xcom.py took 0.082 seconds
[2026-04-16T03:27:56.259+0000] {processor.py:161} INFO - Started process (PID=71752) to work on /home/airflow/.local/lib/python3.8/site-packages/airflow/example_dags/example_xcom.py
[2026-04-16T03:27:56.261+0000] {processor.py:830} INFO - Processing file /home/airflow/.local/lib/python3.8/site-packages/airflow/example_dags/example_xcom.py for tasks to queue
[2026-04-16T03:27:56.263+0000] {logging_mixin.py:188} INFO - [2026-04-16T03:27:56.263+0000] {dagbag.py:538} INFO - Filling up the DagBag from /home/airflow/.local/lib/python3.8/site-packages/airflow/example_dags/example_xcom.py
[2026-04-16T03:27:56.271+0000] {processor.py:840} INFO - DAG(s) 'example_xcom' retrieved from /home/airflow/.local/lib/python3.8/site-packages/airflow/example_dags/example_xcom.py
[2026-04-16T03:27:56.293+0000] {logging_mixin.py:188} INFO - [2026-04-16T03:27:56.292+0000] {dag.py:3036} INFO - Sync 1 DAGs
[2026-04-16T03:27:56.313+0000] {logging_mixin.py:188} INFO - [2026-04-16T03:27:56.313+0000] {dag.py:3823} INFO - Setting next_dagrun for example_xcom to 2021-01-01 00:00:00+00:00, run_after=2021-01-01 00:00:00+00:00
[2026-04-16T03:27:56.335+0000] {processor.py:183} INFO - Processing /home/airflow/.local/lib/python3.8/site-packages/airflow/example_dags/example_xcom.py took 0.079 seconds
[2026-04-16T03:28:26.771+0000] {processor.py:161} INFO - Started process (PID=71809) to work on /home/airflow/.local/lib/python3.8/site-packages/airflow/example_dags/example_xcom.py
[2026-04-16T03:28:26.773+0000] {processor.py:830} INFO - Processing file /home/airflow/.local/lib/python3.8/site-packages/airflow/example_dags/example_xcom.py for tasks to queue
[2026-04-16T03:28:26.775+0000] {logging_mixin.py:188} INFO - [2026-04-16T03:28:26.775+0000] {dagbag.py:538} INFO - Filling up the DagBag from /home/airflow/.local/lib/python3.8/site-packages/airflow/example_dags/example_xcom.py
[2026-04-16T03:28:26.783+0000] {processor.py:840} INFO - DAG(s) 'example_xcom' retrieved from /home/airflow/.local/lib/python3.8/site-packages/airflow/example_dags/example_xcom.py
[2026-04-16T03:28:26.808+0000] {logging_mixin.py:188} INFO - [2026-04-16T03:28:26.807+0000] {dag.py:3036} INFO - Sync 1 DAGs
[2026-04-16T03:28:26.831+0000] {logging_mixin.py:188} INFO - [2026-04-16T03:28:26.831+0000] {dag.py:3823} INFO - Setting next_dagrun for example_xcom to 2021-01-01 00:00:00+00:00, run_after=2021-01-01 00:00:00+00:00
[2026-04-16T03:28:26.855+0000] {processor.py:183} INFO - Processing /home/airflow/.local/lib/python3.8/site-packages/airflow/example_dags/example_xcom.py took 0.087 seconds
[2026-04-16T03:28:57.250+0000] {processor.py:161} INFO - Started process (PID=71866) to work on /home/airflow/.local/lib/python3.8/site-packages/airflow/example_dags/example_xcom.py
[2026-04-16T03:28:57.251+0000] {processor.py:830} INFO - Processing file /home/airflow/.local/lib/python3.8/site-packages/airflow/example_dags/example_xcom.py for tasks to queue
[2026-04-16T03:28:57.253+0000] {logging_mixin.py:188} INFO - [2026-04-16T03:28:57.253+0000] {dagbag.py:538} INFO - Filling up the DagBag from /home/airflow/.local/lib/python3.8/site-packages/airflow/example_dags/example_xcom.py
[2026-04-16T03:28:57.261+0000] {processor.py:840} INFO - DAG(s) 'example_xcom' retrieved from /home/airflow/.local/lib/python3.8/site-packages/airflow/example_dags/example_xcom.py
[2026-04-16T03:28:57.285+0000] {logging_mixin.py:188} INFO - [2026-04-16T03:28:57.285+0000] {dag.py:3036} INFO - Sync 1 DAGs
[2026-04-16T03:28:57.310+0000] {logging_mixin.py:188} INFO - [2026-04-16T03:28:57.310+0000] {dag.py:3823} INFO - Setting next_dagrun for example_xcom to 2021-01-01 00:00:00+00:00, run_after=2021-01-01 00:00:00+00:00
[2026-04-16T03:28:57.337+0000] {processor.py:183} INFO - Processing /home/airflow/.local/lib/python3.8/site-packages/airflow/example_dags/example_xcom.py took 0.090 seconds
[2026-04-16T03:29:27.622+0000] {processor.py:161} INFO - Started process (PID=71923) to work on /home/airflow/.local/lib/python3.8/site-packages/airflow/example_dags/example_xcom.py
[2026-04-16T03:29:27.623+0000] {processor.py:830} INFO - Processing file /home/airflow/.local/lib/python3.8/site-packages/airflow/example_dags/example_xcom.py for tasks to queue
[2026-04-16T03:29:27.626+0000] {logging_mixin.py:188} INFO - [2026-04-16T03:29:27.625+0000] {dagbag.py:538} INFO - Filling up the DagBag from /home/airflow/.local/lib/python3.8/site-packages/airflow/example_dags/example_xcom.py
[2026-04-16T03:29:27.634+0000] {processor.py:840} INFO - DAG(s) 'example_xcom' retrieved from /home/airflow/.local/lib/python3.8/site-packages/airflow/example_dags/example_xcom.py
[2026-04-16T03:29:27.657+0000] {logging_mixin.py:188} INFO - [2026-04-16T03:29:27.657+0000] {dag.py:3036} INFO - Sync 1 DAGs
[2026-04-16T03:29:27.676+0000] {logging_mixin.py:188} INFO - [2026-04-16T03:29:27.676+0000] {dag.py:3823} INFO - Setting next_dagrun for example_xcom to 2021-01-01 00:00:00+00:00, run_after=2021-01-01 00:00:00+00:00
[2026-04-16T03:29:27.699+0000] {processor.py:183} INFO - Processing /home/airflow/.local/lib/python3.8/site-packages/airflow/example_dags/example_xcom.py took 0.081 seconds
[2026-04-16T03:29:58.085+0000] {processor.py:161} INFO - Started process (PID=71980) to work on /home/airflow/.local/lib/python3.8/site-packages/airflow/example_dags/example_xcom.py
[2026-04-16T03:29:58.087+0000] {processor.py:830} INFO - Processing file /home/airflow/.local/lib/python3.8/site-packages/airflow/example_dags/example_xcom.py for tasks to queue
[2026-04-16T03:29:58.089+0000] {logging_mixin.py:188} INFO - [2026-04-16T03:29:58.088+0000] {dagbag.py:538} INFO - Filling up the DagBag from /home/airflow/.local/lib/python3.8/site-packages/airflow/example_dags/example_xcom.py
[2026-04-16T03:29:58.098+0000] {processor.py:840} INFO - DAG(s) 'example_xcom' retrieved from /home/airflow/.local/lib/python3.8/site-packages/airflow/example_dags/example_xcom.py
[2026-04-16T03:29:58.123+0000] {logging_mixin.py:188} INFO - [2026-04-16T03:29:58.123+0000] {dag.py:3036} INFO - Sync 1 DAGs
[2026-04-16T03:29:58.146+0000] {logging_mixin.py:188} INFO - [2026-04-16T03:29:58.146+0000] {dag.py:3823} INFO - Setting next_dagrun for example_xcom to 2021-01-01 00:00:00+00:00, run_after=2021-01-01 00:00:00+00:00
[2026-04-16T03:29:58.166+0000] {processor.py:183} INFO - Processing /home/airflow/.local/lib/python3.8/site-packages/airflow/example_dags/example_xcom.py took 0.085 seconds
[2026-04-16T03:30:28.567+0000] {processor.py:161} INFO - Started process (PID=72037) to work on /home/airflow/.local/lib/python3.8/site-packages/airflow/example_dags/example_xcom.py
[2026-04-16T03:30:28.568+0000] {processor.py:830} INFO - Processing file /home/airflow/.local/lib/python3.8/site-packages/airflow/example_dags/example_xcom.py for tasks to queue
[2026-04-16T03:30:28.570+0000] {logging_mixin.py:188} INFO - [2026-04-16T03:30:28.570+0000] {dagbag.py:538} INFO - Filling up the DagBag from /home/airflow/.local/lib/python3.8/site-packages/airflow/example_dags/example_xcom.py
[2026-04-16T03:30:28.578+0000] {processor.py:840} INFO - DAG(s) 'example_xcom' retrieved from /home/airflow/.local/lib/python3.8/site-packages/airflow/example_dags/example_xcom.py
[2026-04-16T03:30:28.603+0000] {logging_mixin.py:188} INFO - [2026-04-16T03:30:28.602+0000] {dag.py:3036} INFO - Sync 1 DAGs
[2026-04-16T03:30:28.623+0000] {logging_mixin.py:188} INFO - [2026-04-16T03:30:28.623+0000] {dag.py:3823} INFO - Setting next_dagrun for example_xcom to 2021-01-01 00:00:00+00:00, run_after=2021-01-01 00:00:00+00:00
[2026-04-16T03:30:28.645+0000] {processor.py:183} INFO - Processing /home/airflow/.local/lib/python3.8/site-packages/airflow/example_dags/example_xcom.py took 0.082 seconds
[2026-04-16T03:30:58.992+0000] {processor.py:161} INFO - Started process (PID=72094) to work on /home/airflow/.local/lib/python3.8/site-packages/airflow/example_dags/example_xcom.py
[2026-04-16T03:30:58.993+0000] {processor.py:830} INFO - Processing file /home/airflow/.local/lib/python3.8/site-packages/airflow/example_dags/example_xcom.py for tasks to queue
[2026-04-16T03:30:58.995+0000] {logging_mixin.py:188} INFO - [2026-04-16T03:30:58.994+0000] {dagbag.py:538} INFO - Filling up the DagBag from /home/airflow/.local/lib/python3.8/site-packages/airflow/example_dags/example_xcom.py
[2026-04-16T03:30:59.002+0000] {processor.py:840} INFO - DAG(s) 'example_xcom' retrieved from /home/airflow/.local/lib/python3.8/site-packages/airflow/example_dags/example_xcom.py
[2026-04-16T03:30:59.026+0000] {logging_mixin.py:188} INFO - [2026-04-16T03:30:59.026+0000] {dag.py:3036} INFO - Sync 1 DAGs
[2026-04-16T03:30:59.047+0000] {logging_mixin.py:188} INFO - [2026-04-16T03:30:59.046+0000] {dag.py:3823} INFO - Setting next_dagrun for example_xcom to 2021-01-01 00:00:00+00:00, run_after=2021-01-01 00:00:00+00:00
[2026-04-16T03:30:59.069+0000] {processor.py:183} INFO - Processing /home/airflow/.local/lib/python3.8/site-packages/airflow/example_dags/example_xcom.py took 0.080 seconds
[2026-04-16T03:31:29.565+0000] {processor.py:161} INFO - Started process (PID=72151) to work on /home/airflow/.local/lib/python3.8/site-packages/airflow/example_dags/example_xcom.py
[2026-04-16T03:31:29.566+0000] {processor.py:830} INFO - Processing file /home/airflow/.local/lib/python3.8/site-packages/airflow/example_dags/example_xcom.py for tasks to queue
[2026-04-16T03:31:29.568+0000] {logging_mixin.py:188} INFO - [2026-04-16T03:31:29.568+0000] {dagbag.py:538} INFO - Filling up the DagBag from /home/airflow/.local/lib/python3.8/site-packages/airflow/example_dags/example_xcom.py
[2026-04-16T03:31:29.576+0000] {processor.py:840} INFO - DAG(s) 'example_xcom' retrieved from /home/airflow/.local/lib/python3.8/site-packages/airflow/example_dags/example_xcom.py
[2026-04-16T03:31:29.602+0000] {logging_mixin.py:188} INFO - [2026-04-16T03:31:29.601+0000] {dag.py:3036} INFO - Sync 1 DAGs
[2026-04-16T03:31:29.625+0000] {logging_mixin.py:188} INFO - [2026-04-16T03:31:29.625+0000] {dag.py:3823} INFO - Setting next_dagrun for example_xcom to 2021-01-01 00:00:00+00:00, run_after=2021-01-01 00:00:00+00:00
[2026-04-16T03:31:29.650+0000] {processor.py:183} INFO - Processing /home/airflow/.local/lib/python3.8/site-packages/airflow/example_dags/example_xcom.py took 0.088 seconds
[2026-04-16T03:32:00.080+0000] {processor.py:161} INFO - Started process (PID=72208) to work on /home/airflow/.local/lib/python3.8/site-packages/airflow/example_dags/example_xcom.py
[2026-04-16T03:32:00.081+0000] {processor.py:830} INFO - Processing file /home/airflow/.local/lib/python3.8/site-packages/airflow/example_dags/example_xcom.py for tasks to queue
[2026-04-16T03:32:00.084+0000] {logging_mixin.py:188} INFO - [2026-04-16T03:32:00.084+0000] {dagbag.py:538} INFO - Filling up the DagBag from /home/airflow/.local/lib/python3.8/site-packages/airflow/example_dags/example_xcom.py
[2026-04-16T03:32:00.092+0000] {processor.py:840} INFO - DAG(s) 'example_xcom' retrieved from /home/airflow/.local/lib/python3.8/site-packages/airflow/example_dags/example_xcom.py
[2026-04-16T03:32:00.119+0000] {logging_mixin.py:188} INFO - [2026-04-16T03:32:00.119+0000] {dag.py:3036} INFO - Sync 1 DAGs
[2026-04-16T03:32:00.147+0000] {logging_mixin.py:188} INFO - [2026-04-16T03:32:00.147+0000] {dag.py:3823} INFO - Setting next_dagrun for example_xcom to 2021-01-01 00:00:00+00:00, run_after=2021-01-01 00:00:00+00:00
[2026-04-16T03:32:00.176+0000] {processor.py:183} INFO - Processing /home/airflow/.local/lib/python3.8/site-packages/airflow/example_dags/example_xcom.py took 0.100 seconds
[2026-04-16T03:32:30.575+0000] {processor.py:161} INFO - Started process (PID=72265) to work on /home/airflow/.local/lib/python3.8/site-packages/airflow/example_dags/example_xcom.py
[2026-04-16T03:32:30.576+0000] {processor.py:830} INFO - Processing file /home/airflow/.local/lib/python3.8/site-packages/airflow/example_dags/example_xcom.py for tasks to queue
[2026-04-16T03:32:30.579+0000] {logging_mixin.py:188} INFO - [2026-04-16T03:32:30.578+0000] {dagbag.py:538} INFO - Filling up the DagBag from /home/airflow/.local/lib/python3.8/site-packages/airflow/example_dags/example_xcom.py
[2026-04-16T03:32:30.589+0000] {processor.py:840} INFO - DAG(s) 'example_xcom' retrieved from /home/airflow/.local/lib/python3.8/site-packages/airflow/example_dags/example_xcom.py
[2026-04-16T03:32:30.612+0000] {logging_mixin.py:188} INFO - [2026-04-16T03:32:30.612+0000] {dag.py:3036} INFO - Sync 1 DAGs
[2026-04-16T03:32:30.635+0000] {logging_mixin.py:188} INFO - [2026-04-16T03:32:30.635+0000] {dag.py:3823} INFO - Setting next_dagrun for example_xcom to 2021-01-01 00:00:00+00:00, run_after=2021-01-01 00:00:00+00:00
[2026-04-16T03:32:30.660+0000] {processor.py:183} INFO - Processing /home/airflow/.local/lib/python3.8/site-packages/airflow/example_dags/example_xcom.py took 0.089 seconds
[2026-04-16T03:33:00.995+0000] {processor.py:161} INFO - Started process (PID=72322) to work on /home/airflow/.local/lib/python3.8/site-packages/airflow/example_dags/example_xcom.py
[2026-04-16T03:33:00.996+0000] {processor.py:830} INFO - Processing file /home/airflow/.local/lib/python3.8/site-packages/airflow/example_dags/example_xcom.py for tasks to queue
[2026-04-16T03:33:00.999+0000] {logging_mixin.py:188} INFO - [2026-04-16T03:33:00.998+0000] {dagbag.py:538} INFO - Filling up the DagBag from /home/airflow/.local/lib/python3.8/site-packages/airflow/example_dags/example_xcom.py
[2026-04-16T03:33:01.006+0000] {processor.py:840} INFO - DAG(s) 'example_xcom' retrieved from /home/airflow/.local/lib/python3.8/site-packages/airflow/example_dags/example_xcom.py
[2026-04-16T03:33:01.032+0000] {logging_mixin.py:188} INFO - [2026-04-16T03:33:01.032+0000] {dag.py:3036} INFO - Sync 1 DAGs
[2026-04-16T03:33:01.053+0000] {logging_mixin.py:188} INFO - [2026-04-16T03:33:01.053+0000] {dag.py:3823} INFO - Setting next_dagrun for example_xcom to 2021-01-01 00:00:00+00:00, run_after=2021-01-01 00:00:00+00:00
[2026-04-16T03:33:01.075+0000] {processor.py:183} INFO - Processing /home/airflow/.local/lib/python3.8/site-packages/airflow/example_dags/example_xcom.py took 0.084 seconds
[2026-04-16T03:33:31.628+0000] {processor.py:161} INFO - Started process (PID=72379) to work on /home/airflow/.local/lib/python3.8/site-packages/airflow/example_dags/example_xcom.py
[2026-04-16T03:33:31.630+0000] {processor.py:830} INFO - Processing file /home/airflow/.local/lib/python3.8/site-packages/airflow/example_dags/example_xcom.py for tasks to queue
[2026-04-16T03:33:31.632+0000] {logging_mixin.py:188} INFO - [2026-04-16T03:33:31.631+0000] {dagbag.py:538} INFO - Filling up the DagBag from /home/airflow/.local/lib/python3.8/site-packages/airflow/example_dags/example_xcom.py
[2026-04-16T03:33:31.639+0000] {processor.py:840} INFO - DAG(s) 'example_xcom' retrieved from /home/airflow/.local/lib/python3.8/site-packages/airflow/example_dags/example_xcom.py
[2026-04-16T03:33:31.662+0000] {logging_mixin.py:188} INFO - [2026-04-16T03:33:31.662+0000] {dag.py:3036} INFO - Sync 1 DAGs
[2026-04-16T03:33:31.682+0000] {logging_mixin.py:188} INFO - [2026-04-16T03:33:31.682+0000] {dag.py:3823} INFO - Setting next_dagrun for example_xcom to 2021-01-01 00:00:00+00:00, run_after=2021-01-01 00:00:00+00:00
[2026-04-16T03:33:31.704+0000] {processor.py:183} INFO - Processing /home/airflow/.local/lib/python3.8/site-packages/airflow/example_dags/example_xcom.py took 0.079 seconds
[2026-04-16T03:34:01.919+0000] {processor.py:161} INFO - Started process (PID=72436) to work on /home/airflow/.local/lib/python3.8/site-packages/airflow/example_dags/example_xcom.py
[2026-04-16T03:34:01.921+0000] {processor.py:830} INFO - Processing file /home/airflow/.local/lib/python3.8/site-packages/airflow/example_dags/example_xcom.py for tasks to queue
[2026-04-16T03:34:01.923+0000] {logging_mixin.py:188} INFO - [2026-04-16T03:34:01.923+0000] {dagbag.py:538} INFO - Filling up the DagBag from /home/airflow/.local/lib/python3.8/site-packages/airflow/example_dags/example_xcom.py
[2026-04-16T03:34:01.935+0000] {processor.py:840} INFO - DAG(s) 'example_xcom' retrieved from /home/airflow/.local/lib/python3.8/site-packages/airflow/example_dags/example_xcom.py
[2026-04-16T03:34:01.964+0000] {logging_mixin.py:188} INFO - [2026-04-16T03:34:01.963+0000] {dag.py:3036} INFO - Sync 1 DAGs
[2026-04-16T03:34:01.987+0000] {logging_mixin.py:188} INFO - [2026-04-16T03:34:01.987+0000] {dag.py:3823} INFO - Setting next_dagrun for example_xcom to 2021-01-01 00:00:00+00:00, run_after=2021-01-01 00:00:00+00:00
[2026-04-16T03:34:02.011+0000] {processor.py:183} INFO - Processing /home/airflow/.local/lib/python3.8/site-packages/airflow/example_dags/example_xcom.py took 0.096 seconds
[2026-04-16T03:34:32.532+0000] {processor.py:161} INFO - Started process (PID=72493) to work on /home/airflow/.local/lib/python3.8/site-packages/airflow/example_dags/example_xcom.py
[2026-04-16T03:34:32.534+0000] {processor.py:830} INFO - Processing file /home/airflow/.local/lib/python3.8/site-packages/airflow/example_dags/example_xcom.py for tasks to queue
[2026-04-16T03:34:32.546+0000] {logging_mixin.py:188} INFO - [2026-04-16T03:34:32.537+0000] {dagbag.py:538} INFO - Filling up the DagBag from /home/airflow/.local/lib/python3.8/site-packages/airflow/example_dags/example_xcom.py
[2026-04-16T03:34:32.565+0000] {processor.py:840} INFO - DAG(s) 'example_xcom' retrieved from /home/airflow/.local/lib/python3.8/site-packages/airflow/example_dags/example_xcom.py
[2026-04-16T03:34:32.605+0000] {logging_mixin.py:188} INFO - [2026-04-16T03:34:32.605+0000] {dag.py:3036} INFO - Sync 1 DAGs
[2026-04-16T03:34:32.642+0000] {logging_mixin.py:188} INFO - [2026-04-16T03:34:32.642+0000] {dag.py:3823} INFO - Setting next_dagrun for example_xcom to 2021-01-01 00:00:00+00:00, run_after=2021-01-01 00:00:00+00:00
[2026-04-16T03:34:32.686+0000] {processor.py:183} INFO - Processing /home/airflow/.local/lib/python3.8/site-packages/airflow/example_dags/example_xcom.py took 0.159 seconds
[2026-04-16T03:35:02.849+0000] {processor.py:161} INFO - Started process (PID=72550) to work on /home/airflow/.local/lib/python3.8/site-packages/airflow/example_dags/example_xcom.py
[2026-04-16T03:35:02.851+0000] {processor.py:830} INFO - Processing file /home/airflow/.local/lib/python3.8/site-packages/airflow/example_dags/example_xcom.py for tasks to queue
[2026-04-16T03:35:02.853+0000] {logging_mixin.py:188} INFO - [2026-04-16T03:35:02.853+0000] {dagbag.py:538} INFO - Filling up the DagBag from /home/airflow/.local/lib/python3.8/site-packages/airflow/example_dags/example_xcom.py
[2026-04-16T03:35:02.861+0000] {processor.py:840} INFO - DAG(s) 'example_xcom' retrieved from /home/airflow/.local/lib/python3.8/site-packages/airflow/example_dags/example_xcom.py
[2026-04-16T03:35:02.885+0000] {logging_mixin.py:188} INFO - [2026-04-16T03:35:02.885+0000] {dag.py:3036} INFO - Sync 1 DAGs
[2026-04-16T03:35:02.906+0000] {logging_mixin.py:188} INFO - [2026-04-16T03:35:02.905+0000] {dag.py:3823} INFO - Setting next_dagrun for example_xcom to 2021-01-01 00:00:00+00:00, run_after=2021-01-01 00:00:00+00:00
[2026-04-16T03:35:02.928+0000] {processor.py:183} INFO - Processing /home/airflow/.local/lib/python3.8/site-packages/airflow/example_dags/example_xcom.py took 0.082 seconds
[2026-04-16T03:35:33.378+0000] {processor.py:161} INFO - Started process (PID=72607) to work on /home/airflow/.local/lib/python3.8/site-packages/airflow/example_dags/example_xcom.py
[2026-04-16T03:35:33.379+0000] {processor.py:830} INFO - Processing file /home/airflow/.local/lib/python3.8/site-packages/airflow/example_dags/example_xcom.py for tasks to queue
[2026-04-16T03:35:33.382+0000] {logging_mixin.py:188} INFO - [2026-04-16T03:35:33.381+0000] {dagbag.py:538} INFO - Filling up the DagBag from /home/airflow/.local/lib/python3.8/site-packages/airflow/example_dags/example_xcom.py
[2026-04-16T03:35:33.389+0000] {processor.py:840} INFO - DAG(s) 'example_xcom' retrieved from /home/airflow/.local/lib/python3.8/site-packages/airflow/example_dags/example_xcom.py
[2026-04-16T03:35:33.411+0000] {logging_mixin.py:188} INFO - [2026-04-16T03:35:33.411+0000] {dag.py:3036} INFO - Sync 1 DAGs
[2026-04-16T03:35:33.431+0000] {logging_mixin.py:188} INFO - [2026-04-16T03:35:33.430+0000] {dag.py:3823} INFO - Setting next_dagrun for example_xcom to 2021-01-01 00:00:00+00:00, run_after=2021-01-01 00:00:00+00:00
[2026-04-16T03:35:33.452+0000] {processor.py:183} INFO - Processing /home/airflow/.local/lib/python3.8/site-packages/airflow/example_dags/example_xcom.py took 0.078 seconds
[2026-04-16T03:36:03.583+0000] {processor.py:161} INFO - Started process (PID=72664) to work on /home/airflow/.local/lib/python3.8/site-packages/airflow/example_dags/example_xcom.py
[2026-04-16T03:36:03.585+0000] {processor.py:830} INFO - Processing file /home/airflow/.local/lib/python3.8/site-packages/airflow/example_dags/example_xcom.py for tasks to queue
[2026-04-16T03:36:03.587+0000] {logging_mixin.py:188} INFO - [2026-04-16T03:36:03.586+0000] {dagbag.py:538} INFO - Filling up the DagBag from /home/airflow/.local/lib/python3.8/site-packages/airflow/example_dags/example_xcom.py
[2026-04-16T03:36:03.595+0000] {processor.py:840} INFO - DAG(s) 'example_xcom' retrieved from /home/airflow/.local/lib/python3.8/site-packages/airflow/example_dags/example_xcom.py
[2026-04-16T03:36:03.621+0000] {logging_mixin.py:188} INFO - [2026-04-16T03:36:03.621+0000] {dag.py:3036} INFO - Sync 1 DAGs
[2026-04-16T03:36:03.646+0000] {logging_mixin.py:188} INFO - [2026-04-16T03:36:03.645+0000] {dag.py:3823} INFO - Setting next_dagrun for example_xcom to 2021-01-01 00:00:00+00:00, run_after=2021-01-01 00:00:00+00:00
[2026-04-16T03:36:03.670+0000] {processor.py:183} INFO - Processing /home/airflow/.local/lib/python3.8/site-packages/airflow/example_dags/example_xcom.py took 0.090 seconds
[2026-04-16T03:36:34.091+0000] {processor.py:161} INFO - Started process (PID=72721) to work on /home/airflow/.local/lib/python3.8/site-packages/airflow/example_dags/example_xcom.py
[2026-04-16T03:36:34.092+0000] {processor.py:830} INFO - Processing file /home/airflow/.local/lib/python3.8/site-packages/airflow/example_dags/example_xcom.py for tasks to queue
[2026-04-16T03:36:34.095+0000] {logging_mixin.py:188} INFO - [2026-04-16T03:36:34.095+0000] {dagbag.py:538} INFO - Filling up the DagBag from /home/airflow/.local/lib/python3.8/site-packages/airflow/example_dags/example_xcom.py
[2026-04-16T03:36:34.106+0000] {processor.py:840} INFO - DAG(s) 'example_xcom' retrieved from /home/airflow/.local/lib/python3.8/site-packages/airflow/example_dags/example_xcom.py
[2026-04-16T03:36:34.137+0000] {logging_mixin.py:188} INFO - [2026-04-16T03:36:34.137+0000] {dag.py:3036} INFO - Sync 1 DAGs
[2026-04-16T03:36:34.165+0000] {logging_mixin.py:188} INFO - [2026-04-16T03:36:34.165+0000] {dag.py:3823} INFO - Setting next_dagrun for example_xcom to 2021-01-01 00:00:00+00:00, run_after=2021-01-01 00:00:00+00:00
[2026-04-16T03:36:34.186+0000] {processor.py:183} INFO - Processing /home/airflow/.local/lib/python3.8/site-packages/airflow/example_dags/example_xcom.py took 0.099 seconds
[2026-04-16T03:37:04.463+0000] {processor.py:161} INFO - Started process (PID=72778) to work on /home/airflow/.local/lib/python3.8/site-packages/airflow/example_dags/example_xcom.py
[2026-04-16T03:37:04.465+0000] {processor.py:830} INFO - Processing file /home/airflow/.local/lib/python3.8/site-packages/airflow/example_dags/example_xcom.py for tasks to queue
[2026-04-16T03:37:04.467+0000] {logging_mixin.py:188} INFO - [2026-04-16T03:37:04.467+0000] {dagbag.py:538} INFO - Filling up the DagBag from /home/airflow/.local/lib/python3.8/site-packages/airflow/example_dags/example_xcom.py
[2026-04-16T03:37:04.474+0000] {processor.py:840} INFO - DAG(s) 'example_xcom' retrieved from /home/airflow/.local/lib/python3.8/site-packages/airflow/example_dags/example_xcom.py
[2026-04-16T03:37:04.498+0000] {logging_mixin.py:188} INFO - [2026-04-16T03:37:04.497+0000] {dag.py:3036} INFO - Sync 1 DAGs
[2026-04-16T03:37:04.520+0000] {logging_mixin.py:188} INFO - [2026-04-16T03:37:04.520+0000] {dag.py:3823} INFO - Setting next_dagrun for example_xcom to 2021-01-01 00:00:00+00:00, run_after=2021-01-01 00:00:00+00:00
[2026-04-16T03:37:04.542+0000] {processor.py:183} INFO - Processing /home/airflow/.local/lib/python3.8/site-packages/airflow/example_dags/example_xcom.py took 0.082 seconds
[2026-04-16T03:37:35.151+0000] {processor.py:161} INFO - Started process (PID=72835) to work on /home/airflow/.local/lib/python3.8/site-packages/airflow/example_dags/example_xcom.py
[2026-04-16T03:37:35.153+0000] {processor.py:830} INFO - Processing file /home/airflow/.local/lib/python3.8/site-packages/airflow/example_dags/example_xcom.py for tasks to queue
[2026-04-16T03:37:35.155+0000] {logging_mixin.py:188} INFO - [2026-04-16T03:37:35.154+0000] {dagbag.py:538} INFO - Filling up the DagBag from /home/airflow/.local/lib/python3.8/site-packages/airflow/example_dags/example_xcom.py
[2026-04-16T03:37:35.162+0000] {processor.py:840} INFO - DAG(s) 'example_xcom' retrieved from /home/airflow/.local/lib/python3.8/site-packages/airflow/example_dags/example_xcom.py
[2026-04-16T03:37:35.186+0000] {logging_mixin.py:188} INFO - [2026-04-16T03:37:35.186+0000] {dag.py:3036} INFO - Sync 1 DAGs
[2026-04-16T03:37:35.206+0000] {logging_mixin.py:188} INFO - [2026-04-16T03:37:35.206+0000] {dag.py:3823} INFO - Setting next_dagrun for example_xcom to 2021-01-01 00:00:00+00:00, run_after=2021-01-01 00:00:00+00:00
[2026-04-16T03:37:35.229+0000] {processor.py:183} INFO - Processing /home/airflow/.local/lib/python3.8/site-packages/airflow/example_dags/example_xcom.py took 0.081 seconds
[2026-04-16T03:38:05.494+0000] {processor.py:161} INFO - Started process (PID=72892) to work on /home/airflow/.local/lib/python3.8/site-packages/airflow/example_dags/example_xcom.py
[2026-04-16T03:38:05.496+0000] {processor.py:830} INFO - Processing file /home/airflow/.local/lib/python3.8/site-packages/airflow/example_dags/example_xcom.py for tasks to queue
[2026-04-16T03:38:05.498+0000] {logging_mixin.py:188} INFO - [2026-04-16T03:38:05.498+0000] {dagbag.py:538} INFO - Filling up the DagBag from /home/airflow/.local/lib/python3.8/site-packages/airflow/example_dags/example_xcom.py
[2026-04-16T03:38:05.506+0000] {processor.py:840} INFO - DAG(s) 'example_xcom' retrieved from /home/airflow/.local/lib/python3.8/site-packages/airflow/example_dags/example_xcom.py
[2026-04-16T03:38:05.529+0000] {logging_mixin.py:188} INFO - [2026-04-16T03:38:05.528+0000] {dag.py:3036} INFO - Sync 1 DAGs
[2026-04-16T03:38:05.551+0000] {logging_mixin.py:188} INFO - [2026-04-16T03:38:05.551+0000] {dag.py:3823} INFO - Setting next_dagrun for example_xcom to 2021-01-01 00:00:00+00:00, run_after=2021-01-01 00:00:00+00:00
[2026-04-16T03:38:05.574+0000] {processor.py:183} INFO - Processing /home/airflow/.local/lib/python3.8/site-packages/airflow/example_dags/example_xcom.py took 0.082 seconds
[2026-04-16T03:38:35.765+0000] {processor.py:161} INFO - Started process (PID=72949) to work on /home/airflow/.local/lib/python3.8/site-packages/airflow/example_dags/example_xcom.py
[2026-04-16T03:38:35.766+0000] {processor.py:830} INFO - Processing file /home/airflow/.local/lib/python3.8/site-packages/airflow/example_dags/example_xcom.py for tasks to queue
[2026-04-16T03:38:35.768+0000] {logging_mixin.py:188} INFO - [2026-04-16T03:38:35.768+0000] {dagbag.py:538} INFO - Filling up the DagBag from /home/airflow/.local/lib/python3.8/site-packages/airflow/example_dags/example_xcom.py
[2026-04-16T03:38:35.776+0000] {processor.py:840} INFO - DAG(s) 'example_xcom' retrieved from /home/airflow/.local/lib/python3.8/site-packages/airflow/example_dags/example_xcom.py
[2026-04-16T03:38:35.802+0000] {logging_mixin.py:188} INFO - [2026-04-16T03:38:35.801+0000] {dag.py:3036} INFO - Sync 1 DAGs
[2026-04-16T03:38:35.824+0000] {logging_mixin.py:188} INFO - [2026-04-16T03:38:35.824+0000] {dag.py:3823} INFO - Setting next_dagrun for example_xcom to 2021-01-01 00:00:00+00:00, run_after=2021-01-01 00:00:00+00:00
[2026-04-16T03:38:35.847+0000] {processor.py:183} INFO - Processing /home/airflow/.local/lib/python3.8/site-packages/airflow/example_dags/example_xcom.py took 0.086 seconds
[2026-04-16T03:39:06.279+0000] {processor.py:161} INFO - Started process (PID=73006) to work on /home/airflow/.local/lib/python3.8/site-packages/airflow/example_dags/example_xcom.py
[2026-04-16T03:39:06.281+0000] {processor.py:830} INFO - Processing file /home/airflow/.local/lib/python3.8/site-packages/airflow/example_dags/example_xcom.py for tasks to queue
[2026-04-16T03:39:06.284+0000] {logging_mixin.py:188} INFO - [2026-04-16T03:39:06.283+0000] {dagbag.py:538} INFO - Filling up the DagBag from /home/airflow/.local/lib/python3.8/site-packages/airflow/example_dags/example_xcom.py
[2026-04-16T03:39:06.291+0000] {processor.py:840} INFO - DAG(s) 'example_xcom' retrieved from /home/airflow/.local/lib/python3.8/site-packages/airflow/example_dags/example_xcom.py
[2026-04-16T03:39:06.315+0000] {logging_mixin.py:188} INFO - [2026-04-16T03:39:06.315+0000] {dag.py:3036} INFO - Sync 1 DAGs
[2026-04-16T03:39:06.337+0000] {logging_mixin.py:188} INFO - [2026-04-16T03:39:06.337+0000] {dag.py:3823} INFO - Setting next_dagrun for example_xcom to 2021-01-01 00:00:00+00:00, run_after=2021-01-01 00:00:00+00:00
[2026-04-16T03:39:06.360+0000] {processor.py:183} INFO - Processing /home/airflow/.local/lib/python3.8/site-packages/airflow/example_dags/example_xcom.py took 0.084 seconds
[2026-04-16T03:39:36.700+0000] {processor.py:161} INFO - Started process (PID=73063) to work on /home/airflow/.local/lib/python3.8/site-packages/airflow/example_dags/example_xcom.py
[2026-04-16T03:39:36.702+0000] {processor.py:830} INFO - Processing file /home/airflow/.local/lib/python3.8/site-packages/airflow/example_dags/example_xcom.py for tasks to queue
[2026-04-16T03:39:36.704+0000] {logging_mixin.py:188} INFO - [2026-04-16T03:39:36.704+0000] {dagbag.py:538} INFO - Filling up the DagBag from /home/airflow/.local/lib/python3.8/site-packages/airflow/example_dags/example_xcom.py
[2026-04-16T03:39:36.712+0000] {processor.py:840} INFO - DAG(s) 'example_xcom' retrieved from /home/airflow/.local/lib/python3.8/site-packages/airflow/example_dags/example_xcom.py
[2026-04-16T03:39:36.737+0000] {logging_mixin.py:188} INFO - [2026-04-16T03:39:36.737+0000] {dag.py:3036} INFO - Sync 1 DAGs
[2026-04-16T03:39:36.758+0000] {logging_mixin.py:188} INFO - [2026-04-16T03:39:36.758+0000] {dag.py:3823} INFO - Setting next_dagrun for example_xcom to 2021-01-01 00:00:00+00:00, run_after=2021-01-01 00:00:00+00:00
[2026-04-16T03:39:36.780+0000] {processor.py:183} INFO - Processing /home/airflow/.local/lib/python3.8/site-packages/airflow/example_dags/example_xcom.py took 0.083 seconds
[2026-04-16T03:40:07.476+0000] {processor.py:161} INFO - Started process (PID=73120) to work on /home/airflow/.local/lib/python3.8/site-packages/airflow/example_dags/example_xcom.py
[2026-04-16T03:40:07.477+0000] {processor.py:830} INFO - Processing file /home/airflow/.local/lib/python3.8/site-packages/airflow/example_dags/example_xcom.py for tasks to queue
[2026-04-16T03:40:07.480+0000] {logging_mixin.py:188} INFO - [2026-04-16T03:40:07.479+0000] {dagbag.py:538} INFO - Filling up the DagBag from /home/airflow/.local/lib/python3.8/site-packages/airflow/example_dags/example_xcom.py
[2026-04-16T03:40:07.487+0000] {processor.py:840} INFO - DAG(s) 'example_xcom' retrieved from /home/airflow/.local/lib/python3.8/site-packages/airflow/example_dags/example_xcom.py
[2026-04-16T03:40:07.509+0000] {logging_mixin.py:188} INFO - [2026-04-16T03:40:07.509+0000] {dag.py:3036} INFO - Sync 1 DAGs
[2026-04-16T03:40:07.535+0000] {logging_mixin.py:188} INFO - [2026-04-16T03:40:07.535+0000] {dag.py:3823} INFO - Setting next_dagrun for example_xcom to 2021-01-01 00:00:00+00:00, run_after=2021-01-01 00:00:00+00:00
[2026-04-16T03:40:07.561+0000] {processor.py:183} INFO - Processing /home/airflow/.local/lib/python3.8/site-packages/airflow/example_dags/example_xcom.py took 0.089 seconds
[2026-04-16T03:40:37.707+0000] {processor.py:161} INFO - Started process (PID=73177) to work on /home/airflow/.local/lib/python3.8/site-packages/airflow/example_dags/example_xcom.py
[2026-04-16T03:40:37.708+0000] {processor.py:830} INFO - Processing file /home/airflow/.local/lib/python3.8/site-packages/airflow/example_dags/example_xcom.py for tasks to queue
[2026-04-16T03:40:37.710+0000] {logging_mixin.py:188} INFO - [2026-04-16T03:40:37.710+0000] {dagbag.py:538} INFO - Filling up the DagBag from /home/airflow/.local/lib/python3.8/site-packages/airflow/example_dags/example_xcom.py
[2026-04-16T03:40:37.717+0000] {processor.py:840} INFO - DAG(s) 'example_xcom' retrieved from /home/airflow/.local/lib/python3.8/site-packages/airflow/example_dags/example_xcom.py
[2026-04-16T03:40:37.739+0000] {logging_mixin.py:188} INFO - [2026-04-16T03:40:37.739+0000] {dag.py:3036} INFO - Sync 1 DAGs
[2026-04-16T03:40:37.760+0000] {logging_mixin.py:188} INFO - [2026-04-16T03:40:37.759+0000] {dag.py:3823} INFO - Setting next_dagrun for example_xcom to 2021-01-01 00:00:00+00:00, run_after=2021-01-01 00:00:00+00:00
[2026-04-16T03:40:37.782+0000] {processor.py:183} INFO - Processing /home/airflow/.local/lib/python3.8/site-packages/airflow/example_dags/example_xcom.py took 0.079 seconds
[2026-04-16T03:41:08.339+0000] {processor.py:161} INFO - Started process (PID=73234) to work on /home/airflow/.local/lib/python3.8/site-packages/airflow/example_dags/example_xcom.py
[2026-04-16T03:41:08.340+0000] {processor.py:830} INFO - Processing file /home/airflow/.local/lib/python3.8/site-packages/airflow/example_dags/example_xcom.py for tasks to queue
[2026-04-16T03:41:08.342+0000] {logging_mixin.py:188} INFO - [2026-04-16T03:41:08.342+0000] {dagbag.py:538} INFO - Filling up the DagBag from /home/airflow/.local/lib/python3.8/site-packages/airflow/example_dags/example_xcom.py
[2026-04-16T03:41:08.349+0000] {processor.py:840} INFO - DAG(s) 'example_xcom' retrieved from /home/airflow/.local/lib/python3.8/site-packages/airflow/example_dags/example_xcom.py
[2026-04-16T03:41:08.372+0000] {logging_mixin.py:188} INFO - [2026-04-16T03:41:08.371+0000] {dag.py:3036} INFO - Sync 1 DAGs
[2026-04-16T03:41:08.391+0000] {logging_mixin.py:188} INFO - [2026-04-16T03:41:08.391+0000] {dag.py:3823} INFO - Setting next_dagrun for example_xcom to 2021-01-01 00:00:00+00:00, run_after=2021-01-01 00:00:00+00:00
[2026-04-16T03:41:08.413+0000] {processor.py:183} INFO - Processing /home/airflow/.local/lib/python3.8/site-packages/airflow/example_dags/example_xcom.py took 0.078 seconds
[2026-04-16T03:41:38.850+0000] {processor.py:161} INFO - Started process (PID=73291) to work on /home/airflow/.local/lib/python3.8/site-packages/airflow/example_dags/example_xcom.py
[2026-04-16T03:41:38.851+0000] {processor.py:830} INFO - Processing file /home/airflow/.local/lib/python3.8/site-packages/airflow/example_dags/example_xcom.py for tasks to queue
[2026-04-16T03:41:38.853+0000] {logging_mixin.py:188} INFO - [2026-04-16T03:41:38.853+0000] {dagbag.py:538} INFO - Filling up the DagBag from /home/airflow/.local/lib/python3.8/site-packages/airflow/example_dags/example_xcom.py
[2026-04-16T03:41:38.860+0000] {processor.py:840} INFO - DAG(s) 'example_xcom' retrieved from /home/airflow/.local/lib/python3.8/site-packages/airflow/example_dags/example_xcom.py
[2026-04-16T03:41:38.884+0000] {logging_mixin.py:188} INFO - [2026-04-16T03:41:38.883+0000] {dag.py:3036} INFO - Sync 1 DAGs
[2026-04-16T03:41:38.904+0000] {logging_mixin.py:188} INFO - [2026-04-16T03:41:38.903+0000] {dag.py:3823} INFO - Setting next_dagrun for example_xcom to 2021-01-01 00:00:00+00:00, run_after=2021-01-01 00:00:00+00:00
[2026-04-16T03:41:38.926+0000] {processor.py:183} INFO - Processing /home/airflow/.local/lib/python3.8/site-packages/airflow/example_dags/example_xcom.py took 0.080 seconds
[2026-04-16T03:42:09.414+0000] {processor.py:161} INFO - Started process (PID=73348) to work on /home/airflow/.local/lib/python3.8/site-packages/airflow/example_dags/example_xcom.py
[2026-04-16T03:42:09.415+0000] {processor.py:830} INFO - Processing file /home/airflow/.local/lib/python3.8/site-packages/airflow/example_dags/example_xcom.py for tasks to queue
[2026-04-16T03:42:09.417+0000] {logging_mixin.py:188} INFO - [2026-04-16T03:42:09.416+0000] {dagbag.py:538} INFO - Filling up the DagBag from /home/airflow/.local/lib/python3.8/site-packages/airflow/example_dags/example_xcom.py
[2026-04-16T03:42:09.425+0000] {processor.py:840} INFO - DAG(s) 'example_xcom' retrieved from /home/airflow/.local/lib/python3.8/site-packages/airflow/example_dags/example_xcom.py
[2026-04-16T03:42:09.450+0000] {logging_mixin.py:188} INFO - [2026-04-16T03:42:09.449+0000] {dag.py:3036} INFO - Sync 1 DAGs
[2026-04-16T03:42:09.474+0000] {logging_mixin.py:188} INFO - [2026-04-16T03:42:09.473+0000] {dag.py:3823} INFO - Setting next_dagrun for example_xcom to 2021-01-01 00:00:00+00:00, run_after=2021-01-01 00:00:00+00:00
[2026-04-16T03:42:09.499+0000] {processor.py:183} INFO - Processing /home/airflow/.local/lib/python3.8/site-packages/airflow/example_dags/example_xcom.py took 0.089 seconds
[2026-04-16T03:42:40.174+0000] {processor.py:161} INFO - Started process (PID=73405) to work on /home/airflow/.local/lib/python3.8/site-packages/airflow/example_dags/example_xcom.py
[2026-04-16T03:42:40.175+0000] {processor.py:830} INFO - Processing file /home/airflow/.local/lib/python3.8/site-packages/airflow/example_dags/example_xcom.py for tasks to queue
[2026-04-16T03:42:40.178+0000] {logging_mixin.py:188} INFO - [2026-04-16T03:42:40.177+0000] {dagbag.py:538} INFO - Filling up the DagBag from /home/airflow/.local/lib/python3.8/site-packages/airflow/example_dags/example_xcom.py
[2026-04-16T03:42:40.187+0000] {processor.py:840} INFO - DAG(s) 'example_xcom' retrieved from /home/airflow/.local/lib/python3.8/site-packages/airflow/example_dags/example_xcom.py
[2026-04-16T03:42:40.219+0000] {logging_mixin.py:188} INFO - [2026-04-16T03:42:40.219+0000] {dag.py:3036} INFO - Sync 1 DAGs
[2026-04-16T03:42:40.253+0000] {logging_mixin.py:188} INFO - [2026-04-16T03:42:40.253+0000] {dag.py:3823} INFO - Setting next_dagrun for example_xcom to 2021-01-01 00:00:00+00:00, run_after=2021-01-01 00:00:00+00:00
[2026-04-16T03:42:40.278+0000] {processor.py:183} INFO - Processing /home/airflow/.local/lib/python3.8/site-packages/airflow/example_dags/example_xcom.py took 0.107 seconds
[2026-04-16T03:43:10.445+0000] {processor.py:161} INFO - Started process (PID=73462) to work on /home/airflow/.local/lib/python3.8/site-packages/airflow/example_dags/example_xcom.py
[2026-04-16T03:43:10.447+0000] {processor.py:830} INFO - Processing file /home/airflow/.local/lib/python3.8/site-packages/airflow/example_dags/example_xcom.py for tasks to queue
[2026-04-16T03:43:10.450+0000] {logging_mixin.py:188} INFO - [2026-04-16T03:43:10.449+0000] {dagbag.py:538} INFO - Filling up the DagBag from /home/airflow/.local/lib/python3.8/site-packages/airflow/example_dags/example_xcom.py
[2026-04-16T03:43:10.459+0000] {processor.py:840} INFO - DAG(s) 'example_xcom' retrieved from /home/airflow/.local/lib/python3.8/site-packages/airflow/example_dags/example_xcom.py
[2026-04-16T03:43:10.486+0000] {logging_mixin.py:188} INFO - [2026-04-16T03:43:10.486+0000] {dag.py:3036} INFO - Sync 1 DAGs
[2026-04-16T03:43:10.513+0000] {logging_mixin.py:188} INFO - [2026-04-16T03:43:10.513+0000] {dag.py:3823} INFO - Setting next_dagrun for example_xcom to 2021-01-01 00:00:00+00:00, run_after=2021-01-01 00:00:00+00:00
[2026-04-16T03:43:10.542+0000] {processor.py:183} INFO - Processing /home/airflow/.local/lib/python3.8/site-packages/airflow/example_dags/example_xcom.py took 0.102 seconds
[2026-04-16T03:43:40.883+0000] {processor.py:161} INFO - Started process (PID=73519) to work on /home/airflow/.local/lib/python3.8/site-packages/airflow/example_dags/example_xcom.py
[2026-04-16T03:43:40.885+0000] {processor.py:830} INFO - Processing file /home/airflow/.local/lib/python3.8/site-packages/airflow/example_dags/example_xcom.py for tasks to queue
[2026-04-16T03:43:40.887+0000] {logging_mixin.py:188} INFO - [2026-04-16T03:43:40.887+0000] {dagbag.py:538} INFO - Filling up the DagBag from /home/airflow/.local/lib/python3.8/site-packages/airflow/example_dags/example_xcom.py
[2026-04-16T03:43:40.894+0000] {processor.py:840} INFO - DAG(s) 'example_xcom' retrieved from /home/airflow/.local/lib/python3.8/site-packages/airflow/example_dags/example_xcom.py
[2026-04-16T03:43:40.918+0000] {logging_mixin.py:188} INFO - [2026-04-16T03:43:40.918+0000] {dag.py:3036} INFO - Sync 1 DAGs
[2026-04-16T03:43:40.938+0000] {logging_mixin.py:188} INFO - [2026-04-16T03:43:40.938+0000] {dag.py:3823} INFO - Setting next_dagrun for example_xcom to 2021-01-01 00:00:00+00:00, run_after=2021-01-01 00:00:00+00:00
[2026-04-16T03:43:40.961+0000] {processor.py:183} INFO - Processing /home/airflow/.local/lib/python3.8/site-packages/airflow/example_dags/example_xcom.py took 0.082 seconds
[2026-04-16T03:44:11.473+0000] {processor.py:161} INFO - Started process (PID=73576) to work on /home/airflow/.local/lib/python3.8/site-packages/airflow/example_dags/example_xcom.py
[2026-04-16T03:44:11.474+0000] {processor.py:830} INFO - Processing file /home/airflow/.local/lib/python3.8/site-packages/airflow/example_dags/example_xcom.py for tasks to queue
[2026-04-16T03:44:11.477+0000] {logging_mixin.py:188} INFO - [2026-04-16T03:44:11.476+0000] {dagbag.py:538} INFO - Filling up the DagBag from /home/airflow/.local/lib/python3.8/site-packages/airflow/example_dags/example_xcom.py
[2026-04-16T03:44:11.484+0000] {processor.py:840} INFO - DAG(s) 'example_xcom' retrieved from /home/airflow/.local/lib/python3.8/site-packages/airflow/example_dags/example_xcom.py
[2026-04-16T03:44:11.509+0000] {logging_mixin.py:188} INFO - [2026-04-16T03:44:11.509+0000] {dag.py:3036} INFO - Sync 1 DAGs
[2026-04-16T03:44:11.531+0000] {logging_mixin.py:188} INFO - [2026-04-16T03:44:11.531+0000] {dag.py:3823} INFO - Setting next_dagrun for example_xcom to 2021-01-01 00:00:00+00:00, run_after=2021-01-01 00:00:00+00:00
[2026-04-16T03:44:11.554+0000] {processor.py:183} INFO - Processing /home/airflow/.local/lib/python3.8/site-packages/airflow/example_dags/example_xcom.py took 0.085 seconds
[2026-04-16T03:44:42.092+0000] {processor.py:161} INFO - Started process (PID=73633) to work on /home/airflow/.local/lib/python3.8/site-packages/airflow/example_dags/example_xcom.py
[2026-04-16T03:44:42.093+0000] {processor.py:830} INFO - Processing file /home/airflow/.local/lib/python3.8/site-packages/airflow/example_dags/example_xcom.py for tasks to queue
[2026-04-16T03:44:42.095+0000] {logging_mixin.py:188} INFO - [2026-04-16T03:44:42.095+0000] {dagbag.py:538} INFO - Filling up the DagBag from /home/airflow/.local/lib/python3.8/site-packages/airflow/example_dags/example_xcom.py
[2026-04-16T03:44:42.102+0000] {processor.py:840} INFO - DAG(s) 'example_xcom' retrieved from /home/airflow/.local/lib/python3.8/site-packages/airflow/example_dags/example_xcom.py
[2026-04-16T03:44:42.125+0000] {logging_mixin.py:188} INFO - [2026-04-16T03:44:42.125+0000] {dag.py:3036} INFO - Sync 1 DAGs
[2026-04-16T03:44:42.144+0000] {logging_mixin.py:188} INFO - [2026-04-16T03:44:42.144+0000] {dag.py:3823} INFO - Setting next_dagrun for example_xcom to 2021-01-01 00:00:00+00:00, run_after=2021-01-01 00:00:00+00:00
[2026-04-16T03:44:42.167+0000] {processor.py:183} INFO - Processing /home/airflow/.local/lib/python3.8/site-packages/airflow/example_dags/example_xcom.py took 0.079 seconds
[2026-04-16T03:45:12.355+0000] {processor.py:161} INFO - Started process (PID=73690) to work on /home/airflow/.local/lib/python3.8/site-packages/airflow/example_dags/example_xcom.py
[2026-04-16T03:45:12.357+0000] {processor.py:830} INFO - Processing file /home/airflow/.local/lib/python3.8/site-packages/airflow/example_dags/example_xcom.py for tasks to queue
[2026-04-16T03:45:12.358+0000] {logging_mixin.py:188} INFO - [2026-04-16T03:45:12.358+0000] {dagbag.py:538} INFO - Filling up the DagBag from /home/airflow/.local/lib/python3.8/site-packages/airflow/example_dags/example_xcom.py
[2026-04-16T03:45:12.366+0000] {processor.py:840} INFO - DAG(s) 'example_xcom' retrieved from /home/airflow/.local/lib/python3.8/site-packages/airflow/example_dags/example_xcom.py
[2026-04-16T03:45:12.389+0000] {logging_mixin.py:188} INFO - [2026-04-16T03:45:12.389+0000] {dag.py:3036} INFO - Sync 1 DAGs
[2026-04-16T03:45:12.409+0000] {logging_mixin.py:188} INFO - [2026-04-16T03:45:12.409+0000] {dag.py:3823} INFO - Setting next_dagrun for example_xcom to 2021-01-01 00:00:00+00:00, run_after=2021-01-01 00:00:00+00:00
[2026-04-16T03:45:12.432+0000] {processor.py:183} INFO - Processing /home/airflow/.local/lib/python3.8/site-packages/airflow/example_dags/example_xcom.py took 0.080 seconds
[2026-04-16T03:45:42.761+0000] {processor.py:161} INFO - Started process (PID=73747) to work on /home/airflow/.local/lib/python3.8/site-packages/airflow/example_dags/example_xcom.py
[2026-04-16T03:45:42.763+0000] {processor.py:830} INFO - Processing file /home/airflow/.local/lib/python3.8/site-packages/airflow/example_dags/example_xcom.py for tasks to queue
[2026-04-16T03:45:42.765+0000] {logging_mixin.py:188} INFO - [2026-04-16T03:45:42.765+0000] {dagbag.py:538} INFO - Filling up the DagBag from /home/airflow/.local/lib/python3.8/site-packages/airflow/example_dags/example_xcom.py
[2026-04-16T03:45:42.774+0000] {processor.py:840} INFO - DAG(s) 'example_xcom' retrieved from /home/airflow/.local/lib/python3.8/site-packages/airflow/example_dags/example_xcom.py
[2026-04-16T03:45:42.797+0000] {logging_mixin.py:188} INFO - [2026-04-16T03:45:42.796+0000] {dag.py:3036} INFO - Sync 1 DAGs
[2026-04-16T03:45:42.819+0000] {logging_mixin.py:188} INFO - [2026-04-16T03:45:42.819+0000] {dag.py:3823} INFO - Setting next_dagrun for example_xcom to 2021-01-01 00:00:00+00:00, run_after=2021-01-01 00:00:00+00:00
[2026-04-16T03:45:42.843+0000] {processor.py:183} INFO - Processing /home/airflow/.local/lib/python3.8/site-packages/airflow/example_dags/example_xcom.py took 0.085 seconds
[2026-04-16T03:46:13.215+0000] {processor.py:161} INFO - Started process (PID=73804) to work on /home/airflow/.local/lib/python3.8/site-packages/airflow/example_dags/example_xcom.py
[2026-04-16T03:46:13.217+0000] {processor.py:830} INFO - Processing file /home/airflow/.local/lib/python3.8/site-packages/airflow/example_dags/example_xcom.py for tasks to queue
[2026-04-16T03:46:13.219+0000] {logging_mixin.py:188} INFO - [2026-04-16T03:46:13.219+0000] {dagbag.py:538} INFO - Filling up the DagBag from /home/airflow/.local/lib/python3.8/site-packages/airflow/example_dags/example_xcom.py
[2026-04-16T03:46:13.226+0000] {processor.py:840} INFO - DAG(s) 'example_xcom' retrieved from /home/airflow/.local/lib/python3.8/site-packages/airflow/example_dags/example_xcom.py
[2026-04-16T03:46:13.251+0000] {logging_mixin.py:188} INFO - [2026-04-16T03:46:13.250+0000] {dag.py:3036} INFO - Sync 1 DAGs
[2026-04-16T03:46:13.270+0000] {logging_mixin.py:188} INFO - [2026-04-16T03:46:13.270+0000] {dag.py:3823} INFO - Setting next_dagrun for example_xcom to 2021-01-01 00:00:00+00:00, run_after=2021-01-01 00:00:00+00:00
[2026-04-16T03:46:13.294+0000] {processor.py:183} INFO - Processing /home/airflow/.local/lib/python3.8/site-packages/airflow/example_dags/example_xcom.py took 0.081 seconds
[2026-04-16T03:46:43.649+0000] {processor.py:161} INFO - Started process (PID=73861) to work on /home/airflow/.local/lib/python3.8/site-packages/airflow/example_dags/example_xcom.py
[2026-04-16T03:46:43.650+0000] {processor.py:830} INFO - Processing file /home/airflow/.local/lib/python3.8/site-packages/airflow/example_dags/example_xcom.py for tasks to queue
[2026-04-16T03:46:43.652+0000] {logging_mixin.py:188} INFO - [2026-04-16T03:46:43.652+0000] {dagbag.py:538} INFO - Filling up the DagBag from /home/airflow/.local/lib/python3.8/site-packages/airflow/example_dags/example_xcom.py
[2026-04-16T03:46:43.659+0000] {processor.py:840} INFO - DAG(s) 'example_xcom' retrieved from /home/airflow/.local/lib/python3.8/site-packages/airflow/example_dags/example_xcom.py
[2026-04-16T03:46:43.684+0000] {logging_mixin.py:188} INFO - [2026-04-16T03:46:43.684+0000] {dag.py:3036} INFO - Sync 1 DAGs
[2026-04-16T03:46:43.708+0000] {logging_mixin.py:188} INFO - [2026-04-16T03:46:43.707+0000] {dag.py:3823} INFO - Setting next_dagrun for example_xcom to 2021-01-01 00:00:00+00:00, run_after=2021-01-01 00:00:00+00:00
[2026-04-16T03:46:43.734+0000] {processor.py:183} INFO - Processing /home/airflow/.local/lib/python3.8/site-packages/airflow/example_dags/example_xcom.py took 0.089 seconds
[2026-04-16T03:47:14.110+0000] {processor.py:161} INFO - Started process (PID=73918) to work on /home/airflow/.local/lib/python3.8/site-packages/airflow/example_dags/example_xcom.py
[2026-04-16T03:47:14.111+0000] {processor.py:830} INFO - Processing file /home/airflow/.local/lib/python3.8/site-packages/airflow/example_dags/example_xcom.py for tasks to queue
[2026-04-16T03:47:14.113+0000] {logging_mixin.py:188} INFO - [2026-04-16T03:47:14.113+0000] {dagbag.py:538} INFO - Filling up the DagBag from /home/airflow/.local/lib/python3.8/site-packages/airflow/example_dags/example_xcom.py
[2026-04-16T03:47:14.121+0000] {processor.py:840} INFO - DAG(s) 'example_xcom' retrieved from /home/airflow/.local/lib/python3.8/site-packages/airflow/example_dags/example_xcom.py
[2026-04-16T03:47:14.143+0000] {logging_mixin.py:188} INFO - [2026-04-16T03:47:14.143+0000] {dag.py:3036} INFO - Sync 1 DAGs
[2026-04-16T03:47:14.164+0000] {logging_mixin.py:188} INFO - [2026-04-16T03:47:14.164+0000] {dag.py:3823} INFO - Setting next_dagrun for example_xcom to 2021-01-01 00:00:00+00:00, run_after=2021-01-01 00:00:00+00:00
[2026-04-16T03:47:14.188+0000] {processor.py:183} INFO - Processing /home/airflow/.local/lib/python3.8/site-packages/airflow/example_dags/example_xcom.py took 0.082 seconds
[2026-04-16T03:47:44.366+0000] {processor.py:161} INFO - Started process (PID=73975) to work on /home/airflow/.local/lib/python3.8/site-packages/airflow/example_dags/example_xcom.py
[2026-04-16T03:47:44.367+0000] {processor.py:830} INFO - Processing file /home/airflow/.local/lib/python3.8/site-packages/airflow/example_dags/example_xcom.py for tasks to queue
[2026-04-16T03:47:44.370+0000] {logging_mixin.py:188} INFO - [2026-04-16T03:47:44.369+0000] {dagbag.py:538} INFO - Filling up the DagBag from /home/airflow/.local/lib/python3.8/site-packages/airflow/example_dags/example_xcom.py
[2026-04-16T03:47:44.379+0000] {processor.py:840} INFO - DAG(s) 'example_xcom' retrieved from /home/airflow/.local/lib/python3.8/site-packages/airflow/example_dags/example_xcom.py
[2026-04-16T03:47:44.400+0000] {logging_mixin.py:188} INFO - [2026-04-16T03:47:44.400+0000] {dag.py:3036} INFO - Sync 1 DAGs
[2026-04-16T03:47:44.420+0000] {logging_mixin.py:188} INFO - [2026-04-16T03:47:44.419+0000] {dag.py:3823} INFO - Setting next_dagrun for example_xcom to 2021-01-01 00:00:00+00:00, run_after=2021-01-01 00:00:00+00:00
[2026-04-16T03:47:44.443+0000] {processor.py:183} INFO - Processing /home/airflow/.local/lib/python3.8/site-packages/airflow/example_dags/example_xcom.py took 0.082 seconds
[2026-04-16T03:48:14.955+0000] {processor.py:161} INFO - Started process (PID=74032) to work on /home/airflow/.local/lib/python3.8/site-packages/airflow/example_dags/example_xcom.py
[2026-04-16T03:48:14.957+0000] {processor.py:830} INFO - Processing file /home/airflow/.local/lib/python3.8/site-packages/airflow/example_dags/example_xcom.py for tasks to queue
[2026-04-16T03:48:14.959+0000] {logging_mixin.py:188} INFO - [2026-04-16T03:48:14.959+0000] {dagbag.py:538} INFO - Filling up the DagBag from /home/airflow/.local/lib/python3.8/site-packages/airflow/example_dags/example_xcom.py
[2026-04-16T03:48:14.967+0000] {processor.py:840} INFO - DAG(s) 'example_xcom' retrieved from /home/airflow/.local/lib/python3.8/site-packages/airflow/example_dags/example_xcom.py
[2026-04-16T03:48:14.991+0000] {logging_mixin.py:188} INFO - [2026-04-16T03:48:14.990+0000] {dag.py:3036} INFO - Sync 1 DAGs
[2026-04-16T03:48:15.011+0000] {logging_mixin.py:188} INFO - [2026-04-16T03:48:15.011+0000] {dag.py:3823} INFO - Setting next_dagrun for example_xcom to 2021-01-01 00:00:00+00:00, run_after=2021-01-01 00:00:00+00:00
[2026-04-16T03:48:15.033+0000] {processor.py:183} INFO - Processing /home/airflow/.local/lib/python3.8/site-packages/airflow/example_dags/example_xcom.py took 0.081 seconds
[2026-04-16T03:48:45.505+0000] {processor.py:161} INFO - Started process (PID=74089) to work on /home/airflow/.local/lib/python3.8/site-packages/airflow/example_dags/example_xcom.py
[2026-04-16T03:48:45.507+0000] {processor.py:830} INFO - Processing file /home/airflow/.local/lib/python3.8/site-packages/airflow/example_dags/example_xcom.py for tasks to queue
[2026-04-16T03:48:45.509+0000] {logging_mixin.py:188} INFO - [2026-04-16T03:48:45.509+0000] {dagbag.py:538} INFO - Filling up the DagBag from /home/airflow/.local/lib/python3.8/site-packages/airflow/example_dags/example_xcom.py
[2026-04-16T03:48:45.517+0000] {processor.py:840} INFO - DAG(s) 'example_xcom' retrieved from /home/airflow/.local/lib/python3.8/site-packages/airflow/example_dags/example_xcom.py
[2026-04-16T03:48:45.539+0000] {logging_mixin.py:188} INFO - [2026-04-16T03:48:45.539+0000] {dag.py:3036} INFO - Sync 1 DAGs
[2026-04-16T03:48:45.560+0000] {logging_mixin.py:188} INFO - [2026-04-16T03:48:45.559+0000] {dag.py:3823} INFO - Setting next_dagrun for example_xcom to 2021-01-01 00:00:00+00:00, run_after=2021-01-01 00:00:00+00:00
[2026-04-16T03:48:45.581+0000] {processor.py:183} INFO - Processing /home/airflow/.local/lib/python3.8/site-packages/airflow/example_dags/example_xcom.py took 0.081 seconds
[2026-04-16T03:49:15.967+0000] {processor.py:161} INFO - Started process (PID=74146) to work on /home/airflow/.local/lib/python3.8/site-packages/airflow/example_dags/example_xcom.py
[2026-04-16T03:49:15.969+0000] {processor.py:830} INFO - Processing file /home/airflow/.local/lib/python3.8/site-packages/airflow/example_dags/example_xcom.py for tasks to queue
[2026-04-16T03:49:15.977+0000] {logging_mixin.py:188} INFO - [2026-04-16T03:49:15.976+0000] {dagbag.py:538} INFO - Filling up the DagBag from /home/airflow/.local/lib/python3.8/site-packages/airflow/example_dags/example_xcom.py
[2026-04-16T03:49:15.991+0000] {processor.py:840} INFO - DAG(s) 'example_xcom' retrieved from /home/airflow/.local/lib/python3.8/site-packages/airflow/example_dags/example_xcom.py
[2026-04-16T03:49:16.025+0000] {logging_mixin.py:188} INFO - [2026-04-16T03:49:16.025+0000] {dag.py:3036} INFO - Sync 1 DAGs
[2026-04-16T03:49:16.061+0000] {logging_mixin.py:188} INFO - [2026-04-16T03:49:16.060+0000] {dag.py:3823} INFO - Setting next_dagrun for example_xcom to 2021-01-01 00:00:00+00:00, run_after=2021-01-01 00:00:00+00:00
[2026-04-16T03:49:16.097+0000] {processor.py:183} INFO - Processing /home/airflow/.local/lib/python3.8/site-packages/airflow/example_dags/example_xcom.py took 0.136 seconds
[2026-04-16T03:49:46.458+0000] {processor.py:161} INFO - Started process (PID=74203) to work on /home/airflow/.local/lib/python3.8/site-packages/airflow/example_dags/example_xcom.py
[2026-04-16T03:49:46.459+0000] {processor.py:830} INFO - Processing file /home/airflow/.local/lib/python3.8/site-packages/airflow/example_dags/example_xcom.py for tasks to queue
[2026-04-16T03:49:46.461+0000] {logging_mixin.py:188} INFO - [2026-04-16T03:49:46.461+0000] {dagbag.py:538} INFO - Filling up the DagBag from /home/airflow/.local/lib/python3.8/site-packages/airflow/example_dags/example_xcom.py
[2026-04-16T03:49:46.469+0000] {processor.py:840} INFO - DAG(s) 'example_xcom' retrieved from /home/airflow/.local/lib/python3.8/site-packages/airflow/example_dags/example_xcom.py
[2026-04-16T03:49:46.491+0000] {logging_mixin.py:188} INFO - [2026-04-16T03:49:46.491+0000] {dag.py:3036} INFO - Sync 1 DAGs
[2026-04-16T03:49:46.511+0000] {logging_mixin.py:188} INFO - [2026-04-16T03:49:46.511+0000] {dag.py:3823} INFO - Setting next_dagrun for example_xcom to 2021-01-01 00:00:00+00:00, run_after=2021-01-01 00:00:00+00:00
[2026-04-16T03:49:46.534+0000] {processor.py:183} INFO - Processing /home/airflow/.local/lib/python3.8/site-packages/airflow/example_dags/example_xcom.py took 0.079 seconds
[2026-04-16T03:50:16.898+0000] {processor.py:161} INFO - Started process (PID=74266) to work on /home/airflow/.local/lib/python3.8/site-packages/airflow/example_dags/example_xcom.py
[2026-04-16T03:50:16.899+0000] {processor.py:830} INFO - Processing file /home/airflow/.local/lib/python3.8/site-packages/airflow/example_dags/example_xcom.py for tasks to queue
[2026-04-16T03:50:16.902+0000] {logging_mixin.py:188} INFO - [2026-04-16T03:50:16.901+0000] {dagbag.py:538} INFO - Filling up the DagBag from /home/airflow/.local/lib/python3.8/site-packages/airflow/example_dags/example_xcom.py
[2026-04-16T03:50:16.912+0000] {processor.py:840} INFO - DAG(s) 'example_xcom' retrieved from /home/airflow/.local/lib/python3.8/site-packages/airflow/example_dags/example_xcom.py
[2026-04-16T03:50:16.940+0000] {logging_mixin.py:188} INFO - [2026-04-16T03:50:16.940+0000] {dag.py:3036} INFO - Sync 1 DAGs
[2026-04-16T03:50:16.977+0000] {logging_mixin.py:188} INFO - [2026-04-16T03:50:16.976+0000] {dag.py:3823} INFO - Setting next_dagrun for example_xcom to 2021-01-01 00:00:00+00:00, run_after=2021-01-01 00:00:00+00:00
[2026-04-16T03:50:17.003+0000] {processor.py:183} INFO - Processing /home/airflow/.local/lib/python3.8/site-packages/airflow/example_dags/example_xcom.py took 0.109 seconds
[2026-04-16T03:50:47.320+0000] {processor.py:161} INFO - Started process (PID=74323) to work on /home/airflow/.local/lib/python3.8/site-packages/airflow/example_dags/example_xcom.py
[2026-04-16T03:50:47.321+0000] {processor.py:830} INFO - Processing file /home/airflow/.local/lib/python3.8/site-packages/airflow/example_dags/example_xcom.py for tasks to queue
[2026-04-16T03:50:47.323+0000] {logging_mixin.py:188} INFO - [2026-04-16T03:50:47.323+0000] {dagbag.py:538} INFO - Filling up the DagBag from /home/airflow/.local/lib/python3.8/site-packages/airflow/example_dags/example_xcom.py
[2026-04-16T03:50:47.330+0000] {processor.py:840} INFO - DAG(s) 'example_xcom' retrieved from /home/airflow/.local/lib/python3.8/site-packages/airflow/example_dags/example_xcom.py
[2026-04-16T03:50:47.353+0000] {logging_mixin.py:188} INFO - [2026-04-16T03:50:47.353+0000] {dag.py:3036} INFO - Sync 1 DAGs
[2026-04-16T03:50:47.373+0000] {logging_mixin.py:188} INFO - [2026-04-16T03:50:47.373+0000] {dag.py:3823} INFO - Setting next_dagrun for example_xcom to 2021-01-01 00:00:00+00:00, run_after=2021-01-01 00:00:00+00:00
[2026-04-16T03:50:47.396+0000] {processor.py:183} INFO - Processing /home/airflow/.local/lib/python3.8/site-packages/airflow/example_dags/example_xcom.py took 0.080 seconds
[2026-04-16T03:51:17.857+0000] {processor.py:161} INFO - Started process (PID=74380) to work on /home/airflow/.local/lib/python3.8/site-packages/airflow/example_dags/example_xcom.py
[2026-04-16T03:51:17.858+0000] {processor.py:830} INFO - Processing file /home/airflow/.local/lib/python3.8/site-packages/airflow/example_dags/example_xcom.py for tasks to queue
[2026-04-16T03:51:17.860+0000] {logging_mixin.py:188} INFO - [2026-04-16T03:51:17.860+0000] {dagbag.py:538} INFO - Filling up the DagBag from /home/airflow/.local/lib/python3.8/site-packages/airflow/example_dags/example_xcom.py
[2026-04-16T03:51:17.868+0000] {processor.py:840} INFO - DAG(s) 'example_xcom' retrieved from /home/airflow/.local/lib/python3.8/site-packages/airflow/example_dags/example_xcom.py
[2026-04-16T03:51:17.890+0000] {logging_mixin.py:188} INFO - [2026-04-16T03:51:17.890+0000] {dag.py:3036} INFO - Sync 1 DAGs
[2026-04-16T03:51:17.910+0000] {logging_mixin.py:188} INFO - [2026-04-16T03:51:17.910+0000] {dag.py:3823} INFO - Setting next_dagrun for example_xcom to 2021-01-01 00:00:00+00:00, run_after=2021-01-01 00:00:00+00:00
[2026-04-16T03:51:17.932+0000] {processor.py:183} INFO - Processing /home/airflow/.local/lib/python3.8/site-packages/airflow/example_dags/example_xcom.py took 0.079 seconds
[2026-04-16T03:51:48.285+0000] {processor.py:161} INFO - Started process (PID=74437) to work on /home/airflow/.local/lib/python3.8/site-packages/airflow/example_dags/example_xcom.py
[2026-04-16T03:51:48.286+0000] {processor.py:830} INFO - Processing file /home/airflow/.local/lib/python3.8/site-packages/airflow/example_dags/example_xcom.py for tasks to queue
[2026-04-16T03:51:48.288+0000] {logging_mixin.py:188} INFO - [2026-04-16T03:51:48.288+0000] {dagbag.py:538} INFO - Filling up the DagBag from /home/airflow/.local/lib/python3.8/site-packages/airflow/example_dags/example_xcom.py
[2026-04-16T03:51:48.295+0000] {processor.py:840} INFO - DAG(s) 'example_xcom' retrieved from /home/airflow/.local/lib/python3.8/site-packages/airflow/example_dags/example_xcom.py
[2026-04-16T03:51:48.318+0000] {logging_mixin.py:188} INFO - [2026-04-16T03:51:48.318+0000] {dag.py:3036} INFO - Sync 1 DAGs
[2026-04-16T03:51:48.338+0000] {logging_mixin.py:188} INFO - [2026-04-16T03:51:48.338+0000] {dag.py:3823} INFO - Setting next_dagrun for example_xcom to 2021-01-01 00:00:00+00:00, run_after=2021-01-01 00:00:00+00:00
[2026-04-16T03:51:48.360+0000] {processor.py:183} INFO - Processing /home/airflow/.local/lib/python3.8/site-packages/airflow/example_dags/example_xcom.py took 0.078 seconds
[2026-04-16T03:52:18.910+0000] {processor.py:161} INFO - Started process (PID=74494) to work on /home/airflow/.local/lib/python3.8/site-packages/airflow/example_dags/example_xcom.py
[2026-04-16T03:52:18.911+0000] {processor.py:830} INFO - Processing file /home/airflow/.local/lib/python3.8/site-packages/airflow/example_dags/example_xcom.py for tasks to queue
[2026-04-16T03:52:18.913+0000] {logging_mixin.py:188} INFO - [2026-04-16T03:52:18.913+0000] {dagbag.py:538} INFO - Filling up the DagBag from /home/airflow/.local/lib/python3.8/site-packages/airflow/example_dags/example_xcom.py
[2026-04-16T03:52:18.921+0000] {processor.py:840} INFO - DAG(s) 'example_xcom' retrieved from /home/airflow/.local/lib/python3.8/site-packages/airflow/example_dags/example_xcom.py
[2026-04-16T03:52:18.945+0000] {logging_mixin.py:188} INFO - [2026-04-16T03:52:18.945+0000] {dag.py:3036} INFO - Sync 1 DAGs
[2026-04-16T03:52:18.967+0000] {logging_mixin.py:188} INFO - [2026-04-16T03:52:18.967+0000] {dag.py:3823} INFO - Setting next_dagrun for example_xcom to 2021-01-01 00:00:00+00:00, run_after=2021-01-01 00:00:00+00:00
[2026-04-16T03:52:18.991+0000] {processor.py:183} INFO - Processing /home/airflow/.local/lib/python3.8/site-packages/airflow/example_dags/example_xcom.py took 0.084 seconds
[2026-04-16T03:52:49.174+0000] {processor.py:161} INFO - Started process (PID=74551) to work on /home/airflow/.local/lib/python3.8/site-packages/airflow/example_dags/example_xcom.py
[2026-04-16T03:52:49.175+0000] {processor.py:830} INFO - Processing file /home/airflow/.local/lib/python3.8/site-packages/airflow/example_dags/example_xcom.py for tasks to queue
[2026-04-16T03:52:49.178+0000] {logging_mixin.py:188} INFO - [2026-04-16T03:52:49.177+0000] {dagbag.py:538} INFO - Filling up the DagBag from /home/airflow/.local/lib/python3.8/site-packages/airflow/example_dags/example_xcom.py
[2026-04-16T03:52:49.186+0000] {processor.py:840} INFO - DAG(s) 'example_xcom' retrieved from /home/airflow/.local/lib/python3.8/site-packages/airflow/example_dags/example_xcom.py
[2026-04-16T03:52:49.209+0000] {logging_mixin.py:188} INFO - [2026-04-16T03:52:49.209+0000] {dag.py:3036} INFO - Sync 1 DAGs
[2026-04-16T03:52:49.230+0000] {logging_mixin.py:188} INFO - [2026-04-16T03:52:49.229+0000] {dag.py:3823} INFO - Setting next_dagrun for example_xcom to 2021-01-01 00:00:00+00:00, run_after=2021-01-01 00:00:00+00:00
[2026-04-16T03:52:49.251+0000] {processor.py:183} INFO - Processing /home/airflow/.local/lib/python3.8/site-packages/airflow/example_dags/example_xcom.py took 0.081 seconds
[2026-04-16T03:53:19.483+0000] {processor.py:161} INFO - Started process (PID=74608) to work on /home/airflow/.local/lib/python3.8/site-packages/airflow/example_dags/example_xcom.py
[2026-04-16T03:53:19.485+0000] {processor.py:830} INFO - Processing file /home/airflow/.local/lib/python3.8/site-packages/airflow/example_dags/example_xcom.py for tasks to queue
[2026-04-16T03:53:19.487+0000] {logging_mixin.py:188} INFO - [2026-04-16T03:53:19.487+0000] {dagbag.py:538} INFO - Filling up the DagBag from /home/airflow/.local/lib/python3.8/site-packages/airflow/example_dags/example_xcom.py
[2026-04-16T03:53:19.494+0000] {processor.py:840} INFO - DAG(s) 'example_xcom' retrieved from /home/airflow/.local/lib/python3.8/site-packages/airflow/example_dags/example_xcom.py
[2026-04-16T03:53:19.517+0000] {logging_mixin.py:188} INFO - [2026-04-16T03:53:19.517+0000] {dag.py:3036} INFO - Sync 1 DAGs
[2026-04-16T03:53:19.536+0000] {logging_mixin.py:188} INFO - [2026-04-16T03:53:19.536+0000] {dag.py:3823} INFO - Setting next_dagrun for example_xcom to 2021-01-01 00:00:00+00:00, run_after=2021-01-01 00:00:00+00:00
[2026-04-16T03:53:19.559+0000] {processor.py:183} INFO - Processing /home/airflow/.local/lib/python3.8/site-packages/airflow/example_dags/example_xcom.py took 0.079 seconds
[2026-04-16T03:53:49.873+0000] {processor.py:161} INFO - Started process (PID=74665) to work on /home/airflow/.local/lib/python3.8/site-packages/airflow/example_dags/example_xcom.py
[2026-04-16T03:53:49.875+0000] {processor.py:830} INFO - Processing file /home/airflow/.local/lib/python3.8/site-packages/airflow/example_dags/example_xcom.py for tasks to queue
[2026-04-16T03:53:49.877+0000] {logging_mixin.py:188} INFO - [2026-04-16T03:53:49.876+0000] {dagbag.py:538} INFO - Filling up the DagBag from /home/airflow/.local/lib/python3.8/site-packages/airflow/example_dags/example_xcom.py
[2026-04-16T03:53:49.884+0000] {processor.py:840} INFO - DAG(s) 'example_xcom' retrieved from /home/airflow/.local/lib/python3.8/site-packages/airflow/example_dags/example_xcom.py
[2026-04-16T03:53:49.906+0000] {logging_mixin.py:188} INFO - [2026-04-16T03:53:49.906+0000] {dag.py:3036} INFO - Sync 1 DAGs
[2026-04-16T03:53:49.926+0000] {logging_mixin.py:188} INFO - [2026-04-16T03:53:49.926+0000] {dag.py:3823} INFO - Setting next_dagrun for example_xcom to 2021-01-01 00:00:00+00:00, run_after=2021-01-01 00:00:00+00:00
[2026-04-16T03:53:49.948+0000] {processor.py:183} INFO - Processing /home/airflow/.local/lib/python3.8/site-packages/airflow/example_dags/example_xcom.py took 0.078 seconds
[2026-04-16T03:54:20.431+0000] {processor.py:161} INFO - Started process (PID=74722) to work on /home/airflow/.local/lib/python3.8/site-packages/airflow/example_dags/example_xcom.py
[2026-04-16T03:54:20.432+0000] {processor.py:830} INFO - Processing file /home/airflow/.local/lib/python3.8/site-packages/airflow/example_dags/example_xcom.py for tasks to queue
[2026-04-16T03:54:20.434+0000] {logging_mixin.py:188} INFO - [2026-04-16T03:54:20.434+0000] {dagbag.py:538} INFO - Filling up the DagBag from /home/airflow/.local/lib/python3.8/site-packages/airflow/example_dags/example_xcom.py
[2026-04-16T03:54:20.441+0000] {processor.py:840} INFO - DAG(s) 'example_xcom' retrieved from /home/airflow/.local/lib/python3.8/site-packages/airflow/example_dags/example_xcom.py
[2026-04-16T03:54:20.463+0000] {logging_mixin.py:188} INFO - [2026-04-16T03:54:20.463+0000] {dag.py:3036} INFO - Sync 1 DAGs
[2026-04-16T03:54:20.484+0000] {logging_mixin.py:188} INFO - [2026-04-16T03:54:20.484+0000] {dag.py:3823} INFO - Setting next_dagrun for example_xcom to 2021-01-01 00:00:00+00:00, run_after=2021-01-01 00:00:00+00:00
[2026-04-16T03:54:20.505+0000] {processor.py:183} INFO - Processing /home/airflow/.local/lib/python3.8/site-packages/airflow/example_dags/example_xcom.py took 0.078 seconds
[2026-04-16T03:54:50.848+0000] {processor.py:161} INFO - Started process (PID=74779) to work on /home/airflow/.local/lib/python3.8/site-packages/airflow/example_dags/example_xcom.py
[2026-04-16T03:54:50.850+0000] {processor.py:830} INFO - Processing file /home/airflow/.local/lib/python3.8/site-packages/airflow/example_dags/example_xcom.py for tasks to queue
[2026-04-16T03:54:50.852+0000] {logging_mixin.py:188} INFO - [2026-04-16T03:54:50.851+0000] {dagbag.py:538} INFO - Filling up the DagBag from /home/airflow/.local/lib/python3.8/site-packages/airflow/example_dags/example_xcom.py
[2026-04-16T03:54:50.859+0000] {processor.py:840} INFO - DAG(s) 'example_xcom' retrieved from /home/airflow/.local/lib/python3.8/site-packages/airflow/example_dags/example_xcom.py
[2026-04-16T03:54:50.882+0000] {logging_mixin.py:188} INFO - [2026-04-16T03:54:50.881+0000] {dag.py:3036} INFO - Sync 1 DAGs
[2026-04-16T03:54:50.902+0000] {logging_mixin.py:188} INFO - [2026-04-16T03:54:50.901+0000] {dag.py:3823} INFO - Setting next_dagrun for example_xcom to 2021-01-01 00:00:00+00:00, run_after=2021-01-01 00:00:00+00:00
[2026-04-16T03:54:50.924+0000] {processor.py:183} INFO - Processing /home/airflow/.local/lib/python3.8/site-packages/airflow/example_dags/example_xcom.py took 0.079 seconds
[2026-04-16T03:55:21.291+0000] {processor.py:161} INFO - Started process (PID=74836) to work on /home/airflow/.local/lib/python3.8/site-packages/airflow/example_dags/example_xcom.py
[2026-04-16T03:55:21.292+0000] {processor.py:830} INFO - Processing file /home/airflow/.local/lib/python3.8/site-packages/airflow/example_dags/example_xcom.py for tasks to queue
[2026-04-16T03:55:21.294+0000] {logging_mixin.py:188} INFO - [2026-04-16T03:55:21.294+0000] {dagbag.py:538} INFO - Filling up the DagBag from /home/airflow/.local/lib/python3.8/site-packages/airflow/example_dags/example_xcom.py
[2026-04-16T03:55:21.302+0000] {processor.py:840} INFO - DAG(s) 'example_xcom' retrieved from /home/airflow/.local/lib/python3.8/site-packages/airflow/example_dags/example_xcom.py
[2026-04-16T03:55:21.329+0000] {logging_mixin.py:188} INFO - [2026-04-16T03:55:21.329+0000] {dag.py:3036} INFO - Sync 1 DAGs
[2026-04-16T03:55:21.354+0000] {logging_mixin.py:188} INFO - [2026-04-16T03:55:21.353+0000] {dag.py:3823} INFO - Setting next_dagrun for example_xcom to 2021-01-01 00:00:00+00:00, run_after=2021-01-01 00:00:00+00:00
[2026-04-16T03:55:21.377+0000] {processor.py:183} INFO - Processing /home/airflow/.local/lib/python3.8/site-packages/airflow/example_dags/example_xcom.py took 0.090 seconds
[2026-04-16T03:55:51.705+0000] {processor.py:161} INFO - Started process (PID=74893) to work on /home/airflow/.local/lib/python3.8/site-packages/airflow/example_dags/example_xcom.py
[2026-04-16T03:55:51.706+0000] {processor.py:830} INFO - Processing file /home/airflow/.local/lib/python3.8/site-packages/airflow/example_dags/example_xcom.py for tasks to queue
[2026-04-16T03:55:51.708+0000] {logging_mixin.py:188} INFO - [2026-04-16T03:55:51.708+0000] {dagbag.py:538} INFO - Filling up the DagBag from /home/airflow/.local/lib/python3.8/site-packages/airflow/example_dags/example_xcom.py
[2026-04-16T03:55:51.715+0000] {processor.py:840} INFO - DAG(s) 'example_xcom' retrieved from /home/airflow/.local/lib/python3.8/site-packages/airflow/example_dags/example_xcom.py
[2026-04-16T03:55:51.739+0000] {logging_mixin.py:188} INFO - [2026-04-16T03:55:51.738+0000] {dag.py:3036} INFO - Sync 1 DAGs
[2026-04-16T03:55:51.760+0000] {logging_mixin.py:188} INFO - [2026-04-16T03:55:51.760+0000] {dag.py:3823} INFO - Setting next_dagrun for example_xcom to 2021-01-01 00:00:00+00:00, run_after=2021-01-01 00:00:00+00:00
[2026-04-16T03:55:51.782+0000] {processor.py:183} INFO - Processing /home/airflow/.local/lib/python3.8/site-packages/airflow/example_dags/example_xcom.py took 0.081 seconds
[2026-04-16T03:56:22.200+0000] {processor.py:161} INFO - Started process (PID=74950) to work on /home/airflow/.local/lib/python3.8/site-packages/airflow/example_dags/example_xcom.py
[2026-04-16T03:56:22.201+0000] {processor.py:830} INFO - Processing file /home/airflow/.local/lib/python3.8/site-packages/airflow/example_dags/example_xcom.py for tasks to queue
[2026-04-16T03:56:22.203+0000] {logging_mixin.py:188} INFO - [2026-04-16T03:56:22.203+0000] {dagbag.py:538} INFO - Filling up the DagBag from /home/airflow/.local/lib/python3.8/site-packages/airflow/example_dags/example_xcom.py
[2026-04-16T03:56:22.210+0000] {processor.py:840} INFO - DAG(s) 'example_xcom' retrieved from /home/airflow/.local/lib/python3.8/site-packages/airflow/example_dags/example_xcom.py
[2026-04-16T03:56:22.234+0000] {logging_mixin.py:188} INFO - [2026-04-16T03:56:22.234+0000] {dag.py:3036} INFO - Sync 1 DAGs
[2026-04-16T03:56:22.254+0000] {logging_mixin.py:188} INFO - [2026-04-16T03:56:22.254+0000] {dag.py:3823} INFO - Setting next_dagrun for example_xcom to 2021-01-01 00:00:00+00:00, run_after=2021-01-01 00:00:00+00:00
[2026-04-16T03:56:22.276+0000] {processor.py:183} INFO - Processing /home/airflow/.local/lib/python3.8/site-packages/airflow/example_dags/example_xcom.py took 0.079 seconds
[2026-04-16T03:56:52.482+0000] {processor.py:161} INFO - Started process (PID=75005) to work on /home/airflow/.local/lib/python3.8/site-packages/airflow/example_dags/example_xcom.py
[2026-04-16T03:56:52.483+0000] {processor.py:830} INFO - Processing file /home/airflow/.local/lib/python3.8/site-packages/airflow/example_dags/example_xcom.py for tasks to queue
[2026-04-16T03:56:52.485+0000] {logging_mixin.py:188} INFO - [2026-04-16T03:56:52.485+0000] {dagbag.py:538} INFO - Filling up the DagBag from /home/airflow/.local/lib/python3.8/site-packages/airflow/example_dags/example_xcom.py
[2026-04-16T03:56:52.493+0000] {processor.py:840} INFO - DAG(s) 'example_xcom' retrieved from /home/airflow/.local/lib/python3.8/site-packages/airflow/example_dags/example_xcom.py
[2026-04-16T03:56:52.514+0000] {logging_mixin.py:188} INFO - [2026-04-16T03:56:52.514+0000] {dag.py:3036} INFO - Sync 1 DAGs
[2026-04-16T03:56:52.538+0000] {logging_mixin.py:188} INFO - [2026-04-16T03:56:52.537+0000] {dag.py:3823} INFO - Setting next_dagrun for example_xcom to 2021-01-01 00:00:00+00:00, run_after=2021-01-01 00:00:00+00:00
[2026-04-16T03:56:52.560+0000] {processor.py:183} INFO - Processing /home/airflow/.local/lib/python3.8/site-packages/airflow/example_dags/example_xcom.py took 0.081 seconds
[2026-04-16T03:57:22.815+0000] {processor.py:161} INFO - Started process (PID=75062) to work on /home/airflow/.local/lib/python3.8/site-packages/airflow/example_dags/example_xcom.py
[2026-04-16T03:57:22.816+0000] {processor.py:830} INFO - Processing file /home/airflow/.local/lib/python3.8/site-packages/airflow/example_dags/example_xcom.py for tasks to queue
[2026-04-16T03:57:22.818+0000] {logging_mixin.py:188} INFO - [2026-04-16T03:57:22.818+0000] {dagbag.py:538} INFO - Filling up the DagBag from /home/airflow/.local/lib/python3.8/site-packages/airflow/example_dags/example_xcom.py
[2026-04-16T03:57:22.825+0000] {processor.py:840} INFO - DAG(s) 'example_xcom' retrieved from /home/airflow/.local/lib/python3.8/site-packages/airflow/example_dags/example_xcom.py
[2026-04-16T03:57:22.849+0000] {logging_mixin.py:188} INFO - [2026-04-16T03:57:22.848+0000] {dag.py:3036} INFO - Sync 1 DAGs
[2026-04-16T03:57:22.869+0000] {logging_mixin.py:188} INFO - [2026-04-16T03:57:22.869+0000] {dag.py:3823} INFO - Setting next_dagrun for example_xcom to 2021-01-01 00:00:00+00:00, run_after=2021-01-01 00:00:00+00:00
[2026-04-16T03:57:22.892+0000] {processor.py:183} INFO - Processing /home/airflow/.local/lib/python3.8/site-packages/airflow/example_dags/example_xcom.py took 0.080 seconds
[2026-04-16T03:57:53.580+0000] {processor.py:161} INFO - Started process (PID=75119) to work on /home/airflow/.local/lib/python3.8/site-packages/airflow/example_dags/example_xcom.py
[2026-04-16T03:57:53.581+0000] {processor.py:830} INFO - Processing file /home/airflow/.local/lib/python3.8/site-packages/airflow/example_dags/example_xcom.py for tasks to queue
[2026-04-16T03:57:53.583+0000] {logging_mixin.py:188} INFO - [2026-04-16T03:57:53.583+0000] {dagbag.py:538} INFO - Filling up the DagBag from /home/airflow/.local/lib/python3.8/site-packages/airflow/example_dags/example_xcom.py
[2026-04-16T03:57:53.590+0000] {processor.py:840} INFO - DAG(s) 'example_xcom' retrieved from /home/airflow/.local/lib/python3.8/site-packages/airflow/example_dags/example_xcom.py
[2026-04-16T03:57:53.613+0000] {logging_mixin.py:188} INFO - [2026-04-16T03:57:53.613+0000] {dag.py:3036} INFO - Sync 1 DAGs
[2026-04-16T03:57:53.635+0000] {logging_mixin.py:188} INFO - [2026-04-16T03:57:53.635+0000] {dag.py:3823} INFO - Setting next_dagrun for example_xcom to 2021-01-01 00:00:00+00:00, run_after=2021-01-01 00:00:00+00:00
[2026-04-16T03:57:53.658+0000] {processor.py:183} INFO - Processing /home/airflow/.local/lib/python3.8/site-packages/airflow/example_dags/example_xcom.py took 0.082 seconds
[2026-04-16T03:58:23.966+0000] {processor.py:161} INFO - Started process (PID=75176) to work on /home/airflow/.local/lib/python3.8/site-packages/airflow/example_dags/example_xcom.py
[2026-04-16T03:58:23.967+0000] {processor.py:830} INFO - Processing file /home/airflow/.local/lib/python3.8/site-packages/airflow/example_dags/example_xcom.py for tasks to queue
[2026-04-16T03:58:23.969+0000] {logging_mixin.py:188} INFO - [2026-04-16T03:58:23.969+0000] {dagbag.py:538} INFO - Filling up the DagBag from /home/airflow/.local/lib/python3.8/site-packages/airflow/example_dags/example_xcom.py
[2026-04-16T03:58:23.977+0000] {processor.py:840} INFO - DAG(s) 'example_xcom' retrieved from /home/airflow/.local/lib/python3.8/site-packages/airflow/example_dags/example_xcom.py
[2026-04-16T03:58:23.999+0000] {logging_mixin.py:188} INFO - [2026-04-16T03:58:23.999+0000] {dag.py:3036} INFO - Sync 1 DAGs
[2026-04-16T03:58:24.020+0000] {logging_mixin.py:188} INFO - [2026-04-16T03:58:24.020+0000] {dag.py:3823} INFO - Setting next_dagrun for example_xcom to 2021-01-01 00:00:00+00:00, run_after=2021-01-01 00:00:00+00:00
[2026-04-16T03:58:24.043+0000] {processor.py:183} INFO - Processing /home/airflow/.local/lib/python3.8/site-packages/airflow/example_dags/example_xcom.py took 0.080 seconds
[2026-04-16T03:58:54.252+0000] {processor.py:161} INFO - Started process (PID=75233) to work on /home/airflow/.local/lib/python3.8/site-packages/airflow/example_dags/example_xcom.py
[2026-04-16T03:58:54.254+0000] {processor.py:830} INFO - Processing file /home/airflow/.local/lib/python3.8/site-packages/airflow/example_dags/example_xcom.py for tasks to queue
[2026-04-16T03:58:54.256+0000] {logging_mixin.py:188} INFO - [2026-04-16T03:58:54.256+0000] {dagbag.py:538} INFO - Filling up the DagBag from /home/airflow/.local/lib/python3.8/site-packages/airflow/example_dags/example_xcom.py
[2026-04-16T03:58:54.265+0000] {processor.py:840} INFO - DAG(s) 'example_xcom' retrieved from /home/airflow/.local/lib/python3.8/site-packages/airflow/example_dags/example_xcom.py
[2026-04-16T03:58:54.291+0000] {logging_mixin.py:188} INFO - [2026-04-16T03:58:54.290+0000] {dag.py:3036} INFO - Sync 1 DAGs
[2026-04-16T03:58:54.314+0000] {logging_mixin.py:188} INFO - [2026-04-16T03:58:54.314+0000] {dag.py:3823} INFO - Setting next_dagrun for example_xcom to 2021-01-01 00:00:00+00:00, run_after=2021-01-01 00:00:00+00:00
[2026-04-16T03:58:54.336+0000] {processor.py:183} INFO - Processing /home/airflow/.local/lib/python3.8/site-packages/airflow/example_dags/example_xcom.py took 0.087 seconds
[2026-04-16T03:59:24.657+0000] {processor.py:161} INFO - Started process (PID=75290) to work on /home/airflow/.local/lib/python3.8/site-packages/airflow/example_dags/example_xcom.py
[2026-04-16T03:59:24.658+0000] {processor.py:830} INFO - Processing file /home/airflow/.local/lib/python3.8/site-packages/airflow/example_dags/example_xcom.py for tasks to queue
[2026-04-16T03:59:24.660+0000] {logging_mixin.py:188} INFO - [2026-04-16T03:59:24.660+0000] {dagbag.py:538} INFO - Filling up the DagBag from /home/airflow/.local/lib/python3.8/site-packages/airflow/example_dags/example_xcom.py
[2026-04-16T03:59:24.667+0000] {processor.py:840} INFO - DAG(s) 'example_xcom' retrieved from /home/airflow/.local/lib/python3.8/site-packages/airflow/example_dags/example_xcom.py
[2026-04-16T03:59:24.689+0000] {logging_mixin.py:188} INFO - [2026-04-16T03:59:24.689+0000] {dag.py:3036} INFO - Sync 1 DAGs
[2026-04-16T03:59:24.710+0000] {logging_mixin.py:188} INFO - [2026-04-16T03:59:24.710+0000] {dag.py:3823} INFO - Setting next_dagrun for example_xcom to 2021-01-01 00:00:00+00:00, run_after=2021-01-01 00:00:00+00:00
[2026-04-16T03:59:24.734+0000] {processor.py:183} INFO - Processing /home/airflow/.local/lib/python3.8/site-packages/airflow/example_dags/example_xcom.py took 0.080 seconds
[2026-04-16T03:59:55.147+0000] {processor.py:161} INFO - Started process (PID=75347) to work on /home/airflow/.local/lib/python3.8/site-packages/airflow/example_dags/example_xcom.py
[2026-04-16T03:59:55.149+0000] {processor.py:830} INFO - Processing file /home/airflow/.local/lib/python3.8/site-packages/airflow/example_dags/example_xcom.py for tasks to queue
[2026-04-16T03:59:55.151+0000] {logging_mixin.py:188} INFO - [2026-04-16T03:59:55.151+0000] {dagbag.py:538} INFO - Filling up the DagBag from /home/airflow/.local/lib/python3.8/site-packages/airflow/example_dags/example_xcom.py
[2026-04-16T03:59:55.160+0000] {processor.py:840} INFO - DAG(s) 'example_xcom' retrieved from /home/airflow/.local/lib/python3.8/site-packages/airflow/example_dags/example_xcom.py
[2026-04-16T03:59:55.183+0000] {logging_mixin.py:188} INFO - [2026-04-16T03:59:55.183+0000] {dag.py:3036} INFO - Sync 1 DAGs
[2026-04-16T03:59:55.204+0000] {logging_mixin.py:188} INFO - [2026-04-16T03:59:55.203+0000] {dag.py:3823} INFO - Setting next_dagrun for example_xcom to 2021-01-01 00:00:00+00:00, run_after=2021-01-01 00:00:00+00:00
[2026-04-16T03:59:55.227+0000] {processor.py:183} INFO - Processing /home/airflow/.local/lib/python3.8/site-packages/airflow/example_dags/example_xcom.py took 0.083 seconds
[2026-04-16T04:00:25.505+0000] {processor.py:161} INFO - Started process (PID=75404) to work on /home/airflow/.local/lib/python3.8/site-packages/airflow/example_dags/example_xcom.py
[2026-04-16T04:00:25.507+0000] {processor.py:830} INFO - Processing file /home/airflow/.local/lib/python3.8/site-packages/airflow/example_dags/example_xcom.py for tasks to queue
[2026-04-16T04:00:25.509+0000] {logging_mixin.py:188} INFO - [2026-04-16T04:00:25.509+0000] {dagbag.py:538} INFO - Filling up the DagBag from /home/airflow/.local/lib/python3.8/site-packages/airflow/example_dags/example_xcom.py
[2026-04-16T04:00:25.516+0000] {processor.py:840} INFO - DAG(s) 'example_xcom' retrieved from /home/airflow/.local/lib/python3.8/site-packages/airflow/example_dags/example_xcom.py
[2026-04-16T04:00:25.540+0000] {logging_mixin.py:188} INFO - [2026-04-16T04:00:25.540+0000] {dag.py:3036} INFO - Sync 1 DAGs
[2026-04-16T04:00:25.561+0000] {logging_mixin.py:188} INFO - [2026-04-16T04:00:25.560+0000] {dag.py:3823} INFO - Setting next_dagrun for example_xcom to 2021-01-01 00:00:00+00:00, run_after=2021-01-01 00:00:00+00:00
[2026-04-16T04:00:25.584+0000] {processor.py:183} INFO - Processing /home/airflow/.local/lib/python3.8/site-packages/airflow/example_dags/example_xcom.py took 0.082 seconds
[2026-04-16T04:00:56.157+0000] {processor.py:161} INFO - Started process (PID=75461) to work on /home/airflow/.local/lib/python3.8/site-packages/airflow/example_dags/example_xcom.py
[2026-04-16T04:00:56.159+0000] {processor.py:830} INFO - Processing file /home/airflow/.local/lib/python3.8/site-packages/airflow/example_dags/example_xcom.py for tasks to queue
[2026-04-16T04:00:56.160+0000] {logging_mixin.py:188} INFO - [2026-04-16T04:00:56.160+0000] {dagbag.py:538} INFO - Filling up the DagBag from /home/airflow/.local/lib/python3.8/site-packages/airflow/example_dags/example_xcom.py
[2026-04-16T04:00:56.168+0000] {processor.py:840} INFO - DAG(s) 'example_xcom' retrieved from /home/airflow/.local/lib/python3.8/site-packages/airflow/example_dags/example_xcom.py
[2026-04-16T04:00:56.190+0000] {logging_mixin.py:188} INFO - [2026-04-16T04:00:56.190+0000] {dag.py:3036} INFO - Sync 1 DAGs
[2026-04-16T04:00:56.211+0000] {logging_mixin.py:188} INFO - [2026-04-16T04:00:56.210+0000] {dag.py:3823} INFO - Setting next_dagrun for example_xcom to 2021-01-01 00:00:00+00:00, run_after=2021-01-01 00:00:00+00:00
[2026-04-16T04:00:56.233+0000] {processor.py:183} INFO - Processing /home/airflow/.local/lib/python3.8/site-packages/airflow/example_dags/example_xcom.py took 0.080 seconds
[2026-04-16T04:01:26.873+0000] {processor.py:161} INFO - Started process (PID=75518) to work on /home/airflow/.local/lib/python3.8/site-packages/airflow/example_dags/example_xcom.py
[2026-04-16T04:01:26.874+0000] {processor.py:830} INFO - Processing file /home/airflow/.local/lib/python3.8/site-packages/airflow/example_dags/example_xcom.py for tasks to queue
[2026-04-16T04:01:26.876+0000] {logging_mixin.py:188} INFO - [2026-04-16T04:01:26.876+0000] {dagbag.py:538} INFO - Filling up the DagBag from /home/airflow/.local/lib/python3.8/site-packages/airflow/example_dags/example_xcom.py
[2026-04-16T04:01:26.885+0000] {processor.py:840} INFO - DAG(s) 'example_xcom' retrieved from /home/airflow/.local/lib/python3.8/site-packages/airflow/example_dags/example_xcom.py
[2026-04-16T04:01:26.908+0000] {logging_mixin.py:188} INFO - [2026-04-16T04:01:26.908+0000] {dag.py:3036} INFO - Sync 1 DAGs
[2026-04-16T04:01:26.928+0000] {logging_mixin.py:188} INFO - [2026-04-16T04:01:26.928+0000] {dag.py:3823} INFO - Setting next_dagrun for example_xcom to 2021-01-01 00:00:00+00:00, run_after=2021-01-01 00:00:00+00:00
[2026-04-16T04:01:26.951+0000] {processor.py:183} INFO - Processing /home/airflow/.local/lib/python3.8/site-packages/airflow/example_dags/example_xcom.py took 0.082 seconds
[2026-04-16T04:01:57.504+0000] {processor.py:161} INFO - Started process (PID=75575) to work on /home/airflow/.local/lib/python3.8/site-packages/airflow/example_dags/example_xcom.py
[2026-04-16T04:01:57.505+0000] {processor.py:830} INFO - Processing file /home/airflow/.local/lib/python3.8/site-packages/airflow/example_dags/example_xcom.py for tasks to queue
[2026-04-16T04:01:57.508+0000] {logging_mixin.py:188} INFO - [2026-04-16T04:01:57.508+0000] {dagbag.py:538} INFO - Filling up the DagBag from /home/airflow/.local/lib/python3.8/site-packages/airflow/example_dags/example_xcom.py
[2026-04-16T04:01:57.520+0000] {processor.py:840} INFO - DAG(s) 'example_xcom' retrieved from /home/airflow/.local/lib/python3.8/site-packages/airflow/example_dags/example_xcom.py
[2026-04-16T04:01:57.549+0000] {logging_mixin.py:188} INFO - [2026-04-16T04:01:57.548+0000] {dag.py:3036} INFO - Sync 1 DAGs
[2026-04-16T04:01:57.577+0000] {logging_mixin.py:188} INFO - [2026-04-16T04:01:57.577+0000] {dag.py:3823} INFO - Setting next_dagrun for example_xcom to 2021-01-01 00:00:00+00:00, run_after=2021-01-01 00:00:00+00:00
[2026-04-16T04:01:57.603+0000] {processor.py:183} INFO - Processing /home/airflow/.local/lib/python3.8/site-packages/airflow/example_dags/example_xcom.py took 0.105 seconds
[2026-04-16T04:02:28.026+0000] {processor.py:161} INFO - Started process (PID=75632) to work on /home/airflow/.local/lib/python3.8/site-packages/airflow/example_dags/example_xcom.py
[2026-04-16T04:02:28.027+0000] {processor.py:830} INFO - Processing file /home/airflow/.local/lib/python3.8/site-packages/airflow/example_dags/example_xcom.py for tasks to queue
[2026-04-16T04:02:28.029+0000] {logging_mixin.py:188} INFO - [2026-04-16T04:02:28.029+0000] {dagbag.py:538} INFO - Filling up the DagBag from /home/airflow/.local/lib/python3.8/site-packages/airflow/example_dags/example_xcom.py
[2026-04-16T04:02:28.037+0000] {processor.py:840} INFO - DAG(s) 'example_xcom' retrieved from /home/airflow/.local/lib/python3.8/site-packages/airflow/example_dags/example_xcom.py
[2026-04-16T04:02:28.060+0000] {logging_mixin.py:188} INFO - [2026-04-16T04:02:28.060+0000] {dag.py:3036} INFO - Sync 1 DAGs
[2026-04-16T04:02:28.080+0000] {logging_mixin.py:188} INFO - [2026-04-16T04:02:28.080+0000] {dag.py:3823} INFO - Setting next_dagrun for example_xcom to 2021-01-01 00:00:00+00:00, run_after=2021-01-01 00:00:00+00:00
[2026-04-16T04:02:28.103+0000] {processor.py:183} INFO - Processing /home/airflow/.local/lib/python3.8/site-packages/airflow/example_dags/example_xcom.py took 0.079 seconds
[2026-04-16T04:02:58.727+0000] {processor.py:161} INFO - Started process (PID=75689) to work on /home/airflow/.local/lib/python3.8/site-packages/airflow/example_dags/example_xcom.py
[2026-04-16T04:02:58.729+0000] {processor.py:830} INFO - Processing file /home/airflow/.local/lib/python3.8/site-packages/airflow/example_dags/example_xcom.py for tasks to queue
[2026-04-16T04:02:58.731+0000] {logging_mixin.py:188} INFO - [2026-04-16T04:02:58.731+0000] {dagbag.py:538} INFO - Filling up the DagBag from /home/airflow/.local/lib/python3.8/site-packages/airflow/example_dags/example_xcom.py
[2026-04-16T04:02:58.739+0000] {processor.py:840} INFO - DAG(s) 'example_xcom' retrieved from /home/airflow/.local/lib/python3.8/site-packages/airflow/example_dags/example_xcom.py
[2026-04-16T04:02:58.764+0000] {logging_mixin.py:188} INFO - [2026-04-16T04:02:58.764+0000] {dag.py:3036} INFO - Sync 1 DAGs
[2026-04-16T04:02:58.785+0000] {logging_mixin.py:188} INFO - [2026-04-16T04:02:58.785+0000] {dag.py:3823} INFO - Setting next_dagrun for example_xcom to 2021-01-01 00:00:00+00:00, run_after=2021-01-01 00:00:00+00:00
[2026-04-16T04:02:58.808+0000] {processor.py:183} INFO - Processing /home/airflow/.local/lib/python3.8/site-packages/airflow/example_dags/example_xcom.py took 0.085 seconds
[2026-04-16T04:03:29.477+0000] {processor.py:161} INFO - Started process (PID=75746) to work on /home/airflow/.local/lib/python3.8/site-packages/airflow/example_dags/example_xcom.py
[2026-04-16T04:03:29.478+0000] {processor.py:830} INFO - Processing file /home/airflow/.local/lib/python3.8/site-packages/airflow/example_dags/example_xcom.py for tasks to queue
[2026-04-16T04:03:29.481+0000] {logging_mixin.py:188} INFO - [2026-04-16T04:03:29.481+0000] {dagbag.py:538} INFO - Filling up the DagBag from /home/airflow/.local/lib/python3.8/site-packages/airflow/example_dags/example_xcom.py
[2026-04-16T04:03:29.490+0000] {processor.py:840} INFO - DAG(s) 'example_xcom' retrieved from /home/airflow/.local/lib/python3.8/site-packages/airflow/example_dags/example_xcom.py
[2026-04-16T04:03:29.518+0000] {logging_mixin.py:188} INFO - [2026-04-16T04:03:29.518+0000] {dag.py:3036} INFO - Sync 1 DAGs
[2026-04-16T04:03:29.544+0000] {logging_mixin.py:188} INFO - [2026-04-16T04:03:29.544+0000] {dag.py:3823} INFO - Setting next_dagrun for example_xcom to 2021-01-01 00:00:00+00:00, run_after=2021-01-01 00:00:00+00:00
[2026-04-16T04:03:29.572+0000] {processor.py:183} INFO - Processing /home/airflow/.local/lib/python3.8/site-packages/airflow/example_dags/example_xcom.py took 0.099 seconds
[2026-04-16T04:04:00.463+0000] {processor.py:161} INFO - Started process (PID=75803) to work on /home/airflow/.local/lib/python3.8/site-packages/airflow/example_dags/example_xcom.py
[2026-04-16T04:04:00.464+0000] {processor.py:830} INFO - Processing file /home/airflow/.local/lib/python3.8/site-packages/airflow/example_dags/example_xcom.py for tasks to queue
[2026-04-16T04:04:00.466+0000] {logging_mixin.py:188} INFO - [2026-04-16T04:04:00.465+0000] {dagbag.py:538} INFO - Filling up the DagBag from /home/airflow/.local/lib/python3.8/site-packages/airflow/example_dags/example_xcom.py
[2026-04-16T04:04:00.473+0000] {processor.py:840} INFO - DAG(s) 'example_xcom' retrieved from /home/airflow/.local/lib/python3.8/site-packages/airflow/example_dags/example_xcom.py
[2026-04-16T04:04:00.496+0000] {logging_mixin.py:188} INFO - [2026-04-16T04:04:00.496+0000] {dag.py:3036} INFO - Sync 1 DAGs
[2026-04-16T04:04:00.520+0000] {logging_mixin.py:188} INFO - [2026-04-16T04:04:00.520+0000] {dag.py:3823} INFO - Setting next_dagrun for example_xcom to 2021-01-01 00:00:00+00:00, run_after=2021-01-01 00:00:00+00:00
[2026-04-16T04:04:00.545+0000] {processor.py:183} INFO - Processing /home/airflow/.local/lib/python3.8/site-packages/airflow/example_dags/example_xcom.py took 0.086 seconds
[2026-04-16T04:04:31.080+0000] {processor.py:161} INFO - Started process (PID=75860) to work on /home/airflow/.local/lib/python3.8/site-packages/airflow/example_dags/example_xcom.py
[2026-04-16T04:04:31.082+0000] {processor.py:830} INFO - Processing file /home/airflow/.local/lib/python3.8/site-packages/airflow/example_dags/example_xcom.py for tasks to queue
[2026-04-16T04:04:31.084+0000] {logging_mixin.py:188} INFO - [2026-04-16T04:04:31.084+0000] {dagbag.py:538} INFO - Filling up the DagBag from /home/airflow/.local/lib/python3.8/site-packages/airflow/example_dags/example_xcom.py
[2026-04-16T04:04:31.093+0000] {processor.py:840} INFO - DAG(s) 'example_xcom' retrieved from /home/airflow/.local/lib/python3.8/site-packages/airflow/example_dags/example_xcom.py
[2026-04-16T04:04:31.116+0000] {logging_mixin.py:188} INFO - [2026-04-16T04:04:31.116+0000] {dag.py:3036} INFO - Sync 1 DAGs
[2026-04-16T04:04:31.140+0000] {logging_mixin.py:188} INFO - [2026-04-16T04:04:31.140+0000] {dag.py:3823} INFO - Setting next_dagrun for example_xcom to 2021-01-01 00:00:00+00:00, run_after=2021-01-01 00:00:00+00:00
[2026-04-16T04:04:31.161+0000] {processor.py:183} INFO - Processing /home/airflow/.local/lib/python3.8/site-packages/airflow/example_dags/example_xcom.py took 0.085 seconds
[2026-04-16T04:05:01.506+0000] {processor.py:161} INFO - Started process (PID=75917) to work on /home/airflow/.local/lib/python3.8/site-packages/airflow/example_dags/example_xcom.py
[2026-04-16T04:05:01.508+0000] {processor.py:830} INFO - Processing file /home/airflow/.local/lib/python3.8/site-packages/airflow/example_dags/example_xcom.py for tasks to queue
[2026-04-16T04:05:01.510+0000] {logging_mixin.py:188} INFO - [2026-04-16T04:05:01.510+0000] {dagbag.py:538} INFO - Filling up the DagBag from /home/airflow/.local/lib/python3.8/site-packages/airflow/example_dags/example_xcom.py
[2026-04-16T04:05:01.518+0000] {processor.py:840} INFO - DAG(s) 'example_xcom' retrieved from /home/airflow/.local/lib/python3.8/site-packages/airflow/example_dags/example_xcom.py
[2026-04-16T04:05:01.541+0000] {logging_mixin.py:188} INFO - [2026-04-16T04:05:01.541+0000] {dag.py:3036} INFO - Sync 1 DAGs
[2026-04-16T04:05:01.562+0000] {logging_mixin.py:188} INFO - [2026-04-16T04:05:01.562+0000] {dag.py:3823} INFO - Setting next_dagrun for example_xcom to 2021-01-01 00:00:00+00:00, run_after=2021-01-01 00:00:00+00:00
[2026-04-16T04:05:01.584+0000] {processor.py:183} INFO - Processing /home/airflow/.local/lib/python3.8/site-packages/airflow/example_dags/example_xcom.py took 0.082 seconds
[2026-04-16T04:05:32.184+0000] {processor.py:161} INFO - Started process (PID=75974) to work on /home/airflow/.local/lib/python3.8/site-packages/airflow/example_dags/example_xcom.py
[2026-04-16T04:05:32.185+0000] {processor.py:830} INFO - Processing file /home/airflow/.local/lib/python3.8/site-packages/airflow/example_dags/example_xcom.py for tasks to queue
[2026-04-16T04:05:32.187+0000] {logging_mixin.py:188} INFO - [2026-04-16T04:05:32.187+0000] {dagbag.py:538} INFO - Filling up the DagBag from /home/airflow/.local/lib/python3.8/site-packages/airflow/example_dags/example_xcom.py
[2026-04-16T04:05:32.195+0000] {processor.py:840} INFO - DAG(s) 'example_xcom' retrieved from /home/airflow/.local/lib/python3.8/site-packages/airflow/example_dags/example_xcom.py
[2026-04-16T04:05:32.218+0000] {logging_mixin.py:188} INFO - [2026-04-16T04:05:32.217+0000] {dag.py:3036} INFO - Sync 1 DAGs
[2026-04-16T04:05:32.237+0000] {logging_mixin.py:188} INFO - [2026-04-16T04:05:32.237+0000] {dag.py:3823} INFO - Setting next_dagrun for example_xcom to 2021-01-01 00:00:00+00:00, run_after=2021-01-01 00:00:00+00:00
[2026-04-16T04:05:32.259+0000] {processor.py:183} INFO - Processing /home/airflow/.local/lib/python3.8/site-packages/airflow/example_dags/example_xcom.py took 0.079 seconds
[2026-04-16T04:06:02.361+0000] {processor.py:161} INFO - Started process (PID=76030) to work on /home/airflow/.local/lib/python3.8/site-packages/airflow/example_dags/example_xcom.py
[2026-04-16T04:06:02.362+0000] {processor.py:830} INFO - Processing file /home/airflow/.local/lib/python3.8/site-packages/airflow/example_dags/example_xcom.py for tasks to queue
[2026-04-16T04:06:02.364+0000] {logging_mixin.py:188} INFO - [2026-04-16T04:06:02.363+0000] {dagbag.py:538} INFO - Filling up the DagBag from /home/airflow/.local/lib/python3.8/site-packages/airflow/example_dags/example_xcom.py
[2026-04-16T04:06:02.371+0000] {processor.py:840} INFO - DAG(s) 'example_xcom' retrieved from /home/airflow/.local/lib/python3.8/site-packages/airflow/example_dags/example_xcom.py
[2026-04-16T04:06:02.391+0000] {logging_mixin.py:188} INFO - [2026-04-16T04:06:02.391+0000] {dag.py:3036} INFO - Sync 1 DAGs
[2026-04-16T04:06:02.410+0000] {logging_mixin.py:188} INFO - [2026-04-16T04:06:02.410+0000] {dag.py:3823} INFO - Setting next_dagrun for example_xcom to 2021-01-01 00:00:00+00:00, run_after=2021-01-01 00:00:00+00:00
[2026-04-16T04:06:02.432+0000] {processor.py:183} INFO - Processing /home/airflow/.local/lib/python3.8/site-packages/airflow/example_dags/example_xcom.py took 0.074 seconds
[2026-04-16T04:06:33.062+0000] {processor.py:161} INFO - Started process (PID=76088) to work on /home/airflow/.local/lib/python3.8/site-packages/airflow/example_dags/example_xcom.py
[2026-04-16T04:06:33.064+0000] {processor.py:830} INFO - Processing file /home/airflow/.local/lib/python3.8/site-packages/airflow/example_dags/example_xcom.py for tasks to queue
[2026-04-16T04:06:33.066+0000] {logging_mixin.py:188} INFO - [2026-04-16T04:06:33.066+0000] {dagbag.py:538} INFO - Filling up the DagBag from /home/airflow/.local/lib/python3.8/site-packages/airflow/example_dags/example_xcom.py
[2026-04-16T04:06:33.074+0000] {processor.py:840} INFO - DAG(s) 'example_xcom' retrieved from /home/airflow/.local/lib/python3.8/site-packages/airflow/example_dags/example_xcom.py
[2026-04-16T04:06:33.098+0000] {logging_mixin.py:188} INFO - [2026-04-16T04:06:33.098+0000] {dag.py:3036} INFO - Sync 1 DAGs
[2026-04-16T04:06:33.120+0000] {logging_mixin.py:188} INFO - [2026-04-16T04:06:33.120+0000] {dag.py:3823} INFO - Setting next_dagrun for example_xcom to 2021-01-01 00:00:00+00:00, run_after=2021-01-01 00:00:00+00:00
[2026-04-16T04:06:33.145+0000] {processor.py:183} INFO - Processing /home/airflow/.local/lib/python3.8/site-packages/airflow/example_dags/example_xcom.py took 0.086 seconds
[2026-04-16T04:07:03.459+0000] {processor.py:161} INFO - Started process (PID=76145) to work on /home/airflow/.local/lib/python3.8/site-packages/airflow/example_dags/example_xcom.py
[2026-04-16T04:07:03.460+0000] {processor.py:830} INFO - Processing file /home/airflow/.local/lib/python3.8/site-packages/airflow/example_dags/example_xcom.py for tasks to queue
[2026-04-16T04:07:03.463+0000] {logging_mixin.py:188} INFO - [2026-04-16T04:07:03.462+0000] {dagbag.py:538} INFO - Filling up the DagBag from /home/airflow/.local/lib/python3.8/site-packages/airflow/example_dags/example_xcom.py
[2026-04-16T04:07:03.471+0000] {processor.py:840} INFO - DAG(s) 'example_xcom' retrieved from /home/airflow/.local/lib/python3.8/site-packages/airflow/example_dags/example_xcom.py
[2026-04-16T04:07:03.492+0000] {logging_mixin.py:188} INFO - [2026-04-16T04:07:03.492+0000] {dag.py:3036} INFO - Sync 1 DAGs
[2026-04-16T04:07:03.512+0000] {logging_mixin.py:188} INFO - [2026-04-16T04:07:03.512+0000] {dag.py:3823} INFO - Setting next_dagrun for example_xcom to 2021-01-01 00:00:00+00:00, run_after=2021-01-01 00:00:00+00:00
[2026-04-16T04:07:03.543+0000] {processor.py:183} INFO - Processing /home/airflow/.local/lib/python3.8/site-packages/airflow/example_dags/example_xcom.py took 0.087 seconds
[2026-04-16T04:07:34.252+0000] {processor.py:161} INFO - Started process (PID=76202) to work on /home/airflow/.local/lib/python3.8/site-packages/airflow/example_dags/example_xcom.py
[2026-04-16T04:07:34.253+0000] {processor.py:830} INFO - Processing file /home/airflow/.local/lib/python3.8/site-packages/airflow/example_dags/example_xcom.py for tasks to queue
[2026-04-16T04:07:34.256+0000] {logging_mixin.py:188} INFO - [2026-04-16T04:07:34.255+0000] {dagbag.py:538} INFO - Filling up the DagBag from /home/airflow/.local/lib/python3.8/site-packages/airflow/example_dags/example_xcom.py
[2026-04-16T04:07:34.263+0000] {processor.py:840} INFO - DAG(s) 'example_xcom' retrieved from /home/airflow/.local/lib/python3.8/site-packages/airflow/example_dags/example_xcom.py
[2026-04-16T04:07:34.286+0000] {logging_mixin.py:188} INFO - [2026-04-16T04:07:34.286+0000] {dag.py:3036} INFO - Sync 1 DAGs
[2026-04-16T04:07:34.306+0000] {logging_mixin.py:188} INFO - [2026-04-16T04:07:34.305+0000] {dag.py:3823} INFO - Setting next_dagrun for example_xcom to 2021-01-01 00:00:00+00:00, run_after=2021-01-01 00:00:00+00:00
[2026-04-16T04:07:34.328+0000] {processor.py:183} INFO - Processing /home/airflow/.local/lib/python3.8/site-packages/airflow/example_dags/example_xcom.py took 0.079 seconds
[2026-04-16T04:08:04.681+0000] {processor.py:161} INFO - Started process (PID=76259) to work on /home/airflow/.local/lib/python3.8/site-packages/airflow/example_dags/example_xcom.py
[2026-04-16T04:08:04.682+0000] {processor.py:830} INFO - Processing file /home/airflow/.local/lib/python3.8/site-packages/airflow/example_dags/example_xcom.py for tasks to queue
[2026-04-16T04:08:04.684+0000] {logging_mixin.py:188} INFO - [2026-04-16T04:08:04.683+0000] {dagbag.py:538} INFO - Filling up the DagBag from /home/airflow/.local/lib/python3.8/site-packages/airflow/example_dags/example_xcom.py
[2026-04-16T04:08:04.691+0000] {processor.py:840} INFO - DAG(s) 'example_xcom' retrieved from /home/airflow/.local/lib/python3.8/site-packages/airflow/example_dags/example_xcom.py
[2026-04-16T04:08:04.713+0000] {logging_mixin.py:188} INFO - [2026-04-16T04:08:04.713+0000] {dag.py:3036} INFO - Sync 1 DAGs
[2026-04-16T04:08:04.733+0000] {logging_mixin.py:188} INFO - [2026-04-16T04:08:04.733+0000] {dag.py:3823} INFO - Setting next_dagrun for example_xcom to 2021-01-01 00:00:00+00:00, run_after=2021-01-01 00:00:00+00:00
[2026-04-16T04:08:04.755+0000] {processor.py:183} INFO - Processing /home/airflow/.local/lib/python3.8/site-packages/airflow/example_dags/example_xcom.py took 0.078 seconds
[2026-04-16T04:08:35.097+0000] {processor.py:161} INFO - Started process (PID=76316) to work on /home/airflow/.local/lib/python3.8/site-packages/airflow/example_dags/example_xcom.py
[2026-04-16T04:08:35.098+0000] {processor.py:830} INFO - Processing file /home/airflow/.local/lib/python3.8/site-packages/airflow/example_dags/example_xcom.py for tasks to queue
[2026-04-16T04:08:35.100+0000] {logging_mixin.py:188} INFO - [2026-04-16T04:08:35.100+0000] {dagbag.py:538} INFO - Filling up the DagBag from /home/airflow/.local/lib/python3.8/site-packages/airflow/example_dags/example_xcom.py
[2026-04-16T04:08:35.108+0000] {processor.py:840} INFO - DAG(s) 'example_xcom' retrieved from /home/airflow/.local/lib/python3.8/site-packages/airflow/example_dags/example_xcom.py
[2026-04-16T04:08:35.132+0000] {logging_mixin.py:188} INFO - [2026-04-16T04:08:35.132+0000] {dag.py:3036} INFO - Sync 1 DAGs
[2026-04-16T04:08:35.271+0000] {logging_mixin.py:188} INFO - [2026-04-16T04:08:35.271+0000] {dag.py:3823} INFO - Setting next_dagrun for example_xcom to 2021-01-01 00:00:00+00:00, run_after=2021-01-01 00:00:00+00:00
[2026-04-16T04:08:35.293+0000] {processor.py:183} INFO - Processing /home/airflow/.local/lib/python3.8/site-packages/airflow/example_dags/example_xcom.py took 0.199 seconds
[2026-04-16T04:09:05.421+0000] {processor.py:161} INFO - Started process (PID=76373) to work on /home/airflow/.local/lib/python3.8/site-packages/airflow/example_dags/example_xcom.py
[2026-04-16T04:09:05.423+0000] {processor.py:830} INFO - Processing file /home/airflow/.local/lib/python3.8/site-packages/airflow/example_dags/example_xcom.py for tasks to queue
[2026-04-16T04:09:05.425+0000] {logging_mixin.py:188} INFO - [2026-04-16T04:09:05.425+0000] {dagbag.py:538} INFO - Filling up the DagBag from /home/airflow/.local/lib/python3.8/site-packages/airflow/example_dags/example_xcom.py
[2026-04-16T04:09:05.432+0000] {processor.py:840} INFO - DAG(s) 'example_xcom' retrieved from /home/airflow/.local/lib/python3.8/site-packages/airflow/example_dags/example_xcom.py
[2026-04-16T04:09:05.455+0000] {logging_mixin.py:188} INFO - [2026-04-16T04:09:05.455+0000] {dag.py:3036} INFO - Sync 1 DAGs
[2026-04-16T04:09:05.620+0000] {logging_mixin.py:188} INFO - [2026-04-16T04:09:05.620+0000] {dag.py:3823} INFO - Setting next_dagrun for example_xcom to 2021-01-01 00:00:00+00:00, run_after=2021-01-01 00:00:00+00:00
[2026-04-16T04:09:05.639+0000] {processor.py:183} INFO - Processing /home/airflow/.local/lib/python3.8/site-packages/airflow/example_dags/example_xcom.py took 0.222 seconds
[2026-04-16T04:09:36.476+0000] {processor.py:161} INFO - Started process (PID=76430) to work on /home/airflow/.local/lib/python3.8/site-packages/airflow/example_dags/example_xcom.py
[2026-04-16T04:09:36.477+0000] {processor.py:830} INFO - Processing file /home/airflow/.local/lib/python3.8/site-packages/airflow/example_dags/example_xcom.py for tasks to queue
[2026-04-16T04:09:36.479+0000] {logging_mixin.py:188} INFO - [2026-04-16T04:09:36.479+0000] {dagbag.py:538} INFO - Filling up the DagBag from /home/airflow/.local/lib/python3.8/site-packages/airflow/example_dags/example_xcom.py
[2026-04-16T04:09:36.486+0000] {processor.py:840} INFO - DAG(s) 'example_xcom' retrieved from /home/airflow/.local/lib/python3.8/site-packages/airflow/example_dags/example_xcom.py
[2026-04-16T04:09:36.512+0000] {logging_mixin.py:188} INFO - [2026-04-16T04:09:36.511+0000] {dag.py:3036} INFO - Sync 1 DAGs
[2026-04-16T04:09:36.531+0000] {logging_mixin.py:188} INFO - [2026-04-16T04:09:36.531+0000] {dag.py:3823} INFO - Setting next_dagrun for example_xcom to 2021-01-01 00:00:00+00:00, run_after=2021-01-01 00:00:00+00:00
[2026-04-16T04:09:36.718+0000] {processor.py:183} INFO - Processing /home/airflow/.local/lib/python3.8/site-packages/airflow/example_dags/example_xcom.py took 0.246 seconds
[2026-04-16T04:10:07.566+0000] {processor.py:161} INFO - Started process (PID=76487) to work on /home/airflow/.local/lib/python3.8/site-packages/airflow/example_dags/example_xcom.py
[2026-04-16T04:10:07.568+0000] {processor.py:830} INFO - Processing file /home/airflow/.local/lib/python3.8/site-packages/airflow/example_dags/example_xcom.py for tasks to queue
[2026-04-16T04:10:07.570+0000] {logging_mixin.py:188} INFO - [2026-04-16T04:10:07.569+0000] {dagbag.py:538} INFO - Filling up the DagBag from /home/airflow/.local/lib/python3.8/site-packages/airflow/example_dags/example_xcom.py
[2026-04-16T04:10:07.577+0000] {processor.py:840} INFO - DAG(s) 'example_xcom' retrieved from /home/airflow/.local/lib/python3.8/site-packages/airflow/example_dags/example_xcom.py
[2026-04-16T04:10:07.605+0000] {logging_mixin.py:188} INFO - [2026-04-16T04:10:07.604+0000] {dag.py:3036} INFO - Sync 1 DAGs
[2026-04-16T04:10:07.626+0000] {logging_mixin.py:188} INFO - [2026-04-16T04:10:07.625+0000] {dag.py:3823} INFO - Setting next_dagrun for example_xcom to 2021-01-01 00:00:00+00:00, run_after=2021-01-01 00:00:00+00:00
[2026-04-16T04:10:07.647+0000] {processor.py:183} INFO - Processing /home/airflow/.local/lib/python3.8/site-packages/airflow/example_dags/example_xcom.py took 0.083 seconds
[2026-04-16T04:10:37.728+0000] {processor.py:161} INFO - Started process (PID=76543) to work on /home/airflow/.local/lib/python3.8/site-packages/airflow/example_dags/example_xcom.py
[2026-04-16T04:10:37.729+0000] {processor.py:830} INFO - Processing file /home/airflow/.local/lib/python3.8/site-packages/airflow/example_dags/example_xcom.py for tasks to queue
[2026-04-16T04:10:37.731+0000] {logging_mixin.py:188} INFO - [2026-04-16T04:10:37.731+0000] {dagbag.py:538} INFO - Filling up the DagBag from /home/airflow/.local/lib/python3.8/site-packages/airflow/example_dags/example_xcom.py
[2026-04-16T04:10:37.741+0000] {processor.py:840} INFO - DAG(s) 'example_xcom' retrieved from /home/airflow/.local/lib/python3.8/site-packages/airflow/example_dags/example_xcom.py
[2026-04-16T04:10:37.761+0000] {logging_mixin.py:188} INFO - [2026-04-16T04:10:37.761+0000] {dag.py:3036} INFO - Sync 1 DAGs
[2026-04-16T04:10:37.781+0000] {logging_mixin.py:188} INFO - [2026-04-16T04:10:37.781+0000] {dag.py:3823} INFO - Setting next_dagrun for example_xcom to 2021-01-01 00:00:00+00:00, run_after=2021-01-01 00:00:00+00:00
[2026-04-16T04:10:37.803+0000] {processor.py:183} INFO - Processing /home/airflow/.local/lib/python3.8/site-packages/airflow/example_dags/example_xcom.py took 0.079 seconds
[2026-04-16T04:11:08.202+0000] {processor.py:161} INFO - Started process (PID=76601) to work on /home/airflow/.local/lib/python3.8/site-packages/airflow/example_dags/example_xcom.py
[2026-04-16T04:11:08.203+0000] {processor.py:830} INFO - Processing file /home/airflow/.local/lib/python3.8/site-packages/airflow/example_dags/example_xcom.py for tasks to queue
[2026-04-16T04:11:08.205+0000] {logging_mixin.py:188} INFO - [2026-04-16T04:11:08.205+0000] {dagbag.py:538} INFO - Filling up the DagBag from /home/airflow/.local/lib/python3.8/site-packages/airflow/example_dags/example_xcom.py
[2026-04-16T04:11:08.213+0000] {processor.py:840} INFO - DAG(s) 'example_xcom' retrieved from /home/airflow/.local/lib/python3.8/site-packages/airflow/example_dags/example_xcom.py
[2026-04-16T04:11:08.242+0000] {logging_mixin.py:188} INFO - [2026-04-16T04:11:08.242+0000] {dag.py:3036} INFO - Sync 1 DAGs
[2026-04-16T04:11:08.271+0000] {logging_mixin.py:188} INFO - [2026-04-16T04:11:08.271+0000] {dag.py:3823} INFO - Setting next_dagrun for example_xcom to 2021-01-01 00:00:00+00:00, run_after=2021-01-01 00:00:00+00:00
[2026-04-16T04:11:08.299+0000] {processor.py:183} INFO - Processing /home/airflow/.local/lib/python3.8/site-packages/airflow/example_dags/example_xcom.py took 0.100 seconds
[2026-04-16T04:11:38.453+0000] {processor.py:161} INFO - Started process (PID=76658) to work on /home/airflow/.local/lib/python3.8/site-packages/airflow/example_dags/example_xcom.py
[2026-04-16T04:11:38.455+0000] {processor.py:830} INFO - Processing file /home/airflow/.local/lib/python3.8/site-packages/airflow/example_dags/example_xcom.py for tasks to queue
[2026-04-16T04:11:38.457+0000] {logging_mixin.py:188} INFO - [2026-04-16T04:11:38.457+0000] {dagbag.py:538} INFO - Filling up the DagBag from /home/airflow/.local/lib/python3.8/site-packages/airflow/example_dags/example_xcom.py
[2026-04-16T04:11:38.465+0000] {processor.py:840} INFO - DAG(s) 'example_xcom' retrieved from /home/airflow/.local/lib/python3.8/site-packages/airflow/example_dags/example_xcom.py
[2026-04-16T04:11:38.488+0000] {logging_mixin.py:188} INFO - [2026-04-16T04:11:38.488+0000] {dag.py:3036} INFO - Sync 1 DAGs
[2026-04-16T04:11:38.510+0000] {logging_mixin.py:188} INFO - [2026-04-16T04:11:38.510+0000] {dag.py:3823} INFO - Setting next_dagrun for example_xcom to 2021-01-01 00:00:00+00:00, run_after=2021-01-01 00:00:00+00:00
[2026-04-16T04:11:38.539+0000] {processor.py:183} INFO - Processing /home/airflow/.local/lib/python3.8/site-packages/airflow/example_dags/example_xcom.py took 0.090 seconds
[2026-04-16T04:12:09.205+0000] {processor.py:161} INFO - Started process (PID=76715) to work on /home/airflow/.local/lib/python3.8/site-packages/airflow/example_dags/example_xcom.py
[2026-04-16T04:12:09.207+0000] {processor.py:830} INFO - Processing file /home/airflow/.local/lib/python3.8/site-packages/airflow/example_dags/example_xcom.py for tasks to queue
[2026-04-16T04:12:09.209+0000] {logging_mixin.py:188} INFO - [2026-04-16T04:12:09.209+0000] {dagbag.py:538} INFO - Filling up the DagBag from /home/airflow/.local/lib/python3.8/site-packages/airflow/example_dags/example_xcom.py
[2026-04-16T04:12:09.220+0000] {processor.py:840} INFO - DAG(s) 'example_xcom' retrieved from /home/airflow/.local/lib/python3.8/site-packages/airflow/example_dags/example_xcom.py
[2026-04-16T04:12:09.255+0000] {logging_mixin.py:188} INFO - [2026-04-16T04:12:09.255+0000] {dag.py:3036} INFO - Sync 1 DAGs
[2026-04-16T04:12:09.296+0000] {logging_mixin.py:188} INFO - [2026-04-16T04:12:09.296+0000] {dag.py:3823} INFO - Setting next_dagrun for example_xcom to 2021-01-01 00:00:00+00:00, run_after=2021-01-01 00:00:00+00:00
[2026-04-16T04:12:09.323+0000] {processor.py:183} INFO - Processing /home/airflow/.local/lib/python3.8/site-packages/airflow/example_dags/example_xcom.py took 0.124 seconds
[2026-04-16T04:12:39.497+0000] {processor.py:161} INFO - Started process (PID=76772) to work on /home/airflow/.local/lib/python3.8/site-packages/airflow/example_dags/example_xcom.py
[2026-04-16T04:12:39.498+0000] {processor.py:830} INFO - Processing file /home/airflow/.local/lib/python3.8/site-packages/airflow/example_dags/example_xcom.py for tasks to queue
[2026-04-16T04:12:39.501+0000] {logging_mixin.py:188} INFO - [2026-04-16T04:12:39.500+0000] {dagbag.py:538} INFO - Filling up the DagBag from /home/airflow/.local/lib/python3.8/site-packages/airflow/example_dags/example_xcom.py
[2026-04-16T04:12:39.508+0000] {processor.py:840} INFO - DAG(s) 'example_xcom' retrieved from /home/airflow/.local/lib/python3.8/site-packages/airflow/example_dags/example_xcom.py
[2026-04-16T04:12:39.529+0000] {logging_mixin.py:188} INFO - [2026-04-16T04:12:39.529+0000] {dag.py:3036} INFO - Sync 1 DAGs
[2026-04-16T04:12:39.551+0000] {logging_mixin.py:188} INFO - [2026-04-16T04:12:39.550+0000] {dag.py:3823} INFO - Setting next_dagrun for example_xcom to 2021-01-01 00:00:00+00:00, run_after=2021-01-01 00:00:00+00:00
[2026-04-16T04:12:39.573+0000] {processor.py:183} INFO - Processing /home/airflow/.local/lib/python3.8/site-packages/airflow/example_dags/example_xcom.py took 0.079 seconds
[2026-04-16T04:13:09.989+0000] {processor.py:161} INFO - Started process (PID=76829) to work on /home/airflow/.local/lib/python3.8/site-packages/airflow/example_dags/example_xcom.py
[2026-04-16T04:13:09.991+0000] {processor.py:830} INFO - Processing file /home/airflow/.local/lib/python3.8/site-packages/airflow/example_dags/example_xcom.py for tasks to queue
[2026-04-16T04:13:09.992+0000] {logging_mixin.py:188} INFO - [2026-04-16T04:13:09.992+0000] {dagbag.py:538} INFO - Filling up the DagBag from /home/airflow/.local/lib/python3.8/site-packages/airflow/example_dags/example_xcom.py
[2026-04-16T04:13:10.000+0000] {processor.py:840} INFO - DAG(s) 'example_xcom' retrieved from /home/airflow/.local/lib/python3.8/site-packages/airflow/example_dags/example_xcom.py
[2026-04-16T04:13:10.022+0000] {logging_mixin.py:188} INFO - [2026-04-16T04:13:10.022+0000] {dag.py:3036} INFO - Sync 1 DAGs
[2026-04-16T04:13:10.042+0000] {logging_mixin.py:188} INFO - [2026-04-16T04:13:10.042+0000] {dag.py:3823} INFO - Setting next_dagrun for example_xcom to 2021-01-01 00:00:00+00:00, run_after=2021-01-01 00:00:00+00:00
[2026-04-16T04:13:10.065+0000] {processor.py:183} INFO - Processing /home/airflow/.local/lib/python3.8/site-packages/airflow/example_dags/example_xcom.py took 0.079 seconds
[2026-04-16T04:13:40.342+0000] {processor.py:161} INFO - Started process (PID=76886) to work on /home/airflow/.local/lib/python3.8/site-packages/airflow/example_dags/example_xcom.py
[2026-04-16T04:13:40.344+0000] {processor.py:830} INFO - Processing file /home/airflow/.local/lib/python3.8/site-packages/airflow/example_dags/example_xcom.py for tasks to queue
[2026-04-16T04:13:40.346+0000] {logging_mixin.py:188} INFO - [2026-04-16T04:13:40.345+0000] {dagbag.py:538} INFO - Filling up the DagBag from /home/airflow/.local/lib/python3.8/site-packages/airflow/example_dags/example_xcom.py
[2026-04-16T04:13:40.353+0000] {processor.py:840} INFO - DAG(s) 'example_xcom' retrieved from /home/airflow/.local/lib/python3.8/site-packages/airflow/example_dags/example_xcom.py
[2026-04-16T04:13:40.374+0000] {logging_mixin.py:188} INFO - [2026-04-16T04:13:40.374+0000] {dag.py:3036} INFO - Sync 1 DAGs
[2026-04-16T04:13:40.396+0000] {logging_mixin.py:188} INFO - [2026-04-16T04:13:40.396+0000] {dag.py:3823} INFO - Setting next_dagrun for example_xcom to 2021-01-01 00:00:00+00:00, run_after=2021-01-01 00:00:00+00:00
[2026-04-16T04:13:40.419+0000] {processor.py:183} INFO - Processing /home/airflow/.local/lib/python3.8/site-packages/airflow/example_dags/example_xcom.py took 0.080 seconds
[2026-04-16T04:14:10.587+0000] {processor.py:161} INFO - Started process (PID=76943) to work on /home/airflow/.local/lib/python3.8/site-packages/airflow/example_dags/example_xcom.py
[2026-04-16T04:14:10.589+0000] {processor.py:830} INFO - Processing file /home/airflow/.local/lib/python3.8/site-packages/airflow/example_dags/example_xcom.py for tasks to queue
[2026-04-16T04:14:10.591+0000] {logging_mixin.py:188} INFO - [2026-04-16T04:14:10.590+0000] {dagbag.py:538} INFO - Filling up the DagBag from /home/airflow/.local/lib/python3.8/site-packages/airflow/example_dags/example_xcom.py
[2026-04-16T04:14:10.598+0000] {processor.py:840} INFO - DAG(s) 'example_xcom' retrieved from /home/airflow/.local/lib/python3.8/site-packages/airflow/example_dags/example_xcom.py
[2026-04-16T04:14:10.621+0000] {logging_mixin.py:188} INFO - [2026-04-16T04:14:10.621+0000] {dag.py:3036} INFO - Sync 1 DAGs
[2026-04-16T04:14:10.642+0000] {logging_mixin.py:188} INFO - [2026-04-16T04:14:10.642+0000] {dag.py:3823} INFO - Setting next_dagrun for example_xcom to 2021-01-01 00:00:00+00:00, run_after=2021-01-01 00:00:00+00:00
[2026-04-16T04:14:10.665+0000] {processor.py:183} INFO - Processing /home/airflow/.local/lib/python3.8/site-packages/airflow/example_dags/example_xcom.py took 0.081 seconds
[2026-04-16T04:14:40.924+0000] {processor.py:161} INFO - Started process (PID=77000) to work on /home/airflow/.local/lib/python3.8/site-packages/airflow/example_dags/example_xcom.py
[2026-04-16T04:14:40.926+0000] {processor.py:830} INFO - Processing file /home/airflow/.local/lib/python3.8/site-packages/airflow/example_dags/example_xcom.py for tasks to queue
[2026-04-16T04:14:40.928+0000] {logging_mixin.py:188} INFO - [2026-04-16T04:14:40.928+0000] {dagbag.py:538} INFO - Filling up the DagBag from /home/airflow/.local/lib/python3.8/site-packages/airflow/example_dags/example_xcom.py
[2026-04-16T04:14:40.937+0000] {processor.py:840} INFO - DAG(s) 'example_xcom' retrieved from /home/airflow/.local/lib/python3.8/site-packages/airflow/example_dags/example_xcom.py
[2026-04-16T04:14:40.962+0000] {logging_mixin.py:188} INFO - [2026-04-16T04:14:40.962+0000] {dag.py:3036} INFO - Sync 1 DAGs
[2026-04-16T04:14:40.986+0000] {logging_mixin.py:188} INFO - [2026-04-16T04:14:40.986+0000] {dag.py:3823} INFO - Setting next_dagrun for example_xcom to 2021-01-01 00:00:00+00:00, run_after=2021-01-01 00:00:00+00:00
[2026-04-16T04:14:41.010+0000] {processor.py:183} INFO - Processing /home/airflow/.local/lib/python3.8/site-packages/airflow/example_dags/example_xcom.py took 0.090 seconds
[2026-04-16T04:15:11.136+0000] {processor.py:161} INFO - Started process (PID=77057) to work on /home/airflow/.local/lib/python3.8/site-packages/airflow/example_dags/example_xcom.py
[2026-04-16T04:15:11.137+0000] {processor.py:830} INFO - Processing file /home/airflow/.local/lib/python3.8/site-packages/airflow/example_dags/example_xcom.py for tasks to queue
[2026-04-16T04:15:11.143+0000] {logging_mixin.py:188} INFO - [2026-04-16T04:15:11.142+0000] {dagbag.py:538} INFO - Filling up the DagBag from /home/airflow/.local/lib/python3.8/site-packages/airflow/example_dags/example_xcom.py
[2026-04-16T04:15:11.152+0000] {processor.py:840} INFO - DAG(s) 'example_xcom' retrieved from /home/airflow/.local/lib/python3.8/site-packages/airflow/example_dags/example_xcom.py
[2026-04-16T04:15:11.177+0000] {logging_mixin.py:188} INFO - [2026-04-16T04:15:11.176+0000] {dag.py:3036} INFO - Sync 1 DAGs
[2026-04-16T04:15:11.198+0000] {logging_mixin.py:188} INFO - [2026-04-16T04:15:11.198+0000] {dag.py:3823} INFO - Setting next_dagrun for example_xcom to 2021-01-01 00:00:00+00:00, run_after=2021-01-01 00:00:00+00:00
[2026-04-16T04:15:11.222+0000] {processor.py:183} INFO - Processing /home/airflow/.local/lib/python3.8/site-packages/airflow/example_dags/example_xcom.py took 0.091 seconds
[2026-04-16T04:15:41.491+0000] {processor.py:161} INFO - Started process (PID=77114) to work on /home/airflow/.local/lib/python3.8/site-packages/airflow/example_dags/example_xcom.py
[2026-04-16T04:15:41.492+0000] {processor.py:830} INFO - Processing file /home/airflow/.local/lib/python3.8/site-packages/airflow/example_dags/example_xcom.py for tasks to queue
[2026-04-16T04:15:41.495+0000] {logging_mixin.py:188} INFO - [2026-04-16T04:15:41.495+0000] {dagbag.py:538} INFO - Filling up the DagBag from /home/airflow/.local/lib/python3.8/site-packages/airflow/example_dags/example_xcom.py
[2026-04-16T04:15:41.503+0000] {processor.py:840} INFO - DAG(s) 'example_xcom' retrieved from /home/airflow/.local/lib/python3.8/site-packages/airflow/example_dags/example_xcom.py
[2026-04-16T04:15:41.526+0000] {logging_mixin.py:188} INFO - [2026-04-16T04:15:41.526+0000] {dag.py:3036} INFO - Sync 1 DAGs
[2026-04-16T04:15:41.547+0000] {logging_mixin.py:188} INFO - [2026-04-16T04:15:41.546+0000] {dag.py:3823} INFO - Setting next_dagrun for example_xcom to 2021-01-01 00:00:00+00:00, run_after=2021-01-01 00:00:00+00:00
[2026-04-16T04:15:41.568+0000] {processor.py:183} INFO - Processing /home/airflow/.local/lib/python3.8/site-packages/airflow/example_dags/example_xcom.py took 0.081 seconds
[2026-04-16T04:16:11.861+0000] {processor.py:161} INFO - Started process (PID=77171) to work on /home/airflow/.local/lib/python3.8/site-packages/airflow/example_dags/example_xcom.py
[2026-04-16T04:16:11.862+0000] {processor.py:830} INFO - Processing file /home/airflow/.local/lib/python3.8/site-packages/airflow/example_dags/example_xcom.py for tasks to queue
[2026-04-16T04:16:11.865+0000] {logging_mixin.py:188} INFO - [2026-04-16T04:16:11.864+0000] {dagbag.py:538} INFO - Filling up the DagBag from /home/airflow/.local/lib/python3.8/site-packages/airflow/example_dags/example_xcom.py
[2026-04-16T04:16:11.874+0000] {processor.py:840} INFO - DAG(s) 'example_xcom' retrieved from /home/airflow/.local/lib/python3.8/site-packages/airflow/example_dags/example_xcom.py
[2026-04-16T04:16:11.899+0000] {logging_mixin.py:188} INFO - [2026-04-16T04:16:11.898+0000] {dag.py:3036} INFO - Sync 1 DAGs
[2026-04-16T04:16:11.920+0000] {logging_mixin.py:188} INFO - [2026-04-16T04:16:11.920+0000] {dag.py:3823} INFO - Setting next_dagrun for example_xcom to 2021-01-01 00:00:00+00:00, run_after=2021-01-01 00:00:00+00:00
[2026-04-16T04:16:11.942+0000] {processor.py:183} INFO - Processing /home/airflow/.local/lib/python3.8/site-packages/airflow/example_dags/example_xcom.py took 0.085 seconds
[2026-04-16T04:16:42.258+0000] {processor.py:161} INFO - Started process (PID=77228) to work on /home/airflow/.local/lib/python3.8/site-packages/airflow/example_dags/example_xcom.py
[2026-04-16T04:16:42.259+0000] {processor.py:830} INFO - Processing file /home/airflow/.local/lib/python3.8/site-packages/airflow/example_dags/example_xcom.py for tasks to queue
[2026-04-16T04:16:42.262+0000] {logging_mixin.py:188} INFO - [2026-04-16T04:16:42.262+0000] {dagbag.py:538} INFO - Filling up the DagBag from /home/airflow/.local/lib/python3.8/site-packages/airflow/example_dags/example_xcom.py
[2026-04-16T04:16:42.270+0000] {processor.py:840} INFO - DAG(s) 'example_xcom' retrieved from /home/airflow/.local/lib/python3.8/site-packages/airflow/example_dags/example_xcom.py
[2026-04-16T04:16:42.294+0000] {logging_mixin.py:188} INFO - [2026-04-16T04:16:42.293+0000] {dag.py:3036} INFO - Sync 1 DAGs
[2026-04-16T04:16:42.314+0000] {logging_mixin.py:188} INFO - [2026-04-16T04:16:42.313+0000] {dag.py:3823} INFO - Setting next_dagrun for example_xcom to 2021-01-01 00:00:00+00:00, run_after=2021-01-01 00:00:00+00:00
[2026-04-16T04:16:42.338+0000] {processor.py:183} INFO - Processing /home/airflow/.local/lib/python3.8/site-packages/airflow/example_dags/example_xcom.py took 0.083 seconds
[2026-04-16T04:17:12.502+0000] {processor.py:161} INFO - Started process (PID=77285) to work on /home/airflow/.local/lib/python3.8/site-packages/airflow/example_dags/example_xcom.py
[2026-04-16T04:17:12.503+0000] {processor.py:830} INFO - Processing file /home/airflow/.local/lib/python3.8/site-packages/airflow/example_dags/example_xcom.py for tasks to queue
[2026-04-16T04:17:12.506+0000] {logging_mixin.py:188} INFO - [2026-04-16T04:17:12.505+0000] {dagbag.py:538} INFO - Filling up the DagBag from /home/airflow/.local/lib/python3.8/site-packages/airflow/example_dags/example_xcom.py
[2026-04-16T04:17:12.513+0000] {processor.py:840} INFO - DAG(s) 'example_xcom' retrieved from /home/airflow/.local/lib/python3.8/site-packages/airflow/example_dags/example_xcom.py
[2026-04-16T04:17:12.535+0000] {logging_mixin.py:188} INFO - [2026-04-16T04:17:12.535+0000] {dag.py:3036} INFO - Sync 1 DAGs
[2026-04-16T04:17:12.556+0000] {logging_mixin.py:188} INFO - [2026-04-16T04:17:12.555+0000] {dag.py:3823} INFO - Setting next_dagrun for example_xcom to 2021-01-01 00:00:00+00:00, run_after=2021-01-01 00:00:00+00:00
[2026-04-16T04:17:12.580+0000] {processor.py:183} INFO - Processing /home/airflow/.local/lib/python3.8/site-packages/airflow/example_dags/example_xcom.py took 0.081 seconds
[2026-04-16T04:17:42.757+0000] {processor.py:161} INFO - Started process (PID=77342) to work on /home/airflow/.local/lib/python3.8/site-packages/airflow/example_dags/example_xcom.py
[2026-04-16T04:17:42.758+0000] {processor.py:830} INFO - Processing file /home/airflow/.local/lib/python3.8/site-packages/airflow/example_dags/example_xcom.py for tasks to queue
[2026-04-16T04:17:42.761+0000] {logging_mixin.py:188} INFO - [2026-04-16T04:17:42.760+0000] {dagbag.py:538} INFO - Filling up the DagBag from /home/airflow/.local/lib/python3.8/site-packages/airflow/example_dags/example_xcom.py
[2026-04-16T04:17:42.768+0000] {processor.py:840} INFO - DAG(s) 'example_xcom' retrieved from /home/airflow/.local/lib/python3.8/site-packages/airflow/example_dags/example_xcom.py
[2026-04-16T04:17:42.791+0000] {logging_mixin.py:188} INFO - [2026-04-16T04:17:42.790+0000] {dag.py:3036} INFO - Sync 1 DAGs
[2026-04-16T04:17:42.812+0000] {logging_mixin.py:188} INFO - [2026-04-16T04:17:42.811+0000] {dag.py:3823} INFO - Setting next_dagrun for example_xcom to 2021-01-01 00:00:00+00:00, run_after=2021-01-01 00:00:00+00:00
[2026-04-16T04:17:42.834+0000] {processor.py:183} INFO - Processing /home/airflow/.local/lib/python3.8/site-packages/airflow/example_dags/example_xcom.py took 0.080 seconds
[2026-04-16T04:18:13.095+0000] {processor.py:161} INFO - Started process (PID=77399) to work on /home/airflow/.local/lib/python3.8/site-packages/airflow/example_dags/example_xcom.py
[2026-04-16T04:18:13.096+0000] {processor.py:830} INFO - Processing file /home/airflow/.local/lib/python3.8/site-packages/airflow/example_dags/example_xcom.py for tasks to queue
[2026-04-16T04:18:13.098+0000] {logging_mixin.py:188} INFO - [2026-04-16T04:18:13.098+0000] {dagbag.py:538} INFO - Filling up the DagBag from /home/airflow/.local/lib/python3.8/site-packages/airflow/example_dags/example_xcom.py
[2026-04-16T04:18:13.105+0000] {processor.py:840} INFO - DAG(s) 'example_xcom' retrieved from /home/airflow/.local/lib/python3.8/site-packages/airflow/example_dags/example_xcom.py
[2026-04-16T04:18:13.129+0000] {logging_mixin.py:188} INFO - [2026-04-16T04:18:13.129+0000] {dag.py:3036} INFO - Sync 1 DAGs
[2026-04-16T04:18:13.151+0000] {logging_mixin.py:188} INFO - [2026-04-16T04:18:13.150+0000] {dag.py:3823} INFO - Setting next_dagrun for example_xcom to 2021-01-01 00:00:00+00:00, run_after=2021-01-01 00:00:00+00:00
[2026-04-16T04:18:13.173+0000] {processor.py:183} INFO - Processing /home/airflow/.local/lib/python3.8/site-packages/airflow/example_dags/example_xcom.py took 0.081 seconds
[2026-04-16T04:18:43.622+0000] {processor.py:161} INFO - Started process (PID=77456) to work on /home/airflow/.local/lib/python3.8/site-packages/airflow/example_dags/example_xcom.py
[2026-04-16T04:18:43.623+0000] {processor.py:830} INFO - Processing file /home/airflow/.local/lib/python3.8/site-packages/airflow/example_dags/example_xcom.py for tasks to queue
[2026-04-16T04:18:43.625+0000] {logging_mixin.py:188} INFO - [2026-04-16T04:18:43.625+0000] {dagbag.py:538} INFO - Filling up the DagBag from /home/airflow/.local/lib/python3.8/site-packages/airflow/example_dags/example_xcom.py
[2026-04-16T04:18:43.632+0000] {processor.py:840} INFO - DAG(s) 'example_xcom' retrieved from /home/airflow/.local/lib/python3.8/site-packages/airflow/example_dags/example_xcom.py
[2026-04-16T04:18:43.652+0000] {logging_mixin.py:188} INFO - [2026-04-16T04:18:43.652+0000] {dag.py:3036} INFO - Sync 1 DAGs
[2026-04-16T04:18:43.674+0000] {logging_mixin.py:188} INFO - [2026-04-16T04:18:43.673+0000] {dag.py:3823} INFO - Setting next_dagrun for example_xcom to 2021-01-01 00:00:00+00:00, run_after=2021-01-01 00:00:00+00:00
[2026-04-16T04:18:43.697+0000] {processor.py:183} INFO - Processing /home/airflow/.local/lib/python3.8/site-packages/airflow/example_dags/example_xcom.py took 0.078 seconds
[2026-04-16T04:19:13.966+0000] {processor.py:161} INFO - Started process (PID=77513) to work on /home/airflow/.local/lib/python3.8/site-packages/airflow/example_dags/example_xcom.py
[2026-04-16T04:19:13.967+0000] {processor.py:830} INFO - Processing file /home/airflow/.local/lib/python3.8/site-packages/airflow/example_dags/example_xcom.py for tasks to queue
[2026-04-16T04:19:13.970+0000] {logging_mixin.py:188} INFO - [2026-04-16T04:19:13.969+0000] {dagbag.py:538} INFO - Filling up the DagBag from /home/airflow/.local/lib/python3.8/site-packages/airflow/example_dags/example_xcom.py
[2026-04-16T04:19:13.977+0000] {processor.py:840} INFO - DAG(s) 'example_xcom' retrieved from /home/airflow/.local/lib/python3.8/site-packages/airflow/example_dags/example_xcom.py
[2026-04-16T04:19:13.999+0000] {logging_mixin.py:188} INFO - [2026-04-16T04:19:13.998+0000] {dag.py:3036} INFO - Sync 1 DAGs
[2026-04-16T04:19:14.022+0000] {logging_mixin.py:188} INFO - [2026-04-16T04:19:14.022+0000] {dag.py:3823} INFO - Setting next_dagrun for example_xcom to 2021-01-01 00:00:00+00:00, run_after=2021-01-01 00:00:00+00:00
[2026-04-16T04:19:14.046+0000] {processor.py:183} INFO - Processing /home/airflow/.local/lib/python3.8/site-packages/airflow/example_dags/example_xcom.py took 0.084 seconds
[2026-04-16T04:19:44.426+0000] {processor.py:161} INFO - Started process (PID=77570) to work on /home/airflow/.local/lib/python3.8/site-packages/airflow/example_dags/example_xcom.py
[2026-04-16T04:19:44.427+0000] {processor.py:830} INFO - Processing file /home/airflow/.local/lib/python3.8/site-packages/airflow/example_dags/example_xcom.py for tasks to queue
[2026-04-16T04:19:44.429+0000] {logging_mixin.py:188} INFO - [2026-04-16T04:19:44.429+0000] {dagbag.py:538} INFO - Filling up the DagBag from /home/airflow/.local/lib/python3.8/site-packages/airflow/example_dags/example_xcom.py
[2026-04-16T04:19:44.437+0000] {processor.py:840} INFO - DAG(s) 'example_xcom' retrieved from /home/airflow/.local/lib/python3.8/site-packages/airflow/example_dags/example_xcom.py
[2026-04-16T04:19:44.459+0000] {logging_mixin.py:188} INFO - [2026-04-16T04:19:44.459+0000] {dag.py:3036} INFO - Sync 1 DAGs
[2026-04-16T04:19:44.482+0000] {logging_mixin.py:188} INFO - [2026-04-16T04:19:44.482+0000] {dag.py:3823} INFO - Setting next_dagrun for example_xcom to 2021-01-01 00:00:00+00:00, run_after=2021-01-01 00:00:00+00:00
[2026-04-16T04:19:44.509+0000] {processor.py:183} INFO - Processing /home/airflow/.local/lib/python3.8/site-packages/airflow/example_dags/example_xcom.py took 0.087 seconds
[2026-04-16T04:20:14.746+0000] {processor.py:161} INFO - Started process (PID=77627) to work on /home/airflow/.local/lib/python3.8/site-packages/airflow/example_dags/example_xcom.py
[2026-04-16T04:20:14.747+0000] {processor.py:830} INFO - Processing file /home/airflow/.local/lib/python3.8/site-packages/airflow/example_dags/example_xcom.py for tasks to queue
[2026-04-16T04:20:14.749+0000] {logging_mixin.py:188} INFO - [2026-04-16T04:20:14.749+0000] {dagbag.py:538} INFO - Filling up the DagBag from /home/airflow/.local/lib/python3.8/site-packages/airflow/example_dags/example_xcom.py
[2026-04-16T04:20:14.757+0000] {processor.py:840} INFO - DAG(s) 'example_xcom' retrieved from /home/airflow/.local/lib/python3.8/site-packages/airflow/example_dags/example_xcom.py
[2026-04-16T04:20:14.780+0000] {logging_mixin.py:188} INFO - [2026-04-16T04:20:14.780+0000] {dag.py:3036} INFO - Sync 1 DAGs
[2026-04-16T04:20:14.800+0000] {logging_mixin.py:188} INFO - [2026-04-16T04:20:14.800+0000] {dag.py:3823} INFO - Setting next_dagrun for example_xcom to 2021-01-01 00:00:00+00:00, run_after=2021-01-01 00:00:00+00:00
[2026-04-16T04:20:14.823+0000] {processor.py:183} INFO - Processing /home/airflow/.local/lib/python3.8/site-packages/airflow/example_dags/example_xcom.py took 0.081 seconds
[2026-04-16T04:20:45.429+0000] {processor.py:161} INFO - Started process (PID=77684) to work on /home/airflow/.local/lib/python3.8/site-packages/airflow/example_dags/example_xcom.py
[2026-04-16T04:20:45.431+0000] {processor.py:830} INFO - Processing file /home/airflow/.local/lib/python3.8/site-packages/airflow/example_dags/example_xcom.py for tasks to queue
[2026-04-16T04:20:45.433+0000] {logging_mixin.py:188} INFO - [2026-04-16T04:20:45.433+0000] {dagbag.py:538} INFO - Filling up the DagBag from /home/airflow/.local/lib/python3.8/site-packages/airflow/example_dags/example_xcom.py
[2026-04-16T04:20:45.440+0000] {processor.py:840} INFO - DAG(s) 'example_xcom' retrieved from /home/airflow/.local/lib/python3.8/site-packages/airflow/example_dags/example_xcom.py
[2026-04-16T04:20:45.464+0000] {logging_mixin.py:188} INFO - [2026-04-16T04:20:45.464+0000] {dag.py:3036} INFO - Sync 1 DAGs
[2026-04-16T04:20:45.489+0000] {logging_mixin.py:188} INFO - [2026-04-16T04:20:45.489+0000] {dag.py:3823} INFO - Setting next_dagrun for example_xcom to 2021-01-01 00:00:00+00:00, run_after=2021-01-01 00:00:00+00:00
[2026-04-16T04:20:45.510+0000] {processor.py:183} INFO - Processing /home/airflow/.local/lib/python3.8/site-packages/airflow/example_dags/example_xcom.py took 0.084 seconds
[2026-04-16T04:21:15.835+0000] {processor.py:161} INFO - Started process (PID=77741) to work on /home/airflow/.local/lib/python3.8/site-packages/airflow/example_dags/example_xcom.py
[2026-04-16T04:21:15.837+0000] {processor.py:830} INFO - Processing file /home/airflow/.local/lib/python3.8/site-packages/airflow/example_dags/example_xcom.py for tasks to queue
[2026-04-16T04:21:15.839+0000] {logging_mixin.py:188} INFO - [2026-04-16T04:21:15.839+0000] {dagbag.py:538} INFO - Filling up the DagBag from /home/airflow/.local/lib/python3.8/site-packages/airflow/example_dags/example_xcom.py
[2026-04-16T04:21:15.847+0000] {processor.py:840} INFO - DAG(s) 'example_xcom' retrieved from /home/airflow/.local/lib/python3.8/site-packages/airflow/example_dags/example_xcom.py
[2026-04-16T04:21:15.869+0000] {logging_mixin.py:188} INFO - [2026-04-16T04:21:15.868+0000] {dag.py:3036} INFO - Sync 1 DAGs
[2026-04-16T04:21:15.888+0000] {logging_mixin.py:188} INFO - [2026-04-16T04:21:15.887+0000] {dag.py:3823} INFO - Setting next_dagrun for example_xcom to 2021-01-01 00:00:00+00:00, run_after=2021-01-01 00:00:00+00:00
[2026-04-16T04:21:15.909+0000] {processor.py:183} INFO - Processing /home/airflow/.local/lib/python3.8/site-packages/airflow/example_dags/example_xcom.py took 0.077 seconds
[2026-04-16T04:21:46.323+0000] {processor.py:161} INFO - Started process (PID=77798) to work on /home/airflow/.local/lib/python3.8/site-packages/airflow/example_dags/example_xcom.py
[2026-04-16T04:21:46.325+0000] {processor.py:830} INFO - Processing file /home/airflow/.local/lib/python3.8/site-packages/airflow/example_dags/example_xcom.py for tasks to queue
[2026-04-16T04:21:46.327+0000] {logging_mixin.py:188} INFO - [2026-04-16T04:21:46.327+0000] {dagbag.py:538} INFO - Filling up the DagBag from /home/airflow/.local/lib/python3.8/site-packages/airflow/example_dags/example_xcom.py
[2026-04-16T04:21:46.336+0000] {processor.py:840} INFO - DAG(s) 'example_xcom' retrieved from /home/airflow/.local/lib/python3.8/site-packages/airflow/example_dags/example_xcom.py
[2026-04-16T04:21:46.360+0000] {logging_mixin.py:188} INFO - [2026-04-16T04:21:46.360+0000] {dag.py:3036} INFO - Sync 1 DAGs
[2026-04-16T04:21:46.383+0000] {logging_mixin.py:188} INFO - [2026-04-16T04:21:46.383+0000] {dag.py:3823} INFO - Setting next_dagrun for example_xcom to 2021-01-01 00:00:00+00:00, run_after=2021-01-01 00:00:00+00:00
[2026-04-16T04:21:46.409+0000] {processor.py:183} INFO - Processing /home/airflow/.local/lib/python3.8/site-packages/airflow/example_dags/example_xcom.py took 0.090 seconds
[2026-04-16T04:22:16.707+0000] {processor.py:161} INFO - Started process (PID=77855) to work on /home/airflow/.local/lib/python3.8/site-packages/airflow/example_dags/example_xcom.py
[2026-04-16T04:22:16.708+0000] {processor.py:830} INFO - Processing file /home/airflow/.local/lib/python3.8/site-packages/airflow/example_dags/example_xcom.py for tasks to queue
[2026-04-16T04:22:16.710+0000] {logging_mixin.py:188} INFO - [2026-04-16T04:22:16.709+0000] {dagbag.py:538} INFO - Filling up the DagBag from /home/airflow/.local/lib/python3.8/site-packages/airflow/example_dags/example_xcom.py
[2026-04-16T04:22:16.717+0000] {processor.py:840} INFO - DAG(s) 'example_xcom' retrieved from /home/airflow/.local/lib/python3.8/site-packages/airflow/example_dags/example_xcom.py
[2026-04-16T04:22:16.740+0000] {logging_mixin.py:188} INFO - [2026-04-16T04:22:16.740+0000] {dag.py:3036} INFO - Sync 1 DAGs
[2026-04-16T04:22:16.762+0000] {logging_mixin.py:188} INFO - [2026-04-16T04:22:16.761+0000] {dag.py:3823} INFO - Setting next_dagrun for example_xcom to 2021-01-01 00:00:00+00:00, run_after=2021-01-01 00:00:00+00:00
[2026-04-16T04:22:16.784+0000] {processor.py:183} INFO - Processing /home/airflow/.local/lib/python3.8/site-packages/airflow/example_dags/example_xcom.py took 0.081 seconds
[2026-04-16T04:22:47.548+0000] {processor.py:161} INFO - Started process (PID=77912) to work on /home/airflow/.local/lib/python3.8/site-packages/airflow/example_dags/example_xcom.py
[2026-04-16T04:22:47.549+0000] {processor.py:830} INFO - Processing file /home/airflow/.local/lib/python3.8/site-packages/airflow/example_dags/example_xcom.py for tasks to queue
[2026-04-16T04:22:47.551+0000] {logging_mixin.py:188} INFO - [2026-04-16T04:22:47.551+0000] {dagbag.py:538} INFO - Filling up the DagBag from /home/airflow/.local/lib/python3.8/site-packages/airflow/example_dags/example_xcom.py
[2026-04-16T04:22:47.558+0000] {processor.py:840} INFO - DAG(s) 'example_xcom' retrieved from /home/airflow/.local/lib/python3.8/site-packages/airflow/example_dags/example_xcom.py
[2026-04-16T04:22:47.582+0000] {logging_mixin.py:188} INFO - [2026-04-16T04:22:47.582+0000] {dag.py:3036} INFO - Sync 1 DAGs
[2026-04-16T04:22:47.602+0000] {logging_mixin.py:188} INFO - [2026-04-16T04:22:47.602+0000] {dag.py:3823} INFO - Setting next_dagrun for example_xcom to 2021-01-01 00:00:00+00:00, run_after=2021-01-01 00:00:00+00:00
[2026-04-16T04:22:47.636+0000] {processor.py:183} INFO - Processing /home/airflow/.local/lib/python3.8/site-packages/airflow/example_dags/example_xcom.py took 0.092 seconds
[2026-04-16T04:23:18.038+0000] {processor.py:161} INFO - Started process (PID=77969) to work on /home/airflow/.local/lib/python3.8/site-packages/airflow/example_dags/example_xcom.py
[2026-04-16T04:23:18.040+0000] {processor.py:830} INFO - Processing file /home/airflow/.local/lib/python3.8/site-packages/airflow/example_dags/example_xcom.py for tasks to queue
[2026-04-16T04:23:18.042+0000] {logging_mixin.py:188} INFO - [2026-04-16T04:23:18.042+0000] {dagbag.py:538} INFO - Filling up the DagBag from /home/airflow/.local/lib/python3.8/site-packages/airflow/example_dags/example_xcom.py
[2026-04-16T04:23:18.050+0000] {processor.py:840} INFO - DAG(s) 'example_xcom' retrieved from /home/airflow/.local/lib/python3.8/site-packages/airflow/example_dags/example_xcom.py
[2026-04-16T04:23:18.073+0000] {logging_mixin.py:188} INFO - [2026-04-16T04:23:18.073+0000] {dag.py:3036} INFO - Sync 1 DAGs
[2026-04-16T04:23:18.093+0000] {logging_mixin.py:188} INFO - [2026-04-16T04:23:18.093+0000] {dag.py:3823} INFO - Setting next_dagrun for example_xcom to 2021-01-01 00:00:00+00:00, run_after=2021-01-01 00:00:00+00:00
[2026-04-16T04:23:18.116+0000] {processor.py:183} INFO - Processing /home/airflow/.local/lib/python3.8/site-packages/airflow/example_dags/example_xcom.py took 0.080 seconds
[2026-04-16T04:23:48.617+0000] {processor.py:161} INFO - Started process (PID=78026) to work on /home/airflow/.local/lib/python3.8/site-packages/airflow/example_dags/example_xcom.py
[2026-04-16T04:23:48.618+0000] {processor.py:830} INFO - Processing file /home/airflow/.local/lib/python3.8/site-packages/airflow/example_dags/example_xcom.py for tasks to queue
[2026-04-16T04:23:48.620+0000] {logging_mixin.py:188} INFO - [2026-04-16T04:23:48.620+0000] {dagbag.py:538} INFO - Filling up the DagBag from /home/airflow/.local/lib/python3.8/site-packages/airflow/example_dags/example_xcom.py
[2026-04-16T04:23:48.629+0000] {processor.py:840} INFO - DAG(s) 'example_xcom' retrieved from /home/airflow/.local/lib/python3.8/site-packages/airflow/example_dags/example_xcom.py
[2026-04-16T04:23:48.654+0000] {logging_mixin.py:188} INFO - [2026-04-16T04:23:48.654+0000] {dag.py:3036} INFO - Sync 1 DAGs
[2026-04-16T04:23:48.678+0000] {logging_mixin.py:188} INFO - [2026-04-16T04:23:48.678+0000] {dag.py:3823} INFO - Setting next_dagrun for example_xcom to 2021-01-01 00:00:00+00:00, run_after=2021-01-01 00:00:00+00:00
[2026-04-16T04:23:48.703+0000] {processor.py:183} INFO - Processing /home/airflow/.local/lib/python3.8/site-packages/airflow/example_dags/example_xcom.py took 0.090 seconds
[2026-04-16T04:24:19.068+0000] {processor.py:161} INFO - Started process (PID=78083) to work on /home/airflow/.local/lib/python3.8/site-packages/airflow/example_dags/example_xcom.py
[2026-04-16T04:24:19.070+0000] {processor.py:830} INFO - Processing file /home/airflow/.local/lib/python3.8/site-packages/airflow/example_dags/example_xcom.py for tasks to queue
[2026-04-16T04:24:19.072+0000] {logging_mixin.py:188} INFO - [2026-04-16T04:24:19.072+0000] {dagbag.py:538} INFO - Filling up the DagBag from /home/airflow/.local/lib/python3.8/site-packages/airflow/example_dags/example_xcom.py
[2026-04-16T04:24:19.080+0000] {processor.py:840} INFO - DAG(s) 'example_xcom' retrieved from /home/airflow/.local/lib/python3.8/site-packages/airflow/example_dags/example_xcom.py
[2026-04-16T04:24:19.106+0000] {logging_mixin.py:188} INFO - [2026-04-16T04:24:19.106+0000] {dag.py:3036} INFO - Sync 1 DAGs
[2026-04-16T04:24:19.130+0000] {logging_mixin.py:188} INFO - [2026-04-16T04:24:19.130+0000] {dag.py:3823} INFO - Setting next_dagrun for example_xcom to 2021-01-01 00:00:00+00:00, run_after=2021-01-01 00:00:00+00:00
[2026-04-16T04:24:19.156+0000] {processor.py:183} INFO - Processing /home/airflow/.local/lib/python3.8/site-packages/airflow/example_dags/example_xcom.py took 0.091 seconds
[2026-04-16T04:24:49.824+0000] {processor.py:161} INFO - Started process (PID=78140) to work on /home/airflow/.local/lib/python3.8/site-packages/airflow/example_dags/example_xcom.py
[2026-04-16T04:24:49.825+0000] {processor.py:830} INFO - Processing file /home/airflow/.local/lib/python3.8/site-packages/airflow/example_dags/example_xcom.py for tasks to queue
[2026-04-16T04:24:49.827+0000] {logging_mixin.py:188} INFO - [2026-04-16T04:24:49.827+0000] {dagbag.py:538} INFO - Filling up the DagBag from /home/airflow/.local/lib/python3.8/site-packages/airflow/example_dags/example_xcom.py
[2026-04-16T04:24:49.834+0000] {processor.py:840} INFO - DAG(s) 'example_xcom' retrieved from /home/airflow/.local/lib/python3.8/site-packages/airflow/example_dags/example_xcom.py
[2026-04-16T04:24:49.857+0000] {logging_mixin.py:188} INFO - [2026-04-16T04:24:49.856+0000] {dag.py:3036} INFO - Sync 1 DAGs
[2026-04-16T04:24:49.876+0000] {logging_mixin.py:188} INFO - [2026-04-16T04:24:49.876+0000] {dag.py:3823} INFO - Setting next_dagrun for example_xcom to 2021-01-01 00:00:00+00:00, run_after=2021-01-01 00:00:00+00:00
[2026-04-16T04:24:49.951+0000] {processor.py:183} INFO - Processing /home/airflow/.local/lib/python3.8/site-packages/airflow/example_dags/example_xcom.py took 0.130 seconds
[2026-04-16T04:25:20.116+0000] {processor.py:161} INFO - Started process (PID=78197) to work on /home/airflow/.local/lib/python3.8/site-packages/airflow/example_dags/example_xcom.py
[2026-04-16T04:25:20.118+0000] {processor.py:830} INFO - Processing file /home/airflow/.local/lib/python3.8/site-packages/airflow/example_dags/example_xcom.py for tasks to queue
[2026-04-16T04:25:20.121+0000] {logging_mixin.py:188} INFO - [2026-04-16T04:25:20.120+0000] {dagbag.py:538} INFO - Filling up the DagBag from /home/airflow/.local/lib/python3.8/site-packages/airflow/example_dags/example_xcom.py
[2026-04-16T04:25:20.133+0000] {processor.py:840} INFO - DAG(s) 'example_xcom' retrieved from /home/airflow/.local/lib/python3.8/site-packages/airflow/example_dags/example_xcom.py
[2026-04-16T04:25:20.166+0000] {logging_mixin.py:188} INFO - [2026-04-16T04:25:20.166+0000] {dag.py:3036} INFO - Sync 1 DAGs
[2026-04-16T04:25:20.210+0000] {logging_mixin.py:188} INFO - [2026-04-16T04:25:20.210+0000] {dag.py:3823} INFO - Setting next_dagrun for example_xcom to 2021-01-01 00:00:00+00:00, run_after=2021-01-01 00:00:00+00:00
[2026-04-16T04:25:20.243+0000] {processor.py:183} INFO - Processing /home/airflow/.local/lib/python3.8/site-packages/airflow/example_dags/example_xcom.py took 0.132 seconds
[2026-04-16T04:25:50.800+0000] {processor.py:161} INFO - Started process (PID=78254) to work on /home/airflow/.local/lib/python3.8/site-packages/airflow/example_dags/example_xcom.py
[2026-04-16T04:25:50.801+0000] {processor.py:830} INFO - Processing file /home/airflow/.local/lib/python3.8/site-packages/airflow/example_dags/example_xcom.py for tasks to queue
[2026-04-16T04:25:50.803+0000] {logging_mixin.py:188} INFO - [2026-04-16T04:25:50.803+0000] {dagbag.py:538} INFO - Filling up the DagBag from /home/airflow/.local/lib/python3.8/site-packages/airflow/example_dags/example_xcom.py
[2026-04-16T04:25:50.812+0000] {processor.py:840} INFO - DAG(s) 'example_xcom' retrieved from /home/airflow/.local/lib/python3.8/site-packages/airflow/example_dags/example_xcom.py
[2026-04-16T04:25:50.837+0000] {logging_mixin.py:188} INFO - [2026-04-16T04:25:50.837+0000] {dag.py:3036} INFO - Sync 1 DAGs
[2026-04-16T04:25:50.862+0000] {logging_mixin.py:188} INFO - [2026-04-16T04:25:50.862+0000] {dag.py:3823} INFO - Setting next_dagrun for example_xcom to 2021-01-01 00:00:00+00:00, run_after=2021-01-01 00:00:00+00:00
[2026-04-16T04:25:50.891+0000] {processor.py:183} INFO - Processing /home/airflow/.local/lib/python3.8/site-packages/airflow/example_dags/example_xcom.py took 0.094 seconds
[2026-04-16T04:26:21.111+0000] {processor.py:161} INFO - Started process (PID=78311) to work on /home/airflow/.local/lib/python3.8/site-packages/airflow/example_dags/example_xcom.py
[2026-04-16T04:26:21.113+0000] {processor.py:830} INFO - Processing file /home/airflow/.local/lib/python3.8/site-packages/airflow/example_dags/example_xcom.py for tasks to queue
[2026-04-16T04:26:21.116+0000] {logging_mixin.py:188} INFO - [2026-04-16T04:26:21.115+0000] {dagbag.py:538} INFO - Filling up the DagBag from /home/airflow/.local/lib/python3.8/site-packages/airflow/example_dags/example_xcom.py
[2026-04-16T04:26:21.127+0000] {processor.py:840} INFO - DAG(s) 'example_xcom' retrieved from /home/airflow/.local/lib/python3.8/site-packages/airflow/example_dags/example_xcom.py
[2026-04-16T04:26:21.158+0000] {logging_mixin.py:188} INFO - [2026-04-16T04:26:21.158+0000] {dag.py:3036} INFO - Sync 1 DAGs
[2026-04-16T04:26:21.187+0000] {logging_mixin.py:188} INFO - [2026-04-16T04:26:21.186+0000] {dag.py:3823} INFO - Setting next_dagrun for example_xcom to 2021-01-01 00:00:00+00:00, run_after=2021-01-01 00:00:00+00:00
[2026-04-16T04:26:21.217+0000] {processor.py:183} INFO - Processing /home/airflow/.local/lib/python3.8/site-packages/airflow/example_dags/example_xcom.py took 0.111 seconds
