[2026-04-16T00:00:17.467+0000] {processor.py:161} INFO - Started process (PID=62347) to work on /home/airflow/.local/lib/python3.8/site-packages/airflow/example_dags/example_kubernetes_executor.py
[2026-04-16T00:00:17.471+0000] {processor.py:830} INFO - Processing file /home/airflow/.local/lib/python3.8/site-packages/airflow/example_dags/example_kubernetes_executor.py for tasks to queue
[2026-04-16T00:00:17.478+0000] {logging_mixin.py:188} INFO - [2026-04-16T00:00:17.477+0000] {dagbag.py:538} INFO - Filling up the DagBag from /home/airflow/.local/lib/python3.8/site-packages/airflow/example_dags/example_kubernetes_executor.py
[2026-04-16T00:00:17.526+0000] {processor.py:840} INFO - DAG(s) 'example_kubernetes_executor' retrieved from /home/airflow/.local/lib/python3.8/site-packages/airflow/example_dags/example_kubernetes_executor.py
[2026-04-16T00:00:17.647+0000] {logging_mixin.py:188} INFO - [2026-04-16T00:00:17.646+0000] {dag.py:3036} INFO - Sync 1 DAGs
[2026-04-16T00:00:17.681+0000] {logging_mixin.py:188} INFO - [2026-04-16T00:00:17.681+0000] {dag.py:3823} INFO - Setting next_dagrun for example_kubernetes_executor to None, run_after=None
[2026-04-16T00:00:17.739+0000] {processor.py:183} INFO - Processing /home/airflow/.local/lib/python3.8/site-packages/airflow/example_dags/example_kubernetes_executor.py took 0.282 seconds
[2026-04-16T00:00:48.610+0000] {processor.py:161} INFO - Started process (PID=62404) to work on /home/airflow/.local/lib/python3.8/site-packages/airflow/example_dags/example_kubernetes_executor.py
[2026-04-16T00:00:48.612+0000] {processor.py:830} INFO - Processing file /home/airflow/.local/lib/python3.8/site-packages/airflow/example_dags/example_kubernetes_executor.py for tasks to queue
[2026-04-16T00:00:48.621+0000] {logging_mixin.py:188} INFO - [2026-04-16T00:00:48.620+0000] {dagbag.py:538} INFO - Filling up the DagBag from /home/airflow/.local/lib/python3.8/site-packages/airflow/example_dags/example_kubernetes_executor.py
[2026-04-16T00:00:48.663+0000] {processor.py:840} INFO - DAG(s) 'example_kubernetes_executor' retrieved from /home/airflow/.local/lib/python3.8/site-packages/airflow/example_dags/example_kubernetes_executor.py
[2026-04-16T00:00:48.749+0000] {logging_mixin.py:188} INFO - [2026-04-16T00:00:48.749+0000] {dag.py:3036} INFO - Sync 1 DAGs
[2026-04-16T00:00:48.776+0000] {logging_mixin.py:188} INFO - [2026-04-16T00:00:48.776+0000] {dag.py:3823} INFO - Setting next_dagrun for example_kubernetes_executor to None, run_after=None
[2026-04-16T00:00:48.820+0000] {processor.py:183} INFO - Processing /home/airflow/.local/lib/python3.8/site-packages/airflow/example_dags/example_kubernetes_executor.py took 0.218 seconds
[2026-04-16T00:01:19.083+0000] {processor.py:161} INFO - Started process (PID=62461) to work on /home/airflow/.local/lib/python3.8/site-packages/airflow/example_dags/example_kubernetes_executor.py
[2026-04-16T00:01:19.085+0000] {processor.py:830} INFO - Processing file /home/airflow/.local/lib/python3.8/site-packages/airflow/example_dags/example_kubernetes_executor.py for tasks to queue
[2026-04-16T00:01:19.089+0000] {logging_mixin.py:188} INFO - [2026-04-16T00:01:19.088+0000] {dagbag.py:538} INFO - Filling up the DagBag from /home/airflow/.local/lib/python3.8/site-packages/airflow/example_dags/example_kubernetes_executor.py
[2026-04-16T00:01:19.126+0000] {processor.py:840} INFO - DAG(s) 'example_kubernetes_executor' retrieved from /home/airflow/.local/lib/python3.8/site-packages/airflow/example_dags/example_kubernetes_executor.py
[2026-04-16T00:01:19.220+0000] {logging_mixin.py:188} INFO - [2026-04-16T00:01:19.219+0000] {dag.py:3036} INFO - Sync 1 DAGs
[2026-04-16T00:01:19.250+0000] {logging_mixin.py:188} INFO - [2026-04-16T00:01:19.250+0000] {dag.py:3823} INFO - Setting next_dagrun for example_kubernetes_executor to None, run_after=None
[2026-04-16T00:01:19.303+0000] {processor.py:183} INFO - Processing /home/airflow/.local/lib/python3.8/site-packages/airflow/example_dags/example_kubernetes_executor.py took 0.228 seconds
[2026-04-16T00:01:49.431+0000] {processor.py:161} INFO - Started process (PID=62518) to work on /home/airflow/.local/lib/python3.8/site-packages/airflow/example_dags/example_kubernetes_executor.py
[2026-04-16T00:01:49.433+0000] {processor.py:830} INFO - Processing file /home/airflow/.local/lib/python3.8/site-packages/airflow/example_dags/example_kubernetes_executor.py for tasks to queue
[2026-04-16T00:01:49.437+0000] {logging_mixin.py:188} INFO - [2026-04-16T00:01:49.436+0000] {dagbag.py:538} INFO - Filling up the DagBag from /home/airflow/.local/lib/python3.8/site-packages/airflow/example_dags/example_kubernetes_executor.py
[2026-04-16T00:01:49.461+0000] {processor.py:840} INFO - DAG(s) 'example_kubernetes_executor' retrieved from /home/airflow/.local/lib/python3.8/site-packages/airflow/example_dags/example_kubernetes_executor.py
[2026-04-16T00:01:49.519+0000] {logging_mixin.py:188} INFO - [2026-04-16T00:01:49.518+0000] {dag.py:3036} INFO - Sync 1 DAGs
[2026-04-16T00:01:49.538+0000] {logging_mixin.py:188} INFO - [2026-04-16T00:01:49.537+0000] {dag.py:3823} INFO - Setting next_dagrun for example_kubernetes_executor to None, run_after=None
[2026-04-16T00:01:49.569+0000] {processor.py:183} INFO - Processing /home/airflow/.local/lib/python3.8/site-packages/airflow/example_dags/example_kubernetes_executor.py took 0.142 seconds
[2026-04-16T00:02:20.188+0000] {processor.py:161} INFO - Started process (PID=62575) to work on /home/airflow/.local/lib/python3.8/site-packages/airflow/example_dags/example_kubernetes_executor.py
[2026-04-16T00:02:20.190+0000] {processor.py:830} INFO - Processing file /home/airflow/.local/lib/python3.8/site-packages/airflow/example_dags/example_kubernetes_executor.py for tasks to queue
[2026-04-16T00:02:20.195+0000] {logging_mixin.py:188} INFO - [2026-04-16T00:02:20.194+0000] {dagbag.py:538} INFO - Filling up the DagBag from /home/airflow/.local/lib/python3.8/site-packages/airflow/example_dags/example_kubernetes_executor.py
[2026-04-16T00:02:20.232+0000] {processor.py:840} INFO - DAG(s) 'example_kubernetes_executor' retrieved from /home/airflow/.local/lib/python3.8/site-packages/airflow/example_dags/example_kubernetes_executor.py
[2026-04-16T00:02:20.332+0000] {logging_mixin.py:188} INFO - [2026-04-16T00:02:20.331+0000] {dag.py:3036} INFO - Sync 1 DAGs
[2026-04-16T00:02:20.360+0000] {logging_mixin.py:188} INFO - [2026-04-16T00:02:20.359+0000] {dag.py:3823} INFO - Setting next_dagrun for example_kubernetes_executor to None, run_after=None
[2026-04-16T00:02:20.400+0000] {processor.py:183} INFO - Processing /home/airflow/.local/lib/python3.8/site-packages/airflow/example_dags/example_kubernetes_executor.py took 0.219 seconds
[2026-04-16T00:02:50.537+0000] {processor.py:161} INFO - Started process (PID=62632) to work on /home/airflow/.local/lib/python3.8/site-packages/airflow/example_dags/example_kubernetes_executor.py
[2026-04-16T00:02:50.539+0000] {processor.py:830} INFO - Processing file /home/airflow/.local/lib/python3.8/site-packages/airflow/example_dags/example_kubernetes_executor.py for tasks to queue
[2026-04-16T00:02:50.542+0000] {logging_mixin.py:188} INFO - [2026-04-16T00:02:50.542+0000] {dagbag.py:538} INFO - Filling up the DagBag from /home/airflow/.local/lib/python3.8/site-packages/airflow/example_dags/example_kubernetes_executor.py
[2026-04-16T00:02:50.566+0000] {processor.py:840} INFO - DAG(s) 'example_kubernetes_executor' retrieved from /home/airflow/.local/lib/python3.8/site-packages/airflow/example_dags/example_kubernetes_executor.py
[2026-04-16T00:02:50.616+0000] {logging_mixin.py:188} INFO - [2026-04-16T00:02:50.615+0000] {dag.py:3036} INFO - Sync 1 DAGs
[2026-04-16T00:02:50.631+0000] {logging_mixin.py:188} INFO - [2026-04-16T00:02:50.631+0000] {dag.py:3823} INFO - Setting next_dagrun for example_kubernetes_executor to None, run_after=None
[2026-04-16T00:02:50.658+0000] {processor.py:183} INFO - Processing /home/airflow/.local/lib/python3.8/site-packages/airflow/example_dags/example_kubernetes_executor.py took 0.127 seconds
[2026-04-16T00:03:21.240+0000] {processor.py:161} INFO - Started process (PID=62689) to work on /home/airflow/.local/lib/python3.8/site-packages/airflow/example_dags/example_kubernetes_executor.py
[2026-04-16T00:03:21.242+0000] {processor.py:830} INFO - Processing file /home/airflow/.local/lib/python3.8/site-packages/airflow/example_dags/example_kubernetes_executor.py for tasks to queue
[2026-04-16T00:03:21.244+0000] {logging_mixin.py:188} INFO - [2026-04-16T00:03:21.244+0000] {dagbag.py:538} INFO - Filling up the DagBag from /home/airflow/.local/lib/python3.8/site-packages/airflow/example_dags/example_kubernetes_executor.py
[2026-04-16T00:03:21.257+0000] {processor.py:840} INFO - DAG(s) 'example_kubernetes_executor' retrieved from /home/airflow/.local/lib/python3.8/site-packages/airflow/example_dags/example_kubernetes_executor.py
[2026-04-16T00:03:21.300+0000] {logging_mixin.py:188} INFO - [2026-04-16T00:03:21.300+0000] {dag.py:3036} INFO - Sync 1 DAGs
[2026-04-16T00:03:21.317+0000] {logging_mixin.py:188} INFO - [2026-04-16T00:03:21.317+0000] {dag.py:3823} INFO - Setting next_dagrun for example_kubernetes_executor to None, run_after=None
[2026-04-16T00:03:21.341+0000] {processor.py:183} INFO - Processing /home/airflow/.local/lib/python3.8/site-packages/airflow/example_dags/example_kubernetes_executor.py took 0.104 seconds
[2026-04-16T00:03:51.437+0000] {processor.py:161} INFO - Started process (PID=62746) to work on /home/airflow/.local/lib/python3.8/site-packages/airflow/example_dags/example_kubernetes_executor.py
[2026-04-16T00:03:51.439+0000] {processor.py:830} INFO - Processing file /home/airflow/.local/lib/python3.8/site-packages/airflow/example_dags/example_kubernetes_executor.py for tasks to queue
[2026-04-16T00:03:51.441+0000] {logging_mixin.py:188} INFO - [2026-04-16T00:03:51.441+0000] {dagbag.py:538} INFO - Filling up the DagBag from /home/airflow/.local/lib/python3.8/site-packages/airflow/example_dags/example_kubernetes_executor.py
[2026-04-16T00:03:51.457+0000] {processor.py:840} INFO - DAG(s) 'example_kubernetes_executor' retrieved from /home/airflow/.local/lib/python3.8/site-packages/airflow/example_dags/example_kubernetes_executor.py
[2026-04-16T00:03:51.498+0000] {logging_mixin.py:188} INFO - [2026-04-16T00:03:51.498+0000] {dag.py:3036} INFO - Sync 1 DAGs
[2026-04-16T00:03:51.512+0000] {logging_mixin.py:188} INFO - [2026-04-16T00:03:51.511+0000] {dag.py:3823} INFO - Setting next_dagrun for example_kubernetes_executor to None, run_after=None
[2026-04-16T00:03:51.538+0000] {processor.py:183} INFO - Processing /home/airflow/.local/lib/python3.8/site-packages/airflow/example_dags/example_kubernetes_executor.py took 0.105 seconds
[2026-04-16T00:04:22.064+0000] {processor.py:161} INFO - Started process (PID=62803) to work on /home/airflow/.local/lib/python3.8/site-packages/airflow/example_dags/example_kubernetes_executor.py
[2026-04-16T00:04:22.065+0000] {processor.py:830} INFO - Processing file /home/airflow/.local/lib/python3.8/site-packages/airflow/example_dags/example_kubernetes_executor.py for tasks to queue
[2026-04-16T00:04:22.068+0000] {logging_mixin.py:188} INFO - [2026-04-16T00:04:22.068+0000] {dagbag.py:538} INFO - Filling up the DagBag from /home/airflow/.local/lib/python3.8/site-packages/airflow/example_dags/example_kubernetes_executor.py
[2026-04-16T00:04:22.090+0000] {processor.py:840} INFO - DAG(s) 'example_kubernetes_executor' retrieved from /home/airflow/.local/lib/python3.8/site-packages/airflow/example_dags/example_kubernetes_executor.py
[2026-04-16T00:04:22.141+0000] {logging_mixin.py:188} INFO - [2026-04-16T00:04:22.141+0000] {dag.py:3036} INFO - Sync 1 DAGs
[2026-04-16T00:04:22.156+0000] {logging_mixin.py:188} INFO - [2026-04-16T00:04:22.156+0000] {dag.py:3823} INFO - Setting next_dagrun for example_kubernetes_executor to None, run_after=None
[2026-04-16T00:04:22.182+0000] {processor.py:183} INFO - Processing /home/airflow/.local/lib/python3.8/site-packages/airflow/example_dags/example_kubernetes_executor.py took 0.122 seconds
[2026-04-16T00:04:52.923+0000] {processor.py:161} INFO - Started process (PID=62860) to work on /home/airflow/.local/lib/python3.8/site-packages/airflow/example_dags/example_kubernetes_executor.py
[2026-04-16T00:04:52.927+0000] {processor.py:830} INFO - Processing file /home/airflow/.local/lib/python3.8/site-packages/airflow/example_dags/example_kubernetes_executor.py for tasks to queue
[2026-04-16T00:04:52.932+0000] {logging_mixin.py:188} INFO - [2026-04-16T00:04:52.931+0000] {dagbag.py:538} INFO - Filling up the DagBag from /home/airflow/.local/lib/python3.8/site-packages/airflow/example_dags/example_kubernetes_executor.py
[2026-04-16T00:04:52.947+0000] {processor.py:840} INFO - DAG(s) 'example_kubernetes_executor' retrieved from /home/airflow/.local/lib/python3.8/site-packages/airflow/example_dags/example_kubernetes_executor.py
[2026-04-16T00:04:53.001+0000] {logging_mixin.py:188} INFO - [2026-04-16T00:04:53.001+0000] {dag.py:3036} INFO - Sync 1 DAGs
[2026-04-16T00:04:53.013+0000] {logging_mixin.py:188} INFO - [2026-04-16T00:04:53.013+0000] {dag.py:3823} INFO - Setting next_dagrun for example_kubernetes_executor to None, run_after=None
[2026-04-16T00:04:53.036+0000] {processor.py:183} INFO - Processing /home/airflow/.local/lib/python3.8/site-packages/airflow/example_dags/example_kubernetes_executor.py took 0.124 seconds
[2026-04-16T00:05:23.204+0000] {processor.py:161} INFO - Started process (PID=62917) to work on /home/airflow/.local/lib/python3.8/site-packages/airflow/example_dags/example_kubernetes_executor.py
[2026-04-16T00:05:23.205+0000] {processor.py:830} INFO - Processing file /home/airflow/.local/lib/python3.8/site-packages/airflow/example_dags/example_kubernetes_executor.py for tasks to queue
[2026-04-16T00:05:23.207+0000] {logging_mixin.py:188} INFO - [2026-04-16T00:05:23.206+0000] {dagbag.py:538} INFO - Filling up the DagBag from /home/airflow/.local/lib/python3.8/site-packages/airflow/example_dags/example_kubernetes_executor.py
[2026-04-16T00:05:23.223+0000] {processor.py:840} INFO - DAG(s) 'example_kubernetes_executor' retrieved from /home/airflow/.local/lib/python3.8/site-packages/airflow/example_dags/example_kubernetes_executor.py
[2026-04-16T00:05:23.265+0000] {logging_mixin.py:188} INFO - [2026-04-16T00:05:23.265+0000] {dag.py:3036} INFO - Sync 1 DAGs
[2026-04-16T00:05:23.276+0000] {logging_mixin.py:188} INFO - [2026-04-16T00:05:23.276+0000] {dag.py:3823} INFO - Setting next_dagrun for example_kubernetes_executor to None, run_after=None
[2026-04-16T00:05:23.299+0000] {processor.py:183} INFO - Processing /home/airflow/.local/lib/python3.8/site-packages/airflow/example_dags/example_kubernetes_executor.py took 0.099 seconds
[2026-04-16T00:05:53.473+0000] {processor.py:161} INFO - Started process (PID=62974) to work on /home/airflow/.local/lib/python3.8/site-packages/airflow/example_dags/example_kubernetes_executor.py
[2026-04-16T00:05:53.474+0000] {processor.py:830} INFO - Processing file /home/airflow/.local/lib/python3.8/site-packages/airflow/example_dags/example_kubernetes_executor.py for tasks to queue
[2026-04-16T00:05:53.477+0000] {logging_mixin.py:188} INFO - [2026-04-16T00:05:53.476+0000] {dagbag.py:538} INFO - Filling up the DagBag from /home/airflow/.local/lib/python3.8/site-packages/airflow/example_dags/example_kubernetes_executor.py
[2026-04-16T00:05:53.495+0000] {processor.py:840} INFO - DAG(s) 'example_kubernetes_executor' retrieved from /home/airflow/.local/lib/python3.8/site-packages/airflow/example_dags/example_kubernetes_executor.py
[2026-04-16T00:05:53.541+0000] {logging_mixin.py:188} INFO - [2026-04-16T00:05:53.540+0000] {dag.py:3036} INFO - Sync 1 DAGs
[2026-04-16T00:05:53.553+0000] {logging_mixin.py:188} INFO - [2026-04-16T00:05:53.553+0000] {dag.py:3823} INFO - Setting next_dagrun for example_kubernetes_executor to None, run_after=None
[2026-04-16T00:05:53.575+0000] {processor.py:183} INFO - Processing /home/airflow/.local/lib/python3.8/site-packages/airflow/example_dags/example_kubernetes_executor.py took 0.106 seconds
[2026-04-16T02:10:19.975+0000] {processor.py:161} INFO - Started process (PID=63019) to work on /home/airflow/.local/lib/python3.8/site-packages/airflow/example_dags/example_kubernetes_executor.py
[2026-04-16T02:10:19.976+0000] {processor.py:830} INFO - Processing file /home/airflow/.local/lib/python3.8/site-packages/airflow/example_dags/example_kubernetes_executor.py for tasks to queue
[2026-04-16T02:10:19.979+0000] {logging_mixin.py:188} INFO - [2026-04-16T02:10:19.979+0000] {dagbag.py:538} INFO - Filling up the DagBag from /home/airflow/.local/lib/python3.8/site-packages/airflow/example_dags/example_kubernetes_executor.py
[2026-04-16T02:10:20.001+0000] {processor.py:840} INFO - DAG(s) 'example_kubernetes_executor' retrieved from /home/airflow/.local/lib/python3.8/site-packages/airflow/example_dags/example_kubernetes_executor.py
[2026-04-16T02:10:20.044+0000] {logging_mixin.py:188} INFO - [2026-04-16T02:10:20.044+0000] {dag.py:3036} INFO - Sync 1 DAGs
[2026-04-16T02:10:20.061+0000] {logging_mixin.py:188} INFO - [2026-04-16T02:10:20.060+0000] {dag.py:3823} INFO - Setting next_dagrun for example_kubernetes_executor to None, run_after=None
[2026-04-16T02:10:20.083+0000] {processor.py:183} INFO - Processing /home/airflow/.local/lib/python3.8/site-packages/airflow/example_dags/example_kubernetes_executor.py took 0.112 seconds
[2026-04-16T02:10:50.217+0000] {processor.py:161} INFO - Started process (PID=63076) to work on /home/airflow/.local/lib/python3.8/site-packages/airflow/example_dags/example_kubernetes_executor.py
[2026-04-16T02:10:50.219+0000] {processor.py:830} INFO - Processing file /home/airflow/.local/lib/python3.8/site-packages/airflow/example_dags/example_kubernetes_executor.py for tasks to queue
[2026-04-16T02:10:50.221+0000] {logging_mixin.py:188} INFO - [2026-04-16T02:10:50.221+0000] {dagbag.py:538} INFO - Filling up the DagBag from /home/airflow/.local/lib/python3.8/site-packages/airflow/example_dags/example_kubernetes_executor.py
[2026-04-16T02:10:50.235+0000] {processor.py:840} INFO - DAG(s) 'example_kubernetes_executor' retrieved from /home/airflow/.local/lib/python3.8/site-packages/airflow/example_dags/example_kubernetes_executor.py
[2026-04-16T02:10:50.275+0000] {logging_mixin.py:188} INFO - [2026-04-16T02:10:50.274+0000] {dag.py:3036} INFO - Sync 1 DAGs
[2026-04-16T02:10:50.287+0000] {logging_mixin.py:188} INFO - [2026-04-16T02:10:50.286+0000] {dag.py:3823} INFO - Setting next_dagrun for example_kubernetes_executor to None, run_after=None
[2026-04-16T02:10:50.313+0000] {processor.py:183} INFO - Processing /home/airflow/.local/lib/python3.8/site-packages/airflow/example_dags/example_kubernetes_executor.py took 0.099 seconds
[2026-04-16T02:11:20.537+0000] {processor.py:161} INFO - Started process (PID=63133) to work on /home/airflow/.local/lib/python3.8/site-packages/airflow/example_dags/example_kubernetes_executor.py
[2026-04-16T02:11:20.538+0000] {processor.py:830} INFO - Processing file /home/airflow/.local/lib/python3.8/site-packages/airflow/example_dags/example_kubernetes_executor.py for tasks to queue
[2026-04-16T02:11:20.541+0000] {logging_mixin.py:188} INFO - [2026-04-16T02:11:20.541+0000] {dagbag.py:538} INFO - Filling up the DagBag from /home/airflow/.local/lib/python3.8/site-packages/airflow/example_dags/example_kubernetes_executor.py
[2026-04-16T02:11:20.554+0000] {processor.py:840} INFO - DAG(s) 'example_kubernetes_executor' retrieved from /home/airflow/.local/lib/python3.8/site-packages/airflow/example_dags/example_kubernetes_executor.py
[2026-04-16T02:11:20.594+0000] {logging_mixin.py:188} INFO - [2026-04-16T02:11:20.594+0000] {dag.py:3036} INFO - Sync 1 DAGs
[2026-04-16T02:11:20.605+0000] {logging_mixin.py:188} INFO - [2026-04-16T02:11:20.605+0000] {dag.py:3823} INFO - Setting next_dagrun for example_kubernetes_executor to None, run_after=None
[2026-04-16T02:11:20.628+0000] {processor.py:183} INFO - Processing /home/airflow/.local/lib/python3.8/site-packages/airflow/example_dags/example_kubernetes_executor.py took 0.095 seconds
[2026-04-16T02:11:50.884+0000] {processor.py:161} INFO - Started process (PID=63190) to work on /home/airflow/.local/lib/python3.8/site-packages/airflow/example_dags/example_kubernetes_executor.py
[2026-04-16T02:11:50.886+0000] {processor.py:830} INFO - Processing file /home/airflow/.local/lib/python3.8/site-packages/airflow/example_dags/example_kubernetes_executor.py for tasks to queue
[2026-04-16T02:11:50.893+0000] {logging_mixin.py:188} INFO - [2026-04-16T02:11:50.893+0000] {dagbag.py:538} INFO - Filling up the DagBag from /home/airflow/.local/lib/python3.8/site-packages/airflow/example_dags/example_kubernetes_executor.py
[2026-04-16T02:11:50.906+0000] {processor.py:840} INFO - DAG(s) 'example_kubernetes_executor' retrieved from /home/airflow/.local/lib/python3.8/site-packages/airflow/example_dags/example_kubernetes_executor.py
[2026-04-16T02:11:50.943+0000] {logging_mixin.py:188} INFO - [2026-04-16T02:11:50.943+0000] {dag.py:3036} INFO - Sync 1 DAGs
[2026-04-16T02:11:50.958+0000] {logging_mixin.py:188} INFO - [2026-04-16T02:11:50.957+0000] {dag.py:3823} INFO - Setting next_dagrun for example_kubernetes_executor to None, run_after=None
[2026-04-16T02:11:50.983+0000] {processor.py:183} INFO - Processing /home/airflow/.local/lib/python3.8/site-packages/airflow/example_dags/example_kubernetes_executor.py took 0.103 seconds
[2026-04-16T02:12:21.390+0000] {processor.py:161} INFO - Started process (PID=63247) to work on /home/airflow/.local/lib/python3.8/site-packages/airflow/example_dags/example_kubernetes_executor.py
[2026-04-16T02:12:21.391+0000] {processor.py:830} INFO - Processing file /home/airflow/.local/lib/python3.8/site-packages/airflow/example_dags/example_kubernetes_executor.py for tasks to queue
[2026-04-16T02:12:21.393+0000] {logging_mixin.py:188} INFO - [2026-04-16T02:12:21.393+0000] {dagbag.py:538} INFO - Filling up the DagBag from /home/airflow/.local/lib/python3.8/site-packages/airflow/example_dags/example_kubernetes_executor.py
[2026-04-16T02:12:21.407+0000] {processor.py:840} INFO - DAG(s) 'example_kubernetes_executor' retrieved from /home/airflow/.local/lib/python3.8/site-packages/airflow/example_dags/example_kubernetes_executor.py
[2026-04-16T02:12:21.443+0000] {logging_mixin.py:188} INFO - [2026-04-16T02:12:21.443+0000] {dag.py:3036} INFO - Sync 1 DAGs
[2026-04-16T02:12:21.455+0000] {logging_mixin.py:188} INFO - [2026-04-16T02:12:21.455+0000] {dag.py:3823} INFO - Setting next_dagrun for example_kubernetes_executor to None, run_after=None
[2026-04-16T02:12:21.478+0000] {processor.py:183} INFO - Processing /home/airflow/.local/lib/python3.8/site-packages/airflow/example_dags/example_kubernetes_executor.py took 0.092 seconds
[2026-04-16T02:12:51.943+0000] {processor.py:161} INFO - Started process (PID=63304) to work on /home/airflow/.local/lib/python3.8/site-packages/airflow/example_dags/example_kubernetes_executor.py
[2026-04-16T02:12:51.944+0000] {processor.py:830} INFO - Processing file /home/airflow/.local/lib/python3.8/site-packages/airflow/example_dags/example_kubernetes_executor.py for tasks to queue
[2026-04-16T02:12:51.946+0000] {logging_mixin.py:188} INFO - [2026-04-16T02:12:51.946+0000] {dagbag.py:538} INFO - Filling up the DagBag from /home/airflow/.local/lib/python3.8/site-packages/airflow/example_dags/example_kubernetes_executor.py
[2026-04-16T02:12:51.959+0000] {processor.py:840} INFO - DAG(s) 'example_kubernetes_executor' retrieved from /home/airflow/.local/lib/python3.8/site-packages/airflow/example_dags/example_kubernetes_executor.py
[2026-04-16T02:12:51.995+0000] {logging_mixin.py:188} INFO - [2026-04-16T02:12:51.994+0000] {dag.py:3036} INFO - Sync 1 DAGs
[2026-04-16T02:12:52.006+0000] {logging_mixin.py:188} INFO - [2026-04-16T02:12:52.006+0000] {dag.py:3823} INFO - Setting next_dagrun for example_kubernetes_executor to None, run_after=None
[2026-04-16T02:12:52.028+0000] {processor.py:183} INFO - Processing /home/airflow/.local/lib/python3.8/site-packages/airflow/example_dags/example_kubernetes_executor.py took 0.089 seconds
[2026-04-16T02:13:22.540+0000] {processor.py:161} INFO - Started process (PID=63361) to work on /home/airflow/.local/lib/python3.8/site-packages/airflow/example_dags/example_kubernetes_executor.py
[2026-04-16T02:13:22.541+0000] {processor.py:830} INFO - Processing file /home/airflow/.local/lib/python3.8/site-packages/airflow/example_dags/example_kubernetes_executor.py for tasks to queue
[2026-04-16T02:13:22.544+0000] {logging_mixin.py:188} INFO - [2026-04-16T02:13:22.544+0000] {dagbag.py:538} INFO - Filling up the DagBag from /home/airflow/.local/lib/python3.8/site-packages/airflow/example_dags/example_kubernetes_executor.py
[2026-04-16T02:13:22.561+0000] {processor.py:840} INFO - DAG(s) 'example_kubernetes_executor' retrieved from /home/airflow/.local/lib/python3.8/site-packages/airflow/example_dags/example_kubernetes_executor.py
[2026-04-16T02:13:22.599+0000] {logging_mixin.py:188} INFO - [2026-04-16T02:13:22.598+0000] {dag.py:3036} INFO - Sync 1 DAGs
[2026-04-16T02:13:22.610+0000] {logging_mixin.py:188} INFO - [2026-04-16T02:13:22.609+0000] {dag.py:3823} INFO - Setting next_dagrun for example_kubernetes_executor to None, run_after=None
[2026-04-16T02:13:22.628+0000] {processor.py:183} INFO - Processing /home/airflow/.local/lib/python3.8/site-packages/airflow/example_dags/example_kubernetes_executor.py took 0.092 seconds
[2026-04-16T02:13:53.092+0000] {processor.py:161} INFO - Started process (PID=63418) to work on /home/airflow/.local/lib/python3.8/site-packages/airflow/example_dags/example_kubernetes_executor.py
[2026-04-16T02:13:53.094+0000] {processor.py:830} INFO - Processing file /home/airflow/.local/lib/python3.8/site-packages/airflow/example_dags/example_kubernetes_executor.py for tasks to queue
[2026-04-16T02:13:53.096+0000] {logging_mixin.py:188} INFO - [2026-04-16T02:13:53.096+0000] {dagbag.py:538} INFO - Filling up the DagBag from /home/airflow/.local/lib/python3.8/site-packages/airflow/example_dags/example_kubernetes_executor.py
[2026-04-16T02:13:53.111+0000] {processor.py:840} INFO - DAG(s) 'example_kubernetes_executor' retrieved from /home/airflow/.local/lib/python3.8/site-packages/airflow/example_dags/example_kubernetes_executor.py
[2026-04-16T02:13:53.151+0000] {logging_mixin.py:188} INFO - [2026-04-16T02:13:53.151+0000] {dag.py:3036} INFO - Sync 1 DAGs
[2026-04-16T02:13:53.163+0000] {logging_mixin.py:188} INFO - [2026-04-16T02:13:53.163+0000] {dag.py:3823} INFO - Setting next_dagrun for example_kubernetes_executor to None, run_after=None
[2026-04-16T02:13:53.186+0000] {processor.py:183} INFO - Processing /home/airflow/.local/lib/python3.8/site-packages/airflow/example_dags/example_kubernetes_executor.py took 0.097 seconds
[2026-04-16T02:14:23.590+0000] {processor.py:161} INFO - Started process (PID=63475) to work on /home/airflow/.local/lib/python3.8/site-packages/airflow/example_dags/example_kubernetes_executor.py
[2026-04-16T02:14:23.592+0000] {processor.py:830} INFO - Processing file /home/airflow/.local/lib/python3.8/site-packages/airflow/example_dags/example_kubernetes_executor.py for tasks to queue
[2026-04-16T02:14:23.594+0000] {logging_mixin.py:188} INFO - [2026-04-16T02:14:23.594+0000] {dagbag.py:538} INFO - Filling up the DagBag from /home/airflow/.local/lib/python3.8/site-packages/airflow/example_dags/example_kubernetes_executor.py
[2026-04-16T02:14:23.612+0000] {processor.py:840} INFO - DAG(s) 'example_kubernetes_executor' retrieved from /home/airflow/.local/lib/python3.8/site-packages/airflow/example_dags/example_kubernetes_executor.py
[2026-04-16T02:14:23.657+0000] {logging_mixin.py:188} INFO - [2026-04-16T02:14:23.656+0000] {dag.py:3036} INFO - Sync 1 DAGs
[2026-04-16T02:14:23.670+0000] {logging_mixin.py:188} INFO - [2026-04-16T02:14:23.669+0000] {dag.py:3823} INFO - Setting next_dagrun for example_kubernetes_executor to None, run_after=None
[2026-04-16T02:14:23.691+0000] {processor.py:183} INFO - Processing /home/airflow/.local/lib/python3.8/site-packages/airflow/example_dags/example_kubernetes_executor.py took 0.104 seconds
[2026-04-16T02:14:53.929+0000] {processor.py:161} INFO - Started process (PID=63532) to work on /home/airflow/.local/lib/python3.8/site-packages/airflow/example_dags/example_kubernetes_executor.py
[2026-04-16T02:14:53.930+0000] {processor.py:830} INFO - Processing file /home/airflow/.local/lib/python3.8/site-packages/airflow/example_dags/example_kubernetes_executor.py for tasks to queue
[2026-04-16T02:14:53.933+0000] {logging_mixin.py:188} INFO - [2026-04-16T02:14:53.932+0000] {dagbag.py:538} INFO - Filling up the DagBag from /home/airflow/.local/lib/python3.8/site-packages/airflow/example_dags/example_kubernetes_executor.py
[2026-04-16T02:14:53.945+0000] {processor.py:840} INFO - DAG(s) 'example_kubernetes_executor' retrieved from /home/airflow/.local/lib/python3.8/site-packages/airflow/example_dags/example_kubernetes_executor.py
[2026-04-16T02:14:53.988+0000] {logging_mixin.py:188} INFO - [2026-04-16T02:14:53.988+0000] {dag.py:3036} INFO - Sync 1 DAGs
[2026-04-16T02:14:54.000+0000] {logging_mixin.py:188} INFO - [2026-04-16T02:14:54.000+0000] {dag.py:3823} INFO - Setting next_dagrun for example_kubernetes_executor to None, run_after=None
[2026-04-16T02:14:54.023+0000] {processor.py:183} INFO - Processing /home/airflow/.local/lib/python3.8/site-packages/airflow/example_dags/example_kubernetes_executor.py took 0.098 seconds
[2026-04-16T02:15:24.324+0000] {processor.py:161} INFO - Started process (PID=63589) to work on /home/airflow/.local/lib/python3.8/site-packages/airflow/example_dags/example_kubernetes_executor.py
[2026-04-16T02:15:24.325+0000] {processor.py:830} INFO - Processing file /home/airflow/.local/lib/python3.8/site-packages/airflow/example_dags/example_kubernetes_executor.py for tasks to queue
[2026-04-16T02:15:24.328+0000] {logging_mixin.py:188} INFO - [2026-04-16T02:15:24.328+0000] {dagbag.py:538} INFO - Filling up the DagBag from /home/airflow/.local/lib/python3.8/site-packages/airflow/example_dags/example_kubernetes_executor.py
[2026-04-16T02:15:24.342+0000] {processor.py:840} INFO - DAG(s) 'example_kubernetes_executor' retrieved from /home/airflow/.local/lib/python3.8/site-packages/airflow/example_dags/example_kubernetes_executor.py
[2026-04-16T02:15:24.379+0000] {logging_mixin.py:188} INFO - [2026-04-16T02:15:24.379+0000] {dag.py:3036} INFO - Sync 1 DAGs
[2026-04-16T02:15:24.390+0000] {logging_mixin.py:188} INFO - [2026-04-16T02:15:24.390+0000] {dag.py:3823} INFO - Setting next_dagrun for example_kubernetes_executor to None, run_after=None
[2026-04-16T02:15:24.412+0000] {processor.py:183} INFO - Processing /home/airflow/.local/lib/python3.8/site-packages/airflow/example_dags/example_kubernetes_executor.py took 0.092 seconds
[2026-04-16T02:15:54.649+0000] {processor.py:161} INFO - Started process (PID=63645) to work on /home/airflow/.local/lib/python3.8/site-packages/airflow/example_dags/example_kubernetes_executor.py
[2026-04-16T02:15:54.651+0000] {processor.py:830} INFO - Processing file /home/airflow/.local/lib/python3.8/site-packages/airflow/example_dags/example_kubernetes_executor.py for tasks to queue
[2026-04-16T02:15:54.653+0000] {logging_mixin.py:188} INFO - [2026-04-16T02:15:54.653+0000] {dagbag.py:538} INFO - Filling up the DagBag from /home/airflow/.local/lib/python3.8/site-packages/airflow/example_dags/example_kubernetes_executor.py
[2026-04-16T02:15:54.668+0000] {processor.py:840} INFO - DAG(s) 'example_kubernetes_executor' retrieved from /home/airflow/.local/lib/python3.8/site-packages/airflow/example_dags/example_kubernetes_executor.py
[2026-04-16T02:15:54.713+0000] {logging_mixin.py:188} INFO - [2026-04-16T02:15:54.713+0000] {dag.py:3036} INFO - Sync 1 DAGs
[2026-04-16T02:15:54.730+0000] {logging_mixin.py:188} INFO - [2026-04-16T02:15:54.729+0000] {dag.py:3823} INFO - Setting next_dagrun for example_kubernetes_executor to None, run_after=None
[2026-04-16T02:15:54.756+0000] {processor.py:183} INFO - Processing /home/airflow/.local/lib/python3.8/site-packages/airflow/example_dags/example_kubernetes_executor.py took 0.111 seconds
[2026-04-16T02:16:25.121+0000] {processor.py:161} INFO - Started process (PID=63702) to work on /home/airflow/.local/lib/python3.8/site-packages/airflow/example_dags/example_kubernetes_executor.py
[2026-04-16T02:16:25.123+0000] {processor.py:830} INFO - Processing file /home/airflow/.local/lib/python3.8/site-packages/airflow/example_dags/example_kubernetes_executor.py for tasks to queue
[2026-04-16T02:16:25.125+0000] {logging_mixin.py:188} INFO - [2026-04-16T02:16:25.125+0000] {dagbag.py:538} INFO - Filling up the DagBag from /home/airflow/.local/lib/python3.8/site-packages/airflow/example_dags/example_kubernetes_executor.py
[2026-04-16T02:16:25.140+0000] {processor.py:840} INFO - DAG(s) 'example_kubernetes_executor' retrieved from /home/airflow/.local/lib/python3.8/site-packages/airflow/example_dags/example_kubernetes_executor.py
[2026-04-16T02:16:25.177+0000] {logging_mixin.py:188} INFO - [2026-04-16T02:16:25.177+0000] {dag.py:3036} INFO - Sync 1 DAGs
[2026-04-16T02:16:25.190+0000] {logging_mixin.py:188} INFO - [2026-04-16T02:16:25.190+0000] {dag.py:3823} INFO - Setting next_dagrun for example_kubernetes_executor to None, run_after=None
[2026-04-16T02:16:25.212+0000] {processor.py:183} INFO - Processing /home/airflow/.local/lib/python3.8/site-packages/airflow/example_dags/example_kubernetes_executor.py took 0.096 seconds
[2026-04-16T02:16:55.625+0000] {processor.py:161} INFO - Started process (PID=63759) to work on /home/airflow/.local/lib/python3.8/site-packages/airflow/example_dags/example_kubernetes_executor.py
[2026-04-16T02:16:55.626+0000] {processor.py:830} INFO - Processing file /home/airflow/.local/lib/python3.8/site-packages/airflow/example_dags/example_kubernetes_executor.py for tasks to queue
[2026-04-16T02:16:55.628+0000] {logging_mixin.py:188} INFO - [2026-04-16T02:16:55.628+0000] {dagbag.py:538} INFO - Filling up the DagBag from /home/airflow/.local/lib/python3.8/site-packages/airflow/example_dags/example_kubernetes_executor.py
[2026-04-16T02:16:55.640+0000] {processor.py:840} INFO - DAG(s) 'example_kubernetes_executor' retrieved from /home/airflow/.local/lib/python3.8/site-packages/airflow/example_dags/example_kubernetes_executor.py
[2026-04-16T02:16:55.678+0000] {logging_mixin.py:188} INFO - [2026-04-16T02:16:55.677+0000] {dag.py:3036} INFO - Sync 1 DAGs
[2026-04-16T02:16:55.690+0000] {logging_mixin.py:188} INFO - [2026-04-16T02:16:55.690+0000] {dag.py:3823} INFO - Setting next_dagrun for example_kubernetes_executor to None, run_after=None
[2026-04-16T02:16:55.712+0000] {processor.py:183} INFO - Processing /home/airflow/.local/lib/python3.8/site-packages/airflow/example_dags/example_kubernetes_executor.py took 0.091 seconds
[2026-04-16T02:17:26.150+0000] {processor.py:161} INFO - Started process (PID=63817) to work on /home/airflow/.local/lib/python3.8/site-packages/airflow/example_dags/example_kubernetes_executor.py
[2026-04-16T02:17:26.151+0000] {processor.py:830} INFO - Processing file /home/airflow/.local/lib/python3.8/site-packages/airflow/example_dags/example_kubernetes_executor.py for tasks to queue
[2026-04-16T02:17:26.153+0000] {logging_mixin.py:188} INFO - [2026-04-16T02:17:26.153+0000] {dagbag.py:538} INFO - Filling up the DagBag from /home/airflow/.local/lib/python3.8/site-packages/airflow/example_dags/example_kubernetes_executor.py
[2026-04-16T02:17:26.168+0000] {processor.py:840} INFO - DAG(s) 'example_kubernetes_executor' retrieved from /home/airflow/.local/lib/python3.8/site-packages/airflow/example_dags/example_kubernetes_executor.py
[2026-04-16T02:17:26.215+0000] {logging_mixin.py:188} INFO - [2026-04-16T02:17:26.215+0000] {dag.py:3036} INFO - Sync 1 DAGs
[2026-04-16T02:17:26.228+0000] {logging_mixin.py:188} INFO - [2026-04-16T02:17:26.228+0000] {dag.py:3823} INFO - Setting next_dagrun for example_kubernetes_executor to None, run_after=None
[2026-04-16T02:17:26.253+0000] {processor.py:183} INFO - Processing /home/airflow/.local/lib/python3.8/site-packages/airflow/example_dags/example_kubernetes_executor.py took 0.107 seconds
[2026-04-16T02:17:56.437+0000] {processor.py:161} INFO - Started process (PID=63873) to work on /home/airflow/.local/lib/python3.8/site-packages/airflow/example_dags/example_kubernetes_executor.py
[2026-04-16T02:17:56.438+0000] {processor.py:830} INFO - Processing file /home/airflow/.local/lib/python3.8/site-packages/airflow/example_dags/example_kubernetes_executor.py for tasks to queue
[2026-04-16T02:17:56.440+0000] {logging_mixin.py:188} INFO - [2026-04-16T02:17:56.440+0000] {dagbag.py:538} INFO - Filling up the DagBag from /home/airflow/.local/lib/python3.8/site-packages/airflow/example_dags/example_kubernetes_executor.py
[2026-04-16T02:17:56.453+0000] {processor.py:840} INFO - DAG(s) 'example_kubernetes_executor' retrieved from /home/airflow/.local/lib/python3.8/site-packages/airflow/example_dags/example_kubernetes_executor.py
[2026-04-16T02:17:56.493+0000] {logging_mixin.py:188} INFO - [2026-04-16T02:17:56.493+0000] {dag.py:3036} INFO - Sync 1 DAGs
[2026-04-16T02:17:56.507+0000] {logging_mixin.py:188} INFO - [2026-04-16T02:17:56.506+0000] {dag.py:3823} INFO - Setting next_dagrun for example_kubernetes_executor to None, run_after=None
[2026-04-16T02:17:56.531+0000] {processor.py:183} INFO - Processing /home/airflow/.local/lib/python3.8/site-packages/airflow/example_dags/example_kubernetes_executor.py took 0.098 seconds
[2026-04-16T02:18:26.996+0000] {processor.py:161} INFO - Started process (PID=63930) to work on /home/airflow/.local/lib/python3.8/site-packages/airflow/example_dags/example_kubernetes_executor.py
[2026-04-16T02:18:26.998+0000] {processor.py:830} INFO - Processing file /home/airflow/.local/lib/python3.8/site-packages/airflow/example_dags/example_kubernetes_executor.py for tasks to queue
[2026-04-16T02:18:27.000+0000] {logging_mixin.py:188} INFO - [2026-04-16T02:18:27.000+0000] {dagbag.py:538} INFO - Filling up the DagBag from /home/airflow/.local/lib/python3.8/site-packages/airflow/example_dags/example_kubernetes_executor.py
[2026-04-16T02:18:27.019+0000] {processor.py:840} INFO - DAG(s) 'example_kubernetes_executor' retrieved from /home/airflow/.local/lib/python3.8/site-packages/airflow/example_dags/example_kubernetes_executor.py
[2026-04-16T02:18:27.069+0000] {logging_mixin.py:188} INFO - [2026-04-16T02:18:27.068+0000] {dag.py:3036} INFO - Sync 1 DAGs
[2026-04-16T02:18:27.085+0000] {logging_mixin.py:188} INFO - [2026-04-16T02:18:27.085+0000] {dag.py:3823} INFO - Setting next_dagrun for example_kubernetes_executor to None, run_after=None
[2026-04-16T02:18:27.113+0000] {processor.py:183} INFO - Processing /home/airflow/.local/lib/python3.8/site-packages/airflow/example_dags/example_kubernetes_executor.py took 0.120 seconds
[2026-04-16T02:18:57.919+0000] {processor.py:161} INFO - Started process (PID=63987) to work on /home/airflow/.local/lib/python3.8/site-packages/airflow/example_dags/example_kubernetes_executor.py
[2026-04-16T02:18:57.920+0000] {processor.py:830} INFO - Processing file /home/airflow/.local/lib/python3.8/site-packages/airflow/example_dags/example_kubernetes_executor.py for tasks to queue
[2026-04-16T02:18:57.922+0000] {logging_mixin.py:188} INFO - [2026-04-16T02:18:57.922+0000] {dagbag.py:538} INFO - Filling up the DagBag from /home/airflow/.local/lib/python3.8/site-packages/airflow/example_dags/example_kubernetes_executor.py
[2026-04-16T02:18:57.935+0000] {processor.py:840} INFO - DAG(s) 'example_kubernetes_executor' retrieved from /home/airflow/.local/lib/python3.8/site-packages/airflow/example_dags/example_kubernetes_executor.py
[2026-04-16T02:18:57.981+0000] {logging_mixin.py:188} INFO - [2026-04-16T02:18:57.981+0000] {dag.py:3036} INFO - Sync 1 DAGs
[2026-04-16T02:18:57.997+0000] {logging_mixin.py:188} INFO - [2026-04-16T02:18:57.997+0000] {dag.py:3823} INFO - Setting next_dagrun for example_kubernetes_executor to None, run_after=None
[2026-04-16T02:18:58.021+0000] {processor.py:183} INFO - Processing /home/airflow/.local/lib/python3.8/site-packages/airflow/example_dags/example_kubernetes_executor.py took 0.106 seconds
[2026-04-16T02:19:28.176+0000] {processor.py:161} INFO - Started process (PID=64044) to work on /home/airflow/.local/lib/python3.8/site-packages/airflow/example_dags/example_kubernetes_executor.py
[2026-04-16T02:19:28.177+0000] {processor.py:830} INFO - Processing file /home/airflow/.local/lib/python3.8/site-packages/airflow/example_dags/example_kubernetes_executor.py for tasks to queue
[2026-04-16T02:19:28.179+0000] {logging_mixin.py:188} INFO - [2026-04-16T02:19:28.179+0000] {dagbag.py:538} INFO - Filling up the DagBag from /home/airflow/.local/lib/python3.8/site-packages/airflow/example_dags/example_kubernetes_executor.py
[2026-04-16T02:19:28.194+0000] {processor.py:840} INFO - DAG(s) 'example_kubernetes_executor' retrieved from /home/airflow/.local/lib/python3.8/site-packages/airflow/example_dags/example_kubernetes_executor.py
[2026-04-16T02:19:28.232+0000] {logging_mixin.py:188} INFO - [2026-04-16T02:19:28.232+0000] {dag.py:3036} INFO - Sync 1 DAGs
[2026-04-16T02:19:28.245+0000] {logging_mixin.py:188} INFO - [2026-04-16T02:19:28.245+0000] {dag.py:3823} INFO - Setting next_dagrun for example_kubernetes_executor to None, run_after=None
[2026-04-16T02:19:28.269+0000] {processor.py:183} INFO - Processing /home/airflow/.local/lib/python3.8/site-packages/airflow/example_dags/example_kubernetes_executor.py took 0.096 seconds
[2026-04-16T02:19:58.857+0000] {processor.py:161} INFO - Started process (PID=64101) to work on /home/airflow/.local/lib/python3.8/site-packages/airflow/example_dags/example_kubernetes_executor.py
[2026-04-16T02:19:58.858+0000] {processor.py:830} INFO - Processing file /home/airflow/.local/lib/python3.8/site-packages/airflow/example_dags/example_kubernetes_executor.py for tasks to queue
[2026-04-16T02:19:58.860+0000] {logging_mixin.py:188} INFO - [2026-04-16T02:19:58.860+0000] {dagbag.py:538} INFO - Filling up the DagBag from /home/airflow/.local/lib/python3.8/site-packages/airflow/example_dags/example_kubernetes_executor.py
[2026-04-16T02:19:58.875+0000] {processor.py:840} INFO - DAG(s) 'example_kubernetes_executor' retrieved from /home/airflow/.local/lib/python3.8/site-packages/airflow/example_dags/example_kubernetes_executor.py
[2026-04-16T02:19:58.914+0000] {logging_mixin.py:188} INFO - [2026-04-16T02:19:58.913+0000] {dag.py:3036} INFO - Sync 1 DAGs
[2026-04-16T02:19:58.925+0000] {logging_mixin.py:188} INFO - [2026-04-16T02:19:58.924+0000] {dag.py:3823} INFO - Setting next_dagrun for example_kubernetes_executor to None, run_after=None
[2026-04-16T02:19:58.947+0000] {processor.py:183} INFO - Processing /home/airflow/.local/lib/python3.8/site-packages/airflow/example_dags/example_kubernetes_executor.py took 0.094 seconds
[2026-04-16T02:20:29.232+0000] {processor.py:161} INFO - Started process (PID=64159) to work on /home/airflow/.local/lib/python3.8/site-packages/airflow/example_dags/example_kubernetes_executor.py
[2026-04-16T02:20:29.234+0000] {processor.py:830} INFO - Processing file /home/airflow/.local/lib/python3.8/site-packages/airflow/example_dags/example_kubernetes_executor.py for tasks to queue
[2026-04-16T02:20:29.237+0000] {logging_mixin.py:188} INFO - [2026-04-16T02:20:29.236+0000] {dagbag.py:538} INFO - Filling up the DagBag from /home/airflow/.local/lib/python3.8/site-packages/airflow/example_dags/example_kubernetes_executor.py
[2026-04-16T02:20:29.252+0000] {processor.py:840} INFO - DAG(s) 'example_kubernetes_executor' retrieved from /home/airflow/.local/lib/python3.8/site-packages/airflow/example_dags/example_kubernetes_executor.py
[2026-04-16T02:20:29.294+0000] {logging_mixin.py:188} INFO - [2026-04-16T02:20:29.294+0000] {dag.py:3036} INFO - Sync 1 DAGs
[2026-04-16T02:20:29.306+0000] {logging_mixin.py:188} INFO - [2026-04-16T02:20:29.305+0000] {dag.py:3823} INFO - Setting next_dagrun for example_kubernetes_executor to None, run_after=None
[2026-04-16T02:20:29.329+0000] {processor.py:183} INFO - Processing /home/airflow/.local/lib/python3.8/site-packages/airflow/example_dags/example_kubernetes_executor.py took 0.100 seconds
[2026-04-16T02:20:59.664+0000] {processor.py:161} INFO - Started process (PID=64216) to work on /home/airflow/.local/lib/python3.8/site-packages/airflow/example_dags/example_kubernetes_executor.py
[2026-04-16T02:20:59.666+0000] {processor.py:830} INFO - Processing file /home/airflow/.local/lib/python3.8/site-packages/airflow/example_dags/example_kubernetes_executor.py for tasks to queue
[2026-04-16T02:20:59.669+0000] {logging_mixin.py:188} INFO - [2026-04-16T02:20:59.669+0000] {dagbag.py:538} INFO - Filling up the DagBag from /home/airflow/.local/lib/python3.8/site-packages/airflow/example_dags/example_kubernetes_executor.py
[2026-04-16T02:20:59.683+0000] {processor.py:840} INFO - DAG(s) 'example_kubernetes_executor' retrieved from /home/airflow/.local/lib/python3.8/site-packages/airflow/example_dags/example_kubernetes_executor.py
[2026-04-16T02:20:59.722+0000] {logging_mixin.py:188} INFO - [2026-04-16T02:20:59.722+0000] {dag.py:3036} INFO - Sync 1 DAGs
[2026-04-16T02:20:59.735+0000] {logging_mixin.py:188} INFO - [2026-04-16T02:20:59.734+0000] {dag.py:3823} INFO - Setting next_dagrun for example_kubernetes_executor to None, run_after=None
[2026-04-16T02:20:59.758+0000] {processor.py:183} INFO - Processing /home/airflow/.local/lib/python3.8/site-packages/airflow/example_dags/example_kubernetes_executor.py took 0.098 seconds
[2026-04-16T02:21:30.101+0000] {processor.py:161} INFO - Started process (PID=64273) to work on /home/airflow/.local/lib/python3.8/site-packages/airflow/example_dags/example_kubernetes_executor.py
[2026-04-16T02:21:30.103+0000] {processor.py:830} INFO - Processing file /home/airflow/.local/lib/python3.8/site-packages/airflow/example_dags/example_kubernetes_executor.py for tasks to queue
[2026-04-16T02:21:30.106+0000] {logging_mixin.py:188} INFO - [2026-04-16T02:21:30.106+0000] {dagbag.py:538} INFO - Filling up the DagBag from /home/airflow/.local/lib/python3.8/site-packages/airflow/example_dags/example_kubernetes_executor.py
[2026-04-16T02:21:30.123+0000] {processor.py:840} INFO - DAG(s) 'example_kubernetes_executor' retrieved from /home/airflow/.local/lib/python3.8/site-packages/airflow/example_dags/example_kubernetes_executor.py
[2026-04-16T02:21:30.169+0000] {logging_mixin.py:188} INFO - [2026-04-16T02:21:30.168+0000] {dag.py:3036} INFO - Sync 1 DAGs
[2026-04-16T02:21:30.182+0000] {logging_mixin.py:188} INFO - [2026-04-16T02:21:30.182+0000] {dag.py:3823} INFO - Setting next_dagrun for example_kubernetes_executor to None, run_after=None
[2026-04-16T02:21:30.205+0000] {processor.py:183} INFO - Processing /home/airflow/.local/lib/python3.8/site-packages/airflow/example_dags/example_kubernetes_executor.py took 0.108 seconds
[2026-04-16T02:22:00.462+0000] {processor.py:161} INFO - Started process (PID=64330) to work on /home/airflow/.local/lib/python3.8/site-packages/airflow/example_dags/example_kubernetes_executor.py
[2026-04-16T02:22:00.463+0000] {processor.py:830} INFO - Processing file /home/airflow/.local/lib/python3.8/site-packages/airflow/example_dags/example_kubernetes_executor.py for tasks to queue
[2026-04-16T02:22:00.466+0000] {logging_mixin.py:188} INFO - [2026-04-16T02:22:00.465+0000] {dagbag.py:538} INFO - Filling up the DagBag from /home/airflow/.local/lib/python3.8/site-packages/airflow/example_dags/example_kubernetes_executor.py
[2026-04-16T02:22:00.483+0000] {processor.py:840} INFO - DAG(s) 'example_kubernetes_executor' retrieved from /home/airflow/.local/lib/python3.8/site-packages/airflow/example_dags/example_kubernetes_executor.py
[2026-04-16T02:22:00.525+0000] {logging_mixin.py:188} INFO - [2026-04-16T02:22:00.524+0000] {dag.py:3036} INFO - Sync 1 DAGs
[2026-04-16T02:22:00.540+0000] {logging_mixin.py:188} INFO - [2026-04-16T02:22:00.540+0000] {dag.py:3823} INFO - Setting next_dagrun for example_kubernetes_executor to None, run_after=None
[2026-04-16T02:22:00.565+0000] {processor.py:183} INFO - Processing /home/airflow/.local/lib/python3.8/site-packages/airflow/example_dags/example_kubernetes_executor.py took 0.108 seconds
[2026-04-16T02:22:31.608+0000] {processor.py:161} INFO - Started process (PID=64388) to work on /home/airflow/.local/lib/python3.8/site-packages/airflow/example_dags/example_kubernetes_executor.py
[2026-04-16T02:22:31.610+0000] {processor.py:830} INFO - Processing file /home/airflow/.local/lib/python3.8/site-packages/airflow/example_dags/example_kubernetes_executor.py for tasks to queue
[2026-04-16T02:22:31.613+0000] {logging_mixin.py:188} INFO - [2026-04-16T02:22:31.612+0000] {dagbag.py:538} INFO - Filling up the DagBag from /home/airflow/.local/lib/python3.8/site-packages/airflow/example_dags/example_kubernetes_executor.py
[2026-04-16T02:22:31.628+0000] {processor.py:840} INFO - DAG(s) 'example_kubernetes_executor' retrieved from /home/airflow/.local/lib/python3.8/site-packages/airflow/example_dags/example_kubernetes_executor.py
[2026-04-16T02:22:31.665+0000] {logging_mixin.py:188} INFO - [2026-04-16T02:22:31.665+0000] {dag.py:3036} INFO - Sync 1 DAGs
[2026-04-16T02:22:31.676+0000] {logging_mixin.py:188} INFO - [2026-04-16T02:22:31.676+0000] {dag.py:3823} INFO - Setting next_dagrun for example_kubernetes_executor to None, run_after=None
[2026-04-16T02:22:31.698+0000] {processor.py:183} INFO - Processing /home/airflow/.local/lib/python3.8/site-packages/airflow/example_dags/example_kubernetes_executor.py took 0.093 seconds
[2026-04-16T02:23:02.952+0000] {processor.py:161} INFO - Started process (PID=64445) to work on /home/airflow/.local/lib/python3.8/site-packages/airflow/example_dags/example_kubernetes_executor.py
[2026-04-16T02:23:02.953+0000] {processor.py:830} INFO - Processing file /home/airflow/.local/lib/python3.8/site-packages/airflow/example_dags/example_kubernetes_executor.py for tasks to queue
[2026-04-16T02:23:02.956+0000] {logging_mixin.py:188} INFO - [2026-04-16T02:23:02.956+0000] {dagbag.py:538} INFO - Filling up the DagBag from /home/airflow/.local/lib/python3.8/site-packages/airflow/example_dags/example_kubernetes_executor.py
[2026-04-16T02:23:02.969+0000] {processor.py:840} INFO - DAG(s) 'example_kubernetes_executor' retrieved from /home/airflow/.local/lib/python3.8/site-packages/airflow/example_dags/example_kubernetes_executor.py
[2026-04-16T02:23:03.010+0000] {logging_mixin.py:188} INFO - [2026-04-16T02:23:03.010+0000] {dag.py:3036} INFO - Sync 1 DAGs
[2026-04-16T02:23:03.022+0000] {logging_mixin.py:188} INFO - [2026-04-16T02:23:03.022+0000] {dag.py:3823} INFO - Setting next_dagrun for example_kubernetes_executor to None, run_after=None
[2026-04-16T02:23:03.048+0000] {processor.py:183} INFO - Processing /home/airflow/.local/lib/python3.8/site-packages/airflow/example_dags/example_kubernetes_executor.py took 0.100 seconds
[2026-04-16T02:23:33.391+0000] {processor.py:161} INFO - Started process (PID=64502) to work on /home/airflow/.local/lib/python3.8/site-packages/airflow/example_dags/example_kubernetes_executor.py
[2026-04-16T02:23:33.393+0000] {processor.py:830} INFO - Processing file /home/airflow/.local/lib/python3.8/site-packages/airflow/example_dags/example_kubernetes_executor.py for tasks to queue
[2026-04-16T02:23:33.395+0000] {logging_mixin.py:188} INFO - [2026-04-16T02:23:33.395+0000] {dagbag.py:538} INFO - Filling up the DagBag from /home/airflow/.local/lib/python3.8/site-packages/airflow/example_dags/example_kubernetes_executor.py
[2026-04-16T02:23:33.407+0000] {processor.py:840} INFO - DAG(s) 'example_kubernetes_executor' retrieved from /home/airflow/.local/lib/python3.8/site-packages/airflow/example_dags/example_kubernetes_executor.py
[2026-04-16T02:23:33.563+0000] {logging_mixin.py:188} INFO - [2026-04-16T02:23:33.562+0000] {dag.py:3036} INFO - Sync 1 DAGs
[2026-04-16T02:23:33.572+0000] {logging_mixin.py:188} INFO - [2026-04-16T02:23:33.572+0000] {dag.py:3823} INFO - Setting next_dagrun for example_kubernetes_executor to None, run_after=None
[2026-04-16T02:23:33.592+0000] {processor.py:183} INFO - Processing /home/airflow/.local/lib/python3.8/site-packages/airflow/example_dags/example_kubernetes_executor.py took 0.204 seconds
[2026-04-16T02:24:03.817+0000] {processor.py:161} INFO - Started process (PID=64559) to work on /home/airflow/.local/lib/python3.8/site-packages/airflow/example_dags/example_kubernetes_executor.py
[2026-04-16T02:24:03.819+0000] {processor.py:830} INFO - Processing file /home/airflow/.local/lib/python3.8/site-packages/airflow/example_dags/example_kubernetes_executor.py for tasks to queue
[2026-04-16T02:24:03.821+0000] {logging_mixin.py:188} INFO - [2026-04-16T02:24:03.821+0000] {dagbag.py:538} INFO - Filling up the DagBag from /home/airflow/.local/lib/python3.8/site-packages/airflow/example_dags/example_kubernetes_executor.py
[2026-04-16T02:24:03.834+0000] {processor.py:840} INFO - DAG(s) 'example_kubernetes_executor' retrieved from /home/airflow/.local/lib/python3.8/site-packages/airflow/example_dags/example_kubernetes_executor.py
[2026-04-16T02:24:04.003+0000] {logging_mixin.py:188} INFO - [2026-04-16T02:24:04.003+0000] {dag.py:3036} INFO - Sync 1 DAGs
[2026-04-16T02:24:04.015+0000] {logging_mixin.py:188} INFO - [2026-04-16T02:24:04.014+0000] {dag.py:3823} INFO - Setting next_dagrun for example_kubernetes_executor to None, run_after=None
[2026-04-16T02:24:04.040+0000] {processor.py:183} INFO - Processing /home/airflow/.local/lib/python3.8/site-packages/airflow/example_dags/example_kubernetes_executor.py took 0.226 seconds
[2026-04-16T02:24:34.572+0000] {processor.py:161} INFO - Started process (PID=64622) to work on /home/airflow/.local/lib/python3.8/site-packages/airflow/example_dags/example_kubernetes_executor.py
[2026-04-16T02:24:34.574+0000] {processor.py:830} INFO - Processing file /home/airflow/.local/lib/python3.8/site-packages/airflow/example_dags/example_kubernetes_executor.py for tasks to queue
[2026-04-16T02:24:34.575+0000] {logging_mixin.py:188} INFO - [2026-04-16T02:24:34.575+0000] {dagbag.py:538} INFO - Filling up the DagBag from /home/airflow/.local/lib/python3.8/site-packages/airflow/example_dags/example_kubernetes_executor.py
[2026-04-16T02:24:34.587+0000] {processor.py:840} INFO - DAG(s) 'example_kubernetes_executor' retrieved from /home/airflow/.local/lib/python3.8/site-packages/airflow/example_dags/example_kubernetes_executor.py
[2026-04-16T02:24:34.625+0000] {logging_mixin.py:188} INFO - [2026-04-16T02:24:34.625+0000] {dag.py:3036} INFO - Sync 1 DAGs
[2026-04-16T02:24:34.636+0000] {logging_mixin.py:188} INFO - [2026-04-16T02:24:34.636+0000] {dag.py:3823} INFO - Setting next_dagrun for example_kubernetes_executor to None, run_after=None
[2026-04-16T02:24:34.668+0000] {processor.py:183} INFO - Processing /home/airflow/.local/lib/python3.8/site-packages/airflow/example_dags/example_kubernetes_executor.py took 0.099 seconds
[2026-04-16T02:25:05.132+0000] {processor.py:161} INFO - Started process (PID=64679) to work on /home/airflow/.local/lib/python3.8/site-packages/airflow/example_dags/example_kubernetes_executor.py
[2026-04-16T02:25:05.133+0000] {processor.py:830} INFO - Processing file /home/airflow/.local/lib/python3.8/site-packages/airflow/example_dags/example_kubernetes_executor.py for tasks to queue
[2026-04-16T02:25:05.136+0000] {logging_mixin.py:188} INFO - [2026-04-16T02:25:05.135+0000] {dagbag.py:538} INFO - Filling up the DagBag from /home/airflow/.local/lib/python3.8/site-packages/airflow/example_dags/example_kubernetes_executor.py
[2026-04-16T02:25:05.149+0000] {processor.py:840} INFO - DAG(s) 'example_kubernetes_executor' retrieved from /home/airflow/.local/lib/python3.8/site-packages/airflow/example_dags/example_kubernetes_executor.py
[2026-04-16T02:25:05.189+0000] {logging_mixin.py:188} INFO - [2026-04-16T02:25:05.189+0000] {dag.py:3036} INFO - Sync 1 DAGs
[2026-04-16T02:25:05.207+0000] {logging_mixin.py:188} INFO - [2026-04-16T02:25:05.207+0000] {dag.py:3823} INFO - Setting next_dagrun for example_kubernetes_executor to None, run_after=None
[2026-04-16T02:25:05.238+0000] {processor.py:183} INFO - Processing /home/airflow/.local/lib/python3.8/site-packages/airflow/example_dags/example_kubernetes_executor.py took 0.110 seconds
[2026-04-16T02:25:35.591+0000] {processor.py:161} INFO - Started process (PID=64736) to work on /home/airflow/.local/lib/python3.8/site-packages/airflow/example_dags/example_kubernetes_executor.py
[2026-04-16T02:25:35.592+0000] {processor.py:830} INFO - Processing file /home/airflow/.local/lib/python3.8/site-packages/airflow/example_dags/example_kubernetes_executor.py for tasks to queue
[2026-04-16T02:25:35.594+0000] {logging_mixin.py:188} INFO - [2026-04-16T02:25:35.594+0000] {dagbag.py:538} INFO - Filling up the DagBag from /home/airflow/.local/lib/python3.8/site-packages/airflow/example_dags/example_kubernetes_executor.py
[2026-04-16T02:25:35.610+0000] {processor.py:840} INFO - DAG(s) 'example_kubernetes_executor' retrieved from /home/airflow/.local/lib/python3.8/site-packages/airflow/example_dags/example_kubernetes_executor.py
[2026-04-16T02:25:35.651+0000] {logging_mixin.py:188} INFO - [2026-04-16T02:25:35.651+0000] {dag.py:3036} INFO - Sync 1 DAGs
[2026-04-16T02:25:35.666+0000] {logging_mixin.py:188} INFO - [2026-04-16T02:25:35.665+0000] {dag.py:3823} INFO - Setting next_dagrun for example_kubernetes_executor to None, run_after=None
[2026-04-16T02:25:35.690+0000] {processor.py:183} INFO - Processing /home/airflow/.local/lib/python3.8/site-packages/airflow/example_dags/example_kubernetes_executor.py took 0.102 seconds
[2026-04-16T02:26:05.880+0000] {processor.py:161} INFO - Started process (PID=64793) to work on /home/airflow/.local/lib/python3.8/site-packages/airflow/example_dags/example_kubernetes_executor.py
[2026-04-16T02:26:05.881+0000] {processor.py:830} INFO - Processing file /home/airflow/.local/lib/python3.8/site-packages/airflow/example_dags/example_kubernetes_executor.py for tasks to queue
[2026-04-16T02:26:05.884+0000] {logging_mixin.py:188} INFO - [2026-04-16T02:26:05.884+0000] {dagbag.py:538} INFO - Filling up the DagBag from /home/airflow/.local/lib/python3.8/site-packages/airflow/example_dags/example_kubernetes_executor.py
[2026-04-16T02:26:05.901+0000] {processor.py:840} INFO - DAG(s) 'example_kubernetes_executor' retrieved from /home/airflow/.local/lib/python3.8/site-packages/airflow/example_dags/example_kubernetes_executor.py
[2026-04-16T02:26:05.936+0000] {logging_mixin.py:188} INFO - [2026-04-16T02:26:05.935+0000] {dag.py:3036} INFO - Sync 1 DAGs
[2026-04-16T02:26:05.947+0000] {logging_mixin.py:188} INFO - [2026-04-16T02:26:05.947+0000] {dag.py:3823} INFO - Setting next_dagrun for example_kubernetes_executor to None, run_after=None
[2026-04-16T02:26:05.966+0000] {processor.py:183} INFO - Processing /home/airflow/.local/lib/python3.8/site-packages/airflow/example_dags/example_kubernetes_executor.py took 0.090 seconds
[2026-04-16T02:26:36.165+0000] {processor.py:161} INFO - Started process (PID=64850) to work on /home/airflow/.local/lib/python3.8/site-packages/airflow/example_dags/example_kubernetes_executor.py
[2026-04-16T02:26:36.166+0000] {processor.py:830} INFO - Processing file /home/airflow/.local/lib/python3.8/site-packages/airflow/example_dags/example_kubernetes_executor.py for tasks to queue
[2026-04-16T02:26:36.169+0000] {logging_mixin.py:188} INFO - [2026-04-16T02:26:36.169+0000] {dagbag.py:538} INFO - Filling up the DagBag from /home/airflow/.local/lib/python3.8/site-packages/airflow/example_dags/example_kubernetes_executor.py
[2026-04-16T02:26:36.186+0000] {processor.py:840} INFO - DAG(s) 'example_kubernetes_executor' retrieved from /home/airflow/.local/lib/python3.8/site-packages/airflow/example_dags/example_kubernetes_executor.py
[2026-04-16T02:26:36.224+0000] {logging_mixin.py:188} INFO - [2026-04-16T02:26:36.224+0000] {dag.py:3036} INFO - Sync 1 DAGs
[2026-04-16T02:26:36.236+0000] {logging_mixin.py:188} INFO - [2026-04-16T02:26:36.235+0000] {dag.py:3823} INFO - Setting next_dagrun for example_kubernetes_executor to None, run_after=None
[2026-04-16T02:26:36.258+0000] {processor.py:183} INFO - Processing /home/airflow/.local/lib/python3.8/site-packages/airflow/example_dags/example_kubernetes_executor.py took 0.097 seconds
[2026-04-16T02:27:06.494+0000] {processor.py:161} INFO - Started process (PID=64907) to work on /home/airflow/.local/lib/python3.8/site-packages/airflow/example_dags/example_kubernetes_executor.py
[2026-04-16T02:27:06.495+0000] {processor.py:830} INFO - Processing file /home/airflow/.local/lib/python3.8/site-packages/airflow/example_dags/example_kubernetes_executor.py for tasks to queue
[2026-04-16T02:27:06.497+0000] {logging_mixin.py:188} INFO - [2026-04-16T02:27:06.497+0000] {dagbag.py:538} INFO - Filling up the DagBag from /home/airflow/.local/lib/python3.8/site-packages/airflow/example_dags/example_kubernetes_executor.py
[2026-04-16T02:27:06.510+0000] {processor.py:840} INFO - DAG(s) 'example_kubernetes_executor' retrieved from /home/airflow/.local/lib/python3.8/site-packages/airflow/example_dags/example_kubernetes_executor.py
[2026-04-16T02:27:06.550+0000] {logging_mixin.py:188} INFO - [2026-04-16T02:27:06.549+0000] {dag.py:3036} INFO - Sync 1 DAGs
[2026-04-16T02:27:06.560+0000] {logging_mixin.py:188} INFO - [2026-04-16T02:27:06.559+0000] {dag.py:3823} INFO - Setting next_dagrun for example_kubernetes_executor to None, run_after=None
[2026-04-16T02:27:06.581+0000] {processor.py:183} INFO - Processing /home/airflow/.local/lib/python3.8/site-packages/airflow/example_dags/example_kubernetes_executor.py took 0.091 seconds
[2026-04-16T02:27:37.023+0000] {processor.py:161} INFO - Started process (PID=64964) to work on /home/airflow/.local/lib/python3.8/site-packages/airflow/example_dags/example_kubernetes_executor.py
[2026-04-16T02:27:37.024+0000] {processor.py:830} INFO - Processing file /home/airflow/.local/lib/python3.8/site-packages/airflow/example_dags/example_kubernetes_executor.py for tasks to queue
[2026-04-16T02:27:37.027+0000] {logging_mixin.py:188} INFO - [2026-04-16T02:27:37.026+0000] {dagbag.py:538} INFO - Filling up the DagBag from /home/airflow/.local/lib/python3.8/site-packages/airflow/example_dags/example_kubernetes_executor.py
[2026-04-16T02:27:37.040+0000] {processor.py:840} INFO - DAG(s) 'example_kubernetes_executor' retrieved from /home/airflow/.local/lib/python3.8/site-packages/airflow/example_dags/example_kubernetes_executor.py
[2026-04-16T02:27:37.081+0000] {logging_mixin.py:188} INFO - [2026-04-16T02:27:37.080+0000] {dag.py:3036} INFO - Sync 1 DAGs
[2026-04-16T02:27:37.094+0000] {logging_mixin.py:188} INFO - [2026-04-16T02:27:37.094+0000] {dag.py:3823} INFO - Setting next_dagrun for example_kubernetes_executor to None, run_after=None
[2026-04-16T02:27:37.118+0000] {processor.py:183} INFO - Processing /home/airflow/.local/lib/python3.8/site-packages/airflow/example_dags/example_kubernetes_executor.py took 0.099 seconds
[2026-04-16T02:28:07.298+0000] {processor.py:161} INFO - Started process (PID=65021) to work on /home/airflow/.local/lib/python3.8/site-packages/airflow/example_dags/example_kubernetes_executor.py
[2026-04-16T02:28:07.304+0000] {processor.py:830} INFO - Processing file /home/airflow/.local/lib/python3.8/site-packages/airflow/example_dags/example_kubernetes_executor.py for tasks to queue
[2026-04-16T02:28:07.307+0000] {logging_mixin.py:188} INFO - [2026-04-16T02:28:07.306+0000] {dagbag.py:538} INFO - Filling up the DagBag from /home/airflow/.local/lib/python3.8/site-packages/airflow/example_dags/example_kubernetes_executor.py
[2026-04-16T02:28:07.320+0000] {processor.py:840} INFO - DAG(s) 'example_kubernetes_executor' retrieved from /home/airflow/.local/lib/python3.8/site-packages/airflow/example_dags/example_kubernetes_executor.py
[2026-04-16T02:28:07.363+0000] {logging_mixin.py:188} INFO - [2026-04-16T02:28:07.363+0000] {dag.py:3036} INFO - Sync 1 DAGs
[2026-04-16T02:28:07.376+0000] {logging_mixin.py:188} INFO - [2026-04-16T02:28:07.375+0000] {dag.py:3823} INFO - Setting next_dagrun for example_kubernetes_executor to None, run_after=None
[2026-04-16T02:28:07.402+0000] {processor.py:183} INFO - Processing /home/airflow/.local/lib/python3.8/site-packages/airflow/example_dags/example_kubernetes_executor.py took 0.108 seconds
[2026-04-16T02:28:37.647+0000] {processor.py:161} INFO - Started process (PID=65078) to work on /home/airflow/.local/lib/python3.8/site-packages/airflow/example_dags/example_kubernetes_executor.py
[2026-04-16T02:28:37.648+0000] {processor.py:830} INFO - Processing file /home/airflow/.local/lib/python3.8/site-packages/airflow/example_dags/example_kubernetes_executor.py for tasks to queue
[2026-04-16T02:28:37.650+0000] {logging_mixin.py:188} INFO - [2026-04-16T02:28:37.650+0000] {dagbag.py:538} INFO - Filling up the DagBag from /home/airflow/.local/lib/python3.8/site-packages/airflow/example_dags/example_kubernetes_executor.py
[2026-04-16T02:28:37.663+0000] {processor.py:840} INFO - DAG(s) 'example_kubernetes_executor' retrieved from /home/airflow/.local/lib/python3.8/site-packages/airflow/example_dags/example_kubernetes_executor.py
[2026-04-16T02:28:37.701+0000] {logging_mixin.py:188} INFO - [2026-04-16T02:28:37.700+0000] {dag.py:3036} INFO - Sync 1 DAGs
[2026-04-16T02:28:37.714+0000] {logging_mixin.py:188} INFO - [2026-04-16T02:28:37.714+0000] {dag.py:3823} INFO - Setting next_dagrun for example_kubernetes_executor to None, run_after=None
[2026-04-16T02:28:37.739+0000] {processor.py:183} INFO - Processing /home/airflow/.local/lib/python3.8/site-packages/airflow/example_dags/example_kubernetes_executor.py took 0.095 seconds
[2026-04-16T02:29:07.947+0000] {processor.py:161} INFO - Started process (PID=65135) to work on /home/airflow/.local/lib/python3.8/site-packages/airflow/example_dags/example_kubernetes_executor.py
[2026-04-16T02:29:07.948+0000] {processor.py:830} INFO - Processing file /home/airflow/.local/lib/python3.8/site-packages/airflow/example_dags/example_kubernetes_executor.py for tasks to queue
[2026-04-16T02:29:07.950+0000] {logging_mixin.py:188} INFO - [2026-04-16T02:29:07.950+0000] {dagbag.py:538} INFO - Filling up the DagBag from /home/airflow/.local/lib/python3.8/site-packages/airflow/example_dags/example_kubernetes_executor.py
[2026-04-16T02:29:07.964+0000] {processor.py:840} INFO - DAG(s) 'example_kubernetes_executor' retrieved from /home/airflow/.local/lib/python3.8/site-packages/airflow/example_dags/example_kubernetes_executor.py
[2026-04-16T02:29:08.002+0000] {logging_mixin.py:188} INFO - [2026-04-16T02:29:08.001+0000] {dag.py:3036} INFO - Sync 1 DAGs
[2026-04-16T02:29:08.015+0000] {logging_mixin.py:188} INFO - [2026-04-16T02:29:08.014+0000] {dag.py:3823} INFO - Setting next_dagrun for example_kubernetes_executor to None, run_after=None
[2026-04-16T02:29:08.039+0000] {processor.py:183} INFO - Processing /home/airflow/.local/lib/python3.8/site-packages/airflow/example_dags/example_kubernetes_executor.py took 0.095 seconds
[2026-04-16T02:29:38.338+0000] {processor.py:161} INFO - Started process (PID=65192) to work on /home/airflow/.local/lib/python3.8/site-packages/airflow/example_dags/example_kubernetes_executor.py
[2026-04-16T02:29:38.339+0000] {processor.py:830} INFO - Processing file /home/airflow/.local/lib/python3.8/site-packages/airflow/example_dags/example_kubernetes_executor.py for tasks to queue
[2026-04-16T02:29:38.342+0000] {logging_mixin.py:188} INFO - [2026-04-16T02:29:38.341+0000] {dagbag.py:538} INFO - Filling up the DagBag from /home/airflow/.local/lib/python3.8/site-packages/airflow/example_dags/example_kubernetes_executor.py
[2026-04-16T02:29:38.356+0000] {processor.py:840} INFO - DAG(s) 'example_kubernetes_executor' retrieved from /home/airflow/.local/lib/python3.8/site-packages/airflow/example_dags/example_kubernetes_executor.py
[2026-04-16T02:29:38.397+0000] {logging_mixin.py:188} INFO - [2026-04-16T02:29:38.396+0000] {dag.py:3036} INFO - Sync 1 DAGs
[2026-04-16T02:29:38.411+0000] {logging_mixin.py:188} INFO - [2026-04-16T02:29:38.411+0000] {dag.py:3823} INFO - Setting next_dagrun for example_kubernetes_executor to None, run_after=None
[2026-04-16T02:29:38.435+0000] {processor.py:183} INFO - Processing /home/airflow/.local/lib/python3.8/site-packages/airflow/example_dags/example_kubernetes_executor.py took 0.101 seconds
[2026-04-16T02:30:08.821+0000] {processor.py:161} INFO - Started process (PID=65249) to work on /home/airflow/.local/lib/python3.8/site-packages/airflow/example_dags/example_kubernetes_executor.py
[2026-04-16T02:30:08.822+0000] {processor.py:830} INFO - Processing file /home/airflow/.local/lib/python3.8/site-packages/airflow/example_dags/example_kubernetes_executor.py for tasks to queue
[2026-04-16T02:30:08.824+0000] {logging_mixin.py:188} INFO - [2026-04-16T02:30:08.824+0000] {dagbag.py:538} INFO - Filling up the DagBag from /home/airflow/.local/lib/python3.8/site-packages/airflow/example_dags/example_kubernetes_executor.py
[2026-04-16T02:30:08.838+0000] {processor.py:840} INFO - DAG(s) 'example_kubernetes_executor' retrieved from /home/airflow/.local/lib/python3.8/site-packages/airflow/example_dags/example_kubernetes_executor.py
[2026-04-16T02:30:08.878+0000] {logging_mixin.py:188} INFO - [2026-04-16T02:30:08.877+0000] {dag.py:3036} INFO - Sync 1 DAGs
[2026-04-16T02:30:08.889+0000] {logging_mixin.py:188} INFO - [2026-04-16T02:30:08.889+0000] {dag.py:3823} INFO - Setting next_dagrun for example_kubernetes_executor to None, run_after=None
[2026-04-16T02:30:08.911+0000] {processor.py:183} INFO - Processing /home/airflow/.local/lib/python3.8/site-packages/airflow/example_dags/example_kubernetes_executor.py took 0.094 seconds
[2026-04-16T02:30:39.497+0000] {processor.py:161} INFO - Started process (PID=65307) to work on /home/airflow/.local/lib/python3.8/site-packages/airflow/example_dags/example_kubernetes_executor.py
[2026-04-16T02:30:39.498+0000] {processor.py:830} INFO - Processing file /home/airflow/.local/lib/python3.8/site-packages/airflow/example_dags/example_kubernetes_executor.py for tasks to queue
[2026-04-16T02:30:39.500+0000] {logging_mixin.py:188} INFO - [2026-04-16T02:30:39.500+0000] {dagbag.py:538} INFO - Filling up the DagBag from /home/airflow/.local/lib/python3.8/site-packages/airflow/example_dags/example_kubernetes_executor.py
[2026-04-16T02:30:39.519+0000] {processor.py:840} INFO - DAG(s) 'example_kubernetes_executor' retrieved from /home/airflow/.local/lib/python3.8/site-packages/airflow/example_dags/example_kubernetes_executor.py
[2026-04-16T02:30:39.563+0000] {logging_mixin.py:188} INFO - [2026-04-16T02:30:39.563+0000] {dag.py:3036} INFO - Sync 1 DAGs
[2026-04-16T02:30:39.581+0000] {logging_mixin.py:188} INFO - [2026-04-16T02:30:39.581+0000] {dag.py:3823} INFO - Setting next_dagrun for example_kubernetes_executor to None, run_after=None
[2026-04-16T02:30:39.605+0000] {processor.py:183} INFO - Processing /home/airflow/.local/lib/python3.8/site-packages/airflow/example_dags/example_kubernetes_executor.py took 0.114 seconds
[2026-04-16T02:31:09.902+0000] {processor.py:161} INFO - Started process (PID=65364) to work on /home/airflow/.local/lib/python3.8/site-packages/airflow/example_dags/example_kubernetes_executor.py
[2026-04-16T02:31:09.904+0000] {processor.py:830} INFO - Processing file /home/airflow/.local/lib/python3.8/site-packages/airflow/example_dags/example_kubernetes_executor.py for tasks to queue
[2026-04-16T02:31:09.907+0000] {logging_mixin.py:188} INFO - [2026-04-16T02:31:09.907+0000] {dagbag.py:538} INFO - Filling up the DagBag from /home/airflow/.local/lib/python3.8/site-packages/airflow/example_dags/example_kubernetes_executor.py
[2026-04-16T02:31:09.921+0000] {processor.py:840} INFO - DAG(s) 'example_kubernetes_executor' retrieved from /home/airflow/.local/lib/python3.8/site-packages/airflow/example_dags/example_kubernetes_executor.py
[2026-04-16T02:31:09.959+0000] {logging_mixin.py:188} INFO - [2026-04-16T02:31:09.959+0000] {dag.py:3036} INFO - Sync 1 DAGs
[2026-04-16T02:31:09.974+0000] {logging_mixin.py:188} INFO - [2026-04-16T02:31:09.974+0000] {dag.py:3823} INFO - Setting next_dagrun for example_kubernetes_executor to None, run_after=None
[2026-04-16T02:31:09.998+0000] {processor.py:183} INFO - Processing /home/airflow/.local/lib/python3.8/site-packages/airflow/example_dags/example_kubernetes_executor.py took 0.100 seconds
[2026-04-16T02:31:40.263+0000] {processor.py:161} INFO - Started process (PID=65421) to work on /home/airflow/.local/lib/python3.8/site-packages/airflow/example_dags/example_kubernetes_executor.py
[2026-04-16T02:31:40.264+0000] {processor.py:830} INFO - Processing file /home/airflow/.local/lib/python3.8/site-packages/airflow/example_dags/example_kubernetes_executor.py for tasks to queue
[2026-04-16T02:31:40.267+0000] {logging_mixin.py:188} INFO - [2026-04-16T02:31:40.266+0000] {dagbag.py:538} INFO - Filling up the DagBag from /home/airflow/.local/lib/python3.8/site-packages/airflow/example_dags/example_kubernetes_executor.py
[2026-04-16T02:31:40.279+0000] {processor.py:840} INFO - DAG(s) 'example_kubernetes_executor' retrieved from /home/airflow/.local/lib/python3.8/site-packages/airflow/example_dags/example_kubernetes_executor.py
[2026-04-16T02:31:40.319+0000] {logging_mixin.py:188} INFO - [2026-04-16T02:31:40.319+0000] {dag.py:3036} INFO - Sync 1 DAGs
[2026-04-16T02:31:40.333+0000] {logging_mixin.py:188} INFO - [2026-04-16T02:31:40.333+0000] {dag.py:3823} INFO - Setting next_dagrun for example_kubernetes_executor to None, run_after=None
[2026-04-16T02:31:40.359+0000] {processor.py:183} INFO - Processing /home/airflow/.local/lib/python3.8/site-packages/airflow/example_dags/example_kubernetes_executor.py took 0.099 seconds
[2026-04-16T02:32:10.465+0000] {processor.py:161} INFO - Started process (PID=65478) to work on /home/airflow/.local/lib/python3.8/site-packages/airflow/example_dags/example_kubernetes_executor.py
[2026-04-16T02:32:10.466+0000] {processor.py:830} INFO - Processing file /home/airflow/.local/lib/python3.8/site-packages/airflow/example_dags/example_kubernetes_executor.py for tasks to queue
[2026-04-16T02:32:10.468+0000] {logging_mixin.py:188} INFO - [2026-04-16T02:32:10.468+0000] {dagbag.py:538} INFO - Filling up the DagBag from /home/airflow/.local/lib/python3.8/site-packages/airflow/example_dags/example_kubernetes_executor.py
[2026-04-16T02:32:10.480+0000] {processor.py:840} INFO - DAG(s) 'example_kubernetes_executor' retrieved from /home/airflow/.local/lib/python3.8/site-packages/airflow/example_dags/example_kubernetes_executor.py
[2026-04-16T02:32:10.517+0000] {logging_mixin.py:188} INFO - [2026-04-16T02:32:10.517+0000] {dag.py:3036} INFO - Sync 1 DAGs
[2026-04-16T02:32:10.530+0000] {logging_mixin.py:188} INFO - [2026-04-16T02:32:10.530+0000] {dag.py:3823} INFO - Setting next_dagrun for example_kubernetes_executor to None, run_after=None
[2026-04-16T02:32:10.553+0000] {processor.py:183} INFO - Processing /home/airflow/.local/lib/python3.8/site-packages/airflow/example_dags/example_kubernetes_executor.py took 0.092 seconds
[2026-04-16T02:32:40.703+0000] {processor.py:161} INFO - Started process (PID=65535) to work on /home/airflow/.local/lib/python3.8/site-packages/airflow/example_dags/example_kubernetes_executor.py
[2026-04-16T02:32:40.705+0000] {processor.py:830} INFO - Processing file /home/airflow/.local/lib/python3.8/site-packages/airflow/example_dags/example_kubernetes_executor.py for tasks to queue
[2026-04-16T02:32:40.707+0000] {logging_mixin.py:188} INFO - [2026-04-16T02:32:40.707+0000] {dagbag.py:538} INFO - Filling up the DagBag from /home/airflow/.local/lib/python3.8/site-packages/airflow/example_dags/example_kubernetes_executor.py
[2026-04-16T02:32:40.719+0000] {processor.py:840} INFO - DAG(s) 'example_kubernetes_executor' retrieved from /home/airflow/.local/lib/python3.8/site-packages/airflow/example_dags/example_kubernetes_executor.py
[2026-04-16T02:32:40.759+0000] {logging_mixin.py:188} INFO - [2026-04-16T02:32:40.759+0000] {dag.py:3036} INFO - Sync 1 DAGs
[2026-04-16T02:32:40.773+0000] {logging_mixin.py:188} INFO - [2026-04-16T02:32:40.773+0000] {dag.py:3823} INFO - Setting next_dagrun for example_kubernetes_executor to None, run_after=None
[2026-04-16T02:32:40.796+0000] {processor.py:183} INFO - Processing /home/airflow/.local/lib/python3.8/site-packages/airflow/example_dags/example_kubernetes_executor.py took 0.097 seconds
[2026-04-16T02:33:10.959+0000] {processor.py:161} INFO - Started process (PID=65592) to work on /home/airflow/.local/lib/python3.8/site-packages/airflow/example_dags/example_kubernetes_executor.py
[2026-04-16T02:33:10.960+0000] {processor.py:830} INFO - Processing file /home/airflow/.local/lib/python3.8/site-packages/airflow/example_dags/example_kubernetes_executor.py for tasks to queue
[2026-04-16T02:33:10.963+0000] {logging_mixin.py:188} INFO - [2026-04-16T02:33:10.962+0000] {dagbag.py:538} INFO - Filling up the DagBag from /home/airflow/.local/lib/python3.8/site-packages/airflow/example_dags/example_kubernetes_executor.py
[2026-04-16T02:33:10.977+0000] {processor.py:840} INFO - DAG(s) 'example_kubernetes_executor' retrieved from /home/airflow/.local/lib/python3.8/site-packages/airflow/example_dags/example_kubernetes_executor.py
[2026-04-16T02:33:11.016+0000] {logging_mixin.py:188} INFO - [2026-04-16T02:33:11.016+0000] {dag.py:3036} INFO - Sync 1 DAGs
[2026-04-16T02:33:11.028+0000] {logging_mixin.py:188} INFO - [2026-04-16T02:33:11.027+0000] {dag.py:3823} INFO - Setting next_dagrun for example_kubernetes_executor to None, run_after=None
[2026-04-16T02:33:11.051+0000] {processor.py:183} INFO - Processing /home/airflow/.local/lib/python3.8/site-packages/airflow/example_dags/example_kubernetes_executor.py took 0.096 seconds
[2026-04-16T02:33:41.134+0000] {processor.py:161} INFO - Started process (PID=65648) to work on /home/airflow/.local/lib/python3.8/site-packages/airflow/example_dags/example_kubernetes_executor.py
[2026-04-16T02:33:41.135+0000] {processor.py:830} INFO - Processing file /home/airflow/.local/lib/python3.8/site-packages/airflow/example_dags/example_kubernetes_executor.py for tasks to queue
[2026-04-16T02:33:41.137+0000] {logging_mixin.py:188} INFO - [2026-04-16T02:33:41.137+0000] {dagbag.py:538} INFO - Filling up the DagBag from /home/airflow/.local/lib/python3.8/site-packages/airflow/example_dags/example_kubernetes_executor.py
[2026-04-16T02:33:41.155+0000] {processor.py:840} INFO - DAG(s) 'example_kubernetes_executor' retrieved from /home/airflow/.local/lib/python3.8/site-packages/airflow/example_dags/example_kubernetes_executor.py
[2026-04-16T02:33:41.205+0000] {logging_mixin.py:188} INFO - [2026-04-16T02:33:41.205+0000] {dag.py:3036} INFO - Sync 1 DAGs
[2026-04-16T02:33:41.220+0000] {logging_mixin.py:188} INFO - [2026-04-16T02:33:41.220+0000] {dag.py:3823} INFO - Setting next_dagrun for example_kubernetes_executor to None, run_after=None
[2026-04-16T02:33:41.244+0000] {processor.py:183} INFO - Processing /home/airflow/.local/lib/python3.8/site-packages/airflow/example_dags/example_kubernetes_executor.py took 0.113 seconds
[2026-04-16T02:34:11.469+0000] {processor.py:161} INFO - Started process (PID=65705) to work on /home/airflow/.local/lib/python3.8/site-packages/airflow/example_dags/example_kubernetes_executor.py
[2026-04-16T02:34:11.471+0000] {processor.py:830} INFO - Processing file /home/airflow/.local/lib/python3.8/site-packages/airflow/example_dags/example_kubernetes_executor.py for tasks to queue
[2026-04-16T02:34:11.473+0000] {logging_mixin.py:188} INFO - [2026-04-16T02:34:11.473+0000] {dagbag.py:538} INFO - Filling up the DagBag from /home/airflow/.local/lib/python3.8/site-packages/airflow/example_dags/example_kubernetes_executor.py
[2026-04-16T02:34:11.489+0000] {processor.py:840} INFO - DAG(s) 'example_kubernetes_executor' retrieved from /home/airflow/.local/lib/python3.8/site-packages/airflow/example_dags/example_kubernetes_executor.py
[2026-04-16T02:34:11.530+0000] {logging_mixin.py:188} INFO - [2026-04-16T02:34:11.530+0000] {dag.py:3036} INFO - Sync 1 DAGs
[2026-04-16T02:34:11.541+0000] {logging_mixin.py:188} INFO - [2026-04-16T02:34:11.541+0000] {dag.py:3823} INFO - Setting next_dagrun for example_kubernetes_executor to None, run_after=None
[2026-04-16T02:34:11.565+0000] {processor.py:183} INFO - Processing /home/airflow/.local/lib/python3.8/site-packages/airflow/example_dags/example_kubernetes_executor.py took 0.100 seconds
[2026-04-16T02:34:41.681+0000] {processor.py:161} INFO - Started process (PID=65762) to work on /home/airflow/.local/lib/python3.8/site-packages/airflow/example_dags/example_kubernetes_executor.py
[2026-04-16T02:34:41.683+0000] {processor.py:830} INFO - Processing file /home/airflow/.local/lib/python3.8/site-packages/airflow/example_dags/example_kubernetes_executor.py for tasks to queue
[2026-04-16T02:34:41.685+0000] {logging_mixin.py:188} INFO - [2026-04-16T02:34:41.685+0000] {dagbag.py:538} INFO - Filling up the DagBag from /home/airflow/.local/lib/python3.8/site-packages/airflow/example_dags/example_kubernetes_executor.py
[2026-04-16T02:34:41.698+0000] {processor.py:840} INFO - DAG(s) 'example_kubernetes_executor' retrieved from /home/airflow/.local/lib/python3.8/site-packages/airflow/example_dags/example_kubernetes_executor.py
[2026-04-16T02:34:41.740+0000] {logging_mixin.py:188} INFO - [2026-04-16T02:34:41.740+0000] {dag.py:3036} INFO - Sync 1 DAGs
[2026-04-16T02:34:41.754+0000] {logging_mixin.py:188} INFO - [2026-04-16T02:34:41.754+0000] {dag.py:3823} INFO - Setting next_dagrun for example_kubernetes_executor to None, run_after=None
[2026-04-16T02:34:41.778+0000] {processor.py:183} INFO - Processing /home/airflow/.local/lib/python3.8/site-packages/airflow/example_dags/example_kubernetes_executor.py took 0.100 seconds
[2026-04-16T02:35:11.907+0000] {processor.py:161} INFO - Started process (PID=65819) to work on /home/airflow/.local/lib/python3.8/site-packages/airflow/example_dags/example_kubernetes_executor.py
[2026-04-16T02:35:11.909+0000] {processor.py:830} INFO - Processing file /home/airflow/.local/lib/python3.8/site-packages/airflow/example_dags/example_kubernetes_executor.py for tasks to queue
[2026-04-16T02:35:11.912+0000] {logging_mixin.py:188} INFO - [2026-04-16T02:35:11.911+0000] {dagbag.py:538} INFO - Filling up the DagBag from /home/airflow/.local/lib/python3.8/site-packages/airflow/example_dags/example_kubernetes_executor.py
[2026-04-16T02:35:11.925+0000] {processor.py:840} INFO - DAG(s) 'example_kubernetes_executor' retrieved from /home/airflow/.local/lib/python3.8/site-packages/airflow/example_dags/example_kubernetes_executor.py
[2026-04-16T02:35:11.964+0000] {logging_mixin.py:188} INFO - [2026-04-16T02:35:11.964+0000] {dag.py:3036} INFO - Sync 1 DAGs
[2026-04-16T02:35:11.975+0000] {logging_mixin.py:188} INFO - [2026-04-16T02:35:11.975+0000] {dag.py:3823} INFO - Setting next_dagrun for example_kubernetes_executor to None, run_after=None
[2026-04-16T02:35:11.999+0000] {processor.py:183} INFO - Processing /home/airflow/.local/lib/python3.8/site-packages/airflow/example_dags/example_kubernetes_executor.py took 0.096 seconds
[2026-04-16T02:35:42.370+0000] {processor.py:161} INFO - Started process (PID=65876) to work on /home/airflow/.local/lib/python3.8/site-packages/airflow/example_dags/example_kubernetes_executor.py
[2026-04-16T02:35:42.371+0000] {processor.py:830} INFO - Processing file /home/airflow/.local/lib/python3.8/site-packages/airflow/example_dags/example_kubernetes_executor.py for tasks to queue
[2026-04-16T02:35:42.374+0000] {logging_mixin.py:188} INFO - [2026-04-16T02:35:42.374+0000] {dagbag.py:538} INFO - Filling up the DagBag from /home/airflow/.local/lib/python3.8/site-packages/airflow/example_dags/example_kubernetes_executor.py
[2026-04-16T02:35:42.388+0000] {processor.py:840} INFO - DAG(s) 'example_kubernetes_executor' retrieved from /home/airflow/.local/lib/python3.8/site-packages/airflow/example_dags/example_kubernetes_executor.py
[2026-04-16T02:35:42.426+0000] {logging_mixin.py:188} INFO - [2026-04-16T02:35:42.426+0000] {dag.py:3036} INFO - Sync 1 DAGs
[2026-04-16T02:35:42.440+0000] {logging_mixin.py:188} INFO - [2026-04-16T02:35:42.440+0000] {dag.py:3823} INFO - Setting next_dagrun for example_kubernetes_executor to None, run_after=None
[2026-04-16T02:35:42.464+0000] {processor.py:183} INFO - Processing /home/airflow/.local/lib/python3.8/site-packages/airflow/example_dags/example_kubernetes_executor.py took 0.098 seconds
[2026-04-16T02:36:12.824+0000] {processor.py:161} INFO - Started process (PID=65933) to work on /home/airflow/.local/lib/python3.8/site-packages/airflow/example_dags/example_kubernetes_executor.py
[2026-04-16T02:36:12.826+0000] {processor.py:830} INFO - Processing file /home/airflow/.local/lib/python3.8/site-packages/airflow/example_dags/example_kubernetes_executor.py for tasks to queue
[2026-04-16T02:36:12.828+0000] {logging_mixin.py:188} INFO - [2026-04-16T02:36:12.828+0000] {dagbag.py:538} INFO - Filling up the DagBag from /home/airflow/.local/lib/python3.8/site-packages/airflow/example_dags/example_kubernetes_executor.py
[2026-04-16T02:36:12.841+0000] {processor.py:840} INFO - DAG(s) 'example_kubernetes_executor' retrieved from /home/airflow/.local/lib/python3.8/site-packages/airflow/example_dags/example_kubernetes_executor.py
[2026-04-16T02:36:12.884+0000] {logging_mixin.py:188} INFO - [2026-04-16T02:36:12.884+0000] {dag.py:3036} INFO - Sync 1 DAGs
[2026-04-16T02:36:12.896+0000] {logging_mixin.py:188} INFO - [2026-04-16T02:36:12.896+0000] {dag.py:3823} INFO - Setting next_dagrun for example_kubernetes_executor to None, run_after=None
[2026-04-16T02:36:12.919+0000] {processor.py:183} INFO - Processing /home/airflow/.local/lib/python3.8/site-packages/airflow/example_dags/example_kubernetes_executor.py took 0.098 seconds
[2026-04-16T02:36:43.068+0000] {processor.py:161} INFO - Started process (PID=65990) to work on /home/airflow/.local/lib/python3.8/site-packages/airflow/example_dags/example_kubernetes_executor.py
[2026-04-16T02:36:43.070+0000] {processor.py:830} INFO - Processing file /home/airflow/.local/lib/python3.8/site-packages/airflow/example_dags/example_kubernetes_executor.py for tasks to queue
[2026-04-16T02:36:43.072+0000] {logging_mixin.py:188} INFO - [2026-04-16T02:36:43.072+0000] {dagbag.py:538} INFO - Filling up the DagBag from /home/airflow/.local/lib/python3.8/site-packages/airflow/example_dags/example_kubernetes_executor.py
[2026-04-16T02:36:43.087+0000] {processor.py:840} INFO - DAG(s) 'example_kubernetes_executor' retrieved from /home/airflow/.local/lib/python3.8/site-packages/airflow/example_dags/example_kubernetes_executor.py
[2026-04-16T02:36:43.127+0000] {logging_mixin.py:188} INFO - [2026-04-16T02:36:43.126+0000] {dag.py:3036} INFO - Sync 1 DAGs
[2026-04-16T02:36:43.138+0000] {logging_mixin.py:188} INFO - [2026-04-16T02:36:43.138+0000] {dag.py:3823} INFO - Setting next_dagrun for example_kubernetes_executor to None, run_after=None
[2026-04-16T02:36:43.162+0000] {processor.py:183} INFO - Processing /home/airflow/.local/lib/python3.8/site-packages/airflow/example_dags/example_kubernetes_executor.py took 0.098 seconds
[2026-04-16T02:37:13.353+0000] {processor.py:161} INFO - Started process (PID=66047) to work on /home/airflow/.local/lib/python3.8/site-packages/airflow/example_dags/example_kubernetes_executor.py
[2026-04-16T02:37:13.355+0000] {processor.py:830} INFO - Processing file /home/airflow/.local/lib/python3.8/site-packages/airflow/example_dags/example_kubernetes_executor.py for tasks to queue
[2026-04-16T02:37:13.357+0000] {logging_mixin.py:188} INFO - [2026-04-16T02:37:13.357+0000] {dagbag.py:538} INFO - Filling up the DagBag from /home/airflow/.local/lib/python3.8/site-packages/airflow/example_dags/example_kubernetes_executor.py
[2026-04-16T02:37:13.372+0000] {processor.py:840} INFO - DAG(s) 'example_kubernetes_executor' retrieved from /home/airflow/.local/lib/python3.8/site-packages/airflow/example_dags/example_kubernetes_executor.py
[2026-04-16T02:37:13.414+0000] {logging_mixin.py:188} INFO - [2026-04-16T02:37:13.414+0000] {dag.py:3036} INFO - Sync 1 DAGs
[2026-04-16T02:37:13.427+0000] {logging_mixin.py:188} INFO - [2026-04-16T02:37:13.427+0000] {dag.py:3823} INFO - Setting next_dagrun for example_kubernetes_executor to None, run_after=None
[2026-04-16T02:37:13.449+0000] {processor.py:183} INFO - Processing /home/airflow/.local/lib/python3.8/site-packages/airflow/example_dags/example_kubernetes_executor.py took 0.099 seconds
[2026-04-16T02:37:43.803+0000] {processor.py:161} INFO - Started process (PID=66104) to work on /home/airflow/.local/lib/python3.8/site-packages/airflow/example_dags/example_kubernetes_executor.py
[2026-04-16T02:37:43.805+0000] {processor.py:830} INFO - Processing file /home/airflow/.local/lib/python3.8/site-packages/airflow/example_dags/example_kubernetes_executor.py for tasks to queue
[2026-04-16T02:37:43.807+0000] {logging_mixin.py:188} INFO - [2026-04-16T02:37:43.807+0000] {dagbag.py:538} INFO - Filling up the DagBag from /home/airflow/.local/lib/python3.8/site-packages/airflow/example_dags/example_kubernetes_executor.py
[2026-04-16T02:37:43.820+0000] {processor.py:840} INFO - DAG(s) 'example_kubernetes_executor' retrieved from /home/airflow/.local/lib/python3.8/site-packages/airflow/example_dags/example_kubernetes_executor.py
[2026-04-16T02:37:43.862+0000] {logging_mixin.py:188} INFO - [2026-04-16T02:37:43.862+0000] {dag.py:3036} INFO - Sync 1 DAGs
[2026-04-16T02:37:43.877+0000] {logging_mixin.py:188} INFO - [2026-04-16T02:37:43.876+0000] {dag.py:3823} INFO - Setting next_dagrun for example_kubernetes_executor to None, run_after=None
[2026-04-16T02:37:43.899+0000] {processor.py:183} INFO - Processing /home/airflow/.local/lib/python3.8/site-packages/airflow/example_dags/example_kubernetes_executor.py took 0.099 seconds
[2026-04-16T02:38:14.074+0000] {processor.py:161} INFO - Started process (PID=66161) to work on /home/airflow/.local/lib/python3.8/site-packages/airflow/example_dags/example_kubernetes_executor.py
[2026-04-16T02:38:14.076+0000] {processor.py:830} INFO - Processing file /home/airflow/.local/lib/python3.8/site-packages/airflow/example_dags/example_kubernetes_executor.py for tasks to queue
[2026-04-16T02:38:14.078+0000] {logging_mixin.py:188} INFO - [2026-04-16T02:38:14.078+0000] {dagbag.py:538} INFO - Filling up the DagBag from /home/airflow/.local/lib/python3.8/site-packages/airflow/example_dags/example_kubernetes_executor.py
[2026-04-16T02:38:14.097+0000] {processor.py:840} INFO - DAG(s) 'example_kubernetes_executor' retrieved from /home/airflow/.local/lib/python3.8/site-packages/airflow/example_dags/example_kubernetes_executor.py
[2026-04-16T02:38:14.136+0000] {logging_mixin.py:188} INFO - [2026-04-16T02:38:14.135+0000] {dag.py:3036} INFO - Sync 1 DAGs
[2026-04-16T02:38:14.150+0000] {logging_mixin.py:188} INFO - [2026-04-16T02:38:14.150+0000] {dag.py:3823} INFO - Setting next_dagrun for example_kubernetes_executor to None, run_after=None
[2026-04-16T02:38:14.171+0000] {processor.py:183} INFO - Processing /home/airflow/.local/lib/python3.8/site-packages/airflow/example_dags/example_kubernetes_executor.py took 0.102 seconds
[2026-04-16T02:38:44.480+0000] {processor.py:161} INFO - Started process (PID=66218) to work on /home/airflow/.local/lib/python3.8/site-packages/airflow/example_dags/example_kubernetes_executor.py
[2026-04-16T02:38:44.481+0000] {processor.py:830} INFO - Processing file /home/airflow/.local/lib/python3.8/site-packages/airflow/example_dags/example_kubernetes_executor.py for tasks to queue
[2026-04-16T02:38:44.486+0000] {logging_mixin.py:188} INFO - [2026-04-16T02:38:44.486+0000] {dagbag.py:538} INFO - Filling up the DagBag from /home/airflow/.local/lib/python3.8/site-packages/airflow/example_dags/example_kubernetes_executor.py
[2026-04-16T02:38:44.502+0000] {processor.py:840} INFO - DAG(s) 'example_kubernetes_executor' retrieved from /home/airflow/.local/lib/python3.8/site-packages/airflow/example_dags/example_kubernetes_executor.py
[2026-04-16T02:38:44.543+0000] {logging_mixin.py:188} INFO - [2026-04-16T02:38:44.542+0000] {dag.py:3036} INFO - Sync 1 DAGs
[2026-04-16T02:38:44.557+0000] {logging_mixin.py:188} INFO - [2026-04-16T02:38:44.556+0000] {dag.py:3823} INFO - Setting next_dagrun for example_kubernetes_executor to None, run_after=None
[2026-04-16T02:38:44.576+0000] {processor.py:183} INFO - Processing /home/airflow/.local/lib/python3.8/site-packages/airflow/example_dags/example_kubernetes_executor.py took 0.100 seconds
[2026-04-16T02:39:14.871+0000] {processor.py:161} INFO - Started process (PID=66276) to work on /home/airflow/.local/lib/python3.8/site-packages/airflow/example_dags/example_kubernetes_executor.py
[2026-04-16T02:39:14.872+0000] {processor.py:830} INFO - Processing file /home/airflow/.local/lib/python3.8/site-packages/airflow/example_dags/example_kubernetes_executor.py for tasks to queue
[2026-04-16T02:39:14.874+0000] {logging_mixin.py:188} INFO - [2026-04-16T02:39:14.874+0000] {dagbag.py:538} INFO - Filling up the DagBag from /home/airflow/.local/lib/python3.8/site-packages/airflow/example_dags/example_kubernetes_executor.py
[2026-04-16T02:39:14.886+0000] {processor.py:840} INFO - DAG(s) 'example_kubernetes_executor' retrieved from /home/airflow/.local/lib/python3.8/site-packages/airflow/example_dags/example_kubernetes_executor.py
[2026-04-16T02:39:14.924+0000] {logging_mixin.py:188} INFO - [2026-04-16T02:39:14.923+0000] {dag.py:3036} INFO - Sync 1 DAGs
[2026-04-16T02:39:14.935+0000] {logging_mixin.py:188} INFO - [2026-04-16T02:39:14.934+0000] {dag.py:3823} INFO - Setting next_dagrun for example_kubernetes_executor to None, run_after=None
[2026-04-16T02:39:14.957+0000] {processor.py:183} INFO - Processing /home/airflow/.local/lib/python3.8/site-packages/airflow/example_dags/example_kubernetes_executor.py took 0.090 seconds
[2026-04-16T02:39:45.444+0000] {processor.py:161} INFO - Started process (PID=66333) to work on /home/airflow/.local/lib/python3.8/site-packages/airflow/example_dags/example_kubernetes_executor.py
[2026-04-16T02:39:45.446+0000] {processor.py:830} INFO - Processing file /home/airflow/.local/lib/python3.8/site-packages/airflow/example_dags/example_kubernetes_executor.py for tasks to queue
[2026-04-16T02:39:45.448+0000] {logging_mixin.py:188} INFO - [2026-04-16T02:39:45.447+0000] {dagbag.py:538} INFO - Filling up the DagBag from /home/airflow/.local/lib/python3.8/site-packages/airflow/example_dags/example_kubernetes_executor.py
[2026-04-16T02:39:45.463+0000] {processor.py:840} INFO - DAG(s) 'example_kubernetes_executor' retrieved from /home/airflow/.local/lib/python3.8/site-packages/airflow/example_dags/example_kubernetes_executor.py
[2026-04-16T02:39:45.508+0000] {logging_mixin.py:188} INFO - [2026-04-16T02:39:45.508+0000] {dag.py:3036} INFO - Sync 1 DAGs
[2026-04-16T02:39:45.522+0000] {logging_mixin.py:188} INFO - [2026-04-16T02:39:45.522+0000] {dag.py:3823} INFO - Setting next_dagrun for example_kubernetes_executor to None, run_after=None
[2026-04-16T02:39:45.545+0000] {processor.py:183} INFO - Processing /home/airflow/.local/lib/python3.8/site-packages/airflow/example_dags/example_kubernetes_executor.py took 0.104 seconds
[2026-04-16T02:40:16.188+0000] {processor.py:161} INFO - Started process (PID=66390) to work on /home/airflow/.local/lib/python3.8/site-packages/airflow/example_dags/example_kubernetes_executor.py
[2026-04-16T02:40:16.190+0000] {processor.py:830} INFO - Processing file /home/airflow/.local/lib/python3.8/site-packages/airflow/example_dags/example_kubernetes_executor.py for tasks to queue
[2026-04-16T02:40:16.192+0000] {logging_mixin.py:188} INFO - [2026-04-16T02:40:16.192+0000] {dagbag.py:538} INFO - Filling up the DagBag from /home/airflow/.local/lib/python3.8/site-packages/airflow/example_dags/example_kubernetes_executor.py
[2026-04-16T02:40:16.207+0000] {processor.py:840} INFO - DAG(s) 'example_kubernetes_executor' retrieved from /home/airflow/.local/lib/python3.8/site-packages/airflow/example_dags/example_kubernetes_executor.py
[2026-04-16T02:40:16.248+0000] {logging_mixin.py:188} INFO - [2026-04-16T02:40:16.247+0000] {dag.py:3036} INFO - Sync 1 DAGs
[2026-04-16T02:40:16.264+0000] {logging_mixin.py:188} INFO - [2026-04-16T02:40:16.263+0000] {dag.py:3823} INFO - Setting next_dagrun for example_kubernetes_executor to None, run_after=None
[2026-04-16T02:40:16.292+0000] {processor.py:183} INFO - Processing /home/airflow/.local/lib/python3.8/site-packages/airflow/example_dags/example_kubernetes_executor.py took 0.107 seconds
[2026-04-16T02:40:46.637+0000] {processor.py:161} INFO - Started process (PID=66447) to work on /home/airflow/.local/lib/python3.8/site-packages/airflow/example_dags/example_kubernetes_executor.py
[2026-04-16T02:40:46.638+0000] {processor.py:830} INFO - Processing file /home/airflow/.local/lib/python3.8/site-packages/airflow/example_dags/example_kubernetes_executor.py for tasks to queue
[2026-04-16T02:40:46.640+0000] {logging_mixin.py:188} INFO - [2026-04-16T02:40:46.640+0000] {dagbag.py:538} INFO - Filling up the DagBag from /home/airflow/.local/lib/python3.8/site-packages/airflow/example_dags/example_kubernetes_executor.py
[2026-04-16T02:40:46.652+0000] {processor.py:840} INFO - DAG(s) 'example_kubernetes_executor' retrieved from /home/airflow/.local/lib/python3.8/site-packages/airflow/example_dags/example_kubernetes_executor.py
[2026-04-16T02:40:46.693+0000] {logging_mixin.py:188} INFO - [2026-04-16T02:40:46.693+0000] {dag.py:3036} INFO - Sync 1 DAGs
[2026-04-16T02:40:46.705+0000] {logging_mixin.py:188} INFO - [2026-04-16T02:40:46.705+0000] {dag.py:3823} INFO - Setting next_dagrun for example_kubernetes_executor to None, run_after=None
[2026-04-16T02:40:46.726+0000] {processor.py:183} INFO - Processing /home/airflow/.local/lib/python3.8/site-packages/airflow/example_dags/example_kubernetes_executor.py took 0.092 seconds
[2026-04-16T02:41:16.984+0000] {processor.py:161} INFO - Started process (PID=66504) to work on /home/airflow/.local/lib/python3.8/site-packages/airflow/example_dags/example_kubernetes_executor.py
[2026-04-16T02:41:16.985+0000] {processor.py:830} INFO - Processing file /home/airflow/.local/lib/python3.8/site-packages/airflow/example_dags/example_kubernetes_executor.py for tasks to queue
[2026-04-16T02:41:16.988+0000] {logging_mixin.py:188} INFO - [2026-04-16T02:41:16.987+0000] {dagbag.py:538} INFO - Filling up the DagBag from /home/airflow/.local/lib/python3.8/site-packages/airflow/example_dags/example_kubernetes_executor.py
[2026-04-16T02:41:17.001+0000] {processor.py:840} INFO - DAG(s) 'example_kubernetes_executor' retrieved from /home/airflow/.local/lib/python3.8/site-packages/airflow/example_dags/example_kubernetes_executor.py
[2026-04-16T02:41:17.041+0000] {logging_mixin.py:188} INFO - [2026-04-16T02:41:17.041+0000] {dag.py:3036} INFO - Sync 1 DAGs
[2026-04-16T02:41:17.056+0000] {logging_mixin.py:188} INFO - [2026-04-16T02:41:17.055+0000] {dag.py:3823} INFO - Setting next_dagrun for example_kubernetes_executor to None, run_after=None
[2026-04-16T02:41:17.080+0000] {processor.py:183} INFO - Processing /home/airflow/.local/lib/python3.8/site-packages/airflow/example_dags/example_kubernetes_executor.py took 0.100 seconds
[2026-04-16T02:41:47.271+0000] {processor.py:161} INFO - Started process (PID=66561) to work on /home/airflow/.local/lib/python3.8/site-packages/airflow/example_dags/example_kubernetes_executor.py
[2026-04-16T02:41:47.272+0000] {processor.py:830} INFO - Processing file /home/airflow/.local/lib/python3.8/site-packages/airflow/example_dags/example_kubernetes_executor.py for tasks to queue
[2026-04-16T02:41:47.278+0000] {logging_mixin.py:188} INFO - [2026-04-16T02:41:47.277+0000] {dagbag.py:538} INFO - Filling up the DagBag from /home/airflow/.local/lib/python3.8/site-packages/airflow/example_dags/example_kubernetes_executor.py
[2026-04-16T02:41:47.294+0000] {processor.py:840} INFO - DAG(s) 'example_kubernetes_executor' retrieved from /home/airflow/.local/lib/python3.8/site-packages/airflow/example_dags/example_kubernetes_executor.py
[2026-04-16T02:41:47.333+0000] {logging_mixin.py:188} INFO - [2026-04-16T02:41:47.333+0000] {dag.py:3036} INFO - Sync 1 DAGs
[2026-04-16T02:41:47.343+0000] {logging_mixin.py:188} INFO - [2026-04-16T02:41:47.343+0000] {dag.py:3823} INFO - Setting next_dagrun for example_kubernetes_executor to None, run_after=None
[2026-04-16T02:41:47.367+0000] {processor.py:183} INFO - Processing /home/airflow/.local/lib/python3.8/site-packages/airflow/example_dags/example_kubernetes_executor.py took 0.099 seconds
[2026-04-16T02:42:17.576+0000] {processor.py:161} INFO - Started process (PID=66618) to work on /home/airflow/.local/lib/python3.8/site-packages/airflow/example_dags/example_kubernetes_executor.py
[2026-04-16T02:42:17.577+0000] {processor.py:830} INFO - Processing file /home/airflow/.local/lib/python3.8/site-packages/airflow/example_dags/example_kubernetes_executor.py for tasks to queue
[2026-04-16T02:42:17.579+0000] {logging_mixin.py:188} INFO - [2026-04-16T02:42:17.579+0000] {dagbag.py:538} INFO - Filling up the DagBag from /home/airflow/.local/lib/python3.8/site-packages/airflow/example_dags/example_kubernetes_executor.py
[2026-04-16T02:42:17.592+0000] {processor.py:840} INFO - DAG(s) 'example_kubernetes_executor' retrieved from /home/airflow/.local/lib/python3.8/site-packages/airflow/example_dags/example_kubernetes_executor.py
[2026-04-16T02:42:17.631+0000] {logging_mixin.py:188} INFO - [2026-04-16T02:42:17.631+0000] {dag.py:3036} INFO - Sync 1 DAGs
[2026-04-16T02:42:17.643+0000] {logging_mixin.py:188} INFO - [2026-04-16T02:42:17.643+0000] {dag.py:3823} INFO - Setting next_dagrun for example_kubernetes_executor to None, run_after=None
[2026-04-16T02:42:17.667+0000] {processor.py:183} INFO - Processing /home/airflow/.local/lib/python3.8/site-packages/airflow/example_dags/example_kubernetes_executor.py took 0.094 seconds
[2026-04-16T02:42:47.807+0000] {processor.py:161} INFO - Started process (PID=66675) to work on /home/airflow/.local/lib/python3.8/site-packages/airflow/example_dags/example_kubernetes_executor.py
[2026-04-16T02:42:47.809+0000] {processor.py:830} INFO - Processing file /home/airflow/.local/lib/python3.8/site-packages/airflow/example_dags/example_kubernetes_executor.py for tasks to queue
[2026-04-16T02:42:47.811+0000] {logging_mixin.py:188} INFO - [2026-04-16T02:42:47.811+0000] {dagbag.py:538} INFO - Filling up the DagBag from /home/airflow/.local/lib/python3.8/site-packages/airflow/example_dags/example_kubernetes_executor.py
[2026-04-16T02:42:47.826+0000] {processor.py:840} INFO - DAG(s) 'example_kubernetes_executor' retrieved from /home/airflow/.local/lib/python3.8/site-packages/airflow/example_dags/example_kubernetes_executor.py
[2026-04-16T02:42:47.875+0000] {logging_mixin.py:188} INFO - [2026-04-16T02:42:47.875+0000] {dag.py:3036} INFO - Sync 1 DAGs
[2026-04-16T02:42:47.891+0000] {logging_mixin.py:188} INFO - [2026-04-16T02:42:47.890+0000] {dag.py:3823} INFO - Setting next_dagrun for example_kubernetes_executor to None, run_after=None
[2026-04-16T02:42:47.919+0000] {processor.py:183} INFO - Processing /home/airflow/.local/lib/python3.8/site-packages/airflow/example_dags/example_kubernetes_executor.py took 0.115 seconds
[2026-04-16T02:43:18.265+0000] {processor.py:161} INFO - Started process (PID=66732) to work on /home/airflow/.local/lib/python3.8/site-packages/airflow/example_dags/example_kubernetes_executor.py
[2026-04-16T02:43:18.266+0000] {processor.py:830} INFO - Processing file /home/airflow/.local/lib/python3.8/site-packages/airflow/example_dags/example_kubernetes_executor.py for tasks to queue
[2026-04-16T02:43:18.268+0000] {logging_mixin.py:188} INFO - [2026-04-16T02:43:18.268+0000] {dagbag.py:538} INFO - Filling up the DagBag from /home/airflow/.local/lib/python3.8/site-packages/airflow/example_dags/example_kubernetes_executor.py
[2026-04-16T02:43:18.280+0000] {processor.py:840} INFO - DAG(s) 'example_kubernetes_executor' retrieved from /home/airflow/.local/lib/python3.8/site-packages/airflow/example_dags/example_kubernetes_executor.py
[2026-04-16T02:43:18.319+0000] {logging_mixin.py:188} INFO - [2026-04-16T02:43:18.319+0000] {dag.py:3036} INFO - Sync 1 DAGs
[2026-04-16T02:43:18.333+0000] {logging_mixin.py:188} INFO - [2026-04-16T02:43:18.333+0000] {dag.py:3823} INFO - Setting next_dagrun for example_kubernetes_executor to None, run_after=None
[2026-04-16T02:43:18.356+0000] {processor.py:183} INFO - Processing /home/airflow/.local/lib/python3.8/site-packages/airflow/example_dags/example_kubernetes_executor.py took 0.095 seconds
[2026-04-16T02:43:48.618+0000] {processor.py:161} INFO - Started process (PID=66789) to work on /home/airflow/.local/lib/python3.8/site-packages/airflow/example_dags/example_kubernetes_executor.py
[2026-04-16T02:43:48.620+0000] {processor.py:830} INFO - Processing file /home/airflow/.local/lib/python3.8/site-packages/airflow/example_dags/example_kubernetes_executor.py for tasks to queue
[2026-04-16T02:43:48.622+0000] {logging_mixin.py:188} INFO - [2026-04-16T02:43:48.622+0000] {dagbag.py:538} INFO - Filling up the DagBag from /home/airflow/.local/lib/python3.8/site-packages/airflow/example_dags/example_kubernetes_executor.py
[2026-04-16T02:43:48.638+0000] {processor.py:840} INFO - DAG(s) 'example_kubernetes_executor' retrieved from /home/airflow/.local/lib/python3.8/site-packages/airflow/example_dags/example_kubernetes_executor.py
[2026-04-16T02:43:48.676+0000] {logging_mixin.py:188} INFO - [2026-04-16T02:43:48.676+0000] {dag.py:3036} INFO - Sync 1 DAGs
[2026-04-16T02:43:48.690+0000] {logging_mixin.py:188} INFO - [2026-04-16T02:43:48.690+0000] {dag.py:3823} INFO - Setting next_dagrun for example_kubernetes_executor to None, run_after=None
[2026-04-16T02:43:48.713+0000] {processor.py:183} INFO - Processing /home/airflow/.local/lib/python3.8/site-packages/airflow/example_dags/example_kubernetes_executor.py took 0.098 seconds
[2026-04-16T02:44:19.141+0000] {processor.py:161} INFO - Started process (PID=66846) to work on /home/airflow/.local/lib/python3.8/site-packages/airflow/example_dags/example_kubernetes_executor.py
[2026-04-16T02:44:19.143+0000] {processor.py:830} INFO - Processing file /home/airflow/.local/lib/python3.8/site-packages/airflow/example_dags/example_kubernetes_executor.py for tasks to queue
[2026-04-16T02:44:19.146+0000] {logging_mixin.py:188} INFO - [2026-04-16T02:44:19.146+0000] {dagbag.py:538} INFO - Filling up the DagBag from /home/airflow/.local/lib/python3.8/site-packages/airflow/example_dags/example_kubernetes_executor.py
[2026-04-16T02:44:19.162+0000] {processor.py:840} INFO - DAG(s) 'example_kubernetes_executor' retrieved from /home/airflow/.local/lib/python3.8/site-packages/airflow/example_dags/example_kubernetes_executor.py
[2026-04-16T02:44:19.202+0000] {logging_mixin.py:188} INFO - [2026-04-16T02:44:19.201+0000] {dag.py:3036} INFO - Sync 1 DAGs
[2026-04-16T02:44:19.214+0000] {logging_mixin.py:188} INFO - [2026-04-16T02:44:19.214+0000] {dag.py:3823} INFO - Setting next_dagrun for example_kubernetes_executor to None, run_after=None
[2026-04-16T02:44:19.236+0000] {processor.py:183} INFO - Processing /home/airflow/.local/lib/python3.8/site-packages/airflow/example_dags/example_kubernetes_executor.py took 0.100 seconds
[2026-04-16T02:44:49.559+0000] {processor.py:161} INFO - Started process (PID=66903) to work on /home/airflow/.local/lib/python3.8/site-packages/airflow/example_dags/example_kubernetes_executor.py
[2026-04-16T02:44:49.561+0000] {processor.py:830} INFO - Processing file /home/airflow/.local/lib/python3.8/site-packages/airflow/example_dags/example_kubernetes_executor.py for tasks to queue
[2026-04-16T02:44:49.563+0000] {logging_mixin.py:188} INFO - [2026-04-16T02:44:49.563+0000] {dagbag.py:538} INFO - Filling up the DagBag from /home/airflow/.local/lib/python3.8/site-packages/airflow/example_dags/example_kubernetes_executor.py
[2026-04-16T02:44:49.576+0000] {processor.py:840} INFO - DAG(s) 'example_kubernetes_executor' retrieved from /home/airflow/.local/lib/python3.8/site-packages/airflow/example_dags/example_kubernetes_executor.py
[2026-04-16T02:44:49.617+0000] {logging_mixin.py:188} INFO - [2026-04-16T02:44:49.617+0000] {dag.py:3036} INFO - Sync 1 DAGs
[2026-04-16T02:44:49.628+0000] {logging_mixin.py:188} INFO - [2026-04-16T02:44:49.627+0000] {dag.py:3823} INFO - Setting next_dagrun for example_kubernetes_executor to None, run_after=None
[2026-04-16T02:44:49.648+0000] {processor.py:183} INFO - Processing /home/airflow/.local/lib/python3.8/site-packages/airflow/example_dags/example_kubernetes_executor.py took 0.092 seconds
[2026-04-16T02:45:19.825+0000] {processor.py:161} INFO - Started process (PID=66960) to work on /home/airflow/.local/lib/python3.8/site-packages/airflow/example_dags/example_kubernetes_executor.py
[2026-04-16T02:45:19.826+0000] {processor.py:830} INFO - Processing file /home/airflow/.local/lib/python3.8/site-packages/airflow/example_dags/example_kubernetes_executor.py for tasks to queue
[2026-04-16T02:45:19.828+0000] {logging_mixin.py:188} INFO - [2026-04-16T02:45:19.828+0000] {dagbag.py:538} INFO - Filling up the DagBag from /home/airflow/.local/lib/python3.8/site-packages/airflow/example_dags/example_kubernetes_executor.py
[2026-04-16T02:45:19.844+0000] {processor.py:840} INFO - DAG(s) 'example_kubernetes_executor' retrieved from /home/airflow/.local/lib/python3.8/site-packages/airflow/example_dags/example_kubernetes_executor.py
[2026-04-16T02:45:19.883+0000] {logging_mixin.py:188} INFO - [2026-04-16T02:45:19.883+0000] {dag.py:3036} INFO - Sync 1 DAGs
[2026-04-16T02:45:19.895+0000] {logging_mixin.py:188} INFO - [2026-04-16T02:45:19.895+0000] {dag.py:3823} INFO - Setting next_dagrun for example_kubernetes_executor to None, run_after=None
[2026-04-16T02:45:19.918+0000] {processor.py:183} INFO - Processing /home/airflow/.local/lib/python3.8/site-packages/airflow/example_dags/example_kubernetes_executor.py took 0.097 seconds
[2026-04-16T02:45:50.131+0000] {processor.py:161} INFO - Started process (PID=67017) to work on /home/airflow/.local/lib/python3.8/site-packages/airflow/example_dags/example_kubernetes_executor.py
[2026-04-16T02:45:50.133+0000] {processor.py:830} INFO - Processing file /home/airflow/.local/lib/python3.8/site-packages/airflow/example_dags/example_kubernetes_executor.py for tasks to queue
[2026-04-16T02:45:50.136+0000] {logging_mixin.py:188} INFO - [2026-04-16T02:45:50.135+0000] {dagbag.py:538} INFO - Filling up the DagBag from /home/airflow/.local/lib/python3.8/site-packages/airflow/example_dags/example_kubernetes_executor.py
[2026-04-16T02:45:50.151+0000] {processor.py:840} INFO - DAG(s) 'example_kubernetes_executor' retrieved from /home/airflow/.local/lib/python3.8/site-packages/airflow/example_dags/example_kubernetes_executor.py
[2026-04-16T02:45:50.191+0000] {logging_mixin.py:188} INFO - [2026-04-16T02:45:50.191+0000] {dag.py:3036} INFO - Sync 1 DAGs
[2026-04-16T02:45:50.203+0000] {logging_mixin.py:188} INFO - [2026-04-16T02:45:50.203+0000] {dag.py:3823} INFO - Setting next_dagrun for example_kubernetes_executor to None, run_after=None
[2026-04-16T02:45:50.226+0000] {processor.py:183} INFO - Processing /home/airflow/.local/lib/python3.8/site-packages/airflow/example_dags/example_kubernetes_executor.py took 0.099 seconds
[2026-04-16T02:46:20.366+0000] {processor.py:161} INFO - Started process (PID=67074) to work on /home/airflow/.local/lib/python3.8/site-packages/airflow/example_dags/example_kubernetes_executor.py
[2026-04-16T02:46:20.367+0000] {processor.py:830} INFO - Processing file /home/airflow/.local/lib/python3.8/site-packages/airflow/example_dags/example_kubernetes_executor.py for tasks to queue
[2026-04-16T02:46:20.369+0000] {logging_mixin.py:188} INFO - [2026-04-16T02:46:20.369+0000] {dagbag.py:538} INFO - Filling up the DagBag from /home/airflow/.local/lib/python3.8/site-packages/airflow/example_dags/example_kubernetes_executor.py
[2026-04-16T02:46:20.383+0000] {processor.py:840} INFO - DAG(s) 'example_kubernetes_executor' retrieved from /home/airflow/.local/lib/python3.8/site-packages/airflow/example_dags/example_kubernetes_executor.py
[2026-04-16T02:46:20.422+0000] {logging_mixin.py:188} INFO - [2026-04-16T02:46:20.422+0000] {dag.py:3036} INFO - Sync 1 DAGs
[2026-04-16T02:46:20.440+0000] {logging_mixin.py:188} INFO - [2026-04-16T02:46:20.440+0000] {dag.py:3823} INFO - Setting next_dagrun for example_kubernetes_executor to None, run_after=None
[2026-04-16T02:46:20.464+0000] {processor.py:183} INFO - Processing /home/airflow/.local/lib/python3.8/site-packages/airflow/example_dags/example_kubernetes_executor.py took 0.103 seconds
[2026-04-16T02:46:50.730+0000] {processor.py:161} INFO - Started process (PID=67131) to work on /home/airflow/.local/lib/python3.8/site-packages/airflow/example_dags/example_kubernetes_executor.py
[2026-04-16T02:46:50.731+0000] {processor.py:830} INFO - Processing file /home/airflow/.local/lib/python3.8/site-packages/airflow/example_dags/example_kubernetes_executor.py for tasks to queue
[2026-04-16T02:46:50.733+0000] {logging_mixin.py:188} INFO - [2026-04-16T02:46:50.733+0000] {dagbag.py:538} INFO - Filling up the DagBag from /home/airflow/.local/lib/python3.8/site-packages/airflow/example_dags/example_kubernetes_executor.py
[2026-04-16T02:46:50.746+0000] {processor.py:840} INFO - DAG(s) 'example_kubernetes_executor' retrieved from /home/airflow/.local/lib/python3.8/site-packages/airflow/example_dags/example_kubernetes_executor.py
[2026-04-16T02:46:50.789+0000] {logging_mixin.py:188} INFO - [2026-04-16T02:46:50.789+0000] {dag.py:3036} INFO - Sync 1 DAGs
[2026-04-16T02:46:50.802+0000] {logging_mixin.py:188} INFO - [2026-04-16T02:46:50.802+0000] {dag.py:3823} INFO - Setting next_dagrun for example_kubernetes_executor to None, run_after=None
[2026-04-16T02:46:50.826+0000] {processor.py:183} INFO - Processing /home/airflow/.local/lib/python3.8/site-packages/airflow/example_dags/example_kubernetes_executor.py took 0.099 seconds
[2026-04-16T02:47:21.239+0000] {processor.py:161} INFO - Started process (PID=67188) to work on /home/airflow/.local/lib/python3.8/site-packages/airflow/example_dags/example_kubernetes_executor.py
[2026-04-16T02:47:21.240+0000] {processor.py:830} INFO - Processing file /home/airflow/.local/lib/python3.8/site-packages/airflow/example_dags/example_kubernetes_executor.py for tasks to queue
[2026-04-16T02:47:21.242+0000] {logging_mixin.py:188} INFO - [2026-04-16T02:47:21.242+0000] {dagbag.py:538} INFO - Filling up the DagBag from /home/airflow/.local/lib/python3.8/site-packages/airflow/example_dags/example_kubernetes_executor.py
[2026-04-16T02:47:21.258+0000] {processor.py:840} INFO - DAG(s) 'example_kubernetes_executor' retrieved from /home/airflow/.local/lib/python3.8/site-packages/airflow/example_dags/example_kubernetes_executor.py
[2026-04-16T02:47:21.297+0000] {logging_mixin.py:188} INFO - [2026-04-16T02:47:21.297+0000] {dag.py:3036} INFO - Sync 1 DAGs
[2026-04-16T02:47:21.309+0000] {logging_mixin.py:188} INFO - [2026-04-16T02:47:21.309+0000] {dag.py:3823} INFO - Setting next_dagrun for example_kubernetes_executor to None, run_after=None
[2026-04-16T02:47:21.331+0000] {processor.py:183} INFO - Processing /home/airflow/.local/lib/python3.8/site-packages/airflow/example_dags/example_kubernetes_executor.py took 0.096 seconds
[2026-04-16T02:47:51.486+0000] {processor.py:161} INFO - Started process (PID=67245) to work on /home/airflow/.local/lib/python3.8/site-packages/airflow/example_dags/example_kubernetes_executor.py
[2026-04-16T02:47:51.488+0000] {processor.py:830} INFO - Processing file /home/airflow/.local/lib/python3.8/site-packages/airflow/example_dags/example_kubernetes_executor.py for tasks to queue
[2026-04-16T02:47:51.490+0000] {logging_mixin.py:188} INFO - [2026-04-16T02:47:51.490+0000] {dagbag.py:538} INFO - Filling up the DagBag from /home/airflow/.local/lib/python3.8/site-packages/airflow/example_dags/example_kubernetes_executor.py
[2026-04-16T02:47:51.506+0000] {processor.py:840} INFO - DAG(s) 'example_kubernetes_executor' retrieved from /home/airflow/.local/lib/python3.8/site-packages/airflow/example_dags/example_kubernetes_executor.py
[2026-04-16T02:47:51.544+0000] {logging_mixin.py:188} INFO - [2026-04-16T02:47:51.544+0000] {dag.py:3036} INFO - Sync 1 DAGs
[2026-04-16T02:47:51.555+0000] {logging_mixin.py:188} INFO - [2026-04-16T02:47:51.555+0000] {dag.py:3823} INFO - Setting next_dagrun for example_kubernetes_executor to None, run_after=None
[2026-04-16T02:47:51.578+0000] {processor.py:183} INFO - Processing /home/airflow/.local/lib/python3.8/site-packages/airflow/example_dags/example_kubernetes_executor.py took 0.097 seconds
[2026-04-16T02:48:21.817+0000] {processor.py:161} INFO - Started process (PID=67302) to work on /home/airflow/.local/lib/python3.8/site-packages/airflow/example_dags/example_kubernetes_executor.py
[2026-04-16T02:48:21.818+0000] {processor.py:830} INFO - Processing file /home/airflow/.local/lib/python3.8/site-packages/airflow/example_dags/example_kubernetes_executor.py for tasks to queue
[2026-04-16T02:48:21.820+0000] {logging_mixin.py:188} INFO - [2026-04-16T02:48:21.820+0000] {dagbag.py:538} INFO - Filling up the DagBag from /home/airflow/.local/lib/python3.8/site-packages/airflow/example_dags/example_kubernetes_executor.py
[2026-04-16T02:48:21.836+0000] {processor.py:840} INFO - DAG(s) 'example_kubernetes_executor' retrieved from /home/airflow/.local/lib/python3.8/site-packages/airflow/example_dags/example_kubernetes_executor.py
[2026-04-16T02:48:21.874+0000] {logging_mixin.py:188} INFO - [2026-04-16T02:48:21.874+0000] {dag.py:3036} INFO - Sync 1 DAGs
[2026-04-16T02:48:21.886+0000] {logging_mixin.py:188} INFO - [2026-04-16T02:48:21.885+0000] {dag.py:3823} INFO - Setting next_dagrun for example_kubernetes_executor to None, run_after=None
[2026-04-16T02:48:21.909+0000] {processor.py:183} INFO - Processing /home/airflow/.local/lib/python3.8/site-packages/airflow/example_dags/example_kubernetes_executor.py took 0.096 seconds
[2026-04-16T02:48:52.128+0000] {processor.py:161} INFO - Started process (PID=67359) to work on /home/airflow/.local/lib/python3.8/site-packages/airflow/example_dags/example_kubernetes_executor.py
[2026-04-16T02:48:52.129+0000] {processor.py:830} INFO - Processing file /home/airflow/.local/lib/python3.8/site-packages/airflow/example_dags/example_kubernetes_executor.py for tasks to queue
[2026-04-16T02:48:52.132+0000] {logging_mixin.py:188} INFO - [2026-04-16T02:48:52.131+0000] {dagbag.py:538} INFO - Filling up the DagBag from /home/airflow/.local/lib/python3.8/site-packages/airflow/example_dags/example_kubernetes_executor.py
[2026-04-16T02:48:52.149+0000] {processor.py:840} INFO - DAG(s) 'example_kubernetes_executor' retrieved from /home/airflow/.local/lib/python3.8/site-packages/airflow/example_dags/example_kubernetes_executor.py
[2026-04-16T02:48:52.195+0000] {logging_mixin.py:188} INFO - [2026-04-16T02:48:52.195+0000] {dag.py:3036} INFO - Sync 1 DAGs
[2026-04-16T02:48:52.209+0000] {logging_mixin.py:188} INFO - [2026-04-16T02:48:52.209+0000] {dag.py:3823} INFO - Setting next_dagrun for example_kubernetes_executor to None, run_after=None
[2026-04-16T02:48:52.232+0000] {processor.py:183} INFO - Processing /home/airflow/.local/lib/python3.8/site-packages/airflow/example_dags/example_kubernetes_executor.py took 0.108 seconds
[2026-04-16T02:49:22.438+0000] {processor.py:161} INFO - Started process (PID=67416) to work on /home/airflow/.local/lib/python3.8/site-packages/airflow/example_dags/example_kubernetes_executor.py
[2026-04-16T02:49:22.439+0000] {processor.py:830} INFO - Processing file /home/airflow/.local/lib/python3.8/site-packages/airflow/example_dags/example_kubernetes_executor.py for tasks to queue
[2026-04-16T02:49:22.442+0000] {logging_mixin.py:188} INFO - [2026-04-16T02:49:22.442+0000] {dagbag.py:538} INFO - Filling up the DagBag from /home/airflow/.local/lib/python3.8/site-packages/airflow/example_dags/example_kubernetes_executor.py
[2026-04-16T02:49:22.456+0000] {processor.py:840} INFO - DAG(s) 'example_kubernetes_executor' retrieved from /home/airflow/.local/lib/python3.8/site-packages/airflow/example_dags/example_kubernetes_executor.py
[2026-04-16T02:49:22.496+0000] {logging_mixin.py:188} INFO - [2026-04-16T02:49:22.496+0000] {dag.py:3036} INFO - Sync 1 DAGs
[2026-04-16T02:49:22.508+0000] {logging_mixin.py:188} INFO - [2026-04-16T02:49:22.507+0000] {dag.py:3823} INFO - Setting next_dagrun for example_kubernetes_executor to None, run_after=None
[2026-04-16T02:49:22.530+0000] {processor.py:183} INFO - Processing /home/airflow/.local/lib/python3.8/site-packages/airflow/example_dags/example_kubernetes_executor.py took 0.096 seconds
[2026-04-16T02:49:52.785+0000] {processor.py:161} INFO - Started process (PID=67473) to work on /home/airflow/.local/lib/python3.8/site-packages/airflow/example_dags/example_kubernetes_executor.py
[2026-04-16T02:49:52.787+0000] {processor.py:830} INFO - Processing file /home/airflow/.local/lib/python3.8/site-packages/airflow/example_dags/example_kubernetes_executor.py for tasks to queue
[2026-04-16T02:49:52.789+0000] {logging_mixin.py:188} INFO - [2026-04-16T02:49:52.789+0000] {dagbag.py:538} INFO - Filling up the DagBag from /home/airflow/.local/lib/python3.8/site-packages/airflow/example_dags/example_kubernetes_executor.py
[2026-04-16T02:49:52.803+0000] {processor.py:840} INFO - DAG(s) 'example_kubernetes_executor' retrieved from /home/airflow/.local/lib/python3.8/site-packages/airflow/example_dags/example_kubernetes_executor.py
[2026-04-16T02:49:52.840+0000] {logging_mixin.py:188} INFO - [2026-04-16T02:49:52.840+0000] {dag.py:3036} INFO - Sync 1 DAGs
[2026-04-16T02:49:52.852+0000] {logging_mixin.py:188} INFO - [2026-04-16T02:49:52.852+0000] {dag.py:3823} INFO - Setting next_dagrun for example_kubernetes_executor to None, run_after=None
[2026-04-16T02:49:52.871+0000] {processor.py:183} INFO - Processing /home/airflow/.local/lib/python3.8/site-packages/airflow/example_dags/example_kubernetes_executor.py took 0.091 seconds
[2026-04-16T02:50:23.133+0000] {processor.py:161} INFO - Started process (PID=67530) to work on /home/airflow/.local/lib/python3.8/site-packages/airflow/example_dags/example_kubernetes_executor.py
[2026-04-16T02:50:23.134+0000] {processor.py:830} INFO - Processing file /home/airflow/.local/lib/python3.8/site-packages/airflow/example_dags/example_kubernetes_executor.py for tasks to queue
[2026-04-16T02:50:23.136+0000] {logging_mixin.py:188} INFO - [2026-04-16T02:50:23.136+0000] {dagbag.py:538} INFO - Filling up the DagBag from /home/airflow/.local/lib/python3.8/site-packages/airflow/example_dags/example_kubernetes_executor.py
[2026-04-16T02:50:23.148+0000] {processor.py:840} INFO - DAG(s) 'example_kubernetes_executor' retrieved from /home/airflow/.local/lib/python3.8/site-packages/airflow/example_dags/example_kubernetes_executor.py
[2026-04-16T02:50:23.187+0000] {logging_mixin.py:188} INFO - [2026-04-16T02:50:23.187+0000] {dag.py:3036} INFO - Sync 1 DAGs
[2026-04-16T02:50:23.199+0000] {logging_mixin.py:188} INFO - [2026-04-16T02:50:23.199+0000] {dag.py:3823} INFO - Setting next_dagrun for example_kubernetes_executor to None, run_after=None
[2026-04-16T02:50:23.219+0000] {processor.py:183} INFO - Processing /home/airflow/.local/lib/python3.8/site-packages/airflow/example_dags/example_kubernetes_executor.py took 0.090 seconds
[2026-04-16T02:50:53.641+0000] {processor.py:161} INFO - Started process (PID=67587) to work on /home/airflow/.local/lib/python3.8/site-packages/airflow/example_dags/example_kubernetes_executor.py
[2026-04-16T02:50:53.642+0000] {processor.py:830} INFO - Processing file /home/airflow/.local/lib/python3.8/site-packages/airflow/example_dags/example_kubernetes_executor.py for tasks to queue
[2026-04-16T02:50:53.645+0000] {logging_mixin.py:188} INFO - [2026-04-16T02:50:53.644+0000] {dagbag.py:538} INFO - Filling up the DagBag from /home/airflow/.local/lib/python3.8/site-packages/airflow/example_dags/example_kubernetes_executor.py
[2026-04-16T02:50:53.659+0000] {processor.py:840} INFO - DAG(s) 'example_kubernetes_executor' retrieved from /home/airflow/.local/lib/python3.8/site-packages/airflow/example_dags/example_kubernetes_executor.py
[2026-04-16T02:50:53.700+0000] {logging_mixin.py:188} INFO - [2026-04-16T02:50:53.699+0000] {dag.py:3036} INFO - Sync 1 DAGs
[2026-04-16T02:50:53.713+0000] {logging_mixin.py:188} INFO - [2026-04-16T02:50:53.713+0000] {dag.py:3823} INFO - Setting next_dagrun for example_kubernetes_executor to None, run_after=None
[2026-04-16T02:50:53.736+0000] {processor.py:183} INFO - Processing /home/airflow/.local/lib/python3.8/site-packages/airflow/example_dags/example_kubernetes_executor.py took 0.100 seconds
[2026-04-16T02:51:23.868+0000] {processor.py:161} INFO - Started process (PID=67644) to work on /home/airflow/.local/lib/python3.8/site-packages/airflow/example_dags/example_kubernetes_executor.py
[2026-04-16T02:51:23.870+0000] {processor.py:830} INFO - Processing file /home/airflow/.local/lib/python3.8/site-packages/airflow/example_dags/example_kubernetes_executor.py for tasks to queue
[2026-04-16T02:51:23.872+0000] {logging_mixin.py:188} INFO - [2026-04-16T02:51:23.871+0000] {dagbag.py:538} INFO - Filling up the DagBag from /home/airflow/.local/lib/python3.8/site-packages/airflow/example_dags/example_kubernetes_executor.py
[2026-04-16T02:51:23.885+0000] {processor.py:840} INFO - DAG(s) 'example_kubernetes_executor' retrieved from /home/airflow/.local/lib/python3.8/site-packages/airflow/example_dags/example_kubernetes_executor.py
[2026-04-16T02:51:23.923+0000] {logging_mixin.py:188} INFO - [2026-04-16T02:51:23.923+0000] {dag.py:3036} INFO - Sync 1 DAGs
[2026-04-16T02:51:23.937+0000] {logging_mixin.py:188} INFO - [2026-04-16T02:51:23.937+0000] {dag.py:3823} INFO - Setting next_dagrun for example_kubernetes_executor to None, run_after=None
[2026-04-16T02:51:23.960+0000] {processor.py:183} INFO - Processing /home/airflow/.local/lib/python3.8/site-packages/airflow/example_dags/example_kubernetes_executor.py took 0.095 seconds
[2026-04-16T02:51:54.202+0000] {processor.py:161} INFO - Started process (PID=67701) to work on /home/airflow/.local/lib/python3.8/site-packages/airflow/example_dags/example_kubernetes_executor.py
[2026-04-16T02:51:54.203+0000] {processor.py:830} INFO - Processing file /home/airflow/.local/lib/python3.8/site-packages/airflow/example_dags/example_kubernetes_executor.py for tasks to queue
[2026-04-16T02:51:54.205+0000] {logging_mixin.py:188} INFO - [2026-04-16T02:51:54.204+0000] {dagbag.py:538} INFO - Filling up the DagBag from /home/airflow/.local/lib/python3.8/site-packages/airflow/example_dags/example_kubernetes_executor.py
[2026-04-16T02:51:54.217+0000] {processor.py:840} INFO - DAG(s) 'example_kubernetes_executor' retrieved from /home/airflow/.local/lib/python3.8/site-packages/airflow/example_dags/example_kubernetes_executor.py
[2026-04-16T02:51:54.256+0000] {logging_mixin.py:188} INFO - [2026-04-16T02:51:54.256+0000] {dag.py:3036} INFO - Sync 1 DAGs
[2026-04-16T02:51:54.269+0000] {logging_mixin.py:188} INFO - [2026-04-16T02:51:54.269+0000] {dag.py:3823} INFO - Setting next_dagrun for example_kubernetes_executor to None, run_after=None
[2026-04-16T02:51:54.291+0000] {processor.py:183} INFO - Processing /home/airflow/.local/lib/python3.8/site-packages/airflow/example_dags/example_kubernetes_executor.py took 0.093 seconds
[2026-04-16T02:52:24.544+0000] {processor.py:161} INFO - Started process (PID=67758) to work on /home/airflow/.local/lib/python3.8/site-packages/airflow/example_dags/example_kubernetes_executor.py
[2026-04-16T02:52:24.546+0000] {processor.py:830} INFO - Processing file /home/airflow/.local/lib/python3.8/site-packages/airflow/example_dags/example_kubernetes_executor.py for tasks to queue
[2026-04-16T02:52:24.548+0000] {logging_mixin.py:188} INFO - [2026-04-16T02:52:24.548+0000] {dagbag.py:538} INFO - Filling up the DagBag from /home/airflow/.local/lib/python3.8/site-packages/airflow/example_dags/example_kubernetes_executor.py
[2026-04-16T02:52:24.563+0000] {processor.py:840} INFO - DAG(s) 'example_kubernetes_executor' retrieved from /home/airflow/.local/lib/python3.8/site-packages/airflow/example_dags/example_kubernetes_executor.py
[2026-04-16T02:52:24.607+0000] {logging_mixin.py:188} INFO - [2026-04-16T02:52:24.606+0000] {dag.py:3036} INFO - Sync 1 DAGs
[2026-04-16T02:52:24.620+0000] {logging_mixin.py:188} INFO - [2026-04-16T02:52:24.620+0000] {dag.py:3823} INFO - Setting next_dagrun for example_kubernetes_executor to None, run_after=None
[2026-04-16T02:52:24.645+0000] {processor.py:183} INFO - Processing /home/airflow/.local/lib/python3.8/site-packages/airflow/example_dags/example_kubernetes_executor.py took 0.104 seconds
[2026-04-16T02:52:54.801+0000] {processor.py:161} INFO - Started process (PID=67815) to work on /home/airflow/.local/lib/python3.8/site-packages/airflow/example_dags/example_kubernetes_executor.py
[2026-04-16T02:52:54.803+0000] {processor.py:830} INFO - Processing file /home/airflow/.local/lib/python3.8/site-packages/airflow/example_dags/example_kubernetes_executor.py for tasks to queue
[2026-04-16T02:52:54.805+0000] {logging_mixin.py:188} INFO - [2026-04-16T02:52:54.805+0000] {dagbag.py:538} INFO - Filling up the DagBag from /home/airflow/.local/lib/python3.8/site-packages/airflow/example_dags/example_kubernetes_executor.py
[2026-04-16T02:52:54.821+0000] {processor.py:840} INFO - DAG(s) 'example_kubernetes_executor' retrieved from /home/airflow/.local/lib/python3.8/site-packages/airflow/example_dags/example_kubernetes_executor.py
[2026-04-16T02:52:54.860+0000] {logging_mixin.py:188} INFO - [2026-04-16T02:52:54.860+0000] {dag.py:3036} INFO - Sync 1 DAGs
[2026-04-16T02:52:54.871+0000] {logging_mixin.py:188} INFO - [2026-04-16T02:52:54.871+0000] {dag.py:3823} INFO - Setting next_dagrun for example_kubernetes_executor to None, run_after=None
[2026-04-16T02:52:54.897+0000] {processor.py:183} INFO - Processing /home/airflow/.local/lib/python3.8/site-packages/airflow/example_dags/example_kubernetes_executor.py took 0.100 seconds
[2026-04-16T02:53:25.256+0000] {processor.py:161} INFO - Started process (PID=67872) to work on /home/airflow/.local/lib/python3.8/site-packages/airflow/example_dags/example_kubernetes_executor.py
[2026-04-16T02:53:25.258+0000] {processor.py:830} INFO - Processing file /home/airflow/.local/lib/python3.8/site-packages/airflow/example_dags/example_kubernetes_executor.py for tasks to queue
[2026-04-16T02:53:25.260+0000] {logging_mixin.py:188} INFO - [2026-04-16T02:53:25.260+0000] {dagbag.py:538} INFO - Filling up the DagBag from /home/airflow/.local/lib/python3.8/site-packages/airflow/example_dags/example_kubernetes_executor.py
[2026-04-16T02:53:25.273+0000] {processor.py:840} INFO - DAG(s) 'example_kubernetes_executor' retrieved from /home/airflow/.local/lib/python3.8/site-packages/airflow/example_dags/example_kubernetes_executor.py
[2026-04-16T02:53:25.312+0000] {logging_mixin.py:188} INFO - [2026-04-16T02:53:25.311+0000] {dag.py:3036} INFO - Sync 1 DAGs
[2026-04-16T02:53:25.330+0000] {logging_mixin.py:188} INFO - [2026-04-16T02:53:25.330+0000] {dag.py:3823} INFO - Setting next_dagrun for example_kubernetes_executor to None, run_after=None
[2026-04-16T02:53:25.365+0000] {processor.py:183} INFO - Processing /home/airflow/.local/lib/python3.8/site-packages/airflow/example_dags/example_kubernetes_executor.py took 0.113 seconds
[2026-04-16T02:53:55.582+0000] {processor.py:161} INFO - Started process (PID=67929) to work on /home/airflow/.local/lib/python3.8/site-packages/airflow/example_dags/example_kubernetes_executor.py
[2026-04-16T02:53:55.583+0000] {processor.py:830} INFO - Processing file /home/airflow/.local/lib/python3.8/site-packages/airflow/example_dags/example_kubernetes_executor.py for tasks to queue
[2026-04-16T02:53:55.585+0000] {logging_mixin.py:188} INFO - [2026-04-16T02:53:55.585+0000] {dagbag.py:538} INFO - Filling up the DagBag from /home/airflow/.local/lib/python3.8/site-packages/airflow/example_dags/example_kubernetes_executor.py
[2026-04-16T02:53:55.598+0000] {processor.py:840} INFO - DAG(s) 'example_kubernetes_executor' retrieved from /home/airflow/.local/lib/python3.8/site-packages/airflow/example_dags/example_kubernetes_executor.py
[2026-04-16T02:53:55.636+0000] {logging_mixin.py:188} INFO - [2026-04-16T02:53:55.636+0000] {dag.py:3036} INFO - Sync 1 DAGs
[2026-04-16T02:53:55.647+0000] {logging_mixin.py:188} INFO - [2026-04-16T02:53:55.647+0000] {dag.py:3823} INFO - Setting next_dagrun for example_kubernetes_executor to None, run_after=None
[2026-04-16T02:53:55.671+0000] {processor.py:183} INFO - Processing /home/airflow/.local/lib/python3.8/site-packages/airflow/example_dags/example_kubernetes_executor.py took 0.093 seconds
[2026-04-16T02:54:26.019+0000] {processor.py:161} INFO - Started process (PID=67986) to work on /home/airflow/.local/lib/python3.8/site-packages/airflow/example_dags/example_kubernetes_executor.py
[2026-04-16T02:54:26.020+0000] {processor.py:830} INFO - Processing file /home/airflow/.local/lib/python3.8/site-packages/airflow/example_dags/example_kubernetes_executor.py for tasks to queue
[2026-04-16T02:54:26.022+0000] {logging_mixin.py:188} INFO - [2026-04-16T02:54:26.022+0000] {dagbag.py:538} INFO - Filling up the DagBag from /home/airflow/.local/lib/python3.8/site-packages/airflow/example_dags/example_kubernetes_executor.py
[2026-04-16T02:54:26.035+0000] {processor.py:840} INFO - DAG(s) 'example_kubernetes_executor' retrieved from /home/airflow/.local/lib/python3.8/site-packages/airflow/example_dags/example_kubernetes_executor.py
[2026-04-16T02:54:26.074+0000] {logging_mixin.py:188} INFO - [2026-04-16T02:54:26.074+0000] {dag.py:3036} INFO - Sync 1 DAGs
[2026-04-16T02:54:26.089+0000] {logging_mixin.py:188} INFO - [2026-04-16T02:54:26.088+0000] {dag.py:3823} INFO - Setting next_dagrun for example_kubernetes_executor to None, run_after=None
[2026-04-16T02:54:26.114+0000] {processor.py:183} INFO - Processing /home/airflow/.local/lib/python3.8/site-packages/airflow/example_dags/example_kubernetes_executor.py took 0.099 seconds
[2026-04-16T02:54:56.794+0000] {processor.py:161} INFO - Started process (PID=68043) to work on /home/airflow/.local/lib/python3.8/site-packages/airflow/example_dags/example_kubernetes_executor.py
[2026-04-16T02:54:56.796+0000] {processor.py:830} INFO - Processing file /home/airflow/.local/lib/python3.8/site-packages/airflow/example_dags/example_kubernetes_executor.py for tasks to queue
[2026-04-16T02:54:56.799+0000] {logging_mixin.py:188} INFO - [2026-04-16T02:54:56.798+0000] {dagbag.py:538} INFO - Filling up the DagBag from /home/airflow/.local/lib/python3.8/site-packages/airflow/example_dags/example_kubernetes_executor.py
[2026-04-16T02:54:56.817+0000] {processor.py:840} INFO - DAG(s) 'example_kubernetes_executor' retrieved from /home/airflow/.local/lib/python3.8/site-packages/airflow/example_dags/example_kubernetes_executor.py
[2026-04-16T02:54:56.862+0000] {logging_mixin.py:188} INFO - [2026-04-16T02:54:56.862+0000] {dag.py:3036} INFO - Sync 1 DAGs
[2026-04-16T02:54:56.876+0000] {logging_mixin.py:188} INFO - [2026-04-16T02:54:56.875+0000] {dag.py:3823} INFO - Setting next_dagrun for example_kubernetes_executor to None, run_after=None
[2026-04-16T02:54:56.901+0000] {processor.py:183} INFO - Processing /home/airflow/.local/lib/python3.8/site-packages/airflow/example_dags/example_kubernetes_executor.py took 0.110 seconds
[2026-04-16T02:55:27.036+0000] {processor.py:161} INFO - Started process (PID=68100) to work on /home/airflow/.local/lib/python3.8/site-packages/airflow/example_dags/example_kubernetes_executor.py
[2026-04-16T02:55:27.037+0000] {processor.py:830} INFO - Processing file /home/airflow/.local/lib/python3.8/site-packages/airflow/example_dags/example_kubernetes_executor.py for tasks to queue
[2026-04-16T02:55:27.039+0000] {logging_mixin.py:188} INFO - [2026-04-16T02:55:27.039+0000] {dagbag.py:538} INFO - Filling up the DagBag from /home/airflow/.local/lib/python3.8/site-packages/airflow/example_dags/example_kubernetes_executor.py
[2026-04-16T02:55:27.056+0000] {processor.py:840} INFO - DAG(s) 'example_kubernetes_executor' retrieved from /home/airflow/.local/lib/python3.8/site-packages/airflow/example_dags/example_kubernetes_executor.py
[2026-04-16T02:55:27.095+0000] {logging_mixin.py:188} INFO - [2026-04-16T02:55:27.095+0000] {dag.py:3036} INFO - Sync 1 DAGs
[2026-04-16T02:55:27.109+0000] {logging_mixin.py:188} INFO - [2026-04-16T02:55:27.108+0000] {dag.py:3823} INFO - Setting next_dagrun for example_kubernetes_executor to None, run_after=None
[2026-04-16T02:55:27.133+0000] {processor.py:183} INFO - Processing /home/airflow/.local/lib/python3.8/site-packages/airflow/example_dags/example_kubernetes_executor.py took 0.101 seconds
[2026-04-16T02:55:57.370+0000] {processor.py:161} INFO - Started process (PID=68157) to work on /home/airflow/.local/lib/python3.8/site-packages/airflow/example_dags/example_kubernetes_executor.py
[2026-04-16T02:55:57.371+0000] {processor.py:830} INFO - Processing file /home/airflow/.local/lib/python3.8/site-packages/airflow/example_dags/example_kubernetes_executor.py for tasks to queue
[2026-04-16T02:55:57.374+0000] {logging_mixin.py:188} INFO - [2026-04-16T02:55:57.373+0000] {dagbag.py:538} INFO - Filling up the DagBag from /home/airflow/.local/lib/python3.8/site-packages/airflow/example_dags/example_kubernetes_executor.py
[2026-04-16T02:55:57.388+0000] {processor.py:840} INFO - DAG(s) 'example_kubernetes_executor' retrieved from /home/airflow/.local/lib/python3.8/site-packages/airflow/example_dags/example_kubernetes_executor.py
[2026-04-16T02:55:57.426+0000] {logging_mixin.py:188} INFO - [2026-04-16T02:55:57.426+0000] {dag.py:3036} INFO - Sync 1 DAGs
[2026-04-16T02:55:57.438+0000] {logging_mixin.py:188} INFO - [2026-04-16T02:55:57.438+0000] {dag.py:3823} INFO - Setting next_dagrun for example_kubernetes_executor to None, run_after=None
[2026-04-16T02:55:57.460+0000] {processor.py:183} INFO - Processing /home/airflow/.local/lib/python3.8/site-packages/airflow/example_dags/example_kubernetes_executor.py took 0.093 seconds
[2026-04-16T02:56:27.811+0000] {processor.py:161} INFO - Started process (PID=68214) to work on /home/airflow/.local/lib/python3.8/site-packages/airflow/example_dags/example_kubernetes_executor.py
[2026-04-16T02:56:27.812+0000] {processor.py:830} INFO - Processing file /home/airflow/.local/lib/python3.8/site-packages/airflow/example_dags/example_kubernetes_executor.py for tasks to queue
[2026-04-16T02:56:27.814+0000] {logging_mixin.py:188} INFO - [2026-04-16T02:56:27.814+0000] {dagbag.py:538} INFO - Filling up the DagBag from /home/airflow/.local/lib/python3.8/site-packages/airflow/example_dags/example_kubernetes_executor.py
[2026-04-16T02:56:27.828+0000] {processor.py:840} INFO - DAG(s) 'example_kubernetes_executor' retrieved from /home/airflow/.local/lib/python3.8/site-packages/airflow/example_dags/example_kubernetes_executor.py
[2026-04-16T02:56:27.866+0000] {logging_mixin.py:188} INFO - [2026-04-16T02:56:27.866+0000] {dag.py:3036} INFO - Sync 1 DAGs
[2026-04-16T02:56:27.877+0000] {logging_mixin.py:188} INFO - [2026-04-16T02:56:27.877+0000] {dag.py:3823} INFO - Setting next_dagrun for example_kubernetes_executor to None, run_after=None
[2026-04-16T02:56:27.900+0000] {processor.py:183} INFO - Processing /home/airflow/.local/lib/python3.8/site-packages/airflow/example_dags/example_kubernetes_executor.py took 0.093 seconds
[2026-04-16T02:56:58.574+0000] {processor.py:161} INFO - Started process (PID=68271) to work on /home/airflow/.local/lib/python3.8/site-packages/airflow/example_dags/example_kubernetes_executor.py
[2026-04-16T02:56:58.576+0000] {processor.py:830} INFO - Processing file /home/airflow/.local/lib/python3.8/site-packages/airflow/example_dags/example_kubernetes_executor.py for tasks to queue
[2026-04-16T02:56:58.578+0000] {logging_mixin.py:188} INFO - [2026-04-16T02:56:58.578+0000] {dagbag.py:538} INFO - Filling up the DagBag from /home/airflow/.local/lib/python3.8/site-packages/airflow/example_dags/example_kubernetes_executor.py
[2026-04-16T02:56:58.600+0000] {processor.py:840} INFO - DAG(s) 'example_kubernetes_executor' retrieved from /home/airflow/.local/lib/python3.8/site-packages/airflow/example_dags/example_kubernetes_executor.py
[2026-04-16T02:56:58.644+0000] {logging_mixin.py:188} INFO - [2026-04-16T02:56:58.644+0000] {dag.py:3036} INFO - Sync 1 DAGs
[2026-04-16T02:56:58.656+0000] {logging_mixin.py:188} INFO - [2026-04-16T02:56:58.656+0000] {dag.py:3823} INFO - Setting next_dagrun for example_kubernetes_executor to None, run_after=None
[2026-04-16T02:56:58.680+0000] {processor.py:183} INFO - Processing /home/airflow/.local/lib/python3.8/site-packages/airflow/example_dags/example_kubernetes_executor.py took 0.111 seconds
[2026-04-16T02:57:29.369+0000] {processor.py:161} INFO - Started process (PID=68329) to work on /home/airflow/.local/lib/python3.8/site-packages/airflow/example_dags/example_kubernetes_executor.py
[2026-04-16T02:57:29.371+0000] {processor.py:830} INFO - Processing file /home/airflow/.local/lib/python3.8/site-packages/airflow/example_dags/example_kubernetes_executor.py for tasks to queue
[2026-04-16T02:57:29.373+0000] {logging_mixin.py:188} INFO - [2026-04-16T02:57:29.373+0000] {dagbag.py:538} INFO - Filling up the DagBag from /home/airflow/.local/lib/python3.8/site-packages/airflow/example_dags/example_kubernetes_executor.py
[2026-04-16T02:57:29.388+0000] {processor.py:840} INFO - DAG(s) 'example_kubernetes_executor' retrieved from /home/airflow/.local/lib/python3.8/site-packages/airflow/example_dags/example_kubernetes_executor.py
[2026-04-16T02:57:29.427+0000] {logging_mixin.py:188} INFO - [2026-04-16T02:57:29.426+0000] {dag.py:3036} INFO - Sync 1 DAGs
[2026-04-16T02:57:29.437+0000] {logging_mixin.py:188} INFO - [2026-04-16T02:57:29.437+0000] {dag.py:3823} INFO - Setting next_dagrun for example_kubernetes_executor to None, run_after=None
[2026-04-16T02:57:29.459+0000] {processor.py:183} INFO - Processing /home/airflow/.local/lib/python3.8/site-packages/airflow/example_dags/example_kubernetes_executor.py took 0.094 seconds
[2026-04-16T02:57:59.830+0000] {processor.py:161} INFO - Started process (PID=68386) to work on /home/airflow/.local/lib/python3.8/site-packages/airflow/example_dags/example_kubernetes_executor.py
[2026-04-16T02:57:59.832+0000] {processor.py:830} INFO - Processing file /home/airflow/.local/lib/python3.8/site-packages/airflow/example_dags/example_kubernetes_executor.py for tasks to queue
[2026-04-16T02:57:59.834+0000] {logging_mixin.py:188} INFO - [2026-04-16T02:57:59.834+0000] {dagbag.py:538} INFO - Filling up the DagBag from /home/airflow/.local/lib/python3.8/site-packages/airflow/example_dags/example_kubernetes_executor.py
[2026-04-16T02:57:59.848+0000] {processor.py:840} INFO - DAG(s) 'example_kubernetes_executor' retrieved from /home/airflow/.local/lib/python3.8/site-packages/airflow/example_dags/example_kubernetes_executor.py
[2026-04-16T02:57:59.885+0000] {logging_mixin.py:188} INFO - [2026-04-16T02:57:59.885+0000] {dag.py:3036} INFO - Sync 1 DAGs
[2026-04-16T02:57:59.896+0000] {logging_mixin.py:188} INFO - [2026-04-16T02:57:59.896+0000] {dag.py:3823} INFO - Setting next_dagrun for example_kubernetes_executor to None, run_after=None
[2026-04-16T02:57:59.928+0000] {processor.py:183} INFO - Processing /home/airflow/.local/lib/python3.8/site-packages/airflow/example_dags/example_kubernetes_executor.py took 0.102 seconds
[2026-04-16T02:58:30.213+0000] {processor.py:161} INFO - Started process (PID=68441) to work on /home/airflow/.local/lib/python3.8/site-packages/airflow/example_dags/example_kubernetes_executor.py
[2026-04-16T02:58:30.215+0000] {processor.py:830} INFO - Processing file /home/airflow/.local/lib/python3.8/site-packages/airflow/example_dags/example_kubernetes_executor.py for tasks to queue
[2026-04-16T02:58:30.217+0000] {logging_mixin.py:188} INFO - [2026-04-16T02:58:30.217+0000] {dagbag.py:538} INFO - Filling up the DagBag from /home/airflow/.local/lib/python3.8/site-packages/airflow/example_dags/example_kubernetes_executor.py
[2026-04-16T02:58:30.229+0000] {processor.py:840} INFO - DAG(s) 'example_kubernetes_executor' retrieved from /home/airflow/.local/lib/python3.8/site-packages/airflow/example_dags/example_kubernetes_executor.py
[2026-04-16T02:58:30.266+0000] {logging_mixin.py:188} INFO - [2026-04-16T02:58:30.265+0000] {dag.py:3036} INFO - Sync 1 DAGs
[2026-04-16T02:58:30.277+0000] {logging_mixin.py:188} INFO - [2026-04-16T02:58:30.276+0000] {dag.py:3823} INFO - Setting next_dagrun for example_kubernetes_executor to None, run_after=None
[2026-04-16T02:58:30.299+0000] {processor.py:183} INFO - Processing /home/airflow/.local/lib/python3.8/site-packages/airflow/example_dags/example_kubernetes_executor.py took 0.089 seconds
[2026-04-16T02:59:00.719+0000] {processor.py:161} INFO - Started process (PID=68498) to work on /home/airflow/.local/lib/python3.8/site-packages/airflow/example_dags/example_kubernetes_executor.py
[2026-04-16T02:59:00.720+0000] {processor.py:830} INFO - Processing file /home/airflow/.local/lib/python3.8/site-packages/airflow/example_dags/example_kubernetes_executor.py for tasks to queue
[2026-04-16T02:59:00.722+0000] {logging_mixin.py:188} INFO - [2026-04-16T02:59:00.722+0000] {dagbag.py:538} INFO - Filling up the DagBag from /home/airflow/.local/lib/python3.8/site-packages/airflow/example_dags/example_kubernetes_executor.py
[2026-04-16T02:59:00.735+0000] {processor.py:840} INFO - DAG(s) 'example_kubernetes_executor' retrieved from /home/airflow/.local/lib/python3.8/site-packages/airflow/example_dags/example_kubernetes_executor.py
[2026-04-16T02:59:00.775+0000] {logging_mixin.py:188} INFO - [2026-04-16T02:59:00.774+0000] {dag.py:3036} INFO - Sync 1 DAGs
[2026-04-16T02:59:00.786+0000] {logging_mixin.py:188} INFO - [2026-04-16T02:59:00.786+0000] {dag.py:3823} INFO - Setting next_dagrun for example_kubernetes_executor to None, run_after=None
[2026-04-16T02:59:00.808+0000] {processor.py:183} INFO - Processing /home/airflow/.local/lib/python3.8/site-packages/airflow/example_dags/example_kubernetes_executor.py took 0.093 seconds
[2026-04-16T02:59:31.252+0000] {processor.py:161} INFO - Started process (PID=68555) to work on /home/airflow/.local/lib/python3.8/site-packages/airflow/example_dags/example_kubernetes_executor.py
[2026-04-16T02:59:31.253+0000] {processor.py:830} INFO - Processing file /home/airflow/.local/lib/python3.8/site-packages/airflow/example_dags/example_kubernetes_executor.py for tasks to queue
[2026-04-16T02:59:31.255+0000] {logging_mixin.py:188} INFO - [2026-04-16T02:59:31.255+0000] {dagbag.py:538} INFO - Filling up the DagBag from /home/airflow/.local/lib/python3.8/site-packages/airflow/example_dags/example_kubernetes_executor.py
[2026-04-16T02:59:31.268+0000] {processor.py:840} INFO - DAG(s) 'example_kubernetes_executor' retrieved from /home/airflow/.local/lib/python3.8/site-packages/airflow/example_dags/example_kubernetes_executor.py
[2026-04-16T02:59:31.307+0000] {logging_mixin.py:188} INFO - [2026-04-16T02:59:31.307+0000] {dag.py:3036} INFO - Sync 1 DAGs
[2026-04-16T02:59:31.319+0000] {logging_mixin.py:188} INFO - [2026-04-16T02:59:31.318+0000] {dag.py:3823} INFO - Setting next_dagrun for example_kubernetes_executor to None, run_after=None
[2026-04-16T02:59:31.340+0000] {processor.py:183} INFO - Processing /home/airflow/.local/lib/python3.8/site-packages/airflow/example_dags/example_kubernetes_executor.py took 0.091 seconds
[2026-04-16T03:00:01.638+0000] {processor.py:161} INFO - Started process (PID=68612) to work on /home/airflow/.local/lib/python3.8/site-packages/airflow/example_dags/example_kubernetes_executor.py
[2026-04-16T03:00:01.639+0000] {processor.py:830} INFO - Processing file /home/airflow/.local/lib/python3.8/site-packages/airflow/example_dags/example_kubernetes_executor.py for tasks to queue
[2026-04-16T03:00:01.642+0000] {logging_mixin.py:188} INFO - [2026-04-16T03:00:01.642+0000] {dagbag.py:538} INFO - Filling up the DagBag from /home/airflow/.local/lib/python3.8/site-packages/airflow/example_dags/example_kubernetes_executor.py
[2026-04-16T03:00:01.655+0000] {processor.py:840} INFO - DAG(s) 'example_kubernetes_executor' retrieved from /home/airflow/.local/lib/python3.8/site-packages/airflow/example_dags/example_kubernetes_executor.py
[2026-04-16T03:00:01.695+0000] {logging_mixin.py:188} INFO - [2026-04-16T03:00:01.695+0000] {dag.py:3036} INFO - Sync 1 DAGs
[2026-04-16T03:00:01.707+0000] {logging_mixin.py:188} INFO - [2026-04-16T03:00:01.707+0000] {dag.py:3823} INFO - Setting next_dagrun for example_kubernetes_executor to None, run_after=None
[2026-04-16T03:00:01.731+0000] {processor.py:183} INFO - Processing /home/airflow/.local/lib/python3.8/site-packages/airflow/example_dags/example_kubernetes_executor.py took 0.096 seconds
[2026-04-16T03:00:32.437+0000] {processor.py:161} INFO - Started process (PID=68669) to work on /home/airflow/.local/lib/python3.8/site-packages/airflow/example_dags/example_kubernetes_executor.py
[2026-04-16T03:00:32.438+0000] {processor.py:830} INFO - Processing file /home/airflow/.local/lib/python3.8/site-packages/airflow/example_dags/example_kubernetes_executor.py for tasks to queue
[2026-04-16T03:00:32.440+0000] {logging_mixin.py:188} INFO - [2026-04-16T03:00:32.439+0000] {dagbag.py:538} INFO - Filling up the DagBag from /home/airflow/.local/lib/python3.8/site-packages/airflow/example_dags/example_kubernetes_executor.py
[2026-04-16T03:00:32.453+0000] {processor.py:840} INFO - DAG(s) 'example_kubernetes_executor' retrieved from /home/airflow/.local/lib/python3.8/site-packages/airflow/example_dags/example_kubernetes_executor.py
[2026-04-16T03:00:32.491+0000] {logging_mixin.py:188} INFO - [2026-04-16T03:00:32.491+0000] {dag.py:3036} INFO - Sync 1 DAGs
[2026-04-16T03:00:32.504+0000] {logging_mixin.py:188} INFO - [2026-04-16T03:00:32.504+0000] {dag.py:3823} INFO - Setting next_dagrun for example_kubernetes_executor to None, run_after=None
[2026-04-16T03:00:32.528+0000] {processor.py:183} INFO - Processing /home/airflow/.local/lib/python3.8/site-packages/airflow/example_dags/example_kubernetes_executor.py took 0.095 seconds
[2026-04-16T03:01:03.028+0000] {processor.py:161} INFO - Started process (PID=68726) to work on /home/airflow/.local/lib/python3.8/site-packages/airflow/example_dags/example_kubernetes_executor.py
[2026-04-16T03:01:03.030+0000] {processor.py:830} INFO - Processing file /home/airflow/.local/lib/python3.8/site-packages/airflow/example_dags/example_kubernetes_executor.py for tasks to queue
[2026-04-16T03:01:03.032+0000] {logging_mixin.py:188} INFO - [2026-04-16T03:01:03.032+0000] {dagbag.py:538} INFO - Filling up the DagBag from /home/airflow/.local/lib/python3.8/site-packages/airflow/example_dags/example_kubernetes_executor.py
[2026-04-16T03:01:03.048+0000] {processor.py:840} INFO - DAG(s) 'example_kubernetes_executor' retrieved from /home/airflow/.local/lib/python3.8/site-packages/airflow/example_dags/example_kubernetes_executor.py
[2026-04-16T03:01:03.089+0000] {logging_mixin.py:188} INFO - [2026-04-16T03:01:03.089+0000] {dag.py:3036} INFO - Sync 1 DAGs
[2026-04-16T03:01:03.104+0000] {logging_mixin.py:188} INFO - [2026-04-16T03:01:03.103+0000] {dag.py:3823} INFO - Setting next_dagrun for example_kubernetes_executor to None, run_after=None
[2026-04-16T03:01:03.124+0000] {processor.py:183} INFO - Processing /home/airflow/.local/lib/python3.8/site-packages/airflow/example_dags/example_kubernetes_executor.py took 0.099 seconds
[2026-04-16T03:01:34.269+0000] {processor.py:161} INFO - Started process (PID=68783) to work on /home/airflow/.local/lib/python3.8/site-packages/airflow/example_dags/example_kubernetes_executor.py
[2026-04-16T03:01:34.271+0000] {processor.py:830} INFO - Processing file /home/airflow/.local/lib/python3.8/site-packages/airflow/example_dags/example_kubernetes_executor.py for tasks to queue
[2026-04-16T03:01:34.272+0000] {logging_mixin.py:188} INFO - [2026-04-16T03:01:34.272+0000] {dagbag.py:538} INFO - Filling up the DagBag from /home/airflow/.local/lib/python3.8/site-packages/airflow/example_dags/example_kubernetes_executor.py
[2026-04-16T03:01:34.284+0000] {processor.py:840} INFO - DAG(s) 'example_kubernetes_executor' retrieved from /home/airflow/.local/lib/python3.8/site-packages/airflow/example_dags/example_kubernetes_executor.py
[2026-04-16T03:01:34.323+0000] {logging_mixin.py:188} INFO - [2026-04-16T03:01:34.323+0000] {dag.py:3036} INFO - Sync 1 DAGs
[2026-04-16T03:01:34.334+0000] {logging_mixin.py:188} INFO - [2026-04-16T03:01:34.333+0000] {dag.py:3823} INFO - Setting next_dagrun for example_kubernetes_executor to None, run_after=None
[2026-04-16T03:01:34.355+0000] {processor.py:183} INFO - Processing /home/airflow/.local/lib/python3.8/site-packages/airflow/example_dags/example_kubernetes_executor.py took 0.089 seconds
[2026-04-16T03:02:05.142+0000] {processor.py:161} INFO - Started process (PID=68840) to work on /home/airflow/.local/lib/python3.8/site-packages/airflow/example_dags/example_kubernetes_executor.py
[2026-04-16T03:02:05.144+0000] {processor.py:830} INFO - Processing file /home/airflow/.local/lib/python3.8/site-packages/airflow/example_dags/example_kubernetes_executor.py for tasks to queue
[2026-04-16T03:02:05.147+0000] {logging_mixin.py:188} INFO - [2026-04-16T03:02:05.147+0000] {dagbag.py:538} INFO - Filling up the DagBag from /home/airflow/.local/lib/python3.8/site-packages/airflow/example_dags/example_kubernetes_executor.py
[2026-04-16T03:02:05.162+0000] {processor.py:840} INFO - DAG(s) 'example_kubernetes_executor' retrieved from /home/airflow/.local/lib/python3.8/site-packages/airflow/example_dags/example_kubernetes_executor.py
[2026-04-16T03:02:05.202+0000] {logging_mixin.py:188} INFO - [2026-04-16T03:02:05.201+0000] {dag.py:3036} INFO - Sync 1 DAGs
[2026-04-16T03:02:05.217+0000] {logging_mixin.py:188} INFO - [2026-04-16T03:02:05.216+0000] {dag.py:3823} INFO - Setting next_dagrun for example_kubernetes_executor to None, run_after=None
[2026-04-16T03:02:05.241+0000] {processor.py:183} INFO - Processing /home/airflow/.local/lib/python3.8/site-packages/airflow/example_dags/example_kubernetes_executor.py took 0.102 seconds
[2026-04-16T03:02:35.362+0000] {processor.py:161} INFO - Started process (PID=68897) to work on /home/airflow/.local/lib/python3.8/site-packages/airflow/example_dags/example_kubernetes_executor.py
[2026-04-16T03:02:35.363+0000] {processor.py:830} INFO - Processing file /home/airflow/.local/lib/python3.8/site-packages/airflow/example_dags/example_kubernetes_executor.py for tasks to queue
[2026-04-16T03:02:35.366+0000] {logging_mixin.py:188} INFO - [2026-04-16T03:02:35.366+0000] {dagbag.py:538} INFO - Filling up the DagBag from /home/airflow/.local/lib/python3.8/site-packages/airflow/example_dags/example_kubernetes_executor.py
[2026-04-16T03:02:35.381+0000] {processor.py:840} INFO - DAG(s) 'example_kubernetes_executor' retrieved from /home/airflow/.local/lib/python3.8/site-packages/airflow/example_dags/example_kubernetes_executor.py
[2026-04-16T03:02:35.431+0000] {logging_mixin.py:188} INFO - [2026-04-16T03:02:35.430+0000] {dag.py:3036} INFO - Sync 1 DAGs
[2026-04-16T03:02:35.445+0000] {logging_mixin.py:188} INFO - [2026-04-16T03:02:35.444+0000] {dag.py:3823} INFO - Setting next_dagrun for example_kubernetes_executor to None, run_after=None
[2026-04-16T03:02:35.467+0000] {processor.py:183} INFO - Processing /home/airflow/.local/lib/python3.8/site-packages/airflow/example_dags/example_kubernetes_executor.py took 0.111 seconds
[2026-04-16T03:03:05.618+0000] {processor.py:161} INFO - Started process (PID=68954) to work on /home/airflow/.local/lib/python3.8/site-packages/airflow/example_dags/example_kubernetes_executor.py
[2026-04-16T03:03:05.620+0000] {processor.py:830} INFO - Processing file /home/airflow/.local/lib/python3.8/site-packages/airflow/example_dags/example_kubernetes_executor.py for tasks to queue
[2026-04-16T03:03:05.622+0000] {logging_mixin.py:188} INFO - [2026-04-16T03:03:05.622+0000] {dagbag.py:538} INFO - Filling up the DagBag from /home/airflow/.local/lib/python3.8/site-packages/airflow/example_dags/example_kubernetes_executor.py
[2026-04-16T03:03:05.637+0000] {processor.py:840} INFO - DAG(s) 'example_kubernetes_executor' retrieved from /home/airflow/.local/lib/python3.8/site-packages/airflow/example_dags/example_kubernetes_executor.py
[2026-04-16T03:03:05.676+0000] {logging_mixin.py:188} INFO - [2026-04-16T03:03:05.676+0000] {dag.py:3036} INFO - Sync 1 DAGs
[2026-04-16T03:03:05.690+0000] {logging_mixin.py:188} INFO - [2026-04-16T03:03:05.690+0000] {dag.py:3823} INFO - Setting next_dagrun for example_kubernetes_executor to None, run_after=None
[2026-04-16T03:03:05.714+0000] {processor.py:183} INFO - Processing /home/airflow/.local/lib/python3.8/site-packages/airflow/example_dags/example_kubernetes_executor.py took 0.099 seconds
[2026-04-16T03:03:35.971+0000] {processor.py:161} INFO - Started process (PID=69011) to work on /home/airflow/.local/lib/python3.8/site-packages/airflow/example_dags/example_kubernetes_executor.py
[2026-04-16T03:03:35.973+0000] {processor.py:830} INFO - Processing file /home/airflow/.local/lib/python3.8/site-packages/airflow/example_dags/example_kubernetes_executor.py for tasks to queue
[2026-04-16T03:03:35.975+0000] {logging_mixin.py:188} INFO - [2026-04-16T03:03:35.975+0000] {dagbag.py:538} INFO - Filling up the DagBag from /home/airflow/.local/lib/python3.8/site-packages/airflow/example_dags/example_kubernetes_executor.py
[2026-04-16T03:03:35.991+0000] {processor.py:840} INFO - DAG(s) 'example_kubernetes_executor' retrieved from /home/airflow/.local/lib/python3.8/site-packages/airflow/example_dags/example_kubernetes_executor.py
[2026-04-16T03:03:36.033+0000] {logging_mixin.py:188} INFO - [2026-04-16T03:03:36.033+0000] {dag.py:3036} INFO - Sync 1 DAGs
[2026-04-16T03:03:36.048+0000] {logging_mixin.py:188} INFO - [2026-04-16T03:03:36.047+0000] {dag.py:3823} INFO - Setting next_dagrun for example_kubernetes_executor to None, run_after=None
[2026-04-16T03:03:36.070+0000] {processor.py:183} INFO - Processing /home/airflow/.local/lib/python3.8/site-packages/airflow/example_dags/example_kubernetes_executor.py took 0.103 seconds
[2026-04-16T03:04:06.157+0000] {processor.py:161} INFO - Started process (PID=69068) to work on /home/airflow/.local/lib/python3.8/site-packages/airflow/example_dags/example_kubernetes_executor.py
[2026-04-16T03:04:06.159+0000] {processor.py:830} INFO - Processing file /home/airflow/.local/lib/python3.8/site-packages/airflow/example_dags/example_kubernetes_executor.py for tasks to queue
[2026-04-16T03:04:06.161+0000] {logging_mixin.py:188} INFO - [2026-04-16T03:04:06.161+0000] {dagbag.py:538} INFO - Filling up the DagBag from /home/airflow/.local/lib/python3.8/site-packages/airflow/example_dags/example_kubernetes_executor.py
[2026-04-16T03:04:06.174+0000] {processor.py:840} INFO - DAG(s) 'example_kubernetes_executor' retrieved from /home/airflow/.local/lib/python3.8/site-packages/airflow/example_dags/example_kubernetes_executor.py
[2026-04-16T03:04:06.214+0000] {logging_mixin.py:188} INFO - [2026-04-16T03:04:06.214+0000] {dag.py:3036} INFO - Sync 1 DAGs
[2026-04-16T03:04:06.226+0000] {logging_mixin.py:188} INFO - [2026-04-16T03:04:06.225+0000] {dag.py:3823} INFO - Setting next_dagrun for example_kubernetes_executor to None, run_after=None
[2026-04-16T03:04:06.253+0000] {processor.py:183} INFO - Processing /home/airflow/.local/lib/python3.8/site-packages/airflow/example_dags/example_kubernetes_executor.py took 0.100 seconds
[2026-04-16T03:04:36.451+0000] {processor.py:161} INFO - Started process (PID=69124) to work on /home/airflow/.local/lib/python3.8/site-packages/airflow/example_dags/example_kubernetes_executor.py
[2026-04-16T03:04:36.453+0000] {processor.py:830} INFO - Processing file /home/airflow/.local/lib/python3.8/site-packages/airflow/example_dags/example_kubernetes_executor.py for tasks to queue
[2026-04-16T03:04:36.455+0000] {logging_mixin.py:188} INFO - [2026-04-16T03:04:36.455+0000] {dagbag.py:538} INFO - Filling up the DagBag from /home/airflow/.local/lib/python3.8/site-packages/airflow/example_dags/example_kubernetes_executor.py
[2026-04-16T03:04:36.470+0000] {processor.py:840} INFO - DAG(s) 'example_kubernetes_executor' retrieved from /home/airflow/.local/lib/python3.8/site-packages/airflow/example_dags/example_kubernetes_executor.py
[2026-04-16T03:04:36.510+0000] {logging_mixin.py:188} INFO - [2026-04-16T03:04:36.510+0000] {dag.py:3036} INFO - Sync 1 DAGs
[2026-04-16T03:04:36.523+0000] {logging_mixin.py:188} INFO - [2026-04-16T03:04:36.522+0000] {dag.py:3823} INFO - Setting next_dagrun for example_kubernetes_executor to None, run_after=None
[2026-04-16T03:04:36.544+0000] {processor.py:183} INFO - Processing /home/airflow/.local/lib/python3.8/site-packages/airflow/example_dags/example_kubernetes_executor.py took 0.097 seconds
[2026-04-16T03:05:06.856+0000] {processor.py:161} INFO - Started process (PID=69181) to work on /home/airflow/.local/lib/python3.8/site-packages/airflow/example_dags/example_kubernetes_executor.py
[2026-04-16T03:05:06.858+0000] {processor.py:830} INFO - Processing file /home/airflow/.local/lib/python3.8/site-packages/airflow/example_dags/example_kubernetes_executor.py for tasks to queue
[2026-04-16T03:05:06.860+0000] {logging_mixin.py:188} INFO - [2026-04-16T03:05:06.860+0000] {dagbag.py:538} INFO - Filling up the DagBag from /home/airflow/.local/lib/python3.8/site-packages/airflow/example_dags/example_kubernetes_executor.py
[2026-04-16T03:05:06.885+0000] {processor.py:840} INFO - DAG(s) 'example_kubernetes_executor' retrieved from /home/airflow/.local/lib/python3.8/site-packages/airflow/example_dags/example_kubernetes_executor.py
[2026-04-16T03:05:06.931+0000] {logging_mixin.py:188} INFO - [2026-04-16T03:05:06.931+0000] {dag.py:3036} INFO - Sync 1 DAGs
[2026-04-16T03:05:06.942+0000] {logging_mixin.py:188} INFO - [2026-04-16T03:05:06.942+0000] {dag.py:3823} INFO - Setting next_dagrun for example_kubernetes_executor to None, run_after=None
[2026-04-16T03:05:06.964+0000] {processor.py:183} INFO - Processing /home/airflow/.local/lib/python3.8/site-packages/airflow/example_dags/example_kubernetes_executor.py took 0.113 seconds
[2026-04-16T03:05:37.363+0000] {processor.py:161} INFO - Started process (PID=69238) to work on /home/airflow/.local/lib/python3.8/site-packages/airflow/example_dags/example_kubernetes_executor.py
[2026-04-16T03:05:37.364+0000] {processor.py:830} INFO - Processing file /home/airflow/.local/lib/python3.8/site-packages/airflow/example_dags/example_kubernetes_executor.py for tasks to queue
[2026-04-16T03:05:37.367+0000] {logging_mixin.py:188} INFO - [2026-04-16T03:05:37.366+0000] {dagbag.py:538} INFO - Filling up the DagBag from /home/airflow/.local/lib/python3.8/site-packages/airflow/example_dags/example_kubernetes_executor.py
[2026-04-16T03:05:37.380+0000] {processor.py:840} INFO - DAG(s) 'example_kubernetes_executor' retrieved from /home/airflow/.local/lib/python3.8/site-packages/airflow/example_dags/example_kubernetes_executor.py
[2026-04-16T03:05:37.423+0000] {logging_mixin.py:188} INFO - [2026-04-16T03:05:37.422+0000] {dag.py:3036} INFO - Sync 1 DAGs
[2026-04-16T03:05:37.437+0000] {logging_mixin.py:188} INFO - [2026-04-16T03:05:37.437+0000] {dag.py:3823} INFO - Setting next_dagrun for example_kubernetes_executor to None, run_after=None
[2026-04-16T03:05:37.460+0000] {processor.py:183} INFO - Processing /home/airflow/.local/lib/python3.8/site-packages/airflow/example_dags/example_kubernetes_executor.py took 0.101 seconds
[2026-04-16T03:06:07.618+0000] {processor.py:161} INFO - Started process (PID=69295) to work on /home/airflow/.local/lib/python3.8/site-packages/airflow/example_dags/example_kubernetes_executor.py
[2026-04-16T03:06:07.619+0000] {processor.py:830} INFO - Processing file /home/airflow/.local/lib/python3.8/site-packages/airflow/example_dags/example_kubernetes_executor.py for tasks to queue
[2026-04-16T03:06:07.622+0000] {logging_mixin.py:188} INFO - [2026-04-16T03:06:07.621+0000] {dagbag.py:538} INFO - Filling up the DagBag from /home/airflow/.local/lib/python3.8/site-packages/airflow/example_dags/example_kubernetes_executor.py
[2026-04-16T03:06:07.636+0000] {processor.py:840} INFO - DAG(s) 'example_kubernetes_executor' retrieved from /home/airflow/.local/lib/python3.8/site-packages/airflow/example_dags/example_kubernetes_executor.py
[2026-04-16T03:06:07.674+0000] {logging_mixin.py:188} INFO - [2026-04-16T03:06:07.673+0000] {dag.py:3036} INFO - Sync 1 DAGs
[2026-04-16T03:06:07.687+0000] {logging_mixin.py:188} INFO - [2026-04-16T03:06:07.686+0000] {dag.py:3823} INFO - Setting next_dagrun for example_kubernetes_executor to None, run_after=None
[2026-04-16T03:06:07.709+0000] {processor.py:183} INFO - Processing /home/airflow/.local/lib/python3.8/site-packages/airflow/example_dags/example_kubernetes_executor.py took 0.095 seconds
[2026-04-16T03:06:38.243+0000] {processor.py:161} INFO - Started process (PID=69352) to work on /home/airflow/.local/lib/python3.8/site-packages/airflow/example_dags/example_kubernetes_executor.py
[2026-04-16T03:06:38.245+0000] {processor.py:830} INFO - Processing file /home/airflow/.local/lib/python3.8/site-packages/airflow/example_dags/example_kubernetes_executor.py for tasks to queue
[2026-04-16T03:06:38.247+0000] {logging_mixin.py:188} INFO - [2026-04-16T03:06:38.247+0000] {dagbag.py:538} INFO - Filling up the DagBag from /home/airflow/.local/lib/python3.8/site-packages/airflow/example_dags/example_kubernetes_executor.py
[2026-04-16T03:06:38.260+0000] {processor.py:840} INFO - DAG(s) 'example_kubernetes_executor' retrieved from /home/airflow/.local/lib/python3.8/site-packages/airflow/example_dags/example_kubernetes_executor.py
[2026-04-16T03:06:38.300+0000] {logging_mixin.py:188} INFO - [2026-04-16T03:06:38.300+0000] {dag.py:3036} INFO - Sync 1 DAGs
[2026-04-16T03:06:38.314+0000] {logging_mixin.py:188} INFO - [2026-04-16T03:06:38.314+0000] {dag.py:3823} INFO - Setting next_dagrun for example_kubernetes_executor to None, run_after=None
[2026-04-16T03:06:38.335+0000] {processor.py:183} INFO - Processing /home/airflow/.local/lib/python3.8/site-packages/airflow/example_dags/example_kubernetes_executor.py took 0.095 seconds
[2026-04-16T03:07:08.534+0000] {processor.py:161} INFO - Started process (PID=69409) to work on /home/airflow/.local/lib/python3.8/site-packages/airflow/example_dags/example_kubernetes_executor.py
[2026-04-16T03:07:08.535+0000] {processor.py:830} INFO - Processing file /home/airflow/.local/lib/python3.8/site-packages/airflow/example_dags/example_kubernetes_executor.py for tasks to queue
[2026-04-16T03:07:08.538+0000] {logging_mixin.py:188} INFO - [2026-04-16T03:07:08.538+0000] {dagbag.py:538} INFO - Filling up the DagBag from /home/airflow/.local/lib/python3.8/site-packages/airflow/example_dags/example_kubernetes_executor.py
[2026-04-16T03:07:08.553+0000] {processor.py:840} INFO - DAG(s) 'example_kubernetes_executor' retrieved from /home/airflow/.local/lib/python3.8/site-packages/airflow/example_dags/example_kubernetes_executor.py
[2026-04-16T03:07:08.593+0000] {logging_mixin.py:188} INFO - [2026-04-16T03:07:08.592+0000] {dag.py:3036} INFO - Sync 1 DAGs
[2026-04-16T03:07:08.606+0000] {logging_mixin.py:188} INFO - [2026-04-16T03:07:08.606+0000] {dag.py:3823} INFO - Setting next_dagrun for example_kubernetes_executor to None, run_after=None
[2026-04-16T03:07:08.628+0000] {processor.py:183} INFO - Processing /home/airflow/.local/lib/python3.8/site-packages/airflow/example_dags/example_kubernetes_executor.py took 0.098 seconds
[2026-04-16T03:07:38.822+0000] {processor.py:161} INFO - Started process (PID=69466) to work on /home/airflow/.local/lib/python3.8/site-packages/airflow/example_dags/example_kubernetes_executor.py
[2026-04-16T03:07:38.824+0000] {processor.py:830} INFO - Processing file /home/airflow/.local/lib/python3.8/site-packages/airflow/example_dags/example_kubernetes_executor.py for tasks to queue
[2026-04-16T03:07:38.826+0000] {logging_mixin.py:188} INFO - [2026-04-16T03:07:38.826+0000] {dagbag.py:538} INFO - Filling up the DagBag from /home/airflow/.local/lib/python3.8/site-packages/airflow/example_dags/example_kubernetes_executor.py
[2026-04-16T03:07:38.841+0000] {processor.py:840} INFO - DAG(s) 'example_kubernetes_executor' retrieved from /home/airflow/.local/lib/python3.8/site-packages/airflow/example_dags/example_kubernetes_executor.py
[2026-04-16T03:07:38.890+0000] {logging_mixin.py:188} INFO - [2026-04-16T03:07:38.889+0000] {dag.py:3036} INFO - Sync 1 DAGs
[2026-04-16T03:07:38.906+0000] {logging_mixin.py:188} INFO - [2026-04-16T03:07:38.906+0000] {dag.py:3823} INFO - Setting next_dagrun for example_kubernetes_executor to None, run_after=None
[2026-04-16T03:07:38.928+0000] {processor.py:183} INFO - Processing /home/airflow/.local/lib/python3.8/site-packages/airflow/example_dags/example_kubernetes_executor.py took 0.109 seconds
[2026-04-16T03:08:09.083+0000] {processor.py:161} INFO - Started process (PID=69523) to work on /home/airflow/.local/lib/python3.8/site-packages/airflow/example_dags/example_kubernetes_executor.py
[2026-04-16T03:08:09.085+0000] {processor.py:830} INFO - Processing file /home/airflow/.local/lib/python3.8/site-packages/airflow/example_dags/example_kubernetes_executor.py for tasks to queue
[2026-04-16T03:08:09.087+0000] {logging_mixin.py:188} INFO - [2026-04-16T03:08:09.087+0000] {dagbag.py:538} INFO - Filling up the DagBag from /home/airflow/.local/lib/python3.8/site-packages/airflow/example_dags/example_kubernetes_executor.py
[2026-04-16T03:08:09.100+0000] {processor.py:840} INFO - DAG(s) 'example_kubernetes_executor' retrieved from /home/airflow/.local/lib/python3.8/site-packages/airflow/example_dags/example_kubernetes_executor.py
[2026-04-16T03:08:09.140+0000] {logging_mixin.py:188} INFO - [2026-04-16T03:08:09.140+0000] {dag.py:3036} INFO - Sync 1 DAGs
[2026-04-16T03:08:09.153+0000] {logging_mixin.py:188} INFO - [2026-04-16T03:08:09.152+0000] {dag.py:3823} INFO - Setting next_dagrun for example_kubernetes_executor to None, run_after=None
[2026-04-16T03:08:09.174+0000] {processor.py:183} INFO - Processing /home/airflow/.local/lib/python3.8/site-packages/airflow/example_dags/example_kubernetes_executor.py took 0.095 seconds
[2026-04-16T03:08:39.349+0000] {processor.py:161} INFO - Started process (PID=69580) to work on /home/airflow/.local/lib/python3.8/site-packages/airflow/example_dags/example_kubernetes_executor.py
[2026-04-16T03:08:39.351+0000] {processor.py:830} INFO - Processing file /home/airflow/.local/lib/python3.8/site-packages/airflow/example_dags/example_kubernetes_executor.py for tasks to queue
[2026-04-16T03:08:39.353+0000] {logging_mixin.py:188} INFO - [2026-04-16T03:08:39.353+0000] {dagbag.py:538} INFO - Filling up the DagBag from /home/airflow/.local/lib/python3.8/site-packages/airflow/example_dags/example_kubernetes_executor.py
[2026-04-16T03:08:39.366+0000] {processor.py:840} INFO - DAG(s) 'example_kubernetes_executor' retrieved from /home/airflow/.local/lib/python3.8/site-packages/airflow/example_dags/example_kubernetes_executor.py
[2026-04-16T03:08:39.401+0000] {logging_mixin.py:188} INFO - [2026-04-16T03:08:39.401+0000] {dag.py:3036} INFO - Sync 1 DAGs
[2026-04-16T03:08:39.415+0000] {logging_mixin.py:188} INFO - [2026-04-16T03:08:39.414+0000] {dag.py:3823} INFO - Setting next_dagrun for example_kubernetes_executor to None, run_after=None
[2026-04-16T03:08:39.436+0000] {processor.py:183} INFO - Processing /home/airflow/.local/lib/python3.8/site-packages/airflow/example_dags/example_kubernetes_executor.py took 0.090 seconds
[2026-04-16T03:09:09.950+0000] {processor.py:161} INFO - Started process (PID=69637) to work on /home/airflow/.local/lib/python3.8/site-packages/airflow/example_dags/example_kubernetes_executor.py
[2026-04-16T03:09:09.952+0000] {processor.py:830} INFO - Processing file /home/airflow/.local/lib/python3.8/site-packages/airflow/example_dags/example_kubernetes_executor.py for tasks to queue
[2026-04-16T03:09:09.954+0000] {logging_mixin.py:188} INFO - [2026-04-16T03:09:09.954+0000] {dagbag.py:538} INFO - Filling up the DagBag from /home/airflow/.local/lib/python3.8/site-packages/airflow/example_dags/example_kubernetes_executor.py
[2026-04-16T03:09:09.969+0000] {processor.py:840} INFO - DAG(s) 'example_kubernetes_executor' retrieved from /home/airflow/.local/lib/python3.8/site-packages/airflow/example_dags/example_kubernetes_executor.py
[2026-04-16T03:09:10.011+0000] {logging_mixin.py:188} INFO - [2026-04-16T03:09:10.010+0000] {dag.py:3036} INFO - Sync 1 DAGs
[2026-04-16T03:09:10.025+0000] {logging_mixin.py:188} INFO - [2026-04-16T03:09:10.025+0000] {dag.py:3823} INFO - Setting next_dagrun for example_kubernetes_executor to None, run_after=None
[2026-04-16T03:09:10.047+0000] {processor.py:183} INFO - Processing /home/airflow/.local/lib/python3.8/site-packages/airflow/example_dags/example_kubernetes_executor.py took 0.101 seconds
[2026-04-16T03:09:40.549+0000] {processor.py:161} INFO - Started process (PID=69694) to work on /home/airflow/.local/lib/python3.8/site-packages/airflow/example_dags/example_kubernetes_executor.py
[2026-04-16T03:09:40.551+0000] {processor.py:830} INFO - Processing file /home/airflow/.local/lib/python3.8/site-packages/airflow/example_dags/example_kubernetes_executor.py for tasks to queue
[2026-04-16T03:09:40.554+0000] {logging_mixin.py:188} INFO - [2026-04-16T03:09:40.553+0000] {dagbag.py:538} INFO - Filling up the DagBag from /home/airflow/.local/lib/python3.8/site-packages/airflow/example_dags/example_kubernetes_executor.py
[2026-04-16T03:09:40.570+0000] {processor.py:840} INFO - DAG(s) 'example_kubernetes_executor' retrieved from /home/airflow/.local/lib/python3.8/site-packages/airflow/example_dags/example_kubernetes_executor.py
[2026-04-16T03:09:40.610+0000] {logging_mixin.py:188} INFO - [2026-04-16T03:09:40.610+0000] {dag.py:3036} INFO - Sync 1 DAGs
[2026-04-16T03:09:40.623+0000] {logging_mixin.py:188} INFO - [2026-04-16T03:09:40.623+0000] {dag.py:3823} INFO - Setting next_dagrun for example_kubernetes_executor to None, run_after=None
[2026-04-16T03:09:40.645+0000] {processor.py:183} INFO - Processing /home/airflow/.local/lib/python3.8/site-packages/airflow/example_dags/example_kubernetes_executor.py took 0.100 seconds
[2026-04-16T03:10:10.864+0000] {processor.py:161} INFO - Started process (PID=69751) to work on /home/airflow/.local/lib/python3.8/site-packages/airflow/example_dags/example_kubernetes_executor.py
[2026-04-16T03:10:10.865+0000] {processor.py:830} INFO - Processing file /home/airflow/.local/lib/python3.8/site-packages/airflow/example_dags/example_kubernetes_executor.py for tasks to queue
[2026-04-16T03:10:10.867+0000] {logging_mixin.py:188} INFO - [2026-04-16T03:10:10.866+0000] {dagbag.py:538} INFO - Filling up the DagBag from /home/airflow/.local/lib/python3.8/site-packages/airflow/example_dags/example_kubernetes_executor.py
[2026-04-16T03:10:10.884+0000] {processor.py:840} INFO - DAG(s) 'example_kubernetes_executor' retrieved from /home/airflow/.local/lib/python3.8/site-packages/airflow/example_dags/example_kubernetes_executor.py
[2026-04-16T03:10:10.927+0000] {logging_mixin.py:188} INFO - [2026-04-16T03:10:10.927+0000] {dag.py:3036} INFO - Sync 1 DAGs
[2026-04-16T03:10:10.941+0000] {logging_mixin.py:188} INFO - [2026-04-16T03:10:10.941+0000] {dag.py:3823} INFO - Setting next_dagrun for example_kubernetes_executor to None, run_after=None
[2026-04-16T03:10:10.965+0000] {processor.py:183} INFO - Processing /home/airflow/.local/lib/python3.8/site-packages/airflow/example_dags/example_kubernetes_executor.py took 0.106 seconds
[2026-04-16T03:10:41.210+0000] {processor.py:161} INFO - Started process (PID=69814) to work on /home/airflow/.local/lib/python3.8/site-packages/airflow/example_dags/example_kubernetes_executor.py
[2026-04-16T03:10:41.212+0000] {processor.py:830} INFO - Processing file /home/airflow/.local/lib/python3.8/site-packages/airflow/example_dags/example_kubernetes_executor.py for tasks to queue
[2026-04-16T03:10:41.215+0000] {logging_mixin.py:188} INFO - [2026-04-16T03:10:41.214+0000] {dagbag.py:538} INFO - Filling up the DagBag from /home/airflow/.local/lib/python3.8/site-packages/airflow/example_dags/example_kubernetes_executor.py
[2026-04-16T03:10:41.230+0000] {processor.py:840} INFO - DAG(s) 'example_kubernetes_executor' retrieved from /home/airflow/.local/lib/python3.8/site-packages/airflow/example_dags/example_kubernetes_executor.py
[2026-04-16T03:10:41.269+0000] {logging_mixin.py:188} INFO - [2026-04-16T03:10:41.269+0000] {dag.py:3036} INFO - Sync 1 DAGs
[2026-04-16T03:10:41.280+0000] {logging_mixin.py:188} INFO - [2026-04-16T03:10:41.280+0000] {dag.py:3823} INFO - Setting next_dagrun for example_kubernetes_executor to None, run_after=None
[2026-04-16T03:10:41.303+0000] {processor.py:183} INFO - Processing /home/airflow/.local/lib/python3.8/site-packages/airflow/example_dags/example_kubernetes_executor.py took 0.096 seconds
[2026-04-16T03:11:11.918+0000] {processor.py:161} INFO - Started process (PID=69871) to work on /home/airflow/.local/lib/python3.8/site-packages/airflow/example_dags/example_kubernetes_executor.py
[2026-04-16T03:11:11.919+0000] {processor.py:830} INFO - Processing file /home/airflow/.local/lib/python3.8/site-packages/airflow/example_dags/example_kubernetes_executor.py for tasks to queue
[2026-04-16T03:11:11.921+0000] {logging_mixin.py:188} INFO - [2026-04-16T03:11:11.921+0000] {dagbag.py:538} INFO - Filling up the DagBag from /home/airflow/.local/lib/python3.8/site-packages/airflow/example_dags/example_kubernetes_executor.py
[2026-04-16T03:11:11.935+0000] {processor.py:840} INFO - DAG(s) 'example_kubernetes_executor' retrieved from /home/airflow/.local/lib/python3.8/site-packages/airflow/example_dags/example_kubernetes_executor.py
[2026-04-16T03:11:11.975+0000] {logging_mixin.py:188} INFO - [2026-04-16T03:11:11.975+0000] {dag.py:3036} INFO - Sync 1 DAGs
[2026-04-16T03:11:11.986+0000] {logging_mixin.py:188} INFO - [2026-04-16T03:11:11.986+0000] {dag.py:3823} INFO - Setting next_dagrun for example_kubernetes_executor to None, run_after=None
[2026-04-16T03:11:12.010+0000] {processor.py:183} INFO - Processing /home/airflow/.local/lib/python3.8/site-packages/airflow/example_dags/example_kubernetes_executor.py took 0.096 seconds
[2026-04-16T03:11:42.332+0000] {processor.py:161} INFO - Started process (PID=69928) to work on /home/airflow/.local/lib/python3.8/site-packages/airflow/example_dags/example_kubernetes_executor.py
[2026-04-16T03:11:42.334+0000] {processor.py:830} INFO - Processing file /home/airflow/.local/lib/python3.8/site-packages/airflow/example_dags/example_kubernetes_executor.py for tasks to queue
[2026-04-16T03:11:42.337+0000] {logging_mixin.py:188} INFO - [2026-04-16T03:11:42.336+0000] {dagbag.py:538} INFO - Filling up the DagBag from /home/airflow/.local/lib/python3.8/site-packages/airflow/example_dags/example_kubernetes_executor.py
[2026-04-16T03:11:42.354+0000] {processor.py:840} INFO - DAG(s) 'example_kubernetes_executor' retrieved from /home/airflow/.local/lib/python3.8/site-packages/airflow/example_dags/example_kubernetes_executor.py
[2026-04-16T03:11:42.394+0000] {logging_mixin.py:188} INFO - [2026-04-16T03:11:42.393+0000] {dag.py:3036} INFO - Sync 1 DAGs
[2026-04-16T03:11:42.407+0000] {logging_mixin.py:188} INFO - [2026-04-16T03:11:42.407+0000] {dag.py:3823} INFO - Setting next_dagrun for example_kubernetes_executor to None, run_after=None
[2026-04-16T03:11:42.434+0000] {processor.py:183} INFO - Processing /home/airflow/.local/lib/python3.8/site-packages/airflow/example_dags/example_kubernetes_executor.py took 0.105 seconds
[2026-04-16T03:12:12.701+0000] {processor.py:161} INFO - Started process (PID=69985) to work on /home/airflow/.local/lib/python3.8/site-packages/airflow/example_dags/example_kubernetes_executor.py
[2026-04-16T03:12:12.702+0000] {processor.py:830} INFO - Processing file /home/airflow/.local/lib/python3.8/site-packages/airflow/example_dags/example_kubernetes_executor.py for tasks to queue
[2026-04-16T03:12:12.705+0000] {logging_mixin.py:188} INFO - [2026-04-16T03:12:12.704+0000] {dagbag.py:538} INFO - Filling up the DagBag from /home/airflow/.local/lib/python3.8/site-packages/airflow/example_dags/example_kubernetes_executor.py
[2026-04-16T03:12:12.720+0000] {processor.py:840} INFO - DAG(s) 'example_kubernetes_executor' retrieved from /home/airflow/.local/lib/python3.8/site-packages/airflow/example_dags/example_kubernetes_executor.py
[2026-04-16T03:12:12.759+0000] {logging_mixin.py:188} INFO - [2026-04-16T03:12:12.759+0000] {dag.py:3036} INFO - Sync 1 DAGs
[2026-04-16T03:12:12.771+0000] {logging_mixin.py:188} INFO - [2026-04-16T03:12:12.771+0000] {dag.py:3823} INFO - Setting next_dagrun for example_kubernetes_executor to None, run_after=None
[2026-04-16T03:12:12.794+0000] {processor.py:183} INFO - Processing /home/airflow/.local/lib/python3.8/site-packages/airflow/example_dags/example_kubernetes_executor.py took 0.097 seconds
[2026-04-16T03:12:43.261+0000] {processor.py:161} INFO - Started process (PID=70042) to work on /home/airflow/.local/lib/python3.8/site-packages/airflow/example_dags/example_kubernetes_executor.py
[2026-04-16T03:12:43.263+0000] {processor.py:830} INFO - Processing file /home/airflow/.local/lib/python3.8/site-packages/airflow/example_dags/example_kubernetes_executor.py for tasks to queue
[2026-04-16T03:12:43.265+0000] {logging_mixin.py:188} INFO - [2026-04-16T03:12:43.265+0000] {dagbag.py:538} INFO - Filling up the DagBag from /home/airflow/.local/lib/python3.8/site-packages/airflow/example_dags/example_kubernetes_executor.py
[2026-04-16T03:12:43.279+0000] {processor.py:840} INFO - DAG(s) 'example_kubernetes_executor' retrieved from /home/airflow/.local/lib/python3.8/site-packages/airflow/example_dags/example_kubernetes_executor.py
[2026-04-16T03:12:43.319+0000] {logging_mixin.py:188} INFO - [2026-04-16T03:12:43.319+0000] {dag.py:3036} INFO - Sync 1 DAGs
[2026-04-16T03:12:43.330+0000] {logging_mixin.py:188} INFO - [2026-04-16T03:12:43.330+0000] {dag.py:3823} INFO - Setting next_dagrun for example_kubernetes_executor to None, run_after=None
[2026-04-16T03:12:43.348+0000] {processor.py:183} INFO - Processing /home/airflow/.local/lib/python3.8/site-packages/airflow/example_dags/example_kubernetes_executor.py took 0.090 seconds
[2026-04-16T03:13:13.922+0000] {processor.py:161} INFO - Started process (PID=70099) to work on /home/airflow/.local/lib/python3.8/site-packages/airflow/example_dags/example_kubernetes_executor.py
[2026-04-16T03:13:13.923+0000] {processor.py:830} INFO - Processing file /home/airflow/.local/lib/python3.8/site-packages/airflow/example_dags/example_kubernetes_executor.py for tasks to queue
[2026-04-16T03:13:13.925+0000] {logging_mixin.py:188} INFO - [2026-04-16T03:13:13.925+0000] {dagbag.py:538} INFO - Filling up the DagBag from /home/airflow/.local/lib/python3.8/site-packages/airflow/example_dags/example_kubernetes_executor.py
[2026-04-16T03:13:13.937+0000] {processor.py:840} INFO - DAG(s) 'example_kubernetes_executor' retrieved from /home/airflow/.local/lib/python3.8/site-packages/airflow/example_dags/example_kubernetes_executor.py
[2026-04-16T03:13:13.975+0000] {logging_mixin.py:188} INFO - [2026-04-16T03:13:13.975+0000] {dag.py:3036} INFO - Sync 1 DAGs
[2026-04-16T03:13:13.988+0000] {logging_mixin.py:188} INFO - [2026-04-16T03:13:13.987+0000] {dag.py:3823} INFO - Setting next_dagrun for example_kubernetes_executor to None, run_after=None
[2026-04-16T03:13:14.010+0000] {processor.py:183} INFO - Processing /home/airflow/.local/lib/python3.8/site-packages/airflow/example_dags/example_kubernetes_executor.py took 0.092 seconds
[2026-04-16T03:13:44.093+0000] {processor.py:161} INFO - Started process (PID=70156) to work on /home/airflow/.local/lib/python3.8/site-packages/airflow/example_dags/example_kubernetes_executor.py
[2026-04-16T03:13:44.094+0000] {processor.py:830} INFO - Processing file /home/airflow/.local/lib/python3.8/site-packages/airflow/example_dags/example_kubernetes_executor.py for tasks to queue
[2026-04-16T03:13:44.097+0000] {logging_mixin.py:188} INFO - [2026-04-16T03:13:44.096+0000] {dagbag.py:538} INFO - Filling up the DagBag from /home/airflow/.local/lib/python3.8/site-packages/airflow/example_dags/example_kubernetes_executor.py
[2026-04-16T03:13:44.112+0000] {processor.py:840} INFO - DAG(s) 'example_kubernetes_executor' retrieved from /home/airflow/.local/lib/python3.8/site-packages/airflow/example_dags/example_kubernetes_executor.py
[2026-04-16T03:13:44.148+0000] {logging_mixin.py:188} INFO - [2026-04-16T03:13:44.148+0000] {dag.py:3036} INFO - Sync 1 DAGs
[2026-04-16T03:13:44.160+0000] {logging_mixin.py:188} INFO - [2026-04-16T03:13:44.160+0000] {dag.py:3823} INFO - Setting next_dagrun for example_kubernetes_executor to None, run_after=None
[2026-04-16T03:13:44.182+0000] {processor.py:183} INFO - Processing /home/airflow/.local/lib/python3.8/site-packages/airflow/example_dags/example_kubernetes_executor.py took 0.093 seconds
[2026-04-16T03:14:14.559+0000] {processor.py:161} INFO - Started process (PID=70213) to work on /home/airflow/.local/lib/python3.8/site-packages/airflow/example_dags/example_kubernetes_executor.py
[2026-04-16T03:14:14.560+0000] {processor.py:830} INFO - Processing file /home/airflow/.local/lib/python3.8/site-packages/airflow/example_dags/example_kubernetes_executor.py for tasks to queue
[2026-04-16T03:14:14.563+0000] {logging_mixin.py:188} INFO - [2026-04-16T03:14:14.563+0000] {dagbag.py:538} INFO - Filling up the DagBag from /home/airflow/.local/lib/python3.8/site-packages/airflow/example_dags/example_kubernetes_executor.py
[2026-04-16T03:14:14.582+0000] {processor.py:840} INFO - DAG(s) 'example_kubernetes_executor' retrieved from /home/airflow/.local/lib/python3.8/site-packages/airflow/example_dags/example_kubernetes_executor.py
[2026-04-16T03:14:14.628+0000] {logging_mixin.py:188} INFO - [2026-04-16T03:14:14.627+0000] {dag.py:3036} INFO - Sync 1 DAGs
[2026-04-16T03:14:14.642+0000] {logging_mixin.py:188} INFO - [2026-04-16T03:14:14.642+0000] {dag.py:3823} INFO - Setting next_dagrun for example_kubernetes_executor to None, run_after=None
[2026-04-16T03:14:14.662+0000] {processor.py:183} INFO - Processing /home/airflow/.local/lib/python3.8/site-packages/airflow/example_dags/example_kubernetes_executor.py took 0.107 seconds
[2026-04-16T03:14:44.915+0000] {processor.py:161} INFO - Started process (PID=70270) to work on /home/airflow/.local/lib/python3.8/site-packages/airflow/example_dags/example_kubernetes_executor.py
[2026-04-16T03:14:44.917+0000] {processor.py:830} INFO - Processing file /home/airflow/.local/lib/python3.8/site-packages/airflow/example_dags/example_kubernetes_executor.py for tasks to queue
[2026-04-16T03:14:44.919+0000] {logging_mixin.py:188} INFO - [2026-04-16T03:14:44.919+0000] {dagbag.py:538} INFO - Filling up the DagBag from /home/airflow/.local/lib/python3.8/site-packages/airflow/example_dags/example_kubernetes_executor.py
[2026-04-16T03:14:44.935+0000] {processor.py:840} INFO - DAG(s) 'example_kubernetes_executor' retrieved from /home/airflow/.local/lib/python3.8/site-packages/airflow/example_dags/example_kubernetes_executor.py
[2026-04-16T03:14:44.974+0000] {logging_mixin.py:188} INFO - [2026-04-16T03:14:44.974+0000] {dag.py:3036} INFO - Sync 1 DAGs
[2026-04-16T03:14:44.988+0000] {logging_mixin.py:188} INFO - [2026-04-16T03:14:44.988+0000] {dag.py:3823} INFO - Setting next_dagrun for example_kubernetes_executor to None, run_after=None
[2026-04-16T03:14:45.011+0000] {processor.py:183} INFO - Processing /home/airflow/.local/lib/python3.8/site-packages/airflow/example_dags/example_kubernetes_executor.py took 0.099 seconds
[2026-04-16T03:15:15.968+0000] {processor.py:161} INFO - Started process (PID=70327) to work on /home/airflow/.local/lib/python3.8/site-packages/airflow/example_dags/example_kubernetes_executor.py
[2026-04-16T03:15:15.970+0000] {processor.py:830} INFO - Processing file /home/airflow/.local/lib/python3.8/site-packages/airflow/example_dags/example_kubernetes_executor.py for tasks to queue
[2026-04-16T03:15:15.973+0000] {logging_mixin.py:188} INFO - [2026-04-16T03:15:15.973+0000] {dagbag.py:538} INFO - Filling up the DagBag from /home/airflow/.local/lib/python3.8/site-packages/airflow/example_dags/example_kubernetes_executor.py
[2026-04-16T03:15:15.991+0000] {processor.py:840} INFO - DAG(s) 'example_kubernetes_executor' retrieved from /home/airflow/.local/lib/python3.8/site-packages/airflow/example_dags/example_kubernetes_executor.py
[2026-04-16T03:15:16.035+0000] {logging_mixin.py:188} INFO - [2026-04-16T03:15:16.035+0000] {dag.py:3036} INFO - Sync 1 DAGs
[2026-04-16T03:15:16.047+0000] {logging_mixin.py:188} INFO - [2026-04-16T03:15:16.047+0000] {dag.py:3823} INFO - Setting next_dagrun for example_kubernetes_executor to None, run_after=None
[2026-04-16T03:15:16.068+0000] {processor.py:183} INFO - Processing /home/airflow/.local/lib/python3.8/site-packages/airflow/example_dags/example_kubernetes_executor.py took 0.104 seconds
[2026-04-16T03:15:46.650+0000] {processor.py:161} INFO - Started process (PID=70384) to work on /home/airflow/.local/lib/python3.8/site-packages/airflow/example_dags/example_kubernetes_executor.py
[2026-04-16T03:15:46.652+0000] {processor.py:830} INFO - Processing file /home/airflow/.local/lib/python3.8/site-packages/airflow/example_dags/example_kubernetes_executor.py for tasks to queue
[2026-04-16T03:15:46.654+0000] {logging_mixin.py:188} INFO - [2026-04-16T03:15:46.654+0000] {dagbag.py:538} INFO - Filling up the DagBag from /home/airflow/.local/lib/python3.8/site-packages/airflow/example_dags/example_kubernetes_executor.py
[2026-04-16T03:15:46.668+0000] {processor.py:840} INFO - DAG(s) 'example_kubernetes_executor' retrieved from /home/airflow/.local/lib/python3.8/site-packages/airflow/example_dags/example_kubernetes_executor.py
[2026-04-16T03:15:46.845+0000] {logging_mixin.py:188} INFO - [2026-04-16T03:15:46.844+0000] {dag.py:3036} INFO - Sync 1 DAGs
[2026-04-16T03:15:46.862+0000] {logging_mixin.py:188} INFO - [2026-04-16T03:15:46.862+0000] {dag.py:3823} INFO - Setting next_dagrun for example_kubernetes_executor to None, run_after=None
[2026-04-16T03:15:46.888+0000] {processor.py:183} INFO - Processing /home/airflow/.local/lib/python3.8/site-packages/airflow/example_dags/example_kubernetes_executor.py took 0.244 seconds
[2026-04-16T03:16:17.257+0000] {processor.py:161} INFO - Started process (PID=70441) to work on /home/airflow/.local/lib/python3.8/site-packages/airflow/example_dags/example_kubernetes_executor.py
[2026-04-16T03:16:17.259+0000] {processor.py:830} INFO - Processing file /home/airflow/.local/lib/python3.8/site-packages/airflow/example_dags/example_kubernetes_executor.py for tasks to queue
[2026-04-16T03:16:17.262+0000] {logging_mixin.py:188} INFO - [2026-04-16T03:16:17.261+0000] {dagbag.py:538} INFO - Filling up the DagBag from /home/airflow/.local/lib/python3.8/site-packages/airflow/example_dags/example_kubernetes_executor.py
[2026-04-16T03:16:17.276+0000] {processor.py:840} INFO - DAG(s) 'example_kubernetes_executor' retrieved from /home/airflow/.local/lib/python3.8/site-packages/airflow/example_dags/example_kubernetes_executor.py
[2026-04-16T03:16:17.445+0000] {logging_mixin.py:188} INFO - [2026-04-16T03:16:17.444+0000] {dag.py:3036} INFO - Sync 1 DAGs
[2026-04-16T03:16:17.458+0000] {logging_mixin.py:188} INFO - [2026-04-16T03:16:17.458+0000] {dag.py:3823} INFO - Setting next_dagrun for example_kubernetes_executor to None, run_after=None
[2026-04-16T03:16:17.486+0000] {processor.py:183} INFO - Processing /home/airflow/.local/lib/python3.8/site-packages/airflow/example_dags/example_kubernetes_executor.py took 0.233 seconds
[2026-04-16T03:16:47.551+0000] {processor.py:161} INFO - Started process (PID=70498) to work on /home/airflow/.local/lib/python3.8/site-packages/airflow/example_dags/example_kubernetes_executor.py
[2026-04-16T03:16:47.553+0000] {processor.py:830} INFO - Processing file /home/airflow/.local/lib/python3.8/site-packages/airflow/example_dags/example_kubernetes_executor.py for tasks to queue
[2026-04-16T03:16:47.555+0000] {logging_mixin.py:188} INFO - [2026-04-16T03:16:47.555+0000] {dagbag.py:538} INFO - Filling up the DagBag from /home/airflow/.local/lib/python3.8/site-packages/airflow/example_dags/example_kubernetes_executor.py
[2026-04-16T03:16:47.569+0000] {processor.py:840} INFO - DAG(s) 'example_kubernetes_executor' retrieved from /home/airflow/.local/lib/python3.8/site-packages/airflow/example_dags/example_kubernetes_executor.py
[2026-04-16T03:16:47.741+0000] {logging_mixin.py:188} INFO - [2026-04-16T03:16:47.741+0000] {dag.py:3036} INFO - Sync 1 DAGs
[2026-04-16T03:16:47.751+0000] {logging_mixin.py:188} INFO - [2026-04-16T03:16:47.751+0000] {dag.py:3823} INFO - Setting next_dagrun for example_kubernetes_executor to None, run_after=None
[2026-04-16T03:16:47.774+0000] {processor.py:183} INFO - Processing /home/airflow/.local/lib/python3.8/site-packages/airflow/example_dags/example_kubernetes_executor.py took 0.227 seconds
[2026-04-16T03:17:17.855+0000] {processor.py:161} INFO - Started process (PID=70555) to work on /home/airflow/.local/lib/python3.8/site-packages/airflow/example_dags/example_kubernetes_executor.py
[2026-04-16T03:17:17.857+0000] {processor.py:830} INFO - Processing file /home/airflow/.local/lib/python3.8/site-packages/airflow/example_dags/example_kubernetes_executor.py for tasks to queue
[2026-04-16T03:17:17.859+0000] {logging_mixin.py:188} INFO - [2026-04-16T03:17:17.859+0000] {dagbag.py:538} INFO - Filling up the DagBag from /home/airflow/.local/lib/python3.8/site-packages/airflow/example_dags/example_kubernetes_executor.py
[2026-04-16T03:17:17.872+0000] {processor.py:840} INFO - DAG(s) 'example_kubernetes_executor' retrieved from /home/airflow/.local/lib/python3.8/site-packages/airflow/example_dags/example_kubernetes_executor.py
[2026-04-16T03:17:17.909+0000] {logging_mixin.py:188} INFO - [2026-04-16T03:17:17.909+0000] {dag.py:3036} INFO - Sync 1 DAGs
[2026-04-16T03:17:17.920+0000] {logging_mixin.py:188} INFO - [2026-04-16T03:17:17.920+0000] {dag.py:3823} INFO - Setting next_dagrun for example_kubernetes_executor to None, run_after=None
[2026-04-16T03:17:17.943+0000] {processor.py:183} INFO - Processing /home/airflow/.local/lib/python3.8/site-packages/airflow/example_dags/example_kubernetes_executor.py took 0.091 seconds
[2026-04-16T03:17:48.315+0000] {processor.py:161} INFO - Started process (PID=70612) to work on /home/airflow/.local/lib/python3.8/site-packages/airflow/example_dags/example_kubernetes_executor.py
[2026-04-16T03:17:48.316+0000] {processor.py:830} INFO - Processing file /home/airflow/.local/lib/python3.8/site-packages/airflow/example_dags/example_kubernetes_executor.py for tasks to queue
[2026-04-16T03:17:48.319+0000] {logging_mixin.py:188} INFO - [2026-04-16T03:17:48.318+0000] {dagbag.py:538} INFO - Filling up the DagBag from /home/airflow/.local/lib/python3.8/site-packages/airflow/example_dags/example_kubernetes_executor.py
[2026-04-16T03:17:48.332+0000] {processor.py:840} INFO - DAG(s) 'example_kubernetes_executor' retrieved from /home/airflow/.local/lib/python3.8/site-packages/airflow/example_dags/example_kubernetes_executor.py
[2026-04-16T03:17:48.372+0000] {logging_mixin.py:188} INFO - [2026-04-16T03:17:48.372+0000] {dag.py:3036} INFO - Sync 1 DAGs
[2026-04-16T03:17:48.384+0000] {logging_mixin.py:188} INFO - [2026-04-16T03:17:48.383+0000] {dag.py:3823} INFO - Setting next_dagrun for example_kubernetes_executor to None, run_after=None
[2026-04-16T03:17:48.406+0000] {processor.py:183} INFO - Processing /home/airflow/.local/lib/python3.8/site-packages/airflow/example_dags/example_kubernetes_executor.py took 0.095 seconds
[2026-04-16T03:18:18.614+0000] {processor.py:161} INFO - Started process (PID=70669) to work on /home/airflow/.local/lib/python3.8/site-packages/airflow/example_dags/example_kubernetes_executor.py
[2026-04-16T03:18:18.615+0000] {processor.py:830} INFO - Processing file /home/airflow/.local/lib/python3.8/site-packages/airflow/example_dags/example_kubernetes_executor.py for tasks to queue
[2026-04-16T03:18:18.618+0000] {logging_mixin.py:188} INFO - [2026-04-16T03:18:18.618+0000] {dagbag.py:538} INFO - Filling up the DagBag from /home/airflow/.local/lib/python3.8/site-packages/airflow/example_dags/example_kubernetes_executor.py
[2026-04-16T03:18:18.632+0000] {processor.py:840} INFO - DAG(s) 'example_kubernetes_executor' retrieved from /home/airflow/.local/lib/python3.8/site-packages/airflow/example_dags/example_kubernetes_executor.py
[2026-04-16T03:18:18.671+0000] {logging_mixin.py:188} INFO - [2026-04-16T03:18:18.671+0000] {dag.py:3036} INFO - Sync 1 DAGs
[2026-04-16T03:18:18.684+0000] {logging_mixin.py:188} INFO - [2026-04-16T03:18:18.683+0000] {dag.py:3823} INFO - Setting next_dagrun for example_kubernetes_executor to None, run_after=None
[2026-04-16T03:18:18.706+0000] {processor.py:183} INFO - Processing /home/airflow/.local/lib/python3.8/site-packages/airflow/example_dags/example_kubernetes_executor.py took 0.096 seconds
[2026-04-16T03:18:48.984+0000] {processor.py:161} INFO - Started process (PID=70726) to work on /home/airflow/.local/lib/python3.8/site-packages/airflow/example_dags/example_kubernetes_executor.py
[2026-04-16T03:18:48.985+0000] {processor.py:830} INFO - Processing file /home/airflow/.local/lib/python3.8/site-packages/airflow/example_dags/example_kubernetes_executor.py for tasks to queue
[2026-04-16T03:18:48.988+0000] {logging_mixin.py:188} INFO - [2026-04-16T03:18:48.987+0000] {dagbag.py:538} INFO - Filling up the DagBag from /home/airflow/.local/lib/python3.8/site-packages/airflow/example_dags/example_kubernetes_executor.py
[2026-04-16T03:18:49.001+0000] {processor.py:840} INFO - DAG(s) 'example_kubernetes_executor' retrieved from /home/airflow/.local/lib/python3.8/site-packages/airflow/example_dags/example_kubernetes_executor.py
[2026-04-16T03:18:49.043+0000] {logging_mixin.py:188} INFO - [2026-04-16T03:18:49.043+0000] {dag.py:3036} INFO - Sync 1 DAGs
[2026-04-16T03:18:49.054+0000] {logging_mixin.py:188} INFO - [2026-04-16T03:18:49.054+0000] {dag.py:3823} INFO - Setting next_dagrun for example_kubernetes_executor to None, run_after=None
[2026-04-16T03:18:49.077+0000] {processor.py:183} INFO - Processing /home/airflow/.local/lib/python3.8/site-packages/airflow/example_dags/example_kubernetes_executor.py took 0.096 seconds
[2026-04-16T03:19:19.269+0000] {processor.py:161} INFO - Started process (PID=70784) to work on /home/airflow/.local/lib/python3.8/site-packages/airflow/example_dags/example_kubernetes_executor.py
[2026-04-16T03:19:19.271+0000] {processor.py:830} INFO - Processing file /home/airflow/.local/lib/python3.8/site-packages/airflow/example_dags/example_kubernetes_executor.py for tasks to queue
[2026-04-16T03:19:19.274+0000] {logging_mixin.py:188} INFO - [2026-04-16T03:19:19.273+0000] {dagbag.py:538} INFO - Filling up the DagBag from /home/airflow/.local/lib/python3.8/site-packages/airflow/example_dags/example_kubernetes_executor.py
[2026-04-16T03:19:19.289+0000] {processor.py:840} INFO - DAG(s) 'example_kubernetes_executor' retrieved from /home/airflow/.local/lib/python3.8/site-packages/airflow/example_dags/example_kubernetes_executor.py
[2026-04-16T03:19:19.330+0000] {logging_mixin.py:188} INFO - [2026-04-16T03:19:19.330+0000] {dag.py:3036} INFO - Sync 1 DAGs
[2026-04-16T03:19:19.342+0000] {logging_mixin.py:188} INFO - [2026-04-16T03:19:19.342+0000] {dag.py:3823} INFO - Setting next_dagrun for example_kubernetes_executor to None, run_after=None
[2026-04-16T03:19:19.365+0000] {processor.py:183} INFO - Processing /home/airflow/.local/lib/python3.8/site-packages/airflow/example_dags/example_kubernetes_executor.py took 0.101 seconds
[2026-04-16T03:19:49.517+0000] {processor.py:161} INFO - Started process (PID=70841) to work on /home/airflow/.local/lib/python3.8/site-packages/airflow/example_dags/example_kubernetes_executor.py
[2026-04-16T03:19:49.519+0000] {processor.py:830} INFO - Processing file /home/airflow/.local/lib/python3.8/site-packages/airflow/example_dags/example_kubernetes_executor.py for tasks to queue
[2026-04-16T03:19:49.522+0000] {logging_mixin.py:188} INFO - [2026-04-16T03:19:49.522+0000] {dagbag.py:538} INFO - Filling up the DagBag from /home/airflow/.local/lib/python3.8/site-packages/airflow/example_dags/example_kubernetes_executor.py
[2026-04-16T03:19:49.540+0000] {processor.py:840} INFO - DAG(s) 'example_kubernetes_executor' retrieved from /home/airflow/.local/lib/python3.8/site-packages/airflow/example_dags/example_kubernetes_executor.py
[2026-04-16T03:19:49.583+0000] {logging_mixin.py:188} INFO - [2026-04-16T03:19:49.583+0000] {dag.py:3036} INFO - Sync 1 DAGs
[2026-04-16T03:19:49.596+0000] {logging_mixin.py:188} INFO - [2026-04-16T03:19:49.596+0000] {dag.py:3823} INFO - Setting next_dagrun for example_kubernetes_executor to None, run_after=None
[2026-04-16T03:19:49.620+0000] {processor.py:183} INFO - Processing /home/airflow/.local/lib/python3.8/site-packages/airflow/example_dags/example_kubernetes_executor.py took 0.106 seconds
[2026-04-16T03:20:19.786+0000] {processor.py:161} INFO - Started process (PID=70898) to work on /home/airflow/.local/lib/python3.8/site-packages/airflow/example_dags/example_kubernetes_executor.py
[2026-04-16T03:20:19.788+0000] {processor.py:830} INFO - Processing file /home/airflow/.local/lib/python3.8/site-packages/airflow/example_dags/example_kubernetes_executor.py for tasks to queue
[2026-04-16T03:20:19.790+0000] {logging_mixin.py:188} INFO - [2026-04-16T03:20:19.790+0000] {dagbag.py:538} INFO - Filling up the DagBag from /home/airflow/.local/lib/python3.8/site-packages/airflow/example_dags/example_kubernetes_executor.py
[2026-04-16T03:20:19.804+0000] {processor.py:840} INFO - DAG(s) 'example_kubernetes_executor' retrieved from /home/airflow/.local/lib/python3.8/site-packages/airflow/example_dags/example_kubernetes_executor.py
[2026-04-16T03:20:19.843+0000] {logging_mixin.py:188} INFO - [2026-04-16T03:20:19.843+0000] {dag.py:3036} INFO - Sync 1 DAGs
[2026-04-16T03:20:19.855+0000] {logging_mixin.py:188} INFO - [2026-04-16T03:20:19.855+0000] {dag.py:3823} INFO - Setting next_dagrun for example_kubernetes_executor to None, run_after=None
[2026-04-16T03:20:19.878+0000] {processor.py:183} INFO - Processing /home/airflow/.local/lib/python3.8/site-packages/airflow/example_dags/example_kubernetes_executor.py took 0.095 seconds
[2026-04-16T03:20:50.192+0000] {processor.py:161} INFO - Started process (PID=70955) to work on /home/airflow/.local/lib/python3.8/site-packages/airflow/example_dags/example_kubernetes_executor.py
[2026-04-16T03:20:50.194+0000] {processor.py:830} INFO - Processing file /home/airflow/.local/lib/python3.8/site-packages/airflow/example_dags/example_kubernetes_executor.py for tasks to queue
[2026-04-16T03:20:50.196+0000] {logging_mixin.py:188} INFO - [2026-04-16T03:20:50.196+0000] {dagbag.py:538} INFO - Filling up the DagBag from /home/airflow/.local/lib/python3.8/site-packages/airflow/example_dags/example_kubernetes_executor.py
[2026-04-16T03:20:50.210+0000] {processor.py:840} INFO - DAG(s) 'example_kubernetes_executor' retrieved from /home/airflow/.local/lib/python3.8/site-packages/airflow/example_dags/example_kubernetes_executor.py
[2026-04-16T03:20:50.250+0000] {logging_mixin.py:188} INFO - [2026-04-16T03:20:50.250+0000] {dag.py:3036} INFO - Sync 1 DAGs
[2026-04-16T03:20:50.263+0000] {logging_mixin.py:188} INFO - [2026-04-16T03:20:50.262+0000] {dag.py:3823} INFO - Setting next_dagrun for example_kubernetes_executor to None, run_after=None
[2026-04-16T03:20:50.285+0000] {processor.py:183} INFO - Processing /home/airflow/.local/lib/python3.8/site-packages/airflow/example_dags/example_kubernetes_executor.py took 0.096 seconds
[2026-04-16T03:21:20.442+0000] {processor.py:161} INFO - Started process (PID=71012) to work on /home/airflow/.local/lib/python3.8/site-packages/airflow/example_dags/example_kubernetes_executor.py
[2026-04-16T03:21:20.443+0000] {processor.py:830} INFO - Processing file /home/airflow/.local/lib/python3.8/site-packages/airflow/example_dags/example_kubernetes_executor.py for tasks to queue
[2026-04-16T03:21:20.446+0000] {logging_mixin.py:188} INFO - [2026-04-16T03:21:20.446+0000] {dagbag.py:538} INFO - Filling up the DagBag from /home/airflow/.local/lib/python3.8/site-packages/airflow/example_dags/example_kubernetes_executor.py
[2026-04-16T03:21:20.462+0000] {processor.py:840} INFO - DAG(s) 'example_kubernetes_executor' retrieved from /home/airflow/.local/lib/python3.8/site-packages/airflow/example_dags/example_kubernetes_executor.py
[2026-04-16T03:21:20.511+0000] {logging_mixin.py:188} INFO - [2026-04-16T03:21:20.510+0000] {dag.py:3036} INFO - Sync 1 DAGs
[2026-04-16T03:21:20.531+0000] {logging_mixin.py:188} INFO - [2026-04-16T03:21:20.530+0000] {dag.py:3823} INFO - Setting next_dagrun for example_kubernetes_executor to None, run_after=None
[2026-04-16T03:21:20.551+0000] {processor.py:183} INFO - Processing /home/airflow/.local/lib/python3.8/site-packages/airflow/example_dags/example_kubernetes_executor.py took 0.113 seconds
[2026-04-16T03:21:50.791+0000] {processor.py:161} INFO - Started process (PID=71069) to work on /home/airflow/.local/lib/python3.8/site-packages/airflow/example_dags/example_kubernetes_executor.py
[2026-04-16T03:21:50.792+0000] {processor.py:830} INFO - Processing file /home/airflow/.local/lib/python3.8/site-packages/airflow/example_dags/example_kubernetes_executor.py for tasks to queue
[2026-04-16T03:21:50.795+0000] {logging_mixin.py:188} INFO - [2026-04-16T03:21:50.794+0000] {dagbag.py:538} INFO - Filling up the DagBag from /home/airflow/.local/lib/python3.8/site-packages/airflow/example_dags/example_kubernetes_executor.py
[2026-04-16T03:21:50.814+0000] {processor.py:840} INFO - DAG(s) 'example_kubernetes_executor' retrieved from /home/airflow/.local/lib/python3.8/site-packages/airflow/example_dags/example_kubernetes_executor.py
[2026-04-16T03:21:50.857+0000] {logging_mixin.py:188} INFO - [2026-04-16T03:21:50.857+0000] {dag.py:3036} INFO - Sync 1 DAGs
[2026-04-16T03:21:50.874+0000] {logging_mixin.py:188} INFO - [2026-04-16T03:21:50.874+0000] {dag.py:3823} INFO - Setting next_dagrun for example_kubernetes_executor to None, run_after=None
[2026-04-16T03:21:50.896+0000] {processor.py:183} INFO - Processing /home/airflow/.local/lib/python3.8/site-packages/airflow/example_dags/example_kubernetes_executor.py took 0.110 seconds
[2026-04-16T03:22:21.473+0000] {processor.py:161} INFO - Started process (PID=71126) to work on /home/airflow/.local/lib/python3.8/site-packages/airflow/example_dags/example_kubernetes_executor.py
[2026-04-16T03:22:21.475+0000] {processor.py:830} INFO - Processing file /home/airflow/.local/lib/python3.8/site-packages/airflow/example_dags/example_kubernetes_executor.py for tasks to queue
[2026-04-16T03:22:21.477+0000] {logging_mixin.py:188} INFO - [2026-04-16T03:22:21.477+0000] {dagbag.py:538} INFO - Filling up the DagBag from /home/airflow/.local/lib/python3.8/site-packages/airflow/example_dags/example_kubernetes_executor.py
[2026-04-16T03:22:21.492+0000] {processor.py:840} INFO - DAG(s) 'example_kubernetes_executor' retrieved from /home/airflow/.local/lib/python3.8/site-packages/airflow/example_dags/example_kubernetes_executor.py
[2026-04-16T03:22:21.541+0000] {logging_mixin.py:188} INFO - [2026-04-16T03:22:21.541+0000] {dag.py:3036} INFO - Sync 1 DAGs
[2026-04-16T03:22:21.556+0000] {logging_mixin.py:188} INFO - [2026-04-16T03:22:21.556+0000] {dag.py:3823} INFO - Setting next_dagrun for example_kubernetes_executor to None, run_after=None
[2026-04-16T03:22:21.585+0000] {processor.py:183} INFO - Processing /home/airflow/.local/lib/python3.8/site-packages/airflow/example_dags/example_kubernetes_executor.py took 0.116 seconds
[2026-04-16T03:22:52.038+0000] {processor.py:161} INFO - Started process (PID=71183) to work on /home/airflow/.local/lib/python3.8/site-packages/airflow/example_dags/example_kubernetes_executor.py
[2026-04-16T03:22:52.040+0000] {processor.py:830} INFO - Processing file /home/airflow/.local/lib/python3.8/site-packages/airflow/example_dags/example_kubernetes_executor.py for tasks to queue
[2026-04-16T03:22:52.042+0000] {logging_mixin.py:188} INFO - [2026-04-16T03:22:52.042+0000] {dagbag.py:538} INFO - Filling up the DagBag from /home/airflow/.local/lib/python3.8/site-packages/airflow/example_dags/example_kubernetes_executor.py
[2026-04-16T03:22:52.057+0000] {processor.py:840} INFO - DAG(s) 'example_kubernetes_executor' retrieved from /home/airflow/.local/lib/python3.8/site-packages/airflow/example_dags/example_kubernetes_executor.py
[2026-04-16T03:22:52.104+0000] {logging_mixin.py:188} INFO - [2026-04-16T03:22:52.103+0000] {dag.py:3036} INFO - Sync 1 DAGs
[2026-04-16T03:22:52.118+0000] {logging_mixin.py:188} INFO - [2026-04-16T03:22:52.117+0000] {dag.py:3823} INFO - Setting next_dagrun for example_kubernetes_executor to None, run_after=None
[2026-04-16T03:22:52.144+0000] {processor.py:183} INFO - Processing /home/airflow/.local/lib/python3.8/site-packages/airflow/example_dags/example_kubernetes_executor.py took 0.109 seconds
[2026-04-16T03:23:22.736+0000] {processor.py:161} INFO - Started process (PID=71240) to work on /home/airflow/.local/lib/python3.8/site-packages/airflow/example_dags/example_kubernetes_executor.py
[2026-04-16T03:23:22.737+0000] {processor.py:830} INFO - Processing file /home/airflow/.local/lib/python3.8/site-packages/airflow/example_dags/example_kubernetes_executor.py for tasks to queue
[2026-04-16T03:23:22.740+0000] {logging_mixin.py:188} INFO - [2026-04-16T03:23:22.740+0000] {dagbag.py:538} INFO - Filling up the DagBag from /home/airflow/.local/lib/python3.8/site-packages/airflow/example_dags/example_kubernetes_executor.py
[2026-04-16T03:23:22.756+0000] {processor.py:840} INFO - DAG(s) 'example_kubernetes_executor' retrieved from /home/airflow/.local/lib/python3.8/site-packages/airflow/example_dags/example_kubernetes_executor.py
[2026-04-16T03:23:22.800+0000] {logging_mixin.py:188} INFO - [2026-04-16T03:23:22.799+0000] {dag.py:3036} INFO - Sync 1 DAGs
[2026-04-16T03:23:22.811+0000] {logging_mixin.py:188} INFO - [2026-04-16T03:23:22.811+0000] {dag.py:3823} INFO - Setting next_dagrun for example_kubernetes_executor to None, run_after=None
[2026-04-16T03:23:22.834+0000] {processor.py:183} INFO - Processing /home/airflow/.local/lib/python3.8/site-packages/airflow/example_dags/example_kubernetes_executor.py took 0.103 seconds
[2026-04-16T03:23:53.215+0000] {processor.py:161} INFO - Started process (PID=71297) to work on /home/airflow/.local/lib/python3.8/site-packages/airflow/example_dags/example_kubernetes_executor.py
[2026-04-16T03:23:53.217+0000] {processor.py:830} INFO - Processing file /home/airflow/.local/lib/python3.8/site-packages/airflow/example_dags/example_kubernetes_executor.py for tasks to queue
[2026-04-16T03:23:53.220+0000] {logging_mixin.py:188} INFO - [2026-04-16T03:23:53.219+0000] {dagbag.py:538} INFO - Filling up the DagBag from /home/airflow/.local/lib/python3.8/site-packages/airflow/example_dags/example_kubernetes_executor.py
[2026-04-16T03:23:53.234+0000] {processor.py:840} INFO - DAG(s) 'example_kubernetes_executor' retrieved from /home/airflow/.local/lib/python3.8/site-packages/airflow/example_dags/example_kubernetes_executor.py
[2026-04-16T03:23:53.276+0000] {logging_mixin.py:188} INFO - [2026-04-16T03:23:53.276+0000] {dag.py:3036} INFO - Sync 1 DAGs
[2026-04-16T03:23:53.288+0000] {logging_mixin.py:188} INFO - [2026-04-16T03:23:53.288+0000] {dag.py:3823} INFO - Setting next_dagrun for example_kubernetes_executor to None, run_after=None
[2026-04-16T03:23:53.311+0000] {processor.py:183} INFO - Processing /home/airflow/.local/lib/python3.8/site-packages/airflow/example_dags/example_kubernetes_executor.py took 0.099 seconds
[2026-04-16T03:24:23.695+0000] {processor.py:161} INFO - Started process (PID=71354) to work on /home/airflow/.local/lib/python3.8/site-packages/airflow/example_dags/example_kubernetes_executor.py
[2026-04-16T03:24:23.696+0000] {processor.py:830} INFO - Processing file /home/airflow/.local/lib/python3.8/site-packages/airflow/example_dags/example_kubernetes_executor.py for tasks to queue
[2026-04-16T03:24:23.698+0000] {logging_mixin.py:188} INFO - [2026-04-16T03:24:23.698+0000] {dagbag.py:538} INFO - Filling up the DagBag from /home/airflow/.local/lib/python3.8/site-packages/airflow/example_dags/example_kubernetes_executor.py
[2026-04-16T03:24:23.712+0000] {processor.py:840} INFO - DAG(s) 'example_kubernetes_executor' retrieved from /home/airflow/.local/lib/python3.8/site-packages/airflow/example_dags/example_kubernetes_executor.py
[2026-04-16T03:24:23.753+0000] {logging_mixin.py:188} INFO - [2026-04-16T03:24:23.753+0000] {dag.py:3036} INFO - Sync 1 DAGs
[2026-04-16T03:24:23.766+0000] {logging_mixin.py:188} INFO - [2026-04-16T03:24:23.766+0000] {dag.py:3823} INFO - Setting next_dagrun for example_kubernetes_executor to None, run_after=None
[2026-04-16T03:24:23.791+0000] {processor.py:183} INFO - Processing /home/airflow/.local/lib/python3.8/site-packages/airflow/example_dags/example_kubernetes_executor.py took 0.100 seconds
[2026-04-16T03:24:54.121+0000] {processor.py:161} INFO - Started process (PID=71411) to work on /home/airflow/.local/lib/python3.8/site-packages/airflow/example_dags/example_kubernetes_executor.py
[2026-04-16T03:24:54.122+0000] {processor.py:830} INFO - Processing file /home/airflow/.local/lib/python3.8/site-packages/airflow/example_dags/example_kubernetes_executor.py for tasks to queue
[2026-04-16T03:24:54.124+0000] {logging_mixin.py:188} INFO - [2026-04-16T03:24:54.124+0000] {dagbag.py:538} INFO - Filling up the DagBag from /home/airflow/.local/lib/python3.8/site-packages/airflow/example_dags/example_kubernetes_executor.py
[2026-04-16T03:24:54.138+0000] {processor.py:840} INFO - DAG(s) 'example_kubernetes_executor' retrieved from /home/airflow/.local/lib/python3.8/site-packages/airflow/example_dags/example_kubernetes_executor.py
[2026-04-16T03:24:54.176+0000] {logging_mixin.py:188} INFO - [2026-04-16T03:24:54.175+0000] {dag.py:3036} INFO - Sync 1 DAGs
[2026-04-16T03:24:54.188+0000] {logging_mixin.py:188} INFO - [2026-04-16T03:24:54.188+0000] {dag.py:3823} INFO - Setting next_dagrun for example_kubernetes_executor to None, run_after=None
[2026-04-16T03:24:54.211+0000] {processor.py:183} INFO - Processing /home/airflow/.local/lib/python3.8/site-packages/airflow/example_dags/example_kubernetes_executor.py took 0.094 seconds
[2026-04-16T03:25:24.689+0000] {processor.py:161} INFO - Started process (PID=71468) to work on /home/airflow/.local/lib/python3.8/site-packages/airflow/example_dags/example_kubernetes_executor.py
[2026-04-16T03:25:24.690+0000] {processor.py:830} INFO - Processing file /home/airflow/.local/lib/python3.8/site-packages/airflow/example_dags/example_kubernetes_executor.py for tasks to queue
[2026-04-16T03:25:24.693+0000] {logging_mixin.py:188} INFO - [2026-04-16T03:25:24.693+0000] {dagbag.py:538} INFO - Filling up the DagBag from /home/airflow/.local/lib/python3.8/site-packages/airflow/example_dags/example_kubernetes_executor.py
[2026-04-16T03:25:24.710+0000] {processor.py:840} INFO - DAG(s) 'example_kubernetes_executor' retrieved from /home/airflow/.local/lib/python3.8/site-packages/airflow/example_dags/example_kubernetes_executor.py
[2026-04-16T03:25:24.752+0000] {logging_mixin.py:188} INFO - [2026-04-16T03:25:24.752+0000] {dag.py:3036} INFO - Sync 1 DAGs
[2026-04-16T03:25:24.764+0000] {logging_mixin.py:188} INFO - [2026-04-16T03:25:24.764+0000] {dag.py:3823} INFO - Setting next_dagrun for example_kubernetes_executor to None, run_after=None
[2026-04-16T03:25:24.787+0000] {processor.py:183} INFO - Processing /home/airflow/.local/lib/python3.8/site-packages/airflow/example_dags/example_kubernetes_executor.py took 0.103 seconds
[2026-04-16T03:25:55.068+0000] {processor.py:161} INFO - Started process (PID=71525) to work on /home/airflow/.local/lib/python3.8/site-packages/airflow/example_dags/example_kubernetes_executor.py
[2026-04-16T03:25:55.070+0000] {processor.py:830} INFO - Processing file /home/airflow/.local/lib/python3.8/site-packages/airflow/example_dags/example_kubernetes_executor.py for tasks to queue
[2026-04-16T03:25:55.072+0000] {logging_mixin.py:188} INFO - [2026-04-16T03:25:55.072+0000] {dagbag.py:538} INFO - Filling up the DagBag from /home/airflow/.local/lib/python3.8/site-packages/airflow/example_dags/example_kubernetes_executor.py
[2026-04-16T03:25:55.085+0000] {processor.py:840} INFO - DAG(s) 'example_kubernetes_executor' retrieved from /home/airflow/.local/lib/python3.8/site-packages/airflow/example_dags/example_kubernetes_executor.py
[2026-04-16T03:25:55.126+0000] {logging_mixin.py:188} INFO - [2026-04-16T03:25:55.126+0000] {dag.py:3036} INFO - Sync 1 DAGs
[2026-04-16T03:25:55.138+0000] {logging_mixin.py:188} INFO - [2026-04-16T03:25:55.138+0000] {dag.py:3823} INFO - Setting next_dagrun for example_kubernetes_executor to None, run_after=None
[2026-04-16T03:25:55.160+0000] {processor.py:183} INFO - Processing /home/airflow/.local/lib/python3.8/site-packages/airflow/example_dags/example_kubernetes_executor.py took 0.095 seconds
[2026-04-16T03:26:25.502+0000] {processor.py:161} INFO - Started process (PID=71582) to work on /home/airflow/.local/lib/python3.8/site-packages/airflow/example_dags/example_kubernetes_executor.py
[2026-04-16T03:26:25.504+0000] {processor.py:830} INFO - Processing file /home/airflow/.local/lib/python3.8/site-packages/airflow/example_dags/example_kubernetes_executor.py for tasks to queue
[2026-04-16T03:26:25.506+0000] {logging_mixin.py:188} INFO - [2026-04-16T03:26:25.506+0000] {dagbag.py:538} INFO - Filling up the DagBag from /home/airflow/.local/lib/python3.8/site-packages/airflow/example_dags/example_kubernetes_executor.py
[2026-04-16T03:26:25.519+0000] {processor.py:840} INFO - DAG(s) 'example_kubernetes_executor' retrieved from /home/airflow/.local/lib/python3.8/site-packages/airflow/example_dags/example_kubernetes_executor.py
[2026-04-16T03:26:25.560+0000] {logging_mixin.py:188} INFO - [2026-04-16T03:26:25.559+0000] {dag.py:3036} INFO - Sync 1 DAGs
[2026-04-16T03:26:25.574+0000] {logging_mixin.py:188} INFO - [2026-04-16T03:26:25.574+0000] {dag.py:3823} INFO - Setting next_dagrun for example_kubernetes_executor to None, run_after=None
[2026-04-16T03:26:25.596+0000] {processor.py:183} INFO - Processing /home/airflow/.local/lib/python3.8/site-packages/airflow/example_dags/example_kubernetes_executor.py took 0.097 seconds
[2026-04-16T03:26:55.726+0000] {processor.py:161} INFO - Started process (PID=71639) to work on /home/airflow/.local/lib/python3.8/site-packages/airflow/example_dags/example_kubernetes_executor.py
[2026-04-16T03:26:55.728+0000] {processor.py:830} INFO - Processing file /home/airflow/.local/lib/python3.8/site-packages/airflow/example_dags/example_kubernetes_executor.py for tasks to queue
[2026-04-16T03:26:55.730+0000] {logging_mixin.py:188} INFO - [2026-04-16T03:26:55.730+0000] {dagbag.py:538} INFO - Filling up the DagBag from /home/airflow/.local/lib/python3.8/site-packages/airflow/example_dags/example_kubernetes_executor.py
[2026-04-16T03:26:55.743+0000] {processor.py:840} INFO - DAG(s) 'example_kubernetes_executor' retrieved from /home/airflow/.local/lib/python3.8/site-packages/airflow/example_dags/example_kubernetes_executor.py
[2026-04-16T03:26:55.784+0000] {logging_mixin.py:188} INFO - [2026-04-16T03:26:55.783+0000] {dag.py:3036} INFO - Sync 1 DAGs
[2026-04-16T03:26:55.795+0000] {logging_mixin.py:188} INFO - [2026-04-16T03:26:55.795+0000] {dag.py:3823} INFO - Setting next_dagrun for example_kubernetes_executor to None, run_after=None
[2026-04-16T03:26:55.819+0000] {processor.py:183} INFO - Processing /home/airflow/.local/lib/python3.8/site-packages/airflow/example_dags/example_kubernetes_executor.py took 0.097 seconds
[2026-04-16T03:27:26.029+0000] {processor.py:161} INFO - Started process (PID=71696) to work on /home/airflow/.local/lib/python3.8/site-packages/airflow/example_dags/example_kubernetes_executor.py
[2026-04-16T03:27:26.031+0000] {processor.py:830} INFO - Processing file /home/airflow/.local/lib/python3.8/site-packages/airflow/example_dags/example_kubernetes_executor.py for tasks to queue
[2026-04-16T03:27:26.033+0000] {logging_mixin.py:188} INFO - [2026-04-16T03:27:26.033+0000] {dagbag.py:538} INFO - Filling up the DagBag from /home/airflow/.local/lib/python3.8/site-packages/airflow/example_dags/example_kubernetes_executor.py
[2026-04-16T03:27:26.048+0000] {processor.py:840} INFO - DAG(s) 'example_kubernetes_executor' retrieved from /home/airflow/.local/lib/python3.8/site-packages/airflow/example_dags/example_kubernetes_executor.py
[2026-04-16T03:27:26.087+0000] {logging_mixin.py:188} INFO - [2026-04-16T03:27:26.087+0000] {dag.py:3036} INFO - Sync 1 DAGs
[2026-04-16T03:27:26.100+0000] {logging_mixin.py:188} INFO - [2026-04-16T03:27:26.099+0000] {dag.py:3823} INFO - Setting next_dagrun for example_kubernetes_executor to None, run_after=None
[2026-04-16T03:27:26.121+0000] {processor.py:183} INFO - Processing /home/airflow/.local/lib/python3.8/site-packages/airflow/example_dags/example_kubernetes_executor.py took 0.096 seconds
[2026-04-16T03:27:56.367+0000] {processor.py:161} INFO - Started process (PID=71753) to work on /home/airflow/.local/lib/python3.8/site-packages/airflow/example_dags/example_kubernetes_executor.py
[2026-04-16T03:27:56.369+0000] {processor.py:830} INFO - Processing file /home/airflow/.local/lib/python3.8/site-packages/airflow/example_dags/example_kubernetes_executor.py for tasks to queue
[2026-04-16T03:27:56.371+0000] {logging_mixin.py:188} INFO - [2026-04-16T03:27:56.370+0000] {dagbag.py:538} INFO - Filling up the DagBag from /home/airflow/.local/lib/python3.8/site-packages/airflow/example_dags/example_kubernetes_executor.py
[2026-04-16T03:27:56.386+0000] {processor.py:840} INFO - DAG(s) 'example_kubernetes_executor' retrieved from /home/airflow/.local/lib/python3.8/site-packages/airflow/example_dags/example_kubernetes_executor.py
[2026-04-16T03:27:56.422+0000] {logging_mixin.py:188} INFO - [2026-04-16T03:27:56.422+0000] {dag.py:3036} INFO - Sync 1 DAGs
[2026-04-16T03:27:56.434+0000] {logging_mixin.py:188} INFO - [2026-04-16T03:27:56.433+0000] {dag.py:3823} INFO - Setting next_dagrun for example_kubernetes_executor to None, run_after=None
[2026-04-16T03:27:56.456+0000] {processor.py:183} INFO - Processing /home/airflow/.local/lib/python3.8/site-packages/airflow/example_dags/example_kubernetes_executor.py took 0.092 seconds
[2026-04-16T03:28:26.891+0000] {processor.py:161} INFO - Started process (PID=71810) to work on /home/airflow/.local/lib/python3.8/site-packages/airflow/example_dags/example_kubernetes_executor.py
[2026-04-16T03:28:26.892+0000] {processor.py:830} INFO - Processing file /home/airflow/.local/lib/python3.8/site-packages/airflow/example_dags/example_kubernetes_executor.py for tasks to queue
[2026-04-16T03:28:26.895+0000] {logging_mixin.py:188} INFO - [2026-04-16T03:28:26.895+0000] {dagbag.py:538} INFO - Filling up the DagBag from /home/airflow/.local/lib/python3.8/site-packages/airflow/example_dags/example_kubernetes_executor.py
[2026-04-16T03:28:26.912+0000] {processor.py:840} INFO - DAG(s) 'example_kubernetes_executor' retrieved from /home/airflow/.local/lib/python3.8/site-packages/airflow/example_dags/example_kubernetes_executor.py
[2026-04-16T03:28:26.957+0000] {logging_mixin.py:188} INFO - [2026-04-16T03:28:26.957+0000] {dag.py:3036} INFO - Sync 1 DAGs
[2026-04-16T03:28:26.975+0000] {logging_mixin.py:188} INFO - [2026-04-16T03:28:26.975+0000] {dag.py:3823} INFO - Setting next_dagrun for example_kubernetes_executor to None, run_after=None
[2026-04-16T03:28:26.998+0000] {processor.py:183} INFO - Processing /home/airflow/.local/lib/python3.8/site-packages/airflow/example_dags/example_kubernetes_executor.py took 0.112 seconds
[2026-04-16T03:28:57.373+0000] {processor.py:161} INFO - Started process (PID=71867) to work on /home/airflow/.local/lib/python3.8/site-packages/airflow/example_dags/example_kubernetes_executor.py
[2026-04-16T03:28:57.375+0000] {processor.py:830} INFO - Processing file /home/airflow/.local/lib/python3.8/site-packages/airflow/example_dags/example_kubernetes_executor.py for tasks to queue
[2026-04-16T03:28:57.378+0000] {logging_mixin.py:188} INFO - [2026-04-16T03:28:57.378+0000] {dagbag.py:538} INFO - Filling up the DagBag from /home/airflow/.local/lib/python3.8/site-packages/airflow/example_dags/example_kubernetes_executor.py
[2026-04-16T03:28:57.397+0000] {processor.py:840} INFO - DAG(s) 'example_kubernetes_executor' retrieved from /home/airflow/.local/lib/python3.8/site-packages/airflow/example_dags/example_kubernetes_executor.py
[2026-04-16T03:28:57.442+0000] {logging_mixin.py:188} INFO - [2026-04-16T03:28:57.442+0000] {dag.py:3036} INFO - Sync 1 DAGs
[2026-04-16T03:28:57.456+0000] {logging_mixin.py:188} INFO - [2026-04-16T03:28:57.455+0000] {dag.py:3823} INFO - Setting next_dagrun for example_kubernetes_executor to None, run_after=None
[2026-04-16T03:28:57.480+0000] {processor.py:183} INFO - Processing /home/airflow/.local/lib/python3.8/site-packages/airflow/example_dags/example_kubernetes_executor.py took 0.112 seconds
[2026-04-16T03:29:27.728+0000] {processor.py:161} INFO - Started process (PID=71924) to work on /home/airflow/.local/lib/python3.8/site-packages/airflow/example_dags/example_kubernetes_executor.py
[2026-04-16T03:29:27.729+0000] {processor.py:830} INFO - Processing file /home/airflow/.local/lib/python3.8/site-packages/airflow/example_dags/example_kubernetes_executor.py for tasks to queue
[2026-04-16T03:29:27.732+0000] {logging_mixin.py:188} INFO - [2026-04-16T03:29:27.731+0000] {dagbag.py:538} INFO - Filling up the DagBag from /home/airflow/.local/lib/python3.8/site-packages/airflow/example_dags/example_kubernetes_executor.py
[2026-04-16T03:29:27.745+0000] {processor.py:840} INFO - DAG(s) 'example_kubernetes_executor' retrieved from /home/airflow/.local/lib/python3.8/site-packages/airflow/example_dags/example_kubernetes_executor.py
[2026-04-16T03:29:27.784+0000] {logging_mixin.py:188} INFO - [2026-04-16T03:29:27.784+0000] {dag.py:3036} INFO - Sync 1 DAGs
[2026-04-16T03:29:27.796+0000] {logging_mixin.py:188} INFO - [2026-04-16T03:29:27.795+0000] {dag.py:3823} INFO - Setting next_dagrun for example_kubernetes_executor to None, run_after=None
[2026-04-16T03:29:27.816+0000] {processor.py:183} INFO - Processing /home/airflow/.local/lib/python3.8/site-packages/airflow/example_dags/example_kubernetes_executor.py took 0.091 seconds
[2026-04-16T03:29:58.199+0000] {processor.py:161} INFO - Started process (PID=71981) to work on /home/airflow/.local/lib/python3.8/site-packages/airflow/example_dags/example_kubernetes_executor.py
[2026-04-16T03:29:58.201+0000] {processor.py:830} INFO - Processing file /home/airflow/.local/lib/python3.8/site-packages/airflow/example_dags/example_kubernetes_executor.py for tasks to queue
[2026-04-16T03:29:58.204+0000] {logging_mixin.py:188} INFO - [2026-04-16T03:29:58.203+0000] {dagbag.py:538} INFO - Filling up the DagBag from /home/airflow/.local/lib/python3.8/site-packages/airflow/example_dags/example_kubernetes_executor.py
[2026-04-16T03:29:58.219+0000] {processor.py:840} INFO - DAG(s) 'example_kubernetes_executor' retrieved from /home/airflow/.local/lib/python3.8/site-packages/airflow/example_dags/example_kubernetes_executor.py
[2026-04-16T03:29:58.268+0000] {logging_mixin.py:188} INFO - [2026-04-16T03:29:58.267+0000] {dag.py:3036} INFO - Sync 1 DAGs
[2026-04-16T03:29:58.279+0000] {logging_mixin.py:188} INFO - [2026-04-16T03:29:58.279+0000] {dag.py:3823} INFO - Setting next_dagrun for example_kubernetes_executor to None, run_after=None
[2026-04-16T03:29:58.300+0000] {processor.py:183} INFO - Processing /home/airflow/.local/lib/python3.8/site-packages/airflow/example_dags/example_kubernetes_executor.py took 0.105 seconds
[2026-04-16T03:30:28.678+0000] {processor.py:161} INFO - Started process (PID=72038) to work on /home/airflow/.local/lib/python3.8/site-packages/airflow/example_dags/example_kubernetes_executor.py
[2026-04-16T03:30:28.680+0000] {processor.py:830} INFO - Processing file /home/airflow/.local/lib/python3.8/site-packages/airflow/example_dags/example_kubernetes_executor.py for tasks to queue
[2026-04-16T03:30:28.682+0000] {logging_mixin.py:188} INFO - [2026-04-16T03:30:28.682+0000] {dagbag.py:538} INFO - Filling up the DagBag from /home/airflow/.local/lib/python3.8/site-packages/airflow/example_dags/example_kubernetes_executor.py
[2026-04-16T03:30:28.699+0000] {processor.py:840} INFO - DAG(s) 'example_kubernetes_executor' retrieved from /home/airflow/.local/lib/python3.8/site-packages/airflow/example_dags/example_kubernetes_executor.py
[2026-04-16T03:30:28.738+0000] {logging_mixin.py:188} INFO - [2026-04-16T03:30:28.737+0000] {dag.py:3036} INFO - Sync 1 DAGs
[2026-04-16T03:30:28.750+0000] {logging_mixin.py:188} INFO - [2026-04-16T03:30:28.750+0000] {dag.py:3823} INFO - Setting next_dagrun for example_kubernetes_executor to None, run_after=None
[2026-04-16T03:30:28.773+0000] {processor.py:183} INFO - Processing /home/airflow/.local/lib/python3.8/site-packages/airflow/example_dags/example_kubernetes_executor.py took 0.098 seconds
[2026-04-16T03:30:59.103+0000] {processor.py:161} INFO - Started process (PID=72095) to work on /home/airflow/.local/lib/python3.8/site-packages/airflow/example_dags/example_kubernetes_executor.py
[2026-04-16T03:30:59.104+0000] {processor.py:830} INFO - Processing file /home/airflow/.local/lib/python3.8/site-packages/airflow/example_dags/example_kubernetes_executor.py for tasks to queue
[2026-04-16T03:30:59.106+0000] {logging_mixin.py:188} INFO - [2026-04-16T03:30:59.106+0000] {dagbag.py:538} INFO - Filling up the DagBag from /home/airflow/.local/lib/python3.8/site-packages/airflow/example_dags/example_kubernetes_executor.py
[2026-04-16T03:30:59.121+0000] {processor.py:840} INFO - DAG(s) 'example_kubernetes_executor' retrieved from /home/airflow/.local/lib/python3.8/site-packages/airflow/example_dags/example_kubernetes_executor.py
[2026-04-16T03:30:59.159+0000] {logging_mixin.py:188} INFO - [2026-04-16T03:30:59.159+0000] {dag.py:3036} INFO - Sync 1 DAGs
[2026-04-16T03:30:59.171+0000] {logging_mixin.py:188} INFO - [2026-04-16T03:30:59.170+0000] {dag.py:3823} INFO - Setting next_dagrun for example_kubernetes_executor to None, run_after=None
[2026-04-16T03:30:59.191+0000] {processor.py:183} INFO - Processing /home/airflow/.local/lib/python3.8/site-packages/airflow/example_dags/example_kubernetes_executor.py took 0.093 seconds
[2026-04-16T03:31:29.682+0000] {processor.py:161} INFO - Started process (PID=72152) to work on /home/airflow/.local/lib/python3.8/site-packages/airflow/example_dags/example_kubernetes_executor.py
[2026-04-16T03:31:29.684+0000] {processor.py:830} INFO - Processing file /home/airflow/.local/lib/python3.8/site-packages/airflow/example_dags/example_kubernetes_executor.py for tasks to queue
[2026-04-16T03:31:29.686+0000] {logging_mixin.py:188} INFO - [2026-04-16T03:31:29.686+0000] {dagbag.py:538} INFO - Filling up the DagBag from /home/airflow/.local/lib/python3.8/site-packages/airflow/example_dags/example_kubernetes_executor.py
[2026-04-16T03:31:29.701+0000] {processor.py:840} INFO - DAG(s) 'example_kubernetes_executor' retrieved from /home/airflow/.local/lib/python3.8/site-packages/airflow/example_dags/example_kubernetes_executor.py
[2026-04-16T03:31:29.740+0000] {logging_mixin.py:188} INFO - [2026-04-16T03:31:29.740+0000] {dag.py:3036} INFO - Sync 1 DAGs
[2026-04-16T03:31:29.752+0000] {logging_mixin.py:188} INFO - [2026-04-16T03:31:29.752+0000] {dag.py:3823} INFO - Setting next_dagrun for example_kubernetes_executor to None, run_after=None
[2026-04-16T03:31:29.772+0000] {processor.py:183} INFO - Processing /home/airflow/.local/lib/python3.8/site-packages/airflow/example_dags/example_kubernetes_executor.py took 0.094 seconds
[2026-04-16T03:32:00.207+0000] {processor.py:161} INFO - Started process (PID=72209) to work on /home/airflow/.local/lib/python3.8/site-packages/airflow/example_dags/example_kubernetes_executor.py
[2026-04-16T03:32:00.209+0000] {processor.py:830} INFO - Processing file /home/airflow/.local/lib/python3.8/site-packages/airflow/example_dags/example_kubernetes_executor.py for tasks to queue
[2026-04-16T03:32:00.211+0000] {logging_mixin.py:188} INFO - [2026-04-16T03:32:00.210+0000] {dagbag.py:538} INFO - Filling up the DagBag from /home/airflow/.local/lib/python3.8/site-packages/airflow/example_dags/example_kubernetes_executor.py
[2026-04-16T03:32:00.225+0000] {processor.py:840} INFO - DAG(s) 'example_kubernetes_executor' retrieved from /home/airflow/.local/lib/python3.8/site-packages/airflow/example_dags/example_kubernetes_executor.py
[2026-04-16T03:32:00.266+0000] {logging_mixin.py:188} INFO - [2026-04-16T03:32:00.266+0000] {dag.py:3036} INFO - Sync 1 DAGs
[2026-04-16T03:32:00.283+0000] {logging_mixin.py:188} INFO - [2026-04-16T03:32:00.282+0000] {dag.py:3823} INFO - Setting next_dagrun for example_kubernetes_executor to None, run_after=None
[2026-04-16T03:32:00.306+0000] {processor.py:183} INFO - Processing /home/airflow/.local/lib/python3.8/site-packages/airflow/example_dags/example_kubernetes_executor.py took 0.103 seconds
[2026-04-16T03:32:30.692+0000] {processor.py:161} INFO - Started process (PID=72266) to work on /home/airflow/.local/lib/python3.8/site-packages/airflow/example_dags/example_kubernetes_executor.py
[2026-04-16T03:32:30.693+0000] {processor.py:830} INFO - Processing file /home/airflow/.local/lib/python3.8/site-packages/airflow/example_dags/example_kubernetes_executor.py for tasks to queue
[2026-04-16T03:32:30.696+0000] {logging_mixin.py:188} INFO - [2026-04-16T03:32:30.695+0000] {dagbag.py:538} INFO - Filling up the DagBag from /home/airflow/.local/lib/python3.8/site-packages/airflow/example_dags/example_kubernetes_executor.py
[2026-04-16T03:32:30.710+0000] {processor.py:840} INFO - DAG(s) 'example_kubernetes_executor' retrieved from /home/airflow/.local/lib/python3.8/site-packages/airflow/example_dags/example_kubernetes_executor.py
[2026-04-16T03:32:30.752+0000] {logging_mixin.py:188} INFO - [2026-04-16T03:32:30.752+0000] {dag.py:3036} INFO - Sync 1 DAGs
[2026-04-16T03:32:30.765+0000] {logging_mixin.py:188} INFO - [2026-04-16T03:32:30.765+0000] {dag.py:3823} INFO - Setting next_dagrun for example_kubernetes_executor to None, run_after=None
[2026-04-16T03:32:30.790+0000] {processor.py:183} INFO - Processing /home/airflow/.local/lib/python3.8/site-packages/airflow/example_dags/example_kubernetes_executor.py took 0.102 seconds
[2026-04-16T03:33:01.110+0000] {processor.py:161} INFO - Started process (PID=72323) to work on /home/airflow/.local/lib/python3.8/site-packages/airflow/example_dags/example_kubernetes_executor.py
[2026-04-16T03:33:01.112+0000] {processor.py:830} INFO - Processing file /home/airflow/.local/lib/python3.8/site-packages/airflow/example_dags/example_kubernetes_executor.py for tasks to queue
[2026-04-16T03:33:01.114+0000] {logging_mixin.py:188} INFO - [2026-04-16T03:33:01.114+0000] {dagbag.py:538} INFO - Filling up the DagBag from /home/airflow/.local/lib/python3.8/site-packages/airflow/example_dags/example_kubernetes_executor.py
[2026-04-16T03:33:01.128+0000] {processor.py:840} INFO - DAG(s) 'example_kubernetes_executor' retrieved from /home/airflow/.local/lib/python3.8/site-packages/airflow/example_dags/example_kubernetes_executor.py
[2026-04-16T03:33:01.167+0000] {logging_mixin.py:188} INFO - [2026-04-16T03:33:01.167+0000] {dag.py:3036} INFO - Sync 1 DAGs
[2026-04-16T03:33:01.178+0000] {logging_mixin.py:188} INFO - [2026-04-16T03:33:01.178+0000] {dag.py:3823} INFO - Setting next_dagrun for example_kubernetes_executor to None, run_after=None
[2026-04-16T03:33:01.200+0000] {processor.py:183} INFO - Processing /home/airflow/.local/lib/python3.8/site-packages/airflow/example_dags/example_kubernetes_executor.py took 0.095 seconds
[2026-04-16T03:33:31.737+0000] {processor.py:161} INFO - Started process (PID=72380) to work on /home/airflow/.local/lib/python3.8/site-packages/airflow/example_dags/example_kubernetes_executor.py
[2026-04-16T03:33:31.739+0000] {processor.py:830} INFO - Processing file /home/airflow/.local/lib/python3.8/site-packages/airflow/example_dags/example_kubernetes_executor.py for tasks to queue
[2026-04-16T03:33:31.741+0000] {logging_mixin.py:188} INFO - [2026-04-16T03:33:31.741+0000] {dagbag.py:538} INFO - Filling up the DagBag from /home/airflow/.local/lib/python3.8/site-packages/airflow/example_dags/example_kubernetes_executor.py
[2026-04-16T03:33:31.756+0000] {processor.py:840} INFO - DAG(s) 'example_kubernetes_executor' retrieved from /home/airflow/.local/lib/python3.8/site-packages/airflow/example_dags/example_kubernetes_executor.py
[2026-04-16T03:33:31.796+0000] {logging_mixin.py:188} INFO - [2026-04-16T03:33:31.795+0000] {dag.py:3036} INFO - Sync 1 DAGs
[2026-04-16T03:33:31.808+0000] {logging_mixin.py:188} INFO - [2026-04-16T03:33:31.808+0000] {dag.py:3823} INFO - Setting next_dagrun for example_kubernetes_executor to None, run_after=None
[2026-04-16T03:33:31.831+0000] {processor.py:183} INFO - Processing /home/airflow/.local/lib/python3.8/site-packages/airflow/example_dags/example_kubernetes_executor.py took 0.097 seconds
[2026-04-16T03:34:02.042+0000] {processor.py:161} INFO - Started process (PID=72437) to work on /home/airflow/.local/lib/python3.8/site-packages/airflow/example_dags/example_kubernetes_executor.py
[2026-04-16T03:34:02.043+0000] {processor.py:830} INFO - Processing file /home/airflow/.local/lib/python3.8/site-packages/airflow/example_dags/example_kubernetes_executor.py for tasks to queue
[2026-04-16T03:34:02.045+0000] {logging_mixin.py:188} INFO - [2026-04-16T03:34:02.045+0000] {dagbag.py:538} INFO - Filling up the DagBag from /home/airflow/.local/lib/python3.8/site-packages/airflow/example_dags/example_kubernetes_executor.py
[2026-04-16T03:34:02.059+0000] {processor.py:840} INFO - DAG(s) 'example_kubernetes_executor' retrieved from /home/airflow/.local/lib/python3.8/site-packages/airflow/example_dags/example_kubernetes_executor.py
[2026-04-16T03:34:02.096+0000] {logging_mixin.py:188} INFO - [2026-04-16T03:34:02.095+0000] {dag.py:3036} INFO - Sync 1 DAGs
[2026-04-16T03:34:02.107+0000] {logging_mixin.py:188} INFO - [2026-04-16T03:34:02.107+0000] {dag.py:3823} INFO - Setting next_dagrun for example_kubernetes_executor to None, run_after=None
[2026-04-16T03:34:02.128+0000] {processor.py:183} INFO - Processing /home/airflow/.local/lib/python3.8/site-packages/airflow/example_dags/example_kubernetes_executor.py took 0.090 seconds
[2026-04-16T03:34:32.728+0000] {processor.py:161} INFO - Started process (PID=72494) to work on /home/airflow/.local/lib/python3.8/site-packages/airflow/example_dags/example_kubernetes_executor.py
[2026-04-16T03:34:32.729+0000] {processor.py:830} INFO - Processing file /home/airflow/.local/lib/python3.8/site-packages/airflow/example_dags/example_kubernetes_executor.py for tasks to queue
[2026-04-16T03:34:32.731+0000] {logging_mixin.py:188} INFO - [2026-04-16T03:34:32.731+0000] {dagbag.py:538} INFO - Filling up the DagBag from /home/airflow/.local/lib/python3.8/site-packages/airflow/example_dags/example_kubernetes_executor.py
[2026-04-16T03:34:32.745+0000] {processor.py:840} INFO - DAG(s) 'example_kubernetes_executor' retrieved from /home/airflow/.local/lib/python3.8/site-packages/airflow/example_dags/example_kubernetes_executor.py
[2026-04-16T03:34:32.783+0000] {logging_mixin.py:188} INFO - [2026-04-16T03:34:32.782+0000] {dag.py:3036} INFO - Sync 1 DAGs
[2026-04-16T03:34:32.794+0000] {logging_mixin.py:188} INFO - [2026-04-16T03:34:32.794+0000] {dag.py:3823} INFO - Setting next_dagrun for example_kubernetes_executor to None, run_after=None
[2026-04-16T03:34:32.813+0000] {processor.py:183} INFO - Processing /home/airflow/.local/lib/python3.8/site-packages/airflow/example_dags/example_kubernetes_executor.py took 0.090 seconds
[2026-04-16T03:35:02.959+0000] {processor.py:161} INFO - Started process (PID=72551) to work on /home/airflow/.local/lib/python3.8/site-packages/airflow/example_dags/example_kubernetes_executor.py
[2026-04-16T03:35:02.960+0000] {processor.py:830} INFO - Processing file /home/airflow/.local/lib/python3.8/site-packages/airflow/example_dags/example_kubernetes_executor.py for tasks to queue
[2026-04-16T03:35:02.962+0000] {logging_mixin.py:188} INFO - [2026-04-16T03:35:02.962+0000] {dagbag.py:538} INFO - Filling up the DagBag from /home/airflow/.local/lib/python3.8/site-packages/airflow/example_dags/example_kubernetes_executor.py
[2026-04-16T03:35:02.976+0000] {processor.py:840} INFO - DAG(s) 'example_kubernetes_executor' retrieved from /home/airflow/.local/lib/python3.8/site-packages/airflow/example_dags/example_kubernetes_executor.py
[2026-04-16T03:35:03.017+0000] {logging_mixin.py:188} INFO - [2026-04-16T03:35:03.017+0000] {dag.py:3036} INFO - Sync 1 DAGs
[2026-04-16T03:35:03.029+0000] {logging_mixin.py:188} INFO - [2026-04-16T03:35:03.029+0000] {dag.py:3823} INFO - Setting next_dagrun for example_kubernetes_executor to None, run_after=None
[2026-04-16T03:35:03.052+0000] {processor.py:183} INFO - Processing /home/airflow/.local/lib/python3.8/site-packages/airflow/example_dags/example_kubernetes_executor.py took 0.097 seconds
[2026-04-16T03:35:33.482+0000] {processor.py:161} INFO - Started process (PID=72608) to work on /home/airflow/.local/lib/python3.8/site-packages/airflow/example_dags/example_kubernetes_executor.py
[2026-04-16T03:35:33.484+0000] {processor.py:830} INFO - Processing file /home/airflow/.local/lib/python3.8/site-packages/airflow/example_dags/example_kubernetes_executor.py for tasks to queue
[2026-04-16T03:35:33.487+0000] {logging_mixin.py:188} INFO - [2026-04-16T03:35:33.486+0000] {dagbag.py:538} INFO - Filling up the DagBag from /home/airflow/.local/lib/python3.8/site-packages/airflow/example_dags/example_kubernetes_executor.py
[2026-04-16T03:35:33.505+0000] {processor.py:840} INFO - DAG(s) 'example_kubernetes_executor' retrieved from /home/airflow/.local/lib/python3.8/site-packages/airflow/example_dags/example_kubernetes_executor.py
[2026-04-16T03:35:33.552+0000] {logging_mixin.py:188} INFO - [2026-04-16T03:35:33.551+0000] {dag.py:3036} INFO - Sync 1 DAGs
[2026-04-16T03:35:33.566+0000] {logging_mixin.py:188} INFO - [2026-04-16T03:35:33.566+0000] {dag.py:3823} INFO - Setting next_dagrun for example_kubernetes_executor to None, run_after=None
[2026-04-16T03:35:33.589+0000] {processor.py:183} INFO - Processing /home/airflow/.local/lib/python3.8/site-packages/airflow/example_dags/example_kubernetes_executor.py took 0.111 seconds
[2026-04-16T03:36:03.704+0000] {processor.py:161} INFO - Started process (PID=72665) to work on /home/airflow/.local/lib/python3.8/site-packages/airflow/example_dags/example_kubernetes_executor.py
[2026-04-16T03:36:03.706+0000] {processor.py:830} INFO - Processing file /home/airflow/.local/lib/python3.8/site-packages/airflow/example_dags/example_kubernetes_executor.py for tasks to queue
[2026-04-16T03:36:03.709+0000] {logging_mixin.py:188} INFO - [2026-04-16T03:36:03.708+0000] {dagbag.py:538} INFO - Filling up the DagBag from /home/airflow/.local/lib/python3.8/site-packages/airflow/example_dags/example_kubernetes_executor.py
[2026-04-16T03:36:03.727+0000] {processor.py:840} INFO - DAG(s) 'example_kubernetes_executor' retrieved from /home/airflow/.local/lib/python3.8/site-packages/airflow/example_dags/example_kubernetes_executor.py
[2026-04-16T03:36:03.770+0000] {logging_mixin.py:188} INFO - [2026-04-16T03:36:03.770+0000] {dag.py:3036} INFO - Sync 1 DAGs
[2026-04-16T03:36:03.783+0000] {logging_mixin.py:188} INFO - [2026-04-16T03:36:03.782+0000] {dag.py:3823} INFO - Setting next_dagrun for example_kubernetes_executor to None, run_after=None
[2026-04-16T03:36:03.804+0000] {processor.py:183} INFO - Processing /home/airflow/.local/lib/python3.8/site-packages/airflow/example_dags/example_kubernetes_executor.py took 0.104 seconds
[2026-04-16T03:36:34.214+0000] {processor.py:161} INFO - Started process (PID=72722) to work on /home/airflow/.local/lib/python3.8/site-packages/airflow/example_dags/example_kubernetes_executor.py
[2026-04-16T03:36:34.215+0000] {processor.py:830} INFO - Processing file /home/airflow/.local/lib/python3.8/site-packages/airflow/example_dags/example_kubernetes_executor.py for tasks to queue
[2026-04-16T03:36:34.217+0000] {logging_mixin.py:188} INFO - [2026-04-16T03:36:34.217+0000] {dagbag.py:538} INFO - Filling up the DagBag from /home/airflow/.local/lib/python3.8/site-packages/airflow/example_dags/example_kubernetes_executor.py
[2026-04-16T03:36:34.230+0000] {processor.py:840} INFO - DAG(s) 'example_kubernetes_executor' retrieved from /home/airflow/.local/lib/python3.8/site-packages/airflow/example_dags/example_kubernetes_executor.py
[2026-04-16T03:36:34.268+0000] {logging_mixin.py:188} INFO - [2026-04-16T03:36:34.268+0000] {dag.py:3036} INFO - Sync 1 DAGs
[2026-04-16T03:36:34.280+0000] {logging_mixin.py:188} INFO - [2026-04-16T03:36:34.280+0000] {dag.py:3823} INFO - Setting next_dagrun for example_kubernetes_executor to None, run_after=None
[2026-04-16T03:36:34.303+0000] {processor.py:183} INFO - Processing /home/airflow/.local/lib/python3.8/site-packages/airflow/example_dags/example_kubernetes_executor.py took 0.093 seconds
[2026-04-16T03:37:04.581+0000] {processor.py:161} INFO - Started process (PID=72779) to work on /home/airflow/.local/lib/python3.8/site-packages/airflow/example_dags/example_kubernetes_executor.py
[2026-04-16T03:37:04.583+0000] {processor.py:830} INFO - Processing file /home/airflow/.local/lib/python3.8/site-packages/airflow/example_dags/example_kubernetes_executor.py for tasks to queue
[2026-04-16T03:37:04.586+0000] {logging_mixin.py:188} INFO - [2026-04-16T03:37:04.586+0000] {dagbag.py:538} INFO - Filling up the DagBag from /home/airflow/.local/lib/python3.8/site-packages/airflow/example_dags/example_kubernetes_executor.py
[2026-04-16T03:37:04.602+0000] {processor.py:840} INFO - DAG(s) 'example_kubernetes_executor' retrieved from /home/airflow/.local/lib/python3.8/site-packages/airflow/example_dags/example_kubernetes_executor.py
[2026-04-16T03:37:04.644+0000] {logging_mixin.py:188} INFO - [2026-04-16T03:37:04.644+0000] {dag.py:3036} INFO - Sync 1 DAGs
[2026-04-16T03:37:04.656+0000] {logging_mixin.py:188} INFO - [2026-04-16T03:37:04.656+0000] {dag.py:3823} INFO - Setting next_dagrun for example_kubernetes_executor to None, run_after=None
[2026-04-16T03:37:04.681+0000] {processor.py:183} INFO - Processing /home/airflow/.local/lib/python3.8/site-packages/airflow/example_dags/example_kubernetes_executor.py took 0.103 seconds
[2026-04-16T03:37:35.263+0000] {processor.py:161} INFO - Started process (PID=72836) to work on /home/airflow/.local/lib/python3.8/site-packages/airflow/example_dags/example_kubernetes_executor.py
[2026-04-16T03:37:35.265+0000] {processor.py:830} INFO - Processing file /home/airflow/.local/lib/python3.8/site-packages/airflow/example_dags/example_kubernetes_executor.py for tasks to queue
[2026-04-16T03:37:35.267+0000] {logging_mixin.py:188} INFO - [2026-04-16T03:37:35.266+0000] {dagbag.py:538} INFO - Filling up the DagBag from /home/airflow/.local/lib/python3.8/site-packages/airflow/example_dags/example_kubernetes_executor.py
[2026-04-16T03:37:35.280+0000] {processor.py:840} INFO - DAG(s) 'example_kubernetes_executor' retrieved from /home/airflow/.local/lib/python3.8/site-packages/airflow/example_dags/example_kubernetes_executor.py
[2026-04-16T03:37:35.318+0000] {logging_mixin.py:188} INFO - [2026-04-16T03:37:35.317+0000] {dag.py:3036} INFO - Sync 1 DAGs
[2026-04-16T03:37:35.330+0000] {logging_mixin.py:188} INFO - [2026-04-16T03:37:35.329+0000] {dag.py:3823} INFO - Setting next_dagrun for example_kubernetes_executor to None, run_after=None
[2026-04-16T03:37:35.351+0000] {processor.py:183} INFO - Processing /home/airflow/.local/lib/python3.8/site-packages/airflow/example_dags/example_kubernetes_executor.py took 0.092 seconds
[2026-04-16T03:38:05.608+0000] {processor.py:161} INFO - Started process (PID=72893) to work on /home/airflow/.local/lib/python3.8/site-packages/airflow/example_dags/example_kubernetes_executor.py
[2026-04-16T03:38:05.609+0000] {processor.py:830} INFO - Processing file /home/airflow/.local/lib/python3.8/site-packages/airflow/example_dags/example_kubernetes_executor.py for tasks to queue
[2026-04-16T03:38:05.612+0000] {logging_mixin.py:188} INFO - [2026-04-16T03:38:05.612+0000] {dagbag.py:538} INFO - Filling up the DagBag from /home/airflow/.local/lib/python3.8/site-packages/airflow/example_dags/example_kubernetes_executor.py
[2026-04-16T03:38:05.632+0000] {processor.py:840} INFO - DAG(s) 'example_kubernetes_executor' retrieved from /home/airflow/.local/lib/python3.8/site-packages/airflow/example_dags/example_kubernetes_executor.py
[2026-04-16T03:38:05.683+0000] {logging_mixin.py:188} INFO - [2026-04-16T03:38:05.683+0000] {dag.py:3036} INFO - Sync 1 DAGs
[2026-04-16T03:38:05.700+0000] {logging_mixin.py:188} INFO - [2026-04-16T03:38:05.699+0000] {dag.py:3823} INFO - Setting next_dagrun for example_kubernetes_executor to None, run_after=None
[2026-04-16T03:38:05.726+0000] {processor.py:183} INFO - Processing /home/airflow/.local/lib/python3.8/site-packages/airflow/example_dags/example_kubernetes_executor.py took 0.123 seconds
[2026-04-16T03:38:35.886+0000] {processor.py:161} INFO - Started process (PID=72950) to work on /home/airflow/.local/lib/python3.8/site-packages/airflow/example_dags/example_kubernetes_executor.py
[2026-04-16T03:38:35.888+0000] {processor.py:830} INFO - Processing file /home/airflow/.local/lib/python3.8/site-packages/airflow/example_dags/example_kubernetes_executor.py for tasks to queue
[2026-04-16T03:38:35.891+0000] {logging_mixin.py:188} INFO - [2026-04-16T03:38:35.891+0000] {dagbag.py:538} INFO - Filling up the DagBag from /home/airflow/.local/lib/python3.8/site-packages/airflow/example_dags/example_kubernetes_executor.py
[2026-04-16T03:38:35.906+0000] {processor.py:840} INFO - DAG(s) 'example_kubernetes_executor' retrieved from /home/airflow/.local/lib/python3.8/site-packages/airflow/example_dags/example_kubernetes_executor.py
[2026-04-16T03:38:35.947+0000] {logging_mixin.py:188} INFO - [2026-04-16T03:38:35.947+0000] {dag.py:3036} INFO - Sync 1 DAGs
[2026-04-16T03:38:35.960+0000] {logging_mixin.py:188} INFO - [2026-04-16T03:38:35.959+0000] {dag.py:3823} INFO - Setting next_dagrun for example_kubernetes_executor to None, run_after=None
[2026-04-16T03:38:35.980+0000] {processor.py:183} INFO - Processing /home/airflow/.local/lib/python3.8/site-packages/airflow/example_dags/example_kubernetes_executor.py took 0.098 seconds
[2026-04-16T03:39:06.390+0000] {processor.py:161} INFO - Started process (PID=73007) to work on /home/airflow/.local/lib/python3.8/site-packages/airflow/example_dags/example_kubernetes_executor.py
[2026-04-16T03:39:06.391+0000] {processor.py:830} INFO - Processing file /home/airflow/.local/lib/python3.8/site-packages/airflow/example_dags/example_kubernetes_executor.py for tasks to queue
[2026-04-16T03:39:06.393+0000] {logging_mixin.py:188} INFO - [2026-04-16T03:39:06.393+0000] {dagbag.py:538} INFO - Filling up the DagBag from /home/airflow/.local/lib/python3.8/site-packages/airflow/example_dags/example_kubernetes_executor.py
[2026-04-16T03:39:06.406+0000] {processor.py:840} INFO - DAG(s) 'example_kubernetes_executor' retrieved from /home/airflow/.local/lib/python3.8/site-packages/airflow/example_dags/example_kubernetes_executor.py
[2026-04-16T03:39:06.452+0000] {logging_mixin.py:188} INFO - [2026-04-16T03:39:06.451+0000] {dag.py:3036} INFO - Sync 1 DAGs
[2026-04-16T03:39:06.463+0000] {logging_mixin.py:188} INFO - [2026-04-16T03:39:06.463+0000] {dag.py:3823} INFO - Setting next_dagrun for example_kubernetes_executor to None, run_after=None
[2026-04-16T03:39:06.485+0000] {processor.py:183} INFO - Processing /home/airflow/.local/lib/python3.8/site-packages/airflow/example_dags/example_kubernetes_executor.py took 0.099 seconds
[2026-04-16T03:39:36.857+0000] {processor.py:161} INFO - Started process (PID=73064) to work on /home/airflow/.local/lib/python3.8/site-packages/airflow/example_dags/example_kubernetes_executor.py
[2026-04-16T03:39:36.858+0000] {processor.py:830} INFO - Processing file /home/airflow/.local/lib/python3.8/site-packages/airflow/example_dags/example_kubernetes_executor.py for tasks to queue
[2026-04-16T03:39:36.860+0000] {logging_mixin.py:188} INFO - [2026-04-16T03:39:36.860+0000] {dagbag.py:538} INFO - Filling up the DagBag from /home/airflow/.local/lib/python3.8/site-packages/airflow/example_dags/example_kubernetes_executor.py
[2026-04-16T03:39:36.872+0000] {processor.py:840} INFO - DAG(s) 'example_kubernetes_executor' retrieved from /home/airflow/.local/lib/python3.8/site-packages/airflow/example_dags/example_kubernetes_executor.py
[2026-04-16T03:39:36.914+0000] {logging_mixin.py:188} INFO - [2026-04-16T03:39:36.914+0000] {dag.py:3036} INFO - Sync 1 DAGs
[2026-04-16T03:39:36.926+0000] {logging_mixin.py:188} INFO - [2026-04-16T03:39:36.926+0000] {dag.py:3823} INFO - Setting next_dagrun for example_kubernetes_executor to None, run_after=None
[2026-04-16T03:39:36.948+0000] {processor.py:183} INFO - Processing /home/airflow/.local/lib/python3.8/site-packages/airflow/example_dags/example_kubernetes_executor.py took 0.095 seconds
[2026-04-16T03:40:07.595+0000] {processor.py:161} INFO - Started process (PID=73121) to work on /home/airflow/.local/lib/python3.8/site-packages/airflow/example_dags/example_kubernetes_executor.py
[2026-04-16T03:40:07.596+0000] {processor.py:830} INFO - Processing file /home/airflow/.local/lib/python3.8/site-packages/airflow/example_dags/example_kubernetes_executor.py for tasks to queue
[2026-04-16T03:40:07.599+0000] {logging_mixin.py:188} INFO - [2026-04-16T03:40:07.598+0000] {dagbag.py:538} INFO - Filling up the DagBag from /home/airflow/.local/lib/python3.8/site-packages/airflow/example_dags/example_kubernetes_executor.py
[2026-04-16T03:40:07.612+0000] {processor.py:840} INFO - DAG(s) 'example_kubernetes_executor' retrieved from /home/airflow/.local/lib/python3.8/site-packages/airflow/example_dags/example_kubernetes_executor.py
[2026-04-16T03:40:07.650+0000] {logging_mixin.py:188} INFO - [2026-04-16T03:40:07.649+0000] {dag.py:3036} INFO - Sync 1 DAGs
[2026-04-16T03:40:07.662+0000] {logging_mixin.py:188} INFO - [2026-04-16T03:40:07.662+0000] {dag.py:3823} INFO - Setting next_dagrun for example_kubernetes_executor to None, run_after=None
[2026-04-16T03:40:07.685+0000] {processor.py:183} INFO - Processing /home/airflow/.local/lib/python3.8/site-packages/airflow/example_dags/example_kubernetes_executor.py took 0.093 seconds
[2026-04-16T03:40:37.818+0000] {processor.py:161} INFO - Started process (PID=73178) to work on /home/airflow/.local/lib/python3.8/site-packages/airflow/example_dags/example_kubernetes_executor.py
[2026-04-16T03:40:37.820+0000] {processor.py:830} INFO - Processing file /home/airflow/.local/lib/python3.8/site-packages/airflow/example_dags/example_kubernetes_executor.py for tasks to queue
[2026-04-16T03:40:37.823+0000] {logging_mixin.py:188} INFO - [2026-04-16T03:40:37.822+0000] {dagbag.py:538} INFO - Filling up the DagBag from /home/airflow/.local/lib/python3.8/site-packages/airflow/example_dags/example_kubernetes_executor.py
[2026-04-16T03:40:37.837+0000] {processor.py:840} INFO - DAG(s) 'example_kubernetes_executor' retrieved from /home/airflow/.local/lib/python3.8/site-packages/airflow/example_dags/example_kubernetes_executor.py
[2026-04-16T03:40:37.874+0000] {logging_mixin.py:188} INFO - [2026-04-16T03:40:37.873+0000] {dag.py:3036} INFO - Sync 1 DAGs
[2026-04-16T03:40:37.886+0000] {logging_mixin.py:188} INFO - [2026-04-16T03:40:37.885+0000] {dag.py:3823} INFO - Setting next_dagrun for example_kubernetes_executor to None, run_after=None
[2026-04-16T03:40:37.910+0000] {processor.py:183} INFO - Processing /home/airflow/.local/lib/python3.8/site-packages/airflow/example_dags/example_kubernetes_executor.py took 0.096 seconds
[2026-04-16T03:41:08.445+0000] {processor.py:161} INFO - Started process (PID=73235) to work on /home/airflow/.local/lib/python3.8/site-packages/airflow/example_dags/example_kubernetes_executor.py
[2026-04-16T03:41:08.446+0000] {processor.py:830} INFO - Processing file /home/airflow/.local/lib/python3.8/site-packages/airflow/example_dags/example_kubernetes_executor.py for tasks to queue
[2026-04-16T03:41:08.449+0000] {logging_mixin.py:188} INFO - [2026-04-16T03:41:08.448+0000] {dagbag.py:538} INFO - Filling up the DagBag from /home/airflow/.local/lib/python3.8/site-packages/airflow/example_dags/example_kubernetes_executor.py
[2026-04-16T03:41:08.462+0000] {processor.py:840} INFO - DAG(s) 'example_kubernetes_executor' retrieved from /home/airflow/.local/lib/python3.8/site-packages/airflow/example_dags/example_kubernetes_executor.py
[2026-04-16T03:41:08.499+0000] {logging_mixin.py:188} INFO - [2026-04-16T03:41:08.498+0000] {dag.py:3036} INFO - Sync 1 DAGs
[2026-04-16T03:41:08.510+0000] {logging_mixin.py:188} INFO - [2026-04-16T03:41:08.510+0000] {dag.py:3823} INFO - Setting next_dagrun for example_kubernetes_executor to None, run_after=None
[2026-04-16T03:41:08.533+0000] {processor.py:183} INFO - Processing /home/airflow/.local/lib/python3.8/site-packages/airflow/example_dags/example_kubernetes_executor.py took 0.092 seconds
[2026-04-16T03:41:38.962+0000] {processor.py:161} INFO - Started process (PID=73292) to work on /home/airflow/.local/lib/python3.8/site-packages/airflow/example_dags/example_kubernetes_executor.py
[2026-04-16T03:41:38.964+0000] {processor.py:830} INFO - Processing file /home/airflow/.local/lib/python3.8/site-packages/airflow/example_dags/example_kubernetes_executor.py for tasks to queue
[2026-04-16T03:41:38.966+0000] {logging_mixin.py:188} INFO - [2026-04-16T03:41:38.966+0000] {dagbag.py:538} INFO - Filling up the DagBag from /home/airflow/.local/lib/python3.8/site-packages/airflow/example_dags/example_kubernetes_executor.py
[2026-04-16T03:41:38.981+0000] {processor.py:840} INFO - DAG(s) 'example_kubernetes_executor' retrieved from /home/airflow/.local/lib/python3.8/site-packages/airflow/example_dags/example_kubernetes_executor.py
[2026-04-16T03:41:39.020+0000] {logging_mixin.py:188} INFO - [2026-04-16T03:41:39.019+0000] {dag.py:3036} INFO - Sync 1 DAGs
[2026-04-16T03:41:39.032+0000] {logging_mixin.py:188} INFO - [2026-04-16T03:41:39.032+0000] {dag.py:3823} INFO - Setting next_dagrun for example_kubernetes_executor to None, run_after=None
[2026-04-16T03:41:39.056+0000] {processor.py:183} INFO - Processing /home/airflow/.local/lib/python3.8/site-packages/airflow/example_dags/example_kubernetes_executor.py took 0.097 seconds
[2026-04-16T03:42:09.535+0000] {processor.py:161} INFO - Started process (PID=73349) to work on /home/airflow/.local/lib/python3.8/site-packages/airflow/example_dags/example_kubernetes_executor.py
[2026-04-16T03:42:09.536+0000] {processor.py:830} INFO - Processing file /home/airflow/.local/lib/python3.8/site-packages/airflow/example_dags/example_kubernetes_executor.py for tasks to queue
[2026-04-16T03:42:09.539+0000] {logging_mixin.py:188} INFO - [2026-04-16T03:42:09.538+0000] {dagbag.py:538} INFO - Filling up the DagBag from /home/airflow/.local/lib/python3.8/site-packages/airflow/example_dags/example_kubernetes_executor.py
[2026-04-16T03:42:09.557+0000] {processor.py:840} INFO - DAG(s) 'example_kubernetes_executor' retrieved from /home/airflow/.local/lib/python3.8/site-packages/airflow/example_dags/example_kubernetes_executor.py
[2026-04-16T03:42:09.594+0000] {logging_mixin.py:188} INFO - [2026-04-16T03:42:09.594+0000] {dag.py:3036} INFO - Sync 1 DAGs
[2026-04-16T03:42:09.606+0000] {logging_mixin.py:188} INFO - [2026-04-16T03:42:09.605+0000] {dag.py:3823} INFO - Setting next_dagrun for example_kubernetes_executor to None, run_after=None
[2026-04-16T03:42:09.626+0000] {processor.py:183} INFO - Processing /home/airflow/.local/lib/python3.8/site-packages/airflow/example_dags/example_kubernetes_executor.py took 0.096 seconds
[2026-04-16T03:42:40.315+0000] {processor.py:161} INFO - Started process (PID=73406) to work on /home/airflow/.local/lib/python3.8/site-packages/airflow/example_dags/example_kubernetes_executor.py
[2026-04-16T03:42:40.316+0000] {processor.py:830} INFO - Processing file /home/airflow/.local/lib/python3.8/site-packages/airflow/example_dags/example_kubernetes_executor.py for tasks to queue
[2026-04-16T03:42:40.319+0000] {logging_mixin.py:188} INFO - [2026-04-16T03:42:40.318+0000] {dagbag.py:538} INFO - Filling up the DagBag from /home/airflow/.local/lib/python3.8/site-packages/airflow/example_dags/example_kubernetes_executor.py
[2026-04-16T03:42:40.340+0000] {processor.py:840} INFO - DAG(s) 'example_kubernetes_executor' retrieved from /home/airflow/.local/lib/python3.8/site-packages/airflow/example_dags/example_kubernetes_executor.py
[2026-04-16T03:42:40.388+0000] {logging_mixin.py:188} INFO - [2026-04-16T03:42:40.387+0000] {dag.py:3036} INFO - Sync 1 DAGs
[2026-04-16T03:42:40.399+0000] {logging_mixin.py:188} INFO - [2026-04-16T03:42:40.399+0000] {dag.py:3823} INFO - Setting next_dagrun for example_kubernetes_executor to None, run_after=None
[2026-04-16T03:42:40.418+0000] {processor.py:183} INFO - Processing /home/airflow/.local/lib/python3.8/site-packages/airflow/example_dags/example_kubernetes_executor.py took 0.108 seconds
[2026-04-16T03:43:10.577+0000] {processor.py:161} INFO - Started process (PID=73463) to work on /home/airflow/.local/lib/python3.8/site-packages/airflow/example_dags/example_kubernetes_executor.py
[2026-04-16T03:43:10.578+0000] {processor.py:830} INFO - Processing file /home/airflow/.local/lib/python3.8/site-packages/airflow/example_dags/example_kubernetes_executor.py for tasks to queue
[2026-04-16T03:43:10.581+0000] {logging_mixin.py:188} INFO - [2026-04-16T03:43:10.580+0000] {dagbag.py:538} INFO - Filling up the DagBag from /home/airflow/.local/lib/python3.8/site-packages/airflow/example_dags/example_kubernetes_executor.py
[2026-04-16T03:43:10.596+0000] {processor.py:840} INFO - DAG(s) 'example_kubernetes_executor' retrieved from /home/airflow/.local/lib/python3.8/site-packages/airflow/example_dags/example_kubernetes_executor.py
[2026-04-16T03:43:10.641+0000] {logging_mixin.py:188} INFO - [2026-04-16T03:43:10.641+0000] {dag.py:3036} INFO - Sync 1 DAGs
[2026-04-16T03:43:10.654+0000] {logging_mixin.py:188} INFO - [2026-04-16T03:43:10.654+0000] {dag.py:3823} INFO - Setting next_dagrun for example_kubernetes_executor to None, run_after=None
[2026-04-16T03:43:10.676+0000] {processor.py:183} INFO - Processing /home/airflow/.local/lib/python3.8/site-packages/airflow/example_dags/example_kubernetes_executor.py took 0.103 seconds
[2026-04-16T03:43:40.994+0000] {processor.py:161} INFO - Started process (PID=73520) to work on /home/airflow/.local/lib/python3.8/site-packages/airflow/example_dags/example_kubernetes_executor.py
[2026-04-16T03:43:40.995+0000] {processor.py:830} INFO - Processing file /home/airflow/.local/lib/python3.8/site-packages/airflow/example_dags/example_kubernetes_executor.py for tasks to queue
[2026-04-16T03:43:40.998+0000] {logging_mixin.py:188} INFO - [2026-04-16T03:43:40.997+0000] {dagbag.py:538} INFO - Filling up the DagBag from /home/airflow/.local/lib/python3.8/site-packages/airflow/example_dags/example_kubernetes_executor.py
[2026-04-16T03:43:41.011+0000] {processor.py:840} INFO - DAG(s) 'example_kubernetes_executor' retrieved from /home/airflow/.local/lib/python3.8/site-packages/airflow/example_dags/example_kubernetes_executor.py
[2026-04-16T03:43:41.055+0000] {logging_mixin.py:188} INFO - [2026-04-16T03:43:41.055+0000] {dag.py:3036} INFO - Sync 1 DAGs
[2026-04-16T03:43:41.067+0000] {logging_mixin.py:188} INFO - [2026-04-16T03:43:41.067+0000] {dag.py:3823} INFO - Setting next_dagrun for example_kubernetes_executor to None, run_after=None
[2026-04-16T03:43:41.089+0000] {processor.py:183} INFO - Processing /home/airflow/.local/lib/python3.8/site-packages/airflow/example_dags/example_kubernetes_executor.py took 0.099 seconds
[2026-04-16T03:44:11.588+0000] {processor.py:161} INFO - Started process (PID=73577) to work on /home/airflow/.local/lib/python3.8/site-packages/airflow/example_dags/example_kubernetes_executor.py
[2026-04-16T03:44:11.590+0000] {processor.py:830} INFO - Processing file /home/airflow/.local/lib/python3.8/site-packages/airflow/example_dags/example_kubernetes_executor.py for tasks to queue
[2026-04-16T03:44:11.593+0000] {logging_mixin.py:188} INFO - [2026-04-16T03:44:11.592+0000] {dagbag.py:538} INFO - Filling up the DagBag from /home/airflow/.local/lib/python3.8/site-packages/airflow/example_dags/example_kubernetes_executor.py
[2026-04-16T03:44:11.608+0000] {processor.py:840} INFO - DAG(s) 'example_kubernetes_executor' retrieved from /home/airflow/.local/lib/python3.8/site-packages/airflow/example_dags/example_kubernetes_executor.py
[2026-04-16T03:44:11.647+0000] {logging_mixin.py:188} INFO - [2026-04-16T03:44:11.646+0000] {dag.py:3036} INFO - Sync 1 DAGs
[2026-04-16T03:44:11.658+0000] {logging_mixin.py:188} INFO - [2026-04-16T03:44:11.658+0000] {dag.py:3823} INFO - Setting next_dagrun for example_kubernetes_executor to None, run_after=None
[2026-04-16T03:44:11.680+0000] {processor.py:183} INFO - Processing /home/airflow/.local/lib/python3.8/site-packages/airflow/example_dags/example_kubernetes_executor.py took 0.095 seconds
[2026-04-16T03:44:42.198+0000] {processor.py:161} INFO - Started process (PID=73634) to work on /home/airflow/.local/lib/python3.8/site-packages/airflow/example_dags/example_kubernetes_executor.py
[2026-04-16T03:44:42.199+0000] {processor.py:830} INFO - Processing file /home/airflow/.local/lib/python3.8/site-packages/airflow/example_dags/example_kubernetes_executor.py for tasks to queue
[2026-04-16T03:44:42.201+0000] {logging_mixin.py:188} INFO - [2026-04-16T03:44:42.201+0000] {dagbag.py:538} INFO - Filling up the DagBag from /home/airflow/.local/lib/python3.8/site-packages/airflow/example_dags/example_kubernetes_executor.py
[2026-04-16T03:44:42.214+0000] {processor.py:840} INFO - DAG(s) 'example_kubernetes_executor' retrieved from /home/airflow/.local/lib/python3.8/site-packages/airflow/example_dags/example_kubernetes_executor.py
[2026-04-16T03:44:42.259+0000] {logging_mixin.py:188} INFO - [2026-04-16T03:44:42.258+0000] {dag.py:3036} INFO - Sync 1 DAGs
[2026-04-16T03:44:42.274+0000] {logging_mixin.py:188} INFO - [2026-04-16T03:44:42.273+0000] {dag.py:3823} INFO - Setting next_dagrun for example_kubernetes_executor to None, run_after=None
[2026-04-16T03:44:42.299+0000] {processor.py:183} INFO - Processing /home/airflow/.local/lib/python3.8/site-packages/airflow/example_dags/example_kubernetes_executor.py took 0.105 seconds
[2026-04-16T03:45:12.467+0000] {processor.py:161} INFO - Started process (PID=73691) to work on /home/airflow/.local/lib/python3.8/site-packages/airflow/example_dags/example_kubernetes_executor.py
[2026-04-16T03:45:12.469+0000] {processor.py:830} INFO - Processing file /home/airflow/.local/lib/python3.8/site-packages/airflow/example_dags/example_kubernetes_executor.py for tasks to queue
[2026-04-16T03:45:12.471+0000] {logging_mixin.py:188} INFO - [2026-04-16T03:45:12.471+0000] {dagbag.py:538} INFO - Filling up the DagBag from /home/airflow/.local/lib/python3.8/site-packages/airflow/example_dags/example_kubernetes_executor.py
[2026-04-16T03:45:12.486+0000] {processor.py:840} INFO - DAG(s) 'example_kubernetes_executor' retrieved from /home/airflow/.local/lib/python3.8/site-packages/airflow/example_dags/example_kubernetes_executor.py
[2026-04-16T03:45:12.530+0000] {logging_mixin.py:188} INFO - [2026-04-16T03:45:12.530+0000] {dag.py:3036} INFO - Sync 1 DAGs
[2026-04-16T03:45:12.545+0000] {logging_mixin.py:188} INFO - [2026-04-16T03:45:12.544+0000] {dag.py:3823} INFO - Setting next_dagrun for example_kubernetes_executor to None, run_after=None
[2026-04-16T03:45:12.567+0000] {processor.py:183} INFO - Processing /home/airflow/.local/lib/python3.8/site-packages/airflow/example_dags/example_kubernetes_executor.py took 0.104 seconds
[2026-04-16T03:45:42.875+0000] {processor.py:161} INFO - Started process (PID=73748) to work on /home/airflow/.local/lib/python3.8/site-packages/airflow/example_dags/example_kubernetes_executor.py
[2026-04-16T03:45:42.876+0000] {processor.py:830} INFO - Processing file /home/airflow/.local/lib/python3.8/site-packages/airflow/example_dags/example_kubernetes_executor.py for tasks to queue
[2026-04-16T03:45:42.878+0000] {logging_mixin.py:188} INFO - [2026-04-16T03:45:42.878+0000] {dagbag.py:538} INFO - Filling up the DagBag from /home/airflow/.local/lib/python3.8/site-packages/airflow/example_dags/example_kubernetes_executor.py
[2026-04-16T03:45:42.894+0000] {processor.py:840} INFO - DAG(s) 'example_kubernetes_executor' retrieved from /home/airflow/.local/lib/python3.8/site-packages/airflow/example_dags/example_kubernetes_executor.py
[2026-04-16T03:45:42.938+0000] {logging_mixin.py:188} INFO - [2026-04-16T03:45:42.938+0000] {dag.py:3036} INFO - Sync 1 DAGs
[2026-04-16T03:45:42.954+0000] {logging_mixin.py:188} INFO - [2026-04-16T03:45:42.954+0000] {dag.py:3823} INFO - Setting next_dagrun for example_kubernetes_executor to None, run_after=None
[2026-04-16T03:45:42.977+0000] {processor.py:183} INFO - Processing /home/airflow/.local/lib/python3.8/site-packages/airflow/example_dags/example_kubernetes_executor.py took 0.106 seconds
[2026-04-16T03:46:13.325+0000] {processor.py:161} INFO - Started process (PID=73805) to work on /home/airflow/.local/lib/python3.8/site-packages/airflow/example_dags/example_kubernetes_executor.py
[2026-04-16T03:46:13.326+0000] {processor.py:830} INFO - Processing file /home/airflow/.local/lib/python3.8/site-packages/airflow/example_dags/example_kubernetes_executor.py for tasks to queue
[2026-04-16T03:46:13.328+0000] {logging_mixin.py:188} INFO - [2026-04-16T03:46:13.328+0000] {dagbag.py:538} INFO - Filling up the DagBag from /home/airflow/.local/lib/python3.8/site-packages/airflow/example_dags/example_kubernetes_executor.py
[2026-04-16T03:46:13.341+0000] {processor.py:840} INFO - DAG(s) 'example_kubernetes_executor' retrieved from /home/airflow/.local/lib/python3.8/site-packages/airflow/example_dags/example_kubernetes_executor.py
[2026-04-16T03:46:13.383+0000] {logging_mixin.py:188} INFO - [2026-04-16T03:46:13.383+0000] {dag.py:3036} INFO - Sync 1 DAGs
[2026-04-16T03:46:13.395+0000] {logging_mixin.py:188} INFO - [2026-04-16T03:46:13.394+0000] {dag.py:3823} INFO - Setting next_dagrun for example_kubernetes_executor to None, run_after=None
[2026-04-16T03:46:13.417+0000] {processor.py:183} INFO - Processing /home/airflow/.local/lib/python3.8/site-packages/airflow/example_dags/example_kubernetes_executor.py took 0.096 seconds
[2026-04-16T03:46:43.772+0000] {processor.py:161} INFO - Started process (PID=73862) to work on /home/airflow/.local/lib/python3.8/site-packages/airflow/example_dags/example_kubernetes_executor.py
[2026-04-16T03:46:43.774+0000] {processor.py:830} INFO - Processing file /home/airflow/.local/lib/python3.8/site-packages/airflow/example_dags/example_kubernetes_executor.py for tasks to queue
[2026-04-16T03:46:43.776+0000] {logging_mixin.py:188} INFO - [2026-04-16T03:46:43.776+0000] {dagbag.py:538} INFO - Filling up the DagBag from /home/airflow/.local/lib/python3.8/site-packages/airflow/example_dags/example_kubernetes_executor.py
[2026-04-16T03:46:43.790+0000] {processor.py:840} INFO - DAG(s) 'example_kubernetes_executor' retrieved from /home/airflow/.local/lib/python3.8/site-packages/airflow/example_dags/example_kubernetes_executor.py
[2026-04-16T03:46:43.830+0000] {logging_mixin.py:188} INFO - [2026-04-16T03:46:43.830+0000] {dag.py:3036} INFO - Sync 1 DAGs
[2026-04-16T03:46:43.842+0000] {logging_mixin.py:188} INFO - [2026-04-16T03:46:43.842+0000] {dag.py:3823} INFO - Setting next_dagrun for example_kubernetes_executor to None, run_after=None
[2026-04-16T03:46:43.866+0000] {processor.py:183} INFO - Processing /home/airflow/.local/lib/python3.8/site-packages/airflow/example_dags/example_kubernetes_executor.py took 0.098 seconds
[2026-04-16T03:47:14.268+0000] {processor.py:161} INFO - Started process (PID=73919) to work on /home/airflow/.local/lib/python3.8/site-packages/airflow/example_dags/example_kubernetes_executor.py
[2026-04-16T03:47:14.269+0000] {processor.py:830} INFO - Processing file /home/airflow/.local/lib/python3.8/site-packages/airflow/example_dags/example_kubernetes_executor.py for tasks to queue
[2026-04-16T03:47:14.271+0000] {logging_mixin.py:188} INFO - [2026-04-16T03:47:14.271+0000] {dagbag.py:538} INFO - Filling up the DagBag from /home/airflow/.local/lib/python3.8/site-packages/airflow/example_dags/example_kubernetes_executor.py
[2026-04-16T03:47:14.283+0000] {processor.py:840} INFO - DAG(s) 'example_kubernetes_executor' retrieved from /home/airflow/.local/lib/python3.8/site-packages/airflow/example_dags/example_kubernetes_executor.py
[2026-04-16T03:47:14.322+0000] {logging_mixin.py:188} INFO - [2026-04-16T03:47:14.322+0000] {dag.py:3036} INFO - Sync 1 DAGs
[2026-04-16T03:47:14.335+0000] {logging_mixin.py:188} INFO - [2026-04-16T03:47:14.335+0000] {dag.py:3823} INFO - Setting next_dagrun for example_kubernetes_executor to None, run_after=None
[2026-04-16T03:47:14.357+0000] {processor.py:183} INFO - Processing /home/airflow/.local/lib/python3.8/site-packages/airflow/example_dags/example_kubernetes_executor.py took 0.093 seconds
[2026-04-16T03:47:44.480+0000] {processor.py:161} INFO - Started process (PID=73976) to work on /home/airflow/.local/lib/python3.8/site-packages/airflow/example_dags/example_kubernetes_executor.py
[2026-04-16T03:47:44.481+0000] {processor.py:830} INFO - Processing file /home/airflow/.local/lib/python3.8/site-packages/airflow/example_dags/example_kubernetes_executor.py for tasks to queue
[2026-04-16T03:47:44.484+0000] {logging_mixin.py:188} INFO - [2026-04-16T03:47:44.483+0000] {dagbag.py:538} INFO - Filling up the DagBag from /home/airflow/.local/lib/python3.8/site-packages/airflow/example_dags/example_kubernetes_executor.py
[2026-04-16T03:47:44.499+0000] {processor.py:840} INFO - DAG(s) 'example_kubernetes_executor' retrieved from /home/airflow/.local/lib/python3.8/site-packages/airflow/example_dags/example_kubernetes_executor.py
[2026-04-16T03:47:44.544+0000] {logging_mixin.py:188} INFO - [2026-04-16T03:47:44.544+0000] {dag.py:3036} INFO - Sync 1 DAGs
[2026-04-16T03:47:44.556+0000] {logging_mixin.py:188} INFO - [2026-04-16T03:47:44.556+0000] {dag.py:3823} INFO - Setting next_dagrun for example_kubernetes_executor to None, run_after=None
[2026-04-16T03:47:44.578+0000] {processor.py:183} INFO - Processing /home/airflow/.local/lib/python3.8/site-packages/airflow/example_dags/example_kubernetes_executor.py took 0.103 seconds
[2026-04-16T03:48:15.068+0000] {processor.py:161} INFO - Started process (PID=74033) to work on /home/airflow/.local/lib/python3.8/site-packages/airflow/example_dags/example_kubernetes_executor.py
[2026-04-16T03:48:15.070+0000] {processor.py:830} INFO - Processing file /home/airflow/.local/lib/python3.8/site-packages/airflow/example_dags/example_kubernetes_executor.py for tasks to queue
[2026-04-16T03:48:15.072+0000] {logging_mixin.py:188} INFO - [2026-04-16T03:48:15.072+0000] {dagbag.py:538} INFO - Filling up the DagBag from /home/airflow/.local/lib/python3.8/site-packages/airflow/example_dags/example_kubernetes_executor.py
[2026-04-16T03:48:15.085+0000] {processor.py:840} INFO - DAG(s) 'example_kubernetes_executor' retrieved from /home/airflow/.local/lib/python3.8/site-packages/airflow/example_dags/example_kubernetes_executor.py
[2026-04-16T03:48:15.126+0000] {logging_mixin.py:188} INFO - [2026-04-16T03:48:15.126+0000] {dag.py:3036} INFO - Sync 1 DAGs
[2026-04-16T03:48:15.137+0000] {logging_mixin.py:188} INFO - [2026-04-16T03:48:15.137+0000] {dag.py:3823} INFO - Setting next_dagrun for example_kubernetes_executor to None, run_after=None
[2026-04-16T03:48:15.158+0000] {processor.py:183} INFO - Processing /home/airflow/.local/lib/python3.8/site-packages/airflow/example_dags/example_kubernetes_executor.py took 0.094 seconds
[2026-04-16T03:48:45.614+0000] {processor.py:161} INFO - Started process (PID=74090) to work on /home/airflow/.local/lib/python3.8/site-packages/airflow/example_dags/example_kubernetes_executor.py
[2026-04-16T03:48:45.615+0000] {processor.py:830} INFO - Processing file /home/airflow/.local/lib/python3.8/site-packages/airflow/example_dags/example_kubernetes_executor.py for tasks to queue
[2026-04-16T03:48:45.618+0000] {logging_mixin.py:188} INFO - [2026-04-16T03:48:45.617+0000] {dagbag.py:538} INFO - Filling up the DagBag from /home/airflow/.local/lib/python3.8/site-packages/airflow/example_dags/example_kubernetes_executor.py
[2026-04-16T03:48:45.633+0000] {processor.py:840} INFO - DAG(s) 'example_kubernetes_executor' retrieved from /home/airflow/.local/lib/python3.8/site-packages/airflow/example_dags/example_kubernetes_executor.py
[2026-04-16T03:48:45.674+0000] {logging_mixin.py:188} INFO - [2026-04-16T03:48:45.674+0000] {dag.py:3036} INFO - Sync 1 DAGs
[2026-04-16T03:48:45.686+0000] {logging_mixin.py:188} INFO - [2026-04-16T03:48:45.685+0000] {dag.py:3823} INFO - Setting next_dagrun for example_kubernetes_executor to None, run_after=None
[2026-04-16T03:48:45.709+0000] {processor.py:183} INFO - Processing /home/airflow/.local/lib/python3.8/site-packages/airflow/example_dags/example_kubernetes_executor.py took 0.099 seconds
[2026-04-16T03:49:16.135+0000] {processor.py:161} INFO - Started process (PID=74147) to work on /home/airflow/.local/lib/python3.8/site-packages/airflow/example_dags/example_kubernetes_executor.py
[2026-04-16T03:49:16.136+0000] {processor.py:830} INFO - Processing file /home/airflow/.local/lib/python3.8/site-packages/airflow/example_dags/example_kubernetes_executor.py for tasks to queue
[2026-04-16T03:49:16.139+0000] {logging_mixin.py:188} INFO - [2026-04-16T03:49:16.138+0000] {dagbag.py:538} INFO - Filling up the DagBag from /home/airflow/.local/lib/python3.8/site-packages/airflow/example_dags/example_kubernetes_executor.py
[2026-04-16T03:49:16.153+0000] {processor.py:840} INFO - DAG(s) 'example_kubernetes_executor' retrieved from /home/airflow/.local/lib/python3.8/site-packages/airflow/example_dags/example_kubernetes_executor.py
[2026-04-16T03:49:16.196+0000] {logging_mixin.py:188} INFO - [2026-04-16T03:49:16.196+0000] {dag.py:3036} INFO - Sync 1 DAGs
[2026-04-16T03:49:16.208+0000] {logging_mixin.py:188} INFO - [2026-04-16T03:49:16.207+0000] {dag.py:3823} INFO - Setting next_dagrun for example_kubernetes_executor to None, run_after=None
[2026-04-16T03:49:16.228+0000] {processor.py:183} INFO - Processing /home/airflow/.local/lib/python3.8/site-packages/airflow/example_dags/example_kubernetes_executor.py took 0.097 seconds
[2026-04-16T03:49:46.565+0000] {processor.py:161} INFO - Started process (PID=74204) to work on /home/airflow/.local/lib/python3.8/site-packages/airflow/example_dags/example_kubernetes_executor.py
[2026-04-16T03:49:46.566+0000] {processor.py:830} INFO - Processing file /home/airflow/.local/lib/python3.8/site-packages/airflow/example_dags/example_kubernetes_executor.py for tasks to queue
[2026-04-16T03:49:46.569+0000] {logging_mixin.py:188} INFO - [2026-04-16T03:49:46.568+0000] {dagbag.py:538} INFO - Filling up the DagBag from /home/airflow/.local/lib/python3.8/site-packages/airflow/example_dags/example_kubernetes_executor.py
[2026-04-16T03:49:46.582+0000] {processor.py:840} INFO - DAG(s) 'example_kubernetes_executor' retrieved from /home/airflow/.local/lib/python3.8/site-packages/airflow/example_dags/example_kubernetes_executor.py
[2026-04-16T03:49:46.625+0000] {logging_mixin.py:188} INFO - [2026-04-16T03:49:46.625+0000] {dag.py:3036} INFO - Sync 1 DAGs
[2026-04-16T03:49:46.638+0000] {logging_mixin.py:188} INFO - [2026-04-16T03:49:46.637+0000] {dag.py:3823} INFO - Setting next_dagrun for example_kubernetes_executor to None, run_after=None
[2026-04-16T03:49:46.661+0000] {processor.py:183} INFO - Processing /home/airflow/.local/lib/python3.8/site-packages/airflow/example_dags/example_kubernetes_executor.py took 0.100 seconds
[2026-04-16T03:50:17.033+0000] {processor.py:161} INFO - Started process (PID=74267) to work on /home/airflow/.local/lib/python3.8/site-packages/airflow/example_dags/example_kubernetes_executor.py
[2026-04-16T03:50:17.035+0000] {processor.py:830} INFO - Processing file /home/airflow/.local/lib/python3.8/site-packages/airflow/example_dags/example_kubernetes_executor.py for tasks to queue
[2026-04-16T03:50:17.037+0000] {logging_mixin.py:188} INFO - [2026-04-16T03:50:17.036+0000] {dagbag.py:538} INFO - Filling up the DagBag from /home/airflow/.local/lib/python3.8/site-packages/airflow/example_dags/example_kubernetes_executor.py
[2026-04-16T03:50:17.053+0000] {processor.py:840} INFO - DAG(s) 'example_kubernetes_executor' retrieved from /home/airflow/.local/lib/python3.8/site-packages/airflow/example_dags/example_kubernetes_executor.py
[2026-04-16T03:50:17.101+0000] {logging_mixin.py:188} INFO - [2026-04-16T03:50:17.101+0000] {dag.py:3036} INFO - Sync 1 DAGs
[2026-04-16T03:50:17.113+0000] {logging_mixin.py:188} INFO - [2026-04-16T03:50:17.113+0000] {dag.py:3823} INFO - Setting next_dagrun for example_kubernetes_executor to None, run_after=None
[2026-04-16T03:50:17.132+0000] {processor.py:183} INFO - Processing /home/airflow/.local/lib/python3.8/site-packages/airflow/example_dags/example_kubernetes_executor.py took 0.102 seconds
[2026-04-16T03:50:47.432+0000] {processor.py:161} INFO - Started process (PID=74324) to work on /home/airflow/.local/lib/python3.8/site-packages/airflow/example_dags/example_kubernetes_executor.py
[2026-04-16T03:50:47.433+0000] {processor.py:830} INFO - Processing file /home/airflow/.local/lib/python3.8/site-packages/airflow/example_dags/example_kubernetes_executor.py for tasks to queue
[2026-04-16T03:50:47.436+0000] {logging_mixin.py:188} INFO - [2026-04-16T03:50:47.436+0000] {dagbag.py:538} INFO - Filling up the DagBag from /home/airflow/.local/lib/python3.8/site-packages/airflow/example_dags/example_kubernetes_executor.py
[2026-04-16T03:50:47.451+0000] {processor.py:840} INFO - DAG(s) 'example_kubernetes_executor' retrieved from /home/airflow/.local/lib/python3.8/site-packages/airflow/example_dags/example_kubernetes_executor.py
[2026-04-16T03:50:47.493+0000] {logging_mixin.py:188} INFO - [2026-04-16T03:50:47.492+0000] {dag.py:3036} INFO - Sync 1 DAGs
[2026-04-16T03:50:47.505+0000] {logging_mixin.py:188} INFO - [2026-04-16T03:50:47.505+0000] {dag.py:3823} INFO - Setting next_dagrun for example_kubernetes_executor to None, run_after=None
[2026-04-16T03:50:47.525+0000] {processor.py:183} INFO - Processing /home/airflow/.local/lib/python3.8/site-packages/airflow/example_dags/example_kubernetes_executor.py took 0.097 seconds
[2026-04-16T03:51:17.963+0000] {processor.py:161} INFO - Started process (PID=74381) to work on /home/airflow/.local/lib/python3.8/site-packages/airflow/example_dags/example_kubernetes_executor.py
[2026-04-16T03:51:17.965+0000] {processor.py:830} INFO - Processing file /home/airflow/.local/lib/python3.8/site-packages/airflow/example_dags/example_kubernetes_executor.py for tasks to queue
[2026-04-16T03:51:17.967+0000] {logging_mixin.py:188} INFO - [2026-04-16T03:51:17.967+0000] {dagbag.py:538} INFO - Filling up the DagBag from /home/airflow/.local/lib/python3.8/site-packages/airflow/example_dags/example_kubernetes_executor.py
[2026-04-16T03:51:17.980+0000] {processor.py:840} INFO - DAG(s) 'example_kubernetes_executor' retrieved from /home/airflow/.local/lib/python3.8/site-packages/airflow/example_dags/example_kubernetes_executor.py
[2026-04-16T03:51:18.022+0000] {logging_mixin.py:188} INFO - [2026-04-16T03:51:18.022+0000] {dag.py:3036} INFO - Sync 1 DAGs
[2026-04-16T03:51:18.033+0000] {logging_mixin.py:188} INFO - [2026-04-16T03:51:18.033+0000] {dag.py:3823} INFO - Setting next_dagrun for example_kubernetes_executor to None, run_after=None
[2026-04-16T03:51:18.058+0000] {processor.py:183} INFO - Processing /home/airflow/.local/lib/python3.8/site-packages/airflow/example_dags/example_kubernetes_executor.py took 0.098 seconds
[2026-04-16T03:51:48.395+0000] {processor.py:161} INFO - Started process (PID=74438) to work on /home/airflow/.local/lib/python3.8/site-packages/airflow/example_dags/example_kubernetes_executor.py
[2026-04-16T03:51:48.396+0000] {processor.py:830} INFO - Processing file /home/airflow/.local/lib/python3.8/site-packages/airflow/example_dags/example_kubernetes_executor.py for tasks to queue
[2026-04-16T03:51:48.399+0000] {logging_mixin.py:188} INFO - [2026-04-16T03:51:48.399+0000] {dagbag.py:538} INFO - Filling up the DagBag from /home/airflow/.local/lib/python3.8/site-packages/airflow/example_dags/example_kubernetes_executor.py
[2026-04-16T03:51:48.414+0000] {processor.py:840} INFO - DAG(s) 'example_kubernetes_executor' retrieved from /home/airflow/.local/lib/python3.8/site-packages/airflow/example_dags/example_kubernetes_executor.py
[2026-04-16T03:51:48.460+0000] {logging_mixin.py:188} INFO - [2026-04-16T03:51:48.459+0000] {dag.py:3036} INFO - Sync 1 DAGs
[2026-04-16T03:51:48.471+0000] {logging_mixin.py:188} INFO - [2026-04-16T03:51:48.471+0000] {dag.py:3823} INFO - Setting next_dagrun for example_kubernetes_executor to None, run_after=None
[2026-04-16T03:51:48.492+0000] {processor.py:183} INFO - Processing /home/airflow/.local/lib/python3.8/site-packages/airflow/example_dags/example_kubernetes_executor.py took 0.101 seconds
[2026-04-16T03:52:19.024+0000] {processor.py:161} INFO - Started process (PID=74495) to work on /home/airflow/.local/lib/python3.8/site-packages/airflow/example_dags/example_kubernetes_executor.py
[2026-04-16T03:52:19.026+0000] {processor.py:830} INFO - Processing file /home/airflow/.local/lib/python3.8/site-packages/airflow/example_dags/example_kubernetes_executor.py for tasks to queue
[2026-04-16T03:52:19.028+0000] {logging_mixin.py:188} INFO - [2026-04-16T03:52:19.028+0000] {dagbag.py:538} INFO - Filling up the DagBag from /home/airflow/.local/lib/python3.8/site-packages/airflow/example_dags/example_kubernetes_executor.py
[2026-04-16T03:52:19.043+0000] {processor.py:840} INFO - DAG(s) 'example_kubernetes_executor' retrieved from /home/airflow/.local/lib/python3.8/site-packages/airflow/example_dags/example_kubernetes_executor.py
[2026-04-16T03:52:19.085+0000] {logging_mixin.py:188} INFO - [2026-04-16T03:52:19.085+0000] {dag.py:3036} INFO - Sync 1 DAGs
[2026-04-16T03:52:19.097+0000] {logging_mixin.py:188} INFO - [2026-04-16T03:52:19.097+0000] {dag.py:3823} INFO - Setting next_dagrun for example_kubernetes_executor to None, run_after=None
[2026-04-16T03:52:19.118+0000] {processor.py:183} INFO - Processing /home/airflow/.local/lib/python3.8/site-packages/airflow/example_dags/example_kubernetes_executor.py took 0.099 seconds
[2026-04-16T03:52:49.283+0000] {processor.py:161} INFO - Started process (PID=74552) to work on /home/airflow/.local/lib/python3.8/site-packages/airflow/example_dags/example_kubernetes_executor.py
[2026-04-16T03:52:49.284+0000] {processor.py:830} INFO - Processing file /home/airflow/.local/lib/python3.8/site-packages/airflow/example_dags/example_kubernetes_executor.py for tasks to queue
[2026-04-16T03:52:49.286+0000] {logging_mixin.py:188} INFO - [2026-04-16T03:52:49.286+0000] {dagbag.py:538} INFO - Filling up the DagBag from /home/airflow/.local/lib/python3.8/site-packages/airflow/example_dags/example_kubernetes_executor.py
[2026-04-16T03:52:49.300+0000] {processor.py:840} INFO - DAG(s) 'example_kubernetes_executor' retrieved from /home/airflow/.local/lib/python3.8/site-packages/airflow/example_dags/example_kubernetes_executor.py
[2026-04-16T03:52:49.343+0000] {logging_mixin.py:188} INFO - [2026-04-16T03:52:49.343+0000] {dag.py:3036} INFO - Sync 1 DAGs
[2026-04-16T03:52:49.355+0000] {logging_mixin.py:188} INFO - [2026-04-16T03:52:49.355+0000] {dag.py:3823} INFO - Setting next_dagrun for example_kubernetes_executor to None, run_after=None
[2026-04-16T03:52:49.378+0000] {processor.py:183} INFO - Processing /home/airflow/.local/lib/python3.8/site-packages/airflow/example_dags/example_kubernetes_executor.py took 0.099 seconds
[2026-04-16T03:53:19.592+0000] {processor.py:161} INFO - Started process (PID=74609) to work on /home/airflow/.local/lib/python3.8/site-packages/airflow/example_dags/example_kubernetes_executor.py
[2026-04-16T03:53:19.594+0000] {processor.py:830} INFO - Processing file /home/airflow/.local/lib/python3.8/site-packages/airflow/example_dags/example_kubernetes_executor.py for tasks to queue
[2026-04-16T03:53:19.596+0000] {logging_mixin.py:188} INFO - [2026-04-16T03:53:19.596+0000] {dagbag.py:538} INFO - Filling up the DagBag from /home/airflow/.local/lib/python3.8/site-packages/airflow/example_dags/example_kubernetes_executor.py
[2026-04-16T03:53:19.610+0000] {processor.py:840} INFO - DAG(s) 'example_kubernetes_executor' retrieved from /home/airflow/.local/lib/python3.8/site-packages/airflow/example_dags/example_kubernetes_executor.py
[2026-04-16T03:53:19.651+0000] {logging_mixin.py:188} INFO - [2026-04-16T03:53:19.650+0000] {dag.py:3036} INFO - Sync 1 DAGs
[2026-04-16T03:53:19.662+0000] {logging_mixin.py:188} INFO - [2026-04-16T03:53:19.661+0000] {dag.py:3823} INFO - Setting next_dagrun for example_kubernetes_executor to None, run_after=None
[2026-04-16T03:53:19.683+0000] {processor.py:183} INFO - Processing /home/airflow/.local/lib/python3.8/site-packages/airflow/example_dags/example_kubernetes_executor.py took 0.095 seconds
[2026-04-16T03:53:49.984+0000] {processor.py:161} INFO - Started process (PID=74666) to work on /home/airflow/.local/lib/python3.8/site-packages/airflow/example_dags/example_kubernetes_executor.py
[2026-04-16T03:53:49.986+0000] {processor.py:830} INFO - Processing file /home/airflow/.local/lib/python3.8/site-packages/airflow/example_dags/example_kubernetes_executor.py for tasks to queue
[2026-04-16T03:53:49.988+0000] {logging_mixin.py:188} INFO - [2026-04-16T03:53:49.988+0000] {dagbag.py:538} INFO - Filling up the DagBag from /home/airflow/.local/lib/python3.8/site-packages/airflow/example_dags/example_kubernetes_executor.py
[2026-04-16T03:53:50.002+0000] {processor.py:840} INFO - DAG(s) 'example_kubernetes_executor' retrieved from /home/airflow/.local/lib/python3.8/site-packages/airflow/example_dags/example_kubernetes_executor.py
[2026-04-16T03:53:50.040+0000] {logging_mixin.py:188} INFO - [2026-04-16T03:53:50.039+0000] {dag.py:3036} INFO - Sync 1 DAGs
[2026-04-16T03:53:50.052+0000] {logging_mixin.py:188} INFO - [2026-04-16T03:53:50.051+0000] {dag.py:3823} INFO - Setting next_dagrun for example_kubernetes_executor to None, run_after=None
[2026-04-16T03:53:50.074+0000] {processor.py:183} INFO - Processing /home/airflow/.local/lib/python3.8/site-packages/airflow/example_dags/example_kubernetes_executor.py took 0.094 seconds
[2026-04-16T03:54:20.536+0000] {processor.py:161} INFO - Started process (PID=74723) to work on /home/airflow/.local/lib/python3.8/site-packages/airflow/example_dags/example_kubernetes_executor.py
[2026-04-16T03:54:20.537+0000] {processor.py:830} INFO - Processing file /home/airflow/.local/lib/python3.8/site-packages/airflow/example_dags/example_kubernetes_executor.py for tasks to queue
[2026-04-16T03:54:20.540+0000] {logging_mixin.py:188} INFO - [2026-04-16T03:54:20.539+0000] {dagbag.py:538} INFO - Filling up the DagBag from /home/airflow/.local/lib/python3.8/site-packages/airflow/example_dags/example_kubernetes_executor.py
[2026-04-16T03:54:20.554+0000] {processor.py:840} INFO - DAG(s) 'example_kubernetes_executor' retrieved from /home/airflow/.local/lib/python3.8/site-packages/airflow/example_dags/example_kubernetes_executor.py
[2026-04-16T03:54:20.594+0000] {logging_mixin.py:188} INFO - [2026-04-16T03:54:20.594+0000] {dag.py:3036} INFO - Sync 1 DAGs
[2026-04-16T03:54:20.606+0000] {logging_mixin.py:188} INFO - [2026-04-16T03:54:20.606+0000] {dag.py:3823} INFO - Setting next_dagrun for example_kubernetes_executor to None, run_after=None
[2026-04-16T03:54:20.629+0000] {processor.py:183} INFO - Processing /home/airflow/.local/lib/python3.8/site-packages/airflow/example_dags/example_kubernetes_executor.py took 0.097 seconds
[2026-04-16T03:54:50.957+0000] {processor.py:161} INFO - Started process (PID=74780) to work on /home/airflow/.local/lib/python3.8/site-packages/airflow/example_dags/example_kubernetes_executor.py
[2026-04-16T03:54:50.958+0000] {processor.py:830} INFO - Processing file /home/airflow/.local/lib/python3.8/site-packages/airflow/example_dags/example_kubernetes_executor.py for tasks to queue
[2026-04-16T03:54:50.961+0000] {logging_mixin.py:188} INFO - [2026-04-16T03:54:50.960+0000] {dagbag.py:538} INFO - Filling up the DagBag from /home/airflow/.local/lib/python3.8/site-packages/airflow/example_dags/example_kubernetes_executor.py
[2026-04-16T03:54:50.975+0000] {processor.py:840} INFO - DAG(s) 'example_kubernetes_executor' retrieved from /home/airflow/.local/lib/python3.8/site-packages/airflow/example_dags/example_kubernetes_executor.py
[2026-04-16T03:54:51.014+0000] {logging_mixin.py:188} INFO - [2026-04-16T03:54:51.014+0000] {dag.py:3036} INFO - Sync 1 DAGs
[2026-04-16T03:54:51.027+0000] {logging_mixin.py:188} INFO - [2026-04-16T03:54:51.027+0000] {dag.py:3823} INFO - Setting next_dagrun for example_kubernetes_executor to None, run_after=None
[2026-04-16T03:54:51.048+0000] {processor.py:183} INFO - Processing /home/airflow/.local/lib/python3.8/site-packages/airflow/example_dags/example_kubernetes_executor.py took 0.096 seconds
[2026-04-16T03:55:21.412+0000] {processor.py:161} INFO - Started process (PID=74837) to work on /home/airflow/.local/lib/python3.8/site-packages/airflow/example_dags/example_kubernetes_executor.py
[2026-04-16T03:55:21.413+0000] {processor.py:830} INFO - Processing file /home/airflow/.local/lib/python3.8/site-packages/airflow/example_dags/example_kubernetes_executor.py for tasks to queue
[2026-04-16T03:55:21.416+0000] {logging_mixin.py:188} INFO - [2026-04-16T03:55:21.416+0000] {dagbag.py:538} INFO - Filling up the DagBag from /home/airflow/.local/lib/python3.8/site-packages/airflow/example_dags/example_kubernetes_executor.py
[2026-04-16T03:55:21.429+0000] {processor.py:840} INFO - DAG(s) 'example_kubernetes_executor' retrieved from /home/airflow/.local/lib/python3.8/site-packages/airflow/example_dags/example_kubernetes_executor.py
[2026-04-16T03:55:21.471+0000] {logging_mixin.py:188} INFO - [2026-04-16T03:55:21.470+0000] {dag.py:3036} INFO - Sync 1 DAGs
[2026-04-16T03:55:21.482+0000] {logging_mixin.py:188} INFO - [2026-04-16T03:55:21.482+0000] {dag.py:3823} INFO - Setting next_dagrun for example_kubernetes_executor to None, run_after=None
[2026-04-16T03:55:21.501+0000] {processor.py:183} INFO - Processing /home/airflow/.local/lib/python3.8/site-packages/airflow/example_dags/example_kubernetes_executor.py took 0.093 seconds
[2026-04-16T03:55:51.813+0000] {processor.py:161} INFO - Started process (PID=74894) to work on /home/airflow/.local/lib/python3.8/site-packages/airflow/example_dags/example_kubernetes_executor.py
[2026-04-16T03:55:51.815+0000] {processor.py:830} INFO - Processing file /home/airflow/.local/lib/python3.8/site-packages/airflow/example_dags/example_kubernetes_executor.py for tasks to queue
[2026-04-16T03:55:51.817+0000] {logging_mixin.py:188} INFO - [2026-04-16T03:55:51.817+0000] {dagbag.py:538} INFO - Filling up the DagBag from /home/airflow/.local/lib/python3.8/site-packages/airflow/example_dags/example_kubernetes_executor.py
[2026-04-16T03:55:51.831+0000] {processor.py:840} INFO - DAG(s) 'example_kubernetes_executor' retrieved from /home/airflow/.local/lib/python3.8/site-packages/airflow/example_dags/example_kubernetes_executor.py
[2026-04-16T03:55:51.870+0000] {logging_mixin.py:188} INFO - [2026-04-16T03:55:51.870+0000] {dag.py:3036} INFO - Sync 1 DAGs
[2026-04-16T03:55:51.882+0000] {logging_mixin.py:188} INFO - [2026-04-16T03:55:51.882+0000] {dag.py:3823} INFO - Setting next_dagrun for example_kubernetes_executor to None, run_after=None
[2026-04-16T03:55:51.904+0000] {processor.py:183} INFO - Processing /home/airflow/.local/lib/python3.8/site-packages/airflow/example_dags/example_kubernetes_executor.py took 0.094 seconds
[2026-04-16T03:56:22.310+0000] {processor.py:161} INFO - Started process (PID=74951) to work on /home/airflow/.local/lib/python3.8/site-packages/airflow/example_dags/example_kubernetes_executor.py
[2026-04-16T03:56:22.311+0000] {processor.py:830} INFO - Processing file /home/airflow/.local/lib/python3.8/site-packages/airflow/example_dags/example_kubernetes_executor.py for tasks to queue
[2026-04-16T03:56:22.313+0000] {logging_mixin.py:188} INFO - [2026-04-16T03:56:22.313+0000] {dagbag.py:538} INFO - Filling up the DagBag from /home/airflow/.local/lib/python3.8/site-packages/airflow/example_dags/example_kubernetes_executor.py
[2026-04-16T03:56:22.327+0000] {processor.py:840} INFO - DAG(s) 'example_kubernetes_executor' retrieved from /home/airflow/.local/lib/python3.8/site-packages/airflow/example_dags/example_kubernetes_executor.py
[2026-04-16T03:56:22.367+0000] {logging_mixin.py:188} INFO - [2026-04-16T03:56:22.366+0000] {dag.py:3036} INFO - Sync 1 DAGs
[2026-04-16T03:56:22.378+0000] {logging_mixin.py:188} INFO - [2026-04-16T03:56:22.378+0000] {dag.py:3823} INFO - Setting next_dagrun for example_kubernetes_executor to None, run_after=None
[2026-04-16T03:56:22.401+0000] {processor.py:183} INFO - Processing /home/airflow/.local/lib/python3.8/site-packages/airflow/example_dags/example_kubernetes_executor.py took 0.094 seconds
[2026-04-16T03:56:52.599+0000] {processor.py:161} INFO - Started process (PID=75006) to work on /home/airflow/.local/lib/python3.8/site-packages/airflow/example_dags/example_kubernetes_executor.py
[2026-04-16T03:56:52.601+0000] {processor.py:830} INFO - Processing file /home/airflow/.local/lib/python3.8/site-packages/airflow/example_dags/example_kubernetes_executor.py for tasks to queue
[2026-04-16T03:56:52.603+0000] {logging_mixin.py:188} INFO - [2026-04-16T03:56:52.603+0000] {dagbag.py:538} INFO - Filling up the DagBag from /home/airflow/.local/lib/python3.8/site-packages/airflow/example_dags/example_kubernetes_executor.py
[2026-04-16T03:56:52.625+0000] {processor.py:840} INFO - DAG(s) 'example_kubernetes_executor' retrieved from /home/airflow/.local/lib/python3.8/site-packages/airflow/example_dags/example_kubernetes_executor.py
[2026-04-16T03:56:52.675+0000] {logging_mixin.py:188} INFO - [2026-04-16T03:56:52.675+0000] {dag.py:3036} INFO - Sync 1 DAGs
[2026-04-16T03:56:52.688+0000] {logging_mixin.py:188} INFO - [2026-04-16T03:56:52.688+0000] {dag.py:3823} INFO - Setting next_dagrun for example_kubernetes_executor to None, run_after=None
[2026-04-16T03:56:52.712+0000] {processor.py:183} INFO - Processing /home/airflow/.local/lib/python3.8/site-packages/airflow/example_dags/example_kubernetes_executor.py took 0.117 seconds
[2026-04-16T03:57:22.921+0000] {processor.py:161} INFO - Started process (PID=75063) to work on /home/airflow/.local/lib/python3.8/site-packages/airflow/example_dags/example_kubernetes_executor.py
[2026-04-16T03:57:22.923+0000] {processor.py:830} INFO - Processing file /home/airflow/.local/lib/python3.8/site-packages/airflow/example_dags/example_kubernetes_executor.py for tasks to queue
[2026-04-16T03:57:22.925+0000] {logging_mixin.py:188} INFO - [2026-04-16T03:57:22.925+0000] {dagbag.py:538} INFO - Filling up the DagBag from /home/airflow/.local/lib/python3.8/site-packages/airflow/example_dags/example_kubernetes_executor.py
[2026-04-16T03:57:22.939+0000] {processor.py:840} INFO - DAG(s) 'example_kubernetes_executor' retrieved from /home/airflow/.local/lib/python3.8/site-packages/airflow/example_dags/example_kubernetes_executor.py
[2026-04-16T03:57:22.979+0000] {logging_mixin.py:188} INFO - [2026-04-16T03:57:22.979+0000] {dag.py:3036} INFO - Sync 1 DAGs
[2026-04-16T03:57:22.992+0000] {logging_mixin.py:188} INFO - [2026-04-16T03:57:22.991+0000] {dag.py:3823} INFO - Setting next_dagrun for example_kubernetes_executor to None, run_after=None
[2026-04-16T03:57:23.014+0000] {processor.py:183} INFO - Processing /home/airflow/.local/lib/python3.8/site-packages/airflow/example_dags/example_kubernetes_executor.py took 0.097 seconds
[2026-04-16T03:57:53.693+0000] {processor.py:161} INFO - Started process (PID=75120) to work on /home/airflow/.local/lib/python3.8/site-packages/airflow/example_dags/example_kubernetes_executor.py
[2026-04-16T03:57:53.695+0000] {processor.py:830} INFO - Processing file /home/airflow/.local/lib/python3.8/site-packages/airflow/example_dags/example_kubernetes_executor.py for tasks to queue
[2026-04-16T03:57:53.697+0000] {logging_mixin.py:188} INFO - [2026-04-16T03:57:53.697+0000] {dagbag.py:538} INFO - Filling up the DagBag from /home/airflow/.local/lib/python3.8/site-packages/airflow/example_dags/example_kubernetes_executor.py
[2026-04-16T03:57:53.710+0000] {processor.py:840} INFO - DAG(s) 'example_kubernetes_executor' retrieved from /home/airflow/.local/lib/python3.8/site-packages/airflow/example_dags/example_kubernetes_executor.py
[2026-04-16T03:57:53.751+0000] {logging_mixin.py:188} INFO - [2026-04-16T03:57:53.751+0000] {dag.py:3036} INFO - Sync 1 DAGs
[2026-04-16T03:57:53.763+0000] {logging_mixin.py:188} INFO - [2026-04-16T03:57:53.763+0000] {dag.py:3823} INFO - Setting next_dagrun for example_kubernetes_executor to None, run_after=None
[2026-04-16T03:57:53.788+0000] {processor.py:183} INFO - Processing /home/airflow/.local/lib/python3.8/site-packages/airflow/example_dags/example_kubernetes_executor.py took 0.098 seconds
[2026-04-16T03:58:24.079+0000] {processor.py:161} INFO - Started process (PID=75177) to work on /home/airflow/.local/lib/python3.8/site-packages/airflow/example_dags/example_kubernetes_executor.py
[2026-04-16T03:58:24.081+0000] {processor.py:830} INFO - Processing file /home/airflow/.local/lib/python3.8/site-packages/airflow/example_dags/example_kubernetes_executor.py for tasks to queue
[2026-04-16T03:58:24.083+0000] {logging_mixin.py:188} INFO - [2026-04-16T03:58:24.083+0000] {dagbag.py:538} INFO - Filling up the DagBag from /home/airflow/.local/lib/python3.8/site-packages/airflow/example_dags/example_kubernetes_executor.py
[2026-04-16T03:58:24.098+0000] {processor.py:840} INFO - DAG(s) 'example_kubernetes_executor' retrieved from /home/airflow/.local/lib/python3.8/site-packages/airflow/example_dags/example_kubernetes_executor.py
[2026-04-16T03:58:24.137+0000] {logging_mixin.py:188} INFO - [2026-04-16T03:58:24.136+0000] {dag.py:3036} INFO - Sync 1 DAGs
[2026-04-16T03:58:24.148+0000] {logging_mixin.py:188} INFO - [2026-04-16T03:58:24.148+0000] {dag.py:3823} INFO - Setting next_dagrun for example_kubernetes_executor to None, run_after=None
[2026-04-16T03:58:24.171+0000] {processor.py:183} INFO - Processing /home/airflow/.local/lib/python3.8/site-packages/airflow/example_dags/example_kubernetes_executor.py took 0.097 seconds
[2026-04-16T03:58:54.367+0000] {processor.py:161} INFO - Started process (PID=75234) to work on /home/airflow/.local/lib/python3.8/site-packages/airflow/example_dags/example_kubernetes_executor.py
[2026-04-16T03:58:54.368+0000] {processor.py:830} INFO - Processing file /home/airflow/.local/lib/python3.8/site-packages/airflow/example_dags/example_kubernetes_executor.py for tasks to queue
[2026-04-16T03:58:54.371+0000] {logging_mixin.py:188} INFO - [2026-04-16T03:58:54.370+0000] {dagbag.py:538} INFO - Filling up the DagBag from /home/airflow/.local/lib/python3.8/site-packages/airflow/example_dags/example_kubernetes_executor.py
[2026-04-16T03:58:54.384+0000] {processor.py:840} INFO - DAG(s) 'example_kubernetes_executor' retrieved from /home/airflow/.local/lib/python3.8/site-packages/airflow/example_dags/example_kubernetes_executor.py
[2026-04-16T03:58:54.426+0000] {logging_mixin.py:188} INFO - [2026-04-16T03:58:54.426+0000] {dag.py:3036} INFO - Sync 1 DAGs
[2026-04-16T03:58:54.438+0000] {logging_mixin.py:188} INFO - [2026-04-16T03:58:54.437+0000] {dag.py:3823} INFO - Setting next_dagrun for example_kubernetes_executor to None, run_after=None
[2026-04-16T03:58:54.461+0000] {processor.py:183} INFO - Processing /home/airflow/.local/lib/python3.8/site-packages/airflow/example_dags/example_kubernetes_executor.py took 0.098 seconds
[2026-04-16T03:59:24.764+0000] {processor.py:161} INFO - Started process (PID=75291) to work on /home/airflow/.local/lib/python3.8/site-packages/airflow/example_dags/example_kubernetes_executor.py
[2026-04-16T03:59:24.765+0000] {processor.py:830} INFO - Processing file /home/airflow/.local/lib/python3.8/site-packages/airflow/example_dags/example_kubernetes_executor.py for tasks to queue
[2026-04-16T03:59:24.767+0000] {logging_mixin.py:188} INFO - [2026-04-16T03:59:24.767+0000] {dagbag.py:538} INFO - Filling up the DagBag from /home/airflow/.local/lib/python3.8/site-packages/airflow/example_dags/example_kubernetes_executor.py
[2026-04-16T03:59:24.781+0000] {processor.py:840} INFO - DAG(s) 'example_kubernetes_executor' retrieved from /home/airflow/.local/lib/python3.8/site-packages/airflow/example_dags/example_kubernetes_executor.py
[2026-04-16T03:59:24.820+0000] {logging_mixin.py:188} INFO - [2026-04-16T03:59:24.819+0000] {dag.py:3036} INFO - Sync 1 DAGs
[2026-04-16T03:59:24.832+0000] {logging_mixin.py:188} INFO - [2026-04-16T03:59:24.832+0000] {dag.py:3823} INFO - Setting next_dagrun for example_kubernetes_executor to None, run_after=None
[2026-04-16T03:59:24.857+0000] {processor.py:183} INFO - Processing /home/airflow/.local/lib/python3.8/site-packages/airflow/example_dags/example_kubernetes_executor.py took 0.097 seconds
[2026-04-16T03:59:55.256+0000] {processor.py:161} INFO - Started process (PID=75348) to work on /home/airflow/.local/lib/python3.8/site-packages/airflow/example_dags/example_kubernetes_executor.py
[2026-04-16T03:59:55.257+0000] {processor.py:830} INFO - Processing file /home/airflow/.local/lib/python3.8/site-packages/airflow/example_dags/example_kubernetes_executor.py for tasks to queue
[2026-04-16T03:59:55.259+0000] {logging_mixin.py:188} INFO - [2026-04-16T03:59:55.259+0000] {dagbag.py:538} INFO - Filling up the DagBag from /home/airflow/.local/lib/python3.8/site-packages/airflow/example_dags/example_kubernetes_executor.py
[2026-04-16T03:59:55.272+0000] {processor.py:840} INFO - DAG(s) 'example_kubernetes_executor' retrieved from /home/airflow/.local/lib/python3.8/site-packages/airflow/example_dags/example_kubernetes_executor.py
[2026-04-16T03:59:55.314+0000] {logging_mixin.py:188} INFO - [2026-04-16T03:59:55.314+0000] {dag.py:3036} INFO - Sync 1 DAGs
[2026-04-16T03:59:55.328+0000] {logging_mixin.py:188} INFO - [2026-04-16T03:59:55.327+0000] {dag.py:3823} INFO - Setting next_dagrun for example_kubernetes_executor to None, run_after=None
[2026-04-16T03:59:55.352+0000] {processor.py:183} INFO - Processing /home/airflow/.local/lib/python3.8/site-packages/airflow/example_dags/example_kubernetes_executor.py took 0.100 seconds
[2026-04-16T04:00:25.617+0000] {processor.py:161} INFO - Started process (PID=75405) to work on /home/airflow/.local/lib/python3.8/site-packages/airflow/example_dags/example_kubernetes_executor.py
[2026-04-16T04:00:25.618+0000] {processor.py:830} INFO - Processing file /home/airflow/.local/lib/python3.8/site-packages/airflow/example_dags/example_kubernetes_executor.py for tasks to queue
[2026-04-16T04:00:25.621+0000] {logging_mixin.py:188} INFO - [2026-04-16T04:00:25.620+0000] {dagbag.py:538} INFO - Filling up the DagBag from /home/airflow/.local/lib/python3.8/site-packages/airflow/example_dags/example_kubernetes_executor.py
[2026-04-16T04:00:25.633+0000] {processor.py:840} INFO - DAG(s) 'example_kubernetes_executor' retrieved from /home/airflow/.local/lib/python3.8/site-packages/airflow/example_dags/example_kubernetes_executor.py
[2026-04-16T04:00:25.673+0000] {logging_mixin.py:188} INFO - [2026-04-16T04:00:25.673+0000] {dag.py:3036} INFO - Sync 1 DAGs
[2026-04-16T04:00:25.686+0000] {logging_mixin.py:188} INFO - [2026-04-16T04:00:25.686+0000] {dag.py:3823} INFO - Setting next_dagrun for example_kubernetes_executor to None, run_after=None
[2026-04-16T04:00:25.709+0000] {processor.py:183} INFO - Processing /home/airflow/.local/lib/python3.8/site-packages/airflow/example_dags/example_kubernetes_executor.py took 0.096 seconds
[2026-04-16T04:00:56.264+0000] {processor.py:161} INFO - Started process (PID=75462) to work on /home/airflow/.local/lib/python3.8/site-packages/airflow/example_dags/example_kubernetes_executor.py
[2026-04-16T04:00:56.265+0000] {processor.py:830} INFO - Processing file /home/airflow/.local/lib/python3.8/site-packages/airflow/example_dags/example_kubernetes_executor.py for tasks to queue
[2026-04-16T04:00:56.267+0000] {logging_mixin.py:188} INFO - [2026-04-16T04:00:56.267+0000] {dagbag.py:538} INFO - Filling up the DagBag from /home/airflow/.local/lib/python3.8/site-packages/airflow/example_dags/example_kubernetes_executor.py
[2026-04-16T04:00:56.281+0000] {processor.py:840} INFO - DAG(s) 'example_kubernetes_executor' retrieved from /home/airflow/.local/lib/python3.8/site-packages/airflow/example_dags/example_kubernetes_executor.py
[2026-04-16T04:00:56.324+0000] {logging_mixin.py:188} INFO - [2026-04-16T04:00:56.323+0000] {dag.py:3036} INFO - Sync 1 DAGs
[2026-04-16T04:00:56.336+0000] {logging_mixin.py:188} INFO - [2026-04-16T04:00:56.336+0000] {dag.py:3823} INFO - Setting next_dagrun for example_kubernetes_executor to None, run_after=None
[2026-04-16T04:00:56.359+0000] {processor.py:183} INFO - Processing /home/airflow/.local/lib/python3.8/site-packages/airflow/example_dags/example_kubernetes_executor.py took 0.100 seconds
[2026-04-16T04:01:26.984+0000] {processor.py:161} INFO - Started process (PID=75519) to work on /home/airflow/.local/lib/python3.8/site-packages/airflow/example_dags/example_kubernetes_executor.py
[2026-04-16T04:01:26.985+0000] {processor.py:830} INFO - Processing file /home/airflow/.local/lib/python3.8/site-packages/airflow/example_dags/example_kubernetes_executor.py for tasks to queue
[2026-04-16T04:01:26.988+0000] {logging_mixin.py:188} INFO - [2026-04-16T04:01:26.988+0000] {dagbag.py:538} INFO - Filling up the DagBag from /home/airflow/.local/lib/python3.8/site-packages/airflow/example_dags/example_kubernetes_executor.py
[2026-04-16T04:01:27.006+0000] {processor.py:840} INFO - DAG(s) 'example_kubernetes_executor' retrieved from /home/airflow/.local/lib/python3.8/site-packages/airflow/example_dags/example_kubernetes_executor.py
[2026-04-16T04:01:27.046+0000] {logging_mixin.py:188} INFO - [2026-04-16T04:01:27.046+0000] {dag.py:3036} INFO - Sync 1 DAGs
[2026-04-16T04:01:27.058+0000] {logging_mixin.py:188} INFO - [2026-04-16T04:01:27.058+0000] {dag.py:3823} INFO - Setting next_dagrun for example_kubernetes_executor to None, run_after=None
[2026-04-16T04:01:27.081+0000] {processor.py:183} INFO - Processing /home/airflow/.local/lib/python3.8/site-packages/airflow/example_dags/example_kubernetes_executor.py took 0.101 seconds
[2026-04-16T04:01:57.631+0000] {processor.py:161} INFO - Started process (PID=75576) to work on /home/airflow/.local/lib/python3.8/site-packages/airflow/example_dags/example_kubernetes_executor.py
[2026-04-16T04:01:57.632+0000] {processor.py:830} INFO - Processing file /home/airflow/.local/lib/python3.8/site-packages/airflow/example_dags/example_kubernetes_executor.py for tasks to queue
[2026-04-16T04:01:57.634+0000] {logging_mixin.py:188} INFO - [2026-04-16T04:01:57.634+0000] {dagbag.py:538} INFO - Filling up the DagBag from /home/airflow/.local/lib/python3.8/site-packages/airflow/example_dags/example_kubernetes_executor.py
[2026-04-16T04:01:57.647+0000] {processor.py:840} INFO - DAG(s) 'example_kubernetes_executor' retrieved from /home/airflow/.local/lib/python3.8/site-packages/airflow/example_dags/example_kubernetes_executor.py
[2026-04-16T04:01:57.690+0000] {logging_mixin.py:188} INFO - [2026-04-16T04:01:57.689+0000] {dag.py:3036} INFO - Sync 1 DAGs
[2026-04-16T04:01:57.703+0000] {logging_mixin.py:188} INFO - [2026-04-16T04:01:57.703+0000] {dag.py:3823} INFO - Setting next_dagrun for example_kubernetes_executor to None, run_after=None
[2026-04-16T04:01:57.726+0000] {processor.py:183} INFO - Processing /home/airflow/.local/lib/python3.8/site-packages/airflow/example_dags/example_kubernetes_executor.py took 0.099 seconds
[2026-04-16T04:02:28.133+0000] {processor.py:161} INFO - Started process (PID=75633) to work on /home/airflow/.local/lib/python3.8/site-packages/airflow/example_dags/example_kubernetes_executor.py
[2026-04-16T04:02:28.134+0000] {processor.py:830} INFO - Processing file /home/airflow/.local/lib/python3.8/site-packages/airflow/example_dags/example_kubernetes_executor.py for tasks to queue
[2026-04-16T04:02:28.137+0000] {logging_mixin.py:188} INFO - [2026-04-16T04:02:28.136+0000] {dagbag.py:538} INFO - Filling up the DagBag from /home/airflow/.local/lib/python3.8/site-packages/airflow/example_dags/example_kubernetes_executor.py
[2026-04-16T04:02:28.152+0000] {processor.py:840} INFO - DAG(s) 'example_kubernetes_executor' retrieved from /home/airflow/.local/lib/python3.8/site-packages/airflow/example_dags/example_kubernetes_executor.py
[2026-04-16T04:02:28.195+0000] {logging_mixin.py:188} INFO - [2026-04-16T04:02:28.195+0000] {dag.py:3036} INFO - Sync 1 DAGs
[2026-04-16T04:02:28.207+0000] {logging_mixin.py:188} INFO - [2026-04-16T04:02:28.207+0000] {dag.py:3823} INFO - Setting next_dagrun for example_kubernetes_executor to None, run_after=None
[2026-04-16T04:02:28.230+0000] {processor.py:183} INFO - Processing /home/airflow/.local/lib/python3.8/site-packages/airflow/example_dags/example_kubernetes_executor.py took 0.101 seconds
[2026-04-16T04:02:58.843+0000] {processor.py:161} INFO - Started process (PID=75690) to work on /home/airflow/.local/lib/python3.8/site-packages/airflow/example_dags/example_kubernetes_executor.py
[2026-04-16T04:02:58.845+0000] {processor.py:830} INFO - Processing file /home/airflow/.local/lib/python3.8/site-packages/airflow/example_dags/example_kubernetes_executor.py for tasks to queue
[2026-04-16T04:02:58.847+0000] {logging_mixin.py:188} INFO - [2026-04-16T04:02:58.847+0000] {dagbag.py:538} INFO - Filling up the DagBag from /home/airflow/.local/lib/python3.8/site-packages/airflow/example_dags/example_kubernetes_executor.py
[2026-04-16T04:02:58.865+0000] {processor.py:840} INFO - DAG(s) 'example_kubernetes_executor' retrieved from /home/airflow/.local/lib/python3.8/site-packages/airflow/example_dags/example_kubernetes_executor.py
[2026-04-16T04:02:58.905+0000] {logging_mixin.py:188} INFO - [2026-04-16T04:02:58.905+0000] {dag.py:3036} INFO - Sync 1 DAGs
[2026-04-16T04:02:58.919+0000] {logging_mixin.py:188} INFO - [2026-04-16T04:02:58.919+0000] {dag.py:3823} INFO - Setting next_dagrun for example_kubernetes_executor to None, run_after=None
[2026-04-16T04:02:58.940+0000] {processor.py:183} INFO - Processing /home/airflow/.local/lib/python3.8/site-packages/airflow/example_dags/example_kubernetes_executor.py took 0.101 seconds
[2026-04-16T04:03:29.605+0000] {processor.py:161} INFO - Started process (PID=75747) to work on /home/airflow/.local/lib/python3.8/site-packages/airflow/example_dags/example_kubernetes_executor.py
[2026-04-16T04:03:29.606+0000] {processor.py:830} INFO - Processing file /home/airflow/.local/lib/python3.8/site-packages/airflow/example_dags/example_kubernetes_executor.py for tasks to queue
[2026-04-16T04:03:29.609+0000] {logging_mixin.py:188} INFO - [2026-04-16T04:03:29.608+0000] {dagbag.py:538} INFO - Filling up the DagBag from /home/airflow/.local/lib/python3.8/site-packages/airflow/example_dags/example_kubernetes_executor.py
[2026-04-16T04:03:29.623+0000] {processor.py:840} INFO - DAG(s) 'example_kubernetes_executor' retrieved from /home/airflow/.local/lib/python3.8/site-packages/airflow/example_dags/example_kubernetes_executor.py
[2026-04-16T04:03:29.662+0000] {logging_mixin.py:188} INFO - [2026-04-16T04:03:29.662+0000] {dag.py:3036} INFO - Sync 1 DAGs
[2026-04-16T04:03:29.676+0000] {logging_mixin.py:188} INFO - [2026-04-16T04:03:29.675+0000] {dag.py:3823} INFO - Setting next_dagrun for example_kubernetes_executor to None, run_after=None
[2026-04-16T04:03:29.698+0000] {processor.py:183} INFO - Processing /home/airflow/.local/lib/python3.8/site-packages/airflow/example_dags/example_kubernetes_executor.py took 0.096 seconds
[2026-04-16T04:04:00.578+0000] {processor.py:161} INFO - Started process (PID=75804) to work on /home/airflow/.local/lib/python3.8/site-packages/airflow/example_dags/example_kubernetes_executor.py
[2026-04-16T04:04:00.579+0000] {processor.py:830} INFO - Processing file /home/airflow/.local/lib/python3.8/site-packages/airflow/example_dags/example_kubernetes_executor.py for tasks to queue
[2026-04-16T04:04:00.582+0000] {logging_mixin.py:188} INFO - [2026-04-16T04:04:00.581+0000] {dagbag.py:538} INFO - Filling up the DagBag from /home/airflow/.local/lib/python3.8/site-packages/airflow/example_dags/example_kubernetes_executor.py
[2026-04-16T04:04:00.597+0000] {processor.py:840} INFO - DAG(s) 'example_kubernetes_executor' retrieved from /home/airflow/.local/lib/python3.8/site-packages/airflow/example_dags/example_kubernetes_executor.py
[2026-04-16T04:04:00.638+0000] {logging_mixin.py:188} INFO - [2026-04-16T04:04:00.638+0000] {dag.py:3036} INFO - Sync 1 DAGs
[2026-04-16T04:04:00.652+0000] {logging_mixin.py:188} INFO - [2026-04-16T04:04:00.652+0000] {dag.py:3823} INFO - Setting next_dagrun for example_kubernetes_executor to None, run_after=None
[2026-04-16T04:04:00.675+0000] {processor.py:183} INFO - Processing /home/airflow/.local/lib/python3.8/site-packages/airflow/example_dags/example_kubernetes_executor.py took 0.101 seconds
[2026-04-16T04:04:31.191+0000] {processor.py:161} INFO - Started process (PID=75861) to work on /home/airflow/.local/lib/python3.8/site-packages/airflow/example_dags/example_kubernetes_executor.py
[2026-04-16T04:04:31.192+0000] {processor.py:830} INFO - Processing file /home/airflow/.local/lib/python3.8/site-packages/airflow/example_dags/example_kubernetes_executor.py for tasks to queue
[2026-04-16T04:04:31.194+0000] {logging_mixin.py:188} INFO - [2026-04-16T04:04:31.194+0000] {dagbag.py:538} INFO - Filling up the DagBag from /home/airflow/.local/lib/python3.8/site-packages/airflow/example_dags/example_kubernetes_executor.py
[2026-04-16T04:04:31.208+0000] {processor.py:840} INFO - DAG(s) 'example_kubernetes_executor' retrieved from /home/airflow/.local/lib/python3.8/site-packages/airflow/example_dags/example_kubernetes_executor.py
[2026-04-16T04:04:31.253+0000] {logging_mixin.py:188} INFO - [2026-04-16T04:04:31.253+0000] {dag.py:3036} INFO - Sync 1 DAGs
[2026-04-16T04:04:31.273+0000] {logging_mixin.py:188} INFO - [2026-04-16T04:04:31.272+0000] {dag.py:3823} INFO - Setting next_dagrun for example_kubernetes_executor to None, run_after=None
[2026-04-16T04:04:31.297+0000] {processor.py:183} INFO - Processing /home/airflow/.local/lib/python3.8/site-packages/airflow/example_dags/example_kubernetes_executor.py took 0.109 seconds
[2026-04-16T04:05:01.615+0000] {processor.py:161} INFO - Started process (PID=75918) to work on /home/airflow/.local/lib/python3.8/site-packages/airflow/example_dags/example_kubernetes_executor.py
[2026-04-16T04:05:01.616+0000] {processor.py:830} INFO - Processing file /home/airflow/.local/lib/python3.8/site-packages/airflow/example_dags/example_kubernetes_executor.py for tasks to queue
[2026-04-16T04:05:01.619+0000] {logging_mixin.py:188} INFO - [2026-04-16T04:05:01.619+0000] {dagbag.py:538} INFO - Filling up the DagBag from /home/airflow/.local/lib/python3.8/site-packages/airflow/example_dags/example_kubernetes_executor.py
[2026-04-16T04:05:01.632+0000] {processor.py:840} INFO - DAG(s) 'example_kubernetes_executor' retrieved from /home/airflow/.local/lib/python3.8/site-packages/airflow/example_dags/example_kubernetes_executor.py
[2026-04-16T04:05:01.669+0000] {logging_mixin.py:188} INFO - [2026-04-16T04:05:01.669+0000] {dag.py:3036} INFO - Sync 1 DAGs
[2026-04-16T04:05:01.684+0000] {logging_mixin.py:188} INFO - [2026-04-16T04:05:01.683+0000] {dag.py:3823} INFO - Setting next_dagrun for example_kubernetes_executor to None, run_after=None
[2026-04-16T04:05:01.706+0000] {processor.py:183} INFO - Processing /home/airflow/.local/lib/python3.8/site-packages/airflow/example_dags/example_kubernetes_executor.py took 0.094 seconds
[2026-04-16T04:05:32.295+0000] {processor.py:161} INFO - Started process (PID=75975) to work on /home/airflow/.local/lib/python3.8/site-packages/airflow/example_dags/example_kubernetes_executor.py
[2026-04-16T04:05:32.296+0000] {processor.py:830} INFO - Processing file /home/airflow/.local/lib/python3.8/site-packages/airflow/example_dags/example_kubernetes_executor.py for tasks to queue
[2026-04-16T04:05:32.299+0000] {logging_mixin.py:188} INFO - [2026-04-16T04:05:32.299+0000] {dagbag.py:538} INFO - Filling up the DagBag from /home/airflow/.local/lib/python3.8/site-packages/airflow/example_dags/example_kubernetes_executor.py
[2026-04-16T04:05:32.319+0000] {processor.py:840} INFO - DAG(s) 'example_kubernetes_executor' retrieved from /home/airflow/.local/lib/python3.8/site-packages/airflow/example_dags/example_kubernetes_executor.py
[2026-04-16T04:05:32.365+0000] {logging_mixin.py:188} INFO - [2026-04-16T04:05:32.365+0000] {dag.py:3036} INFO - Sync 1 DAGs
[2026-04-16T04:05:32.378+0000] {logging_mixin.py:188} INFO - [2026-04-16T04:05:32.378+0000] {dag.py:3823} INFO - Setting next_dagrun for example_kubernetes_executor to None, run_after=None
[2026-04-16T04:05:32.405+0000] {processor.py:183} INFO - Processing /home/airflow/.local/lib/python3.8/site-packages/airflow/example_dags/example_kubernetes_executor.py took 0.114 seconds
[2026-04-16T04:06:02.465+0000] {processor.py:161} INFO - Started process (PID=76032) to work on /home/airflow/.local/lib/python3.8/site-packages/airflow/example_dags/example_kubernetes_executor.py
[2026-04-16T04:06:02.466+0000] {processor.py:830} INFO - Processing file /home/airflow/.local/lib/python3.8/site-packages/airflow/example_dags/example_kubernetes_executor.py for tasks to queue
[2026-04-16T04:06:02.468+0000] {logging_mixin.py:188} INFO - [2026-04-16T04:06:02.468+0000] {dagbag.py:538} INFO - Filling up the DagBag from /home/airflow/.local/lib/python3.8/site-packages/airflow/example_dags/example_kubernetes_executor.py
[2026-04-16T04:06:02.482+0000] {processor.py:840} INFO - DAG(s) 'example_kubernetes_executor' retrieved from /home/airflow/.local/lib/python3.8/site-packages/airflow/example_dags/example_kubernetes_executor.py
[2026-04-16T04:06:02.521+0000] {logging_mixin.py:188} INFO - [2026-04-16T04:06:02.521+0000] {dag.py:3036} INFO - Sync 1 DAGs
[2026-04-16T04:06:02.533+0000] {logging_mixin.py:188} INFO - [2026-04-16T04:06:02.533+0000] {dag.py:3823} INFO - Setting next_dagrun for example_kubernetes_executor to None, run_after=None
[2026-04-16T04:06:02.557+0000] {processor.py:183} INFO - Processing /home/airflow/.local/lib/python3.8/site-packages/airflow/example_dags/example_kubernetes_executor.py took 0.096 seconds
[2026-04-16T04:06:33.183+0000] {processor.py:161} INFO - Started process (PID=76089) to work on /home/airflow/.local/lib/python3.8/site-packages/airflow/example_dags/example_kubernetes_executor.py
[2026-04-16T04:06:33.184+0000] {processor.py:830} INFO - Processing file /home/airflow/.local/lib/python3.8/site-packages/airflow/example_dags/example_kubernetes_executor.py for tasks to queue
[2026-04-16T04:06:33.187+0000] {logging_mixin.py:188} INFO - [2026-04-16T04:06:33.187+0000] {dagbag.py:538} INFO - Filling up the DagBag from /home/airflow/.local/lib/python3.8/site-packages/airflow/example_dags/example_kubernetes_executor.py
[2026-04-16T04:06:33.202+0000] {processor.py:840} INFO - DAG(s) 'example_kubernetes_executor' retrieved from /home/airflow/.local/lib/python3.8/site-packages/airflow/example_dags/example_kubernetes_executor.py
[2026-04-16T04:06:33.241+0000] {logging_mixin.py:188} INFO - [2026-04-16T04:06:33.241+0000] {dag.py:3036} INFO - Sync 1 DAGs
[2026-04-16T04:06:33.252+0000] {logging_mixin.py:188} INFO - [2026-04-16T04:06:33.252+0000] {dag.py:3823} INFO - Setting next_dagrun for example_kubernetes_executor to None, run_after=None
[2026-04-16T04:06:33.276+0000] {processor.py:183} INFO - Processing /home/airflow/.local/lib/python3.8/site-packages/airflow/example_dags/example_kubernetes_executor.py took 0.098 seconds
[2026-04-16T04:07:03.577+0000] {processor.py:161} INFO - Started process (PID=76146) to work on /home/airflow/.local/lib/python3.8/site-packages/airflow/example_dags/example_kubernetes_executor.py
[2026-04-16T04:07:03.578+0000] {processor.py:830} INFO - Processing file /home/airflow/.local/lib/python3.8/site-packages/airflow/example_dags/example_kubernetes_executor.py for tasks to queue
[2026-04-16T04:07:03.581+0000] {logging_mixin.py:188} INFO - [2026-04-16T04:07:03.580+0000] {dagbag.py:538} INFO - Filling up the DagBag from /home/airflow/.local/lib/python3.8/site-packages/airflow/example_dags/example_kubernetes_executor.py
[2026-04-16T04:07:03.594+0000] {processor.py:840} INFO - DAG(s) 'example_kubernetes_executor' retrieved from /home/airflow/.local/lib/python3.8/site-packages/airflow/example_dags/example_kubernetes_executor.py
[2026-04-16T04:07:03.638+0000] {logging_mixin.py:188} INFO - [2026-04-16T04:07:03.638+0000] {dag.py:3036} INFO - Sync 1 DAGs
[2026-04-16T04:07:03.649+0000] {logging_mixin.py:188} INFO - [2026-04-16T04:07:03.649+0000] {dag.py:3823} INFO - Setting next_dagrun for example_kubernetes_executor to None, run_after=None
[2026-04-16T04:07:03.672+0000] {processor.py:183} INFO - Processing /home/airflow/.local/lib/python3.8/site-packages/airflow/example_dags/example_kubernetes_executor.py took 0.099 seconds
[2026-04-16T04:07:34.362+0000] {processor.py:161} INFO - Started process (PID=76203) to work on /home/airflow/.local/lib/python3.8/site-packages/airflow/example_dags/example_kubernetes_executor.py
[2026-04-16T04:07:34.364+0000] {processor.py:830} INFO - Processing file /home/airflow/.local/lib/python3.8/site-packages/airflow/example_dags/example_kubernetes_executor.py for tasks to queue
[2026-04-16T04:07:34.367+0000] {logging_mixin.py:188} INFO - [2026-04-16T04:07:34.366+0000] {dagbag.py:538} INFO - Filling up the DagBag from /home/airflow/.local/lib/python3.8/site-packages/airflow/example_dags/example_kubernetes_executor.py
[2026-04-16T04:07:34.380+0000] {processor.py:840} INFO - DAG(s) 'example_kubernetes_executor' retrieved from /home/airflow/.local/lib/python3.8/site-packages/airflow/example_dags/example_kubernetes_executor.py
[2026-04-16T04:07:34.419+0000] {logging_mixin.py:188} INFO - [2026-04-16T04:07:34.419+0000] {dag.py:3036} INFO - Sync 1 DAGs
[2026-04-16T04:07:34.431+0000] {logging_mixin.py:188} INFO - [2026-04-16T04:07:34.431+0000] {dag.py:3823} INFO - Setting next_dagrun for example_kubernetes_executor to None, run_after=None
[2026-04-16T04:07:34.453+0000] {processor.py:183} INFO - Processing /home/airflow/.local/lib/python3.8/site-packages/airflow/example_dags/example_kubernetes_executor.py took 0.094 seconds
[2026-04-16T04:08:04.789+0000] {processor.py:161} INFO - Started process (PID=76260) to work on /home/airflow/.local/lib/python3.8/site-packages/airflow/example_dags/example_kubernetes_executor.py
[2026-04-16T04:08:04.791+0000] {processor.py:830} INFO - Processing file /home/airflow/.local/lib/python3.8/site-packages/airflow/example_dags/example_kubernetes_executor.py for tasks to queue
[2026-04-16T04:08:04.793+0000] {logging_mixin.py:188} INFO - [2026-04-16T04:08:04.793+0000] {dagbag.py:538} INFO - Filling up the DagBag from /home/airflow/.local/lib/python3.8/site-packages/airflow/example_dags/example_kubernetes_executor.py
[2026-04-16T04:08:04.807+0000] {processor.py:840} INFO - DAG(s) 'example_kubernetes_executor' retrieved from /home/airflow/.local/lib/python3.8/site-packages/airflow/example_dags/example_kubernetes_executor.py
[2026-04-16T04:08:04.845+0000] {logging_mixin.py:188} INFO - [2026-04-16T04:08:04.845+0000] {dag.py:3036} INFO - Sync 1 DAGs
[2026-04-16T04:08:04.856+0000] {logging_mixin.py:188} INFO - [2026-04-16T04:08:04.856+0000] {dag.py:3823} INFO - Setting next_dagrun for example_kubernetes_executor to None, run_after=None
[2026-04-16T04:08:04.877+0000] {processor.py:183} INFO - Processing /home/airflow/.local/lib/python3.8/site-packages/airflow/example_dags/example_kubernetes_executor.py took 0.091 seconds
[2026-04-16T04:08:35.330+0000] {processor.py:161} INFO - Started process (PID=76317) to work on /home/airflow/.local/lib/python3.8/site-packages/airflow/example_dags/example_kubernetes_executor.py
[2026-04-16T04:08:35.331+0000] {processor.py:830} INFO - Processing file /home/airflow/.local/lib/python3.8/site-packages/airflow/example_dags/example_kubernetes_executor.py for tasks to queue
[2026-04-16T04:08:35.334+0000] {logging_mixin.py:188} INFO - [2026-04-16T04:08:35.333+0000] {dagbag.py:538} INFO - Filling up the DagBag from /home/airflow/.local/lib/python3.8/site-packages/airflow/example_dags/example_kubernetes_executor.py
[2026-04-16T04:08:35.351+0000] {processor.py:840} INFO - DAG(s) 'example_kubernetes_executor' retrieved from /home/airflow/.local/lib/python3.8/site-packages/airflow/example_dags/example_kubernetes_executor.py
[2026-04-16T04:08:35.520+0000] {logging_mixin.py:188} INFO - [2026-04-16T04:08:35.520+0000] {dag.py:3036} INFO - Sync 1 DAGs
[2026-04-16T04:08:35.530+0000] {logging_mixin.py:188} INFO - [2026-04-16T04:08:35.530+0000] {dag.py:3823} INFO - Setting next_dagrun for example_kubernetes_executor to None, run_after=None
[2026-04-16T04:08:35.551+0000] {processor.py:183} INFO - Processing /home/airflow/.local/lib/python3.8/site-packages/airflow/example_dags/example_kubernetes_executor.py took 0.224 seconds
[2026-04-16T04:09:05.677+0000] {processor.py:161} INFO - Started process (PID=76374) to work on /home/airflow/.local/lib/python3.8/site-packages/airflow/example_dags/example_kubernetes_executor.py
[2026-04-16T04:09:05.679+0000] {processor.py:830} INFO - Processing file /home/airflow/.local/lib/python3.8/site-packages/airflow/example_dags/example_kubernetes_executor.py for tasks to queue
[2026-04-16T04:09:05.682+0000] {logging_mixin.py:188} INFO - [2026-04-16T04:09:05.682+0000] {dagbag.py:538} INFO - Filling up the DagBag from /home/airflow/.local/lib/python3.8/site-packages/airflow/example_dags/example_kubernetes_executor.py
[2026-04-16T04:09:05.699+0000] {processor.py:840} INFO - DAG(s) 'example_kubernetes_executor' retrieved from /home/airflow/.local/lib/python3.8/site-packages/airflow/example_dags/example_kubernetes_executor.py
[2026-04-16T04:09:05.874+0000] {logging_mixin.py:188} INFO - [2026-04-16T04:09:05.873+0000] {dag.py:3036} INFO - Sync 1 DAGs
[2026-04-16T04:09:05.888+0000] {logging_mixin.py:188} INFO - [2026-04-16T04:09:05.887+0000] {dag.py:3823} INFO - Setting next_dagrun for example_kubernetes_executor to None, run_after=None
[2026-04-16T04:09:05.912+0000] {processor.py:183} INFO - Processing /home/airflow/.local/lib/python3.8/site-packages/airflow/example_dags/example_kubernetes_executor.py took 0.240 seconds
[2026-04-16T04:09:36.754+0000] {processor.py:161} INFO - Started process (PID=76431) to work on /home/airflow/.local/lib/python3.8/site-packages/airflow/example_dags/example_kubernetes_executor.py
[2026-04-16T04:09:36.756+0000] {processor.py:830} INFO - Processing file /home/airflow/.local/lib/python3.8/site-packages/airflow/example_dags/example_kubernetes_executor.py for tasks to queue
[2026-04-16T04:09:36.758+0000] {logging_mixin.py:188} INFO - [2026-04-16T04:09:36.757+0000] {dagbag.py:538} INFO - Filling up the DagBag from /home/airflow/.local/lib/python3.8/site-packages/airflow/example_dags/example_kubernetes_executor.py
[2026-04-16T04:09:36.769+0000] {processor.py:840} INFO - DAG(s) 'example_kubernetes_executor' retrieved from /home/airflow/.local/lib/python3.8/site-packages/airflow/example_dags/example_kubernetes_executor.py
[2026-04-16T04:09:36.806+0000] {logging_mixin.py:188} INFO - [2026-04-16T04:09:36.806+0000] {dag.py:3036} INFO - Sync 1 DAGs
[2026-04-16T04:09:36.816+0000] {logging_mixin.py:188} INFO - [2026-04-16T04:09:36.816+0000] {dag.py:3823} INFO - Setting next_dagrun for example_kubernetes_executor to None, run_after=None
[2026-04-16T04:09:37.153+0000] {processor.py:183} INFO - Processing /home/airflow/.local/lib/python3.8/site-packages/airflow/example_dags/example_kubernetes_executor.py took 0.402 seconds
[2026-04-16T04:10:07.679+0000] {processor.py:161} INFO - Started process (PID=76488) to work on /home/airflow/.local/lib/python3.8/site-packages/airflow/example_dags/example_kubernetes_executor.py
[2026-04-16T04:10:07.680+0000] {processor.py:830} INFO - Processing file /home/airflow/.local/lib/python3.8/site-packages/airflow/example_dags/example_kubernetes_executor.py for tasks to queue
[2026-04-16T04:10:07.682+0000] {logging_mixin.py:188} INFO - [2026-04-16T04:10:07.682+0000] {dagbag.py:538} INFO - Filling up the DagBag from /home/airflow/.local/lib/python3.8/site-packages/airflow/example_dags/example_kubernetes_executor.py
[2026-04-16T04:10:07.696+0000] {processor.py:840} INFO - DAG(s) 'example_kubernetes_executor' retrieved from /home/airflow/.local/lib/python3.8/site-packages/airflow/example_dags/example_kubernetes_executor.py
[2026-04-16T04:10:07.739+0000] {logging_mixin.py:188} INFO - [2026-04-16T04:10:07.738+0000] {dag.py:3036} INFO - Sync 1 DAGs
[2026-04-16T04:10:07.750+0000] {logging_mixin.py:188} INFO - [2026-04-16T04:10:07.750+0000] {dag.py:3823} INFO - Setting next_dagrun for example_kubernetes_executor to None, run_after=None
[2026-04-16T04:10:07.771+0000] {processor.py:183} INFO - Processing /home/airflow/.local/lib/python3.8/site-packages/airflow/example_dags/example_kubernetes_executor.py took 0.096 seconds
[2026-04-16T04:10:37.842+0000] {processor.py:161} INFO - Started process (PID=76545) to work on /home/airflow/.local/lib/python3.8/site-packages/airflow/example_dags/example_kubernetes_executor.py
[2026-04-16T04:10:37.844+0000] {processor.py:830} INFO - Processing file /home/airflow/.local/lib/python3.8/site-packages/airflow/example_dags/example_kubernetes_executor.py for tasks to queue
[2026-04-16T04:10:37.847+0000] {logging_mixin.py:188} INFO - [2026-04-16T04:10:37.846+0000] {dagbag.py:538} INFO - Filling up the DagBag from /home/airflow/.local/lib/python3.8/site-packages/airflow/example_dags/example_kubernetes_executor.py
[2026-04-16T04:10:37.863+0000] {processor.py:840} INFO - DAG(s) 'example_kubernetes_executor' retrieved from /home/airflow/.local/lib/python3.8/site-packages/airflow/example_dags/example_kubernetes_executor.py
[2026-04-16T04:10:37.909+0000] {logging_mixin.py:188} INFO - [2026-04-16T04:10:37.909+0000] {dag.py:3036} INFO - Sync 1 DAGs
[2026-04-16T04:10:37.923+0000] {logging_mixin.py:188} INFO - [2026-04-16T04:10:37.923+0000] {dag.py:3823} INFO - Setting next_dagrun for example_kubernetes_executor to None, run_after=None
[2026-04-16T04:10:37.949+0000] {processor.py:183} INFO - Processing /home/airflow/.local/lib/python3.8/site-packages/airflow/example_dags/example_kubernetes_executor.py took 0.112 seconds
[2026-04-16T04:11:08.331+0000] {processor.py:161} INFO - Started process (PID=76602) to work on /home/airflow/.local/lib/python3.8/site-packages/airflow/example_dags/example_kubernetes_executor.py
[2026-04-16T04:11:08.332+0000] {processor.py:830} INFO - Processing file /home/airflow/.local/lib/python3.8/site-packages/airflow/example_dags/example_kubernetes_executor.py for tasks to queue
[2026-04-16T04:11:08.334+0000] {logging_mixin.py:188} INFO - [2026-04-16T04:11:08.334+0000] {dagbag.py:538} INFO - Filling up the DagBag from /home/airflow/.local/lib/python3.8/site-packages/airflow/example_dags/example_kubernetes_executor.py
[2026-04-16T04:11:08.352+0000] {processor.py:840} INFO - DAG(s) 'example_kubernetes_executor' retrieved from /home/airflow/.local/lib/python3.8/site-packages/airflow/example_dags/example_kubernetes_executor.py
[2026-04-16T04:11:08.399+0000] {logging_mixin.py:188} INFO - [2026-04-16T04:11:08.399+0000] {dag.py:3036} INFO - Sync 1 DAGs
[2026-04-16T04:11:08.412+0000] {logging_mixin.py:188} INFO - [2026-04-16T04:11:08.411+0000] {dag.py:3823} INFO - Setting next_dagrun for example_kubernetes_executor to None, run_after=None
[2026-04-16T04:11:08.431+0000] {processor.py:183} INFO - Processing /home/airflow/.local/lib/python3.8/site-packages/airflow/example_dags/example_kubernetes_executor.py took 0.104 seconds
[2026-04-16T04:11:38.569+0000] {processor.py:161} INFO - Started process (PID=76659) to work on /home/airflow/.local/lib/python3.8/site-packages/airflow/example_dags/example_kubernetes_executor.py
[2026-04-16T04:11:38.571+0000] {processor.py:830} INFO - Processing file /home/airflow/.local/lib/python3.8/site-packages/airflow/example_dags/example_kubernetes_executor.py for tasks to queue
[2026-04-16T04:11:38.573+0000] {logging_mixin.py:188} INFO - [2026-04-16T04:11:38.573+0000] {dagbag.py:538} INFO - Filling up the DagBag from /home/airflow/.local/lib/python3.8/site-packages/airflow/example_dags/example_kubernetes_executor.py
[2026-04-16T04:11:38.589+0000] {processor.py:840} INFO - DAG(s) 'example_kubernetes_executor' retrieved from /home/airflow/.local/lib/python3.8/site-packages/airflow/example_dags/example_kubernetes_executor.py
[2026-04-16T04:11:38.629+0000] {logging_mixin.py:188} INFO - [2026-04-16T04:11:38.628+0000] {dag.py:3036} INFO - Sync 1 DAGs
[2026-04-16T04:11:38.641+0000] {logging_mixin.py:188} INFO - [2026-04-16T04:11:38.641+0000] {dag.py:3823} INFO - Setting next_dagrun for example_kubernetes_executor to None, run_after=None
[2026-04-16T04:11:38.666+0000] {processor.py:183} INFO - Processing /home/airflow/.local/lib/python3.8/site-packages/airflow/example_dags/example_kubernetes_executor.py took 0.100 seconds
[2026-04-16T04:12:09.368+0000] {processor.py:161} INFO - Started process (PID=76716) to work on /home/airflow/.local/lib/python3.8/site-packages/airflow/example_dags/example_kubernetes_executor.py
[2026-04-16T04:12:09.370+0000] {processor.py:830} INFO - Processing file /home/airflow/.local/lib/python3.8/site-packages/airflow/example_dags/example_kubernetes_executor.py for tasks to queue
[2026-04-16T04:12:09.373+0000] {logging_mixin.py:188} INFO - [2026-04-16T04:12:09.373+0000] {dagbag.py:538} INFO - Filling up the DagBag from /home/airflow/.local/lib/python3.8/site-packages/airflow/example_dags/example_kubernetes_executor.py
[2026-04-16T04:12:09.399+0000] {processor.py:840} INFO - DAG(s) 'example_kubernetes_executor' retrieved from /home/airflow/.local/lib/python3.8/site-packages/airflow/example_dags/example_kubernetes_executor.py
[2026-04-16T04:12:09.465+0000] {logging_mixin.py:188} INFO - [2026-04-16T04:12:09.465+0000] {dag.py:3036} INFO - Sync 1 DAGs
[2026-04-16T04:12:09.487+0000] {logging_mixin.py:188} INFO - [2026-04-16T04:12:09.486+0000] {dag.py:3823} INFO - Setting next_dagrun for example_kubernetes_executor to None, run_after=None
[2026-04-16T04:12:09.512+0000] {processor.py:183} INFO - Processing /home/airflow/.local/lib/python3.8/site-packages/airflow/example_dags/example_kubernetes_executor.py took 0.150 seconds
[2026-04-16T04:12:39.609+0000] {processor.py:161} INFO - Started process (PID=76773) to work on /home/airflow/.local/lib/python3.8/site-packages/airflow/example_dags/example_kubernetes_executor.py
[2026-04-16T04:12:39.611+0000] {processor.py:830} INFO - Processing file /home/airflow/.local/lib/python3.8/site-packages/airflow/example_dags/example_kubernetes_executor.py for tasks to queue
[2026-04-16T04:12:39.613+0000] {logging_mixin.py:188} INFO - [2026-04-16T04:12:39.613+0000] {dagbag.py:538} INFO - Filling up the DagBag from /home/airflow/.local/lib/python3.8/site-packages/airflow/example_dags/example_kubernetes_executor.py
[2026-04-16T04:12:39.626+0000] {processor.py:840} INFO - DAG(s) 'example_kubernetes_executor' retrieved from /home/airflow/.local/lib/python3.8/site-packages/airflow/example_dags/example_kubernetes_executor.py
[2026-04-16T04:12:39.664+0000] {logging_mixin.py:188} INFO - [2026-04-16T04:12:39.663+0000] {dag.py:3036} INFO - Sync 1 DAGs
[2026-04-16T04:12:39.675+0000] {logging_mixin.py:188} INFO - [2026-04-16T04:12:39.675+0000] {dag.py:3823} INFO - Setting next_dagrun for example_kubernetes_executor to None, run_after=None
[2026-04-16T04:12:39.697+0000] {processor.py:183} INFO - Processing /home/airflow/.local/lib/python3.8/site-packages/airflow/example_dags/example_kubernetes_executor.py took 0.091 seconds
[2026-04-16T04:13:10.098+0000] {processor.py:161} INFO - Started process (PID=76830) to work on /home/airflow/.local/lib/python3.8/site-packages/airflow/example_dags/example_kubernetes_executor.py
[2026-04-16T04:13:10.100+0000] {processor.py:830} INFO - Processing file /home/airflow/.local/lib/python3.8/site-packages/airflow/example_dags/example_kubernetes_executor.py for tasks to queue
[2026-04-16T04:13:10.103+0000] {logging_mixin.py:188} INFO - [2026-04-16T04:13:10.103+0000] {dagbag.py:538} INFO - Filling up the DagBag from /home/airflow/.local/lib/python3.8/site-packages/airflow/example_dags/example_kubernetes_executor.py
[2026-04-16T04:13:10.119+0000] {processor.py:840} INFO - DAG(s) 'example_kubernetes_executor' retrieved from /home/airflow/.local/lib/python3.8/site-packages/airflow/example_dags/example_kubernetes_executor.py
[2026-04-16T04:13:10.160+0000] {logging_mixin.py:188} INFO - [2026-04-16T04:13:10.160+0000] {dag.py:3036} INFO - Sync 1 DAGs
[2026-04-16T04:13:10.172+0000] {logging_mixin.py:188} INFO - [2026-04-16T04:13:10.172+0000] {dag.py:3823} INFO - Setting next_dagrun for example_kubernetes_executor to None, run_after=None
[2026-04-16T04:13:10.194+0000] {processor.py:183} INFO - Processing /home/airflow/.local/lib/python3.8/site-packages/airflow/example_dags/example_kubernetes_executor.py took 0.100 seconds
[2026-04-16T04:13:40.454+0000] {processor.py:161} INFO - Started process (PID=76887) to work on /home/airflow/.local/lib/python3.8/site-packages/airflow/example_dags/example_kubernetes_executor.py
[2026-04-16T04:13:40.455+0000] {processor.py:830} INFO - Processing file /home/airflow/.local/lib/python3.8/site-packages/airflow/example_dags/example_kubernetes_executor.py for tasks to queue
[2026-04-16T04:13:40.457+0000] {logging_mixin.py:188} INFO - [2026-04-16T04:13:40.457+0000] {dagbag.py:538} INFO - Filling up the DagBag from /home/airflow/.local/lib/python3.8/site-packages/airflow/example_dags/example_kubernetes_executor.py
[2026-04-16T04:13:40.469+0000] {processor.py:840} INFO - DAG(s) 'example_kubernetes_executor' retrieved from /home/airflow/.local/lib/python3.8/site-packages/airflow/example_dags/example_kubernetes_executor.py
[2026-04-16T04:13:40.515+0000] {logging_mixin.py:188} INFO - [2026-04-16T04:13:40.514+0000] {dag.py:3036} INFO - Sync 1 DAGs
[2026-04-16T04:13:40.526+0000] {logging_mixin.py:188} INFO - [2026-04-16T04:13:40.526+0000] {dag.py:3823} INFO - Setting next_dagrun for example_kubernetes_executor to None, run_after=None
[2026-04-16T04:13:40.546+0000] {processor.py:183} INFO - Processing /home/airflow/.local/lib/python3.8/site-packages/airflow/example_dags/example_kubernetes_executor.py took 0.096 seconds
[2026-04-16T04:14:10.699+0000] {processor.py:161} INFO - Started process (PID=76944) to work on /home/airflow/.local/lib/python3.8/site-packages/airflow/example_dags/example_kubernetes_executor.py
[2026-04-16T04:14:10.701+0000] {processor.py:830} INFO - Processing file /home/airflow/.local/lib/python3.8/site-packages/airflow/example_dags/example_kubernetes_executor.py for tasks to queue
[2026-04-16T04:14:10.703+0000] {logging_mixin.py:188} INFO - [2026-04-16T04:14:10.703+0000] {dagbag.py:538} INFO - Filling up the DagBag from /home/airflow/.local/lib/python3.8/site-packages/airflow/example_dags/example_kubernetes_executor.py
[2026-04-16T04:14:10.719+0000] {processor.py:840} INFO - DAG(s) 'example_kubernetes_executor' retrieved from /home/airflow/.local/lib/python3.8/site-packages/airflow/example_dags/example_kubernetes_executor.py
[2026-04-16T04:14:10.756+0000] {logging_mixin.py:188} INFO - [2026-04-16T04:14:10.756+0000] {dag.py:3036} INFO - Sync 1 DAGs
[2026-04-16T04:14:10.769+0000] {logging_mixin.py:188} INFO - [2026-04-16T04:14:10.768+0000] {dag.py:3823} INFO - Setting next_dagrun for example_kubernetes_executor to None, run_after=None
[2026-04-16T04:14:10.791+0000] {processor.py:183} INFO - Processing /home/airflow/.local/lib/python3.8/site-packages/airflow/example_dags/example_kubernetes_executor.py took 0.095 seconds
[2026-04-16T04:14:41.043+0000] {processor.py:161} INFO - Started process (PID=77001) to work on /home/airflow/.local/lib/python3.8/site-packages/airflow/example_dags/example_kubernetes_executor.py
[2026-04-16T04:14:41.044+0000] {processor.py:830} INFO - Processing file /home/airflow/.local/lib/python3.8/site-packages/airflow/example_dags/example_kubernetes_executor.py for tasks to queue
[2026-04-16T04:14:41.046+0000] {logging_mixin.py:188} INFO - [2026-04-16T04:14:41.046+0000] {dagbag.py:538} INFO - Filling up the DagBag from /home/airflow/.local/lib/python3.8/site-packages/airflow/example_dags/example_kubernetes_executor.py
[2026-04-16T04:14:41.060+0000] {processor.py:840} INFO - DAG(s) 'example_kubernetes_executor' retrieved from /home/airflow/.local/lib/python3.8/site-packages/airflow/example_dags/example_kubernetes_executor.py
[2026-04-16T04:14:41.104+0000] {logging_mixin.py:188} INFO - [2026-04-16T04:14:41.104+0000] {dag.py:3036} INFO - Sync 1 DAGs
[2026-04-16T04:14:41.118+0000] {logging_mixin.py:188} INFO - [2026-04-16T04:14:41.117+0000] {dag.py:3823} INFO - Setting next_dagrun for example_kubernetes_executor to None, run_after=None
[2026-04-16T04:14:41.143+0000] {processor.py:183} INFO - Processing /home/airflow/.local/lib/python3.8/site-packages/airflow/example_dags/example_kubernetes_executor.py took 0.104 seconds
[2026-04-16T04:15:11.265+0000] {processor.py:161} INFO - Started process (PID=77058) to work on /home/airflow/.local/lib/python3.8/site-packages/airflow/example_dags/example_kubernetes_executor.py
[2026-04-16T04:15:11.266+0000] {processor.py:830} INFO - Processing file /home/airflow/.local/lib/python3.8/site-packages/airflow/example_dags/example_kubernetes_executor.py for tasks to queue
[2026-04-16T04:15:11.268+0000] {logging_mixin.py:188} INFO - [2026-04-16T04:15:11.268+0000] {dagbag.py:538} INFO - Filling up the DagBag from /home/airflow/.local/lib/python3.8/site-packages/airflow/example_dags/example_kubernetes_executor.py
[2026-04-16T04:15:11.284+0000] {processor.py:840} INFO - DAG(s) 'example_kubernetes_executor' retrieved from /home/airflow/.local/lib/python3.8/site-packages/airflow/example_dags/example_kubernetes_executor.py
[2026-04-16T04:15:11.333+0000] {logging_mixin.py:188} INFO - [2026-04-16T04:15:11.333+0000] {dag.py:3036} INFO - Sync 1 DAGs
[2026-04-16T04:15:11.346+0000] {logging_mixin.py:188} INFO - [2026-04-16T04:15:11.346+0000] {dag.py:3823} INFO - Setting next_dagrun for example_kubernetes_executor to None, run_after=None
[2026-04-16T04:15:11.369+0000] {processor.py:183} INFO - Processing /home/airflow/.local/lib/python3.8/site-packages/airflow/example_dags/example_kubernetes_executor.py took 0.109 seconds
[2026-04-16T04:15:41.598+0000] {processor.py:161} INFO - Started process (PID=77115) to work on /home/airflow/.local/lib/python3.8/site-packages/airflow/example_dags/example_kubernetes_executor.py
[2026-04-16T04:15:41.600+0000] {processor.py:830} INFO - Processing file /home/airflow/.local/lib/python3.8/site-packages/airflow/example_dags/example_kubernetes_executor.py for tasks to queue
[2026-04-16T04:15:41.602+0000] {logging_mixin.py:188} INFO - [2026-04-16T04:15:41.602+0000] {dagbag.py:538} INFO - Filling up the DagBag from /home/airflow/.local/lib/python3.8/site-packages/airflow/example_dags/example_kubernetes_executor.py
[2026-04-16T04:15:41.615+0000] {processor.py:840} INFO - DAG(s) 'example_kubernetes_executor' retrieved from /home/airflow/.local/lib/python3.8/site-packages/airflow/example_dags/example_kubernetes_executor.py
[2026-04-16T04:15:41.656+0000] {logging_mixin.py:188} INFO - [2026-04-16T04:15:41.656+0000] {dag.py:3036} INFO - Sync 1 DAGs
[2026-04-16T04:15:41.667+0000] {logging_mixin.py:188} INFO - [2026-04-16T04:15:41.667+0000] {dag.py:3823} INFO - Setting next_dagrun for example_kubernetes_executor to None, run_after=None
[2026-04-16T04:15:41.690+0000] {processor.py:183} INFO - Processing /home/airflow/.local/lib/python3.8/site-packages/airflow/example_dags/example_kubernetes_executor.py took 0.095 seconds
[2026-04-16T04:16:11.973+0000] {processor.py:161} INFO - Started process (PID=77172) to work on /home/airflow/.local/lib/python3.8/site-packages/airflow/example_dags/example_kubernetes_executor.py
[2026-04-16T04:16:11.974+0000] {processor.py:830} INFO - Processing file /home/airflow/.local/lib/python3.8/site-packages/airflow/example_dags/example_kubernetes_executor.py for tasks to queue
[2026-04-16T04:16:11.977+0000] {logging_mixin.py:188} INFO - [2026-04-16T04:16:11.977+0000] {dagbag.py:538} INFO - Filling up the DagBag from /home/airflow/.local/lib/python3.8/site-packages/airflow/example_dags/example_kubernetes_executor.py
[2026-04-16T04:16:11.990+0000] {processor.py:840} INFO - DAG(s) 'example_kubernetes_executor' retrieved from /home/airflow/.local/lib/python3.8/site-packages/airflow/example_dags/example_kubernetes_executor.py
[2026-04-16T04:16:12.032+0000] {logging_mixin.py:188} INFO - [2026-04-16T04:16:12.032+0000] {dag.py:3036} INFO - Sync 1 DAGs
[2026-04-16T04:16:12.043+0000] {logging_mixin.py:188} INFO - [2026-04-16T04:16:12.043+0000] {dag.py:3823} INFO - Setting next_dagrun for example_kubernetes_executor to None, run_after=None
[2026-04-16T04:16:12.065+0000] {processor.py:183} INFO - Processing /home/airflow/.local/lib/python3.8/site-packages/airflow/example_dags/example_kubernetes_executor.py took 0.096 seconds
[2026-04-16T04:16:42.374+0000] {processor.py:161} INFO - Started process (PID=77229) to work on /home/airflow/.local/lib/python3.8/site-packages/airflow/example_dags/example_kubernetes_executor.py
[2026-04-16T04:16:42.375+0000] {processor.py:830} INFO - Processing file /home/airflow/.local/lib/python3.8/site-packages/airflow/example_dags/example_kubernetes_executor.py for tasks to queue
[2026-04-16T04:16:42.378+0000] {logging_mixin.py:188} INFO - [2026-04-16T04:16:42.378+0000] {dagbag.py:538} INFO - Filling up the DagBag from /home/airflow/.local/lib/python3.8/site-packages/airflow/example_dags/example_kubernetes_executor.py
[2026-04-16T04:16:42.392+0000] {processor.py:840} INFO - DAG(s) 'example_kubernetes_executor' retrieved from /home/airflow/.local/lib/python3.8/site-packages/airflow/example_dags/example_kubernetes_executor.py
[2026-04-16T04:16:42.433+0000] {logging_mixin.py:188} INFO - [2026-04-16T04:16:42.433+0000] {dag.py:3036} INFO - Sync 1 DAGs
[2026-04-16T04:16:42.445+0000] {logging_mixin.py:188} INFO - [2026-04-16T04:16:42.445+0000] {dag.py:3823} INFO - Setting next_dagrun for example_kubernetes_executor to None, run_after=None
[2026-04-16T04:16:42.467+0000] {processor.py:183} INFO - Processing /home/airflow/.local/lib/python3.8/site-packages/airflow/example_dags/example_kubernetes_executor.py took 0.098 seconds
[2026-04-16T04:17:12.611+0000] {processor.py:161} INFO - Started process (PID=77286) to work on /home/airflow/.local/lib/python3.8/site-packages/airflow/example_dags/example_kubernetes_executor.py
[2026-04-16T04:17:12.613+0000] {processor.py:830} INFO - Processing file /home/airflow/.local/lib/python3.8/site-packages/airflow/example_dags/example_kubernetes_executor.py for tasks to queue
[2026-04-16T04:17:12.615+0000] {logging_mixin.py:188} INFO - [2026-04-16T04:17:12.615+0000] {dagbag.py:538} INFO - Filling up the DagBag from /home/airflow/.local/lib/python3.8/site-packages/airflow/example_dags/example_kubernetes_executor.py
[2026-04-16T04:17:12.634+0000] {processor.py:840} INFO - DAG(s) 'example_kubernetes_executor' retrieved from /home/airflow/.local/lib/python3.8/site-packages/airflow/example_dags/example_kubernetes_executor.py
[2026-04-16T04:17:12.680+0000] {logging_mixin.py:188} INFO - [2026-04-16T04:17:12.680+0000] {dag.py:3036} INFO - Sync 1 DAGs
[2026-04-16T04:17:12.691+0000] {logging_mixin.py:188} INFO - [2026-04-16T04:17:12.691+0000] {dag.py:3823} INFO - Setting next_dagrun for example_kubernetes_executor to None, run_after=None
[2026-04-16T04:17:12.715+0000] {processor.py:183} INFO - Processing /home/airflow/.local/lib/python3.8/site-packages/airflow/example_dags/example_kubernetes_executor.py took 0.108 seconds
[2026-04-16T04:17:42.866+0000] {processor.py:161} INFO - Started process (PID=77343) to work on /home/airflow/.local/lib/python3.8/site-packages/airflow/example_dags/example_kubernetes_executor.py
[2026-04-16T04:17:42.868+0000] {processor.py:830} INFO - Processing file /home/airflow/.local/lib/python3.8/site-packages/airflow/example_dags/example_kubernetes_executor.py for tasks to queue
[2026-04-16T04:17:42.870+0000] {logging_mixin.py:188} INFO - [2026-04-16T04:17:42.870+0000] {dagbag.py:538} INFO - Filling up the DagBag from /home/airflow/.local/lib/python3.8/site-packages/airflow/example_dags/example_kubernetes_executor.py
[2026-04-16T04:17:42.884+0000] {processor.py:840} INFO - DAG(s) 'example_kubernetes_executor' retrieved from /home/airflow/.local/lib/python3.8/site-packages/airflow/example_dags/example_kubernetes_executor.py
[2026-04-16T04:17:42.924+0000] {logging_mixin.py:188} INFO - [2026-04-16T04:17:42.924+0000] {dag.py:3036} INFO - Sync 1 DAGs
[2026-04-16T04:17:42.936+0000] {logging_mixin.py:188} INFO - [2026-04-16T04:17:42.936+0000] {dag.py:3823} INFO - Setting next_dagrun for example_kubernetes_executor to None, run_after=None
[2026-04-16T04:17:42.958+0000] {processor.py:183} INFO - Processing /home/airflow/.local/lib/python3.8/site-packages/airflow/example_dags/example_kubernetes_executor.py took 0.096 seconds
[2026-04-16T04:18:13.212+0000] {processor.py:161} INFO - Started process (PID=77400) to work on /home/airflow/.local/lib/python3.8/site-packages/airflow/example_dags/example_kubernetes_executor.py
[2026-04-16T04:18:13.213+0000] {processor.py:830} INFO - Processing file /home/airflow/.local/lib/python3.8/site-packages/airflow/example_dags/example_kubernetes_executor.py for tasks to queue
[2026-04-16T04:18:13.216+0000] {logging_mixin.py:188} INFO - [2026-04-16T04:18:13.216+0000] {dagbag.py:538} INFO - Filling up the DagBag from /home/airflow/.local/lib/python3.8/site-packages/airflow/example_dags/example_kubernetes_executor.py
[2026-04-16T04:18:13.230+0000] {processor.py:840} INFO - DAG(s) 'example_kubernetes_executor' retrieved from /home/airflow/.local/lib/python3.8/site-packages/airflow/example_dags/example_kubernetes_executor.py
[2026-04-16T04:18:13.270+0000] {logging_mixin.py:188} INFO - [2026-04-16T04:18:13.270+0000] {dag.py:3036} INFO - Sync 1 DAGs
[2026-04-16T04:18:13.281+0000] {logging_mixin.py:188} INFO - [2026-04-16T04:18:13.281+0000] {dag.py:3823} INFO - Setting next_dagrun for example_kubernetes_executor to None, run_after=None
[2026-04-16T04:18:13.304+0000] {processor.py:183} INFO - Processing /home/airflow/.local/lib/python3.8/site-packages/airflow/example_dags/example_kubernetes_executor.py took 0.096 seconds
[2026-04-16T04:18:43.732+0000] {processor.py:161} INFO - Started process (PID=77457) to work on /home/airflow/.local/lib/python3.8/site-packages/airflow/example_dags/example_kubernetes_executor.py
[2026-04-16T04:18:43.733+0000] {processor.py:830} INFO - Processing file /home/airflow/.local/lib/python3.8/site-packages/airflow/example_dags/example_kubernetes_executor.py for tasks to queue
[2026-04-16T04:18:43.736+0000] {logging_mixin.py:188} INFO - [2026-04-16T04:18:43.736+0000] {dagbag.py:538} INFO - Filling up the DagBag from /home/airflow/.local/lib/python3.8/site-packages/airflow/example_dags/example_kubernetes_executor.py
[2026-04-16T04:18:43.757+0000] {processor.py:840} INFO - DAG(s) 'example_kubernetes_executor' retrieved from /home/airflow/.local/lib/python3.8/site-packages/airflow/example_dags/example_kubernetes_executor.py
[2026-04-16T04:18:43.804+0000] {logging_mixin.py:188} INFO - [2026-04-16T04:18:43.804+0000] {dag.py:3036} INFO - Sync 1 DAGs
[2026-04-16T04:18:43.817+0000] {logging_mixin.py:188} INFO - [2026-04-16T04:18:43.817+0000] {dag.py:3823} INFO - Setting next_dagrun for example_kubernetes_executor to None, run_after=None
[2026-04-16T04:18:43.840+0000] {processor.py:183} INFO - Processing /home/airflow/.local/lib/python3.8/site-packages/airflow/example_dags/example_kubernetes_executor.py took 0.113 seconds
[2026-04-16T04:19:14.079+0000] {processor.py:161} INFO - Started process (PID=77514) to work on /home/airflow/.local/lib/python3.8/site-packages/airflow/example_dags/example_kubernetes_executor.py
[2026-04-16T04:19:14.081+0000] {processor.py:830} INFO - Processing file /home/airflow/.local/lib/python3.8/site-packages/airflow/example_dags/example_kubernetes_executor.py for tasks to queue
[2026-04-16T04:19:14.083+0000] {logging_mixin.py:188} INFO - [2026-04-16T04:19:14.083+0000] {dagbag.py:538} INFO - Filling up the DagBag from /home/airflow/.local/lib/python3.8/site-packages/airflow/example_dags/example_kubernetes_executor.py
[2026-04-16T04:19:14.100+0000] {processor.py:840} INFO - DAG(s) 'example_kubernetes_executor' retrieved from /home/airflow/.local/lib/python3.8/site-packages/airflow/example_dags/example_kubernetes_executor.py
[2026-04-16T04:19:14.141+0000] {logging_mixin.py:188} INFO - [2026-04-16T04:19:14.141+0000] {dag.py:3036} INFO - Sync 1 DAGs
[2026-04-16T04:19:14.153+0000] {logging_mixin.py:188} INFO - [2026-04-16T04:19:14.152+0000] {dag.py:3823} INFO - Setting next_dagrun for example_kubernetes_executor to None, run_after=None
[2026-04-16T04:19:14.176+0000] {processor.py:183} INFO - Processing /home/airflow/.local/lib/python3.8/site-packages/airflow/example_dags/example_kubernetes_executor.py took 0.101 seconds
[2026-04-16T04:19:44.539+0000] {processor.py:161} INFO - Started process (PID=77571) to work on /home/airflow/.local/lib/python3.8/site-packages/airflow/example_dags/example_kubernetes_executor.py
[2026-04-16T04:19:44.540+0000] {processor.py:830} INFO - Processing file /home/airflow/.local/lib/python3.8/site-packages/airflow/example_dags/example_kubernetes_executor.py for tasks to queue
[2026-04-16T04:19:44.542+0000] {logging_mixin.py:188} INFO - [2026-04-16T04:19:44.542+0000] {dagbag.py:538} INFO - Filling up the DagBag from /home/airflow/.local/lib/python3.8/site-packages/airflow/example_dags/example_kubernetes_executor.py
[2026-04-16T04:19:44.557+0000] {processor.py:840} INFO - DAG(s) 'example_kubernetes_executor' retrieved from /home/airflow/.local/lib/python3.8/site-packages/airflow/example_dags/example_kubernetes_executor.py
[2026-04-16T04:19:44.599+0000] {logging_mixin.py:188} INFO - [2026-04-16T04:19:44.599+0000] {dag.py:3036} INFO - Sync 1 DAGs
[2026-04-16T04:19:44.611+0000] {logging_mixin.py:188} INFO - [2026-04-16T04:19:44.611+0000] {dag.py:3823} INFO - Setting next_dagrun for example_kubernetes_executor to None, run_after=None
[2026-04-16T04:19:44.639+0000] {processor.py:183} INFO - Processing /home/airflow/.local/lib/python3.8/site-packages/airflow/example_dags/example_kubernetes_executor.py took 0.104 seconds
[2026-04-16T04:20:14.857+0000] {processor.py:161} INFO - Started process (PID=77628) to work on /home/airflow/.local/lib/python3.8/site-packages/airflow/example_dags/example_kubernetes_executor.py
[2026-04-16T04:20:14.858+0000] {processor.py:830} INFO - Processing file /home/airflow/.local/lib/python3.8/site-packages/airflow/example_dags/example_kubernetes_executor.py for tasks to queue
[2026-04-16T04:20:14.860+0000] {logging_mixin.py:188} INFO - [2026-04-16T04:20:14.860+0000] {dagbag.py:538} INFO - Filling up the DagBag from /home/airflow/.local/lib/python3.8/site-packages/airflow/example_dags/example_kubernetes_executor.py
[2026-04-16T04:20:14.876+0000] {processor.py:840} INFO - DAG(s) 'example_kubernetes_executor' retrieved from /home/airflow/.local/lib/python3.8/site-packages/airflow/example_dags/example_kubernetes_executor.py
[2026-04-16T04:20:14.917+0000] {logging_mixin.py:188} INFO - [2026-04-16T04:20:14.917+0000] {dag.py:3036} INFO - Sync 1 DAGs
[2026-04-16T04:20:14.930+0000] {logging_mixin.py:188} INFO - [2026-04-16T04:20:14.929+0000] {dag.py:3823} INFO - Setting next_dagrun for example_kubernetes_executor to None, run_after=None
[2026-04-16T04:20:14.952+0000] {processor.py:183} INFO - Processing /home/airflow/.local/lib/python3.8/site-packages/airflow/example_dags/example_kubernetes_executor.py took 0.099 seconds
[2026-04-16T04:20:45.546+0000] {processor.py:161} INFO - Started process (PID=77685) to work on /home/airflow/.local/lib/python3.8/site-packages/airflow/example_dags/example_kubernetes_executor.py
[2026-04-16T04:20:45.547+0000] {processor.py:830} INFO - Processing file /home/airflow/.local/lib/python3.8/site-packages/airflow/example_dags/example_kubernetes_executor.py for tasks to queue
[2026-04-16T04:20:45.550+0000] {logging_mixin.py:188} INFO - [2026-04-16T04:20:45.549+0000] {dagbag.py:538} INFO - Filling up the DagBag from /home/airflow/.local/lib/python3.8/site-packages/airflow/example_dags/example_kubernetes_executor.py
[2026-04-16T04:20:45.570+0000] {processor.py:840} INFO - DAG(s) 'example_kubernetes_executor' retrieved from /home/airflow/.local/lib/python3.8/site-packages/airflow/example_dags/example_kubernetes_executor.py
[2026-04-16T04:20:45.611+0000] {logging_mixin.py:188} INFO - [2026-04-16T04:20:45.611+0000] {dag.py:3036} INFO - Sync 1 DAGs
[2026-04-16T04:20:45.623+0000] {logging_mixin.py:188} INFO - [2026-04-16T04:20:45.623+0000] {dag.py:3823} INFO - Setting next_dagrun for example_kubernetes_executor to None, run_after=None
[2026-04-16T04:20:45.645+0000] {processor.py:183} INFO - Processing /home/airflow/.local/lib/python3.8/site-packages/airflow/example_dags/example_kubernetes_executor.py took 0.104 seconds
[2026-04-16T04:21:15.938+0000] {processor.py:161} INFO - Started process (PID=77742) to work on /home/airflow/.local/lib/python3.8/site-packages/airflow/example_dags/example_kubernetes_executor.py
[2026-04-16T04:21:15.939+0000] {processor.py:830} INFO - Processing file /home/airflow/.local/lib/python3.8/site-packages/airflow/example_dags/example_kubernetes_executor.py for tasks to queue
[2026-04-16T04:21:15.942+0000] {logging_mixin.py:188} INFO - [2026-04-16T04:21:15.941+0000] {dagbag.py:538} INFO - Filling up the DagBag from /home/airflow/.local/lib/python3.8/site-packages/airflow/example_dags/example_kubernetes_executor.py
[2026-04-16T04:21:15.956+0000] {processor.py:840} INFO - DAG(s) 'example_kubernetes_executor' retrieved from /home/airflow/.local/lib/python3.8/site-packages/airflow/example_dags/example_kubernetes_executor.py
[2026-04-16T04:21:15.996+0000] {logging_mixin.py:188} INFO - [2026-04-16T04:21:15.996+0000] {dag.py:3036} INFO - Sync 1 DAGs
[2026-04-16T04:21:16.007+0000] {logging_mixin.py:188} INFO - [2026-04-16T04:21:16.007+0000] {dag.py:3823} INFO - Setting next_dagrun for example_kubernetes_executor to None, run_after=None
[2026-04-16T04:21:16.029+0000] {processor.py:183} INFO - Processing /home/airflow/.local/lib/python3.8/site-packages/airflow/example_dags/example_kubernetes_executor.py took 0.095 seconds
[2026-04-16T04:21:46.441+0000] {processor.py:161} INFO - Started process (PID=77799) to work on /home/airflow/.local/lib/python3.8/site-packages/airflow/example_dags/example_kubernetes_executor.py
[2026-04-16T04:21:46.442+0000] {processor.py:830} INFO - Processing file /home/airflow/.local/lib/python3.8/site-packages/airflow/example_dags/example_kubernetes_executor.py for tasks to queue
[2026-04-16T04:21:46.445+0000] {logging_mixin.py:188} INFO - [2026-04-16T04:21:46.444+0000] {dagbag.py:538} INFO - Filling up the DagBag from /home/airflow/.local/lib/python3.8/site-packages/airflow/example_dags/example_kubernetes_executor.py
[2026-04-16T04:21:46.461+0000] {processor.py:840} INFO - DAG(s) 'example_kubernetes_executor' retrieved from /home/airflow/.local/lib/python3.8/site-packages/airflow/example_dags/example_kubernetes_executor.py
[2026-04-16T04:21:46.502+0000] {logging_mixin.py:188} INFO - [2026-04-16T04:21:46.501+0000] {dag.py:3036} INFO - Sync 1 DAGs
[2026-04-16T04:21:46.516+0000] {logging_mixin.py:188} INFO - [2026-04-16T04:21:46.515+0000] {dag.py:3823} INFO - Setting next_dagrun for example_kubernetes_executor to None, run_after=None
[2026-04-16T04:21:46.538+0000] {processor.py:183} INFO - Processing /home/airflow/.local/lib/python3.8/site-packages/airflow/example_dags/example_kubernetes_executor.py took 0.101 seconds
[2026-04-16T04:22:16.862+0000] {processor.py:161} INFO - Started process (PID=77856) to work on /home/airflow/.local/lib/python3.8/site-packages/airflow/example_dags/example_kubernetes_executor.py
[2026-04-16T04:22:16.863+0000] {processor.py:830} INFO - Processing file /home/airflow/.local/lib/python3.8/site-packages/airflow/example_dags/example_kubernetes_executor.py for tasks to queue
[2026-04-16T04:22:16.866+0000] {logging_mixin.py:188} INFO - [2026-04-16T04:22:16.865+0000] {dagbag.py:538} INFO - Filling up the DagBag from /home/airflow/.local/lib/python3.8/site-packages/airflow/example_dags/example_kubernetes_executor.py
[2026-04-16T04:22:16.879+0000] {processor.py:840} INFO - DAG(s) 'example_kubernetes_executor' retrieved from /home/airflow/.local/lib/python3.8/site-packages/airflow/example_dags/example_kubernetes_executor.py
[2026-04-16T04:22:16.916+0000] {logging_mixin.py:188} INFO - [2026-04-16T04:22:16.915+0000] {dag.py:3036} INFO - Sync 1 DAGs
[2026-04-16T04:22:16.929+0000] {logging_mixin.py:188} INFO - [2026-04-16T04:22:16.928+0000] {dag.py:3823} INFO - Setting next_dagrun for example_kubernetes_executor to None, run_after=None
[2026-04-16T04:22:16.945+0000] {processor.py:183} INFO - Processing /home/airflow/.local/lib/python3.8/site-packages/airflow/example_dags/example_kubernetes_executor.py took 0.090 seconds
[2026-04-16T04:22:47.673+0000] {processor.py:161} INFO - Started process (PID=77913) to work on /home/airflow/.local/lib/python3.8/site-packages/airflow/example_dags/example_kubernetes_executor.py
[2026-04-16T04:22:47.675+0000] {processor.py:830} INFO - Processing file /home/airflow/.local/lib/python3.8/site-packages/airflow/example_dags/example_kubernetes_executor.py for tasks to queue
[2026-04-16T04:22:47.677+0000] {logging_mixin.py:188} INFO - [2026-04-16T04:22:47.677+0000] {dagbag.py:538} INFO - Filling up the DagBag from /home/airflow/.local/lib/python3.8/site-packages/airflow/example_dags/example_kubernetes_executor.py
[2026-04-16T04:22:47.692+0000] {processor.py:840} INFO - DAG(s) 'example_kubernetes_executor' retrieved from /home/airflow/.local/lib/python3.8/site-packages/airflow/example_dags/example_kubernetes_executor.py
[2026-04-16T04:22:47.730+0000] {logging_mixin.py:188} INFO - [2026-04-16T04:22:47.730+0000] {dag.py:3036} INFO - Sync 1 DAGs
[2026-04-16T04:22:47.741+0000] {logging_mixin.py:188} INFO - [2026-04-16T04:22:47.740+0000] {dag.py:3823} INFO - Setting next_dagrun for example_kubernetes_executor to None, run_after=None
[2026-04-16T04:22:47.764+0000] {processor.py:183} INFO - Processing /home/airflow/.local/lib/python3.8/site-packages/airflow/example_dags/example_kubernetes_executor.py took 0.095 seconds
[2026-04-16T04:23:18.147+0000] {processor.py:161} INFO - Started process (PID=77970) to work on /home/airflow/.local/lib/python3.8/site-packages/airflow/example_dags/example_kubernetes_executor.py
[2026-04-16T04:23:18.149+0000] {processor.py:830} INFO - Processing file /home/airflow/.local/lib/python3.8/site-packages/airflow/example_dags/example_kubernetes_executor.py for tasks to queue
[2026-04-16T04:23:18.151+0000] {logging_mixin.py:188} INFO - [2026-04-16T04:23:18.151+0000] {dagbag.py:538} INFO - Filling up the DagBag from /home/airflow/.local/lib/python3.8/site-packages/airflow/example_dags/example_kubernetes_executor.py
[2026-04-16T04:23:18.165+0000] {processor.py:840} INFO - DAG(s) 'example_kubernetes_executor' retrieved from /home/airflow/.local/lib/python3.8/site-packages/airflow/example_dags/example_kubernetes_executor.py
[2026-04-16T04:23:18.204+0000] {logging_mixin.py:188} INFO - [2026-04-16T04:23:18.204+0000] {dag.py:3036} INFO - Sync 1 DAGs
[2026-04-16T04:23:18.215+0000] {logging_mixin.py:188} INFO - [2026-04-16T04:23:18.215+0000] {dag.py:3823} INFO - Setting next_dagrun for example_kubernetes_executor to None, run_after=None
[2026-04-16T04:23:18.240+0000] {processor.py:183} INFO - Processing /home/airflow/.local/lib/python3.8/site-packages/airflow/example_dags/example_kubernetes_executor.py took 0.097 seconds
[2026-04-16T04:23:48.739+0000] {processor.py:161} INFO - Started process (PID=78027) to work on /home/airflow/.local/lib/python3.8/site-packages/airflow/example_dags/example_kubernetes_executor.py
[2026-04-16T04:23:48.741+0000] {processor.py:830} INFO - Processing file /home/airflow/.local/lib/python3.8/site-packages/airflow/example_dags/example_kubernetes_executor.py for tasks to queue
[2026-04-16T04:23:48.743+0000] {logging_mixin.py:188} INFO - [2026-04-16T04:23:48.743+0000] {dagbag.py:538} INFO - Filling up the DagBag from /home/airflow/.local/lib/python3.8/site-packages/airflow/example_dags/example_kubernetes_executor.py
[2026-04-16T04:23:48.765+0000] {processor.py:840} INFO - DAG(s) 'example_kubernetes_executor' retrieved from /home/airflow/.local/lib/python3.8/site-packages/airflow/example_dags/example_kubernetes_executor.py
[2026-04-16T04:23:48.821+0000] {logging_mixin.py:188} INFO - [2026-04-16T04:23:48.821+0000] {dag.py:3036} INFO - Sync 1 DAGs
[2026-04-16T04:23:48.839+0000] {logging_mixin.py:188} INFO - [2026-04-16T04:23:48.839+0000] {dag.py:3823} INFO - Setting next_dagrun for example_kubernetes_executor to None, run_after=None
[2026-04-16T04:23:48.866+0000] {processor.py:183} INFO - Processing /home/airflow/.local/lib/python3.8/site-packages/airflow/example_dags/example_kubernetes_executor.py took 0.131 seconds
[2026-04-16T04:24:19.196+0000] {processor.py:161} INFO - Started process (PID=78084) to work on /home/airflow/.local/lib/python3.8/site-packages/airflow/example_dags/example_kubernetes_executor.py
[2026-04-16T04:24:19.197+0000] {processor.py:830} INFO - Processing file /home/airflow/.local/lib/python3.8/site-packages/airflow/example_dags/example_kubernetes_executor.py for tasks to queue
[2026-04-16T04:24:19.200+0000] {logging_mixin.py:188} INFO - [2026-04-16T04:24:19.199+0000] {dagbag.py:538} INFO - Filling up the DagBag from /home/airflow/.local/lib/python3.8/site-packages/airflow/example_dags/example_kubernetes_executor.py
[2026-04-16T04:24:19.213+0000] {processor.py:840} INFO - DAG(s) 'example_kubernetes_executor' retrieved from /home/airflow/.local/lib/python3.8/site-packages/airflow/example_dags/example_kubernetes_executor.py
[2026-04-16T04:24:19.254+0000] {logging_mixin.py:188} INFO - [2026-04-16T04:24:19.253+0000] {dag.py:3036} INFO - Sync 1 DAGs
[2026-04-16T04:24:19.265+0000] {logging_mixin.py:188} INFO - [2026-04-16T04:24:19.265+0000] {dag.py:3823} INFO - Setting next_dagrun for example_kubernetes_executor to None, run_after=None
[2026-04-16T04:24:19.290+0000] {processor.py:183} INFO - Processing /home/airflow/.local/lib/python3.8/site-packages/airflow/example_dags/example_kubernetes_executor.py took 0.098 seconds
[2026-04-16T04:24:49.986+0000] {processor.py:161} INFO - Started process (PID=78141) to work on /home/airflow/.local/lib/python3.8/site-packages/airflow/example_dags/example_kubernetes_executor.py
[2026-04-16T04:24:49.987+0000] {processor.py:830} INFO - Processing file /home/airflow/.local/lib/python3.8/site-packages/airflow/example_dags/example_kubernetes_executor.py for tasks to queue
[2026-04-16T04:24:49.990+0000] {logging_mixin.py:188} INFO - [2026-04-16T04:24:49.990+0000] {dagbag.py:538} INFO - Filling up the DagBag from /home/airflow/.local/lib/python3.8/site-packages/airflow/example_dags/example_kubernetes_executor.py
[2026-04-16T04:24:50.004+0000] {processor.py:840} INFO - DAG(s) 'example_kubernetes_executor' retrieved from /home/airflow/.local/lib/python3.8/site-packages/airflow/example_dags/example_kubernetes_executor.py
[2026-04-16T04:24:50.044+0000] {logging_mixin.py:188} INFO - [2026-04-16T04:24:50.043+0000] {dag.py:3036} INFO - Sync 1 DAGs
[2026-04-16T04:24:50.056+0000] {logging_mixin.py:188} INFO - [2026-04-16T04:24:50.056+0000] {dag.py:3823} INFO - Setting next_dagrun for example_kubernetes_executor to None, run_after=None
[2026-04-16T04:24:50.093+0000] {processor.py:183} INFO - Processing /home/airflow/.local/lib/python3.8/site-packages/airflow/example_dags/example_kubernetes_executor.py took 0.111 seconds
[2026-04-16T04:25:20.278+0000] {processor.py:161} INFO - Started process (PID=78198) to work on /home/airflow/.local/lib/python3.8/site-packages/airflow/example_dags/example_kubernetes_executor.py
[2026-04-16T04:25:20.279+0000] {processor.py:830} INFO - Processing file /home/airflow/.local/lib/python3.8/site-packages/airflow/example_dags/example_kubernetes_executor.py for tasks to queue
[2026-04-16T04:25:20.281+0000] {logging_mixin.py:188} INFO - [2026-04-16T04:25:20.281+0000] {dagbag.py:538} INFO - Filling up the DagBag from /home/airflow/.local/lib/python3.8/site-packages/airflow/example_dags/example_kubernetes_executor.py
[2026-04-16T04:25:20.295+0000] {processor.py:840} INFO - DAG(s) 'example_kubernetes_executor' retrieved from /home/airflow/.local/lib/python3.8/site-packages/airflow/example_dags/example_kubernetes_executor.py
[2026-04-16T04:25:20.351+0000] {logging_mixin.py:188} INFO - [2026-04-16T04:25:20.351+0000] {dag.py:3036} INFO - Sync 1 DAGs
[2026-04-16T04:25:20.368+0000] {logging_mixin.py:188} INFO - [2026-04-16T04:25:20.368+0000] {dag.py:3823} INFO - Setting next_dagrun for example_kubernetes_executor to None, run_after=None
[2026-04-16T04:25:20.402+0000] {processor.py:183} INFO - Processing /home/airflow/.local/lib/python3.8/site-packages/airflow/example_dags/example_kubernetes_executor.py took 0.128 seconds
[2026-04-16T04:25:50.932+0000] {processor.py:161} INFO - Started process (PID=78255) to work on /home/airflow/.local/lib/python3.8/site-packages/airflow/example_dags/example_kubernetes_executor.py
[2026-04-16T04:25:50.933+0000] {processor.py:830} INFO - Processing file /home/airflow/.local/lib/python3.8/site-packages/airflow/example_dags/example_kubernetes_executor.py for tasks to queue
[2026-04-16T04:25:50.937+0000] {logging_mixin.py:188} INFO - [2026-04-16T04:25:50.937+0000] {dagbag.py:538} INFO - Filling up the DagBag from /home/airflow/.local/lib/python3.8/site-packages/airflow/example_dags/example_kubernetes_executor.py
[2026-04-16T04:25:50.956+0000] {processor.py:840} INFO - DAG(s) 'example_kubernetes_executor' retrieved from /home/airflow/.local/lib/python3.8/site-packages/airflow/example_dags/example_kubernetes_executor.py
[2026-04-16T04:25:50.993+0000] {logging_mixin.py:188} INFO - [2026-04-16T04:25:50.993+0000] {dag.py:3036} INFO - Sync 1 DAGs
[2026-04-16T04:25:51.006+0000] {logging_mixin.py:188} INFO - [2026-04-16T04:25:51.005+0000] {dag.py:3823} INFO - Setting next_dagrun for example_kubernetes_executor to None, run_after=None
[2026-04-16T04:25:51.031+0000] {processor.py:183} INFO - Processing /home/airflow/.local/lib/python3.8/site-packages/airflow/example_dags/example_kubernetes_executor.py took 0.102 seconds
[2026-04-16T04:26:21.254+0000] {processor.py:161} INFO - Started process (PID=78312) to work on /home/airflow/.local/lib/python3.8/site-packages/airflow/example_dags/example_kubernetes_executor.py
[2026-04-16T04:26:21.256+0000] {processor.py:830} INFO - Processing file /home/airflow/.local/lib/python3.8/site-packages/airflow/example_dags/example_kubernetes_executor.py for tasks to queue
[2026-04-16T04:26:21.259+0000] {logging_mixin.py:188} INFO - [2026-04-16T04:26:21.258+0000] {dagbag.py:538} INFO - Filling up the DagBag from /home/airflow/.local/lib/python3.8/site-packages/airflow/example_dags/example_kubernetes_executor.py
[2026-04-16T04:26:21.283+0000] {processor.py:840} INFO - DAG(s) 'example_kubernetes_executor' retrieved from /home/airflow/.local/lib/python3.8/site-packages/airflow/example_dags/example_kubernetes_executor.py
[2026-04-16T04:26:21.332+0000] {logging_mixin.py:188} INFO - [2026-04-16T04:26:21.332+0000] {dag.py:3036} INFO - Sync 1 DAGs
[2026-04-16T04:26:21.346+0000] {logging_mixin.py:188} INFO - [2026-04-16T04:26:21.346+0000] {dag.py:3823} INFO - Setting next_dagrun for example_kubernetes_executor to None, run_after=None
[2026-04-16T04:26:21.500+0000] {processor.py:183} INFO - Processing /home/airflow/.local/lib/python3.8/site-packages/airflow/example_dags/example_kubernetes_executor.py took 0.251 seconds
