price,nbr_reservations,nbr_visitors,marketing_spend,market_count,event_type,rating,trend_score,growth_rate_pct,capacity_min,capacity_max,event_type_encoded,category_name_encoded,city_encoded,country_encoded,venue_type_encoded,reservation_status_encoded,marketing_per_visitor,price_per_reservation,month,quarter,year,season_encoded
8478.0,155,66,24000.0,4,Birthday,1,0.0,0.0,300,500,0,1,16,0,0,2,358.2089552238806,54.34615384615385,3,1,2025,1
2987.0,229,3480,21000.0,20,Wedding,3,0.0,0.0,300,500,2,2,16,0,0,0,6.032749209997127,12.986956521739131,4,2,2025,1
10586.0,229,3480,21000.0,20,Corporate Event,1,0.0,0.0,300,500,1,2,16,0,0,2,6.032749209997127,46.02608695652174,6,2,2025,2
3214.0,42,3577,24000.0,4,Corporate Event,2,0.0,0.0,300,500,1,1,16,0,0,0,6.707657909446619,74.74418604651163,8,3,2023,2
3353.0,203,1258,20000.0,0,Corporate Event,3,0.0,0.0,300,500,1,0,16,0,0,2,15.885623510722796,16.436274509803923,10,4,2023,3
8178.0,203,1417,22000.0,0,Birthday,5,0.0,0.0,300,500,0,0,16,0,0,1,15.514809590973202,40.088235294117645,2,1,2025,0
11257.0,249,22215,13000.0,4,Wedding,3,0.0,0.0,300,500,2,1,16,0,0,0,0.5851638458768456,45.028,4,2,2023,1
11715.0,249,22215,25000.0,20,Wedding,2,0.0,0.0,300,500,2,2,16,0,0,2,1.125315088224703,46.86,2,1,2024,0
11195.0,126,4896,24000.0,20,Birthday,3,0.0,0.0,300,500,0,2,16,0,0,2,4.900959771288544,88.14960629921259,4,2,2025,1
3396.0,176,3661,21000.0,20,Corporate Event,4,0.0,0.0,300,500,1,2,16,0,0,1,5.734571272528673,19.1864406779661,9,3,2023,3
4335.0,239,4101,26000.0,20,Corporate Event,2,0.0,0.0,300,500,1,2,16,0,0,0,6.338371526084837,18.0625,1,1,2024,0
4400.0,176,3661,17000.0,20,Birthday,3,0.0,0.0,300,500,0,2,16,0,0,2,4.642271982523211,24.858757062146893,5,2,2024,1
14270.0,203,1417,12000.0,4,Wedding,4,0.0,0.0,300,500,2,1,16,0,0,1,8.46262341325811,69.95098039215686,6,2,2025,2
1892.0,203,1417,26000.0,20,Wedding,2,0.0,0.0,300,500,2,2,16,0,0,2,18.33568406205924,9.27450980392157,7,3,2023,2
9936.0,249,22215,23000.0,20,Wedding,5,0.0,0.0,300,500,2,2,16,0,0,1,1.0352898811667266,39.744,10,4,2025,3
13438.0,239,4101,21000.0,20,Corporate Event,3,0.0,0.0,300,500,1,2,16,0,0,1,5.1194539249146755,55.99166666666667,5,2,2023,1
13026.0,126,4896,21000.0,20,Corporate Event,5,0.0,0.0,300,500,1,2,16,0,0,0,4.288339799877476,102.56692913385827,12,4,2023,0
2213.0,249,22215,23000.0,20,Birthday,1,0.0,0.0,300,500,0,2,16,0,0,2,1.0352898811667266,8.852,9,3,2023,3
2751.0,249,22215,21000.0,20,Corporate Event,5,0.0,0.0,300,500,1,2,16,0,0,2,0.9452646741087505,11.004,12,4,2024,0
12933.0,155,66,21000.0,20,Corporate Event,4,0.0,0.0,300,500,1,2,16,0,0,1,313.43283582089555,82.90384615384616,7,3,2023,2
6653.0,229,3480,26000.0,20,Birthday,5,0.0,0.0,300,500,0,2,16,0,0,1,7.469118069520253,28.92608695652174,8,3,2024,2
8749.0,203,1258,25000.0,0,Birthday,2,0.0,0.0,300,500,0,0,16,0,0,1,19.857029388403493,42.88725490196079,3,1,2023,1
10049.0,155,66,22000.0,20,Corporate Event,4,0.0,0.0,300,500,1,2,16,0,0,0,328.35820895522386,64.41666666666667,12,4,2025,0
8202.0,203,1258,21000.0,4,Corporate Event,1,0.0,0.0,300,500,1,1,16,0,0,2,16.679904686258936,40.205882352941174,10,4,2024,3
12432.0,176,3661,24000.0,4,Wedding,3,0.0,0.0,300,500,2,1,16,0,0,1,6.553795740032769,70.23728813559322,11,4,2023,3
14630.0,155,66,26000.0,20,Corporate Event,1,0.0,0.0,300,500,1,2,16,0,0,0,388.05970149253733,93.78205128205128,4,2,2024,1
210.0,203,1417,19000.0,0,Wedding,2,0.0,0.0,300,500,2,0,16,0,0,2,13.399153737658674,1.0294117647058822,1,1,2025,0
2550.0,229,3480,24000.0,0,Wedding,4,0.0,0.0,300,500,2,0,16,0,0,0,6.894570525711003,11.08695652173913,12,4,2024,0
4148.0,42,3577,13000.0,4,Corporate Event,2,0.0,0.0,300,500,1,1,16,0,0,1,3.6333147009502516,96.46511627906976,7,3,2024,2
6473.0,229,3480,19000.0,20,Wedding,3,0.0,0.0,300,500,2,2,16,0,0,0,5.458201666187877,28.143478260869564,3,1,2023,1
9794.0,203,1258,26000.0,20,Birthday,3,0.0,0.0,300,500,0,2,16,0,0,1,20.651310563939635,48.009803921568626,1,1,2023,0
14725.0,176,3661,13000.0,20,Corporate Event,1,0.0,0.0,300,500,1,2,16,0,0,2,3.5499726925177497,83.19209039548022,4,2,2024,1
13901.0,203,1258,13000.0,20,Wedding,1,0.0,0.0,300,500,2,2,16,0,0,0,10.325655281969818,68.1421568627451,1,1,2025,0
6036.0,203,1258,17000.0,20,Corporate Event,3,0.0,0.0,300,500,1,2,16,0,0,2,13.502779984114376,29.58823529411765,12,4,2025,0
8082.0,176,3661,26000.0,0,Wedding,2,0.0,0.0,300,500,2,0,16,0,0,1,7.099945385035499,45.66101694915254,4,2,2025,1
5635.0,298,962,25000.0,20,Birthday,5,0.0,0.0,300,500,0,2,16,0,0,1,25.96053997923157,18.846153846153847,8,3,2023,2
13141.0,298,962,19000.0,4,Birthday,4,0.0,0.0,300,500,0,1,16,0,0,0,19.73001038421599,43.94983277591973,4,2,2023,1
122120.0,239,4101,26000.0,0,Corporate Event,2,0.0,0.0,300,500,1,0,16,0,0,1,6.338371526084837,508.8333333333333,7,3,2025,2
9253.0,298,962,21000.0,20,Wedding,4,0.0,0.0,300,500,2,2,16,0,0,0,21.806853582554517,30.94648829431438,4,2,2022,1
12022.0,249,22215,24000.0,0,Birthday,1,0.0,0.0,300,500,0,0,16,0,0,0,1.0803024846957148,48.088,3,1,2023,1
2010.0,252,1608,20000.0,0,Birthday,2,0.0,0.0,300,500,0,0,16,0,0,0,12.430080795525171,7.944664031620554,2,1,2023,0
5144.0,239,4101,19000.0,20,Birthday,4,0.0,0.0,300,500,0,2,16,0,0,2,4.631886884446612,21.433333333333334,4,2,2025,1
3157.0,298,962,20000.0,0,Birthday,1,0.0,0.0,300,500,0,0,16,0,0,2,20.768431983385256,10.558528428093645,7,3,2025,2
12242.0,202,1983,21000.0,4,Wedding,4,0.0,0.0,300,500,2,1,16,0,0,0,10.584677419354838,60.30541871921182,8,3,2025,2
2079.0,203,1258,12000.0,0,Birthday,2,0.0,0.0,300,500,0,0,16,0,0,0,9.531374106433677,10.191176470588236,5,2,2025,1
7908.0,202,1983,20000.0,4,Wedding,1,0.0,0.0,300,500,2,1,16,0,0,1,10.080645161290322,38.95566502463054,1,1,2022,0
1664.0,249,22215,17000.0,20,Wedding,3,0.0,0.0,300,500,2,2,16,0,0,2,0.765214259992798,6.656,5,2,2023,1
1015.0,239,4101,22000.0,4,Corporate Event,2,0.0,0.0,300,500,1,1,16,0,0,0,5.363237445148708,4.229166666666667,12,4,2025,0
7896.0,42,3577,19000.0,20,Birthday,5,0.0,0.0,300,500,0,2,16,0,0,2,5.310229178311906,183.62790697674419,3,1,2024,1
6276.0,298,962,21000.0,20,Corporate Event,2,0.0,0.0,300,500,1,2,16,0,0,0,21.806853582554517,20.989966555183948,5,2,2023,1
8017.0,203,1258,26000.0,0,Birthday,4,0.0,0.0,300,500,0,0,16,0,0,0,20.651310563939635,39.299019607843135,8,3,2022,2
11458.0,176,3661,22000.0,20,Corporate Event,5,0.0,0.0,300,500,1,2,16,0,0,2,6.007646095030038,64.73446327683615,8,3,2024,2
6772.0,239,4101,20000.0,20,Birthday,3,0.0,0.0,300,500,0,2,16,0,0,2,4.875670404680643,28.216666666666665,2,1,2023,0
4935.0,229,3480,25000.0,20,Corporate Event,2,0.0,0.0,300,500,1,2,16,0,0,0,7.181844297615628,21.456521739130434,12,4,2024,0
2515.0,229,3480,26000.0,20,Birthday,1,0.0,0.0,300,500,0,2,16,0,0,2,7.469118069520253,10.934782608695652,6,2,2024,2
2243.0,252,1608,23000.0,0,Wedding,1,0.0,0.0,300,500,2,0,16,0,0,0,14.294592914853947,8.865612648221344,8,3,2022,2
700.0,176,3661,15000.0,0,Birthday,2,0.0,0.0,300,500,0,0,16,0,0,1,4.09612233752048,3.9548022598870056,11,4,2024,3
13049.0,42,3577,19000.0,20,Corporate Event,5,0.0,0.0,300,500,1,2,16,0,0,2,5.310229178311906,303.4651162790698,10,4,2023,3
3249.0,42,3577,19000.0,4,Corporate Event,2,0.0,0.0,300,500,1,1,16,0,0,2,5.310229178311906,75.55813953488372,9,3,2023,3
3828.0,239,4101,22000.0,4,Wedding,1,0.0,0.0,300,500,2,1,16,0,0,2,5.363237445148708,15.95,8,3,2023,2
7294.0,126,4896,17000.0,20,Wedding,5,0.0,0.0,300,500,2,2,16,0,0,0,3.471513171329385,57.43307086614173,4,2,2023,1
9311.0,203,1417,19000.0,20,Corporate Event,2,0.0,0.0,300,500,1,2,16,0,0,0,13.399153737658674,45.6421568627451,3,1,2022,1
14441.0,239,4101,17000.0,4,Corporate Event,3,0.0,0.0,300,500,1,1,16,0,0,0,4.144319843978547,60.170833333333334,11,4,2022,3
9040.0,176,3661,21000.0,0,Birthday,3,0.0,0.0,300,500,0,0,16,0,0,1,5.734571272528673,51.07344632768361,5,2,2025,1
7880.0,298,962,20000.0,0,Wedding,5,0.0,0.0,300,500,2,0,16,0,0,2,20.768431983385256,26.354515050167223,10,4,2023,3
5740.0,252,1608,20000.0,4,Wedding,4,0.0,0.0,300,500,2,1,16,0,0,0,12.430080795525171,22.68774703557312,8,3,2024,2
9775.0,176,3661,24000.0,20,Corporate Event,3,0.0,0.0,300,500,1,2,16,0,0,1,6.553795740032769,55.22598870056497,5,2,2022,1
333.0,203,1417,12000.0,4,Corporate Event,1,0.0,0.0,300,500,1,1,16,0,0,2,8.46262341325811,1.6323529411764706,11,4,2024,3
5772.0,203,1258,17000.0,20,Wedding,1,0.0,0.0,300,500,2,2,16,0,0,1,13.502779984114376,28.294117647058822,9,3,2024,3
10306.0,176,3661,15000.0,20,Birthday,1,0.0,0.0,300,500,0,2,16,0,0,2,4.09612233752048,58.22598870056497,11,4,2022,3
11789.0,42,3577,20000.0,20,Birthday,2,0.0,0.0,300,500,0,2,16,0,0,1,5.589714924538849,274.16279069767444,7,3,2025,2
5294.0,203,1258,12000.0,0,Corporate Event,2,0.0,0.0,300,500,1,0,16,0,0,0,9.531374106433677,25.95098039215686,2,1,2023,0
10738.0,203,1417,19000.0,20,Birthday,5,0.0,0.0,300,500,0,2,16,0,0,1,13.399153737658674,52.63725490196079,4,2,2024,1
734.0,203,1417,15000.0,20,Birthday,5,0.0,0.0,300,500,0,2,16,0,0,0,10.578279266572638,3.5980392156862746,2,1,2025,0
1449.0,126,4896,22000.0,20,Birthday,5,0.0,0.0,300,500,0,2,16,0,0,2,4.492546457014499,11.409448818897637,11,4,2024,3
744.0,42,3577,20000.0,20,Wedding,4,0.0,0.0,300,500,2,2,16,0,0,1,5.589714924538849,17.302325581395348,12,4,2023,0
13103.0,203,1258,15000.0,4,Corporate Event,5,0.0,0.0,300,500,1,1,16,0,0,2,11.914217633042098,64.23039215686275,1,1,2024,0
8508.0,252,1608,26000.0,20,Wedding,5,0.0,0.0,300,500,2,2,16,0,0,2,16.159105034182723,33.62845849802372,11,4,2024,3
3292.0,249,22215,21000.0,20,Wedding,2,0.0,0.0,300,500,2,2,16,0,0,1,0.9452646741087505,13.168,9,3,2023,3
12428.0,42,3577,19000.0,20,Wedding,1,0.0,0.0,300,500,2,2,16,0,0,2,5.310229178311906,289.0232558139535,11,4,2022,3
3449.0,202,1983,15000.0,20,Wedding,3,0.0,0.0,300,500,2,2,16,0,0,2,7.560483870967742,16.99014778325123,8,3,2023,2
5989.0,298,962,25000.0,20,Wedding,1,0.0,0.0,300,500,2,2,16,0,0,2,25.96053997923157,20.03010033444816,11,4,2025,3
3580.0,249,22215,25000.0,20,Wedding,1,0.0,0.0,300,500,2,2,16,0,0,1,1.125315088224703,14.32,10,4,2023,3
12292.0,176,3661,17000.0,0,Corporate Event,1,0.0,0.0,300,500,1,0,16,0,0,2,4.642271982523211,69.44632768361582,9,3,2023,3
3449.0,249,22215,25000.0,20,Corporate Event,3,0.0,0.0,300,500,1,2,16,0,0,1,1.125315088224703,13.796,2,1,2022,0
2282.0,176,3661,20000.0,20,Wedding,3,0.0,0.0,300,500,2,2,16,0,0,0,5.461496450027307,12.892655367231638,7,3,2022,2
9619.0,155,66,24000.0,20,Birthday,2,0.0,0.0,300,500,0,2,16,0,0,1,358.2089552238806,61.66025641025641,5,2,2022,1
14145.0,176,3661,17000.0,20,Wedding,1,0.0,0.0,300,500,2,2,16,0,0,0,4.642271982523211,79.91525423728814,4,2,2023,1
3428.0,239,4101,25000.0,0,Birthday,2,0.0,0.0,300,500,0,0,16,0,0,0,6.094588005850804,14.283333333333333,11,4,2025,3
2208.0,249,22215,22000.0,0,Birthday,1,0.0,0.0,300,500,0,0,16,0,0,2,0.9902772776377385,8.832,7,3,2023,2
2889.0,229,3480,13000.0,20,Wedding,2,0.0,0.0,300,500,2,2,16,0,0,2,3.7345590347601263,12.560869565217391,8,3,2023,2
3600.0,42,3577,17000.0,20,Wedding,1,0.0,0.0,300,500,2,2,16,0,0,2,4.751257685858021,83.72093023255815,11,4,2025,3
8742.0,252,1608,25000.0,20,Birthday,2,0.0,0.0,300,500,0,2,16,0,0,1,15.537600994406464,34.55335968379447,11,4,2024,3
12886.0,229,3480,12000.0,0,Birthday,1,0.0,0.0,300,500,0,0,16,0,0,0,3.4472852628555013,56.02608695652174,7,3,2025,2
8945.0,155,66,21000.0,4,Corporate Event,5,0.0,0.0,300,500,1,1,16,0,0,2,313.43283582089555,57.33974358974359,2,1,2023,0
7986.0,202,1983,26000.0,20,Corporate Event,2,0.0,0.0,300,500,1,2,16,0,0,0,13.10483870967742,39.33990147783251,2,1,2022,0
5422.0,239,4101,15000.0,20,Wedding,2,0.0,0.0,300,500,2,2,16,0,0,0,3.6567528035104826,22.591666666666665,8,3,2025,2
13889.0,239,4101,25000.0,4,Wedding,1,0.0,0.0,300,500,2,1,16,0,0,0,6.094588005850804,57.87083333333333,4,2,2022,1
12213.0,203,1258,15000.0,20,Birthday,2,0.0,0.0,300,500,0,2,16,0,0,2,11.914217633042098,59.86764705882353,8,3,2023,2
4215.0,126,4896,19000.0,20,Wedding,5,0.0,0.0,300,500,2,2,16,0,0,0,3.8799264856034306,33.188976377952756,7,3,2024,2
9276.0,229,3480,20000.0,4,Wedding,5,0.0,0.0,300,500,2,1,16,0,0,1,5.745475438092502,40.3304347826087,10,4,2025,3
3965.0,202,1983,19000.0,20,Wedding,2,0.0,0.0,300,500,2,2,16,0,0,2,9.576612903225806,19.532019704433498,4,2,2024,1
6442.0,249,22215,25000.0,20,Birthday,5,0.0,0.0,300,500,0,2,16,0,0,1,1.125315088224703,25.768,7,3,2022,2
3631.0,252,1608,23000.0,0,Wedding,1,0.0,0.0,300,500,2,0,16,0,0,0,14.294592914853947,14.351778656126482,4,2,2023,1
553.0,42,3577,15000.0,20,Wedding,2,0.0,0.0,300,500,2,2,16,0,0,0,4.192286193404136,12.86046511627907,5,2,2025,1
10282.0,155,66,22000.0,20,Birthday,4,0.0,0.0,300,500,0,2,16,0,0,2,328.35820895522386,65.91025641025641,9,3,2023,3
8208.0,155,66,17000.0,0,Wedding,3,0.0,0.0,300,500,2,0,16,0,0,0,253.73134328358208,52.61538461538461,1,1,2024,0
93440.0,202,1983,13000.0,4,Birthday,1,0.0,0.0,300,500,0,1,16,0,0,0,6.55241935483871,460.29556650246303,8,3,2023,2
1222.0,176,3661,20000.0,20,Birthday,3,0.0,0.0,300,500,0,2,16,0,0,1,5.461496450027307,6.903954802259887,4,2,2024,1
12135.0,229,3480,26000.0,4,Corporate Event,3,0.0,0.0,300,500,1,1,16,0,0,2,7.469118069520253,52.76086956521739,6,2,2023,2
6163.0,252,1608,20000.0,4,Corporate Event,4,0.0,0.0,300,500,1,1,16,0,0,2,12.430080795525171,24.359683794466402,5,2,2024,1
5413.0,229,3480,12000.0,20,Birthday,5,0.0,0.0,300,500,0,2,16,0,0,0,3.4472852628555013,23.534782608695654,7,3,2024,2
605.0,298,962,21000.0,0,Birthday,2,0.0,0.0,300,500,0,0,16,0,0,1,21.806853582554517,2.0234113712374584,2,1,2024,0
13136.0,126,4896,19000.0,20,Wedding,5,0.0,0.0,300,500,2,2,16,0,0,2,3.8799264856034306,103.43307086614173,9,3,2025,3
10687.0,203,1258,13000.0,4,Birthday,1,0.0,0.0,300,500,0,1,16,0,0,1,10.325655281969818,52.38725490196079,1,1,2023,0
927.0,203,1258,15000.0,20,Wedding,5,0.0,0.0,300,500,2,2,16,0,0,1,11.914217633042098,4.544117647058823,2,1,2023,0
5071.0,252,1608,24000.0,0,Corporate Event,2,0.0,0.0,300,500,1,0,16,0,0,0,14.916096954630206,20.043478260869566,10,4,2022,3
6665.0,42,3577,19000.0,0,Wedding,2,0.0,0.0,300,500,2,0,16,0,0,0,5.310229178311906,155.0,6,2,2025,2
5491.0,155,66,17000.0,4,Corporate Event,1,0.0,0.0,300,500,1,1,16,0,0,0,253.73134328358208,35.19871794871795,7,3,2022,2
12553.0,249,22215,12000.0,4,Birthday,5,0.0,0.0,300,500,0,1,16,0,0,0,0.5401512423478574,50.212,10,4,2024,3
2005.0,203,1417,15000.0,0,Corporate Event,2,0.0,0.0,300,500,1,0,16,0,0,2,10.578279266572638,9.82843137254902,3,1,2023,1
27240.0,202,1983,17000.0,20,Wedding,4,0.0,0.0,300,500,2,2,16,0,0,0,8.568548387096774,134.1871921182266,11,4,2023,3
7680.0,155,66,23000.0,20,Birthday,2,0.0,0.0,300,500,0,2,16,0,0,2,343.2835820895522,49.23076923076923,3,1,2023,1
9232.0,202,1983,24000.0,4,Corporate Event,5,0.0,0.0,300,500,1,1,16,0,0,0,12.096774193548388,45.477832512315274,5,2,2023,1
12843.0,249,22215,22000.0,20,Wedding,2,0.0,0.0,300,500,2,2,16,0,0,2,0.9902772776377385,51.372,4,2,2025,1
5021.0,229,3480,15000.0,20,Corporate Event,5,0.0,0.0,300,500,1,2,16,0,0,2,4.309106578569376,21.830434782608695,3,1,2022,1
10045.0,239,4101,17000.0,0,Wedding,5,0.0,0.0,300,500,2,0,16,0,0,1,4.144319843978547,41.854166666666664,1,1,2024,0
11952.0,252,1608,21000.0,20,Corporate Event,2,0.0,0.0,300,500,1,2,16,0,0,0,13.05158483530143,47.241106719367586,12,4,2023,0
6807.0,298,962,20000.0,4,Wedding,3,0.0,0.0,300,500,2,1,16,0,0,1,20.768431983385256,22.765886287625417,9,3,2024,3
4022.0,239,4101,20000.0,4,Birthday,1,0.0,0.0,300,500,0,1,16,0,0,2,4.875670404680643,16.758333333333333,1,1,2023,0
2966.0,203,1258,19000.0,0,Corporate Event,4,0.0,0.0,300,500,1,0,16,0,0,0,15.091342335186656,14.53921568627451,11,4,2024,3
403.0,42,3577,19000.0,4,Wedding,1,0.0,0.0,300,500,2,1,16,0,0,1,5.310229178311906,9.372093023255815,1,1,2024,0
4647.0,203,1417,26000.0,20,Wedding,2,0.0,0.0,300,500,2,2,16,0,0,0,18.33568406205924,22.779411764705884,9,3,2022,3
12197.0,126,4896,24000.0,4,Birthday,5,0.0,0.0,300,500,0,1,16,0,0,2,4.900959771288544,96.03937007874016,6,2,2025,2
4164.0,202,1983,25000.0,0,Corporate Event,5,0.0,0.0,300,500,1,0,16,0,0,0,12.600806451612904,20.51231527093596,4,2,2023,1
14146.0,42,3577,21000.0,4,Birthday,2,0.0,0.0,300,500,0,1,16,0,0,1,5.869200670765791,328.9767441860465,9,3,2024,3
5466.0,252,1608,26000.0,0,Corporate Event,1,0.0,0.0,300,500,1,0,16,0,0,0,16.159105034182723,21.604743083003953,9,3,2024,3
12118.0,155,66,21000.0,4,Birthday,4,0.0,0.0,300,500,0,1,16,0,0,2,313.43283582089555,77.67948717948718,10,4,2024,3
5012.0,42,3577,20000.0,0,Birthday,2,0.0,0.0,300,500,0,0,16,0,0,0,5.589714924538849,116.55813953488372,11,4,2024,3
475.0,229,3480,20000.0,0,Birthday,4,0.0,0.0,300,500,0,0,16,0,0,0,5.745475438092502,2.0652173913043477,12,4,2025,0
6932.0,42,3577,17000.0,0,Corporate Event,5,0.0,0.0,300,500,1,0,16,0,0,1,4.751257685858021,161.2093023255814,4,2,2023,1
7496.0,176,3661,25000.0,4,Corporate Event,5,0.0,0.0,300,500,1,1,16,0,0,2,6.826870562534134,42.35028248587571,4,2,2025,1
9697.0,229,3480,22000.0,20,Wedding,5,0.0,0.0,300,500,2,2,16,0,0,0,6.320022981901753,42.16086956521739,5,2,2025,1
13071.0,126,4896,19000.0,4,Wedding,2,0.0,0.0,300,500,2,1,16,0,0,2,3.8799264856034306,102.92125984251969,6,2,2024,2
8469.0,155,66,17000.0,20,Wedding,2,0.0,0.0,300,500,2,2,16,0,0,2,253.73134328358208,54.28846153846154,8,3,2023,2
1868.0,155,66,25000.0,0,Corporate Event,2,0.0,0.0,300,500,1,0,16,0,0,1,373.13432835820896,11.974358974358974,11,4,2025,3
13672.0,202,1983,19000.0,0,Birthday,4,0.0,0.0,300,500,0,0,16,0,0,1,9.576612903225806,67.34975369458128,9,3,2022,3
9441.0,229,3480,26000.0,4,Wedding,4,0.0,0.0,300,500,2,1,16,0,0,0,7.469118069520253,41.04782608695652,6,2,2025,2
1725.0,203,1258,22000.0,20,Corporate Event,1,0.0,0.0,300,500,1,2,16,0,0,2,17.474185861795075,8.455882352941176,3,1,2024,1
10483.0,229,3480,13000.0,4,Corporate Event,3,0.0,0.0,300,500,1,1,16,0,0,0,3.7345590347601263,45.57826086956522,1,1,2025,0
8008.0,176,3661,26000.0,4,Corporate Event,5,0.0,0.0,300,500,1,1,16,0,0,1,7.099945385035499,45.24293785310734,3,1,2024,1
9049.0,229,3480,13000.0,20,Corporate Event,1,0.0,0.0,300,500,1,2,16,0,0,0,3.7345590347601263,39.34347826086957,1,1,2024,0
1174.0,176,3661,25000.0,4,Birthday,5,0.0,0.0,300,500,0,1,16,0,0,1,6.826870562534134,6.632768361581921,1,1,2024,0
1094.0,249,22215,25000.0,20,Wedding,1,0.0,0.0,300,500,2,2,16,0,0,0,1.125315088224703,4.376,11,4,2023,3
14625.0,203,1258,12000.0,4,Corporate Event,2,0.0,0.0,300,500,1,1,16,0,0,1,9.531374106433677,71.69117647058823,10,4,2022,3
7961.0,203,1417,20000.0,4,Wedding,4,0.0,0.0,300,500,2,1,16,0,0,1,14.104372355430183,39.02450980392157,10,4,2023,3
7517.0,203,1258,20000.0,20,Wedding,5,0.0,0.0,300,500,2,2,16,0,0,1,15.885623510722796,36.84803921568628,11,4,2024,3
14555.0,155,66,21000.0,20,Birthday,5,0.0,0.0,300,500,0,2,16,0,0,2,313.43283582089555,93.30128205128206,11,4,2024,3
7722.0,239,4101,17000.0,20,Wedding,3,0.0,0.0,300,500,2,2,16,0,0,1,4.144319843978547,32.175,4,2,2023,1
1454.0,239,4101,20000.0,20,Birthday,5,0.0,0.0,300,500,0,2,16,0,0,0,4.875670404680643,6.058333333333334,9,3,2022,3
13395.0,176,3661,22000.0,20,Wedding,5,0.0,0.0,300,500,2,2,16,0,0,0,6.007646095030038,75.67796610169492,3,1,2025,1
3448.0,126,4896,15000.0,4,Wedding,5,0.0,0.0,300,500,2,1,16,0,0,1,3.06309985705534,27.1496062992126,4,2,2023,1
3536.0,252,1608,25000.0,20,Birthday,1,0.0,0.0,300,500,0,2,16,0,0,1,15.537600994406464,13.976284584980236,7,3,2025,2
14804.0,249,22215,20000.0,20,Birthday,5,0.0,0.0,300,500,0,2,16,0,0,0,0.9002520705797623,59.216,3,1,2024,1
14420.0,249,22215,21000.0,0,Corporate Event,1,0.0,0.0,300,500,1,0,16,0,0,2,0.9452646741087505,57.68,3,1,2023,1
2084.0,176,3661,12000.0,4,Corporate Event,1,0.0,0.0,300,500,1,1,16,0,0,0,3.2768978700163847,11.774011299435028,7,3,2025,2
4021.0,298,962,22000.0,20,Wedding,3,0.0,0.0,300,500,2,2,16,0,0,2,22.84527518172378,13.448160535117056,12,4,2024,0
12940.0,203,1258,25000.0,20,Wedding,1,0.0,0.0,300,500,2,2,16,0,0,1,19.857029388403493,63.431372549019606,12,4,2023,0
9676.0,202,1983,24000.0,0,Birthday,5,0.0,0.0,300,500,0,0,16,0,0,2,12.096774193548388,47.66502463054187,7,3,2024,2
12615.0,42,3577,15000.0,20,Corporate Event,5,0.0,0.0,300,500,1,2,16,0,0,2,4.192286193404136,293.3720930232558,11,4,2022,3
6922.0,202,1983,17000.0,0,Birthday,3,0.0,0.0,300,500,0,0,16,0,0,2,8.568548387096774,34.09852216748769,12,4,2024,0
4136.0,298,962,24000.0,20,Corporate Event,5,0.0,0.0,300,500,1,2,16,0,0,1,24.922118380062305,13.832775919732441,2,1,2022,0
4236.0,203,1258,26000.0,20,Corporate Event,4,0.0,0.0,300,500,1,2,16,0,0,1,20.651310563939635,20.764705882352942,6,2,2025,2
13339.0,252,1608,24000.0,20,Corporate Event,5,0.0,0.0,300,500,1,2,16,0,0,1,14.916096954630206,52.723320158102766,4,2,2023,1
11800.0,239,4101,15000.0,20,Corporate Event,5,0.0,0.0,300,500,1,2,16,0,0,0,3.6567528035104826,49.166666666666664,11,4,2022,3
12264.0,126,4896,12000.0,4,Corporate Event,5,0.0,0.0,300,500,1,1,16,0,0,1,2.450479885644272,96.56692913385827,12,4,2024,0
4274.0,155,66,25000.0,20,Birthday,5,0.0,0.0,300,500,0,2,16,0,0,1,373.13432835820896,27.397435897435898,3,1,2025,1
6493.0,176,3661,21000.0,4,Birthday,1,0.0,0.0,300,500,0,1,16,0,0,0,5.734571272528673,36.68361581920904,8,3,2022,2
9531.0,203,1417,12000.0,20,Birthday,2,0.0,0.0,300,500,0,2,16,0,0,0,8.46262341325811,46.720588235294116,11,4,2023,3
12734.0,249,22215,25000.0,20,Birthday,4,0.0,0.0,300,500,0,2,16,0,0,1,1.125315088224703,50.936,10,4,2024,3
5814.0,229,3480,24000.0,4,Birthday,2,0.0,0.0,300,500,0,1,16,0,0,2,6.894570525711003,25.278260869565216,1,1,2024,0
806.0,239,4101,24000.0,20,Corporate Event,2,0.0,0.0,300,500,1,2,16,0,0,1,5.850804485616773,3.3583333333333334,3,1,2023,1
5260.0,203,1417,26000.0,0,Birthday,5,0.0,0.0,300,500,0,0,16,0,0,2,18.33568406205924,25.784313725490197,7,3,2025,2
11734.0,249,22215,25000.0,0,Corporate Event,3,0.0,0.0,300,500,1,0,16,0,0,1,1.125315088224703,46.936,8,3,2022,2
2219.0,298,962,23000.0,20,Birthday,2,0.0,0.0,300,500,0,2,16,0,0,0,23.883696780893043,7.421404682274248,8,3,2022,2
13441.0,126,4896,22000.0,0,Birthday,5,0.0,0.0,300,500,0,0,16,0,0,0,4.492546457014499,105.83464566929133,10,4,2022,3
2402.0,126,4896,19000.0,20,Birthday,4,0.0,0.0,300,500,0,2,16,0,0,2,3.8799264856034306,18.913385826771652,6,2,2022,2
4528.0,229,3480,17000.0,20,Wedding,4,0.0,0.0,300,500,2,2,16,0,0,2,4.883654122378627,19.68695652173913,12,4,2022,0
7921.0,176,3661,15000.0,20,Corporate Event,1,0.0,0.0,300,500,1,2,16,0,0,1,4.09612233752048,44.75141242937853,11,4,2022,3
14317.0,176,3661,25000.0,0,Birthday,4,0.0,0.0,300,500,0,0,16,0,0,0,6.826870562534134,80.88700564971751,6,2,2024,2
8862.0,239,4101,13000.0,20,Wedding,3,0.0,0.0,300,500,2,2,16,0,0,0,3.1691857630424183,36.925,11,4,2024,3
9813.0,298,962,19000.0,0,Birthday,4,0.0,0.0,300,500,0,0,16,0,0,0,19.73001038421599,32.819397993311036,9,3,2023,3
10555.0,298,962,23000.0,4,Corporate Event,2,0.0,0.0,300,500,1,1,16,0,0,0,23.883696780893043,35.30100334448161,6,2,2022,2
12815.0,203,1417,12000.0,4,Wedding,4,0.0,0.0,300,500,2,1,16,0,0,0,8.46262341325811,62.818627450980394,8,3,2025,2
11415.0,298,962,20000.0,4,Birthday,3,0.0,0.0,300,500,0,1,16,0,0,0,20.768431983385256,38.17725752508361,4,2,2023,1
12968.0,126,4896,19000.0,4,Wedding,2,0.0,0.0,300,500,2,1,16,0,0,2,3.8799264856034306,102.11023622047244,9,3,2022,3
12841.0,229,3480,22000.0,20,Birthday,5,0.0,0.0,300,500,0,2,16,0,0,0,6.320022981901753,55.8304347826087,11,4,2024,3
779.0,239,4101,22000.0,20,Birthday,4,0.0,0.0,300,500,0,2,16,0,0,1,5.363237445148708,3.245833333333333,10,4,2022,3
14970.0,298,962,25000.0,20,Wedding,5,0.0,0.0,300,500,2,2,16,0,0,0,25.96053997923157,50.06688963210702,1,1,2024,0
4575.0,126,4896,26000.0,20,Corporate Event,2,0.0,0.0,300,500,1,2,16,0,0,1,5.309373085562589,36.023622047244096,4,2,2022,1
10036.0,252,1608,17000.0,0,Corporate Event,1,0.0,0.0,300,500,1,0,16,0,0,2,10.565568676196396,39.66798418972332,12,4,2023,0
11473.0,239,4101,21000.0,20,Corporate Event,4,0.0,0.0,300,500,1,2,16,0,0,2,5.1194539249146755,47.80416666666667,6,2,2023,2
14239.0,249,22215,23000.0,20,Wedding,5,0.0,0.0,300,500,2,2,16,0,0,1,1.0352898811667266,56.956,5,2,2024,1
9293.0,252,1608,21000.0,0,Wedding,5,0.0,0.0,300,500,2,0,16,0,0,2,13.05158483530143,36.73122529644269,5,2,2023,1
11596.0,203,1417,19000.0,20,Birthday,2,0.0,0.0,300,500,0,2,16,0,0,0,13.399153737658674,56.84313725490196,7,3,2023,2
1994.0,298,962,15000.0,20,Birthday,5,0.0,0.0,300,500,0,2,16,0,0,2,15.576323987538942,6.668896321070235,10,4,2025,3
9231.0,229,3480,24000.0,0,Corporate Event,4,0.0,0.0,300,500,1,0,16,0,0,2,6.894570525711003,40.13478260869565,5,2,2024,1
6463.0,252,1608,26000.0,0,Wedding,5,0.0,0.0,300,500,2,0,16,0,0,2,16.159105034182723,25.545454545454547,11,4,2024,3
13735.0,249,22215,20000.0,0,Birthday,2,0.0,0.0,300,500,0,0,16,0,0,1,0.9002520705797623,54.94,12,4,2022,0
7209.0,42,3577,25000.0,20,Birthday,1,0.0,0.0,300,500,0,2,16,0,0,1,6.98714365567356,167.65116279069767,7,3,2023,2
4240.0,176,3661,25000.0,20,Wedding,2,0.0,0.0,300,500,2,2,16,0,0,1,6.826870562534134,23.954802259887007,12,4,2022,0
6088.0,249,22215,20000.0,20,Corporate Event,5,0.0,0.0,300,500,1,2,16,0,0,0,0.9002520705797623,24.352,4,2,2022,1
4849.0,155,66,26000.0,4,Birthday,1,0.0,0.0,300,500,0,1,16,0,0,2,388.05970149253733,31.083333333333332,9,3,2022,3
12034.0,298,962,24000.0,0,Birthday,3,0.0,0.0,300,500,0,0,16,0,0,2,24.922118380062305,40.247491638795985,9,3,2023,3
9270.0,203,1258,22000.0,4,Wedding,3,0.0,0.0,300,500,2,1,16,0,0,2,17.474185861795075,45.44117647058823,8,3,2025,2
14091.0,42,3577,24000.0,20,Birthday,5,0.0,0.0,300,500,0,2,16,0,0,0,6.707657909446619,327.69767441860466,11,4,2025,3
14123.0,203,1258,25000.0,20,Corporate Event,4,0.0,0.0,300,500,1,2,16,0,0,1,19.857029388403493,69.23039215686275,12,4,2024,0
4706.0,176,3661,26000.0,20,Birthday,1,0.0,0.0,300,500,0,2,16,0,0,0,7.099945385035499,26.587570621468927,9,3,2024,3
14199.0,239,4101,25000.0,20,Wedding,2,0.0,0.0,300,500,2,2,16,0,0,2,6.094588005850804,59.1625,4,2,2024,1
3881.0,202,1983,25000.0,4,Corporate Event,3,0.0,0.0,300,500,1,1,16,0,0,1,12.600806451612904,19.11822660098522,3,1,2024,1
10222.0,203,1417,19000.0,20,Corporate Event,4,0.0,0.0,300,500,1,2,16,0,0,2,13.399153737658674,50.1078431372549,6,2,2022,2
14206.0,126,4896,23000.0,4,Birthday,1,0.0,0.0,300,500,0,1,16,0,0,1,4.696753114151521,111.85826771653544,3,1,2024,1
9021.0,203,1417,20000.0,0,Birthday,3,0.0,0.0,300,500,0,0,16,0,0,1,14.104372355430183,44.220588235294116,11,4,2025,3
8925.0,203,1258,13000.0,0,Corporate Event,2,0.0,0.0,300,500,1,0,16,0,0,1,10.325655281969818,43.75,2,1,2024,0
9995.0,155,66,20000.0,20,Wedding,5,0.0,0.0,300,500,2,2,16,0,0,2,298.5074626865672,64.07051282051282,7,3,2023,2
7596.0,298,962,20000.0,20,Wedding,5,0.0,0.0,300,500,2,2,16,0,0,2,20.768431983385256,25.40468227424749,3,1,2024,1
13070.0,42,3577,21000.0,20,Wedding,4,0.0,0.0,300,500,2,2,16,0,0,1,5.869200670765791,303.95348837209303,9,3,2024,3
82200.0,298,962,25000.0,4,Wedding,3,0.0,0.0,300,500,2,1,16,0,0,1,25.96053997923157,274.9163879598662,8,3,2024,2
6799.0,203,1417,21000.0,20,Birthday,5,0.0,0.0,300,500,0,2,16,0,0,0,14.809590973201692,33.32843137254902,11,4,2022,3
3796.0,42,3577,12000.0,0,Birthday,2,0.0,0.0,300,500,0,0,16,0,0,0,3.3538289547233093,88.27906976744185,7,3,2025,2
2745.0,155,66,19000.0,4,Corporate Event,2,0.0,0.0,300,500,1,1,16,0,0,1,283.5820895522388,17.596153846153847,6,2,2022,2
33430.0,155,66,15000.0,20,Birthday,2,0.0,0.0,300,500,0,2,16,0,0,0,223.88059701492537,214.2948717948718,11,4,2023,3
6936.0,249,22215,20000.0,20,Corporate Event,4,0.0,0.0,300,500,1,2,16,0,0,1,0.9002520705797623,27.744,7,3,2023,2
25260.0,229,3480,21000.0,20,Corporate Event,5,0.0,0.0,300,500,1,2,16,0,0,0,6.032749209997127,109.82608695652173,12,4,2023,0
6126.0,126,4896,21000.0,20,Wedding,3,0.0,0.0,300,500,2,2,16,0,0,1,4.288339799877476,48.23622047244095,2,1,2024,0
4111.0,202,1983,21000.0,20,Wedding,1,0.0,0.0,300,500,2,2,16,0,0,2,10.584677419354838,20.251231527093594,7,3,2025,2
10098.0,155,66,26000.0,20,Wedding,3,0.0,0.0,300,500,2,2,16,0,0,0,388.05970149253733,64.73076923076923,7,3,2024,2
7936.0,202,1983,17000.0,20,Wedding,4,0.0,0.0,300,500,2,2,16,0,0,1,8.568548387096774,39.0935960591133,3,1,2025,1
226.0,229,3480,23000.0,20,Wedding,5,0.0,0.0,300,500,2,2,16,0,0,2,6.607296753806377,0.9826086956521739,2,1,2025,0
7358.0,298,962,15000.0,4,Corporate Event,4,0.0,0.0,300,500,1,1,16,0,0,1,15.576323987538942,24.608695652173914,12,4,2023,0
2875.0,252,1608,22000.0,4,Wedding,1,0.0,0.0,300,500,2,1,16,0,0,0,13.673088875077688,11.363636363636363,12,4,2024,0
7742.0,126,4896,26000.0,20,Corporate Event,5,0.0,0.0,300,500,1,2,16,0,0,0,5.309373085562589,60.960629921259844,10,4,2024,3
1759.0,252,1608,24000.0,20,Corporate Event,3,0.0,0.0,300,500,1,2,16,0,0,1,14.916096954630206,6.952569169960475,5,2,2023,1
13013.0,229,3480,23000.0,20,Corporate Event,3,0.0,0.0,300,500,1,2,16,0,0,2,6.607296753806377,56.57826086956522,3,1,2022,1
603.0,249,22215,19000.0,20,Corporate Event,5,0.0,0.0,300,500,1,2,16,0,0,2,0.8552394670507742,2.412,4,2,2022,1
5932.0,249,22215,12000.0,0,Wedding,4,0.0,0.0,300,500,2,0,16,0,0,1,0.5401512423478574,23.728,5,2,2022,1
5803.0,298,962,22000.0,20,Birthday,2,0.0,0.0,300,500,0,2,16,0,0,2,22.84527518172378,19.40802675585284,6,2,2022,2
6095.0,229,3480,25000.0,20,Corporate Event,1,0.0,0.0,300,500,1,2,16,0,0,2,7.181844297615628,26.5,8,3,2022,2
2895.0,155,66,26000.0,0,Corporate Event,1,0.0,0.0,300,500,1,0,16,0,0,1,388.05970149253733,18.557692307692307,7,3,2023,2
13665.0,203,1417,13000.0,4,Corporate Event,4,0.0,0.0,300,500,1,1,16,0,0,2,9.16784203102962,66.98529411764706,11,4,2023,3
4816.0,298,962,17000.0,20,Wedding,4,0.0,0.0,300,500,2,2,16,0,0,0,17.653167185877468,16.107023411371237,6,2,2025,2
3476.0,155,66,19000.0,0,Corporate Event,5,0.0,0.0,300,500,1,0,16,0,0,1,283.5820895522388,22.28205128205128,5,2,2024,1
1344.0,176,3661,24000.0,20,Birthday,4,0.0,0.0,300,500,0,2,16,0,0,1,6.553795740032769,7.593220338983051,3,1,2022,1
3736.0,176,3661,22000.0,0,Corporate Event,3,0.0,0.0,300,500,1,0,16,0,0,2,6.007646095030038,21.10734463276836,7,3,2025,2
6340.0,249,22215,12000.0,20,Birthday,4,0.0,0.0,300,500,0,2,16,0,0,2,0.5401512423478574,25.36,9,3,2022,3
5514.0,249,22215,21000.0,20,Wedding,1,0.0,0.0,300,500,2,2,16,0,0,0,0.9452646741087505,22.056,1,1,2025,0
1950.0,239,4101,13000.0,4,Corporate Event,5,0.0,0.0,300,500,1,1,16,0,0,2,3.1691857630424183,8.125,10,4,2023,3
6716.0,155,66,25000.0,4,Corporate Event,2,0.0,0.0,300,500,1,1,16,0,0,0,373.13432835820896,43.05128205128205,3,1,2022,1
3689.0,229,3480,20000.0,4,Birthday,1,0.0,0.0,300,500,0,1,16,0,0,2,5.745475438092502,16.03913043478261,10,4,2022,3
2094.0,126,4896,19000.0,0,Wedding,1,0.0,0.0,300,500,2,0,16,0,0,1,3.8799264856034306,16.488188976377952,2,1,2023,0
8777.0,203,1258,24000.0,0,Birthday,2,0.0,0.0,300,500,0,0,16,0,0,0,19.062748212867355,43.02450980392157,3,1,2025,1
7642.0,42,3577,23000.0,4,Corporate Event,1,0.0,0.0,300,500,1,1,16,0,0,2,6.428172163219676,177.72093023255815,11,4,2025,3
12954.0,176,3661,22000.0,20,Corporate Event,1,0.0,0.0,300,500,1,2,16,0,0,0,6.007646095030038,73.1864406779661,11,4,2022,3
6904.0,298,962,21000.0,20,Birthday,5,0.0,0.0,300,500,0,2,16,0,0,1,21.806853582554517,23.090301003344482,12,4,2023,0
13551.0,176,3661,21000.0,20,Wedding,2,0.0,0.0,300,500,2,2,16,0,0,1,5.734571272528673,76.55932203389831,7,3,2024,2
3176.0,203,1258,15000.0,4,Birthday,2,0.0,0.0,300,500,0,1,16,0,0,1,11.914217633042098,15.568627450980392,10,4,2024,3
4521.0,203,1417,12000.0,4,Birthday,2,0.0,0.0,300,500,0,1,16,0,0,1,8.46262341325811,22.16176470588235,9,3,2023,3
8957.0,202,1983,21000.0,0,Wedding,1,0.0,0.0,300,500,2,0,16,0,0,0,10.584677419354838,44.12315270935961,12,4,2023,0
11319.0,126,4896,19000.0,20,Birthday,1,0.0,0.0,300,500,0,2,16,0,0,1,3.8799264856034306,89.1259842519685,12,4,2024,0
8739.0,252,1608,22000.0,20,Wedding,1,0.0,0.0,300,500,2,2,16,0,0,0,13.673088875077688,34.541501976284586,11,4,2025,3
2903.0,252,1608,19000.0,20,Birthday,4,0.0,0.0,300,500,0,2,16,0,0,1,11.808576755748913,11.474308300395258,10,4,2024,3
7459.0,155,66,26000.0,20,Wedding,3,0.0,0.0,300,500,2,2,16,0,0,1,388.05970149253733,47.81410256410256,10,4,2023,3
14106.0,252,1608,17000.0,0,Corporate Event,1,0.0,0.0,300,500,1,0,16,0,0,2,10.565568676196396,55.75494071146245,2,1,2025,0
3300.0,239,4101,17000.0,20,Corporate Event,4,0.0,0.0,300,500,1,2,16,0,0,0,4.144319843978547,13.75,12,4,2025,0
13679.0,176,3661,15000.0,20,Birthday,2,0.0,0.0,300,500,0,2,16,0,0,2,4.09612233752048,77.28248587570621,4,2,2022,1
5217.0,252,1608,25000.0,20,Birthday,3,0.0,0.0,300,500,0,2,16,0,0,1,15.537600994406464,20.620553359683793,2,1,2024,0
3010.0,229,3480,22000.0,0,Wedding,3,0.0,0.0,300,500,2,0,16,0,0,2,6.320022981901753,13.08695652173913,8,3,2024,2
8840.0,176,3661,25000.0,20,Birthday,3,0.0,0.0,300,500,0,2,16,0,0,1,6.826870562534134,49.943502824858754,11,4,2024,3
9854.0,203,1258,24000.0,20,Birthday,1,0.0,0.0,300,500,0,2,16,0,0,0,19.062748212867355,48.30392156862745,4,2,2023,1
10228.0,176,3661,20000.0,20,Birthday,3,0.0,0.0,300,500,0,2,16,0,0,0,5.461496450027307,57.78531073446328,11,4,2023,3
281.0,249,22215,21000.0,0,Wedding,2,0.0,0.0,300,500,2,0,16,0,0,1,0.9452646741087505,1.124,7,3,2022,2
1555.0,249,22215,21000.0,4,Birthday,3,0.0,0.0,300,500,0,1,16,0,0,1,0.9452646741087505,6.22,3,1,2022,1
3707.0,176,3661,26000.0,20,Birthday,4,0.0,0.0,300,500,0,2,16,0,0,1,7.099945385035499,20.943502824858758,9,3,2025,3
6846.0,229,3480,23000.0,4,Birthday,1,0.0,0.0,300,500,0,1,16,0,0,0,6.607296753806377,29.765217391304347,4,2,2024,1
5439.0,298,962,21000.0,0,Wedding,5,0.0,0.0,300,500,2,0,16,0,0,1,21.806853582554517,18.190635451505017,1,1,2022,0
7795.0,229,3480,12000.0,4,Corporate Event,3,0.0,0.0,300,500,1,1,16,0,0,0,3.4472852628555013,33.891304347826086,7,3,2023,2
12544.0,176,3661,20000.0,20,Corporate Event,5,0.0,0.0,300,500,1,2,16,0,0,1,5.461496450027307,70.87005649717514,8,3,2024,2
8372.0,176,3661,13000.0,20,Wedding,2,0.0,0.0,300,500,2,2,16,0,0,2,3.5499726925177497,47.29943502824859,5,2,2025,1
14403.0,126,4896,23000.0,4,Birthday,4,0.0,0.0,300,500,0,1,16,0,0,0,4.696753114151521,113.40944881889764,12,4,2022,0
1681.0,239,4101,22000.0,20,Birthday,1,0.0,0.0,300,500,0,2,16,0,0,2,5.363237445148708,7.004166666666666,9,3,2025,3
11010.0,203,1417,21000.0,20,Corporate Event,4,0.0,0.0,300,500,1,2,16,0,0,2,14.809590973201692,53.970588235294116,9,3,2025,3
7733.0,203,1258,12000.0,20,Corporate Event,2,0.0,0.0,300,500,1,2,16,0,0,0,9.531374106433677,37.90686274509804,12,4,2022,0
7890.0,202,1983,22000.0,4,Wedding,5,0.0,0.0,300,500,2,1,16,0,0,1,11.088709677419354,38.86699507389162,8,3,2025,2
14515.0,42,3577,22000.0,0,Wedding,1,0.0,0.0,300,500,2,0,16,0,0,0,6.148686416992733,337.5581395348837,4,2,2022,1
6584.0,229,3480,13000.0,0,Wedding,4,0.0,0.0,300,500,2,0,16,0,0,2,3.7345590347601263,28.62608695652174,11,4,2022,3
10325.0,126,4896,23000.0,4,Wedding,4,0.0,0.0,300,500,2,1,16,0,0,0,4.696753114151521,81.2992125984252,10,4,2023,3
1683.0,203,1417,12000.0,0,Birthday,4,0.0,0.0,300,500,0,0,16,0,0,0,8.46262341325811,8.25,12,4,2024,0
13452.0,155,66,22000.0,4,Birthday,2,0.0,0.0,300,500,0,1,16,0,0,0,328.35820895522386,86.23076923076923,9,3,2024,3
8143.0,203,1417,22000.0,20,Wedding,2,0.0,0.0,300,500,2,2,16,0,0,1,15.514809590973202,39.916666666666664,7,3,2025,2
1458.0,298,962,23000.0,20,Wedding,1,0.0,0.0,300,500,2,2,16,0,0,2,23.883696780893043,4.8762541806020065,2,1,2024,0
6083.0,203,1417,26000.0,4,Corporate Event,5,0.0,0.0,300,500,1,1,16,0,0,2,18.33568406205924,29.818627450980394,6,2,2023,2
8375.0,252,1608,22000.0,20,Birthday,1,0.0,0.0,300,500,0,2,16,0,0,1,13.673088875077688,33.10276679841897,12,4,2023,0
7409.0,298,962,24000.0,20,Birthday,3,0.0,0.0,300,500,0,2,16,0,0,0,24.922118380062305,24.779264214046822,2,1,2023,0
8324.0,249,22215,13000.0,20,Corporate Event,4,0.0,0.0,300,500,1,2,16,0,0,1,0.5851638458768456,33.296,1,1,2022,0
12147.0,229,3480,15000.0,0,Birthday,2,0.0,0.0,300,500,0,0,16,0,0,0,4.309106578569376,52.81304347826087,1,1,2023,0
7053.0,203,1417,19000.0,20,Corporate Event,5,0.0,0.0,300,500,1,2,16,0,0,0,13.399153737658674,34.5735294117647,11,4,2022,3
12254.0,42,3577,17000.0,4,Birthday,2,0.0,0.0,300,500,0,1,16,0,0,2,4.751257685858021,284.9767441860465,10,4,2022,3
7502.0,126,4896,25000.0,20,Birthday,1,0.0,0.0,300,500,0,2,16,0,0,2,5.105166428425567,59.07086614173228,9,3,2024,3
2823.0,298,962,21000.0,4,Wedding,4,0.0,0.0,300,500,2,1,16,0,0,2,21.806853582554517,9.441471571906355,7,3,2022,2
7088.0,229,3480,21000.0,4,Birthday,2,0.0,0.0,300,500,0,1,16,0,0,2,6.032749209997127,30.817391304347826,11,4,2023,3
7409.0,229,3480,24000.0,20,Wedding,4,0.0,0.0,300,500,2,2,16,0,0,2,6.894570525711003,32.21304347826087,4,2,2024,1
4225.0,126,4896,20000.0,4,Corporate Event,3,0.0,0.0,300,500,1,1,16,0,0,0,4.084133142740454,33.267716535433074,8,3,2023,2
1719.0,229,3480,23000.0,4,Corporate Event,1,0.0,0.0,300,500,1,1,16,0,0,1,6.607296753806377,7.473913043478261,5,2,2023,1
9085.0,239,4101,13000.0,20,Wedding,5,0.0,0.0,300,500,2,2,16,0,0,2,3.1691857630424183,37.854166666666664,5,2,2022,1
7909.0,42,3577,24000.0,0,Wedding,4,0.0,0.0,300,500,2,0,16,0,0,1,6.707657909446619,183.93023255813952,5,2,2023,1
8359.0,202,1983,26000.0,0,Corporate Event,3,0.0,0.0,300,500,1,0,16,0,0,2,13.10483870967742,41.17733990147783,11,4,2024,3
7088.0,229,3480,23000.0,14,Corporate Event,1,0.0,0.0,200,400,1,2,0,0,1,0,6.607296753806377,30.817391304347826,11,4,2023,3
5942.0,252,1608,23000.0,14,Wedding,1,0.0,0.0,200,400,2,2,0,0,1,0,14.294592914853947,23.486166007905137,11,4,2024,3
8283.0,229,3480,21000.0,0,Birthday,4,0.0,0.0,200,400,0,0,0,0,1,0,6.032749209997127,36.01304347826087,11,4,2022,3
14550.0,252,1608,19000.0,11,Corporate Event,3,0.0,0.0,200,400,1,1,0,0,1,2,11.808576755748913,57.5098814229249,4,2,2022,1
4317.0,126,4896,13000.0,10,Corporate Event,4,0.0,0.0,200,400,1,2,0,0,1,0,2.6546865427812945,33.99212598425197,1,1,2025,0
7423.0,203,1258,20000.0,11,Corporate Event,2,0.0,0.0,200,400,1,1,0,0,1,1,15.885623510722796,36.38725490196079,3,1,2023,1
6985.0,202,1983,15000.0,14,Birthday,5,0.0,0.0,200,400,0,2,0,0,1,1,7.560483870967742,34.40886699507389,3,1,2025,1
660.0,239,4101,24000.0,10,Birthday,3,0.0,0.0,200,400,0,2,0,0,1,2,5.850804485616773,2.75,7,3,2022,2
2326.0,229,3480,23000.0,0,Birthday,3,0.0,0.0,200,400,0,0,0,0,1,0,6.607296753806377,10.11304347826087,11,4,2022,3
5532.0,126,4896,21000.0,0,Corporate Event,2,0.0,0.0,200,400,1,0,0,0,1,1,4.288339799877476,43.55905511811024,2,1,2023,0
13774.0,298,962,15000.0,11,Birthday,5,0.0,0.0,200,400,0,1,0,0,1,0,15.576323987538942,46.06688963210702,4,2,2025,1
7092.0,202,1983,17000.0,14,Corporate Event,5,0.0,0.0,200,400,1,2,0,0,1,0,8.568548387096774,34.935960591133004,10,4,2022,3
2922.0,176,3661,21000.0,0,Wedding,4,0.0,0.0,200,400,2,0,0,0,1,1,5.734571272528673,16.508474576271187,3,1,2024,1
1596.0,252,1608,26000.0,0,Corporate Event,4,0.0,0.0,200,400,1,0,0,0,1,0,16.159105034182723,6.308300395256917,1,1,2022,0
5641.0,252,1608,24000.0,0,Birthday,5,0.0,0.0,200,400,0,0,0,0,1,0,14.916096954630206,22.296442687747035,2,1,2025,0
13129.0,203,1417,19000.0,0,Birthday,3,0.0,0.0,200,400,0,0,0,0,1,1,13.399153737658674,64.3578431372549,6,2,2025,2
13435.0,203,1417,22000.0,10,Corporate Event,1,0.0,0.0,200,400,1,2,0,0,1,0,15.514809590973202,65.8578431372549,2,1,2024,0
13376.0,155,66,19000.0,14,Wedding,5,0.0,0.0,200,400,2,2,0,0,1,0,283.5820895522388,85.74358974358974,1,1,2024,0
11367.0,126,4896,19000.0,14,Birthday,4,0.0,0.0,200,400,0,2,0,0,1,1,3.8799264856034306,89.50393700787401,10,4,2024,3
14820.0,155,66,19000.0,14,Birthday,3,0.0,0.0,200,400,0,2,0,0,1,1,283.5820895522388,95.0,9,3,2023,3
3466.0,249,22215,12000.0,0,Corporate Event,2,0.0,0.0,200,400,1,0,0,0,1,2,0.5401512423478574,13.864,10,4,2024,3
9785.0,203,1417,24000.0,14,Birthday,2,0.0,0.0,200,400,0,2,0,0,1,2,16.92524682651622,47.96568627450981,1,1,2022,0
9330.0,203,1417,19000.0,14,Birthday,3,0.0,0.0,200,400,0,2,0,0,1,0,13.399153737658674,45.73529411764706,1,1,2025,0
9482.0,249,22215,24000.0,10,Corporate Event,1,0.0,0.0,200,400,1,2,0,0,1,1,1.0803024846957148,37.928,2,1,2023,0
1229.0,249,22215,21000.0,11,Wedding,1,0.0,0.0,200,400,2,1,0,0,1,0,0.9452646741087505,4.916,12,4,2023,0
6355.0,203,1258,26000.0,11,Birthday,4,0.0,0.0,200,400,0,1,0,0,1,2,20.651310563939635,31.151960784313726,8,3,2023,2
14587.0,155,66,25000.0,11,Corporate Event,4,0.0,0.0,200,400,1,1,0,0,1,1,373.13432835820896,93.50641025641026,12,4,2023,0
48480.0,155,66,19000.0,10,Birthday,3,0.0,0.0,200,400,0,2,0,0,1,0,283.5820895522388,310.7692307692308,7,3,2024,2
1545.0,42,3577,13000.0,11,Wedding,3,0.0,0.0,200,400,2,1,0,0,1,2,3.6333147009502516,35.93023255813954,9,3,2022,3
11142.0,229,3480,13000.0,0,Corporate Event,3,0.0,0.0,200,400,1,0,0,0,1,0,3.7345590347601263,48.44347826086957,9,3,2023,3
2323.0,249,22215,24000.0,10,Birthday,1,0.0,0.0,200,400,0,2,0,0,1,1,1.0803024846957148,9.292,10,4,2024,3
1437.0,252,1608,15000.0,10,Birthday,2,0.0,0.0,200,400,0,2,0,0,1,0,9.322560596643878,5.679841897233201,3,1,2025,1
14916.0,155,66,21000.0,0,Birthday,4,0.0,0.0,200,400,0,0,0,0,1,0,313.43283582089555,95.61538461538461,11,4,2023,3
3947.0,252,1608,19000.0,0,Birthday,1,0.0,0.0,200,400,0,0,0,0,1,1,11.808576755748913,15.600790513833992,5,2,2024,1
1071.0,126,4896,20000.0,0,Birthday,5,0.0,0.0,200,400,0,0,0,0,1,0,4.084133142740454,8.433070866141732,8,3,2022,2
11444.0,202,1983,21000.0,0,Wedding,3,0.0,0.0,200,400,2,0,0,0,1,2,10.584677419354838,56.3743842364532,2,1,2025,0
1789.0,252,1608,13000.0,0,Corporate Event,1,0.0,0.0,200,400,1,0,0,0,1,1,8.079552517091361,7.071146245059288,12,4,2024,0
6110.0,239,4101,24000.0,11,Corporate Event,3,0.0,0.0,200,400,1,1,0,0,1,0,5.850804485616773,25.458333333333332,9,3,2025,3
14369.0,155,66,15000.0,0,Corporate Event,4,0.0,0.0,200,400,1,0,0,0,1,1,223.88059701492537,92.10897435897436,1,1,2022,0
4228.0,252,1608,19000.0,14,Corporate Event,1,0.0,0.0,200,400,1,2,0,0,1,0,11.808576755748913,16.711462450592887,6,2,2025,2
13003.0,203,1417,12000.0,11,Birthday,4,0.0,0.0,200,400,0,1,0,0,1,0,8.46262341325811,63.740196078431374,10,4,2022,3
4309.0,252,1608,19000.0,11,Corporate Event,4,0.0,0.0,200,400,1,1,0,0,1,1,11.808576755748913,17.031620553359684,1,1,2025,0
3174.0,252,1608,22000.0,0,Birthday,5,0.0,0.0,200,400,0,0,0,0,1,0,13.673088875077688,12.545454545454545,6,2,2025,2
14434.0,229,3480,24000.0,11,Corporate Event,3,0.0,0.0,200,400,1,1,0,0,1,0,6.894570525711003,62.756521739130434,10,4,2024,3
13418.0,252,1608,24000.0,11,Corporate Event,3,0.0,0.0,200,400,1,1,0,0,1,0,14.916096954630206,53.03557312252964,4,2,2024,1
14966.0,203,1417,19000.0,11,Wedding,2,0.0,0.0,200,400,2,1,0,0,1,2,13.399153737658674,73.36274509803921,5,2,2025,1
10496.0,249,22215,22000.0,14,Wedding,4,0.0,0.0,200,400,2,2,0,0,1,0,0.9902772776377385,41.984,8,3,2023,2
13521.0,252,1608,15000.0,14,Birthday,5,0.0,0.0,200,400,0,2,0,0,1,0,9.322560596643878,53.44268774703557,4,2,2025,1
7091.0,202,1983,23000.0,14,Birthday,4,0.0,0.0,200,400,0,2,0,0,1,1,11.59274193548387,34.93103448275862,6,2,2023,2
14421.0,239,4101,17000.0,0,Birthday,2,0.0,0.0,200,400,0,0,0,0,1,1,4.144319843978547,60.0875,1,1,2022,0
5723.0,252,1608,26000.0,0,Birthday,1,0.0,0.0,200,400,0,0,0,0,1,0,16.159105034182723,22.620553359683793,7,3,2024,2
5146.0,249,22215,13000.0,0,Wedding,4,0.0,0.0,200,400,2,0,0,0,1,0,0.5851638458768456,20.584,7,3,2025,2
13889.0,203,1258,19000.0,10,Wedding,4,0.0,0.0,200,400,2,2,0,0,1,2,15.091342335186656,68.08333333333333,5,2,2025,1
3312.0,42,3577,23000.0,11,Corporate Event,5,0.0,0.0,200,400,1,1,0,0,1,2,6.428172163219676,77.02325581395348,10,4,2024,3
10234.0,203,1417,25000.0,0,Wedding,1,0.0,0.0,200,400,2,0,0,0,1,1,17.63046544428773,50.166666666666664,11,4,2025,3
11077.0,239,4101,15000.0,11,Corporate Event,3,0.0,0.0,200,400,1,1,0,0,1,1,3.6567528035104826,46.15416666666667,2,1,2025,0
10271.0,239,4101,19000.0,0,Birthday,3,0.0,0.0,200,400,0,0,0,0,1,1,4.631886884446612,42.795833333333334,10,4,2025,3
1925.0,229,3480,25000.0,11,Corporate Event,4,0.0,0.0,200,400,1,1,0,0,1,0,7.181844297615628,8.369565217391305,3,1,2022,1
13709.0,126,4896,21000.0,14,Birthday,1,0.0,0.0,200,400,0,2,0,0,1,2,4.288339799877476,107.94488188976378,7,3,2022,2
10616.0,252,1608,24000.0,0,Wedding,4,0.0,0.0,200,400,2,0,0,0,1,2,14.916096954630206,41.9604743083004,2,1,2023,0
6044.0,239,4101,20000.0,10,Corporate Event,3,0.0,0.0,200,400,1,2,0,0,1,2,4.875670404680643,25.183333333333334,3,1,2023,1
2552.0,42,3577,15000.0,0,Birthday,2,0.0,0.0,200,400,0,0,0,0,1,1,4.192286193404136,59.348837209302324,1,1,2022,0
1637.0,252,1608,15000.0,11,Birthday,2,0.0,0.0,200,400,0,1,0,0,1,1,9.322560596643878,6.470355731225297,10,4,2025,3
7614.0,42,3577,20000.0,10,Birthday,1,0.0,0.0,200,400,0,2,0,0,1,2,5.589714924538849,177.06976744186048,7,3,2023,2
8905.0,203,1258,26000.0,10,Corporate Event,1,0.0,0.0,200,400,1,2,0,0,1,1,20.651310563939635,43.65196078431372,6,2,2025,2
3043.0,155,66,26000.0,0,Wedding,5,0.0,0.0,200,400,2,0,0,0,1,2,388.05970149253733,19.506410256410255,4,2,2022,1
2528.0,252,1608,15000.0,11,Corporate Event,5,0.0,0.0,200,400,1,1,0,0,1,0,9.322560596643878,9.992094861660078,2,1,2024,0
7743.0,176,3661,25000.0,14,Corporate Event,2,0.0,0.0,200,400,1,2,0,0,1,1,6.826870562534134,43.74576271186441,1,1,2024,0
9671.0,229,3480,20000.0,0,Corporate Event,5,0.0,0.0,200,400,1,0,0,0,1,0,5.745475438092502,42.04782608695652,7,3,2023,2
12547.0,202,1983,17000.0,14,Birthday,1,0.0,0.0,200,400,0,2,0,0,1,1,8.568548387096774,61.80788177339902,7,3,2022,2
8689.0,203,1258,26000.0,14,Corporate Event,5,0.0,0.0,200,400,1,2,0,0,1,0,20.651310563939635,42.59313725490196,11,4,2025,3
5202.0,126,4896,22000.0,14,Corporate Event,2,0.0,0.0,200,400,1,2,0,0,1,0,4.492546457014499,40.960629921259844,6,2,2023,2
96810.0,42,3577,21000.0,0,Wedding,2,0.0,0.0,200,400,2,0,0,0,1,0,5.869200670765791,2251.3953488372094,1,1,2022,0
6168.0,203,1417,17000.0,14,Corporate Event,1,0.0,0.0,200,400,1,2,0,0,1,2,11.988716502115656,30.235294117647058,11,4,2024,3
8667.0,203,1417,12000.0,0,Birthday,5,0.0,0.0,200,400,0,0,0,0,1,1,8.46262341325811,42.48529411764706,8,3,2024,2
8293.0,42,3577,19000.0,11,Corporate Event,1,0.0,0.0,200,400,1,1,0,0,1,0,5.310229178311906,192.86046511627907,4,2,2023,1
574.0,176,3661,26000.0,0,Wedding,1,0.0,0.0,200,400,2,0,0,0,1,1,7.099945385035499,3.2429378531073447,1,1,2025,0
9353.0,126,4896,21000.0,11,Corporate Event,2,0.0,0.0,200,400,1,1,0,0,1,0,4.288339799877476,73.64566929133858,10,4,2025,3
2193.0,126,4896,19000.0,10,Corporate Event,5,0.0,0.0,200,400,1,2,0,0,1,2,3.8799264856034306,17.26771653543307,6,2,2025,2
11421.0,229,3480,19000.0,10,Birthday,3,0.0,0.0,200,400,0,2,0,0,1,1,5.458201666187877,49.65652173913043,5,2,2023,1
3360.0,203,1417,19000.0,10,Corporate Event,4,0.0,0.0,200,400,1,2,0,0,1,0,13.399153737658674,16.470588235294116,9,3,2025,3
12595.0,176,3661,23000.0,11,Wedding,4,0.0,0.0,200,400,2,1,0,0,1,0,6.280720917531403,71.15819209039547,3,1,2023,1
13061.0,229,3480,19000.0,10,Corporate Event,3,0.0,0.0,200,400,1,2,0,0,1,1,5.458201666187877,56.78695652173913,3,1,2023,1
14984.0,239,4101,19000.0,10,Wedding,5,0.0,0.0,200,400,2,2,0,0,1,1,4.631886884446612,62.43333333333333,3,1,2022,1
11115.0,252,1608,15000.0,10,Wedding,1,0.0,0.0,200,400,2,2,0,0,1,2,9.322560596643878,43.93280632411067,8,3,2022,2
2828.0,155,66,21000.0,10,Birthday,1,0.0,0.0,200,400,0,2,0,0,1,1,313.43283582089555,18.128205128205128,3,1,2025,1
4377.0,239,4101,24000.0,10,Birthday,5,0.0,0.0,200,400,0,2,0,0,1,0,5.850804485616773,18.2375,11,4,2025,3
13838.0,249,22215,21000.0,11,Birthday,4,0.0,0.0,200,400,0,1,0,0,1,0,0.9452646741087505,55.352,1,1,2023,0
13336.0,249,22215,25000.0,10,Birthday,2,0.0,0.0,200,400,0,2,0,0,1,1,1.125315088224703,53.344,6,2,2024,2
6170.0,298,962,22000.0,11,Corporate Event,2,0.0,0.0,200,400,1,1,0,0,1,0,22.84527518172378,20.63545150501672,11,4,2024,3
479.0,229,3480,20000.0,10,Birthday,1,0.0,0.0,200,400,0,2,0,0,1,1,5.745475438092502,2.082608695652174,4,2,2023,1
2617.0,298,962,26000.0,11,Corporate Event,2,0.0,0.0,200,400,1,1,0,0,1,1,26.99896157840083,8.752508361204013,1,1,2022,0
11674.0,176,3661,21000.0,0,Birthday,1,0.0,0.0,200,400,0,0,0,0,1,1,5.734571272528673,65.954802259887,3,1,2022,1
5876.0,202,1983,22000.0,14,Wedding,1,0.0,0.0,200,400,2,2,0,0,1,0,11.088709677419354,28.945812807881772,10,4,2025,3
3357.0,42,3577,22000.0,10,Birthday,3,0.0,0.0,200,400,0,2,0,0,1,0,6.148686416992733,78.06976744186046,11,4,2022,3
14902.0,229,3480,15000.0,10,Wedding,5,0.0,0.0,200,400,2,2,0,0,1,0,4.309106578569376,64.79130434782608,11,4,2024,3
14320.0,229,3480,25000.0,14,Birthday,1,0.0,0.0,200,400,0,2,0,0,1,2,7.181844297615628,62.26086956521739,1,1,2023,0
2466.0,203,1417,13000.0,11,Corporate Event,2,0.0,0.0,200,400,1,1,0,0,1,0,9.16784203102962,12.088235294117647,3,1,2023,1
5000.0,42,3577,21000.0,0,Corporate Event,4,0.0,0.0,200,400,1,0,0,0,1,0,5.869200670765791,116.27906976744185,2,1,2025,0
11570.0,203,1258,22000.0,11,Birthday,5,0.0,0.0,200,400,0,1,0,0,1,1,17.474185861795075,56.71568627450981,10,4,2022,3
11292.0,249,22215,26000.0,11,Wedding,1,0.0,0.0,200,400,2,1,0,0,1,2,1.1703276917536911,45.168,8,3,2025,2
6401.0,249,22215,21000.0,10,Birthday,3,0.0,0.0,200,400,0,2,0,0,1,0,0.9452646741087505,25.604,10,4,2024,3
208.0,298,962,20000.0,14,Birthday,3,0.0,0.0,200,400,0,2,0,0,1,1,20.768431983385256,0.6956521739130435,1,1,2023,0
6091.0,42,3577,17000.0,0,Corporate Event,5,0.0,0.0,200,400,1,0,0,0,1,1,4.751257685858021,141.65116279069767,7,3,2022,2
14702.0,203,1258,20000.0,10,Corporate Event,3,0.0,0.0,200,400,1,2,0,0,1,1,15.885623510722796,72.06862745098039,2,1,2023,0
10316.0,249,22215,23000.0,14,Birthday,5,0.0,0.0,200,400,0,2,0,0,1,0,1.0352898811667266,41.264,12,4,2023,0
11088.0,155,66,17000.0,11,Corporate Event,1,0.0,0.0,200,400,1,1,0,0,1,1,253.73134328358208,71.07692307692308,7,3,2023,2
13070.0,202,1983,15000.0,11,Corporate Event,2,0.0,0.0,200,400,1,1,0,0,1,1,7.560483870967742,64.38423645320196,4,2,2024,1
2402.0,176,3661,20000.0,10,Birthday,5,0.0,0.0,200,400,0,2,0,0,1,1,5.461496450027307,13.570621468926554,9,3,2022,3
14513.0,126,4896,23000.0,10,Wedding,5,0.0,0.0,200,400,2,2,0,0,1,1,4.696753114151521,114.2755905511811,7,3,2022,2
4014.0,229,3480,26000.0,0,Wedding,3,0.0,0.0,200,400,2,0,0,0,1,1,7.469118069520253,17.452173913043477,10,4,2024,3
14690.0,239,4101,13000.0,10,Wedding,4,0.0,0.0,200,400,2,2,0,0,1,2,3.1691857630424183,61.208333333333336,10,4,2023,3
3023.0,203,1258,24000.0,0,Birthday,1,0.0,0.0,200,400,0,0,0,0,1,2,19.062748212867355,14.818627450980392,2,1,2022,0
7183.0,155,66,12000.0,10,Birthday,2,0.0,0.0,200,400,0,2,0,0,1,2,179.1044776119403,46.044871794871796,6,2,2022,2
2933.0,202,1983,26000.0,14,Wedding,5,0.0,0.0,200,400,2,2,0,0,1,2,13.10483870967742,14.448275862068966,6,2,2023,2
11600.0,203,1258,19000.0,0,Wedding,2,0.0,0.0,200,400,2,0,0,0,1,2,15.091342335186656,56.86274509803921,8,3,2023,2
11901.0,203,1417,20000.0,14,Birthday,1,0.0,0.0,200,400,0,2,0,0,1,0,14.104372355430183,58.338235294117645,2,1,2023,0
8695.0,155,66,13000.0,0,Corporate Event,4,0.0,0.0,200,400,1,0,0,0,1,2,194.02985074626866,55.73717948717949,5,2,2022,1
77900.0,229,3480,19000.0,0,Wedding,1,0.0,0.0,200,400,2,0,0,0,1,2,5.458201666187877,338.69565217391306,3,1,2025,1
3826.0,239,4101,26000.0,11,Wedding,4,0.0,0.0,200,400,2,1,0,0,1,1,6.338371526084837,15.941666666666666,10,4,2024,3
2519.0,298,962,24000.0,0,Birthday,4,0.0,0.0,200,400,0,0,0,0,1,1,24.922118380062305,8.424749163879598,10,4,2022,3
1738.0,203,1258,20000.0,11,Wedding,2,0.0,0.0,200,400,2,1,0,0,1,1,15.885623510722796,8.519607843137255,9,3,2022,3
11699.0,239,4101,17000.0,14,Birthday,4,0.0,0.0,200,400,0,2,0,0,1,0,4.144319843978547,48.74583333333333,8,3,2025,2
8359.0,155,66,21000.0,11,Birthday,5,0.0,0.0,200,400,0,1,0,0,1,2,313.43283582089555,53.583333333333336,1,1,2022,0
10762.0,252,1608,15000.0,14,Wedding,4,0.0,0.0,200,400,2,2,0,0,1,0,9.322560596643878,42.537549407114625,7,3,2022,2
4819.0,155,66,20000.0,14,Corporate Event,2,0.0,0.0,200,400,1,2,0,0,1,2,298.5074626865672,30.891025641025642,2,1,2025,0
5828.0,176,3661,12000.0,11,Birthday,1,0.0,0.0,200,400,0,1,0,0,1,2,3.2768978700163847,32.92655367231639,10,4,2022,3
6718.0,42,3577,13000.0,0,Birthday,2,0.0,0.0,200,400,0,0,0,0,1,1,3.6333147009502516,156.2325581395349,12,4,2023,0
81060.0,229,3480,23000.0,11,Birthday,3,0.0,0.0,200,400,0,1,0,0,1,0,6.607296753806377,352.4347826086956,11,4,2023,3
5557.0,203,1258,25000.0,10,Birthday,3,0.0,0.0,200,400,0,2,0,0,1,1,19.857029388403493,27.24019607843137,3,1,2023,1
6890.0,202,1983,25000.0,0,Corporate Event,2,0.0,0.0,200,400,1,0,0,0,1,2,12.600806451612904,33.94088669950739,3,1,2022,1
1546.0,203,1258,25000.0,10,Corporate Event,1,0.0,0.0,200,400,1,2,0,0,1,0,19.857029388403493,7.578431372549019,10,4,2023,3
3062.0,229,3480,25000.0,11,Corporate Event,4,0.0,0.0,200,400,1,1,0,0,1,1,7.181844297615628,13.31304347826087,5,2,2023,1
5995.0,203,1417,13000.0,10,Corporate Event,5,0.0,0.0,200,400,1,2,0,0,1,2,9.16784203102962,29.387254901960784,5,2,2023,1
1985.0,42,3577,13000.0,0,Corporate Event,4,0.0,0.0,200,400,1,0,0,0,1,2,3.6333147009502516,46.16279069767442,1,1,2025,0
622.0,126,4896,20000.0,11,Wedding,3,0.0,0.0,200,400,2,1,0,0,1,0,4.084133142740454,4.897637795275591,4,2,2024,1
5368.0,126,4896,22000.0,0,Wedding,1,0.0,0.0,200,400,2,0,0,0,1,2,4.492546457014499,42.267716535433074,1,1,2025,0
133640.0,229,3480,25000.0,14,Birthday,3,0.0,0.0,200,400,0,2,0,0,1,1,7.181844297615628,581.0434782608696,6,2,2022,2
6205.0,155,66,21000.0,10,Wedding,2,0.0,0.0,200,400,2,2,0,0,1,1,313.43283582089555,39.77564102564103,1,1,2022,0
3769.0,203,1417,22000.0,11,Wedding,2,0.0,0.0,200,400,2,1,0,0,1,1,15.514809590973202,18.475490196078432,5,2,2023,1
5511.0,176,3661,22000.0,0,Corporate Event,1,0.0,0.0,200,400,1,0,0,0,1,1,6.007646095030038,31.135593220338983,12,4,2024,0
3061.0,298,962,19000.0,0,Birthday,3,0.0,0.0,200,400,0,0,0,0,1,1,19.73001038421599,10.237458193979933,6,2,2022,2
1900.0,42,3577,25000.0,11,Wedding,2,0.0,0.0,200,400,2,1,0,0,1,2,6.98714365567356,44.18604651162791,3,1,2025,1
12046.0,126,4896,12000.0,10,Wedding,1,0.0,0.0,200,400,2,2,0,0,1,2,2.450479885644272,94.85039370078741,11,4,2023,3
7746.0,203,1417,24000.0,0,Birthday,5,0.0,0.0,200,400,0,0,0,0,1,1,16.92524682651622,37.970588235294116,9,3,2025,3
6587.0,202,1983,17000.0,10,Corporate Event,5,0.0,0.0,200,400,1,2,0,0,1,0,8.568548387096774,32.44827586206897,4,2,2025,1
10913.0,203,1417,15000.0,14,Corporate Event,5,0.0,0.0,200,400,1,2,0,0,1,1,10.578279266572638,53.495098039215684,10,4,2022,3
11804.0,229,3480,22000.0,14,Birthday,2,0.0,0.0,200,400,0,2,0,0,1,2,6.320022981901753,51.321739130434786,5,2,2024,1
871.0,252,1608,15000.0,11,Birthday,5,0.0,0.0,200,400,0,1,0,0,1,2,9.322560596643878,3.4426877470355732,4,2,2023,1
6296.0,298,962,26000.0,11,Birthday,1,0.0,0.0,200,400,0,1,0,0,1,1,26.99896157840083,21.05685618729097,2,1,2023,0
6254.0,298,962,25000.0,10,Birthday,2,0.0,0.0,200,400,0,2,0,0,1,0,25.96053997923157,20.91638795986622,1,1,2024,0
8385.0,298,962,24000.0,0,Corporate Event,5,0.0,0.0,200,400,1,0,0,0,1,2,24.922118380062305,28.043478260869566,6,2,2025,2
570.0,42,3577,22000.0,0,Birthday,4,0.0,0.0,200,400,0,0,0,0,1,1,6.148686416992733,13.255813953488373,11,4,2024,3
3662.0,298,962,13000.0,11,Corporate Event,2,0.0,0.0,200,400,1,1,0,0,1,0,13.499480789200415,12.247491638795987,8,3,2023,2
11260.0,155,66,13000.0,10,Corporate Event,2,0.0,0.0,200,400,1,2,0,0,1,0,194.02985074626866,72.17948717948718,8,3,2022,2
11088.0,229,3480,24000.0,11,Corporate Event,2,0.0,0.0,200,400,1,1,0,0,1,0,6.894570525711003,48.208695652173915,9,3,2025,3
12648.0,239,4101,15000.0,10,Birthday,2,0.0,0.0,200,400,0,2,0,0,1,0,3.6567528035104826,52.7,6,2,2024,2
8647.0,176,3661,17000.0,14,Birthday,1,0.0,0.0,200,400,0,2,0,0,1,0,4.642271982523211,48.85310734463277,6,2,2023,2
1861.0,298,962,15000.0,10,Corporate Event,3,0.0,0.0,200,400,1,2,0,0,1,2,15.576323987538942,6.224080267558528,3,1,2023,1
7458.0,249,22215,20000.0,10,Corporate Event,5,0.0,0.0,200,400,1,2,0,0,1,2,0.9002520705797623,29.832,3,1,2025,1
7396.0,203,1258,23000.0,11,Birthday,5,0.0,0.0,200,400,0,1,0,0,1,0,18.268467037331217,36.254901960784316,2,1,2025,0
4759.0,176,3661,21000.0,11,Wedding,5,0.0,0.0,200,400,2,1,0,0,1,0,5.734571272528673,26.887005649717516,4,2,2025,1
6731.0,298,962,26000.0,11,Corporate Event,5,0.0,0.0,200,400,1,1,0,0,1,0,26.99896157840083,22.51170568561873,10,4,2024,3
13304.0,298,962,17000.0,11,Wedding,2,0.0,0.0,200,400,2,1,0,0,1,2,17.653167185877468,44.49498327759197,5,2,2025,1
7551.0,252,1608,22000.0,0,Corporate Event,5,0.0,0.0,200,400,1,0,0,0,1,2,13.673088875077688,29.845849802371543,2,1,2025,0
1694.0,239,4101,23000.0,11,Birthday,2,0.0,0.0,200,400,0,1,0,0,1,0,5.60702096538274,7.058333333333334,5,2,2025,1
3707.0,229,3480,19000.0,0,Wedding,5,0.0,0.0,200,400,2,0,0,0,1,0,5.458201666187877,16.117391304347827,3,1,2023,1
11658.0,229,3480,22000.0,14,Corporate Event,4,0.0,0.0,200,400,1,2,0,0,1,2,6.320022981901753,50.68695652173913,12,4,2022,0
13108.0,42,3577,22000.0,14,Wedding,2,0.0,0.0,200,400,2,2,0,0,1,1,6.148686416992733,304.83720930232556,2,1,2025,0
512.0,239,4101,15000.0,10,Birthday,1,0.0,0.0,200,400,0,2,0,0,1,1,3.6567528035104826,2.1333333333333333,4,2,2024,1
3955.0,239,4101,20000.0,10,Birthday,3,0.0,0.0,200,400,0,2,0,0,1,2,4.875670404680643,16.479166666666668,8,3,2023,2
11576.0,239,4101,21000.0,14,Birthday,3,0.0,0.0,200,400,0,2,0,0,1,1,5.1194539249146755,48.233333333333334,4,2,2025,1
9851.0,239,4101,19000.0,11,Corporate Event,2,0.0,0.0,200,400,1,1,0,0,1,0,4.631886884446612,41.045833333333334,11,4,2024,3
7728.0,249,22215,24000.0,10,Wedding,2,0.0,0.0,200,400,2,2,0,0,1,2,1.0803024846957148,30.912,7,3,2023,2
14929.0,203,1258,22000.0,0,Birthday,5,0.0,0.0,200,400,0,0,0,0,1,0,17.474185861795075,73.18137254901961,4,2,2024,1
9973.0,203,1258,20000.0,14,Corporate Event,5,0.0,0.0,200,400,1,2,0,0,1,1,15.885623510722796,48.88725490196079,5,2,2023,1
5045.0,202,1983,17000.0,11,Birthday,3,0.0,0.0,200,400,0,1,0,0,1,2,8.568548387096774,24.852216748768473,3,1,2025,1
13860.0,42,3577,15000.0,11,Corporate Event,3,0.0,0.0,200,400,1,1,0,0,1,0,4.192286193404136,322.3255813953488,3,1,2023,1
9012.0,202,1983,19000.0,0,Birthday,2,0.0,0.0,200,400,0,0,0,0,1,2,9.576612903225806,44.39408866995074,4,2,2025,1
4371.0,229,3480,19000.0,0,Corporate Event,5,0.0,0.0,200,400,1,0,0,0,1,1,5.458201666187877,19.004347826086956,4,2,2024,1
837.0,252,1608,26000.0,0,Birthday,2,0.0,0.0,200,400,0,0,0,0,1,0,16.159105034182723,3.308300395256917,5,2,2025,1
3460.0,203,1258,13000.0,0,Birthday,4,0.0,0.0,200,400,0,0,0,0,1,0,10.325655281969818,16.96078431372549,3,1,2025,1
241.0,252,1608,24000.0,14,Birthday,4,0.0,0.0,200,400,0,2,0,0,1,0,14.916096954630206,0.9525691699604744,6,2,2024,2
8898.0,239,4101,15000.0,0,Wedding,5,0.0,0.0,200,400,2,0,0,0,1,1,3.6567528035104826,37.075,2,1,2022,0
11859.0,42,3577,13000.0,14,Birthday,1,0.0,0.0,200,400,0,2,0,0,1,1,3.6333147009502516,275.7906976744186,8,3,2023,2
5439.0,298,962,26000.0,11,Corporate Event,3,0.0,0.0,200,400,1,1,0,0,1,2,26.99896157840083,18.190635451505017,4,2,2022,1
11436.0,203,1417,22000.0,11,Wedding,2,0.0,0.0,200,400,2,1,0,0,1,0,15.514809590973202,56.05882352941177,10,4,2023,3
10735.0,229,3480,12000.0,11,Wedding,1,0.0,0.0,200,400,2,1,0,0,1,1,3.4472852628555013,46.67391304347826,4,2,2024,1
10708.0,42,3577,24000.0,0,Wedding,1,0.0,0.0,200,400,2,0,0,0,1,2,6.707657909446619,249.02325581395348,9,3,2024,3
6175.0,229,3480,13000.0,14,Corporate Event,5,0.0,0.0,200,400,1,2,0,0,1,0,3.7345590347601263,26.847826086956523,1,1,2024,0
7349.0,202,1983,21000.0,14,Corporate Event,2,0.0,0.0,200,400,1,2,0,0,1,2,10.584677419354838,36.20197044334975,12,4,2022,0
999.0,126,4896,26000.0,14,Birthday,2,0.0,0.0,200,400,0,2,0,0,1,0,5.309373085562589,7.866141732283465,5,2,2023,1
5786.0,203,1258,17000.0,14,Wedding,5,0.0,0.0,200,400,2,2,0,0,1,1,13.502779984114376,28.362745098039216,8,3,2023,2
3584.0,298,962,25000.0,10,Birthday,4,0.0,0.0,200,400,0,2,0,0,1,2,25.96053997923157,11.986622073578594,5,2,2025,1
9101.0,202,1983,25000.0,0,Corporate Event,4,0.0,0.0,200,400,1,0,0,0,1,2,12.600806451612904,44.83251231527094,5,2,2025,1
10514.0,176,3661,15000.0,10,Birthday,1,0.0,0.0,200,400,0,2,0,0,1,1,4.09612233752048,59.40112994350282,10,4,2024,3
7728.0,176,3661,24000.0,10,Wedding,3,0.0,0.0,200,400,2,2,0,0,1,2,6.553795740032769,43.66101694915254,8,3,2022,2
4945.0,202,1983,23000.0,14,Birthday,5,0.0,0.0,200,400,0,2,0,0,1,0,11.59274193548387,24.35960591133005,11,4,2022,3
3679.0,126,4896,13000.0,14,Wedding,4,0.0,0.0,200,400,2,2,0,0,1,1,2.6546865427812945,28.968503937007874,10,4,2025,3
1390.0,126,4896,23000.0,14,Birthday,4,0.0,0.0,200,400,0,2,0,0,1,2,4.696753114151521,10.94488188976378,1,1,2025,0
6133.0,239,4101,25000.0,11,Corporate Event,2,0.0,0.0,200,400,1,1,0,0,1,0,6.094588005850804,25.554166666666667,1,1,2022,0
12443.0,239,4101,19000.0,10,Corporate Event,2,0.0,0.0,200,400,1,2,0,0,1,2,4.631886884446612,51.84583333333333,12,4,2023,0
11685.0,42,3577,22000.0,11,Corporate Event,3,0.0,0.0,200,400,1,1,0,0,1,2,6.148686416992733,271.74418604651163,4,2,2023,1
2044.0,126,4896,23000.0,0,Wedding,4,0.0,0.0,200,400,2,0,0,0,1,1,4.696753114151521,16.094488188976378,12,4,2025,0
13347.0,176,3661,13000.0,14,Wedding,5,0.0,0.0,200,400,2,2,0,0,1,0,3.5499726925177497,75.40677966101696,9,3,2025,3
9851.0,126,4896,25000.0,10,Birthday,3,0.0,0.0,200,400,0,2,0,0,1,0,5.105166428425567,77.56692913385827,9,3,2025,3
13485.0,252,1608,12000.0,10,Birthday,5,0.0,0.0,200,400,0,2,0,0,1,1,7.458048477315103,53.30039525691699,5,2,2023,1
14205.0,203,1417,19000.0,10,Birthday,1,0.0,0.0,200,400,0,2,0,0,1,2,13.399153737658674,69.63235294117646,6,2,2023,2
8967.0,203,1258,15000.0,0,Wedding,5,0.0,0.0,200,400,2,0,0,0,1,0,11.914217633042098,43.955882352941174,8,3,2024,2
2114.0,155,66,23000.0,0,Corporate Event,1,0.0,0.0,200,400,1,0,0,0,1,0,343.2835820895522,13.551282051282051,11,4,2023,3
8032.0,252,1608,26000.0,10,Wedding,3,0.0,0.0,200,400,2,2,0,0,1,2,16.159105034182723,31.74703557312253,11,4,2025,3
13769.0,202,1983,13000.0,10,Wedding,3,0.0,0.0,200,400,2,2,0,0,1,1,6.55241935483871,67.82758620689656,9,3,2025,3
1075.0,249,22215,19000.0,14,Birthday,5,0.0,0.0,200,400,0,2,0,0,1,2,0.8552394670507742,4.3,8,3,2025,2
1387.0,239,4101,12000.0,11,Corporate Event,3,0.0,0.0,200,400,1,1,0,0,1,0,2.9254022428083863,5.779166666666667,8,3,2024,2
2598.0,239,4101,25000.0,0,Corporate Event,5,0.0,0.0,200,400,1,0,0,0,1,0,6.094588005850804,10.825,3,1,2023,1
6745.0,126,4896,21000.0,10,Corporate Event,1,0.0,0.0,200,400,1,2,0,0,1,1,4.288339799877476,53.110236220472444,8,3,2024,2
11888.0,229,3480,12000.0,0,Corporate Event,5,0.0,0.0,200,400,1,0,0,0,1,0,3.4472852628555013,51.68695652173913,7,3,2025,2
4672.0,202,1983,19000.0,0,Wedding,2,0.0,0.0,200,400,2,0,0,0,1,1,9.576612903225806,23.014778325123153,10,4,2023,3
11611.0,203,1258,12000.0,14,Wedding,3,0.0,0.0,200,400,2,2,0,0,1,1,9.531374106433677,56.916666666666664,4,2,2022,1
2427.0,202,1983,23000.0,11,Corporate Event,5,0.0,0.0,200,400,1,1,0,0,1,0,11.59274193548387,11.955665024630543,3,1,2024,1
1743.0,155,66,12000.0,14,Wedding,4,0.0,0.0,200,400,2,2,0,0,1,2,179.1044776119403,11.173076923076923,7,3,2024,2
7480.0,203,1417,26000.0,14,Corporate Event,1,0.0,0.0,200,400,1,2,0,0,1,0,18.33568406205924,36.666666666666664,12,4,2022,0
1450.0,249,22215,22000.0,14,Corporate Event,1,0.0,0.0,200,400,1,2,0,0,1,2,0.9902772776377385,5.8,3,1,2024,1
4731.0,203,1417,20000.0,0,Birthday,5,0.0,0.0,200,400,0,0,0,0,1,2,14.104372355430183,23.191176470588236,8,3,2023,2
13223.0,298,962,15000.0,0,Wedding,4,0.0,0.0,200,400,2,0,0,0,1,2,15.576323987538942,44.22408026755853,4,2,2024,1
3579.0,298,962,15000.0,14,Corporate Event,5,0.0,0.0,200,400,1,2,0,0,1,0,15.576323987538942,11.96989966555184,10,4,2023,3
14375.0,202,1983,23000.0,10,Wedding,4,0.0,0.0,200,400,2,2,0,0,1,1,11.59274193548387,70.8128078817734,12,4,2025,0
5689.0,249,22215,23000.0,10,Birthday,1,0.0,0.0,200,400,0,2,0,0,1,2,1.0352898811667266,22.756,1,1,2024,0
12697.0,203,1258,19000.0,0,Birthday,5,0.0,0.0,200,400,0,0,0,0,1,2,15.091342335186656,62.240196078431374,4,2,2022,1
4587.0,203,1417,20000.0,10,Corporate Event,5,0.0,0.0,200,400,1,2,0,0,1,1,14.104372355430183,22.485294117647058,9,3,2023,3
9746.0,155,66,20000.0,10,Birthday,5,0.0,0.0,200,400,0,2,0,0,1,0,298.5074626865672,62.47435897435897,1,1,2022,0
4696.0,155,66,19000.0,10,Corporate Event,5,0.0,0.0,200,400,1,2,0,0,1,1,283.5820895522388,30.102564102564102,4,2,2023,1
13896.0,203,1258,12000.0,14,Birthday,3,0.0,0.0,200,400,0,2,0,0,1,2,9.531374106433677,68.11764705882354,8,3,2022,2
12138.0,126,4896,17000.0,11,Corporate Event,2,0.0,0.0,200,400,1,1,0,0,1,2,3.471513171329385,95.5748031496063,4,2,2025,1
988.0,203,1417,25000.0,0,Birthday,4,0.0,0.0,200,400,0,0,0,0,1,2,17.63046544428773,4.8431372549019605,7,3,2024,2
10605.0,126,4896,13000.0,11,Corporate Event,1,0.0,0.0,200,400,1,1,0,0,1,1,2.6546865427812945,83.50393700787401,5,2,2022,1
14989.0,239,4101,12000.0,11,Wedding,4,0.0,0.0,200,400,2,1,0,0,1,0,2.9254022428083863,62.454166666666666,11,4,2024,3
9103.0,229,3480,22000.0,10,Birthday,4,0.0,0.0,200,400,0,2,0,0,1,0,6.320022981901753,39.57826086956522,3,1,2024,1
8803.0,229,3480,22000.0,14,Birthday,3,0.0,0.0,200,400,0,2,0,0,1,2,6.320022981901753,38.27391304347826,8,3,2023,2
5397.0,229,3480,22000.0,11,Wedding,2,0.0,0.0,200,400,2,1,0,0,1,1,6.320022981901753,23.465217391304346,11,4,2022,3
6721.0,298,962,17000.0,14,Wedding,4,0.0,0.0,200,400,2,2,0,0,1,0,17.653167185877468,22.47826086956522,6,2,2025,2
7974.0,202,1983,25000.0,10,Corporate Event,2,0.0,0.0,200,400,1,2,0,0,1,2,12.600806451612904,39.2807881773399,5,2,2024,1
6200.0,155,66,19000.0,0,Wedding,2,0.0,0.0,200,400,2,0,0,0,1,2,283.5820895522388,39.743589743589745,6,2,2025,2
3749.0,249,22215,13000.0,10,Wedding,3,0.0,0.0,200,400,2,2,0,0,1,2,0.5851638458768456,14.996,3,1,2023,1
6836.0,155,66,15000.0,10,Birthday,1,0.0,0.0,200,400,0,2,0,0,1,0,223.88059701492537,43.82051282051282,2,1,2024,0
13018.0,126,4896,25000.0,0,Wedding,3,0.0,0.0,200,400,2,0,0,0,1,0,5.105166428425567,102.50393700787401,2,1,2022,0
870.0,42,3577,13000.0,14,Corporate Event,2,0.0,0.0,200,400,1,2,0,0,1,1,3.6333147009502516,20.232558139534884,3,1,2025,1
14960.0,176,3661,26000.0,14,Corporate Event,3,0.0,0.0,200,400,1,2,0,0,1,1,7.099945385035499,84.51977401129943,10,4,2024,3
1848.0,298,962,17000.0,0,Birthday,2,0.0,0.0,200,400,0,0,0,0,1,1,17.653167185877468,6.1806020066889635,3,1,2022,1
9056.0,252,1608,23000.0,0,Wedding,4,0.0,0.0,200,400,2,0,0,0,1,2,14.294592914853947,35.794466403162055,3,1,2024,1
11478.0,202,1983,21000.0,11,Corporate Event,2,0.0,0.0,200,400,1,1,0,0,1,1,10.584677419354838,56.54187192118226,4,2,2024,1
1327.0,202,1983,24000.0,10,Wedding,2,0.0,0.0,200,400,2,2,0,0,1,1,12.096774193548388,6.536945812807882,1,1,2023,0
9572.0,126,4896,24000.0,14,Birthday,1,0.0,0.0,200,400,0,2,0,0,1,2,4.900959771288544,75.37007874015748,5,2,2022,1
3569.0,203,1258,12000.0,10,Wedding,2,0.0,0.0,200,400,2,2,0,0,1,2,9.531374106433677,17.495098039215687,12,4,2022,0
899.0,155,66,24000.0,14,Corporate Event,3,0.0,0.0,200,400,1,2,0,0,1,0,358.2089552238806,5.762820512820513,2,1,2023,0
4246.0,126,4896,17000.0,10,Wedding,1,0.0,0.0,200,400,2,2,0,0,1,1,3.471513171329385,33.43307086614173,2,1,2024,0
371.0,126,4896,23000.0,10,Corporate Event,4,0.0,0.0,200,400,1,2,0,0,1,2,4.696753114151521,2.921259842519685,4,2,2024,1
5763.0,298,962,15000.0,11,Corporate Event,2,0.0,0.0,200,400,1,1,0,0,1,2,15.576323987538942,19.274247491638796,7,3,2023,2
2138.0,239,4101,23000.0,10,Corporate Event,5,0.0,0.0,200,400,1,2,0,0,1,0,5.60702096538274,8.908333333333333,3,1,2022,1
11464.0,155,66,25000.0,11,Corporate Event,1,0.0,0.0,200,400,1,1,0,0,1,2,373.13432835820896,73.48717948717949,12,4,2023,0
1271.0,155,66,17000.0,0,Wedding,1,0.0,0.0,200,400,2,0,0,0,1,0,253.73134328358208,8.147435897435898,3,1,2022,1
6941.0,239,4101,13000.0,11,Corporate Event,1,0.0,0.0,200,400,1,1,0,0,1,1,3.1691857630424183,28.920833333333334,4,2,2022,1
8083.0,42,3577,15000.0,14,Corporate Event,2,0.0,0.0,200,400,1,2,0,0,1,0,4.192286193404136,187.97674418604652,6,2,2023,2
36690.0,298,962,22000.0,14,Corporate Event,3,0.0,0.0,200,400,1,2,0,0,1,0,22.84527518172378,122.70903010033445,3,1,2025,1
10133.0,42,3577,13000.0,0,Wedding,4,0.0,0.0,200,400,2,0,0,0,1,2,3.6333147009502516,235.65116279069767,9,3,2025,3
1771.0,249,22215,25000.0,10,Corporate Event,1,0.0,0.0,200,400,1,2,0,0,1,2,1.125315088224703,7.084,1,1,2022,0
9538.0,249,22215,23000.0,10,Corporate Event,2,0.0,0.0,200,400,1,2,0,0,1,0,1.0352898811667266,38.152,3,1,2023,1
11054.0,42,3577,15000.0,10,Wedding,5,0.0,0.0,200,400,2,2,0,0,1,2,4.192286193404136,257.06976744186045,3,1,2022,1
1779.0,252,1608,25000.0,0,Birthday,4,0.0,0.0,200,400,0,0,0,0,1,0,15.537600994406464,7.031620553359684,9,3,2024,3
12422.0,203,1258,25000.0,0,Corporate Event,4,0.0,0.0,200,400,1,0,0,0,1,0,19.857029388403493,60.8921568627451,4,2,2022,1
12173.0,203,1258,19000.0,10,Wedding,4,0.0,0.0,200,400,2,2,0,0,1,0,15.091342335186656,59.67156862745098,6,2,2025,2
9417.0,203,1417,25000.0,10,Wedding,2,0.0,0.0,200,400,2,2,0,0,1,2,17.63046544428773,46.161764705882355,4,2,2024,1
5769.0,239,4101,15000.0,0,Corporate Event,5,0.0,0.0,200,400,1,0,0,0,1,2,3.6567528035104826,24.0375,8,3,2022,2
9863.0,203,1417,20000.0,14,Birthday,1,0.0,0.0,200,400,0,2,0,0,1,0,14.104372355430183,48.34803921568628,8,3,2024,2
3682.0,203,1417,17000.0,11,Corporate Event,3,0.0,0.0,200,400,1,1,0,0,1,2,11.988716502115656,18.04901960784314,2,1,2024,0
13616.0,176,3661,17000.0,10,Birthday,3,0.0,0.0,200,400,0,2,0,0,1,1,4.642271982523211,76.92655367231639,5,2,2024,1
5653.0,155,66,24000.0,11,Wedding,4,0.0,0.0,200,400,2,1,0,0,1,1,358.2089552238806,36.23717948717949,11,4,2024,3
13770.0,126,4896,23000.0,11,Wedding,2,0.0,0.0,200,400,2,1,0,0,1,2,4.696753114151521,108.4251968503937,1,1,2023,0
1339.0,252,1608,24000.0,14,Wedding,2,0.0,0.0,200,400,2,2,0,0,1,1,14.916096954630206,5.292490118577075,6,2,2025,2
1718.0,202,1983,17000.0,14,Wedding,2,0.0,0.0,200,400,2,2,0,0,1,2,8.568548387096774,8.463054187192117,8,3,2022,2
2497.0,176,3661,19000.0,11,Birthday,4,0.0,0.0,200,400,0,1,0,0,1,0,5.188421627525942,14.107344632768362,3,1,2022,1
310.0,298,962,25000.0,10,Wedding,3,0.0,0.0,200,400,2,2,0,0,1,2,25.96053997923157,1.0367892976588629,10,4,2024,3
2716.0,239,4101,26000.0,10,Corporate Event,3,0.0,0.0,200,400,1,2,0,0,1,2,6.338371526084837,11.316666666666666,11,4,2024,3
8048.0,155,66,13000.0,0,Birthday,3,0.0,0.0,200,400,0,0,0,0,1,2,194.02985074626866,51.58974358974359,4,2,2022,1
489.0,126,4896,13000.0,10,Corporate Event,5,0.0,0.0,200,400,1,2,0,0,1,1,2.6546865427812945,3.8503937007874014,9,3,2025,3
11234.0,203,1417,26000.0,10,Corporate Event,3,0.0,0.0,200,400,1,2,0,0,1,1,18.33568406205924,55.068627450980394,1,1,2022,0
1704.0,252,1608,12000.0,0,Birthday,1,0.0,0.0,200,400,0,0,0,0,1,0,7.458048477315103,6.735177865612648,4,2,2022,1
7194.0,203,1417,15000.0,0,Wedding,4,0.0,0.0,200,400,2,0,0,0,1,0,10.578279266572638,35.26470588235294,12,4,2024,0
13935.0,249,22215,19000.0,0,Corporate Event,2,0.0,0.0,200,400,1,0,0,0,1,0,0.8552394670507742,55.74,6,2,2023,2
13418.0,176,3661,20000.0,14,Corporate Event,2,0.0,0.0,200,400,1,2,0,0,1,1,5.461496450027307,75.80790960451978,1,1,2024,0
4667.0,126,4896,15000.0,11,Birthday,2,0.0,0.0,200,400,0,1,0,0,1,2,3.06309985705534,36.74803149606299,4,2,2024,1
13319.0,155,66,25000.0,10,Wedding,5,0.0,0.0,200,400,2,2,0,0,1,0,373.13432835820896,85.37820512820512,8,3,2022,2
6156.0,155,66,13000.0,10,Corporate Event,2,0.0,0.0,200,400,1,2,0,0,1,2,194.02985074626866,39.46153846153846,5,2,2023,1
12802.0,203,1417,12000.0,11,Birthday,1,0.0,0.0,200,400,0,1,0,0,1,0,8.46262341325811,62.754901960784316,8,3,2022,2
10465.0,229,3480,15000.0,11,Corporate Event,5,0.0,0.0,200,400,1,1,0,0,1,1,4.309106578569376,45.5,1,1,2024,0
2693.0,298,962,21000.0,14,Corporate Event,3,0.0,0.0,200,400,1,2,0,0,1,0,21.806853582554517,9.006688963210703,11,4,2025,3
2889.0,202,1983,26000.0,2,Birthday,5,0.0,0.0,200,400,0,0,1,0,1,1,13.10483870967742,14.231527093596059,12,4,2023,0
9761.0,126,4896,22000.0,15,Corporate Event,5,0.0,0.0,200,400,1,1,1,0,1,0,4.492546457014499,76.85826771653544,2,1,2024,0
8017.0,298,962,25000.0,4,Wedding,4,0.0,0.0,200,400,2,2,1,0,1,1,25.96053997923157,26.812709030100333,5,2,2023,1
13582.0,202,1983,17000.0,4,Birthday,5,0.0,0.0,200,400,0,2,1,0,1,2,8.568548387096774,66.9064039408867,5,2,2025,1
2146.0,202,1983,26000.0,15,Corporate Event,1,0.0,0.0,200,400,1,1,1,0,1,2,13.10483870967742,10.571428571428571,3,1,2024,1
526.0,249,22215,15000.0,2,Birthday,3,0.0,0.0,200,400,0,0,1,0,1,0,0.6751890529348218,2.104,3,1,2024,1
8040.0,249,22215,26000.0,16,Birthday,4,0.0,0.0,200,400,0,2,1,0,1,2,1.1703276917536911,32.16,2,1,2023,0
4584.0,155,66,19000.0,16,Wedding,4,0.0,0.0,200,400,2,2,1,0,1,0,283.5820895522388,29.384615384615383,3,1,2024,1
13927.0,42,3577,26000.0,15,Corporate Event,3,0.0,0.0,200,400,1,1,1,0,1,2,7.266629401900503,323.8837209302326,5,2,2023,1
60990.0,203,1417,24000.0,4,Birthday,2,0.0,0.0,200,400,0,2,1,0,1,2,16.92524682651622,298.97058823529414,10,4,2023,3
4604.0,249,22215,12000.0,16,Birthday,2,0.0,0.0,200,400,0,2,1,0,1,0,0.5401512423478574,18.416,3,1,2023,1
3064.0,126,4896,13000.0,16,Wedding,1,0.0,0.0,200,400,2,2,1,0,1,0,2.6546865427812945,24.125984251968504,12,4,2024,0
4868.0,202,1983,23000.0,2,Corporate Event,2,0.0,0.0,200,400,1,0,1,0,1,0,11.59274193548387,23.980295566502463,8,3,2025,2
9597.0,298,962,22000.0,16,Corporate Event,3,0.0,0.0,200,400,1,2,1,0,1,2,22.84527518172378,32.096989966555185,1,1,2023,0
11556.0,203,1417,13000.0,15,Corporate Event,3,0.0,0.0,200,400,1,1,1,0,1,2,9.16784203102962,56.64705882352941,12,4,2023,0
12428.0,176,3661,13000.0,2,Corporate Event,5,0.0,0.0,200,400,1,0,1,0,1,0,3.5499726925177497,70.21468926553672,5,2,2025,1
7748.0,252,1608,19000.0,16,Corporate Event,1,0.0,0.0,200,400,1,2,1,0,1,2,11.808576755748913,30.624505928853754,11,4,2022,3
998.0,42,3577,12000.0,4,Wedding,4,0.0,0.0,200,400,2,2,1,0,1,1,3.3538289547233093,23.209302325581394,3,1,2022,1
6271.0,249,22215,26000.0,4,Birthday,2,0.0,0.0,200,400,0,2,1,0,1,0,1.1703276917536911,25.084,4,2,2022,1
12032.0,203,1258,21000.0,16,Birthday,1,0.0,0.0,200,400,0,2,1,0,1,2,16.679904686258936,58.98039215686274,8,3,2022,2
6328.0,126,4896,21000.0,16,Corporate Event,3,0.0,0.0,200,400,1,2,1,0,1,1,4.288339799877476,49.826771653543304,11,4,2022,3
2903.0,252,1608,15000.0,4,Wedding,1,0.0,0.0,200,400,2,2,1,0,1,1,9.322560596643878,11.474308300395258,2,1,2025,0
9201.0,229,3480,23000.0,4,Corporate Event,2,0.0,0.0,200,400,1,2,1,0,1,2,6.607296753806377,40.004347826086956,12,4,2023,0
8734.0,249,22215,12000.0,4,Birthday,5,0.0,0.0,200,400,0,2,1,0,1,0,0.5401512423478574,34.936,1,1,2023,0
9843.0,42,3577,17000.0,15,Birthday,3,0.0,0.0,200,400,0,1,1,0,1,1,4.751257685858021,228.90697674418604,2,1,2023,0
5255.0,176,3661,19000.0,2,Corporate Event,2,0.0,0.0,200,400,1,0,1,0,1,1,5.188421627525942,29.689265536723163,1,1,2025,0
2418.0,298,962,15000.0,16,Birthday,4,0.0,0.0,200,400,0,2,1,0,1,0,15.576323987538942,8.08695652173913,5,2,2023,1
14346.0,203,1417,23000.0,16,Wedding,3,0.0,0.0,200,400,2,2,1,0,1,1,16.22002820874471,70.32352941176471,8,3,2022,2
14314.0,298,962,24000.0,16,Birthday,4,0.0,0.0,200,400,0,2,1,0,1,0,24.922118380062305,47.87290969899666,3,1,2024,1
8857.0,202,1983,13000.0,4,Birthday,3,0.0,0.0,200,400,0,2,1,0,1,1,6.55241935483871,43.63054187192118,10,4,2025,3
2091.0,298,962,15000.0,2,Birthday,4,0.0,0.0,200,400,0,0,1,0,1,0,15.576323987538942,6.993311036789297,8,3,2024,2
1266.0,249,22215,23000.0,4,Birthday,1,0.0,0.0,200,400,0,2,1,0,1,2,1.0352898811667266,5.064,2,1,2023,0
6935.0,202,1983,17000.0,15,Birthday,1,0.0,0.0,200,400,0,1,1,0,1,2,8.568548387096774,34.16256157635468,11,4,2023,3
10440.0,155,66,21000.0,16,Corporate Event,2,0.0,0.0,200,400,1,2,1,0,1,2,313.43283582089555,66.92307692307692,2,1,2024,0
10251.0,176,3661,20000.0,15,Birthday,2,0.0,0.0,200,400,0,1,1,0,1,2,5.461496450027307,57.91525423728814,11,4,2025,3
7469.0,176,3661,24000.0,16,Wedding,3,0.0,0.0,200,400,2,2,1,0,1,1,6.553795740032769,42.19774011299435,8,3,2023,2
8105.0,203,1258,26000.0,2,Wedding,3,0.0,0.0,200,400,2,0,1,0,1,2,20.651310563939635,39.73039215686274,12,4,2025,0
5614.0,239,4101,17000.0,15,Birthday,3,0.0,0.0,200,400,0,1,1,0,1,2,4.144319843978547,23.391666666666666,8,3,2022,2
2191.0,239,4101,25000.0,15,Wedding,3,0.0,0.0,200,400,2,1,1,0,1,1,6.094588005850804,9.129166666666666,4,2,2022,1
6050.0,239,4101,25000.0,16,Wedding,1,0.0,0.0,200,400,2,2,1,0,1,0,6.094588005850804,25.208333333333332,9,3,2023,3
3430.0,202,1983,12000.0,2,Birthday,5,0.0,0.0,200,400,0,0,1,0,1,2,6.048387096774194,16.896551724137932,3,1,2024,1
12918.0,155,66,13000.0,15,Wedding,4,0.0,0.0,200,400,2,1,1,0,1,0,194.02985074626866,82.8076923076923,10,4,2022,3
11066.0,155,66,19000.0,2,Birthday,3,0.0,0.0,200,400,0,0,1,0,1,0,283.5820895522388,70.93589743589743,1,1,2025,0
3170.0,203,1417,26000.0,15,Wedding,3,0.0,0.0,200,400,2,1,1,0,1,0,18.33568406205924,15.53921568627451,1,1,2025,0
9852.0,155,66,12000.0,4,Corporate Event,3,0.0,0.0,200,400,1,2,1,0,1,1,179.1044776119403,63.15384615384615,2,1,2023,0
8426.0,203,1417,22000.0,16,Birthday,5,0.0,0.0,200,400,0,2,1,0,1,1,15.514809590973202,41.30392156862745,4,2,2022,1
4990.0,42,3577,23000.0,2,Birthday,1,0.0,0.0,200,400,0,0,1,0,1,1,6.428172163219676,116.04651162790698,11,4,2023,3
8657.0,298,962,23000.0,15,Corporate Event,5,0.0,0.0,200,400,1,1,1,0,1,2,23.883696780893043,28.953177257525084,8,3,2023,2
12647.0,202,1983,19000.0,2,Birthday,5,0.0,0.0,200,400,0,0,1,0,1,1,9.576612903225806,62.30049261083744,5,2,2025,1
11774.0,155,66,15000.0,4,Corporate Event,5,0.0,0.0,200,400,1,2,1,0,1,2,223.88059701492537,75.47435897435898,10,4,2022,3
9577.0,252,1608,12000.0,2,Corporate Event,2,0.0,0.0,200,400,1,0,1,0,1,2,7.458048477315103,37.85375494071146,5,2,2023,1
6828.0,176,3661,22000.0,15,Corporate Event,2,0.0,0.0,200,400,1,1,1,0,1,2,6.007646095030038,38.57627118644068,12,4,2024,0
12644.0,239,4101,12000.0,2,Corporate Event,5,0.0,0.0,200,400,1,0,1,0,1,1,2.9254022428083863,52.68333333333333,8,3,2024,2
13393.0,239,4101,17000.0,16,Corporate Event,4,0.0,0.0,200,400,1,2,1,0,1,1,4.144319843978547,55.80416666666667,5,2,2022,1
2014.0,249,22215,19000.0,15,Birthday,5,0.0,0.0,200,400,0,1,1,0,1,1,0.8552394670507742,8.056,3,1,2023,1
3560.0,42,3577,24000.0,2,Wedding,1,0.0,0.0,200,400,2,0,1,0,1,1,6.707657909446619,82.79069767441861,5,2,2025,1
9791.0,239,4101,19000.0,16,Birthday,4,0.0,0.0,200,400,0,2,1,0,1,0,4.631886884446612,40.795833333333334,12,4,2022,0
1824.0,126,4896,19000.0,15,Birthday,5,0.0,0.0,200,400,0,1,1,0,1,1,3.8799264856034306,14.362204724409448,2,1,2023,0
440.0,229,3480,21000.0,16,Wedding,3,0.0,0.0,200,400,2,2,1,0,1,1,6.032749209997127,1.9130434782608696,7,3,2024,2
8774.0,203,1258,15000.0,16,Corporate Event,2,0.0,0.0,200,400,1,2,1,0,1,0,11.914217633042098,43.009803921568626,6,2,2022,2
11662.0,126,4896,24000.0,16,Corporate Event,1,0.0,0.0,200,400,1,2,1,0,1,1,4.900959771288544,91.8267716535433,2,1,2022,0
4947.0,126,4896,12000.0,4,Wedding,5,0.0,0.0,200,400,2,2,1,0,1,2,2.450479885644272,38.95275590551181,7,3,2024,2
9549.0,155,66,24000.0,15,Corporate Event,1,0.0,0.0,200,400,1,1,1,0,1,2,358.2089552238806,61.21153846153846,10,4,2022,3
4438.0,155,66,13000.0,15,Corporate Event,5,0.0,0.0,200,400,1,1,1,0,1,2,194.02985074626866,28.44871794871795,11,4,2023,3
544.0,203,1417,20000.0,4,Birthday,1,0.0,0.0,200,400,0,2,1,0,1,2,14.104372355430183,2.6666666666666665,5,2,2022,1
11008.0,42,3577,22000.0,2,Wedding,4,0.0,0.0,200,400,2,0,1,0,1,0,6.148686416992733,256.0,8,3,2024,2
5647.0,239,4101,24000.0,15,Birthday,3,0.0,0.0,200,400,0,1,1,0,1,1,5.850804485616773,23.529166666666665,11,4,2024,3
6171.0,203,1417,20000.0,4,Corporate Event,4,0.0,0.0,200,400,1,2,1,0,1,0,14.104372355430183,30.25,1,1,2022,0
1685.0,202,1983,12000.0,4,Birthday,4,0.0,0.0,200,400,0,2,1,0,1,2,6.048387096774194,8.300492610837438,3,1,2024,1
447.0,249,22215,15000.0,4,Wedding,1,0.0,0.0,200,400,2,2,1,0,1,1,0.6751890529348218,1.788,6,2,2025,2
7920.0,239,4101,15000.0,4,Birthday,3,0.0,0.0,200,400,0,2,1,0,1,0,3.6567528035104826,33.0,7,3,2022,2
6730.0,126,4896,22000.0,4,Corporate Event,5,0.0,0.0,200,400,1,2,1,0,1,1,4.492546457014499,52.99212598425197,11,4,2024,3
3377.0,203,1258,20000.0,15,Corporate Event,2,0.0,0.0,200,400,1,1,1,0,1,0,15.885623510722796,16.55392156862745,6,2,2022,2
629.0,176,3661,17000.0,2,Birthday,3,0.0,0.0,200,400,0,0,1,0,1,0,4.642271982523211,3.553672316384181,8,3,2025,2
2709.0,229,3480,17000.0,15,Birthday,5,0.0,0.0,200,400,0,1,1,0,1,0,4.883654122378627,11.778260869565218,12,4,2023,0
13190.0,203,1417,15000.0,15,Wedding,1,0.0,0.0,200,400,2,1,1,0,1,1,10.578279266572638,64.65686274509804,5,2,2023,1
8770.0,176,3661,24000.0,16,Birthday,4,0.0,0.0,200,400,0,2,1,0,1,2,6.553795740032769,49.548022598870055,1,1,2024,0
12945.0,155,66,22000.0,16,Wedding,5,0.0,0.0,200,400,2,2,1,0,1,1,328.35820895522386,82.98076923076923,5,2,2025,1
2231.0,155,66,24000.0,15,Wedding,5,0.0,0.0,200,400,2,1,1,0,1,0,358.2089552238806,14.301282051282051,8,3,2025,2
11894.0,249,22215,19000.0,2,Birthday,3,0.0,0.0,200,400,0,0,1,0,1,1,0.8552394670507742,47.576,8,3,2024,2
11981.0,203,1417,13000.0,16,Wedding,1,0.0,0.0,200,400,2,2,1,0,1,0,9.16784203102962,58.73039215686274,5,2,2022,1
1639.0,176,3661,19000.0,16,Wedding,5,0.0,0.0,200,400,2,2,1,0,1,2,5.188421627525942,9.259887005649718,8,3,2024,2
10765.0,42,3577,17000.0,15,Birthday,2,0.0,0.0,200,400,0,1,1,0,1,2,4.751257685858021,250.34883720930233,9,3,2025,3
14123.0,155,66,12000.0,16,Birthday,5,0.0,0.0,200,400,0,2,1,0,1,0,179.1044776119403,90.53205128205128,10,4,2023,3
1500.0,176,3661,26000.0,2,Corporate Event,4,0.0,0.0,200,400,1,0,1,0,1,0,7.099945385035499,8.474576271186441,10,4,2025,3
14789.0,155,66,15000.0,15,Corporate Event,1,0.0,0.0,200,400,1,1,1,0,1,2,223.88059701492537,94.80128205128206,10,4,2024,3
9033.0,155,66,24000.0,2,Corporate Event,4,0.0,0.0,200,400,1,0,1,0,1,1,358.2089552238806,57.90384615384615,10,4,2025,3
8569.0,203,1417,15000.0,16,Corporate Event,2,0.0,0.0,200,400,1,2,1,0,1,2,10.578279266572638,42.004901960784316,12,4,2023,0
4699.0,176,3661,20000.0,15,Corporate Event,2,0.0,0.0,200,400,1,1,1,0,1,1,5.461496450027307,26.548022598870055,12,4,2023,0
2615.0,252,1608,13000.0,15,Birthday,2,0.0,0.0,200,400,0,1,1,0,1,2,8.079552517091361,10.33596837944664,1,1,2022,0
11454.0,176,3661,13000.0,15,Birthday,3,0.0,0.0,200,400,0,1,1,0,1,1,3.5499726925177497,64.71186440677967,6,2,2025,2
13308.0,229,3480,20000.0,16,Birthday,4,0.0,0.0,200,400,0,2,1,0,1,1,5.745475438092502,57.86086956521739,9,3,2024,3
2119.0,239,4101,13000.0,2,Corporate Event,2,0.0,0.0,200,400,1,0,1,0,1,2,3.1691857630424183,8.829166666666667,8,3,2025,2
2999.0,42,3577,17000.0,2,Birthday,5,0.0,0.0,200,400,0,0,1,0,1,1,4.751257685858021,69.74418604651163,3,1,2024,1
2589.0,298,962,22000.0,15,Birthday,1,0.0,0.0,200,400,0,1,1,0,1,0,22.84527518172378,8.658862876254181,3,1,2023,1
4754.0,126,4896,13000.0,2,Wedding,5,0.0,0.0,200,400,2,0,1,0,1,0,2.6546865427812945,37.43307086614173,12,4,2024,0
4371.0,126,4896,23000.0,15,Birthday,1,0.0,0.0,200,400,0,1,1,0,1,2,4.696753114151521,34.41732283464567,11,4,2025,3
11170.0,249,22215,22000.0,16,Wedding,4,0.0,0.0,200,400,2,2,1,0,1,2,0.9902772776377385,44.68,9,3,2022,3
8250.0,202,1983,21000.0,4,Corporate Event,3,0.0,0.0,200,400,1,2,1,0,1,0,10.584677419354838,40.64039408866995,3,1,2024,1
11558.0,252,1608,17000.0,2,Corporate Event,5,0.0,0.0,200,400,1,0,1,0,1,0,10.565568676196396,45.683794466403164,8,3,2023,2
13319.0,176,3661,25000.0,4,Corporate Event,2,0.0,0.0,200,400,1,2,1,0,1,0,6.826870562534134,75.24858757062147,7,3,2025,2
67240.0,252,1608,13000.0,2,Birthday,3,0.0,0.0,200,400,0,0,1,0,1,2,8.079552517091361,265.7707509881423,1,1,2024,0
7301.0,298,962,12000.0,15,Wedding,5,0.0,0.0,200,400,2,1,1,0,1,2,12.461059190031152,24.418060200668897,1,1,2022,0
8931.0,42,3577,23000.0,15,Wedding,4,0.0,0.0,200,400,2,1,1,0,1,2,6.428172163219676,207.69767441860466,7,3,2024,2
1262.0,239,4101,24000.0,4,Birthday,3,0.0,0.0,200,400,0,2,1,0,1,1,5.850804485616773,5.258333333333334,6,2,2023,2
2412.0,229,3480,12000.0,4,Corporate Event,2,0.0,0.0,200,400,1,2,1,0,1,2,3.4472852628555013,10.486956521739131,1,1,2023,0
507.0,126,4896,13000.0,15,Wedding,3,0.0,0.0,200,400,2,1,1,0,1,1,2.6546865427812945,3.9921259842519685,1,1,2022,0
7428.0,155,66,24000.0,2,Wedding,2,0.0,0.0,200,400,2,0,1,0,1,0,358.2089552238806,47.61538461538461,9,3,2023,3
13980.0,203,1417,13000.0,15,Wedding,3,0.0,0.0,200,400,2,1,1,0,1,2,9.16784203102962,68.52941176470588,9,3,2024,3
10361.0,249,22215,15000.0,2,Wedding,2,0.0,0.0,200,400,2,0,1,0,1,0,0.6751890529348218,41.444,11,4,2024,3
1080.0,176,3661,26000.0,4,Birthday,4,0.0,0.0,200,400,0,2,1,0,1,2,7.099945385035499,6.101694915254237,6,2,2023,2
12700.0,203,1417,20000.0,15,Wedding,1,0.0,0.0,200,400,2,1,1,0,1,1,14.104372355430183,62.254901960784316,4,2,2024,1
9331.0,42,3577,13000.0,4,Wedding,5,0.0,0.0,200,400,2,2,1,0,1,0,3.6333147009502516,217.0,12,4,2022,0
12358.0,252,1608,23000.0,4,Wedding,3,0.0,0.0,200,400,2,2,1,0,1,0,14.294592914853947,48.84584980237154,2,1,2022,0
2014.0,203,1258,20000.0,16,Birthday,2,0.0,0.0,200,400,0,2,1,0,1,0,15.885623510722796,9.872549019607844,10,4,2022,3
12784.0,252,1608,23000.0,15,Corporate Event,2,0.0,0.0,200,400,1,1,1,0,1,2,14.294592914853947,50.5296442687747,8,3,2022,2
14541.0,239,4101,22000.0,15,Wedding,3,0.0,0.0,200,400,2,1,1,0,1,2,5.363237445148708,60.5875,3,1,2025,1
9414.0,126,4896,12000.0,15,Birthday,2,0.0,0.0,200,400,0,1,1,0,1,1,2.450479885644272,74.1259842519685,5,2,2023,1
6602.0,252,1608,20000.0,16,Corporate Event,2,0.0,0.0,200,400,1,2,1,0,1,0,12.430080795525171,26.09486166007905,11,4,2024,3
3148.0,176,3661,12000.0,15,Birthday,5,0.0,0.0,200,400,0,1,1,0,1,2,3.2768978700163847,17.785310734463277,12,4,2022,0
14014.0,126,4896,20000.0,16,Birthday,5,0.0,0.0,200,400,0,2,1,0,1,1,4.084133142740454,110.34645669291339,3,1,2023,1
1528.0,239,4101,20000.0,15,Wedding,5,0.0,0.0,200,400,2,1,1,0,1,2,4.875670404680643,6.366666666666666,2,1,2024,0
136640.0,298,962,25000.0,16,Wedding,3,0.0,0.0,200,400,2,2,1,0,1,0,25.96053997923157,456.98996655518397,2,1,2025,0
6012.0,229,3480,26000.0,15,Corporate Event,1,0.0,0.0,200,400,1,1,1,0,1,1,7.469118069520253,26.139130434782608,1,1,2024,0
6085.0,229,3480,23000.0,16,Corporate Event,2,0.0,0.0,200,400,1,2,1,0,1,2,6.607296753806377,26.456521739130434,9,3,2024,3
13366.0,203,1258,13000.0,15,Corporate Event,5,0.0,0.0,200,400,1,1,1,0,1,0,10.325655281969818,65.51960784313725,8,3,2025,2
5104.0,42,3577,22000.0,16,Wedding,4,0.0,0.0,200,400,2,2,1,0,1,0,6.148686416992733,118.69767441860465,8,3,2023,2
12941.0,252,1608,19000.0,15,Corporate Event,1,0.0,0.0,200,400,1,1,1,0,1,0,11.808576755748913,51.1501976284585,12,4,2024,0
9922.0,42,3577,23000.0,4,Wedding,1,0.0,0.0,200,400,2,2,1,0,1,0,6.428172163219676,230.74418604651163,11,4,2025,3
4778.0,249,22215,26000.0,15,Birthday,4,0.0,0.0,200,400,0,1,1,0,1,1,1.1703276917536911,19.112,9,3,2025,3
10029.0,249,22215,13000.0,4,Corporate Event,1,0.0,0.0,200,400,1,2,1,0,1,1,0.5851638458768456,40.116,3,1,2025,1
1033.0,126,4896,17000.0,15,Corporate Event,3,0.0,0.0,200,400,1,1,1,0,1,2,3.471513171329385,8.133858267716535,1,1,2022,0
14821.0,176,3661,21000.0,15,Wedding,2,0.0,0.0,200,400,2,1,1,0,1,2,5.734571272528673,83.73446327683615,4,2,2025,1
10189.0,252,1608,19000.0,4,Birthday,2,0.0,0.0,200,400,0,2,1,0,1,0,11.808576755748913,40.27272727272727,11,4,2022,3
11738.0,42,3577,19000.0,4,Corporate Event,1,0.0,0.0,200,400,1,2,1,0,1,1,5.310229178311906,272.9767441860465,1,1,2022,0
11146.0,229,3480,25000.0,2,Wedding,2,0.0,0.0,200,400,2,0,1,0,1,0,7.181844297615628,48.46086956521739,5,2,2023,1
18520.0,249,22215,22000.0,2,Corporate Event,5,0.0,0.0,200,400,1,0,1,0,1,0,0.9902772776377385,74.08,9,3,2023,3
13605.0,176,3661,17000.0,16,Corporate Event,4,0.0,0.0,200,400,1,2,1,0,1,1,4.642271982523211,76.86440677966101,10,4,2025,3
9149.0,298,962,22000.0,2,Wedding,2,0.0,0.0,200,400,2,0,1,0,1,0,22.84527518172378,30.598662207357858,1,1,2023,0
14794.0,202,1983,12000.0,16,Wedding,5,0.0,0.0,200,400,2,2,1,0,1,1,6.048387096774194,72.8768472906404,2,1,2023,0
8486.0,239,4101,20000.0,15,Corporate Event,5,0.0,0.0,200,400,1,1,1,0,1,2,4.875670404680643,35.358333333333334,2,1,2024,0
4294.0,176,3661,23000.0,15,Corporate Event,2,0.0,0.0,200,400,1,1,1,0,1,2,6.280720917531403,24.259887005649716,12,4,2025,0
1132.0,298,962,24000.0,2,Wedding,1,0.0,0.0,200,400,2,0,1,0,1,0,24.922118380062305,3.7859531772575252,3,1,2022,1
65440.0,202,1983,20000.0,16,Birthday,5,0.0,0.0,200,400,0,2,1,0,1,0,10.080645161290322,322.3645320197044,3,1,2025,1
12620.0,203,1258,17000.0,15,Wedding,3,0.0,0.0,200,400,2,1,1,0,1,2,13.502779984114376,61.86274509803921,6,2,2025,2
2066.0,176,3661,15000.0,2,Wedding,4,0.0,0.0,200,400,2,0,1,0,1,1,4.09612233752048,11.67231638418079,11,4,2023,3
5675.0,126,4896,26000.0,2,Corporate Event,5,0.0,0.0,200,400,1,0,1,0,1,1,5.309373085562589,44.68503937007874,4,2,2022,1
1992.0,155,66,13000.0,16,Birthday,1,0.0,0.0,200,400,0,2,1,0,1,0,194.02985074626866,12.76923076923077,9,3,2024,3
7909.0,203,1417,20000.0,16,Wedding,2,0.0,0.0,200,400,2,2,1,0,1,0,14.104372355430183,38.76960784313726,1,1,2024,0
9234.0,203,1258,12000.0,16,Birthday,4,0.0,0.0,200,400,0,2,1,0,1,2,9.531374106433677,45.26470588235294,7,3,2024,2
10334.0,202,1983,20000.0,2,Wedding,2,0.0,0.0,200,400,2,0,1,0,1,0,10.080645161290322,50.9064039408867,5,2,2024,1
2525.0,252,1608,12000.0,2,Corporate Event,2,0.0,0.0,200,400,1,0,1,0,1,1,7.458048477315103,9.980237154150197,4,2,2023,1
14670.0,298,962,15000.0,4,Corporate Event,1,0.0,0.0,200,400,1,2,1,0,1,2,15.576323987538942,49.063545150501675,2,1,2023,0
5644.0,203,1417,20000.0,15,Birthday,4,0.0,0.0,200,400,0,1,1,0,1,1,14.104372355430183,27.666666666666668,6,2,2022,2
3816.0,203,1258,15000.0,15,Wedding,3,0.0,0.0,200,400,2,1,1,0,1,0,11.914217633042098,18.705882352941178,4,2,2025,1
9115.0,229,3480,15000.0,15,Birthday,4,0.0,0.0,200,400,0,1,1,0,1,1,4.309106578569376,39.630434782608695,6,2,2023,2
3692.0,252,1608,15000.0,2,Birthday,4,0.0,0.0,200,400,0,0,1,0,1,1,9.322560596643878,14.59288537549407,2,1,2022,0
7284.0,203,1258,25000.0,16,Birthday,2,0.0,0.0,200,400,0,2,1,0,1,2,19.857029388403493,35.705882352941174,4,2,2025,1
574.0,252,1608,20000.0,13,Wedding,3,0.0,0.0,200,400,2,1,8,0,1,0,12.430080795525171,2.268774703557312,11,4,2023,3
4912.0,252,1608,24000.0,13,Corporate Event,2,0.0,0.0,200,400,1,1,8,0,1,1,14.916096954630206,19.41501976284585,3,1,2023,1
1728.0,229,3480,25000.0,18,Birthday,1,0.0,0.0,200,400,0,0,8,0,1,0,7.181844297615628,7.51304347826087,3,1,2025,1
3653.0,252,1608,12000.0,16,Wedding,1,0.0,0.0,200,400,2,2,8,0,1,2,7.458048477315103,14.438735177865613,8,3,2024,2
9431.0,249,22215,13000.0,13,Wedding,3,0.0,0.0,200,400,2,1,8,0,1,1,0.5851638458768456,37.724,3,1,2023,1
3245.0,155,66,13000.0,13,Wedding,3,0.0,0.0,200,400,2,1,8,0,1,0,194.02985074626866,20.80128205128205,5,2,2022,1
3827.0,249,22215,15000.0,20,Corporate Event,3,0.0,0.0,200,400,1,2,8,0,1,1,0.6751890529348218,15.308,7,3,2023,2
6564.0,155,66,13000.0,20,Birthday,5,0.0,0.0,200,400,0,2,8,0,1,0,194.02985074626866,42.07692307692308,7,3,2023,2
8384.0,239,4101,17000.0,18,Corporate Event,2,0.0,0.0,200,400,1,0,8,0,1,0,4.144319843978547,34.93333333333333,12,4,2024,0
12240.0,126,4896,20000.0,18,Corporate Event,3,0.0,0.0,200,400,1,0,8,0,1,0,4.084133142740454,96.37795275590551,6,2,2025,2
7255.0,202,1983,17000.0,20,Wedding,1,0.0,0.0,200,400,2,2,8,0,1,1,8.568548387096774,35.73891625615764,8,3,2022,2
14267.0,155,66,17000.0,18,Corporate Event,1,0.0,0.0,200,400,1,0,8,0,1,2,253.73134328358208,91.4551282051282,8,3,2023,2
4018.0,202,1983,23000.0,13,Corporate Event,4,0.0,0.0,200,400,1,1,8,0,1,1,11.59274193548387,19.79310344827586,12,4,2024,0
2003.0,176,3661,12000.0,13,Corporate Event,2,0.0,0.0,200,400,1,1,8,0,1,0,3.2768978700163847,11.31638418079096,12,4,2022,0
11632.0,203,1258,25000.0,18,Wedding,5,0.0,0.0,200,400,2,0,8,0,1,0,19.857029388403493,57.01960784313726,1,1,2023,0
137910.0,298,962,25000.0,20,Birthday,1,0.0,0.0,200,400,0,2,8,0,1,2,25.96053997923157,461.23745819397993,5,2,2022,1
12897.0,176,3661,25000.0,20,Birthday,4,0.0,0.0,200,400,0,2,8,0,1,2,6.826870562534134,72.86440677966101,11,4,2025,3
1750.0,42,3577,15000.0,13,Wedding,4,0.0,0.0,200,400,2,1,8,0,1,0,4.192286193404136,40.69767441860465,5,2,2024,1
8009.0,229,3480,19000.0,13,Birthday,4,0.0,0.0,200,400,0,1,8,0,1,0,5.458201666187877,34.821739130434786,10,4,2025,3
11507.0,298,962,17000.0,20,Corporate Event,1,0.0,0.0,200,400,1,2,8,0,1,0,17.653167185877468,38.48494983277592,5,2,2025,1
12877.0,203,1417,26000.0,13,Wedding,1,0.0,0.0,200,400,2,1,8,0,1,2,18.33568406205924,63.122549019607845,10,4,2023,3
14840.0,229,3480,19000.0,13,Corporate Event,3,0.0,0.0,200,400,1,1,8,0,1,2,5.458201666187877,64.52173913043478,10,4,2022,3
2738.0,239,4101,13000.0,20,Corporate Event,2,0.0,0.0,200,400,1,2,8,0,1,1,3.1691857630424183,11.408333333333333,9,3,2023,3
14025.0,229,3480,22000.0,18,Birthday,3,0.0,0.0,200,400,0,0,8,0,1,2,6.320022981901753,60.97826086956522,3,1,2022,1
12868.0,239,4101,17000.0,16,Corporate Event,2,0.0,0.0,200,400,1,2,8,0,1,1,4.144319843978547,53.61666666666667,8,3,2023,2
14299.0,155,66,24000.0,13,Corporate Event,2,0.0,0.0,200,400,1,1,8,0,1,2,358.2089552238806,91.66025641025641,10,4,2025,3
7400.0,229,3480,13000.0,20,Corporate Event,4,0.0,0.0,200,400,1,2,8,0,1,0,3.7345590347601263,32.17391304347826,5,2,2024,1
14864.0,202,1983,24000.0,18,Wedding,3,0.0,0.0,200,400,2,0,8,0,1,0,12.096774193548388,73.22167487684729,5,2,2024,1
2591.0,202,1983,24000.0,13,Birthday,5,0.0,0.0,200,400,0,1,8,0,1,1,12.096774193548388,12.763546798029557,5,2,2022,1
6091.0,203,1258,24000.0,16,Corporate Event,5,0.0,0.0,200,400,1,2,8,0,1,2,19.062748212867355,29.857843137254903,2,1,2023,0
149610.0,202,1983,19000.0,18,Wedding,4,0.0,0.0,200,400,2,0,8,0,1,2,9.576612903225806,736.9950738916256,7,3,2025,2
14867.0,249,22215,25000.0,16,Wedding,3,0.0,0.0,200,400,2,2,8,0,1,1,1.125315088224703,59.468,9,3,2024,3
9893.0,203,1258,13000.0,16,Birthday,2,0.0,0.0,200,400,0,2,8,0,1,1,10.325655281969818,48.495098039215684,8,3,2023,2
11544.0,239,4101,25000.0,13,Corporate Event,5,0.0,0.0,200,400,1,1,8,0,1,1,6.094588005850804,48.1,9,3,2022,3
4818.0,298,962,24000.0,20,Corporate Event,3,0.0,0.0,200,400,1,2,8,0,1,0,24.922118380062305,16.11371237458194,10,4,2024,3
5192.0,298,962,23000.0,16,Birthday,1,0.0,0.0,200,400,0,2,8,0,1,0,23.883696780893043,17.36454849498328,1,1,2022,0
10728.0,176,3661,13000.0,13,Birthday,1,0.0,0.0,200,400,0,1,8,0,1,2,3.5499726925177497,60.610169491525426,7,3,2022,2
5780.0,203,1417,23000.0,18,Corporate Event,4,0.0,0.0,200,400,1,0,8,0,1,1,16.22002820874471,28.333333333333332,11,4,2024,3
255.0,203,1258,20000.0,16,Birthday,4,0.0,0.0,200,400,0,2,8,0,1,2,15.885623510722796,1.25,11,4,2022,3
1857.0,229,3480,25000.0,16,Corporate Event,3,0.0,0.0,200,400,1,2,8,0,1,1,7.181844297615628,8.07391304347826,5,2,2025,1
2559.0,155,66,12000.0,18,Birthday,1,0.0,0.0,200,400,0,0,8,0,1,2,179.1044776119403,16.403846153846153,2,1,2023,0
5352.0,42,3577,12000.0,18,Birthday,3,0.0,0.0,200,400,0,0,8,0,1,2,3.3538289547233093,124.46511627906976,1,1,2023,0
4712.0,126,4896,15000.0,16,Birthday,2,0.0,0.0,200,400,0,2,8,0,1,1,3.06309985705534,37.10236220472441,2,1,2025,0
3773.0,126,4896,23000.0,18,Wedding,1,0.0,0.0,200,400,2,0,8,0,1,0,4.696753114151521,29.708661417322833,4,2,2023,1
1761.0,298,962,22000.0,13,Birthday,2,0.0,0.0,200,400,0,1,8,0,1,0,22.84527518172378,5.889632107023411,1,1,2024,0
5649.0,42,3577,24000.0,13,Wedding,3,0.0,0.0,200,400,2,1,8,0,1,0,6.707657909446619,131.37209302325581,7,3,2023,2
13554.0,203,1258,17000.0,13,Corporate Event,3,0.0,0.0,200,400,1,1,8,0,1,0,13.502779984114376,66.44117647058823,3,1,2024,1
11172.0,203,1258,15000.0,20,Wedding,4,0.0,0.0,200,400,2,2,8,0,1,0,11.914217633042098,54.76470588235294,8,3,2023,2
3257.0,155,66,17000.0,13,Wedding,1,0.0,0.0,200,400,2,1,8,0,1,2,253.73134328358208,20.878205128205128,5,2,2022,1
1867.0,239,4101,22000.0,20,Wedding,5,0.0,0.0,200,400,2,2,8,0,1,0,5.363237445148708,7.779166666666667,8,3,2022,2
8944.0,203,1258,13000.0,13,Wedding,1,0.0,0.0,200,400,2,1,8,0,1,2,10.325655281969818,43.84313725490196,9,3,2024,3
3046.0,252,1608,12000.0,20,Corporate Event,1,0.0,0.0,200,400,1,2,8,0,1,0,7.458048477315103,12.039525691699605,1,1,2022,0
1226.0,42,3577,24000.0,18,Birthday,4,0.0,0.0,200,400,0,0,8,0,1,1,6.707657909446619,28.511627906976745,6,2,2023,2
512.0,155,66,26000.0,13,Corporate Event,5,0.0,0.0,200,400,1,1,8,0,1,2,388.05970149253733,3.282051282051282,10,4,2025,3
12215.0,176,3661,17000.0,20,Birthday,2,0.0,0.0,200,400,0,2,8,0,1,0,4.642271982523211,69.01129943502825,12,4,2022,0
2712.0,252,1608,24000.0,20,Birthday,5,0.0,0.0,200,400,0,2,8,0,1,2,14.916096954630206,10.719367588932807,11,4,2023,3
9430.0,155,66,12000.0,18,Birthday,5,0.0,0.0,200,400,0,0,8,0,1,1,179.1044776119403,60.44871794871795,12,4,2023,0
5916.0,203,1258,12000.0,20,Corporate Event,3,0.0,0.0,200,400,1,2,8,0,1,0,9.531374106433677,29.0,6,2,2024,2
2628.0,155,66,13000.0,13,Birthday,1,0.0,0.0,200,400,0,1,8,0,1,1,194.02985074626866,16.846153846153847,5,2,2025,1
4887.0,176,3661,20000.0,20,Birthday,5,0.0,0.0,200,400,0,2,8,0,1,2,5.461496450027307,27.610169491525422,7,3,2022,2
92600.0,42,3577,17000.0,20,Corporate Event,5,0.0,0.0,200,400,1,2,8,0,1,2,4.751257685858021,2153.4883720930234,2,1,2023,0
2836.0,239,4101,17000.0,18,Wedding,1,0.0,0.0,200,400,2,0,8,0,1,1,4.144319843978547,11.816666666666666,1,1,2022,0
2457.0,203,1258,24000.0,13,Birthday,5,0.0,0.0,200,400,0,1,8,0,1,1,19.062748212867355,12.044117647058824,10,4,2022,3
1311.0,203,1417,17000.0,20,Birthday,4,0.0,0.0,200,400,0,2,8,0,1,1,11.988716502115656,6.426470588235294,3,1,2023,1
2751.0,229,3480,12000.0,16,Wedding,3,0.0,0.0,200,400,2,2,8,0,1,1,3.4472852628555013,11.960869565217392,7,3,2024,2
11683.0,229,3480,20000.0,13,Wedding,2,0.0,0.0,200,400,2,1,8,0,1,0,5.745475438092502,50.79565217391304,11,4,2022,3
1383.0,298,962,15000.0,20,Wedding,1,0.0,0.0,200,400,2,2,8,0,1,1,15.576323987538942,4.625418060200669,4,2,2022,1
105230.0,176,3661,24000.0,13,Wedding,3,0.0,0.0,200,400,2,1,8,0,1,1,6.553795740032769,594.5197740112994,8,3,2023,2
13376.0,203,1417,12000.0,20,Corporate Event,3,0.0,0.0,200,400,1,2,8,0,1,0,8.46262341325811,65.56862745098039,8,3,2025,2
5057.0,202,1983,23000.0,20,Birthday,2,0.0,0.0,200,400,0,2,8,0,1,1,11.59274193548387,24.911330049261085,3,1,2024,1
10918.0,42,3577,17000.0,16,Wedding,4,0.0,0.0,200,400,2,2,8,0,1,0,4.751257685858021,253.90697674418604,11,4,2024,3
6466.0,176,3661,12000.0,20,Corporate Event,2,0.0,0.0,200,400,1,2,8,0,1,1,3.2768978700163847,36.53107344632768,9,3,2022,3
8389.0,239,4101,17000.0,13,Birthday,1,0.0,0.0,200,400,0,1,8,0,1,0,4.144319843978547,34.954166666666666,12,4,2025,0
2369.0,229,3480,21000.0,18,Birthday,4,0.0,0.0,200,400,0,0,8,0,1,1,6.032749209997127,10.3,5,2,2024,1
515.0,249,22215,15000.0,20,Birthday,5,0.0,0.0,200,400,0,2,8,0,1,0,0.6751890529348218,2.06,3,1,2025,1
13435.0,229,3480,15000.0,18,Wedding,5,0.0,0.0,200,400,2,0,8,0,1,1,4.309106578569376,58.41304347826087,8,3,2022,2
9273.0,42,3577,19000.0,16,Corporate Event,2,0.0,0.0,200,400,1,2,8,0,1,2,5.310229178311906,215.65116279069767,3,1,2025,1
11820.0,229,3480,20000.0,20,Corporate Event,2,0.0,0.0,200,400,1,2,8,0,1,2,5.745475438092502,51.391304347826086,2,1,2024,0
2873.0,298,962,24000.0,13,Wedding,5,0.0,0.0,200,400,2,1,8,0,1,2,24.922118380062305,9.608695652173912,9,3,2024,3
2900.0,203,1258,12000.0,20,Corporate Event,4,0.0,0.0,200,400,1,2,8,0,1,1,9.531374106433677,14.215686274509803,10,4,2025,3
13734.0,202,1983,23000.0,16,Birthday,5,0.0,0.0,200,400,0,2,8,0,1,0,11.59274193548387,67.65517241379311,1,1,2025,0
14073.0,229,3480,23000.0,13,Corporate Event,3,0.0,0.0,200,400,1,1,8,0,1,2,6.607296753806377,61.18695652173913,6,2,2024,2
3253.0,249,22215,25000.0,18,Corporate Event,3,0.0,0.0,200,400,1,0,8,0,1,1,1.125315088224703,13.012,2,1,2024,0
5660.0,203,1417,15000.0,20,Corporate Event,5,0.0,0.0,200,400,1,2,8,0,1,0,10.578279266572638,27.745098039215687,1,1,2024,0
9802.0,203,1258,19000.0,13,Corporate Event,2,0.0,0.0,200,400,1,1,8,0,1,0,15.091342335186656,48.049019607843135,4,2,2024,1
8231.0,203,1417,15000.0,18,Birthday,3,0.0,0.0,200,400,0,0,8,0,1,2,10.578279266572638,40.34803921568628,3,1,2022,1
7293.0,298,962,12000.0,20,Corporate Event,5,0.0,0.0,200,400,1,2,8,0,1,0,12.461059190031152,24.391304347826086,3,1,2022,1
9027.0,176,3661,17000.0,20,Birthday,2,0.0,0.0,200,400,0,2,8,0,1,2,4.642271982523211,51.0,1,1,2023,0
2196.0,176,3661,19000.0,16,Corporate Event,4,0.0,0.0,200,400,1,2,8,0,1,0,5.188421627525942,12.40677966101695,10,4,2025,3
10181.0,252,1608,26000.0,16,Birthday,5,0.0,0.0,200,400,0,2,8,0,1,2,16.159105034182723,40.241106719367586,6,2,2022,2
14045.0,42,3577,22000.0,16,Wedding,5,0.0,0.0,200,400,2,2,8,0,1,1,6.148686416992733,326.6279069767442,6,2,2024,2
566.0,239,4101,26000.0,20,Birthday,1,0.0,0.0,200,400,0,2,8,0,1,2,6.338371526084837,2.3583333333333334,9,3,2024,3
201.0,126,4896,12000.0,13,Birthday,2,0.0,0.0,200,400,0,1,8,0,1,1,2.450479885644272,1.5826771653543308,4,2,2024,1
7295.0,229,3480,21000.0,18,Wedding,1,0.0,0.0,200,400,2,0,8,0,1,1,6.032749209997127,31.717391304347824,4,2,2022,1
11352.0,42,3577,25000.0,16,Wedding,2,0.0,0.0,200,400,2,2,8,0,1,1,6.98714365567356,264.0,5,2,2024,1
147800.0,126,4896,22000.0,13,Wedding,1,0.0,0.0,200,400,2,1,8,0,1,2,4.492546457014499,1163.7795275590552,9,3,2025,3
10508.0,252,1608,19000.0,18,Wedding,1,0.0,0.0,200,400,2,0,8,0,1,2,11.808576755748913,41.533596837944664,8,3,2024,2
10154.0,202,1983,22000.0,18,Corporate Event,5,0.0,0.0,200,400,1,0,8,0,1,0,11.088709677419354,50.01970443349754,7,3,2024,2
13284.0,239,4101,24000.0,18,Wedding,5,0.0,0.0,200,400,2,0,8,0,1,1,5.850804485616773,55.35,8,3,2024,2
8189.0,298,962,12000.0,13,Corporate Event,3,0.0,0.0,200,400,1,1,8,0,1,2,12.461059190031152,27.387959866220736,10,4,2023,3
5854.0,176,3661,24000.0,13,Corporate Event,2,0.0,0.0,200,400,1,1,8,0,1,1,6.553795740032769,33.07344632768361,1,1,2025,0
8682.0,239,4101,19000.0,20,Corporate Event,5,0.0,0.0,200,400,1,2,8,0,1,2,4.631886884446612,36.175,8,3,2022,2
7588.0,239,4101,15000.0,20,Birthday,1,0.0,0.0,200,400,0,2,8,0,1,1,3.6567528035104826,31.616666666666667,1,1,2023,0
7509.0,249,22215,20000.0,18,Corporate Event,2,0.0,0.0,200,400,1,0,8,0,1,2,0.9002520705797623,30.036,3,1,2023,1
13609.0,202,1983,25000.0,18,Birthday,2,0.0,0.0,200,400,0,0,8,0,1,2,12.600806451612904,67.03940886699507,2,1,2022,0
54270.0,126,4896,23000.0,13,Corporate Event,4,0.0,0.0,200,400,1,1,8,0,1,1,4.696753114151521,427.3228346456693,8,3,2024,2
7035.0,252,1608,25000.0,16,Corporate Event,4,0.0,0.0,200,400,1,2,8,0,1,0,15.537600994406464,27.806324110671937,6,2,2025,2
4454.0,155,66,13000.0,18,Wedding,2,0.0,0.0,200,400,2,0,8,0,1,1,194.02985074626866,28.55128205128205,12,4,2022,0
5772.0,239,4101,24000.0,20,Corporate Event,5,0.0,0.0,200,400,1,2,8,0,1,0,5.850804485616773,24.05,10,4,2025,3
12688.0,126,4896,13000.0,16,Wedding,4,0.0,0.0,200,400,2,2,8,0,1,0,2.6546865427812945,99.90551181102362,3,1,2022,1
11695.0,229,3480,23000.0,20,Corporate Event,5,0.0,0.0,200,400,1,2,8,0,1,2,6.607296753806377,50.84782608695652,1,1,2023,0
14041.0,298,962,25000.0,20,Wedding,1,0.0,0.0,200,400,2,2,8,0,1,0,25.96053997923157,46.95986622073578,1,1,2023,0
3845.0,126,4896,20000.0,18,Wedding,5,0.0,0.0,200,400,2,0,8,0,1,1,4.084133142740454,30.275590551181104,12,4,2024,0
4176.0,252,1608,17000.0,18,Corporate Event,5,0.0,0.0,200,400,1,0,8,0,1,2,10.565568676196396,16.50592885375494,3,1,2023,1
6718.0,252,1608,13000.0,20,Wedding,1,0.0,0.0,200,400,2,2,8,0,1,1,8.079552517091361,26.553359683794465,10,4,2024,3
456.0,202,1983,23000.0,20,Wedding,3,0.0,0.0,200,400,2,2,8,0,1,1,11.59274193548387,2.2463054187192117,12,4,2024,0
2850.0,202,1983,23000.0,13,Corporate Event,1,0.0,0.0,200,400,1,1,8,0,1,2,11.59274193548387,14.039408866995075,12,4,2025,0
724.0,203,1258,20000.0,20,Birthday,3,0.0,0.0,200,400,0,2,8,0,1,0,15.885623510722796,3.549019607843137,11,4,2022,3
7614.0,229,3480,19000.0,20,Wedding,1,0.0,0.0,200,400,2,2,8,0,1,2,5.458201666187877,33.10434782608696,9,3,2024,3
2230.0,176,3661,19000.0,18,Birthday,5,0.0,0.0,200,400,0,0,8,0,1,0,5.188421627525942,12.598870056497175,9,3,2023,3
3001.0,249,22215,23000.0,13,Wedding,3,0.0,0.0,200,400,2,1,8,0,1,1,1.0352898811667266,12.004,11,4,2023,3
14315.0,252,1608,13000.0,13,Corporate Event,5,0.0,0.0,200,400,1,1,8,0,1,2,8.079552517091361,56.58102766798419,1,1,2024,0
13831.0,126,4896,21000.0,18,Birthday,3,0.0,0.0,200,400,0,0,8,0,1,2,4.288339799877476,108.90551181102362,8,3,2025,2
11788.0,252,1608,19000.0,18,Birthday,3,0.0,0.0,200,400,0,0,8,0,1,2,11.808576755748913,46.59288537549407,11,4,2022,3
1836.0,249,22215,13000.0,13,Corporate Event,2,0.0,0.0,200,400,1,1,8,0,1,0,0.5851638458768456,7.344,7,3,2024,2
8108.0,203,1258,26000.0,18,Corporate Event,5,0.0,0.0,200,400,1,0,8,0,1,0,20.651310563939635,39.745098039215684,6,2,2024,2
6739.0,249,22215,25000.0,13,Corporate Event,1,0.0,0.0,200,400,1,1,8,0,1,2,1.125315088224703,26.956,11,4,2023,3
11878.0,239,4101,15000.0,20,Birthday,5,0.0,0.0,200,400,0,2,8,0,1,1,3.6567528035104826,49.49166666666667,2,1,2024,0
12045.0,298,962,23000.0,13,Birthday,3,0.0,0.0,200,400,0,1,8,0,1,0,23.883696780893043,40.28428093645485,4,2,2025,1
12544.0,249,22215,24000.0,18,Birthday,5,0.0,0.0,200,400,0,0,8,0,1,0,1.0803024846957148,50.176,1,1,2024,0
13739.0,249,22215,15000.0,18,Birthday,5,0.0,0.0,200,400,0,0,8,0,1,2,0.6751890529348218,54.956,9,3,2024,3
10374.0,155,66,24000.0,16,Wedding,2,0.0,0.0,200,400,2,2,8,0,1,0,358.2089552238806,66.5,7,3,2022,2
11696.0,203,1258,19000.0,13,Corporate Event,4,0.0,0.0,200,400,1,1,8,0,1,1,15.091342335186656,57.333333333333336,6,2,2022,2
10084.0,298,962,24000.0,20,Corporate Event,5,0.0,0.0,200,400,1,2,8,0,1,1,24.922118380062305,33.725752508361204,10,4,2024,3
14564.0,155,66,23000.0,18,Birthday,1,0.0,0.0,200,400,0,0,8,0,1,1,343.2835820895522,93.35897435897436,1,1,2024,0
12260.0,155,66,21000.0,13,Corporate Event,3,0.0,0.0,200,400,1,1,8,0,1,1,313.43283582089555,78.58974358974359,3,1,2025,1
10776.0,42,3577,26000.0,20,Corporate Event,1,0.0,0.0,200,400,1,2,8,0,1,0,7.266629401900503,250.6046511627907,11,4,2025,3
10567.0,203,1258,20000.0,20,Wedding,5,0.0,0.0,200,400,2,2,8,0,1,2,15.885623510722796,51.799019607843135,7,3,2022,2
14018.0,202,1983,20000.0,20,Birthday,2,0.0,0.0,200,400,0,2,8,0,1,0,10.080645161290322,69.05418719211822,9,3,2023,3
12659.0,249,22215,20000.0,20,Wedding,1,0.0,0.0,200,400,2,2,8,0,1,0,0.9002520705797623,50.636,11,4,2022,3
7513.0,155,66,25000.0,16,Birthday,4,0.0,0.0,200,400,0,2,8,0,1,2,373.13432835820896,48.16025641025641,6,2,2022,2
2593.0,176,3661,24000.0,16,Corporate Event,4,0.0,0.0,200,400,1,2,8,0,1,1,6.553795740032769,14.649717514124294,12,4,2025,0
11270.0,298,962,25000.0,20,Birthday,5,0.0,0.0,200,400,0,2,8,0,1,0,25.96053997923157,37.69230769230769,10,4,2023,3
5209.0,203,1258,15000.0,18,Birthday,3,0.0,0.0,200,400,0,0,8,0,1,2,11.914217633042098,25.534313725490197,7,3,2022,2
11460.0,203,1258,15000.0,20,Wedding,5,0.0,0.0,200,400,2,2,8,0,1,1,11.914217633042098,56.1764705882353,10,4,2022,3
8755.0,249,22215,15000.0,13,Corporate Event,3,0.0,0.0,200,400,1,1,8,0,1,1,0.6751890529348218,35.02,10,4,2024,3
6168.0,176,3661,24000.0,20,Wedding,2,0.0,0.0,200,400,2,2,8,0,1,1,6.553795740032769,34.847457627118644,7,3,2024,2
11449.0,203,1258,17000.0,13,Wedding,3,0.0,0.0,200,400,2,1,8,0,1,2,13.502779984114376,56.122549019607845,1,1,2024,0
9243.0,203,1417,26000.0,13,Birthday,4,0.0,0.0,200,400,0,1,8,0,1,0,18.33568406205924,45.30882352941177,7,3,2024,2
1936.0,229,3480,15000.0,18,Birthday,4,0.0,0.0,200,400,0,0,8,0,1,0,4.309106578569376,8.417391304347825,3,1,2023,1
8631.0,249,22215,23000.0,13,Wedding,4,0.0,0.0,200,400,2,1,8,0,1,1,1.0352898811667266,34.524,2,1,2022,0
929.0,126,4896,26000.0,13,Wedding,1,0.0,0.0,200,400,2,1,8,0,1,1,5.309373085562589,7.31496062992126,5,2,2023,1
3569.0,229,3480,20000.0,20,Wedding,4,0.0,0.0,200,400,2,2,8,0,1,1,5.745475438092502,15.517391304347827,2,1,2024,0
3549.0,176,3661,21000.0,20,Wedding,5,0.0,0.0,200,400,2,2,8,0,1,1,5.734571272528673,20.050847457627118,8,3,2022,2
14893.0,203,1417,24000.0,13,Wedding,2,0.0,0.0,200,400,2,1,8,0,1,0,16.92524682651622,73.00490196078431,12,4,2023,0
75890.0,249,22215,15000.0,20,Birthday,2,0.0,0.0,200,400,0,2,8,0,1,2,0.6751890529348218,303.56,8,3,2022,2
2268.0,203,1417,15000.0,13,Wedding,1,0.0,0.0,200,400,2,1,8,0,1,0,10.578279266572638,11.117647058823529,8,3,2025,2
14685.0,249,22215,19000.0,20,Birthday,5,0.0,0.0,200,400,0,2,8,0,1,1,0.8552394670507742,58.74,10,4,2024,3
12119.0,203,1417,12000.0,16,Birthday,3,0.0,0.0,200,400,0,2,8,0,1,1,8.46262341325811,59.40686274509804,8,3,2023,2
88110.0,42,3577,13000.0,16,Wedding,2,0.0,0.0,200,400,2,2,8,0,1,0,3.6333147009502516,2049.0697674418607,10,4,2024,3
10967.0,155,66,12000.0,18,Wedding,3,0.0,0.0,200,400,2,0,8,0,1,1,179.1044776119403,70.30128205128206,1,1,2024,0
6956.0,239,4101,23000.0,20,Birthday,5,0.0,0.0,200,400,0,2,8,0,1,2,5.60702096538274,28.983333333333334,4,2,2022,1
8633.0,126,4896,12000.0,20,Birthday,5,0.0,0.0,200,400,0,2,8,0,1,2,2.450479885644272,67.97637795275591,12,4,2024,0
4395.0,203,1258,24000.0,20,Birthday,3,0.0,0.0,200,400,0,2,8,0,1,0,19.062748212867355,21.544117647058822,4,2,2022,1
8511.0,298,962,12000.0,20,Wedding,5,0.0,0.0,200,400,2,2,8,0,1,1,12.461059190031152,28.464882943143813,4,2,2025,1
324.0,239,4101,15000.0,18,Birthday,4,0.0,0.0,200,400,0,0,8,0,1,1,3.6567528035104826,1.35,9,3,2023,3
3108.0,298,962,23000.0,16,Corporate Event,3,0.0,0.0,200,400,1,2,8,0,1,2,23.883696780893043,10.394648829431437,11,4,2024,3
135870.0,249,22215,12000.0,20,Wedding,5,0.0,0.0,200,400,2,2,8,0,1,0,0.5401512423478574,543.48,4,2,2024,1
5759.0,202,1983,12000.0,16,Corporate Event,1,0.0,0.0,200,400,1,2,8,0,1,0,6.048387096774194,28.36945812807882,10,4,2023,3
3847.0,202,1983,17000.0,18,Birthday,1,0.0,0.0,200,400,0,0,8,0,1,1,8.568548387096774,18.950738916256157,12,4,2024,0
6651.0,203,1258,17000.0,16,Birthday,5,0.0,0.0,200,400,0,2,8,0,1,1,13.502779984114376,32.60294117647059,12,4,2022,0
8600.0,252,1608,12000.0,18,Wedding,1,0.0,0.0,200,400,2,0,8,0,1,2,7.458048477315103,33.99209486166008,8,3,2022,2
11977.0,252,1608,15000.0,20,Wedding,4,0.0,0.0,200,400,2,2,8,0,1,0,9.322560596643878,47.3399209486166,8,3,2024,2
14862.0,249,22215,21000.0,20,Corporate Event,5,0.0,0.0,200,400,1,2,8,0,1,2,0.9452646741087505,59.448,3,1,2025,1
6474.0,155,66,24000.0,16,Wedding,2,0.0,0.0,200,400,2,2,8,0,1,0,358.2089552238806,41.5,4,2,2024,1
13321.0,203,1258,24000.0,16,Birthday,4,0.0,0.0,200,400,0,2,8,0,1,0,19.062748212867355,65.29901960784314,6,2,2023,2
9348.0,239,4101,21000.0,18,Birthday,5,0.0,0.0,200,400,0,0,8,0,1,2,5.1194539249146755,38.95,8,3,2025,2
5361.0,155,66,17000.0,20,Corporate Event,5,0.0,0.0,200,400,1,2,8,0,1,2,253.73134328358208,34.36538461538461,11,4,2022,3
4108.0,202,1983,24000.0,13,Birthday,3,0.0,0.0,200,400,0,1,8,0,1,0,12.096774193548388,20.236453201970445,2,1,2022,0
12786.0,298,962,12000.0,18,Wedding,1,0.0,0.0,200,400,2,0,8,0,1,1,12.461059190031152,42.76254180602007,4,2,2025,1
2037.0,249,22215,26000.0,13,Birthday,3,0.0,0.0,200,400,0,1,8,0,1,1,1.1703276917536911,8.148,6,2,2022,2
2875.0,202,1983,19000.0,20,Wedding,1,0.0,0.0,200,400,2,2,8,0,1,1,9.576612903225806,14.16256157635468,11,4,2025,3
7873.0,298,962,20000.0,18,Birthday,1,0.0,0.0,200,400,0,0,8,0,1,2,20.768431983385256,26.331103678929765,10,4,2023,3
8846.0,239,4101,15000.0,13,Corporate Event,1,0.0,0.0,200,400,1,1,8,0,1,0,3.6567528035104826,36.858333333333334,8,3,2024,2
11652.0,176,3661,21000.0,16,Birthday,1,0.0,0.0,200,400,0,2,8,0,1,2,5.734571272528673,65.83050847457628,8,3,2025,2
12489.0,203,1417,22000.0,16,Wedding,2,0.0,0.0,200,400,2,2,8,0,1,0,15.514809590973202,61.220588235294116,6,2,2024,2
42100.0,239,4101,19000.0,20,Wedding,5,0.0,0.0,200,400,2,2,8,0,1,2,4.631886884446612,175.41666666666666,3,1,2025,1
14175.0,298,962,23000.0,13,Corporate Event,3,0.0,0.0,200,400,1,1,8,0,1,1,23.883696780893043,47.408026755852845,8,3,2025,2
2793.0,239,4101,20000.0,18,Wedding,3,0.0,0.0,200,400,2,0,8,0,1,0,4.875670404680643,11.6375,5,2,2025,1
734.0,155,66,25000.0,20,Corporate Event,5,0.0,0.0,200,400,1,2,8,0,1,2,373.13432835820896,4.705128205128205,3,1,2023,1
10743.0,249,22215,21000.0,16,Corporate Event,1,0.0,0.0,200,400,1,2,8,0,1,2,0.9452646741087505,42.972,1,1,2024,0
10466.0,249,22215,24000.0,13,Birthday,3,0.0,0.0,200,400,0,1,8,0,1,0,1.0803024846957148,41.864,8,3,2024,2
1221.0,202,1983,20000.0,20,Corporate Event,5,0.0,0.0,200,400,1,2,8,0,1,2,10.080645161290322,6.014778325123153,1,1,2024,0
4801.0,239,4101,15000.0,13,Birthday,3,0.0,0.0,200,400,0,1,8,0,1,1,3.6567528035104826,20.004166666666666,10,4,2024,3
752.0,202,1983,20000.0,13,Wedding,1,0.0,0.0,200,400,2,1,8,0,1,2,10.080645161290322,3.7044334975369457,9,3,2023,3
10964.0,202,1983,23000.0,20,Wedding,5,0.0,0.0,200,400,2,2,8,0,1,0,11.59274193548387,54.00985221674877,11,4,2022,3
3647.0,249,22215,17000.0,18,Birthday,5,0.0,0.0,200,400,0,0,8,0,1,0,0.765214259992798,14.588,5,2,2023,1
8200.0,252,1608,23000.0,18,Corporate Event,3,0.0,0.0,200,400,1,0,8,0,1,2,14.294592914853947,32.41106719367589,1,1,2022,0
12335.0,239,4101,20000.0,20,Birthday,1,0.0,0.0,200,400,0,2,8,0,1,1,4.875670404680643,51.395833333333336,10,4,2023,3
4427.0,252,1608,20000.0,18,Birthday,5,0.0,0.0,200,400,0,0,8,0,1,0,12.430080795525171,17.49802371541502,3,1,2024,1
8686.0,252,1608,24000.0,13,Birthday,1,0.0,0.0,200,400,0,1,8,0,1,2,14.916096954630206,34.33201581027668,12,4,2023,0
8559.0,176,3661,21000.0,13,Wedding,5,0.0,0.0,200,400,2,1,8,0,1,1,5.734571272528673,48.355932203389834,2,1,2024,0
10365.0,202,1983,26000.0,20,Wedding,3,0.0,0.0,200,400,2,2,8,0,1,1,13.10483870967742,51.05911330049261,5,2,2025,1
12257.0,249,22215,13000.0,13,Wedding,3,0.0,0.0,200,400,2,1,8,0,1,2,0.5851638458768456,49.028,9,3,2023,3
6025.0,229,3480,12000.0,18,Birthday,4,0.0,0.0,200,400,0,0,8,0,1,2,3.4472852628555013,26.195652173913043,9,3,2023,3
11010.0,252,1608,13000.0,13,Birthday,1,0.0,0.0,200,400,0,1,8,0,1,2,8.079552517091361,43.51778656126482,11,4,2022,3
2792.0,298,962,21000.0,13,Birthday,4,0.0,0.0,200,400,0,1,8,0,1,1,21.806853582554517,9.33779264214047,11,4,2023,3
8508.0,203,1417,15000.0,20,Wedding,2,0.0,0.0,200,400,2,2,8,0,1,1,10.578279266572638,41.705882352941174,10,4,2024,3
2103.0,203,1258,12000.0,18,Corporate Event,4,0.0,0.0,200,400,1,0,8,0,1,1,9.531374106433677,10.308823529411764,11,4,2024,3
6243.0,229,3480,22000.0,18,Wedding,1,0.0,0.0,200,400,2,0,8,0,1,1,6.320022981901753,27.143478260869564,4,2,2022,1
13591.0,252,1608,19000.0,16,Birthday,1,0.0,0.0,200,400,0,2,8,0,1,2,11.808576755748913,53.719367588932805,11,4,2024,3
5211.0,202,1983,20000.0,20,Wedding,4,0.0,0.0,200,400,2,2,8,0,1,2,10.080645161290322,25.669950738916256,8,3,2022,2
10826.0,176,3661,23000.0,20,Wedding,2,0.0,0.0,200,400,2,2,8,0,1,1,6.280720917531403,61.163841807909606,3,1,2025,1
8260.0,249,22215,12000.0,16,Wedding,4,0.0,0.0,200,400,2,2,8,0,1,0,0.5401512423478574,33.04,6,2,2025,2
9998.0,249,22215,17000.0,18,Birthday,3,0.0,0.0,200,400,0,0,8,0,1,2,0.765214259992798,39.992,11,4,2023,3
11666.0,42,3577,19000.0,16,Wedding,2,0.0,0.0,200,400,2,2,8,0,1,1,5.310229178311906,271.30232558139534,8,3,2025,2
2973.0,203,1258,25000.0,18,Corporate Event,4,0.0,0.0,200,400,1,0,8,0,1,0,19.857029388403493,14.573529411764707,12,4,2023,0
2510.0,155,66,19000.0,20,Birthday,1,0.0,0.0,200,400,0,2,8,0,1,0,283.5820895522388,16.08974358974359,6,2,2024,2
4298.0,202,1983,20000.0,18,Birthday,3,0.0,0.0,200,400,0,0,8,0,1,0,10.080645161290322,21.17241379310345,3,1,2022,1
12537.0,252,1608,17000.0,20,Corporate Event,5,0.0,0.0,200,400,1,2,8,0,1,1,10.565568676196396,49.55335968379447,4,2,2022,1
14412.0,249,22215,25000.0,18,Birthday,5,0.0,0.0,200,400,0,0,8,0,1,2,1.125315088224703,57.648,7,3,2023,2
992.0,252,1608,13000.0,20,Wedding,5,0.0,0.0,200,400,2,2,8,0,1,0,8.079552517091361,3.9209486166007905,2,1,2024,0
888.0,155,66,17000.0,16,Birthday,2,0.0,0.0,200,400,0,2,8,0,1,2,253.73134328358208,5.6923076923076925,9,3,2024,3
13338.0,42,3577,12000.0,13,Corporate Event,2,0.0,0.0,200,400,1,1,8,0,1,0,3.3538289547233093,310.1860465116279,11,4,2024,3
11711.0,155,66,12000.0,18,Corporate Event,4,0.0,0.0,200,400,1,0,8,0,1,1,179.1044776119403,75.07051282051282,12,4,2024,0
13678.0,202,1983,13000.0,13,Wedding,5,0.0,0.0,200,400,2,1,8,0,1,0,6.55241935483871,67.37931034482759,10,4,2024,3
4857.0,176,3661,21000.0,13,Birthday,5,0.0,0.0,200,400,0,1,8,0,1,2,5.734571272528673,27.440677966101696,6,2,2022,2
6759.0,298,962,23000.0,18,Corporate Event,3,0.0,0.0,200,400,1,0,8,0,1,0,23.883696780893043,22.60535117056856,10,4,2025,3
14582.0,249,22215,20000.0,13,Wedding,5,0.0,0.0,200,400,2,1,8,0,1,0,0.9002520705797623,58.328,3,1,2025,1
2534.0,155,66,17000.0,13,Birthday,2,0.0,0.0,200,400,0,1,8,0,1,1,253.73134328358208,16.243589743589745,6,2,2025,2
2810.0,176,3661,19000.0,18,Corporate Event,1,0.0,0.0,200,400,1,0,8,0,1,1,5.188421627525942,15.875706214689265,5,2,2022,1
7583.0,126,4896,22000.0,13,Birthday,5,0.0,0.0,200,400,0,1,8,0,1,0,4.492546457014499,59.70866141732284,12,4,2022,0
12454.0,126,4896,19000.0,20,Birthday,2,0.0,0.0,200,400,0,2,8,0,1,1,3.8799264856034306,98.06299212598425,12,4,2024,0
14646.0,252,1608,24000.0,16,Wedding,5,0.0,0.0,200,400,2,2,8,0,1,1,14.916096954630206,57.88932806324111,8,3,2025,2
1906.0,42,3577,22000.0,20,Corporate Event,1,0.0,0.0,200,400,1,2,8,0,1,2,6.148686416992733,44.325581395348834,12,4,2023,0
1682.0,249,22215,20000.0,20,Wedding,1,0.0,0.0,200,400,2,2,8,0,1,0,0.9002520705797623,6.728,6,2,2023,2
11918.0,229,3480,17000.0,13,Birthday,2,0.0,0.0,200,400,0,1,8,0,1,0,4.883654122378627,51.81739130434783,8,3,2024,2
6236.0,239,4101,20000.0,20,Corporate Event,4,0.0,0.0,200,400,1,2,8,0,1,2,4.875670404680643,25.983333333333334,5,2,2023,1
10016.0,252,1608,26000.0,20,Wedding,2,0.0,0.0,200,400,2,2,8,0,1,2,16.159105034182723,39.58893280632411,5,2,2024,1
12835.0,252,1608,24000.0,16,Wedding,1,0.0,0.0,200,400,2,2,8,0,1,2,14.916096954630206,50.73122529644269,7,3,2025,2
13064.0,249,22215,15000.0,13,Wedding,5,0.0,0.0,200,400,2,1,8,0,1,0,0.6751890529348218,52.256,1,1,2024,0
141250.0,239,4101,12000.0,16,Birthday,5,0.0,0.0,200,400,0,2,8,0,1,1,2.9254022428083863,588.5416666666666,6,2,2025,2
13626.0,126,4896,23000.0,18,Wedding,3,0.0,0.0,200,400,2,0,8,0,1,1,4.696753114151521,107.29133858267717,1,1,2024,0
8262.0,176,3661,15000.0,18,Birthday,3,0.0,0.0,200,400,0,0,8,0,1,0,4.09612233752048,46.67796610169491,10,4,2025,3
11960.0,203,1258,15000.0,16,Wedding,5,0.0,0.0,200,400,2,2,8,0,1,0,11.914217633042098,58.627450980392155,5,2,2025,1
9204.0,203,1258,17000.0,20,Birthday,4,0.0,0.0,200,400,0,2,8,0,1,1,13.502779984114376,45.11764705882353,10,4,2025,3
2276.0,298,962,21000.0,13,Wedding,5,0.0,0.0,200,400,2,1,8,0,1,2,21.806853582554517,7.6120401337792645,4,2,2022,1
6970.0,155,66,25000.0,16,Wedding,5,0.0,0.0,200,400,2,2,8,0,1,2,373.13432835820896,44.67948717948718,8,3,2023,2
11314.0,176,3661,12000.0,13,Corporate Event,2,0.0,0.0,200,400,1,1,8,0,1,0,3.2768978700163847,63.92090395480226,8,3,2025,2
10517.0,298,962,15000.0,18,Birthday,5,0.0,0.0,200,400,0,0,8,0,1,2,15.576323987538942,35.17391304347826,11,4,2023,3
2038.0,239,4101,20000.0,18,Corporate Event,4,0.0,0.0,200,400,1,0,8,0,1,0,4.875670404680643,8.491666666666667,9,3,2025,3
2151.0,176,3661,21000.0,16,Wedding,3,0.0,0.0,200,400,2,2,8,0,1,2,5.734571272528673,12.152542372881356,4,2,2025,1
7046.0,202,1983,25000.0,20,Corporate Event,5,0.0,0.0,200,400,1,2,8,0,1,2,12.600806451612904,34.70935960591133,2,1,2022,0
7302.0,203,1258,23000.0,13,Birthday,3,0.0,0.0,200,400,0,1,8,0,1,0,18.268467037331217,35.794117647058826,12,4,2025,0
9261.0,126,4896,25000.0,13,Wedding,3,0.0,0.0,200,400,2,1,8,0,1,1,5.105166428425567,72.92125984251969,7,3,2025,2
12141.0,298,962,13000.0,14,Wedding,1,0.0,0.0,300,500,2,1,10,0,1,0,13.499480789200415,40.60535117056856,2,1,2025,0
12688.0,203,1417,24000.0,7,Birthday,1,0.0,0.0,300,500,0,2,10,0,1,2,16.92524682651622,62.19607843137255,1,1,2022,0
3938.0,298,962,24000.0,10,Birthday,5,0.0,0.0,300,500,0,0,10,0,1,1,24.922118380062305,13.17056856187291,11,4,2022,3
10353.0,176,3661,15000.0,2,Corporate Event,2,0.0,0.0,300,500,1,2,10,0,1,1,4.09612233752048,58.49152542372882,4,2,2024,1
11266.0,42,3577,21000.0,14,Birthday,5,0.0,0.0,300,500,0,1,10,0,1,1,5.869200670765791,262.0,5,2,2022,1
7190.0,249,22215,24000.0,7,Corporate Event,1,0.0,0.0,300,500,1,2,10,0,1,1,1.0803024846957148,28.76,6,2,2023,2
3426.0,126,4896,25000.0,7,Wedding,5,0.0,0.0,300,500,2,2,10,0,1,1,5.105166428425567,26.976377952755904,11,4,2023,3
4594.0,249,22215,20000.0,10,Wedding,5,0.0,0.0,300,500,2,0,10,0,1,1,0.9002520705797623,18.376,11,4,2022,3
7969.0,298,962,22000.0,2,Corporate Event,3,0.0,0.0,300,500,1,2,10,0,1,0,22.84527518172378,26.652173913043477,5,2,2024,1
3466.0,42,3577,21000.0,2,Birthday,2,0.0,0.0,300,500,0,2,10,0,1,1,5.869200670765791,80.6046511627907,5,2,2025,1
8218.0,249,22215,12000.0,2,Wedding,3,0.0,0.0,300,500,2,2,10,0,1,0,0.5401512423478574,32.872,3,1,2024,1
6785.0,202,1983,24000.0,2,Corporate Event,4,0.0,0.0,300,500,1,2,10,0,1,2,12.096774193548388,33.423645320197046,8,3,2024,2
12443.0,126,4896,21000.0,10,Wedding,5,0.0,0.0,300,500,2,0,10,0,1,0,4.288339799877476,97.97637795275591,6,2,2025,2
8050.0,229,3480,21000.0,2,Corporate Event,2,0.0,0.0,300,500,1,2,10,0,1,2,6.032749209997127,35.0,5,2,2023,1
9744.0,249,22215,15000.0,10,Birthday,1,0.0,0.0,300,500,0,0,10,0,1,2,0.6751890529348218,38.976,6,2,2024,2
115350.0,229,3480,25000.0,10,Wedding,1,0.0,0.0,300,500,2,0,10,0,1,1,7.181844297615628,501.5217391304348,9,3,2024,3
5247.0,176,3661,19000.0,14,Wedding,5,0.0,0.0,300,500,2,1,10,0,1,2,5.188421627525942,29.64406779661017,3,1,2025,1
140530.0,42,3577,21000.0,2,Birthday,5,0.0,0.0,300,500,0,2,10,0,1,0,5.869200670765791,3268.139534883721,7,3,2023,2
4976.0,298,962,23000.0,2,Corporate Event,3,0.0,0.0,300,500,1,2,10,0,1,0,23.883696780893043,16.642140468227424,6,2,2024,2
7613.0,203,1417,17000.0,7,Birthday,2,0.0,0.0,300,500,0,2,10,0,1,2,11.988716502115656,37.318627450980394,11,4,2023,3
6515.0,42,3577,22000.0,14,Wedding,3,0.0,0.0,300,500,2,1,10,0,1,2,6.148686416992733,151.51162790697674,7,3,2025,2
5388.0,202,1983,15000.0,7,Birthday,2,0.0,0.0,300,500,0,2,10,0,1,1,7.560483870967742,26.541871921182267,11,4,2025,3
2322.0,298,962,20000.0,10,Birthday,3,0.0,0.0,300,500,0,0,10,0,1,2,20.768431983385256,7.765886287625418,10,4,2022,3
140320.0,252,1608,22000.0,2,Birthday,5,0.0,0.0,300,500,0,2,10,0,1,1,13.673088875077688,554.6245059288538,12,4,2022,0
9159.0,176,3661,21000.0,14,Wedding,1,0.0,0.0,300,500,2,1,10,0,1,0,5.734571272528673,51.74576271186441,1,1,2023,0
943.0,239,4101,21000.0,2,Birthday,1,0.0,0.0,300,500,0,2,10,0,1,1,5.1194539249146755,3.9291666666666667,10,4,2022,3
8204.0,229,3480,22000.0,10,Corporate Event,3,0.0,0.0,300,500,1,0,10,0,1,2,6.320022981901753,35.6695652173913,8,3,2022,2
10172.0,126,4896,15000.0,10,Corporate Event,1,0.0,0.0,300,500,1,0,10,0,1,2,3.06309985705534,80.09448818897638,9,3,2024,3
9422.0,155,66,22000.0,14,Wedding,5,0.0,0.0,300,500,2,1,10,0,1,1,328.35820895522386,60.3974358974359,3,1,2023,1
11129.0,229,3480,24000.0,7,Corporate Event,4,0.0,0.0,300,500,1,2,10,0,1,2,6.894570525711003,48.38695652173913,4,2,2022,1
6804.0,239,4101,26000.0,2,Wedding,2,0.0,0.0,300,500,2,2,10,0,1,0,6.338371526084837,28.35,12,4,2023,0
13799.0,249,22215,12000.0,2,Corporate Event,5,0.0,0.0,300,500,1,2,10,0,1,1,0.5401512423478574,55.196,11,4,2025,3
13089.0,249,22215,12000.0,2,Wedding,2,0.0,0.0,300,500,2,2,10,0,1,0,0.5401512423478574,52.356,8,3,2025,2
5616.0,298,962,20000.0,2,Wedding,3,0.0,0.0,300,500,2,2,10,0,1,0,20.768431983385256,18.782608695652176,9,3,2024,3
10537.0,176,3661,20000.0,10,Corporate Event,5,0.0,0.0,300,500,1,0,10,0,1,1,5.461496450027307,59.53107344632768,7,3,2022,2
6059.0,155,66,25000.0,14,Corporate Event,5,0.0,0.0,300,500,1,1,10,0,1,2,373.13432835820896,38.83974358974359,5,2,2022,1
14939.0,229,3480,21000.0,14,Corporate Event,2,0.0,0.0,300,500,1,1,10,0,1,1,6.032749209997127,64.95217391304348,1,1,2022,0
11092.0,202,1983,13000.0,2,Corporate Event,2,0.0,0.0,300,500,1,2,10,0,1,1,6.55241935483871,54.64039408866995,3,1,2022,1
13841.0,203,1258,22000.0,2,Corporate Event,4,0.0,0.0,300,500,1,2,10,0,1,2,17.474185861795075,67.84803921568627,4,2,2025,1
12072.0,203,1258,12000.0,2,Corporate Event,1,0.0,0.0,300,500,1,2,10,0,1,1,9.531374106433677,59.1764705882353,8,3,2024,2
8947.0,252,1608,15000.0,14,Wedding,1,0.0,0.0,300,500,2,1,10,0,1,0,9.322560596643878,35.36363636363637,1,1,2025,0
666.0,252,1608,13000.0,2,Corporate Event,4,0.0,0.0,300,500,1,2,10,0,1,2,8.079552517091361,2.632411067193676,4,2,2025,1
3499.0,42,3577,22000.0,14,Corporate Event,5,0.0,0.0,300,500,1,1,10,0,1,2,6.148686416992733,81.37209302325581,8,3,2024,2
12586.0,155,66,20000.0,14,Wedding,1,0.0,0.0,300,500,2,1,10,0,1,0,298.5074626865672,80.67948717948718,7,3,2023,2
14073.0,155,66,13000.0,10,Birthday,5,0.0,0.0,300,500,0,0,10,0,1,0,194.02985074626866,90.21153846153847,7,3,2025,2
12995.0,249,22215,25000.0,10,Corporate Event,3,0.0,0.0,300,500,1,0,10,0,1,2,1.125315088224703,51.98,9,3,2022,3
4614.0,203,1417,20000.0,2,Corporate Event,4,0.0,0.0,300,500,1,2,10,0,1,1,14.104372355430183,22.61764705882353,4,2,2022,1
1491.0,126,4896,22000.0,14,Wedding,4,0.0,0.0,300,500,2,1,10,0,1,2,4.492546457014499,11.740157480314961,1,1,2025,0
69640.0,202,1983,21000.0,10,Birthday,5,0.0,0.0,300,500,0,0,10,0,1,1,10.584677419354838,343.0541871921182,1,1,2022,0
5114.0,155,66,19000.0,10,Corporate Event,2,0.0,0.0,300,500,1,0,10,0,1,1,283.5820895522388,32.782051282051285,6,2,2023,2
7856.0,298,962,23000.0,14,Corporate Event,5,0.0,0.0,300,500,1,1,10,0,1,1,23.883696780893043,26.274247491638796,6,2,2023,2
12235.0,155,66,24000.0,14,Wedding,5,0.0,0.0,300,500,2,1,10,0,1,1,358.2089552238806,78.42948717948718,4,2,2024,1
11915.0,203,1417,17000.0,14,Corporate Event,4,0.0,0.0,300,500,1,1,10,0,1,2,11.988716502115656,58.40686274509804,2,1,2024,0
3568.0,203,1258,24000.0,10,Corporate Event,3,0.0,0.0,300,500,1,0,10,0,1,0,19.062748212867355,17.49019607843137,6,2,2022,2
951.0,176,3661,13000.0,10,Wedding,2,0.0,0.0,300,500,2,0,10,0,1,1,3.5499726925177497,5.372881355932203,8,3,2022,2
69360.0,42,3577,13000.0,14,Birthday,2,0.0,0.0,300,500,0,1,10,0,1,0,3.6333147009502516,1613.0232558139535,7,3,2024,2
8397.0,249,22215,22000.0,2,Wedding,5,0.0,0.0,300,500,2,2,10,0,1,2,0.9902772776377385,33.588,9,3,2022,3
12096.0,239,4101,20000.0,2,Wedding,1,0.0,0.0,300,500,2,2,10,0,1,0,4.875670404680643,50.4,9,3,2024,3
2491.0,239,4101,13000.0,2,Corporate Event,2,0.0,0.0,300,500,1,2,10,0,1,0,3.1691857630424183,10.379166666666666,2,1,2025,0
10790.0,176,3661,25000.0,7,Birthday,3,0.0,0.0,300,500,0,2,10,0,1,0,6.826870562534134,60.96045197740113,12,4,2024,0
9091.0,229,3480,26000.0,10,Wedding,1,0.0,0.0,300,500,2,0,10,0,1,2,7.469118069520253,39.52608695652174,2,1,2022,0
4218.0,229,3480,13000.0,10,Birthday,5,0.0,0.0,300,500,0,0,10,0,1,1,3.7345590347601263,18.339130434782607,2,1,2025,0
1632.0,155,66,12000.0,2,Corporate Event,5,0.0,0.0,300,500,1,2,10,0,1,2,179.1044776119403,10.461538461538462,5,2,2025,1
13065.0,239,4101,26000.0,14,Wedding,2,0.0,0.0,300,500,2,1,10,0,1,2,6.338371526084837,54.4375,10,4,2025,3
1978.0,202,1983,12000.0,10,Corporate Event,5,0.0,0.0,300,500,1,0,10,0,1,2,6.048387096774194,9.74384236453202,7,3,2024,2
7964.0,298,962,20000.0,7,Wedding,2,0.0,0.0,300,500,2,2,10,0,1,1,20.768431983385256,26.63545150501672,8,3,2024,2
9876.0,252,1608,19000.0,7,Corporate Event,1,0.0,0.0,300,500,1,2,10,0,1,0,11.808576755748913,39.03557312252964,3,1,2024,1
2169.0,176,3661,15000.0,10,Birthday,3,0.0,0.0,300,500,0,0,10,0,1,0,4.09612233752048,12.254237288135593,1,1,2025,0
356.0,155,66,12000.0,2,Birthday,5,0.0,0.0,300,500,0,2,10,0,1,0,179.1044776119403,2.282051282051282,9,3,2022,3
8646.0,203,1258,23000.0,14,Corporate Event,1,0.0,0.0,300,500,1,1,10,0,1,0,18.268467037331217,42.38235294117647,10,4,2024,3
4363.0,203,1258,19000.0,14,Wedding,5,0.0,0.0,300,500,2,1,10,0,1,0,15.091342335186656,21.387254901960784,10,4,2022,3
6947.0,202,1983,13000.0,10,Birthday,3,0.0,0.0,300,500,0,0,10,0,1,2,6.55241935483871,34.22167487684729,10,4,2024,3
14944.0,42,3577,25000.0,7,Corporate Event,5,0.0,0.0,300,500,1,2,10,0,1,2,6.98714365567356,347.5348837209302,3,1,2023,1
5259.0,298,962,20000.0,14,Birthday,5,0.0,0.0,300,500,0,1,10,0,1,2,20.768431983385256,17.588628762541806,1,1,2022,0
11411.0,298,962,21000.0,10,Wedding,1,0.0,0.0,300,500,2,0,10,0,1,1,21.806853582554517,38.163879598662206,9,3,2025,3
10330.0,203,1258,19000.0,2,Birthday,5,0.0,0.0,300,500,0,2,10,0,1,2,15.091342335186656,50.63725490196079,4,2,2024,1
6778.0,203,1258,26000.0,7,Corporate Event,4,0.0,0.0,300,500,1,2,10,0,1,0,20.651310563939635,33.22549019607843,12,4,2023,0
13602.0,298,962,17000.0,14,Corporate Event,3,0.0,0.0,300,500,1,1,10,0,1,2,17.653167185877468,45.491638795986624,3,1,2025,1
9824.0,155,66,20000.0,7,Wedding,1,0.0,0.0,300,500,2,2,10,0,1,2,298.5074626865672,62.97435897435897,9,3,2024,3
7624.0,239,4101,26000.0,7,Wedding,4,0.0,0.0,300,500,2,2,10,0,1,0,6.338371526084837,31.766666666666666,11,4,2022,3
5658.0,298,962,19000.0,2,Birthday,1,0.0,0.0,300,500,0,2,10,0,1,0,19.73001038421599,18.923076923076923,2,1,2022,0
3060.0,202,1983,19000.0,14,Corporate Event,1,0.0,0.0,300,500,1,1,10,0,1,1,9.576612903225806,15.073891625615763,10,4,2025,3
2254.0,203,1417,22000.0,2,Corporate Event,2,0.0,0.0,300,500,1,2,10,0,1,2,15.514809590973202,11.049019607843137,6,2,2025,2
14604.0,42,3577,25000.0,14,Corporate Event,5,0.0,0.0,300,500,1,1,10,0,1,0,6.98714365567356,339.6279069767442,6,2,2025,2
5722.0,298,962,20000.0,7,Birthday,1,0.0,0.0,300,500,0,2,10,0,1,2,20.768431983385256,19.137123745819398,4,2,2025,1
3876.0,176,3661,19000.0,2,Birthday,1,0.0,0.0,300,500,0,2,10,0,1,0,5.188421627525942,21.89830508474576,2,1,2025,0
12861.0,202,1983,15000.0,7,Corporate Event,4,0.0,0.0,300,500,1,2,10,0,1,0,7.560483870967742,63.354679802955665,2,1,2024,0
1844.0,42,3577,12000.0,7,Wedding,3,0.0,0.0,300,500,2,2,10,0,1,1,3.3538289547233093,42.883720930232556,6,2,2024,2
8421.0,229,3480,25000.0,7,Corporate Event,2,0.0,0.0,300,500,1,2,10,0,1,0,7.181844297615628,36.61304347826087,12,4,2024,0
3918.0,42,3577,20000.0,14,Birthday,3,0.0,0.0,300,500,0,1,10,0,1,2,5.589714924538849,91.11627906976744,10,4,2022,3
3888.0,203,1417,20000.0,10,Birthday,5,0.0,0.0,300,500,0,0,10,0,1,0,14.104372355430183,19.058823529411764,4,2,2025,1
11714.0,155,66,23000.0,2,Birthday,2,0.0,0.0,300,500,0,2,10,0,1,2,343.2835820895522,75.08974358974359,8,3,2025,2
626.0,252,1608,12000.0,14,Birthday,3,0.0,0.0,300,500,0,1,10,0,1,2,7.458048477315103,2.474308300395257,6,2,2023,2
4376.0,155,66,17000.0,10,Wedding,2,0.0,0.0,300,500,2,0,10,0,1,0,253.73134328358208,28.05128205128205,2,1,2024,0
11488.0,239,4101,23000.0,10,Corporate Event,1,0.0,0.0,300,500,1,0,10,0,1,0,5.60702096538274,47.86666666666667,11,4,2022,3
4010.0,298,962,19000.0,10,Corporate Event,2,0.0,0.0,300,500,1,0,10,0,1,2,19.73001038421599,13.411371237458194,7,3,2022,2
9496.0,155,66,26000.0,2,Birthday,5,0.0,0.0,300,500,0,2,10,0,1,1,388.05970149253733,60.87179487179487,10,4,2022,3
10862.0,203,1417,22000.0,10,Corporate Event,2,0.0,0.0,300,500,1,0,10,0,1,2,15.514809590973202,53.245098039215684,10,4,2023,3
3372.0,203,1258,25000.0,7,Wedding,3,0.0,0.0,300,500,2,2,10,0,1,1,19.857029388403493,16.529411764705884,10,4,2025,3
11286.0,229,3480,24000.0,7,Birthday,4,0.0,0.0,300,500,0,2,10,0,1,0,6.894570525711003,49.06956521739131,3,1,2022,1
1960.0,239,4101,26000.0,2,Wedding,4,0.0,0.0,300,500,2,2,10,0,1,2,6.338371526084837,8.166666666666666,9,3,2022,3
145180.0,126,4896,24000.0,2,Wedding,4,0.0,0.0,300,500,2,2,10,0,1,1,4.900959771288544,1143.1496062992126,2,1,2025,0
14110.0,298,962,15000.0,10,Birthday,2,0.0,0.0,300,500,0,0,10,0,1,0,15.576323987538942,47.19063545150502,10,4,2022,3
249.0,239,4101,12000.0,14,Corporate Event,2,0.0,0.0,300,500,1,1,10,0,1,1,2.9254022428083863,1.0375,7,3,2025,2
1761.0,203,1417,26000.0,10,Birthday,4,0.0,0.0,300,500,0,0,10,0,1,1,18.33568406205924,8.632352941176471,7,3,2022,2
14274.0,126,4896,19000.0,10,Corporate Event,3,0.0,0.0,300,500,1,0,10,0,1,1,3.8799264856034306,112.39370078740157,10,4,2024,3
8219.0,42,3577,17000.0,10,Wedding,3,0.0,0.0,300,500,2,0,10,0,1,1,4.751257685858021,191.13953488372093,5,2,2022,1
8841.0,203,1417,15000.0,14,Wedding,5,0.0,0.0,300,500,2,1,10,0,1,2,10.578279266572638,43.338235294117645,12,4,2023,0
983.0,229,3480,17000.0,14,Birthday,4,0.0,0.0,300,500,0,1,10,0,1,1,4.883654122378627,4.273913043478261,4,2,2023,1
10746.0,202,1983,22000.0,7,Birthday,4,0.0,0.0,300,500,0,2,10,0,1,2,11.088709677419354,52.935960591133004,2,1,2022,0
5571.0,249,22215,26000.0,14,Wedding,1,0.0,0.0,300,500,2,1,10,0,1,0,1.1703276917536911,22.284,3,1,2022,1
1060.0,249,22215,20000.0,10,Wedding,3,0.0,0.0,300,500,2,0,10,0,1,0,0.9002520705797623,4.24,12,4,2025,0
899.0,203,1417,13000.0,7,Corporate Event,3,0.0,0.0,300,500,1,2,10,0,1,2,9.16784203102962,4.4068627450980395,8,3,2023,2
5306.0,126,4896,13000.0,10,Corporate Event,4,0.0,0.0,300,500,1,0,10,0,1,1,2.6546865427812945,41.77952755905512,2,1,2022,0
10469.0,126,4896,24000.0,14,Birthday,5,0.0,0.0,300,500,0,1,10,0,1,1,4.900959771288544,82.43307086614173,10,4,2025,3
1185.0,249,22215,26000.0,7,Corporate Event,3,0.0,0.0,300,500,1,2,10,0,1,1,1.1703276917536911,4.74,11,4,2023,3
8975.0,42,3577,24000.0,10,Birthday,1,0.0,0.0,300,500,0,0,10,0,1,0,6.707657909446619,208.72093023255815,10,4,2025,3
8770.0,126,4896,15000.0,10,Birthday,4,0.0,0.0,300,500,0,0,10,0,1,2,3.06309985705534,69.05511811023622,10,4,2022,3
3154.0,239,4101,19000.0,10,Birthday,1,0.0,0.0,300,500,0,0,10,0,1,2,4.631886884446612,13.141666666666667,11,4,2024,3
2899.0,202,1983,12000.0,10,Corporate Event,5,0.0,0.0,300,500,1,0,10,0,1,0,6.048387096774194,14.280788177339902,4,2,2023,1
93260.0,42,3577,15000.0,7,Corporate Event,3,0.0,0.0,300,500,1,2,10,0,1,2,4.192286193404136,2168.8372093023254,8,3,2023,2
4688.0,42,3577,25000.0,2,Birthday,3,0.0,0.0,300,500,0,2,10,0,1,0,6.98714365567356,109.02325581395348,12,4,2025,0
13037.0,249,22215,19000.0,7,Birthday,3,0.0,0.0,300,500,0,2,10,0,1,0,0.8552394670507742,52.148,10,4,2022,3
9498.0,298,962,24000.0,2,Corporate Event,3,0.0,0.0,300,500,1,2,10,0,1,0,24.922118380062305,31.765886287625417,1,1,2024,0
3517.0,203,1258,25000.0,10,Wedding,1,0.0,0.0,300,500,2,0,10,0,1,2,19.857029388403493,17.24019607843137,8,3,2025,2
3241.0,176,3661,24000.0,10,Birthday,3,0.0,0.0,300,500,0,0,10,0,1,1,6.553795740032769,18.310734463276837,3,1,2024,1
5251.0,203,1258,21000.0,10,Wedding,1,0.0,0.0,300,500,2,0,10,0,1,2,16.679904686258936,25.74019607843137,10,4,2024,3
9477.0,202,1983,13000.0,7,Corporate Event,5,0.0,0.0,300,500,1,2,10,0,1,1,6.55241935483871,46.68472906403941,5,2,2025,1
13983.0,298,962,23000.0,2,Birthday,2,0.0,0.0,300,500,0,2,10,0,1,0,23.883696780893043,46.76588628762542,5,2,2025,1
4706.0,202,1983,12000.0,10,Birthday,1,0.0,0.0,300,500,0,0,10,0,1,2,6.048387096774194,23.182266009852217,2,1,2025,0
2866.0,203,1417,26000.0,14,Birthday,4,0.0,0.0,300,500,0,1,10,0,1,0,18.33568406205924,14.049019607843137,3,1,2022,1
4165.0,229,3480,12000.0,14,Corporate Event,3,0.0,0.0,300,500,1,1,10,0,1,2,3.4472852628555013,18.108695652173914,6,2,2025,2
4018.0,252,1608,15000.0,14,Birthday,1,0.0,0.0,300,500,0,1,10,0,1,1,9.322560596643878,15.881422924901186,3,1,2022,1
9688.0,249,22215,15000.0,14,Wedding,4,0.0,0.0,300,500,2,1,10,0,1,0,0.6751890529348218,38.752,9,3,2024,3
10060.0,203,1258,21000.0,14,Birthday,3,0.0,0.0,300,500,0,1,10,0,1,0,16.679904686258936,49.31372549019608,3,1,2022,1
2173.0,229,3480,25000.0,2,Wedding,5,0.0,0.0,300,500,2,2,10,0,1,2,7.181844297615628,9.447826086956521,4,2,2023,1
4377.0,203,1258,21000.0,14,Birthday,5,0.0,0.0,300,500,0,1,10,0,1,1,16.679904686258936,21.455882352941178,4,2,2024,1
8485.0,249,22215,17000.0,14,Birthday,2,0.0,0.0,300,500,0,1,10,0,1,1,0.765214259992798,33.94,7,3,2025,2
5637.0,203,1258,23000.0,10,Birthday,1,0.0,0.0,300,500,0,0,10,0,1,2,18.268467037331217,27.63235294117647,3,1,2025,1
6341.0,202,1983,21000.0,7,Wedding,5,0.0,0.0,300,500,2,2,10,0,1,1,10.584677419354838,31.236453201970445,4,2,2025,1
1968.0,203,1258,20000.0,7,Corporate Event,4,0.0,0.0,300,500,1,2,10,0,1,1,15.885623510722796,9.647058823529411,9,3,2024,3
4861.0,203,1417,22000.0,2,Birthday,3,0.0,0.0,300,500,0,2,10,0,1,1,15.514809590973202,23.82843137254902,6,2,2022,2
14007.0,239,4101,24000.0,10,Birthday,2,0.0,0.0,300,500,0,0,10,0,1,1,5.850804485616773,58.3625,9,3,2025,3
40500.0,155,66,12000.0,14,Wedding,4,0.0,0.0,300,500,2,1,10,0,1,1,179.1044776119403,259.61538461538464,4,2,2022,1
322.0,239,4101,12000.0,7,Birthday,3,0.0,0.0,300,500,0,2,10,0,1,0,2.9254022428083863,1.3416666666666666,3,1,2022,1
20540.0,203,1258,19000.0,14,Corporate Event,2,0.0,0.0,300,500,1,1,10,0,1,0,15.091342335186656,100.68627450980392,1,1,2024,0
6153.0,176,3661,25000.0,2,Wedding,1,0.0,0.0,300,500,2,2,10,0,1,0,6.826870562534134,34.76271186440678,1,1,2023,0
4395.0,126,4896,23000.0,14,Corporate Event,5,0.0,0.0,300,500,1,1,10,0,1,2,4.696753114151521,34.60629921259842,6,2,2024,2
4684.0,203,1417,23000.0,10,Corporate Event,4,0.0,0.0,300,500,1,0,10,0,1,2,16.22002820874471,22.96078431372549,11,4,2025,3
868.0,176,3661,25000.0,2,Wedding,5,0.0,0.0,300,500,2,2,10,0,1,1,6.826870562534134,4.903954802259887,5,2,2024,1
14788.0,298,962,21000.0,10,Birthday,4,0.0,0.0,300,500,0,0,10,0,1,0,21.806853582554517,49.458193979933114,3,1,2025,1
1760.0,229,3480,23000.0,7,Corporate Event,1,0.0,0.0,300,500,1,2,10,0,1,2,6.607296753806377,7.6521739130434785,10,4,2025,3
11536.0,239,4101,20000.0,7,Corporate Event,5,0.0,0.0,300,500,1,2,10,0,1,0,4.875670404680643,48.06666666666667,12,4,2024,0
2946.0,239,4101,24000.0,10,Birthday,2,0.0,0.0,300,500,0,0,10,0,1,2,5.850804485616773,12.275,3,1,2024,1
3602.0,298,962,20000.0,10,Wedding,1,0.0,0.0,300,500,2,0,10,0,1,1,20.768431983385256,12.046822742474916,6,2,2025,2
4364.0,42,3577,25000.0,10,Birthday,3,0.0,0.0,300,500,0,0,10,0,1,1,6.98714365567356,101.48837209302326,12,4,2022,0
5581.0,202,1983,26000.0,7,Wedding,5,0.0,0.0,300,500,2,2,10,0,1,1,13.10483870967742,27.492610837438423,3,1,2025,1
13203.0,202,1983,12000.0,7,Wedding,5,0.0,0.0,300,500,2,2,10,0,1,0,6.048387096774194,65.03940886699507,4,2,2022,1
656.0,202,1983,13000.0,2,Birthday,4,0.0,0.0,300,500,0,2,10,0,1,1,6.55241935483871,3.231527093596059,9,3,2024,3
8260.0,203,1258,15000.0,14,Corporate Event,2,0.0,0.0,300,500,1,1,10,0,1,1,11.914217633042098,40.490196078431374,11,4,2025,3
13006.0,155,66,17000.0,10,Corporate Event,5,0.0,0.0,300,500,1,0,10,0,1,2,253.73134328358208,83.37179487179488,4,2,2025,1
99310.0,249,22215,20000.0,14,Birthday,2,0.0,0.0,300,500,0,1,10,0,1,0,0.9002520705797623,397.24,11,4,2022,3
5252.0,298,962,24000.0,14,Corporate Event,3,0.0,0.0,300,500,1,1,10,0,1,0,24.922118380062305,17.565217391304348,2,1,2025,0
10955.0,202,1983,25000.0,10,Corporate Event,3,0.0,0.0,300,500,1,0,10,0,1,2,12.600806451612904,53.96551724137931,6,2,2022,2
2586.0,229,3480,22000.0,2,Corporate Event,1,0.0,0.0,300,500,1,2,10,0,1,2,6.320022981901753,11.243478260869566,6,2,2024,2
2234.0,239,4101,21000.0,14,Birthday,1,0.0,0.0,300,500,0,1,10,0,1,0,5.1194539249146755,9.308333333333334,4,2,2022,1
22950.0,176,3661,19000.0,14,Wedding,4,0.0,0.0,300,500,2,1,10,0,1,1,5.188421627525942,129.66101694915255,7,3,2023,2
9011.0,203,1258,22000.0,7,Wedding,5,0.0,0.0,300,500,2,2,10,0,1,0,17.474185861795075,44.17156862745098,3,1,2025,1
13661.0,298,962,26000.0,10,Corporate Event,1,0.0,0.0,300,500,1,0,10,0,1,2,26.99896157840083,45.68896321070234,7,3,2024,2
11951.0,203,1417,12000.0,14,Wedding,3,0.0,0.0,300,500,2,1,10,0,1,2,8.46262341325811,58.583333333333336,4,2,2024,1
10106.0,203,1417,22000.0,2,Birthday,5,0.0,0.0,300,500,0,2,10,0,1,1,15.514809590973202,49.53921568627451,12,4,2023,0
9986.0,202,1983,22000.0,14,Wedding,4,0.0,0.0,300,500,2,1,10,0,1,0,11.088709677419354,49.19211822660098,10,4,2025,3
9501.0,203,1417,15000.0,2,Birthday,4,0.0,0.0,300,500,0,2,10,0,1,0,10.578279266572638,46.5735294117647,4,2,2024,1
731.0,155,66,19000.0,10,Corporate Event,3,0.0,0.0,300,500,1,0,10,0,1,2,283.5820895522388,4.685897435897436,12,4,2023,0
5396.0,229,3480,17000.0,14,Birthday,4,0.0,0.0,300,500,0,1,10,0,1,1,4.883654122378627,23.46086956521739,9,3,2025,3
2030.0,229,3480,25000.0,7,Wedding,1,0.0,0.0,300,500,2,2,10,0,1,1,7.181844297615628,8.826086956521738,1,1,2022,0
6877.0,155,66,17000.0,2,Wedding,5,0.0,0.0,300,500,2,2,10,0,1,0,253.73134328358208,44.083333333333336,5,2,2024,1
5957.0,203,1258,23000.0,2,Corporate Event,3,0.0,0.0,300,500,1,2,10,0,1,2,18.268467037331217,29.20098039215686,1,1,2024,0
809.0,155,66,26000.0,7,Birthday,2,0.0,0.0,300,500,0,2,10,0,1,2,388.05970149253733,5.185897435897436,5,2,2025,1
10144.0,155,66,12000.0,2,Corporate Event,4,0.0,0.0,300,500,1,2,10,0,1,0,179.1044776119403,65.02564102564102,1,1,2022,0
12711.0,229,3480,17000.0,2,Birthday,1,0.0,0.0,300,500,0,2,10,0,1,2,4.883654122378627,55.26521739130435,2,1,2025,0
1637.0,203,1258,23000.0,14,Corporate Event,2,0.0,0.0,300,500,1,1,10,0,1,0,18.268467037331217,8.02450980392157,4,2,2022,1
4569.0,126,4896,22000.0,10,Birthday,4,0.0,0.0,300,500,0,0,10,0,1,2,4.492546457014499,35.976377952755904,10,4,2024,3
9720.0,126,4896,26000.0,7,Corporate Event,2,0.0,0.0,300,500,1,2,10,0,1,0,5.309373085562589,76.53543307086615,8,3,2022,2
225.0,126,4896,25000.0,7,Wedding,4,0.0,0.0,300,500,2,2,10,0,1,0,5.105166428425567,1.7716535433070866,12,4,2024,0
10579.0,155,66,23000.0,14,Corporate Event,5,0.0,0.0,300,500,1,1,10,0,1,0,343.2835820895522,67.81410256410257,9,3,2025,3
13884.0,42,3577,24000.0,14,Wedding,5,0.0,0.0,300,500,2,1,10,0,1,2,6.707657909446619,322.8837209302326,1,1,2023,0
10780.0,126,4896,15000.0,7,Birthday,5,0.0,0.0,300,500,0,2,10,0,1,1,3.06309985705534,84.88188976377953,3,1,2024,1
631.0,176,3661,24000.0,14,Birthday,4,0.0,0.0,300,500,0,1,10,0,1,0,6.553795740032769,3.5649717514124295,9,3,2025,3
9879.0,249,22215,19000.0,10,Corporate Event,2,0.0,0.0,300,500,1,0,10,0,1,2,0.8552394670507742,39.516,10,4,2023,3
8772.0,202,1983,25000.0,10,Wedding,2,0.0,0.0,300,500,2,0,10,0,1,0,12.600806451612904,43.21182266009852,9,3,2025,3
9570.0,155,66,22000.0,14,Birthday,4,0.0,0.0,300,500,0,1,10,0,1,0,328.35820895522386,61.34615384615385,9,3,2022,3
6807.0,239,4101,17000.0,10,Corporate Event,4,0.0,0.0,300,500,1,0,10,0,1,2,4.144319843978547,28.3625,6,2,2025,2
10850.0,229,3480,22000.0,2,Wedding,5,0.0,0.0,300,500,2,2,10,0,1,1,6.320022981901753,47.17391304347826,4,2,2025,1
7708.0,176,3661,20000.0,14,Corporate Event,3,0.0,0.0,300,500,1,1,10,0,1,0,5.461496450027307,43.548022598870055,5,2,2023,1
10180.0,202,1983,12000.0,2,Birthday,5,0.0,0.0,300,500,0,2,10,0,1,2,6.048387096774194,50.14778325123153,1,1,2024,0
1554.0,202,1983,12000.0,10,Corporate Event,3,0.0,0.0,300,500,1,0,10,0,1,1,6.048387096774194,7.655172413793103,1,1,2024,0
6177.0,176,3661,25000.0,2,Birthday,5,0.0,0.0,300,500,0,2,10,0,1,2,6.826870562534134,34.898305084745765,1,1,2023,0
13644.0,176,3661,15000.0,14,Wedding,2,0.0,0.0,300,500,2,1,10,0,1,0,4.09612233752048,77.08474576271186,12,4,2024,0
2539.0,203,1417,12000.0,14,Wedding,5,0.0,0.0,300,500,2,1,10,0,1,0,8.46262341325811,12.446078431372548,7,3,2023,2
4068.0,203,1417,26000.0,2,Birthday,4,0.0,0.0,300,500,0,2,10,0,1,0,18.33568406205924,19.941176470588236,5,2,2023,1
8705.0,202,1983,17000.0,14,Birthday,1,0.0,0.0,300,500,0,1,10,0,1,2,8.568548387096774,42.881773399014776,5,2,2024,1
8996.0,202,1983,12000.0,10,Birthday,1,0.0,0.0,300,500,0,0,10,0,1,1,6.048387096774194,44.31527093596059,9,3,2023,3
2595.0,249,22215,13000.0,7,Wedding,1,0.0,0.0,300,500,2,2,10,0,1,0,0.5851638458768456,10.38,1,1,2025,0
2073.0,239,4101,19000.0,10,Corporate Event,5,0.0,0.0,300,500,1,0,10,0,1,1,4.631886884446612,8.6375,6,2,2023,2
7433.0,126,4896,13000.0,2,Corporate Event,5,0.0,0.0,300,500,1,2,10,0,1,2,2.6546865427812945,58.52755905511811,7,3,2024,2
3025.0,298,962,12000.0,10,Corporate Event,3,0.0,0.0,300,500,1,0,10,0,1,1,12.461059190031152,10.117056856187292,11,4,2022,3
14531.0,249,22215,19000.0,14,Wedding,1,0.0,0.0,300,500,2,1,10,0,1,2,0.8552394670507742,58.124,7,3,2024,2
6473.0,239,4101,12000.0,7,Wedding,4,0.0,0.0,300,500,2,2,10,0,1,0,2.9254022428083863,26.970833333333335,6,2,2022,2
9128.0,203,1417,26000.0,10,Corporate Event,1,0.0,0.0,300,500,1,0,10,0,1,2,18.33568406205924,44.745098039215684,10,4,2024,3
10922.0,202,1983,23000.0,10,Wedding,2,0.0,0.0,300,500,2,0,10,0,1,2,11.59274193548387,53.80295566502463,10,4,2025,3
11868.0,202,1983,12000.0,7,Wedding,2,0.0,0.0,300,500,2,2,10,0,1,2,6.048387096774194,58.46305418719212,9,3,2025,3
11082.0,239,4101,21000.0,10,Birthday,1,0.0,0.0,300,500,0,0,10,0,1,0,5.1194539249146755,46.175,3,1,2022,1
9875.0,239,4101,25000.0,2,Corporate Event,2,0.0,0.0,300,500,1,2,10,0,1,2,6.094588005850804,41.145833333333336,4,2,2022,1
9064.0,298,962,25000.0,10,Wedding,3,0.0,0.0,300,500,2,0,10,0,1,0,25.96053997923157,30.31438127090301,6,2,2022,2
14859.0,176,3661,25000.0,7,Birthday,5,0.0,0.0,300,500,0,2,10,0,1,1,6.826870562534134,83.94915254237289,1,1,2022,0
7472.0,249,22215,20000.0,2,Corporate Event,1,0.0,0.0,300,500,1,2,10,0,1,2,0.9002520705797623,29.888,10,4,2025,3
6126.0,298,962,17000.0,7,Corporate Event,2,0.0,0.0,300,500,1,2,10,0,1,2,17.653167185877468,20.48829431438127,6,2,2023,2
10542.0,155,66,17000.0,14,Corporate Event,5,0.0,0.0,300,500,1,1,10,0,1,2,253.73134328358208,67.57692307692308,8,3,2023,2
10178.0,126,4896,20000.0,10,Corporate Event,2,0.0,0.0,300,500,1,0,10,0,1,0,4.084133142740454,80.14173228346456,8,3,2023,2
11945.0,298,962,21000.0,10,Corporate Event,1,0.0,0.0,300,500,1,0,10,0,1,2,21.806853582554517,39.94983277591973,12,4,2023,0
1593.0,176,3661,19000.0,2,Wedding,2,0.0,0.0,300,500,2,2,10,0,1,2,5.188421627525942,9.0,1,1,2024,0
10765.0,176,3661,17000.0,14,Corporate Event,4,0.0,0.0,300,500,1,1,10,0,1,1,4.642271982523211,60.81920903954802,12,4,2023,0
6004.0,252,1608,22000.0,7,Birthday,3,0.0,0.0,300,500,0,2,10,0,1,0,13.673088875077688,23.731225296442688,1,1,2023,0
13709.0,249,22215,23000.0,10,Corporate Event,3,0.0,0.0,300,500,1,0,10,0,1,2,1.0352898811667266,54.836,7,3,2024,2
3990.0,203,1258,21000.0,2,Wedding,4,0.0,0.0,300,500,2,2,10,0,1,2,16.679904686258936,19.558823529411764,8,3,2023,2
6131.0,176,3661,20000.0,10,Wedding,5,0.0,0.0,300,500,2,0,10,0,1,0,5.461496450027307,34.63841807909605,10,4,2024,3
12242.0,202,1983,26000.0,7,Corporate Event,1,0.0,0.0,300,500,1,2,10,0,1,0,13.10483870967742,60.30541871921182,2,1,2024,0
138930.0,252,1608,20000.0,10,Corporate Event,5,0.0,0.0,300,500,1,0,10,0,1,2,12.430080795525171,549.1304347826087,4,2,2025,1
13146.0,203,1258,21000.0,7,Birthday,4,0.0,0.0,300,500,0,2,10,0,1,1,16.679904686258936,64.44117647058823,7,3,2025,2
431.0,229,3480,26000.0,2,Birthday,2,0.0,0.0,300,500,0,2,10,0,1,0,7.469118069520253,1.873913043478261,3,1,2022,1
11693.0,298,962,21000.0,10,Corporate Event,5,0.0,0.0,300,500,1,0,10,0,1,0,21.806853582554517,39.10702341137124,11,4,2024,3
14421.0,229,3480,13000.0,10,Corporate Event,2,0.0,0.0,300,500,1,0,10,0,1,1,3.7345590347601263,62.7,10,4,2024,3
105400.0,202,1983,24000.0,2,Corporate Event,2,0.0,0.0,300,500,1,2,10,0,1,1,12.096774193548388,519.2118226600985,11,4,2022,3
2066.0,203,1258,15000.0,14,Birthday,4,0.0,0.0,300,500,0,1,10,0,1,1,11.914217633042098,10.127450980392156,11,4,2022,3
3340.0,176,3661,20000.0,2,Wedding,5,0.0,0.0,300,500,2,2,10,0,1,0,5.461496450027307,18.870056497175142,12,4,2022,0
6169.0,298,962,17000.0,14,Birthday,4,0.0,0.0,300,500,0,1,10,0,1,0,17.653167185877468,20.632107023411372,11,4,2025,3
9685.0,249,22215,21000.0,10,Wedding,2,0.0,0.0,300,500,2,0,10,0,1,1,0.9452646741087505,38.74,6,2,2025,2
970.0,202,1983,25000.0,10,Birthday,2,0.0,0.0,300,500,0,0,10,0,1,2,12.600806451612904,4.778325123152709,8,3,2025,2
9108.0,239,4101,15000.0,2,Wedding,5,0.0,0.0,300,500,2,2,10,0,1,2,3.6567528035104826,37.95,7,3,2023,2
348.0,126,4896,17000.0,14,Birthday,3,0.0,0.0,300,500,0,1,10,0,1,0,3.471513171329385,2.7401574803149606,3,1,2023,1
1922.0,249,22215,15000.0,14,Wedding,2,0.0,0.0,300,500,2,1,10,0,1,2,0.6751890529348218,7.688,2,1,2022,0
5307.0,252,1608,17000.0,7,Wedding,1,0.0,0.0,300,500,2,2,10,0,1,0,10.565568676196396,20.976284584980238,1,1,2024,0
4649.0,249,22215,13000.0,2,Corporate Event,5,0.0,0.0,300,500,1,2,10,0,1,2,0.5851638458768456,18.596,11,4,2025,3
4263.0,176,3661,12000.0,2,Birthday,2,0.0,0.0,300,500,0,2,10,0,1,2,3.2768978700163847,24.084745762711865,4,2,2025,1
9169.0,155,66,15000.0,2,Wedding,3,0.0,0.0,300,500,2,2,10,0,1,1,223.88059701492537,58.77564102564103,5,2,2022,1
8026.0,203,1258,25000.0,2,Birthday,2,0.0,0.0,300,500,0,2,10,0,1,2,19.857029388403493,39.34313725490196,6,2,2022,2
3330.0,155,66,20000.0,10,Wedding,1,0.0,0.0,300,500,2,0,10,0,1,0,298.5074626865672,21.346153846153847,12,4,2025,0
9135.0,203,1258,26000.0,2,Birthday,2,0.0,0.0,300,500,0,2,10,0,1,1,20.651310563939635,44.779411764705884,7,3,2022,2
11236.0,42,3577,26000.0,2,Wedding,3,0.0,0.0,300,500,2,2,10,0,1,0,7.266629401900503,261.30232558139534,8,3,2023,2
11183.0,298,962,19000.0,14,Corporate Event,5,0.0,0.0,300,500,1,1,10,0,1,0,19.73001038421599,37.40133779264214,12,4,2024,0
147520.0,229,3480,25000.0,2,Corporate Event,5,0.0,0.0,300,500,1,2,10,0,1,2,7.181844297615628,641.3913043478261,4,2,2025,1
5729.0,229,3480,19000.0,7,Wedding,2,0.0,0.0,300,500,2,2,10,0,1,0,5.458201666187877,24.908695652173915,4,2,2022,1
7076.0,249,22215,19000.0,2,Corporate Event,4,0.0,0.0,300,500,1,2,10,0,1,2,0.8552394670507742,28.304,3,1,2025,1
12825.0,229,3480,23000.0,14,Wedding,3,0.0,0.0,300,500,2,1,10,0,1,0,6.607296753806377,55.76086956521739,11,4,2023,3
8847.0,176,3661,13000.0,14,Corporate Event,2,0.0,0.0,300,500,1,1,10,0,1,0,3.5499726925177497,49.983050847457626,10,4,2023,3
1921.0,203,1258,17000.0,14,Birthday,3,0.0,0.0,300,500,0,1,10,0,1,2,13.502779984114376,9.416666666666666,5,2,2022,1
557.0,203,1417,13000.0,2,Corporate Event,2,0.0,0.0,300,500,1,2,10,0,1,2,9.16784203102962,2.730392156862745,10,4,2023,3
4477.0,298,962,15000.0,14,Wedding,5,0.0,0.0,300,500,2,1,10,0,1,2,15.576323987538942,14.97324414715719,5,2,2025,1
6389.0,298,962,22000.0,14,Wedding,4,0.0,0.0,300,500,2,1,10,0,1,0,22.84527518172378,21.367892976588628,8,3,2022,2
105790.0,42,3577,20000.0,7,Corporate Event,4,0.0,0.0,300,500,1,2,10,0,1,1,5.589714924538849,2460.232558139535,6,2,2024,2
6820.0,126,4896,19000.0,2,Wedding,2,0.0,0.0,300,500,2,2,10,0,1,2,3.8799264856034306,53.7007874015748,4,2,2024,1
10869.0,176,3661,24000.0,14,Corporate Event,3,0.0,0.0,300,500,1,1,10,0,1,1,6.553795740032769,61.40677966101695,8,3,2022,2
5380.0,202,1983,13000.0,2,Corporate Event,5,0.0,0.0,300,500,1,2,10,0,1,0,6.55241935483871,26.502463054187192,6,2,2025,2
11222.0,298,962,23000.0,10,Corporate Event,4,0.0,0.0,300,500,1,0,10,0,1,1,23.883696780893043,37.531772575250834,8,3,2025,2
13610.0,252,1608,13000.0,7,Birthday,3,0.0,0.0,300,500,0,2,10,0,1,2,8.079552517091361,53.794466403162055,5,2,2025,1
14757.0,42,3577,20000.0,7,Wedding,2,0.0,0.0,300,500,2,2,10,0,1,0,5.589714924538849,343.1860465116279,3,1,2022,1
10318.0,155,66,26000.0,7,Birthday,3,0.0,0.0,300,500,0,2,10,0,1,1,388.05970149253733,66.14102564102564,2,1,2025,0
2794.0,203,1417,25000.0,2,Birthday,5,0.0,0.0,300,500,0,2,10,0,1,0,17.63046544428773,13.696078431372548,3,1,2024,1
5566.0,203,1258,17000.0,7,Birthday,5,0.0,0.0,300,500,0,2,10,0,1,1,13.502779984114376,27.284313725490197,2,1,2025,0
4967.0,202,1983,24000.0,2,Birthday,3,0.0,0.0,300,500,0,2,10,0,1,0,12.096774193548388,24.467980295566502,8,3,2025,2
1929.0,203,1258,19000.0,2,Wedding,4,0.0,0.0,300,500,2,2,10,0,1,1,15.091342335186656,9.455882352941176,2,1,2025,0
9247.0,202,1983,24000.0,7,Corporate Event,2,0.0,0.0,300,500,1,2,10,0,1,0,12.096774193548388,45.55172413793103,7,3,2025,2
13188.0,203,1417,13000.0,14,Wedding,3,0.0,0.0,300,500,2,1,10,0,1,2,9.16784203102962,64.6470588235294,8,3,2023,2
10434.0,176,3661,24000.0,2,Birthday,3,0.0,0.0,300,500,0,2,10,0,1,0,6.553795740032769,58.94915254237288,5,2,2025,1
2654.0,155,66,21000.0,14,Wedding,3,0.0,0.0,300,500,2,1,10,0,1,0,313.43283582089555,17.012820512820515,7,3,2023,2
13944.0,126,4896,12000.0,14,Corporate Event,1,0.0,0.0,300,500,1,1,10,0,1,0,2.450479885644272,109.79527559055119,2,1,2024,0
2184.0,203,1417,20000.0,2,Wedding,4,0.0,0.0,300,500,2,2,10,0,1,2,14.104372355430183,10.705882352941176,4,2,2023,1
3555.0,252,1608,12000.0,7,Wedding,2,0.0,0.0,300,500,2,2,10,0,1,2,7.458048477315103,14.051383399209486,12,4,2025,0
2429.0,42,3577,17000.0,7,Corporate Event,1,0.0,0.0,300,500,1,2,10,0,1,1,4.751257685858021,56.48837209302326,1,1,2022,0
14271.0,202,1983,22000.0,10,Corporate Event,5,0.0,0.0,300,500,1,0,10,0,1,0,11.088709677419354,70.30049261083744,10,4,2024,3
2973.0,203,1417,19000.0,7,Corporate Event,3,0.0,0.0,300,500,1,2,10,0,1,1,13.399153737658674,14.573529411764707,2,1,2025,0
747.0,126,4896,19000.0,10,Wedding,3,0.0,0.0,300,500,2,0,10,0,1,0,3.8799264856034306,5.881889763779528,8,3,2023,2
10408.0,239,4101,21000.0,10,Birthday,2,0.0,0.0,300,500,0,0,10,0,1,0,5.1194539249146755,43.36666666666667,5,2,2025,1
7560.0,42,3577,12000.0,2,Wedding,1,0.0,0.0,300,500,2,2,10,0,1,2,3.3538289547233093,175.8139534883721,6,2,2025,2
2157.0,252,1608,17000.0,7,Birthday,5,0.0,0.0,300,500,0,2,10,0,1,1,10.565568676196396,8.525691699604742,11,4,2024,3
11444.0,126,4896,17000.0,14,Birthday,5,0.0,0.0,300,500,0,1,10,0,1,2,3.471513171329385,90.11023622047244,1,1,2022,0
3397.0,176,3661,21000.0,10,Birthday,4,0.0,0.0,300,500,0,0,10,0,1,2,5.734571272528673,19.192090395480225,1,1,2022,0
3508.0,249,22215,22000.0,10,Corporate Event,2,0.0,0.0,300,500,1,0,10,0,1,1,0.9902772776377385,14.032,3,1,2024,1
10571.0,202,1983,20000.0,2,Wedding,3,0.0,0.0,300,500,2,2,10,0,1,0,10.080645161290322,52.073891625615765,3,1,2025,1
9655.0,252,1608,15000.0,10,Birthday,2,0.0,0.0,300,500,0,0,10,0,1,2,9.322560596643878,38.16205533596838,7,3,2024,2
9409.0,252,1608,19000.0,10,Birthday,5,0.0,0.0,300,500,0,0,10,0,1,1,11.808576755748913,37.1897233201581,10,4,2024,3
3581.0,155,66,21000.0,10,Wedding,5,0.0,0.0,300,500,2,0,10,0,1,0,313.43283582089555,22.955128205128204,6,2,2025,2
11787.0,298,962,21000.0,14,Wedding,5,0.0,0.0,300,500,2,1,10,0,1,2,21.806853582554517,39.42140468227425,4,2,2024,1
6618.0,298,962,23000.0,10,Birthday,1,0.0,0.0,300,500,0,0,10,0,1,2,23.883696780893043,22.13377926421405,1,1,2023,0
12723.0,126,4896,25000.0,2,Wedding,1,0.0,0.0,300,500,2,2,10,0,1,1,5.105166428425567,100.18110236220473,11,4,2022,3
5240.0,249,22215,20000.0,7,Wedding,2,0.0,0.0,300,500,2,2,10,0,1,0,0.9002520705797623,20.96,5,2,2023,1
9435.0,229,3480,25000.0,2,Birthday,5,0.0,0.0,300,500,0,2,10,0,1,0,7.181844297615628,41.02173913043478,1,1,2023,0
6895.0,176,3661,24000.0,7,Birthday,5,0.0,0.0,300,500,0,2,10,0,1,1,6.553795740032769,38.954802259887,12,4,2023,0
2490.0,203,1417,25000.0,2,Wedding,1,0.0,0.0,300,500,2,2,10,0,1,0,17.63046544428773,12.205882352941176,7,3,2024,2
9762.0,249,22215,13000.0,10,Corporate Event,3,0.0,0.0,300,500,1,0,10,0,1,2,0.5851638458768456,39.048,2,1,2024,0
12817.0,202,1983,21000.0,10,Birthday,4,0.0,0.0,300,500,0,0,10,0,1,1,10.584677419354838,63.13793103448276,2,1,2024,0
3212.0,155,66,19000.0,7,Wedding,3,0.0,0.0,300,500,2,2,10,0,1,0,283.5820895522388,20.58974358974359,1,1,2025,0
7322.0,203,1258,24000.0,10,Corporate Event,3,0.0,0.0,300,500,1,0,10,0,1,1,19.062748212867355,35.8921568627451,3,1,2025,1
13457.0,229,3480,25000.0,2,Birthday,4,0.0,0.0,300,500,0,2,10,0,1,0,7.181844297615628,58.50869565217391,8,3,2025,2
8226.0,249,22215,24000.0,2,Corporate Event,1,0.0,0.0,300,500,1,2,10,0,1,2,1.0803024846957148,32.904,4,2,2023,1
976.0,229,3480,25000.0,14,Birthday,4,0.0,0.0,300,500,0,1,10,0,1,1,7.181844297615628,4.243478260869566,3,1,2025,1
7101.0,203,1417,26000.0,2,Wedding,2,0.0,0.0,300,500,2,2,10,0,1,2,18.33568406205924,34.80882352941177,6,2,2024,2
2520.0,202,1983,12000.0,14,Wedding,4,0.0,0.0,300,500,2,1,10,0,1,1,6.048387096774194,12.413793103448276,7,3,2025,2
14066.0,202,1983,13000.0,10,Corporate Event,5,0.0,0.0,300,500,1,0,10,0,1,1,6.55241935483871,69.29064039408867,2,1,2023,0
11046.0,298,962,20000.0,14,Corporate Event,1,0.0,0.0,300,500,1,1,10,0,1,1,20.768431983385256,36.94314381270903,7,3,2024,2
3600.0,203,1417,17000.0,10,Wedding,3,0.0,0.0,300,500,2,0,10,0,1,0,11.988716502115656,17.647058823529413,2,1,2023,0
13184.0,155,66,13000.0,10,Birthday,2,0.0,0.0,300,500,0,0,10,0,1,1,194.02985074626866,84.51282051282051,4,2,2022,1
764.0,155,66,26000.0,14,Corporate Event,2,0.0,0.0,300,500,1,1,10,0,1,0,388.05970149253733,4.897435897435898,10,4,2023,3
4838.0,203,1417,21000.0,7,Birthday,3,0.0,0.0,300,500,0,2,10,0,1,2,14.809590973201692,23.715686274509803,7,3,2022,2
2643.0,176,3661,15000.0,2,Corporate Event,5,0.0,0.0,300,500,1,2,10,0,1,1,4.09612233752048,14.932203389830509,3,1,2024,1
9648.0,202,1983,12000.0,14,Corporate Event,5,0.0,0.0,300,500,1,1,10,0,1,0,6.048387096774194,47.52709359605911,2,1,2023,0
581.0,239,4101,26000.0,14,Birthday,5,0.0,0.0,300,500,0,1,10,0,1,1,6.338371526084837,2.4208333333333334,6,2,2025,2
5925.0,252,1608,19000.0,10,Corporate Event,3,0.0,0.0,300,500,1,0,10,0,1,2,11.808576755748913,23.41897233201581,2,1,2025,0
8360.0,202,1983,17000.0,10,Wedding,5,0.0,0.0,300,500,2,0,10,0,1,1,8.568548387096774,41.18226600985221,5,2,2024,1
13232.0,252,1608,13000.0,14,Birthday,4,0.0,0.0,300,500,0,1,10,0,1,2,8.079552517091361,52.30039525691699,1,1,2022,0
11105.0,249,22215,25000.0,7,Corporate Event,1,0.0,0.0,300,500,1,2,10,0,1,1,1.125315088224703,44.42,11,4,2024,3
4691.0,176,3661,22000.0,2,Corporate Event,1,0.0,0.0,300,500,1,2,10,0,1,1,6.007646095030038,26.502824858757062,9,3,2023,3
11701.0,298,962,15000.0,2,Birthday,1,0.0,0.0,300,500,0,2,10,0,1,1,15.576323987538942,39.13377926421405,10,4,2024,3
1878.0,155,66,20000.0,2,Corporate Event,4,0.0,0.0,300,500,1,2,10,0,1,2,298.5074626865672,12.038461538461538,10,4,2024,3
7400.0,252,1608,12000.0,10,Corporate Event,5,0.0,0.0,300,500,1,0,10,0,1,0,7.458048477315103,29.24901185770751,3,1,2022,1
11693.0,239,4101,22000.0,2,Corporate Event,4,0.0,0.0,300,500,1,2,10,0,1,1,5.363237445148708,48.72083333333333,6,2,2025,2
8259.0,203,1417,23000.0,14,Corporate Event,1,0.0,0.0,300,500,1,1,10,0,1,1,16.22002820874471,40.48529411764706,3,1,2022,1
2706.0,239,4101,22000.0,2,Birthday,5,0.0,0.0,300,500,0,2,10,0,1,0,5.363237445148708,11.275,7,3,2024,2
133210.0,239,4101,21000.0,7,Birthday,4,0.0,0.0,300,500,0,2,10,0,1,0,5.1194539249146755,555.0416666666666,3,1,2022,1
3848.0,249,22215,24000.0,10,Corporate Event,5,0.0,0.0,300,500,1,0,10,0,1,1,1.0803024846957148,15.392,10,4,2022,3
3438.0,176,3661,23000.0,10,Corporate Event,1,0.0,0.0,300,500,1,0,10,0,1,2,6.280720917531403,19.423728813559322,1,1,2022,0
9724.0,203,1258,19000.0,2,Birthday,4,0.0,0.0,300,500,0,2,10,0,1,2,15.091342335186656,47.666666666666664,7,3,2025,2
555.0,239,4101,13000.0,7,Corporate Event,2,0.0,0.0,300,500,1,2,10,0,1,1,3.1691857630424183,2.3125,6,2,2024,2
9759.0,203,1417,21000.0,10,Corporate Event,1,0.0,0.0,300,500,1,0,10,0,1,2,14.809590973201692,47.838235294117645,1,1,2022,0
4316.0,203,1417,26000.0,14,Birthday,2,0.0,0.0,300,500,0,1,10,0,1,2,18.33568406205924,21.15686274509804,3,1,2025,1
14576.0,252,1608,19000.0,2,Birthday,3,0.0,0.0,300,500,0,2,10,0,1,2,11.808576755748913,57.612648221343875,5,2,2023,1
5536.0,249,22215,25000.0,7,Corporate Event,4,0.0,0.0,300,500,1,2,10,0,1,2,1.125315088224703,22.144,12,4,2025,0
14979.0,239,4101,19000.0,7,Wedding,4,0.0,0.0,300,500,2,2,10,0,1,1,4.631886884446612,62.4125,9,3,2025,3
13032.0,298,962,21000.0,10,Corporate Event,2,0.0,0.0,300,500,1,0,10,0,1,1,21.806853582554517,43.585284280936456,1,1,2023,0
12064.0,239,4101,13000.0,14,Corporate Event,2,0.0,0.0,300,500,1,1,10,0,1,1,3.1691857630424183,50.266666666666666,4,2,2022,1
9745.0,203,1417,15000.0,14,Corporate Event,5,0.0,0.0,300,500,1,1,10,0,1,0,10.578279266572638,47.76960784313726,2,1,2023,0
11578.0,42,3577,20000.0,7,Wedding,5,0.0,0.0,300,500,2,2,10,0,1,0,5.589714924538849,269.25581395348837,2,1,2024,0
12931.0,298,962,15000.0,10,Wedding,5,0.0,0.0,300,500,2,0,10,0,1,2,15.576323987538942,43.247491638795985,4,2,2024,1
14623.0,155,66,19000.0,14,Birthday,4,0.0,0.0,300,500,0,1,10,0,1,0,283.5820895522388,93.73717948717949,9,3,2023,3
9201.0,126,4896,21000.0,2,Wedding,3,0.0,0.0,300,500,2,2,10,0,1,0,4.288339799877476,72.44881889763779,5,2,2022,1
10376.0,229,3480,22000.0,10,Corporate Event,1,0.0,0.0,300,500,1,0,10,0,1,1,6.320022981901753,45.11304347826087,8,3,2023,2
2358.0,202,1983,19000.0,14,Corporate Event,4,0.0,0.0,300,500,1,1,10,0,1,0,9.576612903225806,11.61576354679803,6,2,2023,2
2842.0,203,1417,24000.0,10,Corporate Event,5,0.0,0.0,300,500,1,0,10,0,1,0,16.92524682651622,13.931372549019608,5,2,2023,1
4380.0,203,1258,12000.0,14,Wedding,4,0.0,0.0,300,500,2,1,10,0,1,2,9.531374106433677,21.470588235294116,9,3,2022,3
755.0,252,1608,12000.0,2,Birthday,5,0.0,0.0,300,500,0,2,10,0,1,2,7.458048477315103,2.984189723320158,1,1,2022,0
5094.0,176,3661,25000.0,10,Birthday,3,0.0,0.0,300,500,0,0,10,0,1,0,6.826870562534134,28.779661016949152,10,4,2024,3
4970.0,126,4896,21000.0,2,Wedding,5,0.0,0.0,300,500,2,2,10,0,1,1,4.288339799877476,39.13385826771653,3,1,2022,1
12038.0,176,3661,17000.0,10,Birthday,4,0.0,0.0,300,500,0,0,10,0,1,2,4.642271982523211,68.01129943502825,7,3,2025,2
13941.0,249,22215,26000.0,10,Birthday,2,0.0,0.0,300,500,0,0,10,0,1,2,1.1703276917536911,55.764,7,3,2022,2
8483.0,42,3577,21000.0,2,Wedding,3,0.0,0.0,300,500,2,2,10,0,1,1,5.869200670765791,197.27906976744185,7,3,2024,2
3889.0,298,962,22000.0,2,Corporate Event,4,0.0,0.0,300,500,1,2,10,0,1,1,22.84527518172378,13.006688963210703,10,4,2022,3
7402.0,239,4101,21000.0,14,Corporate Event,2,0.0,0.0,300,500,1,1,10,0,1,2,5.1194539249146755,30.841666666666665,2,1,2022,0
7692.0,203,1417,26000.0,10,Wedding,3,0.0,0.0,300,500,2,0,10,0,1,1,18.33568406205924,37.705882352941174,11,4,2022,3
1527.0,229,3480,13000.0,7,Birthday,4,0.0,0.0,300,500,0,2,10,0,1,2,3.7345590347601263,6.639130434782609,6,2,2024,2
8008.0,298,962,20000.0,10,Corporate Event,2,0.0,0.0,300,500,1,0,10,0,1,0,20.768431983385256,26.782608695652176,11,4,2024,3
5353.0,202,1983,20000.0,10,Birthday,1,0.0,0.0,300,500,0,0,10,0,1,0,10.080645161290322,26.36945812807882,6,2,2022,2
6923.0,42,3577,17000.0,14,Wedding,3,0.0,0.0,300,500,2,1,10,0,1,1,4.751257685858021,161.0,3,1,2025,1
3137.0,252,1608,12000.0,14,Wedding,5,0.0,0.0,300,500,2,1,10,0,1,0,7.458048477315103,12.399209486166008,3,1,2022,1
2034.0,203,1417,24000.0,14,Corporate Event,3,0.0,0.0,300,500,1,1,10,0,1,2,16.92524682651622,9.970588235294118,7,3,2022,2
1851.0,239,4101,23000.0,10,Birthday,2,0.0,0.0,300,500,0,0,10,0,1,1,5.60702096538274,7.7125,4,2,2022,1
68120.0,252,1608,25000.0,10,Corporate Event,1,0.0,0.0,300,500,1,0,10,0,1,0,15.537600994406464,269.2490118577075,9,3,2022,3
3497.0,203,1258,25000.0,10,Birthday,4,0.0,0.0,300,500,0,0,10,0,1,1,19.857029388403493,17.142156862745097,11,4,2025,3
8421.0,298,962,23000.0,10,Wedding,4,0.0,0.0,300,500,2,0,10,0,1,2,23.883696780893043,28.163879598662206,2,1,2023,0
6604.0,42,3577,12000.0,7,Birthday,5,0.0,0.0,300,500,0,2,10,0,1,2,3.3538289547233093,153.58139534883722,3,1,2025,1
1830.0,42,3577,24000.0,2,Corporate Event,1,0.0,0.0,300,500,1,2,10,0,1,0,6.707657909446619,42.55813953488372,10,4,2023,3
9243.0,42,3577,21000.0,0,Wedding,2,0.0,0.0,300,500,2,0,13,0,1,1,5.869200670765791,214.95348837209303,3,1,2023,1
13553.0,239,4101,23000.0,5,Birthday,2,0.0,0.0,300,500,0,2,13,0,1,1,5.60702096538274,56.47083333333333,1,1,2022,0
2734.0,298,962,22000.0,16,Wedding,3,0.0,0.0,300,500,2,2,13,0,1,1,22.84527518172378,9.143812709030101,1,1,2022,0
5960.0,203,1417,24000.0,5,Wedding,2,0.0,0.0,300,500,2,2,13,0,1,1,16.92524682651622,29.215686274509803,10,4,2022,3
14912.0,202,1983,23000.0,5,Wedding,5,0.0,0.0,300,500,2,2,13,0,1,2,11.59274193548387,73.45812807881774,8,3,2023,2
14130.0,298,962,25000.0,5,Birthday,2,0.0,0.0,300,500,0,2,13,0,1,1,25.96053997923157,47.25752508361204,3,1,2025,1
2607.0,229,3480,26000.0,9,Wedding,2,0.0,0.0,300,500,2,1,13,0,1,2,7.469118069520253,11.334782608695653,2,1,2025,0
13964.0,203,1258,22000.0,16,Corporate Event,5,0.0,0.0,300,500,1,2,13,0,1,0,17.474185861795075,68.45098039215686,11,4,2023,3
798.0,126,4896,24000.0,5,Wedding,1,0.0,0.0,300,500,2,2,13,0,1,2,4.900959771288544,6.283464566929134,5,2,2022,1
9409.0,203,1417,24000.0,0,Corporate Event,5,0.0,0.0,300,500,1,0,13,0,1,2,16.92524682651622,46.122549019607845,10,4,2023,3
7856.0,42,3577,15000.0,5,Birthday,1,0.0,0.0,300,500,0,2,13,0,1,1,4.192286193404136,182.69767441860466,5,2,2025,1
13029.0,229,3480,13000.0,0,Birthday,4,0.0,0.0,300,500,0,0,13,0,1,0,3.7345590347601263,56.64782608695652,7,3,2023,2
8333.0,298,962,21000.0,0,Wedding,4,0.0,0.0,300,500,2,0,13,0,1,0,21.806853582554517,27.869565217391305,4,2,2023,1
1421.0,239,4101,23000.0,9,Wedding,5,0.0,0.0,300,500,2,1,13,0,1,1,5.60702096538274,5.920833333333333,2,1,2023,0
3871.0,203,1417,20000.0,0,Corporate Event,3,0.0,0.0,300,500,1,0,13,0,1,2,14.104372355430183,18.975490196078432,11,4,2022,3
14364.0,203,1258,26000.0,0,Birthday,3,0.0,0.0,300,500,0,0,13,0,1,0,20.651310563939635,70.41176470588235,4,2,2023,1
13772.0,229,3480,12000.0,16,Wedding,2,0.0,0.0,300,500,2,2,13,0,1,0,3.4472852628555013,59.87826086956522,7,3,2025,2
3391.0,229,3480,17000.0,0,Corporate Event,3,0.0,0.0,300,500,1,0,13,0,1,2,4.883654122378627,14.743478260869566,6,2,2025,2
4767.0,42,3577,17000.0,0,Corporate Event,2,0.0,0.0,300,500,1,0,13,0,1,2,4.751257685858021,110.86046511627907,11,4,2025,3
107460.0,229,3480,19000.0,0,Wedding,5,0.0,0.0,300,500,2,0,13,0,1,1,5.458201666187877,467.2173913043478,4,2,2022,1
6688.0,252,1608,15000.0,9,Corporate Event,4,0.0,0.0,300,500,1,1,13,0,1,2,9.322560596643878,26.434782608695652,8,3,2023,2
4538.0,203,1417,19000.0,9,Wedding,2,0.0,0.0,300,500,2,1,13,0,1,0,13.399153737658674,22.245098039215687,10,4,2023,3
5374.0,155,66,24000.0,9,Birthday,1,0.0,0.0,300,500,0,1,13,0,1,0,358.2089552238806,34.44871794871795,1,1,2024,0
9770.0,252,1608,26000.0,16,Wedding,4,0.0,0.0,300,500,2,2,13,0,1,1,16.159105034182723,38.616600790513836,5,2,2022,1
14921.0,202,1983,12000.0,5,Corporate Event,2,0.0,0.0,300,500,1,2,13,0,1,1,6.048387096774194,73.50246305418719,3,1,2024,1
3266.0,202,1983,15000.0,0,Corporate Event,3,0.0,0.0,300,500,1,0,13,0,1,1,7.560483870967742,16.088669950738915,2,1,2023,0
379.0,155,66,25000.0,9,Wedding,2,0.0,0.0,300,500,2,1,13,0,1,1,373.13432835820896,2.4294871794871793,5,2,2024,1
12220.0,229,3480,23000.0,9,Corporate Event,4,0.0,0.0,300,500,1,1,13,0,1,1,6.607296753806377,53.130434782608695,4,2,2024,1
5604.0,203,1258,23000.0,5,Birthday,1,0.0,0.0,300,500,0,2,13,0,1,2,18.268467037331217,27.470588235294116,11,4,2024,3
3996.0,252,1608,26000.0,9,Corporate Event,4,0.0,0.0,300,500,1,1,13,0,1,1,16.159105034182723,15.794466403162055,7,3,2025,2
5442.0,176,3661,22000.0,9,Corporate Event,5,0.0,0.0,300,500,1,1,13,0,1,0,6.007646095030038,30.74576271186441,9,3,2024,3
1464.0,229,3480,23000.0,16,Birthday,4,0.0,0.0,300,500,0,2,13,0,1,1,6.607296753806377,6.3652173913043475,5,2,2025,1
2903.0,203,1417,26000.0,0,Wedding,3,0.0,0.0,300,500,2,0,13,0,1,2,18.33568406205924,14.230392156862745,12,4,2024,0
1386.0,155,66,15000.0,16,Corporate Event,3,0.0,0.0,300,500,1,2,13,0,1,0,223.88059701492537,8.884615384615385,3,1,2024,1
12832.0,203,1417,23000.0,0,Corporate Event,3,0.0,0.0,300,500,1,0,13,0,1,2,16.22002820874471,62.90196078431372,2,1,2022,0
13735.0,176,3661,24000.0,5,Wedding,4,0.0,0.0,300,500,2,2,13,0,1,1,6.553795740032769,77.59887005649718,11,4,2023,3
12987.0,298,962,26000.0,9,Birthday,3,0.0,0.0,300,500,0,1,13,0,1,0,26.99896157840083,43.43478260869565,6,2,2024,2
4315.0,249,22215,23000.0,16,Birthday,5,0.0,0.0,300,500,0,2,13,0,1,0,1.0352898811667266,17.26,3,1,2022,1
8861.0,298,962,23000.0,0,Corporate Event,4,0.0,0.0,300,500,1,0,13,0,1,2,23.883696780893043,29.63545150501672,10,4,2025,3
1039.0,249,22215,19000.0,0,Corporate Event,2,0.0,0.0,300,500,1,0,13,0,1,2,0.8552394670507742,4.156,10,4,2023,3
10540.0,298,962,25000.0,9,Wedding,1,0.0,0.0,300,500,2,1,13,0,1,2,25.96053997923157,35.25083612040134,12,4,2025,0
4707.0,176,3661,26000.0,0,Birthday,1,0.0,0.0,300,500,0,0,13,0,1,2,7.099945385035499,26.593220338983052,3,1,2023,1
10963.0,203,1417,23000.0,9,Wedding,2,0.0,0.0,300,500,2,1,13,0,1,1,16.22002820874471,53.740196078431374,12,4,2022,0
13503.0,203,1417,23000.0,16,Wedding,2,0.0,0.0,300,500,2,2,13,0,1,1,16.22002820874471,66.19117647058823,5,2,2022,1
9272.0,298,962,21000.0,9,Corporate Event,2,0.0,0.0,300,500,1,1,13,0,1,0,21.806853582554517,31.010033444816052,9,3,2022,3
6513.0,126,4896,15000.0,9,Birthday,3,0.0,0.0,300,500,0,1,13,0,1,0,3.06309985705534,51.28346456692913,4,2,2022,1
82020.0,176,3661,26000.0,9,Birthday,3,0.0,0.0,300,500,0,1,13,0,1,1,7.099945385035499,463.3898305084746,9,3,2023,3
3499.0,229,3480,13000.0,9,Wedding,4,0.0,0.0,300,500,2,1,13,0,1,1,3.7345590347601263,15.21304347826087,9,3,2023,3
5720.0,126,4896,24000.0,0,Wedding,2,0.0,0.0,300,500,2,0,13,0,1,0,4.900959771288544,45.039370078740156,8,3,2025,2
2732.0,203,1417,13000.0,9,Corporate Event,4,0.0,0.0,300,500,1,1,13,0,1,0,9.16784203102962,13.392156862745098,6,2,2023,2
12284.0,229,3480,20000.0,9,Wedding,2,0.0,0.0,300,500,2,1,13,0,1,2,5.745475438092502,53.40869565217391,10,4,2024,3
11624.0,252,1608,21000.0,0,Corporate Event,4,0.0,0.0,300,500,1,0,13,0,1,0,13.05158483530143,45.944664031620555,1,1,2025,0
44830.0,126,4896,22000.0,16,Wedding,4,0.0,0.0,300,500,2,2,13,0,1,0,4.492546457014499,352.99212598425197,9,3,2023,3
5001.0,155,66,12000.0,16,Wedding,4,0.0,0.0,300,500,2,2,13,0,1,0,179.1044776119403,32.05769230769231,2,1,2025,0
5750.0,252,1608,23000.0,16,Birthday,3,0.0,0.0,300,500,0,2,13,0,1,1,14.294592914853947,22.727272727272727,11,4,2025,3
5928.0,249,22215,19000.0,0,Corporate Event,3,0.0,0.0,300,500,1,0,13,0,1,2,0.8552394670507742,23.712,8,3,2024,2
10351.0,203,1417,12000.0,5,Corporate Event,3,0.0,0.0,300,500,1,2,13,0,1,1,8.46262341325811,50.740196078431374,10,4,2024,3
13352.0,229,3480,17000.0,0,Birthday,5,0.0,0.0,300,500,0,0,13,0,1,0,4.883654122378627,58.052173913043475,4,2,2023,1
1980.0,249,22215,21000.0,16,Birthday,2,0.0,0.0,300,500,0,2,13,0,1,0,0.9452646741087505,7.92,2,1,2024,0
2985.0,249,22215,23000.0,5,Corporate Event,4,0.0,0.0,300,500,1,2,13,0,1,2,1.0352898811667266,11.94,1,1,2024,0
5955.0,202,1983,24000.0,9,Wedding,3,0.0,0.0,300,500,2,1,13,0,1,1,12.096774193548388,29.334975369458128,1,1,2025,0
4341.0,155,66,13000.0,0,Corporate Event,5,0.0,0.0,300,500,1,0,13,0,1,1,194.02985074626866,27.826923076923077,8,3,2022,2
2624.0,203,1258,15000.0,9,Corporate Event,1,0.0,0.0,300,500,1,1,13,0,1,2,11.914217633042098,12.862745098039216,10,4,2022,3
771.0,203,1417,20000.0,5,Wedding,3,0.0,0.0,300,500,2,2,13,0,1,2,14.104372355430183,3.7794117647058822,7,3,2025,2
1138.0,176,3661,25000.0,9,Corporate Event,1,0.0,0.0,300,500,1,1,13,0,1,0,6.826870562534134,6.429378531073446,6,2,2022,2
10052.0,203,1417,26000.0,0,Corporate Event,3,0.0,0.0,300,500,1,0,13,0,1,2,18.33568406205924,49.27450980392157,1,1,2024,0
10305.0,239,4101,12000.0,16,Corporate Event,3,0.0,0.0,300,500,1,2,13,0,1,2,2.9254022428083863,42.9375,1,1,2024,0
1382.0,203,1417,23000.0,9,Birthday,1,0.0,0.0,300,500,0,1,13,0,1,0,16.22002820874471,6.7745098039215685,11,4,2023,3
5040.0,298,962,23000.0,5,Corporate Event,2,0.0,0.0,300,500,1,2,13,0,1,1,23.883696780893043,16.8561872909699,11,4,2025,3
4022.0,239,4101,22000.0,16,Birthday,4,0.0,0.0,300,500,0,2,13,0,1,0,5.363237445148708,16.758333333333333,1,1,2024,0
2277.0,176,3661,21000.0,0,Birthday,5,0.0,0.0,300,500,0,0,13,0,1,2,5.734571272528673,12.864406779661017,4,2,2024,1
8812.0,126,4896,22000.0,0,Birthday,1,0.0,0.0,300,500,0,0,13,0,1,2,4.492546457014499,69.38582677165354,8,3,2025,2
3632.0,252,1608,15000.0,9,Wedding,2,0.0,0.0,300,500,2,1,13,0,1,0,9.322560596643878,14.355731225296443,10,4,2025,3
12674.0,42,3577,24000.0,9,Birthday,3,0.0,0.0,300,500,0,1,13,0,1,0,6.707657909446619,294.74418604651163,2,1,2022,0
7223.0,239,4101,25000.0,9,Birthday,5,0.0,0.0,300,500,0,1,13,0,1,2,6.094588005850804,30.095833333333335,4,2,2023,1
400.0,42,3577,15000.0,9,Birthday,3,0.0,0.0,300,500,0,1,13,0,1,0,4.192286193404136,9.30232558139535,6,2,2024,2
12749.0,155,66,17000.0,0,Birthday,4,0.0,0.0,300,500,0,0,13,0,1,0,253.73134328358208,81.72435897435898,4,2,2024,1
14121.0,126,4896,13000.0,16,Corporate Event,2,0.0,0.0,300,500,1,2,13,0,1,0,2.6546865427812945,111.18897637795276,6,2,2025,2
12709.0,126,4896,23000.0,5,Corporate Event,4,0.0,0.0,300,500,1,2,13,0,1,1,4.696753114151521,100.07086614173228,7,3,2023,2
13333.0,176,3661,12000.0,9,Birthday,1,0.0,0.0,300,500,0,1,13,0,1,0,3.2768978700163847,75.32768361581921,11,4,2025,3
9469.0,229,3480,25000.0,5,Birthday,3,0.0,0.0,300,500,0,2,13,0,1,1,7.181844297615628,41.1695652173913,5,2,2025,1
4921.0,249,22215,26000.0,0,Wedding,1,0.0,0.0,300,500,2,0,13,0,1,1,1.1703276917536911,19.684,9,3,2025,3
8991.0,229,3480,21000.0,16,Wedding,2,0.0,0.0,300,500,2,2,13,0,1,0,6.032749209997127,39.09130434782609,9,3,2024,3
12552.0,239,4101,12000.0,0,Wedding,1,0.0,0.0,300,500,2,0,13,0,1,1,2.9254022428083863,52.3,5,2,2025,1
3650.0,239,4101,17000.0,16,Wedding,4,0.0,0.0,300,500,2,2,13,0,1,0,4.144319843978547,15.208333333333334,1,1,2022,0
5635.0,42,3577,25000.0,16,Wedding,3,0.0,0.0,300,500,2,2,13,0,1,0,6.98714365567356,131.04651162790697,9,3,2024,3
6681.0,176,3661,24000.0,5,Wedding,3,0.0,0.0,300,500,2,2,13,0,1,0,6.553795740032769,37.74576271186441,12,4,2022,0
3709.0,229,3480,15000.0,9,Wedding,5,0.0,0.0,300,500,2,1,13,0,1,2,4.309106578569376,16.12608695652174,11,4,2023,3
3801.0,202,1983,15000.0,16,Wedding,2,0.0,0.0,300,500,2,2,13,0,1,1,7.560483870967742,18.724137931034484,8,3,2023,2
9695.0,252,1608,12000.0,0,Birthday,3,0.0,0.0,300,500,0,0,13,0,1,2,7.458048477315103,38.3201581027668,4,2,2024,1
7761.0,176,3661,13000.0,0,Birthday,2,0.0,0.0,300,500,0,0,13,0,1,1,3.5499726925177497,43.847457627118644,6,2,2023,2
12426.0,126,4896,21000.0,5,Birthday,1,0.0,0.0,300,500,0,2,13,0,1,0,4.288339799877476,97.84251968503936,9,3,2025,3
4811.0,239,4101,25000.0,5,Wedding,1,0.0,0.0,300,500,2,2,13,0,1,1,6.094588005850804,20.045833333333334,9,3,2022,3
13290.0,202,1983,23000.0,5,Wedding,5,0.0,0.0,300,500,2,2,13,0,1,1,11.59274193548387,65.4679802955665,10,4,2024,3
12065.0,298,962,12000.0,16,Wedding,5,0.0,0.0,300,500,2,2,13,0,1,2,12.461059190031152,40.35117056856188,12,4,2025,0
6476.0,249,22215,20000.0,0,Birthday,5,0.0,0.0,300,500,0,0,13,0,1,0,0.9002520705797623,25.904,6,2,2023,2
14155.0,126,4896,12000.0,5,Corporate Event,3,0.0,0.0,300,500,1,2,13,0,1,1,2.450479885644272,111.45669291338582,11,4,2022,3
4090.0,298,962,20000.0,16,Wedding,2,0.0,0.0,300,500,2,2,13,0,1,0,20.768431983385256,13.678929765886288,8,3,2022,2
13978.0,298,962,17000.0,5,Corporate Event,5,0.0,0.0,300,500,1,2,13,0,1,1,17.653167185877468,46.74916387959866,1,1,2022,0
1920.0,239,4101,22000.0,5,Wedding,4,0.0,0.0,300,500,2,2,13,0,1,0,5.363237445148708,8.0,6,2,2025,2
8696.0,126,4896,12000.0,5,Birthday,3,0.0,0.0,300,500,0,2,13,0,1,2,2.450479885644272,68.4724409448819,6,2,2022,2
12971.0,202,1983,17000.0,5,Birthday,4,0.0,0.0,300,500,0,2,13,0,1,0,8.568548387096774,63.89655172413793,4,2,2023,1
10057.0,176,3661,19000.0,0,Wedding,5,0.0,0.0,300,500,2,0,13,0,1,1,5.188421627525942,56.81920903954802,8,3,2022,2
5213.0,203,1258,22000.0,16,Corporate Event,1,0.0,0.0,300,500,1,2,13,0,1,0,17.474185861795075,25.55392156862745,1,1,2025,0
9299.0,252,1608,24000.0,16,Wedding,2,0.0,0.0,300,500,2,2,13,0,1,0,14.916096954630206,36.75494071146245,4,2,2024,1
14343.0,203,1417,21000.0,9,Corporate Event,5,0.0,0.0,300,500,1,1,13,0,1,0,14.809590973201692,70.30882352941177,12,4,2022,0
10582.0,126,4896,20000.0,9,Wedding,1,0.0,0.0,300,500,2,1,13,0,1,1,4.084133142740454,83.32283464566929,4,2,2024,1
8485.0,155,66,25000.0,0,Birthday,1,0.0,0.0,300,500,0,0,13,0,1,2,373.13432835820896,54.39102564102564,3,1,2024,1
10434.0,203,1258,15000.0,9,Corporate Event,2,0.0,0.0,300,500,1,1,13,0,1,1,11.914217633042098,51.14705882352941,1,1,2023,0
14147.0,203,1417,24000.0,9,Wedding,1,0.0,0.0,300,500,2,1,13,0,1,2,16.92524682651622,69.34803921568627,2,1,2023,0
301.0,229,3480,20000.0,16,Corporate Event,3,0.0,0.0,300,500,1,2,13,0,1,1,5.745475438092502,1.308695652173913,5,2,2025,1
6743.0,298,962,23000.0,16,Wedding,5,0.0,0.0,300,500,2,2,13,0,1,2,23.883696780893043,22.551839464882942,6,2,2024,2
12218.0,176,3661,15000.0,16,Wedding,3,0.0,0.0,300,500,2,2,13,0,1,0,4.09612233752048,69.02824858757062,3,1,2024,1
9863.0,126,4896,21000.0,0,Wedding,3,0.0,0.0,300,500,2,0,13,0,1,1,4.288339799877476,77.66141732283465,7,3,2022,2
7864.0,239,4101,13000.0,0,Birthday,2,0.0,0.0,300,500,0,0,13,0,1,2,3.1691857630424183,32.766666666666666,1,1,2024,0
13418.0,203,1417,13000.0,9,Wedding,3,0.0,0.0,300,500,2,1,13,0,1,1,9.16784203102962,65.77450980392157,12,4,2022,0
10014.0,239,4101,25000.0,16,Corporate Event,2,0.0,0.0,300,500,1,2,13,0,1,2,6.094588005850804,41.725,5,2,2024,1
11915.0,203,1417,24000.0,9,Wedding,2,0.0,0.0,300,500,2,1,13,0,1,1,16.92524682651622,58.40686274509804,12,4,2022,0
387.0,252,1608,23000.0,9,Wedding,2,0.0,0.0,300,500,2,1,13,0,1,1,14.294592914853947,1.5296442687747036,9,3,2023,3
6399.0,155,66,19000.0,9,Wedding,2,0.0,0.0,300,500,2,1,13,0,1,2,283.5820895522388,41.01923076923077,3,1,2022,1
12690.0,249,22215,15000.0,16,Corporate Event,2,0.0,0.0,300,500,1,2,13,0,1,0,0.6751890529348218,50.76,8,3,2024,2
6696.0,155,66,13000.0,9,Wedding,5,0.0,0.0,300,500,2,1,13,0,1,2,194.02985074626866,42.92307692307692,4,2,2024,1
6234.0,203,1258,24000.0,5,Birthday,5,0.0,0.0,300,500,0,2,13,0,1,1,19.062748212867355,30.558823529411764,3,1,2024,1
4730.0,249,22215,23000.0,0,Wedding,1,0.0,0.0,300,500,2,0,13,0,1,0,1.0352898811667266,18.92,5,2,2024,1
8548.0,202,1983,13000.0,16,Birthday,5,0.0,0.0,300,500,0,2,13,0,1,1,6.55241935483871,42.108374384236456,10,4,2023,3
3945.0,249,22215,21000.0,9,Birthday,2,0.0,0.0,300,500,0,1,13,0,1,2,0.9452646741087505,15.78,12,4,2023,0
464.0,202,1983,20000.0,9,Birthday,3,0.0,0.0,300,500,0,1,13,0,1,0,10.080645161290322,2.2857142857142856,2,1,2025,0
147490.0,252,1608,23000.0,16,Corporate Event,2,0.0,0.0,300,500,1,2,13,0,1,1,14.294592914853947,582.9644268774704,2,1,2023,0
4119.0,155,66,26000.0,5,Wedding,2,0.0,0.0,300,500,2,2,13,0,1,0,388.05970149253733,26.403846153846153,11,4,2025,3
11430.0,203,1417,24000.0,9,Corporate Event,3,0.0,0.0,300,500,1,1,13,0,1,2,16.92524682651622,56.029411764705884,7,3,2023,2
7291.0,249,22215,26000.0,9,Corporate Event,2,0.0,0.0,300,500,1,1,13,0,1,2,1.1703276917536911,29.164,10,4,2024,3
1840.0,42,3577,19000.0,5,Wedding,4,0.0,0.0,300,500,2,2,13,0,1,1,5.310229178311906,42.7906976744186,7,3,2022,2
11139.0,298,962,19000.0,9,Corporate Event,3,0.0,0.0,300,500,1,1,13,0,1,2,19.73001038421599,37.25418060200669,3,1,2024,1
13650.0,202,1983,25000.0,5,Corporate Event,3,0.0,0.0,300,500,1,2,13,0,1,1,12.600806451612904,67.24137931034483,6,2,2025,2
12181.0,298,962,20000.0,0,Birthday,2,0.0,0.0,300,500,0,0,13,0,1,2,20.768431983385256,40.73913043478261,8,3,2022,2
5326.0,239,4101,13000.0,9,Wedding,5,0.0,0.0,300,500,2,1,13,0,1,2,3.1691857630424183,22.191666666666666,1,1,2023,0
3835.0,229,3480,22000.0,5,Wedding,3,0.0,0.0,300,500,2,2,13,0,1,0,6.320022981901753,16.67391304347826,12,4,2024,0
7228.0,202,1983,19000.0,9,Corporate Event,4,0.0,0.0,300,500,1,1,13,0,1,0,9.576612903225806,35.60591133004926,6,2,2024,2
7408.0,155,66,19000.0,5,Corporate Event,1,0.0,0.0,300,500,1,2,13,0,1,1,283.5820895522388,47.48717948717949,2,1,2023,0
1090.0,42,3577,21000.0,0,Wedding,3,0.0,0.0,300,500,2,0,13,0,1,1,5.869200670765791,25.348837209302324,6,2,2023,2
8600.0,239,4101,15000.0,5,Birthday,1,0.0,0.0,300,500,0,2,13,0,1,1,3.6567528035104826,35.833333333333336,10,4,2023,3
249.0,239,4101,24000.0,16,Wedding,4,0.0,0.0,300,500,2,2,13,0,1,0,5.850804485616773,1.0375,2,1,2023,0
10158.0,249,22215,25000.0,0,Wedding,5,0.0,0.0,300,500,2,0,13,0,1,2,1.125315088224703,40.632,1,1,2025,0
12733.0,126,4896,20000.0,9,Corporate Event,2,0.0,0.0,300,500,1,1,13,0,1,1,4.084133142740454,100.25984251968504,11,4,2025,3
4434.0,126,4896,21000.0,9,Corporate Event,4,0.0,0.0,300,500,1,1,13,0,1,1,4.288339799877476,34.91338582677165,4,2,2023,1
13538.0,239,4101,15000.0,16,Birthday,5,0.0,0.0,300,500,0,2,13,0,1,2,3.6567528035104826,56.40833333333333,12,4,2022,0
2727.0,42,3577,25000.0,0,Birthday,5,0.0,0.0,300,500,0,0,13,0,1,0,6.98714365567356,63.41860465116279,11,4,2024,3
88750.0,155,66,24000.0,3,Wedding,4,0.0,0.0,200,500,2,2,9,0,0,1,358.2089552238806,568.9102564102565,7,3,2022,2
13520.0,252,1608,19000.0,2,Corporate Event,3,0.0,0.0,200,500,1,0,9,0,0,0,11.808576755748913,53.43873517786561,7,3,2024,2
11258.0,249,22215,12000.0,2,Wedding,1,0.0,0.0,200,500,2,0,9,0,0,0,0.5401512423478574,45.032,10,4,2023,3
4475.0,155,66,26000.0,12,Corporate Event,1,0.0,0.0,200,500,1,1,9,0,0,2,388.05970149253733,28.685897435897434,4,2,2025,1
2760.0,203,1417,26000.0,12,Birthday,2,0.0,0.0,200,500,0,1,9,0,0,1,18.33568406205924,13.529411764705882,12,4,2025,0
1737.0,42,3577,19000.0,12,Wedding,5,0.0,0.0,200,500,2,1,9,0,0,1,5.310229178311906,40.395348837209305,6,2,2025,2
471.0,249,22215,26000.0,3,Corporate Event,1,0.0,0.0,200,500,1,2,9,0,0,2,1.1703276917536911,1.884,2,1,2025,0
8286.0,229,3480,21000.0,12,Wedding,4,0.0,0.0,200,500,2,1,9,0,0,0,6.032749209997127,36.02608695652174,1,1,2025,0
6245.0,203,1417,20000.0,3,Wedding,2,0.0,0.0,200,500,2,2,9,0,0,1,14.104372355430183,30.612745098039216,10,4,2025,3
5520.0,202,1983,21000.0,12,Birthday,1,0.0,0.0,200,500,0,1,9,0,0,1,10.584677419354838,27.192118226600986,5,2,2022,1
7807.0,229,3480,22000.0,3,Wedding,2,0.0,0.0,200,500,2,2,9,0,0,2,6.320022981901753,33.94347826086957,4,2,2025,1
6794.0,42,3577,17000.0,12,Birthday,4,0.0,0.0,200,500,0,1,9,0,0,1,4.751257685858021,158.0,4,2,2024,1
9405.0,155,66,22000.0,3,Wedding,1,0.0,0.0,200,500,2,2,9,0,0,1,328.35820895522386,60.28846153846154,9,3,2022,3
9298.0,229,3480,17000.0,3,Birthday,2,0.0,0.0,200,500,0,2,9,0,0,2,4.883654122378627,40.426086956521736,9,3,2022,3
1281.0,229,3480,25000.0,12,Corporate Event,3,0.0,0.0,200,500,1,1,9,0,0,2,7.181844297615628,5.569565217391304,10,4,2025,3
11545.0,203,1258,12000.0,12,Corporate Event,4,0.0,0.0,200,500,1,1,9,0,0,2,9.531374106433677,56.59313725490196,8,3,2023,2
5677.0,252,1608,17000.0,3,Wedding,5,0.0,0.0,200,500,2,2,9,0,0,2,10.565568676196396,22.438735177865613,10,4,2025,3
14855.0,202,1983,12000.0,16,Birthday,2,0.0,0.0,200,500,0,2,9,0,0,2,6.048387096774194,73.17733990147784,5,2,2025,1
3916.0,155,66,26000.0,12,Corporate Event,4,0.0,0.0,200,500,1,1,9,0,0,0,388.05970149253733,25.102564102564102,8,3,2025,2
8510.0,126,4896,25000.0,2,Corporate Event,4,0.0,0.0,200,500,1,0,9,0,0,0,5.105166428425567,67.00787401574803,3,1,2023,1
10346.0,155,66,22000.0,3,Birthday,1,0.0,0.0,200,500,0,2,9,0,0,2,328.35820895522386,66.32051282051282,5,2,2025,1
13206.0,203,1417,26000.0,2,Birthday,1,0.0,0.0,200,500,0,0,9,0,0,0,18.33568406205924,64.73529411764706,12,4,2023,0
3378.0,203,1258,24000.0,12,Wedding,4,0.0,0.0,200,500,2,1,9,0,0,0,19.062748212867355,16.558823529411764,8,3,2024,2
3891.0,298,962,20000.0,16,Corporate Event,2,0.0,0.0,200,500,1,2,9,0,0,1,20.768431983385256,13.013377926421406,6,2,2022,2
12778.0,126,4896,21000.0,3,Wedding,2,0.0,0.0,200,500,2,2,9,0,0,0,4.288339799877476,100.61417322834646,7,3,2024,2
966.0,203,1258,25000.0,16,Birthday,5,0.0,0.0,200,500,0,2,9,0,0,1,19.857029388403493,4.735294117647059,4,2,2025,1
12350.0,155,66,23000.0,16,Birthday,3,0.0,0.0,200,500,0,2,9,0,0,0,343.2835820895522,79.16666666666667,4,2,2024,1
7618.0,203,1417,25000.0,16,Birthday,3,0.0,0.0,200,500,0,2,9,0,0,1,17.63046544428773,37.34313725490196,11,4,2024,3
2968.0,252,1608,24000.0,12,Wedding,5,0.0,0.0,200,500,2,1,9,0,0,2,14.916096954630206,11.731225296442688,7,3,2022,2
10160.0,298,962,23000.0,2,Birthday,1,0.0,0.0,200,500,0,0,9,0,0,1,23.883696780893043,33.979933110367895,2,1,2024,0
12455.0,298,962,23000.0,12,Wedding,3,0.0,0.0,200,500,2,1,9,0,0,0,23.883696780893043,41.65551839464883,12,4,2022,0
7205.0,203,1417,20000.0,12,Birthday,1,0.0,0.0,200,500,0,1,9,0,0,1,14.104372355430183,35.318627450980394,8,3,2024,2
3413.0,176,3661,25000.0,16,Birthday,5,0.0,0.0,200,500,0,2,9,0,0,0,6.826870562534134,19.282485875706215,11,4,2023,3
4172.0,252,1608,17000.0,2,Birthday,3,0.0,0.0,200,500,0,0,9,0,0,1,10.565568676196396,16.490118577075098,2,1,2022,0
2524.0,298,962,15000.0,16,Birthday,4,0.0,0.0,200,500,0,2,9,0,0,0,15.576323987538942,8.441471571906355,7,3,2025,2
10467.0,252,1608,25000.0,12,Birthday,5,0.0,0.0,200,500,0,1,9,0,0,2,15.537600994406464,41.37154150197628,6,2,2024,2
6272.0,229,3480,13000.0,12,Corporate Event,2,0.0,0.0,200,500,1,1,9,0,0,1,3.7345590347601263,27.269565217391303,1,1,2022,0
5058.0,155,66,24000.0,3,Corporate Event,5,0.0,0.0,200,500,1,2,9,0,0,0,358.2089552238806,32.42307692307692,2,1,2024,0
116250.0,229,3480,15000.0,12,Wedding,5,0.0,0.0,200,500,2,1,9,0,0,1,4.309106578569376,505.4347826086956,1,1,2022,0
14950.0,203,1417,25000.0,16,Corporate Event,4,0.0,0.0,200,500,1,2,9,0,0,0,17.63046544428773,73.2843137254902,7,3,2022,2
14238.0,298,962,20000.0,12,Birthday,5,0.0,0.0,200,500,0,1,9,0,0,2,20.768431983385256,47.618729096989966,1,1,2025,0
552.0,203,1258,22000.0,12,Birthday,1,0.0,0.0,200,500,0,1,9,0,0,1,17.474185861795075,2.7058823529411766,10,4,2024,3
8035.0,176,3661,15000.0,2,Corporate Event,3,0.0,0.0,200,500,1,0,9,0,0,2,4.09612233752048,45.3954802259887,6,2,2022,2
8942.0,202,1983,12000.0,16,Wedding,4,0.0,0.0,200,500,2,2,9,0,0,1,6.048387096774194,44.04926108374384,7,3,2024,2
1350.0,202,1983,15000.0,2,Birthday,4,0.0,0.0,200,500,0,0,9,0,0,2,7.560483870967742,6.650246305418719,9,3,2025,3
285.0,155,66,26000.0,3,Birthday,1,0.0,0.0,200,500,0,2,9,0,0,2,388.05970149253733,1.8269230769230769,7,3,2025,2
10899.0,229,3480,15000.0,12,Corporate Event,5,0.0,0.0,200,500,1,1,9,0,0,2,4.309106578569376,47.38695652173913,4,2,2025,1
11625.0,229,3480,22000.0,16,Wedding,2,0.0,0.0,200,500,2,2,9,0,0,0,6.320022981901753,50.54347826086956,1,1,2025,0
5677.0,249,22215,20000.0,3,Corporate Event,3,0.0,0.0,200,500,1,2,9,0,0,0,0.9002520705797623,22.708,12,4,2023,0
4757.0,126,4896,22000.0,3,Birthday,5,0.0,0.0,200,500,0,2,9,0,0,2,4.492546457014499,37.45669291338583,1,1,2023,0
7059.0,229,3480,25000.0,2,Birthday,5,0.0,0.0,200,500,0,0,9,0,0,2,7.181844297615628,30.691304347826087,5,2,2025,1
6691.0,202,1983,21000.0,3,Wedding,4,0.0,0.0,200,500,2,2,9,0,0,1,10.584677419354838,32.960591133004925,5,2,2023,1
8413.0,298,962,17000.0,16,Wedding,5,0.0,0.0,200,500,2,2,9,0,0,2,17.653167185877468,28.137123745819398,11,4,2024,3
9038.0,155,66,20000.0,12,Corporate Event,2,0.0,0.0,200,500,1,1,9,0,0,2,298.5074626865672,57.93589743589744,12,4,2022,0
14849.0,252,1608,23000.0,3,Corporate Event,5,0.0,0.0,200,500,1,2,9,0,0,1,14.294592914853947,58.691699604743086,8,3,2023,2
1887.0,229,3480,13000.0,12,Birthday,1,0.0,0.0,200,500,0,1,9,0,0,0,3.7345590347601263,8.204347826086957,11,4,2022,3
14005.0,229,3480,12000.0,12,Wedding,3,0.0,0.0,200,500,2,1,9,0,0,0,3.4472852628555013,60.891304347826086,12,4,2024,0
10141.0,203,1417,23000.0,3,Birthday,4,0.0,0.0,200,500,0,2,9,0,0,0,16.22002820874471,49.71078431372549,8,3,2025,2
4942.0,203,1417,21000.0,16,Wedding,4,0.0,0.0,200,500,2,2,9,0,0,0,14.809590973201692,24.225490196078432,7,3,2025,2
7398.0,239,4101,13000.0,12,Birthday,2,0.0,0.0,200,500,0,1,9,0,0,2,3.1691857630424183,30.825,9,3,2023,3
5774.0,202,1983,20000.0,12,Wedding,1,0.0,0.0,200,500,2,1,9,0,0,0,10.080645161290322,28.44334975369458,8,3,2022,2
2187.0,203,1258,15000.0,12,Corporate Event,4,0.0,0.0,200,500,1,1,9,0,0,1,11.914217633042098,10.720588235294118,9,3,2022,3
10850.0,176,3661,19000.0,2,Wedding,1,0.0,0.0,200,500,2,0,9,0,0,0,5.188421627525942,61.29943502824859,5,2,2022,1
13748.0,239,4101,12000.0,12,Wedding,3,0.0,0.0,200,500,2,1,9,0,0,2,2.9254022428083863,57.28333333333333,9,3,2022,3
4655.0,203,1417,20000.0,12,Corporate Event,1,0.0,0.0,200,500,1,1,9,0,0,2,14.104372355430183,22.818627450980394,6,2,2022,2
5772.0,202,1983,19000.0,2,Birthday,3,0.0,0.0,200,500,0,0,9,0,0,2,9.576612903225806,28.43349753694581,8,3,2022,2
11763.0,298,962,24000.0,12,Wedding,2,0.0,0.0,200,500,2,1,9,0,0,1,24.922118380062305,39.34113712374582,8,3,2023,2
6266.0,126,4896,17000.0,3,Wedding,2,0.0,0.0,200,500,2,2,9,0,0,2,3.471513171329385,49.338582677165356,11,4,2025,3
11520.0,229,3480,12000.0,2,Wedding,3,0.0,0.0,200,500,2,0,9,0,0,2,3.4472852628555013,50.08695652173913,7,3,2025,2
8188.0,239,4101,15000.0,2,Birthday,4,0.0,0.0,200,500,0,0,9,0,0,0,3.6567528035104826,34.11666666666667,7,3,2023,2
4259.0,229,3480,21000.0,2,Birthday,3,0.0,0.0,200,500,0,0,9,0,0,0,6.032749209997127,18.517391304347825,3,1,2024,1
5146.0,239,4101,26000.0,12,Wedding,2,0.0,0.0,200,500,2,1,9,0,0,2,6.338371526084837,21.441666666666666,2,1,2025,0
7116.0,155,66,23000.0,3,Birthday,1,0.0,0.0,200,500,0,2,9,0,0,0,343.2835820895522,45.61538461538461,8,3,2024,2
14522.0,176,3661,20000.0,3,Corporate Event,5,0.0,0.0,200,500,1,2,9,0,0,1,5.461496450027307,82.045197740113,8,3,2025,2
2594.0,252,1608,19000.0,16,Wedding,5,0.0,0.0,200,500,2,2,9,0,0,1,11.808576755748913,10.25296442687747,1,1,2023,0
4220.0,203,1417,12000.0,2,Wedding,1,0.0,0.0,200,500,2,0,9,0,0,1,8.46262341325811,20.686274509803923,8,3,2024,2
12126.0,249,22215,20000.0,2,Birthday,2,0.0,0.0,200,500,0,0,9,0,0,1,0.9002520705797623,48.504,10,4,2025,3
2948.0,252,1608,22000.0,16,Birthday,1,0.0,0.0,200,500,0,2,9,0,0,0,13.673088875077688,11.652173913043478,11,4,2022,3
10294.0,203,1258,20000.0,2,Wedding,3,0.0,0.0,200,500,2,0,9,0,0,1,15.885623510722796,50.46078431372549,4,2,2022,1
14264.0,203,1417,19000.0,3,Corporate Event,1,0.0,0.0,200,500,1,2,9,0,0,2,13.399153737658674,69.92156862745098,7,3,2022,2
7934.0,203,1417,17000.0,12,Wedding,2,0.0,0.0,200,500,2,1,9,0,0,1,11.988716502115656,38.8921568627451,5,2,2022,1
7187.0,203,1417,12000.0,2,Birthday,1,0.0,0.0,200,500,0,0,9,0,0,2,8.46262341325811,35.23039215686274,12,4,2025,0
13338.0,155,66,25000.0,16,Corporate Event,2,0.0,0.0,200,500,1,2,9,0,0,0,373.13432835820896,85.5,10,4,2024,3
1004.0,42,3577,21000.0,2,Birthday,1,0.0,0.0,200,500,0,0,9,0,0,2,5.869200670765791,23.348837209302324,6,2,2022,2
13172.0,203,1417,22000.0,3,Birthday,3,0.0,0.0,200,500,0,2,9,0,0,2,15.514809590973202,64.56862745098039,2,1,2023,0
2535.0,298,962,20000.0,3,Wedding,5,0.0,0.0,200,500,2,2,9,0,0,0,20.768431983385256,8.478260869565217,6,2,2025,2
7858.0,155,66,24000.0,16,Wedding,2,0.0,0.0,200,500,2,2,9,0,0,2,358.2089552238806,50.37179487179487,3,1,2022,1
14716.0,252,1608,24000.0,2,Birthday,5,0.0,0.0,200,500,0,0,9,0,0,1,14.916096954630206,58.16600790513834,10,4,2024,3
1306.0,203,1258,24000.0,16,Wedding,5,0.0,0.0,200,500,2,2,9,0,0,0,19.062748212867355,6.401960784313726,8,3,2022,2
7418.0,126,4896,13000.0,12,Wedding,1,0.0,0.0,200,500,2,1,9,0,0,2,2.6546865427812945,58.40944881889764,3,1,2022,1
2046.0,176,3661,26000.0,16,Birthday,2,0.0,0.0,200,500,0,2,9,0,0,1,7.099945385035499,11.559322033898304,6,2,2025,2
9070.0,298,962,15000.0,2,Corporate Event,3,0.0,0.0,200,500,1,0,9,0,0,2,15.576323987538942,30.334448160535118,3,1,2025,1
13293.0,229,3480,20000.0,16,Corporate Event,3,0.0,0.0,200,500,1,2,9,0,0,1,5.745475438092502,57.79565217391304,8,3,2022,2
11600.0,252,1608,15000.0,12,Birthday,5,0.0,0.0,200,500,0,1,9,0,0,2,9.322560596643878,45.8498023715415,2,1,2025,0
9059.0,229,3480,12000.0,3,Wedding,4,0.0,0.0,200,500,2,2,9,0,0,1,3.4472852628555013,39.38695652173913,6,2,2025,2
4508.0,126,4896,13000.0,3,Corporate Event,1,0.0,0.0,200,500,1,2,9,0,0,1,2.6546865427812945,35.496062992125985,6,2,2024,2
2278.0,298,962,13000.0,3,Birthday,5,0.0,0.0,200,500,0,2,9,0,0,0,13.499480789200415,7.618729096989966,4,2,2023,1
11758.0,298,962,13000.0,2,Wedding,1,0.0,0.0,200,500,2,0,9,0,0,0,13.499480789200415,39.324414715719065,2,1,2024,0
5240.0,155,66,13000.0,3,Corporate Event,5,0.0,0.0,200,500,1,2,9,0,0,2,194.02985074626866,33.58974358974359,12,4,2023,0
6417.0,229,3480,26000.0,3,Wedding,4,0.0,0.0,200,500,2,2,9,0,0,0,7.469118069520253,27.9,10,4,2024,3
2687.0,202,1983,12000.0,2,Corporate Event,1,0.0,0.0,200,500,1,0,9,0,0,1,6.048387096774194,13.236453201970443,7,3,2025,2
8235.0,176,3661,19000.0,16,Birthday,1,0.0,0.0,200,500,0,2,9,0,0,0,5.188421627525942,46.52542372881356,6,2,2022,2
11796.0,298,962,23000.0,16,Corporate Event,2,0.0,0.0,200,500,1,2,9,0,0,0,23.883696780893043,39.45150501672241,10,4,2024,3
5147.0,155,66,20000.0,12,Birthday,3,0.0,0.0,200,500,0,1,9,0,0,2,298.5074626865672,32.993589743589745,9,3,2025,3
7953.0,202,1983,26000.0,2,Birthday,4,0.0,0.0,200,500,0,0,9,0,0,2,13.10483870967742,39.17733990147783,8,3,2023,2
11407.0,229,3480,13000.0,16,Birthday,4,0.0,0.0,200,500,0,2,9,0,0,0,3.7345590347601263,49.595652173913045,10,4,2022,3
11689.0,249,22215,20000.0,12,Wedding,4,0.0,0.0,200,500,2,1,9,0,0,1,0.9002520705797623,46.756,12,4,2023,0
7712.0,202,1983,26000.0,16,Birthday,4,0.0,0.0,200,500,0,2,9,0,0,1,13.10483870967742,37.99014778325123,2,1,2025,0
1900.0,202,1983,26000.0,12,Corporate Event,2,0.0,0.0,200,500,1,1,9,0,0,0,13.10483870967742,9.35960591133005,1,1,2025,0
12235.0,298,962,20000.0,16,Birthday,3,0.0,0.0,200,500,0,2,9,0,0,2,20.768431983385256,40.919732441471574,4,2,2025,1
13133.0,203,1417,26000.0,16,Wedding,4,0.0,0.0,200,500,2,2,9,0,0,2,18.33568406205924,64.37745098039215,4,2,2024,1
104920.0,249,22215,15000.0,12,Birthday,1,0.0,0.0,200,500,0,1,9,0,0,0,0.6751890529348218,419.68,2,1,2025,0
3599.0,249,22215,12000.0,16,Corporate Event,1,0.0,0.0,200,500,1,2,9,0,0,2,0.5401512423478574,14.396,12,4,2025,0
1941.0,239,4101,20000.0,16,Corporate Event,1,0.0,0.0,200,500,1,2,9,0,0,0,4.875670404680643,8.0875,3,1,2025,1
3151.0,298,962,19000.0,2,Birthday,1,0.0,0.0,200,500,0,0,9,0,0,1,19.73001038421599,10.538461538461538,10,4,2022,3
14500.0,249,22215,17000.0,2,Corporate Event,5,0.0,0.0,200,500,1,0,9,0,0,1,0.765214259992798,58.0,11,4,2023,3
4950.0,229,3480,24000.0,2,Birthday,1,0.0,0.0,200,500,0,0,9,0,0,2,6.894570525711003,21.52173913043478,4,2,2025,1
10385.0,298,962,21000.0,16,Wedding,1,0.0,0.0,200,500,2,2,9,0,0,0,21.806853582554517,34.7324414715719,9,3,2024,3
11860.0,126,4896,15000.0,3,Birthday,3,0.0,0.0,200,500,0,2,9,0,0,0,3.06309985705534,93.38582677165354,12,4,2023,0
3660.0,252,1608,15000.0,3,Wedding,4,0.0,0.0,200,500,2,2,9,0,0,1,9.322560596643878,14.466403162055336,8,3,2022,2
14405.0,202,1983,17000.0,3,Corporate Event,2,0.0,0.0,200,500,1,2,9,0,0,0,8.568548387096774,70.96059113300493,3,1,2022,1
95000.0,126,4896,25000.0,2,Wedding,5,0.0,0.0,200,500,2,0,9,0,0,1,5.105166428425567,748.0314960629921,10,4,2023,3
1721.0,176,3661,23000.0,2,Wedding,1,0.0,0.0,200,500,2,0,9,0,0,0,6.280720917531403,9.72316384180791,4,2,2023,1
2187.0,239,4101,15000.0,12,Wedding,2,0.0,0.0,200,500,2,1,9,0,0,0,3.6567528035104826,9.1125,3,1,2025,1
8972.0,126,4896,25000.0,2,Corporate Event,1,0.0,0.0,200,500,1,0,9,0,0,0,5.105166428425567,70.64566929133858,5,2,2023,1
10110.0,176,3661,26000.0,2,Wedding,5,0.0,0.0,200,500,2,0,9,0,0,0,7.099945385035499,57.11864406779661,1,1,2022,0
7615.0,155,66,24000.0,16,Corporate Event,2,0.0,0.0,200,500,1,2,9,0,0,1,358.2089552238806,48.81410256410256,2,1,2023,0
6343.0,202,1983,19000.0,12,Corporate Event,4,0.0,0.0,200,500,1,1,9,0,0,1,9.576612903225806,31.246305418719214,11,4,2024,3
9150.0,252,1608,12000.0,12,Corporate Event,4,0.0,0.0,200,500,1,1,9,0,0,2,7.458048477315103,36.16600790513834,7,3,2023,2
1249.0,176,3661,21000.0,2,Wedding,2,0.0,0.0,200,500,2,0,9,0,0,1,5.734571272528673,7.056497175141243,2,1,2022,0
1913.0,239,4101,24000.0,12,Wedding,2,0.0,0.0,200,500,2,1,9,0,0,1,5.850804485616773,7.970833333333333,8,3,2025,2
12110.0,42,3577,21000.0,3,Birthday,3,0.0,0.0,200,500,0,2,9,0,0,2,5.869200670765791,281.6279069767442,5,2,2025,1
917.0,249,22215,17000.0,3,Birthday,3,0.0,0.0,200,500,0,2,9,0,0,1,0.765214259992798,3.668,1,1,2023,0
7437.0,203,1258,12000.0,2,Birthday,2,0.0,0.0,200,500,0,0,9,0,0,1,9.531374106433677,36.455882352941174,4,2,2024,1
60480.0,202,1983,19000.0,2,Corporate Event,2,0.0,0.0,200,500,1,0,9,0,0,2,9.576612903225806,297.9310344827586,4,2,2025,1
49890.0,239,4101,17000.0,3,Birthday,3,0.0,0.0,200,500,0,2,9,0,0,1,4.144319843978547,207.875,8,3,2022,2
3370.0,249,22215,15000.0,16,Corporate Event,4,0.0,0.0,200,500,1,2,9,0,0,2,0.6751890529348218,13.48,9,3,2025,3
10934.0,203,1417,15000.0,3,Corporate Event,3,0.0,0.0,200,500,1,2,9,0,0,2,10.578279266572638,53.59803921568628,3,1,2022,1
5726.0,252,1608,12000.0,16,Birthday,3,0.0,0.0,200,500,0,2,9,0,0,0,7.458048477315103,22.632411067193676,1,1,2025,0
13954.0,126,4896,25000.0,16,Corporate Event,5,0.0,0.0,200,500,1,2,9,0,0,2,5.105166428425567,109.8740157480315,8,3,2025,2
13045.0,126,4896,20000.0,16,Wedding,4,0.0,0.0,200,500,2,2,9,0,0,0,4.084133142740454,102.71653543307086,10,4,2022,3
11270.0,239,4101,22000.0,12,Corporate Event,5,0.0,0.0,200,500,1,1,9,0,0,2,5.363237445148708,46.958333333333336,3,1,2023,1
5546.0,176,3661,21000.0,2,Wedding,2,0.0,0.0,200,500,2,0,9,0,0,2,5.734571272528673,31.333333333333332,4,2,2022,1
2848.0,203,1258,25000.0,2,Birthday,4,0.0,0.0,200,500,0,0,9,0,0,0,19.857029388403493,13.96078431372549,5,2,2024,1
2336.0,155,66,19000.0,16,Wedding,1,0.0,0.0,200,500,2,2,9,0,0,2,283.5820895522388,14.974358974358974,2,1,2022,0
4389.0,176,3661,23000.0,12,Wedding,4,0.0,0.0,200,500,2,1,9,0,0,2,6.280720917531403,24.796610169491526,2,1,2023,0
4718.0,249,22215,23000.0,3,Birthday,4,0.0,0.0,200,500,0,2,9,0,0,1,1.0352898811667266,18.872,7,3,2022,2
13047.0,229,3480,22000.0,2,Corporate Event,2,0.0,0.0,200,500,1,0,9,0,0,0,6.320022981901753,56.72608695652174,8,3,2024,2
1982.0,203,1417,21000.0,2,Wedding,2,0.0,0.0,200,500,2,0,9,0,0,1,14.809590973201692,9.715686274509803,6,2,2025,2
7988.0,126,4896,26000.0,3,Birthday,5,0.0,0.0,200,500,0,2,9,0,0,0,5.309373085562589,62.89763779527559,3,1,2024,1
11402.0,229,3480,20000.0,3,Wedding,4,0.0,0.0,200,500,2,2,9,0,0,2,5.745475438092502,49.573913043478264,5,2,2025,1
2636.0,42,3577,24000.0,16,Birthday,5,0.0,0.0,200,500,0,2,9,0,0,2,6.707657909446619,61.30232558139535,3,1,2022,1
11150.0,298,962,24000.0,3,Corporate Event,3,0.0,0.0,200,500,1,2,9,0,0,2,24.922118380062305,37.290969899665555,11,4,2025,3
8636.0,249,22215,25000.0,16,Corporate Event,1,0.0,0.0,200,500,1,2,9,0,0,1,1.125315088224703,34.544,5,2,2024,1
8712.0,252,1608,25000.0,3,Birthday,4,0.0,0.0,200,500,0,2,9,0,0,1,15.537600994406464,34.43478260869565,11,4,2024,3
11665.0,126,4896,25000.0,12,Wedding,2,0.0,0.0,200,500,2,1,9,0,0,1,5.105166428425567,91.85039370078741,8,3,2025,2
5372.0,239,4101,25000.0,16,Wedding,5,0.0,0.0,200,500,2,2,9,0,0,0,6.094588005850804,22.383333333333333,10,4,2023,3
14833.0,203,1258,19000.0,16,Birthday,5,0.0,0.0,200,500,0,2,9,0,0,0,15.091342335186656,72.71078431372548,4,2,2023,1
5729.0,203,1258,23000.0,16,Wedding,1,0.0,0.0,200,500,2,2,9,0,0,0,18.268467037331217,28.083333333333332,6,2,2024,2
9681.0,203,1417,24000.0,12,Birthday,2,0.0,0.0,200,500,0,1,9,0,0,2,16.92524682651622,47.455882352941174,12,4,2023,0
3705.0,239,4101,12000.0,12,Corporate Event,4,0.0,0.0,200,500,1,1,9,0,0,1,2.9254022428083863,15.4375,5,2,2023,1
4818.0,239,4101,21000.0,3,Corporate Event,3,0.0,0.0,200,500,1,2,9,0,0,1,5.1194539249146755,20.075,3,1,2024,1
2375.0,176,3661,23000.0,3,Corporate Event,3,0.0,0.0,200,500,1,2,9,0,0,2,6.280720917531403,13.418079096045197,3,1,2022,1
1723.0,203,1258,21000.0,12,Wedding,1,0.0,0.0,200,500,2,1,9,0,0,2,16.679904686258936,8.446078431372548,10,4,2022,3
1721.0,249,22215,12000.0,12,Birthday,1,0.0,0.0,200,500,0,1,9,0,0,2,0.5401512423478574,6.884,8,3,2024,2
4371.0,249,22215,26000.0,12,Corporate Event,3,0.0,0.0,200,500,1,1,9,0,0,1,1.1703276917536911,17.484,1,1,2022,0
14845.0,202,1983,25000.0,3,Birthday,5,0.0,0.0,200,500,0,2,9,0,0,1,12.600806451612904,73.12807881773399,8,3,2025,2
14176.0,229,3480,24000.0,12,Wedding,4,0.0,0.0,200,500,2,1,9,0,0,1,6.894570525711003,61.63478260869565,1,1,2022,0
7582.0,229,3480,20000.0,3,Birthday,3,0.0,0.0,200,500,0,2,9,0,0,2,5.745475438092502,32.96521739130435,11,4,2022,3
12142.0,176,3661,22000.0,3,Birthday,2,0.0,0.0,200,500,0,2,9,0,0,0,6.007646095030038,68.59887005649718,8,3,2023,2
501.0,155,66,19000.0,3,Corporate Event,5,0.0,0.0,200,500,1,2,9,0,0,2,283.5820895522388,3.2115384615384617,11,4,2024,3
4605.0,239,4101,15000.0,2,Birthday,1,0.0,0.0,200,500,0,0,9,0,0,2,3.6567528035104826,19.1875,8,3,2023,2
2157.0,202,1983,17000.0,12,Wedding,2,0.0,0.0,200,500,2,1,9,0,0,0,8.568548387096774,10.625615763546797,6,2,2022,2
14558.0,203,1417,15000.0,3,Corporate Event,5,0.0,0.0,200,500,1,2,9,0,0,1,10.578279266572638,71.36274509803921,10,4,2022,3
11572.0,249,22215,26000.0,3,Corporate Event,1,0.0,0.0,200,500,1,2,9,0,0,1,1.1703276917536911,46.288,3,1,2025,1
8904.0,42,3577,22000.0,2,Wedding,3,0.0,0.0,200,500,2,0,9,0,0,0,6.148686416992733,207.06976744186048,7,3,2024,2
5045.0,252,1608,20000.0,16,Birthday,3,0.0,0.0,200,500,0,2,9,0,0,0,12.430080795525171,19.940711462450594,1,1,2022,0
11254.0,229,3480,17000.0,12,Corporate Event,1,0.0,0.0,200,500,1,1,9,0,0,1,4.883654122378627,48.93043478260869,2,1,2025,0
8809.0,298,962,15000.0,3,Corporate Event,3,0.0,0.0,200,500,1,2,9,0,0,0,15.576323987538942,29.46153846153846,12,4,2025,0
1369.0,155,66,26000.0,2,Birthday,3,0.0,0.0,200,500,0,0,9,0,0,2,388.05970149253733,8.775641025641026,11,4,2022,3
12560.0,252,1608,22000.0,3,Corporate Event,1,0.0,0.0,200,500,1,2,9,0,0,1,13.673088875077688,49.644268774703555,9,3,2022,3
5061.0,252,1608,15000.0,3,Corporate Event,5,0.0,0.0,200,500,1,2,9,0,0,1,9.322560596643878,20.00395256916996,11,4,2024,3
1177.0,203,1417,23000.0,12,Birthday,3,0.0,0.0,200,500,0,1,9,0,0,1,16.22002820874471,5.769607843137255,6,2,2023,2
5860.0,252,1608,15000.0,3,Corporate Event,4,0.0,0.0,200,500,1,2,9,0,0,2,9.322560596643878,23.16205533596838,10,4,2024,3
4946.0,42,3577,24000.0,3,Corporate Event,3,0.0,0.0,200,500,1,2,9,0,0,2,6.707657909446619,115.02325581395348,10,4,2025,3
13638.0,176,3661,12000.0,16,Corporate Event,3,0.0,0.0,200,500,1,2,9,0,0,1,3.2768978700163847,77.05084745762711,7,3,2023,2
6721.0,203,1417,21000.0,16,Birthday,3,0.0,0.0,200,500,0,2,9,0,0,1,14.809590973201692,32.94607843137255,10,4,2024,3
2076.0,298,962,20000.0,2,Wedding,4,0.0,0.0,200,500,2,0,9,0,0,2,20.768431983385256,6.94314381270903,3,1,2023,1
14129.0,176,3661,22000.0,12,Birthday,1,0.0,0.0,200,500,0,1,9,0,0,2,6.007646095030038,79.82485875706215,1,1,2024,0
10753.0,155,66,21000.0,12,Corporate Event,4,0.0,0.0,200,500,1,1,9,0,0,1,313.43283582089555,68.92948717948718,3,1,2022,1
931.0,202,1983,24000.0,16,Birthday,1,0.0,0.0,200,500,0,2,9,0,0,0,12.096774193548388,4.586206896551724,2,1,2025,0
14455.0,239,4101,22000.0,3,Corporate Event,5,0.0,0.0,200,500,1,2,9,0,0,0,5.363237445148708,60.229166666666664,3,1,2023,1
12511.0,202,1983,15000.0,3,Birthday,1,0.0,0.0,200,500,0,2,9,0,0,2,7.560483870967742,61.63054187192118,10,4,2024,3
7071.0,42,3577,15000.0,12,Birthday,4,0.0,0.0,200,500,0,1,9,0,0,1,4.192286193404136,164.4418604651163,2,1,2025,0
5166.0,203,1258,26000.0,16,Corporate Event,4,0.0,0.0,200,500,1,2,9,0,0,1,20.651310563939635,25.323529411764707,1,1,2023,0
14638.0,126,4896,22000.0,12,Corporate Event,3,0.0,0.0,200,500,1,1,9,0,0,0,4.492546457014499,115.25984251968504,6,2,2024,2
204.0,176,3661,22000.0,12,Corporate Event,2,0.0,0.0,200,500,1,1,9,0,0,1,6.007646095030038,1.152542372881356,10,4,2023,3
22660.0,249,22215,21000.0,12,Birthday,4,0.0,0.0,200,500,0,1,9,0,0,1,0.9452646741087505,90.64,11,4,2024,3
13392.0,202,1983,22000.0,2,Birthday,3,0.0,0.0,200,500,0,0,9,0,0,0,11.088709677419354,65.9704433497537,7,3,2024,2
9545.0,155,66,25000.0,16,Birthday,4,0.0,0.0,200,500,0,2,9,0,0,0,373.13432835820896,61.18589743589744,7,3,2024,2
7773.0,176,3661,25000.0,12,Corporate Event,3,0.0,0.0,200,500,1,1,9,0,0,1,6.826870562534134,43.91525423728814,10,4,2022,3
13878.0,203,1417,19000.0,16,Birthday,5,0.0,0.0,200,500,0,2,9,0,0,2,13.399153737658674,68.02941176470588,8,3,2024,2
10052.0,203,1417,22000.0,3,Birthday,3,0.0,0.0,200,500,0,2,9,0,0,2,15.514809590973202,49.27450980392157,11,4,2023,3
13703.0,202,1983,20000.0,16,Wedding,5,0.0,0.0,200,500,2,2,9,0,0,1,10.080645161290322,67.50246305418719,6,2,2025,2
1230.0,298,962,22000.0,3,Corporate Event,2,0.0,0.0,200,500,1,2,9,0,0,2,22.84527518172378,4.11371237458194,1,1,2024,0
11576.0,203,1417,20000.0,12,Birthday,1,0.0,0.0,200,500,0,1,9,0,0,2,14.104372355430183,56.745098039215684,11,4,2025,3
11544.0,155,66,25000.0,2,Corporate Event,2,0.0,0.0,200,400,1,2,7,0,1,2,373.13432835820896,74.0,6,2,2025,2
10118.0,249,22215,21000.0,0,Birthday,5,0.0,0.0,200,400,0,0,7,0,1,1,0.9452646741087505,40.472,1,1,2023,0
9279.0,126,4896,26000.0,0,Birthday,3,0.0,0.0,200,400,0,0,7,0,1,1,5.309373085562589,73.06299212598425,5,2,2022,1
6072.0,126,4896,13000.0,2,Corporate Event,2,0.0,0.0,200,400,1,2,7,0,1,1,2.6546865427812945,47.811023622047244,11,4,2024,3
3242.0,126,4896,24000.0,2,Corporate Event,2,0.0,0.0,200,400,1,2,7,0,1,1,4.900959771288544,25.52755905511811,6,2,2023,2
6703.0,202,1983,24000.0,0,Birthday,1,0.0,0.0,200,400,0,0,7,0,1,1,12.096774193548388,33.01970443349754,10,4,2024,3
2188.0,229,3480,13000.0,0,Wedding,3,0.0,0.0,200,400,2,0,7,0,1,0,3.7345590347601263,9.513043478260869,10,4,2025,3
4835.0,155,66,23000.0,2,Corporate Event,1,0.0,0.0,200,400,1,2,7,0,1,1,343.2835820895522,30.993589743589745,3,1,2025,1
1555.0,229,3480,25000.0,2,Birthday,3,0.0,0.0,200,400,0,2,7,0,1,1,7.181844297615628,6.760869565217392,5,2,2024,1
10779.0,176,3661,25000.0,2,Wedding,1,0.0,0.0,200,400,2,2,7,0,1,1,6.826870562534134,60.898305084745765,11,4,2024,3
1266.0,203,1417,17000.0,0,Corporate Event,5,0.0,0.0,200,400,1,0,7,0,1,0,11.988716502115656,6.205882352941177,9,3,2023,3
1772.0,126,4896,22000.0,2,Wedding,1,0.0,0.0,200,400,2,2,7,0,1,0,4.492546457014499,13.952755905511811,6,2,2022,2
2010.0,203,1258,25000.0,6,Birthday,3,0.0,0.0,200,400,0,1,7,0,1,1,19.857029388403493,9.852941176470589,8,3,2024,2
4395.0,42,3577,23000.0,0,Birthday,4,0.0,0.0,200,400,0,0,7,0,1,2,6.428172163219676,102.20930232558139,8,3,2022,2
6223.0,126,4896,20000.0,2,Corporate Event,3,0.0,0.0,200,400,1,2,7,0,1,2,4.084133142740454,49.0,12,4,2022,0
6771.0,42,3577,26000.0,2,Birthday,4,0.0,0.0,200,400,0,2,7,0,1,0,7.266629401900503,157.46511627906978,5,2,2024,1
4426.0,126,4896,22000.0,0,Birthday,3,0.0,0.0,200,400,0,0,7,0,1,1,4.492546457014499,34.8503937007874,12,4,2022,0
7273.0,126,4896,19000.0,2,Birthday,2,0.0,0.0,200,400,0,2,7,0,1,2,3.8799264856034306,57.267716535433074,12,4,2022,0
446.0,126,4896,17000.0,2,Corporate Event,4,0.0,0.0,200,400,1,2,7,0,1,1,3.471513171329385,3.5118110236220472,5,2,2024,1
9265.0,203,1417,20000.0,0,Corporate Event,5,0.0,0.0,200,400,1,0,7,0,1,2,14.104372355430183,45.416666666666664,10,4,2022,3
1095.0,42,3577,22000.0,0,Wedding,4,0.0,0.0,200,400,2,0,7,0,1,2,6.148686416992733,25.46511627906977,12,4,2025,0
7603.0,126,4896,13000.0,0,Corporate Event,5,0.0,0.0,200,400,1,0,7,0,1,1,2.6546865427812945,59.86614173228347,8,3,2025,2
2482.0,249,22215,25000.0,2,Birthday,3,0.0,0.0,200,400,0,2,7,0,1,2,1.125315088224703,9.928,12,4,2022,0
6735.0,176,3661,17000.0,0,Wedding,2,0.0,0.0,200,400,2,0,7,0,1,0,4.642271982523211,38.05084745762712,8,3,2023,2
6708.0,252,1608,19000.0,2,Wedding,4,0.0,0.0,200,400,2,2,7,0,1,2,11.808576755748913,26.513833992094863,6,2,2022,2
6733.0,203,1417,12000.0,2,Corporate Event,5,0.0,0.0,200,400,1,2,7,0,1,1,8.46262341325811,33.004901960784316,7,3,2023,2
11020.0,202,1983,12000.0,6,Wedding,4,0.0,0.0,200,400,2,1,7,0,1,2,6.048387096774194,54.285714285714285,9,3,2025,3
64640.0,202,1983,26000.0,2,Wedding,5,0.0,0.0,200,400,2,2,7,0,1,2,13.10483870967742,318.42364532019707,2,1,2024,0
6814.0,229,3480,23000.0,2,Birthday,4,0.0,0.0,200,400,0,2,7,0,1,1,6.607296753806377,29.62608695652174,2,1,2025,0
12751.0,252,1608,12000.0,2,Wedding,1,0.0,0.0,200,400,2,2,7,0,1,0,7.458048477315103,50.39920948616601,2,1,2022,0
12485.0,298,962,21000.0,2,Birthday,3,0.0,0.0,200,400,0,2,7,0,1,1,21.806853582554517,41.75585284280937,10,4,2025,3
8153.0,203,1258,25000.0,0,Corporate Event,1,0.0,0.0,200,400,1,0,7,0,1,2,19.857029388403493,39.96568627450981,3,1,2024,1
13415.0,252,1608,12000.0,6,Birthday,3,0.0,0.0,200,400,0,1,7,0,1,2,7.458048477315103,53.023715415019765,3,1,2025,1
2883.0,203,1258,25000.0,0,Birthday,5,0.0,0.0,200,400,0,0,7,0,1,0,19.857029388403493,14.132352941176471,1,1,2025,0
3569.0,239,4101,20000.0,6,Birthday,3,0.0,0.0,200,400,0,1,7,0,1,2,4.875670404680643,14.870833333333334,9,3,2023,3
5856.0,252,1608,12000.0,0,Corporate Event,2,0.0,0.0,200,400,1,0,7,0,1,2,7.458048477315103,23.14624505928854,9,3,2024,3
10842.0,239,4101,24000.0,0,Wedding,3,0.0,0.0,200,400,2,0,7,0,1,2,5.850804485616773,45.175,8,3,2024,2
1451.0,252,1608,25000.0,2,Birthday,3,0.0,0.0,200,400,0,2,7,0,1,0,15.537600994406464,5.735177865612648,3,1,2022,1
2306.0,249,22215,22000.0,0,Wedding,4,0.0,0.0,200,400,2,0,7,0,1,2,0.9902772776377385,9.224,8,3,2024,2
13946.0,155,66,13000.0,2,Birthday,2,0.0,0.0,200,400,0,2,7,0,1,2,194.02985074626866,89.3974358974359,1,1,2024,0
12443.0,126,4896,23000.0,2,Corporate Event,4,0.0,0.0,200,400,1,2,7,0,1,0,4.696753114151521,97.97637795275591,3,1,2022,1
2497.0,203,1258,25000.0,0,Wedding,2,0.0,0.0,200,400,2,0,7,0,1,2,19.857029388403493,12.240196078431373,11,4,2022,3
13358.0,203,1258,25000.0,2,Wedding,5,0.0,0.0,200,400,2,2,7,0,1,0,19.857029388403493,65.48039215686275,7,3,2022,2
7049.0,298,962,21000.0,2,Corporate Event,2,0.0,0.0,200,400,1,2,7,0,1,0,21.806853582554517,23.5752508361204,9,3,2022,3
10405.0,155,66,15000.0,0,Birthday,3,0.0,0.0,200,400,0,0,7,0,1,1,223.88059701492537,66.69871794871794,11,4,2024,3
3888.0,126,4896,26000.0,0,Birthday,5,0.0,0.0,200,400,0,0,7,0,1,0,5.309373085562589,30.614173228346456,7,3,2024,2
10584.0,176,3661,19000.0,0,Corporate Event,5,0.0,0.0,200,400,1,0,7,0,1,2,5.188421627525942,59.79661016949152,1,1,2023,0
268.0,176,3661,13000.0,2,Corporate Event,3,0.0,0.0,200,400,1,2,7,0,1,1,3.5499726925177497,1.5141242937853108,1,1,2022,0
4000.0,203,1417,19000.0,0,Corporate Event,5,0.0,0.0,200,400,1,0,7,0,1,0,13.399153737658674,19.607843137254903,4,2,2023,1
3354.0,202,1983,24000.0,2,Wedding,4,0.0,0.0,200,400,2,2,7,0,1,0,12.096774193548388,16.52216748768473,5,2,2025,1
8749.0,126,4896,13000.0,2,Birthday,4,0.0,0.0,200,400,0,2,7,0,1,1,2.6546865427812945,68.88976377952756,4,2,2023,1
2103.0,249,22215,21000.0,2,Wedding,1,0.0,0.0,200,400,2,2,7,0,1,2,0.9452646741087505,8.412,9,3,2024,3
8069.0,203,1417,23000.0,0,Wedding,2,0.0,0.0,200,400,2,0,7,0,1,1,16.22002820874471,39.55392156862745,2,1,2022,0
1604.0,229,3480,25000.0,2,Wedding,4,0.0,0.0,200,400,2,2,7,0,1,2,7.181844297615628,6.973913043478261,6,2,2023,2
5282.0,42,3577,12000.0,6,Corporate Event,3,0.0,0.0,200,400,1,1,7,0,1,2,3.3538289547233093,122.83720930232558,2,1,2025,0
1236.0,126,4896,20000.0,2,Corporate Event,2,0.0,0.0,200,400,1,2,7,0,1,1,4.084133142740454,9.73228346456693,3,1,2022,1
10215.0,176,3661,23000.0,2,Corporate Event,2,0.0,0.0,200,400,1,2,7,0,1,2,6.280720917531403,57.71186440677966,2,1,2024,0
6496.0,203,1258,15000.0,6,Corporate Event,4,0.0,0.0,200,400,1,1,7,0,1,0,11.914217633042098,31.84313725490196,2,1,2024,0
4838.0,203,1258,25000.0,2,Corporate Event,3,0.0,0.0,200,400,1,2,7,0,1,0,19.857029388403493,23.715686274509803,5,2,2024,1
4335.0,202,1983,24000.0,2,Corporate Event,4,0.0,0.0,200,400,1,2,7,0,1,2,12.096774193548388,21.354679802955665,9,3,2022,3
6916.0,203,1258,20000.0,0,Birthday,5,0.0,0.0,200,400,0,0,7,0,1,1,15.885623510722796,33.90196078431372,6,2,2025,2
7053.0,249,22215,12000.0,6,Birthday,4,0.0,0.0,200,400,0,1,7,0,1,1,0.5401512423478574,28.212,7,3,2025,2
1613.0,155,66,19000.0,6,Birthday,1,0.0,0.0,200,400,0,1,7,0,1,2,283.5820895522388,10.33974358974359,1,1,2023,0
118510.0,298,962,26000.0,2,Wedding,2,0.0,0.0,200,400,2,2,7,0,1,1,26.99896157840083,396.3545150501672,12,4,2024,0
6096.0,176,3661,17000.0,6,Corporate Event,1,0.0,0.0,200,400,1,1,7,0,1,0,4.642271982523211,34.440677966101696,8,3,2025,2
2967.0,239,4101,25000.0,2,Wedding,1,0.0,0.0,200,400,2,2,7,0,1,0,6.094588005850804,12.3625,4,2,2022,1
8621.0,126,4896,20000.0,0,Birthday,3,0.0,0.0,200,400,0,0,7,0,1,2,4.084133142740454,67.88188976377953,9,3,2022,3
69430.0,229,3480,17000.0,0,Wedding,2,0.0,0.0,200,400,2,0,7,0,1,0,4.883654122378627,301.8695652173913,3,1,2025,1
4504.0,155,66,17000.0,0,Wedding,1,0.0,0.0,200,400,2,0,7,0,1,0,253.73134328358208,28.871794871794872,6,2,2022,2
12721.0,203,1258,13000.0,2,Corporate Event,1,0.0,0.0,200,400,1,2,7,0,1,0,10.325655281969818,62.3578431372549,12,4,2023,0
8563.0,203,1417,17000.0,2,Birthday,5,0.0,0.0,200,400,0,2,7,0,1,1,11.988716502115656,41.97549019607843,12,4,2024,0
3638.0,42,3577,22000.0,6,Corporate Event,4,0.0,0.0,200,400,1,1,7,0,1,0,6.148686416992733,84.6046511627907,10,4,2024,3
13153.0,202,1983,15000.0,2,Wedding,1,0.0,0.0,200,400,2,2,7,0,1,0,7.560483870967742,64.79310344827586,12,4,2024,0
453.0,42,3577,24000.0,0,Wedding,4,0.0,0.0,200,400,2,0,7,0,1,2,6.707657909446619,10.534883720930232,1,1,2022,0
11585.0,126,4896,22000.0,6,Wedding,2,0.0,0.0,200,400,2,1,7,0,1,1,4.492546457014499,91.22047244094489,8,3,2025,2
547.0,229,3480,13000.0,2,Corporate Event,3,0.0,0.0,200,400,1,2,7,0,1,1,3.7345590347601263,2.378260869565217,1,1,2023,0
8835.0,249,22215,25000.0,2,Corporate Event,4,0.0,0.0,200,400,1,2,7,0,1,2,1.125315088224703,35.34,8,3,2023,2
561.0,239,4101,26000.0,2,Birthday,2,0.0,0.0,200,400,0,2,7,0,1,2,6.338371526084837,2.3375,12,4,2022,0
10419.0,249,22215,15000.0,2,Birthday,1,0.0,0.0,200,400,0,2,7,0,1,1,0.6751890529348218,41.676,11,4,2022,3
5525.0,298,962,12000.0,0,Corporate Event,3,0.0,0.0,200,400,1,0,7,0,1,0,12.461059190031152,18.47826086956522,7,3,2023,2
10262.0,229,3480,17000.0,0,Wedding,1,0.0,0.0,200,400,2,0,7,0,1,2,4.883654122378627,44.61739130434783,10,4,2025,3
6432.0,202,1983,22000.0,2,Corporate Event,1,0.0,0.0,200,400,1,2,7,0,1,2,11.088709677419354,31.68472906403941,9,3,2025,3
12101.0,239,4101,22000.0,6,Wedding,4,0.0,0.0,200,400,2,1,7,0,1,0,5.363237445148708,50.420833333333334,12,4,2023,0
2580.0,239,4101,19000.0,2,Birthday,4,0.0,0.0,200,400,0,2,7,0,1,1,4.631886884446612,10.75,10,4,2025,3
8149.0,176,3661,12000.0,6,Birthday,4,0.0,0.0,200,400,0,1,7,0,1,0,3.2768978700163847,46.03954802259887,3,1,2025,1
6106.0,202,1983,20000.0,6,Wedding,4,0.0,0.0,200,400,2,1,7,0,1,1,10.080645161290322,30.07881773399015,8,3,2023,2
13638.0,155,66,26000.0,6,Birthday,3,0.0,0.0,200,400,0,1,7,0,1,2,388.05970149253733,87.42307692307692,3,1,2023,1
4204.0,203,1258,25000.0,2,Birthday,3,0.0,0.0,200,400,0,2,7,0,1,0,19.857029388403493,20.607843137254903,1,1,2023,0
5975.0,202,1983,19000.0,6,Birthday,1,0.0,0.0,200,400,0,1,7,0,1,2,9.576612903225806,29.43349753694581,5,2,2023,1
8125.0,202,1983,20000.0,0,Corporate Event,4,0.0,0.0,200,400,1,0,7,0,1,2,10.080645161290322,40.02463054187192,7,3,2022,2
6721.0,252,1608,22000.0,2,Corporate Event,3,0.0,0.0,200,400,1,2,7,0,1,2,13.673088875077688,26.565217391304348,10,4,2025,3
11716.0,176,3661,12000.0,0,Wedding,3,0.0,0.0,200,400,2,0,7,0,1,2,3.2768978700163847,66.19209039548022,3,1,2024,1
5284.0,239,4101,26000.0,6,Birthday,3,0.0,0.0,200,400,0,1,7,0,1,1,6.338371526084837,22.016666666666666,5,2,2023,1
8738.0,203,1258,22000.0,2,Corporate Event,1,0.0,0.0,200,400,1,2,7,0,1,0,17.474185861795075,42.833333333333336,7,3,2023,2
314.0,126,4896,13000.0,0,Birthday,1,0.0,0.0,200,400,0,0,7,0,1,0,2.6546865427812945,2.47244094488189,9,3,2023,3
12851.0,203,1417,15000.0,2,Corporate Event,2,0.0,0.0,200,400,1,2,7,0,1,0,10.578279266572638,62.995098039215684,4,2,2023,1
12548.0,42,3577,23000.0,0,Birthday,5,0.0,0.0,200,400,0,0,7,0,1,1,6.428172163219676,291.8139534883721,12,4,2022,0
7595.0,202,1983,20000.0,0,Birthday,3,0.0,0.0,200,400,0,0,7,0,1,2,10.080645161290322,37.41379310344828,7,3,2022,2
4719.0,155,66,22000.0,0,Wedding,2,0.0,0.0,200,400,2,0,7,0,1,0,328.35820895522386,30.25,4,2,2022,1
1874.0,252,1608,25000.0,2,Corporate Event,5,0.0,0.0,200,400,1,2,7,0,1,1,15.537600994406464,7.407114624505929,5,2,2024,1
6307.0,203,1417,19000.0,2,Corporate Event,4,0.0,0.0,200,400,1,2,7,0,1,2,13.399153737658674,30.916666666666668,9,3,2025,3
5688.0,229,3480,15000.0,2,Wedding,3,0.0,0.0,200,400,2,2,7,0,1,1,4.309106578569376,24.730434782608697,10,4,2024,3
2289.0,203,1258,15000.0,2,Birthday,2,0.0,0.0,200,400,0,2,7,0,1,1,11.914217633042098,11.220588235294118,9,3,2023,3
8268.0,203,1417,26000.0,0,Corporate Event,4,0.0,0.0,200,400,1,0,7,0,1,0,18.33568406205924,40.529411764705884,8,3,2022,2
9500.0,203,1417,12000.0,0,Corporate Event,1,0.0,0.0,200,400,1,0,7,0,1,0,8.46262341325811,46.568627450980394,9,3,2023,3
11740.0,203,1258,23000.0,0,Birthday,5,0.0,0.0,200,400,0,0,7,0,1,0,18.268467037331217,57.549019607843135,2,1,2025,0
1912.0,298,962,26000.0,2,Wedding,2,0.0,0.0,200,400,2,2,7,0,1,1,26.99896157840083,6.394648829431438,1,1,2022,0
7088.0,202,1983,17000.0,0,Wedding,1,0.0,0.0,200,400,2,0,7,0,1,2,8.568548387096774,34.916256157635466,10,4,2024,3
5927.0,176,3661,24000.0,6,Birthday,5,0.0,0.0,200,400,0,1,7,0,1,1,6.553795740032769,33.48587570621469,9,3,2022,3
5842.0,203,1417,13000.0,0,Wedding,3,0.0,0.0,200,400,2,0,7,0,1,2,9.16784203102962,28.637254901960784,4,2,2023,1
14153.0,252,1608,15000.0,2,Birthday,5,0.0,0.0,200,400,0,2,7,0,1,1,9.322560596643878,55.940711462450594,11,4,2023,3
13031.0,203,1258,12000.0,2,Birthday,1,0.0,0.0,200,400,0,2,7,0,1,0,9.531374106433677,63.877450980392155,1,1,2024,0
8620.0,249,22215,19000.0,2,Wedding,5,0.0,0.0,200,400,2,2,7,0,1,0,0.8552394670507742,34.48,7,3,2022,2
7785.0,239,4101,25000.0,2,Birthday,3,0.0,0.0,200,400,0,2,7,0,1,1,6.094588005850804,32.4375,1,1,2023,0
6042.0,203,1258,26000.0,2,Corporate Event,2,0.0,0.0,200,400,1,2,7,0,1,2,20.651310563939635,29.61764705882353,10,4,2023,3
12688.0,239,4101,15000.0,2,Wedding,3,0.0,0.0,200,400,2,2,7,0,1,1,3.6567528035104826,52.86666666666667,4,2,2025,1
14673.0,249,22215,12000.0,2,Birthday,3,0.0,0.0,200,400,0,2,7,0,1,1,0.5401512423478574,58.692,8,3,2023,2
6012.0,249,22215,23000.0,6,Corporate Event,2,0.0,0.0,200,400,1,1,7,0,1,0,1.0352898811667266,24.048,2,1,2022,0
836.0,202,1983,26000.0,6,Wedding,1,0.0,0.0,200,400,2,1,7,0,1,1,13.10483870967742,4.1182266009852215,12,4,2024,0
7366.0,126,4896,23000.0,2,Birthday,1,0.0,0.0,200,400,0,2,7,0,1,0,4.696753114151521,58.0,8,3,2022,2
12727.0,252,1608,21000.0,2,Wedding,2,0.0,0.0,200,400,2,2,7,0,1,2,13.05158483530143,50.30434782608695,5,2,2024,1
12709.0,298,962,25000.0,2,Birthday,3,0.0,0.0,200,400,0,2,7,0,1,2,25.96053997923157,42.50501672240803,3,1,2023,1
4236.0,42,3577,21000.0,2,Wedding,4,0.0,0.0,200,400,2,2,7,0,1,2,5.869200670765791,98.51162790697674,9,3,2022,3
13761.0,203,1258,12000.0,0,Corporate Event,3,0.0,0.0,200,400,1,0,7,0,1,2,9.531374106433677,67.45588235294117,9,3,2022,3
5240.0,249,22215,13000.0,6,Wedding,4,0.0,0.0,200,400,2,1,7,0,1,2,0.5851638458768456,20.96,7,3,2022,2
2996.0,252,1608,26000.0,0,Birthday,5,0.0,0.0,200,400,0,0,7,0,1,2,16.159105034182723,11.84189723320158,8,3,2025,2
4050.0,42,3577,26000.0,0,Wedding,2,0.0,0.0,200,400,2,0,7,0,1,1,7.266629401900503,94.18604651162791,9,3,2024,3
7725.0,202,1983,22000.0,2,Birthday,4,0.0,0.0,200,400,0,2,7,0,1,0,11.088709677419354,38.05418719211823,2,1,2025,0
2808.0,249,22215,19000.0,0,Birthday,2,0.0,0.0,200,400,0,0,7,0,1,1,0.8552394670507742,11.232,4,2,2025,1
5530.0,239,4101,26000.0,2,Corporate Event,3,0.0,0.0,200,400,1,2,7,0,1,0,6.338371526084837,23.041666666666668,3,1,2024,1
6403.0,298,962,26000.0,0,Wedding,1,0.0,0.0,200,400,2,0,7,0,1,1,26.99896157840083,21.414715719063544,3,1,2025,1
8221.0,203,1417,13000.0,2,Corporate Event,5,0.0,0.0,200,400,1,2,7,0,1,2,9.16784203102962,40.299019607843135,7,3,2024,2
11726.0,229,3480,19000.0,2,Wedding,1,0.0,0.0,200,400,2,2,7,0,1,2,5.458201666187877,50.982608695652175,4,2,2023,1
3243.0,229,3480,17000.0,6,Birthday,4,0.0,0.0,200,400,0,1,7,0,1,2,4.883654122378627,14.1,4,2,2025,1
7231.0,229,3480,21000.0,6,Birthday,2,0.0,0.0,200,400,0,1,7,0,1,2,6.032749209997127,31.43913043478261,7,3,2025,2
14998.0,203,1258,24000.0,6,Wedding,1,0.0,0.0,200,400,2,1,7,0,1,1,19.062748212867355,73.51960784313725,5,2,2023,1
9051.0,42,3577,13000.0,2,Birthday,3,0.0,0.0,200,400,0,2,7,0,1,0,3.6333147009502516,210.48837209302326,4,2,2022,1
9021.0,239,4101,19000.0,0,Corporate Event,4,0.0,0.0,200,400,1,0,7,0,1,0,4.631886884446612,37.5875,1,1,2025,0
3920.0,155,66,25000.0,0,Corporate Event,5,0.0,0.0,200,400,1,0,7,0,1,2,373.13432835820896,25.128205128205128,4,2,2024,1
10126.0,239,4101,23000.0,2,Corporate Event,4,0.0,0.0,200,400,1,2,7,0,1,0,5.60702096538274,42.19166666666667,2,1,2024,0
1219.0,203,1417,19000.0,6,Wedding,1,0.0,0.0,200,400,2,1,7,0,1,1,13.399153737658674,5.9754901960784315,8,3,2022,2
3978.0,252,1608,15000.0,0,Birthday,4,0.0,0.0,200,400,0,0,7,0,1,0,9.322560596643878,15.723320158102768,12,4,2023,0
9585.0,252,1608,20000.0,0,Birthday,2,0.0,0.0,200,400,0,0,7,0,1,2,12.430080795525171,37.88537549407115,11,4,2022,3
4685.0,229,3480,24000.0,2,Birthday,5,0.0,0.0,200,400,0,2,7,0,1,1,6.894570525711003,20.369565217391305,1,1,2023,0
12976.0,229,3480,19000.0,0,Wedding,3,0.0,0.0,200,400,2,0,7,0,1,1,5.458201666187877,56.417391304347824,3,1,2022,1
14281.0,203,1417,24000.0,2,Wedding,1,0.0,0.0,200,400,2,2,7,0,1,1,16.92524682651622,70.00490196078431,5,2,2022,1
3123.0,203,1417,26000.0,0,Corporate Event,1,0.0,0.0,200,400,1,0,7,0,1,2,18.33568406205924,15.308823529411764,12,4,2025,0
8481.0,42,3577,15000.0,6,Birthday,5,0.0,0.0,200,400,0,1,7,0,1,2,4.192286193404136,197.2325581395349,10,4,2024,3
14331.0,126,4896,22000.0,2,Wedding,4,0.0,0.0,200,400,2,2,7,0,1,2,4.492546457014499,112.84251968503936,11,4,2023,3
9955.0,203,1417,23000.0,6,Corporate Event,3,0.0,0.0,200,400,1,1,7,0,1,1,16.22002820874471,48.799019607843135,3,1,2025,1
11299.0,229,3480,23000.0,2,Birthday,1,0.0,0.0,200,400,0,2,7,0,1,1,6.607296753806377,49.12608695652174,6,2,2023,2
3910.0,203,1417,26000.0,0,Birthday,1,0.0,0.0,200,400,0,0,7,0,1,1,18.33568406205924,19.166666666666668,9,3,2023,3
10258.0,239,4101,26000.0,6,Birthday,5,0.0,0.0,200,400,0,1,7,0,1,0,6.338371526084837,42.74166666666667,6,2,2025,2
647.0,203,1258,17000.0,0,Corporate Event,2,0.0,0.0,200,400,1,0,7,0,1,2,13.502779984114376,3.1715686274509802,10,4,2025,3
7228.0,155,66,26000.0,0,Corporate Event,1,0.0,0.0,200,400,1,0,7,0,1,1,388.05970149253733,46.333333333333336,2,1,2024,0
14124.0,203,1417,25000.0,2,Birthday,1,0.0,0.0,200,400,0,2,7,0,1,0,17.63046544428773,69.23529411764706,12,4,2024,0
6611.0,126,4896,15000.0,2,Wedding,2,0.0,0.0,200,400,2,2,7,0,1,2,3.06309985705534,52.05511811023622,5,2,2025,1
14853.0,252,1608,12000.0,0,Corporate Event,1,0.0,0.0,200,400,1,0,7,0,1,1,7.458048477315103,58.70750988142292,1,1,2024,0
12464.0,252,1608,21000.0,6,Corporate Event,5,0.0,0.0,200,400,1,1,7,0,1,0,13.05158483530143,49.26482213438735,4,2,2024,1
10649.0,252,1608,12000.0,0,Birthday,4,0.0,0.0,200,400,0,0,7,0,1,2,7.458048477315103,42.09090909090909,1,1,2024,0
1523.0,202,1983,21000.0,6,Corporate Event,4,0.0,0.0,200,400,1,1,7,0,1,2,10.584677419354838,7.502463054187192,3,1,2023,1
12119.0,176,3661,20000.0,0,Birthday,2,0.0,0.0,200,400,0,0,7,0,1,1,5.461496450027307,68.46892655367232,6,2,2024,2
9051.0,42,3577,24000.0,2,Birthday,3,0.0,0.0,200,400,0,2,7,0,1,1,6.707657909446619,210.48837209302326,12,4,2024,0
12594.0,176,3661,19000.0,2,Corporate Event,5,0.0,0.0,200,400,1,2,7,0,1,2,5.188421627525942,71.15254237288136,9,3,2023,3
4803.0,298,962,17000.0,2,Corporate Event,1,0.0,0.0,200,400,1,2,7,0,1,0,17.653167185877468,16.06354515050167,1,1,2023,0
9321.0,203,1417,12000.0,2,Birthday,5,0.0,0.0,200,400,0,2,7,0,1,0,8.46262341325811,45.69117647058823,5,2,2023,1
8615.0,203,1258,24000.0,2,Corporate Event,4,0.0,0.0,200,400,1,2,7,0,1,0,19.062748212867355,42.23039215686274,5,2,2024,1
5075.0,252,1608,13000.0,2,Corporate Event,5,0.0,0.0,200,400,1,2,7,0,1,0,8.079552517091361,20.059288537549406,5,2,2022,1
1378.0,252,1608,25000.0,6,Birthday,5,0.0,0.0,200,400,0,1,7,0,1,0,15.537600994406464,5.446640316205533,7,3,2023,2
12612.0,203,1417,25000.0,6,Corporate Event,5,0.0,0.0,200,400,1,1,7,0,1,0,17.63046544428773,61.8235294117647,6,2,2023,2
1800.0,202,1983,25000.0,0,Birthday,3,0.0,0.0,200,400,0,0,7,0,1,0,12.600806451612904,8.866995073891626,1,1,2023,0
5638.0,202,1983,17000.0,2,Corporate Event,2,0.0,0.0,200,400,1,2,7,0,1,2,8.568548387096774,27.773399014778324,10,4,2024,3
8271.0,155,66,26000.0,6,Birthday,5,0.0,0.0,200,400,0,1,7,0,1,2,388.05970149253733,53.01923076923077,10,4,2022,3
2541.0,298,962,12000.0,0,Corporate Event,1,0.0,0.0,200,400,1,0,7,0,1,2,12.461059190031152,8.498327759197325,8,3,2024,2
10198.0,252,1608,25000.0,2,Wedding,4,0.0,0.0,200,400,2,2,7,0,1,0,15.537600994406464,40.308300395256914,2,1,2023,0
3564.0,229,3480,12000.0,2,Birthday,2,0.0,0.0,200,400,0,2,7,0,1,1,3.4472852628555013,15.495652173913044,12,4,2024,0
608.0,203,1258,26000.0,0,Birthday,1,0.0,0.0,200,400,0,0,7,0,1,0,20.651310563939635,2.980392156862745,9,3,2025,3
10235.0,229,3480,19000.0,6,Corporate Event,1,0.0,0.0,200,400,1,1,7,0,1,2,5.458201666187877,44.5,4,2,2025,1
7196.0,249,22215,20000.0,0,Wedding,3,0.0,0.0,200,400,2,0,7,0,1,1,0.9002520705797623,28.784,6,2,2022,2
13879.0,298,962,22000.0,2,Wedding,2,0.0,0.0,200,400,2,2,7,0,1,2,22.84527518172378,46.4180602006689,9,3,2025,3
996.0,42,3577,26000.0,0,Birthday,4,0.0,0.0,200,400,0,0,7,0,1,1,7.266629401900503,23.162790697674417,10,4,2025,3
11065.0,298,962,25000.0,2,Wedding,2,0.0,0.0,200,400,2,2,7,0,1,2,25.96053997923157,37.0066889632107,3,1,2025,1
7737.0,249,22215,12000.0,2,Corporate Event,1,0.0,0.0,200,400,1,2,7,0,1,0,0.5401512423478574,30.948,10,4,2023,3
1983.0,252,1608,22000.0,6,Corporate Event,4,0.0,0.0,200,400,1,1,7,0,1,1,13.673088875077688,7.83794466403162,9,3,2024,3
8265.0,155,66,17000.0,0,Birthday,5,0.0,0.0,200,400,0,0,7,0,1,1,253.73134328358208,52.98076923076923,3,1,2023,1
14860.0,202,1983,12000.0,0,Wedding,1,0.0,0.0,200,400,2,0,7,0,1,2,6.048387096774194,73.20197044334975,3,1,2025,1
11990.0,229,3480,26000.0,0,Birthday,2,0.0,0.0,200,400,0,0,7,0,1,1,7.469118069520253,52.130434782608695,9,3,2022,3
716.0,298,962,19000.0,0,Corporate Event,3,0.0,0.0,200,400,1,0,7,0,1,1,19.73001038421599,2.3946488294314383,10,4,2024,3
6363.0,203,1417,26000.0,2,Birthday,3,0.0,0.0,200,400,0,2,7,0,1,0,18.33568406205924,31.191176470588236,10,4,2024,3
730.0,202,1983,24000.0,2,Wedding,2,0.0,0.0,200,400,2,2,7,0,1,0,12.096774193548388,3.5960591133004924,5,2,2025,1
1925.0,229,3480,21000.0,2,Corporate Event,4,0.0,0.0,200,400,1,2,7,0,1,0,6.032749209997127,8.369565217391305,1,1,2022,0
2717.0,176,3661,17000.0,0,Birthday,4,0.0,0.0,200,400,0,0,7,0,1,1,4.642271982523211,15.350282485875706,4,2,2024,1
12020.0,252,1608,26000.0,0,Corporate Event,4,0.0,0.0,200,400,1,0,7,0,1,1,16.159105034182723,47.5098814229249,10,4,2023,3
12676.0,176,3661,17000.0,2,Corporate Event,1,0.0,0.0,200,400,1,2,7,0,1,0,4.642271982523211,71.61581920903954,12,4,2022,0
5024.0,203,1258,20000.0,6,Wedding,5,0.0,0.0,200,400,2,1,7,0,1,0,15.885623510722796,24.627450980392158,7,3,2022,2
14028.0,229,3480,13000.0,6,Corporate Event,2,0.0,0.0,200,400,1,1,7,0,1,2,3.7345590347601263,60.99130434782609,5,2,2022,1
3816.0,126,4896,23000.0,2,Birthday,1,0.0,0.0,200,400,0,2,7,0,1,2,4.696753114151521,30.04724409448819,9,3,2023,3
1390.0,298,962,12000.0,2,Birthday,5,0.0,0.0,200,400,0,2,7,0,1,2,12.461059190031152,4.648829431438127,9,3,2023,3
9375.0,298,962,21000.0,2,Wedding,1,0.0,0.0,200,400,2,2,7,0,1,1,21.806853582554517,31.354515050167223,4,2,2025,1
4807.0,203,1258,20000.0,2,Corporate Event,3,0.0,0.0,200,400,1,2,7,0,1,1,15.885623510722796,23.563725490196077,4,2,2022,1
2854.0,176,3661,20000.0,2,Corporate Event,1,0.0,0.0,200,400,1,2,7,0,1,1,5.461496450027307,16.124293785310734,12,4,2023,0
14459.0,298,962,13000.0,0,Birthday,3,0.0,0.0,200,400,0,0,7,0,1,1,13.499480789200415,48.357859531772576,6,2,2024,2
9493.0,298,962,25000.0,2,Wedding,1,0.0,0.0,200,400,2,2,7,0,1,0,25.96053997923157,31.74916387959866,9,3,2024,3
12625.0,252,1608,24000.0,0,Corporate Event,4,0.0,0.0,200,400,1,0,7,0,1,2,14.916096954630206,49.901185770750985,12,4,2025,0
6798.0,252,1608,22000.0,2,Corporate Event,1,0.0,0.0,200,400,1,2,7,0,1,1,13.673088875077688,26.869565217391305,5,2,2025,1
13938.0,126,4896,26000.0,0,Wedding,4,0.0,0.0,200,400,2,0,7,0,1,2,5.309373085562589,109.74803149606299,5,2,2023,1
4144.0,126,4896,24000.0,6,Wedding,3,0.0,0.0,200,400,2,1,7,0,1,0,4.900959771288544,32.62992125984252,4,2,2025,1
10855.0,229,3480,17000.0,0,Wedding,1,0.0,0.0,200,400,2,0,7,0,1,1,4.883654122378627,47.19565217391305,1,1,2022,0
3739.0,239,4101,26000.0,0,Corporate Event,3,0.0,0.0,200,400,1,0,7,0,1,0,6.338371526084837,15.579166666666667,9,3,2023,3
2183.0,203,1417,23000.0,2,Birthday,1,0.0,0.0,200,400,0,2,7,0,1,2,16.22002820874471,10.700980392156863,10,4,2022,3
8361.0,42,3577,20000.0,2,Birthday,3,0.0,0.0,200,400,0,2,7,0,1,2,5.589714924538849,194.4418604651163,12,4,2024,0
1374.0,229,3480,21000.0,2,Corporate Event,5,0.0,0.0,200,400,1,2,7,0,1,2,6.032749209997127,5.973913043478261,3,1,2023,1
10280.0,155,66,12000.0,2,Corporate Event,1,0.0,0.0,200,400,1,2,7,0,1,1,179.1044776119403,65.8974358974359,1,1,2023,0
7487.0,126,4896,15000.0,2,Birthday,2,0.0,0.0,200,400,0,2,7,0,1,0,3.06309985705534,58.95275590551181,12,4,2024,0
14615.0,203,1417,12000.0,0,Birthday,2,0.0,0.0,200,400,0,0,7,0,1,1,8.46262341325811,71.6421568627451,10,4,2022,3
7337.0,126,4896,22000.0,2,Corporate Event,5,0.0,0.0,200,400,1,2,7,0,1,0,4.492546457014499,57.77165354330709,11,4,2024,3
13506.0,229,3480,17000.0,2,Wedding,3,0.0,0.0,200,400,2,2,7,0,1,0,4.883654122378627,58.721739130434784,10,4,2022,3
9102.0,176,3661,12000.0,2,Birthday,2,0.0,0.0,200,400,0,2,7,0,1,1,3.2768978700163847,51.42372881355932,12,4,2025,0
11467.0,249,22215,15000.0,6,Corporate Event,5,0.0,0.0,200,400,1,1,7,0,1,0,0.6751890529348218,45.868,6,2,2023,2
10374.0,42,3577,22000.0,2,Birthday,4,0.0,0.0,200,400,0,2,7,0,1,1,6.148686416992733,241.25581395348837,11,4,2025,3
3612.0,42,3577,17000.0,6,Corporate Event,2,0.0,0.0,200,400,1,1,7,0,1,1,4.751257685858021,84.0,11,4,2023,3
9974.0,155,66,22000.0,2,Wedding,4,0.0,0.0,200,400,2,2,7,0,1,1,328.35820895522386,63.93589743589744,6,2,2024,2
9068.0,298,962,25000.0,2,Birthday,5,0.0,0.0,200,400,0,2,7,0,1,0,25.96053997923157,30.327759197324415,12,4,2024,0
14872.0,126,4896,24000.0,0,Birthday,2,0.0,0.0,200,400,0,0,7,0,1,1,4.900959771288544,117.10236220472441,2,1,2023,0
3445.0,176,3661,25000.0,2,Corporate Event,1,0.0,0.0,200,400,1,2,7,0,1,2,6.826870562534134,19.463276836158194,7,3,2022,2
14299.0,126,4896,15000.0,0,Corporate Event,1,0.0,0.0,200,400,1,0,7,0,1,2,3.06309985705534,112.59055118110236,4,2,2024,1
14261.0,203,1417,12000.0,10,Wedding,5,0.0,0.0,200,500,2,0,11,0,0,1,8.46262341325811,69.90686274509804,3,1,2023,1
816.0,42,3577,17000.0,16,Corporate Event,5,0.0,0.0,200,500,1,2,11,0,0,0,4.751257685858021,18.976744186046513,4,2,2022,1
4030.0,252,1608,13000.0,0,Corporate Event,4,0.0,0.0,200,500,1,2,11,0,0,0,8.079552517091361,15.928853754940711,11,4,2022,3
4102.0,249,22215,26000.0,10,Wedding,2,0.0,0.0,200,500,2,0,11,0,0,0,1.1703276917536911,16.408,6,2,2022,2
8664.0,202,1983,23000.0,0,Corporate Event,3,0.0,0.0,200,500,1,2,11,0,0,1,11.59274193548387,42.679802955665025,8,3,2024,2
5560.0,298,962,12000.0,10,Corporate Event,3,0.0,0.0,200,500,1,0,11,0,0,1,12.461059190031152,18.59531772575251,8,3,2024,2
1150.0,298,962,26000.0,0,Wedding,3,0.0,0.0,200,500,2,2,11,0,0,2,26.99896157840083,3.8461538461538463,8,3,2023,2
13056.0,126,4896,12000.0,10,Birthday,1,0.0,0.0,200,500,0,0,11,0,0,1,2.450479885644272,102.80314960629921,9,3,2023,3
10291.0,126,4896,17000.0,0,Wedding,3,0.0,0.0,200,500,2,2,11,0,0,0,3.471513171329385,81.03149606299213,7,3,2025,2
11511.0,176,3661,26000.0,10,Wedding,2,0.0,0.0,200,500,2,0,11,0,0,2,7.099945385035499,65.03389830508475,4,2,2023,1
6075.0,155,66,23000.0,3,Wedding,4,0.0,0.0,200,500,2,1,11,0,0,1,343.2835820895522,38.94230769230769,4,2,2025,1
787.0,203,1258,19000.0,16,Wedding,4,0.0,0.0,200,500,2,2,11,0,0,0,15.091342335186656,3.857843137254902,9,3,2023,3
2766.0,239,4101,13000.0,10,Birthday,1,0.0,0.0,200,500,0,0,11,0,0,0,3.1691857630424183,11.525,12,4,2025,0
12187.0,202,1983,20000.0,0,Birthday,2,0.0,0.0,200,500,0,2,11,0,0,0,10.080645161290322,60.03448275862069,2,1,2022,0
92180.0,42,3577,12000.0,0,Birthday,5,0.0,0.0,200,500,0,2,11,0,0,2,3.3538289547233093,2143.720930232558,4,2,2023,1
8460.0,202,1983,15000.0,10,Birthday,4,0.0,0.0,200,500,0,0,11,0,0,1,7.560483870967742,41.67487684729064,10,4,2024,3
7187.0,298,962,12000.0,10,Birthday,1,0.0,0.0,200,500,0,0,11,0,0,2,12.461059190031152,24.036789297658864,1,1,2023,0
6746.0,176,3661,13000.0,16,Corporate Event,1,0.0,0.0,200,500,1,2,11,0,0,2,3.5499726925177497,38.112994350282484,5,2,2023,1
14400.0,298,962,17000.0,0,Birthday,1,0.0,0.0,200,500,0,2,11,0,0,2,17.653167185877468,48.16053511705686,1,1,2024,0
484.0,239,4101,12000.0,16,Wedding,5,0.0,0.0,200,500,2,2,11,0,0,1,2.9254022428083863,2.0166666666666666,8,3,2025,2
478.0,42,3577,15000.0,0,Birthday,3,0.0,0.0,200,500,0,2,11,0,0,0,4.192286193404136,11.116279069767442,8,3,2022,2
13003.0,239,4101,24000.0,16,Corporate Event,3,0.0,0.0,200,500,1,2,11,0,0,0,5.850804485616773,54.17916666666667,4,2,2022,1
499.0,176,3661,13000.0,0,Wedding,1,0.0,0.0,200,500,2,2,11,0,0,2,3.5499726925177497,2.8192090395480225,6,2,2025,2
9113.0,126,4896,25000.0,0,Wedding,3,0.0,0.0,200,500,2,2,11,0,0,1,5.105166428425567,71.75590551181102,9,3,2025,3
8413.0,176,3661,24000.0,10,Birthday,1,0.0,0.0,200,500,0,0,11,0,0,2,6.553795740032769,47.53107344632768,6,2,2025,2
12444.0,203,1417,12000.0,3,Birthday,4,0.0,0.0,200,500,0,1,11,0,0,0,8.46262341325811,61.0,12,4,2024,0
3844.0,298,962,25000.0,3,Corporate Event,4,0.0,0.0,200,500,1,1,11,0,0,2,25.96053997923157,12.856187290969899,9,3,2022,3
10784.0,202,1983,24000.0,10,Birthday,5,0.0,0.0,200,500,0,0,11,0,0,2,12.096774193548388,53.12315270935961,7,3,2022,2
5109.0,239,4101,12000.0,0,Wedding,5,0.0,0.0,200,500,2,2,11,0,0,2,2.9254022428083863,21.2875,10,4,2023,3
4936.0,229,3480,26000.0,0,Birthday,4,0.0,0.0,200,500,0,2,11,0,0,0,7.469118069520253,21.46086956521739,3,1,2023,1
12656.0,203,1258,24000.0,16,Birthday,3,0.0,0.0,200,500,0,2,11,0,0,0,19.062748212867355,62.03921568627451,7,3,2024,2
4876.0,249,22215,23000.0,0,Wedding,1,0.0,0.0,200,500,2,2,11,0,0,1,1.0352898811667266,19.504,10,4,2025,3
3796.0,42,3577,15000.0,10,Corporate Event,1,0.0,0.0,200,500,1,0,11,0,0,2,4.192286193404136,88.27906976744185,1,1,2023,0
5561.0,229,3480,12000.0,0,Birthday,1,0.0,0.0,200,500,0,2,11,0,0,0,3.4472852628555013,24.178260869565218,9,3,2025,3
11278.0,298,962,26000.0,0,Corporate Event,5,0.0,0.0,200,500,1,2,11,0,0,2,26.99896157840083,37.719063545150505,4,2,2022,1
262.0,126,4896,22000.0,16,Corporate Event,3,0.0,0.0,200,500,1,2,11,0,0,0,4.492546457014499,2.062992125984252,9,3,2022,3
1400.0,155,66,24000.0,0,Wedding,4,0.0,0.0,200,500,2,2,11,0,0,0,358.2089552238806,8.974358974358974,4,2,2022,1
11414.0,126,4896,17000.0,10,Wedding,5,0.0,0.0,200,500,2,0,11,0,0,1,3.471513171329385,89.8740157480315,3,1,2025,1
12116.0,249,22215,20000.0,3,Birthday,4,0.0,0.0,200,500,0,1,11,0,0,0,0.9002520705797623,48.464,11,4,2023,3
7847.0,229,3480,23000.0,3,Corporate Event,2,0.0,0.0,200,500,1,1,11,0,0,0,6.607296753806377,34.11739130434783,5,2,2024,1
3193.0,252,1608,24000.0,0,Corporate Event,2,0.0,0.0,200,500,1,2,11,0,0,2,14.916096954630206,12.620553359683795,2,1,2024,0
978.0,239,4101,17000.0,16,Birthday,3,0.0,0.0,200,500,0,2,11,0,0,1,4.144319843978547,4.075,3,1,2024,1
3869.0,176,3661,24000.0,10,Corporate Event,3,0.0,0.0,200,500,1,0,11,0,0,0,6.553795740032769,21.858757062146893,2,1,2023,0
13250.0,252,1608,12000.0,0,Corporate Event,1,0.0,0.0,200,500,1,2,11,0,0,0,7.458048477315103,52.37154150197628,8,3,2022,2
8443.0,298,962,19000.0,10,Birthday,3,0.0,0.0,200,500,0,0,11,0,0,0,19.73001038421599,28.237458193979933,7,3,2023,2
6347.0,126,4896,23000.0,16,Birthday,2,0.0,0.0,200,500,0,2,11,0,0,1,4.696753114151521,49.976377952755904,10,4,2025,3
7920.0,176,3661,19000.0,10,Corporate Event,1,0.0,0.0,200,500,1,0,11,0,0,1,5.188421627525942,44.74576271186441,11,4,2023,3
9429.0,176,3661,23000.0,3,Wedding,2,0.0,0.0,200,500,2,1,11,0,0,2,6.280720917531403,53.271186440677965,12,4,2022,0
13611.0,42,3577,26000.0,10,Corporate Event,1,0.0,0.0,200,500,1,0,11,0,0,2,7.266629401900503,316.5348837209302,11,4,2024,3
4900.0,202,1983,13000.0,0,Wedding,2,0.0,0.0,200,500,2,2,11,0,0,0,6.55241935483871,24.137931034482758,3,1,2022,1
3402.0,249,22215,21000.0,16,Birthday,1,0.0,0.0,200,500,0,2,11,0,0,2,0.9452646741087505,13.608,5,2,2024,1
7837.0,239,4101,20000.0,0,Corporate Event,4,0.0,0.0,200,500,1,2,11,0,0,0,4.875670404680643,32.65416666666667,12,4,2024,0
10981.0,42,3577,15000.0,3,Wedding,1,0.0,0.0,200,500,2,1,11,0,0,1,4.192286193404136,255.37209302325581,7,3,2025,2
98610.0,229,3480,24000.0,16,Wedding,3,0.0,0.0,200,500,2,2,11,0,0,2,6.894570525711003,428.7391304347826,3,1,2023,1
3166.0,249,22215,26000.0,0,Birthday,3,0.0,0.0,200,500,0,2,11,0,0,1,1.1703276917536911,12.664,1,1,2023,0
14381.0,126,4896,23000.0,0,Birthday,3,0.0,0.0,200,500,0,2,11,0,0,0,4.696753114151521,113.23622047244095,6,2,2023,2
10309.0,298,962,15000.0,0,Corporate Event,4,0.0,0.0,200,500,1,2,11,0,0,1,15.576323987538942,34.47826086956522,2,1,2024,0
3370.0,252,1608,12000.0,3,Corporate Event,1,0.0,0.0,200,500,1,1,11,0,0,0,7.458048477315103,13.320158102766799,3,1,2022,1
6977.0,229,3480,17000.0,0,Birthday,1,0.0,0.0,200,500,0,2,11,0,0,0,4.883654122378627,30.33478260869565,9,3,2022,3
3253.0,155,66,26000.0,3,Birthday,5,0.0,0.0,200,500,0,1,11,0,0,1,388.05970149253733,20.852564102564102,9,3,2025,3
1427.0,252,1608,19000.0,16,Corporate Event,2,0.0,0.0,200,500,1,2,11,0,0,2,11.808576755748913,5.640316205533597,9,3,2022,3
292.0,249,22215,12000.0,0,Corporate Event,2,0.0,0.0,200,500,1,2,11,0,0,1,0.5401512423478574,1.168,6,2,2025,2
14997.0,239,4101,21000.0,16,Corporate Event,3,0.0,0.0,200,500,1,2,11,0,0,1,5.1194539249146755,62.4875,8,3,2025,2
2330.0,42,3577,26000.0,10,Wedding,5,0.0,0.0,200,500,2,0,11,0,0,2,7.266629401900503,54.18604651162791,2,1,2024,0
10574.0,202,1983,24000.0,0,Wedding,5,0.0,0.0,200,500,2,2,11,0,0,1,12.096774193548388,52.08866995073892,8,3,2024,2
14061.0,239,4101,25000.0,0,Corporate Event,2,0.0,0.0,200,500,1,2,11,0,0,0,6.094588005850804,58.5875,7,3,2023,2
13437.0,176,3661,26000.0,3,Wedding,1,0.0,0.0,200,500,2,1,11,0,0,1,7.099945385035499,75.91525423728814,9,3,2022,3
3014.0,155,66,20000.0,10,Wedding,2,0.0,0.0,200,500,2,0,11,0,0,2,298.5074626865672,19.32051282051282,8,3,2024,2
8753.0,252,1608,25000.0,16,Corporate Event,1,0.0,0.0,200,500,1,2,11,0,0,0,15.537600994406464,34.59683794466403,12,4,2023,0
2848.0,126,4896,21000.0,0,Birthday,1,0.0,0.0,200,500,0,2,11,0,0,2,4.288339799877476,22.4251968503937,1,1,2023,0
4329.0,249,22215,12000.0,16,Corporate Event,3,0.0,0.0,200,500,1,2,11,0,0,2,0.5401512423478574,17.316,11,4,2024,3
14766.0,203,1417,22000.0,3,Wedding,4,0.0,0.0,200,500,2,1,11,0,0,2,15.514809590973202,72.38235294117646,2,1,2024,0
13440.0,155,66,17000.0,10,Wedding,3,0.0,0.0,200,500,2,0,11,0,0,1,253.73134328358208,86.15384615384616,9,3,2024,3
9839.0,126,4896,19000.0,0,Wedding,4,0.0,0.0,200,500,2,2,11,0,0,0,3.8799264856034306,77.4724409448819,5,2,2022,1
581.0,155,66,24000.0,3,Corporate Event,2,0.0,0.0,200,500,1,1,11,0,0,1,358.2089552238806,3.7243589743589745,10,4,2024,3
6737.0,298,962,25000.0,16,Wedding,2,0.0,0.0,200,500,2,2,11,0,0,0,25.96053997923157,22.531772575250837,4,2,2024,1
3572.0,298,962,22000.0,16,Corporate Event,4,0.0,0.0,200,500,1,2,11,0,0,1,22.84527518172378,11.946488294314381,10,4,2022,3
2754.0,239,4101,26000.0,3,Corporate Event,2,0.0,0.0,200,500,1,1,11,0,0,0,6.338371526084837,11.475,7,3,2024,2
13986.0,42,3577,17000.0,0,Birthday,4,0.0,0.0,200,500,0,2,11,0,0,2,4.751257685858021,325.25581395348837,6,2,2023,2
5412.0,42,3577,24000.0,3,Wedding,4,0.0,0.0,200,500,2,1,11,0,0,1,6.707657909446619,125.86046511627907,12,4,2022,0
12519.0,202,1983,12000.0,10,Birthday,1,0.0,0.0,200,500,0,0,11,0,0,2,6.048387096774194,61.669950738916256,5,2,2022,1
14507.0,203,1417,15000.0,10,Wedding,2,0.0,0.0,200,500,2,0,11,0,0,2,10.578279266572638,71.11274509803921,5,2,2023,1
10160.0,249,22215,21000.0,16,Wedding,4,0.0,0.0,200,500,2,2,11,0,0,0,0.9452646741087505,40.64,2,1,2025,0
4969.0,126,4896,25000.0,16,Wedding,1,0.0,0.0,200,500,2,2,11,0,0,2,5.105166428425567,39.125984251968504,1,1,2022,0
5413.0,239,4101,20000.0,0,Birthday,2,0.0,0.0,200,500,0,2,11,0,0,0,4.875670404680643,22.554166666666667,6,2,2022,2
8171.0,126,4896,25000.0,3,Wedding,5,0.0,0.0,200,500,2,1,11,0,0,0,5.105166428425567,64.33858267716535,11,4,2023,3
6544.0,155,66,20000.0,16,Birthday,5,0.0,0.0,200,500,0,2,11,0,0,0,298.5074626865672,41.94871794871795,4,2,2022,1
10019.0,202,1983,26000.0,3,Wedding,2,0.0,0.0,200,500,2,1,11,0,0,0,13.10483870967742,49.354679802955665,7,3,2022,2
4223.0,203,1417,24000.0,0,Birthday,2,0.0,0.0,200,500,0,2,11,0,0,1,16.92524682651622,20.70098039215686,12,4,2025,0
9159.0,229,3480,17000.0,10,Wedding,2,0.0,0.0,200,500,2,0,11,0,0,0,4.883654122378627,39.821739130434786,2,1,2022,0
13097.0,42,3577,19000.0,0,Birthday,2,0.0,0.0,200,500,0,2,11,0,0,1,5.310229178311906,304.5813953488372,12,4,2025,0
7356.0,155,66,26000.0,0,Birthday,4,0.0,0.0,200,500,0,2,11,0,0,1,388.05970149253733,47.15384615384615,7,3,2024,2
7963.0,202,1983,26000.0,16,Wedding,3,0.0,0.0,200,500,2,2,11,0,0,1,13.10483870967742,39.22660098522167,7,3,2022,2
10170.0,202,1983,24000.0,3,Wedding,5,0.0,0.0,200,500,2,1,11,0,0,1,12.096774193548388,50.09852216748769,10,4,2022,3
8595.0,203,1258,23000.0,3,Birthday,4,0.0,0.0,200,500,0,1,11,0,0,2,18.268467037331217,42.13235294117647,1,1,2022,0
13087.0,249,22215,23000.0,16,Wedding,2,0.0,0.0,200,500,2,2,11,0,0,1,1.0352898811667266,52.348,7,3,2022,2
12688.0,202,1983,23000.0,16,Birthday,5,0.0,0.0,200,500,0,2,11,0,0,1,11.59274193548387,62.50246305418719,9,3,2023,3
10525.0,176,3661,20000.0,16,Wedding,2,0.0,0.0,200,500,2,2,11,0,0,1,5.461496450027307,59.463276836158194,3,1,2024,1
6273.0,249,22215,15000.0,16,Wedding,2,0.0,0.0,200,500,2,2,11,0,0,2,0.6751890529348218,25.092,4,2,2025,1
5309.0,42,3577,22000.0,0,Wedding,5,0.0,0.0,200,500,2,2,11,0,0,1,6.148686416992733,123.46511627906976,9,3,2025,3
12831.0,202,1983,21000.0,3,Wedding,5,0.0,0.0,200,500,2,1,11,0,0,2,10.584677419354838,63.206896551724135,4,2,2023,1
1846.0,203,1258,24000.0,0,Corporate Event,2,0.0,0.0,200,500,1,2,11,0,0,1,19.062748212867355,9.049019607843137,11,4,2022,3
3307.0,126,4896,17000.0,0,Birthday,5,0.0,0.0,200,500,0,2,11,0,0,2,3.471513171329385,26.03937007874016,10,4,2024,3
14262.0,298,962,25000.0,0,Corporate Event,4,0.0,0.0,200,500,1,2,11,0,0,2,25.96053997923157,47.69899665551839,1,1,2023,0
2319.0,203,1258,12000.0,16,Birthday,1,0.0,0.0,200,500,0,2,11,0,0,2,9.531374106433677,11.367647058823529,10,4,2022,3
5304.0,229,3480,13000.0,3,Birthday,1,0.0,0.0,200,500,0,1,11,0,0,1,3.7345590347601263,23.06086956521739,7,3,2024,2
4158.0,239,4101,22000.0,10,Birthday,5,0.0,0.0,200,500,0,0,11,0,0,2,5.363237445148708,17.325,10,4,2025,3
13582.0,229,3480,20000.0,3,Birthday,4,0.0,0.0,200,500,0,1,11,0,0,0,5.745475438092502,59.052173913043475,8,3,2025,2
1145.0,298,962,21000.0,0,Wedding,4,0.0,0.0,200,500,2,2,11,0,0,1,21.806853582554517,3.82943143812709,2,1,2022,0
1714.0,203,1258,15000.0,0,Corporate Event,1,0.0,0.0,200,500,1,2,11,0,0,0,11.914217633042098,8.401960784313726,8,3,2024,2
11514.0,176,3661,21000.0,3,Birthday,1,0.0,0.0,200,500,0,1,11,0,0,1,5.734571272528673,65.05084745762711,3,1,2022,1
2043.0,202,1983,20000.0,10,Birthday,4,0.0,0.0,200,500,0,0,11,0,0,2,10.080645161290322,10.064039408866995,1,1,2023,0
4611.0,239,4101,19000.0,10,Birthday,4,0.0,0.0,200,500,0,0,11,0,0,1,4.631886884446612,19.2125,2,1,2024,0
11652.0,239,4101,22000.0,0,Corporate Event,2,0.0,0.0,200,500,1,2,11,0,0,2,5.363237445148708,48.55,2,1,2024,0
9118.0,239,4101,26000.0,10,Birthday,1,0.0,0.0,200,500,0,0,11,0,0,1,6.338371526084837,37.99166666666667,6,2,2025,2
13812.0,176,3661,19000.0,0,Corporate Event,5,0.0,0.0,200,500,1,2,11,0,0,0,5.188421627525942,78.03389830508475,2,1,2025,0
11437.0,298,962,19000.0,16,Corporate Event,4,0.0,0.0,200,500,1,2,11,0,0,1,19.73001038421599,38.25083612040134,12,4,2022,0
14008.0,298,962,20000.0,0,Corporate Event,2,0.0,0.0,200,500,1,2,11,0,0,2,20.768431983385256,46.8494983277592,5,2,2022,1
9070.0,203,1417,26000.0,0,Wedding,3,0.0,0.0,200,500,2,2,11,0,0,1,18.33568406205924,44.46078431372549,11,4,2022,3
101250.0,239,4101,17000.0,3,Wedding,1,0.0,0.0,200,500,2,1,11,0,0,1,4.144319843978547,421.875,1,1,2023,0
3182.0,126,4896,17000.0,16,Birthday,2,0.0,0.0,200,500,0,2,11,0,0,2,3.471513171329385,25.055118110236222,4,2,2022,1
9344.0,229,3480,25000.0,0,Birthday,5,0.0,0.0,200,500,0,2,11,0,0,2,7.181844297615628,40.62608695652174,9,3,2022,3
4739.0,249,22215,23000.0,0,Wedding,1,0.0,0.0,200,500,2,2,11,0,0,0,1.0352898811667266,18.956,12,4,2025,0
8650.0,202,1983,24000.0,16,Corporate Event,5,0.0,0.0,200,500,1,2,11,0,0,0,12.096774193548388,42.610837438423644,2,1,2024,0
8840.0,203,1258,15000.0,10,Corporate Event,5,0.0,0.0,200,500,1,0,11,0,0,1,11.914217633042098,43.333333333333336,10,4,2025,3
9042.0,229,3480,19000.0,0,Corporate Event,4,0.0,0.0,200,500,1,2,11,0,0,0,5.458201666187877,39.31304347826087,11,4,2023,3
1545.0,203,1417,17000.0,16,Wedding,2,0.0,0.0,200,500,2,2,11,0,0,0,11.988716502115656,7.573529411764706,6,2,2025,2
765.0,252,1608,21000.0,10,Wedding,3,0.0,0.0,200,500,2,0,11,0,0,2,13.05158483530143,3.0237154150197627,8,3,2025,2
6456.0,229,3480,22000.0,16,Corporate Event,4,0.0,0.0,200,500,1,2,11,0,0,1,6.320022981901753,28.069565217391304,7,3,2025,2
9735.0,203,1417,23000.0,16,Wedding,4,0.0,0.0,200,500,2,2,11,0,0,2,16.22002820874471,47.720588235294116,8,3,2022,2
1810.0,298,962,12000.0,0,Wedding,4,0.0,0.0,200,500,2,2,11,0,0,1,12.461059190031152,6.053511705685619,4,2,2023,1
8253.0,155,66,21000.0,3,Wedding,5,0.0,0.0,200,500,2,1,11,0,0,2,313.43283582089555,52.90384615384615,1,1,2024,0
11943.0,298,962,23000.0,10,Wedding,4,0.0,0.0,200,500,2,0,11,0,0,0,23.883696780893043,39.94314381270903,6,2,2023,2
11550.0,126,4896,22000.0,16,Wedding,1,0.0,0.0,200,500,2,2,11,0,0,0,4.492546457014499,90.94488188976378,4,2,2022,1
11059.0,229,3480,17000.0,0,Birthday,1,0.0,0.0,200,500,0,2,11,0,0,2,4.883654122378627,48.082608695652176,8,3,2024,2
14177.0,202,1983,23000.0,16,Wedding,3,0.0,0.0,200,500,2,2,11,0,0,2,11.59274193548387,69.83743842364532,11,4,2022,3
101950.0,155,66,22000.0,0,Birthday,2,0.0,0.0,200,500,0,2,11,0,0,2,328.35820895522386,653.525641025641,8,3,2024,2
2008.0,203,1258,22000.0,3,Birthday,4,0.0,0.0,200,500,0,1,11,0,0,1,17.474185861795075,9.843137254901961,12,4,2022,0
11133.0,42,3577,22000.0,3,Corporate Event,1,0.0,0.0,200,500,1,1,11,0,0,0,6.148686416992733,258.90697674418607,11,4,2023,3
11871.0,42,3577,23000.0,10,Corporate Event,1,0.0,0.0,200,500,1,0,11,0,0,1,6.428172163219676,276.06976744186045,4,2,2025,1
1988.0,126,4896,24000.0,3,Corporate Event,5,0.0,0.0,200,500,1,1,11,0,0,0,4.900959771288544,15.653543307086615,10,4,2023,3
8230.0,203,1258,21000.0,0,Wedding,2,0.0,0.0,200,500,2,2,11,0,0,1,16.679904686258936,40.34313725490196,8,3,2024,2
12604.0,202,1983,20000.0,3,Birthday,1,0.0,0.0,200,500,0,1,11,0,0,1,10.080645161290322,62.08866995073892,7,3,2024,2
8976.0,298,962,17000.0,0,Birthday,4,0.0,0.0,200,500,0,2,11,0,0,2,17.653167185877468,30.02006688963211,7,3,2025,2
8033.0,249,22215,12000.0,3,Birthday,4,0.0,0.0,200,500,0,1,11,0,0,1,0.5401512423478574,32.132,8,3,2024,2
12292.0,203,1417,24000.0,3,Wedding,3,0.0,0.0,200,500,2,1,11,0,0,1,16.92524682651622,60.254901960784316,4,2,2023,1
10722.0,252,1608,20000.0,3,Corporate Event,5,0.0,0.0,200,500,1,1,11,0,0,1,12.430080795525171,42.3794466403162,3,1,2024,1
7592.0,249,22215,22000.0,16,Wedding,4,0.0,0.0,200,500,2,2,11,0,0,1,0.9902772776377385,30.368,8,3,2025,2
8343.0,42,3577,26000.0,10,Wedding,1,0.0,0.0,200,500,2,0,11,0,0,1,7.266629401900503,194.02325581395348,2,1,2025,0
13995.0,229,3480,25000.0,10,Corporate Event,1,0.0,0.0,200,500,1,0,11,0,0,1,7.181844297615628,60.84782608695652,5,2,2022,1
8748.0,298,962,24000.0,10,Corporate Event,5,0.0,0.0,200,500,1,0,11,0,0,2,24.922118380062305,29.25752508361204,7,3,2023,2
4627.0,155,66,21000.0,10,Birthday,4,0.0,0.0,200,500,0,0,11,0,0,0,313.43283582089555,29.66025641025641,6,2,2024,2
13202.0,229,3480,22000.0,0,Corporate Event,4,0.0,0.0,200,500,1,2,11,0,0,2,6.320022981901753,57.4,10,4,2023,3
6991.0,298,962,12000.0,0,Birthday,4,0.0,0.0,200,500,0,2,11,0,0,1,12.461059190031152,23.381270903010034,1,1,2025,0
11049.0,298,962,22000.0,3,Birthday,3,0.0,0.0,200,500,0,1,11,0,0,0,22.84527518172378,36.953177257525084,2,1,2023,0
7140.0,239,4101,20000.0,3,Wedding,2,0.0,0.0,200,500,2,1,11,0,0,1,4.875670404680643,29.75,11,4,2023,3
10722.0,239,4101,20000.0,3,Birthday,4,0.0,0.0,200,500,0,1,11,0,0,1,4.875670404680643,44.675,8,3,2025,2
14031.0,203,1258,12000.0,3,Birthday,4,0.0,0.0,200,500,0,1,11,0,0,1,9.531374106433677,68.77941176470588,4,2,2024,1
5872.0,176,3661,13000.0,10,Birthday,3,0.0,0.0,200,500,0,0,11,0,0,2,3.5499726925177497,33.175141242937855,1,1,2023,0
7109.0,203,1258,17000.0,3,Birthday,3,0.0,0.0,200,500,0,1,11,0,0,1,13.502779984114376,34.84803921568628,11,4,2025,3
8013.0,239,4101,19000.0,3,Wedding,3,0.0,0.0,200,500,2,1,11,0,0,2,4.631886884446612,33.3875,4,2,2024,1
1290.0,252,1608,23000.0,10,Birthday,4,0.0,0.0,200,500,0,0,11,0,0,1,14.294592914853947,5.098814229249012,4,2,2024,1
10079.0,298,962,23000.0,0,Birthday,1,0.0,0.0,200,500,0,2,11,0,0,2,23.883696780893043,33.709030100334445,9,3,2022,3
13717.0,229,3480,12000.0,16,Corporate Event,2,0.0,0.0,200,500,1,2,11,0,0,1,3.4472852628555013,59.63913043478261,9,3,2023,3
9098.0,239,4101,20000.0,16,Birthday,2,0.0,0.0,200,500,0,2,11,0,0,1,4.875670404680643,37.90833333333333,10,4,2023,3
3183.0,203,1417,20000.0,10,Corporate Event,5,0.0,0.0,200,500,1,0,11,0,0,0,14.104372355430183,15.602941176470589,10,4,2024,3
3576.0,298,962,13000.0,10,Wedding,1,0.0,0.0,200,500,2,0,11,0,0,1,13.499480789200415,11.959866220735785,7,3,2022,2
4862.0,155,66,26000.0,0,Wedding,2,0.0,0.0,200,500,2,2,11,0,0,1,388.05970149253733,31.166666666666668,8,3,2022,2
14925.0,239,4101,22000.0,0,Birthday,3,0.0,0.0,200,500,0,2,11,0,0,1,5.363237445148708,62.1875,7,3,2024,2
13465.0,155,66,13000.0,16,Wedding,3,0.0,0.0,200,500,2,2,11,0,0,0,194.02985074626866,86.31410256410257,9,3,2024,3
1366.0,203,1417,26000.0,0,Corporate Event,5,0.0,0.0,200,500,1,2,11,0,0,1,18.33568406205924,6.696078431372549,7,3,2023,2
11061.0,42,3577,25000.0,16,Corporate Event,5,0.0,0.0,200,500,1,2,11,0,0,2,6.98714365567356,257.2325581395349,12,4,2022,0
13060.0,155,66,20000.0,0,Wedding,2,0.0,0.0,200,500,2,2,11,0,0,0,298.5074626865672,83.71794871794872,1,1,2025,0
14864.0,229,3480,24000.0,0,Birthday,3,0.0,0.0,200,500,0,2,11,0,0,1,6.894570525711003,64.62608695652175,10,4,2025,3
9243.0,126,4896,24000.0,3,Birthday,3,0.0,0.0,200,500,0,1,11,0,0,0,4.900959771288544,72.77952755905511,11,4,2025,3
8861.0,202,1983,15000.0,3,Birthday,4,0.0,0.0,200,500,0,1,11,0,0,2,7.560483870967742,43.65024630541872,10,4,2025,3
64340.0,249,22215,25000.0,0,Corporate Event,2,0.0,0.0,100,200,1,1,14,0,0,2,1.125315088224703,257.36,7,3,2022,2
11404.0,203,1258,12000.0,0,Corporate Event,1,0.0,0.0,100,200,1,2,14,0,0,1,9.531374106433677,55.90196078431372,6,2,2022,2
11090.0,176,3661,12000.0,1,Birthday,2,0.0,0.0,100,200,0,2,14,0,0,0,3.2768978700163847,62.655367231638415,3,1,2022,1
11548.0,203,1417,23000.0,1,Corporate Event,1,0.0,0.0,100,200,1,2,14,0,0,0,16.22002820874471,56.6078431372549,10,4,2025,3
14908.0,249,22215,17000.0,0,Wedding,2,0.0,0.0,100,200,2,1,14,0,0,1,0.765214259992798,59.632,12,4,2022,0
5700.0,203,1258,13000.0,7,Wedding,4,0.0,0.0,100,200,2,0,14,0,0,2,10.325655281969818,27.941176470588236,11,4,2023,3
13721.0,126,4896,17000.0,7,Corporate Event,4,0.0,0.0,100,200,1,0,14,0,0,0,3.471513171329385,108.03937007874016,10,4,2023,3
6879.0,203,1417,23000.0,7,Corporate Event,2,0.0,0.0,100,200,1,0,14,0,0,1,16.22002820874471,33.720588235294116,2,1,2025,0
6609.0,298,962,25000.0,0,Corporate Event,1,0.0,0.0,100,200,1,1,14,0,0,1,25.96053997923157,22.103678929765888,5,2,2022,1
11698.0,203,1417,12000.0,0,Corporate Event,4,0.0,0.0,100,200,1,2,14,0,0,0,8.46262341325811,57.34313725490196,6,2,2024,2
10069.0,252,1608,19000.0,0,Wedding,2,0.0,0.0,100,200,2,1,14,0,0,1,11.808576755748913,39.798418972332016,6,2,2023,2
2588.0,252,1608,12000.0,7,Birthday,5,0.0,0.0,100,200,0,0,14,0,0,1,7.458048477315103,10.229249011857707,10,4,2024,3
7409.0,239,4101,25000.0,0,Corporate Event,2,0.0,0.0,100,200,1,1,14,0,0,0,6.094588005850804,30.870833333333334,6,2,2023,2
14149.0,176,3661,22000.0,0,Corporate Event,2,0.0,0.0,100,200,1,1,14,0,0,2,6.007646095030038,79.93785310734464,7,3,2025,2
11379.0,202,1983,24000.0,0,Birthday,3,0.0,0.0,100,200,0,1,14,0,0,0,12.096774193548388,56.05418719211823,6,2,2023,2
10863.0,249,22215,12000.0,0,Birthday,1,0.0,0.0,100,200,0,2,14,0,0,2,0.5401512423478574,43.452,10,4,2025,3
12932.0,252,1608,20000.0,0,Birthday,3,0.0,0.0,100,200,0,1,14,0,0,1,12.430080795525171,51.11462450592885,1,1,2024,0
1888.0,239,4101,24000.0,1,Birthday,4,0.0,0.0,100,200,0,2,14,0,0,1,5.850804485616773,7.866666666666666,1,1,2023,0
10554.0,203,1417,12000.0,0,Birthday,5,0.0,0.0,100,200,0,1,14,0,0,1,8.46262341325811,51.73529411764706,1,1,2022,0
12295.0,229,3480,17000.0,1,Birthday,1,0.0,0.0,100,200,0,2,14,0,0,1,4.883654122378627,53.45652173913044,4,2,2025,1
1869.0,229,3480,25000.0,0,Corporate Event,1,0.0,0.0,100,200,1,1,14,0,0,2,7.181844297615628,8.126086956521739,11,4,2022,3
6733.0,202,1983,23000.0,0,Corporate Event,1,0.0,0.0,100,200,1,1,14,0,0,0,11.59274193548387,33.16748768472906,7,3,2022,2
14671.0,203,1258,12000.0,0,Birthday,4,0.0,0.0,100,200,0,2,14,0,0,2,9.531374106433677,71.91666666666667,7,3,2024,2
13158.0,155,66,25000.0,0,Birthday,2,0.0,0.0,100,200,0,1,14,0,0,2,373.13432835820896,84.34615384615384,4,2,2024,1
9914.0,202,1983,17000.0,0,Birthday,1,0.0,0.0,100,200,0,1,14,0,0,1,8.568548387096774,48.83743842364532,7,3,2025,2
5972.0,252,1608,12000.0,7,Birthday,2,0.0,0.0,100,200,0,0,14,0,0,0,7.458048477315103,23.604743083003953,7,3,2025,2
126710.0,252,1608,22000.0,0,Wedding,4,0.0,0.0,100,200,2,1,14,0,0,1,13.673088875077688,500.8300395256917,8,3,2025,2
826.0,203,1258,20000.0,0,Corporate Event,2,0.0,0.0,100,200,1,2,14,0,0,2,15.885623510722796,4.049019607843137,1,1,2024,0
7026.0,203,1258,19000.0,7,Birthday,3,0.0,0.0,100,200,0,0,14,0,0,2,15.091342335186656,34.44117647058823,4,2,2022,1
5954.0,239,4101,19000.0,0,Corporate Event,5,0.0,0.0,100,200,1,2,14,0,0,2,4.631886884446612,24.808333333333334,7,3,2024,2
11958.0,126,4896,15000.0,0,Birthday,4,0.0,0.0,100,200,0,2,14,0,0,0,3.06309985705534,94.15748031496064,8,3,2024,2
11211.0,203,1417,23000.0,0,Wedding,2,0.0,0.0,100,200,2,2,14,0,0,0,16.22002820874471,54.955882352941174,9,3,2023,3
4895.0,126,4896,22000.0,1,Birthday,4,0.0,0.0,100,200,0,2,14,0,0,2,4.492546457014499,38.54330708661417,5,2,2024,1
8774.0,203,1417,23000.0,1,Wedding,3,0.0,0.0,100,200,2,2,14,0,0,1,16.22002820874471,43.009803921568626,9,3,2022,3
91800.0,202,1983,15000.0,1,Birthday,2,0.0,0.0,100,200,0,2,14,0,0,0,7.560483870967742,452.2167487684729,6,2,2022,2
3674.0,42,3577,17000.0,7,Corporate Event,5,0.0,0.0,100,200,1,0,14,0,0,1,4.751257685858021,85.44186046511628,12,4,2022,0
8559.0,176,3661,25000.0,7,Corporate Event,2,0.0,0.0,100,200,1,0,14,0,0,1,6.826870562534134,48.355932203389834,6,2,2025,2
13100.0,176,3661,23000.0,0,Birthday,3,0.0,0.0,100,200,0,1,14,0,0,1,6.280720917531403,74.01129943502825,1,1,2022,0
14150.0,203,1417,20000.0,1,Wedding,5,0.0,0.0,100,200,2,2,14,0,0,0,14.104372355430183,69.36274509803921,4,2,2023,1
1656.0,203,1258,15000.0,0,Wedding,4,0.0,0.0,100,200,2,1,14,0,0,1,11.914217633042098,8.117647058823529,7,3,2022,2
8425.0,203,1258,15000.0,0,Corporate Event,4,0.0,0.0,100,200,1,1,14,0,0,2,11.914217633042098,41.299019607843135,5,2,2024,1
8345.0,202,1983,17000.0,1,Corporate Event,3,0.0,0.0,100,200,1,2,14,0,0,1,8.568548387096774,41.108374384236456,11,4,2023,3
9839.0,203,1417,25000.0,7,Corporate Event,5,0.0,0.0,100,200,1,0,14,0,0,1,17.63046544428773,48.23039215686274,7,3,2023,2
8497.0,249,22215,24000.0,0,Corporate Event,2,0.0,0.0,100,200,1,1,14,0,0,0,1.0803024846957148,33.988,3,1,2023,1
301.0,229,3480,24000.0,0,Birthday,3,0.0,0.0,100,200,0,2,14,0,0,2,6.894570525711003,1.308695652173913,10,4,2025,3
12830.0,239,4101,25000.0,0,Wedding,3,0.0,0.0,100,200,2,2,14,0,0,0,6.094588005850804,53.458333333333336,7,3,2024,2
2095.0,42,3577,26000.0,1,Wedding,4,0.0,0.0,100,200,2,2,14,0,0,1,7.266629401900503,48.72093023255814,11,4,2024,3
14509.0,203,1417,24000.0,0,Corporate Event,4,0.0,0.0,100,200,1,2,14,0,0,0,16.92524682651622,71.12254901960785,3,1,2022,1
7884.0,202,1983,17000.0,7,Wedding,5,0.0,0.0,100,200,2,0,14,0,0,2,8.568548387096774,38.83743842364532,6,2,2023,2
2211.0,203,1417,15000.0,1,Birthday,1,0.0,0.0,100,200,0,2,14,0,0,1,10.578279266572638,10.838235294117647,11,4,2023,3
14013.0,239,4101,13000.0,7,Birthday,5,0.0,0.0,100,200,0,0,14,0,0,0,3.1691857630424183,58.3875,3,1,2024,1
5323.0,202,1983,12000.0,0,Wedding,3,0.0,0.0,100,200,2,2,14,0,0,2,6.048387096774194,26.221674876847292,9,3,2023,3
5832.0,239,4101,22000.0,0,Birthday,3,0.0,0.0,100,200,0,2,14,0,0,0,5.363237445148708,24.3,3,1,2023,1
6133.0,252,1608,19000.0,0,Birthday,1,0.0,0.0,100,200,0,1,14,0,0,0,11.808576755748913,24.24110671936759,4,2,2024,1
13927.0,155,66,23000.0,0,Corporate Event,3,0.0,0.0,100,200,1,2,14,0,0,1,343.2835820895522,89.27564102564102,5,2,2022,1
8655.0,42,3577,23000.0,0,Wedding,4,0.0,0.0,100,200,2,1,14,0,0,1,6.428172163219676,201.27906976744185,4,2,2022,1
2314.0,202,1983,21000.0,7,Birthday,4,0.0,0.0,100,200,0,0,14,0,0,2,10.584677419354838,11.399014778325123,12,4,2023,0
4331.0,126,4896,13000.0,0,Corporate Event,1,0.0,0.0,100,200,1,1,14,0,0,1,2.6546865427812945,34.10236220472441,3,1,2023,1
12419.0,203,1417,13000.0,1,Birthday,4,0.0,0.0,100,200,0,2,14,0,0,0,9.16784203102962,60.877450980392155,3,1,2023,1
7387.0,239,4101,17000.0,0,Corporate Event,4,0.0,0.0,100,200,1,2,14,0,0,1,4.144319843978547,30.779166666666665,12,4,2024,0
4678.0,203,1417,21000.0,1,Corporate Event,5,0.0,0.0,100,200,1,2,14,0,0,0,14.809590973201692,22.931372549019606,11,4,2023,3
876.0,249,22215,12000.0,0,Birthday,4,0.0,0.0,100,200,0,1,14,0,0,1,0.5401512423478574,3.504,10,4,2024,3
1559.0,249,22215,23000.0,0,Wedding,1,0.0,0.0,100,200,2,1,14,0,0,1,1.0352898811667266,6.236,8,3,2022,2
13243.0,252,1608,12000.0,0,Wedding,2,0.0,0.0,100,200,2,1,14,0,0,0,7.458048477315103,52.34387351778656,2,1,2025,0
11211.0,203,1258,21000.0,1,Birthday,2,0.0,0.0,100,200,0,2,14,0,0,0,16.679904686258936,54.955882352941174,7,3,2024,2
14346.0,176,3661,25000.0,7,Corporate Event,5,0.0,0.0,100,200,1,0,14,0,0,2,6.826870562534134,81.05084745762711,5,2,2024,1
11508.0,202,1983,23000.0,7,Corporate Event,4,0.0,0.0,100,200,1,0,14,0,0,1,11.59274193548387,56.689655172413794,2,1,2022,0
7011.0,202,1983,19000.0,0,Corporate Event,1,0.0,0.0,100,200,1,2,14,0,0,0,9.576612903225806,34.53694581280788,9,3,2024,3
11803.0,176,3661,22000.0,0,Wedding,4,0.0,0.0,100,200,2,2,14,0,0,1,6.007646095030038,66.68361581920904,2,1,2024,0
5346.0,202,1983,13000.0,0,Corporate Event,5,0.0,0.0,100,200,1,1,14,0,0,2,6.55241935483871,26.334975369458128,8,3,2023,2
1814.0,126,4896,21000.0,7,Corporate Event,4,0.0,0.0,100,200,1,0,14,0,0,1,4.288339799877476,14.283464566929133,5,2,2022,1
5380.0,252,1608,26000.0,7,Corporate Event,5,0.0,0.0,100,200,1,0,14,0,0,1,16.159105034182723,21.26482213438735,8,3,2023,2
10167.0,202,1983,23000.0,0,Wedding,2,0.0,0.0,100,200,2,2,14,0,0,1,11.59274193548387,50.083743842364534,12,4,2023,0
13923.0,298,962,12000.0,0,Corporate Event,4,0.0,0.0,100,200,1,2,14,0,0,1,12.461059190031152,46.56521739130435,5,2,2023,1
5735.0,42,3577,19000.0,0,Birthday,4,0.0,0.0,100,200,0,2,14,0,0,1,5.310229178311906,133.37209302325581,7,3,2022,2
9091.0,202,1983,25000.0,0,Wedding,3,0.0,0.0,100,200,2,2,14,0,0,2,12.600806451612904,44.783251231527096,3,1,2025,1
4984.0,42,3577,13000.0,7,Corporate Event,5,0.0,0.0,100,200,1,0,14,0,0,2,3.6333147009502516,115.90697674418605,2,1,2024,0
1488.0,202,1983,13000.0,1,Corporate Event,3,0.0,0.0,100,200,1,2,14,0,0,0,6.55241935483871,7.330049261083744,11,4,2024,3
5794.0,126,4896,21000.0,0,Corporate Event,1,0.0,0.0,100,200,1,2,14,0,0,1,4.288339799877476,45.62204724409449,3,1,2022,1
9180.0,229,3480,25000.0,0,Birthday,5,0.0,0.0,100,200,0,2,14,0,0,2,7.181844297615628,39.91304347826087,9,3,2025,3
14061.0,203,1258,20000.0,7,Wedding,1,0.0,0.0,100,200,2,0,14,0,0,0,15.885623510722796,68.92647058823529,8,3,2022,2
2401.0,239,4101,24000.0,0,Corporate Event,2,0.0,0.0,100,200,1,2,14,0,0,2,5.850804485616773,10.004166666666666,3,1,2022,1
77320.0,249,22215,13000.0,1,Wedding,3,0.0,0.0,100,200,2,2,14,0,0,2,0.5851638458768456,309.28,3,1,2022,1
3316.0,249,22215,23000.0,7,Corporate Event,1,0.0,0.0,100,200,1,0,14,0,0,2,1.0352898811667266,13.264,8,3,2023,2
3989.0,176,3661,13000.0,0,Wedding,3,0.0,0.0,100,200,2,2,14,0,0,1,3.5499726925177497,22.536723163841806,6,2,2023,2
9334.0,249,22215,12000.0,1,Corporate Event,5,0.0,0.0,100,200,1,2,14,0,0,2,0.5401512423478574,37.336,3,1,2025,1
6545.0,239,4101,17000.0,1,Corporate Event,5,0.0,0.0,100,200,1,2,14,0,0,0,4.144319843978547,27.270833333333332,6,2,2024,2
3027.0,155,66,22000.0,0,Wedding,5,0.0,0.0,100,200,2,2,14,0,0,0,328.35820895522386,19.403846153846153,1,1,2025,0
7418.0,252,1608,24000.0,1,Corporate Event,1,0.0,0.0,100,200,1,2,14,0,0,2,14.916096954630206,29.320158102766797,6,2,2025,2
530.0,239,4101,20000.0,0,Corporate Event,3,0.0,0.0,100,200,1,1,14,0,0,1,4.875670404680643,2.2083333333333335,5,2,2025,1
11999.0,239,4101,19000.0,1,Wedding,3,0.0,0.0,100,200,2,2,14,0,0,2,4.631886884446612,49.99583333333333,8,3,2024,2
3223.0,252,1608,19000.0,0,Corporate Event,1,0.0,0.0,100,200,1,2,14,0,0,1,11.808576755748913,12.73913043478261,12,4,2024,0
4577.0,298,962,20000.0,0,Corporate Event,5,0.0,0.0,100,200,1,1,14,0,0,0,20.768431983385256,15.307692307692308,3,1,2025,1
8492.0,126,4896,26000.0,7,Birthday,2,0.0,0.0,100,200,0,0,14,0,0,1,5.309373085562589,66.86614173228347,4,2,2023,1
2936.0,239,4101,26000.0,7,Wedding,1,0.0,0.0,100,200,2,0,14,0,0,1,6.338371526084837,12.233333333333333,12,4,2024,0
13627.0,202,1983,13000.0,0,Wedding,4,0.0,0.0,100,200,2,1,14,0,0,0,6.55241935483871,67.12807881773399,11,4,2024,3
3604.0,203,1258,23000.0,0,Birthday,5,0.0,0.0,100,200,0,2,14,0,0,0,18.268467037331217,17.666666666666668,1,1,2025,0
6619.0,126,4896,15000.0,0,Corporate Event,5,0.0,0.0,100,200,1,1,14,0,0,2,3.06309985705534,52.118110236220474,12,4,2024,0
5586.0,176,3661,19000.0,0,Wedding,1,0.0,0.0,100,200,2,1,14,0,0,0,5.188421627525942,31.559322033898304,7,3,2023,2
7365.0,298,962,24000.0,1,Corporate Event,2,0.0,0.0,100,200,1,2,14,0,0,2,24.922118380062305,24.632107023411372,3,1,2025,1
2806.0,252,1608,26000.0,0,Birthday,5,0.0,0.0,100,200,0,1,14,0,0,1,16.159105034182723,11.090909090909092,9,3,2022,3
3532.0,155,66,26000.0,0,Birthday,3,0.0,0.0,100,200,0,2,14,0,0,0,388.05970149253733,22.641025641025642,1,1,2023,0
3109.0,126,4896,22000.0,1,Birthday,4,0.0,0.0,100,200,0,2,14,0,0,2,4.492546457014499,24.480314960629922,5,2,2024,1
13692.0,155,66,19000.0,0,Birthday,2,0.0,0.0,100,200,0,1,14,0,0,1,283.5820895522388,87.76923076923077,12,4,2024,0
5720.0,252,1608,19000.0,0,Wedding,5,0.0,0.0,100,200,2,1,14,0,0,0,11.808576755748913,22.608695652173914,7,3,2025,2
6387.0,42,3577,24000.0,1,Corporate Event,5,0.0,0.0,100,200,1,2,14,0,0,2,6.707657909446619,148.53488372093022,6,2,2024,2
5041.0,126,4896,17000.0,1,Corporate Event,1,0.0,0.0,100,200,1,2,14,0,0,1,3.471513171329385,39.69291338582677,9,3,2025,3
9320.0,176,3661,21000.0,7,Birthday,5,0.0,0.0,100,200,0,0,14,0,0,1,5.734571272528673,52.655367231638415,1,1,2022,0
11598.0,229,3480,21000.0,7,Wedding,4,0.0,0.0,100,200,2,0,14,0,0,0,6.032749209997127,50.426086956521736,3,1,2024,1
6641.0,126,4896,22000.0,7,Birthday,4,0.0,0.0,100,200,0,0,14,0,0,0,4.492546457014499,52.29133858267716,3,1,2022,1
11843.0,202,1983,21000.0,1,Birthday,5,0.0,0.0,100,200,0,2,14,0,0,2,10.584677419354838,58.33990147783251,4,2,2025,1
1894.0,203,1258,20000.0,1,Wedding,4,0.0,0.0,100,200,2,2,14,0,0,0,15.885623510722796,9.284313725490197,7,3,2022,2
4657.0,298,962,22000.0,0,Wedding,2,0.0,0.0,100,200,2,1,14,0,0,2,22.84527518172378,15.575250836120402,12,4,2023,0
3783.0,239,4101,20000.0,1,Birthday,1,0.0,0.0,100,200,0,2,14,0,0,1,4.875670404680643,15.7625,7,3,2024,2
4729.0,126,4896,22000.0,1,Wedding,4,0.0,0.0,100,200,2,2,14,0,0,0,4.492546457014499,37.23622047244095,4,2,2022,1
11657.0,252,1608,20000.0,7,Birthday,2,0.0,0.0,100,200,0,0,14,0,0,1,12.430080795525171,46.07509881422925,9,3,2023,3
262.0,239,4101,13000.0,0,Birthday,5,0.0,0.0,100,200,0,2,14,0,0,0,3.1691857630424183,1.0916666666666666,3,1,2025,1
3583.0,203,1417,24000.0,7,Wedding,3,0.0,0.0,100,200,2,0,14,0,0,2,16.92524682651622,17.563725490196077,3,1,2025,1
11230.0,239,4101,13000.0,7,Birthday,1,0.0,0.0,100,200,0,0,14,0,0,2,3.1691857630424183,46.791666666666664,11,4,2022,3
13016.0,298,962,19000.0,7,Birthday,1,0.0,0.0,100,200,0,0,14,0,0,0,19.73001038421599,43.531772575250834,8,3,2024,2
3550.0,252,1608,25000.0,7,Corporate Event,1,0.0,0.0,100,200,1,0,14,0,0,0,15.537600994406464,14.031620553359684,5,2,2024,1
13744.0,249,22215,25000.0,1,Birthday,3,0.0,0.0,100,200,0,2,14,0,0,1,1.125315088224703,54.976,1,1,2022,0
7835.0,203,1417,19000.0,0,Wedding,2,0.0,0.0,100,200,2,1,14,0,0,0,13.399153737658674,38.40686274509804,9,3,2024,3
6820.0,203,1417,12000.0,1,Wedding,5,0.0,0.0,100,200,2,2,14,0,0,2,8.46262341325811,33.431372549019606,8,3,2022,2
13419.0,249,22215,19000.0,0,Wedding,2,0.0,0.0,100,200,2,1,14,0,0,2,0.8552394670507742,53.676,6,2,2025,2
10107.0,229,3480,23000.0,0,Birthday,4,0.0,0.0,100,200,0,1,14,0,0,2,6.607296753806377,43.94347826086957,4,2,2025,1
10162.0,249,22215,26000.0,0,Corporate Event,4,0.0,0.0,100,200,1,2,14,0,0,2,1.1703276917536911,40.648,1,1,2023,0
8300.0,42,3577,19000.0,0,Wedding,2,0.0,0.0,100,200,2,2,14,0,0,2,5.310229178311906,193.02325581395348,9,3,2022,3
1921.0,239,4101,25000.0,0,Birthday,3,0.0,0.0,100,200,0,1,14,0,0,1,6.094588005850804,8.004166666666666,3,1,2024,1
5421.0,298,962,19000.0,0,Wedding,4,0.0,0.0,100,200,2,2,14,0,0,2,19.73001038421599,18.130434782608695,11,4,2024,3
7560.0,252,1608,24000.0,0,Wedding,5,0.0,0.0,100,200,2,1,14,0,0,0,14.916096954630206,29.881422924901187,1,1,2025,0
7723.0,176,3661,24000.0,0,Birthday,1,0.0,0.0,100,200,0,2,14,0,0,0,6.553795740032769,43.632768361581924,3,1,2024,1
8732.0,126,4896,25000.0,7,Wedding,2,0.0,0.0,100,200,2,0,14,0,0,2,5.105166428425567,68.75590551181102,9,3,2024,3
6225.0,239,4101,21000.0,1,Corporate Event,4,0.0,0.0,100,200,1,2,14,0,0,2,5.1194539249146755,25.9375,11,4,2024,3
9583.0,298,962,17000.0,1,Corporate Event,4,0.0,0.0,100,200,1,2,14,0,0,2,17.653167185877468,32.05016722408027,2,1,2022,0
7029.0,229,3480,23000.0,0,Birthday,1,0.0,0.0,100,200,0,2,14,0,0,0,6.607296753806377,30.56086956521739,6,2,2022,2
6481.0,176,3661,15000.0,1,Birthday,5,0.0,0.0,100,200,0,2,14,0,0,0,4.09612233752048,36.61581920903955,12,4,2025,0
7418.0,42,3577,15000.0,7,Wedding,3,0.0,0.0,100,200,2,0,14,0,0,2,4.192286193404136,172.51162790697674,2,1,2022,0
13142.0,229,3480,25000.0,0,Corporate Event,3,0.0,0.0,100,200,1,1,14,0,0,0,7.181844297615628,57.13913043478261,1,1,2025,0
4675.0,42,3577,13000.0,7,Corporate Event,5,0.0,0.0,100,200,1,0,14,0,0,2,3.6333147009502516,108.72093023255815,11,4,2022,3
14742.0,203,1417,23000.0,1,Wedding,5,0.0,0.0,100,200,2,2,14,0,0,0,16.22002820874471,72.26470588235294,7,3,2023,2
9066.0,239,4101,15000.0,0,Birthday,2,0.0,0.0,100,200,0,2,14,0,0,2,3.6567528035104826,37.775,3,1,2022,1
4804.0,298,962,26000.0,0,Corporate Event,1,0.0,0.0,100,200,1,1,14,0,0,1,26.99896157840083,16.066889632107024,2,1,2022,0
3371.0,249,22215,12000.0,0,Birthday,2,0.0,0.0,100,200,0,1,14,0,0,1,0.5401512423478574,13.484,10,4,2024,3
14321.0,176,3661,23000.0,7,Birthday,4,0.0,0.0,100,200,0,0,14,0,0,1,6.280720917531403,80.909604519774,10,4,2024,3
8337.0,249,22215,26000.0,7,Birthday,4,0.0,0.0,100,200,0,0,14,0,0,1,1.1703276917536911,33.348,2,1,2023,0
9500.0,229,3480,25000.0,1,Birthday,1,0.0,0.0,100,200,0,2,14,0,0,2,7.181844297615628,41.30434782608695,10,4,2025,3
8454.0,202,1983,17000.0,7,Corporate Event,3,0.0,0.0,100,200,1,0,14,0,0,1,8.568548387096774,41.645320197044335,6,2,2024,2
8266.0,42,3577,15000.0,7,Birthday,1,0.0,0.0,100,200,0,0,14,0,0,0,4.192286193404136,192.2325581395349,11,4,2023,3
13038.0,203,1417,23000.0,0,Birthday,1,0.0,0.0,100,200,0,1,14,0,0,1,16.22002820874471,63.911764705882355,1,1,2024,0
14677.0,229,3480,19000.0,0,Birthday,3,0.0,0.0,100,200,0,1,14,0,0,2,5.458201666187877,63.81304347826087,5,2,2023,1
8241.0,249,22215,21000.0,1,Birthday,1,0.0,0.0,100,200,0,2,14,0,0,0,0.9452646741087505,32.964,11,4,2022,3
12132.0,239,4101,12000.0,1,Wedding,2,0.0,0.0,100,200,2,2,14,0,0,2,2.9254022428083863,50.55,7,3,2024,2
13988.0,203,1417,17000.0,0,Birthday,4,0.0,0.0,100,200,0,1,14,0,0,1,11.988716502115656,68.56862745098039,12,4,2025,0
3678.0,229,3480,15000.0,1,Corporate Event,5,0.0,0.0,100,200,1,2,14,0,0,2,4.309106578569376,15.991304347826087,1,1,2024,0
7130.0,126,4896,13000.0,7,Wedding,2,0.0,0.0,100,200,2,0,14,0,0,1,2.6546865427812945,56.14173228346457,5,2,2022,1
14699.0,203,1417,20000.0,1,Birthday,4,0.0,0.0,100,200,0,2,14,0,0,2,14.104372355430183,72.05392156862744,4,2,2022,1
11035.0,249,22215,20000.0,7,Corporate Event,2,0.0,0.0,100,200,1,0,14,0,0,2,0.9002520705797623,44.14,7,3,2025,2
12673.0,202,1983,25000.0,0,Wedding,2,0.0,0.0,100,200,2,2,14,0,0,0,12.600806451612904,62.42857142857143,10,4,2022,3
1049.0,202,1983,25000.0,1,Birthday,4,0.0,0.0,100,200,0,2,14,0,0,0,12.600806451612904,5.167487684729064,9,3,2022,3
9812.0,203,1417,12000.0,0,Birthday,3,0.0,0.0,100,200,0,1,14,0,0,2,8.46262341325811,48.09803921568628,9,3,2023,3
14356.0,239,4101,21000.0,1,Corporate Event,5,0.0,0.0,100,200,1,2,14,0,0,2,5.1194539249146755,59.81666666666667,8,3,2025,2
2542.0,176,3661,22000.0,0,Corporate Event,2,0.0,0.0,100,200,1,2,14,0,0,1,6.007646095030038,14.361581920903955,6,2,2023,2
4513.0,155,66,12000.0,1,Wedding,1,0.0,0.0,100,200,2,2,14,0,0,0,179.1044776119403,28.92948717948718,11,4,2022,3
1140.0,155,66,15000.0,0,Wedding,4,0.0,0.0,100,200,2,1,14,0,0,0,223.88059701492537,7.3076923076923075,6,2,2024,2
5415.0,229,3480,26000.0,0,Birthday,5,0.0,0.0,100,200,0,2,14,0,0,2,7.469118069520253,23.543478260869566,2,1,2022,0
5459.0,126,4896,25000.0,1,Birthday,5,0.0,0.0,100,200,0,2,14,0,0,1,5.105166428425567,42.98425196850393,10,4,2023,3
4885.0,298,962,24000.0,0,Corporate Event,2,0.0,0.0,100,200,1,1,14,0,0,1,24.922118380062305,16.337792642140467,7,3,2023,2
7037.0,42,3577,22000.0,0,Birthday,3,0.0,0.0,100,200,0,1,14,0,0,0,6.148686416992733,163.65116279069767,4,2,2023,1
4508.0,176,3661,19000.0,0,Wedding,5,0.0,0.0,100,200,2,1,14,0,0,1,5.188421627525942,25.468926553672315,5,2,2024,1
10592.0,42,3577,20000.0,0,Corporate Event,1,0.0,0.0,100,200,1,2,14,0,0,2,5.589714924538849,246.32558139534885,7,3,2024,2
4622.0,176,3661,21000.0,7,Corporate Event,1,0.0,0.0,100,200,1,0,14,0,0,2,5.734571272528673,26.112994350282484,7,3,2025,2
7163.0,239,4101,15000.0,1,Birthday,3,0.0,0.0,100,200,0,2,14,0,0,2,3.6567528035104826,29.845833333333335,1,1,2023,0
10193.0,229,3480,22000.0,0,Birthday,2,0.0,0.0,100,200,0,1,14,0,0,2,6.320022981901753,44.31739130434783,5,2,2023,1
6132.0,203,1417,25000.0,0,Birthday,2,0.0,0.0,100,200,0,2,14,0,0,2,17.63046544428773,30.058823529411764,10,4,2024,3
6696.0,203,1258,12000.0,0,Wedding,2,0.0,0.0,100,200,2,1,14,0,0,1,9.531374106433677,32.8235294117647,4,2,2022,1
1300.0,176,3661,20000.0,0,Corporate Event,3,0.0,0.0,100,200,1,1,14,0,0,1,5.461496450027307,7.344632768361582,9,3,2024,3
44020.0,203,1417,25000.0,0,Birthday,1,0.0,0.0,100,200,0,1,14,0,0,1,17.63046544428773,215.7843137254902,1,1,2023,0
5023.0,252,1608,19000.0,7,Corporate Event,5,0.0,0.0,100,200,1,0,14,0,0,2,11.808576755748913,19.85375494071146,1,1,2023,0
7291.0,126,4896,25000.0,0,Corporate Event,4,0.0,0.0,100,200,1,2,14,0,0,2,5.105166428425567,57.40944881889764,6,2,2024,2
4919.0,239,4101,25000.0,7,Birthday,2,0.0,0.0,100,200,0,0,14,0,0,0,6.094588005850804,20.495833333333334,1,1,2022,0
8686.0,249,22215,24000.0,1,Corporate Event,1,0.0,0.0,100,200,1,2,14,0,0,0,1.0803024846957148,34.744,10,4,2025,3
12076.0,155,66,20000.0,1,Corporate Event,2,0.0,0.0,100,200,1,2,14,0,0,1,298.5074626865672,77.41025641025641,4,2,2023,1
11234.0,252,1608,21000.0,7,Wedding,2,0.0,0.0,100,200,2,0,14,0,0,1,13.05158483530143,44.40316205533597,11,4,2025,3
1844.0,203,1258,20000.0,7,Wedding,3,0.0,0.0,100,200,2,0,14,0,0,2,15.885623510722796,9.03921568627451,10,4,2023,3
12900.0,203,1417,17000.0,0,Wedding,5,0.0,0.0,100,200,2,1,14,0,0,2,11.988716502115656,63.23529411764706,3,1,2023,1
8172.0,239,4101,12000.0,0,Corporate Event,2,0.0,0.0,100,200,1,2,14,0,0,2,2.9254022428083863,34.05,7,3,2024,2
9594.0,176,3661,19000.0,0,Wedding,2,0.0,0.0,100,200,2,1,14,0,0,2,5.188421627525942,54.20338983050848,2,1,2025,0
9824.0,239,4101,21000.0,1,Birthday,4,0.0,0.0,100,200,0,2,14,0,0,2,5.1194539249146755,40.93333333333333,8,3,2023,2
9510.0,249,22215,13000.0,0,Corporate Event,3,0.0,0.0,100,200,1,1,14,0,0,0,0.5851638458768456,38.04,1,1,2022,0
498.0,176,3661,19000.0,0,Corporate Event,5,0.0,0.0,100,200,1,2,14,0,0,0,5.188421627525942,2.8135593220338984,1,1,2024,0
13688.0,249,22215,20000.0,0,Birthday,3,0.0,0.0,100,200,0,1,14,0,0,1,0.9002520705797623,54.752,3,1,2022,1
9503.0,176,3661,12000.0,0,Wedding,4,0.0,0.0,100,200,2,2,14,0,0,2,3.2768978700163847,53.68926553672316,9,3,2022,3
14632.0,203,1417,22000.0,1,Wedding,4,0.0,0.0,100,200,2,2,14,0,0,0,15.514809590973202,71.72549019607843,3,1,2024,1
23560.0,249,22215,23000.0,0,Wedding,3,0.0,0.0,100,200,2,1,14,0,0,2,1.0352898811667266,94.24,9,3,2023,3
10490.0,298,962,15000.0,0,Corporate Event,2,0.0,0.0,100,200,1,1,14,0,0,2,15.576323987538942,35.08361204013378,11,4,2024,3
11712.0,203,1417,24000.0,0,Birthday,2,0.0,0.0,100,200,0,1,14,0,0,1,16.92524682651622,57.411764705882355,7,3,2023,2
141040.0,252,1608,19000.0,0,Birthday,5,0.0,0.0,100,200,0,1,14,0,0,2,11.808576755748913,557.4703557312253,4,2,2025,1
14561.0,249,22215,26000.0,7,Birthday,5,0.0,0.0,100,200,0,0,14,0,0,2,1.1703276917536911,58.244,9,3,2023,3
10459.0,202,1983,12000.0,7,Corporate Event,3,0.0,0.0,100,200,1,0,14,0,0,0,6.048387096774194,51.522167487684726,4,2,2024,1
649.0,176,3661,25000.0,0,Wedding,2,0.0,0.0,100,200,2,2,14,0,0,0,6.826870562534134,3.6666666666666665,10,4,2025,3
14358.0,229,3480,17000.0,0,Wedding,5,0.0,0.0,100,200,2,1,14,0,0,2,4.883654122378627,62.426086956521736,7,3,2025,2
6319.0,203,1417,15000.0,0,Birthday,3,0.0,0.0,100,200,0,2,14,0,0,1,10.578279266572638,30.975490196078432,8,3,2025,2
13108.0,298,962,23000.0,1,Corporate Event,4,0.0,0.0,100,200,1,2,14,0,0,1,23.883696780893043,43.83946488294314,11,4,2023,3
7152.0,249,22215,13000.0,0,Birthday,3,0.0,0.0,100,200,0,1,14,0,0,2,0.5851638458768456,28.608,5,2,2023,1
1566.0,229,3480,20000.0,1,Corporate Event,2,0.0,0.0,100,200,1,2,14,0,0,1,5.745475438092502,6.808695652173913,8,3,2023,2
65230.0,249,22215,26000.0,1,Birthday,5,0.0,0.0,100,200,0,2,14,0,0,2,1.1703276917536911,260.92,10,4,2022,3
5883.0,229,3480,17000.0,7,Wedding,3,0.0,0.0,100,200,2,0,14,0,0,2,4.883654122378627,25.578260869565216,4,2,2022,1
10562.0,203,1258,15000.0,0,Wedding,3,0.0,0.0,100,200,2,1,14,0,0,2,11.914217633042098,51.77450980392157,5,2,2022,1
4191.0,203,1417,15000.0,0,Birthday,5,0.0,0.0,100,200,0,1,14,0,0,2,10.578279266572638,20.544117647058822,3,1,2024,1
11728.0,229,3480,25000.0,0,Birthday,5,0.0,0.0,100,200,0,2,14,0,0,2,7.181844297615628,50.99130434782609,5,2,2023,1
10847.0,176,3661,26000.0,1,Birthday,3,0.0,0.0,100,200,0,2,14,0,0,1,7.099945385035499,61.282485875706215,1,1,2022,0
1091.0,229,3480,22000.0,7,Corporate Event,1,0.0,0.0,100,200,1,0,14,0,0,2,6.320022981901753,4.743478260869566,5,2,2023,1
10450.0,126,4896,23000.0,0,Corporate Event,2,0.0,0.0,100,200,1,1,14,0,0,2,4.696753114151521,82.28346456692914,2,1,2024,0
10028.0,203,1417,19000.0,7,Corporate Event,5,0.0,0.0,100,200,1,0,14,0,0,0,13.399153737658674,49.15686274509804,9,3,2025,3
8415.0,203,1258,23000.0,0,Corporate Event,3,0.0,0.0,100,200,1,1,14,0,0,2,18.268467037331217,41.25,3,1,2024,1
88990.0,203,1258,12000.0,1,Corporate Event,4,0.0,0.0,100,200,1,2,14,0,0,1,9.531374106433677,436.22549019607845,3,1,2024,1
12298.0,203,1258,20000.0,0,Wedding,5,0.0,0.0,100,200,2,1,14,0,0,1,15.885623510722796,60.28431372549019,10,4,2024,3
8118.0,239,4101,19000.0,1,Wedding,4,0.0,0.0,100,200,2,2,14,0,0,2,4.631886884446612,33.825,5,2,2022,1
10838.0,203,1417,25000.0,1,Wedding,1,0.0,0.0,100,200,2,2,14,0,0,0,17.63046544428773,53.127450980392155,6,2,2022,2
12738.0,202,1983,19000.0,0,Corporate Event,5,0.0,0.0,100,200,1,1,14,0,0,1,9.576612903225806,62.748768472906406,5,2,2022,1
7026.0,203,1258,25000.0,0,Wedding,3,0.0,0.0,100,200,2,2,14,0,0,2,19.857029388403493,34.44117647058823,10,4,2023,3
7250.0,155,66,21000.0,0,Wedding,5,0.0,0.0,100,200,2,1,14,0,0,0,313.43283582089555,46.47435897435897,4,2,2024,1
5705.0,176,3661,25000.0,7,Corporate Event,1,0.0,0.0,100,200,1,0,14,0,0,0,6.826870562534134,32.23163841807909,1,1,2024,0
101650.0,239,4101,15000.0,0,Wedding,3,0.0,0.0,100,200,2,1,14,0,0,0,3.6567528035104826,423.5416666666667,4,2,2025,1
13159.0,203,1258,15000.0,7,Birthday,4,0.0,0.0,100,200,0,0,14,0,0,0,11.914217633042098,64.50490196078431,7,3,2023,2
8250.0,155,66,17000.0,0,Corporate Event,4,0.0,0.0,100,200,1,1,14,0,0,2,253.73134328358208,52.88461538461539,10,4,2025,3
5806.0,249,22215,26000.0,7,Corporate Event,3,0.0,0.0,100,200,1,0,14,0,0,1,1.1703276917536911,23.224,12,4,2025,0
14446.0,126,4896,22000.0,7,Birthday,4,0.0,0.0,100,200,0,0,14,0,0,1,4.492546457014499,113.74803149606299,9,3,2022,3
7702.0,203,1258,22000.0,7,Corporate Event,3,0.0,0.0,100,200,1,0,14,0,0,0,17.474185861795075,37.754901960784316,12,4,2024,0
12584.0,203,1258,15000.0,0,Birthday,3,0.0,0.0,100,200,0,1,14,0,0,1,11.914217633042098,61.68627450980392,10,4,2024,3
54210.0,203,1417,21000.0,0,Birthday,3,0.0,0.0,300,500,0,2,15,0,1,1,14.809590973201692,265.7352941176471,12,4,2025,0
12200.0,252,1608,24000.0,0,Wedding,3,0.0,0.0,300,500,2,2,15,0,1,1,14.916096954630206,48.22134387351779,5,2,2022,1
13780.0,203,1258,21000.0,5,Corporate Event,1,0.0,0.0,300,500,1,1,15,0,1,0,16.679904686258936,67.54901960784314,11,4,2024,3
14018.0,298,962,21000.0,0,Wedding,1,0.0,0.0,300,500,2,2,15,0,1,2,21.806853582554517,46.88294314381271,2,1,2024,0
1950.0,176,3661,12000.0,5,Birthday,3,0.0,0.0,300,500,0,1,15,0,1,2,3.2768978700163847,11.016949152542374,12,4,2023,0
10645.0,203,1258,12000.0,0,Corporate Event,2,0.0,0.0,300,500,1,2,15,0,1,0,9.531374106433677,52.181372549019606,10,4,2023,3
3314.0,229,3480,13000.0,0,Wedding,4,0.0,0.0,300,500,2,0,15,0,1,0,3.7345590347601263,14.408695652173913,10,4,2022,3
11767.0,155,66,22000.0,0,Birthday,4,0.0,0.0,300,500,0,2,15,0,1,1,328.35820895522386,75.42948717948718,6,2,2023,2
9134.0,202,1983,13000.0,0,Wedding,2,0.0,0.0,300,500,2,0,15,0,1,0,6.55241935483871,44.995073891625616,4,2,2024,1
6231.0,126,4896,19000.0,0,Birthday,1,0.0,0.0,300,500,0,2,15,0,1,1,3.8799264856034306,49.06299212598425,12,4,2024,0
1884.0,239,4101,24000.0,5,Corporate Event,3,0.0,0.0,300,500,1,1,15,0,1,1,5.850804485616773,7.85,9,3,2025,3
8483.0,126,4896,19000.0,0,Birthday,2,0.0,0.0,300,500,0,2,15,0,1,1,3.8799264856034306,66.79527559055119,11,4,2023,3
9210.0,229,3480,13000.0,0,Wedding,3,0.0,0.0,300,500,2,2,15,0,1,0,3.7345590347601263,40.04347826086956,6,2,2022,2
12835.0,239,4101,20000.0,5,Corporate Event,5,0.0,0.0,300,500,1,1,15,0,1,2,4.875670404680643,53.479166666666664,10,4,2023,3
8842.0,155,66,17000.0,0,Birthday,1,0.0,0.0,300,500,0,0,15,0,1,1,253.73134328358208,56.67948717948718,6,2,2024,2
8610.0,229,3480,21000.0,5,Corporate Event,3,0.0,0.0,300,500,1,1,15,0,1,1,6.032749209997127,37.43478260869565,2,1,2023,0
10661.0,203,1417,20000.0,0,Wedding,2,0.0,0.0,300,500,2,2,15,0,1,1,14.104372355430183,52.259803921568626,11,4,2025,3
728.0,42,3577,24000.0,5,Wedding,4,0.0,0.0,300,500,2,1,15,0,1,1,6.707657909446619,16.930232558139537,5,2,2025,1
5440.0,249,22215,13000.0,0,Wedding,5,0.0,0.0,300,500,2,0,15,0,1,0,0.5851638458768456,21.76,5,2,2024,1
11712.0,239,4101,22000.0,0,Birthday,1,0.0,0.0,300,500,0,0,15,0,1,1,5.363237445148708,48.8,7,3,2025,2
3047.0,252,1608,24000.0,0,Birthday,1,0.0,0.0,300,500,0,2,15,0,1,2,14.916096954630206,12.043478260869565,4,2,2023,1
14476.0,298,962,13000.0,5,Birthday,1,0.0,0.0,300,500,0,1,15,0,1,2,13.499480789200415,48.414715719063544,3,1,2025,1
14113.0,203,1417,19000.0,5,Corporate Event,2,0.0,0.0,300,500,1,1,15,0,1,0,13.399153737658674,69.18137254901961,7,3,2024,2
14366.0,249,22215,24000.0,0,Corporate Event,1,0.0,0.0,300,500,1,0,15,0,1,1,1.0803024846957148,57.464,2,1,2024,0
12728.0,202,1983,24000.0,5,Wedding,1,0.0,0.0,300,500,2,1,15,0,1,0,12.096774193548388,62.69950738916256,7,3,2022,2
12201.0,239,4101,21000.0,0,Wedding,2,0.0,0.0,300,500,2,0,15,0,1,2,5.1194539249146755,50.8375,5,2,2023,1
3457.0,229,3480,19000.0,5,Corporate Event,1,0.0,0.0,300,500,1,1,15,0,1,0,5.458201666187877,15.030434782608696,8,3,2022,2
5606.0,252,1608,23000.0,0,Corporate Event,3,0.0,0.0,300,500,1,2,15,0,1,1,14.294592914853947,22.158102766798418,2,1,2023,0
13035.0,239,4101,19000.0,5,Corporate Event,4,0.0,0.0,300,500,1,1,15,0,1,0,4.631886884446612,54.3125,7,3,2025,2
2694.0,229,3480,17000.0,0,Birthday,1,0.0,0.0,300,500,0,2,15,0,1,2,4.883654122378627,11.71304347826087,11,4,2024,3
4025.0,202,1983,22000.0,5,Wedding,5,0.0,0.0,300,500,2,1,15,0,1,2,11.088709677419354,19.82758620689655,12,4,2024,0
5217.0,126,4896,20000.0,0,Wedding,2,0.0,0.0,300,500,2,2,15,0,1,2,4.084133142740454,41.07874015748032,7,3,2025,2
7720.0,176,3661,23000.0,0,Corporate Event,3,0.0,0.0,300,500,1,2,15,0,1,1,6.280720917531403,43.61581920903955,5,2,2022,1
14597.0,203,1258,12000.0,5,Wedding,4,0.0,0.0,300,500,2,1,15,0,1,2,9.531374106433677,71.55392156862744,10,4,2023,3
4338.0,249,22215,12000.0,5,Birthday,1,0.0,0.0,300,500,0,1,15,0,1,0,0.5401512423478574,17.352,2,1,2025,0
10015.0,229,3480,26000.0,0,Birthday,2,0.0,0.0,300,500,0,2,15,0,1,1,7.469118069520253,43.54347826086956,6,2,2022,2
3595.0,249,22215,23000.0,0,Wedding,2,0.0,0.0,300,500,2,2,15,0,1,0,1.0352898811667266,14.38,12,4,2025,0
3686.0,202,1983,21000.0,0,Wedding,2,0.0,0.0,300,500,2,2,15,0,1,2,10.584677419354838,18.157635467980295,11,4,2023,3
5492.0,203,1258,26000.0,5,Wedding,5,0.0,0.0,300,500,2,1,15,0,1,0,20.651310563939635,26.92156862745098,4,2,2022,1
12813.0,298,962,13000.0,0,Corporate Event,4,0.0,0.0,300,500,1,2,15,0,1,2,13.499480789200415,42.852842809364546,3,1,2022,1
1775.0,298,962,24000.0,5,Wedding,3,0.0,0.0,300,500,2,1,15,0,1,2,24.922118380062305,5.936454849498328,1,1,2024,0
3892.0,249,22215,15000.0,5,Birthday,4,0.0,0.0,300,500,0,1,15,0,1,0,0.6751890529348218,15.568,6,2,2023,2
5211.0,203,1417,23000.0,0,Wedding,3,0.0,0.0,300,500,2,2,15,0,1,2,16.22002820874471,25.544117647058822,5,2,2025,1
9139.0,42,3577,13000.0,5,Birthday,5,0.0,0.0,300,500,0,1,15,0,1,0,3.6333147009502516,212.53488372093022,2,1,2022,0
5158.0,126,4896,25000.0,0,Corporate Event,1,0.0,0.0,300,500,1,2,15,0,1,1,5.105166428425567,40.61417322834646,9,3,2024,3
8840.0,203,1258,26000.0,0,Wedding,1,0.0,0.0,300,500,2,2,15,0,1,2,20.651310563939635,43.333333333333336,3,1,2025,1
10093.0,249,22215,23000.0,5,Wedding,5,0.0,0.0,300,500,2,1,15,0,1,0,1.0352898811667266,40.372,6,2,2025,2
7898.0,126,4896,24000.0,0,Wedding,4,0.0,0.0,300,500,2,2,15,0,1,2,4.900959771288544,62.188976377952756,7,3,2022,2
7630.0,252,1608,26000.0,0,Corporate Event,5,0.0,0.0,300,500,1,2,15,0,1,1,16.159105034182723,30.158102766798418,7,3,2025,2
11129.0,202,1983,20000.0,0,Birthday,5,0.0,0.0,300,500,0,2,15,0,1,0,10.080645161290322,54.82266009852217,3,1,2023,1
4385.0,155,66,17000.0,5,Corporate Event,3,0.0,0.0,300,500,1,1,15,0,1,2,253.73134328358208,28.108974358974358,11,4,2025,3
2194.0,239,4101,19000.0,0,Corporate Event,5,0.0,0.0,300,500,1,2,15,0,1,0,4.631886884446612,9.141666666666667,11,4,2023,3
13774.0,252,1608,19000.0,5,Corporate Event,5,0.0,0.0,300,500,1,1,15,0,1,2,11.808576755748913,54.44268774703557,2,1,2023,0
64770.0,252,1608,20000.0,5,Corporate Event,4,0.0,0.0,300,500,1,1,15,0,1,0,12.430080795525171,256.00790513833994,5,2,2025,1
7970.0,203,1417,20000.0,0,Corporate Event,2,0.0,0.0,300,500,1,2,15,0,1,0,14.104372355430183,39.068627450980394,12,4,2023,0
12061.0,249,22215,22000.0,5,Birthday,4,0.0,0.0,300,500,0,1,15,0,1,1,0.9902772776377385,48.244,3,1,2022,1
11905.0,252,1608,23000.0,0,Corporate Event,4,0.0,0.0,300,500,1,0,15,0,1,2,14.294592914853947,47.055335968379445,7,3,2023,2
9085.0,42,3577,19000.0,5,Wedding,5,0.0,0.0,300,500,2,1,15,0,1,2,5.310229178311906,211.27906976744185,3,1,2024,1
4705.0,126,4896,24000.0,0,Corporate Event,2,0.0,0.0,300,500,1,2,15,0,1,1,4.900959771288544,37.04724409448819,9,3,2025,3
3908.0,126,4896,24000.0,5,Wedding,5,0.0,0.0,300,500,2,1,15,0,1,1,4.900959771288544,30.771653543307085,2,1,2025,0
4574.0,249,22215,15000.0,5,Corporate Event,1,0.0,0.0,300,500,1,1,15,0,1,0,0.6751890529348218,18.296,8,3,2022,2
6344.0,203,1417,24000.0,5,Corporate Event,3,0.0,0.0,300,500,1,1,15,0,1,1,16.92524682651622,31.098039215686274,4,2,2025,1
9971.0,239,4101,21000.0,0,Corporate Event,3,0.0,0.0,300,500,1,2,15,0,1,1,5.1194539249146755,41.545833333333334,10,4,2024,3
6869.0,298,962,21000.0,0,Corporate Event,1,0.0,0.0,300,500,1,2,15,0,1,2,21.806853582554517,22.97324414715719,3,1,2022,1
5128.0,176,3661,21000.0,0,Birthday,1,0.0,0.0,300,500,0,2,15,0,1,2,5.734571272528673,28.971751412429377,12,4,2024,0
13944.0,298,962,13000.0,5,Wedding,5,0.0,0.0,300,500,2,1,15,0,1,2,13.499480789200415,46.635451505016725,10,4,2023,3
1518.0,176,3661,22000.0,0,Wedding,3,0.0,0.0,300,500,2,0,15,0,1,0,6.007646095030038,8.576271186440678,11,4,2023,3
1127.0,202,1983,12000.0,0,Corporate Event,3,0.0,0.0,300,500,1,0,15,0,1,2,6.048387096774194,5.551724137931035,3,1,2025,1
13726.0,203,1417,22000.0,0,Birthday,3,0.0,0.0,300,500,0,2,15,0,1,2,15.514809590973202,67.2843137254902,11,4,2023,3
13270.0,203,1258,17000.0,0,Birthday,4,0.0,0.0,300,500,0,2,15,0,1,1,13.502779984114376,65.04901960784314,12,4,2023,0
14848.0,155,66,19000.0,0,Birthday,4,0.0,0.0,300,500,0,2,15,0,1,1,283.5820895522388,95.17948717948718,9,3,2024,3
7172.0,203,1417,13000.0,5,Wedding,2,0.0,0.0,300,500,2,1,15,0,1,1,9.16784203102962,35.15686274509804,6,2,2022,2
8540.0,176,3661,15000.0,5,Corporate Event,2,0.0,0.0,300,500,1,1,15,0,1,2,4.09612233752048,48.24858757062147,10,4,2023,3
1615.0,155,66,13000.0,0,Corporate Event,5,0.0,0.0,300,500,1,0,15,0,1,0,194.02985074626866,10.352564102564102,6,2,2025,2
2062.0,229,3480,17000.0,5,Corporate Event,5,0.0,0.0,300,500,1,1,15,0,1,2,4.883654122378627,8.965217391304348,7,3,2025,2
106940.0,126,4896,23000.0,0,Birthday,4,0.0,0.0,300,500,0,2,15,0,1,1,4.696753114151521,842.0472440944882,11,4,2023,3
1235.0,252,1608,21000.0,0,Corporate Event,5,0.0,0.0,300,500,1,2,15,0,1,0,13.05158483530143,4.881422924901186,1,1,2024,0
14178.0,155,66,26000.0,0,Birthday,4,0.0,0.0,300,500,0,0,15,0,1,1,388.05970149253733,90.88461538461539,12,4,2022,0
10268.0,252,1608,20000.0,5,Wedding,4,0.0,0.0,300,500,2,1,15,0,1,1,12.430080795525171,40.58498023715415,10,4,2024,3
1481.0,249,22215,26000.0,0,Birthday,5,0.0,0.0,300,500,0,0,15,0,1,0,1.1703276917536911,5.924,3,1,2024,1
7803.0,229,3480,20000.0,5,Wedding,3,0.0,0.0,300,500,2,1,15,0,1,0,5.745475438092502,33.926086956521736,2,1,2022,0
7204.0,203,1417,25000.0,0,Corporate Event,3,0.0,0.0,300,500,1,2,15,0,1,0,17.63046544428773,35.31372549019608,12,4,2024,0
2822.0,203,1417,23000.0,0,Corporate Event,5,0.0,0.0,300,500,1,2,15,0,1,2,16.22002820874471,13.833333333333334,12,4,2024,0
431.0,155,66,26000.0,0,Wedding,4,0.0,0.0,300,500,2,0,15,0,1,2,388.05970149253733,2.7628205128205128,12,4,2024,0
4589.0,249,22215,19000.0,5,Birthday,2,0.0,0.0,300,500,0,1,15,0,1,0,0.8552394670507742,18.356,7,3,2025,2
7012.0,249,22215,20000.0,0,Wedding,2,0.0,0.0,300,500,2,0,15,0,1,2,0.9002520705797623,28.048,12,4,2025,0
10047.0,249,22215,24000.0,5,Birthday,4,0.0,0.0,300,500,0,1,15,0,1,2,1.0803024846957148,40.188,11,4,2024,3
8723.0,203,1258,21000.0,0,Wedding,4,0.0,0.0,300,500,2,2,15,0,1,1,16.679904686258936,42.759803921568626,6,2,2024,2
8245.0,42,3577,24000.0,0,Wedding,5,0.0,0.0,300,500,2,0,15,0,1,0,6.707657909446619,191.74418604651163,2,1,2025,0
13673.0,249,22215,12000.0,0,Birthday,5,0.0,0.0,300,500,0,0,15,0,1,2,0.5401512423478574,54.692,8,3,2023,2
1329.0,202,1983,20000.0,0,Wedding,2,0.0,0.0,300,500,2,0,15,0,1,0,10.080645161290322,6.54679802955665,9,3,2025,3
13574.0,229,3480,21000.0,0,Corporate Event,1,0.0,0.0,300,500,1,2,15,0,1,2,6.032749209997127,59.017391304347825,11,4,2024,3
12211.0,298,962,21000.0,0,Birthday,3,0.0,0.0,300,500,0,2,15,0,1,1,21.806853582554517,40.83946488294314,3,1,2025,1
4054.0,203,1258,24000.0,0,Birthday,3,0.0,0.0,300,500,0,2,15,0,1,1,19.062748212867355,19.872549019607842,8,3,2025,2
1366.0,298,962,24000.0,0,Wedding,1,0.0,0.0,300,500,2,2,15,0,1,0,24.922118380062305,4.568561872909699,6,2,2025,2
1560.0,239,4101,26000.0,0,Wedding,1,0.0,0.0,300,500,2,0,15,0,1,2,6.338371526084837,6.5,11,4,2023,3
13539.0,176,3661,12000.0,0,Wedding,5,0.0,0.0,300,500,2,0,15,0,1,2,3.2768978700163847,76.49152542372882,3,1,2024,1
1077.0,176,3661,26000.0,0,Corporate Event,1,0.0,0.0,300,500,1,0,15,0,1,2,7.099945385035499,6.084745762711864,8,3,2024,2
9814.0,298,962,19000.0,0,Wedding,3,0.0,0.0,300,500,2,2,15,0,1,1,19.73001038421599,32.82274247491639,6,2,2025,2
2921.0,252,1608,15000.0,0,Corporate Event,1,0.0,0.0,300,500,1,0,15,0,1,2,9.322560596643878,11.545454545454545,3,1,2024,1
331.0,203,1417,17000.0,0,Birthday,3,0.0,0.0,300,500,0,2,15,0,1,2,11.988716502115656,1.6225490196078431,3,1,2022,1
14167.0,176,3661,20000.0,0,Wedding,3,0.0,0.0,300,500,2,0,15,0,1,2,5.461496450027307,80.03954802259886,6,2,2022,2
8606.0,239,4101,26000.0,5,Wedding,5,0.0,0.0,300,500,2,1,15,0,1,2,6.338371526084837,35.858333333333334,12,4,2024,0
8908.0,176,3661,20000.0,0,Birthday,3,0.0,0.0,300,500,0,2,15,0,1,1,5.461496450027307,50.32768361581921,2,1,2023,0
6578.0,252,1608,19000.0,0,Birthday,1,0.0,0.0,300,500,0,0,15,0,1,2,11.808576755748913,26.0,6,2,2024,2
7593.0,298,962,17000.0,0,Corporate Event,2,0.0,0.0,300,500,1,2,15,0,1,2,17.653167185877468,25.39464882943144,12,4,2025,0
12809.0,203,1258,17000.0,0,Birthday,1,0.0,0.0,300,500,0,2,15,0,1,1,13.502779984114376,62.78921568627451,5,2,2023,1
9613.0,229,3480,21000.0,5,Wedding,5,0.0,0.0,300,500,2,1,15,0,1,0,6.032749209997127,41.79565217391304,6,2,2025,2
10125.0,239,4101,23000.0,5,Corporate Event,3,0.0,0.0,300,500,1,1,15,0,1,1,5.60702096538274,42.1875,8,3,2022,2
5996.0,202,1983,21000.0,5,Birthday,2,0.0,0.0,300,500,0,1,15,0,1,0,10.584677419354838,29.536945812807883,3,1,2025,1
53370.0,239,4101,12000.0,0,Wedding,5,0.0,0.0,300,500,2,0,15,0,1,1,2.9254022428083863,222.375,2,1,2023,0
84200.0,229,3480,25000.0,0,Wedding,5,0.0,0.0,300,500,2,0,15,0,1,0,7.181844297615628,366.0869565217391,9,3,2022,3
10706.0,249,22215,26000.0,0,Corporate Event,4,0.0,0.0,300,500,1,2,15,0,1,0,1.1703276917536911,42.824,11,4,2024,3
6716.0,42,3577,26000.0,0,Wedding,2,0.0,0.0,300,500,2,0,15,0,1,1,7.266629401900503,156.1860465116279,1,1,2024,0
1354.0,298,962,25000.0,5,Birthday,3,0.0,0.0,300,500,0,1,15,0,1,1,25.96053997923157,4.528428093645485,8,3,2022,2
6406.0,203,1258,22000.0,0,Wedding,5,0.0,0.0,300,500,2,2,15,0,1,1,17.474185861795075,31.401960784313726,10,4,2024,3
10159.0,176,3661,15000.0,0,Wedding,4,0.0,0.0,300,500,2,2,15,0,1,1,4.09612233752048,57.3954802259887,12,4,2023,0
13265.0,252,1608,20000.0,0,Wedding,3,0.0,0.0,300,500,2,2,15,0,1,2,12.430080795525171,52.430830039525695,12,4,2024,0
5326.0,203,1417,26000.0,0,Birthday,3,0.0,0.0,300,500,0,2,15,0,1,0,18.33568406205924,26.107843137254903,3,1,2024,1
10210.0,155,66,17000.0,0,Wedding,4,0.0,0.0,300,500,2,2,15,0,1,2,253.73134328358208,65.44871794871794,3,1,2023,1
3609.0,155,66,22000.0,0,Corporate Event,5,0.0,0.0,300,500,1,2,15,0,1,1,328.35820895522386,23.134615384615383,8,3,2024,2
9368.0,202,1983,26000.0,0,Corporate Event,5,0.0,0.0,300,500,1,2,15,0,1,2,13.10483870967742,46.14778325123153,9,3,2024,3
7116.0,239,4101,23000.0,0,Wedding,4,0.0,0.0,300,500,2,2,15,0,1,1,5.60702096538274,29.65,6,2,2025,2
13537.0,298,962,15000.0,0,Wedding,3,0.0,0.0,300,500,2,2,15,0,1,0,15.576323987538942,45.274247491638796,2,1,2023,0
6682.0,203,1258,20000.0,0,Corporate Event,4,0.0,0.0,300,500,1,2,15,0,1,2,15.885623510722796,32.754901960784316,8,3,2023,2
11820.0,249,22215,23000.0,0,Corporate Event,3,0.0,0.0,300,500,1,2,15,0,1,2,1.0352898811667266,47.28,10,4,2022,3
13063.0,298,962,13000.0,0,Birthday,1,0.0,0.0,300,500,0,2,15,0,1,1,13.499480789200415,43.68896321070234,12,4,2024,0
5962.0,203,1258,25000.0,0,Wedding,2,0.0,0.0,300,500,2,2,15,0,1,2,19.857029388403493,29.225490196078432,4,2,2024,1
6209.0,155,66,19000.0,0,Corporate Event,2,0.0,0.0,300,500,1,0,15,0,1,1,283.5820895522388,39.80128205128205,1,1,2022,0
1701.0,203,1258,25000.0,5,Corporate Event,3,0.0,0.0,300,500,1,1,15,0,1,0,19.857029388403493,8.338235294117647,5,2,2025,1
916.0,176,3661,26000.0,5,Wedding,1,0.0,0.0,300,500,2,1,15,0,1,1,7.099945385035499,5.175141242937853,3,1,2022,1
12347.0,203,1417,15000.0,5,Corporate Event,4,0.0,0.0,300,500,1,1,15,0,1,2,10.578279266572638,60.52450980392157,5,2,2022,1
11287.0,249,22215,12000.0,0,Wedding,4,0.0,0.0,300,500,2,2,15,0,1,1,0.5401512423478574,45.148,7,3,2022,2
14522.0,42,3577,12000.0,5,Wedding,2,0.0,0.0,300,500,2,1,15,0,1,0,3.3538289547233093,337.72093023255815,1,1,2023,0
1336.0,202,1983,15000.0,0,Corporate Event,1,0.0,0.0,300,500,1,2,15,0,1,1,7.560483870967742,6.58128078817734,4,2,2025,1
14822.0,239,4101,15000.0,0,Wedding,2,0.0,0.0,300,500,2,2,15,0,1,2,3.6567528035104826,61.75833333333333,6,2,2023,2
8840.0,298,962,23000.0,5,Corporate Event,5,0.0,0.0,300,500,1,1,15,0,1,1,23.883696780893043,29.565217391304348,1,1,2024,0
3179.0,202,1983,15000.0,0,Wedding,4,0.0,0.0,300,500,2,0,15,0,1,0,7.560483870967742,15.660098522167488,1,1,2024,0
11297.0,155,66,19000.0,0,Birthday,4,0.0,0.0,300,500,0,0,15,0,1,0,283.5820895522388,72.41666666666667,5,2,2025,1
12125.0,229,3480,26000.0,0,Corporate Event,3,0.0,0.0,300,500,1,2,15,0,1,1,7.469118069520253,52.71739130434783,10,4,2023,3
13132.0,249,22215,13000.0,5,Birthday,3,0.0,0.0,300,500,0,1,15,0,1,1,0.5851638458768456,52.528,4,2,2024,1
12714.0,252,1608,21000.0,0,Corporate Event,5,0.0,0.0,300,500,1,2,15,0,1,2,13.05158483530143,50.25296442687747,12,4,2024,0
14241.0,298,962,24000.0,5,Corporate Event,5,0.0,0.0,300,500,1,1,15,0,1,1,24.922118380062305,47.62876254180602,10,4,2025,3
12838.0,176,3661,26000.0,0,Wedding,2,0.0,0.0,300,500,2,2,15,0,1,2,7.099945385035499,72.53107344632768,11,4,2023,3
11948.0,176,3661,20000.0,0,Corporate Event,2,0.0,0.0,300,500,1,0,15,0,1,2,5.461496450027307,67.50282485875707,9,3,2022,3
3589.0,42,3577,21000.0,0,Corporate Event,1,0.0,0.0,300,500,1,2,15,0,1,1,5.869200670765791,83.46511627906976,6,2,2025,2
8024.0,249,22215,21000.0,5,Wedding,1,0.0,0.0,300,500,2,1,15,0,1,2,0.9452646741087505,32.096,11,4,2022,3
14286.0,202,1983,26000.0,0,Corporate Event,5,0.0,0.0,300,500,1,2,15,0,1,0,13.10483870967742,70.3743842364532,7,3,2025,2
11512.0,126,4896,26000.0,0,Birthday,4,0.0,0.0,300,500,0,2,15,0,1,1,5.309373085562589,90.64566929133858,9,3,2024,3
7118.0,155,66,23000.0,0,Birthday,3,0.0,0.0,300,500,0,2,15,0,1,2,343.2835820895522,45.62820512820513,5,2,2022,1
8223.0,229,3480,23000.0,0,Birthday,3,0.0,0.0,300,500,0,2,15,0,1,0,6.607296753806377,35.75217391304348,1,1,2022,0
13710.0,126,4896,24000.0,0,Wedding,1,0.0,0.0,300,500,2,2,15,0,1,0,4.900959771288544,107.95275590551181,4,2,2025,1
14098.0,203,1417,15000.0,0,Birthday,5,0.0,0.0,300,500,0,2,15,0,1,0,10.578279266572638,69.1078431372549,6,2,2025,2
14444.0,42,3577,24000.0,5,Wedding,5,0.0,0.0,300,500,2,1,15,0,1,1,6.707657909446619,335.90697674418607,7,3,2022,2
2123.0,155,66,17000.0,0,Birthday,4,0.0,0.0,300,500,0,2,15,0,1,1,253.73134328358208,13.60897435897436,11,4,2025,3
11839.0,203,1258,24000.0,0,Birthday,5,0.0,0.0,300,500,0,0,15,0,1,1,19.062748212867355,58.03431372549019,8,3,2024,2
9099.0,155,66,22000.0,0,Corporate Event,3,0.0,0.0,300,500,1,2,15,0,1,0,328.35820895522386,58.32692307692308,9,3,2023,3
8829.0,126,4896,26000.0,0,Birthday,3,0.0,0.0,300,500,0,2,15,0,1,0,5.309373085562589,69.51968503937007,12,4,2023,0
13055.0,203,1417,23000.0,0,Wedding,2,0.0,0.0,300,500,2,0,15,0,1,0,16.22002820874471,63.995098039215684,4,2,2025,1
12188.0,202,1983,17000.0,0,Wedding,1,0.0,0.0,300,500,2,2,15,0,1,2,8.568548387096774,60.039408866995075,12,4,2025,0
13010.0,203,1417,26000.0,5,Wedding,1,0.0,0.0,300,500,2,1,15,0,1,1,18.33568406205924,63.77450980392157,8,3,2022,2
586.0,239,4101,26000.0,0,Wedding,4,0.0,0.0,300,500,2,0,15,0,1,0,6.338371526084837,2.441666666666667,10,4,2023,3
10319.0,203,1417,13000.0,0,Corporate Event,4,0.0,0.0,300,500,1,2,15,0,1,1,9.16784203102962,50.583333333333336,1,1,2023,0
1464.0,239,4101,12000.0,5,Corporate Event,2,0.0,0.0,300,500,1,1,15,0,1,2,2.9254022428083863,6.1,3,1,2023,1
5217.0,252,1608,26000.0,5,Birthday,4,0.0,0.0,300,500,0,1,15,0,1,2,16.159105034182723,20.620553359683793,2,1,2025,0
1866.0,202,1983,24000.0,0,Corporate Event,2,0.0,0.0,300,500,1,2,15,0,1,1,12.096774193548388,9.192118226600986,8,3,2022,2
2726.0,126,4896,22000.0,5,Birthday,3,0.0,0.0,300,500,0,1,15,0,1,1,4.492546457014499,21.46456692913386,1,1,2023,0
13711.0,203,1417,22000.0,0,Birthday,4,0.0,0.0,300,500,0,2,15,0,1,2,15.514809590973202,67.21078431372548,7,3,2022,2
11673.0,229,3480,23000.0,0,Wedding,2,0.0,0.0,300,500,2,2,15,0,1,0,6.607296753806377,50.75217391304348,6,2,2024,2
9366.0,252,1608,15000.0,0,Corporate Event,4,0.0,0.0,300,500,1,2,15,0,1,2,9.322560596643878,37.019762845849804,5,2,2022,1
7353.0,298,962,23000.0,5,Birthday,1,0.0,0.0,300,500,0,1,15,0,1,0,23.883696780893043,24.59197324414716,6,2,2025,2
9918.0,126,4896,13000.0,0,Wedding,1,0.0,0.0,300,500,2,2,15,0,1,1,2.6546865427812945,78.09448818897638,7,3,2024,2
14816.0,249,22215,26000.0,0,Birthday,5,0.0,0.0,300,500,0,0,15,0,1,0,1.1703276917536911,59.264,6,2,2025,2
13262.0,239,4101,24000.0,0,Wedding,3,0.0,0.0,300,500,2,2,15,0,1,1,5.850804485616773,55.25833333333333,9,3,2024,3
3044.0,176,3661,24000.0,0,Corporate Event,4,0.0,0.0,300,500,1,2,15,0,1,1,6.553795740032769,17.19774011299435,3,1,2022,1
5543.0,202,1983,19000.0,0,Wedding,1,0.0,0.0,300,500,2,2,15,0,1,1,9.576612903225806,27.305418719211822,6,2,2022,2
14710.0,42,3577,13000.0,0,Birthday,2,0.0,0.0,300,500,0,0,15,0,1,2,3.6333147009502516,342.09302325581393,2,1,2025,0
13000.0,298,962,21000.0,0,Birthday,3,0.0,0.0,300,500,0,2,15,0,1,0,21.806853582554517,43.47826086956522,12,4,2022,0
4091.0,202,1983,17000.0,5,Wedding,2,0.0,0.0,300,500,2,1,15,0,1,2,8.568548387096774,20.15270935960591,11,4,2023,3
4803.0,249,22215,21000.0,5,Wedding,1,0.0,0.0,300,500,2,1,15,0,1,1,0.9452646741087505,19.212,12,4,2024,0
13402.0,203,1417,23000.0,0,Wedding,1,0.0,0.0,300,500,2,0,15,0,1,2,16.22002820874471,65.69607843137256,3,1,2023,1
12763.0,252,1608,22000.0,0,Birthday,3,0.0,0.0,300,500,0,2,15,0,1,2,13.673088875077688,50.44664031620553,11,4,2022,3
4522.0,298,962,12000.0,0,Wedding,4,0.0,0.0,300,500,2,2,15,0,1,2,12.461059190031152,15.123745819397993,8,3,2022,2
11818.0,126,4896,20000.0,0,Corporate Event,2,0.0,0.0,300,500,1,0,15,0,1,2,4.084133142740454,93.05511811023622,8,3,2024,2
7637.0,202,1983,20000.0,5,Birthday,2,0.0,0.0,300,500,0,1,15,0,1,1,10.080645161290322,37.62068965517241,8,3,2023,2
392.0,203,1417,23000.0,5,Wedding,3,0.0,0.0,300,500,2,1,15,0,1,2,16.22002820874471,1.9215686274509804,11,4,2022,3
11644.0,202,1983,17000.0,0,Corporate Event,3,0.0,0.0,300,500,1,0,15,0,1,1,8.568548387096774,57.35960591133005,1,1,2023,0
4931.0,249,22215,12000.0,0,Wedding,1,0.0,0.0,300,500,2,2,15,0,1,1,0.5401512423478574,19.724,5,2,2023,1
9588.0,155,66,20000.0,0,Corporate Event,1,0.0,0.0,300,500,1,2,15,0,1,1,298.5074626865672,61.46153846153846,10,4,2024,3
8074.0,239,4101,22000.0,0,Wedding,3,0.0,0.0,300,500,2,0,15,0,1,0,5.363237445148708,33.641666666666666,8,3,2025,2
1513.0,176,3661,22000.0,0,Birthday,5,0.0,0.0,300,500,0,0,15,0,1,0,6.007646095030038,8.548022598870057,12,4,2024,0
12093.0,42,3577,24000.0,0,Corporate Event,4,0.0,0.0,300,500,1,0,15,0,1,2,6.707657909446619,281.2325581395349,2,1,2023,0
4360.0,202,1983,19000.0,0,Wedding,4,0.0,0.0,300,500,2,2,15,0,1,2,9.576612903225806,21.47783251231527,4,2,2023,1
6016.0,203,1417,19000.0,5,Corporate Event,4,0.0,0.0,300,500,1,1,15,0,1,2,13.399153737658674,29.49019607843137,8,3,2024,2
5658.0,203,1417,21000.0,0,Corporate Event,4,0.0,0.0,300,500,1,0,15,0,1,1,14.809590973201692,27.735294117647058,12,4,2022,0
12071.0,155,66,13000.0,0,Corporate Event,1,0.0,0.0,300,500,1,0,15,0,1,0,194.02985074626866,77.37820512820512,9,3,2024,3
14156.0,249,22215,26000.0,0,Corporate Event,4,0.0,0.0,300,500,1,2,15,0,1,1,1.1703276917536911,56.624,7,3,2024,2
971.0,252,1608,20000.0,5,Corporate Event,1,0.0,0.0,300,500,1,1,15,0,1,0,12.430080795525171,3.8379446640316206,1,1,2022,0
5788.0,239,4101,20000.0,0,Wedding,3,0.0,0.0,300,500,2,0,15,0,1,0,4.875670404680643,24.116666666666667,9,3,2023,3
12821.0,239,4101,19000.0,5,Wedding,5,0.0,0.0,300,500,2,1,15,0,1,0,4.631886884446612,53.420833333333334,11,4,2022,3
3965.0,155,66,24000.0,0,Birthday,2,0.0,0.0,300,500,0,2,15,0,1,2,358.2089552238806,25.416666666666668,4,2,2023,1
10992.0,229,3480,20000.0,0,Corporate Event,3,0.0,0.0,300,500,1,0,15,0,1,0,5.745475438092502,47.791304347826085,2,1,2025,0
746.0,203,1258,25000.0,5,Wedding,5,0.0,0.0,300,500,2,1,15,0,1,1,19.857029388403493,3.656862745098039,12,4,2023,0
9075.0,202,1983,17000.0,0,Wedding,4,0.0,0.0,300,500,2,0,15,0,1,2,8.568548387096774,44.70443349753695,2,1,2022,0
14041.0,203,1258,23000.0,0,Wedding,1,0.0,0.0,300,500,2,2,15,0,1,1,18.268467037331217,68.82843137254902,7,3,2025,2
847.0,202,1983,20000.0,0,Birthday,5,0.0,0.0,300,500,0,2,15,0,1,0,10.080645161290322,4.172413793103448,5,2,2024,1
13953.0,203,1258,19000.0,5,Corporate Event,1,0.0,0.0,300,500,1,1,15,0,1,0,15.091342335186656,68.3970588235294,11,4,2023,3
3847.0,176,3661,24000.0,5,Corporate Event,1,0.0,0.0,300,500,1,1,15,0,1,0,6.553795740032769,21.73446327683616,12,4,2022,0
2650.0,298,962,21000.0,0,Corporate Event,4,0.0,0.0,300,500,1,2,15,0,1,0,21.806853582554517,8.862876254180602,7,3,2025,2
12632.0,126,4896,21000.0,0,Birthday,3,0.0,0.0,300,500,0,0,15,0,1,0,4.288339799877476,99.46456692913385,9,3,2023,3
4892.0,239,4101,26000.0,0,Birthday,1,0.0,0.0,300,500,0,0,15,0,1,1,6.338371526084837,20.383333333333333,4,2,2024,1
9898.0,155,66,13000.0,5,Corporate Event,3,0.0,0.0,300,500,1,1,15,0,1,2,194.02985074626866,63.44871794871795,1,1,2025,0
10326.0,252,1608,25000.0,5,Birthday,3,0.0,0.0,300,500,0,1,15,0,1,2,15.537600994406464,40.81422924901186,5,2,2023,1
10098.0,229,3480,13000.0,5,Corporate Event,4,0.0,0.0,300,500,1,1,15,0,1,2,3.7345590347601263,43.904347826086955,4,2,2024,1
6252.0,155,66,24000.0,0,Corporate Event,4,0.0,0.0,300,500,1,2,15,0,1,2,358.2089552238806,40.07692307692308,12,4,2022,0
1918.0,176,3661,13000.0,0,Birthday,4,0.0,0.0,300,500,0,2,15,0,1,2,3.5499726925177497,10.836158192090396,6,2,2024,2
1205.0,298,962,19000.0,0,Wedding,3,0.0,0.0,300,500,2,0,15,0,1,2,19.73001038421599,4.030100334448161,1,1,2025,0
8774.0,155,66,26000.0,0,Birthday,2,0.0,0.0,300,500,0,2,15,0,1,1,388.05970149253733,56.243589743589745,7,3,2022,2
12179.0,298,962,23000.0,5,Corporate Event,2,0.0,0.0,300,500,1,1,15,0,1,1,23.883696780893043,40.7324414715719,1,1,2023,0
14402.0,239,4101,15000.0,0,Corporate Event,4,0.0,0.0,300,500,1,0,15,0,1,0,3.6567528035104826,60.00833333333333,3,1,2023,1
3604.0,203,1417,22000.0,0,Corporate Event,3,0.0,0.0,300,500,1,0,15,0,1,0,15.514809590973202,17.666666666666668,12,4,2025,0
5948.0,126,4896,26000.0,0,Birthday,5,0.0,0.0,300,500,0,2,15,0,1,1,5.309373085562589,46.83464566929134,5,2,2025,1
2808.0,203,1258,12000.0,4,Corporate Event,5,0.0,0.0,300,500,1,2,5,0,1,0,9.531374106433677,13.764705882352942,10,4,2022,3
9038.0,252,1608,24000.0,9,Wedding,2,0.0,0.0,300,500,2,2,5,0,1,0,14.916096954630206,35.723320158102766,3,1,2022,1
9275.0,155,66,13000.0,5,Wedding,5,0.0,0.0,300,500,2,1,5,0,1,1,194.02985074626866,59.455128205128204,1,1,2025,0
1198.0,126,4896,13000.0,7,Birthday,4,0.0,0.0,300,500,0,0,5,0,1,0,2.6546865427812945,9.433070866141732,8,3,2024,2
9231.0,155,66,24000.0,5,Birthday,5,0.0,0.0,300,500,0,1,5,0,1,1,358.2089552238806,59.17307692307692,11,4,2023,3
11123.0,203,1417,23000.0,9,Corporate Event,4,0.0,0.0,300,500,1,2,5,0,1,0,16.22002820874471,54.52450980392157,1,1,2024,0
7955.0,42,3577,24000.0,7,Birthday,4,0.0,0.0,300,500,0,0,5,0,1,2,6.707657909446619,185.0,5,2,2024,1
14332.0,202,1983,20000.0,9,Corporate Event,1,0.0,0.0,300,500,1,2,5,0,1,1,10.080645161290322,70.60098522167488,10,4,2022,3
1375.0,252,1608,20000.0,9,Wedding,5,0.0,0.0,300,500,2,2,5,0,1,1,12.430080795525171,5.434782608695652,10,4,2023,3
3148.0,298,962,22000.0,9,Corporate Event,3,0.0,0.0,300,500,1,2,5,0,1,1,22.84527518172378,10.528428093645484,10,4,2023,3
4022.0,298,962,13000.0,7,Birthday,5,0.0,0.0,300,500,0,0,5,0,1,0,13.499480789200415,13.451505016722408,3,1,2024,1
5101.0,203,1417,24000.0,9,Corporate Event,1,0.0,0.0,300,500,1,2,5,0,1,1,16.92524682651622,25.004901960784313,9,3,2022,3
6030.0,176,3661,15000.0,7,Birthday,1,0.0,0.0,300,500,0,0,5,0,1,1,4.09612233752048,34.067796610169495,11,4,2025,3
14137.0,155,66,22000.0,7,Birthday,1,0.0,0.0,300,500,0,0,5,0,1,0,328.35820895522386,90.62179487179488,8,3,2023,2
11379.0,252,1608,26000.0,5,Birthday,1,0.0,0.0,300,500,0,1,5,0,1,2,16.159105034182723,44.976284584980235,10,4,2024,3
2613.0,239,4101,22000.0,7,Birthday,2,0.0,0.0,300,500,0,0,5,0,1,1,5.363237445148708,10.8875,2,1,2025,0
913.0,252,1608,12000.0,9,Birthday,1,0.0,0.0,300,500,0,2,5,0,1,1,7.458048477315103,3.608695652173913,2,1,2023,0
4264.0,298,962,25000.0,5,Corporate Event,3,0.0,0.0,300,500,1,1,5,0,1,1,25.96053997923157,14.26086956521739,3,1,2025,1
13531.0,249,22215,21000.0,9,Wedding,2,0.0,0.0,300,500,2,2,5,0,1,2,0.9452646741087505,54.124,2,1,2024,0
1086.0,203,1258,25000.0,7,Birthday,3,0.0,0.0,300,500,0,0,5,0,1,2,19.857029388403493,5.323529411764706,12,4,2024,0
4819.0,239,4101,12000.0,4,Birthday,4,0.0,0.0,300,500,0,2,5,0,1,0,2.9254022428083863,20.079166666666666,12,4,2023,0
3810.0,203,1258,13000.0,5,Birthday,3,0.0,0.0,300,500,0,1,5,0,1,0,10.325655281969818,18.676470588235293,10,4,2023,3
9678.0,252,1608,25000.0,5,Corporate Event,2,0.0,0.0,300,500,1,1,5,0,1,1,15.537600994406464,38.25296442687747,7,3,2023,2
1620.0,202,1983,23000.0,9,Wedding,4,0.0,0.0,300,500,2,2,5,0,1,0,11.59274193548387,7.980295566502463,2,1,2023,0
6491.0,229,3480,25000.0,9,Wedding,5,0.0,0.0,300,500,2,2,5,0,1,2,7.181844297615628,28.221739130434784,11,4,2024,3
4878.0,298,962,26000.0,9,Wedding,4,0.0,0.0,300,500,2,2,5,0,1,1,26.99896157840083,16.31438127090301,10,4,2025,3
14739.0,203,1417,22000.0,7,Corporate Event,4,0.0,0.0,300,500,1,0,5,0,1,2,15.514809590973202,72.25,10,4,2024,3
1984.0,176,3661,26000.0,7,Birthday,4,0.0,0.0,300,500,0,0,5,0,1,1,7.099945385035499,11.209039548022599,11,4,2024,3
14141.0,203,1258,24000.0,5,Wedding,1,0.0,0.0,300,500,2,1,5,0,1,0,19.062748212867355,69.31862745098039,1,1,2025,0
10534.0,203,1417,12000.0,7,Wedding,2,0.0,0.0,300,500,2,0,5,0,1,0,8.46262341325811,51.63725490196079,2,1,2023,0
9593.0,203,1258,15000.0,7,Birthday,3,0.0,0.0,300,500,0,0,5,0,1,0,11.914217633042098,47.02450980392157,10,4,2022,3
1466.0,155,66,23000.0,9,Corporate Event,2,0.0,0.0,300,500,1,2,5,0,1,1,343.2835820895522,9.397435897435898,1,1,2022,0
9926.0,203,1258,20000.0,7,Corporate Event,5,0.0,0.0,300,500,1,0,5,0,1,0,15.885623510722796,48.65686274509804,4,2,2023,1
14857.0,202,1983,15000.0,4,Birthday,4,0.0,0.0,300,500,0,2,5,0,1,1,7.560483870967742,73.1871921182266,3,1,2023,1
11716.0,42,3577,22000.0,9,Wedding,4,0.0,0.0,300,500,2,2,5,0,1,1,6.148686416992733,272.4651162790698,6,2,2022,2
3980.0,239,4101,13000.0,9,Birthday,2,0.0,0.0,300,500,0,2,5,0,1,0,3.1691857630424183,16.583333333333332,1,1,2025,0
4360.0,229,3480,24000.0,9,Corporate Event,2,0.0,0.0,300,500,1,2,5,0,1,1,6.894570525711003,18.956521739130434,3,1,2022,1
3173.0,298,962,24000.0,5,Birthday,5,0.0,0.0,300,500,0,1,5,0,1,0,24.922118380062305,10.612040133779264,7,3,2025,2
1054.0,202,1983,25000.0,5,Birthday,2,0.0,0.0,300,500,0,1,5,0,1,2,12.600806451612904,5.192118226600985,1,1,2022,0
4084.0,42,3577,12000.0,9,Corporate Event,2,0.0,0.0,300,500,1,2,5,0,1,2,3.3538289547233093,94.97674418604652,7,3,2022,2
7287.0,202,1983,21000.0,7,Corporate Event,4,0.0,0.0,300,500,1,0,5,0,1,0,10.584677419354838,35.89655172413793,11,4,2022,3
10006.0,176,3661,19000.0,9,Birthday,5,0.0,0.0,300,500,0,2,5,0,1,1,5.188421627525942,56.53107344632768,9,3,2022,3
3915.0,203,1417,25000.0,9,Corporate Event,3,0.0,0.0,300,500,1,2,5,0,1,2,17.63046544428773,19.191176470588236,12,4,2024,0
12186.0,298,962,20000.0,7,Corporate Event,5,0.0,0.0,300,500,1,0,5,0,1,0,20.768431983385256,40.75585284280937,11,4,2022,3
9733.0,202,1983,21000.0,9,Birthday,1,0.0,0.0,300,500,0,2,5,0,1,1,10.584677419354838,47.94581280788177,7,3,2022,2
124490.0,252,1608,22000.0,5,Wedding,1,0.0,0.0,300,500,2,1,5,0,1,2,13.673088875077688,492.05533596837944,11,4,2022,3
5786.0,203,1417,24000.0,7,Birthday,3,0.0,0.0,300,500,0,0,5,0,1,1,16.92524682651622,28.362745098039216,2,1,2023,0
8544.0,203,1258,24000.0,4,Wedding,3,0.0,0.0,300,500,2,2,5,0,1,2,19.062748212867355,41.88235294117647,10,4,2024,3
2017.0,239,4101,20000.0,5,Wedding,4,0.0,0.0,300,500,2,1,5,0,1,2,4.875670404680643,8.404166666666667,11,4,2025,3
1832.0,249,22215,21000.0,4,Birthday,1,0.0,0.0,300,500,0,2,5,0,1,1,0.9452646741087505,7.328,10,4,2025,3
1401.0,298,962,15000.0,7,Corporate Event,4,0.0,0.0,300,500,1,0,5,0,1,1,15.576323987538942,4.68561872909699,3,1,2023,1
95740.0,126,4896,22000.0,7,Wedding,5,0.0,0.0,300,500,2,0,5,0,1,0,4.492546457014499,753.8582677165355,6,2,2022,2
1226.0,155,66,12000.0,7,Wedding,1,0.0,0.0,300,500,2,0,5,0,1,1,179.1044776119403,7.858974358974359,7,3,2025,2
12357.0,298,962,12000.0,7,Corporate Event,1,0.0,0.0,300,500,1,0,5,0,1,0,12.461059190031152,41.32775919732441,1,1,2024,0
11245.0,176,3661,24000.0,5,Wedding,2,0.0,0.0,300,500,2,1,5,0,1,0,6.553795740032769,63.53107344632768,8,3,2025,2
4148.0,155,66,24000.0,4,Wedding,1,0.0,0.0,300,500,2,2,5,0,1,1,358.2089552238806,26.58974358974359,10,4,2025,3
141010.0,229,3480,24000.0,9,Corporate Event,5,0.0,0.0,300,500,1,2,5,0,1,0,6.894570525711003,613.0869565217391,3,1,2025,1
7949.0,298,962,22000.0,9,Corporate Event,2,0.0,0.0,300,500,1,2,5,0,1,1,22.84527518172378,26.585284280936456,6,2,2024,2
10879.0,249,22215,15000.0,5,Corporate Event,5,0.0,0.0,300,500,1,1,5,0,1,2,0.6751890529348218,43.516,11,4,2022,3
14612.0,155,66,22000.0,5,Corporate Event,3,0.0,0.0,300,500,1,1,5,0,1,2,328.35820895522386,93.66666666666667,10,4,2024,3
1285.0,203,1258,25000.0,4,Birthday,1,0.0,0.0,300,500,0,2,5,0,1,1,19.857029388403493,6.299019607843137,11,4,2022,3
9196.0,252,1608,12000.0,9,Wedding,2,0.0,0.0,300,500,2,2,5,0,1,2,7.458048477315103,36.34782608695652,8,3,2022,2
4475.0,202,1983,15000.0,4,Birthday,2,0.0,0.0,300,500,0,2,5,0,1,2,7.560483870967742,22.04433497536946,5,2,2025,1
11255.0,155,66,13000.0,7,Birthday,1,0.0,0.0,300,500,0,0,5,0,1,1,194.02985074626866,72.1474358974359,5,2,2022,1
4258.0,203,1417,21000.0,4,Birthday,5,0.0,0.0,300,500,0,2,5,0,1,1,14.809590973201692,20.872549019607842,8,3,2024,2
12683.0,155,66,23000.0,9,Wedding,1,0.0,0.0,300,500,2,2,5,0,1,2,343.2835820895522,81.30128205128206,11,4,2023,3
4363.0,252,1608,26000.0,9,Corporate Event,4,0.0,0.0,300,500,1,2,5,0,1,1,16.159105034182723,17.24505928853755,8,3,2025,2
4156.0,249,22215,26000.0,9,Birthday,5,0.0,0.0,300,500,0,2,5,0,1,2,1.1703276917536911,16.624,6,2,2025,2
40990.0,176,3661,15000.0,7,Birthday,1,0.0,0.0,300,500,0,0,5,0,1,2,4.09612233752048,231.5819209039548,10,4,2022,3
4683.0,229,3480,25000.0,9,Birthday,2,0.0,0.0,300,500,0,2,5,0,1,2,7.181844297615628,20.360869565217392,12,4,2023,0
11138.0,42,3577,13000.0,7,Corporate Event,4,0.0,0.0,300,500,1,0,5,0,1,0,3.6333147009502516,259.0232558139535,4,2,2022,1
13950.0,42,3577,13000.0,9,Birthday,5,0.0,0.0,300,500,0,2,5,0,1,2,3.6333147009502516,324.4186046511628,6,2,2025,2
40040.0,298,962,26000.0,4,Wedding,2,0.0,0.0,300,500,2,2,5,0,1,2,26.99896157840083,133.91304347826087,2,1,2023,0
10113.0,155,66,24000.0,5,Birthday,2,0.0,0.0,300,500,0,1,5,0,1,0,358.2089552238806,64.82692307692308,8,3,2025,2
1573.0,239,4101,12000.0,9,Corporate Event,5,0.0,0.0,300,500,1,2,5,0,1,1,2.9254022428083863,6.554166666666666,12,4,2023,0
10931.0,42,3577,25000.0,7,Birthday,3,0.0,0.0,300,500,0,0,5,0,1,0,6.98714365567356,254.2093023255814,6,2,2023,2
11700.0,176,3661,19000.0,5,Wedding,1,0.0,0.0,300,500,2,1,5,0,1,1,5.188421627525942,66.10169491525424,5,2,2023,1
8810.0,252,1608,26000.0,9,Corporate Event,3,0.0,0.0,300,500,1,2,5,0,1,0,16.159105034182723,34.82213438735178,2,1,2023,0
2390.0,202,1983,25000.0,9,Corporate Event,5,0.0,0.0,300,500,1,2,5,0,1,1,12.600806451612904,11.773399014778326,5,2,2023,1
3407.0,229,3480,19000.0,7,Birthday,3,0.0,0.0,300,500,0,0,5,0,1,0,5.458201666187877,14.81304347826087,9,3,2025,3
10286.0,126,4896,26000.0,9,Wedding,3,0.0,0.0,300,500,2,2,5,0,1,1,5.309373085562589,80.99212598425197,4,2,2022,1
5262.0,203,1258,15000.0,9,Wedding,4,0.0,0.0,300,500,2,2,5,0,1,2,11.914217633042098,25.794117647058822,5,2,2022,1
8538.0,203,1417,19000.0,7,Wedding,2,0.0,0.0,300,500,2,0,5,0,1,1,13.399153737658674,41.85294117647059,7,3,2023,2
4782.0,42,3577,20000.0,5,Wedding,4,0.0,0.0,300,500,2,1,5,0,1,1,5.589714924538849,111.20930232558139,8,3,2025,2
434.0,252,1608,21000.0,7,Birthday,4,0.0,0.0,300,500,0,0,5,0,1,0,13.05158483530143,1.715415019762846,3,1,2023,1
216.0,203,1417,19000.0,9,Birthday,1,0.0,0.0,300,500,0,2,5,0,1,2,13.399153737658674,1.0588235294117647,8,3,2025,2
9589.0,252,1608,21000.0,4,Corporate Event,3,0.0,0.0,300,500,1,2,5,0,1,0,13.05158483530143,37.901185770750985,7,3,2025,2
12652.0,202,1983,26000.0,7,Corporate Event,1,0.0,0.0,300,500,1,0,5,0,1,0,13.10483870967742,62.32512315270936,8,3,2023,2
43120.0,298,962,22000.0,9,Corporate Event,4,0.0,0.0,300,500,1,2,5,0,1,0,22.84527518172378,144.2140468227425,5,2,2025,1
4535.0,229,3480,15000.0,7,Wedding,3,0.0,0.0,300,500,2,0,5,0,1,0,4.309106578569376,19.717391304347824,1,1,2023,0
12008.0,252,1608,22000.0,4,Birthday,3,0.0,0.0,300,500,0,2,5,0,1,1,13.673088875077688,47.462450592885375,12,4,2023,0
14301.0,126,4896,13000.0,7,Corporate Event,5,0.0,0.0,300,500,1,0,5,0,1,2,2.6546865427812945,112.60629921259843,7,3,2024,2
11791.0,155,66,17000.0,9,Wedding,4,0.0,0.0,300,500,2,2,5,0,1,2,253.73134328358208,75.58333333333333,4,2,2024,1
12601.0,229,3480,22000.0,4,Wedding,3,0.0,0.0,300,500,2,2,5,0,1,2,6.320022981901753,54.78695652173913,9,3,2024,3
732.0,252,1608,19000.0,7,Birthday,4,0.0,0.0,300,500,0,0,5,0,1,2,11.808576755748913,2.8932806324110674,8,3,2023,2
1514.0,203,1417,22000.0,5,Corporate Event,2,0.0,0.0,300,500,1,1,5,0,1,1,15.514809590973202,7.421568627450981,1,1,2023,0
13089.0,252,1608,19000.0,5,Corporate Event,2,0.0,0.0,300,500,1,1,5,0,1,0,11.808576755748913,51.73517786561265,4,2,2024,1
11816.0,249,22215,15000.0,9,Wedding,4,0.0,0.0,300,500,2,2,5,0,1,1,0.6751890529348218,47.264,8,3,2023,2
10119.0,203,1258,25000.0,9,Birthday,2,0.0,0.0,300,500,0,2,5,0,1,2,19.857029388403493,49.60294117647059,6,2,2024,2
14716.0,249,22215,17000.0,5,Wedding,1,0.0,0.0,300,500,2,1,5,0,1,0,0.765214259992798,58.864,8,3,2025,2
12250.0,249,22215,20000.0,9,Wedding,5,0.0,0.0,300,500,2,2,5,0,1,0,0.9002520705797623,49.0,10,4,2024,3
9512.0,298,962,23000.0,9,Wedding,1,0.0,0.0,300,500,2,2,5,0,1,2,23.883696780893043,31.812709030100333,9,3,2022,3
10651.0,239,4101,19000.0,7,Corporate Event,5,0.0,0.0,300,500,1,0,5,0,1,2,4.631886884446612,44.37916666666667,1,1,2022,0
1715.0,249,22215,12000.0,7,Wedding,1,0.0,0.0,300,500,2,0,5,0,1,1,0.5401512423478574,6.86,2,1,2024,0
6952.0,298,962,20000.0,9,Birthday,4,0.0,0.0,300,500,0,2,5,0,1,0,20.768431983385256,23.25083612040134,7,3,2022,2
1403.0,155,66,24000.0,9,Birthday,5,0.0,0.0,300,500,0,2,5,0,1,2,358.2089552238806,8.993589743589743,9,3,2024,3
11799.0,229,3480,17000.0,5,Corporate Event,1,0.0,0.0,300,500,1,1,5,0,1,1,4.883654122378627,51.3,8,3,2023,2
4116.0,203,1417,17000.0,7,Corporate Event,5,0.0,0.0,300,500,1,0,5,0,1,1,11.988716502115656,20.176470588235293,1,1,2022,0
8732.0,42,3577,25000.0,9,Corporate Event,3,0.0,0.0,300,500,1,2,5,0,1,1,6.98714365567356,203.06976744186048,7,3,2025,2
13903.0,249,22215,13000.0,4,Wedding,5,0.0,0.0,300,500,2,2,5,0,1,0,0.5851638458768456,55.612,12,4,2025,0
7020.0,252,1608,23000.0,9,Wedding,3,0.0,0.0,300,500,2,2,5,0,1,1,14.294592914853947,27.74703557312253,1,1,2022,0
6940.0,203,1417,26000.0,9,Wedding,4,0.0,0.0,300,500,2,2,5,0,1,0,18.33568406205924,34.01960784313726,10,4,2022,3
3683.0,155,66,17000.0,4,Wedding,4,0.0,0.0,300,500,2,2,5,0,1,1,253.73134328358208,23.608974358974358,8,3,2025,2
4638.0,229,3480,24000.0,4,Birthday,4,0.0,0.0,300,500,0,2,5,0,1,2,6.894570525711003,20.16521739130435,2,1,2023,0
5315.0,203,1258,19000.0,9,Wedding,5,0.0,0.0,300,500,2,2,5,0,1,1,15.091342335186656,26.05392156862745,12,4,2023,0
8171.0,298,962,21000.0,4,Corporate Event,1,0.0,0.0,300,500,1,2,5,0,1,1,21.806853582554517,27.327759197324415,9,3,2023,3
888.0,252,1608,25000.0,4,Wedding,2,0.0,0.0,300,500,2,2,5,0,1,1,15.537600994406464,3.5098814229249014,11,4,2022,3
10674.0,203,1417,26000.0,9,Corporate Event,5,0.0,0.0,300,500,1,2,5,0,1,2,18.33568406205924,52.3235294117647,4,2,2023,1
7695.0,202,1983,12000.0,7,Birthday,2,0.0,0.0,300,500,0,0,5,0,1,2,6.048387096774194,37.9064039408867,7,3,2025,2
5124.0,202,1983,17000.0,4,Birthday,2,0.0,0.0,300,500,0,2,5,0,1,2,8.568548387096774,25.24137931034483,12,4,2023,0
12085.0,42,3577,17000.0,4,Wedding,4,0.0,0.0,300,500,2,2,5,0,1,2,4.751257685858021,281.04651162790697,10,4,2023,3
8664.0,249,22215,12000.0,9,Wedding,4,0.0,0.0,300,500,2,2,5,0,1,2,0.5401512423478574,34.656,3,1,2022,1
14730.0,202,1983,26000.0,4,Wedding,5,0.0,0.0,300,500,2,2,5,0,1,2,13.10483870967742,72.5615763546798,2,1,2022,0
7221.0,239,4101,24000.0,4,Wedding,5,0.0,0.0,300,500,2,2,5,0,1,0,5.850804485616773,30.0875,3,1,2024,1
13924.0,176,3661,20000.0,9,Wedding,5,0.0,0.0,300,500,2,2,5,0,1,2,5.461496450027307,78.66666666666667,7,3,2022,2
14149.0,203,1258,25000.0,9,Corporate Event,3,0.0,0.0,300,500,1,2,5,0,1,1,19.857029388403493,69.3578431372549,4,2,2024,1
2269.0,252,1608,15000.0,7,Corporate Event,2,0.0,0.0,300,500,1,0,5,0,1,1,9.322560596643878,8.968379446640316,5,2,2025,1
8454.0,239,4101,22000.0,4,Birthday,3,0.0,0.0,300,500,0,2,5,0,1,2,5.363237445148708,35.225,8,3,2022,2
7606.0,155,66,21000.0,4,Wedding,3,0.0,0.0,300,500,2,2,5,0,1,1,313.43283582089555,48.756410256410255,1,1,2024,0
3920.0,249,22215,25000.0,7,Birthday,5,0.0,0.0,300,500,0,0,5,0,1,1,1.125315088224703,15.68,7,3,2023,2
6323.0,176,3661,25000.0,9,Corporate Event,3,0.0,0.0,300,500,1,2,5,0,1,0,6.826870562534134,35.72316384180791,5,2,2022,1
9761.0,249,22215,23000.0,5,Birthday,1,0.0,0.0,300,500,0,1,5,0,1,0,1.0352898811667266,39.044,4,2,2024,1
8419.0,126,4896,17000.0,5,Wedding,5,0.0,0.0,300,500,2,1,5,0,1,1,3.471513171329385,66.29133858267717,3,1,2023,1
4966.0,202,1983,13000.0,9,Corporate Event,4,0.0,0.0,300,500,1,2,5,0,1,2,6.55241935483871,24.463054187192117,1,1,2024,0
11072.0,239,4101,22000.0,7,Wedding,2,0.0,0.0,300,500,2,0,5,0,1,0,5.363237445148708,46.13333333333333,8,3,2023,2
13367.0,229,3480,23000.0,5,Birthday,5,0.0,0.0,300,500,0,1,5,0,1,2,6.607296753806377,58.11739130434783,3,1,2023,1
2550.0,126,4896,23000.0,5,Wedding,3,0.0,0.0,300,500,2,1,5,0,1,2,4.696753114151521,20.078740157480315,7,3,2022,2
2654.0,176,3661,23000.0,9,Corporate Event,5,0.0,0.0,300,500,1,2,5,0,1,0,6.280720917531403,14.994350282485875,11,4,2024,3
12285.0,298,962,26000.0,9,Birthday,5,0.0,0.0,300,500,0,2,5,0,1,2,26.99896157840083,41.08695652173913,3,1,2022,1
14994.0,176,3661,19000.0,4,Corporate Event,5,0.0,0.0,300,500,1,2,5,0,1,1,5.188421627525942,84.71186440677967,6,2,2025,2
3073.0,126,4896,25000.0,7,Wedding,5,0.0,0.0,300,500,2,0,5,0,1,1,5.105166428425567,24.19685039370079,1,1,2022,0
13382.0,126,4896,12000.0,4,Birthday,1,0.0,0.0,300,500,0,2,5,0,1,2,2.450479885644272,105.37007874015748,4,2,2025,1
9450.0,176,3661,15000.0,4,Wedding,4,0.0,0.0,300,500,2,2,5,0,1,0,4.09612233752048,53.389830508474574,3,1,2024,1
3069.0,229,3480,26000.0,7,Corporate Event,1,0.0,0.0,300,500,1,0,5,0,1,0,7.469118069520253,13.343478260869565,12,4,2022,0
5074.0,229,3480,20000.0,9,Wedding,3,0.0,0.0,300,500,2,2,5,0,1,2,5.745475438092502,22.06086956521739,9,3,2022,3
11726.0,203,1258,20000.0,9,Corporate Event,4,0.0,0.0,300,500,1,2,5,0,1,0,15.885623510722796,57.48039215686274,5,2,2023,1
11708.0,239,4101,24000.0,4,Wedding,3,0.0,0.0,300,500,2,2,5,0,1,1,5.850804485616773,48.78333333333333,2,1,2025,0
14674.0,249,22215,12000.0,5,Birthday,1,0.0,0.0,300,500,0,1,5,0,1,1,0.5401512423478574,58.696,1,1,2022,0
5601.0,176,3661,13000.0,9,Wedding,3,0.0,0.0,300,500,2,2,5,0,1,1,3.5499726925177497,31.64406779661017,6,2,2024,2
11561.0,203,1258,26000.0,7,Birthday,1,0.0,0.0,300,500,0,0,5,0,1,2,20.651310563939635,56.67156862745098,10,4,2024,3
1070.0,203,1258,26000.0,9,Corporate Event,4,0.0,0.0,300,500,1,2,5,0,1,0,20.651310563939635,5.245098039215686,3,1,2022,1
3428.0,202,1983,22000.0,9,Wedding,4,0.0,0.0,300,500,2,2,5,0,1,2,11.088709677419354,16.886699507389164,2,1,2024,0
4454.0,203,1417,24000.0,9,Corporate Event,2,0.0,0.0,300,500,1,2,5,0,1,0,16.92524682651622,21.833333333333332,2,1,2024,0
9671.0,126,4896,22000.0,9,Corporate Event,2,0.0,0.0,300,500,1,2,5,0,1,1,4.492546457014499,76.14960629921259,1,1,2024,0
14593.0,42,3577,17000.0,9,Corporate Event,4,0.0,0.0,300,500,1,2,5,0,1,0,4.751257685858021,339.3720930232558,10,4,2025,3
1299.0,239,4101,20000.0,7,Wedding,3,0.0,0.0,300,500,2,0,5,0,1,1,4.875670404680643,5.4125,10,4,2024,3
6448.0,252,1608,13000.0,5,Wedding,3,0.0,0.0,300,500,2,1,5,0,1,2,8.079552517091361,25.486166007905137,7,3,2023,2
14523.0,229,3480,21000.0,4,Wedding,5,0.0,0.0,300,500,2,2,5,0,1,1,6.032749209997127,63.143478260869564,2,1,2024,0
7939.0,229,3480,22000.0,4,Wedding,5,0.0,0.0,300,500,2,2,5,0,1,1,6.320022981901753,34.517391304347825,5,2,2022,1
8558.0,203,1417,24000.0,7,Wedding,2,0.0,0.0,300,500,2,0,5,0,1,2,16.92524682651622,41.950980392156865,2,1,2024,0
12772.0,176,3661,21000.0,7,Corporate Event,5,0.0,0.0,300,500,1,0,5,0,1,1,5.734571272528673,72.15819209039547,7,3,2023,2
10341.0,252,1608,12000.0,5,Birthday,1,0.0,0.0,300,500,0,1,5,0,1,1,7.458048477315103,40.873517786561266,3,1,2025,1
13654.0,155,66,24000.0,5,Corporate Event,4,0.0,0.0,300,500,1,1,5,0,1,0,358.2089552238806,87.52564102564102,1,1,2025,0
14395.0,239,4101,20000.0,9,Birthday,1,0.0,0.0,300,500,0,2,5,0,1,2,4.875670404680643,59.979166666666664,1,1,2024,0
7574.0,202,1983,19000.0,7,Corporate Event,2,0.0,0.0,300,500,1,0,5,0,1,0,9.576612903225806,37.310344827586206,8,3,2022,2
3232.0,126,4896,25000.0,5,Birthday,5,0.0,0.0,300,500,0,1,5,0,1,0,5.105166428425567,25.448818897637796,7,3,2025,2
8518.0,252,1608,24000.0,7,Birthday,3,0.0,0.0,300,500,0,0,5,0,1,1,14.916096954630206,33.66798418972332,9,3,2025,3
7815.0,176,3661,20000.0,7,Corporate Event,2,0.0,0.0,300,500,1,0,5,0,1,1,5.461496450027307,44.152542372881356,4,2,2025,1
10492.0,203,1417,26000.0,4,Birthday,4,0.0,0.0,300,500,0,2,5,0,1,1,18.33568406205924,51.431372549019606,10,4,2025,3
5296.0,249,22215,23000.0,9,Corporate Event,3,0.0,0.0,300,500,1,2,5,0,1,2,1.0352898811667266,21.184,2,1,2023,0
114050.0,155,66,12000.0,5,Corporate Event,4,0.0,0.0,300,500,1,1,5,0,1,1,179.1044776119403,731.0897435897435,6,2,2022,2
1609.0,155,66,20000.0,7,Birthday,1,0.0,0.0,300,500,0,0,5,0,1,0,298.5074626865672,10.314102564102564,5,2,2025,1
12029.0,155,66,20000.0,7,Wedding,3,0.0,0.0,300,500,2,0,5,0,1,1,298.5074626865672,77.10897435897436,7,3,2023,2
6817.0,239,4101,25000.0,9,Wedding,5,0.0,0.0,300,500,2,2,5,0,1,2,6.094588005850804,28.404166666666665,9,3,2025,3
6405.0,203,1417,15000.0,9,Wedding,3,0.0,0.0,300,500,2,2,5,0,1,2,10.578279266572638,31.397058823529413,2,1,2025,0
13663.0,239,4101,24000.0,4,Corporate Event,2,0.0,0.0,300,500,1,2,5,0,1,1,5.850804485616773,56.92916666666667,8,3,2025,2
10181.0,298,962,25000.0,7,Wedding,1,0.0,0.0,300,500,2,0,5,0,1,1,25.96053997923157,34.05016722408027,12,4,2023,0
14934.0,203,1258,15000.0,7,Birthday,1,0.0,0.0,300,500,0,0,5,0,1,1,11.914217633042098,73.20588235294117,12,4,2025,0
8119.0,239,4101,22000.0,9,Corporate Event,5,0.0,0.0,300,500,1,2,5,0,1,2,5.363237445148708,33.829166666666666,4,2,2025,1
9825.0,249,22215,25000.0,4,Birthday,2,0.0,0.0,300,500,0,2,5,0,1,2,1.125315088224703,39.3,2,1,2025,0
11427.0,42,3577,12000.0,4,Wedding,2,0.0,0.0,300,500,2,2,5,0,1,2,3.3538289547233093,265.74418604651163,10,4,2024,3
11603.0,229,3480,21000.0,9,Wedding,4,0.0,0.0,300,500,2,2,5,0,1,2,6.032749209997127,50.447826086956525,12,4,2025,0
5549.0,203,1417,25000.0,9,Birthday,3,0.0,0.0,300,500,0,2,5,0,1,1,17.63046544428773,27.20098039215686,2,1,2023,0
6100.0,239,4101,12000.0,9,Wedding,1,0.0,0.0,300,500,2,2,5,0,1,1,2.9254022428083863,25.416666666666668,12,4,2023,0
221.0,203,1417,19000.0,7,Wedding,5,0.0,0.0,300,500,2,0,5,0,1,1,13.399153737658674,1.0833333333333333,6,2,2024,2
804.0,203,1417,26000.0,9,Corporate Event,1,0.0,0.0,300,500,1,2,5,0,1,1,18.33568406205924,3.9411764705882355,12,4,2022,0
2088.0,203,1417,21000.0,7,Corporate Event,5,0.0,0.0,300,500,1,0,5,0,1,2,14.809590973201692,10.235294117647058,11,4,2025,3
6969.0,176,3661,25000.0,5,Birthday,1,0.0,0.0,300,500,0,1,5,0,1,1,6.826870562534134,39.3728813559322,1,1,2024,0
11610.0,239,4101,13000.0,7,Corporate Event,2,0.0,0.0,300,500,1,0,5,0,1,2,3.1691857630424183,48.375,2,1,2023,0
5472.0,239,4101,13000.0,4,Corporate Event,2,0.0,0.0,300,500,1,2,5,0,1,2,3.1691857630424183,22.8,7,3,2025,2
9440.0,252,1608,21000.0,4,Corporate Event,3,0.0,0.0,300,500,1,2,5,0,1,1,13.05158483530143,37.312252964426875,11,4,2024,3
7174.0,203,1258,25000.0,9,Birthday,1,0.0,0.0,300,500,0,2,5,0,1,1,19.857029388403493,35.166666666666664,2,1,2025,0
4322.0,155,66,23000.0,7,Birthday,3,0.0,0.0,300,500,0,0,5,0,1,2,343.2835820895522,27.705128205128204,2,1,2022,0
9231.0,126,4896,15000.0,4,Corporate Event,3,0.0,0.0,300,500,1,2,5,0,1,0,3.06309985705534,72.68503937007874,4,2,2022,1
12785.0,155,66,24000.0,4,Wedding,3,0.0,0.0,300,500,2,2,5,0,1,0,358.2089552238806,81.9551282051282,3,1,2023,1
9936.0,42,3577,26000.0,9,Corporate Event,1,0.0,0.0,300,500,1,2,5,0,1,0,7.266629401900503,231.06976744186048,3,1,2024,1
4445.0,239,4101,20000.0,5,Birthday,1,0.0,0.0,300,500,0,1,5,0,1,1,4.875670404680643,18.520833333333332,6,2,2025,2
13014.0,155,66,21000.0,5,Corporate Event,2,0.0,0.0,300,500,1,1,5,0,1,2,313.43283582089555,83.42307692307692,11,4,2024,3
6542.0,202,1983,13000.0,7,Corporate Event,5,0.0,0.0,300,500,1,0,5,0,1,2,6.55241935483871,32.22660098522167,2,1,2023,0
13487.0,203,1417,15000.0,9,Wedding,5,0.0,0.0,300,500,2,2,5,0,1,2,10.578279266572638,66.11274509803921,2,1,2025,0
1946.0,203,1417,20000.0,7,Birthday,5,0.0,0.0,300,500,0,0,5,0,1,0,14.104372355430183,9.53921568627451,10,4,2024,3
7234.0,203,1258,25000.0,5,Corporate Event,2,0.0,0.0,300,500,1,1,5,0,1,1,19.857029388403493,35.46078431372549,7,3,2023,2
11827.0,42,3577,25000.0,9,Wedding,1,0.0,0.0,300,500,2,2,5,0,1,1,6.98714365567356,275.04651162790697,2,1,2025,0
7487.0,239,4101,24000.0,5,Corporate Event,5,0.0,0.0,300,500,1,1,5,0,1,0,5.850804485616773,31.195833333333333,10,4,2025,3
14763.0,239,4101,20000.0,9,Birthday,3,0.0,0.0,300,500,0,2,5,0,1,1,4.875670404680643,61.5125,3,1,2024,1
11935.0,202,1983,26000.0,7,Birthday,4,0.0,0.0,300,500,0,0,5,0,1,2,13.10483870967742,58.793103448275865,4,2,2025,1
1652.0,42,3577,24000.0,5,Birthday,3,0.0,0.0,300,500,0,1,5,0,1,1,6.707657909446619,38.41860465116279,3,1,2022,1
12435.0,239,4101,20000.0,7,Corporate Event,4,0.0,0.0,300,500,1,0,5,0,1,2,4.875670404680643,51.8125,11,4,2023,3
6175.0,126,4896,22000.0,7,Birthday,2,0.0,0.0,300,500,0,0,5,0,1,0,4.492546457014499,48.62204724409449,4,2,2022,1
14840.0,155,66,13000.0,7,Corporate Event,3,0.0,0.0,300,500,1,0,5,0,1,0,194.02985074626866,95.12820512820512,2,1,2024,0
14674.0,42,3577,17000.0,9,Birthday,5,0.0,0.0,300,500,0,2,5,0,1,1,4.751257685858021,341.25581395348837,1,1,2024,0
13454.0,126,4896,17000.0,7,Corporate Event,1,0.0,0.0,300,500,1,0,5,0,1,0,3.471513171329385,105.93700787401575,4,2,2023,1
4425.0,229,3480,20000.0,9,Wedding,2,0.0,0.0,300,500,2,2,5,0,1,2,5.745475438092502,19.23913043478261,4,2,2022,1
7016.0,229,3480,19000.0,7,Corporate Event,1,0.0,0.0,300,500,1,0,5,0,1,2,5.458201666187877,30.504347826086956,7,3,2023,2
9999.0,126,4896,25000.0,7,Birthday,5,0.0,0.0,300,500,0,0,5,0,1,0,5.105166428425567,78.73228346456693,12,4,2023,0
13502.0,202,1983,22000.0,5,Birthday,4,0.0,0.0,300,500,0,1,5,0,1,2,11.088709677419354,66.51231527093596,1,1,2023,0
523.0,298,962,15000.0,4,Birthday,3,0.0,0.0,300,500,0,2,5,0,1,1,15.576323987538942,1.7491638795986622,12,4,2025,0
1070.0,42,3577,25000.0,4,Wedding,4,0.0,0.0,300,500,2,2,5,0,1,0,6.98714365567356,24.88372093023256,6,2,2024,2
12957.0,203,1417,17000.0,9,Wedding,5,0.0,0.0,300,500,2,2,5,0,1,0,11.988716502115656,63.51470588235294,11,4,2024,3
13732.0,249,22215,12000.0,7,Wedding,4,0.0,0.0,300,500,2,0,5,0,1,1,0.5401512423478574,54.928,3,1,2023,1
7312.0,155,66,24000.0,9,Corporate Event,3,0.0,0.0,300,500,1,2,5,0,1,1,358.2089552238806,46.87179487179487,5,2,2024,1
577.0,155,66,17000.0,4,Wedding,2,0.0,0.0,300,500,2,2,5,0,1,2,253.73134328358208,3.698717948717949,6,2,2024,2
538.0,229,3480,13000.0,5,Birthday,2,0.0,0.0,300,500,0,1,5,0,1,0,3.7345590347601263,2.3391304347826085,11,4,2024,3
9172.0,298,962,23000.0,9,Birthday,5,0.0,0.0,300,500,0,2,5,0,1,1,23.883696780893043,30.67558528428094,10,4,2024,3
659.0,249,22215,24000.0,9,Birthday,4,0.0,0.0,300,500,0,2,5,0,1,2,1.0803024846957148,2.636,3,1,2022,1
10621.0,203,1417,24000.0,9,Wedding,1,0.0,0.0,300,500,2,2,5,0,1,0,16.92524682651622,52.06372549019608,12,4,2023,0
12685.0,249,22215,23000.0,5,Wedding,4,0.0,0.0,300,500,2,1,5,0,1,1,1.0352898811667266,50.74,1,1,2024,0
1493.0,298,962,12000.0,7,Birthday,3,0.0,0.0,300,500,0,0,5,0,1,1,12.461059190031152,4.993311036789297,5,2,2023,1
6735.0,126,4896,15000.0,4,Corporate Event,4,0.0,0.0,300,500,1,2,5,0,1,1,3.06309985705534,53.031496062992126,11,4,2022,3
3172.0,229,3480,22000.0,7,Wedding,4,0.0,0.0,300,500,2,0,5,0,1,1,6.320022981901753,13.791304347826086,5,2,2023,1
13559.0,239,4101,19000.0,9,Wedding,5,0.0,0.0,300,500,2,2,5,0,1,1,4.631886884446612,56.49583333333333,6,2,2024,2
14675.0,298,962,22000.0,9,Wedding,2,0.0,0.0,300,500,2,2,5,0,1,0,22.84527518172378,49.080267558528426,7,3,2023,2
135710.0,202,1983,22000.0,5,Corporate Event,5,0.0,0.0,300,500,1,1,5,0,1,2,11.088709677419354,668.5221674876848,9,3,2023,3
14925.0,298,962,15000.0,4,Birthday,1,0.0,0.0,300,500,0,2,5,0,1,2,15.576323987538942,49.91638795986622,7,3,2022,2
1635.0,42,3577,26000.0,9,Birthday,1,0.0,0.0,300,500,0,2,5,0,1,1,7.266629401900503,38.02325581395349,7,3,2024,2
7828.0,155,66,20000.0,9,Birthday,3,0.0,0.0,300,500,0,2,5,0,1,2,298.5074626865672,50.17948717948718,4,2,2022,1
5146.0,252,1608,13000.0,5,Corporate Event,3,0.0,0.0,300,500,1,1,5,0,1,2,8.079552517091361,20.3399209486166,6,2,2022,2
2226.0,202,1983,20000.0,9,Wedding,1,0.0,0.0,300,500,2,2,5,0,1,1,10.080645161290322,10.96551724137931,8,3,2022,2
6548.0,229,3480,26000.0,4,Corporate Event,5,0.0,0.0,300,500,1,2,5,0,1,2,7.469118069520253,28.469565217391306,12,4,2022,0
835.0,42,3577,26000.0,5,Corporate Event,1,0.0,0.0,300,500,1,1,5,0,1,0,7.266629401900503,19.41860465116279,2,1,2023,0
12537.0,202,1983,26000.0,7,Corporate Event,1,0.0,0.0,300,500,1,0,5,0,1,1,13.10483870967742,61.758620689655174,6,2,2024,2
1512.0,203,1258,23000.0,9,Birthday,4,0.0,0.0,300,500,0,2,5,0,1,0,18.268467037331217,7.411764705882353,5,2,2025,1
12686.0,126,4896,22000.0,4,Wedding,2,0.0,0.0,300,500,2,2,5,0,1,0,4.492546457014499,99.88976377952756,1,1,2024,0
13765.0,155,66,24000.0,9,Birthday,3,0.0,0.0,300,500,0,2,5,0,1,0,358.2089552238806,88.23717948717949,7,3,2024,2
10006.0,42,3577,17000.0,7,Wedding,1,0.0,0.0,300,500,2,0,5,0,1,2,4.751257685858021,232.69767441860466,3,1,2024,1
2781.0,176,3661,13000.0,7,Corporate Event,5,0.0,0.0,300,500,1,0,5,0,1,0,3.5499726925177497,15.711864406779661,5,2,2022,1
5016.0,252,1608,13000.0,4,Birthday,2,0.0,0.0,300,500,0,2,5,0,1,0,8.079552517091361,19.82608695652174,4,2,2025,1
5072.0,155,66,20000.0,7,Corporate Event,5,0.0,0.0,300,500,1,0,5,0,1,1,298.5074626865672,32.51282051282051,2,1,2025,0
9285.0,229,3480,20000.0,9,Birthday,4,0.0,0.0,300,500,0,2,5,0,1,2,5.745475438092502,40.369565217391305,3,1,2025,1
7840.0,202,1983,26000.0,5,Wedding,4,0.0,0.0,300,500,2,1,5,0,1,2,13.10483870967742,38.62068965517241,12,4,2025,0
13167.0,239,4101,22000.0,9,Wedding,5,0.0,0.0,300,500,2,2,5,0,1,0,5.363237445148708,54.8625,8,3,2024,2
89880.0,298,962,24000.0,4,Wedding,5,0.0,0.0,300,500,2,2,5,0,1,1,24.922118380062305,300.60200668896323,4,2,2022,1
12517.0,155,66,24000.0,9,Birthday,1,0.0,0.0,300,500,0,2,5,0,1,0,358.2089552238806,80.23717948717949,6,2,2024,2
9695.0,229,3480,24000.0,7,Birthday,5,0.0,0.0,300,500,0,0,5,0,1,2,6.894570525711003,42.15217391304348,4,2,2022,1
11861.0,249,22215,23000.0,9,Wedding,5,0.0,0.0,300,500,2,2,5,0,1,2,1.0352898811667266,47.444,1,1,2023,0
14649.0,42,3577,20000.0,5,Corporate Event,2,0.0,0.0,300,500,1,1,5,0,1,1,5.589714924538849,340.6744186046512,1,1,2022,0
11174.0,203,1417,17000.0,9,Corporate Event,3,0.0,0.0,300,500,1,2,5,0,1,1,11.988716502115656,54.77450980392157,11,4,2025,3
11359.0,252,1608,21000.0,7,Corporate Event,5,0.0,0.0,300,500,1,0,5,0,1,1,13.05158483530143,44.89723320158103,6,2,2024,2
7429.0,155,66,25000.0,9,Birthday,3,0.0,0.0,300,500,0,2,5,0,1,0,373.13432835820896,47.62179487179487,12,4,2024,0
12384.0,249,22215,12000.0,7,Wedding,4,0.0,0.0,300,500,2,0,5,0,1,1,0.5401512423478574,49.536,8,3,2024,2
7776.0,239,4101,26000.0,9,Wedding,3,0.0,0.0,300,500,2,2,5,0,1,0,6.338371526084837,32.4,2,1,2022,0
7917.0,249,22215,13000.0,5,Birthday,4,0.0,0.0,300,500,0,1,5,0,1,1,0.5851638458768456,31.668,1,1,2023,0
7455.0,176,3661,24000.0,5,Wedding,3,0.0,0.0,300,500,2,1,5,0,1,0,6.553795740032769,42.11864406779661,2,1,2025,0
7475.0,42,3577,23000.0,7,Wedding,1,0.0,0.0,300,500,2,0,5,0,1,0,6.428172163219676,173.8372093023256,10,4,2022,3
11626.0,202,1983,15000.0,9,Wedding,3,0.0,0.0,300,500,2,2,5,0,1,1,7.560483870967742,57.27093596059113,5,2,2022,1
2845.0,229,3480,25000.0,9,Wedding,2,0.0,0.0,300,500,2,2,5,0,1,0,7.181844297615628,12.369565217391305,6,2,2023,2
1746.0,42,3577,22000.0,9,Birthday,3,0.0,0.0,300,500,0,2,5,0,1,2,6.148686416992733,40.604651162790695,9,3,2024,3
5231.0,203,1258,26000.0,7,Birthday,4,0.0,0.0,300,500,0,0,5,0,1,2,20.651310563939635,25.642156862745097,4,2,2025,1
10179.0,126,4896,20000.0,4,Corporate Event,3,0.0,0.0,300,500,1,2,5,0,1,1,4.084133142740454,80.14960629921259,1,1,2024,0
1039.0,176,3661,25000.0,9,Birthday,1,0.0,0.0,300,500,0,2,5,0,1,2,6.826870562534134,5.870056497175141,10,4,2025,3
3641.0,252,1608,23000.0,7,Birthday,3,0.0,0.0,300,500,0,0,5,0,1,2,14.294592914853947,14.391304347826088,10,4,2022,3
5109.0,203,1258,20000.0,9,Wedding,3,0.0,0.0,300,500,2,2,5,0,1,2,15.885623510722796,25.044117647058822,12,4,2023,0
266.0,229,3480,12000.0,9,Wedding,2,0.0,0.0,300,500,2,2,5,0,1,0,3.4472852628555013,1.1565217391304348,11,4,2023,3
5222.0,155,66,24000.0,4,Wedding,2,0.0,0.0,300,500,2,2,5,0,1,0,358.2089552238806,33.47435897435897,9,3,2024,3
65740.0,155,66,12000.0,7,Birthday,1,0.0,0.0,300,500,0,0,5,0,1,1,179.1044776119403,421.4102564102564,4,2,2023,1
5454.0,42,3577,13000.0,7,Birthday,2,0.0,0.0,300,500,0,0,5,0,1,2,3.6333147009502516,126.83720930232558,4,2,2022,1
5881.0,155,66,13000.0,7,Wedding,4,0.0,0.0,300,500,2,0,5,0,1,2,194.02985074626866,37.69871794871795,3,1,2022,1
479.0,203,1258,26000.0,7,Corporate Event,1,0.0,0.0,300,500,1,0,5,0,1,1,20.651310563939635,2.3480392156862746,7,3,2022,2
6112.0,42,3577,23000.0,7,Birthday,2,0.0,0.0,300,500,0,0,5,0,1,2,6.428172163219676,142.13953488372093,10,4,2023,3
11026.0,229,3480,19000.0,5,Birthday,2,0.0,0.0,300,500,0,1,5,0,1,2,5.458201666187877,47.93913043478261,11,4,2023,3
2500.0,126,4896,19000.0,7,Birthday,1,0.0,0.0,300,500,0,0,5,0,1,1,3.8799264856034306,19.68503937007874,12,4,2024,0
3175.0,239,4101,23000.0,4,Corporate Event,5,0.0,0.0,100,200,1,2,17,0,0,2,5.60702096538274,13.229166666666666,12,4,2024,0
13185.0,42,3577,17000.0,4,Wedding,3,0.0,0.0,100,200,2,2,17,0,0,2,4.751257685858021,306.6279069767442,11,4,2025,3
13130.0,176,3661,23000.0,3,Birthday,2,0.0,0.0,100,200,0,0,17,0,0,2,6.280720917531403,74.18079096045197,10,4,2025,3
5315.0,203,1417,26000.0,8,Wedding,4,0.0,0.0,100,200,2,2,17,0,0,0,18.33568406205924,26.05392156862745,8,3,2022,2
10175.0,298,962,19000.0,4,Birthday,1,0.0,0.0,100,200,0,2,17,0,0,0,19.73001038421599,34.03010033444816,10,4,2022,3
10010.0,203,1258,20000.0,8,Birthday,2,0.0,0.0,100,200,0,2,17,0,0,0,15.885623510722796,49.068627450980394,10,4,2025,3
1690.0,155,66,15000.0,7,Birthday,3,0.0,0.0,100,200,0,1,17,0,0,0,223.88059701492537,10.833333333333334,5,2,2025,1
14223.0,126,4896,25000.0,8,Birthday,5,0.0,0.0,100,200,0,2,17,0,0,2,5.105166428425567,111.99212598425197,10,4,2025,3
11773.0,203,1258,15000.0,4,Birthday,4,0.0,0.0,100,200,0,2,17,0,0,0,11.914217633042098,57.71078431372549,9,3,2024,3
1671.0,298,962,13000.0,8,Wedding,3,0.0,0.0,100,200,2,2,17,0,0,1,13.499480789200415,5.588628762541806,7,3,2022,2
10721.0,249,22215,19000.0,8,Wedding,4,0.0,0.0,100,200,2,2,17,0,0,0,0.8552394670507742,42.884,4,2,2024,1
2487.0,203,1258,25000.0,8,Birthday,3,0.0,0.0,100,200,0,2,17,0,0,2,19.857029388403493,12.191176470588236,1,1,2025,0
4420.0,155,66,13000.0,7,Birthday,5,0.0,0.0,100,200,0,1,17,0,0,2,194.02985074626866,28.333333333333332,11,4,2024,3
6676.0,252,1608,20000.0,4,Corporate Event,4,0.0,0.0,100,200,1,2,17,0,0,0,12.430080795525171,26.387351778656125,1,1,2023,0
12114.0,42,3577,21000.0,4,Birthday,3,0.0,0.0,100,200,0,2,17,0,0,1,5.869200670765791,281.72093023255815,6,2,2025,2
3610.0,155,66,22000.0,8,Birthday,4,0.0,0.0,100,200,0,2,17,0,0,0,328.35820895522386,23.141025641025642,11,4,2023,3
7798.0,202,1983,17000.0,3,Wedding,2,0.0,0.0,100,200,2,0,17,0,0,0,8.568548387096774,38.41379310344828,7,3,2025,2
14279.0,155,66,15000.0,7,Birthday,5,0.0,0.0,100,200,0,1,17,0,0,2,223.88059701492537,91.53205128205128,10,4,2022,3
10098.0,249,22215,22000.0,3,Wedding,2,0.0,0.0,100,200,2,0,17,0,0,1,0.9902772776377385,40.392,8,3,2022,2
1952.0,203,1258,26000.0,8,Birthday,5,0.0,0.0,100,200,0,2,17,0,0,2,20.651310563939635,9.568627450980392,9,3,2023,3
14708.0,155,66,13000.0,7,Wedding,1,0.0,0.0,100,200,2,1,17,0,0,1,194.02985074626866,94.28205128205128,1,1,2025,0
10924.0,176,3661,19000.0,7,Birthday,3,0.0,0.0,100,200,0,1,17,0,0,2,5.188421627525942,61.717514124293785,2,1,2023,0
1562.0,252,1608,15000.0,8,Wedding,2,0.0,0.0,100,200,2,2,17,0,0,1,9.322560596643878,6.173913043478261,6,2,2025,2
1635.0,126,4896,25000.0,4,Wedding,4,0.0,0.0,100,200,2,2,17,0,0,0,5.105166428425567,12.874015748031496,2,1,2023,0
11657.0,155,66,24000.0,8,Corporate Event,2,0.0,0.0,100,200,1,2,17,0,0,0,358.2089552238806,74.72435897435898,3,1,2025,1
9100.0,229,3480,25000.0,4,Corporate Event,1,0.0,0.0,100,200,1,2,17,0,0,2,7.181844297615628,39.56521739130435,3,1,2024,1
3554.0,203,1417,12000.0,4,Corporate Event,2,0.0,0.0,100,200,1,2,17,0,0,1,8.46262341325811,17.42156862745098,5,2,2023,1
13240.0,202,1983,23000.0,7,Wedding,3,0.0,0.0,100,200,2,1,17,0,0,1,11.59274193548387,65.22167487684729,3,1,2023,1
906.0,203,1258,25000.0,4,Birthday,5,0.0,0.0,100,200,0,2,17,0,0,0,19.857029388403493,4.4411764705882355,9,3,2024,3
8986.0,202,1983,23000.0,8,Wedding,2,0.0,0.0,100,200,2,2,17,0,0,2,11.59274193548387,44.26600985221675,7,3,2025,2
7410.0,252,1608,17000.0,3,Wedding,5,0.0,0.0,100,200,2,0,17,0,0,2,10.565568676196396,29.288537549407113,9,3,2024,3
11002.0,155,66,19000.0,7,Birthday,5,0.0,0.0,100,200,0,1,17,0,0,0,283.5820895522388,70.52564102564102,9,3,2023,3
5179.0,298,962,26000.0,8,Wedding,3,0.0,0.0,100,200,2,2,17,0,0,0,26.99896157840083,17.321070234113712,2,1,2023,0
14914.0,176,3661,13000.0,3,Wedding,4,0.0,0.0,100,200,2,0,17,0,0,0,3.5499726925177497,84.25988700564972,6,2,2024,2
6420.0,203,1417,23000.0,4,Wedding,2,0.0,0.0,100,200,2,2,17,0,0,0,16.22002820874471,31.470588235294116,9,3,2023,3
8144.0,176,3661,22000.0,4,Corporate Event,4,0.0,0.0,100,200,1,2,17,0,0,1,6.007646095030038,46.01129943502825,8,3,2024,2
7241.0,155,66,21000.0,3,Corporate Event,4,0.0,0.0,100,200,1,0,17,0,0,1,313.43283582089555,46.416666666666664,8,3,2025,2
4697.0,252,1608,21000.0,4,Wedding,1,0.0,0.0,100,200,2,2,17,0,0,0,13.05158483530143,18.565217391304348,5,2,2025,1
11682.0,229,3480,21000.0,3,Wedding,5,0.0,0.0,100,200,2,0,17,0,0,1,6.032749209997127,50.791304347826085,3,1,2023,1
2061.0,155,66,26000.0,4,Wedding,5,0.0,0.0,100,200,2,2,17,0,0,1,388.05970149253733,13.211538461538462,8,3,2024,2
10466.0,202,1983,21000.0,4,Birthday,3,0.0,0.0,100,200,0,2,17,0,0,2,10.584677419354838,51.556650246305416,12,4,2023,0
4324.0,202,1983,21000.0,4,Wedding,5,0.0,0.0,100,200,2,2,17,0,0,1,10.584677419354838,21.300492610837438,1,1,2025,0
13865.0,229,3480,25000.0,4,Corporate Event,3,0.0,0.0,100,200,1,2,17,0,0,1,7.181844297615628,60.28260869565217,6,2,2022,2
6615.0,42,3577,12000.0,3,Corporate Event,1,0.0,0.0,100,200,1,0,17,0,0,1,3.3538289547233093,153.8372093023256,11,4,2022,3
646.0,155,66,26000.0,3,Corporate Event,3,0.0,0.0,100,200,1,0,17,0,0,0,388.05970149253733,4.141025641025641,7,3,2025,2
5833.0,298,962,22000.0,4,Wedding,4,0.0,0.0,100,200,2,2,17,0,0,1,22.84527518172378,19.50836120401338,3,1,2022,1
11972.0,155,66,24000.0,8,Birthday,1,0.0,0.0,100,200,0,2,17,0,0,2,358.2089552238806,76.74358974358974,11,4,2024,3
13539.0,42,3577,17000.0,3,Corporate Event,2,0.0,0.0,100,200,1,0,17,0,0,1,4.751257685858021,314.86046511627904,7,3,2024,2
10847.0,229,3480,20000.0,8,Wedding,1,0.0,0.0,100,200,2,2,17,0,0,2,5.745475438092502,47.16086956521739,8,3,2023,2
11685.0,249,22215,21000.0,3,Birthday,1,0.0,0.0,100,200,0,0,17,0,0,0,0.9452646741087505,46.74,12,4,2024,0
120370.0,155,66,13000.0,7,Birthday,3,0.0,0.0,100,200,0,1,17,0,0,2,194.02985074626866,771.6025641025641,11,4,2024,3
6700.0,239,4101,19000.0,8,Wedding,5,0.0,0.0,100,200,2,2,17,0,0,1,4.631886884446612,27.916666666666668,2,1,2024,0
2708.0,239,4101,19000.0,3,Birthday,5,0.0,0.0,100,200,0,0,17,0,0,1,4.631886884446612,11.283333333333333,4,2,2025,1
2426.0,126,4896,20000.0,7,Wedding,5,0.0,0.0,100,200,2,1,17,0,0,2,4.084133142740454,19.10236220472441,7,3,2025,2
605.0,202,1983,23000.0,4,Corporate Event,2,0.0,0.0,100,200,1,2,17,0,0,0,11.59274193548387,2.980295566502463,12,4,2025,0
13575.0,229,3480,19000.0,7,Corporate Event,4,0.0,0.0,100,200,1,1,17,0,0,1,5.458201666187877,59.02173913043478,11,4,2025,3
10668.0,203,1417,17000.0,4,Corporate Event,5,0.0,0.0,100,200,1,2,17,0,0,0,11.988716502115656,52.294117647058826,1,1,2024,0
3583.0,249,22215,20000.0,7,Birthday,1,0.0,0.0,100,200,0,1,17,0,0,1,0.9002520705797623,14.332,8,3,2025,2
12803.0,229,3480,23000.0,7,Wedding,2,0.0,0.0,100,200,2,1,17,0,0,1,6.607296753806377,55.665217391304346,2,1,2024,0
13388.0,155,66,24000.0,8,Wedding,4,0.0,0.0,100,200,2,2,17,0,0,2,358.2089552238806,85.82051282051282,4,2,2022,1
10433.0,229,3480,17000.0,4,Corporate Event,5,0.0,0.0,100,200,1,2,17,0,0,2,4.883654122378627,45.36086956521739,9,3,2024,3
10161.0,239,4101,12000.0,3,Birthday,5,0.0,0.0,100,200,0,0,17,0,0,0,2.9254022428083863,42.3375,1,1,2022,0
14303.0,203,1417,15000.0,3,Corporate Event,1,0.0,0.0,100,200,1,0,17,0,0,2,10.578279266572638,70.11274509803921,9,3,2022,3
8181.0,202,1983,20000.0,7,Corporate Event,2,0.0,0.0,100,200,1,1,17,0,0,1,10.080645161290322,40.30049261083744,1,1,2024,0
822.0,249,22215,23000.0,7,Birthday,1,0.0,0.0,100,200,0,1,17,0,0,2,1.0352898811667266,3.288,11,4,2025,3
6303.0,155,66,12000.0,3,Corporate Event,1,0.0,0.0,100,200,1,0,17,0,0,1,179.1044776119403,40.40384615384615,7,3,2025,2
14427.0,176,3661,24000.0,8,Wedding,5,0.0,0.0,100,200,2,2,17,0,0,2,6.553795740032769,81.50847457627118,6,2,2023,2
11840.0,252,1608,23000.0,8,Birthday,3,0.0,0.0,100,200,0,2,17,0,0,1,14.294592914853947,46.798418972332016,8,3,2023,2
2920.0,176,3661,12000.0,7,Wedding,3,0.0,0.0,100,200,2,1,17,0,0,2,3.2768978700163847,16.497175141242938,5,2,2025,1
8837.0,126,4896,20000.0,4,Wedding,5,0.0,0.0,100,200,2,2,17,0,0,1,4.084133142740454,69.58267716535433,2,1,2024,0
2487.0,176,3661,21000.0,3,Birthday,1,0.0,0.0,100,200,0,0,17,0,0,0,5.734571272528673,14.05084745762712,7,3,2025,2
2612.0,298,962,20000.0,3,Wedding,4,0.0,0.0,100,200,2,0,17,0,0,1,20.768431983385256,8.735785953177258,8,3,2024,2
6415.0,203,1417,26000.0,3,Corporate Event,4,0.0,0.0,100,200,1,0,17,0,0,2,18.33568406205924,31.44607843137255,9,3,2025,3
35180.0,252,1608,21000.0,8,Corporate Event,5,0.0,0.0,100,200,1,2,17,0,0,0,13.05158483530143,139.0513833992095,11,4,2022,3
12077.0,176,3661,13000.0,3,Wedding,4,0.0,0.0,100,200,2,0,17,0,0,1,3.5499726925177497,68.2316384180791,8,3,2024,2
10765.0,202,1983,26000.0,3,Birthday,5,0.0,0.0,100,200,0,0,17,0,0,2,13.10483870967742,53.029556650246306,3,1,2024,1
10986.0,126,4896,23000.0,4,Corporate Event,3,0.0,0.0,100,200,1,2,17,0,0,2,4.696753114151521,86.50393700787401,11,4,2025,3
4492.0,155,66,19000.0,7,Corporate Event,5,0.0,0.0,100,200,1,1,17,0,0,1,283.5820895522388,28.794871794871796,11,4,2022,3
4962.0,239,4101,13000.0,3,Wedding,5,0.0,0.0,100,200,2,0,17,0,0,0,3.1691857630424183,20.675,8,3,2025,2
7652.0,239,4101,26000.0,3,Corporate Event,2,0.0,0.0,100,200,1,0,17,0,0,0,6.338371526084837,31.883333333333333,8,3,2024,2
14902.0,42,3577,24000.0,4,Birthday,1,0.0,0.0,100,200,0,2,17,0,0,0,6.707657909446619,346.5581395348837,11,4,2023,3
119750.0,298,962,22000.0,8,Corporate Event,5,0.0,0.0,100,200,1,2,17,0,0,2,22.84527518172378,400.5016722408027,10,4,2024,3
936.0,203,1417,24000.0,7,Corporate Event,3,0.0,0.0,100,200,1,1,17,0,0,1,16.92524682651622,4.588235294117647,12,4,2022,0
4280.0,298,962,12000.0,7,Wedding,1,0.0,0.0,100,200,2,1,17,0,0,2,12.461059190031152,14.31438127090301,2,1,2023,0
5808.0,203,1258,13000.0,4,Wedding,5,0.0,0.0,100,200,2,2,17,0,0,1,10.325655281969818,28.470588235294116,10,4,2024,3
6997.0,203,1417,24000.0,7,Wedding,5,0.0,0.0,100,200,2,1,17,0,0,1,16.92524682651622,34.299019607843135,6,2,2023,2
1563.0,249,22215,26000.0,3,Wedding,2,0.0,0.0,100,200,2,0,17,0,0,0,1.1703276917536911,6.252,3,1,2025,1
2146.0,203,1417,12000.0,7,Wedding,5,0.0,0.0,100,200,2,1,17,0,0,0,8.46262341325811,10.519607843137255,9,3,2023,3
14153.0,229,3480,12000.0,4,Corporate Event,1,0.0,0.0,100,200,1,2,17,0,0,0,3.4472852628555013,61.53478260869565,4,2,2025,1
4246.0,298,962,24000.0,7,Corporate Event,5,0.0,0.0,100,200,1,1,17,0,0,2,24.922118380062305,14.200668896321071,1,1,2024,0
4121.0,249,22215,17000.0,3,Corporate Event,1,0.0,0.0,100,200,1,0,17,0,0,2,0.765214259992798,16.484,12,4,2022,0
9419.0,239,4101,25000.0,4,Corporate Event,2,0.0,0.0,100,200,1,2,17,0,0,2,6.094588005850804,39.24583333333333,1,1,2022,0
3717.0,203,1417,20000.0,8,Corporate Event,4,0.0,0.0,100,200,1,2,17,0,0,1,14.104372355430183,18.220588235294116,2,1,2024,0
4514.0,155,66,19000.0,8,Birthday,3,0.0,0.0,100,200,0,2,17,0,0,1,283.5820895522388,28.935897435897434,8,3,2024,2
12783.0,203,1258,25000.0,7,Birthday,5,0.0,0.0,100,200,0,1,17,0,0,0,19.857029388403493,62.661764705882355,7,3,2024,2
4237.0,203,1258,25000.0,3,Birthday,2,0.0,0.0,100,200,0,0,17,0,0,0,19.857029388403493,20.769607843137255,5,2,2024,1
11753.0,203,1258,24000.0,8,Corporate Event,2,0.0,0.0,100,200,1,2,17,0,0,1,19.062748212867355,57.61274509803921,12,4,2025,0
3947.0,203,1258,17000.0,3,Corporate Event,4,0.0,0.0,100,200,1,0,17,0,0,2,13.502779984114376,19.348039215686274,4,2,2024,1
3358.0,298,962,15000.0,8,Corporate Event,1,0.0,0.0,100,200,1,2,17,0,0,1,15.576323987538942,11.23076923076923,8,3,2024,2
10061.0,203,1417,25000.0,4,Corporate Event,3,0.0,0.0,100,200,1,2,17,0,0,0,17.63046544428773,49.318627450980394,11,4,2025,3
14752.0,202,1983,20000.0,3,Birthday,3,0.0,0.0,100,200,0,0,17,0,0,0,10.080645161290322,72.66995073891626,6,2,2025,2
6910.0,203,1258,25000.0,8,Birthday,1,0.0,0.0,100,200,0,2,17,0,0,0,19.857029388403493,33.872549019607845,1,1,2024,0
14673.0,203,1258,15000.0,8,Corporate Event,3,0.0,0.0,100,200,1,2,17,0,0,0,11.914217633042098,71.92647058823529,7,3,2023,2
13534.0,229,3480,15000.0,3,Birthday,5,0.0,0.0,100,200,0,0,17,0,0,2,4.309106578569376,58.84347826086957,9,3,2022,3
6381.0,203,1258,22000.0,3,Corporate Event,4,0.0,0.0,100,200,1,0,17,0,0,1,17.474185861795075,31.279411764705884,7,3,2024,2
11064.0,252,1608,20000.0,4,Wedding,1,0.0,0.0,100,200,2,2,17,0,0,2,12.430080795525171,43.73122529644269,5,2,2025,1
10329.0,249,22215,12000.0,7,Wedding,2,0.0,0.0,100,200,2,1,17,0,0,1,0.5401512423478574,41.316,3,1,2023,1
435.0,249,22215,12000.0,4,Corporate Event,5,0.0,0.0,100,200,1,2,17,0,0,1,0.5401512423478574,1.74,11,4,2024,3
13483.0,249,22215,26000.0,4,Birthday,4,0.0,0.0,100,200,0,2,17,0,0,1,1.1703276917536911,53.932,1,1,2022,0
2417.0,249,22215,20000.0,3,Wedding,5,0.0,0.0,100,200,2,0,17,0,0,2,0.9002520705797623,9.668,4,2,2024,1
14430.0,203,1417,22000.0,7,Birthday,5,0.0,0.0,100,200,0,1,17,0,0,0,15.514809590973202,70.73529411764706,1,1,2023,0
6734.0,203,1258,15000.0,8,Wedding,2,0.0,0.0,100,200,2,2,17,0,0,0,11.914217633042098,33.009803921568626,4,2,2024,1
14655.0,42,3577,21000.0,3,Corporate Event,5,0.0,0.0,100,200,1,0,17,0,0,2,5.869200670765791,340.8139534883721,6,2,2024,2
1356.0,203,1258,19000.0,3,Wedding,3,0.0,0.0,100,200,2,0,17,0,0,0,15.091342335186656,6.647058823529412,5,2,2023,1
2248.0,249,22215,17000.0,3,Corporate Event,1,0.0,0.0,100,200,1,0,17,0,0,1,0.765214259992798,8.992,5,2,2025,1
10143.0,176,3661,17000.0,4,Corporate Event,3,0.0,0.0,100,200,1,2,17,0,0,0,4.642271982523211,57.30508474576271,7,3,2025,2
7973.0,155,66,21000.0,4,Wedding,4,0.0,0.0,100,200,2,2,17,0,0,0,313.43283582089555,51.10897435897436,7,3,2025,2
10827.0,155,66,21000.0,4,Birthday,5,0.0,0.0,100,200,0,2,17,0,0,2,313.43283582089555,69.40384615384616,11,4,2025,3
3409.0,202,1983,19000.0,3,Corporate Event,3,0.0,0.0,100,200,1,0,17,0,0,2,9.576612903225806,16.79310344827586,10,4,2023,3
1375.0,249,22215,21000.0,3,Corporate Event,4,0.0,0.0,100,200,1,0,17,0,0,1,0.9452646741087505,5.5,9,3,2023,3
9197.0,126,4896,21000.0,4,Corporate Event,3,0.0,0.0,100,200,1,2,17,0,0,2,4.288339799877476,72.41732283464567,11,4,2025,3
5993.0,126,4896,22000.0,8,Corporate Event,5,0.0,0.0,100,200,1,2,17,0,0,2,4.492546457014499,47.188976377952756,7,3,2024,2
1517.0,239,4101,19000.0,8,Birthday,1,0.0,0.0,100,200,0,2,17,0,0,0,4.631886884446612,6.320833333333334,6,2,2024,2
12277.0,252,1608,15000.0,4,Wedding,2,0.0,0.0,100,200,2,2,17,0,0,0,9.322560596643878,48.52569169960474,3,1,2023,1
11328.0,249,22215,25000.0,3,Wedding,2,0.0,0.0,100,200,2,0,17,0,0,0,1.125315088224703,45.312,9,3,2023,3
7321.0,298,962,13000.0,4,Corporate Event,3,0.0,0.0,100,200,1,2,17,0,0,2,13.499480789200415,24.48494983277592,9,3,2025,3
4029.0,203,1258,25000.0,3,Birthday,1,0.0,0.0,100,200,0,0,17,0,0,1,19.857029388403493,19.75,10,4,2024,3
14887.0,229,3480,26000.0,4,Wedding,2,0.0,0.0,100,200,2,2,17,0,0,1,7.469118069520253,64.72608695652174,4,2,2025,1
12446.0,176,3661,24000.0,8,Wedding,5,0.0,0.0,100,200,2,2,17,0,0,2,6.553795740032769,70.31638418079096,12,4,2025,0
11529.0,202,1983,20000.0,4,Wedding,3,0.0,0.0,100,200,2,2,17,0,0,2,10.080645161290322,56.793103448275865,5,2,2024,1
12041.0,42,3577,25000.0,7,Wedding,3,0.0,0.0,100,200,2,1,17,0,0,0,6.98714365567356,280.0232558139535,6,2,2025,2
9592.0,202,1983,21000.0,4,Corporate Event,2,0.0,0.0,100,200,1,2,17,0,0,2,10.584677419354838,47.251231527093594,1,1,2025,0
3413.0,203,1258,19000.0,4,Birthday,2,0.0,0.0,100,200,0,2,17,0,0,2,15.091342335186656,16.730392156862745,9,3,2022,3
4967.0,42,3577,12000.0,3,Wedding,1,0.0,0.0,100,200,2,0,17,0,0,2,3.3538289547233093,115.51162790697674,8,3,2023,2
8269.0,239,4101,24000.0,3,Wedding,3,0.0,0.0,100,200,2,0,17,0,0,0,5.850804485616773,34.454166666666666,4,2,2025,1
11069.0,176,3661,12000.0,7,Birthday,4,0.0,0.0,100,200,0,1,17,0,0,2,3.2768978700163847,62.536723163841806,8,3,2024,2
14663.0,203,1417,19000.0,8,Wedding,5,0.0,0.0,100,200,2,2,17,0,0,2,13.399153737658674,71.87745098039215,11,4,2025,3
8449.0,203,1417,21000.0,8,Corporate Event,4,0.0,0.0,100,200,1,2,17,0,0,0,14.809590973201692,41.416666666666664,7,3,2024,2
972.0,203,1258,20000.0,8,Wedding,3,0.0,0.0,100,200,2,2,17,0,0,0,15.885623510722796,4.764705882352941,2,1,2024,0
12162.0,203,1417,17000.0,3,Corporate Event,1,0.0,0.0,100,200,1,0,17,0,0,1,11.988716502115656,59.61764705882353,2,1,2025,0
11799.0,126,4896,19000.0,4,Corporate Event,1,0.0,0.0,100,200,1,2,17,0,0,2,3.8799264856034306,92.90551181102362,12,4,2023,0
14739.0,203,1417,22000.0,4,Wedding,4,0.0,0.0,100,200,2,2,17,0,0,2,15.514809590973202,72.25,11,4,2022,3
2665.0,249,22215,22000.0,4,Wedding,5,0.0,0.0,100,200,2,2,17,0,0,2,0.9902772776377385,10.66,10,4,2023,3
8126.0,249,22215,15000.0,3,Wedding,2,0.0,0.0,100,200,2,0,17,0,0,2,0.6751890529348218,32.504,8,3,2025,2
2522.0,239,4101,19000.0,8,Wedding,1,0.0,0.0,100,200,2,2,17,0,0,2,4.631886884446612,10.508333333333333,1,1,2022,0
12469.0,126,4896,25000.0,8,Wedding,2,0.0,0.0,100,200,2,2,17,0,0,0,5.105166428425567,98.18110236220473,7,3,2022,2
3384.0,176,3661,26000.0,7,Birthday,1,0.0,0.0,100,200,0,1,17,0,0,1,7.099945385035499,19.11864406779661,7,3,2025,2
2210.0,229,3480,13000.0,4,Wedding,2,0.0,0.0,100,200,2,2,17,0,0,1,3.7345590347601263,9.608695652173912,10,4,2024,3
414.0,203,1258,23000.0,4,Birthday,3,0.0,0.0,100,200,0,2,17,0,0,1,18.268467037331217,2.0294117647058822,11,4,2023,3
6656.0,298,962,12000.0,7,Birthday,5,0.0,0.0,100,200,0,1,17,0,0,1,12.461059190031152,22.26086956521739,6,2,2025,2
864.0,176,3661,12000.0,4,Wedding,1,0.0,0.0,100,200,2,2,17,0,0,0,3.2768978700163847,4.88135593220339,12,4,2024,0
72600.0,239,4101,24000.0,4,Corporate Event,3,0.0,0.0,100,200,1,2,17,0,0,0,5.850804485616773,302.5,12,4,2023,0
202.0,203,1258,13000.0,8,Corporate Event,2,0.0,0.0,100,200,1,2,17,0,0,1,10.325655281969818,0.9901960784313726,12,4,2024,0
14793.0,126,4896,25000.0,4,Corporate Event,2,0.0,0.0,100,200,1,2,17,0,0,0,5.105166428425567,116.48031496062993,9,3,2025,3
10407.0,298,962,24000.0,8,Wedding,5,0.0,0.0,100,200,2,2,17,0,0,0,24.922118380062305,34.80602006688963,6,2,2025,2
8435.0,203,1417,20000.0,8,Corporate Event,1,0.0,0.0,100,200,1,2,17,0,0,0,14.104372355430183,41.34803921568628,7,3,2025,2
9352.0,155,66,23000.0,4,Corporate Event,2,0.0,0.0,100,200,1,2,17,0,0,0,343.2835820895522,59.94871794871795,7,3,2025,2
9368.0,202,1983,23000.0,4,Wedding,2,0.0,0.0,100,200,2,2,17,0,0,0,11.59274193548387,46.14778325123153,1,1,2023,0
3856.0,126,4896,23000.0,8,Birthday,5,0.0,0.0,100,200,0,2,17,0,0,0,4.696753114151521,30.362204724409448,12,4,2023,0
5259.0,203,1258,21000.0,8,Birthday,4,0.0,0.0,100,200,0,2,17,0,0,0,16.679904686258936,25.779411764705884,5,2,2023,1
7737.0,249,22215,26000.0,4,Birthday,4,0.0,0.0,100,200,0,2,17,0,0,1,1.1703276917536911,30.948,11,4,2024,3
3711.0,176,3661,26000.0,3,Wedding,4,0.0,0.0,100,200,2,0,17,0,0,1,7.099945385035499,20.966101694915253,7,3,2025,2
3966.0,298,962,21000.0,4,Birthday,5,0.0,0.0,100,200,0,2,17,0,0,2,21.806853582554517,13.264214046822742,11,4,2023,3
14873.0,203,1417,26000.0,3,Wedding,4,0.0,0.0,100,200,2,0,17,0,0,2,18.33568406205924,72.90686274509804,5,2,2025,1
3062.0,202,1983,26000.0,7,Wedding,4,0.0,0.0,100,200,2,1,17,0,0,0,13.10483870967742,15.083743842364532,11,4,2022,3
9928.0,239,4101,17000.0,7,Wedding,3,0.0,0.0,100,200,2,1,17,0,0,0,4.144319843978547,41.36666666666667,5,2,2025,1
9300.0,298,962,20000.0,7,Birthday,3,0.0,0.0,100,200,0,1,17,0,0,1,20.768431983385256,31.103678929765888,3,1,2025,1
12544.0,176,3661,19000.0,4,Corporate Event,4,0.0,0.0,100,200,1,2,17,0,0,0,5.188421627525942,70.87005649717514,2,1,2023,0
13089.0,155,66,22000.0,8,Corporate Event,4,0.0,0.0,100,200,1,2,17,0,0,1,328.35820895522386,83.90384615384616,5,2,2022,1
6886.0,203,1258,21000.0,8,Wedding,4,0.0,0.0,100,200,2,2,17,0,0,0,16.679904686258936,33.754901960784316,7,3,2024,2
4404.0,176,3661,12000.0,3,Corporate Event,1,0.0,0.0,100,200,1,0,17,0,0,2,3.2768978700163847,24.88135593220339,10,4,2024,3
9344.0,176,3661,24000.0,3,Wedding,3,0.0,0.0,100,200,2,0,17,0,0,2,6.553795740032769,52.7909604519774,5,2,2023,1
3773.0,203,1258,22000.0,4,Birthday,5,0.0,0.0,100,200,0,2,17,0,0,1,17.474185861795075,18.495098039215687,1,1,2024,0
731.0,252,1608,24000.0,3,Wedding,3,0.0,0.0,100,200,2,0,17,0,0,2,14.916096954630206,2.889328063241107,10,4,2024,3
12654.0,176,3661,15000.0,4,Wedding,2,0.0,0.0,100,200,2,2,17,0,0,1,4.09612233752048,71.49152542372882,7,3,2025,2
10193.0,176,3661,19000.0,7,Birthday,4,0.0,0.0,100,200,0,1,17,0,0,2,5.188421627525942,57.58757062146893,1,1,2025,0
6362.0,203,1417,26000.0,4,Corporate Event,4,0.0,0.0,100,200,1,2,17,0,0,0,18.33568406205924,31.186274509803923,9,3,2024,3
6439.0,239,4101,26000.0,3,Wedding,3,0.0,0.0,100,200,2,0,17,0,0,2,6.338371526084837,26.829166666666666,8,3,2022,2
1333.0,249,22215,13000.0,4,Birthday,5,0.0,0.0,100,200,0,2,17,0,0,0,0.5851638458768456,5.332,10,4,2022,3
3180.0,155,66,24000.0,3,Birthday,4,0.0,0.0,100,200,0,0,17,0,0,0,358.2089552238806,20.384615384615383,1,1,2023,0
12254.0,126,4896,15000.0,4,Corporate Event,1,0.0,0.0,100,200,1,2,17,0,0,0,3.06309985705534,96.48818897637796,7,3,2022,2
1114.0,176,3661,13000.0,3,Corporate Event,5,0.0,0.0,100,200,1,0,17,0,0,0,3.5499726925177497,6.293785310734464,3,1,2025,1
3697.0,298,962,19000.0,3,Corporate Event,4,0.0,0.0,100,200,1,0,17,0,0,2,19.73001038421599,12.364548494983278,3,1,2023,1
13411.0,229,3480,12000.0,3,Wedding,1,0.0,0.0,100,200,2,0,17,0,0,0,3.4472852628555013,58.30869565217391,1,1,2025,0
13430.0,126,4896,17000.0,7,Birthday,2,0.0,0.0,100,200,0,1,17,0,0,0,3.471513171329385,105.74803149606299,11,4,2024,3
1746.0,42,3577,22000.0,3,Birthday,5,0.0,0.0,100,200,0,0,17,0,0,2,6.148686416992733,40.604651162790695,4,2,2022,1
5852.0,42,3577,12000.0,7,Birthday,4,0.0,0.0,100,200,0,1,17,0,0,0,3.3538289547233093,136.09302325581396,1,1,2024,0
12857.0,298,962,26000.0,7,Corporate Event,2,0.0,0.0,100,200,1,1,17,0,0,1,26.99896157840083,43.0,5,2,2022,1
2123.0,298,962,15000.0,4,Birthday,5,0.0,0.0,100,200,0,2,17,0,0,2,15.576323987538942,7.1003344481605355,12,4,2022,0
13743.0,202,1983,22000.0,7,Birthday,3,0.0,0.0,100,200,0,1,17,0,0,1,11.088709677419354,67.69950738916256,6,2,2024,2
6774.0,252,1608,12000.0,4,Corporate Event,1,0.0,0.0,100,200,1,2,17,0,0,1,7.458048477315103,26.774703557312254,7,3,2024,2
14027.0,202,1983,12000.0,3,Birthday,3,0.0,0.0,100,200,0,0,17,0,0,2,6.048387096774194,69.09852216748769,7,3,2025,2
3372.0,249,22215,19000.0,7,Birthday,4,0.0,0.0,100,200,0,1,17,0,0,1,0.8552394670507742,13.488,8,3,2023,2
8388.0,176,3661,22000.0,7,Wedding,2,0.0,0.0,100,200,2,1,17,0,0,0,6.007646095030038,47.389830508474574,4,2,2024,1
6485.0,176,3661,26000.0,8,Wedding,3,0.0,0.0,100,200,2,2,17,0,0,2,7.099945385035499,36.63841807909605,2,1,2024,0
1504.0,229,3480,24000.0,3,Corporate Event,4,0.0,0.0,100,200,1,0,17,0,0,1,6.894570525711003,6.539130434782609,3,1,2023,1
9291.0,42,3577,23000.0,8,Wedding,3,0.0,0.0,100,200,2,2,17,0,0,2,6.428172163219676,216.06976744186048,3,1,2025,1
6542.0,249,22215,26000.0,3,Wedding,4,0.0,0.0,100,200,2,0,17,0,0,2,1.1703276917536911,26.168,12,4,2025,0
278.0,249,22215,12000.0,3,Wedding,1,0.0,0.0,100,200,2,0,17,0,0,2,0.5401512423478574,1.112,6,2,2023,2
13471.0,239,4101,12000.0,3,Corporate Event,4,0.0,0.0,100,200,1,0,17,0,0,2,2.9254022428083863,56.12916666666667,5,2,2024,1
2721.0,239,4101,24000.0,4,Wedding,4,0.0,0.0,100,200,2,2,17,0,0,1,5.850804485616773,11.3375,6,2,2023,2
2351.0,298,962,17000.0,4,Corporate Event,5,0.0,0.0,100,200,1,2,17,0,0,0,17.653167185877468,7.862876254180602,11,4,2022,3
10858.0,203,1258,24000.0,4,Birthday,3,0.0,0.0,100,200,0,2,17,0,0,0,19.062748212867355,53.22549019607843,7,3,2025,2
8000.0,203,1258,22000.0,4,Corporate Event,3,0.0,0.0,100,200,1,2,17,0,0,2,17.474185861795075,39.21568627450981,1,1,2022,0
1057.0,249,22215,17000.0,3,Wedding,1,0.0,0.0,100,200,2,0,17,0,0,2,0.765214259992798,4.228,11,4,2022,3
11377.0,252,1608,13000.0,4,Wedding,4,0.0,0.0,100,200,2,2,17,0,0,2,8.079552517091361,44.96837944664031,8,3,2024,2
3134.0,203,1258,23000.0,4,Corporate Event,4,0.0,0.0,100,200,1,2,17,0,0,2,18.268467037331217,15.362745098039216,7,3,2023,2
11550.0,42,3577,25000.0,4,Wedding,3,0.0,0.0,100,200,2,2,17,0,0,0,6.98714365567356,268.6046511627907,3,1,2025,1
3553.0,203,1258,25000.0,8,Corporate Event,2,0.0,0.0,100,200,1,2,17,0,0,1,19.857029388403493,17.416666666666668,4,2,2023,1
3962.0,239,4101,25000.0,7,Birthday,5,0.0,0.0,100,200,0,1,17,0,0,0,6.094588005850804,16.508333333333333,3,1,2023,1
2632.0,298,962,24000.0,7,Wedding,4,0.0,0.0,100,200,2,1,17,0,0,2,24.922118380062305,8.80267558528428,8,3,2025,2
8810.0,239,4101,24000.0,8,Corporate Event,4,0.0,0.0,100,200,1,2,17,0,0,0,5.850804485616773,36.708333333333336,11,4,2024,3
7743.0,176,3661,12000.0,3,Wedding,5,0.0,0.0,100,200,2,0,17,0,0,0,3.2768978700163847,43.74576271186441,11,4,2024,3
2926.0,155,66,20000.0,4,Wedding,1,0.0,0.0,100,200,2,2,17,0,0,0,298.5074626865672,18.756410256410255,1,1,2024,0
7691.0,155,66,24000.0,3,Wedding,4,0.0,0.0,100,200,2,0,17,0,0,2,358.2089552238806,49.30128205128205,7,3,2023,2
4433.0,203,1417,12000.0,7,Wedding,1,0.0,0.0,100,200,2,1,17,0,0,2,8.46262341325811,21.730392156862745,9,3,2024,3
4218.0,203,1258,21000.0,8,Birthday,1,0.0,0.0,100,200,0,2,17,0,0,1,16.679904686258936,20.676470588235293,12,4,2025,0
4234.0,203,1417,19000.0,3,Wedding,4,0.0,0.0,100,200,2,0,17,0,0,2,13.399153737658674,20.754901960784313,11,4,2022,3
14697.0,176,3661,12000.0,8,Wedding,5,0.0,0.0,100,200,2,2,17,0,0,2,3.2768978700163847,83.03389830508475,1,1,2025,0
2873.0,126,4896,22000.0,4,Corporate Event,4,0.0,0.0,100,200,1,2,17,0,0,1,4.492546457014499,22.62204724409449,12,4,2025,0
8984.0,203,1258,15000.0,4,Corporate Event,4,0.0,0.0,100,200,1,2,17,0,0,0,11.914217633042098,44.03921568627451,8,3,2025,2
11298.0,203,1258,15000.0,4,Wedding,1,0.0,0.0,100,200,2,2,17,0,0,2,11.914217633042098,55.38235294117647,11,4,2023,3
11832.0,155,66,13000.0,3,Wedding,5,0.0,0.0,100,200,2,0,17,0,0,0,194.02985074626866,75.84615384615384,6,2,2024,2
7148.0,203,1417,19000.0,4,Corporate Event,5,0.0,0.0,100,200,1,2,17,0,0,2,13.399153737658674,35.03921568627451,4,2,2023,1
7821.0,249,22215,26000.0,3,Wedding,3,0.0,0.0,100,200,2,0,17,0,0,2,1.1703276917536911,31.284,3,1,2022,1
2062.0,126,4896,20000.0,4,Birthday,5,0.0,0.0,100,200,0,2,17,0,0,0,4.084133142740454,16.236220472440944,9,3,2023,3
5736.0,155,66,17000.0,3,Corporate Event,4,0.0,0.0,100,200,1,0,17,0,0,1,253.73134328358208,36.76923076923077,6,2,2022,2
10855.0,298,962,12000.0,3,Wedding,2,0.0,0.0,100,200,2,0,17,0,0,1,12.461059190031152,36.30434782608695,4,2,2025,1
10471.0,252,1608,20000.0,3,Birthday,3,0.0,0.0,100,200,0,0,17,0,0,1,12.430080795525171,41.387351778656125,3,1,2023,1
4997.0,298,962,20000.0,4,Wedding,2,0.0,0.0,100,200,2,2,17,0,0,1,20.768431983385256,16.712374581939798,5,2,2023,1
10934.0,176,3661,25000.0,7,Birthday,4,0.0,0.0,100,200,0,1,17,0,0,1,6.826870562534134,61.77401129943503,6,2,2025,2
4216.0,176,3661,19000.0,3,Corporate Event,3,0.0,0.0,100,200,1,0,17,0,0,2,5.188421627525942,23.819209039548024,2,1,2022,0
14083.0,298,962,15000.0,8,Corporate Event,4,0.0,0.0,100,200,1,2,17,0,0,2,15.576323987538942,47.10033444816054,9,3,2025,3
11503.0,126,4896,23000.0,8,Corporate Event,5,0.0,0.0,100,200,1,2,17,0,0,0,4.696753114151521,90.5748031496063,12,4,2024,0
14220.0,239,4101,15000.0,3,Wedding,1,0.0,0.0,100,200,2,0,17,0,0,0,3.6567528035104826,59.25,2,1,2023,0
4206.0,239,4101,13000.0,4,Birthday,3,0.0,0.0,100,200,0,2,17,0,0,0,3.1691857630424183,17.525,6,2,2025,2
4920.0,249,22215,24000.0,8,Corporate Event,2,0.0,0.0,100,200,1,2,17,0,0,0,1.0803024846957148,19.68,11,4,2025,3
4528.0,126,4896,23000.0,4,Birthday,5,0.0,0.0,100,200,0,2,17,0,0,0,4.696753114151521,35.653543307086615,8,3,2022,2
12699.0,202,1983,24000.0,4,Wedding,5,0.0,0.0,100,200,2,2,17,0,0,1,12.096774193548388,62.556650246305416,6,2,2022,2
6871.0,155,66,26000.0,4,Wedding,3,0.0,0.0,100,200,2,2,17,0,0,0,388.05970149253733,44.044871794871796,8,3,2024,2
687.0,155,66,22000.0,4,Wedding,3,0.0,0.0,100,200,2,2,17,0,0,1,328.35820895522386,4.403846153846154,11,4,2024,3
2954.0,239,4101,25000.0,7,Birthday,3,0.0,0.0,100,200,0,1,17,0,0,2,6.094588005850804,12.308333333333334,6,2,2024,2
11198.0,126,4896,17000.0,4,Wedding,5,0.0,0.0,100,200,2,2,17,0,0,0,3.471513171329385,88.1732283464567,9,3,2025,3
204.0,239,4101,15000.0,3,Wedding,1,0.0,0.0,100,200,2,0,17,0,0,1,3.6567528035104826,0.85,12,4,2024,0
10873.0,203,1417,21000.0,3,Birthday,3,0.0,0.0,100,200,0,0,17,0,0,1,14.809590973201692,53.299019607843135,11,4,2024,3
8252.0,229,3480,25000.0,4,Corporate Event,3,0.0,0.0,100,200,1,2,17,0,0,0,7.181844297615628,35.87826086956522,3,1,2025,1
5010.0,203,1417,22000.0,7,Corporate Event,4,0.0,0.0,100,200,1,1,17,0,0,0,15.514809590973202,24.558823529411764,1,1,2023,0
5167.0,229,3480,25000.0,3,Wedding,4,0.0,0.0,100,200,2,0,17,0,0,1,7.181844297615628,22.465217391304346,8,3,2024,2
3516.0,203,1417,15000.0,8,Corporate Event,4,0.0,0.0,100,200,1,2,17,0,0,0,10.578279266572638,17.235294117647058,8,3,2022,2
2271.0,42,3577,15000.0,3,Birthday,4,0.0,0.0,100,200,0,0,17,0,0,0,4.192286193404136,52.81395348837209,2,1,2025,0
1626.0,298,962,19000.0,4,Wedding,3,0.0,0.0,100,200,2,2,17,0,0,2,19.73001038421599,5.438127090301004,11,4,2022,3
9342.0,252,1608,19000.0,3,Wedding,5,0.0,0.0,100,200,2,0,17,0,0,2,11.808576755748913,36.92490118577075,8,3,2023,2
10009.0,239,4101,22000.0,4,Corporate Event,3,0.0,0.0,100,200,1,2,17,0,0,0,5.363237445148708,41.704166666666666,2,1,2025,0
12909.0,42,3577,19000.0,3,Corporate Event,5,0.0,0.0,100,200,1,0,17,0,0,2,5.310229178311906,300.2093023255814,5,2,2024,1
9247.0,229,3480,25000.0,4,Wedding,3,0.0,0.0,100,200,2,2,17,0,0,0,7.181844297615628,40.20434782608696,12,4,2023,0
494.0,229,3480,21000.0,4,Wedding,2,0.0,0.0,100,200,2,2,17,0,0,1,6.032749209997127,2.1478260869565218,11,4,2024,3
3116.0,239,4101,15000.0,4,Corporate Event,5,0.0,0.0,100,200,1,2,17,0,0,0,3.6567528035104826,12.983333333333333,5,2,2023,1
10507.0,203,1417,26000.0,3,Wedding,2,0.0,0.0,100,200,2,0,17,0,0,1,18.33568406205924,51.504901960784316,2,1,2023,0
3875.0,203,1417,24000.0,7,Wedding,5,0.0,0.0,100,200,2,1,17,0,0,2,16.92524682651622,18.995098039215687,10,4,2025,3
10235.0,229,3480,25000.0,3,Birthday,5,0.0,0.0,100,200,0,0,17,0,0,1,7.181844297615628,44.5,11,4,2023,3
64460.0,202,1983,25000.0,4,Corporate Event,1,0.0,0.0,100,200,1,2,17,0,0,1,12.600806451612904,317.53694581280786,7,3,2024,2
9855.0,202,1983,25000.0,4,Wedding,5,0.0,0.0,100,200,2,2,17,0,0,2,12.600806451612904,48.54679802955665,10,4,2025,3
8190.0,202,1983,26000.0,8,Wedding,4,0.0,0.0,100,200,2,2,17,0,0,1,13.10483870967742,40.3448275862069,12,4,2024,0
7386.0,202,1983,21000.0,4,Corporate Event,3,0.0,0.0,100,200,1,2,17,0,0,0,10.584677419354838,36.38423645320197,10,4,2024,3
7051.0,298,962,12000.0,8,Wedding,2,0.0,0.0,100,200,2,2,17,0,0,1,12.461059190031152,23.581939799331103,6,2,2023,2
13532.0,203,1417,21000.0,8,Corporate Event,2,0.0,0.0,100,200,1,2,17,0,0,2,14.809590973201692,66.33333333333333,11,4,2025,3
67960.0,155,66,21000.0,7,Corporate Event,3,0.0,0.0,100,200,1,1,17,0,0,0,313.43283582089555,435.64102564102564,12,4,2023,0
12252.0,229,3480,21000.0,8,Corporate Event,1,0.0,0.0,100,200,1,2,17,0,0,2,6.032749209997127,53.2695652173913,4,2,2022,1
8404.0,229,3480,24000.0,8,Birthday,4,0.0,0.0,100,200,0,2,17,0,0,0,6.894570525711003,36.53913043478261,12,4,2024,0
4427.0,252,1608,22000.0,3,Corporate Event,1,0.0,0.0,100,200,1,0,17,0,0,0,13.673088875077688,17.49802371541502,11,4,2022,3
3171.0,203,1417,12000.0,3,Corporate Event,2,0.0,0.0,100,200,1,0,17,0,0,1,8.46262341325811,15.544117647058824,9,3,2023,3
11396.0,126,4896,26000.0,4,Birthday,2,0.0,0.0,100,200,0,2,17,0,0,1,5.309373085562589,89.73228346456693,10,4,2022,3
86320.0,155,66,22000.0,4,Corporate Event,2,0.0,0.0,100,200,1,2,17,0,0,1,328.35820895522386,553.3333333333334,11,4,2025,3
1987.0,42,3577,25000.0,3,Corporate Event,5,0.0,0.0,100,200,1,0,17,0,0,2,6.98714365567356,46.2093023255814,9,3,2022,3
4045.0,229,3480,12000.0,8,Wedding,2,0.0,0.0,100,200,2,2,17,0,0,1,3.4472852628555013,17.58695652173913,10,4,2024,3
3823.0,42,3577,12000.0,8,Corporate Event,2,0.0,0.0,100,200,1,2,17,0,0,2,3.3538289547233093,88.90697674418605,1,1,2025,0
3232.0,176,3661,21000.0,3,Corporate Event,1,0.0,0.0,100,200,1,0,17,0,0,2,5.734571272528673,18.259887005649716,3,1,2024,1
2094.0,203,1258,22000.0,7,Birthday,4,0.0,0.0,100,200,0,1,17,0,0,1,17.474185861795075,10.264705882352942,11,4,2023,3
8359.0,155,66,19000.0,3,Corporate Event,4,0.0,0.0,100,200,1,0,17,0,0,0,283.5820895522388,53.583333333333336,9,3,2023,3
11290.0,126,4896,21000.0,3,Corporate Event,5,0.0,0.0,100,200,1,0,17,0,0,1,4.288339799877476,88.89763779527559,4,2,2022,1
8471.0,239,4101,22000.0,16,Wedding,5,0.0,0.0,200,400,2,2,12,0,1,2,5.363237445148708,35.295833333333334,5,2,2022,1
14978.0,249,22215,26000.0,0,Corporate Event,2,0.0,0.0,200,400,1,0,12,0,1,0,1.1703276917536911,59.912,10,4,2022,3
110240.0,252,1608,22000.0,2,Corporate Event,1,0.0,0.0,200,400,1,2,12,0,1,1,13.673088875077688,435.7312252964427,5,2,2025,1
12670.0,298,962,20000.0,0,Birthday,1,0.0,0.0,200,400,0,0,12,0,1,1,20.768431983385256,42.374581939799334,9,3,2025,3
4529.0,298,962,21000.0,0,Wedding,3,0.0,0.0,200,400,2,1,12,0,1,1,21.806853582554517,15.147157190635452,8,3,2025,2
10625.0,155,66,26000.0,16,Corporate Event,5,0.0,0.0,200,400,1,2,12,0,1,0,388.05970149253733,68.10897435897436,5,2,2025,1
2947.0,42,3577,21000.0,16,Corporate Event,5,0.0,0.0,200,400,1,2,12,0,1,0,5.869200670765791,68.53488372093024,9,3,2024,3
14940.0,229,3480,15000.0,0,Corporate Event,2,0.0,0.0,200,400,1,0,12,0,1,1,4.309106578569376,64.95652173913044,12,4,2022,0
10273.0,176,3661,25000.0,0,Corporate Event,1,0.0,0.0,200,400,1,1,12,0,1,0,6.826870562534134,58.03954802259887,10,4,2023,3
2364.0,202,1983,19000.0,2,Corporate Event,5,0.0,0.0,200,400,1,2,12,0,1,0,9.576612903225806,11.645320197044335,6,2,2023,2
8050.0,249,22215,20000.0,2,Birthday,2,0.0,0.0,200,400,0,2,12,0,1,0,0.9002520705797623,32.2,1,1,2023,0
9963.0,126,4896,22000.0,2,Birthday,3,0.0,0.0,200,400,0,2,12,0,1,2,4.492546457014499,78.44881889763779,3,1,2024,1
6022.0,202,1983,17000.0,0,Birthday,3,0.0,0.0,200,400,0,1,12,0,1,0,8.568548387096774,29.665024630541872,2,1,2022,0
1142.0,202,1983,15000.0,16,Birthday,5,0.0,0.0,200,400,0,2,12,0,1,1,7.560483870967742,5.625615763546798,9,3,2024,3
823.0,239,4101,25000.0,0,Corporate Event,1,0.0,0.0,200,400,1,0,12,0,1,0,6.094588005850804,3.4291666666666667,10,4,2024,3
8275.0,298,962,15000.0,0,Wedding,2,0.0,0.0,200,400,2,0,12,0,1,0,15.576323987538942,27.67558528428094,10,4,2022,3
4239.0,249,22215,13000.0,0,Corporate Event,3,0.0,0.0,200,400,1,1,12,0,1,2,0.5851638458768456,16.956,8,3,2024,2
6112.0,249,22215,23000.0,0,Birthday,3,0.0,0.0,200,400,0,1,12,0,1,2,1.0352898811667266,24.448,10,4,2024,3
10111.0,252,1608,12000.0,0,Corporate Event,4,0.0,0.0,200,400,1,0,12,0,1,2,7.458048477315103,39.96442687747036,12,4,2025,0
7468.0,176,3661,15000.0,0,Corporate Event,4,0.0,0.0,200,400,1,1,12,0,1,0,4.09612233752048,42.19209039548023,11,4,2025,3
5088.0,298,962,26000.0,0,Wedding,5,0.0,0.0,200,400,2,1,12,0,1,0,26.99896157840083,17.016722408026755,12,4,2024,0
2873.0,249,22215,17000.0,16,Corporate Event,1,0.0,0.0,200,400,1,2,12,0,1,2,0.765214259992798,11.492,10,4,2024,3
4773.0,155,66,19000.0,0,Corporate Event,2,0.0,0.0,200,400,1,0,12,0,1,0,283.5820895522388,30.596153846153847,7,3,2024,2
14243.0,229,3480,20000.0,0,Corporate Event,5,0.0,0.0,200,400,1,0,12,0,1,0,5.745475438092502,61.926086956521736,5,2,2022,1
12988.0,126,4896,25000.0,2,Birthday,2,0.0,0.0,200,400,0,2,12,0,1,2,5.105166428425567,102.26771653543307,3,1,2022,1
5685.0,42,3577,19000.0,2,Corporate Event,4,0.0,0.0,200,400,1,2,12,0,1,2,5.310229178311906,132.2093023255814,6,2,2023,2
5226.0,239,4101,21000.0,0,Corporate Event,1,0.0,0.0,200,400,1,0,12,0,1,1,5.1194539249146755,21.775,2,1,2022,0
10723.0,155,66,17000.0,0,Corporate Event,2,0.0,0.0,200,400,1,1,12,0,1,0,253.73134328358208,68.73717948717949,10,4,2023,3
8653.0,298,962,19000.0,2,Birthday,2,0.0,0.0,200,400,0,2,12,0,1,2,19.73001038421599,28.93979933110368,9,3,2024,3
149480.0,239,4101,24000.0,0,Wedding,2,0.0,0.0,200,400,2,1,12,0,1,2,5.850804485616773,622.8333333333334,11,4,2024,3
317.0,249,22215,17000.0,16,Corporate Event,5,0.0,0.0,200,400,1,2,12,0,1,1,0.765214259992798,1.268,10,4,2024,3
8831.0,203,1417,17000.0,2,Corporate Event,1,0.0,0.0,200,400,1,2,12,0,1,1,11.988716502115656,43.28921568627451,7,3,2023,2
5841.0,249,22215,25000.0,16,Wedding,4,0.0,0.0,200,400,2,2,12,0,1,1,1.125315088224703,23.364,3,1,2022,1
1021.0,203,1417,13000.0,0,Corporate Event,2,0.0,0.0,200,400,1,0,12,0,1,2,9.16784203102962,5.004901960784314,2,1,2025,0
7486.0,229,3480,23000.0,0,Birthday,3,0.0,0.0,200,400,0,0,12,0,1,1,6.607296753806377,32.54782608695652,3,1,2022,1
8149.0,155,66,26000.0,0,Corporate Event,2,0.0,0.0,200,400,1,1,12,0,1,1,388.05970149253733,52.23717948717949,9,3,2025,3
8354.0,239,4101,24000.0,0,Wedding,5,0.0,0.0,200,400,2,0,12,0,1,1,5.850804485616773,34.80833333333333,4,2,2023,1
4881.0,229,3480,13000.0,2,Wedding,5,0.0,0.0,200,400,2,2,12,0,1,1,3.7345590347601263,21.221739130434784,10,4,2025,3
9772.0,126,4896,23000.0,2,Birthday,2,0.0,0.0,200,400,0,2,12,0,1,2,4.696753114151521,76.94488188976378,1,1,2022,0
8363.0,298,962,19000.0,0,Corporate Event,1,0.0,0.0,200,400,1,1,12,0,1,0,19.73001038421599,27.96989966555184,8,3,2025,2
2891.0,252,1608,26000.0,0,Birthday,4,0.0,0.0,200,400,0,1,12,0,1,1,16.159105034182723,11.42687747035573,12,4,2025,0
1979.0,42,3577,20000.0,0,Corporate Event,2,0.0,0.0,200,400,1,0,12,0,1,1,5.589714924538849,46.02325581395349,9,3,2022,3
664.0,298,962,25000.0,0,Wedding,3,0.0,0.0,200,400,2,0,12,0,1,2,25.96053997923157,2.220735785953177,1,1,2022,0
4500.0,298,962,25000.0,2,Corporate Event,4,0.0,0.0,200,400,1,2,12,0,1,2,25.96053997923157,15.050167224080267,10,4,2022,3
4196.0,249,22215,13000.0,2,Wedding,1,0.0,0.0,200,400,2,2,12,0,1,0,0.5851638458768456,16.784,4,2,2025,1
13961.0,176,3661,26000.0,0,Corporate Event,2,0.0,0.0,200,400,1,0,12,0,1,2,7.099945385035499,78.87570621468926,3,1,2024,1
299.0,202,1983,26000.0,0,Corporate Event,5,0.0,0.0,200,400,1,1,12,0,1,0,13.10483870967742,1.4729064039408868,6,2,2025,2
11622.0,252,1608,19000.0,2,Corporate Event,4,0.0,0.0,200,400,1,2,12,0,1,0,11.808576755748913,45.93675889328063,5,2,2022,1
8294.0,155,66,19000.0,2,Birthday,5,0.0,0.0,200,400,0,2,12,0,1,1,283.5820895522388,53.166666666666664,6,2,2023,2
8159.0,42,3577,17000.0,0,Birthday,2,0.0,0.0,200,400,0,0,12,0,1,2,4.751257685858021,189.74418604651163,12,4,2022,0
447.0,239,4101,17000.0,0,Birthday,4,0.0,0.0,200,400,0,1,12,0,1,1,4.144319843978547,1.8625,7,3,2023,2
11059.0,176,3661,15000.0,0,Corporate Event,3,0.0,0.0,200,400,1,0,12,0,1,2,4.09612233752048,62.48022598870057,10,4,2022,3
6789.0,203,1417,22000.0,2,Wedding,1,0.0,0.0,200,400,2,2,12,0,1,1,15.514809590973202,33.279411764705884,1,1,2025,0
8794.0,229,3480,20000.0,0,Wedding,2,0.0,0.0,200,400,2,1,12,0,1,0,5.745475438092502,38.23478260869565,3,1,2025,1
3221.0,202,1983,13000.0,0,Wedding,3,0.0,0.0,200,400,2,1,12,0,1,1,6.55241935483871,15.866995073891626,1,1,2024,0
5380.0,298,962,22000.0,16,Wedding,4,0.0,0.0,200,400,2,2,12,0,1,2,22.84527518172378,17.993311036789297,8,3,2024,2
4963.0,229,3480,12000.0,0,Birthday,3,0.0,0.0,200,400,0,1,12,0,1,0,3.4472852628555013,21.578260869565216,3,1,2022,1
9243.0,252,1608,24000.0,0,Birthday,3,0.0,0.0,200,400,0,1,12,0,1,1,14.916096954630206,36.533596837944664,9,3,2024,3
2433.0,239,4101,20000.0,2,Wedding,5,0.0,0.0,200,400,2,2,12,0,1,1,4.875670404680643,10.1375,3,1,2024,1
3248.0,203,1258,23000.0,2,Corporate Event,5,0.0,0.0,200,400,1,2,12,0,1,0,18.268467037331217,15.92156862745098,3,1,2025,1
1481.0,239,4101,24000.0,16,Corporate Event,3,0.0,0.0,200,400,1,2,12,0,1,1,5.850804485616773,6.170833333333333,3,1,2024,1
1326.0,229,3480,21000.0,16,Corporate Event,3,0.0,0.0,200,400,1,2,12,0,1,1,6.032749209997127,5.765217391304348,9,3,2024,3
7662.0,203,1258,24000.0,0,Wedding,4,0.0,0.0,200,400,2,1,12,0,1,2,19.062748212867355,37.55882352941177,4,2,2025,1
2060.0,176,3661,23000.0,0,Corporate Event,1,0.0,0.0,200,400,1,1,12,0,1,0,6.280720917531403,11.638418079096045,1,1,2025,0
10653.0,176,3661,17000.0,16,Corporate Event,1,0.0,0.0,200,400,1,2,12,0,1,2,4.642271982523211,60.186440677966104,6,2,2022,2
14533.0,298,962,21000.0,2,Corporate Event,5,0.0,0.0,200,400,1,2,12,0,1,1,21.806853582554517,48.60535117056856,11,4,2022,3
13870.0,126,4896,22000.0,0,Birthday,5,0.0,0.0,200,400,0,1,12,0,1,1,4.492546457014499,109.21259842519684,11,4,2025,3
1456.0,155,66,17000.0,0,Corporate Event,4,0.0,0.0,200,400,1,0,12,0,1,2,253.73134328358208,9.333333333333334,11,4,2025,3
1305.0,249,22215,23000.0,16,Birthday,3,0.0,0.0,200,400,0,2,12,0,1,0,1.0352898811667266,5.22,1,1,2025,0
11137.0,298,962,26000.0,0,Wedding,1,0.0,0.0,200,400,2,1,12,0,1,1,26.99896157840083,37.247491638795985,9,3,2022,3
14226.0,203,1417,17000.0,0,Wedding,1,0.0,0.0,200,400,2,1,12,0,1,0,11.988716502115656,69.73529411764706,4,2,2023,1
5968.0,203,1417,12000.0,16,Birthday,1,0.0,0.0,200,400,0,2,12,0,1,2,8.46262341325811,29.254901960784313,9,3,2022,3
5799.0,229,3480,19000.0,16,Wedding,2,0.0,0.0,200,400,2,2,12,0,1,2,5.458201666187877,25.213043478260868,3,1,2023,1
87710.0,155,66,24000.0,0,Birthday,1,0.0,0.0,200,400,0,1,12,0,1,2,358.2089552238806,562.2435897435897,5,2,2022,1
7992.0,252,1608,20000.0,0,Corporate Event,2,0.0,0.0,200,400,1,1,12,0,1,0,12.430080795525171,31.58893280632411,12,4,2025,0
6395.0,203,1258,25000.0,0,Birthday,5,0.0,0.0,200,400,0,0,12,0,1,0,19.857029388403493,31.348039215686274,7,3,2023,2
9313.0,249,22215,12000.0,2,Wedding,2,0.0,0.0,200,400,2,2,12,0,1,0,0.5401512423478574,37.252,2,1,2024,0
3542.0,126,4896,23000.0,2,Corporate Event,5,0.0,0.0,200,400,1,2,12,0,1,1,4.696753114151521,27.88976377952756,6,2,2022,2
2901.0,298,962,15000.0,0,Birthday,3,0.0,0.0,200,400,0,1,12,0,1,1,15.576323987538942,9.702341137123746,7,3,2025,2
13670.0,155,66,17000.0,0,Corporate Event,5,0.0,0.0,200,400,1,0,12,0,1,0,253.73134328358208,87.62820512820512,12,4,2024,0
10774.0,176,3661,25000.0,16,Wedding,5,0.0,0.0,200,400,2,2,12,0,1,1,6.826870562534134,60.87005649717514,12,4,2023,0
2686.0,126,4896,22000.0,16,Birthday,4,0.0,0.0,200,400,0,2,12,0,1,2,4.492546457014499,21.1496062992126,11,4,2024,3
7590.0,176,3661,25000.0,0,Birthday,2,0.0,0.0,200,400,0,1,12,0,1,1,6.826870562534134,42.88135593220339,6,2,2024,2
14153.0,203,1417,22000.0,2,Corporate Event,5,0.0,0.0,200,400,1,2,12,0,1,0,15.514809590973202,69.37745098039215,6,2,2024,2
4667.0,229,3480,21000.0,0,Birthday,4,0.0,0.0,200,400,0,0,12,0,1,2,6.032749209997127,20.291304347826088,11,4,2023,3
2449.0,298,962,26000.0,2,Wedding,4,0.0,0.0,200,400,2,2,12,0,1,0,26.99896157840083,8.190635451505017,6,2,2023,2
11406.0,126,4896,12000.0,2,Corporate Event,1,0.0,0.0,200,400,1,2,12,0,1,2,2.450479885644272,89.81102362204724,3,1,2025,1
13726.0,176,3661,20000.0,0,Corporate Event,3,0.0,0.0,200,400,1,0,12,0,1,0,5.461496450027307,77.54802259887006,2,1,2024,0
2387.0,249,22215,24000.0,0,Wedding,3,0.0,0.0,200,400,2,0,12,0,1,2,1.0803024846957148,9.548,7,3,2025,2
14698.0,298,962,23000.0,16,Wedding,4,0.0,0.0,200,400,2,2,12,0,1,2,23.883696780893043,49.15719063545151,2,1,2025,0
1717.0,203,1258,19000.0,0,Corporate Event,2,0.0,0.0,200,400,1,1,12,0,1,2,15.091342335186656,8.416666666666666,5,2,2023,1
1979.0,252,1608,24000.0,2,Corporate Event,4,0.0,0.0,200,400,1,2,12,0,1,2,14.916096954630206,7.822134387351778,5,2,2024,1
14977.0,249,22215,20000.0,2,Corporate Event,5,0.0,0.0,200,400,1,2,12,0,1,0,0.9002520705797623,59.908,7,3,2024,2
14071.0,203,1258,21000.0,0,Corporate Event,2,0.0,0.0,200,400,1,0,12,0,1,2,16.679904686258936,68.97549019607843,11,4,2022,3
3730.0,126,4896,24000.0,0,Birthday,2,0.0,0.0,200,400,0,1,12,0,1,0,4.900959771288544,29.37007874015748,2,1,2023,0
13430.0,252,1608,21000.0,0,Birthday,1,0.0,0.0,200,400,0,1,12,0,1,1,13.05158483530143,53.08300395256917,9,3,2024,3
2941.0,298,962,17000.0,2,Birthday,3,0.0,0.0,200,400,0,2,12,0,1,1,17.653167185877468,9.836120401337793,7,3,2022,2
14940.0,239,4101,24000.0,0,Birthday,5,0.0,0.0,200,400,0,1,12,0,1,1,5.850804485616773,62.25,7,3,2024,2
9624.0,229,3480,23000.0,16,Wedding,5,0.0,0.0,200,400,2,2,12,0,1,1,6.607296753806377,41.84347826086957,5,2,2025,1
4808.0,203,1258,23000.0,0,Wedding,3,0.0,0.0,200,400,2,1,12,0,1,0,18.268467037331217,23.568627450980394,8,3,2024,2
8693.0,229,3480,21000.0,2,Wedding,5,0.0,0.0,200,400,2,2,12,0,1,0,6.032749209997127,37.79565217391304,5,2,2024,1
5761.0,126,4896,17000.0,0,Corporate Event,1,0.0,0.0,200,400,1,1,12,0,1,1,3.471513171329385,45.36220472440945,2,1,2022,0
14194.0,203,1417,13000.0,2,Birthday,1,0.0,0.0,200,400,0,2,12,0,1,1,9.16784203102962,69.57843137254902,6,2,2025,2
1208.0,126,4896,26000.0,0,Corporate Event,5,0.0,0.0,200,400,1,0,12,0,1,2,5.309373085562589,9.511811023622048,3,1,2024,1
7954.0,155,66,17000.0,2,Corporate Event,4,0.0,0.0,200,400,1,2,12,0,1,1,253.73134328358208,50.98717948717949,4,2,2024,1
13216.0,229,3480,25000.0,0,Wedding,5,0.0,0.0,200,400,2,0,12,0,1,0,7.181844297615628,57.46086956521739,5,2,2025,1
5357.0,298,962,15000.0,0,Wedding,2,0.0,0.0,200,400,2,0,12,0,1,1,15.576323987538942,17.91638795986622,12,4,2022,0
1616.0,155,66,24000.0,2,Birthday,1,0.0,0.0,200,400,0,2,12,0,1,0,358.2089552238806,10.35897435897436,7,3,2022,2
4348.0,239,4101,15000.0,16,Wedding,5,0.0,0.0,200,400,2,2,12,0,1,0,3.6567528035104826,18.116666666666667,6,2,2024,2
4911.0,252,1608,26000.0,0,Corporate Event,2,0.0,0.0,200,400,1,0,12,0,1,0,16.159105034182723,19.41106719367589,12,4,2022,0
4155.0,202,1983,20000.0,0,Wedding,5,0.0,0.0,200,400,2,1,12,0,1,1,10.080645161290322,20.467980295566502,4,2,2024,1
13839.0,229,3480,13000.0,2,Birthday,3,0.0,0.0,200,400,0,2,12,0,1,1,3.7345590347601263,60.1695652173913,6,2,2022,2
14835.0,126,4896,24000.0,16,Wedding,1,0.0,0.0,200,400,2,2,12,0,1,0,4.900959771288544,116.81102362204724,1,1,2025,0
4618.0,239,4101,21000.0,2,Wedding,5,0.0,0.0,200,400,2,2,12,0,1,2,5.1194539249146755,19.241666666666667,6,2,2024,2
1008.0,249,22215,26000.0,0,Corporate Event,2,0.0,0.0,200,400,1,0,12,0,1,0,1.1703276917536911,4.032,2,1,2025,0
13423.0,203,1417,19000.0,0,Wedding,5,0.0,0.0,200,400,2,1,12,0,1,1,13.399153737658674,65.79901960784314,4,2,2024,1
37730.0,155,66,24000.0,16,Wedding,4,0.0,0.0,200,400,2,2,12,0,1,2,358.2089552238806,241.85897435897436,4,2,2022,1
4399.0,203,1258,22000.0,2,Corporate Event,2,0.0,0.0,200,400,1,2,12,0,1,0,17.474185861795075,21.563725490196077,9,3,2025,3
601.0,176,3661,25000.0,2,Corporate Event,2,0.0,0.0,200,400,1,2,12,0,1,1,6.826870562534134,3.3954802259887007,6,2,2025,2
2673.0,202,1983,25000.0,0,Corporate Event,4,0.0,0.0,200,400,1,0,12,0,1,2,12.600806451612904,13.167487684729064,9,3,2022,3
342.0,202,1983,17000.0,0,Corporate Event,3,0.0,0.0,200,400,1,1,12,0,1,0,8.568548387096774,1.6847290640394088,2,1,2025,0
9783.0,203,1258,24000.0,2,Corporate Event,2,0.0,0.0,200,400,1,2,12,0,1,1,19.062748212867355,47.955882352941174,2,1,2023,0
5710.0,42,3577,19000.0,2,Birthday,4,0.0,0.0,200,400,0,2,12,0,1,2,5.310229178311906,132.7906976744186,2,1,2022,0
6983.0,239,4101,26000.0,16,Corporate Event,3,0.0,0.0,200,400,1,2,12,0,1,2,6.338371526084837,29.095833333333335,12,4,2025,0
2256.0,42,3577,22000.0,2,Birthday,5,0.0,0.0,200,400,0,2,12,0,1,2,6.148686416992733,52.46511627906977,5,2,2022,1
5386.0,42,3577,12000.0,0,Birthday,4,0.0,0.0,200,400,0,1,12,0,1,2,3.3538289547233093,125.25581395348837,8,3,2024,2
1585.0,229,3480,20000.0,0,Corporate Event,3,0.0,0.0,200,400,1,1,12,0,1,1,5.745475438092502,6.891304347826087,11,4,2024,3
4813.0,202,1983,22000.0,2,Birthday,3,0.0,0.0,200,400,0,2,12,0,1,0,11.088709677419354,23.70935960591133,10,4,2022,3
1979.0,203,1258,17000.0,2,Corporate Event,4,0.0,0.0,200,400,1,2,12,0,1,0,13.502779984114376,9.700980392156863,2,1,2024,0
10461.0,42,3577,24000.0,0,Corporate Event,2,0.0,0.0,200,400,1,1,12,0,1,0,6.707657909446619,243.27906976744185,5,2,2024,1
1061.0,203,1258,12000.0,0,Corporate Event,5,0.0,0.0,200,400,1,1,12,0,1,0,9.531374106433677,5.200980392156863,2,1,2022,0
3868.0,176,3661,23000.0,0,Birthday,4,0.0,0.0,200,400,0,1,12,0,1,1,6.280720917531403,21.853107344632768,8,3,2025,2
8580.0,229,3480,13000.0,0,Corporate Event,2,0.0,0.0,200,400,1,0,12,0,1,0,3.7345590347601263,37.30434782608695,1,1,2023,0
5193.0,202,1983,23000.0,0,Birthday,4,0.0,0.0,200,400,0,1,12,0,1,1,11.59274193548387,25.58128078817734,3,1,2024,1
13629.0,252,1608,26000.0,2,Corporate Event,3,0.0,0.0,200,400,1,2,12,0,1,2,16.159105034182723,53.869565217391305,2,1,2025,0
14531.0,229,3480,25000.0,2,Birthday,4,0.0,0.0,200,400,0,2,12,0,1,0,7.181844297615628,63.178260869565214,6,2,2023,2
8533.0,239,4101,17000.0,2,Birthday,5,0.0,0.0,200,400,0,2,12,0,1,1,4.144319843978547,35.55416666666667,2,1,2025,0
2105.0,126,4896,13000.0,0,Wedding,4,0.0,0.0,200,400,2,1,12,0,1,1,2.6546865427812945,16.5748031496063,7,3,2022,2
14849.0,298,962,21000.0,0,Corporate Event,2,0.0,0.0,200,400,1,0,12,0,1,1,21.806853582554517,49.66220735785953,6,2,2025,2
12708.0,126,4896,24000.0,0,Wedding,5,0.0,0.0,200,400,2,1,12,0,1,1,4.900959771288544,100.06299212598425,10,4,2022,3
1350.0,229,3480,25000.0,0,Corporate Event,4,0.0,0.0,200,400,1,1,12,0,1,0,7.181844297615628,5.869565217391305,10,4,2025,3
5768.0,298,962,20000.0,0,Birthday,5,0.0,0.0,200,400,0,1,12,0,1,1,20.768431983385256,19.29096989966555,10,4,2022,3
7601.0,252,1608,12000.0,0,Birthday,2,0.0,0.0,200,400,0,1,12,0,1,2,7.458048477315103,30.043478260869566,9,3,2024,3
375.0,126,4896,13000.0,0,Wedding,5,0.0,0.0,200,400,2,0,12,0,1,0,2.6546865427812945,2.952755905511811,5,2,2023,1
4884.0,202,1983,24000.0,0,Wedding,5,0.0,0.0,200,400,2,0,12,0,1,2,12.096774193548388,24.059113300492612,3,1,2023,1
13280.0,202,1983,12000.0,0,Wedding,2,0.0,0.0,200,400,2,1,12,0,1,0,6.048387096774194,65.41871921182266,7,3,2024,2
13867.0,203,1417,24000.0,0,Wedding,4,0.0,0.0,200,400,2,1,12,0,1,1,16.92524682651622,67.97549019607843,3,1,2023,1
9612.0,155,66,17000.0,16,Corporate Event,5,0.0,0.0,200,400,1,2,12,0,1,0,253.73134328358208,61.61538461538461,12,4,2025,0
10404.0,229,3480,26000.0,0,Corporate Event,4,0.0,0.0,200,400,1,1,12,0,1,1,7.469118069520253,45.23478260869565,5,2,2022,1
7139.0,252,1608,26000.0,0,Corporate Event,5,0.0,0.0,200,400,1,0,12,0,1,0,16.159105034182723,28.217391304347824,6,2,2025,2
1318.0,176,3661,19000.0,2,Corporate Event,3,0.0,0.0,200,400,1,2,12,0,1,2,5.188421627525942,7.446327683615819,10,4,2025,3
9959.0,176,3661,12000.0,16,Birthday,1,0.0,0.0,200,400,0,2,12,0,1,1,3.2768978700163847,56.26553672316384,10,4,2025,3
11147.0,203,1417,15000.0,0,Corporate Event,1,0.0,0.0,200,400,1,1,12,0,1,2,10.578279266572638,54.6421568627451,7,3,2023,2
8553.0,155,66,13000.0,2,Corporate Event,1,0.0,0.0,200,400,1,2,12,0,1,2,194.02985074626866,54.82692307692308,11,4,2022,3
5248.0,202,1983,22000.0,0,Wedding,3,0.0,0.0,200,400,2,1,12,0,1,0,11.088709677419354,25.852216748768473,1,1,2025,0
8729.0,298,962,22000.0,0,Wedding,2,0.0,0.0,200,400,2,1,12,0,1,1,22.84527518172378,29.193979933110366,7,3,2023,2
3711.0,203,1417,15000.0,16,Corporate Event,1,0.0,0.0,200,400,1,2,12,0,1,0,10.578279266572638,18.191176470588236,1,1,2024,0
7254.0,126,4896,15000.0,2,Wedding,5,0.0,0.0,200,400,2,2,12,0,1,0,3.06309985705534,57.118110236220474,5,2,2024,1
6600.0,203,1258,13000.0,0,Wedding,3,0.0,0.0,200,400,2,1,12,0,1,2,10.325655281969818,32.35294117647059,2,1,2024,0
9993.0,239,4101,19000.0,2,Corporate Event,4,0.0,0.0,200,400,1,2,12,0,1,1,4.631886884446612,41.6375,8,3,2025,2
14651.0,126,4896,12000.0,2,Wedding,4,0.0,0.0,200,400,2,2,12,0,1,2,2.450479885644272,115.36220472440945,9,3,2025,3
7022.0,298,962,15000.0,16,Birthday,1,0.0,0.0,200,400,0,2,12,0,1,2,15.576323987538942,23.48494983277592,12,4,2022,0
11752.0,42,3577,21000.0,0,Corporate Event,5,0.0,0.0,200,400,1,1,12,0,1,0,5.869200670765791,273.30232558139534,6,2,2024,2
11449.0,176,3661,13000.0,2,Birthday,1,0.0,0.0,200,400,0,2,12,0,1,2,3.5499726925177497,64.68361581920904,5,2,2022,1
11896.0,202,1983,17000.0,0,Birthday,3,0.0,0.0,200,400,0,1,12,0,1,2,8.568548387096774,58.600985221674875,2,1,2025,0
11206.0,229,3480,17000.0,16,Wedding,4,0.0,0.0,200,400,2,2,12,0,1,1,4.883654122378627,48.721739130434784,1,1,2024,0
12489.0,249,22215,20000.0,0,Birthday,4,0.0,0.0,200,400,0,0,12,0,1,1,0.9002520705797623,49.956,3,1,2022,1
12872.0,203,1258,20000.0,16,Birthday,5,0.0,0.0,200,400,0,2,12,0,1,1,15.885623510722796,63.09803921568628,12,4,2022,0
13622.0,42,3577,21000.0,16,Wedding,5,0.0,0.0,200,400,2,2,12,0,1,1,5.869200670765791,316.7906976744186,12,4,2025,0
2238.0,126,4896,22000.0,0,Wedding,5,0.0,0.0,200,400,2,1,12,0,1,0,4.492546457014499,17.62204724409449,11,4,2022,3
14270.0,203,1258,24000.0,0,Corporate Event,3,0.0,0.0,200,400,1,1,12,0,1,2,19.062748212867355,69.95098039215686,10,4,2025,3
11985.0,252,1608,24000.0,2,Birthday,2,0.0,0.0,200,400,0,2,12,0,1,2,14.916096954630206,47.37154150197628,11,4,2025,3
8681.0,203,1417,25000.0,0,Corporate Event,5,0.0,0.0,200,400,1,0,12,0,1,1,17.63046544428773,42.55392156862745,10,4,2022,3
7153.0,229,3480,25000.0,0,Wedding,1,0.0,0.0,200,400,2,1,12,0,1,1,7.181844297615628,31.1,11,4,2025,3
795.0,176,3661,20000.0,16,Birthday,3,0.0,0.0,200,400,0,2,12,0,1,0,5.461496450027307,4.491525423728813,7,3,2023,2
5973.0,42,3577,22000.0,16,Birthday,2,0.0,0.0,200,400,0,2,12,0,1,0,6.148686416992733,138.90697674418604,3,1,2022,1
7800.0,176,3661,17000.0,0,Birthday,3,0.0,0.0,200,400,0,1,12,0,1,2,4.642271982523211,44.067796610169495,12,4,2023,0
4650.0,249,22215,22000.0,16,Wedding,1,0.0,0.0,200,400,2,2,12,0,1,2,0.9902772776377385,18.6,10,4,2025,3
6483.0,298,962,12000.0,16,Wedding,4,0.0,0.0,200,400,2,2,12,0,1,0,12.461059190031152,21.682274247491637,6,2,2025,2
8608.0,229,3480,21000.0,2,Birthday,3,0.0,0.0,200,400,0,2,12,0,1,1,6.032749209997127,37.426086956521736,7,3,2024,2
5397.0,298,962,26000.0,0,Birthday,4,0.0,0.0,200,400,0,1,12,0,1,1,26.99896157840083,18.05016722408027,2,1,2025,0
1061.0,252,1608,26000.0,2,Wedding,3,0.0,0.0,200,400,2,2,12,0,1,2,16.159105034182723,4.1936758893280635,3,1,2023,1
12177.0,252,1608,25000.0,0,Wedding,1,0.0,0.0,200,400,2,1,12,0,1,0,15.537600994406464,48.130434782608695,4,2,2025,1
6984.0,202,1983,26000.0,0,Wedding,3,0.0,0.0,100,200,2,0,4,0,0,1,13.10483870967742,34.40394088669951,1,1,2025,0
13333.0,126,4896,21000.0,0,Birthday,1,0.0,0.0,100,200,0,0,4,0,0,1,4.288339799877476,104.98425196850394,5,2,2025,1
10958.0,155,66,24000.0,7,Corporate Event,5,0.0,0.0,100,200,1,2,4,0,0,0,358.2089552238806,70.24358974358974,8,3,2022,2
13343.0,249,22215,24000.0,7,Birthday,5,0.0,0.0,100,200,0,2,4,0,0,0,1.0803024846957148,53.372,2,1,2025,0
6270.0,202,1983,23000.0,7,Wedding,5,0.0,0.0,100,200,2,2,4,0,0,1,11.59274193548387,30.886699507389164,3,1,2024,1
13428.0,229,3480,22000.0,7,Corporate Event,2,0.0,0.0,100,200,1,2,4,0,0,1,6.320022981901753,58.38260869565217,11,4,2024,3
9741.0,202,1983,12000.0,10,Wedding,1,0.0,0.0,100,200,2,1,4,0,0,2,6.048387096774194,47.98522167487685,5,2,2023,1
6673.0,229,3480,17000.0,0,Birthday,1,0.0,0.0,100,200,0,0,4,0,0,2,4.883654122378627,29.01304347826087,6,2,2022,2
7085.0,202,1983,21000.0,7,Corporate Event,4,0.0,0.0,100,200,1,2,4,0,0,0,10.584677419354838,34.90147783251231,1,1,2023,0
13234.0,155,66,26000.0,10,Wedding,1,0.0,0.0,100,200,2,1,4,0,0,1,388.05970149253733,84.83333333333333,3,1,2022,1
5420.0,239,4101,19000.0,10,Birthday,3,0.0,0.0,100,200,0,1,4,0,0,0,4.631886884446612,22.583333333333332,2,1,2024,0
852.0,126,4896,13000.0,0,Wedding,1,0.0,0.0,100,200,2,0,4,0,0,2,2.6546865427812945,6.708661417322834,2,1,2024,0
13426.0,126,4896,17000.0,2,Birthday,4,0.0,0.0,100,200,0,2,4,0,0,1,3.471513171329385,105.71653543307086,2,1,2024,0
1548.0,203,1258,15000.0,10,Wedding,3,0.0,0.0,100,200,2,1,4,0,0,0,11.914217633042098,7.588235294117647,11,4,2025,3
6807.0,252,1608,22000.0,10,Birthday,1,0.0,0.0,100,200,0,1,4,0,0,0,13.673088875077688,26.90513833992095,1,1,2022,0
13406.0,249,22215,26000.0,7,Wedding,4,0.0,0.0,100,200,2,2,4,0,0,0,1.1703276917536911,53.624,1,1,2022,0
327.0,298,962,12000.0,10,Corporate Event,4,0.0,0.0,100,200,1,1,4,0,0,2,12.461059190031152,1.0936454849498327,7,3,2025,2
3067.0,252,1608,24000.0,7,Wedding,4,0.0,0.0,100,200,2,2,4,0,0,0,14.916096954630206,12.122529644268775,12,4,2022,0
10128.0,249,22215,12000.0,0,Wedding,1,0.0,0.0,100,200,2,0,4,0,0,1,0.5401512423478574,40.512,4,2,2025,1
3960.0,126,4896,24000.0,2,Wedding,3,0.0,0.0,100,200,2,2,4,0,0,1,4.900959771288544,31.181102362204726,7,3,2022,2
12198.0,239,4101,25000.0,7,Birthday,5,0.0,0.0,100,200,0,2,4,0,0,0,6.094588005850804,50.825,9,3,2022,3
2858.0,203,1258,17000.0,2,Birthday,1,0.0,0.0,100,200,0,2,4,0,0,1,13.502779984114376,14.009803921568627,3,1,2025,1
5304.0,42,3577,19000.0,10,Corporate Event,4,0.0,0.0,100,200,1,1,4,0,0,1,5.310229178311906,123.34883720930233,4,2,2025,1
6994.0,176,3661,21000.0,10,Wedding,1,0.0,0.0,100,200,2,1,4,0,0,0,5.734571272528673,39.51412429378531,5,2,2023,1
13149.0,203,1258,26000.0,10,Wedding,2,0.0,0.0,100,200,2,1,4,0,0,0,20.651310563939635,64.45588235294117,8,3,2024,2
144550.0,203,1258,13000.0,2,Wedding,5,0.0,0.0,100,200,2,2,4,0,0,0,10.325655281969818,708.5784313725491,7,3,2024,2
14138.0,203,1417,24000.0,0,Corporate Event,5,0.0,0.0,100,200,1,0,4,0,0,0,16.92524682651622,69.30392156862744,10,4,2024,3
9402.0,298,962,12000.0,0,Corporate Event,3,0.0,0.0,100,200,1,0,4,0,0,2,12.461059190031152,31.444816053511705,8,3,2024,2
14062.0,203,1417,24000.0,10,Corporate Event,2,0.0,0.0,100,200,1,1,4,0,0,2,16.92524682651622,68.93137254901961,4,2,2023,1
3383.0,203,1417,26000.0,0,Birthday,3,0.0,0.0,100,200,0,0,4,0,0,2,18.33568406205924,16.583333333333332,11,4,2024,3
9098.0,229,3480,25000.0,7,Corporate Event,1,0.0,0.0,100,200,1,2,4,0,0,1,7.181844297615628,39.55652173913043,6,2,2022,2
4876.0,249,22215,19000.0,10,Corporate Event,3,0.0,0.0,100,200,1,1,4,0,0,2,0.8552394670507742,19.504,4,2,2025,1
14348.0,202,1983,23000.0,0,Birthday,4,0.0,0.0,100,200,0,0,4,0,0,2,11.59274193548387,70.67980295566502,12,4,2022,0
6925.0,229,3480,19000.0,0,Wedding,4,0.0,0.0,100,200,2,0,4,0,0,0,5.458201666187877,30.108695652173914,2,1,2024,0
7900.0,176,3661,15000.0,2,Wedding,3,0.0,0.0,100,200,2,2,4,0,0,2,4.09612233752048,44.632768361581924,11,4,2022,3
13157.0,176,3661,19000.0,0,Birthday,2,0.0,0.0,100,200,0,0,4,0,0,2,5.188421627525942,74.33333333333333,3,1,2023,1
12406.0,249,22215,20000.0,0,Wedding,3,0.0,0.0,100,200,2,0,4,0,0,0,0.9002520705797623,49.624,8,3,2025,2
6760.0,229,3480,23000.0,10,Corporate Event,2,0.0,0.0,100,200,1,1,4,0,0,0,6.607296753806377,29.391304347826086,1,1,2025,0
13949.0,249,22215,19000.0,0,Wedding,1,0.0,0.0,100,200,2,0,4,0,0,0,0.8552394670507742,55.796,3,1,2024,1
3301.0,202,1983,13000.0,10,Wedding,5,0.0,0.0,100,200,2,1,4,0,0,1,6.55241935483871,16.261083743842363,11,4,2022,3
12816.0,239,4101,19000.0,0,Wedding,3,0.0,0.0,100,200,2,0,4,0,0,2,4.631886884446612,53.4,6,2,2023,2
5444.0,155,66,13000.0,2,Corporate Event,3,0.0,0.0,100,200,1,2,4,0,0,0,194.02985074626866,34.8974358974359,2,1,2024,0
1927.0,176,3661,13000.0,7,Birthday,5,0.0,0.0,100,200,0,2,4,0,0,0,3.5499726925177497,10.887005649717514,4,2,2025,1
2921.0,126,4896,26000.0,2,Birthday,2,0.0,0.0,100,200,0,2,4,0,0,0,5.309373085562589,23.0,10,4,2024,3
3426.0,252,1608,25000.0,10,Birthday,2,0.0,0.0,100,200,0,1,4,0,0,2,15.537600994406464,13.541501976284586,10,4,2025,3
13920.0,126,4896,21000.0,10,Wedding,3,0.0,0.0,100,200,2,1,4,0,0,2,4.288339799877476,109.60629921259843,5,2,2025,1
3867.0,298,962,20000.0,10,Corporate Event,5,0.0,0.0,100,200,1,1,4,0,0,2,20.768431983385256,12.933110367892976,8,3,2025,2
11028.0,42,3577,22000.0,10,Wedding,4,0.0,0.0,100,200,2,1,4,0,0,0,6.148686416992733,256.4651162790698,7,3,2022,2
11730.0,239,4101,19000.0,7,Corporate Event,3,0.0,0.0,100,200,1,2,4,0,0,1,4.631886884446612,48.875,9,3,2024,3
92940.0,229,3480,21000.0,0,Wedding,3,0.0,0.0,100,200,2,0,4,0,0,1,6.032749209997127,404.0869565217391,8,3,2024,2
10607.0,126,4896,13000.0,0,Birthday,4,0.0,0.0,100,200,0,0,4,0,0,2,2.6546865427812945,83.51968503937007,6,2,2022,2
10692.0,298,962,21000.0,10,Birthday,3,0.0,0.0,100,200,0,1,4,0,0,0,21.806853582554517,35.759197324414714,3,1,2024,1
2928.0,203,1417,24000.0,0,Corporate Event,4,0.0,0.0,100,200,1,0,4,0,0,0,16.92524682651622,14.352941176470589,8,3,2024,2
13036.0,203,1258,12000.0,10,Wedding,2,0.0,0.0,100,200,2,1,4,0,0,2,9.531374106433677,63.90196078431372,11,4,2024,3
14109.0,42,3577,20000.0,2,Wedding,2,0.0,0.0,100,200,2,2,4,0,0,1,5.589714924538849,328.1162790697674,5,2,2024,1
5197.0,298,962,19000.0,10,Wedding,3,0.0,0.0,100,200,2,1,4,0,0,1,19.73001038421599,17.381270903010034,10,4,2022,3
4852.0,203,1258,19000.0,7,Birthday,5,0.0,0.0,100,200,0,2,4,0,0,1,15.091342335186656,23.784313725490197,10,4,2025,3
1490.0,298,962,12000.0,2,Corporate Event,4,0.0,0.0,100,200,1,2,4,0,0,0,12.461059190031152,4.983277591973244,4,2,2024,1
8137.0,42,3577,23000.0,7,Corporate Event,5,0.0,0.0,100,200,1,2,4,0,0,0,6.428172163219676,189.2325581395349,7,3,2022,2
8384.0,155,66,19000.0,10,Wedding,5,0.0,0.0,100,200,2,1,4,0,0,2,283.5820895522388,53.743589743589745,7,3,2024,2
9543.0,155,66,13000.0,0,Wedding,2,0.0,0.0,100,200,2,0,4,0,0,2,194.02985074626866,61.17307692307692,10,4,2024,3
13705.0,229,3480,17000.0,2,Corporate Event,4,0.0,0.0,100,200,1,2,4,0,0,0,4.883654122378627,59.58695652173913,1,1,2023,0
6184.0,249,22215,12000.0,2,Corporate Event,3,0.0,0.0,100,200,1,2,4,0,0,1,0.5401512423478574,24.736,3,1,2022,1
10461.0,203,1258,25000.0,10,Corporate Event,4,0.0,0.0,100,200,1,1,4,0,0,0,19.857029388403493,51.279411764705884,11,4,2025,3
8947.0,202,1983,21000.0,2,Corporate Event,1,0.0,0.0,100,200,1,2,4,0,0,1,10.584677419354838,44.073891625615765,3,1,2022,1
9672.0,202,1983,20000.0,7,Corporate Event,4,0.0,0.0,100,200,1,2,4,0,0,1,10.080645161290322,47.645320197044335,1,1,2024,0
10265.0,249,22215,24000.0,2,Corporate Event,4,0.0,0.0,100,200,1,2,4,0,0,0,1.0803024846957148,41.06,11,4,2024,3
10498.0,203,1417,20000.0,7,Wedding,4,0.0,0.0,100,200,2,2,4,0,0,0,14.104372355430183,51.46078431372549,10,4,2024,3
11370.0,126,4896,21000.0,0,Birthday,5,0.0,0.0,100,200,0,0,4,0,0,1,4.288339799877476,89.5275590551181,3,1,2022,1
6907.0,42,3577,21000.0,10,Birthday,5,0.0,0.0,100,200,0,1,4,0,0,0,5.869200670765791,160.62790697674419,11,4,2022,3
4470.0,229,3480,23000.0,10,Wedding,3,0.0,0.0,100,200,2,1,4,0,0,1,6.607296753806377,19.434782608695652,4,2,2024,1
13270.0,252,1608,19000.0,2,Corporate Event,3,0.0,0.0,100,200,1,2,4,0,0,0,11.808576755748913,52.45059288537549,1,1,2022,0
6223.0,203,1258,12000.0,0,Wedding,5,0.0,0.0,100,200,2,0,4,0,0,2,9.531374106433677,30.504901960784313,6,2,2022,2
14349.0,176,3661,26000.0,2,Birthday,4,0.0,0.0,100,200,0,2,4,0,0,1,7.099945385035499,81.0677966101695,5,2,2023,1
5996.0,229,3480,25000.0,2,Wedding,4,0.0,0.0,100,200,2,2,4,0,0,0,7.181844297615628,26.069565217391304,12,4,2022,0
6355.0,252,1608,21000.0,0,Corporate Event,5,0.0,0.0,100,200,1,0,4,0,0,0,13.05158483530143,25.118577075098813,10,4,2023,3
2668.0,203,1417,20000.0,10,Birthday,3,0.0,0.0,100,200,0,1,4,0,0,0,14.104372355430183,13.07843137254902,11,4,2024,3
4390.0,203,1417,20000.0,7,Birthday,5,0.0,0.0,100,200,0,2,4,0,0,1,14.104372355430183,21.519607843137255,11,4,2024,3
5105.0,252,1608,12000.0,10,Corporate Event,4,0.0,0.0,100,200,1,1,4,0,0,2,7.458048477315103,20.177865612648223,6,2,2022,2
9977.0,249,22215,25000.0,10,Wedding,4,0.0,0.0,100,200,2,1,4,0,0,0,1.125315088224703,39.908,12,4,2024,0
7803.0,239,4101,12000.0,2,Birthday,4,0.0,0.0,100,200,0,2,4,0,0,2,2.9254022428083863,32.5125,1,1,2023,0
8342.0,239,4101,23000.0,7,Wedding,2,0.0,0.0,100,200,2,2,4,0,0,0,5.60702096538274,34.75833333333333,3,1,2022,1
6169.0,126,4896,21000.0,2,Birthday,5,0.0,0.0,100,200,0,2,4,0,0,1,4.288339799877476,48.574803149606296,2,1,2024,0
5964.0,155,66,17000.0,2,Corporate Event,1,0.0,0.0,100,200,1,2,4,0,0,0,253.73134328358208,38.23076923076923,10,4,2023,3
5719.0,298,962,24000.0,10,Corporate Event,1,0.0,0.0,100,200,1,1,4,0,0,2,24.922118380062305,19.127090301003346,4,2,2023,1
10975.0,155,66,13000.0,2,Wedding,5,0.0,0.0,100,200,2,2,4,0,0,0,194.02985074626866,70.3525641025641,8,3,2023,2
6341.0,249,22215,25000.0,10,Corporate Event,5,0.0,0.0,100,200,1,1,4,0,0,2,1.125315088224703,25.364,8,3,2025,2
1525.0,203,1258,22000.0,0,Corporate Event,1,0.0,0.0,100,200,1,0,4,0,0,2,17.474185861795075,7.4754901960784315,11,4,2022,3
14340.0,249,22215,24000.0,2,Birthday,2,0.0,0.0,100,200,0,2,4,0,0,2,1.0803024846957148,57.36,4,2,2024,1
691.0,155,66,19000.0,2,Birthday,4,0.0,0.0,100,200,0,2,4,0,0,1,283.5820895522388,4.42948717948718,3,1,2022,1
5394.0,252,1608,24000.0,0,Birthday,4,0.0,0.0,100,200,0,0,4,0,0,1,14.916096954630206,21.320158102766797,12,4,2025,0
10387.0,126,4896,15000.0,7,Wedding,3,0.0,0.0,100,200,2,2,4,0,0,1,3.06309985705534,81.78740157480316,4,2,2024,1
11467.0,239,4101,22000.0,0,Corporate Event,1,0.0,0.0,100,200,1,0,4,0,0,1,5.363237445148708,47.77916666666667,8,3,2024,2
8901.0,203,1417,23000.0,10,Birthday,2,0.0,0.0,100,200,0,1,4,0,0,0,16.22002820874471,43.63235294117647,7,3,2022,2
720.0,298,962,20000.0,10,Wedding,4,0.0,0.0,100,200,2,1,4,0,0,1,20.768431983385256,2.408026755852843,8,3,2025,2
4989.0,176,3661,13000.0,10,Wedding,4,0.0,0.0,100,200,2,1,4,0,0,0,3.5499726925177497,28.1864406779661,1,1,2022,0
10036.0,229,3480,25000.0,0,Wedding,5,0.0,0.0,100,200,2,0,4,0,0,2,7.181844297615628,43.63478260869565,7,3,2023,2
880.0,176,3661,21000.0,0,Corporate Event,5,0.0,0.0,100,200,1,0,4,0,0,0,5.734571272528673,4.971751412429379,8,3,2023,2
6992.0,229,3480,12000.0,10,Wedding,4,0.0,0.0,100,200,2,1,4,0,0,1,3.4472852628555013,30.4,7,3,2022,2
8956.0,203,1258,20000.0,7,Wedding,5,0.0,0.0,100,200,2,2,4,0,0,0,15.885623510722796,43.90196078431372,12,4,2022,0
358.0,203,1258,15000.0,7,Wedding,5,0.0,0.0,100,200,2,2,4,0,0,2,11.914217633042098,1.7549019607843137,6,2,2023,2
14435.0,249,22215,20000.0,10,Wedding,5,0.0,0.0,100,200,2,1,4,0,0,1,0.9002520705797623,57.74,7,3,2024,2
14376.0,249,22215,25000.0,7,Wedding,3,0.0,0.0,100,200,2,2,4,0,0,2,1.125315088224703,57.504,6,2,2025,2
1469.0,155,66,12000.0,7,Wedding,3,0.0,0.0,100,200,2,2,4,0,0,0,179.1044776119403,9.416666666666666,4,2,2024,1
13654.0,239,4101,20000.0,10,Wedding,3,0.0,0.0,100,200,2,1,4,0,0,0,4.875670404680643,56.891666666666666,7,3,2023,2
6656.0,202,1983,17000.0,10,Wedding,1,0.0,0.0,100,200,2,1,4,0,0,2,8.568548387096774,32.78817733990148,7,3,2023,2
4763.0,203,1258,17000.0,7,Wedding,3,0.0,0.0,100,200,2,2,4,0,0,1,13.502779984114376,23.348039215686274,12,4,2023,0
6774.0,203,1258,19000.0,0,Corporate Event,3,0.0,0.0,100,200,1,0,4,0,0,0,15.091342335186656,33.205882352941174,11,4,2024,3
7243.0,126,4896,25000.0,0,Wedding,3,0.0,0.0,100,200,2,0,4,0,0,2,5.105166428425567,57.031496062992126,1,1,2023,0
2808.0,229,3480,21000.0,0,Birthday,4,0.0,0.0,100,200,0,0,4,0,0,0,6.032749209997127,12.208695652173914,11,4,2022,3
4284.0,239,4101,19000.0,0,Birthday,2,0.0,0.0,100,200,0,0,4,0,0,0,4.631886884446612,17.85,2,1,2025,0
6023.0,42,3577,25000.0,7,Wedding,3,0.0,0.0,100,200,2,2,4,0,0,1,6.98714365567356,140.06976744186048,6,2,2025,2
894.0,155,66,24000.0,2,Corporate Event,4,0.0,0.0,100,200,1,2,4,0,0,2,358.2089552238806,5.730769230769231,8,3,2022,2
8190.0,203,1417,20000.0,10,Corporate Event,4,0.0,0.0,100,200,1,1,4,0,0,0,14.104372355430183,40.14705882352941,5,2,2022,1
8341.0,298,962,20000.0,7,Wedding,2,0.0,0.0,100,200,2,2,4,0,0,1,20.768431983385256,27.896321070234112,12,4,2022,0
12560.0,249,22215,24000.0,0,Wedding,3,0.0,0.0,100,200,2,0,4,0,0,2,1.0803024846957148,50.24,7,3,2024,2
2495.0,176,3661,25000.0,10,Wedding,5,0.0,0.0,100,200,2,1,4,0,0,1,6.826870562534134,14.096045197740112,7,3,2023,2
10239.0,155,66,12000.0,7,Corporate Event,5,0.0,0.0,100,200,1,2,4,0,0,1,179.1044776119403,65.63461538461539,11,4,2024,3
1829.0,239,4101,19000.0,7,Corporate Event,3,0.0,0.0,100,200,1,2,4,0,0,2,4.631886884446612,7.620833333333334,9,3,2025,3
2551.0,249,22215,15000.0,0,Birthday,5,0.0,0.0,100,200,0,0,4,0,0,2,0.6751890529348218,10.204,7,3,2025,2
13249.0,229,3480,25000.0,0,Birthday,5,0.0,0.0,100,200,0,0,4,0,0,2,7.181844297615628,57.60434782608696,7,3,2023,2
3744.0,202,1983,19000.0,2,Wedding,3,0.0,0.0,100,200,2,2,4,0,0,2,9.576612903225806,18.44334975369458,1,1,2025,0
5599.0,249,22215,23000.0,7,Birthday,5,0.0,0.0,100,200,0,2,4,0,0,1,1.0352898811667266,22.396,12,4,2023,0
1400.0,239,4101,24000.0,7,Wedding,5,0.0,0.0,100,200,2,2,4,0,0,0,5.850804485616773,5.833333333333333,7,3,2023,2
8402.0,203,1417,22000.0,2,Wedding,1,0.0,0.0,100,200,2,2,4,0,0,0,15.514809590973202,41.18627450980392,3,1,2023,1
10241.0,252,1608,23000.0,0,Wedding,4,0.0,0.0,100,200,2,0,4,0,0,2,14.294592914853947,40.47826086956522,1,1,2022,0
10688.0,298,962,12000.0,2,Birthday,3,0.0,0.0,100,200,0,2,4,0,0,1,12.461059190031152,35.74581939799331,12,4,2023,0
8278.0,176,3661,25000.0,7,Birthday,5,0.0,0.0,100,200,0,2,4,0,0,0,6.826870562534134,46.76836158192091,6,2,2024,2
13229.0,249,22215,13000.0,7,Birthday,4,0.0,0.0,100,200,0,2,4,0,0,0,0.5851638458768456,52.916,2,1,2025,0
3983.0,203,1258,17000.0,10,Corporate Event,1,0.0,0.0,100,200,1,1,4,0,0,2,13.502779984114376,19.524509803921568,12,4,2023,0
4558.0,252,1608,12000.0,2,Birthday,1,0.0,0.0,100,200,0,2,4,0,0,0,7.458048477315103,18.015810276679844,12,4,2022,0
6834.0,298,962,19000.0,7,Wedding,5,0.0,0.0,100,200,2,2,4,0,0,2,19.73001038421599,22.8561872909699,8,3,2022,2
8602.0,239,4101,23000.0,10,Corporate Event,4,0.0,0.0,100,200,1,1,4,0,0,1,5.60702096538274,35.84166666666667,10,4,2024,3
9044.0,176,3661,20000.0,7,Wedding,2,0.0,0.0,100,200,2,2,4,0,0,0,5.461496450027307,51.09604519774011,6,2,2022,2
13942.0,203,1258,13000.0,2,Birthday,5,0.0,0.0,100,200,0,2,4,0,0,2,10.325655281969818,68.34313725490196,9,3,2024,3
6443.0,202,1983,21000.0,0,Wedding,3,0.0,0.0,100,200,2,0,4,0,0,0,10.584677419354838,31.738916256157637,5,2,2022,1
1789.0,202,1983,20000.0,7,Corporate Event,1,0.0,0.0,100,200,1,2,4,0,0,1,10.080645161290322,8.812807881773399,5,2,2025,1
10143.0,298,962,23000.0,10,Wedding,1,0.0,0.0,100,200,2,1,4,0,0,0,23.883696780893043,33.92307692307692,9,3,2022,3
2091.0,249,22215,20000.0,0,Corporate Event,5,0.0,0.0,100,200,1,0,4,0,0,0,0.9002520705797623,8.364,12,4,2023,0
11697.0,126,4896,21000.0,2,Wedding,2,0.0,0.0,100,200,2,2,4,0,0,2,4.288339799877476,92.10236220472441,1,1,2024,0
11244.0,229,3480,21000.0,10,Wedding,5,0.0,0.0,100,200,2,1,4,0,0,2,6.032749209997127,48.88695652173913,8,3,2022,2
1176.0,203,1417,21000.0,0,Birthday,3,0.0,0.0,100,200,0,0,4,0,0,1,14.809590973201692,5.764705882352941,5,2,2022,1
9680.0,249,22215,15000.0,7,Birthday,2,0.0,0.0,100,200,0,2,4,0,0,0,0.6751890529348218,38.72,6,2,2025,2
1024.0,202,1983,25000.0,0,Birthday,1,0.0,0.0,100,200,0,0,4,0,0,0,12.600806451612904,5.044334975369458,6,2,2023,2
13981.0,249,22215,23000.0,10,Wedding,1,0.0,0.0,100,200,2,1,4,0,0,2,1.0352898811667266,55.924,2,1,2024,0
804.0,252,1608,26000.0,0,Wedding,4,0.0,0.0,100,200,2,0,4,0,0,1,16.159105034182723,3.177865612648221,10,4,2025,3
5770.0,42,3577,13000.0,0,Wedding,2,0.0,0.0,100,200,2,0,4,0,0,0,3.6333147009502516,134.1860465116279,2,1,2025,0
11138.0,239,4101,15000.0,2,Wedding,5,0.0,0.0,100,200,2,2,4,0,0,2,3.6567528035104826,46.40833333333333,12,4,2023,0
5877.0,249,22215,26000.0,0,Corporate Event,3,0.0,0.0,100,200,1,0,4,0,0,0,1.1703276917536911,23.508,8,3,2022,2
292.0,229,3480,17000.0,10,Wedding,5,0.0,0.0,100,200,2,1,4,0,0,1,4.883654122378627,1.2695652173913043,2,1,2023,0
6386.0,202,1983,12000.0,7,Birthday,5,0.0,0.0,100,200,0,2,4,0,0,0,6.048387096774194,31.458128078817733,1,1,2022,0
11551.0,298,962,17000.0,7,Birthday,3,0.0,0.0,100,200,0,2,4,0,0,1,17.653167185877468,38.63210702341137,5,2,2023,1
13674.0,239,4101,21000.0,0,Corporate Event,3,0.0,0.0,100,200,1,0,4,0,0,1,5.1194539249146755,56.975,1,1,2022,0
66520.0,239,4101,12000.0,0,Corporate Event,1,0.0,0.0,100,200,1,0,4,0,0,1,2.9254022428083863,277.1666666666667,11,4,2024,3
3258.0,239,4101,26000.0,10,Birthday,2,0.0,0.0,100,200,0,1,4,0,0,1,6.338371526084837,13.575,3,1,2022,1
2003.0,42,3577,19000.0,7,Birthday,2,0.0,0.0,100,200,0,2,4,0,0,2,5.310229178311906,46.58139534883721,10,4,2022,3
12815.0,42,3577,22000.0,7,Birthday,4,0.0,0.0,100,200,0,2,4,0,0,1,6.148686416992733,298.0232558139535,3,1,2024,1
14599.0,155,66,25000.0,2,Corporate Event,2,0.0,0.0,100,200,1,2,4,0,0,2,373.13432835820896,93.58333333333333,9,3,2023,3
2599.0,176,3661,25000.0,10,Birthday,1,0.0,0.0,100,200,0,1,4,0,0,1,6.826870562534134,14.68361581920904,12,4,2022,0
8945.0,202,1983,25000.0,2,Corporate Event,3,0.0,0.0,100,200,1,2,4,0,0,0,12.600806451612904,44.064039408866996,5,2,2022,1
7368.0,203,1258,23000.0,2,Corporate Event,2,0.0,0.0,100,200,1,2,4,0,0,0,18.268467037331217,36.11764705882353,5,2,2022,1
5822.0,239,4101,26000.0,2,Corporate Event,5,0.0,0.0,100,200,1,2,4,0,0,0,6.338371526084837,24.258333333333333,2,1,2025,0
3045.0,249,22215,26000.0,10,Birthday,2,0.0,0.0,100,200,0,1,4,0,0,0,1.1703276917536911,12.18,6,2,2023,2
13085.0,126,4896,22000.0,10,Wedding,4,0.0,0.0,100,200,2,1,4,0,0,2,4.492546457014499,103.03149606299213,2,1,2024,0
6918.0,203,1417,13000.0,10,Corporate Event,4,0.0,0.0,100,200,1,1,4,0,0,1,9.16784203102962,33.911764705882355,5,2,2024,1
3367.0,252,1608,21000.0,0,Wedding,1,0.0,0.0,100,200,2,0,4,0,0,2,13.05158483530143,13.308300395256918,7,3,2023,2
2812.0,176,3661,12000.0,10,Corporate Event,4,0.0,0.0,100,200,1,1,4,0,0,1,3.2768978700163847,15.887005649717514,7,3,2023,2
6477.0,229,3480,13000.0,2,Wedding,3,0.0,0.0,100,200,2,2,4,0,0,0,3.7345590347601263,28.160869565217393,9,3,2024,3
6474.0,202,1983,22000.0,10,Birthday,5,0.0,0.0,100,200,0,1,4,0,0,2,11.088709677419354,31.891625615763548,6,2,2025,2
14818.0,298,962,12000.0,7,Birthday,5,0.0,0.0,100,200,0,2,4,0,0,0,12.461059190031152,49.558528428093645,9,3,2022,3
9724.0,176,3661,12000.0,2,Birthday,4,0.0,0.0,100,200,0,2,4,0,0,1,3.2768978700163847,54.93785310734463,3,1,2024,1
8530.0,126,4896,26000.0,10,Wedding,4,0.0,0.0,100,200,2,1,4,0,0,1,5.309373085562589,67.16535433070867,8,3,2024,2
761.0,155,66,20000.0,0,Birthday,3,0.0,0.0,100,200,0,0,4,0,0,1,298.5074626865672,4.878205128205129,2,1,2024,0
9519.0,298,962,20000.0,2,Birthday,3,0.0,0.0,100,200,0,2,4,0,0,2,20.768431983385256,31.836120401337794,1,1,2023,0
13066.0,155,66,22000.0,7,Birthday,1,0.0,0.0,100,200,0,2,4,0,0,0,328.35820895522386,83.75641025641026,4,2,2024,1
14500.0,252,1608,13000.0,7,Wedding,1,0.0,0.0,100,200,2,2,4,0,0,0,8.079552517091361,57.312252964426875,10,4,2022,3
10168.0,176,3661,21000.0,10,Birthday,3,0.0,0.0,100,200,0,1,4,0,0,2,5.734571272528673,57.44632768361582,2,1,2025,0
8196.0,155,66,17000.0,7,Birthday,2,0.0,0.0,100,200,0,2,4,0,0,2,253.73134328358208,52.53846153846154,11,4,2023,3
4275.0,298,962,13000.0,0,Corporate Event,1,0.0,0.0,100,200,1,0,4,0,0,1,13.499480789200415,14.297658862876254,12,4,2024,0
9371.0,42,3577,25000.0,10,Birthday,4,0.0,0.0,100,200,0,1,4,0,0,1,6.98714365567356,217.93023255813952,4,2,2023,1
7513.0,42,3577,21000.0,7,Birthday,5,0.0,0.0,100,200,0,2,4,0,0,1,5.869200670765791,174.72093023255815,2,1,2024,0
6325.0,229,3480,26000.0,7,Corporate Event,4,0.0,0.0,100,200,1,2,4,0,0,1,7.469118069520253,27.5,6,2,2025,2
67940.0,203,1258,17000.0,0,Wedding,3,0.0,0.0,100,200,2,0,4,0,0,1,13.502779984114376,333.03921568627453,1,1,2025,0
1072.0,42,3577,17000.0,0,Corporate Event,4,0.0,0.0,100,200,1,0,4,0,0,2,4.751257685858021,24.930232558139537,8,3,2025,2
2133.0,229,3480,17000.0,2,Birthday,5,0.0,0.0,100,200,0,2,4,0,0,1,4.883654122378627,9.273913043478261,5,2,2025,1
14659.0,203,1417,13000.0,2,Corporate Event,2,0.0,0.0,100,200,1,2,4,0,0,0,9.16784203102962,71.8578431372549,11,4,2024,3
10259.0,203,1258,13000.0,0,Corporate Event,1,0.0,0.0,100,200,1,0,4,0,0,2,10.325655281969818,50.28921568627451,1,1,2025,0
70690.0,155,66,22000.0,10,Wedding,3,0.0,0.0,100,200,2,1,4,0,0,1,328.35820895522386,453.14102564102564,10,4,2024,3
7845.0,203,1417,19000.0,2,Corporate Event,4,0.0,0.0,100,200,1,2,4,0,0,0,13.399153737658674,38.455882352941174,7,3,2024,2
6013.0,202,1983,20000.0,0,Birthday,4,0.0,0.0,100,200,0,0,4,0,0,0,10.080645161290322,29.620689655172413,11,4,2024,3
6247.0,203,1258,22000.0,7,Corporate Event,1,0.0,0.0,100,200,1,2,4,0,0,2,17.474185861795075,30.622549019607842,12,4,2023,0
11309.0,202,1983,21000.0,0,Birthday,1,0.0,0.0,100,200,0,0,4,0,0,1,10.584677419354838,55.70935960591133,10,4,2025,3
3148.0,249,22215,19000.0,10,Birthday,2,0.0,0.0,100,200,0,1,4,0,0,1,0.8552394670507742,12.592,9,3,2024,3
972.0,126,4896,23000.0,2,Birthday,1,0.0,0.0,100,200,0,2,4,0,0,1,4.696753114151521,7.653543307086614,8,3,2022,2
5442.0,239,4101,15000.0,10,Corporate Event,5,0.0,0.0,100,200,1,1,4,0,0,1,3.6567528035104826,22.675,8,3,2024,2
11100.0,298,962,20000.0,0,Corporate Event,1,0.0,0.0,100,200,1,0,4,0,0,0,20.768431983385256,37.123745819397996,3,1,2022,1
7116.0,203,1417,15000.0,7,Corporate Event,2,0.0,0.0,100,200,1,2,4,0,0,0,10.578279266572638,34.88235294117647,6,2,2023,2
10685.0,203,1417,21000.0,10,Birthday,5,0.0,0.0,100,200,0,1,4,0,0,2,14.809590973201692,52.377450980392155,11,4,2023,3
9693.0,155,66,26000.0,2,Corporate Event,3,0.0,0.0,100,200,1,2,4,0,0,0,388.05970149253733,62.13461538461539,7,3,2023,2
8597.0,203,1417,17000.0,0,Corporate Event,4,0.0,0.0,100,200,1,0,4,0,0,0,11.988716502115656,42.1421568627451,12,4,2022,0
11170.0,203,1258,20000.0,10,Birthday,5,0.0,0.0,100,200,0,1,4,0,0,2,15.885623510722796,54.754901960784316,6,2,2025,2
14245.0,229,3480,22000.0,10,Birthday,3,0.0,0.0,100,200,0,1,4,0,0,0,6.320022981901753,61.93478260869565,12,4,2025,0
6938.0,202,1983,20000.0,7,Corporate Event,1,0.0,0.0,100,200,1,2,4,0,0,1,10.080645161290322,34.17733990147783,10,4,2022,3
6605.0,249,22215,19000.0,10,Birthday,3,0.0,0.0,100,200,0,1,4,0,0,1,0.8552394670507742,26.42,3,1,2023,1
3225.0,298,962,15000.0,7,Wedding,3,0.0,0.0,100,200,2,2,4,0,0,0,15.576323987538942,10.785953177257525,11,4,2025,3
5029.0,229,3480,20000.0,7,Wedding,5,0.0,0.0,100,200,2,2,4,0,0,0,5.745475438092502,21.86521739130435,7,3,2025,2
3767.0,126,4896,17000.0,2,Wedding,4,0.0,0.0,100,200,2,2,4,0,0,0,3.471513171329385,29.661417322834644,5,2,2023,1
10897.0,126,4896,26000.0,0,Birthday,3,0.0,0.0,100,200,0,0,4,0,0,2,5.309373085562589,85.80314960629921,2,1,2024,0
4210.0,203,1417,25000.0,0,Corporate Event,3,0.0,0.0,100,200,1,0,4,0,0,2,17.63046544428773,20.637254901960784,1,1,2023,0
12341.0,176,3661,15000.0,0,Corporate Event,3,0.0,0.0,100,200,1,0,4,0,0,2,4.09612233752048,69.7231638418079,11,4,2022,3
5158.0,203,1417,26000.0,7,Corporate Event,4,0.0,0.0,100,200,1,2,4,0,0,1,18.33568406205924,25.284313725490197,8,3,2024,2
11761.0,203,1258,13000.0,10,Wedding,1,0.0,0.0,100,200,2,1,4,0,0,1,10.325655281969818,57.65196078431372,2,1,2024,0
8419.0,252,1608,12000.0,7,Corporate Event,3,0.0,0.0,100,200,1,2,4,0,0,2,7.458048477315103,33.276679841897234,8,3,2023,2
1112.0,203,1417,20000.0,10,Wedding,1,0.0,0.0,100,200,2,1,4,0,0,1,14.104372355430183,5.450980392156863,5,2,2025,1
8777.0,202,1983,21000.0,2,Birthday,5,0.0,0.0,100,200,0,2,4,0,0,0,10.584677419354838,43.23645320197044,12,4,2024,0
5957.0,203,1417,22000.0,10,Wedding,4,0.0,0.0,100,200,2,1,4,0,0,1,15.514809590973202,29.20098039215686,12,4,2024,0
6597.0,249,22215,12000.0,7,Birthday,4,0.0,0.0,100,200,0,2,4,0,0,2,0.5401512423478574,26.388,12,4,2023,0
8816.0,42,3577,22000.0,10,Wedding,4,0.0,0.0,100,200,2,1,4,0,0,2,6.148686416992733,205.02325581395348,7,3,2024,2
14915.0,252,1608,24000.0,0,Wedding,5,0.0,0.0,100,200,2,0,4,0,0,0,14.916096954630206,58.952569169960476,10,4,2022,3
3482.0,203,1258,26000.0,7,Corporate Event,5,0.0,0.0,100,200,1,2,4,0,0,2,20.651310563939635,17.068627450980394,12,4,2022,0
13225.0,239,4101,15000.0,7,Wedding,5,0.0,0.0,100,200,2,2,4,0,0,0,3.6567528035104826,55.104166666666664,3,1,2025,1
6008.0,239,4101,13000.0,7,Birthday,5,0.0,0.0,100,200,0,2,4,0,0,1,3.1691857630424183,25.033333333333335,10,4,2024,3
14309.0,252,1608,25000.0,7,Birthday,3,0.0,0.0,100,200,0,2,4,0,0,1,15.537600994406464,56.55731225296443,6,2,2025,2
12133.0,252,1608,25000.0,10,Wedding,5,0.0,0.0,100,200,2,1,4,0,0,2,15.537600994406464,47.95652173913044,4,2,2025,1
11726.0,249,22215,17000.0,7,Birthday,3,0.0,0.0,100,200,0,2,4,0,0,1,0.765214259992798,46.904,3,1,2022,1
3824.0,203,1258,19000.0,0,Birthday,5,0.0,0.0,100,200,0,0,4,0,0,0,15.091342335186656,18.745098039215687,5,2,2023,1
1271.0,249,22215,13000.0,7,Wedding,1,0.0,0.0,100,200,2,2,4,0,0,0,0.5851638458768456,5.084,6,2,2025,2
87370.0,229,3480,21000.0,0,Corporate Event,3,0.0,0.0,100,200,1,0,4,0,0,1,6.032749209997127,379.8695652173913,4,2,2025,1
14858.0,42,3577,23000.0,0,Wedding,1,0.0,0.0,100,200,2,0,4,0,0,1,6.428172163219676,345.5348837209302,5,2,2025,1
11615.0,249,22215,26000.0,7,Wedding,3,0.0,0.0,100,200,2,2,4,0,0,0,1.1703276917536911,46.46,4,2,2023,1
719.0,252,1608,22000.0,2,Corporate Event,1,0.0,0.0,100,200,1,2,4,0,0,2,13.673088875077688,2.841897233201581,6,2,2023,2
5987.0,298,962,12000.0,10,Wedding,5,0.0,0.0,100,200,2,1,4,0,0,1,12.461059190031152,20.023411371237458,9,3,2024,3
14093.0,229,3480,23000.0,7,Wedding,1,0.0,0.0,100,200,2,2,4,0,0,1,6.607296753806377,61.27391304347826,4,2,2024,1
9874.0,229,3480,26000.0,10,Birthday,5,0.0,0.0,100,200,0,1,4,0,0,1,7.469118069520253,42.93043478260869,6,2,2025,2
2651.0,229,3480,26000.0,2,Birthday,4,0.0,0.0,100,200,0,2,4,0,0,0,7.469118069520253,11.52608695652174,11,4,2025,3
14279.0,176,3661,21000.0,7,Wedding,4,0.0,0.0,100,200,2,2,4,0,0,2,5.734571272528673,80.67231638418079,5,2,2024,1
13228.0,42,3577,20000.0,0,Birthday,2,0.0,0.0,100,200,0,0,4,0,0,2,5.589714924538849,307.6279069767442,8,3,2022,2
12470.0,203,1417,24000.0,0,Birthday,5,0.0,0.0,100,200,0,0,4,0,0,2,16.92524682651622,61.127450980392155,8,3,2024,2
8518.0,249,22215,15000.0,7,Wedding,4,0.0,0.0,100,200,2,2,4,0,0,1,0.6751890529348218,34.072,1,1,2023,0
9930.0,126,4896,23000.0,0,Corporate Event,3,0.0,0.0,100,200,1,0,4,0,0,0,4.696753114151521,78.18897637795276,5,2,2025,1
13110.0,229,3480,17000.0,2,Corporate Event,3,0.0,0.0,100,200,1,2,4,0,0,1,4.883654122378627,57.0,11,4,2022,3
14894.0,126,4896,25000.0,10,Wedding,2,0.0,0.0,100,200,2,1,4,0,0,0,5.105166428425567,117.2755905511811,9,3,2022,3
13838.0,155,66,20000.0,7,Corporate Event,1,0.0,0.0,100,200,1,2,4,0,0,2,298.5074626865672,88.7051282051282,10,4,2024,3
1904.0,126,4896,21000.0,7,Corporate Event,5,0.0,0.0,100,200,1,2,4,0,0,2,4.288339799877476,14.992125984251969,4,2,2023,1
5035.0,298,962,21000.0,2,Corporate Event,4,0.0,0.0,100,200,1,2,4,0,0,0,21.806853582554517,16.839464882943144,9,3,2023,3
4129.0,126,4896,13000.0,0,Birthday,4,0.0,0.0,100,200,0,0,4,0,0,1,2.6546865427812945,32.511811023622045,12,4,2022,0
9361.0,252,1608,17000.0,10,Birthday,4,0.0,0.0,100,200,0,1,4,0,0,2,10.565568676196396,37.0,5,2,2022,1
6928.0,203,1417,17000.0,0,Wedding,5,0.0,0.0,100,200,2,0,4,0,0,2,11.988716502115656,33.96078431372549,12,4,2024,0
14277.0,176,3661,21000.0,0,Birthday,3,0.0,0.0,100,200,0,0,4,0,0,2,5.734571272528673,80.66101694915254,3,1,2023,1
2339.0,202,1983,23000.0,2,Birthday,2,0.0,0.0,100,200,0,2,4,0,0,0,11.59274193548387,11.52216748768473,5,2,2025,1
5264.0,298,962,17000.0,10,Corporate Event,3,0.0,0.0,100,200,1,1,4,0,0,1,17.653167185877468,17.60535117056856,5,2,2024,1
2356.0,229,3480,21000.0,7,Corporate Event,2,0.0,0.0,100,200,1,2,4,0,0,0,6.032749209997127,10.243478260869566,5,2,2023,1
8875.0,126,4896,21000.0,10,Birthday,3,0.0,0.0,100,200,0,1,4,0,0,0,4.288339799877476,69.88188976377953,7,3,2023,2
7303.0,239,4101,19000.0,7,Corporate Event,1,0.0,0.0,100,200,1,2,4,0,0,0,4.631886884446612,30.429166666666667,1,1,2022,0
8650.0,203,1417,21000.0,2,Corporate Event,1,0.0,0.0,100,200,1,2,4,0,0,0,14.809590973201692,42.40196078431372,4,2,2022,1
14395.0,252,1608,19000.0,10,Corporate Event,3,0.0,0.0,100,200,1,1,4,0,0,2,11.808576755748913,56.89723320158103,11,4,2023,3
1031.0,155,66,19000.0,0,Corporate Event,1,0.0,0.0,100,200,1,0,4,0,0,2,283.5820895522388,6.608974358974359,12,4,2022,0
12447.0,42,3577,22000.0,7,Corporate Event,5,0.0,0.0,100,200,1,2,4,0,0,0,6.148686416992733,289.4651162790698,5,2,2024,1
3244.0,229,3480,17000.0,2,Wedding,5,0.0,0.0,100,200,2,2,4,0,0,2,4.883654122378627,14.104347826086956,3,1,2024,1
1873.0,249,22215,22000.0,10,Corporate Event,3,0.0,0.0,100,200,1,1,4,0,0,2,0.9902772776377385,7.492,1,1,2024,0
6051.0,155,66,19000.0,7,Birthday,3,0.0,0.0,100,200,0,2,4,0,0,1,283.5820895522388,38.78846153846154,2,1,2024,0
6461.0,249,22215,25000.0,7,Corporate Event,1,0.0,0.0,100,200,1,2,4,0,0,1,1.125315088224703,25.844,11,4,2023,3
6074.0,203,1258,12000.0,10,Wedding,4,0.0,0.0,100,200,2,1,4,0,0,1,9.531374106433677,29.774509803921568,3,1,2025,1
7145.0,176,3661,25000.0,0,Wedding,1,0.0,0.0,100,200,2,0,4,0,0,2,6.826870562534134,40.367231638418076,10,4,2023,3
11196.0,126,4896,25000.0,2,Wedding,5,0.0,0.0,100,200,2,2,4,0,0,2,5.105166428425567,88.15748031496064,9,3,2024,3
4026.0,239,4101,17000.0,10,Birthday,4,0.0,0.0,100,200,0,1,4,0,0,2,4.144319843978547,16.775,6,2,2024,2
1510.0,202,1983,17000.0,2,Corporate Event,5,0.0,0.0,100,200,1,2,4,0,0,2,8.568548387096774,7.438423645320197,1,1,2023,0
11780.0,298,962,23000.0,7,Wedding,4,0.0,0.0,100,200,2,2,4,0,0,1,23.883696780893043,39.39799331103679,3,1,2022,1
14385.0,203,1417,15000.0,0,Wedding,4,0.0,0.0,100,200,2,0,4,0,0,2,10.578279266572638,70.51470588235294,7,3,2022,2
2220.0,239,4101,13000.0,7,Wedding,2,0.0,0.0,100,200,2,2,4,0,0,0,3.1691857630424183,9.25,4,2,2024,1
11486.0,229,3480,24000.0,10,Wedding,1,0.0,0.0,100,200,2,1,4,0,0,2,6.894570525711003,49.93913043478261,1,1,2023,0
3282.0,229,3480,17000.0,7,Wedding,1,0.0,0.0,100,200,2,2,4,0,0,2,4.883654122378627,14.269565217391305,9,3,2022,3
11836.0,202,1983,12000.0,0,Wedding,4,0.0,0.0,100,200,2,0,4,0,0,1,6.048387096774194,58.30541871921182,3,1,2023,1
4924.0,252,1608,22000.0,0,Birthday,1,0.0,0.0,100,200,0,0,4,0,0,1,13.673088875077688,19.462450592885375,4,2,2022,1
11837.0,42,3577,26000.0,2,Birthday,5,0.0,0.0,100,200,0,2,4,0,0,2,7.266629401900503,275.27906976744185,1,1,2023,0
4407.0,203,1258,13000.0,0,Birthday,5,0.0,0.0,100,200,0,0,4,0,0,0,10.325655281969818,21.602941176470587,5,2,2025,1
58500.0,239,4101,26000.0,7,Birthday,2,0.0,0.0,100,200,0,2,4,0,0,0,6.338371526084837,243.75,10,4,2024,3
9523.0,298,962,26000.0,10,Birthday,4,0.0,0.0,100,200,0,1,4,0,0,0,26.99896157840083,31.849498327759196,2,1,2022,0
6694.0,202,1983,20000.0,0,Corporate Event,5,0.0,0.0,100,200,1,0,4,0,0,0,10.080645161290322,32.97536945812808,12,4,2023,0
9521.0,239,4101,22000.0,2,Birthday,5,0.0,0.0,100,200,0,2,4,0,0,0,5.363237445148708,39.670833333333334,10,4,2025,3
7316.0,202,1983,23000.0,0,Corporate Event,5,0.0,0.0,100,200,1,0,4,0,0,2,11.59274193548387,36.039408866995075,6,2,2025,2
13048.0,203,1258,24000.0,7,Birthday,3,0.0,0.0,100,200,0,2,4,0,0,2,19.062748212867355,63.96078431372549,3,1,2023,1
10816.0,249,22215,23000.0,7,Corporate Event,1,0.0,0.0,100,200,1,2,4,0,0,0,1.0352898811667266,43.264,5,2,2023,1
7138.0,229,3480,25000.0,10,Wedding,5,0.0,0.0,100,200,2,1,4,0,0,1,7.181844297615628,31.034782608695654,10,4,2025,3
13581.0,239,4101,12000.0,2,Wedding,2,0.0,0.0,100,200,2,2,4,0,0,2,2.9254022428083863,56.5875,4,2,2022,1
4551.0,298,962,22000.0,10,Corporate Event,1,0.0,0.0,100,200,1,1,4,0,0,1,22.84527518172378,15.220735785953178,3,1,2024,1
7078.0,42,3577,12000.0,2,Corporate Event,1,0.0,0.0,100,200,1,2,4,0,0,1,3.3538289547233093,164.6046511627907,2,1,2024,0
339.0,229,3480,24000.0,7,Corporate Event,1,0.0,0.0,100,200,1,2,4,0,0,0,6.894570525711003,1.4739130434782608,5,2,2023,1
4469.0,203,1258,21000.0,10,Corporate Event,5,0.0,0.0,100,200,1,1,4,0,0,0,16.679904686258936,21.90686274509804,11,4,2024,3
8076.0,176,3661,15000.0,2,Corporate Event,5,0.0,0.0,100,200,1,2,4,0,0,2,4.09612233752048,45.6271186440678,12,4,2023,0
1564.0,42,3577,23000.0,10,Wedding,1,0.0,0.0,100,200,2,1,4,0,0,1,6.428172163219676,36.372093023255815,7,3,2025,2
4300.0,203,1417,13000.0,0,Wedding,1,0.0,0.0,100,200,2,0,4,0,0,0,9.16784203102962,21.07843137254902,2,1,2025,0
6330.0,202,1983,15000.0,7,Corporate Event,1,0.0,0.0,100,200,1,2,4,0,0,1,7.560483870967742,31.182266009852217,6,2,2025,2
12325.0,252,1608,13000.0,0,Birthday,2,0.0,0.0,100,200,0,0,4,0,0,0,8.079552517091361,48.715415019762844,5,2,2025,1
1864.0,249,22215,22000.0,2,Wedding,4,0.0,0.0,100,200,2,2,4,0,0,1,0.9902772776377385,7.456,3,1,2022,1
2981.0,203,1417,20000.0,0,Birthday,5,0.0,0.0,100,200,0,0,4,0,0,1,14.104372355430183,14.612745098039216,6,2,2023,2
14350.0,229,3480,22000.0,2,Birthday,3,0.0,0.0,100,200,0,2,4,0,0,1,6.320022981901753,62.391304347826086,5,2,2025,1
10244.0,42,3577,15000.0,7,Wedding,5,0.0,0.0,100,200,2,2,4,0,0,0,4.192286193404136,238.2325581395349,6,2,2023,2
5975.0,239,4101,17000.0,10,Birthday,5,0.0,0.0,100,200,0,1,4,0,0,0,4.144319843978547,24.895833333333332,12,4,2022,0
9821.0,229,3480,23000.0,0,Wedding,2,0.0,0.0,100,200,2,0,4,0,0,2,6.607296753806377,42.7,1,1,2023,0
711.0,239,4101,21000.0,7,Corporate Event,2,0.0,0.0,100,200,1,2,4,0,0,1,5.1194539249146755,2.9625,8,3,2022,2
2639.0,229,3480,24000.0,10,Wedding,5,0.0,0.0,100,200,2,1,4,0,0,2,6.894570525711003,11.47391304347826,5,2,2022,1
11196.0,229,3480,17000.0,2,Wedding,2,0.0,0.0,100,200,2,2,4,0,0,1,4.883654122378627,48.678260869565214,10,4,2024,3
10126.0,155,66,17000.0,7,Corporate Event,4,0.0,0.0,100,200,1,2,4,0,0,0,253.73134328358208,64.91025641025641,4,2,2025,1
10631.0,202,1983,21000.0,0,Corporate Event,2,0.0,0.0,100,200,1,0,4,0,0,0,10.584677419354838,52.36945812807882,9,3,2025,3
8879.0,126,4896,23000.0,2,Wedding,1,0.0,0.0,100,200,2,2,4,0,0,2,4.696753114151521,69.91338582677166,1,1,2022,0
12011.0,176,3661,26000.0,0,Wedding,4,0.0,0.0,100,200,2,0,4,0,0,2,7.099945385035499,67.85875706214689,5,2,2022,1
5162.0,203,1417,15000.0,10,Corporate Event,4,0.0,0.0,100,200,1,1,4,0,0,1,10.578279266572638,25.30392156862745,7,3,2023,2
12811.0,176,3661,15000.0,0,Wedding,3,0.0,0.0,100,200,2,0,4,0,0,2,4.09612233752048,72.37853107344633,8,3,2025,2
1218.0,249,22215,20000.0,7,Wedding,1,0.0,0.0,100,200,2,2,4,0,0,1,0.9002520705797623,4.872,7,3,2023,2
12744.0,155,66,13000.0,10,Birthday,4,0.0,0.0,100,200,0,1,4,0,0,0,194.02985074626866,81.6923076923077,8,3,2023,2
3558.0,203,1417,17000.0,7,Birthday,5,0.0,0.0,100,200,0,2,4,0,0,2,11.988716502115656,17.441176470588236,4,2,2023,1
147590.0,203,1417,17000.0,0,Wedding,5,0.0,0.0,100,200,2,0,4,0,0,2,11.988716502115656,723.4803921568628,3,1,2025,1
1568.0,239,4101,20000.0,7,Wedding,2,0.0,0.0,100,200,2,2,4,0,0,1,4.875670404680643,6.533333333333333,10,4,2024,3
12516.0,203,1417,25000.0,10,Birthday,3,0.0,0.0,100,200,0,1,4,0,0,1,17.63046544428773,61.35294117647059,11,4,2023,3
13830.0,203,1258,22000.0,7,Corporate Event,2,0.0,0.0,100,200,1,2,4,0,0,0,17.474185861795075,67.79411764705883,1,1,2023,0
8277.0,42,3577,24000.0,7,Birthday,2,0.0,0.0,100,200,0,2,4,0,0,0,6.707657909446619,192.48837209302326,8,3,2025,2
11491.0,249,22215,13000.0,7,Birthday,5,0.0,0.0,100,200,0,2,4,0,0,0,0.5851638458768456,45.964,8,3,2023,2
7418.0,229,3480,26000.0,10,Wedding,1,0.0,0.0,100,200,2,1,4,0,0,1,7.469118069520253,32.25217391304348,10,4,2023,3
147990.0,252,1608,24000.0,10,Birthday,1,0.0,0.0,100,200,0,1,4,0,0,0,14.916096954630206,584.9407114624506,7,3,2025,2
1513.0,202,1983,20000.0,0,Wedding,3,0.0,0.0,100,200,2,0,4,0,0,1,10.080645161290322,7.45320197044335,5,2,2022,1
4117.0,202,1983,25000.0,0,Corporate Event,3,0.0,0.0,100,200,1,0,4,0,0,0,12.600806451612904,20.2807881773399,1,1,2023,0
6708.0,155,66,21000.0,10,Birthday,1,0.0,0.0,100,200,0,1,4,0,0,0,313.43283582089555,43.0,2,1,2024,0
11960.0,229,3480,26000.0,10,Wedding,2,0.0,0.0,100,200,2,1,4,0,0,0,7.469118069520253,52.0,10,4,2023,3
8759.0,126,4896,12000.0,0,Wedding,5,0.0,0.0,100,200,2,0,4,0,0,2,2.450479885644272,68.96850393700787,7,3,2022,2
2641.0,249,22215,26000.0,0,Corporate Event,2,0.0,0.0,100,200,1,0,4,0,0,0,1.1703276917536911,10.564,7,3,2023,2
6785.0,252,1608,21000.0,10,Wedding,5,0.0,0.0,100,200,2,1,4,0,0,2,13.05158483530143,26.818181818181817,5,2,2024,1
4732.0,202,1983,15000.0,0,Birthday,3,0.0,0.0,100,200,0,0,4,0,0,1,7.560483870967742,23.310344827586206,5,2,2024,1
9794.0,203,1258,19000.0,0,Corporate Event,4,0.0,0.0,100,200,1,0,4,0,0,2,15.091342335186656,48.009803921568626,3,1,2022,1
11017.0,203,1258,12000.0,0,Wedding,1,0.0,0.0,100,200,2,0,4,0,0,1,9.531374106433677,54.004901960784316,11,4,2023,3
10587.0,176,3661,22000.0,7,Birthday,3,0.0,0.0,100,200,0,2,4,0,0,1,6.007646095030038,59.813559322033896,11,4,2025,3
5088.0,155,66,20000.0,2,Corporate Event,3,0.0,0.0,300,500,1,2,2,0,1,0,298.5074626865672,32.61538461538461,8,3,2023,2
2227.0,42,3577,22000.0,6,Corporate Event,2,0.0,0.0,300,500,1,1,2,0,1,2,6.148686416992733,51.7906976744186,11,4,2024,3
4013.0,229,3480,24000.0,6,Corporate Event,4,0.0,0.0,300,500,1,1,2,0,1,2,6.894570525711003,17.44782608695652,6,2,2024,2
12929.0,202,1983,17000.0,6,Corporate Event,3,0.0,0.0,300,500,1,1,2,0,1,2,8.568548387096774,63.689655172413794,5,2,2025,1
7509.0,249,22215,17000.0,6,Corporate Event,1,0.0,0.0,300,500,1,1,2,0,1,0,0.765214259992798,30.036,1,1,2023,0
13557.0,229,3480,23000.0,4,Corporate Event,3,0.0,0.0,300,500,1,0,2,0,1,1,6.607296753806377,58.94347826086957,1,1,2025,0
13845.0,203,1258,22000.0,2,Wedding,2,0.0,0.0,300,500,2,2,2,0,1,1,17.474185861795075,67.86764705882354,6,2,2025,2
10135.0,42,3577,17000.0,4,Birthday,2,0.0,0.0,300,500,0,0,2,0,1,2,4.751257685858021,235.69767441860466,4,2,2024,1
3390.0,203,1417,22000.0,4,Corporate Event,1,0.0,0.0,300,500,1,0,2,0,1,2,15.514809590973202,16.61764705882353,5,2,2025,1
8090.0,203,1417,15000.0,6,Birthday,3,0.0,0.0,300,500,0,1,2,0,1,2,10.578279266572638,39.65686274509804,6,2,2022,2
3311.0,252,1608,25000.0,4,Corporate Event,1,0.0,0.0,300,500,1,0,2,0,1,1,15.537600994406464,13.08695652173913,10,4,2023,3
1053.0,249,22215,12000.0,8,Wedding,5,0.0,0.0,300,500,2,2,2,0,1,0,0.5401512423478574,4.212,3,1,2025,1
5635.0,203,1417,15000.0,6,Corporate Event,4,0.0,0.0,300,500,1,1,2,0,1,1,10.578279266572638,27.622549019607842,3,1,2023,1
6440.0,229,3480,22000.0,6,Birthday,3,0.0,0.0,300,500,0,1,2,0,1,2,6.320022981901753,28.0,3,1,2022,1
9854.0,203,1417,15000.0,2,Wedding,5,0.0,0.0,300,500,2,2,2,0,1,0,10.578279266572638,48.30392156862745,3,1,2023,1
8837.0,229,3480,26000.0,4,Wedding,5,0.0,0.0,300,500,2,0,2,0,1,2,7.469118069520253,38.42173913043478,1,1,2025,0
4737.0,203,1258,24000.0,6,Wedding,1,0.0,0.0,300,500,2,1,2,0,1,2,19.062748212867355,23.220588235294116,12,4,2022,0
1366.0,202,1983,19000.0,6,Corporate Event,1,0.0,0.0,300,500,1,1,2,0,1,0,9.576612903225806,6.729064039408867,10,4,2025,3
360.0,252,1608,24000.0,6,Wedding,3,0.0,0.0,300,500,2,1,2,0,1,1,14.916096954630206,1.4229249011857708,11,4,2022,3
12889.0,176,3661,12000.0,6,Wedding,2,0.0,0.0,300,500,2,1,2,0,1,0,3.2768978700163847,72.81920903954803,10,4,2023,3
1393.0,176,3661,15000.0,8,Birthday,2,0.0,0.0,300,500,0,2,2,0,1,1,4.09612233752048,7.870056497175141,11,4,2024,3
2278.0,203,1258,20000.0,2,Wedding,2,0.0,0.0,300,500,2,2,2,0,1,2,15.885623510722796,11.166666666666666,9,3,2022,3
10140.0,42,3577,22000.0,8,Birthday,1,0.0,0.0,300,500,0,2,2,0,1,2,6.148686416992733,235.8139534883721,6,2,2024,2
9081.0,239,4101,15000.0,2,Birthday,3,0.0,0.0,300,500,0,2,2,0,1,2,3.6567528035104826,37.8375,3,1,2022,1
12871.0,176,3661,15000.0,4,Corporate Event,3,0.0,0.0,300,500,1,0,2,0,1,2,4.09612233752048,72.71751412429379,5,2,2025,1
5801.0,155,66,15000.0,6,Corporate Event,5,0.0,0.0,300,500,1,1,2,0,1,1,223.88059701492537,37.18589743589744,5,2,2024,1
1120.0,203,1417,21000.0,8,Wedding,2,0.0,0.0,300,500,2,2,2,0,1,1,14.809590973201692,5.490196078431373,6,2,2023,2
7579.0,42,3577,22000.0,6,Birthday,5,0.0,0.0,300,500,0,1,2,0,1,2,6.148686416992733,176.25581395348837,5,2,2023,1
6647.0,252,1608,13000.0,6,Corporate Event,3,0.0,0.0,300,500,1,1,2,0,1,0,8.079552517091361,26.272727272727273,5,2,2023,1
1245.0,249,22215,24000.0,4,Birthday,2,0.0,0.0,300,500,0,0,2,0,1,0,1.0803024846957148,4.98,7,3,2025,2
8459.0,203,1417,21000.0,2,Birthday,5,0.0,0.0,300,500,0,2,2,0,1,1,14.809590973201692,41.46568627450981,10,4,2023,3
10256.0,42,3577,22000.0,6,Birthday,4,0.0,0.0,300,500,0,1,2,0,1,2,6.148686416992733,238.51162790697674,1,1,2025,0
5028.0,202,1983,17000.0,6,Corporate Event,4,0.0,0.0,300,500,1,1,2,0,1,1,8.568548387096774,24.76847290640394,9,3,2024,3
7262.0,239,4101,25000.0,2,Birthday,1,0.0,0.0,300,500,0,2,2,0,1,0,6.094588005850804,30.258333333333333,7,3,2025,2
10363.0,203,1258,17000.0,2,Birthday,3,0.0,0.0,300,500,0,2,2,0,1,2,13.502779984114376,50.799019607843135,3,1,2025,1
11008.0,229,3480,25000.0,8,Corporate Event,2,0.0,0.0,300,500,1,2,2,0,1,1,7.181844297615628,47.86086956521739,7,3,2025,2
837.0,176,3661,25000.0,2,Wedding,2,0.0,0.0,300,500,2,2,2,0,1,1,6.826870562534134,4.728813559322034,6,2,2023,2
11937.0,155,66,26000.0,8,Birthday,2,0.0,0.0,300,500,0,2,2,0,1,2,388.05970149253733,76.51923076923077,2,1,2022,0
992.0,203,1417,24000.0,6,Wedding,1,0.0,0.0,300,500,2,1,2,0,1,0,16.92524682651622,4.862745098039215,8,3,2025,2
3839.0,155,66,26000.0,2,Birthday,1,0.0,0.0,300,500,0,2,2,0,1,1,388.05970149253733,24.608974358974358,2,1,2022,0
14869.0,203,1258,19000.0,6,Birthday,3,0.0,0.0,300,500,0,1,2,0,1,0,15.091342335186656,72.88725490196079,8,3,2023,2
7506.0,203,1417,17000.0,4,Wedding,1,0.0,0.0,300,500,2,0,2,0,1,2,11.988716502115656,36.794117647058826,8,3,2024,2
13788.0,42,3577,24000.0,6,Wedding,5,0.0,0.0,300,500,2,1,2,0,1,0,6.707657909446619,320.6511627906977,2,1,2024,0
9087.0,176,3661,15000.0,8,Birthday,5,0.0,0.0,300,500,0,2,2,0,1,1,4.09612233752048,51.33898305084746,9,3,2025,3
9080.0,203,1258,15000.0,2,Wedding,5,0.0,0.0,300,500,2,2,2,0,1,2,11.914217633042098,44.509803921568626,4,2,2024,1
6256.0,229,3480,26000.0,8,Birthday,4,0.0,0.0,300,500,0,2,2,0,1,0,7.469118069520253,27.2,2,1,2023,0
5243.0,126,4896,12000.0,2,Birthday,4,0.0,0.0,300,500,0,2,2,0,1,1,2.450479885644272,41.28346456692913,3,1,2024,1
19670.0,155,66,19000.0,6,Corporate Event,4,0.0,0.0,300,500,1,1,2,0,1,0,283.5820895522388,126.08974358974359,8,3,2022,2
8312.0,203,1258,24000.0,4,Birthday,4,0.0,0.0,300,500,0,0,2,0,1,2,19.062748212867355,40.745098039215684,3,1,2025,1
3348.0,203,1258,12000.0,4,Corporate Event,2,0.0,0.0,300,500,1,0,2,0,1,0,9.531374106433677,16.41176470588235,12,4,2023,0
8444.0,203,1417,22000.0,6,Wedding,4,0.0,0.0,300,500,2,1,2,0,1,1,15.514809590973202,41.3921568627451,8,3,2025,2
3968.0,252,1608,19000.0,4,Corporate Event,3,0.0,0.0,300,500,1,0,2,0,1,1,11.808576755748913,15.683794466403162,6,2,2024,2
9765.0,126,4896,26000.0,8,Corporate Event,4,0.0,0.0,300,500,1,2,2,0,1,2,5.309373085562589,76.88976377952756,2,1,2025,0
2383.0,155,66,12000.0,2,Wedding,4,0.0,0.0,300,500,2,2,2,0,1,0,179.1044776119403,15.275641025641026,1,1,2022,0
11270.0,176,3661,23000.0,4,Birthday,5,0.0,0.0,300,500,0,0,2,0,1,0,6.280720917531403,63.67231638418079,12,4,2024,0
4464.0,203,1258,15000.0,4,Wedding,1,0.0,0.0,300,500,2,0,2,0,1,1,11.914217633042098,21.88235294117647,6,2,2022,2
12367.0,155,66,19000.0,2,Corporate Event,2,0.0,0.0,300,500,1,2,2,0,1,0,283.5820895522388,79.27564102564102,1,1,2022,0
2760.0,229,3480,24000.0,2,Corporate Event,1,0.0,0.0,300,500,1,2,2,0,1,0,6.894570525711003,12.0,10,4,2025,3
28410.0,252,1608,15000.0,2,Corporate Event,3,0.0,0.0,300,500,1,2,2,0,1,2,9.322560596643878,112.29249011857708,6,2,2024,2
10545.0,176,3661,12000.0,8,Wedding,3,0.0,0.0,300,500,2,2,2,0,1,0,3.2768978700163847,59.57627118644068,1,1,2023,0
7542.0,176,3661,24000.0,8,Birthday,5,0.0,0.0,300,500,0,2,2,0,1,1,6.553795740032769,42.610169491525426,3,1,2024,1
5398.0,229,3480,15000.0,2,Wedding,4,0.0,0.0,300,500,2,2,2,0,1,0,4.309106578569376,23.469565217391306,1,1,2022,0
10914.0,203,1258,12000.0,8,Birthday,2,0.0,0.0,300,500,0,2,2,0,1,2,9.531374106433677,53.5,9,3,2024,3
7078.0,176,3661,13000.0,6,Wedding,4,0.0,0.0,300,500,2,1,2,0,1,0,3.5499726925177497,39.98870056497175,10,4,2024,3
11032.0,126,4896,17000.0,6,Corporate Event,3,0.0,0.0,300,500,1,1,2,0,1,1,3.471513171329385,86.86614173228347,2,1,2024,0
9450.0,176,3661,13000.0,6,Birthday,2,0.0,0.0,300,500,0,1,2,0,1,1,3.5499726925177497,53.389830508474574,11,4,2024,3
9017.0,229,3480,21000.0,6,Wedding,3,0.0,0.0,300,500,2,1,2,0,1,2,6.032749209997127,39.20434782608696,7,3,2022,2
674.0,203,1417,21000.0,8,Corporate Event,5,0.0,0.0,300,500,1,2,2,0,1,2,14.809590973201692,3.303921568627451,10,4,2023,3
13719.0,126,4896,12000.0,2,Corporate Event,5,0.0,0.0,300,500,1,2,2,0,1,2,2.450479885644272,108.02362204724409,12,4,2024,0
9556.0,249,22215,21000.0,8,Wedding,2,0.0,0.0,300,500,2,2,2,0,1,0,0.9452646741087505,38.224,5,2,2023,1
8538.0,249,22215,19000.0,8,Corporate Event,3,0.0,0.0,300,500,1,2,2,0,1,1,0.8552394670507742,34.152,10,4,2024,3
3422.0,202,1983,23000.0,6,Corporate Event,4,0.0,0.0,300,500,1,1,2,0,1,1,11.59274193548387,16.857142857142858,10,4,2022,3
6573.0,203,1258,24000.0,4,Wedding,1,0.0,0.0,300,500,2,0,2,0,1,1,19.062748212867355,32.220588235294116,9,3,2022,3
12264.0,252,1608,21000.0,8,Corporate Event,3,0.0,0.0,300,500,1,2,2,0,1,2,13.05158483530143,48.47430830039526,1,1,2024,0
10158.0,249,22215,25000.0,4,Birthday,3,0.0,0.0,300,500,0,0,2,0,1,0,1.125315088224703,40.632,11,4,2022,3
13781.0,155,66,13000.0,4,Wedding,3,0.0,0.0,300,500,2,0,2,0,1,1,194.02985074626866,88.33974358974359,9,3,2024,3
7567.0,42,3577,25000.0,6,Birthday,4,0.0,0.0,300,500,0,1,2,0,1,2,6.98714365567356,175.97674418604652,5,2,2024,1
3783.0,126,4896,22000.0,4,Corporate Event,3,0.0,0.0,300,500,1,0,2,0,1,0,4.492546457014499,29.787401574803148,2,1,2023,0
13254.0,229,3480,26000.0,6,Birthday,1,0.0,0.0,300,500,0,1,2,0,1,1,7.469118069520253,57.62608695652174,4,2,2024,1
1873.0,203,1417,24000.0,4,Wedding,3,0.0,0.0,300,500,2,0,2,0,1,2,16.92524682651622,9.181372549019608,2,1,2022,0
10788.0,229,3480,12000.0,6,Birthday,4,0.0,0.0,300,500,0,1,2,0,1,1,3.4472852628555013,46.904347826086955,2,1,2025,0
7010.0,176,3661,21000.0,6,Corporate Event,1,0.0,0.0,300,500,1,1,2,0,1,2,5.734571272528673,39.6045197740113,5,2,2024,1
5802.0,126,4896,21000.0,6,Birthday,2,0.0,0.0,300,500,0,1,2,0,1,0,4.288339799877476,45.68503937007874,4,2,2024,1
3283.0,203,1417,19000.0,4,Corporate Event,2,0.0,0.0,300,500,1,0,2,0,1,0,13.399153737658674,16.09313725490196,7,3,2025,2
13874.0,298,962,19000.0,2,Birthday,2,0.0,0.0,300,500,0,2,2,0,1,0,19.73001038421599,46.40133779264214,4,2,2024,1
8554.0,202,1983,23000.0,2,Corporate Event,5,0.0,0.0,300,500,1,2,2,0,1,1,11.59274193548387,42.13793103448276,12,4,2025,0
5809.0,252,1608,19000.0,8,Birthday,4,0.0,0.0,300,500,0,2,2,0,1,0,11.808576755748913,22.960474308300395,11,4,2025,3
13069.0,202,1983,19000.0,6,Birthday,2,0.0,0.0,300,500,0,1,2,0,1,1,9.576612903225806,64.37931034482759,6,2,2022,2
8440.0,252,1608,22000.0,8,Corporate Event,3,0.0,0.0,300,500,1,2,2,0,1,2,13.673088875077688,33.359683794466406,8,3,2022,2
10568.0,298,962,21000.0,8,Wedding,4,0.0,0.0,300,500,2,2,2,0,1,0,21.806853582554517,35.34448160535117,1,1,2023,0
13365.0,203,1417,24000.0,6,Wedding,1,0.0,0.0,300,500,2,1,2,0,1,0,16.92524682651622,65.51470588235294,10,4,2023,3
13144.0,202,1983,15000.0,2,Birthday,2,0.0,0.0,300,500,0,2,2,0,1,2,7.560483870967742,64.7487684729064,3,1,2024,1
2428.0,42,3577,15000.0,2,Wedding,2,0.0,0.0,300,500,2,2,2,0,1,0,4.192286193404136,56.46511627906977,2,1,2023,0
1568.0,298,962,25000.0,2,Corporate Event,2,0.0,0.0,300,500,1,2,2,0,1,2,25.96053997923157,5.2441471571906355,9,3,2025,3
2529.0,202,1983,23000.0,2,Birthday,5,0.0,0.0,300,500,0,2,2,0,1,0,11.59274193548387,12.458128078817735,11,4,2025,3
1195.0,229,3480,25000.0,4,Corporate Event,3,0.0,0.0,300,500,1,0,2,0,1,1,7.181844297615628,5.195652173913044,1,1,2025,0
568.0,42,3577,17000.0,4,Birthday,3,0.0,0.0,300,500,0,0,2,0,1,0,4.751257685858021,13.209302325581396,4,2,2024,1
676.0,203,1258,21000.0,4,Wedding,1,0.0,0.0,300,500,2,0,2,0,1,2,16.679904686258936,3.3137254901960786,7,3,2024,2
2325.0,249,22215,12000.0,8,Corporate Event,1,0.0,0.0,300,500,1,2,2,0,1,2,0.5401512423478574,9.3,6,2,2025,2
6003.0,239,4101,13000.0,2,Corporate Event,4,0.0,0.0,300,500,1,2,2,0,1,0,3.1691857630424183,25.0125,1,1,2023,0
14937.0,155,66,23000.0,6,Wedding,3,0.0,0.0,300,500,2,1,2,0,1,1,343.2835820895522,95.75,8,3,2022,2
5712.0,155,66,22000.0,8,Wedding,1,0.0,0.0,300,500,2,2,2,0,1,0,328.35820895522386,36.61538461538461,11,4,2022,3
12639.0,176,3661,22000.0,6,Birthday,2,0.0,0.0,300,500,0,1,2,0,1,0,6.007646095030038,71.40677966101696,9,3,2025,3
14653.0,203,1417,25000.0,6,Corporate Event,1,0.0,0.0,300,500,1,1,2,0,1,2,17.63046544428773,71.82843137254902,12,4,2024,0
14060.0,203,1258,22000.0,6,Corporate Event,3,0.0,0.0,300,500,1,1,2,0,1,1,17.474185861795075,68.92156862745098,10,4,2025,3
1306.0,239,4101,17000.0,4,Birthday,2,0.0,0.0,300,500,0,0,2,0,1,1,4.144319843978547,5.441666666666666,1,1,2022,0
13651.0,126,4896,13000.0,2,Birthday,3,0.0,0.0,300,500,0,2,2,0,1,0,2.6546865427812945,107.48818897637796,10,4,2022,3
2380.0,252,1608,12000.0,8,Wedding,3,0.0,0.0,300,500,2,2,2,0,1,1,7.458048477315103,9.40711462450593,2,1,2025,0
10171.0,298,962,26000.0,6,Wedding,4,0.0,0.0,300,500,2,1,2,0,1,1,26.99896157840083,34.01672240802676,12,4,2023,0
7962.0,239,4101,15000.0,6,Corporate Event,4,0.0,0.0,300,500,1,1,2,0,1,2,3.6567528035104826,33.175,8,3,2025,2
9942.0,252,1608,26000.0,6,Wedding,2,0.0,0.0,300,500,2,1,2,0,1,0,16.159105034182723,39.29644268774704,9,3,2023,3
9424.0,239,4101,19000.0,8,Wedding,2,0.0,0.0,300,500,2,2,2,0,1,2,4.631886884446612,39.266666666666666,10,4,2024,3
7858.0,249,22215,20000.0,2,Corporate Event,4,0.0,0.0,300,500,1,2,2,0,1,1,0.9002520705797623,31.432,1,1,2023,0
12978.0,155,66,22000.0,6,Wedding,1,0.0,0.0,300,500,2,1,2,0,1,0,328.35820895522386,83.1923076923077,3,1,2024,1
4578.0,203,1258,22000.0,8,Wedding,5,0.0,0.0,300,500,2,2,2,0,1,1,17.474185861795075,22.441176470588236,1,1,2023,0
5118.0,203,1258,23000.0,8,Wedding,4,0.0,0.0,300,500,2,2,2,0,1,0,18.268467037331217,25.08823529411765,2,1,2025,0
11884.0,42,3577,17000.0,4,Birthday,1,0.0,0.0,300,500,0,0,2,0,1,1,4.751257685858021,276.3720930232558,12,4,2023,0
1839.0,203,1417,22000.0,6,Wedding,4,0.0,0.0,300,500,2,1,2,0,1,2,15.514809590973202,9.014705882352942,3,1,2022,1
9930.0,298,962,22000.0,6,Corporate Event,5,0.0,0.0,300,500,1,1,2,0,1,1,22.84527518172378,33.21070234113712,4,2,2023,1
13788.0,126,4896,25000.0,8,Corporate Event,5,0.0,0.0,300,500,1,2,2,0,1,1,5.105166428425567,108.56692913385827,6,2,2023,2
12204.0,202,1983,12000.0,4,Birthday,1,0.0,0.0,300,500,0,0,2,0,1,2,6.048387096774194,60.118226600985224,11,4,2024,3
8598.0,229,3480,19000.0,4,Wedding,1,0.0,0.0,300,500,2,0,2,0,1,0,5.458201666187877,37.38260869565217,4,2,2023,1
8053.0,155,66,26000.0,2,Wedding,4,0.0,0.0,300,500,2,2,2,0,1,0,388.05970149253733,51.62179487179487,9,3,2023,3
9994.0,249,22215,23000.0,4,Corporate Event,5,0.0,0.0,300,500,1,0,2,0,1,0,1.0352898811667266,39.976,1,1,2023,0
7165.0,202,1983,21000.0,8,Wedding,3,0.0,0.0,300,500,2,2,2,0,1,1,10.584677419354838,35.29556650246305,7,3,2025,2
10482.0,155,66,26000.0,6,Birthday,4,0.0,0.0,300,500,0,1,2,0,1,1,388.05970149253733,67.1923076923077,1,1,2022,0
4391.0,249,22215,22000.0,4,Birthday,4,0.0,0.0,300,500,0,0,2,0,1,0,0.9902772776377385,17.564,1,1,2022,0
3598.0,239,4101,19000.0,6,Birthday,5,0.0,0.0,300,500,0,1,2,0,1,1,4.631886884446612,14.991666666666667,5,2,2024,1
1010.0,203,1417,13000.0,4,Corporate Event,3,0.0,0.0,300,500,1,0,2,0,1,0,9.16784203102962,4.950980392156863,4,2,2022,1
612.0,229,3480,20000.0,6,Birthday,4,0.0,0.0,300,500,0,1,2,0,1,0,5.745475438092502,2.6608695652173915,1,1,2024,0
7887.0,155,66,22000.0,6,Birthday,3,0.0,0.0,300,500,0,1,2,0,1,0,328.35820895522386,50.55769230769231,7,3,2022,2
846.0,203,1417,24000.0,2,Birthday,5,0.0,0.0,300,500,0,2,2,0,1,1,16.92524682651622,4.147058823529412,6,2,2025,2
94400.0,176,3661,22000.0,8,Corporate Event,5,0.0,0.0,300,500,1,2,2,0,1,1,6.007646095030038,533.3333333333334,6,2,2025,2
10142.0,298,962,24000.0,2,Wedding,1,0.0,0.0,300,500,2,2,2,0,1,0,24.922118380062305,33.919732441471574,4,2,2025,1
13508.0,252,1608,24000.0,4,Birthday,1,0.0,0.0,300,500,0,0,2,0,1,2,14.916096954630206,53.391304347826086,4,2,2022,1
11573.0,126,4896,25000.0,4,Wedding,5,0.0,0.0,300,500,2,0,2,0,1,2,5.105166428425567,91.1259842519685,4,2,2022,1
14869.0,126,4896,12000.0,2,Birthday,1,0.0,0.0,300,500,0,2,2,0,1,0,2.450479885644272,117.07874015748031,3,1,2025,1
6279.0,155,66,24000.0,4,Birthday,4,0.0,0.0,300,500,0,0,2,0,1,1,358.2089552238806,40.25,5,2,2025,1
13537.0,176,3661,20000.0,4,Wedding,2,0.0,0.0,300,500,2,0,2,0,1,1,5.461496450027307,76.48022598870057,1,1,2025,0
3246.0,203,1417,22000.0,2,Birthday,1,0.0,0.0,300,500,0,2,2,0,1,0,15.514809590973202,15.911764705882353,6,2,2023,2
82670.0,155,66,13000.0,4,Wedding,3,0.0,0.0,300,500,2,0,2,0,1,2,194.02985074626866,529.9358974358975,4,2,2023,1
2518.0,203,1417,22000.0,6,Corporate Event,4,0.0,0.0,300,500,1,1,2,0,1,0,15.514809590973202,12.343137254901961,7,3,2023,2
8784.0,249,22215,23000.0,2,Corporate Event,1,0.0,0.0,300,500,1,2,2,0,1,2,1.0352898811667266,35.136,4,2,2024,1
11371.0,229,3480,23000.0,8,Corporate Event,4,0.0,0.0,300,500,1,2,2,0,1,1,6.607296753806377,49.43913043478261,9,3,2023,3
597.0,126,4896,21000.0,2,Wedding,5,0.0,0.0,300,500,2,2,2,0,1,2,4.288339799877476,4.700787401574803,4,2,2023,1
547.0,229,3480,22000.0,6,Corporate Event,4,0.0,0.0,300,500,1,1,2,0,1,2,6.320022981901753,2.378260869565217,10,4,2024,3
4814.0,126,4896,12000.0,6,Birthday,2,0.0,0.0,300,500,0,1,2,0,1,2,2.450479885644272,37.90551181102362,4,2,2024,1
13379.0,203,1258,13000.0,2,Birthday,5,0.0,0.0,300,500,0,2,2,0,1,2,10.325655281969818,65.58333333333333,1,1,2025,0
98740.0,155,66,15000.0,6,Corporate Event,5,0.0,0.0,300,500,1,1,2,0,1,0,223.88059701492537,632.9487179487179,6,2,2024,2
1995.0,229,3480,20000.0,6,Wedding,2,0.0,0.0,300,500,2,1,2,0,1,2,5.745475438092502,8.673913043478262,10,4,2025,3
2935.0,155,66,22000.0,6,Birthday,2,0.0,0.0,300,500,0,1,2,0,1,0,328.35820895522386,18.814102564102566,6,2,2024,2
11920.0,155,66,13000.0,8,Birthday,3,0.0,0.0,300,500,0,2,2,0,1,0,194.02985074626866,76.41025641025641,5,2,2024,1
5162.0,202,1983,17000.0,6,Corporate Event,5,0.0,0.0,300,500,1,1,2,0,1,1,8.568548387096774,25.428571428571427,11,4,2023,3
3306.0,126,4896,21000.0,6,Birthday,4,0.0,0.0,300,500,0,1,2,0,1,2,4.288339799877476,26.031496062992126,11,4,2025,3
6556.0,249,22215,21000.0,6,Birthday,4,0.0,0.0,300,500,0,1,2,0,1,0,0.9452646741087505,26.224,9,3,2025,3
11054.0,203,1258,12000.0,8,Birthday,1,0.0,0.0,300,500,0,2,2,0,1,0,9.531374106433677,54.18627450980392,6,2,2022,2
9497.0,176,3661,21000.0,8,Birthday,5,0.0,0.0,300,500,0,2,2,0,1,0,5.734571272528673,53.655367231638415,5,2,2023,1
13658.0,203,1258,21000.0,6,Wedding,3,0.0,0.0,300,500,2,1,2,0,1,0,16.679904686258936,66.95098039215686,8,3,2023,2
1628.0,229,3480,17000.0,2,Wedding,5,0.0,0.0,300,500,2,2,2,0,1,0,4.883654122378627,7.078260869565217,9,3,2023,3
684.0,203,1258,25000.0,6,Wedding,4,0.0,0.0,300,500,2,1,2,0,1,1,19.857029388403493,3.3529411764705883,11,4,2025,3
1317.0,126,4896,23000.0,2,Corporate Event,3,0.0,0.0,300,500,1,2,2,0,1,0,4.696753114151521,10.37007874015748,12,4,2022,0
10177.0,42,3577,21000.0,6,Corporate Event,2,0.0,0.0,300,500,1,1,2,0,1,1,5.869200670765791,236.67441860465115,1,1,2024,0
7921.0,249,22215,21000.0,4,Wedding,5,0.0,0.0,300,500,2,0,2,0,1,2,0.9452646741087505,31.684,3,1,2023,1
13573.0,126,4896,17000.0,6,Birthday,4,0.0,0.0,300,500,0,1,2,0,1,0,3.471513171329385,106.8740157480315,9,3,2025,3
12873.0,126,4896,22000.0,2,Corporate Event,5,0.0,0.0,300,500,1,2,2,0,1,1,4.492546457014499,101.36220472440945,3,1,2023,1
13715.0,249,22215,15000.0,2,Corporate Event,3,0.0,0.0,300,500,1,2,2,0,1,0,0.6751890529348218,54.86,4,2,2024,1
13089.0,202,1983,13000.0,8,Birthday,4,0.0,0.0,300,500,0,2,2,0,1,0,6.55241935483871,64.47783251231527,6,2,2025,2
10279.0,126,4896,23000.0,8,Birthday,3,0.0,0.0,300,500,0,2,2,0,1,0,4.696753114151521,80.93700787401575,12,4,2022,0
10731.0,155,66,20000.0,8,Birthday,3,0.0,0.0,300,500,0,2,2,0,1,0,298.5074626865672,68.78846153846153,12,4,2023,0
12149.0,176,3661,13000.0,8,Corporate Event,5,0.0,0.0,300,500,1,2,2,0,1,0,3.5499726925177497,68.63841807909604,2,1,2024,0
12560.0,155,66,20000.0,2,Corporate Event,5,0.0,0.0,300,500,1,2,2,0,1,0,298.5074626865672,80.51282051282051,8,3,2024,2
12359.0,249,22215,19000.0,6,Wedding,5,0.0,0.0,300,500,2,1,2,0,1,0,0.8552394670507742,49.436,5,2,2022,1
8357.0,229,3480,23000.0,2,Wedding,4,0.0,0.0,300,500,2,2,2,0,1,1,6.607296753806377,36.334782608695654,9,3,2024,3
10817.0,203,1417,19000.0,6,Corporate Event,2,0.0,0.0,300,500,1,1,2,0,1,2,13.399153737658674,53.02450980392157,1,1,2025,0
808.0,42,3577,17000.0,2,Wedding,5,0.0,0.0,300,500,2,2,2,0,1,1,4.751257685858021,18.790697674418606,3,1,2023,1
3529.0,252,1608,13000.0,2,Birthday,2,0.0,0.0,300,500,0,2,2,0,1,2,8.079552517091361,13.948616600790514,8,3,2023,2
14490.0,203,1417,26000.0,4,Wedding,4,0.0,0.0,300,500,2,0,2,0,1,0,18.33568406205924,71.02941176470588,7,3,2022,2
555.0,42,3577,20000.0,4,Birthday,3,0.0,0.0,300,500,0,0,2,0,1,1,5.589714924538849,12.906976744186046,12,4,2025,0
9610.0,202,1983,25000.0,4,Wedding,2,0.0,0.0,300,500,2,0,2,0,1,1,12.600806451612904,47.33990147783251,12,4,2025,0
11763.0,252,1608,15000.0,8,Birthday,3,0.0,0.0,300,500,0,2,2,0,1,0,9.322560596643878,46.49407114624506,2,1,2024,0
14748.0,203,1258,13000.0,2,Birthday,3,0.0,0.0,300,500,0,2,2,0,1,1,10.325655281969818,72.29411764705883,11,4,2024,3
5879.0,203,1417,21000.0,4,Wedding,1,0.0,0.0,300,500,2,0,2,0,1,2,14.809590973201692,28.818627450980394,5,2,2024,1
8040.0,298,962,20000.0,6,Corporate Event,4,0.0,0.0,300,500,1,1,2,0,1,0,20.768431983385256,26.889632107023413,7,3,2024,2
12546.0,203,1417,26000.0,4,Wedding,2,0.0,0.0,300,500,2,0,2,0,1,0,18.33568406205924,61.5,2,1,2025,0
2157.0,202,1983,26000.0,6,Birthday,5,0.0,0.0,300,500,0,1,2,0,1,1,13.10483870967742,10.625615763546797,4,2,2024,1
11404.0,249,22215,24000.0,6,Birthday,3,0.0,0.0,300,500,0,1,2,0,1,1,1.0803024846957148,45.616,2,1,2023,0
4700.0,42,3577,20000.0,6,Birthday,4,0.0,0.0,300,500,0,1,2,0,1,1,5.589714924538849,109.30232558139535,10,4,2023,3
6202.0,239,4101,12000.0,8,Birthday,1,0.0,0.0,300,500,0,2,2,0,1,0,2.9254022428083863,25.841666666666665,1,1,2023,0
10096.0,176,3661,25000.0,8,Corporate Event,1,0.0,0.0,300,500,1,2,2,0,1,0,6.826870562534134,57.03954802259887,5,2,2024,1
10267.0,239,4101,15000.0,6,Corporate Event,3,0.0,0.0,300,500,1,1,2,0,1,1,3.6567528035104826,42.77916666666667,10,4,2025,3
6810.0,155,66,24000.0,2,Corporate Event,4,0.0,0.0,300,500,1,2,2,0,1,1,358.2089552238806,43.65384615384615,4,2,2023,1
11671.0,249,22215,23000.0,8,Birthday,3,0.0,0.0,300,500,0,2,2,0,1,2,1.0352898811667266,46.684,8,3,2023,2
5083.0,202,1983,26000.0,6,Wedding,5,0.0,0.0,300,500,2,1,2,0,1,2,13.10483870967742,25.039408866995075,3,1,2025,1
5304.0,202,1983,19000.0,8,Corporate Event,2,0.0,0.0,300,500,1,2,2,0,1,0,9.576612903225806,26.12807881773399,3,1,2024,1
2102.0,155,66,13000.0,4,Corporate Event,3,0.0,0.0,300,500,1,0,2,0,1,1,194.02985074626866,13.474358974358974,6,2,2025,2
13072.0,239,4101,21000.0,2,Wedding,4,0.0,0.0,300,500,2,2,2,0,1,0,5.1194539249146755,54.46666666666667,3,1,2025,1
9321.0,176,3661,26000.0,4,Birthday,3,0.0,0.0,300,500,0,0,2,0,1,2,7.099945385035499,52.66101694915254,5,2,2025,1
8104.0,126,4896,13000.0,4,Birthday,5,0.0,0.0,300,500,0,0,2,0,1,0,2.6546865427812945,63.811023622047244,1,1,2022,0
12836.0,42,3577,12000.0,0,Wedding,3,0.0,0.0,100,200,2,0,3,0,0,1,3.3538289547233093,298.51162790697674,2,1,2022,0
1552.0,203,1417,17000.0,0,Wedding,1,0.0,0.0,100,200,2,2,3,0,0,0,11.988716502115656,7.607843137254902,10,4,2023,3
12487.0,42,3577,22000.0,10,Birthday,3,0.0,0.0,100,200,0,2,3,0,0,2,6.148686416992733,290.3953488372093,2,1,2023,0
2980.0,249,22215,19000.0,5,Wedding,3,0.0,0.0,100,200,2,1,3,0,0,2,0.8552394670507742,11.92,3,1,2025,1
6279.0,239,4101,15000.0,5,Birthday,1,0.0,0.0,100,200,0,1,3,0,0,2,3.6567528035104826,26.1625,2,1,2023,0
1297.0,155,66,19000.0,5,Wedding,5,0.0,0.0,100,200,2,1,3,0,0,1,283.5820895522388,8.314102564102564,4,2,2022,1
14327.0,203,1417,19000.0,10,Wedding,4,0.0,0.0,100,200,2,2,3,0,0,1,13.399153737658674,70.23039215686275,8,3,2022,2
6240.0,229,3480,13000.0,0,Corporate Event,4,0.0,0.0,100,200,1,0,3,0,0,1,3.7345590347601263,27.130434782608695,6,2,2022,2
13644.0,126,4896,22000.0,5,Corporate Event,5,0.0,0.0,100,200,1,1,3,0,0,1,4.492546457014499,107.43307086614173,6,2,2025,2
6467.0,155,66,20000.0,5,Corporate Event,4,0.0,0.0,100,200,1,1,3,0,0,2,298.5074626865672,41.455128205128204,12,4,2024,0
8243.0,249,22215,22000.0,0,Wedding,4,0.0,0.0,100,200,2,2,3,0,0,2,0.9902772776377385,32.972,10,4,2024,3
10550.0,298,962,26000.0,0,Birthday,5,0.0,0.0,100,200,0,0,3,0,0,1,26.99896157840083,35.28428093645485,1,1,2023,0
8102.0,176,3661,19000.0,0,Wedding,4,0.0,0.0,100,200,2,2,3,0,0,0,5.188421627525942,45.77401129943503,7,3,2023,2
6837.0,155,66,22000.0,0,Birthday,5,0.0,0.0,100,200,0,0,3,0,0,1,328.35820895522386,43.82692307692308,9,3,2025,3
3374.0,298,962,24000.0,0,Birthday,2,0.0,0.0,100,200,0,2,3,0,0,2,24.922118380062305,11.284280936454849,8,3,2025,2
10812.0,202,1983,21000.0,0,Birthday,3,0.0,0.0,100,200,0,2,3,0,0,2,10.584677419354838,53.26108374384236,1,1,2024,0
9737.0,298,962,20000.0,10,Birthday,4,0.0,0.0,100,200,0,2,3,0,0,1,20.768431983385256,32.56521739130435,6,2,2022,2
13614.0,176,3661,13000.0,0,Birthday,5,0.0,0.0,100,200,0,0,3,0,0,0,3.5499726925177497,76.91525423728814,2,1,2022,0
10894.0,176,3661,15000.0,5,Wedding,1,0.0,0.0,100,200,2,1,3,0,0,0,4.09612233752048,61.548022598870055,8,3,2022,2
11105.0,126,4896,24000.0,0,Birthday,5,0.0,0.0,100,200,0,2,3,0,0,2,4.900959771288544,87.44094488188976,3,1,2022,1
12582.0,202,1983,20000.0,0,Corporate Event,1,0.0,0.0,100,200,1,2,3,0,0,1,10.080645161290322,61.98029556650246,11,4,2023,3
10525.0,202,1983,17000.0,5,Birthday,1,0.0,0.0,100,200,0,1,3,0,0,0,8.568548387096774,51.847290640394085,11,4,2024,3
9351.0,176,3661,12000.0,0,Corporate Event,3,0.0,0.0,100,200,1,0,3,0,0,1,3.2768978700163847,52.83050847457627,4,2,2025,1
14267.0,42,3577,26000.0,10,Birthday,1,0.0,0.0,100,200,0,2,3,0,0,0,7.266629401900503,331.7906976744186,6,2,2025,2
1439.0,202,1983,12000.0,5,Wedding,5,0.0,0.0,100,200,2,1,3,0,0,0,6.048387096774194,7.088669950738916,6,2,2022,2
5708.0,298,962,12000.0,0,Birthday,4,0.0,0.0,100,200,0,2,3,0,0,0,12.461059190031152,19.090301003344482,10,4,2022,3
14447.0,249,22215,25000.0,10,Birthday,1,0.0,0.0,100,200,0,2,3,0,0,2,1.125315088224703,57.788,9,3,2025,3
5330.0,239,4101,13000.0,0,Corporate Event,1,0.0,0.0,100,200,1,2,3,0,0,0,3.1691857630424183,22.208333333333332,2,1,2025,0
3854.0,155,66,15000.0,0,Wedding,3,0.0,0.0,100,200,2,2,3,0,0,1,223.88059701492537,24.705128205128204,2,1,2023,0
13518.0,155,66,26000.0,0,Wedding,2,0.0,0.0,100,200,2,0,3,0,0,2,388.05970149253733,86.65384615384616,7,3,2025,2
1163.0,298,962,21000.0,5,Birthday,5,0.0,0.0,100,200,0,1,3,0,0,1,21.806853582554517,3.8896321070234112,5,2,2024,1
8466.0,252,1608,20000.0,0,Corporate Event,2,0.0,0.0,100,200,1,2,3,0,0,0,12.430080795525171,33.462450592885375,5,2,2025,1
14113.0,298,962,15000.0,0,Wedding,4,0.0,0.0,100,200,2,0,3,0,0,2,15.576323987538942,47.20066889632107,12,4,2025,0
13617.0,249,22215,26000.0,0,Wedding,5,0.0,0.0,100,200,2,2,3,0,0,1,1.1703276917536911,54.468,4,2,2024,1
14453.0,249,22215,26000.0,0,Wedding,2,0.0,0.0,100,200,2,2,3,0,0,2,1.1703276917536911,57.812,6,2,2023,2
2923.0,202,1983,20000.0,0,Wedding,5,0.0,0.0,100,200,2,2,3,0,0,0,10.080645161290322,14.399014778325123,6,2,2024,2
11530.0,298,962,24000.0,0,Birthday,2,0.0,0.0,100,200,0,2,3,0,0,1,24.922118380062305,38.561872909699,8,3,2023,2
2998.0,203,1417,26000.0,5,Corporate Event,2,0.0,0.0,100,200,1,1,3,0,0,2,18.33568406205924,14.696078431372548,10,4,2025,3
547.0,252,1608,23000.0,0,Wedding,4,0.0,0.0,100,200,2,0,3,0,0,1,14.294592914853947,2.1620553359683794,10,4,2025,3
7106.0,229,3480,20000.0,0,Corporate Event,1,0.0,0.0,100,200,1,2,3,0,0,1,5.745475438092502,30.895652173913042,7,3,2024,2
8781.0,203,1417,19000.0,10,Corporate Event,5,0.0,0.0,100,200,1,2,3,0,0,2,13.399153737658674,43.044117647058826,12,4,2025,0
7499.0,42,3577,22000.0,5,Birthday,3,0.0,0.0,100,200,0,1,3,0,0,1,6.148686416992733,174.3953488372093,10,4,2023,3
7063.0,203,1417,17000.0,0,Wedding,5,0.0,0.0,100,200,2,0,3,0,0,2,11.988716502115656,34.622549019607845,1,1,2025,0
3034.0,126,4896,17000.0,0,Wedding,4,0.0,0.0,100,200,2,2,3,0,0,2,3.471513171329385,23.88976377952756,1,1,2024,0
4092.0,42,3577,13000.0,5,Birthday,5,0.0,0.0,100,200,0,1,3,0,0,0,3.6333147009502516,95.16279069767442,8,3,2024,2
14135.0,249,22215,17000.0,5,Corporate Event,1,0.0,0.0,100,200,1,1,3,0,0,1,0.765214259992798,56.54,10,4,2023,3
8589.0,249,22215,17000.0,0,Wedding,5,0.0,0.0,100,200,2,2,3,0,0,1,0.765214259992798,34.356,7,3,2023,2
2368.0,229,3480,23000.0,10,Birthday,2,0.0,0.0,100,200,0,2,3,0,0,0,6.607296753806377,10.295652173913043,3,1,2023,1
3689.0,203,1417,12000.0,5,Corporate Event,2,0.0,0.0,100,200,1,1,3,0,0,2,8.46262341325811,18.083333333333332,10,4,2025,3
3784.0,202,1983,26000.0,5,Wedding,5,0.0,0.0,100,200,2,1,3,0,0,2,13.10483870967742,18.64039408866995,3,1,2023,1
14157.0,298,962,21000.0,0,Wedding,1,0.0,0.0,100,200,2,2,3,0,0,0,21.806853582554517,47.34782608695652,3,1,2024,1
6491.0,229,3480,25000.0,0,Corporate Event,4,0.0,0.0,100,200,1,2,3,0,0,2,7.181844297615628,28.221739130434784,8,3,2025,2
9716.0,176,3661,22000.0,0,Corporate Event,2,0.0,0.0,100,200,1,0,3,0,0,0,6.007646095030038,54.89265536723164,11,4,2024,3
10690.0,202,1983,20000.0,0,Corporate Event,1,0.0,0.0,100,200,1,2,3,0,0,0,10.080645161290322,52.66009852216749,11,4,2024,3
4582.0,42,3577,23000.0,10,Wedding,1,0.0,0.0,100,200,2,2,3,0,0,1,6.428172163219676,106.55813953488372,5,2,2025,1
11126.0,203,1417,26000.0,0,Wedding,2,0.0,0.0,100,200,2,0,3,0,0,2,18.33568406205924,54.53921568627451,7,3,2023,2
8190.0,176,3661,15000.0,0,Birthday,4,0.0,0.0,100,200,0,2,3,0,0,2,4.09612233752048,46.271186440677965,9,3,2024,3
5767.0,252,1608,15000.0,0,Corporate Event,2,0.0,0.0,100,200,1,2,3,0,0,1,9.322560596643878,22.794466403162055,11,4,2025,3
9867.0,42,3577,21000.0,0,Wedding,1,0.0,0.0,100,200,2,2,3,0,0,0,5.869200670765791,229.46511627906978,12,4,2023,0
5226.0,126,4896,26000.0,10,Corporate Event,2,0.0,0.0,100,200,1,2,3,0,0,2,5.309373085562589,41.1496062992126,4,2,2022,1
961.0,249,22215,25000.0,0,Birthday,5,0.0,0.0,100,200,0,2,3,0,0,0,1.125315088224703,3.844,8,3,2024,2
1289.0,126,4896,24000.0,0,Birthday,5,0.0,0.0,100,200,0,0,3,0,0,0,4.900959771288544,10.149606299212598,7,3,2023,2
11572.0,203,1258,25000.0,0,Wedding,5,0.0,0.0,100,200,2,2,3,0,0,1,19.857029388403493,56.72549019607843,7,3,2022,2
13376.0,239,4101,21000.0,0,Corporate Event,3,0.0,0.0,100,200,1,2,3,0,0,1,5.1194539249146755,55.733333333333334,4,2,2023,1
9012.0,239,4101,23000.0,5,Birthday,1,0.0,0.0,100,200,0,1,3,0,0,2,5.60702096538274,37.55,12,4,2022,0
4850.0,203,1417,17000.0,0,Wedding,2,0.0,0.0,100,200,2,2,3,0,0,2,11.988716502115656,23.774509803921568,2,1,2024,0
12137.0,176,3661,15000.0,0,Birthday,1,0.0,0.0,100,200,0,0,3,0,0,0,4.09612233752048,68.57062146892656,5,2,2025,1
9176.0,239,4101,19000.0,10,Corporate Event,4,0.0,0.0,100,200,1,2,3,0,0,1,4.631886884446612,38.233333333333334,5,2,2022,1
10689.0,203,1258,15000.0,0,Corporate Event,4,0.0,0.0,100,200,1,0,3,0,0,0,11.914217633042098,52.39705882352941,7,3,2022,2
10509.0,249,22215,20000.0,10,Birthday,2,0.0,0.0,100,200,0,2,3,0,0,1,0.9002520705797623,42.036,11,4,2025,3
63830.0,298,962,23000.0,0,Birthday,5,0.0,0.0,100,200,0,2,3,0,0,2,23.883696780893043,213.47826086956522,1,1,2022,0
14344.0,42,3577,22000.0,0,Birthday,1,0.0,0.0,100,200,0,2,3,0,0,0,6.148686416992733,333.5813953488372,3,1,2023,1
124930.0,239,4101,24000.0,0,Wedding,5,0.0,0.0,100,200,2,2,3,0,0,2,5.850804485616773,520.5416666666666,7,3,2024,2
2939.0,202,1983,23000.0,5,Corporate Event,3,0.0,0.0,100,200,1,1,3,0,0,1,11.59274193548387,14.47783251231527,11,4,2023,3
25560.0,203,1258,25000.0,5,Corporate Event,2,0.0,0.0,100,200,1,1,3,0,0,0,19.857029388403493,125.29411764705883,11,4,2024,3
13287.0,42,3577,25000.0,0,Corporate Event,5,0.0,0.0,100,200,1,2,3,0,0,1,6.98714365567356,309.0,12,4,2023,0
13688.0,155,66,19000.0,0,Wedding,2,0.0,0.0,100,200,2,0,3,0,0,0,283.5820895522388,87.74358974358974,10,4,2023,3
9768.0,202,1983,19000.0,5,Birthday,2,0.0,0.0,100,200,0,1,3,0,0,2,9.576612903225806,48.118226600985224,10,4,2022,3
3639.0,42,3577,13000.0,0,Birthday,5,0.0,0.0,100,200,0,0,3,0,0,1,3.6333147009502516,84.62790697674419,1,1,2025,0
12581.0,239,4101,20000.0,5,Wedding,5,0.0,0.0,100,200,2,1,3,0,0,0,4.875670404680643,52.420833333333334,9,3,2025,3
5252.0,203,1417,21000.0,0,Birthday,2,0.0,0.0,100,200,0,0,3,0,0,1,14.809590973201692,25.745098039215687,3,1,2022,1
8177.0,203,1417,25000.0,5,Corporate Event,5,0.0,0.0,100,200,1,1,3,0,0,0,17.63046544428773,40.083333333333336,6,2,2025,2
10944.0,202,1983,24000.0,0,Wedding,2,0.0,0.0,100,200,2,2,3,0,0,2,12.096774193548388,53.91133004926108,3,1,2022,1
5907.0,239,4101,26000.0,10,Corporate Event,5,0.0,0.0,100,200,1,2,3,0,0,0,6.338371526084837,24.6125,8,3,2023,2
12556.0,249,22215,13000.0,10,Wedding,4,0.0,0.0,100,200,2,2,3,0,0,1,0.5851638458768456,50.224,7,3,2022,2
3951.0,203,1258,26000.0,10,Birthday,2,0.0,0.0,100,200,0,2,3,0,0,1,20.651310563939635,19.36764705882353,3,1,2025,1
6492.0,203,1417,15000.0,10,Wedding,3,0.0,0.0,100,200,2,2,3,0,0,1,10.578279266572638,31.823529411764707,7,3,2022,2
7824.0,176,3661,15000.0,0,Wedding,4,0.0,0.0,100,200,2,2,3,0,0,0,4.09612233752048,44.20338983050848,7,3,2025,2
8669.0,252,1608,24000.0,0,Birthday,4,0.0,0.0,100,200,0,2,3,0,0,2,14.916096954630206,34.26482213438735,4,2,2022,1
121580.0,155,66,12000.0,0,Wedding,1,0.0,0.0,100,200,2,0,3,0,0,2,179.1044776119403,779.3589743589744,7,3,2024,2
3499.0,229,3480,20000.0,0,Birthday,3,0.0,0.0,100,200,0,0,3,0,0,2,5.745475438092502,15.21304347826087,6,2,2023,2
1110.0,229,3480,21000.0,5,Wedding,3,0.0,0.0,100,200,2,1,3,0,0,1,6.032749209997127,4.826086956521739,5,2,2024,1
14980.0,155,66,17000.0,5,Wedding,1,0.0,0.0,100,200,2,1,3,0,0,1,253.73134328358208,96.02564102564102,8,3,2022,2
3270.0,229,3480,22000.0,0,Wedding,1,0.0,0.0,100,200,2,2,3,0,0,0,6.320022981901753,14.217391304347826,4,2,2023,1
626.0,202,1983,15000.0,10,Birthday,2,0.0,0.0,100,200,0,2,3,0,0,0,7.560483870967742,3.083743842364532,10,4,2025,3
124850.0,298,962,21000.0,10,Birthday,4,0.0,0.0,100,200,0,2,3,0,0,1,21.806853582554517,417.55852842809367,10,4,2023,3
2674.0,202,1983,26000.0,0,Wedding,1,0.0,0.0,100,200,2,0,3,0,0,1,13.10483870967742,13.172413793103448,6,2,2022,2
1664.0,252,1608,26000.0,0,Corporate Event,4,0.0,0.0,100,200,1,0,3,0,0,1,16.159105034182723,6.5770750988142295,4,2,2025,1
1808.0,202,1983,26000.0,5,Corporate Event,4,0.0,0.0,100,200,1,1,3,0,0,2,13.10483870967742,8.9064039408867,2,1,2025,0
405.0,176,3661,20000.0,5,Birthday,1,0.0,0.0,100,200,0,1,3,0,0,2,5.461496450027307,2.288135593220339,3,1,2025,1
905.0,176,3661,24000.0,10,Wedding,1,0.0,0.0,100,200,2,2,3,0,0,0,6.553795740032769,5.112994350282486,2,1,2024,0
1809.0,252,1608,24000.0,10,Birthday,1,0.0,0.0,100,200,0,2,3,0,0,1,14.916096954630206,7.150197628458498,7,3,2024,2
8742.0,252,1608,21000.0,5,Wedding,3,0.0,0.0,100,200,2,1,3,0,0,1,13.05158483530143,34.55335968379447,10,4,2024,3
14815.0,155,66,12000.0,0,Corporate Event,5,0.0,0.0,100,200,1,2,3,0,0,0,179.1044776119403,94.96794871794872,12,4,2023,0
2558.0,126,4896,15000.0,0,Wedding,2,0.0,0.0,100,200,2,2,3,0,0,1,3.06309985705534,20.141732283464567,5,2,2024,1
2181.0,42,3577,17000.0,10,Corporate Event,2,0.0,0.0,100,200,1,2,3,0,0,0,4.751257685858021,50.72093023255814,1,1,2024,0
982.0,239,4101,26000.0,5,Corporate Event,3,0.0,0.0,100,200,1,1,3,0,0,0,6.338371526084837,4.091666666666667,6,2,2025,2
6700.0,42,3577,19000.0,0,Birthday,2,0.0,0.0,100,200,0,2,3,0,0,1,5.310229178311906,155.8139534883721,2,1,2022,0
12419.0,252,1608,12000.0,0,Birthday,4,0.0,0.0,100,200,0,2,3,0,0,1,7.458048477315103,49.08695652173913,8,3,2024,2
13154.0,126,4896,17000.0,0,Wedding,4,0.0,0.0,100,200,2,0,3,0,0,0,3.471513171329385,103.5748031496063,10,4,2023,3
3011.0,249,22215,26000.0,0,Birthday,4,0.0,0.0,100,200,0,2,3,0,0,2,1.1703276917536911,12.044,11,4,2024,3
10253.0,203,1258,24000.0,0,Wedding,4,0.0,0.0,100,200,2,2,3,0,0,2,19.062748212867355,50.259803921568626,9,3,2025,3
13830.0,155,66,22000.0,0,Corporate Event,1,0.0,0.0,100,200,1,2,3,0,0,1,328.35820895522386,88.65384615384616,3,1,2025,1
14174.0,155,66,13000.0,0,Corporate Event,5,0.0,0.0,100,200,1,0,3,0,0,0,194.02985074626866,90.85897435897436,11,4,2022,3
11087.0,239,4101,13000.0,0,Birthday,1,0.0,0.0,100,200,0,2,3,0,0,1,3.1691857630424183,46.19583333333333,3,1,2023,1
2412.0,203,1258,17000.0,0,Corporate Event,3,0.0,0.0,100,200,1,2,3,0,0,1,13.502779984114376,11.823529411764707,7,3,2023,2
4590.0,229,3480,21000.0,0,Birthday,2,0.0,0.0,100,200,0,2,3,0,0,1,6.032749209997127,19.956521739130434,9,3,2025,3
12916.0,252,1608,19000.0,5,Wedding,3,0.0,0.0,100,200,2,1,3,0,0,2,11.808576755748913,51.051383399209485,10,4,2024,3
11259.0,203,1258,22000.0,0,Birthday,4,0.0,0.0,100,200,0,2,3,0,0,1,17.474185861795075,55.19117647058823,9,3,2022,3
2211.0,202,1983,19000.0,10,Birthday,1,0.0,0.0,100,200,0,2,3,0,0,1,9.576612903225806,10.891625615763546,7,3,2022,2
10112.0,239,4101,26000.0,0,Wedding,1,0.0,0.0,100,200,2,0,3,0,0,0,6.338371526084837,42.13333333333333,5,2,2024,1
3667.0,239,4101,15000.0,0,Wedding,4,0.0,0.0,100,200,2,0,3,0,0,1,3.6567528035104826,15.279166666666667,7,3,2024,2
3518.0,239,4101,20000.0,0,Birthday,2,0.0,0.0,100,200,0,2,3,0,0,0,4.875670404680643,14.658333333333333,8,3,2023,2
13746.0,252,1608,24000.0,0,Birthday,5,0.0,0.0,100,200,0,2,3,0,0,0,14.916096954630206,54.33201581027668,7,3,2022,2
9945.0,249,22215,17000.0,5,Corporate Event,2,0.0,0.0,100,200,1,1,3,0,0,2,0.765214259992798,39.78,11,4,2022,3
3775.0,126,4896,15000.0,0,Corporate Event,3,0.0,0.0,100,200,1,2,3,0,0,0,3.06309985705534,29.724409448818896,1,1,2024,0
7709.0,229,3480,20000.0,0,Birthday,4,0.0,0.0,100,200,0,2,3,0,0,2,5.745475438092502,33.517391304347825,9,3,2025,3
14995.0,239,4101,25000.0,5,Corporate Event,5,0.0,0.0,100,200,1,1,3,0,0,0,6.094588005850804,62.479166666666664,6,2,2025,2
14375.0,42,3577,26000.0,0,Birthday,1,0.0,0.0,100,200,0,2,3,0,0,0,7.266629401900503,334.30232558139534,2,1,2025,0
5535.0,176,3661,26000.0,0,Corporate Event,5,0.0,0.0,100,200,1,0,3,0,0,1,7.099945385035499,31.271186440677965,4,2,2025,1
7017.0,229,3480,25000.0,0,Birthday,2,0.0,0.0,100,200,0,0,3,0,0,2,7.181844297615628,30.508695652173913,1,1,2022,0
12703.0,155,66,23000.0,10,Birthday,5,0.0,0.0,100,200,0,2,3,0,0,0,343.2835820895522,81.42948717948718,10,4,2022,3
37590.0,155,66,26000.0,0,Birthday,3,0.0,0.0,100,200,0,0,3,0,0,2,388.05970149253733,240.96153846153845,11,4,2024,3
12120.0,298,962,23000.0,5,Corporate Event,5,0.0,0.0,100,200,1,1,3,0,0,1,23.883696780893043,40.53511705685619,4,2,2024,1
4755.0,239,4101,24000.0,0,Corporate Event,3,0.0,0.0,100,200,1,0,3,0,0,2,5.850804485616773,19.8125,10,4,2024,3
14689.0,176,3661,22000.0,0,Birthday,4,0.0,0.0,100,200,0,0,3,0,0,2,6.007646095030038,82.98870056497175,7,3,2025,2
7115.0,202,1983,21000.0,5,Corporate Event,5,0.0,0.0,100,200,1,1,3,0,0,2,10.584677419354838,35.04926108374384,9,3,2024,3
9075.0,126,4896,21000.0,5,Wedding,4,0.0,0.0,100,200,2,1,3,0,0,1,4.288339799877476,71.45669291338582,4,2,2023,1
4247.0,229,3480,22000.0,0,Corporate Event,3,0.0,0.0,100,200,1,0,3,0,0,0,6.320022981901753,18.465217391304346,2,1,2025,0
4959.0,126,4896,17000.0,0,Corporate Event,1,0.0,0.0,100,200,1,0,3,0,0,1,3.471513171329385,39.04724409448819,8,3,2023,2
8553.0,176,3661,20000.0,0,Corporate Event,1,0.0,0.0,100,200,1,2,3,0,0,1,5.461496450027307,48.32203389830509,11,4,2024,3
13356.0,239,4101,26000.0,5,Corporate Event,5,0.0,0.0,100,200,1,1,3,0,0,0,6.338371526084837,55.65,9,3,2024,3
12505.0,203,1417,22000.0,5,Corporate Event,5,0.0,0.0,100,200,1,1,3,0,0,0,15.514809590973202,61.299019607843135,4,2,2022,1
12481.0,202,1983,22000.0,0,Wedding,4,0.0,0.0,100,200,2,0,3,0,0,0,11.088709677419354,61.48275862068966,8,3,2025,2
13128.0,202,1983,17000.0,0,Wedding,4,0.0,0.0,100,200,2,2,3,0,0,0,8.568548387096774,64.66995073891626,8,3,2025,2
13210.0,239,4101,20000.0,0,Wedding,3,0.0,0.0,100,200,2,2,3,0,0,0,4.875670404680643,55.041666666666664,4,2,2023,1
3614.0,252,1608,26000.0,10,Wedding,2,0.0,0.0,100,200,2,2,3,0,0,1,16.159105034182723,14.284584980237154,2,1,2025,0
1962.0,155,66,13000.0,0,Wedding,1,0.0,0.0,100,200,2,2,3,0,0,0,194.02985074626866,12.576923076923077,5,2,2024,1
5206.0,249,22215,21000.0,0,Corporate Event,3,0.0,0.0,100,200,1,2,3,0,0,0,0.9452646741087505,20.824,8,3,2025,2
14330.0,298,962,23000.0,10,Birthday,2,0.0,0.0,100,200,0,2,3,0,0,0,23.883696780893043,47.92642140468227,5,2,2024,1
1713.0,176,3661,26000.0,0,Corporate Event,4,0.0,0.0,100,200,1,0,3,0,0,2,7.099945385035499,9.677966101694915,5,2,2022,1
327.0,203,1417,13000.0,0,Wedding,2,0.0,0.0,100,200,2,0,3,0,0,0,9.16784203102962,1.6029411764705883,11,4,2022,3
5053.0,42,3577,23000.0,5,Wedding,2,0.0,0.0,100,200,2,1,3,0,0,0,6.428172163219676,117.51162790697674,12,4,2023,0
9403.0,203,1417,21000.0,0,Wedding,3,0.0,0.0,100,200,2,2,3,0,0,2,14.809590973201692,46.09313725490196,12,4,2025,0
12201.0,155,66,13000.0,0,Corporate Event,3,0.0,0.0,100,200,1,2,3,0,0,0,194.02985074626866,78.21153846153847,1,1,2022,0
1536.0,249,22215,26000.0,0,Wedding,1,0.0,0.0,100,200,2,2,3,0,0,1,1.1703276917536911,6.144,4,2,2024,1
8546.0,239,4101,12000.0,10,Corporate Event,2,0.0,0.0,100,200,1,2,3,0,0,2,2.9254022428083863,35.608333333333334,6,2,2023,2
14224.0,202,1983,25000.0,0,Birthday,5,0.0,0.0,100,200,0,2,3,0,0,2,12.600806451612904,70.06896551724138,6,2,2024,2
76260.0,298,962,23000.0,5,Corporate Event,5,0.0,0.0,100,200,1,1,3,0,0,0,23.883696780893043,255.05016722408027,12,4,2024,0
359.0,203,1417,20000.0,0,Wedding,3,0.0,0.0,100,200,2,0,3,0,0,1,14.104372355430183,1.7598039215686274,7,3,2022,2
13620.0,176,3661,24000.0,0,Corporate Event,1,0.0,0.0,100,200,1,2,3,0,0,1,6.553795740032769,76.94915254237289,2,1,2025,0
9634.0,239,4101,15000.0,0,Wedding,4,0.0,0.0,100,200,2,2,3,0,0,1,3.6567528035104826,40.141666666666666,1,1,2025,0
11252.0,202,1983,20000.0,10,Wedding,4,0.0,0.0,100,200,2,2,3,0,0,0,10.080645161290322,55.42857142857143,8,3,2022,2
11911.0,126,4896,15000.0,0,Corporate Event,2,0.0,0.0,100,200,1,0,3,0,0,2,3.06309985705534,93.78740157480316,11,4,2024,3
13856.0,298,962,20000.0,0,Birthday,4,0.0,0.0,100,200,0,2,3,0,0,0,20.768431983385256,46.34113712374582,6,2,2022,2
14395.0,202,1983,12000.0,0,Wedding,1,0.0,0.0,100,200,2,2,3,0,0,2,6.048387096774194,70.91133004926108,12,4,2022,0
6336.0,126,4896,13000.0,0,Corporate Event,3,0.0,0.0,100,200,1,2,3,0,0,2,2.6546865427812945,49.889763779527556,7,3,2023,2
12549.0,203,1417,15000.0,0,Corporate Event,4,0.0,0.0,100,200,1,2,3,0,0,1,10.578279266572638,61.51470588235294,8,3,2025,2
9059.0,298,962,25000.0,10,Wedding,4,0.0,0.0,100,200,2,2,3,0,0,2,25.96053997923157,30.297658862876254,11,4,2022,3
6089.0,298,962,23000.0,0,Corporate Event,3,0.0,0.0,100,200,1,0,3,0,0,2,23.883696780893043,20.36454849498328,10,4,2022,3
1915.0,155,66,17000.0,0,Corporate Event,5,0.0,0.0,100,200,1,2,3,0,0,0,253.73134328358208,12.275641025641026,3,1,2023,1
3286.0,202,1983,23000.0,5,Birthday,1,0.0,0.0,100,200,0,1,3,0,0,0,11.59274193548387,16.1871921182266,11,4,2024,3
94120.0,42,3577,13000.0,0,Birthday,3,0.0,0.0,100,200,0,2,3,0,0,2,3.6333147009502516,2188.8372093023254,11,4,2025,3
3090.0,203,1417,22000.0,0,Corporate Event,5,0.0,0.0,100,200,1,2,3,0,0,0,15.514809590973202,15.147058823529411,5,2,2024,1
7271.0,202,1983,17000.0,0,Corporate Event,4,0.0,0.0,100,200,1,2,3,0,0,0,8.568548387096774,35.81773399014779,9,3,2022,3
2507.0,203,1417,19000.0,0,Wedding,3,0.0,0.0,100,200,2,2,3,0,0,2,13.399153737658674,12.28921568627451,4,2,2024,1
1434.0,42,3577,21000.0,5,Corporate Event,5,0.0,0.0,100,200,1,1,3,0,0,2,5.869200670765791,33.348837209302324,12,4,2022,0
3390.0,203,1258,26000.0,0,Corporate Event,2,0.0,0.0,100,200,1,2,3,0,0,1,20.651310563939635,16.61764705882353,8,3,2025,2
9946.0,298,962,25000.0,5,Birthday,5,0.0,0.0,100,200,0,1,3,0,0,0,25.96053997923157,33.264214046822744,8,3,2022,2
7316.0,203,1258,26000.0,0,Wedding,2,0.0,0.0,100,200,2,2,3,0,0,0,20.651310563939635,35.86274509803921,12,4,2022,0
6918.0,252,1608,15000.0,0,Birthday,3,0.0,0.0,100,200,0,2,3,0,0,0,9.322560596643878,27.343873517786562,8,3,2024,2
7769.0,203,1417,20000.0,10,Birthday,4,0.0,0.0,100,200,0,2,3,0,0,2,14.104372355430183,38.083333333333336,9,3,2023,3
13944.0,202,1983,15000.0,0,Corporate Event,2,0.0,0.0,100,200,1,0,3,0,0,1,7.560483870967742,68.6896551724138,2,1,2024,0
2131.0,42,3577,26000.0,0,Wedding,4,0.0,0.0,100,200,2,2,3,0,0,1,7.266629401900503,49.55813953488372,7,3,2022,2
6929.0,203,1417,26000.0,0,Corporate Event,4,0.0,0.0,100,200,1,2,3,0,0,2,18.33568406205924,33.96568627450981,10,4,2023,3
14978.0,202,1983,20000.0,0,Corporate Event,5,0.0,0.0,100,200,1,0,3,0,0,0,10.080645161290322,73.78325123152709,3,1,2022,1
3669.0,176,3661,23000.0,0,Wedding,3,0.0,0.0,100,200,2,0,3,0,0,0,6.280720917531403,20.728813559322035,6,2,2022,2
12423.0,239,4101,15000.0,5,Wedding,2,0.0,0.0,100,200,2,1,3,0,0,1,3.6567528035104826,51.7625,10,4,2022,3
14362.0,298,962,21000.0,0,Corporate Event,1,0.0,0.0,100,200,1,2,3,0,0,1,21.806853582554517,48.03344481605351,8,3,2025,2
6037.0,298,962,12000.0,0,Wedding,5,0.0,0.0,100,200,2,2,3,0,0,2,12.461059190031152,20.190635451505017,4,2,2022,1
4674.0,203,1417,13000.0,5,Corporate Event,5,0.0,0.0,100,200,1,1,3,0,0,1,9.16784203102962,22.91176470588235,6,2,2023,2
2824.0,176,3661,23000.0,10,Birthday,1,0.0,0.0,100,200,0,2,3,0,0,0,6.280720917531403,15.954802259887005,6,2,2024,2
14011.0,42,3577,19000.0,0,Birthday,2,0.0,0.0,100,200,0,0,3,0,0,2,5.310229178311906,325.83720930232556,2,1,2025,0
14209.0,176,3661,19000.0,0,Corporate Event,3,0.0,0.0,100,200,1,0,3,0,0,2,5.188421627525942,80.2768361581921,2,1,2023,0
12994.0,252,1608,25000.0,10,Wedding,2,0.0,0.0,100,200,2,2,3,0,0,1,15.537600994406464,51.359683794466406,4,2,2025,1
9913.0,249,22215,23000.0,0,Wedding,2,0.0,0.0,100,200,2,0,3,0,0,2,1.0352898811667266,39.652,5,2,2024,1
1759.0,126,4896,21000.0,0,Wedding,3,0.0,0.0,100,200,2,0,3,0,0,2,4.288339799877476,13.850393700787402,3,1,2022,1
10074.0,203,1417,20000.0,5,Birthday,1,0.0,0.0,100,200,0,1,3,0,0,1,14.104372355430183,49.38235294117647,11,4,2024,3
13333.0,229,3480,25000.0,0,Corporate Event,3,0.0,0.0,100,200,1,2,3,0,0,0,7.181844297615628,57.969565217391306,5,2,2023,1
12315.0,298,962,22000.0,10,Corporate Event,1,0.0,0.0,100,200,1,2,3,0,0,0,22.84527518172378,41.187290969899664,4,2,2025,1
5376.0,203,1417,13000.0,10,Wedding,5,0.0,0.0,100,200,2,2,3,0,0,1,9.16784203102962,26.352941176470587,7,3,2024,2
10199.0,176,3661,13000.0,0,Birthday,5,0.0,0.0,100,200,0,2,3,0,0,2,3.5499726925177497,57.621468926553675,3,1,2025,1
2482.0,298,962,25000.0,0,Birthday,5,0.0,0.0,100,200,0,0,3,0,0,0,25.96053997923157,8.301003344481606,12,4,2024,0
3288.0,176,3661,13000.0,0,Wedding,1,0.0,0.0,100,200,2,2,3,0,0,1,3.5499726925177497,18.576271186440678,5,2,2025,1
5760.0,42,3577,26000.0,5,Birthday,5,0.0,0.0,100,200,0,1,3,0,0,2,7.266629401900503,133.95348837209303,9,3,2023,3
2122.0,239,4101,24000.0,0,Birthday,5,0.0,0.0,100,200,0,2,3,0,0,1,5.850804485616773,8.841666666666667,8,3,2024,2
7525.0,126,4896,20000.0,10,Corporate Event,1,0.0,0.0,100,200,1,2,3,0,0,2,4.084133142740454,59.25196850393701,8,3,2023,2
8027.0,155,66,22000.0,10,Corporate Event,5,0.0,0.0,100,200,1,2,3,0,0,0,328.35820895522386,51.455128205128204,4,2,2024,1
9309.0,42,3577,21000.0,0,Corporate Event,2,0.0,0.0,100,200,1,0,3,0,0,0,5.869200670765791,216.48837209302326,10,4,2025,3
10461.0,298,962,19000.0,5,Wedding,1,0.0,0.0,100,200,2,1,3,0,0,0,19.73001038421599,34.986622073578594,5,2,2024,1
1209.0,155,66,13000.0,5,Birthday,4,0.0,0.0,100,200,0,1,3,0,0,1,194.02985074626866,7.75,12,4,2025,0
6466.0,203,1417,25000.0,5,Wedding,2,0.0,0.0,100,200,2,1,3,0,0,0,17.63046544428773,31.69607843137255,6,2,2022,2
12034.0,202,1983,13000.0,0,Wedding,2,0.0,0.0,100,200,2,2,3,0,0,0,6.55241935483871,59.2807881773399,1,1,2024,0
470.0,126,4896,12000.0,5,Birthday,1,0.0,0.0,100,200,0,1,3,0,0,1,2.450479885644272,3.7007874015748032,6,2,2024,2
6573.0,252,1608,26000.0,5,Corporate Event,4,0.0,0.0,100,200,1,1,3,0,0,1,16.159105034182723,25.9802371541502,9,3,2023,3
9559.0,229,3480,17000.0,0,Corporate Event,1,0.0,0.0,100,200,1,0,3,0,0,2,4.883654122378627,41.56086956521739,10,4,2022,3
10888.0,252,1608,21000.0,10,Birthday,2,0.0,0.0,100,200,0,2,3,0,0,1,13.05158483530143,43.03557312252964,2,1,2024,0
5900.0,155,66,26000.0,0,Birthday,5,0.0,0.0,100,200,0,2,3,0,0,1,388.05970149253733,37.82051282051282,5,2,2025,1
5546.0,176,3661,15000.0,0,Birthday,3,0.0,0.0,100,200,0,2,3,0,0,2,4.09612233752048,31.333333333333332,4,2,2024,1
13312.0,42,3577,22000.0,0,Corporate Event,2,0.0,0.0,100,200,1,0,3,0,0,1,6.148686416992733,309.5813953488372,6,2,2025,2
9238.0,202,1983,21000.0,5,Birthday,4,0.0,0.0,100,200,0,1,3,0,0,1,10.584677419354838,45.50738916256157,11,4,2022,3
74910.0,249,22215,24000.0,5,Corporate Event,2,0.0,0.0,100,200,1,1,3,0,0,0,1.0803024846957148,299.64,11,4,2023,3
11016.0,155,66,23000.0,0,Birthday,4,0.0,0.0,100,200,0,2,3,0,0,0,343.2835820895522,70.61538461538461,6,2,2022,2
6757.0,298,962,23000.0,0,Corporate Event,1,0.0,0.0,100,200,1,2,3,0,0,1,23.883696780893043,22.598662207357858,7,3,2025,2
5316.0,249,22215,23000.0,0,Birthday,4,0.0,0.0,100,200,0,0,3,0,0,0,1.0352898811667266,21.264,5,2,2022,1
1826.0,155,66,15000.0,9,Wedding,2,0.0,0.0,200,400,2,1,6,0,1,2,223.88059701492537,11.705128205128204,5,2,2024,1
4439.0,203,1417,20000.0,9,Wedding,4,0.0,0.0,200,400,2,1,6,0,1,2,14.104372355430183,21.75980392156863,4,2,2023,1
12555.0,126,4896,21000.0,10,Birthday,4,0.0,0.0,200,400,0,2,6,0,1,0,4.288339799877476,98.85826771653544,10,4,2025,3
10062.0,42,3577,13000.0,0,Wedding,5,0.0,0.0,200,400,2,2,6,0,1,0,3.6333147009502516,234.0,3,1,2024,1
14505.0,298,962,13000.0,0,Corporate Event,5,0.0,0.0,200,400,1,2,6,0,1,0,13.499480789200415,48.51170568561873,9,3,2023,3
7418.0,202,1983,17000.0,0,Corporate Event,2,0.0,0.0,200,400,1,0,6,0,1,0,8.568548387096774,36.54187192118226,2,1,2024,0
13030.0,239,4101,15000.0,0,Wedding,3,0.0,0.0,200,400,2,2,6,0,1,1,3.6567528035104826,54.291666666666664,10,4,2023,3
4416.0,202,1983,22000.0,9,Birthday,2,0.0,0.0,200,400,0,1,6,0,1,0,11.088709677419354,21.753694581280786,11,4,2025,3
3592.0,42,3577,13000.0,0,Birthday,4,0.0,0.0,200,400,0,0,6,0,1,1,3.6333147009502516,83.53488372093024,1,1,2025,0
13933.0,202,1983,20000.0,0,Corporate Event,2,0.0,0.0,200,400,1,2,6,0,1,2,10.080645161290322,68.63546798029557,12,4,2022,0
11056.0,42,3577,12000.0,10,Birthday,2,0.0,0.0,200,400,0,2,6,0,1,2,3.3538289547233093,257.1162790697674,9,3,2022,3
7208.0,126,4896,25000.0,10,Birthday,4,0.0,0.0,200,400,0,2,6,0,1,0,5.105166428425567,56.75590551181102,4,2,2025,1
4415.0,298,962,15000.0,0,Birthday,5,0.0,0.0,200,400,0,0,6,0,1,0,15.576323987538942,14.765886287625419,3,1,2025,1
21880.0,42,3577,12000.0,10,Birthday,5,0.0,0.0,200,400,0,2,6,0,1,1,3.3538289547233093,508.83720930232556,1,1,2022,0
3987.0,252,1608,21000.0,9,Birthday,5,0.0,0.0,200,400,0,1,6,0,1,0,13.05158483530143,15.75889328063241,4,2,2022,1
12220.0,203,1417,20000.0,0,Corporate Event,4,0.0,0.0,200,400,1,2,6,0,1,0,14.104372355430183,59.90196078431372,4,2,2022,1
1947.0,229,3480,21000.0,10,Corporate Event,1,0.0,0.0,200,400,1,2,6,0,1,1,6.032749209997127,8.465217391304348,4,2,2024,1
6878.0,298,962,13000.0,0,Corporate Event,2,0.0,0.0,200,400,1,0,6,0,1,2,13.499480789200415,23.00334448160535,2,1,2025,0
3104.0,203,1417,23000.0,0,Wedding,3,0.0,0.0,200,400,2,0,6,0,1,0,16.22002820874471,15.215686274509803,9,3,2024,3
11145.0,203,1417,15000.0,10,Wedding,4,0.0,0.0,200,400,2,2,6,0,1,2,10.578279266572638,54.63235294117647,7,3,2022,2
5251.0,202,1983,19000.0,10,Wedding,3,0.0,0.0,200,400,2,2,6,0,1,1,9.576612903225806,25.866995073891626,1,1,2025,0
6985.0,203,1417,19000.0,10,Corporate Event,3,0.0,0.0,200,400,1,2,6,0,1,1,13.399153737658674,34.240196078431374,11,4,2022,3
4121.0,176,3661,26000.0,0,Wedding,5,0.0,0.0,200,400,2,2,6,0,1,2,7.099945385035499,23.282485875706215,5,2,2022,1
811.0,203,1417,20000.0,0,Wedding,3,0.0,0.0,200,400,2,2,6,0,1,1,14.104372355430183,3.9754901960784315,11,4,2024,3
6433.0,42,3577,22000.0,10,Birthday,4,0.0,0.0,200,400,0,2,6,0,1,2,6.148686416992733,149.6046511627907,10,4,2022,3
7431.0,155,66,19000.0,0,Wedding,1,0.0,0.0,200,400,2,0,6,0,1,2,283.5820895522388,47.63461538461539,11,4,2025,3
13550.0,176,3661,15000.0,10,Birthday,5,0.0,0.0,200,400,0,2,6,0,1,1,4.09612233752048,76.55367231638418,8,3,2025,2
10625.0,249,22215,13000.0,10,Birthday,5,0.0,0.0,200,400,0,2,6,0,1,2,0.5851638458768456,42.5,5,2,2024,1
10107.0,202,1983,25000.0,0,Wedding,3,0.0,0.0,200,400,2,2,6,0,1,2,12.600806451612904,49.78817733990148,7,3,2024,2
1557.0,203,1417,21000.0,9,Birthday,4,0.0,0.0,200,400,0,1,6,0,1,1,14.809590973201692,7.632352941176471,5,2,2022,1
744.0,202,1983,21000.0,0,Wedding,3,0.0,0.0,200,400,2,0,6,0,1,1,10.584677419354838,3.665024630541872,3,1,2024,1
98180.0,202,1983,12000.0,0,Birthday,1,0.0,0.0,200,400,0,0,6,0,1,1,6.048387096774194,483.6453201970443,4,2,2023,1
2621.0,229,3480,22000.0,0,Birthday,4,0.0,0.0,200,400,0,2,6,0,1,2,6.320022981901753,11.395652173913044,3,1,2024,1
666.0,203,1258,26000.0,0,Birthday,2,0.0,0.0,200,400,0,0,6,0,1,2,20.651310563939635,3.264705882352941,1,1,2023,0
10772.0,42,3577,23000.0,0,Wedding,5,0.0,0.0,200,400,2,2,6,0,1,1,6.428172163219676,250.51162790697674,10,4,2025,3
13049.0,42,3577,24000.0,9,Wedding,1,0.0,0.0,200,400,2,1,6,0,1,0,6.707657909446619,303.4651162790698,12,4,2022,0
2419.0,203,1258,22000.0,9,Birthday,4,0.0,0.0,200,400,0,1,6,0,1,0,17.474185861795075,11.857843137254902,8,3,2023,2
10884.0,126,4896,25000.0,0,Corporate Event,3,0.0,0.0,200,400,1,0,6,0,1,2,5.105166428425567,85.7007874015748,12,4,2022,0
13476.0,176,3661,19000.0,9,Corporate Event,5,0.0,0.0,200,400,1,1,6,0,1,2,5.188421627525942,76.13559322033899,12,4,2022,0
9869.0,155,66,19000.0,10,Birthday,2,0.0,0.0,200,400,0,2,6,0,1,0,283.5820895522388,63.26282051282051,1,1,2024,0
93400.0,298,962,23000.0,9,Birthday,5,0.0,0.0,200,400,0,1,6,0,1,1,23.883696780893043,312.3745819397993,1,1,2023,0
13459.0,42,3577,22000.0,0,Birthday,3,0.0,0.0,200,400,0,2,6,0,1,0,6.148686416992733,313.0,11,4,2022,3
10947.0,203,1258,12000.0,9,Birthday,1,0.0,0.0,200,400,0,1,6,0,1,2,9.531374106433677,53.661764705882355,12,4,2024,0
1426.0,229,3480,17000.0,10,Birthday,3,0.0,0.0,200,400,0,2,6,0,1,2,4.883654122378627,6.2,11,4,2023,3
10749.0,229,3480,22000.0,9,Birthday,4,0.0,0.0,200,400,0,1,6,0,1,1,6.320022981901753,46.73478260869565,6,2,2022,2
8479.0,42,3577,17000.0,10,Birthday,1,0.0,0.0,200,400,0,2,6,0,1,1,4.751257685858021,197.1860465116279,7,3,2024,2
1182.0,42,3577,23000.0,0,Wedding,5,0.0,0.0,200,400,2,2,6,0,1,2,6.428172163219676,27.488372093023255,6,2,2025,2
14942.0,252,1608,17000.0,10,Birthday,4,0.0,0.0,200,400,0,2,6,0,1,1,10.565568676196396,59.059288537549406,4,2,2023,1
10033.0,298,962,24000.0,0,Corporate Event,1,0.0,0.0,200,400,1,2,6,0,1,0,24.922118380062305,33.55518394648829,1,1,2022,0
369.0,203,1258,24000.0,0,Birthday,3,0.0,0.0,200,400,0,0,6,0,1,1,19.062748212867355,1.8088235294117647,8,3,2025,2
5117.0,203,1258,24000.0,10,Birthday,5,0.0,0.0,200,400,0,2,6,0,1,0,19.062748212867355,25.083333333333332,6,2,2025,2
1875.0,203,1258,20000.0,9,Wedding,1,0.0,0.0,200,400,2,1,6,0,1,0,15.885623510722796,9.191176470588236,1,1,2023,0
6728.0,252,1608,12000.0,0,Birthday,4,0.0,0.0,200,400,0,2,6,0,1,2,7.458048477315103,26.59288537549407,3,1,2023,1
5321.0,252,1608,17000.0,0,Corporate Event,1,0.0,0.0,200,400,1,2,6,0,1,2,10.565568676196396,21.031620553359684,8,3,2025,2
13466.0,176,3661,15000.0,10,Wedding,5,0.0,0.0,200,400,2,2,6,0,1,1,4.09612233752048,76.07909604519774,7,3,2023,2
13069.0,155,66,26000.0,9,Corporate Event,1,0.0,0.0,200,400,1,1,6,0,1,2,388.05970149253733,83.77564102564102,8,3,2022,2
8550.0,176,3661,23000.0,10,Corporate Event,3,0.0,0.0,200,400,1,2,6,0,1,2,6.280720917531403,48.30508474576271,12,4,2024,0
4735.0,203,1258,22000.0,0,Corporate Event,2,0.0,0.0,200,400,1,0,6,0,1,0,17.474185861795075,23.21078431372549,10,4,2025,3
3960.0,229,3480,26000.0,0,Corporate Event,5,0.0,0.0,200,400,1,0,6,0,1,0,7.469118069520253,17.217391304347824,8,3,2025,2
6334.0,239,4101,12000.0,0,Birthday,4,0.0,0.0,200,400,0,2,6,0,1,0,2.9254022428083863,26.391666666666666,8,3,2025,2
6066.0,252,1608,22000.0,0,Birthday,2,0.0,0.0,200,400,0,2,6,0,1,2,13.673088875077688,23.976284584980238,5,2,2025,1
623.0,249,22215,20000.0,0,Wedding,4,0.0,0.0,200,400,2,0,6,0,1,0,0.9002520705797623,2.492,4,2,2022,1
1383.0,126,4896,23000.0,10,Birthday,5,0.0,0.0,200,400,0,2,6,0,1,1,4.696753114151521,10.88976377952756,1,1,2023,0
11188.0,298,962,17000.0,9,Wedding,1,0.0,0.0,200,400,2,1,6,0,1,1,17.653167185877468,37.4180602006689,2,1,2025,0
3396.0,203,1417,25000.0,10,Corporate Event,3,0.0,0.0,200,400,1,2,6,0,1,0,17.63046544428773,16.647058823529413,8,3,2022,2
14813.0,202,1983,24000.0,9,Birthday,1,0.0,0.0,200,400,0,1,6,0,1,0,12.096774193548388,72.9704433497537,9,3,2022,3
12264.0,252,1608,26000.0,9,Corporate Event,3,0.0,0.0,200,400,1,1,6,0,1,2,16.159105034182723,48.47430830039526,5,2,2024,1
12494.0,202,1983,19000.0,10,Corporate Event,1,0.0,0.0,200,400,1,2,6,0,1,1,9.576612903225806,61.54679802955665,9,3,2025,3
10666.0,252,1608,17000.0,10,Wedding,2,0.0,0.0,200,400,2,2,6,0,1,0,10.565568676196396,42.15810276679842,2,1,2023,0
1008.0,249,22215,20000.0,0,Corporate Event,4,0.0,0.0,200,400,1,2,6,0,1,1,0.9002520705797623,4.032,1,1,2024,0
9626.0,203,1417,15000.0,10,Corporate Event,4,0.0,0.0,200,400,1,2,6,0,1,0,10.578279266572638,47.18627450980392,5,2,2023,1
6814.0,126,4896,23000.0,10,Wedding,2,0.0,0.0,200,400,2,2,6,0,1,2,4.696753114151521,53.653543307086615,5,2,2025,1
7098.0,252,1608,15000.0,0,Wedding,2,0.0,0.0,200,400,2,2,6,0,1,2,9.322560596643878,28.055335968379445,5,2,2024,1
10444.0,298,962,24000.0,0,Wedding,2,0.0,0.0,200,400,2,0,6,0,1,2,24.922118380062305,34.929765886287626,2,1,2022,0
8807.0,203,1417,21000.0,0,Birthday,4,0.0,0.0,200,400,0,0,6,0,1,1,14.809590973201692,43.17156862745098,9,3,2024,3
3628.0,252,1608,13000.0,0,Birthday,3,0.0,0.0,200,400,0,2,6,0,1,1,8.079552517091361,14.339920948616601,7,3,2024,2
2392.0,42,3577,13000.0,9,Corporate Event,3,0.0,0.0,200,400,1,1,6,0,1,2,3.6333147009502516,55.627906976744185,2,1,2022,0
14422.0,202,1983,20000.0,9,Birthday,2,0.0,0.0,200,400,0,1,6,0,1,1,10.080645161290322,71.04433497536945,10,4,2023,3
627.0,155,66,22000.0,0,Wedding,3,0.0,0.0,200,400,2,2,6,0,1,0,328.35820895522386,4.019230769230769,1,1,2022,0
335.0,155,66,17000.0,10,Wedding,4,0.0,0.0,200,400,2,2,6,0,1,0,253.73134328358208,2.1474358974358974,9,3,2022,3
50010.0,126,4896,21000.0,0,Corporate Event,2,0.0,0.0,200,400,1,2,6,0,1,1,4.288339799877476,393.7795275590551,10,4,2022,3
11254.0,203,1417,17000.0,10,Birthday,5,0.0,0.0,200,400,0,2,6,0,1,2,11.988716502115656,55.166666666666664,2,1,2022,0
5849.0,249,22215,13000.0,0,Birthday,1,0.0,0.0,200,400,0,2,6,0,1,2,0.5851638458768456,23.396,6,2,2025,2
5703.0,229,3480,19000.0,10,Birthday,5,0.0,0.0,200,400,0,2,6,0,1,2,5.458201666187877,24.795652173913044,1,1,2023,0
419.0,239,4101,24000.0,10,Birthday,2,0.0,0.0,200,400,0,2,6,0,1,2,5.850804485616773,1.7458333333333333,9,3,2024,3
11743.0,252,1608,24000.0,10,Birthday,1,0.0,0.0,200,400,0,2,6,0,1,2,14.916096954630206,46.41501976284585,8,3,2025,2
9953.0,239,4101,23000.0,0,Wedding,4,0.0,0.0,200,400,2,2,6,0,1,2,5.60702096538274,41.47083333333333,9,3,2024,3
82100.0,203,1417,20000.0,0,Wedding,1,0.0,0.0,200,400,2,0,6,0,1,1,14.104372355430183,402.45098039215685,1,1,2022,0
12121.0,298,962,25000.0,0,Corporate Event,3,0.0,0.0,200,400,1,2,6,0,1,2,25.96053997923157,40.53846153846154,1,1,2023,0
3218.0,252,1608,24000.0,9,Corporate Event,2,0.0,0.0,200,400,1,1,6,0,1,1,14.916096954630206,12.719367588932807,12,4,2022,0
14983.0,155,66,26000.0,0,Wedding,2,0.0,0.0,200,400,2,2,6,0,1,1,388.05970149253733,96.0448717948718,5,2,2024,1
14592.0,229,3480,19000.0,10,Wedding,2,0.0,0.0,200,400,2,2,6,0,1,0,5.458201666187877,63.44347826086957,2,1,2025,0
9537.0,202,1983,22000.0,0,Wedding,4,0.0,0.0,200,400,2,0,6,0,1,0,11.088709677419354,46.98029556650246,12,4,2023,0
4761.0,203,1417,19000.0,0,Wedding,5,0.0,0.0,200,400,2,2,6,0,1,1,13.399153737658674,23.33823529411765,7,3,2023,2
8900.0,298,962,13000.0,0,Corporate Event,4,0.0,0.0,200,400,1,2,6,0,1,0,13.499480789200415,29.765886287625417,6,2,2023,2
12929.0,249,22215,22000.0,9,Birthday,3,0.0,0.0,200,400,0,1,6,0,1,2,0.9902772776377385,51.716,1,1,2025,0
2204.0,42,3577,26000.0,10,Wedding,2,0.0,0.0,200,400,2,2,6,0,1,2,7.266629401900503,51.25581395348837,10,4,2022,3
8374.0,203,1258,25000.0,10,Wedding,4,0.0,0.0,200,400,2,2,6,0,1,2,19.857029388403493,41.049019607843135,12,4,2022,0
14947.0,203,1417,19000.0,10,Corporate Event,5,0.0,0.0,200,400,1,2,6,0,1,2,13.399153737658674,73.26960784313725,12,4,2024,0
14340.0,176,3661,24000.0,0,Birthday,5,0.0,0.0,200,400,0,2,6,0,1,0,6.553795740032769,81.01694915254237,1,1,2025,0
14486.0,176,3661,25000.0,0,Birthday,5,0.0,0.0,200,400,0,2,6,0,1,2,6.826870562534134,81.84180790960453,9,3,2025,3
5275.0,155,66,17000.0,0,Wedding,4,0.0,0.0,200,400,2,0,6,0,1,0,253.73134328358208,33.81410256410256,11,4,2024,3
5478.0,42,3577,20000.0,0,Corporate Event,3,0.0,0.0,200,400,1,2,6,0,1,2,5.589714924538849,127.3953488372093,8,3,2025,2
12394.0,202,1983,20000.0,0,Wedding,3,0.0,0.0,200,400,2,2,6,0,1,2,10.080645161290322,61.05418719211823,3,1,2024,1
3140.0,203,1258,19000.0,0,Wedding,3,0.0,0.0,200,400,2,0,6,0,1,2,15.091342335186656,15.392156862745098,9,3,2023,3
3677.0,42,3577,19000.0,9,Corporate Event,4,0.0,0.0,200,400,1,1,6,0,1,0,5.310229178311906,85.51162790697674,4,2,2023,1
1324.0,176,3661,24000.0,0,Birthday,3,0.0,0.0,200,400,0,0,6,0,1,0,6.553795740032769,7.480225988700565,5,2,2022,1
13505.0,239,4101,22000.0,10,Corporate Event,1,0.0,0.0,200,400,1,2,6,0,1,1,5.363237445148708,56.270833333333336,11,4,2023,3
9471.0,298,962,25000.0,10,Wedding,4,0.0,0.0,200,400,2,2,6,0,1,1,25.96053997923157,31.67558528428094,3,1,2023,1
4879.0,155,66,25000.0,10,Corporate Event,4,0.0,0.0,200,400,1,2,6,0,1,2,373.13432835820896,31.275641025641026,4,2,2022,1
7506.0,42,3577,12000.0,0,Birthday,1,0.0,0.0,200,400,0,0,6,0,1,0,3.3538289547233093,174.5581395348837,7,3,2024,2
6226.0,203,1258,13000.0,0,Birthday,2,0.0,0.0,200,400,0,2,6,0,1,2,10.325655281969818,30.519607843137255,10,4,2023,3
11101.0,202,1983,25000.0,10,Corporate Event,1,0.0,0.0,200,400,1,2,6,0,1,1,12.600806451612904,54.68472906403941,1,1,2025,0
2072.0,203,1258,13000.0,9,Wedding,1,0.0,0.0,200,400,2,1,6,0,1,0,10.325655281969818,10.156862745098039,9,3,2023,3
11514.0,249,22215,15000.0,10,Corporate Event,5,0.0,0.0,200,400,1,2,6,0,1,2,0.6751890529348218,46.056,2,1,2025,0
11708.0,126,4896,26000.0,0,Birthday,2,0.0,0.0,200,400,0,2,6,0,1,0,5.309373085562589,92.18897637795276,11,4,2025,3
8932.0,126,4896,26000.0,0,Wedding,1,0.0,0.0,200,400,2,2,6,0,1,0,5.309373085562589,70.33070866141732,7,3,2023,2
5386.0,298,962,19000.0,0,Corporate Event,4,0.0,0.0,200,400,1,2,6,0,1,2,19.73001038421599,18.013377926421406,4,2,2023,1
4370.0,155,66,19000.0,9,Wedding,5,0.0,0.0,200,400,2,1,6,0,1,1,283.5820895522388,28.012820512820515,11,4,2022,3
4508.0,42,3577,15000.0,9,Birthday,1,0.0,0.0,200,400,0,1,6,0,1,2,4.192286193404136,104.83720930232558,9,3,2022,3
11458.0,203,1258,26000.0,0,Birthday,3,0.0,0.0,200,400,0,2,6,0,1,2,20.651310563939635,56.166666666666664,5,2,2024,1
4699.0,202,1983,26000.0,10,Birthday,2,0.0,0.0,200,400,0,2,6,0,1,0,13.10483870967742,23.147783251231527,1,1,2023,0
11164.0,203,1258,12000.0,10,Corporate Event,3,0.0,0.0,200,400,1,2,6,0,1,0,9.531374106433677,54.72549019607843,11,4,2025,3
9991.0,42,3577,21000.0,0,Birthday,1,0.0,0.0,200,400,0,0,6,0,1,0,5.869200670765791,232.34883720930233,10,4,2023,3
105670.0,155,66,23000.0,0,Wedding,4,0.0,0.0,200,400,2,2,6,0,1,0,343.2835820895522,677.3717948717949,6,2,2024,2
9443.0,252,1608,20000.0,10,Wedding,5,0.0,0.0,200,400,2,2,6,0,1,2,12.430080795525171,37.32411067193676,8,3,2024,2
4958.0,155,66,24000.0,9,Wedding,3,0.0,0.0,200,400,2,1,6,0,1,2,358.2089552238806,31.78205128205128,6,2,2022,2
13032.0,249,22215,12000.0,0,Corporate Event,1,0.0,0.0,200,400,1,2,6,0,1,1,0.5401512423478574,52.128,11,4,2024,3
3581.0,202,1983,17000.0,0,Birthday,4,0.0,0.0,200,400,0,0,6,0,1,1,8.568548387096774,17.64039408866995,6,2,2023,2
6072.0,252,1608,15000.0,0,Birthday,2,0.0,0.0,200,400,0,2,6,0,1,1,9.322560596643878,24.0,8,3,2023,2
11811.0,202,1983,24000.0,0,Corporate Event,5,0.0,0.0,200,400,1,0,6,0,1,0,12.096774193548388,58.18226600985221,1,1,2025,0
384.0,239,4101,24000.0,0,Birthday,4,0.0,0.0,200,400,0,2,6,0,1,1,5.850804485616773,1.6,10,4,2024,3
3243.0,42,3577,24000.0,0,Wedding,5,0.0,0.0,200,400,2,0,6,0,1,0,6.707657909446619,75.4186046511628,9,3,2025,3
9959.0,126,4896,23000.0,10,Birthday,5,0.0,0.0,200,400,0,2,6,0,1,0,4.696753114151521,78.41732283464567,7,3,2023,2
6130.0,298,962,12000.0,9,Birthday,1,0.0,0.0,200,400,0,1,6,0,1,0,12.461059190031152,20.501672240802677,9,3,2024,3
1050.0,249,22215,21000.0,0,Birthday,1,0.0,0.0,200,400,0,2,6,0,1,0,0.9452646741087505,4.2,7,3,2022,2
13027.0,252,1608,24000.0,0,Birthday,3,0.0,0.0,200,400,0,2,6,0,1,0,14.916096954630206,51.4901185770751,4,2,2023,1
10158.0,203,1258,20000.0,10,Birthday,1,0.0,0.0,200,400,0,2,6,0,1,2,15.885623510722796,49.794117647058826,3,1,2024,1
14112.0,229,3480,19000.0,0,Wedding,3,0.0,0.0,200,400,2,2,6,0,1,1,5.458201666187877,61.356521739130436,2,1,2024,0
9725.0,249,22215,26000.0,10,Birthday,1,0.0,0.0,200,400,0,2,6,0,1,2,1.1703276917536911,38.9,3,1,2025,1
14614.0,155,66,15000.0,10,Wedding,1,0.0,0.0,200,400,2,2,6,0,1,2,223.88059701492537,93.67948717948718,11,4,2023,3
6687.0,252,1608,19000.0,9,Birthday,1,0.0,0.0,200,400,0,1,6,0,1,1,11.808576755748913,26.43083003952569,12,4,2025,0
5026.0,252,1608,25000.0,10,Wedding,3,0.0,0.0,200,400,2,2,6,0,1,2,15.537600994406464,19.865612648221344,7,3,2023,2
6012.0,42,3577,22000.0,10,Corporate Event,3,0.0,0.0,200,400,1,2,6,0,1,1,6.148686416992733,139.8139534883721,7,3,2023,2
8314.0,298,962,21000.0,9,Corporate Event,2,0.0,0.0,200,400,1,1,6,0,1,1,21.806853582554517,27.806020066889634,11,4,2023,3
12565.0,42,3577,19000.0,0,Corporate Event,3,0.0,0.0,200,400,1,2,6,0,1,1,5.310229178311906,292.2093023255814,4,2,2023,1
7619.0,126,4896,26000.0,10,Wedding,2,0.0,0.0,200,400,2,2,6,0,1,1,5.309373085562589,59.99212598425197,10,4,2024,3
8292.0,229,3480,19000.0,0,Birthday,3,0.0,0.0,200,400,0,0,6,0,1,2,5.458201666187877,36.052173913043475,6,2,2024,2
8680.0,42,3577,21000.0,0,Birthday,5,0.0,0.0,200,400,0,0,6,0,1,2,5.869200670765791,201.86046511627907,9,3,2025,3
3463.0,298,962,22000.0,10,Wedding,5,0.0,0.0,200,400,2,2,6,0,1,0,22.84527518172378,11.581939799331103,4,2,2025,1
2914.0,203,1258,21000.0,0,Birthday,2,0.0,0.0,200,400,0,2,6,0,1,2,16.679904686258936,14.284313725490197,6,2,2023,2
12657.0,203,1417,24000.0,0,Wedding,2,0.0,0.0,200,400,2,0,6,0,1,1,16.92524682651622,62.044117647058826,6,2,2024,2
9555.0,229,3480,21000.0,0,Corporate Event,5,0.0,0.0,200,400,1,0,6,0,1,2,6.032749209997127,41.54347826086956,8,3,2022,2
4278.0,298,962,19000.0,10,Corporate Event,1,0.0,0.0,200,400,1,2,6,0,1,0,19.73001038421599,14.307692307692308,5,2,2024,1
2603.0,249,22215,17000.0,9,Corporate Event,5,0.0,0.0,200,400,1,1,6,0,1,0,0.765214259992798,10.412,4,2,2022,1
14335.0,126,4896,26000.0,10,Wedding,1,0.0,0.0,200,400,2,2,6,0,1,1,5.309373085562589,112.8740157480315,5,2,2023,1
4883.0,202,1983,15000.0,10,Corporate Event,3,0.0,0.0,200,400,1,2,6,0,1,0,7.560483870967742,24.054187192118228,11,4,2025,3
9506.0,252,1608,12000.0,0,Wedding,1,0.0,0.0,200,400,2,2,6,0,1,2,7.458048477315103,37.573122529644266,5,2,2025,1
9050.0,42,3577,26000.0,0,Corporate Event,3,0.0,0.0,200,400,1,2,6,0,1,2,7.266629401900503,210.46511627906978,4,2,2024,1
7065.0,229,3480,22000.0,10,Corporate Event,1,0.0,0.0,200,400,1,2,6,0,1,0,6.320022981901753,30.717391304347824,11,4,2023,3
6986.0,239,4101,26000.0,0,Birthday,1,0.0,0.0,200,400,0,2,6,0,1,1,6.338371526084837,29.108333333333334,5,2,2024,1
2374.0,155,66,24000.0,10,Corporate Event,5,0.0,0.0,200,400,1,2,6,0,1,1,358.2089552238806,15.217948717948717,5,2,2023,1
8694.0,202,1983,13000.0,0,Wedding,5,0.0,0.0,200,400,2,0,6,0,1,2,6.55241935483871,42.827586206896555,8,3,2024,2
6753.0,176,3661,24000.0,10,Wedding,4,0.0,0.0,200,400,2,2,6,0,1,0,6.553795740032769,38.152542372881356,10,4,2022,3
3480.0,249,22215,12000.0,9,Birthday,4,0.0,0.0,200,400,0,1,6,0,1,0,0.5401512423478574,13.92,2,1,2023,0
11589.0,249,22215,12000.0,10,Corporate Event,4,0.0,0.0,200,400,1,2,6,0,1,1,0.5401512423478574,46.356,3,1,2022,1
8256.0,203,1258,20000.0,10,Corporate Event,5,0.0,0.0,200,400,1,2,6,0,1,2,15.885623510722796,40.470588235294116,11,4,2023,3
3566.0,239,4101,15000.0,10,Birthday,1,0.0,0.0,200,400,0,2,6,0,1,2,3.6567528035104826,14.858333333333333,9,3,2023,3
6408.0,298,962,23000.0,0,Birthday,3,0.0,0.0,200,400,0,2,6,0,1,2,23.883696780893043,21.431438127090303,4,2,2025,1
14583.0,252,1608,25000.0,0,Birthday,4,0.0,0.0,200,400,0,0,6,0,1,2,15.537600994406464,57.640316205533594,7,3,2023,2
10408.0,298,962,13000.0,10,Corporate Event,1,0.0,0.0,200,400,1,2,6,0,1,0,13.499480789200415,34.80936454849498,1,1,2022,0
12846.0,249,22215,15000.0,10,Corporate Event,2,0.0,0.0,200,400,1,2,6,0,1,2,0.6751890529348218,51.384,10,4,2023,3
8171.0,155,66,15000.0,0,Wedding,2,0.0,0.0,200,400,2,2,6,0,1,1,223.88059701492537,52.37820512820513,6,2,2025,2
5901.0,155,66,21000.0,0,Wedding,4,0.0,0.0,200,400,2,2,6,0,1,0,313.43283582089555,37.82692307692308,7,3,2022,2
14021.0,126,4896,19000.0,10,Wedding,2,0.0,0.0,200,400,2,2,6,0,1,2,3.8799264856034306,110.4015748031496,2,1,2023,0
2731.0,126,4896,26000.0,0,Wedding,2,0.0,0.0,200,400,2,0,6,0,1,0,5.309373085562589,21.503937007874015,12,4,2023,0
375.0,298,962,20000.0,9,Wedding,5,0.0,0.0,200,400,2,1,6,0,1,0,20.768431983385256,1.254180602006689,4,2,2025,1
5443.0,203,1417,25000.0,0,Birthday,5,0.0,0.0,200,400,0,0,6,0,1,0,17.63046544428773,26.681372549019606,8,3,2024,2
12979.0,249,22215,15000.0,9,Birthday,3,0.0,0.0,200,400,0,1,6,0,1,2,0.6751890529348218,51.916,12,4,2025,0
10759.0,176,3661,12000.0,10,Wedding,5,0.0,0.0,200,400,2,2,6,0,1,0,3.2768978700163847,60.78531073446328,12,4,2025,0
2884.0,252,1608,22000.0,9,Birthday,4,0.0,0.0,200,400,0,1,6,0,1,2,13.673088875077688,11.399209486166008,12,4,2023,0
13419.0,298,962,12000.0,0,Birthday,4,0.0,0.0,200,400,0,2,6,0,1,1,12.461059190031152,44.87959866220736,1,1,2024,0
7622.0,203,1417,22000.0,0,Birthday,4,0.0,0.0,200,400,0,0,6,0,1,1,15.514809590973202,37.36274509803921,7,3,2024,2
7117.0,126,4896,20000.0,10,Wedding,1,0.0,0.0,200,400,2,2,6,0,1,2,4.084133142740454,56.039370078740156,9,3,2022,3
6348.0,155,66,13000.0,10,Wedding,5,0.0,0.0,200,400,2,2,6,0,1,2,194.02985074626866,40.69230769230769,1,1,2023,0
5236.0,155,66,13000.0,10,Birthday,4,0.0,0.0,200,400,0,2,6,0,1,1,194.02985074626866,33.56410256410256,7,3,2025,2
6240.0,252,1608,15000.0,0,Birthday,1,0.0,0.0,200,400,0,2,6,0,1,1,9.322560596643878,24.66403162055336,4,2,2025,1
14267.0,249,22215,19000.0,0,Wedding,3,0.0,0.0,200,400,2,2,6,0,1,1,0.8552394670507742,57.068,8,3,2022,2
8089.0,239,4101,17000.0,10,Corporate Event,2,0.0,0.0,200,400,1,2,6,0,1,0,4.144319843978547,33.704166666666666,8,3,2025,2
3216.0,176,3661,19000.0,9,Corporate Event,4,0.0,0.0,200,400,1,1,6,0,1,0,5.188421627525942,18.16949152542373,8,3,2024,2
1535.0,298,962,20000.0,0,Corporate Event,5,0.0,0.0,200,400,1,0,6,0,1,2,20.768431983385256,5.133779264214047,1,1,2023,0
3888.0,203,1258,15000.0,10,Corporate Event,2,0.0,0.0,200,400,1,2,6,0,1,1,11.914217633042098,19.058823529411764,8,3,2024,2
3711.0,298,962,13000.0,0,Corporate Event,4,0.0,0.0,200,400,1,0,6,0,1,0,13.499480789200415,12.411371237458194,3,1,2025,1
206.0,249,22215,12000.0,0,Wedding,5,0.0,0.0,200,400,2,2,6,0,1,1,0.5401512423478574,0.824,1,1,2022,0
2506.0,202,1983,24000.0,9,Wedding,4,0.0,0.0,200,400,2,1,6,0,1,1,12.096774193548388,12.344827586206897,2,1,2022,0
3253.0,298,962,25000.0,0,Birthday,1,0.0,0.0,200,400,0,2,6,0,1,1,25.96053997923157,10.879598662207357,7,3,2022,2
1593.0,229,3480,15000.0,9,Wedding,1,0.0,0.0,200,400,2,1,6,0,1,1,4.309106578569376,6.926086956521739,4,2,2025,1
12851.0,229,3480,23000.0,10,Birthday,5,0.0,0.0,200,400,0,2,6,0,1,1,6.607296753806377,55.87391304347826,10,4,2023,3
91770.0,203,1258,24000.0,10,Wedding,5,0.0,0.0,200,400,2,2,6,0,1,2,19.062748212867355,449.8529411764706,3,1,2023,1
2937.0,202,1983,17000.0,9,Birthday,5,0.0,0.0,200,400,0,1,6,0,1,1,8.568548387096774,14.467980295566502,3,1,2025,1
10987.0,202,1983,20000.0,10,Birthday,1,0.0,0.0,200,400,0,2,6,0,1,0,10.080645161290322,54.12315270935961,2,1,2022,0
965.0,252,1608,19000.0,0,Wedding,2,0.0,0.0,200,400,2,2,6,0,1,2,11.808576755748913,3.814229249011858,2,1,2022,0
2305.0,42,3577,22000.0,10,Corporate Event,5,0.0,0.0,200,400,1,2,6,0,1,1,6.148686416992733,53.604651162790695,3,1,2023,1
1456.0,202,1983,13000.0,0,Wedding,2,0.0,0.0,200,400,2,2,6,0,1,2,6.55241935483871,7.172413793103448,9,3,2024,3
5843.0,203,1417,20000.0,0,Corporate Event,1,0.0,0.0,200,400,1,2,6,0,1,0,14.104372355430183,28.642156862745097,5,2,2023,1
7390.0,155,66,19000.0,10,Birthday,2,0.0,0.0,200,400,0,2,6,0,1,2,283.5820895522388,47.37179487179487,12,4,2025,0
2108.0,202,1983,17000.0,9,Wedding,5,0.0,0.0,200,400,2,1,6,0,1,1,8.568548387096774,10.38423645320197,7,3,2022,2
237.0,239,4101,13000.0,0,Corporate Event,5,0.0,0.0,200,400,1,2,6,0,1,2,3.1691857630424183,0.9875,5,2,2024,1
9298.0,126,4896,24000.0,9,Wedding,3,0.0,0.0,200,400,2,1,6,0,1,0,4.900959771288544,73.21259842519684,12,4,2025,0
6640.0,249,22215,20000.0,0,Birthday,4,0.0,0.0,200,400,0,2,6,0,1,2,0.9002520705797623,26.56,8,3,2022,2
3660.0,203,1417,15000.0,0,Wedding,3,0.0,0.0,200,400,2,2,6,0,1,1,10.578279266572638,17.941176470588236,12,4,2022,0
8370.0,249,22215,17000.0,0,Corporate Event,5,0.0,0.0,200,400,1,2,6,0,1,1,0.765214259992798,33.48,7,3,2023,2
4041.0,203,1258,23000.0,0,Birthday,1,0.0,0.0,200,400,0,2,6,0,1,1,18.268467037331217,19.808823529411764,4,2,2022,1
13507.0,202,1983,24000.0,9,Wedding,4,0.0,0.0,200,400,2,1,6,0,1,1,12.096774193548388,66.53694581280789,2,1,2023,0
880.0,202,1983,20000.0,0,Corporate Event,1,0.0,0.0,200,400,1,2,6,0,1,0,10.080645161290322,4.334975369458128,4,2,2023,1
1234.0,42,3577,20000.0,10,Birthday,5,0.0,0.0,200,400,0,2,6,0,1,1,5.589714924538849,28.697674418604652,10,4,2023,3
3664.0,229,3480,25000.0,0,Corporate Event,1,0.0,0.0,200,400,1,2,6,0,1,1,7.181844297615628,15.930434782608696,4,2,2025,1
13331.0,176,3661,15000.0,9,Wedding,3,0.0,0.0,200,400,2,1,6,0,1,1,4.09612233752048,75.31638418079096,3,1,2023,1
1320.0,298,962,17000.0,0,Wedding,4,0.0,0.0,200,400,2,2,6,0,1,1,17.653167185877468,4.414715719063545,7,3,2022,2
4647.0,203,1258,20000.0,0,Wedding,5,0.0,0.0,200,400,2,0,6,0,1,2,15.885623510722796,22.779411764705884,7,3,2025,2
11776.0,203,1417,19000.0,9,Wedding,4,0.0,0.0,200,400,2,1,6,0,1,1,13.399153737658674,57.72549019607843,6,2,2022,2
7498.0,203,1258,15000.0,0,Wedding,3,0.0,0.0,200,400,2,2,6,0,1,0,11.914217633042098,36.754901960784316,1,1,2024,0
3886.0,203,1417,26000.0,0,Wedding,3,0.0,0.0,200,400,2,2,6,0,1,0,18.33568406205924,19.04901960784314,1,1,2022,0
11010.0,229,3480,20000.0,10,Corporate Event,5,0.0,0.0,200,400,1,2,6,0,1,0,5.745475438092502,47.869565217391305,6,2,2024,2
9148.0,203,1417,12000.0,0,Birthday,1,0.0,0.0,200,400,0,2,6,0,1,1,8.46262341325811,44.84313725490196,11,4,2022,3
14712.0,155,66,17000.0,0,Wedding,4,0.0,0.0,200,400,2,2,6,0,1,0,253.73134328358208,94.3076923076923,5,2,2024,1
2917.0,176,3661,21000.0,0,Wedding,1,0.0,0.0,200,400,2,0,6,0,1,2,5.734571272528673,16.480225988700564,9,3,2024,3
12962.0,176,3661,13000.0,0,Wedding,4,0.0,0.0,200,400,2,2,6,0,1,0,3.5499726925177497,73.2316384180791,12,4,2023,0
9956.0,42,3577,24000.0,10,Corporate Event,1,0.0,0.0,200,400,1,2,6,0,1,0,6.707657909446619,231.53488372093022,3,1,2025,1
4608.0,176,3661,26000.0,10,Corporate Event,5,0.0,0.0,200,400,1,2,6,0,1,1,7.099945385035499,26.033898305084747,4,2,2022,1
2951.0,229,3480,21000.0,9,Corporate Event,5,0.0,0.0,200,400,1,1,6,0,1,2,6.032749209997127,12.830434782608696,10,4,2024,3
5569.0,229,3480,25000.0,9,Corporate Event,1,0.0,0.0,200,400,1,1,6,0,1,0,7.181844297615628,24.213043478260868,9,3,2024,3
13879.0,203,1417,12000.0,0,Wedding,3,0.0,0.0,200,400,2,2,6,0,1,2,8.46262341325811,68.0343137254902,9,3,2024,3
9799.0,202,1983,23000.0,9,Corporate Event,1,0.0,0.0,200,400,1,1,6,0,1,0,11.59274193548387,48.27093596059113,7,3,2022,2
13634.0,229,3480,21000.0,0,Corporate Event,5,0.0,0.0,200,400,1,0,6,0,1,1,6.032749209997127,59.278260869565216,9,3,2024,3
3204.0,298,962,13000.0,0,Birthday,1,0.0,0.0,200,400,0,0,6,0,1,0,13.499480789200415,10.715719063545151,10,4,2024,3
7746.0,229,3480,13000.0,9,Wedding,4,0.0,0.0,200,400,2,1,6,0,1,1,3.7345590347601263,33.678260869565214,5,2,2022,1
6295.0,176,3661,24000.0,10,Corporate Event,1,0.0,0.0,200,400,1,2,6,0,1,0,6.553795740032769,35.56497175141243,12,4,2023,0
903.0,249,22215,25000.0,10,Birthday,1,0.0,0.0,200,400,0,2,6,0,1,0,1.125315088224703,3.612,11,4,2025,3
10580.0,176,3661,25000.0,10,Birthday,3,0.0,0.0,200,400,0,2,6,0,1,0,6.826870562534134,59.77401129943503,3,1,2022,1
1470.0,239,4101,13000.0,0,Corporate Event,5,0.0,0.0,200,400,1,2,6,0,1,1,3.1691857630424183,6.125,3,1,2022,1
1822.0,239,4101,23000.0,10,Corporate Event,4,0.0,0.0,200,400,1,2,6,0,1,0,5.60702096538274,7.591666666666667,12,4,2022,0
8493.0,203,1417,20000.0,10,Birthday,1,0.0,0.0,200,400,0,2,6,0,1,0,14.104372355430183,41.63235294117647,1,1,2022,0
1878.0,176,3661,25000.0,0,Birthday,5,0.0,0.0,200,400,0,2,6,0,1,0,6.826870562534134,10.610169491525424,5,2,2022,1
13095.0,249,22215,25000.0,0,Corporate Event,3,0.0,0.0,200,400,1,0,6,0,1,2,1.125315088224703,52.38,9,3,2024,3
14262.0,202,1983,23000.0,10,Corporate Event,1,0.0,0.0,200,400,1,2,6,0,1,2,11.59274193548387,70.25615763546799,2,1,2024,0
6590.0,202,1983,24000.0,9,Wedding,1,0.0,0.0,200,400,2,1,6,0,1,1,12.096774193548388,32.46305418719212,9,3,2024,3
11066.0,298,962,23000.0,10,Birthday,1,0.0,0.0,200,400,0,2,6,0,1,0,23.883696780893043,37.01003344481605,3,1,2025,1
736.0,155,66,15000.0,0,Wedding,5,0.0,0.0,200,400,2,2,6,0,1,1,223.88059701492537,4.717948717948718,2,1,2025,0
14401.0,42,3577,17000.0,9,Corporate Event,2,0.0,0.0,200,400,1,1,6,0,1,0,4.751257685858021,334.90697674418607,1,1,2023,0
1274.0,239,4101,20000.0,9,Birthday,2,0.0,0.0,200,400,0,1,6,0,1,2,4.875670404680643,5.308333333333334,11,4,2023,3
9667.0,229,3480,26000.0,10,Birthday,2,0.0,0.0,200,400,0,2,6,0,1,2,7.469118069520253,42.030434782608694,7,3,2023,2
8719.0,203,1258,19000.0,10,Corporate Event,1,0.0,0.0,200,400,1,2,6,0,1,0,15.091342335186656,42.740196078431374,8,3,2024,2
348.0,229,3480,12000.0,0,Birthday,1,0.0,0.0,200,400,0,2,6,0,1,2,3.4472852628555013,1.5130434782608695,4,2,2025,1
3867.0,298,962,26000.0,10,Corporate Event,2,0.0,0.0,200,400,1,2,6,0,1,2,26.99896157840083,12.933110367892976,9,3,2023,3
13277.0,126,4896,13000.0,9,Corporate Event,5,0.0,0.0,200,400,1,1,6,0,1,1,2.6546865427812945,104.54330708661418,6,2,2022,2
5104.0,155,66,22000.0,10,Wedding,3,0.0,0.0,200,400,2,2,6,0,1,0,328.35820895522386,32.717948717948715,6,2,2023,2
13122.0,126,4896,24000.0,10,Wedding,2,0.0,0.0,200,400,2,2,6,0,1,2,4.900959771288544,103.32283464566929,12,4,2025,0
14125.0,239,4101,24000.0,10,Wedding,1,0.0,0.0,200,400,2,2,6,0,1,2,5.850804485616773,58.854166666666664,3,1,2025,1
9655.0,298,962,23000.0,0,Birthday,2,0.0,0.0,200,400,0,2,6,0,1,2,23.883696780893043,32.290969899665555,1,1,2023,0
13026.0,203,1417,15000.0,9,Corporate Event,5,0.0,0.0,200,400,1,1,6,0,1,0,10.578279266572638,63.85294117647059,4,2,2024,1
12883.0,239,4101,19000.0,0,Corporate Event,5,0.0,0.0,200,400,1,2,6,0,1,0,4.631886884446612,53.67916666666667,4,2,2023,1
145290.0,42,3577,13000.0,0,Wedding,4,0.0,0.0,200,400,2,0,6,0,1,0,3.6333147009502516,3378.8372093023254,5,2,2024,1
5342.0,203,1417,22000.0,0,Wedding,1,0.0,0.0,200,400,2,0,6,0,1,2,15.514809590973202,26.186274509803923,9,3,2022,3
3032.0,239,4101,21000.0,9,Wedding,4,0.0,0.0,200,400,2,1,6,0,1,2,5.1194539249146755,12.633333333333333,7,3,2022,2
1907.0,203,1258,12000.0,0,Birthday,4,0.0,0.0,200,400,0,0,6,0,1,0,9.531374106433677,9.348039215686274,4,2,2022,1
6208.0,42,3577,17000.0,0,Birthday,4,0.0,0.0,200,400,0,2,6,0,1,0,4.751257685858021,144.37209302325581,8,3,2023,2
13673.0,298,962,17000.0,10,Wedding,5,0.0,0.0,200,400,2,2,6,0,1,2,17.653167185877468,45.72909698996656,6,2,2024,2
6283.0,252,1608,15000.0,0,Birthday,1,0.0,0.0,200,400,0,2,6,0,1,0,9.322560596643878,24.83399209486166,7,3,2022,2
4374.0,239,4101,17000.0,10,Corporate Event,5,0.0,0.0,200,400,1,2,6,0,1,0,4.144319843978547,18.225,7,3,2024,2
1472.0,203,1417,20000.0,0,Wedding,5,0.0,0.0,200,400,2,0,6,0,1,1,14.104372355430183,7.215686274509804,7,3,2024,2
13958.0,202,1983,25000.0,0,Birthday,2,0.0,0.0,200,400,0,2,6,0,1,2,12.600806451612904,68.75862068965517,5,2,2022,1
10249.0,249,22215,24000.0,10,Birthday,5,0.0,0.0,200,400,0,2,6,0,1,1,1.0803024846957148,40.996,5,2,2022,1
14108.0,202,1983,22000.0,9,Birthday,3,0.0,0.0,200,400,0,1,6,0,1,1,11.088709677419354,69.49753694581281,12,4,2025,0
4564.0,239,4101,17000.0,0,Corporate Event,4,0.0,0.0,200,400,1,0,6,0,1,0,4.144319843978547,19.016666666666666,7,3,2023,2
13439.0,203,1258,19000.0,0,Birthday,2,0.0,0.0,200,400,0,0,6,0,1,1,15.091342335186656,65.87745098039215,7,3,2025,2
10701.0,252,1608,19000.0,10,Wedding,3,0.0,0.0,200,400,2,2,6,0,1,0,11.808576755748913,42.29644268774704,11,4,2022,3
13178.0,203,1258,19000.0,10,Corporate Event,3,0.0,0.0,200,400,1,2,6,0,1,2,15.091342335186656,64.59803921568627,1,1,2023,0
9640.0,176,3661,19000.0,0,Corporate Event,1,0.0,0.0,200,400,1,2,6,0,1,2,5.188421627525942,54.463276836158194,1,1,2025,0
4786.0,239,4101,22000.0,0,Corporate Event,2,0.0,0.0,200,400,1,2,6,0,1,0,5.363237445148708,19.941666666666666,5,2,2023,1
4993.0,202,1983,12000.0,9,Corporate Event,3,0.0,0.0,200,400,1,1,6,0,1,0,6.048387096774194,24.59605911330049,10,4,2025,3
10198.0,203,1417,13000.0,10,Birthday,4,0.0,0.0,200,400,0,2,6,0,1,0,9.16784203102962,49.990196078431374,3,1,2025,1
10037.0,249,22215,24000.0,10,Corporate Event,2,0.0,0.0,200,400,1,2,6,0,1,2,1.0803024846957148,40.148,4,2,2025,1
11601.0,42,3577,19000.0,9,Corporate Event,3,0.0,0.0,200,400,1,1,6,0,1,1,5.310229178311906,269.7906976744186,9,3,2025,3
1515.0,203,1417,12000.0,9,Birthday,1,0.0,0.0,200,400,0,1,6,0,1,1,8.46262341325811,7.426470588235294,1,1,2025,0
6726.0,203,1417,22000.0,0,Wedding,3,0.0,0.0,200,400,2,0,6,0,1,1,15.514809590973202,32.970588235294116,6,2,2022,2
8977.0,203,1417,20000.0,10,Corporate Event,3,0.0,0.0,200,400,1,2,6,0,1,1,14.104372355430183,44.004901960784316,2,1,2022,0
1297.0,155,66,23000.0,0,Birthday,5,0.0,0.0,200,400,0,2,6,0,1,1,343.2835820895522,8.314102564102564,6,2,2023,2
10488.0,126,4896,15000.0,0,Birthday,2,0.0,0.0,200,400,0,0,6,0,1,1,3.06309985705534,82.58267716535433,4,2,2023,1
1613.0,298,962,20000.0,0,Corporate Event,2,0.0,0.0,200,400,1,2,6,0,1,0,20.768431983385256,5.394648829431438,6,2,2022,2
10514.0,298,962,22000.0,0,Corporate Event,2,0.0,0.0,200,400,1,0,6,0,1,1,22.84527518172378,35.163879598662206,11,4,2023,3
1446.0,298,962,20000.0,10,Wedding,5,0.0,0.0,200,400,2,2,6,0,1,0,20.768431983385256,4.8361204013377925,3,1,2022,1
12823.0,203,1417,21000.0,9,Corporate Event,5,0.0,0.0,200,400,1,1,6,0,1,2,14.809590973201692,62.8578431372549,7,3,2024,2
3144.0,176,3661,12000.0,10,Birthday,1,0.0,0.0,200,400,0,2,6,0,1,1,3.2768978700163847,17.76271186440678,8,3,2023,2
3630.0,298,962,20000.0,0,Corporate Event,3,0.0,0.0,200,400,1,2,6,0,1,1,20.768431983385256,12.14046822742475,12,4,2024,0
1770.0,298,962,25000.0,0,Birthday,4,0.0,0.0,200,400,0,0,6,0,1,1,25.96053997923157,5.919732441471572,12,4,2022,0
6063.0,202,1983,21000.0,0,Corporate Event,4,0.0,0.0,200,400,1,2,6,0,1,2,10.584677419354838,29.866995073891626,9,3,2022,3
4537.0,176,3661,20000.0,9,Wedding,4,0.0,0.0,200,400,2,1,6,0,1,1,5.461496450027307,25.63276836158192,5,2,2022,1
8267.0,239,4101,25000.0,9,Wedding,4,0.0,0.0,200,400,2,1,6,0,1,0,6.094588005850804,34.44583333333333,5,2,2024,1
832.0,176,3661,22000.0,10,Birthday,5,0.0,0.0,200,400,0,2,6,0,1,0,6.007646095030038,4.700564971751413,5,2,2025,1
12227.0,155,66,12000.0,0,Wedding,3,0.0,0.0,200,400,2,2,6,0,1,1,179.1044776119403,78.37820512820512,3,1,2024,1
5347.0,202,1983,15000.0,0,Wedding,5,0.0,0.0,200,400,2,2,6,0,1,0,7.560483870967742,26.339901477832512,12,4,2023,0
313.0,42,3577,17000.0,10,Birthday,1,0.0,0.0,200,400,0,2,6,0,1,1,4.751257685858021,7.27906976744186,7,3,2025,2
14931.0,252,1608,20000.0,9,Birthday,2,0.0,0.0,200,400,0,1,6,0,1,1,12.430080795525171,59.015810276679844,2,1,2022,0
1880.0,42,3577,23000.0,0,Corporate Event,4,0.0,0.0,200,400,1,2,6,0,1,0,6.428172163219676,43.72093023255814,7,3,2023,2
14244.0,249,22215,20000.0,9,Birthday,3,0.0,0.0,200,400,0,1,6,0,1,2,0.9002520705797623,56.976,12,4,2023,0
7432.0,239,4101,19000.0,0,Birthday,2,0.0,0.0,200,400,0,0,6,0,1,2,4.631886884446612,30.966666666666665,3,1,2025,1
12545.0,126,4896,20000.0,0,Corporate Event,4,0.0,0.0,200,400,1,0,6,0,1,2,4.084133142740454,98.77952755905511,7,3,2024,2
6106.0,252,1608,24000.0,10,Corporate Event,3,0.0,0.0,200,400,1,2,6,0,1,1,14.916096954630206,24.134387351778656,1,1,2022,0
10316.0,298,962,26000.0,0,Birthday,1,0.0,0.0,200,400,0,2,6,0,1,2,26.99896157840083,34.50167224080268,8,3,2024,2
13602.0,126,4896,23000.0,10,Birthday,5,0.0,0.0,200,400,0,2,6,0,1,0,4.696753114151521,107.10236220472441,4,2,2023,1
9144.0,229,3480,19000.0,0,Wedding,4,0.0,0.0,200,400,2,2,6,0,1,1,5.458201666187877,39.756521739130434,7,3,2023,2
1207.0,176,3661,17000.0,10,Corporate Event,2,0.0,0.0,200,400,1,2,6,0,1,2,4.642271982523211,6.8192090395480225,4,2,2022,1
12318.0,203,1258,19000.0,10,Wedding,3,0.0,0.0,200,400,2,2,6,0,1,2,15.091342335186656,60.38235294117647,10,4,2022,3
6005.0,42,3577,21000.0,0,Wedding,2,0.0,0.0,200,400,2,2,6,0,1,2,5.869200670765791,139.65116279069767,11,4,2025,3
3353.0,202,1983,23000.0,9,Birthday,4,0.0,0.0,200,400,0,1,6,0,1,2,11.59274193548387,16.517241379310345,12,4,2025,0
1542.0,298,962,19000.0,10,Corporate Event,3,0.0,0.0,200,400,1,2,6,0,1,0,19.73001038421599,5.157190635451505,9,3,2022,3
3775.0,176,3661,20000.0,0,Birthday,1,0.0,0.0,200,400,0,2,6,0,1,1,5.461496450027307,21.327683615819208,3,1,2023,1
369.0,203,1258,20000.0,9,Wedding,1,0.0,0.0,200,400,2,1,6,0,1,2,15.885623510722796,1.8088235294117647,10,4,2024,3
7979.0,252,1608,12000.0,9,Corporate Event,3,0.0,0.0,200,400,1,1,6,0,1,2,7.458048477315103,31.537549407114625,7,3,2024,2
12736.0,229,3480,22000.0,0,Corporate Event,4,0.0,0.0,200,400,1,2,6,0,1,0,6.320022981901753,55.37391304347826,8,3,2024,2
71440.0,203,1417,12000.0,0,Wedding,1,0.0,0.0,200,400,2,0,6,0,1,2,8.46262341325811,350.19607843137254,2,1,2025,0
7550.0,42,3577,24000.0,0,Wedding,4,0.0,0.0,200,400,2,0,6,0,1,2,6.707657909446619,175.58139534883722,11,4,2022,3
8331.0,176,3661,15000.0,10,Corporate Event,5,0.0,0.0,200,400,1,2,6,0,1,1,4.09612233752048,47.067796610169495,2,1,2024,0
12087.0,203,1258,23000.0,9,Corporate Event,5,0.0,0.0,200,400,1,1,6,0,1,2,18.268467037331217,59.25,10,4,2023,3
6647.0,229,3480,22000.0,10,Birthday,2,0.0,0.0,200,400,0,2,6,0,1,1,6.320022981901753,28.9,10,4,2024,3
1770.0,203,1417,12000.0,9,Birthday,4,0.0,0.0,200,400,0,1,6,0,1,0,8.46262341325811,8.676470588235293,7,3,2025,2
10136.0,126,4896,17000.0,0,Wedding,3,0.0,0.0,200,400,2,0,6,0,1,2,3.471513171329385,79.81102362204724,8,3,2023,2
12592.0,249,22215,24000.0,0,Wedding,2,0.0,0.0,200,400,2,2,6,0,1,1,1.0803024846957148,50.368,4,2,2023,1
11519.0,239,4101,17000.0,0,Wedding,5,0.0,0.0,200,400,2,2,6,0,1,1,4.144319843978547,47.99583333333333,12,4,2024,0
120610.0,203,1258,20000.0,0,Birthday,3,0.0,0.0,200,400,0,0,6,0,1,0,15.885623510722796,591.2254901960785,1,1,2025,0
1638.0,155,66,12000.0,10,Birthday,1,0.0,0.0,200,400,0,2,6,0,1,2,179.1044776119403,10.5,3,1,2022,1
820.0,229,3480,22000.0,10,Wedding,4,0.0,0.0,200,400,2,2,6,0,1,0,6.320022981901753,3.5652173913043477,1,1,2022,0
2469.0,155,66,17000.0,10,Wedding,4,0.0,0.0,200,400,2,2,6,0,1,2,253.73134328358208,15.826923076923077,11,4,2023,3
3357.0,203,1417,26000.0,0,Corporate Event,2,0.0,0.0,200,400,1,0,6,0,1,1,18.33568406205924,16.455882352941178,3,1,2023,1
12220.0,203,1417,24000.0,9,Corporate Event,2,0.0,0.0,200,400,1,1,6,0,1,2,16.92524682651622,59.90196078431372,4,2,2024,1
12365.0,229,3480,24000.0,10,Wedding,2,0.0,0.0,200,400,2,2,6,0,1,2,6.894570525711003,53.76086956521739,4,2,2023,1
14253.0,155,66,26000.0,10,Corporate Event,3,0.0,0.0,200,400,1,2,6,0,1,1,388.05970149253733,91.36538461538461,12,4,2023,0
8794.0,252,1608,22000.0,10,Wedding,4,0.0,0.0,200,400,2,2,6,0,1,0,13.673088875077688,34.758893280632414,2,1,2025,0
9179.0,202,1983,12000.0,0,Corporate Event,4,0.0,0.0,200,400,1,0,6,0,1,0,6.048387096774194,45.216748768472904,1,1,2024,0
11186.0,252,1608,21000.0,9,Birthday,4,0.0,0.0,200,400,0,1,6,0,1,1,13.05158483530143,44.21343873517787,4,2,2022,1
7392.0,155,66,21000.0,0,Corporate Event,2,0.0,0.0,200,400,1,0,6,0,1,1,313.43283582089555,47.38461538461539,3,1,2023,1
5267.0,155,66,15000.0,0,Wedding,4,0.0,0.0,200,400,2,2,6,0,1,2,223.88059701492537,33.76282051282051,12,4,2022,0
6361.0,249,22215,20000.0,10,Corporate Event,4,0.0,0.0,200,400,1,2,6,0,1,1,0.9002520705797623,25.444,12,4,2023,0
3324.0,239,4101,26000.0,0,Corporate Event,3,0.0,0.0,200,400,1,2,6,0,1,1,6.338371526084837,13.85,1,1,2023,0
13663.0,42,3577,13000.0,9,Corporate Event,2,0.0,0.0,200,400,1,1,6,0,1,2,3.6333147009502516,317.74418604651163,10,4,2025,3
13454.0,202,1983,17000.0,9,Wedding,4,0.0,0.0,200,400,2,1,6,0,1,0,8.568548387096774,66.27586206896552,12,4,2024,0
46930.0,298,962,25000.0,0,Birthday,4,0.0,0.0,200,400,0,0,6,0,1,1,25.96053997923157,156.95652173913044,11,4,2023,3
9883.0,176,3661,26000.0,10,Birthday,4,0.0,0.0,200,400,0,2,6,0,1,1,7.099945385035499,55.836158192090394,5,2,2023,1
2719.0,126,4896,22000.0,0,Wedding,1,0.0,0.0,200,400,2,2,6,0,1,2,4.492546457014499,21.409448818897637,4,2,2022,1
10050.0,298,962,26000.0,9,Corporate Event,1,0.0,0.0,200,400,1,1,6,0,1,0,26.99896157840083,33.61204013377927,10,4,2022,3
6122.0,126,4896,23000.0,0,Wedding,5,0.0,0.0,200,400,2,2,6,0,1,1,4.696753114151521,48.20472440944882,8,3,2025,2
9002.0,252,1608,23000.0,0,Wedding,5,0.0,0.0,200,400,2,2,6,0,1,0,14.294592914853947,35.58102766798419,10,4,2023,3
7538.0,298,962,12000.0,9,Corporate Event,4,0.0,0.0,200,400,1,1,6,0,1,2,12.461059190031152,25.210702341137125,1,1,2024,0
1811.0,155,66,15000.0,0,Wedding,2,0.0,0.0,200,400,2,0,6,0,1,1,223.88059701492537,11.60897435897436,1,1,2023,0
6503.0,252,1608,20000.0,10,Birthday,4,0.0,0.0,200,400,0,2,6,0,1,1,12.430080795525171,25.703557312252965,8,3,2025,2
6382.0,249,22215,23000.0,9,Wedding,4,0.0,0.0,200,400,2,1,6,0,1,2,1.0352898811667266,25.528,9,3,2024,3
751.0,298,962,12000.0,9,Wedding,5,0.0,0.0,200,400,2,1,6,0,1,2,12.461059190031152,2.511705685618729,2,1,2025,0
7154.0,176,3661,21000.0,10,Birthday,2,0.0,0.0,200,400,0,2,6,0,1,1,5.734571272528673,40.4180790960452,8,3,2025,2
10391.0,229,3480,21000.0,10,Corporate Event,1,0.0,0.0,200,400,1,2,6,0,1,1,6.032749209997127,45.178260869565214,8,3,2022,2
7124.0,203,1258,12000.0,0,Corporate Event,4,0.0,0.0,200,400,1,0,6,0,1,1,9.531374106433677,34.92156862745098,1,1,2024,0
13104.0,252,1608,21000.0,10,Wedding,5,0.0,0.0,200,400,2,2,6,0,1,0,13.05158483530143,51.794466403162055,10,4,2025,3
3634.0,298,962,21000.0,10,Wedding,1,0.0,0.0,200,400,2,2,6,0,1,0,21.806853582554517,12.153846153846153,11,4,2022,3
7947.0,252,1608,20000.0,10,Wedding,3,0.0,0.0,200,400,2,2,6,0,1,1,12.430080795525171,31.41106719367589,1,1,2024,0
5714.0,176,3661,15000.0,10,Birthday,5,0.0,0.0,200,400,0,2,6,0,1,0,4.09612233752048,32.282485875706215,3,1,2024,1
5865.0,155,66,21000.0,0,Birthday,1,0.0,0.0,200,400,0,2,6,0,1,1,313.43283582089555,37.59615384615385,10,4,2025,3
12880.0,126,4896,22000.0,0,Corporate Event,1,0.0,0.0,200,400,1,2,6,0,1,1,4.492546457014499,101.41732283464567,7,3,2022,2
3472.0,155,66,19000.0,0,Wedding,4,0.0,0.0,200,400,2,2,6,0,1,1,283.5820895522388,22.256410256410255,4,2,2025,1
107420.0,155,66,22000.0,9,Corporate Event,5,0.0,0.0,200,400,1,1,6,0,1,0,328.35820895522386,688.5897435897435,11,4,2023,3
14022.0,176,3661,15000.0,9,Wedding,5,0.0,0.0,200,400,2,1,6,0,1,1,4.09612233752048,79.22033898305085,11,4,2023,3
13181.0,239,4101,13000.0,0,Corporate Event,4,0.0,0.0,200,400,1,2,6,0,1,2,3.1691857630424183,54.920833333333334,7,3,2022,2
6459.0,203,1258,19000.0,10,Wedding,4,0.0,0.0,200,400,2,2,6,0,1,2,15.091342335186656,31.66176470588235,8,3,2025,2
11052.0,155,66,13000.0,10,Birthday,4,0.0,0.0,200,400,0,2,6,0,1,2,194.02985074626866,70.84615384615384,9,3,2025,3
3218.0,249,22215,15000.0,0,Corporate Event,1,0.0,0.0,200,400,1,2,6,0,1,0,0.6751890529348218,12.872,1,1,2024,0
4789.0,252,1608,23000.0,10,Corporate Event,2,0.0,0.0,200,400,1,2,6,0,1,1,14.294592914853947,18.92885375494071,8,3,2022,2
2029.0,249,22215,26000.0,0,Birthday,1,0.0,0.0,200,400,0,2,6,0,1,0,1.1703276917536911,8.116,6,2,2025,2
14591.0,252,1608,19000.0,10,Birthday,5,0.0,0.0,200,400,0,2,6,0,1,2,11.808576755748913,57.67193675889328,11,4,2022,3
7209.0,229,3480,17000.0,0,Birthday,2,0.0,0.0,200,400,0,2,6,0,1,1,4.883654122378627,31.343478260869563,10,4,2022,3
