id_reservation,price,nbr_reservations,nbr_visitors,marketing_spend,market_count,reservation_status,event_type,event_date,category_name,city,country,rating,trend_score,growth_rate_pct,capacity_min,capacity_max,venue_type
2633,8478.0,155,66,24000.0,4,pending,Birthday,2025-03-14,Corporate,Tunis,Tunisie,1,0.0,0.0,300,500,Hotel
12316,2987.0,229,3480,21000.0,20,cancelled,Wedding,2025-04-08,Wedding,Tunis,Tunisie,3,0.0,0.0,300,500,Hotel
7065,10586.0,229,3480,21000.0,20,pending,Corporate Event,2025-06-28,Wedding,Tunis,Tunisie,1,0.0,0.0,300,500,Hotel
16182,3214.0,42,3577,24000.0,4,cancelled,Corporate Event,2023-08-04,Corporate,Tunis,Tunisie,2,0.0,0.0,300,500,Hotel
2154,3353.0,203,1258,20000.0,0,pending,Corporate Event,2023-10-15,Birthday,Tunis,Tunisie,3,0.0,0.0,300,500,Hotel
16295,8178.0,203,1417,22000.0,0,confirmed,Birthday,2025-02-10,Birthday,Tunis,Tunisie,5,0.0,0.0,300,500,Hotel
15781,11257.0,249,22215,13000.0,4,cancelled,Wedding,2023-04-01,Corporate,Tunis,Tunisie,3,0.0,0.0,300,500,Hotel
15032,11715.0,249,22215,25000.0,20,pending,Wedding,2024-02-15,Wedding,Tunis,Tunisie,2,0.0,0.0,300,500,Hotel
5893,11195.0,126,4896,24000.0,20,pending,Birthday,2025-04-27,Wedding,Tunis,Tunisie,3,0.0,0.0,300,500,Hotel
7610,3396.0,176,3661,21000.0,20,confirmed,Corporate Event,2023-09-24,Wedding,Tunis,Tunisie,4,0.0,0.0,300,500,Hotel
13632,4335.0,239,4101,26000.0,20,cancelled,Corporate Event,2024-01-29,Wedding,Tunis,Tunisie,2,0.0,0.0,300,500,Hotel
249,4400.0,176,3661,17000.0,20,pending,Birthday,2024-05-13,Wedding,Tunis,Tunisie,3,0.0,0.0,300,500,Hotel
7531,14270.0,203,1417,12000.0,4,confirmed,Wedding,2025-06-20,Corporate,Tunis,Tunisie,4,0.0,0.0,300,500,Hotel
17950,1892.0,203,1417,26000.0,20,pending,Wedding,2023-07-22,Wedding,Tunis,Tunisie,2,0.0,0.0,300,500,Hotel
2672,9936.0,249,22215,23000.0,20,confirmed,Wedding,2025-10-24,Wedding,Tunis,Tunisie,5,0.0,0.0,300,500,Hotel
17799,13438.0,239,4101,21000.0,20,confirmed,Corporate Event,2023-05-27,Wedding,Tunis,Tunisie,3,0.0,0.0,300,500,Hotel
5979,13026.0,126,4896,21000.0,20,cancelled,Corporate Event,2023-12-12,Wedding,Tunis,Tunisie,5,0.0,0.0,300,500,Hotel
6552,2213.0,249,22215,23000.0,20,pending,Birthday,2023-09-20,Wedding,Tunis,Tunisie,1,0.0,0.0,300,500,Hotel
1449,2751.0,249,22215,21000.0,20,pending,Corporate Event,2024-12-06,Wedding,Tunis,Tunisie,5,0.0,0.0,300,500,Hotel
5097,12933.0,155,66,21000.0,20,confirmed,Corporate Event,2023-07-05,Wedding,Tunis,Tunisie,4,0.0,0.0,300,500,Hotel
17251,6653.0,229,3480,26000.0,20,confirmed,Birthday,2024-08-25,Wedding,Tunis,Tunisie,5,0.0,0.0,300,500,Hotel
9632,8749.0,203,1258,25000.0,0,confirmed,Birthday,2023-03-05,Birthday,Tunis,Tunisie,2,0.0,0.0,300,500,Hotel
11565,10049.0,155,66,22000.0,20,cancelled,Corporate Event,2025-12-18,Wedding,Tunis,Tunisie,4,0.0,0.0,300,500,Hotel
7183,8202.0,203,1258,21000.0,4,pending,Corporate Event,2024-10-12,Corporate,Tunis,Tunisie,1,0.0,0.0,300,500,Hotel
13141,12432.0,176,3661,24000.0,4,confirmed,Wedding,2023-11-27,Corporate,Tunis,Tunisie,3,0.0,0.0,300,500,Hotel
10184,14630.0,155,66,26000.0,20,cancelled,Corporate Event,2024-04-07,Wedding,Tunis,Tunisie,1,0.0,0.0,300,500,Hotel
7640,210.0,203,1417,19000.0,0,pending,Wedding,2025-01-09,Birthday,Tunis,Tunisie,2,0.0,0.0,300,500,Hotel
2579,2550.0,229,3480,24000.0,0,cancelled,Wedding,2024-12-21,Birthday,Tunis,Tunisie,4,0.0,0.0,300,500,Hotel
15874,4148.0,42,3577,13000.0,4,confirmed,Corporate Event,2024-07-11,Corporate,Tunis,Tunisie,2,0.0,0.0,300,500,Hotel
460,6473.0,229,3480,19000.0,20,cancelled,Wedding,2023-03-24,Wedding,Tunis,Tunisie,3,0.0,0.0,300,500,Hotel
11893,9794.0,203,1258,26000.0,20,confirmed,Birthday,2023-01-13,Wedding,Tunis,Tunisie,3,0.0,0.0,300,500,Hotel
7190,14725.0,176,3661,13000.0,20,pending,Corporate Event,2024-04-24,Wedding,Tunis,Tunisie,1,0.0,0.0,300,500,Hotel
4408,13901.0,203,1258,13000.0,20,cancelled,Wedding,2025-01-20,Wedding,Tunis,Tunisie,1,0.0,0.0,300,500,Hotel
13446,6036.0,203,1258,17000.0,20,pending,Corporate Event,2025-12-23,Wedding,Tunis,Tunisie,3,0.0,0.0,300,500,Hotel
16142,8082.0,176,3661,26000.0,0,confirmed,Wedding,2025-04-10,Birthday,Tunis,Tunisie,2,0.0,0.0,300,500,Hotel
6079,5635.0,298,962,25000.0,20,confirmed,Birthday,2023-08-27,Wedding,Tunis,Tunisie,5,0.0,0.0,300,500,Hotel
12203,13141.0,298,962,19000.0,4,cancelled,Birthday,2023-04-14,Corporate,Tunis,Tunisie,4,0.0,0.0,300,500,Hotel
7006,122120.0,239,4101,26000.0,0,confirmed,Corporate Event,2025-07-05,Birthday,Tunis,Tunisie,2,0.0,0.0,300,500,Hotel
13148,9253.0,298,962,21000.0,20,cancelled,Wedding,2022-04-05,Wedding,Tunis,Tunisie,4,0.0,0.0,300,500,Hotel
12139,12022.0,249,22215,24000.0,0,cancelled,Birthday,2023-03-18,Birthday,Tunis,Tunisie,1,0.0,0.0,300,500,Hotel
5165,2010.0,252,1608,20000.0,0,cancelled,Birthday,2023-02-28,Birthday,Tunis,Tunisie,2,0.0,0.0,300,500,Hotel
5256,5144.0,239,4101,19000.0,20,pending,Birthday,2025-04-11,Wedding,Tunis,Tunisie,4,0.0,0.0,300,500,Hotel
12804,3157.0,298,962,20000.0,0,pending,Birthday,2025-07-09,Birthday,Tunis,Tunisie,1,0.0,0.0,300,500,Hotel
16076,12242.0,202,1983,21000.0,4,cancelled,Wedding,2025-08-11,Corporate,Tunis,Tunisie,4,0.0,0.0,300,500,Hotel
17981,2079.0,203,1258,12000.0,0,cancelled,Birthday,2025-05-29,Birthday,Tunis,Tunisie,2,0.0,0.0,300,500,Hotel
11199,7908.0,202,1983,20000.0,4,confirmed,Wedding,2022-01-03,Corporate,Tunis,Tunisie,1,0.0,0.0,300,500,Hotel
10000,1664.0,249,22215,17000.0,20,pending,Wedding,2023-05-28,Wedding,Tunis,Tunisie,3,0.0,0.0,300,500,Hotel
2027,1015.0,239,4101,22000.0,4,cancelled,Corporate Event,2025-12-23,Corporate,Tunis,Tunisie,2,0.0,0.0,300,500,Hotel
43,7896.0,42,3577,19000.0,20,pending,Birthday,2024-03-02,Wedding,Tunis,Tunisie,5,0.0,0.0,300,500,Hotel
4031,6276.0,298,962,21000.0,20,cancelled,Corporate Event,2023-05-06,Wedding,Tunis,Tunisie,2,0.0,0.0,300,500,Hotel
10138,8017.0,203,1258,26000.0,0,cancelled,Birthday,2022-08-26,Birthday,Tunis,Tunisie,4,0.0,0.0,300,500,Hotel
4927,11458.0,176,3661,22000.0,20,pending,Corporate Event,2024-08-30,Wedding,Tunis,Tunisie,5,0.0,0.0,300,500,Hotel
2921,6772.0,239,4101,20000.0,20,pending,Birthday,2023-02-24,Wedding,Tunis,Tunisie,3,0.0,0.0,300,500,Hotel
12829,4935.0,229,3480,25000.0,20,cancelled,Corporate Event,2024-12-11,Wedding,Tunis,Tunisie,2,0.0,0.0,300,500,Hotel
1556,2515.0,229,3480,26000.0,20,pending,Birthday,2024-06-18,Wedding,Tunis,Tunisie,1,0.0,0.0,300,500,Hotel
3501,2243.0,252,1608,23000.0,0,cancelled,Wedding,2022-08-03,Birthday,Tunis,Tunisie,1,0.0,0.0,300,500,Hotel
16341,700.0,176,3661,15000.0,0,confirmed,Birthday,2024-11-10,Birthday,Tunis,Tunisie,2,0.0,0.0,300,500,Hotel
7204,13049.0,42,3577,19000.0,20,pending,Corporate Event,2023-10-28,Wedding,Tunis,Tunisie,5,0.0,0.0,300,500,Hotel
11385,3249.0,42,3577,19000.0,4,pending,Corporate Event,2023-09-06,Corporate,Tunis,Tunisie,2,0.0,0.0,300,500,Hotel
6334,3828.0,239,4101,22000.0,4,pending,Wedding,2023-08-16,Corporate,Tunis,Tunisie,1,0.0,0.0,300,500,Hotel
4122,7294.0,126,4896,17000.0,20,cancelled,Wedding,2023-04-11,Wedding,Tunis,Tunisie,5,0.0,0.0,300,500,Hotel
15374,9311.0,203,1417,19000.0,20,cancelled,Corporate Event,2022-03-12,Wedding,Tunis,Tunisie,2,0.0,0.0,300,500,Hotel
10985,14441.0,239,4101,17000.0,4,cancelled,Corporate Event,2022-11-13,Corporate,Tunis,Tunisie,3,0.0,0.0,300,500,Hotel
3260,9040.0,176,3661,21000.0,0,confirmed,Birthday,2025-05-18,Birthday,Tunis,Tunisie,3,0.0,0.0,300,500,Hotel
10003,7880.0,298,962,20000.0,0,pending,Wedding,2023-10-08,Birthday,Tunis,Tunisie,5,0.0,0.0,300,500,Hotel
15939,5740.0,252,1608,20000.0,4,cancelled,Wedding,2024-08-20,Corporate,Tunis,Tunisie,4,0.0,0.0,300,500,Hotel
14903,9775.0,176,3661,24000.0,20,confirmed,Corporate Event,2022-05-12,Wedding,Tunis,Tunisie,3,0.0,0.0,300,500,Hotel
11319,333.0,203,1417,12000.0,4,pending,Corporate Event,2024-11-08,Corporate,Tunis,Tunisie,1,0.0,0.0,300,500,Hotel
15168,5772.0,203,1258,17000.0,20,confirmed,Wedding,2024-09-24,Wedding,Tunis,Tunisie,1,0.0,0.0,300,500,Hotel
10277,10306.0,176,3661,15000.0,20,pending,Birthday,2022-11-25,Wedding,Tunis,Tunisie,1,0.0,0.0,300,500,Hotel
3743,11789.0,42,3577,20000.0,20,confirmed,Birthday,2025-07-30,Wedding,Tunis,Tunisie,2,0.0,0.0,300,500,Hotel
13715,5294.0,203,1258,12000.0,0,cancelled,Corporate Event,2023-02-13,Birthday,Tunis,Tunisie,2,0.0,0.0,300,500,Hotel
6706,10738.0,203,1417,19000.0,20,confirmed,Birthday,2024-04-02,Wedding,Tunis,Tunisie,5,0.0,0.0,300,500,Hotel
14883,734.0,203,1417,15000.0,20,cancelled,Birthday,2025-02-26,Wedding,Tunis,Tunisie,5,0.0,0.0,300,500,Hotel
2965,1449.0,126,4896,22000.0,20,pending,Birthday,2024-11-03,Wedding,Tunis,Tunisie,5,0.0,0.0,300,500,Hotel
5850,744.0,42,3577,20000.0,20,confirmed,Wedding,2023-12-18,Wedding,Tunis,Tunisie,4,0.0,0.0,300,500,Hotel
2830,13103.0,203,1258,15000.0,4,pending,Corporate Event,2024-01-18,Corporate,Tunis,Tunisie,5,0.0,0.0,300,500,Hotel
12630,8508.0,252,1608,26000.0,20,pending,Wedding,2024-11-30,Wedding,Tunis,Tunisie,5,0.0,0.0,300,500,Hotel
1374,3292.0,249,22215,21000.0,20,confirmed,Wedding,2023-09-05,Wedding,Tunis,Tunisie,2,0.0,0.0,300,500,Hotel
7968,12428.0,42,3577,19000.0,20,pending,Wedding,2022-11-09,Wedding,Tunis,Tunisie,1,0.0,0.0,300,500,Hotel
9552,3449.0,202,1983,15000.0,20,pending,Wedding,2023-08-05,Wedding,Tunis,Tunisie,3,0.0,0.0,300,500,Hotel
6847,5989.0,298,962,25000.0,20,pending,Wedding,2025-11-15,Wedding,Tunis,Tunisie,1,0.0,0.0,300,500,Hotel
16870,3580.0,249,22215,25000.0,20,confirmed,Wedding,2023-10-06,Wedding,Tunis,Tunisie,1,0.0,0.0,300,500,Hotel
14220,12292.0,176,3661,17000.0,0,pending,Corporate Event,2023-09-08,Birthday,Tunis,Tunisie,1,0.0,0.0,300,500,Hotel
4069,3449.0,249,22215,25000.0,20,confirmed,Corporate Event,2022-02-06,Wedding,Tunis,Tunisie,3,0.0,0.0,300,500,Hotel
9332,2282.0,176,3661,20000.0,20,cancelled,Wedding,2022-07-05,Wedding,Tunis,Tunisie,3,0.0,0.0,300,500,Hotel
8263,9619.0,155,66,24000.0,20,confirmed,Birthday,2022-05-12,Wedding,Tunis,Tunisie,2,0.0,0.0,300,500,Hotel
3932,14145.0,176,3661,17000.0,20,cancelled,Wedding,2023-04-27,Wedding,Tunis,Tunisie,1,0.0,0.0,300,500,Hotel
10045,3428.0,239,4101,25000.0,0,cancelled,Birthday,2025-11-30,Birthday,Tunis,Tunisie,2,0.0,0.0,300,500,Hotel
17632,2208.0,249,22215,22000.0,0,pending,Birthday,2023-07-20,Birthday,Tunis,Tunisie,1,0.0,0.0,300,500,Hotel
11063,2889.0,229,3480,13000.0,20,pending,Wedding,2023-08-05,Wedding,Tunis,Tunisie,2,0.0,0.0,300,500,Hotel
1946,3600.0,42,3577,17000.0,20,pending,Wedding,2025-11-02,Wedding,Tunis,Tunisie,1,0.0,0.0,300,500,Hotel
15460,8742.0,252,1608,25000.0,20,confirmed,Birthday,2024-11-01,Wedding,Tunis,Tunisie,2,0.0,0.0,300,500,Hotel
14017,12886.0,229,3480,12000.0,0,cancelled,Birthday,2025-07-16,Birthday,Tunis,Tunisie,1,0.0,0.0,300,500,Hotel
17734,8945.0,155,66,21000.0,4,pending,Corporate Event,2023-02-25,Corporate,Tunis,Tunisie,5,0.0,0.0,300,500,Hotel
4295,7986.0,202,1983,26000.0,20,cancelled,Corporate Event,2022-02-01,Wedding,Tunis,Tunisie,2,0.0,0.0,300,500,Hotel
7751,5422.0,239,4101,15000.0,20,cancelled,Wedding,2025-08-26,Wedding,Tunis,Tunisie,2,0.0,0.0,300,500,Hotel
10417,13889.0,239,4101,25000.0,4,cancelled,Wedding,2022-04-15,Corporate,Tunis,Tunisie,1,0.0,0.0,300,500,Hotel
207,12213.0,203,1258,15000.0,20,pending,Birthday,2023-08-11,Wedding,Tunis,Tunisie,2,0.0,0.0,300,500,Hotel
7828,4215.0,126,4896,19000.0,20,cancelled,Wedding,2024-07-15,Wedding,Tunis,Tunisie,5,0.0,0.0,300,500,Hotel
12201,9276.0,229,3480,20000.0,4,confirmed,Wedding,2025-10-16,Corporate,Tunis,Tunisie,5,0.0,0.0,300,500,Hotel
7796,3965.0,202,1983,19000.0,20,pending,Wedding,2024-04-26,Wedding,Tunis,Tunisie,2,0.0,0.0,300,500,Hotel
10284,6442.0,249,22215,25000.0,20,confirmed,Birthday,2022-07-11,Wedding,Tunis,Tunisie,5,0.0,0.0,300,500,Hotel
3855,3631.0,252,1608,23000.0,0,cancelled,Wedding,2023-04-07,Birthday,Tunis,Tunisie,1,0.0,0.0,300,500,Hotel
5481,553.0,42,3577,15000.0,20,cancelled,Wedding,2025-05-01,Wedding,Tunis,Tunisie,2,0.0,0.0,300,500,Hotel
7201,10282.0,155,66,22000.0,20,pending,Birthday,2023-09-01,Wedding,Tunis,Tunisie,4,0.0,0.0,300,500,Hotel
3361,8208.0,155,66,17000.0,0,cancelled,Wedding,2024-01-25,Birthday,Tunis,Tunisie,3,0.0,0.0,300,500,Hotel
11919,93440.0,202,1983,13000.0,4,cancelled,Birthday,2023-08-17,Corporate,Tunis,Tunisie,1,0.0,0.0,300,500,Hotel
15800,1222.0,176,3661,20000.0,20,confirmed,Birthday,2024-04-15,Wedding,Tunis,Tunisie,3,0.0,0.0,300,500,Hotel
2747,12135.0,229,3480,26000.0,4,pending,Corporate Event,2023-06-18,Corporate,Tunis,Tunisie,3,0.0,0.0,300,500,Hotel
9794,6163.0,252,1608,20000.0,4,pending,Corporate Event,2024-05-05,Corporate,Tunis,Tunisie,4,0.0,0.0,300,500,Hotel
7024,5413.0,229,3480,12000.0,20,cancelled,Birthday,2024-07-28,Wedding,Tunis,Tunisie,5,0.0,0.0,300,500,Hotel
12200,605.0,298,962,21000.0,0,confirmed,Birthday,2024-02-06,Birthday,Tunis,Tunisie,2,0.0,0.0,300,500,Hotel
7097,13136.0,126,4896,19000.0,20,pending,Wedding,2025-09-18,Wedding,Tunis,Tunisie,5,0.0,0.0,300,500,Hotel
9382,10687.0,203,1258,13000.0,4,confirmed,Birthday,2023-01-12,Corporate,Tunis,Tunisie,1,0.0,0.0,300,500,Hotel
5948,927.0,203,1258,15000.0,20,confirmed,Wedding,2023-02-22,Wedding,Tunis,Tunisie,5,0.0,0.0,300,500,Hotel
16417,5071.0,252,1608,24000.0,0,cancelled,Corporate Event,2022-10-08,Birthday,Tunis,Tunisie,2,0.0,0.0,300,500,Hotel
3811,6665.0,42,3577,19000.0,0,cancelled,Wedding,2025-06-12,Birthday,Tunis,Tunisie,2,0.0,0.0,300,500,Hotel
10770,5491.0,155,66,17000.0,4,cancelled,Corporate Event,2022-07-27,Corporate,Tunis,Tunisie,1,0.0,0.0,300,500,Hotel
12117,12553.0,249,22215,12000.0,4,cancelled,Birthday,2024-10-30,Corporate,Tunis,Tunisie,5,0.0,0.0,300,500,Hotel
1785,2005.0,203,1417,15000.0,0,pending,Corporate Event,2023-03-27,Birthday,Tunis,Tunisie,2,0.0,0.0,300,500,Hotel
14517,27240.0,202,1983,17000.0,20,cancelled,Wedding,2023-11-27,Wedding,Tunis,Tunisie,4,0.0,0.0,300,500,Hotel
3231,7680.0,155,66,23000.0,20,pending,Birthday,2023-03-22,Wedding,Tunis,Tunisie,2,0.0,0.0,300,500,Hotel
3599,9232.0,202,1983,24000.0,4,cancelled,Corporate Event,2023-05-01,Corporate,Tunis,Tunisie,5,0.0,0.0,300,500,Hotel
1957,12843.0,249,22215,22000.0,20,pending,Wedding,2025-04-29,Wedding,Tunis,Tunisie,2,0.0,0.0,300,500,Hotel
12197,5021.0,229,3480,15000.0,20,pending,Corporate Event,2022-03-08,Wedding,Tunis,Tunisie,5,0.0,0.0,300,500,Hotel
9079,10045.0,239,4101,17000.0,0,confirmed,Wedding,2024-01-29,Birthday,Tunis,Tunisie,5,0.0,0.0,300,500,Hotel
15937,11952.0,252,1608,21000.0,20,cancelled,Corporate Event,2023-12-03,Wedding,Tunis,Tunisie,2,0.0,0.0,300,500,Hotel
4447,6807.0,298,962,20000.0,4,confirmed,Wedding,2024-09-26,Corporate,Tunis,Tunisie,3,0.0,0.0,300,500,Hotel
96,4022.0,239,4101,20000.0,4,pending,Birthday,2023-01-06,Corporate,Tunis,Tunisie,1,0.0,0.0,300,500,Hotel
14497,2966.0,203,1258,19000.0,0,cancelled,Corporate Event,2024-11-04,Birthday,Tunis,Tunisie,4,0.0,0.0,300,500,Hotel
7376,403.0,42,3577,19000.0,4,confirmed,Wedding,2024-01-24,Corporate,Tunis,Tunisie,1,0.0,0.0,300,500,Hotel
6986,4647.0,203,1417,26000.0,20,cancelled,Wedding,2022-09-05,Wedding,Tunis,Tunisie,2,0.0,0.0,300,500,Hotel
5652,12197.0,126,4896,24000.0,4,pending,Birthday,2025-06-11,Corporate,Tunis,Tunisie,5,0.0,0.0,300,500,Hotel
4601,4164.0,202,1983,25000.0,0,cancelled,Corporate Event,2023-04-03,Birthday,Tunis,Tunisie,5,0.0,0.0,300,500,Hotel
10261,14146.0,42,3577,21000.0,4,confirmed,Birthday,2024-09-15,Corporate,Tunis,Tunisie,2,0.0,0.0,300,500,Hotel
13892,5466.0,252,1608,26000.0,0,cancelled,Corporate Event,2024-09-26,Birthday,Tunis,Tunisie,1,0.0,0.0,300,500,Hotel
8408,12118.0,155,66,21000.0,4,pending,Birthday,2024-10-15,Corporate,Tunis,Tunisie,4,0.0,0.0,300,500,Hotel
16668,5012.0,42,3577,20000.0,0,cancelled,Birthday,2024-11-26,Birthday,Tunis,Tunisie,2,0.0,0.0,300,500,Hotel
4912,475.0,229,3480,20000.0,0,cancelled,Birthday,2025-12-15,Birthday,Tunis,Tunisie,4,0.0,0.0,300,500,Hotel
791,6932.0,42,3577,17000.0,0,confirmed,Corporate Event,2023-04-25,Birthday,Tunis,Tunisie,5,0.0,0.0,300,500,Hotel
10679,7496.0,176,3661,25000.0,4,pending,Corporate Event,2025-04-07,Corporate,Tunis,Tunisie,5,0.0,0.0,300,500,Hotel
14061,9697.0,229,3480,22000.0,20,cancelled,Wedding,2025-05-18,Wedding,Tunis,Tunisie,5,0.0,0.0,300,500,Hotel
14541,13071.0,126,4896,19000.0,4,pending,Wedding,2024-06-19,Corporate,Tunis,Tunisie,2,0.0,0.0,300,500,Hotel
4206,8469.0,155,66,17000.0,20,pending,Wedding,2023-08-11,Wedding,Tunis,Tunisie,2,0.0,0.0,300,500,Hotel
11019,1868.0,155,66,25000.0,0,confirmed,Corporate Event,2025-11-19,Birthday,Tunis,Tunisie,2,0.0,0.0,300,500,Hotel
10525,13672.0,202,1983,19000.0,0,confirmed,Birthday,2022-09-09,Birthday,Tunis,Tunisie,4,0.0,0.0,300,500,Hotel
2702,9441.0,229,3480,26000.0,4,cancelled,Wedding,2025-06-01,Corporate,Tunis,Tunisie,4,0.0,0.0,300,500,Hotel
1396,1725.0,203,1258,22000.0,20,pending,Corporate Event,2024-03-14,Wedding,Tunis,Tunisie,1,0.0,0.0,300,500,Hotel
9247,10483.0,229,3480,13000.0,4,cancelled,Corporate Event,2025-01-04,Corporate,Tunis,Tunisie,3,0.0,0.0,300,500,Hotel
13451,8008.0,176,3661,26000.0,4,confirmed,Corporate Event,2024-03-23,Corporate,Tunis,Tunisie,5,0.0,0.0,300,500,Hotel
4227,9049.0,229,3480,13000.0,20,cancelled,Corporate Event,2024-01-14,Wedding,Tunis,Tunisie,1,0.0,0.0,300,500,Hotel
3685,1174.0,176,3661,25000.0,4,confirmed,Birthday,2024-01-17,Corporate,Tunis,Tunisie,5,0.0,0.0,300,500,Hotel
13965,1094.0,249,22215,25000.0,20,cancelled,Wedding,2023-11-17,Wedding,Tunis,Tunisie,1,0.0,0.0,300,500,Hotel
11328,14625.0,203,1258,12000.0,4,confirmed,Corporate Event,2022-10-08,Corporate,Tunis,Tunisie,2,0.0,0.0,300,500,Hotel
3838,7961.0,203,1417,20000.0,4,confirmed,Wedding,2023-10-28,Corporate,Tunis,Tunisie,4,0.0,0.0,300,500,Hotel
4345,7517.0,203,1258,20000.0,20,confirmed,Wedding,2024-11-28,Wedding,Tunis,Tunisie,5,0.0,0.0,300,500,Hotel
16434,14555.0,155,66,21000.0,20,pending,Birthday,2024-11-15,Wedding,Tunis,Tunisie,5,0.0,0.0,300,500,Hotel
7952,7722.0,239,4101,17000.0,20,confirmed,Wedding,2023-04-05,Wedding,Tunis,Tunisie,3,0.0,0.0,300,500,Hotel
14289,1454.0,239,4101,20000.0,20,cancelled,Birthday,2022-09-23,Wedding,Tunis,Tunisie,5,0.0,0.0,300,500,Hotel
1270,13395.0,176,3661,22000.0,20,cancelled,Wedding,2025-03-31,Wedding,Tunis,Tunisie,5,0.0,0.0,300,500,Hotel
284,3448.0,126,4896,15000.0,4,confirmed,Wedding,2023-04-15,Corporate,Tunis,Tunisie,5,0.0,0.0,300,500,Hotel
9496,3536.0,252,1608,25000.0,20,confirmed,Birthday,2025-07-22,Wedding,Tunis,Tunisie,1,0.0,0.0,300,500,Hotel
1491,14804.0,249,22215,20000.0,20,cancelled,Birthday,2024-03-25,Wedding,Tunis,Tunisie,5,0.0,0.0,300,500,Hotel
8635,14420.0,249,22215,21000.0,0,pending,Corporate Event,2023-03-19,Birthday,Tunis,Tunisie,1,0.0,0.0,300,500,Hotel
5737,2084.0,176,3661,12000.0,4,cancelled,Corporate Event,2025-07-25,Corporate,Tunis,Tunisie,1,0.0,0.0,300,500,Hotel
4737,4021.0,298,962,22000.0,20,pending,Wedding,2024-12-12,Wedding,Tunis,Tunisie,3,0.0,0.0,300,500,Hotel
11640,12940.0,203,1258,25000.0,20,confirmed,Wedding,2023-12-29,Wedding,Tunis,Tunisie,1,0.0,0.0,300,500,Hotel
1894,9676.0,202,1983,24000.0,0,pending,Birthday,2024-07-26,Birthday,Tunis,Tunisie,5,0.0,0.0,300,500,Hotel
5122,12615.0,42,3577,15000.0,20,pending,Corporate Event,2022-11-09,Wedding,Tunis,Tunisie,5,0.0,0.0,300,500,Hotel
16851,6922.0,202,1983,17000.0,0,pending,Birthday,2024-12-29,Birthday,Tunis,Tunisie,3,0.0,0.0,300,500,Hotel
5063,4136.0,298,962,24000.0,20,confirmed,Corporate Event,2022-02-08,Wedding,Tunis,Tunisie,5,0.0,0.0,300,500,Hotel
11812,4236.0,203,1258,26000.0,20,confirmed,Corporate Event,2025-06-23,Wedding,Tunis,Tunisie,4,0.0,0.0,300,500,Hotel
3332,13339.0,252,1608,24000.0,20,confirmed,Corporate Event,2023-04-01,Wedding,Tunis,Tunisie,5,0.0,0.0,300,500,Hotel
9828,11800.0,239,4101,15000.0,20,cancelled,Corporate Event,2022-11-09,Wedding,Tunis,Tunisie,5,0.0,0.0,300,500,Hotel
7149,12264.0,126,4896,12000.0,4,confirmed,Corporate Event,2024-12-19,Corporate,Tunis,Tunisie,5,0.0,0.0,300,500,Hotel
11050,4274.0,155,66,25000.0,20,confirmed,Birthday,2025-03-24,Wedding,Tunis,Tunisie,5,0.0,0.0,300,500,Hotel
3805,6493.0,176,3661,21000.0,4,cancelled,Birthday,2022-08-12,Corporate,Tunis,Tunisie,1,0.0,0.0,300,500,Hotel
15882,9531.0,203,1417,12000.0,20,cancelled,Birthday,2023-11-23,Wedding,Tunis,Tunisie,2,0.0,0.0,300,500,Hotel
13022,12734.0,249,22215,25000.0,20,confirmed,Birthday,2024-10-23,Wedding,Tunis,Tunisie,4,0.0,0.0,300,500,Hotel
15009,5814.0,229,3480,24000.0,4,pending,Birthday,2024-01-12,Corporate,Tunis,Tunisie,2,0.0,0.0,300,500,Hotel
11257,806.0,239,4101,24000.0,20,confirmed,Corporate Event,2023-03-17,Wedding,Tunis,Tunisie,2,0.0,0.0,300,500,Hotel
7123,5260.0,203,1417,26000.0,0,pending,Birthday,2025-07-02,Birthday,Tunis,Tunisie,5,0.0,0.0,300,500,Hotel
13941,11734.0,249,22215,25000.0,0,confirmed,Corporate Event,2022-08-05,Birthday,Tunis,Tunisie,3,0.0,0.0,300,500,Hotel
5525,2219.0,298,962,23000.0,20,cancelled,Birthday,2022-08-18,Wedding,Tunis,Tunisie,2,0.0,0.0,300,500,Hotel
9393,13441.0,126,4896,22000.0,0,cancelled,Birthday,2022-10-07,Birthday,Tunis,Tunisie,5,0.0,0.0,300,500,Hotel
2283,2402.0,126,4896,19000.0,20,pending,Birthday,2022-06-16,Wedding,Tunis,Tunisie,4,0.0,0.0,300,500,Hotel
17736,4528.0,229,3480,17000.0,20,pending,Wedding,2022-12-08,Wedding,Tunis,Tunisie,4,0.0,0.0,300,500,Hotel
8793,7921.0,176,3661,15000.0,20,confirmed,Corporate Event,2022-11-12,Wedding,Tunis,Tunisie,1,0.0,0.0,300,500,Hotel
4986,14317.0,176,3661,25000.0,0,cancelled,Birthday,2024-06-13,Birthday,Tunis,Tunisie,4,0.0,0.0,300,500,Hotel
14287,8862.0,239,4101,13000.0,20,cancelled,Wedding,2024-11-29,Wedding,Tunis,Tunisie,3,0.0,0.0,300,500,Hotel
2013,9813.0,298,962,19000.0,0,cancelled,Birthday,2023-09-10,Birthday,Tunis,Tunisie,4,0.0,0.0,300,500,Hotel
11859,10555.0,298,962,23000.0,4,cancelled,Corporate Event,2022-06-25,Corporate,Tunis,Tunisie,2,0.0,0.0,300,500,Hotel
10137,12815.0,203,1417,12000.0,4,cancelled,Wedding,2025-08-18,Corporate,Tunis,Tunisie,4,0.0,0.0,300,500,Hotel
10007,11415.0,298,962,20000.0,4,cancelled,Birthday,2023-04-04,Corporate,Tunis,Tunisie,3,0.0,0.0,300,500,Hotel
11677,12968.0,126,4896,19000.0,4,pending,Wedding,2022-09-02,Corporate,Tunis,Tunisie,2,0.0,0.0,300,500,Hotel
12820,12841.0,229,3480,22000.0,20,cancelled,Birthday,2024-11-04,Wedding,Tunis,Tunisie,5,0.0,0.0,300,500,Hotel
6020,779.0,239,4101,22000.0,20,confirmed,Birthday,2022-10-16,Wedding,Tunis,Tunisie,4,0.0,0.0,300,500,Hotel
17263,14970.0,298,962,25000.0,20,cancelled,Wedding,2024-01-15,Wedding,Tunis,Tunisie,5,0.0,0.0,300,500,Hotel
11690,4575.0,126,4896,26000.0,20,confirmed,Corporate Event,2022-04-11,Wedding,Tunis,Tunisie,2,0.0,0.0,300,500,Hotel
11952,10036.0,252,1608,17000.0,0,pending,Corporate Event,2023-12-03,Birthday,Tunis,Tunisie,1,0.0,0.0,300,500,Hotel
12183,11473.0,239,4101,21000.0,20,pending,Corporate Event,2023-06-12,Wedding,Tunis,Tunisie,4,0.0,0.0,300,500,Hotel
6441,14239.0,249,22215,23000.0,20,confirmed,Wedding,2024-05-22,Wedding,Tunis,Tunisie,5,0.0,0.0,300,500,Hotel
1332,9293.0,252,1608,21000.0,0,pending,Wedding,2023-05-15,Birthday,Tunis,Tunisie,5,0.0,0.0,300,500,Hotel
6882,11596.0,203,1417,19000.0,20,cancelled,Birthday,2023-07-28,Wedding,Tunis,Tunisie,2,0.0,0.0,300,500,Hotel
3503,1994.0,298,962,15000.0,20,pending,Birthday,2025-10-30,Wedding,Tunis,Tunisie,5,0.0,0.0,300,500,Hotel
4718,9231.0,229,3480,24000.0,0,pending,Corporate Event,2024-05-15,Birthday,Tunis,Tunisie,4,0.0,0.0,300,500,Hotel
3324,6463.0,252,1608,26000.0,0,pending,Wedding,2024-11-15,Birthday,Tunis,Tunisie,5,0.0,0.0,300,500,Hotel
12202,13735.0,249,22215,20000.0,0,confirmed,Birthday,2022-12-02,Birthday,Tunis,Tunisie,2,0.0,0.0,300,500,Hotel
2133,7209.0,42,3577,25000.0,20,confirmed,Birthday,2023-07-28,Wedding,Tunis,Tunisie,1,0.0,0.0,300,500,Hotel
9355,4240.0,176,3661,25000.0,20,confirmed,Wedding,2022-12-26,Wedding,Tunis,Tunisie,2,0.0,0.0,300,500,Hotel
9489,6088.0,249,22215,20000.0,20,cancelled,Corporate Event,2022-04-28,Wedding,Tunis,Tunisie,5,0.0,0.0,300,500,Hotel
7868,4849.0,155,66,26000.0,4,pending,Birthday,2022-09-23,Corporate,Tunis,Tunisie,1,0.0,0.0,300,500,Hotel
10193,12034.0,298,962,24000.0,0,pending,Birthday,2023-09-24,Birthday,Tunis,Tunisie,3,0.0,0.0,300,500,Hotel
11450,9270.0,203,1258,22000.0,4,pending,Wedding,2025-08-22,Corporate,Tunis,Tunisie,3,0.0,0.0,300,500,Hotel
2379,14091.0,42,3577,24000.0,20,cancelled,Birthday,2025-11-11,Wedding,Tunis,Tunisie,5,0.0,0.0,300,500,Hotel
7079,14123.0,203,1258,25000.0,20,confirmed,Corporate Event,2024-12-31,Wedding,Tunis,Tunisie,4,0.0,0.0,300,500,Hotel
16412,4706.0,176,3661,26000.0,20,cancelled,Birthday,2024-09-30,Wedding,Tunis,Tunisie,1,0.0,0.0,300,500,Hotel
4602,14199.0,239,4101,25000.0,20,pending,Wedding,2024-04-20,Wedding,Tunis,Tunisie,2,0.0,0.0,300,500,Hotel
16279,3881.0,202,1983,25000.0,4,confirmed,Corporate Event,2024-03-30,Corporate,Tunis,Tunisie,3,0.0,0.0,300,500,Hotel
10628,10222.0,203,1417,19000.0,20,pending,Corporate Event,2022-06-06,Wedding,Tunis,Tunisie,4,0.0,0.0,300,500,Hotel
6330,14206.0,126,4896,23000.0,4,confirmed,Birthday,2024-03-29,Corporate,Tunis,Tunisie,1,0.0,0.0,300,500,Hotel
9901,9021.0,203,1417,20000.0,0,confirmed,Birthday,2025-11-27,Birthday,Tunis,Tunisie,3,0.0,0.0,300,500,Hotel
17655,8925.0,203,1258,13000.0,0,confirmed,Corporate Event,2024-02-21,Birthday,Tunis,Tunisie,2,0.0,0.0,300,500,Hotel
8016,9995.0,155,66,20000.0,20,pending,Wedding,2023-07-16,Wedding,Tunis,Tunisie,5,0.0,0.0,300,500,Hotel
17810,7596.0,298,962,20000.0,20,pending,Wedding,2024-03-08,Wedding,Tunis,Tunisie,5,0.0,0.0,300,500,Hotel
11913,13070.0,42,3577,21000.0,20,confirmed,Wedding,2024-09-28,Wedding,Tunis,Tunisie,4,0.0,0.0,300,500,Hotel
15222,82200.0,298,962,25000.0,4,confirmed,Wedding,2024-08-05,Corporate,Tunis,Tunisie,3,0.0,0.0,300,500,Hotel
8555,6799.0,203,1417,21000.0,20,cancelled,Birthday,2022-11-05,Wedding,Tunis,Tunisie,5,0.0,0.0,300,500,Hotel
7606,3796.0,42,3577,12000.0,0,cancelled,Birthday,2025-07-30,Birthday,Tunis,Tunisie,2,0.0,0.0,300,500,Hotel
11962,2745.0,155,66,19000.0,4,confirmed,Corporate Event,2022-06-21,Corporate,Tunis,Tunisie,2,0.0,0.0,300,500,Hotel
2893,33430.0,155,66,15000.0,20,cancelled,Birthday,2023-11-27,Wedding,Tunis,Tunisie,2,0.0,0.0,300,500,Hotel
13751,6936.0,249,22215,20000.0,20,confirmed,Corporate Event,2023-07-11,Wedding,Tunis,Tunisie,4,0.0,0.0,300,500,Hotel
11649,25260.0,229,3480,21000.0,20,cancelled,Corporate Event,2023-12-14,Wedding,Tunis,Tunisie,5,0.0,0.0,300,500,Hotel
4455,6126.0,126,4896,21000.0,20,confirmed,Wedding,2024-02-04,Wedding,Tunis,Tunisie,3,0.0,0.0,300,500,Hotel
5320,4111.0,202,1983,21000.0,20,pending,Wedding,2025-07-05,Wedding,Tunis,Tunisie,1,0.0,0.0,300,500,Hotel
17844,10098.0,155,66,26000.0,20,cancelled,Wedding,2024-07-13,Wedding,Tunis,Tunisie,3,0.0,0.0,300,500,Hotel
8876,7936.0,202,1983,17000.0,20,confirmed,Wedding,2025-03-21,Wedding,Tunis,Tunisie,4,0.0,0.0,300,500,Hotel
12323,226.0,229,3480,23000.0,20,pending,Wedding,2025-02-11,Wedding,Tunis,Tunisie,5,0.0,0.0,300,500,Hotel
8499,7358.0,298,962,15000.0,4,confirmed,Corporate Event,2023-12-29,Corporate,Tunis,Tunisie,4,0.0,0.0,300,500,Hotel
8223,2875.0,252,1608,22000.0,4,cancelled,Wedding,2024-12-12,Corporate,Tunis,Tunisie,1,0.0,0.0,300,500,Hotel
16318,7742.0,126,4896,26000.0,20,cancelled,Corporate Event,2024-10-11,Wedding,Tunis,Tunisie,5,0.0,0.0,300,500,Hotel
9451,1759.0,252,1608,24000.0,20,confirmed,Corporate Event,2023-05-03,Wedding,Tunis,Tunisie,3,0.0,0.0,300,500,Hotel
5645,13013.0,229,3480,23000.0,20,pending,Corporate Event,2022-03-16,Wedding,Tunis,Tunisie,3,0.0,0.0,300,500,Hotel
13983,603.0,249,22215,19000.0,20,pending,Corporate Event,2022-04-21,Wedding,Tunis,Tunisie,5,0.0,0.0,300,500,Hotel
6687,5932.0,249,22215,12000.0,0,confirmed,Wedding,2022-05-15,Birthday,Tunis,Tunisie,4,0.0,0.0,300,500,Hotel
15076,5803.0,298,962,22000.0,20,pending,Birthday,2022-06-28,Wedding,Tunis,Tunisie,2,0.0,0.0,300,500,Hotel
6247,6095.0,229,3480,25000.0,20,pending,Corporate Event,2022-08-29,Wedding,Tunis,Tunisie,1,0.0,0.0,300,500,Hotel
5022,2895.0,155,66,26000.0,0,confirmed,Corporate Event,2023-07-03,Birthday,Tunis,Tunisie,1,0.0,0.0,300,500,Hotel
17972,13665.0,203,1417,13000.0,4,pending,Corporate Event,2023-11-06,Corporate,Tunis,Tunisie,4,0.0,0.0,300,500,Hotel
9103,4816.0,298,962,17000.0,20,cancelled,Wedding,2025-06-08,Wedding,Tunis,Tunisie,4,0.0,0.0,300,500,Hotel
6199,3476.0,155,66,19000.0,0,confirmed,Corporate Event,2024-05-22,Birthday,Tunis,Tunisie,5,0.0,0.0,300,500,Hotel
14734,1344.0,176,3661,24000.0,20,confirmed,Birthday,2022-03-26,Wedding,Tunis,Tunisie,4,0.0,0.0,300,500,Hotel
5095,3736.0,176,3661,22000.0,0,pending,Corporate Event,2025-07-27,Birthday,Tunis,Tunisie,3,0.0,0.0,300,500,Hotel
12090,6340.0,249,22215,12000.0,20,pending,Birthday,2022-09-21,Wedding,Tunis,Tunisie,4,0.0,0.0,300,500,Hotel
11683,5514.0,249,22215,21000.0,20,cancelled,Wedding,2025-01-07,Wedding,Tunis,Tunisie,1,0.0,0.0,300,500,Hotel
1578,1950.0,239,4101,13000.0,4,pending,Corporate Event,2023-10-30,Corporate,Tunis,Tunisie,5,0.0,0.0,300,500,Hotel
13829,6716.0,155,66,25000.0,4,cancelled,Corporate Event,2022-03-26,Corporate,Tunis,Tunisie,2,0.0,0.0,300,500,Hotel
17985,3689.0,229,3480,20000.0,4,pending,Birthday,2022-10-27,Corporate,Tunis,Tunisie,1,0.0,0.0,300,500,Hotel
12766,2094.0,126,4896,19000.0,0,confirmed,Wedding,2023-02-22,Birthday,Tunis,Tunisie,1,0.0,0.0,300,500,Hotel
6631,8777.0,203,1258,24000.0,0,cancelled,Birthday,2025-03-02,Birthday,Tunis,Tunisie,2,0.0,0.0,300,500,Hotel
6439,7642.0,42,3577,23000.0,4,pending,Corporate Event,2025-11-30,Corporate,Tunis,Tunisie,1,0.0,0.0,300,500,Hotel
8302,12954.0,176,3661,22000.0,20,cancelled,Corporate Event,2022-11-22,Wedding,Tunis,Tunisie,1,0.0,0.0,300,500,Hotel
4224,6904.0,298,962,21000.0,20,confirmed,Birthday,2023-12-09,Wedding,Tunis,Tunisie,5,0.0,0.0,300,500,Hotel
5255,13551.0,176,3661,21000.0,20,confirmed,Wedding,2024-07-24,Wedding,Tunis,Tunisie,2,0.0,0.0,300,500,Hotel
5150,3176.0,203,1258,15000.0,4,confirmed,Birthday,2024-10-23,Corporate,Tunis,Tunisie,2,0.0,0.0,300,500,Hotel
5815,4521.0,203,1417,12000.0,4,confirmed,Birthday,2023-09-24,Corporate,Tunis,Tunisie,2,0.0,0.0,300,500,Hotel
423,8957.0,202,1983,21000.0,0,cancelled,Wedding,2023-12-10,Birthday,Tunis,Tunisie,1,0.0,0.0,300,500,Hotel
4637,11319.0,126,4896,19000.0,20,confirmed,Birthday,2024-12-30,Wedding,Tunis,Tunisie,1,0.0,0.0,300,500,Hotel
16995,8739.0,252,1608,22000.0,20,cancelled,Wedding,2025-11-16,Wedding,Tunis,Tunisie,1,0.0,0.0,300,500,Hotel
16210,2903.0,252,1608,19000.0,20,confirmed,Birthday,2024-10-17,Wedding,Tunis,Tunisie,4,0.0,0.0,300,500,Hotel
2988,7459.0,155,66,26000.0,20,confirmed,Wedding,2023-10-01,Wedding,Tunis,Tunisie,3,0.0,0.0,300,500,Hotel
9413,14106.0,252,1608,17000.0,0,pending,Corporate Event,2025-02-13,Birthday,Tunis,Tunisie,1,0.0,0.0,300,500,Hotel
13226,3300.0,239,4101,17000.0,20,cancelled,Corporate Event,2025-12-13,Wedding,Tunis,Tunisie,4,0.0,0.0,300,500,Hotel
12686,13679.0,176,3661,15000.0,20,pending,Birthday,2022-04-06,Wedding,Tunis,Tunisie,2,0.0,0.0,300,500,Hotel
6753,5217.0,252,1608,25000.0,20,confirmed,Birthday,2024-02-01,Wedding,Tunis,Tunisie,3,0.0,0.0,300,500,Hotel
15482,3010.0,229,3480,22000.0,0,pending,Wedding,2024-08-18,Birthday,Tunis,Tunisie,3,0.0,0.0,300,500,Hotel
13511,8840.0,176,3661,25000.0,20,confirmed,Birthday,2024-11-23,Wedding,Tunis,Tunisie,3,0.0,0.0,300,500,Hotel
2208,9854.0,203,1258,24000.0,20,cancelled,Birthday,2023-04-28,Wedding,Tunis,Tunisie,1,0.0,0.0,300,500,Hotel
6260,10228.0,176,3661,20000.0,20,cancelled,Birthday,2023-11-28,Wedding,Tunis,Tunisie,3,0.0,0.0,300,500,Hotel
13562,281.0,249,22215,21000.0,0,confirmed,Wedding,2022-07-01,Birthday,Tunis,Tunisie,2,0.0,0.0,300,500,Hotel
7780,1555.0,249,22215,21000.0,4,confirmed,Birthday,2022-03-06,Corporate,Tunis,Tunisie,3,0.0,0.0,300,500,Hotel
2420,3707.0,176,3661,26000.0,20,confirmed,Birthday,2025-09-28,Wedding,Tunis,Tunisie,4,0.0,0.0,300,500,Hotel
1815,6846.0,229,3480,23000.0,4,cancelled,Birthday,2024-04-21,Corporate,Tunis,Tunisie,1,0.0,0.0,300,500,Hotel
6672,5439.0,298,962,21000.0,0,confirmed,Wedding,2022-01-19,Birthday,Tunis,Tunisie,5,0.0,0.0,300,500,Hotel
17240,7795.0,229,3480,12000.0,4,cancelled,Corporate Event,2023-07-19,Corporate,Tunis,Tunisie,3,0.0,0.0,300,500,Hotel
5218,12544.0,176,3661,20000.0,20,confirmed,Corporate Event,2024-08-02,Wedding,Tunis,Tunisie,5,0.0,0.0,300,500,Hotel
2206,8372.0,176,3661,13000.0,20,pending,Wedding,2025-05-05,Wedding,Tunis,Tunisie,2,0.0,0.0,300,500,Hotel
5998,14403.0,126,4896,23000.0,4,cancelled,Birthday,2022-12-01,Corporate,Tunis,Tunisie,4,0.0,0.0,300,500,Hotel
15211,1681.0,239,4101,22000.0,20,pending,Birthday,2025-09-13,Wedding,Tunis,Tunisie,1,0.0,0.0,300,500,Hotel
8558,11010.0,203,1417,21000.0,20,pending,Corporate Event,2025-09-14,Wedding,Tunis,Tunisie,4,0.0,0.0,300,500,Hotel
13124,7733.0,203,1258,12000.0,20,cancelled,Corporate Event,2022-12-01,Wedding,Tunis,Tunisie,2,0.0,0.0,300,500,Hotel
12879,7890.0,202,1983,22000.0,4,confirmed,Wedding,2025-08-31,Corporate,Tunis,Tunisie,5,0.0,0.0,300,500,Hotel
9869,14515.0,42,3577,22000.0,0,cancelled,Wedding,2022-04-23,Birthday,Tunis,Tunisie,1,0.0,0.0,300,500,Hotel
4713,6584.0,229,3480,13000.0,0,pending,Wedding,2022-11-23,Birthday,Tunis,Tunisie,4,0.0,0.0,300,500,Hotel
17152,10325.0,126,4896,23000.0,4,cancelled,Wedding,2023-10-13,Corporate,Tunis,Tunisie,4,0.0,0.0,300,500,Hotel
6833,1683.0,203,1417,12000.0,0,cancelled,Birthday,2024-12-29,Birthday,Tunis,Tunisie,4,0.0,0.0,300,500,Hotel
11586,13452.0,155,66,22000.0,4,cancelled,Birthday,2024-09-15,Corporate,Tunis,Tunisie,2,0.0,0.0,300,500,Hotel
13273,8143.0,203,1417,22000.0,20,confirmed,Wedding,2025-07-26,Wedding,Tunis,Tunisie,2,0.0,0.0,300,500,Hotel
13229,1458.0,298,962,23000.0,20,pending,Wedding,2024-02-29,Wedding,Tunis,Tunisie,1,0.0,0.0,300,500,Hotel
14173,6083.0,203,1417,26000.0,4,pending,Corporate Event,2023-06-02,Corporate,Tunis,Tunisie,5,0.0,0.0,300,500,Hotel
15665,8375.0,252,1608,22000.0,20,confirmed,Birthday,2023-12-19,Wedding,Tunis,Tunisie,1,0.0,0.0,300,500,Hotel
13134,7409.0,298,962,24000.0,20,cancelled,Birthday,2023-02-26,Wedding,Tunis,Tunisie,3,0.0,0.0,300,500,Hotel
13835,8324.0,249,22215,13000.0,20,confirmed,Corporate Event,2022-01-26,Wedding,Tunis,Tunisie,4,0.0,0.0,300,500,Hotel
10791,12147.0,229,3480,15000.0,0,cancelled,Birthday,2023-01-29,Birthday,Tunis,Tunisie,2,0.0,0.0,300,500,Hotel
1416,7053.0,203,1417,19000.0,20,cancelled,Corporate Event,2022-11-08,Wedding,Tunis,Tunisie,5,0.0,0.0,300,500,Hotel
11285,12254.0,42,3577,17000.0,4,pending,Birthday,2022-10-07,Corporate,Tunis,Tunisie,2,0.0,0.0,300,500,Hotel
2010,7502.0,126,4896,25000.0,20,pending,Birthday,2024-09-06,Wedding,Tunis,Tunisie,1,0.0,0.0,300,500,Hotel
9764,2823.0,298,962,21000.0,4,pending,Wedding,2022-07-30,Corporate,Tunis,Tunisie,4,0.0,0.0,300,500,Hotel
13467,7088.0,229,3480,21000.0,4,pending,Birthday,2023-11-10,Corporate,Tunis,Tunisie,2,0.0,0.0,300,500,Hotel
17073,7409.0,229,3480,24000.0,20,pending,Wedding,2024-04-28,Wedding,Tunis,Tunisie,4,0.0,0.0,300,500,Hotel
7188,4225.0,126,4896,20000.0,4,cancelled,Corporate Event,2023-08-15,Corporate,Tunis,Tunisie,3,0.0,0.0,300,500,Hotel
5896,1719.0,229,3480,23000.0,4,confirmed,Corporate Event,2023-05-05,Corporate,Tunis,Tunisie,1,0.0,0.0,300,500,Hotel
1066,9085.0,239,4101,13000.0,20,pending,Wedding,2022-05-10,Wedding,Tunis,Tunisie,5,0.0,0.0,300,500,Hotel
17597,7909.0,42,3577,24000.0,0,confirmed,Wedding,2023-05-15,Birthday,Tunis,Tunisie,4,0.0,0.0,300,500,Hotel
7586,8359.0,202,1983,26000.0,0,pending,Corporate Event,2024-11-08,Birthday,Tunis,Tunisie,3,0.0,0.0,300,500,Hotel
3370,7088.0,229,3480,23000.0,14,cancelled,Corporate Event,2023-11-29,Wedding,Ariana,Tunisie,1,0.0,0.0,200,400,Venues de mariage privées
7870,5942.0,252,1608,23000.0,14,cancelled,Wedding,2024-11-05,Wedding,Ariana,Tunisie,1,0.0,0.0,200,400,Venues de mariage privées
2317,8283.0,229,3480,21000.0,0,cancelled,Birthday,2022-11-12,Birthday,Ariana,Tunisie,4,0.0,0.0,200,400,Venues de mariage privées
6644,14550.0,252,1608,19000.0,11,pending,Corporate Event,2022-04-15,Corporate,Ariana,Tunisie,3,0.0,0.0,200,400,Venues de mariage privées
10969,4317.0,126,4896,13000.0,10,cancelled,Corporate Event,2025-01-05,Wedding,Ariana,Tunisie,4,0.0,0.0,200,400,Venues de mariage privées
1545,7423.0,203,1258,20000.0,11,confirmed,Corporate Event,2023-03-17,Corporate,Ariana,Tunisie,2,0.0,0.0,200,400,Venues de mariage privées
8926,6985.0,202,1983,15000.0,14,confirmed,Birthday,2025-03-24,Wedding,Ariana,Tunisie,5,0.0,0.0,200,400,Venues de mariage privées
7070,660.0,239,4101,24000.0,10,pending,Birthday,2022-07-30,Wedding,Ariana,Tunisie,3,0.0,0.0,200,400,Venues de mariage privées
9664,2326.0,229,3480,23000.0,0,cancelled,Birthday,2022-11-02,Birthday,Ariana,Tunisie,3,0.0,0.0,200,400,Venues de mariage privées
11583,5532.0,126,4896,21000.0,0,confirmed,Corporate Event,2023-02-28,Birthday,Ariana,Tunisie,2,0.0,0.0,200,400,Venues de mariage privées
4539,13774.0,298,962,15000.0,11,cancelled,Birthday,2025-04-18,Corporate,Ariana,Tunisie,5,0.0,0.0,200,400,Venues de mariage privées
17697,7092.0,202,1983,17000.0,14,cancelled,Corporate Event,2022-10-16,Wedding,Ariana,Tunisie,5,0.0,0.0,200,400,Venues de mariage privées
11694,2922.0,176,3661,21000.0,0,confirmed,Wedding,2024-03-20,Birthday,Ariana,Tunisie,4,0.0,0.0,200,400,Venues de mariage privées
10036,1596.0,252,1608,26000.0,0,cancelled,Corporate Event,2022-01-13,Birthday,Ariana,Tunisie,4,0.0,0.0,200,400,Venues de mariage privées
2188,5641.0,252,1608,24000.0,0,cancelled,Birthday,2025-02-09,Birthday,Ariana,Tunisie,5,0.0,0.0,200,400,Venues de mariage privées
15172,13129.0,203,1417,19000.0,0,confirmed,Birthday,2025-06-23,Birthday,Ariana,Tunisie,3,0.0,0.0,200,400,Venues de mariage privées
5437,13435.0,203,1417,22000.0,10,cancelled,Corporate Event,2024-02-27,Wedding,Ariana,Tunisie,1,0.0,0.0,200,400,Venues de mariage privées
17045,13376.0,155,66,19000.0,14,cancelled,Wedding,2024-01-04,Wedding,Ariana,Tunisie,5,0.0,0.0,200,400,Venues de mariage privées
9411,11367.0,126,4896,19000.0,14,confirmed,Birthday,2024-10-28,Wedding,Ariana,Tunisie,4,0.0,0.0,200,400,Venues de mariage privées
9045,14820.0,155,66,19000.0,14,confirmed,Birthday,2023-09-13,Wedding,Ariana,Tunisie,3,0.0,0.0,200,400,Venues de mariage privées
11682,3466.0,249,22215,12000.0,0,pending,Corporate Event,2024-10-28,Birthday,Ariana,Tunisie,2,0.0,0.0,200,400,Venues de mariage privées
13496,9785.0,203,1417,24000.0,14,pending,Birthday,2022-01-17,Wedding,Ariana,Tunisie,2,0.0,0.0,200,400,Venues de mariage privées
12300,9330.0,203,1417,19000.0,14,cancelled,Birthday,2025-01-08,Wedding,Ariana,Tunisie,3,0.0,0.0,200,400,Venues de mariage privées
1110,9482.0,249,22215,24000.0,10,confirmed,Corporate Event,2023-02-08,Wedding,Ariana,Tunisie,1,0.0,0.0,200,400,Venues de mariage privées
16569,1229.0,249,22215,21000.0,11,cancelled,Wedding,2023-12-24,Corporate,Ariana,Tunisie,1,0.0,0.0,200,400,Venues de mariage privées
5047,6355.0,203,1258,26000.0,11,pending,Birthday,2023-08-31,Corporate,Ariana,Tunisie,4,0.0,0.0,200,400,Venues de mariage privées
2384,14587.0,155,66,25000.0,11,confirmed,Corporate Event,2023-12-21,Corporate,Ariana,Tunisie,4,0.0,0.0,200,400,Venues de mariage privées
11733,48480.0,155,66,19000.0,10,cancelled,Birthday,2024-07-23,Wedding,Ariana,Tunisie,3,0.0,0.0,200,400,Venues de mariage privées
4378,1545.0,42,3577,13000.0,11,pending,Wedding,2022-09-22,Corporate,Ariana,Tunisie,3,0.0,0.0,200,400,Venues de mariage privées
8294,11142.0,229,3480,13000.0,0,cancelled,Corporate Event,2023-09-27,Birthday,Ariana,Tunisie,3,0.0,0.0,200,400,Venues de mariage privées
9337,2323.0,249,22215,24000.0,10,confirmed,Birthday,2024-10-24,Wedding,Ariana,Tunisie,1,0.0,0.0,200,400,Venues de mariage privées
11264,1437.0,252,1608,15000.0,10,cancelled,Birthday,2025-03-28,Wedding,Ariana,Tunisie,2,0.0,0.0,200,400,Venues de mariage privées
5994,14916.0,155,66,21000.0,0,cancelled,Birthday,2023-11-15,Birthday,Ariana,Tunisie,4,0.0,0.0,200,400,Venues de mariage privées
14700,3947.0,252,1608,19000.0,0,confirmed,Birthday,2024-05-25,Birthday,Ariana,Tunisie,1,0.0,0.0,200,400,Venues de mariage privées
12108,1071.0,126,4896,20000.0,0,cancelled,Birthday,2022-08-12,Birthday,Ariana,Tunisie,5,0.0,0.0,200,400,Venues de mariage privées
9829,11444.0,202,1983,21000.0,0,pending,Wedding,2025-02-14,Birthday,Ariana,Tunisie,3,0.0,0.0,200,400,Venues de mariage privées
14388,1789.0,252,1608,13000.0,0,confirmed,Corporate Event,2024-12-28,Birthday,Ariana,Tunisie,1,0.0,0.0,200,400,Venues de mariage privées
14675,6110.0,239,4101,24000.0,11,cancelled,Corporate Event,2025-09-06,Corporate,Ariana,Tunisie,3,0.0,0.0,200,400,Venues de mariage privées
7793,14369.0,155,66,15000.0,0,confirmed,Corporate Event,2022-01-24,Birthday,Ariana,Tunisie,4,0.0,0.0,200,400,Venues de mariage privées
7127,4228.0,252,1608,19000.0,14,cancelled,Corporate Event,2025-06-16,Wedding,Ariana,Tunisie,1,0.0,0.0,200,400,Venues de mariage privées
10162,13003.0,203,1417,12000.0,11,cancelled,Birthday,2022-10-02,Corporate,Ariana,Tunisie,4,0.0,0.0,200,400,Venues de mariage privées
17088,4309.0,252,1608,19000.0,11,confirmed,Corporate Event,2025-01-31,Corporate,Ariana,Tunisie,4,0.0,0.0,200,400,Venues de mariage privées
8253,3174.0,252,1608,22000.0,0,cancelled,Birthday,2025-06-19,Birthday,Ariana,Tunisie,5,0.0,0.0,200,400,Venues de mariage privées
4078,14434.0,229,3480,24000.0,11,cancelled,Corporate Event,2024-10-13,Corporate,Ariana,Tunisie,3,0.0,0.0,200,400,Venues de mariage privées
8963,13418.0,252,1608,24000.0,11,cancelled,Corporate Event,2024-04-19,Corporate,Ariana,Tunisie,3,0.0,0.0,200,400,Venues de mariage privées
5932,14966.0,203,1417,19000.0,11,pending,Wedding,2025-05-23,Corporate,Ariana,Tunisie,2,0.0,0.0,200,400,Venues de mariage privées
1839,10496.0,249,22215,22000.0,14,cancelled,Wedding,2023-08-02,Wedding,Ariana,Tunisie,4,0.0,0.0,200,400,Venues de mariage privées
5644,13521.0,252,1608,15000.0,14,cancelled,Birthday,2025-04-20,Wedding,Ariana,Tunisie,5,0.0,0.0,200,400,Venues de mariage privées
1983,7091.0,202,1983,23000.0,14,confirmed,Birthday,2023-06-11,Wedding,Ariana,Tunisie,4,0.0,0.0,200,400,Venues de mariage privées
1811,14421.0,239,4101,17000.0,0,confirmed,Birthday,2022-01-05,Birthday,Ariana,Tunisie,2,0.0,0.0,200,400,Venues de mariage privées
17211,5723.0,252,1608,26000.0,0,cancelled,Birthday,2024-07-20,Birthday,Ariana,Tunisie,1,0.0,0.0,200,400,Venues de mariage privées
9661,5146.0,249,22215,13000.0,0,cancelled,Wedding,2025-07-13,Birthday,Ariana,Tunisie,4,0.0,0.0,200,400,Venues de mariage privées
9118,13889.0,203,1258,19000.0,10,pending,Wedding,2025-05-21,Wedding,Ariana,Tunisie,4,0.0,0.0,200,400,Venues de mariage privées
8887,3312.0,42,3577,23000.0,11,pending,Corporate Event,2024-10-24,Corporate,Ariana,Tunisie,5,0.0,0.0,200,400,Venues de mariage privées
9975,10234.0,203,1417,25000.0,0,confirmed,Wedding,2025-11-24,Birthday,Ariana,Tunisie,1,0.0,0.0,200,400,Venues de mariage privées
4835,11077.0,239,4101,15000.0,11,confirmed,Corporate Event,2025-02-17,Corporate,Ariana,Tunisie,3,0.0,0.0,200,400,Venues de mariage privées
4942,10271.0,239,4101,19000.0,0,confirmed,Birthday,2025-10-28,Birthday,Ariana,Tunisie,3,0.0,0.0,200,400,Venues de mariage privées
16522,1925.0,229,3480,25000.0,11,cancelled,Corporate Event,2022-03-02,Corporate,Ariana,Tunisie,4,0.0,0.0,200,400,Venues de mariage privées
8260,13709.0,126,4896,21000.0,14,pending,Birthday,2022-07-30,Wedding,Ariana,Tunisie,1,0.0,0.0,200,400,Venues de mariage privées
3960,10616.0,252,1608,24000.0,0,pending,Wedding,2023-02-27,Birthday,Ariana,Tunisie,4,0.0,0.0,200,400,Venues de mariage privées
9947,6044.0,239,4101,20000.0,10,pending,Corporate Event,2023-03-17,Wedding,Ariana,Tunisie,3,0.0,0.0,200,400,Venues de mariage privées
4962,2552.0,42,3577,15000.0,0,confirmed,Birthday,2022-01-03,Birthday,Ariana,Tunisie,2,0.0,0.0,200,400,Venues de mariage privées
1225,1637.0,252,1608,15000.0,11,confirmed,Birthday,2025-10-09,Corporate,Ariana,Tunisie,2,0.0,0.0,200,400,Venues de mariage privées
536,7614.0,42,3577,20000.0,10,pending,Birthday,2023-07-13,Wedding,Ariana,Tunisie,1,0.0,0.0,200,400,Venues de mariage privées
2439,8905.0,203,1258,26000.0,10,confirmed,Corporate Event,2025-06-28,Wedding,Ariana,Tunisie,1,0.0,0.0,200,400,Venues de mariage privées
2770,3043.0,155,66,26000.0,0,pending,Wedding,2022-04-18,Birthday,Ariana,Tunisie,5,0.0,0.0,200,400,Venues de mariage privées
5548,2528.0,252,1608,15000.0,11,cancelled,Corporate Event,2024-02-18,Corporate,Ariana,Tunisie,5,0.0,0.0,200,400,Venues de mariage privées
3089,7743.0,176,3661,25000.0,14,confirmed,Corporate Event,2024-01-06,Wedding,Ariana,Tunisie,2,0.0,0.0,200,400,Venues de mariage privées
6384,9671.0,229,3480,20000.0,0,cancelled,Corporate Event,2023-07-31,Birthday,Ariana,Tunisie,5,0.0,0.0,200,400,Venues de mariage privées
2147,12547.0,202,1983,17000.0,14,confirmed,Birthday,2022-07-31,Wedding,Ariana,Tunisie,1,0.0,0.0,200,400,Venues de mariage privées
2086,8689.0,203,1258,26000.0,14,cancelled,Corporate Event,2025-11-23,Wedding,Ariana,Tunisie,5,0.0,0.0,200,400,Venues de mariage privées
13717,5202.0,126,4896,22000.0,14,cancelled,Corporate Event,2023-06-01,Wedding,Ariana,Tunisie,2,0.0,0.0,200,400,Venues de mariage privées
3397,96810.0,42,3577,21000.0,0,cancelled,Wedding,2022-01-07,Birthday,Ariana,Tunisie,2,0.0,0.0,200,400,Venues de mariage privées
12644,6168.0,203,1417,17000.0,14,pending,Corporate Event,2024-11-15,Wedding,Ariana,Tunisie,1,0.0,0.0,200,400,Venues de mariage privées
3593,8667.0,203,1417,12000.0,0,confirmed,Birthday,2024-08-08,Birthday,Ariana,Tunisie,5,0.0,0.0,200,400,Venues de mariage privées
10715,8293.0,42,3577,19000.0,11,cancelled,Corporate Event,2023-04-19,Corporate,Ariana,Tunisie,1,0.0,0.0,200,400,Venues de mariage privées
4881,574.0,176,3661,26000.0,0,confirmed,Wedding,2025-01-01,Birthday,Ariana,Tunisie,1,0.0,0.0,200,400,Venues de mariage privées
10498,9353.0,126,4896,21000.0,11,cancelled,Corporate Event,2025-10-28,Corporate,Ariana,Tunisie,2,0.0,0.0,200,400,Venues de mariage privées
7971,2193.0,126,4896,19000.0,10,pending,Corporate Event,2025-06-20,Wedding,Ariana,Tunisie,5,0.0,0.0,200,400,Venues de mariage privées
5577,11421.0,229,3480,19000.0,10,confirmed,Birthday,2023-05-16,Wedding,Ariana,Tunisie,3,0.0,0.0,200,400,Venues de mariage privées
14912,3360.0,203,1417,19000.0,10,cancelled,Corporate Event,2025-09-29,Wedding,Ariana,Tunisie,4,0.0,0.0,200,400,Venues de mariage privées
12091,12595.0,176,3661,23000.0,11,cancelled,Wedding,2023-03-12,Corporate,Ariana,Tunisie,4,0.0,0.0,200,400,Venues de mariage privées
14016,13061.0,229,3480,19000.0,10,confirmed,Corporate Event,2023-03-11,Wedding,Ariana,Tunisie,3,0.0,0.0,200,400,Venues de mariage privées
12734,14984.0,239,4101,19000.0,10,confirmed,Wedding,2022-03-03,Wedding,Ariana,Tunisie,5,0.0,0.0,200,400,Venues de mariage privées
9027,11115.0,252,1608,15000.0,10,pending,Wedding,2022-08-10,Wedding,Ariana,Tunisie,1,0.0,0.0,200,400,Venues de mariage privées
136,2828.0,155,66,21000.0,10,confirmed,Birthday,2025-03-28,Wedding,Ariana,Tunisie,1,0.0,0.0,200,400,Venues de mariage privées
14991,4377.0,239,4101,24000.0,10,cancelled,Birthday,2025-11-29,Wedding,Ariana,Tunisie,5,0.0,0.0,200,400,Venues de mariage privées
4188,13838.0,249,22215,21000.0,11,cancelled,Birthday,2023-01-20,Corporate,Ariana,Tunisie,4,0.0,0.0,200,400,Venues de mariage privées
17098,13336.0,249,22215,25000.0,10,confirmed,Birthday,2024-06-16,Wedding,Ariana,Tunisie,2,0.0,0.0,200,400,Venues de mariage privées
9122,6170.0,298,962,22000.0,11,cancelled,Corporate Event,2024-11-13,Corporate,Ariana,Tunisie,2,0.0,0.0,200,400,Venues de mariage privées
730,479.0,229,3480,20000.0,10,confirmed,Birthday,2023-04-11,Wedding,Ariana,Tunisie,1,0.0,0.0,200,400,Venues de mariage privées
13966,2617.0,298,962,26000.0,11,confirmed,Corporate Event,2022-01-25,Corporate,Ariana,Tunisie,2,0.0,0.0,200,400,Venues de mariage privées
1928,11674.0,176,3661,21000.0,0,confirmed,Birthday,2022-03-25,Birthday,Ariana,Tunisie,1,0.0,0.0,200,400,Venues de mariage privées
13858,5876.0,202,1983,22000.0,14,cancelled,Wedding,2025-10-26,Wedding,Ariana,Tunisie,1,0.0,0.0,200,400,Venues de mariage privées
10336,3357.0,42,3577,22000.0,10,cancelled,Birthday,2022-11-26,Wedding,Ariana,Tunisie,3,0.0,0.0,200,400,Venues de mariage privées
11911,14902.0,229,3480,15000.0,10,cancelled,Wedding,2024-11-21,Wedding,Ariana,Tunisie,5,0.0,0.0,200,400,Venues de mariage privées
17192,14320.0,229,3480,25000.0,14,pending,Birthday,2023-01-13,Wedding,Ariana,Tunisie,1,0.0,0.0,200,400,Venues de mariage privées
16308,2466.0,203,1417,13000.0,11,cancelled,Corporate Event,2023-03-05,Corporate,Ariana,Tunisie,2,0.0,0.0,200,400,Venues de mariage privées
12872,5000.0,42,3577,21000.0,0,cancelled,Corporate Event,2025-02-01,Birthday,Ariana,Tunisie,4,0.0,0.0,200,400,Venues de mariage privées
7621,11570.0,203,1258,22000.0,11,confirmed,Birthday,2022-10-11,Corporate,Ariana,Tunisie,5,0.0,0.0,200,400,Venues de mariage privées
8458,11292.0,249,22215,26000.0,11,pending,Wedding,2025-08-19,Corporate,Ariana,Tunisie,1,0.0,0.0,200,400,Venues de mariage privées
1708,6401.0,249,22215,21000.0,10,cancelled,Birthday,2024-10-13,Wedding,Ariana,Tunisie,3,0.0,0.0,200,400,Venues de mariage privées
16388,208.0,298,962,20000.0,14,confirmed,Birthday,2023-01-12,Wedding,Ariana,Tunisie,3,0.0,0.0,200,400,Venues de mariage privées
619,6091.0,42,3577,17000.0,0,confirmed,Corporate Event,2022-07-21,Birthday,Ariana,Tunisie,5,0.0,0.0,200,400,Venues de mariage privées
17705,14702.0,203,1258,20000.0,10,confirmed,Corporate Event,2023-02-15,Wedding,Ariana,Tunisie,3,0.0,0.0,200,400,Venues de mariage privées
9536,10316.0,249,22215,23000.0,14,cancelled,Birthday,2023-12-03,Wedding,Ariana,Tunisie,5,0.0,0.0,200,400,Venues de mariage privées
10433,11088.0,155,66,17000.0,11,confirmed,Corporate Event,2023-07-21,Corporate,Ariana,Tunisie,1,0.0,0.0,200,400,Venues de mariage privées
362,13070.0,202,1983,15000.0,11,confirmed,Corporate Event,2024-04-24,Corporate,Ariana,Tunisie,2,0.0,0.0,200,400,Venues de mariage privées
4327,2402.0,176,3661,20000.0,10,confirmed,Birthday,2022-09-23,Wedding,Ariana,Tunisie,5,0.0,0.0,200,400,Venues de mariage privées
17895,14513.0,126,4896,23000.0,10,confirmed,Wedding,2022-07-24,Wedding,Ariana,Tunisie,5,0.0,0.0,200,400,Venues de mariage privées
6271,4014.0,229,3480,26000.0,0,confirmed,Wedding,2024-10-25,Birthday,Ariana,Tunisie,3,0.0,0.0,200,400,Venues de mariage privées
658,14690.0,239,4101,13000.0,10,pending,Wedding,2023-10-25,Wedding,Ariana,Tunisie,4,0.0,0.0,200,400,Venues de mariage privées
4753,3023.0,203,1258,24000.0,0,pending,Birthday,2022-02-23,Birthday,Ariana,Tunisie,1,0.0,0.0,200,400,Venues de mariage privées
11310,7183.0,155,66,12000.0,10,pending,Birthday,2022-06-30,Wedding,Ariana,Tunisie,2,0.0,0.0,200,400,Venues de mariage privées
72,2933.0,202,1983,26000.0,14,pending,Wedding,2023-06-08,Wedding,Ariana,Tunisie,5,0.0,0.0,200,400,Venues de mariage privées
3297,11600.0,203,1258,19000.0,0,pending,Wedding,2023-08-11,Birthday,Ariana,Tunisie,2,0.0,0.0,200,400,Venues de mariage privées
12476,11901.0,203,1417,20000.0,14,cancelled,Birthday,2023-02-24,Wedding,Ariana,Tunisie,1,0.0,0.0,200,400,Venues de mariage privées
553,8695.0,155,66,13000.0,0,pending,Corporate Event,2022-05-11,Birthday,Ariana,Tunisie,4,0.0,0.0,200,400,Venues de mariage privées
8249,77900.0,229,3480,19000.0,0,pending,Wedding,2025-03-23,Birthday,Ariana,Tunisie,1,0.0,0.0,200,400,Venues de mariage privées
12716,3826.0,239,4101,26000.0,11,confirmed,Wedding,2024-10-15,Corporate,Ariana,Tunisie,4,0.0,0.0,200,400,Venues de mariage privées
3769,2519.0,298,962,24000.0,0,confirmed,Birthday,2022-10-30,Birthday,Ariana,Tunisie,4,0.0,0.0,200,400,Venues de mariage privées
12484,1738.0,203,1258,20000.0,11,confirmed,Wedding,2022-09-20,Corporate,Ariana,Tunisie,2,0.0,0.0,200,400,Venues de mariage privées
417,11699.0,239,4101,17000.0,14,cancelled,Birthday,2025-08-31,Wedding,Ariana,Tunisie,4,0.0,0.0,200,400,Venues de mariage privées
9022,8359.0,155,66,21000.0,11,pending,Birthday,2022-01-15,Corporate,Ariana,Tunisie,5,0.0,0.0,200,400,Venues de mariage privées
1123,10762.0,252,1608,15000.0,14,cancelled,Wedding,2022-07-21,Wedding,Ariana,Tunisie,4,0.0,0.0,200,400,Venues de mariage privées
14101,4819.0,155,66,20000.0,14,pending,Corporate Event,2025-02-04,Wedding,Ariana,Tunisie,2,0.0,0.0,200,400,Venues de mariage privées
15252,5828.0,176,3661,12000.0,11,pending,Birthday,2022-10-09,Corporate,Ariana,Tunisie,1,0.0,0.0,200,400,Venues de mariage privées
6383,6718.0,42,3577,13000.0,0,confirmed,Birthday,2023-12-12,Birthday,Ariana,Tunisie,2,0.0,0.0,200,400,Venues de mariage privées
17997,81060.0,229,3480,23000.0,11,cancelled,Birthday,2023-11-25,Corporate,Ariana,Tunisie,3,0.0,0.0,200,400,Venues de mariage privées
16226,5557.0,203,1258,25000.0,10,confirmed,Birthday,2023-03-04,Wedding,Ariana,Tunisie,3,0.0,0.0,200,400,Venues de mariage privées
16913,6890.0,202,1983,25000.0,0,pending,Corporate Event,2022-03-20,Birthday,Ariana,Tunisie,2,0.0,0.0,200,400,Venues de mariage privées
4492,1546.0,203,1258,25000.0,10,cancelled,Corporate Event,2023-10-28,Wedding,Ariana,Tunisie,1,0.0,0.0,200,400,Venues de mariage privées
316,3062.0,229,3480,25000.0,11,confirmed,Corporate Event,2023-05-27,Corporate,Ariana,Tunisie,4,0.0,0.0,200,400,Venues de mariage privées
15774,5995.0,203,1417,13000.0,10,pending,Corporate Event,2023-05-06,Wedding,Ariana,Tunisie,5,0.0,0.0,200,400,Venues de mariage privées
15323,1985.0,42,3577,13000.0,0,pending,Corporate Event,2025-01-18,Birthday,Ariana,Tunisie,4,0.0,0.0,200,400,Venues de mariage privées
1823,622.0,126,4896,20000.0,11,cancelled,Wedding,2024-04-24,Corporate,Ariana,Tunisie,3,0.0,0.0,200,400,Venues de mariage privées
15158,5368.0,126,4896,22000.0,0,pending,Wedding,2025-01-15,Birthday,Ariana,Tunisie,1,0.0,0.0,200,400,Venues de mariage privées
15324,133640.0,229,3480,25000.0,14,confirmed,Birthday,2022-06-03,Wedding,Ariana,Tunisie,3,0.0,0.0,200,400,Venues de mariage privées
14798,6205.0,155,66,21000.0,10,confirmed,Wedding,2022-01-08,Wedding,Ariana,Tunisie,2,0.0,0.0,200,400,Venues de mariage privées
15441,3769.0,203,1417,22000.0,11,confirmed,Wedding,2023-05-05,Corporate,Ariana,Tunisie,2,0.0,0.0,200,400,Venues de mariage privées
13031,5511.0,176,3661,22000.0,0,confirmed,Corporate Event,2024-12-23,Birthday,Ariana,Tunisie,1,0.0,0.0,200,400,Venues de mariage privées
14650,3061.0,298,962,19000.0,0,confirmed,Birthday,2022-06-03,Birthday,Ariana,Tunisie,3,0.0,0.0,200,400,Venues de mariage privées
6819,1900.0,42,3577,25000.0,11,pending,Wedding,2025-03-20,Corporate,Ariana,Tunisie,2,0.0,0.0,200,400,Venues de mariage privées
7554,12046.0,126,4896,12000.0,10,pending,Wedding,2023-11-20,Wedding,Ariana,Tunisie,1,0.0,0.0,200,400,Venues de mariage privées
11751,7746.0,203,1417,24000.0,0,confirmed,Birthday,2025-09-09,Birthday,Ariana,Tunisie,5,0.0,0.0,200,400,Venues de mariage privées
14626,6587.0,202,1983,17000.0,10,cancelled,Corporate Event,2025-04-17,Wedding,Ariana,Tunisie,5,0.0,0.0,200,400,Venues de mariage privées
15994,10913.0,203,1417,15000.0,14,confirmed,Corporate Event,2022-10-21,Wedding,Ariana,Tunisie,5,0.0,0.0,200,400,Venues de mariage privées
15949,11804.0,229,3480,22000.0,14,pending,Birthday,2024-05-20,Wedding,Ariana,Tunisie,2,0.0,0.0,200,400,Venues de mariage privées
7075,871.0,252,1608,15000.0,11,pending,Birthday,2023-04-22,Corporate,Ariana,Tunisie,5,0.0,0.0,200,400,Venues de mariage privées
17308,6296.0,298,962,26000.0,11,confirmed,Birthday,2023-02-16,Corporate,Ariana,Tunisie,1,0.0,0.0,200,400,Venues de mariage privées
6232,6254.0,298,962,25000.0,10,cancelled,Birthday,2024-01-18,Wedding,Ariana,Tunisie,2,0.0,0.0,200,400,Venues de mariage privées
4395,8385.0,298,962,24000.0,0,pending,Corporate Event,2025-06-06,Birthday,Ariana,Tunisie,5,0.0,0.0,200,400,Venues de mariage privées
4444,570.0,42,3577,22000.0,0,confirmed,Birthday,2024-11-24,Birthday,Ariana,Tunisie,4,0.0,0.0,200,400,Venues de mariage privées
2488,3662.0,298,962,13000.0,11,cancelled,Corporate Event,2023-08-27,Corporate,Ariana,Tunisie,2,0.0,0.0,200,400,Venues de mariage privées
16832,11260.0,155,66,13000.0,10,cancelled,Corporate Event,2022-08-27,Wedding,Ariana,Tunisie,2,0.0,0.0,200,400,Venues de mariage privées
2556,11088.0,229,3480,24000.0,11,cancelled,Corporate Event,2025-09-08,Corporate,Ariana,Tunisie,2,0.0,0.0,200,400,Venues de mariage privées
8609,12648.0,239,4101,15000.0,10,cancelled,Birthday,2024-06-05,Wedding,Ariana,Tunisie,2,0.0,0.0,200,400,Venues de mariage privées
9462,8647.0,176,3661,17000.0,14,cancelled,Birthday,2023-06-11,Wedding,Ariana,Tunisie,1,0.0,0.0,200,400,Venues de mariage privées
16175,1861.0,298,962,15000.0,10,pending,Corporate Event,2023-03-05,Wedding,Ariana,Tunisie,3,0.0,0.0,200,400,Venues de mariage privées
1847,7458.0,249,22215,20000.0,10,pending,Corporate Event,2025-03-14,Wedding,Ariana,Tunisie,5,0.0,0.0,200,400,Venues de mariage privées
14596,7396.0,203,1258,23000.0,11,cancelled,Birthday,2025-02-24,Corporate,Ariana,Tunisie,5,0.0,0.0,200,400,Venues de mariage privées
4484,4759.0,176,3661,21000.0,11,cancelled,Wedding,2025-04-21,Corporate,Ariana,Tunisie,5,0.0,0.0,200,400,Venues de mariage privées
7287,6731.0,298,962,26000.0,11,cancelled,Corporate Event,2024-10-11,Corporate,Ariana,Tunisie,5,0.0,0.0,200,400,Venues de mariage privées
4531,13304.0,298,962,17000.0,11,pending,Wedding,2025-05-09,Corporate,Ariana,Tunisie,2,0.0,0.0,200,400,Venues de mariage privées
2209,7551.0,252,1608,22000.0,0,pending,Corporate Event,2025-02-11,Birthday,Ariana,Tunisie,5,0.0,0.0,200,400,Venues de mariage privées
6206,1694.0,239,4101,23000.0,11,cancelled,Birthday,2025-05-10,Corporate,Ariana,Tunisie,2,0.0,0.0,200,400,Venues de mariage privées
5991,3707.0,229,3480,19000.0,0,cancelled,Wedding,2023-03-22,Birthday,Ariana,Tunisie,5,0.0,0.0,200,400,Venues de mariage privées
7409,11658.0,229,3480,22000.0,14,pending,Corporate Event,2022-12-08,Wedding,Ariana,Tunisie,4,0.0,0.0,200,400,Venues de mariage privées
15388,13108.0,42,3577,22000.0,14,confirmed,Wedding,2025-02-26,Wedding,Ariana,Tunisie,2,0.0,0.0,200,400,Venues de mariage privées
1951,512.0,239,4101,15000.0,10,confirmed,Birthday,2024-04-25,Wedding,Ariana,Tunisie,1,0.0,0.0,200,400,Venues de mariage privées
3756,3955.0,239,4101,20000.0,10,pending,Birthday,2023-08-20,Wedding,Ariana,Tunisie,3,0.0,0.0,200,400,Venues de mariage privées
11797,11576.0,239,4101,21000.0,14,confirmed,Birthday,2025-04-18,Wedding,Ariana,Tunisie,3,0.0,0.0,200,400,Venues de mariage privées
354,9851.0,239,4101,19000.0,11,cancelled,Corporate Event,2024-11-16,Corporate,Ariana,Tunisie,2,0.0,0.0,200,400,Venues de mariage privées
9986,7728.0,249,22215,24000.0,10,pending,Wedding,2023-07-16,Wedding,Ariana,Tunisie,2,0.0,0.0,200,400,Venues de mariage privées
234,14929.0,203,1258,22000.0,0,cancelled,Birthday,2024-04-23,Birthday,Ariana,Tunisie,5,0.0,0.0,200,400,Venues de mariage privées
6911,9973.0,203,1258,20000.0,14,confirmed,Corporate Event,2023-05-09,Wedding,Ariana,Tunisie,5,0.0,0.0,200,400,Venues de mariage privées
6424,5045.0,202,1983,17000.0,11,pending,Birthday,2025-03-13,Corporate,Ariana,Tunisie,3,0.0,0.0,200,400,Venues de mariage privées
11022,13860.0,42,3577,15000.0,11,cancelled,Corporate Event,2023-03-20,Corporate,Ariana,Tunisie,3,0.0,0.0,200,400,Venues de mariage privées
15300,9012.0,202,1983,19000.0,0,pending,Birthday,2025-04-08,Birthday,Ariana,Tunisie,2,0.0,0.0,200,400,Venues de mariage privées
14544,4371.0,229,3480,19000.0,0,confirmed,Corporate Event,2024-04-18,Birthday,Ariana,Tunisie,5,0.0,0.0,200,400,Venues de mariage privées
603,837.0,252,1608,26000.0,0,cancelled,Birthday,2025-05-29,Birthday,Ariana,Tunisie,2,0.0,0.0,200,400,Venues de mariage privées
4632,3460.0,203,1258,13000.0,0,cancelled,Birthday,2025-03-14,Birthday,Ariana,Tunisie,4,0.0,0.0,200,400,Venues de mariage privées
9239,241.0,252,1608,24000.0,14,cancelled,Birthday,2024-06-03,Wedding,Ariana,Tunisie,4,0.0,0.0,200,400,Venues de mariage privées
13484,8898.0,239,4101,15000.0,0,confirmed,Wedding,2022-02-19,Birthday,Ariana,Tunisie,5,0.0,0.0,200,400,Venues de mariage privées
4776,11859.0,42,3577,13000.0,14,confirmed,Birthday,2023-08-05,Wedding,Ariana,Tunisie,1,0.0,0.0,200,400,Venues de mariage privées
11526,5439.0,298,962,26000.0,11,pending,Corporate Event,2022-04-24,Corporate,Ariana,Tunisie,3,0.0,0.0,200,400,Venues de mariage privées
8307,11436.0,203,1417,22000.0,11,cancelled,Wedding,2023-10-01,Corporate,Ariana,Tunisie,2,0.0,0.0,200,400,Venues de mariage privées
2842,10735.0,229,3480,12000.0,11,confirmed,Wedding,2024-04-08,Corporate,Ariana,Tunisie,1,0.0,0.0,200,400,Venues de mariage privées
12370,10708.0,42,3577,24000.0,0,pending,Wedding,2024-09-05,Birthday,Ariana,Tunisie,1,0.0,0.0,200,400,Venues de mariage privées
14502,6175.0,229,3480,13000.0,14,cancelled,Corporate Event,2024-01-19,Wedding,Ariana,Tunisie,5,0.0,0.0,200,400,Venues de mariage privées
17171,7349.0,202,1983,21000.0,14,pending,Corporate Event,2022-12-18,Wedding,Ariana,Tunisie,2,0.0,0.0,200,400,Venues de mariage privées
16925,999.0,126,4896,26000.0,14,cancelled,Birthday,2023-05-08,Wedding,Ariana,Tunisie,2,0.0,0.0,200,400,Venues de mariage privées
6708,5786.0,203,1258,17000.0,14,confirmed,Wedding,2023-08-01,Wedding,Ariana,Tunisie,5,0.0,0.0,200,400,Venues de mariage privées
12618,3584.0,298,962,25000.0,10,pending,Birthday,2025-05-01,Wedding,Ariana,Tunisie,4,0.0,0.0,200,400,Venues de mariage privées
1443,9101.0,202,1983,25000.0,0,pending,Corporate Event,2025-05-12,Birthday,Ariana,Tunisie,4,0.0,0.0,200,400,Venues de mariage privées
5188,10514.0,176,3661,15000.0,10,confirmed,Birthday,2024-10-29,Wedding,Ariana,Tunisie,1,0.0,0.0,200,400,Venues de mariage privées
70,7728.0,176,3661,24000.0,10,pending,Wedding,2022-08-14,Wedding,Ariana,Tunisie,3,0.0,0.0,200,400,Venues de mariage privées
14508,4945.0,202,1983,23000.0,14,cancelled,Birthday,2022-11-24,Wedding,Ariana,Tunisie,5,0.0,0.0,200,400,Venues de mariage privées
6094,3679.0,126,4896,13000.0,14,confirmed,Wedding,2025-10-24,Wedding,Ariana,Tunisie,4,0.0,0.0,200,400,Venues de mariage privées
8174,1390.0,126,4896,23000.0,14,pending,Birthday,2025-01-18,Wedding,Ariana,Tunisie,4,0.0,0.0,200,400,Venues de mariage privées
1865,6133.0,239,4101,25000.0,11,cancelled,Corporate Event,2022-01-05,Corporate,Ariana,Tunisie,2,0.0,0.0,200,400,Venues de mariage privées
9908,12443.0,239,4101,19000.0,10,pending,Corporate Event,2023-12-11,Wedding,Ariana,Tunisie,2,0.0,0.0,200,400,Venues de mariage privées
4789,11685.0,42,3577,22000.0,11,pending,Corporate Event,2023-04-10,Corporate,Ariana,Tunisie,3,0.0,0.0,200,400,Venues de mariage privées
1386,2044.0,126,4896,23000.0,0,confirmed,Wedding,2025-12-23,Birthday,Ariana,Tunisie,4,0.0,0.0,200,400,Venues de mariage privées
10837,13347.0,176,3661,13000.0,14,cancelled,Wedding,2025-09-14,Wedding,Ariana,Tunisie,5,0.0,0.0,200,400,Venues de mariage privées
12512,9851.0,126,4896,25000.0,10,cancelled,Birthday,2025-09-30,Wedding,Ariana,Tunisie,3,0.0,0.0,200,400,Venues de mariage privées
438,13485.0,252,1608,12000.0,10,confirmed,Birthday,2023-05-18,Wedding,Ariana,Tunisie,5,0.0,0.0,200,400,Venues de mariage privées
4116,14205.0,203,1417,19000.0,10,pending,Birthday,2023-06-06,Wedding,Ariana,Tunisie,1,0.0,0.0,200,400,Venues de mariage privées
8893,8967.0,203,1258,15000.0,0,cancelled,Wedding,2024-08-18,Birthday,Ariana,Tunisie,5,0.0,0.0,200,400,Venues de mariage privées
6182,2114.0,155,66,23000.0,0,cancelled,Corporate Event,2023-11-20,Birthday,Ariana,Tunisie,1,0.0,0.0,200,400,Venues de mariage privées
12744,8032.0,252,1608,26000.0,10,pending,Wedding,2025-11-14,Wedding,Ariana,Tunisie,3,0.0,0.0,200,400,Venues de mariage privées
5957,13769.0,202,1983,13000.0,10,confirmed,Wedding,2025-09-19,Wedding,Ariana,Tunisie,3,0.0,0.0,200,400,Venues de mariage privées
11311,1075.0,249,22215,19000.0,14,pending,Birthday,2025-08-17,Wedding,Ariana,Tunisie,5,0.0,0.0,200,400,Venues de mariage privées
17781,1387.0,239,4101,12000.0,11,cancelled,Corporate Event,2024-08-22,Corporate,Ariana,Tunisie,3,0.0,0.0,200,400,Venues de mariage privées
4691,2598.0,239,4101,25000.0,0,cancelled,Corporate Event,2023-03-15,Birthday,Ariana,Tunisie,5,0.0,0.0,200,400,Venues de mariage privées
5364,6745.0,126,4896,21000.0,10,confirmed,Corporate Event,2024-08-07,Wedding,Ariana,Tunisie,1,0.0,0.0,200,400,Venues de mariage privées
13491,11888.0,229,3480,12000.0,0,cancelled,Corporate Event,2025-07-25,Birthday,Ariana,Tunisie,5,0.0,0.0,200,400,Venues de mariage privées
8449,4672.0,202,1983,19000.0,0,confirmed,Wedding,2023-10-16,Birthday,Ariana,Tunisie,2,0.0,0.0,200,400,Venues de mariage privées
11712,11611.0,203,1258,12000.0,14,confirmed,Wedding,2022-04-18,Wedding,Ariana,Tunisie,3,0.0,0.0,200,400,Venues de mariage privées
17470,2427.0,202,1983,23000.0,11,cancelled,Corporate Event,2024-03-16,Corporate,Ariana,Tunisie,5,0.0,0.0,200,400,Venues de mariage privées
12280,1743.0,155,66,12000.0,14,pending,Wedding,2024-07-19,Wedding,Ariana,Tunisie,4,0.0,0.0,200,400,Venues de mariage privées
17416,7480.0,203,1417,26000.0,14,cancelled,Corporate Event,2022-12-31,Wedding,Ariana,Tunisie,1,0.0,0.0,200,400,Venues de mariage privées
8457,1450.0,249,22215,22000.0,14,pending,Corporate Event,2024-03-26,Wedding,Ariana,Tunisie,1,0.0,0.0,200,400,Venues de mariage privées
3011,4731.0,203,1417,20000.0,0,pending,Birthday,2023-08-24,Birthday,Ariana,Tunisie,5,0.0,0.0,200,400,Venues de mariage privées
1821,13223.0,298,962,15000.0,0,pending,Wedding,2024-04-15,Birthday,Ariana,Tunisie,4,0.0,0.0,200,400,Venues de mariage privées
10637,3579.0,298,962,15000.0,14,cancelled,Corporate Event,2023-10-10,Wedding,Ariana,Tunisie,5,0.0,0.0,200,400,Venues de mariage privées
1656,14375.0,202,1983,23000.0,10,confirmed,Wedding,2025-12-11,Wedding,Ariana,Tunisie,4,0.0,0.0,200,400,Venues de mariage privées
4401,5689.0,249,22215,23000.0,10,pending,Birthday,2024-01-23,Wedding,Ariana,Tunisie,1,0.0,0.0,200,400,Venues de mariage privées
3032,12697.0,203,1258,19000.0,0,pending,Birthday,2022-04-25,Birthday,Ariana,Tunisie,5,0.0,0.0,200,400,Venues de mariage privées
5461,4587.0,203,1417,20000.0,10,confirmed,Corporate Event,2023-09-14,Wedding,Ariana,Tunisie,5,0.0,0.0,200,400,Venues de mariage privées
5159,9746.0,155,66,20000.0,10,cancelled,Birthday,2022-01-21,Wedding,Ariana,Tunisie,5,0.0,0.0,200,400,Venues de mariage privées
6763,4696.0,155,66,19000.0,10,confirmed,Corporate Event,2023-04-30,Wedding,Ariana,Tunisie,5,0.0,0.0,200,400,Venues de mariage privées
16729,13896.0,203,1258,12000.0,14,pending,Birthday,2022-08-19,Wedding,Ariana,Tunisie,3,0.0,0.0,200,400,Venues de mariage privées
15593,12138.0,126,4896,17000.0,11,pending,Corporate Event,2025-04-21,Corporate,Ariana,Tunisie,2,0.0,0.0,200,400,Venues de mariage privées
15018,988.0,203,1417,25000.0,0,pending,Birthday,2024-07-07,Birthday,Ariana,Tunisie,4,0.0,0.0,200,400,Venues de mariage privées
9303,10605.0,126,4896,13000.0,11,confirmed,Corporate Event,2022-05-27,Corporate,Ariana,Tunisie,1,0.0,0.0,200,400,Venues de mariage privées
5600,14989.0,239,4101,12000.0,11,cancelled,Wedding,2024-11-18,Corporate,Ariana,Tunisie,4,0.0,0.0,200,400,Venues de mariage privées
13054,9103.0,229,3480,22000.0,10,cancelled,Birthday,2024-03-12,Wedding,Ariana,Tunisie,4,0.0,0.0,200,400,Venues de mariage privées
5755,8803.0,229,3480,22000.0,14,pending,Birthday,2023-08-28,Wedding,Ariana,Tunisie,3,0.0,0.0,200,400,Venues de mariage privées
13195,5397.0,229,3480,22000.0,11,confirmed,Wedding,2022-11-17,Corporate,Ariana,Tunisie,2,0.0,0.0,200,400,Venues de mariage privées
98,6721.0,298,962,17000.0,14,cancelled,Wedding,2025-06-27,Wedding,Ariana,Tunisie,4,0.0,0.0,200,400,Venues de mariage privées
11857,7974.0,202,1983,25000.0,10,pending,Corporate Event,2024-05-28,Wedding,Ariana,Tunisie,2,0.0,0.0,200,400,Venues de mariage privées
2666,6200.0,155,66,19000.0,0,pending,Wedding,2025-06-14,Birthday,Ariana,Tunisie,2,0.0,0.0,200,400,Venues de mariage privées
12072,3749.0,249,22215,13000.0,10,pending,Wedding,2023-03-03,Wedding,Ariana,Tunisie,3,0.0,0.0,200,400,Venues de mariage privées
15163,6836.0,155,66,15000.0,10,cancelled,Birthday,2024-02-01,Wedding,Ariana,Tunisie,1,0.0,0.0,200,400,Venues de mariage privées
2271,13018.0,126,4896,25000.0,0,cancelled,Wedding,2022-02-11,Birthday,Ariana,Tunisie,3,0.0,0.0,200,400,Venues de mariage privées
12741,870.0,42,3577,13000.0,14,confirmed,Corporate Event,2025-03-22,Wedding,Ariana,Tunisie,2,0.0,0.0,200,400,Venues de mariage privées
15574,14960.0,176,3661,26000.0,14,confirmed,Corporate Event,2024-10-01,Wedding,Ariana,Tunisie,3,0.0,0.0,200,400,Venues de mariage privées
16385,1848.0,298,962,17000.0,0,confirmed,Birthday,2022-03-08,Birthday,Ariana,Tunisie,2,0.0,0.0,200,400,Venues de mariage privées
10048,9056.0,252,1608,23000.0,0,pending,Wedding,2024-03-10,Birthday,Ariana,Tunisie,4,0.0,0.0,200,400,Venues de mariage privées
2314,11478.0,202,1983,21000.0,11,confirmed,Corporate Event,2024-04-24,Corporate,Ariana,Tunisie,2,0.0,0.0,200,400,Venues de mariage privées
5484,1327.0,202,1983,24000.0,10,confirmed,Wedding,2023-01-29,Wedding,Ariana,Tunisie,2,0.0,0.0,200,400,Venues de mariage privées
14118,9572.0,126,4896,24000.0,14,pending,Birthday,2022-05-07,Wedding,Ariana,Tunisie,1,0.0,0.0,200,400,Venues de mariage privées
1126,3569.0,203,1258,12000.0,10,pending,Wedding,2022-12-17,Wedding,Ariana,Tunisie,2,0.0,0.0,200,400,Venues de mariage privées
14165,899.0,155,66,24000.0,14,cancelled,Corporate Event,2023-02-08,Wedding,Ariana,Tunisie,3,0.0,0.0,200,400,Venues de mariage privées
2943,4246.0,126,4896,17000.0,10,confirmed,Wedding,2024-02-04,Wedding,Ariana,Tunisie,1,0.0,0.0,200,400,Venues de mariage privées
17027,371.0,126,4896,23000.0,10,pending,Corporate Event,2024-04-25,Wedding,Ariana,Tunisie,4,0.0,0.0,200,400,Venues de mariage privées
16741,5763.0,298,962,15000.0,11,pending,Corporate Event,2023-07-29,Corporate,Ariana,Tunisie,2,0.0,0.0,200,400,Venues de mariage privées
17992,2138.0,239,4101,23000.0,10,cancelled,Corporate Event,2022-03-03,Wedding,Ariana,Tunisie,5,0.0,0.0,200,400,Venues de mariage privées
11873,11464.0,155,66,25000.0,11,pending,Corporate Event,2023-12-17,Corporate,Ariana,Tunisie,1,0.0,0.0,200,400,Venues de mariage privées
14976,1271.0,155,66,17000.0,0,cancelled,Wedding,2022-03-07,Birthday,Ariana,Tunisie,1,0.0,0.0,200,400,Venues de mariage privées
15313,6941.0,239,4101,13000.0,11,confirmed,Corporate Event,2022-04-22,Corporate,Ariana,Tunisie,1,0.0,0.0,200,400,Venues de mariage privées
15366,8083.0,42,3577,15000.0,14,cancelled,Corporate Event,2023-06-25,Wedding,Ariana,Tunisie,2,0.0,0.0,200,400,Venues de mariage privées
6006,36690.0,298,962,22000.0,14,cancelled,Corporate Event,2025-03-22,Wedding,Ariana,Tunisie,3,0.0,0.0,200,400,Venues de mariage privées
17060,10133.0,42,3577,13000.0,0,pending,Wedding,2025-09-07,Birthday,Ariana,Tunisie,4,0.0,0.0,200,400,Venues de mariage privées
10927,1771.0,249,22215,25000.0,10,pending,Corporate Event,2022-01-23,Wedding,Ariana,Tunisie,1,0.0,0.0,200,400,Venues de mariage privées
15141,9538.0,249,22215,23000.0,10,cancelled,Corporate Event,2023-03-07,Wedding,Ariana,Tunisie,2,0.0,0.0,200,400,Venues de mariage privées
13194,11054.0,42,3577,15000.0,10,pending,Wedding,2022-03-23,Wedding,Ariana,Tunisie,5,0.0,0.0,200,400,Venues de mariage privées
17467,1779.0,252,1608,25000.0,0,cancelled,Birthday,2024-09-06,Birthday,Ariana,Tunisie,4,0.0,0.0,200,400,Venues de mariage privées
1704,12422.0,203,1258,25000.0,0,cancelled,Corporate Event,2022-04-03,Birthday,Ariana,Tunisie,4,0.0,0.0,200,400,Venues de mariage privées
13418,12173.0,203,1258,19000.0,10,cancelled,Wedding,2025-06-14,Wedding,Ariana,Tunisie,4,0.0,0.0,200,400,Venues de mariage privées
9472,9417.0,203,1417,25000.0,10,pending,Wedding,2024-04-06,Wedding,Ariana,Tunisie,2,0.0,0.0,200,400,Venues de mariage privées
14141,5769.0,239,4101,15000.0,0,pending,Corporate Event,2022-08-11,Birthday,Ariana,Tunisie,5,0.0,0.0,200,400,Venues de mariage privées
6749,9863.0,203,1417,20000.0,14,cancelled,Birthday,2024-08-13,Wedding,Ariana,Tunisie,1,0.0,0.0,200,400,Venues de mariage privées
10945,3682.0,203,1417,17000.0,11,pending,Corporate Event,2024-02-14,Corporate,Ariana,Tunisie,3,0.0,0.0,200,400,Venues de mariage privées
8977,13616.0,176,3661,17000.0,10,confirmed,Birthday,2024-05-05,Wedding,Ariana,Tunisie,3,0.0,0.0,200,400,Venues de mariage privées
6879,5653.0,155,66,24000.0,11,confirmed,Wedding,2024-11-18,Corporate,Ariana,Tunisie,4,0.0,0.0,200,400,Venues de mariage privées
15476,13770.0,126,4896,23000.0,11,pending,Wedding,2023-01-07,Corporate,Ariana,Tunisie,2,0.0,0.0,200,400,Venues de mariage privées
489,1339.0,252,1608,24000.0,14,confirmed,Wedding,2025-06-29,Wedding,Ariana,Tunisie,2,0.0,0.0,200,400,Venues de mariage privées
34,1718.0,202,1983,17000.0,14,pending,Wedding,2022-08-23,Wedding,Ariana,Tunisie,2,0.0,0.0,200,400,Venues de mariage privées
14524,2497.0,176,3661,19000.0,11,cancelled,Birthday,2022-03-06,Corporate,Ariana,Tunisie,4,0.0,0.0,200,400,Venues de mariage privées
15193,310.0,298,962,25000.0,10,pending,Wedding,2024-10-25,Wedding,Ariana,Tunisie,3,0.0,0.0,200,400,Venues de mariage privées
6665,2716.0,239,4101,26000.0,10,pending,Corporate Event,2024-11-08,Wedding,Ariana,Tunisie,3,0.0,0.0,200,400,Venues de mariage privées
6219,8048.0,155,66,13000.0,0,pending,Birthday,2022-04-29,Birthday,Ariana,Tunisie,3,0.0,0.0,200,400,Venues de mariage privées
10445,489.0,126,4896,13000.0,10,confirmed,Corporate Event,2025-09-14,Wedding,Ariana,Tunisie,5,0.0,0.0,200,400,Venues de mariage privées
614,11234.0,203,1417,26000.0,10,confirmed,Corporate Event,2022-01-19,Wedding,Ariana,Tunisie,3,0.0,0.0,200,400,Venues de mariage privées
6075,1704.0,252,1608,12000.0,0,cancelled,Birthday,2022-04-02,Birthday,Ariana,Tunisie,1,0.0,0.0,200,400,Venues de mariage privées
11168,7194.0,203,1417,15000.0,0,cancelled,Wedding,2024-12-05,Birthday,Ariana,Tunisie,4,0.0,0.0,200,400,Venues de mariage privées
13911,13935.0,249,22215,19000.0,0,cancelled,Corporate Event,2023-06-30,Birthday,Ariana,Tunisie,2,0.0,0.0,200,400,Venues de mariage privées
7319,13418.0,176,3661,20000.0,14,confirmed,Corporate Event,2024-01-17,Wedding,Ariana,Tunisie,2,0.0,0.0,200,400,Venues de mariage privées
14449,4667.0,126,4896,15000.0,11,pending,Birthday,2024-04-25,Corporate,Ariana,Tunisie,2,0.0,0.0,200,400,Venues de mariage privées
8444,13319.0,155,66,25000.0,10,cancelled,Wedding,2022-08-29,Wedding,Ariana,Tunisie,5,0.0,0.0,200,400,Venues de mariage privées
8541,6156.0,155,66,13000.0,10,pending,Corporate Event,2023-05-05,Wedding,Ariana,Tunisie,2,0.0,0.0,200,400,Venues de mariage privées
17645,12802.0,203,1417,12000.0,11,cancelled,Birthday,2022-08-03,Corporate,Ariana,Tunisie,1,0.0,0.0,200,400,Venues de mariage privées
635,10465.0,229,3480,15000.0,11,confirmed,Corporate Event,2024-01-26,Corporate,Ariana,Tunisie,5,0.0,0.0,200,400,Venues de mariage privées
17684,2693.0,298,962,21000.0,14,cancelled,Corporate Event,2025-11-18,Wedding,Ariana,Tunisie,3,0.0,0.0,200,400,Venues de mariage privées
3249,2889.0,202,1983,26000.0,2,confirmed,Birthday,2023-12-24,Birthday,Ben Arous,Tunisie,5,0.0,0.0,200,400,Venues de mariage privées
2320,9761.0,126,4896,22000.0,15,cancelled,Corporate Event,2024-02-14,Corporate,Ben Arous,Tunisie,5,0.0,0.0,200,400,Venues de mariage privées
14911,8017.0,298,962,25000.0,4,confirmed,Wedding,2023-05-30,Wedding,Ben Arous,Tunisie,4,0.0,0.0,200,400,Venues de mariage privées
8022,13582.0,202,1983,17000.0,4,pending,Birthday,2025-05-26,Wedding,Ben Arous,Tunisie,5,0.0,0.0,200,400,Venues de mariage privées
12777,2146.0,202,1983,26000.0,15,pending,Corporate Event,2024-03-20,Corporate,Ben Arous,Tunisie,1,0.0,0.0,200,400,Venues de mariage privées
13345,526.0,249,22215,15000.0,2,cancelled,Birthday,2024-03-08,Birthday,Ben Arous,Tunisie,3,0.0,0.0,200,400,Venues de mariage privées
17342,8040.0,249,22215,26000.0,16,pending,Birthday,2023-02-07,Wedding,Ben Arous,Tunisie,4,0.0,0.0,200,400,Venues de mariage privées
3256,4584.0,155,66,19000.0,16,cancelled,Wedding,2024-03-06,Wedding,Ben Arous,Tunisie,4,0.0,0.0,200,400,Venues de mariage privées
14433,13927.0,42,3577,26000.0,15,pending,Corporate Event,2023-05-05,Corporate,Ben Arous,Tunisie,3,0.0,0.0,200,400,Venues de mariage privées
16649,60990.0,203,1417,24000.0,4,pending,Birthday,2023-10-06,Wedding,Ben Arous,Tunisie,2,0.0,0.0,200,400,Venues de mariage privées
9036,4604.0,249,22215,12000.0,16,cancelled,Birthday,2023-03-16,Wedding,Ben Arous,Tunisie,2,0.0,0.0,200,400,Venues de mariage privées
2412,3064.0,126,4896,13000.0,16,cancelled,Wedding,2024-12-11,Wedding,Ben Arous,Tunisie,1,0.0,0.0,200,400,Venues de mariage privées
6337,4868.0,202,1983,23000.0,2,cancelled,Corporate Event,2025-08-26,Birthday,Ben Arous,Tunisie,2,0.0,0.0,200,400,Venues de mariage privées
6041,9597.0,298,962,22000.0,16,pending,Corporate Event,2023-01-26,Wedding,Ben Arous,Tunisie,3,0.0,0.0,200,400,Venues de mariage privées
11795,11556.0,203,1417,13000.0,15,pending,Corporate Event,2023-12-09,Corporate,Ben Arous,Tunisie,3,0.0,0.0,200,400,Venues de mariage privées
776,12428.0,176,3661,13000.0,2,cancelled,Corporate Event,2025-05-03,Birthday,Ben Arous,Tunisie,5,0.0,0.0,200,400,Venues de mariage privées
12685,7748.0,252,1608,19000.0,16,pending,Corporate Event,2022-11-15,Wedding,Ben Arous,Tunisie,1,0.0,0.0,200,400,Venues de mariage privées
986,998.0,42,3577,12000.0,4,confirmed,Wedding,2022-03-08,Wedding,Ben Arous,Tunisie,4,0.0,0.0,200,400,Venues de mariage privées
9145,6271.0,249,22215,26000.0,4,cancelled,Birthday,2022-04-08,Wedding,Ben Arous,Tunisie,2,0.0,0.0,200,400,Venues de mariage privées
519,12032.0,203,1258,21000.0,16,pending,Birthday,2022-08-04,Wedding,Ben Arous,Tunisie,1,0.0,0.0,200,400,Venues de mariage privées
10021,6328.0,126,4896,21000.0,16,confirmed,Corporate Event,2022-11-05,Wedding,Ben Arous,Tunisie,3,0.0,0.0,200,400,Venues de mariage privées
2455,2903.0,252,1608,15000.0,4,confirmed,Wedding,2025-02-24,Wedding,Ben Arous,Tunisie,1,0.0,0.0,200,400,Venues de mariage privées
5969,9201.0,229,3480,23000.0,4,pending,Corporate Event,2023-12-11,Wedding,Ben Arous,Tunisie,2,0.0,0.0,200,400,Venues de mariage privées
5350,8734.0,249,22215,12000.0,4,cancelled,Birthday,2023-01-10,Wedding,Ben Arous,Tunisie,5,0.0,0.0,200,400,Venues de mariage privées
9547,9843.0,42,3577,17000.0,15,confirmed,Birthday,2023-02-27,Corporate,Ben Arous,Tunisie,3,0.0,0.0,200,400,Venues de mariage privées
13302,5255.0,176,3661,19000.0,2,confirmed,Corporate Event,2025-01-10,Birthday,Ben Arous,Tunisie,2,0.0,0.0,200,400,Venues de mariage privées
17749,2418.0,298,962,15000.0,16,cancelled,Birthday,2023-05-20,Wedding,Ben Arous,Tunisie,4,0.0,0.0,200,400,Venues de mariage privées
1151,14346.0,203,1417,23000.0,16,confirmed,Wedding,2022-08-28,Wedding,Ben Arous,Tunisie,3,0.0,0.0,200,400,Venues de mariage privées
9515,14314.0,298,962,24000.0,16,cancelled,Birthday,2024-03-24,Wedding,Ben Arous,Tunisie,4,0.0,0.0,200,400,Venues de mariage privées
13317,8857.0,202,1983,13000.0,4,confirmed,Birthday,2025-10-07,Wedding,Ben Arous,Tunisie,3,0.0,0.0,200,400,Venues de mariage privées
9155,2091.0,298,962,15000.0,2,cancelled,Birthday,2024-08-14,Birthday,Ben Arous,Tunisie,4,0.0,0.0,200,400,Venues de mariage privées
3931,1266.0,249,22215,23000.0,4,pending,Birthday,2023-02-08,Wedding,Ben Arous,Tunisie,1,0.0,0.0,200,400,Venues de mariage privées
15730,6935.0,202,1983,17000.0,15,pending,Birthday,2023-11-18,Corporate,Ben Arous,Tunisie,1,0.0,0.0,200,400,Venues de mariage privées
1665,10440.0,155,66,21000.0,16,pending,Corporate Event,2024-02-29,Wedding,Ben Arous,Tunisie,2,0.0,0.0,200,400,Venues de mariage privées
4742,10251.0,176,3661,20000.0,15,pending,Birthday,2025-11-15,Corporate,Ben Arous,Tunisie,2,0.0,0.0,200,400,Venues de mariage privées
14730,7469.0,176,3661,24000.0,16,confirmed,Wedding,2023-08-09,Wedding,Ben Arous,Tunisie,3,0.0,0.0,200,400,Venues de mariage privées
12141,8105.0,203,1258,26000.0,2,pending,Wedding,2025-12-21,Birthday,Ben Arous,Tunisie,3,0.0,0.0,200,400,Venues de mariage privées
12672,5614.0,239,4101,17000.0,15,pending,Birthday,2022-08-09,Corporate,Ben Arous,Tunisie,3,0.0,0.0,200,400,Venues de mariage privées
5928,2191.0,239,4101,25000.0,15,confirmed,Wedding,2022-04-12,Corporate,Ben Arous,Tunisie,3,0.0,0.0,200,400,Venues de mariage privées
6450,6050.0,239,4101,25000.0,16,cancelled,Wedding,2023-09-25,Wedding,Ben Arous,Tunisie,1,0.0,0.0,200,400,Venues de mariage privées
3416,3430.0,202,1983,12000.0,2,pending,Birthday,2024-03-15,Birthday,Ben Arous,Tunisie,5,0.0,0.0,200,400,Venues de mariage privées
2968,12918.0,155,66,13000.0,15,cancelled,Wedding,2022-10-15,Corporate,Ben Arous,Tunisie,4,0.0,0.0,200,400,Venues de mariage privées
10013,11066.0,155,66,19000.0,2,cancelled,Birthday,2025-01-27,Birthday,Ben Arous,Tunisie,3,0.0,0.0,200,400,Venues de mariage privées
3437,3170.0,203,1417,26000.0,15,cancelled,Wedding,2025-01-18,Corporate,Ben Arous,Tunisie,3,0.0,0.0,200,400,Venues de mariage privées
14049,9852.0,155,66,12000.0,4,confirmed,Corporate Event,2023-02-27,Wedding,Ben Arous,Tunisie,3,0.0,0.0,200,400,Venues de mariage privées
9984,8426.0,203,1417,22000.0,16,confirmed,Birthday,2022-04-19,Wedding,Ben Arous,Tunisie,5,0.0,0.0,200,400,Venues de mariage privées
11233,4990.0,42,3577,23000.0,2,confirmed,Birthday,2023-11-19,Birthday,Ben Arous,Tunisie,1,0.0,0.0,200,400,Venues de mariage privées
2138,8657.0,298,962,23000.0,15,pending,Corporate Event,2023-08-25,Corporate,Ben Arous,Tunisie,5,0.0,0.0,200,400,Venues de mariage privées
1467,12647.0,202,1983,19000.0,2,confirmed,Birthday,2025-05-13,Birthday,Ben Arous,Tunisie,5,0.0,0.0,200,400,Venues de mariage privées
7222,11774.0,155,66,15000.0,4,pending,Corporate Event,2022-10-05,Wedding,Ben Arous,Tunisie,5,0.0,0.0,200,400,Venues de mariage privées
3612,9577.0,252,1608,12000.0,2,pending,Corporate Event,2023-05-09,Birthday,Ben Arous,Tunisie,2,0.0,0.0,200,400,Venues de mariage privées
9824,6828.0,176,3661,22000.0,15,pending,Corporate Event,2024-12-09,Corporate,Ben Arous,Tunisie,2,0.0,0.0,200,400,Venues de mariage privées
290,12644.0,239,4101,12000.0,2,confirmed,Corporate Event,2024-08-01,Birthday,Ben Arous,Tunisie,5,0.0,0.0,200,400,Venues de mariage privées
16008,13393.0,239,4101,17000.0,16,confirmed,Corporate Event,2022-05-12,Wedding,Ben Arous,Tunisie,4,0.0,0.0,200,400,Venues de mariage privées
16534,2014.0,249,22215,19000.0,15,confirmed,Birthday,2023-03-23,Corporate,Ben Arous,Tunisie,5,0.0,0.0,200,400,Venues de mariage privées
13583,3560.0,42,3577,24000.0,2,confirmed,Wedding,2025-05-06,Birthday,Ben Arous,Tunisie,1,0.0,0.0,200,400,Venues de mariage privées
2996,9791.0,239,4101,19000.0,16,cancelled,Birthday,2022-12-05,Wedding,Ben Arous,Tunisie,4,0.0,0.0,200,400,Venues de mariage privées
2865,1824.0,126,4896,19000.0,15,confirmed,Birthday,2023-02-14,Corporate,Ben Arous,Tunisie,5,0.0,0.0,200,400,Venues de mariage privées
8858,440.0,229,3480,21000.0,16,confirmed,Wedding,2024-07-23,Wedding,Ben Arous,Tunisie,3,0.0,0.0,200,400,Venues de mariage privées
11493,8774.0,203,1258,15000.0,16,cancelled,Corporate Event,2022-06-25,Wedding,Ben Arous,Tunisie,2,0.0,0.0,200,400,Venues de mariage privées
11095,11662.0,126,4896,24000.0,16,confirmed,Corporate Event,2022-02-23,Wedding,Ben Arous,Tunisie,1,0.0,0.0,200,400,Venues de mariage privées
7896,4947.0,126,4896,12000.0,4,pending,Wedding,2024-07-14,Wedding,Ben Arous,Tunisie,5,0.0,0.0,200,400,Venues de mariage privées
1645,9549.0,155,66,24000.0,15,pending,Corporate Event,2022-10-03,Corporate,Ben Arous,Tunisie,1,0.0,0.0,200,400,Venues de mariage privées
17435,4438.0,155,66,13000.0,15,pending,Corporate Event,2023-11-05,Corporate,Ben Arous,Tunisie,5,0.0,0.0,200,400,Venues de mariage privées
8816,544.0,203,1417,20000.0,4,pending,Birthday,2022-05-08,Wedding,Ben Arous,Tunisie,1,0.0,0.0,200,400,Venues de mariage privées
840,11008.0,42,3577,22000.0,2,cancelled,Wedding,2024-08-20,Birthday,Ben Arous,Tunisie,4,0.0,0.0,200,400,Venues de mariage privées
15343,5647.0,239,4101,24000.0,15,confirmed,Birthday,2024-11-12,Corporate,Ben Arous,Tunisie,3,0.0,0.0,200,400,Venues de mariage privées
8639,6171.0,203,1417,20000.0,4,cancelled,Corporate Event,2022-01-10,Wedding,Ben Arous,Tunisie,4,0.0,0.0,200,400,Venues de mariage privées
7550,1685.0,202,1983,12000.0,4,pending,Birthday,2024-03-15,Wedding,Ben Arous,Tunisie,4,0.0,0.0,200,400,Venues de mariage privées
17159,447.0,249,22215,15000.0,4,confirmed,Wedding,2025-06-25,Wedding,Ben Arous,Tunisie,1,0.0,0.0,200,400,Venues de mariage privées
5090,7920.0,239,4101,15000.0,4,cancelled,Birthday,2022-07-17,Wedding,Ben Arous,Tunisie,3,0.0,0.0,200,400,Venues de mariage privées
3773,6730.0,126,4896,22000.0,4,confirmed,Corporate Event,2024-11-07,Wedding,Ben Arous,Tunisie,5,0.0,0.0,200,400,Venues de mariage privées
10565,3377.0,203,1258,20000.0,15,cancelled,Corporate Event,2022-06-30,Corporate,Ben Arous,Tunisie,2,0.0,0.0,200,400,Venues de mariage privées
8673,629.0,176,3661,17000.0,2,cancelled,Birthday,2025-08-25,Birthday,Ben Arous,Tunisie,3,0.0,0.0,200,400,Venues de mariage privées
4940,2709.0,229,3480,17000.0,15,cancelled,Birthday,2023-12-19,Corporate,Ben Arous,Tunisie,5,0.0,0.0,200,400,Venues de mariage privées
13923,13190.0,203,1417,15000.0,15,confirmed,Wedding,2023-05-26,Corporate,Ben Arous,Tunisie,1,0.0,0.0,200,400,Venues de mariage privées
7291,8770.0,176,3661,24000.0,16,pending,Birthday,2024-01-21,Wedding,Ben Arous,Tunisie,4,0.0,0.0,200,400,Venues de mariage privées
12696,12945.0,155,66,22000.0,16,confirmed,Wedding,2025-05-03,Wedding,Ben Arous,Tunisie,5,0.0,0.0,200,400,Venues de mariage privées
4063,2231.0,155,66,24000.0,15,cancelled,Wedding,2025-08-31,Corporate,Ben Arous,Tunisie,5,0.0,0.0,200,400,Venues de mariage privées
6553,11894.0,249,22215,19000.0,2,confirmed,Birthday,2024-08-08,Birthday,Ben Arous,Tunisie,3,0.0,0.0,200,400,Venues de mariage privées
16097,11981.0,203,1417,13000.0,16,cancelled,Wedding,2022-05-21,Wedding,Ben Arous,Tunisie,1,0.0,0.0,200,400,Venues de mariage privées
5418,1639.0,176,3661,19000.0,16,pending,Wedding,2024-08-10,Wedding,Ben Arous,Tunisie,5,0.0,0.0,200,400,Venues de mariage privées
14761,10765.0,42,3577,17000.0,15,pending,Birthday,2025-09-23,Corporate,Ben Arous,Tunisie,2,0.0,0.0,200,400,Venues de mariage privées
17769,14123.0,155,66,12000.0,16,cancelled,Birthday,2023-10-13,Wedding,Ben Arous,Tunisie,5,0.0,0.0,200,400,Venues de mariage privées
13386,1500.0,176,3661,26000.0,2,cancelled,Corporate Event,2025-10-04,Birthday,Ben Arous,Tunisie,4,0.0,0.0,200,400,Venues de mariage privées
1824,14789.0,155,66,15000.0,15,pending,Corporate Event,2024-10-04,Corporate,Ben Arous,Tunisie,1,0.0,0.0,200,400,Venues de mariage privées
5772,9033.0,155,66,24000.0,2,confirmed,Corporate Event,2025-10-25,Birthday,Ben Arous,Tunisie,4,0.0,0.0,200,400,Venues de mariage privées
6,8569.0,203,1417,15000.0,16,pending,Corporate Event,2023-12-17,Wedding,Ben Arous,Tunisie,2,0.0,0.0,200,400,Venues de mariage privées
9469,4699.0,176,3661,20000.0,15,confirmed,Corporate Event,2023-12-28,Corporate,Ben Arous,Tunisie,2,0.0,0.0,200,400,Venues de mariage privées
15362,2615.0,252,1608,13000.0,15,pending,Birthday,2022-01-04,Corporate,Ben Arous,Tunisie,2,0.0,0.0,200,400,Venues de mariage privées
12973,11454.0,176,3661,13000.0,15,confirmed,Birthday,2025-06-26,Corporate,Ben Arous,Tunisie,3,0.0,0.0,200,400,Venues de mariage privées
8061,13308.0,229,3480,20000.0,16,confirmed,Birthday,2024-09-25,Wedding,Ben Arous,Tunisie,4,0.0,0.0,200,400,Venues de mariage privées
5366,2119.0,239,4101,13000.0,2,pending,Corporate Event,2025-08-24,Birthday,Ben Arous,Tunisie,2,0.0,0.0,200,400,Venues de mariage privées
4526,2999.0,42,3577,17000.0,2,confirmed,Birthday,2024-03-13,Birthday,Ben Arous,Tunisie,5,0.0,0.0,200,400,Venues de mariage privées
13116,2589.0,298,962,22000.0,15,cancelled,Birthday,2023-03-28,Corporate,Ben Arous,Tunisie,1,0.0,0.0,200,400,Venues de mariage privées
7095,4754.0,126,4896,13000.0,2,cancelled,Wedding,2024-12-26,Birthday,Ben Arous,Tunisie,5,0.0,0.0,200,400,Venues de mariage privées
12133,4371.0,126,4896,23000.0,15,pending,Birthday,2025-11-29,Corporate,Ben Arous,Tunisie,1,0.0,0.0,200,400,Venues de mariage privées
15997,11170.0,249,22215,22000.0,16,pending,Wedding,2022-09-29,Wedding,Ben Arous,Tunisie,4,0.0,0.0,200,400,Venues de mariage privées
16561,8250.0,202,1983,21000.0,4,cancelled,Corporate Event,2024-03-10,Wedding,Ben Arous,Tunisie,3,0.0,0.0,200,400,Venues de mariage privées
15290,11558.0,252,1608,17000.0,2,cancelled,Corporate Event,2023-08-11,Birthday,Ben Arous,Tunisie,5,0.0,0.0,200,400,Venues de mariage privées
6399,13319.0,176,3661,25000.0,4,cancelled,Corporate Event,2025-07-16,Wedding,Ben Arous,Tunisie,2,0.0,0.0,200,400,Venues de mariage privées
17786,67240.0,252,1608,13000.0,2,pending,Birthday,2024-01-02,Birthday,Ben Arous,Tunisie,3,0.0,0.0,200,400,Venues de mariage privées
7957,7301.0,298,962,12000.0,15,pending,Wedding,2022-01-19,Corporate,Ben Arous,Tunisie,5,0.0,0.0,200,400,Venues de mariage privées
5892,8931.0,42,3577,23000.0,15,pending,Wedding,2024-07-03,Corporate,Ben Arous,Tunisie,4,0.0,0.0,200,400,Venues de mariage privées
9624,1262.0,239,4101,24000.0,4,confirmed,Birthday,2023-06-22,Wedding,Ben Arous,Tunisie,3,0.0,0.0,200,400,Venues de mariage privées
9162,2412.0,229,3480,12000.0,4,pending,Corporate Event,2023-01-15,Wedding,Ben Arous,Tunisie,2,0.0,0.0,200,400,Venues de mariage privées
3220,507.0,126,4896,13000.0,15,confirmed,Wedding,2022-01-04,Corporate,Ben Arous,Tunisie,3,0.0,0.0,200,400,Venues de mariage privées
10071,7428.0,155,66,24000.0,2,cancelled,Wedding,2023-09-01,Birthday,Ben Arous,Tunisie,2,0.0,0.0,200,400,Venues de mariage privées
5788,13980.0,203,1417,13000.0,15,pending,Wedding,2024-09-12,Corporate,Ben Arous,Tunisie,3,0.0,0.0,200,400,Venues de mariage privées
617,10361.0,249,22215,15000.0,2,cancelled,Wedding,2024-11-10,Birthday,Ben Arous,Tunisie,2,0.0,0.0,200,400,Venues de mariage privées
10303,1080.0,176,3661,26000.0,4,pending,Birthday,2023-06-04,Wedding,Ben Arous,Tunisie,4,0.0,0.0,200,400,Venues de mariage privées
7182,12700.0,203,1417,20000.0,15,confirmed,Wedding,2024-04-05,Corporate,Ben Arous,Tunisie,1,0.0,0.0,200,400,Venues de mariage privées
12899,9331.0,42,3577,13000.0,4,cancelled,Wedding,2022-12-12,Wedding,Ben Arous,Tunisie,5,0.0,0.0,200,400,Venues de mariage privées
12225,12358.0,252,1608,23000.0,4,cancelled,Wedding,2022-02-07,Wedding,Ben Arous,Tunisie,3,0.0,0.0,200,400,Venues de mariage privées
17046,2014.0,203,1258,20000.0,16,cancelled,Birthday,2022-10-25,Wedding,Ben Arous,Tunisie,2,0.0,0.0,200,400,Venues de mariage privées
10233,12784.0,252,1608,23000.0,15,pending,Corporate Event,2022-08-28,Corporate,Ben Arous,Tunisie,2,0.0,0.0,200,400,Venues de mariage privées
1487,14541.0,239,4101,22000.0,15,pending,Wedding,2025-03-30,Corporate,Ben Arous,Tunisie,3,0.0,0.0,200,400,Venues de mariage privées
17560,9414.0,126,4896,12000.0,15,confirmed,Birthday,2023-05-20,Corporate,Ben Arous,Tunisie,2,0.0,0.0,200,400,Venues de mariage privées
1122,6602.0,252,1608,20000.0,16,cancelled,Corporate Event,2024-11-12,Wedding,Ben Arous,Tunisie,2,0.0,0.0,200,400,Venues de mariage privées
16194,3148.0,176,3661,12000.0,15,pending,Birthday,2022-12-17,Corporate,Ben Arous,Tunisie,5,0.0,0.0,200,400,Venues de mariage privées
14266,14014.0,126,4896,20000.0,16,confirmed,Birthday,2023-03-18,Wedding,Ben Arous,Tunisie,5,0.0,0.0,200,400,Venues de mariage privées
9428,1528.0,239,4101,20000.0,15,pending,Wedding,2024-02-21,Corporate,Ben Arous,Tunisie,5,0.0,0.0,200,400,Venues de mariage privées
16647,136640.0,298,962,25000.0,16,cancelled,Wedding,2025-02-20,Wedding,Ben Arous,Tunisie,3,0.0,0.0,200,400,Venues de mariage privées
11852,6012.0,229,3480,26000.0,15,confirmed,Corporate Event,2024-01-06,Corporate,Ben Arous,Tunisie,1,0.0,0.0,200,400,Venues de mariage privées
14900,6085.0,229,3480,23000.0,16,pending,Corporate Event,2024-09-20,Wedding,Ben Arous,Tunisie,2,0.0,0.0,200,400,Venues de mariage privées
4278,13366.0,203,1258,13000.0,15,cancelled,Corporate Event,2025-08-29,Corporate,Ben Arous,Tunisie,5,0.0,0.0,200,400,Venues de mariage privées
16685,5104.0,42,3577,22000.0,16,cancelled,Wedding,2023-08-27,Wedding,Ben Arous,Tunisie,4,0.0,0.0,200,400,Venues de mariage privées
7600,12941.0,252,1608,19000.0,15,cancelled,Corporate Event,2024-12-17,Corporate,Ben Arous,Tunisie,1,0.0,0.0,200,400,Venues de mariage privées
12497,9922.0,42,3577,23000.0,4,cancelled,Wedding,2025-11-11,Wedding,Ben Arous,Tunisie,1,0.0,0.0,200,400,Venues de mariage privées
7278,4778.0,249,22215,26000.0,15,confirmed,Birthday,2025-09-01,Corporate,Ben Arous,Tunisie,4,0.0,0.0,200,400,Venues de mariage privées
16648,10029.0,249,22215,13000.0,4,confirmed,Corporate Event,2025-03-22,Wedding,Ben Arous,Tunisie,1,0.0,0.0,200,400,Venues de mariage privées
14530,1033.0,126,4896,17000.0,15,pending,Corporate Event,2022-01-10,Corporate,Ben Arous,Tunisie,3,0.0,0.0,200,400,Venues de mariage privées
16268,14821.0,176,3661,21000.0,15,pending,Wedding,2025-04-08,Corporate,Ben Arous,Tunisie,2,0.0,0.0,200,400,Venues de mariage privées
14483,10189.0,252,1608,19000.0,4,cancelled,Birthday,2022-11-18,Wedding,Ben Arous,Tunisie,2,0.0,0.0,200,400,Venues de mariage privées
11703,11738.0,42,3577,19000.0,4,confirmed,Corporate Event,2022-01-17,Wedding,Ben Arous,Tunisie,1,0.0,0.0,200,400,Venues de mariage privées
13013,11146.0,229,3480,25000.0,2,cancelled,Wedding,2023-05-08,Birthday,Ben Arous,Tunisie,2,0.0,0.0,200,400,Venues de mariage privées
9992,18520.0,249,22215,22000.0,2,cancelled,Corporate Event,2023-09-22,Birthday,Ben Arous,Tunisie,5,0.0,0.0,200,400,Venues de mariage privées
16866,13605.0,176,3661,17000.0,16,confirmed,Corporate Event,2025-10-03,Wedding,Ben Arous,Tunisie,4,0.0,0.0,200,400,Venues de mariage privées
2394,9149.0,298,962,22000.0,2,cancelled,Wedding,2023-01-06,Birthday,Ben Arous,Tunisie,2,0.0,0.0,200,400,Venues de mariage privées
9708,14794.0,202,1983,12000.0,16,confirmed,Wedding,2023-02-10,Wedding,Ben Arous,Tunisie,5,0.0,0.0,200,400,Venues de mariage privées
5596,8486.0,239,4101,20000.0,15,pending,Corporate Event,2024-02-24,Corporate,Ben Arous,Tunisie,5,0.0,0.0,200,400,Venues de mariage privées
2305,4294.0,176,3661,23000.0,15,pending,Corporate Event,2025-12-01,Corporate,Ben Arous,Tunisie,2,0.0,0.0,200,400,Venues de mariage privées
2235,1132.0,298,962,24000.0,2,cancelled,Wedding,2022-03-21,Birthday,Ben Arous,Tunisie,1,0.0,0.0,200,400,Venues de mariage privées
3724,65440.0,202,1983,20000.0,16,cancelled,Birthday,2025-03-13,Wedding,Ben Arous,Tunisie,5,0.0,0.0,200,400,Venues de mariage privées
14554,12620.0,203,1258,17000.0,15,pending,Wedding,2025-06-13,Corporate,Ben Arous,Tunisie,3,0.0,0.0,200,400,Venues de mariage privées
7541,2066.0,176,3661,15000.0,2,confirmed,Wedding,2023-11-02,Birthday,Ben Arous,Tunisie,4,0.0,0.0,200,400,Venues de mariage privées
7220,5675.0,126,4896,26000.0,2,confirmed,Corporate Event,2022-04-16,Birthday,Ben Arous,Tunisie,5,0.0,0.0,200,400,Venues de mariage privées
3796,1992.0,155,66,13000.0,16,cancelled,Birthday,2024-09-09,Wedding,Ben Arous,Tunisie,1,0.0,0.0,200,400,Venues de mariage privées
12641,7909.0,203,1417,20000.0,16,cancelled,Wedding,2024-01-03,Wedding,Ben Arous,Tunisie,2,0.0,0.0,200,400,Venues de mariage privées
2800,9234.0,203,1258,12000.0,16,pending,Birthday,2024-07-04,Wedding,Ben Arous,Tunisie,4,0.0,0.0,200,400,Venues de mariage privées
4586,10334.0,202,1983,20000.0,2,cancelled,Wedding,2024-05-04,Birthday,Ben Arous,Tunisie,2,0.0,0.0,200,400,Venues de mariage privées
5224,2525.0,252,1608,12000.0,2,confirmed,Corporate Event,2023-04-26,Birthday,Ben Arous,Tunisie,2,0.0,0.0,200,400,Venues de mariage privées
4399,14670.0,298,962,15000.0,4,pending,Corporate Event,2023-02-28,Wedding,Ben Arous,Tunisie,1,0.0,0.0,200,400,Venues de mariage privées
4033,5644.0,203,1417,20000.0,15,confirmed,Birthday,2022-06-09,Corporate,Ben Arous,Tunisie,4,0.0,0.0,200,400,Venues de mariage privées
712,3816.0,203,1258,15000.0,15,cancelled,Wedding,2025-04-13,Corporate,Ben Arous,Tunisie,3,0.0,0.0,200,400,Venues de mariage privées
1397,9115.0,229,3480,15000.0,15,confirmed,Birthday,2023-06-01,Corporate,Ben Arous,Tunisie,4,0.0,0.0,200,400,Venues de mariage privées
14277,3692.0,252,1608,15000.0,2,confirmed,Birthday,2022-02-17,Birthday,Ben Arous,Tunisie,4,0.0,0.0,200,400,Venues de mariage privées
17026,7284.0,203,1258,25000.0,16,pending,Birthday,2025-04-27,Wedding,Ben Arous,Tunisie,2,0.0,0.0,200,400,Venues de mariage privées
12080,574.0,252,1608,20000.0,13,cancelled,Wedding,2023-11-07,Corporate,Manouba,Tunisie,3,0.0,0.0,200,400,Venues de mariage privées
14186,4912.0,252,1608,24000.0,13,confirmed,Corporate Event,2023-03-04,Corporate,Manouba,Tunisie,2,0.0,0.0,200,400,Venues de mariage privées
8201,1728.0,229,3480,25000.0,18,cancelled,Birthday,2025-03-04,Birthday,Manouba,Tunisie,1,0.0,0.0,200,400,Venues de mariage privées
2098,3653.0,252,1608,12000.0,16,pending,Wedding,2024-08-15,Wedding,Manouba,Tunisie,1,0.0,0.0,200,400,Venues de mariage privées
7973,9431.0,249,22215,13000.0,13,confirmed,Wedding,2023-03-16,Corporate,Manouba,Tunisie,3,0.0,0.0,200,400,Venues de mariage privées
2207,3245.0,155,66,13000.0,13,cancelled,Wedding,2022-05-23,Corporate,Manouba,Tunisie,3,0.0,0.0,200,400,Venues de mariage privées
12324,3827.0,249,22215,15000.0,20,confirmed,Corporate Event,2023-07-02,Wedding,Manouba,Tunisie,3,0.0,0.0,200,400,Venues de mariage privées
4874,6564.0,155,66,13000.0,20,cancelled,Birthday,2023-07-14,Wedding,Manouba,Tunisie,5,0.0,0.0,200,400,Venues de mariage privées
17172,8384.0,239,4101,17000.0,18,cancelled,Corporate Event,2024-12-17,Birthday,Manouba,Tunisie,2,0.0,0.0,200,400,Venues de mariage privées
5398,12240.0,126,4896,20000.0,18,cancelled,Corporate Event,2025-06-07,Birthday,Manouba,Tunisie,3,0.0,0.0,200,400,Venues de mariage privées
17448,7255.0,202,1983,17000.0,20,confirmed,Wedding,2022-08-09,Wedding,Manouba,Tunisie,1,0.0,0.0,200,400,Venues de mariage privées
14404,14267.0,155,66,17000.0,18,pending,Corporate Event,2023-08-20,Birthday,Manouba,Tunisie,1,0.0,0.0,200,400,Venues de mariage privées
9487,4018.0,202,1983,23000.0,13,confirmed,Corporate Event,2024-12-24,Corporate,Manouba,Tunisie,4,0.0,0.0,200,400,Venues de mariage privées
15634,2003.0,176,3661,12000.0,13,cancelled,Corporate Event,2022-12-03,Corporate,Manouba,Tunisie,2,0.0,0.0,200,400,Venues de mariage privées
11298,11632.0,203,1258,25000.0,18,cancelled,Wedding,2023-01-24,Birthday,Manouba,Tunisie,5,0.0,0.0,200,400,Venues de mariage privées
11723,137910.0,298,962,25000.0,20,pending,Birthday,2022-05-16,Wedding,Manouba,Tunisie,1,0.0,0.0,200,400,Venues de mariage privées
3512,12897.0,176,3661,25000.0,20,pending,Birthday,2025-11-03,Wedding,Manouba,Tunisie,4,0.0,0.0,200,400,Venues de mariage privées
17334,1750.0,42,3577,15000.0,13,cancelled,Wedding,2024-05-24,Corporate,Manouba,Tunisie,4,0.0,0.0,200,400,Venues de mariage privées
12104,8009.0,229,3480,19000.0,13,cancelled,Birthday,2025-10-19,Corporate,Manouba,Tunisie,4,0.0,0.0,200,400,Venues de mariage privées
9913,11507.0,298,962,17000.0,20,cancelled,Corporate Event,2025-05-01,Wedding,Manouba,Tunisie,1,0.0,0.0,200,400,Venues de mariage privées
8826,12877.0,203,1417,26000.0,13,pending,Wedding,2023-10-19,Corporate,Manouba,Tunisie,1,0.0,0.0,200,400,Venues de mariage privées
10023,14840.0,229,3480,19000.0,13,pending,Corporate Event,2022-10-15,Corporate,Manouba,Tunisie,3,0.0,0.0,200,400,Venues de mariage privées
3613,2738.0,239,4101,13000.0,20,confirmed,Corporate Event,2023-09-24,Wedding,Manouba,Tunisie,2,0.0,0.0,200,400,Venues de mariage privées
9130,14025.0,229,3480,22000.0,18,pending,Birthday,2022-03-05,Birthday,Manouba,Tunisie,3,0.0,0.0,200,400,Venues de mariage privées
5990,12868.0,239,4101,17000.0,16,confirmed,Corporate Event,2023-08-01,Wedding,Manouba,Tunisie,2,0.0,0.0,200,400,Venues de mariage privées
15246,14299.0,155,66,24000.0,13,pending,Corporate Event,2025-10-29,Corporate,Manouba,Tunisie,2,0.0,0.0,200,400,Venues de mariage privées
3994,7400.0,229,3480,13000.0,20,cancelled,Corporate Event,2024-05-28,Wedding,Manouba,Tunisie,4,0.0,0.0,200,400,Venues de mariage privées
3828,14864.0,202,1983,24000.0,18,cancelled,Wedding,2024-05-11,Birthday,Manouba,Tunisie,3,0.0,0.0,200,400,Venues de mariage privées
17619,2591.0,202,1983,24000.0,13,confirmed,Birthday,2022-05-12,Corporate,Manouba,Tunisie,5,0.0,0.0,200,400,Venues de mariage privées
4849,6091.0,203,1258,24000.0,16,pending,Corporate Event,2023-02-24,Wedding,Manouba,Tunisie,5,0.0,0.0,200,400,Venues de mariage privées
13989,149610.0,202,1983,19000.0,18,pending,Wedding,2025-07-24,Birthday,Manouba,Tunisie,4,0.0,0.0,200,400,Venues de mariage privées
7460,14867.0,249,22215,25000.0,16,confirmed,Wedding,2024-09-12,Wedding,Manouba,Tunisie,3,0.0,0.0,200,400,Venues de mariage privées
10383,9893.0,203,1258,13000.0,16,confirmed,Birthday,2023-08-03,Wedding,Manouba,Tunisie,2,0.0,0.0,200,400,Venues de mariage privées
4102,11544.0,239,4101,25000.0,13,confirmed,Corporate Event,2022-09-06,Corporate,Manouba,Tunisie,5,0.0,0.0,200,400,Venues de mariage privées
12832,4818.0,298,962,24000.0,20,cancelled,Corporate Event,2024-10-14,Wedding,Manouba,Tunisie,3,0.0,0.0,200,400,Venues de mariage privées
12262,5192.0,298,962,23000.0,16,cancelled,Birthday,2022-01-15,Wedding,Manouba,Tunisie,1,0.0,0.0,200,400,Venues de mariage privées
4366,10728.0,176,3661,13000.0,13,pending,Birthday,2022-07-28,Corporate,Manouba,Tunisie,1,0.0,0.0,200,400,Venues de mariage privées
7688,5780.0,203,1417,23000.0,18,confirmed,Corporate Event,2024-11-21,Birthday,Manouba,Tunisie,4,0.0,0.0,200,400,Venues de mariage privées
11871,255.0,203,1258,20000.0,16,pending,Birthday,2022-11-21,Wedding,Manouba,Tunisie,4,0.0,0.0,200,400,Venues de mariage privées
8083,1857.0,229,3480,25000.0,16,confirmed,Corporate Event,2025-05-24,Wedding,Manouba,Tunisie,3,0.0,0.0,200,400,Venues de mariage privées
14238,2559.0,155,66,12000.0,18,pending,Birthday,2023-02-19,Birthday,Manouba,Tunisie,1,0.0,0.0,200,400,Venues de mariage privées
11847,5352.0,42,3577,12000.0,18,pending,Birthday,2023-01-14,Birthday,Manouba,Tunisie,3,0.0,0.0,200,400,Venues de mariage privées
5615,4712.0,126,4896,15000.0,16,confirmed,Birthday,2025-02-19,Wedding,Manouba,Tunisie,2,0.0,0.0,200,400,Venues de mariage privées
13732,3773.0,126,4896,23000.0,18,cancelled,Wedding,2023-04-15,Birthday,Manouba,Tunisie,1,0.0,0.0,200,400,Venues de mariage privées
1789,1761.0,298,962,22000.0,13,cancelled,Birthday,2024-01-23,Corporate,Manouba,Tunisie,2,0.0,0.0,200,400,Venues de mariage privées
16050,5649.0,42,3577,24000.0,13,cancelled,Wedding,2023-07-08,Corporate,Manouba,Tunisie,3,0.0,0.0,200,400,Venues de mariage privées
6178,13554.0,203,1258,17000.0,13,cancelled,Corporate Event,2024-03-13,Corporate,Manouba,Tunisie,3,0.0,0.0,200,400,Venues de mariage privées
1357,11172.0,203,1258,15000.0,20,cancelled,Wedding,2023-08-11,Wedding,Manouba,Tunisie,4,0.0,0.0,200,400,Venues de mariage privées
9374,3257.0,155,66,17000.0,13,pending,Wedding,2022-05-01,Corporate,Manouba,Tunisie,1,0.0,0.0,200,400,Venues de mariage privées
6364,1867.0,239,4101,22000.0,20,cancelled,Wedding,2022-08-04,Wedding,Manouba,Tunisie,5,0.0,0.0,200,400,Venues de mariage privées
5223,8944.0,203,1258,13000.0,13,pending,Wedding,2024-09-05,Corporate,Manouba,Tunisie,1,0.0,0.0,200,400,Venues de mariage privées
9684,3046.0,252,1608,12000.0,20,cancelled,Corporate Event,2022-01-11,Wedding,Manouba,Tunisie,1,0.0,0.0,200,400,Venues de mariage privées
5769,1226.0,42,3577,24000.0,18,confirmed,Birthday,2023-06-17,Birthday,Manouba,Tunisie,4,0.0,0.0,200,400,Venues de mariage privées
8390,512.0,155,66,26000.0,13,pending,Corporate Event,2025-10-29,Corporate,Manouba,Tunisie,5,0.0,0.0,200,400,Venues de mariage privées
7840,12215.0,176,3661,17000.0,20,cancelled,Birthday,2022-12-11,Wedding,Manouba,Tunisie,2,0.0,0.0,200,400,Venues de mariage privées
9809,2712.0,252,1608,24000.0,20,pending,Birthday,2023-11-22,Wedding,Manouba,Tunisie,5,0.0,0.0,200,400,Venues de mariage privées
15867,9430.0,155,66,12000.0,18,confirmed,Birthday,2023-12-24,Birthday,Manouba,Tunisie,5,0.0,0.0,200,400,Venues de mariage privées
13113,5916.0,203,1258,12000.0,20,cancelled,Corporate Event,2024-06-15,Wedding,Manouba,Tunisie,3,0.0,0.0,200,400,Venues de mariage privées
352,2628.0,155,66,13000.0,13,confirmed,Birthday,2025-05-13,Corporate,Manouba,Tunisie,1,0.0,0.0,200,400,Venues de mariage privées
2605,4887.0,176,3661,20000.0,20,pending,Birthday,2022-07-20,Wedding,Manouba,Tunisie,5,0.0,0.0,200,400,Venues de mariage privées
2070,92600.0,42,3577,17000.0,20,pending,Corporate Event,2023-02-18,Wedding,Manouba,Tunisie,5,0.0,0.0,200,400,Venues de mariage privées
16206,2836.0,239,4101,17000.0,18,confirmed,Wedding,2022-01-28,Birthday,Manouba,Tunisie,1,0.0,0.0,200,400,Venues de mariage privées
11038,2457.0,203,1258,24000.0,13,confirmed,Birthday,2022-10-27,Corporate,Manouba,Tunisie,5,0.0,0.0,200,400,Venues de mariage privées
1612,1311.0,203,1417,17000.0,20,confirmed,Birthday,2023-03-16,Wedding,Manouba,Tunisie,4,0.0,0.0,200,400,Venues de mariage privées
10396,2751.0,229,3480,12000.0,16,confirmed,Wedding,2024-07-18,Wedding,Manouba,Tunisie,3,0.0,0.0,200,400,Venues de mariage privées
14930,11683.0,229,3480,20000.0,13,cancelled,Wedding,2022-11-28,Corporate,Manouba,Tunisie,2,0.0,0.0,200,400,Venues de mariage privées
11769,1383.0,298,962,15000.0,20,confirmed,Wedding,2022-04-22,Wedding,Manouba,Tunisie,1,0.0,0.0,200,400,Venues de mariage privées
10361,105230.0,176,3661,24000.0,13,confirmed,Wedding,2023-08-02,Corporate,Manouba,Tunisie,3,0.0,0.0,200,400,Venues de mariage privées
8164,13376.0,203,1417,12000.0,20,cancelled,Corporate Event,2025-08-02,Wedding,Manouba,Tunisie,3,0.0,0.0,200,400,Venues de mariage privées
9738,5057.0,202,1983,23000.0,20,confirmed,Birthday,2024-03-07,Wedding,Manouba,Tunisie,2,0.0,0.0,200,400,Venues de mariage privées
1215,10918.0,42,3577,17000.0,16,cancelled,Wedding,2024-11-26,Wedding,Manouba,Tunisie,4,0.0,0.0,200,400,Venues de mariage privées
5575,6466.0,176,3661,12000.0,20,confirmed,Corporate Event,2022-09-01,Wedding,Manouba,Tunisie,2,0.0,0.0,200,400,Venues de mariage privées
10920,8389.0,239,4101,17000.0,13,cancelled,Birthday,2025-12-09,Corporate,Manouba,Tunisie,1,0.0,0.0,200,400,Venues de mariage privées
10172,2369.0,229,3480,21000.0,18,confirmed,Birthday,2024-05-20,Birthday,Manouba,Tunisie,4,0.0,0.0,200,400,Venues de mariage privées
550,515.0,249,22215,15000.0,20,cancelled,Birthday,2025-03-28,Wedding,Manouba,Tunisie,5,0.0,0.0,200,400,Venues de mariage privées
9522,13435.0,229,3480,15000.0,18,confirmed,Wedding,2022-08-02,Birthday,Manouba,Tunisie,5,0.0,0.0,200,400,Venues de mariage privées
16278,9273.0,42,3577,19000.0,16,pending,Corporate Event,2025-03-02,Wedding,Manouba,Tunisie,2,0.0,0.0,200,400,Venues de mariage privées
1456,11820.0,229,3480,20000.0,20,pending,Corporate Event,2024-02-13,Wedding,Manouba,Tunisie,2,0.0,0.0,200,400,Venues de mariage privées
14345,2873.0,298,962,24000.0,13,pending,Wedding,2024-09-15,Corporate,Manouba,Tunisie,5,0.0,0.0,200,400,Venues de mariage privées
15352,2900.0,203,1258,12000.0,20,confirmed,Corporate Event,2025-10-26,Wedding,Manouba,Tunisie,4,0.0,0.0,200,400,Venues de mariage privées
2908,13734.0,202,1983,23000.0,16,cancelled,Birthday,2025-01-05,Wedding,Manouba,Tunisie,5,0.0,0.0,200,400,Venues de mariage privées
10873,14073.0,229,3480,23000.0,13,pending,Corporate Event,2024-06-04,Corporate,Manouba,Tunisie,3,0.0,0.0,200,400,Venues de mariage privées
6588,3253.0,249,22215,25000.0,18,confirmed,Corporate Event,2024-02-26,Birthday,Manouba,Tunisie,3,0.0,0.0,200,400,Venues de mariage privées
951,5660.0,203,1417,15000.0,20,cancelled,Corporate Event,2024-01-05,Wedding,Manouba,Tunisie,5,0.0,0.0,200,400,Venues de mariage privées
14896,9802.0,203,1258,19000.0,13,cancelled,Corporate Event,2024-04-21,Corporate,Manouba,Tunisie,2,0.0,0.0,200,400,Venues de mariage privées
3559,8231.0,203,1417,15000.0,18,pending,Birthday,2022-03-15,Birthday,Manouba,Tunisie,3,0.0,0.0,200,400,Venues de mariage privées
15099,7293.0,298,962,12000.0,20,cancelled,Corporate Event,2022-03-01,Wedding,Manouba,Tunisie,5,0.0,0.0,200,400,Venues de mariage privées
4891,9027.0,176,3661,17000.0,20,pending,Birthday,2023-01-11,Wedding,Manouba,Tunisie,2,0.0,0.0,200,400,Venues de mariage privées
9289,2196.0,176,3661,19000.0,16,cancelled,Corporate Event,2025-10-07,Wedding,Manouba,Tunisie,4,0.0,0.0,200,400,Venues de mariage privées
11912,10181.0,252,1608,26000.0,16,pending,Birthday,2022-06-30,Wedding,Manouba,Tunisie,5,0.0,0.0,200,400,Venues de mariage privées
4929,14045.0,42,3577,22000.0,16,confirmed,Wedding,2024-06-16,Wedding,Manouba,Tunisie,5,0.0,0.0,200,400,Venues de mariage privées
4658,566.0,239,4101,26000.0,20,pending,Birthday,2024-09-22,Wedding,Manouba,Tunisie,1,0.0,0.0,200,400,Venues de mariage privées
10213,201.0,126,4896,12000.0,13,confirmed,Birthday,2024-04-26,Corporate,Manouba,Tunisie,2,0.0,0.0,200,400,Venues de mariage privées
4026,7295.0,229,3480,21000.0,18,confirmed,Wedding,2022-04-18,Birthday,Manouba,Tunisie,1,0.0,0.0,200,400,Venues de mariage privées
15932,11352.0,42,3577,25000.0,16,confirmed,Wedding,2024-05-17,Wedding,Manouba,Tunisie,2,0.0,0.0,200,400,Venues de mariage privées
6750,147800.0,126,4896,22000.0,13,pending,Wedding,2025-09-26,Corporate,Manouba,Tunisie,1,0.0,0.0,200,400,Venues de mariage privées
17425,10508.0,252,1608,19000.0,18,pending,Wedding,2024-08-10,Birthday,Manouba,Tunisie,1,0.0,0.0,200,400,Venues de mariage privées
10290,10154.0,202,1983,22000.0,18,cancelled,Corporate Event,2024-07-06,Birthday,Manouba,Tunisie,5,0.0,0.0,200,400,Venues de mariage privées
11291,13284.0,239,4101,24000.0,18,confirmed,Wedding,2024-08-16,Birthday,Manouba,Tunisie,5,0.0,0.0,200,400,Venues de mariage privées
573,8189.0,298,962,12000.0,13,pending,Corporate Event,2023-10-03,Corporate,Manouba,Tunisie,3,0.0,0.0,200,400,Venues de mariage privées
15217,5854.0,176,3661,24000.0,13,confirmed,Corporate Event,2025-01-18,Corporate,Manouba,Tunisie,2,0.0,0.0,200,400,Venues de mariage privées
6928,8682.0,239,4101,19000.0,20,pending,Corporate Event,2022-08-10,Wedding,Manouba,Tunisie,5,0.0,0.0,200,400,Venues de mariage privées
16837,7588.0,239,4101,15000.0,20,confirmed,Birthday,2023-01-24,Wedding,Manouba,Tunisie,1,0.0,0.0,200,400,Venues de mariage privées
14869,7509.0,249,22215,20000.0,18,pending,Corporate Event,2023-03-31,Birthday,Manouba,Tunisie,2,0.0,0.0,200,400,Venues de mariage privées
10771,13609.0,202,1983,25000.0,18,pending,Birthday,2022-02-27,Birthday,Manouba,Tunisie,2,0.0,0.0,200,400,Venues de mariage privées
4875,54270.0,126,4896,23000.0,13,confirmed,Corporate Event,2024-08-28,Corporate,Manouba,Tunisie,4,0.0,0.0,200,400,Venues de mariage privées
9070,7035.0,252,1608,25000.0,16,cancelled,Corporate Event,2025-06-16,Wedding,Manouba,Tunisie,4,0.0,0.0,200,400,Venues de mariage privées
6002,4454.0,155,66,13000.0,18,confirmed,Wedding,2022-12-12,Birthday,Manouba,Tunisie,2,0.0,0.0,200,400,Venues de mariage privées
13454,5772.0,239,4101,24000.0,20,cancelled,Corporate Event,2025-10-17,Wedding,Manouba,Tunisie,5,0.0,0.0,200,400,Venues de mariage privées
17806,12688.0,126,4896,13000.0,16,cancelled,Wedding,2022-03-30,Wedding,Manouba,Tunisie,4,0.0,0.0,200,400,Venues de mariage privées
7124,11695.0,229,3480,23000.0,20,pending,Corporate Event,2023-01-03,Wedding,Manouba,Tunisie,5,0.0,0.0,200,400,Venues de mariage privées
9761,14041.0,298,962,25000.0,20,cancelled,Wedding,2023-01-23,Wedding,Manouba,Tunisie,1,0.0,0.0,200,400,Venues de mariage privées
5602,3845.0,126,4896,20000.0,18,confirmed,Wedding,2024-12-05,Birthday,Manouba,Tunisie,5,0.0,0.0,200,400,Venues de mariage privées
5226,4176.0,252,1608,17000.0,18,pending,Corporate Event,2023-03-10,Birthday,Manouba,Tunisie,5,0.0,0.0,200,400,Venues de mariage privées
11779,6718.0,252,1608,13000.0,20,confirmed,Wedding,2024-10-25,Wedding,Manouba,Tunisie,1,0.0,0.0,200,400,Venues de mariage privées
11395,456.0,202,1983,23000.0,20,confirmed,Wedding,2024-12-22,Wedding,Manouba,Tunisie,3,0.0,0.0,200,400,Venues de mariage privées
11915,2850.0,202,1983,23000.0,13,pending,Corporate Event,2025-12-28,Corporate,Manouba,Tunisie,1,0.0,0.0,200,400,Venues de mariage privées
10877,724.0,203,1258,20000.0,20,cancelled,Birthday,2022-11-16,Wedding,Manouba,Tunisie,3,0.0,0.0,200,400,Venues de mariage privées
10674,7614.0,229,3480,19000.0,20,pending,Wedding,2024-09-12,Wedding,Manouba,Tunisie,1,0.0,0.0,200,400,Venues de mariage privées
4376,2230.0,176,3661,19000.0,18,cancelled,Birthday,2023-09-06,Birthday,Manouba,Tunisie,5,0.0,0.0,200,400,Venues de mariage privées
8990,3001.0,249,22215,23000.0,13,confirmed,Wedding,2023-11-24,Corporate,Manouba,Tunisie,3,0.0,0.0,200,400,Venues de mariage privées
5446,14315.0,252,1608,13000.0,13,pending,Corporate Event,2024-01-18,Corporate,Manouba,Tunisie,5,0.0,0.0,200,400,Venues de mariage privées
4030,13831.0,126,4896,21000.0,18,pending,Birthday,2025-08-14,Birthday,Manouba,Tunisie,3,0.0,0.0,200,400,Venues de mariage privées
15687,11788.0,252,1608,19000.0,18,pending,Birthday,2022-11-03,Birthday,Manouba,Tunisie,3,0.0,0.0,200,400,Venues de mariage privées
13233,1836.0,249,22215,13000.0,13,cancelled,Corporate Event,2024-07-27,Corporate,Manouba,Tunisie,2,0.0,0.0,200,400,Venues de mariage privées
14019,8108.0,203,1258,26000.0,18,cancelled,Corporate Event,2024-06-10,Birthday,Manouba,Tunisie,5,0.0,0.0,200,400,Venues de mariage privées
16441,6739.0,249,22215,25000.0,13,pending,Corporate Event,2023-11-16,Corporate,Manouba,Tunisie,1,0.0,0.0,200,400,Venues de mariage privées
16117,11878.0,239,4101,15000.0,20,confirmed,Birthday,2024-02-10,Wedding,Manouba,Tunisie,5,0.0,0.0,200,400,Venues de mariage privées
6809,12045.0,298,962,23000.0,13,cancelled,Birthday,2025-04-14,Corporate,Manouba,Tunisie,3,0.0,0.0,200,400,Venues de mariage privées
8395,12544.0,249,22215,24000.0,18,cancelled,Birthday,2024-01-08,Birthday,Manouba,Tunisie,5,0.0,0.0,200,400,Venues de mariage privées
1070,13739.0,249,22215,15000.0,18,pending,Birthday,2024-09-17,Birthday,Manouba,Tunisie,5,0.0,0.0,200,400,Venues de mariage privées
5060,10374.0,155,66,24000.0,16,cancelled,Wedding,2022-07-15,Wedding,Manouba,Tunisie,2,0.0,0.0,200,400,Venues de mariage privées
12798,11696.0,203,1258,19000.0,13,confirmed,Corporate Event,2022-06-02,Corporate,Manouba,Tunisie,4,0.0,0.0,200,400,Venues de mariage privées
1201,10084.0,298,962,24000.0,20,confirmed,Corporate Event,2024-10-11,Wedding,Manouba,Tunisie,5,0.0,0.0,200,400,Venues de mariage privées
13678,14564.0,155,66,23000.0,18,confirmed,Birthday,2024-01-06,Birthday,Manouba,Tunisie,1,0.0,0.0,200,400,Venues de mariage privées
4252,12260.0,155,66,21000.0,13,confirmed,Corporate Event,2025-03-24,Corporate,Manouba,Tunisie,3,0.0,0.0,200,400,Venues de mariage privées
11675,10776.0,42,3577,26000.0,20,cancelled,Corporate Event,2025-11-20,Wedding,Manouba,Tunisie,1,0.0,0.0,200,400,Venues de mariage privées
3533,10567.0,203,1258,20000.0,20,pending,Wedding,2022-07-30,Wedding,Manouba,Tunisie,5,0.0,0.0,200,400,Venues de mariage privées
6954,14018.0,202,1983,20000.0,20,cancelled,Birthday,2023-09-20,Wedding,Manouba,Tunisie,2,0.0,0.0,200,400,Venues de mariage privées
17482,12659.0,249,22215,20000.0,20,cancelled,Wedding,2022-11-29,Wedding,Manouba,Tunisie,1,0.0,0.0,200,400,Venues de mariage privées
12338,7513.0,155,66,25000.0,16,pending,Birthday,2022-06-23,Wedding,Manouba,Tunisie,4,0.0,0.0,200,400,Venues de mariage privées
6243,2593.0,176,3661,24000.0,16,confirmed,Corporate Event,2025-12-24,Wedding,Manouba,Tunisie,4,0.0,0.0,200,400,Venues de mariage privées
6842,11270.0,298,962,25000.0,20,cancelled,Birthday,2023-10-23,Wedding,Manouba,Tunisie,5,0.0,0.0,200,400,Venues de mariage privées
14621,5209.0,203,1258,15000.0,18,pending,Birthday,2022-07-30,Birthday,Manouba,Tunisie,3,0.0,0.0,200,400,Venues de mariage privées
1471,11460.0,203,1258,15000.0,20,confirmed,Wedding,2022-10-15,Wedding,Manouba,Tunisie,5,0.0,0.0,200,400,Venues de mariage privées
12650,8755.0,249,22215,15000.0,13,confirmed,Corporate Event,2024-10-10,Corporate,Manouba,Tunisie,3,0.0,0.0,200,400,Venues de mariage privées
7925,6168.0,176,3661,24000.0,20,confirmed,Wedding,2024-07-28,Wedding,Manouba,Tunisie,2,0.0,0.0,200,400,Venues de mariage privées
13162,11449.0,203,1258,17000.0,13,pending,Wedding,2024-01-13,Corporate,Manouba,Tunisie,3,0.0,0.0,200,400,Venues de mariage privées
10473,9243.0,203,1417,26000.0,13,cancelled,Birthday,2024-07-20,Corporate,Manouba,Tunisie,4,0.0,0.0,200,400,Venues de mariage privées
5290,1936.0,229,3480,15000.0,18,cancelled,Birthday,2023-03-07,Birthday,Manouba,Tunisie,4,0.0,0.0,200,400,Venues de mariage privées
11933,8631.0,249,22215,23000.0,13,confirmed,Wedding,2022-02-11,Corporate,Manouba,Tunisie,4,0.0,0.0,200,400,Venues de mariage privées
14881,929.0,126,4896,26000.0,13,confirmed,Wedding,2023-05-27,Corporate,Manouba,Tunisie,1,0.0,0.0,200,400,Venues de mariage privées
12500,3569.0,229,3480,20000.0,20,confirmed,Wedding,2024-02-03,Wedding,Manouba,Tunisie,4,0.0,0.0,200,400,Venues de mariage privées
5873,3549.0,176,3661,21000.0,20,confirmed,Wedding,2022-08-05,Wedding,Manouba,Tunisie,5,0.0,0.0,200,400,Venues de mariage privées
16876,14893.0,203,1417,24000.0,13,cancelled,Wedding,2023-12-05,Corporate,Manouba,Tunisie,2,0.0,0.0,200,400,Venues de mariage privées
7058,75890.0,249,22215,15000.0,20,pending,Birthday,2022-08-28,Wedding,Manouba,Tunisie,2,0.0,0.0,200,400,Venues de mariage privées
16154,2268.0,203,1417,15000.0,13,cancelled,Wedding,2025-08-16,Corporate,Manouba,Tunisie,1,0.0,0.0,200,400,Venues de mariage privées
4018,14685.0,249,22215,19000.0,20,confirmed,Birthday,2024-10-29,Wedding,Manouba,Tunisie,5,0.0,0.0,200,400,Venues de mariage privées
13896,12119.0,203,1417,12000.0,16,confirmed,Birthday,2023-08-23,Wedding,Manouba,Tunisie,3,0.0,0.0,200,400,Venues de mariage privées
8761,88110.0,42,3577,13000.0,16,cancelled,Wedding,2024-10-25,Wedding,Manouba,Tunisie,2,0.0,0.0,200,400,Venues de mariage privées
13435,10967.0,155,66,12000.0,18,confirmed,Wedding,2024-01-19,Birthday,Manouba,Tunisie,3,0.0,0.0,200,400,Venues de mariage privées
16406,6956.0,239,4101,23000.0,20,pending,Birthday,2022-04-29,Wedding,Manouba,Tunisie,5,0.0,0.0,200,400,Venues de mariage privées
2497,8633.0,126,4896,12000.0,20,pending,Birthday,2024-12-29,Wedding,Manouba,Tunisie,5,0.0,0.0,200,400,Venues de mariage privées
12491,4395.0,203,1258,24000.0,20,cancelled,Birthday,2022-04-03,Wedding,Manouba,Tunisie,3,0.0,0.0,200,400,Venues de mariage privées
3954,8511.0,298,962,12000.0,20,confirmed,Wedding,2025-04-22,Wedding,Manouba,Tunisie,5,0.0,0.0,200,400,Venues de mariage privées
15125,324.0,239,4101,15000.0,18,confirmed,Birthday,2023-09-02,Birthday,Manouba,Tunisie,4,0.0,0.0,200,400,Venues de mariage privées
10690,3108.0,298,962,23000.0,16,pending,Corporate Event,2024-11-13,Wedding,Manouba,Tunisie,3,0.0,0.0,200,400,Venues de mariage privées
16063,135870.0,249,22215,12000.0,20,cancelled,Wedding,2024-04-29,Wedding,Manouba,Tunisie,5,0.0,0.0,200,400,Venues de mariage privées
6004,5759.0,202,1983,12000.0,16,cancelled,Corporate Event,2023-10-14,Wedding,Manouba,Tunisie,1,0.0,0.0,200,400,Venues de mariage privées
6220,3847.0,202,1983,17000.0,18,confirmed,Birthday,2024-12-23,Birthday,Manouba,Tunisie,1,0.0,0.0,200,400,Venues de mariage privées
15812,6651.0,203,1258,17000.0,16,confirmed,Birthday,2022-12-19,Wedding,Manouba,Tunisie,5,0.0,0.0,200,400,Venues de mariage privées
7865,8600.0,252,1608,12000.0,18,pending,Wedding,2022-08-13,Birthday,Manouba,Tunisie,1,0.0,0.0,200,400,Venues de mariage privées
13146,11977.0,252,1608,15000.0,20,cancelled,Wedding,2024-08-04,Wedding,Manouba,Tunisie,4,0.0,0.0,200,400,Venues de mariage privées
10931,14862.0,249,22215,21000.0,20,pending,Corporate Event,2025-03-24,Wedding,Manouba,Tunisie,5,0.0,0.0,200,400,Venues de mariage privées
2713,6474.0,155,66,24000.0,16,cancelled,Wedding,2024-04-27,Wedding,Manouba,Tunisie,2,0.0,0.0,200,400,Venues de mariage privées
651,13321.0,203,1258,24000.0,16,cancelled,Birthday,2023-06-26,Wedding,Manouba,Tunisie,4,0.0,0.0,200,400,Venues de mariage privées
14003,9348.0,239,4101,21000.0,18,pending,Birthday,2025-08-03,Birthday,Manouba,Tunisie,5,0.0,0.0,200,400,Venues de mariage privées
9363,5361.0,155,66,17000.0,20,pending,Corporate Event,2022-11-12,Wedding,Manouba,Tunisie,5,0.0,0.0,200,400,Venues de mariage privées
4118,4108.0,202,1983,24000.0,13,cancelled,Birthday,2022-02-17,Corporate,Manouba,Tunisie,3,0.0,0.0,200,400,Venues de mariage privées
12477,12786.0,298,962,12000.0,18,confirmed,Wedding,2025-04-29,Birthday,Manouba,Tunisie,1,0.0,0.0,200,400,Venues de mariage privées
1683,2037.0,249,22215,26000.0,13,confirmed,Birthday,2022-06-28,Corporate,Manouba,Tunisie,3,0.0,0.0,200,400,Venues de mariage privées
17743,2875.0,202,1983,19000.0,20,confirmed,Wedding,2025-11-10,Wedding,Manouba,Tunisie,1,0.0,0.0,200,400,Venues de mariage privées
10539,7873.0,298,962,20000.0,18,pending,Birthday,2023-10-28,Birthday,Manouba,Tunisie,1,0.0,0.0,200,400,Venues de mariage privées
11717,8846.0,239,4101,15000.0,13,cancelled,Corporate Event,2024-08-16,Corporate,Manouba,Tunisie,1,0.0,0.0,200,400,Venues de mariage privées
1097,11652.0,176,3661,21000.0,16,pending,Birthday,2025-08-03,Wedding,Manouba,Tunisie,1,0.0,0.0,200,400,Venues de mariage privées
6722,12489.0,203,1417,22000.0,16,cancelled,Wedding,2024-06-03,Wedding,Manouba,Tunisie,2,0.0,0.0,200,400,Venues de mariage privées
10478,42100.0,239,4101,19000.0,20,pending,Wedding,2025-03-20,Wedding,Manouba,Tunisie,5,0.0,0.0,200,400,Venues de mariage privées
5096,14175.0,298,962,23000.0,13,confirmed,Corporate Event,2025-08-05,Corporate,Manouba,Tunisie,3,0.0,0.0,200,400,Venues de mariage privées
940,2793.0,239,4101,20000.0,18,cancelled,Wedding,2025-05-28,Birthday,Manouba,Tunisie,3,0.0,0.0,200,400,Venues de mariage privées
17896,734.0,155,66,25000.0,20,pending,Corporate Event,2023-03-27,Wedding,Manouba,Tunisie,5,0.0,0.0,200,400,Venues de mariage privées
2925,10743.0,249,22215,21000.0,16,pending,Corporate Event,2024-01-20,Wedding,Manouba,Tunisie,1,0.0,0.0,200,400,Venues de mariage privées
6475,10466.0,249,22215,24000.0,13,cancelled,Birthday,2024-08-17,Corporate,Manouba,Tunisie,3,0.0,0.0,200,400,Venues de mariage privées
12953,1221.0,202,1983,20000.0,20,pending,Corporate Event,2024-01-05,Wedding,Manouba,Tunisie,5,0.0,0.0,200,400,Venues de mariage privées
12665,4801.0,239,4101,15000.0,13,confirmed,Birthday,2024-10-14,Corporate,Manouba,Tunisie,3,0.0,0.0,200,400,Venues de mariage privées
9755,752.0,202,1983,20000.0,13,pending,Wedding,2023-09-06,Corporate,Manouba,Tunisie,1,0.0,0.0,200,400,Venues de mariage privées
8862,10964.0,202,1983,23000.0,20,cancelled,Wedding,2022-11-05,Wedding,Manouba,Tunisie,5,0.0,0.0,200,400,Venues de mariage privées
16987,3647.0,249,22215,17000.0,18,cancelled,Birthday,2023-05-19,Birthday,Manouba,Tunisie,5,0.0,0.0,200,400,Venues de mariage privées
378,8200.0,252,1608,23000.0,18,pending,Corporate Event,2022-01-20,Birthday,Manouba,Tunisie,3,0.0,0.0,200,400,Venues de mariage privées
3719,12335.0,239,4101,20000.0,20,confirmed,Birthday,2023-10-03,Wedding,Manouba,Tunisie,1,0.0,0.0,200,400,Venues de mariage privées
7573,4427.0,252,1608,20000.0,18,cancelled,Birthday,2024-03-15,Birthday,Manouba,Tunisie,5,0.0,0.0,200,400,Venues de mariage privées
4909,8686.0,252,1608,24000.0,13,pending,Birthday,2023-12-19,Corporate,Manouba,Tunisie,1,0.0,0.0,200,400,Venues de mariage privées
17549,8559.0,176,3661,21000.0,13,confirmed,Wedding,2024-02-06,Corporate,Manouba,Tunisie,5,0.0,0.0,200,400,Venues de mariage privées
2748,10365.0,202,1983,26000.0,20,confirmed,Wedding,2025-05-11,Wedding,Manouba,Tunisie,3,0.0,0.0,200,400,Venues de mariage privées
11552,12257.0,249,22215,13000.0,13,pending,Wedding,2023-09-20,Corporate,Manouba,Tunisie,3,0.0,0.0,200,400,Venues de mariage privées
5291,6025.0,229,3480,12000.0,18,pending,Birthday,2023-09-16,Birthday,Manouba,Tunisie,4,0.0,0.0,200,400,Venues de mariage privées
4703,11010.0,252,1608,13000.0,13,pending,Birthday,2022-11-30,Corporate,Manouba,Tunisie,1,0.0,0.0,200,400,Venues de mariage privées
13324,2792.0,298,962,21000.0,13,confirmed,Birthday,2023-11-16,Corporate,Manouba,Tunisie,4,0.0,0.0,200,400,Venues de mariage privées
8380,8508.0,203,1417,15000.0,20,confirmed,Wedding,2024-10-11,Wedding,Manouba,Tunisie,2,0.0,0.0,200,400,Venues de mariage privées
9593,2103.0,203,1258,12000.0,18,confirmed,Corporate Event,2024-11-23,Birthday,Manouba,Tunisie,4,0.0,0.0,200,400,Venues de mariage privées
13665,6243.0,229,3480,22000.0,18,confirmed,Wedding,2022-04-05,Birthday,Manouba,Tunisie,1,0.0,0.0,200,400,Venues de mariage privées
2563,13591.0,252,1608,19000.0,16,pending,Birthday,2024-11-20,Wedding,Manouba,Tunisie,1,0.0,0.0,200,400,Venues de mariage privées
5911,5211.0,202,1983,20000.0,20,pending,Wedding,2022-08-29,Wedding,Manouba,Tunisie,4,0.0,0.0,200,400,Venues de mariage privées
2425,10826.0,176,3661,23000.0,20,confirmed,Wedding,2025-03-15,Wedding,Manouba,Tunisie,2,0.0,0.0,200,400,Venues de mariage privées
5566,8260.0,249,22215,12000.0,16,cancelled,Wedding,2025-06-14,Wedding,Manouba,Tunisie,4,0.0,0.0,200,400,Venues de mariage privées
3049,9998.0,249,22215,17000.0,18,pending,Birthday,2023-11-08,Birthday,Manouba,Tunisie,3,0.0,0.0,200,400,Venues de mariage privées
13469,11666.0,42,3577,19000.0,16,confirmed,Wedding,2025-08-07,Wedding,Manouba,Tunisie,2,0.0,0.0,200,400,Venues de mariage privées
16753,2973.0,203,1258,25000.0,18,cancelled,Corporate Event,2023-12-11,Birthday,Manouba,Tunisie,4,0.0,0.0,200,400,Venues de mariage privées
17504,2510.0,155,66,19000.0,20,cancelled,Birthday,2024-06-15,Wedding,Manouba,Tunisie,1,0.0,0.0,200,400,Venues de mariage privées
7741,4298.0,202,1983,20000.0,18,cancelled,Birthday,2022-03-18,Birthday,Manouba,Tunisie,3,0.0,0.0,200,400,Venues de mariage privées
10923,12537.0,252,1608,17000.0,20,confirmed,Corporate Event,2022-04-30,Wedding,Manouba,Tunisie,5,0.0,0.0,200,400,Venues de mariage privées
14521,14412.0,249,22215,25000.0,18,pending,Birthday,2023-07-14,Birthday,Manouba,Tunisie,5,0.0,0.0,200,400,Venues de mariage privées
16787,992.0,252,1608,13000.0,20,cancelled,Wedding,2024-02-02,Wedding,Manouba,Tunisie,5,0.0,0.0,200,400,Venues de mariage privées
3807,888.0,155,66,17000.0,16,pending,Birthday,2024-09-16,Wedding,Manouba,Tunisie,2,0.0,0.0,200,400,Venues de mariage privées
13541,13338.0,42,3577,12000.0,13,cancelled,Corporate Event,2024-11-14,Corporate,Manouba,Tunisie,2,0.0,0.0,200,400,Venues de mariage privées
5049,11711.0,155,66,12000.0,18,confirmed,Corporate Event,2024-12-07,Birthday,Manouba,Tunisie,4,0.0,0.0,200,400,Venues de mariage privées
15483,13678.0,202,1983,13000.0,13,cancelled,Wedding,2024-10-18,Corporate,Manouba,Tunisie,5,0.0,0.0,200,400,Venues de mariage privées
827,4857.0,176,3661,21000.0,13,pending,Birthday,2022-06-18,Corporate,Manouba,Tunisie,5,0.0,0.0,200,400,Venues de mariage privées
5674,6759.0,298,962,23000.0,18,cancelled,Corporate Event,2025-10-25,Birthday,Manouba,Tunisie,3,0.0,0.0,200,400,Venues de mariage privées
11748,14582.0,249,22215,20000.0,13,cancelled,Wedding,2025-03-29,Corporate,Manouba,Tunisie,5,0.0,0.0,200,400,Venues de mariage privées
15288,2534.0,155,66,17000.0,13,confirmed,Birthday,2025-06-30,Corporate,Manouba,Tunisie,2,0.0,0.0,200,400,Venues de mariage privées
1913,2810.0,176,3661,19000.0,18,confirmed,Corporate Event,2022-05-05,Birthday,Manouba,Tunisie,1,0.0,0.0,200,400,Venues de mariage privées
14302,7583.0,126,4896,22000.0,13,cancelled,Birthday,2022-12-30,Corporate,Manouba,Tunisie,5,0.0,0.0,200,400,Venues de mariage privées
9633,12454.0,126,4896,19000.0,20,confirmed,Birthday,2024-12-18,Wedding,Manouba,Tunisie,2,0.0,0.0,200,400,Venues de mariage privées
10651,14646.0,252,1608,24000.0,16,confirmed,Wedding,2025-08-31,Wedding,Manouba,Tunisie,5,0.0,0.0,200,400,Venues de mariage privées
12940,1906.0,42,3577,22000.0,20,pending,Corporate Event,2023-12-07,Wedding,Manouba,Tunisie,1,0.0,0.0,200,400,Venues de mariage privées
3662,1682.0,249,22215,20000.0,20,cancelled,Wedding,2023-06-04,Wedding,Manouba,Tunisie,1,0.0,0.0,200,400,Venues de mariage privées
9173,11918.0,229,3480,17000.0,13,cancelled,Birthday,2024-08-09,Corporate,Manouba,Tunisie,2,0.0,0.0,200,400,Venues de mariage privées
1345,6236.0,239,4101,20000.0,20,pending,Corporate Event,2023-05-06,Wedding,Manouba,Tunisie,4,0.0,0.0,200,400,Venues de mariage privées
162,10016.0,252,1608,26000.0,20,pending,Wedding,2024-05-01,Wedding,Manouba,Tunisie,2,0.0,0.0,200,400,Venues de mariage privées
857,12835.0,252,1608,24000.0,16,pending,Wedding,2025-07-22,Wedding,Manouba,Tunisie,1,0.0,0.0,200,400,Venues de mariage privées
16148,13064.0,249,22215,15000.0,13,cancelled,Wedding,2024-01-07,Corporate,Manouba,Tunisie,5,0.0,0.0,200,400,Venues de mariage privées
3342,141250.0,239,4101,12000.0,16,confirmed,Birthday,2025-06-18,Wedding,Manouba,Tunisie,5,0.0,0.0,200,400,Venues de mariage privées
8320,13626.0,126,4896,23000.0,18,confirmed,Wedding,2024-01-15,Birthday,Manouba,Tunisie,3,0.0,0.0,200,400,Venues de mariage privées
1233,8262.0,176,3661,15000.0,18,cancelled,Birthday,2025-10-30,Birthday,Manouba,Tunisie,3,0.0,0.0,200,400,Venues de mariage privées
2132,11960.0,203,1258,15000.0,16,cancelled,Wedding,2025-05-30,Wedding,Manouba,Tunisie,5,0.0,0.0,200,400,Venues de mariage privées
11793,9204.0,203,1258,17000.0,20,confirmed,Birthday,2025-10-17,Wedding,Manouba,Tunisie,4,0.0,0.0,200,400,Venues de mariage privées
15014,2276.0,298,962,21000.0,13,pending,Wedding,2022-04-17,Corporate,Manouba,Tunisie,5,0.0,0.0,200,400,Venues de mariage privées
3897,6970.0,155,66,25000.0,16,pending,Wedding,2023-08-15,Wedding,Manouba,Tunisie,5,0.0,0.0,200,400,Venues de mariage privées
80,11314.0,176,3661,12000.0,13,cancelled,Corporate Event,2025-08-08,Corporate,Manouba,Tunisie,2,0.0,0.0,200,400,Venues de mariage privées
4698,10517.0,298,962,15000.0,18,pending,Birthday,2023-11-28,Birthday,Manouba,Tunisie,5,0.0,0.0,200,400,Venues de mariage privées
1254,2038.0,239,4101,20000.0,18,cancelled,Corporate Event,2025-09-04,Birthday,Manouba,Tunisie,4,0.0,0.0,200,400,Venues de mariage privées
15255,2151.0,176,3661,21000.0,16,pending,Wedding,2025-04-22,Wedding,Manouba,Tunisie,3,0.0,0.0,200,400,Venues de mariage privées
6101,7046.0,202,1983,25000.0,20,pending,Corporate Event,2022-02-18,Wedding,Manouba,Tunisie,5,0.0,0.0,200,400,Venues de mariage privées
13230,7302.0,203,1258,23000.0,13,cancelled,Birthday,2025-12-13,Corporate,Manouba,Tunisie,3,0.0,0.0,200,400,Venues de mariage privées
7085,9261.0,126,4896,25000.0,13,confirmed,Wedding,2025-07-04,Corporate,Manouba,Tunisie,3,0.0,0.0,200,400,Venues de mariage privées
11056,12141.0,298,962,13000.0,14,cancelled,Wedding,2025-02-12,Corporate,Nabeul,Tunisie,1,0.0,0.0,300,500,Venues de mariage privées
10066,12688.0,203,1417,24000.0,7,pending,Birthday,2022-01-21,Wedding,Nabeul,Tunisie,1,0.0,0.0,300,500,Venues de mariage privées
2236,3938.0,298,962,24000.0,10,confirmed,Birthday,2022-11-05,Birthday,Nabeul,Tunisie,5,0.0,0.0,300,500,Venues de mariage privées
16803,10353.0,176,3661,15000.0,2,confirmed,Corporate Event,2024-04-15,Wedding,Nabeul,Tunisie,2,0.0,0.0,300,500,Venues de mariage privées
10366,11266.0,42,3577,21000.0,14,confirmed,Birthday,2022-05-19,Corporate,Nabeul,Tunisie,5,0.0,0.0,300,500,Venues de mariage privées
11661,7190.0,249,22215,24000.0,7,confirmed,Corporate Event,2023-06-22,Wedding,Nabeul,Tunisie,1,0.0,0.0,300,500,Venues de mariage privées
819,3426.0,126,4896,25000.0,7,confirmed,Wedding,2023-11-24,Wedding,Nabeul,Tunisie,5,0.0,0.0,300,500,Venues de mariage privées
13886,4594.0,249,22215,20000.0,10,confirmed,Wedding,2022-11-09,Birthday,Nabeul,Tunisie,5,0.0,0.0,300,500,Venues de mariage privées
12489,7969.0,298,962,22000.0,2,cancelled,Corporate Event,2024-05-30,Wedding,Nabeul,Tunisie,3,0.0,0.0,300,500,Venues de mariage privées
17434,3466.0,42,3577,21000.0,2,confirmed,Birthday,2025-05-22,Wedding,Nabeul,Tunisie,2,0.0,0.0,300,500,Venues de mariage privées
4858,8218.0,249,22215,12000.0,2,cancelled,Wedding,2024-03-29,Wedding,Nabeul,Tunisie,3,0.0,0.0,300,500,Venues de mariage privées
7439,6785.0,202,1983,24000.0,2,pending,Corporate Event,2024-08-23,Wedding,Nabeul,Tunisie,4,0.0,0.0,300,500,Venues de mariage privées
15777,12443.0,126,4896,21000.0,10,cancelled,Wedding,2025-06-25,Birthday,Nabeul,Tunisie,5,0.0,0.0,300,500,Venues de mariage privées
17944,8050.0,229,3480,21000.0,2,pending,Corporate Event,2023-05-12,Wedding,Nabeul,Tunisie,2,0.0,0.0,300,500,Venues de mariage privées
1202,9744.0,249,22215,15000.0,10,pending,Birthday,2024-06-05,Birthday,Nabeul,Tunisie,1,0.0,0.0,300,500,Venues de mariage privées
1507,115350.0,229,3480,25000.0,10,confirmed,Wedding,2024-09-30,Birthday,Nabeul,Tunisie,1,0.0,0.0,300,500,Venues de mariage privées
2116,5247.0,176,3661,19000.0,14,pending,Wedding,2025-03-16,Corporate,Nabeul,Tunisie,5,0.0,0.0,300,500,Venues de mariage privées
4918,140530.0,42,3577,21000.0,2,cancelled,Birthday,2023-07-13,Wedding,Nabeul,Tunisie,5,0.0,0.0,300,500,Venues de mariage privées
8974,4976.0,298,962,23000.0,2,cancelled,Corporate Event,2024-06-24,Wedding,Nabeul,Tunisie,3,0.0,0.0,300,500,Venues de mariage privées
5177,7613.0,203,1417,17000.0,7,pending,Birthday,2023-11-11,Wedding,Nabeul,Tunisie,2,0.0,0.0,300,500,Venues de mariage privées
7588,6515.0,42,3577,22000.0,14,pending,Wedding,2025-07-13,Corporate,Nabeul,Tunisie,3,0.0,0.0,300,500,Venues de mariage privées
13048,5388.0,202,1983,15000.0,7,confirmed,Birthday,2025-11-24,Wedding,Nabeul,Tunisie,2,0.0,0.0,300,500,Venues de mariage privées
1301,2322.0,298,962,20000.0,10,pending,Birthday,2022-10-13,Birthday,Nabeul,Tunisie,3,0.0,0.0,300,500,Venues de mariage privées
7146,140320.0,252,1608,22000.0,2,confirmed,Birthday,2022-12-20,Wedding,Nabeul,Tunisie,5,0.0,0.0,300,500,Venues de mariage privées
9857,9159.0,176,3661,21000.0,14,cancelled,Wedding,2023-01-01,Corporate,Nabeul,Tunisie,1,0.0,0.0,300,500,Venues de mariage privées
1884,943.0,239,4101,21000.0,2,confirmed,Birthday,2022-10-07,Wedding,Nabeul,Tunisie,1,0.0,0.0,300,500,Venues de mariage privées
13723,8204.0,229,3480,22000.0,10,pending,Corporate Event,2022-08-19,Birthday,Nabeul,Tunisie,3,0.0,0.0,300,500,Venues de mariage privées
5375,10172.0,126,4896,15000.0,10,pending,Corporate Event,2024-09-08,Birthday,Nabeul,Tunisie,1,0.0,0.0,300,500,Venues de mariage privées
1014,9422.0,155,66,22000.0,14,confirmed,Wedding,2023-03-09,Corporate,Nabeul,Tunisie,5,0.0,0.0,300,500,Venues de mariage privées
3742,11129.0,229,3480,24000.0,7,pending,Corporate Event,2022-04-11,Wedding,Nabeul,Tunisie,4,0.0,0.0,300,500,Venues de mariage privées
10200,6804.0,239,4101,26000.0,2,cancelled,Wedding,2023-12-01,Wedding,Nabeul,Tunisie,2,0.0,0.0,300,500,Venues de mariage privées
5459,13799.0,249,22215,12000.0,2,confirmed,Corporate Event,2025-11-16,Wedding,Nabeul,Tunisie,5,0.0,0.0,300,500,Venues de mariage privées
1504,13089.0,249,22215,12000.0,2,cancelled,Wedding,2025-08-27,Wedding,Nabeul,Tunisie,2,0.0,0.0,300,500,Venues de mariage privées
8433,5616.0,298,962,20000.0,2,cancelled,Wedding,2024-09-26,Wedding,Nabeul,Tunisie,3,0.0,0.0,300,500,Venues de mariage privées
14036,10537.0,176,3661,20000.0,10,confirmed,Corporate Event,2022-07-25,Birthday,Nabeul,Tunisie,5,0.0,0.0,300,500,Venues de mariage privées
8196,6059.0,155,66,25000.0,14,pending,Corporate Event,2022-05-11,Corporate,Nabeul,Tunisie,5,0.0,0.0,300,500,Venues de mariage privées
17460,14939.0,229,3480,21000.0,14,confirmed,Corporate Event,2022-01-10,Corporate,Nabeul,Tunisie,2,0.0,0.0,300,500,Venues de mariage privées
5454,11092.0,202,1983,13000.0,2,confirmed,Corporate Event,2022-03-31,Wedding,Nabeul,Tunisie,2,0.0,0.0,300,500,Venues de mariage privées
17976,13841.0,203,1258,22000.0,2,pending,Corporate Event,2025-04-02,Wedding,Nabeul,Tunisie,4,0.0,0.0,300,500,Venues de mariage privées
13987,12072.0,203,1258,12000.0,2,confirmed,Corporate Event,2024-08-18,Wedding,Nabeul,Tunisie,1,0.0,0.0,300,500,Venues de mariage privées
130,8947.0,252,1608,15000.0,14,cancelled,Wedding,2025-01-22,Corporate,Nabeul,Tunisie,1,0.0,0.0,300,500,Venues de mariage privées
6700,666.0,252,1608,13000.0,2,pending,Corporate Event,2025-04-13,Wedding,Nabeul,Tunisie,4,0.0,0.0,300,500,Venues de mariage privées
6645,3499.0,42,3577,22000.0,14,pending,Corporate Event,2024-08-05,Corporate,Nabeul,Tunisie,5,0.0,0.0,300,500,Venues de mariage privées
12511,12586.0,155,66,20000.0,14,cancelled,Wedding,2023-07-26,Corporate,Nabeul,Tunisie,1,0.0,0.0,300,500,Venues de mariage privées
15119,14073.0,155,66,13000.0,10,cancelled,Birthday,2025-07-09,Birthday,Nabeul,Tunisie,5,0.0,0.0,300,500,Venues de mariage privées
14376,12995.0,249,22215,25000.0,10,pending,Corporate Event,2022-09-05,Birthday,Nabeul,Tunisie,3,0.0,0.0,300,500,Venues de mariage privées
16777,4614.0,203,1417,20000.0,2,confirmed,Corporate Event,2022-04-12,Wedding,Nabeul,Tunisie,4,0.0,0.0,300,500,Venues de mariage privées
15784,1491.0,126,4896,22000.0,14,pending,Wedding,2025-01-09,Corporate,Nabeul,Tunisie,4,0.0,0.0,300,500,Venues de mariage privées
4996,69640.0,202,1983,21000.0,10,confirmed,Birthday,2022-01-11,Birthday,Nabeul,Tunisie,5,0.0,0.0,300,500,Venues de mariage privées
17878,5114.0,155,66,19000.0,10,confirmed,Corporate Event,2023-06-17,Birthday,Nabeul,Tunisie,2,0.0,0.0,300,500,Venues de mariage privées
1837,7856.0,298,962,23000.0,14,confirmed,Corporate Event,2023-06-05,Corporate,Nabeul,Tunisie,5,0.0,0.0,300,500,Venues de mariage privées
12387,12235.0,155,66,24000.0,14,confirmed,Wedding,2024-04-29,Corporate,Nabeul,Tunisie,5,0.0,0.0,300,500,Venues de mariage privées
17550,11915.0,203,1417,17000.0,14,pending,Corporate Event,2024-02-05,Corporate,Nabeul,Tunisie,4,0.0,0.0,300,500,Venues de mariage privées
17592,3568.0,203,1258,24000.0,10,cancelled,Corporate Event,2022-06-19,Birthday,Nabeul,Tunisie,3,0.0,0.0,300,500,Venues de mariage privées
16805,951.0,176,3661,13000.0,10,confirmed,Wedding,2022-08-16,Birthday,Nabeul,Tunisie,2,0.0,0.0,300,500,Venues de mariage privées
7404,69360.0,42,3577,13000.0,14,cancelled,Birthday,2024-07-20,Corporate,Nabeul,Tunisie,2,0.0,0.0,300,500,Venues de mariage privées
6717,8397.0,249,22215,22000.0,2,pending,Wedding,2022-09-17,Wedding,Nabeul,Tunisie,5,0.0,0.0,300,500,Venues de mariage privées
17008,12096.0,239,4101,20000.0,2,cancelled,Wedding,2024-09-25,Wedding,Nabeul,Tunisie,1,0.0,0.0,300,500,Venues de mariage privées
2973,2491.0,239,4101,13000.0,2,cancelled,Corporate Event,2025-02-27,Wedding,Nabeul,Tunisie,2,0.0,0.0,300,500,Venues de mariage privées
577,10790.0,176,3661,25000.0,7,cancelled,Birthday,2024-12-26,Wedding,Nabeul,Tunisie,3,0.0,0.0,300,500,Venues de mariage privées
9810,9091.0,229,3480,26000.0,10,pending,Wedding,2022-02-25,Birthday,Nabeul,Tunisie,1,0.0,0.0,300,500,Venues de mariage privées
8069,4218.0,229,3480,13000.0,10,confirmed,Birthday,2025-02-19,Birthday,Nabeul,Tunisie,5,0.0,0.0,300,500,Venues de mariage privées
3425,1632.0,155,66,12000.0,2,pending,Corporate Event,2025-05-27,Wedding,Nabeul,Tunisie,5,0.0,0.0,300,500,Venues de mariage privées
14533,13065.0,239,4101,26000.0,14,pending,Wedding,2025-10-12,Corporate,Nabeul,Tunisie,2,0.0,0.0,300,500,Venues de mariage privées
13899,1978.0,202,1983,12000.0,10,pending,Corporate Event,2024-07-15,Birthday,Nabeul,Tunisie,5,0.0,0.0,300,500,Venues de mariage privées
10777,7964.0,298,962,20000.0,7,confirmed,Wedding,2024-08-19,Wedding,Nabeul,Tunisie,2,0.0,0.0,300,500,Venues de mariage privées
14389,9876.0,252,1608,19000.0,7,cancelled,Corporate Event,2024-03-11,Wedding,Nabeul,Tunisie,1,0.0,0.0,300,500,Venues de mariage privées
15004,2169.0,176,3661,15000.0,10,cancelled,Birthday,2025-01-12,Birthday,Nabeul,Tunisie,3,0.0,0.0,300,500,Venues de mariage privées
10535,356.0,155,66,12000.0,2,cancelled,Birthday,2022-09-02,Wedding,Nabeul,Tunisie,5,0.0,0.0,300,500,Venues de mariage privées
6770,8646.0,203,1258,23000.0,14,cancelled,Corporate Event,2024-10-18,Corporate,Nabeul,Tunisie,1,0.0,0.0,300,500,Venues de mariage privées
9948,4363.0,203,1258,19000.0,14,cancelled,Wedding,2022-10-30,Corporate,Nabeul,Tunisie,5,0.0,0.0,300,500,Venues de mariage privées
16765,6947.0,202,1983,13000.0,10,pending,Birthday,2024-10-25,Birthday,Nabeul,Tunisie,3,0.0,0.0,300,500,Venues de mariage privées
7546,14944.0,42,3577,25000.0,7,pending,Corporate Event,2023-03-20,Wedding,Nabeul,Tunisie,5,0.0,0.0,300,500,Venues de mariage privées
3200,5259.0,298,962,20000.0,14,pending,Birthday,2022-01-06,Corporate,Nabeul,Tunisie,5,0.0,0.0,300,500,Venues de mariage privées
13081,11411.0,298,962,21000.0,10,confirmed,Wedding,2025-09-18,Birthday,Nabeul,Tunisie,1,0.0,0.0,300,500,Venues de mariage privées
12217,10330.0,203,1258,19000.0,2,pending,Birthday,2024-04-07,Wedding,Nabeul,Tunisie,5,0.0,0.0,300,500,Venues de mariage privées
3698,6778.0,203,1258,26000.0,7,cancelled,Corporate Event,2023-12-13,Wedding,Nabeul,Tunisie,4,0.0,0.0,300,500,Venues de mariage privées
11344,13602.0,298,962,17000.0,14,pending,Corporate Event,2025-03-09,Corporate,Nabeul,Tunisie,3,0.0,0.0,300,500,Venues de mariage privées
13050,9824.0,155,66,20000.0,7,pending,Wedding,2024-09-28,Wedding,Nabeul,Tunisie,1,0.0,0.0,300,500,Venues de mariage privées
4302,7624.0,239,4101,26000.0,7,cancelled,Wedding,2022-11-08,Wedding,Nabeul,Tunisie,4,0.0,0.0,300,500,Venues de mariage privées
15526,5658.0,298,962,19000.0,2,cancelled,Birthday,2022-02-11,Wedding,Nabeul,Tunisie,1,0.0,0.0,300,500,Venues de mariage privées
17033,3060.0,202,1983,19000.0,14,confirmed,Corporate Event,2025-10-09,Corporate,Nabeul,Tunisie,1,0.0,0.0,300,500,Venues de mariage privées
16891,2254.0,203,1417,22000.0,2,pending,Corporate Event,2025-06-24,Wedding,Nabeul,Tunisie,2,0.0,0.0,300,500,Venues de mariage privées
14765,14604.0,42,3577,25000.0,14,cancelled,Corporate Event,2025-06-24,Corporate,Nabeul,Tunisie,5,0.0,0.0,300,500,Venues de mariage privées
7907,5722.0,298,962,20000.0,7,pending,Birthday,2025-04-26,Wedding,Nabeul,Tunisie,1,0.0,0.0,300,500,Venues de mariage privées
7150,3876.0,176,3661,19000.0,2,cancelled,Birthday,2025-02-12,Wedding,Nabeul,Tunisie,1,0.0,0.0,300,500,Venues de mariage privées
8318,12861.0,202,1983,15000.0,7,cancelled,Corporate Event,2024-02-26,Wedding,Nabeul,Tunisie,4,0.0,0.0,300,500,Venues de mariage privées
4977,1844.0,42,3577,12000.0,7,confirmed,Wedding,2024-06-16,Wedding,Nabeul,Tunisie,3,0.0,0.0,300,500,Venues de mariage privées
2604,8421.0,229,3480,25000.0,7,cancelled,Corporate Event,2024-12-15,Wedding,Nabeul,Tunisie,2,0.0,0.0,300,500,Venues de mariage privées
7069,3918.0,42,3577,20000.0,14,pending,Birthday,2022-10-25,Corporate,Nabeul,Tunisie,3,0.0,0.0,300,500,Venues de mariage privées
809,3888.0,203,1417,20000.0,10,cancelled,Birthday,2025-04-10,Birthday,Nabeul,Tunisie,5,0.0,0.0,300,500,Venues de mariage privées
11243,11714.0,155,66,23000.0,2,pending,Birthday,2025-08-07,Wedding,Nabeul,Tunisie,2,0.0,0.0,300,500,Venues de mariage privées
8636,626.0,252,1608,12000.0,14,pending,Birthday,2023-06-24,Corporate,Nabeul,Tunisie,3,0.0,0.0,300,500,Venues de mariage privées
876,4376.0,155,66,17000.0,10,cancelled,Wedding,2024-02-22,Birthday,Nabeul,Tunisie,2,0.0,0.0,300,500,Venues de mariage privées
8254,11488.0,239,4101,23000.0,10,cancelled,Corporate Event,2022-11-06,Birthday,Nabeul,Tunisie,1,0.0,0.0,300,500,Venues de mariage privées
15972,4010.0,298,962,19000.0,10,pending,Corporate Event,2022-07-22,Birthday,Nabeul,Tunisie,2,0.0,0.0,300,500,Venues de mariage privées
10017,9496.0,155,66,26000.0,2,confirmed,Birthday,2022-10-13,Wedding,Nabeul,Tunisie,5,0.0,0.0,300,500,Venues de mariage privées
8720,10862.0,203,1417,22000.0,10,pending,Corporate Event,2023-10-25,Birthday,Nabeul,Tunisie,2,0.0,0.0,300,500,Venues de mariage privées
754,3372.0,203,1258,25000.0,7,confirmed,Wedding,2025-10-04,Wedding,Nabeul,Tunisie,3,0.0,0.0,300,500,Venues de mariage privées
7067,11286.0,229,3480,24000.0,7,cancelled,Birthday,2022-03-08,Wedding,Nabeul,Tunisie,4,0.0,0.0,300,500,Venues de mariage privées
17864,1960.0,239,4101,26000.0,2,pending,Wedding,2022-09-14,Wedding,Nabeul,Tunisie,4,0.0,0.0,300,500,Venues de mariage privées
15674,145180.0,126,4896,24000.0,2,confirmed,Wedding,2025-02-20,Wedding,Nabeul,Tunisie,4,0.0,0.0,300,500,Venues de mariage privées
17391,14110.0,298,962,15000.0,10,cancelled,Birthday,2022-10-25,Birthday,Nabeul,Tunisie,2,0.0,0.0,300,500,Venues de mariage privées
7130,249.0,239,4101,12000.0,14,confirmed,Corporate Event,2025-07-04,Corporate,Nabeul,Tunisie,2,0.0,0.0,300,500,Venues de mariage privées
11393,1761.0,203,1417,26000.0,10,confirmed,Birthday,2022-07-12,Birthday,Nabeul,Tunisie,4,0.0,0.0,300,500,Venues de mariage privées
11801,14274.0,126,4896,19000.0,10,confirmed,Corporate Event,2024-10-14,Birthday,Nabeul,Tunisie,3,0.0,0.0,300,500,Venues de mariage privées
3562,8219.0,42,3577,17000.0,10,confirmed,Wedding,2022-05-12,Birthday,Nabeul,Tunisie,3,0.0,0.0,300,500,Venues de mariage privées
16551,8841.0,203,1417,15000.0,14,pending,Wedding,2023-12-21,Corporate,Nabeul,Tunisie,5,0.0,0.0,300,500,Venues de mariage privées
4648,983.0,229,3480,17000.0,14,confirmed,Birthday,2023-04-06,Corporate,Nabeul,Tunisie,4,0.0,0.0,300,500,Venues de mariage privées
4088,10746.0,202,1983,22000.0,7,pending,Birthday,2022-02-14,Wedding,Nabeul,Tunisie,4,0.0,0.0,300,500,Venues de mariage privées
95,5571.0,249,22215,26000.0,14,cancelled,Wedding,2022-03-15,Corporate,Nabeul,Tunisie,1,0.0,0.0,300,500,Venues de mariage privées
13447,1060.0,249,22215,20000.0,10,cancelled,Wedding,2025-12-25,Birthday,Nabeul,Tunisie,3,0.0,0.0,300,500,Venues de mariage privées
1283,899.0,203,1417,13000.0,7,pending,Corporate Event,2023-08-20,Wedding,Nabeul,Tunisie,3,0.0,0.0,300,500,Venues de mariage privées
13826,5306.0,126,4896,13000.0,10,confirmed,Corporate Event,2022-02-26,Birthday,Nabeul,Tunisie,4,0.0,0.0,300,500,Venues de mariage privées
11008,10469.0,126,4896,24000.0,14,confirmed,Birthday,2025-10-28,Corporate,Nabeul,Tunisie,5,0.0,0.0,300,500,Venues de mariage privées
15315,1185.0,249,22215,26000.0,7,confirmed,Corporate Event,2023-11-02,Wedding,Nabeul,Tunisie,3,0.0,0.0,300,500,Venues de mariage privées
1298,8975.0,42,3577,24000.0,10,cancelled,Birthday,2025-10-12,Birthday,Nabeul,Tunisie,1,0.0,0.0,300,500,Venues de mariage privées
9974,8770.0,126,4896,15000.0,10,pending,Birthday,2022-10-08,Birthday,Nabeul,Tunisie,4,0.0,0.0,300,500,Venues de mariage privées
11620,3154.0,239,4101,19000.0,10,pending,Birthday,2024-11-06,Birthday,Nabeul,Tunisie,1,0.0,0.0,300,500,Venues de mariage privées
13034,2899.0,202,1983,12000.0,10,cancelled,Corporate Event,2023-04-30,Birthday,Nabeul,Tunisie,5,0.0,0.0,300,500,Venues de mariage privées
8591,93260.0,42,3577,15000.0,7,pending,Corporate Event,2023-08-02,Wedding,Nabeul,Tunisie,3,0.0,0.0,300,500,Venues de mariage privées
14172,4688.0,42,3577,25000.0,2,cancelled,Birthday,2025-12-06,Wedding,Nabeul,Tunisie,3,0.0,0.0,300,500,Venues de mariage privées
561,13037.0,249,22215,19000.0,7,cancelled,Birthday,2022-10-17,Wedding,Nabeul,Tunisie,3,0.0,0.0,300,500,Venues de mariage privées
13107,9498.0,298,962,24000.0,2,cancelled,Corporate Event,2024-01-10,Wedding,Nabeul,Tunisie,3,0.0,0.0,300,500,Venues de mariage privées
12212,3517.0,203,1258,25000.0,10,pending,Wedding,2025-08-20,Birthday,Nabeul,Tunisie,1,0.0,0.0,300,500,Venues de mariage privées
7926,3241.0,176,3661,24000.0,10,confirmed,Birthday,2024-03-27,Birthday,Nabeul,Tunisie,3,0.0,0.0,300,500,Venues de mariage privées
17648,5251.0,203,1258,21000.0,10,pending,Wedding,2024-10-19,Birthday,Nabeul,Tunisie,1,0.0,0.0,300,500,Venues de mariage privées
4226,9477.0,202,1983,13000.0,7,confirmed,Corporate Event,2025-05-18,Wedding,Nabeul,Tunisie,5,0.0,0.0,300,500,Venues de mariage privées
5802,13983.0,298,962,23000.0,2,cancelled,Birthday,2025-05-26,Wedding,Nabeul,Tunisie,2,0.0,0.0,300,500,Venues de mariage privées
5512,4706.0,202,1983,12000.0,10,pending,Birthday,2025-02-01,Birthday,Nabeul,Tunisie,1,0.0,0.0,300,500,Venues de mariage privées
17025,2866.0,203,1417,26000.0,14,cancelled,Birthday,2022-03-15,Corporate,Nabeul,Tunisie,4,0.0,0.0,300,500,Venues de mariage privées
10630,4165.0,229,3480,12000.0,14,pending,Corporate Event,2025-06-07,Corporate,Nabeul,Tunisie,3,0.0,0.0,300,500,Venues de mariage privées
16443,4018.0,252,1608,15000.0,14,confirmed,Birthday,2022-03-28,Corporate,Nabeul,Tunisie,1,0.0,0.0,300,500,Venues de mariage privées
1967,9688.0,249,22215,15000.0,14,cancelled,Wedding,2024-09-26,Corporate,Nabeul,Tunisie,4,0.0,0.0,300,500,Venues de mariage privées
8867,10060.0,203,1258,21000.0,14,cancelled,Birthday,2022-03-19,Corporate,Nabeul,Tunisie,3,0.0,0.0,300,500,Venues de mariage privées
4788,2173.0,229,3480,25000.0,2,pending,Wedding,2023-04-23,Wedding,Nabeul,Tunisie,5,0.0,0.0,300,500,Venues de mariage privées
1116,4377.0,203,1258,21000.0,14,confirmed,Birthday,2024-04-22,Corporate,Nabeul,Tunisie,5,0.0,0.0,300,500,Venues de mariage privées
10196,8485.0,249,22215,17000.0,14,confirmed,Birthday,2025-07-06,Corporate,Nabeul,Tunisie,2,0.0,0.0,300,500,Venues de mariage privées
2819,5637.0,203,1258,23000.0,10,pending,Birthday,2025-03-10,Birthday,Nabeul,Tunisie,1,0.0,0.0,300,500,Venues de mariage privées
3733,6341.0,202,1983,21000.0,7,confirmed,Wedding,2025-04-05,Wedding,Nabeul,Tunisie,5,0.0,0.0,300,500,Venues de mariage privées
1973,1968.0,203,1258,20000.0,7,confirmed,Corporate Event,2024-09-26,Wedding,Nabeul,Tunisie,4,0.0,0.0,300,500,Venues de mariage privées
12283,4861.0,203,1417,22000.0,2,confirmed,Birthday,2022-06-28,Wedding,Nabeul,Tunisie,3,0.0,0.0,300,500,Venues de mariage privées
12246,14007.0,239,4101,24000.0,10,confirmed,Birthday,2025-09-30,Birthday,Nabeul,Tunisie,2,0.0,0.0,300,500,Venues de mariage privées
11959,40500.0,155,66,12000.0,14,confirmed,Wedding,2022-04-08,Corporate,Nabeul,Tunisie,4,0.0,0.0,300,500,Venues de mariage privées
5068,322.0,239,4101,12000.0,7,cancelled,Birthday,2022-03-04,Wedding,Nabeul,Tunisie,3,0.0,0.0,300,500,Venues de mariage privées
7503,20540.0,203,1258,19000.0,14,cancelled,Corporate Event,2024-01-26,Corporate,Nabeul,Tunisie,2,0.0,0.0,300,500,Venues de mariage privées
12918,6153.0,176,3661,25000.0,2,cancelled,Wedding,2023-01-24,Wedding,Nabeul,Tunisie,1,0.0,0.0,300,500,Venues de mariage privées
10208,4395.0,126,4896,23000.0,14,pending,Corporate Event,2024-06-21,Corporate,Nabeul,Tunisie,5,0.0,0.0,300,500,Venues de mariage privées
679,4684.0,203,1417,23000.0,10,pending,Corporate Event,2025-11-15,Birthday,Nabeul,Tunisie,4,0.0,0.0,300,500,Venues de mariage privées
12483,868.0,176,3661,25000.0,2,confirmed,Wedding,2024-05-03,Wedding,Nabeul,Tunisie,5,0.0,0.0,300,500,Venues de mariage privées
128,14788.0,298,962,21000.0,10,cancelled,Birthday,2025-03-09,Birthday,Nabeul,Tunisie,4,0.0,0.0,300,500,Venues de mariage privées
1616,1760.0,229,3480,23000.0,7,pending,Corporate Event,2025-10-13,Wedding,Nabeul,Tunisie,1,0.0,0.0,300,500,Venues de mariage privées
6266,11536.0,239,4101,20000.0,7,cancelled,Corporate Event,2024-12-06,Wedding,Nabeul,Tunisie,5,0.0,0.0,300,500,Venues de mariage privées
5494,2946.0,239,4101,24000.0,10,pending,Birthday,2024-03-17,Birthday,Nabeul,Tunisie,2,0.0,0.0,300,500,Venues de mariage privées
5436,3602.0,298,962,20000.0,10,confirmed,Wedding,2025-06-06,Birthday,Nabeul,Tunisie,1,0.0,0.0,300,500,Venues de mariage privées
8096,4364.0,42,3577,25000.0,10,confirmed,Birthday,2022-12-29,Birthday,Nabeul,Tunisie,3,0.0,0.0,300,500,Venues de mariage privées
7729,5581.0,202,1983,26000.0,7,confirmed,Wedding,2025-03-05,Wedding,Nabeul,Tunisie,5,0.0,0.0,300,500,Venues de mariage privées
12265,13203.0,202,1983,12000.0,7,cancelled,Wedding,2022-04-11,Wedding,Nabeul,Tunisie,5,0.0,0.0,300,500,Venues de mariage privées
4061,656.0,202,1983,13000.0,2,confirmed,Birthday,2024-09-26,Wedding,Nabeul,Tunisie,4,0.0,0.0,300,500,Venues de mariage privées
17926,8260.0,203,1258,15000.0,14,confirmed,Corporate Event,2025-11-09,Corporate,Nabeul,Tunisie,2,0.0,0.0,300,500,Venues de mariage privées
19,13006.0,155,66,17000.0,10,pending,Corporate Event,2025-04-02,Birthday,Nabeul,Tunisie,5,0.0,0.0,300,500,Venues de mariage privées
5929,99310.0,249,22215,20000.0,14,cancelled,Birthday,2022-11-12,Corporate,Nabeul,Tunisie,2,0.0,0.0,300,500,Venues de mariage privées
3422,5252.0,298,962,24000.0,14,cancelled,Corporate Event,2025-02-03,Corporate,Nabeul,Tunisie,3,0.0,0.0,300,500,Venues de mariage privées
5019,10955.0,202,1983,25000.0,10,pending,Corporate Event,2022-06-06,Birthday,Nabeul,Tunisie,3,0.0,0.0,300,500,Venues de mariage privées
12854,2586.0,229,3480,22000.0,2,pending,Corporate Event,2024-06-03,Wedding,Nabeul,Tunisie,1,0.0,0.0,300,500,Venues de mariage privées
818,2234.0,239,4101,21000.0,14,cancelled,Birthday,2022-04-19,Corporate,Nabeul,Tunisie,1,0.0,0.0,300,500,Venues de mariage privées
1051,22950.0,176,3661,19000.0,14,confirmed,Wedding,2023-07-09,Corporate,Nabeul,Tunisie,4,0.0,0.0,300,500,Venues de mariage privées
673,9011.0,203,1258,22000.0,7,cancelled,Wedding,2025-03-14,Wedding,Nabeul,Tunisie,5,0.0,0.0,300,500,Venues de mariage privées
5789,13661.0,298,962,26000.0,10,pending,Corporate Event,2024-07-04,Birthday,Nabeul,Tunisie,1,0.0,0.0,300,500,Venues de mariage privées
15915,11951.0,203,1417,12000.0,14,pending,Wedding,2024-04-04,Corporate,Nabeul,Tunisie,3,0.0,0.0,300,500,Venues de mariage privées
11559,10106.0,203,1417,22000.0,2,confirmed,Birthday,2023-12-25,Wedding,Nabeul,Tunisie,5,0.0,0.0,300,500,Venues de mariage privées
3054,9986.0,202,1983,22000.0,14,cancelled,Wedding,2025-10-21,Corporate,Nabeul,Tunisie,4,0.0,0.0,300,500,Venues de mariage privées
15340,9501.0,203,1417,15000.0,2,cancelled,Birthday,2024-04-03,Wedding,Nabeul,Tunisie,4,0.0,0.0,300,500,Venues de mariage privées
10297,731.0,155,66,19000.0,10,pending,Corporate Event,2023-12-17,Birthday,Nabeul,Tunisie,3,0.0,0.0,300,500,Venues de mariage privées
3398,5396.0,229,3480,17000.0,14,confirmed,Birthday,2025-09-23,Corporate,Nabeul,Tunisie,4,0.0,0.0,300,500,Venues de mariage privées
7520,2030.0,229,3480,25000.0,7,confirmed,Wedding,2022-01-31,Wedding,Nabeul,Tunisie,1,0.0,0.0,300,500,Venues de mariage privées
17616,6877.0,155,66,17000.0,2,cancelled,Wedding,2024-05-08,Wedding,Nabeul,Tunisie,5,0.0,0.0,300,500,Venues de mariage privées
7229,5957.0,203,1258,23000.0,2,pending,Corporate Event,2024-01-09,Wedding,Nabeul,Tunisie,3,0.0,0.0,300,500,Venues de mariage privées
10523,809.0,155,66,26000.0,7,pending,Birthday,2025-05-14,Wedding,Nabeul,Tunisie,2,0.0,0.0,300,500,Venues de mariage privées
6885,10144.0,155,66,12000.0,2,cancelled,Corporate Event,2022-01-06,Wedding,Nabeul,Tunisie,4,0.0,0.0,300,500,Venues de mariage privées
6583,12711.0,229,3480,17000.0,2,pending,Birthday,2025-02-09,Wedding,Nabeul,Tunisie,1,0.0,0.0,300,500,Venues de mariage privées
2022,1637.0,203,1258,23000.0,14,cancelled,Corporate Event,2022-04-03,Corporate,Nabeul,Tunisie,2,0.0,0.0,300,500,Venues de mariage privées
13782,4569.0,126,4896,22000.0,10,pending,Birthday,2024-10-30,Birthday,Nabeul,Tunisie,4,0.0,0.0,300,500,Venues de mariage privées
1061,9720.0,126,4896,26000.0,7,cancelled,Corporate Event,2022-08-14,Wedding,Nabeul,Tunisie,2,0.0,0.0,300,500,Venues de mariage privées
14178,225.0,126,4896,25000.0,7,cancelled,Wedding,2024-12-21,Wedding,Nabeul,Tunisie,4,0.0,0.0,300,500,Venues de mariage privées
5670,10579.0,155,66,23000.0,14,cancelled,Corporate Event,2025-09-05,Corporate,Nabeul,Tunisie,5,0.0,0.0,300,500,Venues de mariage privées
15466,13884.0,42,3577,24000.0,14,pending,Wedding,2023-01-05,Corporate,Nabeul,Tunisie,5,0.0,0.0,300,500,Venues de mariage privées
7773,10780.0,126,4896,15000.0,7,confirmed,Birthday,2024-03-24,Wedding,Nabeul,Tunisie,5,0.0,0.0,300,500,Venues de mariage privées
3187,631.0,176,3661,24000.0,14,cancelled,Birthday,2025-09-18,Corporate,Nabeul,Tunisie,4,0.0,0.0,300,500,Venues de mariage privées
14071,9879.0,249,22215,19000.0,10,pending,Corporate Event,2023-10-27,Birthday,Nabeul,Tunisie,2,0.0,0.0,300,500,Venues de mariage privées
12745,8772.0,202,1983,25000.0,10,cancelled,Wedding,2025-09-06,Birthday,Nabeul,Tunisie,2,0.0,0.0,300,500,Venues de mariage privées
9056,9570.0,155,66,22000.0,14,cancelled,Birthday,2022-09-06,Corporate,Nabeul,Tunisie,4,0.0,0.0,300,500,Venues de mariage privées
15301,6807.0,239,4101,17000.0,10,pending,Corporate Event,2025-06-15,Birthday,Nabeul,Tunisie,4,0.0,0.0,300,500,Venues de mariage privées
11296,10850.0,229,3480,22000.0,2,confirmed,Wedding,2025-04-17,Wedding,Nabeul,Tunisie,5,0.0,0.0,300,500,Venues de mariage privées
11176,7708.0,176,3661,20000.0,14,cancelled,Corporate Event,2023-05-26,Corporate,Nabeul,Tunisie,3,0.0,0.0,300,500,Venues de mariage privées
9973,10180.0,202,1983,12000.0,2,pending,Birthday,2024-01-11,Wedding,Nabeul,Tunisie,5,0.0,0.0,300,500,Venues de mariage privées
16202,1554.0,202,1983,12000.0,10,confirmed,Corporate Event,2024-01-23,Birthday,Nabeul,Tunisie,3,0.0,0.0,300,500,Venues de mariage privées
16697,6177.0,176,3661,25000.0,2,pending,Birthday,2023-01-05,Wedding,Nabeul,Tunisie,5,0.0,0.0,300,500,Venues de mariage privées
13060,13644.0,176,3661,15000.0,14,cancelled,Wedding,2024-12-18,Corporate,Nabeul,Tunisie,2,0.0,0.0,300,500,Venues de mariage privées
4882,2539.0,203,1417,12000.0,14,cancelled,Wedding,2023-07-11,Corporate,Nabeul,Tunisie,5,0.0,0.0,300,500,Venues de mariage privées
1920,4068.0,203,1417,26000.0,2,cancelled,Birthday,2023-05-04,Wedding,Nabeul,Tunisie,4,0.0,0.0,300,500,Venues de mariage privées
6480,8705.0,202,1983,17000.0,14,pending,Birthday,2024-05-27,Corporate,Nabeul,Tunisie,1,0.0,0.0,300,500,Venues de mariage privées
13488,8996.0,202,1983,12000.0,10,confirmed,Birthday,2023-09-24,Birthday,Nabeul,Tunisie,1,0.0,0.0,300,500,Venues de mariage privées
6829,2595.0,249,22215,13000.0,7,cancelled,Wedding,2025-01-03,Wedding,Nabeul,Tunisie,1,0.0,0.0,300,500,Venues de mariage privées
17463,2073.0,239,4101,19000.0,10,confirmed,Corporate Event,2023-06-20,Birthday,Nabeul,Tunisie,5,0.0,0.0,300,500,Venues de mariage privées
12100,7433.0,126,4896,13000.0,2,pending,Corporate Event,2024-07-08,Wedding,Nabeul,Tunisie,5,0.0,0.0,300,500,Venues de mariage privées
4165,3025.0,298,962,12000.0,10,confirmed,Corporate Event,2022-11-16,Birthday,Nabeul,Tunisie,3,0.0,0.0,300,500,Venues de mariage privées
13016,14531.0,249,22215,19000.0,14,pending,Wedding,2024-07-29,Corporate,Nabeul,Tunisie,1,0.0,0.0,300,500,Venues de mariage privées
3896,6473.0,239,4101,12000.0,7,cancelled,Wedding,2022-06-01,Wedding,Nabeul,Tunisie,4,0.0,0.0,300,500,Venues de mariage privées
10505,9128.0,203,1417,26000.0,10,pending,Corporate Event,2024-10-01,Birthday,Nabeul,Tunisie,1,0.0,0.0,300,500,Venues de mariage privées
12715,10922.0,202,1983,23000.0,10,pending,Wedding,2025-10-31,Birthday,Nabeul,Tunisie,2,0.0,0.0,300,500,Venues de mariage privées
4566,11868.0,202,1983,12000.0,7,pending,Wedding,2025-09-11,Wedding,Nabeul,Tunisie,2,0.0,0.0,300,500,Venues de mariage privées
821,11082.0,239,4101,21000.0,10,cancelled,Birthday,2022-03-30,Birthday,Nabeul,Tunisie,1,0.0,0.0,300,500,Venues de mariage privées
11731,9875.0,239,4101,25000.0,2,pending,Corporate Event,2022-04-27,Wedding,Nabeul,Tunisie,2,0.0,0.0,300,500,Venues de mariage privées
7108,9064.0,298,962,25000.0,10,cancelled,Wedding,2022-06-18,Birthday,Nabeul,Tunisie,3,0.0,0.0,300,500,Venues de mariage privées
8250,14859.0,176,3661,25000.0,7,confirmed,Birthday,2022-01-28,Wedding,Nabeul,Tunisie,5,0.0,0.0,300,500,Venues de mariage privées
4410,7472.0,249,22215,20000.0,2,pending,Corporate Event,2025-10-02,Wedding,Nabeul,Tunisie,1,0.0,0.0,300,500,Venues de mariage privées
12208,6126.0,298,962,17000.0,7,pending,Corporate Event,2023-06-25,Wedding,Nabeul,Tunisie,2,0.0,0.0,300,500,Venues de mariage privées
9679,10542.0,155,66,17000.0,14,pending,Corporate Event,2023-08-11,Corporate,Nabeul,Tunisie,5,0.0,0.0,300,500,Venues de mariage privées
7241,10178.0,126,4896,20000.0,10,cancelled,Corporate Event,2023-08-27,Birthday,Nabeul,Tunisie,2,0.0,0.0,300,500,Venues de mariage privées
15478,11945.0,298,962,21000.0,10,pending,Corporate Event,2023-12-11,Birthday,Nabeul,Tunisie,1,0.0,0.0,300,500,Venues de mariage privées
15061,1593.0,176,3661,19000.0,2,pending,Wedding,2024-01-09,Wedding,Nabeul,Tunisie,2,0.0,0.0,300,500,Venues de mariage privées
722,10765.0,176,3661,17000.0,14,confirmed,Corporate Event,2023-12-28,Corporate,Nabeul,Tunisie,4,0.0,0.0,300,500,Venues de mariage privées
17866,6004.0,252,1608,22000.0,7,cancelled,Birthday,2023-01-25,Wedding,Nabeul,Tunisie,3,0.0,0.0,300,500,Venues de mariage privées
11162,13709.0,249,22215,23000.0,10,pending,Corporate Event,2024-07-31,Birthday,Nabeul,Tunisie,3,0.0,0.0,300,500,Venues de mariage privées
13590,3990.0,203,1258,21000.0,2,pending,Wedding,2023-08-02,Wedding,Nabeul,Tunisie,4,0.0,0.0,300,500,Venues de mariage privées
2341,6131.0,176,3661,20000.0,10,cancelled,Wedding,2024-10-23,Birthday,Nabeul,Tunisie,5,0.0,0.0,300,500,Venues de mariage privées
15470,12242.0,202,1983,26000.0,7,cancelled,Corporate Event,2024-02-19,Wedding,Nabeul,Tunisie,1,0.0,0.0,300,500,Venues de mariage privées
11557,138930.0,252,1608,20000.0,10,pending,Corporate Event,2025-04-26,Birthday,Nabeul,Tunisie,5,0.0,0.0,300,500,Venues de mariage privées
13851,13146.0,203,1258,21000.0,7,confirmed,Birthday,2025-07-30,Wedding,Nabeul,Tunisie,4,0.0,0.0,300,500,Venues de mariage privées
12631,431.0,229,3480,26000.0,2,cancelled,Birthday,2022-03-31,Wedding,Nabeul,Tunisie,2,0.0,0.0,300,500,Venues de mariage privées
17246,11693.0,298,962,21000.0,10,cancelled,Corporate Event,2024-11-08,Birthday,Nabeul,Tunisie,5,0.0,0.0,300,500,Venues de mariage privées
167,14421.0,229,3480,13000.0,10,confirmed,Corporate Event,2024-10-10,Birthday,Nabeul,Tunisie,2,0.0,0.0,300,500,Venues de mariage privées
7851,105400.0,202,1983,24000.0,2,confirmed,Corporate Event,2022-11-14,Wedding,Nabeul,Tunisie,2,0.0,0.0,300,500,Venues de mariage privées
11241,2066.0,203,1258,15000.0,14,confirmed,Birthday,2022-11-13,Corporate,Nabeul,Tunisie,4,0.0,0.0,300,500,Venues de mariage privées
5465,3340.0,176,3661,20000.0,2,cancelled,Wedding,2022-12-29,Wedding,Nabeul,Tunisie,5,0.0,0.0,300,500,Venues de mariage privées
16959,6169.0,298,962,17000.0,14,cancelled,Birthday,2025-11-03,Corporate,Nabeul,Tunisie,4,0.0,0.0,300,500,Venues de mariage privées
2930,9685.0,249,22215,21000.0,10,confirmed,Wedding,2025-06-09,Birthday,Nabeul,Tunisie,2,0.0,0.0,300,500,Venues de mariage privées
15567,970.0,202,1983,25000.0,10,pending,Birthday,2025-08-01,Birthday,Nabeul,Tunisie,2,0.0,0.0,300,500,Venues de mariage privées
4039,9108.0,239,4101,15000.0,2,pending,Wedding,2023-07-05,Wedding,Nabeul,Tunisie,5,0.0,0.0,300,500,Venues de mariage privées
5916,348.0,126,4896,17000.0,14,cancelled,Birthday,2023-03-01,Corporate,Nabeul,Tunisie,3,0.0,0.0,300,500,Venues de mariage privées
9418,1922.0,249,22215,15000.0,14,pending,Wedding,2022-02-10,Corporate,Nabeul,Tunisie,2,0.0,0.0,300,500,Venues de mariage privées
7116,5307.0,252,1608,17000.0,7,cancelled,Wedding,2024-01-28,Wedding,Nabeul,Tunisie,1,0.0,0.0,300,500,Venues de mariage privées
14100,4649.0,249,22215,13000.0,2,pending,Corporate Event,2025-11-03,Wedding,Nabeul,Tunisie,5,0.0,0.0,300,500,Venues de mariage privées
5563,4263.0,176,3661,12000.0,2,pending,Birthday,2025-04-27,Wedding,Nabeul,Tunisie,2,0.0,0.0,300,500,Venues de mariage privées
7882,9169.0,155,66,15000.0,2,confirmed,Wedding,2022-05-04,Wedding,Nabeul,Tunisie,3,0.0,0.0,300,500,Venues de mariage privées
10831,8026.0,203,1258,25000.0,2,pending,Birthday,2022-06-29,Wedding,Nabeul,Tunisie,2,0.0,0.0,300,500,Venues de mariage privées
10938,3330.0,155,66,20000.0,10,cancelled,Wedding,2025-12-20,Birthday,Nabeul,Tunisie,1,0.0,0.0,300,500,Venues de mariage privées
8607,9135.0,203,1258,26000.0,2,confirmed,Birthday,2022-07-11,Wedding,Nabeul,Tunisie,2,0.0,0.0,300,500,Venues de mariage privées
10060,11236.0,42,3577,26000.0,2,cancelled,Wedding,2023-08-13,Wedding,Nabeul,Tunisie,3,0.0,0.0,300,500,Venues de mariage privées
5251,11183.0,298,962,19000.0,14,cancelled,Corporate Event,2024-12-12,Corporate,Nabeul,Tunisie,5,0.0,0.0,300,500,Venues de mariage privées
13049,147520.0,229,3480,25000.0,2,pending,Corporate Event,2025-04-30,Wedding,Nabeul,Tunisie,5,0.0,0.0,300,500,Venues de mariage privées
7510,5729.0,229,3480,19000.0,7,cancelled,Wedding,2022-04-19,Wedding,Nabeul,Tunisie,2,0.0,0.0,300,500,Venues de mariage privées
8695,7076.0,249,22215,19000.0,2,pending,Corporate Event,2025-03-18,Wedding,Nabeul,Tunisie,4,0.0,0.0,300,500,Venues de mariage privées
7194,12825.0,229,3480,23000.0,14,cancelled,Wedding,2023-11-25,Corporate,Nabeul,Tunisie,3,0.0,0.0,300,500,Venues de mariage privées
1900,8847.0,176,3661,13000.0,14,cancelled,Corporate Event,2023-10-20,Corporate,Nabeul,Tunisie,2,0.0,0.0,300,500,Venues de mariage privées
10038,1921.0,203,1258,17000.0,14,pending,Birthday,2022-05-17,Corporate,Nabeul,Tunisie,3,0.0,0.0,300,500,Venues de mariage privées
1144,557.0,203,1417,13000.0,2,pending,Corporate Event,2023-10-31,Wedding,Nabeul,Tunisie,2,0.0,0.0,300,500,Venues de mariage privées
17243,4477.0,298,962,15000.0,14,pending,Wedding,2025-05-09,Corporate,Nabeul,Tunisie,5,0.0,0.0,300,500,Venues de mariage privées
17438,6389.0,298,962,22000.0,14,cancelled,Wedding,2022-08-20,Corporate,Nabeul,Tunisie,4,0.0,0.0,300,500,Venues de mariage privées
5480,105790.0,42,3577,20000.0,7,confirmed,Corporate Event,2024-06-21,Wedding,Nabeul,Tunisie,4,0.0,0.0,300,500,Venues de mariage privées
6545,6820.0,126,4896,19000.0,2,pending,Wedding,2024-04-27,Wedding,Nabeul,Tunisie,2,0.0,0.0,300,500,Venues de mariage privées
2709,10869.0,176,3661,24000.0,14,confirmed,Corporate Event,2022-08-16,Corporate,Nabeul,Tunisie,3,0.0,0.0,300,500,Venues de mariage privées
14946,5380.0,202,1983,13000.0,2,cancelled,Corporate Event,2025-06-04,Wedding,Nabeul,Tunisie,5,0.0,0.0,300,500,Venues de mariage privées
1840,11222.0,298,962,23000.0,10,confirmed,Corporate Event,2025-08-19,Birthday,Nabeul,Tunisie,4,0.0,0.0,300,500,Venues de mariage privées
15661,13610.0,252,1608,13000.0,7,pending,Birthday,2025-05-10,Wedding,Nabeul,Tunisie,3,0.0,0.0,300,500,Venues de mariage privées
13542,14757.0,42,3577,20000.0,7,cancelled,Wedding,2022-03-30,Wedding,Nabeul,Tunisie,2,0.0,0.0,300,500,Venues de mariage privées
10439,10318.0,155,66,26000.0,7,confirmed,Birthday,2025-02-18,Wedding,Nabeul,Tunisie,3,0.0,0.0,300,500,Venues de mariage privées
17281,2794.0,203,1417,25000.0,2,cancelled,Birthday,2024-03-10,Wedding,Nabeul,Tunisie,5,0.0,0.0,300,500,Venues de mariage privées
10437,5566.0,203,1258,17000.0,7,confirmed,Birthday,2025-02-11,Wedding,Nabeul,Tunisie,5,0.0,0.0,300,500,Venues de mariage privées
10719,4967.0,202,1983,24000.0,2,cancelled,Birthday,2025-08-12,Wedding,Nabeul,Tunisie,3,0.0,0.0,300,500,Venues de mariage privées
3834,1929.0,203,1258,19000.0,2,confirmed,Wedding,2025-02-12,Wedding,Nabeul,Tunisie,4,0.0,0.0,300,500,Venues de mariage privées
3722,9247.0,202,1983,24000.0,7,cancelled,Corporate Event,2025-07-06,Wedding,Nabeul,Tunisie,2,0.0,0.0,300,500,Venues de mariage privées
15552,13188.0,203,1417,13000.0,14,pending,Wedding,2023-08-30,Corporate,Nabeul,Tunisie,3,0.0,0.0,300,500,Venues de mariage privées
15254,10434.0,176,3661,24000.0,2,cancelled,Birthday,2025-05-03,Wedding,Nabeul,Tunisie,3,0.0,0.0,300,500,Venues de mariage privées
5834,2654.0,155,66,21000.0,14,cancelled,Wedding,2023-07-26,Corporate,Nabeul,Tunisie,3,0.0,0.0,300,500,Venues de mariage privées
4820,13944.0,126,4896,12000.0,14,cancelled,Corporate Event,2024-02-18,Corporate,Nabeul,Tunisie,1,0.0,0.0,300,500,Venues de mariage privées
17454,2184.0,203,1417,20000.0,2,pending,Wedding,2023-04-11,Wedding,Nabeul,Tunisie,4,0.0,0.0,300,500,Venues de mariage privées
11752,3555.0,252,1608,12000.0,7,pending,Wedding,2025-12-24,Wedding,Nabeul,Tunisie,2,0.0,0.0,300,500,Venues de mariage privées
15191,2429.0,42,3577,17000.0,7,confirmed,Corporate Event,2022-01-30,Wedding,Nabeul,Tunisie,1,0.0,0.0,300,500,Venues de mariage privées
5838,14271.0,202,1983,22000.0,10,cancelled,Corporate Event,2024-10-30,Birthday,Nabeul,Tunisie,5,0.0,0.0,300,500,Venues de mariage privées
15952,2973.0,203,1417,19000.0,7,confirmed,Corporate Event,2025-02-09,Wedding,Nabeul,Tunisie,3,0.0,0.0,300,500,Venues de mariage privées
11917,747.0,126,4896,19000.0,10,cancelled,Wedding,2023-08-23,Birthday,Nabeul,Tunisie,3,0.0,0.0,300,500,Venues de mariage privées
6211,10408.0,239,4101,21000.0,10,cancelled,Birthday,2025-05-02,Birthday,Nabeul,Tunisie,2,0.0,0.0,300,500,Venues de mariage privées
11060,7560.0,42,3577,12000.0,2,pending,Wedding,2025-06-07,Wedding,Nabeul,Tunisie,1,0.0,0.0,300,500,Venues de mariage privées
15924,2157.0,252,1608,17000.0,7,confirmed,Birthday,2024-11-23,Wedding,Nabeul,Tunisie,5,0.0,0.0,300,500,Venues de mariage privées
6826,11444.0,126,4896,17000.0,14,pending,Birthday,2022-01-04,Corporate,Nabeul,Tunisie,5,0.0,0.0,300,500,Venues de mariage privées
2909,3397.0,176,3661,21000.0,10,pending,Birthday,2022-01-12,Birthday,Nabeul,Tunisie,4,0.0,0.0,300,500,Venues de mariage privées
6613,3508.0,249,22215,22000.0,10,confirmed,Corporate Event,2024-03-21,Birthday,Nabeul,Tunisie,2,0.0,0.0,300,500,Venues de mariage privées
9955,10571.0,202,1983,20000.0,2,cancelled,Wedding,2025-03-21,Wedding,Nabeul,Tunisie,3,0.0,0.0,300,500,Venues de mariage privées
3230,9655.0,252,1608,15000.0,10,pending,Birthday,2024-07-29,Birthday,Nabeul,Tunisie,2,0.0,0.0,300,500,Venues de mariage privées
9749,9409.0,252,1608,19000.0,10,confirmed,Birthday,2024-10-11,Birthday,Nabeul,Tunisie,5,0.0,0.0,300,500,Venues de mariage privées
16108,3581.0,155,66,21000.0,10,cancelled,Wedding,2025-06-29,Birthday,Nabeul,Tunisie,5,0.0,0.0,300,500,Venues de mariage privées
17968,11787.0,298,962,21000.0,14,pending,Wedding,2024-04-27,Corporate,Nabeul,Tunisie,5,0.0,0.0,300,500,Venues de mariage privées
10189,6618.0,298,962,23000.0,10,pending,Birthday,2023-01-05,Birthday,Nabeul,Tunisie,1,0.0,0.0,300,500,Venues de mariage privées
3893,12723.0,126,4896,25000.0,2,confirmed,Wedding,2022-11-29,Wedding,Nabeul,Tunisie,1,0.0,0.0,300,500,Venues de mariage privées
17262,5240.0,249,22215,20000.0,7,cancelled,Wedding,2023-05-25,Wedding,Nabeul,Tunisie,2,0.0,0.0,300,500,Venues de mariage privées
12965,9435.0,229,3480,25000.0,2,cancelled,Birthday,2023-01-05,Wedding,Nabeul,Tunisie,5,0.0,0.0,300,500,Venues de mariage privées
16589,6895.0,176,3661,24000.0,7,confirmed,Birthday,2023-12-11,Wedding,Nabeul,Tunisie,5,0.0,0.0,300,500,Venues de mariage privées
1570,2490.0,203,1417,25000.0,2,cancelled,Wedding,2024-07-27,Wedding,Nabeul,Tunisie,1,0.0,0.0,300,500,Venues de mariage privées
14914,9762.0,249,22215,13000.0,10,pending,Corporate Event,2024-02-02,Birthday,Nabeul,Tunisie,3,0.0,0.0,300,500,Venues de mariage privées
7501,12817.0,202,1983,21000.0,10,confirmed,Birthday,2024-02-05,Birthday,Nabeul,Tunisie,4,0.0,0.0,300,500,Venues de mariage privées
1485,3212.0,155,66,19000.0,7,cancelled,Wedding,2025-01-26,Wedding,Nabeul,Tunisie,3,0.0,0.0,300,500,Venues de mariage privées
2217,7322.0,203,1258,24000.0,10,confirmed,Corporate Event,2025-03-22,Birthday,Nabeul,Tunisie,3,0.0,0.0,300,500,Venues de mariage privées
10276,13457.0,229,3480,25000.0,2,cancelled,Birthday,2025-08-21,Wedding,Nabeul,Tunisie,4,0.0,0.0,300,500,Venues de mariage privées
7203,8226.0,249,22215,24000.0,2,pending,Corporate Event,2023-04-05,Wedding,Nabeul,Tunisie,1,0.0,0.0,300,500,Venues de mariage privées
7728,976.0,229,3480,25000.0,14,confirmed,Birthday,2025-03-14,Corporate,Nabeul,Tunisie,4,0.0,0.0,300,500,Venues de mariage privées
3751,7101.0,203,1417,26000.0,2,pending,Wedding,2024-06-18,Wedding,Nabeul,Tunisie,2,0.0,0.0,300,500,Venues de mariage privées
690,2520.0,202,1983,12000.0,14,confirmed,Wedding,2025-07-11,Corporate,Nabeul,Tunisie,4,0.0,0.0,300,500,Venues de mariage privées
6429,14066.0,202,1983,13000.0,10,confirmed,Corporate Event,2023-02-16,Birthday,Nabeul,Tunisie,5,0.0,0.0,300,500,Venues de mariage privées
14147,11046.0,298,962,20000.0,14,confirmed,Corporate Event,2024-07-25,Corporate,Nabeul,Tunisie,1,0.0,0.0,300,500,Venues de mariage privées
1902,3600.0,203,1417,17000.0,10,cancelled,Wedding,2023-02-26,Birthday,Nabeul,Tunisie,3,0.0,0.0,300,500,Venues de mariage privées
3793,13184.0,155,66,13000.0,10,confirmed,Birthday,2022-04-23,Birthday,Nabeul,Tunisie,2,0.0,0.0,300,500,Venues de mariage privées
189,764.0,155,66,26000.0,14,cancelled,Corporate Event,2023-10-16,Corporate,Nabeul,Tunisie,2,0.0,0.0,300,500,Venues de mariage privées
10680,4838.0,203,1417,21000.0,7,pending,Birthday,2022-07-18,Wedding,Nabeul,Tunisie,3,0.0,0.0,300,500,Venues de mariage privées
13786,2643.0,176,3661,15000.0,2,confirmed,Corporate Event,2024-03-14,Wedding,Nabeul,Tunisie,5,0.0,0.0,300,500,Venues de mariage privées
15421,9648.0,202,1983,12000.0,14,cancelled,Corporate Event,2023-02-08,Corporate,Nabeul,Tunisie,5,0.0,0.0,300,500,Venues de mariage privées
13073,581.0,239,4101,26000.0,14,confirmed,Birthday,2025-06-23,Corporate,Nabeul,Tunisie,5,0.0,0.0,300,500,Venues de mariage privées
8029,5925.0,252,1608,19000.0,10,pending,Corporate Event,2025-02-26,Birthday,Nabeul,Tunisie,3,0.0,0.0,300,500,Venues de mariage privées
12268,8360.0,202,1983,17000.0,10,confirmed,Wedding,2024-05-09,Birthday,Nabeul,Tunisie,5,0.0,0.0,300,500,Venues de mariage privées
8406,13232.0,252,1608,13000.0,14,pending,Birthday,2022-01-17,Corporate,Nabeul,Tunisie,4,0.0,0.0,300,500,Venues de mariage privées
11855,11105.0,249,22215,25000.0,7,confirmed,Corporate Event,2024-11-04,Wedding,Nabeul,Tunisie,1,0.0,0.0,300,500,Venues de mariage privées
3037,4691.0,176,3661,22000.0,2,confirmed,Corporate Event,2023-09-17,Wedding,Nabeul,Tunisie,1,0.0,0.0,300,500,Venues de mariage privées
7497,11701.0,298,962,15000.0,2,confirmed,Birthday,2024-10-01,Wedding,Nabeul,Tunisie,1,0.0,0.0,300,500,Venues de mariage privées
13237,1878.0,155,66,20000.0,2,pending,Corporate Event,2024-10-17,Wedding,Nabeul,Tunisie,4,0.0,0.0,300,500,Venues de mariage privées
17440,7400.0,252,1608,12000.0,10,cancelled,Corporate Event,2022-03-06,Birthday,Nabeul,Tunisie,5,0.0,0.0,300,500,Venues de mariage privées
3233,11693.0,239,4101,22000.0,2,confirmed,Corporate Event,2025-06-04,Wedding,Nabeul,Tunisie,4,0.0,0.0,300,500,Venues de mariage privées
17092,8259.0,203,1417,23000.0,14,confirmed,Corporate Event,2022-03-27,Corporate,Nabeul,Tunisie,1,0.0,0.0,300,500,Venues de mariage privées
12867,2706.0,239,4101,22000.0,2,cancelled,Birthday,2024-07-23,Wedding,Nabeul,Tunisie,5,0.0,0.0,300,500,Venues de mariage privées
10571,133210.0,239,4101,21000.0,7,cancelled,Birthday,2022-03-01,Wedding,Nabeul,Tunisie,4,0.0,0.0,300,500,Venues de mariage privées
2561,3848.0,249,22215,24000.0,10,confirmed,Corporate Event,2022-10-22,Birthday,Nabeul,Tunisie,5,0.0,0.0,300,500,Venues de mariage privées
5553,3438.0,176,3661,23000.0,10,pending,Corporate Event,2022-01-05,Birthday,Nabeul,Tunisie,1,0.0,0.0,300,500,Venues de mariage privées
6023,9724.0,203,1258,19000.0,2,pending,Birthday,2025-07-10,Wedding,Nabeul,Tunisie,4,0.0,0.0,300,500,Venues de mariage privées
16869,555.0,239,4101,13000.0,7,confirmed,Corporate Event,2024-06-05,Wedding,Nabeul,Tunisie,2,0.0,0.0,300,500,Venues de mariage privées
655,9759.0,203,1417,21000.0,10,pending,Corporate Event,2022-01-19,Birthday,Nabeul,Tunisie,1,0.0,0.0,300,500,Venues de mariage privées
17583,4316.0,203,1417,26000.0,14,pending,Birthday,2025-03-31,Corporate,Nabeul,Tunisie,2,0.0,0.0,300,500,Venues de mariage privées
15925,14576.0,252,1608,19000.0,2,pending,Birthday,2023-05-28,Wedding,Nabeul,Tunisie,3,0.0,0.0,300,500,Venues de mariage privées
5588,5536.0,249,22215,25000.0,7,pending,Corporate Event,2025-12-26,Wedding,Nabeul,Tunisie,4,0.0,0.0,300,500,Venues de mariage privées
16615,14979.0,239,4101,19000.0,7,confirmed,Wedding,2025-09-25,Wedding,Nabeul,Tunisie,4,0.0,0.0,300,500,Venues de mariage privées
2724,13032.0,298,962,21000.0,10,confirmed,Corporate Event,2023-01-06,Birthday,Nabeul,Tunisie,2,0.0,0.0,300,500,Venues de mariage privées
17782,12064.0,239,4101,13000.0,14,confirmed,Corporate Event,2022-04-03,Corporate,Nabeul,Tunisie,2,0.0,0.0,300,500,Venues de mariage privées
8757,9745.0,203,1417,15000.0,14,cancelled,Corporate Event,2023-02-28,Corporate,Nabeul,Tunisie,5,0.0,0.0,300,500,Venues de mariage privées
5900,11578.0,42,3577,20000.0,7,cancelled,Wedding,2024-02-09,Wedding,Nabeul,Tunisie,5,0.0,0.0,300,500,Venues de mariage privées
13101,12931.0,298,962,15000.0,10,pending,Wedding,2024-04-27,Birthday,Nabeul,Tunisie,5,0.0,0.0,300,500,Venues de mariage privées
11878,14623.0,155,66,19000.0,14,cancelled,Birthday,2023-09-15,Corporate,Nabeul,Tunisie,4,0.0,0.0,300,500,Venues de mariage privées
10645,9201.0,126,4896,21000.0,2,cancelled,Wedding,2022-05-16,Wedding,Nabeul,Tunisie,3,0.0,0.0,300,500,Venues de mariage privées
9602,10376.0,229,3480,22000.0,10,confirmed,Corporate Event,2023-08-20,Birthday,Nabeul,Tunisie,1,0.0,0.0,300,500,Venues de mariage privées
1520,2358.0,202,1983,19000.0,14,cancelled,Corporate Event,2023-06-26,Corporate,Nabeul,Tunisie,4,0.0,0.0,300,500,Venues de mariage privées
11881,2842.0,203,1417,24000.0,10,cancelled,Corporate Event,2023-05-05,Birthday,Nabeul,Tunisie,5,0.0,0.0,300,500,Venues de mariage privées
8291,4380.0,203,1258,12000.0,14,pending,Wedding,2022-09-02,Corporate,Nabeul,Tunisie,4,0.0,0.0,300,500,Venues de mariage privées
14455,755.0,252,1608,12000.0,2,pending,Birthday,2022-01-12,Wedding,Nabeul,Tunisie,5,0.0,0.0,300,500,Venues de mariage privées
8091,5094.0,176,3661,25000.0,10,cancelled,Birthday,2024-10-31,Birthday,Nabeul,Tunisie,3,0.0,0.0,300,500,Venues de mariage privées
13354,4970.0,126,4896,21000.0,2,confirmed,Wedding,2022-03-22,Wedding,Nabeul,Tunisie,5,0.0,0.0,300,500,Venues de mariage privées
16902,12038.0,176,3661,17000.0,10,pending,Birthday,2025-07-19,Birthday,Nabeul,Tunisie,4,0.0,0.0,300,500,Venues de mariage privées
13246,13941.0,249,22215,26000.0,10,pending,Birthday,2022-07-17,Birthday,Nabeul,Tunisie,2,0.0,0.0,300,500,Venues de mariage privées
8617,8483.0,42,3577,21000.0,2,confirmed,Wedding,2024-07-23,Wedding,Nabeul,Tunisie,3,0.0,0.0,300,500,Venues de mariage privées
17493,3889.0,298,962,22000.0,2,confirmed,Corporate Event,2022-10-29,Wedding,Nabeul,Tunisie,4,0.0,0.0,300,500,Venues de mariage privées
9075,7402.0,239,4101,21000.0,14,pending,Corporate Event,2022-02-20,Corporate,Nabeul,Tunisie,2,0.0,0.0,300,500,Venues de mariage privées
5432,7692.0,203,1417,26000.0,10,confirmed,Wedding,2022-11-09,Birthday,Nabeul,Tunisie,3,0.0,0.0,300,500,Venues de mariage privées
6921,1527.0,229,3480,13000.0,7,pending,Birthday,2024-06-13,Wedding,Nabeul,Tunisie,4,0.0,0.0,300,500,Venues de mariage privées
16625,8008.0,298,962,20000.0,10,cancelled,Corporate Event,2024-11-10,Birthday,Nabeul,Tunisie,2,0.0,0.0,300,500,Venues de mariage privées
8169,5353.0,202,1983,20000.0,10,cancelled,Birthday,2022-06-27,Birthday,Nabeul,Tunisie,1,0.0,0.0,300,500,Venues de mariage privées
10528,6923.0,42,3577,17000.0,14,confirmed,Wedding,2025-03-10,Corporate,Nabeul,Tunisie,3,0.0,0.0,300,500,Venues de mariage privées
11544,3137.0,252,1608,12000.0,14,cancelled,Wedding,2022-03-20,Corporate,Nabeul,Tunisie,5,0.0,0.0,300,500,Venues de mariage privées
8373,2034.0,203,1417,24000.0,14,pending,Corporate Event,2022-07-15,Corporate,Nabeul,Tunisie,3,0.0,0.0,300,500,Venues de mariage privées
14255,1851.0,239,4101,23000.0,10,confirmed,Birthday,2022-04-18,Birthday,Nabeul,Tunisie,2,0.0,0.0,300,500,Venues de mariage privées
10733,68120.0,252,1608,25000.0,10,cancelled,Corporate Event,2022-09-01,Birthday,Nabeul,Tunisie,1,0.0,0.0,300,500,Venues de mariage privées
320,3497.0,203,1258,25000.0,10,confirmed,Birthday,2025-11-08,Birthday,Nabeul,Tunisie,4,0.0,0.0,300,500,Venues de mariage privées
1961,8421.0,298,962,23000.0,10,pending,Wedding,2023-02-22,Birthday,Nabeul,Tunisie,4,0.0,0.0,300,500,Venues de mariage privées
5053,6604.0,42,3577,12000.0,7,pending,Birthday,2025-03-26,Wedding,Nabeul,Tunisie,5,0.0,0.0,300,500,Venues de mariage privées
10365,1830.0,42,3577,24000.0,2,cancelled,Corporate Event,2023-10-15,Wedding,Nabeul,Tunisie,1,0.0,0.0,300,500,Venues de mariage privées
12221,9243.0,42,3577,21000.0,0,confirmed,Wedding,2023-03-20,Birthday,Sousse,Tunisie,2,0.0,0.0,300,500,Venues de mariage privées
14445,13553.0,239,4101,23000.0,5,confirmed,Birthday,2022-01-26,Wedding,Sousse,Tunisie,2,0.0,0.0,300,500,Venues de mariage privées
2912,2734.0,298,962,22000.0,16,confirmed,Wedding,2022-01-05,Wedding,Sousse,Tunisie,3,0.0,0.0,300,500,Venues de mariage privées
9414,5960.0,203,1417,24000.0,5,confirmed,Wedding,2022-10-09,Wedding,Sousse,Tunisie,2,0.0,0.0,300,500,Venues de mariage privées
1657,14912.0,202,1983,23000.0,5,pending,Wedding,2023-08-17,Wedding,Sousse,Tunisie,5,0.0,0.0,300,500,Venues de mariage privées
15576,14130.0,298,962,25000.0,5,confirmed,Birthday,2025-03-27,Wedding,Sousse,Tunisie,2,0.0,0.0,300,500,Venues de mariage privées
8880,2607.0,229,3480,26000.0,9,pending,Wedding,2025-02-04,Corporate,Sousse,Tunisie,2,0.0,0.0,300,500,Venues de mariage privées
12009,13964.0,203,1258,22000.0,16,cancelled,Corporate Event,2023-11-06,Wedding,Sousse,Tunisie,5,0.0,0.0,300,500,Venues de mariage privées
15000,798.0,126,4896,24000.0,5,pending,Wedding,2022-05-05,Wedding,Sousse,Tunisie,1,0.0,0.0,300,500,Venues de mariage privées
15776,9409.0,203,1417,24000.0,0,pending,Corporate Event,2023-10-03,Birthday,Sousse,Tunisie,5,0.0,0.0,300,500,Venues de mariage privées
17163,7856.0,42,3577,15000.0,5,confirmed,Birthday,2025-05-10,Wedding,Sousse,Tunisie,1,0.0,0.0,300,500,Venues de mariage privées
9486,13029.0,229,3480,13000.0,0,cancelled,Birthday,2023-07-16,Birthday,Sousse,Tunisie,4,0.0,0.0,300,500,Venues de mariage privées
1190,8333.0,298,962,21000.0,0,cancelled,Wedding,2023-04-20,Birthday,Sousse,Tunisie,4,0.0,0.0,300,500,Venues de mariage privées
4287,1421.0,239,4101,23000.0,9,confirmed,Wedding,2023-02-26,Corporate,Sousse,Tunisie,5,0.0,0.0,300,500,Venues de mariage privées
12758,3871.0,203,1417,20000.0,0,pending,Corporate Event,2022-11-02,Birthday,Sousse,Tunisie,3,0.0,0.0,300,500,Venues de mariage privées
8572,14364.0,203,1258,26000.0,0,cancelled,Birthday,2023-04-26,Birthday,Sousse,Tunisie,3,0.0,0.0,300,500,Venues de mariage privées
10772,13772.0,229,3480,12000.0,16,cancelled,Wedding,2025-07-04,Wedding,Sousse,Tunisie,2,0.0,0.0,300,500,Venues de mariage privées
7040,3391.0,229,3480,17000.0,0,pending,Corporate Event,2025-06-04,Birthday,Sousse,Tunisie,3,0.0,0.0,300,500,Venues de mariage privées
14454,4767.0,42,3577,17000.0,0,pending,Corporate Event,2025-11-04,Birthday,Sousse,Tunisie,2,0.0,0.0,300,500,Venues de mariage privées
13855,107460.0,229,3480,19000.0,0,confirmed,Wedding,2022-04-13,Birthday,Sousse,Tunisie,5,0.0,0.0,300,500,Venues de mariage privées
6724,6688.0,252,1608,15000.0,9,pending,Corporate Event,2023-08-14,Corporate,Sousse,Tunisie,4,0.0,0.0,300,500,Venues de mariage privées
4879,4538.0,203,1417,19000.0,9,cancelled,Wedding,2023-10-17,Corporate,Sousse,Tunisie,2,0.0,0.0,300,500,Venues de mariage privées
11670,5374.0,155,66,24000.0,9,cancelled,Birthday,2024-01-02,Corporate,Sousse,Tunisie,1,0.0,0.0,300,500,Venues de mariage privées
12251,9770.0,252,1608,26000.0,16,confirmed,Wedding,2022-05-19,Wedding,Sousse,Tunisie,4,0.0,0.0,300,500,Venues de mariage privées
13197,14921.0,202,1983,12000.0,5,confirmed,Corporate Event,2024-03-20,Wedding,Sousse,Tunisie,2,0.0,0.0,300,500,Venues de mariage privées
8184,3266.0,202,1983,15000.0,0,confirmed,Corporate Event,2023-02-06,Birthday,Sousse,Tunisie,3,0.0,0.0,300,500,Venues de mariage privées
4221,379.0,155,66,25000.0,9,confirmed,Wedding,2024-05-24,Corporate,Sousse,Tunisie,2,0.0,0.0,300,500,Venues de mariage privées
10168,12220.0,229,3480,23000.0,9,confirmed,Corporate Event,2024-04-02,Corporate,Sousse,Tunisie,4,0.0,0.0,300,500,Venues de mariage privées
82,5604.0,203,1258,23000.0,5,pending,Birthday,2024-11-15,Wedding,Sousse,Tunisie,1,0.0,0.0,300,500,Venues de mariage privées
16854,3996.0,252,1608,26000.0,9,confirmed,Corporate Event,2025-07-15,Corporate,Sousse,Tunisie,4,0.0,0.0,300,500,Venues de mariage privées
10566,5442.0,176,3661,22000.0,9,cancelled,Corporate Event,2024-09-20,Corporate,Sousse,Tunisie,5,0.0,0.0,300,500,Venues de mariage privées
17427,1464.0,229,3480,23000.0,16,confirmed,Birthday,2025-05-10,Wedding,Sousse,Tunisie,4,0.0,0.0,300,500,Venues de mariage privées
11416,2903.0,203,1417,26000.0,0,pending,Wedding,2024-12-05,Birthday,Sousse,Tunisie,3,0.0,0.0,300,500,Venues de mariage privées
4545,1386.0,155,66,15000.0,16,cancelled,Corporate Event,2024-03-30,Wedding,Sousse,Tunisie,3,0.0,0.0,300,500,Venues de mariage privées
1029,12832.0,203,1417,23000.0,0,pending,Corporate Event,2022-02-02,Birthday,Sousse,Tunisie,3,0.0,0.0,300,500,Venues de mariage privées
3856,13735.0,176,3661,24000.0,5,confirmed,Wedding,2023-11-19,Wedding,Sousse,Tunisie,4,0.0,0.0,300,500,Venues de mariage privées
8156,12987.0,298,962,26000.0,9,cancelled,Birthday,2024-06-08,Corporate,Sousse,Tunisie,3,0.0,0.0,300,500,Venues de mariage privées
3781,4315.0,249,22215,23000.0,16,cancelled,Birthday,2022-03-07,Wedding,Sousse,Tunisie,5,0.0,0.0,300,500,Venues de mariage privées
15635,8861.0,298,962,23000.0,0,pending,Corporate Event,2025-10-21,Birthday,Sousse,Tunisie,4,0.0,0.0,300,500,Venues de mariage privées
9534,1039.0,249,22215,19000.0,0,pending,Corporate Event,2023-10-22,Birthday,Sousse,Tunisie,2,0.0,0.0,300,500,Venues de mariage privées
10379,10540.0,298,962,25000.0,9,pending,Wedding,2025-12-27,Corporate,Sousse,Tunisie,1,0.0,0.0,300,500,Venues de mariage privées
10424,4707.0,176,3661,26000.0,0,pending,Birthday,2023-03-19,Birthday,Sousse,Tunisie,1,0.0,0.0,300,500,Venues de mariage privées
3325,10963.0,203,1417,23000.0,9,confirmed,Wedding,2022-12-31,Corporate,Sousse,Tunisie,2,0.0,0.0,300,500,Venues de mariage privées
11272,13503.0,203,1417,23000.0,16,confirmed,Wedding,2022-05-25,Wedding,Sousse,Tunisie,2,0.0,0.0,300,500,Venues de mariage privées
7595,9272.0,298,962,21000.0,9,cancelled,Corporate Event,2022-09-17,Corporate,Sousse,Tunisie,2,0.0,0.0,300,500,Venues de mariage privées
1121,6513.0,126,4896,15000.0,9,cancelled,Birthday,2022-04-07,Corporate,Sousse,Tunisie,3,0.0,0.0,300,500,Venues de mariage privées
16641,82020.0,176,3661,26000.0,9,confirmed,Birthday,2023-09-05,Corporate,Sousse,Tunisie,3,0.0,0.0,300,500,Venues de mariage privées
15516,3499.0,229,3480,13000.0,9,confirmed,Wedding,2023-09-03,Corporate,Sousse,Tunisie,4,0.0,0.0,300,500,Venues de mariage privées
1012,5720.0,126,4896,24000.0,0,cancelled,Wedding,2025-08-27,Birthday,Sousse,Tunisie,2,0.0,0.0,300,500,Venues de mariage privées
2241,2732.0,203,1417,13000.0,9,cancelled,Corporate Event,2023-06-15,Corporate,Sousse,Tunisie,4,0.0,0.0,300,500,Venues de mariage privées
6458,12284.0,229,3480,20000.0,9,pending,Wedding,2024-10-09,Corporate,Sousse,Tunisie,2,0.0,0.0,300,500,Venues de mariage privées
17638,11624.0,252,1608,21000.0,0,cancelled,Corporate Event,2025-01-03,Birthday,Sousse,Tunisie,4,0.0,0.0,300,500,Venues de mariage privées
6423,44830.0,126,4896,22000.0,16,cancelled,Wedding,2023-09-06,Wedding,Sousse,Tunisie,4,0.0,0.0,300,500,Venues de mariage privées
17505,5001.0,155,66,12000.0,16,cancelled,Wedding,2025-02-10,Wedding,Sousse,Tunisie,4,0.0,0.0,300,500,Venues de mariage privées
6464,5750.0,252,1608,23000.0,16,confirmed,Birthday,2025-11-27,Wedding,Sousse,Tunisie,3,0.0,0.0,300,500,Venues de mariage privées
6061,5928.0,249,22215,19000.0,0,pending,Corporate Event,2024-08-14,Birthday,Sousse,Tunisie,3,0.0,0.0,300,500,Venues de mariage privées
12407,10351.0,203,1417,12000.0,5,confirmed,Corporate Event,2024-10-12,Wedding,Sousse,Tunisie,3,0.0,0.0,300,500,Venues de mariage privées
15251,13352.0,229,3480,17000.0,0,cancelled,Birthday,2023-04-01,Birthday,Sousse,Tunisie,5,0.0,0.0,300,500,Venues de mariage privées
6699,1980.0,249,22215,21000.0,16,cancelled,Birthday,2024-02-02,Wedding,Sousse,Tunisie,2,0.0,0.0,300,500,Venues de mariage privées
13341,2985.0,249,22215,23000.0,5,pending,Corporate Event,2024-01-23,Wedding,Sousse,Tunisie,4,0.0,0.0,300,500,Venues de mariage privées
9788,5955.0,202,1983,24000.0,9,confirmed,Wedding,2025-01-09,Corporate,Sousse,Tunisie,3,0.0,0.0,300,500,Venues de mariage privées
3399,4341.0,155,66,13000.0,0,confirmed,Corporate Event,2022-08-10,Birthday,Sousse,Tunisie,5,0.0,0.0,300,500,Venues de mariage privées
5791,2624.0,203,1258,15000.0,9,pending,Corporate Event,2022-10-23,Corporate,Sousse,Tunisie,1,0.0,0.0,300,500,Venues de mariage privées
8270,771.0,203,1417,20000.0,5,pending,Wedding,2025-07-12,Wedding,Sousse,Tunisie,3,0.0,0.0,300,500,Venues de mariage privées
12915,1138.0,176,3661,25000.0,9,cancelled,Corporate Event,2022-06-25,Corporate,Sousse,Tunisie,1,0.0,0.0,300,500,Venues de mariage privées
14242,10052.0,203,1417,26000.0,0,pending,Corporate Event,2024-01-23,Birthday,Sousse,Tunisie,3,0.0,0.0,300,500,Venues de mariage privées
4712,10305.0,239,4101,12000.0,16,pending,Corporate Event,2024-01-06,Wedding,Sousse,Tunisie,3,0.0,0.0,300,500,Venues de mariage privées
10993,1382.0,203,1417,23000.0,9,cancelled,Birthday,2023-11-18,Corporate,Sousse,Tunisie,1,0.0,0.0,300,500,Venues de mariage privées
7243,5040.0,298,962,23000.0,5,confirmed,Corporate Event,2025-11-18,Wedding,Sousse,Tunisie,2,0.0,0.0,300,500,Venues de mariage privées
3312,4022.0,239,4101,22000.0,16,cancelled,Birthday,2024-01-03,Wedding,Sousse,Tunisie,4,0.0,0.0,300,500,Venues de mariage privées
11399,2277.0,176,3661,21000.0,0,pending,Birthday,2024-04-25,Birthday,Sousse,Tunisie,5,0.0,0.0,300,500,Venues de mariage privées
15267,8812.0,126,4896,22000.0,0,pending,Birthday,2025-08-07,Birthday,Sousse,Tunisie,1,0.0,0.0,300,500,Venues de mariage privées
12158,3632.0,252,1608,15000.0,9,cancelled,Wedding,2025-10-10,Corporate,Sousse,Tunisie,2,0.0,0.0,300,500,Venues de mariage privées
16734,12674.0,42,3577,24000.0,9,cancelled,Birthday,2022-02-19,Corporate,Sousse,Tunisie,3,0.0,0.0,300,500,Venues de mariage privées
17870,7223.0,239,4101,25000.0,9,pending,Birthday,2023-04-11,Corporate,Sousse,Tunisie,5,0.0,0.0,300,500,Venues de mariage privées
4111,400.0,42,3577,15000.0,9,cancelled,Birthday,2024-06-20,Corporate,Sousse,Tunisie,3,0.0,0.0,300,500,Venues de mariage privées
6365,12749.0,155,66,17000.0,0,cancelled,Birthday,2024-04-22,Birthday,Sousse,Tunisie,4,0.0,0.0,300,500,Venues de mariage privées
5952,14121.0,126,4896,13000.0,16,cancelled,Corporate Event,2025-06-15,Wedding,Sousse,Tunisie,2,0.0,0.0,300,500,Venues de mariage privées
7369,12709.0,126,4896,23000.0,5,confirmed,Corporate Event,2023-07-23,Wedding,Sousse,Tunisie,4,0.0,0.0,300,500,Venues de mariage privées
6691,13333.0,176,3661,12000.0,9,cancelled,Birthday,2025-11-10,Corporate,Sousse,Tunisie,1,0.0,0.0,300,500,Venues de mariage privées
3458,9469.0,229,3480,25000.0,5,confirmed,Birthday,2025-05-14,Wedding,Sousse,Tunisie,3,0.0,0.0,300,500,Venues de mariage privées
1192,4921.0,249,22215,26000.0,0,confirmed,Wedding,2025-09-11,Birthday,Sousse,Tunisie,1,0.0,0.0,300,500,Venues de mariage privées
9932,8991.0,229,3480,21000.0,16,cancelled,Wedding,2024-09-28,Wedding,Sousse,Tunisie,2,0.0,0.0,300,500,Venues de mariage privées
16225,12552.0,239,4101,12000.0,0,confirmed,Wedding,2025-05-18,Birthday,Sousse,Tunisie,1,0.0,0.0,300,500,Venues de mariage privées
5711,3650.0,239,4101,17000.0,16,cancelled,Wedding,2022-01-05,Wedding,Sousse,Tunisie,4,0.0,0.0,300,500,Venues de mariage privées
1937,5635.0,42,3577,25000.0,16,cancelled,Wedding,2024-09-03,Wedding,Sousse,Tunisie,3,0.0,0.0,300,500,Venues de mariage privées
5679,6681.0,176,3661,24000.0,5,cancelled,Wedding,2022-12-12,Wedding,Sousse,Tunisie,3,0.0,0.0,300,500,Venues de mariage privées
15906,3709.0,229,3480,15000.0,9,pending,Wedding,2023-11-27,Corporate,Sousse,Tunisie,5,0.0,0.0,300,500,Venues de mariage privées
13803,3801.0,202,1983,15000.0,16,confirmed,Wedding,2023-08-20,Wedding,Sousse,Tunisie,2,0.0,0.0,300,500,Venues de mariage privées
14048,9695.0,252,1608,12000.0,0,pending,Birthday,2024-04-04,Birthday,Sousse,Tunisie,3,0.0,0.0,300,500,Venues de mariage privées
8873,7761.0,176,3661,13000.0,0,confirmed,Birthday,2023-06-11,Birthday,Sousse,Tunisie,2,0.0,0.0,300,500,Venues de mariage privées
12449,12426.0,126,4896,21000.0,5,cancelled,Birthday,2025-09-01,Wedding,Sousse,Tunisie,1,0.0,0.0,300,500,Venues de mariage privées
13136,4811.0,239,4101,25000.0,5,confirmed,Wedding,2022-09-06,Wedding,Sousse,Tunisie,1,0.0,0.0,300,500,Venues de mariage privées
16733,13290.0,202,1983,23000.0,5,confirmed,Wedding,2024-10-06,Wedding,Sousse,Tunisie,5,0.0,0.0,300,500,Venues de mariage privées
5819,12065.0,298,962,12000.0,16,pending,Wedding,2025-12-13,Wedding,Sousse,Tunisie,5,0.0,0.0,300,500,Venues de mariage privées
10429,6476.0,249,22215,20000.0,0,cancelled,Birthday,2023-06-23,Birthday,Sousse,Tunisie,5,0.0,0.0,300,500,Venues de mariage privées
9044,14155.0,126,4896,12000.0,5,confirmed,Corporate Event,2022-11-06,Wedding,Sousse,Tunisie,3,0.0,0.0,300,500,Venues de mariage privées
9264,4090.0,298,962,20000.0,16,cancelled,Wedding,2022-08-27,Wedding,Sousse,Tunisie,2,0.0,0.0,300,500,Venues de mariage privées
9312,13978.0,298,962,17000.0,5,confirmed,Corporate Event,2022-01-22,Wedding,Sousse,Tunisie,5,0.0,0.0,300,500,Venues de mariage privées
7347,1920.0,239,4101,22000.0,5,cancelled,Wedding,2025-06-09,Wedding,Sousse,Tunisie,4,0.0,0.0,300,500,Venues de mariage privées
17825,8696.0,126,4896,12000.0,5,pending,Birthday,2022-06-20,Wedding,Sousse,Tunisie,3,0.0,0.0,300,500,Venues de mariage privées
8540,12971.0,202,1983,17000.0,5,cancelled,Birthday,2023-04-22,Wedding,Sousse,Tunisie,4,0.0,0.0,300,500,Venues de mariage privées
12818,10057.0,176,3661,19000.0,0,confirmed,Wedding,2022-08-06,Birthday,Sousse,Tunisie,5,0.0,0.0,300,500,Venues de mariage privées
7438,5213.0,203,1258,22000.0,16,cancelled,Corporate Event,2025-01-08,Wedding,Sousse,Tunisie,1,0.0,0.0,300,500,Venues de mariage privées
14488,9299.0,252,1608,24000.0,16,cancelled,Wedding,2024-04-21,Wedding,Sousse,Tunisie,2,0.0,0.0,300,500,Venues de mariage privées
3892,14343.0,203,1417,21000.0,9,cancelled,Corporate Event,2022-12-04,Corporate,Sousse,Tunisie,5,0.0,0.0,300,500,Venues de mariage privées
1660,10582.0,126,4896,20000.0,9,confirmed,Wedding,2024-04-20,Corporate,Sousse,Tunisie,1,0.0,0.0,300,500,Venues de mariage privées
17112,8485.0,155,66,25000.0,0,pending,Birthday,2024-03-11,Birthday,Sousse,Tunisie,1,0.0,0.0,300,500,Venues de mariage privées
657,10434.0,203,1258,15000.0,9,confirmed,Corporate Event,2023-01-31,Corporate,Sousse,Tunisie,2,0.0,0.0,300,500,Venues de mariage privées
7057,14147.0,203,1417,24000.0,9,pending,Wedding,2023-02-02,Corporate,Sousse,Tunisie,1,0.0,0.0,300,500,Venues de mariage privées
16835,301.0,229,3480,20000.0,16,confirmed,Corporate Event,2025-05-01,Wedding,Sousse,Tunisie,3,0.0,0.0,300,500,Venues de mariage privées
11591,6743.0,298,962,23000.0,16,pending,Wedding,2024-06-24,Wedding,Sousse,Tunisie,5,0.0,0.0,300,500,Venues de mariage privées
106,12218.0,176,3661,15000.0,16,cancelled,Wedding,2024-03-19,Wedding,Sousse,Tunisie,3,0.0,0.0,300,500,Venues de mariage privées
10259,9863.0,126,4896,21000.0,0,confirmed,Wedding,2022-07-24,Birthday,Sousse,Tunisie,3,0.0,0.0,300,500,Venues de mariage privées
9290,7864.0,239,4101,13000.0,0,pending,Birthday,2024-01-31,Birthday,Sousse,Tunisie,2,0.0,0.0,300,500,Venues de mariage privées
718,13418.0,203,1417,13000.0,9,confirmed,Wedding,2022-12-29,Corporate,Sousse,Tunisie,3,0.0,0.0,300,500,Venues de mariage privées
3179,10014.0,239,4101,25000.0,16,pending,Corporate Event,2024-05-01,Wedding,Sousse,Tunisie,2,0.0,0.0,300,500,Venues de mariage privées
12998,11915.0,203,1417,24000.0,9,confirmed,Wedding,2022-12-13,Corporate,Sousse,Tunisie,2,0.0,0.0,300,500,Venues de mariage privées
14476,387.0,252,1608,23000.0,9,confirmed,Wedding,2023-09-06,Corporate,Sousse,Tunisie,2,0.0,0.0,300,500,Venues de mariage privées
3396,6399.0,155,66,19000.0,9,pending,Wedding,2022-03-13,Corporate,Sousse,Tunisie,2,0.0,0.0,300,500,Venues de mariage privées
3352,12690.0,249,22215,15000.0,16,cancelled,Corporate Event,2024-08-14,Wedding,Sousse,Tunisie,2,0.0,0.0,300,500,Venues de mariage privées
9127,6696.0,155,66,13000.0,9,pending,Wedding,2024-04-29,Corporate,Sousse,Tunisie,5,0.0,0.0,300,500,Venues de mariage privées
1009,6234.0,203,1258,24000.0,5,confirmed,Birthday,2024-03-18,Wedding,Sousse,Tunisie,5,0.0,0.0,300,500,Venues de mariage privées
14294,4730.0,249,22215,23000.0,0,cancelled,Wedding,2024-05-31,Birthday,Sousse,Tunisie,1,0.0,0.0,300,500,Venues de mariage privées
14169,8548.0,202,1983,13000.0,16,confirmed,Birthday,2023-10-21,Wedding,Sousse,Tunisie,5,0.0,0.0,300,500,Venues de mariage privées
1107,3945.0,249,22215,21000.0,9,pending,Birthday,2023-12-29,Corporate,Sousse,Tunisie,2,0.0,0.0,300,500,Venues de mariage privées
5752,464.0,202,1983,20000.0,9,cancelled,Birthday,2025-02-10,Corporate,Sousse,Tunisie,3,0.0,0.0,300,500,Venues de mariage privées
4016,147490.0,252,1608,23000.0,16,confirmed,Corporate Event,2023-02-25,Wedding,Sousse,Tunisie,2,0.0,0.0,300,500,Venues de mariage privées
16147,4119.0,155,66,26000.0,5,cancelled,Wedding,2025-11-11,Wedding,Sousse,Tunisie,2,0.0,0.0,300,500,Venues de mariage privées
17787,11430.0,203,1417,24000.0,9,pending,Corporate Event,2023-07-14,Corporate,Sousse,Tunisie,3,0.0,0.0,300,500,Venues de mariage privées
14072,7291.0,249,22215,26000.0,9,pending,Corporate Event,2024-10-04,Corporate,Sousse,Tunisie,2,0.0,0.0,300,500,Venues de mariage privées
17074,1840.0,42,3577,19000.0,5,confirmed,Wedding,2022-07-31,Wedding,Sousse,Tunisie,4,0.0,0.0,300,500,Venues de mariage privées
13478,11139.0,298,962,19000.0,9,pending,Corporate Event,2024-03-30,Corporate,Sousse,Tunisie,3,0.0,0.0,300,500,Venues de mariage privées
10759,13650.0,202,1983,25000.0,5,confirmed,Corporate Event,2025-06-20,Wedding,Sousse,Tunisie,3,0.0,0.0,300,500,Venues de mariage privées
16140,12181.0,298,962,20000.0,0,pending,Birthday,2022-08-17,Birthday,Sousse,Tunisie,2,0.0,0.0,300,500,Venues de mariage privées
10462,5326.0,239,4101,13000.0,9,pending,Wedding,2023-01-12,Corporate,Sousse,Tunisie,5,0.0,0.0,300,500,Venues de mariage privées
5583,3835.0,229,3480,22000.0,5,cancelled,Wedding,2024-12-02,Wedding,Sousse,Tunisie,3,0.0,0.0,300,500,Venues de mariage privées
9790,7228.0,202,1983,19000.0,9,cancelled,Corporate Event,2024-06-14,Corporate,Sousse,Tunisie,4,0.0,0.0,300,500,Venues de mariage privées
13846,7408.0,155,66,19000.0,5,confirmed,Corporate Event,2023-02-24,Wedding,Sousse,Tunisie,1,0.0,0.0,300,500,Venues de mariage privées
12376,1090.0,42,3577,21000.0,0,confirmed,Wedding,2023-06-14,Birthday,Sousse,Tunisie,3,0.0,0.0,300,500,Venues de mariage privées
6040,8600.0,239,4101,15000.0,5,confirmed,Birthday,2023-10-28,Wedding,Sousse,Tunisie,1,0.0,0.0,300,500,Venues de mariage privées
1852,249.0,239,4101,24000.0,16,cancelled,Wedding,2023-02-27,Wedding,Sousse,Tunisie,4,0.0,0.0,300,500,Venues de mariage privées
10050,10158.0,249,22215,25000.0,0,pending,Wedding,2025-01-04,Birthday,Sousse,Tunisie,5,0.0,0.0,300,500,Venues de mariage privées
11626,12733.0,126,4896,20000.0,9,confirmed,Corporate Event,2025-11-09,Corporate,Sousse,Tunisie,2,0.0,0.0,300,500,Venues de mariage privées
6163,4434.0,126,4896,21000.0,9,confirmed,Corporate Event,2023-04-10,Corporate,Sousse,Tunisie,4,0.0,0.0,300,500,Venues de mariage privées
15629,13538.0,239,4101,15000.0,16,pending,Birthday,2022-12-06,Wedding,Sousse,Tunisie,5,0.0,0.0,300,500,Venues de mariage privées
12382,2727.0,42,3577,25000.0,0,cancelled,Birthday,2024-11-04,Birthday,Sousse,Tunisie,5,0.0,0.0,300,500,Venues de mariage privées
11920,88750.0,155,66,24000.0,3,confirmed,Wedding,2022-07-21,Wedding,Monastir,Tunisie,4,0.0,0.0,200,500,Hotel
7350,13520.0,252,1608,19000.0,2,cancelled,Corporate Event,2024-07-26,Birthday,Monastir,Tunisie,3,0.0,0.0,200,500,Hotel
4379,11258.0,249,22215,12000.0,2,cancelled,Wedding,2023-10-02,Birthday,Monastir,Tunisie,1,0.0,0.0,200,500,Hotel
10711,4475.0,155,66,26000.0,12,pending,Corporate Event,2025-04-21,Corporate,Monastir,Tunisie,1,0.0,0.0,200,500,Hotel
5479,2760.0,203,1417,26000.0,12,confirmed,Birthday,2025-12-20,Corporate,Monastir,Tunisie,2,0.0,0.0,200,500,Hotel
11490,1737.0,42,3577,19000.0,12,confirmed,Wedding,2025-06-18,Corporate,Monastir,Tunisie,5,0.0,0.0,200,500,Hotel
13515,471.0,249,22215,26000.0,3,pending,Corporate Event,2025-02-10,Wedding,Monastir,Tunisie,1,0.0,0.0,200,500,Hotel
16034,8286.0,229,3480,21000.0,12,cancelled,Wedding,2025-01-15,Corporate,Monastir,Tunisie,4,0.0,0.0,200,500,Hotel
10097,6245.0,203,1417,20000.0,3,confirmed,Wedding,2025-10-07,Wedding,Monastir,Tunisie,2,0.0,0.0,200,500,Hotel
4209,5520.0,202,1983,21000.0,12,confirmed,Birthday,2022-05-08,Corporate,Monastir,Tunisie,1,0.0,0.0,200,500,Hotel
7811,7807.0,229,3480,22000.0,3,pending,Wedding,2025-04-28,Wedding,Monastir,Tunisie,2,0.0,0.0,200,500,Hotel
445,6794.0,42,3577,17000.0,12,confirmed,Birthday,2024-04-21,Corporate,Monastir,Tunisie,4,0.0,0.0,200,500,Hotel
11221,9405.0,155,66,22000.0,3,confirmed,Wedding,2022-09-21,Wedding,Monastir,Tunisie,1,0.0,0.0,200,500,Hotel
54,9298.0,229,3480,17000.0,3,pending,Birthday,2022-09-13,Wedding,Monastir,Tunisie,2,0.0,0.0,200,500,Hotel
13988,1281.0,229,3480,25000.0,12,pending,Corporate Event,2025-10-15,Corporate,Monastir,Tunisie,3,0.0,0.0,200,500,Hotel
12085,11545.0,203,1258,12000.0,12,pending,Corporate Event,2023-08-03,Corporate,Monastir,Tunisie,4,0.0,0.0,200,500,Hotel
9133,5677.0,252,1608,17000.0,3,pending,Wedding,2025-10-29,Wedding,Monastir,Tunisie,5,0.0,0.0,200,500,Hotel
2338,14855.0,202,1983,12000.0,16,pending,Birthday,2025-05-22,Wedding,Monastir,Tunisie,2,0.0,0.0,200,500,Hotel
8424,3916.0,155,66,26000.0,12,cancelled,Corporate Event,2025-08-14,Corporate,Monastir,Tunisie,4,0.0,0.0,200,500,Hotel
17403,8510.0,126,4896,25000.0,2,cancelled,Corporate Event,2023-03-09,Birthday,Monastir,Tunisie,4,0.0,0.0,200,500,Hotel
4162,10346.0,155,66,22000.0,3,pending,Birthday,2025-05-27,Wedding,Monastir,Tunisie,1,0.0,0.0,200,500,Hotel
1736,13206.0,203,1417,26000.0,2,cancelled,Birthday,2023-12-31,Birthday,Monastir,Tunisie,1,0.0,0.0,200,500,Hotel
6378,3378.0,203,1258,24000.0,12,cancelled,Wedding,2024-08-18,Corporate,Monastir,Tunisie,4,0.0,0.0,200,500,Hotel
12447,3891.0,298,962,20000.0,16,confirmed,Corporate Event,2022-06-03,Wedding,Monastir,Tunisie,2,0.0,0.0,200,500,Hotel
13449,12778.0,126,4896,21000.0,3,cancelled,Wedding,2024-07-29,Wedding,Monastir,Tunisie,2,0.0,0.0,200,500,Hotel
4681,966.0,203,1258,25000.0,16,confirmed,Birthday,2025-04-17,Wedding,Monastir,Tunisie,5,0.0,0.0,200,500,Hotel
4094,12350.0,155,66,23000.0,16,cancelled,Birthday,2024-04-03,Wedding,Monastir,Tunisie,3,0.0,0.0,200,500,Hotel
7113,7618.0,203,1417,25000.0,16,confirmed,Birthday,2024-11-02,Wedding,Monastir,Tunisie,3,0.0,0.0,200,500,Hotel
15955,2968.0,252,1608,24000.0,12,pending,Wedding,2022-07-30,Corporate,Monastir,Tunisie,5,0.0,0.0,200,500,Hotel
14117,10160.0,298,962,23000.0,2,confirmed,Birthday,2024-02-03,Birthday,Monastir,Tunisie,1,0.0,0.0,200,500,Hotel
1532,12455.0,298,962,23000.0,12,cancelled,Wedding,2022-12-14,Corporate,Monastir,Tunisie,3,0.0,0.0,200,500,Hotel
17716,7205.0,203,1417,20000.0,12,confirmed,Birthday,2024-08-30,Corporate,Monastir,Tunisie,1,0.0,0.0,200,500,Hotel
9665,3413.0,176,3661,25000.0,16,cancelled,Birthday,2023-11-17,Wedding,Monastir,Tunisie,5,0.0,0.0,200,500,Hotel
9771,4172.0,252,1608,17000.0,2,confirmed,Birthday,2022-02-14,Birthday,Monastir,Tunisie,3,0.0,0.0,200,500,Hotel
201,2524.0,298,962,15000.0,16,cancelled,Birthday,2025-07-21,Wedding,Monastir,Tunisie,4,0.0,0.0,200,500,Hotel
15865,10467.0,252,1608,25000.0,12,pending,Birthday,2024-06-23,Corporate,Monastir,Tunisie,5,0.0,0.0,200,500,Hotel
6436,6272.0,229,3480,13000.0,12,confirmed,Corporate Event,2022-01-20,Corporate,Monastir,Tunisie,2,0.0,0.0,200,500,Hotel
5346,5058.0,155,66,24000.0,3,cancelled,Corporate Event,2024-02-08,Wedding,Monastir,Tunisie,5,0.0,0.0,200,500,Hotel
5337,116250.0,229,3480,15000.0,12,confirmed,Wedding,2022-01-25,Corporate,Monastir,Tunisie,5,0.0,0.0,200,500,Hotel
1895,14950.0,203,1417,25000.0,16,cancelled,Corporate Event,2022-07-27,Wedding,Monastir,Tunisie,4,0.0,0.0,200,500,Hotel
8452,14238.0,298,962,20000.0,12,pending,Birthday,2025-01-12,Corporate,Monastir,Tunisie,5,0.0,0.0,200,500,Hotel
5470,552.0,203,1258,22000.0,12,confirmed,Birthday,2024-10-07,Corporate,Monastir,Tunisie,1,0.0,0.0,200,500,Hotel
11925,8035.0,176,3661,15000.0,2,pending,Corporate Event,2022-06-12,Birthday,Monastir,Tunisie,3,0.0,0.0,200,500,Hotel
2296,8942.0,202,1983,12000.0,16,confirmed,Wedding,2024-07-29,Wedding,Monastir,Tunisie,4,0.0,0.0,200,500,Hotel
3008,1350.0,202,1983,15000.0,2,pending,Birthday,2025-09-09,Birthday,Monastir,Tunisie,4,0.0,0.0,200,500,Hotel
12215,285.0,155,66,26000.0,3,pending,Birthday,2025-07-15,Wedding,Monastir,Tunisie,1,0.0,0.0,200,500,Hotel
3983,10899.0,229,3480,15000.0,12,pending,Corporate Event,2025-04-17,Corporate,Monastir,Tunisie,5,0.0,0.0,200,500,Hotel
704,11625.0,229,3480,22000.0,16,cancelled,Wedding,2025-01-09,Wedding,Monastir,Tunisie,2,0.0,0.0,200,500,Hotel
1338,5677.0,249,22215,20000.0,3,cancelled,Corporate Event,2023-12-01,Wedding,Monastir,Tunisie,3,0.0,0.0,200,500,Hotel
12431,4757.0,126,4896,22000.0,3,pending,Birthday,2023-01-23,Wedding,Monastir,Tunisie,5,0.0,0.0,200,500,Hotel
7958,7059.0,229,3480,25000.0,2,pending,Birthday,2025-05-07,Birthday,Monastir,Tunisie,5,0.0,0.0,200,500,Hotel
5027,6691.0,202,1983,21000.0,3,confirmed,Wedding,2023-05-11,Wedding,Monastir,Tunisie,4,0.0,0.0,200,500,Hotel
12229,8413.0,298,962,17000.0,16,pending,Wedding,2024-11-26,Wedding,Monastir,Tunisie,5,0.0,0.0,200,500,Hotel
12926,9038.0,155,66,20000.0,12,pending,Corporate Event,2022-12-11,Corporate,Monastir,Tunisie,2,0.0,0.0,200,500,Hotel
3775,14849.0,252,1608,23000.0,3,confirmed,Corporate Event,2023-08-02,Wedding,Monastir,Tunisie,5,0.0,0.0,200,500,Hotel
5926,1887.0,229,3480,13000.0,12,cancelled,Birthday,2022-11-18,Corporate,Monastir,Tunisie,1,0.0,0.0,200,500,Hotel
4155,14005.0,229,3480,12000.0,12,cancelled,Wedding,2024-12-02,Corporate,Monastir,Tunisie,3,0.0,0.0,200,500,Hotel
10143,10141.0,203,1417,23000.0,3,cancelled,Birthday,2025-08-07,Wedding,Monastir,Tunisie,4,0.0,0.0,200,500,Hotel
1127,4942.0,203,1417,21000.0,16,cancelled,Wedding,2025-07-01,Wedding,Monastir,Tunisie,4,0.0,0.0,200,500,Hotel
12546,7398.0,239,4101,13000.0,12,pending,Birthday,2023-09-24,Corporate,Monastir,Tunisie,2,0.0,0.0,200,500,Hotel
14307,5774.0,202,1983,20000.0,12,cancelled,Wedding,2022-08-23,Corporate,Monastir,Tunisie,1,0.0,0.0,200,500,Hotel
2410,2187.0,203,1258,15000.0,12,confirmed,Corporate Event,2022-09-28,Corporate,Monastir,Tunisie,4,0.0,0.0,200,500,Hotel
602,10850.0,176,3661,19000.0,2,cancelled,Wedding,2022-05-27,Birthday,Monastir,Tunisie,1,0.0,0.0,200,500,Hotel
8956,13748.0,239,4101,12000.0,12,pending,Wedding,2022-09-03,Corporate,Monastir,Tunisie,3,0.0,0.0,200,500,Hotel
17472,4655.0,203,1417,20000.0,12,pending,Corporate Event,2022-06-12,Corporate,Monastir,Tunisie,1,0.0,0.0,200,500,Hotel
12553,5772.0,202,1983,19000.0,2,pending,Birthday,2022-08-08,Birthday,Monastir,Tunisie,3,0.0,0.0,200,500,Hotel
1098,11763.0,298,962,24000.0,12,confirmed,Wedding,2023-08-09,Corporate,Monastir,Tunisie,2,0.0,0.0,200,500,Hotel
3082,6266.0,126,4896,17000.0,3,pending,Wedding,2025-11-14,Wedding,Monastir,Tunisie,2,0.0,0.0,200,500,Hotel
252,11520.0,229,3480,12000.0,2,pending,Wedding,2025-07-09,Birthday,Monastir,Tunisie,3,0.0,0.0,200,500,Hotel
11767,8188.0,239,4101,15000.0,2,cancelled,Birthday,2023-07-04,Birthday,Monastir,Tunisie,4,0.0,0.0,200,500,Hotel
7686,4259.0,229,3480,21000.0,2,cancelled,Birthday,2024-03-06,Birthday,Monastir,Tunisie,3,0.0,0.0,200,500,Hotel
11448,5146.0,239,4101,26000.0,12,pending,Wedding,2025-02-10,Corporate,Monastir,Tunisie,2,0.0,0.0,200,500,Hotel
1594,7116.0,155,66,23000.0,3,cancelled,Birthday,2024-08-26,Wedding,Monastir,Tunisie,1,0.0,0.0,200,500,Hotel
12418,14522.0,176,3661,20000.0,3,confirmed,Corporate Event,2025-08-24,Wedding,Monastir,Tunisie,5,0.0,0.0,200,500,Hotel
11383,2594.0,252,1608,19000.0,16,confirmed,Wedding,2023-01-15,Wedding,Monastir,Tunisie,5,0.0,0.0,200,500,Hotel
7206,4220.0,203,1417,12000.0,2,confirmed,Wedding,2024-08-16,Birthday,Monastir,Tunisie,1,0.0,0.0,200,500,Hotel
9343,12126.0,249,22215,20000.0,2,confirmed,Birthday,2025-10-27,Birthday,Monastir,Tunisie,2,0.0,0.0,200,500,Hotel
5219,2948.0,252,1608,22000.0,16,cancelled,Birthday,2022-11-22,Wedding,Monastir,Tunisie,1,0.0,0.0,200,500,Hotel
14295,10294.0,203,1258,20000.0,2,confirmed,Wedding,2022-04-11,Birthday,Monastir,Tunisie,3,0.0,0.0,200,500,Hotel
1747,14264.0,203,1417,19000.0,3,pending,Corporate Event,2022-07-20,Wedding,Monastir,Tunisie,1,0.0,0.0,200,500,Hotel
4936,7934.0,203,1417,17000.0,12,confirmed,Wedding,2022-05-24,Corporate,Monastir,Tunisie,2,0.0,0.0,200,500,Hotel
7761,7187.0,203,1417,12000.0,2,pending,Birthday,2025-12-18,Birthday,Monastir,Tunisie,1,0.0,0.0,200,500,Hotel
13718,13338.0,155,66,25000.0,16,cancelled,Corporate Event,2024-10-16,Wedding,Monastir,Tunisie,2,0.0,0.0,200,500,Hotel
14854,1004.0,42,3577,21000.0,2,pending,Birthday,2022-06-23,Birthday,Monastir,Tunisie,1,0.0,0.0,200,500,Hotel
9096,13172.0,203,1417,22000.0,3,pending,Birthday,2023-02-10,Wedding,Monastir,Tunisie,3,0.0,0.0,200,500,Hotel
16479,2535.0,298,962,20000.0,3,cancelled,Wedding,2025-06-03,Wedding,Monastir,Tunisie,5,0.0,0.0,200,500,Hotel
12551,7858.0,155,66,24000.0,16,pending,Wedding,2022-03-06,Wedding,Monastir,Tunisie,2,0.0,0.0,200,500,Hotel
4708,14716.0,252,1608,24000.0,2,confirmed,Birthday,2024-10-11,Birthday,Monastir,Tunisie,5,0.0,0.0,200,500,Hotel
11127,1306.0,203,1258,24000.0,16,cancelled,Wedding,2022-08-06,Wedding,Monastir,Tunisie,5,0.0,0.0,200,500,Hotel
6615,7418.0,126,4896,13000.0,12,pending,Wedding,2022-03-30,Corporate,Monastir,Tunisie,1,0.0,0.0,200,500,Hotel
4320,2046.0,176,3661,26000.0,16,confirmed,Birthday,2025-06-09,Wedding,Monastir,Tunisie,2,0.0,0.0,200,500,Hotel
2,9070.0,298,962,15000.0,2,pending,Corporate Event,2025-03-18,Birthday,Monastir,Tunisie,3,0.0,0.0,200,500,Hotel
4119,13293.0,229,3480,20000.0,16,confirmed,Corporate Event,2022-08-09,Wedding,Monastir,Tunisie,3,0.0,0.0,200,500,Hotel
8762,11600.0,252,1608,15000.0,12,pending,Birthday,2025-02-07,Corporate,Monastir,Tunisie,5,0.0,0.0,200,500,Hotel
10790,9059.0,229,3480,12000.0,3,confirmed,Wedding,2025-06-17,Wedding,Monastir,Tunisie,4,0.0,0.0,200,500,Hotel
12318,4508.0,126,4896,13000.0,3,confirmed,Corporate Event,2024-06-01,Wedding,Monastir,Tunisie,1,0.0,0.0,200,500,Hotel
4897,2278.0,298,962,13000.0,3,cancelled,Birthday,2023-04-18,Wedding,Monastir,Tunisie,5,0.0,0.0,200,500,Hotel
4644,11758.0,298,962,13000.0,2,cancelled,Wedding,2024-02-22,Birthday,Monastir,Tunisie,1,0.0,0.0,200,500,Hotel
1637,5240.0,155,66,13000.0,3,pending,Corporate Event,2023-12-12,Wedding,Monastir,Tunisie,5,0.0,0.0,200,500,Hotel
2826,6417.0,229,3480,26000.0,3,cancelled,Wedding,2024-10-01,Wedding,Monastir,Tunisie,4,0.0,0.0,200,500,Hotel
12339,2687.0,202,1983,12000.0,2,confirmed,Corporate Event,2025-07-19,Birthday,Monastir,Tunisie,1,0.0,0.0,200,500,Hotel
10375,8235.0,176,3661,19000.0,16,cancelled,Birthday,2022-06-05,Wedding,Monastir,Tunisie,1,0.0,0.0,200,500,Hotel
12909,11796.0,298,962,23000.0,16,cancelled,Corporate Event,2024-10-04,Wedding,Monastir,Tunisie,2,0.0,0.0,200,500,Hotel
6302,5147.0,155,66,20000.0,12,pending,Birthday,2025-09-19,Corporate,Monastir,Tunisie,3,0.0,0.0,200,500,Hotel
16005,7953.0,202,1983,26000.0,2,pending,Birthday,2023-08-22,Birthday,Monastir,Tunisie,4,0.0,0.0,200,500,Hotel
14850,11407.0,229,3480,13000.0,16,cancelled,Birthday,2022-10-04,Wedding,Monastir,Tunisie,4,0.0,0.0,200,500,Hotel
6222,11689.0,249,22215,20000.0,12,confirmed,Wedding,2023-12-24,Corporate,Monastir,Tunisie,4,0.0,0.0,200,500,Hotel
15073,7712.0,202,1983,26000.0,16,confirmed,Birthday,2025-02-09,Wedding,Monastir,Tunisie,4,0.0,0.0,200,500,Hotel
13959,1900.0,202,1983,26000.0,12,cancelled,Corporate Event,2025-01-27,Corporate,Monastir,Tunisie,2,0.0,0.0,200,500,Hotel
15750,12235.0,298,962,20000.0,16,pending,Birthday,2025-04-14,Wedding,Monastir,Tunisie,3,0.0,0.0,200,500,Hotel
13270,13133.0,203,1417,26000.0,16,pending,Wedding,2024-04-22,Wedding,Monastir,Tunisie,4,0.0,0.0,200,500,Hotel
5143,104920.0,249,22215,15000.0,12,cancelled,Birthday,2025-02-18,Corporate,Monastir,Tunisie,1,0.0,0.0,200,500,Hotel
12368,3599.0,249,22215,12000.0,16,pending,Corporate Event,2025-12-30,Wedding,Monastir,Tunisie,1,0.0,0.0,200,500,Hotel
11780,1941.0,239,4101,20000.0,16,cancelled,Corporate Event,2025-03-18,Wedding,Monastir,Tunisie,1,0.0,0.0,200,500,Hotel
15185,3151.0,298,962,19000.0,2,confirmed,Birthday,2022-10-19,Birthday,Monastir,Tunisie,1,0.0,0.0,200,500,Hotel
5127,14500.0,249,22215,17000.0,2,confirmed,Corporate Event,2023-11-16,Birthday,Monastir,Tunisie,5,0.0,0.0,200,500,Hotel
8814,4950.0,229,3480,24000.0,2,pending,Birthday,2025-04-23,Birthday,Monastir,Tunisie,1,0.0,0.0,200,500,Hotel
13964,10385.0,298,962,21000.0,16,cancelled,Wedding,2024-09-13,Wedding,Monastir,Tunisie,1,0.0,0.0,200,500,Hotel
12331,11860.0,126,4896,15000.0,3,cancelled,Birthday,2023-12-28,Wedding,Monastir,Tunisie,3,0.0,0.0,200,500,Hotel
6629,3660.0,252,1608,15000.0,3,confirmed,Wedding,2022-08-31,Wedding,Monastir,Tunisie,4,0.0,0.0,200,500,Hotel
5572,14405.0,202,1983,17000.0,3,cancelled,Corporate Event,2022-03-09,Wedding,Monastir,Tunisie,2,0.0,0.0,200,500,Hotel
2734,95000.0,126,4896,25000.0,2,confirmed,Wedding,2023-10-25,Birthday,Monastir,Tunisie,5,0.0,0.0,200,500,Hotel
15365,1721.0,176,3661,23000.0,2,cancelled,Wedding,2023-04-27,Birthday,Monastir,Tunisie,1,0.0,0.0,200,500,Hotel
6945,2187.0,239,4101,15000.0,12,cancelled,Wedding,2025-03-16,Corporate,Monastir,Tunisie,2,0.0,0.0,200,500,Hotel
15630,8972.0,126,4896,25000.0,2,cancelled,Corporate Event,2023-05-17,Birthday,Monastir,Tunisie,1,0.0,0.0,200,500,Hotel
6172,10110.0,176,3661,26000.0,2,cancelled,Wedding,2022-01-04,Birthday,Monastir,Tunisie,5,0.0,0.0,200,500,Hotel
917,7615.0,155,66,24000.0,16,confirmed,Corporate Event,2023-02-23,Wedding,Monastir,Tunisie,2,0.0,0.0,200,500,Hotel
3087,6343.0,202,1983,19000.0,12,confirmed,Corporate Event,2024-11-07,Corporate,Monastir,Tunisie,4,0.0,0.0,200,500,Hotel
4045,9150.0,252,1608,12000.0,12,pending,Corporate Event,2023-07-01,Corporate,Monastir,Tunisie,4,0.0,0.0,200,500,Hotel
1156,1249.0,176,3661,21000.0,2,confirmed,Wedding,2022-02-10,Birthday,Monastir,Tunisie,2,0.0,0.0,200,500,Hotel
17462,1913.0,239,4101,24000.0,12,confirmed,Wedding,2025-08-11,Corporate,Monastir,Tunisie,2,0.0,0.0,200,500,Hotel
4200,12110.0,42,3577,21000.0,3,pending,Birthday,2025-05-18,Wedding,Monastir,Tunisie,3,0.0,0.0,200,500,Hotel
13424,917.0,249,22215,17000.0,3,confirmed,Birthday,2023-01-20,Wedding,Monastir,Tunisie,3,0.0,0.0,200,500,Hotel
10223,7437.0,203,1258,12000.0,2,confirmed,Birthday,2024-04-10,Birthday,Monastir,Tunisie,2,0.0,0.0,200,500,Hotel
13508,60480.0,202,1983,19000.0,2,pending,Corporate Event,2025-04-12,Birthday,Monastir,Tunisie,2,0.0,0.0,200,500,Hotel
2504,49890.0,239,4101,17000.0,3,confirmed,Birthday,2022-08-17,Wedding,Monastir,Tunisie,3,0.0,0.0,200,500,Hotel
2982,3370.0,249,22215,15000.0,16,pending,Corporate Event,2025-09-21,Wedding,Monastir,Tunisie,4,0.0,0.0,200,500,Hotel
12163,10934.0,203,1417,15000.0,3,pending,Corporate Event,2022-03-05,Wedding,Monastir,Tunisie,3,0.0,0.0,200,500,Hotel
701,5726.0,252,1608,12000.0,16,cancelled,Birthday,2025-01-09,Wedding,Monastir,Tunisie,3,0.0,0.0,200,500,Hotel
10180,13954.0,126,4896,25000.0,16,pending,Corporate Event,2025-08-05,Wedding,Monastir,Tunisie,5,0.0,0.0,200,500,Hotel
6755,13045.0,126,4896,20000.0,16,cancelled,Wedding,2022-10-27,Wedding,Monastir,Tunisie,4,0.0,0.0,200,500,Hotel
16632,11270.0,239,4101,22000.0,12,pending,Corporate Event,2023-03-07,Corporate,Monastir,Tunisie,5,0.0,0.0,200,500,Hotel
2255,5546.0,176,3661,21000.0,2,pending,Wedding,2022-04-05,Birthday,Monastir,Tunisie,2,0.0,0.0,200,500,Hotel
10593,2848.0,203,1258,25000.0,2,cancelled,Birthday,2024-05-05,Birthday,Monastir,Tunisie,4,0.0,0.0,200,500,Hotel
8119,2336.0,155,66,19000.0,16,pending,Wedding,2022-02-27,Wedding,Monastir,Tunisie,1,0.0,0.0,200,500,Hotel
4135,4389.0,176,3661,23000.0,12,pending,Wedding,2023-02-22,Corporate,Monastir,Tunisie,4,0.0,0.0,200,500,Hotel
6478,4718.0,249,22215,23000.0,3,confirmed,Birthday,2022-07-24,Wedding,Monastir,Tunisie,4,0.0,0.0,200,500,Hotel
15353,13047.0,229,3480,22000.0,2,cancelled,Corporate Event,2024-08-24,Birthday,Monastir,Tunisie,2,0.0,0.0,200,500,Hotel
5636,1982.0,203,1417,21000.0,2,confirmed,Wedding,2025-06-24,Birthday,Monastir,Tunisie,2,0.0,0.0,200,500,Hotel
2511,7988.0,126,4896,26000.0,3,cancelled,Birthday,2024-03-27,Wedding,Monastir,Tunisie,5,0.0,0.0,200,500,Hotel
14573,11402.0,229,3480,20000.0,3,pending,Wedding,2025-05-03,Wedding,Monastir,Tunisie,4,0.0,0.0,200,500,Hotel
13015,2636.0,42,3577,24000.0,16,pending,Birthday,2022-03-30,Wedding,Monastir,Tunisie,5,0.0,0.0,200,500,Hotel
9174,11150.0,298,962,24000.0,3,pending,Corporate Event,2025-11-17,Wedding,Monastir,Tunisie,3,0.0,0.0,200,500,Hotel
3232,8636.0,249,22215,25000.0,16,confirmed,Corporate Event,2024-05-25,Wedding,Monastir,Tunisie,1,0.0,0.0,200,500,Hotel
14022,8712.0,252,1608,25000.0,3,confirmed,Birthday,2024-11-29,Wedding,Monastir,Tunisie,4,0.0,0.0,200,500,Hotel
4413,11665.0,126,4896,25000.0,12,confirmed,Wedding,2025-08-11,Corporate,Monastir,Tunisie,2,0.0,0.0,200,500,Hotel
8792,5372.0,239,4101,25000.0,16,cancelled,Wedding,2023-10-25,Wedding,Monastir,Tunisie,5,0.0,0.0,200,500,Hotel
4982,14833.0,203,1258,19000.0,16,cancelled,Birthday,2023-04-14,Wedding,Monastir,Tunisie,5,0.0,0.0,200,500,Hotel
626,5729.0,203,1258,23000.0,16,cancelled,Wedding,2024-06-09,Wedding,Monastir,Tunisie,1,0.0,0.0,200,500,Hotel
4211,9681.0,203,1417,24000.0,12,pending,Birthday,2023-12-28,Corporate,Monastir,Tunisie,2,0.0,0.0,200,500,Hotel
2646,3705.0,239,4101,12000.0,12,confirmed,Corporate Event,2023-05-19,Corporate,Monastir,Tunisie,4,0.0,0.0,200,500,Hotel
15472,4818.0,239,4101,21000.0,3,confirmed,Corporate Event,2024-03-18,Wedding,Monastir,Tunisie,3,0.0,0.0,200,500,Hotel
1450,2375.0,176,3661,23000.0,3,pending,Corporate Event,2022-03-07,Wedding,Monastir,Tunisie,3,0.0,0.0,200,500,Hotel
11230,1723.0,203,1258,21000.0,12,pending,Wedding,2022-10-29,Corporate,Monastir,Tunisie,1,0.0,0.0,200,500,Hotel
7974,1721.0,249,22215,12000.0,12,pending,Birthday,2024-08-03,Corporate,Monastir,Tunisie,1,0.0,0.0,200,500,Hotel
5016,4371.0,249,22215,26000.0,12,confirmed,Corporate Event,2022-01-09,Corporate,Monastir,Tunisie,3,0.0,0.0,200,500,Hotel
11879,14845.0,202,1983,25000.0,3,confirmed,Birthday,2025-08-15,Wedding,Monastir,Tunisie,5,0.0,0.0,200,500,Hotel
8800,14176.0,229,3480,24000.0,12,confirmed,Wedding,2022-01-13,Corporate,Monastir,Tunisie,4,0.0,0.0,200,500,Hotel
14741,7582.0,229,3480,20000.0,3,pending,Birthday,2022-11-01,Wedding,Monastir,Tunisie,3,0.0,0.0,200,500,Hotel
17312,12142.0,176,3661,22000.0,3,cancelled,Birthday,2023-08-09,Wedding,Monastir,Tunisie,2,0.0,0.0,200,500,Hotel
12232,501.0,155,66,19000.0,3,pending,Corporate Event,2024-11-16,Wedding,Monastir,Tunisie,5,0.0,0.0,200,500,Hotel
7602,4605.0,239,4101,15000.0,2,pending,Birthday,2023-08-09,Birthday,Monastir,Tunisie,1,0.0,0.0,200,500,Hotel
11701,2157.0,202,1983,17000.0,12,cancelled,Wedding,2022-06-26,Corporate,Monastir,Tunisie,2,0.0,0.0,200,500,Hotel
2444,14558.0,203,1417,15000.0,3,confirmed,Corporate Event,2022-10-15,Wedding,Monastir,Tunisie,5,0.0,0.0,200,500,Hotel
481,11572.0,249,22215,26000.0,3,confirmed,Corporate Event,2025-03-11,Wedding,Monastir,Tunisie,1,0.0,0.0,200,500,Hotel
14555,8904.0,42,3577,22000.0,2,cancelled,Wedding,2024-07-16,Birthday,Monastir,Tunisie,3,0.0,0.0,200,500,Hotel
3598,5045.0,252,1608,20000.0,16,cancelled,Birthday,2022-01-02,Wedding,Monastir,Tunisie,3,0.0,0.0,200,500,Hotel
15396,11254.0,229,3480,17000.0,12,confirmed,Corporate Event,2025-02-27,Corporate,Monastir,Tunisie,1,0.0,0.0,200,500,Hotel
16478,8809.0,298,962,15000.0,3,cancelled,Corporate Event,2025-12-19,Wedding,Monastir,Tunisie,3,0.0,0.0,200,500,Hotel
13598,1369.0,155,66,26000.0,2,pending,Birthday,2022-11-29,Birthday,Monastir,Tunisie,3,0.0,0.0,200,500,Hotel
4421,12560.0,252,1608,22000.0,3,confirmed,Corporate Event,2022-09-18,Wedding,Monastir,Tunisie,1,0.0,0.0,200,500,Hotel
3778,5061.0,252,1608,15000.0,3,confirmed,Corporate Event,2024-11-03,Wedding,Monastir,Tunisie,5,0.0,0.0,200,500,Hotel
10509,1177.0,203,1417,23000.0,12,confirmed,Birthday,2023-06-18,Corporate,Monastir,Tunisie,3,0.0,0.0,200,500,Hotel
9412,5860.0,252,1608,15000.0,3,pending,Corporate Event,2024-10-22,Wedding,Monastir,Tunisie,4,0.0,0.0,200,500,Hotel
1475,4946.0,42,3577,24000.0,3,pending,Corporate Event,2025-10-30,Wedding,Monastir,Tunisie,3,0.0,0.0,200,500,Hotel
6151,13638.0,176,3661,12000.0,16,confirmed,Corporate Event,2023-07-11,Wedding,Monastir,Tunisie,3,0.0,0.0,200,500,Hotel
16100,6721.0,203,1417,21000.0,16,confirmed,Birthday,2024-10-24,Wedding,Monastir,Tunisie,3,0.0,0.0,200,500,Hotel
17661,2076.0,298,962,20000.0,2,pending,Wedding,2023-03-30,Birthday,Monastir,Tunisie,4,0.0,0.0,200,500,Hotel
9171,14129.0,176,3661,22000.0,12,pending,Birthday,2024-01-30,Corporate,Monastir,Tunisie,1,0.0,0.0,200,500,Hotel
3587,10753.0,155,66,21000.0,12,confirmed,Corporate Event,2022-03-28,Corporate,Monastir,Tunisie,4,0.0,0.0,200,500,Hotel
6666,931.0,202,1983,24000.0,16,cancelled,Birthday,2025-02-19,Wedding,Monastir,Tunisie,1,0.0,0.0,200,500,Hotel
5580,14455.0,239,4101,22000.0,3,cancelled,Corporate Event,2023-03-04,Wedding,Monastir,Tunisie,5,0.0,0.0,200,500,Hotel
7052,12511.0,202,1983,15000.0,3,pending,Birthday,2024-10-02,Wedding,Monastir,Tunisie,1,0.0,0.0,200,500,Hotel
4241,7071.0,42,3577,15000.0,12,confirmed,Birthday,2025-02-10,Corporate,Monastir,Tunisie,4,0.0,0.0,200,500,Hotel
4504,5166.0,203,1258,26000.0,16,confirmed,Corporate Event,2023-01-05,Wedding,Monastir,Tunisie,4,0.0,0.0,200,500,Hotel
2817,14638.0,126,4896,22000.0,12,cancelled,Corporate Event,2024-06-03,Corporate,Monastir,Tunisie,3,0.0,0.0,200,500,Hotel
8845,204.0,176,3661,22000.0,12,confirmed,Corporate Event,2023-10-14,Corporate,Monastir,Tunisie,2,0.0,0.0,200,500,Hotel
11709,22660.0,249,22215,21000.0,12,confirmed,Birthday,2024-11-15,Corporate,Monastir,Tunisie,4,0.0,0.0,200,500,Hotel
11518,13392.0,202,1983,22000.0,2,cancelled,Birthday,2024-07-15,Birthday,Monastir,Tunisie,3,0.0,0.0,200,500,Hotel
1857,9545.0,155,66,25000.0,16,cancelled,Birthday,2024-07-26,Wedding,Monastir,Tunisie,4,0.0,0.0,200,500,Hotel
11770,7773.0,176,3661,25000.0,12,confirmed,Corporate Event,2022-10-13,Corporate,Monastir,Tunisie,3,0.0,0.0,200,500,Hotel
2902,13878.0,203,1417,19000.0,16,pending,Birthday,2024-08-11,Wedding,Monastir,Tunisie,5,0.0,0.0,200,500,Hotel
14660,10052.0,203,1417,22000.0,3,pending,Birthday,2023-11-26,Wedding,Monastir,Tunisie,3,0.0,0.0,200,500,Hotel
9222,13703.0,202,1983,20000.0,16,confirmed,Wedding,2025-06-29,Wedding,Monastir,Tunisie,5,0.0,0.0,200,500,Hotel
3574,1230.0,298,962,22000.0,3,pending,Corporate Event,2024-01-25,Wedding,Monastir,Tunisie,2,0.0,0.0,200,500,Hotel
11924,11576.0,203,1417,20000.0,12,pending,Birthday,2025-11-15,Corporate,Monastir,Tunisie,1,0.0,0.0,200,500,Hotel
63,11544.0,155,66,25000.0,2,pending,Corporate Event,2025-06-02,Wedding,Mahdia,Tunisie,2,0.0,0.0,200,400,Venues de mariage privées
15691,10118.0,249,22215,21000.0,0,confirmed,Birthday,2023-01-26,Birthday,Mahdia,Tunisie,5,0.0,0.0,200,400,Venues de mariage privées
10067,9279.0,126,4896,26000.0,0,confirmed,Birthday,2022-05-13,Birthday,Mahdia,Tunisie,3,0.0,0.0,200,400,Venues de mariage privées
4857,6072.0,126,4896,13000.0,2,confirmed,Corporate Event,2024-11-02,Wedding,Mahdia,Tunisie,2,0.0,0.0,200,400,Venues de mariage privées
17480,3242.0,126,4896,24000.0,2,confirmed,Corporate Event,2023-06-28,Wedding,Mahdia,Tunisie,2,0.0,0.0,200,400,Venues de mariage privées
10570,6703.0,202,1983,24000.0,0,confirmed,Birthday,2024-10-26,Birthday,Mahdia,Tunisie,1,0.0,0.0,200,400,Venues de mariage privées
15171,2188.0,229,3480,13000.0,0,cancelled,Wedding,2025-10-22,Birthday,Mahdia,Tunisie,3,0.0,0.0,200,400,Venues de mariage privées
17307,4835.0,155,66,23000.0,2,confirmed,Corporate Event,2025-03-23,Wedding,Mahdia,Tunisie,1,0.0,0.0,200,400,Venues de mariage privées
14715,1555.0,229,3480,25000.0,2,confirmed,Birthday,2024-05-11,Wedding,Mahdia,Tunisie,3,0.0,0.0,200,400,Venues de mariage privées
5070,10779.0,176,3661,25000.0,2,confirmed,Wedding,2024-11-10,Wedding,Mahdia,Tunisie,1,0.0,0.0,200,400,Venues de mariage privées
2465,1266.0,203,1417,17000.0,0,cancelled,Corporate Event,2023-09-14,Birthday,Mahdia,Tunisie,5,0.0,0.0,200,400,Venues de mariage privées
6782,1772.0,126,4896,22000.0,2,cancelled,Wedding,2022-06-15,Wedding,Mahdia,Tunisie,1,0.0,0.0,200,400,Venues de mariage privées
9470,2010.0,203,1258,25000.0,6,confirmed,Birthday,2024-08-08,Corporate,Mahdia,Tunisie,3,0.0,0.0,200,400,Venues de mariage privées
8509,4395.0,42,3577,23000.0,0,pending,Birthday,2022-08-13,Birthday,Mahdia,Tunisie,4,0.0,0.0,200,400,Venues de mariage privées
2880,6223.0,126,4896,20000.0,2,pending,Corporate Event,2022-12-13,Wedding,Mahdia,Tunisie,3,0.0,0.0,200,400,Venues de mariage privées
11875,6771.0,42,3577,26000.0,2,cancelled,Birthday,2024-05-14,Wedding,Mahdia,Tunisie,4,0.0,0.0,200,400,Venues de mariage privées
6169,4426.0,126,4896,22000.0,0,confirmed,Birthday,2022-12-29,Birthday,Mahdia,Tunisie,3,0.0,0.0,200,400,Venues de mariage privées
5918,7273.0,126,4896,19000.0,2,pending,Birthday,2022-12-03,Wedding,Mahdia,Tunisie,2,0.0,0.0,200,400,Venues de mariage privées
14099,446.0,126,4896,17000.0,2,confirmed,Corporate Event,2024-05-06,Wedding,Mahdia,Tunisie,4,0.0,0.0,200,400,Venues de mariage privées
761,9265.0,203,1417,20000.0,0,pending,Corporate Event,2022-10-11,Birthday,Mahdia,Tunisie,5,0.0,0.0,200,400,Venues de mariage privées
6579,1095.0,42,3577,22000.0,0,pending,Wedding,2025-12-17,Birthday,Mahdia,Tunisie,4,0.0,0.0,200,400,Venues de mariage privées
7004,7603.0,126,4896,13000.0,0,confirmed,Corporate Event,2025-08-16,Birthday,Mahdia,Tunisie,5,0.0,0.0,200,400,Venues de mariage privées
7317,2482.0,249,22215,25000.0,2,pending,Birthday,2022-12-20,Wedding,Mahdia,Tunisie,3,0.0,0.0,200,400,Venues de mariage privées
14838,6735.0,176,3661,17000.0,0,cancelled,Wedding,2023-08-13,Birthday,Mahdia,Tunisie,2,0.0,0.0,200,400,Venues de mariage privées
2461,6708.0,252,1608,19000.0,2,pending,Wedding,2022-06-27,Wedding,Mahdia,Tunisie,4,0.0,0.0,200,400,Venues de mariage privées
13534,6733.0,203,1417,12000.0,2,confirmed,Corporate Event,2023-07-21,Wedding,Mahdia,Tunisie,5,0.0,0.0,200,400,Venues de mariage privées
9478,11020.0,202,1983,12000.0,6,pending,Wedding,2025-09-06,Corporate,Mahdia,Tunisie,4,0.0,0.0,200,400,Venues de mariage privées
4037,64640.0,202,1983,26000.0,2,pending,Wedding,2024-02-25,Wedding,Mahdia,Tunisie,5,0.0,0.0,200,400,Venues de mariage privées
104,6814.0,229,3480,23000.0,2,confirmed,Birthday,2025-02-12,Wedding,Mahdia,Tunisie,4,0.0,0.0,200,400,Venues de mariage privées
5694,12751.0,252,1608,12000.0,2,cancelled,Wedding,2022-02-01,Wedding,Mahdia,Tunisie,1,0.0,0.0,200,400,Venues de mariage privées
11035,12485.0,298,962,21000.0,2,confirmed,Birthday,2025-10-21,Wedding,Mahdia,Tunisie,3,0.0,0.0,200,400,Venues de mariage privées
14714,8153.0,203,1258,25000.0,0,pending,Corporate Event,2024-03-15,Birthday,Mahdia,Tunisie,1,0.0,0.0,200,400,Venues de mariage privées
5009,13415.0,252,1608,12000.0,6,pending,Birthday,2025-03-14,Corporate,Mahdia,Tunisie,3,0.0,0.0,200,400,Venues de mariage privées
76,2883.0,203,1258,25000.0,0,cancelled,Birthday,2025-01-07,Birthday,Mahdia,Tunisie,5,0.0,0.0,200,400,Venues de mariage privées
6773,3569.0,239,4101,20000.0,6,pending,Birthday,2023-09-28,Corporate,Mahdia,Tunisie,3,0.0,0.0,200,400,Venues de mariage privées
1360,5856.0,252,1608,12000.0,0,pending,Corporate Event,2024-09-22,Birthday,Mahdia,Tunisie,2,0.0,0.0,200,400,Venues de mariage privées
13907,10842.0,239,4101,24000.0,0,pending,Wedding,2024-08-10,Birthday,Mahdia,Tunisie,3,0.0,0.0,200,400,Venues de mariage privées
5345,1451.0,252,1608,25000.0,2,cancelled,Birthday,2022-03-17,Wedding,Mahdia,Tunisie,3,0.0,0.0,200,400,Venues de mariage privées
5212,2306.0,249,22215,22000.0,0,pending,Wedding,2024-08-27,Birthday,Mahdia,Tunisie,4,0.0,0.0,200,400,Venues de mariage privées
4854,13946.0,155,66,13000.0,2,pending,Birthday,2024-01-07,Wedding,Mahdia,Tunisie,2,0.0,0.0,200,400,Venues de mariage privées
12947,12443.0,126,4896,23000.0,2,cancelled,Corporate Event,2022-03-27,Wedding,Mahdia,Tunisie,4,0.0,0.0,200,400,Venues de mariage privées
17862,2497.0,203,1258,25000.0,0,pending,Wedding,2022-11-24,Birthday,Mahdia,Tunisie,2,0.0,0.0,200,400,Venues de mariage privées
16358,13358.0,203,1258,25000.0,2,cancelled,Wedding,2022-07-02,Wedding,Mahdia,Tunisie,5,0.0,0.0,200,400,Venues de mariage privées
12914,7049.0,298,962,21000.0,2,cancelled,Corporate Event,2022-09-09,Wedding,Mahdia,Tunisie,2,0.0,0.0,200,400,Venues de mariage privées
6623,10405.0,155,66,15000.0,0,confirmed,Birthday,2024-11-04,Birthday,Mahdia,Tunisie,3,0.0,0.0,200,400,Venues de mariage privées
4360,3888.0,126,4896,26000.0,0,cancelled,Birthday,2024-07-26,Birthday,Mahdia,Tunisie,5,0.0,0.0,200,400,Venues de mariage privées
11598,10584.0,176,3661,19000.0,0,pending,Corporate Event,2023-01-18,Birthday,Mahdia,Tunisie,5,0.0,0.0,200,400,Venues de mariage privées
12105,268.0,176,3661,13000.0,2,confirmed,Corporate Event,2022-01-28,Wedding,Mahdia,Tunisie,3,0.0,0.0,200,400,Venues de mariage privées
447,4000.0,203,1417,19000.0,0,cancelled,Corporate Event,2023-04-11,Birthday,Mahdia,Tunisie,5,0.0,0.0,200,400,Venues de mariage privées
6848,3354.0,202,1983,24000.0,2,cancelled,Wedding,2025-05-23,Wedding,Mahdia,Tunisie,4,0.0,0.0,200,400,Venues de mariage privées
852,8749.0,126,4896,13000.0,2,confirmed,Birthday,2023-04-04,Wedding,Mahdia,Tunisie,4,0.0,0.0,200,400,Venues de mariage privées
8021,2103.0,249,22215,21000.0,2,pending,Wedding,2024-09-26,Wedding,Mahdia,Tunisie,1,0.0,0.0,200,400,Venues de mariage privées
9195,8069.0,203,1417,23000.0,0,confirmed,Wedding,2022-02-05,Birthday,Mahdia,Tunisie,2,0.0,0.0,200,400,Venues de mariage privées
13154,1604.0,229,3480,25000.0,2,pending,Wedding,2023-06-19,Wedding,Mahdia,Tunisie,4,0.0,0.0,200,400,Venues de mariage privées
6863,5282.0,42,3577,12000.0,6,pending,Corporate Event,2025-02-10,Corporate,Mahdia,Tunisie,3,0.0,0.0,200,400,Venues de mariage privées
5300,1236.0,126,4896,20000.0,2,confirmed,Corporate Event,2022-03-28,Wedding,Mahdia,Tunisie,2,0.0,0.0,200,400,Venues de mariage privées
592,10215.0,176,3661,23000.0,2,pending,Corporate Event,2024-02-01,Wedding,Mahdia,Tunisie,2,0.0,0.0,200,400,Venues de mariage privées
1223,6496.0,203,1258,15000.0,6,cancelled,Corporate Event,2024-02-25,Corporate,Mahdia,Tunisie,4,0.0,0.0,200,400,Venues de mariage privées
14030,4838.0,203,1258,25000.0,2,cancelled,Corporate Event,2024-05-10,Wedding,Mahdia,Tunisie,3,0.0,0.0,200,400,Venues de mariage privées
11503,4335.0,202,1983,24000.0,2,pending,Corporate Event,2022-09-19,Wedding,Mahdia,Tunisie,4,0.0,0.0,200,400,Venues de mariage privées
12897,6916.0,203,1258,20000.0,0,confirmed,Birthday,2025-06-23,Birthday,Mahdia,Tunisie,5,0.0,0.0,200,400,Venues de mariage privées
14391,7053.0,249,22215,12000.0,6,confirmed,Birthday,2025-07-07,Corporate,Mahdia,Tunisie,4,0.0,0.0,200,400,Venues de mariage privées
1964,1613.0,155,66,19000.0,6,pending,Birthday,2023-01-10,Corporate,Mahdia,Tunisie,1,0.0,0.0,200,400,Venues de mariage privées
10812,118510.0,298,962,26000.0,2,confirmed,Wedding,2024-12-25,Wedding,Mahdia,Tunisie,2,0.0,0.0,200,400,Venues de mariage privées
7383,6096.0,176,3661,17000.0,6,cancelled,Corporate Event,2025-08-21,Corporate,Mahdia,Tunisie,1,0.0,0.0,200,400,Venues de mariage privées
1528,2967.0,239,4101,25000.0,2,cancelled,Wedding,2022-04-28,Wedding,Mahdia,Tunisie,1,0.0,0.0,200,400,Venues de mariage privées
13438,8621.0,126,4896,20000.0,0,pending,Birthday,2022-09-19,Birthday,Mahdia,Tunisie,3,0.0,0.0,200,400,Venues de mariage privées
5391,69430.0,229,3480,17000.0,0,cancelled,Wedding,2025-03-23,Birthday,Mahdia,Tunisie,2,0.0,0.0,200,400,Venues de mariage privées
1046,4504.0,155,66,17000.0,0,cancelled,Wedding,2022-06-17,Birthday,Mahdia,Tunisie,1,0.0,0.0,200,400,Venues de mariage privées
1976,12721.0,203,1258,13000.0,2,cancelled,Corporate Event,2023-12-10,Wedding,Mahdia,Tunisie,1,0.0,0.0,200,400,Venues de mariage privées
13190,8563.0,203,1417,17000.0,2,confirmed,Birthday,2024-12-17,Wedding,Mahdia,Tunisie,5,0.0,0.0,200,400,Venues de mariage privées
3484,3638.0,42,3577,22000.0,6,cancelled,Corporate Event,2024-10-19,Corporate,Mahdia,Tunisie,4,0.0,0.0,200,400,Venues de mariage privées
10294,13153.0,202,1983,15000.0,2,cancelled,Wedding,2024-12-01,Wedding,Mahdia,Tunisie,1,0.0,0.0,200,400,Venues de mariage privées
5485,453.0,42,3577,24000.0,0,pending,Wedding,2022-01-01,Birthday,Mahdia,Tunisie,4,0.0,0.0,200,400,Venues de mariage privées
1435,11585.0,126,4896,22000.0,6,confirmed,Wedding,2025-08-04,Corporate,Mahdia,Tunisie,2,0.0,0.0,200,400,Venues de mariage privées
3582,547.0,229,3480,13000.0,2,confirmed,Corporate Event,2023-01-27,Wedding,Mahdia,Tunisie,3,0.0,0.0,200,400,Venues de mariage privées
12047,8835.0,249,22215,25000.0,2,pending,Corporate Event,2023-08-31,Wedding,Mahdia,Tunisie,4,0.0,0.0,200,400,Venues de mariage privées
16219,561.0,239,4101,26000.0,2,pending,Birthday,2022-12-29,Wedding,Mahdia,Tunisie,2,0.0,0.0,200,400,Venues de mariage privées
12769,10419.0,249,22215,15000.0,2,confirmed,Birthday,2022-11-22,Wedding,Mahdia,Tunisie,1,0.0,0.0,200,400,Venues de mariage privées
5903,5525.0,298,962,12000.0,0,cancelled,Corporate Event,2023-07-03,Birthday,Mahdia,Tunisie,3,0.0,0.0,200,400,Venues de mariage privées
4939,10262.0,229,3480,17000.0,0,pending,Wedding,2025-10-13,Birthday,Mahdia,Tunisie,1,0.0,0.0,200,400,Venues de mariage privées
17323,6432.0,202,1983,22000.0,2,pending,Corporate Event,2025-09-05,Wedding,Mahdia,Tunisie,1,0.0,0.0,200,400,Venues de mariage privées
16996,12101.0,239,4101,22000.0,6,cancelled,Wedding,2023-12-07,Corporate,Mahdia,Tunisie,4,0.0,0.0,200,400,Venues de mariage privées
9925,2580.0,239,4101,19000.0,2,confirmed,Birthday,2025-10-30,Wedding,Mahdia,Tunisie,4,0.0,0.0,200,400,Venues de mariage privées
17571,8149.0,176,3661,12000.0,6,cancelled,Birthday,2025-03-14,Corporate,Mahdia,Tunisie,4,0.0,0.0,200,400,Venues de mariage privées
9031,6106.0,202,1983,20000.0,6,confirmed,Wedding,2023-08-25,Corporate,Mahdia,Tunisie,4,0.0,0.0,200,400,Venues de mariage privées
1892,13638.0,155,66,26000.0,6,pending,Birthday,2023-03-12,Corporate,Mahdia,Tunisie,3,0.0,0.0,200,400,Venues de mariage privées
4456,4204.0,203,1258,25000.0,2,cancelled,Birthday,2023-01-31,Wedding,Mahdia,Tunisie,3,0.0,0.0,200,400,Venues de mariage privées
8008,5975.0,202,1983,19000.0,6,pending,Birthday,2023-05-09,Corporate,Mahdia,Tunisie,1,0.0,0.0,200,400,Venues de mariage privées
7648,8125.0,202,1983,20000.0,0,pending,Corporate Event,2022-07-09,Birthday,Mahdia,Tunisie,4,0.0,0.0,200,400,Venues de mariage privées
17737,6721.0,252,1608,22000.0,2,pending,Corporate Event,2025-10-13,Wedding,Mahdia,Tunisie,3,0.0,0.0,200,400,Venues de mariage privées
10572,11716.0,176,3661,12000.0,0,pending,Wedding,2024-03-05,Birthday,Mahdia,Tunisie,3,0.0,0.0,200,400,Venues de mariage privées
9106,5284.0,239,4101,26000.0,6,confirmed,Birthday,2023-05-21,Corporate,Mahdia,Tunisie,3,0.0,0.0,200,400,Venues de mariage privées
9921,8738.0,203,1258,22000.0,2,cancelled,Corporate Event,2023-07-08,Wedding,Mahdia,Tunisie,1,0.0,0.0,200,400,Venues de mariage privées
12269,314.0,126,4896,13000.0,0,cancelled,Birthday,2023-09-13,Birthday,Mahdia,Tunisie,1,0.0,0.0,200,400,Venues de mariage privées
4505,12851.0,203,1417,15000.0,2,cancelled,Corporate Event,2023-04-12,Wedding,Mahdia,Tunisie,2,0.0,0.0,200,400,Venues de mariage privées
4087,12548.0,42,3577,23000.0,0,confirmed,Birthday,2022-12-04,Birthday,Mahdia,Tunisie,5,0.0,0.0,200,400,Venues de mariage privées
17375,7595.0,202,1983,20000.0,0,pending,Birthday,2022-07-12,Birthday,Mahdia,Tunisie,3,0.0,0.0,200,400,Venues de mariage privées
11444,4719.0,155,66,22000.0,0,cancelled,Wedding,2022-04-30,Birthday,Mahdia,Tunisie,2,0.0,0.0,200,400,Venues de mariage privées
6560,1874.0,252,1608,25000.0,2,confirmed,Corporate Event,2024-05-12,Wedding,Mahdia,Tunisie,5,0.0,0.0,200,400,Venues de mariage privées
12878,6307.0,203,1417,19000.0,2,pending,Corporate Event,2025-09-12,Wedding,Mahdia,Tunisie,4,0.0,0.0,200,400,Venues de mariage privées
15475,5688.0,229,3480,15000.0,2,confirmed,Wedding,2024-10-15,Wedding,Mahdia,Tunisie,3,0.0,0.0,200,400,Venues de mariage privées
6432,2289.0,203,1258,15000.0,2,confirmed,Birthday,2023-09-06,Wedding,Mahdia,Tunisie,2,0.0,0.0,200,400,Venues de mariage privées
15299,8268.0,203,1417,26000.0,0,cancelled,Corporate Event,2022-08-07,Birthday,Mahdia,Tunisie,4,0.0,0.0,200,400,Venues de mariage privées
6896,9500.0,203,1417,12000.0,0,cancelled,Corporate Event,2023-09-25,Birthday,Mahdia,Tunisie,1,0.0,0.0,200,400,Venues de mariage privées
16115,11740.0,203,1258,23000.0,0,cancelled,Birthday,2025-02-27,Birthday,Mahdia,Tunisie,5,0.0,0.0,200,400,Venues de mariage privées
1288,1912.0,298,962,26000.0,2,confirmed,Wedding,2022-01-13,Wedding,Mahdia,Tunisie,2,0.0,0.0,200,400,Venues de mariage privées
15575,7088.0,202,1983,17000.0,0,pending,Wedding,2024-10-14,Birthday,Mahdia,Tunisie,1,0.0,0.0,200,400,Venues de mariage privées
10390,5927.0,176,3661,24000.0,6,confirmed,Birthday,2022-09-28,Corporate,Mahdia,Tunisie,5,0.0,0.0,200,400,Venues de mariage privées
14500,5842.0,203,1417,13000.0,0,pending,Wedding,2023-04-15,Birthday,Mahdia,Tunisie,3,0.0,0.0,200,400,Venues de mariage privées
7909,14153.0,252,1608,15000.0,2,confirmed,Birthday,2023-11-12,Wedding,Mahdia,Tunisie,5,0.0,0.0,200,400,Venues de mariage privées
14992,13031.0,203,1258,12000.0,2,cancelled,Birthday,2024-01-16,Wedding,Mahdia,Tunisie,1,0.0,0.0,200,400,Venues de mariage privées
12763,8620.0,249,22215,19000.0,2,cancelled,Wedding,2022-07-03,Wedding,Mahdia,Tunisie,5,0.0,0.0,200,400,Venues de mariage privées
9053,7785.0,239,4101,25000.0,2,confirmed,Birthday,2023-01-28,Wedding,Mahdia,Tunisie,3,0.0,0.0,200,400,Venues de mariage privées
8170,6042.0,203,1258,26000.0,2,pending,Corporate Event,2023-10-10,Wedding,Mahdia,Tunisie,2,0.0,0.0,200,400,Venues de mariage privées
14122,12688.0,239,4101,15000.0,2,confirmed,Wedding,2025-04-04,Wedding,Mahdia,Tunisie,3,0.0,0.0,200,400,Venues de mariage privées
12934,14673.0,249,22215,12000.0,2,confirmed,Birthday,2023-08-19,Wedding,Mahdia,Tunisie,3,0.0,0.0,200,400,Venues de mariage privées
8970,6012.0,249,22215,23000.0,6,cancelled,Corporate Event,2022-02-22,Corporate,Mahdia,Tunisie,2,0.0,0.0,200,400,Venues de mariage privées
15401,836.0,202,1983,26000.0,6,confirmed,Wedding,2024-12-13,Corporate,Mahdia,Tunisie,1,0.0,0.0,200,400,Venues de mariage privées
9703,7366.0,126,4896,23000.0,2,cancelled,Birthday,2022-08-12,Wedding,Mahdia,Tunisie,1,0.0,0.0,200,400,Venues de mariage privées
5363,12727.0,252,1608,21000.0,2,pending,Wedding,2024-05-21,Wedding,Mahdia,Tunisie,2,0.0,0.0,200,400,Venues de mariage privées
11973,12709.0,298,962,25000.0,2,pending,Birthday,2023-03-10,Wedding,Mahdia,Tunisie,3,0.0,0.0,200,400,Venues de mariage privées
7476,4236.0,42,3577,21000.0,2,pending,Wedding,2022-09-19,Wedding,Mahdia,Tunisie,4,0.0,0.0,200,400,Venues de mariage privées
16853,13761.0,203,1258,12000.0,0,pending,Corporate Event,2022-09-28,Birthday,Mahdia,Tunisie,3,0.0,0.0,200,400,Venues de mariage privées
2703,5240.0,249,22215,13000.0,6,pending,Wedding,2022-07-31,Corporate,Mahdia,Tunisie,4,0.0,0.0,200,400,Venues de mariage privées
17719,2996.0,252,1608,26000.0,0,pending,Birthday,2025-08-31,Birthday,Mahdia,Tunisie,5,0.0,0.0,200,400,Venues de mariage privées
12065,4050.0,42,3577,26000.0,0,confirmed,Wedding,2024-09-25,Birthday,Mahdia,Tunisie,2,0.0,0.0,200,400,Venues de mariage privées
12851,7725.0,202,1983,22000.0,2,cancelled,Birthday,2025-02-10,Wedding,Mahdia,Tunisie,4,0.0,0.0,200,400,Venues de mariage privées
2438,2808.0,249,22215,19000.0,0,confirmed,Birthday,2025-04-08,Birthday,Mahdia,Tunisie,2,0.0,0.0,200,400,Venues de mariage privées
13076,5530.0,239,4101,26000.0,2,cancelled,Corporate Event,2024-03-18,Wedding,Mahdia,Tunisie,3,0.0,0.0,200,400,Venues de mariage privées
9969,6403.0,298,962,26000.0,0,confirmed,Wedding,2025-03-25,Birthday,Mahdia,Tunisie,1,0.0,0.0,200,400,Venues de mariage privées
16289,8221.0,203,1417,13000.0,2,pending,Corporate Event,2024-07-15,Wedding,Mahdia,Tunisie,5,0.0,0.0,200,400,Venues de mariage privées
6131,11726.0,229,3480,19000.0,2,pending,Wedding,2023-04-15,Wedding,Mahdia,Tunisie,1,0.0,0.0,200,400,Venues de mariage privées
6102,3243.0,229,3480,17000.0,6,pending,Birthday,2025-04-03,Corporate,Mahdia,Tunisie,4,0.0,0.0,200,400,Venues de mariage privées
17511,7231.0,229,3480,21000.0,6,pending,Birthday,2025-07-01,Corporate,Mahdia,Tunisie,2,0.0,0.0,200,400,Venues de mariage privées
14320,14998.0,203,1258,24000.0,6,confirmed,Wedding,2023-05-07,Corporate,Mahdia,Tunisie,1,0.0,0.0,200,400,Venues de mariage privées
494,9051.0,42,3577,13000.0,2,cancelled,Birthday,2022-04-08,Wedding,Mahdia,Tunisie,3,0.0,0.0,200,400,Venues de mariage privées
11958,9021.0,239,4101,19000.0,0,cancelled,Corporate Event,2025-01-19,Birthday,Mahdia,Tunisie,4,0.0,0.0,200,400,Venues de mariage privées
4985,3920.0,155,66,25000.0,0,pending,Corporate Event,2024-04-12,Birthday,Mahdia,Tunisie,5,0.0,0.0,200,400,Venues de mariage privées
7748,10126.0,239,4101,23000.0,2,cancelled,Corporate Event,2024-02-21,Wedding,Mahdia,Tunisie,4,0.0,0.0,200,400,Venues de mariage privées
16022,1219.0,203,1417,19000.0,6,confirmed,Wedding,2022-08-26,Corporate,Mahdia,Tunisie,1,0.0,0.0,200,400,Venues de mariage privées
6640,3978.0,252,1608,15000.0,0,cancelled,Birthday,2023-12-22,Birthday,Mahdia,Tunisie,4,0.0,0.0,200,400,Venues de mariage privées
16103,9585.0,252,1608,20000.0,0,pending,Birthday,2022-11-24,Birthday,Mahdia,Tunisie,2,0.0,0.0,200,400,Venues de mariage privées
17783,4685.0,229,3480,24000.0,2,confirmed,Birthday,2023-01-04,Wedding,Mahdia,Tunisie,5,0.0,0.0,200,400,Venues de mariage privées
5748,12976.0,229,3480,19000.0,0,confirmed,Wedding,2022-03-21,Birthday,Mahdia,Tunisie,3,0.0,0.0,200,400,Venues de mariage privées
16159,14281.0,203,1417,24000.0,2,confirmed,Wedding,2022-05-17,Wedding,Mahdia,Tunisie,1,0.0,0.0,200,400,Venues de mariage privées
8776,3123.0,203,1417,26000.0,0,pending,Corporate Event,2025-12-05,Birthday,Mahdia,Tunisie,1,0.0,0.0,200,400,Venues de mariage privées
4978,8481.0,42,3577,15000.0,6,pending,Birthday,2024-10-06,Corporate,Mahdia,Tunisie,5,0.0,0.0,200,400,Venues de mariage privées
13220,14331.0,126,4896,22000.0,2,pending,Wedding,2023-11-19,Wedding,Mahdia,Tunisie,4,0.0,0.0,200,400,Venues de mariage privées
9660,9955.0,203,1417,23000.0,6,confirmed,Corporate Event,2025-03-12,Corporate,Mahdia,Tunisie,3,0.0,0.0,200,400,Venues de mariage privées
14605,11299.0,229,3480,23000.0,2,confirmed,Birthday,2023-06-13,Wedding,Mahdia,Tunisie,1,0.0,0.0,200,400,Venues de mariage privées
6630,3910.0,203,1417,26000.0,0,confirmed,Birthday,2023-09-20,Birthday,Mahdia,Tunisie,1,0.0,0.0,200,400,Venues de mariage privées
7816,10258.0,239,4101,26000.0,6,cancelled,Birthday,2025-06-01,Corporate,Mahdia,Tunisie,5,0.0,0.0,200,400,Venues de mariage privées
16950,647.0,203,1258,17000.0,0,pending,Corporate Event,2025-10-17,Birthday,Mahdia,Tunisie,2,0.0,0.0,200,400,Venues de mariage privées
6090,7228.0,155,66,26000.0,0,confirmed,Corporate Event,2024-02-08,Birthday,Mahdia,Tunisie,1,0.0,0.0,200,400,Venues de mariage privées
3281,14124.0,203,1417,25000.0,2,cancelled,Birthday,2024-12-01,Wedding,Mahdia,Tunisie,1,0.0,0.0,200,400,Venues de mariage privées
606,6611.0,126,4896,15000.0,2,pending,Wedding,2025-05-11,Wedding,Mahdia,Tunisie,2,0.0,0.0,200,400,Venues de mariage privées
2110,14853.0,252,1608,12000.0,0,confirmed,Corporate Event,2024-01-28,Birthday,Mahdia,Tunisie,1,0.0,0.0,200,400,Venues de mariage privées
7916,12464.0,252,1608,21000.0,6,cancelled,Corporate Event,2024-04-09,Corporate,Mahdia,Tunisie,5,0.0,0.0,200,400,Venues de mariage privées
9579,10649.0,252,1608,12000.0,0,pending,Birthday,2024-01-28,Birthday,Mahdia,Tunisie,4,0.0,0.0,200,400,Venues de mariage privées
3017,1523.0,202,1983,21000.0,6,pending,Corporate Event,2023-03-30,Corporate,Mahdia,Tunisie,4,0.0,0.0,200,400,Venues de mariage privées
3167,12119.0,176,3661,20000.0,0,confirmed,Birthday,2024-06-27,Birthday,Mahdia,Tunisie,2,0.0,0.0,200,400,Venues de mariage privées
17244,9051.0,42,3577,24000.0,2,confirmed,Birthday,2024-12-11,Wedding,Mahdia,Tunisie,3,0.0,0.0,200,400,Venues de mariage privées
17675,12594.0,176,3661,19000.0,2,pending,Corporate Event,2023-09-04,Wedding,Mahdia,Tunisie,5,0.0,0.0,200,400,Venues de mariage privées
10639,4803.0,298,962,17000.0,2,cancelled,Corporate Event,2023-01-30,Wedding,Mahdia,Tunisie,1,0.0,0.0,200,400,Venues de mariage privées
11629,9321.0,203,1417,12000.0,2,cancelled,Birthday,2023-05-20,Wedding,Mahdia,Tunisie,5,0.0,0.0,200,400,Venues de mariage privées
16329,8615.0,203,1258,24000.0,2,cancelled,Corporate Event,2024-05-14,Wedding,Mahdia,Tunisie,4,0.0,0.0,200,400,Venues de mariage privées
3902,5075.0,252,1608,13000.0,2,cancelled,Corporate Event,2022-05-29,Wedding,Mahdia,Tunisie,5,0.0,0.0,200,400,Venues de mariage privées
17909,1378.0,252,1608,25000.0,6,cancelled,Birthday,2023-07-07,Corporate,Mahdia,Tunisie,5,0.0,0.0,200,400,Venues de mariage privées
7601,12612.0,203,1417,25000.0,6,cancelled,Corporate Event,2023-06-09,Corporate,Mahdia,Tunisie,5,0.0,0.0,200,400,Venues de mariage privées
5495,1800.0,202,1983,25000.0,0,cancelled,Birthday,2023-01-07,Birthday,Mahdia,Tunisie,3,0.0,0.0,200,400,Venues de mariage privées
9227,5638.0,202,1983,17000.0,2,pending,Corporate Event,2024-10-28,Wedding,Mahdia,Tunisie,2,0.0,0.0,200,400,Venues de mariage privées
4198,8271.0,155,66,26000.0,6,pending,Birthday,2022-10-13,Corporate,Mahdia,Tunisie,5,0.0,0.0,200,400,Venues de mariage privées
5360,2541.0,298,962,12000.0,0,pending,Corporate Event,2024-08-13,Birthday,Mahdia,Tunisie,1,0.0,0.0,200,400,Venues de mariage privées
10232,10198.0,252,1608,25000.0,2,cancelled,Wedding,2023-02-23,Wedding,Mahdia,Tunisie,4,0.0,0.0,200,400,Venues de mariage privées
13537,3564.0,229,3480,12000.0,2,confirmed,Birthday,2024-12-23,Wedding,Mahdia,Tunisie,2,0.0,0.0,200,400,Venues de mariage privées
16725,608.0,203,1258,26000.0,0,cancelled,Birthday,2025-09-17,Birthday,Mahdia,Tunisie,1,0.0,0.0,200,400,Venues de mariage privées
2923,10235.0,229,3480,19000.0,6,pending,Corporate Event,2025-04-26,Corporate,Mahdia,Tunisie,1,0.0,0.0,200,400,Venues de mariage privées
6068,7196.0,249,22215,20000.0,0,confirmed,Wedding,2022-06-16,Birthday,Mahdia,Tunisie,3,0.0,0.0,200,400,Venues de mariage privées
1643,13879.0,298,962,22000.0,2,pending,Wedding,2025-09-17,Wedding,Mahdia,Tunisie,2,0.0,0.0,200,400,Venues de mariage privées
17834,996.0,42,3577,26000.0,0,confirmed,Birthday,2025-10-23,Birthday,Mahdia,Tunisie,4,0.0,0.0,200,400,Venues de mariage privées
6343,11065.0,298,962,25000.0,2,pending,Wedding,2025-03-20,Wedding,Mahdia,Tunisie,2,0.0,0.0,200,400,Venues de mariage privées
424,7737.0,249,22215,12000.0,2,cancelled,Corporate Event,2023-10-15,Wedding,Mahdia,Tunisie,1,0.0,0.0,200,400,Venues de mariage privées
10321,1983.0,252,1608,22000.0,6,confirmed,Corporate Event,2024-09-26,Corporate,Mahdia,Tunisie,4,0.0,0.0,200,400,Venues de mariage privées
13573,8265.0,155,66,17000.0,0,confirmed,Birthday,2023-03-09,Birthday,Mahdia,Tunisie,5,0.0,0.0,200,400,Venues de mariage privées
894,14860.0,202,1983,12000.0,0,pending,Wedding,2025-03-18,Birthday,Mahdia,Tunisie,1,0.0,0.0,200,400,Venues de mariage privées
1084,11990.0,229,3480,26000.0,0,confirmed,Birthday,2022-09-03,Birthday,Mahdia,Tunisie,2,0.0,0.0,200,400,Venues de mariage privées
16332,716.0,298,962,19000.0,0,confirmed,Corporate Event,2024-10-23,Birthday,Mahdia,Tunisie,3,0.0,0.0,200,400,Venues de mariage privées
12626,6363.0,203,1417,26000.0,2,cancelled,Birthday,2024-10-09,Wedding,Mahdia,Tunisie,3,0.0,0.0,200,400,Venues de mariage privées
15606,730.0,202,1983,24000.0,2,cancelled,Wedding,2025-05-29,Wedding,Mahdia,Tunisie,2,0.0,0.0,200,400,Venues de mariage privées
14335,1925.0,229,3480,21000.0,2,cancelled,Corporate Event,2022-01-06,Wedding,Mahdia,Tunisie,4,0.0,0.0,200,400,Venues de mariage privées
15226,2717.0,176,3661,17000.0,0,confirmed,Birthday,2024-04-25,Birthday,Mahdia,Tunisie,4,0.0,0.0,200,400,Venues de mariage privées
17768,12020.0,252,1608,26000.0,0,confirmed,Corporate Event,2023-10-13,Birthday,Mahdia,Tunisie,4,0.0,0.0,200,400,Venues de mariage privées
10775,12676.0,176,3661,17000.0,2,cancelled,Corporate Event,2022-12-21,Wedding,Mahdia,Tunisie,1,0.0,0.0,200,400,Venues de mariage privées
7418,5024.0,203,1258,20000.0,6,cancelled,Wedding,2022-07-03,Corporate,Mahdia,Tunisie,5,0.0,0.0,200,400,Venues de mariage privées
15565,14028.0,229,3480,13000.0,6,pending,Corporate Event,2022-05-11,Corporate,Mahdia,Tunisie,2,0.0,0.0,200,400,Venues de mariage privées
11721,3816.0,126,4896,23000.0,2,pending,Birthday,2023-09-07,Wedding,Mahdia,Tunisie,1,0.0,0.0,200,400,Venues de mariage privées
16841,1390.0,298,962,12000.0,2,pending,Birthday,2023-09-01,Wedding,Mahdia,Tunisie,5,0.0,0.0,200,400,Venues de mariage privées
4964,9375.0,298,962,21000.0,2,confirmed,Wedding,2025-04-02,Wedding,Mahdia,Tunisie,1,0.0,0.0,200,400,Venues de mariage privées
6146,4807.0,203,1258,20000.0,2,confirmed,Corporate Event,2022-04-28,Wedding,Mahdia,Tunisie,3,0.0,0.0,200,400,Venues de mariage privées
3130,2854.0,176,3661,20000.0,2,confirmed,Corporate Event,2023-12-20,Wedding,Mahdia,Tunisie,1,0.0,0.0,200,400,Venues de mariage privées
591,14459.0,298,962,13000.0,0,confirmed,Birthday,2024-06-15,Birthday,Mahdia,Tunisie,3,0.0,0.0,200,400,Venues de mariage privées
9228,9493.0,298,962,25000.0,2,cancelled,Wedding,2024-09-06,Wedding,Mahdia,Tunisie,1,0.0,0.0,200,400,Venues de mariage privées
12424,12625.0,252,1608,24000.0,0,pending,Corporate Event,2025-12-11,Birthday,Mahdia,Tunisie,4,0.0,0.0,200,400,Venues de mariage privées
15900,6798.0,252,1608,22000.0,2,confirmed,Corporate Event,2025-05-01,Wedding,Mahdia,Tunisie,1,0.0,0.0,200,400,Venues de mariage privées
2704,13938.0,126,4896,26000.0,0,pending,Wedding,2023-05-15,Birthday,Mahdia,Tunisie,4,0.0,0.0,200,400,Venues de mariage privées
10438,4144.0,126,4896,24000.0,6,cancelled,Wedding,2025-04-18,Corporate,Mahdia,Tunisie,3,0.0,0.0,200,400,Venues de mariage privées
3278,10855.0,229,3480,17000.0,0,confirmed,Wedding,2022-01-22,Birthday,Mahdia,Tunisie,1,0.0,0.0,200,400,Venues de mariage privées
2336,3739.0,239,4101,26000.0,0,cancelled,Corporate Event,2023-09-14,Birthday,Mahdia,Tunisie,3,0.0,0.0,200,400,Venues de mariage privées
5214,2183.0,203,1417,23000.0,2,pending,Birthday,2022-10-23,Wedding,Mahdia,Tunisie,1,0.0,0.0,200,400,Venues de mariage privées
1527,8361.0,42,3577,20000.0,2,pending,Birthday,2024-12-08,Wedding,Mahdia,Tunisie,3,0.0,0.0,200,400,Venues de mariage privées
4079,1374.0,229,3480,21000.0,2,pending,Corporate Event,2023-03-25,Wedding,Mahdia,Tunisie,5,0.0,0.0,200,400,Venues de mariage privées
15904,10280.0,155,66,12000.0,2,confirmed,Corporate Event,2023-01-15,Wedding,Mahdia,Tunisie,1,0.0,0.0,200,400,Venues de mariage privées
14525,7487.0,126,4896,15000.0,2,cancelled,Birthday,2024-12-02,Wedding,Mahdia,Tunisie,2,0.0,0.0,200,400,Venues de mariage privées
13339,14615.0,203,1417,12000.0,0,confirmed,Birthday,2022-10-04,Birthday,Mahdia,Tunisie,2,0.0,0.0,200,400,Venues de mariage privées
10025,7337.0,126,4896,22000.0,2,cancelled,Corporate Event,2024-11-13,Wedding,Mahdia,Tunisie,5,0.0,0.0,200,400,Venues de mariage privées
3652,13506.0,229,3480,17000.0,2,cancelled,Wedding,2022-10-03,Wedding,Mahdia,Tunisie,3,0.0,0.0,200,400,Venues de mariage privées
14510,9102.0,176,3661,12000.0,2,confirmed,Birthday,2025-12-26,Wedding,Mahdia,Tunisie,2,0.0,0.0,200,400,Venues de mariage privées
6140,11467.0,249,22215,15000.0,6,cancelled,Corporate Event,2023-06-30,Corporate,Mahdia,Tunisie,5,0.0,0.0,200,400,Venues de mariage privées
6823,10374.0,42,3577,22000.0,2,confirmed,Birthday,2025-11-01,Wedding,Mahdia,Tunisie,4,0.0,0.0,200,400,Venues de mariage privées
8760,3612.0,42,3577,17000.0,6,confirmed,Corporate Event,2023-11-14,Corporate,Mahdia,Tunisie,2,0.0,0.0,200,400,Venues de mariage privées
5242,9974.0,155,66,22000.0,2,confirmed,Wedding,2024-06-25,Wedding,Mahdia,Tunisie,4,0.0,0.0,200,400,Venues de mariage privées
7872,9068.0,298,962,25000.0,2,cancelled,Birthday,2024-12-16,Wedding,Mahdia,Tunisie,5,0.0,0.0,200,400,Venues de mariage privées
5997,14872.0,126,4896,24000.0,0,confirmed,Birthday,2023-02-07,Birthday,Mahdia,Tunisie,2,0.0,0.0,200,400,Venues de mariage privées
9091,3445.0,176,3661,25000.0,2,pending,Corporate Event,2022-07-22,Wedding,Mahdia,Tunisie,1,0.0,0.0,200,400,Venues de mariage privées
5887,14299.0,126,4896,15000.0,0,pending,Corporate Event,2024-04-14,Birthday,Mahdia,Tunisie,1,0.0,0.0,200,400,Venues de mariage privées
2210,14261.0,203,1417,12000.0,10,confirmed,Wedding,2023-03-14,Birthday,Sfax,Tunisie,5,0.0,0.0,200,500,Hotel
7016,816.0,42,3577,17000.0,16,cancelled,Corporate Event,2022-04-08,Wedding,Sfax,Tunisie,5,0.0,0.0,200,500,Hotel
4489,4030.0,252,1608,13000.0,0,cancelled,Corporate Event,2022-11-24,Wedding,Sfax,Tunisie,4,0.0,0.0,200,500,Hotel
10748,4102.0,249,22215,26000.0,10,cancelled,Wedding,2022-06-17,Birthday,Sfax,Tunisie,2,0.0,0.0,200,500,Hotel
3949,8664.0,202,1983,23000.0,0,confirmed,Corporate Event,2024-08-18,Wedding,Sfax,Tunisie,3,0.0,0.0,200,500,Hotel
10335,5560.0,298,962,12000.0,10,confirmed,Corporate Event,2024-08-27,Birthday,Sfax,Tunisie,3,0.0,0.0,200,500,Hotel
9584,1150.0,298,962,26000.0,0,pending,Wedding,2023-08-13,Wedding,Sfax,Tunisie,3,0.0,0.0,200,500,Hotel
10520,13056.0,126,4896,12000.0,10,confirmed,Birthday,2023-09-24,Birthday,Sfax,Tunisie,1,0.0,0.0,200,500,Hotel
9792,10291.0,126,4896,17000.0,0,cancelled,Wedding,2025-07-10,Wedding,Sfax,Tunisie,3,0.0,0.0,200,500,Hotel
11653,11511.0,176,3661,26000.0,10,pending,Wedding,2023-04-18,Birthday,Sfax,Tunisie,2,0.0,0.0,200,500,Hotel
12779,6075.0,155,66,23000.0,3,confirmed,Wedding,2025-04-04,Corporate,Sfax,Tunisie,4,0.0,0.0,200,500,Hotel
6546,787.0,203,1258,19000.0,16,cancelled,Wedding,2023-09-20,Wedding,Sfax,Tunisie,4,0.0,0.0,200,500,Hotel
5455,2766.0,239,4101,13000.0,10,cancelled,Birthday,2025-12-08,Birthday,Sfax,Tunisie,1,0.0,0.0,200,500,Hotel
11567,12187.0,202,1983,20000.0,0,cancelled,Birthday,2022-02-16,Wedding,Sfax,Tunisie,2,0.0,0.0,200,500,Hotel
1613,92180.0,42,3577,12000.0,0,pending,Birthday,2023-04-11,Wedding,Sfax,Tunisie,5,0.0,0.0,200,500,Hotel
5718,8460.0,202,1983,15000.0,10,confirmed,Birthday,2024-10-16,Birthday,Sfax,Tunisie,4,0.0,0.0,200,500,Hotel
9449,7187.0,298,962,12000.0,10,pending,Birthday,2023-01-27,Birthday,Sfax,Tunisie,1,0.0,0.0,200,500,Hotel
17707,6746.0,176,3661,13000.0,16,pending,Corporate Event,2023-05-30,Wedding,Sfax,Tunisie,1,0.0,0.0,200,500,Hotel
9580,14400.0,298,962,17000.0,0,pending,Birthday,2024-01-18,Wedding,Sfax,Tunisie,1,0.0,0.0,200,500,Hotel
8644,484.0,239,4101,12000.0,16,confirmed,Wedding,2025-08-07,Wedding,Sfax,Tunisie,5,0.0,0.0,200,500,Hotel
3647,478.0,42,3577,15000.0,0,cancelled,Birthday,2022-08-09,Wedding,Sfax,Tunisie,3,0.0,0.0,200,500,Hotel
5066,13003.0,239,4101,24000.0,16,cancelled,Corporate Event,2022-04-23,Wedding,Sfax,Tunisie,3,0.0,0.0,200,500,Hotel
14999,499.0,176,3661,13000.0,0,pending,Wedding,2025-06-14,Wedding,Sfax,Tunisie,1,0.0,0.0,200,500,Hotel
9346,9113.0,126,4896,25000.0,0,confirmed,Wedding,2025-09-07,Wedding,Sfax,Tunisie,3,0.0,0.0,200,500,Hotel
11172,8413.0,176,3661,24000.0,10,pending,Birthday,2025-06-07,Birthday,Sfax,Tunisie,1,0.0,0.0,200,500,Hotel
5325,12444.0,203,1417,12000.0,3,cancelled,Birthday,2024-12-02,Corporate,Sfax,Tunisie,4,0.0,0.0,200,500,Hotel
9448,3844.0,298,962,25000.0,3,pending,Corporate Event,2022-09-12,Corporate,Sfax,Tunisie,4,0.0,0.0,200,500,Hotel
12219,10784.0,202,1983,24000.0,10,pending,Birthday,2022-07-24,Birthday,Sfax,Tunisie,5,0.0,0.0,200,500,Hotel
4762,5109.0,239,4101,12000.0,0,pending,Wedding,2023-10-02,Wedding,Sfax,Tunisie,5,0.0,0.0,200,500,Hotel
274,4936.0,229,3480,26000.0,0,cancelled,Birthday,2023-03-23,Wedding,Sfax,Tunisie,4,0.0,0.0,200,500,Hotel
10053,12656.0,203,1258,24000.0,16,cancelled,Birthday,2024-07-24,Wedding,Sfax,Tunisie,3,0.0,0.0,200,500,Hotel
16078,4876.0,249,22215,23000.0,0,confirmed,Wedding,2025-10-19,Wedding,Sfax,Tunisie,1,0.0,0.0,200,500,Hotel
6821,3796.0,42,3577,15000.0,10,pending,Corporate Event,2023-01-08,Birthday,Sfax,Tunisie,1,0.0,0.0,200,500,Hotel
2477,5561.0,229,3480,12000.0,0,cancelled,Birthday,2025-09-22,Wedding,Sfax,Tunisie,1,0.0,0.0,200,500,Hotel
15558,11278.0,298,962,26000.0,0,pending,Corporate Event,2022-04-23,Wedding,Sfax,Tunisie,5,0.0,0.0,200,500,Hotel
5837,262.0,126,4896,22000.0,16,cancelled,Corporate Event,2022-09-07,Wedding,Sfax,Tunisie,3,0.0,0.0,200,500,Hotel
15116,1400.0,155,66,24000.0,0,cancelled,Wedding,2022-04-18,Wedding,Sfax,Tunisie,4,0.0,0.0,200,500,Hotel
853,11414.0,126,4896,17000.0,10,confirmed,Wedding,2025-03-26,Birthday,Sfax,Tunisie,5,0.0,0.0,200,500,Hotel
9208,12116.0,249,22215,20000.0,3,cancelled,Birthday,2023-11-28,Corporate,Sfax,Tunisie,4,0.0,0.0,200,500,Hotel
1771,7847.0,229,3480,23000.0,3,cancelled,Corporate Event,2024-05-17,Corporate,Sfax,Tunisie,2,0.0,0.0,200,500,Hotel
903,3193.0,252,1608,24000.0,0,pending,Corporate Event,2024-02-26,Wedding,Sfax,Tunisie,2,0.0,0.0,200,500,Hotel
7604,978.0,239,4101,17000.0,16,confirmed,Birthday,2024-03-18,Wedding,Sfax,Tunisie,3,0.0,0.0,200,500,Hotel
4843,3869.0,176,3661,24000.0,10,cancelled,Corporate Event,2023-02-24,Birthday,Sfax,Tunisie,3,0.0,0.0,200,500,Hotel
5717,13250.0,252,1608,12000.0,0,cancelled,Corporate Event,2022-08-02,Wedding,Sfax,Tunisie,1,0.0,0.0,200,500,Hotel
1398,8443.0,298,962,19000.0,10,cancelled,Birthday,2023-07-20,Birthday,Sfax,Tunisie,3,0.0,0.0,200,500,Hotel
5847,6347.0,126,4896,23000.0,16,confirmed,Birthday,2025-10-04,Wedding,Sfax,Tunisie,2,0.0,0.0,200,500,Hotel
5396,7920.0,176,3661,19000.0,10,confirmed,Corporate Event,2023-11-03,Birthday,Sfax,Tunisie,1,0.0,0.0,200,500,Hotel
8714,9429.0,176,3661,23000.0,3,pending,Wedding,2022-12-17,Corporate,Sfax,Tunisie,2,0.0,0.0,200,500,Hotel
14772,13611.0,42,3577,26000.0,10,pending,Corporate Event,2024-11-09,Birthday,Sfax,Tunisie,1,0.0,0.0,200,500,Hotel
5565,4900.0,202,1983,13000.0,0,cancelled,Wedding,2022-03-25,Wedding,Sfax,Tunisie,2,0.0,0.0,200,500,Hotel
17527,3402.0,249,22215,21000.0,16,pending,Birthday,2024-05-23,Wedding,Sfax,Tunisie,1,0.0,0.0,200,500,Hotel
16184,7837.0,239,4101,20000.0,0,cancelled,Corporate Event,2024-12-15,Wedding,Sfax,Tunisie,4,0.0,0.0,200,500,Hotel
3196,10981.0,42,3577,15000.0,3,confirmed,Wedding,2025-07-12,Corporate,Sfax,Tunisie,1,0.0,0.0,200,500,Hotel
1962,98610.0,229,3480,24000.0,16,pending,Wedding,2023-03-23,Wedding,Sfax,Tunisie,3,0.0,0.0,200,500,Hotel
5057,3166.0,249,22215,26000.0,0,confirmed,Birthday,2023-01-14,Wedding,Sfax,Tunisie,3,0.0,0.0,200,500,Hotel
11054,14381.0,126,4896,23000.0,0,cancelled,Birthday,2023-06-20,Wedding,Sfax,Tunisie,3,0.0,0.0,200,500,Hotel
3360,10309.0,298,962,15000.0,0,confirmed,Corporate Event,2024-02-24,Wedding,Sfax,Tunisie,4,0.0,0.0,200,500,Hotel
17694,3370.0,252,1608,12000.0,3,cancelled,Corporate Event,2022-03-06,Corporate,Sfax,Tunisie,1,0.0,0.0,200,500,Hotel
4750,6977.0,229,3480,17000.0,0,cancelled,Birthday,2022-09-05,Wedding,Sfax,Tunisie,1,0.0,0.0,200,500,Hotel
3316,3253.0,155,66,26000.0,3,confirmed,Birthday,2025-09-02,Corporate,Sfax,Tunisie,5,0.0,0.0,200,500,Hotel
7099,1427.0,252,1608,19000.0,16,pending,Corporate Event,2022-09-27,Wedding,Sfax,Tunisie,2,0.0,0.0,200,500,Hotel
6186,292.0,249,22215,12000.0,0,confirmed,Corporate Event,2025-06-27,Wedding,Sfax,Tunisie,2,0.0,0.0,200,500,Hotel
16609,14997.0,239,4101,21000.0,16,confirmed,Corporate Event,2025-08-03,Wedding,Sfax,Tunisie,3,0.0,0.0,200,500,Hotel
17097,2330.0,42,3577,26000.0,10,pending,Wedding,2024-02-24,Birthday,Sfax,Tunisie,5,0.0,0.0,200,500,Hotel
17519,10574.0,202,1983,24000.0,0,confirmed,Wedding,2024-08-08,Wedding,Sfax,Tunisie,5,0.0,0.0,200,500,Hotel
6258,14061.0,239,4101,25000.0,0,cancelled,Corporate Event,2023-07-23,Wedding,Sfax,Tunisie,2,0.0,0.0,200,500,Hotel
8582,13437.0,176,3661,26000.0,3,confirmed,Wedding,2022-09-11,Corporate,Sfax,Tunisie,1,0.0,0.0,200,500,Hotel
11556,3014.0,155,66,20000.0,10,pending,Wedding,2024-08-27,Birthday,Sfax,Tunisie,2,0.0,0.0,200,500,Hotel
65,8753.0,252,1608,25000.0,16,cancelled,Corporate Event,2023-12-11,Wedding,Sfax,Tunisie,1,0.0,0.0,200,500,Hotel
17411,2848.0,126,4896,21000.0,0,pending,Birthday,2023-01-12,Wedding,Sfax,Tunisie,1,0.0,0.0,200,500,Hotel
264,4329.0,249,22215,12000.0,16,pending,Corporate Event,2024-11-03,Wedding,Sfax,Tunisie,3,0.0,0.0,200,500,Hotel
769,14766.0,203,1417,22000.0,3,pending,Wedding,2024-02-10,Corporate,Sfax,Tunisie,4,0.0,0.0,200,500,Hotel
3625,13440.0,155,66,17000.0,10,confirmed,Wedding,2024-09-26,Birthday,Sfax,Tunisie,3,0.0,0.0,200,500,Hotel
3920,9839.0,126,4896,19000.0,0,cancelled,Wedding,2022-05-16,Wedding,Sfax,Tunisie,4,0.0,0.0,200,500,Hotel
9503,581.0,155,66,24000.0,3,confirmed,Corporate Event,2024-10-20,Corporate,Sfax,Tunisie,2,0.0,0.0,200,500,Hotel
7370,6737.0,298,962,25000.0,16,cancelled,Wedding,2024-04-01,Wedding,Sfax,Tunisie,2,0.0,0.0,200,500,Hotel
9707,3572.0,298,962,22000.0,16,confirmed,Corporate Event,2022-10-12,Wedding,Sfax,Tunisie,4,0.0,0.0,200,500,Hotel
17430,2754.0,239,4101,26000.0,3,cancelled,Corporate Event,2024-07-31,Corporate,Sfax,Tunisie,2,0.0,0.0,200,500,Hotel
17389,13986.0,42,3577,17000.0,0,pending,Birthday,2023-06-04,Wedding,Sfax,Tunisie,4,0.0,0.0,200,500,Hotel
12068,5412.0,42,3577,24000.0,3,confirmed,Wedding,2022-12-15,Corporate,Sfax,Tunisie,4,0.0,0.0,200,500,Hotel
5742,12519.0,202,1983,12000.0,10,pending,Birthday,2022-05-09,Birthday,Sfax,Tunisie,1,0.0,0.0,200,500,Hotel
13699,14507.0,203,1417,15000.0,10,pending,Wedding,2023-05-30,Birthday,Sfax,Tunisie,2,0.0,0.0,200,500,Hotel
6756,10160.0,249,22215,21000.0,16,cancelled,Wedding,2025-02-19,Wedding,Sfax,Tunisie,4,0.0,0.0,200,500,Hotel
486,4969.0,126,4896,25000.0,16,pending,Wedding,2022-01-15,Wedding,Sfax,Tunisie,1,0.0,0.0,200,500,Hotel
3820,5413.0,239,4101,20000.0,0,cancelled,Birthday,2022-06-14,Wedding,Sfax,Tunisie,2,0.0,0.0,200,500,Hotel
12697,8171.0,126,4896,25000.0,3,cancelled,Wedding,2023-11-16,Corporate,Sfax,Tunisie,5,0.0,0.0,200,500,Hotel
11307,6544.0,155,66,20000.0,16,cancelled,Birthday,2022-04-27,Wedding,Sfax,Tunisie,5,0.0,0.0,200,500,Hotel
12124,10019.0,202,1983,26000.0,3,cancelled,Wedding,2022-07-14,Corporate,Sfax,Tunisie,2,0.0,0.0,200,500,Hotel
1494,4223.0,203,1417,24000.0,0,confirmed,Birthday,2025-12-16,Wedding,Sfax,Tunisie,2,0.0,0.0,200,500,Hotel
893,9159.0,229,3480,17000.0,10,cancelled,Wedding,2022-02-06,Birthday,Sfax,Tunisie,2,0.0,0.0,200,500,Hotel
3183,13097.0,42,3577,19000.0,0,confirmed,Birthday,2025-12-28,Wedding,Sfax,Tunisie,2,0.0,0.0,200,500,Hotel
8495,7356.0,155,66,26000.0,0,confirmed,Birthday,2024-07-05,Wedding,Sfax,Tunisie,4,0.0,0.0,200,500,Hotel
14551,7963.0,202,1983,26000.0,16,confirmed,Wedding,2022-07-30,Wedding,Sfax,Tunisie,3,0.0,0.0,200,500,Hotel
5464,10170.0,202,1983,24000.0,3,confirmed,Wedding,2022-10-07,Corporate,Sfax,Tunisie,5,0.0,0.0,200,500,Hotel
6181,8595.0,203,1258,23000.0,3,pending,Birthday,2022-01-28,Corporate,Sfax,Tunisie,4,0.0,0.0,200,500,Hotel
10447,13087.0,249,22215,23000.0,16,confirmed,Wedding,2022-07-15,Wedding,Sfax,Tunisie,2,0.0,0.0,200,500,Hotel
830,12688.0,202,1983,23000.0,16,confirmed,Birthday,2023-09-22,Wedding,Sfax,Tunisie,5,0.0,0.0,200,500,Hotel
11021,10525.0,176,3661,20000.0,16,confirmed,Wedding,2024-03-22,Wedding,Sfax,Tunisie,2,0.0,0.0,200,500,Hotel
9249,6273.0,249,22215,15000.0,16,pending,Wedding,2025-04-10,Wedding,Sfax,Tunisie,2,0.0,0.0,200,500,Hotel
17206,5309.0,42,3577,22000.0,0,confirmed,Wedding,2025-09-11,Wedding,Sfax,Tunisie,5,0.0,0.0,200,500,Hotel
15992,12831.0,202,1983,21000.0,3,pending,Wedding,2023-04-25,Corporate,Sfax,Tunisie,5,0.0,0.0,200,500,Hotel
13185,1846.0,203,1258,24000.0,0,confirmed,Corporate Event,2022-11-14,Wedding,Sfax,Tunisie,2,0.0,0.0,200,500,Hotel
10318,3307.0,126,4896,17000.0,0,pending,Birthday,2024-10-01,Wedding,Sfax,Tunisie,5,0.0,0.0,200,500,Hotel
6853,14262.0,298,962,25000.0,0,pending,Corporate Event,2023-01-12,Wedding,Sfax,Tunisie,4,0.0,0.0,200,500,Hotel
17543,2319.0,203,1258,12000.0,16,pending,Birthday,2022-10-21,Wedding,Sfax,Tunisie,1,0.0,0.0,200,500,Hotel
6852,5304.0,229,3480,13000.0,3,confirmed,Birthday,2024-07-20,Corporate,Sfax,Tunisie,1,0.0,0.0,200,500,Hotel
17278,4158.0,239,4101,22000.0,10,pending,Birthday,2025-10-28,Birthday,Sfax,Tunisie,5,0.0,0.0,200,500,Hotel
14245,13582.0,229,3480,20000.0,3,cancelled,Birthday,2025-08-29,Corporate,Sfax,Tunisie,4,0.0,0.0,200,500,Hotel
1978,1145.0,298,962,21000.0,0,confirmed,Wedding,2022-02-10,Wedding,Sfax,Tunisie,4,0.0,0.0,200,500,Hotel
17066,1714.0,203,1258,15000.0,0,cancelled,Corporate Event,2024-08-22,Wedding,Sfax,Tunisie,1,0.0,0.0,200,500,Hotel
7035,11514.0,176,3661,21000.0,3,confirmed,Birthday,2022-03-18,Corporate,Sfax,Tunisie,1,0.0,0.0,200,500,Hotel
8790,2043.0,202,1983,20000.0,10,pending,Birthday,2023-01-08,Birthday,Sfax,Tunisie,4,0.0,0.0,200,500,Hotel
2695,4611.0,239,4101,19000.0,10,confirmed,Birthday,2024-02-17,Birthday,Sfax,Tunisie,4,0.0,0.0,200,500,Hotel
16084,11652.0,239,4101,22000.0,0,pending,Corporate Event,2024-02-13,Wedding,Sfax,Tunisie,2,0.0,0.0,200,500,Hotel
7813,9118.0,239,4101,26000.0,10,confirmed,Birthday,2025-06-27,Birthday,Sfax,Tunisie,1,0.0,0.0,200,500,Hotel
10487,13812.0,176,3661,19000.0,0,cancelled,Corporate Event,2025-02-13,Wedding,Sfax,Tunisie,5,0.0,0.0,200,500,Hotel
13058,11437.0,298,962,19000.0,16,confirmed,Corporate Event,2022-12-31,Wedding,Sfax,Tunisie,4,0.0,0.0,200,500,Hotel
9729,14008.0,298,962,20000.0,0,pending,Corporate Event,2022-05-12,Wedding,Sfax,Tunisie,2,0.0,0.0,200,500,Hotel
14471,9070.0,203,1417,26000.0,0,confirmed,Wedding,2022-11-04,Wedding,Sfax,Tunisie,3,0.0,0.0,200,500,Hotel
1353,101250.0,239,4101,17000.0,3,confirmed,Wedding,2023-01-23,Corporate,Sfax,Tunisie,1,0.0,0.0,200,500,Hotel
8497,3182.0,126,4896,17000.0,16,pending,Birthday,2022-04-21,Wedding,Sfax,Tunisie,2,0.0,0.0,200,500,Hotel
1898,9344.0,229,3480,25000.0,0,pending,Birthday,2022-09-26,Wedding,Sfax,Tunisie,5,0.0,0.0,200,500,Hotel
13104,4739.0,249,22215,23000.0,0,cancelled,Wedding,2025-12-22,Wedding,Sfax,Tunisie,1,0.0,0.0,200,500,Hotel
11861,8650.0,202,1983,24000.0,16,cancelled,Corporate Event,2024-02-24,Wedding,Sfax,Tunisie,5,0.0,0.0,200,500,Hotel
9977,8840.0,203,1258,15000.0,10,confirmed,Corporate Event,2025-10-31,Birthday,Sfax,Tunisie,5,0.0,0.0,200,500,Hotel
7264,9042.0,229,3480,19000.0,0,cancelled,Corporate Event,2023-11-17,Wedding,Sfax,Tunisie,4,0.0,0.0,200,500,Hotel
10596,1545.0,203,1417,17000.0,16,cancelled,Wedding,2025-06-12,Wedding,Sfax,Tunisie,2,0.0,0.0,200,500,Hotel
4255,765.0,252,1608,21000.0,10,pending,Wedding,2025-08-21,Birthday,Sfax,Tunisie,3,0.0,0.0,200,500,Hotel
2276,6456.0,229,3480,22000.0,16,confirmed,Corporate Event,2025-07-17,Wedding,Sfax,Tunisie,4,0.0,0.0,200,500,Hotel
15276,9735.0,203,1417,23000.0,16,pending,Wedding,2022-08-29,Wedding,Sfax,Tunisie,4,0.0,0.0,200,500,Hotel
1513,1810.0,298,962,12000.0,0,confirmed,Wedding,2023-04-22,Wedding,Sfax,Tunisie,4,0.0,0.0,200,500,Hotel
5404,8253.0,155,66,21000.0,3,pending,Wedding,2024-01-23,Corporate,Sfax,Tunisie,5,0.0,0.0,200,500,Hotel
11525,11943.0,298,962,23000.0,10,cancelled,Wedding,2023-06-11,Birthday,Sfax,Tunisie,4,0.0,0.0,200,500,Hotel
3367,11550.0,126,4896,22000.0,16,cancelled,Wedding,2022-04-11,Wedding,Sfax,Tunisie,1,0.0,0.0,200,500,Hotel
9193,11059.0,229,3480,17000.0,0,pending,Birthday,2024-08-25,Wedding,Sfax,Tunisie,1,0.0,0.0,200,500,Hotel
643,14177.0,202,1983,23000.0,16,pending,Wedding,2022-11-13,Wedding,Sfax,Tunisie,3,0.0,0.0,200,500,Hotel
2697,101950.0,155,66,22000.0,0,pending,Birthday,2024-08-22,Wedding,Sfax,Tunisie,2,0.0,0.0,200,500,Hotel
3930,2008.0,203,1258,22000.0,3,confirmed,Birthday,2022-12-21,Corporate,Sfax,Tunisie,4,0.0,0.0,200,500,Hotel
16620,11133.0,42,3577,22000.0,3,cancelled,Corporate Event,2023-11-15,Corporate,Sfax,Tunisie,1,0.0,0.0,200,500,Hotel
8428,11871.0,42,3577,23000.0,10,confirmed,Corporate Event,2025-04-13,Birthday,Sfax,Tunisie,1,0.0,0.0,200,500,Hotel
13138,1988.0,126,4896,24000.0,3,cancelled,Corporate Event,2023-10-15,Corporate,Sfax,Tunisie,5,0.0,0.0,200,500,Hotel
8968,8230.0,203,1258,21000.0,0,confirmed,Wedding,2024-08-05,Wedding,Sfax,Tunisie,2,0.0,0.0,200,500,Hotel
8346,12604.0,202,1983,20000.0,3,confirmed,Birthday,2024-07-01,Corporate,Sfax,Tunisie,1,0.0,0.0,200,500,Hotel
2814,8976.0,298,962,17000.0,0,pending,Birthday,2025-07-06,Wedding,Sfax,Tunisie,4,0.0,0.0,200,500,Hotel
12910,8033.0,249,22215,12000.0,3,confirmed,Birthday,2024-08-30,Corporate,Sfax,Tunisie,4,0.0,0.0,200,500,Hotel
5713,12292.0,203,1417,24000.0,3,confirmed,Wedding,2023-04-14,Corporate,Sfax,Tunisie,3,0.0,0.0,200,500,Hotel
9473,10722.0,252,1608,20000.0,3,confirmed,Corporate Event,2024-03-20,Corporate,Sfax,Tunisie,5,0.0,0.0,200,500,Hotel
10047,7592.0,249,22215,22000.0,16,confirmed,Wedding,2025-08-11,Wedding,Sfax,Tunisie,4,0.0,0.0,200,500,Hotel
16046,8343.0,42,3577,26000.0,10,confirmed,Wedding,2025-02-08,Birthday,Sfax,Tunisie,1,0.0,0.0,200,500,Hotel
8715,13995.0,229,3480,25000.0,10,confirmed,Corporate Event,2022-05-08,Birthday,Sfax,Tunisie,1,0.0,0.0,200,500,Hotel
11442,8748.0,298,962,24000.0,10,pending,Corporate Event,2023-07-29,Birthday,Sfax,Tunisie,5,0.0,0.0,200,500,Hotel
17020,4627.0,155,66,21000.0,10,cancelled,Birthday,2024-06-30,Birthday,Sfax,Tunisie,4,0.0,0.0,200,500,Hotel
11634,13202.0,229,3480,22000.0,0,pending,Corporate Event,2023-10-29,Wedding,Sfax,Tunisie,4,0.0,0.0,200,500,Hotel
4740,6991.0,298,962,12000.0,0,confirmed,Birthday,2025-01-25,Wedding,Sfax,Tunisie,4,0.0,0.0,200,500,Hotel
7495,11049.0,298,962,22000.0,3,cancelled,Birthday,2023-02-18,Corporate,Sfax,Tunisie,3,0.0,0.0,200,500,Hotel
6185,7140.0,239,4101,20000.0,3,confirmed,Wedding,2023-11-01,Corporate,Sfax,Tunisie,2,0.0,0.0,200,500,Hotel
16409,10722.0,239,4101,20000.0,3,confirmed,Birthday,2025-08-04,Corporate,Sfax,Tunisie,4,0.0,0.0,200,500,Hotel
15057,14031.0,203,1258,12000.0,3,confirmed,Birthday,2024-04-02,Corporate,Sfax,Tunisie,4,0.0,0.0,200,500,Hotel
14829,5872.0,176,3661,13000.0,10,pending,Birthday,2023-01-29,Birthday,Sfax,Tunisie,3,0.0,0.0,200,500,Hotel
7802,7109.0,203,1258,17000.0,3,confirmed,Birthday,2025-11-29,Corporate,Sfax,Tunisie,3,0.0,0.0,200,500,Hotel
16823,8013.0,239,4101,19000.0,3,pending,Wedding,2024-04-18,Corporate,Sfax,Tunisie,3,0.0,0.0,200,500,Hotel
6840,1290.0,252,1608,23000.0,10,confirmed,Birthday,2024-04-16,Birthday,Sfax,Tunisie,4,0.0,0.0,200,500,Hotel
6940,10079.0,298,962,23000.0,0,pending,Birthday,2022-09-03,Wedding,Sfax,Tunisie,1,0.0,0.0,200,500,Hotel
14424,13717.0,229,3480,12000.0,16,confirmed,Corporate Event,2023-09-19,Wedding,Sfax,Tunisie,2,0.0,0.0,200,500,Hotel
11522,9098.0,239,4101,20000.0,16,confirmed,Birthday,2023-10-01,Wedding,Sfax,Tunisie,2,0.0,0.0,200,500,Hotel
11785,3183.0,203,1417,20000.0,10,cancelled,Corporate Event,2024-10-18,Birthday,Sfax,Tunisie,5,0.0,0.0,200,500,Hotel
15167,3576.0,298,962,13000.0,10,confirmed,Wedding,2022-07-09,Birthday,Sfax,Tunisie,1,0.0,0.0,200,500,Hotel
16369,4862.0,155,66,26000.0,0,confirmed,Wedding,2022-08-26,Wedding,Sfax,Tunisie,2,0.0,0.0,200,500,Hotel
17522,14925.0,239,4101,22000.0,0,confirmed,Birthday,2024-07-06,Wedding,Sfax,Tunisie,3,0.0,0.0,200,500,Hotel
17196,13465.0,155,66,13000.0,16,cancelled,Wedding,2024-09-26,Wedding,Sfax,Tunisie,3,0.0,0.0,200,500,Hotel
9313,1366.0,203,1417,26000.0,0,confirmed,Corporate Event,2023-07-31,Wedding,Sfax,Tunisie,5,0.0,0.0,200,500,Hotel
590,11061.0,42,3577,25000.0,16,pending,Corporate Event,2022-12-09,Wedding,Sfax,Tunisie,5,0.0,0.0,200,500,Hotel
3787,13060.0,155,66,20000.0,0,cancelled,Wedding,2025-01-16,Wedding,Sfax,Tunisie,2,0.0,0.0,200,500,Hotel
17586,14864.0,229,3480,24000.0,0,confirmed,Birthday,2025-10-24,Wedding,Sfax,Tunisie,3,0.0,0.0,200,500,Hotel
12357,9243.0,126,4896,24000.0,3,cancelled,Birthday,2025-11-11,Corporate,Sfax,Tunisie,3,0.0,0.0,200,500,Hotel
15050,8861.0,202,1983,15000.0,3,pending,Birthday,2025-10-22,Corporate,Sfax,Tunisie,4,0.0,0.0,200,500,Hotel
16163,64340.0,249,22215,25000.0,0,pending,Corporate Event,2022-07-14,Corporate,Tataouine,Tunisie,2,0.0,0.0,100,200,Hotel
4603,11404.0,203,1258,12000.0,0,confirmed,Corporate Event,2022-06-12,Wedding,Tataouine,Tunisie,1,0.0,0.0,100,200,Hotel
6924,11090.0,176,3661,12000.0,1,cancelled,Birthday,2022-03-04,Wedding,Tataouine,Tunisie,2,0.0,0.0,100,200,Hotel
5275,11548.0,203,1417,23000.0,1,cancelled,Corporate Event,2025-10-02,Wedding,Tataouine,Tunisie,1,0.0,0.0,100,200,Hotel
11083,14908.0,249,22215,17000.0,0,confirmed,Wedding,2022-12-03,Corporate,Tataouine,Tunisie,2,0.0,0.0,100,200,Hotel
17303,5700.0,203,1258,13000.0,7,pending,Wedding,2023-11-20,Birthday,Tataouine,Tunisie,4,0.0,0.0,100,200,Hotel
12688,13721.0,126,4896,17000.0,7,cancelled,Corporate Event,2023-10-22,Birthday,Tataouine,Tunisie,4,0.0,0.0,100,200,Hotel
332,6879.0,203,1417,23000.0,7,confirmed,Corporate Event,2025-02-05,Birthday,Tataouine,Tunisie,2,0.0,0.0,100,200,Hotel
16694,6609.0,298,962,25000.0,0,confirmed,Corporate Event,2022-05-08,Corporate,Tataouine,Tunisie,1,0.0,0.0,100,200,Hotel
10728,11698.0,203,1417,12000.0,0,cancelled,Corporate Event,2024-06-21,Wedding,Tataouine,Tunisie,4,0.0,0.0,100,200,Hotel
2191,10069.0,252,1608,19000.0,0,confirmed,Wedding,2023-06-14,Corporate,Tataouine,Tunisie,2,0.0,0.0,100,200,Hotel
8559,2588.0,252,1608,12000.0,7,confirmed,Birthday,2024-10-31,Birthday,Tataouine,Tunisie,5,0.0,0.0,100,200,Hotel
14135,7409.0,239,4101,25000.0,0,cancelled,Corporate Event,2023-06-07,Corporate,Tataouine,Tunisie,2,0.0,0.0,100,200,Hotel
1459,14149.0,176,3661,22000.0,0,pending,Corporate Event,2025-07-04,Corporate,Tataouine,Tunisie,2,0.0,0.0,100,200,Hotel
12636,11379.0,202,1983,24000.0,0,cancelled,Birthday,2023-06-30,Corporate,Tataouine,Tunisie,3,0.0,0.0,100,200,Hotel
11037,10863.0,249,22215,12000.0,0,pending,Birthday,2025-10-12,Wedding,Tataouine,Tunisie,1,0.0,0.0,100,200,Hotel
10817,12932.0,252,1608,20000.0,0,confirmed,Birthday,2024-01-10,Corporate,Tataouine,Tunisie,3,0.0,0.0,100,200,Hotel
3594,1888.0,239,4101,24000.0,1,confirmed,Birthday,2023-01-08,Wedding,Tataouine,Tunisie,4,0.0,0.0,100,200,Hotel
4727,10554.0,203,1417,12000.0,0,confirmed,Birthday,2022-01-21,Corporate,Tataouine,Tunisie,5,0.0,0.0,100,200,Hotel
60,12295.0,229,3480,17000.0,1,confirmed,Birthday,2025-04-02,Wedding,Tataouine,Tunisie,1,0.0,0.0,100,200,Hotel
9759,1869.0,229,3480,25000.0,0,pending,Corporate Event,2022-11-23,Corporate,Tataouine,Tunisie,1,0.0,0.0,100,200,Hotel
2706,6733.0,202,1983,23000.0,0,cancelled,Corporate Event,2022-07-16,Corporate,Tataouine,Tunisie,1,0.0,0.0,100,200,Hotel
3479,14671.0,203,1258,12000.0,0,pending,Birthday,2024-07-04,Wedding,Tataouine,Tunisie,4,0.0,0.0,100,200,Hotel
2539,13158.0,155,66,25000.0,0,pending,Birthday,2024-04-02,Corporate,Tataouine,Tunisie,2,0.0,0.0,100,200,Hotel
6617,9914.0,202,1983,17000.0,0,confirmed,Birthday,2025-07-08,Corporate,Tataouine,Tunisie,1,0.0,0.0,100,200,Hotel
17612,5972.0,252,1608,12000.0,7,cancelled,Birthday,2025-07-29,Birthday,Tataouine,Tunisie,2,0.0,0.0,100,200,Hotel
16586,126710.0,252,1608,22000.0,0,confirmed,Wedding,2025-08-03,Corporate,Tataouine,Tunisie,4,0.0,0.0,100,200,Hotel
15792,826.0,203,1258,20000.0,0,pending,Corporate Event,2024-01-30,Wedding,Tataouine,Tunisie,2,0.0,0.0,100,200,Hotel
17306,7026.0,203,1258,19000.0,7,pending,Birthday,2022-04-04,Birthday,Tataouine,Tunisie,3,0.0,0.0,100,200,Hotel
7245,5954.0,239,4101,19000.0,0,pending,Corporate Event,2024-07-15,Wedding,Tataouine,Tunisie,5,0.0,0.0,100,200,Hotel
74,11958.0,126,4896,15000.0,0,cancelled,Birthday,2024-08-30,Wedding,Tataouine,Tunisie,4,0.0,0.0,100,200,Hotel
9781,11211.0,203,1417,23000.0,0,cancelled,Wedding,2023-09-16,Wedding,Tataouine,Tunisie,2,0.0,0.0,100,200,Hotel
13180,4895.0,126,4896,22000.0,1,pending,Birthday,2024-05-16,Wedding,Tataouine,Tunisie,4,0.0,0.0,100,200,Hotel
1404,8774.0,203,1417,23000.0,1,confirmed,Wedding,2022-09-13,Wedding,Tataouine,Tunisie,3,0.0,0.0,100,200,Hotel
2033,91800.0,202,1983,15000.0,1,cancelled,Birthday,2022-06-04,Wedding,Tataouine,Tunisie,2,0.0,0.0,100,200,Hotel
13087,3674.0,42,3577,17000.0,7,confirmed,Corporate Event,2022-12-04,Birthday,Tataouine,Tunisie,5,0.0,0.0,100,200,Hotel
16998,8559.0,176,3661,25000.0,7,confirmed,Corporate Event,2025-06-03,Birthday,Tataouine,Tunisie,2,0.0,0.0,100,200,Hotel
2442,13100.0,176,3661,23000.0,0,confirmed,Birthday,2022-01-17,Corporate,Tataouine,Tunisie,3,0.0,0.0,100,200,Hotel
1299,14150.0,203,1417,20000.0,1,cancelled,Wedding,2023-04-18,Wedding,Tataouine,Tunisie,5,0.0,0.0,100,200,Hotel
16283,1656.0,203,1258,15000.0,0,confirmed,Wedding,2022-07-01,Corporate,Tataouine,Tunisie,4,0.0,0.0,100,200,Hotel
11927,8425.0,203,1258,15000.0,0,pending,Corporate Event,2024-05-15,Corporate,Tataouine,Tunisie,4,0.0,0.0,100,200,Hotel
16572,8345.0,202,1983,17000.0,1,confirmed,Corporate Event,2023-11-19,Wedding,Tataouine,Tunisie,3,0.0,0.0,100,200,Hotel
4631,9839.0,203,1417,25000.0,7,confirmed,Corporate Event,2023-07-29,Birthday,Tataouine,Tunisie,5,0.0,0.0,100,200,Hotel
10044,8497.0,249,22215,24000.0,0,cancelled,Corporate Event,2023-03-26,Corporate,Tataouine,Tunisie,2,0.0,0.0,100,200,Hotel
5362,301.0,229,3480,24000.0,0,pending,Birthday,2025-10-22,Wedding,Tataouine,Tunisie,3,0.0,0.0,100,200,Hotel
9728,12830.0,239,4101,25000.0,0,cancelled,Wedding,2024-07-20,Wedding,Tataouine,Tunisie,3,0.0,0.0,100,200,Hotel
10967,2095.0,42,3577,26000.0,1,confirmed,Wedding,2024-11-28,Wedding,Tataouine,Tunisie,4,0.0,0.0,100,200,Hotel
7997,14509.0,203,1417,24000.0,0,cancelled,Corporate Event,2022-03-15,Wedding,Tataouine,Tunisie,4,0.0,0.0,100,200,Hotel
5110,7884.0,202,1983,17000.0,7,pending,Wedding,2023-06-14,Birthday,Tataouine,Tunisie,5,0.0,0.0,100,200,Hotel
3978,2211.0,203,1417,15000.0,1,confirmed,Birthday,2023-11-12,Wedding,Tataouine,Tunisie,1,0.0,0.0,100,200,Hotel
6541,14013.0,239,4101,13000.0,7,cancelled,Birthday,2024-03-22,Birthday,Tataouine,Tunisie,5,0.0,0.0,100,200,Hotel
1039,5323.0,202,1983,12000.0,0,pending,Wedding,2023-09-28,Wedding,Tataouine,Tunisie,3,0.0,0.0,100,200,Hotel
13679,5832.0,239,4101,22000.0,0,cancelled,Birthday,2023-03-30,Wedding,Tataouine,Tunisie,3,0.0,0.0,100,200,Hotel
4816,6133.0,252,1608,19000.0,0,cancelled,Birthday,2024-04-04,Corporate,Tataouine,Tunisie,1,0.0,0.0,100,200,Hotel
15967,13927.0,155,66,23000.0,0,confirmed,Corporate Event,2022-05-12,Wedding,Tataouine,Tunisie,3,0.0,0.0,100,200,Hotel
3026,8655.0,42,3577,23000.0,0,confirmed,Wedding,2022-04-15,Corporate,Tataouine,Tunisie,4,0.0,0.0,100,200,Hotel
5113,2314.0,202,1983,21000.0,7,pending,Birthday,2023-12-22,Birthday,Tataouine,Tunisie,4,0.0,0.0,100,200,Hotel
14607,4331.0,126,4896,13000.0,0,confirmed,Corporate Event,2023-03-05,Corporate,Tataouine,Tunisie,1,0.0,0.0,100,200,Hotel
7189,12419.0,203,1417,13000.0,1,cancelled,Birthday,2023-03-13,Wedding,Tataouine,Tunisie,4,0.0,0.0,100,200,Hotel
9859,7387.0,239,4101,17000.0,0,confirmed,Corporate Event,2024-12-17,Wedding,Tataouine,Tunisie,4,0.0,0.0,100,200,Hotel
5764,4678.0,203,1417,21000.0,1,cancelled,Corporate Event,2023-11-20,Wedding,Tataouine,Tunisie,5,0.0,0.0,100,200,Hotel
5401,876.0,249,22215,12000.0,0,confirmed,Birthday,2024-10-01,Corporate,Tataouine,Tunisie,4,0.0,0.0,100,200,Hotel
15209,1559.0,249,22215,23000.0,0,confirmed,Wedding,2022-08-20,Corporate,Tataouine,Tunisie,1,0.0,0.0,100,200,Hotel
15265,13243.0,252,1608,12000.0,0,cancelled,Wedding,2025-02-15,Corporate,Tataouine,Tunisie,2,0.0,0.0,100,200,Hotel
6747,11211.0,203,1258,21000.0,1,cancelled,Birthday,2024-07-10,Wedding,Tataouine,Tunisie,2,0.0,0.0,100,200,Hotel
10941,14346.0,176,3661,25000.0,7,pending,Corporate Event,2024-05-28,Birthday,Tataouine,Tunisie,5,0.0,0.0,100,200,Hotel
16204,11508.0,202,1983,23000.0,7,confirmed,Corporate Event,2022-02-09,Birthday,Tataouine,Tunisie,4,0.0,0.0,100,200,Hotel
11135,7011.0,202,1983,19000.0,0,cancelled,Corporate Event,2024-09-25,Wedding,Tataouine,Tunisie,1,0.0,0.0,100,200,Hotel
13512,11803.0,176,3661,22000.0,0,confirmed,Wedding,2024-02-10,Wedding,Tataouine,Tunisie,4,0.0,0.0,100,200,Hotel
1906,5346.0,202,1983,13000.0,0,pending,Corporate Event,2023-08-11,Corporate,Tataouine,Tunisie,5,0.0,0.0,100,200,Hotel
16319,1814.0,126,4896,21000.0,7,confirmed,Corporate Event,2022-05-07,Birthday,Tataouine,Tunisie,4,0.0,0.0,100,200,Hotel
8073,5380.0,252,1608,26000.0,7,confirmed,Corporate Event,2023-08-04,Birthday,Tataouine,Tunisie,5,0.0,0.0,100,200,Hotel
14988,10167.0,202,1983,23000.0,0,confirmed,Wedding,2023-12-29,Wedding,Tataouine,Tunisie,2,0.0,0.0,100,200,Hotel
11306,13923.0,298,962,12000.0,0,confirmed,Corporate Event,2023-05-14,Wedding,Tataouine,Tunisie,4,0.0,0.0,100,200,Hotel
14616,5735.0,42,3577,19000.0,0,confirmed,Birthday,2022-07-08,Wedding,Tataouine,Tunisie,4,0.0,0.0,100,200,Hotel
13869,9091.0,202,1983,25000.0,0,pending,Wedding,2025-03-16,Wedding,Tataouine,Tunisie,3,0.0,0.0,100,200,Hotel
5138,4984.0,42,3577,13000.0,7,pending,Corporate Event,2024-02-09,Birthday,Tataouine,Tunisie,5,0.0,0.0,100,200,Hotel
10917,1488.0,202,1983,13000.0,1,cancelled,Corporate Event,2024-11-01,Wedding,Tataouine,Tunisie,3,0.0,0.0,100,200,Hotel
13944,5794.0,126,4896,21000.0,0,confirmed,Corporate Event,2022-03-09,Wedding,Tataouine,Tunisie,1,0.0,0.0,100,200,Hotel
3789,9180.0,229,3480,25000.0,0,pending,Birthday,2025-09-26,Wedding,Tataouine,Tunisie,5,0.0,0.0,100,200,Hotel
296,14061.0,203,1258,20000.0,7,cancelled,Wedding,2022-08-14,Birthday,Tataouine,Tunisie,1,0.0,0.0,100,200,Hotel
14362,2401.0,239,4101,24000.0,0,pending,Corporate Event,2022-03-27,Wedding,Tataouine,Tunisie,2,0.0,0.0,100,200,Hotel
2651,77320.0,249,22215,13000.0,1,pending,Wedding,2022-03-20,Wedding,Tataouine,Tunisie,3,0.0,0.0,100,200,Hotel
2145,3316.0,249,22215,23000.0,7,pending,Corporate Event,2023-08-02,Birthday,Tataouine,Tunisie,1,0.0,0.0,100,200,Hotel
16616,3989.0,176,3661,13000.0,0,confirmed,Wedding,2023-06-12,Wedding,Tataouine,Tunisie,3,0.0,0.0,100,200,Hotel
2887,9334.0,249,22215,12000.0,1,pending,Corporate Event,2025-03-10,Wedding,Tataouine,Tunisie,5,0.0,0.0,100,200,Hotel
13545,6545.0,239,4101,17000.0,1,cancelled,Corporate Event,2024-06-20,Wedding,Tataouine,Tunisie,5,0.0,0.0,100,200,Hotel
11212,3027.0,155,66,22000.0,0,cancelled,Wedding,2025-01-18,Wedding,Tataouine,Tunisie,5,0.0,0.0,100,200,Hotel
14180,7418.0,252,1608,24000.0,1,pending,Corporate Event,2025-06-20,Wedding,Tataouine,Tunisie,1,0.0,0.0,100,200,Hotel
4806,530.0,239,4101,20000.0,0,confirmed,Corporate Event,2025-05-02,Corporate,Tataouine,Tunisie,3,0.0,0.0,100,200,Hotel
12913,11999.0,239,4101,19000.0,1,pending,Wedding,2024-08-15,Wedding,Tataouine,Tunisie,3,0.0,0.0,100,200,Hotel
3052,3223.0,252,1608,19000.0,0,confirmed,Corporate Event,2024-12-03,Wedding,Tataouine,Tunisie,1,0.0,0.0,100,200,Hotel
15334,4577.0,298,962,20000.0,0,cancelled,Corporate Event,2025-03-18,Corporate,Tataouine,Tunisie,5,0.0,0.0,100,200,Hotel
8606,8492.0,126,4896,26000.0,7,confirmed,Birthday,2023-04-22,Birthday,Tataouine,Tunisie,2,0.0,0.0,100,200,Hotel
13734,2936.0,239,4101,26000.0,7,confirmed,Wedding,2024-12-02,Birthday,Tataouine,Tunisie,1,0.0,0.0,100,200,Hotel
3536,13627.0,202,1983,13000.0,0,cancelled,Wedding,2024-11-15,Corporate,Tataouine,Tunisie,4,0.0,0.0,100,200,Hotel
2985,3604.0,203,1258,23000.0,0,cancelled,Birthday,2025-01-06,Wedding,Tataouine,Tunisie,5,0.0,0.0,100,200,Hotel
16951,6619.0,126,4896,15000.0,0,pending,Corporate Event,2024-12-14,Corporate,Tataouine,Tunisie,5,0.0,0.0,100,200,Hotel
9389,5586.0,176,3661,19000.0,0,cancelled,Wedding,2023-07-23,Corporate,Tataouine,Tunisie,1,0.0,0.0,100,200,Hotel
2038,7365.0,298,962,24000.0,1,pending,Corporate Event,2025-03-24,Wedding,Tataouine,Tunisie,2,0.0,0.0,100,200,Hotel
2231,2806.0,252,1608,26000.0,0,confirmed,Birthday,2022-09-12,Corporate,Tataouine,Tunisie,5,0.0,0.0,100,200,Hotel
11750,3532.0,155,66,26000.0,0,cancelled,Birthday,2023-01-26,Wedding,Tataouine,Tunisie,3,0.0,0.0,100,200,Hotel
8706,3109.0,126,4896,22000.0,1,pending,Birthday,2024-05-18,Wedding,Tataouine,Tunisie,4,0.0,0.0,100,200,Hotel
3480,13692.0,155,66,19000.0,0,confirmed,Birthday,2024-12-19,Corporate,Tataouine,Tunisie,2,0.0,0.0,100,200,Hotel
15506,5720.0,252,1608,19000.0,0,cancelled,Wedding,2025-07-19,Corporate,Tataouine,Tunisie,5,0.0,0.0,100,200,Hotel
4343,6387.0,42,3577,24000.0,1,pending,Corporate Event,2024-06-26,Wedding,Tataouine,Tunisie,5,0.0,0.0,100,200,Hotel
1603,5041.0,126,4896,17000.0,1,confirmed,Corporate Event,2025-09-09,Wedding,Tataouine,Tunisie,1,0.0,0.0,100,200,Hotel
2778,9320.0,176,3661,21000.0,7,confirmed,Birthday,2022-01-10,Birthday,Tataouine,Tunisie,5,0.0,0.0,100,200,Hotel
15679,11598.0,229,3480,21000.0,7,cancelled,Wedding,2024-03-23,Birthday,Tataouine,Tunisie,4,0.0,0.0,100,200,Hotel
3323,6641.0,126,4896,22000.0,7,cancelled,Birthday,2022-03-29,Birthday,Tataouine,Tunisie,4,0.0,0.0,100,200,Hotel
3580,11843.0,202,1983,21000.0,1,pending,Birthday,2025-04-27,Wedding,Tataouine,Tunisie,5,0.0,0.0,100,200,Hotel
15934,1894.0,203,1258,20000.0,1,cancelled,Wedding,2022-07-23,Wedding,Tataouine,Tunisie,4,0.0,0.0,100,200,Hotel
8783,4657.0,298,962,22000.0,0,pending,Wedding,2023-12-10,Corporate,Tataouine,Tunisie,2,0.0,0.0,100,200,Hotel
16119,3783.0,239,4101,20000.0,1,confirmed,Birthday,2024-07-05,Wedding,Tataouine,Tunisie,1,0.0,0.0,100,200,Hotel
10136,4729.0,126,4896,22000.0,1,cancelled,Wedding,2022-04-18,Wedding,Tataouine,Tunisie,4,0.0,0.0,100,200,Hotel
8222,11657.0,252,1608,20000.0,7,confirmed,Birthday,2023-09-26,Birthday,Tataouine,Tunisie,2,0.0,0.0,100,200,Hotel
16048,262.0,239,4101,13000.0,0,cancelled,Birthday,2025-03-27,Wedding,Tataouine,Tunisie,5,0.0,0.0,100,200,Hotel
7525,3583.0,203,1417,24000.0,7,pending,Wedding,2025-03-16,Birthday,Tataouine,Tunisie,3,0.0,0.0,100,200,Hotel
8547,11230.0,239,4101,13000.0,7,pending,Birthday,2022-11-30,Birthday,Tataouine,Tunisie,1,0.0,0.0,100,200,Hotel
1259,13016.0,298,962,19000.0,7,cancelled,Birthday,2024-08-27,Birthday,Tataouine,Tunisie,1,0.0,0.0,100,200,Hotel
7063,3550.0,252,1608,25000.0,7,cancelled,Corporate Event,2024-05-26,Birthday,Tataouine,Tunisie,1,0.0,0.0,100,200,Hotel
14223,13744.0,249,22215,25000.0,1,confirmed,Birthday,2022-01-06,Wedding,Tataouine,Tunisie,3,0.0,0.0,100,200,Hotel
9523,7835.0,203,1417,19000.0,0,cancelled,Wedding,2024-09-03,Corporate,Tataouine,Tunisie,2,0.0,0.0,100,200,Hotel
3489,6820.0,203,1417,12000.0,1,pending,Wedding,2022-08-23,Wedding,Tataouine,Tunisie,5,0.0,0.0,100,200,Hotel
12222,13419.0,249,22215,19000.0,0,pending,Wedding,2025-06-08,Corporate,Tataouine,Tunisie,2,0.0,0.0,100,200,Hotel
16509,10107.0,229,3480,23000.0,0,pending,Birthday,2025-04-05,Corporate,Tataouine,Tunisie,4,0.0,0.0,100,200,Hotel
9902,10162.0,249,22215,26000.0,0,pending,Corporate Event,2023-01-30,Wedding,Tataouine,Tunisie,4,0.0,0.0,100,200,Hotel
5862,8300.0,42,3577,19000.0,0,pending,Wedding,2022-09-21,Wedding,Tataouine,Tunisie,2,0.0,0.0,100,200,Hotel
16085,1921.0,239,4101,25000.0,0,confirmed,Birthday,2024-03-06,Corporate,Tataouine,Tunisie,3,0.0,0.0,100,200,Hotel
8517,5421.0,298,962,19000.0,0,pending,Wedding,2024-11-17,Wedding,Tataouine,Tunisie,4,0.0,0.0,100,200,Hotel
6926,7560.0,252,1608,24000.0,0,cancelled,Wedding,2025-01-25,Corporate,Tataouine,Tunisie,5,0.0,0.0,100,200,Hotel
16532,7723.0,176,3661,24000.0,0,cancelled,Birthday,2024-03-13,Wedding,Tataouine,Tunisie,1,0.0,0.0,100,200,Hotel
14716,8732.0,126,4896,25000.0,7,pending,Wedding,2024-09-08,Birthday,Tataouine,Tunisie,2,0.0,0.0,100,200,Hotel
14543,6225.0,239,4101,21000.0,1,pending,Corporate Event,2024-11-16,Wedding,Tataouine,Tunisie,4,0.0,0.0,100,200,Hotel
14175,9583.0,298,962,17000.0,1,pending,Corporate Event,2022-02-23,Wedding,Tataouine,Tunisie,4,0.0,0.0,100,200,Hotel
609,7029.0,229,3480,23000.0,0,cancelled,Birthday,2022-06-03,Wedding,Tataouine,Tunisie,1,0.0,0.0,100,200,Hotel
7449,6481.0,176,3661,15000.0,1,cancelled,Birthday,2025-12-01,Wedding,Tataouine,Tunisie,5,0.0,0.0,100,200,Hotel
12451,7418.0,42,3577,15000.0,7,pending,Wedding,2022-02-06,Birthday,Tataouine,Tunisie,3,0.0,0.0,100,200,Hotel
9899,13142.0,229,3480,25000.0,0,cancelled,Corporate Event,2025-01-22,Corporate,Tataouine,Tunisie,3,0.0,0.0,100,200,Hotel
15122,4675.0,42,3577,13000.0,7,pending,Corporate Event,2022-11-09,Birthday,Tataouine,Tunisie,5,0.0,0.0,100,200,Hotel
254,14742.0,203,1417,23000.0,1,cancelled,Wedding,2023-07-19,Wedding,Tataouine,Tunisie,5,0.0,0.0,100,200,Hotel
134,9066.0,239,4101,15000.0,0,pending,Birthday,2022-03-02,Wedding,Tataouine,Tunisie,2,0.0,0.0,100,200,Hotel
3198,4804.0,298,962,26000.0,0,confirmed,Corporate Event,2022-02-22,Corporate,Tataouine,Tunisie,1,0.0,0.0,100,200,Hotel
1095,3371.0,249,22215,12000.0,0,confirmed,Birthday,2024-10-29,Corporate,Tataouine,Tunisie,2,0.0,0.0,100,200,Hotel
11597,14321.0,176,3661,23000.0,7,confirmed,Birthday,2024-10-23,Birthday,Tataouine,Tunisie,4,0.0,0.0,100,200,Hotel
12570,8337.0,249,22215,26000.0,7,confirmed,Birthday,2023-02-18,Birthday,Tataouine,Tunisie,4,0.0,0.0,100,200,Hotel
17802,9500.0,229,3480,25000.0,1,pending,Birthday,2025-10-30,Wedding,Tataouine,Tunisie,1,0.0,0.0,100,200,Hotel
429,8454.0,202,1983,17000.0,7,confirmed,Corporate Event,2024-06-05,Birthday,Tataouine,Tunisie,3,0.0,0.0,100,200,Hotel
3069,8266.0,42,3577,15000.0,7,cancelled,Birthday,2023-11-22,Birthday,Tataouine,Tunisie,1,0.0,0.0,100,200,Hotel
6121,13038.0,203,1417,23000.0,0,confirmed,Birthday,2024-01-28,Corporate,Tataouine,Tunisie,1,0.0,0.0,100,200,Hotel
3362,14677.0,229,3480,19000.0,0,pending,Birthday,2023-05-24,Corporate,Tataouine,Tunisie,3,0.0,0.0,100,200,Hotel
8448,8241.0,249,22215,21000.0,1,cancelled,Birthday,2022-11-06,Wedding,Tataouine,Tunisie,1,0.0,0.0,100,200,Hotel
6514,12132.0,239,4101,12000.0,1,pending,Wedding,2024-07-13,Wedding,Tataouine,Tunisie,2,0.0,0.0,100,200,Hotel
10600,13988.0,203,1417,17000.0,0,confirmed,Birthday,2025-12-15,Corporate,Tataouine,Tunisie,4,0.0,0.0,100,200,Hotel
3418,3678.0,229,3480,15000.0,1,pending,Corporate Event,2024-01-20,Wedding,Tataouine,Tunisie,5,0.0,0.0,100,200,Hotel
17978,7130.0,126,4896,13000.0,7,confirmed,Wedding,2022-05-22,Birthday,Tataouine,Tunisie,2,0.0,0.0,100,200,Hotel
15195,14699.0,203,1417,20000.0,1,pending,Birthday,2022-04-08,Wedding,Tataouine,Tunisie,4,0.0,0.0,100,200,Hotel
1546,11035.0,249,22215,20000.0,7,pending,Corporate Event,2025-07-15,Birthday,Tataouine,Tunisie,2,0.0,0.0,100,200,Hotel
14465,12673.0,202,1983,25000.0,0,cancelled,Wedding,2022-10-06,Wedding,Tataouine,Tunisie,2,0.0,0.0,100,200,Hotel
5511,1049.0,202,1983,25000.0,1,cancelled,Birthday,2022-09-03,Wedding,Tataouine,Tunisie,4,0.0,0.0,100,200,Hotel
560,9812.0,203,1417,12000.0,0,pending,Birthday,2023-09-22,Corporate,Tataouine,Tunisie,3,0.0,0.0,100,200,Hotel
14053,14356.0,239,4101,21000.0,1,pending,Corporate Event,2025-08-08,Wedding,Tataouine,Tunisie,5,0.0,0.0,100,200,Hotel
3128,2542.0,176,3661,22000.0,0,confirmed,Corporate Event,2023-06-30,Wedding,Tataouine,Tunisie,2,0.0,0.0,100,200,Hotel
6581,4513.0,155,66,12000.0,1,cancelled,Wedding,2022-11-22,Wedding,Tataouine,Tunisie,1,0.0,0.0,100,200,Hotel
2710,1140.0,155,66,15000.0,0,cancelled,Wedding,2024-06-10,Corporate,Tataouine,Tunisie,4,0.0,0.0,100,200,Hotel
8647,5415.0,229,3480,26000.0,0,pending,Birthday,2022-02-14,Wedding,Tataouine,Tunisie,5,0.0,0.0,100,200,Hotel
414,5459.0,126,4896,25000.0,1,confirmed,Birthday,2023-10-18,Wedding,Tataouine,Tunisie,5,0.0,0.0,100,200,Hotel
3540,4885.0,298,962,24000.0,0,confirmed,Corporate Event,2023-07-03,Corporate,Tataouine,Tunisie,2,0.0,0.0,100,200,Hotel
6264,7037.0,42,3577,22000.0,0,cancelled,Birthday,2023-04-08,Corporate,Tataouine,Tunisie,3,0.0,0.0,100,200,Hotel
9048,4508.0,176,3661,19000.0,0,confirmed,Wedding,2024-05-22,Corporate,Tataouine,Tunisie,5,0.0,0.0,100,200,Hotel
3592,10592.0,42,3577,20000.0,0,pending,Corporate Event,2024-07-20,Wedding,Tataouine,Tunisie,1,0.0,0.0,100,200,Hotel
10444,4622.0,176,3661,21000.0,7,pending,Corporate Event,2025-07-25,Birthday,Tataouine,Tunisie,1,0.0,0.0,100,200,Hotel
6957,7163.0,239,4101,15000.0,1,pending,Birthday,2023-01-30,Wedding,Tataouine,Tunisie,3,0.0,0.0,100,200,Hotel
2566,10193.0,229,3480,22000.0,0,pending,Birthday,2023-05-22,Corporate,Tataouine,Tunisie,2,0.0,0.0,100,200,Hotel
13894,6132.0,203,1417,25000.0,0,pending,Birthday,2024-10-20,Wedding,Tataouine,Tunisie,2,0.0,0.0,100,200,Hotel
13649,6696.0,203,1258,12000.0,0,confirmed,Wedding,2022-04-04,Corporate,Tataouine,Tunisie,2,0.0,0.0,100,200,Hotel
2390,1300.0,176,3661,20000.0,0,confirmed,Corporate Event,2024-09-21,Corporate,Tataouine,Tunisie,3,0.0,0.0,100,200,Hotel
12927,44020.0,203,1417,25000.0,0,confirmed,Birthday,2023-01-27,Corporate,Tataouine,Tunisie,1,0.0,0.0,100,200,Hotel
7077,5023.0,252,1608,19000.0,7,pending,Corporate Event,2023-01-18,Birthday,Tataouine,Tunisie,5,0.0,0.0,100,200,Hotel
16322,7291.0,126,4896,25000.0,0,pending,Corporate Event,2024-06-24,Wedding,Tataouine,Tunisie,4,0.0,0.0,100,200,Hotel
8812,4919.0,239,4101,25000.0,7,cancelled,Birthday,2022-01-11,Birthday,Tataouine,Tunisie,2,0.0,0.0,100,200,Hotel
17194,8686.0,249,22215,24000.0,1,cancelled,Corporate Event,2025-10-02,Wedding,Tataouine,Tunisie,1,0.0,0.0,100,200,Hotel
3394,12076.0,155,66,20000.0,1,confirmed,Corporate Event,2023-04-21,Wedding,Tataouine,Tunisie,2,0.0,0.0,100,200,Hotel
11250,11234.0,252,1608,21000.0,7,confirmed,Wedding,2025-11-22,Birthday,Tataouine,Tunisie,2,0.0,0.0,100,200,Hotel
409,1844.0,203,1258,20000.0,7,pending,Wedding,2023-10-07,Birthday,Tataouine,Tunisie,3,0.0,0.0,100,200,Hotel
12789,12900.0,203,1417,17000.0,0,pending,Wedding,2023-03-09,Corporate,Tataouine,Tunisie,5,0.0,0.0,100,200,Hotel
9209,8172.0,239,4101,12000.0,0,pending,Corporate Event,2024-07-02,Wedding,Tataouine,Tunisie,2,0.0,0.0,100,200,Hotel
11805,9594.0,176,3661,19000.0,0,pending,Wedding,2025-02-10,Corporate,Tataouine,Tunisie,2,0.0,0.0,100,200,Hotel
3113,9824.0,239,4101,21000.0,1,pending,Birthday,2023-08-22,Wedding,Tataouine,Tunisie,4,0.0,0.0,100,200,Hotel
1792,9510.0,249,22215,13000.0,0,cancelled,Corporate Event,2022-01-10,Corporate,Tataouine,Tunisie,3,0.0,0.0,100,200,Hotel
7458,498.0,176,3661,19000.0,0,cancelled,Corporate Event,2024-01-07,Wedding,Tataouine,Tunisie,5,0.0,0.0,100,200,Hotel
8765,13688.0,249,22215,20000.0,0,confirmed,Birthday,2022-03-03,Corporate,Tataouine,Tunisie,3,0.0,0.0,100,200,Hotel
17064,9503.0,176,3661,12000.0,0,pending,Wedding,2022-09-23,Wedding,Tataouine,Tunisie,4,0.0,0.0,100,200,Hotel
4916,14632.0,203,1417,22000.0,1,cancelled,Wedding,2024-03-06,Wedding,Tataouine,Tunisie,4,0.0,0.0,100,200,Hotel
15162,23560.0,249,22215,23000.0,0,pending,Wedding,2023-09-14,Corporate,Tataouine,Tunisie,3,0.0,0.0,100,200,Hotel
2750,10490.0,298,962,15000.0,0,pending,Corporate Event,2024-11-13,Corporate,Tataouine,Tunisie,2,0.0,0.0,100,200,Hotel
15693,11712.0,203,1417,24000.0,0,confirmed,Birthday,2023-07-17,Corporate,Tataouine,Tunisie,2,0.0,0.0,100,200,Hotel
7031,141040.0,252,1608,19000.0,0,pending,Birthday,2025-04-02,Corporate,Tataouine,Tunisie,5,0.0,0.0,100,200,Hotel
16939,14561.0,249,22215,26000.0,7,pending,Birthday,2023-09-10,Birthday,Tataouine,Tunisie,5,0.0,0.0,100,200,Hotel
8248,10459.0,202,1983,12000.0,7,cancelled,Corporate Event,2024-04-08,Birthday,Tataouine,Tunisie,3,0.0,0.0,100,200,Hotel
9657,649.0,176,3661,25000.0,0,cancelled,Wedding,2025-10-24,Wedding,Tataouine,Tunisie,2,0.0,0.0,100,200,Hotel
508,14358.0,229,3480,17000.0,0,pending,Wedding,2025-07-04,Corporate,Tataouine,Tunisie,5,0.0,0.0,100,200,Hotel
2096,6319.0,203,1417,15000.0,0,confirmed,Birthday,2025-08-03,Wedding,Tataouine,Tunisie,3,0.0,0.0,100,200,Hotel
1774,13108.0,298,962,23000.0,1,confirmed,Corporate Event,2023-11-22,Wedding,Tataouine,Tunisie,4,0.0,0.0,100,200,Hotel
1408,7152.0,249,22215,13000.0,0,pending,Birthday,2023-05-23,Corporate,Tataouine,Tunisie,3,0.0,0.0,100,200,Hotel
10659,1566.0,229,3480,20000.0,1,confirmed,Corporate Event,2023-08-29,Wedding,Tataouine,Tunisie,2,0.0,0.0,100,200,Hotel
14987,65230.0,249,22215,26000.0,1,pending,Birthday,2022-10-16,Wedding,Tataouine,Tunisie,5,0.0,0.0,100,200,Hotel
7008,5883.0,229,3480,17000.0,7,pending,Wedding,2022-04-26,Birthday,Tataouine,Tunisie,3,0.0,0.0,100,200,Hotel
2082,10562.0,203,1258,15000.0,0,pending,Wedding,2022-05-04,Corporate,Tataouine,Tunisie,3,0.0,0.0,100,200,Hotel
12428,4191.0,203,1417,15000.0,0,pending,Birthday,2024-03-29,Corporate,Tataouine,Tunisie,5,0.0,0.0,100,200,Hotel
371,11728.0,229,3480,25000.0,0,pending,Birthday,2023-05-20,Wedding,Tataouine,Tunisie,5,0.0,0.0,100,200,Hotel
11947,10847.0,176,3661,26000.0,1,confirmed,Birthday,2022-01-22,Wedding,Tataouine,Tunisie,3,0.0,0.0,100,200,Hotel
16657,1091.0,229,3480,22000.0,7,pending,Corporate Event,2023-05-08,Birthday,Tataouine,Tunisie,1,0.0,0.0,100,200,Hotel
8849,10450.0,126,4896,23000.0,0,pending,Corporate Event,2024-02-19,Corporate,Tataouine,Tunisie,2,0.0,0.0,100,200,Hotel
10083,10028.0,203,1417,19000.0,7,cancelled,Corporate Event,2025-09-27,Birthday,Tataouine,Tunisie,5,0.0,0.0,100,200,Hotel
2971,8415.0,203,1258,23000.0,0,pending,Corporate Event,2024-03-15,Corporate,Tataouine,Tunisie,3,0.0,0.0,100,200,Hotel
3965,88990.0,203,1258,12000.0,1,confirmed,Corporate Event,2024-03-14,Wedding,Tataouine,Tunisie,4,0.0,0.0,100,200,Hotel
15651,12298.0,203,1258,20000.0,0,confirmed,Wedding,2024-10-01,Corporate,Tataouine,Tunisie,5,0.0,0.0,100,200,Hotel
15278,8118.0,239,4101,19000.0,1,pending,Wedding,2022-05-25,Wedding,Tataouine,Tunisie,4,0.0,0.0,100,200,Hotel
7272,10838.0,203,1417,25000.0,1,cancelled,Wedding,2022-06-02,Wedding,Tataouine,Tunisie,1,0.0,0.0,100,200,Hotel
15346,12738.0,202,1983,19000.0,0,confirmed,Corporate Event,2022-05-25,Corporate,Tataouine,Tunisie,5,0.0,0.0,100,200,Hotel
15870,7026.0,203,1258,25000.0,0,pending,Wedding,2023-10-01,Wedding,Tataouine,Tunisie,3,0.0,0.0,100,200,Hotel
4864,7250.0,155,66,21000.0,0,cancelled,Wedding,2024-04-29,Corporate,Tataouine,Tunisie,5,0.0,0.0,100,200,Hotel
17711,5705.0,176,3661,25000.0,7,cancelled,Corporate Event,2024-01-05,Birthday,Tataouine,Tunisie,1,0.0,0.0,100,200,Hotel
13549,101650.0,239,4101,15000.0,0,cancelled,Wedding,2025-04-21,Corporate,Tataouine,Tunisie,3,0.0,0.0,100,200,Hotel
16634,13159.0,203,1258,15000.0,7,cancelled,Birthday,2023-07-25,Birthday,Tataouine,Tunisie,4,0.0,0.0,100,200,Hotel
9321,8250.0,155,66,17000.0,0,pending,Corporate Event,2025-10-28,Corporate,Tataouine,Tunisie,4,0.0,0.0,100,200,Hotel
6632,5806.0,249,22215,26000.0,7,confirmed,Corporate Event,2025-12-26,Birthday,Tataouine,Tunisie,3,0.0,0.0,100,200,Hotel
4620,14446.0,126,4896,22000.0,7,confirmed,Birthday,2022-09-29,Birthday,Tataouine,Tunisie,4,0.0,0.0,100,200,Hotel
1854,7702.0,203,1258,22000.0,7,cancelled,Corporate Event,2024-12-27,Birthday,Tataouine,Tunisie,3,0.0,0.0,100,200,Hotel
6759,12584.0,203,1258,15000.0,0,confirmed,Birthday,2024-10-17,Corporate,Tataouine,Tunisie,3,0.0,0.0,100,200,Hotel
14974,54210.0,203,1417,21000.0,0,confirmed,Birthday,2025-12-10,Wedding,Tozeur,Tunisie,3,0.0,0.0,300,500,Venues de mariage privées
13253,12200.0,252,1608,24000.0,0,confirmed,Wedding,2022-05-14,Wedding,Tozeur,Tunisie,3,0.0,0.0,300,500,Venues de mariage privées
16059,13780.0,203,1258,21000.0,5,cancelled,Corporate Event,2024-11-07,Corporate,Tozeur,Tunisie,1,0.0,0.0,300,500,Venues de mariage privées
15210,14018.0,298,962,21000.0,0,pending,Wedding,2024-02-02,Wedding,Tozeur,Tunisie,1,0.0,0.0,300,500,Venues de mariage privées
8208,1950.0,176,3661,12000.0,5,pending,Birthday,2023-12-05,Corporate,Tozeur,Tunisie,3,0.0,0.0,300,500,Venues de mariage privées
3927,10645.0,203,1258,12000.0,0,cancelled,Corporate Event,2023-10-11,Wedding,Tozeur,Tunisie,2,0.0,0.0,300,500,Venues de mariage privées
215,3314.0,229,3480,13000.0,0,cancelled,Wedding,2022-10-22,Birthday,Tozeur,Tunisie,4,0.0,0.0,300,500,Venues de mariage privées
1832,11767.0,155,66,22000.0,0,confirmed,Birthday,2023-06-04,Wedding,Tozeur,Tunisie,4,0.0,0.0,300,500,Venues de mariage privées
3914,9134.0,202,1983,13000.0,0,cancelled,Wedding,2024-04-01,Birthday,Tozeur,Tunisie,2,0.0,0.0,300,500,Venues de mariage privées
17779,6231.0,126,4896,19000.0,0,confirmed,Birthday,2024-12-23,Wedding,Tozeur,Tunisie,1,0.0,0.0,300,500,Venues de mariage privées
388,1884.0,239,4101,24000.0,5,confirmed,Corporate Event,2025-09-20,Corporate,Tozeur,Tunisie,3,0.0,0.0,300,500,Venues de mariage privées
2230,8483.0,126,4896,19000.0,0,confirmed,Birthday,2023-11-05,Wedding,Tozeur,Tunisie,2,0.0,0.0,300,500,Venues de mariage privées
17089,9210.0,229,3480,13000.0,0,cancelled,Wedding,2022-06-23,Wedding,Tozeur,Tunisie,3,0.0,0.0,300,500,Venues de mariage privées
1279,12835.0,239,4101,20000.0,5,pending,Corporate Event,2023-10-27,Corporate,Tozeur,Tunisie,5,0.0,0.0,300,500,Venues de mariage privées
11666,8842.0,155,66,17000.0,0,confirmed,Birthday,2024-06-25,Birthday,Tozeur,Tunisie,1,0.0,0.0,300,500,Venues de mariage privées
3570,8610.0,229,3480,21000.0,5,confirmed,Corporate Event,2023-02-11,Corporate,Tozeur,Tunisie,3,0.0,0.0,300,500,Venues de mariage privées
2404,10661.0,203,1417,20000.0,0,confirmed,Wedding,2025-11-14,Wedding,Tozeur,Tunisie,2,0.0,0.0,300,500,Venues de mariage privées
14840,728.0,42,3577,24000.0,5,confirmed,Wedding,2025-05-10,Corporate,Tozeur,Tunisie,4,0.0,0.0,300,500,Venues de mariage privées
2525,5440.0,249,22215,13000.0,0,cancelled,Wedding,2024-05-29,Birthday,Tozeur,Tunisie,5,0.0,0.0,300,500,Venues de mariage privées
6136,11712.0,239,4101,22000.0,0,confirmed,Birthday,2025-07-30,Birthday,Tozeur,Tunisie,1,0.0,0.0,300,500,Venues de mariage privées
11269,3047.0,252,1608,24000.0,0,pending,Birthday,2023-04-08,Wedding,Tozeur,Tunisie,1,0.0,0.0,300,500,Venues de mariage privées
14440,14476.0,298,962,13000.0,5,pending,Birthday,2025-03-08,Corporate,Tozeur,Tunisie,1,0.0,0.0,300,500,Venues de mariage privées
14582,14113.0,203,1417,19000.0,5,cancelled,Corporate Event,2024-07-08,Corporate,Tozeur,Tunisie,2,0.0,0.0,300,500,Venues de mariage privées
13164,14366.0,249,22215,24000.0,0,confirmed,Corporate Event,2024-02-20,Birthday,Tozeur,Tunisie,1,0.0,0.0,300,500,Venues de mariage privées
12160,12728.0,202,1983,24000.0,5,cancelled,Wedding,2022-07-24,Corporate,Tozeur,Tunisie,1,0.0,0.0,300,500,Venues de mariage privées
311,12201.0,239,4101,21000.0,0,pending,Wedding,2023-05-27,Birthday,Tozeur,Tunisie,2,0.0,0.0,300,500,Venues de mariage privées
9566,3457.0,229,3480,19000.0,5,cancelled,Corporate Event,2022-08-20,Corporate,Tozeur,Tunisie,1,0.0,0.0,300,500,Venues de mariage privées
4157,5606.0,252,1608,23000.0,0,confirmed,Corporate Event,2023-02-18,Wedding,Tozeur,Tunisie,3,0.0,0.0,300,500,Venues de mariage privées
14021,13035.0,239,4101,19000.0,5,cancelled,Corporate Event,2025-07-16,Corporate,Tozeur,Tunisie,4,0.0,0.0,300,500,Venues de mariage privées
4563,2694.0,229,3480,17000.0,0,pending,Birthday,2024-11-27,Wedding,Tozeur,Tunisie,1,0.0,0.0,300,500,Venues de mariage privées
8713,4025.0,202,1983,22000.0,5,pending,Wedding,2024-12-17,Corporate,Tozeur,Tunisie,5,0.0,0.0,300,500,Venues de mariage privées
4535,5217.0,126,4896,20000.0,0,pending,Wedding,2025-07-19,Wedding,Tozeur,Tunisie,2,0.0,0.0,300,500,Venues de mariage privées
2859,7720.0,176,3661,23000.0,0,confirmed,Corporate Event,2022-05-21,Wedding,Tozeur,Tunisie,3,0.0,0.0,300,500,Venues de mariage privées
17918,14597.0,203,1258,12000.0,5,pending,Wedding,2023-10-29,Corporate,Tozeur,Tunisie,4,0.0,0.0,300,500,Venues de mariage privées
459,4338.0,249,22215,12000.0,5,cancelled,Birthday,2025-02-06,Corporate,Tozeur,Tunisie,1,0.0,0.0,300,500,Venues de mariage privées
11133,10015.0,229,3480,26000.0,0,confirmed,Birthday,2022-06-15,Wedding,Tozeur,Tunisie,2,0.0,0.0,300,500,Venues de mariage privées
9063,3595.0,249,22215,23000.0,0,cancelled,Wedding,2025-12-11,Wedding,Tozeur,Tunisie,2,0.0,0.0,300,500,Venues de mariage privées
2900,3686.0,202,1983,21000.0,0,pending,Wedding,2023-11-08,Wedding,Tozeur,Tunisie,2,0.0,0.0,300,500,Venues de mariage privées
16359,5492.0,203,1258,26000.0,5,cancelled,Wedding,2022-04-26,Corporate,Tozeur,Tunisie,5,0.0,0.0,300,500,Venues de mariage privées
6766,12813.0,298,962,13000.0,0,pending,Corporate Event,2022-03-30,Wedding,Tozeur,Tunisie,4,0.0,0.0,300,500,Venues de mariage privées
2757,1775.0,298,962,24000.0,5,pending,Wedding,2024-01-15,Corporate,Tozeur,Tunisie,3,0.0,0.0,300,500,Venues de mariage privées
4373,3892.0,249,22215,15000.0,5,cancelled,Birthday,2023-06-28,Corporate,Tozeur,Tunisie,4,0.0,0.0,300,500,Venues de mariage privées
8678,5211.0,203,1417,23000.0,0,pending,Wedding,2025-05-21,Wedding,Tozeur,Tunisie,3,0.0,0.0,300,500,Venues de mariage privées
4273,9139.0,42,3577,13000.0,5,cancelled,Birthday,2022-02-17,Corporate,Tozeur,Tunisie,5,0.0,0.0,300,500,Venues de mariage privées
11013,5158.0,126,4896,25000.0,0,confirmed,Corporate Event,2024-09-12,Wedding,Tozeur,Tunisie,1,0.0,0.0,300,500,Venues de mariage privées
10475,8840.0,203,1258,26000.0,0,pending,Wedding,2025-03-09,Wedding,Tozeur,Tunisie,1,0.0,0.0,300,500,Venues de mariage privées
8597,10093.0,249,22215,23000.0,5,cancelled,Wedding,2025-06-13,Corporate,Tozeur,Tunisie,5,0.0,0.0,300,500,Venues de mariage privées
15946,7898.0,126,4896,24000.0,0,pending,Wedding,2022-07-01,Wedding,Tozeur,Tunisie,4,0.0,0.0,300,500,Venues de mariage privées
7240,7630.0,252,1608,26000.0,0,confirmed,Corporate Event,2025-07-12,Wedding,Tozeur,Tunisie,5,0.0,0.0,300,500,Venues de mariage privées
3684,11129.0,202,1983,20000.0,0,cancelled,Birthday,2023-03-01,Wedding,Tozeur,Tunisie,5,0.0,0.0,300,500,Venues de mariage privées
5258,4385.0,155,66,17000.0,5,pending,Corporate Event,2025-11-06,Corporate,Tozeur,Tunisie,3,0.0,0.0,300,500,Venues de mariage privées
17608,2194.0,239,4101,19000.0,0,cancelled,Corporate Event,2023-11-19,Wedding,Tozeur,Tunisie,5,0.0,0.0,300,500,Venues de mariage privées
3642,13774.0,252,1608,19000.0,5,pending,Corporate Event,2023-02-02,Corporate,Tozeur,Tunisie,5,0.0,0.0,300,500,Venues de mariage privées
564,64770.0,252,1608,20000.0,5,cancelled,Corporate Event,2025-05-10,Corporate,Tozeur,Tunisie,4,0.0,0.0,300,500,Venues de mariage privées
11788,7970.0,203,1417,20000.0,0,cancelled,Corporate Event,2023-12-21,Wedding,Tozeur,Tunisie,2,0.0,0.0,300,500,Venues de mariage privées
17914,12061.0,249,22215,22000.0,5,confirmed,Birthday,2022-03-14,Corporate,Tozeur,Tunisie,4,0.0,0.0,300,500,Venues de mariage privées
9939,11905.0,252,1608,23000.0,0,pending,Corporate Event,2023-07-19,Birthday,Tozeur,Tunisie,4,0.0,0.0,300,500,Venues de mariage privées
11077,9085.0,42,3577,19000.0,5,pending,Wedding,2024-03-06,Corporate,Tozeur,Tunisie,5,0.0,0.0,300,500,Venues de mariage privées
1331,4705.0,126,4896,24000.0,0,confirmed,Corporate Event,2025-09-25,Wedding,Tozeur,Tunisie,2,0.0,0.0,300,500,Venues de mariage privées
13576,3908.0,126,4896,24000.0,5,confirmed,Wedding,2025-02-27,Corporate,Tozeur,Tunisie,5,0.0,0.0,300,500,Venues de mariage privées
2066,4574.0,249,22215,15000.0,5,cancelled,Corporate Event,2022-08-20,Corporate,Tozeur,Tunisie,1,0.0,0.0,300,500,Venues de mariage privées
15642,6344.0,203,1417,24000.0,5,confirmed,Corporate Event,2025-04-24,Corporate,Tozeur,Tunisie,3,0.0,0.0,300,500,Venues de mariage privées
8749,9971.0,239,4101,21000.0,0,confirmed,Corporate Event,2024-10-09,Wedding,Tozeur,Tunisie,3,0.0,0.0,300,500,Venues de mariage privées
1700,6869.0,298,962,21000.0,0,pending,Corporate Event,2022-03-03,Wedding,Tozeur,Tunisie,1,0.0,0.0,300,500,Venues de mariage privées
2764,5128.0,176,3661,21000.0,0,pending,Birthday,2024-12-11,Wedding,Tozeur,Tunisie,1,0.0,0.0,300,500,Venues de mariage privées
10323,13944.0,298,962,13000.0,5,pending,Wedding,2023-10-19,Corporate,Tozeur,Tunisie,5,0.0,0.0,300,500,Venues de mariage privées
7798,1518.0,176,3661,22000.0,0,cancelled,Wedding,2023-11-13,Birthday,Tozeur,Tunisie,3,0.0,0.0,300,500,Venues de mariage privées
4279,1127.0,202,1983,12000.0,0,pending,Corporate Event,2025-03-27,Birthday,Tozeur,Tunisie,3,0.0,0.0,300,500,Venues de mariage privées
12956,13726.0,203,1417,22000.0,0,pending,Birthday,2023-11-29,Wedding,Tozeur,Tunisie,3,0.0,0.0,300,500,Venues de mariage privées
16366,13270.0,203,1258,17000.0,0,confirmed,Birthday,2023-12-05,Wedding,Tozeur,Tunisie,4,0.0,0.0,300,500,Venues de mariage privées
2967,14848.0,155,66,19000.0,0,confirmed,Birthday,2024-09-05,Wedding,Tozeur,Tunisie,4,0.0,0.0,300,500,Venues de mariage privées
17547,7172.0,203,1417,13000.0,5,confirmed,Wedding,2022-06-25,Corporate,Tozeur,Tunisie,2,0.0,0.0,300,500,Venues de mariage privées
7750,8540.0,176,3661,15000.0,5,pending,Corporate Event,2023-10-19,Corporate,Tozeur,Tunisie,2,0.0,0.0,300,500,Venues de mariage privées
17669,1615.0,155,66,13000.0,0,cancelled,Corporate Event,2025-06-06,Birthday,Tozeur,Tunisie,5,0.0,0.0,300,500,Venues de mariage privées
14567,2062.0,229,3480,17000.0,5,pending,Corporate Event,2025-07-10,Corporate,Tozeur,Tunisie,5,0.0,0.0,300,500,Venues de mariage privées
9159,106940.0,126,4896,23000.0,0,confirmed,Birthday,2023-11-16,Wedding,Tozeur,Tunisie,4,0.0,0.0,300,500,Venues de mariage privées
1953,1235.0,252,1608,21000.0,0,cancelled,Corporate Event,2024-01-28,Wedding,Tozeur,Tunisie,5,0.0,0.0,300,500,Venues de mariage privées
10073,14178.0,155,66,26000.0,0,confirmed,Birthday,2022-12-17,Birthday,Tozeur,Tunisie,4,0.0,0.0,300,500,Venues de mariage privées
1028,10268.0,252,1608,20000.0,5,confirmed,Wedding,2024-10-25,Corporate,Tozeur,Tunisie,4,0.0,0.0,300,500,Venues de mariage privées
10041,1481.0,249,22215,26000.0,0,cancelled,Birthday,2024-03-02,Birthday,Tozeur,Tunisie,5,0.0,0.0,300,500,Venues de mariage privées
7735,7803.0,229,3480,20000.0,5,cancelled,Wedding,2022-02-07,Corporate,Tozeur,Tunisie,3,0.0,0.0,300,500,Venues de mariage privées
1256,7204.0,203,1417,25000.0,0,cancelled,Corporate Event,2024-12-03,Wedding,Tozeur,Tunisie,3,0.0,0.0,300,500,Venues de mariage privées
10735,2822.0,203,1417,23000.0,0,pending,Corporate Event,2024-12-09,Wedding,Tozeur,Tunisie,5,0.0,0.0,300,500,Venues de mariage privées
5930,431.0,155,66,26000.0,0,pending,Wedding,2024-12-17,Birthday,Tozeur,Tunisie,4,0.0,0.0,300,500,Venues de mariage privées
9652,4589.0,249,22215,19000.0,5,cancelled,Birthday,2025-07-27,Corporate,Tozeur,Tunisie,2,0.0,0.0,300,500,Venues de mariage privées
5535,7012.0,249,22215,20000.0,0,pending,Wedding,2025-12-20,Birthday,Tozeur,Tunisie,2,0.0,0.0,300,500,Venues de mariage privées
10049,10047.0,249,22215,24000.0,5,pending,Birthday,2024-11-04,Corporate,Tozeur,Tunisie,4,0.0,0.0,300,500,Venues de mariage privées
6074,8723.0,203,1258,21000.0,0,confirmed,Wedding,2024-06-29,Wedding,Tozeur,Tunisie,4,0.0,0.0,300,500,Venues de mariage privées
1944,8245.0,42,3577,24000.0,0,cancelled,Wedding,2025-02-11,Birthday,Tozeur,Tunisie,5,0.0,0.0,300,500,Venues de mariage privées
5492,13673.0,249,22215,12000.0,0,pending,Birthday,2023-08-09,Birthday,Tozeur,Tunisie,5,0.0,0.0,300,500,Venues de mariage privées
3159,1329.0,202,1983,20000.0,0,cancelled,Wedding,2025-09-13,Birthday,Tozeur,Tunisie,2,0.0,0.0,300,500,Venues de mariage privées
1469,13574.0,229,3480,21000.0,0,pending,Corporate Event,2024-11-30,Wedding,Tozeur,Tunisie,1,0.0,0.0,300,500,Venues de mariage privées
13819,12211.0,298,962,21000.0,0,confirmed,Birthday,2025-03-17,Wedding,Tozeur,Tunisie,3,0.0,0.0,300,500,Venues de mariage privées
2937,4054.0,203,1258,24000.0,0,confirmed,Birthday,2025-08-03,Wedding,Tozeur,Tunisie,3,0.0,0.0,300,500,Venues de mariage privées
7774,1366.0,298,962,24000.0,0,cancelled,Wedding,2025-06-17,Wedding,Tozeur,Tunisie,1,0.0,0.0,300,500,Venues de mariage privées
9108,1560.0,239,4101,26000.0,0,pending,Wedding,2023-11-11,Birthday,Tozeur,Tunisie,1,0.0,0.0,300,500,Venues de mariage privées
2159,13539.0,176,3661,12000.0,0,pending,Wedding,2024-03-04,Birthday,Tozeur,Tunisie,5,0.0,0.0,300,500,Venues de mariage privées
4123,1077.0,176,3661,26000.0,0,pending,Corporate Event,2024-08-03,Birthday,Tozeur,Tunisie,1,0.0,0.0,300,500,Venues de mariage privées
13763,9814.0,298,962,19000.0,0,confirmed,Wedding,2025-06-08,Wedding,Tozeur,Tunisie,3,0.0,0.0,300,500,Venues de mariage privées
12226,2921.0,252,1608,15000.0,0,pending,Corporate Event,2024-03-28,Birthday,Tozeur,Tunisie,1,0.0,0.0,300,500,Venues de mariage privées
5933,331.0,203,1417,17000.0,0,pending,Birthday,2022-03-12,Wedding,Tozeur,Tunisie,3,0.0,0.0,300,500,Venues de mariage privées
3275,14167.0,176,3661,20000.0,0,pending,Wedding,2022-06-05,Birthday,Tozeur,Tunisie,3,0.0,0.0,300,500,Venues de mariage privées
11612,8606.0,239,4101,26000.0,5,pending,Wedding,2024-12-12,Corporate,Tozeur,Tunisie,5,0.0,0.0,300,500,Venues de mariage privées
15733,8908.0,176,3661,20000.0,0,confirmed,Birthday,2023-02-19,Wedding,Tozeur,Tunisie,3,0.0,0.0,300,500,Venues de mariage privées
12236,6578.0,252,1608,19000.0,0,pending,Birthday,2024-06-25,Birthday,Tozeur,Tunisie,1,0.0,0.0,300,500,Venues de mariage privées
17934,7593.0,298,962,17000.0,0,pending,Corporate Event,2025-12-09,Wedding,Tozeur,Tunisie,2,0.0,0.0,300,500,Venues de mariage privées
7988,12809.0,203,1258,17000.0,0,confirmed,Birthday,2023-05-12,Wedding,Tozeur,Tunisie,1,0.0,0.0,300,500,Venues de mariage privées
17576,9613.0,229,3480,21000.0,5,cancelled,Wedding,2025-06-24,Corporate,Tozeur,Tunisie,5,0.0,0.0,300,500,Venues de mariage privées
9062,10125.0,239,4101,23000.0,5,confirmed,Corporate Event,2022-08-28,Corporate,Tozeur,Tunisie,3,0.0,0.0,300,500,Venues de mariage privées
15262,5996.0,202,1983,21000.0,5,cancelled,Birthday,2025-03-14,Corporate,Tozeur,Tunisie,2,0.0,0.0,300,500,Venues de mariage privées
2685,53370.0,239,4101,12000.0,0,confirmed,Wedding,2023-02-28,Birthday,Tozeur,Tunisie,5,0.0,0.0,300,500,Venues de mariage privées
5610,84200.0,229,3480,25000.0,0,cancelled,Wedding,2022-09-21,Birthday,Tozeur,Tunisie,5,0.0,0.0,300,500,Venues de mariage privées
13758,10706.0,249,22215,26000.0,0,cancelled,Corporate Event,2024-11-13,Wedding,Tozeur,Tunisie,4,0.0,0.0,300,500,Venues de mariage privées
12471,6716.0,42,3577,26000.0,0,confirmed,Wedding,2024-01-13,Birthday,Tozeur,Tunisie,2,0.0,0.0,300,500,Venues de mariage privées
5831,1354.0,298,962,25000.0,5,confirmed,Birthday,2022-08-26,Corporate,Tozeur,Tunisie,3,0.0,0.0,300,500,Venues de mariage privées
5526,6406.0,203,1258,22000.0,0,confirmed,Wedding,2024-10-23,Wedding,Tozeur,Tunisie,5,0.0,0.0,300,500,Venues de mariage privées
14331,10159.0,176,3661,15000.0,0,confirmed,Wedding,2023-12-16,Wedding,Tozeur,Tunisie,4,0.0,0.0,300,500,Venues de mariage privées
14383,13265.0,252,1608,20000.0,0,pending,Wedding,2024-12-11,Wedding,Tozeur,Tunisie,3,0.0,0.0,300,500,Venues de mariage privées
6884,5326.0,203,1417,26000.0,0,cancelled,Birthday,2024-03-25,Wedding,Tozeur,Tunisie,3,0.0,0.0,300,500,Venues de mariage privées
7556,10210.0,155,66,17000.0,0,pending,Wedding,2023-03-03,Wedding,Tozeur,Tunisie,4,0.0,0.0,300,500,Venues de mariage privées
567,3609.0,155,66,22000.0,0,confirmed,Corporate Event,2024-08-27,Wedding,Tozeur,Tunisie,5,0.0,0.0,300,500,Venues de mariage privées
10002,9368.0,202,1983,26000.0,0,pending,Corporate Event,2024-09-27,Wedding,Tozeur,Tunisie,5,0.0,0.0,300,500,Venues de mariage privées
8712,7116.0,239,4101,23000.0,0,confirmed,Wedding,2025-06-17,Wedding,Tozeur,Tunisie,4,0.0,0.0,300,500,Venues de mariage privées
8771,13537.0,298,962,15000.0,0,cancelled,Wedding,2023-02-07,Wedding,Tozeur,Tunisie,3,0.0,0.0,300,500,Venues de mariage privées
14109,6682.0,203,1258,20000.0,0,pending,Corporate Event,2023-08-13,Wedding,Tozeur,Tunisie,4,0.0,0.0,300,500,Venues de mariage privées
17581,11820.0,249,22215,23000.0,0,pending,Corporate Event,2022-10-08,Wedding,Tozeur,Tunisie,3,0.0,0.0,300,500,Venues de mariage privées
10795,13063.0,298,962,13000.0,0,confirmed,Birthday,2024-12-08,Wedding,Tozeur,Tunisie,1,0.0,0.0,300,500,Venues de mariage privées
7322,5962.0,203,1258,25000.0,0,pending,Wedding,2024-04-23,Wedding,Tozeur,Tunisie,2,0.0,0.0,300,500,Venues de mariage privées
7102,6209.0,155,66,19000.0,0,confirmed,Corporate Event,2022-01-23,Birthday,Tozeur,Tunisie,2,0.0,0.0,300,500,Venues de mariage privées
3674,1701.0,203,1258,25000.0,5,cancelled,Corporate Event,2025-05-22,Corporate,Tozeur,Tunisie,3,0.0,0.0,300,500,Venues de mariage privées
12724,916.0,176,3661,26000.0,5,confirmed,Wedding,2022-03-31,Corporate,Tozeur,Tunisie,1,0.0,0.0,300,500,Venues de mariage privées
11334,12347.0,203,1417,15000.0,5,pending,Corporate Event,2022-05-07,Corporate,Tozeur,Tunisie,4,0.0,0.0,300,500,Venues de mariage privées
5745,11287.0,249,22215,12000.0,0,confirmed,Wedding,2022-07-16,Wedding,Tozeur,Tunisie,4,0.0,0.0,300,500,Venues de mariage privées
13984,14522.0,42,3577,12000.0,5,cancelled,Wedding,2023-01-10,Corporate,Tozeur,Tunisie,2,0.0,0.0,300,500,Venues de mariage privées
14121,1336.0,202,1983,15000.0,0,confirmed,Corporate Event,2025-04-04,Wedding,Tozeur,Tunisie,1,0.0,0.0,300,500,Venues de mariage privées
1429,14822.0,239,4101,15000.0,0,pending,Wedding,2023-06-03,Wedding,Tozeur,Tunisie,2,0.0,0.0,300,500,Venues de mariage privées
2275,8840.0,298,962,23000.0,5,confirmed,Corporate Event,2024-01-18,Corporate,Tozeur,Tunisie,5,0.0,0.0,300,500,Venues de mariage privées
12450,3179.0,202,1983,15000.0,0,cancelled,Wedding,2024-01-24,Birthday,Tozeur,Tunisie,4,0.0,0.0,300,500,Venues de mariage privées
10793,11297.0,155,66,19000.0,0,cancelled,Birthday,2025-05-27,Birthday,Tozeur,Tunisie,4,0.0,0.0,300,500,Venues de mariage privées
3545,12125.0,229,3480,26000.0,0,confirmed,Corporate Event,2023-10-14,Wedding,Tozeur,Tunisie,3,0.0,0.0,300,500,Venues de mariage privées
4987,13132.0,249,22215,13000.0,5,confirmed,Birthday,2024-04-15,Corporate,Tozeur,Tunisie,3,0.0,0.0,300,500,Venues de mariage privées
6465,12714.0,252,1608,21000.0,0,pending,Corporate Event,2024-12-21,Wedding,Tozeur,Tunisie,5,0.0,0.0,300,500,Venues de mariage privées
16480,14241.0,298,962,24000.0,5,confirmed,Corporate Event,2025-10-28,Corporate,Tozeur,Tunisie,5,0.0,0.0,300,500,Venues de mariage privées
7163,12838.0,176,3661,26000.0,0,pending,Wedding,2023-11-14,Wedding,Tozeur,Tunisie,2,0.0,0.0,300,500,Venues de mariage privées
14199,11948.0,176,3661,20000.0,0,pending,Corporate Event,2022-09-27,Birthday,Tozeur,Tunisie,2,0.0,0.0,300,500,Venues de mariage privées
6273,3589.0,42,3577,21000.0,0,confirmed,Corporate Event,2025-06-27,Wedding,Tozeur,Tunisie,1,0.0,0.0,300,500,Venues de mariage privées
9820,8024.0,249,22215,21000.0,5,pending,Wedding,2022-11-26,Corporate,Tozeur,Tunisie,1,0.0,0.0,300,500,Venues de mariage privées
16045,14286.0,202,1983,26000.0,0,cancelled,Corporate Event,2025-07-10,Wedding,Tozeur,Tunisie,5,0.0,0.0,300,500,Venues de mariage privées
16246,11512.0,126,4896,26000.0,0,confirmed,Birthday,2024-09-07,Wedding,Tozeur,Tunisie,4,0.0,0.0,300,500,Venues de mariage privées
7691,7118.0,155,66,23000.0,0,pending,Birthday,2022-05-31,Wedding,Tozeur,Tunisie,3,0.0,0.0,300,500,Venues de mariage privées
1255,8223.0,229,3480,23000.0,0,cancelled,Birthday,2022-01-04,Wedding,Tozeur,Tunisie,3,0.0,0.0,300,500,Venues de mariage privées
11205,13710.0,126,4896,24000.0,0,cancelled,Wedding,2025-04-23,Wedding,Tozeur,Tunisie,1,0.0,0.0,300,500,Venues de mariage privées
17961,14098.0,203,1417,15000.0,0,cancelled,Birthday,2025-06-18,Wedding,Tozeur,Tunisie,5,0.0,0.0,300,500,Venues de mariage privées
10206,14444.0,42,3577,24000.0,5,confirmed,Wedding,2022-07-26,Corporate,Tozeur,Tunisie,5,0.0,0.0,300,500,Venues de mariage privées
6249,2123.0,155,66,17000.0,0,confirmed,Birthday,2025-11-05,Wedding,Tozeur,Tunisie,4,0.0,0.0,300,500,Venues de mariage privées
990,11839.0,203,1258,24000.0,0,confirmed,Birthday,2024-08-15,Birthday,Tozeur,Tunisie,5,0.0,0.0,300,500,Venues de mariage privées
13897,9099.0,155,66,22000.0,0,cancelled,Corporate Event,2023-09-01,Wedding,Tozeur,Tunisie,3,0.0,0.0,300,500,Venues de mariage privées
12427,8829.0,126,4896,26000.0,0,cancelled,Birthday,2023-12-28,Wedding,Tozeur,Tunisie,3,0.0,0.0,300,500,Venues de mariage privées
14301,13055.0,203,1417,23000.0,0,cancelled,Wedding,2025-04-22,Birthday,Tozeur,Tunisie,2,0.0,0.0,300,500,Venues de mariage privées
5448,12188.0,202,1983,17000.0,0,pending,Wedding,2025-12-09,Wedding,Tozeur,Tunisie,1,0.0,0.0,300,500,Venues de mariage privées
8353,13010.0,203,1417,26000.0,5,confirmed,Wedding,2022-08-21,Corporate,Tozeur,Tunisie,1,0.0,0.0,300,500,Venues de mariage privées
15237,586.0,239,4101,26000.0,0,cancelled,Wedding,2023-10-13,Birthday,Tozeur,Tunisie,4,0.0,0.0,300,500,Venues de mariage privées
5324,10319.0,203,1417,13000.0,0,confirmed,Corporate Event,2023-01-27,Wedding,Tozeur,Tunisie,4,0.0,0.0,300,500,Venues de mariage privées
10958,1464.0,239,4101,12000.0,5,pending,Corporate Event,2023-03-21,Corporate,Tozeur,Tunisie,2,0.0,0.0,300,500,Venues de mariage privées
14782,5217.0,252,1608,26000.0,5,pending,Birthday,2025-02-10,Corporate,Tozeur,Tunisie,4,0.0,0.0,300,500,Venues de mariage privées
14392,1866.0,202,1983,24000.0,0,confirmed,Corporate Event,2022-08-11,Wedding,Tozeur,Tunisie,2,0.0,0.0,300,500,Venues de mariage privées
16323,2726.0,126,4896,22000.0,5,confirmed,Birthday,2023-01-17,Corporate,Tozeur,Tunisie,3,0.0,0.0,300,500,Venues de mariage privées
15725,13711.0,203,1417,22000.0,0,pending,Birthday,2022-07-25,Wedding,Tozeur,Tunisie,4,0.0,0.0,300,500,Venues de mariage privées
6905,11673.0,229,3480,23000.0,0,cancelled,Wedding,2024-06-08,Wedding,Tozeur,Tunisie,2,0.0,0.0,300,500,Venues de mariage privées
1221,9366.0,252,1608,15000.0,0,pending,Corporate Event,2022-05-25,Wedding,Tozeur,Tunisie,4,0.0,0.0,300,500,Venues de mariage privées
8599,7353.0,298,962,23000.0,5,cancelled,Birthday,2025-06-04,Corporate,Tozeur,Tunisie,1,0.0,0.0,300,500,Venues de mariage privées
4394,9918.0,126,4896,13000.0,0,confirmed,Wedding,2024-07-22,Wedding,Tozeur,Tunisie,1,0.0,0.0,300,500,Venues de mariage privées
11297,14816.0,249,22215,26000.0,0,cancelled,Birthday,2025-06-27,Birthday,Tozeur,Tunisie,5,0.0,0.0,300,500,Venues de mariage privées
17715,13262.0,239,4101,24000.0,0,confirmed,Wedding,2024-09-24,Wedding,Tozeur,Tunisie,3,0.0,0.0,300,500,Venues de mariage privées
15622,3044.0,176,3661,24000.0,0,confirmed,Corporate Event,2022-03-16,Wedding,Tozeur,Tunisie,4,0.0,0.0,300,500,Venues de mariage privées
14998,5543.0,202,1983,19000.0,0,confirmed,Wedding,2022-06-30,Wedding,Tozeur,Tunisie,1,0.0,0.0,300,500,Venues de mariage privées
8696,14710.0,42,3577,13000.0,0,pending,Birthday,2025-02-09,Birthday,Tozeur,Tunisie,2,0.0,0.0,300,500,Venues de mariage privées
5420,13000.0,298,962,21000.0,0,cancelled,Birthday,2022-12-23,Wedding,Tozeur,Tunisie,3,0.0,0.0,300,500,Venues de mariage privées
12773,4091.0,202,1983,17000.0,5,pending,Wedding,2023-11-11,Corporate,Tozeur,Tunisie,2,0.0,0.0,300,500,Venues de mariage privées
9720,4803.0,249,22215,21000.0,5,confirmed,Wedding,2024-12-29,Corporate,Tozeur,Tunisie,1,0.0,0.0,300,500,Venues de mariage privées
16151,13402.0,203,1417,23000.0,0,pending,Wedding,2023-03-20,Birthday,Tozeur,Tunisie,1,0.0,0.0,300,500,Venues de mariage privées
9216,12763.0,252,1608,22000.0,0,pending,Birthday,2022-11-11,Wedding,Tozeur,Tunisie,3,0.0,0.0,300,500,Venues de mariage privées
7996,4522.0,298,962,12000.0,0,pending,Wedding,2022-08-14,Wedding,Tozeur,Tunisie,4,0.0,0.0,300,500,Venues de mariage privées
12414,11818.0,126,4896,20000.0,0,pending,Corporate Event,2024-08-01,Birthday,Tozeur,Tunisie,2,0.0,0.0,300,500,Venues de mariage privées
9273,7637.0,202,1983,20000.0,5,confirmed,Birthday,2023-08-02,Corporate,Tozeur,Tunisie,2,0.0,0.0,300,500,Venues de mariage privées
4450,392.0,203,1417,23000.0,5,pending,Wedding,2022-11-27,Corporate,Tozeur,Tunisie,3,0.0,0.0,300,500,Venues de mariage privées
2514,11644.0,202,1983,17000.0,0,confirmed,Corporate Event,2023-01-19,Birthday,Tozeur,Tunisie,3,0.0,0.0,300,500,Venues de mariage privées
15453,4931.0,249,22215,12000.0,0,confirmed,Wedding,2023-05-07,Wedding,Tozeur,Tunisie,1,0.0,0.0,300,500,Venues de mariage privées
2567,9588.0,155,66,20000.0,0,confirmed,Corporate Event,2024-10-31,Wedding,Tozeur,Tunisie,1,0.0,0.0,300,500,Venues de mariage privées
17827,8074.0,239,4101,22000.0,0,cancelled,Wedding,2025-08-30,Birthday,Tozeur,Tunisie,3,0.0,0.0,300,500,Venues de mariage privées
15407,1513.0,176,3661,22000.0,0,cancelled,Birthday,2024-12-18,Birthday,Tozeur,Tunisie,5,0.0,0.0,300,500,Venues de mariage privées
2300,12093.0,42,3577,24000.0,0,pending,Corporate Event,2023-02-13,Birthday,Tozeur,Tunisie,4,0.0,0.0,300,500,Venues de mariage privées
8245,4360.0,202,1983,19000.0,0,pending,Wedding,2023-04-26,Wedding,Tozeur,Tunisie,4,0.0,0.0,300,500,Venues de mariage privées
12422,6016.0,203,1417,19000.0,5,pending,Corporate Event,2024-08-22,Corporate,Tozeur,Tunisie,4,0.0,0.0,300,500,Venues de mariage privées
11609,5658.0,203,1417,21000.0,0,confirmed,Corporate Event,2022-12-30,Birthday,Tozeur,Tunisie,4,0.0,0.0,300,500,Venues de mariage privées
14448,12071.0,155,66,13000.0,0,cancelled,Corporate Event,2024-09-26,Birthday,Tozeur,Tunisie,1,0.0,0.0,300,500,Venues de mariage privées
9269,14156.0,249,22215,26000.0,0,confirmed,Corporate Event,2024-07-02,Wedding,Tozeur,Tunisie,4,0.0,0.0,300,500,Venues de mariage privées
15331,971.0,252,1608,20000.0,5,cancelled,Corporate Event,2022-01-11,Corporate,Tozeur,Tunisie,1,0.0,0.0,300,500,Venues de mariage privées
6662,5788.0,239,4101,20000.0,0,cancelled,Wedding,2023-09-08,Birthday,Tozeur,Tunisie,3,0.0,0.0,300,500,Venues de mariage privées
4839,12821.0,239,4101,19000.0,5,cancelled,Wedding,2022-11-17,Corporate,Tozeur,Tunisie,5,0.0,0.0,300,500,Venues de mariage privées
3095,3965.0,155,66,24000.0,0,pending,Birthday,2023-04-13,Wedding,Tozeur,Tunisie,2,0.0,0.0,300,500,Venues de mariage privées
8663,10992.0,229,3480,20000.0,0,cancelled,Corporate Event,2025-02-19,Birthday,Tozeur,Tunisie,3,0.0,0.0,300,500,Venues de mariage privées
4569,746.0,203,1258,25000.0,5,confirmed,Wedding,2023-12-25,Corporate,Tozeur,Tunisie,5,0.0,0.0,300,500,Venues de mariage privées
1327,9075.0,202,1983,17000.0,0,pending,Wedding,2022-02-12,Birthday,Tozeur,Tunisie,4,0.0,0.0,300,500,Venues de mariage privées
10252,14041.0,203,1258,23000.0,0,confirmed,Wedding,2025-07-12,Wedding,Tozeur,Tunisie,1,0.0,0.0,300,500,Venues de mariage privées
1517,847.0,202,1983,20000.0,0,cancelled,Birthday,2024-05-30,Wedding,Tozeur,Tunisie,5,0.0,0.0,300,500,Venues de mariage privées
5151,13953.0,203,1258,19000.0,5,cancelled,Corporate Event,2023-11-23,Corporate,Tozeur,Tunisie,1,0.0,0.0,300,500,Venues de mariage privées
9893,3847.0,176,3661,24000.0,5,cancelled,Corporate Event,2022-12-05,Corporate,Tozeur,Tunisie,1,0.0,0.0,300,500,Venues de mariage privées
13417,2650.0,298,962,21000.0,0,cancelled,Corporate Event,2025-07-09,Wedding,Tozeur,Tunisie,4,0.0,0.0,300,500,Venues de mariage privées
7277,12632.0,126,4896,21000.0,0,cancelled,Birthday,2023-09-19,Birthday,Tozeur,Tunisie,3,0.0,0.0,300,500,Venues de mariage privées
4873,4892.0,239,4101,26000.0,0,confirmed,Birthday,2024-04-04,Birthday,Tozeur,Tunisie,1,0.0,0.0,300,500,Venues de mariage privées
3340,9898.0,155,66,13000.0,5,pending,Corporate Event,2025-01-25,Corporate,Tozeur,Tunisie,3,0.0,0.0,300,500,Venues de mariage privées
17374,10326.0,252,1608,25000.0,5,pending,Birthday,2023-05-11,Corporate,Tozeur,Tunisie,3,0.0,0.0,300,500,Venues de mariage privées
5917,10098.0,229,3480,13000.0,5,pending,Corporate Event,2024-04-10,Corporate,Tozeur,Tunisie,4,0.0,0.0,300,500,Venues de mariage privées
14781,6252.0,155,66,24000.0,0,pending,Corporate Event,2022-12-01,Wedding,Tozeur,Tunisie,4,0.0,0.0,300,500,Venues de mariage privées
8863,1918.0,176,3661,13000.0,0,pending,Birthday,2024-06-30,Wedding,Tozeur,Tunisie,4,0.0,0.0,300,500,Venues de mariage privées
16539,1205.0,298,962,19000.0,0,pending,Wedding,2025-01-04,Birthday,Tozeur,Tunisie,3,0.0,0.0,300,500,Venues de mariage privées
4702,8774.0,155,66,26000.0,0,confirmed,Birthday,2022-07-21,Wedding,Tozeur,Tunisie,2,0.0,0.0,300,500,Venues de mariage privées
5521,12179.0,298,962,23000.0,5,confirmed,Corporate Event,2023-01-18,Corporate,Tozeur,Tunisie,2,0.0,0.0,300,500,Venues de mariage privées
4572,14402.0,239,4101,15000.0,0,cancelled,Corporate Event,2023-03-31,Birthday,Tozeur,Tunisie,4,0.0,0.0,300,500,Venues de mariage privées
15600,3604.0,203,1417,22000.0,0,cancelled,Corporate Event,2025-12-03,Birthday,Tozeur,Tunisie,3,0.0,0.0,300,500,Venues de mariage privées
16568,5948.0,126,4896,26000.0,0,confirmed,Birthday,2025-05-28,Wedding,Tozeur,Tunisie,5,0.0,0.0,300,500,Venues de mariage privées
9369,2808.0,203,1258,12000.0,4,cancelled,Corporate Event,2022-10-08,Wedding,Kairouan,Tunisie,5,0.0,0.0,300,500,Venues de mariage privées
6138,9038.0,252,1608,24000.0,9,cancelled,Wedding,2022-03-03,Wedding,Kairouan,Tunisie,2,0.0,0.0,300,500,Venues de mariage privées
14469,9275.0,155,66,13000.0,5,confirmed,Wedding,2025-01-18,Corporate,Kairouan,Tunisie,5,0.0,0.0,300,500,Venues de mariage privées
14586,1198.0,126,4896,13000.0,7,cancelled,Birthday,2024-08-30,Birthday,Kairouan,Tunisie,4,0.0,0.0,300,500,Venues de mariage privées
16547,9231.0,155,66,24000.0,5,confirmed,Birthday,2023-11-25,Corporate,Kairouan,Tunisie,5,0.0,0.0,300,500,Venues de mariage privées
10576,11123.0,203,1417,23000.0,9,cancelled,Corporate Event,2024-01-26,Wedding,Kairouan,Tunisie,4,0.0,0.0,300,500,Venues de mariage privées
5697,7955.0,42,3577,24000.0,7,pending,Birthday,2024-05-17,Birthday,Kairouan,Tunisie,4,0.0,0.0,300,500,Venues de mariage privées
14537,14332.0,202,1983,20000.0,9,confirmed,Corporate Event,2022-10-15,Wedding,Kairouan,Tunisie,1,0.0,0.0,300,500,Venues de mariage privées
8492,1375.0,252,1608,20000.0,9,confirmed,Wedding,2023-10-01,Wedding,Kairouan,Tunisie,5,0.0,0.0,300,500,Venues de mariage privées
8870,3148.0,298,962,22000.0,9,confirmed,Corporate Event,2023-10-12,Wedding,Kairouan,Tunisie,3,0.0,0.0,300,500,Venues de mariage privées
3288,4022.0,298,962,13000.0,7,cancelled,Birthday,2024-03-21,Birthday,Kairouan,Tunisie,5,0.0,0.0,300,500,Venues de mariage privées
11515,5101.0,203,1417,24000.0,9,confirmed,Corporate Event,2022-09-05,Wedding,Kairouan,Tunisie,1,0.0,0.0,300,500,Venues de mariage privées
3737,6030.0,176,3661,15000.0,7,confirmed,Birthday,2025-11-06,Birthday,Kairouan,Tunisie,1,0.0,0.0,300,500,Venues de mariage privées
1293,14137.0,155,66,22000.0,7,cancelled,Birthday,2023-08-11,Birthday,Kairouan,Tunisie,1,0.0,0.0,300,500,Venues de mariage privées
8106,11379.0,252,1608,26000.0,5,pending,Birthday,2024-10-22,Corporate,Kairouan,Tunisie,1,0.0,0.0,300,500,Venues de mariage privées
11663,2613.0,239,4101,22000.0,7,confirmed,Birthday,2025-02-27,Birthday,Kairouan,Tunisie,2,0.0,0.0,300,500,Venues de mariage privées
3974,913.0,252,1608,12000.0,9,confirmed,Birthday,2023-02-16,Wedding,Kairouan,Tunisie,1,0.0,0.0,300,500,Venues de mariage privées
17665,4264.0,298,962,25000.0,5,confirmed,Corporate Event,2025-03-01,Corporate,Kairouan,Tunisie,3,0.0,0.0,300,500,Venues de mariage privées
9430,13531.0,249,22215,21000.0,9,pending,Wedding,2024-02-05,Wedding,Kairouan,Tunisie,2,0.0,0.0,300,500,Venues de mariage privées
17923,1086.0,203,1258,25000.0,7,pending,Birthday,2024-12-12,Birthday,Kairouan,Tunisie,3,0.0,0.0,300,500,Venues de mariage privées
11546,4819.0,239,4101,12000.0,4,cancelled,Birthday,2023-12-13,Wedding,Kairouan,Tunisie,4,0.0,0.0,300,500,Venues de mariage privées
920,3810.0,203,1258,13000.0,5,cancelled,Birthday,2023-10-06,Corporate,Kairouan,Tunisie,3,0.0,0.0,300,500,Venues de mariage privées
3126,9678.0,252,1608,25000.0,5,confirmed,Corporate Event,2023-07-22,Corporate,Kairouan,Tunisie,2,0.0,0.0,300,500,Venues de mariage privées
9864,1620.0,202,1983,23000.0,9,cancelled,Wedding,2023-02-22,Wedding,Kairouan,Tunisie,4,0.0,0.0,300,500,Venues de mariage privées
1376,6491.0,229,3480,25000.0,9,pending,Wedding,2024-11-23,Wedding,Kairouan,Tunisie,5,0.0,0.0,300,500,Venues de mariage privées
11268,4878.0,298,962,26000.0,9,confirmed,Wedding,2025-10-11,Wedding,Kairouan,Tunisie,4,0.0,0.0,300,500,Venues de mariage privées
1707,14739.0,203,1417,22000.0,7,pending,Corporate Event,2024-10-16,Birthday,Kairouan,Tunisie,4,0.0,0.0,300,500,Venues de mariage privées
9680,1984.0,176,3661,26000.0,7,confirmed,Birthday,2024-11-10,Birthday,Kairouan,Tunisie,4,0.0,0.0,300,500,Venues de mariage privées
5313,14141.0,203,1258,24000.0,5,cancelled,Wedding,2025-01-19,Corporate,Kairouan,Tunisie,1,0.0,0.0,300,500,Venues de mariage privées
12023,10534.0,203,1417,12000.0,7,cancelled,Wedding,2023-02-22,Birthday,Kairouan,Tunisie,2,0.0,0.0,300,500,Venues de mariage privées
8352,9593.0,203,1258,15000.0,7,cancelled,Birthday,2022-10-18,Birthday,Kairouan,Tunisie,3,0.0,0.0,300,500,Venues de mariage privées
13854,1466.0,155,66,23000.0,9,confirmed,Corporate Event,2022-01-06,Wedding,Kairouan,Tunisie,2,0.0,0.0,300,500,Venues de mariage privées
17755,9926.0,203,1258,20000.0,7,cancelled,Corporate Event,2023-04-03,Birthday,Kairouan,Tunisie,5,0.0,0.0,300,500,Venues de mariage privées
6951,14857.0,202,1983,15000.0,4,confirmed,Birthday,2023-03-28,Wedding,Kairouan,Tunisie,4,0.0,0.0,300,500,Venues de mariage privées
5839,11716.0,42,3577,22000.0,9,confirmed,Wedding,2022-06-05,Wedding,Kairouan,Tunisie,4,0.0,0.0,300,500,Venues de mariage privées
3264,3980.0,239,4101,13000.0,9,cancelled,Birthday,2025-01-12,Wedding,Kairouan,Tunisie,2,0.0,0.0,300,500,Venues de mariage privées
13831,4360.0,229,3480,24000.0,9,confirmed,Corporate Event,2022-03-04,Wedding,Kairouan,Tunisie,2,0.0,0.0,300,500,Venues de mariage privées
17572,3173.0,298,962,24000.0,5,cancelled,Birthday,2025-07-30,Corporate,Kairouan,Tunisie,5,0.0,0.0,300,500,Venues de mariage privées
17176,1054.0,202,1983,25000.0,5,pending,Birthday,2022-01-04,Corporate,Kairouan,Tunisie,2,0.0,0.0,300,500,Venues de mariage privées
16663,4084.0,42,3577,12000.0,9,pending,Corporate Event,2022-07-20,Wedding,Kairouan,Tunisie,2,0.0,0.0,300,500,Venues de mariage privées
4084,7287.0,202,1983,21000.0,7,cancelled,Corporate Event,2022-11-14,Birthday,Kairouan,Tunisie,4,0.0,0.0,300,500,Venues de mariage privées
3100,10006.0,176,3661,19000.0,9,confirmed,Birthday,2022-09-16,Wedding,Kairouan,Tunisie,5,0.0,0.0,300,500,Venues de mariage privées
5935,3915.0,203,1417,25000.0,9,pending,Corporate Event,2024-12-01,Wedding,Kairouan,Tunisie,3,0.0,0.0,300,500,Venues de mariage privées
2173,12186.0,298,962,20000.0,7,cancelled,Corporate Event,2022-11-28,Birthday,Kairouan,Tunisie,5,0.0,0.0,300,500,Venues de mariage privées
10460,9733.0,202,1983,21000.0,9,confirmed,Birthday,2022-07-20,Wedding,Kairouan,Tunisie,1,0.0,0.0,300,500,Venues de mariage privées
13584,124490.0,252,1608,22000.0,5,pending,Wedding,2022-11-24,Corporate,Kairouan,Tunisie,1,0.0,0.0,300,500,Venues de mariage privées
10131,5786.0,203,1417,24000.0,7,confirmed,Birthday,2023-02-06,Birthday,Kairouan,Tunisie,3,0.0,0.0,300,500,Venues de mariage privées
12634,8544.0,203,1258,24000.0,4,pending,Wedding,2024-10-25,Wedding,Kairouan,Tunisie,3,0.0,0.0,300,500,Venues de mariage privées
6994,2017.0,239,4101,20000.0,5,pending,Wedding,2025-11-16,Corporate,Kairouan,Tunisie,4,0.0,0.0,300,500,Venues de mariage privées
7237,1832.0,249,22215,21000.0,4,confirmed,Birthday,2025-10-31,Wedding,Kairouan,Tunisie,1,0.0,0.0,300,500,Venues de mariage privées
5592,1401.0,298,962,15000.0,7,confirmed,Corporate Event,2023-03-24,Birthday,Kairouan,Tunisie,4,0.0,0.0,300,500,Venues de mariage privées
5508,95740.0,126,4896,22000.0,7,cancelled,Wedding,2022-06-22,Birthday,Kairouan,Tunisie,5,0.0,0.0,300,500,Venues de mariage privées
1438,1226.0,155,66,12000.0,7,confirmed,Wedding,2025-07-12,Birthday,Kairouan,Tunisie,1,0.0,0.0,300,500,Venues de mariage privées
14948,12357.0,298,962,12000.0,7,cancelled,Corporate Event,2024-01-30,Birthday,Kairouan,Tunisie,1,0.0,0.0,300,500,Venues de mariage privées
14593,11245.0,176,3661,24000.0,5,cancelled,Wedding,2025-08-22,Corporate,Kairouan,Tunisie,2,0.0,0.0,300,500,Venues de mariage privées
14435,4148.0,155,66,24000.0,4,confirmed,Wedding,2025-10-28,Wedding,Kairouan,Tunisie,1,0.0,0.0,300,500,Venues de mariage privées
7001,141010.0,229,3480,24000.0,9,cancelled,Corporate Event,2025-03-16,Wedding,Kairouan,Tunisie,5,0.0,0.0,300,500,Venues de mariage privées
13692,7949.0,298,962,22000.0,9,confirmed,Corporate Event,2024-06-14,Wedding,Kairouan,Tunisie,2,0.0,0.0,300,500,Venues de mariage privées
16218,10879.0,249,22215,15000.0,5,pending,Corporate Event,2022-11-19,Corporate,Kairouan,Tunisie,5,0.0,0.0,300,500,Venues de mariage privées
2342,14612.0,155,66,22000.0,5,pending,Corporate Event,2024-10-11,Corporate,Kairouan,Tunisie,3,0.0,0.0,300,500,Venues de mariage privées
9682,1285.0,203,1258,25000.0,4,confirmed,Birthday,2022-11-08,Wedding,Kairouan,Tunisie,1,0.0,0.0,300,500,Venues de mariage privées
16908,9196.0,252,1608,12000.0,9,pending,Wedding,2022-08-26,Wedding,Kairouan,Tunisie,2,0.0,0.0,300,500,Venues de mariage privées
5794,4475.0,202,1983,15000.0,4,pending,Birthday,2025-05-09,Wedding,Kairouan,Tunisie,2,0.0,0.0,300,500,Venues de mariage privées
16104,11255.0,155,66,13000.0,7,confirmed,Birthday,2022-05-14,Birthday,Kairouan,Tunisie,1,0.0,0.0,300,500,Venues de mariage privées
10526,4258.0,203,1417,21000.0,4,confirmed,Birthday,2024-08-30,Wedding,Kairouan,Tunisie,5,0.0,0.0,300,500,Venues de mariage privées
2591,12683.0,155,66,23000.0,9,pending,Wedding,2023-11-27,Wedding,Kairouan,Tunisie,1,0.0,0.0,300,500,Venues de mariage privées
10219,4363.0,252,1608,26000.0,9,confirmed,Corporate Event,2025-08-14,Wedding,Kairouan,Tunisie,4,0.0,0.0,300,500,Venues de mariage privées
12538,4156.0,249,22215,26000.0,9,pending,Birthday,2025-06-30,Wedding,Kairouan,Tunisie,5,0.0,0.0,300,500,Venues de mariage privées
6855,40990.0,176,3661,15000.0,7,pending,Birthday,2022-10-02,Birthday,Kairouan,Tunisie,1,0.0,0.0,300,500,Venues de mariage privées
15291,4683.0,229,3480,25000.0,9,pending,Birthday,2023-12-03,Wedding,Kairouan,Tunisie,2,0.0,0.0,300,500,Venues de mariage privées
17078,11138.0,42,3577,13000.0,7,cancelled,Corporate Event,2022-04-28,Birthday,Kairouan,Tunisie,4,0.0,0.0,300,500,Venues de mariage privées
10888,13950.0,42,3577,13000.0,9,pending,Birthday,2025-06-25,Wedding,Kairouan,Tunisie,5,0.0,0.0,300,500,Venues de mariage privées
8763,40040.0,298,962,26000.0,4,pending,Wedding,2023-02-08,Wedding,Kairouan,Tunisie,2,0.0,0.0,300,500,Venues de mariage privées
15666,10113.0,155,66,24000.0,5,cancelled,Birthday,2025-08-14,Corporate,Kairouan,Tunisie,2,0.0,0.0,300,500,Venues de mariage privées
12980,1573.0,239,4101,12000.0,9,confirmed,Corporate Event,2023-12-28,Wedding,Kairouan,Tunisie,5,0.0,0.0,300,500,Venues de mariage privées
9693,10931.0,42,3577,25000.0,7,cancelled,Birthday,2023-06-11,Birthday,Kairouan,Tunisie,3,0.0,0.0,300,500,Venues de mariage privées
15164,11700.0,176,3661,19000.0,5,confirmed,Wedding,2023-05-25,Corporate,Kairouan,Tunisie,1,0.0,0.0,300,500,Venues de mariage privées
10255,8810.0,252,1608,26000.0,9,cancelled,Corporate Event,2023-02-09,Wedding,Kairouan,Tunisie,3,0.0,0.0,300,500,Venues de mariage privées
17279,2390.0,202,1983,25000.0,9,confirmed,Corporate Event,2023-05-20,Wedding,Kairouan,Tunisie,5,0.0,0.0,300,500,Venues de mariage privées
5974,3407.0,229,3480,19000.0,7,cancelled,Birthday,2025-09-18,Birthday,Kairouan,Tunisie,3,0.0,0.0,300,500,Venues de mariage privées
17113,10286.0,126,4896,26000.0,9,confirmed,Wedding,2022-04-08,Wedding,Kairouan,Tunisie,3,0.0,0.0,300,500,Venues de mariage privées
13862,5262.0,203,1258,15000.0,9,pending,Wedding,2022-05-29,Wedding,Kairouan,Tunisie,4,0.0,0.0,300,500,Venues de mariage privées
4184,8538.0,203,1417,19000.0,7,confirmed,Wedding,2023-07-11,Birthday,Kairouan,Tunisie,2,0.0,0.0,300,500,Venues de mariage privées
11364,4782.0,42,3577,20000.0,5,confirmed,Wedding,2025-08-11,Corporate,Kairouan,Tunisie,4,0.0,0.0,300,500,Venues de mariage privées
9782,434.0,252,1608,21000.0,7,cancelled,Birthday,2023-03-04,Birthday,Kairouan,Tunisie,4,0.0,0.0,300,500,Venues de mariage privées
9885,216.0,203,1417,19000.0,9,pending,Birthday,2025-08-25,Wedding,Kairouan,Tunisie,1,0.0,0.0,300,500,Venues de mariage privées
11696,9589.0,252,1608,21000.0,4,cancelled,Corporate Event,2025-07-25,Wedding,Kairouan,Tunisie,3,0.0,0.0,300,500,Venues de mariage privées
399,12652.0,202,1983,26000.0,7,cancelled,Corporate Event,2023-08-06,Birthday,Kairouan,Tunisie,1,0.0,0.0,300,500,Venues de mariage privées
17964,43120.0,298,962,22000.0,9,cancelled,Corporate Event,2025-05-02,Wedding,Kairouan,Tunisie,4,0.0,0.0,300,500,Venues de mariage privées
16394,4535.0,229,3480,15000.0,7,cancelled,Wedding,2023-01-29,Birthday,Kairouan,Tunisie,3,0.0,0.0,300,500,Venues de mariage privées
10891,12008.0,252,1608,22000.0,4,confirmed,Birthday,2023-12-12,Wedding,Kairouan,Tunisie,3,0.0,0.0,300,500,Venues de mariage privées
9176,14301.0,126,4896,13000.0,7,pending,Corporate Event,2024-07-13,Birthday,Kairouan,Tunisie,5,0.0,0.0,300,500,Venues de mariage privées
15124,11791.0,155,66,17000.0,9,pending,Wedding,2024-04-15,Wedding,Kairouan,Tunisie,4,0.0,0.0,300,500,Venues de mariage privées
15201,12601.0,229,3480,22000.0,4,pending,Wedding,2024-09-22,Wedding,Kairouan,Tunisie,3,0.0,0.0,300,500,Venues de mariage privées
11398,732.0,252,1608,19000.0,7,pending,Birthday,2023-08-04,Birthday,Kairouan,Tunisie,4,0.0,0.0,300,500,Venues de mariage privées
4234,1514.0,203,1417,22000.0,5,confirmed,Corporate Event,2023-01-06,Corporate,Kairouan,Tunisie,2,0.0,0.0,300,500,Venues de mariage privées
16328,13089.0,252,1608,19000.0,5,cancelled,Corporate Event,2024-04-10,Corporate,Kairouan,Tunisie,2,0.0,0.0,300,500,Venues de mariage privées
8329,11816.0,249,22215,15000.0,9,confirmed,Wedding,2023-08-26,Wedding,Kairouan,Tunisie,4,0.0,0.0,300,500,Venues de mariage privées
6669,10119.0,203,1258,25000.0,9,pending,Birthday,2024-06-30,Wedding,Kairouan,Tunisie,2,0.0,0.0,300,500,Venues de mariage privées
4512,14716.0,249,22215,17000.0,5,cancelled,Wedding,2025-08-03,Corporate,Kairouan,Tunisie,1,0.0,0.0,300,500,Venues de mariage privées
77,12250.0,249,22215,20000.0,9,cancelled,Wedding,2024-10-20,Wedding,Kairouan,Tunisie,5,0.0,0.0,300,500,Venues de mariage privées
91,9512.0,298,962,23000.0,9,pending,Wedding,2022-09-01,Wedding,Kairouan,Tunisie,1,0.0,0.0,300,500,Venues de mariage privées
7180,10651.0,239,4101,19000.0,7,pending,Corporate Event,2022-01-07,Birthday,Kairouan,Tunisie,5,0.0,0.0,300,500,Venues de mariage privées
2007,1715.0,249,22215,12000.0,7,confirmed,Wedding,2024-02-29,Birthday,Kairouan,Tunisie,1,0.0,0.0,300,500,Venues de mariage privées
11946,6952.0,298,962,20000.0,9,cancelled,Birthday,2022-07-19,Wedding,Kairouan,Tunisie,4,0.0,0.0,300,500,Venues de mariage privées
12523,1403.0,155,66,24000.0,9,pending,Birthday,2024-09-10,Wedding,Kairouan,Tunisie,5,0.0,0.0,300,500,Venues de mariage privées
5609,11799.0,229,3480,17000.0,5,confirmed,Corporate Event,2023-08-28,Corporate,Kairouan,Tunisie,1,0.0,0.0,300,500,Venues de mariage privées
7705,4116.0,203,1417,17000.0,7,confirmed,Corporate Event,2022-01-06,Birthday,Kairouan,Tunisie,5,0.0,0.0,300,500,Venues de mariage privées
7693,8732.0,42,3577,25000.0,9,confirmed,Corporate Event,2025-07-16,Wedding,Kairouan,Tunisie,3,0.0,0.0,300,500,Venues de mariage privées
2282,13903.0,249,22215,13000.0,4,cancelled,Wedding,2025-12-30,Wedding,Kairouan,Tunisie,5,0.0,0.0,300,500,Venues de mariage privées
251,7020.0,252,1608,23000.0,9,confirmed,Wedding,2022-01-04,Wedding,Kairouan,Tunisie,3,0.0,0.0,300,500,Venues de mariage privées
13585,6940.0,203,1417,26000.0,9,cancelled,Wedding,2022-10-25,Wedding,Kairouan,Tunisie,4,0.0,0.0,300,500,Venues de mariage privées
5052,3683.0,155,66,17000.0,4,confirmed,Wedding,2025-08-03,Wedding,Kairouan,Tunisie,4,0.0,0.0,300,500,Venues de mariage privées
6539,4638.0,229,3480,24000.0,4,pending,Birthday,2023-02-03,Wedding,Kairouan,Tunisie,4,0.0,0.0,300,500,Venues de mariage privées
756,5315.0,203,1258,19000.0,9,confirmed,Wedding,2023-12-14,Wedding,Kairouan,Tunisie,5,0.0,0.0,300,500,Venues de mariage privées
1966,8171.0,298,962,21000.0,4,confirmed,Corporate Event,2023-09-19,Wedding,Kairouan,Tunisie,1,0.0,0.0,300,500,Venues de mariage privées
11579,888.0,252,1608,25000.0,4,confirmed,Wedding,2022-11-09,Wedding,Kairouan,Tunisie,2,0.0,0.0,300,500,Venues de mariage privées
127,10674.0,203,1417,26000.0,9,pending,Corporate Event,2023-04-11,Wedding,Kairouan,Tunisie,5,0.0,0.0,300,500,Venues de mariage privées
11743,7695.0,202,1983,12000.0,7,pending,Birthday,2025-07-30,Birthday,Kairouan,Tunisie,2,0.0,0.0,300,500,Venues de mariage privées
14892,5124.0,202,1983,17000.0,4,pending,Birthday,2023-12-01,Wedding,Kairouan,Tunisie,2,0.0,0.0,300,500,Venues de mariage privées
73,12085.0,42,3577,17000.0,4,pending,Wedding,2023-10-01,Wedding,Kairouan,Tunisie,4,0.0,0.0,300,500,Venues de mariage privées
781,8664.0,249,22215,12000.0,9,pending,Wedding,2022-03-28,Wedding,Kairouan,Tunisie,4,0.0,0.0,300,500,Venues de mariage privées
775,14730.0,202,1983,26000.0,4,pending,Wedding,2022-02-20,Wedding,Kairouan,Tunisie,5,0.0,0.0,300,500,Venues de mariage privées
4758,7221.0,239,4101,24000.0,4,cancelled,Wedding,2024-03-10,Wedding,Kairouan,Tunisie,5,0.0,0.0,300,500,Venues de mariage privées
7274,13924.0,176,3661,20000.0,9,pending,Wedding,2022-07-01,Wedding,Kairouan,Tunisie,5,0.0,0.0,300,500,Venues de mariage privées
10845,14149.0,203,1258,25000.0,9,confirmed,Corporate Event,2024-04-21,Wedding,Kairouan,Tunisie,3,0.0,0.0,300,500,Venues de mariage privées
10188,2269.0,252,1608,15000.0,7,confirmed,Corporate Event,2025-05-19,Birthday,Kairouan,Tunisie,2,0.0,0.0,300,500,Venues de mariage privées
8211,8454.0,239,4101,22000.0,4,pending,Birthday,2022-08-12,Wedding,Kairouan,Tunisie,3,0.0,0.0,300,500,Venues de mariage privées
141,7606.0,155,66,21000.0,4,confirmed,Wedding,2024-01-27,Wedding,Kairouan,Tunisie,3,0.0,0.0,300,500,Venues de mariage privées
786,3920.0,249,22215,25000.0,7,confirmed,Birthday,2023-07-27,Birthday,Kairouan,Tunisie,5,0.0,0.0,300,500,Venues de mariage privées
9384,6323.0,176,3661,25000.0,9,cancelled,Corporate Event,2022-05-12,Wedding,Kairouan,Tunisie,3,0.0,0.0,300,500,Venues de mariage privées
9622,9761.0,249,22215,23000.0,5,cancelled,Birthday,2024-04-11,Corporate,Kairouan,Tunisie,1,0.0,0.0,300,500,Venues de mariage privées
7015,8419.0,126,4896,17000.0,5,confirmed,Wedding,2023-03-03,Corporate,Kairouan,Tunisie,5,0.0,0.0,300,500,Venues de mariage privées
12905,4966.0,202,1983,13000.0,9,pending,Corporate Event,2024-01-04,Wedding,Kairouan,Tunisie,4,0.0,0.0,300,500,Venues de mariage privées
7836,11072.0,239,4101,22000.0,7,cancelled,Wedding,2023-08-30,Birthday,Kairouan,Tunisie,2,0.0,0.0,300,500,Venues de mariage privées
135,13367.0,229,3480,23000.0,5,pending,Birthday,2023-03-30,Corporate,Kairouan,Tunisie,5,0.0,0.0,300,500,Venues de mariage privées
17082,2550.0,126,4896,23000.0,5,pending,Wedding,2022-07-30,Corporate,Kairouan,Tunisie,3,0.0,0.0,300,500,Venues de mariage privées
2343,2654.0,176,3661,23000.0,9,cancelled,Corporate Event,2024-11-09,Wedding,Kairouan,Tunisie,5,0.0,0.0,300,500,Venues de mariage privées
14527,12285.0,298,962,26000.0,9,pending,Birthday,2022-03-20,Wedding,Kairouan,Tunisie,5,0.0,0.0,300,500,Venues de mariage privées
2009,14994.0,176,3661,19000.0,4,confirmed,Corporate Event,2025-06-21,Wedding,Kairouan,Tunisie,5,0.0,0.0,300,500,Venues de mariage privées
15983,3073.0,126,4896,25000.0,7,confirmed,Wedding,2022-01-09,Birthday,Kairouan,Tunisie,5,0.0,0.0,300,500,Venues de mariage privées
11114,13382.0,126,4896,12000.0,4,pending,Birthday,2025-04-28,Wedding,Kairouan,Tunisie,1,0.0,0.0,300,500,Venues de mariage privées
13258,9450.0,176,3661,15000.0,4,cancelled,Wedding,2024-03-29,Wedding,Kairouan,Tunisie,4,0.0,0.0,300,500,Venues de mariage privées
16680,3069.0,229,3480,26000.0,7,cancelled,Corporate Event,2022-12-30,Birthday,Kairouan,Tunisie,1,0.0,0.0,300,500,Venues de mariage privées
14689,5074.0,229,3480,20000.0,9,pending,Wedding,2022-09-28,Wedding,Kairouan,Tunisie,3,0.0,0.0,300,500,Venues de mariage privées
17561,11726.0,203,1258,20000.0,9,cancelled,Corporate Event,2023-05-15,Wedding,Kairouan,Tunisie,4,0.0,0.0,300,500,Venues de mariage privées
16231,11708.0,239,4101,24000.0,4,confirmed,Wedding,2025-02-12,Wedding,Kairouan,Tunisie,3,0.0,0.0,300,500,Venues de mariage privées
2056,14674.0,249,22215,12000.0,5,confirmed,Birthday,2022-01-20,Corporate,Kairouan,Tunisie,1,0.0,0.0,300,500,Venues de mariage privées
925,5601.0,176,3661,13000.0,9,confirmed,Wedding,2024-06-30,Wedding,Kairouan,Tunisie,3,0.0,0.0,300,500,Venues de mariage privées
3538,11561.0,203,1258,26000.0,7,pending,Birthday,2024-10-16,Birthday,Kairouan,Tunisie,1,0.0,0.0,300,500,Venues de mariage privées
40,1070.0,203,1258,26000.0,9,cancelled,Corporate Event,2022-03-07,Wedding,Kairouan,Tunisie,4,0.0,0.0,300,500,Venues de mariage privées
1186,3428.0,202,1983,22000.0,9,pending,Wedding,2024-02-15,Wedding,Kairouan,Tunisie,4,0.0,0.0,300,500,Venues de mariage privées
15624,4454.0,203,1417,24000.0,9,cancelled,Corporate Event,2024-02-29,Wedding,Kairouan,Tunisie,2,0.0,0.0,300,500,Venues de mariage privées
15705,9671.0,126,4896,22000.0,9,confirmed,Corporate Event,2024-01-18,Wedding,Kairouan,Tunisie,2,0.0,0.0,300,500,Venues de mariage privées
8548,14593.0,42,3577,17000.0,9,cancelled,Corporate Event,2025-10-02,Wedding,Kairouan,Tunisie,4,0.0,0.0,300,500,Venues de mariage privées
7831,1299.0,239,4101,20000.0,7,confirmed,Wedding,2024-10-29,Birthday,Kairouan,Tunisie,3,0.0,0.0,300,500,Venues de mariage privées
14225,6448.0,252,1608,13000.0,5,pending,Wedding,2023-07-28,Corporate,Kairouan,Tunisie,3,0.0,0.0,300,500,Venues de mariage privées
5399,14523.0,229,3480,21000.0,4,confirmed,Wedding,2024-02-13,Wedding,Kairouan,Tunisie,5,0.0,0.0,300,500,Venues de mariage privées
2214,7939.0,229,3480,22000.0,4,confirmed,Wedding,2022-05-17,Wedding,Kairouan,Tunisie,5,0.0,0.0,300,500,Venues de mariage privées
8502,8558.0,203,1417,24000.0,7,pending,Wedding,2024-02-14,Birthday,Kairouan,Tunisie,2,0.0,0.0,300,500,Venues de mariage privées
4151,12772.0,176,3661,21000.0,7,confirmed,Corporate Event,2023-07-10,Birthday,Kairouan,Tunisie,5,0.0,0.0,300,500,Venues de mariage privées
3021,10341.0,252,1608,12000.0,5,confirmed,Birthday,2025-03-16,Corporate,Kairouan,Tunisie,1,0.0,0.0,300,500,Venues de mariage privées
17931,13654.0,155,66,24000.0,5,cancelled,Corporate Event,2025-01-16,Corporate,Kairouan,Tunisie,4,0.0,0.0,300,500,Venues de mariage privées
186,14395.0,239,4101,20000.0,9,pending,Birthday,2024-01-07,Wedding,Kairouan,Tunisie,1,0.0,0.0,300,500,Venues de mariage privées
5696,7574.0,202,1983,19000.0,7,cancelled,Corporate Event,2022-08-28,Birthday,Kairouan,Tunisie,2,0.0,0.0,300,500,Venues de mariage privées
14608,3232.0,126,4896,25000.0,5,cancelled,Birthday,2025-07-06,Corporate,Kairouan,Tunisie,5,0.0,0.0,300,500,Venues de mariage privées
12699,8518.0,252,1608,24000.0,7,confirmed,Birthday,2025-09-13,Birthday,Kairouan,Tunisie,3,0.0,0.0,300,500,Venues de mariage privées
13801,7815.0,176,3661,20000.0,7,confirmed,Corporate Event,2025-04-11,Birthday,Kairouan,Tunisie,2,0.0,0.0,300,500,Venues de mariage privées
16273,10492.0,203,1417,26000.0,4,confirmed,Birthday,2025-10-30,Wedding,Kairouan,Tunisie,4,0.0,0.0,300,500,Venues de mariage privées
17913,5296.0,249,22215,23000.0,9,pending,Corporate Event,2023-02-12,Wedding,Kairouan,Tunisie,3,0.0,0.0,300,500,Venues de mariage privées
2727,114050.0,155,66,12000.0,5,confirmed,Corporate Event,2022-06-15,Corporate,Kairouan,Tunisie,4,0.0,0.0,300,500,Venues de mariage privées
6565,1609.0,155,66,20000.0,7,cancelled,Birthday,2025-05-09,Birthday,Kairouan,Tunisie,1,0.0,0.0,300,500,Venues de mariage privées
3883,12029.0,155,66,20000.0,7,confirmed,Wedding,2023-07-19,Birthday,Kairouan,Tunisie,3,0.0,0.0,300,500,Venues de mariage privées
9203,6817.0,239,4101,25000.0,9,pending,Wedding,2025-09-18,Wedding,Kairouan,Tunisie,5,0.0,0.0,300,500,Venues de mariage privées
8239,6405.0,203,1417,15000.0,9,pending,Wedding,2025-02-11,Wedding,Kairouan,Tunisie,3,0.0,0.0,300,500,Venues de mariage privées
12364,13663.0,239,4101,24000.0,4,confirmed,Corporate Event,2025-08-14,Wedding,Kairouan,Tunisie,2,0.0,0.0,300,500,Venues de mariage privées
9395,10181.0,298,962,25000.0,7,confirmed,Wedding,2023-12-01,Birthday,Kairouan,Tunisie,1,0.0,0.0,300,500,Venues de mariage privées
3157,14934.0,203,1258,15000.0,7,confirmed,Birthday,2025-12-15,Birthday,Kairouan,Tunisie,1,0.0,0.0,300,500,Venues de mariage privées
13059,8119.0,239,4101,22000.0,9,pending,Corporate Event,2025-04-29,Wedding,Kairouan,Tunisie,5,0.0,0.0,300,500,Venues de mariage privées
5661,9825.0,249,22215,25000.0,4,pending,Birthday,2025-02-19,Wedding,Kairouan,Tunisie,2,0.0,0.0,300,500,Venues de mariage privées
6543,11427.0,42,3577,12000.0,4,pending,Wedding,2024-10-05,Wedding,Kairouan,Tunisie,2,0.0,0.0,300,500,Venues de mariage privées
7499,11603.0,229,3480,21000.0,9,pending,Wedding,2025-12-24,Wedding,Kairouan,Tunisie,4,0.0,0.0,300,500,Venues de mariage privées
11294,5549.0,203,1417,25000.0,9,confirmed,Birthday,2023-02-04,Wedding,Kairouan,Tunisie,3,0.0,0.0,300,500,Venues de mariage privées
4781,6100.0,239,4101,12000.0,9,confirmed,Wedding,2023-12-16,Wedding,Kairouan,Tunisie,1,0.0,0.0,300,500,Venues de mariage privées
12186,221.0,203,1417,19000.0,7,confirmed,Wedding,2024-06-13,Birthday,Kairouan,Tunisie,5,0.0,0.0,300,500,Venues de mariage privées
5984,804.0,203,1417,26000.0,9,confirmed,Corporate Event,2022-12-12,Wedding,Kairouan,Tunisie,1,0.0,0.0,300,500,Venues de mariage privées
3468,2088.0,203,1417,21000.0,7,pending,Corporate Event,2025-11-06,Birthday,Kairouan,Tunisie,5,0.0,0.0,300,500,Venues de mariage privées
13011,6969.0,176,3661,25000.0,5,confirmed,Birthday,2024-01-16,Corporate,Kairouan,Tunisie,1,0.0,0.0,300,500,Venues de mariage privées
475,11610.0,239,4101,13000.0,7,pending,Corporate Event,2023-02-24,Birthday,Kairouan,Tunisie,2,0.0,0.0,300,500,Venues de mariage privées
15117,5472.0,239,4101,13000.0,4,pending,Corporate Event,2025-07-30,Wedding,Kairouan,Tunisie,2,0.0,0.0,300,500,Venues de mariage privées
7619,9440.0,252,1608,21000.0,4,confirmed,Corporate Event,2024-11-16,Wedding,Kairouan,Tunisie,3,0.0,0.0,300,500,Venues de mariage privées
6709,7174.0,203,1258,25000.0,9,confirmed,Birthday,2025-02-07,Wedding,Kairouan,Tunisie,1,0.0,0.0,300,500,Venues de mariage privées
7106,4322.0,155,66,23000.0,7,pending,Birthday,2022-02-03,Birthday,Kairouan,Tunisie,3,0.0,0.0,300,500,Venues de mariage privées
17120,9231.0,126,4896,15000.0,4,cancelled,Corporate Event,2022-04-26,Wedding,Kairouan,Tunisie,3,0.0,0.0,300,500,Venues de mariage privées
6380,12785.0,155,66,24000.0,4,cancelled,Wedding,2023-03-16,Wedding,Kairouan,Tunisie,3,0.0,0.0,300,500,Venues de mariage privées
3121,9936.0,42,3577,26000.0,9,cancelled,Corporate Event,2024-03-09,Wedding,Kairouan,Tunisie,1,0.0,0.0,300,500,Venues de mariage privées
5884,4445.0,239,4101,20000.0,5,confirmed,Birthday,2025-06-19,Corporate,Kairouan,Tunisie,1,0.0,0.0,300,500,Venues de mariage privées
15434,13014.0,155,66,21000.0,5,pending,Corporate Event,2024-11-15,Corporate,Kairouan,Tunisie,2,0.0,0.0,300,500,Venues de mariage privées
4344,6542.0,202,1983,13000.0,7,pending,Corporate Event,2023-02-27,Birthday,Kairouan,Tunisie,5,0.0,0.0,300,500,Venues de mariage privées
3788,13487.0,203,1417,15000.0,9,pending,Wedding,2025-02-08,Wedding,Kairouan,Tunisie,5,0.0,0.0,300,500,Venues de mariage privées
9333,1946.0,203,1417,20000.0,7,cancelled,Birthday,2024-10-31,Birthday,Kairouan,Tunisie,5,0.0,0.0,300,500,Venues de mariage privées
14984,7234.0,203,1258,25000.0,5,confirmed,Corporate Event,2023-07-17,Corporate,Kairouan,Tunisie,2,0.0,0.0,300,500,Venues de mariage privées
9086,11827.0,42,3577,25000.0,9,confirmed,Wedding,2025-02-26,Wedding,Kairouan,Tunisie,1,0.0,0.0,300,500,Venues de mariage privées
7170,7487.0,239,4101,24000.0,5,cancelled,Corporate Event,2025-10-02,Corporate,Kairouan,Tunisie,5,0.0,0.0,300,500,Venues de mariage privées
4904,14763.0,239,4101,20000.0,9,confirmed,Birthday,2024-03-09,Wedding,Kairouan,Tunisie,3,0.0,0.0,300,500,Venues de mariage privées
11011,11935.0,202,1983,26000.0,7,pending,Birthday,2025-04-23,Birthday,Kairouan,Tunisie,4,0.0,0.0,300,500,Venues de mariage privées
1041,1652.0,42,3577,24000.0,5,confirmed,Birthday,2022-03-30,Corporate,Kairouan,Tunisie,3,0.0,0.0,300,500,Venues de mariage privées
11555,12435.0,239,4101,20000.0,7,pending,Corporate Event,2023-11-19,Birthday,Kairouan,Tunisie,4,0.0,0.0,300,500,Venues de mariage privées
17146,6175.0,126,4896,22000.0,7,cancelled,Birthday,2022-04-19,Birthday,Kairouan,Tunisie,2,0.0,0.0,300,500,Venues de mariage privées
17439,14840.0,155,66,13000.0,7,cancelled,Corporate Event,2024-02-01,Birthday,Kairouan,Tunisie,3,0.0,0.0,300,500,Venues de mariage privées
14365,14674.0,42,3577,17000.0,9,confirmed,Birthday,2024-01-13,Wedding,Kairouan,Tunisie,5,0.0,0.0,300,500,Venues de mariage privées
17318,13454.0,126,4896,17000.0,7,cancelled,Corporate Event,2023-04-19,Birthday,Kairouan,Tunisie,1,0.0,0.0,300,500,Venues de mariage privées
10507,4425.0,229,3480,20000.0,9,pending,Wedding,2022-04-19,Wedding,Kairouan,Tunisie,2,0.0,0.0,300,500,Venues de mariage privées
13634,7016.0,229,3480,19000.0,7,pending,Corporate Event,2023-07-12,Birthday,Kairouan,Tunisie,1,0.0,0.0,300,500,Venues de mariage privées
16460,9999.0,126,4896,25000.0,7,cancelled,Birthday,2023-12-13,Birthday,Kairouan,Tunisie,5,0.0,0.0,300,500,Venues de mariage privées
8843,13502.0,202,1983,22000.0,5,pending,Birthday,2023-01-22,Corporate,Kairouan,Tunisie,4,0.0,0.0,300,500,Venues de mariage privées
3455,523.0,298,962,15000.0,4,confirmed,Birthday,2025-12-05,Wedding,Kairouan,Tunisie,3,0.0,0.0,300,500,Venues de mariage privées
5684,1070.0,42,3577,25000.0,4,cancelled,Wedding,2024-06-17,Wedding,Kairouan,Tunisie,4,0.0,0.0,300,500,Venues de mariage privées
17652,12957.0,203,1417,17000.0,9,cancelled,Wedding,2024-11-18,Wedding,Kairouan,Tunisie,5,0.0,0.0,300,500,Venues de mariage privées
10392,13732.0,249,22215,12000.0,7,confirmed,Wedding,2023-03-22,Birthday,Kairouan,Tunisie,4,0.0,0.0,300,500,Venues de mariage privées
7544,7312.0,155,66,24000.0,9,confirmed,Corporate Event,2024-05-11,Wedding,Kairouan,Tunisie,3,0.0,0.0,300,500,Venues de mariage privées
13135,577.0,155,66,17000.0,4,pending,Wedding,2024-06-26,Wedding,Kairouan,Tunisie,2,0.0,0.0,300,500,Venues de mariage privées
11363,538.0,229,3480,13000.0,5,cancelled,Birthday,2024-11-05,Corporate,Kairouan,Tunisie,2,0.0,0.0,300,500,Venues de mariage privées
8309,9172.0,298,962,23000.0,9,confirmed,Birthday,2024-10-01,Wedding,Kairouan,Tunisie,5,0.0,0.0,300,500,Venues de mariage privées
9220,659.0,249,22215,24000.0,9,pending,Birthday,2022-03-14,Wedding,Kairouan,Tunisie,4,0.0,0.0,300,500,Venues de mariage privées
1069,10621.0,203,1417,24000.0,9,cancelled,Wedding,2023-12-14,Wedding,Kairouan,Tunisie,1,0.0,0.0,300,500,Venues de mariage privées
14082,12685.0,249,22215,23000.0,5,confirmed,Wedding,2024-01-13,Corporate,Kairouan,Tunisie,4,0.0,0.0,300,500,Venues de mariage privées
13251,1493.0,298,962,12000.0,7,confirmed,Birthday,2023-05-08,Birthday,Kairouan,Tunisie,3,0.0,0.0,300,500,Venues de mariage privées
16047,6735.0,126,4896,15000.0,4,confirmed,Corporate Event,2022-11-19,Wedding,Kairouan,Tunisie,4,0.0,0.0,300,500,Venues de mariage privées
17400,3172.0,229,3480,22000.0,7,confirmed,Wedding,2023-05-26,Birthday,Kairouan,Tunisie,4,0.0,0.0,300,500,Venues de mariage privées
8692,13559.0,239,4101,19000.0,9,confirmed,Wedding,2024-06-13,Wedding,Kairouan,Tunisie,5,0.0,0.0,300,500,Venues de mariage privées
11240,14675.0,298,962,22000.0,9,cancelled,Wedding,2023-07-22,Wedding,Kairouan,Tunisie,2,0.0,0.0,300,500,Venues de mariage privées
14271,135710.0,202,1983,22000.0,5,pending,Corporate Event,2023-09-10,Corporate,Kairouan,Tunisie,5,0.0,0.0,300,500,Venues de mariage privées
10634,14925.0,298,962,15000.0,4,pending,Birthday,2022-07-30,Wedding,Kairouan,Tunisie,1,0.0,0.0,300,500,Venues de mariage privées
9050,1635.0,42,3577,26000.0,9,confirmed,Birthday,2024-07-14,Wedding,Kairouan,Tunisie,1,0.0,0.0,300,500,Venues de mariage privées
14209,7828.0,155,66,20000.0,9,pending,Birthday,2022-04-21,Wedding,Kairouan,Tunisie,3,0.0,0.0,300,500,Venues de mariage privées
7939,5146.0,252,1608,13000.0,5,pending,Corporate Event,2022-06-07,Corporate,Kairouan,Tunisie,3,0.0,0.0,300,500,Venues de mariage privées
14035,2226.0,202,1983,20000.0,9,confirmed,Wedding,2022-08-05,Wedding,Kairouan,Tunisie,1,0.0,0.0,300,500,Venues de mariage privées
7645,6548.0,229,3480,26000.0,4,pending,Corporate Event,2022-12-05,Wedding,Kairouan,Tunisie,5,0.0,0.0,300,500,Venues de mariage privées
9493,835.0,42,3577,26000.0,5,cancelled,Corporate Event,2023-02-20,Corporate,Kairouan,Tunisie,1,0.0,0.0,300,500,Venues de mariage privées
1276,12537.0,202,1983,26000.0,7,confirmed,Corporate Event,2024-06-13,Birthday,Kairouan,Tunisie,1,0.0,0.0,300,500,Venues de mariage privées
1885,1512.0,203,1258,23000.0,9,cancelled,Birthday,2025-05-26,Wedding,Kairouan,Tunisie,4,0.0,0.0,300,500,Venues de mariage privées
10785,12686.0,126,4896,22000.0,4,cancelled,Wedding,2024-01-24,Wedding,Kairouan,Tunisie,2,0.0,0.0,300,500,Venues de mariage privées
1598,13765.0,155,66,24000.0,9,cancelled,Birthday,2024-07-02,Wedding,Kairouan,Tunisie,3,0.0,0.0,300,500,Venues de mariage privées
5753,10006.0,42,3577,17000.0,7,pending,Wedding,2024-03-12,Birthday,Kairouan,Tunisie,1,0.0,0.0,300,500,Venues de mariage privées
8784,2781.0,176,3661,13000.0,7,cancelled,Corporate Event,2022-05-26,Birthday,Kairouan,Tunisie,5,0.0,0.0,300,500,Venues de mariage privées
15845,5016.0,252,1608,13000.0,4,cancelled,Birthday,2025-04-15,Wedding,Kairouan,Tunisie,2,0.0,0.0,300,500,Venues de mariage privées
8365,5072.0,155,66,20000.0,7,confirmed,Corporate Event,2025-02-01,Birthday,Kairouan,Tunisie,5,0.0,0.0,300,500,Venues de mariage privées
9563,9285.0,229,3480,20000.0,9,pending,Birthday,2025-03-31,Wedding,Kairouan,Tunisie,4,0.0,0.0,300,500,Venues de mariage privées
7151,7840.0,202,1983,26000.0,5,pending,Wedding,2025-12-25,Corporate,Kairouan,Tunisie,4,0.0,0.0,300,500,Venues de mariage privées
6054,13167.0,239,4101,22000.0,9,cancelled,Wedding,2024-08-22,Wedding,Kairouan,Tunisie,5,0.0,0.0,300,500,Venues de mariage privées
10747,89880.0,298,962,24000.0,4,confirmed,Wedding,2022-04-30,Wedding,Kairouan,Tunisie,5,0.0,0.0,300,500,Venues de mariage privées
6203,12517.0,155,66,24000.0,9,cancelled,Birthday,2024-06-18,Wedding,Kairouan,Tunisie,1,0.0,0.0,300,500,Venues de mariage privées
16086,9695.0,229,3480,24000.0,7,pending,Birthday,2022-04-17,Birthday,Kairouan,Tunisie,5,0.0,0.0,300,500,Venues de mariage privées
10278,11861.0,249,22215,23000.0,9,pending,Wedding,2023-01-12,Wedding,Kairouan,Tunisie,5,0.0,0.0,300,500,Venues de mariage privées
14928,14649.0,42,3577,20000.0,5,confirmed,Corporate Event,2022-01-09,Corporate,Kairouan,Tunisie,2,0.0,0.0,300,500,Venues de mariage privées
1628,11174.0,203,1417,17000.0,9,confirmed,Corporate Event,2025-11-22,Wedding,Kairouan,Tunisie,3,0.0,0.0,300,500,Venues de mariage privées
3311,11359.0,252,1608,21000.0,7,confirmed,Corporate Event,2024-06-13,Birthday,Kairouan,Tunisie,5,0.0,0.0,300,500,Venues de mariage privées
3849,7429.0,155,66,25000.0,9,cancelled,Birthday,2024-12-12,Wedding,Kairouan,Tunisie,3,0.0,0.0,300,500,Venues de mariage privées
12480,12384.0,249,22215,12000.0,7,confirmed,Wedding,2024-08-15,Birthday,Kairouan,Tunisie,4,0.0,0.0,300,500,Venues de mariage privées
17273,7776.0,239,4101,26000.0,9,cancelled,Wedding,2022-02-06,Wedding,Kairouan,Tunisie,3,0.0,0.0,300,500,Venues de mariage privées
11571,7917.0,249,22215,13000.0,5,confirmed,Birthday,2023-01-28,Corporate,Kairouan,Tunisie,4,0.0,0.0,300,500,Venues de mariage privées
12334,7455.0,176,3661,24000.0,5,cancelled,Wedding,2025-02-14,Corporate,Kairouan,Tunisie,3,0.0,0.0,300,500,Venues de mariage privées
4090,7475.0,42,3577,23000.0,7,cancelled,Wedding,2022-10-29,Birthday,Kairouan,Tunisie,1,0.0,0.0,300,500,Venues de mariage privées
10952,11626.0,202,1983,15000.0,9,confirmed,Wedding,2022-05-06,Wedding,Kairouan,Tunisie,3,0.0,0.0,300,500,Venues de mariage privées
4818,2845.0,229,3480,25000.0,9,cancelled,Wedding,2023-06-08,Wedding,Kairouan,Tunisie,2,0.0,0.0,300,500,Venues de mariage privées
4385,1746.0,42,3577,22000.0,9,pending,Birthday,2024-09-28,Wedding,Kairouan,Tunisie,3,0.0,0.0,300,500,Venues de mariage privées
7612,5231.0,203,1258,26000.0,7,pending,Birthday,2025-04-21,Birthday,Kairouan,Tunisie,4,0.0,0.0,300,500,Venues de mariage privées
13202,10179.0,126,4896,20000.0,4,confirmed,Corporate Event,2024-01-16,Wedding,Kairouan,Tunisie,3,0.0,0.0,300,500,Venues de mariage privées
13304,1039.0,176,3661,25000.0,9,pending,Birthday,2025-10-24,Wedding,Kairouan,Tunisie,1,0.0,0.0,300,500,Venues de mariage privées
1917,3641.0,252,1608,23000.0,7,pending,Birthday,2022-10-13,Birthday,Kairouan,Tunisie,3,0.0,0.0,300,500,Venues de mariage privées
2816,5109.0,203,1258,20000.0,9,pending,Wedding,2023-12-02,Wedding,Kairouan,Tunisie,3,0.0,0.0,300,500,Venues de mariage privées
6229,266.0,229,3480,12000.0,9,cancelled,Wedding,2023-11-10,Wedding,Kairouan,Tunisie,2,0.0,0.0,300,500,Venues de mariage privées
12314,5222.0,155,66,24000.0,4,cancelled,Wedding,2024-09-07,Wedding,Kairouan,Tunisie,2,0.0,0.0,300,500,Venues de mariage privées
11487,65740.0,155,66,12000.0,7,confirmed,Birthday,2023-04-21,Birthday,Kairouan,Tunisie,1,0.0,0.0,300,500,Venues de mariage privées
1036,5454.0,42,3577,13000.0,7,pending,Birthday,2022-04-25,Birthday,Kairouan,Tunisie,2,0.0,0.0,300,500,Venues de mariage privées
6224,5881.0,155,66,13000.0,7,pending,Wedding,2022-03-07,Birthday,Kairouan,Tunisie,4,0.0,0.0,300,500,Venues de mariage privées
8182,479.0,203,1258,26000.0,7,confirmed,Corporate Event,2022-07-16,Birthday,Kairouan,Tunisie,1,0.0,0.0,300,500,Venues de mariage privées
11641,6112.0,42,3577,23000.0,7,pending,Birthday,2023-10-23,Birthday,Kairouan,Tunisie,2,0.0,0.0,300,500,Venues de mariage privées
3941,11026.0,229,3480,19000.0,5,pending,Birthday,2023-11-19,Corporate,Kairouan,Tunisie,2,0.0,0.0,300,500,Venues de mariage privées
4845,2500.0,126,4896,19000.0,7,confirmed,Birthday,2024-12-27,Birthday,Kairouan,Tunisie,1,0.0,0.0,300,500,Venues de mariage privées
2863,3175.0,239,4101,23000.0,4,pending,Corporate Event,2024-12-21,Wedding,Zaghouan,Tunisie,5,0.0,0.0,100,200,Hotel
9943,13185.0,42,3577,17000.0,4,pending,Wedding,2025-11-27,Wedding,Zaghouan,Tunisie,3,0.0,0.0,100,200,Hotel
4946,13130.0,176,3661,23000.0,3,pending,Birthday,2025-10-13,Birthday,Zaghouan,Tunisie,2,0.0,0.0,100,200,Hotel
6587,5315.0,203,1417,26000.0,8,cancelled,Wedding,2022-08-02,Wedding,Zaghouan,Tunisie,4,0.0,0.0,100,200,Hotel
3859,10175.0,298,962,19000.0,4,cancelled,Birthday,2022-10-09,Wedding,Zaghouan,Tunisie,1,0.0,0.0,100,200,Hotel
9705,10010.0,203,1258,20000.0,8,cancelled,Birthday,2025-10-30,Wedding,Zaghouan,Tunisie,2,0.0,0.0,100,200,Hotel
6597,1690.0,155,66,15000.0,7,cancelled,Birthday,2025-05-07,Corporate,Zaghouan,Tunisie,3,0.0,0.0,100,200,Hotel
15128,14223.0,126,4896,25000.0,8,pending,Birthday,2025-10-23,Wedding,Zaghouan,Tunisie,5,0.0,0.0,100,200,Hotel
8513,11773.0,203,1258,15000.0,4,cancelled,Birthday,2024-09-17,Wedding,Zaghouan,Tunisie,4,0.0,0.0,100,200,Hotel
9300,1671.0,298,962,13000.0,8,confirmed,Wedding,2022-07-29,Wedding,Zaghouan,Tunisie,3,0.0,0.0,100,200,Hotel
11957,10721.0,249,22215,19000.0,8,cancelled,Wedding,2024-04-27,Wedding,Zaghouan,Tunisie,4,0.0,0.0,100,200,Hotel
13371,2487.0,203,1258,25000.0,8,pending,Birthday,2025-01-25,Wedding,Zaghouan,Tunisie,3,0.0,0.0,100,200,Hotel
1753,4420.0,155,66,13000.0,7,pending,Birthday,2024-11-09,Corporate,Zaghouan,Tunisie,5,0.0,0.0,100,200,Hotel
16682,6676.0,252,1608,20000.0,4,cancelled,Corporate Event,2023-01-09,Wedding,Zaghouan,Tunisie,4,0.0,0.0,100,200,Hotel
3446,12114.0,42,3577,21000.0,4,confirmed,Birthday,2025-06-08,Wedding,Zaghouan,Tunisie,3,0.0,0.0,100,200,Hotel
9924,3610.0,155,66,22000.0,8,cancelled,Birthday,2023-11-05,Wedding,Zaghouan,Tunisie,4,0.0,0.0,100,200,Hotel
10169,7798.0,202,1983,17000.0,3,cancelled,Wedding,2025-07-26,Birthday,Zaghouan,Tunisie,2,0.0,0.0,100,200,Hotel
6111,14279.0,155,66,15000.0,7,pending,Birthday,2022-10-14,Corporate,Zaghouan,Tunisie,5,0.0,0.0,100,200,Hotel
12190,10098.0,249,22215,22000.0,3,confirmed,Wedding,2022-08-31,Birthday,Zaghouan,Tunisie,2,0.0,0.0,100,200,Hotel
14385,1952.0,203,1258,26000.0,8,pending,Birthday,2023-09-24,Wedding,Zaghouan,Tunisie,5,0.0,0.0,100,200,Hotel
599,14708.0,155,66,13000.0,7,confirmed,Wedding,2025-01-26,Corporate,Zaghouan,Tunisie,1,0.0,0.0,100,200,Hotel
14697,10924.0,176,3661,19000.0,7,pending,Birthday,2023-02-26,Corporate,Zaghouan,Tunisie,3,0.0,0.0,100,200,Hotel
13823,1562.0,252,1608,15000.0,8,confirmed,Wedding,2025-06-21,Wedding,Zaghouan,Tunisie,2,0.0,0.0,100,200,Hotel
9468,1635.0,126,4896,25000.0,4,cancelled,Wedding,2023-02-14,Wedding,Zaghouan,Tunisie,4,0.0,0.0,100,200,Hotel
12989,11657.0,155,66,24000.0,8,cancelled,Corporate Event,2025-03-13,Wedding,Zaghouan,Tunisie,2,0.0,0.0,100,200,Hotel
4930,9100.0,229,3480,25000.0,4,pending,Corporate Event,2024-03-09,Wedding,Zaghouan,Tunisie,1,0.0,0.0,100,200,Hotel
6311,3554.0,203,1417,12000.0,4,confirmed,Corporate Event,2023-05-11,Wedding,Zaghouan,Tunisie,2,0.0,0.0,100,200,Hotel
13522,13240.0,202,1983,23000.0,7,confirmed,Wedding,2023-03-04,Corporate,Zaghouan,Tunisie,3,0.0,0.0,100,200,Hotel
17175,906.0,203,1258,25000.0,4,cancelled,Birthday,2024-09-16,Wedding,Zaghouan,Tunisie,5,0.0,0.0,100,200,Hotel
2177,8986.0,202,1983,23000.0,8,pending,Wedding,2025-07-04,Wedding,Zaghouan,Tunisie,2,0.0,0.0,100,200,Hotel
8125,7410.0,252,1608,17000.0,3,pending,Wedding,2024-09-30,Birthday,Zaghouan,Tunisie,5,0.0,0.0,100,200,Hotel
12864,11002.0,155,66,19000.0,7,cancelled,Birthday,2023-09-17,Corporate,Zaghouan,Tunisie,5,0.0,0.0,100,200,Hotel
1174,5179.0,298,962,26000.0,8,cancelled,Wedding,2023-02-28,Wedding,Zaghouan,Tunisie,3,0.0,0.0,100,200,Hotel
10806,14914.0,176,3661,13000.0,3,cancelled,Wedding,2024-06-17,Birthday,Zaghouan,Tunisie,4,0.0,0.0,100,200,Hotel
17198,6420.0,203,1417,23000.0,4,cancelled,Wedding,2023-09-06,Wedding,Zaghouan,Tunisie,2,0.0,0.0,100,200,Hotel
3263,8144.0,176,3661,22000.0,4,confirmed,Corporate Event,2024-08-12,Wedding,Zaghouan,Tunisie,4,0.0,0.0,100,200,Hotel
17788,7241.0,155,66,21000.0,3,confirmed,Corporate Event,2025-08-12,Birthday,Zaghouan,Tunisie,4,0.0,0.0,100,200,Hotel
14024,4697.0,252,1608,21000.0,4,cancelled,Wedding,2025-05-28,Wedding,Zaghouan,Tunisie,1,0.0,0.0,100,200,Hotel
79,11682.0,229,3480,21000.0,3,confirmed,Wedding,2023-03-05,Birthday,Zaghouan,Tunisie,5,0.0,0.0,100,200,Hotel
16266,2061.0,155,66,26000.0,4,confirmed,Wedding,2024-08-18,Wedding,Zaghouan,Tunisie,5,0.0,0.0,100,200,Hotel
6078,10466.0,202,1983,21000.0,4,pending,Birthday,2023-12-09,Wedding,Zaghouan,Tunisie,3,0.0,0.0,100,200,Hotel
3584,4324.0,202,1983,21000.0,4,confirmed,Wedding,2025-01-30,Wedding,Zaghouan,Tunisie,5,0.0,0.0,100,200,Hotel
14985,13865.0,229,3480,25000.0,4,confirmed,Corporate Event,2022-06-10,Wedding,Zaghouan,Tunisie,3,0.0,0.0,100,200,Hotel
12857,6615.0,42,3577,12000.0,3,confirmed,Corporate Event,2022-11-15,Birthday,Zaghouan,Tunisie,1,0.0,0.0,100,200,Hotel
13265,646.0,155,66,26000.0,3,cancelled,Corporate Event,2025-07-04,Birthday,Zaghouan,Tunisie,3,0.0,0.0,100,200,Hotel
1361,5833.0,298,962,22000.0,4,confirmed,Wedding,2022-03-13,Wedding,Zaghouan,Tunisie,4,0.0,0.0,100,200,Hotel
383,11972.0,155,66,24000.0,8,pending,Birthday,2024-11-12,Wedding,Zaghouan,Tunisie,1,0.0,0.0,100,200,Hotel
11234,13539.0,42,3577,17000.0,3,confirmed,Corporate Event,2024-07-15,Birthday,Zaghouan,Tunisie,2,0.0,0.0,100,200,Hotel
1433,10847.0,229,3480,20000.0,8,pending,Wedding,2023-08-03,Wedding,Zaghouan,Tunisie,1,0.0,0.0,100,200,Hotel
6483,11685.0,249,22215,21000.0,3,cancelled,Birthday,2024-12-28,Birthday,Zaghouan,Tunisie,1,0.0,0.0,100,200,Hotel
5467,120370.0,155,66,13000.0,7,pending,Birthday,2024-11-24,Corporate,Zaghouan,Tunisie,3,0.0,0.0,100,200,Hotel
10062,6700.0,239,4101,19000.0,8,confirmed,Wedding,2024-02-19,Wedding,Zaghouan,Tunisie,5,0.0,0.0,100,200,Hotel
13338,2708.0,239,4101,19000.0,3,confirmed,Birthday,2025-04-08,Birthday,Zaghouan,Tunisie,5,0.0,0.0,100,200,Hotel
12754,2426.0,126,4896,20000.0,7,pending,Wedding,2025-07-21,Corporate,Zaghouan,Tunisie,5,0.0,0.0,100,200,Hotel
9424,605.0,202,1983,23000.0,4,cancelled,Corporate Event,2025-12-26,Wedding,Zaghouan,Tunisie,2,0.0,0.0,100,200,Hotel
16761,13575.0,229,3480,19000.0,7,confirmed,Corporate Event,2025-11-07,Corporate,Zaghouan,Tunisie,4,0.0,0.0,100,200,Hotel
5400,10668.0,203,1417,17000.0,4,cancelled,Corporate Event,2024-01-04,Wedding,Zaghouan,Tunisie,5,0.0,0.0,100,200,Hotel
5114,3583.0,249,22215,20000.0,7,confirmed,Birthday,2025-08-01,Corporate,Zaghouan,Tunisie,1,0.0,0.0,100,200,Hotel
8797,12803.0,229,3480,23000.0,7,confirmed,Wedding,2024-02-19,Corporate,Zaghouan,Tunisie,2,0.0,0.0,100,200,Hotel
13423,13388.0,155,66,24000.0,8,pending,Wedding,2022-04-13,Wedding,Zaghouan,Tunisie,4,0.0,0.0,100,200,Hotel
7524,10433.0,229,3480,17000.0,4,pending,Corporate Event,2024-09-19,Wedding,Zaghouan,Tunisie,5,0.0,0.0,100,200,Hotel
16986,10161.0,239,4101,12000.0,3,cancelled,Birthday,2022-01-15,Birthday,Zaghouan,Tunisie,5,0.0,0.0,100,200,Hotel
9410,14303.0,203,1417,15000.0,3,pending,Corporate Event,2022-09-19,Birthday,Zaghouan,Tunisie,1,0.0,0.0,100,200,Hotel
15545,8181.0,202,1983,20000.0,7,confirmed,Corporate Event,2024-01-11,Corporate,Zaghouan,Tunisie,2,0.0,0.0,100,200,Hotel
12195,822.0,249,22215,23000.0,7,pending,Birthday,2025-11-05,Corporate,Zaghouan,Tunisie,1,0.0,0.0,100,200,Hotel
8128,6303.0,155,66,12000.0,3,confirmed,Corporate Event,2025-07-13,Birthday,Zaghouan,Tunisie,1,0.0,0.0,100,200,Hotel
8190,14427.0,176,3661,24000.0,8,pending,Wedding,2023-06-14,Wedding,Zaghouan,Tunisie,5,0.0,0.0,100,200,Hotel
2127,11840.0,252,1608,23000.0,8,confirmed,Birthday,2023-08-02,Wedding,Zaghouan,Tunisie,3,0.0,0.0,100,200,Hotel
13753,2920.0,176,3661,12000.0,7,pending,Wedding,2025-05-02,Corporate,Zaghouan,Tunisie,3,0.0,0.0,100,200,Hotel
14613,8837.0,126,4896,20000.0,4,confirmed,Wedding,2024-02-16,Wedding,Zaghouan,Tunisie,5,0.0,0.0,100,200,Hotel
10700,2487.0,176,3661,21000.0,3,cancelled,Birthday,2025-07-08,Birthday,Zaghouan,Tunisie,1,0.0,0.0,100,200,Hotel
3064,2612.0,298,962,20000.0,3,confirmed,Wedding,2024-08-09,Birthday,Zaghouan,Tunisie,4,0.0,0.0,100,200,Hotel
4815,6415.0,203,1417,26000.0,3,pending,Corporate Event,2025-09-12,Birthday,Zaghouan,Tunisie,4,0.0,0.0,100,200,Hotel
6089,35180.0,252,1608,21000.0,8,cancelled,Corporate Event,2022-11-23,Wedding,Zaghouan,Tunisie,5,0.0,0.0,100,200,Hotel
53,12077.0,176,3661,13000.0,3,confirmed,Wedding,2024-08-23,Birthday,Zaghouan,Tunisie,4,0.0,0.0,100,200,Hotel
17989,10765.0,202,1983,26000.0,3,pending,Birthday,2024-03-27,Birthday,Zaghouan,Tunisie,5,0.0,0.0,100,200,Hotel
15968,10986.0,126,4896,23000.0,4,pending,Corporate Event,2025-11-28,Wedding,Zaghouan,Tunisie,3,0.0,0.0,100,200,Hotel
15534,4492.0,155,66,19000.0,7,confirmed,Corporate Event,2022-11-19,Corporate,Zaghouan,Tunisie,5,0.0,0.0,100,200,Hotel
17292,4962.0,239,4101,13000.0,3,cancelled,Wedding,2025-08-24,Birthday,Zaghouan,Tunisie,5,0.0,0.0,100,200,Hotel
11149,7652.0,239,4101,26000.0,3,cancelled,Corporate Event,2024-08-13,Birthday,Zaghouan,Tunisie,2,0.0,0.0,100,200,Hotel
16237,14902.0,42,3577,24000.0,4,cancelled,Birthday,2023-11-27,Wedding,Zaghouan,Tunisie,1,0.0,0.0,100,200,Hotel
15916,119750.0,298,962,22000.0,8,pending,Corporate Event,2024-10-16,Wedding,Zaghouan,Tunisie,5,0.0,0.0,100,200,Hotel
17813,936.0,203,1417,24000.0,7,confirmed,Corporate Event,2022-12-03,Corporate,Zaghouan,Tunisie,3,0.0,0.0,100,200,Hotel
6785,4280.0,298,962,12000.0,7,pending,Wedding,2023-02-25,Corporate,Zaghouan,Tunisie,1,0.0,0.0,100,200,Hotel
3094,5808.0,203,1258,13000.0,4,confirmed,Wedding,2024-10-26,Wedding,Zaghouan,Tunisie,5,0.0,0.0,100,200,Hotel
2939,6997.0,203,1417,24000.0,7,confirmed,Wedding,2023-06-29,Corporate,Zaghouan,Tunisie,5,0.0,0.0,100,200,Hotel
1757,1563.0,249,22215,26000.0,3,cancelled,Wedding,2025-03-18,Birthday,Zaghouan,Tunisie,2,0.0,0.0,100,200,Hotel
13513,2146.0,203,1417,12000.0,7,cancelled,Wedding,2023-09-09,Corporate,Zaghouan,Tunisie,5,0.0,0.0,100,200,Hotel
6494,14153.0,229,3480,12000.0,4,cancelled,Corporate Event,2025-04-29,Wedding,Zaghouan,Tunisie,1,0.0,0.0,100,200,Hotel
11704,4246.0,298,962,24000.0,7,pending,Corporate Event,2024-01-23,Corporate,Zaghouan,Tunisie,5,0.0,0.0,100,200,Hotel
5000,4121.0,249,22215,17000.0,3,pending,Corporate Event,2022-12-30,Birthday,Zaghouan,Tunisie,1,0.0,0.0,100,200,Hotel
7270,9419.0,239,4101,25000.0,4,pending,Corporate Event,2022-01-18,Wedding,Zaghouan,Tunisie,2,0.0,0.0,100,200,Hotel
9787,3717.0,203,1417,20000.0,8,confirmed,Corporate Event,2024-02-24,Wedding,Zaghouan,Tunisie,4,0.0,0.0,100,200,Hotel
2135,4514.0,155,66,19000.0,8,confirmed,Birthday,2024-08-13,Wedding,Zaghouan,Tunisie,3,0.0,0.0,100,200,Hotel
9293,12783.0,203,1258,25000.0,7,cancelled,Birthday,2024-07-05,Corporate,Zaghouan,Tunisie,5,0.0,0.0,100,200,Hotel
5203,4237.0,203,1258,25000.0,3,cancelled,Birthday,2024-05-12,Birthday,Zaghouan,Tunisie,2,0.0,0.0,100,200,Hotel
12984,11753.0,203,1258,24000.0,8,confirmed,Corporate Event,2025-12-11,Wedding,Zaghouan,Tunisie,2,0.0,0.0,100,200,Hotel
11350,3947.0,203,1258,17000.0,3,pending,Corporate Event,2024-04-16,Birthday,Zaghouan,Tunisie,4,0.0,0.0,100,200,Hotel
17772,3358.0,298,962,15000.0,8,confirmed,Corporate Event,2024-08-22,Wedding,Zaghouan,Tunisie,1,0.0,0.0,100,200,Hotel
4021,10061.0,203,1417,25000.0,4,cancelled,Corporate Event,2025-11-16,Wedding,Zaghouan,Tunisie,3,0.0,0.0,100,200,Hotel
11295,14752.0,202,1983,20000.0,3,cancelled,Birthday,2025-06-20,Birthday,Zaghouan,Tunisie,3,0.0,0.0,100,200,Hotel
12113,6910.0,203,1258,25000.0,8,cancelled,Birthday,2024-01-05,Wedding,Zaghouan,Tunisie,1,0.0,0.0,100,200,Hotel
2232,14673.0,203,1258,15000.0,8,cancelled,Corporate Event,2023-07-21,Wedding,Zaghouan,Tunisie,3,0.0,0.0,100,200,Hotel
14028,13534.0,229,3480,15000.0,3,pending,Birthday,2022-09-03,Birthday,Zaghouan,Tunisie,5,0.0,0.0,100,200,Hotel
8333,6381.0,203,1258,22000.0,3,confirmed,Corporate Event,2024-07-03,Birthday,Zaghouan,Tunisie,4,0.0,0.0,100,200,Hotel
14322,11064.0,252,1608,20000.0,4,pending,Wedding,2025-05-23,Wedding,Zaghouan,Tunisie,1,0.0,0.0,100,200,Hotel
11553,10329.0,249,22215,12000.0,7,confirmed,Wedding,2023-03-02,Corporate,Zaghouan,Tunisie,2,0.0,0.0,100,200,Hotel
17087,435.0,249,22215,12000.0,4,confirmed,Corporate Event,2024-11-08,Wedding,Zaghouan,Tunisie,5,0.0,0.0,100,200,Hotel
7733,13483.0,249,22215,26000.0,4,confirmed,Birthday,2022-01-05,Wedding,Zaghouan,Tunisie,4,0.0,0.0,100,200,Hotel
11224,2417.0,249,22215,20000.0,3,pending,Wedding,2024-04-29,Birthday,Zaghouan,Tunisie,5,0.0,0.0,100,200,Hotel
4386,14430.0,203,1417,22000.0,7,cancelled,Birthday,2023-01-27,Corporate,Zaghouan,Tunisie,5,0.0,0.0,100,200,Hotel
1337,6734.0,203,1258,15000.0,8,cancelled,Wedding,2024-04-25,Wedding,Zaghouan,Tunisie,2,0.0,0.0,100,200,Hotel
14334,14655.0,42,3577,21000.0,3,pending,Corporate Event,2024-06-20,Birthday,Zaghouan,Tunisie,5,0.0,0.0,100,200,Hotel
13331,1356.0,203,1258,19000.0,3,cancelled,Wedding,2023-05-05,Birthday,Zaghouan,Tunisie,3,0.0,0.0,100,200,Hotel
4205,2248.0,249,22215,17000.0,3,confirmed,Corporate Event,2025-05-02,Birthday,Zaghouan,Tunisie,1,0.0,0.0,100,200,Hotel
1745,10143.0,176,3661,17000.0,4,cancelled,Corporate Event,2025-07-11,Wedding,Zaghouan,Tunisie,3,0.0,0.0,100,200,Hotel
11290,7973.0,155,66,21000.0,4,cancelled,Wedding,2025-07-13,Wedding,Zaghouan,Tunisie,4,0.0,0.0,100,200,Hotel
8450,10827.0,155,66,21000.0,4,pending,Birthday,2025-11-30,Wedding,Zaghouan,Tunisie,5,0.0,0.0,100,200,Hotel
17745,3409.0,202,1983,19000.0,3,pending,Corporate Event,2023-10-01,Birthday,Zaghouan,Tunisie,3,0.0,0.0,100,200,Hotel
2547,1375.0,249,22215,21000.0,3,confirmed,Corporate Event,2023-09-18,Birthday,Zaghouan,Tunisie,4,0.0,0.0,100,200,Hotel
15704,9197.0,126,4896,21000.0,4,pending,Corporate Event,2025-11-20,Wedding,Zaghouan,Tunisie,3,0.0,0.0,100,200,Hotel
6099,5993.0,126,4896,22000.0,8,pending,Corporate Event,2024-07-27,Wedding,Zaghouan,Tunisie,5,0.0,0.0,100,200,Hotel
4971,1517.0,239,4101,19000.0,8,cancelled,Birthday,2024-06-20,Wedding,Zaghouan,Tunisie,1,0.0,0.0,100,200,Hotel
10778,12277.0,252,1608,15000.0,4,cancelled,Wedding,2023-03-04,Wedding,Zaghouan,Tunisie,2,0.0,0.0,100,200,Hotel
5287,11328.0,249,22215,25000.0,3,cancelled,Wedding,2023-09-27,Birthday,Zaghouan,Tunisie,2,0.0,0.0,100,200,Hotel
2691,7321.0,298,962,13000.0,4,pending,Corporate Event,2025-09-16,Wedding,Zaghouan,Tunisie,3,0.0,0.0,100,200,Hotel
15371,4029.0,203,1258,25000.0,3,confirmed,Birthday,2024-10-11,Birthday,Zaghouan,Tunisie,1,0.0,0.0,100,200,Hotel
8829,14887.0,229,3480,26000.0,4,confirmed,Wedding,2025-04-29,Wedding,Zaghouan,Tunisie,2,0.0,0.0,100,200,Hotel
12032,12446.0,176,3661,24000.0,8,pending,Wedding,2025-12-21,Wedding,Zaghouan,Tunisie,5,0.0,0.0,100,200,Hotel
6098,11529.0,202,1983,20000.0,4,pending,Wedding,2024-05-28,Wedding,Zaghouan,Tunisie,3,0.0,0.0,100,200,Hotel
4301,12041.0,42,3577,25000.0,7,cancelled,Wedding,2025-06-30,Corporate,Zaghouan,Tunisie,3,0.0,0.0,100,200,Hotel
10268,9592.0,202,1983,21000.0,4,pending,Corporate Event,2025-01-05,Wedding,Zaghouan,Tunisie,2,0.0,0.0,100,200,Hotel
1480,3413.0,203,1258,19000.0,4,pending,Birthday,2022-09-08,Wedding,Zaghouan,Tunisie,2,0.0,0.0,100,200,Hotel
3528,4967.0,42,3577,12000.0,3,pending,Wedding,2023-08-26,Birthday,Zaghouan,Tunisie,1,0.0,0.0,100,200,Hotel
1722,8269.0,239,4101,24000.0,3,cancelled,Wedding,2025-04-08,Birthday,Zaghouan,Tunisie,3,0.0,0.0,100,200,Hotel
10558,11069.0,176,3661,12000.0,7,pending,Birthday,2024-08-12,Corporate,Zaghouan,Tunisie,4,0.0,0.0,100,200,Hotel
9570,14663.0,203,1417,19000.0,8,pending,Wedding,2025-11-26,Wedding,Zaghouan,Tunisie,5,0.0,0.0,100,200,Hotel
6880,8449.0,203,1417,21000.0,8,cancelled,Corporate Event,2024-07-24,Wedding,Zaghouan,Tunisie,4,0.0,0.0,100,200,Hotel
6294,972.0,203,1258,20000.0,8,cancelled,Wedding,2024-02-08,Wedding,Zaghouan,Tunisie,3,0.0,0.0,100,200,Hotel
4149,12162.0,203,1417,17000.0,3,confirmed,Corporate Event,2025-02-19,Birthday,Zaghouan,Tunisie,1,0.0,0.0,100,200,Hotel
5146,11799.0,126,4896,19000.0,4,pending,Corporate Event,2023-12-21,Wedding,Zaghouan,Tunisie,1,0.0,0.0,100,200,Hotel
9322,14739.0,203,1417,22000.0,4,pending,Wedding,2022-11-26,Wedding,Zaghouan,Tunisie,4,0.0,0.0,100,200,Hotel
10347,2665.0,249,22215,22000.0,4,pending,Wedding,2023-10-17,Wedding,Zaghouan,Tunisie,5,0.0,0.0,100,200,Hotel
16298,8126.0,249,22215,15000.0,3,pending,Wedding,2025-08-12,Birthday,Zaghouan,Tunisie,2,0.0,0.0,100,200,Hotel
14453,2522.0,239,4101,19000.0,8,pending,Wedding,2022-01-14,Wedding,Zaghouan,Tunisie,1,0.0,0.0,100,200,Hotel
1054,12469.0,126,4896,25000.0,8,cancelled,Wedding,2022-07-09,Wedding,Zaghouan,Tunisie,2,0.0,0.0,100,200,Hotel
15560,3384.0,176,3661,26000.0,7,confirmed,Birthday,2025-07-05,Corporate,Zaghouan,Tunisie,1,0.0,0.0,100,200,Hotel
11908,2210.0,229,3480,13000.0,4,confirmed,Wedding,2024-10-08,Wedding,Zaghouan,Tunisie,2,0.0,0.0,100,200,Hotel
14837,414.0,203,1258,23000.0,4,confirmed,Birthday,2023-11-29,Wedding,Zaghouan,Tunisie,3,0.0,0.0,100,200,Hotel
5140,6656.0,298,962,12000.0,7,confirmed,Birthday,2025-06-02,Corporate,Zaghouan,Tunisie,5,0.0,0.0,100,200,Hotel
5460,864.0,176,3661,12000.0,4,cancelled,Wedding,2024-12-21,Wedding,Zaghouan,Tunisie,1,0.0,0.0,100,200,Hotel
1992,72600.0,239,4101,24000.0,4,cancelled,Corporate Event,2023-12-07,Wedding,Zaghouan,Tunisie,3,0.0,0.0,100,200,Hotel
6299,202.0,203,1258,13000.0,8,confirmed,Corporate Event,2024-12-09,Wedding,Zaghouan,Tunisie,2,0.0,0.0,100,200,Hotel
2607,14793.0,126,4896,25000.0,4,cancelled,Corporate Event,2025-09-23,Wedding,Zaghouan,Tunisie,2,0.0,0.0,100,200,Hotel
6502,10407.0,298,962,24000.0,8,cancelled,Wedding,2025-06-14,Wedding,Zaghouan,Tunisie,5,0.0,0.0,100,200,Hotel
4898,8435.0,203,1417,20000.0,8,cancelled,Corporate Event,2025-07-27,Wedding,Zaghouan,Tunisie,1,0.0,0.0,100,200,Hotel
15041,9352.0,155,66,23000.0,4,cancelled,Corporate Event,2025-07-13,Wedding,Zaghouan,Tunisie,2,0.0,0.0,100,200,Hotel
4497,9368.0,202,1983,23000.0,4,cancelled,Wedding,2023-01-13,Wedding,Zaghouan,Tunisie,2,0.0,0.0,100,200,Hotel
8961,3856.0,126,4896,23000.0,8,cancelled,Birthday,2023-12-12,Wedding,Zaghouan,Tunisie,5,0.0,0.0,100,200,Hotel
4554,5259.0,203,1258,21000.0,8,cancelled,Birthday,2023-05-08,Wedding,Zaghouan,Tunisie,4,0.0,0.0,100,200,Hotel
3270,7737.0,249,22215,26000.0,4,confirmed,Birthday,2024-11-18,Wedding,Zaghouan,Tunisie,4,0.0,0.0,100,200,Hotel
16232,3711.0,176,3661,26000.0,3,confirmed,Wedding,2025-07-09,Birthday,Zaghouan,Tunisie,4,0.0,0.0,100,200,Hotel
3265,3966.0,298,962,21000.0,4,pending,Birthday,2023-11-01,Wedding,Zaghouan,Tunisie,5,0.0,0.0,100,200,Hotel
7512,14873.0,203,1417,26000.0,3,pending,Wedding,2025-05-24,Birthday,Zaghouan,Tunisie,4,0.0,0.0,100,200,Hotel
16907,3062.0,202,1983,26000.0,7,cancelled,Wedding,2022-11-11,Corporate,Zaghouan,Tunisie,4,0.0,0.0,100,200,Hotel
16557,9928.0,239,4101,17000.0,7,cancelled,Wedding,2025-05-24,Corporate,Zaghouan,Tunisie,3,0.0,0.0,100,200,Hotel
10368,9300.0,298,962,20000.0,7,confirmed,Birthday,2025-03-24,Corporate,Zaghouan,Tunisie,3,0.0,0.0,100,200,Hotel
14235,12544.0,176,3661,19000.0,4,cancelled,Corporate Event,2023-02-08,Wedding,Zaghouan,Tunisie,4,0.0,0.0,100,200,Hotel
15529,13089.0,155,66,22000.0,8,confirmed,Corporate Event,2022-05-08,Wedding,Zaghouan,Tunisie,4,0.0,0.0,100,200,Hotel
7562,6886.0,203,1258,21000.0,8,cancelled,Wedding,2024-07-04,Wedding,Zaghouan,Tunisie,4,0.0,0.0,100,200,Hotel
3633,4404.0,176,3661,12000.0,3,pending,Corporate Event,2024-10-20,Birthday,Zaghouan,Tunisie,1,0.0,0.0,100,200,Hotel
8693,9344.0,176,3661,24000.0,3,pending,Wedding,2023-05-12,Birthday,Zaghouan,Tunisie,3,0.0,0.0,100,200,Hotel
4866,3773.0,203,1258,22000.0,4,confirmed,Birthday,2024-01-15,Wedding,Zaghouan,Tunisie,5,0.0,0.0,100,200,Hotel
15505,731.0,252,1608,24000.0,3,pending,Wedding,2024-10-26,Birthday,Zaghouan,Tunisie,3,0.0,0.0,100,200,Hotel
14604,12654.0,176,3661,15000.0,4,confirmed,Wedding,2025-07-12,Wedding,Zaghouan,Tunisie,2,0.0,0.0,100,200,Hotel
15359,10193.0,176,3661,19000.0,7,pending,Birthday,2025-01-10,Corporate,Zaghouan,Tunisie,4,0.0,0.0,100,200,Hotel
17915,6362.0,203,1417,26000.0,4,cancelled,Corporate Event,2024-09-27,Wedding,Zaghouan,Tunisie,4,0.0,0.0,100,200,Hotel
5317,6439.0,239,4101,26000.0,3,pending,Wedding,2022-08-13,Birthday,Zaghouan,Tunisie,3,0.0,0.0,100,200,Hotel
1247,1333.0,249,22215,13000.0,4,cancelled,Birthday,2022-10-08,Wedding,Zaghouan,Tunisie,5,0.0,0.0,100,200,Hotel
16440,3180.0,155,66,24000.0,3,cancelled,Birthday,2023-01-12,Birthday,Zaghouan,Tunisie,4,0.0,0.0,100,200,Hotel
1075,12254.0,126,4896,15000.0,4,cancelled,Corporate Event,2022-07-13,Wedding,Zaghouan,Tunisie,1,0.0,0.0,100,200,Hotel
1621,1114.0,176,3661,13000.0,3,cancelled,Corporate Event,2025-03-18,Birthday,Zaghouan,Tunisie,5,0.0,0.0,100,200,Hotel
596,3697.0,298,962,19000.0,3,pending,Corporate Event,2023-03-11,Birthday,Zaghouan,Tunisie,4,0.0,0.0,100,200,Hotel
4933,13411.0,229,3480,12000.0,3,cancelled,Wedding,2025-01-28,Birthday,Zaghouan,Tunisie,1,0.0,0.0,100,200,Hotel
9446,13430.0,126,4896,17000.0,7,cancelled,Birthday,2024-11-17,Corporate,Zaghouan,Tunisie,2,0.0,0.0,100,200,Hotel
4217,1746.0,42,3577,22000.0,3,pending,Birthday,2022-04-18,Birthday,Zaghouan,Tunisie,5,0.0,0.0,100,200,Hotel
7700,5852.0,42,3577,12000.0,7,cancelled,Birthday,2024-01-15,Corporate,Zaghouan,Tunisie,4,0.0,0.0,100,200,Hotel
4761,12857.0,298,962,26000.0,7,confirmed,Corporate Event,2022-05-01,Corporate,Zaghouan,Tunisie,2,0.0,0.0,100,200,Hotel
4646,2123.0,298,962,15000.0,4,pending,Birthday,2022-12-26,Wedding,Zaghouan,Tunisie,5,0.0,0.0,100,200,Hotel
5638,13743.0,202,1983,22000.0,7,confirmed,Birthday,2024-06-16,Corporate,Zaghouan,Tunisie,3,0.0,0.0,100,200,Hotel
765,6774.0,252,1608,12000.0,4,confirmed,Corporate Event,2024-07-15,Wedding,Zaghouan,Tunisie,1,0.0,0.0,100,200,Hotel
8412,14027.0,202,1983,12000.0,3,pending,Birthday,2025-07-07,Birthday,Zaghouan,Tunisie,3,0.0,0.0,100,200,Hotel
9158,3372.0,249,22215,19000.0,7,confirmed,Birthday,2023-08-25,Corporate,Zaghouan,Tunisie,4,0.0,0.0,100,200,Hotel
16425,8388.0,176,3661,22000.0,7,cancelled,Wedding,2024-04-19,Corporate,Zaghouan,Tunisie,2,0.0,0.0,100,200,Hotel
16545,6485.0,176,3661,26000.0,8,pending,Wedding,2024-02-04,Wedding,Zaghouan,Tunisie,3,0.0,0.0,100,200,Hotel
118,1504.0,229,3480,24000.0,3,confirmed,Corporate Event,2023-03-20,Birthday,Zaghouan,Tunisie,4,0.0,0.0,100,200,Hotel
14402,9291.0,42,3577,23000.0,8,pending,Wedding,2025-03-16,Wedding,Zaghouan,Tunisie,3,0.0,0.0,100,200,Hotel
2152,6542.0,249,22215,26000.0,3,pending,Wedding,2025-12-27,Birthday,Zaghouan,Tunisie,4,0.0,0.0,100,200,Hotel
1403,278.0,249,22215,12000.0,3,pending,Wedding,2023-06-11,Birthday,Zaghouan,Tunisie,1,0.0,0.0,100,200,Hotel
13415,13471.0,239,4101,12000.0,3,pending,Corporate Event,2024-05-31,Birthday,Zaghouan,Tunisie,4,0.0,0.0,100,200,Hotel
7895,2721.0,239,4101,24000.0,4,confirmed,Wedding,2023-06-25,Wedding,Zaghouan,Tunisie,4,0.0,0.0,100,200,Hotel
13588,2351.0,298,962,17000.0,4,cancelled,Corporate Event,2022-11-26,Wedding,Zaghouan,Tunisie,5,0.0,0.0,100,200,Hotel
14196,10858.0,203,1258,24000.0,4,cancelled,Birthday,2025-07-16,Wedding,Zaghouan,Tunisie,3,0.0,0.0,100,200,Hotel
5619,8000.0,203,1258,22000.0,4,pending,Corporate Event,2022-01-10,Wedding,Zaghouan,Tunisie,3,0.0,0.0,100,200,Hotel
2508,1057.0,249,22215,17000.0,3,pending,Wedding,2022-11-27,Birthday,Zaghouan,Tunisie,1,0.0,0.0,100,200,Hotel
9724,11377.0,252,1608,13000.0,4,pending,Wedding,2024-08-16,Wedding,Zaghouan,Tunisie,4,0.0,0.0,100,200,Hotel
6679,3134.0,203,1258,23000.0,4,pending,Corporate Event,2023-07-06,Wedding,Zaghouan,Tunisie,4,0.0,0.0,100,200,Hotel
12403,11550.0,42,3577,25000.0,4,cancelled,Wedding,2025-03-11,Wedding,Zaghouan,Tunisie,3,0.0,0.0,100,200,Hotel
1457,3553.0,203,1258,25000.0,8,confirmed,Corporate Event,2023-04-30,Wedding,Zaghouan,Tunisie,2,0.0,0.0,100,200,Hotel
10869,3962.0,239,4101,25000.0,7,cancelled,Birthday,2023-03-01,Corporate,Zaghouan,Tunisie,5,0.0,0.0,100,200,Hotel
6421,2632.0,298,962,24000.0,7,pending,Wedding,2025-08-13,Corporate,Zaghouan,Tunisie,4,0.0,0.0,100,200,Hotel
10885,8810.0,239,4101,24000.0,8,cancelled,Corporate Event,2024-11-16,Wedding,Zaghouan,Tunisie,4,0.0,0.0,100,200,Hotel
9475,7743.0,176,3661,12000.0,3,cancelled,Wedding,2024-11-30,Birthday,Zaghouan,Tunisie,5,0.0,0.0,100,200,Hotel
12340,2926.0,155,66,20000.0,4,cancelled,Wedding,2024-01-08,Wedding,Zaghouan,Tunisie,1,0.0,0.0,100,200,Hotel
13307,7691.0,155,66,24000.0,3,pending,Wedding,2023-07-23,Birthday,Zaghouan,Tunisie,4,0.0,0.0,100,200,Hotel
16596,4433.0,203,1417,12000.0,7,pending,Wedding,2024-09-20,Corporate,Zaghouan,Tunisie,1,0.0,0.0,100,200,Hotel
2885,4218.0,203,1258,21000.0,8,confirmed,Birthday,2025-12-15,Wedding,Zaghouan,Tunisie,1,0.0,0.0,100,200,Hotel
13914,4234.0,203,1417,19000.0,3,pending,Wedding,2022-11-07,Birthday,Zaghouan,Tunisie,4,0.0,0.0,100,200,Hotel
3744,14697.0,176,3661,12000.0,8,pending,Wedding,2025-01-19,Wedding,Zaghouan,Tunisie,5,0.0,0.0,100,200,Hotel
7249,2873.0,126,4896,22000.0,4,confirmed,Corporate Event,2025-12-14,Wedding,Zaghouan,Tunisie,4,0.0,0.0,100,200,Hotel
1103,8984.0,203,1258,15000.0,4,cancelled,Corporate Event,2025-08-24,Wedding,Zaghouan,Tunisie,4,0.0,0.0,100,200,Hotel
17070,11298.0,203,1258,15000.0,4,pending,Wedding,2023-11-09,Wedding,Zaghouan,Tunisie,1,0.0,0.0,100,200,Hotel
10567,11832.0,155,66,13000.0,3,cancelled,Wedding,2024-06-30,Birthday,Zaghouan,Tunisie,5,0.0,0.0,100,200,Hotel
8551,7148.0,203,1417,19000.0,4,pending,Corporate Event,2023-04-18,Wedding,Zaghouan,Tunisie,5,0.0,0.0,100,200,Hotel
14552,7821.0,249,22215,26000.0,3,pending,Wedding,2022-03-21,Birthday,Zaghouan,Tunisie,3,0.0,0.0,100,200,Hotel
10158,2062.0,126,4896,20000.0,4,cancelled,Birthday,2023-09-17,Wedding,Zaghouan,Tunisie,5,0.0,0.0,100,200,Hotel
13639,5736.0,155,66,17000.0,3,confirmed,Corporate Event,2022-06-27,Birthday,Zaghouan,Tunisie,4,0.0,0.0,100,200,Hotel
1795,10855.0,298,962,12000.0,3,confirmed,Wedding,2025-04-18,Birthday,Zaghouan,Tunisie,2,0.0,0.0,100,200,Hotel
12315,10471.0,252,1608,20000.0,3,confirmed,Birthday,2023-03-01,Birthday,Zaghouan,Tunisie,3,0.0,0.0,100,200,Hotel
12377,4997.0,298,962,20000.0,4,confirmed,Wedding,2023-05-07,Wedding,Zaghouan,Tunisie,2,0.0,0.0,100,200,Hotel
11622,10934.0,176,3661,25000.0,7,confirmed,Birthday,2025-06-18,Corporate,Zaghouan,Tunisie,4,0.0,0.0,100,200,Hotel
7507,4216.0,176,3661,19000.0,3,pending,Corporate Event,2022-02-03,Birthday,Zaghouan,Tunisie,3,0.0,0.0,100,200,Hotel
7513,14083.0,298,962,15000.0,8,pending,Corporate Event,2025-09-11,Wedding,Zaghouan,Tunisie,4,0.0,0.0,100,200,Hotel
728,11503.0,126,4896,23000.0,8,cancelled,Corporate Event,2024-12-07,Wedding,Zaghouan,Tunisie,5,0.0,0.0,100,200,Hotel
12146,14220.0,239,4101,15000.0,3,cancelled,Wedding,2023-02-02,Birthday,Zaghouan,Tunisie,1,0.0,0.0,100,200,Hotel
9481,4206.0,239,4101,13000.0,4,cancelled,Birthday,2025-06-18,Wedding,Zaghouan,Tunisie,3,0.0,0.0,100,200,Hotel
9200,4920.0,249,22215,24000.0,8,cancelled,Corporate Event,2025-11-07,Wedding,Zaghouan,Tunisie,2,0.0,0.0,100,200,Hotel
15579,4528.0,126,4896,23000.0,4,cancelled,Birthday,2022-08-18,Wedding,Zaghouan,Tunisie,5,0.0,0.0,100,200,Hotel
922,12699.0,202,1983,24000.0,4,confirmed,Wedding,2022-06-02,Wedding,Zaghouan,Tunisie,5,0.0,0.0,100,200,Hotel
1064,6871.0,155,66,26000.0,4,cancelled,Wedding,2024-08-13,Wedding,Zaghouan,Tunisie,3,0.0,0.0,100,200,Hotel
129,687.0,155,66,22000.0,4,confirmed,Wedding,2024-11-04,Wedding,Zaghouan,Tunisie,3,0.0,0.0,100,200,Hotel
14822,2954.0,239,4101,25000.0,7,pending,Birthday,2024-06-13,Corporate,Zaghouan,Tunisie,3,0.0,0.0,100,200,Hotel
12386,11198.0,126,4896,17000.0,4,cancelled,Wedding,2025-09-27,Wedding,Zaghouan,Tunisie,5,0.0,0.0,100,200,Hotel
5425,204.0,239,4101,15000.0,3,confirmed,Wedding,2024-12-28,Birthday,Zaghouan,Tunisie,1,0.0,0.0,100,200,Hotel
2645,10873.0,203,1417,21000.0,3,confirmed,Birthday,2024-11-07,Birthday,Zaghouan,Tunisie,3,0.0,0.0,100,200,Hotel
11858,8252.0,229,3480,25000.0,4,cancelled,Corporate Event,2025-03-27,Wedding,Zaghouan,Tunisie,3,0.0,0.0,100,200,Hotel
4772,5010.0,203,1417,22000.0,7,cancelled,Corporate Event,2023-01-14,Corporate,Zaghouan,Tunisie,4,0.0,0.0,100,200,Hotel
10610,5167.0,229,3480,25000.0,3,confirmed,Wedding,2024-08-10,Birthday,Zaghouan,Tunisie,4,0.0,0.0,100,200,Hotel
7545,3516.0,203,1417,15000.0,8,cancelled,Corporate Event,2022-08-29,Wedding,Zaghouan,Tunisie,4,0.0,0.0,100,200,Hotel
5132,2271.0,42,3577,15000.0,3,cancelled,Birthday,2025-02-06,Birthday,Zaghouan,Tunisie,4,0.0,0.0,100,200,Hotel
16345,1626.0,298,962,19000.0,4,pending,Wedding,2022-11-28,Wedding,Zaghouan,Tunisie,3,0.0,0.0,100,200,Hotel
9206,9342.0,252,1608,19000.0,3,pending,Wedding,2023-08-05,Birthday,Zaghouan,Tunisie,5,0.0,0.0,100,200,Hotel
6290,10009.0,239,4101,22000.0,4,cancelled,Corporate Event,2025-02-22,Wedding,Zaghouan,Tunisie,3,0.0,0.0,100,200,Hotel
733,12909.0,42,3577,19000.0,3,pending,Corporate Event,2024-05-26,Birthday,Zaghouan,Tunisie,5,0.0,0.0,100,200,Hotel
8909,9247.0,229,3480,25000.0,4,cancelled,Wedding,2023-12-19,Wedding,Zaghouan,Tunisie,3,0.0,0.0,100,200,Hotel
143,494.0,229,3480,21000.0,4,confirmed,Wedding,2024-11-30,Wedding,Zaghouan,Tunisie,2,0.0,0.0,100,200,Hotel
1321,3116.0,239,4101,15000.0,4,cancelled,Corporate Event,2023-05-26,Wedding,Zaghouan,Tunisie,5,0.0,0.0,100,200,Hotel
7932,10507.0,203,1417,26000.0,3,confirmed,Wedding,2023-02-26,Birthday,Zaghouan,Tunisie,2,0.0,0.0,100,200,Hotel
13167,3875.0,203,1417,24000.0,7,pending,Wedding,2025-10-02,Corporate,Zaghouan,Tunisie,5,0.0,0.0,100,200,Hotel
15592,10235.0,229,3480,25000.0,3,confirmed,Birthday,2023-11-28,Birthday,Zaghouan,Tunisie,5,0.0,0.0,100,200,Hotel
8992,64460.0,202,1983,25000.0,4,confirmed,Corporate Event,2024-07-02,Wedding,Zaghouan,Tunisie,1,0.0,0.0,100,200,Hotel
10173,9855.0,202,1983,25000.0,4,pending,Wedding,2025-10-25,Wedding,Zaghouan,Tunisie,5,0.0,0.0,100,200,Hotel
15697,8190.0,202,1983,26000.0,8,confirmed,Wedding,2024-12-24,Wedding,Zaghouan,Tunisie,4,0.0,0.0,100,200,Hotel
17596,7386.0,202,1983,21000.0,4,cancelled,Corporate Event,2024-10-19,Wedding,Zaghouan,Tunisie,3,0.0,0.0,100,200,Hotel
10673,7051.0,298,962,12000.0,8,confirmed,Wedding,2023-06-21,Wedding,Zaghouan,Tunisie,2,0.0,0.0,100,200,Hotel
3589,13532.0,203,1417,21000.0,8,pending,Corporate Event,2025-11-13,Wedding,Zaghouan,Tunisie,2,0.0,0.0,100,200,Hotel
6238,67960.0,155,66,21000.0,7,cancelled,Corporate Event,2023-12-30,Corporate,Zaghouan,Tunisie,3,0.0,0.0,100,200,Hotel
2126,12252.0,229,3480,21000.0,8,pending,Corporate Event,2022-04-24,Wedding,Zaghouan,Tunisie,1,0.0,0.0,100,200,Hotel
17223,8404.0,229,3480,24000.0,8,cancelled,Birthday,2024-12-05,Wedding,Zaghouan,Tunisie,4,0.0,0.0,100,200,Hotel
13845,4427.0,252,1608,22000.0,3,cancelled,Corporate Event,2022-11-14,Birthday,Zaghouan,Tunisie,1,0.0,0.0,100,200,Hotel
9568,3171.0,203,1417,12000.0,3,confirmed,Corporate Event,2023-09-13,Birthday,Zaghouan,Tunisie,2,0.0,0.0,100,200,Hotel
10908,11396.0,126,4896,26000.0,4,confirmed,Birthday,2022-10-12,Wedding,Zaghouan,Tunisie,2,0.0,0.0,100,200,Hotel
4914,86320.0,155,66,22000.0,4,confirmed,Corporate Event,2025-11-26,Wedding,Zaghouan,Tunisie,2,0.0,0.0,100,200,Hotel
9341,1987.0,42,3577,25000.0,3,pending,Corporate Event,2022-09-21,Birthday,Zaghouan,Tunisie,5,0.0,0.0,100,200,Hotel
14658,4045.0,229,3480,12000.0,8,confirmed,Wedding,2024-10-11,Wedding,Zaghouan,Tunisie,2,0.0,0.0,100,200,Hotel
3614,3823.0,42,3577,12000.0,8,pending,Corporate Event,2025-01-20,Wedding,Zaghouan,Tunisie,2,0.0,0.0,100,200,Hotel
13521,3232.0,176,3661,21000.0,3,pending,Corporate Event,2024-03-21,Birthday,Zaghouan,Tunisie,1,0.0,0.0,100,200,Hotel
15589,2094.0,203,1258,22000.0,7,confirmed,Birthday,2023-11-22,Corporate,Zaghouan,Tunisie,4,0.0,0.0,100,200,Hotel
14867,8359.0,155,66,19000.0,3,cancelled,Corporate Event,2023-09-17,Birthday,Zaghouan,Tunisie,4,0.0,0.0,100,200,Hotel
8312,11290.0,126,4896,21000.0,3,confirmed,Corporate Event,2022-04-23,Birthday,Zaghouan,Tunisie,5,0.0,0.0,100,200,Hotel
3221,8471.0,239,4101,22000.0,16,pending,Wedding,2022-05-16,Wedding,Siliana,Tunisie,5,0.0,0.0,200,400,Venues de mariage privées
10187,14978.0,249,22215,26000.0,0,cancelled,Corporate Event,2022-10-29,Birthday,Siliana,Tunisie,2,0.0,0.0,200,400,Venues de mariage privées
4213,110240.0,252,1608,22000.0,2,confirmed,Corporate Event,2025-05-13,Wedding,Siliana,Tunisie,1,0.0,0.0,200,400,Venues de mariage privées
15797,12670.0,298,962,20000.0,0,confirmed,Birthday,2025-09-16,Birthday,Siliana,Tunisie,1,0.0,0.0,200,400,Venues de mariage privées
14954,4529.0,298,962,21000.0,0,confirmed,Wedding,2025-08-10,Corporate,Siliana,Tunisie,3,0.0,0.0,200,400,Venues de mariage privées
6406,10625.0,155,66,26000.0,16,cancelled,Corporate Event,2025-05-22,Wedding,Siliana,Tunisie,5,0.0,0.0,200,400,Venues de mariage privées
12659,2947.0,42,3577,21000.0,16,cancelled,Corporate Event,2024-09-13,Wedding,Siliana,Tunisie,5,0.0,0.0,200,400,Venues de mariage privées
3078,14940.0,229,3480,15000.0,0,confirmed,Corporate Event,2022-12-13,Birthday,Siliana,Tunisie,2,0.0,0.0,200,400,Venues de mariage privées
5423,10273.0,176,3661,25000.0,0,cancelled,Corporate Event,2023-10-03,Corporate,Siliana,Tunisie,1,0.0,0.0,200,400,Venues de mariage privées
4589,2364.0,202,1983,19000.0,2,cancelled,Corporate Event,2023-06-05,Wedding,Siliana,Tunisie,5,0.0,0.0,200,400,Venues de mariage privées
13084,8050.0,249,22215,20000.0,2,cancelled,Birthday,2023-01-15,Wedding,Siliana,Tunisie,2,0.0,0.0,200,400,Venues de mariage privées
10181,9963.0,126,4896,22000.0,2,pending,Birthday,2024-03-11,Wedding,Siliana,Tunisie,3,0.0,0.0,200,400,Venues de mariage privées
10563,6022.0,202,1983,17000.0,0,cancelled,Birthday,2022-02-04,Corporate,Siliana,Tunisie,3,0.0,0.0,200,400,Venues de mariage privées
17305,1142.0,202,1983,15000.0,16,confirmed,Birthday,2024-09-16,Wedding,Siliana,Tunisie,5,0.0,0.0,200,400,Venues de mariage privées
15503,823.0,239,4101,25000.0,0,cancelled,Corporate Event,2024-10-20,Birthday,Siliana,Tunisie,1,0.0,0.0,200,400,Venues de mariage privées
12635,8275.0,298,962,15000.0,0,cancelled,Wedding,2022-10-31,Birthday,Siliana,Tunisie,2,0.0,0.0,200,400,Venues de mariage privées
6376,4239.0,249,22215,13000.0,0,pending,Corporate Event,2024-08-03,Corporate,Siliana,Tunisie,3,0.0,0.0,200,400,Venues de mariage privées
9272,6112.0,249,22215,23000.0,0,pending,Birthday,2024-10-27,Corporate,Siliana,Tunisie,3,0.0,0.0,200,400,Venues de mariage privées
15038,10111.0,252,1608,12000.0,0,pending,Corporate Event,2025-12-11,Birthday,Siliana,Tunisie,4,0.0,0.0,200,400,Venues de mariage privées
3705,7468.0,176,3661,15000.0,0,cancelled,Corporate Event,2025-11-02,Corporate,Siliana,Tunisie,4,0.0,0.0,200,400,Venues de mariage privées
8759,5088.0,298,962,26000.0,0,cancelled,Wedding,2024-12-11,Corporate,Siliana,Tunisie,5,0.0,0.0,200,400,Venues de mariage privées
17643,2873.0,249,22215,17000.0,16,pending,Corporate Event,2024-10-10,Wedding,Siliana,Tunisie,1,0.0,0.0,200,400,Venues de mariage privées
6752,4773.0,155,66,19000.0,0,cancelled,Corporate Event,2024-07-25,Birthday,Siliana,Tunisie,2,0.0,0.0,200,400,Venues de mariage privées
8827,14243.0,229,3480,20000.0,0,cancelled,Corporate Event,2022-05-06,Birthday,Siliana,Tunisie,5,0.0,0.0,200,400,Venues de mariage privées
6937,12988.0,126,4896,25000.0,2,pending,Birthday,2022-03-04,Wedding,Siliana,Tunisie,2,0.0,0.0,200,400,Venues de mariage privées
17030,5685.0,42,3577,19000.0,2,pending,Corporate Event,2023-06-30,Wedding,Siliana,Tunisie,4,0.0,0.0,200,400,Venues de mariage privées
11848,5226.0,239,4101,21000.0,0,confirmed,Corporate Event,2022-02-04,Birthday,Siliana,Tunisie,1,0.0,0.0,200,400,Venues de mariage privées
3841,10723.0,155,66,17000.0,0,cancelled,Corporate Event,2023-10-04,Corporate,Siliana,Tunisie,2,0.0,0.0,200,400,Venues de mariage privées
3681,8653.0,298,962,19000.0,2,pending,Birthday,2024-09-05,Wedding,Siliana,Tunisie,2,0.0,0.0,200,400,Venues de mariage privées
4424,149480.0,239,4101,24000.0,0,pending,Wedding,2024-11-11,Corporate,Siliana,Tunisie,2,0.0,0.0,200,400,Venues de mariage privées
5682,317.0,249,22215,17000.0,16,confirmed,Corporate Event,2024-10-14,Wedding,Siliana,Tunisie,5,0.0,0.0,200,400,Venues de mariage privées
16080,8831.0,203,1417,17000.0,2,confirmed,Corporate Event,2023-07-05,Wedding,Siliana,Tunisie,1,0.0,0.0,200,400,Venues de mariage privées
17034,5841.0,249,22215,25000.0,16,confirmed,Wedding,2022-03-08,Wedding,Siliana,Tunisie,4,0.0,0.0,200,400,Venues de mariage privées
16153,1021.0,203,1417,13000.0,0,pending,Corporate Event,2025-02-26,Birthday,Siliana,Tunisie,2,0.0,0.0,200,400,Venues de mariage privées
6816,7486.0,229,3480,23000.0,0,confirmed,Birthday,2022-03-04,Birthday,Siliana,Tunisie,3,0.0,0.0,200,400,Venues de mariage privées
3056,8149.0,155,66,26000.0,0,confirmed,Corporate Event,2025-09-01,Corporate,Siliana,Tunisie,2,0.0,0.0,200,400,Venues de mariage privées
8145,8354.0,239,4101,24000.0,0,confirmed,Wedding,2023-04-01,Birthday,Siliana,Tunisie,5,0.0,0.0,200,400,Venues de mariage privées
8708,4881.0,229,3480,13000.0,2,confirmed,Wedding,2025-10-21,Wedding,Siliana,Tunisie,5,0.0,0.0,200,400,Venues de mariage privées
15480,9772.0,126,4896,23000.0,2,pending,Birthday,2022-01-26,Wedding,Siliana,Tunisie,2,0.0,0.0,200,400,Venues de mariage privées
13150,8363.0,298,962,19000.0,0,cancelled,Corporate Event,2025-08-17,Corporate,Siliana,Tunisie,1,0.0,0.0,200,400,Venues de mariage privées
14205,2891.0,252,1608,26000.0,0,confirmed,Birthday,2025-12-06,Corporate,Siliana,Tunisie,4,0.0,0.0,200,400,Venues de mariage privées
14330,1979.0,42,3577,20000.0,0,confirmed,Corporate Event,2022-09-20,Birthday,Siliana,Tunisie,2,0.0,0.0,200,400,Venues de mariage privées
10997,664.0,298,962,25000.0,0,pending,Wedding,2022-01-05,Birthday,Siliana,Tunisie,3,0.0,0.0,200,400,Venues de mariage privées
15782,4500.0,298,962,25000.0,2,pending,Corporate Event,2022-10-20,Wedding,Siliana,Tunisie,4,0.0,0.0,200,400,Venues de mariage privées
9637,4196.0,249,22215,13000.0,2,cancelled,Wedding,2025-04-19,Wedding,Siliana,Tunisie,1,0.0,0.0,200,400,Venues de mariage privées
1653,13961.0,176,3661,26000.0,0,pending,Corporate Event,2024-03-31,Birthday,Siliana,Tunisie,2,0.0,0.0,200,400,Venues de mariage privées
15512,299.0,202,1983,26000.0,0,cancelled,Corporate Event,2025-06-28,Corporate,Siliana,Tunisie,5,0.0,0.0,200,400,Venues de mariage privées
15965,11622.0,252,1608,19000.0,2,cancelled,Corporate Event,2022-05-20,Wedding,Siliana,Tunisie,4,0.0,0.0,200,400,Venues de mariage privées
2534,8294.0,155,66,19000.0,2,confirmed,Birthday,2023-06-22,Wedding,Siliana,Tunisie,5,0.0,0.0,200,400,Venues de mariage privées
1355,8159.0,42,3577,17000.0,0,pending,Birthday,2022-12-21,Birthday,Siliana,Tunisie,2,0.0,0.0,200,400,Venues de mariage privées
6602,447.0,239,4101,17000.0,0,confirmed,Birthday,2023-07-14,Corporate,Siliana,Tunisie,4,0.0,0.0,200,400,Venues de mariage privées
9225,11059.0,176,3661,15000.0,0,pending,Corporate Event,2022-10-08,Birthday,Siliana,Tunisie,3,0.0,0.0,200,400,Venues de mariage privées
4534,6789.0,203,1417,22000.0,2,confirmed,Wedding,2025-01-21,Wedding,Siliana,Tunisie,1,0.0,0.0,200,400,Venues de mariage privées
10185,8794.0,229,3480,20000.0,0,cancelled,Wedding,2025-03-14,Corporate,Siliana,Tunisie,2,0.0,0.0,200,400,Venues de mariage privées
14282,3221.0,202,1983,13000.0,0,confirmed,Wedding,2024-01-30,Corporate,Siliana,Tunisie,3,0.0,0.0,200,400,Venues de mariage privées
4720,5380.0,298,962,22000.0,16,pending,Wedding,2024-08-05,Wedding,Siliana,Tunisie,4,0.0,0.0,200,400,Venues de mariage privées
9072,4963.0,229,3480,12000.0,0,cancelled,Birthday,2022-03-05,Corporate,Siliana,Tunisie,3,0.0,0.0,200,400,Venues de mariage privées
14536,9243.0,252,1608,24000.0,0,confirmed,Birthday,2024-09-07,Corporate,Siliana,Tunisie,3,0.0,0.0,200,400,Venues de mariage privées
1842,2433.0,239,4101,20000.0,2,confirmed,Wedding,2024-03-02,Wedding,Siliana,Tunisie,5,0.0,0.0,200,400,Venues de mariage privées
17908,3248.0,203,1258,23000.0,2,cancelled,Corporate Event,2025-03-07,Wedding,Siliana,Tunisie,5,0.0,0.0,200,400,Venues de mariage privées
5736,1481.0,239,4101,24000.0,16,confirmed,Corporate Event,2024-03-18,Wedding,Siliana,Tunisie,3,0.0,0.0,200,400,Venues de mariage privées
2627,1326.0,229,3480,21000.0,16,confirmed,Corporate Event,2024-09-08,Wedding,Siliana,Tunisie,3,0.0,0.0,200,400,Venues de mariage privées
3933,7662.0,203,1258,24000.0,0,pending,Wedding,2025-04-05,Corporate,Siliana,Tunisie,4,0.0,0.0,200,400,Venues de mariage privées
12267,2060.0,176,3661,23000.0,0,cancelled,Corporate Event,2025-01-23,Corporate,Siliana,Tunisie,1,0.0,0.0,200,400,Venues de mariage privées
10333,10653.0,176,3661,17000.0,16,pending,Corporate Event,2022-06-03,Wedding,Siliana,Tunisie,1,0.0,0.0,200,400,Venues de mariage privées
10841,14533.0,298,962,21000.0,2,confirmed,Corporate Event,2022-11-13,Wedding,Siliana,Tunisie,5,0.0,0.0,200,400,Venues de mariage privées
10595,13870.0,126,4896,22000.0,0,confirmed,Birthday,2025-11-27,Corporate,Siliana,Tunisie,5,0.0,0.0,200,400,Venues de mariage privées
4548,1456.0,155,66,17000.0,0,pending,Corporate Event,2025-11-18,Birthday,Siliana,Tunisie,4,0.0,0.0,200,400,Venues de mariage privées
16019,1305.0,249,22215,23000.0,16,cancelled,Birthday,2025-01-22,Wedding,Siliana,Tunisie,3,0.0,0.0,200,400,Venues de mariage privées
4332,11137.0,298,962,26000.0,0,confirmed,Wedding,2022-09-04,Corporate,Siliana,Tunisie,1,0.0,0.0,200,400,Venues de mariage privées
7679,14226.0,203,1417,17000.0,0,cancelled,Wedding,2023-04-26,Corporate,Siliana,Tunisie,1,0.0,0.0,200,400,Venues de mariage privées
15868,5968.0,203,1417,12000.0,16,pending,Birthday,2022-09-24,Wedding,Siliana,Tunisie,1,0.0,0.0,200,400,Venues de mariage privées
2824,5799.0,229,3480,19000.0,16,pending,Wedding,2023-03-28,Wedding,Siliana,Tunisie,2,0.0,0.0,200,400,Venues de mariage privées
10035,87710.0,155,66,24000.0,0,pending,Birthday,2022-05-09,Corporate,Siliana,Tunisie,1,0.0,0.0,200,400,Venues de mariage privées
13997,7992.0,252,1608,20000.0,0,cancelled,Corporate Event,2025-12-10,Corporate,Siliana,Tunisie,2,0.0,0.0,200,400,Venues de mariage privées
1287,6395.0,203,1258,25000.0,0,cancelled,Birthday,2023-07-20,Birthday,Siliana,Tunisie,5,0.0,0.0,200,400,Venues de mariage privées
10783,9313.0,249,22215,12000.0,2,cancelled,Wedding,2024-02-06,Wedding,Siliana,Tunisie,2,0.0,0.0,200,400,Venues de mariage privées
2380,3542.0,126,4896,23000.0,2,confirmed,Corporate Event,2022-06-12,Wedding,Siliana,Tunisie,5,0.0,0.0,200,400,Venues de mariage privées
16468,2901.0,298,962,15000.0,0,confirmed,Birthday,2025-07-10,Corporate,Siliana,Tunisie,3,0.0,0.0,200,400,Venues de mariage privées
13420,13670.0,155,66,17000.0,0,cancelled,Corporate Event,2024-12-15,Birthday,Siliana,Tunisie,5,0.0,0.0,200,400,Venues de mariage privées
15304,10774.0,176,3661,25000.0,16,confirmed,Wedding,2023-12-25,Wedding,Siliana,Tunisie,5,0.0,0.0,200,400,Venues de mariage privées
9508,2686.0,126,4896,22000.0,16,pending,Birthday,2024-11-26,Wedding,Siliana,Tunisie,4,0.0,0.0,200,400,Venues de mariage privées
13026,7590.0,176,3661,25000.0,0,confirmed,Birthday,2024-06-15,Corporate,Siliana,Tunisie,2,0.0,0.0,200,400,Venues de mariage privées
1047,14153.0,203,1417,22000.0,2,cancelled,Corporate Event,2024-06-19,Wedding,Siliana,Tunisie,5,0.0,0.0,200,400,Venues de mariage privées
16686,4667.0,229,3480,21000.0,0,pending,Birthday,2023-11-28,Birthday,Siliana,Tunisie,4,0.0,0.0,200,400,Venues de mariage privées
11325,2449.0,298,962,26000.0,2,cancelled,Wedding,2023-06-02,Wedding,Siliana,Tunisie,4,0.0,0.0,200,400,Venues de mariage privées
6288,11406.0,126,4896,12000.0,2,pending,Corporate Event,2025-03-18,Wedding,Siliana,Tunisie,1,0.0,0.0,200,400,Venues de mariage privées
10304,13726.0,176,3661,20000.0,0,cancelled,Corporate Event,2024-02-16,Birthday,Siliana,Tunisie,3,0.0,0.0,200,400,Venues de mariage privées
14144,2387.0,249,22215,24000.0,0,pending,Wedding,2025-07-04,Birthday,Siliana,Tunisie,3,0.0,0.0,200,400,Venues de mariage privées
12651,14698.0,298,962,23000.0,16,pending,Wedding,2025-02-22,Wedding,Siliana,Tunisie,4,0.0,0.0,200,400,Venues de mariage privées
10291,1717.0,203,1258,19000.0,0,pending,Corporate Event,2023-05-27,Corporate,Siliana,Tunisie,2,0.0,0.0,200,400,Venues de mariage privées
1531,1979.0,252,1608,24000.0,2,pending,Corporate Event,2024-05-11,Wedding,Siliana,Tunisie,4,0.0,0.0,200,400,Venues de mariage privées
8852,14977.0,249,22215,20000.0,2,cancelled,Corporate Event,2024-07-10,Wedding,Siliana,Tunisie,5,0.0,0.0,200,400,Venues de mariage privées
16514,14071.0,203,1258,21000.0,0,pending,Corporate Event,2022-11-06,Birthday,Siliana,Tunisie,2,0.0,0.0,200,400,Venues de mariage privées
4423,3730.0,126,4896,24000.0,0,cancelled,Birthday,2023-02-02,Corporate,Siliana,Tunisie,2,0.0,0.0,200,400,Venues de mariage privées
6242,13430.0,252,1608,21000.0,0,confirmed,Birthday,2024-09-24,Corporate,Siliana,Tunisie,1,0.0,0.0,200,400,Venues de mariage privées
7682,2941.0,298,962,17000.0,2,confirmed,Birthday,2022-07-30,Wedding,Siliana,Tunisie,3,0.0,0.0,200,400,Venues de mariage privées
18,14940.0,239,4101,24000.0,0,confirmed,Birthday,2024-07-03,Corporate,Siliana,Tunisie,5,0.0,0.0,200,400,Venues de mariage privées
7535,9624.0,229,3480,23000.0,16,confirmed,Wedding,2025-05-06,Wedding,Siliana,Tunisie,5,0.0,0.0,200,400,Venues de mariage privées
14316,4808.0,203,1258,23000.0,0,cancelled,Wedding,2024-08-18,Corporate,Siliana,Tunisie,3,0.0,0.0,200,400,Venues de mariage privées
15803,8693.0,229,3480,21000.0,2,cancelled,Wedding,2024-05-26,Wedding,Siliana,Tunisie,5,0.0,0.0,200,400,Venues de mariage privées
7267,5761.0,126,4896,17000.0,0,confirmed,Corporate Event,2022-02-01,Corporate,Siliana,Tunisie,1,0.0,0.0,200,400,Venues de mariage privées
1591,14194.0,203,1417,13000.0,2,confirmed,Birthday,2025-06-23,Wedding,Siliana,Tunisie,1,0.0,0.0,200,400,Venues de mariage privées
3129,1208.0,126,4896,26000.0,0,pending,Corporate Event,2024-03-28,Birthday,Siliana,Tunisie,5,0.0,0.0,200,400,Venues de mariage privées
6607,7954.0,155,66,17000.0,2,confirmed,Corporate Event,2024-04-24,Wedding,Siliana,Tunisie,4,0.0,0.0,200,400,Venues de mariage privées
8360,13216.0,229,3480,25000.0,0,cancelled,Wedding,2025-05-21,Birthday,Siliana,Tunisie,5,0.0,0.0,200,400,Venues de mariage privées
4490,5357.0,298,962,15000.0,0,confirmed,Wedding,2022-12-16,Birthday,Siliana,Tunisie,2,0.0,0.0,200,400,Venues de mariage privées
13843,1616.0,155,66,24000.0,2,cancelled,Birthday,2022-07-08,Wedding,Siliana,Tunisie,1,0.0,0.0,200,400,Venues de mariage privées
12166,4348.0,239,4101,15000.0,16,cancelled,Wedding,2024-06-27,Wedding,Siliana,Tunisie,5,0.0,0.0,200,400,Venues de mariage privées
17774,4911.0,252,1608,26000.0,0,cancelled,Corporate Event,2022-12-09,Birthday,Siliana,Tunisie,2,0.0,0.0,200,400,Venues de mariage privées
3810,4155.0,202,1983,20000.0,0,confirmed,Wedding,2024-04-20,Corporate,Siliana,Tunisie,5,0.0,0.0,200,400,Venues de mariage privées
6727,13839.0,229,3480,13000.0,2,confirmed,Birthday,2022-06-24,Wedding,Siliana,Tunisie,3,0.0,0.0,200,400,Venues de mariage privées
2922,14835.0,126,4896,24000.0,16,cancelled,Wedding,2025-01-22,Wedding,Siliana,Tunisie,1,0.0,0.0,200,400,Venues de mariage privées
11744,4618.0,239,4101,21000.0,2,pending,Wedding,2024-06-08,Wedding,Siliana,Tunisie,5,0.0,0.0,200,400,Venues de mariage privées
11214,1008.0,249,22215,26000.0,0,cancelled,Corporate Event,2025-02-07,Birthday,Siliana,Tunisie,2,0.0,0.0,200,400,Venues de mariage privées
13691,13423.0,203,1417,19000.0,0,confirmed,Wedding,2024-04-29,Corporate,Siliana,Tunisie,5,0.0,0.0,200,400,Venues de mariage privées
13816,37730.0,155,66,24000.0,16,pending,Wedding,2022-04-13,Wedding,Siliana,Tunisie,4,0.0,0.0,200,400,Venues de mariage privées
1533,4399.0,203,1258,22000.0,2,cancelled,Corporate Event,2025-09-19,Wedding,Siliana,Tunisie,2,0.0,0.0,200,400,Venues de mariage privées
15513,601.0,176,3661,25000.0,2,confirmed,Corporate Event,2025-06-19,Wedding,Siliana,Tunisie,2,0.0,0.0,200,400,Venues de mariage privées
17630,2673.0,202,1983,25000.0,0,pending,Corporate Event,2022-09-27,Birthday,Siliana,Tunisie,4,0.0,0.0,200,400,Venues de mariage privées
3691,342.0,202,1983,17000.0,0,cancelled,Corporate Event,2025-02-13,Corporate,Siliana,Tunisie,3,0.0,0.0,200,400,Venues de mariage privées
5878,9783.0,203,1258,24000.0,2,confirmed,Corporate Event,2023-02-08,Wedding,Siliana,Tunisie,2,0.0,0.0,200,400,Venues de mariage privées
13986,5710.0,42,3577,19000.0,2,pending,Birthday,2022-02-16,Wedding,Siliana,Tunisie,4,0.0,0.0,200,400,Venues de mariage privées
12813,6983.0,239,4101,26000.0,16,pending,Corporate Event,2025-12-24,Wedding,Siliana,Tunisie,3,0.0,0.0,200,400,Venues de mariage privées
12604,2256.0,42,3577,22000.0,2,pending,Birthday,2022-05-19,Wedding,Siliana,Tunisie,5,0.0,0.0,200,400,Venues de mariage privées
7389,5386.0,42,3577,12000.0,0,pending,Birthday,2024-08-23,Corporate,Siliana,Tunisie,4,0.0,0.0,200,400,Venues de mariage privées
10014,1585.0,229,3480,20000.0,0,confirmed,Corporate Event,2024-11-07,Corporate,Siliana,Tunisie,3,0.0,0.0,200,400,Venues de mariage privées
16559,4813.0,202,1983,22000.0,2,cancelled,Birthday,2022-10-13,Wedding,Siliana,Tunisie,3,0.0,0.0,200,400,Venues de mariage privées
16141,1979.0,203,1258,17000.0,2,cancelled,Corporate Event,2024-02-27,Wedding,Siliana,Tunisie,4,0.0,0.0,200,400,Venues de mariage privées
8027,10461.0,42,3577,24000.0,0,cancelled,Corporate Event,2024-05-04,Corporate,Siliana,Tunisie,2,0.0,0.0,200,400,Venues de mariage privées
8386,1061.0,203,1258,12000.0,0,cancelled,Corporate Event,2022-02-08,Corporate,Siliana,Tunisie,5,0.0,0.0,200,400,Venues de mariage privées
5540,3868.0,176,3661,23000.0,0,confirmed,Birthday,2025-08-13,Corporate,Siliana,Tunisie,4,0.0,0.0,200,400,Venues de mariage privées
1649,8580.0,229,3480,13000.0,0,cancelled,Corporate Event,2023-01-06,Birthday,Siliana,Tunisie,2,0.0,0.0,200,400,Venues de mariage privées
5849,5193.0,202,1983,23000.0,0,confirmed,Birthday,2024-03-02,Corporate,Siliana,Tunisie,4,0.0,0.0,200,400,Venues de mariage privées
17495,13629.0,252,1608,26000.0,2,pending,Corporate Event,2025-02-12,Wedding,Siliana,Tunisie,3,0.0,0.0,200,400,Venues de mariage privées
14880,14531.0,229,3480,25000.0,2,cancelled,Birthday,2023-06-28,Wedding,Siliana,Tunisie,4,0.0,0.0,200,400,Venues de mariage privées
13629,8533.0,239,4101,17000.0,2,confirmed,Birthday,2025-02-22,Wedding,Siliana,Tunisie,5,0.0,0.0,200,400,Venues de mariage privées
3393,2105.0,126,4896,13000.0,0,confirmed,Wedding,2022-07-17,Corporate,Siliana,Tunisie,4,0.0,0.0,200,400,Venues de mariage privées
1157,14849.0,298,962,21000.0,0,confirmed,Corporate Event,2025-06-21,Birthday,Siliana,Tunisie,2,0.0,0.0,200,400,Venues de mariage privées
2483,12708.0,126,4896,24000.0,0,confirmed,Wedding,2022-10-15,Corporate,Siliana,Tunisie,5,0.0,0.0,200,400,Venues de mariage privées
4189,1350.0,229,3480,25000.0,0,cancelled,Corporate Event,2025-10-28,Corporate,Siliana,Tunisie,4,0.0,0.0,200,400,Venues de mariage privées
5336,5768.0,298,962,20000.0,0,confirmed,Birthday,2022-10-09,Corporate,Siliana,Tunisie,5,0.0,0.0,200,400,Venues de mariage privées
10591,7601.0,252,1608,12000.0,0,pending,Birthday,2024-09-17,Corporate,Siliana,Tunisie,2,0.0,0.0,200,400,Venues de mariage privées
16726,375.0,126,4896,13000.0,0,cancelled,Wedding,2023-05-30,Birthday,Siliana,Tunisie,5,0.0,0.0,200,400,Venues de mariage privées
10298,4884.0,202,1983,24000.0,0,pending,Wedding,2023-03-22,Birthday,Siliana,Tunisie,5,0.0,0.0,200,400,Venues de mariage privées
17501,13280.0,202,1983,12000.0,0,cancelled,Wedding,2024-07-23,Corporate,Siliana,Tunisie,2,0.0,0.0,200,400,Venues de mariage privées
17805,13867.0,203,1417,24000.0,0,confirmed,Wedding,2023-03-11,Corporate,Siliana,Tunisie,4,0.0,0.0,200,400,Venues de mariage privées
3826,9612.0,155,66,17000.0,16,cancelled,Corporate Event,2025-12-26,Wedding,Siliana,Tunisie,5,0.0,0.0,200,400,Venues de mariage privées
10204,10404.0,229,3480,26000.0,0,confirmed,Corporate Event,2022-05-06,Corporate,Siliana,Tunisie,4,0.0,0.0,200,400,Venues de mariage privées
9629,7139.0,252,1608,26000.0,0,cancelled,Corporate Event,2025-06-27,Birthday,Siliana,Tunisie,5,0.0,0.0,200,400,Venues de mariage privées
15112,1318.0,176,3661,19000.0,2,pending,Corporate Event,2025-10-16,Wedding,Siliana,Tunisie,3,0.0,0.0,200,400,Venues de mariage privées
4259,9959.0,176,3661,12000.0,16,confirmed,Birthday,2025-10-30,Wedding,Siliana,Tunisie,1,0.0,0.0,200,400,Venues de mariage privées
913,11147.0,203,1417,15000.0,0,pending,Corporate Event,2023-07-04,Corporate,Siliana,Tunisie,1,0.0,0.0,200,400,Venues de mariage privées
13863,8553.0,155,66,13000.0,2,pending,Corporate Event,2022-11-19,Wedding,Siliana,Tunisie,1,0.0,0.0,200,400,Venues de mariage privées
15095,5248.0,202,1983,22000.0,0,cancelled,Wedding,2025-01-11,Corporate,Siliana,Tunisie,3,0.0,0.0,200,400,Venues de mariage privées
13238,8729.0,298,962,22000.0,0,confirmed,Wedding,2023-07-10,Corporate,Siliana,Tunisie,2,0.0,0.0,200,400,Venues de mariage privées
5919,3711.0,203,1417,15000.0,16,cancelled,Corporate Event,2024-01-25,Wedding,Siliana,Tunisie,1,0.0,0.0,200,400,Venues de mariage privées
8293,7254.0,126,4896,15000.0,2,cancelled,Wedding,2024-05-07,Wedding,Siliana,Tunisie,5,0.0,0.0,200,400,Venues de mariage privées
9884,6600.0,203,1258,13000.0,0,pending,Wedding,2024-02-07,Corporate,Siliana,Tunisie,3,0.0,0.0,200,400,Venues de mariage privées
8871,9993.0,239,4101,19000.0,2,confirmed,Corporate Event,2025-08-21,Wedding,Siliana,Tunisie,4,0.0,0.0,200,400,Venues de mariage privées
16598,14651.0,126,4896,12000.0,2,pending,Wedding,2025-09-14,Wedding,Siliana,Tunisie,4,0.0,0.0,200,400,Venues de mariage privées
1638,7022.0,298,962,15000.0,16,pending,Birthday,2022-12-23,Wedding,Siliana,Tunisie,1,0.0,0.0,200,400,Venues de mariage privées
918,11752.0,42,3577,21000.0,0,cancelled,Corporate Event,2024-06-15,Corporate,Siliana,Tunisie,5,0.0,0.0,200,400,Venues de mariage privées
12466,11449.0,176,3661,13000.0,2,pending,Birthday,2022-05-17,Wedding,Siliana,Tunisie,1,0.0,0.0,200,400,Venues de mariage privées
4160,11896.0,202,1983,17000.0,0,pending,Birthday,2025-02-06,Corporate,Siliana,Tunisie,3,0.0,0.0,200,400,Venues de mariage privées
14620,11206.0,229,3480,17000.0,16,confirmed,Wedding,2024-01-13,Wedding,Siliana,Tunisie,4,0.0,0.0,200,400,Venues de mariage privées
16664,12489.0,249,22215,20000.0,0,confirmed,Birthday,2022-03-08,Birthday,Siliana,Tunisie,4,0.0,0.0,200,400,Venues de mariage privées
10822,12872.0,203,1258,20000.0,16,confirmed,Birthday,2022-12-17,Wedding,Siliana,Tunisie,5,0.0,0.0,200,400,Venues de mariage privées
13910,13622.0,42,3577,21000.0,16,confirmed,Wedding,2025-12-29,Wedding,Siliana,Tunisie,5,0.0,0.0,200,400,Venues de mariage privées
14809,2238.0,126,4896,22000.0,0,cancelled,Wedding,2022-11-11,Corporate,Siliana,Tunisie,5,0.0,0.0,200,400,Venues de mariage privées
17860,14270.0,203,1258,24000.0,0,pending,Corporate Event,2025-10-08,Corporate,Siliana,Tunisie,3,0.0,0.0,200,400,Venues de mariage privées
16304,11985.0,252,1608,24000.0,2,pending,Birthday,2025-11-21,Wedding,Siliana,Tunisie,2,0.0,0.0,200,400,Venues de mariage privées
9950,8681.0,203,1417,25000.0,0,confirmed,Corporate Event,2022-10-04,Birthday,Siliana,Tunisie,5,0.0,0.0,200,400,Venues de mariage privées
14237,7153.0,229,3480,25000.0,0,confirmed,Wedding,2025-11-01,Corporate,Siliana,Tunisie,1,0.0,0.0,200,400,Venues de mariage privées
11877,795.0,176,3661,20000.0,16,cancelled,Birthday,2023-07-28,Wedding,Siliana,Tunisie,3,0.0,0.0,200,400,Venues de mariage privées
13017,5973.0,42,3577,22000.0,16,cancelled,Birthday,2022-03-30,Wedding,Siliana,Tunisie,2,0.0,0.0,200,400,Venues de mariage privées
3030,7800.0,176,3661,17000.0,0,pending,Birthday,2023-12-02,Corporate,Siliana,Tunisie,3,0.0,0.0,200,400,Venues de mariage privées
11966,4650.0,249,22215,22000.0,16,pending,Wedding,2025-10-16,Wedding,Siliana,Tunisie,1,0.0,0.0,200,400,Venues de mariage privées
1367,6483.0,298,962,12000.0,16,cancelled,Wedding,2025-06-27,Wedding,Siliana,Tunisie,4,0.0,0.0,200,400,Venues de mariage privées
2639,8608.0,229,3480,21000.0,2,confirmed,Birthday,2024-07-16,Wedding,Siliana,Tunisie,3,0.0,0.0,200,400,Venues de mariage privées
14983,5397.0,298,962,26000.0,0,confirmed,Birthday,2025-02-03,Corporate,Siliana,Tunisie,4,0.0,0.0,200,400,Venues de mariage privées
12614,1061.0,252,1608,26000.0,2,pending,Wedding,2023-03-15,Wedding,Siliana,Tunisie,3,0.0,0.0,200,400,Venues de mariage privées
6938,12177.0,252,1608,25000.0,0,cancelled,Wedding,2025-04-10,Corporate,Siliana,Tunisie,1,0.0,0.0,200,400,Venues de mariage privées
3952,6984.0,202,1983,26000.0,0,confirmed,Wedding,2025-01-11,Birthday,Jendouba,Tunisie,3,0.0,0.0,100,200,Hotel
16985,13333.0,126,4896,21000.0,0,confirmed,Birthday,2025-05-03,Birthday,Jendouba,Tunisie,1,0.0,0.0,100,200,Hotel
10385,10958.0,155,66,24000.0,7,cancelled,Corporate Event,2022-08-09,Wedding,Jendouba,Tunisie,5,0.0,0.0,100,200,Hotel
1359,13343.0,249,22215,24000.0,7,cancelled,Birthday,2025-02-11,Wedding,Jendouba,Tunisie,5,0.0,0.0,100,200,Hotel
11131,6270.0,202,1983,23000.0,7,confirmed,Wedding,2024-03-12,Wedding,Jendouba,Tunisie,5,0.0,0.0,100,200,Hotel
14853,13428.0,229,3480,22000.0,7,confirmed,Corporate Event,2024-11-15,Wedding,Jendouba,Tunisie,2,0.0,0.0,100,200,Hotel
16894,9741.0,202,1983,12000.0,10,pending,Wedding,2023-05-12,Corporate,Jendouba,Tunisie,1,0.0,0.0,100,200,Hotel
15639,6673.0,229,3480,17000.0,0,pending,Birthday,2022-06-25,Birthday,Jendouba,Tunisie,1,0.0,0.0,100,200,Hotel
916,7085.0,202,1983,21000.0,7,cancelled,Corporate Event,2023-01-21,Wedding,Jendouba,Tunisie,4,0.0,0.0,100,200,Hotel
3831,13234.0,155,66,26000.0,10,confirmed,Wedding,2022-03-13,Corporate,Jendouba,Tunisie,1,0.0,0.0,100,200,Hotel
4298,5420.0,239,4101,19000.0,10,cancelled,Birthday,2024-02-22,Corporate,Jendouba,Tunisie,3,0.0,0.0,100,200,Hotel
14027,852.0,126,4896,13000.0,0,pending,Wedding,2024-02-08,Birthday,Jendouba,Tunisie,1,0.0,0.0,100,200,Hotel
6657,13426.0,126,4896,17000.0,2,confirmed,Birthday,2024-02-17,Wedding,Jendouba,Tunisie,4,0.0,0.0,100,200,Hotel
15471,1548.0,203,1258,15000.0,10,cancelled,Wedding,2025-11-05,Corporate,Jendouba,Tunisie,3,0.0,0.0,100,200,Hotel
1269,6807.0,252,1608,22000.0,10,cancelled,Birthday,2022-01-10,Corporate,Jendouba,Tunisie,1,0.0,0.0,100,200,Hotel
5435,13406.0,249,22215,26000.0,7,cancelled,Wedding,2022-01-23,Wedding,Jendouba,Tunisie,4,0.0,0.0,100,200,Hotel
17499,327.0,298,962,12000.0,10,pending,Corporate Event,2025-07-15,Corporate,Jendouba,Tunisie,4,0.0,0.0,100,200,Hotel
2570,3067.0,252,1608,24000.0,7,cancelled,Wedding,2022-12-26,Wedding,Jendouba,Tunisie,4,0.0,0.0,100,200,Hotel
11548,10128.0,249,22215,12000.0,0,confirmed,Wedding,2025-04-21,Birthday,Jendouba,Tunisie,1,0.0,0.0,100,200,Hotel
9530,3960.0,126,4896,24000.0,2,confirmed,Wedding,2022-07-01,Wedding,Jendouba,Tunisie,3,0.0,0.0,100,200,Hotel
13749,12198.0,239,4101,25000.0,7,cancelled,Birthday,2022-09-03,Wedding,Jendouba,Tunisie,5,0.0,0.0,100,200,Hotel
233,2858.0,203,1258,17000.0,2,confirmed,Birthday,2025-03-13,Wedding,Jendouba,Tunisie,1,0.0,0.0,100,200,Hotel
411,5304.0,42,3577,19000.0,10,confirmed,Corporate Event,2025-04-09,Corporate,Jendouba,Tunisie,4,0.0,0.0,100,200,Hotel
3339,6994.0,176,3661,21000.0,10,cancelled,Wedding,2023-05-30,Corporate,Jendouba,Tunisie,1,0.0,0.0,100,200,Hotel
11001,13149.0,203,1258,26000.0,10,cancelled,Wedding,2024-08-31,Corporate,Jendouba,Tunisie,2,0.0,0.0,100,200,Hotel
17966,144550.0,203,1258,13000.0,2,cancelled,Wedding,2024-07-16,Wedding,Jendouba,Tunisie,5,0.0,0.0,100,200,Hotel
2657,14138.0,203,1417,24000.0,0,cancelled,Corporate Event,2024-10-23,Birthday,Jendouba,Tunisie,5,0.0,0.0,100,200,Hotel
11229,9402.0,298,962,12000.0,0,pending,Corporate Event,2024-08-19,Birthday,Jendouba,Tunisie,3,0.0,0.0,100,200,Hotel
1172,14062.0,203,1417,24000.0,10,pending,Corporate Event,2023-04-25,Corporate,Jendouba,Tunisie,2,0.0,0.0,100,200,Hotel
2953,3383.0,203,1417,26000.0,0,pending,Birthday,2024-11-08,Birthday,Jendouba,Tunisie,3,0.0,0.0,100,200,Hotel
14770,9098.0,229,3480,25000.0,7,confirmed,Corporate Event,2022-06-03,Wedding,Jendouba,Tunisie,1,0.0,0.0,100,200,Hotel
7995,4876.0,249,22215,19000.0,10,pending,Corporate Event,2025-04-21,Corporate,Jendouba,Tunisie,3,0.0,0.0,100,200,Hotel
6244,14348.0,202,1983,23000.0,0,pending,Birthday,2022-12-29,Birthday,Jendouba,Tunisie,4,0.0,0.0,100,200,Hotel
15743,6925.0,229,3480,19000.0,0,cancelled,Wedding,2024-02-06,Birthday,Jendouba,Tunisie,4,0.0,0.0,100,200,Hotel
17421,7900.0,176,3661,15000.0,2,pending,Wedding,2022-11-13,Wedding,Jendouba,Tunisie,3,0.0,0.0,100,200,Hotel
15610,13157.0,176,3661,19000.0,0,pending,Birthday,2023-03-20,Birthday,Jendouba,Tunisie,2,0.0,0.0,100,200,Hotel
13707,12406.0,249,22215,20000.0,0,cancelled,Wedding,2025-08-13,Birthday,Jendouba,Tunisie,3,0.0,0.0,100,200,Hotel
15660,6760.0,229,3480,23000.0,10,cancelled,Corporate Event,2025-01-19,Corporate,Jendouba,Tunisie,2,0.0,0.0,100,200,Hotel
2399,13949.0,249,22215,19000.0,0,cancelled,Wedding,2024-03-03,Birthday,Jendouba,Tunisie,1,0.0,0.0,100,200,Hotel
6559,3301.0,202,1983,13000.0,10,confirmed,Wedding,2022-11-24,Corporate,Jendouba,Tunisie,5,0.0,0.0,100,200,Hotel
4779,12816.0,239,4101,19000.0,0,pending,Wedding,2023-06-28,Birthday,Jendouba,Tunisie,3,0.0,0.0,100,200,Hotel
14452,5444.0,155,66,13000.0,2,cancelled,Corporate Event,2024-02-13,Wedding,Jendouba,Tunisie,3,0.0,0.0,100,200,Hotel
8082,1927.0,176,3661,13000.0,7,cancelled,Birthday,2025-04-18,Wedding,Jendouba,Tunisie,5,0.0,0.0,100,200,Hotel
6584,2921.0,126,4896,26000.0,2,cancelled,Birthday,2024-10-29,Wedding,Jendouba,Tunisie,2,0.0,0.0,100,200,Hotel
9445,3426.0,252,1608,25000.0,10,pending,Birthday,2025-10-24,Corporate,Jendouba,Tunisie,2,0.0,0.0,100,200,Hotel
5206,13920.0,126,4896,21000.0,10,pending,Wedding,2025-05-11,Corporate,Jendouba,Tunisie,3,0.0,0.0,100,200,Hotel
15228,3867.0,298,962,20000.0,10,pending,Corporate Event,2025-08-24,Corporate,Jendouba,Tunisie,5,0.0,0.0,100,200,Hotel
11972,11028.0,42,3577,22000.0,10,cancelled,Wedding,2022-07-15,Corporate,Jendouba,Tunisie,4,0.0,0.0,100,200,Hotel
9431,11730.0,239,4101,19000.0,7,confirmed,Corporate Event,2024-09-23,Wedding,Jendouba,Tunisie,3,0.0,0.0,100,200,Hotel
16699,92940.0,229,3480,21000.0,0,confirmed,Wedding,2024-08-17,Birthday,Jendouba,Tunisie,3,0.0,0.0,100,200,Hotel
7352,10607.0,126,4896,13000.0,0,pending,Birthday,2022-06-08,Birthday,Jendouba,Tunisie,4,0.0,0.0,100,200,Hotel
14114,10692.0,298,962,21000.0,10,cancelled,Birthday,2024-03-02,Corporate,Jendouba,Tunisie,3,0.0,0.0,100,200,Hotel
13121,2928.0,203,1417,24000.0,0,cancelled,Corporate Event,2024-08-17,Birthday,Jendouba,Tunisie,4,0.0,0.0,100,200,Hotel
11979,13036.0,203,1258,12000.0,10,pending,Wedding,2024-11-10,Corporate,Jendouba,Tunisie,2,0.0,0.0,100,200,Hotel
14990,14109.0,42,3577,20000.0,2,confirmed,Wedding,2024-05-14,Wedding,Jendouba,Tunisie,2,0.0,0.0,100,200,Hotel
15389,5197.0,298,962,19000.0,10,confirmed,Wedding,2022-10-20,Corporate,Jendouba,Tunisie,3,0.0,0.0,100,200,Hotel
1676,4852.0,203,1258,19000.0,7,confirmed,Birthday,2025-10-25,Wedding,Jendouba,Tunisie,5,0.0,0.0,100,200,Hotel
305,1490.0,298,962,12000.0,2,cancelled,Corporate Event,2024-04-26,Wedding,Jendouba,Tunisie,4,0.0,0.0,100,200,Hotel
3645,8137.0,42,3577,23000.0,7,cancelled,Corporate Event,2022-07-10,Wedding,Jendouba,Tunisie,5,0.0,0.0,100,200,Hotel
5142,8384.0,155,66,19000.0,10,pending,Wedding,2024-07-23,Corporate,Jendouba,Tunisie,5,0.0,0.0,100,200,Hotel
6117,9543.0,155,66,13000.0,0,pending,Wedding,2024-10-09,Birthday,Jendouba,Tunisie,2,0.0,0.0,100,200,Hotel
13921,13705.0,229,3480,17000.0,2,cancelled,Corporate Event,2023-01-30,Wedding,Jendouba,Tunisie,4,0.0,0.0,100,200,Hotel
11201,6184.0,249,22215,12000.0,2,confirmed,Corporate Event,2022-03-09,Wedding,Jendouba,Tunisie,3,0.0,0.0,100,200,Hotel
5386,10461.0,203,1258,25000.0,10,cancelled,Corporate Event,2025-11-13,Corporate,Jendouba,Tunisie,4,0.0,0.0,100,200,Hotel
13698,8947.0,202,1983,21000.0,2,confirmed,Corporate Event,2022-03-08,Wedding,Jendouba,Tunisie,1,0.0,0.0,100,200,Hotel
16120,9672.0,202,1983,20000.0,7,confirmed,Corporate Event,2024-01-10,Wedding,Jendouba,Tunisie,4,0.0,0.0,100,200,Hotel
5607,10265.0,249,22215,24000.0,2,cancelled,Corporate Event,2024-11-07,Wedding,Jendouba,Tunisie,4,0.0,0.0,100,200,Hotel
16003,10498.0,203,1417,20000.0,7,cancelled,Wedding,2024-10-24,Wedding,Jendouba,Tunisie,4,0.0,0.0,100,200,Hotel
7215,11370.0,126,4896,21000.0,0,confirmed,Birthday,2022-03-16,Birthday,Jendouba,Tunisie,5,0.0,0.0,100,200,Hotel
10174,6907.0,42,3577,21000.0,10,cancelled,Birthday,2022-11-02,Corporate,Jendouba,Tunisie,5,0.0,0.0,100,200,Hotel
415,4470.0,229,3480,23000.0,10,confirmed,Wedding,2024-04-18,Corporate,Jendouba,Tunisie,3,0.0,0.0,100,200,Hotel
11541,13270.0,252,1608,19000.0,2,cancelled,Corporate Event,2022-01-10,Wedding,Jendouba,Tunisie,3,0.0,0.0,100,200,Hotel
16484,6223.0,203,1258,12000.0,0,pending,Wedding,2022-06-12,Birthday,Jendouba,Tunisie,5,0.0,0.0,100,200,Hotel
15473,14349.0,176,3661,26000.0,2,confirmed,Birthday,2023-05-24,Wedding,Jendouba,Tunisie,4,0.0,0.0,100,200,Hotel
8627,5996.0,229,3480,25000.0,2,cancelled,Wedding,2022-12-16,Wedding,Jendouba,Tunisie,4,0.0,0.0,100,200,Hotel
13706,6355.0,252,1608,21000.0,0,cancelled,Corporate Event,2023-10-12,Birthday,Jendouba,Tunisie,5,0.0,0.0,100,200,Hotel
12463,2668.0,203,1417,20000.0,10,cancelled,Birthday,2024-11-15,Corporate,Jendouba,Tunisie,3,0.0,0.0,100,200,Hotel
9073,4390.0,203,1417,20000.0,7,confirmed,Birthday,2024-11-12,Wedding,Jendouba,Tunisie,5,0.0,0.0,100,200,Hotel
3854,5105.0,252,1608,12000.0,10,pending,Corporate Event,2022-06-12,Corporate,Jendouba,Tunisie,4,0.0,0.0,100,200,Hotel
8311,9977.0,249,22215,25000.0,10,cancelled,Wedding,2024-12-27,Corporate,Jendouba,Tunisie,4,0.0,0.0,100,200,Hotel
6420,7803.0,239,4101,12000.0,2,pending,Birthday,2023-01-20,Wedding,Jendouba,Tunisie,4,0.0,0.0,100,200,Hotel
11467,8342.0,239,4101,23000.0,7,cancelled,Wedding,2022-03-03,Wedding,Jendouba,Tunisie,2,0.0,0.0,100,200,Hotel
12691,6169.0,126,4896,21000.0,2,confirmed,Birthday,2024-02-05,Wedding,Jendouba,Tunisie,5,0.0,0.0,100,200,Hotel
15405,5964.0,155,66,17000.0,2,cancelled,Corporate Event,2023-10-16,Wedding,Jendouba,Tunisie,1,0.0,0.0,100,200,Hotel
1930,5719.0,298,962,24000.0,10,pending,Corporate Event,2023-04-03,Corporate,Jendouba,Tunisie,1,0.0,0.0,100,200,Hotel
8774,10975.0,155,66,13000.0,2,cancelled,Wedding,2023-08-13,Wedding,Jendouba,Tunisie,5,0.0,0.0,100,200,Hotel
12668,6341.0,249,22215,25000.0,10,pending,Corporate Event,2025-08-24,Corporate,Jendouba,Tunisie,5,0.0,0.0,100,200,Hotel
3866,1525.0,203,1258,22000.0,0,pending,Corporate Event,2022-11-14,Birthday,Jendouba,Tunisie,1,0.0,0.0,100,200,Hotel
3687,14340.0,249,22215,24000.0,2,pending,Birthday,2024-04-02,Wedding,Jendouba,Tunisie,2,0.0,0.0,100,200,Hotel
9492,691.0,155,66,19000.0,2,confirmed,Birthday,2022-03-07,Wedding,Jendouba,Tunisie,4,0.0,0.0,100,200,Hotel
7096,5394.0,252,1608,24000.0,0,confirmed,Birthday,2025-12-22,Birthday,Jendouba,Tunisie,4,0.0,0.0,100,200,Hotel
5971,10387.0,126,4896,15000.0,7,confirmed,Wedding,2024-04-06,Wedding,Jendouba,Tunisie,3,0.0,0.0,100,200,Hotel
13635,11467.0,239,4101,22000.0,0,confirmed,Corporate Event,2024-08-12,Birthday,Jendouba,Tunisie,1,0.0,0.0,100,200,Hotel
2252,8901.0,203,1417,23000.0,10,cancelled,Birthday,2022-07-13,Corporate,Jendouba,Tunisie,2,0.0,0.0,100,200,Hotel
15309,720.0,298,962,20000.0,10,confirmed,Wedding,2025-08-21,Corporate,Jendouba,Tunisie,4,0.0,0.0,100,200,Hotel
6551,4989.0,176,3661,13000.0,10,cancelled,Wedding,2022-01-21,Corporate,Jendouba,Tunisie,4,0.0,0.0,100,200,Hotel
2658,10036.0,229,3480,25000.0,0,pending,Wedding,2023-07-13,Birthday,Jendouba,Tunisie,5,0.0,0.0,100,200,Hotel
687,880.0,176,3661,21000.0,0,cancelled,Corporate Event,2023-08-31,Birthday,Jendouba,Tunisie,5,0.0,0.0,100,200,Hotel
14531,6992.0,229,3480,12000.0,10,confirmed,Wedding,2022-07-02,Corporate,Jendouba,Tunisie,4,0.0,0.0,100,200,Hotel
14662,8956.0,203,1258,20000.0,7,cancelled,Wedding,2022-12-26,Wedding,Jendouba,Tunisie,5,0.0,0.0,100,200,Hotel
15658,358.0,203,1258,15000.0,7,pending,Wedding,2023-06-20,Wedding,Jendouba,Tunisie,5,0.0,0.0,100,200,Hotel
11800,14435.0,249,22215,20000.0,10,confirmed,Wedding,2024-07-15,Corporate,Jendouba,Tunisie,5,0.0,0.0,100,200,Hotel
6174,14376.0,249,22215,25000.0,7,pending,Wedding,2025-06-18,Wedding,Jendouba,Tunisie,3,0.0,0.0,100,200,Hotel
6213,1469.0,155,66,12000.0,7,cancelled,Wedding,2024-04-04,Wedding,Jendouba,Tunisie,3,0.0,0.0,100,200,Hotel
7630,13654.0,239,4101,20000.0,10,cancelled,Wedding,2023-07-26,Corporate,Jendouba,Tunisie,3,0.0,0.0,100,200,Hotel
9463,6656.0,202,1983,17000.0,10,pending,Wedding,2023-07-12,Corporate,Jendouba,Tunisie,1,0.0,0.0,100,200,Hotel
15954,4763.0,203,1258,17000.0,7,confirmed,Wedding,2023-12-19,Wedding,Jendouba,Tunisie,3,0.0,0.0,100,200,Hotel
17904,6774.0,203,1258,19000.0,0,cancelled,Corporate Event,2024-11-03,Birthday,Jendouba,Tunisie,3,0.0,0.0,100,200,Hotel
11057,7243.0,126,4896,25000.0,0,pending,Wedding,2023-01-15,Birthday,Jendouba,Tunisie,3,0.0,0.0,100,200,Hotel
16203,2808.0,229,3480,21000.0,0,cancelled,Birthday,2022-11-29,Birthday,Jendouba,Tunisie,4,0.0,0.0,100,200,Hotel
9842,4284.0,239,4101,19000.0,0,cancelled,Birthday,2025-02-12,Birthday,Jendouba,Tunisie,2,0.0,0.0,100,200,Hotel
17337,6023.0,42,3577,25000.0,7,confirmed,Wedding,2025-06-27,Wedding,Jendouba,Tunisie,3,0.0,0.0,100,200,Hotel
14208,894.0,155,66,24000.0,2,pending,Corporate Event,2022-08-28,Wedding,Jendouba,Tunisie,4,0.0,0.0,100,200,Hotel
17106,8190.0,203,1417,20000.0,10,cancelled,Corporate Event,2022-05-01,Corporate,Jendouba,Tunisie,4,0.0,0.0,100,200,Hotel
8850,8341.0,298,962,20000.0,7,confirmed,Wedding,2022-12-20,Wedding,Jendouba,Tunisie,2,0.0,0.0,100,200,Hotel
15853,12560.0,249,22215,24000.0,0,pending,Wedding,2024-07-13,Birthday,Jendouba,Tunisie,3,0.0,0.0,100,200,Hotel
14823,2495.0,176,3661,25000.0,10,confirmed,Wedding,2023-07-08,Corporate,Jendouba,Tunisie,5,0.0,0.0,100,200,Hotel
15461,10239.0,155,66,12000.0,7,confirmed,Corporate Event,2024-11-03,Wedding,Jendouba,Tunisie,5,0.0,0.0,100,200,Hotel
9683,1829.0,239,4101,19000.0,7,pending,Corporate Event,2025-09-27,Wedding,Jendouba,Tunisie,3,0.0,0.0,100,200,Hotel
15414,2551.0,249,22215,15000.0,0,pending,Birthday,2025-07-02,Birthday,Jendouba,Tunisie,5,0.0,0.0,100,200,Hotel
10481,13249.0,229,3480,25000.0,0,pending,Birthday,2023-07-20,Birthday,Jendouba,Tunisie,5,0.0,0.0,100,200,Hotel
10280,3744.0,202,1983,19000.0,2,pending,Wedding,2025-01-18,Wedding,Jendouba,Tunisie,3,0.0,0.0,100,200,Hotel
15287,5599.0,249,22215,23000.0,7,confirmed,Birthday,2023-12-28,Wedding,Jendouba,Tunisie,5,0.0,0.0,100,200,Hotel
10109,1400.0,239,4101,24000.0,7,cancelled,Wedding,2023-07-16,Wedding,Jendouba,Tunisie,5,0.0,0.0,100,200,Hotel
691,8402.0,203,1417,22000.0,2,cancelled,Wedding,2023-03-23,Wedding,Jendouba,Tunisie,1,0.0,0.0,100,200,Hotel
16565,10241.0,252,1608,23000.0,0,pending,Wedding,2022-01-27,Birthday,Jendouba,Tunisie,4,0.0,0.0,100,200,Hotel
6215,10688.0,298,962,12000.0,2,confirmed,Birthday,2023-12-02,Wedding,Jendouba,Tunisie,3,0.0,0.0,100,200,Hotel
3982,8278.0,176,3661,25000.0,7,cancelled,Birthday,2024-06-07,Wedding,Jendouba,Tunisie,5,0.0,0.0,100,200,Hotel
2196,13229.0,249,22215,13000.0,7,cancelled,Birthday,2025-02-08,Wedding,Jendouba,Tunisie,4,0.0,0.0,100,200,Hotel
16744,3983.0,203,1258,17000.0,10,pending,Corporate Event,2023-12-08,Corporate,Jendouba,Tunisie,1,0.0,0.0,100,200,Hotel
15437,4558.0,252,1608,12000.0,2,cancelled,Birthday,2022-12-23,Wedding,Jendouba,Tunisie,1,0.0,0.0,100,200,Hotel
4842,6834.0,298,962,19000.0,7,pending,Wedding,2022-08-14,Wedding,Jendouba,Tunisie,5,0.0,0.0,100,200,Hotel
16650,8602.0,239,4101,23000.0,10,confirmed,Corporate Event,2024-10-22,Corporate,Jendouba,Tunisie,4,0.0,0.0,100,200,Hotel
10459,9044.0,176,3661,20000.0,7,cancelled,Wedding,2022-06-16,Wedding,Jendouba,Tunisie,2,0.0,0.0,100,200,Hotel
5039,13942.0,203,1258,13000.0,2,pending,Birthday,2024-09-28,Wedding,Jendouba,Tunisie,5,0.0,0.0,100,200,Hotel
16595,6443.0,202,1983,21000.0,0,cancelled,Wedding,2022-05-17,Birthday,Jendouba,Tunisie,3,0.0,0.0,100,200,Hotel
15062,1789.0,202,1983,20000.0,7,confirmed,Corporate Event,2025-05-15,Wedding,Jendouba,Tunisie,1,0.0,0.0,100,200,Hotel
2432,10143.0,298,962,23000.0,10,cancelled,Wedding,2022-09-28,Corporate,Jendouba,Tunisie,1,0.0,0.0,100,200,Hotel
5832,2091.0,249,22215,20000.0,0,cancelled,Corporate Event,2023-12-12,Birthday,Jendouba,Tunisie,5,0.0,0.0,100,200,Hotel
1411,11697.0,126,4896,21000.0,2,pending,Wedding,2024-01-31,Wedding,Jendouba,Tunisie,2,0.0,0.0,100,200,Hotel
7446,11244.0,229,3480,21000.0,10,pending,Wedding,2022-08-20,Corporate,Jendouba,Tunisie,5,0.0,0.0,100,200,Hotel
5840,1176.0,203,1417,21000.0,0,confirmed,Birthday,2022-05-18,Birthday,Jendouba,Tunisie,3,0.0,0.0,100,200,Hotel
6134,9680.0,249,22215,15000.0,7,cancelled,Birthday,2025-06-02,Wedding,Jendouba,Tunisie,2,0.0,0.0,100,200,Hotel
11968,1024.0,202,1983,25000.0,0,cancelled,Birthday,2023-06-26,Birthday,Jendouba,Tunisie,1,0.0,0.0,100,200,Hotel
12738,13981.0,249,22215,23000.0,10,pending,Wedding,2024-02-06,Corporate,Jendouba,Tunisie,1,0.0,0.0,100,200,Hotel
3560,804.0,252,1608,26000.0,0,confirmed,Wedding,2025-10-16,Birthday,Jendouba,Tunisie,4,0.0,0.0,100,200,Hotel
14278,5770.0,42,3577,13000.0,0,cancelled,Wedding,2025-02-19,Birthday,Jendouba,Tunisie,2,0.0,0.0,100,200,Hotel
10547,11138.0,239,4101,15000.0,2,pending,Wedding,2023-12-14,Wedding,Jendouba,Tunisie,5,0.0,0.0,100,200,Hotel
4431,5877.0,249,22215,26000.0,0,cancelled,Corporate Event,2022-08-05,Birthday,Jendouba,Tunisie,3,0.0,0.0,100,200,Hotel
2034,292.0,229,3480,17000.0,10,confirmed,Wedding,2023-02-02,Corporate,Jendouba,Tunisie,5,0.0,0.0,100,200,Hotel
4716,6386.0,202,1983,12000.0,7,cancelled,Birthday,2022-01-31,Wedding,Jendouba,Tunisie,5,0.0,0.0,100,200,Hotel
7433,11551.0,298,962,17000.0,7,confirmed,Birthday,2023-05-24,Wedding,Jendouba,Tunisie,3,0.0,0.0,100,200,Hotel
11100,13674.0,239,4101,21000.0,0,confirmed,Corporate Event,2022-01-14,Birthday,Jendouba,Tunisie,3,0.0,0.0,100,200,Hotel
5125,66520.0,239,4101,12000.0,0,confirmed,Corporate Event,2024-11-11,Birthday,Jendouba,Tunisie,1,0.0,0.0,100,200,Hotel
10734,3258.0,239,4101,26000.0,10,confirmed,Birthday,2022-03-08,Corporate,Jendouba,Tunisie,2,0.0,0.0,100,200,Hotel
10664,2003.0,42,3577,19000.0,7,pending,Birthday,2022-10-14,Wedding,Jendouba,Tunisie,2,0.0,0.0,100,200,Hotel
15531,12815.0,42,3577,22000.0,7,confirmed,Birthday,2024-03-09,Wedding,Jendouba,Tunisie,4,0.0,0.0,100,200,Hotel
4797,14599.0,155,66,25000.0,2,pending,Corporate Event,2023-09-25,Wedding,Jendouba,Tunisie,2,0.0,0.0,100,200,Hotel
17094,2599.0,176,3661,25000.0,10,confirmed,Birthday,2022-12-10,Corporate,Jendouba,Tunisie,1,0.0,0.0,100,200,Hotel
46,8945.0,202,1983,25000.0,2,cancelled,Corporate Event,2022-05-11,Wedding,Jendouba,Tunisie,3,0.0,0.0,100,200,Hotel
4615,7368.0,203,1258,23000.0,2,cancelled,Corporate Event,2022-05-25,Wedding,Jendouba,Tunisie,2,0.0,0.0,100,200,Hotel
12366,5822.0,239,4101,26000.0,2,cancelled,Corporate Event,2025-02-05,Wedding,Jendouba,Tunisie,5,0.0,0.0,100,200,Hotel
4599,3045.0,249,22215,26000.0,10,cancelled,Birthday,2023-06-13,Corporate,Jendouba,Tunisie,2,0.0,0.0,100,200,Hotel
17220,13085.0,126,4896,22000.0,10,pending,Wedding,2024-02-06,Corporate,Jendouba,Tunisie,4,0.0,0.0,100,200,Hotel
5865,6918.0,203,1417,13000.0,10,confirmed,Corporate Event,2024-05-01,Corporate,Jendouba,Tunisie,4,0.0,0.0,100,200,Hotel
11445,3367.0,252,1608,21000.0,0,pending,Wedding,2023-07-28,Birthday,Jendouba,Tunisie,1,0.0,0.0,100,200,Hotel
8861,2812.0,176,3661,12000.0,10,confirmed,Corporate Event,2023-07-19,Corporate,Jendouba,Tunisie,4,0.0,0.0,100,200,Hotel
13280,6477.0,229,3480,13000.0,2,cancelled,Wedding,2024-09-27,Wedding,Jendouba,Tunisie,3,0.0,0.0,100,200,Hotel
9717,6474.0,202,1983,22000.0,10,pending,Birthday,2025-06-20,Corporate,Jendouba,Tunisie,5,0.0,0.0,100,200,Hotel
10807,14818.0,298,962,12000.0,7,cancelled,Birthday,2022-09-26,Wedding,Jendouba,Tunisie,5,0.0,0.0,100,200,Hotel
8985,9724.0,176,3661,12000.0,2,confirmed,Birthday,2024-03-15,Wedding,Jendouba,Tunisie,4,0.0,0.0,100,200,Hotel
2656,8530.0,126,4896,26000.0,10,confirmed,Wedding,2024-08-02,Corporate,Jendouba,Tunisie,4,0.0,0.0,100,200,Hotel
9033,761.0,155,66,20000.0,0,confirmed,Birthday,2024-02-28,Birthday,Jendouba,Tunisie,3,0.0,0.0,100,200,Hotel
5827,9519.0,298,962,20000.0,2,pending,Birthday,2023-01-15,Wedding,Jendouba,Tunisie,3,0.0,0.0,100,200,Hotel
2150,13066.0,155,66,22000.0,7,cancelled,Birthday,2024-04-03,Wedding,Jendouba,Tunisie,1,0.0,0.0,100,200,Hotel
13284,14500.0,252,1608,13000.0,7,cancelled,Wedding,2022-10-07,Wedding,Jendouba,Tunisie,1,0.0,0.0,100,200,Hotel
1812,10168.0,176,3661,21000.0,10,pending,Birthday,2025-02-28,Corporate,Jendouba,Tunisie,3,0.0,0.0,100,200,Hotel
8536,8196.0,155,66,17000.0,7,pending,Birthday,2023-11-05,Wedding,Jendouba,Tunisie,2,0.0,0.0,100,200,Hotel
15360,4275.0,298,962,13000.0,0,confirmed,Corporate Event,2024-12-05,Birthday,Jendouba,Tunisie,1,0.0,0.0,100,200,Hotel
9905,9371.0,42,3577,25000.0,10,confirmed,Birthday,2023-04-22,Corporate,Jendouba,Tunisie,4,0.0,0.0,100,200,Hotel
8476,7513.0,42,3577,21000.0,7,confirmed,Birthday,2024-02-28,Wedding,Jendouba,Tunisie,5,0.0,0.0,100,200,Hotel
4959,6325.0,229,3480,26000.0,7,confirmed,Corporate Event,2025-06-01,Wedding,Jendouba,Tunisie,4,0.0,0.0,100,200,Hotel
2618,67940.0,203,1258,17000.0,0,confirmed,Wedding,2025-01-20,Birthday,Jendouba,Tunisie,3,0.0,0.0,100,200,Hotel
11657,1072.0,42,3577,17000.0,0,pending,Corporate Event,2025-08-20,Birthday,Jendouba,Tunisie,4,0.0,0.0,100,200,Hotel
5371,2133.0,229,3480,17000.0,2,confirmed,Birthday,2025-05-31,Wedding,Jendouba,Tunisie,5,0.0,0.0,100,200,Hotel
10004,14659.0,203,1417,13000.0,2,cancelled,Corporate Event,2024-11-22,Wedding,Jendouba,Tunisie,2,0.0,0.0,100,200,Hotel
16476,10259.0,203,1258,13000.0,0,pending,Corporate Event,2025-01-28,Birthday,Jendouba,Tunisie,1,0.0,0.0,100,200,Hotel
12510,70690.0,155,66,22000.0,10,confirmed,Wedding,2024-10-23,Corporate,Jendouba,Tunisie,3,0.0,0.0,100,200,Hotel
13281,7845.0,203,1417,19000.0,2,cancelled,Corporate Event,2024-07-29,Wedding,Jendouba,Tunisie,4,0.0,0.0,100,200,Hotel
16439,6013.0,202,1983,20000.0,0,cancelled,Birthday,2024-11-15,Birthday,Jendouba,Tunisie,4,0.0,0.0,100,200,Hotel
9302,6247.0,203,1258,22000.0,7,pending,Corporate Event,2023-12-24,Wedding,Jendouba,Tunisie,1,0.0,0.0,100,200,Hotel
7472,11309.0,202,1983,21000.0,0,confirmed,Birthday,2025-10-27,Birthday,Jendouba,Tunisie,1,0.0,0.0,100,200,Hotel
9594,3148.0,249,22215,19000.0,10,confirmed,Birthday,2024-09-02,Corporate,Jendouba,Tunisie,2,0.0,0.0,100,200,Hotel
557,972.0,126,4896,23000.0,2,confirmed,Birthday,2022-08-03,Wedding,Jendouba,Tunisie,1,0.0,0.0,100,200,Hotel
11981,5442.0,239,4101,15000.0,10,confirmed,Corporate Event,2024-08-25,Corporate,Jendouba,Tunisie,5,0.0,0.0,100,200,Hotel
16155,11100.0,298,962,20000.0,0,cancelled,Corporate Event,2022-03-02,Birthday,Jendouba,Tunisie,1,0.0,0.0,100,200,Hotel
2920,7116.0,203,1417,15000.0,7,cancelled,Corporate Event,2023-06-25,Wedding,Jendouba,Tunisie,2,0.0,0.0,100,200,Hotel
12601,10685.0,203,1417,21000.0,10,pending,Birthday,2023-11-25,Corporate,Jendouba,Tunisie,5,0.0,0.0,100,200,Hotel
12815,9693.0,155,66,26000.0,2,cancelled,Corporate Event,2023-07-26,Wedding,Jendouba,Tunisie,3,0.0,0.0,100,200,Hotel
1168,8597.0,203,1417,17000.0,0,cancelled,Corporate Event,2022-12-05,Birthday,Jendouba,Tunisie,4,0.0,0.0,100,200,Hotel
5002,11170.0,203,1258,20000.0,10,pending,Birthday,2025-06-24,Corporate,Jendouba,Tunisie,5,0.0,0.0,100,200,Hotel
15351,14245.0,229,3480,22000.0,10,cancelled,Birthday,2025-12-01,Corporate,Jendouba,Tunisie,3,0.0,0.0,100,200,Hotel
17174,6938.0,202,1983,20000.0,7,confirmed,Corporate Event,2022-10-20,Wedding,Jendouba,Tunisie,1,0.0,0.0,100,200,Hotel
692,6605.0,249,22215,19000.0,10,confirmed,Birthday,2023-03-18,Corporate,Jendouba,Tunisie,3,0.0,0.0,100,200,Hotel
10631,3225.0,298,962,15000.0,7,cancelled,Wedding,2025-11-20,Wedding,Jendouba,Tunisie,3,0.0,0.0,100,200,Hotel
15602,5029.0,229,3480,20000.0,7,cancelled,Wedding,2025-07-31,Wedding,Jendouba,Tunisie,5,0.0,0.0,100,200,Hotel
14690,3767.0,126,4896,17000.0,2,cancelled,Wedding,2023-05-04,Wedding,Jendouba,Tunisie,4,0.0,0.0,100,200,Hotel
13325,10897.0,126,4896,26000.0,0,pending,Birthday,2024-02-24,Birthday,Jendouba,Tunisie,3,0.0,0.0,100,200,Hotel
6830,4210.0,203,1417,25000.0,0,pending,Corporate Event,2023-01-05,Birthday,Jendouba,Tunisie,3,0.0,0.0,100,200,Hotel
6769,12341.0,176,3661,15000.0,0,pending,Corporate Event,2022-11-12,Birthday,Jendouba,Tunisie,3,0.0,0.0,100,200,Hotel
2610,5158.0,203,1417,26000.0,7,confirmed,Corporate Event,2024-08-26,Wedding,Jendouba,Tunisie,4,0.0,0.0,100,200,Hotel
8341,11761.0,203,1258,13000.0,10,confirmed,Wedding,2024-02-19,Corporate,Jendouba,Tunisie,1,0.0,0.0,100,200,Hotel
3331,8419.0,252,1608,12000.0,7,pending,Corporate Event,2023-08-23,Wedding,Jendouba,Tunisie,3,0.0,0.0,100,200,Hotel
12805,1112.0,203,1417,20000.0,10,confirmed,Wedding,2025-05-18,Corporate,Jendouba,Tunisie,1,0.0,0.0,100,200,Hotel
1302,8777.0,202,1983,21000.0,2,cancelled,Birthday,2024-12-29,Wedding,Jendouba,Tunisie,5,0.0,0.0,100,200,Hotel
1118,5957.0,203,1417,22000.0,10,confirmed,Wedding,2024-12-23,Corporate,Jendouba,Tunisie,4,0.0,0.0,100,200,Hotel
8501,6597.0,249,22215,12000.0,7,pending,Birthday,2023-12-05,Wedding,Jendouba,Tunisie,4,0.0,0.0,100,200,Hotel
6793,8816.0,42,3577,22000.0,10,pending,Wedding,2024-07-25,Corporate,Jendouba,Tunisie,4,0.0,0.0,100,200,Hotel
6660,14915.0,252,1608,24000.0,0,cancelled,Wedding,2022-10-03,Birthday,Jendouba,Tunisie,5,0.0,0.0,100,200,Hotel
13893,3482.0,203,1258,26000.0,7,pending,Corporate Event,2022-12-13,Wedding,Jendouba,Tunisie,5,0.0,0.0,100,200,Hotel
16608,13225.0,239,4101,15000.0,7,cancelled,Wedding,2025-03-26,Wedding,Jendouba,Tunisie,5,0.0,0.0,100,200,Hotel
4696,6008.0,239,4101,13000.0,7,confirmed,Birthday,2024-10-31,Wedding,Jendouba,Tunisie,5,0.0,0.0,100,200,Hotel
11900,14309.0,252,1608,25000.0,7,confirmed,Birthday,2025-06-08,Wedding,Jendouba,Tunisie,3,0.0,0.0,100,200,Hotel
10862,12133.0,252,1608,25000.0,10,pending,Wedding,2025-04-15,Corporate,Jendouba,Tunisie,5,0.0,0.0,100,200,Hotel
13741,11726.0,249,22215,17000.0,7,confirmed,Birthday,2022-03-01,Wedding,Jendouba,Tunisie,3,0.0,0.0,100,200,Hotel
8381,3824.0,203,1258,19000.0,0,cancelled,Birthday,2023-05-12,Birthday,Jendouba,Tunisie,5,0.0,0.0,100,200,Hotel
16924,1271.0,249,22215,13000.0,7,cancelled,Wedding,2025-06-13,Wedding,Jendouba,Tunisie,1,0.0,0.0,100,200,Hotel
5908,87370.0,229,3480,21000.0,0,confirmed,Corporate Event,2025-04-09,Birthday,Jendouba,Tunisie,3,0.0,0.0,100,200,Hotel
8007,14858.0,42,3577,23000.0,0,confirmed,Wedding,2025-05-02,Birthday,Jendouba,Tunisie,1,0.0,0.0,100,200,Hotel
15652,11615.0,249,22215,26000.0,7,cancelled,Wedding,2023-04-16,Wedding,Jendouba,Tunisie,3,0.0,0.0,100,200,Hotel
13461,719.0,252,1608,22000.0,2,pending,Corporate Event,2023-06-25,Wedding,Jendouba,Tunisie,1,0.0,0.0,100,200,Hotel
16353,5987.0,298,962,12000.0,10,confirmed,Wedding,2024-09-30,Corporate,Jendouba,Tunisie,5,0.0,0.0,100,200,Hotel
3449,14093.0,229,3480,23000.0,7,confirmed,Wedding,2024-04-29,Wedding,Jendouba,Tunisie,1,0.0,0.0,100,200,Hotel
5154,9874.0,229,3480,26000.0,10,confirmed,Birthday,2025-06-03,Corporate,Jendouba,Tunisie,5,0.0,0.0,100,200,Hotel
9248,2651.0,229,3480,26000.0,2,cancelled,Birthday,2025-11-15,Wedding,Jendouba,Tunisie,4,0.0,0.0,100,200,Hotel
6251,14279.0,176,3661,21000.0,7,pending,Wedding,2024-05-19,Wedding,Jendouba,Tunisie,4,0.0,0.0,100,200,Hotel
11832,13228.0,42,3577,20000.0,0,pending,Birthday,2022-08-13,Birthday,Jendouba,Tunisie,2,0.0,0.0,100,200,Hotel
2045,12470.0,203,1417,24000.0,0,pending,Birthday,2024-08-17,Birthday,Jendouba,Tunisie,5,0.0,0.0,100,200,Hotel
2679,8518.0,249,22215,15000.0,7,confirmed,Wedding,2023-01-29,Wedding,Jendouba,Tunisie,4,0.0,0.0,100,200,Hotel
15142,9930.0,126,4896,23000.0,0,cancelled,Corporate Event,2025-05-06,Birthday,Jendouba,Tunisie,3,0.0,0.0,100,200,Hotel
5187,13110.0,229,3480,17000.0,2,confirmed,Corporate Event,2022-11-19,Wedding,Jendouba,Tunisie,3,0.0,0.0,100,200,Hotel
12092,14894.0,126,4896,25000.0,10,cancelled,Wedding,2022-09-04,Corporate,Jendouba,Tunisie,2,0.0,0.0,100,200,Hotel
11154,13838.0,155,66,20000.0,7,pending,Corporate Event,2024-10-24,Wedding,Jendouba,Tunisie,1,0.0,0.0,100,200,Hotel
2549,1904.0,126,4896,21000.0,7,pending,Corporate Event,2023-04-03,Wedding,Jendouba,Tunisie,5,0.0,0.0,100,200,Hotel
12557,5035.0,298,962,21000.0,2,cancelled,Corporate Event,2023-09-19,Wedding,Jendouba,Tunisie,4,0.0,0.0,100,200,Hotel
7419,4129.0,126,4896,13000.0,0,confirmed,Birthday,2022-12-27,Birthday,Jendouba,Tunisie,4,0.0,0.0,100,200,Hotel
7572,9361.0,252,1608,17000.0,10,pending,Birthday,2022-05-19,Corporate,Jendouba,Tunisie,4,0.0,0.0,100,200,Hotel
14202,6928.0,203,1417,17000.0,0,pending,Wedding,2024-12-06,Birthday,Jendouba,Tunisie,5,0.0,0.0,100,200,Hotel
11710,14277.0,176,3661,21000.0,0,pending,Birthday,2023-03-18,Birthday,Jendouba,Tunisie,3,0.0,0.0,100,200,Hotel
2981,2339.0,202,1983,23000.0,2,cancelled,Birthday,2025-05-28,Wedding,Jendouba,Tunisie,2,0.0,0.0,100,200,Hotel
16259,5264.0,298,962,17000.0,10,confirmed,Corporate Event,2024-05-11,Corporate,Jendouba,Tunisie,3,0.0,0.0,100,200,Hotel
14920,2356.0,229,3480,21000.0,7,cancelled,Corporate Event,2023-05-06,Wedding,Jendouba,Tunisie,2,0.0,0.0,100,200,Hotel
7795,8875.0,126,4896,21000.0,10,cancelled,Birthday,2023-07-25,Corporate,Jendouba,Tunisie,3,0.0,0.0,100,200,Hotel
13727,7303.0,239,4101,19000.0,7,cancelled,Corporate Event,2022-01-23,Wedding,Jendouba,Tunisie,1,0.0,0.0,100,200,Hotel
5453,8650.0,203,1417,21000.0,2,cancelled,Corporate Event,2022-04-24,Wedding,Jendouba,Tunisie,1,0.0,0.0,100,200,Hotel
1715,14395.0,252,1608,19000.0,10,pending,Corporate Event,2023-11-27,Corporate,Jendouba,Tunisie,3,0.0,0.0,100,200,Hotel
6466,1031.0,155,66,19000.0,0,pending,Corporate Event,2022-12-29,Birthday,Jendouba,Tunisie,1,0.0,0.0,100,200,Hotel
14201,12447.0,42,3577,22000.0,7,cancelled,Corporate Event,2024-05-04,Wedding,Jendouba,Tunisie,5,0.0,0.0,100,200,Hotel
4694,3244.0,229,3480,17000.0,2,pending,Wedding,2024-03-12,Wedding,Jendouba,Tunisie,5,0.0,0.0,100,200,Hotel
11896,1873.0,249,22215,22000.0,10,pending,Corporate Event,2024-01-14,Corporate,Jendouba,Tunisie,3,0.0,0.0,100,200,Hotel
4191,6051.0,155,66,19000.0,7,confirmed,Birthday,2024-02-14,Wedding,Jendouba,Tunisie,3,0.0,0.0,100,200,Hotel
16948,6461.0,249,22215,25000.0,7,confirmed,Corporate Event,2023-11-30,Wedding,Jendouba,Tunisie,1,0.0,0.0,100,200,Hotel
6300,6074.0,203,1258,12000.0,10,confirmed,Wedding,2025-03-03,Corporate,Jendouba,Tunisie,4,0.0,0.0,100,200,Hotel
9506,7145.0,176,3661,25000.0,0,pending,Wedding,2023-10-30,Birthday,Jendouba,Tunisie,1,0.0,0.0,100,200,Hotel
4080,11196.0,126,4896,25000.0,2,pending,Wedding,2024-09-02,Wedding,Jendouba,Tunisie,5,0.0,0.0,100,200,Hotel
7614,4026.0,239,4101,17000.0,10,pending,Birthday,2024-06-27,Corporate,Jendouba,Tunisie,4,0.0,0.0,100,200,Hotel
3368,1510.0,202,1983,17000.0,2,pending,Corporate Event,2023-01-21,Wedding,Jendouba,Tunisie,5,0.0,0.0,100,200,Hotel
155,11780.0,298,962,23000.0,7,confirmed,Wedding,2022-03-08,Wedding,Jendouba,Tunisie,4,0.0,0.0,100,200,Hotel
7321,14385.0,203,1417,15000.0,0,pending,Wedding,2022-07-20,Birthday,Jendouba,Tunisie,4,0.0,0.0,100,200,Hotel
8484,2220.0,239,4101,13000.0,7,cancelled,Wedding,2024-04-30,Wedding,Jendouba,Tunisie,2,0.0,0.0,100,200,Hotel
5716,11486.0,229,3480,24000.0,10,pending,Wedding,2023-01-21,Corporate,Jendouba,Tunisie,1,0.0,0.0,100,200,Hotel
17018,3282.0,229,3480,17000.0,7,pending,Wedding,2022-09-27,Wedding,Jendouba,Tunisie,1,0.0,0.0,100,200,Hotel
11735,11836.0,202,1983,12000.0,0,confirmed,Wedding,2023-03-09,Birthday,Jendouba,Tunisie,4,0.0,0.0,100,200,Hotel
4784,4924.0,252,1608,22000.0,0,confirmed,Birthday,2022-04-07,Birthday,Jendouba,Tunisie,1,0.0,0.0,100,200,Hotel
10322,11837.0,42,3577,26000.0,2,pending,Birthday,2023-01-10,Wedding,Jendouba,Tunisie,5,0.0,0.0,100,200,Hotel
13929,4407.0,203,1258,13000.0,0,cancelled,Birthday,2025-05-01,Birthday,Jendouba,Tunisie,5,0.0,0.0,100,200,Hotel
5240,58500.0,239,4101,26000.0,7,cancelled,Birthday,2024-10-26,Wedding,Jendouba,Tunisie,2,0.0,0.0,100,200,Hotel
1644,9523.0,298,962,26000.0,10,cancelled,Birthday,2022-02-22,Corporate,Jendouba,Tunisie,4,0.0,0.0,100,200,Hotel
13616,6694.0,202,1983,20000.0,0,cancelled,Corporate Event,2023-12-27,Birthday,Jendouba,Tunisie,5,0.0,0.0,100,200,Hotel
4782,9521.0,239,4101,22000.0,2,cancelled,Birthday,2025-10-17,Wedding,Jendouba,Tunisie,5,0.0,0.0,100,200,Hotel
12162,7316.0,202,1983,23000.0,0,pending,Corporate Event,2025-06-20,Birthday,Jendouba,Tunisie,5,0.0,0.0,100,200,Hotel
7361,13048.0,203,1258,24000.0,7,pending,Birthday,2023-03-16,Wedding,Jendouba,Tunisie,3,0.0,0.0,100,200,Hotel
4799,10816.0,249,22215,23000.0,7,cancelled,Corporate Event,2023-05-31,Wedding,Jendouba,Tunisie,1,0.0,0.0,100,200,Hotel
6345,7138.0,229,3480,25000.0,10,confirmed,Wedding,2025-10-31,Corporate,Jendouba,Tunisie,5,0.0,0.0,100,200,Hotel
2694,13581.0,239,4101,12000.0,2,pending,Wedding,2022-04-07,Wedding,Jendouba,Tunisie,2,0.0,0.0,100,200,Hotel
3253,4551.0,298,962,22000.0,10,confirmed,Corporate Event,2024-03-18,Corporate,Jendouba,Tunisie,1,0.0,0.0,100,200,Hotel
15003,7078.0,42,3577,12000.0,2,confirmed,Corporate Event,2024-02-17,Wedding,Jendouba,Tunisie,1,0.0,0.0,100,200,Hotel
11420,339.0,229,3480,24000.0,7,cancelled,Corporate Event,2023-05-15,Wedding,Jendouba,Tunisie,1,0.0,0.0,100,200,Hotel
6227,4469.0,203,1258,21000.0,10,cancelled,Corporate Event,2024-11-01,Corporate,Jendouba,Tunisie,5,0.0,0.0,100,200,Hotel
15157,8076.0,176,3661,15000.0,2,pending,Corporate Event,2023-12-30,Wedding,Jendouba,Tunisie,5,0.0,0.0,100,200,Hotel
5749,1564.0,42,3577,23000.0,10,confirmed,Wedding,2025-07-28,Corporate,Jendouba,Tunisie,1,0.0,0.0,100,200,Hotel
17213,4300.0,203,1417,13000.0,0,cancelled,Wedding,2025-02-12,Birthday,Jendouba,Tunisie,1,0.0,0.0,100,200,Hotel
2350,6330.0,202,1983,15000.0,7,confirmed,Corporate Event,2025-06-01,Wedding,Jendouba,Tunisie,1,0.0,0.0,100,200,Hotel
12817,12325.0,252,1608,13000.0,0,cancelled,Birthday,2025-05-09,Birthday,Jendouba,Tunisie,2,0.0,0.0,100,200,Hotel
5100,1864.0,249,22215,22000.0,2,confirmed,Wedding,2022-03-25,Wedding,Jendouba,Tunisie,4,0.0,0.0,100,200,Hotel
7861,2981.0,203,1417,20000.0,0,confirmed,Birthday,2023-06-05,Birthday,Jendouba,Tunisie,5,0.0,0.0,100,200,Hotel
17897,14350.0,229,3480,22000.0,2,confirmed,Birthday,2025-05-28,Wedding,Jendouba,Tunisie,3,0.0,0.0,100,200,Hotel
3174,10244.0,42,3577,15000.0,7,cancelled,Wedding,2023-06-26,Wedding,Jendouba,Tunisie,5,0.0,0.0,100,200,Hotel
4814,5975.0,239,4101,17000.0,10,cancelled,Birthday,2022-12-26,Corporate,Jendouba,Tunisie,5,0.0,0.0,100,200,Hotel
16399,9821.0,229,3480,23000.0,0,pending,Wedding,2023-01-12,Birthday,Jendouba,Tunisie,2,0.0,0.0,100,200,Hotel
12821,711.0,239,4101,21000.0,7,confirmed,Corporate Event,2022-08-10,Wedding,Jendouba,Tunisie,2,0.0,0.0,100,200,Hotel
4765,2639.0,229,3480,24000.0,10,pending,Wedding,2022-05-27,Corporate,Jendouba,Tunisie,5,0.0,0.0,100,200,Hotel
8742,11196.0,229,3480,17000.0,2,confirmed,Wedding,2024-10-27,Wedding,Jendouba,Tunisie,2,0.0,0.0,100,200,Hotel
16040,10126.0,155,66,17000.0,7,cancelled,Corporate Event,2025-04-27,Wedding,Jendouba,Tunisie,4,0.0,0.0,100,200,Hotel
9945,10631.0,202,1983,21000.0,0,cancelled,Corporate Event,2025-09-01,Birthday,Jendouba,Tunisie,2,0.0,0.0,100,200,Hotel
16510,8879.0,126,4896,23000.0,2,pending,Wedding,2022-01-04,Wedding,Jendouba,Tunisie,1,0.0,0.0,100,200,Hotel
11514,12011.0,176,3661,26000.0,0,pending,Wedding,2022-05-03,Birthday,Jendouba,Tunisie,4,0.0,0.0,100,200,Hotel
12970,5162.0,203,1417,15000.0,10,confirmed,Corporate Event,2023-07-29,Corporate,Jendouba,Tunisie,4,0.0,0.0,100,200,Hotel
340,12811.0,176,3661,15000.0,0,pending,Wedding,2025-08-16,Birthday,Jendouba,Tunisie,3,0.0,0.0,100,200,Hotel
8220,1218.0,249,22215,20000.0,7,confirmed,Wedding,2023-07-06,Wedding,Jendouba,Tunisie,1,0.0,0.0,100,200,Hotel
2517,12744.0,155,66,13000.0,10,cancelled,Birthday,2023-08-22,Corporate,Jendouba,Tunisie,4,0.0,0.0,100,200,Hotel
15518,3558.0,203,1417,17000.0,7,pending,Birthday,2023-04-05,Wedding,Jendouba,Tunisie,5,0.0,0.0,100,200,Hotel
7529,147590.0,203,1417,17000.0,0,pending,Wedding,2025-03-20,Birthday,Jendouba,Tunisie,5,0.0,0.0,100,200,Hotel
10472,1568.0,239,4101,20000.0,7,confirmed,Wedding,2024-10-04,Wedding,Jendouba,Tunisie,2,0.0,0.0,100,200,Hotel
7970,12516.0,203,1417,25000.0,10,confirmed,Birthday,2023-11-01,Corporate,Jendouba,Tunisie,3,0.0,0.0,100,200,Hotel
12971,13830.0,203,1258,22000.0,7,cancelled,Corporate Event,2023-01-19,Wedding,Jendouba,Tunisie,2,0.0,0.0,100,200,Hotel
7533,8277.0,42,3577,24000.0,7,cancelled,Birthday,2025-08-04,Wedding,Jendouba,Tunisie,2,0.0,0.0,100,200,Hotel
13970,11491.0,249,22215,13000.0,7,cancelled,Birthday,2023-08-29,Wedding,Jendouba,Tunisie,5,0.0,0.0,100,200,Hotel
17886,7418.0,229,3480,26000.0,10,confirmed,Wedding,2023-10-01,Corporate,Jendouba,Tunisie,1,0.0,0.0,100,200,Hotel
17582,147990.0,252,1608,24000.0,10,cancelled,Birthday,2025-07-14,Corporate,Jendouba,Tunisie,1,0.0,0.0,100,200,Hotel
17121,1513.0,202,1983,20000.0,0,confirmed,Wedding,2022-05-18,Birthday,Jendouba,Tunisie,3,0.0,0.0,100,200,Hotel
10758,4117.0,202,1983,25000.0,0,cancelled,Corporate Event,2023-01-26,Birthday,Jendouba,Tunisie,3,0.0,0.0,100,200,Hotel
7290,6708.0,155,66,21000.0,10,cancelled,Birthday,2024-02-17,Corporate,Jendouba,Tunisie,1,0.0,0.0,100,200,Hotel
8753,11960.0,229,3480,26000.0,10,cancelled,Wedding,2023-10-20,Corporate,Jendouba,Tunisie,2,0.0,0.0,100,200,Hotel
15100,8759.0,126,4896,12000.0,0,pending,Wedding,2022-07-29,Birthday,Jendouba,Tunisie,5,0.0,0.0,100,200,Hotel
13347,2641.0,249,22215,26000.0,0,cancelled,Corporate Event,2023-07-09,Birthday,Jendouba,Tunisie,2,0.0,0.0,100,200,Hotel
699,6785.0,252,1608,21000.0,10,pending,Wedding,2024-05-14,Corporate,Jendouba,Tunisie,5,0.0,0.0,100,200,Hotel
9099,4732.0,202,1983,15000.0,0,confirmed,Birthday,2024-05-18,Birthday,Jendouba,Tunisie,3,0.0,0.0,100,200,Hotel
741,9794.0,203,1258,19000.0,0,pending,Corporate Event,2022-03-03,Birthday,Jendouba,Tunisie,4,0.0,0.0,100,200,Hotel
6286,11017.0,203,1258,12000.0,0,confirmed,Wedding,2023-11-07,Birthday,Jendouba,Tunisie,1,0.0,0.0,100,200,Hotel
2766,10587.0,176,3661,22000.0,7,confirmed,Birthday,2025-11-02,Wedding,Jendouba,Tunisie,3,0.0,0.0,100,200,Hotel
3590,5088.0,155,66,20000.0,2,cancelled,Corporate Event,2023-08-12,Wedding,Bizerte,Tunisie,3,0.0,0.0,300,500,Venues de mariage privées
2808,2227.0,42,3577,22000.0,6,pending,Corporate Event,2024-11-18,Corporate,Bizerte,Tunisie,2,0.0,0.0,300,500,Venues de mariage privées
17050,4013.0,229,3480,24000.0,6,pending,Corporate Event,2024-06-14,Corporate,Bizerte,Tunisie,4,0.0,0.0,300,500,Venues de mariage privées
8233,12929.0,202,1983,17000.0,6,pending,Corporate Event,2025-05-22,Corporate,Bizerte,Tunisie,3,0.0,0.0,300,500,Venues de mariage privées
10091,7509.0,249,22215,17000.0,6,cancelled,Corporate Event,2023-01-05,Corporate,Bizerte,Tunisie,1,0.0,0.0,300,500,Venues de mariage privées
3373,13557.0,229,3480,23000.0,4,confirmed,Corporate Event,2025-01-05,Birthday,Bizerte,Tunisie,3,0.0,0.0,300,500,Venues de mariage privées
13612,13845.0,203,1258,22000.0,2,confirmed,Wedding,2025-06-29,Wedding,Bizerte,Tunisie,2,0.0,0.0,300,500,Venues de mariage privées
12346,10135.0,42,3577,17000.0,4,pending,Birthday,2024-04-04,Birthday,Bizerte,Tunisie,2,0.0,0.0,300,500,Venues de mariage privées
11343,3390.0,203,1417,22000.0,4,pending,Corporate Event,2025-05-22,Birthday,Bizerte,Tunisie,1,0.0,0.0,300,500,Venues de mariage privées
14712,8090.0,203,1417,15000.0,6,pending,Birthday,2022-06-28,Corporate,Bizerte,Tunisie,3,0.0,0.0,300,500,Venues de mariage privées
16016,3311.0,252,1608,25000.0,4,confirmed,Corporate Event,2023-10-14,Birthday,Bizerte,Tunisie,1,0.0,0.0,300,500,Venues de mariage privées
6711,1053.0,249,22215,12000.0,8,cancelled,Wedding,2025-03-18,Wedding,Bizerte,Tunisie,5,0.0,0.0,300,500,Venues de mariage privées
7312,5635.0,203,1417,15000.0,6,confirmed,Corporate Event,2023-03-24,Corporate,Bizerte,Tunisie,4,0.0,0.0,300,500,Venues de mariage privées
4809,6440.0,229,3480,22000.0,6,pending,Birthday,2022-03-23,Corporate,Bizerte,Tunisie,3,0.0,0.0,300,500,Venues de mariage privées
3971,9854.0,203,1417,15000.0,2,cancelled,Wedding,2023-03-06,Wedding,Bizerte,Tunisie,5,0.0,0.0,300,500,Venues de mariage privées
11580,8837.0,229,3480,26000.0,4,pending,Wedding,2025-01-13,Birthday,Bizerte,Tunisie,5,0.0,0.0,300,500,Venues de mariage privées
14054,4737.0,203,1258,24000.0,6,pending,Wedding,2022-12-24,Corporate,Bizerte,Tunisie,1,0.0,0.0,300,500,Venues de mariage privées
15821,1366.0,202,1983,19000.0,6,cancelled,Corporate Event,2025-10-28,Corporate,Bizerte,Tunisie,1,0.0,0.0,300,500,Venues de mariage privées
908,360.0,252,1608,24000.0,6,confirmed,Wedding,2022-11-16,Corporate,Bizerte,Tunisie,3,0.0,0.0,300,500,Venues de mariage privées
8672,12889.0,176,3661,12000.0,6,cancelled,Wedding,2023-10-17,Corporate,Bizerte,Tunisie,2,0.0,0.0,300,500,Venues de mariage privées
15507,1393.0,176,3661,15000.0,8,confirmed,Birthday,2024-11-28,Wedding,Bizerte,Tunisie,2,0.0,0.0,300,500,Venues de mariage privées
17123,2278.0,203,1258,20000.0,2,pending,Wedding,2022-09-02,Wedding,Bizerte,Tunisie,2,0.0,0.0,300,500,Venues de mariage privées
16867,10140.0,42,3577,22000.0,8,pending,Birthday,2024-06-20,Wedding,Bizerte,Tunisie,1,0.0,0.0,300,500,Venues de mariage privées
17970,9081.0,239,4101,15000.0,2,pending,Birthday,2022-03-30,Wedding,Bizerte,Tunisie,3,0.0,0.0,300,500,Venues de mariage privées
10557,12871.0,176,3661,15000.0,4,pending,Corporate Event,2025-05-24,Birthday,Bizerte,Tunisie,3,0.0,0.0,300,500,Venues de mariage privées
5765,5801.0,155,66,15000.0,6,confirmed,Corporate Event,2024-05-04,Corporate,Bizerte,Tunisie,5,0.0,0.0,300,500,Venues de mariage privées
14429,1120.0,203,1417,21000.0,8,confirmed,Wedding,2023-06-14,Wedding,Bizerte,Tunisie,2,0.0,0.0,300,500,Venues de mariage privées
13880,7579.0,42,3577,22000.0,6,pending,Birthday,2023-05-04,Corporate,Bizerte,Tunisie,5,0.0,0.0,300,500,Venues de mariage privées
14499,6647.0,252,1608,13000.0,6,cancelled,Corporate Event,2023-05-08,Corporate,Bizerte,Tunisie,3,0.0,0.0,300,500,Venues de mariage privées
2733,1245.0,249,22215,24000.0,4,cancelled,Birthday,2025-07-12,Birthday,Bizerte,Tunisie,2,0.0,0.0,300,500,Venues de mariage privées
9388,8459.0,203,1417,21000.0,2,confirmed,Birthday,2023-10-01,Wedding,Bizerte,Tunisie,5,0.0,0.0,300,500,Venues de mariage privées
2259,10256.0,42,3577,22000.0,6,pending,Birthday,2025-01-23,Corporate,Bizerte,Tunisie,4,0.0,0.0,300,500,Venues de mariage privées
4966,5028.0,202,1983,17000.0,6,confirmed,Corporate Event,2024-09-27,Corporate,Bizerte,Tunisie,4,0.0,0.0,300,500,Venues de mariage privées
11914,7262.0,239,4101,25000.0,2,cancelled,Birthday,2025-07-08,Wedding,Bizerte,Tunisie,1,0.0,0.0,300,500,Venues de mariage privées
5766,10363.0,203,1258,17000.0,2,pending,Birthday,2025-03-21,Wedding,Bizerte,Tunisie,3,0.0,0.0,300,500,Venues de mariage privées
5853,11008.0,229,3480,25000.0,8,confirmed,Corporate Event,2025-07-26,Wedding,Bizerte,Tunisie,2,0.0,0.0,300,500,Venues de mariage privées
6970,837.0,176,3661,25000.0,2,confirmed,Wedding,2023-06-13,Wedding,Bizerte,Tunisie,2,0.0,0.0,300,500,Venues de mariage privées
2719,11937.0,155,66,26000.0,8,pending,Birthday,2022-02-03,Wedding,Bizerte,Tunisie,2,0.0,0.0,300,500,Venues de mariage privées
17606,992.0,203,1417,24000.0,6,cancelled,Wedding,2025-08-24,Corporate,Bizerte,Tunisie,1,0.0,0.0,300,500,Venues de mariage privées
12504,3839.0,155,66,26000.0,2,confirmed,Birthday,2022-02-18,Wedding,Bizerte,Tunisie,1,0.0,0.0,300,500,Venues de mariage privées
2898,14869.0,203,1258,19000.0,6,cancelled,Birthday,2023-08-10,Corporate,Bizerte,Tunisie,3,0.0,0.0,300,500,Venues de mariage privées
939,7506.0,203,1417,17000.0,4,pending,Wedding,2024-08-31,Birthday,Bizerte,Tunisie,1,0.0,0.0,300,500,Venues de mariage privées
7467,13788.0,42,3577,24000.0,6,cancelled,Wedding,2024-02-29,Corporate,Bizerte,Tunisie,5,0.0,0.0,300,500,Venues de mariage privées
14248,9087.0,176,3661,15000.0,8,confirmed,Birthday,2025-09-08,Wedding,Bizerte,Tunisie,5,0.0,0.0,300,500,Venues de mariage privées
10246,9080.0,203,1258,15000.0,2,pending,Wedding,2024-04-29,Wedding,Bizerte,Tunisie,5,0.0,0.0,300,500,Venues de mariage privées
5238,6256.0,229,3480,26000.0,8,cancelled,Birthday,2023-02-07,Wedding,Bizerte,Tunisie,4,0.0,0.0,300,500,Venues de mariage privées
10089,5243.0,126,4896,12000.0,2,confirmed,Birthday,2024-03-15,Wedding,Bizerte,Tunisie,4,0.0,0.0,300,500,Venues de mariage privées
10470,19670.0,155,66,19000.0,6,cancelled,Corporate Event,2022-08-07,Corporate,Bizerte,Tunisie,4,0.0,0.0,300,500,Venues de mariage privées
11262,8312.0,203,1258,24000.0,4,pending,Birthday,2025-03-09,Birthday,Bizerte,Tunisie,4,0.0,0.0,300,500,Venues de mariage privées
10765,3348.0,203,1258,12000.0,4,cancelled,Corporate Event,2023-12-24,Birthday,Bizerte,Tunisie,2,0.0,0.0,300,500,Venues de mariage privées
12378,8444.0,203,1417,22000.0,6,confirmed,Wedding,2025-08-23,Corporate,Bizerte,Tunisie,4,0.0,0.0,300,500,Venues de mariage privées
6967,3968.0,252,1608,19000.0,4,confirmed,Corporate Event,2024-06-19,Birthday,Bizerte,Tunisie,3,0.0,0.0,300,500,Venues de mariage privées
16588,9765.0,126,4896,26000.0,8,pending,Corporate Event,2025-02-09,Wedding,Bizerte,Tunisie,4,0.0,0.0,300,500,Venues de mariage privées
7129,2383.0,155,66,12000.0,2,cancelled,Wedding,2022-01-30,Wedding,Bizerte,Tunisie,4,0.0,0.0,300,500,Venues de mariage privées
14938,11270.0,176,3661,23000.0,4,cancelled,Birthday,2024-12-28,Birthday,Bizerte,Tunisie,5,0.0,0.0,300,500,Venues de mariage privées
3457,4464.0,203,1258,15000.0,4,confirmed,Wedding,2022-06-24,Birthday,Bizerte,Tunisie,1,0.0,0.0,300,500,Venues de mariage privées
839,12367.0,155,66,19000.0,2,cancelled,Corporate Event,2022-01-03,Wedding,Bizerte,Tunisie,2,0.0,0.0,300,500,Venues de mariage privées
17865,2760.0,229,3480,24000.0,2,cancelled,Corporate Event,2025-10-03,Wedding,Bizerte,Tunisie,1,0.0,0.0,300,500,Venues de mariage privées
16523,28410.0,252,1608,15000.0,2,pending,Corporate Event,2024-06-14,Wedding,Bizerte,Tunisie,3,0.0,0.0,300,500,Venues de mariage privées
13192,10545.0,176,3661,12000.0,8,cancelled,Wedding,2023-01-06,Wedding,Bizerte,Tunisie,3,0.0,0.0,300,500,Venues de mariage privées
8628,7542.0,176,3661,24000.0,8,confirmed,Birthday,2024-03-06,Wedding,Bizerte,Tunisie,5,0.0,0.0,300,500,Venues de mariage privées
13079,5398.0,229,3480,15000.0,2,cancelled,Wedding,2022-01-09,Wedding,Bizerte,Tunisie,4,0.0,0.0,300,500,Venues de mariage privées
16713,10914.0,203,1258,12000.0,8,pending,Birthday,2024-09-11,Wedding,Bizerte,Tunisie,2,0.0,0.0,300,500,Venues de mariage privées
6158,7078.0,176,3661,13000.0,6,cancelled,Wedding,2024-10-26,Corporate,Bizerte,Tunisie,4,0.0,0.0,300,500,Venues de mariage privées
17233,11032.0,126,4896,17000.0,6,confirmed,Corporate Event,2024-02-11,Corporate,Bizerte,Tunisie,3,0.0,0.0,300,500,Venues de mariage privées
5103,9450.0,176,3661,13000.0,6,confirmed,Birthday,2024-11-16,Corporate,Bizerte,Tunisie,2,0.0,0.0,300,500,Venues de mariage privées
9542,9017.0,229,3480,21000.0,6,pending,Wedding,2022-07-29,Corporate,Bizerte,Tunisie,3,0.0,0.0,300,500,Venues de mariage privées
15711,674.0,203,1417,21000.0,8,pending,Corporate Event,2023-10-29,Wedding,Bizerte,Tunisie,5,0.0,0.0,300,500,Venues de mariage privées
17136,13719.0,126,4896,12000.0,2,pending,Corporate Event,2024-12-28,Wedding,Bizerte,Tunisie,5,0.0,0.0,300,500,Venues de mariage privées
2039,9556.0,249,22215,21000.0,8,cancelled,Wedding,2023-05-12,Wedding,Bizerte,Tunisie,2,0.0,0.0,300,500,Venues de mariage privées
11994,8538.0,249,22215,19000.0,8,confirmed,Corporate Event,2024-10-13,Wedding,Bizerte,Tunisie,3,0.0,0.0,300,500,Venues de mariage privées
11329,3422.0,202,1983,23000.0,6,confirmed,Corporate Event,2022-10-12,Corporate,Bizerte,Tunisie,4,0.0,0.0,300,500,Venues de mariage privées
11527,6573.0,203,1258,24000.0,4,confirmed,Wedding,2022-09-28,Birthday,Bizerte,Tunisie,1,0.0,0.0,300,500,Venues de mariage privées
9407,12264.0,252,1608,21000.0,8,pending,Corporate Event,2024-01-17,Wedding,Bizerte,Tunisie,3,0.0,0.0,300,500,Venues de mariage privées
17609,10158.0,249,22215,25000.0,4,cancelled,Birthday,2022-11-03,Birthday,Bizerte,Tunisie,3,0.0,0.0,300,500,Venues de mariage privées
15536,13781.0,155,66,13000.0,4,confirmed,Wedding,2024-09-20,Birthday,Bizerte,Tunisie,3,0.0,0.0,300,500,Venues de mariage privées
3485,7567.0,42,3577,25000.0,6,pending,Birthday,2024-05-19,Corporate,Bizerte,Tunisie,4,0.0,0.0,300,500,Venues de mariage privées
16230,3783.0,126,4896,22000.0,4,cancelled,Corporate Event,2023-02-17,Birthday,Bizerte,Tunisie,3,0.0,0.0,300,500,Venues de mariage privées
15508,13254.0,229,3480,26000.0,6,confirmed,Birthday,2024-04-03,Corporate,Bizerte,Tunisie,1,0.0,0.0,300,500,Venues de mariage privées
9390,1873.0,203,1417,24000.0,4,pending,Wedding,2022-02-06,Birthday,Bizerte,Tunisie,3,0.0,0.0,300,500,Venues de mariage privées
14230,10788.0,229,3480,12000.0,6,confirmed,Birthday,2025-02-21,Corporate,Bizerte,Tunisie,4,0.0,0.0,300,500,Venues de mariage privées
17037,7010.0,176,3661,21000.0,6,pending,Corporate Event,2024-05-29,Corporate,Bizerte,Tunisie,1,0.0,0.0,300,500,Venues de mariage privées
1001,5802.0,126,4896,21000.0,6,cancelled,Birthday,2024-04-25,Corporate,Bizerte,Tunisie,2,0.0,0.0,300,500,Venues de mariage privées
15275,3283.0,203,1417,19000.0,4,cancelled,Corporate Event,2025-07-05,Birthday,Bizerte,Tunisie,2,0.0,0.0,300,500,Venues de mariage privées
12912,13874.0,298,962,19000.0,2,cancelled,Birthday,2024-04-26,Wedding,Bizerte,Tunisie,2,0.0,0.0,300,500,Venues de mariage privées
6386,8554.0,202,1983,23000.0,2,confirmed,Corporate Event,2025-12-23,Wedding,Bizerte,Tunisie,5,0.0,0.0,300,500,Venues de mariage privées
9499,5809.0,252,1608,19000.0,8,cancelled,Birthday,2025-11-17,Wedding,Bizerte,Tunisie,4,0.0,0.0,300,500,Venues de mariage privées
17259,13069.0,202,1983,19000.0,6,confirmed,Birthday,2022-06-25,Corporate,Bizerte,Tunisie,2,0.0,0.0,300,500,Venues de mariage privées
1089,8440.0,252,1608,22000.0,8,pending,Corporate Event,2022-08-25,Wedding,Bizerte,Tunisie,3,0.0,0.0,300,500,Venues de mariage privées
10329,10568.0,298,962,21000.0,8,cancelled,Wedding,2023-01-16,Wedding,Bizerte,Tunisie,4,0.0,0.0,300,500,Venues de mariage privées
11691,13365.0,203,1417,24000.0,6,cancelled,Wedding,2023-10-29,Corporate,Bizerte,Tunisie,1,0.0,0.0,300,500,Venues de mariage privées
9213,13144.0,202,1983,15000.0,2,pending,Birthday,2024-03-25,Wedding,Bizerte,Tunisie,2,0.0,0.0,300,500,Venues de mariage privées
7134,2428.0,42,3577,15000.0,2,cancelled,Wedding,2023-02-08,Wedding,Bizerte,Tunisie,2,0.0,0.0,300,500,Venues de mariage privées
4406,1568.0,298,962,25000.0,2,pending,Corporate Event,2025-09-05,Wedding,Bizerte,Tunisie,2,0.0,0.0,300,500,Venues de mariage privées
15077,2529.0,202,1983,23000.0,2,cancelled,Birthday,2025-11-25,Wedding,Bizerte,Tunisie,5,0.0,0.0,300,500,Venues de mariage privées
17611,1195.0,229,3480,25000.0,4,confirmed,Corporate Event,2025-01-04,Birthday,Bizerte,Tunisie,3,0.0,0.0,300,500,Venues de mariage privées
13837,568.0,42,3577,17000.0,4,cancelled,Birthday,2024-04-19,Birthday,Bizerte,Tunisie,3,0.0,0.0,300,500,Venues de mariage privées
4269,676.0,203,1258,21000.0,4,pending,Wedding,2024-07-27,Birthday,Bizerte,Tunisie,1,0.0,0.0,300,500,Venues de mariage privées
11271,2325.0,249,22215,12000.0,8,pending,Corporate Event,2025-06-01,Wedding,Bizerte,Tunisie,1,0.0,0.0,300,500,Venues de mariage privées
10607,6003.0,239,4101,13000.0,2,cancelled,Corporate Event,2023-01-25,Wedding,Bizerte,Tunisie,4,0.0,0.0,300,500,Venues de mariage privées
12304,14937.0,155,66,23000.0,6,confirmed,Wedding,2022-08-29,Corporate,Bizerte,Tunisie,3,0.0,0.0,300,500,Venues de mariage privées
11545,5712.0,155,66,22000.0,8,cancelled,Wedding,2022-11-01,Wedding,Bizerte,Tunisie,1,0.0,0.0,300,500,Venues de mariage privées
9375,12639.0,176,3661,22000.0,6,cancelled,Birthday,2025-09-18,Corporate,Bizerte,Tunisie,2,0.0,0.0,300,500,Venues de mariage privées
17376,14653.0,203,1417,25000.0,6,pending,Corporate Event,2024-12-15,Corporate,Bizerte,Tunisie,1,0.0,0.0,300,500,Venues de mariage privées
10899,14060.0,203,1258,22000.0,6,confirmed,Corporate Event,2025-10-17,Corporate,Bizerte,Tunisie,3,0.0,0.0,300,500,Venues de mariage privées
12532,1306.0,239,4101,17000.0,4,confirmed,Birthday,2022-01-31,Birthday,Bizerte,Tunisie,2,0.0,0.0,300,500,Venues de mariage privées
8100,13651.0,126,4896,13000.0,2,cancelled,Birthday,2022-10-19,Wedding,Bizerte,Tunisie,3,0.0,0.0,300,500,Venues de mariage privées
13799,2380.0,252,1608,12000.0,8,confirmed,Wedding,2025-02-21,Wedding,Bizerte,Tunisie,3,0.0,0.0,300,500,Venues de mariage privées
14670,10171.0,298,962,26000.0,6,confirmed,Wedding,2023-12-10,Corporate,Bizerte,Tunisie,4,0.0,0.0,300,500,Venues de mariage privées
6374,7962.0,239,4101,15000.0,6,pending,Corporate Event,2025-08-05,Corporate,Bizerte,Tunisie,4,0.0,0.0,300,500,Venues de mariage privées
7852,9942.0,252,1608,26000.0,6,cancelled,Wedding,2023-09-29,Corporate,Bizerte,Tunisie,2,0.0,0.0,300,500,Venues de mariage privées
3792,9424.0,239,4101,19000.0,8,pending,Wedding,2024-10-08,Wedding,Bizerte,Tunisie,2,0.0,0.0,300,500,Venues de mariage privées
9336,7858.0,249,22215,20000.0,2,confirmed,Corporate Event,2023-01-25,Wedding,Bizerte,Tunisie,4,0.0,0.0,300,500,Venues de mariage privées
10016,12978.0,155,66,22000.0,6,cancelled,Wedding,2024-03-03,Corporate,Bizerte,Tunisie,1,0.0,0.0,300,500,Venues de mariage privées
4613,4578.0,203,1258,22000.0,8,confirmed,Wedding,2023-01-29,Wedding,Bizerte,Tunisie,5,0.0,0.0,300,500,Venues de mariage privées
17173,5118.0,203,1258,23000.0,8,cancelled,Wedding,2025-02-11,Wedding,Bizerte,Tunisie,4,0.0,0.0,300,500,Venues de mariage privées
7697,11884.0,42,3577,17000.0,4,confirmed,Birthday,2023-12-18,Birthday,Bizerte,Tunisie,1,0.0,0.0,300,500,Venues de mariage privées
11996,1839.0,203,1417,22000.0,6,pending,Wedding,2022-03-10,Corporate,Bizerte,Tunisie,4,0.0,0.0,300,500,Venues de mariage privées
5726,9930.0,298,962,22000.0,6,confirmed,Corporate Event,2023-04-07,Corporate,Bizerte,Tunisie,5,0.0,0.0,300,500,Venues de mariage privées
17898,13788.0,126,4896,25000.0,8,confirmed,Corporate Event,2023-06-19,Wedding,Bizerte,Tunisie,5,0.0,0.0,300,500,Venues de mariage privées
1921,12204.0,202,1983,12000.0,4,pending,Birthday,2024-11-14,Birthday,Bizerte,Tunisie,1,0.0,0.0,300,500,Venues de mariage privées
4267,8598.0,229,3480,19000.0,4,cancelled,Wedding,2023-04-24,Birthday,Bizerte,Tunisie,1,0.0,0.0,300,500,Venues de mariage privées
2717,8053.0,155,66,26000.0,2,cancelled,Wedding,2023-09-09,Wedding,Bizerte,Tunisie,4,0.0,0.0,300,500,Venues de mariage privées
15775,9994.0,249,22215,23000.0,4,cancelled,Corporate Event,2023-01-02,Birthday,Bizerte,Tunisie,5,0.0,0.0,300,500,Venues de mariage privées
3911,7165.0,202,1983,21000.0,8,confirmed,Wedding,2025-07-09,Wedding,Bizerte,Tunisie,3,0.0,0.0,300,500,Venues de mariage privées
9314,10482.0,155,66,26000.0,6,confirmed,Birthday,2022-01-03,Corporate,Bizerte,Tunisie,4,0.0,0.0,300,500,Venues de mariage privées
17959,4391.0,249,22215,22000.0,4,cancelled,Birthday,2022-01-05,Birthday,Bizerte,Tunisie,4,0.0,0.0,300,500,Venues de mariage privées
15474,3598.0,239,4101,19000.0,6,confirmed,Birthday,2024-05-08,Corporate,Bizerte,Tunisie,5,0.0,0.0,300,500,Venues de mariage privées
17145,1010.0,203,1417,13000.0,4,cancelled,Corporate Event,2022-04-27,Birthday,Bizerte,Tunisie,3,0.0,0.0,300,500,Venues de mariage privées
15736,612.0,229,3480,20000.0,6,cancelled,Birthday,2024-01-24,Corporate,Bizerte,Tunisie,4,0.0,0.0,300,500,Venues de mariage privées
12417,7887.0,155,66,22000.0,6,cancelled,Birthday,2022-07-04,Corporate,Bizerte,Tunisie,3,0.0,0.0,300,500,Venues de mariage privées
13887,846.0,203,1417,24000.0,2,confirmed,Birthday,2025-06-04,Wedding,Bizerte,Tunisie,5,0.0,0.0,300,500,Venues de mariage privées
419,94400.0,176,3661,22000.0,8,confirmed,Corporate Event,2025-06-04,Wedding,Bizerte,Tunisie,5,0.0,0.0,300,500,Venues de mariage privées
7092,10142.0,298,962,24000.0,2,cancelled,Wedding,2025-04-08,Wedding,Bizerte,Tunisie,1,0.0,0.0,300,500,Venues de mariage privées
7781,13508.0,252,1608,24000.0,4,pending,Birthday,2022-04-08,Birthday,Bizerte,Tunisie,1,0.0,0.0,300,500,Venues de mariage privées
8151,11573.0,126,4896,25000.0,4,pending,Wedding,2022-04-29,Birthday,Bizerte,Tunisie,5,0.0,0.0,300,500,Venues de mariage privées
5725,14869.0,126,4896,12000.0,2,cancelled,Birthday,2025-03-13,Wedding,Bizerte,Tunisie,1,0.0,0.0,300,500,Venues de mariage privées
7087,6279.0,155,66,24000.0,4,confirmed,Birthday,2025-05-03,Birthday,Bizerte,Tunisie,4,0.0,0.0,300,500,Venues de mariage privées
17095,13537.0,176,3661,20000.0,4,confirmed,Wedding,2025-01-30,Birthday,Bizerte,Tunisie,2,0.0,0.0,300,500,Venues de mariage privées
8461,3246.0,203,1417,22000.0,2,cancelled,Birthday,2023-06-09,Wedding,Bizerte,Tunisie,1,0.0,0.0,300,500,Venues de mariage privées
12008,82670.0,155,66,13000.0,4,pending,Wedding,2023-04-18,Birthday,Bizerte,Tunisie,3,0.0,0.0,300,500,Venues de mariage privées
2119,2518.0,203,1417,22000.0,6,cancelled,Corporate Event,2023-07-15,Corporate,Bizerte,Tunisie,4,0.0,0.0,300,500,Venues de mariage privées
4511,8784.0,249,22215,23000.0,2,pending,Corporate Event,2024-04-15,Wedding,Bizerte,Tunisie,1,0.0,0.0,300,500,Venues de mariage privées
12698,11371.0,229,3480,23000.0,8,confirmed,Corporate Event,2023-09-19,Wedding,Bizerte,Tunisie,4,0.0,0.0,300,500,Venues de mariage privées
2507,597.0,126,4896,21000.0,2,pending,Wedding,2023-04-02,Wedding,Bizerte,Tunisie,5,0.0,0.0,300,500,Venues de mariage privées
12877,547.0,229,3480,22000.0,6,pending,Corporate Event,2024-10-31,Corporate,Bizerte,Tunisie,4,0.0,0.0,300,500,Venues de mariage privées
16000,4814.0,126,4896,12000.0,6,pending,Birthday,2024-04-20,Corporate,Bizerte,Tunisie,2,0.0,0.0,300,500,Venues de mariage privées
3556,13379.0,203,1258,13000.0,2,pending,Birthday,2025-01-28,Wedding,Bizerte,Tunisie,5,0.0,0.0,300,500,Venues de mariage privées
8209,98740.0,155,66,15000.0,6,cancelled,Corporate Event,2024-06-29,Corporate,Bizerte,Tunisie,5,0.0,0.0,300,500,Venues de mariage privées
5419,1995.0,229,3480,20000.0,6,pending,Wedding,2025-10-21,Corporate,Bizerte,Tunisie,2,0.0,0.0,300,500,Venues de mariage privées
8928,2935.0,155,66,22000.0,6,cancelled,Birthday,2024-06-18,Corporate,Bizerte,Tunisie,2,0.0,0.0,300,500,Venues de mariage privées
14491,11920.0,155,66,13000.0,8,cancelled,Birthday,2024-05-22,Wedding,Bizerte,Tunisie,3,0.0,0.0,300,500,Venues de mariage privées
3739,5162.0,202,1983,17000.0,6,confirmed,Corporate Event,2023-11-30,Corporate,Bizerte,Tunisie,5,0.0,0.0,300,500,Venues de mariage privées
7000,3306.0,126,4896,21000.0,6,pending,Birthday,2025-11-10,Corporate,Bizerte,Tunisie,4,0.0,0.0,300,500,Venues de mariage privées
4741,6556.0,249,22215,21000.0,6,cancelled,Birthday,2025-09-14,Corporate,Bizerte,Tunisie,4,0.0,0.0,300,500,Venues de mariage privées
3905,11054.0,203,1258,12000.0,8,cancelled,Birthday,2022-06-11,Wedding,Bizerte,Tunisie,1,0.0,0.0,300,500,Venues de mariage privées
7131,9497.0,176,3661,21000.0,8,cancelled,Birthday,2023-05-02,Wedding,Bizerte,Tunisie,5,0.0,0.0,300,500,Venues de mariage privées
1129,13658.0,203,1258,21000.0,6,cancelled,Wedding,2023-08-01,Corporate,Bizerte,Tunisie,3,0.0,0.0,300,500,Venues de mariage privées
7877,1628.0,229,3480,17000.0,2,cancelled,Wedding,2023-09-05,Wedding,Bizerte,Tunisie,5,0.0,0.0,300,500,Venues de mariage privées
16735,684.0,203,1258,25000.0,6,confirmed,Wedding,2025-11-01,Corporate,Bizerte,Tunisie,4,0.0,0.0,300,500,Venues de mariage privées
4125,1317.0,126,4896,23000.0,2,cancelled,Corporate Event,2022-12-13,Wedding,Bizerte,Tunisie,3,0.0,0.0,300,500,Venues de mariage privées
16884,10177.0,42,3577,21000.0,6,confirmed,Corporate Event,2024-01-20,Corporate,Bizerte,Tunisie,2,0.0,0.0,300,500,Venues de mariage privées
5988,7921.0,249,22215,21000.0,4,pending,Wedding,2023-03-03,Birthday,Bizerte,Tunisie,5,0.0,0.0,300,500,Venues de mariage privées
6245,13573.0,126,4896,17000.0,6,cancelled,Birthday,2025-09-20,Corporate,Bizerte,Tunisie,4,0.0,0.0,300,500,Venues de mariage privées
6284,12873.0,126,4896,22000.0,2,confirmed,Corporate Event,2023-03-31,Wedding,Bizerte,Tunisie,5,0.0,0.0,300,500,Venues de mariage privées
14112,13715.0,249,22215,15000.0,2,cancelled,Corporate Event,2024-04-11,Wedding,Bizerte,Tunisie,3,0.0,0.0,300,500,Venues de mariage privées
11386,13089.0,202,1983,13000.0,8,cancelled,Birthday,2025-06-01,Wedding,Bizerte,Tunisie,4,0.0,0.0,300,500,Venues de mariage privées
353,10279.0,126,4896,23000.0,8,cancelled,Birthday,2022-12-01,Wedding,Bizerte,Tunisie,3,0.0,0.0,300,500,Venues de mariage privées
10103,10731.0,155,66,20000.0,8,cancelled,Birthday,2023-12-15,Wedding,Bizerte,Tunisie,3,0.0,0.0,300,500,Venues de mariage privées
12852,12149.0,176,3661,13000.0,8,cancelled,Corporate Event,2024-02-15,Wedding,Bizerte,Tunisie,5,0.0,0.0,300,500,Venues de mariage privées
16036,12560.0,155,66,20000.0,2,cancelled,Corporate Event,2024-08-14,Wedding,Bizerte,Tunisie,5,0.0,0.0,300,500,Venues de mariage privées
4291,12359.0,249,22215,19000.0,6,cancelled,Wedding,2022-05-22,Corporate,Bizerte,Tunisie,5,0.0,0.0,300,500,Venues de mariage privées
11425,8357.0,229,3480,23000.0,2,confirmed,Wedding,2024-09-26,Wedding,Bizerte,Tunisie,4,0.0,0.0,300,500,Venues de mariage privées
7027,10817.0,203,1417,19000.0,6,pending,Corporate Event,2025-01-05,Corporate,Bizerte,Tunisie,2,0.0,0.0,300,500,Venues de mariage privées
15966,808.0,42,3577,17000.0,2,confirmed,Wedding,2023-03-27,Wedding,Bizerte,Tunisie,5,0.0,0.0,300,500,Venues de mariage privées
7540,3529.0,252,1608,13000.0,2,pending,Birthday,2023-08-20,Wedding,Bizerte,Tunisie,2,0.0,0.0,300,500,Venues de mariage privées
703,14490.0,203,1417,26000.0,4,cancelled,Wedding,2022-07-03,Birthday,Bizerte,Tunisie,4,0.0,0.0,300,500,Venues de mariage privées
1550,555.0,42,3577,20000.0,4,confirmed,Birthday,2025-12-28,Birthday,Bizerte,Tunisie,3,0.0,0.0,300,500,Venues de mariage privées
11711,9610.0,202,1983,25000.0,4,confirmed,Wedding,2025-12-29,Birthday,Bizerte,Tunisie,2,0.0,0.0,300,500,Venues de mariage privées
12479,11763.0,252,1608,15000.0,8,cancelled,Birthday,2024-02-15,Wedding,Bizerte,Tunisie,3,0.0,0.0,300,500,Venues de mariage privées
2019,14748.0,203,1258,13000.0,2,confirmed,Birthday,2024-11-09,Wedding,Bizerte,Tunisie,3,0.0,0.0,300,500,Venues de mariage privées
8065,5879.0,203,1417,21000.0,4,pending,Wedding,2024-05-17,Birthday,Bizerte,Tunisie,1,0.0,0.0,300,500,Venues de mariage privées
16646,8040.0,298,962,20000.0,6,cancelled,Corporate Event,2024-07-21,Corporate,Bizerte,Tunisie,4,0.0,0.0,300,500,Venues de mariage privées
11185,12546.0,203,1417,26000.0,4,cancelled,Wedding,2025-02-21,Birthday,Bizerte,Tunisie,2,0.0,0.0,300,500,Venues de mariage privées
8779,2157.0,202,1983,26000.0,6,confirmed,Birthday,2024-04-29,Corporate,Bizerte,Tunisie,5,0.0,0.0,300,500,Venues de mariage privées
9996,11404.0,249,22215,24000.0,6,confirmed,Birthday,2023-02-26,Corporate,Bizerte,Tunisie,3,0.0,0.0,300,500,Venues de mariage privées
4468,4700.0,42,3577,20000.0,6,confirmed,Birthday,2023-10-12,Corporate,Bizerte,Tunisie,4,0.0,0.0,300,500,Venues de mariage privées
4710,6202.0,239,4101,12000.0,8,cancelled,Birthday,2023-01-07,Wedding,Bizerte,Tunisie,1,0.0,0.0,300,500,Venues de mariage privées
4685,10096.0,176,3661,25000.0,8,cancelled,Corporate Event,2024-05-25,Wedding,Bizerte,Tunisie,1,0.0,0.0,300,500,Venues de mariage privées
13834,10267.0,239,4101,15000.0,6,confirmed,Corporate Event,2025-10-08,Corporate,Bizerte,Tunisie,3,0.0,0.0,300,500,Venues de mariage privées
8044,6810.0,155,66,24000.0,2,confirmed,Corporate Event,2023-04-02,Wedding,Bizerte,Tunisie,4,0.0,0.0,300,500,Venues de mariage privées
14425,11671.0,249,22215,23000.0,8,pending,Birthday,2023-08-04,Wedding,Bizerte,Tunisie,3,0.0,0.0,300,500,Venues de mariage privées
11158,5083.0,202,1983,26000.0,6,pending,Wedding,2025-03-16,Corporate,Bizerte,Tunisie,5,0.0,0.0,300,500,Venues de mariage privées
17820,5304.0,202,1983,19000.0,8,cancelled,Corporate Event,2024-03-26,Wedding,Bizerte,Tunisie,2,0.0,0.0,300,500,Venues de mariage privées
16603,2102.0,155,66,13000.0,4,confirmed,Corporate Event,2025-06-19,Birthday,Bizerte,Tunisie,3,0.0,0.0,300,500,Venues de mariage privées
3819,13072.0,239,4101,21000.0,2,cancelled,Wedding,2025-03-20,Wedding,Bizerte,Tunisie,4,0.0,0.0,300,500,Venues de mariage privées
3526,9321.0,176,3661,26000.0,4,pending,Birthday,2025-05-03,Birthday,Bizerte,Tunisie,3,0.0,0.0,300,500,Venues de mariage privées
9378,8104.0,126,4896,13000.0,4,cancelled,Birthday,2022-01-20,Birthday,Bizerte,Tunisie,5,0.0,0.0,300,500,Venues de mariage privées
6333,12836.0,42,3577,12000.0,0,confirmed,Wedding,2022-02-10,Birthday,Gafsa,Tunisie,3,0.0,0.0,100,200,Hotel
13949,1552.0,203,1417,17000.0,0,cancelled,Wedding,2023-10-10,Wedding,Gafsa,Tunisie,1,0.0,0.0,100,200,Hotel
16525,12487.0,42,3577,22000.0,10,pending,Birthday,2023-02-07,Wedding,Gafsa,Tunisie,3,0.0,0.0,100,200,Hotel
16794,2980.0,249,22215,19000.0,5,pending,Wedding,2025-03-15,Corporate,Gafsa,Tunisie,3,0.0,0.0,100,200,Hotel
8490,6279.0,239,4101,15000.0,5,pending,Birthday,2023-02-20,Corporate,Gafsa,Tunisie,1,0.0,0.0,100,200,Hotel
17476,1297.0,155,66,19000.0,5,confirmed,Wedding,2022-04-18,Corporate,Gafsa,Tunisie,5,0.0,0.0,100,200,Hotel
11138,14327.0,203,1417,19000.0,10,confirmed,Wedding,2022-08-09,Wedding,Gafsa,Tunisie,4,0.0,0.0,100,200,Hotel
11170,6240.0,229,3480,13000.0,0,confirmed,Corporate Event,2022-06-17,Birthday,Gafsa,Tunisie,4,0.0,0.0,100,200,Hotel
2594,13644.0,126,4896,22000.0,5,confirmed,Corporate Event,2025-06-05,Corporate,Gafsa,Tunisie,5,0.0,0.0,100,200,Hotel
16293,6467.0,155,66,20000.0,5,pending,Corporate Event,2024-12-06,Corporate,Gafsa,Tunisie,4,0.0,0.0,100,200,Hotel
12530,8243.0,249,22215,22000.0,0,pending,Wedding,2024-10-22,Wedding,Gafsa,Tunisie,4,0.0,0.0,100,200,Hotel
12550,10550.0,298,962,26000.0,0,confirmed,Birthday,2023-01-29,Birthday,Gafsa,Tunisie,5,0.0,0.0,100,200,Hotel
5681,8102.0,176,3661,19000.0,0,cancelled,Wedding,2023-07-08,Wedding,Gafsa,Tunisie,4,0.0,0.0,100,200,Hotel
17036,6837.0,155,66,22000.0,0,confirmed,Birthday,2025-09-28,Birthday,Gafsa,Tunisie,5,0.0,0.0,100,200,Hotel
12922,3374.0,298,962,24000.0,0,pending,Birthday,2025-08-25,Wedding,Gafsa,Tunisie,2,0.0,0.0,100,200,Hotel
9970,10812.0,202,1983,21000.0,0,pending,Birthday,2024-01-06,Wedding,Gafsa,Tunisie,3,0.0,0.0,100,200,Hotel
15297,9737.0,298,962,20000.0,10,confirmed,Birthday,2022-06-06,Wedding,Gafsa,Tunisie,4,0.0,0.0,100,200,Hotel
14847,13614.0,176,3661,13000.0,0,cancelled,Birthday,2022-02-19,Birthday,Gafsa,Tunisie,5,0.0,0.0,100,200,Hotel
3885,10894.0,176,3661,15000.0,5,cancelled,Wedding,2022-08-27,Corporate,Gafsa,Tunisie,1,0.0,0.0,100,200,Hotel
12543,11105.0,126,4896,24000.0,0,pending,Birthday,2022-03-14,Wedding,Gafsa,Tunisie,5,0.0,0.0,100,200,Hotel
7632,12582.0,202,1983,20000.0,0,confirmed,Corporate Event,2023-11-23,Wedding,Gafsa,Tunisie,1,0.0,0.0,100,200,Hotel
9578,10525.0,202,1983,17000.0,5,cancelled,Birthday,2024-11-12,Corporate,Gafsa,Tunisie,1,0.0,0.0,100,200,Hotel
10677,9351.0,176,3661,12000.0,0,confirmed,Corporate Event,2025-04-07,Birthday,Gafsa,Tunisie,3,0.0,0.0,100,200,Hotel
13518,14267.0,42,3577,26000.0,10,cancelled,Birthday,2025-06-02,Wedding,Gafsa,Tunisie,1,0.0,0.0,100,200,Hotel
926,1439.0,202,1983,12000.0,5,cancelled,Wedding,2022-06-06,Corporate,Gafsa,Tunisie,5,0.0,0.0,100,200,Hotel
5167,5708.0,298,962,12000.0,0,cancelled,Birthday,2022-10-03,Wedding,Gafsa,Tunisie,4,0.0,0.0,100,200,Hotel
8939,14447.0,249,22215,25000.0,10,pending,Birthday,2025-09-12,Wedding,Gafsa,Tunisie,1,0.0,0.0,100,200,Hotel
14,5330.0,239,4101,13000.0,0,cancelled,Corporate Event,2025-02-09,Wedding,Gafsa,Tunisie,1,0.0,0.0,100,200,Hotel
4415,3854.0,155,66,15000.0,0,confirmed,Wedding,2023-02-08,Wedding,Gafsa,Tunisie,3,0.0,0.0,100,200,Hotel
12939,13518.0,155,66,26000.0,0,pending,Wedding,2025-07-24,Birthday,Gafsa,Tunisie,2,0.0,0.0,100,200,Hotel
9760,1163.0,298,962,21000.0,5,confirmed,Birthday,2024-05-10,Corporate,Gafsa,Tunisie,5,0.0,0.0,100,200,Hotel
14989,8466.0,252,1608,20000.0,0,cancelled,Corporate Event,2025-05-10,Wedding,Gafsa,Tunisie,2,0.0,0.0,100,200,Hotel
13204,14113.0,298,962,15000.0,0,pending,Wedding,2025-12-15,Birthday,Gafsa,Tunisie,4,0.0,0.0,100,200,Hotel
9294,13617.0,249,22215,26000.0,0,confirmed,Wedding,2024-04-01,Wedding,Gafsa,Tunisie,5,0.0,0.0,100,200,Hotel
7776,14453.0,249,22215,26000.0,0,pending,Wedding,2023-06-22,Wedding,Gafsa,Tunisie,2,0.0,0.0,100,200,Hotel
7011,2923.0,202,1983,20000.0,0,cancelled,Wedding,2024-06-19,Wedding,Gafsa,Tunisie,5,0.0,0.0,100,200,Hotel
15427,11530.0,298,962,24000.0,0,confirmed,Birthday,2023-08-04,Wedding,Gafsa,Tunisie,2,0.0,0.0,100,200,Hotel
6404,2998.0,203,1417,26000.0,5,pending,Corporate Event,2025-10-02,Corporate,Gafsa,Tunisie,2,0.0,0.0,100,200,Hotel
7928,547.0,252,1608,23000.0,0,confirmed,Wedding,2025-10-24,Birthday,Gafsa,Tunisie,4,0.0,0.0,100,200,Hotel
1625,7106.0,229,3480,20000.0,0,confirmed,Corporate Event,2024-07-08,Wedding,Gafsa,Tunisie,1,0.0,0.0,100,200,Hotel
14724,8781.0,203,1417,19000.0,10,pending,Corporate Event,2025-12-05,Wedding,Gafsa,Tunisie,5,0.0,0.0,100,200,Hotel
12475,7499.0,42,3577,22000.0,5,confirmed,Birthday,2023-10-09,Corporate,Gafsa,Tunisie,3,0.0,0.0,100,200,Hotel
12757,7063.0,203,1417,17000.0,0,pending,Wedding,2025-01-13,Birthday,Gafsa,Tunisie,5,0.0,0.0,100,200,Hotel
10040,3034.0,126,4896,17000.0,0,pending,Wedding,2024-01-20,Wedding,Gafsa,Tunisie,4,0.0,0.0,100,200,Hotel
16581,4092.0,42,3577,13000.0,5,cancelled,Birthday,2024-08-16,Corporate,Gafsa,Tunisie,5,0.0,0.0,100,200,Hotel
11846,14135.0,249,22215,17000.0,5,confirmed,Corporate Event,2023-10-15,Corporate,Gafsa,Tunisie,1,0.0,0.0,100,200,Hotel
15358,8589.0,249,22215,17000.0,0,confirmed,Wedding,2023-07-10,Wedding,Gafsa,Tunisie,5,0.0,0.0,100,200,Hotel
13808,2368.0,229,3480,23000.0,10,cancelled,Birthday,2023-03-12,Wedding,Gafsa,Tunisie,2,0.0,0.0,100,200,Hotel
13453,3689.0,203,1417,12000.0,5,pending,Corporate Event,2025-10-13,Corporate,Gafsa,Tunisie,2,0.0,0.0,100,200,Hotel
8997,3784.0,202,1983,26000.0,5,pending,Wedding,2023-03-06,Corporate,Gafsa,Tunisie,5,0.0,0.0,100,200,Hotel
1915,14157.0,298,962,21000.0,0,cancelled,Wedding,2024-03-26,Wedding,Gafsa,Tunisie,1,0.0,0.0,100,200,Hotel
1610,6491.0,229,3480,25000.0,0,pending,Corporate Event,2025-08-02,Wedding,Gafsa,Tunisie,4,0.0,0.0,100,200,Hotel
13267,9716.0,176,3661,22000.0,0,cancelled,Corporate Event,2024-11-22,Birthday,Gafsa,Tunisie,2,0.0,0.0,100,200,Hotel
1249,10690.0,202,1983,20000.0,0,cancelled,Corporate Event,2024-11-01,Wedding,Gafsa,Tunisie,1,0.0,0.0,100,200,Hotel
17331,4582.0,42,3577,23000.0,10,confirmed,Wedding,2025-05-27,Wedding,Gafsa,Tunisie,1,0.0,0.0,100,200,Hotel
452,11126.0,203,1417,26000.0,0,pending,Wedding,2023-07-23,Birthday,Gafsa,Tunisie,2,0.0,0.0,100,200,Hotel
3749,8190.0,176,3661,15000.0,0,pending,Birthday,2024-09-10,Wedding,Gafsa,Tunisie,4,0.0,0.0,100,200,Hotel
17881,5767.0,252,1608,15000.0,0,confirmed,Corporate Event,2025-11-24,Wedding,Gafsa,Tunisie,2,0.0,0.0,100,200,Hotel
7247,9867.0,42,3577,21000.0,0,cancelled,Wedding,2023-12-24,Wedding,Gafsa,Tunisie,1,0.0,0.0,100,200,Hotel
4921,5226.0,126,4896,26000.0,10,pending,Corporate Event,2022-04-12,Wedding,Gafsa,Tunisie,2,0.0,0.0,100,200,Hotel
4671,961.0,249,22215,25000.0,0,cancelled,Birthday,2024-08-10,Wedding,Gafsa,Tunisie,5,0.0,0.0,100,200,Hotel
16377,1289.0,126,4896,24000.0,0,cancelled,Birthday,2023-07-13,Birthday,Gafsa,Tunisie,5,0.0,0.0,100,200,Hotel
8809,11572.0,203,1258,25000.0,0,confirmed,Wedding,2022-07-26,Wedding,Gafsa,Tunisie,5,0.0,0.0,100,200,Hotel
8710,13376.0,239,4101,21000.0,0,confirmed,Corporate Event,2023-04-10,Wedding,Gafsa,Tunisie,3,0.0,0.0,100,200,Hotel
5529,9012.0,239,4101,23000.0,5,pending,Birthday,2022-12-17,Corporate,Gafsa,Tunisie,1,0.0,0.0,100,200,Hotel
3294,4850.0,203,1417,17000.0,0,pending,Wedding,2024-02-10,Wedding,Gafsa,Tunisie,2,0.0,0.0,100,200,Hotel
16026,12137.0,176,3661,15000.0,0,cancelled,Birthday,2025-05-03,Birthday,Gafsa,Tunisie,1,0.0,0.0,100,200,Hotel
224,9176.0,239,4101,19000.0,10,confirmed,Corporate Event,2022-05-07,Wedding,Gafsa,Tunisie,4,0.0,0.0,100,200,Hotel
11860,10689.0,203,1258,15000.0,0,cancelled,Corporate Event,2022-07-21,Birthday,Gafsa,Tunisie,4,0.0,0.0,100,200,Hotel
10561,10509.0,249,22215,20000.0,10,confirmed,Birthday,2025-11-10,Wedding,Gafsa,Tunisie,2,0.0,0.0,100,200,Hotel
14955,63830.0,298,962,23000.0,0,pending,Birthday,2022-01-15,Wedding,Gafsa,Tunisie,5,0.0,0.0,100,200,Hotel
14764,14344.0,42,3577,22000.0,0,cancelled,Birthday,2023-03-13,Wedding,Gafsa,Tunisie,1,0.0,0.0,100,200,Hotel
16662,124930.0,239,4101,24000.0,0,pending,Wedding,2024-07-15,Wedding,Gafsa,Tunisie,5,0.0,0.0,100,200,Hotel
1548,2939.0,202,1983,23000.0,5,confirmed,Corporate Event,2023-11-15,Corporate,Gafsa,Tunisie,3,0.0,0.0,100,200,Hotel
16746,25560.0,203,1258,25000.0,5,cancelled,Corporate Event,2024-11-10,Corporate,Gafsa,Tunisie,2,0.0,0.0,100,200,Hotel
1631,13287.0,42,3577,25000.0,0,confirmed,Corporate Event,2023-12-19,Wedding,Gafsa,Tunisie,5,0.0,0.0,100,200,Hotel
13544,13688.0,155,66,19000.0,0,cancelled,Wedding,2023-10-24,Birthday,Gafsa,Tunisie,2,0.0,0.0,100,200,Hotel
3881,9768.0,202,1983,19000.0,5,pending,Birthday,2022-10-18,Corporate,Gafsa,Tunisie,2,0.0,0.0,100,200,Hotel
9366,3639.0,42,3577,13000.0,0,confirmed,Birthday,2025-01-24,Birthday,Gafsa,Tunisie,5,0.0,0.0,100,200,Hotel
11071,12581.0,239,4101,20000.0,5,cancelled,Wedding,2025-09-22,Corporate,Gafsa,Tunisie,5,0.0,0.0,100,200,Hotel
17423,5252.0,203,1417,21000.0,0,confirmed,Birthday,2022-03-23,Birthday,Gafsa,Tunisie,2,0.0,0.0,100,200,Hotel
1179,8177.0,203,1417,25000.0,5,cancelled,Corporate Event,2025-06-18,Corporate,Gafsa,Tunisie,5,0.0,0.0,100,200,Hotel
817,10944.0,202,1983,24000.0,0,pending,Wedding,2022-03-10,Wedding,Gafsa,Tunisie,2,0.0,0.0,100,200,Hotel
15443,5907.0,239,4101,26000.0,10,cancelled,Corporate Event,2023-08-01,Wedding,Gafsa,Tunisie,5,0.0,0.0,100,200,Hotel
448,12556.0,249,22215,13000.0,10,confirmed,Wedding,2022-07-15,Wedding,Gafsa,Tunisie,4,0.0,0.0,100,200,Hotel
12126,3951.0,203,1258,26000.0,10,confirmed,Birthday,2025-03-02,Wedding,Gafsa,Tunisie,2,0.0,0.0,100,200,Hotel
8338,6492.0,203,1417,15000.0,10,confirmed,Wedding,2022-07-22,Wedding,Gafsa,Tunisie,3,0.0,0.0,100,200,Hotel
4150,7824.0,176,3661,15000.0,0,cancelled,Wedding,2025-07-12,Wedding,Gafsa,Tunisie,4,0.0,0.0,100,200,Hotel
4734,8669.0,252,1608,24000.0,0,pending,Birthday,2022-04-21,Wedding,Gafsa,Tunisie,4,0.0,0.0,100,200,Hotel
13296,121580.0,155,66,12000.0,0,pending,Wedding,2024-07-20,Birthday,Gafsa,Tunisie,1,0.0,0.0,100,200,Hotel
15751,3499.0,229,3480,20000.0,0,pending,Birthday,2023-06-18,Birthday,Gafsa,Tunisie,3,0.0,0.0,100,200,Hotel
8630,1110.0,229,3480,21000.0,5,confirmed,Wedding,2024-05-05,Corporate,Gafsa,Tunisie,3,0.0,0.0,100,200,Hotel
2980,14980.0,155,66,17000.0,5,confirmed,Wedding,2022-08-28,Corporate,Gafsa,Tunisie,1,0.0,0.0,100,200,Hotel
11187,3270.0,229,3480,22000.0,0,cancelled,Wedding,2023-04-14,Wedding,Gafsa,Tunisie,1,0.0,0.0,100,200,Hotel
11869,626.0,202,1983,15000.0,10,cancelled,Birthday,2025-10-14,Wedding,Gafsa,Tunisie,2,0.0,0.0,100,200,Hotel
1862,124850.0,298,962,21000.0,10,confirmed,Birthday,2023-10-03,Wedding,Gafsa,Tunisie,4,0.0,0.0,100,200,Hotel
14472,2674.0,202,1983,26000.0,0,confirmed,Wedding,2022-06-17,Birthday,Gafsa,Tunisie,1,0.0,0.0,100,200,Hotel
15677,1664.0,252,1608,26000.0,0,confirmed,Corporate Event,2025-04-22,Birthday,Gafsa,Tunisie,4,0.0,0.0,100,200,Hotel
9077,1808.0,202,1983,26000.0,5,pending,Corporate Event,2025-02-02,Corporate,Gafsa,Tunisie,4,0.0,0.0,100,200,Hotel
9561,405.0,176,3661,20000.0,5,pending,Birthday,2025-03-24,Corporate,Gafsa,Tunisie,1,0.0,0.0,100,200,Hotel
10577,905.0,176,3661,24000.0,10,cancelled,Wedding,2024-02-06,Wedding,Gafsa,Tunisie,1,0.0,0.0,100,200,Hotel
16074,1809.0,252,1608,24000.0,10,confirmed,Birthday,2024-07-29,Wedding,Gafsa,Tunisie,1,0.0,0.0,100,200,Hotel
12242,8742.0,252,1608,21000.0,5,confirmed,Wedding,2024-10-14,Corporate,Gafsa,Tunisie,3,0.0,0.0,100,200,Hotel
9124,14815.0,155,66,12000.0,0,cancelled,Corporate Event,2023-12-20,Wedding,Gafsa,Tunisie,5,0.0,0.0,100,200,Hotel
8593,2558.0,126,4896,15000.0,0,confirmed,Wedding,2024-05-22,Wedding,Gafsa,Tunisie,2,0.0,0.0,100,200,Hotel
8324,2181.0,42,3577,17000.0,10,cancelled,Corporate Event,2024-01-12,Wedding,Gafsa,Tunisie,2,0.0,0.0,100,200,Hotel
17453,982.0,239,4101,26000.0,5,cancelled,Corporate Event,2025-06-04,Corporate,Gafsa,Tunisie,3,0.0,0.0,100,200,Hotel
4999,6700.0,42,3577,19000.0,0,confirmed,Birthday,2022-02-11,Wedding,Gafsa,Tunisie,2,0.0,0.0,100,200,Hotel
5045,12419.0,252,1608,12000.0,0,confirmed,Birthday,2024-08-16,Wedding,Gafsa,Tunisie,4,0.0,0.0,100,200,Hotel
2935,13154.0,126,4896,17000.0,0,cancelled,Wedding,2023-10-15,Birthday,Gafsa,Tunisie,4,0.0,0.0,100,200,Hotel
5403,3011.0,249,22215,26000.0,0,pending,Birthday,2024-11-24,Wedding,Gafsa,Tunisie,4,0.0,0.0,100,200,Hotel
7122,10253.0,203,1258,24000.0,0,pending,Wedding,2025-09-09,Wedding,Gafsa,Tunisie,4,0.0,0.0,100,200,Hotel
348,13830.0,155,66,22000.0,0,confirmed,Corporate Event,2025-03-09,Wedding,Gafsa,Tunisie,1,0.0,0.0,100,200,Hotel
14574,14174.0,155,66,13000.0,0,cancelled,Corporate Event,2022-11-14,Birthday,Gafsa,Tunisie,5,0.0,0.0,100,200,Hotel
611,11087.0,239,4101,13000.0,0,confirmed,Birthday,2023-03-05,Wedding,Gafsa,Tunisie,1,0.0,0.0,100,200,Hotel
2940,2412.0,203,1258,17000.0,0,confirmed,Corporate Event,2023-07-02,Wedding,Gafsa,Tunisie,3,0.0,0.0,100,200,Hotel
14711,4590.0,229,3480,21000.0,0,confirmed,Birthday,2025-09-17,Wedding,Gafsa,Tunisie,2,0.0,0.0,100,200,Hotel
2580,12916.0,252,1608,19000.0,5,pending,Wedding,2024-10-15,Corporate,Gafsa,Tunisie,3,0.0,0.0,100,200,Hotel
4811,11259.0,203,1258,22000.0,0,confirmed,Birthday,2022-09-06,Wedding,Gafsa,Tunisie,4,0.0,0.0,100,200,Hotel
3683,2211.0,202,1983,19000.0,10,confirmed,Birthday,2022-07-10,Wedding,Gafsa,Tunisie,1,0.0,0.0,100,200,Hotel
16282,10112.0,239,4101,26000.0,0,cancelled,Wedding,2024-05-31,Birthday,Gafsa,Tunisie,1,0.0,0.0,100,200,Hotel
1535,3667.0,239,4101,15000.0,0,confirmed,Wedding,2024-07-23,Birthday,Gafsa,Tunisie,4,0.0,0.0,100,200,Hotel
15641,3518.0,239,4101,20000.0,0,cancelled,Birthday,2023-08-20,Wedding,Gafsa,Tunisie,2,0.0,0.0,100,200,Hotel
2331,13746.0,252,1608,24000.0,0,cancelled,Birthday,2022-07-12,Wedding,Gafsa,Tunisie,5,0.0,0.0,100,200,Hotel
13689,9945.0,249,22215,17000.0,5,pending,Corporate Event,2022-11-12,Corporate,Gafsa,Tunisie,2,0.0,0.0,100,200,Hotel
16718,3775.0,126,4896,15000.0,0,cancelled,Corporate Event,2024-01-19,Wedding,Gafsa,Tunisie,3,0.0,0.0,100,200,Hotel
877,7709.0,229,3480,20000.0,0,pending,Birthday,2025-09-15,Wedding,Gafsa,Tunisie,4,0.0,0.0,100,200,Hotel
14959,14995.0,239,4101,25000.0,5,cancelled,Corporate Event,2025-06-01,Corporate,Gafsa,Tunisie,5,0.0,0.0,100,200,Hotel
12335,14375.0,42,3577,26000.0,0,cancelled,Birthday,2025-02-21,Wedding,Gafsa,Tunisie,1,0.0,0.0,100,200,Hotel
7440,5535.0,176,3661,26000.0,0,confirmed,Corporate Event,2025-04-21,Birthday,Gafsa,Tunisie,5,0.0,0.0,100,200,Hotel
4312,7017.0,229,3480,25000.0,0,pending,Birthday,2022-01-21,Birthday,Gafsa,Tunisie,2,0.0,0.0,100,200,Hotel
17540,12703.0,155,66,23000.0,10,cancelled,Birthday,2022-10-09,Wedding,Gafsa,Tunisie,5,0.0,0.0,100,200,Hotel
7782,37590.0,155,66,26000.0,0,pending,Birthday,2024-11-06,Birthday,Gafsa,Tunisie,3,0.0,0.0,100,200,Hotel
13776,12120.0,298,962,23000.0,5,confirmed,Corporate Event,2024-04-05,Corporate,Gafsa,Tunisie,5,0.0,0.0,100,200,Hotel
4017,4755.0,239,4101,24000.0,0,pending,Corporate Event,2024-10-16,Birthday,Gafsa,Tunisie,3,0.0,0.0,100,200,Hotel
11336,14689.0,176,3661,22000.0,0,pending,Birthday,2025-07-10,Birthday,Gafsa,Tunisie,4,0.0,0.0,100,200,Hotel
1030,7115.0,202,1983,21000.0,5,pending,Corporate Event,2024-09-29,Corporate,Gafsa,Tunisie,5,0.0,0.0,100,200,Hotel
2242,9075.0,126,4896,21000.0,5,confirmed,Wedding,2023-04-17,Corporate,Gafsa,Tunisie,4,0.0,0.0,100,200,Hotel
5156,4247.0,229,3480,22000.0,0,cancelled,Corporate Event,2025-02-26,Birthday,Gafsa,Tunisie,3,0.0,0.0,100,200,Hotel
13137,4959.0,126,4896,17000.0,0,confirmed,Corporate Event,2023-08-11,Birthday,Gafsa,Tunisie,1,0.0,0.0,100,200,Hotel
13288,8553.0,176,3661,20000.0,0,confirmed,Corporate Event,2024-11-01,Wedding,Gafsa,Tunisie,1,0.0,0.0,100,200,Hotel
4314,13356.0,239,4101,26000.0,5,cancelled,Corporate Event,2024-09-20,Corporate,Gafsa,Tunisie,5,0.0,0.0,100,200,Hotel
8122,12505.0,203,1417,22000.0,5,cancelled,Corporate Event,2022-04-16,Corporate,Gafsa,Tunisie,5,0.0,0.0,100,200,Hotel
1846,12481.0,202,1983,22000.0,0,cancelled,Wedding,2025-08-22,Birthday,Gafsa,Tunisie,4,0.0,0.0,100,200,Hotel
4626,13128.0,202,1983,17000.0,0,cancelled,Wedding,2025-08-03,Wedding,Gafsa,Tunisie,4,0.0,0.0,100,200,Hotel
13143,13210.0,239,4101,20000.0,0,cancelled,Wedding,2023-04-13,Wedding,Gafsa,Tunisie,3,0.0,0.0,100,200,Hotel
17673,3614.0,252,1608,26000.0,10,confirmed,Wedding,2025-02-15,Wedding,Gafsa,Tunisie,2,0.0,0.0,100,200,Hotel
15001,1962.0,155,66,13000.0,0,cancelled,Wedding,2024-05-07,Wedding,Gafsa,Tunisie,1,0.0,0.0,100,200,Hotel
542,5206.0,249,22215,21000.0,0,cancelled,Corporate Event,2025-08-06,Wedding,Gafsa,Tunisie,3,0.0,0.0,100,200,Hotel
17691,14330.0,298,962,23000.0,10,cancelled,Birthday,2024-05-16,Wedding,Gafsa,Tunisie,2,0.0,0.0,100,200,Hotel
15586,1713.0,176,3661,26000.0,0,pending,Corporate Event,2022-05-11,Birthday,Gafsa,Tunisie,4,0.0,0.0,100,200,Hotel
71,327.0,203,1417,13000.0,0,cancelled,Wedding,2022-11-21,Birthday,Gafsa,Tunisie,2,0.0,0.0,100,200,Hotel
13991,5053.0,42,3577,23000.0,5,cancelled,Wedding,2023-12-13,Corporate,Gafsa,Tunisie,2,0.0,0.0,100,200,Hotel
12959,9403.0,203,1417,21000.0,0,pending,Wedding,2025-12-05,Wedding,Gafsa,Tunisie,3,0.0,0.0,100,200,Hotel
12590,12201.0,155,66,13000.0,0,cancelled,Corporate Event,2022-01-26,Wedding,Gafsa,Tunisie,3,0.0,0.0,100,200,Hotel
9972,1536.0,249,22215,26000.0,0,confirmed,Wedding,2024-04-09,Wedding,Gafsa,Tunisie,1,0.0,0.0,100,200,Hotel
14642,8546.0,239,4101,12000.0,10,pending,Corporate Event,2023-06-15,Wedding,Gafsa,Tunisie,2,0.0,0.0,100,200,Hotel
552,14224.0,202,1983,25000.0,0,pending,Birthday,2024-06-13,Wedding,Gafsa,Tunisie,5,0.0,0.0,100,200,Hotel
4730,76260.0,298,962,23000.0,5,cancelled,Corporate Event,2024-12-31,Corporate,Gafsa,Tunisie,5,0.0,0.0,100,200,Hotel
2543,359.0,203,1417,20000.0,0,confirmed,Wedding,2022-07-16,Birthday,Gafsa,Tunisie,3,0.0,0.0,100,200,Hotel
16611,13620.0,176,3661,24000.0,0,confirmed,Corporate Event,2025-02-09,Wedding,Gafsa,Tunisie,1,0.0,0.0,100,200,Hotel
12645,9634.0,239,4101,15000.0,0,confirmed,Wedding,2025-01-10,Wedding,Gafsa,Tunisie,4,0.0,0.0,100,200,Hotel
5025,11252.0,202,1983,20000.0,10,cancelled,Wedding,2022-08-21,Wedding,Gafsa,Tunisie,4,0.0,0.0,100,200,Hotel
12859,11911.0,126,4896,15000.0,0,pending,Corporate Event,2024-11-08,Birthday,Gafsa,Tunisie,2,0.0,0.0,100,200,Hotel
4020,13856.0,298,962,20000.0,0,cancelled,Birthday,2022-06-23,Wedding,Gafsa,Tunisie,4,0.0,0.0,100,200,Hotel
7848,14395.0,202,1983,12000.0,0,pending,Wedding,2022-12-29,Wedding,Gafsa,Tunisie,1,0.0,0.0,100,200,Hotel
15753,6336.0,126,4896,13000.0,0,pending,Corporate Event,2023-07-02,Wedding,Gafsa,Tunisie,3,0.0,0.0,100,200,Hotel
17332,12549.0,203,1417,15000.0,0,confirmed,Corporate Event,2025-08-21,Wedding,Gafsa,Tunisie,4,0.0,0.0,100,200,Hotel
16846,9059.0,298,962,25000.0,10,pending,Wedding,2022-11-13,Wedding,Gafsa,Tunisie,4,0.0,0.0,100,200,Hotel
4773,6089.0,298,962,23000.0,0,pending,Corporate Event,2022-10-26,Birthday,Gafsa,Tunisie,3,0.0,0.0,100,200,Hotel
2854,1915.0,155,66,17000.0,0,cancelled,Corporate Event,2023-03-17,Wedding,Gafsa,Tunisie,5,0.0,0.0,100,200,Hotel
17545,3286.0,202,1983,23000.0,5,cancelled,Birthday,2024-11-09,Corporate,Gafsa,Tunisie,1,0.0,0.0,100,200,Hotel
14055,94120.0,42,3577,13000.0,0,pending,Birthday,2025-11-15,Wedding,Gafsa,Tunisie,3,0.0,0.0,100,200,Hotel
11274,3090.0,203,1417,22000.0,0,cancelled,Corporate Event,2024-05-19,Wedding,Gafsa,Tunisie,5,0.0,0.0,100,200,Hotel
15847,7271.0,202,1983,17000.0,0,cancelled,Corporate Event,2022-09-26,Wedding,Gafsa,Tunisie,4,0.0,0.0,100,200,Hotel
13520,2507.0,203,1417,19000.0,0,pending,Wedding,2024-04-18,Wedding,Gafsa,Tunisie,3,0.0,0.0,100,200,Hotel
11033,1434.0,42,3577,21000.0,5,pending,Corporate Event,2022-12-31,Corporate,Gafsa,Tunisie,5,0.0,0.0,100,200,Hotel
16731,3390.0,203,1258,26000.0,0,confirmed,Corporate Event,2025-08-21,Wedding,Gafsa,Tunisie,2,0.0,0.0,100,200,Hotel
14901,9946.0,298,962,25000.0,5,cancelled,Birthday,2022-08-12,Corporate,Gafsa,Tunisie,5,0.0,0.0,100,200,Hotel
2872,7316.0,203,1258,26000.0,0,cancelled,Wedding,2022-12-11,Wedding,Gafsa,Tunisie,2,0.0,0.0,100,200,Hotel
13750,6918.0,252,1608,15000.0,0,cancelled,Birthday,2024-08-11,Wedding,Gafsa,Tunisie,3,0.0,0.0,100,200,Hotel
1375,7769.0,203,1417,20000.0,10,pending,Birthday,2023-09-24,Wedding,Gafsa,Tunisie,4,0.0,0.0,100,200,Hotel
11453,13944.0,202,1983,15000.0,0,confirmed,Corporate Event,2024-02-28,Birthday,Gafsa,Tunisie,2,0.0,0.0,100,200,Hotel
14546,2131.0,42,3577,26000.0,0,confirmed,Wedding,2022-07-17,Wedding,Gafsa,Tunisie,4,0.0,0.0,100,200,Hotel
4341,6929.0,203,1417,26000.0,0,pending,Corporate Event,2023-10-16,Wedding,Gafsa,Tunisie,4,0.0,0.0,100,200,Hotel
283,14978.0,202,1983,20000.0,0,cancelled,Corporate Event,2022-03-03,Birthday,Gafsa,Tunisie,5,0.0,0.0,100,200,Hotel
8752,3669.0,176,3661,23000.0,0,cancelled,Wedding,2022-06-11,Birthday,Gafsa,Tunisie,3,0.0,0.0,100,200,Hotel
2237,12423.0,239,4101,15000.0,5,confirmed,Wedding,2022-10-14,Corporate,Gafsa,Tunisie,2,0.0,0.0,100,200,Hotel
3752,14362.0,298,962,21000.0,0,confirmed,Corporate Event,2025-08-01,Wedding,Gafsa,Tunisie,1,0.0,0.0,100,200,Hotel
15869,6037.0,298,962,12000.0,0,pending,Wedding,2022-04-24,Wedding,Gafsa,Tunisie,5,0.0,0.0,100,200,Hotel
11414,4674.0,203,1417,13000.0,5,confirmed,Corporate Event,2023-06-04,Corporate,Gafsa,Tunisie,5,0.0,0.0,100,200,Hotel
5037,2824.0,176,3661,23000.0,10,cancelled,Birthday,2024-06-25,Wedding,Gafsa,Tunisie,1,0.0,0.0,100,200,Hotel
13382,14011.0,42,3577,19000.0,0,pending,Birthday,2025-02-08,Birthday,Gafsa,Tunisie,2,0.0,0.0,100,200,Hotel
8348,14209.0,176,3661,19000.0,0,pending,Corporate Event,2023-02-11,Birthday,Gafsa,Tunisie,3,0.0,0.0,100,200,Hotel
921,12994.0,252,1608,25000.0,10,confirmed,Wedding,2025-04-27,Wedding,Gafsa,Tunisie,2,0.0,0.0,100,200,Hotel
7328,9913.0,249,22215,23000.0,0,pending,Wedding,2024-05-19,Birthday,Gafsa,Tunisie,2,0.0,0.0,100,200,Hotel
4597,1759.0,126,4896,21000.0,0,pending,Wedding,2022-03-22,Birthday,Gafsa,Tunisie,3,0.0,0.0,100,200,Hotel
16297,10074.0,203,1417,20000.0,5,confirmed,Birthday,2024-11-15,Corporate,Gafsa,Tunisie,1,0.0,0.0,100,200,Hotel
5803,13333.0,229,3480,25000.0,0,cancelled,Corporate Event,2023-05-27,Wedding,Gafsa,Tunisie,3,0.0,0.0,100,200,Hotel
17626,12315.0,298,962,22000.0,10,cancelled,Corporate Event,2025-04-27,Wedding,Gafsa,Tunisie,1,0.0,0.0,100,200,Hotel
14272,5376.0,203,1417,13000.0,10,confirmed,Wedding,2024-07-13,Wedding,Gafsa,Tunisie,5,0.0,0.0,100,200,Hotel
9441,10199.0,176,3661,13000.0,0,pending,Birthday,2025-03-09,Wedding,Gafsa,Tunisie,5,0.0,0.0,100,200,Hotel
3564,2482.0,298,962,25000.0,0,cancelled,Birthday,2024-12-07,Birthday,Gafsa,Tunisie,5,0.0,0.0,100,200,Hotel
6918,3288.0,176,3661,13000.0,0,confirmed,Wedding,2025-05-27,Wedding,Gafsa,Tunisie,1,0.0,0.0,100,200,Hotel
3833,5760.0,42,3577,26000.0,5,pending,Birthday,2023-09-23,Corporate,Gafsa,Tunisie,5,0.0,0.0,100,200,Hotel
9726,2122.0,239,4101,24000.0,0,confirmed,Birthday,2024-08-02,Wedding,Gafsa,Tunisie,5,0.0,0.0,100,200,Hotel
14062,7525.0,126,4896,20000.0,10,pending,Corporate Event,2023-08-28,Wedding,Gafsa,Tunisie,1,0.0,0.0,100,200,Hotel
337,8027.0,155,66,22000.0,10,cancelled,Corporate Event,2024-04-26,Wedding,Gafsa,Tunisie,5,0.0,0.0,100,200,Hotel
8094,9309.0,42,3577,21000.0,0,cancelled,Corporate Event,2025-10-17,Birthday,Gafsa,Tunisie,2,0.0,0.0,100,200,Hotel
13318,10461.0,298,962,19000.0,5,cancelled,Wedding,2024-05-26,Corporate,Gafsa,Tunisie,1,0.0,0.0,100,200,Hotel
6927,1209.0,155,66,13000.0,5,confirmed,Birthday,2025-12-08,Corporate,Gafsa,Tunisie,4,0.0,0.0,100,200,Hotel
6776,6466.0,203,1417,25000.0,5,cancelled,Wedding,2022-06-06,Corporate,Gafsa,Tunisie,2,0.0,0.0,100,200,Hotel
11029,12034.0,202,1983,13000.0,0,cancelled,Wedding,2024-01-28,Wedding,Gafsa,Tunisie,2,0.0,0.0,100,200,Hotel
3177,470.0,126,4896,12000.0,5,confirmed,Birthday,2024-06-09,Corporate,Gafsa,Tunisie,1,0.0,0.0,100,200,Hotel
17179,6573.0,252,1608,26000.0,5,confirmed,Corporate Event,2023-09-27,Corporate,Gafsa,Tunisie,4,0.0,0.0,100,200,Hotel
15356,9559.0,229,3480,17000.0,0,pending,Corporate Event,2022-10-08,Birthday,Gafsa,Tunisie,1,0.0,0.0,100,200,Hotel
15911,10888.0,252,1608,21000.0,10,confirmed,Birthday,2024-02-28,Wedding,Gafsa,Tunisie,2,0.0,0.0,100,200,Hotel
4770,5900.0,155,66,26000.0,0,confirmed,Birthday,2025-05-17,Wedding,Gafsa,Tunisie,5,0.0,0.0,100,200,Hotel
17210,5546.0,176,3661,15000.0,0,pending,Birthday,2024-04-12,Wedding,Gafsa,Tunisie,3,0.0,0.0,100,200,Hotel
16665,13312.0,42,3577,22000.0,0,confirmed,Corporate Event,2025-06-28,Birthday,Gafsa,Tunisie,2,0.0,0.0,100,200,Hotel
527,9238.0,202,1983,21000.0,5,confirmed,Birthday,2022-11-12,Corporate,Gafsa,Tunisie,4,0.0,0.0,100,200,Hotel
13852,74910.0,249,22215,24000.0,5,cancelled,Corporate Event,2023-11-18,Corporate,Gafsa,Tunisie,2,0.0,0.0,100,200,Hotel
12381,11016.0,155,66,23000.0,0,cancelled,Birthday,2022-06-17,Wedding,Gafsa,Tunisie,4,0.0,0.0,100,200,Hotel
3481,6757.0,298,962,23000.0,0,confirmed,Corporate Event,2025-07-03,Wedding,Gafsa,Tunisie,1,0.0,0.0,100,200,Hotel
15761,5316.0,249,22215,23000.0,0,cancelled,Birthday,2022-05-31,Birthday,Gafsa,Tunisie,4,0.0,0.0,100,200,Hotel
3513,1826.0,155,66,15000.0,9,pending,Wedding,2024-05-02,Corporate,Kasserine,Tunisie,2,0.0,0.0,200,400,Venues de mariage privées
14821,4439.0,203,1417,20000.0,9,pending,Wedding,2023-04-25,Corporate,Kasserine,Tunisie,4,0.0,0.0,200,400,Venues de mariage privées
3801,12555.0,126,4896,21000.0,10,cancelled,Birthday,2025-10-23,Wedding,Kasserine,Tunisie,4,0.0,0.0,200,400,Venues de mariage privées
6460,10062.0,42,3577,13000.0,0,cancelled,Wedding,2024-03-14,Wedding,Kasserine,Tunisie,5,0.0,0.0,200,400,Venues de mariage privées
14842,14505.0,298,962,13000.0,0,cancelled,Corporate Event,2023-09-13,Wedding,Kasserine,Tunisie,5,0.0,0.0,200,400,Venues de mariage privées
12119,7418.0,202,1983,17000.0,0,cancelled,Corporate Event,2024-02-02,Birthday,Kasserine,Tunisie,2,0.0,0.0,200,400,Venues de mariage privées
1206,13030.0,239,4101,15000.0,0,confirmed,Wedding,2023-10-15,Wedding,Kasserine,Tunisie,3,0.0,0.0,200,400,Venues de mariage privées
14291,4416.0,202,1983,22000.0,9,cancelled,Birthday,2025-11-06,Corporate,Kasserine,Tunisie,2,0.0,0.0,200,400,Venues de mariage privées
14438,3592.0,42,3577,13000.0,0,confirmed,Birthday,2025-01-01,Birthday,Kasserine,Tunisie,4,0.0,0.0,200,400,Venues de mariage privées
15895,13933.0,202,1983,20000.0,0,pending,Corporate Event,2022-12-17,Wedding,Kasserine,Tunisie,2,0.0,0.0,200,400,Venues de mariage privées
212,11056.0,42,3577,12000.0,10,pending,Birthday,2022-09-24,Wedding,Kasserine,Tunisie,2,0.0,0.0,200,400,Venues de mariage privées
6580,7208.0,126,4896,25000.0,10,cancelled,Birthday,2025-04-10,Wedding,Kasserine,Tunisie,4,0.0,0.0,200,400,Venues de mariage privées
10685,4415.0,298,962,15000.0,0,cancelled,Birthday,2025-03-21,Birthday,Kasserine,Tunisie,5,0.0,0.0,200,400,Venues de mariage privées
2085,21880.0,42,3577,12000.0,10,confirmed,Birthday,2022-01-03,Wedding,Kasserine,Tunisie,5,0.0,0.0,200,400,Venues de mariage privées
6892,3987.0,252,1608,21000.0,9,cancelled,Birthday,2022-04-12,Corporate,Kasserine,Tunisie,5,0.0,0.0,200,400,Venues de mariage privées
13445,12220.0,203,1417,20000.0,0,cancelled,Corporate Event,2022-04-03,Wedding,Kasserine,Tunisie,4,0.0,0.0,200,400,Venues de mariage privées
6802,1947.0,229,3480,21000.0,10,confirmed,Corporate Event,2024-04-07,Wedding,Kasserine,Tunisie,1,0.0,0.0,200,400,Venues de mariage privées
4176,6878.0,298,962,13000.0,0,pending,Corporate Event,2025-02-04,Birthday,Kasserine,Tunisie,2,0.0,0.0,200,400,Venues de mariage privées
5842,3104.0,203,1417,23000.0,0,cancelled,Wedding,2024-09-24,Birthday,Kasserine,Tunisie,3,0.0,0.0,200,400,Venues de mariage privées
9577,11145.0,203,1417,15000.0,10,pending,Wedding,2022-07-10,Wedding,Kasserine,Tunisie,4,0.0,0.0,200,400,Venues de mariage privées
1153,5251.0,202,1983,19000.0,10,confirmed,Wedding,2025-01-18,Wedding,Kasserine,Tunisie,3,0.0,0.0,200,400,Venues de mariage privées
10658,6985.0,203,1417,19000.0,10,confirmed,Corporate Event,2022-11-06,Wedding,Kasserine,Tunisie,3,0.0,0.0,200,400,Venues de mariage privées
1297,4121.0,176,3661,26000.0,0,pending,Wedding,2022-05-02,Wedding,Kasserine,Tunisie,5,0.0,0.0,200,400,Venues de mariage privées
10788,811.0,203,1417,20000.0,0,confirmed,Wedding,2024-11-13,Wedding,Kasserine,Tunisie,3,0.0,0.0,200,400,Venues de mariage privées
11734,6433.0,42,3577,22000.0,10,pending,Birthday,2022-10-16,Wedding,Kasserine,Tunisie,4,0.0,0.0,200,400,Venues de mariage privées
7892,7431.0,155,66,19000.0,0,pending,Wedding,2025-11-06,Birthday,Kasserine,Tunisie,1,0.0,0.0,200,400,Venues de mariage privées
2948,13550.0,176,3661,15000.0,10,confirmed,Birthday,2025-08-15,Wedding,Kasserine,Tunisie,5,0.0,0.0,200,400,Venues de mariage privées
11339,10625.0,249,22215,13000.0,10,pending,Birthday,2024-05-24,Wedding,Kasserine,Tunisie,5,0.0,0.0,200,400,Venues de mariage privées
8411,10107.0,202,1983,25000.0,0,pending,Wedding,2024-07-20,Wedding,Kasserine,Tunisie,3,0.0,0.0,200,400,Venues de mariage privées
15819,1557.0,203,1417,21000.0,9,confirmed,Birthday,2022-05-07,Corporate,Kasserine,Tunisie,4,0.0,0.0,200,400,Venues de mariage privées
8473,744.0,202,1983,21000.0,0,confirmed,Wedding,2024-03-20,Birthday,Kasserine,Tunisie,3,0.0,0.0,200,400,Venues de mariage privées
3010,98180.0,202,1983,12000.0,0,confirmed,Birthday,2023-04-08,Birthday,Kasserine,Tunisie,1,0.0,0.0,200,400,Venues de mariage privées
1593,2621.0,229,3480,22000.0,0,pending,Birthday,2024-03-09,Wedding,Kasserine,Tunisie,4,0.0,0.0,200,400,Venues de mariage privées
6948,666.0,203,1258,26000.0,0,pending,Birthday,2023-01-10,Birthday,Kasserine,Tunisie,2,0.0,0.0,200,400,Venues de mariage privées
3216,10772.0,42,3577,23000.0,0,confirmed,Wedding,2025-10-24,Wedding,Kasserine,Tunisie,5,0.0,0.0,200,400,Venues de mariage privées
7594,13049.0,42,3577,24000.0,9,cancelled,Wedding,2022-12-16,Corporate,Kasserine,Tunisie,1,0.0,0.0,200,400,Venues de mariage privées
16176,2419.0,203,1258,22000.0,9,cancelled,Birthday,2023-08-08,Corporate,Kasserine,Tunisie,4,0.0,0.0,200,400,Venues de mariage privées
12434,10884.0,126,4896,25000.0,0,pending,Corporate Event,2022-12-17,Birthday,Kasserine,Tunisie,3,0.0,0.0,200,400,Venues de mariage privées
11200,13476.0,176,3661,19000.0,9,pending,Corporate Event,2022-12-05,Corporate,Kasserine,Tunisie,5,0.0,0.0,200,400,Venues de mariage privées
8267,9869.0,155,66,19000.0,10,cancelled,Birthday,2024-01-11,Wedding,Kasserine,Tunisie,2,0.0,0.0,200,400,Venues de mariage privées
161,93400.0,298,962,23000.0,9,confirmed,Birthday,2023-01-24,Corporate,Kasserine,Tunisie,5,0.0,0.0,200,400,Venues de mariage privées
9182,13459.0,42,3577,22000.0,0,cancelled,Birthday,2022-11-26,Wedding,Kasserine,Tunisie,3,0.0,0.0,200,400,Venues de mariage privées
12411,10947.0,203,1258,12000.0,9,pending,Birthday,2024-12-08,Corporate,Kasserine,Tunisie,1,0.0,0.0,200,400,Venues de mariage privées
13787,1426.0,229,3480,17000.0,10,pending,Birthday,2023-11-25,Wedding,Kasserine,Tunisie,3,0.0,0.0,200,400,Venues de mariage privées
16469,10749.0,229,3480,22000.0,9,confirmed,Birthday,2022-06-03,Corporate,Kasserine,Tunisie,4,0.0,0.0,200,400,Venues de mariage privées
6274,8479.0,42,3577,17000.0,10,confirmed,Birthday,2024-07-29,Wedding,Kasserine,Tunisie,1,0.0,0.0,200,400,Venues de mariage privées
13114,1182.0,42,3577,23000.0,0,pending,Wedding,2025-06-15,Wedding,Kasserine,Tunisie,5,0.0,0.0,200,400,Venues de mariage privées
13236,14942.0,252,1608,17000.0,10,confirmed,Birthday,2023-04-14,Wedding,Kasserine,Tunisie,4,0.0,0.0,200,400,Venues de mariage privées
593,10033.0,298,962,24000.0,0,cancelled,Corporate Event,2022-01-09,Wedding,Kasserine,Tunisie,1,0.0,0.0,200,400,Venues de mariage privées
16235,369.0,203,1258,24000.0,0,confirmed,Birthday,2025-08-17,Birthday,Kasserine,Tunisie,3,0.0,0.0,200,400,Venues de mariage privées
13089,5117.0,203,1258,24000.0,10,cancelled,Birthday,2025-06-26,Wedding,Kasserine,Tunisie,5,0.0,0.0,200,400,Venues de mariage privées
2994,1875.0,203,1258,20000.0,9,cancelled,Wedding,2023-01-09,Corporate,Kasserine,Tunisie,1,0.0,0.0,200,400,Venues de mariage privées
15875,6728.0,252,1608,12000.0,0,pending,Birthday,2023-03-09,Wedding,Kasserine,Tunisie,4,0.0,0.0,200,400,Venues de mariage privées
12110,5321.0,252,1608,17000.0,0,pending,Corporate Event,2025-08-26,Wedding,Kasserine,Tunisie,1,0.0,0.0,200,400,Venues de mariage privées
3524,13466.0,176,3661,15000.0,10,confirmed,Wedding,2023-07-12,Wedding,Kasserine,Tunisie,5,0.0,0.0,200,400,Venues de mariage privées
1869,13069.0,155,66,26000.0,9,pending,Corporate Event,2022-08-01,Corporate,Kasserine,Tunisie,1,0.0,0.0,200,400,Venues de mariage privées
1101,8550.0,176,3661,23000.0,10,pending,Corporate Event,2024-12-17,Wedding,Kasserine,Tunisie,3,0.0,0.0,200,400,Venues de mariage privées
8035,4735.0,203,1258,22000.0,0,cancelled,Corporate Event,2025-10-01,Birthday,Kasserine,Tunisie,2,0.0,0.0,200,400,Venues de mariage privées
3939,3960.0,229,3480,26000.0,0,cancelled,Corporate Event,2025-08-28,Birthday,Kasserine,Tunisie,5,0.0,0.0,200,400,Venues de mariage privées
7625,6334.0,239,4101,12000.0,0,cancelled,Birthday,2025-08-29,Wedding,Kasserine,Tunisie,4,0.0,0.0,200,400,Venues de mariage privées
7139,6066.0,252,1608,22000.0,0,pending,Birthday,2025-05-09,Wedding,Kasserine,Tunisie,2,0.0,0.0,200,400,Venues de mariage privées
3666,623.0,249,22215,20000.0,0,cancelled,Wedding,2022-04-09,Birthday,Kasserine,Tunisie,4,0.0,0.0,200,400,Venues de mariage privées
187,1383.0,126,4896,23000.0,10,confirmed,Birthday,2023-01-26,Wedding,Kasserine,Tunisie,5,0.0,0.0,200,400,Venues de mariage privées
967,11188.0,298,962,17000.0,9,confirmed,Wedding,2025-02-19,Corporate,Kasserine,Tunisie,1,0.0,0.0,200,400,Venues de mariage privées
1244,3396.0,203,1417,25000.0,10,cancelled,Corporate Event,2022-08-13,Wedding,Kasserine,Tunisie,3,0.0,0.0,200,400,Venues de mariage privées
14032,14813.0,202,1983,24000.0,9,cancelled,Birthday,2022-09-03,Corporate,Kasserine,Tunisie,1,0.0,0.0,200,400,Venues de mariage privées
11718,12264.0,252,1608,26000.0,9,pending,Corporate Event,2024-05-01,Corporate,Kasserine,Tunisie,3,0.0,0.0,200,400,Venues de mariage privées
6253,12494.0,202,1983,19000.0,10,confirmed,Corporate Event,2025-09-05,Wedding,Kasserine,Tunisie,1,0.0,0.0,200,400,Venues de mariage privées
554,10666.0,252,1608,17000.0,10,cancelled,Wedding,2023-02-12,Wedding,Kasserine,Tunisie,2,0.0,0.0,200,400,Venues de mariage privées
12858,1008.0,249,22215,20000.0,0,confirmed,Corporate Event,2024-01-04,Wedding,Kasserine,Tunisie,4,0.0,0.0,200,400,Venues de mariage privées
6997,9626.0,203,1417,15000.0,10,cancelled,Corporate Event,2023-05-07,Wedding,Kasserine,Tunisie,4,0.0,0.0,200,400,Venues de mariage privées
15314,6814.0,126,4896,23000.0,10,pending,Wedding,2025-05-23,Wedding,Kasserine,Tunisie,2,0.0,0.0,200,400,Venues de mariage privées
17236,7098.0,252,1608,15000.0,0,pending,Wedding,2024-05-22,Wedding,Kasserine,Tunisie,2,0.0,0.0,200,400,Venues de mariage privées
461,10444.0,298,962,24000.0,0,pending,Wedding,2022-02-27,Birthday,Kasserine,Tunisie,2,0.0,0.0,200,400,Venues de mariage privées
16508,8807.0,203,1417,21000.0,0,confirmed,Birthday,2024-09-03,Birthday,Kasserine,Tunisie,4,0.0,0.0,200,400,Venues de mariage privées
13498,3628.0,252,1608,13000.0,0,confirmed,Birthday,2024-07-25,Wedding,Kasserine,Tunisie,3,0.0,0.0,200,400,Venues de mariage privées
1600,2392.0,42,3577,13000.0,9,pending,Corporate Event,2022-02-26,Corporate,Kasserine,Tunisie,3,0.0,0.0,200,400,Venues de mariage privées
14396,14422.0,202,1983,20000.0,9,confirmed,Birthday,2023-10-13,Corporate,Kasserine,Tunisie,2,0.0,0.0,200,400,Venues de mariage privées
12354,627.0,155,66,22000.0,0,cancelled,Wedding,2022-01-01,Wedding,Kasserine,Tunisie,3,0.0,0.0,200,400,Venues de mariage privées
12164,335.0,155,66,17000.0,10,cancelled,Wedding,2022-09-28,Wedding,Kasserine,Tunisie,4,0.0,0.0,200,400,Venues de mariage privées
11193,50010.0,126,4896,21000.0,0,confirmed,Corporate Event,2022-10-17,Wedding,Kasserine,Tunisie,2,0.0,0.0,200,400,Venues de mariage privées
17157,11254.0,203,1417,17000.0,10,pending,Birthday,2022-02-23,Wedding,Kasserine,Tunisie,5,0.0,0.0,200,400,Venues de mariage privées
14305,5849.0,249,22215,13000.0,0,pending,Birthday,2025-06-19,Wedding,Kasserine,Tunisie,1,0.0,0.0,200,400,Venues de mariage privées
12733,5703.0,229,3480,19000.0,10,pending,Birthday,2023-01-31,Wedding,Kasserine,Tunisie,5,0.0,0.0,200,400,Venues de mariage privées
16052,419.0,239,4101,24000.0,10,pending,Birthday,2024-09-11,Wedding,Kasserine,Tunisie,2,0.0,0.0,200,400,Venues de mariage privées
17162,11743.0,252,1608,24000.0,10,pending,Birthday,2025-08-04,Wedding,Kasserine,Tunisie,1,0.0,0.0,200,400,Venues de mariage privées
7120,9953.0,239,4101,23000.0,0,pending,Wedding,2024-09-28,Wedding,Kasserine,Tunisie,4,0.0,0.0,200,400,Venues de mariage privées
4509,82100.0,203,1417,20000.0,0,confirmed,Wedding,2022-01-29,Birthday,Kasserine,Tunisie,1,0.0,0.0,200,400,Venues de mariage privées
12796,12121.0,298,962,25000.0,0,pending,Corporate Event,2023-01-22,Wedding,Kasserine,Tunisie,3,0.0,0.0,200,400,Venues de mariage privées
7789,3218.0,252,1608,24000.0,9,confirmed,Corporate Event,2022-12-31,Corporate,Kasserine,Tunisie,2,0.0,0.0,200,400,Venues de mariage privées
11046,14983.0,155,66,26000.0,0,confirmed,Wedding,2024-05-23,Wedding,Kasserine,Tunisie,2,0.0,0.0,200,400,Venues de mariage privées
3406,14592.0,229,3480,19000.0,10,cancelled,Wedding,2025-02-19,Wedding,Kasserine,Tunisie,2,0.0,0.0,200,400,Venues de mariage privées
16258,9537.0,202,1983,22000.0,0,cancelled,Wedding,2023-12-21,Birthday,Kasserine,Tunisie,4,0.0,0.0,200,400,Venues de mariage privées
14091,4761.0,203,1417,19000.0,0,confirmed,Wedding,2023-07-18,Wedding,Kasserine,Tunisie,5,0.0,0.0,200,400,Venues de mariage privées
10696,8900.0,298,962,13000.0,0,cancelled,Corporate Event,2023-06-25,Wedding,Kasserine,Tunisie,4,0.0,0.0,200,400,Venues de mariage privées
2714,12929.0,249,22215,22000.0,9,pending,Birthday,2025-01-12,Corporate,Kasserine,Tunisie,3,0.0,0.0,200,400,Venues de mariage privées
959,2204.0,42,3577,26000.0,10,pending,Wedding,2022-10-15,Wedding,Kasserine,Tunisie,2,0.0,0.0,200,400,Venues de mariage privées
17433,8374.0,203,1258,25000.0,10,pending,Wedding,2022-12-27,Wedding,Kasserine,Tunisie,4,0.0,0.0,200,400,Venues de mariage privées
2245,14947.0,203,1417,19000.0,10,pending,Corporate Event,2024-12-04,Wedding,Kasserine,Tunisie,5,0.0,0.0,200,400,Venues de mariage privées
4239,14340.0,176,3661,24000.0,0,cancelled,Birthday,2025-01-03,Wedding,Kasserine,Tunisie,5,0.0,0.0,200,400,Venues de mariage privées
1197,14486.0,176,3661,25000.0,0,pending,Birthday,2025-09-17,Wedding,Kasserine,Tunisie,5,0.0,0.0,200,400,Venues de mariage privées
15571,5275.0,155,66,17000.0,0,cancelled,Wedding,2024-11-23,Birthday,Kasserine,Tunisie,4,0.0,0.0,200,400,Venues de mariage privées
10247,5478.0,42,3577,20000.0,0,pending,Corporate Event,2025-08-20,Wedding,Kasserine,Tunisie,3,0.0,0.0,200,400,Venues de mariage privées
5062,12394.0,202,1983,20000.0,0,pending,Wedding,2024-03-20,Wedding,Kasserine,Tunisie,3,0.0,0.0,200,400,Venues de mariage privées
2899,3140.0,203,1258,19000.0,0,pending,Wedding,2023-09-20,Birthday,Kasserine,Tunisie,3,0.0,0.0,200,400,Venues de mariage privées
12790,3677.0,42,3577,19000.0,9,cancelled,Corporate Event,2023-04-23,Corporate,Kasserine,Tunisie,4,0.0,0.0,200,400,Venues de mariage privées
13188,1324.0,176,3661,24000.0,0,cancelled,Birthday,2022-05-22,Birthday,Kasserine,Tunisie,3,0.0,0.0,200,400,Venues de mariage privées
9497,13505.0,239,4101,22000.0,10,confirmed,Corporate Event,2023-11-01,Wedding,Kasserine,Tunisie,1,0.0,0.0,200,400,Venues de mariage privées
16947,9471.0,298,962,25000.0,10,confirmed,Wedding,2023-03-06,Wedding,Kasserine,Tunisie,4,0.0,0.0,200,400,Venues de mariage privées
13842,4879.0,155,66,25000.0,10,pending,Corporate Event,2022-04-30,Wedding,Kasserine,Tunisie,4,0.0,0.0,200,400,Venues de mariage privées
4321,7506.0,42,3577,12000.0,0,cancelled,Birthday,2024-07-18,Birthday,Kasserine,Tunisie,1,0.0,0.0,200,400,Venues de mariage privées
7391,6226.0,203,1258,13000.0,0,pending,Birthday,2023-10-17,Wedding,Kasserine,Tunisie,2,0.0,0.0,200,400,Venues de mariage privées
1758,11101.0,202,1983,25000.0,10,confirmed,Corporate Event,2025-01-28,Wedding,Kasserine,Tunisie,1,0.0,0.0,200,400,Venues de mariage privées
5050,2072.0,203,1258,13000.0,9,cancelled,Wedding,2023-09-11,Corporate,Kasserine,Tunisie,1,0.0,0.0,200,400,Venues de mariage privées
12900,11514.0,249,22215,15000.0,10,pending,Corporate Event,2025-02-17,Wedding,Kasserine,Tunisie,5,0.0,0.0,200,400,Venues de mariage privées
5422,11708.0,126,4896,26000.0,0,cancelled,Birthday,2025-11-05,Wedding,Kasserine,Tunisie,2,0.0,0.0,200,400,Venues de mariage privées
10965,8932.0,126,4896,26000.0,0,cancelled,Wedding,2023-07-25,Wedding,Kasserine,Tunisie,1,0.0,0.0,200,400,Venues de mariage privées
7373,5386.0,298,962,19000.0,0,pending,Corporate Event,2023-04-15,Wedding,Kasserine,Tunisie,4,0.0,0.0,200,400,Venues de mariage privées
11351,4370.0,155,66,19000.0,9,confirmed,Wedding,2022-11-21,Corporate,Kasserine,Tunisie,5,0.0,0.0,200,400,Venues de mariage privées
14725,4508.0,42,3577,15000.0,9,pending,Birthday,2022-09-03,Corporate,Kasserine,Tunisie,1,0.0,0.0,200,400,Venues de mariage privées
2831,11458.0,203,1258,26000.0,0,pending,Birthday,2024-05-08,Wedding,Kasserine,Tunisie,3,0.0,0.0,200,400,Venues de mariage privées
4919,4699.0,202,1983,26000.0,10,cancelled,Birthday,2023-01-20,Wedding,Kasserine,Tunisie,2,0.0,0.0,200,400,Venues de mariage privées
10288,11164.0,203,1258,12000.0,10,cancelled,Corporate Event,2025-11-20,Wedding,Kasserine,Tunisie,3,0.0,0.0,200,400,Venues de mariage privées
13468,9991.0,42,3577,21000.0,0,cancelled,Birthday,2023-10-23,Birthday,Kasserine,Tunisie,1,0.0,0.0,200,400,Venues de mariage privées
12545,105670.0,155,66,23000.0,0,cancelled,Wedding,2024-06-19,Wedding,Kasserine,Tunisie,4,0.0,0.0,200,400,Venues de mariage privées
11327,9443.0,252,1608,20000.0,10,pending,Wedding,2024-08-15,Wedding,Kasserine,Tunisie,5,0.0,0.0,200,400,Venues de mariage privées
7790,4958.0,155,66,24000.0,9,pending,Wedding,2022-06-29,Corporate,Kasserine,Tunisie,3,0.0,0.0,200,400,Venues de mariage privées
4981,13032.0,249,22215,12000.0,0,confirmed,Corporate Event,2024-11-21,Wedding,Kasserine,Tunisie,1,0.0,0.0,200,400,Venues de mariage privées
15664,3581.0,202,1983,17000.0,0,confirmed,Birthday,2023-06-28,Birthday,Kasserine,Tunisie,4,0.0,0.0,200,400,Venues de mariage privées
13257,6072.0,252,1608,15000.0,0,confirmed,Birthday,2023-08-09,Wedding,Kasserine,Tunisie,2,0.0,0.0,200,400,Venues de mariage privées
10911,11811.0,202,1983,24000.0,0,cancelled,Corporate Event,2025-01-29,Birthday,Kasserine,Tunisie,5,0.0,0.0,200,400,Venues de mariage privées
14140,384.0,239,4101,24000.0,0,confirmed,Birthday,2024-10-08,Wedding,Kasserine,Tunisie,4,0.0,0.0,200,400,Venues de mariage privées
16131,3243.0,42,3577,24000.0,0,cancelled,Wedding,2025-09-08,Birthday,Kasserine,Tunisie,5,0.0,0.0,200,400,Venues de mariage privées
13431,9959.0,126,4896,23000.0,10,cancelled,Birthday,2023-07-14,Wedding,Kasserine,Tunisie,5,0.0,0.0,200,400,Venues de mariage privées
14269,6130.0,298,962,12000.0,9,cancelled,Birthday,2024-09-12,Corporate,Kasserine,Tunisie,1,0.0,0.0,200,400,Venues de mariage privées
13795,1050.0,249,22215,21000.0,0,cancelled,Birthday,2022-07-20,Wedding,Kasserine,Tunisie,1,0.0,0.0,200,400,Venues de mariage privées
17190,13027.0,252,1608,24000.0,0,cancelled,Birthday,2023-04-01,Wedding,Kasserine,Tunisie,3,0.0,0.0,200,400,Venues de mariage privées
2698,10158.0,203,1258,20000.0,10,pending,Birthday,2024-03-30,Wedding,Kasserine,Tunisie,1,0.0,0.0,200,400,Venues de mariage privées
14947,14112.0,229,3480,19000.0,0,confirmed,Wedding,2024-02-04,Wedding,Kasserine,Tunisie,3,0.0,0.0,200,400,Venues de mariage privées
5704,9725.0,249,22215,26000.0,10,pending,Birthday,2025-03-13,Wedding,Kasserine,Tunisie,1,0.0,0.0,200,400,Venues de mariage privées
1277,14614.0,155,66,15000.0,10,pending,Wedding,2023-11-24,Wedding,Kasserine,Tunisie,1,0.0,0.0,200,400,Venues de mariage privées
8525,6687.0,252,1608,19000.0,9,confirmed,Birthday,2025-12-14,Corporate,Kasserine,Tunisie,1,0.0,0.0,200,400,Venues de mariage privées
14485,5026.0,252,1608,25000.0,10,pending,Wedding,2023-07-12,Wedding,Kasserine,Tunisie,3,0.0,0.0,200,400,Venues de mariage privées
15085,6012.0,42,3577,22000.0,10,confirmed,Corporate Event,2023-07-19,Wedding,Kasserine,Tunisie,3,0.0,0.0,200,400,Venues de mariage privées
2675,8314.0,298,962,21000.0,9,confirmed,Corporate Event,2023-11-23,Corporate,Kasserine,Tunisie,2,0.0,0.0,200,400,Venues de mariage privées
9356,12565.0,42,3577,19000.0,0,confirmed,Corporate Event,2023-04-22,Wedding,Kasserine,Tunisie,3,0.0,0.0,200,400,Venues de mariage privées
8825,7619.0,126,4896,26000.0,10,confirmed,Wedding,2024-10-09,Wedding,Kasserine,Tunisie,2,0.0,0.0,200,400,Venues de mariage privées
9765,8292.0,229,3480,19000.0,0,pending,Birthday,2024-06-20,Birthday,Kasserine,Tunisie,3,0.0,0.0,200,400,Venues de mariage privées
6841,8680.0,42,3577,21000.0,0,pending,Birthday,2025-09-23,Birthday,Kasserine,Tunisie,5,0.0,0.0,200,400,Venues de mariage privées
8429,3463.0,298,962,22000.0,10,cancelled,Wedding,2025-04-10,Wedding,Kasserine,Tunisie,5,0.0,0.0,200,400,Venues de mariage privées
17767,2914.0,203,1258,21000.0,0,pending,Birthday,2023-06-15,Wedding,Kasserine,Tunisie,2,0.0,0.0,200,400,Venues de mariage privées
3785,12657.0,203,1417,24000.0,0,confirmed,Wedding,2024-06-25,Birthday,Kasserine,Tunisie,2,0.0,0.0,200,400,Venues de mariage privées
12586,9555.0,229,3480,21000.0,0,pending,Corporate Event,2022-08-28,Birthday,Kasserine,Tunisie,5,0.0,0.0,200,400,Venues de mariage privées
4243,4278.0,298,962,19000.0,10,cancelled,Corporate Event,2024-05-27,Wedding,Kasserine,Tunisie,1,0.0,0.0,200,400,Venues de mariage privées
5293,2603.0,249,22215,17000.0,9,cancelled,Corporate Event,2022-04-11,Corporate,Kasserine,Tunisie,5,0.0,0.0,200,400,Venues de mariage privées
17289,14335.0,126,4896,26000.0,10,confirmed,Wedding,2023-05-04,Wedding,Kasserine,Tunisie,1,0.0,0.0,200,400,Venues de mariage privées
1176,4883.0,202,1983,15000.0,10,cancelled,Corporate Event,2025-11-24,Wedding,Kasserine,Tunisie,3,0.0,0.0,200,400,Venues de mariage privées
715,9506.0,252,1608,12000.0,0,pending,Wedding,2025-05-30,Wedding,Kasserine,Tunisie,1,0.0,0.0,200,400,Venues de mariage privées
2397,9050.0,42,3577,26000.0,0,pending,Corporate Event,2024-04-24,Wedding,Kasserine,Tunisie,3,0.0,0.0,200,400,Venues de mariage privées
5868,7065.0,229,3480,22000.0,10,cancelled,Corporate Event,2023-11-30,Wedding,Kasserine,Tunisie,1,0.0,0.0,200,400,Venues de mariage privées
11061,6986.0,239,4101,26000.0,0,confirmed,Birthday,2024-05-10,Wedding,Kasserine,Tunisie,1,0.0,0.0,200,400,Venues de mariage privées
10823,2374.0,155,66,24000.0,10,confirmed,Corporate Event,2023-05-15,Wedding,Kasserine,Tunisie,5,0.0,0.0,200,400,Venues de mariage privées
13129,8694.0,202,1983,13000.0,0,pending,Wedding,2024-08-16,Birthday,Kasserine,Tunisie,5,0.0,0.0,200,400,Venues de mariage privées
9900,6753.0,176,3661,24000.0,10,cancelled,Wedding,2022-10-15,Wedding,Kasserine,Tunisie,4,0.0,0.0,200,400,Venues de mariage privées
9211,3480.0,249,22215,12000.0,9,cancelled,Birthday,2023-02-08,Corporate,Kasserine,Tunisie,4,0.0,0.0,200,400,Venues de mariage privées
17216,11589.0,249,22215,12000.0,10,confirmed,Corporate Event,2022-03-10,Wedding,Kasserine,Tunisie,4,0.0,0.0,200,400,Venues de mariage privées
3282,8256.0,203,1258,20000.0,10,pending,Corporate Event,2023-11-25,Wedding,Kasserine,Tunisie,5,0.0,0.0,200,400,Venues de mariage privées
836,3566.0,239,4101,15000.0,10,pending,Birthday,2023-09-21,Wedding,Kasserine,Tunisie,1,0.0,0.0,200,400,Venues de mariage privées
5170,6408.0,298,962,23000.0,0,pending,Birthday,2025-04-28,Wedding,Kasserine,Tunisie,3,0.0,0.0,200,400,Venues de mariage privées
11850,14583.0,252,1608,25000.0,0,pending,Birthday,2023-07-13,Birthday,Kasserine,Tunisie,4,0.0,0.0,200,400,Venues de mariage privées
8415,10408.0,298,962,13000.0,10,cancelled,Corporate Event,2022-01-06,Wedding,Kasserine,Tunisie,1,0.0,0.0,200,400,Venues de mariage privées
17628,12846.0,249,22215,15000.0,10,pending,Corporate Event,2023-10-29,Wedding,Kasserine,Tunisie,2,0.0,0.0,200,400,Venues de mariage privées
3255,8171.0,155,66,15000.0,0,confirmed,Wedding,2025-06-03,Wedding,Kasserine,Tunisie,2,0.0,0.0,200,400,Venues de mariage privées
13775,5901.0,155,66,21000.0,0,cancelled,Wedding,2022-07-10,Wedding,Kasserine,Tunisie,4,0.0,0.0,200,400,Venues de mariage privées
11369,14021.0,126,4896,19000.0,10,pending,Wedding,2023-02-23,Wedding,Kasserine,Tunisie,2,0.0,0.0,200,400,Venues de mariage privées
9214,2731.0,126,4896,26000.0,0,cancelled,Wedding,2023-12-10,Birthday,Kasserine,Tunisie,2,0.0,0.0,200,400,Venues de mariage privées
3137,375.0,298,962,20000.0,9,cancelled,Wedding,2025-04-04,Corporate,Kasserine,Tunisie,5,0.0,0.0,200,400,Venues de mariage privées
11960,5443.0,203,1417,25000.0,0,cancelled,Birthday,2024-08-13,Birthday,Kasserine,Tunisie,5,0.0,0.0,200,400,Venues de mariage privées
9704,12979.0,249,22215,15000.0,9,pending,Birthday,2025-12-22,Corporate,Kasserine,Tunisie,3,0.0,0.0,200,400,Venues de mariage privées
15878,10759.0,176,3661,12000.0,10,cancelled,Wedding,2025-12-08,Wedding,Kasserine,Tunisie,5,0.0,0.0,200,400,Venues de mariage privées
1087,2884.0,252,1608,22000.0,9,pending,Birthday,2023-12-09,Corporate,Kasserine,Tunisie,4,0.0,0.0,200,400,Venues de mariage privées
11509,13419.0,298,962,12000.0,0,confirmed,Birthday,2024-01-09,Wedding,Kasserine,Tunisie,4,0.0,0.0,200,400,Venues de mariage privées
7044,7622.0,203,1417,22000.0,0,confirmed,Birthday,2024-07-21,Birthday,Kasserine,Tunisie,4,0.0,0.0,200,400,Venues de mariage privées
16146,7117.0,126,4896,20000.0,10,pending,Wedding,2022-09-23,Wedding,Kasserine,Tunisie,1,0.0,0.0,200,400,Venues de mariage privées
11147,6348.0,155,66,13000.0,10,pending,Wedding,2023-01-17,Wedding,Kasserine,Tunisie,5,0.0,0.0,200,400,Venues de mariage privées
10210,5236.0,155,66,13000.0,10,confirmed,Birthday,2025-07-02,Wedding,Kasserine,Tunisie,4,0.0,0.0,200,400,Venues de mariage privées
4141,6240.0,252,1608,15000.0,0,confirmed,Birthday,2025-04-02,Wedding,Kasserine,Tunisie,1,0.0,0.0,200,400,Venues de mariage privées
4148,14267.0,249,22215,19000.0,0,confirmed,Wedding,2022-08-27,Wedding,Kasserine,Tunisie,3,0.0,0.0,200,400,Venues de mariage privées
2763,8089.0,239,4101,17000.0,10,cancelled,Corporate Event,2025-08-01,Wedding,Kasserine,Tunisie,2,0.0,0.0,200,400,Venues de mariage privées
2083,3216.0,176,3661,19000.0,9,cancelled,Corporate Event,2024-08-03,Corporate,Kasserine,Tunisie,4,0.0,0.0,200,400,Venues de mariage privées
4166,1535.0,298,962,20000.0,0,pending,Corporate Event,2023-01-03,Birthday,Kasserine,Tunisie,5,0.0,0.0,200,400,Venues de mariage privées
8143,3888.0,203,1258,15000.0,10,confirmed,Corporate Event,2024-08-16,Wedding,Kasserine,Tunisie,2,0.0,0.0,200,400,Venues de mariage privées
5210,3711.0,298,962,13000.0,0,cancelled,Corporate Event,2025-03-18,Birthday,Kasserine,Tunisie,4,0.0,0.0,200,400,Venues de mariage privées
5308,206.0,249,22215,12000.0,0,confirmed,Wedding,2022-01-14,Wedding,Kasserine,Tunisie,5,0.0,0.0,200,400,Venues de mariage privées
5015,2506.0,202,1983,24000.0,9,confirmed,Wedding,2022-02-06,Corporate,Kasserine,Tunisie,4,0.0,0.0,200,400,Venues de mariage privées
3142,3253.0,298,962,25000.0,0,confirmed,Birthday,2022-07-13,Wedding,Kasserine,Tunisie,1,0.0,0.0,200,400,Venues de mariage privées
13299,1593.0,229,3480,15000.0,9,confirmed,Wedding,2025-04-05,Corporate,Kasserine,Tunisie,1,0.0,0.0,200,400,Venues de mariage privées
11719,12851.0,229,3480,23000.0,10,confirmed,Birthday,2023-10-02,Wedding,Kasserine,Tunisie,5,0.0,0.0,200,400,Venues de mariage privées
6018,91770.0,203,1258,24000.0,10,pending,Wedding,2023-03-22,Wedding,Kasserine,Tunisie,5,0.0,0.0,200,400,Venues de mariage privées
1861,2937.0,202,1983,17000.0,9,confirmed,Birthday,2025-03-24,Corporate,Kasserine,Tunisie,5,0.0,0.0,200,400,Venues de mariage privées
6731,10987.0,202,1983,20000.0,10,cancelled,Birthday,2022-02-04,Wedding,Kasserine,Tunisie,1,0.0,0.0,200,400,Venues de mariage privées
12037,965.0,252,1608,19000.0,0,pending,Wedding,2022-02-06,Wedding,Kasserine,Tunisie,2,0.0,0.0,200,400,Venues de mariage privées
10935,2305.0,42,3577,22000.0,10,confirmed,Corporate Event,2023-03-27,Wedding,Kasserine,Tunisie,5,0.0,0.0,200,400,Venues de mariage privées
15938,1456.0,202,1983,13000.0,0,pending,Wedding,2024-09-27,Wedding,Kasserine,Tunisie,2,0.0,0.0,200,400,Venues de mariage privées
3147,5843.0,203,1417,20000.0,0,cancelled,Corporate Event,2023-05-19,Wedding,Kasserine,Tunisie,1,0.0,0.0,200,400,Venues de mariage privées
9120,7390.0,155,66,19000.0,10,pending,Birthday,2025-12-30,Wedding,Kasserine,Tunisie,2,0.0,0.0,200,400,Venues de mariage privées
881,2108.0,202,1983,17000.0,9,confirmed,Wedding,2022-07-03,Corporate,Kasserine,Tunisie,5,0.0,0.0,200,400,Venues de mariage privées
16379,237.0,239,4101,13000.0,0,pending,Corporate Event,2024-05-09,Wedding,Kasserine,Tunisie,5,0.0,0.0,200,400,Venues de mariage privées
815,9298.0,126,4896,24000.0,9,cancelled,Wedding,2025-12-27,Corporate,Kasserine,Tunisie,3,0.0,0.0,200,400,Venues de mariage privées
4463,6640.0,249,22215,20000.0,0,pending,Birthday,2022-08-06,Wedding,Kasserine,Tunisie,4,0.0,0.0,200,400,Venues de mariage privées
2957,3660.0,203,1417,15000.0,0,confirmed,Wedding,2022-12-31,Wedding,Kasserine,Tunisie,3,0.0,0.0,200,400,Venues de mariage privées
17723,8370.0,249,22215,17000.0,0,confirmed,Corporate Event,2023-07-05,Wedding,Kasserine,Tunisie,5,0.0,0.0,200,400,Venues de mariage privées
14038,4041.0,203,1258,23000.0,0,confirmed,Birthday,2022-04-02,Wedding,Kasserine,Tunisie,1,0.0,0.0,200,400,Venues de mariage privées
3710,13507.0,202,1983,24000.0,9,confirmed,Wedding,2023-02-15,Corporate,Kasserine,Tunisie,4,0.0,0.0,200,400,Venues de mariage privées
17309,880.0,202,1983,20000.0,0,cancelled,Corporate Event,2023-04-10,Wedding,Kasserine,Tunisie,1,0.0,0.0,200,400,Venues de mariage privées
13806,1234.0,42,3577,20000.0,10,confirmed,Birthday,2023-10-26,Wedding,Kasserine,Tunisie,5,0.0,0.0,200,400,Venues de mariage privées
3736,3664.0,229,3480,25000.0,0,confirmed,Corporate Event,2025-04-23,Wedding,Kasserine,Tunisie,1,0.0,0.0,200,400,Venues de mariage privées
15102,13331.0,176,3661,15000.0,9,confirmed,Wedding,2023-03-04,Corporate,Kasserine,Tunisie,3,0.0,0.0,200,400,Venues de mariage privées
13536,1320.0,298,962,17000.0,0,confirmed,Wedding,2022-07-03,Wedding,Kasserine,Tunisie,4,0.0,0.0,200,400,Venues de mariage privées
10932,4647.0,203,1258,20000.0,0,pending,Wedding,2025-07-13,Birthday,Kasserine,Tunisie,5,0.0,0.0,200,400,Venues de mariage privées
3515,11776.0,203,1417,19000.0,9,confirmed,Wedding,2022-06-22,Corporate,Kasserine,Tunisie,4,0.0,0.0,200,400,Venues de mariage privées
3491,7498.0,203,1258,15000.0,0,cancelled,Wedding,2024-01-18,Wedding,Kasserine,Tunisie,3,0.0,0.0,200,400,Venues de mariage privées
13946,3886.0,203,1417,26000.0,0,cancelled,Wedding,2022-01-28,Wedding,Kasserine,Tunisie,3,0.0,0.0,200,400,Venues de mariage privées
13630,11010.0,229,3480,20000.0,10,cancelled,Corporate Event,2024-06-17,Wedding,Kasserine,Tunisie,5,0.0,0.0,200,400,Venues de mariage privées
6448,9148.0,203,1417,12000.0,0,confirmed,Birthday,2022-11-06,Wedding,Kasserine,Tunisie,1,0.0,0.0,200,400,Venues de mariage privées
8240,14712.0,155,66,17000.0,0,cancelled,Wedding,2024-05-20,Wedding,Kasserine,Tunisie,4,0.0,0.0,200,400,Venues de mariage privées
12603,2917.0,176,3661,21000.0,0,pending,Wedding,2024-09-30,Birthday,Kasserine,Tunisie,1,0.0,0.0,200,400,Venues de mariage privées
15987,12962.0,176,3661,13000.0,0,cancelled,Wedding,2023-12-07,Wedding,Kasserine,Tunisie,4,0.0,0.0,200,400,Venues de mariage privées
8996,9956.0,42,3577,24000.0,10,cancelled,Corporate Event,2025-03-06,Wedding,Kasserine,Tunisie,1,0.0,0.0,200,400,Venues de mariage privées
16736,4608.0,176,3661,26000.0,10,confirmed,Corporate Event,2022-04-11,Wedding,Kasserine,Tunisie,5,0.0,0.0,200,400,Venues de mariage privées
422,2951.0,229,3480,21000.0,9,pending,Corporate Event,2024-10-22,Corporate,Kasserine,Tunisie,5,0.0,0.0,200,400,Venues de mariage privées
1698,5569.0,229,3480,25000.0,9,cancelled,Corporate Event,2024-09-30,Corporate,Kasserine,Tunisie,1,0.0,0.0,200,400,Venues de mariage privées
7933,13879.0,203,1417,12000.0,0,pending,Wedding,2024-09-24,Wedding,Kasserine,Tunisie,3,0.0,0.0,200,400,Venues de mariage privées
753,9799.0,202,1983,23000.0,9,cancelled,Corporate Event,2022-07-13,Corporate,Kasserine,Tunisie,1,0.0,0.0,200,400,Venues de mariage privées
11381,13634.0,229,3480,21000.0,0,confirmed,Corporate Event,2024-09-23,Birthday,Kasserine,Tunisie,5,0.0,0.0,200,400,Venues de mariage privées
2125,3204.0,298,962,13000.0,0,cancelled,Birthday,2024-10-10,Birthday,Kasserine,Tunisie,1,0.0,0.0,200,400,Venues de mariage privées
6122,7746.0,229,3480,13000.0,9,confirmed,Wedding,2022-05-21,Corporate,Kasserine,Tunisie,4,0.0,0.0,200,400,Venues de mariage privées
13902,6295.0,176,3661,24000.0,10,cancelled,Corporate Event,2023-12-30,Wedding,Kasserine,Tunisie,1,0.0,0.0,200,400,Venues de mariage privées
15762,903.0,249,22215,25000.0,10,cancelled,Birthday,2025-11-17,Wedding,Kasserine,Tunisie,1,0.0,0.0,200,400,Venues de mariage privées
8821,10580.0,176,3661,25000.0,10,cancelled,Birthday,2022-03-19,Wedding,Kasserine,Tunisie,3,0.0,0.0,200,400,Venues de mariage privées
6167,1470.0,239,4101,13000.0,0,confirmed,Corporate Event,2022-03-16,Wedding,Kasserine,Tunisie,5,0.0,0.0,200,400,Venues de mariage privées
14923,1822.0,239,4101,23000.0,10,cancelled,Corporate Event,2022-12-18,Wedding,Kasserine,Tunisie,4,0.0,0.0,200,400,Venues de mariage privées
16949,8493.0,203,1417,20000.0,10,cancelled,Birthday,2022-01-15,Wedding,Kasserine,Tunisie,1,0.0,0.0,200,400,Venues de mariage privées
14925,1878.0,176,3661,25000.0,0,cancelled,Birthday,2022-05-22,Wedding,Kasserine,Tunisie,5,0.0,0.0,200,400,Venues de mariage privées
6622,13095.0,249,22215,25000.0,0,pending,Corporate Event,2024-09-12,Birthday,Kasserine,Tunisie,3,0.0,0.0,200,400,Venues de mariage privées
4836,14262.0,202,1983,23000.0,10,pending,Corporate Event,2024-02-27,Wedding,Kasserine,Tunisie,1,0.0,0.0,200,400,Venues de mariage privées
6811,6590.0,202,1983,24000.0,9,confirmed,Wedding,2024-09-26,Corporate,Kasserine,Tunisie,1,0.0,0.0,200,400,Venues de mariage privées
15680,11066.0,298,962,23000.0,10,cancelled,Birthday,2025-03-08,Wedding,Kasserine,Tunisie,1,0.0,0.0,200,400,Venues de mariage privées
860,736.0,155,66,15000.0,0,confirmed,Wedding,2025-02-10,Wedding,Kasserine,Tunisie,5,0.0,0.0,200,400,Venues de mariage privées
9210,14401.0,42,3577,17000.0,9,cancelled,Corporate Event,2023-01-11,Corporate,Kasserine,Tunisie,2,0.0,0.0,200,400,Venues de mariage privées
7366,1274.0,239,4101,20000.0,9,pending,Birthday,2023-11-29,Corporate,Kasserine,Tunisie,2,0.0,0.0,200,400,Venues de mariage privées
7054,9667.0,229,3480,26000.0,10,pending,Birthday,2023-07-30,Wedding,Kasserine,Tunisie,2,0.0,0.0,200,400,Venues de mariage privées
14138,8719.0,203,1258,19000.0,10,cancelled,Corporate Event,2024-08-25,Wedding,Kasserine,Tunisie,1,0.0,0.0,200,400,Venues de mariage privées
2122,348.0,229,3480,12000.0,0,pending,Birthday,2025-04-06,Wedding,Kasserine,Tunisie,1,0.0,0.0,200,400,Venues de mariage privées
9744,3867.0,298,962,26000.0,10,pending,Corporate Event,2023-09-15,Wedding,Kasserine,Tunisie,2,0.0,0.0,200,400,Venues de mariage privées
374,13277.0,126,4896,13000.0,9,confirmed,Corporate Event,2022-06-10,Corporate,Kasserine,Tunisie,5,0.0,0.0,200,400,Venues de mariage privées
15026,5104.0,155,66,22000.0,10,cancelled,Wedding,2023-06-16,Wedding,Kasserine,Tunisie,3,0.0,0.0,200,400,Venues de mariage privées
13358,13122.0,126,4896,24000.0,10,pending,Wedding,2025-12-12,Wedding,Kasserine,Tunisie,2,0.0,0.0,200,400,Venues de mariage privées
12260,14125.0,239,4101,24000.0,10,pending,Wedding,2025-03-15,Wedding,Kasserine,Tunisie,1,0.0,0.0,200,400,Venues de mariage privées
7518,9655.0,298,962,23000.0,0,pending,Birthday,2023-01-06,Wedding,Kasserine,Tunisie,2,0.0,0.0,200,400,Venues de mariage privées
2114,13026.0,203,1417,15000.0,9,cancelled,Corporate Event,2024-04-07,Corporate,Kasserine,Tunisie,5,0.0,0.0,200,400,Venues de mariage privées
170,12883.0,239,4101,19000.0,0,cancelled,Corporate Event,2023-04-01,Wedding,Kasserine,Tunisie,5,0.0,0.0,200,400,Venues de mariage privées
2071,145290.0,42,3577,13000.0,0,cancelled,Wedding,2024-05-27,Birthday,Kasserine,Tunisie,4,0.0,0.0,200,400,Venues de mariage privées
3274,5342.0,203,1417,22000.0,0,pending,Wedding,2022-09-19,Birthday,Kasserine,Tunisie,1,0.0,0.0,200,400,Venues de mariage privées
16980,3032.0,239,4101,21000.0,9,pending,Wedding,2022-07-27,Corporate,Kasserine,Tunisie,4,0.0,0.0,200,400,Venues de mariage privées
10164,1907.0,203,1258,12000.0,0,cancelled,Birthday,2022-04-09,Birthday,Kasserine,Tunisie,4,0.0,0.0,200,400,Venues de mariage privées
2667,6208.0,42,3577,17000.0,0,cancelled,Birthday,2023-08-04,Wedding,Kasserine,Tunisie,4,0.0,0.0,200,400,Venues de mariage privées
5441,13673.0,298,962,17000.0,10,pending,Wedding,2024-06-07,Wedding,Kasserine,Tunisie,5,0.0,0.0,200,400,Venues de mariage privées
6036,6283.0,252,1608,15000.0,0,cancelled,Birthday,2022-07-24,Wedding,Kasserine,Tunisie,1,0.0,0.0,200,400,Venues de mariage privées
12075,4374.0,239,4101,17000.0,10,cancelled,Corporate Event,2024-07-08,Wedding,Kasserine,Tunisie,5,0.0,0.0,200,400,Venues de mariage privées
2023,1472.0,203,1417,20000.0,0,confirmed,Wedding,2024-07-01,Birthday,Kasserine,Tunisie,5,0.0,0.0,200,400,Venues de mariage privées
7193,13958.0,202,1983,25000.0,0,pending,Birthday,2022-05-08,Wedding,Kasserine,Tunisie,2,0.0,0.0,200,400,Venues de mariage privées
1441,10249.0,249,22215,24000.0,10,confirmed,Birthday,2022-05-13,Wedding,Kasserine,Tunisie,5,0.0,0.0,200,400,Venues de mariage privées
11203,14108.0,202,1983,22000.0,9,confirmed,Birthday,2025-12-24,Corporate,Kasserine,Tunisie,3,0.0,0.0,200,400,Venues de mariage privées
16821,4564.0,239,4101,17000.0,0,cancelled,Corporate Event,2023-07-14,Birthday,Kasserine,Tunisie,4,0.0,0.0,200,400,Venues de mariage privées
13131,13439.0,203,1258,19000.0,0,confirmed,Birthday,2025-07-13,Birthday,Kasserine,Tunisie,2,0.0,0.0,200,400,Venues de mariage privées
5264,10701.0,252,1608,19000.0,10,cancelled,Wedding,2022-11-25,Wedding,Kasserine,Tunisie,3,0.0,0.0,200,400,Venues de mariage privées
7561,13178.0,203,1258,19000.0,10,pending,Corporate Event,2023-01-22,Wedding,Kasserine,Tunisie,3,0.0,0.0,200,400,Venues de mariage privées
17147,9640.0,176,3661,19000.0,0,pending,Corporate Event,2025-01-22,Wedding,Kasserine,Tunisie,1,0.0,0.0,200,400,Venues de mariage privées
14783,4786.0,239,4101,22000.0,0,cancelled,Corporate Event,2023-05-09,Wedding,Kasserine,Tunisie,2,0.0,0.0,200,400,Venues de mariage privées
5522,4993.0,202,1983,12000.0,9,cancelled,Corporate Event,2025-10-13,Corporate,Kasserine,Tunisie,3,0.0,0.0,200,400,Venues de mariage privées
11774,10198.0,203,1417,13000.0,10,cancelled,Birthday,2025-03-14,Wedding,Kasserine,Tunisie,4,0.0,0.0,200,400,Venues de mariage privées
12907,10037.0,249,22215,24000.0,10,pending,Corporate Event,2025-04-03,Wedding,Kasserine,Tunisie,2,0.0,0.0,200,400,Venues de mariage privées
1448,11601.0,42,3577,19000.0,9,confirmed,Corporate Event,2025-09-05,Corporate,Kasserine,Tunisie,3,0.0,0.0,200,400,Venues de mariage privées
7283,1515.0,203,1417,12000.0,9,confirmed,Birthday,2025-01-05,Corporate,Kasserine,Tunisie,1,0.0,0.0,200,400,Venues de mariage privées
17394,6726.0,203,1417,22000.0,0,confirmed,Wedding,2022-06-20,Birthday,Kasserine,Tunisie,3,0.0,0.0,200,400,Venues de mariage privées
6049,8977.0,203,1417,20000.0,10,confirmed,Corporate Event,2022-02-08,Wedding,Kasserine,Tunisie,3,0.0,0.0,200,400,Venues de mariage privées
11318,1297.0,155,66,23000.0,0,confirmed,Birthday,2023-06-13,Wedding,Kasserine,Tunisie,5,0.0,0.0,200,400,Venues de mariage privées
6915,10488.0,126,4896,15000.0,0,confirmed,Birthday,2023-04-18,Birthday,Kasserine,Tunisie,2,0.0,0.0,200,400,Venues de mariage privées
7903,1613.0,298,962,20000.0,0,cancelled,Corporate Event,2022-06-12,Wedding,Kasserine,Tunisie,2,0.0,0.0,200,400,Venues de mariage privées
223,10514.0,298,962,22000.0,0,confirmed,Corporate Event,2023-11-01,Birthday,Kasserine,Tunisie,2,0.0,0.0,200,400,Venues de mariage privées
11606,1446.0,298,962,20000.0,10,cancelled,Wedding,2022-03-26,Wedding,Kasserine,Tunisie,5,0.0,0.0,200,400,Venues de mariage privées
14518,12823.0,203,1417,21000.0,9,pending,Corporate Event,2024-07-17,Corporate,Kasserine,Tunisie,5,0.0,0.0,200,400,Venues de mariage privées
236,3144.0,176,3661,12000.0,10,confirmed,Birthday,2023-08-02,Wedding,Kasserine,Tunisie,1,0.0,0.0,200,400,Venues de mariage privées
1786,3630.0,298,962,20000.0,0,confirmed,Corporate Event,2024-12-06,Wedding,Kasserine,Tunisie,3,0.0,0.0,200,400,Venues de mariage privées
9596,1770.0,298,962,25000.0,0,confirmed,Birthday,2022-12-29,Birthday,Kasserine,Tunisie,4,0.0,0.0,200,400,Venues de mariage privées
13993,6063.0,202,1983,21000.0,0,pending,Corporate Event,2022-09-14,Wedding,Kasserine,Tunisie,4,0.0,0.0,200,400,Venues de mariage privées
8986,4537.0,176,3661,20000.0,9,confirmed,Wedding,2022-05-01,Corporate,Kasserine,Tunisie,4,0.0,0.0,200,400,Venues de mariage privées
17773,8267.0,239,4101,25000.0,9,cancelled,Wedding,2024-05-17,Corporate,Kasserine,Tunisie,4,0.0,0.0,200,400,Venues de mariage privées
2522,832.0,176,3661,22000.0,10,cancelled,Birthday,2025-05-12,Wedding,Kasserine,Tunisie,5,0.0,0.0,200,400,Venues de mariage privées
12320,12227.0,155,66,12000.0,0,confirmed,Wedding,2024-03-04,Wedding,Kasserine,Tunisie,3,0.0,0.0,200,400,Venues de mariage privées
13931,5347.0,202,1983,15000.0,0,cancelled,Wedding,2023-12-05,Wedding,Kasserine,Tunisie,5,0.0,0.0,200,400,Venues de mariage privées
5545,313.0,42,3577,17000.0,10,confirmed,Birthday,2025-07-22,Wedding,Kasserine,Tunisie,1,0.0,0.0,200,400,Venues de mariage privées
16205,14931.0,252,1608,20000.0,9,confirmed,Birthday,2022-02-27,Corporate,Kasserine,Tunisie,2,0.0,0.0,200,400,Venues de mariage privées
13916,1880.0,42,3577,23000.0,0,cancelled,Corporate Event,2023-07-08,Wedding,Kasserine,Tunisie,4,0.0,0.0,200,400,Venues de mariage privées
14111,14244.0,249,22215,20000.0,9,pending,Birthday,2023-12-19,Corporate,Kasserine,Tunisie,3,0.0,0.0,200,400,Venues de mariage privées
11558,7432.0,239,4101,19000.0,0,pending,Birthday,2025-03-16,Birthday,Kasserine,Tunisie,2,0.0,0.0,200,400,Venues de mariage privées
15369,12545.0,126,4896,20000.0,0,pending,Corporate Event,2024-07-05,Birthday,Kasserine,Tunisie,4,0.0,0.0,200,400,Venues de mariage privées
2812,6106.0,252,1608,24000.0,10,confirmed,Corporate Event,2022-01-05,Wedding,Kasserine,Tunisie,3,0.0,0.0,200,400,Venues de mariage privées
2485,10316.0,298,962,26000.0,0,pending,Birthday,2024-08-21,Wedding,Kasserine,Tunisie,1,0.0,0.0,200,400,Venues de mariage privées
1694,13602.0,126,4896,23000.0,10,cancelled,Birthday,2023-04-17,Wedding,Kasserine,Tunisie,5,0.0,0.0,200,400,Venues de mariage privées
892,9144.0,229,3480,19000.0,0,confirmed,Wedding,2023-07-30,Wedding,Kasserine,Tunisie,4,0.0,0.0,200,400,Venues de mariage privées
12278,1207.0,176,3661,17000.0,10,pending,Corporate Event,2022-04-03,Wedding,Kasserine,Tunisie,2,0.0,0.0,200,400,Venues de mariage privées
4583,12318.0,203,1258,19000.0,10,pending,Wedding,2022-10-20,Wedding,Kasserine,Tunisie,3,0.0,0.0,200,400,Venues de mariage privées
13524,6005.0,42,3577,21000.0,0,pending,Wedding,2025-11-21,Wedding,Kasserine,Tunisie,2,0.0,0.0,200,400,Venues de mariage privées
795,3353.0,202,1983,23000.0,9,pending,Birthday,2025-12-05,Corporate,Kasserine,Tunisie,4,0.0,0.0,200,400,Venues de mariage privées
4555,1542.0,298,962,19000.0,10,cancelled,Corporate Event,2022-09-19,Wedding,Kasserine,Tunisie,3,0.0,0.0,200,400,Venues de mariage privées
8944,3775.0,176,3661,20000.0,0,confirmed,Birthday,2023-03-01,Wedding,Kasserine,Tunisie,1,0.0,0.0,200,400,Venues de mariage privées
5202,369.0,203,1258,20000.0,9,pending,Wedding,2024-10-13,Corporate,Kasserine,Tunisie,1,0.0,0.0,200,400,Venues de mariage privées
3062,7979.0,252,1608,12000.0,9,pending,Corporate Event,2024-07-18,Corporate,Kasserine,Tunisie,3,0.0,0.0,200,400,Venues de mariage privées
2175,12736.0,229,3480,22000.0,0,cancelled,Corporate Event,2024-08-22,Wedding,Kasserine,Tunisie,4,0.0,0.0,200,400,Venues de mariage privées
10730,71440.0,203,1417,12000.0,0,pending,Wedding,2025-02-21,Birthday,Kasserine,Tunisie,1,0.0,0.0,200,400,Venues de mariage privées
3450,7550.0,42,3577,24000.0,0,pending,Wedding,2022-11-14,Birthday,Kasserine,Tunisie,4,0.0,0.0,200,400,Venues de mariage privées
10028,8331.0,176,3661,15000.0,10,confirmed,Corporate Event,2024-02-04,Wedding,Kasserine,Tunisie,5,0.0,0.0,200,400,Venues de mariage privées
174,12087.0,203,1258,23000.0,9,pending,Corporate Event,2023-10-14,Corporate,Kasserine,Tunisie,5,0.0,0.0,200,400,Venues de mariage privées
2735,6647.0,229,3480,22000.0,10,confirmed,Birthday,2024-10-14,Wedding,Kasserine,Tunisie,2,0.0,0.0,200,400,Venues de mariage privées
9221,1770.0,203,1417,12000.0,9,cancelled,Birthday,2025-07-01,Corporate,Kasserine,Tunisie,4,0.0,0.0,200,400,Venues de mariage privées
2052,10136.0,126,4896,17000.0,0,pending,Wedding,2023-08-09,Birthday,Kasserine,Tunisie,3,0.0,0.0,200,400,Venues de mariage privées
15799,12592.0,249,22215,24000.0,0,confirmed,Wedding,2023-04-18,Wedding,Kasserine,Tunisie,2,0.0,0.0,200,400,Venues de mariage privées
15656,11519.0,239,4101,17000.0,0,confirmed,Wedding,2024-12-29,Wedding,Kasserine,Tunisie,5,0.0,0.0,200,400,Venues de mariage privées
823,120610.0,203,1258,20000.0,0,cancelled,Birthday,2025-01-23,Birthday,Kasserine,Tunisie,3,0.0,0.0,200,400,Venues de mariage privées
13070,1638.0,155,66,12000.0,10,pending,Birthday,2022-03-31,Wedding,Kasserine,Tunisie,1,0.0,0.0,200,400,Venues de mariage privées
3903,820.0,229,3480,22000.0,10,cancelled,Wedding,2022-01-03,Wedding,Kasserine,Tunisie,4,0.0,0.0,200,400,Venues de mariage privées
14595,2469.0,155,66,17000.0,10,pending,Wedding,2023-11-18,Wedding,Kasserine,Tunisie,4,0.0,0.0,200,400,Venues de mariage privées
12657,3357.0,203,1417,26000.0,0,confirmed,Corporate Event,2023-03-17,Birthday,Kasserine,Tunisie,2,0.0,0.0,200,400,Venues de mariage privées
14813,12220.0,203,1417,24000.0,9,pending,Corporate Event,2024-04-08,Corporate,Kasserine,Tunisie,2,0.0,0.0,200,400,Venues de mariage privées
13705,12365.0,229,3480,24000.0,10,pending,Wedding,2023-04-26,Wedding,Kasserine,Tunisie,2,0.0,0.0,200,400,Venues de mariage privées
2074,14253.0,155,66,26000.0,10,confirmed,Corporate Event,2023-12-24,Wedding,Kasserine,Tunisie,3,0.0,0.0,200,400,Venues de mariage privées
7177,8794.0,252,1608,22000.0,10,cancelled,Wedding,2025-02-01,Wedding,Kasserine,Tunisie,4,0.0,0.0,200,400,Venues de mariage privées
12559,9179.0,202,1983,12000.0,0,cancelled,Corporate Event,2024-01-09,Birthday,Kasserine,Tunisie,4,0.0,0.0,200,400,Venues de mariage privées
13633,11186.0,252,1608,21000.0,9,confirmed,Birthday,2022-04-21,Corporate,Kasserine,Tunisie,4,0.0,0.0,200,400,Venues de mariage privées
14150,7392.0,155,66,21000.0,0,confirmed,Corporate Event,2023-03-24,Birthday,Kasserine,Tunisie,2,0.0,0.0,200,400,Venues de mariage privées
5833,5267.0,155,66,15000.0,0,pending,Wedding,2022-12-17,Wedding,Kasserine,Tunisie,4,0.0,0.0,200,400,Venues de mariage privées
13045,6361.0,249,22215,20000.0,10,confirmed,Corporate Event,2023-12-15,Wedding,Kasserine,Tunisie,4,0.0,0.0,200,400,Venues de mariage privées
13805,3324.0,239,4101,26000.0,0,confirmed,Corporate Event,2023-01-05,Wedding,Kasserine,Tunisie,3,0.0,0.0,200,400,Venues de mariage privées
17042,13663.0,42,3577,13000.0,9,pending,Corporate Event,2025-10-27,Corporate,Kasserine,Tunisie,2,0.0,0.0,200,400,Venues de mariage privées
12234,13454.0,202,1983,17000.0,9,cancelled,Wedding,2024-12-29,Corporate,Kasserine,Tunisie,4,0.0,0.0,200,400,Venues de mariage privées
7791,46930.0,298,962,25000.0,0,confirmed,Birthday,2023-11-23,Birthday,Kasserine,Tunisie,4,0.0,0.0,200,400,Venues de mariage privées
4736,9883.0,176,3661,26000.0,10,confirmed,Birthday,2023-05-09,Wedding,Kasserine,Tunisie,4,0.0,0.0,200,400,Venues de mariage privées
16511,2719.0,126,4896,22000.0,0,pending,Wedding,2022-04-19,Wedding,Kasserine,Tunisie,1,0.0,0.0,200,400,Venues de mariage privées
12619,10050.0,298,962,26000.0,9,cancelled,Corporate Event,2022-10-16,Corporate,Kasserine,Tunisie,1,0.0,0.0,200,400,Venues de mariage privées
4201,6122.0,126,4896,23000.0,0,confirmed,Wedding,2025-08-31,Wedding,Kasserine,Tunisie,5,0.0,0.0,200,400,Venues de mariage privées
2043,9002.0,252,1608,23000.0,0,cancelled,Wedding,2023-10-10,Wedding,Kasserine,Tunisie,5,0.0,0.0,200,400,Venues de mariage privées
4003,7538.0,298,962,12000.0,9,pending,Corporate Event,2024-01-07,Corporate,Kasserine,Tunisie,4,0.0,0.0,200,400,Venues de mariage privées
16931,1811.0,155,66,15000.0,0,confirmed,Wedding,2023-01-09,Birthday,Kasserine,Tunisie,2,0.0,0.0,200,400,Venues de mariage privées
9872,6503.0,252,1608,20000.0,10,confirmed,Birthday,2025-08-30,Wedding,Kasserine,Tunisie,4,0.0,0.0,200,400,Venues de mariage privées
16518,6382.0,249,22215,23000.0,9,pending,Wedding,2024-09-30,Corporate,Kasserine,Tunisie,4,0.0,0.0,200,400,Venues de mariage privées
15894,751.0,298,962,12000.0,9,pending,Wedding,2025-02-16,Corporate,Kasserine,Tunisie,5,0.0,0.0,200,400,Venues de mariage privées
3991,7154.0,176,3661,21000.0,10,confirmed,Birthday,2025-08-24,Wedding,Kasserine,Tunisie,2,0.0,0.0,200,400,Venues de mariage privées
2294,10391.0,229,3480,21000.0,10,confirmed,Corporate Event,2022-08-25,Wedding,Kasserine,Tunisie,1,0.0,0.0,200,400,Venues de mariage privées
662,7124.0,203,1258,12000.0,0,confirmed,Corporate Event,2024-01-28,Birthday,Kasserine,Tunisie,4,0.0,0.0,200,400,Venues de mariage privées
17446,13104.0,252,1608,21000.0,10,cancelled,Wedding,2025-10-24,Wedding,Kasserine,Tunisie,5,0.0,0.0,200,400,Venues de mariage privées
17268,3634.0,298,962,21000.0,10,cancelled,Wedding,2022-11-21,Wedding,Kasserine,Tunisie,1,0.0,0.0,200,400,Venues de mariage privées
3110,7947.0,252,1608,20000.0,10,confirmed,Wedding,2024-01-15,Wedding,Kasserine,Tunisie,3,0.0,0.0,200,400,Venues de mariage privées
5329,5714.0,176,3661,15000.0,10,cancelled,Birthday,2024-03-25,Wedding,Kasserine,Tunisie,5,0.0,0.0,200,400,Venues de mariage privées
12271,5865.0,155,66,21000.0,0,confirmed,Birthday,2025-10-11,Wedding,Kasserine,Tunisie,1,0.0,0.0,200,400,Venues de mariage privées
7403,12880.0,126,4896,22000.0,0,confirmed,Corporate Event,2022-07-14,Wedding,Kasserine,Tunisie,1,0.0,0.0,200,400,Venues de mariage privées
742,3472.0,155,66,19000.0,0,confirmed,Wedding,2025-04-28,Wedding,Kasserine,Tunisie,4,0.0,0.0,200,400,Venues de mariage privées
17686,107420.0,155,66,22000.0,9,cancelled,Corporate Event,2023-11-03,Corporate,Kasserine,Tunisie,5,0.0,0.0,200,400,Venues de mariage privées
2402,14022.0,176,3661,15000.0,9,confirmed,Wedding,2023-11-07,Corporate,Kasserine,Tunisie,5,0.0,0.0,200,400,Venues de mariage privées
11140,13181.0,239,4101,13000.0,0,pending,Corporate Event,2022-07-24,Wedding,Kasserine,Tunisie,4,0.0,0.0,200,400,Venues de mariage privées
12485,6459.0,203,1258,19000.0,10,pending,Wedding,2025-08-26,Wedding,Kasserine,Tunisie,4,0.0,0.0,200,400,Venues de mariage privées
5939,11052.0,155,66,13000.0,10,pending,Birthday,2025-09-18,Wedding,Kasserine,Tunisie,4,0.0,0.0,200,400,Venues de mariage privées
3152,3218.0,249,22215,15000.0,0,cancelled,Corporate Event,2024-01-14,Wedding,Kasserine,Tunisie,1,0.0,0.0,200,400,Venues de mariage privées
8085,4789.0,252,1608,23000.0,10,confirmed,Corporate Event,2022-08-04,Wedding,Kasserine,Tunisie,2,0.0,0.0,200,400,Venues de mariage privées
1751,2029.0,249,22215,26000.0,0,cancelled,Birthday,2025-06-26,Wedding,Kasserine,Tunisie,1,0.0,0.0,200,400,Venues de mariage privées
12153,14591.0,252,1608,19000.0,10,pending,Birthday,2022-11-01,Wedding,Kasserine,Tunisie,5,0.0,0.0,200,400,Venues de mariage privées
6832,7209.0,229,3480,17000.0,0,confirmed,Birthday,2022-10-09,Wedding,Kasserine,Tunisie,2,0.0,0.0,200,400,Venues de mariage privées
