[2026-04-09T16:45:01.062+0000] {processor.py:161} INFO - Started process (PID=118) to work on /home/airflow/.local/lib/python3.8/site-packages/airflow/example_dags/plugins/listener_plugin.py
[2026-04-09T16:45:01.069+0000] {processor.py:830} INFO - Processing file /home/airflow/.local/lib/python3.8/site-packages/airflow/example_dags/plugins/listener_plugin.py for tasks to queue
[2026-04-09T16:45:01.072+0000] {logging_mixin.py:188} INFO - [2026-04-09T16:45:01.072+0000] {dagbag.py:538} INFO - Filling up the DagBag from /home/airflow/.local/lib/python3.8/site-packages/airflow/example_dags/plugins/listener_plugin.py
[2026-04-09T16:45:01.077+0000] {processor.py:842} WARNING - No viable dags retrieved from /home/airflow/.local/lib/python3.8/site-packages/airflow/example_dags/plugins/listener_plugin.py
[2026-04-09T16:45:01.104+0000] {processor.py:183} INFO - Processing /home/airflow/.local/lib/python3.8/site-packages/airflow/example_dags/plugins/listener_plugin.py took 0.049 seconds
[2026-04-09T16:45:31.270+0000] {processor.py:161} INFO - Started process (PID=174) to work on /home/airflow/.local/lib/python3.8/site-packages/airflow/example_dags/plugins/listener_plugin.py
[2026-04-09T16:45:31.272+0000] {processor.py:830} INFO - Processing file /home/airflow/.local/lib/python3.8/site-packages/airflow/example_dags/plugins/listener_plugin.py for tasks to queue
[2026-04-09T16:45:31.276+0000] {logging_mixin.py:188} INFO - [2026-04-09T16:45:31.275+0000] {dagbag.py:538} INFO - Filling up the DagBag from /home/airflow/.local/lib/python3.8/site-packages/airflow/example_dags/plugins/listener_plugin.py
[2026-04-09T16:45:31.281+0000] {processor.py:842} WARNING - No viable dags retrieved from /home/airflow/.local/lib/python3.8/site-packages/airflow/example_dags/plugins/listener_plugin.py
[2026-04-09T16:45:31.305+0000] {processor.py:183} INFO - Processing /home/airflow/.local/lib/python3.8/site-packages/airflow/example_dags/plugins/listener_plugin.py took 0.041 seconds
[2026-04-09T16:46:04.976+0000] {processor.py:161} INFO - Started process (PID=232) to work on /home/airflow/.local/lib/python3.8/site-packages/airflow/example_dags/plugins/listener_plugin.py
[2026-04-09T16:46:04.978+0000] {processor.py:830} INFO - Processing file /home/airflow/.local/lib/python3.8/site-packages/airflow/example_dags/plugins/listener_plugin.py for tasks to queue
[2026-04-09T16:46:04.983+0000] {logging_mixin.py:188} INFO - [2026-04-09T16:46:04.982+0000] {dagbag.py:538} INFO - Filling up the DagBag from /home/airflow/.local/lib/python3.8/site-packages/airflow/example_dags/plugins/listener_plugin.py
[2026-04-09T16:46:04.990+0000] {processor.py:842} WARNING - No viable dags retrieved from /home/airflow/.local/lib/python3.8/site-packages/airflow/example_dags/plugins/listener_plugin.py
[2026-04-09T16:46:05.019+0000] {processor.py:183} INFO - Processing /home/airflow/.local/lib/python3.8/site-packages/airflow/example_dags/plugins/listener_plugin.py took 0.050 seconds
[2026-04-09T16:46:35.405+0000] {processor.py:161} INFO - Started process (PID=288) to work on /home/airflow/.local/lib/python3.8/site-packages/airflow/example_dags/plugins/listener_plugin.py
[2026-04-09T16:46:35.407+0000] {processor.py:830} INFO - Processing file /home/airflow/.local/lib/python3.8/site-packages/airflow/example_dags/plugins/listener_plugin.py for tasks to queue
[2026-04-09T16:46:35.411+0000] {logging_mixin.py:188} INFO - [2026-04-09T16:46:35.410+0000] {dagbag.py:538} INFO - Filling up the DagBag from /home/airflow/.local/lib/python3.8/site-packages/airflow/example_dags/plugins/listener_plugin.py
[2026-04-09T16:46:35.417+0000] {processor.py:842} WARNING - No viable dags retrieved from /home/airflow/.local/lib/python3.8/site-packages/airflow/example_dags/plugins/listener_plugin.py
[2026-04-09T16:46:35.442+0000] {processor.py:183} INFO - Processing /home/airflow/.local/lib/python3.8/site-packages/airflow/example_dags/plugins/listener_plugin.py took 0.045 seconds
[2026-04-09T16:47:06.047+0000] {processor.py:161} INFO - Started process (PID=345) to work on /home/airflow/.local/lib/python3.8/site-packages/airflow/example_dags/plugins/listener_plugin.py
[2026-04-09T16:47:06.050+0000] {processor.py:830} INFO - Processing file /home/airflow/.local/lib/python3.8/site-packages/airflow/example_dags/plugins/listener_plugin.py for tasks to queue
[2026-04-09T16:47:06.056+0000] {logging_mixin.py:188} INFO - [2026-04-09T16:47:06.056+0000] {dagbag.py:538} INFO - Filling up the DagBag from /home/airflow/.local/lib/python3.8/site-packages/airflow/example_dags/plugins/listener_plugin.py
[2026-04-09T16:47:06.063+0000] {processor.py:842} WARNING - No viable dags retrieved from /home/airflow/.local/lib/python3.8/site-packages/airflow/example_dags/plugins/listener_plugin.py
[2026-04-09T16:47:06.092+0000] {processor.py:183} INFO - Processing /home/airflow/.local/lib/python3.8/site-packages/airflow/example_dags/plugins/listener_plugin.py took 0.053 seconds
[2026-04-09T16:47:36.288+0000] {processor.py:161} INFO - Started process (PID=401) to work on /home/airflow/.local/lib/python3.8/site-packages/airflow/example_dags/plugins/listener_plugin.py
[2026-04-09T16:47:36.290+0000] {processor.py:830} INFO - Processing file /home/airflow/.local/lib/python3.8/site-packages/airflow/example_dags/plugins/listener_plugin.py for tasks to queue
[2026-04-09T16:47:36.292+0000] {logging_mixin.py:188} INFO - [2026-04-09T16:47:36.292+0000] {dagbag.py:538} INFO - Filling up the DagBag from /home/airflow/.local/lib/python3.8/site-packages/airflow/example_dags/plugins/listener_plugin.py
[2026-04-09T16:47:36.297+0000] {processor.py:842} WARNING - No viable dags retrieved from /home/airflow/.local/lib/python3.8/site-packages/airflow/example_dags/plugins/listener_plugin.py
[2026-04-09T16:47:36.318+0000] {processor.py:183} INFO - Processing /home/airflow/.local/lib/python3.8/site-packages/airflow/example_dags/plugins/listener_plugin.py took 0.034 seconds
[2026-04-09T16:48:08.255+0000] {processor.py:161} INFO - Started process (PID=464) to work on /home/airflow/.local/lib/python3.8/site-packages/airflow/example_dags/plugins/listener_plugin.py
[2026-04-09T16:48:08.257+0000] {processor.py:830} INFO - Processing file /home/airflow/.local/lib/python3.8/site-packages/airflow/example_dags/plugins/listener_plugin.py for tasks to queue
[2026-04-09T16:48:08.261+0000] {logging_mixin.py:188} INFO - [2026-04-09T16:48:08.260+0000] {dagbag.py:538} INFO - Filling up the DagBag from /home/airflow/.local/lib/python3.8/site-packages/airflow/example_dags/plugins/listener_plugin.py
[2026-04-09T16:48:08.268+0000] {processor.py:842} WARNING - No viable dags retrieved from /home/airflow/.local/lib/python3.8/site-packages/airflow/example_dags/plugins/listener_plugin.py
[2026-04-09T16:48:08.302+0000] {processor.py:183} INFO - Processing /home/airflow/.local/lib/python3.8/site-packages/airflow/example_dags/plugins/listener_plugin.py took 0.056 seconds
[2026-04-09T16:48:38.590+0000] {processor.py:161} INFO - Started process (PID=520) to work on /home/airflow/.local/lib/python3.8/site-packages/airflow/example_dags/plugins/listener_plugin.py
[2026-04-09T16:48:38.596+0000] {processor.py:830} INFO - Processing file /home/airflow/.local/lib/python3.8/site-packages/airflow/example_dags/plugins/listener_plugin.py for tasks to queue
[2026-04-09T16:48:38.601+0000] {logging_mixin.py:188} INFO - [2026-04-09T16:48:38.600+0000] {dagbag.py:538} INFO - Filling up the DagBag from /home/airflow/.local/lib/python3.8/site-packages/airflow/example_dags/plugins/listener_plugin.py
[2026-04-09T16:48:38.615+0000] {processor.py:842} WARNING - No viable dags retrieved from /home/airflow/.local/lib/python3.8/site-packages/airflow/example_dags/plugins/listener_plugin.py
[2026-04-09T16:48:38.660+0000] {processor.py:183} INFO - Processing /home/airflow/.local/lib/python3.8/site-packages/airflow/example_dags/plugins/listener_plugin.py took 0.080 seconds
[2026-04-09T16:49:10.557+0000] {processor.py:161} INFO - Started process (PID=576) to work on /home/airflow/.local/lib/python3.8/site-packages/airflow/example_dags/plugins/listener_plugin.py
[2026-04-09T16:49:10.559+0000] {processor.py:830} INFO - Processing file /home/airflow/.local/lib/python3.8/site-packages/airflow/example_dags/plugins/listener_plugin.py for tasks to queue
[2026-04-09T16:49:10.563+0000] {logging_mixin.py:188} INFO - [2026-04-09T16:49:10.563+0000] {dagbag.py:538} INFO - Filling up the DagBag from /home/airflow/.local/lib/python3.8/site-packages/airflow/example_dags/plugins/listener_plugin.py
[2026-04-09T16:49:10.572+0000] {processor.py:842} WARNING - No viable dags retrieved from /home/airflow/.local/lib/python3.8/site-packages/airflow/example_dags/plugins/listener_plugin.py
[2026-04-09T16:49:10.609+0000] {processor.py:183} INFO - Processing /home/airflow/.local/lib/python3.8/site-packages/airflow/example_dags/plugins/listener_plugin.py took 0.061 seconds
[2026-04-09T16:49:40.827+0000] {processor.py:161} INFO - Started process (PID=633) to work on /home/airflow/.local/lib/python3.8/site-packages/airflow/example_dags/plugins/listener_plugin.py
[2026-04-09T16:49:40.829+0000] {processor.py:830} INFO - Processing file /home/airflow/.local/lib/python3.8/site-packages/airflow/example_dags/plugins/listener_plugin.py for tasks to queue
[2026-04-09T16:49:40.832+0000] {logging_mixin.py:188} INFO - [2026-04-09T16:49:40.832+0000] {dagbag.py:538} INFO - Filling up the DagBag from /home/airflow/.local/lib/python3.8/site-packages/airflow/example_dags/plugins/listener_plugin.py
[2026-04-09T16:49:40.837+0000] {processor.py:842} WARNING - No viable dags retrieved from /home/airflow/.local/lib/python3.8/site-packages/airflow/example_dags/plugins/listener_plugin.py
[2026-04-09T16:49:40.861+0000] {processor.py:183} INFO - Processing /home/airflow/.local/lib/python3.8/site-packages/airflow/example_dags/plugins/listener_plugin.py took 0.040 seconds
[2026-04-09T16:50:11.708+0000] {processor.py:161} INFO - Started process (PID=689) to work on /home/airflow/.local/lib/python3.8/site-packages/airflow/example_dags/plugins/listener_plugin.py
[2026-04-09T16:50:11.710+0000] {processor.py:830} INFO - Processing file /home/airflow/.local/lib/python3.8/site-packages/airflow/example_dags/plugins/listener_plugin.py for tasks to queue
[2026-04-09T16:50:11.714+0000] {logging_mixin.py:188} INFO - [2026-04-09T16:50:11.714+0000] {dagbag.py:538} INFO - Filling up the DagBag from /home/airflow/.local/lib/python3.8/site-packages/airflow/example_dags/plugins/listener_plugin.py
[2026-04-09T16:50:11.720+0000] {processor.py:842} WARNING - No viable dags retrieved from /home/airflow/.local/lib/python3.8/site-packages/airflow/example_dags/plugins/listener_plugin.py
[2026-04-09T16:50:11.747+0000] {processor.py:183} INFO - Processing /home/airflow/.local/lib/python3.8/site-packages/airflow/example_dags/plugins/listener_plugin.py took 0.045 seconds
[2026-04-09T16:50:42.417+0000] {processor.py:161} INFO - Started process (PID=748) to work on /home/airflow/.local/lib/python3.8/site-packages/airflow/example_dags/plugins/listener_plugin.py
[2026-04-09T16:50:42.419+0000] {processor.py:830} INFO - Processing file /home/airflow/.local/lib/python3.8/site-packages/airflow/example_dags/plugins/listener_plugin.py for tasks to queue
[2026-04-09T16:50:42.422+0000] {logging_mixin.py:188} INFO - [2026-04-09T16:50:42.421+0000] {dagbag.py:538} INFO - Filling up the DagBag from /home/airflow/.local/lib/python3.8/site-packages/airflow/example_dags/plugins/listener_plugin.py
[2026-04-09T16:50:42.427+0000] {processor.py:842} WARNING - No viable dags retrieved from /home/airflow/.local/lib/python3.8/site-packages/airflow/example_dags/plugins/listener_plugin.py
[2026-04-09T16:50:42.450+0000] {processor.py:183} INFO - Processing /home/airflow/.local/lib/python3.8/site-packages/airflow/example_dags/plugins/listener_plugin.py took 0.038 seconds
[2026-04-09T16:51:13.345+0000] {processor.py:161} INFO - Started process (PID=805) to work on /home/airflow/.local/lib/python3.8/site-packages/airflow/example_dags/plugins/listener_plugin.py
[2026-04-09T16:51:13.346+0000] {processor.py:830} INFO - Processing file /home/airflow/.local/lib/python3.8/site-packages/airflow/example_dags/plugins/listener_plugin.py for tasks to queue
[2026-04-09T16:51:13.349+0000] {logging_mixin.py:188} INFO - [2026-04-09T16:51:13.349+0000] {dagbag.py:538} INFO - Filling up the DagBag from /home/airflow/.local/lib/python3.8/site-packages/airflow/example_dags/plugins/listener_plugin.py
[2026-04-09T16:51:13.353+0000] {processor.py:842} WARNING - No viable dags retrieved from /home/airflow/.local/lib/python3.8/site-packages/airflow/example_dags/plugins/listener_plugin.py
[2026-04-09T16:51:13.371+0000] {processor.py:183} INFO - Processing /home/airflow/.local/lib/python3.8/site-packages/airflow/example_dags/plugins/listener_plugin.py took 0.030 seconds
[2026-04-09T16:51:43.818+0000] {processor.py:161} INFO - Started process (PID=862) to work on /home/airflow/.local/lib/python3.8/site-packages/airflow/example_dags/plugins/listener_plugin.py
[2026-04-09T16:51:43.819+0000] {processor.py:830} INFO - Processing file /home/airflow/.local/lib/python3.8/site-packages/airflow/example_dags/plugins/listener_plugin.py for tasks to queue
[2026-04-09T16:51:43.822+0000] {logging_mixin.py:188} INFO - [2026-04-09T16:51:43.821+0000] {dagbag.py:538} INFO - Filling up the DagBag from /home/airflow/.local/lib/python3.8/site-packages/airflow/example_dags/plugins/listener_plugin.py
[2026-04-09T16:51:43.824+0000] {processor.py:842} WARNING - No viable dags retrieved from /home/airflow/.local/lib/python3.8/site-packages/airflow/example_dags/plugins/listener_plugin.py
[2026-04-09T16:51:43.841+0000] {processor.py:183} INFO - Processing /home/airflow/.local/lib/python3.8/site-packages/airflow/example_dags/plugins/listener_plugin.py took 0.027 seconds
[2026-04-09T16:52:14.209+0000] {processor.py:161} INFO - Started process (PID=919) to work on /home/airflow/.local/lib/python3.8/site-packages/airflow/example_dags/plugins/listener_plugin.py
[2026-04-09T16:52:14.210+0000] {processor.py:830} INFO - Processing file /home/airflow/.local/lib/python3.8/site-packages/airflow/example_dags/plugins/listener_plugin.py for tasks to queue
[2026-04-09T16:52:14.212+0000] {logging_mixin.py:188} INFO - [2026-04-09T16:52:14.212+0000] {dagbag.py:538} INFO - Filling up the DagBag from /home/airflow/.local/lib/python3.8/site-packages/airflow/example_dags/plugins/listener_plugin.py
[2026-04-09T16:52:14.216+0000] {processor.py:842} WARNING - No viable dags retrieved from /home/airflow/.local/lib/python3.8/site-packages/airflow/example_dags/plugins/listener_plugin.py
[2026-04-09T16:52:14.235+0000] {processor.py:183} INFO - Processing /home/airflow/.local/lib/python3.8/site-packages/airflow/example_dags/plugins/listener_plugin.py took 0.030 seconds
[2026-04-09T16:52:44.438+0000] {processor.py:161} INFO - Started process (PID=976) to work on /home/airflow/.local/lib/python3.8/site-packages/airflow/example_dags/plugins/listener_plugin.py
[2026-04-09T16:52:44.440+0000] {processor.py:830} INFO - Processing file /home/airflow/.local/lib/python3.8/site-packages/airflow/example_dags/plugins/listener_plugin.py for tasks to queue
[2026-04-09T16:52:44.442+0000] {logging_mixin.py:188} INFO - [2026-04-09T16:52:44.441+0000] {dagbag.py:538} INFO - Filling up the DagBag from /home/airflow/.local/lib/python3.8/site-packages/airflow/example_dags/plugins/listener_plugin.py
[2026-04-09T16:52:44.446+0000] {processor.py:842} WARNING - No viable dags retrieved from /home/airflow/.local/lib/python3.8/site-packages/airflow/example_dags/plugins/listener_plugin.py
[2026-04-09T16:52:44.463+0000] {processor.py:183} INFO - Processing /home/airflow/.local/lib/python3.8/site-packages/airflow/example_dags/plugins/listener_plugin.py took 0.029 seconds
[2026-04-09T16:53:14.779+0000] {processor.py:161} INFO - Started process (PID=1032) to work on /home/airflow/.local/lib/python3.8/site-packages/airflow/example_dags/plugins/listener_plugin.py
[2026-04-09T16:53:14.780+0000] {processor.py:830} INFO - Processing file /home/airflow/.local/lib/python3.8/site-packages/airflow/example_dags/plugins/listener_plugin.py for tasks to queue
[2026-04-09T16:53:14.782+0000] {logging_mixin.py:188} INFO - [2026-04-09T16:53:14.782+0000] {dagbag.py:538} INFO - Filling up the DagBag from /home/airflow/.local/lib/python3.8/site-packages/airflow/example_dags/plugins/listener_plugin.py
[2026-04-09T16:53:14.786+0000] {processor.py:842} WARNING - No viable dags retrieved from /home/airflow/.local/lib/python3.8/site-packages/airflow/example_dags/plugins/listener_plugin.py
[2026-04-09T16:53:14.804+0000] {processor.py:183} INFO - Processing /home/airflow/.local/lib/python3.8/site-packages/airflow/example_dags/plugins/listener_plugin.py took 0.029 seconds
[2026-04-09T16:53:45.349+0000] {processor.py:161} INFO - Started process (PID=1090) to work on /home/airflow/.local/lib/python3.8/site-packages/airflow/example_dags/plugins/listener_plugin.py
[2026-04-09T16:53:45.351+0000] {processor.py:830} INFO - Processing file /home/airflow/.local/lib/python3.8/site-packages/airflow/example_dags/plugins/listener_plugin.py for tasks to queue
[2026-04-09T16:53:45.353+0000] {logging_mixin.py:188} INFO - [2026-04-09T16:53:45.353+0000] {dagbag.py:538} INFO - Filling up the DagBag from /home/airflow/.local/lib/python3.8/site-packages/airflow/example_dags/plugins/listener_plugin.py
[2026-04-09T16:53:45.357+0000] {processor.py:842} WARNING - No viable dags retrieved from /home/airflow/.local/lib/python3.8/site-packages/airflow/example_dags/plugins/listener_plugin.py
[2026-04-09T16:53:45.374+0000] {processor.py:183} INFO - Processing /home/airflow/.local/lib/python3.8/site-packages/airflow/example_dags/plugins/listener_plugin.py took 0.029 seconds
[2026-04-09T16:54:15.671+0000] {processor.py:161} INFO - Started process (PID=1147) to work on /home/airflow/.local/lib/python3.8/site-packages/airflow/example_dags/plugins/listener_plugin.py
[2026-04-09T16:54:15.673+0000] {processor.py:830} INFO - Processing file /home/airflow/.local/lib/python3.8/site-packages/airflow/example_dags/plugins/listener_plugin.py for tasks to queue
[2026-04-09T16:54:15.675+0000] {logging_mixin.py:188} INFO - [2026-04-09T16:54:15.675+0000] {dagbag.py:538} INFO - Filling up the DagBag from /home/airflow/.local/lib/python3.8/site-packages/airflow/example_dags/plugins/listener_plugin.py
[2026-04-09T16:54:15.678+0000] {processor.py:842} WARNING - No viable dags retrieved from /home/airflow/.local/lib/python3.8/site-packages/airflow/example_dags/plugins/listener_plugin.py
[2026-04-09T16:54:15.694+0000] {processor.py:183} INFO - Processing /home/airflow/.local/lib/python3.8/site-packages/airflow/example_dags/plugins/listener_plugin.py took 0.026 seconds
[2026-04-09T16:54:46.012+0000] {processor.py:161} INFO - Started process (PID=1204) to work on /home/airflow/.local/lib/python3.8/site-packages/airflow/example_dags/plugins/listener_plugin.py
[2026-04-09T16:54:46.014+0000] {processor.py:830} INFO - Processing file /home/airflow/.local/lib/python3.8/site-packages/airflow/example_dags/plugins/listener_plugin.py for tasks to queue
[2026-04-09T16:54:46.016+0000] {logging_mixin.py:188} INFO - [2026-04-09T16:54:46.016+0000] {dagbag.py:538} INFO - Filling up the DagBag from /home/airflow/.local/lib/python3.8/site-packages/airflow/example_dags/plugins/listener_plugin.py
[2026-04-09T16:54:46.019+0000] {processor.py:842} WARNING - No viable dags retrieved from /home/airflow/.local/lib/python3.8/site-packages/airflow/example_dags/plugins/listener_plugin.py
[2026-04-09T16:54:46.036+0000] {processor.py:183} INFO - Processing /home/airflow/.local/lib/python3.8/site-packages/airflow/example_dags/plugins/listener_plugin.py took 0.028 seconds
[2026-04-09T16:55:16.261+0000] {processor.py:161} INFO - Started process (PID=1261) to work on /home/airflow/.local/lib/python3.8/site-packages/airflow/example_dags/plugins/listener_plugin.py
[2026-04-09T16:55:16.264+0000] {processor.py:830} INFO - Processing file /home/airflow/.local/lib/python3.8/site-packages/airflow/example_dags/plugins/listener_plugin.py for tasks to queue
[2026-04-09T16:55:16.266+0000] {logging_mixin.py:188} INFO - [2026-04-09T16:55:16.266+0000] {dagbag.py:538} INFO - Filling up the DagBag from /home/airflow/.local/lib/python3.8/site-packages/airflow/example_dags/plugins/listener_plugin.py
[2026-04-09T16:55:16.269+0000] {processor.py:842} WARNING - No viable dags retrieved from /home/airflow/.local/lib/python3.8/site-packages/airflow/example_dags/plugins/listener_plugin.py
[2026-04-09T16:55:16.288+0000] {processor.py:183} INFO - Processing /home/airflow/.local/lib/python3.8/site-packages/airflow/example_dags/plugins/listener_plugin.py took 0.030 seconds
[2026-04-09T16:55:46.842+0000] {processor.py:161} INFO - Started process (PID=1318) to work on /home/airflow/.local/lib/python3.8/site-packages/airflow/example_dags/plugins/listener_plugin.py
[2026-04-09T16:55:46.843+0000] {processor.py:830} INFO - Processing file /home/airflow/.local/lib/python3.8/site-packages/airflow/example_dags/plugins/listener_plugin.py for tasks to queue
[2026-04-09T16:55:46.846+0000] {logging_mixin.py:188} INFO - [2026-04-09T16:55:46.845+0000] {dagbag.py:538} INFO - Filling up the DagBag from /home/airflow/.local/lib/python3.8/site-packages/airflow/example_dags/plugins/listener_plugin.py
[2026-04-09T16:55:46.849+0000] {processor.py:842} WARNING - No viable dags retrieved from /home/airflow/.local/lib/python3.8/site-packages/airflow/example_dags/plugins/listener_plugin.py
[2026-04-09T16:55:46.866+0000] {processor.py:183} INFO - Processing /home/airflow/.local/lib/python3.8/site-packages/airflow/example_dags/plugins/listener_plugin.py took 0.027 seconds
[2026-04-09T16:56:17.277+0000] {processor.py:161} INFO - Started process (PID=1376) to work on /home/airflow/.local/lib/python3.8/site-packages/airflow/example_dags/plugins/listener_plugin.py
[2026-04-09T16:56:17.279+0000] {processor.py:830} INFO - Processing file /home/airflow/.local/lib/python3.8/site-packages/airflow/example_dags/plugins/listener_plugin.py for tasks to queue
[2026-04-09T16:56:17.281+0000] {logging_mixin.py:188} INFO - [2026-04-09T16:56:17.281+0000] {dagbag.py:538} INFO - Filling up the DagBag from /home/airflow/.local/lib/python3.8/site-packages/airflow/example_dags/plugins/listener_plugin.py
[2026-04-09T16:56:17.284+0000] {processor.py:842} WARNING - No viable dags retrieved from /home/airflow/.local/lib/python3.8/site-packages/airflow/example_dags/plugins/listener_plugin.py
[2026-04-09T16:56:17.301+0000] {processor.py:183} INFO - Processing /home/airflow/.local/lib/python3.8/site-packages/airflow/example_dags/plugins/listener_plugin.py took 0.029 seconds
[2026-04-09T16:56:47.619+0000] {processor.py:161} INFO - Started process (PID=1433) to work on /home/airflow/.local/lib/python3.8/site-packages/airflow/example_dags/plugins/listener_plugin.py
[2026-04-09T16:56:47.620+0000] {processor.py:830} INFO - Processing file /home/airflow/.local/lib/python3.8/site-packages/airflow/example_dags/plugins/listener_plugin.py for tasks to queue
[2026-04-09T16:56:47.622+0000] {logging_mixin.py:188} INFO - [2026-04-09T16:56:47.622+0000] {dagbag.py:538} INFO - Filling up the DagBag from /home/airflow/.local/lib/python3.8/site-packages/airflow/example_dags/plugins/listener_plugin.py
[2026-04-09T16:56:47.626+0000] {processor.py:842} WARNING - No viable dags retrieved from /home/airflow/.local/lib/python3.8/site-packages/airflow/example_dags/plugins/listener_plugin.py
[2026-04-09T16:56:47.641+0000] {processor.py:183} INFO - Processing /home/airflow/.local/lib/python3.8/site-packages/airflow/example_dags/plugins/listener_plugin.py took 0.027 seconds
[2026-04-09T16:57:18.010+0000] {processor.py:161} INFO - Started process (PID=1490) to work on /home/airflow/.local/lib/python3.8/site-packages/airflow/example_dags/plugins/listener_plugin.py
[2026-04-09T16:57:18.012+0000] {processor.py:830} INFO - Processing file /home/airflow/.local/lib/python3.8/site-packages/airflow/example_dags/plugins/listener_plugin.py for tasks to queue
[2026-04-09T16:57:18.014+0000] {logging_mixin.py:188} INFO - [2026-04-09T16:57:18.013+0000] {dagbag.py:538} INFO - Filling up the DagBag from /home/airflow/.local/lib/python3.8/site-packages/airflow/example_dags/plugins/listener_plugin.py
[2026-04-09T16:57:18.017+0000] {processor.py:842} WARNING - No viable dags retrieved from /home/airflow/.local/lib/python3.8/site-packages/airflow/example_dags/plugins/listener_plugin.py
[2026-04-09T16:57:18.034+0000] {processor.py:183} INFO - Processing /home/airflow/.local/lib/python3.8/site-packages/airflow/example_dags/plugins/listener_plugin.py took 0.028 seconds
[2026-04-09T16:57:48.634+0000] {processor.py:161} INFO - Started process (PID=1547) to work on /home/airflow/.local/lib/python3.8/site-packages/airflow/example_dags/plugins/listener_plugin.py
[2026-04-09T16:57:48.635+0000] {processor.py:830} INFO - Processing file /home/airflow/.local/lib/python3.8/site-packages/airflow/example_dags/plugins/listener_plugin.py for tasks to queue
[2026-04-09T16:57:48.638+0000] {logging_mixin.py:188} INFO - [2026-04-09T16:57:48.637+0000] {dagbag.py:538} INFO - Filling up the DagBag from /home/airflow/.local/lib/python3.8/site-packages/airflow/example_dags/plugins/listener_plugin.py
[2026-04-09T16:57:48.641+0000] {processor.py:842} WARNING - No viable dags retrieved from /home/airflow/.local/lib/python3.8/site-packages/airflow/example_dags/plugins/listener_plugin.py
[2026-04-09T16:57:48.656+0000] {processor.py:183} INFO - Processing /home/airflow/.local/lib/python3.8/site-packages/airflow/example_dags/plugins/listener_plugin.py took 0.026 seconds
[2026-04-09T16:58:18.908+0000] {processor.py:161} INFO - Started process (PID=1604) to work on /home/airflow/.local/lib/python3.8/site-packages/airflow/example_dags/plugins/listener_plugin.py
[2026-04-09T16:58:18.909+0000] {processor.py:830} INFO - Processing file /home/airflow/.local/lib/python3.8/site-packages/airflow/example_dags/plugins/listener_plugin.py for tasks to queue
[2026-04-09T16:58:18.911+0000] {logging_mixin.py:188} INFO - [2026-04-09T16:58:18.911+0000] {dagbag.py:538} INFO - Filling up the DagBag from /home/airflow/.local/lib/python3.8/site-packages/airflow/example_dags/plugins/listener_plugin.py
[2026-04-09T16:58:18.914+0000] {processor.py:842} WARNING - No viable dags retrieved from /home/airflow/.local/lib/python3.8/site-packages/airflow/example_dags/plugins/listener_plugin.py
[2026-04-09T16:58:18.934+0000] {processor.py:183} INFO - Processing /home/airflow/.local/lib/python3.8/site-packages/airflow/example_dags/plugins/listener_plugin.py took 0.031 seconds
[2026-04-09T16:58:49.435+0000] {processor.py:161} INFO - Started process (PID=1661) to work on /home/airflow/.local/lib/python3.8/site-packages/airflow/example_dags/plugins/listener_plugin.py
[2026-04-09T16:58:49.437+0000] {processor.py:830} INFO - Processing file /home/airflow/.local/lib/python3.8/site-packages/airflow/example_dags/plugins/listener_plugin.py for tasks to queue
[2026-04-09T16:58:49.440+0000] {logging_mixin.py:188} INFO - [2026-04-09T16:58:49.439+0000] {dagbag.py:538} INFO - Filling up the DagBag from /home/airflow/.local/lib/python3.8/site-packages/airflow/example_dags/plugins/listener_plugin.py
[2026-04-09T16:58:49.444+0000] {processor.py:842} WARNING - No viable dags retrieved from /home/airflow/.local/lib/python3.8/site-packages/airflow/example_dags/plugins/listener_plugin.py
[2026-04-09T16:58:49.466+0000] {processor.py:183} INFO - Processing /home/airflow/.local/lib/python3.8/site-packages/airflow/example_dags/plugins/listener_plugin.py took 0.036 seconds
[2026-04-09T16:59:19.927+0000] {processor.py:161} INFO - Started process (PID=1718) to work on /home/airflow/.local/lib/python3.8/site-packages/airflow/example_dags/plugins/listener_plugin.py
[2026-04-09T16:59:19.928+0000] {processor.py:830} INFO - Processing file /home/airflow/.local/lib/python3.8/site-packages/airflow/example_dags/plugins/listener_plugin.py for tasks to queue
[2026-04-09T16:59:19.930+0000] {logging_mixin.py:188} INFO - [2026-04-09T16:59:19.929+0000] {dagbag.py:538} INFO - Filling up the DagBag from /home/airflow/.local/lib/python3.8/site-packages/airflow/example_dags/plugins/listener_plugin.py
[2026-04-09T16:59:19.933+0000] {processor.py:842} WARNING - No viable dags retrieved from /home/airflow/.local/lib/python3.8/site-packages/airflow/example_dags/plugins/listener_plugin.py
[2026-04-09T16:59:19.948+0000] {processor.py:183} INFO - Processing /home/airflow/.local/lib/python3.8/site-packages/airflow/example_dags/plugins/listener_plugin.py took 0.025 seconds
[2026-04-09T16:59:50.261+0000] {processor.py:161} INFO - Started process (PID=1775) to work on /home/airflow/.local/lib/python3.8/site-packages/airflow/example_dags/plugins/listener_plugin.py
[2026-04-09T16:59:50.262+0000] {processor.py:830} INFO - Processing file /home/airflow/.local/lib/python3.8/site-packages/airflow/example_dags/plugins/listener_plugin.py for tasks to queue
[2026-04-09T16:59:50.264+0000] {logging_mixin.py:188} INFO - [2026-04-09T16:59:50.264+0000] {dagbag.py:538} INFO - Filling up the DagBag from /home/airflow/.local/lib/python3.8/site-packages/airflow/example_dags/plugins/listener_plugin.py
[2026-04-09T16:59:50.268+0000] {processor.py:842} WARNING - No viable dags retrieved from /home/airflow/.local/lib/python3.8/site-packages/airflow/example_dags/plugins/listener_plugin.py
[2026-04-09T16:59:50.284+0000] {processor.py:183} INFO - Processing /home/airflow/.local/lib/python3.8/site-packages/airflow/example_dags/plugins/listener_plugin.py took 0.027 seconds
[2026-04-09T17:00:20.667+0000] {processor.py:161} INFO - Started process (PID=1832) to work on /home/airflow/.local/lib/python3.8/site-packages/airflow/example_dags/plugins/listener_plugin.py
[2026-04-09T17:00:20.668+0000] {processor.py:830} INFO - Processing file /home/airflow/.local/lib/python3.8/site-packages/airflow/example_dags/plugins/listener_plugin.py for tasks to queue
[2026-04-09T17:00:20.670+0000] {logging_mixin.py:188} INFO - [2026-04-09T17:00:20.670+0000] {dagbag.py:538} INFO - Filling up the DagBag from /home/airflow/.local/lib/python3.8/site-packages/airflow/example_dags/plugins/listener_plugin.py
[2026-04-09T17:00:20.673+0000] {processor.py:842} WARNING - No viable dags retrieved from /home/airflow/.local/lib/python3.8/site-packages/airflow/example_dags/plugins/listener_plugin.py
[2026-04-09T17:00:20.689+0000] {processor.py:183} INFO - Processing /home/airflow/.local/lib/python3.8/site-packages/airflow/example_dags/plugins/listener_plugin.py took 0.027 seconds
[2026-04-09T17:00:51.059+0000] {processor.py:161} INFO - Started process (PID=1889) to work on /home/airflow/.local/lib/python3.8/site-packages/airflow/example_dags/plugins/listener_plugin.py
[2026-04-09T17:00:51.060+0000] {processor.py:830} INFO - Processing file /home/airflow/.local/lib/python3.8/site-packages/airflow/example_dags/plugins/listener_plugin.py for tasks to queue
[2026-04-09T17:00:51.062+0000] {logging_mixin.py:188} INFO - [2026-04-09T17:00:51.062+0000] {dagbag.py:538} INFO - Filling up the DagBag from /home/airflow/.local/lib/python3.8/site-packages/airflow/example_dags/plugins/listener_plugin.py
[2026-04-09T17:00:51.066+0000] {processor.py:842} WARNING - No viable dags retrieved from /home/airflow/.local/lib/python3.8/site-packages/airflow/example_dags/plugins/listener_plugin.py
[2026-04-09T17:00:51.084+0000] {processor.py:183} INFO - Processing /home/airflow/.local/lib/python3.8/site-packages/airflow/example_dags/plugins/listener_plugin.py took 0.028 seconds
[2026-04-09T17:01:21.257+0000] {processor.py:161} INFO - Started process (PID=1945) to work on /home/airflow/.local/lib/python3.8/site-packages/airflow/example_dags/plugins/listener_plugin.py
[2026-04-09T17:01:21.258+0000] {processor.py:830} INFO - Processing file /home/airflow/.local/lib/python3.8/site-packages/airflow/example_dags/plugins/listener_plugin.py for tasks to queue
[2026-04-09T17:01:21.260+0000] {logging_mixin.py:188} INFO - [2026-04-09T17:01:21.260+0000] {dagbag.py:538} INFO - Filling up the DagBag from /home/airflow/.local/lib/python3.8/site-packages/airflow/example_dags/plugins/listener_plugin.py
[2026-04-09T17:01:21.263+0000] {processor.py:842} WARNING - No viable dags retrieved from /home/airflow/.local/lib/python3.8/site-packages/airflow/example_dags/plugins/listener_plugin.py
[2026-04-09T17:01:21.279+0000] {processor.py:183} INFO - Processing /home/airflow/.local/lib/python3.8/site-packages/airflow/example_dags/plugins/listener_plugin.py took 0.027 seconds
[2026-04-09T17:01:51.894+0000] {processor.py:161} INFO - Started process (PID=2003) to work on /home/airflow/.local/lib/python3.8/site-packages/airflow/example_dags/plugins/listener_plugin.py
[2026-04-09T17:01:51.895+0000] {processor.py:830} INFO - Processing file /home/airflow/.local/lib/python3.8/site-packages/airflow/example_dags/plugins/listener_plugin.py for tasks to queue
[2026-04-09T17:01:51.897+0000] {logging_mixin.py:188} INFO - [2026-04-09T17:01:51.897+0000] {dagbag.py:538} INFO - Filling up the DagBag from /home/airflow/.local/lib/python3.8/site-packages/airflow/example_dags/plugins/listener_plugin.py
[2026-04-09T17:01:51.900+0000] {processor.py:842} WARNING - No viable dags retrieved from /home/airflow/.local/lib/python3.8/site-packages/airflow/example_dags/plugins/listener_plugin.py
[2026-04-09T17:01:51.917+0000] {processor.py:183} INFO - Processing /home/airflow/.local/lib/python3.8/site-packages/airflow/example_dags/plugins/listener_plugin.py took 0.027 seconds
[2026-04-09T17:02:22.424+0000] {processor.py:161} INFO - Started process (PID=2060) to work on /home/airflow/.local/lib/python3.8/site-packages/airflow/example_dags/plugins/listener_plugin.py
[2026-04-09T17:02:22.426+0000] {processor.py:830} INFO - Processing file /home/airflow/.local/lib/python3.8/site-packages/airflow/example_dags/plugins/listener_plugin.py for tasks to queue
[2026-04-09T17:02:22.428+0000] {logging_mixin.py:188} INFO - [2026-04-09T17:02:22.428+0000] {dagbag.py:538} INFO - Filling up the DagBag from /home/airflow/.local/lib/python3.8/site-packages/airflow/example_dags/plugins/listener_plugin.py
[2026-04-09T17:02:22.431+0000] {processor.py:842} WARNING - No viable dags retrieved from /home/airflow/.local/lib/python3.8/site-packages/airflow/example_dags/plugins/listener_plugin.py
[2026-04-09T17:02:22.448+0000] {processor.py:183} INFO - Processing /home/airflow/.local/lib/python3.8/site-packages/airflow/example_dags/plugins/listener_plugin.py took 0.028 seconds
[2026-04-09T17:02:53.519+0000] {processor.py:161} INFO - Started process (PID=2117) to work on /home/airflow/.local/lib/python3.8/site-packages/airflow/example_dags/plugins/listener_plugin.py
[2026-04-09T17:02:53.521+0000] {processor.py:830} INFO - Processing file /home/airflow/.local/lib/python3.8/site-packages/airflow/example_dags/plugins/listener_plugin.py for tasks to queue
[2026-04-09T17:02:53.523+0000] {logging_mixin.py:188} INFO - [2026-04-09T17:02:53.522+0000] {dagbag.py:538} INFO - Filling up the DagBag from /home/airflow/.local/lib/python3.8/site-packages/airflow/example_dags/plugins/listener_plugin.py
[2026-04-09T17:02:53.526+0000] {processor.py:842} WARNING - No viable dags retrieved from /home/airflow/.local/lib/python3.8/site-packages/airflow/example_dags/plugins/listener_plugin.py
[2026-04-09T17:02:53.542+0000] {processor.py:183} INFO - Processing /home/airflow/.local/lib/python3.8/site-packages/airflow/example_dags/plugins/listener_plugin.py took 0.027 seconds
[2026-04-09T17:03:24.016+0000] {processor.py:161} INFO - Started process (PID=2174) to work on /home/airflow/.local/lib/python3.8/site-packages/airflow/example_dags/plugins/listener_plugin.py
[2026-04-09T17:03:24.017+0000] {processor.py:830} INFO - Processing file /home/airflow/.local/lib/python3.8/site-packages/airflow/example_dags/plugins/listener_plugin.py for tasks to queue
[2026-04-09T17:03:24.020+0000] {logging_mixin.py:188} INFO - [2026-04-09T17:03:24.019+0000] {dagbag.py:538} INFO - Filling up the DagBag from /home/airflow/.local/lib/python3.8/site-packages/airflow/example_dags/plugins/listener_plugin.py
[2026-04-09T17:03:24.023+0000] {processor.py:842} WARNING - No viable dags retrieved from /home/airflow/.local/lib/python3.8/site-packages/airflow/example_dags/plugins/listener_plugin.py
[2026-04-09T17:03:24.039+0000] {processor.py:183} INFO - Processing /home/airflow/.local/lib/python3.8/site-packages/airflow/example_dags/plugins/listener_plugin.py took 0.027 seconds
[2026-04-09T17:03:54.481+0000] {processor.py:161} INFO - Started process (PID=2231) to work on /home/airflow/.local/lib/python3.8/site-packages/airflow/example_dags/plugins/listener_plugin.py
[2026-04-09T17:03:54.482+0000] {processor.py:830} INFO - Processing file /home/airflow/.local/lib/python3.8/site-packages/airflow/example_dags/plugins/listener_plugin.py for tasks to queue
[2026-04-09T17:03:54.485+0000] {logging_mixin.py:188} INFO - [2026-04-09T17:03:54.484+0000] {dagbag.py:538} INFO - Filling up the DagBag from /home/airflow/.local/lib/python3.8/site-packages/airflow/example_dags/plugins/listener_plugin.py
[2026-04-09T17:03:54.488+0000] {processor.py:842} WARNING - No viable dags retrieved from /home/airflow/.local/lib/python3.8/site-packages/airflow/example_dags/plugins/listener_plugin.py
[2026-04-09T17:03:54.509+0000] {processor.py:183} INFO - Processing /home/airflow/.local/lib/python3.8/site-packages/airflow/example_dags/plugins/listener_plugin.py took 0.032 seconds
[2026-04-09T17:04:25.230+0000] {processor.py:161} INFO - Started process (PID=2288) to work on /home/airflow/.local/lib/python3.8/site-packages/airflow/example_dags/plugins/listener_plugin.py
[2026-04-09T17:04:25.232+0000] {processor.py:830} INFO - Processing file /home/airflow/.local/lib/python3.8/site-packages/airflow/example_dags/plugins/listener_plugin.py for tasks to queue
[2026-04-09T17:04:25.235+0000] {logging_mixin.py:188} INFO - [2026-04-09T17:04:25.235+0000] {dagbag.py:538} INFO - Filling up the DagBag from /home/airflow/.local/lib/python3.8/site-packages/airflow/example_dags/plugins/listener_plugin.py
[2026-04-09T17:04:25.240+0000] {processor.py:842} WARNING - No viable dags retrieved from /home/airflow/.local/lib/python3.8/site-packages/airflow/example_dags/plugins/listener_plugin.py
[2026-04-09T17:04:25.264+0000] {processor.py:183} INFO - Processing /home/airflow/.local/lib/python3.8/site-packages/airflow/example_dags/plugins/listener_plugin.py took 0.039 seconds
[2026-04-09T17:04:56.761+0000] {processor.py:161} INFO - Started process (PID=2345) to work on /home/airflow/.local/lib/python3.8/site-packages/airflow/example_dags/plugins/listener_plugin.py
[2026-04-09T17:04:56.764+0000] {processor.py:830} INFO - Processing file /home/airflow/.local/lib/python3.8/site-packages/airflow/example_dags/plugins/listener_plugin.py for tasks to queue
[2026-04-09T17:04:56.769+0000] {logging_mixin.py:188} INFO - [2026-04-09T17:04:56.768+0000] {dagbag.py:538} INFO - Filling up the DagBag from /home/airflow/.local/lib/python3.8/site-packages/airflow/example_dags/plugins/listener_plugin.py
[2026-04-09T17:04:56.774+0000] {processor.py:842} WARNING - No viable dags retrieved from /home/airflow/.local/lib/python3.8/site-packages/airflow/example_dags/plugins/listener_plugin.py
[2026-04-09T17:04:56.800+0000] {processor.py:183} INFO - Processing /home/airflow/.local/lib/python3.8/site-packages/airflow/example_dags/plugins/listener_plugin.py took 0.045 seconds
[2026-04-09T17:05:27.518+0000] {processor.py:161} INFO - Started process (PID=2402) to work on /home/airflow/.local/lib/python3.8/site-packages/airflow/example_dags/plugins/listener_plugin.py
[2026-04-09T17:05:27.519+0000] {processor.py:830} INFO - Processing file /home/airflow/.local/lib/python3.8/site-packages/airflow/example_dags/plugins/listener_plugin.py for tasks to queue
[2026-04-09T17:05:27.521+0000] {logging_mixin.py:188} INFO - [2026-04-09T17:05:27.521+0000] {dagbag.py:538} INFO - Filling up the DagBag from /home/airflow/.local/lib/python3.8/site-packages/airflow/example_dags/plugins/listener_plugin.py
[2026-04-09T17:05:27.525+0000] {processor.py:842} WARNING - No viable dags retrieved from /home/airflow/.local/lib/python3.8/site-packages/airflow/example_dags/plugins/listener_plugin.py
[2026-04-09T17:05:27.543+0000] {processor.py:183} INFO - Processing /home/airflow/.local/lib/python3.8/site-packages/airflow/example_dags/plugins/listener_plugin.py took 0.029 seconds
[2026-04-09T17:05:58.385+0000] {processor.py:161} INFO - Started process (PID=2460) to work on /home/airflow/.local/lib/python3.8/site-packages/airflow/example_dags/plugins/listener_plugin.py
[2026-04-09T17:05:58.387+0000] {processor.py:830} INFO - Processing file /home/airflow/.local/lib/python3.8/site-packages/airflow/example_dags/plugins/listener_plugin.py for tasks to queue
[2026-04-09T17:05:58.390+0000] {logging_mixin.py:188} INFO - [2026-04-09T17:05:58.389+0000] {dagbag.py:538} INFO - Filling up the DagBag from /home/airflow/.local/lib/python3.8/site-packages/airflow/example_dags/plugins/listener_plugin.py
[2026-04-09T17:05:58.393+0000] {processor.py:842} WARNING - No viable dags retrieved from /home/airflow/.local/lib/python3.8/site-packages/airflow/example_dags/plugins/listener_plugin.py
[2026-04-09T17:05:58.411+0000] {processor.py:183} INFO - Processing /home/airflow/.local/lib/python3.8/site-packages/airflow/example_dags/plugins/listener_plugin.py took 0.030 seconds
[2026-04-09T17:06:29.531+0000] {processor.py:161} INFO - Started process (PID=2517) to work on /home/airflow/.local/lib/python3.8/site-packages/airflow/example_dags/plugins/listener_plugin.py
[2026-04-09T17:06:29.533+0000] {processor.py:830} INFO - Processing file /home/airflow/.local/lib/python3.8/site-packages/airflow/example_dags/plugins/listener_plugin.py for tasks to queue
[2026-04-09T17:06:29.536+0000] {logging_mixin.py:188} INFO - [2026-04-09T17:06:29.536+0000] {dagbag.py:538} INFO - Filling up the DagBag from /home/airflow/.local/lib/python3.8/site-packages/airflow/example_dags/plugins/listener_plugin.py
[2026-04-09T17:06:29.540+0000] {processor.py:842} WARNING - No viable dags retrieved from /home/airflow/.local/lib/python3.8/site-packages/airflow/example_dags/plugins/listener_plugin.py
[2026-04-09T17:06:29.562+0000] {processor.py:183} INFO - Processing /home/airflow/.local/lib/python3.8/site-packages/airflow/example_dags/plugins/listener_plugin.py took 0.036 seconds
[2026-04-09T17:06:59.730+0000] {processor.py:161} INFO - Started process (PID=2573) to work on /home/airflow/.local/lib/python3.8/site-packages/airflow/example_dags/plugins/listener_plugin.py
[2026-04-09T17:06:59.731+0000] {processor.py:830} INFO - Processing file /home/airflow/.local/lib/python3.8/site-packages/airflow/example_dags/plugins/listener_plugin.py for tasks to queue
[2026-04-09T17:06:59.733+0000] {logging_mixin.py:188} INFO - [2026-04-09T17:06:59.733+0000] {dagbag.py:538} INFO - Filling up the DagBag from /home/airflow/.local/lib/python3.8/site-packages/airflow/example_dags/plugins/listener_plugin.py
[2026-04-09T17:06:59.736+0000] {processor.py:842} WARNING - No viable dags retrieved from /home/airflow/.local/lib/python3.8/site-packages/airflow/example_dags/plugins/listener_plugin.py
[2026-04-09T17:06:59.750+0000] {processor.py:183} INFO - Processing /home/airflow/.local/lib/python3.8/site-packages/airflow/example_dags/plugins/listener_plugin.py took 0.025 seconds
[2026-04-09T17:07:30.386+0000] {processor.py:161} INFO - Started process (PID=2632) to work on /home/airflow/.local/lib/python3.8/site-packages/airflow/example_dags/plugins/listener_plugin.py
[2026-04-09T17:07:30.387+0000] {processor.py:830} INFO - Processing file /home/airflow/.local/lib/python3.8/site-packages/airflow/example_dags/plugins/listener_plugin.py for tasks to queue
[2026-04-09T17:07:30.389+0000] {logging_mixin.py:188} INFO - [2026-04-09T17:07:30.389+0000] {dagbag.py:538} INFO - Filling up the DagBag from /home/airflow/.local/lib/python3.8/site-packages/airflow/example_dags/plugins/listener_plugin.py
[2026-04-09T17:07:30.393+0000] {processor.py:842} WARNING - No viable dags retrieved from /home/airflow/.local/lib/python3.8/site-packages/airflow/example_dags/plugins/listener_plugin.py
[2026-04-09T17:07:30.410+0000] {processor.py:183} INFO - Processing /home/airflow/.local/lib/python3.8/site-packages/airflow/example_dags/plugins/listener_plugin.py took 0.029 seconds
[2026-04-09T17:08:01.563+0000] {processor.py:161} INFO - Started process (PID=2689) to work on /home/airflow/.local/lib/python3.8/site-packages/airflow/example_dags/plugins/listener_plugin.py
[2026-04-09T17:08:01.564+0000] {processor.py:830} INFO - Processing file /home/airflow/.local/lib/python3.8/site-packages/airflow/example_dags/plugins/listener_plugin.py for tasks to queue
[2026-04-09T17:08:01.566+0000] {logging_mixin.py:188} INFO - [2026-04-09T17:08:01.566+0000] {dagbag.py:538} INFO - Filling up the DagBag from /home/airflow/.local/lib/python3.8/site-packages/airflow/example_dags/plugins/listener_plugin.py
[2026-04-09T17:08:01.569+0000] {processor.py:842} WARNING - No viable dags retrieved from /home/airflow/.local/lib/python3.8/site-packages/airflow/example_dags/plugins/listener_plugin.py
[2026-04-09T17:08:01.586+0000] {processor.py:183} INFO - Processing /home/airflow/.local/lib/python3.8/site-packages/airflow/example_dags/plugins/listener_plugin.py took 0.027 seconds
[2026-04-09T17:08:31.685+0000] {processor.py:161} INFO - Started process (PID=2745) to work on /home/airflow/.local/lib/python3.8/site-packages/airflow/example_dags/plugins/listener_plugin.py
[2026-04-09T17:08:31.686+0000] {processor.py:830} INFO - Processing file /home/airflow/.local/lib/python3.8/site-packages/airflow/example_dags/plugins/listener_plugin.py for tasks to queue
[2026-04-09T17:08:31.688+0000] {logging_mixin.py:188} INFO - [2026-04-09T17:08:31.688+0000] {dagbag.py:538} INFO - Filling up the DagBag from /home/airflow/.local/lib/python3.8/site-packages/airflow/example_dags/plugins/listener_plugin.py
[2026-04-09T17:08:31.691+0000] {processor.py:842} WARNING - No viable dags retrieved from /home/airflow/.local/lib/python3.8/site-packages/airflow/example_dags/plugins/listener_plugin.py
[2026-04-09T17:08:31.707+0000] {processor.py:183} INFO - Processing /home/airflow/.local/lib/python3.8/site-packages/airflow/example_dags/plugins/listener_plugin.py took 0.025 seconds
[2026-04-09T17:09:02.086+0000] {processor.py:161} INFO - Started process (PID=2802) to work on /home/airflow/.local/lib/python3.8/site-packages/airflow/example_dags/plugins/listener_plugin.py
[2026-04-09T17:09:02.087+0000] {processor.py:830} INFO - Processing file /home/airflow/.local/lib/python3.8/site-packages/airflow/example_dags/plugins/listener_plugin.py for tasks to queue
[2026-04-09T17:09:02.090+0000] {logging_mixin.py:188} INFO - [2026-04-09T17:09:02.089+0000] {dagbag.py:538} INFO - Filling up the DagBag from /home/airflow/.local/lib/python3.8/site-packages/airflow/example_dags/plugins/listener_plugin.py
[2026-04-09T17:09:02.095+0000] {processor.py:842} WARNING - No viable dags retrieved from /home/airflow/.local/lib/python3.8/site-packages/airflow/example_dags/plugins/listener_plugin.py
[2026-04-09T17:09:02.118+0000] {processor.py:183} INFO - Processing /home/airflow/.local/lib/python3.8/site-packages/airflow/example_dags/plugins/listener_plugin.py took 0.036 seconds
[2026-04-09T17:09:35.716+0000] {processor.py:161} INFO - Started process (PID=2859) to work on /home/airflow/.local/lib/python3.8/site-packages/airflow/example_dags/plugins/listener_plugin.py
[2026-04-09T17:09:35.717+0000] {processor.py:830} INFO - Processing file /home/airflow/.local/lib/python3.8/site-packages/airflow/example_dags/plugins/listener_plugin.py for tasks to queue
[2026-04-09T17:09:35.719+0000] {logging_mixin.py:188} INFO - [2026-04-09T17:09:35.719+0000] {dagbag.py:538} INFO - Filling up the DagBag from /home/airflow/.local/lib/python3.8/site-packages/airflow/example_dags/plugins/listener_plugin.py
[2026-04-09T17:09:35.722+0000] {processor.py:842} WARNING - No viable dags retrieved from /home/airflow/.local/lib/python3.8/site-packages/airflow/example_dags/plugins/listener_plugin.py
[2026-04-09T17:09:35.741+0000] {processor.py:183} INFO - Processing /home/airflow/.local/lib/python3.8/site-packages/airflow/example_dags/plugins/listener_plugin.py took 0.029 seconds
[2026-04-09T17:10:08.712+0000] {processor.py:161} INFO - Started process (PID=2916) to work on /home/airflow/.local/lib/python3.8/site-packages/airflow/example_dags/plugins/listener_plugin.py
[2026-04-09T17:10:08.714+0000] {processor.py:830} INFO - Processing file /home/airflow/.local/lib/python3.8/site-packages/airflow/example_dags/plugins/listener_plugin.py for tasks to queue
[2026-04-09T17:10:08.716+0000] {logging_mixin.py:188} INFO - [2026-04-09T17:10:08.716+0000] {dagbag.py:538} INFO - Filling up the DagBag from /home/airflow/.local/lib/python3.8/site-packages/airflow/example_dags/plugins/listener_plugin.py
[2026-04-09T17:10:08.720+0000] {processor.py:842} WARNING - No viable dags retrieved from /home/airflow/.local/lib/python3.8/site-packages/airflow/example_dags/plugins/listener_plugin.py
[2026-04-09T17:10:08.739+0000] {processor.py:183} INFO - Processing /home/airflow/.local/lib/python3.8/site-packages/airflow/example_dags/plugins/listener_plugin.py took 0.033 seconds
[2026-04-09T17:10:39.261+0000] {processor.py:161} INFO - Started process (PID=2972) to work on /home/airflow/.local/lib/python3.8/site-packages/airflow/example_dags/plugins/listener_plugin.py
[2026-04-09T17:10:39.262+0000] {processor.py:830} INFO - Processing file /home/airflow/.local/lib/python3.8/site-packages/airflow/example_dags/plugins/listener_plugin.py for tasks to queue
[2026-04-09T17:10:39.264+0000] {logging_mixin.py:188} INFO - [2026-04-09T17:10:39.264+0000] {dagbag.py:538} INFO - Filling up the DagBag from /home/airflow/.local/lib/python3.8/site-packages/airflow/example_dags/plugins/listener_plugin.py
[2026-04-09T17:10:39.268+0000] {processor.py:842} WARNING - No viable dags retrieved from /home/airflow/.local/lib/python3.8/site-packages/airflow/example_dags/plugins/listener_plugin.py
[2026-04-09T17:10:39.285+0000] {processor.py:183} INFO - Processing /home/airflow/.local/lib/python3.8/site-packages/airflow/example_dags/plugins/listener_plugin.py took 0.028 seconds
[2026-04-09T17:11:10.112+0000] {processor.py:161} INFO - Started process (PID=3028) to work on /home/airflow/.local/lib/python3.8/site-packages/airflow/example_dags/plugins/listener_plugin.py
[2026-04-09T17:11:10.113+0000] {processor.py:830} INFO - Processing file /home/airflow/.local/lib/python3.8/site-packages/airflow/example_dags/plugins/listener_plugin.py for tasks to queue
[2026-04-09T17:11:10.115+0000] {logging_mixin.py:188} INFO - [2026-04-09T17:11:10.115+0000] {dagbag.py:538} INFO - Filling up the DagBag from /home/airflow/.local/lib/python3.8/site-packages/airflow/example_dags/plugins/listener_plugin.py
[2026-04-09T17:11:10.118+0000] {processor.py:842} WARNING - No viable dags retrieved from /home/airflow/.local/lib/python3.8/site-packages/airflow/example_dags/plugins/listener_plugin.py
[2026-04-09T17:11:10.135+0000] {processor.py:183} INFO - Processing /home/airflow/.local/lib/python3.8/site-packages/airflow/example_dags/plugins/listener_plugin.py took 0.027 seconds
[2026-04-09T17:11:40.791+0000] {processor.py:161} INFO - Started process (PID=3086) to work on /home/airflow/.local/lib/python3.8/site-packages/airflow/example_dags/plugins/listener_plugin.py
[2026-04-09T17:11:40.792+0000] {processor.py:830} INFO - Processing file /home/airflow/.local/lib/python3.8/site-packages/airflow/example_dags/plugins/listener_plugin.py for tasks to queue
[2026-04-09T17:11:40.794+0000] {logging_mixin.py:188} INFO - [2026-04-09T17:11:40.794+0000] {dagbag.py:538} INFO - Filling up the DagBag from /home/airflow/.local/lib/python3.8/site-packages/airflow/example_dags/plugins/listener_plugin.py
[2026-04-09T17:11:40.797+0000] {processor.py:842} WARNING - No viable dags retrieved from /home/airflow/.local/lib/python3.8/site-packages/airflow/example_dags/plugins/listener_plugin.py
[2026-04-09T17:11:40.812+0000] {processor.py:183} INFO - Processing /home/airflow/.local/lib/python3.8/site-packages/airflow/example_dags/plugins/listener_plugin.py took 0.025 seconds
[2026-04-09T17:12:12.513+0000] {processor.py:161} INFO - Started process (PID=3149) to work on /home/airflow/.local/lib/python3.8/site-packages/airflow/example_dags/plugins/listener_plugin.py
[2026-04-09T17:12:12.515+0000] {processor.py:830} INFO - Processing file /home/airflow/.local/lib/python3.8/site-packages/airflow/example_dags/plugins/listener_plugin.py for tasks to queue
[2026-04-09T17:12:12.517+0000] {logging_mixin.py:188} INFO - [2026-04-09T17:12:12.517+0000] {dagbag.py:538} INFO - Filling up the DagBag from /home/airflow/.local/lib/python3.8/site-packages/airflow/example_dags/plugins/listener_plugin.py
[2026-04-09T17:12:12.520+0000] {processor.py:842} WARNING - No viable dags retrieved from /home/airflow/.local/lib/python3.8/site-packages/airflow/example_dags/plugins/listener_plugin.py
[2026-04-09T17:12:12.536+0000] {processor.py:183} INFO - Processing /home/airflow/.local/lib/python3.8/site-packages/airflow/example_dags/plugins/listener_plugin.py took 0.026 seconds
[2026-04-09T17:12:43.347+0000] {processor.py:161} INFO - Started process (PID=3207) to work on /home/airflow/.local/lib/python3.8/site-packages/airflow/example_dags/plugins/listener_plugin.py
[2026-04-09T17:12:43.348+0000] {processor.py:830} INFO - Processing file /home/airflow/.local/lib/python3.8/site-packages/airflow/example_dags/plugins/listener_plugin.py for tasks to queue
[2026-04-09T17:12:43.350+0000] {logging_mixin.py:188} INFO - [2026-04-09T17:12:43.350+0000] {dagbag.py:538} INFO - Filling up the DagBag from /home/airflow/.local/lib/python3.8/site-packages/airflow/example_dags/plugins/listener_plugin.py
[2026-04-09T17:12:43.354+0000] {processor.py:842} WARNING - No viable dags retrieved from /home/airflow/.local/lib/python3.8/site-packages/airflow/example_dags/plugins/listener_plugin.py
[2026-04-09T17:12:43.371+0000] {processor.py:183} INFO - Processing /home/airflow/.local/lib/python3.8/site-packages/airflow/example_dags/plugins/listener_plugin.py took 0.028 seconds
[2026-04-09T17:13:14.420+0000] {processor.py:161} INFO - Started process (PID=3264) to work on /home/airflow/.local/lib/python3.8/site-packages/airflow/example_dags/plugins/listener_plugin.py
[2026-04-09T17:13:14.421+0000] {processor.py:830} INFO - Processing file /home/airflow/.local/lib/python3.8/site-packages/airflow/example_dags/plugins/listener_plugin.py for tasks to queue
[2026-04-09T17:13:14.424+0000] {logging_mixin.py:188} INFO - [2026-04-09T17:13:14.423+0000] {dagbag.py:538} INFO - Filling up the DagBag from /home/airflow/.local/lib/python3.8/site-packages/airflow/example_dags/plugins/listener_plugin.py
[2026-04-09T17:13:14.428+0000] {processor.py:842} WARNING - No viable dags retrieved from /home/airflow/.local/lib/python3.8/site-packages/airflow/example_dags/plugins/listener_plugin.py
[2026-04-09T17:13:14.448+0000] {processor.py:183} INFO - Processing /home/airflow/.local/lib/python3.8/site-packages/airflow/example_dags/plugins/listener_plugin.py took 0.031 seconds
[2026-04-09T17:13:45.074+0000] {processor.py:161} INFO - Started process (PID=3320) to work on /home/airflow/.local/lib/python3.8/site-packages/airflow/example_dags/plugins/listener_plugin.py
[2026-04-09T17:13:45.075+0000] {processor.py:830} INFO - Processing file /home/airflow/.local/lib/python3.8/site-packages/airflow/example_dags/plugins/listener_plugin.py for tasks to queue
[2026-04-09T17:13:45.077+0000] {logging_mixin.py:188} INFO - [2026-04-09T17:13:45.077+0000] {dagbag.py:538} INFO - Filling up the DagBag from /home/airflow/.local/lib/python3.8/site-packages/airflow/example_dags/plugins/listener_plugin.py
[2026-04-09T17:13:45.080+0000] {processor.py:842} WARNING - No viable dags retrieved from /home/airflow/.local/lib/python3.8/site-packages/airflow/example_dags/plugins/listener_plugin.py
[2026-04-09T17:13:45.097+0000] {processor.py:183} INFO - Processing /home/airflow/.local/lib/python3.8/site-packages/airflow/example_dags/plugins/listener_plugin.py took 0.027 seconds
[2026-04-09T17:14:16.418+0000] {processor.py:161} INFO - Started process (PID=3378) to work on /home/airflow/.local/lib/python3.8/site-packages/airflow/example_dags/plugins/listener_plugin.py
[2026-04-09T17:14:16.420+0000] {processor.py:830} INFO - Processing file /home/airflow/.local/lib/python3.8/site-packages/airflow/example_dags/plugins/listener_plugin.py for tasks to queue
[2026-04-09T17:14:16.422+0000] {logging_mixin.py:188} INFO - [2026-04-09T17:14:16.422+0000] {dagbag.py:538} INFO - Filling up the DagBag from /home/airflow/.local/lib/python3.8/site-packages/airflow/example_dags/plugins/listener_plugin.py
[2026-04-09T17:14:16.427+0000] {processor.py:842} WARNING - No viable dags retrieved from /home/airflow/.local/lib/python3.8/site-packages/airflow/example_dags/plugins/listener_plugin.py
[2026-04-09T17:14:16.448+0000] {processor.py:183} INFO - Processing /home/airflow/.local/lib/python3.8/site-packages/airflow/example_dags/plugins/listener_plugin.py took 0.035 seconds
[2026-04-09T17:14:46.525+0000] {processor.py:161} INFO - Started process (PID=3434) to work on /home/airflow/.local/lib/python3.8/site-packages/airflow/example_dags/plugins/listener_plugin.py
[2026-04-09T17:14:46.526+0000] {processor.py:830} INFO - Processing file /home/airflow/.local/lib/python3.8/site-packages/airflow/example_dags/plugins/listener_plugin.py for tasks to queue
[2026-04-09T17:14:46.528+0000] {logging_mixin.py:188} INFO - [2026-04-09T17:14:46.528+0000] {dagbag.py:538} INFO - Filling up the DagBag from /home/airflow/.local/lib/python3.8/site-packages/airflow/example_dags/plugins/listener_plugin.py
[2026-04-09T17:14:46.532+0000] {processor.py:842} WARNING - No viable dags retrieved from /home/airflow/.local/lib/python3.8/site-packages/airflow/example_dags/plugins/listener_plugin.py
[2026-04-09T17:14:46.549+0000] {processor.py:183} INFO - Processing /home/airflow/.local/lib/python3.8/site-packages/airflow/example_dags/plugins/listener_plugin.py took 0.027 seconds
[2026-04-09T17:15:16.842+0000] {processor.py:161} INFO - Started process (PID=3491) to work on /home/airflow/.local/lib/python3.8/site-packages/airflow/example_dags/plugins/listener_plugin.py
[2026-04-09T17:15:16.843+0000] {processor.py:830} INFO - Processing file /home/airflow/.local/lib/python3.8/site-packages/airflow/example_dags/plugins/listener_plugin.py for tasks to queue
[2026-04-09T17:15:16.846+0000] {logging_mixin.py:188} INFO - [2026-04-09T17:15:16.845+0000] {dagbag.py:538} INFO - Filling up the DagBag from /home/airflow/.local/lib/python3.8/site-packages/airflow/example_dags/plugins/listener_plugin.py
[2026-04-09T17:15:16.849+0000] {processor.py:842} WARNING - No viable dags retrieved from /home/airflow/.local/lib/python3.8/site-packages/airflow/example_dags/plugins/listener_plugin.py
[2026-04-09T17:15:16.865+0000] {processor.py:183} INFO - Processing /home/airflow/.local/lib/python3.8/site-packages/airflow/example_dags/plugins/listener_plugin.py took 0.027 seconds
[2026-04-09T17:15:47.354+0000] {processor.py:161} INFO - Started process (PID=3548) to work on /home/airflow/.local/lib/python3.8/site-packages/airflow/example_dags/plugins/listener_plugin.py
[2026-04-09T17:15:47.355+0000] {processor.py:830} INFO - Processing file /home/airflow/.local/lib/python3.8/site-packages/airflow/example_dags/plugins/listener_plugin.py for tasks to queue
[2026-04-09T17:15:47.357+0000] {logging_mixin.py:188} INFO - [2026-04-09T17:15:47.357+0000] {dagbag.py:538} INFO - Filling up the DagBag from /home/airflow/.local/lib/python3.8/site-packages/airflow/example_dags/plugins/listener_plugin.py
[2026-04-09T17:15:47.360+0000] {processor.py:842} WARNING - No viable dags retrieved from /home/airflow/.local/lib/python3.8/site-packages/airflow/example_dags/plugins/listener_plugin.py
[2026-04-09T17:15:47.379+0000] {processor.py:183} INFO - Processing /home/airflow/.local/lib/python3.8/site-packages/airflow/example_dags/plugins/listener_plugin.py took 0.029 seconds
[2026-04-09T17:16:17.699+0000] {processor.py:161} INFO - Started process (PID=3605) to work on /home/airflow/.local/lib/python3.8/site-packages/airflow/example_dags/plugins/listener_plugin.py
[2026-04-09T17:16:17.700+0000] {processor.py:830} INFO - Processing file /home/airflow/.local/lib/python3.8/site-packages/airflow/example_dags/plugins/listener_plugin.py for tasks to queue
[2026-04-09T17:16:17.703+0000] {logging_mixin.py:188} INFO - [2026-04-09T17:16:17.703+0000] {dagbag.py:538} INFO - Filling up the DagBag from /home/airflow/.local/lib/python3.8/site-packages/airflow/example_dags/plugins/listener_plugin.py
[2026-04-09T17:16:17.707+0000] {processor.py:842} WARNING - No viable dags retrieved from /home/airflow/.local/lib/python3.8/site-packages/airflow/example_dags/plugins/listener_plugin.py
[2026-04-09T17:16:17.726+0000] {processor.py:183} INFO - Processing /home/airflow/.local/lib/python3.8/site-packages/airflow/example_dags/plugins/listener_plugin.py took 0.031 seconds
[2026-04-09T17:16:48.120+0000] {processor.py:161} INFO - Started process (PID=3662) to work on /home/airflow/.local/lib/python3.8/site-packages/airflow/example_dags/plugins/listener_plugin.py
[2026-04-09T17:16:48.122+0000] {processor.py:830} INFO - Processing file /home/airflow/.local/lib/python3.8/site-packages/airflow/example_dags/plugins/listener_plugin.py for tasks to queue
[2026-04-09T17:16:48.125+0000] {logging_mixin.py:188} INFO - [2026-04-09T17:16:48.124+0000] {dagbag.py:538} INFO - Filling up the DagBag from /home/airflow/.local/lib/python3.8/site-packages/airflow/example_dags/plugins/listener_plugin.py
[2026-04-09T17:16:48.128+0000] {processor.py:842} WARNING - No viable dags retrieved from /home/airflow/.local/lib/python3.8/site-packages/airflow/example_dags/plugins/listener_plugin.py
[2026-04-09T17:16:48.148+0000] {processor.py:183} INFO - Processing /home/airflow/.local/lib/python3.8/site-packages/airflow/example_dags/plugins/listener_plugin.py took 0.031 seconds
[2026-04-09T17:17:18.352+0000] {processor.py:161} INFO - Started process (PID=3719) to work on /home/airflow/.local/lib/python3.8/site-packages/airflow/example_dags/plugins/listener_plugin.py
[2026-04-09T17:17:18.354+0000] {processor.py:830} INFO - Processing file /home/airflow/.local/lib/python3.8/site-packages/airflow/example_dags/plugins/listener_plugin.py for tasks to queue
[2026-04-09T17:17:18.356+0000] {logging_mixin.py:188} INFO - [2026-04-09T17:17:18.356+0000] {dagbag.py:538} INFO - Filling up the DagBag from /home/airflow/.local/lib/python3.8/site-packages/airflow/example_dags/plugins/listener_plugin.py
[2026-04-09T17:17:18.360+0000] {processor.py:842} WARNING - No viable dags retrieved from /home/airflow/.local/lib/python3.8/site-packages/airflow/example_dags/plugins/listener_plugin.py
[2026-04-09T17:17:18.377+0000] {processor.py:183} INFO - Processing /home/airflow/.local/lib/python3.8/site-packages/airflow/example_dags/plugins/listener_plugin.py took 0.029 seconds
[2026-04-09T17:17:48.882+0000] {processor.py:161} INFO - Started process (PID=3776) to work on /home/airflow/.local/lib/python3.8/site-packages/airflow/example_dags/plugins/listener_plugin.py
[2026-04-09T17:17:48.884+0000] {processor.py:830} INFO - Processing file /home/airflow/.local/lib/python3.8/site-packages/airflow/example_dags/plugins/listener_plugin.py for tasks to queue
[2026-04-09T17:17:48.887+0000] {logging_mixin.py:188} INFO - [2026-04-09T17:17:48.887+0000] {dagbag.py:538} INFO - Filling up the DagBag from /home/airflow/.local/lib/python3.8/site-packages/airflow/example_dags/plugins/listener_plugin.py
[2026-04-09T17:17:48.892+0000] {processor.py:842} WARNING - No viable dags retrieved from /home/airflow/.local/lib/python3.8/site-packages/airflow/example_dags/plugins/listener_plugin.py
[2026-04-09T17:17:48.912+0000] {processor.py:183} INFO - Processing /home/airflow/.local/lib/python3.8/site-packages/airflow/example_dags/plugins/listener_plugin.py took 0.035 seconds
[2026-04-09T17:18:19.370+0000] {processor.py:161} INFO - Started process (PID=3833) to work on /home/airflow/.local/lib/python3.8/site-packages/airflow/example_dags/plugins/listener_plugin.py
[2026-04-09T17:18:19.371+0000] {processor.py:830} INFO - Processing file /home/airflow/.local/lib/python3.8/site-packages/airflow/example_dags/plugins/listener_plugin.py for tasks to queue
[2026-04-09T17:18:19.374+0000] {logging_mixin.py:188} INFO - [2026-04-09T17:18:19.374+0000] {dagbag.py:538} INFO - Filling up the DagBag from /home/airflow/.local/lib/python3.8/site-packages/airflow/example_dags/plugins/listener_plugin.py
[2026-04-09T17:18:19.379+0000] {processor.py:842} WARNING - No viable dags retrieved from /home/airflow/.local/lib/python3.8/site-packages/airflow/example_dags/plugins/listener_plugin.py
[2026-04-09T17:18:19.400+0000] {processor.py:183} INFO - Processing /home/airflow/.local/lib/python3.8/site-packages/airflow/example_dags/plugins/listener_plugin.py took 0.035 seconds
[2026-04-09T17:18:49.704+0000] {processor.py:161} INFO - Started process (PID=3890) to work on /home/airflow/.local/lib/python3.8/site-packages/airflow/example_dags/plugins/listener_plugin.py
[2026-04-09T17:18:49.705+0000] {processor.py:830} INFO - Processing file /home/airflow/.local/lib/python3.8/site-packages/airflow/example_dags/plugins/listener_plugin.py for tasks to queue
[2026-04-09T17:18:49.708+0000] {logging_mixin.py:188} INFO - [2026-04-09T17:18:49.707+0000] {dagbag.py:538} INFO - Filling up the DagBag from /home/airflow/.local/lib/python3.8/site-packages/airflow/example_dags/plugins/listener_plugin.py
[2026-04-09T17:18:49.711+0000] {processor.py:842} WARNING - No viable dags retrieved from /home/airflow/.local/lib/python3.8/site-packages/airflow/example_dags/plugins/listener_plugin.py
[2026-04-09T17:18:49.728+0000] {processor.py:183} INFO - Processing /home/airflow/.local/lib/python3.8/site-packages/airflow/example_dags/plugins/listener_plugin.py took 0.030 seconds
[2026-04-09T17:19:20.031+0000] {processor.py:161} INFO - Started process (PID=3947) to work on /home/airflow/.local/lib/python3.8/site-packages/airflow/example_dags/plugins/listener_plugin.py
[2026-04-09T17:19:20.032+0000] {processor.py:830} INFO - Processing file /home/airflow/.local/lib/python3.8/site-packages/airflow/example_dags/plugins/listener_plugin.py for tasks to queue
[2026-04-09T17:19:20.034+0000] {logging_mixin.py:188} INFO - [2026-04-09T17:19:20.034+0000] {dagbag.py:538} INFO - Filling up the DagBag from /home/airflow/.local/lib/python3.8/site-packages/airflow/example_dags/plugins/listener_plugin.py
[2026-04-09T17:19:20.038+0000] {processor.py:842} WARNING - No viable dags retrieved from /home/airflow/.local/lib/python3.8/site-packages/airflow/example_dags/plugins/listener_plugin.py
[2026-04-09T17:19:20.054+0000] {processor.py:183} INFO - Processing /home/airflow/.local/lib/python3.8/site-packages/airflow/example_dags/plugins/listener_plugin.py took 0.026 seconds
[2026-04-09T17:19:50.290+0000] {processor.py:161} INFO - Started process (PID=4004) to work on /home/airflow/.local/lib/python3.8/site-packages/airflow/example_dags/plugins/listener_plugin.py
[2026-04-09T17:19:50.292+0000] {processor.py:830} INFO - Processing file /home/airflow/.local/lib/python3.8/site-packages/airflow/example_dags/plugins/listener_plugin.py for tasks to queue
[2026-04-09T17:19:50.294+0000] {logging_mixin.py:188} INFO - [2026-04-09T17:19:50.294+0000] {dagbag.py:538} INFO - Filling up the DagBag from /home/airflow/.local/lib/python3.8/site-packages/airflow/example_dags/plugins/listener_plugin.py
[2026-04-09T17:19:50.297+0000] {processor.py:842} WARNING - No viable dags retrieved from /home/airflow/.local/lib/python3.8/site-packages/airflow/example_dags/plugins/listener_plugin.py
[2026-04-09T17:19:50.312+0000] {processor.py:183} INFO - Processing /home/airflow/.local/lib/python3.8/site-packages/airflow/example_dags/plugins/listener_plugin.py took 0.026 seconds
[2026-04-09T17:20:22.837+0000] {processor.py:161} INFO - Started process (PID=4061) to work on /home/airflow/.local/lib/python3.8/site-packages/airflow/example_dags/plugins/listener_plugin.py
[2026-04-09T17:20:22.838+0000] {processor.py:830} INFO - Processing file /home/airflow/.local/lib/python3.8/site-packages/airflow/example_dags/plugins/listener_plugin.py for tasks to queue
[2026-04-09T17:20:22.841+0000] {logging_mixin.py:188} INFO - [2026-04-09T17:20:22.840+0000] {dagbag.py:538} INFO - Filling up the DagBag from /home/airflow/.local/lib/python3.8/site-packages/airflow/example_dags/plugins/listener_plugin.py
[2026-04-09T17:20:22.845+0000] {processor.py:842} WARNING - No viable dags retrieved from /home/airflow/.local/lib/python3.8/site-packages/airflow/example_dags/plugins/listener_plugin.py
[2026-04-09T17:20:22.861+0000] {processor.py:183} INFO - Processing /home/airflow/.local/lib/python3.8/site-packages/airflow/example_dags/plugins/listener_plugin.py took 0.028 seconds
[2026-04-09T17:20:53.254+0000] {processor.py:161} INFO - Started process (PID=4118) to work on /home/airflow/.local/lib/python3.8/site-packages/airflow/example_dags/plugins/listener_plugin.py
[2026-04-09T17:20:53.255+0000] {processor.py:830} INFO - Processing file /home/airflow/.local/lib/python3.8/site-packages/airflow/example_dags/plugins/listener_plugin.py for tasks to queue
[2026-04-09T17:20:53.257+0000] {logging_mixin.py:188} INFO - [2026-04-09T17:20:53.257+0000] {dagbag.py:538} INFO - Filling up the DagBag from /home/airflow/.local/lib/python3.8/site-packages/airflow/example_dags/plugins/listener_plugin.py
[2026-04-09T17:20:53.260+0000] {processor.py:842} WARNING - No viable dags retrieved from /home/airflow/.local/lib/python3.8/site-packages/airflow/example_dags/plugins/listener_plugin.py
[2026-04-09T17:20:53.278+0000] {processor.py:183} INFO - Processing /home/airflow/.local/lib/python3.8/site-packages/airflow/example_dags/plugins/listener_plugin.py took 0.028 seconds
[2026-04-09T17:21:23.386+0000] {processor.py:161} INFO - Started process (PID=4174) to work on /home/airflow/.local/lib/python3.8/site-packages/airflow/example_dags/plugins/listener_plugin.py
[2026-04-09T17:21:23.387+0000] {processor.py:830} INFO - Processing file /home/airflow/.local/lib/python3.8/site-packages/airflow/example_dags/plugins/listener_plugin.py for tasks to queue
[2026-04-09T17:21:23.390+0000] {logging_mixin.py:188} INFO - [2026-04-09T17:21:23.390+0000] {dagbag.py:538} INFO - Filling up the DagBag from /home/airflow/.local/lib/python3.8/site-packages/airflow/example_dags/plugins/listener_plugin.py
[2026-04-09T17:21:23.393+0000] {processor.py:842} WARNING - No viable dags retrieved from /home/airflow/.local/lib/python3.8/site-packages/airflow/example_dags/plugins/listener_plugin.py
[2026-04-09T17:21:23.412+0000] {processor.py:183} INFO - Processing /home/airflow/.local/lib/python3.8/site-packages/airflow/example_dags/plugins/listener_plugin.py took 0.029 seconds
[2026-04-09T17:21:53.448+0000] {processor.py:161} INFO - Started process (PID=4230) to work on /home/airflow/.local/lib/python3.8/site-packages/airflow/example_dags/plugins/listener_plugin.py
[2026-04-09T17:21:53.449+0000] {processor.py:830} INFO - Processing file /home/airflow/.local/lib/python3.8/site-packages/airflow/example_dags/plugins/listener_plugin.py for tasks to queue
[2026-04-09T17:21:53.454+0000] {logging_mixin.py:188} INFO - [2026-04-09T17:21:53.453+0000] {dagbag.py:538} INFO - Filling up the DagBag from /home/airflow/.local/lib/python3.8/site-packages/airflow/example_dags/plugins/listener_plugin.py
[2026-04-09T17:21:53.457+0000] {processor.py:842} WARNING - No viable dags retrieved from /home/airflow/.local/lib/python3.8/site-packages/airflow/example_dags/plugins/listener_plugin.py
[2026-04-09T17:21:53.473+0000] {processor.py:183} INFO - Processing /home/airflow/.local/lib/python3.8/site-packages/airflow/example_dags/plugins/listener_plugin.py took 0.029 seconds
[2026-04-09T17:22:25.832+0000] {processor.py:161} INFO - Started process (PID=4289) to work on /home/airflow/.local/lib/python3.8/site-packages/airflow/example_dags/plugins/listener_plugin.py
[2026-04-09T17:22:25.833+0000] {processor.py:830} INFO - Processing file /home/airflow/.local/lib/python3.8/site-packages/airflow/example_dags/plugins/listener_plugin.py for tasks to queue
[2026-04-09T17:22:25.836+0000] {logging_mixin.py:188} INFO - [2026-04-09T17:22:25.836+0000] {dagbag.py:538} INFO - Filling up the DagBag from /home/airflow/.local/lib/python3.8/site-packages/airflow/example_dags/plugins/listener_plugin.py
[2026-04-09T17:22:25.840+0000] {processor.py:842} WARNING - No viable dags retrieved from /home/airflow/.local/lib/python3.8/site-packages/airflow/example_dags/plugins/listener_plugin.py
[2026-04-09T17:22:25.859+0000] {processor.py:183} INFO - Processing /home/airflow/.local/lib/python3.8/site-packages/airflow/example_dags/plugins/listener_plugin.py took 0.032 seconds
[2026-04-09T17:22:56.315+0000] {processor.py:161} INFO - Started process (PID=4346) to work on /home/airflow/.local/lib/python3.8/site-packages/airflow/example_dags/plugins/listener_plugin.py
[2026-04-09T17:22:56.316+0000] {processor.py:830} INFO - Processing file /home/airflow/.local/lib/python3.8/site-packages/airflow/example_dags/plugins/listener_plugin.py for tasks to queue
[2026-04-09T17:22:56.318+0000] {logging_mixin.py:188} INFO - [2026-04-09T17:22:56.318+0000] {dagbag.py:538} INFO - Filling up the DagBag from /home/airflow/.local/lib/python3.8/site-packages/airflow/example_dags/plugins/listener_plugin.py
[2026-04-09T17:22:56.321+0000] {processor.py:842} WARNING - No viable dags retrieved from /home/airflow/.local/lib/python3.8/site-packages/airflow/example_dags/plugins/listener_plugin.py
[2026-04-09T17:22:56.339+0000] {processor.py:183} INFO - Processing /home/airflow/.local/lib/python3.8/site-packages/airflow/example_dags/plugins/listener_plugin.py took 0.028 seconds
[2026-04-09T17:23:27.214+0000] {processor.py:161} INFO - Started process (PID=4403) to work on /home/airflow/.local/lib/python3.8/site-packages/airflow/example_dags/plugins/listener_plugin.py
[2026-04-09T17:23:27.226+0000] {processor.py:830} INFO - Processing file /home/airflow/.local/lib/python3.8/site-packages/airflow/example_dags/plugins/listener_plugin.py for tasks to queue
[2026-04-09T17:23:27.231+0000] {logging_mixin.py:188} INFO - [2026-04-09T17:23:27.230+0000] {dagbag.py:538} INFO - Filling up the DagBag from /home/airflow/.local/lib/python3.8/site-packages/airflow/example_dags/plugins/listener_plugin.py
[2026-04-09T17:23:27.236+0000] {processor.py:842} WARNING - No viable dags retrieved from /home/airflow/.local/lib/python3.8/site-packages/airflow/example_dags/plugins/listener_plugin.py
[2026-04-09T17:23:27.269+0000] {processor.py:183} INFO - Processing /home/airflow/.local/lib/python3.8/site-packages/airflow/example_dags/plugins/listener_plugin.py took 0.071 seconds
[2026-04-09T17:23:57.628+0000] {processor.py:161} INFO - Started process (PID=4460) to work on /home/airflow/.local/lib/python3.8/site-packages/airflow/example_dags/plugins/listener_plugin.py
[2026-04-09T17:23:57.629+0000] {processor.py:830} INFO - Processing file /home/airflow/.local/lib/python3.8/site-packages/airflow/example_dags/plugins/listener_plugin.py for tasks to queue
[2026-04-09T17:23:57.633+0000] {logging_mixin.py:188} INFO - [2026-04-09T17:23:57.633+0000] {dagbag.py:538} INFO - Filling up the DagBag from /home/airflow/.local/lib/python3.8/site-packages/airflow/example_dags/plugins/listener_plugin.py
[2026-04-09T17:23:57.637+0000] {processor.py:842} WARNING - No viable dags retrieved from /home/airflow/.local/lib/python3.8/site-packages/airflow/example_dags/plugins/listener_plugin.py
[2026-04-09T17:23:57.660+0000] {processor.py:183} INFO - Processing /home/airflow/.local/lib/python3.8/site-packages/airflow/example_dags/plugins/listener_plugin.py took 0.037 seconds
[2026-04-09T17:24:28.364+0000] {processor.py:161} INFO - Started process (PID=4517) to work on /home/airflow/.local/lib/python3.8/site-packages/airflow/example_dags/plugins/listener_plugin.py
[2026-04-09T17:24:28.365+0000] {processor.py:830} INFO - Processing file /home/airflow/.local/lib/python3.8/site-packages/airflow/example_dags/plugins/listener_plugin.py for tasks to queue
[2026-04-09T17:24:28.368+0000] {logging_mixin.py:188} INFO - [2026-04-09T17:24:28.367+0000] {dagbag.py:538} INFO - Filling up the DagBag from /home/airflow/.local/lib/python3.8/site-packages/airflow/example_dags/plugins/listener_plugin.py
[2026-04-09T17:24:28.372+0000] {processor.py:842} WARNING - No viable dags retrieved from /home/airflow/.local/lib/python3.8/site-packages/airflow/example_dags/plugins/listener_plugin.py
[2026-04-09T17:24:28.388+0000] {processor.py:183} INFO - Processing /home/airflow/.local/lib/python3.8/site-packages/airflow/example_dags/plugins/listener_plugin.py took 0.029 seconds
[2026-04-09T17:24:58.860+0000] {processor.py:161} INFO - Started process (PID=4574) to work on /home/airflow/.local/lib/python3.8/site-packages/airflow/example_dags/plugins/listener_plugin.py
[2026-04-09T17:24:58.861+0000] {processor.py:830} INFO - Processing file /home/airflow/.local/lib/python3.8/site-packages/airflow/example_dags/plugins/listener_plugin.py for tasks to queue
[2026-04-09T17:24:58.864+0000] {logging_mixin.py:188} INFO - [2026-04-09T17:24:58.863+0000] {dagbag.py:538} INFO - Filling up the DagBag from /home/airflow/.local/lib/python3.8/site-packages/airflow/example_dags/plugins/listener_plugin.py
[2026-04-09T17:24:58.867+0000] {processor.py:842} WARNING - No viable dags retrieved from /home/airflow/.local/lib/python3.8/site-packages/airflow/example_dags/plugins/listener_plugin.py
[2026-04-09T17:24:58.883+0000] {processor.py:183} INFO - Processing /home/airflow/.local/lib/python3.8/site-packages/airflow/example_dags/plugins/listener_plugin.py took 0.028 seconds
[2026-04-09T17:25:29.135+0000] {processor.py:161} INFO - Started process (PID=4631) to work on /home/airflow/.local/lib/python3.8/site-packages/airflow/example_dags/plugins/listener_plugin.py
[2026-04-09T17:25:29.136+0000] {processor.py:830} INFO - Processing file /home/airflow/.local/lib/python3.8/site-packages/airflow/example_dags/plugins/listener_plugin.py for tasks to queue
[2026-04-09T17:25:29.138+0000] {logging_mixin.py:188} INFO - [2026-04-09T17:25:29.138+0000] {dagbag.py:538} INFO - Filling up the DagBag from /home/airflow/.local/lib/python3.8/site-packages/airflow/example_dags/plugins/listener_plugin.py
[2026-04-09T17:25:29.141+0000] {processor.py:842} WARNING - No viable dags retrieved from /home/airflow/.local/lib/python3.8/site-packages/airflow/example_dags/plugins/listener_plugin.py
[2026-04-09T17:25:29.156+0000] {processor.py:183} INFO - Processing /home/airflow/.local/lib/python3.8/site-packages/airflow/example_dags/plugins/listener_plugin.py took 0.025 seconds
[2026-04-09T17:26:00.436+0000] {processor.py:161} INFO - Started process (PID=4688) to work on /home/airflow/.local/lib/python3.8/site-packages/airflow/example_dags/plugins/listener_plugin.py
[2026-04-09T17:26:00.438+0000] {processor.py:830} INFO - Processing file /home/airflow/.local/lib/python3.8/site-packages/airflow/example_dags/plugins/listener_plugin.py for tasks to queue
[2026-04-09T17:26:00.443+0000] {logging_mixin.py:188} INFO - [2026-04-09T17:26:00.442+0000] {dagbag.py:538} INFO - Filling up the DagBag from /home/airflow/.local/lib/python3.8/site-packages/airflow/example_dags/plugins/listener_plugin.py
[2026-04-09T17:26:00.451+0000] {processor.py:842} WARNING - No viable dags retrieved from /home/airflow/.local/lib/python3.8/site-packages/airflow/example_dags/plugins/listener_plugin.py
[2026-04-09T17:26:00.481+0000] {processor.py:183} INFO - Processing /home/airflow/.local/lib/python3.8/site-packages/airflow/example_dags/plugins/listener_plugin.py took 0.055 seconds
[2026-04-09T17:26:30.787+0000] {processor.py:161} INFO - Started process (PID=4745) to work on /home/airflow/.local/lib/python3.8/site-packages/airflow/example_dags/plugins/listener_plugin.py
[2026-04-09T17:26:30.791+0000] {processor.py:830} INFO - Processing file /home/airflow/.local/lib/python3.8/site-packages/airflow/example_dags/plugins/listener_plugin.py for tasks to queue
[2026-04-09T17:26:30.797+0000] {logging_mixin.py:188} INFO - [2026-04-09T17:26:30.796+0000] {dagbag.py:538} INFO - Filling up the DagBag from /home/airflow/.local/lib/python3.8/site-packages/airflow/example_dags/plugins/listener_plugin.py
[2026-04-09T17:26:30.811+0000] {processor.py:842} WARNING - No viable dags retrieved from /home/airflow/.local/lib/python3.8/site-packages/airflow/example_dags/plugins/listener_plugin.py
[2026-04-09T17:26:30.855+0000] {processor.py:183} INFO - Processing /home/airflow/.local/lib/python3.8/site-packages/airflow/example_dags/plugins/listener_plugin.py took 0.078 seconds
[2026-04-09T17:27:01.022+0000] {processor.py:161} INFO - Started process (PID=4801) to work on /home/airflow/.local/lib/python3.8/site-packages/airflow/example_dags/plugins/listener_plugin.py
[2026-04-09T17:27:01.025+0000] {processor.py:830} INFO - Processing file /home/airflow/.local/lib/python3.8/site-packages/airflow/example_dags/plugins/listener_plugin.py for tasks to queue
[2026-04-09T17:27:01.031+0000] {logging_mixin.py:188} INFO - [2026-04-09T17:27:01.030+0000] {dagbag.py:538} INFO - Filling up the DagBag from /home/airflow/.local/lib/python3.8/site-packages/airflow/example_dags/plugins/listener_plugin.py
[2026-04-09T17:27:01.043+0000] {processor.py:842} WARNING - No viable dags retrieved from /home/airflow/.local/lib/python3.8/site-packages/airflow/example_dags/plugins/listener_plugin.py
[2026-04-09T17:27:01.083+0000] {processor.py:183} INFO - Processing /home/airflow/.local/lib/python3.8/site-packages/airflow/example_dags/plugins/listener_plugin.py took 0.073 seconds
[2026-04-09T17:27:32.542+0000] {processor.py:161} INFO - Started process (PID=4859) to work on /home/airflow/.local/lib/python3.8/site-packages/airflow/example_dags/plugins/listener_plugin.py
[2026-04-09T17:27:32.545+0000] {processor.py:830} INFO - Processing file /home/airflow/.local/lib/python3.8/site-packages/airflow/example_dags/plugins/listener_plugin.py for tasks to queue
[2026-04-09T17:27:32.549+0000] {logging_mixin.py:188} INFO - [2026-04-09T17:27:32.548+0000] {dagbag.py:538} INFO - Filling up the DagBag from /home/airflow/.local/lib/python3.8/site-packages/airflow/example_dags/plugins/listener_plugin.py
[2026-04-09T17:27:32.554+0000] {processor.py:842} WARNING - No viable dags retrieved from /home/airflow/.local/lib/python3.8/site-packages/airflow/example_dags/plugins/listener_plugin.py
[2026-04-09T17:27:32.580+0000] {processor.py:183} INFO - Processing /home/airflow/.local/lib/python3.8/site-packages/airflow/example_dags/plugins/listener_plugin.py took 0.044 seconds
[2026-04-09T17:28:03.166+0000] {processor.py:161} INFO - Started process (PID=4916) to work on /home/airflow/.local/lib/python3.8/site-packages/airflow/example_dags/plugins/listener_plugin.py
[2026-04-09T17:28:03.169+0000] {processor.py:830} INFO - Processing file /home/airflow/.local/lib/python3.8/site-packages/airflow/example_dags/plugins/listener_plugin.py for tasks to queue
[2026-04-09T17:28:03.174+0000] {logging_mixin.py:188} INFO - [2026-04-09T17:28:03.173+0000] {dagbag.py:538} INFO - Filling up the DagBag from /home/airflow/.local/lib/python3.8/site-packages/airflow/example_dags/plugins/listener_plugin.py
[2026-04-09T17:28:03.181+0000] {processor.py:842} WARNING - No viable dags retrieved from /home/airflow/.local/lib/python3.8/site-packages/airflow/example_dags/plugins/listener_plugin.py
[2026-04-09T17:28:03.204+0000] {processor.py:183} INFO - Processing /home/airflow/.local/lib/python3.8/site-packages/airflow/example_dags/plugins/listener_plugin.py took 0.047 seconds
[2026-04-09T17:28:33.520+0000] {processor.py:161} INFO - Started process (PID=4973) to work on /home/airflow/.local/lib/python3.8/site-packages/airflow/example_dags/plugins/listener_plugin.py
[2026-04-09T17:28:33.522+0000] {processor.py:830} INFO - Processing file /home/airflow/.local/lib/python3.8/site-packages/airflow/example_dags/plugins/listener_plugin.py for tasks to queue
[2026-04-09T17:28:33.524+0000] {logging_mixin.py:188} INFO - [2026-04-09T17:28:33.524+0000] {dagbag.py:538} INFO - Filling up the DagBag from /home/airflow/.local/lib/python3.8/site-packages/airflow/example_dags/plugins/listener_plugin.py
[2026-04-09T17:28:33.528+0000] {processor.py:842} WARNING - No viable dags retrieved from /home/airflow/.local/lib/python3.8/site-packages/airflow/example_dags/plugins/listener_plugin.py
[2026-04-09T17:28:33.547+0000] {processor.py:183} INFO - Processing /home/airflow/.local/lib/python3.8/site-packages/airflow/example_dags/plugins/listener_plugin.py took 0.031 seconds
[2026-04-09T17:29:04.164+0000] {processor.py:161} INFO - Started process (PID=5030) to work on /home/airflow/.local/lib/python3.8/site-packages/airflow/example_dags/plugins/listener_plugin.py
[2026-04-09T17:29:04.166+0000] {processor.py:830} INFO - Processing file /home/airflow/.local/lib/python3.8/site-packages/airflow/example_dags/plugins/listener_plugin.py for tasks to queue
[2026-04-09T17:29:04.169+0000] {logging_mixin.py:188} INFO - [2026-04-09T17:29:04.169+0000] {dagbag.py:538} INFO - Filling up the DagBag from /home/airflow/.local/lib/python3.8/site-packages/airflow/example_dags/plugins/listener_plugin.py
[2026-04-09T17:29:04.174+0000] {processor.py:842} WARNING - No viable dags retrieved from /home/airflow/.local/lib/python3.8/site-packages/airflow/example_dags/plugins/listener_plugin.py
[2026-04-09T17:29:04.196+0000] {processor.py:183} INFO - Processing /home/airflow/.local/lib/python3.8/site-packages/airflow/example_dags/plugins/listener_plugin.py took 0.038 seconds
[2026-04-09T17:29:35.161+0000] {processor.py:161} INFO - Started process (PID=5087) to work on /home/airflow/.local/lib/python3.8/site-packages/airflow/example_dags/plugins/listener_plugin.py
[2026-04-09T17:29:35.163+0000] {processor.py:830} INFO - Processing file /home/airflow/.local/lib/python3.8/site-packages/airflow/example_dags/plugins/listener_plugin.py for tasks to queue
[2026-04-09T17:29:35.165+0000] {logging_mixin.py:188} INFO - [2026-04-09T17:29:35.165+0000] {dagbag.py:538} INFO - Filling up the DagBag from /home/airflow/.local/lib/python3.8/site-packages/airflow/example_dags/plugins/listener_plugin.py
[2026-04-09T17:29:35.170+0000] {processor.py:842} WARNING - No viable dags retrieved from /home/airflow/.local/lib/python3.8/site-packages/airflow/example_dags/plugins/listener_plugin.py
[2026-04-09T17:29:35.189+0000] {processor.py:183} INFO - Processing /home/airflow/.local/lib/python3.8/site-packages/airflow/example_dags/plugins/listener_plugin.py took 0.033 seconds
[2026-04-09T17:30:05.624+0000] {processor.py:161} INFO - Started process (PID=5145) to work on /home/airflow/.local/lib/python3.8/site-packages/airflow/example_dags/plugins/listener_plugin.py
[2026-04-09T17:30:05.627+0000] {processor.py:830} INFO - Processing file /home/airflow/.local/lib/python3.8/site-packages/airflow/example_dags/plugins/listener_plugin.py for tasks to queue
[2026-04-09T17:30:05.631+0000] {logging_mixin.py:188} INFO - [2026-04-09T17:30:05.630+0000] {dagbag.py:538} INFO - Filling up the DagBag from /home/airflow/.local/lib/python3.8/site-packages/airflow/example_dags/plugins/listener_plugin.py
[2026-04-09T17:30:05.637+0000] {processor.py:842} WARNING - No viable dags retrieved from /home/airflow/.local/lib/python3.8/site-packages/airflow/example_dags/plugins/listener_plugin.py
[2026-04-09T17:30:05.665+0000] {processor.py:183} INFO - Processing /home/airflow/.local/lib/python3.8/site-packages/airflow/example_dags/plugins/listener_plugin.py took 0.049 seconds
[2026-04-09T17:30:35.838+0000] {processor.py:161} INFO - Started process (PID=5201) to work on /home/airflow/.local/lib/python3.8/site-packages/airflow/example_dags/plugins/listener_plugin.py
[2026-04-09T17:30:35.840+0000] {processor.py:830} INFO - Processing file /home/airflow/.local/lib/python3.8/site-packages/airflow/example_dags/plugins/listener_plugin.py for tasks to queue
[2026-04-09T17:30:35.843+0000] {logging_mixin.py:188} INFO - [2026-04-09T17:30:35.842+0000] {dagbag.py:538} INFO - Filling up the DagBag from /home/airflow/.local/lib/python3.8/site-packages/airflow/example_dags/plugins/listener_plugin.py
[2026-04-09T17:30:35.846+0000] {processor.py:842} WARNING - No viable dags retrieved from /home/airflow/.local/lib/python3.8/site-packages/airflow/example_dags/plugins/listener_plugin.py
[2026-04-09T17:30:35.868+0000] {processor.py:183} INFO - Processing /home/airflow/.local/lib/python3.8/site-packages/airflow/example_dags/plugins/listener_plugin.py took 0.036 seconds
[2026-04-09T17:31:13.736+0000] {processor.py:161} INFO - Started process (PID=5259) to work on /home/airflow/.local/lib/python3.8/site-packages/airflow/example_dags/plugins/listener_plugin.py
[2026-04-09T17:31:13.738+0000] {processor.py:830} INFO - Processing file /home/airflow/.local/lib/python3.8/site-packages/airflow/example_dags/plugins/listener_plugin.py for tasks to queue
[2026-04-09T17:31:13.741+0000] {logging_mixin.py:188} INFO - [2026-04-09T17:31:13.741+0000] {dagbag.py:538} INFO - Filling up the DagBag from /home/airflow/.local/lib/python3.8/site-packages/airflow/example_dags/plugins/listener_plugin.py
[2026-04-09T17:31:13.747+0000] {processor.py:842} WARNING - No viable dags retrieved from /home/airflow/.local/lib/python3.8/site-packages/airflow/example_dags/plugins/listener_plugin.py
[2026-04-09T17:31:13.772+0000] {processor.py:183} INFO - Processing /home/airflow/.local/lib/python3.8/site-packages/airflow/example_dags/plugins/listener_plugin.py took 0.042 seconds
[2026-04-09T17:32:06.874+0000] {processor.py:161} INFO - Started process (PID=5323) to work on /home/airflow/.local/lib/python3.8/site-packages/airflow/example_dags/plugins/listener_plugin.py
[2026-04-09T17:32:06.877+0000] {processor.py:830} INFO - Processing file /home/airflow/.local/lib/python3.8/site-packages/airflow/example_dags/plugins/listener_plugin.py for tasks to queue
[2026-04-09T17:32:06.880+0000] {logging_mixin.py:188} INFO - [2026-04-09T17:32:06.880+0000] {dagbag.py:538} INFO - Filling up the DagBag from /home/airflow/.local/lib/python3.8/site-packages/airflow/example_dags/plugins/listener_plugin.py
[2026-04-09T17:32:06.888+0000] {processor.py:842} WARNING - No viable dags retrieved from /home/airflow/.local/lib/python3.8/site-packages/airflow/example_dags/plugins/listener_plugin.py
[2026-04-09T17:32:06.923+0000] {processor.py:183} INFO - Processing /home/airflow/.local/lib/python3.8/site-packages/airflow/example_dags/plugins/listener_plugin.py took 0.057 seconds
[2026-04-09T17:32:37.077+0000] {processor.py:161} INFO - Started process (PID=5380) to work on /home/airflow/.local/lib/python3.8/site-packages/airflow/example_dags/plugins/listener_plugin.py
[2026-04-09T17:32:37.078+0000] {processor.py:830} INFO - Processing file /home/airflow/.local/lib/python3.8/site-packages/airflow/example_dags/plugins/listener_plugin.py for tasks to queue
[2026-04-09T17:32:37.081+0000] {logging_mixin.py:188} INFO - [2026-04-09T17:32:37.080+0000] {dagbag.py:538} INFO - Filling up the DagBag from /home/airflow/.local/lib/python3.8/site-packages/airflow/example_dags/plugins/listener_plugin.py
[2026-04-09T17:32:37.085+0000] {processor.py:842} WARNING - No viable dags retrieved from /home/airflow/.local/lib/python3.8/site-packages/airflow/example_dags/plugins/listener_plugin.py
[2026-04-09T17:32:37.107+0000] {processor.py:183} INFO - Processing /home/airflow/.local/lib/python3.8/site-packages/airflow/example_dags/plugins/listener_plugin.py took 0.034 seconds
[2026-04-09T17:33:18.443+0000] {processor.py:161} INFO - Started process (PID=5444) to work on /home/airflow/.local/lib/python3.8/site-packages/airflow/example_dags/plugins/listener_plugin.py
[2026-04-09T17:33:18.445+0000] {processor.py:830} INFO - Processing file /home/airflow/.local/lib/python3.8/site-packages/airflow/example_dags/plugins/listener_plugin.py for tasks to queue
[2026-04-09T17:33:18.450+0000] {logging_mixin.py:188} INFO - [2026-04-09T17:33:18.449+0000] {dagbag.py:538} INFO - Filling up the DagBag from /home/airflow/.local/lib/python3.8/site-packages/airflow/example_dags/plugins/listener_plugin.py
[2026-04-09T17:33:18.456+0000] {processor.py:842} WARNING - No viable dags retrieved from /home/airflow/.local/lib/python3.8/site-packages/airflow/example_dags/plugins/listener_plugin.py
[2026-04-09T17:33:18.486+0000] {processor.py:183} INFO - Processing /home/airflow/.local/lib/python3.8/site-packages/airflow/example_dags/plugins/listener_plugin.py took 0.050 seconds
[2026-04-09T17:33:49.726+0000] {processor.py:161} INFO - Started process (PID=5500) to work on /home/airflow/.local/lib/python3.8/site-packages/airflow/example_dags/plugins/listener_plugin.py
[2026-04-09T17:33:49.728+0000] {processor.py:830} INFO - Processing file /home/airflow/.local/lib/python3.8/site-packages/airflow/example_dags/plugins/listener_plugin.py for tasks to queue
[2026-04-09T17:33:49.731+0000] {logging_mixin.py:188} INFO - [2026-04-09T17:33:49.730+0000] {dagbag.py:538} INFO - Filling up the DagBag from /home/airflow/.local/lib/python3.8/site-packages/airflow/example_dags/plugins/listener_plugin.py
[2026-04-09T17:33:49.736+0000] {processor.py:842} WARNING - No viable dags retrieved from /home/airflow/.local/lib/python3.8/site-packages/airflow/example_dags/plugins/listener_plugin.py
[2026-04-09T17:33:49.759+0000] {processor.py:183} INFO - Processing /home/airflow/.local/lib/python3.8/site-packages/airflow/example_dags/plugins/listener_plugin.py took 0.038 seconds
[2026-04-09T17:34:26.289+0000] {processor.py:161} INFO - Started process (PID=5558) to work on /home/airflow/.local/lib/python3.8/site-packages/airflow/example_dags/plugins/listener_plugin.py
[2026-04-09T17:34:26.293+0000] {processor.py:830} INFO - Processing file /home/airflow/.local/lib/python3.8/site-packages/airflow/example_dags/plugins/listener_plugin.py for tasks to queue
[2026-04-09T17:34:26.298+0000] {logging_mixin.py:188} INFO - [2026-04-09T17:34:26.297+0000] {dagbag.py:538} INFO - Filling up the DagBag from /home/airflow/.local/lib/python3.8/site-packages/airflow/example_dags/plugins/listener_plugin.py
[2026-04-09T17:34:26.305+0000] {processor.py:842} WARNING - No viable dags retrieved from /home/airflow/.local/lib/python3.8/site-packages/airflow/example_dags/plugins/listener_plugin.py
[2026-04-09T17:34:26.335+0000] {processor.py:183} INFO - Processing /home/airflow/.local/lib/python3.8/site-packages/airflow/example_dags/plugins/listener_plugin.py took 0.057 seconds
[2026-04-09T17:34:59.084+0000] {processor.py:161} INFO - Started process (PID=5616) to work on /home/airflow/.local/lib/python3.8/site-packages/airflow/example_dags/plugins/listener_plugin.py
[2026-04-09T17:34:59.086+0000] {processor.py:830} INFO - Processing file /home/airflow/.local/lib/python3.8/site-packages/airflow/example_dags/plugins/listener_plugin.py for tasks to queue
[2026-04-09T17:34:59.090+0000] {logging_mixin.py:188} INFO - [2026-04-09T17:34:59.090+0000] {dagbag.py:538} INFO - Filling up the DagBag from /home/airflow/.local/lib/python3.8/site-packages/airflow/example_dags/plugins/listener_plugin.py
[2026-04-09T17:34:59.095+0000] {processor.py:842} WARNING - No viable dags retrieved from /home/airflow/.local/lib/python3.8/site-packages/airflow/example_dags/plugins/listener_plugin.py
[2026-04-09T17:34:59.121+0000] {processor.py:183} INFO - Processing /home/airflow/.local/lib/python3.8/site-packages/airflow/example_dags/plugins/listener_plugin.py took 0.045 seconds
[2026-04-09T17:35:30.583+0000] {processor.py:161} INFO - Started process (PID=5673) to work on /home/airflow/.local/lib/python3.8/site-packages/airflow/example_dags/plugins/listener_plugin.py
[2026-04-09T17:35:30.586+0000] {processor.py:830} INFO - Processing file /home/airflow/.local/lib/python3.8/site-packages/airflow/example_dags/plugins/listener_plugin.py for tasks to queue
[2026-04-09T17:35:30.591+0000] {logging_mixin.py:188} INFO - [2026-04-09T17:35:30.590+0000] {dagbag.py:538} INFO - Filling up the DagBag from /home/airflow/.local/lib/python3.8/site-packages/airflow/example_dags/plugins/listener_plugin.py
[2026-04-09T17:35:30.600+0000] {processor.py:842} WARNING - No viable dags retrieved from /home/airflow/.local/lib/python3.8/site-packages/airflow/example_dags/plugins/listener_plugin.py
[2026-04-09T17:35:30.637+0000] {processor.py:183} INFO - Processing /home/airflow/.local/lib/python3.8/site-packages/airflow/example_dags/plugins/listener_plugin.py took 0.063 seconds
[2026-04-09T17:36:00.839+0000] {processor.py:161} INFO - Started process (PID=5729) to work on /home/airflow/.local/lib/python3.8/site-packages/airflow/example_dags/plugins/listener_plugin.py
[2026-04-09T17:36:00.841+0000] {processor.py:830} INFO - Processing file /home/airflow/.local/lib/python3.8/site-packages/airflow/example_dags/plugins/listener_plugin.py for tasks to queue
[2026-04-09T17:36:00.845+0000] {logging_mixin.py:188} INFO - [2026-04-09T17:36:00.844+0000] {dagbag.py:538} INFO - Filling up the DagBag from /home/airflow/.local/lib/python3.8/site-packages/airflow/example_dags/plugins/listener_plugin.py
[2026-04-09T17:36:00.851+0000] {processor.py:842} WARNING - No viable dags retrieved from /home/airflow/.local/lib/python3.8/site-packages/airflow/example_dags/plugins/listener_plugin.py
[2026-04-09T17:36:00.880+0000] {processor.py:183} INFO - Processing /home/airflow/.local/lib/python3.8/site-packages/airflow/example_dags/plugins/listener_plugin.py took 0.046 seconds
[2026-04-09T17:36:35.382+0000] {processor.py:161} INFO - Started process (PID=5788) to work on /home/airflow/.local/lib/python3.8/site-packages/airflow/example_dags/plugins/listener_plugin.py
[2026-04-09T17:36:35.384+0000] {processor.py:830} INFO - Processing file /home/airflow/.local/lib/python3.8/site-packages/airflow/example_dags/plugins/listener_plugin.py for tasks to queue
[2026-04-09T17:36:35.386+0000] {logging_mixin.py:188} INFO - [2026-04-09T17:36:35.386+0000] {dagbag.py:538} INFO - Filling up the DagBag from /home/airflow/.local/lib/python3.8/site-packages/airflow/example_dags/plugins/listener_plugin.py
[2026-04-09T17:36:35.390+0000] {processor.py:842} WARNING - No viable dags retrieved from /home/airflow/.local/lib/python3.8/site-packages/airflow/example_dags/plugins/listener_plugin.py
[2026-04-09T17:36:35.415+0000] {processor.py:183} INFO - Processing /home/airflow/.local/lib/python3.8/site-packages/airflow/example_dags/plugins/listener_plugin.py took 0.040 seconds
[2026-04-09T17:37:06.561+0000] {processor.py:161} INFO - Started process (PID=5846) to work on /home/airflow/.local/lib/python3.8/site-packages/airflow/example_dags/plugins/listener_plugin.py
[2026-04-09T17:37:06.563+0000] {processor.py:830} INFO - Processing file /home/airflow/.local/lib/python3.8/site-packages/airflow/example_dags/plugins/listener_plugin.py for tasks to queue
[2026-04-09T17:37:06.567+0000] {logging_mixin.py:188} INFO - [2026-04-09T17:37:06.567+0000] {dagbag.py:538} INFO - Filling up the DagBag from /home/airflow/.local/lib/python3.8/site-packages/airflow/example_dags/plugins/listener_plugin.py
[2026-04-09T17:37:06.571+0000] {processor.py:842} WARNING - No viable dags retrieved from /home/airflow/.local/lib/python3.8/site-packages/airflow/example_dags/plugins/listener_plugin.py
[2026-04-09T17:37:06.594+0000] {processor.py:183} INFO - Processing /home/airflow/.local/lib/python3.8/site-packages/airflow/example_dags/plugins/listener_plugin.py took 0.040 seconds
[2026-04-09T17:37:36.734+0000] {processor.py:161} INFO - Started process (PID=5903) to work on /home/airflow/.local/lib/python3.8/site-packages/airflow/example_dags/plugins/listener_plugin.py
[2026-04-09T17:37:36.735+0000] {processor.py:830} INFO - Processing file /home/airflow/.local/lib/python3.8/site-packages/airflow/example_dags/plugins/listener_plugin.py for tasks to queue
[2026-04-09T17:37:36.738+0000] {logging_mixin.py:188} INFO - [2026-04-09T17:37:36.738+0000] {dagbag.py:538} INFO - Filling up the DagBag from /home/airflow/.local/lib/python3.8/site-packages/airflow/example_dags/plugins/listener_plugin.py
[2026-04-09T17:37:36.742+0000] {processor.py:842} WARNING - No viable dags retrieved from /home/airflow/.local/lib/python3.8/site-packages/airflow/example_dags/plugins/listener_plugin.py
[2026-04-09T17:37:36.762+0000] {processor.py:183} INFO - Processing /home/airflow/.local/lib/python3.8/site-packages/airflow/example_dags/plugins/listener_plugin.py took 0.033 seconds
[2026-04-09T17:38:06.901+0000] {processor.py:161} INFO - Started process (PID=5958) to work on /home/airflow/.local/lib/python3.8/site-packages/airflow/example_dags/plugins/listener_plugin.py
[2026-04-09T17:38:06.902+0000] {processor.py:830} INFO - Processing file /home/airflow/.local/lib/python3.8/site-packages/airflow/example_dags/plugins/listener_plugin.py for tasks to queue
[2026-04-09T17:38:06.905+0000] {logging_mixin.py:188} INFO - [2026-04-09T17:38:06.905+0000] {dagbag.py:538} INFO - Filling up the DagBag from /home/airflow/.local/lib/python3.8/site-packages/airflow/example_dags/plugins/listener_plugin.py
[2026-04-09T17:38:06.909+0000] {processor.py:842} WARNING - No viable dags retrieved from /home/airflow/.local/lib/python3.8/site-packages/airflow/example_dags/plugins/listener_plugin.py
[2026-04-09T17:38:06.929+0000] {processor.py:183} INFO - Processing /home/airflow/.local/lib/python3.8/site-packages/airflow/example_dags/plugins/listener_plugin.py took 0.032 seconds
[2026-04-09T17:38:37.246+0000] {processor.py:161} INFO - Started process (PID=6015) to work on /home/airflow/.local/lib/python3.8/site-packages/airflow/example_dags/plugins/listener_plugin.py
[2026-04-09T17:38:37.249+0000] {processor.py:830} INFO - Processing file /home/airflow/.local/lib/python3.8/site-packages/airflow/example_dags/plugins/listener_plugin.py for tasks to queue
[2026-04-09T17:38:37.254+0000] {logging_mixin.py:188} INFO - [2026-04-09T17:38:37.253+0000] {dagbag.py:538} INFO - Filling up the DagBag from /home/airflow/.local/lib/python3.8/site-packages/airflow/example_dags/plugins/listener_plugin.py
[2026-04-09T17:38:37.261+0000] {processor.py:842} WARNING - No viable dags retrieved from /home/airflow/.local/lib/python3.8/site-packages/airflow/example_dags/plugins/listener_plugin.py
[2026-04-09T17:38:37.299+0000] {processor.py:183} INFO - Processing /home/airflow/.local/lib/python3.8/site-packages/airflow/example_dags/plugins/listener_plugin.py took 0.062 seconds
[2026-04-09T17:39:07.829+0000] {processor.py:161} INFO - Started process (PID=6071) to work on /home/airflow/.local/lib/python3.8/site-packages/airflow/example_dags/plugins/listener_plugin.py
[2026-04-09T17:39:07.832+0000] {processor.py:830} INFO - Processing file /home/airflow/.local/lib/python3.8/site-packages/airflow/example_dags/plugins/listener_plugin.py for tasks to queue
[2026-04-09T17:39:07.837+0000] {logging_mixin.py:188} INFO - [2026-04-09T17:39:07.836+0000] {dagbag.py:538} INFO - Filling up the DagBag from /home/airflow/.local/lib/python3.8/site-packages/airflow/example_dags/plugins/listener_plugin.py
[2026-04-09T17:39:07.846+0000] {processor.py:842} WARNING - No viable dags retrieved from /home/airflow/.local/lib/python3.8/site-packages/airflow/example_dags/plugins/listener_plugin.py
[2026-04-09T17:39:07.870+0000] {processor.py:183} INFO - Processing /home/airflow/.local/lib/python3.8/site-packages/airflow/example_dags/plugins/listener_plugin.py took 0.052 seconds
[2026-04-09T17:39:38.265+0000] {processor.py:161} INFO - Started process (PID=6129) to work on /home/airflow/.local/lib/python3.8/site-packages/airflow/example_dags/plugins/listener_plugin.py
[2026-04-09T17:39:38.267+0000] {processor.py:830} INFO - Processing file /home/airflow/.local/lib/python3.8/site-packages/airflow/example_dags/plugins/listener_plugin.py for tasks to queue
[2026-04-09T17:39:38.270+0000] {logging_mixin.py:188} INFO - [2026-04-09T17:39:38.269+0000] {dagbag.py:538} INFO - Filling up the DagBag from /home/airflow/.local/lib/python3.8/site-packages/airflow/example_dags/plugins/listener_plugin.py
[2026-04-09T17:39:38.275+0000] {processor.py:842} WARNING - No viable dags retrieved from /home/airflow/.local/lib/python3.8/site-packages/airflow/example_dags/plugins/listener_plugin.py
[2026-04-09T17:39:38.298+0000] {processor.py:183} INFO - Processing /home/airflow/.local/lib/python3.8/site-packages/airflow/example_dags/plugins/listener_plugin.py took 0.038 seconds
[2026-04-09T17:40:08.880+0000] {processor.py:161} INFO - Started process (PID=6186) to work on /home/airflow/.local/lib/python3.8/site-packages/airflow/example_dags/plugins/listener_plugin.py
[2026-04-09T17:40:08.883+0000] {processor.py:830} INFO - Processing file /home/airflow/.local/lib/python3.8/site-packages/airflow/example_dags/plugins/listener_plugin.py for tasks to queue
[2026-04-09T17:40:08.887+0000] {logging_mixin.py:188} INFO - [2026-04-09T17:40:08.886+0000] {dagbag.py:538} INFO - Filling up the DagBag from /home/airflow/.local/lib/python3.8/site-packages/airflow/example_dags/plugins/listener_plugin.py
[2026-04-09T17:40:08.894+0000] {processor.py:842} WARNING - No viable dags retrieved from /home/airflow/.local/lib/python3.8/site-packages/airflow/example_dags/plugins/listener_plugin.py
[2026-04-09T17:40:08.915+0000] {processor.py:183} INFO - Processing /home/airflow/.local/lib/python3.8/site-packages/airflow/example_dags/plugins/listener_plugin.py took 0.040 seconds
[2026-04-09T17:40:41.929+0000] {processor.py:161} INFO - Started process (PID=6244) to work on /home/airflow/.local/lib/python3.8/site-packages/airflow/example_dags/plugins/listener_plugin.py
[2026-04-09T17:40:41.930+0000] {processor.py:830} INFO - Processing file /home/airflow/.local/lib/python3.8/site-packages/airflow/example_dags/plugins/listener_plugin.py for tasks to queue
[2026-04-09T17:40:41.933+0000] {logging_mixin.py:188} INFO - [2026-04-09T17:40:41.933+0000] {dagbag.py:538} INFO - Filling up the DagBag from /home/airflow/.local/lib/python3.8/site-packages/airflow/example_dags/plugins/listener_plugin.py
[2026-04-09T17:40:41.937+0000] {processor.py:842} WARNING - No viable dags retrieved from /home/airflow/.local/lib/python3.8/site-packages/airflow/example_dags/plugins/listener_plugin.py
[2026-04-09T17:40:41.957+0000] {processor.py:183} INFO - Processing /home/airflow/.local/lib/python3.8/site-packages/airflow/example_dags/plugins/listener_plugin.py took 0.032 seconds
[2026-04-09T17:41:12.430+0000] {processor.py:161} INFO - Started process (PID=6300) to work on /home/airflow/.local/lib/python3.8/site-packages/airflow/example_dags/plugins/listener_plugin.py
[2026-04-09T17:41:12.432+0000] {processor.py:830} INFO - Processing file /home/airflow/.local/lib/python3.8/site-packages/airflow/example_dags/plugins/listener_plugin.py for tasks to queue
[2026-04-09T17:41:12.435+0000] {logging_mixin.py:188} INFO - [2026-04-09T17:41:12.434+0000] {dagbag.py:538} INFO - Filling up the DagBag from /home/airflow/.local/lib/python3.8/site-packages/airflow/example_dags/plugins/listener_plugin.py
[2026-04-09T17:41:12.440+0000] {processor.py:842} WARNING - No viable dags retrieved from /home/airflow/.local/lib/python3.8/site-packages/airflow/example_dags/plugins/listener_plugin.py
[2026-04-09T17:41:12.462+0000] {processor.py:183} INFO - Processing /home/airflow/.local/lib/python3.8/site-packages/airflow/example_dags/plugins/listener_plugin.py took 0.037 seconds
[2026-04-09T17:41:42.954+0000] {processor.py:161} INFO - Started process (PID=6356) to work on /home/airflow/.local/lib/python3.8/site-packages/airflow/example_dags/plugins/listener_plugin.py
[2026-04-09T17:41:42.957+0000] {processor.py:830} INFO - Processing file /home/airflow/.local/lib/python3.8/site-packages/airflow/example_dags/plugins/listener_plugin.py for tasks to queue
[2026-04-09T17:41:42.962+0000] {logging_mixin.py:188} INFO - [2026-04-09T17:41:42.962+0000] {dagbag.py:538} INFO - Filling up the DagBag from /home/airflow/.local/lib/python3.8/site-packages/airflow/example_dags/plugins/listener_plugin.py
[2026-04-09T17:41:42.970+0000] {processor.py:842} WARNING - No viable dags retrieved from /home/airflow/.local/lib/python3.8/site-packages/airflow/example_dags/plugins/listener_plugin.py
[2026-04-09T17:41:43.008+0000] {processor.py:183} INFO - Processing /home/airflow/.local/lib/python3.8/site-packages/airflow/example_dags/plugins/listener_plugin.py took 0.063 seconds
[2026-04-09T17:42:13.588+0000] {processor.py:161} INFO - Started process (PID=6414) to work on /home/airflow/.local/lib/python3.8/site-packages/airflow/example_dags/plugins/listener_plugin.py
[2026-04-09T17:42:13.590+0000] {processor.py:830} INFO - Processing file /home/airflow/.local/lib/python3.8/site-packages/airflow/example_dags/plugins/listener_plugin.py for tasks to queue
[2026-04-09T17:42:13.594+0000] {logging_mixin.py:188} INFO - [2026-04-09T17:42:13.593+0000] {dagbag.py:538} INFO - Filling up the DagBag from /home/airflow/.local/lib/python3.8/site-packages/airflow/example_dags/plugins/listener_plugin.py
[2026-04-09T17:42:13.599+0000] {processor.py:842} WARNING - No viable dags retrieved from /home/airflow/.local/lib/python3.8/site-packages/airflow/example_dags/plugins/listener_plugin.py
[2026-04-09T17:42:13.621+0000] {processor.py:183} INFO - Processing /home/airflow/.local/lib/python3.8/site-packages/airflow/example_dags/plugins/listener_plugin.py took 0.040 seconds
[2026-04-09T17:42:43.928+0000] {processor.py:161} INFO - Started process (PID=6471) to work on /home/airflow/.local/lib/python3.8/site-packages/airflow/example_dags/plugins/listener_plugin.py
[2026-04-09T17:42:43.931+0000] {processor.py:830} INFO - Processing file /home/airflow/.local/lib/python3.8/site-packages/airflow/example_dags/plugins/listener_plugin.py for tasks to queue
[2026-04-09T17:42:43.934+0000] {logging_mixin.py:188} INFO - [2026-04-09T17:42:43.934+0000] {dagbag.py:538} INFO - Filling up the DagBag from /home/airflow/.local/lib/python3.8/site-packages/airflow/example_dags/plugins/listener_plugin.py
[2026-04-09T17:42:43.940+0000] {processor.py:842} WARNING - No viable dags retrieved from /home/airflow/.local/lib/python3.8/site-packages/airflow/example_dags/plugins/listener_plugin.py
[2026-04-09T17:42:43.962+0000] {processor.py:183} INFO - Processing /home/airflow/.local/lib/python3.8/site-packages/airflow/example_dags/plugins/listener_plugin.py took 0.041 seconds
[2026-04-09T17:43:14.728+0000] {processor.py:161} INFO - Started process (PID=6528) to work on /home/airflow/.local/lib/python3.8/site-packages/airflow/example_dags/plugins/listener_plugin.py
[2026-04-09T17:43:14.730+0000] {processor.py:830} INFO - Processing file /home/airflow/.local/lib/python3.8/site-packages/airflow/example_dags/plugins/listener_plugin.py for tasks to queue
[2026-04-09T17:43:14.733+0000] {logging_mixin.py:188} INFO - [2026-04-09T17:43:14.732+0000] {dagbag.py:538} INFO - Filling up the DagBag from /home/airflow/.local/lib/python3.8/site-packages/airflow/example_dags/plugins/listener_plugin.py
[2026-04-09T17:43:14.738+0000] {processor.py:842} WARNING - No viable dags retrieved from /home/airflow/.local/lib/python3.8/site-packages/airflow/example_dags/plugins/listener_plugin.py
[2026-04-09T17:43:14.767+0000] {processor.py:183} INFO - Processing /home/airflow/.local/lib/python3.8/site-packages/airflow/example_dags/plugins/listener_plugin.py took 0.045 seconds
[2026-04-09T17:43:45.331+0000] {processor.py:161} INFO - Started process (PID=6585) to work on /home/airflow/.local/lib/python3.8/site-packages/airflow/example_dags/plugins/listener_plugin.py
[2026-04-09T17:43:45.333+0000] {processor.py:830} INFO - Processing file /home/airflow/.local/lib/python3.8/site-packages/airflow/example_dags/plugins/listener_plugin.py for tasks to queue
[2026-04-09T17:43:45.339+0000] {logging_mixin.py:188} INFO - [2026-04-09T17:43:45.338+0000] {dagbag.py:538} INFO - Filling up the DagBag from /home/airflow/.local/lib/python3.8/site-packages/airflow/example_dags/plugins/listener_plugin.py
[2026-04-09T17:43:45.347+0000] {processor.py:842} WARNING - No viable dags retrieved from /home/airflow/.local/lib/python3.8/site-packages/airflow/example_dags/plugins/listener_plugin.py
[2026-04-09T17:43:45.387+0000] {processor.py:183} INFO - Processing /home/airflow/.local/lib/python3.8/site-packages/airflow/example_dags/plugins/listener_plugin.py took 0.065 seconds
[2026-04-09T17:44:15.746+0000] {processor.py:161} INFO - Started process (PID=6642) to work on /home/airflow/.local/lib/python3.8/site-packages/airflow/example_dags/plugins/listener_plugin.py
[2026-04-09T17:44:15.749+0000] {processor.py:830} INFO - Processing file /home/airflow/.local/lib/python3.8/site-packages/airflow/example_dags/plugins/listener_plugin.py for tasks to queue
[2026-04-09T17:44:15.754+0000] {logging_mixin.py:188} INFO - [2026-04-09T17:44:15.753+0000] {dagbag.py:538} INFO - Filling up the DagBag from /home/airflow/.local/lib/python3.8/site-packages/airflow/example_dags/plugins/listener_plugin.py
[2026-04-09T17:44:15.764+0000] {processor.py:842} WARNING - No viable dags retrieved from /home/airflow/.local/lib/python3.8/site-packages/airflow/example_dags/plugins/listener_plugin.py
[2026-04-09T17:44:15.805+0000] {processor.py:183} INFO - Processing /home/airflow/.local/lib/python3.8/site-packages/airflow/example_dags/plugins/listener_plugin.py took 0.066 seconds
[2026-04-09T17:44:46.859+0000] {processor.py:161} INFO - Started process (PID=6699) to work on /home/airflow/.local/lib/python3.8/site-packages/airflow/example_dags/plugins/listener_plugin.py
[2026-04-09T17:44:46.862+0000] {processor.py:830} INFO - Processing file /home/airflow/.local/lib/python3.8/site-packages/airflow/example_dags/plugins/listener_plugin.py for tasks to queue
[2026-04-09T17:44:46.869+0000] {logging_mixin.py:188} INFO - [2026-04-09T17:44:46.868+0000] {dagbag.py:538} INFO - Filling up the DagBag from /home/airflow/.local/lib/python3.8/site-packages/airflow/example_dags/plugins/listener_plugin.py
[2026-04-09T17:44:46.877+0000] {processor.py:842} WARNING - No viable dags retrieved from /home/airflow/.local/lib/python3.8/site-packages/airflow/example_dags/plugins/listener_plugin.py
[2026-04-09T17:44:46.925+0000] {processor.py:183} INFO - Processing /home/airflow/.local/lib/python3.8/site-packages/airflow/example_dags/plugins/listener_plugin.py took 0.077 seconds
[2026-04-09T17:45:17.215+0000] {processor.py:161} INFO - Started process (PID=6756) to work on /home/airflow/.local/lib/python3.8/site-packages/airflow/example_dags/plugins/listener_plugin.py
[2026-04-09T17:45:17.218+0000] {processor.py:830} INFO - Processing file /home/airflow/.local/lib/python3.8/site-packages/airflow/example_dags/plugins/listener_plugin.py for tasks to queue
[2026-04-09T17:45:17.223+0000] {logging_mixin.py:188} INFO - [2026-04-09T17:45:17.222+0000] {dagbag.py:538} INFO - Filling up the DagBag from /home/airflow/.local/lib/python3.8/site-packages/airflow/example_dags/plugins/listener_plugin.py
[2026-04-09T17:45:17.229+0000] {processor.py:842} WARNING - No viable dags retrieved from /home/airflow/.local/lib/python3.8/site-packages/airflow/example_dags/plugins/listener_plugin.py
[2026-04-09T17:45:17.258+0000] {processor.py:183} INFO - Processing /home/airflow/.local/lib/python3.8/site-packages/airflow/example_dags/plugins/listener_plugin.py took 0.051 seconds
[2026-04-09T17:45:47.473+0000] {processor.py:161} INFO - Started process (PID=6818) to work on /home/airflow/.local/lib/python3.8/site-packages/airflow/example_dags/plugins/listener_plugin.py
[2026-04-09T17:45:47.475+0000] {processor.py:830} INFO - Processing file /home/airflow/.local/lib/python3.8/site-packages/airflow/example_dags/plugins/listener_plugin.py for tasks to queue
[2026-04-09T17:45:47.479+0000] {logging_mixin.py:188} INFO - [2026-04-09T17:45:47.478+0000] {dagbag.py:538} INFO - Filling up the DagBag from /home/airflow/.local/lib/python3.8/site-packages/airflow/example_dags/plugins/listener_plugin.py
[2026-04-09T17:45:47.486+0000] {processor.py:842} WARNING - No viable dags retrieved from /home/airflow/.local/lib/python3.8/site-packages/airflow/example_dags/plugins/listener_plugin.py
[2026-04-09T17:45:47.512+0000] {processor.py:183} INFO - Processing /home/airflow/.local/lib/python3.8/site-packages/airflow/example_dags/plugins/listener_plugin.py took 0.049 seconds
[2026-04-09T17:46:17.975+0000] {processor.py:161} INFO - Started process (PID=6875) to work on /home/airflow/.local/lib/python3.8/site-packages/airflow/example_dags/plugins/listener_plugin.py
[2026-04-09T17:46:17.978+0000] {processor.py:830} INFO - Processing file /home/airflow/.local/lib/python3.8/site-packages/airflow/example_dags/plugins/listener_plugin.py for tasks to queue
[2026-04-09T17:46:17.984+0000] {logging_mixin.py:188} INFO - [2026-04-09T17:46:17.983+0000] {dagbag.py:538} INFO - Filling up the DagBag from /home/airflow/.local/lib/python3.8/site-packages/airflow/example_dags/plugins/listener_plugin.py
[2026-04-09T17:46:17.991+0000] {processor.py:842} WARNING - No viable dags retrieved from /home/airflow/.local/lib/python3.8/site-packages/airflow/example_dags/plugins/listener_plugin.py
[2026-04-09T17:46:18.028+0000] {processor.py:183} INFO - Processing /home/airflow/.local/lib/python3.8/site-packages/airflow/example_dags/plugins/listener_plugin.py took 0.062 seconds
[2026-04-09T17:46:49.452+0000] {processor.py:161} INFO - Started process (PID=6933) to work on /home/airflow/.local/lib/python3.8/site-packages/airflow/example_dags/plugins/listener_plugin.py
[2026-04-09T17:46:49.455+0000] {processor.py:830} INFO - Processing file /home/airflow/.local/lib/python3.8/site-packages/airflow/example_dags/plugins/listener_plugin.py for tasks to queue
[2026-04-09T17:46:49.460+0000] {logging_mixin.py:188} INFO - [2026-04-09T17:46:49.459+0000] {dagbag.py:538} INFO - Filling up the DagBag from /home/airflow/.local/lib/python3.8/site-packages/airflow/example_dags/plugins/listener_plugin.py
[2026-04-09T17:46:49.466+0000] {processor.py:842} WARNING - No viable dags retrieved from /home/airflow/.local/lib/python3.8/site-packages/airflow/example_dags/plugins/listener_plugin.py
[2026-04-09T17:46:49.495+0000] {processor.py:183} INFO - Processing /home/airflow/.local/lib/python3.8/site-packages/airflow/example_dags/plugins/listener_plugin.py took 0.049 seconds
[2026-04-09T17:47:22.576+0000] {processor.py:161} INFO - Started process (PID=6990) to work on /home/airflow/.local/lib/python3.8/site-packages/airflow/example_dags/plugins/listener_plugin.py
[2026-04-09T17:47:22.579+0000] {processor.py:830} INFO - Processing file /home/airflow/.local/lib/python3.8/site-packages/airflow/example_dags/plugins/listener_plugin.py for tasks to queue
[2026-04-09T17:47:22.584+0000] {logging_mixin.py:188} INFO - [2026-04-09T17:47:22.584+0000] {dagbag.py:538} INFO - Filling up the DagBag from /home/airflow/.local/lib/python3.8/site-packages/airflow/example_dags/plugins/listener_plugin.py
[2026-04-09T17:47:22.590+0000] {processor.py:842} WARNING - No viable dags retrieved from /home/airflow/.local/lib/python3.8/site-packages/airflow/example_dags/plugins/listener_plugin.py
[2026-04-09T17:47:22.625+0000] {processor.py:183} INFO - Processing /home/airflow/.local/lib/python3.8/site-packages/airflow/example_dags/plugins/listener_plugin.py took 0.058 seconds
[2026-04-09T17:47:53.502+0000] {processor.py:161} INFO - Started process (PID=7047) to work on /home/airflow/.local/lib/python3.8/site-packages/airflow/example_dags/plugins/listener_plugin.py
[2026-04-09T17:47:53.505+0000] {processor.py:830} INFO - Processing file /home/airflow/.local/lib/python3.8/site-packages/airflow/example_dags/plugins/listener_plugin.py for tasks to queue
[2026-04-09T17:47:53.510+0000] {logging_mixin.py:188} INFO - [2026-04-09T17:47:53.509+0000] {dagbag.py:538} INFO - Filling up the DagBag from /home/airflow/.local/lib/python3.8/site-packages/airflow/example_dags/plugins/listener_plugin.py
[2026-04-09T17:47:53.517+0000] {processor.py:842} WARNING - No viable dags retrieved from /home/airflow/.local/lib/python3.8/site-packages/airflow/example_dags/plugins/listener_plugin.py
[2026-04-09T17:47:53.560+0000] {processor.py:183} INFO - Processing /home/airflow/.local/lib/python3.8/site-packages/airflow/example_dags/plugins/listener_plugin.py took 0.068 seconds
[2026-04-09T17:48:23.951+0000] {processor.py:161} INFO - Started process (PID=7105) to work on /home/airflow/.local/lib/python3.8/site-packages/airflow/example_dags/plugins/listener_plugin.py
[2026-04-09T17:48:23.953+0000] {processor.py:830} INFO - Processing file /home/airflow/.local/lib/python3.8/site-packages/airflow/example_dags/plugins/listener_plugin.py for tasks to queue
[2026-04-09T17:48:23.956+0000] {logging_mixin.py:188} INFO - [2026-04-09T17:48:23.955+0000] {dagbag.py:538} INFO - Filling up the DagBag from /home/airflow/.local/lib/python3.8/site-packages/airflow/example_dags/plugins/listener_plugin.py
[2026-04-09T17:48:23.959+0000] {processor.py:842} WARNING - No viable dags retrieved from /home/airflow/.local/lib/python3.8/site-packages/airflow/example_dags/plugins/listener_plugin.py
[2026-04-09T17:48:23.980+0000] {processor.py:183} INFO - Processing /home/airflow/.local/lib/python3.8/site-packages/airflow/example_dags/plugins/listener_plugin.py took 0.033 seconds
[2026-04-09T17:48:54.831+0000] {processor.py:161} INFO - Started process (PID=7162) to work on /home/airflow/.local/lib/python3.8/site-packages/airflow/example_dags/plugins/listener_plugin.py
[2026-04-09T17:48:54.832+0000] {processor.py:830} INFO - Processing file /home/airflow/.local/lib/python3.8/site-packages/airflow/example_dags/plugins/listener_plugin.py for tasks to queue
[2026-04-09T17:48:54.835+0000] {logging_mixin.py:188} INFO - [2026-04-09T17:48:54.834+0000] {dagbag.py:538} INFO - Filling up the DagBag from /home/airflow/.local/lib/python3.8/site-packages/airflow/example_dags/plugins/listener_plugin.py
[2026-04-09T17:48:54.839+0000] {processor.py:842} WARNING - No viable dags retrieved from /home/airflow/.local/lib/python3.8/site-packages/airflow/example_dags/plugins/listener_plugin.py
[2026-04-09T17:48:54.861+0000] {processor.py:183} INFO - Processing /home/airflow/.local/lib/python3.8/site-packages/airflow/example_dags/plugins/listener_plugin.py took 0.034 seconds
[2026-04-09T17:49:25.512+0000] {processor.py:161} INFO - Started process (PID=7219) to work on /home/airflow/.local/lib/python3.8/site-packages/airflow/example_dags/plugins/listener_plugin.py
[2026-04-09T17:49:25.514+0000] {processor.py:830} INFO - Processing file /home/airflow/.local/lib/python3.8/site-packages/airflow/example_dags/plugins/listener_plugin.py for tasks to queue
[2026-04-09T17:49:25.518+0000] {logging_mixin.py:188} INFO - [2026-04-09T17:49:25.517+0000] {dagbag.py:538} INFO - Filling up the DagBag from /home/airflow/.local/lib/python3.8/site-packages/airflow/example_dags/plugins/listener_plugin.py
[2026-04-09T17:49:25.523+0000] {processor.py:842} WARNING - No viable dags retrieved from /home/airflow/.local/lib/python3.8/site-packages/airflow/example_dags/plugins/listener_plugin.py
[2026-04-09T17:49:25.545+0000] {processor.py:183} INFO - Processing /home/airflow/.local/lib/python3.8/site-packages/airflow/example_dags/plugins/listener_plugin.py took 0.038 seconds
[2026-04-09T17:49:56.444+0000] {processor.py:161} INFO - Started process (PID=7276) to work on /home/airflow/.local/lib/python3.8/site-packages/airflow/example_dags/plugins/listener_plugin.py
[2026-04-09T17:49:56.446+0000] {processor.py:830} INFO - Processing file /home/airflow/.local/lib/python3.8/site-packages/airflow/example_dags/plugins/listener_plugin.py for tasks to queue
[2026-04-09T17:49:56.448+0000] {logging_mixin.py:188} INFO - [2026-04-09T17:49:56.448+0000] {dagbag.py:538} INFO - Filling up the DagBag from /home/airflow/.local/lib/python3.8/site-packages/airflow/example_dags/plugins/listener_plugin.py
[2026-04-09T17:49:56.452+0000] {processor.py:842} WARNING - No viable dags retrieved from /home/airflow/.local/lib/python3.8/site-packages/airflow/example_dags/plugins/listener_plugin.py
[2026-04-09T17:49:56.480+0000] {processor.py:183} INFO - Processing /home/airflow/.local/lib/python3.8/site-packages/airflow/example_dags/plugins/listener_plugin.py took 0.041 seconds
[2026-04-09T17:50:26.816+0000] {processor.py:161} INFO - Started process (PID=7333) to work on /home/airflow/.local/lib/python3.8/site-packages/airflow/example_dags/plugins/listener_plugin.py
[2026-04-09T17:50:26.819+0000] {processor.py:830} INFO - Processing file /home/airflow/.local/lib/python3.8/site-packages/airflow/example_dags/plugins/listener_plugin.py for tasks to queue
[2026-04-09T17:50:26.824+0000] {logging_mixin.py:188} INFO - [2026-04-09T17:50:26.823+0000] {dagbag.py:538} INFO - Filling up the DagBag from /home/airflow/.local/lib/python3.8/site-packages/airflow/example_dags/plugins/listener_plugin.py
[2026-04-09T17:50:26.830+0000] {processor.py:842} WARNING - No viable dags retrieved from /home/airflow/.local/lib/python3.8/site-packages/airflow/example_dags/plugins/listener_plugin.py
[2026-04-09T17:50:26.854+0000] {processor.py:183} INFO - Processing /home/airflow/.local/lib/python3.8/site-packages/airflow/example_dags/plugins/listener_plugin.py took 0.046 seconds
[2026-04-09T17:50:57.673+0000] {processor.py:161} INFO - Started process (PID=7390) to work on /home/airflow/.local/lib/python3.8/site-packages/airflow/example_dags/plugins/listener_plugin.py
[2026-04-09T17:50:57.676+0000] {processor.py:830} INFO - Processing file /home/airflow/.local/lib/python3.8/site-packages/airflow/example_dags/plugins/listener_plugin.py for tasks to queue
[2026-04-09T17:50:57.681+0000] {logging_mixin.py:188} INFO - [2026-04-09T17:50:57.680+0000] {dagbag.py:538} INFO - Filling up the DagBag from /home/airflow/.local/lib/python3.8/site-packages/airflow/example_dags/plugins/listener_plugin.py
[2026-04-09T17:50:57.688+0000] {processor.py:842} WARNING - No viable dags retrieved from /home/airflow/.local/lib/python3.8/site-packages/airflow/example_dags/plugins/listener_plugin.py
[2026-04-09T17:50:57.725+0000] {processor.py:183} INFO - Processing /home/airflow/.local/lib/python3.8/site-packages/airflow/example_dags/plugins/listener_plugin.py took 0.062 seconds
[2026-04-09T17:51:28.094+0000] {processor.py:161} INFO - Started process (PID=7447) to work on /home/airflow/.local/lib/python3.8/site-packages/airflow/example_dags/plugins/listener_plugin.py
[2026-04-09T17:51:28.097+0000] {processor.py:830} INFO - Processing file /home/airflow/.local/lib/python3.8/site-packages/airflow/example_dags/plugins/listener_plugin.py for tasks to queue
[2026-04-09T17:51:28.100+0000] {logging_mixin.py:188} INFO - [2026-04-09T17:51:28.100+0000] {dagbag.py:538} INFO - Filling up the DagBag from /home/airflow/.local/lib/python3.8/site-packages/airflow/example_dags/plugins/listener_plugin.py
[2026-04-09T17:51:28.105+0000] {processor.py:842} WARNING - No viable dags retrieved from /home/airflow/.local/lib/python3.8/site-packages/airflow/example_dags/plugins/listener_plugin.py
[2026-04-09T17:51:28.132+0000] {processor.py:183} INFO - Processing /home/airflow/.local/lib/python3.8/site-packages/airflow/example_dags/plugins/listener_plugin.py took 0.048 seconds
[2026-04-09T17:51:58.460+0000] {processor.py:161} INFO - Started process (PID=7504) to work on /home/airflow/.local/lib/python3.8/site-packages/airflow/example_dags/plugins/listener_plugin.py
[2026-04-09T17:51:58.463+0000] {processor.py:830} INFO - Processing file /home/airflow/.local/lib/python3.8/site-packages/airflow/example_dags/plugins/listener_plugin.py for tasks to queue
[2026-04-09T17:51:58.468+0000] {logging_mixin.py:188} INFO - [2026-04-09T17:51:58.467+0000] {dagbag.py:538} INFO - Filling up the DagBag from /home/airflow/.local/lib/python3.8/site-packages/airflow/example_dags/plugins/listener_plugin.py
[2026-04-09T17:51:58.475+0000] {processor.py:842} WARNING - No viable dags retrieved from /home/airflow/.local/lib/python3.8/site-packages/airflow/example_dags/plugins/listener_plugin.py
[2026-04-09T17:51:58.515+0000] {processor.py:183} INFO - Processing /home/airflow/.local/lib/python3.8/site-packages/airflow/example_dags/plugins/listener_plugin.py took 0.063 seconds
[2026-04-09T17:52:28.779+0000] {processor.py:161} INFO - Started process (PID=7561) to work on /home/airflow/.local/lib/python3.8/site-packages/airflow/example_dags/plugins/listener_plugin.py
[2026-04-09T17:52:28.781+0000] {processor.py:830} INFO - Processing file /home/airflow/.local/lib/python3.8/site-packages/airflow/example_dags/plugins/listener_plugin.py for tasks to queue
[2026-04-09T17:52:28.785+0000] {logging_mixin.py:188} INFO - [2026-04-09T17:52:28.784+0000] {dagbag.py:538} INFO - Filling up the DagBag from /home/airflow/.local/lib/python3.8/site-packages/airflow/example_dags/plugins/listener_plugin.py
[2026-04-09T17:52:28.790+0000] {processor.py:842} WARNING - No viable dags retrieved from /home/airflow/.local/lib/python3.8/site-packages/airflow/example_dags/plugins/listener_plugin.py
[2026-04-09T17:52:28.812+0000] {processor.py:183} INFO - Processing /home/airflow/.local/lib/python3.8/site-packages/airflow/example_dags/plugins/listener_plugin.py took 0.037 seconds
[2026-04-09T17:52:59.215+0000] {processor.py:161} INFO - Started process (PID=7619) to work on /home/airflow/.local/lib/python3.8/site-packages/airflow/example_dags/plugins/listener_plugin.py
[2026-04-09T17:52:59.218+0000] {processor.py:830} INFO - Processing file /home/airflow/.local/lib/python3.8/site-packages/airflow/example_dags/plugins/listener_plugin.py for tasks to queue
[2026-04-09T17:52:59.226+0000] {logging_mixin.py:188} INFO - [2026-04-09T17:52:59.226+0000] {dagbag.py:538} INFO - Filling up the DagBag from /home/airflow/.local/lib/python3.8/site-packages/airflow/example_dags/plugins/listener_plugin.py
[2026-04-09T17:52:59.232+0000] {processor.py:842} WARNING - No viable dags retrieved from /home/airflow/.local/lib/python3.8/site-packages/airflow/example_dags/plugins/listener_plugin.py
[2026-04-09T17:52:59.256+0000] {processor.py:183} INFO - Processing /home/airflow/.local/lib/python3.8/site-packages/airflow/example_dags/plugins/listener_plugin.py took 0.048 seconds
[2026-04-09T17:53:29.896+0000] {processor.py:161} INFO - Started process (PID=7676) to work on /home/airflow/.local/lib/python3.8/site-packages/airflow/example_dags/plugins/listener_plugin.py
[2026-04-09T17:53:29.898+0000] {processor.py:830} INFO - Processing file /home/airflow/.local/lib/python3.8/site-packages/airflow/example_dags/plugins/listener_plugin.py for tasks to queue
[2026-04-09T17:53:29.903+0000] {logging_mixin.py:188} INFO - [2026-04-09T17:53:29.902+0000] {dagbag.py:538} INFO - Filling up the DagBag from /home/airflow/.local/lib/python3.8/site-packages/airflow/example_dags/plugins/listener_plugin.py
[2026-04-09T17:53:29.909+0000] {processor.py:842} WARNING - No viable dags retrieved from /home/airflow/.local/lib/python3.8/site-packages/airflow/example_dags/plugins/listener_plugin.py
[2026-04-09T17:53:29.943+0000] {processor.py:183} INFO - Processing /home/airflow/.local/lib/python3.8/site-packages/airflow/example_dags/plugins/listener_plugin.py took 0.055 seconds
[2026-04-09T17:54:00.592+0000] {processor.py:161} INFO - Started process (PID=7733) to work on /home/airflow/.local/lib/python3.8/site-packages/airflow/example_dags/plugins/listener_plugin.py
[2026-04-09T17:54:00.594+0000] {processor.py:830} INFO - Processing file /home/airflow/.local/lib/python3.8/site-packages/airflow/example_dags/plugins/listener_plugin.py for tasks to queue
[2026-04-09T17:54:00.596+0000] {logging_mixin.py:188} INFO - [2026-04-09T17:54:00.596+0000] {dagbag.py:538} INFO - Filling up the DagBag from /home/airflow/.local/lib/python3.8/site-packages/airflow/example_dags/plugins/listener_plugin.py
[2026-04-09T17:54:00.599+0000] {processor.py:842} WARNING - No viable dags retrieved from /home/airflow/.local/lib/python3.8/site-packages/airflow/example_dags/plugins/listener_plugin.py
[2026-04-09T17:54:00.620+0000] {processor.py:183} INFO - Processing /home/airflow/.local/lib/python3.8/site-packages/airflow/example_dags/plugins/listener_plugin.py took 0.032 seconds
[2026-04-09T17:54:31.454+0000] {processor.py:161} INFO - Started process (PID=7790) to work on /home/airflow/.local/lib/python3.8/site-packages/airflow/example_dags/plugins/listener_plugin.py
[2026-04-09T17:54:31.457+0000] {processor.py:830} INFO - Processing file /home/airflow/.local/lib/python3.8/site-packages/airflow/example_dags/plugins/listener_plugin.py for tasks to queue
[2026-04-09T17:54:31.463+0000] {logging_mixin.py:188} INFO - [2026-04-09T17:54:31.463+0000] {dagbag.py:538} INFO - Filling up the DagBag from /home/airflow/.local/lib/python3.8/site-packages/airflow/example_dags/plugins/listener_plugin.py
[2026-04-09T17:54:31.472+0000] {processor.py:842} WARNING - No viable dags retrieved from /home/airflow/.local/lib/python3.8/site-packages/airflow/example_dags/plugins/listener_plugin.py
[2026-04-09T17:54:31.516+0000] {processor.py:183} INFO - Processing /home/airflow/.local/lib/python3.8/site-packages/airflow/example_dags/plugins/listener_plugin.py took 0.074 seconds
[2026-04-09T17:55:02.126+0000] {processor.py:161} INFO - Started process (PID=7846) to work on /home/airflow/.local/lib/python3.8/site-packages/airflow/example_dags/plugins/listener_plugin.py
[2026-04-09T17:55:02.129+0000] {processor.py:830} INFO - Processing file /home/airflow/.local/lib/python3.8/site-packages/airflow/example_dags/plugins/listener_plugin.py for tasks to queue
[2026-04-09T17:55:02.134+0000] {logging_mixin.py:188} INFO - [2026-04-09T17:55:02.133+0000] {dagbag.py:538} INFO - Filling up the DagBag from /home/airflow/.local/lib/python3.8/site-packages/airflow/example_dags/plugins/listener_plugin.py
[2026-04-09T17:55:02.141+0000] {processor.py:842} WARNING - No viable dags retrieved from /home/airflow/.local/lib/python3.8/site-packages/airflow/example_dags/plugins/listener_plugin.py
[2026-04-09T17:55:02.183+0000] {processor.py:183} INFO - Processing /home/airflow/.local/lib/python3.8/site-packages/airflow/example_dags/plugins/listener_plugin.py took 0.066 seconds
[2026-04-09T17:55:32.697+0000] {processor.py:161} INFO - Started process (PID=7903) to work on /home/airflow/.local/lib/python3.8/site-packages/airflow/example_dags/plugins/listener_plugin.py
[2026-04-09T17:55:32.699+0000] {processor.py:830} INFO - Processing file /home/airflow/.local/lib/python3.8/site-packages/airflow/example_dags/plugins/listener_plugin.py for tasks to queue
[2026-04-09T17:55:32.701+0000] {logging_mixin.py:188} INFO - [2026-04-09T17:55:32.701+0000] {dagbag.py:538} INFO - Filling up the DagBag from /home/airflow/.local/lib/python3.8/site-packages/airflow/example_dags/plugins/listener_plugin.py
[2026-04-09T17:55:32.705+0000] {processor.py:842} WARNING - No viable dags retrieved from /home/airflow/.local/lib/python3.8/site-packages/airflow/example_dags/plugins/listener_plugin.py
[2026-04-09T17:55:32.725+0000] {processor.py:183} INFO - Processing /home/airflow/.local/lib/python3.8/site-packages/airflow/example_dags/plugins/listener_plugin.py took 0.031 seconds
[2026-04-09T17:56:03.218+0000] {processor.py:161} INFO - Started process (PID=7960) to work on /home/airflow/.local/lib/python3.8/site-packages/airflow/example_dags/plugins/listener_plugin.py
[2026-04-09T17:56:03.221+0000] {processor.py:830} INFO - Processing file /home/airflow/.local/lib/python3.8/site-packages/airflow/example_dags/plugins/listener_plugin.py for tasks to queue
[2026-04-09T17:56:03.224+0000] {logging_mixin.py:188} INFO - [2026-04-09T17:56:03.224+0000] {dagbag.py:538} INFO - Filling up the DagBag from /home/airflow/.local/lib/python3.8/site-packages/airflow/example_dags/plugins/listener_plugin.py
[2026-04-09T17:56:03.229+0000] {processor.py:842} WARNING - No viable dags retrieved from /home/airflow/.local/lib/python3.8/site-packages/airflow/example_dags/plugins/listener_plugin.py
[2026-04-09T17:56:03.253+0000] {processor.py:183} INFO - Processing /home/airflow/.local/lib/python3.8/site-packages/airflow/example_dags/plugins/listener_plugin.py took 0.040 seconds
[2026-04-09T17:56:33.850+0000] {processor.py:161} INFO - Started process (PID=8017) to work on /home/airflow/.local/lib/python3.8/site-packages/airflow/example_dags/plugins/listener_plugin.py
[2026-04-09T17:56:33.852+0000] {processor.py:830} INFO - Processing file /home/airflow/.local/lib/python3.8/site-packages/airflow/example_dags/plugins/listener_plugin.py for tasks to queue
[2026-04-09T17:56:33.855+0000] {logging_mixin.py:188} INFO - [2026-04-09T17:56:33.855+0000] {dagbag.py:538} INFO - Filling up the DagBag from /home/airflow/.local/lib/python3.8/site-packages/airflow/example_dags/plugins/listener_plugin.py
[2026-04-09T17:56:33.859+0000] {processor.py:842} WARNING - No viable dags retrieved from /home/airflow/.local/lib/python3.8/site-packages/airflow/example_dags/plugins/listener_plugin.py
[2026-04-09T17:56:33.880+0000] {processor.py:183} INFO - Processing /home/airflow/.local/lib/python3.8/site-packages/airflow/example_dags/plugins/listener_plugin.py took 0.034 seconds
[2026-04-09T17:57:04.542+0000] {processor.py:161} INFO - Started process (PID=8075) to work on /home/airflow/.local/lib/python3.8/site-packages/airflow/example_dags/plugins/listener_plugin.py
[2026-04-09T17:57:04.544+0000] {processor.py:830} INFO - Processing file /home/airflow/.local/lib/python3.8/site-packages/airflow/example_dags/plugins/listener_plugin.py for tasks to queue
[2026-04-09T17:57:04.548+0000] {logging_mixin.py:188} INFO - [2026-04-09T17:57:04.547+0000] {dagbag.py:538} INFO - Filling up the DagBag from /home/airflow/.local/lib/python3.8/site-packages/airflow/example_dags/plugins/listener_plugin.py
[2026-04-09T17:57:04.553+0000] {processor.py:842} WARNING - No viable dags retrieved from /home/airflow/.local/lib/python3.8/site-packages/airflow/example_dags/plugins/listener_plugin.py
[2026-04-09T17:57:04.573+0000] {processor.py:183} INFO - Processing /home/airflow/.local/lib/python3.8/site-packages/airflow/example_dags/plugins/listener_plugin.py took 0.038 seconds
[2026-04-09T17:57:35.404+0000] {processor.py:161} INFO - Started process (PID=8132) to work on /home/airflow/.local/lib/python3.8/site-packages/airflow/example_dags/plugins/listener_plugin.py
[2026-04-09T17:57:35.406+0000] {processor.py:830} INFO - Processing file /home/airflow/.local/lib/python3.8/site-packages/airflow/example_dags/plugins/listener_plugin.py for tasks to queue
[2026-04-09T17:57:35.408+0000] {logging_mixin.py:188} INFO - [2026-04-09T17:57:35.408+0000] {dagbag.py:538} INFO - Filling up the DagBag from /home/airflow/.local/lib/python3.8/site-packages/airflow/example_dags/plugins/listener_plugin.py
[2026-04-09T17:57:35.412+0000] {processor.py:842} WARNING - No viable dags retrieved from /home/airflow/.local/lib/python3.8/site-packages/airflow/example_dags/plugins/listener_plugin.py
[2026-04-09T17:57:35.433+0000] {processor.py:183} INFO - Processing /home/airflow/.local/lib/python3.8/site-packages/airflow/example_dags/plugins/listener_plugin.py took 0.036 seconds
[2026-04-09T17:58:22.883+0000] {processor.py:161} INFO - Started process (PID=8195) to work on /home/airflow/.local/lib/python3.8/site-packages/airflow/example_dags/plugins/listener_plugin.py
[2026-04-09T17:58:22.885+0000] {processor.py:830} INFO - Processing file /home/airflow/.local/lib/python3.8/site-packages/airflow/example_dags/plugins/listener_plugin.py for tasks to queue
[2026-04-09T17:58:22.889+0000] {logging_mixin.py:188} INFO - [2026-04-09T17:58:22.888+0000] {dagbag.py:538} INFO - Filling up the DagBag from /home/airflow/.local/lib/python3.8/site-packages/airflow/example_dags/plugins/listener_plugin.py
[2026-04-09T17:58:22.893+0000] {processor.py:842} WARNING - No viable dags retrieved from /home/airflow/.local/lib/python3.8/site-packages/airflow/example_dags/plugins/listener_plugin.py
[2026-04-09T17:58:22.913+0000] {processor.py:183} INFO - Processing /home/airflow/.local/lib/python3.8/site-packages/airflow/example_dags/plugins/listener_plugin.py took 0.034 seconds
[2026-04-09T17:58:53.685+0000] {processor.py:161} INFO - Started process (PID=8251) to work on /home/airflow/.local/lib/python3.8/site-packages/airflow/example_dags/plugins/listener_plugin.py
[2026-04-09T17:58:53.688+0000] {processor.py:830} INFO - Processing file /home/airflow/.local/lib/python3.8/site-packages/airflow/example_dags/plugins/listener_plugin.py for tasks to queue
[2026-04-09T17:58:53.693+0000] {logging_mixin.py:188} INFO - [2026-04-09T17:58:53.692+0000] {dagbag.py:538} INFO - Filling up the DagBag from /home/airflow/.local/lib/python3.8/site-packages/airflow/example_dags/plugins/listener_plugin.py
[2026-04-09T17:58:53.700+0000] {processor.py:842} WARNING - No viable dags retrieved from /home/airflow/.local/lib/python3.8/site-packages/airflow/example_dags/plugins/listener_plugin.py
[2026-04-09T17:58:53.731+0000] {processor.py:183} INFO - Processing /home/airflow/.local/lib/python3.8/site-packages/airflow/example_dags/plugins/listener_plugin.py took 0.058 seconds
[2026-04-09T17:59:24.044+0000] {processor.py:161} INFO - Started process (PID=8308) to work on /home/airflow/.local/lib/python3.8/site-packages/airflow/example_dags/plugins/listener_plugin.py
[2026-04-09T17:59:24.046+0000] {processor.py:830} INFO - Processing file /home/airflow/.local/lib/python3.8/site-packages/airflow/example_dags/plugins/listener_plugin.py for tasks to queue
[2026-04-09T17:59:24.048+0000] {logging_mixin.py:188} INFO - [2026-04-09T17:59:24.048+0000] {dagbag.py:538} INFO - Filling up the DagBag from /home/airflow/.local/lib/python3.8/site-packages/airflow/example_dags/plugins/listener_plugin.py
[2026-04-09T17:59:24.052+0000] {processor.py:842} WARNING - No viable dags retrieved from /home/airflow/.local/lib/python3.8/site-packages/airflow/example_dags/plugins/listener_plugin.py
[2026-04-09T17:59:24.071+0000] {processor.py:183} INFO - Processing /home/airflow/.local/lib/python3.8/site-packages/airflow/example_dags/plugins/listener_plugin.py took 0.032 seconds
[2026-04-09T17:59:54.568+0000] {processor.py:161} INFO - Started process (PID=8365) to work on /home/airflow/.local/lib/python3.8/site-packages/airflow/example_dags/plugins/listener_plugin.py
[2026-04-09T17:59:54.572+0000] {processor.py:830} INFO - Processing file /home/airflow/.local/lib/python3.8/site-packages/airflow/example_dags/plugins/listener_plugin.py for tasks to queue
[2026-04-09T17:59:54.575+0000] {logging_mixin.py:188} INFO - [2026-04-09T17:59:54.574+0000] {dagbag.py:538} INFO - Filling up the DagBag from /home/airflow/.local/lib/python3.8/site-packages/airflow/example_dags/plugins/listener_plugin.py
[2026-04-09T17:59:54.578+0000] {processor.py:842} WARNING - No viable dags retrieved from /home/airflow/.local/lib/python3.8/site-packages/airflow/example_dags/plugins/listener_plugin.py
[2026-04-09T17:59:54.605+0000] {processor.py:183} INFO - Processing /home/airflow/.local/lib/python3.8/site-packages/airflow/example_dags/plugins/listener_plugin.py took 0.043 seconds
[2026-04-09T18:00:25.391+0000] {processor.py:161} INFO - Started process (PID=8424) to work on /home/airflow/.local/lib/python3.8/site-packages/airflow/example_dags/plugins/listener_plugin.py
[2026-04-09T18:00:25.393+0000] {processor.py:830} INFO - Processing file /home/airflow/.local/lib/python3.8/site-packages/airflow/example_dags/plugins/listener_plugin.py for tasks to queue
[2026-04-09T18:00:25.396+0000] {logging_mixin.py:188} INFO - [2026-04-09T18:00:25.395+0000] {dagbag.py:538} INFO - Filling up the DagBag from /home/airflow/.local/lib/python3.8/site-packages/airflow/example_dags/plugins/listener_plugin.py
[2026-04-09T18:00:25.400+0000] {processor.py:842} WARNING - No viable dags retrieved from /home/airflow/.local/lib/python3.8/site-packages/airflow/example_dags/plugins/listener_plugin.py
[2026-04-09T18:00:25.422+0000] {processor.py:183} INFO - Processing /home/airflow/.local/lib/python3.8/site-packages/airflow/example_dags/plugins/listener_plugin.py took 0.036 seconds
[2026-04-09T18:00:56.070+0000] {processor.py:161} INFO - Started process (PID=8482) to work on /home/airflow/.local/lib/python3.8/site-packages/airflow/example_dags/plugins/listener_plugin.py
[2026-04-09T18:00:56.073+0000] {processor.py:830} INFO - Processing file /home/airflow/.local/lib/python3.8/site-packages/airflow/example_dags/plugins/listener_plugin.py for tasks to queue
[2026-04-09T18:00:56.078+0000] {logging_mixin.py:188} INFO - [2026-04-09T18:00:56.077+0000] {dagbag.py:538} INFO - Filling up the DagBag from /home/airflow/.local/lib/python3.8/site-packages/airflow/example_dags/plugins/listener_plugin.py
[2026-04-09T18:00:56.085+0000] {processor.py:842} WARNING - No viable dags retrieved from /home/airflow/.local/lib/python3.8/site-packages/airflow/example_dags/plugins/listener_plugin.py
[2026-04-09T18:00:56.117+0000] {processor.py:183} INFO - Processing /home/airflow/.local/lib/python3.8/site-packages/airflow/example_dags/plugins/listener_plugin.py took 0.056 seconds
[2026-04-09T18:01:26.597+0000] {processor.py:161} INFO - Started process (PID=8541) to work on /home/airflow/.local/lib/python3.8/site-packages/airflow/example_dags/plugins/listener_plugin.py
[2026-04-09T18:01:26.599+0000] {processor.py:830} INFO - Processing file /home/airflow/.local/lib/python3.8/site-packages/airflow/example_dags/plugins/listener_plugin.py for tasks to queue
[2026-04-09T18:01:26.601+0000] {logging_mixin.py:188} INFO - [2026-04-09T18:01:26.601+0000] {dagbag.py:538} INFO - Filling up the DagBag from /home/airflow/.local/lib/python3.8/site-packages/airflow/example_dags/plugins/listener_plugin.py
[2026-04-09T18:01:26.605+0000] {processor.py:842} WARNING - No viable dags retrieved from /home/airflow/.local/lib/python3.8/site-packages/airflow/example_dags/plugins/listener_plugin.py
[2026-04-09T18:01:26.623+0000] {processor.py:183} INFO - Processing /home/airflow/.local/lib/python3.8/site-packages/airflow/example_dags/plugins/listener_plugin.py took 0.030 seconds
[2026-04-09T18:01:57.473+0000] {processor.py:161} INFO - Started process (PID=8598) to work on /home/airflow/.local/lib/python3.8/site-packages/airflow/example_dags/plugins/listener_plugin.py
[2026-04-09T18:01:57.475+0000] {processor.py:830} INFO - Processing file /home/airflow/.local/lib/python3.8/site-packages/airflow/example_dags/plugins/listener_plugin.py for tasks to queue
[2026-04-09T18:01:57.479+0000] {logging_mixin.py:188} INFO - [2026-04-09T18:01:57.478+0000] {dagbag.py:538} INFO - Filling up the DagBag from /home/airflow/.local/lib/python3.8/site-packages/airflow/example_dags/plugins/listener_plugin.py
[2026-04-09T18:01:57.483+0000] {processor.py:842} WARNING - No viable dags retrieved from /home/airflow/.local/lib/python3.8/site-packages/airflow/example_dags/plugins/listener_plugin.py
[2026-04-09T18:01:57.503+0000] {processor.py:183} INFO - Processing /home/airflow/.local/lib/python3.8/site-packages/airflow/example_dags/plugins/listener_plugin.py took 0.034 seconds
[2026-04-09T18:02:27.683+0000] {processor.py:161} INFO - Started process (PID=8655) to work on /home/airflow/.local/lib/python3.8/site-packages/airflow/example_dags/plugins/listener_plugin.py
[2026-04-09T18:02:27.685+0000] {processor.py:830} INFO - Processing file /home/airflow/.local/lib/python3.8/site-packages/airflow/example_dags/plugins/listener_plugin.py for tasks to queue
[2026-04-09T18:02:27.688+0000] {logging_mixin.py:188} INFO - [2026-04-09T18:02:27.688+0000] {dagbag.py:538} INFO - Filling up the DagBag from /home/airflow/.local/lib/python3.8/site-packages/airflow/example_dags/plugins/listener_plugin.py
[2026-04-09T18:02:27.694+0000] {processor.py:842} WARNING - No viable dags retrieved from /home/airflow/.local/lib/python3.8/site-packages/airflow/example_dags/plugins/listener_plugin.py
[2026-04-09T18:02:27.713+0000] {processor.py:183} INFO - Processing /home/airflow/.local/lib/python3.8/site-packages/airflow/example_dags/plugins/listener_plugin.py took 0.037 seconds
[2026-04-09T18:02:58.532+0000] {processor.py:161} INFO - Started process (PID=8712) to work on /home/airflow/.local/lib/python3.8/site-packages/airflow/example_dags/plugins/listener_plugin.py
[2026-04-09T18:02:58.533+0000] {processor.py:830} INFO - Processing file /home/airflow/.local/lib/python3.8/site-packages/airflow/example_dags/plugins/listener_plugin.py for tasks to queue
[2026-04-09T18:02:58.536+0000] {logging_mixin.py:188} INFO - [2026-04-09T18:02:58.535+0000] {dagbag.py:538} INFO - Filling up the DagBag from /home/airflow/.local/lib/python3.8/site-packages/airflow/example_dags/plugins/listener_plugin.py
[2026-04-09T18:02:58.541+0000] {processor.py:842} WARNING - No viable dags retrieved from /home/airflow/.local/lib/python3.8/site-packages/airflow/example_dags/plugins/listener_plugin.py
[2026-04-09T18:02:58.560+0000] {processor.py:183} INFO - Processing /home/airflow/.local/lib/python3.8/site-packages/airflow/example_dags/plugins/listener_plugin.py took 0.034 seconds
[2026-04-09T18:03:28.811+0000] {processor.py:161} INFO - Started process (PID=8768) to work on /home/airflow/.local/lib/python3.8/site-packages/airflow/example_dags/plugins/listener_plugin.py
[2026-04-09T18:03:28.813+0000] {processor.py:830} INFO - Processing file /home/airflow/.local/lib/python3.8/site-packages/airflow/example_dags/plugins/listener_plugin.py for tasks to queue
[2026-04-09T18:03:28.818+0000] {logging_mixin.py:188} INFO - [2026-04-09T18:03:28.817+0000] {dagbag.py:538} INFO - Filling up the DagBag from /home/airflow/.local/lib/python3.8/site-packages/airflow/example_dags/plugins/listener_plugin.py
[2026-04-09T18:03:28.824+0000] {processor.py:842} WARNING - No viable dags retrieved from /home/airflow/.local/lib/python3.8/site-packages/airflow/example_dags/plugins/listener_plugin.py
[2026-04-09T18:03:28.849+0000] {processor.py:183} INFO - Processing /home/airflow/.local/lib/python3.8/site-packages/airflow/example_dags/plugins/listener_plugin.py took 0.047 seconds
[2026-04-09T18:03:59.262+0000] {processor.py:161} INFO - Started process (PID=8826) to work on /home/airflow/.local/lib/python3.8/site-packages/airflow/example_dags/plugins/listener_plugin.py
[2026-04-09T18:03:59.264+0000] {processor.py:830} INFO - Processing file /home/airflow/.local/lib/python3.8/site-packages/airflow/example_dags/plugins/listener_plugin.py for tasks to queue
[2026-04-09T18:03:59.268+0000] {logging_mixin.py:188} INFO - [2026-04-09T18:03:59.267+0000] {dagbag.py:538} INFO - Filling up the DagBag from /home/airflow/.local/lib/python3.8/site-packages/airflow/example_dags/plugins/listener_plugin.py
[2026-04-09T18:03:59.273+0000] {processor.py:842} WARNING - No viable dags retrieved from /home/airflow/.local/lib/python3.8/site-packages/airflow/example_dags/plugins/listener_plugin.py
[2026-04-09T18:03:59.307+0000] {processor.py:183} INFO - Processing /home/airflow/.local/lib/python3.8/site-packages/airflow/example_dags/plugins/listener_plugin.py took 0.049 seconds
[2026-04-09T18:04:30.117+0000] {processor.py:161} INFO - Started process (PID=8884) to work on /home/airflow/.local/lib/python3.8/site-packages/airflow/example_dags/plugins/listener_plugin.py
[2026-04-09T18:04:30.120+0000] {processor.py:830} INFO - Processing file /home/airflow/.local/lib/python3.8/site-packages/airflow/example_dags/plugins/listener_plugin.py for tasks to queue
[2026-04-09T18:04:30.124+0000] {logging_mixin.py:188} INFO - [2026-04-09T18:04:30.123+0000] {dagbag.py:538} INFO - Filling up the DagBag from /home/airflow/.local/lib/python3.8/site-packages/airflow/example_dags/plugins/listener_plugin.py
[2026-04-09T18:04:30.130+0000] {processor.py:842} WARNING - No viable dags retrieved from /home/airflow/.local/lib/python3.8/site-packages/airflow/example_dags/plugins/listener_plugin.py
[2026-04-09T18:04:30.150+0000] {processor.py:183} INFO - Processing /home/airflow/.local/lib/python3.8/site-packages/airflow/example_dags/plugins/listener_plugin.py took 0.039 seconds
[2026-04-09T18:05:00.419+0000] {processor.py:161} INFO - Started process (PID=8941) to work on /home/airflow/.local/lib/python3.8/site-packages/airflow/example_dags/plugins/listener_plugin.py
[2026-04-09T18:05:00.420+0000] {processor.py:830} INFO - Processing file /home/airflow/.local/lib/python3.8/site-packages/airflow/example_dags/plugins/listener_plugin.py for tasks to queue
[2026-04-09T18:05:00.423+0000] {logging_mixin.py:188} INFO - [2026-04-09T18:05:00.423+0000] {dagbag.py:538} INFO - Filling up the DagBag from /home/airflow/.local/lib/python3.8/site-packages/airflow/example_dags/plugins/listener_plugin.py
[2026-04-09T18:05:00.426+0000] {processor.py:842} WARNING - No viable dags retrieved from /home/airflow/.local/lib/python3.8/site-packages/airflow/example_dags/plugins/listener_plugin.py
[2026-04-09T18:05:00.446+0000] {processor.py:183} INFO - Processing /home/airflow/.local/lib/python3.8/site-packages/airflow/example_dags/plugins/listener_plugin.py took 0.032 seconds
[2026-04-09T18:05:31.133+0000] {processor.py:161} INFO - Started process (PID=8997) to work on /home/airflow/.local/lib/python3.8/site-packages/airflow/example_dags/plugins/listener_plugin.py
[2026-04-09T18:05:31.134+0000] {processor.py:830} INFO - Processing file /home/airflow/.local/lib/python3.8/site-packages/airflow/example_dags/plugins/listener_plugin.py for tasks to queue
[2026-04-09T18:05:31.138+0000] {logging_mixin.py:188} INFO - [2026-04-09T18:05:31.137+0000] {dagbag.py:538} INFO - Filling up the DagBag from /home/airflow/.local/lib/python3.8/site-packages/airflow/example_dags/plugins/listener_plugin.py
[2026-04-09T18:05:31.142+0000] {processor.py:842} WARNING - No viable dags retrieved from /home/airflow/.local/lib/python3.8/site-packages/airflow/example_dags/plugins/listener_plugin.py
[2026-04-09T18:05:31.165+0000] {processor.py:183} INFO - Processing /home/airflow/.local/lib/python3.8/site-packages/airflow/example_dags/plugins/listener_plugin.py took 0.038 seconds
[2026-04-09T18:06:01.809+0000] {processor.py:161} INFO - Started process (PID=9054) to work on /home/airflow/.local/lib/python3.8/site-packages/airflow/example_dags/plugins/listener_plugin.py
[2026-04-09T18:06:01.811+0000] {processor.py:830} INFO - Processing file /home/airflow/.local/lib/python3.8/site-packages/airflow/example_dags/plugins/listener_plugin.py for tasks to queue
[2026-04-09T18:06:01.814+0000] {logging_mixin.py:188} INFO - [2026-04-09T18:06:01.813+0000] {dagbag.py:538} INFO - Filling up the DagBag from /home/airflow/.local/lib/python3.8/site-packages/airflow/example_dags/plugins/listener_plugin.py
[2026-04-09T18:06:01.818+0000] {processor.py:842} WARNING - No viable dags retrieved from /home/airflow/.local/lib/python3.8/site-packages/airflow/example_dags/plugins/listener_plugin.py
[2026-04-09T18:06:01.841+0000] {processor.py:183} INFO - Processing /home/airflow/.local/lib/python3.8/site-packages/airflow/example_dags/plugins/listener_plugin.py took 0.039 seconds
[2026-04-09T18:06:32.254+0000] {processor.py:161} INFO - Started process (PID=9111) to work on /home/airflow/.local/lib/python3.8/site-packages/airflow/example_dags/plugins/listener_plugin.py
[2026-04-09T18:06:32.256+0000] {processor.py:830} INFO - Processing file /home/airflow/.local/lib/python3.8/site-packages/airflow/example_dags/plugins/listener_plugin.py for tasks to queue
[2026-04-09T18:06:32.258+0000] {logging_mixin.py:188} INFO - [2026-04-09T18:06:32.258+0000] {dagbag.py:538} INFO - Filling up the DagBag from /home/airflow/.local/lib/python3.8/site-packages/airflow/example_dags/plugins/listener_plugin.py
[2026-04-09T18:06:32.261+0000] {processor.py:842} WARNING - No viable dags retrieved from /home/airflow/.local/lib/python3.8/site-packages/airflow/example_dags/plugins/listener_plugin.py
[2026-04-09T18:06:32.278+0000] {processor.py:183} INFO - Processing /home/airflow/.local/lib/python3.8/site-packages/airflow/example_dags/plugins/listener_plugin.py took 0.028 seconds
[2026-04-09T18:07:02.499+0000] {processor.py:161} INFO - Started process (PID=9168) to work on /home/airflow/.local/lib/python3.8/site-packages/airflow/example_dags/plugins/listener_plugin.py
[2026-04-09T18:07:02.500+0000] {processor.py:830} INFO - Processing file /home/airflow/.local/lib/python3.8/site-packages/airflow/example_dags/plugins/listener_plugin.py for tasks to queue
[2026-04-09T18:07:02.502+0000] {logging_mixin.py:188} INFO - [2026-04-09T18:07:02.502+0000] {dagbag.py:538} INFO - Filling up the DagBag from /home/airflow/.local/lib/python3.8/site-packages/airflow/example_dags/plugins/listener_plugin.py
[2026-04-09T18:07:02.505+0000] {processor.py:842} WARNING - No viable dags retrieved from /home/airflow/.local/lib/python3.8/site-packages/airflow/example_dags/plugins/listener_plugin.py
[2026-04-09T18:07:02.520+0000] {processor.py:183} INFO - Processing /home/airflow/.local/lib/python3.8/site-packages/airflow/example_dags/plugins/listener_plugin.py took 0.025 seconds
[2026-04-09T18:07:32.855+0000] {processor.py:161} INFO - Started process (PID=9224) to work on /home/airflow/.local/lib/python3.8/site-packages/airflow/example_dags/plugins/listener_plugin.py
[2026-04-09T18:07:32.856+0000] {processor.py:830} INFO - Processing file /home/airflow/.local/lib/python3.8/site-packages/airflow/example_dags/plugins/listener_plugin.py for tasks to queue
[2026-04-09T18:07:32.858+0000] {logging_mixin.py:188} INFO - [2026-04-09T18:07:32.858+0000] {dagbag.py:538} INFO - Filling up the DagBag from /home/airflow/.local/lib/python3.8/site-packages/airflow/example_dags/plugins/listener_plugin.py
[2026-04-09T18:07:32.861+0000] {processor.py:842} WARNING - No viable dags retrieved from /home/airflow/.local/lib/python3.8/site-packages/airflow/example_dags/plugins/listener_plugin.py
[2026-04-09T18:07:32.876+0000] {processor.py:183} INFO - Processing /home/airflow/.local/lib/python3.8/site-packages/airflow/example_dags/plugins/listener_plugin.py took 0.024 seconds
[2026-04-09T18:08:03.282+0000] {processor.py:161} INFO - Started process (PID=9283) to work on /home/airflow/.local/lib/python3.8/site-packages/airflow/example_dags/plugins/listener_plugin.py
[2026-04-09T18:08:03.284+0000] {processor.py:830} INFO - Processing file /home/airflow/.local/lib/python3.8/site-packages/airflow/example_dags/plugins/listener_plugin.py for tasks to queue
[2026-04-09T18:08:03.286+0000] {logging_mixin.py:188} INFO - [2026-04-09T18:08:03.286+0000] {dagbag.py:538} INFO - Filling up the DagBag from /home/airflow/.local/lib/python3.8/site-packages/airflow/example_dags/plugins/listener_plugin.py
[2026-04-09T18:08:03.293+0000] {processor.py:842} WARNING - No viable dags retrieved from /home/airflow/.local/lib/python3.8/site-packages/airflow/example_dags/plugins/listener_plugin.py
[2026-04-09T18:08:03.311+0000] {processor.py:183} INFO - Processing /home/airflow/.local/lib/python3.8/site-packages/airflow/example_dags/plugins/listener_plugin.py took 0.034 seconds
[2026-04-09T18:08:33.583+0000] {processor.py:161} INFO - Started process (PID=9340) to work on /home/airflow/.local/lib/python3.8/site-packages/airflow/example_dags/plugins/listener_plugin.py
[2026-04-09T18:08:33.584+0000] {processor.py:830} INFO - Processing file /home/airflow/.local/lib/python3.8/site-packages/airflow/example_dags/plugins/listener_plugin.py for tasks to queue
[2026-04-09T18:08:33.587+0000] {logging_mixin.py:188} INFO - [2026-04-09T18:08:33.586+0000] {dagbag.py:538} INFO - Filling up the DagBag from /home/airflow/.local/lib/python3.8/site-packages/airflow/example_dags/plugins/listener_plugin.py
[2026-04-09T18:08:33.590+0000] {processor.py:842} WARNING - No viable dags retrieved from /home/airflow/.local/lib/python3.8/site-packages/airflow/example_dags/plugins/listener_plugin.py
[2026-04-09T18:08:33.606+0000] {processor.py:183} INFO - Processing /home/airflow/.local/lib/python3.8/site-packages/airflow/example_dags/plugins/listener_plugin.py took 0.029 seconds
[2026-04-09T18:09:03.843+0000] {processor.py:161} INFO - Started process (PID=9397) to work on /home/airflow/.local/lib/python3.8/site-packages/airflow/example_dags/plugins/listener_plugin.py
[2026-04-09T18:09:03.844+0000] {processor.py:830} INFO - Processing file /home/airflow/.local/lib/python3.8/site-packages/airflow/example_dags/plugins/listener_plugin.py for tasks to queue
[2026-04-09T18:09:03.845+0000] {logging_mixin.py:188} INFO - [2026-04-09T18:09:03.845+0000] {dagbag.py:538} INFO - Filling up the DagBag from /home/airflow/.local/lib/python3.8/site-packages/airflow/example_dags/plugins/listener_plugin.py
[2026-04-09T18:09:03.848+0000] {processor.py:842} WARNING - No viable dags retrieved from /home/airflow/.local/lib/python3.8/site-packages/airflow/example_dags/plugins/listener_plugin.py
[2026-04-09T18:09:03.863+0000] {processor.py:183} INFO - Processing /home/airflow/.local/lib/python3.8/site-packages/airflow/example_dags/plugins/listener_plugin.py took 0.024 seconds
[2026-04-09T18:09:34.170+0000] {processor.py:161} INFO - Started process (PID=9454) to work on /home/airflow/.local/lib/python3.8/site-packages/airflow/example_dags/plugins/listener_plugin.py
[2026-04-09T18:09:34.172+0000] {processor.py:830} INFO - Processing file /home/airflow/.local/lib/python3.8/site-packages/airflow/example_dags/plugins/listener_plugin.py for tasks to queue
[2026-04-09T18:09:34.174+0000] {logging_mixin.py:188} INFO - [2026-04-09T18:09:34.174+0000] {dagbag.py:538} INFO - Filling up the DagBag from /home/airflow/.local/lib/python3.8/site-packages/airflow/example_dags/plugins/listener_plugin.py
[2026-04-09T18:09:34.178+0000] {processor.py:842} WARNING - No viable dags retrieved from /home/airflow/.local/lib/python3.8/site-packages/airflow/example_dags/plugins/listener_plugin.py
[2026-04-09T18:09:34.195+0000] {processor.py:183} INFO - Processing /home/airflow/.local/lib/python3.8/site-packages/airflow/example_dags/plugins/listener_plugin.py took 0.028 seconds
[2026-04-09T18:10:04.889+0000] {processor.py:161} INFO - Started process (PID=9511) to work on /home/airflow/.local/lib/python3.8/site-packages/airflow/example_dags/plugins/listener_plugin.py
[2026-04-09T18:10:04.890+0000] {processor.py:830} INFO - Processing file /home/airflow/.local/lib/python3.8/site-packages/airflow/example_dags/plugins/listener_plugin.py for tasks to queue
[2026-04-09T18:10:04.893+0000] {logging_mixin.py:188} INFO - [2026-04-09T18:10:04.892+0000] {dagbag.py:538} INFO - Filling up the DagBag from /home/airflow/.local/lib/python3.8/site-packages/airflow/example_dags/plugins/listener_plugin.py
[2026-04-09T18:10:04.900+0000] {processor.py:842} WARNING - No viable dags retrieved from /home/airflow/.local/lib/python3.8/site-packages/airflow/example_dags/plugins/listener_plugin.py
[2026-04-09T18:10:04.919+0000] {processor.py:183} INFO - Processing /home/airflow/.local/lib/python3.8/site-packages/airflow/example_dags/plugins/listener_plugin.py took 0.035 seconds
[2026-04-09T18:10:35.191+0000] {processor.py:161} INFO - Started process (PID=9568) to work on /home/airflow/.local/lib/python3.8/site-packages/airflow/example_dags/plugins/listener_plugin.py
[2026-04-09T18:10:35.192+0000] {processor.py:830} INFO - Processing file /home/airflow/.local/lib/python3.8/site-packages/airflow/example_dags/plugins/listener_plugin.py for tasks to queue
[2026-04-09T18:10:35.195+0000] {logging_mixin.py:188} INFO - [2026-04-09T18:10:35.194+0000] {dagbag.py:538} INFO - Filling up the DagBag from /home/airflow/.local/lib/python3.8/site-packages/airflow/example_dags/plugins/listener_plugin.py
[2026-04-09T18:10:35.197+0000] {processor.py:842} WARNING - No viable dags retrieved from /home/airflow/.local/lib/python3.8/site-packages/airflow/example_dags/plugins/listener_plugin.py
[2026-04-09T18:10:35.212+0000] {processor.py:183} INFO - Processing /home/airflow/.local/lib/python3.8/site-packages/airflow/example_dags/plugins/listener_plugin.py took 0.025 seconds
[2026-04-09T18:11:05.419+0000] {processor.py:161} INFO - Started process (PID=9625) to work on /home/airflow/.local/lib/python3.8/site-packages/airflow/example_dags/plugins/listener_plugin.py
[2026-04-09T18:11:05.421+0000] {processor.py:830} INFO - Processing file /home/airflow/.local/lib/python3.8/site-packages/airflow/example_dags/plugins/listener_plugin.py for tasks to queue
[2026-04-09T18:11:05.424+0000] {logging_mixin.py:188} INFO - [2026-04-09T18:11:05.423+0000] {dagbag.py:538} INFO - Filling up the DagBag from /home/airflow/.local/lib/python3.8/site-packages/airflow/example_dags/plugins/listener_plugin.py
[2026-04-09T18:11:05.427+0000] {processor.py:842} WARNING - No viable dags retrieved from /home/airflow/.local/lib/python3.8/site-packages/airflow/example_dags/plugins/listener_plugin.py
[2026-04-09T18:11:05.446+0000] {processor.py:183} INFO - Processing /home/airflow/.local/lib/python3.8/site-packages/airflow/example_dags/plugins/listener_plugin.py took 0.032 seconds
[2026-04-09T18:11:35.932+0000] {processor.py:161} INFO - Started process (PID=9682) to work on /home/airflow/.local/lib/python3.8/site-packages/airflow/example_dags/plugins/listener_plugin.py
[2026-04-09T18:11:35.934+0000] {processor.py:830} INFO - Processing file /home/airflow/.local/lib/python3.8/site-packages/airflow/example_dags/plugins/listener_plugin.py for tasks to queue
[2026-04-09T18:11:35.936+0000] {logging_mixin.py:188} INFO - [2026-04-09T18:11:35.936+0000] {dagbag.py:538} INFO - Filling up the DagBag from /home/airflow/.local/lib/python3.8/site-packages/airflow/example_dags/plugins/listener_plugin.py
[2026-04-09T18:11:35.939+0000] {processor.py:842} WARNING - No viable dags retrieved from /home/airflow/.local/lib/python3.8/site-packages/airflow/example_dags/plugins/listener_plugin.py
[2026-04-09T18:11:35.955+0000] {processor.py:183} INFO - Processing /home/airflow/.local/lib/python3.8/site-packages/airflow/example_dags/plugins/listener_plugin.py took 0.025 seconds
[2026-04-09T18:12:06.017+0000] {processor.py:161} INFO - Started process (PID=9739) to work on /home/airflow/.local/lib/python3.8/site-packages/airflow/example_dags/plugins/listener_plugin.py
[2026-04-09T18:12:06.018+0000] {processor.py:830} INFO - Processing file /home/airflow/.local/lib/python3.8/site-packages/airflow/example_dags/plugins/listener_plugin.py for tasks to queue
[2026-04-09T18:12:06.020+0000] {logging_mixin.py:188} INFO - [2026-04-09T18:12:06.020+0000] {dagbag.py:538} INFO - Filling up the DagBag from /home/airflow/.local/lib/python3.8/site-packages/airflow/example_dags/plugins/listener_plugin.py
[2026-04-09T18:12:06.022+0000] {processor.py:842} WARNING - No viable dags retrieved from /home/airflow/.local/lib/python3.8/site-packages/airflow/example_dags/plugins/listener_plugin.py
[2026-04-09T18:12:06.039+0000] {processor.py:183} INFO - Processing /home/airflow/.local/lib/python3.8/site-packages/airflow/example_dags/plugins/listener_plugin.py took 0.026 seconds
[2026-04-09T18:12:36.474+0000] {processor.py:161} INFO - Started process (PID=9796) to work on /home/airflow/.local/lib/python3.8/site-packages/airflow/example_dags/plugins/listener_plugin.py
[2026-04-09T18:12:36.476+0000] {processor.py:830} INFO - Processing file /home/airflow/.local/lib/python3.8/site-packages/airflow/example_dags/plugins/listener_plugin.py for tasks to queue
[2026-04-09T18:12:36.478+0000] {logging_mixin.py:188} INFO - [2026-04-09T18:12:36.477+0000] {dagbag.py:538} INFO - Filling up the DagBag from /home/airflow/.local/lib/python3.8/site-packages/airflow/example_dags/plugins/listener_plugin.py
[2026-04-09T18:12:36.481+0000] {processor.py:842} WARNING - No viable dags retrieved from /home/airflow/.local/lib/python3.8/site-packages/airflow/example_dags/plugins/listener_plugin.py
[2026-04-09T18:12:36.497+0000] {processor.py:183} INFO - Processing /home/airflow/.local/lib/python3.8/site-packages/airflow/example_dags/plugins/listener_plugin.py took 0.026 seconds
[2026-04-09T18:13:06.881+0000] {processor.py:161} INFO - Started process (PID=9853) to work on /home/airflow/.local/lib/python3.8/site-packages/airflow/example_dags/plugins/listener_plugin.py
[2026-04-09T18:13:06.883+0000] {processor.py:830} INFO - Processing file /home/airflow/.local/lib/python3.8/site-packages/airflow/example_dags/plugins/listener_plugin.py for tasks to queue
[2026-04-09T18:13:06.885+0000] {logging_mixin.py:188} INFO - [2026-04-09T18:13:06.884+0000] {dagbag.py:538} INFO - Filling up the DagBag from /home/airflow/.local/lib/python3.8/site-packages/airflow/example_dags/plugins/listener_plugin.py
[2026-04-09T18:13:06.888+0000] {processor.py:842} WARNING - No viable dags retrieved from /home/airflow/.local/lib/python3.8/site-packages/airflow/example_dags/plugins/listener_plugin.py
[2026-04-09T18:13:06.903+0000] {processor.py:183} INFO - Processing /home/airflow/.local/lib/python3.8/site-packages/airflow/example_dags/plugins/listener_plugin.py took 0.025 seconds
[2026-04-09T18:13:37.126+0000] {processor.py:161} INFO - Started process (PID=9910) to work on /home/airflow/.local/lib/python3.8/site-packages/airflow/example_dags/plugins/listener_plugin.py
[2026-04-09T18:13:37.127+0000] {processor.py:830} INFO - Processing file /home/airflow/.local/lib/python3.8/site-packages/airflow/example_dags/plugins/listener_plugin.py for tasks to queue
[2026-04-09T18:13:37.130+0000] {logging_mixin.py:188} INFO - [2026-04-09T18:13:37.129+0000] {dagbag.py:538} INFO - Filling up the DagBag from /home/airflow/.local/lib/python3.8/site-packages/airflow/example_dags/plugins/listener_plugin.py
[2026-04-09T18:13:37.133+0000] {processor.py:842} WARNING - No viable dags retrieved from /home/airflow/.local/lib/python3.8/site-packages/airflow/example_dags/plugins/listener_plugin.py
[2026-04-09T18:13:37.148+0000] {processor.py:183} INFO - Processing /home/airflow/.local/lib/python3.8/site-packages/airflow/example_dags/plugins/listener_plugin.py took 0.025 seconds
[2026-04-09T18:14:07.548+0000] {processor.py:161} INFO - Started process (PID=9967) to work on /home/airflow/.local/lib/python3.8/site-packages/airflow/example_dags/plugins/listener_plugin.py
[2026-04-09T18:14:07.549+0000] {processor.py:830} INFO - Processing file /home/airflow/.local/lib/python3.8/site-packages/airflow/example_dags/plugins/listener_plugin.py for tasks to queue
[2026-04-09T18:14:07.551+0000] {logging_mixin.py:188} INFO - [2026-04-09T18:14:07.550+0000] {dagbag.py:538} INFO - Filling up the DagBag from /home/airflow/.local/lib/python3.8/site-packages/airflow/example_dags/plugins/listener_plugin.py
[2026-04-09T18:14:07.553+0000] {processor.py:842} WARNING - No viable dags retrieved from /home/airflow/.local/lib/python3.8/site-packages/airflow/example_dags/plugins/listener_plugin.py
[2026-04-09T18:14:07.568+0000] {processor.py:183} INFO - Processing /home/airflow/.local/lib/python3.8/site-packages/airflow/example_dags/plugins/listener_plugin.py took 0.024 seconds
[2026-04-09T18:14:37.814+0000] {processor.py:161} INFO - Started process (PID=10024) to work on /home/airflow/.local/lib/python3.8/site-packages/airflow/example_dags/plugins/listener_plugin.py
[2026-04-09T18:14:37.816+0000] {processor.py:830} INFO - Processing file /home/airflow/.local/lib/python3.8/site-packages/airflow/example_dags/plugins/listener_plugin.py for tasks to queue
[2026-04-09T18:14:37.819+0000] {logging_mixin.py:188} INFO - [2026-04-09T18:14:37.818+0000] {dagbag.py:538} INFO - Filling up the DagBag from /home/airflow/.local/lib/python3.8/site-packages/airflow/example_dags/plugins/listener_plugin.py
[2026-04-09T18:14:37.823+0000] {processor.py:842} WARNING - No viable dags retrieved from /home/airflow/.local/lib/python3.8/site-packages/airflow/example_dags/plugins/listener_plugin.py
[2026-04-09T18:14:37.841+0000] {processor.py:183} INFO - Processing /home/airflow/.local/lib/python3.8/site-packages/airflow/example_dags/plugins/listener_plugin.py took 0.033 seconds
[2026-04-09T18:15:08.381+0000] {processor.py:161} INFO - Started process (PID=10081) to work on /home/airflow/.local/lib/python3.8/site-packages/airflow/example_dags/plugins/listener_plugin.py
[2026-04-09T18:15:08.385+0000] {processor.py:830} INFO - Processing file /home/airflow/.local/lib/python3.8/site-packages/airflow/example_dags/plugins/listener_plugin.py for tasks to queue
[2026-04-09T18:15:08.387+0000] {logging_mixin.py:188} INFO - [2026-04-09T18:15:08.386+0000] {dagbag.py:538} INFO - Filling up the DagBag from /home/airflow/.local/lib/python3.8/site-packages/airflow/example_dags/plugins/listener_plugin.py
[2026-04-09T18:15:08.389+0000] {processor.py:842} WARNING - No viable dags retrieved from /home/airflow/.local/lib/python3.8/site-packages/airflow/example_dags/plugins/listener_plugin.py
[2026-04-09T18:15:08.405+0000] {processor.py:183} INFO - Processing /home/airflow/.local/lib/python3.8/site-packages/airflow/example_dags/plugins/listener_plugin.py took 0.028 seconds
[2026-04-09T18:15:38.640+0000] {processor.py:161} INFO - Started process (PID=10138) to work on /home/airflow/.local/lib/python3.8/site-packages/airflow/example_dags/plugins/listener_plugin.py
[2026-04-09T18:15:38.642+0000] {processor.py:830} INFO - Processing file /home/airflow/.local/lib/python3.8/site-packages/airflow/example_dags/plugins/listener_plugin.py for tasks to queue
[2026-04-09T18:15:38.643+0000] {logging_mixin.py:188} INFO - [2026-04-09T18:15:38.643+0000] {dagbag.py:538} INFO - Filling up the DagBag from /home/airflow/.local/lib/python3.8/site-packages/airflow/example_dags/plugins/listener_plugin.py
[2026-04-09T18:15:38.646+0000] {processor.py:842} WARNING - No viable dags retrieved from /home/airflow/.local/lib/python3.8/site-packages/airflow/example_dags/plugins/listener_plugin.py
[2026-04-09T18:15:38.661+0000] {processor.py:183} INFO - Processing /home/airflow/.local/lib/python3.8/site-packages/airflow/example_dags/plugins/listener_plugin.py took 0.024 seconds
[2026-04-09T18:16:08.819+0000] {processor.py:161} INFO - Started process (PID=10195) to work on /home/airflow/.local/lib/python3.8/site-packages/airflow/example_dags/plugins/listener_plugin.py
[2026-04-09T18:16:08.820+0000] {processor.py:830} INFO - Processing file /home/airflow/.local/lib/python3.8/site-packages/airflow/example_dags/plugins/listener_plugin.py for tasks to queue
[2026-04-09T18:16:08.822+0000] {logging_mixin.py:188} INFO - [2026-04-09T18:16:08.821+0000] {dagbag.py:538} INFO - Filling up the DagBag from /home/airflow/.local/lib/python3.8/site-packages/airflow/example_dags/plugins/listener_plugin.py
[2026-04-09T18:16:08.825+0000] {processor.py:842} WARNING - No viable dags retrieved from /home/airflow/.local/lib/python3.8/site-packages/airflow/example_dags/plugins/listener_plugin.py
[2026-04-09T18:16:08.842+0000] {processor.py:183} INFO - Processing /home/airflow/.local/lib/python3.8/site-packages/airflow/example_dags/plugins/listener_plugin.py took 0.027 seconds
[2026-04-09T18:16:39.407+0000] {processor.py:161} INFO - Started process (PID=10252) to work on /home/airflow/.local/lib/python3.8/site-packages/airflow/example_dags/plugins/listener_plugin.py
[2026-04-09T18:16:39.408+0000] {processor.py:830} INFO - Processing file /home/airflow/.local/lib/python3.8/site-packages/airflow/example_dags/plugins/listener_plugin.py for tasks to queue
[2026-04-09T18:16:39.412+0000] {logging_mixin.py:188} INFO - [2026-04-09T18:16:39.411+0000] {dagbag.py:538} INFO - Filling up the DagBag from /home/airflow/.local/lib/python3.8/site-packages/airflow/example_dags/plugins/listener_plugin.py
[2026-04-09T18:16:39.415+0000] {processor.py:842} WARNING - No viable dags retrieved from /home/airflow/.local/lib/python3.8/site-packages/airflow/example_dags/plugins/listener_plugin.py
[2026-04-09T18:16:39.433+0000] {processor.py:183} INFO - Processing /home/airflow/.local/lib/python3.8/site-packages/airflow/example_dags/plugins/listener_plugin.py took 0.031 seconds
[2026-04-09T18:17:10.304+0000] {processor.py:161} INFO - Started process (PID=10309) to work on /home/airflow/.local/lib/python3.8/site-packages/airflow/example_dags/plugins/listener_plugin.py
[2026-04-09T18:17:10.306+0000] {processor.py:830} INFO - Processing file /home/airflow/.local/lib/python3.8/site-packages/airflow/example_dags/plugins/listener_plugin.py for tasks to queue
[2026-04-09T18:17:10.308+0000] {logging_mixin.py:188} INFO - [2026-04-09T18:17:10.307+0000] {dagbag.py:538} INFO - Filling up the DagBag from /home/airflow/.local/lib/python3.8/site-packages/airflow/example_dags/plugins/listener_plugin.py
[2026-04-09T18:17:10.314+0000] {processor.py:842} WARNING - No viable dags retrieved from /home/airflow/.local/lib/python3.8/site-packages/airflow/example_dags/plugins/listener_plugin.py
[2026-04-09T18:17:10.335+0000] {processor.py:183} INFO - Processing /home/airflow/.local/lib/python3.8/site-packages/airflow/example_dags/plugins/listener_plugin.py took 0.039 seconds
[2026-04-09T18:17:40.439+0000] {processor.py:161} INFO - Started process (PID=10365) to work on /home/airflow/.local/lib/python3.8/site-packages/airflow/example_dags/plugins/listener_plugin.py
[2026-04-09T18:17:40.440+0000] {processor.py:830} INFO - Processing file /home/airflow/.local/lib/python3.8/site-packages/airflow/example_dags/plugins/listener_plugin.py for tasks to queue
[2026-04-09T18:17:40.442+0000] {logging_mixin.py:188} INFO - [2026-04-09T18:17:40.442+0000] {dagbag.py:538} INFO - Filling up the DagBag from /home/airflow/.local/lib/python3.8/site-packages/airflow/example_dags/plugins/listener_plugin.py
[2026-04-09T18:17:40.445+0000] {processor.py:842} WARNING - No viable dags retrieved from /home/airflow/.local/lib/python3.8/site-packages/airflow/example_dags/plugins/listener_plugin.py
[2026-04-09T18:17:40.461+0000] {processor.py:183} INFO - Processing /home/airflow/.local/lib/python3.8/site-packages/airflow/example_dags/plugins/listener_plugin.py took 0.026 seconds
[2026-04-09T18:18:10.914+0000] {processor.py:161} INFO - Started process (PID=10423) to work on /home/airflow/.local/lib/python3.8/site-packages/airflow/example_dags/plugins/listener_plugin.py
[2026-04-09T18:18:10.915+0000] {processor.py:830} INFO - Processing file /home/airflow/.local/lib/python3.8/site-packages/airflow/example_dags/plugins/listener_plugin.py for tasks to queue
[2026-04-09T18:18:10.917+0000] {logging_mixin.py:188} INFO - [2026-04-09T18:18:10.917+0000] {dagbag.py:538} INFO - Filling up the DagBag from /home/airflow/.local/lib/python3.8/site-packages/airflow/example_dags/plugins/listener_plugin.py
[2026-04-09T18:18:10.920+0000] {processor.py:842} WARNING - No viable dags retrieved from /home/airflow/.local/lib/python3.8/site-packages/airflow/example_dags/plugins/listener_plugin.py
[2026-04-09T18:18:10.936+0000] {processor.py:183} INFO - Processing /home/airflow/.local/lib/python3.8/site-packages/airflow/example_dags/plugins/listener_plugin.py took 0.025 seconds
[2026-04-09T18:18:41.350+0000] {processor.py:161} INFO - Started process (PID=10480) to work on /home/airflow/.local/lib/python3.8/site-packages/airflow/example_dags/plugins/listener_plugin.py
[2026-04-09T18:18:41.355+0000] {processor.py:830} INFO - Processing file /home/airflow/.local/lib/python3.8/site-packages/airflow/example_dags/plugins/listener_plugin.py for tasks to queue
[2026-04-09T18:18:41.360+0000] {logging_mixin.py:188} INFO - [2026-04-09T18:18:41.359+0000] {dagbag.py:538} INFO - Filling up the DagBag from /home/airflow/.local/lib/python3.8/site-packages/airflow/example_dags/plugins/listener_plugin.py
[2026-04-09T18:18:41.368+0000] {processor.py:842} WARNING - No viable dags retrieved from /home/airflow/.local/lib/python3.8/site-packages/airflow/example_dags/plugins/listener_plugin.py
[2026-04-09T18:18:41.390+0000] {processor.py:183} INFO - Processing /home/airflow/.local/lib/python3.8/site-packages/airflow/example_dags/plugins/listener_plugin.py took 0.048 seconds
[2026-04-09T18:19:11.978+0000] {processor.py:161} INFO - Started process (PID=10537) to work on /home/airflow/.local/lib/python3.8/site-packages/airflow/example_dags/plugins/listener_plugin.py
[2026-04-09T18:19:11.980+0000] {processor.py:830} INFO - Processing file /home/airflow/.local/lib/python3.8/site-packages/airflow/example_dags/plugins/listener_plugin.py for tasks to queue
[2026-04-09T18:19:11.982+0000] {logging_mixin.py:188} INFO - [2026-04-09T18:19:11.981+0000] {dagbag.py:538} INFO - Filling up the DagBag from /home/airflow/.local/lib/python3.8/site-packages/airflow/example_dags/plugins/listener_plugin.py
[2026-04-09T18:19:11.984+0000] {processor.py:842} WARNING - No viable dags retrieved from /home/airflow/.local/lib/python3.8/site-packages/airflow/example_dags/plugins/listener_plugin.py
[2026-04-09T18:19:12.000+0000] {processor.py:183} INFO - Processing /home/airflow/.local/lib/python3.8/site-packages/airflow/example_dags/plugins/listener_plugin.py took 0.025 seconds
[2026-04-09T18:19:42.474+0000] {processor.py:161} INFO - Started process (PID=10594) to work on /home/airflow/.local/lib/python3.8/site-packages/airflow/example_dags/plugins/listener_plugin.py
[2026-04-09T18:19:42.475+0000] {processor.py:830} INFO - Processing file /home/airflow/.local/lib/python3.8/site-packages/airflow/example_dags/plugins/listener_plugin.py for tasks to queue
[2026-04-09T18:19:42.477+0000] {logging_mixin.py:188} INFO - [2026-04-09T18:19:42.477+0000] {dagbag.py:538} INFO - Filling up the DagBag from /home/airflow/.local/lib/python3.8/site-packages/airflow/example_dags/plugins/listener_plugin.py
[2026-04-09T18:19:42.480+0000] {processor.py:842} WARNING - No viable dags retrieved from /home/airflow/.local/lib/python3.8/site-packages/airflow/example_dags/plugins/listener_plugin.py
[2026-04-09T18:19:42.495+0000] {processor.py:183} INFO - Processing /home/airflow/.local/lib/python3.8/site-packages/airflow/example_dags/plugins/listener_plugin.py took 0.025 seconds
[2026-04-09T18:20:13.215+0000] {processor.py:161} INFO - Started process (PID=10651) to work on /home/airflow/.local/lib/python3.8/site-packages/airflow/example_dags/plugins/listener_plugin.py
[2026-04-09T18:20:13.216+0000] {processor.py:830} INFO - Processing file /home/airflow/.local/lib/python3.8/site-packages/airflow/example_dags/plugins/listener_plugin.py for tasks to queue
[2026-04-09T18:20:13.218+0000] {logging_mixin.py:188} INFO - [2026-04-09T18:20:13.218+0000] {dagbag.py:538} INFO - Filling up the DagBag from /home/airflow/.local/lib/python3.8/site-packages/airflow/example_dags/plugins/listener_plugin.py
[2026-04-09T18:20:13.221+0000] {processor.py:842} WARNING - No viable dags retrieved from /home/airflow/.local/lib/python3.8/site-packages/airflow/example_dags/plugins/listener_plugin.py
[2026-04-09T18:20:13.236+0000] {processor.py:183} INFO - Processing /home/airflow/.local/lib/python3.8/site-packages/airflow/example_dags/plugins/listener_plugin.py took 0.025 seconds
[2026-04-09T18:20:43.409+0000] {processor.py:161} INFO - Started process (PID=10708) to work on /home/airflow/.local/lib/python3.8/site-packages/airflow/example_dags/plugins/listener_plugin.py
[2026-04-09T18:20:43.411+0000] {processor.py:830} INFO - Processing file /home/airflow/.local/lib/python3.8/site-packages/airflow/example_dags/plugins/listener_plugin.py for tasks to queue
[2026-04-09T18:20:43.412+0000] {logging_mixin.py:188} INFO - [2026-04-09T18:20:43.412+0000] {dagbag.py:538} INFO - Filling up the DagBag from /home/airflow/.local/lib/python3.8/site-packages/airflow/example_dags/plugins/listener_plugin.py
[2026-04-09T18:20:43.415+0000] {processor.py:842} WARNING - No viable dags retrieved from /home/airflow/.local/lib/python3.8/site-packages/airflow/example_dags/plugins/listener_plugin.py
[2026-04-09T18:20:43.432+0000] {processor.py:183} INFO - Processing /home/airflow/.local/lib/python3.8/site-packages/airflow/example_dags/plugins/listener_plugin.py took 0.027 seconds
[2026-04-09T18:21:14.053+0000] {processor.py:161} INFO - Started process (PID=10764) to work on /home/airflow/.local/lib/python3.8/site-packages/airflow/example_dags/plugins/listener_plugin.py
[2026-04-09T18:21:14.054+0000] {processor.py:830} INFO - Processing file /home/airflow/.local/lib/python3.8/site-packages/airflow/example_dags/plugins/listener_plugin.py for tasks to queue
[2026-04-09T18:21:14.056+0000] {logging_mixin.py:188} INFO - [2026-04-09T18:21:14.055+0000] {dagbag.py:538} INFO - Filling up the DagBag from /home/airflow/.local/lib/python3.8/site-packages/airflow/example_dags/plugins/listener_plugin.py
[2026-04-09T18:21:14.059+0000] {processor.py:842} WARNING - No viable dags retrieved from /home/airflow/.local/lib/python3.8/site-packages/airflow/example_dags/plugins/listener_plugin.py
[2026-04-09T18:21:14.073+0000] {processor.py:183} INFO - Processing /home/airflow/.local/lib/python3.8/site-packages/airflow/example_dags/plugins/listener_plugin.py took 0.024 seconds
[2026-04-09T18:21:44.968+0000] {processor.py:161} INFO - Started process (PID=10822) to work on /home/airflow/.local/lib/python3.8/site-packages/airflow/example_dags/plugins/listener_plugin.py
[2026-04-09T18:21:44.970+0000] {processor.py:830} INFO - Processing file /home/airflow/.local/lib/python3.8/site-packages/airflow/example_dags/plugins/listener_plugin.py for tasks to queue
[2026-04-09T18:21:44.974+0000] {logging_mixin.py:188} INFO - [2026-04-09T18:21:44.973+0000] {dagbag.py:538} INFO - Filling up the DagBag from /home/airflow/.local/lib/python3.8/site-packages/airflow/example_dags/plugins/listener_plugin.py
[2026-04-09T18:21:44.978+0000] {processor.py:842} WARNING - No viable dags retrieved from /home/airflow/.local/lib/python3.8/site-packages/airflow/example_dags/plugins/listener_plugin.py
[2026-04-09T18:21:45.001+0000] {processor.py:183} INFO - Processing /home/airflow/.local/lib/python3.8/site-packages/airflow/example_dags/plugins/listener_plugin.py took 0.038 seconds
[2026-04-09T18:22:15.452+0000] {processor.py:161} INFO - Started process (PID=10879) to work on /home/airflow/.local/lib/python3.8/site-packages/airflow/example_dags/plugins/listener_plugin.py
[2026-04-09T18:22:15.453+0000] {processor.py:830} INFO - Processing file /home/airflow/.local/lib/python3.8/site-packages/airflow/example_dags/plugins/listener_plugin.py for tasks to queue
[2026-04-09T18:22:15.455+0000] {logging_mixin.py:188} INFO - [2026-04-09T18:22:15.455+0000] {dagbag.py:538} INFO - Filling up the DagBag from /home/airflow/.local/lib/python3.8/site-packages/airflow/example_dags/plugins/listener_plugin.py
[2026-04-09T18:22:15.458+0000] {processor.py:842} WARNING - No viable dags retrieved from /home/airflow/.local/lib/python3.8/site-packages/airflow/example_dags/plugins/listener_plugin.py
[2026-04-09T18:22:15.476+0000] {processor.py:183} INFO - Processing /home/airflow/.local/lib/python3.8/site-packages/airflow/example_dags/plugins/listener_plugin.py took 0.028 seconds
[2026-04-09T18:22:47.080+0000] {processor.py:161} INFO - Started process (PID=10936) to work on /home/airflow/.local/lib/python3.8/site-packages/airflow/example_dags/plugins/listener_plugin.py
[2026-04-09T18:22:47.082+0000] {processor.py:830} INFO - Processing file /home/airflow/.local/lib/python3.8/site-packages/airflow/example_dags/plugins/listener_plugin.py for tasks to queue
[2026-04-09T18:22:47.084+0000] {logging_mixin.py:188} INFO - [2026-04-09T18:22:47.083+0000] {dagbag.py:538} INFO - Filling up the DagBag from /home/airflow/.local/lib/python3.8/site-packages/airflow/example_dags/plugins/listener_plugin.py
[2026-04-09T18:22:47.087+0000] {processor.py:842} WARNING - No viable dags retrieved from /home/airflow/.local/lib/python3.8/site-packages/airflow/example_dags/plugins/listener_plugin.py
[2026-04-09T18:22:47.103+0000] {processor.py:183} INFO - Processing /home/airflow/.local/lib/python3.8/site-packages/airflow/example_dags/plugins/listener_plugin.py took 0.026 seconds
[2026-04-09T18:23:17.507+0000] {processor.py:161} INFO - Started process (PID=10993) to work on /home/airflow/.local/lib/python3.8/site-packages/airflow/example_dags/plugins/listener_plugin.py
[2026-04-09T18:23:17.509+0000] {processor.py:830} INFO - Processing file /home/airflow/.local/lib/python3.8/site-packages/airflow/example_dags/plugins/listener_plugin.py for tasks to queue
[2026-04-09T18:23:17.510+0000] {logging_mixin.py:188} INFO - [2026-04-09T18:23:17.510+0000] {dagbag.py:538} INFO - Filling up the DagBag from /home/airflow/.local/lib/python3.8/site-packages/airflow/example_dags/plugins/listener_plugin.py
[2026-04-09T18:23:17.513+0000] {processor.py:842} WARNING - No viable dags retrieved from /home/airflow/.local/lib/python3.8/site-packages/airflow/example_dags/plugins/listener_plugin.py
[2026-04-09T18:23:17.528+0000] {processor.py:183} INFO - Processing /home/airflow/.local/lib/python3.8/site-packages/airflow/example_dags/plugins/listener_plugin.py took 0.024 seconds
[2026-04-09T18:23:48.644+0000] {processor.py:161} INFO - Started process (PID=11050) to work on /home/airflow/.local/lib/python3.8/site-packages/airflow/example_dags/plugins/listener_plugin.py
[2026-04-09T18:23:48.645+0000] {processor.py:830} INFO - Processing file /home/airflow/.local/lib/python3.8/site-packages/airflow/example_dags/plugins/listener_plugin.py for tasks to queue
[2026-04-09T18:23:48.646+0000] {logging_mixin.py:188} INFO - [2026-04-09T18:23:48.646+0000] {dagbag.py:538} INFO - Filling up the DagBag from /home/airflow/.local/lib/python3.8/site-packages/airflow/example_dags/plugins/listener_plugin.py
[2026-04-09T18:23:48.649+0000] {processor.py:842} WARNING - No viable dags retrieved from /home/airflow/.local/lib/python3.8/site-packages/airflow/example_dags/plugins/listener_plugin.py
[2026-04-09T18:23:48.665+0000] {processor.py:183} INFO - Processing /home/airflow/.local/lib/python3.8/site-packages/airflow/example_dags/plugins/listener_plugin.py took 0.025 seconds
[2026-04-09T18:24:19.329+0000] {processor.py:161} INFO - Started process (PID=11106) to work on /home/airflow/.local/lib/python3.8/site-packages/airflow/example_dags/plugins/listener_plugin.py
[2026-04-09T18:24:19.330+0000] {processor.py:830} INFO - Processing file /home/airflow/.local/lib/python3.8/site-packages/airflow/example_dags/plugins/listener_plugin.py for tasks to queue
[2026-04-09T18:24:19.332+0000] {logging_mixin.py:188} INFO - [2026-04-09T18:24:19.332+0000] {dagbag.py:538} INFO - Filling up the DagBag from /home/airflow/.local/lib/python3.8/site-packages/airflow/example_dags/plugins/listener_plugin.py
[2026-04-09T18:24:19.335+0000] {processor.py:842} WARNING - No viable dags retrieved from /home/airflow/.local/lib/python3.8/site-packages/airflow/example_dags/plugins/listener_plugin.py
[2026-04-09T18:24:19.349+0000] {processor.py:183} INFO - Processing /home/airflow/.local/lib/python3.8/site-packages/airflow/example_dags/plugins/listener_plugin.py took 0.024 seconds
[2026-04-09T18:24:49.718+0000] {processor.py:161} INFO - Started process (PID=11164) to work on /home/airflow/.local/lib/python3.8/site-packages/airflow/example_dags/plugins/listener_plugin.py
[2026-04-09T18:24:49.720+0000] {processor.py:830} INFO - Processing file /home/airflow/.local/lib/python3.8/site-packages/airflow/example_dags/plugins/listener_plugin.py for tasks to queue
[2026-04-09T18:24:49.723+0000] {logging_mixin.py:188} INFO - [2026-04-09T18:24:49.723+0000] {dagbag.py:538} INFO - Filling up the DagBag from /home/airflow/.local/lib/python3.8/site-packages/airflow/example_dags/plugins/listener_plugin.py
[2026-04-09T18:24:49.727+0000] {processor.py:842} WARNING - No viable dags retrieved from /home/airflow/.local/lib/python3.8/site-packages/airflow/example_dags/plugins/listener_plugin.py
[2026-04-09T18:24:49.745+0000] {processor.py:183} INFO - Processing /home/airflow/.local/lib/python3.8/site-packages/airflow/example_dags/plugins/listener_plugin.py took 0.031 seconds
[2026-04-09T18:25:20.391+0000] {processor.py:161} INFO - Started process (PID=11223) to work on /home/airflow/.local/lib/python3.8/site-packages/airflow/example_dags/plugins/listener_plugin.py
[2026-04-09T18:25:20.393+0000] {processor.py:830} INFO - Processing file /home/airflow/.local/lib/python3.8/site-packages/airflow/example_dags/plugins/listener_plugin.py for tasks to queue
[2026-04-09T18:25:20.395+0000] {logging_mixin.py:188} INFO - [2026-04-09T18:25:20.395+0000] {dagbag.py:538} INFO - Filling up the DagBag from /home/airflow/.local/lib/python3.8/site-packages/airflow/example_dags/plugins/listener_plugin.py
[2026-04-09T18:25:20.398+0000] {processor.py:842} WARNING - No viable dags retrieved from /home/airflow/.local/lib/python3.8/site-packages/airflow/example_dags/plugins/listener_plugin.py
[2026-04-09T18:25:20.413+0000] {processor.py:183} INFO - Processing /home/airflow/.local/lib/python3.8/site-packages/airflow/example_dags/plugins/listener_plugin.py took 0.025 seconds
[2026-04-09T18:25:50.877+0000] {processor.py:161} INFO - Started process (PID=11280) to work on /home/airflow/.local/lib/python3.8/site-packages/airflow/example_dags/plugins/listener_plugin.py
[2026-04-09T18:25:50.879+0000] {processor.py:830} INFO - Processing file /home/airflow/.local/lib/python3.8/site-packages/airflow/example_dags/plugins/listener_plugin.py for tasks to queue
[2026-04-09T18:25:50.881+0000] {logging_mixin.py:188} INFO - [2026-04-09T18:25:50.880+0000] {dagbag.py:538} INFO - Filling up the DagBag from /home/airflow/.local/lib/python3.8/site-packages/airflow/example_dags/plugins/listener_plugin.py
[2026-04-09T18:25:50.884+0000] {processor.py:842} WARNING - No viable dags retrieved from /home/airflow/.local/lib/python3.8/site-packages/airflow/example_dags/plugins/listener_plugin.py
[2026-04-09T18:25:50.898+0000] {processor.py:183} INFO - Processing /home/airflow/.local/lib/python3.8/site-packages/airflow/example_dags/plugins/listener_plugin.py took 0.024 seconds
[2026-04-09T18:26:21.741+0000] {processor.py:161} INFO - Started process (PID=11337) to work on /home/airflow/.local/lib/python3.8/site-packages/airflow/example_dags/plugins/listener_plugin.py
[2026-04-09T18:26:21.742+0000] {processor.py:830} INFO - Processing file /home/airflow/.local/lib/python3.8/site-packages/airflow/example_dags/plugins/listener_plugin.py for tasks to queue
[2026-04-09T18:26:21.744+0000] {logging_mixin.py:188} INFO - [2026-04-09T18:26:21.744+0000] {dagbag.py:538} INFO - Filling up the DagBag from /home/airflow/.local/lib/python3.8/site-packages/airflow/example_dags/plugins/listener_plugin.py
[2026-04-09T18:26:21.748+0000] {processor.py:842} WARNING - No viable dags retrieved from /home/airflow/.local/lib/python3.8/site-packages/airflow/example_dags/plugins/listener_plugin.py
[2026-04-09T18:26:21.765+0000] {processor.py:183} INFO - Processing /home/airflow/.local/lib/python3.8/site-packages/airflow/example_dags/plugins/listener_plugin.py took 0.028 seconds
[2026-04-09T18:26:52.058+0000] {processor.py:161} INFO - Started process (PID=11395) to work on /home/airflow/.local/lib/python3.8/site-packages/airflow/example_dags/plugins/listener_plugin.py
[2026-04-09T18:26:52.060+0000] {processor.py:830} INFO - Processing file /home/airflow/.local/lib/python3.8/site-packages/airflow/example_dags/plugins/listener_plugin.py for tasks to queue
[2026-04-09T18:26:52.064+0000] {logging_mixin.py:188} INFO - [2026-04-09T18:26:52.064+0000] {dagbag.py:538} INFO - Filling up the DagBag from /home/airflow/.local/lib/python3.8/site-packages/airflow/example_dags/plugins/listener_plugin.py
[2026-04-09T18:26:52.067+0000] {processor.py:842} WARNING - No viable dags retrieved from /home/airflow/.local/lib/python3.8/site-packages/airflow/example_dags/plugins/listener_plugin.py
[2026-04-09T18:26:52.087+0000] {processor.py:183} INFO - Processing /home/airflow/.local/lib/python3.8/site-packages/airflow/example_dags/plugins/listener_plugin.py took 0.034 seconds
[2026-04-09T18:27:22.313+0000] {processor.py:161} INFO - Started process (PID=11452) to work on /home/airflow/.local/lib/python3.8/site-packages/airflow/example_dags/plugins/listener_plugin.py
[2026-04-09T18:27:22.314+0000] {processor.py:830} INFO - Processing file /home/airflow/.local/lib/python3.8/site-packages/airflow/example_dags/plugins/listener_plugin.py for tasks to queue
[2026-04-09T18:27:22.317+0000] {logging_mixin.py:188} INFO - [2026-04-09T18:27:22.317+0000] {dagbag.py:538} INFO - Filling up the DagBag from /home/airflow/.local/lib/python3.8/site-packages/airflow/example_dags/plugins/listener_plugin.py
[2026-04-09T18:27:22.320+0000] {processor.py:842} WARNING - No viable dags retrieved from /home/airflow/.local/lib/python3.8/site-packages/airflow/example_dags/plugins/listener_plugin.py
[2026-04-09T18:27:22.336+0000] {processor.py:183} INFO - Processing /home/airflow/.local/lib/python3.8/site-packages/airflow/example_dags/plugins/listener_plugin.py took 0.027 seconds
[2026-04-09T18:27:52.740+0000] {processor.py:161} INFO - Started process (PID=11509) to work on /home/airflow/.local/lib/python3.8/site-packages/airflow/example_dags/plugins/listener_plugin.py
[2026-04-09T18:27:52.742+0000] {processor.py:830} INFO - Processing file /home/airflow/.local/lib/python3.8/site-packages/airflow/example_dags/plugins/listener_plugin.py for tasks to queue
[2026-04-09T18:27:52.744+0000] {logging_mixin.py:188} INFO - [2026-04-09T18:27:52.744+0000] {dagbag.py:538} INFO - Filling up the DagBag from /home/airflow/.local/lib/python3.8/site-packages/airflow/example_dags/plugins/listener_plugin.py
[2026-04-09T18:27:52.748+0000] {processor.py:842} WARNING - No viable dags retrieved from /home/airflow/.local/lib/python3.8/site-packages/airflow/example_dags/plugins/listener_plugin.py
[2026-04-09T18:27:52.767+0000] {processor.py:183} INFO - Processing /home/airflow/.local/lib/python3.8/site-packages/airflow/example_dags/plugins/listener_plugin.py took 0.030 seconds
[2026-04-09T18:28:23.309+0000] {processor.py:161} INFO - Started process (PID=11567) to work on /home/airflow/.local/lib/python3.8/site-packages/airflow/example_dags/plugins/listener_plugin.py
[2026-04-09T18:28:23.311+0000] {processor.py:830} INFO - Processing file /home/airflow/.local/lib/python3.8/site-packages/airflow/example_dags/plugins/listener_plugin.py for tasks to queue
[2026-04-09T18:28:23.313+0000] {logging_mixin.py:188} INFO - [2026-04-09T18:28:23.313+0000] {dagbag.py:538} INFO - Filling up the DagBag from /home/airflow/.local/lib/python3.8/site-packages/airflow/example_dags/plugins/listener_plugin.py
[2026-04-09T18:28:23.316+0000] {processor.py:842} WARNING - No viable dags retrieved from /home/airflow/.local/lib/python3.8/site-packages/airflow/example_dags/plugins/listener_plugin.py
[2026-04-09T18:28:23.334+0000] {processor.py:183} INFO - Processing /home/airflow/.local/lib/python3.8/site-packages/airflow/example_dags/plugins/listener_plugin.py took 0.029 seconds
[2026-04-09T18:28:53.664+0000] {processor.py:161} INFO - Started process (PID=11624) to work on /home/airflow/.local/lib/python3.8/site-packages/airflow/example_dags/plugins/listener_plugin.py
[2026-04-09T18:28:53.666+0000] {processor.py:830} INFO - Processing file /home/airflow/.local/lib/python3.8/site-packages/airflow/example_dags/plugins/listener_plugin.py for tasks to queue
[2026-04-09T18:28:53.669+0000] {logging_mixin.py:188} INFO - [2026-04-09T18:28:53.668+0000] {dagbag.py:538} INFO - Filling up the DagBag from /home/airflow/.local/lib/python3.8/site-packages/airflow/example_dags/plugins/listener_plugin.py
[2026-04-09T18:28:53.672+0000] {processor.py:842} WARNING - No viable dags retrieved from /home/airflow/.local/lib/python3.8/site-packages/airflow/example_dags/plugins/listener_plugin.py
[2026-04-09T18:28:53.689+0000] {processor.py:183} INFO - Processing /home/airflow/.local/lib/python3.8/site-packages/airflow/example_dags/plugins/listener_plugin.py took 0.030 seconds
[2026-04-09T18:29:24.118+0000] {processor.py:161} INFO - Started process (PID=11681) to work on /home/airflow/.local/lib/python3.8/site-packages/airflow/example_dags/plugins/listener_plugin.py
[2026-04-09T18:29:24.119+0000] {processor.py:830} INFO - Processing file /home/airflow/.local/lib/python3.8/site-packages/airflow/example_dags/plugins/listener_plugin.py for tasks to queue
[2026-04-09T18:29:24.121+0000] {logging_mixin.py:188} INFO - [2026-04-09T18:29:24.120+0000] {dagbag.py:538} INFO - Filling up the DagBag from /home/airflow/.local/lib/python3.8/site-packages/airflow/example_dags/plugins/listener_plugin.py
[2026-04-09T18:29:24.124+0000] {processor.py:842} WARNING - No viable dags retrieved from /home/airflow/.local/lib/python3.8/site-packages/airflow/example_dags/plugins/listener_plugin.py
[2026-04-09T18:29:24.139+0000] {processor.py:183} INFO - Processing /home/airflow/.local/lib/python3.8/site-packages/airflow/example_dags/plugins/listener_plugin.py took 0.025 seconds
[2026-04-09T18:29:54.657+0000] {processor.py:161} INFO - Started process (PID=11738) to work on /home/airflow/.local/lib/python3.8/site-packages/airflow/example_dags/plugins/listener_plugin.py
[2026-04-09T18:29:54.659+0000] {processor.py:830} INFO - Processing file /home/airflow/.local/lib/python3.8/site-packages/airflow/example_dags/plugins/listener_plugin.py for tasks to queue
[2026-04-09T18:29:54.662+0000] {logging_mixin.py:188} INFO - [2026-04-09T18:29:54.662+0000] {dagbag.py:538} INFO - Filling up the DagBag from /home/airflow/.local/lib/python3.8/site-packages/airflow/example_dags/plugins/listener_plugin.py
[2026-04-09T18:29:54.667+0000] {processor.py:842} WARNING - No viable dags retrieved from /home/airflow/.local/lib/python3.8/site-packages/airflow/example_dags/plugins/listener_plugin.py
[2026-04-09T18:29:54.686+0000] {processor.py:183} INFO - Processing /home/airflow/.local/lib/python3.8/site-packages/airflow/example_dags/plugins/listener_plugin.py took 0.034 seconds
[2026-04-09T18:30:25.329+0000] {processor.py:161} INFO - Started process (PID=11801) to work on /home/airflow/.local/lib/python3.8/site-packages/airflow/example_dags/plugins/listener_plugin.py
[2026-04-09T18:30:25.330+0000] {processor.py:830} INFO - Processing file /home/airflow/.local/lib/python3.8/site-packages/airflow/example_dags/plugins/listener_plugin.py for tasks to queue
[2026-04-09T18:30:25.333+0000] {logging_mixin.py:188} INFO - [2026-04-09T18:30:25.332+0000] {dagbag.py:538} INFO - Filling up the DagBag from /home/airflow/.local/lib/python3.8/site-packages/airflow/example_dags/plugins/listener_plugin.py
[2026-04-09T18:30:25.337+0000] {processor.py:842} WARNING - No viable dags retrieved from /home/airflow/.local/lib/python3.8/site-packages/airflow/example_dags/plugins/listener_plugin.py
[2026-04-09T18:30:25.354+0000] {processor.py:183} INFO - Processing /home/airflow/.local/lib/python3.8/site-packages/airflow/example_dags/plugins/listener_plugin.py took 0.030 seconds
[2026-04-09T18:30:55.936+0000] {processor.py:161} INFO - Started process (PID=11858) to work on /home/airflow/.local/lib/python3.8/site-packages/airflow/example_dags/plugins/listener_plugin.py
[2026-04-09T18:30:55.937+0000] {processor.py:830} INFO - Processing file /home/airflow/.local/lib/python3.8/site-packages/airflow/example_dags/plugins/listener_plugin.py for tasks to queue
[2026-04-09T18:30:55.939+0000] {logging_mixin.py:188} INFO - [2026-04-09T18:30:55.939+0000] {dagbag.py:538} INFO - Filling up the DagBag from /home/airflow/.local/lib/python3.8/site-packages/airflow/example_dags/plugins/listener_plugin.py
[2026-04-09T18:30:55.942+0000] {processor.py:842} WARNING - No viable dags retrieved from /home/airflow/.local/lib/python3.8/site-packages/airflow/example_dags/plugins/listener_plugin.py
[2026-04-09T18:30:55.958+0000] {processor.py:183} INFO - Processing /home/airflow/.local/lib/python3.8/site-packages/airflow/example_dags/plugins/listener_plugin.py took 0.026 seconds
[2026-04-09T18:31:26.383+0000] {processor.py:161} INFO - Started process (PID=11914) to work on /home/airflow/.local/lib/python3.8/site-packages/airflow/example_dags/plugins/listener_plugin.py
[2026-04-09T18:31:26.385+0000] {processor.py:830} INFO - Processing file /home/airflow/.local/lib/python3.8/site-packages/airflow/example_dags/plugins/listener_plugin.py for tasks to queue
[2026-04-09T18:31:26.387+0000] {logging_mixin.py:188} INFO - [2026-04-09T18:31:26.387+0000] {dagbag.py:538} INFO - Filling up the DagBag from /home/airflow/.local/lib/python3.8/site-packages/airflow/example_dags/plugins/listener_plugin.py
[2026-04-09T18:31:26.391+0000] {processor.py:842} WARNING - No viable dags retrieved from /home/airflow/.local/lib/python3.8/site-packages/airflow/example_dags/plugins/listener_plugin.py
[2026-04-09T18:31:26.408+0000] {processor.py:183} INFO - Processing /home/airflow/.local/lib/python3.8/site-packages/airflow/example_dags/plugins/listener_plugin.py took 0.029 seconds
[2026-04-09T18:31:57.060+0000] {processor.py:161} INFO - Started process (PID=11972) to work on /home/airflow/.local/lib/python3.8/site-packages/airflow/example_dags/plugins/listener_plugin.py
[2026-04-09T18:31:57.062+0000] {processor.py:830} INFO - Processing file /home/airflow/.local/lib/python3.8/site-packages/airflow/example_dags/plugins/listener_plugin.py for tasks to queue
[2026-04-09T18:31:57.064+0000] {logging_mixin.py:188} INFO - [2026-04-09T18:31:57.064+0000] {dagbag.py:538} INFO - Filling up the DagBag from /home/airflow/.local/lib/python3.8/site-packages/airflow/example_dags/plugins/listener_plugin.py
[2026-04-09T18:31:57.067+0000] {processor.py:842} WARNING - No viable dags retrieved from /home/airflow/.local/lib/python3.8/site-packages/airflow/example_dags/plugins/listener_plugin.py
[2026-04-09T18:31:57.082+0000] {processor.py:183} INFO - Processing /home/airflow/.local/lib/python3.8/site-packages/airflow/example_dags/plugins/listener_plugin.py took 0.026 seconds
[2026-04-09T18:32:27.539+0000] {processor.py:161} INFO - Started process (PID=12029) to work on /home/airflow/.local/lib/python3.8/site-packages/airflow/example_dags/plugins/listener_plugin.py
[2026-04-09T18:32:27.540+0000] {processor.py:830} INFO - Processing file /home/airflow/.local/lib/python3.8/site-packages/airflow/example_dags/plugins/listener_plugin.py for tasks to queue
[2026-04-09T18:32:27.542+0000] {logging_mixin.py:188} INFO - [2026-04-09T18:32:27.542+0000] {dagbag.py:538} INFO - Filling up the DagBag from /home/airflow/.local/lib/python3.8/site-packages/airflow/example_dags/plugins/listener_plugin.py
[2026-04-09T18:32:27.545+0000] {processor.py:842} WARNING - No viable dags retrieved from /home/airflow/.local/lib/python3.8/site-packages/airflow/example_dags/plugins/listener_plugin.py
[2026-04-09T18:32:27.560+0000] {processor.py:183} INFO - Processing /home/airflow/.local/lib/python3.8/site-packages/airflow/example_dags/plugins/listener_plugin.py took 0.024 seconds
[2026-04-09T18:32:57.952+0000] {processor.py:161} INFO - Started process (PID=12086) to work on /home/airflow/.local/lib/python3.8/site-packages/airflow/example_dags/plugins/listener_plugin.py
[2026-04-09T18:32:57.953+0000] {processor.py:830} INFO - Processing file /home/airflow/.local/lib/python3.8/site-packages/airflow/example_dags/plugins/listener_plugin.py for tasks to queue
[2026-04-09T18:32:57.956+0000] {logging_mixin.py:188} INFO - [2026-04-09T18:32:57.955+0000] {dagbag.py:538} INFO - Filling up the DagBag from /home/airflow/.local/lib/python3.8/site-packages/airflow/example_dags/plugins/listener_plugin.py
[2026-04-09T18:32:57.959+0000] {processor.py:842} WARNING - No viable dags retrieved from /home/airflow/.local/lib/python3.8/site-packages/airflow/example_dags/plugins/listener_plugin.py
[2026-04-09T18:32:57.974+0000] {processor.py:183} INFO - Processing /home/airflow/.local/lib/python3.8/site-packages/airflow/example_dags/plugins/listener_plugin.py took 0.025 seconds
[2026-04-09T18:33:28.231+0000] {processor.py:161} INFO - Started process (PID=12143) to work on /home/airflow/.local/lib/python3.8/site-packages/airflow/example_dags/plugins/listener_plugin.py
[2026-04-09T18:33:28.233+0000] {processor.py:830} INFO - Processing file /home/airflow/.local/lib/python3.8/site-packages/airflow/example_dags/plugins/listener_plugin.py for tasks to queue
[2026-04-09T18:33:28.235+0000] {logging_mixin.py:188} INFO - [2026-04-09T18:33:28.235+0000] {dagbag.py:538} INFO - Filling up the DagBag from /home/airflow/.local/lib/python3.8/site-packages/airflow/example_dags/plugins/listener_plugin.py
[2026-04-09T18:33:28.238+0000] {processor.py:842} WARNING - No viable dags retrieved from /home/airflow/.local/lib/python3.8/site-packages/airflow/example_dags/plugins/listener_plugin.py
[2026-04-09T18:33:28.254+0000] {processor.py:183} INFO - Processing /home/airflow/.local/lib/python3.8/site-packages/airflow/example_dags/plugins/listener_plugin.py took 0.027 seconds
[2026-04-09T18:33:58.765+0000] {processor.py:161} INFO - Started process (PID=12200) to work on /home/airflow/.local/lib/python3.8/site-packages/airflow/example_dags/plugins/listener_plugin.py
[2026-04-09T18:33:58.766+0000] {processor.py:830} INFO - Processing file /home/airflow/.local/lib/python3.8/site-packages/airflow/example_dags/plugins/listener_plugin.py for tasks to queue
[2026-04-09T18:33:58.768+0000] {logging_mixin.py:188} INFO - [2026-04-09T18:33:58.768+0000] {dagbag.py:538} INFO - Filling up the DagBag from /home/airflow/.local/lib/python3.8/site-packages/airflow/example_dags/plugins/listener_plugin.py
[2026-04-09T18:33:58.772+0000] {processor.py:842} WARNING - No viable dags retrieved from /home/airflow/.local/lib/python3.8/site-packages/airflow/example_dags/plugins/listener_plugin.py
[2026-04-09T18:33:58.788+0000] {processor.py:183} INFO - Processing /home/airflow/.local/lib/python3.8/site-packages/airflow/example_dags/plugins/listener_plugin.py took 0.027 seconds
[2026-04-09T18:34:28.953+0000] {processor.py:161} INFO - Started process (PID=12256) to work on /home/airflow/.local/lib/python3.8/site-packages/airflow/example_dags/plugins/listener_plugin.py
[2026-04-09T18:34:28.954+0000] {processor.py:830} INFO - Processing file /home/airflow/.local/lib/python3.8/site-packages/airflow/example_dags/plugins/listener_plugin.py for tasks to queue
[2026-04-09T18:34:28.956+0000] {logging_mixin.py:188} INFO - [2026-04-09T18:34:28.956+0000] {dagbag.py:538} INFO - Filling up the DagBag from /home/airflow/.local/lib/python3.8/site-packages/airflow/example_dags/plugins/listener_plugin.py
[2026-04-09T18:34:28.959+0000] {processor.py:842} WARNING - No viable dags retrieved from /home/airflow/.local/lib/python3.8/site-packages/airflow/example_dags/plugins/listener_plugin.py
[2026-04-09T18:34:28.976+0000] {processor.py:183} INFO - Processing /home/airflow/.local/lib/python3.8/site-packages/airflow/example_dags/plugins/listener_plugin.py took 0.027 seconds
[2026-04-09T18:34:59.156+0000] {processor.py:161} INFO - Started process (PID=12312) to work on /home/airflow/.local/lib/python3.8/site-packages/airflow/example_dags/plugins/listener_plugin.py
[2026-04-09T18:34:59.158+0000] {processor.py:830} INFO - Processing file /home/airflow/.local/lib/python3.8/site-packages/airflow/example_dags/plugins/listener_plugin.py for tasks to queue
[2026-04-09T18:34:59.161+0000] {logging_mixin.py:188} INFO - [2026-04-09T18:34:59.160+0000] {dagbag.py:538} INFO - Filling up the DagBag from /home/airflow/.local/lib/python3.8/site-packages/airflow/example_dags/plugins/listener_plugin.py
[2026-04-09T18:34:59.164+0000] {processor.py:842} WARNING - No viable dags retrieved from /home/airflow/.local/lib/python3.8/site-packages/airflow/example_dags/plugins/listener_plugin.py
[2026-04-09T18:34:59.182+0000] {processor.py:183} INFO - Processing /home/airflow/.local/lib/python3.8/site-packages/airflow/example_dags/plugins/listener_plugin.py took 0.030 seconds
[2026-04-09T18:35:30.026+0000] {processor.py:161} INFO - Started process (PID=12369) to work on /home/airflow/.local/lib/python3.8/site-packages/airflow/example_dags/plugins/listener_plugin.py
[2026-04-09T18:35:30.028+0000] {processor.py:830} INFO - Processing file /home/airflow/.local/lib/python3.8/site-packages/airflow/example_dags/plugins/listener_plugin.py for tasks to queue
[2026-04-09T18:35:30.031+0000] {logging_mixin.py:188} INFO - [2026-04-09T18:35:30.031+0000] {dagbag.py:538} INFO - Filling up the DagBag from /home/airflow/.local/lib/python3.8/site-packages/airflow/example_dags/plugins/listener_plugin.py
[2026-04-09T18:35:30.035+0000] {processor.py:842} WARNING - No viable dags retrieved from /home/airflow/.local/lib/python3.8/site-packages/airflow/example_dags/plugins/listener_plugin.py
[2026-04-09T18:35:30.051+0000] {processor.py:183} INFO - Processing /home/airflow/.local/lib/python3.8/site-packages/airflow/example_dags/plugins/listener_plugin.py took 0.029 seconds
[2026-04-09T18:36:00.459+0000] {processor.py:161} INFO - Started process (PID=12427) to work on /home/airflow/.local/lib/python3.8/site-packages/airflow/example_dags/plugins/listener_plugin.py
[2026-04-09T18:36:00.460+0000] {processor.py:830} INFO - Processing file /home/airflow/.local/lib/python3.8/site-packages/airflow/example_dags/plugins/listener_plugin.py for tasks to queue
[2026-04-09T18:36:00.463+0000] {logging_mixin.py:188} INFO - [2026-04-09T18:36:00.462+0000] {dagbag.py:538} INFO - Filling up the DagBag from /home/airflow/.local/lib/python3.8/site-packages/airflow/example_dags/plugins/listener_plugin.py
[2026-04-09T18:36:00.467+0000] {processor.py:842} WARNING - No viable dags retrieved from /home/airflow/.local/lib/python3.8/site-packages/airflow/example_dags/plugins/listener_plugin.py
[2026-04-09T18:36:00.484+0000] {processor.py:183} INFO - Processing /home/airflow/.local/lib/python3.8/site-packages/airflow/example_dags/plugins/listener_plugin.py took 0.029 seconds
[2026-04-09T18:36:31.169+0000] {processor.py:161} INFO - Started process (PID=12485) to work on /home/airflow/.local/lib/python3.8/site-packages/airflow/example_dags/plugins/listener_plugin.py
[2026-04-09T18:36:31.171+0000] {processor.py:830} INFO - Processing file /home/airflow/.local/lib/python3.8/site-packages/airflow/example_dags/plugins/listener_plugin.py for tasks to queue
[2026-04-09T18:36:31.174+0000] {logging_mixin.py:188} INFO - [2026-04-09T18:36:31.173+0000] {dagbag.py:538} INFO - Filling up the DagBag from /home/airflow/.local/lib/python3.8/site-packages/airflow/example_dags/plugins/listener_plugin.py
[2026-04-09T18:36:31.179+0000] {processor.py:842} WARNING - No viable dags retrieved from /home/airflow/.local/lib/python3.8/site-packages/airflow/example_dags/plugins/listener_plugin.py
[2026-04-09T18:36:31.202+0000] {processor.py:183} INFO - Processing /home/airflow/.local/lib/python3.8/site-packages/airflow/example_dags/plugins/listener_plugin.py took 0.037 seconds
[2026-04-09T18:37:01.674+0000] {processor.py:161} INFO - Started process (PID=12542) to work on /home/airflow/.local/lib/python3.8/site-packages/airflow/example_dags/plugins/listener_plugin.py
[2026-04-09T18:37:01.675+0000] {processor.py:830} INFO - Processing file /home/airflow/.local/lib/python3.8/site-packages/airflow/example_dags/plugins/listener_plugin.py for tasks to queue
[2026-04-09T18:37:01.677+0000] {logging_mixin.py:188} INFO - [2026-04-09T18:37:01.677+0000] {dagbag.py:538} INFO - Filling up the DagBag from /home/airflow/.local/lib/python3.8/site-packages/airflow/example_dags/plugins/listener_plugin.py
[2026-04-09T18:37:01.680+0000] {processor.py:842} WARNING - No viable dags retrieved from /home/airflow/.local/lib/python3.8/site-packages/airflow/example_dags/plugins/listener_plugin.py
[2026-04-09T18:37:01.696+0000] {processor.py:183} INFO - Processing /home/airflow/.local/lib/python3.8/site-packages/airflow/example_dags/plugins/listener_plugin.py took 0.026 seconds
[2026-04-09T18:37:31.980+0000] {processor.py:161} INFO - Started process (PID=12599) to work on /home/airflow/.local/lib/python3.8/site-packages/airflow/example_dags/plugins/listener_plugin.py
[2026-04-09T18:37:31.981+0000] {processor.py:830} INFO - Processing file /home/airflow/.local/lib/python3.8/site-packages/airflow/example_dags/plugins/listener_plugin.py for tasks to queue
[2026-04-09T18:37:31.983+0000] {logging_mixin.py:188} INFO - [2026-04-09T18:37:31.983+0000] {dagbag.py:538} INFO - Filling up the DagBag from /home/airflow/.local/lib/python3.8/site-packages/airflow/example_dags/plugins/listener_plugin.py
[2026-04-09T18:37:31.986+0000] {processor.py:842} WARNING - No viable dags retrieved from /home/airflow/.local/lib/python3.8/site-packages/airflow/example_dags/plugins/listener_plugin.py
[2026-04-09T18:37:32.003+0000] {processor.py:183} INFO - Processing /home/airflow/.local/lib/python3.8/site-packages/airflow/example_dags/plugins/listener_plugin.py took 0.027 seconds
[2026-04-09T18:38:02.292+0000] {processor.py:161} INFO - Started process (PID=12655) to work on /home/airflow/.local/lib/python3.8/site-packages/airflow/example_dags/plugins/listener_plugin.py
[2026-04-09T18:38:02.294+0000] {processor.py:830} INFO - Processing file /home/airflow/.local/lib/python3.8/site-packages/airflow/example_dags/plugins/listener_plugin.py for tasks to queue
[2026-04-09T18:38:02.296+0000] {logging_mixin.py:188} INFO - [2026-04-09T18:38:02.295+0000] {dagbag.py:538} INFO - Filling up the DagBag from /home/airflow/.local/lib/python3.8/site-packages/airflow/example_dags/plugins/listener_plugin.py
[2026-04-09T18:38:02.299+0000] {processor.py:842} WARNING - No viable dags retrieved from /home/airflow/.local/lib/python3.8/site-packages/airflow/example_dags/plugins/listener_plugin.py
[2026-04-09T18:38:02.315+0000] {processor.py:183} INFO - Processing /home/airflow/.local/lib/python3.8/site-packages/airflow/example_dags/plugins/listener_plugin.py took 0.026 seconds
[2026-04-09T18:38:32.689+0000] {processor.py:161} INFO - Started process (PID=12714) to work on /home/airflow/.local/lib/python3.8/site-packages/airflow/example_dags/plugins/listener_plugin.py
[2026-04-09T18:38:32.690+0000] {processor.py:830} INFO - Processing file /home/airflow/.local/lib/python3.8/site-packages/airflow/example_dags/plugins/listener_plugin.py for tasks to queue
[2026-04-09T18:38:32.692+0000] {logging_mixin.py:188} INFO - [2026-04-09T18:38:32.691+0000] {dagbag.py:538} INFO - Filling up the DagBag from /home/airflow/.local/lib/python3.8/site-packages/airflow/example_dags/plugins/listener_plugin.py
[2026-04-09T18:38:32.695+0000] {processor.py:842} WARNING - No viable dags retrieved from /home/airflow/.local/lib/python3.8/site-packages/airflow/example_dags/plugins/listener_plugin.py
[2026-04-09T18:38:32.713+0000] {processor.py:183} INFO - Processing /home/airflow/.local/lib/python3.8/site-packages/airflow/example_dags/plugins/listener_plugin.py took 0.028 seconds
[2026-04-09T18:39:02.843+0000] {processor.py:161} INFO - Started process (PID=12771) to work on /home/airflow/.local/lib/python3.8/site-packages/airflow/example_dags/plugins/listener_plugin.py
[2026-04-09T18:39:02.844+0000] {processor.py:830} INFO - Processing file /home/airflow/.local/lib/python3.8/site-packages/airflow/example_dags/plugins/listener_plugin.py for tasks to queue
[2026-04-09T18:39:02.846+0000] {logging_mixin.py:188} INFO - [2026-04-09T18:39:02.845+0000] {dagbag.py:538} INFO - Filling up the DagBag from /home/airflow/.local/lib/python3.8/site-packages/airflow/example_dags/plugins/listener_plugin.py
[2026-04-09T18:39:02.849+0000] {processor.py:842} WARNING - No viable dags retrieved from /home/airflow/.local/lib/python3.8/site-packages/airflow/example_dags/plugins/listener_plugin.py
[2026-04-09T18:39:02.866+0000] {processor.py:183} INFO - Processing /home/airflow/.local/lib/python3.8/site-packages/airflow/example_dags/plugins/listener_plugin.py took 0.027 seconds
[2026-04-09T18:39:33.264+0000] {processor.py:161} INFO - Started process (PID=12828) to work on /home/airflow/.local/lib/python3.8/site-packages/airflow/example_dags/plugins/listener_plugin.py
[2026-04-09T18:39:33.265+0000] {processor.py:830} INFO - Processing file /home/airflow/.local/lib/python3.8/site-packages/airflow/example_dags/plugins/listener_plugin.py for tasks to queue
[2026-04-09T18:39:33.267+0000] {logging_mixin.py:188} INFO - [2026-04-09T18:39:33.267+0000] {dagbag.py:538} INFO - Filling up the DagBag from /home/airflow/.local/lib/python3.8/site-packages/airflow/example_dags/plugins/listener_plugin.py
[2026-04-09T18:39:33.270+0000] {processor.py:842} WARNING - No viable dags retrieved from /home/airflow/.local/lib/python3.8/site-packages/airflow/example_dags/plugins/listener_plugin.py
[2026-04-09T18:39:33.287+0000] {processor.py:183} INFO - Processing /home/airflow/.local/lib/python3.8/site-packages/airflow/example_dags/plugins/listener_plugin.py took 0.027 seconds
[2026-04-09T18:40:03.529+0000] {processor.py:161} INFO - Started process (PID=12885) to work on /home/airflow/.local/lib/python3.8/site-packages/airflow/example_dags/plugins/listener_plugin.py
[2026-04-09T18:40:03.531+0000] {processor.py:830} INFO - Processing file /home/airflow/.local/lib/python3.8/site-packages/airflow/example_dags/plugins/listener_plugin.py for tasks to queue
[2026-04-09T18:40:03.533+0000] {logging_mixin.py:188} INFO - [2026-04-09T18:40:03.533+0000] {dagbag.py:538} INFO - Filling up the DagBag from /home/airflow/.local/lib/python3.8/site-packages/airflow/example_dags/plugins/listener_plugin.py
[2026-04-09T18:40:03.536+0000] {processor.py:842} WARNING - No viable dags retrieved from /home/airflow/.local/lib/python3.8/site-packages/airflow/example_dags/plugins/listener_plugin.py
[2026-04-09T18:40:03.554+0000] {processor.py:183} INFO - Processing /home/airflow/.local/lib/python3.8/site-packages/airflow/example_dags/plugins/listener_plugin.py took 0.029 seconds
[2026-04-09T18:40:34.849+0000] {processor.py:161} INFO - Started process (PID=12943) to work on /home/airflow/.local/lib/python3.8/site-packages/airflow/example_dags/plugins/listener_plugin.py
[2026-04-09T18:40:34.850+0000] {processor.py:830} INFO - Processing file /home/airflow/.local/lib/python3.8/site-packages/airflow/example_dags/plugins/listener_plugin.py for tasks to queue
[2026-04-09T18:40:34.852+0000] {logging_mixin.py:188} INFO - [2026-04-09T18:40:34.852+0000] {dagbag.py:538} INFO - Filling up the DagBag from /home/airflow/.local/lib/python3.8/site-packages/airflow/example_dags/plugins/listener_plugin.py
[2026-04-09T18:40:34.856+0000] {processor.py:842} WARNING - No viable dags retrieved from /home/airflow/.local/lib/python3.8/site-packages/airflow/example_dags/plugins/listener_plugin.py
[2026-04-09T18:40:34.872+0000] {processor.py:183} INFO - Processing /home/airflow/.local/lib/python3.8/site-packages/airflow/example_dags/plugins/listener_plugin.py took 0.027 seconds
[2026-04-09T18:41:06.021+0000] {processor.py:161} INFO - Started process (PID=13000) to work on /home/airflow/.local/lib/python3.8/site-packages/airflow/example_dags/plugins/listener_plugin.py
[2026-04-09T18:41:06.023+0000] {processor.py:830} INFO - Processing file /home/airflow/.local/lib/python3.8/site-packages/airflow/example_dags/plugins/listener_plugin.py for tasks to queue
[2026-04-09T18:41:06.025+0000] {logging_mixin.py:188} INFO - [2026-04-09T18:41:06.024+0000] {dagbag.py:538} INFO - Filling up the DagBag from /home/airflow/.local/lib/python3.8/site-packages/airflow/example_dags/plugins/listener_plugin.py
[2026-04-09T18:41:06.028+0000] {processor.py:842} WARNING - No viable dags retrieved from /home/airflow/.local/lib/python3.8/site-packages/airflow/example_dags/plugins/listener_plugin.py
[2026-04-09T18:41:06.047+0000] {processor.py:183} INFO - Processing /home/airflow/.local/lib/python3.8/site-packages/airflow/example_dags/plugins/listener_plugin.py took 0.030 seconds
[2026-04-09T18:41:36.650+0000] {processor.py:161} INFO - Started process (PID=13056) to work on /home/airflow/.local/lib/python3.8/site-packages/airflow/example_dags/plugins/listener_plugin.py
[2026-04-09T18:41:36.652+0000] {processor.py:830} INFO - Processing file /home/airflow/.local/lib/python3.8/site-packages/airflow/example_dags/plugins/listener_plugin.py for tasks to queue
[2026-04-09T18:41:36.655+0000] {logging_mixin.py:188} INFO - [2026-04-09T18:41:36.654+0000] {dagbag.py:538} INFO - Filling up the DagBag from /home/airflow/.local/lib/python3.8/site-packages/airflow/example_dags/plugins/listener_plugin.py
[2026-04-09T18:41:36.660+0000] {processor.py:842} WARNING - No viable dags retrieved from /home/airflow/.local/lib/python3.8/site-packages/airflow/example_dags/plugins/listener_plugin.py
[2026-04-09T18:41:36.692+0000] {processor.py:183} INFO - Processing /home/airflow/.local/lib/python3.8/site-packages/airflow/example_dags/plugins/listener_plugin.py took 0.047 seconds
[2026-04-09T18:42:07.210+0000] {processor.py:161} INFO - Started process (PID=13112) to work on /home/airflow/.local/lib/python3.8/site-packages/airflow/example_dags/plugins/listener_plugin.py
[2026-04-09T18:42:07.212+0000] {processor.py:830} INFO - Processing file /home/airflow/.local/lib/python3.8/site-packages/airflow/example_dags/plugins/listener_plugin.py for tasks to queue
[2026-04-09T18:42:07.215+0000] {logging_mixin.py:188} INFO - [2026-04-09T18:42:07.215+0000] {dagbag.py:538} INFO - Filling up the DagBag from /home/airflow/.local/lib/python3.8/site-packages/airflow/example_dags/plugins/listener_plugin.py
[2026-04-09T18:42:07.221+0000] {processor.py:842} WARNING - No viable dags retrieved from /home/airflow/.local/lib/python3.8/site-packages/airflow/example_dags/plugins/listener_plugin.py
[2026-04-09T18:42:07.246+0000] {processor.py:183} INFO - Processing /home/airflow/.local/lib/python3.8/site-packages/airflow/example_dags/plugins/listener_plugin.py took 0.043 seconds
[2026-04-09T18:42:37.966+0000] {processor.py:161} INFO - Started process (PID=13169) to work on /home/airflow/.local/lib/python3.8/site-packages/airflow/example_dags/plugins/listener_plugin.py
[2026-04-09T18:42:37.967+0000] {processor.py:830} INFO - Processing file /home/airflow/.local/lib/python3.8/site-packages/airflow/example_dags/plugins/listener_plugin.py for tasks to queue
[2026-04-09T18:42:37.969+0000] {logging_mixin.py:188} INFO - [2026-04-09T18:42:37.969+0000] {dagbag.py:538} INFO - Filling up the DagBag from /home/airflow/.local/lib/python3.8/site-packages/airflow/example_dags/plugins/listener_plugin.py
[2026-04-09T18:42:37.972+0000] {processor.py:842} WARNING - No viable dags retrieved from /home/airflow/.local/lib/python3.8/site-packages/airflow/example_dags/plugins/listener_plugin.py
[2026-04-09T18:42:37.988+0000] {processor.py:183} INFO - Processing /home/airflow/.local/lib/python3.8/site-packages/airflow/example_dags/plugins/listener_plugin.py took 0.026 seconds
[2026-04-09T18:43:08.711+0000] {processor.py:161} INFO - Started process (PID=13226) to work on /home/airflow/.local/lib/python3.8/site-packages/airflow/example_dags/plugins/listener_plugin.py
[2026-04-09T18:43:08.713+0000] {processor.py:830} INFO - Processing file /home/airflow/.local/lib/python3.8/site-packages/airflow/example_dags/plugins/listener_plugin.py for tasks to queue
[2026-04-09T18:43:08.716+0000] {logging_mixin.py:188} INFO - [2026-04-09T18:43:08.716+0000] {dagbag.py:538} INFO - Filling up the DagBag from /home/airflow/.local/lib/python3.8/site-packages/airflow/example_dags/plugins/listener_plugin.py
[2026-04-09T18:43:08.720+0000] {processor.py:842} WARNING - No viable dags retrieved from /home/airflow/.local/lib/python3.8/site-packages/airflow/example_dags/plugins/listener_plugin.py
[2026-04-09T18:43:08.737+0000] {processor.py:183} INFO - Processing /home/airflow/.local/lib/python3.8/site-packages/airflow/example_dags/plugins/listener_plugin.py took 0.031 seconds
[2026-04-09T18:43:38.944+0000] {processor.py:161} INFO - Started process (PID=13283) to work on /home/airflow/.local/lib/python3.8/site-packages/airflow/example_dags/plugins/listener_plugin.py
[2026-04-09T18:43:38.945+0000] {processor.py:830} INFO - Processing file /home/airflow/.local/lib/python3.8/site-packages/airflow/example_dags/plugins/listener_plugin.py for tasks to queue
[2026-04-09T18:43:38.948+0000] {logging_mixin.py:188} INFO - [2026-04-09T18:43:38.947+0000] {dagbag.py:538} INFO - Filling up the DagBag from /home/airflow/.local/lib/python3.8/site-packages/airflow/example_dags/plugins/listener_plugin.py
[2026-04-09T18:43:38.951+0000] {processor.py:842} WARNING - No viable dags retrieved from /home/airflow/.local/lib/python3.8/site-packages/airflow/example_dags/plugins/listener_plugin.py
[2026-04-09T18:43:38.969+0000] {processor.py:183} INFO - Processing /home/airflow/.local/lib/python3.8/site-packages/airflow/example_dags/plugins/listener_plugin.py took 0.031 seconds
[2026-04-09T18:44:09.040+0000] {processor.py:161} INFO - Started process (PID=13340) to work on /home/airflow/.local/lib/python3.8/site-packages/airflow/example_dags/plugins/listener_plugin.py
[2026-04-09T18:44:09.042+0000] {processor.py:830} INFO - Processing file /home/airflow/.local/lib/python3.8/site-packages/airflow/example_dags/plugins/listener_plugin.py for tasks to queue
[2026-04-09T18:44:09.044+0000] {logging_mixin.py:188} INFO - [2026-04-09T18:44:09.044+0000] {dagbag.py:538} INFO - Filling up the DagBag from /home/airflow/.local/lib/python3.8/site-packages/airflow/example_dags/plugins/listener_plugin.py
[2026-04-09T18:44:09.048+0000] {processor.py:842} WARNING - No viable dags retrieved from /home/airflow/.local/lib/python3.8/site-packages/airflow/example_dags/plugins/listener_plugin.py
[2026-04-09T18:44:09.067+0000] {processor.py:183} INFO - Processing /home/airflow/.local/lib/python3.8/site-packages/airflow/example_dags/plugins/listener_plugin.py took 0.031 seconds
[2026-04-09T18:44:42.048+0000] {processor.py:161} INFO - Started process (PID=13397) to work on /home/airflow/.local/lib/python3.8/site-packages/airflow/example_dags/plugins/listener_plugin.py
[2026-04-09T18:44:42.050+0000] {processor.py:830} INFO - Processing file /home/airflow/.local/lib/python3.8/site-packages/airflow/example_dags/plugins/listener_plugin.py for tasks to queue
[2026-04-09T18:44:42.054+0000] {logging_mixin.py:188} INFO - [2026-04-09T18:44:42.053+0000] {dagbag.py:538} INFO - Filling up the DagBag from /home/airflow/.local/lib/python3.8/site-packages/airflow/example_dags/plugins/listener_plugin.py
[2026-04-09T18:44:42.061+0000] {processor.py:842} WARNING - No viable dags retrieved from /home/airflow/.local/lib/python3.8/site-packages/airflow/example_dags/plugins/listener_plugin.py
[2026-04-09T18:44:42.090+0000] {processor.py:183} INFO - Processing /home/airflow/.local/lib/python3.8/site-packages/airflow/example_dags/plugins/listener_plugin.py took 0.049 seconds
[2026-04-09T18:45:12.930+0000] {processor.py:161} INFO - Started process (PID=13454) to work on /home/airflow/.local/lib/python3.8/site-packages/airflow/example_dags/plugins/listener_plugin.py
[2026-04-09T18:45:12.932+0000] {processor.py:830} INFO - Processing file /home/airflow/.local/lib/python3.8/site-packages/airflow/example_dags/plugins/listener_plugin.py for tasks to queue
[2026-04-09T18:45:12.935+0000] {logging_mixin.py:188} INFO - [2026-04-09T18:45:12.935+0000] {dagbag.py:538} INFO - Filling up the DagBag from /home/airflow/.local/lib/python3.8/site-packages/airflow/example_dags/plugins/listener_plugin.py
[2026-04-09T18:45:12.943+0000] {processor.py:842} WARNING - No viable dags retrieved from /home/airflow/.local/lib/python3.8/site-packages/airflow/example_dags/plugins/listener_plugin.py
[2026-04-09T18:45:12.991+0000] {processor.py:183} INFO - Processing /home/airflow/.local/lib/python3.8/site-packages/airflow/example_dags/plugins/listener_plugin.py took 0.067 seconds
[2026-04-09T18:45:43.668+0000] {processor.py:161} INFO - Started process (PID=13511) to work on /home/airflow/.local/lib/python3.8/site-packages/airflow/example_dags/plugins/listener_plugin.py
[2026-04-09T18:45:43.685+0000] {processor.py:830} INFO - Processing file /home/airflow/.local/lib/python3.8/site-packages/airflow/example_dags/plugins/listener_plugin.py for tasks to queue
[2026-04-09T18:45:43.704+0000] {logging_mixin.py:188} INFO - [2026-04-09T18:45:43.699+0000] {dagbag.py:538} INFO - Filling up the DagBag from /home/airflow/.local/lib/python3.8/site-packages/airflow/example_dags/plugins/listener_plugin.py
[2026-04-09T18:45:43.713+0000] {processor.py:842} WARNING - No viable dags retrieved from /home/airflow/.local/lib/python3.8/site-packages/airflow/example_dags/plugins/listener_plugin.py
[2026-04-09T18:45:43.765+0000] {processor.py:183} INFO - Processing /home/airflow/.local/lib/python3.8/site-packages/airflow/example_dags/plugins/listener_plugin.py took 0.112 seconds
[2026-04-09T18:46:14.116+0000] {processor.py:161} INFO - Started process (PID=13569) to work on /home/airflow/.local/lib/python3.8/site-packages/airflow/example_dags/plugins/listener_plugin.py
[2026-04-09T18:46:14.118+0000] {processor.py:830} INFO - Processing file /home/airflow/.local/lib/python3.8/site-packages/airflow/example_dags/plugins/listener_plugin.py for tasks to queue
[2026-04-09T18:46:14.120+0000] {logging_mixin.py:188} INFO - [2026-04-09T18:46:14.120+0000] {dagbag.py:538} INFO - Filling up the DagBag from /home/airflow/.local/lib/python3.8/site-packages/airflow/example_dags/plugins/listener_plugin.py
[2026-04-09T18:46:14.126+0000] {processor.py:842} WARNING - No viable dags retrieved from /home/airflow/.local/lib/python3.8/site-packages/airflow/example_dags/plugins/listener_plugin.py
[2026-04-09T18:46:14.144+0000] {processor.py:183} INFO - Processing /home/airflow/.local/lib/python3.8/site-packages/airflow/example_dags/plugins/listener_plugin.py took 0.033 seconds
[2026-04-09T18:46:50.867+0000] {processor.py:161} INFO - Started process (PID=13632) to work on /home/airflow/.local/lib/python3.8/site-packages/airflow/example_dags/plugins/listener_plugin.py
[2026-04-09T18:46:50.869+0000] {processor.py:830} INFO - Processing file /home/airflow/.local/lib/python3.8/site-packages/airflow/example_dags/plugins/listener_plugin.py for tasks to queue
[2026-04-09T18:46:50.872+0000] {logging_mixin.py:188} INFO - [2026-04-09T18:46:50.872+0000] {dagbag.py:538} INFO - Filling up the DagBag from /home/airflow/.local/lib/python3.8/site-packages/airflow/example_dags/plugins/listener_plugin.py
[2026-04-09T18:46:50.877+0000] {processor.py:842} WARNING - No viable dags retrieved from /home/airflow/.local/lib/python3.8/site-packages/airflow/example_dags/plugins/listener_plugin.py
[2026-04-09T18:46:50.898+0000] {processor.py:183} INFO - Processing /home/airflow/.local/lib/python3.8/site-packages/airflow/example_dags/plugins/listener_plugin.py took 0.036 seconds
[2026-04-09T18:47:22.652+0000] {processor.py:161} INFO - Started process (PID=13689) to work on /home/airflow/.local/lib/python3.8/site-packages/airflow/example_dags/plugins/listener_plugin.py
[2026-04-09T18:47:22.654+0000] {processor.py:830} INFO - Processing file /home/airflow/.local/lib/python3.8/site-packages/airflow/example_dags/plugins/listener_plugin.py for tasks to queue
[2026-04-09T18:47:22.660+0000] {logging_mixin.py:188} INFO - [2026-04-09T18:47:22.660+0000] {dagbag.py:538} INFO - Filling up the DagBag from /home/airflow/.local/lib/python3.8/site-packages/airflow/example_dags/plugins/listener_plugin.py
[2026-04-09T18:47:22.666+0000] {processor.py:842} WARNING - No viable dags retrieved from /home/airflow/.local/lib/python3.8/site-packages/airflow/example_dags/plugins/listener_plugin.py
[2026-04-09T18:47:22.699+0000] {processor.py:183} INFO - Processing /home/airflow/.local/lib/python3.8/site-packages/airflow/example_dags/plugins/listener_plugin.py took 0.053 seconds
[2026-04-09T18:47:54.316+0000] {processor.py:161} INFO - Started process (PID=13745) to work on /home/airflow/.local/lib/python3.8/site-packages/airflow/example_dags/plugins/listener_plugin.py
[2026-04-09T18:47:54.325+0000] {processor.py:830} INFO - Processing file /home/airflow/.local/lib/python3.8/site-packages/airflow/example_dags/plugins/listener_plugin.py for tasks to queue
[2026-04-09T18:47:54.329+0000] {logging_mixin.py:188} INFO - [2026-04-09T18:47:54.328+0000] {dagbag.py:538} INFO - Filling up the DagBag from /home/airflow/.local/lib/python3.8/site-packages/airflow/example_dags/plugins/listener_plugin.py
[2026-04-09T18:47:54.335+0000] {processor.py:842} WARNING - No viable dags retrieved from /home/airflow/.local/lib/python3.8/site-packages/airflow/example_dags/plugins/listener_plugin.py
[2026-04-09T18:47:54.372+0000] {processor.py:183} INFO - Processing /home/airflow/.local/lib/python3.8/site-packages/airflow/example_dags/plugins/listener_plugin.py took 0.063 seconds
[2026-04-09T18:48:24.514+0000] {processor.py:161} INFO - Started process (PID=13801) to work on /home/airflow/.local/lib/python3.8/site-packages/airflow/example_dags/plugins/listener_plugin.py
[2026-04-09T18:48:24.517+0000] {processor.py:830} INFO - Processing file /home/airflow/.local/lib/python3.8/site-packages/airflow/example_dags/plugins/listener_plugin.py for tasks to queue
[2026-04-09T18:48:24.524+0000] {logging_mixin.py:188} INFO - [2026-04-09T18:48:24.522+0000] {dagbag.py:538} INFO - Filling up the DagBag from /home/airflow/.local/lib/python3.8/site-packages/airflow/example_dags/plugins/listener_plugin.py
[2026-04-09T18:48:24.529+0000] {processor.py:842} WARNING - No viable dags retrieved from /home/airflow/.local/lib/python3.8/site-packages/airflow/example_dags/plugins/listener_plugin.py
[2026-04-09T18:48:24.565+0000] {processor.py:183} INFO - Processing /home/airflow/.local/lib/python3.8/site-packages/airflow/example_dags/plugins/listener_plugin.py took 0.058 seconds
[2026-04-09T18:48:55.366+0000] {processor.py:161} INFO - Started process (PID=13860) to work on /home/airflow/.local/lib/python3.8/site-packages/airflow/example_dags/plugins/listener_plugin.py
[2026-04-09T18:48:55.368+0000] {processor.py:830} INFO - Processing file /home/airflow/.local/lib/python3.8/site-packages/airflow/example_dags/plugins/listener_plugin.py for tasks to queue
[2026-04-09T18:48:55.376+0000] {logging_mixin.py:188} INFO - [2026-04-09T18:48:55.376+0000] {dagbag.py:538} INFO - Filling up the DagBag from /home/airflow/.local/lib/python3.8/site-packages/airflow/example_dags/plugins/listener_plugin.py
[2026-04-09T18:48:55.382+0000] {processor.py:842} WARNING - No viable dags retrieved from /home/airflow/.local/lib/python3.8/site-packages/airflow/example_dags/plugins/listener_plugin.py
[2026-04-09T18:48:55.425+0000] {processor.py:183} INFO - Processing /home/airflow/.local/lib/python3.8/site-packages/airflow/example_dags/plugins/listener_plugin.py took 0.065 seconds
[2026-04-09T18:49:26.458+0000] {processor.py:161} INFO - Started process (PID=13917) to work on /home/airflow/.local/lib/python3.8/site-packages/airflow/example_dags/plugins/listener_plugin.py
[2026-04-09T18:49:26.460+0000] {processor.py:830} INFO - Processing file /home/airflow/.local/lib/python3.8/site-packages/airflow/example_dags/plugins/listener_plugin.py for tasks to queue
[2026-04-09T18:49:26.466+0000] {logging_mixin.py:188} INFO - [2026-04-09T18:49:26.465+0000] {dagbag.py:538} INFO - Filling up the DagBag from /home/airflow/.local/lib/python3.8/site-packages/airflow/example_dags/plugins/listener_plugin.py
[2026-04-09T18:49:26.472+0000] {processor.py:842} WARNING - No viable dags retrieved from /home/airflow/.local/lib/python3.8/site-packages/airflow/example_dags/plugins/listener_plugin.py
[2026-04-09T18:49:26.503+0000] {processor.py:183} INFO - Processing /home/airflow/.local/lib/python3.8/site-packages/airflow/example_dags/plugins/listener_plugin.py took 0.051 seconds
[2026-04-09T18:50:03.509+0000] {processor.py:161} INFO - Started process (PID=13981) to work on /home/airflow/.local/lib/python3.8/site-packages/airflow/example_dags/plugins/listener_plugin.py
[2026-04-09T18:50:03.511+0000] {processor.py:830} INFO - Processing file /home/airflow/.local/lib/python3.8/site-packages/airflow/example_dags/plugins/listener_plugin.py for tasks to queue
[2026-04-09T18:50:03.516+0000] {logging_mixin.py:188} INFO - [2026-04-09T18:50:03.514+0000] {dagbag.py:538} INFO - Filling up the DagBag from /home/airflow/.local/lib/python3.8/site-packages/airflow/example_dags/plugins/listener_plugin.py
[2026-04-09T18:50:03.520+0000] {processor.py:842} WARNING - No viable dags retrieved from /home/airflow/.local/lib/python3.8/site-packages/airflow/example_dags/plugins/listener_plugin.py
[2026-04-09T18:50:03.541+0000] {processor.py:183} INFO - Processing /home/airflow/.local/lib/python3.8/site-packages/airflow/example_dags/plugins/listener_plugin.py took 0.036 seconds
[2026-04-09T18:50:34.080+0000] {processor.py:161} INFO - Started process (PID=14037) to work on /home/airflow/.local/lib/python3.8/site-packages/airflow/example_dags/plugins/listener_plugin.py
[2026-04-09T18:50:34.082+0000] {processor.py:830} INFO - Processing file /home/airflow/.local/lib/python3.8/site-packages/airflow/example_dags/plugins/listener_plugin.py for tasks to queue
[2026-04-09T18:50:34.085+0000] {logging_mixin.py:188} INFO - [2026-04-09T18:50:34.085+0000] {dagbag.py:538} INFO - Filling up the DagBag from /home/airflow/.local/lib/python3.8/site-packages/airflow/example_dags/plugins/listener_plugin.py
[2026-04-09T18:50:34.093+0000] {processor.py:842} WARNING - No viable dags retrieved from /home/airflow/.local/lib/python3.8/site-packages/airflow/example_dags/plugins/listener_plugin.py
[2026-04-09T18:50:34.123+0000] {processor.py:183} INFO - Processing /home/airflow/.local/lib/python3.8/site-packages/airflow/example_dags/plugins/listener_plugin.py took 0.048 seconds
[2026-04-09T18:51:30.430+0000] {processor.py:161} INFO - Started process (PID=14115) to work on /home/airflow/.local/lib/python3.8/site-packages/airflow/example_dags/plugins/listener_plugin.py
[2026-04-09T18:51:30.434+0000] {processor.py:830} INFO - Processing file /home/airflow/.local/lib/python3.8/site-packages/airflow/example_dags/plugins/listener_plugin.py for tasks to queue
[2026-04-09T18:51:30.437+0000] {logging_mixin.py:188} INFO - [2026-04-09T18:51:30.436+0000] {dagbag.py:538} INFO - Filling up the DagBag from /home/airflow/.local/lib/python3.8/site-packages/airflow/example_dags/plugins/listener_plugin.py
[2026-04-09T18:51:30.440+0000] {processor.py:842} WARNING - No viable dags retrieved from /home/airflow/.local/lib/python3.8/site-packages/airflow/example_dags/plugins/listener_plugin.py
[2026-04-09T18:51:30.459+0000] {processor.py:183} INFO - Processing /home/airflow/.local/lib/python3.8/site-packages/airflow/example_dags/plugins/listener_plugin.py took 0.034 seconds
[2026-04-09T18:52:00.648+0000] {processor.py:161} INFO - Started process (PID=14171) to work on /home/airflow/.local/lib/python3.8/site-packages/airflow/example_dags/plugins/listener_plugin.py
[2026-04-09T18:52:00.649+0000] {processor.py:830} INFO - Processing file /home/airflow/.local/lib/python3.8/site-packages/airflow/example_dags/plugins/listener_plugin.py for tasks to queue
[2026-04-09T18:52:00.651+0000] {logging_mixin.py:188} INFO - [2026-04-09T18:52:00.651+0000] {dagbag.py:538} INFO - Filling up the DagBag from /home/airflow/.local/lib/python3.8/site-packages/airflow/example_dags/plugins/listener_plugin.py
[2026-04-09T18:52:00.655+0000] {processor.py:842} WARNING - No viable dags retrieved from /home/airflow/.local/lib/python3.8/site-packages/airflow/example_dags/plugins/listener_plugin.py
[2026-04-09T18:52:00.670+0000] {processor.py:183} INFO - Processing /home/airflow/.local/lib/python3.8/site-packages/airflow/example_dags/plugins/listener_plugin.py took 0.027 seconds
[2026-04-09T18:52:31.033+0000] {processor.py:161} INFO - Started process (PID=14228) to work on /home/airflow/.local/lib/python3.8/site-packages/airflow/example_dags/plugins/listener_plugin.py
[2026-04-09T18:52:31.034+0000] {processor.py:830} INFO - Processing file /home/airflow/.local/lib/python3.8/site-packages/airflow/example_dags/plugins/listener_plugin.py for tasks to queue
[2026-04-09T18:52:31.037+0000] {logging_mixin.py:188} INFO - [2026-04-09T18:52:31.036+0000] {dagbag.py:538} INFO - Filling up the DagBag from /home/airflow/.local/lib/python3.8/site-packages/airflow/example_dags/plugins/listener_plugin.py
[2026-04-09T18:52:31.040+0000] {processor.py:842} WARNING - No viable dags retrieved from /home/airflow/.local/lib/python3.8/site-packages/airflow/example_dags/plugins/listener_plugin.py
[2026-04-09T18:52:31.059+0000] {processor.py:183} INFO - Processing /home/airflow/.local/lib/python3.8/site-packages/airflow/example_dags/plugins/listener_plugin.py took 0.031 seconds
[2026-04-09T18:53:01.344+0000] {processor.py:161} INFO - Started process (PID=14285) to work on /home/airflow/.local/lib/python3.8/site-packages/airflow/example_dags/plugins/listener_plugin.py
[2026-04-09T18:53:01.346+0000] {processor.py:830} INFO - Processing file /home/airflow/.local/lib/python3.8/site-packages/airflow/example_dags/plugins/listener_plugin.py for tasks to queue
[2026-04-09T18:53:01.348+0000] {logging_mixin.py:188} INFO - [2026-04-09T18:53:01.348+0000] {dagbag.py:538} INFO - Filling up the DagBag from /home/airflow/.local/lib/python3.8/site-packages/airflow/example_dags/plugins/listener_plugin.py
[2026-04-09T18:53:01.353+0000] {processor.py:842} WARNING - No viable dags retrieved from /home/airflow/.local/lib/python3.8/site-packages/airflow/example_dags/plugins/listener_plugin.py
[2026-04-09T18:53:01.369+0000] {processor.py:183} INFO - Processing /home/airflow/.local/lib/python3.8/site-packages/airflow/example_dags/plugins/listener_plugin.py took 0.030 seconds
[2026-04-09T18:53:32.030+0000] {processor.py:161} INFO - Started process (PID=14342) to work on /home/airflow/.local/lib/python3.8/site-packages/airflow/example_dags/plugins/listener_plugin.py
[2026-04-09T18:53:32.031+0000] {processor.py:830} INFO - Processing file /home/airflow/.local/lib/python3.8/site-packages/airflow/example_dags/plugins/listener_plugin.py for tasks to queue
[2026-04-09T18:53:32.034+0000] {logging_mixin.py:188} INFO - [2026-04-09T18:53:32.034+0000] {dagbag.py:538} INFO - Filling up the DagBag from /home/airflow/.local/lib/python3.8/site-packages/airflow/example_dags/plugins/listener_plugin.py
[2026-04-09T18:53:32.039+0000] {processor.py:842} WARNING - No viable dags retrieved from /home/airflow/.local/lib/python3.8/site-packages/airflow/example_dags/plugins/listener_plugin.py
[2026-04-09T18:53:32.057+0000] {processor.py:183} INFO - Processing /home/airflow/.local/lib/python3.8/site-packages/airflow/example_dags/plugins/listener_plugin.py took 0.031 seconds
[2026-04-09T18:54:03.102+0000] {processor.py:161} INFO - Started process (PID=14399) to work on /home/airflow/.local/lib/python3.8/site-packages/airflow/example_dags/plugins/listener_plugin.py
[2026-04-09T18:54:03.103+0000] {processor.py:830} INFO - Processing file /home/airflow/.local/lib/python3.8/site-packages/airflow/example_dags/plugins/listener_plugin.py for tasks to queue
[2026-04-09T18:54:03.106+0000] {logging_mixin.py:188} INFO - [2026-04-09T18:54:03.105+0000] {dagbag.py:538} INFO - Filling up the DagBag from /home/airflow/.local/lib/python3.8/site-packages/airflow/example_dags/plugins/listener_plugin.py
[2026-04-09T18:54:03.109+0000] {processor.py:842} WARNING - No viable dags retrieved from /home/airflow/.local/lib/python3.8/site-packages/airflow/example_dags/plugins/listener_plugin.py
[2026-04-09T18:54:03.128+0000] {processor.py:183} INFO - Processing /home/airflow/.local/lib/python3.8/site-packages/airflow/example_dags/plugins/listener_plugin.py took 0.030 seconds
[2026-04-09T18:54:33.889+0000] {processor.py:161} INFO - Started process (PID=14456) to work on /home/airflow/.local/lib/python3.8/site-packages/airflow/example_dags/plugins/listener_plugin.py
[2026-04-09T18:54:33.891+0000] {processor.py:830} INFO - Processing file /home/airflow/.local/lib/python3.8/site-packages/airflow/example_dags/plugins/listener_plugin.py for tasks to queue
[2026-04-09T18:54:33.894+0000] {logging_mixin.py:188} INFO - [2026-04-09T18:54:33.894+0000] {dagbag.py:538} INFO - Filling up the DagBag from /home/airflow/.local/lib/python3.8/site-packages/airflow/example_dags/plugins/listener_plugin.py
[2026-04-09T18:54:33.899+0000] {processor.py:842} WARNING - No viable dags retrieved from /home/airflow/.local/lib/python3.8/site-packages/airflow/example_dags/plugins/listener_plugin.py
[2026-04-09T18:54:33.920+0000] {processor.py:183} INFO - Processing /home/airflow/.local/lib/python3.8/site-packages/airflow/example_dags/plugins/listener_plugin.py took 0.036 seconds
[2026-04-09T18:55:04.144+0000] {processor.py:161} INFO - Started process (PID=14513) to work on /home/airflow/.local/lib/python3.8/site-packages/airflow/example_dags/plugins/listener_plugin.py
[2026-04-09T18:55:04.145+0000] {processor.py:830} INFO - Processing file /home/airflow/.local/lib/python3.8/site-packages/airflow/example_dags/plugins/listener_plugin.py for tasks to queue
[2026-04-09T18:55:04.148+0000] {logging_mixin.py:188} INFO - [2026-04-09T18:55:04.147+0000] {dagbag.py:538} INFO - Filling up the DagBag from /home/airflow/.local/lib/python3.8/site-packages/airflow/example_dags/plugins/listener_plugin.py
[2026-04-09T18:55:04.151+0000] {processor.py:842} WARNING - No viable dags retrieved from /home/airflow/.local/lib/python3.8/site-packages/airflow/example_dags/plugins/listener_plugin.py
[2026-04-09T18:55:04.167+0000] {processor.py:183} INFO - Processing /home/airflow/.local/lib/python3.8/site-packages/airflow/example_dags/plugins/listener_plugin.py took 0.026 seconds
[2026-04-09T18:55:34.540+0000] {processor.py:161} INFO - Started process (PID=14570) to work on /home/airflow/.local/lib/python3.8/site-packages/airflow/example_dags/plugins/listener_plugin.py
[2026-04-09T18:55:34.541+0000] {processor.py:830} INFO - Processing file /home/airflow/.local/lib/python3.8/site-packages/airflow/example_dags/plugins/listener_plugin.py for tasks to queue
[2026-04-09T18:55:34.543+0000] {logging_mixin.py:188} INFO - [2026-04-09T18:55:34.543+0000] {dagbag.py:538} INFO - Filling up the DagBag from /home/airflow/.local/lib/python3.8/site-packages/airflow/example_dags/plugins/listener_plugin.py
[2026-04-09T18:55:34.546+0000] {processor.py:842} WARNING - No viable dags retrieved from /home/airflow/.local/lib/python3.8/site-packages/airflow/example_dags/plugins/listener_plugin.py
[2026-04-09T18:55:34.573+0000] {processor.py:183} INFO - Processing /home/airflow/.local/lib/python3.8/site-packages/airflow/example_dags/plugins/listener_plugin.py took 0.036 seconds
[2026-04-09T18:56:04.639+0000] {processor.py:161} INFO - Started process (PID=14626) to work on /home/airflow/.local/lib/python3.8/site-packages/airflow/example_dags/plugins/listener_plugin.py
[2026-04-09T18:56:04.640+0000] {processor.py:830} INFO - Processing file /home/airflow/.local/lib/python3.8/site-packages/airflow/example_dags/plugins/listener_plugin.py for tasks to queue
[2026-04-09T18:56:04.642+0000] {logging_mixin.py:188} INFO - [2026-04-09T18:56:04.642+0000] {dagbag.py:538} INFO - Filling up the DagBag from /home/airflow/.local/lib/python3.8/site-packages/airflow/example_dags/plugins/listener_plugin.py
[2026-04-09T18:56:04.645+0000] {processor.py:842} WARNING - No viable dags retrieved from /home/airflow/.local/lib/python3.8/site-packages/airflow/example_dags/plugins/listener_plugin.py
[2026-04-09T18:56:04.661+0000] {processor.py:183} INFO - Processing /home/airflow/.local/lib/python3.8/site-packages/airflow/example_dags/plugins/listener_plugin.py took 0.025 seconds
[2026-04-09T18:56:34.867+0000] {processor.py:161} INFO - Started process (PID=14682) to work on /home/airflow/.local/lib/python3.8/site-packages/airflow/example_dags/plugins/listener_plugin.py
[2026-04-09T18:56:34.869+0000] {processor.py:830} INFO - Processing file /home/airflow/.local/lib/python3.8/site-packages/airflow/example_dags/plugins/listener_plugin.py for tasks to queue
[2026-04-09T18:56:34.871+0000] {logging_mixin.py:188} INFO - [2026-04-09T18:56:34.871+0000] {dagbag.py:538} INFO - Filling up the DagBag from /home/airflow/.local/lib/python3.8/site-packages/airflow/example_dags/plugins/listener_plugin.py
[2026-04-09T18:56:34.874+0000] {processor.py:842} WARNING - No viable dags retrieved from /home/airflow/.local/lib/python3.8/site-packages/airflow/example_dags/plugins/listener_plugin.py
[2026-04-09T18:56:34.892+0000] {processor.py:183} INFO - Processing /home/airflow/.local/lib/python3.8/site-packages/airflow/example_dags/plugins/listener_plugin.py took 0.029 seconds
[2026-04-09T18:57:05.502+0000] {processor.py:161} INFO - Started process (PID=14741) to work on /home/airflow/.local/lib/python3.8/site-packages/airflow/example_dags/plugins/listener_plugin.py
[2026-04-09T18:57:05.503+0000] {processor.py:830} INFO - Processing file /home/airflow/.local/lib/python3.8/site-packages/airflow/example_dags/plugins/listener_plugin.py for tasks to queue
[2026-04-09T18:57:05.505+0000] {logging_mixin.py:188} INFO - [2026-04-09T18:57:05.504+0000] {dagbag.py:538} INFO - Filling up the DagBag from /home/airflow/.local/lib/python3.8/site-packages/airflow/example_dags/plugins/listener_plugin.py
[2026-04-09T18:57:05.508+0000] {processor.py:842} WARNING - No viable dags retrieved from /home/airflow/.local/lib/python3.8/site-packages/airflow/example_dags/plugins/listener_plugin.py
[2026-04-09T18:57:05.523+0000] {processor.py:183} INFO - Processing /home/airflow/.local/lib/python3.8/site-packages/airflow/example_dags/plugins/listener_plugin.py took 0.025 seconds
[2026-04-09T18:57:36.089+0000] {processor.py:161} INFO - Started process (PID=14798) to work on /home/airflow/.local/lib/python3.8/site-packages/airflow/example_dags/plugins/listener_plugin.py
[2026-04-09T18:57:36.091+0000] {processor.py:830} INFO - Processing file /home/airflow/.local/lib/python3.8/site-packages/airflow/example_dags/plugins/listener_plugin.py for tasks to queue
[2026-04-09T18:57:36.093+0000] {logging_mixin.py:188} INFO - [2026-04-09T18:57:36.093+0000] {dagbag.py:538} INFO - Filling up the DagBag from /home/airflow/.local/lib/python3.8/site-packages/airflow/example_dags/plugins/listener_plugin.py
[2026-04-09T18:57:36.097+0000] {processor.py:842} WARNING - No viable dags retrieved from /home/airflow/.local/lib/python3.8/site-packages/airflow/example_dags/plugins/listener_plugin.py
[2026-04-09T18:57:36.118+0000] {processor.py:183} INFO - Processing /home/airflow/.local/lib/python3.8/site-packages/airflow/example_dags/plugins/listener_plugin.py took 0.033 seconds
[2026-04-09T18:58:06.160+0000] {processor.py:161} INFO - Started process (PID=14854) to work on /home/airflow/.local/lib/python3.8/site-packages/airflow/example_dags/plugins/listener_plugin.py
[2026-04-09T18:58:06.166+0000] {processor.py:830} INFO - Processing file /home/airflow/.local/lib/python3.8/site-packages/airflow/example_dags/plugins/listener_plugin.py for tasks to queue
[2026-04-09T18:58:06.169+0000] {logging_mixin.py:188} INFO - [2026-04-09T18:58:06.169+0000] {dagbag.py:538} INFO - Filling up the DagBag from /home/airflow/.local/lib/python3.8/site-packages/airflow/example_dags/plugins/listener_plugin.py
[2026-04-09T18:58:06.172+0000] {processor.py:842} WARNING - No viable dags retrieved from /home/airflow/.local/lib/python3.8/site-packages/airflow/example_dags/plugins/listener_plugin.py
[2026-04-09T18:58:06.187+0000] {processor.py:183} INFO - Processing /home/airflow/.local/lib/python3.8/site-packages/airflow/example_dags/plugins/listener_plugin.py took 0.033 seconds
[2026-04-09T18:58:36.672+0000] {processor.py:161} INFO - Started process (PID=14911) to work on /home/airflow/.local/lib/python3.8/site-packages/airflow/example_dags/plugins/listener_plugin.py
[2026-04-09T18:58:36.674+0000] {processor.py:830} INFO - Processing file /home/airflow/.local/lib/python3.8/site-packages/airflow/example_dags/plugins/listener_plugin.py for tasks to queue
[2026-04-09T18:58:36.677+0000] {logging_mixin.py:188} INFO - [2026-04-09T18:58:36.676+0000] {dagbag.py:538} INFO - Filling up the DagBag from /home/airflow/.local/lib/python3.8/site-packages/airflow/example_dags/plugins/listener_plugin.py
[2026-04-09T18:58:36.680+0000] {processor.py:842} WARNING - No viable dags retrieved from /home/airflow/.local/lib/python3.8/site-packages/airflow/example_dags/plugins/listener_plugin.py
[2026-04-09T18:58:36.698+0000] {processor.py:183} INFO - Processing /home/airflow/.local/lib/python3.8/site-packages/airflow/example_dags/plugins/listener_plugin.py took 0.029 seconds
[2026-04-09T18:59:06.889+0000] {processor.py:161} INFO - Started process (PID=14968) to work on /home/airflow/.local/lib/python3.8/site-packages/airflow/example_dags/plugins/listener_plugin.py
[2026-04-09T18:59:06.891+0000] {processor.py:830} INFO - Processing file /home/airflow/.local/lib/python3.8/site-packages/airflow/example_dags/plugins/listener_plugin.py for tasks to queue
[2026-04-09T18:59:06.893+0000] {logging_mixin.py:188} INFO - [2026-04-09T18:59:06.893+0000] {dagbag.py:538} INFO - Filling up the DagBag from /home/airflow/.local/lib/python3.8/site-packages/airflow/example_dags/plugins/listener_plugin.py
[2026-04-09T18:59:06.896+0000] {processor.py:842} WARNING - No viable dags retrieved from /home/airflow/.local/lib/python3.8/site-packages/airflow/example_dags/plugins/listener_plugin.py
[2026-04-09T18:59:06.914+0000] {processor.py:183} INFO - Processing /home/airflow/.local/lib/python3.8/site-packages/airflow/example_dags/plugins/listener_plugin.py took 0.029 seconds
[2026-04-09T18:59:37.365+0000] {processor.py:161} INFO - Started process (PID=15026) to work on /home/airflow/.local/lib/python3.8/site-packages/airflow/example_dags/plugins/listener_plugin.py
[2026-04-09T18:59:37.366+0000] {processor.py:830} INFO - Processing file /home/airflow/.local/lib/python3.8/site-packages/airflow/example_dags/plugins/listener_plugin.py for tasks to queue
[2026-04-09T18:59:37.368+0000] {logging_mixin.py:188} INFO - [2026-04-09T18:59:37.368+0000] {dagbag.py:538} INFO - Filling up the DagBag from /home/airflow/.local/lib/python3.8/site-packages/airflow/example_dags/plugins/listener_plugin.py
[2026-04-09T18:59:37.371+0000] {processor.py:842} WARNING - No viable dags retrieved from /home/airflow/.local/lib/python3.8/site-packages/airflow/example_dags/plugins/listener_plugin.py
[2026-04-09T18:59:37.387+0000] {processor.py:183} INFO - Processing /home/airflow/.local/lib/python3.8/site-packages/airflow/example_dags/plugins/listener_plugin.py took 0.026 seconds
[2026-04-09T19:00:07.743+0000] {processor.py:161} INFO - Started process (PID=15083) to work on /home/airflow/.local/lib/python3.8/site-packages/airflow/example_dags/plugins/listener_plugin.py
[2026-04-09T19:00:07.745+0000] {processor.py:830} INFO - Processing file /home/airflow/.local/lib/python3.8/site-packages/airflow/example_dags/plugins/listener_plugin.py for tasks to queue
[2026-04-09T19:00:07.747+0000] {logging_mixin.py:188} INFO - [2026-04-09T19:00:07.746+0000] {dagbag.py:538} INFO - Filling up the DagBag from /home/airflow/.local/lib/python3.8/site-packages/airflow/example_dags/plugins/listener_plugin.py
[2026-04-09T19:00:07.750+0000] {processor.py:842} WARNING - No viable dags retrieved from /home/airflow/.local/lib/python3.8/site-packages/airflow/example_dags/plugins/listener_plugin.py
[2026-04-09T19:00:07.765+0000] {processor.py:183} INFO - Processing /home/airflow/.local/lib/python3.8/site-packages/airflow/example_dags/plugins/listener_plugin.py took 0.025 seconds
[2026-04-09T19:00:37.991+0000] {processor.py:161} INFO - Started process (PID=15140) to work on /home/airflow/.local/lib/python3.8/site-packages/airflow/example_dags/plugins/listener_plugin.py
[2026-04-09T19:00:37.992+0000] {processor.py:830} INFO - Processing file /home/airflow/.local/lib/python3.8/site-packages/airflow/example_dags/plugins/listener_plugin.py for tasks to queue
[2026-04-09T19:00:37.999+0000] {logging_mixin.py:188} INFO - [2026-04-09T19:00:37.999+0000] {dagbag.py:538} INFO - Filling up the DagBag from /home/airflow/.local/lib/python3.8/site-packages/airflow/example_dags/plugins/listener_plugin.py
[2026-04-09T19:00:38.004+0000] {processor.py:842} WARNING - No viable dags retrieved from /home/airflow/.local/lib/python3.8/site-packages/airflow/example_dags/plugins/listener_plugin.py
[2026-04-09T19:00:38.022+0000] {processor.py:183} INFO - Processing /home/airflow/.local/lib/python3.8/site-packages/airflow/example_dags/plugins/listener_plugin.py took 0.036 seconds
[2026-04-09T19:01:08.607+0000] {processor.py:161} INFO - Started process (PID=15197) to work on /home/airflow/.local/lib/python3.8/site-packages/airflow/example_dags/plugins/listener_plugin.py
[2026-04-09T19:01:08.609+0000] {processor.py:830} INFO - Processing file /home/airflow/.local/lib/python3.8/site-packages/airflow/example_dags/plugins/listener_plugin.py for tasks to queue
[2026-04-09T19:01:08.611+0000] {logging_mixin.py:188} INFO - [2026-04-09T19:01:08.611+0000] {dagbag.py:538} INFO - Filling up the DagBag from /home/airflow/.local/lib/python3.8/site-packages/airflow/example_dags/plugins/listener_plugin.py
[2026-04-09T19:01:08.615+0000] {processor.py:842} WARNING - No viable dags retrieved from /home/airflow/.local/lib/python3.8/site-packages/airflow/example_dags/plugins/listener_plugin.py
[2026-04-09T19:01:08.632+0000] {processor.py:183} INFO - Processing /home/airflow/.local/lib/python3.8/site-packages/airflow/example_dags/plugins/listener_plugin.py took 0.030 seconds
[2026-04-09T19:01:39.435+0000] {processor.py:161} INFO - Started process (PID=15254) to work on /home/airflow/.local/lib/python3.8/site-packages/airflow/example_dags/plugins/listener_plugin.py
[2026-04-09T19:01:39.438+0000] {processor.py:830} INFO - Processing file /home/airflow/.local/lib/python3.8/site-packages/airflow/example_dags/plugins/listener_plugin.py for tasks to queue
[2026-04-09T19:01:39.441+0000] {logging_mixin.py:188} INFO - [2026-04-09T19:01:39.440+0000] {dagbag.py:538} INFO - Filling up the DagBag from /home/airflow/.local/lib/python3.8/site-packages/airflow/example_dags/plugins/listener_plugin.py
[2026-04-09T19:01:39.445+0000] {processor.py:842} WARNING - No viable dags retrieved from /home/airflow/.local/lib/python3.8/site-packages/airflow/example_dags/plugins/listener_plugin.py
[2026-04-09T19:01:39.466+0000] {processor.py:183} INFO - Processing /home/airflow/.local/lib/python3.8/site-packages/airflow/example_dags/plugins/listener_plugin.py took 0.036 seconds
[2026-04-09T19:02:10.024+0000] {processor.py:161} INFO - Started process (PID=15311) to work on /home/airflow/.local/lib/python3.8/site-packages/airflow/example_dags/plugins/listener_plugin.py
[2026-04-09T19:02:10.026+0000] {processor.py:830} INFO - Processing file /home/airflow/.local/lib/python3.8/site-packages/airflow/example_dags/plugins/listener_plugin.py for tasks to queue
[2026-04-09T19:02:10.028+0000] {logging_mixin.py:188} INFO - [2026-04-09T19:02:10.028+0000] {dagbag.py:538} INFO - Filling up the DagBag from /home/airflow/.local/lib/python3.8/site-packages/airflow/example_dags/plugins/listener_plugin.py
[2026-04-09T19:02:10.032+0000] {processor.py:842} WARNING - No viable dags retrieved from /home/airflow/.local/lib/python3.8/site-packages/airflow/example_dags/plugins/listener_plugin.py
[2026-04-09T19:02:10.051+0000] {processor.py:183} INFO - Processing /home/airflow/.local/lib/python3.8/site-packages/airflow/example_dags/plugins/listener_plugin.py took 0.031 seconds
[2026-04-09T19:02:41.125+0000] {processor.py:161} INFO - Started process (PID=15368) to work on /home/airflow/.local/lib/python3.8/site-packages/airflow/example_dags/plugins/listener_plugin.py
[2026-04-09T19:02:41.127+0000] {processor.py:830} INFO - Processing file /home/airflow/.local/lib/python3.8/site-packages/airflow/example_dags/plugins/listener_plugin.py for tasks to queue
[2026-04-09T19:02:41.129+0000] {logging_mixin.py:188} INFO - [2026-04-09T19:02:41.128+0000] {dagbag.py:538} INFO - Filling up the DagBag from /home/airflow/.local/lib/python3.8/site-packages/airflow/example_dags/plugins/listener_plugin.py
[2026-04-09T19:02:41.132+0000] {processor.py:842} WARNING - No viable dags retrieved from /home/airflow/.local/lib/python3.8/site-packages/airflow/example_dags/plugins/listener_plugin.py
[2026-04-09T19:02:41.152+0000] {processor.py:183} INFO - Processing /home/airflow/.local/lib/python3.8/site-packages/airflow/example_dags/plugins/listener_plugin.py took 0.032 seconds
[2026-04-09T19:03:11.971+0000] {processor.py:161} INFO - Started process (PID=15425) to work on /home/airflow/.local/lib/python3.8/site-packages/airflow/example_dags/plugins/listener_plugin.py
[2026-04-09T19:03:11.972+0000] {processor.py:830} INFO - Processing file /home/airflow/.local/lib/python3.8/site-packages/airflow/example_dags/plugins/listener_plugin.py for tasks to queue
[2026-04-09T19:03:11.975+0000] {logging_mixin.py:188} INFO - [2026-04-09T19:03:11.974+0000] {dagbag.py:538} INFO - Filling up the DagBag from /home/airflow/.local/lib/python3.8/site-packages/airflow/example_dags/plugins/listener_plugin.py
[2026-04-09T19:03:11.979+0000] {processor.py:842} WARNING - No viable dags retrieved from /home/airflow/.local/lib/python3.8/site-packages/airflow/example_dags/plugins/listener_plugin.py
[2026-04-09T19:03:11.999+0000] {processor.py:183} INFO - Processing /home/airflow/.local/lib/python3.8/site-packages/airflow/example_dags/plugins/listener_plugin.py took 0.034 seconds
[2026-04-09T19:03:43.057+0000] {processor.py:161} INFO - Started process (PID=15482) to work on /home/airflow/.local/lib/python3.8/site-packages/airflow/example_dags/plugins/listener_plugin.py
[2026-04-09T19:03:43.059+0000] {processor.py:830} INFO - Processing file /home/airflow/.local/lib/python3.8/site-packages/airflow/example_dags/plugins/listener_plugin.py for tasks to queue
[2026-04-09T19:03:43.062+0000] {logging_mixin.py:188} INFO - [2026-04-09T19:03:43.062+0000] {dagbag.py:538} INFO - Filling up the DagBag from /home/airflow/.local/lib/python3.8/site-packages/airflow/example_dags/plugins/listener_plugin.py
[2026-04-09T19:03:43.070+0000] {processor.py:842} WARNING - No viable dags retrieved from /home/airflow/.local/lib/python3.8/site-packages/airflow/example_dags/plugins/listener_plugin.py
[2026-04-09T19:03:43.096+0000] {processor.py:183} INFO - Processing /home/airflow/.local/lib/python3.8/site-packages/airflow/example_dags/plugins/listener_plugin.py took 0.045 seconds
[2026-04-09T19:04:13.732+0000] {processor.py:161} INFO - Started process (PID=15539) to work on /home/airflow/.local/lib/python3.8/site-packages/airflow/example_dags/plugins/listener_plugin.py
[2026-04-09T19:04:13.733+0000] {processor.py:830} INFO - Processing file /home/airflow/.local/lib/python3.8/site-packages/airflow/example_dags/plugins/listener_plugin.py for tasks to queue
[2026-04-09T19:04:13.736+0000] {logging_mixin.py:188} INFO - [2026-04-09T19:04:13.735+0000] {dagbag.py:538} INFO - Filling up the DagBag from /home/airflow/.local/lib/python3.8/site-packages/airflow/example_dags/plugins/listener_plugin.py
[2026-04-09T19:04:13.739+0000] {processor.py:842} WARNING - No viable dags retrieved from /home/airflow/.local/lib/python3.8/site-packages/airflow/example_dags/plugins/listener_plugin.py
[2026-04-09T19:04:13.755+0000] {processor.py:183} INFO - Processing /home/airflow/.local/lib/python3.8/site-packages/airflow/example_dags/plugins/listener_plugin.py took 0.027 seconds
[2026-04-09T19:04:44.845+0000] {processor.py:161} INFO - Started process (PID=15596) to work on /home/airflow/.local/lib/python3.8/site-packages/airflow/example_dags/plugins/listener_plugin.py
[2026-04-09T19:04:44.847+0000] {processor.py:830} INFO - Processing file /home/airflow/.local/lib/python3.8/site-packages/airflow/example_dags/plugins/listener_plugin.py for tasks to queue
[2026-04-09T19:04:44.851+0000] {logging_mixin.py:188} INFO - [2026-04-09T19:04:44.850+0000] {dagbag.py:538} INFO - Filling up the DagBag from /home/airflow/.local/lib/python3.8/site-packages/airflow/example_dags/plugins/listener_plugin.py
[2026-04-09T19:04:44.853+0000] {processor.py:842} WARNING - No viable dags retrieved from /home/airflow/.local/lib/python3.8/site-packages/airflow/example_dags/plugins/listener_plugin.py
[2026-04-09T19:04:44.874+0000] {processor.py:183} INFO - Processing /home/airflow/.local/lib/python3.8/site-packages/airflow/example_dags/plugins/listener_plugin.py took 0.033 seconds
[2026-04-09T19:05:15.983+0000] {processor.py:161} INFO - Started process (PID=15655) to work on /home/airflow/.local/lib/python3.8/site-packages/airflow/example_dags/plugins/listener_plugin.py
[2026-04-09T19:05:15.985+0000] {processor.py:830} INFO - Processing file /home/airflow/.local/lib/python3.8/site-packages/airflow/example_dags/plugins/listener_plugin.py for tasks to queue
[2026-04-09T19:05:15.988+0000] {logging_mixin.py:188} INFO - [2026-04-09T19:05:15.987+0000] {dagbag.py:538} INFO - Filling up the DagBag from /home/airflow/.local/lib/python3.8/site-packages/airflow/example_dags/plugins/listener_plugin.py
[2026-04-09T19:05:15.991+0000] {processor.py:842} WARNING - No viable dags retrieved from /home/airflow/.local/lib/python3.8/site-packages/airflow/example_dags/plugins/listener_plugin.py
[2026-04-09T19:05:16.012+0000] {processor.py:183} INFO - Processing /home/airflow/.local/lib/python3.8/site-packages/airflow/example_dags/plugins/listener_plugin.py took 0.034 seconds
[2026-04-09T19:05:46.411+0000] {processor.py:161} INFO - Started process (PID=15713) to work on /home/airflow/.local/lib/python3.8/site-packages/airflow/example_dags/plugins/listener_plugin.py
[2026-04-09T19:05:46.413+0000] {processor.py:830} INFO - Processing file /home/airflow/.local/lib/python3.8/site-packages/airflow/example_dags/plugins/listener_plugin.py for tasks to queue
[2026-04-09T19:05:46.416+0000] {logging_mixin.py:188} INFO - [2026-04-09T19:05:46.415+0000] {dagbag.py:538} INFO - Filling up the DagBag from /home/airflow/.local/lib/python3.8/site-packages/airflow/example_dags/plugins/listener_plugin.py
[2026-04-09T19:05:46.419+0000] {processor.py:842} WARNING - No viable dags retrieved from /home/airflow/.local/lib/python3.8/site-packages/airflow/example_dags/plugins/listener_plugin.py
[2026-04-09T19:05:46.437+0000] {processor.py:183} INFO - Processing /home/airflow/.local/lib/python3.8/site-packages/airflow/example_dags/plugins/listener_plugin.py took 0.030 seconds
[2026-04-09T19:06:16.595+0000] {processor.py:161} INFO - Started process (PID=15770) to work on /home/airflow/.local/lib/python3.8/site-packages/airflow/example_dags/plugins/listener_plugin.py
[2026-04-09T19:06:16.597+0000] {processor.py:830} INFO - Processing file /home/airflow/.local/lib/python3.8/site-packages/airflow/example_dags/plugins/listener_plugin.py for tasks to queue
[2026-04-09T19:06:16.599+0000] {logging_mixin.py:188} INFO - [2026-04-09T19:06:16.599+0000] {dagbag.py:538} INFO - Filling up the DagBag from /home/airflow/.local/lib/python3.8/site-packages/airflow/example_dags/plugins/listener_plugin.py
[2026-04-09T19:06:16.602+0000] {processor.py:842} WARNING - No viable dags retrieved from /home/airflow/.local/lib/python3.8/site-packages/airflow/example_dags/plugins/listener_plugin.py
[2026-04-09T19:06:16.621+0000] {processor.py:183} INFO - Processing /home/airflow/.local/lib/python3.8/site-packages/airflow/example_dags/plugins/listener_plugin.py took 0.030 seconds
[2026-04-09T19:06:46.964+0000] {processor.py:161} INFO - Started process (PID=15827) to work on /home/airflow/.local/lib/python3.8/site-packages/airflow/example_dags/plugins/listener_plugin.py
[2026-04-09T19:06:46.965+0000] {processor.py:830} INFO - Processing file /home/airflow/.local/lib/python3.8/site-packages/airflow/example_dags/plugins/listener_plugin.py for tasks to queue
[2026-04-09T19:06:46.968+0000] {logging_mixin.py:188} INFO - [2026-04-09T19:06:46.967+0000] {dagbag.py:538} INFO - Filling up the DagBag from /home/airflow/.local/lib/python3.8/site-packages/airflow/example_dags/plugins/listener_plugin.py
[2026-04-09T19:06:46.972+0000] {processor.py:842} WARNING - No viable dags retrieved from /home/airflow/.local/lib/python3.8/site-packages/airflow/example_dags/plugins/listener_plugin.py
[2026-04-09T19:06:46.992+0000] {processor.py:183} INFO - Processing /home/airflow/.local/lib/python3.8/site-packages/airflow/example_dags/plugins/listener_plugin.py took 0.034 seconds
[2026-04-09T19:07:18.171+0000] {processor.py:161} INFO - Started process (PID=15884) to work on /home/airflow/.local/lib/python3.8/site-packages/airflow/example_dags/plugins/listener_plugin.py
[2026-04-09T19:07:18.173+0000] {processor.py:830} INFO - Processing file /home/airflow/.local/lib/python3.8/site-packages/airflow/example_dags/plugins/listener_plugin.py for tasks to queue
[2026-04-09T19:07:18.175+0000] {logging_mixin.py:188} INFO - [2026-04-09T19:07:18.174+0000] {dagbag.py:538} INFO - Filling up the DagBag from /home/airflow/.local/lib/python3.8/site-packages/airflow/example_dags/plugins/listener_plugin.py
[2026-04-09T19:07:18.180+0000] {processor.py:842} WARNING - No viable dags retrieved from /home/airflow/.local/lib/python3.8/site-packages/airflow/example_dags/plugins/listener_plugin.py
[2026-04-09T19:07:18.198+0000] {processor.py:183} INFO - Processing /home/airflow/.local/lib/python3.8/site-packages/airflow/example_dags/plugins/listener_plugin.py took 0.031 seconds
[2026-04-09T19:07:48.489+0000] {processor.py:161} INFO - Started process (PID=15941) to work on /home/airflow/.local/lib/python3.8/site-packages/airflow/example_dags/plugins/listener_plugin.py
[2026-04-09T19:07:48.491+0000] {processor.py:830} INFO - Processing file /home/airflow/.local/lib/python3.8/site-packages/airflow/example_dags/plugins/listener_plugin.py for tasks to queue
[2026-04-09T19:07:48.494+0000] {logging_mixin.py:188} INFO - [2026-04-09T19:07:48.494+0000] {dagbag.py:538} INFO - Filling up the DagBag from /home/airflow/.local/lib/python3.8/site-packages/airflow/example_dags/plugins/listener_plugin.py
[2026-04-09T19:07:48.498+0000] {processor.py:842} WARNING - No viable dags retrieved from /home/airflow/.local/lib/python3.8/site-packages/airflow/example_dags/plugins/listener_plugin.py
[2026-04-09T19:07:48.517+0000] {processor.py:183} INFO - Processing /home/airflow/.local/lib/python3.8/site-packages/airflow/example_dags/plugins/listener_plugin.py took 0.031 seconds
[2026-04-09T19:08:19.747+0000] {processor.py:161} INFO - Started process (PID=16001) to work on /home/airflow/.local/lib/python3.8/site-packages/airflow/example_dags/plugins/listener_plugin.py
[2026-04-09T19:08:19.749+0000] {processor.py:830} INFO - Processing file /home/airflow/.local/lib/python3.8/site-packages/airflow/example_dags/plugins/listener_plugin.py for tasks to queue
[2026-04-09T19:08:19.757+0000] {logging_mixin.py:188} INFO - [2026-04-09T19:08:19.756+0000] {dagbag.py:538} INFO - Filling up the DagBag from /home/airflow/.local/lib/python3.8/site-packages/airflow/example_dags/plugins/listener_plugin.py
[2026-04-09T19:08:19.763+0000] {processor.py:842} WARNING - No viable dags retrieved from /home/airflow/.local/lib/python3.8/site-packages/airflow/example_dags/plugins/listener_plugin.py
[2026-04-09T19:08:19.790+0000] {processor.py:183} INFO - Processing /home/airflow/.local/lib/python3.8/site-packages/airflow/example_dags/plugins/listener_plugin.py took 0.050 seconds
[2026-04-09T19:08:50.223+0000] {processor.py:161} INFO - Started process (PID=16058) to work on /home/airflow/.local/lib/python3.8/site-packages/airflow/example_dags/plugins/listener_plugin.py
[2026-04-09T19:08:50.225+0000] {processor.py:830} INFO - Processing file /home/airflow/.local/lib/python3.8/site-packages/airflow/example_dags/plugins/listener_plugin.py for tasks to queue
[2026-04-09T19:08:50.230+0000] {logging_mixin.py:188} INFO - [2026-04-09T19:08:50.229+0000] {dagbag.py:538} INFO - Filling up the DagBag from /home/airflow/.local/lib/python3.8/site-packages/airflow/example_dags/plugins/listener_plugin.py
[2026-04-09T19:08:50.234+0000] {processor.py:842} WARNING - No viable dags retrieved from /home/airflow/.local/lib/python3.8/site-packages/airflow/example_dags/plugins/listener_plugin.py
[2026-04-09T19:08:50.256+0000] {processor.py:183} INFO - Processing /home/airflow/.local/lib/python3.8/site-packages/airflow/example_dags/plugins/listener_plugin.py took 0.039 seconds
[2026-04-09T19:09:21.469+0000] {processor.py:161} INFO - Started process (PID=16115) to work on /home/airflow/.local/lib/python3.8/site-packages/airflow/example_dags/plugins/listener_plugin.py
[2026-04-09T19:09:21.473+0000] {processor.py:830} INFO - Processing file /home/airflow/.local/lib/python3.8/site-packages/airflow/example_dags/plugins/listener_plugin.py for tasks to queue
[2026-04-09T19:09:21.481+0000] {logging_mixin.py:188} INFO - [2026-04-09T19:09:21.480+0000] {dagbag.py:538} INFO - Filling up the DagBag from /home/airflow/.local/lib/python3.8/site-packages/airflow/example_dags/plugins/listener_plugin.py
[2026-04-09T19:09:21.490+0000] {processor.py:842} WARNING - No viable dags retrieved from /home/airflow/.local/lib/python3.8/site-packages/airflow/example_dags/plugins/listener_plugin.py
[2026-04-09T19:09:21.531+0000] {processor.py:183} INFO - Processing /home/airflow/.local/lib/python3.8/site-packages/airflow/example_dags/plugins/listener_plugin.py took 0.075 seconds
[2026-04-09T19:09:52.264+0000] {processor.py:161} INFO - Started process (PID=16173) to work on /home/airflow/.local/lib/python3.8/site-packages/airflow/example_dags/plugins/listener_plugin.py
[2026-04-09T19:09:52.266+0000] {processor.py:830} INFO - Processing file /home/airflow/.local/lib/python3.8/site-packages/airflow/example_dags/plugins/listener_plugin.py for tasks to queue
[2026-04-09T19:09:52.270+0000] {logging_mixin.py:188} INFO - [2026-04-09T19:09:52.269+0000] {dagbag.py:538} INFO - Filling up the DagBag from /home/airflow/.local/lib/python3.8/site-packages/airflow/example_dags/plugins/listener_plugin.py
[2026-04-09T19:09:52.278+0000] {processor.py:842} WARNING - No viable dags retrieved from /home/airflow/.local/lib/python3.8/site-packages/airflow/example_dags/plugins/listener_plugin.py
[2026-04-09T19:09:52.304+0000] {processor.py:183} INFO - Processing /home/airflow/.local/lib/python3.8/site-packages/airflow/example_dags/plugins/listener_plugin.py took 0.046 seconds
[2026-04-09T19:10:23.500+0000] {processor.py:161} INFO - Started process (PID=16232) to work on /home/airflow/.local/lib/python3.8/site-packages/airflow/example_dags/plugins/listener_plugin.py
[2026-04-09T19:10:23.502+0000] {processor.py:830} INFO - Processing file /home/airflow/.local/lib/python3.8/site-packages/airflow/example_dags/plugins/listener_plugin.py for tasks to queue
[2026-04-09T19:10:23.512+0000] {logging_mixin.py:188} INFO - [2026-04-09T19:10:23.512+0000] {dagbag.py:538} INFO - Filling up the DagBag from /home/airflow/.local/lib/python3.8/site-packages/airflow/example_dags/plugins/listener_plugin.py
[2026-04-09T19:10:23.516+0000] {processor.py:842} WARNING - No viable dags retrieved from /home/airflow/.local/lib/python3.8/site-packages/airflow/example_dags/plugins/listener_plugin.py
[2026-04-09T19:10:23.539+0000] {processor.py:183} INFO - Processing /home/airflow/.local/lib/python3.8/site-packages/airflow/example_dags/plugins/listener_plugin.py took 0.044 seconds
[2026-04-09T19:10:54.486+0000] {processor.py:161} INFO - Started process (PID=16289) to work on /home/airflow/.local/lib/python3.8/site-packages/airflow/example_dags/plugins/listener_plugin.py
[2026-04-09T19:10:54.489+0000] {processor.py:830} INFO - Processing file /home/airflow/.local/lib/python3.8/site-packages/airflow/example_dags/plugins/listener_plugin.py for tasks to queue
[2026-04-09T19:10:54.494+0000] {logging_mixin.py:188} INFO - [2026-04-09T19:10:54.493+0000] {dagbag.py:538} INFO - Filling up the DagBag from /home/airflow/.local/lib/python3.8/site-packages/airflow/example_dags/plugins/listener_plugin.py
[2026-04-09T19:10:54.499+0000] {processor.py:842} WARNING - No viable dags retrieved from /home/airflow/.local/lib/python3.8/site-packages/airflow/example_dags/plugins/listener_plugin.py
[2026-04-09T19:10:54.529+0000] {processor.py:183} INFO - Processing /home/airflow/.local/lib/python3.8/site-packages/airflow/example_dags/plugins/listener_plugin.py took 0.048 seconds
[2026-04-09T19:11:24.754+0000] {processor.py:161} INFO - Started process (PID=16346) to work on /home/airflow/.local/lib/python3.8/site-packages/airflow/example_dags/plugins/listener_plugin.py
[2026-04-09T19:11:24.756+0000] {processor.py:830} INFO - Processing file /home/airflow/.local/lib/python3.8/site-packages/airflow/example_dags/plugins/listener_plugin.py for tasks to queue
[2026-04-09T19:11:24.761+0000] {logging_mixin.py:188} INFO - [2026-04-09T19:11:24.760+0000] {dagbag.py:538} INFO - Filling up the DagBag from /home/airflow/.local/lib/python3.8/site-packages/airflow/example_dags/plugins/listener_plugin.py
[2026-04-09T19:11:24.765+0000] {processor.py:842} WARNING - No viable dags retrieved from /home/airflow/.local/lib/python3.8/site-packages/airflow/example_dags/plugins/listener_plugin.py
[2026-04-09T19:11:24.789+0000] {processor.py:183} INFO - Processing /home/airflow/.local/lib/python3.8/site-packages/airflow/example_dags/plugins/listener_plugin.py took 0.039 seconds
[2026-04-09T19:11:55.617+0000] {processor.py:161} INFO - Started process (PID=16403) to work on /home/airflow/.local/lib/python3.8/site-packages/airflow/example_dags/plugins/listener_plugin.py
[2026-04-09T19:11:55.620+0000] {processor.py:830} INFO - Processing file /home/airflow/.local/lib/python3.8/site-packages/airflow/example_dags/plugins/listener_plugin.py for tasks to queue
[2026-04-09T19:11:55.626+0000] {logging_mixin.py:188} INFO - [2026-04-09T19:11:55.625+0000] {dagbag.py:538} INFO - Filling up the DagBag from /home/airflow/.local/lib/python3.8/site-packages/airflow/example_dags/plugins/listener_plugin.py
[2026-04-09T19:11:55.632+0000] {processor.py:842} WARNING - No viable dags retrieved from /home/airflow/.local/lib/python3.8/site-packages/airflow/example_dags/plugins/listener_plugin.py
[2026-04-09T19:11:55.668+0000] {processor.py:183} INFO - Processing /home/airflow/.local/lib/python3.8/site-packages/airflow/example_dags/plugins/listener_plugin.py took 0.059 seconds
[2026-04-09T19:12:26.134+0000] {processor.py:161} INFO - Started process (PID=16461) to work on /home/airflow/.local/lib/python3.8/site-packages/airflow/example_dags/plugins/listener_plugin.py
[2026-04-09T19:12:26.136+0000] {processor.py:830} INFO - Processing file /home/airflow/.local/lib/python3.8/site-packages/airflow/example_dags/plugins/listener_plugin.py for tasks to queue
[2026-04-09T19:12:26.141+0000] {logging_mixin.py:188} INFO - [2026-04-09T19:12:26.139+0000] {dagbag.py:538} INFO - Filling up the DagBag from /home/airflow/.local/lib/python3.8/site-packages/airflow/example_dags/plugins/listener_plugin.py
[2026-04-09T19:12:26.147+0000] {processor.py:842} WARNING - No viable dags retrieved from /home/airflow/.local/lib/python3.8/site-packages/airflow/example_dags/plugins/listener_plugin.py
[2026-04-09T19:12:26.170+0000] {processor.py:183} INFO - Processing /home/airflow/.local/lib/python3.8/site-packages/airflow/example_dags/plugins/listener_plugin.py took 0.040 seconds
[2026-04-09T19:12:56.831+0000] {processor.py:161} INFO - Started process (PID=16518) to work on /home/airflow/.local/lib/python3.8/site-packages/airflow/example_dags/plugins/listener_plugin.py
[2026-04-09T19:12:56.833+0000] {processor.py:830} INFO - Processing file /home/airflow/.local/lib/python3.8/site-packages/airflow/example_dags/plugins/listener_plugin.py for tasks to queue
[2026-04-09T19:12:56.837+0000] {logging_mixin.py:188} INFO - [2026-04-09T19:12:56.837+0000] {dagbag.py:538} INFO - Filling up the DagBag from /home/airflow/.local/lib/python3.8/site-packages/airflow/example_dags/plugins/listener_plugin.py
[2026-04-09T19:12:56.847+0000] {processor.py:842} WARNING - No viable dags retrieved from /home/airflow/.local/lib/python3.8/site-packages/airflow/example_dags/plugins/listener_plugin.py
[2026-04-09T19:12:56.891+0000] {processor.py:183} INFO - Processing /home/airflow/.local/lib/python3.8/site-packages/airflow/example_dags/plugins/listener_plugin.py took 0.070 seconds
[2026-04-09T19:13:27.740+0000] {processor.py:161} INFO - Started process (PID=16577) to work on /home/airflow/.local/lib/python3.8/site-packages/airflow/example_dags/plugins/listener_plugin.py
[2026-04-09T19:13:27.744+0000] {processor.py:830} INFO - Processing file /home/airflow/.local/lib/python3.8/site-packages/airflow/example_dags/plugins/listener_plugin.py for tasks to queue
[2026-04-09T19:13:27.749+0000] {logging_mixin.py:188} INFO - [2026-04-09T19:13:27.748+0000] {dagbag.py:538} INFO - Filling up the DagBag from /home/airflow/.local/lib/python3.8/site-packages/airflow/example_dags/plugins/listener_plugin.py
[2026-04-09T19:13:27.758+0000] {processor.py:842} WARNING - No viable dags retrieved from /home/airflow/.local/lib/python3.8/site-packages/airflow/example_dags/plugins/listener_plugin.py
[2026-04-09T19:13:27.798+0000] {processor.py:183} INFO - Processing /home/airflow/.local/lib/python3.8/site-packages/airflow/example_dags/plugins/listener_plugin.py took 0.069 seconds
[2026-04-09T19:13:59.161+0000] {processor.py:161} INFO - Started process (PID=16635) to work on /home/airflow/.local/lib/python3.8/site-packages/airflow/example_dags/plugins/listener_plugin.py
[2026-04-09T19:13:59.164+0000] {processor.py:830} INFO - Processing file /home/airflow/.local/lib/python3.8/site-packages/airflow/example_dags/plugins/listener_plugin.py for tasks to queue
[2026-04-09T19:13:59.170+0000] {logging_mixin.py:188} INFO - [2026-04-09T19:13:59.169+0000] {dagbag.py:538} INFO - Filling up the DagBag from /home/airflow/.local/lib/python3.8/site-packages/airflow/example_dags/plugins/listener_plugin.py
[2026-04-09T19:13:59.179+0000] {processor.py:842} WARNING - No viable dags retrieved from /home/airflow/.local/lib/python3.8/site-packages/airflow/example_dags/plugins/listener_plugin.py
[2026-04-09T19:13:59.220+0000] {processor.py:183} INFO - Processing /home/airflow/.local/lib/python3.8/site-packages/airflow/example_dags/plugins/listener_plugin.py took 0.073 seconds
[2026-04-09T19:14:29.628+0000] {processor.py:161} INFO - Started process (PID=16692) to work on /home/airflow/.local/lib/python3.8/site-packages/airflow/example_dags/plugins/listener_plugin.py
[2026-04-09T19:14:29.630+0000] {processor.py:830} INFO - Processing file /home/airflow/.local/lib/python3.8/site-packages/airflow/example_dags/plugins/listener_plugin.py for tasks to queue
[2026-04-09T19:14:29.639+0000] {logging_mixin.py:188} INFO - [2026-04-09T19:14:29.639+0000] {dagbag.py:538} INFO - Filling up the DagBag from /home/airflow/.local/lib/python3.8/site-packages/airflow/example_dags/plugins/listener_plugin.py
[2026-04-09T19:14:29.644+0000] {processor.py:842} WARNING - No viable dags retrieved from /home/airflow/.local/lib/python3.8/site-packages/airflow/example_dags/plugins/listener_plugin.py
[2026-04-09T19:14:29.669+0000] {processor.py:183} INFO - Processing /home/airflow/.local/lib/python3.8/site-packages/airflow/example_dags/plugins/listener_plugin.py took 0.047 seconds
[2026-04-09T19:15:00.314+0000] {processor.py:161} INFO - Started process (PID=16750) to work on /home/airflow/.local/lib/python3.8/site-packages/airflow/example_dags/plugins/listener_plugin.py
[2026-04-09T19:15:00.318+0000] {processor.py:830} INFO - Processing file /home/airflow/.local/lib/python3.8/site-packages/airflow/example_dags/plugins/listener_plugin.py for tasks to queue
[2026-04-09T19:15:00.323+0000] {logging_mixin.py:188} INFO - [2026-04-09T19:15:00.322+0000] {dagbag.py:538} INFO - Filling up the DagBag from /home/airflow/.local/lib/python3.8/site-packages/airflow/example_dags/plugins/listener_plugin.py
[2026-04-09T19:15:00.333+0000] {processor.py:842} WARNING - No viable dags retrieved from /home/airflow/.local/lib/python3.8/site-packages/airflow/example_dags/plugins/listener_plugin.py
[2026-04-09T19:15:00.366+0000] {processor.py:183} INFO - Processing /home/airflow/.local/lib/python3.8/site-packages/airflow/example_dags/plugins/listener_plugin.py took 0.061 seconds
[2026-04-09T19:15:30.640+0000] {processor.py:161} INFO - Started process (PID=16807) to work on /home/airflow/.local/lib/python3.8/site-packages/airflow/example_dags/plugins/listener_plugin.py
[2026-04-09T19:15:30.643+0000] {processor.py:830} INFO - Processing file /home/airflow/.local/lib/python3.8/site-packages/airflow/example_dags/plugins/listener_plugin.py for tasks to queue
[2026-04-09T19:15:30.646+0000] {logging_mixin.py:188} INFO - [2026-04-09T19:15:30.646+0000] {dagbag.py:538} INFO - Filling up the DagBag from /home/airflow/.local/lib/python3.8/site-packages/airflow/example_dags/plugins/listener_plugin.py
[2026-04-09T19:15:30.653+0000] {processor.py:842} WARNING - No viable dags retrieved from /home/airflow/.local/lib/python3.8/site-packages/airflow/example_dags/plugins/listener_plugin.py
[2026-04-09T19:15:30.675+0000] {processor.py:183} INFO - Processing /home/airflow/.local/lib/python3.8/site-packages/airflow/example_dags/plugins/listener_plugin.py took 0.042 seconds
[2026-04-09T19:16:01.660+0000] {processor.py:161} INFO - Started process (PID=16865) to work on /home/airflow/.local/lib/python3.8/site-packages/airflow/example_dags/plugins/listener_plugin.py
[2026-04-09T19:16:01.663+0000] {processor.py:830} INFO - Processing file /home/airflow/.local/lib/python3.8/site-packages/airflow/example_dags/plugins/listener_plugin.py for tasks to queue
[2026-04-09T19:16:01.668+0000] {logging_mixin.py:188} INFO - [2026-04-09T19:16:01.667+0000] {dagbag.py:538} INFO - Filling up the DagBag from /home/airflow/.local/lib/python3.8/site-packages/airflow/example_dags/plugins/listener_plugin.py
[2026-04-09T19:16:01.675+0000] {processor.py:842} WARNING - No viable dags retrieved from /home/airflow/.local/lib/python3.8/site-packages/airflow/example_dags/plugins/listener_plugin.py
[2026-04-09T19:16:01.711+0000] {processor.py:183} INFO - Processing /home/airflow/.local/lib/python3.8/site-packages/airflow/example_dags/plugins/listener_plugin.py took 0.058 seconds
[2026-04-09T19:16:34.087+0000] {processor.py:161} INFO - Started process (PID=16929) to work on /home/airflow/.local/lib/python3.8/site-packages/airflow/example_dags/plugins/listener_plugin.py
[2026-04-09T19:16:34.090+0000] {processor.py:830} INFO - Processing file /home/airflow/.local/lib/python3.8/site-packages/airflow/example_dags/plugins/listener_plugin.py for tasks to queue
[2026-04-09T19:16:34.096+0000] {logging_mixin.py:188} INFO - [2026-04-09T19:16:34.095+0000] {dagbag.py:538} INFO - Filling up the DagBag from /home/airflow/.local/lib/python3.8/site-packages/airflow/example_dags/plugins/listener_plugin.py
[2026-04-09T19:16:34.105+0000] {processor.py:842} WARNING - No viable dags retrieved from /home/airflow/.local/lib/python3.8/site-packages/airflow/example_dags/plugins/listener_plugin.py
[2026-04-09T19:16:34.149+0000] {processor.py:183} INFO - Processing /home/airflow/.local/lib/python3.8/site-packages/airflow/example_dags/plugins/listener_plugin.py took 0.073 seconds
[2026-04-09T19:17:04.430+0000] {processor.py:161} INFO - Started process (PID=16986) to work on /home/airflow/.local/lib/python3.8/site-packages/airflow/example_dags/plugins/listener_plugin.py
[2026-04-09T19:17:04.433+0000] {processor.py:830} INFO - Processing file /home/airflow/.local/lib/python3.8/site-packages/airflow/example_dags/plugins/listener_plugin.py for tasks to queue
[2026-04-09T19:17:04.438+0000] {logging_mixin.py:188} INFO - [2026-04-09T19:17:04.437+0000] {dagbag.py:538} INFO - Filling up the DagBag from /home/airflow/.local/lib/python3.8/site-packages/airflow/example_dags/plugins/listener_plugin.py
[2026-04-09T19:17:04.444+0000] {processor.py:842} WARNING - No viable dags retrieved from /home/airflow/.local/lib/python3.8/site-packages/airflow/example_dags/plugins/listener_plugin.py
[2026-04-09T19:17:04.485+0000] {processor.py:183} INFO - Processing /home/airflow/.local/lib/python3.8/site-packages/airflow/example_dags/plugins/listener_plugin.py took 0.067 seconds
[2026-04-09T19:17:34.990+0000] {processor.py:161} INFO - Started process (PID=17044) to work on /home/airflow/.local/lib/python3.8/site-packages/airflow/example_dags/plugins/listener_plugin.py
[2026-04-09T19:17:34.992+0000] {processor.py:830} INFO - Processing file /home/airflow/.local/lib/python3.8/site-packages/airflow/example_dags/plugins/listener_plugin.py for tasks to queue
[2026-04-09T19:17:34.995+0000] {logging_mixin.py:188} INFO - [2026-04-09T19:17:34.995+0000] {dagbag.py:538} INFO - Filling up the DagBag from /home/airflow/.local/lib/python3.8/site-packages/airflow/example_dags/plugins/listener_plugin.py
[2026-04-09T19:17:35.000+0000] {processor.py:842} WARNING - No viable dags retrieved from /home/airflow/.local/lib/python3.8/site-packages/airflow/example_dags/plugins/listener_plugin.py
[2026-04-09T19:17:35.032+0000] {processor.py:183} INFO - Processing /home/airflow/.local/lib/python3.8/site-packages/airflow/example_dags/plugins/listener_plugin.py took 0.046 seconds
[2026-04-09T19:18:05.649+0000] {processor.py:161} INFO - Started process (PID=17101) to work on /home/airflow/.local/lib/python3.8/site-packages/airflow/example_dags/plugins/listener_plugin.py
[2026-04-09T19:18:05.651+0000] {processor.py:830} INFO - Processing file /home/airflow/.local/lib/python3.8/site-packages/airflow/example_dags/plugins/listener_plugin.py for tasks to queue
[2026-04-09T19:18:05.655+0000] {logging_mixin.py:188} INFO - [2026-04-09T19:18:05.654+0000] {dagbag.py:538} INFO - Filling up the DagBag from /home/airflow/.local/lib/python3.8/site-packages/airflow/example_dags/plugins/listener_plugin.py
[2026-04-09T19:18:05.661+0000] {processor.py:842} WARNING - No viable dags retrieved from /home/airflow/.local/lib/python3.8/site-packages/airflow/example_dags/plugins/listener_plugin.py
[2026-04-09T19:18:05.687+0000] {processor.py:183} INFO - Processing /home/airflow/.local/lib/python3.8/site-packages/airflow/example_dags/plugins/listener_plugin.py took 0.045 seconds
[2026-04-09T19:18:36.620+0000] {processor.py:161} INFO - Started process (PID=17159) to work on /home/airflow/.local/lib/python3.8/site-packages/airflow/example_dags/plugins/listener_plugin.py
[2026-04-09T19:18:36.622+0000] {processor.py:830} INFO - Processing file /home/airflow/.local/lib/python3.8/site-packages/airflow/example_dags/plugins/listener_plugin.py for tasks to queue
[2026-04-09T19:18:36.625+0000] {logging_mixin.py:188} INFO - [2026-04-09T19:18:36.625+0000] {dagbag.py:538} INFO - Filling up the DagBag from /home/airflow/.local/lib/python3.8/site-packages/airflow/example_dags/plugins/listener_plugin.py
[2026-04-09T19:18:36.634+0000] {processor.py:842} WARNING - No viable dags retrieved from /home/airflow/.local/lib/python3.8/site-packages/airflow/example_dags/plugins/listener_plugin.py
[2026-04-09T19:18:36.660+0000] {processor.py:183} INFO - Processing /home/airflow/.local/lib/python3.8/site-packages/airflow/example_dags/plugins/listener_plugin.py took 0.046 seconds
[2026-04-09T19:19:07.023+0000] {processor.py:161} INFO - Started process (PID=17216) to work on /home/airflow/.local/lib/python3.8/site-packages/airflow/example_dags/plugins/listener_plugin.py
[2026-04-09T19:19:07.025+0000] {processor.py:830} INFO - Processing file /home/airflow/.local/lib/python3.8/site-packages/airflow/example_dags/plugins/listener_plugin.py for tasks to queue
[2026-04-09T19:19:07.030+0000] {logging_mixin.py:188} INFO - [2026-04-09T19:19:07.028+0000] {dagbag.py:538} INFO - Filling up the DagBag from /home/airflow/.local/lib/python3.8/site-packages/airflow/example_dags/plugins/listener_plugin.py
[2026-04-09T19:19:07.036+0000] {processor.py:842} WARNING - No viable dags retrieved from /home/airflow/.local/lib/python3.8/site-packages/airflow/example_dags/plugins/listener_plugin.py
[2026-04-09T19:19:07.060+0000] {processor.py:183} INFO - Processing /home/airflow/.local/lib/python3.8/site-packages/airflow/example_dags/plugins/listener_plugin.py took 0.042 seconds
[2026-04-09T19:19:37.374+0000] {processor.py:161} INFO - Started process (PID=17273) to work on /home/airflow/.local/lib/python3.8/site-packages/airflow/example_dags/plugins/listener_plugin.py
[2026-04-09T19:19:37.378+0000] {processor.py:830} INFO - Processing file /home/airflow/.local/lib/python3.8/site-packages/airflow/example_dags/plugins/listener_plugin.py for tasks to queue
[2026-04-09T19:19:37.386+0000] {logging_mixin.py:188} INFO - [2026-04-09T19:19:37.385+0000] {dagbag.py:538} INFO - Filling up the DagBag from /home/airflow/.local/lib/python3.8/site-packages/airflow/example_dags/plugins/listener_plugin.py
[2026-04-09T19:19:37.398+0000] {processor.py:842} WARNING - No viable dags retrieved from /home/airflow/.local/lib/python3.8/site-packages/airflow/example_dags/plugins/listener_plugin.py
[2026-04-09T19:19:37.449+0000] {processor.py:183} INFO - Processing /home/airflow/.local/lib/python3.8/site-packages/airflow/example_dags/plugins/listener_plugin.py took 0.091 seconds
[2026-04-09T19:20:08.461+0000] {processor.py:161} INFO - Started process (PID=17330) to work on /home/airflow/.local/lib/python3.8/site-packages/airflow/example_dags/plugins/listener_plugin.py
[2026-04-09T19:20:08.463+0000] {processor.py:830} INFO - Processing file /home/airflow/.local/lib/python3.8/site-packages/airflow/example_dags/plugins/listener_plugin.py for tasks to queue
[2026-04-09T19:20:08.467+0000] {logging_mixin.py:188} INFO - [2026-04-09T19:20:08.466+0000] {dagbag.py:538} INFO - Filling up the DagBag from /home/airflow/.local/lib/python3.8/site-packages/airflow/example_dags/plugins/listener_plugin.py
[2026-04-09T19:20:08.474+0000] {processor.py:842} WARNING - No viable dags retrieved from /home/airflow/.local/lib/python3.8/site-packages/airflow/example_dags/plugins/listener_plugin.py
[2026-04-09T19:20:08.504+0000] {processor.py:183} INFO - Processing /home/airflow/.local/lib/python3.8/site-packages/airflow/example_dags/plugins/listener_plugin.py took 0.049 seconds
[2026-04-09T19:20:39.438+0000] {processor.py:161} INFO - Started process (PID=17387) to work on /home/airflow/.local/lib/python3.8/site-packages/airflow/example_dags/plugins/listener_plugin.py
[2026-04-09T19:20:39.441+0000] {processor.py:830} INFO - Processing file /home/airflow/.local/lib/python3.8/site-packages/airflow/example_dags/plugins/listener_plugin.py for tasks to queue
[2026-04-09T19:20:39.445+0000] {logging_mixin.py:188} INFO - [2026-04-09T19:20:39.444+0000] {dagbag.py:538} INFO - Filling up the DagBag from /home/airflow/.local/lib/python3.8/site-packages/airflow/example_dags/plugins/listener_plugin.py
[2026-04-09T19:20:39.451+0000] {processor.py:842} WARNING - No viable dags retrieved from /home/airflow/.local/lib/python3.8/site-packages/airflow/example_dags/plugins/listener_plugin.py
[2026-04-09T19:20:39.480+0000] {processor.py:183} INFO - Processing /home/airflow/.local/lib/python3.8/site-packages/airflow/example_dags/plugins/listener_plugin.py took 0.051 seconds
[2026-04-09T19:21:10.163+0000] {processor.py:161} INFO - Started process (PID=17444) to work on /home/airflow/.local/lib/python3.8/site-packages/airflow/example_dags/plugins/listener_plugin.py
[2026-04-09T19:21:10.165+0000] {processor.py:830} INFO - Processing file /home/airflow/.local/lib/python3.8/site-packages/airflow/example_dags/plugins/listener_plugin.py for tasks to queue
[2026-04-09T19:21:10.168+0000] {logging_mixin.py:188} INFO - [2026-04-09T19:21:10.167+0000] {dagbag.py:538} INFO - Filling up the DagBag from /home/airflow/.local/lib/python3.8/site-packages/airflow/example_dags/plugins/listener_plugin.py
[2026-04-09T19:21:10.172+0000] {processor.py:842} WARNING - No viable dags retrieved from /home/airflow/.local/lib/python3.8/site-packages/airflow/example_dags/plugins/listener_plugin.py
[2026-04-09T19:21:10.195+0000] {processor.py:183} INFO - Processing /home/airflow/.local/lib/python3.8/site-packages/airflow/example_dags/plugins/listener_plugin.py took 0.038 seconds
[2026-04-09T19:21:40.780+0000] {processor.py:161} INFO - Started process (PID=17501) to work on /home/airflow/.local/lib/python3.8/site-packages/airflow/example_dags/plugins/listener_plugin.py
[2026-04-09T19:21:40.783+0000] {processor.py:830} INFO - Processing file /home/airflow/.local/lib/python3.8/site-packages/airflow/example_dags/plugins/listener_plugin.py for tasks to queue
[2026-04-09T19:21:40.791+0000] {logging_mixin.py:188} INFO - [2026-04-09T19:21:40.791+0000] {dagbag.py:538} INFO - Filling up the DagBag from /home/airflow/.local/lib/python3.8/site-packages/airflow/example_dags/plugins/listener_plugin.py
[2026-04-09T19:21:40.797+0000] {processor.py:842} WARNING - No viable dags retrieved from /home/airflow/.local/lib/python3.8/site-packages/airflow/example_dags/plugins/listener_plugin.py
[2026-04-09T19:21:40.820+0000] {processor.py:183} INFO - Processing /home/airflow/.local/lib/python3.8/site-packages/airflow/example_dags/plugins/listener_plugin.py took 0.047 seconds
[2026-04-09T19:22:11.311+0000] {processor.py:161} INFO - Started process (PID=17559) to work on /home/airflow/.local/lib/python3.8/site-packages/airflow/example_dags/plugins/listener_plugin.py
[2026-04-09T19:22:11.313+0000] {processor.py:830} INFO - Processing file /home/airflow/.local/lib/python3.8/site-packages/airflow/example_dags/plugins/listener_plugin.py for tasks to queue
[2026-04-09T19:22:11.317+0000] {logging_mixin.py:188} INFO - [2026-04-09T19:22:11.316+0000] {dagbag.py:538} INFO - Filling up the DagBag from /home/airflow/.local/lib/python3.8/site-packages/airflow/example_dags/plugins/listener_plugin.py
[2026-04-09T19:22:11.322+0000] {processor.py:842} WARNING - No viable dags retrieved from /home/airflow/.local/lib/python3.8/site-packages/airflow/example_dags/plugins/listener_plugin.py
[2026-04-09T19:22:11.350+0000] {processor.py:183} INFO - Processing /home/airflow/.local/lib/python3.8/site-packages/airflow/example_dags/plugins/listener_plugin.py took 0.045 seconds
[2026-04-09T19:22:41.760+0000] {processor.py:161} INFO - Started process (PID=17616) to work on /home/airflow/.local/lib/python3.8/site-packages/airflow/example_dags/plugins/listener_plugin.py
[2026-04-09T19:22:41.763+0000] {processor.py:830} INFO - Processing file /home/airflow/.local/lib/python3.8/site-packages/airflow/example_dags/plugins/listener_plugin.py for tasks to queue
[2026-04-09T19:22:41.768+0000] {logging_mixin.py:188} INFO - [2026-04-09T19:22:41.767+0000] {dagbag.py:538} INFO - Filling up the DagBag from /home/airflow/.local/lib/python3.8/site-packages/airflow/example_dags/plugins/listener_plugin.py
[2026-04-09T19:22:41.776+0000] {processor.py:842} WARNING - No viable dags retrieved from /home/airflow/.local/lib/python3.8/site-packages/airflow/example_dags/plugins/listener_plugin.py
[2026-04-09T19:22:41.819+0000] {processor.py:183} INFO - Processing /home/airflow/.local/lib/python3.8/site-packages/airflow/example_dags/plugins/listener_plugin.py took 0.069 seconds
[2026-04-09T19:23:12.096+0000] {processor.py:161} INFO - Started process (PID=17672) to work on /home/airflow/.local/lib/python3.8/site-packages/airflow/example_dags/plugins/listener_plugin.py
[2026-04-09T19:23:12.098+0000] {processor.py:830} INFO - Processing file /home/airflow/.local/lib/python3.8/site-packages/airflow/example_dags/plugins/listener_plugin.py for tasks to queue
[2026-04-09T19:23:12.101+0000] {logging_mixin.py:188} INFO - [2026-04-09T19:23:12.101+0000] {dagbag.py:538} INFO - Filling up the DagBag from /home/airflow/.local/lib/python3.8/site-packages/airflow/example_dags/plugins/listener_plugin.py
[2026-04-09T19:23:12.107+0000] {processor.py:842} WARNING - No viable dags retrieved from /home/airflow/.local/lib/python3.8/site-packages/airflow/example_dags/plugins/listener_plugin.py
[2026-04-09T19:23:12.131+0000] {processor.py:183} INFO - Processing /home/airflow/.local/lib/python3.8/site-packages/airflow/example_dags/plugins/listener_plugin.py took 0.041 seconds
[2026-04-09T19:23:42.582+0000] {processor.py:161} INFO - Started process (PID=17729) to work on /home/airflow/.local/lib/python3.8/site-packages/airflow/example_dags/plugins/listener_plugin.py
[2026-04-09T19:23:42.584+0000] {processor.py:830} INFO - Processing file /home/airflow/.local/lib/python3.8/site-packages/airflow/example_dags/plugins/listener_plugin.py for tasks to queue
[2026-04-09T19:23:42.588+0000] {logging_mixin.py:188} INFO - [2026-04-09T19:23:42.587+0000] {dagbag.py:538} INFO - Filling up the DagBag from /home/airflow/.local/lib/python3.8/site-packages/airflow/example_dags/plugins/listener_plugin.py
[2026-04-09T19:23:42.593+0000] {processor.py:842} WARNING - No viable dags retrieved from /home/airflow/.local/lib/python3.8/site-packages/airflow/example_dags/plugins/listener_plugin.py
[2026-04-09T19:23:42.613+0000] {processor.py:183} INFO - Processing /home/airflow/.local/lib/python3.8/site-packages/airflow/example_dags/plugins/listener_plugin.py took 0.035 seconds
[2026-04-09T19:24:12.848+0000] {processor.py:161} INFO - Started process (PID=17784) to work on /home/airflow/.local/lib/python3.8/site-packages/airflow/example_dags/plugins/listener_plugin.py
[2026-04-09T19:24:12.850+0000] {processor.py:830} INFO - Processing file /home/airflow/.local/lib/python3.8/site-packages/airflow/example_dags/plugins/listener_plugin.py for tasks to queue
[2026-04-09T19:24:12.853+0000] {logging_mixin.py:188} INFO - [2026-04-09T19:24:12.853+0000] {dagbag.py:538} INFO - Filling up the DagBag from /home/airflow/.local/lib/python3.8/site-packages/airflow/example_dags/plugins/listener_plugin.py
[2026-04-09T19:24:12.858+0000] {processor.py:842} WARNING - No viable dags retrieved from /home/airflow/.local/lib/python3.8/site-packages/airflow/example_dags/plugins/listener_plugin.py
[2026-04-09T19:24:12.886+0000] {processor.py:183} INFO - Processing /home/airflow/.local/lib/python3.8/site-packages/airflow/example_dags/plugins/listener_plugin.py took 0.045 seconds
[2026-04-09T19:24:43.019+0000] {processor.py:161} INFO - Started process (PID=17841) to work on /home/airflow/.local/lib/python3.8/site-packages/airflow/example_dags/plugins/listener_plugin.py
[2026-04-09T19:24:43.021+0000] {processor.py:830} INFO - Processing file /home/airflow/.local/lib/python3.8/site-packages/airflow/example_dags/plugins/listener_plugin.py for tasks to queue
[2026-04-09T19:24:43.024+0000] {logging_mixin.py:188} INFO - [2026-04-09T19:24:43.024+0000] {dagbag.py:538} INFO - Filling up the DagBag from /home/airflow/.local/lib/python3.8/site-packages/airflow/example_dags/plugins/listener_plugin.py
[2026-04-09T19:24:43.028+0000] {processor.py:842} WARNING - No viable dags retrieved from /home/airflow/.local/lib/python3.8/site-packages/airflow/example_dags/plugins/listener_plugin.py
[2026-04-09T19:24:43.048+0000] {processor.py:183} INFO - Processing /home/airflow/.local/lib/python3.8/site-packages/airflow/example_dags/plugins/listener_plugin.py took 0.035 seconds
[2026-04-09T19:25:13.859+0000] {processor.py:161} INFO - Started process (PID=17898) to work on /home/airflow/.local/lib/python3.8/site-packages/airflow/example_dags/plugins/listener_plugin.py
[2026-04-09T19:25:13.861+0000] {processor.py:830} INFO - Processing file /home/airflow/.local/lib/python3.8/site-packages/airflow/example_dags/plugins/listener_plugin.py for tasks to queue
[2026-04-09T19:25:13.866+0000] {logging_mixin.py:188} INFO - [2026-04-09T19:25:13.865+0000] {dagbag.py:538} INFO - Filling up the DagBag from /home/airflow/.local/lib/python3.8/site-packages/airflow/example_dags/plugins/listener_plugin.py
[2026-04-09T19:25:13.873+0000] {processor.py:842} WARNING - No viable dags retrieved from /home/airflow/.local/lib/python3.8/site-packages/airflow/example_dags/plugins/listener_plugin.py
[2026-04-09T19:25:13.917+0000] {processor.py:183} INFO - Processing /home/airflow/.local/lib/python3.8/site-packages/airflow/example_dags/plugins/listener_plugin.py took 0.062 seconds
[2026-04-09T19:25:44.231+0000] {processor.py:161} INFO - Started process (PID=17955) to work on /home/airflow/.local/lib/python3.8/site-packages/airflow/example_dags/plugins/listener_plugin.py
[2026-04-09T19:25:44.232+0000] {processor.py:830} INFO - Processing file /home/airflow/.local/lib/python3.8/site-packages/airflow/example_dags/plugins/listener_plugin.py for tasks to queue
[2026-04-09T19:25:44.237+0000] {logging_mixin.py:188} INFO - [2026-04-09T19:25:44.236+0000] {dagbag.py:538} INFO - Filling up the DagBag from /home/airflow/.local/lib/python3.8/site-packages/airflow/example_dags/plugins/listener_plugin.py
[2026-04-09T19:25:44.242+0000] {processor.py:842} WARNING - No viable dags retrieved from /home/airflow/.local/lib/python3.8/site-packages/airflow/example_dags/plugins/listener_plugin.py
[2026-04-09T19:25:44.270+0000] {processor.py:183} INFO - Processing /home/airflow/.local/lib/python3.8/site-packages/airflow/example_dags/plugins/listener_plugin.py took 0.044 seconds
[2026-04-09T19:26:15.257+0000] {processor.py:161} INFO - Started process (PID=18012) to work on /home/airflow/.local/lib/python3.8/site-packages/airflow/example_dags/plugins/listener_plugin.py
[2026-04-09T19:26:15.259+0000] {processor.py:830} INFO - Processing file /home/airflow/.local/lib/python3.8/site-packages/airflow/example_dags/plugins/listener_plugin.py for tasks to queue
[2026-04-09T19:26:15.263+0000] {logging_mixin.py:188} INFO - [2026-04-09T19:26:15.263+0000] {dagbag.py:538} INFO - Filling up the DagBag from /home/airflow/.local/lib/python3.8/site-packages/airflow/example_dags/plugins/listener_plugin.py
[2026-04-09T19:26:15.274+0000] {processor.py:842} WARNING - No viable dags retrieved from /home/airflow/.local/lib/python3.8/site-packages/airflow/example_dags/plugins/listener_plugin.py
[2026-04-09T19:26:15.316+0000] {processor.py:183} INFO - Processing /home/airflow/.local/lib/python3.8/site-packages/airflow/example_dags/plugins/listener_plugin.py took 0.075 seconds
[2026-04-09T19:26:45.885+0000] {processor.py:161} INFO - Started process (PID=18069) to work on /home/airflow/.local/lib/python3.8/site-packages/airflow/example_dags/plugins/listener_plugin.py
[2026-04-09T19:26:45.889+0000] {processor.py:830} INFO - Processing file /home/airflow/.local/lib/python3.8/site-packages/airflow/example_dags/plugins/listener_plugin.py for tasks to queue
[2026-04-09T19:26:45.894+0000] {logging_mixin.py:188} INFO - [2026-04-09T19:26:45.893+0000] {dagbag.py:538} INFO - Filling up the DagBag from /home/airflow/.local/lib/python3.8/site-packages/airflow/example_dags/plugins/listener_plugin.py
[2026-04-09T19:26:45.901+0000] {processor.py:842} WARNING - No viable dags retrieved from /home/airflow/.local/lib/python3.8/site-packages/airflow/example_dags/plugins/listener_plugin.py
[2026-04-09T19:26:45.924+0000] {processor.py:183} INFO - Processing /home/airflow/.local/lib/python3.8/site-packages/airflow/example_dags/plugins/listener_plugin.py took 0.045 seconds
[2026-04-09T19:27:16.378+0000] {processor.py:161} INFO - Started process (PID=18126) to work on /home/airflow/.local/lib/python3.8/site-packages/airflow/example_dags/plugins/listener_plugin.py
[2026-04-09T19:27:16.382+0000] {processor.py:830} INFO - Processing file /home/airflow/.local/lib/python3.8/site-packages/airflow/example_dags/plugins/listener_plugin.py for tasks to queue
[2026-04-09T19:27:16.389+0000] {logging_mixin.py:188} INFO - [2026-04-09T19:27:16.388+0000] {dagbag.py:538} INFO - Filling up the DagBag from /home/airflow/.local/lib/python3.8/site-packages/airflow/example_dags/plugins/listener_plugin.py
[2026-04-09T19:27:16.394+0000] {processor.py:842} WARNING - No viable dags retrieved from /home/airflow/.local/lib/python3.8/site-packages/airflow/example_dags/plugins/listener_plugin.py
[2026-04-09T19:27:16.424+0000] {processor.py:183} INFO - Processing /home/airflow/.local/lib/python3.8/site-packages/airflow/example_dags/plugins/listener_plugin.py took 0.059 seconds
[2026-04-09T19:27:47.542+0000] {processor.py:161} INFO - Started process (PID=18183) to work on /home/airflow/.local/lib/python3.8/site-packages/airflow/example_dags/plugins/listener_plugin.py
[2026-04-09T19:27:47.546+0000] {processor.py:830} INFO - Processing file /home/airflow/.local/lib/python3.8/site-packages/airflow/example_dags/plugins/listener_plugin.py for tasks to queue
[2026-04-09T19:27:47.552+0000] {logging_mixin.py:188} INFO - [2026-04-09T19:27:47.551+0000] {dagbag.py:538} INFO - Filling up the DagBag from /home/airflow/.local/lib/python3.8/site-packages/airflow/example_dags/plugins/listener_plugin.py
[2026-04-09T19:27:47.562+0000] {processor.py:842} WARNING - No viable dags retrieved from /home/airflow/.local/lib/python3.8/site-packages/airflow/example_dags/plugins/listener_plugin.py
[2026-04-09T19:27:47.593+0000] {processor.py:183} INFO - Processing /home/airflow/.local/lib/python3.8/site-packages/airflow/example_dags/plugins/listener_plugin.py took 0.062 seconds
[2026-04-09T19:28:17.895+0000] {processor.py:161} INFO - Started process (PID=18239) to work on /home/airflow/.local/lib/python3.8/site-packages/airflow/example_dags/plugins/listener_plugin.py
[2026-04-09T19:28:17.898+0000] {processor.py:830} INFO - Processing file /home/airflow/.local/lib/python3.8/site-packages/airflow/example_dags/plugins/listener_plugin.py for tasks to queue
[2026-04-09T19:28:17.901+0000] {logging_mixin.py:188} INFO - [2026-04-09T19:28:17.900+0000] {dagbag.py:538} INFO - Filling up the DagBag from /home/airflow/.local/lib/python3.8/site-packages/airflow/example_dags/plugins/listener_plugin.py
[2026-04-09T19:28:17.905+0000] {processor.py:842} WARNING - No viable dags retrieved from /home/airflow/.local/lib/python3.8/site-packages/airflow/example_dags/plugins/listener_plugin.py
[2026-04-09T19:28:17.933+0000] {processor.py:183} INFO - Processing /home/airflow/.local/lib/python3.8/site-packages/airflow/example_dags/plugins/listener_plugin.py took 0.048 seconds
[2026-04-09T19:28:48.559+0000] {processor.py:161} INFO - Started process (PID=18297) to work on /home/airflow/.local/lib/python3.8/site-packages/airflow/example_dags/plugins/listener_plugin.py
[2026-04-09T19:28:48.562+0000] {processor.py:830} INFO - Processing file /home/airflow/.local/lib/python3.8/site-packages/airflow/example_dags/plugins/listener_plugin.py for tasks to queue
[2026-04-09T19:28:48.569+0000] {logging_mixin.py:188} INFO - [2026-04-09T19:28:48.568+0000] {dagbag.py:538} INFO - Filling up the DagBag from /home/airflow/.local/lib/python3.8/site-packages/airflow/example_dags/plugins/listener_plugin.py
[2026-04-09T19:28:48.581+0000] {processor.py:842} WARNING - No viable dags retrieved from /home/airflow/.local/lib/python3.8/site-packages/airflow/example_dags/plugins/listener_plugin.py
[2026-04-09T19:28:48.624+0000] {processor.py:183} INFO - Processing /home/airflow/.local/lib/python3.8/site-packages/airflow/example_dags/plugins/listener_plugin.py took 0.075 seconds
[2026-04-09T19:29:18.739+0000] {processor.py:161} INFO - Started process (PID=18353) to work on /home/airflow/.local/lib/python3.8/site-packages/airflow/example_dags/plugins/listener_plugin.py
[2026-04-09T19:29:18.741+0000] {processor.py:830} INFO - Processing file /home/airflow/.local/lib/python3.8/site-packages/airflow/example_dags/plugins/listener_plugin.py for tasks to queue
[2026-04-09T19:29:18.745+0000] {logging_mixin.py:188} INFO - [2026-04-09T19:29:18.744+0000] {dagbag.py:538} INFO - Filling up the DagBag from /home/airflow/.local/lib/python3.8/site-packages/airflow/example_dags/plugins/listener_plugin.py
[2026-04-09T19:29:18.750+0000] {processor.py:842} WARNING - No viable dags retrieved from /home/airflow/.local/lib/python3.8/site-packages/airflow/example_dags/plugins/listener_plugin.py
[2026-04-09T19:29:18.774+0000] {processor.py:183} INFO - Processing /home/airflow/.local/lib/python3.8/site-packages/airflow/example_dags/plugins/listener_plugin.py took 0.042 seconds
[2026-04-09T19:29:49.473+0000] {processor.py:161} INFO - Started process (PID=18412) to work on /home/airflow/.local/lib/python3.8/site-packages/airflow/example_dags/plugins/listener_plugin.py
[2026-04-09T19:29:49.476+0000] {processor.py:830} INFO - Processing file /home/airflow/.local/lib/python3.8/site-packages/airflow/example_dags/plugins/listener_plugin.py for tasks to queue
[2026-04-09T19:29:49.479+0000] {logging_mixin.py:188} INFO - [2026-04-09T19:29:49.479+0000] {dagbag.py:538} INFO - Filling up the DagBag from /home/airflow/.local/lib/python3.8/site-packages/airflow/example_dags/plugins/listener_plugin.py
[2026-04-09T19:29:49.485+0000] {processor.py:842} WARNING - No viable dags retrieved from /home/airflow/.local/lib/python3.8/site-packages/airflow/example_dags/plugins/listener_plugin.py
[2026-04-09T19:29:49.523+0000] {processor.py:183} INFO - Processing /home/airflow/.local/lib/python3.8/site-packages/airflow/example_dags/plugins/listener_plugin.py took 0.059 seconds
[2026-04-09T19:30:19.781+0000] {processor.py:161} INFO - Started process (PID=18468) to work on /home/airflow/.local/lib/python3.8/site-packages/airflow/example_dags/plugins/listener_plugin.py
[2026-04-09T19:30:19.783+0000] {processor.py:830} INFO - Processing file /home/airflow/.local/lib/python3.8/site-packages/airflow/example_dags/plugins/listener_plugin.py for tasks to queue
[2026-04-09T19:30:19.787+0000] {logging_mixin.py:188} INFO - [2026-04-09T19:30:19.786+0000] {dagbag.py:538} INFO - Filling up the DagBag from /home/airflow/.local/lib/python3.8/site-packages/airflow/example_dags/plugins/listener_plugin.py
[2026-04-09T19:30:19.792+0000] {processor.py:842} WARNING - No viable dags retrieved from /home/airflow/.local/lib/python3.8/site-packages/airflow/example_dags/plugins/listener_plugin.py
[2026-04-09T19:30:19.816+0000] {processor.py:183} INFO - Processing /home/airflow/.local/lib/python3.8/site-packages/airflow/example_dags/plugins/listener_plugin.py took 0.042 seconds
[2026-04-09T19:30:50.518+0000] {processor.py:161} INFO - Started process (PID=18526) to work on /home/airflow/.local/lib/python3.8/site-packages/airflow/example_dags/plugins/listener_plugin.py
[2026-04-09T19:30:50.520+0000] {processor.py:830} INFO - Processing file /home/airflow/.local/lib/python3.8/site-packages/airflow/example_dags/plugins/listener_plugin.py for tasks to queue
[2026-04-09T19:30:50.524+0000] {logging_mixin.py:188} INFO - [2026-04-09T19:30:50.524+0000] {dagbag.py:538} INFO - Filling up the DagBag from /home/airflow/.local/lib/python3.8/site-packages/airflow/example_dags/plugins/listener_plugin.py
[2026-04-09T19:30:50.538+0000] {processor.py:842} WARNING - No viable dags retrieved from /home/airflow/.local/lib/python3.8/site-packages/airflow/example_dags/plugins/listener_plugin.py
[2026-04-09T19:30:50.572+0000] {processor.py:183} INFO - Processing /home/airflow/.local/lib/python3.8/site-packages/airflow/example_dags/plugins/listener_plugin.py took 0.066 seconds
[2026-04-09T19:31:21.538+0000] {processor.py:161} INFO - Started process (PID=18583) to work on /home/airflow/.local/lib/python3.8/site-packages/airflow/example_dags/plugins/listener_plugin.py
[2026-04-09T19:31:21.541+0000] {processor.py:830} INFO - Processing file /home/airflow/.local/lib/python3.8/site-packages/airflow/example_dags/plugins/listener_plugin.py for tasks to queue
[2026-04-09T19:31:21.547+0000] {logging_mixin.py:188} INFO - [2026-04-09T19:31:21.546+0000] {dagbag.py:538} INFO - Filling up the DagBag from /home/airflow/.local/lib/python3.8/site-packages/airflow/example_dags/plugins/listener_plugin.py
[2026-04-09T19:31:21.555+0000] {processor.py:842} WARNING - No viable dags retrieved from /home/airflow/.local/lib/python3.8/site-packages/airflow/example_dags/plugins/listener_plugin.py
[2026-04-09T19:31:21.597+0000] {processor.py:183} INFO - Processing /home/airflow/.local/lib/python3.8/site-packages/airflow/example_dags/plugins/listener_plugin.py took 0.069 seconds
[2026-04-09T19:31:52.023+0000] {processor.py:161} INFO - Started process (PID=18641) to work on /home/airflow/.local/lib/python3.8/site-packages/airflow/example_dags/plugins/listener_plugin.py
[2026-04-09T19:31:52.025+0000] {processor.py:830} INFO - Processing file /home/airflow/.local/lib/python3.8/site-packages/airflow/example_dags/plugins/listener_plugin.py for tasks to queue
[2026-04-09T19:31:52.029+0000] {logging_mixin.py:188} INFO - [2026-04-09T19:31:52.028+0000] {dagbag.py:538} INFO - Filling up the DagBag from /home/airflow/.local/lib/python3.8/site-packages/airflow/example_dags/plugins/listener_plugin.py
[2026-04-09T19:31:52.033+0000] {processor.py:842} WARNING - No viable dags retrieved from /home/airflow/.local/lib/python3.8/site-packages/airflow/example_dags/plugins/listener_plugin.py
[2026-04-09T19:31:52.060+0000] {processor.py:183} INFO - Processing /home/airflow/.local/lib/python3.8/site-packages/airflow/example_dags/plugins/listener_plugin.py took 0.041 seconds
[2026-04-09T19:32:22.814+0000] {processor.py:161} INFO - Started process (PID=18698) to work on /home/airflow/.local/lib/python3.8/site-packages/airflow/example_dags/plugins/listener_plugin.py
[2026-04-09T19:32:22.817+0000] {processor.py:830} INFO - Processing file /home/airflow/.local/lib/python3.8/site-packages/airflow/example_dags/plugins/listener_plugin.py for tasks to queue
[2026-04-09T19:32:22.821+0000] {logging_mixin.py:188} INFO - [2026-04-09T19:32:22.821+0000] {dagbag.py:538} INFO - Filling up the DagBag from /home/airflow/.local/lib/python3.8/site-packages/airflow/example_dags/plugins/listener_plugin.py
[2026-04-09T19:32:22.827+0000] {processor.py:842} WARNING - No viable dags retrieved from /home/airflow/.local/lib/python3.8/site-packages/airflow/example_dags/plugins/listener_plugin.py
[2026-04-09T19:32:22.854+0000] {processor.py:183} INFO - Processing /home/airflow/.local/lib/python3.8/site-packages/airflow/example_dags/plugins/listener_plugin.py took 0.045 seconds
[2026-04-09T19:32:53.888+0000] {processor.py:161} INFO - Started process (PID=18755) to work on /home/airflow/.local/lib/python3.8/site-packages/airflow/example_dags/plugins/listener_plugin.py
[2026-04-09T19:32:53.890+0000] {processor.py:830} INFO - Processing file /home/airflow/.local/lib/python3.8/site-packages/airflow/example_dags/plugins/listener_plugin.py for tasks to queue
[2026-04-09T19:32:53.894+0000] {logging_mixin.py:188} INFO - [2026-04-09T19:32:53.893+0000] {dagbag.py:538} INFO - Filling up the DagBag from /home/airflow/.local/lib/python3.8/site-packages/airflow/example_dags/plugins/listener_plugin.py
[2026-04-09T19:32:53.900+0000] {processor.py:842} WARNING - No viable dags retrieved from /home/airflow/.local/lib/python3.8/site-packages/airflow/example_dags/plugins/listener_plugin.py
[2026-04-09T19:32:53.932+0000] {processor.py:183} INFO - Processing /home/airflow/.local/lib/python3.8/site-packages/airflow/example_dags/plugins/listener_plugin.py took 0.050 seconds
[2026-04-09T19:33:24.242+0000] {processor.py:161} INFO - Started process (PID=18812) to work on /home/airflow/.local/lib/python3.8/site-packages/airflow/example_dags/plugins/listener_plugin.py
[2026-04-09T19:33:24.246+0000] {processor.py:830} INFO - Processing file /home/airflow/.local/lib/python3.8/site-packages/airflow/example_dags/plugins/listener_plugin.py for tasks to queue
[2026-04-09T19:33:24.255+0000] {logging_mixin.py:188} INFO - [2026-04-09T19:33:24.254+0000] {dagbag.py:538} INFO - Filling up the DagBag from /home/airflow/.local/lib/python3.8/site-packages/airflow/example_dags/plugins/listener_plugin.py
[2026-04-09T19:33:24.268+0000] {processor.py:842} WARNING - No viable dags retrieved from /home/airflow/.local/lib/python3.8/site-packages/airflow/example_dags/plugins/listener_plugin.py
[2026-04-09T19:33:24.318+0000] {processor.py:183} INFO - Processing /home/airflow/.local/lib/python3.8/site-packages/airflow/example_dags/plugins/listener_plugin.py took 0.088 seconds
[2026-04-09T19:33:55.117+0000] {processor.py:161} INFO - Started process (PID=18869) to work on /home/airflow/.local/lib/python3.8/site-packages/airflow/example_dags/plugins/listener_plugin.py
[2026-04-09T19:33:55.119+0000] {processor.py:830} INFO - Processing file /home/airflow/.local/lib/python3.8/site-packages/airflow/example_dags/plugins/listener_plugin.py for tasks to queue
[2026-04-09T19:33:55.121+0000] {logging_mixin.py:188} INFO - [2026-04-09T19:33:55.121+0000] {dagbag.py:538} INFO - Filling up the DagBag from /home/airflow/.local/lib/python3.8/site-packages/airflow/example_dags/plugins/listener_plugin.py
[2026-04-09T19:33:55.125+0000] {processor.py:842} WARNING - No viable dags retrieved from /home/airflow/.local/lib/python3.8/site-packages/airflow/example_dags/plugins/listener_plugin.py
[2026-04-09T19:33:55.145+0000] {processor.py:183} INFO - Processing /home/airflow/.local/lib/python3.8/site-packages/airflow/example_dags/plugins/listener_plugin.py took 0.031 seconds
[2026-04-09T19:34:25.421+0000] {processor.py:161} INFO - Started process (PID=18926) to work on /home/airflow/.local/lib/python3.8/site-packages/airflow/example_dags/plugins/listener_plugin.py
[2026-04-09T19:34:25.423+0000] {processor.py:830} INFO - Processing file /home/airflow/.local/lib/python3.8/site-packages/airflow/example_dags/plugins/listener_plugin.py for tasks to queue
[2026-04-09T19:34:25.427+0000] {logging_mixin.py:188} INFO - [2026-04-09T19:34:25.426+0000] {dagbag.py:538} INFO - Filling up the DagBag from /home/airflow/.local/lib/python3.8/site-packages/airflow/example_dags/plugins/listener_plugin.py
[2026-04-09T19:34:25.434+0000] {processor.py:842} WARNING - No viable dags retrieved from /home/airflow/.local/lib/python3.8/site-packages/airflow/example_dags/plugins/listener_plugin.py
[2026-04-09T19:34:25.464+0000] {processor.py:183} INFO - Processing /home/airflow/.local/lib/python3.8/site-packages/airflow/example_dags/plugins/listener_plugin.py took 0.052 seconds
[2026-04-09T19:34:56.083+0000] {processor.py:161} INFO - Started process (PID=18983) to work on /home/airflow/.local/lib/python3.8/site-packages/airflow/example_dags/plugins/listener_plugin.py
[2026-04-09T19:34:56.085+0000] {processor.py:830} INFO - Processing file /home/airflow/.local/lib/python3.8/site-packages/airflow/example_dags/plugins/listener_plugin.py for tasks to queue
[2026-04-09T19:34:56.088+0000] {logging_mixin.py:188} INFO - [2026-04-09T19:34:56.087+0000] {dagbag.py:538} INFO - Filling up the DagBag from /home/airflow/.local/lib/python3.8/site-packages/airflow/example_dags/plugins/listener_plugin.py
[2026-04-09T19:34:56.092+0000] {processor.py:842} WARNING - No viable dags retrieved from /home/airflow/.local/lib/python3.8/site-packages/airflow/example_dags/plugins/listener_plugin.py
[2026-04-09T19:34:56.121+0000] {processor.py:183} INFO - Processing /home/airflow/.local/lib/python3.8/site-packages/airflow/example_dags/plugins/listener_plugin.py took 0.048 seconds
[2026-04-09T19:35:26.621+0000] {processor.py:161} INFO - Started process (PID=19039) to work on /home/airflow/.local/lib/python3.8/site-packages/airflow/example_dags/plugins/listener_plugin.py
[2026-04-09T19:35:26.624+0000] {processor.py:830} INFO - Processing file /home/airflow/.local/lib/python3.8/site-packages/airflow/example_dags/plugins/listener_plugin.py for tasks to queue
[2026-04-09T19:35:26.629+0000] {logging_mixin.py:188} INFO - [2026-04-09T19:35:26.628+0000] {dagbag.py:538} INFO - Filling up the DagBag from /home/airflow/.local/lib/python3.8/site-packages/airflow/example_dags/plugins/listener_plugin.py
[2026-04-09T19:35:26.636+0000] {processor.py:842} WARNING - No viable dags retrieved from /home/airflow/.local/lib/python3.8/site-packages/airflow/example_dags/plugins/listener_plugin.py
[2026-04-09T19:35:26.666+0000] {processor.py:183} INFO - Processing /home/airflow/.local/lib/python3.8/site-packages/airflow/example_dags/plugins/listener_plugin.py took 0.051 seconds
[2026-04-09T19:35:56.912+0000] {processor.py:161} INFO - Started process (PID=19096) to work on /home/airflow/.local/lib/python3.8/site-packages/airflow/example_dags/plugins/listener_plugin.py
[2026-04-09T19:35:56.914+0000] {processor.py:830} INFO - Processing file /home/airflow/.local/lib/python3.8/site-packages/airflow/example_dags/plugins/listener_plugin.py for tasks to queue
[2026-04-09T19:35:56.918+0000] {logging_mixin.py:188} INFO - [2026-04-09T19:35:56.918+0000] {dagbag.py:538} INFO - Filling up the DagBag from /home/airflow/.local/lib/python3.8/site-packages/airflow/example_dags/plugins/listener_plugin.py
[2026-04-09T19:35:56.924+0000] {processor.py:842} WARNING - No viable dags retrieved from /home/airflow/.local/lib/python3.8/site-packages/airflow/example_dags/plugins/listener_plugin.py
[2026-04-09T19:35:56.951+0000] {processor.py:183} INFO - Processing /home/airflow/.local/lib/python3.8/site-packages/airflow/example_dags/plugins/listener_plugin.py took 0.044 seconds
[2026-04-09T19:36:27.136+0000] {processor.py:161} INFO - Started process (PID=19153) to work on /home/airflow/.local/lib/python3.8/site-packages/airflow/example_dags/plugins/listener_plugin.py
[2026-04-09T19:36:27.138+0000] {processor.py:830} INFO - Processing file /home/airflow/.local/lib/python3.8/site-packages/airflow/example_dags/plugins/listener_plugin.py for tasks to queue
[2026-04-09T19:36:27.141+0000] {logging_mixin.py:188} INFO - [2026-04-09T19:36:27.140+0000] {dagbag.py:538} INFO - Filling up the DagBag from /home/airflow/.local/lib/python3.8/site-packages/airflow/example_dags/plugins/listener_plugin.py
[2026-04-09T19:36:27.148+0000] {processor.py:842} WARNING - No viable dags retrieved from /home/airflow/.local/lib/python3.8/site-packages/airflow/example_dags/plugins/listener_plugin.py
[2026-04-09T19:36:27.181+0000] {processor.py:183} INFO - Processing /home/airflow/.local/lib/python3.8/site-packages/airflow/example_dags/plugins/listener_plugin.py took 0.050 seconds
[2026-04-09T19:36:58.047+0000] {processor.py:161} INFO - Started process (PID=19211) to work on /home/airflow/.local/lib/python3.8/site-packages/airflow/example_dags/plugins/listener_plugin.py
[2026-04-09T19:36:58.050+0000] {processor.py:830} INFO - Processing file /home/airflow/.local/lib/python3.8/site-packages/airflow/example_dags/plugins/listener_plugin.py for tasks to queue
[2026-04-09T19:36:58.056+0000] {logging_mixin.py:188} INFO - [2026-04-09T19:36:58.055+0000] {dagbag.py:538} INFO - Filling up the DagBag from /home/airflow/.local/lib/python3.8/site-packages/airflow/example_dags/plugins/listener_plugin.py
[2026-04-09T19:36:58.063+0000] {processor.py:842} WARNING - No viable dags retrieved from /home/airflow/.local/lib/python3.8/site-packages/airflow/example_dags/plugins/listener_plugin.py
[2026-04-09T19:36:58.119+0000] {processor.py:183} INFO - Processing /home/airflow/.local/lib/python3.8/site-packages/airflow/example_dags/plugins/listener_plugin.py took 0.077 seconds
[2026-04-09T19:37:28.538+0000] {processor.py:161} INFO - Started process (PID=19268) to work on /home/airflow/.local/lib/python3.8/site-packages/airflow/example_dags/plugins/listener_plugin.py
[2026-04-09T19:37:28.541+0000] {processor.py:830} INFO - Processing file /home/airflow/.local/lib/python3.8/site-packages/airflow/example_dags/plugins/listener_plugin.py for tasks to queue
[2026-04-09T19:37:28.547+0000] {logging_mixin.py:188} INFO - [2026-04-09T19:37:28.546+0000] {dagbag.py:538} INFO - Filling up the DagBag from /home/airflow/.local/lib/python3.8/site-packages/airflow/example_dags/plugins/listener_plugin.py
[2026-04-09T19:37:28.555+0000] {processor.py:842} WARNING - No viable dags retrieved from /home/airflow/.local/lib/python3.8/site-packages/airflow/example_dags/plugins/listener_plugin.py
[2026-04-09T19:37:28.583+0000] {processor.py:183} INFO - Processing /home/airflow/.local/lib/python3.8/site-packages/airflow/example_dags/plugins/listener_plugin.py took 0.051 seconds
[2026-04-09T19:37:58.740+0000] {processor.py:161} INFO - Started process (PID=19326) to work on /home/airflow/.local/lib/python3.8/site-packages/airflow/example_dags/plugins/listener_plugin.py
[2026-04-09T19:37:58.741+0000] {processor.py:830} INFO - Processing file /home/airflow/.local/lib/python3.8/site-packages/airflow/example_dags/plugins/listener_plugin.py for tasks to queue
[2026-04-09T19:37:58.744+0000] {logging_mixin.py:188} INFO - [2026-04-09T19:37:58.744+0000] {dagbag.py:538} INFO - Filling up the DagBag from /home/airflow/.local/lib/python3.8/site-packages/airflow/example_dags/plugins/listener_plugin.py
[2026-04-09T19:37:58.749+0000] {processor.py:842} WARNING - No viable dags retrieved from /home/airflow/.local/lib/python3.8/site-packages/airflow/example_dags/plugins/listener_plugin.py
[2026-04-09T19:37:58.770+0000] {processor.py:183} INFO - Processing /home/airflow/.local/lib/python3.8/site-packages/airflow/example_dags/plugins/listener_plugin.py took 0.035 seconds
[2026-04-09T19:38:57.011+0000] {processor.py:161} INFO - Started process (PID=19389) to work on /home/airflow/.local/lib/python3.8/site-packages/airflow/example_dags/plugins/listener_plugin.py
[2026-04-09T19:38:57.013+0000] {processor.py:830} INFO - Processing file /home/airflow/.local/lib/python3.8/site-packages/airflow/example_dags/plugins/listener_plugin.py for tasks to queue
[2026-04-09T19:38:57.015+0000] {logging_mixin.py:188} INFO - [2026-04-09T19:38:57.015+0000] {dagbag.py:538} INFO - Filling up the DagBag from /home/airflow/.local/lib/python3.8/site-packages/airflow/example_dags/plugins/listener_plugin.py
[2026-04-09T19:38:57.019+0000] {processor.py:842} WARNING - No viable dags retrieved from /home/airflow/.local/lib/python3.8/site-packages/airflow/example_dags/plugins/listener_plugin.py
[2026-04-09T19:38:57.045+0000] {processor.py:183} INFO - Processing /home/airflow/.local/lib/python3.8/site-packages/airflow/example_dags/plugins/listener_plugin.py took 0.040 seconds
