[2026-04-18T20:08:03.593+0000] {processor.py:161} INFO - Started process (PID=93) to work on /home/airflow/.local/lib/python3.8/site-packages/airflow/example_dags/example_params_ui_tutorial.py
[2026-04-18T20:08:03.602+0000] {processor.py:830} INFO - Processing file /home/airflow/.local/lib/python3.8/site-packages/airflow/example_dags/example_params_ui_tutorial.py for tasks to queue
[2026-04-18T20:08:03.612+0000] {logging_mixin.py:188} INFO - [2026-04-18T20:08:03.612+0000] {dagbag.py:538} INFO - Filling up the DagBag from /home/airflow/.local/lib/python3.8/site-packages/airflow/example_dags/example_params_ui_tutorial.py
[2026-04-18T20:08:03.706+0000] {processor.py:840} INFO - DAG(s) 'example_params_ui_tutorial' retrieved from /home/airflow/.local/lib/python3.8/site-packages/airflow/example_dags/example_params_ui_tutorial.py
[2026-04-18T20:08:04.358+0000] {logging_mixin.py:188} INFO - [2026-04-18T20:08:04.358+0000] {dag.py:3036} INFO - Sync 1 DAGs
[2026-04-18T20:08:04.439+0000] {logging_mixin.py:188} INFO - [2026-04-18T20:08:04.439+0000] {dag.py:3823} INFO - Setting next_dagrun for example_params_ui_tutorial to None, run_after=None
[2026-04-18T20:08:04.561+0000] {processor.py:183} INFO - Processing /home/airflow/.local/lib/python3.8/site-packages/airflow/example_dags/example_params_ui_tutorial.py took 0.977 seconds
[2026-04-18T20:08:35.488+0000] {processor.py:161} INFO - Started process (PID=150) to work on /home/airflow/.local/lib/python3.8/site-packages/airflow/example_dags/example_params_ui_tutorial.py
[2026-04-18T20:08:35.490+0000] {processor.py:830} INFO - Processing file /home/airflow/.local/lib/python3.8/site-packages/airflow/example_dags/example_params_ui_tutorial.py for tasks to queue
[2026-04-18T20:08:35.497+0000] {logging_mixin.py:188} INFO - [2026-04-18T20:08:35.496+0000] {dagbag.py:538} INFO - Filling up the DagBag from /home/airflow/.local/lib/python3.8/site-packages/airflow/example_dags/example_params_ui_tutorial.py
[2026-04-18T20:08:35.518+0000] {processor.py:840} INFO - DAG(s) 'example_params_ui_tutorial' retrieved from /home/airflow/.local/lib/python3.8/site-packages/airflow/example_dags/example_params_ui_tutorial.py
[2026-04-18T20:08:35.636+0000] {logging_mixin.py:188} INFO - [2026-04-18T20:08:35.636+0000] {dag.py:3036} INFO - Sync 1 DAGs
[2026-04-18T20:08:35.666+0000] {logging_mixin.py:188} INFO - [2026-04-18T20:08:35.665+0000] {dag.py:3823} INFO - Setting next_dagrun for example_params_ui_tutorial to None, run_after=None
[2026-04-18T20:08:36.160+0000] {processor.py:183} INFO - Processing /home/airflow/.local/lib/python3.8/site-packages/airflow/example_dags/example_params_ui_tutorial.py took 0.678 seconds
[2026-04-18T20:09:06.266+0000] {processor.py:161} INFO - Started process (PID=207) to work on /home/airflow/.local/lib/python3.8/site-packages/airflow/example_dags/example_params_ui_tutorial.py
[2026-04-18T20:09:06.268+0000] {processor.py:830} INFO - Processing file /home/airflow/.local/lib/python3.8/site-packages/airflow/example_dags/example_params_ui_tutorial.py for tasks to queue
[2026-04-18T20:09:06.271+0000] {logging_mixin.py:188} INFO - [2026-04-18T20:09:06.270+0000] {dagbag.py:538} INFO - Filling up the DagBag from /home/airflow/.local/lib/python3.8/site-packages/airflow/example_dags/example_params_ui_tutorial.py
[2026-04-18T20:09:06.294+0000] {processor.py:840} INFO - DAG(s) 'example_params_ui_tutorial' retrieved from /home/airflow/.local/lib/python3.8/site-packages/airflow/example_dags/example_params_ui_tutorial.py
[2026-04-18T20:09:06.432+0000] {logging_mixin.py:188} INFO - [2026-04-18T20:09:06.430+0000] {dag.py:3036} INFO - Sync 1 DAGs
[2026-04-18T20:09:06.456+0000] {logging_mixin.py:188} INFO - [2026-04-18T20:09:06.455+0000] {dag.py:3823} INFO - Setting next_dagrun for example_params_ui_tutorial to None, run_after=None
[2026-04-18T20:09:06.495+0000] {processor.py:183} INFO - Processing /home/airflow/.local/lib/python3.8/site-packages/airflow/example_dags/example_params_ui_tutorial.py took 0.237 seconds
[2026-04-18T20:11:21.766+0000] {processor.py:161} INFO - Started process (PID=100) to work on /home/airflow/.local/lib/python3.8/site-packages/airflow/example_dags/example_params_ui_tutorial.py
[2026-04-18T20:11:21.770+0000] {processor.py:830} INFO - Processing file /home/airflow/.local/lib/python3.8/site-packages/airflow/example_dags/example_params_ui_tutorial.py for tasks to queue
[2026-04-18T20:11:21.774+0000] {logging_mixin.py:188} INFO - [2026-04-18T20:11:21.773+0000] {dagbag.py:538} INFO - Filling up the DagBag from /home/airflow/.local/lib/python3.8/site-packages/airflow/example_dags/example_params_ui_tutorial.py
[2026-04-18T20:11:21.827+0000] {processor.py:840} INFO - DAG(s) 'example_params_ui_tutorial' retrieved from /home/airflow/.local/lib/python3.8/site-packages/airflow/example_dags/example_params_ui_tutorial.py
[2026-04-18T20:11:22.337+0000] {logging_mixin.py:188} INFO - [2026-04-18T20:11:22.337+0000] {dag.py:3036} INFO - Sync 1 DAGs
[2026-04-18T20:11:22.375+0000] {logging_mixin.py:188} INFO - [2026-04-18T20:11:22.374+0000] {dag.py:3823} INFO - Setting next_dagrun for example_params_ui_tutorial to None, run_after=None
[2026-04-18T20:11:22.450+0000] {processor.py:183} INFO - Processing /home/airflow/.local/lib/python3.8/site-packages/airflow/example_dags/example_params_ui_tutorial.py took 0.694 seconds
[2026-04-18T20:12:11.626+0000] {processor.py:161} INFO - Started process (PID=91) to work on /home/airflow/.local/lib/python3.8/site-packages/airflow/example_dags/example_params_ui_tutorial.py
[2026-04-18T20:12:11.629+0000] {processor.py:830} INFO - Processing file /home/airflow/.local/lib/python3.8/site-packages/airflow/example_dags/example_params_ui_tutorial.py for tasks to queue
[2026-04-18T20:12:11.632+0000] {logging_mixin.py:188} INFO - [2026-04-18T20:12:11.632+0000] {dagbag.py:538} INFO - Filling up the DagBag from /home/airflow/.local/lib/python3.8/site-packages/airflow/example_dags/example_params_ui_tutorial.py
[2026-04-18T20:12:11.664+0000] {processor.py:840} INFO - DAG(s) 'example_params_ui_tutorial' retrieved from /home/airflow/.local/lib/python3.8/site-packages/airflow/example_dags/example_params_ui_tutorial.py
[2026-04-18T20:12:11.756+0000] {logging_mixin.py:188} INFO - [2026-04-18T20:12:11.755+0000] {dag.py:3036} INFO - Sync 1 DAGs
[2026-04-18T20:12:11.775+0000] {logging_mixin.py:188} INFO - [2026-04-18T20:12:11.775+0000] {dag.py:3823} INFO - Setting next_dagrun for example_params_ui_tutorial to None, run_after=None
[2026-04-18T20:12:11.833+0000] {processor.py:183} INFO - Processing /home/airflow/.local/lib/python3.8/site-packages/airflow/example_dags/example_params_ui_tutorial.py took 0.215 seconds
[2026-04-18T20:12:43.023+0000] {processor.py:161} INFO - Started process (PID=148) to work on /home/airflow/.local/lib/python3.8/site-packages/airflow/example_dags/example_params_ui_tutorial.py
[2026-04-18T20:12:43.027+0000] {processor.py:830} INFO - Processing file /home/airflow/.local/lib/python3.8/site-packages/airflow/example_dags/example_params_ui_tutorial.py for tasks to queue
[2026-04-18T20:12:43.036+0000] {logging_mixin.py:188} INFO - [2026-04-18T20:12:43.035+0000] {dagbag.py:538} INFO - Filling up the DagBag from /home/airflow/.local/lib/python3.8/site-packages/airflow/example_dags/example_params_ui_tutorial.py
[2026-04-18T20:12:43.058+0000] {processor.py:840} INFO - DAG(s) 'example_params_ui_tutorial' retrieved from /home/airflow/.local/lib/python3.8/site-packages/airflow/example_dags/example_params_ui_tutorial.py
[2026-04-18T20:12:43.162+0000] {logging_mixin.py:188} INFO - [2026-04-18T20:12:43.161+0000] {dag.py:3036} INFO - Sync 1 DAGs
[2026-04-18T20:12:43.185+0000] {logging_mixin.py:188} INFO - [2026-04-18T20:12:43.185+0000] {dag.py:3823} INFO - Setting next_dagrun for example_params_ui_tutorial to None, run_after=None
[2026-04-18T20:12:43.242+0000] {processor.py:183} INFO - Processing /home/airflow/.local/lib/python3.8/site-packages/airflow/example_dags/example_params_ui_tutorial.py took 0.227 seconds
[2026-04-18T20:13:13.603+0000] {processor.py:161} INFO - Started process (PID=205) to work on /home/airflow/.local/lib/python3.8/site-packages/airflow/example_dags/example_params_ui_tutorial.py
[2026-04-18T20:13:13.606+0000] {processor.py:830} INFO - Processing file /home/airflow/.local/lib/python3.8/site-packages/airflow/example_dags/example_params_ui_tutorial.py for tasks to queue
[2026-04-18T20:13:13.611+0000] {logging_mixin.py:188} INFO - [2026-04-18T20:13:13.610+0000] {dagbag.py:538} INFO - Filling up the DagBag from /home/airflow/.local/lib/python3.8/site-packages/airflow/example_dags/example_params_ui_tutorial.py
[2026-04-18T20:13:13.632+0000] {processor.py:840} INFO - DAG(s) 'example_params_ui_tutorial' retrieved from /home/airflow/.local/lib/python3.8/site-packages/airflow/example_dags/example_params_ui_tutorial.py
[2026-04-18T20:13:13.701+0000] {logging_mixin.py:188} INFO - [2026-04-18T20:13:13.700+0000] {dag.py:3036} INFO - Sync 1 DAGs
[2026-04-18T20:13:13.720+0000] {logging_mixin.py:188} INFO - [2026-04-18T20:13:13.719+0000] {dag.py:3823} INFO - Setting next_dagrun for example_params_ui_tutorial to None, run_after=None
[2026-04-18T20:13:13.758+0000] {processor.py:183} INFO - Processing /home/airflow/.local/lib/python3.8/site-packages/airflow/example_dags/example_params_ui_tutorial.py took 0.160 seconds
[2026-04-18T20:13:44.026+0000] {processor.py:161} INFO - Started process (PID=262) to work on /home/airflow/.local/lib/python3.8/site-packages/airflow/example_dags/example_params_ui_tutorial.py
[2026-04-18T20:13:44.029+0000] {processor.py:830} INFO - Processing file /home/airflow/.local/lib/python3.8/site-packages/airflow/example_dags/example_params_ui_tutorial.py for tasks to queue
[2026-04-18T20:13:44.034+0000] {logging_mixin.py:188} INFO - [2026-04-18T20:13:44.033+0000] {dagbag.py:538} INFO - Filling up the DagBag from /home/airflow/.local/lib/python3.8/site-packages/airflow/example_dags/example_params_ui_tutorial.py
[2026-04-18T20:13:44.061+0000] {processor.py:840} INFO - DAG(s) 'example_params_ui_tutorial' retrieved from /home/airflow/.local/lib/python3.8/site-packages/airflow/example_dags/example_params_ui_tutorial.py
[2026-04-18T20:13:44.168+0000] {logging_mixin.py:188} INFO - [2026-04-18T20:13:44.168+0000] {dag.py:3036} INFO - Sync 1 DAGs
[2026-04-18T20:13:44.194+0000] {logging_mixin.py:188} INFO - [2026-04-18T20:13:44.193+0000] {dag.py:3823} INFO - Setting next_dagrun for example_params_ui_tutorial to None, run_after=None
[2026-04-18T20:13:44.245+0000] {processor.py:183} INFO - Processing /home/airflow/.local/lib/python3.8/site-packages/airflow/example_dags/example_params_ui_tutorial.py took 0.224 seconds
[2026-04-18T20:14:14.666+0000] {processor.py:161} INFO - Started process (PID=319) to work on /home/airflow/.local/lib/python3.8/site-packages/airflow/example_dags/example_params_ui_tutorial.py
[2026-04-18T20:14:14.672+0000] {processor.py:830} INFO - Processing file /home/airflow/.local/lib/python3.8/site-packages/airflow/example_dags/example_params_ui_tutorial.py for tasks to queue
[2026-04-18T20:14:14.681+0000] {logging_mixin.py:188} INFO - [2026-04-18T20:14:14.679+0000] {dagbag.py:538} INFO - Filling up the DagBag from /home/airflow/.local/lib/python3.8/site-packages/airflow/example_dags/example_params_ui_tutorial.py
[2026-04-18T20:14:14.711+0000] {processor.py:840} INFO - DAG(s) 'example_params_ui_tutorial' retrieved from /home/airflow/.local/lib/python3.8/site-packages/airflow/example_dags/example_params_ui_tutorial.py
[2026-04-18T20:14:14.812+0000] {logging_mixin.py:188} INFO - [2026-04-18T20:14:14.811+0000] {dag.py:3036} INFO - Sync 1 DAGs
[2026-04-18T20:14:14.836+0000] {logging_mixin.py:188} INFO - [2026-04-18T20:14:14.835+0000] {dag.py:3823} INFO - Setting next_dagrun for example_params_ui_tutorial to None, run_after=None
[2026-04-18T20:14:14.869+0000] {processor.py:183} INFO - Processing /home/airflow/.local/lib/python3.8/site-packages/airflow/example_dags/example_params_ui_tutorial.py took 0.208 seconds
[2026-04-18T20:14:46.306+0000] {processor.py:161} INFO - Started process (PID=377) to work on /home/airflow/.local/lib/python3.8/site-packages/airflow/example_dags/example_params_ui_tutorial.py
[2026-04-18T20:14:46.310+0000] {processor.py:830} INFO - Processing file /home/airflow/.local/lib/python3.8/site-packages/airflow/example_dags/example_params_ui_tutorial.py for tasks to queue
[2026-04-18T20:14:46.315+0000] {logging_mixin.py:188} INFO - [2026-04-18T20:14:46.314+0000] {dagbag.py:538} INFO - Filling up the DagBag from /home/airflow/.local/lib/python3.8/site-packages/airflow/example_dags/example_params_ui_tutorial.py
[2026-04-18T20:14:46.367+0000] {processor.py:840} INFO - DAG(s) 'example_params_ui_tutorial' retrieved from /home/airflow/.local/lib/python3.8/site-packages/airflow/example_dags/example_params_ui_tutorial.py
[2026-04-18T20:14:46.573+0000] {logging_mixin.py:188} INFO - [2026-04-18T20:14:46.571+0000] {dag.py:3036} INFO - Sync 1 DAGs
[2026-04-18T20:14:46.606+0000] {logging_mixin.py:188} INFO - [2026-04-18T20:14:46.604+0000] {dag.py:3823} INFO - Setting next_dagrun for example_params_ui_tutorial to None, run_after=None
[2026-04-18T20:14:46.646+0000] {processor.py:183} INFO - Processing /home/airflow/.local/lib/python3.8/site-packages/airflow/example_dags/example_params_ui_tutorial.py took 0.359 seconds
[2026-04-18T20:15:17.241+0000] {processor.py:161} INFO - Started process (PID=434) to work on /home/airflow/.local/lib/python3.8/site-packages/airflow/example_dags/example_params_ui_tutorial.py
[2026-04-18T20:15:17.257+0000] {processor.py:830} INFO - Processing file /home/airflow/.local/lib/python3.8/site-packages/airflow/example_dags/example_params_ui_tutorial.py for tasks to queue
[2026-04-18T20:15:17.285+0000] {logging_mixin.py:188} INFO - [2026-04-18T20:15:17.284+0000] {dagbag.py:538} INFO - Filling up the DagBag from /home/airflow/.local/lib/python3.8/site-packages/airflow/example_dags/example_params_ui_tutorial.py
[2026-04-18T20:15:17.323+0000] {processor.py:840} INFO - DAG(s) 'example_params_ui_tutorial' retrieved from /home/airflow/.local/lib/python3.8/site-packages/airflow/example_dags/example_params_ui_tutorial.py
[2026-04-18T20:15:17.426+0000] {logging_mixin.py:188} INFO - [2026-04-18T20:15:17.426+0000] {dag.py:3036} INFO - Sync 1 DAGs
[2026-04-18T20:15:17.454+0000] {logging_mixin.py:188} INFO - [2026-04-18T20:15:17.454+0000] {dag.py:3823} INFO - Setting next_dagrun for example_params_ui_tutorial to None, run_after=None
[2026-04-18T20:15:17.498+0000] {processor.py:183} INFO - Processing /home/airflow/.local/lib/python3.8/site-packages/airflow/example_dags/example_params_ui_tutorial.py took 0.270 seconds
[2026-04-18T20:15:47.672+0000] {processor.py:161} INFO - Started process (PID=491) to work on /home/airflow/.local/lib/python3.8/site-packages/airflow/example_dags/example_params_ui_tutorial.py
[2026-04-18T20:15:47.675+0000] {processor.py:830} INFO - Processing file /home/airflow/.local/lib/python3.8/site-packages/airflow/example_dags/example_params_ui_tutorial.py for tasks to queue
[2026-04-18T20:15:47.679+0000] {logging_mixin.py:188} INFO - [2026-04-18T20:15:47.678+0000] {dagbag.py:538} INFO - Filling up the DagBag from /home/airflow/.local/lib/python3.8/site-packages/airflow/example_dags/example_params_ui_tutorial.py
[2026-04-18T20:15:47.693+0000] {processor.py:840} INFO - DAG(s) 'example_params_ui_tutorial' retrieved from /home/airflow/.local/lib/python3.8/site-packages/airflow/example_dags/example_params_ui_tutorial.py
[2026-04-18T20:15:47.805+0000] {logging_mixin.py:188} INFO - [2026-04-18T20:15:47.805+0000] {dag.py:3036} INFO - Sync 1 DAGs
[2026-04-18T20:15:47.827+0000] {logging_mixin.py:188} INFO - [2026-04-18T20:15:47.827+0000] {dag.py:3823} INFO - Setting next_dagrun for example_params_ui_tutorial to None, run_after=None
[2026-04-18T20:15:47.863+0000] {processor.py:183} INFO - Processing /home/airflow/.local/lib/python3.8/site-packages/airflow/example_dags/example_params_ui_tutorial.py took 0.200 seconds
[2026-04-18T20:16:18.808+0000] {processor.py:161} INFO - Started process (PID=548) to work on /home/airflow/.local/lib/python3.8/site-packages/airflow/example_dags/example_params_ui_tutorial.py
[2026-04-18T20:16:18.810+0000] {processor.py:830} INFO - Processing file /home/airflow/.local/lib/python3.8/site-packages/airflow/example_dags/example_params_ui_tutorial.py for tasks to queue
[2026-04-18T20:16:18.814+0000] {logging_mixin.py:188} INFO - [2026-04-18T20:16:18.814+0000] {dagbag.py:538} INFO - Filling up the DagBag from /home/airflow/.local/lib/python3.8/site-packages/airflow/example_dags/example_params_ui_tutorial.py
[2026-04-18T20:16:18.843+0000] {processor.py:840} INFO - DAG(s) 'example_params_ui_tutorial' retrieved from /home/airflow/.local/lib/python3.8/site-packages/airflow/example_dags/example_params_ui_tutorial.py
[2026-04-18T20:16:18.955+0000] {logging_mixin.py:188} INFO - [2026-04-18T20:16:18.955+0000] {dag.py:3036} INFO - Sync 1 DAGs
[2026-04-18T20:16:18.975+0000] {logging_mixin.py:188} INFO - [2026-04-18T20:16:18.974+0000] {dag.py:3823} INFO - Setting next_dagrun for example_params_ui_tutorial to None, run_after=None
[2026-04-18T20:16:19.035+0000] {processor.py:183} INFO - Processing /home/airflow/.local/lib/python3.8/site-packages/airflow/example_dags/example_params_ui_tutorial.py took 0.235 seconds
[2026-04-18T20:16:49.319+0000] {processor.py:161} INFO - Started process (PID=605) to work on /home/airflow/.local/lib/python3.8/site-packages/airflow/example_dags/example_params_ui_tutorial.py
[2026-04-18T20:16:49.322+0000] {processor.py:830} INFO - Processing file /home/airflow/.local/lib/python3.8/site-packages/airflow/example_dags/example_params_ui_tutorial.py for tasks to queue
[2026-04-18T20:16:49.325+0000] {logging_mixin.py:188} INFO - [2026-04-18T20:16:49.325+0000] {dagbag.py:538} INFO - Filling up the DagBag from /home/airflow/.local/lib/python3.8/site-packages/airflow/example_dags/example_params_ui_tutorial.py
[2026-04-18T20:16:49.343+0000] {processor.py:840} INFO - DAG(s) 'example_params_ui_tutorial' retrieved from /home/airflow/.local/lib/python3.8/site-packages/airflow/example_dags/example_params_ui_tutorial.py
[2026-04-18T20:16:49.452+0000] {logging_mixin.py:188} INFO - [2026-04-18T20:16:49.452+0000] {dag.py:3036} INFO - Sync 1 DAGs
[2026-04-18T20:16:49.487+0000] {logging_mixin.py:188} INFO - [2026-04-18T20:16:49.486+0000] {dag.py:3823} INFO - Setting next_dagrun for example_params_ui_tutorial to None, run_after=None
[2026-04-18T20:16:49.552+0000] {processor.py:183} INFO - Processing /home/airflow/.local/lib/python3.8/site-packages/airflow/example_dags/example_params_ui_tutorial.py took 0.236 seconds
[2026-04-18T20:17:20.004+0000] {processor.py:161} INFO - Started process (PID=663) to work on /home/airflow/.local/lib/python3.8/site-packages/airflow/example_dags/example_params_ui_tutorial.py
[2026-04-18T20:17:20.007+0000] {processor.py:830} INFO - Processing file /home/airflow/.local/lib/python3.8/site-packages/airflow/example_dags/example_params_ui_tutorial.py for tasks to queue
[2026-04-18T20:17:20.013+0000] {logging_mixin.py:188} INFO - [2026-04-18T20:17:20.012+0000] {dagbag.py:538} INFO - Filling up the DagBag from /home/airflow/.local/lib/python3.8/site-packages/airflow/example_dags/example_params_ui_tutorial.py
[2026-04-18T20:17:20.040+0000] {processor.py:840} INFO - DAG(s) 'example_params_ui_tutorial' retrieved from /home/airflow/.local/lib/python3.8/site-packages/airflow/example_dags/example_params_ui_tutorial.py
[2026-04-18T20:17:20.162+0000] {logging_mixin.py:188} INFO - [2026-04-18T20:17:20.162+0000] {dag.py:3036} INFO - Sync 1 DAGs
[2026-04-18T20:17:20.185+0000] {logging_mixin.py:188} INFO - [2026-04-18T20:17:20.184+0000] {dag.py:3823} INFO - Setting next_dagrun for example_params_ui_tutorial to None, run_after=None
[2026-04-18T20:17:20.235+0000] {processor.py:183} INFO - Processing /home/airflow/.local/lib/python3.8/site-packages/airflow/example_dags/example_params_ui_tutorial.py took 0.238 seconds
[2026-04-18T20:17:51.157+0000] {processor.py:161} INFO - Started process (PID=719) to work on /home/airflow/.local/lib/python3.8/site-packages/airflow/example_dags/example_params_ui_tutorial.py
[2026-04-18T20:17:51.159+0000] {processor.py:830} INFO - Processing file /home/airflow/.local/lib/python3.8/site-packages/airflow/example_dags/example_params_ui_tutorial.py for tasks to queue
[2026-04-18T20:17:51.163+0000] {logging_mixin.py:188} INFO - [2026-04-18T20:17:51.162+0000] {dagbag.py:538} INFO - Filling up the DagBag from /home/airflow/.local/lib/python3.8/site-packages/airflow/example_dags/example_params_ui_tutorial.py
[2026-04-18T20:17:51.180+0000] {processor.py:840} INFO - DAG(s) 'example_params_ui_tutorial' retrieved from /home/airflow/.local/lib/python3.8/site-packages/airflow/example_dags/example_params_ui_tutorial.py
[2026-04-18T20:17:51.272+0000] {logging_mixin.py:188} INFO - [2026-04-18T20:17:51.272+0000] {dag.py:3036} INFO - Sync 1 DAGs
[2026-04-18T20:17:51.295+0000] {logging_mixin.py:188} INFO - [2026-04-18T20:17:51.294+0000] {dag.py:3823} INFO - Setting next_dagrun for example_params_ui_tutorial to None, run_after=None
[2026-04-18T20:17:51.335+0000] {processor.py:183} INFO - Processing /home/airflow/.local/lib/python3.8/site-packages/airflow/example_dags/example_params_ui_tutorial.py took 0.185 seconds
[2026-04-18T20:18:22.737+0000] {processor.py:161} INFO - Started process (PID=776) to work on /home/airflow/.local/lib/python3.8/site-packages/airflow/example_dags/example_params_ui_tutorial.py
[2026-04-18T20:18:22.739+0000] {processor.py:830} INFO - Processing file /home/airflow/.local/lib/python3.8/site-packages/airflow/example_dags/example_params_ui_tutorial.py for tasks to queue
[2026-04-18T20:18:22.742+0000] {logging_mixin.py:188} INFO - [2026-04-18T20:18:22.742+0000] {dagbag.py:538} INFO - Filling up the DagBag from /home/airflow/.local/lib/python3.8/site-packages/airflow/example_dags/example_params_ui_tutorial.py
[2026-04-18T20:18:22.768+0000] {processor.py:840} INFO - DAG(s) 'example_params_ui_tutorial' retrieved from /home/airflow/.local/lib/python3.8/site-packages/airflow/example_dags/example_params_ui_tutorial.py
[2026-04-18T20:18:22.873+0000] {logging_mixin.py:188} INFO - [2026-04-18T20:18:22.873+0000] {dag.py:3036} INFO - Sync 1 DAGs
[2026-04-18T20:18:22.898+0000] {logging_mixin.py:188} INFO - [2026-04-18T20:18:22.897+0000] {dag.py:3823} INFO - Setting next_dagrun for example_params_ui_tutorial to None, run_after=None
[2026-04-18T20:18:22.940+0000] {processor.py:183} INFO - Processing /home/airflow/.local/lib/python3.8/site-packages/airflow/example_dags/example_params_ui_tutorial.py took 0.208 seconds
[2026-04-18T20:18:53.042+0000] {processor.py:161} INFO - Started process (PID=833) to work on /home/airflow/.local/lib/python3.8/site-packages/airflow/example_dags/example_params_ui_tutorial.py
[2026-04-18T20:18:53.044+0000] {processor.py:830} INFO - Processing file /home/airflow/.local/lib/python3.8/site-packages/airflow/example_dags/example_params_ui_tutorial.py for tasks to queue
[2026-04-18T20:18:53.046+0000] {logging_mixin.py:188} INFO - [2026-04-18T20:18:53.046+0000] {dagbag.py:538} INFO - Filling up the DagBag from /home/airflow/.local/lib/python3.8/site-packages/airflow/example_dags/example_params_ui_tutorial.py
[2026-04-18T20:18:53.068+0000] {processor.py:840} INFO - DAG(s) 'example_params_ui_tutorial' retrieved from /home/airflow/.local/lib/python3.8/site-packages/airflow/example_dags/example_params_ui_tutorial.py
[2026-04-18T20:18:53.171+0000] {logging_mixin.py:188} INFO - [2026-04-18T20:18:53.170+0000] {dag.py:3036} INFO - Sync 1 DAGs
[2026-04-18T20:18:53.203+0000] {logging_mixin.py:188} INFO - [2026-04-18T20:18:53.202+0000] {dag.py:3823} INFO - Setting next_dagrun for example_params_ui_tutorial to None, run_after=None
[2026-04-18T20:18:53.266+0000] {processor.py:183} INFO - Processing /home/airflow/.local/lib/python3.8/site-packages/airflow/example_dags/example_params_ui_tutorial.py took 0.229 seconds
[2026-04-18T20:19:23.773+0000] {processor.py:161} INFO - Started process (PID=890) to work on /home/airflow/.local/lib/python3.8/site-packages/airflow/example_dags/example_params_ui_tutorial.py
[2026-04-18T20:19:23.775+0000] {processor.py:830} INFO - Processing file /home/airflow/.local/lib/python3.8/site-packages/airflow/example_dags/example_params_ui_tutorial.py for tasks to queue
[2026-04-18T20:19:23.778+0000] {logging_mixin.py:188} INFO - [2026-04-18T20:19:23.777+0000] {dagbag.py:538} INFO - Filling up the DagBag from /home/airflow/.local/lib/python3.8/site-packages/airflow/example_dags/example_params_ui_tutorial.py
[2026-04-18T20:19:23.813+0000] {processor.py:840} INFO - DAG(s) 'example_params_ui_tutorial' retrieved from /home/airflow/.local/lib/python3.8/site-packages/airflow/example_dags/example_params_ui_tutorial.py
[2026-04-18T20:19:23.945+0000] {logging_mixin.py:188} INFO - [2026-04-18T20:19:23.945+0000] {dag.py:3036} INFO - Sync 1 DAGs
[2026-04-18T20:19:23.962+0000] {logging_mixin.py:188} INFO - [2026-04-18T20:19:23.961+0000] {dag.py:3823} INFO - Setting next_dagrun for example_params_ui_tutorial to None, run_after=None
[2026-04-18T20:19:23.998+0000] {processor.py:183} INFO - Processing /home/airflow/.local/lib/python3.8/site-packages/airflow/example_dags/example_params_ui_tutorial.py took 0.237 seconds
[2026-04-18T20:19:55.062+0000] {processor.py:161} INFO - Started process (PID=947) to work on /home/airflow/.local/lib/python3.8/site-packages/airflow/example_dags/example_params_ui_tutorial.py
[2026-04-18T20:19:55.065+0000] {processor.py:830} INFO - Processing file /home/airflow/.local/lib/python3.8/site-packages/airflow/example_dags/example_params_ui_tutorial.py for tasks to queue
[2026-04-18T20:19:55.070+0000] {logging_mixin.py:188} INFO - [2026-04-18T20:19:55.070+0000] {dagbag.py:538} INFO - Filling up the DagBag from /home/airflow/.local/lib/python3.8/site-packages/airflow/example_dags/example_params_ui_tutorial.py
[2026-04-18T20:19:55.098+0000] {processor.py:840} INFO - DAG(s) 'example_params_ui_tutorial' retrieved from /home/airflow/.local/lib/python3.8/site-packages/airflow/example_dags/example_params_ui_tutorial.py
[2026-04-18T20:19:55.296+0000] {logging_mixin.py:188} INFO - [2026-04-18T20:19:55.295+0000] {dag.py:3036} INFO - Sync 1 DAGs
[2026-04-18T20:19:55.340+0000] {logging_mixin.py:188} INFO - [2026-04-18T20:19:55.339+0000] {dag.py:3823} INFO - Setting next_dagrun for example_params_ui_tutorial to None, run_after=None
[2026-04-18T20:19:55.456+0000] {processor.py:183} INFO - Processing /home/airflow/.local/lib/python3.8/site-packages/airflow/example_dags/example_params_ui_tutorial.py took 0.402 seconds
[2026-04-18T20:20:25.575+0000] {processor.py:161} INFO - Started process (PID=1004) to work on /home/airflow/.local/lib/python3.8/site-packages/airflow/example_dags/example_params_ui_tutorial.py
[2026-04-18T20:20:25.577+0000] {processor.py:830} INFO - Processing file /home/airflow/.local/lib/python3.8/site-packages/airflow/example_dags/example_params_ui_tutorial.py for tasks to queue
[2026-04-18T20:20:25.580+0000] {logging_mixin.py:188} INFO - [2026-04-18T20:20:25.580+0000] {dagbag.py:538} INFO - Filling up the DagBag from /home/airflow/.local/lib/python3.8/site-packages/airflow/example_dags/example_params_ui_tutorial.py
[2026-04-18T20:20:25.600+0000] {processor.py:840} INFO - DAG(s) 'example_params_ui_tutorial' retrieved from /home/airflow/.local/lib/python3.8/site-packages/airflow/example_dags/example_params_ui_tutorial.py
[2026-04-18T20:20:25.712+0000] {logging_mixin.py:188} INFO - [2026-04-18T20:20:25.712+0000] {dag.py:3036} INFO - Sync 1 DAGs
[2026-04-18T20:20:25.747+0000] {logging_mixin.py:188} INFO - [2026-04-18T20:20:25.747+0000] {dag.py:3823} INFO - Setting next_dagrun for example_params_ui_tutorial to None, run_after=None
[2026-04-18T20:20:25.796+0000] {processor.py:183} INFO - Processing /home/airflow/.local/lib/python3.8/site-packages/airflow/example_dags/example_params_ui_tutorial.py took 0.227 seconds
[2026-04-18T20:20:56.143+0000] {processor.py:161} INFO - Started process (PID=1061) to work on /home/airflow/.local/lib/python3.8/site-packages/airflow/example_dags/example_params_ui_tutorial.py
[2026-04-18T20:20:56.153+0000] {processor.py:830} INFO - Processing file /home/airflow/.local/lib/python3.8/site-packages/airflow/example_dags/example_params_ui_tutorial.py for tasks to queue
[2026-04-18T20:20:56.158+0000] {logging_mixin.py:188} INFO - [2026-04-18T20:20:56.157+0000] {dagbag.py:538} INFO - Filling up the DagBag from /home/airflow/.local/lib/python3.8/site-packages/airflow/example_dags/example_params_ui_tutorial.py
[2026-04-18T20:20:56.201+0000] {processor.py:840} INFO - DAG(s) 'example_params_ui_tutorial' retrieved from /home/airflow/.local/lib/python3.8/site-packages/airflow/example_dags/example_params_ui_tutorial.py
[2026-04-18T20:20:56.387+0000] {logging_mixin.py:188} INFO - [2026-04-18T20:20:56.386+0000] {dag.py:3036} INFO - Sync 1 DAGs
[2026-04-18T20:20:56.435+0000] {logging_mixin.py:188} INFO - [2026-04-18T20:20:56.434+0000] {dag.py:3823} INFO - Setting next_dagrun for example_params_ui_tutorial to None, run_after=None
[2026-04-18T20:20:56.493+0000] {processor.py:183} INFO - Processing /home/airflow/.local/lib/python3.8/site-packages/airflow/example_dags/example_params_ui_tutorial.py took 0.358 seconds
[2026-04-18T20:21:27.702+0000] {processor.py:161} INFO - Started process (PID=1119) to work on /home/airflow/.local/lib/python3.8/site-packages/airflow/example_dags/example_params_ui_tutorial.py
[2026-04-18T20:21:27.706+0000] {processor.py:830} INFO - Processing file /home/airflow/.local/lib/python3.8/site-packages/airflow/example_dags/example_params_ui_tutorial.py for tasks to queue
[2026-04-18T20:21:27.710+0000] {logging_mixin.py:188} INFO - [2026-04-18T20:21:27.709+0000] {dagbag.py:538} INFO - Filling up the DagBag from /home/airflow/.local/lib/python3.8/site-packages/airflow/example_dags/example_params_ui_tutorial.py
[2026-04-18T20:21:27.743+0000] {processor.py:840} INFO - DAG(s) 'example_params_ui_tutorial' retrieved from /home/airflow/.local/lib/python3.8/site-packages/airflow/example_dags/example_params_ui_tutorial.py
[2026-04-18T20:21:27.886+0000] {logging_mixin.py:188} INFO - [2026-04-18T20:21:27.886+0000] {dag.py:3036} INFO - Sync 1 DAGs
[2026-04-18T20:21:27.911+0000] {logging_mixin.py:188} INFO - [2026-04-18T20:21:27.910+0000] {dag.py:3823} INFO - Setting next_dagrun for example_params_ui_tutorial to None, run_after=None
[2026-04-18T20:21:27.962+0000] {processor.py:183} INFO - Processing /home/airflow/.local/lib/python3.8/site-packages/airflow/example_dags/example_params_ui_tutorial.py took 0.271 seconds
[2026-04-18T20:21:58.248+0000] {processor.py:161} INFO - Started process (PID=1176) to work on /home/airflow/.local/lib/python3.8/site-packages/airflow/example_dags/example_params_ui_tutorial.py
[2026-04-18T20:21:58.251+0000] {processor.py:830} INFO - Processing file /home/airflow/.local/lib/python3.8/site-packages/airflow/example_dags/example_params_ui_tutorial.py for tasks to queue
[2026-04-18T20:21:58.255+0000] {logging_mixin.py:188} INFO - [2026-04-18T20:21:58.254+0000] {dagbag.py:538} INFO - Filling up the DagBag from /home/airflow/.local/lib/python3.8/site-packages/airflow/example_dags/example_params_ui_tutorial.py
[2026-04-18T20:21:58.276+0000] {processor.py:840} INFO - DAG(s) 'example_params_ui_tutorial' retrieved from /home/airflow/.local/lib/python3.8/site-packages/airflow/example_dags/example_params_ui_tutorial.py
[2026-04-18T20:21:58.392+0000] {logging_mixin.py:188} INFO - [2026-04-18T20:21:58.391+0000] {dag.py:3036} INFO - Sync 1 DAGs
[2026-04-18T20:21:58.418+0000] {logging_mixin.py:188} INFO - [2026-04-18T20:21:58.416+0000] {dag.py:3823} INFO - Setting next_dagrun for example_params_ui_tutorial to None, run_after=None
[2026-04-18T20:21:58.473+0000] {processor.py:183} INFO - Processing /home/airflow/.local/lib/python3.8/site-packages/airflow/example_dags/example_params_ui_tutorial.py took 0.232 seconds
[2026-04-18T20:22:28.873+0000] {processor.py:161} INFO - Started process (PID=1233) to work on /home/airflow/.local/lib/python3.8/site-packages/airflow/example_dags/example_params_ui_tutorial.py
[2026-04-18T20:22:28.875+0000] {processor.py:830} INFO - Processing file /home/airflow/.local/lib/python3.8/site-packages/airflow/example_dags/example_params_ui_tutorial.py for tasks to queue
[2026-04-18T20:22:28.878+0000] {logging_mixin.py:188} INFO - [2026-04-18T20:22:28.878+0000] {dagbag.py:538} INFO - Filling up the DagBag from /home/airflow/.local/lib/python3.8/site-packages/airflow/example_dags/example_params_ui_tutorial.py
[2026-04-18T20:22:28.901+0000] {processor.py:840} INFO - DAG(s) 'example_params_ui_tutorial' retrieved from /home/airflow/.local/lib/python3.8/site-packages/airflow/example_dags/example_params_ui_tutorial.py
[2026-04-18T20:22:29.011+0000] {logging_mixin.py:188} INFO - [2026-04-18T20:22:29.011+0000] {dag.py:3036} INFO - Sync 1 DAGs
[2026-04-18T20:22:29.052+0000] {logging_mixin.py:188} INFO - [2026-04-18T20:22:29.050+0000] {dag.py:3823} INFO - Setting next_dagrun for example_params_ui_tutorial to None, run_after=None
[2026-04-18T20:22:29.127+0000] {processor.py:183} INFO - Processing /home/airflow/.local/lib/python3.8/site-packages/airflow/example_dags/example_params_ui_tutorial.py took 0.260 seconds
[2026-04-18T20:23:01.413+0000] {processor.py:161} INFO - Started process (PID=1290) to work on /home/airflow/.local/lib/python3.8/site-packages/airflow/example_dags/example_params_ui_tutorial.py
[2026-04-18T20:23:01.417+0000] {processor.py:830} INFO - Processing file /home/airflow/.local/lib/python3.8/site-packages/airflow/example_dags/example_params_ui_tutorial.py for tasks to queue
[2026-04-18T20:23:01.422+0000] {logging_mixin.py:188} INFO - [2026-04-18T20:23:01.421+0000] {dagbag.py:538} INFO - Filling up the DagBag from /home/airflow/.local/lib/python3.8/site-packages/airflow/example_dags/example_params_ui_tutorial.py
[2026-04-18T20:23:01.473+0000] {processor.py:840} INFO - DAG(s) 'example_params_ui_tutorial' retrieved from /home/airflow/.local/lib/python3.8/site-packages/airflow/example_dags/example_params_ui_tutorial.py
[2026-04-18T20:23:01.678+0000] {logging_mixin.py:188} INFO - [2026-04-18T20:23:01.677+0000] {dag.py:3036} INFO - Sync 1 DAGs
[2026-04-18T20:23:01.716+0000] {logging_mixin.py:188} INFO - [2026-04-18T20:23:01.715+0000] {dag.py:3823} INFO - Setting next_dagrun for example_params_ui_tutorial to None, run_after=None
[2026-04-18T20:23:01.776+0000] {processor.py:183} INFO - Processing /home/airflow/.local/lib/python3.8/site-packages/airflow/example_dags/example_params_ui_tutorial.py took 0.376 seconds
[2026-04-18T20:23:32.584+0000] {processor.py:161} INFO - Started process (PID=1348) to work on /home/airflow/.local/lib/python3.8/site-packages/airflow/example_dags/example_params_ui_tutorial.py
[2026-04-18T20:23:32.587+0000] {processor.py:830} INFO - Processing file /home/airflow/.local/lib/python3.8/site-packages/airflow/example_dags/example_params_ui_tutorial.py for tasks to queue
[2026-04-18T20:23:32.597+0000] {logging_mixin.py:188} INFO - [2026-04-18T20:23:32.596+0000] {dagbag.py:538} INFO - Filling up the DagBag from /home/airflow/.local/lib/python3.8/site-packages/airflow/example_dags/example_params_ui_tutorial.py
[2026-04-18T20:23:32.655+0000] {processor.py:840} INFO - DAG(s) 'example_params_ui_tutorial' retrieved from /home/airflow/.local/lib/python3.8/site-packages/airflow/example_dags/example_params_ui_tutorial.py
[2026-04-18T20:23:33.061+0000] {logging_mixin.py:188} INFO - [2026-04-18T20:23:33.060+0000] {dag.py:3036} INFO - Sync 1 DAGs
[2026-04-18T20:23:33.140+0000] {logging_mixin.py:188} INFO - [2026-04-18T20:23:33.138+0000] {dag.py:3823} INFO - Setting next_dagrun for example_params_ui_tutorial to None, run_after=None
[2026-04-18T20:23:33.470+0000] {processor.py:183} INFO - Processing /home/airflow/.local/lib/python3.8/site-packages/airflow/example_dags/example_params_ui_tutorial.py took 0.912 seconds
[2026-04-18T20:24:04.225+0000] {processor.py:161} INFO - Started process (PID=1405) to work on /home/airflow/.local/lib/python3.8/site-packages/airflow/example_dags/example_params_ui_tutorial.py
[2026-04-18T20:24:04.227+0000] {processor.py:830} INFO - Processing file /home/airflow/.local/lib/python3.8/site-packages/airflow/example_dags/example_params_ui_tutorial.py for tasks to queue
[2026-04-18T20:24:04.240+0000] {logging_mixin.py:188} INFO - [2026-04-18T20:24:04.239+0000] {dagbag.py:538} INFO - Filling up the DagBag from /home/airflow/.local/lib/python3.8/site-packages/airflow/example_dags/example_params_ui_tutorial.py
[2026-04-18T20:24:04.288+0000] {processor.py:840} INFO - DAG(s) 'example_params_ui_tutorial' retrieved from /home/airflow/.local/lib/python3.8/site-packages/airflow/example_dags/example_params_ui_tutorial.py
[2026-04-18T20:24:04.523+0000] {logging_mixin.py:188} INFO - [2026-04-18T20:24:04.523+0000] {dag.py:3036} INFO - Sync 1 DAGs
[2026-04-18T20:24:04.568+0000] {logging_mixin.py:188} INFO - [2026-04-18T20:24:04.567+0000] {dag.py:3823} INFO - Setting next_dagrun for example_params_ui_tutorial to None, run_after=None
[2026-04-18T20:24:04.671+0000] {processor.py:183} INFO - Processing /home/airflow/.local/lib/python3.8/site-packages/airflow/example_dags/example_params_ui_tutorial.py took 0.463 seconds
[2026-04-18T20:24:34.774+0000] {processor.py:161} INFO - Started process (PID=1462) to work on /home/airflow/.local/lib/python3.8/site-packages/airflow/example_dags/example_params_ui_tutorial.py
[2026-04-18T20:24:34.778+0000] {processor.py:830} INFO - Processing file /home/airflow/.local/lib/python3.8/site-packages/airflow/example_dags/example_params_ui_tutorial.py for tasks to queue
[2026-04-18T20:24:34.783+0000] {logging_mixin.py:188} INFO - [2026-04-18T20:24:34.781+0000] {dagbag.py:538} INFO - Filling up the DagBag from /home/airflow/.local/lib/python3.8/site-packages/airflow/example_dags/example_params_ui_tutorial.py
[2026-04-18T20:24:34.811+0000] {processor.py:840} INFO - DAG(s) 'example_params_ui_tutorial' retrieved from /home/airflow/.local/lib/python3.8/site-packages/airflow/example_dags/example_params_ui_tutorial.py
[2026-04-18T20:24:34.997+0000] {logging_mixin.py:188} INFO - [2026-04-18T20:24:34.996+0000] {dag.py:3036} INFO - Sync 1 DAGs
[2026-04-18T20:24:35.058+0000] {logging_mixin.py:188} INFO - [2026-04-18T20:24:35.057+0000] {dag.py:3823} INFO - Setting next_dagrun for example_params_ui_tutorial to None, run_after=None
[2026-04-18T20:24:35.169+0000] {processor.py:183} INFO - Processing /home/airflow/.local/lib/python3.8/site-packages/airflow/example_dags/example_params_ui_tutorial.py took 0.402 seconds
[2026-04-18T20:25:05.426+0000] {processor.py:161} INFO - Started process (PID=1519) to work on /home/airflow/.local/lib/python3.8/site-packages/airflow/example_dags/example_params_ui_tutorial.py
[2026-04-18T20:25:05.428+0000] {processor.py:830} INFO - Processing file /home/airflow/.local/lib/python3.8/site-packages/airflow/example_dags/example_params_ui_tutorial.py for tasks to queue
[2026-04-18T20:25:05.431+0000] {logging_mixin.py:188} INFO - [2026-04-18T20:25:05.431+0000] {dagbag.py:538} INFO - Filling up the DagBag from /home/airflow/.local/lib/python3.8/site-packages/airflow/example_dags/example_params_ui_tutorial.py
[2026-04-18T20:25:05.454+0000] {processor.py:840} INFO - DAG(s) 'example_params_ui_tutorial' retrieved from /home/airflow/.local/lib/python3.8/site-packages/airflow/example_dags/example_params_ui_tutorial.py
[2026-04-18T20:25:05.583+0000] {logging_mixin.py:188} INFO - [2026-04-18T20:25:05.582+0000] {dag.py:3036} INFO - Sync 1 DAGs
[2026-04-18T20:25:05.607+0000] {logging_mixin.py:188} INFO - [2026-04-18T20:25:05.606+0000] {dag.py:3823} INFO - Setting next_dagrun for example_params_ui_tutorial to None, run_after=None
[2026-04-18T20:25:05.644+0000] {processor.py:183} INFO - Processing /home/airflow/.local/lib/python3.8/site-packages/airflow/example_dags/example_params_ui_tutorial.py took 0.225 seconds
[2026-04-18T20:25:44.676+0000] {processor.py:161} INFO - Started process (PID=1583) to work on /home/airflow/.local/lib/python3.8/site-packages/airflow/example_dags/example_params_ui_tutorial.py
[2026-04-18T20:25:44.690+0000] {processor.py:830} INFO - Processing file /home/airflow/.local/lib/python3.8/site-packages/airflow/example_dags/example_params_ui_tutorial.py for tasks to queue
[2026-04-18T20:25:44.707+0000] {logging_mixin.py:188} INFO - [2026-04-18T20:25:44.697+0000] {dagbag.py:538} INFO - Filling up the DagBag from /home/airflow/.local/lib/python3.8/site-packages/airflow/example_dags/example_params_ui_tutorial.py
[2026-04-18T20:25:44.786+0000] {processor.py:840} INFO - DAG(s) 'example_params_ui_tutorial' retrieved from /home/airflow/.local/lib/python3.8/site-packages/airflow/example_dags/example_params_ui_tutorial.py
[2026-04-18T20:25:45.043+0000] {logging_mixin.py:188} INFO - [2026-04-18T20:25:45.043+0000] {dag.py:3036} INFO - Sync 1 DAGs
[2026-04-18T20:25:45.097+0000] {logging_mixin.py:188} INFO - [2026-04-18T20:25:45.097+0000] {dag.py:3823} INFO - Setting next_dagrun for example_params_ui_tutorial to None, run_after=None
[2026-04-18T20:25:45.197+0000] {processor.py:183} INFO - Processing /home/airflow/.local/lib/python3.8/site-packages/airflow/example_dags/example_params_ui_tutorial.py took 0.540 seconds
[2026-04-18T20:26:15.834+0000] {processor.py:161} INFO - Started process (PID=1639) to work on /home/airflow/.local/lib/python3.8/site-packages/airflow/example_dags/example_params_ui_tutorial.py
[2026-04-18T20:26:15.838+0000] {processor.py:830} INFO - Processing file /home/airflow/.local/lib/python3.8/site-packages/airflow/example_dags/example_params_ui_tutorial.py for tasks to queue
[2026-04-18T20:26:15.843+0000] {logging_mixin.py:188} INFO - [2026-04-18T20:26:15.843+0000] {dagbag.py:538} INFO - Filling up the DagBag from /home/airflow/.local/lib/python3.8/site-packages/airflow/example_dags/example_params_ui_tutorial.py
[2026-04-18T20:26:15.881+0000] {processor.py:840} INFO - DAG(s) 'example_params_ui_tutorial' retrieved from /home/airflow/.local/lib/python3.8/site-packages/airflow/example_dags/example_params_ui_tutorial.py
[2026-04-18T20:26:15.999+0000] {logging_mixin.py:188} INFO - [2026-04-18T20:26:15.998+0000] {dag.py:3036} INFO - Sync 1 DAGs
[2026-04-18T20:26:16.023+0000] {logging_mixin.py:188} INFO - [2026-04-18T20:26:16.022+0000] {dag.py:3823} INFO - Setting next_dagrun for example_params_ui_tutorial to None, run_after=None
[2026-04-18T20:26:16.062+0000] {processor.py:183} INFO - Processing /home/airflow/.local/lib/python3.8/site-packages/airflow/example_dags/example_params_ui_tutorial.py took 0.240 seconds
[2026-04-18T20:26:46.335+0000] {processor.py:161} INFO - Started process (PID=1696) to work on /home/airflow/.local/lib/python3.8/site-packages/airflow/example_dags/example_params_ui_tutorial.py
[2026-04-18T20:26:46.345+0000] {processor.py:830} INFO - Processing file /home/airflow/.local/lib/python3.8/site-packages/airflow/example_dags/example_params_ui_tutorial.py for tasks to queue
[2026-04-18T20:26:46.350+0000] {logging_mixin.py:188} INFO - [2026-04-18T20:26:46.349+0000] {dagbag.py:538} INFO - Filling up the DagBag from /home/airflow/.local/lib/python3.8/site-packages/airflow/example_dags/example_params_ui_tutorial.py
[2026-04-18T20:26:46.387+0000] {processor.py:840} INFO - DAG(s) 'example_params_ui_tutorial' retrieved from /home/airflow/.local/lib/python3.8/site-packages/airflow/example_dags/example_params_ui_tutorial.py
[2026-04-18T20:26:46.522+0000] {logging_mixin.py:188} INFO - [2026-04-18T20:26:46.521+0000] {dag.py:3036} INFO - Sync 1 DAGs
[2026-04-18T20:26:46.548+0000] {logging_mixin.py:188} INFO - [2026-04-18T20:26:46.548+0000] {dag.py:3823} INFO - Setting next_dagrun for example_params_ui_tutorial to None, run_after=None
[2026-04-18T20:26:46.583+0000] {processor.py:183} INFO - Processing /home/airflow/.local/lib/python3.8/site-packages/airflow/example_dags/example_params_ui_tutorial.py took 0.255 seconds
[2026-04-18T20:27:17.147+0000] {processor.py:161} INFO - Started process (PID=1753) to work on /home/airflow/.local/lib/python3.8/site-packages/airflow/example_dags/example_params_ui_tutorial.py
[2026-04-18T20:27:17.150+0000] {processor.py:830} INFO - Processing file /home/airflow/.local/lib/python3.8/site-packages/airflow/example_dags/example_params_ui_tutorial.py for tasks to queue
[2026-04-18T20:27:17.157+0000] {logging_mixin.py:188} INFO - [2026-04-18T20:27:17.156+0000] {dagbag.py:538} INFO - Filling up the DagBag from /home/airflow/.local/lib/python3.8/site-packages/airflow/example_dags/example_params_ui_tutorial.py
[2026-04-18T20:27:17.181+0000] {processor.py:840} INFO - DAG(s) 'example_params_ui_tutorial' retrieved from /home/airflow/.local/lib/python3.8/site-packages/airflow/example_dags/example_params_ui_tutorial.py
[2026-04-18T20:27:17.366+0000] {logging_mixin.py:188} INFO - [2026-04-18T20:27:17.365+0000] {dag.py:3036} INFO - Sync 1 DAGs
[2026-04-18T20:27:17.400+0000] {logging_mixin.py:188} INFO - [2026-04-18T20:27:17.399+0000] {dag.py:3823} INFO - Setting next_dagrun for example_params_ui_tutorial to None, run_after=None
[2026-04-18T20:27:17.449+0000] {processor.py:183} INFO - Processing /home/airflow/.local/lib/python3.8/site-packages/airflow/example_dags/example_params_ui_tutorial.py took 0.308 seconds
[2026-04-18T20:27:47.591+0000] {processor.py:161} INFO - Started process (PID=1811) to work on /home/airflow/.local/lib/python3.8/site-packages/airflow/example_dags/example_params_ui_tutorial.py
[2026-04-18T20:27:47.594+0000] {processor.py:830} INFO - Processing file /home/airflow/.local/lib/python3.8/site-packages/airflow/example_dags/example_params_ui_tutorial.py for tasks to queue
[2026-04-18T20:27:47.597+0000] {logging_mixin.py:188} INFO - [2026-04-18T20:27:47.597+0000] {dagbag.py:538} INFO - Filling up the DagBag from /home/airflow/.local/lib/python3.8/site-packages/airflow/example_dags/example_params_ui_tutorial.py
[2026-04-18T20:27:47.616+0000] {processor.py:840} INFO - DAG(s) 'example_params_ui_tutorial' retrieved from /home/airflow/.local/lib/python3.8/site-packages/airflow/example_dags/example_params_ui_tutorial.py
[2026-04-18T20:27:47.722+0000] {logging_mixin.py:188} INFO - [2026-04-18T20:27:47.722+0000] {dag.py:3036} INFO - Sync 1 DAGs
[2026-04-18T20:27:47.750+0000] {logging_mixin.py:188} INFO - [2026-04-18T20:27:47.750+0000] {dag.py:3823} INFO - Setting next_dagrun for example_params_ui_tutorial to None, run_after=None
[2026-04-18T20:27:47.801+0000] {processor.py:183} INFO - Processing /home/airflow/.local/lib/python3.8/site-packages/airflow/example_dags/example_params_ui_tutorial.py took 0.214 seconds
[2026-04-18T20:28:18.111+0000] {processor.py:161} INFO - Started process (PID=1868) to work on /home/airflow/.local/lib/python3.8/site-packages/airflow/example_dags/example_params_ui_tutorial.py
[2026-04-18T20:28:18.113+0000] {processor.py:830} INFO - Processing file /home/airflow/.local/lib/python3.8/site-packages/airflow/example_dags/example_params_ui_tutorial.py for tasks to queue
[2026-04-18T20:28:18.115+0000] {logging_mixin.py:188} INFO - [2026-04-18T20:28:18.115+0000] {dagbag.py:538} INFO - Filling up the DagBag from /home/airflow/.local/lib/python3.8/site-packages/airflow/example_dags/example_params_ui_tutorial.py
[2026-04-18T20:28:18.148+0000] {processor.py:840} INFO - DAG(s) 'example_params_ui_tutorial' retrieved from /home/airflow/.local/lib/python3.8/site-packages/airflow/example_dags/example_params_ui_tutorial.py
[2026-04-18T20:28:18.291+0000] {logging_mixin.py:188} INFO - [2026-04-18T20:28:18.290+0000] {dag.py:3036} INFO - Sync 1 DAGs
[2026-04-18T20:28:18.333+0000] {logging_mixin.py:188} INFO - [2026-04-18T20:28:18.333+0000] {dag.py:3823} INFO - Setting next_dagrun for example_params_ui_tutorial to None, run_after=None
[2026-04-18T20:28:18.373+0000] {processor.py:183} INFO - Processing /home/airflow/.local/lib/python3.8/site-packages/airflow/example_dags/example_params_ui_tutorial.py took 0.267 seconds
[2026-04-18T20:28:48.643+0000] {processor.py:161} INFO - Started process (PID=1925) to work on /home/airflow/.local/lib/python3.8/site-packages/airflow/example_dags/example_params_ui_tutorial.py
[2026-04-18T20:28:48.646+0000] {processor.py:830} INFO - Processing file /home/airflow/.local/lib/python3.8/site-packages/airflow/example_dags/example_params_ui_tutorial.py for tasks to queue
[2026-04-18T20:28:48.655+0000] {logging_mixin.py:188} INFO - [2026-04-18T20:28:48.652+0000] {dagbag.py:538} INFO - Filling up the DagBag from /home/airflow/.local/lib/python3.8/site-packages/airflow/example_dags/example_params_ui_tutorial.py
[2026-04-18T20:28:48.682+0000] {processor.py:840} INFO - DAG(s) 'example_params_ui_tutorial' retrieved from /home/airflow/.local/lib/python3.8/site-packages/airflow/example_dags/example_params_ui_tutorial.py
[2026-04-18T20:28:48.787+0000] {logging_mixin.py:188} INFO - [2026-04-18T20:28:48.786+0000] {dag.py:3036} INFO - Sync 1 DAGs
[2026-04-18T20:28:48.820+0000] {logging_mixin.py:188} INFO - [2026-04-18T20:28:48.820+0000] {dag.py:3823} INFO - Setting next_dagrun for example_params_ui_tutorial to None, run_after=None
[2026-04-18T20:28:48.867+0000] {processor.py:183} INFO - Processing /home/airflow/.local/lib/python3.8/site-packages/airflow/example_dags/example_params_ui_tutorial.py took 0.230 seconds
[2026-04-18T20:29:19.132+0000] {processor.py:161} INFO - Started process (PID=1982) to work on /home/airflow/.local/lib/python3.8/site-packages/airflow/example_dags/example_params_ui_tutorial.py
[2026-04-18T20:29:19.138+0000] {processor.py:830} INFO - Processing file /home/airflow/.local/lib/python3.8/site-packages/airflow/example_dags/example_params_ui_tutorial.py for tasks to queue
[2026-04-18T20:29:19.145+0000] {logging_mixin.py:188} INFO - [2026-04-18T20:29:19.144+0000] {dagbag.py:538} INFO - Filling up the DagBag from /home/airflow/.local/lib/python3.8/site-packages/airflow/example_dags/example_params_ui_tutorial.py
[2026-04-18T20:29:19.177+0000] {processor.py:840} INFO - DAG(s) 'example_params_ui_tutorial' retrieved from /home/airflow/.local/lib/python3.8/site-packages/airflow/example_dags/example_params_ui_tutorial.py
[2026-04-18T20:29:19.295+0000] {logging_mixin.py:188} INFO - [2026-04-18T20:29:19.295+0000] {dag.py:3036} INFO - Sync 1 DAGs
[2026-04-18T20:29:19.315+0000] {logging_mixin.py:188} INFO - [2026-04-18T20:29:19.315+0000] {dag.py:3823} INFO - Setting next_dagrun for example_params_ui_tutorial to None, run_after=None
[2026-04-18T20:29:19.358+0000] {processor.py:183} INFO - Processing /home/airflow/.local/lib/python3.8/site-packages/airflow/example_dags/example_params_ui_tutorial.py took 0.232 seconds
[2026-04-18T20:29:51.175+0000] {processor.py:161} INFO - Started process (PID=2037) to work on /home/airflow/.local/lib/python3.8/site-packages/airflow/example_dags/example_params_ui_tutorial.py
[2026-04-18T20:29:51.204+0000] {processor.py:830} INFO - Processing file /home/airflow/.local/lib/python3.8/site-packages/airflow/example_dags/example_params_ui_tutorial.py for tasks to queue
[2026-04-18T20:29:51.217+0000] {logging_mixin.py:188} INFO - [2026-04-18T20:29:51.215+0000] {dagbag.py:538} INFO - Filling up the DagBag from /home/airflow/.local/lib/python3.8/site-packages/airflow/example_dags/example_params_ui_tutorial.py
[2026-04-18T20:29:51.275+0000] {processor.py:840} INFO - DAG(s) 'example_params_ui_tutorial' retrieved from /home/airflow/.local/lib/python3.8/site-packages/airflow/example_dags/example_params_ui_tutorial.py
[2026-04-18T20:29:51.649+0000] {logging_mixin.py:188} INFO - [2026-04-18T20:29:51.648+0000] {dag.py:3036} INFO - Sync 1 DAGs
[2026-04-18T20:29:51.730+0000] {logging_mixin.py:188} INFO - [2026-04-18T20:29:51.729+0000] {dag.py:3823} INFO - Setting next_dagrun for example_params_ui_tutorial to None, run_after=None
[2026-04-18T20:29:52.257+0000] {processor.py:183} INFO - Processing /home/airflow/.local/lib/python3.8/site-packages/airflow/example_dags/example_params_ui_tutorial.py took 1.091 seconds
[2026-04-18T20:30:23.065+0000] {processor.py:161} INFO - Started process (PID=2094) to work on /home/airflow/.local/lib/python3.8/site-packages/airflow/example_dags/example_params_ui_tutorial.py
[2026-04-18T20:30:23.070+0000] {processor.py:830} INFO - Processing file /home/airflow/.local/lib/python3.8/site-packages/airflow/example_dags/example_params_ui_tutorial.py for tasks to queue
[2026-04-18T20:30:23.074+0000] {logging_mixin.py:188} INFO - [2026-04-18T20:30:23.073+0000] {dagbag.py:538} INFO - Filling up the DagBag from /home/airflow/.local/lib/python3.8/site-packages/airflow/example_dags/example_params_ui_tutorial.py
[2026-04-18T20:30:23.108+0000] {processor.py:840} INFO - DAG(s) 'example_params_ui_tutorial' retrieved from /home/airflow/.local/lib/python3.8/site-packages/airflow/example_dags/example_params_ui_tutorial.py
[2026-04-18T20:30:23.244+0000] {logging_mixin.py:188} INFO - [2026-04-18T20:30:23.243+0000] {dag.py:3036} INFO - Sync 1 DAGs
[2026-04-18T20:30:23.273+0000] {logging_mixin.py:188} INFO - [2026-04-18T20:30:23.272+0000] {dag.py:3823} INFO - Setting next_dagrun for example_params_ui_tutorial to None, run_after=None
[2026-04-18T20:30:23.336+0000] {processor.py:183} INFO - Processing /home/airflow/.local/lib/python3.8/site-packages/airflow/example_dags/example_params_ui_tutorial.py took 0.277 seconds
[2026-04-18T20:30:54.204+0000] {processor.py:161} INFO - Started process (PID=2151) to work on /home/airflow/.local/lib/python3.8/site-packages/airflow/example_dags/example_params_ui_tutorial.py
[2026-04-18T20:30:54.211+0000] {processor.py:830} INFO - Processing file /home/airflow/.local/lib/python3.8/site-packages/airflow/example_dags/example_params_ui_tutorial.py for tasks to queue
[2026-04-18T20:30:54.216+0000] {logging_mixin.py:188} INFO - [2026-04-18T20:30:54.215+0000] {dagbag.py:538} INFO - Filling up the DagBag from /home/airflow/.local/lib/python3.8/site-packages/airflow/example_dags/example_params_ui_tutorial.py
[2026-04-18T20:30:54.248+0000] {processor.py:840} INFO - DAG(s) 'example_params_ui_tutorial' retrieved from /home/airflow/.local/lib/python3.8/site-packages/airflow/example_dags/example_params_ui_tutorial.py
[2026-04-18T20:30:54.362+0000] {logging_mixin.py:188} INFO - [2026-04-18T20:30:54.362+0000] {dag.py:3036} INFO - Sync 1 DAGs
[2026-04-18T20:30:54.388+0000] {logging_mixin.py:188} INFO - [2026-04-18T20:30:54.387+0000] {dag.py:3823} INFO - Setting next_dagrun for example_params_ui_tutorial to None, run_after=None
[2026-04-18T20:30:54.442+0000] {processor.py:183} INFO - Processing /home/airflow/.local/lib/python3.8/site-packages/airflow/example_dags/example_params_ui_tutorial.py took 0.247 seconds
[2026-04-18T20:31:24.907+0000] {processor.py:161} INFO - Started process (PID=2208) to work on /home/airflow/.local/lib/python3.8/site-packages/airflow/example_dags/example_params_ui_tutorial.py
[2026-04-18T20:31:24.909+0000] {processor.py:830} INFO - Processing file /home/airflow/.local/lib/python3.8/site-packages/airflow/example_dags/example_params_ui_tutorial.py for tasks to queue
[2026-04-18T20:31:24.912+0000] {logging_mixin.py:188} INFO - [2026-04-18T20:31:24.912+0000] {dagbag.py:538} INFO - Filling up the DagBag from /home/airflow/.local/lib/python3.8/site-packages/airflow/example_dags/example_params_ui_tutorial.py
[2026-04-18T20:31:24.938+0000] {processor.py:840} INFO - DAG(s) 'example_params_ui_tutorial' retrieved from /home/airflow/.local/lib/python3.8/site-packages/airflow/example_dags/example_params_ui_tutorial.py
[2026-04-18T20:31:25.057+0000] {logging_mixin.py:188} INFO - [2026-04-18T20:31:25.057+0000] {dag.py:3036} INFO - Sync 1 DAGs
[2026-04-18T20:31:25.320+0000] {logging_mixin.py:188} INFO - [2026-04-18T20:31:25.320+0000] {dag.py:3823} INFO - Setting next_dagrun for example_params_ui_tutorial to None, run_after=None
[2026-04-18T20:31:25.362+0000] {processor.py:183} INFO - Processing /home/airflow/.local/lib/python3.8/site-packages/airflow/example_dags/example_params_ui_tutorial.py took 0.462 seconds
[2026-04-18T20:31:56.242+0000] {processor.py:161} INFO - Started process (PID=2265) to work on /home/airflow/.local/lib/python3.8/site-packages/airflow/example_dags/example_params_ui_tutorial.py
[2026-04-18T20:31:56.245+0000] {processor.py:830} INFO - Processing file /home/airflow/.local/lib/python3.8/site-packages/airflow/example_dags/example_params_ui_tutorial.py for tasks to queue
[2026-04-18T20:31:56.249+0000] {logging_mixin.py:188} INFO - [2026-04-18T20:31:56.248+0000] {dagbag.py:538} INFO - Filling up the DagBag from /home/airflow/.local/lib/python3.8/site-packages/airflow/example_dags/example_params_ui_tutorial.py
[2026-04-18T20:31:56.290+0000] {processor.py:840} INFO - DAG(s) 'example_params_ui_tutorial' retrieved from /home/airflow/.local/lib/python3.8/site-packages/airflow/example_dags/example_params_ui_tutorial.py
[2026-04-18T20:31:56.582+0000] {logging_mixin.py:188} INFO - [2026-04-18T20:31:56.581+0000] {dag.py:3036} INFO - Sync 1 DAGs
[2026-04-18T20:31:56.668+0000] {logging_mixin.py:188} INFO - [2026-04-18T20:31:56.666+0000] {dag.py:3823} INFO - Setting next_dagrun for example_params_ui_tutorial to None, run_after=None
[2026-04-18T20:31:56.793+0000] {processor.py:183} INFO - Processing /home/airflow/.local/lib/python3.8/site-packages/airflow/example_dags/example_params_ui_tutorial.py took 0.560 seconds
[2026-04-18T20:32:27.002+0000] {processor.py:161} INFO - Started process (PID=2322) to work on /home/airflow/.local/lib/python3.8/site-packages/airflow/example_dags/example_params_ui_tutorial.py
[2026-04-18T20:32:27.008+0000] {processor.py:830} INFO - Processing file /home/airflow/.local/lib/python3.8/site-packages/airflow/example_dags/example_params_ui_tutorial.py for tasks to queue
[2026-04-18T20:32:27.012+0000] {logging_mixin.py:188} INFO - [2026-04-18T20:32:27.012+0000] {dagbag.py:538} INFO - Filling up the DagBag from /home/airflow/.local/lib/python3.8/site-packages/airflow/example_dags/example_params_ui_tutorial.py
[2026-04-18T20:32:27.056+0000] {processor.py:840} INFO - DAG(s) 'example_params_ui_tutorial' retrieved from /home/airflow/.local/lib/python3.8/site-packages/airflow/example_dags/example_params_ui_tutorial.py
[2026-04-18T20:32:27.226+0000] {logging_mixin.py:188} INFO - [2026-04-18T20:32:27.225+0000] {dag.py:3036} INFO - Sync 1 DAGs
[2026-04-18T20:32:27.254+0000] {logging_mixin.py:188} INFO - [2026-04-18T20:32:27.254+0000] {dag.py:3823} INFO - Setting next_dagrun for example_params_ui_tutorial to None, run_after=None
[2026-04-18T20:32:27.308+0000] {processor.py:183} INFO - Processing /home/airflow/.local/lib/python3.8/site-packages/airflow/example_dags/example_params_ui_tutorial.py took 0.313 seconds
[2026-04-18T20:32:57.428+0000] {processor.py:161} INFO - Started process (PID=2379) to work on /home/airflow/.local/lib/python3.8/site-packages/airflow/example_dags/example_params_ui_tutorial.py
[2026-04-18T20:32:57.433+0000] {processor.py:830} INFO - Processing file /home/airflow/.local/lib/python3.8/site-packages/airflow/example_dags/example_params_ui_tutorial.py for tasks to queue
[2026-04-18T20:32:57.438+0000] {logging_mixin.py:188} INFO - [2026-04-18T20:32:57.437+0000] {dagbag.py:538} INFO - Filling up the DagBag from /home/airflow/.local/lib/python3.8/site-packages/airflow/example_dags/example_params_ui_tutorial.py
[2026-04-18T20:32:57.466+0000] {processor.py:840} INFO - DAG(s) 'example_params_ui_tutorial' retrieved from /home/airflow/.local/lib/python3.8/site-packages/airflow/example_dags/example_params_ui_tutorial.py
[2026-04-18T20:32:57.594+0000] {logging_mixin.py:188} INFO - [2026-04-18T20:32:57.593+0000] {dag.py:3036} INFO - Sync 1 DAGs
[2026-04-18T20:32:57.619+0000] {logging_mixin.py:188} INFO - [2026-04-18T20:32:57.618+0000] {dag.py:3823} INFO - Setting next_dagrun for example_params_ui_tutorial to None, run_after=None
[2026-04-18T20:32:57.662+0000] {processor.py:183} INFO - Processing /home/airflow/.local/lib/python3.8/site-packages/airflow/example_dags/example_params_ui_tutorial.py took 0.241 seconds
[2026-04-18T20:33:27.891+0000] {processor.py:161} INFO - Started process (PID=2436) to work on /home/airflow/.local/lib/python3.8/site-packages/airflow/example_dags/example_params_ui_tutorial.py
[2026-04-18T20:33:27.894+0000] {processor.py:830} INFO - Processing file /home/airflow/.local/lib/python3.8/site-packages/airflow/example_dags/example_params_ui_tutorial.py for tasks to queue
[2026-04-18T20:33:27.899+0000] {logging_mixin.py:188} INFO - [2026-04-18T20:33:27.898+0000] {dagbag.py:538} INFO - Filling up the DagBag from /home/airflow/.local/lib/python3.8/site-packages/airflow/example_dags/example_params_ui_tutorial.py
[2026-04-18T20:33:27.919+0000] {processor.py:840} INFO - DAG(s) 'example_params_ui_tutorial' retrieved from /home/airflow/.local/lib/python3.8/site-packages/airflow/example_dags/example_params_ui_tutorial.py
[2026-04-18T20:33:28.017+0000] {logging_mixin.py:188} INFO - [2026-04-18T20:33:28.017+0000] {dag.py:3036} INFO - Sync 1 DAGs
[2026-04-18T20:33:28.049+0000] {logging_mixin.py:188} INFO - [2026-04-18T20:33:28.048+0000] {dag.py:3823} INFO - Setting next_dagrun for example_params_ui_tutorial to None, run_after=None
[2026-04-18T20:33:28.083+0000] {processor.py:183} INFO - Processing /home/airflow/.local/lib/python3.8/site-packages/airflow/example_dags/example_params_ui_tutorial.py took 0.198 seconds
[2026-04-18T20:33:58.668+0000] {processor.py:161} INFO - Started process (PID=2493) to work on /home/airflow/.local/lib/python3.8/site-packages/airflow/example_dags/example_params_ui_tutorial.py
[2026-04-18T20:33:58.671+0000] {processor.py:830} INFO - Processing file /home/airflow/.local/lib/python3.8/site-packages/airflow/example_dags/example_params_ui_tutorial.py for tasks to queue
[2026-04-18T20:33:58.674+0000] {logging_mixin.py:188} INFO - [2026-04-18T20:33:58.674+0000] {dagbag.py:538} INFO - Filling up the DagBag from /home/airflow/.local/lib/python3.8/site-packages/airflow/example_dags/example_params_ui_tutorial.py
[2026-04-18T20:33:58.708+0000] {processor.py:840} INFO - DAG(s) 'example_params_ui_tutorial' retrieved from /home/airflow/.local/lib/python3.8/site-packages/airflow/example_dags/example_params_ui_tutorial.py
[2026-04-18T20:33:59.169+0000] {logging_mixin.py:188} INFO - [2026-04-18T20:33:59.169+0000] {dag.py:3036} INFO - Sync 1 DAGs
[2026-04-18T20:33:59.190+0000] {logging_mixin.py:188} INFO - [2026-04-18T20:33:59.189+0000] {dag.py:3823} INFO - Setting next_dagrun for example_params_ui_tutorial to None, run_after=None
[2026-04-18T20:33:59.239+0000] {processor.py:183} INFO - Processing /home/airflow/.local/lib/python3.8/site-packages/airflow/example_dags/example_params_ui_tutorial.py took 0.581 seconds
[2026-04-18T20:34:30.184+0000] {processor.py:161} INFO - Started process (PID=2550) to work on /home/airflow/.local/lib/python3.8/site-packages/airflow/example_dags/example_params_ui_tutorial.py
[2026-04-18T20:34:30.189+0000] {processor.py:830} INFO - Processing file /home/airflow/.local/lib/python3.8/site-packages/airflow/example_dags/example_params_ui_tutorial.py for tasks to queue
[2026-04-18T20:34:30.194+0000] {logging_mixin.py:188} INFO - [2026-04-18T20:34:30.194+0000] {dagbag.py:538} INFO - Filling up the DagBag from /home/airflow/.local/lib/python3.8/site-packages/airflow/example_dags/example_params_ui_tutorial.py
[2026-04-18T20:34:30.223+0000] {processor.py:840} INFO - DAG(s) 'example_params_ui_tutorial' retrieved from /home/airflow/.local/lib/python3.8/site-packages/airflow/example_dags/example_params_ui_tutorial.py
[2026-04-18T20:34:30.315+0000] {logging_mixin.py:188} INFO - [2026-04-18T20:34:30.315+0000] {dag.py:3036} INFO - Sync 1 DAGs
[2026-04-18T20:34:30.334+0000] {logging_mixin.py:188} INFO - [2026-04-18T20:34:30.334+0000] {dag.py:3823} INFO - Setting next_dagrun for example_params_ui_tutorial to None, run_after=None
[2026-04-18T20:34:30.371+0000] {processor.py:183} INFO - Processing /home/airflow/.local/lib/python3.8/site-packages/airflow/example_dags/example_params_ui_tutorial.py took 0.195 seconds
[2026-04-18T20:35:01.075+0000] {processor.py:161} INFO - Started process (PID=2607) to work on /home/airflow/.local/lib/python3.8/site-packages/airflow/example_dags/example_params_ui_tutorial.py
[2026-04-18T20:35:01.077+0000] {processor.py:830} INFO - Processing file /home/airflow/.local/lib/python3.8/site-packages/airflow/example_dags/example_params_ui_tutorial.py for tasks to queue
[2026-04-18T20:35:01.081+0000] {logging_mixin.py:188} INFO - [2026-04-18T20:35:01.080+0000] {dagbag.py:538} INFO - Filling up the DagBag from /home/airflow/.local/lib/python3.8/site-packages/airflow/example_dags/example_params_ui_tutorial.py
[2026-04-18T20:35:01.105+0000] {processor.py:840} INFO - DAG(s) 'example_params_ui_tutorial' retrieved from /home/airflow/.local/lib/python3.8/site-packages/airflow/example_dags/example_params_ui_tutorial.py
[2026-04-18T20:35:01.244+0000] {logging_mixin.py:188} INFO - [2026-04-18T20:35:01.243+0000] {dag.py:3036} INFO - Sync 1 DAGs
[2026-04-18T20:35:01.272+0000] {logging_mixin.py:188} INFO - [2026-04-18T20:35:01.271+0000] {dag.py:3823} INFO - Setting next_dagrun for example_params_ui_tutorial to None, run_after=None
[2026-04-18T20:35:01.342+0000] {processor.py:183} INFO - Processing /home/airflow/.local/lib/python3.8/site-packages/airflow/example_dags/example_params_ui_tutorial.py took 0.271 seconds
[2026-04-18T20:35:31.510+0000] {processor.py:161} INFO - Started process (PID=2664) to work on /home/airflow/.local/lib/python3.8/site-packages/airflow/example_dags/example_params_ui_tutorial.py
[2026-04-18T20:35:31.512+0000] {processor.py:830} INFO - Processing file /home/airflow/.local/lib/python3.8/site-packages/airflow/example_dags/example_params_ui_tutorial.py for tasks to queue
[2026-04-18T20:35:31.516+0000] {logging_mixin.py:188} INFO - [2026-04-18T20:35:31.515+0000] {dagbag.py:538} INFO - Filling up the DagBag from /home/airflow/.local/lib/python3.8/site-packages/airflow/example_dags/example_params_ui_tutorial.py
[2026-04-18T20:35:31.542+0000] {processor.py:840} INFO - DAG(s) 'example_params_ui_tutorial' retrieved from /home/airflow/.local/lib/python3.8/site-packages/airflow/example_dags/example_params_ui_tutorial.py
[2026-04-18T20:35:31.664+0000] {logging_mixin.py:188} INFO - [2026-04-18T20:35:31.663+0000] {dag.py:3036} INFO - Sync 1 DAGs
[2026-04-18T20:35:31.686+0000] {logging_mixin.py:188} INFO - [2026-04-18T20:35:31.686+0000] {dag.py:3823} INFO - Setting next_dagrun for example_params_ui_tutorial to None, run_after=None
[2026-04-18T20:35:31.740+0000] {processor.py:183} INFO - Processing /home/airflow/.local/lib/python3.8/site-packages/airflow/example_dags/example_params_ui_tutorial.py took 0.235 seconds
[2026-04-18T20:36:02.034+0000] {processor.py:161} INFO - Started process (PID=2720) to work on /home/airflow/.local/lib/python3.8/site-packages/airflow/example_dags/example_params_ui_tutorial.py
[2026-04-18T20:36:02.038+0000] {processor.py:830} INFO - Processing file /home/airflow/.local/lib/python3.8/site-packages/airflow/example_dags/example_params_ui_tutorial.py for tasks to queue
[2026-04-18T20:36:02.041+0000] {logging_mixin.py:188} INFO - [2026-04-18T20:36:02.040+0000] {dagbag.py:538} INFO - Filling up the DagBag from /home/airflow/.local/lib/python3.8/site-packages/airflow/example_dags/example_params_ui_tutorial.py
[2026-04-18T20:36:02.071+0000] {processor.py:840} INFO - DAG(s) 'example_params_ui_tutorial' retrieved from /home/airflow/.local/lib/python3.8/site-packages/airflow/example_dags/example_params_ui_tutorial.py
[2026-04-18T20:36:02.198+0000] {logging_mixin.py:188} INFO - [2026-04-18T20:36:02.197+0000] {dag.py:3036} INFO - Sync 1 DAGs
[2026-04-18T20:36:02.224+0000] {logging_mixin.py:188} INFO - [2026-04-18T20:36:02.223+0000] {dag.py:3823} INFO - Setting next_dagrun for example_params_ui_tutorial to None, run_after=None
[2026-04-18T20:36:02.264+0000] {processor.py:183} INFO - Processing /home/airflow/.local/lib/python3.8/site-packages/airflow/example_dags/example_params_ui_tutorial.py took 0.239 seconds
[2026-04-18T20:36:32.443+0000] {processor.py:161} INFO - Started process (PID=2777) to work on /home/airflow/.local/lib/python3.8/site-packages/airflow/example_dags/example_params_ui_tutorial.py
[2026-04-18T20:36:32.446+0000] {processor.py:830} INFO - Processing file /home/airflow/.local/lib/python3.8/site-packages/airflow/example_dags/example_params_ui_tutorial.py for tasks to queue
[2026-04-18T20:36:32.450+0000] {logging_mixin.py:188} INFO - [2026-04-18T20:36:32.449+0000] {dagbag.py:538} INFO - Filling up the DagBag from /home/airflow/.local/lib/python3.8/site-packages/airflow/example_dags/example_params_ui_tutorial.py
[2026-04-18T20:36:32.469+0000] {processor.py:840} INFO - DAG(s) 'example_params_ui_tutorial' retrieved from /home/airflow/.local/lib/python3.8/site-packages/airflow/example_dags/example_params_ui_tutorial.py
[2026-04-18T20:36:32.558+0000] {logging_mixin.py:188} INFO - [2026-04-18T20:36:32.558+0000] {dag.py:3036} INFO - Sync 1 DAGs
[2026-04-18T20:36:32.587+0000] {logging_mixin.py:188} INFO - [2026-04-18T20:36:32.586+0000] {dag.py:3823} INFO - Setting next_dagrun for example_params_ui_tutorial to None, run_after=None
[2026-04-18T20:36:32.635+0000] {processor.py:183} INFO - Processing /home/airflow/.local/lib/python3.8/site-packages/airflow/example_dags/example_params_ui_tutorial.py took 0.196 seconds
[2026-04-18T20:37:03.096+0000] {processor.py:161} INFO - Started process (PID=2834) to work on /home/airflow/.local/lib/python3.8/site-packages/airflow/example_dags/example_params_ui_tutorial.py
[2026-04-18T20:37:03.099+0000] {processor.py:830} INFO - Processing file /home/airflow/.local/lib/python3.8/site-packages/airflow/example_dags/example_params_ui_tutorial.py for tasks to queue
[2026-04-18T20:37:03.102+0000] {logging_mixin.py:188} INFO - [2026-04-18T20:37:03.102+0000] {dagbag.py:538} INFO - Filling up the DagBag from /home/airflow/.local/lib/python3.8/site-packages/airflow/example_dags/example_params_ui_tutorial.py
[2026-04-18T20:37:03.124+0000] {processor.py:840} INFO - DAG(s) 'example_params_ui_tutorial' retrieved from /home/airflow/.local/lib/python3.8/site-packages/airflow/example_dags/example_params_ui_tutorial.py
[2026-04-18T20:37:03.238+0000] {logging_mixin.py:188} INFO - [2026-04-18T20:37:03.238+0000] {dag.py:3036} INFO - Sync 1 DAGs
[2026-04-18T20:37:03.263+0000] {logging_mixin.py:188} INFO - [2026-04-18T20:37:03.262+0000] {dag.py:3823} INFO - Setting next_dagrun for example_params_ui_tutorial to None, run_after=None
[2026-04-18T20:37:03.305+0000] {processor.py:183} INFO - Processing /home/airflow/.local/lib/python3.8/site-packages/airflow/example_dags/example_params_ui_tutorial.py took 0.219 seconds
[2026-04-18T20:37:33.977+0000] {processor.py:161} INFO - Started process (PID=2891) to work on /home/airflow/.local/lib/python3.8/site-packages/airflow/example_dags/example_params_ui_tutorial.py
[2026-04-18T20:37:33.980+0000] {processor.py:830} INFO - Processing file /home/airflow/.local/lib/python3.8/site-packages/airflow/example_dags/example_params_ui_tutorial.py for tasks to queue
[2026-04-18T20:37:33.997+0000] {logging_mixin.py:188} INFO - [2026-04-18T20:37:33.996+0000] {dagbag.py:538} INFO - Filling up the DagBag from /home/airflow/.local/lib/python3.8/site-packages/airflow/example_dags/example_params_ui_tutorial.py
[2026-04-18T20:37:34.069+0000] {processor.py:840} INFO - DAG(s) 'example_params_ui_tutorial' retrieved from /home/airflow/.local/lib/python3.8/site-packages/airflow/example_dags/example_params_ui_tutorial.py
[2026-04-18T20:37:34.346+0000] {logging_mixin.py:188} INFO - [2026-04-18T20:37:34.345+0000] {dag.py:3036} INFO - Sync 1 DAGs
[2026-04-18T20:37:34.394+0000] {logging_mixin.py:188} INFO - [2026-04-18T20:37:34.390+0000] {dag.py:3823} INFO - Setting next_dagrun for example_params_ui_tutorial to None, run_after=None
[2026-04-18T20:37:34.478+0000] {processor.py:183} INFO - Processing /home/airflow/.local/lib/python3.8/site-packages/airflow/example_dags/example_params_ui_tutorial.py took 0.510 seconds
[2026-04-18T20:38:05.176+0000] {processor.py:161} INFO - Started process (PID=2948) to work on /home/airflow/.local/lib/python3.8/site-packages/airflow/example_dags/example_params_ui_tutorial.py
[2026-04-18T20:38:05.177+0000] {processor.py:830} INFO - Processing file /home/airflow/.local/lib/python3.8/site-packages/airflow/example_dags/example_params_ui_tutorial.py for tasks to queue
[2026-04-18T20:38:05.180+0000] {logging_mixin.py:188} INFO - [2026-04-18T20:38:05.180+0000] {dagbag.py:538} INFO - Filling up the DagBag from /home/airflow/.local/lib/python3.8/site-packages/airflow/example_dags/example_params_ui_tutorial.py
[2026-04-18T20:38:05.210+0000] {processor.py:840} INFO - DAG(s) 'example_params_ui_tutorial' retrieved from /home/airflow/.local/lib/python3.8/site-packages/airflow/example_dags/example_params_ui_tutorial.py
[2026-04-18T20:38:05.325+0000] {logging_mixin.py:188} INFO - [2026-04-18T20:38:05.324+0000] {dag.py:3036} INFO - Sync 1 DAGs
[2026-04-18T20:38:05.360+0000] {logging_mixin.py:188} INFO - [2026-04-18T20:38:05.359+0000] {dag.py:3823} INFO - Setting next_dagrun for example_params_ui_tutorial to None, run_after=None
[2026-04-18T20:38:05.404+0000] {processor.py:183} INFO - Processing /home/airflow/.local/lib/python3.8/site-packages/airflow/example_dags/example_params_ui_tutorial.py took 0.234 seconds
[2026-04-18T20:38:35.872+0000] {processor.py:161} INFO - Started process (PID=3005) to work on /home/airflow/.local/lib/python3.8/site-packages/airflow/example_dags/example_params_ui_tutorial.py
[2026-04-18T20:38:35.875+0000] {processor.py:830} INFO - Processing file /home/airflow/.local/lib/python3.8/site-packages/airflow/example_dags/example_params_ui_tutorial.py for tasks to queue
[2026-04-18T20:38:35.880+0000] {logging_mixin.py:188} INFO - [2026-04-18T20:38:35.879+0000] {dagbag.py:538} INFO - Filling up the DagBag from /home/airflow/.local/lib/python3.8/site-packages/airflow/example_dags/example_params_ui_tutorial.py
[2026-04-18T20:38:35.941+0000] {processor.py:840} INFO - DAG(s) 'example_params_ui_tutorial' retrieved from /home/airflow/.local/lib/python3.8/site-packages/airflow/example_dags/example_params_ui_tutorial.py
[2026-04-18T20:38:36.195+0000] {logging_mixin.py:188} INFO - [2026-04-18T20:38:36.195+0000] {dag.py:3036} INFO - Sync 1 DAGs
[2026-04-18T20:38:36.284+0000] {logging_mixin.py:188} INFO - [2026-04-18T20:38:36.277+0000] {dag.py:3823} INFO - Setting next_dagrun for example_params_ui_tutorial to None, run_after=None
[2026-04-18T20:38:36.387+0000] {processor.py:183} INFO - Processing /home/airflow/.local/lib/python3.8/site-packages/airflow/example_dags/example_params_ui_tutorial.py took 0.527 seconds
[2026-04-18T20:39:07.368+0000] {processor.py:161} INFO - Started process (PID=3063) to work on /home/airflow/.local/lib/python3.8/site-packages/airflow/example_dags/example_params_ui_tutorial.py
[2026-04-18T20:39:07.380+0000] {processor.py:830} INFO - Processing file /home/airflow/.local/lib/python3.8/site-packages/airflow/example_dags/example_params_ui_tutorial.py for tasks to queue
[2026-04-18T20:39:07.385+0000] {logging_mixin.py:188} INFO - [2026-04-18T20:39:07.385+0000] {dagbag.py:538} INFO - Filling up the DagBag from /home/airflow/.local/lib/python3.8/site-packages/airflow/example_dags/example_params_ui_tutorial.py
[2026-04-18T20:39:07.448+0000] {processor.py:840} INFO - DAG(s) 'example_params_ui_tutorial' retrieved from /home/airflow/.local/lib/python3.8/site-packages/airflow/example_dags/example_params_ui_tutorial.py
[2026-04-18T20:39:07.820+0000] {logging_mixin.py:188} INFO - [2026-04-18T20:39:07.819+0000] {dag.py:3036} INFO - Sync 1 DAGs
[2026-04-18T20:39:07.895+0000] {logging_mixin.py:188} INFO - [2026-04-18T20:39:07.894+0000] {dag.py:3823} INFO - Setting next_dagrun for example_params_ui_tutorial to None, run_after=None
[2026-04-18T20:39:08.005+0000] {processor.py:183} INFO - Processing /home/airflow/.local/lib/python3.8/site-packages/airflow/example_dags/example_params_ui_tutorial.py took 0.644 seconds
[2026-04-18T20:39:38.217+0000] {processor.py:161} INFO - Started process (PID=3121) to work on /home/airflow/.local/lib/python3.8/site-packages/airflow/example_dags/example_params_ui_tutorial.py
[2026-04-18T20:39:38.230+0000] {processor.py:830} INFO - Processing file /home/airflow/.local/lib/python3.8/site-packages/airflow/example_dags/example_params_ui_tutorial.py for tasks to queue
[2026-04-18T20:39:38.237+0000] {logging_mixin.py:188} INFO - [2026-04-18T20:39:38.236+0000] {dagbag.py:538} INFO - Filling up the DagBag from /home/airflow/.local/lib/python3.8/site-packages/airflow/example_dags/example_params_ui_tutorial.py
[2026-04-18T20:39:38.325+0000] {processor.py:840} INFO - DAG(s) 'example_params_ui_tutorial' retrieved from /home/airflow/.local/lib/python3.8/site-packages/airflow/example_dags/example_params_ui_tutorial.py
[2026-04-18T20:39:38.626+0000] {logging_mixin.py:188} INFO - [2026-04-18T20:39:38.625+0000] {dag.py:3036} INFO - Sync 1 DAGs
[2026-04-18T20:39:38.681+0000] {logging_mixin.py:188} INFO - [2026-04-18T20:39:38.681+0000] {dag.py:3823} INFO - Setting next_dagrun for example_params_ui_tutorial to None, run_after=None
[2026-04-18T20:39:38.791+0000] {processor.py:183} INFO - Processing /home/airflow/.local/lib/python3.8/site-packages/airflow/example_dags/example_params_ui_tutorial.py took 0.581 seconds
[2026-04-18T20:40:09.392+0000] {processor.py:161} INFO - Started process (PID=3178) to work on /home/airflow/.local/lib/python3.8/site-packages/airflow/example_dags/example_params_ui_tutorial.py
[2026-04-18T20:40:09.394+0000] {processor.py:830} INFO - Processing file /home/airflow/.local/lib/python3.8/site-packages/airflow/example_dags/example_params_ui_tutorial.py for tasks to queue
[2026-04-18T20:40:09.409+0000] {logging_mixin.py:188} INFO - [2026-04-18T20:40:09.408+0000] {dagbag.py:538} INFO - Filling up the DagBag from /home/airflow/.local/lib/python3.8/site-packages/airflow/example_dags/example_params_ui_tutorial.py
[2026-04-18T20:40:09.483+0000] {processor.py:840} INFO - DAG(s) 'example_params_ui_tutorial' retrieved from /home/airflow/.local/lib/python3.8/site-packages/airflow/example_dags/example_params_ui_tutorial.py
[2026-04-18T20:40:09.853+0000] {logging_mixin.py:188} INFO - [2026-04-18T20:40:09.852+0000] {dag.py:3036} INFO - Sync 1 DAGs
[2026-04-18T20:40:09.931+0000] {logging_mixin.py:188} INFO - [2026-04-18T20:40:09.930+0000] {dag.py:3823} INFO - Setting next_dagrun for example_params_ui_tutorial to None, run_after=None
[2026-04-18T20:40:10.082+0000] {processor.py:183} INFO - Processing /home/airflow/.local/lib/python3.8/site-packages/airflow/example_dags/example_params_ui_tutorial.py took 0.723 seconds
[2026-04-18T20:40:40.505+0000] {processor.py:161} INFO - Started process (PID=3236) to work on /home/airflow/.local/lib/python3.8/site-packages/airflow/example_dags/example_params_ui_tutorial.py
[2026-04-18T20:40:40.508+0000] {processor.py:830} INFO - Processing file /home/airflow/.local/lib/python3.8/site-packages/airflow/example_dags/example_params_ui_tutorial.py for tasks to queue
[2026-04-18T20:40:40.521+0000] {logging_mixin.py:188} INFO - [2026-04-18T20:40:40.520+0000] {dagbag.py:538} INFO - Filling up the DagBag from /home/airflow/.local/lib/python3.8/site-packages/airflow/example_dags/example_params_ui_tutorial.py
[2026-04-18T20:40:40.603+0000] {processor.py:840} INFO - DAG(s) 'example_params_ui_tutorial' retrieved from /home/airflow/.local/lib/python3.8/site-packages/airflow/example_dags/example_params_ui_tutorial.py
[2026-04-18T20:40:40.872+0000] {logging_mixin.py:188} INFO - [2026-04-18T20:40:40.871+0000] {dag.py:3036} INFO - Sync 1 DAGs
[2026-04-18T20:40:40.932+0000] {logging_mixin.py:188} INFO - [2026-04-18T20:40:40.931+0000] {dag.py:3823} INFO - Setting next_dagrun for example_params_ui_tutorial to None, run_after=None
[2026-04-18T20:40:41.081+0000] {processor.py:183} INFO - Processing /home/airflow/.local/lib/python3.8/site-packages/airflow/example_dags/example_params_ui_tutorial.py took 0.594 seconds
[2026-04-18T20:41:11.463+0000] {processor.py:161} INFO - Started process (PID=3293) to work on /home/airflow/.local/lib/python3.8/site-packages/airflow/example_dags/example_params_ui_tutorial.py
[2026-04-18T20:41:11.469+0000] {processor.py:830} INFO - Processing file /home/airflow/.local/lib/python3.8/site-packages/airflow/example_dags/example_params_ui_tutorial.py for tasks to queue
[2026-04-18T20:41:11.490+0000] {logging_mixin.py:188} INFO - [2026-04-18T20:41:11.489+0000] {dagbag.py:538} INFO - Filling up the DagBag from /home/airflow/.local/lib/python3.8/site-packages/airflow/example_dags/example_params_ui_tutorial.py
[2026-04-18T20:41:11.558+0000] {processor.py:840} INFO - DAG(s) 'example_params_ui_tutorial' retrieved from /home/airflow/.local/lib/python3.8/site-packages/airflow/example_dags/example_params_ui_tutorial.py
[2026-04-18T20:41:11.793+0000] {logging_mixin.py:188} INFO - [2026-04-18T20:41:11.792+0000] {dag.py:3036} INFO - Sync 1 DAGs
[2026-04-18T20:41:11.857+0000] {logging_mixin.py:188} INFO - [2026-04-18T20:41:11.857+0000] {dag.py:3823} INFO - Setting next_dagrun for example_params_ui_tutorial to None, run_after=None
[2026-04-18T20:41:12.005+0000] {processor.py:183} INFO - Processing /home/airflow/.local/lib/python3.8/site-packages/airflow/example_dags/example_params_ui_tutorial.py took 0.556 seconds
[2026-04-18T20:41:42.117+0000] {processor.py:161} INFO - Started process (PID=3350) to work on /home/airflow/.local/lib/python3.8/site-packages/airflow/example_dags/example_params_ui_tutorial.py
[2026-04-18T20:41:42.120+0000] {processor.py:830} INFO - Processing file /home/airflow/.local/lib/python3.8/site-packages/airflow/example_dags/example_params_ui_tutorial.py for tasks to queue
[2026-04-18T20:41:42.133+0000] {logging_mixin.py:188} INFO - [2026-04-18T20:41:42.132+0000] {dagbag.py:538} INFO - Filling up the DagBag from /home/airflow/.local/lib/python3.8/site-packages/airflow/example_dags/example_params_ui_tutorial.py
[2026-04-18T20:41:42.200+0000] {processor.py:840} INFO - DAG(s) 'example_params_ui_tutorial' retrieved from /home/airflow/.local/lib/python3.8/site-packages/airflow/example_dags/example_params_ui_tutorial.py
[2026-04-18T20:41:42.568+0000] {logging_mixin.py:188} INFO - [2026-04-18T20:41:42.566+0000] {dag.py:3036} INFO - Sync 1 DAGs
[2026-04-18T20:41:42.644+0000] {logging_mixin.py:188} INFO - [2026-04-18T20:41:42.643+0000] {dag.py:3823} INFO - Setting next_dagrun for example_params_ui_tutorial to None, run_after=None
[2026-04-18T20:41:42.754+0000] {processor.py:183} INFO - Processing /home/airflow/.local/lib/python3.8/site-packages/airflow/example_dags/example_params_ui_tutorial.py took 0.643 seconds
[2026-04-18T20:42:13.266+0000] {processor.py:161} INFO - Started process (PID=3407) to work on /home/airflow/.local/lib/python3.8/site-packages/airflow/example_dags/example_params_ui_tutorial.py
[2026-04-18T20:42:13.273+0000] {processor.py:830} INFO - Processing file /home/airflow/.local/lib/python3.8/site-packages/airflow/example_dags/example_params_ui_tutorial.py for tasks to queue
[2026-04-18T20:42:13.280+0000] {logging_mixin.py:188} INFO - [2026-04-18T20:42:13.279+0000] {dagbag.py:538} INFO - Filling up the DagBag from /home/airflow/.local/lib/python3.8/site-packages/airflow/example_dags/example_params_ui_tutorial.py
[2026-04-18T20:42:13.319+0000] {processor.py:840} INFO - DAG(s) 'example_params_ui_tutorial' retrieved from /home/airflow/.local/lib/python3.8/site-packages/airflow/example_dags/example_params_ui_tutorial.py
[2026-04-18T20:42:13.492+0000] {logging_mixin.py:188} INFO - [2026-04-18T20:42:13.491+0000] {dag.py:3036} INFO - Sync 1 DAGs
[2026-04-18T20:42:13.518+0000] {logging_mixin.py:188} INFO - [2026-04-18T20:42:13.517+0000] {dag.py:3823} INFO - Setting next_dagrun for example_params_ui_tutorial to None, run_after=None
[2026-04-18T20:42:13.569+0000] {processor.py:183} INFO - Processing /home/airflow/.local/lib/python3.8/site-packages/airflow/example_dags/example_params_ui_tutorial.py took 0.310 seconds
[2026-04-18T20:42:43.731+0000] {processor.py:161} INFO - Started process (PID=3465) to work on /home/airflow/.local/lib/python3.8/site-packages/airflow/example_dags/example_params_ui_tutorial.py
[2026-04-18T20:42:43.734+0000] {processor.py:830} INFO - Processing file /home/airflow/.local/lib/python3.8/site-packages/airflow/example_dags/example_params_ui_tutorial.py for tasks to queue
[2026-04-18T20:42:43.739+0000] {logging_mixin.py:188} INFO - [2026-04-18T20:42:43.738+0000] {dagbag.py:538} INFO - Filling up the DagBag from /home/airflow/.local/lib/python3.8/site-packages/airflow/example_dags/example_params_ui_tutorial.py
[2026-04-18T20:42:43.752+0000] {processor.py:840} INFO - DAG(s) 'example_params_ui_tutorial' retrieved from /home/airflow/.local/lib/python3.8/site-packages/airflow/example_dags/example_params_ui_tutorial.py
[2026-04-18T20:42:43.832+0000] {logging_mixin.py:188} INFO - [2026-04-18T20:42:43.831+0000] {dag.py:3036} INFO - Sync 1 DAGs
[2026-04-18T20:42:43.854+0000] {logging_mixin.py:188} INFO - [2026-04-18T20:42:43.853+0000] {dag.py:3823} INFO - Setting next_dagrun for example_params_ui_tutorial to None, run_after=None
[2026-04-18T20:42:43.889+0000] {processor.py:183} INFO - Processing /home/airflow/.local/lib/python3.8/site-packages/airflow/example_dags/example_params_ui_tutorial.py took 0.161 seconds
[2026-04-18T20:43:14.498+0000] {processor.py:161} INFO - Started process (PID=3521) to work on /home/airflow/.local/lib/python3.8/site-packages/airflow/example_dags/example_params_ui_tutorial.py
[2026-04-18T20:43:14.501+0000] {processor.py:830} INFO - Processing file /home/airflow/.local/lib/python3.8/site-packages/airflow/example_dags/example_params_ui_tutorial.py for tasks to queue
[2026-04-18T20:43:14.505+0000] {logging_mixin.py:188} INFO - [2026-04-18T20:43:14.504+0000] {dagbag.py:538} INFO - Filling up the DagBag from /home/airflow/.local/lib/python3.8/site-packages/airflow/example_dags/example_params_ui_tutorial.py
[2026-04-18T20:43:14.538+0000] {processor.py:840} INFO - DAG(s) 'example_params_ui_tutorial' retrieved from /home/airflow/.local/lib/python3.8/site-packages/airflow/example_dags/example_params_ui_tutorial.py
[2026-04-18T20:43:14.662+0000] {logging_mixin.py:188} INFO - [2026-04-18T20:43:14.661+0000] {dag.py:3036} INFO - Sync 1 DAGs
[2026-04-18T20:43:14.685+0000] {logging_mixin.py:188} INFO - [2026-04-18T20:43:14.684+0000] {dag.py:3823} INFO - Setting next_dagrun for example_params_ui_tutorial to None, run_after=None
[2026-04-18T20:43:14.729+0000] {processor.py:183} INFO - Processing /home/airflow/.local/lib/python3.8/site-packages/airflow/example_dags/example_params_ui_tutorial.py took 0.236 seconds
[2026-04-18T20:43:45.024+0000] {processor.py:161} INFO - Started process (PID=3578) to work on /home/airflow/.local/lib/python3.8/site-packages/airflow/example_dags/example_params_ui_tutorial.py
[2026-04-18T20:43:45.026+0000] {processor.py:830} INFO - Processing file /home/airflow/.local/lib/python3.8/site-packages/airflow/example_dags/example_params_ui_tutorial.py for tasks to queue
[2026-04-18T20:43:45.029+0000] {logging_mixin.py:188} INFO - [2026-04-18T20:43:45.028+0000] {dagbag.py:538} INFO - Filling up the DagBag from /home/airflow/.local/lib/python3.8/site-packages/airflow/example_dags/example_params_ui_tutorial.py
[2026-04-18T20:43:45.052+0000] {processor.py:840} INFO - DAG(s) 'example_params_ui_tutorial' retrieved from /home/airflow/.local/lib/python3.8/site-packages/airflow/example_dags/example_params_ui_tutorial.py
[2026-04-18T20:43:45.175+0000] {logging_mixin.py:188} INFO - [2026-04-18T20:43:45.174+0000] {dag.py:3036} INFO - Sync 1 DAGs
[2026-04-18T20:43:45.213+0000] {logging_mixin.py:188} INFO - [2026-04-18T20:43:45.213+0000] {dag.py:3823} INFO - Setting next_dagrun for example_params_ui_tutorial to None, run_after=None
[2026-04-18T20:43:45.253+0000] {processor.py:183} INFO - Processing /home/airflow/.local/lib/python3.8/site-packages/airflow/example_dags/example_params_ui_tutorial.py took 0.234 seconds
[2026-04-18T20:44:15.534+0000] {processor.py:161} INFO - Started process (PID=3635) to work on /home/airflow/.local/lib/python3.8/site-packages/airflow/example_dags/example_params_ui_tutorial.py
[2026-04-18T20:44:15.536+0000] {processor.py:830} INFO - Processing file /home/airflow/.local/lib/python3.8/site-packages/airflow/example_dags/example_params_ui_tutorial.py for tasks to queue
[2026-04-18T20:44:15.538+0000] {logging_mixin.py:188} INFO - [2026-04-18T20:44:15.538+0000] {dagbag.py:538} INFO - Filling up the DagBag from /home/airflow/.local/lib/python3.8/site-packages/airflow/example_dags/example_params_ui_tutorial.py
[2026-04-18T20:44:15.554+0000] {processor.py:840} INFO - DAG(s) 'example_params_ui_tutorial' retrieved from /home/airflow/.local/lib/python3.8/site-packages/airflow/example_dags/example_params_ui_tutorial.py
[2026-04-18T20:44:15.637+0000] {logging_mixin.py:188} INFO - [2026-04-18T20:44:15.636+0000] {dag.py:3036} INFO - Sync 1 DAGs
[2026-04-18T20:44:15.662+0000] {logging_mixin.py:188} INFO - [2026-04-18T20:44:15.662+0000] {dag.py:3823} INFO - Setting next_dagrun for example_params_ui_tutorial to None, run_after=None
[2026-04-18T20:44:15.702+0000] {processor.py:183} INFO - Processing /home/airflow/.local/lib/python3.8/site-packages/airflow/example_dags/example_params_ui_tutorial.py took 0.172 seconds
[2026-04-18T20:44:45.858+0000] {processor.py:161} INFO - Started process (PID=3692) to work on /home/airflow/.local/lib/python3.8/site-packages/airflow/example_dags/example_params_ui_tutorial.py
[2026-04-18T20:44:45.860+0000] {processor.py:830} INFO - Processing file /home/airflow/.local/lib/python3.8/site-packages/airflow/example_dags/example_params_ui_tutorial.py for tasks to queue
[2026-04-18T20:44:45.865+0000] {logging_mixin.py:188} INFO - [2026-04-18T20:44:45.864+0000] {dagbag.py:538} INFO - Filling up the DagBag from /home/airflow/.local/lib/python3.8/site-packages/airflow/example_dags/example_params_ui_tutorial.py
[2026-04-18T20:44:45.894+0000] {processor.py:840} INFO - DAG(s) 'example_params_ui_tutorial' retrieved from /home/airflow/.local/lib/python3.8/site-packages/airflow/example_dags/example_params_ui_tutorial.py
[2026-04-18T20:44:46.053+0000] {logging_mixin.py:188} INFO - [2026-04-18T20:44:46.053+0000] {dag.py:3036} INFO - Sync 1 DAGs
[2026-04-18T20:44:46.094+0000] {logging_mixin.py:188} INFO - [2026-04-18T20:44:46.094+0000] {dag.py:3823} INFO - Setting next_dagrun for example_params_ui_tutorial to None, run_after=None
[2026-04-18T20:44:46.176+0000] {processor.py:183} INFO - Processing /home/airflow/.local/lib/python3.8/site-packages/airflow/example_dags/example_params_ui_tutorial.py took 0.325 seconds
[2026-04-18T20:45:16.361+0000] {processor.py:161} INFO - Started process (PID=3750) to work on /home/airflow/.local/lib/python3.8/site-packages/airflow/example_dags/example_params_ui_tutorial.py
[2026-04-18T20:45:16.365+0000] {processor.py:830} INFO - Processing file /home/airflow/.local/lib/python3.8/site-packages/airflow/example_dags/example_params_ui_tutorial.py for tasks to queue
[2026-04-18T20:45:16.368+0000] {logging_mixin.py:188} INFO - [2026-04-18T20:45:16.368+0000] {dagbag.py:538} INFO - Filling up the DagBag from /home/airflow/.local/lib/python3.8/site-packages/airflow/example_dags/example_params_ui_tutorial.py
[2026-04-18T20:45:16.392+0000] {processor.py:840} INFO - DAG(s) 'example_params_ui_tutorial' retrieved from /home/airflow/.local/lib/python3.8/site-packages/airflow/example_dags/example_params_ui_tutorial.py
[2026-04-18T20:45:16.498+0000] {logging_mixin.py:188} INFO - [2026-04-18T20:45:16.498+0000] {dag.py:3036} INFO - Sync 1 DAGs
[2026-04-18T20:45:16.519+0000] {logging_mixin.py:188} INFO - [2026-04-18T20:45:16.519+0000] {dag.py:3823} INFO - Setting next_dagrun for example_params_ui_tutorial to None, run_after=None
[2026-04-18T20:45:16.549+0000] {processor.py:183} INFO - Processing /home/airflow/.local/lib/python3.8/site-packages/airflow/example_dags/example_params_ui_tutorial.py took 0.194 seconds
[2026-04-18T20:45:46.651+0000] {processor.py:161} INFO - Started process (PID=3806) to work on /home/airflow/.local/lib/python3.8/site-packages/airflow/example_dags/example_params_ui_tutorial.py
[2026-04-18T20:45:46.653+0000] {processor.py:830} INFO - Processing file /home/airflow/.local/lib/python3.8/site-packages/airflow/example_dags/example_params_ui_tutorial.py for tasks to queue
[2026-04-18T20:45:46.656+0000] {logging_mixin.py:188} INFO - [2026-04-18T20:45:46.656+0000] {dagbag.py:538} INFO - Filling up the DagBag from /home/airflow/.local/lib/python3.8/site-packages/airflow/example_dags/example_params_ui_tutorial.py
[2026-04-18T20:45:46.679+0000] {processor.py:840} INFO - DAG(s) 'example_params_ui_tutorial' retrieved from /home/airflow/.local/lib/python3.8/site-packages/airflow/example_dags/example_params_ui_tutorial.py
[2026-04-18T20:45:46.772+0000] {logging_mixin.py:188} INFO - [2026-04-18T20:45:46.771+0000] {dag.py:3036} INFO - Sync 1 DAGs
[2026-04-18T20:45:46.789+0000] {logging_mixin.py:188} INFO - [2026-04-18T20:45:46.789+0000] {dag.py:3823} INFO - Setting next_dagrun for example_params_ui_tutorial to None, run_after=None
[2026-04-18T20:45:46.824+0000] {processor.py:183} INFO - Processing /home/airflow/.local/lib/python3.8/site-packages/airflow/example_dags/example_params_ui_tutorial.py took 0.178 seconds
[2026-04-18T20:46:17.104+0000] {processor.py:161} INFO - Started process (PID=3864) to work on /home/airflow/.local/lib/python3.8/site-packages/airflow/example_dags/example_params_ui_tutorial.py
[2026-04-18T20:46:17.105+0000] {processor.py:830} INFO - Processing file /home/airflow/.local/lib/python3.8/site-packages/airflow/example_dags/example_params_ui_tutorial.py for tasks to queue
[2026-04-18T20:46:17.108+0000] {logging_mixin.py:188} INFO - [2026-04-18T20:46:17.107+0000] {dagbag.py:538} INFO - Filling up the DagBag from /home/airflow/.local/lib/python3.8/site-packages/airflow/example_dags/example_params_ui_tutorial.py
[2026-04-18T20:46:17.125+0000] {processor.py:840} INFO - DAG(s) 'example_params_ui_tutorial' retrieved from /home/airflow/.local/lib/python3.8/site-packages/airflow/example_dags/example_params_ui_tutorial.py
[2026-04-18T20:46:17.201+0000] {logging_mixin.py:188} INFO - [2026-04-18T20:46:17.199+0000] {dag.py:3036} INFO - Sync 1 DAGs
[2026-04-18T20:46:17.219+0000] {logging_mixin.py:188} INFO - [2026-04-18T20:46:17.219+0000] {dag.py:3823} INFO - Setting next_dagrun for example_params_ui_tutorial to None, run_after=None
[2026-04-18T20:46:17.307+0000] {processor.py:183} INFO - Processing /home/airflow/.local/lib/python3.8/site-packages/airflow/example_dags/example_params_ui_tutorial.py took 0.209 seconds
[2026-04-18T20:46:47.774+0000] {processor.py:161} INFO - Started process (PID=3927) to work on /home/airflow/.local/lib/python3.8/site-packages/airflow/example_dags/example_params_ui_tutorial.py
[2026-04-18T20:46:47.775+0000] {processor.py:830} INFO - Processing file /home/airflow/.local/lib/python3.8/site-packages/airflow/example_dags/example_params_ui_tutorial.py for tasks to queue
[2026-04-18T20:46:47.780+0000] {logging_mixin.py:188} INFO - [2026-04-18T20:46:47.778+0000] {dagbag.py:538} INFO - Filling up the DagBag from /home/airflow/.local/lib/python3.8/site-packages/airflow/example_dags/example_params_ui_tutorial.py
[2026-04-18T20:46:47.808+0000] {processor.py:840} INFO - DAG(s) 'example_params_ui_tutorial' retrieved from /home/airflow/.local/lib/python3.8/site-packages/airflow/example_dags/example_params_ui_tutorial.py
[2026-04-18T20:46:47.924+0000] {logging_mixin.py:188} INFO - [2026-04-18T20:46:47.923+0000] {dag.py:3036} INFO - Sync 1 DAGs
[2026-04-18T20:46:47.952+0000] {logging_mixin.py:188} INFO - [2026-04-18T20:46:47.951+0000] {dag.py:3823} INFO - Setting next_dagrun for example_params_ui_tutorial to None, run_after=None
[2026-04-18T20:46:47.990+0000] {processor.py:183} INFO - Processing /home/airflow/.local/lib/python3.8/site-packages/airflow/example_dags/example_params_ui_tutorial.py took 0.221 seconds
[2026-04-18T20:47:18.142+0000] {processor.py:161} INFO - Started process (PID=3985) to work on /home/airflow/.local/lib/python3.8/site-packages/airflow/example_dags/example_params_ui_tutorial.py
[2026-04-18T20:47:18.144+0000] {processor.py:830} INFO - Processing file /home/airflow/.local/lib/python3.8/site-packages/airflow/example_dags/example_params_ui_tutorial.py for tasks to queue
[2026-04-18T20:47:18.147+0000] {logging_mixin.py:188} INFO - [2026-04-18T20:47:18.147+0000] {dagbag.py:538} INFO - Filling up the DagBag from /home/airflow/.local/lib/python3.8/site-packages/airflow/example_dags/example_params_ui_tutorial.py
[2026-04-18T20:47:18.164+0000] {processor.py:840} INFO - DAG(s) 'example_params_ui_tutorial' retrieved from /home/airflow/.local/lib/python3.8/site-packages/airflow/example_dags/example_params_ui_tutorial.py
[2026-04-18T20:47:18.266+0000] {logging_mixin.py:188} INFO - [2026-04-18T20:47:18.266+0000] {dag.py:3036} INFO - Sync 1 DAGs
[2026-04-18T20:47:18.282+0000] {logging_mixin.py:188} INFO - [2026-04-18T20:47:18.282+0000] {dag.py:3823} INFO - Setting next_dagrun for example_params_ui_tutorial to None, run_after=None
[2026-04-18T20:47:18.312+0000] {processor.py:183} INFO - Processing /home/airflow/.local/lib/python3.8/site-packages/airflow/example_dags/example_params_ui_tutorial.py took 0.175 seconds
[2026-04-18T20:47:48.835+0000] {processor.py:161} INFO - Started process (PID=4041) to work on /home/airflow/.local/lib/python3.8/site-packages/airflow/example_dags/example_params_ui_tutorial.py
[2026-04-18T20:47:48.837+0000] {processor.py:830} INFO - Processing file /home/airflow/.local/lib/python3.8/site-packages/airflow/example_dags/example_params_ui_tutorial.py for tasks to queue
[2026-04-18T20:47:48.841+0000] {logging_mixin.py:188} INFO - [2026-04-18T20:47:48.841+0000] {dagbag.py:538} INFO - Filling up the DagBag from /home/airflow/.local/lib/python3.8/site-packages/airflow/example_dags/example_params_ui_tutorial.py
[2026-04-18T20:47:48.874+0000] {processor.py:840} INFO - DAG(s) 'example_params_ui_tutorial' retrieved from /home/airflow/.local/lib/python3.8/site-packages/airflow/example_dags/example_params_ui_tutorial.py
[2026-04-18T20:47:48.992+0000] {logging_mixin.py:188} INFO - [2026-04-18T20:47:48.991+0000] {dag.py:3036} INFO - Sync 1 DAGs
[2026-04-18T20:47:49.013+0000] {logging_mixin.py:188} INFO - [2026-04-18T20:47:49.013+0000] {dag.py:3823} INFO - Setting next_dagrun for example_params_ui_tutorial to None, run_after=None
[2026-04-18T20:47:49.051+0000] {processor.py:183} INFO - Processing /home/airflow/.local/lib/python3.8/site-packages/airflow/example_dags/example_params_ui_tutorial.py took 0.222 seconds
[2026-04-18T20:48:19.367+0000] {processor.py:161} INFO - Started process (PID=4100) to work on /home/airflow/.local/lib/python3.8/site-packages/airflow/example_dags/example_params_ui_tutorial.py
[2026-04-18T20:48:19.372+0000] {processor.py:830} INFO - Processing file /home/airflow/.local/lib/python3.8/site-packages/airflow/example_dags/example_params_ui_tutorial.py for tasks to queue
[2026-04-18T20:48:19.378+0000] {logging_mixin.py:188} INFO - [2026-04-18T20:48:19.377+0000] {dagbag.py:538} INFO - Filling up the DagBag from /home/airflow/.local/lib/python3.8/site-packages/airflow/example_dags/example_params_ui_tutorial.py
[2026-04-18T20:48:19.412+0000] {processor.py:840} INFO - DAG(s) 'example_params_ui_tutorial' retrieved from /home/airflow/.local/lib/python3.8/site-packages/airflow/example_dags/example_params_ui_tutorial.py
[2026-04-18T20:48:19.568+0000] {logging_mixin.py:188} INFO - [2026-04-18T20:48:19.568+0000] {dag.py:3036} INFO - Sync 1 DAGs
[2026-04-18T20:48:19.612+0000] {logging_mixin.py:188} INFO - [2026-04-18T20:48:19.612+0000] {dag.py:3823} INFO - Setting next_dagrun for example_params_ui_tutorial to None, run_after=None
[2026-04-18T20:48:19.660+0000] {processor.py:183} INFO - Processing /home/airflow/.local/lib/python3.8/site-packages/airflow/example_dags/example_params_ui_tutorial.py took 0.305 seconds
[2026-04-18T20:48:50.117+0000] {processor.py:161} INFO - Started process (PID=4158) to work on /home/airflow/.local/lib/python3.8/site-packages/airflow/example_dags/example_params_ui_tutorial.py
[2026-04-18T20:48:50.119+0000] {processor.py:830} INFO - Processing file /home/airflow/.local/lib/python3.8/site-packages/airflow/example_dags/example_params_ui_tutorial.py for tasks to queue
[2026-04-18T20:48:50.123+0000] {logging_mixin.py:188} INFO - [2026-04-18T20:48:50.122+0000] {dagbag.py:538} INFO - Filling up the DagBag from /home/airflow/.local/lib/python3.8/site-packages/airflow/example_dags/example_params_ui_tutorial.py
[2026-04-18T20:48:50.148+0000] {processor.py:840} INFO - DAG(s) 'example_params_ui_tutorial' retrieved from /home/airflow/.local/lib/python3.8/site-packages/airflow/example_dags/example_params_ui_tutorial.py
[2026-04-18T20:48:50.315+0000] {logging_mixin.py:188} INFO - [2026-04-18T20:48:50.315+0000] {dag.py:3036} INFO - Sync 1 DAGs
[2026-04-18T20:48:50.338+0000] {logging_mixin.py:188} INFO - [2026-04-18T20:48:50.337+0000] {dag.py:3823} INFO - Setting next_dagrun for example_params_ui_tutorial to None, run_after=None
[2026-04-18T20:48:50.381+0000] {processor.py:183} INFO - Processing /home/airflow/.local/lib/python3.8/site-packages/airflow/example_dags/example_params_ui_tutorial.py took 0.273 seconds
[2026-04-18T20:49:20.935+0000] {processor.py:161} INFO - Started process (PID=4215) to work on /home/airflow/.local/lib/python3.8/site-packages/airflow/example_dags/example_params_ui_tutorial.py
[2026-04-18T20:49:20.939+0000] {processor.py:830} INFO - Processing file /home/airflow/.local/lib/python3.8/site-packages/airflow/example_dags/example_params_ui_tutorial.py for tasks to queue
[2026-04-18T20:49:20.943+0000] {logging_mixin.py:188} INFO - [2026-04-18T20:49:20.942+0000] {dagbag.py:538} INFO - Filling up the DagBag from /home/airflow/.local/lib/python3.8/site-packages/airflow/example_dags/example_params_ui_tutorial.py
[2026-04-18T20:49:20.968+0000] {processor.py:840} INFO - DAG(s) 'example_params_ui_tutorial' retrieved from /home/airflow/.local/lib/python3.8/site-packages/airflow/example_dags/example_params_ui_tutorial.py
[2026-04-18T20:49:21.067+0000] {logging_mixin.py:188} INFO - [2026-04-18T20:49:21.066+0000] {dag.py:3036} INFO - Sync 1 DAGs
[2026-04-18T20:49:21.086+0000] {logging_mixin.py:188} INFO - [2026-04-18T20:49:21.086+0000] {dag.py:3823} INFO - Setting next_dagrun for example_params_ui_tutorial to None, run_after=None
[2026-04-18T20:49:21.123+0000] {processor.py:183} INFO - Processing /home/airflow/.local/lib/python3.8/site-packages/airflow/example_dags/example_params_ui_tutorial.py took 0.195 seconds
[2026-04-18T20:49:51.489+0000] {processor.py:161} INFO - Started process (PID=4272) to work on /home/airflow/.local/lib/python3.8/site-packages/airflow/example_dags/example_params_ui_tutorial.py
[2026-04-18T20:49:51.491+0000] {processor.py:830} INFO - Processing file /home/airflow/.local/lib/python3.8/site-packages/airflow/example_dags/example_params_ui_tutorial.py for tasks to queue
[2026-04-18T20:49:51.495+0000] {logging_mixin.py:188} INFO - [2026-04-18T20:49:51.494+0000] {dagbag.py:538} INFO - Filling up the DagBag from /home/airflow/.local/lib/python3.8/site-packages/airflow/example_dags/example_params_ui_tutorial.py
[2026-04-18T20:49:51.511+0000] {processor.py:840} INFO - DAG(s) 'example_params_ui_tutorial' retrieved from /home/airflow/.local/lib/python3.8/site-packages/airflow/example_dags/example_params_ui_tutorial.py
[2026-04-18T20:49:51.584+0000] {logging_mixin.py:188} INFO - [2026-04-18T20:49:51.584+0000] {dag.py:3036} INFO - Sync 1 DAGs
[2026-04-18T20:49:51.598+0000] {logging_mixin.py:188} INFO - [2026-04-18T20:49:51.598+0000] {dag.py:3823} INFO - Setting next_dagrun for example_params_ui_tutorial to None, run_after=None
[2026-04-18T20:49:51.631+0000] {processor.py:183} INFO - Processing /home/airflow/.local/lib/python3.8/site-packages/airflow/example_dags/example_params_ui_tutorial.py took 0.148 seconds
[2026-04-18T20:50:22.291+0000] {processor.py:161} INFO - Started process (PID=4327) to work on /home/airflow/.local/lib/python3.8/site-packages/airflow/example_dags/example_params_ui_tutorial.py
[2026-04-18T20:50:22.293+0000] {processor.py:830} INFO - Processing file /home/airflow/.local/lib/python3.8/site-packages/airflow/example_dags/example_params_ui_tutorial.py for tasks to queue
[2026-04-18T20:50:22.297+0000] {logging_mixin.py:188} INFO - [2026-04-18T20:50:22.296+0000] {dagbag.py:538} INFO - Filling up the DagBag from /home/airflow/.local/lib/python3.8/site-packages/airflow/example_dags/example_params_ui_tutorial.py
[2026-04-18T20:50:22.311+0000] {processor.py:840} INFO - DAG(s) 'example_params_ui_tutorial' retrieved from /home/airflow/.local/lib/python3.8/site-packages/airflow/example_dags/example_params_ui_tutorial.py
[2026-04-18T20:50:22.380+0000] {logging_mixin.py:188} INFO - [2026-04-18T20:50:22.380+0000] {dag.py:3036} INFO - Sync 1 DAGs
[2026-04-18T20:50:22.398+0000] {logging_mixin.py:188} INFO - [2026-04-18T20:50:22.397+0000] {dag.py:3823} INFO - Setting next_dagrun for example_params_ui_tutorial to None, run_after=None
[2026-04-18T20:50:22.427+0000] {processor.py:183} INFO - Processing /home/airflow/.local/lib/python3.8/site-packages/airflow/example_dags/example_params_ui_tutorial.py took 0.141 seconds
[2026-04-18T20:50:52.674+0000] {processor.py:161} INFO - Started process (PID=4384) to work on /home/airflow/.local/lib/python3.8/site-packages/airflow/example_dags/example_params_ui_tutorial.py
[2026-04-18T20:50:52.676+0000] {processor.py:830} INFO - Processing file /home/airflow/.local/lib/python3.8/site-packages/airflow/example_dags/example_params_ui_tutorial.py for tasks to queue
[2026-04-18T20:50:52.679+0000] {logging_mixin.py:188} INFO - [2026-04-18T20:50:52.678+0000] {dagbag.py:538} INFO - Filling up the DagBag from /home/airflow/.local/lib/python3.8/site-packages/airflow/example_dags/example_params_ui_tutorial.py
[2026-04-18T20:50:52.697+0000] {processor.py:840} INFO - DAG(s) 'example_params_ui_tutorial' retrieved from /home/airflow/.local/lib/python3.8/site-packages/airflow/example_dags/example_params_ui_tutorial.py
[2026-04-18T20:50:52.771+0000] {logging_mixin.py:188} INFO - [2026-04-18T20:50:52.771+0000] {dag.py:3036} INFO - Sync 1 DAGs
[2026-04-18T20:50:52.788+0000] {logging_mixin.py:188} INFO - [2026-04-18T20:50:52.787+0000] {dag.py:3823} INFO - Setting next_dagrun for example_params_ui_tutorial to None, run_after=None
[2026-04-18T20:50:52.824+0000] {processor.py:183} INFO - Processing /home/airflow/.local/lib/python3.8/site-packages/airflow/example_dags/example_params_ui_tutorial.py took 0.155 seconds
[2026-04-18T20:51:23.430+0000] {processor.py:161} INFO - Started process (PID=4441) to work on /home/airflow/.local/lib/python3.8/site-packages/airflow/example_dags/example_params_ui_tutorial.py
[2026-04-18T20:51:23.432+0000] {processor.py:830} INFO - Processing file /home/airflow/.local/lib/python3.8/site-packages/airflow/example_dags/example_params_ui_tutorial.py for tasks to queue
[2026-04-18T20:51:23.435+0000] {logging_mixin.py:188} INFO - [2026-04-18T20:51:23.435+0000] {dagbag.py:538} INFO - Filling up the DagBag from /home/airflow/.local/lib/python3.8/site-packages/airflow/example_dags/example_params_ui_tutorial.py
[2026-04-18T20:51:23.457+0000] {processor.py:840} INFO - DAG(s) 'example_params_ui_tutorial' retrieved from /home/airflow/.local/lib/python3.8/site-packages/airflow/example_dags/example_params_ui_tutorial.py
[2026-04-18T20:51:23.568+0000] {logging_mixin.py:188} INFO - [2026-04-18T20:51:23.568+0000] {dag.py:3036} INFO - Sync 1 DAGs
[2026-04-18T20:51:23.598+0000] {logging_mixin.py:188} INFO - [2026-04-18T20:51:23.598+0000] {dag.py:3823} INFO - Setting next_dagrun for example_params_ui_tutorial to None, run_after=None
[2026-04-18T20:51:23.643+0000] {processor.py:183} INFO - Processing /home/airflow/.local/lib/python3.8/site-packages/airflow/example_dags/example_params_ui_tutorial.py took 0.220 seconds
[2026-04-18T20:51:53.775+0000] {processor.py:161} INFO - Started process (PID=4498) to work on /home/airflow/.local/lib/python3.8/site-packages/airflow/example_dags/example_params_ui_tutorial.py
[2026-04-18T20:51:53.777+0000] {processor.py:830} INFO - Processing file /home/airflow/.local/lib/python3.8/site-packages/airflow/example_dags/example_params_ui_tutorial.py for tasks to queue
[2026-04-18T20:51:53.779+0000] {logging_mixin.py:188} INFO - [2026-04-18T20:51:53.779+0000] {dagbag.py:538} INFO - Filling up the DagBag from /home/airflow/.local/lib/python3.8/site-packages/airflow/example_dags/example_params_ui_tutorial.py
[2026-04-18T20:51:53.796+0000] {processor.py:840} INFO - DAG(s) 'example_params_ui_tutorial' retrieved from /home/airflow/.local/lib/python3.8/site-packages/airflow/example_dags/example_params_ui_tutorial.py
[2026-04-18T20:51:53.880+0000] {logging_mixin.py:188} INFO - [2026-04-18T20:51:53.880+0000] {dag.py:3036} INFO - Sync 1 DAGs
[2026-04-18T20:51:53.897+0000] {logging_mixin.py:188} INFO - [2026-04-18T20:51:53.896+0000] {dag.py:3823} INFO - Setting next_dagrun for example_params_ui_tutorial to None, run_after=None
[2026-04-18T20:51:53.928+0000] {processor.py:183} INFO - Processing /home/airflow/.local/lib/python3.8/site-packages/airflow/example_dags/example_params_ui_tutorial.py took 0.158 seconds
[2026-04-18T20:52:24.263+0000] {processor.py:161} INFO - Started process (PID=4555) to work on /home/airflow/.local/lib/python3.8/site-packages/airflow/example_dags/example_params_ui_tutorial.py
[2026-04-18T20:52:24.265+0000] {processor.py:830} INFO - Processing file /home/airflow/.local/lib/python3.8/site-packages/airflow/example_dags/example_params_ui_tutorial.py for tasks to queue
[2026-04-18T20:52:24.268+0000] {logging_mixin.py:188} INFO - [2026-04-18T20:52:24.268+0000] {dagbag.py:538} INFO - Filling up the DagBag from /home/airflow/.local/lib/python3.8/site-packages/airflow/example_dags/example_params_ui_tutorial.py
[2026-04-18T20:52:24.300+0000] {processor.py:840} INFO - DAG(s) 'example_params_ui_tutorial' retrieved from /home/airflow/.local/lib/python3.8/site-packages/airflow/example_dags/example_params_ui_tutorial.py
[2026-04-18T20:52:24.511+0000] {logging_mixin.py:188} INFO - [2026-04-18T20:52:24.510+0000] {dag.py:3036} INFO - Sync 1 DAGs
[2026-04-18T20:52:24.564+0000] {logging_mixin.py:188} INFO - [2026-04-18T20:52:24.564+0000] {dag.py:3823} INFO - Setting next_dagrun for example_params_ui_tutorial to None, run_after=None
[2026-04-18T20:52:24.718+0000] {processor.py:183} INFO - Processing /home/airflow/.local/lib/python3.8/site-packages/airflow/example_dags/example_params_ui_tutorial.py took 0.464 seconds
[2026-04-18T20:52:57.581+0000] {processor.py:161} INFO - Started process (PID=4609) to work on /home/airflow/.local/lib/python3.8/site-packages/airflow/example_dags/example_params_ui_tutorial.py
[2026-04-18T20:52:57.596+0000] {processor.py:830} INFO - Processing file /home/airflow/.local/lib/python3.8/site-packages/airflow/example_dags/example_params_ui_tutorial.py for tasks to queue
[2026-04-18T20:52:57.602+0000] {logging_mixin.py:188} INFO - [2026-04-18T20:52:57.600+0000] {dagbag.py:538} INFO - Filling up the DagBag from /home/airflow/.local/lib/python3.8/site-packages/airflow/example_dags/example_params_ui_tutorial.py
[2026-04-18T20:52:57.676+0000] {processor.py:840} INFO - DAG(s) 'example_params_ui_tutorial' retrieved from /home/airflow/.local/lib/python3.8/site-packages/airflow/example_dags/example_params_ui_tutorial.py
[2026-04-18T20:52:58.032+0000] {logging_mixin.py:188} INFO - [2026-04-18T20:52:58.031+0000] {dag.py:3036} INFO - Sync 1 DAGs
[2026-04-18T20:52:58.108+0000] {logging_mixin.py:188} INFO - [2026-04-18T20:52:58.107+0000] {dag.py:3823} INFO - Setting next_dagrun for example_params_ui_tutorial to None, run_after=None
[2026-04-18T20:52:58.235+0000] {processor.py:183} INFO - Processing /home/airflow/.local/lib/python3.8/site-packages/airflow/example_dags/example_params_ui_tutorial.py took 0.668 seconds
[2026-04-18T20:53:29.061+0000] {processor.py:161} INFO - Started process (PID=4666) to work on /home/airflow/.local/lib/python3.8/site-packages/airflow/example_dags/example_params_ui_tutorial.py
[2026-04-18T20:53:29.063+0000] {processor.py:830} INFO - Processing file /home/airflow/.local/lib/python3.8/site-packages/airflow/example_dags/example_params_ui_tutorial.py for tasks to queue
[2026-04-18T20:53:29.066+0000] {logging_mixin.py:188} INFO - [2026-04-18T20:53:29.066+0000] {dagbag.py:538} INFO - Filling up the DagBag from /home/airflow/.local/lib/python3.8/site-packages/airflow/example_dags/example_params_ui_tutorial.py
[2026-04-18T20:53:29.093+0000] {processor.py:840} INFO - DAG(s) 'example_params_ui_tutorial' retrieved from /home/airflow/.local/lib/python3.8/site-packages/airflow/example_dags/example_params_ui_tutorial.py
[2026-04-18T20:53:29.293+0000] {logging_mixin.py:188} INFO - [2026-04-18T20:53:29.293+0000] {dag.py:3036} INFO - Sync 1 DAGs
[2026-04-18T20:53:29.317+0000] {logging_mixin.py:188} INFO - [2026-04-18T20:53:29.317+0000] {dag.py:3823} INFO - Setting next_dagrun for example_params_ui_tutorial to None, run_after=None
[2026-04-18T20:53:29.365+0000] {processor.py:183} INFO - Processing /home/airflow/.local/lib/python3.8/site-packages/airflow/example_dags/example_params_ui_tutorial.py took 0.314 seconds
[2026-04-18T20:54:00.237+0000] {processor.py:161} INFO - Started process (PID=4723) to work on /home/airflow/.local/lib/python3.8/site-packages/airflow/example_dags/example_params_ui_tutorial.py
[2026-04-18T20:54:00.239+0000] {processor.py:830} INFO - Processing file /home/airflow/.local/lib/python3.8/site-packages/airflow/example_dags/example_params_ui_tutorial.py for tasks to queue
[2026-04-18T20:54:00.247+0000] {logging_mixin.py:188} INFO - [2026-04-18T20:54:00.246+0000] {dagbag.py:538} INFO - Filling up the DagBag from /home/airflow/.local/lib/python3.8/site-packages/airflow/example_dags/example_params_ui_tutorial.py
[2026-04-18T20:54:00.285+0000] {processor.py:840} INFO - DAG(s) 'example_params_ui_tutorial' retrieved from /home/airflow/.local/lib/python3.8/site-packages/airflow/example_dags/example_params_ui_tutorial.py
[2026-04-18T20:54:00.430+0000] {logging_mixin.py:188} INFO - [2026-04-18T20:54:00.430+0000] {dag.py:3036} INFO - Sync 1 DAGs
[2026-04-18T20:54:00.463+0000] {logging_mixin.py:188} INFO - [2026-04-18T20:54:00.463+0000] {dag.py:3823} INFO - Setting next_dagrun for example_params_ui_tutorial to None, run_after=None
[2026-04-18T20:54:00.510+0000] {processor.py:183} INFO - Processing /home/airflow/.local/lib/python3.8/site-packages/airflow/example_dags/example_params_ui_tutorial.py took 0.280 seconds
[2026-04-18T20:54:30.704+0000] {processor.py:161} INFO - Started process (PID=4780) to work on /home/airflow/.local/lib/python3.8/site-packages/airflow/example_dags/example_params_ui_tutorial.py
[2026-04-18T20:54:30.708+0000] {processor.py:830} INFO - Processing file /home/airflow/.local/lib/python3.8/site-packages/airflow/example_dags/example_params_ui_tutorial.py for tasks to queue
[2026-04-18T20:54:30.712+0000] {logging_mixin.py:188} INFO - [2026-04-18T20:54:30.712+0000] {dagbag.py:538} INFO - Filling up the DagBag from /home/airflow/.local/lib/python3.8/site-packages/airflow/example_dags/example_params_ui_tutorial.py
[2026-04-18T20:54:30.729+0000] {processor.py:840} INFO - DAG(s) 'example_params_ui_tutorial' retrieved from /home/airflow/.local/lib/python3.8/site-packages/airflow/example_dags/example_params_ui_tutorial.py
[2026-04-18T20:54:30.794+0000] {logging_mixin.py:188} INFO - [2026-04-18T20:54:30.793+0000] {dag.py:3036} INFO - Sync 1 DAGs
[2026-04-18T20:54:30.811+0000] {logging_mixin.py:188} INFO - [2026-04-18T20:54:30.811+0000] {dag.py:3823} INFO - Setting next_dagrun for example_params_ui_tutorial to None, run_after=None
[2026-04-18T20:54:30.846+0000] {processor.py:183} INFO - Processing /home/airflow/.local/lib/python3.8/site-packages/airflow/example_dags/example_params_ui_tutorial.py took 0.147 seconds
[2026-04-18T20:55:01.395+0000] {processor.py:161} INFO - Started process (PID=4837) to work on /home/airflow/.local/lib/python3.8/site-packages/airflow/example_dags/example_params_ui_tutorial.py
[2026-04-18T20:55:01.396+0000] {processor.py:830} INFO - Processing file /home/airflow/.local/lib/python3.8/site-packages/airflow/example_dags/example_params_ui_tutorial.py for tasks to queue
[2026-04-18T20:55:01.399+0000] {logging_mixin.py:188} INFO - [2026-04-18T20:55:01.398+0000] {dagbag.py:538} INFO - Filling up the DagBag from /home/airflow/.local/lib/python3.8/site-packages/airflow/example_dags/example_params_ui_tutorial.py
[2026-04-18T20:55:01.418+0000] {processor.py:840} INFO - DAG(s) 'example_params_ui_tutorial' retrieved from /home/airflow/.local/lib/python3.8/site-packages/airflow/example_dags/example_params_ui_tutorial.py
[2026-04-18T20:55:01.492+0000] {logging_mixin.py:188} INFO - [2026-04-18T20:55:01.492+0000] {dag.py:3036} INFO - Sync 1 DAGs
[2026-04-18T20:55:01.506+0000] {logging_mixin.py:188} INFO - [2026-04-18T20:55:01.505+0000] {dag.py:3823} INFO - Setting next_dagrun for example_params_ui_tutorial to None, run_after=None
[2026-04-18T20:55:01.541+0000] {processor.py:183} INFO - Processing /home/airflow/.local/lib/python3.8/site-packages/airflow/example_dags/example_params_ui_tutorial.py took 0.149 seconds
[2026-04-18T20:55:31.852+0000] {processor.py:161} INFO - Started process (PID=4895) to work on /home/airflow/.local/lib/python3.8/site-packages/airflow/example_dags/example_params_ui_tutorial.py
[2026-04-18T20:55:31.861+0000] {processor.py:830} INFO - Processing file /home/airflow/.local/lib/python3.8/site-packages/airflow/example_dags/example_params_ui_tutorial.py for tasks to queue
[2026-04-18T20:55:31.866+0000] {logging_mixin.py:188} INFO - [2026-04-18T20:55:31.865+0000] {dagbag.py:538} INFO - Filling up the DagBag from /home/airflow/.local/lib/python3.8/site-packages/airflow/example_dags/example_params_ui_tutorial.py
[2026-04-18T20:55:31.900+0000] {processor.py:840} INFO - DAG(s) 'example_params_ui_tutorial' retrieved from /home/airflow/.local/lib/python3.8/site-packages/airflow/example_dags/example_params_ui_tutorial.py
[2026-04-18T20:55:32.168+0000] {logging_mixin.py:188} INFO - [2026-04-18T20:55:32.167+0000] {dag.py:3036} INFO - Sync 1 DAGs
[2026-04-18T20:55:32.240+0000] {logging_mixin.py:188} INFO - [2026-04-18T20:55:32.239+0000] {dag.py:3823} INFO - Setting next_dagrun for example_params_ui_tutorial to None, run_after=None
[2026-04-18T20:55:32.341+0000] {processor.py:183} INFO - Processing /home/airflow/.local/lib/python3.8/site-packages/airflow/example_dags/example_params_ui_tutorial.py took 0.499 seconds
[2026-04-18T20:56:03.210+0000] {processor.py:161} INFO - Started process (PID=4952) to work on /home/airflow/.local/lib/python3.8/site-packages/airflow/example_dags/example_params_ui_tutorial.py
[2026-04-18T20:56:03.215+0000] {processor.py:830} INFO - Processing file /home/airflow/.local/lib/python3.8/site-packages/airflow/example_dags/example_params_ui_tutorial.py for tasks to queue
[2026-04-18T20:56:03.220+0000] {logging_mixin.py:188} INFO - [2026-04-18T20:56:03.219+0000] {dagbag.py:538} INFO - Filling up the DagBag from /home/airflow/.local/lib/python3.8/site-packages/airflow/example_dags/example_params_ui_tutorial.py
[2026-04-18T20:56:03.265+0000] {processor.py:840} INFO - DAG(s) 'example_params_ui_tutorial' retrieved from /home/airflow/.local/lib/python3.8/site-packages/airflow/example_dags/example_params_ui_tutorial.py
[2026-04-18T20:56:03.548+0000] {logging_mixin.py:188} INFO - [2026-04-18T20:56:03.546+0000] {dag.py:3036} INFO - Sync 1 DAGs
[2026-04-18T20:56:03.579+0000] {logging_mixin.py:188} INFO - [2026-04-18T20:56:03.578+0000] {dag.py:3823} INFO - Setting next_dagrun for example_params_ui_tutorial to None, run_after=None
[2026-04-18T20:56:03.626+0000] {processor.py:183} INFO - Processing /home/airflow/.local/lib/python3.8/site-packages/airflow/example_dags/example_params_ui_tutorial.py took 0.428 seconds
[2026-04-18T20:56:33.719+0000] {processor.py:161} INFO - Started process (PID=5009) to work on /home/airflow/.local/lib/python3.8/site-packages/airflow/example_dags/example_params_ui_tutorial.py
[2026-04-18T20:56:33.724+0000] {processor.py:830} INFO - Processing file /home/airflow/.local/lib/python3.8/site-packages/airflow/example_dags/example_params_ui_tutorial.py for tasks to queue
[2026-04-18T20:56:33.728+0000] {logging_mixin.py:188} INFO - [2026-04-18T20:56:33.728+0000] {dagbag.py:538} INFO - Filling up the DagBag from /home/airflow/.local/lib/python3.8/site-packages/airflow/example_dags/example_params_ui_tutorial.py
[2026-04-18T20:56:33.746+0000] {processor.py:840} INFO - DAG(s) 'example_params_ui_tutorial' retrieved from /home/airflow/.local/lib/python3.8/site-packages/airflow/example_dags/example_params_ui_tutorial.py
[2026-04-18T20:56:33.841+0000] {logging_mixin.py:188} INFO - [2026-04-18T20:56:33.841+0000] {dag.py:3036} INFO - Sync 1 DAGs
[2026-04-18T20:56:33.861+0000] {logging_mixin.py:188} INFO - [2026-04-18T20:56:33.861+0000] {dag.py:3823} INFO - Setting next_dagrun for example_params_ui_tutorial to None, run_after=None
[2026-04-18T20:56:33.897+0000] {processor.py:183} INFO - Processing /home/airflow/.local/lib/python3.8/site-packages/airflow/example_dags/example_params_ui_tutorial.py took 0.185 seconds
[2026-04-18T20:57:04.328+0000] {processor.py:161} INFO - Started process (PID=5066) to work on /home/airflow/.local/lib/python3.8/site-packages/airflow/example_dags/example_params_ui_tutorial.py
[2026-04-18T20:57:04.330+0000] {processor.py:830} INFO - Processing file /home/airflow/.local/lib/python3.8/site-packages/airflow/example_dags/example_params_ui_tutorial.py for tasks to queue
[2026-04-18T20:57:04.336+0000] {logging_mixin.py:188} INFO - [2026-04-18T20:57:04.336+0000] {dagbag.py:538} INFO - Filling up the DagBag from /home/airflow/.local/lib/python3.8/site-packages/airflow/example_dags/example_params_ui_tutorial.py
[2026-04-18T20:57:04.376+0000] {processor.py:840} INFO - DAG(s) 'example_params_ui_tutorial' retrieved from /home/airflow/.local/lib/python3.8/site-packages/airflow/example_dags/example_params_ui_tutorial.py
[2026-04-18T20:57:04.643+0000] {logging_mixin.py:188} INFO - [2026-04-18T20:57:04.642+0000] {dag.py:3036} INFO - Sync 1 DAGs
[2026-04-18T20:57:04.723+0000] {logging_mixin.py:188} INFO - [2026-04-18T20:57:04.722+0000] {dag.py:3823} INFO - Setting next_dagrun for example_params_ui_tutorial to None, run_after=None
[2026-04-18T20:57:04.838+0000] {processor.py:183} INFO - Processing /home/airflow/.local/lib/python3.8/site-packages/airflow/example_dags/example_params_ui_tutorial.py took 0.519 seconds
[2026-04-18T20:57:35.633+0000] {processor.py:161} INFO - Started process (PID=5123) to work on /home/airflow/.local/lib/python3.8/site-packages/airflow/example_dags/example_params_ui_tutorial.py
[2026-04-18T20:57:35.635+0000] {processor.py:830} INFO - Processing file /home/airflow/.local/lib/python3.8/site-packages/airflow/example_dags/example_params_ui_tutorial.py for tasks to queue
[2026-04-18T20:57:35.639+0000] {logging_mixin.py:188} INFO - [2026-04-18T20:57:35.639+0000] {dagbag.py:538} INFO - Filling up the DagBag from /home/airflow/.local/lib/python3.8/site-packages/airflow/example_dags/example_params_ui_tutorial.py
[2026-04-18T20:57:35.660+0000] {processor.py:840} INFO - DAG(s) 'example_params_ui_tutorial' retrieved from /home/airflow/.local/lib/python3.8/site-packages/airflow/example_dags/example_params_ui_tutorial.py
[2026-04-18T20:57:35.764+0000] {logging_mixin.py:188} INFO - [2026-04-18T20:57:35.764+0000] {dag.py:3036} INFO - Sync 1 DAGs
[2026-04-18T20:57:35.786+0000] {logging_mixin.py:188} INFO - [2026-04-18T20:57:35.785+0000] {dag.py:3823} INFO - Setting next_dagrun for example_params_ui_tutorial to None, run_after=None
[2026-04-18T20:57:35.836+0000] {processor.py:183} INFO - Processing /home/airflow/.local/lib/python3.8/site-packages/airflow/example_dags/example_params_ui_tutorial.py took 0.211 seconds
[2026-04-18T20:58:06.064+0000] {processor.py:161} INFO - Started process (PID=5180) to work on /home/airflow/.local/lib/python3.8/site-packages/airflow/example_dags/example_params_ui_tutorial.py
[2026-04-18T20:58:06.066+0000] {processor.py:830} INFO - Processing file /home/airflow/.local/lib/python3.8/site-packages/airflow/example_dags/example_params_ui_tutorial.py for tasks to queue
[2026-04-18T20:58:06.068+0000] {logging_mixin.py:188} INFO - [2026-04-18T20:58:06.068+0000] {dagbag.py:538} INFO - Filling up the DagBag from /home/airflow/.local/lib/python3.8/site-packages/airflow/example_dags/example_params_ui_tutorial.py
[2026-04-18T20:58:06.083+0000] {processor.py:840} INFO - DAG(s) 'example_params_ui_tutorial' retrieved from /home/airflow/.local/lib/python3.8/site-packages/airflow/example_dags/example_params_ui_tutorial.py
[2026-04-18T20:58:06.142+0000] {logging_mixin.py:188} INFO - [2026-04-18T20:58:06.142+0000] {dag.py:3036} INFO - Sync 1 DAGs
[2026-04-18T20:58:06.159+0000] {logging_mixin.py:188} INFO - [2026-04-18T20:58:06.158+0000] {dag.py:3823} INFO - Setting next_dagrun for example_params_ui_tutorial to None, run_after=None
[2026-04-18T20:58:06.192+0000] {processor.py:183} INFO - Processing /home/airflow/.local/lib/python3.8/site-packages/airflow/example_dags/example_params_ui_tutorial.py took 0.132 seconds
[2026-04-18T20:58:36.478+0000] {processor.py:161} INFO - Started process (PID=5237) to work on /home/airflow/.local/lib/python3.8/site-packages/airflow/example_dags/example_params_ui_tutorial.py
[2026-04-18T20:58:36.480+0000] {processor.py:830} INFO - Processing file /home/airflow/.local/lib/python3.8/site-packages/airflow/example_dags/example_params_ui_tutorial.py for tasks to queue
[2026-04-18T20:58:36.482+0000] {logging_mixin.py:188} INFO - [2026-04-18T20:58:36.482+0000] {dagbag.py:538} INFO - Filling up the DagBag from /home/airflow/.local/lib/python3.8/site-packages/airflow/example_dags/example_params_ui_tutorial.py
[2026-04-18T20:58:36.497+0000] {processor.py:840} INFO - DAG(s) 'example_params_ui_tutorial' retrieved from /home/airflow/.local/lib/python3.8/site-packages/airflow/example_dags/example_params_ui_tutorial.py
[2026-04-18T20:58:36.586+0000] {logging_mixin.py:188} INFO - [2026-04-18T20:58:36.586+0000] {dag.py:3036} INFO - Sync 1 DAGs
[2026-04-18T20:58:36.604+0000] {logging_mixin.py:188} INFO - [2026-04-18T20:58:36.604+0000] {dag.py:3823} INFO - Setting next_dagrun for example_params_ui_tutorial to None, run_after=None
[2026-04-18T20:58:36.653+0000] {processor.py:183} INFO - Processing /home/airflow/.local/lib/python3.8/site-packages/airflow/example_dags/example_params_ui_tutorial.py took 0.179 seconds
[2026-04-18T20:59:07.176+0000] {processor.py:161} INFO - Started process (PID=5294) to work on /home/airflow/.local/lib/python3.8/site-packages/airflow/example_dags/example_params_ui_tutorial.py
[2026-04-18T20:59:07.183+0000] {processor.py:830} INFO - Processing file /home/airflow/.local/lib/python3.8/site-packages/airflow/example_dags/example_params_ui_tutorial.py for tasks to queue
[2026-04-18T20:59:07.189+0000] {logging_mixin.py:188} INFO - [2026-04-18T20:59:07.189+0000] {dagbag.py:538} INFO - Filling up the DagBag from /home/airflow/.local/lib/python3.8/site-packages/airflow/example_dags/example_params_ui_tutorial.py
[2026-04-18T20:59:07.223+0000] {processor.py:840} INFO - DAG(s) 'example_params_ui_tutorial' retrieved from /home/airflow/.local/lib/python3.8/site-packages/airflow/example_dags/example_params_ui_tutorial.py
[2026-04-18T20:59:07.313+0000] {logging_mixin.py:188} INFO - [2026-04-18T20:59:07.313+0000] {dag.py:3036} INFO - Sync 1 DAGs
[2026-04-18T20:59:07.336+0000] {logging_mixin.py:188} INFO - [2026-04-18T20:59:07.336+0000] {dag.py:3823} INFO - Setting next_dagrun for example_params_ui_tutorial to None, run_after=None
[2026-04-18T20:59:07.367+0000] {processor.py:183} INFO - Processing /home/airflow/.local/lib/python3.8/site-packages/airflow/example_dags/example_params_ui_tutorial.py took 0.199 seconds
[2026-04-18T20:59:37.835+0000] {processor.py:161} INFO - Started process (PID=5351) to work on /home/airflow/.local/lib/python3.8/site-packages/airflow/example_dags/example_params_ui_tutorial.py
[2026-04-18T20:59:37.836+0000] {processor.py:830} INFO - Processing file /home/airflow/.local/lib/python3.8/site-packages/airflow/example_dags/example_params_ui_tutorial.py for tasks to queue
[2026-04-18T20:59:37.840+0000] {logging_mixin.py:188} INFO - [2026-04-18T20:59:37.839+0000] {dagbag.py:538} INFO - Filling up the DagBag from /home/airflow/.local/lib/python3.8/site-packages/airflow/example_dags/example_params_ui_tutorial.py
[2026-04-18T20:59:37.864+0000] {processor.py:840} INFO - DAG(s) 'example_params_ui_tutorial' retrieved from /home/airflow/.local/lib/python3.8/site-packages/airflow/example_dags/example_params_ui_tutorial.py
[2026-04-18T20:59:37.981+0000] {logging_mixin.py:188} INFO - [2026-04-18T20:59:37.980+0000] {dag.py:3036} INFO - Sync 1 DAGs
[2026-04-18T20:59:38.002+0000] {logging_mixin.py:188} INFO - [2026-04-18T20:59:38.001+0000] {dag.py:3823} INFO - Setting next_dagrun for example_params_ui_tutorial to None, run_after=None
[2026-04-18T20:59:38.042+0000] {processor.py:183} INFO - Processing /home/airflow/.local/lib/python3.8/site-packages/airflow/example_dags/example_params_ui_tutorial.py took 0.213 seconds
[2026-04-18T21:00:08.136+0000] {processor.py:161} INFO - Started process (PID=5408) to work on /home/airflow/.local/lib/python3.8/site-packages/airflow/example_dags/example_params_ui_tutorial.py
[2026-04-18T21:00:08.140+0000] {processor.py:830} INFO - Processing file /home/airflow/.local/lib/python3.8/site-packages/airflow/example_dags/example_params_ui_tutorial.py for tasks to queue
[2026-04-18T21:00:08.145+0000] {logging_mixin.py:188} INFO - [2026-04-18T21:00:08.144+0000] {dagbag.py:538} INFO - Filling up the DagBag from /home/airflow/.local/lib/python3.8/site-packages/airflow/example_dags/example_params_ui_tutorial.py
[2026-04-18T21:00:08.177+0000] {processor.py:840} INFO - DAG(s) 'example_params_ui_tutorial' retrieved from /home/airflow/.local/lib/python3.8/site-packages/airflow/example_dags/example_params_ui_tutorial.py
[2026-04-18T21:00:08.340+0000] {logging_mixin.py:188} INFO - [2026-04-18T21:00:08.339+0000] {dag.py:3036} INFO - Sync 1 DAGs
[2026-04-18T21:00:08.365+0000] {logging_mixin.py:188} INFO - [2026-04-18T21:00:08.363+0000] {dag.py:3823} INFO - Setting next_dagrun for example_params_ui_tutorial to None, run_after=None
[2026-04-18T21:00:08.413+0000] {processor.py:183} INFO - Processing /home/airflow/.local/lib/python3.8/site-packages/airflow/example_dags/example_params_ui_tutorial.py took 0.288 seconds
[2026-04-18T21:00:38.866+0000] {processor.py:161} INFO - Started process (PID=5465) to work on /home/airflow/.local/lib/python3.8/site-packages/airflow/example_dags/example_params_ui_tutorial.py
[2026-04-18T21:00:38.868+0000] {processor.py:830} INFO - Processing file /home/airflow/.local/lib/python3.8/site-packages/airflow/example_dags/example_params_ui_tutorial.py for tasks to queue
[2026-04-18T21:00:38.870+0000] {logging_mixin.py:188} INFO - [2026-04-18T21:00:38.870+0000] {dagbag.py:538} INFO - Filling up the DagBag from /home/airflow/.local/lib/python3.8/site-packages/airflow/example_dags/example_params_ui_tutorial.py
[2026-04-18T21:00:38.886+0000] {processor.py:840} INFO - DAG(s) 'example_params_ui_tutorial' retrieved from /home/airflow/.local/lib/python3.8/site-packages/airflow/example_dags/example_params_ui_tutorial.py
[2026-04-18T21:00:38.953+0000] {logging_mixin.py:188} INFO - [2026-04-18T21:00:38.953+0000] {dag.py:3036} INFO - Sync 1 DAGs
[2026-04-18T21:00:38.971+0000] {logging_mixin.py:188} INFO - [2026-04-18T21:00:38.971+0000] {dag.py:3823} INFO - Setting next_dagrun for example_params_ui_tutorial to None, run_after=None
[2026-04-18T21:00:39.005+0000] {processor.py:183} INFO - Processing /home/airflow/.local/lib/python3.8/site-packages/airflow/example_dags/example_params_ui_tutorial.py took 0.146 seconds
[2026-04-18T21:01:09.339+0000] {processor.py:161} INFO - Started process (PID=5522) to work on /home/airflow/.local/lib/python3.8/site-packages/airflow/example_dags/example_params_ui_tutorial.py
[2026-04-18T21:01:09.340+0000] {processor.py:830} INFO - Processing file /home/airflow/.local/lib/python3.8/site-packages/airflow/example_dags/example_params_ui_tutorial.py for tasks to queue
[2026-04-18T21:01:09.344+0000] {logging_mixin.py:188} INFO - [2026-04-18T21:01:09.343+0000] {dagbag.py:538} INFO - Filling up the DagBag from /home/airflow/.local/lib/python3.8/site-packages/airflow/example_dags/example_params_ui_tutorial.py
[2026-04-18T21:01:09.356+0000] {processor.py:840} INFO - DAG(s) 'example_params_ui_tutorial' retrieved from /home/airflow/.local/lib/python3.8/site-packages/airflow/example_dags/example_params_ui_tutorial.py
[2026-04-18T21:01:09.429+0000] {logging_mixin.py:188} INFO - [2026-04-18T21:01:09.429+0000] {dag.py:3036} INFO - Sync 1 DAGs
[2026-04-18T21:01:09.450+0000] {logging_mixin.py:188} INFO - [2026-04-18T21:01:09.449+0000] {dag.py:3823} INFO - Setting next_dagrun for example_params_ui_tutorial to None, run_after=None
[2026-04-18T21:01:09.484+0000] {processor.py:183} INFO - Processing /home/airflow/.local/lib/python3.8/site-packages/airflow/example_dags/example_params_ui_tutorial.py took 0.148 seconds
[2026-04-18T21:01:40.445+0000] {processor.py:161} INFO - Started process (PID=5579) to work on /home/airflow/.local/lib/python3.8/site-packages/airflow/example_dags/example_params_ui_tutorial.py
[2026-04-18T21:01:40.447+0000] {processor.py:830} INFO - Processing file /home/airflow/.local/lib/python3.8/site-packages/airflow/example_dags/example_params_ui_tutorial.py for tasks to queue
[2026-04-18T21:01:40.449+0000] {logging_mixin.py:188} INFO - [2026-04-18T21:01:40.449+0000] {dagbag.py:538} INFO - Filling up the DagBag from /home/airflow/.local/lib/python3.8/site-packages/airflow/example_dags/example_params_ui_tutorial.py
[2026-04-18T21:01:40.467+0000] {processor.py:840} INFO - DAG(s) 'example_params_ui_tutorial' retrieved from /home/airflow/.local/lib/python3.8/site-packages/airflow/example_dags/example_params_ui_tutorial.py
[2026-04-18T21:01:40.580+0000] {logging_mixin.py:188} INFO - [2026-04-18T21:01:40.579+0000] {dag.py:3036} INFO - Sync 1 DAGs
[2026-04-18T21:01:40.603+0000] {logging_mixin.py:188} INFO - [2026-04-18T21:01:40.603+0000] {dag.py:3823} INFO - Setting next_dagrun for example_params_ui_tutorial to None, run_after=None
[2026-04-18T21:01:40.639+0000] {processor.py:183} INFO - Processing /home/airflow/.local/lib/python3.8/site-packages/airflow/example_dags/example_params_ui_tutorial.py took 0.200 seconds
[2026-04-18T21:02:11.351+0000] {processor.py:161} INFO - Started process (PID=5636) to work on /home/airflow/.local/lib/python3.8/site-packages/airflow/example_dags/example_params_ui_tutorial.py
[2026-04-18T21:02:11.352+0000] {processor.py:830} INFO - Processing file /home/airflow/.local/lib/python3.8/site-packages/airflow/example_dags/example_params_ui_tutorial.py for tasks to queue
[2026-04-18T21:02:11.355+0000] {logging_mixin.py:188} INFO - [2026-04-18T21:02:11.354+0000] {dagbag.py:538} INFO - Filling up the DagBag from /home/airflow/.local/lib/python3.8/site-packages/airflow/example_dags/example_params_ui_tutorial.py
[2026-04-18T21:02:11.368+0000] {processor.py:840} INFO - DAG(s) 'example_params_ui_tutorial' retrieved from /home/airflow/.local/lib/python3.8/site-packages/airflow/example_dags/example_params_ui_tutorial.py
[2026-04-18T21:02:11.433+0000] {logging_mixin.py:188} INFO - [2026-04-18T21:02:11.433+0000] {dag.py:3036} INFO - Sync 1 DAGs
[2026-04-18T21:02:11.459+0000] {logging_mixin.py:188} INFO - [2026-04-18T21:02:11.459+0000] {dag.py:3823} INFO - Setting next_dagrun for example_params_ui_tutorial to None, run_after=None
[2026-04-18T21:02:11.490+0000] {processor.py:183} INFO - Processing /home/airflow/.local/lib/python3.8/site-packages/airflow/example_dags/example_params_ui_tutorial.py took 0.143 seconds
[2026-04-18T21:02:41.977+0000] {processor.py:161} INFO - Started process (PID=5693) to work on /home/airflow/.local/lib/python3.8/site-packages/airflow/example_dags/example_params_ui_tutorial.py
[2026-04-18T21:02:41.980+0000] {processor.py:830} INFO - Processing file /home/airflow/.local/lib/python3.8/site-packages/airflow/example_dags/example_params_ui_tutorial.py for tasks to queue
[2026-04-18T21:02:41.985+0000] {logging_mixin.py:188} INFO - [2026-04-18T21:02:41.984+0000] {dagbag.py:538} INFO - Filling up the DagBag from /home/airflow/.local/lib/python3.8/site-packages/airflow/example_dags/example_params_ui_tutorial.py
[2026-04-18T21:02:42.012+0000] {processor.py:840} INFO - DAG(s) 'example_params_ui_tutorial' retrieved from /home/airflow/.local/lib/python3.8/site-packages/airflow/example_dags/example_params_ui_tutorial.py
[2026-04-18T21:02:42.148+0000] {logging_mixin.py:188} INFO - [2026-04-18T21:02:42.148+0000] {dag.py:3036} INFO - Sync 1 DAGs
[2026-04-18T21:02:42.180+0000] {logging_mixin.py:188} INFO - [2026-04-18T21:02:42.176+0000] {dag.py:3823} INFO - Setting next_dagrun for example_params_ui_tutorial to None, run_after=None
[2026-04-18T21:02:42.246+0000] {processor.py:183} INFO - Processing /home/airflow/.local/lib/python3.8/site-packages/airflow/example_dags/example_params_ui_tutorial.py took 0.276 seconds
[2026-04-18T21:03:12.304+0000] {processor.py:161} INFO - Started process (PID=5751) to work on /home/airflow/.local/lib/python3.8/site-packages/airflow/example_dags/example_params_ui_tutorial.py
[2026-04-18T21:03:12.307+0000] {processor.py:830} INFO - Processing file /home/airflow/.local/lib/python3.8/site-packages/airflow/example_dags/example_params_ui_tutorial.py for tasks to queue
[2026-04-18T21:03:12.314+0000] {logging_mixin.py:188} INFO - [2026-04-18T21:03:12.313+0000] {dagbag.py:538} INFO - Filling up the DagBag from /home/airflow/.local/lib/python3.8/site-packages/airflow/example_dags/example_params_ui_tutorial.py
[2026-04-18T21:03:12.355+0000] {processor.py:840} INFO - DAG(s) 'example_params_ui_tutorial' retrieved from /home/airflow/.local/lib/python3.8/site-packages/airflow/example_dags/example_params_ui_tutorial.py
[2026-04-18T21:03:12.491+0000] {logging_mixin.py:188} INFO - [2026-04-18T21:03:12.490+0000] {dag.py:3036} INFO - Sync 1 DAGs
[2026-04-18T21:03:12.513+0000] {logging_mixin.py:188} INFO - [2026-04-18T21:03:12.513+0000] {dag.py:3823} INFO - Setting next_dagrun for example_params_ui_tutorial to None, run_after=None
[2026-04-18T21:03:12.548+0000] {processor.py:183} INFO - Processing /home/airflow/.local/lib/python3.8/site-packages/airflow/example_dags/example_params_ui_tutorial.py took 0.251 seconds
[2026-04-18T21:03:42.751+0000] {processor.py:161} INFO - Started process (PID=5808) to work on /home/airflow/.local/lib/python3.8/site-packages/airflow/example_dags/example_params_ui_tutorial.py
[2026-04-18T21:03:42.753+0000] {processor.py:830} INFO - Processing file /home/airflow/.local/lib/python3.8/site-packages/airflow/example_dags/example_params_ui_tutorial.py for tasks to queue
[2026-04-18T21:03:42.758+0000] {logging_mixin.py:188} INFO - [2026-04-18T21:03:42.757+0000] {dagbag.py:538} INFO - Filling up the DagBag from /home/airflow/.local/lib/python3.8/site-packages/airflow/example_dags/example_params_ui_tutorial.py
[2026-04-18T21:03:42.773+0000] {processor.py:840} INFO - DAG(s) 'example_params_ui_tutorial' retrieved from /home/airflow/.local/lib/python3.8/site-packages/airflow/example_dags/example_params_ui_tutorial.py
[2026-04-18T21:03:42.883+0000] {logging_mixin.py:188} INFO - [2026-04-18T21:03:42.883+0000] {dag.py:3036} INFO - Sync 1 DAGs
[2026-04-18T21:03:42.916+0000] {logging_mixin.py:188} INFO - [2026-04-18T21:03:42.915+0000] {dag.py:3823} INFO - Setting next_dagrun for example_params_ui_tutorial to None, run_after=None
[2026-04-18T21:03:42.993+0000] {processor.py:183} INFO - Processing /home/airflow/.local/lib/python3.8/site-packages/airflow/example_dags/example_params_ui_tutorial.py took 0.248 seconds
[2026-04-18T21:04:13.120+0000] {processor.py:161} INFO - Started process (PID=5864) to work on /home/airflow/.local/lib/python3.8/site-packages/airflow/example_dags/example_params_ui_tutorial.py
[2026-04-18T21:04:13.123+0000] {processor.py:830} INFO - Processing file /home/airflow/.local/lib/python3.8/site-packages/airflow/example_dags/example_params_ui_tutorial.py for tasks to queue
[2026-04-18T21:04:13.127+0000] {logging_mixin.py:188} INFO - [2026-04-18T21:04:13.126+0000] {dagbag.py:538} INFO - Filling up the DagBag from /home/airflow/.local/lib/python3.8/site-packages/airflow/example_dags/example_params_ui_tutorial.py
[2026-04-18T21:04:13.143+0000] {processor.py:840} INFO - DAG(s) 'example_params_ui_tutorial' retrieved from /home/airflow/.local/lib/python3.8/site-packages/airflow/example_dags/example_params_ui_tutorial.py
[2026-04-18T21:04:13.231+0000] {logging_mixin.py:188} INFO - [2026-04-18T21:04:13.231+0000] {dag.py:3036} INFO - Sync 1 DAGs
[2026-04-18T21:04:13.249+0000] {logging_mixin.py:188} INFO - [2026-04-18T21:04:13.249+0000] {dag.py:3823} INFO - Setting next_dagrun for example_params_ui_tutorial to None, run_after=None
[2026-04-18T21:04:13.285+0000] {processor.py:183} INFO - Processing /home/airflow/.local/lib/python3.8/site-packages/airflow/example_dags/example_params_ui_tutorial.py took 0.171 seconds
[2026-04-18T21:04:43.387+0000] {processor.py:161} INFO - Started process (PID=5921) to work on /home/airflow/.local/lib/python3.8/site-packages/airflow/example_dags/example_params_ui_tutorial.py
[2026-04-18T21:04:43.392+0000] {processor.py:830} INFO - Processing file /home/airflow/.local/lib/python3.8/site-packages/airflow/example_dags/example_params_ui_tutorial.py for tasks to queue
[2026-04-18T21:04:43.397+0000] {logging_mixin.py:188} INFO - [2026-04-18T21:04:43.396+0000] {dagbag.py:538} INFO - Filling up the DagBag from /home/airflow/.local/lib/python3.8/site-packages/airflow/example_dags/example_params_ui_tutorial.py
[2026-04-18T21:04:43.430+0000] {processor.py:840} INFO - DAG(s) 'example_params_ui_tutorial' retrieved from /home/airflow/.local/lib/python3.8/site-packages/airflow/example_dags/example_params_ui_tutorial.py
[2026-04-18T21:04:43.614+0000] {logging_mixin.py:188} INFO - [2026-04-18T21:04:43.613+0000] {dag.py:3036} INFO - Sync 1 DAGs
[2026-04-18T21:04:43.646+0000] {logging_mixin.py:188} INFO - [2026-04-18T21:04:43.644+0000] {dag.py:3823} INFO - Setting next_dagrun for example_params_ui_tutorial to None, run_after=None
[2026-04-18T21:04:43.697+0000] {processor.py:183} INFO - Processing /home/airflow/.local/lib/python3.8/site-packages/airflow/example_dags/example_params_ui_tutorial.py took 0.318 seconds
[2026-04-18T21:05:13.848+0000] {processor.py:161} INFO - Started process (PID=5977) to work on /home/airflow/.local/lib/python3.8/site-packages/airflow/example_dags/example_params_ui_tutorial.py
[2026-04-18T21:05:13.850+0000] {processor.py:830} INFO - Processing file /home/airflow/.local/lib/python3.8/site-packages/airflow/example_dags/example_params_ui_tutorial.py for tasks to queue
[2026-04-18T21:05:13.863+0000] {logging_mixin.py:188} INFO - [2026-04-18T21:05:13.854+0000] {dagbag.py:538} INFO - Filling up the DagBag from /home/airflow/.local/lib/python3.8/site-packages/airflow/example_dags/example_params_ui_tutorial.py
[2026-04-18T21:05:13.899+0000] {processor.py:840} INFO - DAG(s) 'example_params_ui_tutorial' retrieved from /home/airflow/.local/lib/python3.8/site-packages/airflow/example_dags/example_params_ui_tutorial.py
[2026-04-18T21:05:14.087+0000] {logging_mixin.py:188} INFO - [2026-04-18T21:05:14.085+0000] {dag.py:3036} INFO - Sync 1 DAGs
[2026-04-18T21:05:14.130+0000] {logging_mixin.py:188} INFO - [2026-04-18T21:05:14.129+0000] {dag.py:3823} INFO - Setting next_dagrun for example_params_ui_tutorial to None, run_after=None
[2026-04-18T21:05:14.196+0000] {processor.py:183} INFO - Processing /home/airflow/.local/lib/python3.8/site-packages/airflow/example_dags/example_params_ui_tutorial.py took 0.361 seconds
[2026-04-18T21:05:44.854+0000] {processor.py:161} INFO - Started process (PID=6034) to work on /home/airflow/.local/lib/python3.8/site-packages/airflow/example_dags/example_params_ui_tutorial.py
[2026-04-18T21:05:44.859+0000] {processor.py:830} INFO - Processing file /home/airflow/.local/lib/python3.8/site-packages/airflow/example_dags/example_params_ui_tutorial.py for tasks to queue
[2026-04-18T21:05:44.862+0000] {logging_mixin.py:188} INFO - [2026-04-18T21:05:44.861+0000] {dagbag.py:538} INFO - Filling up the DagBag from /home/airflow/.local/lib/python3.8/site-packages/airflow/example_dags/example_params_ui_tutorial.py
[2026-04-18T21:05:44.878+0000] {processor.py:840} INFO - DAG(s) 'example_params_ui_tutorial' retrieved from /home/airflow/.local/lib/python3.8/site-packages/airflow/example_dags/example_params_ui_tutorial.py
[2026-04-18T21:05:44.952+0000] {logging_mixin.py:188} INFO - [2026-04-18T21:05:44.951+0000] {dag.py:3036} INFO - Sync 1 DAGs
[2026-04-18T21:05:44.979+0000] {logging_mixin.py:188} INFO - [2026-04-18T21:05:44.978+0000] {dag.py:3823} INFO - Setting next_dagrun for example_params_ui_tutorial to None, run_after=None
[2026-04-18T21:05:45.016+0000] {processor.py:183} INFO - Processing /home/airflow/.local/lib/python3.8/site-packages/airflow/example_dags/example_params_ui_tutorial.py took 0.170 seconds
[2026-04-18T21:06:15.770+0000] {processor.py:161} INFO - Started process (PID=6091) to work on /home/airflow/.local/lib/python3.8/site-packages/airflow/example_dags/example_params_ui_tutorial.py
[2026-04-18T21:06:15.773+0000] {processor.py:830} INFO - Processing file /home/airflow/.local/lib/python3.8/site-packages/airflow/example_dags/example_params_ui_tutorial.py for tasks to queue
[2026-04-18T21:06:15.778+0000] {logging_mixin.py:188} INFO - [2026-04-18T21:06:15.778+0000] {dagbag.py:538} INFO - Filling up the DagBag from /home/airflow/.local/lib/python3.8/site-packages/airflow/example_dags/example_params_ui_tutorial.py
[2026-04-18T21:06:15.807+0000] {processor.py:840} INFO - DAG(s) 'example_params_ui_tutorial' retrieved from /home/airflow/.local/lib/python3.8/site-packages/airflow/example_dags/example_params_ui_tutorial.py
[2026-04-18T21:06:15.915+0000] {logging_mixin.py:188} INFO - [2026-04-18T21:06:15.915+0000] {dag.py:3036} INFO - Sync 1 DAGs
[2026-04-18T21:06:15.939+0000] {logging_mixin.py:188} INFO - [2026-04-18T21:06:15.939+0000] {dag.py:3823} INFO - Setting next_dagrun for example_params_ui_tutorial to None, run_after=None
[2026-04-18T21:06:15.976+0000] {processor.py:183} INFO - Processing /home/airflow/.local/lib/python3.8/site-packages/airflow/example_dags/example_params_ui_tutorial.py took 0.211 seconds
[2026-04-18T21:06:46.809+0000] {processor.py:161} INFO - Started process (PID=6149) to work on /home/airflow/.local/lib/python3.8/site-packages/airflow/example_dags/example_params_ui_tutorial.py
[2026-04-18T21:06:46.810+0000] {processor.py:830} INFO - Processing file /home/airflow/.local/lib/python3.8/site-packages/airflow/example_dags/example_params_ui_tutorial.py for tasks to queue
[2026-04-18T21:06:46.812+0000] {logging_mixin.py:188} INFO - [2026-04-18T21:06:46.812+0000] {dagbag.py:538} INFO - Filling up the DagBag from /home/airflow/.local/lib/python3.8/site-packages/airflow/example_dags/example_params_ui_tutorial.py
[2026-04-18T21:06:46.833+0000] {processor.py:840} INFO - DAG(s) 'example_params_ui_tutorial' retrieved from /home/airflow/.local/lib/python3.8/site-packages/airflow/example_dags/example_params_ui_tutorial.py
[2026-04-18T21:06:46.927+0000] {logging_mixin.py:188} INFO - [2026-04-18T21:06:46.926+0000] {dag.py:3036} INFO - Sync 1 DAGs
[2026-04-18T21:06:46.949+0000] {logging_mixin.py:188} INFO - [2026-04-18T21:06:46.948+0000] {dag.py:3823} INFO - Setting next_dagrun for example_params_ui_tutorial to None, run_after=None
[2026-04-18T21:06:46.985+0000] {processor.py:183} INFO - Processing /home/airflow/.local/lib/python3.8/site-packages/airflow/example_dags/example_params_ui_tutorial.py took 0.181 seconds
[2026-04-18T21:07:17.307+0000] {processor.py:161} INFO - Started process (PID=6205) to work on /home/airflow/.local/lib/python3.8/site-packages/airflow/example_dags/example_params_ui_tutorial.py
[2026-04-18T21:07:17.312+0000] {processor.py:830} INFO - Processing file /home/airflow/.local/lib/python3.8/site-packages/airflow/example_dags/example_params_ui_tutorial.py for tasks to queue
[2026-04-18T21:07:17.327+0000] {logging_mixin.py:188} INFO - [2026-04-18T21:07:17.327+0000] {dagbag.py:538} INFO - Filling up the DagBag from /home/airflow/.local/lib/python3.8/site-packages/airflow/example_dags/example_params_ui_tutorial.py
[2026-04-18T21:07:17.372+0000] {processor.py:840} INFO - DAG(s) 'example_params_ui_tutorial' retrieved from /home/airflow/.local/lib/python3.8/site-packages/airflow/example_dags/example_params_ui_tutorial.py
[2026-04-18T21:07:17.530+0000] {logging_mixin.py:188} INFO - [2026-04-18T21:07:17.529+0000] {dag.py:3036} INFO - Sync 1 DAGs
[2026-04-18T21:07:17.564+0000] {logging_mixin.py:188} INFO - [2026-04-18T21:07:17.563+0000] {dag.py:3823} INFO - Setting next_dagrun for example_params_ui_tutorial to None, run_after=None
[2026-04-18T21:07:17.617+0000] {processor.py:183} INFO - Processing /home/airflow/.local/lib/python3.8/site-packages/airflow/example_dags/example_params_ui_tutorial.py took 0.319 seconds
[2026-04-18T21:07:47.932+0000] {processor.py:161} INFO - Started process (PID=6262) to work on /home/airflow/.local/lib/python3.8/site-packages/airflow/example_dags/example_params_ui_tutorial.py
[2026-04-18T21:07:47.936+0000] {processor.py:830} INFO - Processing file /home/airflow/.local/lib/python3.8/site-packages/airflow/example_dags/example_params_ui_tutorial.py for tasks to queue
[2026-04-18T21:07:47.942+0000] {logging_mixin.py:188} INFO - [2026-04-18T21:07:47.941+0000] {dagbag.py:538} INFO - Filling up the DagBag from /home/airflow/.local/lib/python3.8/site-packages/airflow/example_dags/example_params_ui_tutorial.py
[2026-04-18T21:07:47.971+0000] {processor.py:840} INFO - DAG(s) 'example_params_ui_tutorial' retrieved from /home/airflow/.local/lib/python3.8/site-packages/airflow/example_dags/example_params_ui_tutorial.py
[2026-04-18T21:07:48.111+0000] {logging_mixin.py:188} INFO - [2026-04-18T21:07:48.111+0000] {dag.py:3036} INFO - Sync 1 DAGs
[2026-04-18T21:07:48.134+0000] {logging_mixin.py:188} INFO - [2026-04-18T21:07:48.133+0000] {dag.py:3823} INFO - Setting next_dagrun for example_params_ui_tutorial to None, run_after=None
[2026-04-18T21:07:48.177+0000] {processor.py:183} INFO - Processing /home/airflow/.local/lib/python3.8/site-packages/airflow/example_dags/example_params_ui_tutorial.py took 0.252 seconds
[2026-04-18T21:08:18.950+0000] {processor.py:161} INFO - Started process (PID=6319) to work on /home/airflow/.local/lib/python3.8/site-packages/airflow/example_dags/example_params_ui_tutorial.py
[2026-04-18T21:08:18.954+0000] {processor.py:830} INFO - Processing file /home/airflow/.local/lib/python3.8/site-packages/airflow/example_dags/example_params_ui_tutorial.py for tasks to queue
[2026-04-18T21:08:18.957+0000] {logging_mixin.py:188} INFO - [2026-04-18T21:08:18.957+0000] {dagbag.py:538} INFO - Filling up the DagBag from /home/airflow/.local/lib/python3.8/site-packages/airflow/example_dags/example_params_ui_tutorial.py
[2026-04-18T21:08:18.979+0000] {processor.py:840} INFO - DAG(s) 'example_params_ui_tutorial' retrieved from /home/airflow/.local/lib/python3.8/site-packages/airflow/example_dags/example_params_ui_tutorial.py
[2026-04-18T21:08:19.078+0000] {logging_mixin.py:188} INFO - [2026-04-18T21:08:19.077+0000] {dag.py:3036} INFO - Sync 1 DAGs
[2026-04-18T21:08:19.097+0000] {logging_mixin.py:188} INFO - [2026-04-18T21:08:19.097+0000] {dag.py:3823} INFO - Setting next_dagrun for example_params_ui_tutorial to None, run_after=None
[2026-04-18T21:08:19.139+0000] {processor.py:183} INFO - Processing /home/airflow/.local/lib/python3.8/site-packages/airflow/example_dags/example_params_ui_tutorial.py took 0.194 seconds
[2026-04-18T21:08:49.366+0000] {processor.py:161} INFO - Started process (PID=6376) to work on /home/airflow/.local/lib/python3.8/site-packages/airflow/example_dags/example_params_ui_tutorial.py
[2026-04-18T21:08:49.379+0000] {processor.py:830} INFO - Processing file /home/airflow/.local/lib/python3.8/site-packages/airflow/example_dags/example_params_ui_tutorial.py for tasks to queue
[2026-04-18T21:08:49.385+0000] {logging_mixin.py:188} INFO - [2026-04-18T21:08:49.384+0000] {dagbag.py:538} INFO - Filling up the DagBag from /home/airflow/.local/lib/python3.8/site-packages/airflow/example_dags/example_params_ui_tutorial.py
[2026-04-18T21:08:49.442+0000] {processor.py:840} INFO - DAG(s) 'example_params_ui_tutorial' retrieved from /home/airflow/.local/lib/python3.8/site-packages/airflow/example_dags/example_params_ui_tutorial.py
[2026-04-18T21:08:49.690+0000] {logging_mixin.py:188} INFO - [2026-04-18T21:08:49.690+0000] {dag.py:3036} INFO - Sync 1 DAGs
[2026-04-18T21:08:49.760+0000] {logging_mixin.py:188} INFO - [2026-04-18T21:08:49.759+0000] {dag.py:3823} INFO - Setting next_dagrun for example_params_ui_tutorial to None, run_after=None
[2026-04-18T21:08:49.842+0000] {processor.py:183} INFO - Processing /home/airflow/.local/lib/python3.8/site-packages/airflow/example_dags/example_params_ui_tutorial.py took 0.484 seconds
[2026-04-18T21:09:20.023+0000] {processor.py:161} INFO - Started process (PID=6435) to work on /home/airflow/.local/lib/python3.8/site-packages/airflow/example_dags/example_params_ui_tutorial.py
[2026-04-18T21:09:20.025+0000] {processor.py:830} INFO - Processing file /home/airflow/.local/lib/python3.8/site-packages/airflow/example_dags/example_params_ui_tutorial.py for tasks to queue
[2026-04-18T21:09:20.029+0000] {logging_mixin.py:188} INFO - [2026-04-18T21:09:20.028+0000] {dagbag.py:538} INFO - Filling up the DagBag from /home/airflow/.local/lib/python3.8/site-packages/airflow/example_dags/example_params_ui_tutorial.py
[2026-04-18T21:09:20.054+0000] {processor.py:840} INFO - DAG(s) 'example_params_ui_tutorial' retrieved from /home/airflow/.local/lib/python3.8/site-packages/airflow/example_dags/example_params_ui_tutorial.py
[2026-04-18T21:09:20.182+0000] {logging_mixin.py:188} INFO - [2026-04-18T21:09:20.182+0000] {dag.py:3036} INFO - Sync 1 DAGs
[2026-04-18T21:09:20.210+0000] {logging_mixin.py:188} INFO - [2026-04-18T21:09:20.208+0000] {dag.py:3823} INFO - Setting next_dagrun for example_params_ui_tutorial to None, run_after=None
[2026-04-18T21:09:20.255+0000] {processor.py:183} INFO - Processing /home/airflow/.local/lib/python3.8/site-packages/airflow/example_dags/example_params_ui_tutorial.py took 0.242 seconds
[2026-04-18T21:09:50.754+0000] {processor.py:161} INFO - Started process (PID=6491) to work on /home/airflow/.local/lib/python3.8/site-packages/airflow/example_dags/example_params_ui_tutorial.py
[2026-04-18T21:09:50.756+0000] {processor.py:830} INFO - Processing file /home/airflow/.local/lib/python3.8/site-packages/airflow/example_dags/example_params_ui_tutorial.py for tasks to queue
[2026-04-18T21:09:50.761+0000] {logging_mixin.py:188} INFO - [2026-04-18T21:09:50.760+0000] {dagbag.py:538} INFO - Filling up the DagBag from /home/airflow/.local/lib/python3.8/site-packages/airflow/example_dags/example_params_ui_tutorial.py
[2026-04-18T21:09:50.776+0000] {processor.py:840} INFO - DAG(s) 'example_params_ui_tutorial' retrieved from /home/airflow/.local/lib/python3.8/site-packages/airflow/example_dags/example_params_ui_tutorial.py
[2026-04-18T21:09:50.841+0000] {logging_mixin.py:188} INFO - [2026-04-18T21:09:50.841+0000] {dag.py:3036} INFO - Sync 1 DAGs
[2026-04-18T21:09:50.853+0000] {logging_mixin.py:188} INFO - [2026-04-18T21:09:50.853+0000] {dag.py:3823} INFO - Setting next_dagrun for example_params_ui_tutorial to None, run_after=None
[2026-04-18T21:09:50.883+0000] {processor.py:183} INFO - Processing /home/airflow/.local/lib/python3.8/site-packages/airflow/example_dags/example_params_ui_tutorial.py took 0.133 seconds
[2026-04-18T21:10:21.072+0000] {processor.py:161} INFO - Started process (PID=6550) to work on /home/airflow/.local/lib/python3.8/site-packages/airflow/example_dags/example_params_ui_tutorial.py
[2026-04-18T21:10:21.073+0000] {processor.py:830} INFO - Processing file /home/airflow/.local/lib/python3.8/site-packages/airflow/example_dags/example_params_ui_tutorial.py for tasks to queue
[2026-04-18T21:10:21.076+0000] {logging_mixin.py:188} INFO - [2026-04-18T21:10:21.075+0000] {dagbag.py:538} INFO - Filling up the DagBag from /home/airflow/.local/lib/python3.8/site-packages/airflow/example_dags/example_params_ui_tutorial.py
[2026-04-18T21:10:21.089+0000] {processor.py:840} INFO - DAG(s) 'example_params_ui_tutorial' retrieved from /home/airflow/.local/lib/python3.8/site-packages/airflow/example_dags/example_params_ui_tutorial.py
[2026-04-18T21:10:21.160+0000] {logging_mixin.py:188} INFO - [2026-04-18T21:10:21.159+0000] {dag.py:3036} INFO - Sync 1 DAGs
[2026-04-18T21:10:21.176+0000] {logging_mixin.py:188} INFO - [2026-04-18T21:10:21.176+0000] {dag.py:3823} INFO - Setting next_dagrun for example_params_ui_tutorial to None, run_after=None
[2026-04-18T21:10:21.200+0000] {processor.py:183} INFO - Processing /home/airflow/.local/lib/python3.8/site-packages/airflow/example_dags/example_params_ui_tutorial.py took 0.133 seconds
[2026-04-18T21:10:51.579+0000] {processor.py:161} INFO - Started process (PID=6606) to work on /home/airflow/.local/lib/python3.8/site-packages/airflow/example_dags/example_params_ui_tutorial.py
[2026-04-18T21:10:51.581+0000] {processor.py:830} INFO - Processing file /home/airflow/.local/lib/python3.8/site-packages/airflow/example_dags/example_params_ui_tutorial.py for tasks to queue
[2026-04-18T21:10:51.584+0000] {logging_mixin.py:188} INFO - [2026-04-18T21:10:51.583+0000] {dagbag.py:538} INFO - Filling up the DagBag from /home/airflow/.local/lib/python3.8/site-packages/airflow/example_dags/example_params_ui_tutorial.py
[2026-04-18T21:10:51.597+0000] {processor.py:840} INFO - DAG(s) 'example_params_ui_tutorial' retrieved from /home/airflow/.local/lib/python3.8/site-packages/airflow/example_dags/example_params_ui_tutorial.py
[2026-04-18T21:10:51.656+0000] {logging_mixin.py:188} INFO - [2026-04-18T21:10:51.656+0000] {dag.py:3036} INFO - Sync 1 DAGs
[2026-04-18T21:10:51.671+0000] {logging_mixin.py:188} INFO - [2026-04-18T21:10:51.671+0000] {dag.py:3823} INFO - Setting next_dagrun for example_params_ui_tutorial to None, run_after=None
[2026-04-18T21:10:51.709+0000] {processor.py:183} INFO - Processing /home/airflow/.local/lib/python3.8/site-packages/airflow/example_dags/example_params_ui_tutorial.py took 0.133 seconds
[2026-04-18T21:11:21.978+0000] {processor.py:161} INFO - Started process (PID=6663) to work on /home/airflow/.local/lib/python3.8/site-packages/airflow/example_dags/example_params_ui_tutorial.py
[2026-04-18T21:11:21.980+0000] {processor.py:830} INFO - Processing file /home/airflow/.local/lib/python3.8/site-packages/airflow/example_dags/example_params_ui_tutorial.py for tasks to queue
[2026-04-18T21:11:21.983+0000] {logging_mixin.py:188} INFO - [2026-04-18T21:11:21.983+0000] {dagbag.py:538} INFO - Filling up the DagBag from /home/airflow/.local/lib/python3.8/site-packages/airflow/example_dags/example_params_ui_tutorial.py
[2026-04-18T21:11:22.000+0000] {processor.py:840} INFO - DAG(s) 'example_params_ui_tutorial' retrieved from /home/airflow/.local/lib/python3.8/site-packages/airflow/example_dags/example_params_ui_tutorial.py
[2026-04-18T21:11:22.060+0000] {logging_mixin.py:188} INFO - [2026-04-18T21:11:22.059+0000] {dag.py:3036} INFO - Sync 1 DAGs
[2026-04-18T21:11:22.073+0000] {logging_mixin.py:188} INFO - [2026-04-18T21:11:22.073+0000] {dag.py:3823} INFO - Setting next_dagrun for example_params_ui_tutorial to None, run_after=None
[2026-04-18T21:11:22.098+0000] {processor.py:183} INFO - Processing /home/airflow/.local/lib/python3.8/site-packages/airflow/example_dags/example_params_ui_tutorial.py took 0.123 seconds
[2026-04-18T21:11:52.257+0000] {processor.py:161} INFO - Started process (PID=6720) to work on /home/airflow/.local/lib/python3.8/site-packages/airflow/example_dags/example_params_ui_tutorial.py
[2026-04-18T21:11:52.258+0000] {processor.py:830} INFO - Processing file /home/airflow/.local/lib/python3.8/site-packages/airflow/example_dags/example_params_ui_tutorial.py for tasks to queue
[2026-04-18T21:11:52.260+0000] {logging_mixin.py:188} INFO - [2026-04-18T21:11:52.260+0000] {dagbag.py:538} INFO - Filling up the DagBag from /home/airflow/.local/lib/python3.8/site-packages/airflow/example_dags/example_params_ui_tutorial.py
[2026-04-18T21:11:52.274+0000] {processor.py:840} INFO - DAG(s) 'example_params_ui_tutorial' retrieved from /home/airflow/.local/lib/python3.8/site-packages/airflow/example_dags/example_params_ui_tutorial.py
[2026-04-18T21:11:52.340+0000] {logging_mixin.py:188} INFO - [2026-04-18T21:11:52.340+0000] {dag.py:3036} INFO - Sync 1 DAGs
[2026-04-18T21:11:52.354+0000] {logging_mixin.py:188} INFO - [2026-04-18T21:11:52.354+0000] {dag.py:3823} INFO - Setting next_dagrun for example_params_ui_tutorial to None, run_after=None
[2026-04-18T21:11:52.383+0000] {processor.py:183} INFO - Processing /home/airflow/.local/lib/python3.8/site-packages/airflow/example_dags/example_params_ui_tutorial.py took 0.130 seconds
[2026-04-18T21:12:22.703+0000] {processor.py:161} INFO - Started process (PID=6783) to work on /home/airflow/.local/lib/python3.8/site-packages/airflow/example_dags/example_params_ui_tutorial.py
[2026-04-18T21:12:22.704+0000] {processor.py:830} INFO - Processing file /home/airflow/.local/lib/python3.8/site-packages/airflow/example_dags/example_params_ui_tutorial.py for tasks to queue
[2026-04-18T21:12:22.707+0000] {logging_mixin.py:188} INFO - [2026-04-18T21:12:22.707+0000] {dagbag.py:538} INFO - Filling up the DagBag from /home/airflow/.local/lib/python3.8/site-packages/airflow/example_dags/example_params_ui_tutorial.py
[2026-04-18T21:12:22.724+0000] {processor.py:840} INFO - DAG(s) 'example_params_ui_tutorial' retrieved from /home/airflow/.local/lib/python3.8/site-packages/airflow/example_dags/example_params_ui_tutorial.py
[2026-04-18T21:12:22.783+0000] {logging_mixin.py:188} INFO - [2026-04-18T21:12:22.783+0000] {dag.py:3036} INFO - Sync 1 DAGs
[2026-04-18T21:12:22.796+0000] {logging_mixin.py:188} INFO - [2026-04-18T21:12:22.795+0000] {dag.py:3823} INFO - Setting next_dagrun for example_params_ui_tutorial to None, run_after=None
[2026-04-18T21:12:22.818+0000] {processor.py:183} INFO - Processing /home/airflow/.local/lib/python3.8/site-packages/airflow/example_dags/example_params_ui_tutorial.py took 0.119 seconds
[2026-04-18T21:12:52.895+0000] {processor.py:161} INFO - Started process (PID=6840) to work on /home/airflow/.local/lib/python3.8/site-packages/airflow/example_dags/example_params_ui_tutorial.py
[2026-04-18T21:12:52.896+0000] {processor.py:830} INFO - Processing file /home/airflow/.local/lib/python3.8/site-packages/airflow/example_dags/example_params_ui_tutorial.py for tasks to queue
[2026-04-18T21:12:52.900+0000] {logging_mixin.py:188} INFO - [2026-04-18T21:12:52.899+0000] {dagbag.py:538} INFO - Filling up the DagBag from /home/airflow/.local/lib/python3.8/site-packages/airflow/example_dags/example_params_ui_tutorial.py
[2026-04-18T21:12:52.919+0000] {processor.py:840} INFO - DAG(s) 'example_params_ui_tutorial' retrieved from /home/airflow/.local/lib/python3.8/site-packages/airflow/example_dags/example_params_ui_tutorial.py
[2026-04-18T21:12:52.987+0000] {logging_mixin.py:188} INFO - [2026-04-18T21:12:52.987+0000] {dag.py:3036} INFO - Sync 1 DAGs
[2026-04-18T21:12:53.001+0000] {logging_mixin.py:188} INFO - [2026-04-18T21:12:53.001+0000] {dag.py:3823} INFO - Setting next_dagrun for example_params_ui_tutorial to None, run_after=None
[2026-04-18T21:12:53.020+0000] {processor.py:183} INFO - Processing /home/airflow/.local/lib/python3.8/site-packages/airflow/example_dags/example_params_ui_tutorial.py took 0.132 seconds
[2026-04-18T21:13:23.199+0000] {processor.py:161} INFO - Started process (PID=6897) to work on /home/airflow/.local/lib/python3.8/site-packages/airflow/example_dags/example_params_ui_tutorial.py
[2026-04-18T21:13:23.200+0000] {processor.py:830} INFO - Processing file /home/airflow/.local/lib/python3.8/site-packages/airflow/example_dags/example_params_ui_tutorial.py for tasks to queue
[2026-04-18T21:13:23.202+0000] {logging_mixin.py:188} INFO - [2026-04-18T21:13:23.202+0000] {dagbag.py:538} INFO - Filling up the DagBag from /home/airflow/.local/lib/python3.8/site-packages/airflow/example_dags/example_params_ui_tutorial.py
[2026-04-18T21:13:23.216+0000] {processor.py:840} INFO - DAG(s) 'example_params_ui_tutorial' retrieved from /home/airflow/.local/lib/python3.8/site-packages/airflow/example_dags/example_params_ui_tutorial.py
[2026-04-18T21:13:23.273+0000] {logging_mixin.py:188} INFO - [2026-04-18T21:13:23.273+0000] {dag.py:3036} INFO - Sync 1 DAGs
[2026-04-18T21:13:23.285+0000] {logging_mixin.py:188} INFO - [2026-04-18T21:13:23.285+0000] {dag.py:3823} INFO - Setting next_dagrun for example_params_ui_tutorial to None, run_after=None
[2026-04-18T21:13:23.312+0000] {processor.py:183} INFO - Processing /home/airflow/.local/lib/python3.8/site-packages/airflow/example_dags/example_params_ui_tutorial.py took 0.116 seconds
[2026-04-18T21:13:53.604+0000] {processor.py:161} INFO - Started process (PID=6954) to work on /home/airflow/.local/lib/python3.8/site-packages/airflow/example_dags/example_params_ui_tutorial.py
[2026-04-18T21:13:53.605+0000] {processor.py:830} INFO - Processing file /home/airflow/.local/lib/python3.8/site-packages/airflow/example_dags/example_params_ui_tutorial.py for tasks to queue
[2026-04-18T21:13:53.608+0000] {logging_mixin.py:188} INFO - [2026-04-18T21:13:53.607+0000] {dagbag.py:538} INFO - Filling up the DagBag from /home/airflow/.local/lib/python3.8/site-packages/airflow/example_dags/example_params_ui_tutorial.py
[2026-04-18T21:13:53.623+0000] {processor.py:840} INFO - DAG(s) 'example_params_ui_tutorial' retrieved from /home/airflow/.local/lib/python3.8/site-packages/airflow/example_dags/example_params_ui_tutorial.py
[2026-04-18T21:13:53.685+0000] {logging_mixin.py:188} INFO - [2026-04-18T21:13:53.685+0000] {dag.py:3036} INFO - Sync 1 DAGs
[2026-04-18T21:13:53.702+0000] {logging_mixin.py:188} INFO - [2026-04-18T21:13:53.702+0000] {dag.py:3823} INFO - Setting next_dagrun for example_params_ui_tutorial to None, run_after=None
[2026-04-18T21:13:53.732+0000] {processor.py:183} INFO - Processing /home/airflow/.local/lib/python3.8/site-packages/airflow/example_dags/example_params_ui_tutorial.py took 0.133 seconds
[2026-04-18T21:14:23.882+0000] {processor.py:161} INFO - Started process (PID=7011) to work on /home/airflow/.local/lib/python3.8/site-packages/airflow/example_dags/example_params_ui_tutorial.py
[2026-04-18T21:14:23.884+0000] {processor.py:830} INFO - Processing file /home/airflow/.local/lib/python3.8/site-packages/airflow/example_dags/example_params_ui_tutorial.py for tasks to queue
[2026-04-18T21:14:23.886+0000] {logging_mixin.py:188} INFO - [2026-04-18T21:14:23.886+0000] {dagbag.py:538} INFO - Filling up the DagBag from /home/airflow/.local/lib/python3.8/site-packages/airflow/example_dags/example_params_ui_tutorial.py
[2026-04-18T21:14:23.901+0000] {processor.py:840} INFO - DAG(s) 'example_params_ui_tutorial' retrieved from /home/airflow/.local/lib/python3.8/site-packages/airflow/example_dags/example_params_ui_tutorial.py
[2026-04-18T21:14:23.962+0000] {logging_mixin.py:188} INFO - [2026-04-18T21:14:23.962+0000] {dag.py:3036} INFO - Sync 1 DAGs
[2026-04-18T21:14:23.974+0000] {logging_mixin.py:188} INFO - [2026-04-18T21:14:23.974+0000] {dag.py:3823} INFO - Setting next_dagrun for example_params_ui_tutorial to None, run_after=None
[2026-04-18T21:14:23.997+0000] {processor.py:183} INFO - Processing /home/airflow/.local/lib/python3.8/site-packages/airflow/example_dags/example_params_ui_tutorial.py took 0.118 seconds
[2026-04-18T21:14:54.104+0000] {processor.py:161} INFO - Started process (PID=7068) to work on /home/airflow/.local/lib/python3.8/site-packages/airflow/example_dags/example_params_ui_tutorial.py
[2026-04-18T21:14:54.106+0000] {processor.py:830} INFO - Processing file /home/airflow/.local/lib/python3.8/site-packages/airflow/example_dags/example_params_ui_tutorial.py for tasks to queue
[2026-04-18T21:14:54.108+0000] {logging_mixin.py:188} INFO - [2026-04-18T21:14:54.108+0000] {dagbag.py:538} INFO - Filling up the DagBag from /home/airflow/.local/lib/python3.8/site-packages/airflow/example_dags/example_params_ui_tutorial.py
[2026-04-18T21:14:54.122+0000] {processor.py:840} INFO - DAG(s) 'example_params_ui_tutorial' retrieved from /home/airflow/.local/lib/python3.8/site-packages/airflow/example_dags/example_params_ui_tutorial.py
[2026-04-18T21:14:54.179+0000] {logging_mixin.py:188} INFO - [2026-04-18T21:14:54.179+0000] {dag.py:3036} INFO - Sync 1 DAGs
[2026-04-18T21:14:54.192+0000] {logging_mixin.py:188} INFO - [2026-04-18T21:14:54.191+0000] {dag.py:3823} INFO - Setting next_dagrun for example_params_ui_tutorial to None, run_after=None
[2026-04-18T21:14:54.216+0000] {processor.py:183} INFO - Processing /home/airflow/.local/lib/python3.8/site-packages/airflow/example_dags/example_params_ui_tutorial.py took 0.116 seconds
[2026-04-18T21:15:24.703+0000] {processor.py:161} INFO - Started process (PID=7125) to work on /home/airflow/.local/lib/python3.8/site-packages/airflow/example_dags/example_params_ui_tutorial.py
[2026-04-18T21:15:24.704+0000] {processor.py:830} INFO - Processing file /home/airflow/.local/lib/python3.8/site-packages/airflow/example_dags/example_params_ui_tutorial.py for tasks to queue
[2026-04-18T21:15:24.707+0000] {logging_mixin.py:188} INFO - [2026-04-18T21:15:24.706+0000] {dagbag.py:538} INFO - Filling up the DagBag from /home/airflow/.local/lib/python3.8/site-packages/airflow/example_dags/example_params_ui_tutorial.py
[2026-04-18T21:15:24.720+0000] {processor.py:840} INFO - DAG(s) 'example_params_ui_tutorial' retrieved from /home/airflow/.local/lib/python3.8/site-packages/airflow/example_dags/example_params_ui_tutorial.py
[2026-04-18T21:15:24.778+0000] {logging_mixin.py:188} INFO - [2026-04-18T21:15:24.778+0000] {dag.py:3036} INFO - Sync 1 DAGs
[2026-04-18T21:15:24.790+0000] {logging_mixin.py:188} INFO - [2026-04-18T21:15:24.789+0000] {dag.py:3823} INFO - Setting next_dagrun for example_params_ui_tutorial to None, run_after=None
[2026-04-18T21:15:24.814+0000] {processor.py:183} INFO - Processing /home/airflow/.local/lib/python3.8/site-packages/airflow/example_dags/example_params_ui_tutorial.py took 0.116 seconds
[2026-04-18T21:15:54.909+0000] {processor.py:161} INFO - Started process (PID=7182) to work on /home/airflow/.local/lib/python3.8/site-packages/airflow/example_dags/example_params_ui_tutorial.py
[2026-04-18T21:15:54.910+0000] {processor.py:830} INFO - Processing file /home/airflow/.local/lib/python3.8/site-packages/airflow/example_dags/example_params_ui_tutorial.py for tasks to queue
[2026-04-18T21:15:54.912+0000] {logging_mixin.py:188} INFO - [2026-04-18T21:15:54.912+0000] {dagbag.py:538} INFO - Filling up the DagBag from /home/airflow/.local/lib/python3.8/site-packages/airflow/example_dags/example_params_ui_tutorial.py
[2026-04-18T21:15:54.926+0000] {processor.py:840} INFO - DAG(s) 'example_params_ui_tutorial' retrieved from /home/airflow/.local/lib/python3.8/site-packages/airflow/example_dags/example_params_ui_tutorial.py
[2026-04-18T21:15:54.983+0000] {logging_mixin.py:188} INFO - [2026-04-18T21:15:54.983+0000] {dag.py:3036} INFO - Sync 1 DAGs
[2026-04-18T21:15:54.995+0000] {logging_mixin.py:188} INFO - [2026-04-18T21:15:54.995+0000] {dag.py:3823} INFO - Setting next_dagrun for example_params_ui_tutorial to None, run_after=None
[2026-04-18T21:15:55.017+0000] {processor.py:183} INFO - Processing /home/airflow/.local/lib/python3.8/site-packages/airflow/example_dags/example_params_ui_tutorial.py took 0.114 seconds
[2026-04-18T21:16:25.117+0000] {processor.py:161} INFO - Started process (PID=7239) to work on /home/airflow/.local/lib/python3.8/site-packages/airflow/example_dags/example_params_ui_tutorial.py
[2026-04-18T21:16:25.119+0000] {processor.py:830} INFO - Processing file /home/airflow/.local/lib/python3.8/site-packages/airflow/example_dags/example_params_ui_tutorial.py for tasks to queue
[2026-04-18T21:16:25.121+0000] {logging_mixin.py:188} INFO - [2026-04-18T21:16:25.120+0000] {dagbag.py:538} INFO - Filling up the DagBag from /home/airflow/.local/lib/python3.8/site-packages/airflow/example_dags/example_params_ui_tutorial.py
[2026-04-18T21:16:25.133+0000] {processor.py:840} INFO - DAG(s) 'example_params_ui_tutorial' retrieved from /home/airflow/.local/lib/python3.8/site-packages/airflow/example_dags/example_params_ui_tutorial.py
[2026-04-18T21:16:25.205+0000] {logging_mixin.py:188} INFO - [2026-04-18T21:16:25.205+0000] {dag.py:3036} INFO - Sync 1 DAGs
[2026-04-18T21:16:25.222+0000] {logging_mixin.py:188} INFO - [2026-04-18T21:16:25.222+0000] {dag.py:3823} INFO - Setting next_dagrun for example_params_ui_tutorial to None, run_after=None
[2026-04-18T21:16:25.250+0000] {processor.py:183} INFO - Processing /home/airflow/.local/lib/python3.8/site-packages/airflow/example_dags/example_params_ui_tutorial.py took 0.136 seconds
[2026-04-18T21:16:55.615+0000] {processor.py:161} INFO - Started process (PID=7296) to work on /home/airflow/.local/lib/python3.8/site-packages/airflow/example_dags/example_params_ui_tutorial.py
[2026-04-18T21:16:55.617+0000] {processor.py:830} INFO - Processing file /home/airflow/.local/lib/python3.8/site-packages/airflow/example_dags/example_params_ui_tutorial.py for tasks to queue
[2026-04-18T21:16:55.620+0000] {logging_mixin.py:188} INFO - [2026-04-18T21:16:55.620+0000] {dagbag.py:538} INFO - Filling up the DagBag from /home/airflow/.local/lib/python3.8/site-packages/airflow/example_dags/example_params_ui_tutorial.py
[2026-04-18T21:16:55.638+0000] {processor.py:840} INFO - DAG(s) 'example_params_ui_tutorial' retrieved from /home/airflow/.local/lib/python3.8/site-packages/airflow/example_dags/example_params_ui_tutorial.py
[2026-04-18T21:16:55.718+0000] {logging_mixin.py:188} INFO - [2026-04-18T21:16:55.717+0000] {dag.py:3036} INFO - Sync 1 DAGs
[2026-04-18T21:16:55.733+0000] {logging_mixin.py:188} INFO - [2026-04-18T21:16:55.732+0000] {dag.py:3823} INFO - Setting next_dagrun for example_params_ui_tutorial to None, run_after=None
[2026-04-18T21:16:55.761+0000] {processor.py:183} INFO - Processing /home/airflow/.local/lib/python3.8/site-packages/airflow/example_dags/example_params_ui_tutorial.py took 0.151 seconds
[2026-04-18T21:17:26.104+0000] {processor.py:161} INFO - Started process (PID=7353) to work on /home/airflow/.local/lib/python3.8/site-packages/airflow/example_dags/example_params_ui_tutorial.py
[2026-04-18T21:17:26.107+0000] {processor.py:830} INFO - Processing file /home/airflow/.local/lib/python3.8/site-packages/airflow/example_dags/example_params_ui_tutorial.py for tasks to queue
[2026-04-18T21:17:26.110+0000] {logging_mixin.py:188} INFO - [2026-04-18T21:17:26.109+0000] {dagbag.py:538} INFO - Filling up the DagBag from /home/airflow/.local/lib/python3.8/site-packages/airflow/example_dags/example_params_ui_tutorial.py
[2026-04-18T21:17:26.125+0000] {processor.py:840} INFO - DAG(s) 'example_params_ui_tutorial' retrieved from /home/airflow/.local/lib/python3.8/site-packages/airflow/example_dags/example_params_ui_tutorial.py
[2026-04-18T21:17:26.191+0000] {logging_mixin.py:188} INFO - [2026-04-18T21:17:26.190+0000] {dag.py:3036} INFO - Sync 1 DAGs
[2026-04-18T21:17:26.205+0000] {logging_mixin.py:188} INFO - [2026-04-18T21:17:26.203+0000] {dag.py:3823} INFO - Setting next_dagrun for example_params_ui_tutorial to None, run_after=None
[2026-04-18T21:17:26.232+0000] {processor.py:183} INFO - Processing /home/airflow/.local/lib/python3.8/site-packages/airflow/example_dags/example_params_ui_tutorial.py took 0.131 seconds
[2026-04-18T21:17:56.317+0000] {processor.py:161} INFO - Started process (PID=7410) to work on /home/airflow/.local/lib/python3.8/site-packages/airflow/example_dags/example_params_ui_tutorial.py
[2026-04-18T21:17:56.318+0000] {processor.py:830} INFO - Processing file /home/airflow/.local/lib/python3.8/site-packages/airflow/example_dags/example_params_ui_tutorial.py for tasks to queue
[2026-04-18T21:17:56.321+0000] {logging_mixin.py:188} INFO - [2026-04-18T21:17:56.320+0000] {dagbag.py:538} INFO - Filling up the DagBag from /home/airflow/.local/lib/python3.8/site-packages/airflow/example_dags/example_params_ui_tutorial.py
[2026-04-18T21:17:56.334+0000] {processor.py:840} INFO - DAG(s) 'example_params_ui_tutorial' retrieved from /home/airflow/.local/lib/python3.8/site-packages/airflow/example_dags/example_params_ui_tutorial.py
[2026-04-18T21:17:56.400+0000] {logging_mixin.py:188} INFO - [2026-04-18T21:17:56.400+0000] {dag.py:3036} INFO - Sync 1 DAGs
[2026-04-18T21:17:56.415+0000] {logging_mixin.py:188} INFO - [2026-04-18T21:17:56.415+0000] {dag.py:3823} INFO - Setting next_dagrun for example_params_ui_tutorial to None, run_after=None
[2026-04-18T21:17:56.445+0000] {processor.py:183} INFO - Processing /home/airflow/.local/lib/python3.8/site-packages/airflow/example_dags/example_params_ui_tutorial.py took 0.131 seconds
[2026-04-18T21:18:26.830+0000] {processor.py:161} INFO - Started process (PID=7467) to work on /home/airflow/.local/lib/python3.8/site-packages/airflow/example_dags/example_params_ui_tutorial.py
[2026-04-18T21:18:26.832+0000] {processor.py:830} INFO - Processing file /home/airflow/.local/lib/python3.8/site-packages/airflow/example_dags/example_params_ui_tutorial.py for tasks to queue
[2026-04-18T21:18:26.834+0000] {logging_mixin.py:188} INFO - [2026-04-18T21:18:26.834+0000] {dagbag.py:538} INFO - Filling up the DagBag from /home/airflow/.local/lib/python3.8/site-packages/airflow/example_dags/example_params_ui_tutorial.py
[2026-04-18T21:18:26.849+0000] {processor.py:840} INFO - DAG(s) 'example_params_ui_tutorial' retrieved from /home/airflow/.local/lib/python3.8/site-packages/airflow/example_dags/example_params_ui_tutorial.py
[2026-04-18T21:18:26.903+0000] {logging_mixin.py:188} INFO - [2026-04-18T21:18:26.903+0000] {dag.py:3036} INFO - Sync 1 DAGs
[2026-04-18T21:18:26.916+0000] {logging_mixin.py:188} INFO - [2026-04-18T21:18:26.916+0000] {dag.py:3823} INFO - Setting next_dagrun for example_params_ui_tutorial to None, run_after=None
[2026-04-18T21:18:26.940+0000] {processor.py:183} INFO - Processing /home/airflow/.local/lib/python3.8/site-packages/airflow/example_dags/example_params_ui_tutorial.py took 0.114 seconds
[2026-04-18T21:18:57.105+0000] {processor.py:161} INFO - Started process (PID=7524) to work on /home/airflow/.local/lib/python3.8/site-packages/airflow/example_dags/example_params_ui_tutorial.py
[2026-04-18T21:18:57.106+0000] {processor.py:830} INFO - Processing file /home/airflow/.local/lib/python3.8/site-packages/airflow/example_dags/example_params_ui_tutorial.py for tasks to queue
[2026-04-18T21:18:57.109+0000] {logging_mixin.py:188} INFO - [2026-04-18T21:18:57.108+0000] {dagbag.py:538} INFO - Filling up the DagBag from /home/airflow/.local/lib/python3.8/site-packages/airflow/example_dags/example_params_ui_tutorial.py
[2026-04-18T21:18:57.122+0000] {processor.py:840} INFO - DAG(s) 'example_params_ui_tutorial' retrieved from /home/airflow/.local/lib/python3.8/site-packages/airflow/example_dags/example_params_ui_tutorial.py
[2026-04-18T21:18:57.194+0000] {logging_mixin.py:188} INFO - [2026-04-18T21:18:57.193+0000] {dag.py:3036} INFO - Sync 1 DAGs
[2026-04-18T21:18:57.209+0000] {logging_mixin.py:188} INFO - [2026-04-18T21:18:57.208+0000] {dag.py:3823} INFO - Setting next_dagrun for example_params_ui_tutorial to None, run_after=None
[2026-04-18T21:18:57.235+0000] {processor.py:183} INFO - Processing /home/airflow/.local/lib/python3.8/site-packages/airflow/example_dags/example_params_ui_tutorial.py took 0.134 seconds
[2026-04-18T21:19:27.622+0000] {processor.py:161} INFO - Started process (PID=7579) to work on /home/airflow/.local/lib/python3.8/site-packages/airflow/example_dags/example_params_ui_tutorial.py
[2026-04-18T21:19:27.623+0000] {processor.py:830} INFO - Processing file /home/airflow/.local/lib/python3.8/site-packages/airflow/example_dags/example_params_ui_tutorial.py for tasks to queue
[2026-04-18T21:19:27.626+0000] {logging_mixin.py:188} INFO - [2026-04-18T21:19:27.625+0000] {dagbag.py:538} INFO - Filling up the DagBag from /home/airflow/.local/lib/python3.8/site-packages/airflow/example_dags/example_params_ui_tutorial.py
[2026-04-18T21:19:27.638+0000] {processor.py:840} INFO - DAG(s) 'example_params_ui_tutorial' retrieved from /home/airflow/.local/lib/python3.8/site-packages/airflow/example_dags/example_params_ui_tutorial.py
[2026-04-18T21:19:27.714+0000] {logging_mixin.py:188} INFO - [2026-04-18T21:19:27.714+0000] {dag.py:3036} INFO - Sync 1 DAGs
[2026-04-18T21:19:27.742+0000] {logging_mixin.py:188} INFO - [2026-04-18T21:19:27.741+0000] {dag.py:3823} INFO - Setting next_dagrun for example_params_ui_tutorial to None, run_after=None
[2026-04-18T21:19:27.777+0000] {processor.py:183} INFO - Processing /home/airflow/.local/lib/python3.8/site-packages/airflow/example_dags/example_params_ui_tutorial.py took 0.158 seconds
[2026-04-18T21:19:58.001+0000] {processor.py:161} INFO - Started process (PID=7636) to work on /home/airflow/.local/lib/python3.8/site-packages/airflow/example_dags/example_params_ui_tutorial.py
[2026-04-18T21:19:58.003+0000] {processor.py:830} INFO - Processing file /home/airflow/.local/lib/python3.8/site-packages/airflow/example_dags/example_params_ui_tutorial.py for tasks to queue
[2026-04-18T21:19:58.006+0000] {logging_mixin.py:188} INFO - [2026-04-18T21:19:58.005+0000] {dagbag.py:538} INFO - Filling up the DagBag from /home/airflow/.local/lib/python3.8/site-packages/airflow/example_dags/example_params_ui_tutorial.py
[2026-04-18T21:19:58.021+0000] {processor.py:840} INFO - DAG(s) 'example_params_ui_tutorial' retrieved from /home/airflow/.local/lib/python3.8/site-packages/airflow/example_dags/example_params_ui_tutorial.py
[2026-04-18T21:19:58.079+0000] {logging_mixin.py:188} INFO - [2026-04-18T21:19:58.079+0000] {dag.py:3036} INFO - Sync 1 DAGs
[2026-04-18T21:19:58.091+0000] {logging_mixin.py:188} INFO - [2026-04-18T21:19:58.090+0000] {dag.py:3823} INFO - Setting next_dagrun for example_params_ui_tutorial to None, run_after=None
[2026-04-18T21:19:58.114+0000] {processor.py:183} INFO - Processing /home/airflow/.local/lib/python3.8/site-packages/airflow/example_dags/example_params_ui_tutorial.py took 0.116 seconds
[2026-04-18T21:20:28.385+0000] {processor.py:161} INFO - Started process (PID=7693) to work on /home/airflow/.local/lib/python3.8/site-packages/airflow/example_dags/example_params_ui_tutorial.py
[2026-04-18T21:20:28.387+0000] {processor.py:830} INFO - Processing file /home/airflow/.local/lib/python3.8/site-packages/airflow/example_dags/example_params_ui_tutorial.py for tasks to queue
[2026-04-18T21:20:28.390+0000] {logging_mixin.py:188} INFO - [2026-04-18T21:20:28.390+0000] {dagbag.py:538} INFO - Filling up the DagBag from /home/airflow/.local/lib/python3.8/site-packages/airflow/example_dags/example_params_ui_tutorial.py
[2026-04-18T21:20:28.407+0000] {processor.py:840} INFO - DAG(s) 'example_params_ui_tutorial' retrieved from /home/airflow/.local/lib/python3.8/site-packages/airflow/example_dags/example_params_ui_tutorial.py
[2026-04-18T21:20:28.464+0000] {logging_mixin.py:188} INFO - [2026-04-18T21:20:28.464+0000] {dag.py:3036} INFO - Sync 1 DAGs
[2026-04-18T21:20:28.476+0000] {logging_mixin.py:188} INFO - [2026-04-18T21:20:28.476+0000] {dag.py:3823} INFO - Setting next_dagrun for example_params_ui_tutorial to None, run_after=None
[2026-04-18T21:20:28.502+0000] {processor.py:183} INFO - Processing /home/airflow/.local/lib/python3.8/site-packages/airflow/example_dags/example_params_ui_tutorial.py took 0.120 seconds
[2026-04-18T21:20:58.823+0000] {processor.py:161} INFO - Started process (PID=7750) to work on /home/airflow/.local/lib/python3.8/site-packages/airflow/example_dags/example_params_ui_tutorial.py
[2026-04-18T21:20:58.825+0000] {processor.py:830} INFO - Processing file /home/airflow/.local/lib/python3.8/site-packages/airflow/example_dags/example_params_ui_tutorial.py for tasks to queue
[2026-04-18T21:20:58.828+0000] {logging_mixin.py:188} INFO - [2026-04-18T21:20:58.827+0000] {dagbag.py:538} INFO - Filling up the DagBag from /home/airflow/.local/lib/python3.8/site-packages/airflow/example_dags/example_params_ui_tutorial.py
[2026-04-18T21:20:58.841+0000] {processor.py:840} INFO - DAG(s) 'example_params_ui_tutorial' retrieved from /home/airflow/.local/lib/python3.8/site-packages/airflow/example_dags/example_params_ui_tutorial.py
[2026-04-18T21:20:58.896+0000] {logging_mixin.py:188} INFO - [2026-04-18T21:20:58.896+0000] {dag.py:3036} INFO - Sync 1 DAGs
[2026-04-18T21:20:58.910+0000] {logging_mixin.py:188} INFO - [2026-04-18T21:20:58.910+0000] {dag.py:3823} INFO - Setting next_dagrun for example_params_ui_tutorial to None, run_after=None
[2026-04-18T21:20:58.938+0000] {processor.py:183} INFO - Processing /home/airflow/.local/lib/python3.8/site-packages/airflow/example_dags/example_params_ui_tutorial.py took 0.119 seconds
[2026-04-18T21:21:29.893+0000] {processor.py:161} INFO - Started process (PID=7807) to work on /home/airflow/.local/lib/python3.8/site-packages/airflow/example_dags/example_params_ui_tutorial.py
[2026-04-18T21:21:29.894+0000] {processor.py:830} INFO - Processing file /home/airflow/.local/lib/python3.8/site-packages/airflow/example_dags/example_params_ui_tutorial.py for tasks to queue
[2026-04-18T21:21:29.896+0000] {logging_mixin.py:188} INFO - [2026-04-18T21:21:29.896+0000] {dagbag.py:538} INFO - Filling up the DagBag from /home/airflow/.local/lib/python3.8/site-packages/airflow/example_dags/example_params_ui_tutorial.py
[2026-04-18T21:21:29.909+0000] {processor.py:840} INFO - DAG(s) 'example_params_ui_tutorial' retrieved from /home/airflow/.local/lib/python3.8/site-packages/airflow/example_dags/example_params_ui_tutorial.py
[2026-04-18T21:21:29.969+0000] {logging_mixin.py:188} INFO - [2026-04-18T21:21:29.969+0000] {dag.py:3036} INFO - Sync 1 DAGs
[2026-04-18T21:21:29.982+0000] {logging_mixin.py:188} INFO - [2026-04-18T21:21:29.982+0000] {dag.py:3823} INFO - Setting next_dagrun for example_params_ui_tutorial to None, run_after=None
[2026-04-18T21:21:30.010+0000] {processor.py:183} INFO - Processing /home/airflow/.local/lib/python3.8/site-packages/airflow/example_dags/example_params_ui_tutorial.py took 0.122 seconds
[2026-04-18T21:22:00.413+0000] {processor.py:161} INFO - Started process (PID=7864) to work on /home/airflow/.local/lib/python3.8/site-packages/airflow/example_dags/example_params_ui_tutorial.py
[2026-04-18T21:22:00.414+0000] {processor.py:830} INFO - Processing file /home/airflow/.local/lib/python3.8/site-packages/airflow/example_dags/example_params_ui_tutorial.py for tasks to queue
[2026-04-18T21:22:00.417+0000] {logging_mixin.py:188} INFO - [2026-04-18T21:22:00.416+0000] {dagbag.py:538} INFO - Filling up the DagBag from /home/airflow/.local/lib/python3.8/site-packages/airflow/example_dags/example_params_ui_tutorial.py
[2026-04-18T21:22:00.435+0000] {processor.py:840} INFO - DAG(s) 'example_params_ui_tutorial' retrieved from /home/airflow/.local/lib/python3.8/site-packages/airflow/example_dags/example_params_ui_tutorial.py
[2026-04-18T21:22:00.491+0000] {logging_mixin.py:188} INFO - [2026-04-18T21:22:00.491+0000] {dag.py:3036} INFO - Sync 1 DAGs
[2026-04-18T21:22:00.502+0000] {logging_mixin.py:188} INFO - [2026-04-18T21:22:00.502+0000] {dag.py:3823} INFO - Setting next_dagrun for example_params_ui_tutorial to None, run_after=None
[2026-04-18T21:22:00.523+0000] {processor.py:183} INFO - Processing /home/airflow/.local/lib/python3.8/site-packages/airflow/example_dags/example_params_ui_tutorial.py took 0.114 seconds
[2026-04-18T21:22:30.892+0000] {processor.py:161} INFO - Started process (PID=7921) to work on /home/airflow/.local/lib/python3.8/site-packages/airflow/example_dags/example_params_ui_tutorial.py
[2026-04-18T21:22:30.894+0000] {processor.py:830} INFO - Processing file /home/airflow/.local/lib/python3.8/site-packages/airflow/example_dags/example_params_ui_tutorial.py for tasks to queue
[2026-04-18T21:22:30.896+0000] {logging_mixin.py:188} INFO - [2026-04-18T21:22:30.895+0000] {dagbag.py:538} INFO - Filling up the DagBag from /home/airflow/.local/lib/python3.8/site-packages/airflow/example_dags/example_params_ui_tutorial.py
[2026-04-18T21:22:30.910+0000] {processor.py:840} INFO - DAG(s) 'example_params_ui_tutorial' retrieved from /home/airflow/.local/lib/python3.8/site-packages/airflow/example_dags/example_params_ui_tutorial.py
[2026-04-18T21:22:30.987+0000] {logging_mixin.py:188} INFO - [2026-04-18T21:22:30.987+0000] {dag.py:3036} INFO - Sync 1 DAGs
[2026-04-18T21:22:30.999+0000] {logging_mixin.py:188} INFO - [2026-04-18T21:22:30.998+0000] {dag.py:3823} INFO - Setting next_dagrun for example_params_ui_tutorial to None, run_after=None
[2026-04-18T21:22:31.025+0000] {processor.py:183} INFO - Processing /home/airflow/.local/lib/python3.8/site-packages/airflow/example_dags/example_params_ui_tutorial.py took 0.136 seconds
[2026-04-18T21:23:01.206+0000] {processor.py:161} INFO - Started process (PID=7979) to work on /home/airflow/.local/lib/python3.8/site-packages/airflow/example_dags/example_params_ui_tutorial.py
[2026-04-18T21:23:01.207+0000] {processor.py:830} INFO - Processing file /home/airflow/.local/lib/python3.8/site-packages/airflow/example_dags/example_params_ui_tutorial.py for tasks to queue
[2026-04-18T21:23:01.209+0000] {logging_mixin.py:188} INFO - [2026-04-18T21:23:01.209+0000] {dagbag.py:538} INFO - Filling up the DagBag from /home/airflow/.local/lib/python3.8/site-packages/airflow/example_dags/example_params_ui_tutorial.py
[2026-04-18T21:23:01.227+0000] {processor.py:840} INFO - DAG(s) 'example_params_ui_tutorial' retrieved from /home/airflow/.local/lib/python3.8/site-packages/airflow/example_dags/example_params_ui_tutorial.py
[2026-04-18T21:23:01.287+0000] {logging_mixin.py:188} INFO - [2026-04-18T21:23:01.287+0000] {dag.py:3036} INFO - Sync 1 DAGs
[2026-04-18T21:23:01.302+0000] {logging_mixin.py:188} INFO - [2026-04-18T21:23:01.302+0000] {dag.py:3823} INFO - Setting next_dagrun for example_params_ui_tutorial to None, run_after=None
[2026-04-18T21:23:01.330+0000] {processor.py:183} INFO - Processing /home/airflow/.local/lib/python3.8/site-packages/airflow/example_dags/example_params_ui_tutorial.py took 0.128 seconds
[2026-04-18T21:23:31.614+0000] {processor.py:161} INFO - Started process (PID=8035) to work on /home/airflow/.local/lib/python3.8/site-packages/airflow/example_dags/example_params_ui_tutorial.py
[2026-04-18T21:23:31.616+0000] {processor.py:830} INFO - Processing file /home/airflow/.local/lib/python3.8/site-packages/airflow/example_dags/example_params_ui_tutorial.py for tasks to queue
[2026-04-18T21:23:31.618+0000] {logging_mixin.py:188} INFO - [2026-04-18T21:23:31.618+0000] {dagbag.py:538} INFO - Filling up the DagBag from /home/airflow/.local/lib/python3.8/site-packages/airflow/example_dags/example_params_ui_tutorial.py
[2026-04-18T21:23:31.630+0000] {processor.py:840} INFO - DAG(s) 'example_params_ui_tutorial' retrieved from /home/airflow/.local/lib/python3.8/site-packages/airflow/example_dags/example_params_ui_tutorial.py
[2026-04-18T21:23:31.695+0000] {logging_mixin.py:188} INFO - [2026-04-18T21:23:31.695+0000] {dag.py:3036} INFO - Sync 1 DAGs
[2026-04-18T21:23:31.712+0000] {logging_mixin.py:188} INFO - [2026-04-18T21:23:31.711+0000] {dag.py:3823} INFO - Setting next_dagrun for example_params_ui_tutorial to None, run_after=None
[2026-04-18T21:23:31.738+0000] {processor.py:183} INFO - Processing /home/airflow/.local/lib/python3.8/site-packages/airflow/example_dags/example_params_ui_tutorial.py took 0.127 seconds
[2026-04-18T21:24:02.013+0000] {processor.py:161} INFO - Started process (PID=8093) to work on /home/airflow/.local/lib/python3.8/site-packages/airflow/example_dags/example_params_ui_tutorial.py
[2026-04-18T21:24:02.015+0000] {processor.py:830} INFO - Processing file /home/airflow/.local/lib/python3.8/site-packages/airflow/example_dags/example_params_ui_tutorial.py for tasks to queue
[2026-04-18T21:24:02.018+0000] {logging_mixin.py:188} INFO - [2026-04-18T21:24:02.018+0000] {dagbag.py:538} INFO - Filling up the DagBag from /home/airflow/.local/lib/python3.8/site-packages/airflow/example_dags/example_params_ui_tutorial.py
[2026-04-18T21:24:02.037+0000] {processor.py:840} INFO - DAG(s) 'example_params_ui_tutorial' retrieved from /home/airflow/.local/lib/python3.8/site-packages/airflow/example_dags/example_params_ui_tutorial.py
[2026-04-18T21:24:02.122+0000] {logging_mixin.py:188} INFO - [2026-04-18T21:24:02.122+0000] {dag.py:3036} INFO - Sync 1 DAGs
[2026-04-18T21:24:02.147+0000] {logging_mixin.py:188} INFO - [2026-04-18T21:24:02.146+0000] {dag.py:3823} INFO - Setting next_dagrun for example_params_ui_tutorial to None, run_after=None
[2026-04-18T21:24:02.188+0000] {processor.py:183} INFO - Processing /home/airflow/.local/lib/python3.8/site-packages/airflow/example_dags/example_params_ui_tutorial.py took 0.181 seconds
[2026-04-18T21:24:32.305+0000] {processor.py:161} INFO - Started process (PID=8150) to work on /home/airflow/.local/lib/python3.8/site-packages/airflow/example_dags/example_params_ui_tutorial.py
[2026-04-18T21:24:32.309+0000] {processor.py:830} INFO - Processing file /home/airflow/.local/lib/python3.8/site-packages/airflow/example_dags/example_params_ui_tutorial.py for tasks to queue
[2026-04-18T21:24:32.312+0000] {logging_mixin.py:188} INFO - [2026-04-18T21:24:32.312+0000] {dagbag.py:538} INFO - Filling up the DagBag from /home/airflow/.local/lib/python3.8/site-packages/airflow/example_dags/example_params_ui_tutorial.py
[2026-04-18T21:24:32.325+0000] {processor.py:840} INFO - DAG(s) 'example_params_ui_tutorial' retrieved from /home/airflow/.local/lib/python3.8/site-packages/airflow/example_dags/example_params_ui_tutorial.py
[2026-04-18T21:24:32.402+0000] {logging_mixin.py:188} INFO - [2026-04-18T21:24:32.402+0000] {dag.py:3036} INFO - Sync 1 DAGs
[2026-04-18T21:24:32.414+0000] {logging_mixin.py:188} INFO - [2026-04-18T21:24:32.414+0000] {dag.py:3823} INFO - Setting next_dagrun for example_params_ui_tutorial to None, run_after=None
[2026-04-18T21:24:32.436+0000] {processor.py:183} INFO - Processing /home/airflow/.local/lib/python3.8/site-packages/airflow/example_dags/example_params_ui_tutorial.py took 0.135 seconds
[2026-04-18T21:25:02.725+0000] {processor.py:161} INFO - Started process (PID=8206) to work on /home/airflow/.local/lib/python3.8/site-packages/airflow/example_dags/example_params_ui_tutorial.py
[2026-04-18T21:25:02.726+0000] {processor.py:830} INFO - Processing file /home/airflow/.local/lib/python3.8/site-packages/airflow/example_dags/example_params_ui_tutorial.py for tasks to queue
[2026-04-18T21:25:02.729+0000] {logging_mixin.py:188} INFO - [2026-04-18T21:25:02.729+0000] {dagbag.py:538} INFO - Filling up the DagBag from /home/airflow/.local/lib/python3.8/site-packages/airflow/example_dags/example_params_ui_tutorial.py
[2026-04-18T21:25:02.743+0000] {processor.py:840} INFO - DAG(s) 'example_params_ui_tutorial' retrieved from /home/airflow/.local/lib/python3.8/site-packages/airflow/example_dags/example_params_ui_tutorial.py
[2026-04-18T21:25:02.795+0000] {logging_mixin.py:188} INFO - [2026-04-18T21:25:02.795+0000] {dag.py:3036} INFO - Sync 1 DAGs
[2026-04-18T21:25:02.817+0000] {logging_mixin.py:188} INFO - [2026-04-18T21:25:02.817+0000] {dag.py:3823} INFO - Setting next_dagrun for example_params_ui_tutorial to None, run_after=None
[2026-04-18T21:25:02.845+0000] {processor.py:183} INFO - Processing /home/airflow/.local/lib/python3.8/site-packages/airflow/example_dags/example_params_ui_tutorial.py took 0.125 seconds
[2026-04-18T21:25:33.558+0000] {processor.py:161} INFO - Started process (PID=8263) to work on /home/airflow/.local/lib/python3.8/site-packages/airflow/example_dags/example_params_ui_tutorial.py
[2026-04-18T21:25:33.559+0000] {processor.py:830} INFO - Processing file /home/airflow/.local/lib/python3.8/site-packages/airflow/example_dags/example_params_ui_tutorial.py for tasks to queue
[2026-04-18T21:25:33.562+0000] {logging_mixin.py:188} INFO - [2026-04-18T21:25:33.561+0000] {dagbag.py:538} INFO - Filling up the DagBag from /home/airflow/.local/lib/python3.8/site-packages/airflow/example_dags/example_params_ui_tutorial.py
[2026-04-18T21:25:33.575+0000] {processor.py:840} INFO - DAG(s) 'example_params_ui_tutorial' retrieved from /home/airflow/.local/lib/python3.8/site-packages/airflow/example_dags/example_params_ui_tutorial.py
[2026-04-18T21:25:33.645+0000] {logging_mixin.py:188} INFO - [2026-04-18T21:25:33.645+0000] {dag.py:3036} INFO - Sync 1 DAGs
[2026-04-18T21:25:33.657+0000] {logging_mixin.py:188} INFO - [2026-04-18T21:25:33.657+0000] {dag.py:3823} INFO - Setting next_dagrun for example_params_ui_tutorial to None, run_after=None
[2026-04-18T21:25:33.682+0000] {processor.py:183} INFO - Processing /home/airflow/.local/lib/python3.8/site-packages/airflow/example_dags/example_params_ui_tutorial.py took 0.127 seconds
[2026-04-18T21:26:04.371+0000] {processor.py:161} INFO - Started process (PID=8320) to work on /home/airflow/.local/lib/python3.8/site-packages/airflow/example_dags/example_params_ui_tutorial.py
[2026-04-18T21:26:04.372+0000] {processor.py:830} INFO - Processing file /home/airflow/.local/lib/python3.8/site-packages/airflow/example_dags/example_params_ui_tutorial.py for tasks to queue
[2026-04-18T21:26:04.375+0000] {logging_mixin.py:188} INFO - [2026-04-18T21:26:04.374+0000] {dagbag.py:538} INFO - Filling up the DagBag from /home/airflow/.local/lib/python3.8/site-packages/airflow/example_dags/example_params_ui_tutorial.py
[2026-04-18T21:26:04.393+0000] {processor.py:840} INFO - DAG(s) 'example_params_ui_tutorial' retrieved from /home/airflow/.local/lib/python3.8/site-packages/airflow/example_dags/example_params_ui_tutorial.py
[2026-04-18T21:26:04.477+0000] {logging_mixin.py:188} INFO - [2026-04-18T21:26:04.477+0000] {dag.py:3036} INFO - Sync 1 DAGs
[2026-04-18T21:26:04.492+0000] {logging_mixin.py:188} INFO - [2026-04-18T21:26:04.492+0000] {dag.py:3823} INFO - Setting next_dagrun for example_params_ui_tutorial to None, run_after=None
[2026-04-18T21:26:04.519+0000] {processor.py:183} INFO - Processing /home/airflow/.local/lib/python3.8/site-packages/airflow/example_dags/example_params_ui_tutorial.py took 0.153 seconds
[2026-04-18T21:26:35.045+0000] {processor.py:161} INFO - Started process (PID=8378) to work on /home/airflow/.local/lib/python3.8/site-packages/airflow/example_dags/example_params_ui_tutorial.py
[2026-04-18T21:26:35.047+0000] {processor.py:830} INFO - Processing file /home/airflow/.local/lib/python3.8/site-packages/airflow/example_dags/example_params_ui_tutorial.py for tasks to queue
[2026-04-18T21:26:35.050+0000] {logging_mixin.py:188} INFO - [2026-04-18T21:26:35.049+0000] {dagbag.py:538} INFO - Filling up the DagBag from /home/airflow/.local/lib/python3.8/site-packages/airflow/example_dags/example_params_ui_tutorial.py
[2026-04-18T21:26:35.062+0000] {processor.py:840} INFO - DAG(s) 'example_params_ui_tutorial' retrieved from /home/airflow/.local/lib/python3.8/site-packages/airflow/example_dags/example_params_ui_tutorial.py
[2026-04-18T21:26:35.117+0000] {logging_mixin.py:188} INFO - [2026-04-18T21:26:35.117+0000] {dag.py:3036} INFO - Sync 1 DAGs
[2026-04-18T21:26:35.130+0000] {logging_mixin.py:188} INFO - [2026-04-18T21:26:35.129+0000] {dag.py:3823} INFO - Setting next_dagrun for example_params_ui_tutorial to None, run_after=None
[2026-04-18T21:26:35.153+0000] {processor.py:183} INFO - Processing /home/airflow/.local/lib/python3.8/site-packages/airflow/example_dags/example_params_ui_tutorial.py took 0.112 seconds
[2026-04-18T21:27:05.485+0000] {processor.py:161} INFO - Started process (PID=8435) to work on /home/airflow/.local/lib/python3.8/site-packages/airflow/example_dags/example_params_ui_tutorial.py
[2026-04-18T21:27:05.486+0000] {processor.py:830} INFO - Processing file /home/airflow/.local/lib/python3.8/site-packages/airflow/example_dags/example_params_ui_tutorial.py for tasks to queue
[2026-04-18T21:27:05.488+0000] {logging_mixin.py:188} INFO - [2026-04-18T21:27:05.488+0000] {dagbag.py:538} INFO - Filling up the DagBag from /home/airflow/.local/lib/python3.8/site-packages/airflow/example_dags/example_params_ui_tutorial.py
[2026-04-18T21:27:05.501+0000] {processor.py:840} INFO - DAG(s) 'example_params_ui_tutorial' retrieved from /home/airflow/.local/lib/python3.8/site-packages/airflow/example_dags/example_params_ui_tutorial.py
[2026-04-18T21:27:05.561+0000] {logging_mixin.py:188} INFO - [2026-04-18T21:27:05.561+0000] {dag.py:3036} INFO - Sync 1 DAGs
[2026-04-18T21:27:05.574+0000] {logging_mixin.py:188} INFO - [2026-04-18T21:27:05.573+0000] {dag.py:3823} INFO - Setting next_dagrun for example_params_ui_tutorial to None, run_after=None
[2026-04-18T21:27:05.601+0000] {processor.py:183} INFO - Processing /home/airflow/.local/lib/python3.8/site-packages/airflow/example_dags/example_params_ui_tutorial.py took 0.120 seconds
[2026-04-18T21:27:36.349+0000] {processor.py:161} INFO - Started process (PID=8492) to work on /home/airflow/.local/lib/python3.8/site-packages/airflow/example_dags/example_params_ui_tutorial.py
[2026-04-18T21:27:36.350+0000] {processor.py:830} INFO - Processing file /home/airflow/.local/lib/python3.8/site-packages/airflow/example_dags/example_params_ui_tutorial.py for tasks to queue
[2026-04-18T21:27:36.353+0000] {logging_mixin.py:188} INFO - [2026-04-18T21:27:36.352+0000] {dagbag.py:538} INFO - Filling up the DagBag from /home/airflow/.local/lib/python3.8/site-packages/airflow/example_dags/example_params_ui_tutorial.py
[2026-04-18T21:27:36.366+0000] {processor.py:840} INFO - DAG(s) 'example_params_ui_tutorial' retrieved from /home/airflow/.local/lib/python3.8/site-packages/airflow/example_dags/example_params_ui_tutorial.py
[2026-04-18T21:27:36.422+0000] {logging_mixin.py:188} INFO - [2026-04-18T21:27:36.422+0000] {dag.py:3036} INFO - Sync 1 DAGs
[2026-04-18T21:27:36.439+0000] {logging_mixin.py:188} INFO - [2026-04-18T21:27:36.439+0000] {dag.py:3823} INFO - Setting next_dagrun for example_params_ui_tutorial to None, run_after=None
[2026-04-18T21:27:36.466+0000] {processor.py:183} INFO - Processing /home/airflow/.local/lib/python3.8/site-packages/airflow/example_dags/example_params_ui_tutorial.py took 0.121 seconds
[2026-04-18T21:28:07.216+0000] {processor.py:161} INFO - Started process (PID=8549) to work on /home/airflow/.local/lib/python3.8/site-packages/airflow/example_dags/example_params_ui_tutorial.py
[2026-04-18T21:28:07.217+0000] {processor.py:830} INFO - Processing file /home/airflow/.local/lib/python3.8/site-packages/airflow/example_dags/example_params_ui_tutorial.py for tasks to queue
[2026-04-18T21:28:07.219+0000] {logging_mixin.py:188} INFO - [2026-04-18T21:28:07.219+0000] {dagbag.py:538} INFO - Filling up the DagBag from /home/airflow/.local/lib/python3.8/site-packages/airflow/example_dags/example_params_ui_tutorial.py
[2026-04-18T21:28:07.232+0000] {processor.py:840} INFO - DAG(s) 'example_params_ui_tutorial' retrieved from /home/airflow/.local/lib/python3.8/site-packages/airflow/example_dags/example_params_ui_tutorial.py
[2026-04-18T21:28:07.286+0000] {logging_mixin.py:188} INFO - [2026-04-18T21:28:07.285+0000] {dag.py:3036} INFO - Sync 1 DAGs
[2026-04-18T21:28:07.299+0000] {logging_mixin.py:188} INFO - [2026-04-18T21:28:07.298+0000] {dag.py:3823} INFO - Setting next_dagrun for example_params_ui_tutorial to None, run_after=None
[2026-04-18T21:28:07.321+0000] {processor.py:183} INFO - Processing /home/airflow/.local/lib/python3.8/site-packages/airflow/example_dags/example_params_ui_tutorial.py took 0.110 seconds
[2026-04-18T21:28:38.074+0000] {processor.py:161} INFO - Started process (PID=8606) to work on /home/airflow/.local/lib/python3.8/site-packages/airflow/example_dags/example_params_ui_tutorial.py
[2026-04-18T21:28:38.076+0000] {processor.py:830} INFO - Processing file /home/airflow/.local/lib/python3.8/site-packages/airflow/example_dags/example_params_ui_tutorial.py for tasks to queue
[2026-04-18T21:28:38.079+0000] {logging_mixin.py:188} INFO - [2026-04-18T21:28:38.079+0000] {dagbag.py:538} INFO - Filling up the DagBag from /home/airflow/.local/lib/python3.8/site-packages/airflow/example_dags/example_params_ui_tutorial.py
[2026-04-18T21:28:38.096+0000] {processor.py:840} INFO - DAG(s) 'example_params_ui_tutorial' retrieved from /home/airflow/.local/lib/python3.8/site-packages/airflow/example_dags/example_params_ui_tutorial.py
[2026-04-18T21:28:38.175+0000] {logging_mixin.py:188} INFO - [2026-04-18T21:28:38.174+0000] {dag.py:3036} INFO - Sync 1 DAGs
[2026-04-18T21:28:38.191+0000] {logging_mixin.py:188} INFO - [2026-04-18T21:28:38.191+0000] {dag.py:3823} INFO - Setting next_dagrun for example_params_ui_tutorial to None, run_after=None
[2026-04-18T21:28:38.219+0000] {processor.py:183} INFO - Processing /home/airflow/.local/lib/python3.8/site-packages/airflow/example_dags/example_params_ui_tutorial.py took 0.150 seconds
[2026-04-18T21:29:08.901+0000] {processor.py:161} INFO - Started process (PID=8663) to work on /home/airflow/.local/lib/python3.8/site-packages/airflow/example_dags/example_params_ui_tutorial.py
[2026-04-18T21:29:08.902+0000] {processor.py:830} INFO - Processing file /home/airflow/.local/lib/python3.8/site-packages/airflow/example_dags/example_params_ui_tutorial.py for tasks to queue
[2026-04-18T21:29:08.905+0000] {logging_mixin.py:188} INFO - [2026-04-18T21:29:08.904+0000] {dagbag.py:538} INFO - Filling up the DagBag from /home/airflow/.local/lib/python3.8/site-packages/airflow/example_dags/example_params_ui_tutorial.py
[2026-04-18T21:29:08.918+0000] {processor.py:840} INFO - DAG(s) 'example_params_ui_tutorial' retrieved from /home/airflow/.local/lib/python3.8/site-packages/airflow/example_dags/example_params_ui_tutorial.py
[2026-04-18T21:29:08.980+0000] {logging_mixin.py:188} INFO - [2026-04-18T21:29:08.980+0000] {dag.py:3036} INFO - Sync 1 DAGs
[2026-04-18T21:29:08.999+0000] {logging_mixin.py:188} INFO - [2026-04-18T21:29:08.999+0000] {dag.py:3823} INFO - Setting next_dagrun for example_params_ui_tutorial to None, run_after=None
[2026-04-18T21:29:09.023+0000] {processor.py:183} INFO - Processing /home/airflow/.local/lib/python3.8/site-packages/airflow/example_dags/example_params_ui_tutorial.py took 0.126 seconds
[2026-04-18T21:29:39.607+0000] {processor.py:161} INFO - Started process (PID=8720) to work on /home/airflow/.local/lib/python3.8/site-packages/airflow/example_dags/example_params_ui_tutorial.py
[2026-04-18T21:29:39.611+0000] {processor.py:830} INFO - Processing file /home/airflow/.local/lib/python3.8/site-packages/airflow/example_dags/example_params_ui_tutorial.py for tasks to queue
[2026-04-18T21:29:39.614+0000] {logging_mixin.py:188} INFO - [2026-04-18T21:29:39.613+0000] {dagbag.py:538} INFO - Filling up the DagBag from /home/airflow/.local/lib/python3.8/site-packages/airflow/example_dags/example_params_ui_tutorial.py
[2026-04-18T21:29:39.626+0000] {processor.py:840} INFO - DAG(s) 'example_params_ui_tutorial' retrieved from /home/airflow/.local/lib/python3.8/site-packages/airflow/example_dags/example_params_ui_tutorial.py
[2026-04-18T21:29:39.694+0000] {logging_mixin.py:188} INFO - [2026-04-18T21:29:39.694+0000] {dag.py:3036} INFO - Sync 1 DAGs
[2026-04-18T21:29:39.707+0000] {logging_mixin.py:188} INFO - [2026-04-18T21:29:39.707+0000] {dag.py:3823} INFO - Setting next_dagrun for example_params_ui_tutorial to None, run_after=None
[2026-04-18T21:29:39.732+0000] {processor.py:183} INFO - Processing /home/airflow/.local/lib/python3.8/site-packages/airflow/example_dags/example_params_ui_tutorial.py took 0.131 seconds
[2026-04-18T21:30:10.468+0000] {processor.py:161} INFO - Started process (PID=8777) to work on /home/airflow/.local/lib/python3.8/site-packages/airflow/example_dags/example_params_ui_tutorial.py
[2026-04-18T21:30:10.470+0000] {processor.py:830} INFO - Processing file /home/airflow/.local/lib/python3.8/site-packages/airflow/example_dags/example_params_ui_tutorial.py for tasks to queue
[2026-04-18T21:30:10.472+0000] {logging_mixin.py:188} INFO - [2026-04-18T21:30:10.472+0000] {dagbag.py:538} INFO - Filling up the DagBag from /home/airflow/.local/lib/python3.8/site-packages/airflow/example_dags/example_params_ui_tutorial.py
[2026-04-18T21:30:10.485+0000] {processor.py:840} INFO - DAG(s) 'example_params_ui_tutorial' retrieved from /home/airflow/.local/lib/python3.8/site-packages/airflow/example_dags/example_params_ui_tutorial.py
[2026-04-18T21:30:10.543+0000] {logging_mixin.py:188} INFO - [2026-04-18T21:30:10.542+0000] {dag.py:3036} INFO - Sync 1 DAGs
[2026-04-18T21:30:10.554+0000] {logging_mixin.py:188} INFO - [2026-04-18T21:30:10.554+0000] {dag.py:3823} INFO - Setting next_dagrun for example_params_ui_tutorial to None, run_after=None
[2026-04-18T21:30:10.577+0000] {processor.py:183} INFO - Processing /home/airflow/.local/lib/python3.8/site-packages/airflow/example_dags/example_params_ui_tutorial.py took 0.113 seconds
[2026-04-18T21:30:41.530+0000] {processor.py:161} INFO - Started process (PID=8834) to work on /home/airflow/.local/lib/python3.8/site-packages/airflow/example_dags/example_params_ui_tutorial.py
[2026-04-18T21:30:41.532+0000] {processor.py:830} INFO - Processing file /home/airflow/.local/lib/python3.8/site-packages/airflow/example_dags/example_params_ui_tutorial.py for tasks to queue
[2026-04-18T21:30:41.534+0000] {logging_mixin.py:188} INFO - [2026-04-18T21:30:41.534+0000] {dagbag.py:538} INFO - Filling up the DagBag from /home/airflow/.local/lib/python3.8/site-packages/airflow/example_dags/example_params_ui_tutorial.py
[2026-04-18T21:30:41.547+0000] {processor.py:840} INFO - DAG(s) 'example_params_ui_tutorial' retrieved from /home/airflow/.local/lib/python3.8/site-packages/airflow/example_dags/example_params_ui_tutorial.py
[2026-04-18T21:30:41.611+0000] {logging_mixin.py:188} INFO - [2026-04-18T21:30:41.611+0000] {dag.py:3036} INFO - Sync 1 DAGs
[2026-04-18T21:30:41.625+0000] {logging_mixin.py:188} INFO - [2026-04-18T21:30:41.624+0000] {dag.py:3823} INFO - Setting next_dagrun for example_params_ui_tutorial to None, run_after=None
[2026-04-18T21:30:41.651+0000] {processor.py:183} INFO - Processing /home/airflow/.local/lib/python3.8/site-packages/airflow/example_dags/example_params_ui_tutorial.py took 0.125 seconds
[2026-04-18T21:31:12.008+0000] {processor.py:161} INFO - Started process (PID=8891) to work on /home/airflow/.local/lib/python3.8/site-packages/airflow/example_dags/example_params_ui_tutorial.py
[2026-04-18T21:31:12.010+0000] {processor.py:830} INFO - Processing file /home/airflow/.local/lib/python3.8/site-packages/airflow/example_dags/example_params_ui_tutorial.py for tasks to queue
[2026-04-18T21:31:12.014+0000] {logging_mixin.py:188} INFO - [2026-04-18T21:31:12.013+0000] {dagbag.py:538} INFO - Filling up the DagBag from /home/airflow/.local/lib/python3.8/site-packages/airflow/example_dags/example_params_ui_tutorial.py
[2026-04-18T21:31:12.034+0000] {processor.py:840} INFO - DAG(s) 'example_params_ui_tutorial' retrieved from /home/airflow/.local/lib/python3.8/site-packages/airflow/example_dags/example_params_ui_tutorial.py
[2026-04-18T21:31:12.107+0000] {logging_mixin.py:188} INFO - [2026-04-18T21:31:12.107+0000] {dag.py:3036} INFO - Sync 1 DAGs
[2026-04-18T21:31:12.131+0000] {logging_mixin.py:188} INFO - [2026-04-18T21:31:12.130+0000] {dag.py:3823} INFO - Setting next_dagrun for example_params_ui_tutorial to None, run_after=None
[2026-04-18T21:31:12.158+0000] {processor.py:183} INFO - Processing /home/airflow/.local/lib/python3.8/site-packages/airflow/example_dags/example_params_ui_tutorial.py took 0.154 seconds
[2026-04-18T21:31:42.713+0000] {processor.py:161} INFO - Started process (PID=8949) to work on /home/airflow/.local/lib/python3.8/site-packages/airflow/example_dags/example_params_ui_tutorial.py
[2026-04-18T21:31:42.715+0000] {processor.py:830} INFO - Processing file /home/airflow/.local/lib/python3.8/site-packages/airflow/example_dags/example_params_ui_tutorial.py for tasks to queue
[2026-04-18T21:31:42.717+0000] {logging_mixin.py:188} INFO - [2026-04-18T21:31:42.717+0000] {dagbag.py:538} INFO - Filling up the DagBag from /home/airflow/.local/lib/python3.8/site-packages/airflow/example_dags/example_params_ui_tutorial.py
[2026-04-18T21:31:42.733+0000] {processor.py:840} INFO - DAG(s) 'example_params_ui_tutorial' retrieved from /home/airflow/.local/lib/python3.8/site-packages/airflow/example_dags/example_params_ui_tutorial.py
[2026-04-18T21:31:42.810+0000] {logging_mixin.py:188} INFO - [2026-04-18T21:31:42.810+0000] {dag.py:3036} INFO - Sync 1 DAGs
[2026-04-18T21:31:42.826+0000] {logging_mixin.py:188} INFO - [2026-04-18T21:31:42.826+0000] {dag.py:3823} INFO - Setting next_dagrun for example_params_ui_tutorial to None, run_after=None
[2026-04-18T21:31:42.852+0000] {processor.py:183} INFO - Processing /home/airflow/.local/lib/python3.8/site-packages/airflow/example_dags/example_params_ui_tutorial.py took 0.144 seconds
[2026-04-18T21:32:13.630+0000] {processor.py:161} INFO - Started process (PID=9006) to work on /home/airflow/.local/lib/python3.8/site-packages/airflow/example_dags/example_params_ui_tutorial.py
[2026-04-18T21:32:13.632+0000] {processor.py:830} INFO - Processing file /home/airflow/.local/lib/python3.8/site-packages/airflow/example_dags/example_params_ui_tutorial.py for tasks to queue
[2026-04-18T21:32:13.636+0000] {logging_mixin.py:188} INFO - [2026-04-18T21:32:13.636+0000] {dagbag.py:538} INFO - Filling up the DagBag from /home/airflow/.local/lib/python3.8/site-packages/airflow/example_dags/example_params_ui_tutorial.py
[2026-04-18T21:32:13.663+0000] {processor.py:840} INFO - DAG(s) 'example_params_ui_tutorial' retrieved from /home/airflow/.local/lib/python3.8/site-packages/airflow/example_dags/example_params_ui_tutorial.py
[2026-04-18T21:32:13.782+0000] {logging_mixin.py:188} INFO - [2026-04-18T21:32:13.781+0000] {dag.py:3036} INFO - Sync 1 DAGs
[2026-04-18T21:32:13.805+0000] {logging_mixin.py:188} INFO - [2026-04-18T21:32:13.804+0000] {dag.py:3823} INFO - Setting next_dagrun for example_params_ui_tutorial to None, run_after=None
[2026-04-18T21:32:13.847+0000] {processor.py:183} INFO - Processing /home/airflow/.local/lib/python3.8/site-packages/airflow/example_dags/example_params_ui_tutorial.py took 0.225 seconds
[2026-04-18T21:32:44.082+0000] {processor.py:161} INFO - Started process (PID=9063) to work on /home/airflow/.local/lib/python3.8/site-packages/airflow/example_dags/example_params_ui_tutorial.py
[2026-04-18T21:32:44.083+0000] {processor.py:830} INFO - Processing file /home/airflow/.local/lib/python3.8/site-packages/airflow/example_dags/example_params_ui_tutorial.py for tasks to queue
[2026-04-18T21:32:44.087+0000] {logging_mixin.py:188} INFO - [2026-04-18T21:32:44.086+0000] {dagbag.py:538} INFO - Filling up the DagBag from /home/airflow/.local/lib/python3.8/site-packages/airflow/example_dags/example_params_ui_tutorial.py
[2026-04-18T21:32:44.108+0000] {processor.py:840} INFO - DAG(s) 'example_params_ui_tutorial' retrieved from /home/airflow/.local/lib/python3.8/site-packages/airflow/example_dags/example_params_ui_tutorial.py
[2026-04-18T21:32:44.377+0000] {logging_mixin.py:188} INFO - [2026-04-18T21:32:44.376+0000] {dag.py:3036} INFO - Sync 1 DAGs
[2026-04-18T21:32:44.390+0000] {logging_mixin.py:188} INFO - [2026-04-18T21:32:44.390+0000] {dag.py:3823} INFO - Setting next_dagrun for example_params_ui_tutorial to None, run_after=None
[2026-04-18T21:32:44.417+0000] {processor.py:183} INFO - Processing /home/airflow/.local/lib/python3.8/site-packages/airflow/example_dags/example_params_ui_tutorial.py took 0.342 seconds
[2026-04-18T21:33:14.629+0000] {processor.py:161} INFO - Started process (PID=9120) to work on /home/airflow/.local/lib/python3.8/site-packages/airflow/example_dags/example_params_ui_tutorial.py
[2026-04-18T21:33:14.630+0000] {processor.py:830} INFO - Processing file /home/airflow/.local/lib/python3.8/site-packages/airflow/example_dags/example_params_ui_tutorial.py for tasks to queue
[2026-04-18T21:33:14.632+0000] {logging_mixin.py:188} INFO - [2026-04-18T21:33:14.631+0000] {dagbag.py:538} INFO - Filling up the DagBag from /home/airflow/.local/lib/python3.8/site-packages/airflow/example_dags/example_params_ui_tutorial.py
[2026-04-18T21:33:14.648+0000] {processor.py:840} INFO - DAG(s) 'example_params_ui_tutorial' retrieved from /home/airflow/.local/lib/python3.8/site-packages/airflow/example_dags/example_params_ui_tutorial.py
[2026-04-18T21:33:14.886+0000] {logging_mixin.py:188} INFO - [2026-04-18T21:33:14.885+0000] {dag.py:3036} INFO - Sync 1 DAGs
[2026-04-18T21:33:14.900+0000] {logging_mixin.py:188} INFO - [2026-04-18T21:33:14.900+0000] {dag.py:3823} INFO - Setting next_dagrun for example_params_ui_tutorial to None, run_after=None
[2026-04-18T21:33:14.921+0000] {processor.py:183} INFO - Processing /home/airflow/.local/lib/python3.8/site-packages/airflow/example_dags/example_params_ui_tutorial.py took 0.297 seconds
[2026-04-18T21:33:45.431+0000] {processor.py:161} INFO - Started process (PID=9178) to work on /home/airflow/.local/lib/python3.8/site-packages/airflow/example_dags/example_params_ui_tutorial.py
[2026-04-18T21:33:45.432+0000] {processor.py:830} INFO - Processing file /home/airflow/.local/lib/python3.8/site-packages/airflow/example_dags/example_params_ui_tutorial.py for tasks to queue
[2026-04-18T21:33:45.435+0000] {logging_mixin.py:188} INFO - [2026-04-18T21:33:45.434+0000] {dagbag.py:538} INFO - Filling up the DagBag from /home/airflow/.local/lib/python3.8/site-packages/airflow/example_dags/example_params_ui_tutorial.py
[2026-04-18T21:33:45.448+0000] {processor.py:840} INFO - DAG(s) 'example_params_ui_tutorial' retrieved from /home/airflow/.local/lib/python3.8/site-packages/airflow/example_dags/example_params_ui_tutorial.py
[2026-04-18T21:33:45.509+0000] {logging_mixin.py:188} INFO - [2026-04-18T21:33:45.509+0000] {dag.py:3036} INFO - Sync 1 DAGs
[2026-04-18T21:33:45.524+0000] {logging_mixin.py:188} INFO - [2026-04-18T21:33:45.523+0000] {dag.py:3823} INFO - Setting next_dagrun for example_params_ui_tutorial to None, run_after=None
[2026-04-18T21:33:45.547+0000] {processor.py:183} INFO - Processing /home/airflow/.local/lib/python3.8/site-packages/airflow/example_dags/example_params_ui_tutorial.py took 0.121 seconds
[2026-04-18T21:34:15.860+0000] {processor.py:161} INFO - Started process (PID=9235) to work on /home/airflow/.local/lib/python3.8/site-packages/airflow/example_dags/example_params_ui_tutorial.py
[2026-04-18T21:34:15.862+0000] {processor.py:830} INFO - Processing file /home/airflow/.local/lib/python3.8/site-packages/airflow/example_dags/example_params_ui_tutorial.py for tasks to queue
[2026-04-18T21:34:15.864+0000] {logging_mixin.py:188} INFO - [2026-04-18T21:34:15.864+0000] {dagbag.py:538} INFO - Filling up the DagBag from /home/airflow/.local/lib/python3.8/site-packages/airflow/example_dags/example_params_ui_tutorial.py
[2026-04-18T21:34:15.876+0000] {processor.py:840} INFO - DAG(s) 'example_params_ui_tutorial' retrieved from /home/airflow/.local/lib/python3.8/site-packages/airflow/example_dags/example_params_ui_tutorial.py
[2026-04-18T21:34:15.942+0000] {logging_mixin.py:188} INFO - [2026-04-18T21:34:15.942+0000] {dag.py:3036} INFO - Sync 1 DAGs
[2026-04-18T21:34:15.959+0000] {logging_mixin.py:188} INFO - [2026-04-18T21:34:15.959+0000] {dag.py:3823} INFO - Setting next_dagrun for example_params_ui_tutorial to None, run_after=None
[2026-04-18T21:34:15.982+0000] {processor.py:183} INFO - Processing /home/airflow/.local/lib/python3.8/site-packages/airflow/example_dags/example_params_ui_tutorial.py took 0.126 seconds
[2026-04-18T21:34:46.101+0000] {processor.py:161} INFO - Started process (PID=9292) to work on /home/airflow/.local/lib/python3.8/site-packages/airflow/example_dags/example_params_ui_tutorial.py
[2026-04-18T21:34:46.103+0000] {processor.py:830} INFO - Processing file /home/airflow/.local/lib/python3.8/site-packages/airflow/example_dags/example_params_ui_tutorial.py for tasks to queue
[2026-04-18T21:34:46.105+0000] {logging_mixin.py:188} INFO - [2026-04-18T21:34:46.105+0000] {dagbag.py:538} INFO - Filling up the DagBag from /home/airflow/.local/lib/python3.8/site-packages/airflow/example_dags/example_params_ui_tutorial.py
[2026-04-18T21:34:46.117+0000] {processor.py:840} INFO - DAG(s) 'example_params_ui_tutorial' retrieved from /home/airflow/.local/lib/python3.8/site-packages/airflow/example_dags/example_params_ui_tutorial.py
[2026-04-18T21:34:46.184+0000] {logging_mixin.py:188} INFO - [2026-04-18T21:34:46.184+0000] {dag.py:3036} INFO - Sync 1 DAGs
[2026-04-18T21:34:46.204+0000] {logging_mixin.py:188} INFO - [2026-04-18T21:34:46.204+0000] {dag.py:3823} INFO - Setting next_dagrun for example_params_ui_tutorial to None, run_after=None
[2026-04-18T21:34:46.240+0000] {processor.py:183} INFO - Processing /home/airflow/.local/lib/python3.8/site-packages/airflow/example_dags/example_params_ui_tutorial.py took 0.143 seconds
[2026-04-18T21:35:16.751+0000] {processor.py:161} INFO - Started process (PID=9349) to work on /home/airflow/.local/lib/python3.8/site-packages/airflow/example_dags/example_params_ui_tutorial.py
[2026-04-18T21:35:16.753+0000] {processor.py:830} INFO - Processing file /home/airflow/.local/lib/python3.8/site-packages/airflow/example_dags/example_params_ui_tutorial.py for tasks to queue
[2026-04-18T21:35:16.755+0000] {logging_mixin.py:188} INFO - [2026-04-18T21:35:16.755+0000] {dagbag.py:538} INFO - Filling up the DagBag from /home/airflow/.local/lib/python3.8/site-packages/airflow/example_dags/example_params_ui_tutorial.py
[2026-04-18T21:35:16.770+0000] {processor.py:840} INFO - DAG(s) 'example_params_ui_tutorial' retrieved from /home/airflow/.local/lib/python3.8/site-packages/airflow/example_dags/example_params_ui_tutorial.py
[2026-04-18T21:35:16.831+0000] {logging_mixin.py:188} INFO - [2026-04-18T21:35:16.831+0000] {dag.py:3036} INFO - Sync 1 DAGs
[2026-04-18T21:35:16.850+0000] {logging_mixin.py:188} INFO - [2026-04-18T21:35:16.849+0000] {dag.py:3823} INFO - Setting next_dagrun for example_params_ui_tutorial to None, run_after=None
[2026-04-18T21:35:16.877+0000] {processor.py:183} INFO - Processing /home/airflow/.local/lib/python3.8/site-packages/airflow/example_dags/example_params_ui_tutorial.py took 0.131 seconds
[2026-04-18T21:35:47.161+0000] {processor.py:161} INFO - Started process (PID=9406) to work on /home/airflow/.local/lib/python3.8/site-packages/airflow/example_dags/example_params_ui_tutorial.py
[2026-04-18T21:35:47.162+0000] {processor.py:830} INFO - Processing file /home/airflow/.local/lib/python3.8/site-packages/airflow/example_dags/example_params_ui_tutorial.py for tasks to queue
[2026-04-18T21:35:47.164+0000] {logging_mixin.py:188} INFO - [2026-04-18T21:35:47.164+0000] {dagbag.py:538} INFO - Filling up the DagBag from /home/airflow/.local/lib/python3.8/site-packages/airflow/example_dags/example_params_ui_tutorial.py
[2026-04-18T21:35:47.178+0000] {processor.py:840} INFO - DAG(s) 'example_params_ui_tutorial' retrieved from /home/airflow/.local/lib/python3.8/site-packages/airflow/example_dags/example_params_ui_tutorial.py
[2026-04-18T21:35:47.243+0000] {logging_mixin.py:188} INFO - [2026-04-18T21:35:47.243+0000] {dag.py:3036} INFO - Sync 1 DAGs
[2026-04-18T21:35:47.260+0000] {logging_mixin.py:188} INFO - [2026-04-18T21:35:47.259+0000] {dag.py:3823} INFO - Setting next_dagrun for example_params_ui_tutorial to None, run_after=None
[2026-04-18T21:35:47.286+0000] {processor.py:183} INFO - Processing /home/airflow/.local/lib/python3.8/site-packages/airflow/example_dags/example_params_ui_tutorial.py took 0.130 seconds
[2026-04-18T21:36:17.698+0000] {processor.py:161} INFO - Started process (PID=9463) to work on /home/airflow/.local/lib/python3.8/site-packages/airflow/example_dags/example_params_ui_tutorial.py
[2026-04-18T21:36:17.699+0000] {processor.py:830} INFO - Processing file /home/airflow/.local/lib/python3.8/site-packages/airflow/example_dags/example_params_ui_tutorial.py for tasks to queue
[2026-04-18T21:36:17.702+0000] {logging_mixin.py:188} INFO - [2026-04-18T21:36:17.702+0000] {dagbag.py:538} INFO - Filling up the DagBag from /home/airflow/.local/lib/python3.8/site-packages/airflow/example_dags/example_params_ui_tutorial.py
[2026-04-18T21:36:17.717+0000] {processor.py:840} INFO - DAG(s) 'example_params_ui_tutorial' retrieved from /home/airflow/.local/lib/python3.8/site-packages/airflow/example_dags/example_params_ui_tutorial.py
[2026-04-18T21:36:17.779+0000] {logging_mixin.py:188} INFO - [2026-04-18T21:36:17.779+0000] {dag.py:3036} INFO - Sync 1 DAGs
[2026-04-18T21:36:17.795+0000] {logging_mixin.py:188} INFO - [2026-04-18T21:36:17.794+0000] {dag.py:3823} INFO - Setting next_dagrun for example_params_ui_tutorial to None, run_after=None
[2026-04-18T21:36:17.818+0000] {processor.py:183} INFO - Processing /home/airflow/.local/lib/python3.8/site-packages/airflow/example_dags/example_params_ui_tutorial.py took 0.126 seconds
[2026-04-18T21:36:48.116+0000] {processor.py:161} INFO - Started process (PID=9520) to work on /home/airflow/.local/lib/python3.8/site-packages/airflow/example_dags/example_params_ui_tutorial.py
[2026-04-18T21:36:48.117+0000] {processor.py:830} INFO - Processing file /home/airflow/.local/lib/python3.8/site-packages/airflow/example_dags/example_params_ui_tutorial.py for tasks to queue
[2026-04-18T21:36:48.119+0000] {logging_mixin.py:188} INFO - [2026-04-18T21:36:48.118+0000] {dagbag.py:538} INFO - Filling up the DagBag from /home/airflow/.local/lib/python3.8/site-packages/airflow/example_dags/example_params_ui_tutorial.py
[2026-04-18T21:36:48.131+0000] {processor.py:840} INFO - DAG(s) 'example_params_ui_tutorial' retrieved from /home/airflow/.local/lib/python3.8/site-packages/airflow/example_dags/example_params_ui_tutorial.py
[2026-04-18T21:36:48.195+0000] {logging_mixin.py:188} INFO - [2026-04-18T21:36:48.195+0000] {dag.py:3036} INFO - Sync 1 DAGs
[2026-04-18T21:36:48.214+0000] {logging_mixin.py:188} INFO - [2026-04-18T21:36:48.213+0000] {dag.py:3823} INFO - Setting next_dagrun for example_params_ui_tutorial to None, run_after=None
[2026-04-18T21:36:48.235+0000] {processor.py:183} INFO - Processing /home/airflow/.local/lib/python3.8/site-packages/airflow/example_dags/example_params_ui_tutorial.py took 0.124 seconds
[2026-04-18T21:37:18.297+0000] {processor.py:161} INFO - Started process (PID=9577) to work on /home/airflow/.local/lib/python3.8/site-packages/airflow/example_dags/example_params_ui_tutorial.py
[2026-04-18T21:37:18.299+0000] {processor.py:830} INFO - Processing file /home/airflow/.local/lib/python3.8/site-packages/airflow/example_dags/example_params_ui_tutorial.py for tasks to queue
[2026-04-18T21:37:18.302+0000] {logging_mixin.py:188} INFO - [2026-04-18T21:37:18.301+0000] {dagbag.py:538} INFO - Filling up the DagBag from /home/airflow/.local/lib/python3.8/site-packages/airflow/example_dags/example_params_ui_tutorial.py
[2026-04-18T21:37:18.314+0000] {processor.py:840} INFO - DAG(s) 'example_params_ui_tutorial' retrieved from /home/airflow/.local/lib/python3.8/site-packages/airflow/example_dags/example_params_ui_tutorial.py
[2026-04-18T21:37:18.376+0000] {logging_mixin.py:188} INFO - [2026-04-18T21:37:18.376+0000] {dag.py:3036} INFO - Sync 1 DAGs
[2026-04-18T21:37:18.411+0000] {logging_mixin.py:188} INFO - [2026-04-18T21:37:18.411+0000] {dag.py:3823} INFO - Setting next_dagrun for example_params_ui_tutorial to None, run_after=None
[2026-04-18T21:37:18.455+0000] {processor.py:183} INFO - Processing /home/airflow/.local/lib/python3.8/site-packages/airflow/example_dags/example_params_ui_tutorial.py took 0.162 seconds
[2026-04-18T21:37:48.845+0000] {processor.py:161} INFO - Started process (PID=9634) to work on /home/airflow/.local/lib/python3.8/site-packages/airflow/example_dags/example_params_ui_tutorial.py
[2026-04-18T21:37:48.847+0000] {processor.py:830} INFO - Processing file /home/airflow/.local/lib/python3.8/site-packages/airflow/example_dags/example_params_ui_tutorial.py for tasks to queue
[2026-04-18T21:37:48.850+0000] {logging_mixin.py:188} INFO - [2026-04-18T21:37:48.850+0000] {dagbag.py:538} INFO - Filling up the DagBag from /home/airflow/.local/lib/python3.8/site-packages/airflow/example_dags/example_params_ui_tutorial.py
[2026-04-18T21:37:48.864+0000] {processor.py:840} INFO - DAG(s) 'example_params_ui_tutorial' retrieved from /home/airflow/.local/lib/python3.8/site-packages/airflow/example_dags/example_params_ui_tutorial.py
[2026-04-18T21:37:48.928+0000] {logging_mixin.py:188} INFO - [2026-04-18T21:37:48.928+0000] {dag.py:3036} INFO - Sync 1 DAGs
[2026-04-18T21:37:48.939+0000] {logging_mixin.py:188} INFO - [2026-04-18T21:37:48.939+0000] {dag.py:3823} INFO - Setting next_dagrun for example_params_ui_tutorial to None, run_after=None
[2026-04-18T21:37:48.960+0000] {processor.py:183} INFO - Processing /home/airflow/.local/lib/python3.8/site-packages/airflow/example_dags/example_params_ui_tutorial.py took 0.119 seconds
[2026-04-18T21:38:19.134+0000] {processor.py:161} INFO - Started process (PID=9692) to work on /home/airflow/.local/lib/python3.8/site-packages/airflow/example_dags/example_params_ui_tutorial.py
[2026-04-18T21:38:19.135+0000] {processor.py:830} INFO - Processing file /home/airflow/.local/lib/python3.8/site-packages/airflow/example_dags/example_params_ui_tutorial.py for tasks to queue
[2026-04-18T21:38:19.138+0000] {logging_mixin.py:188} INFO - [2026-04-18T21:38:19.138+0000] {dagbag.py:538} INFO - Filling up the DagBag from /home/airflow/.local/lib/python3.8/site-packages/airflow/example_dags/example_params_ui_tutorial.py
[2026-04-18T21:38:19.155+0000] {processor.py:840} INFO - DAG(s) 'example_params_ui_tutorial' retrieved from /home/airflow/.local/lib/python3.8/site-packages/airflow/example_dags/example_params_ui_tutorial.py
[2026-04-18T21:38:19.225+0000] {logging_mixin.py:188} INFO - [2026-04-18T21:38:19.224+0000] {dag.py:3036} INFO - Sync 1 DAGs
[2026-04-18T21:38:19.242+0000] {logging_mixin.py:188} INFO - [2026-04-18T21:38:19.241+0000] {dag.py:3823} INFO - Setting next_dagrun for example_params_ui_tutorial to None, run_after=None
[2026-04-18T21:38:19.267+0000] {processor.py:183} INFO - Processing /home/airflow/.local/lib/python3.8/site-packages/airflow/example_dags/example_params_ui_tutorial.py took 0.139 seconds
[2026-04-18T21:38:50.027+0000] {processor.py:161} INFO - Started process (PID=9749) to work on /home/airflow/.local/lib/python3.8/site-packages/airflow/example_dags/example_params_ui_tutorial.py
[2026-04-18T21:38:50.028+0000] {processor.py:830} INFO - Processing file /home/airflow/.local/lib/python3.8/site-packages/airflow/example_dags/example_params_ui_tutorial.py for tasks to queue
[2026-04-18T21:38:50.032+0000] {logging_mixin.py:188} INFO - [2026-04-18T21:38:50.031+0000] {dagbag.py:538} INFO - Filling up the DagBag from /home/airflow/.local/lib/python3.8/site-packages/airflow/example_dags/example_params_ui_tutorial.py
[2026-04-18T21:38:50.049+0000] {processor.py:840} INFO - DAG(s) 'example_params_ui_tutorial' retrieved from /home/airflow/.local/lib/python3.8/site-packages/airflow/example_dags/example_params_ui_tutorial.py
[2026-04-18T21:38:50.153+0000] {logging_mixin.py:188} INFO - [2026-04-18T21:38:50.152+0000] {dag.py:3036} INFO - Sync 1 DAGs
[2026-04-18T21:38:50.176+0000] {logging_mixin.py:188} INFO - [2026-04-18T21:38:50.176+0000] {dag.py:3823} INFO - Setting next_dagrun for example_params_ui_tutorial to None, run_after=None
[2026-04-18T21:38:50.212+0000] {processor.py:183} INFO - Processing /home/airflow/.local/lib/python3.8/site-packages/airflow/example_dags/example_params_ui_tutorial.py took 0.190 seconds
[2026-04-18T21:39:20.315+0000] {processor.py:161} INFO - Started process (PID=9806) to work on /home/airflow/.local/lib/python3.8/site-packages/airflow/example_dags/example_params_ui_tutorial.py
[2026-04-18T21:39:20.316+0000] {processor.py:830} INFO - Processing file /home/airflow/.local/lib/python3.8/site-packages/airflow/example_dags/example_params_ui_tutorial.py for tasks to queue
[2026-04-18T21:39:20.319+0000] {logging_mixin.py:188} INFO - [2026-04-18T21:39:20.318+0000] {dagbag.py:538} INFO - Filling up the DagBag from /home/airflow/.local/lib/python3.8/site-packages/airflow/example_dags/example_params_ui_tutorial.py
[2026-04-18T21:39:20.330+0000] {processor.py:840} INFO - DAG(s) 'example_params_ui_tutorial' retrieved from /home/airflow/.local/lib/python3.8/site-packages/airflow/example_dags/example_params_ui_tutorial.py
[2026-04-18T21:39:20.385+0000] {logging_mixin.py:188} INFO - [2026-04-18T21:39:20.384+0000] {dag.py:3036} INFO - Sync 1 DAGs
[2026-04-18T21:39:20.402+0000] {logging_mixin.py:188} INFO - [2026-04-18T21:39:20.401+0000] {dag.py:3823} INFO - Setting next_dagrun for example_params_ui_tutorial to None, run_after=None
[2026-04-18T21:39:20.429+0000] {processor.py:183} INFO - Processing /home/airflow/.local/lib/python3.8/site-packages/airflow/example_dags/example_params_ui_tutorial.py took 0.118 seconds
[2026-04-18T21:39:50.519+0000] {processor.py:161} INFO - Started process (PID=9863) to work on /home/airflow/.local/lib/python3.8/site-packages/airflow/example_dags/example_params_ui_tutorial.py
[2026-04-18T21:39:50.521+0000] {processor.py:830} INFO - Processing file /home/airflow/.local/lib/python3.8/site-packages/airflow/example_dags/example_params_ui_tutorial.py for tasks to queue
[2026-04-18T21:39:50.523+0000] {logging_mixin.py:188} INFO - [2026-04-18T21:39:50.522+0000] {dagbag.py:538} INFO - Filling up the DagBag from /home/airflow/.local/lib/python3.8/site-packages/airflow/example_dags/example_params_ui_tutorial.py
[2026-04-18T21:39:50.536+0000] {processor.py:840} INFO - DAG(s) 'example_params_ui_tutorial' retrieved from /home/airflow/.local/lib/python3.8/site-packages/airflow/example_dags/example_params_ui_tutorial.py
[2026-04-18T21:39:50.592+0000] {logging_mixin.py:188} INFO - [2026-04-18T21:39:50.592+0000] {dag.py:3036} INFO - Sync 1 DAGs
[2026-04-18T21:39:50.607+0000] {logging_mixin.py:188} INFO - [2026-04-18T21:39:50.607+0000] {dag.py:3823} INFO - Setting next_dagrun for example_params_ui_tutorial to None, run_after=None
[2026-04-18T21:39:50.631+0000] {processor.py:183} INFO - Processing /home/airflow/.local/lib/python3.8/site-packages/airflow/example_dags/example_params_ui_tutorial.py took 0.116 seconds
[2026-04-18T21:40:21.526+0000] {processor.py:161} INFO - Started process (PID=9920) to work on /home/airflow/.local/lib/python3.8/site-packages/airflow/example_dags/example_params_ui_tutorial.py
[2026-04-18T21:40:21.529+0000] {processor.py:830} INFO - Processing file /home/airflow/.local/lib/python3.8/site-packages/airflow/example_dags/example_params_ui_tutorial.py for tasks to queue
[2026-04-18T21:40:21.533+0000] {logging_mixin.py:188} INFO - [2026-04-18T21:40:21.533+0000] {dagbag.py:538} INFO - Filling up the DagBag from /home/airflow/.local/lib/python3.8/site-packages/airflow/example_dags/example_params_ui_tutorial.py
[2026-04-18T21:40:21.546+0000] {processor.py:840} INFO - DAG(s) 'example_params_ui_tutorial' retrieved from /home/airflow/.local/lib/python3.8/site-packages/airflow/example_dags/example_params_ui_tutorial.py
[2026-04-18T21:40:21.617+0000] {logging_mixin.py:188} INFO - [2026-04-18T21:40:21.617+0000] {dag.py:3036} INFO - Sync 1 DAGs
[2026-04-18T21:40:21.633+0000] {logging_mixin.py:188} INFO - [2026-04-18T21:40:21.633+0000] {dag.py:3823} INFO - Setting next_dagrun for example_params_ui_tutorial to None, run_after=None
[2026-04-18T21:40:21.661+0000] {processor.py:183} INFO - Processing /home/airflow/.local/lib/python3.8/site-packages/airflow/example_dags/example_params_ui_tutorial.py took 0.138 seconds
[2026-04-18T21:40:51.802+0000] {processor.py:161} INFO - Started process (PID=9978) to work on /home/airflow/.local/lib/python3.8/site-packages/airflow/example_dags/example_params_ui_tutorial.py
[2026-04-18T21:40:51.804+0000] {processor.py:830} INFO - Processing file /home/airflow/.local/lib/python3.8/site-packages/airflow/example_dags/example_params_ui_tutorial.py for tasks to queue
[2026-04-18T21:40:51.807+0000] {logging_mixin.py:188} INFO - [2026-04-18T21:40:51.807+0000] {dagbag.py:538} INFO - Filling up the DagBag from /home/airflow/.local/lib/python3.8/site-packages/airflow/example_dags/example_params_ui_tutorial.py
[2026-04-18T21:40:51.822+0000] {processor.py:840} INFO - DAG(s) 'example_params_ui_tutorial' retrieved from /home/airflow/.local/lib/python3.8/site-packages/airflow/example_dags/example_params_ui_tutorial.py
[2026-04-18T21:40:51.892+0000] {logging_mixin.py:188} INFO - [2026-04-18T21:40:51.892+0000] {dag.py:3036} INFO - Sync 1 DAGs
[2026-04-18T21:40:51.907+0000] {logging_mixin.py:188} INFO - [2026-04-18T21:40:51.907+0000] {dag.py:3823} INFO - Setting next_dagrun for example_params_ui_tutorial to None, run_after=None
[2026-04-18T21:40:51.939+0000] {processor.py:183} INFO - Processing /home/airflow/.local/lib/python3.8/site-packages/airflow/example_dags/example_params_ui_tutorial.py took 0.142 seconds
[2026-04-18T21:41:22.483+0000] {processor.py:161} INFO - Started process (PID=10034) to work on /home/airflow/.local/lib/python3.8/site-packages/airflow/example_dags/example_params_ui_tutorial.py
[2026-04-18T21:41:22.485+0000] {processor.py:830} INFO - Processing file /home/airflow/.local/lib/python3.8/site-packages/airflow/example_dags/example_params_ui_tutorial.py for tasks to queue
[2026-04-18T21:41:22.488+0000] {logging_mixin.py:188} INFO - [2026-04-18T21:41:22.487+0000] {dagbag.py:538} INFO - Filling up the DagBag from /home/airflow/.local/lib/python3.8/site-packages/airflow/example_dags/example_params_ui_tutorial.py
[2026-04-18T21:41:22.506+0000] {processor.py:840} INFO - DAG(s) 'example_params_ui_tutorial' retrieved from /home/airflow/.local/lib/python3.8/site-packages/airflow/example_dags/example_params_ui_tutorial.py
[2026-04-18T21:41:22.595+0000] {logging_mixin.py:188} INFO - [2026-04-18T21:41:22.595+0000] {dag.py:3036} INFO - Sync 1 DAGs
[2026-04-18T21:41:22.615+0000] {logging_mixin.py:188} INFO - [2026-04-18T21:41:22.615+0000] {dag.py:3823} INFO - Setting next_dagrun for example_params_ui_tutorial to None, run_after=None
[2026-04-18T21:41:22.654+0000] {processor.py:183} INFO - Processing /home/airflow/.local/lib/python3.8/site-packages/airflow/example_dags/example_params_ui_tutorial.py took 0.177 seconds
[2026-04-18T21:41:53.254+0000] {processor.py:161} INFO - Started process (PID=10091) to work on /home/airflow/.local/lib/python3.8/site-packages/airflow/example_dags/example_params_ui_tutorial.py
[2026-04-18T21:41:53.255+0000] {processor.py:830} INFO - Processing file /home/airflow/.local/lib/python3.8/site-packages/airflow/example_dags/example_params_ui_tutorial.py for tasks to queue
[2026-04-18T21:41:53.257+0000] {logging_mixin.py:188} INFO - [2026-04-18T21:41:53.257+0000] {dagbag.py:538} INFO - Filling up the DagBag from /home/airflow/.local/lib/python3.8/site-packages/airflow/example_dags/example_params_ui_tutorial.py
[2026-04-18T21:41:53.269+0000] {processor.py:840} INFO - DAG(s) 'example_params_ui_tutorial' retrieved from /home/airflow/.local/lib/python3.8/site-packages/airflow/example_dags/example_params_ui_tutorial.py
[2026-04-18T21:41:53.344+0000] {logging_mixin.py:188} INFO - [2026-04-18T21:41:53.343+0000] {dag.py:3036} INFO - Sync 1 DAGs
[2026-04-18T21:41:53.363+0000] {logging_mixin.py:188} INFO - [2026-04-18T21:41:53.363+0000] {dag.py:3823} INFO - Setting next_dagrun for example_params_ui_tutorial to None, run_after=None
[2026-04-18T21:41:53.395+0000] {processor.py:183} INFO - Processing /home/airflow/.local/lib/python3.8/site-packages/airflow/example_dags/example_params_ui_tutorial.py took 0.145 seconds
[2026-04-18T21:42:23.778+0000] {processor.py:161} INFO - Started process (PID=10148) to work on /home/airflow/.local/lib/python3.8/site-packages/airflow/example_dags/example_params_ui_tutorial.py
[2026-04-18T21:42:23.780+0000] {processor.py:830} INFO - Processing file /home/airflow/.local/lib/python3.8/site-packages/airflow/example_dags/example_params_ui_tutorial.py for tasks to queue
[2026-04-18T21:42:23.783+0000] {logging_mixin.py:188} INFO - [2026-04-18T21:42:23.783+0000] {dagbag.py:538} INFO - Filling up the DagBag from /home/airflow/.local/lib/python3.8/site-packages/airflow/example_dags/example_params_ui_tutorial.py
[2026-04-18T21:42:23.797+0000] {processor.py:840} INFO - DAG(s) 'example_params_ui_tutorial' retrieved from /home/airflow/.local/lib/python3.8/site-packages/airflow/example_dags/example_params_ui_tutorial.py
[2026-04-18T21:42:23.868+0000] {logging_mixin.py:188} INFO - [2026-04-18T21:42:23.868+0000] {dag.py:3036} INFO - Sync 1 DAGs
[2026-04-18T21:42:23.881+0000] {logging_mixin.py:188} INFO - [2026-04-18T21:42:23.880+0000] {dag.py:3823} INFO - Setting next_dagrun for example_params_ui_tutorial to None, run_after=None
[2026-04-18T21:42:23.905+0000] {processor.py:183} INFO - Processing /home/airflow/.local/lib/python3.8/site-packages/airflow/example_dags/example_params_ui_tutorial.py took 0.132 seconds
[2026-04-18T21:42:54.773+0000] {processor.py:161} INFO - Started process (PID=10204) to work on /home/airflow/.local/lib/python3.8/site-packages/airflow/example_dags/example_params_ui_tutorial.py
[2026-04-18T21:42:54.775+0000] {processor.py:830} INFO - Processing file /home/airflow/.local/lib/python3.8/site-packages/airflow/example_dags/example_params_ui_tutorial.py for tasks to queue
[2026-04-18T21:42:54.779+0000] {logging_mixin.py:188} INFO - [2026-04-18T21:42:54.778+0000] {dagbag.py:538} INFO - Filling up the DagBag from /home/airflow/.local/lib/python3.8/site-packages/airflow/example_dags/example_params_ui_tutorial.py
[2026-04-18T21:42:54.794+0000] {processor.py:840} INFO - DAG(s) 'example_params_ui_tutorial' retrieved from /home/airflow/.local/lib/python3.8/site-packages/airflow/example_dags/example_params_ui_tutorial.py
[2026-04-18T21:42:54.872+0000] {logging_mixin.py:188} INFO - [2026-04-18T21:42:54.871+0000] {dag.py:3036} INFO - Sync 1 DAGs
[2026-04-18T21:42:54.884+0000] {logging_mixin.py:188} INFO - [2026-04-18T21:42:54.884+0000] {dag.py:3823} INFO - Setting next_dagrun for example_params_ui_tutorial to None, run_after=None
[2026-04-18T21:42:54.906+0000] {processor.py:183} INFO - Processing /home/airflow/.local/lib/python3.8/site-packages/airflow/example_dags/example_params_ui_tutorial.py took 0.137 seconds
[2026-04-18T21:43:25.101+0000] {processor.py:161} INFO - Started process (PID=10261) to work on /home/airflow/.local/lib/python3.8/site-packages/airflow/example_dags/example_params_ui_tutorial.py
[2026-04-18T21:43:25.103+0000] {processor.py:830} INFO - Processing file /home/airflow/.local/lib/python3.8/site-packages/airflow/example_dags/example_params_ui_tutorial.py for tasks to queue
[2026-04-18T21:43:25.105+0000] {logging_mixin.py:188} INFO - [2026-04-18T21:43:25.104+0000] {dagbag.py:538} INFO - Filling up the DagBag from /home/airflow/.local/lib/python3.8/site-packages/airflow/example_dags/example_params_ui_tutorial.py
[2026-04-18T21:43:25.119+0000] {processor.py:840} INFO - DAG(s) 'example_params_ui_tutorial' retrieved from /home/airflow/.local/lib/python3.8/site-packages/airflow/example_dags/example_params_ui_tutorial.py
[2026-04-18T21:43:25.173+0000] {logging_mixin.py:188} INFO - [2026-04-18T21:43:25.172+0000] {dag.py:3036} INFO - Sync 1 DAGs
[2026-04-18T21:43:25.186+0000] {logging_mixin.py:188} INFO - [2026-04-18T21:43:25.185+0000] {dag.py:3823} INFO - Setting next_dagrun for example_params_ui_tutorial to None, run_after=None
[2026-04-18T21:43:25.214+0000] {processor.py:183} INFO - Processing /home/airflow/.local/lib/python3.8/site-packages/airflow/example_dags/example_params_ui_tutorial.py took 0.116 seconds
[2026-04-18T21:43:55.408+0000] {processor.py:161} INFO - Started process (PID=10318) to work on /home/airflow/.local/lib/python3.8/site-packages/airflow/example_dags/example_params_ui_tutorial.py
[2026-04-18T21:43:55.409+0000] {processor.py:830} INFO - Processing file /home/airflow/.local/lib/python3.8/site-packages/airflow/example_dags/example_params_ui_tutorial.py for tasks to queue
[2026-04-18T21:43:55.412+0000] {logging_mixin.py:188} INFO - [2026-04-18T21:43:55.411+0000] {dagbag.py:538} INFO - Filling up the DagBag from /home/airflow/.local/lib/python3.8/site-packages/airflow/example_dags/example_params_ui_tutorial.py
[2026-04-18T21:43:55.427+0000] {processor.py:840} INFO - DAG(s) 'example_params_ui_tutorial' retrieved from /home/airflow/.local/lib/python3.8/site-packages/airflow/example_dags/example_params_ui_tutorial.py
[2026-04-18T21:43:55.496+0000] {logging_mixin.py:188} INFO - [2026-04-18T21:43:55.496+0000] {dag.py:3036} INFO - Sync 1 DAGs
[2026-04-18T21:43:55.512+0000] {logging_mixin.py:188} INFO - [2026-04-18T21:43:55.511+0000] {dag.py:3823} INFO - Setting next_dagrun for example_params_ui_tutorial to None, run_after=None
[2026-04-18T21:43:55.534+0000] {processor.py:183} INFO - Processing /home/airflow/.local/lib/python3.8/site-packages/airflow/example_dags/example_params_ui_tutorial.py took 0.131 seconds
[2026-04-18T21:44:26.252+0000] {processor.py:161} INFO - Started process (PID=10375) to work on /home/airflow/.local/lib/python3.8/site-packages/airflow/example_dags/example_params_ui_tutorial.py
[2026-04-18T21:44:26.254+0000] {processor.py:830} INFO - Processing file /home/airflow/.local/lib/python3.8/site-packages/airflow/example_dags/example_params_ui_tutorial.py for tasks to queue
[2026-04-18T21:44:26.256+0000] {logging_mixin.py:188} INFO - [2026-04-18T21:44:26.255+0000] {dagbag.py:538} INFO - Filling up the DagBag from /home/airflow/.local/lib/python3.8/site-packages/airflow/example_dags/example_params_ui_tutorial.py
[2026-04-18T21:44:26.268+0000] {processor.py:840} INFO - DAG(s) 'example_params_ui_tutorial' retrieved from /home/airflow/.local/lib/python3.8/site-packages/airflow/example_dags/example_params_ui_tutorial.py
[2026-04-18T21:44:26.324+0000] {logging_mixin.py:188} INFO - [2026-04-18T21:44:26.324+0000] {dag.py:3036} INFO - Sync 1 DAGs
[2026-04-18T21:44:26.337+0000] {logging_mixin.py:188} INFO - [2026-04-18T21:44:26.337+0000] {dag.py:3823} INFO - Setting next_dagrun for example_params_ui_tutorial to None, run_after=None
[2026-04-18T21:44:26.361+0000] {processor.py:183} INFO - Processing /home/airflow/.local/lib/python3.8/site-packages/airflow/example_dags/example_params_ui_tutorial.py took 0.113 seconds
[2026-04-18T21:44:56.531+0000] {processor.py:161} INFO - Started process (PID=10432) to work on /home/airflow/.local/lib/python3.8/site-packages/airflow/example_dags/example_params_ui_tutorial.py
[2026-04-18T21:44:56.533+0000] {processor.py:830} INFO - Processing file /home/airflow/.local/lib/python3.8/site-packages/airflow/example_dags/example_params_ui_tutorial.py for tasks to queue
[2026-04-18T21:44:56.535+0000] {logging_mixin.py:188} INFO - [2026-04-18T21:44:56.535+0000] {dagbag.py:538} INFO - Filling up the DagBag from /home/airflow/.local/lib/python3.8/site-packages/airflow/example_dags/example_params_ui_tutorial.py
[2026-04-18T21:44:56.551+0000] {processor.py:840} INFO - DAG(s) 'example_params_ui_tutorial' retrieved from /home/airflow/.local/lib/python3.8/site-packages/airflow/example_dags/example_params_ui_tutorial.py
[2026-04-18T21:44:56.627+0000] {logging_mixin.py:188} INFO - [2026-04-18T21:44:56.626+0000] {dag.py:3036} INFO - Sync 1 DAGs
[2026-04-18T21:44:56.643+0000] {logging_mixin.py:188} INFO - [2026-04-18T21:44:56.643+0000] {dag.py:3823} INFO - Setting next_dagrun for example_params_ui_tutorial to None, run_after=None
[2026-04-18T21:44:56.671+0000] {processor.py:183} INFO - Processing /home/airflow/.local/lib/python3.8/site-packages/airflow/example_dags/example_params_ui_tutorial.py took 0.143 seconds
[2026-04-18T21:45:27.612+0000] {processor.py:161} INFO - Started process (PID=10489) to work on /home/airflow/.local/lib/python3.8/site-packages/airflow/example_dags/example_params_ui_tutorial.py
[2026-04-18T21:45:27.614+0000] {processor.py:830} INFO - Processing file /home/airflow/.local/lib/python3.8/site-packages/airflow/example_dags/example_params_ui_tutorial.py for tasks to queue
[2026-04-18T21:45:27.616+0000] {logging_mixin.py:188} INFO - [2026-04-18T21:45:27.616+0000] {dagbag.py:538} INFO - Filling up the DagBag from /home/airflow/.local/lib/python3.8/site-packages/airflow/example_dags/example_params_ui_tutorial.py
[2026-04-18T21:45:27.628+0000] {processor.py:840} INFO - DAG(s) 'example_params_ui_tutorial' retrieved from /home/airflow/.local/lib/python3.8/site-packages/airflow/example_dags/example_params_ui_tutorial.py
[2026-04-18T21:45:27.681+0000] {logging_mixin.py:188} INFO - [2026-04-18T21:45:27.680+0000] {dag.py:3036} INFO - Sync 1 DAGs
[2026-04-18T21:45:27.695+0000] {logging_mixin.py:188} INFO - [2026-04-18T21:45:27.695+0000] {dag.py:3823} INFO - Setting next_dagrun for example_params_ui_tutorial to None, run_after=None
[2026-04-18T21:45:27.720+0000] {processor.py:183} INFO - Processing /home/airflow/.local/lib/python3.8/site-packages/airflow/example_dags/example_params_ui_tutorial.py took 0.112 seconds
[2026-04-18T21:45:57.967+0000] {processor.py:161} INFO - Started process (PID=10552) to work on /home/airflow/.local/lib/python3.8/site-packages/airflow/example_dags/example_params_ui_tutorial.py
[2026-04-18T21:45:57.969+0000] {processor.py:830} INFO - Processing file /home/airflow/.local/lib/python3.8/site-packages/airflow/example_dags/example_params_ui_tutorial.py for tasks to queue
[2026-04-18T21:45:57.973+0000] {logging_mixin.py:188} INFO - [2026-04-18T21:45:57.973+0000] {dagbag.py:538} INFO - Filling up the DagBag from /home/airflow/.local/lib/python3.8/site-packages/airflow/example_dags/example_params_ui_tutorial.py
[2026-04-18T21:45:57.990+0000] {processor.py:840} INFO - DAG(s) 'example_params_ui_tutorial' retrieved from /home/airflow/.local/lib/python3.8/site-packages/airflow/example_dags/example_params_ui_tutorial.py
[2026-04-18T21:45:58.066+0000] {logging_mixin.py:188} INFO - [2026-04-18T21:45:58.066+0000] {dag.py:3036} INFO - Sync 1 DAGs
[2026-04-18T21:45:58.088+0000] {logging_mixin.py:188} INFO - [2026-04-18T21:45:58.086+0000] {dag.py:3823} INFO - Setting next_dagrun for example_params_ui_tutorial to None, run_after=None
[2026-04-18T21:45:58.117+0000] {processor.py:183} INFO - Processing /home/airflow/.local/lib/python3.8/site-packages/airflow/example_dags/example_params_ui_tutorial.py took 0.154 seconds
[2026-04-18T21:46:28.305+0000] {processor.py:161} INFO - Started process (PID=10609) to work on /home/airflow/.local/lib/python3.8/site-packages/airflow/example_dags/example_params_ui_tutorial.py
[2026-04-18T21:46:28.307+0000] {processor.py:830} INFO - Processing file /home/airflow/.local/lib/python3.8/site-packages/airflow/example_dags/example_params_ui_tutorial.py for tasks to queue
[2026-04-18T21:46:28.310+0000] {logging_mixin.py:188} INFO - [2026-04-18T21:46:28.310+0000] {dagbag.py:538} INFO - Filling up the DagBag from /home/airflow/.local/lib/python3.8/site-packages/airflow/example_dags/example_params_ui_tutorial.py
[2026-04-18T21:46:28.328+0000] {processor.py:840} INFO - DAG(s) 'example_params_ui_tutorial' retrieved from /home/airflow/.local/lib/python3.8/site-packages/airflow/example_dags/example_params_ui_tutorial.py
[2026-04-18T21:46:28.408+0000] {logging_mixin.py:188} INFO - [2026-04-18T21:46:28.407+0000] {dag.py:3036} INFO - Sync 1 DAGs
[2026-04-18T21:46:28.426+0000] {logging_mixin.py:188} INFO - [2026-04-18T21:46:28.426+0000] {dag.py:3823} INFO - Setting next_dagrun for example_params_ui_tutorial to None, run_after=None
[2026-04-18T21:46:28.451+0000] {processor.py:183} INFO - Processing /home/airflow/.local/lib/python3.8/site-packages/airflow/example_dags/example_params_ui_tutorial.py took 0.152 seconds
[2026-04-18T21:46:58.662+0000] {processor.py:161} INFO - Started process (PID=10666) to work on /home/airflow/.local/lib/python3.8/site-packages/airflow/example_dags/example_params_ui_tutorial.py
[2026-04-18T21:46:58.663+0000] {processor.py:830} INFO - Processing file /home/airflow/.local/lib/python3.8/site-packages/airflow/example_dags/example_params_ui_tutorial.py for tasks to queue
[2026-04-18T21:46:58.665+0000] {logging_mixin.py:188} INFO - [2026-04-18T21:46:58.665+0000] {dagbag.py:538} INFO - Filling up the DagBag from /home/airflow/.local/lib/python3.8/site-packages/airflow/example_dags/example_params_ui_tutorial.py
[2026-04-18T21:46:58.680+0000] {processor.py:840} INFO - DAG(s) 'example_params_ui_tutorial' retrieved from /home/airflow/.local/lib/python3.8/site-packages/airflow/example_dags/example_params_ui_tutorial.py
[2026-04-18T21:46:58.755+0000] {logging_mixin.py:188} INFO - [2026-04-18T21:46:58.754+0000] {dag.py:3036} INFO - Sync 1 DAGs
[2026-04-18T21:46:58.774+0000] {logging_mixin.py:188} INFO - [2026-04-18T21:46:58.774+0000] {dag.py:3823} INFO - Setting next_dagrun for example_params_ui_tutorial to None, run_after=None
[2026-04-18T21:46:58.801+0000] {processor.py:183} INFO - Processing /home/airflow/.local/lib/python3.8/site-packages/airflow/example_dags/example_params_ui_tutorial.py took 0.143 seconds
[2026-04-18T21:47:28.958+0000] {processor.py:161} INFO - Started process (PID=10723) to work on /home/airflow/.local/lib/python3.8/site-packages/airflow/example_dags/example_params_ui_tutorial.py
[2026-04-18T21:47:28.959+0000] {processor.py:830} INFO - Processing file /home/airflow/.local/lib/python3.8/site-packages/airflow/example_dags/example_params_ui_tutorial.py for tasks to queue
[2026-04-18T21:47:28.961+0000] {logging_mixin.py:188} INFO - [2026-04-18T21:47:28.961+0000] {dagbag.py:538} INFO - Filling up the DagBag from /home/airflow/.local/lib/python3.8/site-packages/airflow/example_dags/example_params_ui_tutorial.py
[2026-04-18T21:47:28.974+0000] {processor.py:840} INFO - DAG(s) 'example_params_ui_tutorial' retrieved from /home/airflow/.local/lib/python3.8/site-packages/airflow/example_dags/example_params_ui_tutorial.py
[2026-04-18T21:47:29.038+0000] {logging_mixin.py:188} INFO - [2026-04-18T21:47:29.038+0000] {dag.py:3036} INFO - Sync 1 DAGs
[2026-04-18T21:47:29.051+0000] {logging_mixin.py:188} INFO - [2026-04-18T21:47:29.051+0000] {dag.py:3823} INFO - Setting next_dagrun for example_params_ui_tutorial to None, run_after=None
[2026-04-18T21:47:29.077+0000] {processor.py:183} INFO - Processing /home/airflow/.local/lib/python3.8/site-packages/airflow/example_dags/example_params_ui_tutorial.py took 0.123 seconds
[2026-04-18T21:47:59.670+0000] {processor.py:161} INFO - Started process (PID=10780) to work on /home/airflow/.local/lib/python3.8/site-packages/airflow/example_dags/example_params_ui_tutorial.py
[2026-04-18T21:47:59.672+0000] {processor.py:830} INFO - Processing file /home/airflow/.local/lib/python3.8/site-packages/airflow/example_dags/example_params_ui_tutorial.py for tasks to queue
[2026-04-18T21:47:59.680+0000] {logging_mixin.py:188} INFO - [2026-04-18T21:47:59.680+0000] {dagbag.py:538} INFO - Filling up the DagBag from /home/airflow/.local/lib/python3.8/site-packages/airflow/example_dags/example_params_ui_tutorial.py
[2026-04-18T21:47:59.728+0000] {processor.py:840} INFO - DAG(s) 'example_params_ui_tutorial' retrieved from /home/airflow/.local/lib/python3.8/site-packages/airflow/example_dags/example_params_ui_tutorial.py
[2026-04-18T21:47:59.936+0000] {logging_mixin.py:188} INFO - [2026-04-18T21:47:59.933+0000] {dag.py:3036} INFO - Sync 1 DAGs
[2026-04-18T21:47:59.970+0000] {logging_mixin.py:188} INFO - [2026-04-18T21:47:59.970+0000] {dag.py:3823} INFO - Setting next_dagrun for example_params_ui_tutorial to None, run_after=None
[2026-04-18T21:48:00.029+0000] {processor.py:183} INFO - Processing /home/airflow/.local/lib/python3.8/site-packages/airflow/example_dags/example_params_ui_tutorial.py took 0.367 seconds
[2026-04-18T21:48:30.158+0000] {processor.py:161} INFO - Started process (PID=10837) to work on /home/airflow/.local/lib/python3.8/site-packages/airflow/example_dags/example_params_ui_tutorial.py
[2026-04-18T21:48:30.160+0000] {processor.py:830} INFO - Processing file /home/airflow/.local/lib/python3.8/site-packages/airflow/example_dags/example_params_ui_tutorial.py for tasks to queue
[2026-04-18T21:48:30.163+0000] {logging_mixin.py:188} INFO - [2026-04-18T21:48:30.163+0000] {dagbag.py:538} INFO - Filling up the DagBag from /home/airflow/.local/lib/python3.8/site-packages/airflow/example_dags/example_params_ui_tutorial.py
[2026-04-18T21:48:30.181+0000] {processor.py:840} INFO - DAG(s) 'example_params_ui_tutorial' retrieved from /home/airflow/.local/lib/python3.8/site-packages/airflow/example_dags/example_params_ui_tutorial.py
[2026-04-18T21:48:30.295+0000] {logging_mixin.py:188} INFO - [2026-04-18T21:48:30.295+0000] {dag.py:3036} INFO - Sync 1 DAGs
[2026-04-18T21:48:30.329+0000] {logging_mixin.py:188} INFO - [2026-04-18T21:48:30.326+0000] {dag.py:3823} INFO - Setting next_dagrun for example_params_ui_tutorial to None, run_after=None
[2026-04-18T21:48:30.377+0000] {processor.py:183} INFO - Processing /home/airflow/.local/lib/python3.8/site-packages/airflow/example_dags/example_params_ui_tutorial.py took 0.224 seconds
[2026-04-18T21:49:00.457+0000] {processor.py:161} INFO - Started process (PID=10895) to work on /home/airflow/.local/lib/python3.8/site-packages/airflow/example_dags/example_params_ui_tutorial.py
[2026-04-18T21:49:00.458+0000] {processor.py:830} INFO - Processing file /home/airflow/.local/lib/python3.8/site-packages/airflow/example_dags/example_params_ui_tutorial.py for tasks to queue
[2026-04-18T21:49:00.461+0000] {logging_mixin.py:188} INFO - [2026-04-18T21:49:00.460+0000] {dagbag.py:538} INFO - Filling up the DagBag from /home/airflow/.local/lib/python3.8/site-packages/airflow/example_dags/example_params_ui_tutorial.py
[2026-04-18T21:49:00.473+0000] {processor.py:840} INFO - DAG(s) 'example_params_ui_tutorial' retrieved from /home/airflow/.local/lib/python3.8/site-packages/airflow/example_dags/example_params_ui_tutorial.py
[2026-04-18T21:49:00.535+0000] {logging_mixin.py:188} INFO - [2026-04-18T21:49:00.535+0000] {dag.py:3036} INFO - Sync 1 DAGs
[2026-04-18T21:49:00.548+0000] {logging_mixin.py:188} INFO - [2026-04-18T21:49:00.547+0000] {dag.py:3823} INFO - Setting next_dagrun for example_params_ui_tutorial to None, run_after=None
[2026-04-18T21:49:00.568+0000] {processor.py:183} INFO - Processing /home/airflow/.local/lib/python3.8/site-packages/airflow/example_dags/example_params_ui_tutorial.py took 0.114 seconds
[2026-04-18T21:49:31.232+0000] {processor.py:161} INFO - Started process (PID=10952) to work on /home/airflow/.local/lib/python3.8/site-packages/airflow/example_dags/example_params_ui_tutorial.py
[2026-04-18T21:49:31.236+0000] {processor.py:830} INFO - Processing file /home/airflow/.local/lib/python3.8/site-packages/airflow/example_dags/example_params_ui_tutorial.py for tasks to queue
[2026-04-18T21:49:31.239+0000] {logging_mixin.py:188} INFO - [2026-04-18T21:49:31.238+0000] {dagbag.py:538} INFO - Filling up the DagBag from /home/airflow/.local/lib/python3.8/site-packages/airflow/example_dags/example_params_ui_tutorial.py
[2026-04-18T21:49:31.255+0000] {processor.py:840} INFO - DAG(s) 'example_params_ui_tutorial' retrieved from /home/airflow/.local/lib/python3.8/site-packages/airflow/example_dags/example_params_ui_tutorial.py
[2026-04-18T21:49:31.332+0000] {logging_mixin.py:188} INFO - [2026-04-18T21:49:31.331+0000] {dag.py:3036} INFO - Sync 1 DAGs
[2026-04-18T21:49:31.348+0000] {logging_mixin.py:188} INFO - [2026-04-18T21:49:31.348+0000] {dag.py:3823} INFO - Setting next_dagrun for example_params_ui_tutorial to None, run_after=None
[2026-04-18T21:49:31.375+0000] {processor.py:183} INFO - Processing /home/airflow/.local/lib/python3.8/site-packages/airflow/example_dags/example_params_ui_tutorial.py took 0.148 seconds
[2026-04-18T21:50:01.629+0000] {processor.py:161} INFO - Started process (PID=11009) to work on /home/airflow/.local/lib/python3.8/site-packages/airflow/example_dags/example_params_ui_tutorial.py
[2026-04-18T21:50:01.630+0000] {processor.py:830} INFO - Processing file /home/airflow/.local/lib/python3.8/site-packages/airflow/example_dags/example_params_ui_tutorial.py for tasks to queue
[2026-04-18T21:50:01.632+0000] {logging_mixin.py:188} INFO - [2026-04-18T21:50:01.632+0000] {dagbag.py:538} INFO - Filling up the DagBag from /home/airflow/.local/lib/python3.8/site-packages/airflow/example_dags/example_params_ui_tutorial.py
[2026-04-18T21:50:01.644+0000] {processor.py:840} INFO - DAG(s) 'example_params_ui_tutorial' retrieved from /home/airflow/.local/lib/python3.8/site-packages/airflow/example_dags/example_params_ui_tutorial.py
[2026-04-18T21:50:01.703+0000] {logging_mixin.py:188} INFO - [2026-04-18T21:50:01.703+0000] {dag.py:3036} INFO - Sync 1 DAGs
[2026-04-18T21:50:01.719+0000] {logging_mixin.py:188} INFO - [2026-04-18T21:50:01.719+0000] {dag.py:3823} INFO - Setting next_dagrun for example_params_ui_tutorial to None, run_after=None
[2026-04-18T21:50:01.741+0000] {processor.py:183} INFO - Processing /home/airflow/.local/lib/python3.8/site-packages/airflow/example_dags/example_params_ui_tutorial.py took 0.116 seconds
[2026-04-18T21:50:31.881+0000] {processor.py:161} INFO - Started process (PID=11066) to work on /home/airflow/.local/lib/python3.8/site-packages/airflow/example_dags/example_params_ui_tutorial.py
[2026-04-18T21:50:31.882+0000] {processor.py:830} INFO - Processing file /home/airflow/.local/lib/python3.8/site-packages/airflow/example_dags/example_params_ui_tutorial.py for tasks to queue
[2026-04-18T21:50:31.885+0000] {logging_mixin.py:188} INFO - [2026-04-18T21:50:31.884+0000] {dagbag.py:538} INFO - Filling up the DagBag from /home/airflow/.local/lib/python3.8/site-packages/airflow/example_dags/example_params_ui_tutorial.py
[2026-04-18T21:50:31.899+0000] {processor.py:840} INFO - DAG(s) 'example_params_ui_tutorial' retrieved from /home/airflow/.local/lib/python3.8/site-packages/airflow/example_dags/example_params_ui_tutorial.py
[2026-04-18T21:50:31.963+0000] {logging_mixin.py:188} INFO - [2026-04-18T21:50:31.963+0000] {dag.py:3036} INFO - Sync 1 DAGs
[2026-04-18T21:50:31.975+0000] {logging_mixin.py:188} INFO - [2026-04-18T21:50:31.975+0000] {dag.py:3823} INFO - Setting next_dagrun for example_params_ui_tutorial to None, run_after=None
[2026-04-18T21:50:32.000+0000] {processor.py:183} INFO - Processing /home/airflow/.local/lib/python3.8/site-packages/airflow/example_dags/example_params_ui_tutorial.py took 0.123 seconds
[2026-04-18T21:51:02.122+0000] {processor.py:161} INFO - Started process (PID=11123) to work on /home/airflow/.local/lib/python3.8/site-packages/airflow/example_dags/example_params_ui_tutorial.py
[2026-04-18T21:51:02.124+0000] {processor.py:830} INFO - Processing file /home/airflow/.local/lib/python3.8/site-packages/airflow/example_dags/example_params_ui_tutorial.py for tasks to queue
[2026-04-18T21:51:02.127+0000] {logging_mixin.py:188} INFO - [2026-04-18T21:51:02.126+0000] {dagbag.py:538} INFO - Filling up the DagBag from /home/airflow/.local/lib/python3.8/site-packages/airflow/example_dags/example_params_ui_tutorial.py
[2026-04-18T21:51:02.151+0000] {processor.py:840} INFO - DAG(s) 'example_params_ui_tutorial' retrieved from /home/airflow/.local/lib/python3.8/site-packages/airflow/example_dags/example_params_ui_tutorial.py
[2026-04-18T21:51:02.262+0000] {logging_mixin.py:188} INFO - [2026-04-18T21:51:02.262+0000] {dag.py:3036} INFO - Sync 1 DAGs
[2026-04-18T21:51:02.288+0000] {logging_mixin.py:188} INFO - [2026-04-18T21:51:02.287+0000] {dag.py:3823} INFO - Setting next_dagrun for example_params_ui_tutorial to None, run_after=None
[2026-04-18T21:51:02.314+0000] {processor.py:183} INFO - Processing /home/airflow/.local/lib/python3.8/site-packages/airflow/example_dags/example_params_ui_tutorial.py took 0.197 seconds
[2026-04-18T21:51:32.684+0000] {processor.py:161} INFO - Started process (PID=11180) to work on /home/airflow/.local/lib/python3.8/site-packages/airflow/example_dags/example_params_ui_tutorial.py
[2026-04-18T21:51:32.686+0000] {processor.py:830} INFO - Processing file /home/airflow/.local/lib/python3.8/site-packages/airflow/example_dags/example_params_ui_tutorial.py for tasks to queue
[2026-04-18T21:51:32.689+0000] {logging_mixin.py:188} INFO - [2026-04-18T21:51:32.689+0000] {dagbag.py:538} INFO - Filling up the DagBag from /home/airflow/.local/lib/python3.8/site-packages/airflow/example_dags/example_params_ui_tutorial.py
[2026-04-18T21:51:32.709+0000] {processor.py:840} INFO - DAG(s) 'example_params_ui_tutorial' retrieved from /home/airflow/.local/lib/python3.8/site-packages/airflow/example_dags/example_params_ui_tutorial.py
[2026-04-18T21:51:32.781+0000] {logging_mixin.py:188} INFO - [2026-04-18T21:51:32.781+0000] {dag.py:3036} INFO - Sync 1 DAGs
[2026-04-18T21:51:32.794+0000] {logging_mixin.py:188} INFO - [2026-04-18T21:51:32.794+0000] {dag.py:3823} INFO - Setting next_dagrun for example_params_ui_tutorial to None, run_after=None
[2026-04-18T21:51:32.813+0000] {processor.py:183} INFO - Processing /home/airflow/.local/lib/python3.8/site-packages/airflow/example_dags/example_params_ui_tutorial.py took 0.133 seconds
[2026-04-18T21:52:03.085+0000] {processor.py:161} INFO - Started process (PID=11237) to work on /home/airflow/.local/lib/python3.8/site-packages/airflow/example_dags/example_params_ui_tutorial.py
[2026-04-18T21:52:03.087+0000] {processor.py:830} INFO - Processing file /home/airflow/.local/lib/python3.8/site-packages/airflow/example_dags/example_params_ui_tutorial.py for tasks to queue
[2026-04-18T21:52:03.089+0000] {logging_mixin.py:188} INFO - [2026-04-18T21:52:03.089+0000] {dagbag.py:538} INFO - Filling up the DagBag from /home/airflow/.local/lib/python3.8/site-packages/airflow/example_dags/example_params_ui_tutorial.py
[2026-04-18T21:52:03.103+0000] {processor.py:840} INFO - DAG(s) 'example_params_ui_tutorial' retrieved from /home/airflow/.local/lib/python3.8/site-packages/airflow/example_dags/example_params_ui_tutorial.py
[2026-04-18T21:52:03.163+0000] {logging_mixin.py:188} INFO - [2026-04-18T21:52:03.162+0000] {dag.py:3036} INFO - Sync 1 DAGs
[2026-04-18T21:52:03.174+0000] {logging_mixin.py:188} INFO - [2026-04-18T21:52:03.174+0000] {dag.py:3823} INFO - Setting next_dagrun for example_params_ui_tutorial to None, run_after=None
[2026-04-18T21:52:03.201+0000] {processor.py:183} INFO - Processing /home/airflow/.local/lib/python3.8/site-packages/airflow/example_dags/example_params_ui_tutorial.py took 0.120 seconds
[2026-04-18T21:52:33.453+0000] {processor.py:161} INFO - Started process (PID=11294) to work on /home/airflow/.local/lib/python3.8/site-packages/airflow/example_dags/example_params_ui_tutorial.py
[2026-04-18T21:52:33.454+0000] {processor.py:830} INFO - Processing file /home/airflow/.local/lib/python3.8/site-packages/airflow/example_dags/example_params_ui_tutorial.py for tasks to queue
[2026-04-18T21:52:33.457+0000] {logging_mixin.py:188} INFO - [2026-04-18T21:52:33.456+0000] {dagbag.py:538} INFO - Filling up the DagBag from /home/airflow/.local/lib/python3.8/site-packages/airflow/example_dags/example_params_ui_tutorial.py
[2026-04-18T21:52:33.474+0000] {processor.py:840} INFO - DAG(s) 'example_params_ui_tutorial' retrieved from /home/airflow/.local/lib/python3.8/site-packages/airflow/example_dags/example_params_ui_tutorial.py
[2026-04-18T21:52:33.538+0000] {logging_mixin.py:188} INFO - [2026-04-18T21:52:33.538+0000] {dag.py:3036} INFO - Sync 1 DAGs
[2026-04-18T21:52:33.551+0000] {logging_mixin.py:188} INFO - [2026-04-18T21:52:33.551+0000] {dag.py:3823} INFO - Setting next_dagrun for example_params_ui_tutorial to None, run_after=None
[2026-04-18T21:52:33.572+0000] {processor.py:183} INFO - Processing /home/airflow/.local/lib/python3.8/site-packages/airflow/example_dags/example_params_ui_tutorial.py took 0.124 seconds
[2026-04-18T21:53:03.769+0000] {processor.py:161} INFO - Started process (PID=11351) to work on /home/airflow/.local/lib/python3.8/site-packages/airflow/example_dags/example_params_ui_tutorial.py
[2026-04-18T21:53:03.770+0000] {processor.py:830} INFO - Processing file /home/airflow/.local/lib/python3.8/site-packages/airflow/example_dags/example_params_ui_tutorial.py for tasks to queue
[2026-04-18T21:53:03.774+0000] {logging_mixin.py:188} INFO - [2026-04-18T21:53:03.773+0000] {dagbag.py:538} INFO - Filling up the DagBag from /home/airflow/.local/lib/python3.8/site-packages/airflow/example_dags/example_params_ui_tutorial.py
[2026-04-18T21:53:03.788+0000] {processor.py:840} INFO - DAG(s) 'example_params_ui_tutorial' retrieved from /home/airflow/.local/lib/python3.8/site-packages/airflow/example_dags/example_params_ui_tutorial.py
[2026-04-18T21:53:03.879+0000] {logging_mixin.py:188} INFO - [2026-04-18T21:53:03.879+0000] {dag.py:3036} INFO - Sync 1 DAGs
[2026-04-18T21:53:03.902+0000] {logging_mixin.py:188} INFO - [2026-04-18T21:53:03.901+0000] {dag.py:3823} INFO - Setting next_dagrun for example_params_ui_tutorial to None, run_after=None
[2026-04-18T21:53:03.927+0000] {processor.py:183} INFO - Processing /home/airflow/.local/lib/python3.8/site-packages/airflow/example_dags/example_params_ui_tutorial.py took 0.162 seconds
[2026-04-18T21:53:34.456+0000] {processor.py:161} INFO - Started process (PID=11408) to work on /home/airflow/.local/lib/python3.8/site-packages/airflow/example_dags/example_params_ui_tutorial.py
[2026-04-18T21:53:34.457+0000] {processor.py:830} INFO - Processing file /home/airflow/.local/lib/python3.8/site-packages/airflow/example_dags/example_params_ui_tutorial.py for tasks to queue
[2026-04-18T21:53:34.460+0000] {logging_mixin.py:188} INFO - [2026-04-18T21:53:34.459+0000] {dagbag.py:538} INFO - Filling up the DagBag from /home/airflow/.local/lib/python3.8/site-packages/airflow/example_dags/example_params_ui_tutorial.py
[2026-04-18T21:53:34.474+0000] {processor.py:840} INFO - DAG(s) 'example_params_ui_tutorial' retrieved from /home/airflow/.local/lib/python3.8/site-packages/airflow/example_dags/example_params_ui_tutorial.py
[2026-04-18T21:53:34.533+0000] {logging_mixin.py:188} INFO - [2026-04-18T21:53:34.533+0000] {dag.py:3036} INFO - Sync 1 DAGs
[2026-04-18T21:53:34.545+0000] {logging_mixin.py:188} INFO - [2026-04-18T21:53:34.545+0000] {dag.py:3823} INFO - Setting next_dagrun for example_params_ui_tutorial to None, run_after=None
[2026-04-18T21:53:34.565+0000] {processor.py:183} INFO - Processing /home/airflow/.local/lib/python3.8/site-packages/airflow/example_dags/example_params_ui_tutorial.py took 0.114 seconds
[2026-04-18T21:54:05.054+0000] {processor.py:161} INFO - Started process (PID=11465) to work on /home/airflow/.local/lib/python3.8/site-packages/airflow/example_dags/example_params_ui_tutorial.py
[2026-04-18T21:54:05.055+0000] {processor.py:830} INFO - Processing file /home/airflow/.local/lib/python3.8/site-packages/airflow/example_dags/example_params_ui_tutorial.py for tasks to queue
[2026-04-18T21:54:05.058+0000] {logging_mixin.py:188} INFO - [2026-04-18T21:54:05.057+0000] {dagbag.py:538} INFO - Filling up the DagBag from /home/airflow/.local/lib/python3.8/site-packages/airflow/example_dags/example_params_ui_tutorial.py
[2026-04-18T21:54:05.072+0000] {processor.py:840} INFO - DAG(s) 'example_params_ui_tutorial' retrieved from /home/airflow/.local/lib/python3.8/site-packages/airflow/example_dags/example_params_ui_tutorial.py
[2026-04-18T21:54:05.128+0000] {logging_mixin.py:188} INFO - [2026-04-18T21:54:05.128+0000] {dag.py:3036} INFO - Sync 1 DAGs
[2026-04-18T21:54:05.143+0000] {logging_mixin.py:188} INFO - [2026-04-18T21:54:05.142+0000] {dag.py:3823} INFO - Setting next_dagrun for example_params_ui_tutorial to None, run_after=None
[2026-04-18T21:54:05.162+0000] {processor.py:183} INFO - Processing /home/airflow/.local/lib/python3.8/site-packages/airflow/example_dags/example_params_ui_tutorial.py took 0.112 seconds
[2026-04-18T21:54:35.917+0000] {processor.py:161} INFO - Started process (PID=11522) to work on /home/airflow/.local/lib/python3.8/site-packages/airflow/example_dags/example_params_ui_tutorial.py
[2026-04-18T21:54:35.919+0000] {processor.py:830} INFO - Processing file /home/airflow/.local/lib/python3.8/site-packages/airflow/example_dags/example_params_ui_tutorial.py for tasks to queue
[2026-04-18T21:54:35.921+0000] {logging_mixin.py:188} INFO - [2026-04-18T21:54:35.920+0000] {dagbag.py:538} INFO - Filling up the DagBag from /home/airflow/.local/lib/python3.8/site-packages/airflow/example_dags/example_params_ui_tutorial.py
[2026-04-18T21:54:35.935+0000] {processor.py:840} INFO - DAG(s) 'example_params_ui_tutorial' retrieved from /home/airflow/.local/lib/python3.8/site-packages/airflow/example_dags/example_params_ui_tutorial.py
[2026-04-18T21:54:36.000+0000] {logging_mixin.py:188} INFO - [2026-04-18T21:54:36.000+0000] {dag.py:3036} INFO - Sync 1 DAGs
[2026-04-18T21:54:36.012+0000] {logging_mixin.py:188} INFO - [2026-04-18T21:54:36.012+0000] {dag.py:3823} INFO - Setting next_dagrun for example_params_ui_tutorial to None, run_after=None
[2026-04-18T21:54:36.033+0000] {processor.py:183} INFO - Processing /home/airflow/.local/lib/python3.8/site-packages/airflow/example_dags/example_params_ui_tutorial.py took 0.120 seconds
[2026-04-18T21:55:06.166+0000] {processor.py:161} INFO - Started process (PID=11580) to work on /home/airflow/.local/lib/python3.8/site-packages/airflow/example_dags/example_params_ui_tutorial.py
[2026-04-18T21:55:06.167+0000] {processor.py:830} INFO - Processing file /home/airflow/.local/lib/python3.8/site-packages/airflow/example_dags/example_params_ui_tutorial.py for tasks to queue
[2026-04-18T21:55:06.170+0000] {logging_mixin.py:188} INFO - [2026-04-18T21:55:06.169+0000] {dagbag.py:538} INFO - Filling up the DagBag from /home/airflow/.local/lib/python3.8/site-packages/airflow/example_dags/example_params_ui_tutorial.py
[2026-04-18T21:55:06.184+0000] {processor.py:840} INFO - DAG(s) 'example_params_ui_tutorial' retrieved from /home/airflow/.local/lib/python3.8/site-packages/airflow/example_dags/example_params_ui_tutorial.py
[2026-04-18T21:55:06.272+0000] {logging_mixin.py:188} INFO - [2026-04-18T21:55:06.271+0000] {dag.py:3036} INFO - Sync 1 DAGs
[2026-04-18T21:55:06.287+0000] {logging_mixin.py:188} INFO - [2026-04-18T21:55:06.287+0000] {dag.py:3823} INFO - Setting next_dagrun for example_params_ui_tutorial to None, run_after=None
[2026-04-18T21:55:06.312+0000] {processor.py:183} INFO - Processing /home/airflow/.local/lib/python3.8/site-packages/airflow/example_dags/example_params_ui_tutorial.py took 0.151 seconds
[2026-04-18T21:55:36.799+0000] {processor.py:161} INFO - Started process (PID=11637) to work on /home/airflow/.local/lib/python3.8/site-packages/airflow/example_dags/example_params_ui_tutorial.py
[2026-04-18T21:55:36.801+0000] {processor.py:830} INFO - Processing file /home/airflow/.local/lib/python3.8/site-packages/airflow/example_dags/example_params_ui_tutorial.py for tasks to queue
[2026-04-18T21:55:36.804+0000] {logging_mixin.py:188} INFO - [2026-04-18T21:55:36.803+0000] {dagbag.py:538} INFO - Filling up the DagBag from /home/airflow/.local/lib/python3.8/site-packages/airflow/example_dags/example_params_ui_tutorial.py
[2026-04-18T21:55:36.865+0000] {processor.py:840} INFO - DAG(s) 'example_params_ui_tutorial' retrieved from /home/airflow/.local/lib/python3.8/site-packages/airflow/example_dags/example_params_ui_tutorial.py
[2026-04-18T21:55:36.935+0000] {logging_mixin.py:188} INFO - [2026-04-18T21:55:36.935+0000] {dag.py:3036} INFO - Sync 1 DAGs
[2026-04-18T21:55:36.948+0000] {logging_mixin.py:188} INFO - [2026-04-18T21:55:36.947+0000] {dag.py:3823} INFO - Setting next_dagrun for example_params_ui_tutorial to None, run_after=None
[2026-04-18T21:55:36.971+0000] {processor.py:183} INFO - Processing /home/airflow/.local/lib/python3.8/site-packages/airflow/example_dags/example_params_ui_tutorial.py took 0.176 seconds
[2026-04-18T21:56:07.100+0000] {processor.py:161} INFO - Started process (PID=11694) to work on /home/airflow/.local/lib/python3.8/site-packages/airflow/example_dags/example_params_ui_tutorial.py
[2026-04-18T21:56:07.102+0000] {processor.py:830} INFO - Processing file /home/airflow/.local/lib/python3.8/site-packages/airflow/example_dags/example_params_ui_tutorial.py for tasks to queue
[2026-04-18T21:56:07.104+0000] {logging_mixin.py:188} INFO - [2026-04-18T21:56:07.103+0000] {dagbag.py:538} INFO - Filling up the DagBag from /home/airflow/.local/lib/python3.8/site-packages/airflow/example_dags/example_params_ui_tutorial.py
[2026-04-18T21:56:07.117+0000] {processor.py:840} INFO - DAG(s) 'example_params_ui_tutorial' retrieved from /home/airflow/.local/lib/python3.8/site-packages/airflow/example_dags/example_params_ui_tutorial.py
[2026-04-18T21:56:07.169+0000] {logging_mixin.py:188} INFO - [2026-04-18T21:56:07.169+0000] {dag.py:3036} INFO - Sync 1 DAGs
[2026-04-18T21:56:07.180+0000] {logging_mixin.py:188} INFO - [2026-04-18T21:56:07.180+0000] {dag.py:3823} INFO - Setting next_dagrun for example_params_ui_tutorial to None, run_after=None
[2026-04-18T21:56:07.204+0000] {processor.py:183} INFO - Processing /home/airflow/.local/lib/python3.8/site-packages/airflow/example_dags/example_params_ui_tutorial.py took 0.109 seconds
[2026-04-18T21:56:37.336+0000] {processor.py:161} INFO - Started process (PID=11751) to work on /home/airflow/.local/lib/python3.8/site-packages/airflow/example_dags/example_params_ui_tutorial.py
[2026-04-18T21:56:37.337+0000] {processor.py:830} INFO - Processing file /home/airflow/.local/lib/python3.8/site-packages/airflow/example_dags/example_params_ui_tutorial.py for tasks to queue
[2026-04-18T21:56:37.343+0000] {logging_mixin.py:188} INFO - [2026-04-18T21:56:37.342+0000] {dagbag.py:538} INFO - Filling up the DagBag from /home/airflow/.local/lib/python3.8/site-packages/airflow/example_dags/example_params_ui_tutorial.py
[2026-04-18T21:56:37.356+0000] {processor.py:840} INFO - DAG(s) 'example_params_ui_tutorial' retrieved from /home/airflow/.local/lib/python3.8/site-packages/airflow/example_dags/example_params_ui_tutorial.py
[2026-04-18T21:56:37.424+0000] {logging_mixin.py:188} INFO - [2026-04-18T21:56:37.424+0000] {dag.py:3036} INFO - Sync 1 DAGs
[2026-04-18T21:56:37.436+0000] {logging_mixin.py:188} INFO - [2026-04-18T21:56:37.436+0000] {dag.py:3823} INFO - Setting next_dagrun for example_params_ui_tutorial to None, run_after=None
[2026-04-18T21:56:37.460+0000] {processor.py:183} INFO - Processing /home/airflow/.local/lib/python3.8/site-packages/airflow/example_dags/example_params_ui_tutorial.py took 0.129 seconds
[2026-04-18T21:57:08.322+0000] {processor.py:161} INFO - Started process (PID=11808) to work on /home/airflow/.local/lib/python3.8/site-packages/airflow/example_dags/example_params_ui_tutorial.py
[2026-04-18T21:57:08.323+0000] {processor.py:830} INFO - Processing file /home/airflow/.local/lib/python3.8/site-packages/airflow/example_dags/example_params_ui_tutorial.py for tasks to queue
[2026-04-18T21:57:08.326+0000] {logging_mixin.py:188} INFO - [2026-04-18T21:57:08.326+0000] {dagbag.py:538} INFO - Filling up the DagBag from /home/airflow/.local/lib/python3.8/site-packages/airflow/example_dags/example_params_ui_tutorial.py
[2026-04-18T21:57:08.342+0000] {processor.py:840} INFO - DAG(s) 'example_params_ui_tutorial' retrieved from /home/airflow/.local/lib/python3.8/site-packages/airflow/example_dags/example_params_ui_tutorial.py
[2026-04-18T21:57:08.414+0000] {logging_mixin.py:188} INFO - [2026-04-18T21:57:08.414+0000] {dag.py:3036} INFO - Sync 1 DAGs
[2026-04-18T21:57:08.427+0000] {logging_mixin.py:188} INFO - [2026-04-18T21:57:08.426+0000] {dag.py:3823} INFO - Setting next_dagrun for example_params_ui_tutorial to None, run_after=None
[2026-04-18T21:57:08.449+0000] {processor.py:183} INFO - Processing /home/airflow/.local/lib/python3.8/site-packages/airflow/example_dags/example_params_ui_tutorial.py took 0.131 seconds
[2026-04-18T21:57:38.584+0000] {processor.py:161} INFO - Started process (PID=11865) to work on /home/airflow/.local/lib/python3.8/site-packages/airflow/example_dags/example_params_ui_tutorial.py
[2026-04-18T21:57:38.586+0000] {processor.py:830} INFO - Processing file /home/airflow/.local/lib/python3.8/site-packages/airflow/example_dags/example_params_ui_tutorial.py for tasks to queue
[2026-04-18T21:57:38.588+0000] {logging_mixin.py:188} INFO - [2026-04-18T21:57:38.588+0000] {dagbag.py:538} INFO - Filling up the DagBag from /home/airflow/.local/lib/python3.8/site-packages/airflow/example_dags/example_params_ui_tutorial.py
[2026-04-18T21:57:38.599+0000] {processor.py:840} INFO - DAG(s) 'example_params_ui_tutorial' retrieved from /home/airflow/.local/lib/python3.8/site-packages/airflow/example_dags/example_params_ui_tutorial.py
[2026-04-18T21:57:38.659+0000] {logging_mixin.py:188} INFO - [2026-04-18T21:57:38.659+0000] {dag.py:3036} INFO - Sync 1 DAGs
[2026-04-18T21:57:38.670+0000] {logging_mixin.py:188} INFO - [2026-04-18T21:57:38.670+0000] {dag.py:3823} INFO - Setting next_dagrun for example_params_ui_tutorial to None, run_after=None
[2026-04-18T21:57:38.694+0000] {processor.py:183} INFO - Processing /home/airflow/.local/lib/python3.8/site-packages/airflow/example_dags/example_params_ui_tutorial.py took 0.113 seconds
[2026-04-18T21:58:09.631+0000] {processor.py:161} INFO - Started process (PID=11923) to work on /home/airflow/.local/lib/python3.8/site-packages/airflow/example_dags/example_params_ui_tutorial.py
[2026-04-18T21:58:09.633+0000] {processor.py:830} INFO - Processing file /home/airflow/.local/lib/python3.8/site-packages/airflow/example_dags/example_params_ui_tutorial.py for tasks to queue
[2026-04-18T21:58:09.635+0000] {logging_mixin.py:188} INFO - [2026-04-18T21:58:09.635+0000] {dagbag.py:538} INFO - Filling up the DagBag from /home/airflow/.local/lib/python3.8/site-packages/airflow/example_dags/example_params_ui_tutorial.py
[2026-04-18T21:58:09.650+0000] {processor.py:840} INFO - DAG(s) 'example_params_ui_tutorial' retrieved from /home/airflow/.local/lib/python3.8/site-packages/airflow/example_dags/example_params_ui_tutorial.py
[2026-04-18T21:58:09.718+0000] {logging_mixin.py:188} INFO - [2026-04-18T21:58:09.718+0000] {dag.py:3036} INFO - Sync 1 DAGs
[2026-04-18T21:58:09.731+0000] {logging_mixin.py:188} INFO - [2026-04-18T21:58:09.730+0000] {dag.py:3823} INFO - Setting next_dagrun for example_params_ui_tutorial to None, run_after=None
[2026-04-18T21:58:09.753+0000] {processor.py:183} INFO - Processing /home/airflow/.local/lib/python3.8/site-packages/airflow/example_dags/example_params_ui_tutorial.py took 0.125 seconds
[2026-04-18T21:58:39.827+0000] {processor.py:161} INFO - Started process (PID=11980) to work on /home/airflow/.local/lib/python3.8/site-packages/airflow/example_dags/example_params_ui_tutorial.py
[2026-04-18T21:58:39.828+0000] {processor.py:830} INFO - Processing file /home/airflow/.local/lib/python3.8/site-packages/airflow/example_dags/example_params_ui_tutorial.py for tasks to queue
[2026-04-18T21:58:39.831+0000] {logging_mixin.py:188} INFO - [2026-04-18T21:58:39.831+0000] {dagbag.py:538} INFO - Filling up the DagBag from /home/airflow/.local/lib/python3.8/site-packages/airflow/example_dags/example_params_ui_tutorial.py
[2026-04-18T21:58:39.843+0000] {processor.py:840} INFO - DAG(s) 'example_params_ui_tutorial' retrieved from /home/airflow/.local/lib/python3.8/site-packages/airflow/example_dags/example_params_ui_tutorial.py
[2026-04-18T21:58:39.910+0000] {logging_mixin.py:188} INFO - [2026-04-18T21:58:39.910+0000] {dag.py:3036} INFO - Sync 1 DAGs
[2026-04-18T21:58:39.922+0000] {logging_mixin.py:188} INFO - [2026-04-18T21:58:39.922+0000] {dag.py:3823} INFO - Setting next_dagrun for example_params_ui_tutorial to None, run_after=None
[2026-04-18T21:58:39.951+0000] {processor.py:183} INFO - Processing /home/airflow/.local/lib/python3.8/site-packages/airflow/example_dags/example_params_ui_tutorial.py took 0.128 seconds
[2026-04-18T21:59:10.441+0000] {processor.py:161} INFO - Started process (PID=12038) to work on /home/airflow/.local/lib/python3.8/site-packages/airflow/example_dags/example_params_ui_tutorial.py
[2026-04-18T21:59:10.443+0000] {processor.py:830} INFO - Processing file /home/airflow/.local/lib/python3.8/site-packages/airflow/example_dags/example_params_ui_tutorial.py for tasks to queue
[2026-04-18T21:59:10.447+0000] {logging_mixin.py:188} INFO - [2026-04-18T21:59:10.446+0000] {dagbag.py:538} INFO - Filling up the DagBag from /home/airflow/.local/lib/python3.8/site-packages/airflow/example_dags/example_params_ui_tutorial.py
[2026-04-18T21:59:10.463+0000] {processor.py:840} INFO - DAG(s) 'example_params_ui_tutorial' retrieved from /home/airflow/.local/lib/python3.8/site-packages/airflow/example_dags/example_params_ui_tutorial.py
[2026-04-18T21:59:10.535+0000] {logging_mixin.py:188} INFO - [2026-04-18T21:59:10.535+0000] {dag.py:3036} INFO - Sync 1 DAGs
[2026-04-18T21:59:10.550+0000] {logging_mixin.py:188} INFO - [2026-04-18T21:59:10.550+0000] {dag.py:3823} INFO - Setting next_dagrun for example_params_ui_tutorial to None, run_after=None
[2026-04-18T21:59:10.580+0000] {processor.py:183} INFO - Processing /home/airflow/.local/lib/python3.8/site-packages/airflow/example_dags/example_params_ui_tutorial.py took 0.144 seconds
[2026-04-18T21:59:40.881+0000] {processor.py:161} INFO - Started process (PID=12095) to work on /home/airflow/.local/lib/python3.8/site-packages/airflow/example_dags/example_params_ui_tutorial.py
[2026-04-18T21:59:40.882+0000] {processor.py:830} INFO - Processing file /home/airflow/.local/lib/python3.8/site-packages/airflow/example_dags/example_params_ui_tutorial.py for tasks to queue
[2026-04-18T21:59:40.886+0000] {logging_mixin.py:188} INFO - [2026-04-18T21:59:40.885+0000] {dagbag.py:538} INFO - Filling up the DagBag from /home/airflow/.local/lib/python3.8/site-packages/airflow/example_dags/example_params_ui_tutorial.py
[2026-04-18T21:59:40.900+0000] {processor.py:840} INFO - DAG(s) 'example_params_ui_tutorial' retrieved from /home/airflow/.local/lib/python3.8/site-packages/airflow/example_dags/example_params_ui_tutorial.py
[2026-04-18T21:59:40.972+0000] {logging_mixin.py:188} INFO - [2026-04-18T21:59:40.972+0000] {dag.py:3036} INFO - Sync 1 DAGs
[2026-04-18T21:59:40.990+0000] {logging_mixin.py:188} INFO - [2026-04-18T21:59:40.990+0000] {dag.py:3823} INFO - Setting next_dagrun for example_params_ui_tutorial to None, run_after=None
[2026-04-18T21:59:41.012+0000] {processor.py:183} INFO - Processing /home/airflow/.local/lib/python3.8/site-packages/airflow/example_dags/example_params_ui_tutorial.py took 0.135 seconds
[2026-04-18T22:00:11.385+0000] {processor.py:161} INFO - Started process (PID=12152) to work on /home/airflow/.local/lib/python3.8/site-packages/airflow/example_dags/example_params_ui_tutorial.py
[2026-04-18T22:00:11.387+0000] {processor.py:830} INFO - Processing file /home/airflow/.local/lib/python3.8/site-packages/airflow/example_dags/example_params_ui_tutorial.py for tasks to queue
[2026-04-18T22:00:11.390+0000] {logging_mixin.py:188} INFO - [2026-04-18T22:00:11.390+0000] {dagbag.py:538} INFO - Filling up the DagBag from /home/airflow/.local/lib/python3.8/site-packages/airflow/example_dags/example_params_ui_tutorial.py
[2026-04-18T22:00:11.409+0000] {processor.py:840} INFO - DAG(s) 'example_params_ui_tutorial' retrieved from /home/airflow/.local/lib/python3.8/site-packages/airflow/example_dags/example_params_ui_tutorial.py
[2026-04-18T22:00:11.489+0000] {logging_mixin.py:188} INFO - [2026-04-18T22:00:11.488+0000] {dag.py:3036} INFO - Sync 1 DAGs
[2026-04-18T22:00:11.504+0000] {logging_mixin.py:188} INFO - [2026-04-18T22:00:11.504+0000] {dag.py:3823} INFO - Setting next_dagrun for example_params_ui_tutorial to None, run_after=None
[2026-04-18T22:00:11.536+0000] {processor.py:183} INFO - Processing /home/airflow/.local/lib/python3.8/site-packages/airflow/example_dags/example_params_ui_tutorial.py took 0.155 seconds
[2026-04-18T22:00:41.990+0000] {processor.py:161} INFO - Started process (PID=12209) to work on /home/airflow/.local/lib/python3.8/site-packages/airflow/example_dags/example_params_ui_tutorial.py
[2026-04-18T22:00:41.992+0000] {processor.py:830} INFO - Processing file /home/airflow/.local/lib/python3.8/site-packages/airflow/example_dags/example_params_ui_tutorial.py for tasks to queue
[2026-04-18T22:00:41.995+0000] {logging_mixin.py:188} INFO - [2026-04-18T22:00:41.995+0000] {dagbag.py:538} INFO - Filling up the DagBag from /home/airflow/.local/lib/python3.8/site-packages/airflow/example_dags/example_params_ui_tutorial.py
[2026-04-18T22:00:42.015+0000] {processor.py:840} INFO - DAG(s) 'example_params_ui_tutorial' retrieved from /home/airflow/.local/lib/python3.8/site-packages/airflow/example_dags/example_params_ui_tutorial.py
[2026-04-18T22:00:42.095+0000] {logging_mixin.py:188} INFO - [2026-04-18T22:00:42.095+0000] {dag.py:3036} INFO - Sync 1 DAGs
[2026-04-18T22:00:42.111+0000] {logging_mixin.py:188} INFO - [2026-04-18T22:00:42.111+0000] {dag.py:3823} INFO - Setting next_dagrun for example_params_ui_tutorial to None, run_after=None
[2026-04-18T22:00:42.143+0000] {processor.py:183} INFO - Processing /home/airflow/.local/lib/python3.8/site-packages/airflow/example_dags/example_params_ui_tutorial.py took 0.161 seconds
[2026-04-18T22:01:12.930+0000] {processor.py:161} INFO - Started process (PID=12266) to work on /home/airflow/.local/lib/python3.8/site-packages/airflow/example_dags/example_params_ui_tutorial.py
[2026-04-18T22:01:12.933+0000] {processor.py:830} INFO - Processing file /home/airflow/.local/lib/python3.8/site-packages/airflow/example_dags/example_params_ui_tutorial.py for tasks to queue
[2026-04-18T22:01:12.948+0000] {logging_mixin.py:188} INFO - [2026-04-18T22:01:12.947+0000] {dagbag.py:538} INFO - Filling up the DagBag from /home/airflow/.local/lib/python3.8/site-packages/airflow/example_dags/example_params_ui_tutorial.py
[2026-04-18T22:01:13.023+0000] {processor.py:840} INFO - DAG(s) 'example_params_ui_tutorial' retrieved from /home/airflow/.local/lib/python3.8/site-packages/airflow/example_dags/example_params_ui_tutorial.py
[2026-04-18T22:01:13.347+0000] {logging_mixin.py:188} INFO - [2026-04-18T22:01:13.346+0000] {dag.py:3036} INFO - Sync 1 DAGs
[2026-04-18T22:01:13.398+0000] {logging_mixin.py:188} INFO - [2026-04-18T22:01:13.397+0000] {dag.py:3823} INFO - Setting next_dagrun for example_params_ui_tutorial to None, run_after=None
[2026-04-18T22:01:13.481+0000] {processor.py:183} INFO - Processing /home/airflow/.local/lib/python3.8/site-packages/airflow/example_dags/example_params_ui_tutorial.py took 0.579 seconds
[2026-04-18T22:01:43.839+0000] {processor.py:161} INFO - Started process (PID=12323) to work on /home/airflow/.local/lib/python3.8/site-packages/airflow/example_dags/example_params_ui_tutorial.py
[2026-04-18T22:01:43.841+0000] {processor.py:830} INFO - Processing file /home/airflow/.local/lib/python3.8/site-packages/airflow/example_dags/example_params_ui_tutorial.py for tasks to queue
[2026-04-18T22:01:43.845+0000] {logging_mixin.py:188} INFO - [2026-04-18T22:01:43.844+0000] {dagbag.py:538} INFO - Filling up the DagBag from /home/airflow/.local/lib/python3.8/site-packages/airflow/example_dags/example_params_ui_tutorial.py
[2026-04-18T22:01:43.863+0000] {processor.py:840} INFO - DAG(s) 'example_params_ui_tutorial' retrieved from /home/airflow/.local/lib/python3.8/site-packages/airflow/example_dags/example_params_ui_tutorial.py
[2026-04-18T22:01:43.940+0000] {logging_mixin.py:188} INFO - [2026-04-18T22:01:43.939+0000] {dag.py:3036} INFO - Sync 1 DAGs
[2026-04-18T22:01:43.953+0000] {logging_mixin.py:188} INFO - [2026-04-18T22:01:43.953+0000] {dag.py:3823} INFO - Setting next_dagrun for example_params_ui_tutorial to None, run_after=None
[2026-04-18T22:01:43.975+0000] {processor.py:183} INFO - Processing /home/airflow/.local/lib/python3.8/site-packages/airflow/example_dags/example_params_ui_tutorial.py took 0.142 seconds
[2026-04-18T22:02:14.352+0000] {processor.py:161} INFO - Started process (PID=12380) to work on /home/airflow/.local/lib/python3.8/site-packages/airflow/example_dags/example_params_ui_tutorial.py
[2026-04-18T22:02:14.354+0000] {processor.py:830} INFO - Processing file /home/airflow/.local/lib/python3.8/site-packages/airflow/example_dags/example_params_ui_tutorial.py for tasks to queue
[2026-04-18T22:02:14.357+0000] {logging_mixin.py:188} INFO - [2026-04-18T22:02:14.356+0000] {dagbag.py:538} INFO - Filling up the DagBag from /home/airflow/.local/lib/python3.8/site-packages/airflow/example_dags/example_params_ui_tutorial.py
[2026-04-18T22:02:14.378+0000] {processor.py:840} INFO - DAG(s) 'example_params_ui_tutorial' retrieved from /home/airflow/.local/lib/python3.8/site-packages/airflow/example_dags/example_params_ui_tutorial.py
[2026-04-18T22:02:14.470+0000] {logging_mixin.py:188} INFO - [2026-04-18T22:02:14.469+0000] {dag.py:3036} INFO - Sync 1 DAGs
[2026-04-18T22:02:14.486+0000] {logging_mixin.py:188} INFO - [2026-04-18T22:02:14.486+0000] {dag.py:3823} INFO - Setting next_dagrun for example_params_ui_tutorial to None, run_after=None
[2026-04-18T22:02:14.525+0000] {processor.py:183} INFO - Processing /home/airflow/.local/lib/python3.8/site-packages/airflow/example_dags/example_params_ui_tutorial.py took 0.178 seconds
[2026-04-18T22:02:44.832+0000] {processor.py:161} INFO - Started process (PID=12437) to work on /home/airflow/.local/lib/python3.8/site-packages/airflow/example_dags/example_params_ui_tutorial.py
[2026-04-18T22:02:44.834+0000] {processor.py:830} INFO - Processing file /home/airflow/.local/lib/python3.8/site-packages/airflow/example_dags/example_params_ui_tutorial.py for tasks to queue
[2026-04-18T22:02:44.837+0000] {logging_mixin.py:188} INFO - [2026-04-18T22:02:44.836+0000] {dagbag.py:538} INFO - Filling up the DagBag from /home/airflow/.local/lib/python3.8/site-packages/airflow/example_dags/example_params_ui_tutorial.py
[2026-04-18T22:02:44.851+0000] {processor.py:840} INFO - DAG(s) 'example_params_ui_tutorial' retrieved from /home/airflow/.local/lib/python3.8/site-packages/airflow/example_dags/example_params_ui_tutorial.py
[2026-04-18T22:02:44.934+0000] {logging_mixin.py:188} INFO - [2026-04-18T22:02:44.934+0000] {dag.py:3036} INFO - Sync 1 DAGs
[2026-04-18T22:02:44.946+0000] {logging_mixin.py:188} INFO - [2026-04-18T22:02:44.946+0000] {dag.py:3823} INFO - Setting next_dagrun for example_params_ui_tutorial to None, run_after=None
[2026-04-18T22:02:44.967+0000] {processor.py:183} INFO - Processing /home/airflow/.local/lib/python3.8/site-packages/airflow/example_dags/example_params_ui_tutorial.py took 0.139 seconds
[2026-04-18T22:03:15.335+0000] {processor.py:161} INFO - Started process (PID=12494) to work on /home/airflow/.local/lib/python3.8/site-packages/airflow/example_dags/example_params_ui_tutorial.py
[2026-04-18T22:03:15.336+0000] {processor.py:830} INFO - Processing file /home/airflow/.local/lib/python3.8/site-packages/airflow/example_dags/example_params_ui_tutorial.py for tasks to queue
[2026-04-18T22:03:15.339+0000] {logging_mixin.py:188} INFO - [2026-04-18T22:03:15.338+0000] {dagbag.py:538} INFO - Filling up the DagBag from /home/airflow/.local/lib/python3.8/site-packages/airflow/example_dags/example_params_ui_tutorial.py
[2026-04-18T22:03:15.353+0000] {processor.py:840} INFO - DAG(s) 'example_params_ui_tutorial' retrieved from /home/airflow/.local/lib/python3.8/site-packages/airflow/example_dags/example_params_ui_tutorial.py
[2026-04-18T22:03:15.435+0000] {logging_mixin.py:188} INFO - [2026-04-18T22:03:15.435+0000] {dag.py:3036} INFO - Sync 1 DAGs
[2026-04-18T22:03:15.448+0000] {logging_mixin.py:188} INFO - [2026-04-18T22:03:15.448+0000] {dag.py:3823} INFO - Setting next_dagrun for example_params_ui_tutorial to None, run_after=None
[2026-04-18T22:03:15.469+0000] {processor.py:183} INFO - Processing /home/airflow/.local/lib/python3.8/site-packages/airflow/example_dags/example_params_ui_tutorial.py took 0.138 seconds
[2026-04-18T22:03:45.641+0000] {processor.py:161} INFO - Started process (PID=12551) to work on /home/airflow/.local/lib/python3.8/site-packages/airflow/example_dags/example_params_ui_tutorial.py
[2026-04-18T22:03:45.642+0000] {processor.py:830} INFO - Processing file /home/airflow/.local/lib/python3.8/site-packages/airflow/example_dags/example_params_ui_tutorial.py for tasks to queue
[2026-04-18T22:03:45.644+0000] {logging_mixin.py:188} INFO - [2026-04-18T22:03:45.643+0000] {dagbag.py:538} INFO - Filling up the DagBag from /home/airflow/.local/lib/python3.8/site-packages/airflow/example_dags/example_params_ui_tutorial.py
[2026-04-18T22:03:45.656+0000] {processor.py:840} INFO - DAG(s) 'example_params_ui_tutorial' retrieved from /home/airflow/.local/lib/python3.8/site-packages/airflow/example_dags/example_params_ui_tutorial.py
[2026-04-18T22:03:45.728+0000] {logging_mixin.py:188} INFO - [2026-04-18T22:03:45.728+0000] {dag.py:3036} INFO - Sync 1 DAGs
[2026-04-18T22:03:45.747+0000] {logging_mixin.py:188} INFO - [2026-04-18T22:03:45.747+0000] {dag.py:3823} INFO - Setting next_dagrun for example_params_ui_tutorial to None, run_after=None
[2026-04-18T22:03:45.783+0000] {processor.py:183} INFO - Processing /home/airflow/.local/lib/python3.8/site-packages/airflow/example_dags/example_params_ui_tutorial.py took 0.146 seconds
[2026-04-18T22:04:16.359+0000] {processor.py:161} INFO - Started process (PID=12608) to work on /home/airflow/.local/lib/python3.8/site-packages/airflow/example_dags/example_params_ui_tutorial.py
[2026-04-18T22:04:16.361+0000] {processor.py:830} INFO - Processing file /home/airflow/.local/lib/python3.8/site-packages/airflow/example_dags/example_params_ui_tutorial.py for tasks to queue
[2026-04-18T22:04:16.363+0000] {logging_mixin.py:188} INFO - [2026-04-18T22:04:16.362+0000] {dagbag.py:538} INFO - Filling up the DagBag from /home/airflow/.local/lib/python3.8/site-packages/airflow/example_dags/example_params_ui_tutorial.py
[2026-04-18T22:04:16.376+0000] {processor.py:840} INFO - DAG(s) 'example_params_ui_tutorial' retrieved from /home/airflow/.local/lib/python3.8/site-packages/airflow/example_dags/example_params_ui_tutorial.py
[2026-04-18T22:04:16.439+0000] {logging_mixin.py:188} INFO - [2026-04-18T22:04:16.439+0000] {dag.py:3036} INFO - Sync 1 DAGs
[2026-04-18T22:04:16.451+0000] {logging_mixin.py:188} INFO - [2026-04-18T22:04:16.450+0000] {dag.py:3823} INFO - Setting next_dagrun for example_params_ui_tutorial to None, run_after=None
[2026-04-18T22:04:16.473+0000] {processor.py:183} INFO - Processing /home/airflow/.local/lib/python3.8/site-packages/airflow/example_dags/example_params_ui_tutorial.py took 0.119 seconds
[2026-04-18T22:04:46.695+0000] {processor.py:161} INFO - Started process (PID=12665) to work on /home/airflow/.local/lib/python3.8/site-packages/airflow/example_dags/example_params_ui_tutorial.py
[2026-04-18T22:04:46.697+0000] {processor.py:830} INFO - Processing file /home/airflow/.local/lib/python3.8/site-packages/airflow/example_dags/example_params_ui_tutorial.py for tasks to queue
[2026-04-18T22:04:46.700+0000] {logging_mixin.py:188} INFO - [2026-04-18T22:04:46.700+0000] {dagbag.py:538} INFO - Filling up the DagBag from /home/airflow/.local/lib/python3.8/site-packages/airflow/example_dags/example_params_ui_tutorial.py
[2026-04-18T22:04:46.714+0000] {processor.py:840} INFO - DAG(s) 'example_params_ui_tutorial' retrieved from /home/airflow/.local/lib/python3.8/site-packages/airflow/example_dags/example_params_ui_tutorial.py
[2026-04-18T22:04:46.771+0000] {logging_mixin.py:188} INFO - [2026-04-18T22:04:46.771+0000] {dag.py:3036} INFO - Sync 1 DAGs
[2026-04-18T22:04:46.785+0000] {logging_mixin.py:188} INFO - [2026-04-18T22:04:46.784+0000] {dag.py:3823} INFO - Setting next_dagrun for example_params_ui_tutorial to None, run_after=None
[2026-04-18T22:04:46.809+0000] {processor.py:183} INFO - Processing /home/airflow/.local/lib/python3.8/site-packages/airflow/example_dags/example_params_ui_tutorial.py took 0.118 seconds
[2026-04-18T22:05:16.884+0000] {processor.py:161} INFO - Started process (PID=12722) to work on /home/airflow/.local/lib/python3.8/site-packages/airflow/example_dags/example_params_ui_tutorial.py
[2026-04-18T22:05:16.885+0000] {processor.py:830} INFO - Processing file /home/airflow/.local/lib/python3.8/site-packages/airflow/example_dags/example_params_ui_tutorial.py for tasks to queue
[2026-04-18T22:05:16.888+0000] {logging_mixin.py:188} INFO - [2026-04-18T22:05:16.888+0000] {dagbag.py:538} INFO - Filling up the DagBag from /home/airflow/.local/lib/python3.8/site-packages/airflow/example_dags/example_params_ui_tutorial.py
[2026-04-18T22:05:16.902+0000] {processor.py:840} INFO - DAG(s) 'example_params_ui_tutorial' retrieved from /home/airflow/.local/lib/python3.8/site-packages/airflow/example_dags/example_params_ui_tutorial.py
[2026-04-18T22:05:16.959+0000] {logging_mixin.py:188} INFO - [2026-04-18T22:05:16.958+0000] {dag.py:3036} INFO - Sync 1 DAGs
[2026-04-18T22:05:16.971+0000] {logging_mixin.py:188} INFO - [2026-04-18T22:05:16.971+0000] {dag.py:3823} INFO - Setting next_dagrun for example_params_ui_tutorial to None, run_after=None
[2026-04-18T22:05:16.992+0000] {processor.py:183} INFO - Processing /home/airflow/.local/lib/python3.8/site-packages/airflow/example_dags/example_params_ui_tutorial.py took 0.113 seconds
[2026-04-18T22:05:47.113+0000] {processor.py:161} INFO - Started process (PID=12779) to work on /home/airflow/.local/lib/python3.8/site-packages/airflow/example_dags/example_params_ui_tutorial.py
[2026-04-18T22:05:47.115+0000] {processor.py:830} INFO - Processing file /home/airflow/.local/lib/python3.8/site-packages/airflow/example_dags/example_params_ui_tutorial.py for tasks to queue
[2026-04-18T22:05:47.117+0000] {logging_mixin.py:188} INFO - [2026-04-18T22:05:47.116+0000] {dagbag.py:538} INFO - Filling up the DagBag from /home/airflow/.local/lib/python3.8/site-packages/airflow/example_dags/example_params_ui_tutorial.py
[2026-04-18T22:05:47.128+0000] {processor.py:840} INFO - DAG(s) 'example_params_ui_tutorial' retrieved from /home/airflow/.local/lib/python3.8/site-packages/airflow/example_dags/example_params_ui_tutorial.py
[2026-04-18T22:05:47.189+0000] {logging_mixin.py:188} INFO - [2026-04-18T22:05:47.189+0000] {dag.py:3036} INFO - Sync 1 DAGs
[2026-04-18T22:05:47.208+0000] {logging_mixin.py:188} INFO - [2026-04-18T22:05:47.208+0000] {dag.py:3823} INFO - Setting next_dagrun for example_params_ui_tutorial to None, run_after=None
[2026-04-18T22:05:47.236+0000] {processor.py:183} INFO - Processing /home/airflow/.local/lib/python3.8/site-packages/airflow/example_dags/example_params_ui_tutorial.py took 0.126 seconds
[2026-04-18T22:06:17.970+0000] {processor.py:161} INFO - Started process (PID=12836) to work on /home/airflow/.local/lib/python3.8/site-packages/airflow/example_dags/example_params_ui_tutorial.py
[2026-04-18T22:06:17.972+0000] {processor.py:830} INFO - Processing file /home/airflow/.local/lib/python3.8/site-packages/airflow/example_dags/example_params_ui_tutorial.py for tasks to queue
[2026-04-18T22:06:17.974+0000] {logging_mixin.py:188} INFO - [2026-04-18T22:06:17.974+0000] {dagbag.py:538} INFO - Filling up the DagBag from /home/airflow/.local/lib/python3.8/site-packages/airflow/example_dags/example_params_ui_tutorial.py
[2026-04-18T22:06:17.987+0000] {processor.py:840} INFO - DAG(s) 'example_params_ui_tutorial' retrieved from /home/airflow/.local/lib/python3.8/site-packages/airflow/example_dags/example_params_ui_tutorial.py
[2026-04-18T22:06:18.053+0000] {logging_mixin.py:188} INFO - [2026-04-18T22:06:18.053+0000] {dag.py:3036} INFO - Sync 1 DAGs
[2026-04-18T22:06:18.065+0000] {logging_mixin.py:188} INFO - [2026-04-18T22:06:18.065+0000] {dag.py:3823} INFO - Setting next_dagrun for example_params_ui_tutorial to None, run_after=None
[2026-04-18T22:06:18.087+0000] {processor.py:183} INFO - Processing /home/airflow/.local/lib/python3.8/site-packages/airflow/example_dags/example_params_ui_tutorial.py took 0.121 seconds
[2026-04-18T22:06:48.249+0000] {processor.py:161} INFO - Started process (PID=12893) to work on /home/airflow/.local/lib/python3.8/site-packages/airflow/example_dags/example_params_ui_tutorial.py
[2026-04-18T22:06:48.251+0000] {processor.py:830} INFO - Processing file /home/airflow/.local/lib/python3.8/site-packages/airflow/example_dags/example_params_ui_tutorial.py for tasks to queue
[2026-04-18T22:06:48.253+0000] {logging_mixin.py:188} INFO - [2026-04-18T22:06:48.253+0000] {dagbag.py:538} INFO - Filling up the DagBag from /home/airflow/.local/lib/python3.8/site-packages/airflow/example_dags/example_params_ui_tutorial.py
[2026-04-18T22:06:48.273+0000] {processor.py:840} INFO - DAG(s) 'example_params_ui_tutorial' retrieved from /home/airflow/.local/lib/python3.8/site-packages/airflow/example_dags/example_params_ui_tutorial.py
[2026-04-18T22:06:48.343+0000] {logging_mixin.py:188} INFO - [2026-04-18T22:06:48.342+0000] {dag.py:3036} INFO - Sync 1 DAGs
[2026-04-18T22:06:48.354+0000] {logging_mixin.py:188} INFO - [2026-04-18T22:06:48.354+0000] {dag.py:3823} INFO - Setting next_dagrun for example_params_ui_tutorial to None, run_after=None
[2026-04-18T22:06:48.375+0000] {processor.py:183} INFO - Processing /home/airflow/.local/lib/python3.8/site-packages/airflow/example_dags/example_params_ui_tutorial.py took 0.130 seconds
[2026-04-18T22:07:18.882+0000] {processor.py:161} INFO - Started process (PID=12950) to work on /home/airflow/.local/lib/python3.8/site-packages/airflow/example_dags/example_params_ui_tutorial.py
[2026-04-18T22:07:18.883+0000] {processor.py:830} INFO - Processing file /home/airflow/.local/lib/python3.8/site-packages/airflow/example_dags/example_params_ui_tutorial.py for tasks to queue
[2026-04-18T22:07:18.886+0000] {logging_mixin.py:188} INFO - [2026-04-18T22:07:18.886+0000] {dagbag.py:538} INFO - Filling up the DagBag from /home/airflow/.local/lib/python3.8/site-packages/airflow/example_dags/example_params_ui_tutorial.py
[2026-04-18T22:07:18.907+0000] {processor.py:840} INFO - DAG(s) 'example_params_ui_tutorial' retrieved from /home/airflow/.local/lib/python3.8/site-packages/airflow/example_dags/example_params_ui_tutorial.py
[2026-04-18T22:07:18.990+0000] {logging_mixin.py:188} INFO - [2026-04-18T22:07:18.989+0000] {dag.py:3036} INFO - Sync 1 DAGs
[2026-04-18T22:07:19.011+0000] {logging_mixin.py:188} INFO - [2026-04-18T22:07:19.011+0000] {dag.py:3823} INFO - Setting next_dagrun for example_params_ui_tutorial to None, run_after=None
[2026-04-18T22:07:19.038+0000] {processor.py:183} INFO - Processing /home/airflow/.local/lib/python3.8/site-packages/airflow/example_dags/example_params_ui_tutorial.py took 0.160 seconds
[2026-04-18T22:07:49.260+0000] {processor.py:161} INFO - Started process (PID=13007) to work on /home/airflow/.local/lib/python3.8/site-packages/airflow/example_dags/example_params_ui_tutorial.py
[2026-04-18T22:07:49.262+0000] {processor.py:830} INFO - Processing file /home/airflow/.local/lib/python3.8/site-packages/airflow/example_dags/example_params_ui_tutorial.py for tasks to queue
[2026-04-18T22:07:49.264+0000] {logging_mixin.py:188} INFO - [2026-04-18T22:07:49.264+0000] {dagbag.py:538} INFO - Filling up the DagBag from /home/airflow/.local/lib/python3.8/site-packages/airflow/example_dags/example_params_ui_tutorial.py
[2026-04-18T22:07:49.277+0000] {processor.py:840} INFO - DAG(s) 'example_params_ui_tutorial' retrieved from /home/airflow/.local/lib/python3.8/site-packages/airflow/example_dags/example_params_ui_tutorial.py
[2026-04-18T22:07:49.344+0000] {logging_mixin.py:188} INFO - [2026-04-18T22:07:49.344+0000] {dag.py:3036} INFO - Sync 1 DAGs
[2026-04-18T22:07:49.358+0000] {logging_mixin.py:188} INFO - [2026-04-18T22:07:49.358+0000] {dag.py:3823} INFO - Setting next_dagrun for example_params_ui_tutorial to None, run_after=None
[2026-04-18T22:07:49.380+0000] {processor.py:183} INFO - Processing /home/airflow/.local/lib/python3.8/site-packages/airflow/example_dags/example_params_ui_tutorial.py took 0.125 seconds
[2026-04-18T22:08:19.504+0000] {processor.py:161} INFO - Started process (PID=13064) to work on /home/airflow/.local/lib/python3.8/site-packages/airflow/example_dags/example_params_ui_tutorial.py
[2026-04-18T22:08:19.506+0000] {processor.py:830} INFO - Processing file /home/airflow/.local/lib/python3.8/site-packages/airflow/example_dags/example_params_ui_tutorial.py for tasks to queue
[2026-04-18T22:08:19.508+0000] {logging_mixin.py:188} INFO - [2026-04-18T22:08:19.507+0000] {dagbag.py:538} INFO - Filling up the DagBag from /home/airflow/.local/lib/python3.8/site-packages/airflow/example_dags/example_params_ui_tutorial.py
[2026-04-18T22:08:19.530+0000] {processor.py:840} INFO - DAG(s) 'example_params_ui_tutorial' retrieved from /home/airflow/.local/lib/python3.8/site-packages/airflow/example_dags/example_params_ui_tutorial.py
[2026-04-18T22:08:19.632+0000] {logging_mixin.py:188} INFO - [2026-04-18T22:08:19.631+0000] {dag.py:3036} INFO - Sync 1 DAGs
[2026-04-18T22:08:19.649+0000] {logging_mixin.py:188} INFO - [2026-04-18T22:08:19.649+0000] {dag.py:3823} INFO - Setting next_dagrun for example_params_ui_tutorial to None, run_after=None
[2026-04-18T22:08:19.674+0000] {processor.py:183} INFO - Processing /home/airflow/.local/lib/python3.8/site-packages/airflow/example_dags/example_params_ui_tutorial.py took 0.175 seconds
[2026-04-18T22:08:50.077+0000] {processor.py:161} INFO - Started process (PID=13119) to work on /home/airflow/.local/lib/python3.8/site-packages/airflow/example_dags/example_params_ui_tutorial.py
[2026-04-18T22:08:50.079+0000] {processor.py:830} INFO - Processing file /home/airflow/.local/lib/python3.8/site-packages/airflow/example_dags/example_params_ui_tutorial.py for tasks to queue
[2026-04-18T22:08:50.081+0000] {logging_mixin.py:188} INFO - [2026-04-18T22:08:50.081+0000] {dagbag.py:538} INFO - Filling up the DagBag from /home/airflow/.local/lib/python3.8/site-packages/airflow/example_dags/example_params_ui_tutorial.py
[2026-04-18T22:08:50.099+0000] {processor.py:840} INFO - DAG(s) 'example_params_ui_tutorial' retrieved from /home/airflow/.local/lib/python3.8/site-packages/airflow/example_dags/example_params_ui_tutorial.py
[2026-04-18T22:08:50.204+0000] {logging_mixin.py:188} INFO - [2026-04-18T22:08:50.203+0000] {dag.py:3036} INFO - Sync 1 DAGs
[2026-04-18T22:08:50.228+0000] {logging_mixin.py:188} INFO - [2026-04-18T22:08:50.228+0000] {dag.py:3823} INFO - Setting next_dagrun for example_params_ui_tutorial to None, run_after=None
[2026-04-18T22:08:50.259+0000] {processor.py:183} INFO - Processing /home/airflow/.local/lib/python3.8/site-packages/airflow/example_dags/example_params_ui_tutorial.py took 0.189 seconds
[2026-04-18T22:09:20.890+0000] {processor.py:161} INFO - Started process (PID=13176) to work on /home/airflow/.local/lib/python3.8/site-packages/airflow/example_dags/example_params_ui_tutorial.py
[2026-04-18T22:09:20.893+0000] {processor.py:830} INFO - Processing file /home/airflow/.local/lib/python3.8/site-packages/airflow/example_dags/example_params_ui_tutorial.py for tasks to queue
[2026-04-18T22:09:20.899+0000] {logging_mixin.py:188} INFO - [2026-04-18T22:09:20.899+0000] {dagbag.py:538} INFO - Filling up the DagBag from /home/airflow/.local/lib/python3.8/site-packages/airflow/example_dags/example_params_ui_tutorial.py
[2026-04-18T22:09:20.922+0000] {processor.py:840} INFO - DAG(s) 'example_params_ui_tutorial' retrieved from /home/airflow/.local/lib/python3.8/site-packages/airflow/example_dags/example_params_ui_tutorial.py
[2026-04-18T22:09:21.000+0000] {logging_mixin.py:188} INFO - [2026-04-18T22:09:21.000+0000] {dag.py:3036} INFO - Sync 1 DAGs
[2026-04-18T22:09:21.016+0000] {logging_mixin.py:188} INFO - [2026-04-18T22:09:21.015+0000] {dag.py:3823} INFO - Setting next_dagrun for example_params_ui_tutorial to None, run_after=None
[2026-04-18T22:09:21.039+0000] {processor.py:183} INFO - Processing /home/airflow/.local/lib/python3.8/site-packages/airflow/example_dags/example_params_ui_tutorial.py took 0.154 seconds
[2026-04-18T22:09:51.142+0000] {processor.py:161} INFO - Started process (PID=13233) to work on /home/airflow/.local/lib/python3.8/site-packages/airflow/example_dags/example_params_ui_tutorial.py
[2026-04-18T22:09:51.144+0000] {processor.py:830} INFO - Processing file /home/airflow/.local/lib/python3.8/site-packages/airflow/example_dags/example_params_ui_tutorial.py for tasks to queue
[2026-04-18T22:09:51.147+0000] {logging_mixin.py:188} INFO - [2026-04-18T22:09:51.146+0000] {dagbag.py:538} INFO - Filling up the DagBag from /home/airflow/.local/lib/python3.8/site-packages/airflow/example_dags/example_params_ui_tutorial.py
[2026-04-18T22:09:51.167+0000] {processor.py:840} INFO - DAG(s) 'example_params_ui_tutorial' retrieved from /home/airflow/.local/lib/python3.8/site-packages/airflow/example_dags/example_params_ui_tutorial.py
[2026-04-18T22:09:51.259+0000] {logging_mixin.py:188} INFO - [2026-04-18T22:09:51.259+0000] {dag.py:3036} INFO - Sync 1 DAGs
[2026-04-18T22:09:51.271+0000] {logging_mixin.py:188} INFO - [2026-04-18T22:09:51.271+0000] {dag.py:3823} INFO - Setting next_dagrun for example_params_ui_tutorial to None, run_after=None
[2026-04-18T22:09:51.294+0000] {processor.py:183} INFO - Processing /home/airflow/.local/lib/python3.8/site-packages/airflow/example_dags/example_params_ui_tutorial.py took 0.158 seconds
[2026-04-18T22:10:22.229+0000] {processor.py:161} INFO - Started process (PID=13290) to work on /home/airflow/.local/lib/python3.8/site-packages/airflow/example_dags/example_params_ui_tutorial.py
[2026-04-18T22:10:22.230+0000] {processor.py:830} INFO - Processing file /home/airflow/.local/lib/python3.8/site-packages/airflow/example_dags/example_params_ui_tutorial.py for tasks to queue
[2026-04-18T22:10:22.232+0000] {logging_mixin.py:188} INFO - [2026-04-18T22:10:22.232+0000] {dagbag.py:538} INFO - Filling up the DagBag from /home/airflow/.local/lib/python3.8/site-packages/airflow/example_dags/example_params_ui_tutorial.py
[2026-04-18T22:10:22.249+0000] {processor.py:840} INFO - DAG(s) 'example_params_ui_tutorial' retrieved from /home/airflow/.local/lib/python3.8/site-packages/airflow/example_dags/example_params_ui_tutorial.py
[2026-04-18T22:10:22.322+0000] {logging_mixin.py:188} INFO - [2026-04-18T22:10:22.322+0000] {dag.py:3036} INFO - Sync 1 DAGs
[2026-04-18T22:10:22.337+0000] {logging_mixin.py:188} INFO - [2026-04-18T22:10:22.337+0000] {dag.py:3823} INFO - Setting next_dagrun for example_params_ui_tutorial to None, run_after=None
[2026-04-18T22:10:22.364+0000] {processor.py:183} INFO - Processing /home/airflow/.local/lib/python3.8/site-packages/airflow/example_dags/example_params_ui_tutorial.py took 0.142 seconds
[2026-04-18T22:10:53.404+0000] {processor.py:161} INFO - Started process (PID=13347) to work on /home/airflow/.local/lib/python3.8/site-packages/airflow/example_dags/example_params_ui_tutorial.py
[2026-04-18T22:10:53.407+0000] {processor.py:830} INFO - Processing file /home/airflow/.local/lib/python3.8/site-packages/airflow/example_dags/example_params_ui_tutorial.py for tasks to queue
[2026-04-18T22:10:53.409+0000] {logging_mixin.py:188} INFO - [2026-04-18T22:10:53.409+0000] {dagbag.py:538} INFO - Filling up the DagBag from /home/airflow/.local/lib/python3.8/site-packages/airflow/example_dags/example_params_ui_tutorial.py
[2026-04-18T22:10:53.426+0000] {processor.py:840} INFO - DAG(s) 'example_params_ui_tutorial' retrieved from /home/airflow/.local/lib/python3.8/site-packages/airflow/example_dags/example_params_ui_tutorial.py
[2026-04-18T22:10:53.526+0000] {logging_mixin.py:188} INFO - [2026-04-18T22:10:53.525+0000] {dag.py:3036} INFO - Sync 1 DAGs
[2026-04-18T22:10:53.548+0000] {logging_mixin.py:188} INFO - [2026-04-18T22:10:53.547+0000] {dag.py:3823} INFO - Setting next_dagrun for example_params_ui_tutorial to None, run_after=None
[2026-04-18T22:10:53.574+0000] {processor.py:183} INFO - Processing /home/airflow/.local/lib/python3.8/site-packages/airflow/example_dags/example_params_ui_tutorial.py took 0.174 seconds
[2026-04-18T22:11:23.739+0000] {processor.py:161} INFO - Started process (PID=13404) to work on /home/airflow/.local/lib/python3.8/site-packages/airflow/example_dags/example_params_ui_tutorial.py
[2026-04-18T22:11:23.742+0000] {processor.py:830} INFO - Processing file /home/airflow/.local/lib/python3.8/site-packages/airflow/example_dags/example_params_ui_tutorial.py for tasks to queue
[2026-04-18T22:11:23.744+0000] {logging_mixin.py:188} INFO - [2026-04-18T22:11:23.744+0000] {dagbag.py:538} INFO - Filling up the DagBag from /home/airflow/.local/lib/python3.8/site-packages/airflow/example_dags/example_params_ui_tutorial.py
[2026-04-18T22:11:23.761+0000] {processor.py:840} INFO - DAG(s) 'example_params_ui_tutorial' retrieved from /home/airflow/.local/lib/python3.8/site-packages/airflow/example_dags/example_params_ui_tutorial.py
[2026-04-18T22:11:23.820+0000] {logging_mixin.py:188} INFO - [2026-04-18T22:11:23.820+0000] {dag.py:3036} INFO - Sync 1 DAGs
[2026-04-18T22:11:23.834+0000] {logging_mixin.py:188} INFO - [2026-04-18T22:11:23.834+0000] {dag.py:3823} INFO - Setting next_dagrun for example_params_ui_tutorial to None, run_after=None
[2026-04-18T22:11:23.861+0000] {processor.py:183} INFO - Processing /home/airflow/.local/lib/python3.8/site-packages/airflow/example_dags/example_params_ui_tutorial.py took 0.127 seconds
[2026-04-18T22:11:54.384+0000] {processor.py:161} INFO - Started process (PID=13462) to work on /home/airflow/.local/lib/python3.8/site-packages/airflow/example_dags/example_params_ui_tutorial.py
[2026-04-18T22:11:54.385+0000] {processor.py:830} INFO - Processing file /home/airflow/.local/lib/python3.8/site-packages/airflow/example_dags/example_params_ui_tutorial.py for tasks to queue
[2026-04-18T22:11:54.387+0000] {logging_mixin.py:188} INFO - [2026-04-18T22:11:54.386+0000] {dagbag.py:538} INFO - Filling up the DagBag from /home/airflow/.local/lib/python3.8/site-packages/airflow/example_dags/example_params_ui_tutorial.py
[2026-04-18T22:11:54.399+0000] {processor.py:840} INFO - DAG(s) 'example_params_ui_tutorial' retrieved from /home/airflow/.local/lib/python3.8/site-packages/airflow/example_dags/example_params_ui_tutorial.py
[2026-04-18T22:11:54.455+0000] {logging_mixin.py:188} INFO - [2026-04-18T22:11:54.455+0000] {dag.py:3036} INFO - Sync 1 DAGs
[2026-04-18T22:11:54.466+0000] {logging_mixin.py:188} INFO - [2026-04-18T22:11:54.466+0000] {dag.py:3823} INFO - Setting next_dagrun for example_params_ui_tutorial to None, run_after=None
[2026-04-18T22:11:54.488+0000] {processor.py:183} INFO - Processing /home/airflow/.local/lib/python3.8/site-packages/airflow/example_dags/example_params_ui_tutorial.py took 0.108 seconds
[2026-04-18T22:12:25.139+0000] {processor.py:161} INFO - Started process (PID=13519) to work on /home/airflow/.local/lib/python3.8/site-packages/airflow/example_dags/example_params_ui_tutorial.py
[2026-04-18T22:12:25.140+0000] {processor.py:830} INFO - Processing file /home/airflow/.local/lib/python3.8/site-packages/airflow/example_dags/example_params_ui_tutorial.py for tasks to queue
[2026-04-18T22:12:25.142+0000] {logging_mixin.py:188} INFO - [2026-04-18T22:12:25.142+0000] {dagbag.py:538} INFO - Filling up the DagBag from /home/airflow/.local/lib/python3.8/site-packages/airflow/example_dags/example_params_ui_tutorial.py
[2026-04-18T22:12:25.154+0000] {processor.py:840} INFO - DAG(s) 'example_params_ui_tutorial' retrieved from /home/airflow/.local/lib/python3.8/site-packages/airflow/example_dags/example_params_ui_tutorial.py
[2026-04-18T22:12:25.211+0000] {logging_mixin.py:188} INFO - [2026-04-18T22:12:25.210+0000] {dag.py:3036} INFO - Sync 1 DAGs
[2026-04-18T22:12:25.231+0000] {logging_mixin.py:188} INFO - [2026-04-18T22:12:25.231+0000] {dag.py:3823} INFO - Setting next_dagrun for example_params_ui_tutorial to None, run_after=None
[2026-04-18T22:12:25.265+0000] {processor.py:183} INFO - Processing /home/airflow/.local/lib/python3.8/site-packages/airflow/example_dags/example_params_ui_tutorial.py took 0.130 seconds
[2026-04-18T22:12:56.235+0000] {processor.py:161} INFO - Started process (PID=13576) to work on /home/airflow/.local/lib/python3.8/site-packages/airflow/example_dags/example_params_ui_tutorial.py
[2026-04-18T22:12:56.237+0000] {processor.py:830} INFO - Processing file /home/airflow/.local/lib/python3.8/site-packages/airflow/example_dags/example_params_ui_tutorial.py for tasks to queue
[2026-04-18T22:12:56.240+0000] {logging_mixin.py:188} INFO - [2026-04-18T22:12:56.240+0000] {dagbag.py:538} INFO - Filling up the DagBag from /home/airflow/.local/lib/python3.8/site-packages/airflow/example_dags/example_params_ui_tutorial.py
[2026-04-18T22:12:56.254+0000] {processor.py:840} INFO - DAG(s) 'example_params_ui_tutorial' retrieved from /home/airflow/.local/lib/python3.8/site-packages/airflow/example_dags/example_params_ui_tutorial.py
[2026-04-18T22:12:56.314+0000] {logging_mixin.py:188} INFO - [2026-04-18T22:12:56.314+0000] {dag.py:3036} INFO - Sync 1 DAGs
[2026-04-18T22:12:56.325+0000] {logging_mixin.py:188} INFO - [2026-04-18T22:12:56.325+0000] {dag.py:3823} INFO - Setting next_dagrun for example_params_ui_tutorial to None, run_after=None
[2026-04-18T22:12:56.350+0000] {processor.py:183} INFO - Processing /home/airflow/.local/lib/python3.8/site-packages/airflow/example_dags/example_params_ui_tutorial.py took 0.120 seconds
[2026-04-18T22:13:26.975+0000] {processor.py:161} INFO - Started process (PID=13633) to work on /home/airflow/.local/lib/python3.8/site-packages/airflow/example_dags/example_params_ui_tutorial.py
[2026-04-18T22:13:26.976+0000] {processor.py:830} INFO - Processing file /home/airflow/.local/lib/python3.8/site-packages/airflow/example_dags/example_params_ui_tutorial.py for tasks to queue
[2026-04-18T22:13:26.980+0000] {logging_mixin.py:188} INFO - [2026-04-18T22:13:26.979+0000] {dagbag.py:538} INFO - Filling up the DagBag from /home/airflow/.local/lib/python3.8/site-packages/airflow/example_dags/example_params_ui_tutorial.py
[2026-04-18T22:13:26.998+0000] {processor.py:840} INFO - DAG(s) 'example_params_ui_tutorial' retrieved from /home/airflow/.local/lib/python3.8/site-packages/airflow/example_dags/example_params_ui_tutorial.py
[2026-04-18T22:13:27.093+0000] {logging_mixin.py:188} INFO - [2026-04-18T22:13:27.093+0000] {dag.py:3036} INFO - Sync 1 DAGs
[2026-04-18T22:13:27.111+0000] {logging_mixin.py:188} INFO - [2026-04-18T22:13:27.111+0000] {dag.py:3823} INFO - Setting next_dagrun for example_params_ui_tutorial to None, run_after=None
[2026-04-18T22:13:27.150+0000] {processor.py:183} INFO - Processing /home/airflow/.local/lib/python3.8/site-packages/airflow/example_dags/example_params_ui_tutorial.py took 0.180 seconds
[2026-04-18T22:13:57.938+0000] {processor.py:161} INFO - Started process (PID=13690) to work on /home/airflow/.local/lib/python3.8/site-packages/airflow/example_dags/example_params_ui_tutorial.py
[2026-04-18T22:13:57.940+0000] {processor.py:830} INFO - Processing file /home/airflow/.local/lib/python3.8/site-packages/airflow/example_dags/example_params_ui_tutorial.py for tasks to queue
[2026-04-18T22:13:57.942+0000] {logging_mixin.py:188} INFO - [2026-04-18T22:13:57.942+0000] {dagbag.py:538} INFO - Filling up the DagBag from /home/airflow/.local/lib/python3.8/site-packages/airflow/example_dags/example_params_ui_tutorial.py
[2026-04-18T22:13:57.954+0000] {processor.py:840} INFO - DAG(s) 'example_params_ui_tutorial' retrieved from /home/airflow/.local/lib/python3.8/site-packages/airflow/example_dags/example_params_ui_tutorial.py
[2026-04-18T22:13:58.012+0000] {logging_mixin.py:188} INFO - [2026-04-18T22:13:58.012+0000] {dag.py:3036} INFO - Sync 1 DAGs
[2026-04-18T22:13:58.024+0000] {logging_mixin.py:188} INFO - [2026-04-18T22:13:58.023+0000] {dag.py:3823} INFO - Setting next_dagrun for example_params_ui_tutorial to None, run_after=None
[2026-04-18T22:13:58.046+0000] {processor.py:183} INFO - Processing /home/airflow/.local/lib/python3.8/site-packages/airflow/example_dags/example_params_ui_tutorial.py took 0.112 seconds
[2026-04-18T22:14:28.785+0000] {processor.py:161} INFO - Started process (PID=13747) to work on /home/airflow/.local/lib/python3.8/site-packages/airflow/example_dags/example_params_ui_tutorial.py
[2026-04-18T22:14:28.787+0000] {processor.py:830} INFO - Processing file /home/airflow/.local/lib/python3.8/site-packages/airflow/example_dags/example_params_ui_tutorial.py for tasks to queue
[2026-04-18T22:14:28.790+0000] {logging_mixin.py:188} INFO - [2026-04-18T22:14:28.790+0000] {dagbag.py:538} INFO - Filling up the DagBag from /home/airflow/.local/lib/python3.8/site-packages/airflow/example_dags/example_params_ui_tutorial.py
[2026-04-18T22:14:28.807+0000] {processor.py:840} INFO - DAG(s) 'example_params_ui_tutorial' retrieved from /home/airflow/.local/lib/python3.8/site-packages/airflow/example_dags/example_params_ui_tutorial.py
[2026-04-18T22:14:28.868+0000] {logging_mixin.py:188} INFO - [2026-04-18T22:14:28.867+0000] {dag.py:3036} INFO - Sync 1 DAGs
[2026-04-18T22:14:28.881+0000] {logging_mixin.py:188} INFO - [2026-04-18T22:14:28.881+0000] {dag.py:3823} INFO - Setting next_dagrun for example_params_ui_tutorial to None, run_after=None
[2026-04-18T22:14:28.908+0000] {processor.py:183} INFO - Processing /home/airflow/.local/lib/python3.8/site-packages/airflow/example_dags/example_params_ui_tutorial.py took 0.127 seconds
[2026-04-18T22:14:59.026+0000] {processor.py:161} INFO - Started process (PID=13804) to work on /home/airflow/.local/lib/python3.8/site-packages/airflow/example_dags/example_params_ui_tutorial.py
[2026-04-18T22:14:59.027+0000] {processor.py:830} INFO - Processing file /home/airflow/.local/lib/python3.8/site-packages/airflow/example_dags/example_params_ui_tutorial.py for tasks to queue
[2026-04-18T22:14:59.030+0000] {logging_mixin.py:188} INFO - [2026-04-18T22:14:59.029+0000] {dagbag.py:538} INFO - Filling up the DagBag from /home/airflow/.local/lib/python3.8/site-packages/airflow/example_dags/example_params_ui_tutorial.py
[2026-04-18T22:14:59.043+0000] {processor.py:840} INFO - DAG(s) 'example_params_ui_tutorial' retrieved from /home/airflow/.local/lib/python3.8/site-packages/airflow/example_dags/example_params_ui_tutorial.py
[2026-04-18T22:14:59.099+0000] {logging_mixin.py:188} INFO - [2026-04-18T22:14:59.098+0000] {dag.py:3036} INFO - Sync 1 DAGs
[2026-04-18T22:14:59.110+0000] {logging_mixin.py:188} INFO - [2026-04-18T22:14:59.110+0000] {dag.py:3823} INFO - Setting next_dagrun for example_params_ui_tutorial to None, run_after=None
[2026-04-18T22:14:59.131+0000] {processor.py:183} INFO - Processing /home/airflow/.local/lib/python3.8/site-packages/airflow/example_dags/example_params_ui_tutorial.py took 0.110 seconds
[2026-04-18T22:15:29.301+0000] {processor.py:161} INFO - Started process (PID=13861) to work on /home/airflow/.local/lib/python3.8/site-packages/airflow/example_dags/example_params_ui_tutorial.py
[2026-04-18T22:15:29.302+0000] {processor.py:830} INFO - Processing file /home/airflow/.local/lib/python3.8/site-packages/airflow/example_dags/example_params_ui_tutorial.py for tasks to queue
[2026-04-18T22:15:29.304+0000] {logging_mixin.py:188} INFO - [2026-04-18T22:15:29.304+0000] {dagbag.py:538} INFO - Filling up the DagBag from /home/airflow/.local/lib/python3.8/site-packages/airflow/example_dags/example_params_ui_tutorial.py
[2026-04-18T22:15:29.316+0000] {processor.py:840} INFO - DAG(s) 'example_params_ui_tutorial' retrieved from /home/airflow/.local/lib/python3.8/site-packages/airflow/example_dags/example_params_ui_tutorial.py
[2026-04-18T22:15:29.375+0000] {logging_mixin.py:188} INFO - [2026-04-18T22:15:29.375+0000] {dag.py:3036} INFO - Sync 1 DAGs
[2026-04-18T22:15:29.387+0000] {logging_mixin.py:188} INFO - [2026-04-18T22:15:29.386+0000] {dag.py:3823} INFO - Setting next_dagrun for example_params_ui_tutorial to None, run_after=None
[2026-04-18T22:15:29.411+0000] {processor.py:183} INFO - Processing /home/airflow/.local/lib/python3.8/site-packages/airflow/example_dags/example_params_ui_tutorial.py took 0.114 seconds
[2026-04-18T22:15:59.552+0000] {processor.py:161} INFO - Started process (PID=13918) to work on /home/airflow/.local/lib/python3.8/site-packages/airflow/example_dags/example_params_ui_tutorial.py
[2026-04-18T22:15:59.554+0000] {processor.py:830} INFO - Processing file /home/airflow/.local/lib/python3.8/site-packages/airflow/example_dags/example_params_ui_tutorial.py for tasks to queue
[2026-04-18T22:15:59.558+0000] {logging_mixin.py:188} INFO - [2026-04-18T22:15:59.557+0000] {dagbag.py:538} INFO - Filling up the DagBag from /home/airflow/.local/lib/python3.8/site-packages/airflow/example_dags/example_params_ui_tutorial.py
[2026-04-18T22:15:59.576+0000] {processor.py:840} INFO - DAG(s) 'example_params_ui_tutorial' retrieved from /home/airflow/.local/lib/python3.8/site-packages/airflow/example_dags/example_params_ui_tutorial.py
[2026-04-18T22:15:59.670+0000] {logging_mixin.py:188} INFO - [2026-04-18T22:15:59.669+0000] {dag.py:3036} INFO - Sync 1 DAGs
[2026-04-18T22:15:59.694+0000] {logging_mixin.py:188} INFO - [2026-04-18T22:15:59.693+0000] {dag.py:3823} INFO - Setting next_dagrun for example_params_ui_tutorial to None, run_after=None
[2026-04-18T22:15:59.740+0000] {processor.py:183} INFO - Processing /home/airflow/.local/lib/python3.8/site-packages/airflow/example_dags/example_params_ui_tutorial.py took 0.192 seconds
[2026-04-18T22:16:30.520+0000] {processor.py:161} INFO - Started process (PID=13975) to work on /home/airflow/.local/lib/python3.8/site-packages/airflow/example_dags/example_params_ui_tutorial.py
[2026-04-18T22:16:30.522+0000] {processor.py:830} INFO - Processing file /home/airflow/.local/lib/python3.8/site-packages/airflow/example_dags/example_params_ui_tutorial.py for tasks to queue
[2026-04-18T22:16:30.524+0000] {logging_mixin.py:188} INFO - [2026-04-18T22:16:30.524+0000] {dagbag.py:538} INFO - Filling up the DagBag from /home/airflow/.local/lib/python3.8/site-packages/airflow/example_dags/example_params_ui_tutorial.py
[2026-04-18T22:16:30.540+0000] {processor.py:840} INFO - DAG(s) 'example_params_ui_tutorial' retrieved from /home/airflow/.local/lib/python3.8/site-packages/airflow/example_dags/example_params_ui_tutorial.py
[2026-04-18T22:16:30.619+0000] {logging_mixin.py:188} INFO - [2026-04-18T22:16:30.619+0000] {dag.py:3036} INFO - Sync 1 DAGs
[2026-04-18T22:16:30.632+0000] {logging_mixin.py:188} INFO - [2026-04-18T22:16:30.632+0000] {dag.py:3823} INFO - Setting next_dagrun for example_params_ui_tutorial to None, run_after=None
[2026-04-18T22:16:30.658+0000] {processor.py:183} INFO - Processing /home/airflow/.local/lib/python3.8/site-packages/airflow/example_dags/example_params_ui_tutorial.py took 0.142 seconds
[2026-04-18T22:17:01.192+0000] {processor.py:161} INFO - Started process (PID=14032) to work on /home/airflow/.local/lib/python3.8/site-packages/airflow/example_dags/example_params_ui_tutorial.py
[2026-04-18T22:17:01.194+0000] {processor.py:830} INFO - Processing file /home/airflow/.local/lib/python3.8/site-packages/airflow/example_dags/example_params_ui_tutorial.py for tasks to queue
[2026-04-18T22:17:01.198+0000] {logging_mixin.py:188} INFO - [2026-04-18T22:17:01.197+0000] {dagbag.py:538} INFO - Filling up the DagBag from /home/airflow/.local/lib/python3.8/site-packages/airflow/example_dags/example_params_ui_tutorial.py
[2026-04-18T22:17:01.221+0000] {processor.py:840} INFO - DAG(s) 'example_params_ui_tutorial' retrieved from /home/airflow/.local/lib/python3.8/site-packages/airflow/example_dags/example_params_ui_tutorial.py
[2026-04-18T22:17:01.291+0000] {logging_mixin.py:188} INFO - [2026-04-18T22:17:01.291+0000] {dag.py:3036} INFO - Sync 1 DAGs
[2026-04-18T22:17:01.310+0000] {logging_mixin.py:188} INFO - [2026-04-18T22:17:01.310+0000] {dag.py:3823} INFO - Setting next_dagrun for example_params_ui_tutorial to None, run_after=None
[2026-04-18T22:17:01.355+0000] {processor.py:183} INFO - Processing /home/airflow/.local/lib/python3.8/site-packages/airflow/example_dags/example_params_ui_tutorial.py took 0.167 seconds
[2026-04-18T22:17:31.584+0000] {processor.py:161} INFO - Started process (PID=14089) to work on /home/airflow/.local/lib/python3.8/site-packages/airflow/example_dags/example_params_ui_tutorial.py
[2026-04-18T22:17:31.586+0000] {processor.py:830} INFO - Processing file /home/airflow/.local/lib/python3.8/site-packages/airflow/example_dags/example_params_ui_tutorial.py for tasks to queue
[2026-04-18T22:17:31.590+0000] {logging_mixin.py:188} INFO - [2026-04-18T22:17:31.589+0000] {dagbag.py:538} INFO - Filling up the DagBag from /home/airflow/.local/lib/python3.8/site-packages/airflow/example_dags/example_params_ui_tutorial.py
[2026-04-18T22:17:31.606+0000] {processor.py:840} INFO - DAG(s) 'example_params_ui_tutorial' retrieved from /home/airflow/.local/lib/python3.8/site-packages/airflow/example_dags/example_params_ui_tutorial.py
[2026-04-18T22:17:31.679+0000] {logging_mixin.py:188} INFO - [2026-04-18T22:17:31.679+0000] {dag.py:3036} INFO - Sync 1 DAGs
[2026-04-18T22:17:31.696+0000] {logging_mixin.py:188} INFO - [2026-04-18T22:17:31.696+0000] {dag.py:3823} INFO - Setting next_dagrun for example_params_ui_tutorial to None, run_after=None
[2026-04-18T22:17:31.721+0000] {processor.py:183} INFO - Processing /home/airflow/.local/lib/python3.8/site-packages/airflow/example_dags/example_params_ui_tutorial.py took 0.142 seconds
[2026-04-18T22:18:02.161+0000] {processor.py:161} INFO - Started process (PID=14146) to work on /home/airflow/.local/lib/python3.8/site-packages/airflow/example_dags/example_params_ui_tutorial.py
[2026-04-18T22:18:02.162+0000] {processor.py:830} INFO - Processing file /home/airflow/.local/lib/python3.8/site-packages/airflow/example_dags/example_params_ui_tutorial.py for tasks to queue
[2026-04-18T22:18:02.165+0000] {logging_mixin.py:188} INFO - [2026-04-18T22:18:02.165+0000] {dagbag.py:538} INFO - Filling up the DagBag from /home/airflow/.local/lib/python3.8/site-packages/airflow/example_dags/example_params_ui_tutorial.py
[2026-04-18T22:18:02.179+0000] {processor.py:840} INFO - DAG(s) 'example_params_ui_tutorial' retrieved from /home/airflow/.local/lib/python3.8/site-packages/airflow/example_dags/example_params_ui_tutorial.py
[2026-04-18T22:18:02.257+0000] {logging_mixin.py:188} INFO - [2026-04-18T22:18:02.257+0000] {dag.py:3036} INFO - Sync 1 DAGs
[2026-04-18T22:18:02.272+0000] {logging_mixin.py:188} INFO - [2026-04-18T22:18:02.272+0000] {dag.py:3823} INFO - Setting next_dagrun for example_params_ui_tutorial to None, run_after=None
[2026-04-18T22:18:02.301+0000] {processor.py:183} INFO - Processing /home/airflow/.local/lib/python3.8/site-packages/airflow/example_dags/example_params_ui_tutorial.py took 0.144 seconds
[2026-04-18T22:18:32.396+0000] {processor.py:161} INFO - Started process (PID=14203) to work on /home/airflow/.local/lib/python3.8/site-packages/airflow/example_dags/example_params_ui_tutorial.py
[2026-04-18T22:18:32.399+0000] {processor.py:830} INFO - Processing file /home/airflow/.local/lib/python3.8/site-packages/airflow/example_dags/example_params_ui_tutorial.py for tasks to queue
[2026-04-18T22:18:32.403+0000] {logging_mixin.py:188} INFO - [2026-04-18T22:18:32.402+0000] {dagbag.py:538} INFO - Filling up the DagBag from /home/airflow/.local/lib/python3.8/site-packages/airflow/example_dags/example_params_ui_tutorial.py
[2026-04-18T22:18:32.421+0000] {processor.py:840} INFO - DAG(s) 'example_params_ui_tutorial' retrieved from /home/airflow/.local/lib/python3.8/site-packages/airflow/example_dags/example_params_ui_tutorial.py
[2026-04-18T22:18:32.486+0000] {logging_mixin.py:188} INFO - [2026-04-18T22:18:32.485+0000] {dag.py:3036} INFO - Sync 1 DAGs
[2026-04-18T22:18:32.499+0000] {logging_mixin.py:188} INFO - [2026-04-18T22:18:32.498+0000] {dag.py:3823} INFO - Setting next_dagrun for example_params_ui_tutorial to None, run_after=None
[2026-04-18T22:18:32.526+0000] {processor.py:183} INFO - Processing /home/airflow/.local/lib/python3.8/site-packages/airflow/example_dags/example_params_ui_tutorial.py took 0.136 seconds
[2026-04-18T22:19:03.027+0000] {processor.py:161} INFO - Started process (PID=14266) to work on /home/airflow/.local/lib/python3.8/site-packages/airflow/example_dags/example_params_ui_tutorial.py
[2026-04-18T22:19:03.028+0000] {processor.py:830} INFO - Processing file /home/airflow/.local/lib/python3.8/site-packages/airflow/example_dags/example_params_ui_tutorial.py for tasks to queue
[2026-04-18T22:19:03.034+0000] {logging_mixin.py:188} INFO - [2026-04-18T22:19:03.033+0000] {dagbag.py:538} INFO - Filling up the DagBag from /home/airflow/.local/lib/python3.8/site-packages/airflow/example_dags/example_params_ui_tutorial.py
[2026-04-18T22:19:03.052+0000] {processor.py:840} INFO - DAG(s) 'example_params_ui_tutorial' retrieved from /home/airflow/.local/lib/python3.8/site-packages/airflow/example_dags/example_params_ui_tutorial.py
[2026-04-18T22:19:03.117+0000] {logging_mixin.py:188} INFO - [2026-04-18T22:19:03.117+0000] {dag.py:3036} INFO - Sync 1 DAGs
[2026-04-18T22:19:03.129+0000] {logging_mixin.py:188} INFO - [2026-04-18T22:19:03.129+0000] {dag.py:3823} INFO - Setting next_dagrun for example_params_ui_tutorial to None, run_after=None
[2026-04-18T22:19:03.154+0000] {processor.py:183} INFO - Processing /home/airflow/.local/lib/python3.8/site-packages/airflow/example_dags/example_params_ui_tutorial.py took 0.132 seconds
[2026-04-18T22:19:33.278+0000] {processor.py:161} INFO - Started process (PID=14323) to work on /home/airflow/.local/lib/python3.8/site-packages/airflow/example_dags/example_params_ui_tutorial.py
[2026-04-18T22:19:33.280+0000] {processor.py:830} INFO - Processing file /home/airflow/.local/lib/python3.8/site-packages/airflow/example_dags/example_params_ui_tutorial.py for tasks to queue
[2026-04-18T22:19:33.282+0000] {logging_mixin.py:188} INFO - [2026-04-18T22:19:33.282+0000] {dagbag.py:538} INFO - Filling up the DagBag from /home/airflow/.local/lib/python3.8/site-packages/airflow/example_dags/example_params_ui_tutorial.py
[2026-04-18T22:19:33.295+0000] {processor.py:840} INFO - DAG(s) 'example_params_ui_tutorial' retrieved from /home/airflow/.local/lib/python3.8/site-packages/airflow/example_dags/example_params_ui_tutorial.py
[2026-04-18T22:19:33.363+0000] {logging_mixin.py:188} INFO - [2026-04-18T22:19:33.363+0000] {dag.py:3036} INFO - Sync 1 DAGs
[2026-04-18T22:19:33.375+0000] {logging_mixin.py:188} INFO - [2026-04-18T22:19:33.375+0000] {dag.py:3823} INFO - Setting next_dagrun for example_params_ui_tutorial to None, run_after=None
[2026-04-18T22:19:33.398+0000] {processor.py:183} INFO - Processing /home/airflow/.local/lib/python3.8/site-packages/airflow/example_dags/example_params_ui_tutorial.py took 0.125 seconds
[2026-04-18T22:20:03.759+0000] {processor.py:161} INFO - Started process (PID=14380) to work on /home/airflow/.local/lib/python3.8/site-packages/airflow/example_dags/example_params_ui_tutorial.py
[2026-04-18T22:20:03.761+0000] {processor.py:830} INFO - Processing file /home/airflow/.local/lib/python3.8/site-packages/airflow/example_dags/example_params_ui_tutorial.py for tasks to queue
[2026-04-18T22:20:03.764+0000] {logging_mixin.py:188} INFO - [2026-04-18T22:20:03.763+0000] {dagbag.py:538} INFO - Filling up the DagBag from /home/airflow/.local/lib/python3.8/site-packages/airflow/example_dags/example_params_ui_tutorial.py
[2026-04-18T22:20:03.778+0000] {processor.py:840} INFO - DAG(s) 'example_params_ui_tutorial' retrieved from /home/airflow/.local/lib/python3.8/site-packages/airflow/example_dags/example_params_ui_tutorial.py
[2026-04-18T22:20:03.830+0000] {logging_mixin.py:188} INFO - [2026-04-18T22:20:03.829+0000] {dag.py:3036} INFO - Sync 1 DAGs
[2026-04-18T22:20:03.844+0000] {logging_mixin.py:188} INFO - [2026-04-18T22:20:03.843+0000] {dag.py:3823} INFO - Setting next_dagrun for example_params_ui_tutorial to None, run_after=None
[2026-04-18T22:20:03.867+0000] {processor.py:183} INFO - Processing /home/airflow/.local/lib/python3.8/site-packages/airflow/example_dags/example_params_ui_tutorial.py took 0.112 seconds
[2026-04-18T22:20:34.490+0000] {processor.py:161} INFO - Started process (PID=14437) to work on /home/airflow/.local/lib/python3.8/site-packages/airflow/example_dags/example_params_ui_tutorial.py
[2026-04-18T22:20:34.491+0000] {processor.py:830} INFO - Processing file /home/airflow/.local/lib/python3.8/site-packages/airflow/example_dags/example_params_ui_tutorial.py for tasks to queue
[2026-04-18T22:20:34.494+0000] {logging_mixin.py:188} INFO - [2026-04-18T22:20:34.493+0000] {dagbag.py:538} INFO - Filling up the DagBag from /home/airflow/.local/lib/python3.8/site-packages/airflow/example_dags/example_params_ui_tutorial.py
[2026-04-18T22:20:34.507+0000] {processor.py:840} INFO - DAG(s) 'example_params_ui_tutorial' retrieved from /home/airflow/.local/lib/python3.8/site-packages/airflow/example_dags/example_params_ui_tutorial.py
[2026-04-18T22:20:34.567+0000] {logging_mixin.py:188} INFO - [2026-04-18T22:20:34.567+0000] {dag.py:3036} INFO - Sync 1 DAGs
[2026-04-18T22:20:34.578+0000] {logging_mixin.py:188} INFO - [2026-04-18T22:20:34.578+0000] {dag.py:3823} INFO - Setting next_dagrun for example_params_ui_tutorial to None, run_after=None
[2026-04-18T22:20:34.602+0000] {processor.py:183} INFO - Processing /home/airflow/.local/lib/python3.8/site-packages/airflow/example_dags/example_params_ui_tutorial.py took 0.116 seconds
[2026-04-18T22:21:05.023+0000] {processor.py:161} INFO - Started process (PID=14494) to work on /home/airflow/.local/lib/python3.8/site-packages/airflow/example_dags/example_params_ui_tutorial.py
[2026-04-18T22:21:05.025+0000] {processor.py:830} INFO - Processing file /home/airflow/.local/lib/python3.8/site-packages/airflow/example_dags/example_params_ui_tutorial.py for tasks to queue
[2026-04-18T22:21:05.027+0000] {logging_mixin.py:188} INFO - [2026-04-18T22:21:05.027+0000] {dagbag.py:538} INFO - Filling up the DagBag from /home/airflow/.local/lib/python3.8/site-packages/airflow/example_dags/example_params_ui_tutorial.py
[2026-04-18T22:21:05.039+0000] {processor.py:840} INFO - DAG(s) 'example_params_ui_tutorial' retrieved from /home/airflow/.local/lib/python3.8/site-packages/airflow/example_dags/example_params_ui_tutorial.py
[2026-04-18T22:21:05.098+0000] {logging_mixin.py:188} INFO - [2026-04-18T22:21:05.098+0000] {dag.py:3036} INFO - Sync 1 DAGs
[2026-04-18T22:21:05.109+0000] {logging_mixin.py:188} INFO - [2026-04-18T22:21:05.109+0000] {dag.py:3823} INFO - Setting next_dagrun for example_params_ui_tutorial to None, run_after=None
[2026-04-18T22:21:05.130+0000] {processor.py:183} INFO - Processing /home/airflow/.local/lib/python3.8/site-packages/airflow/example_dags/example_params_ui_tutorial.py took 0.110 seconds
[2026-04-18T22:21:35.604+0000] {processor.py:161} INFO - Started process (PID=14552) to work on /home/airflow/.local/lib/python3.8/site-packages/airflow/example_dags/example_params_ui_tutorial.py
[2026-04-18T22:21:35.605+0000] {processor.py:830} INFO - Processing file /home/airflow/.local/lib/python3.8/site-packages/airflow/example_dags/example_params_ui_tutorial.py for tasks to queue
[2026-04-18T22:21:35.608+0000] {logging_mixin.py:188} INFO - [2026-04-18T22:21:35.607+0000] {dagbag.py:538} INFO - Filling up the DagBag from /home/airflow/.local/lib/python3.8/site-packages/airflow/example_dags/example_params_ui_tutorial.py
[2026-04-18T22:21:35.619+0000] {processor.py:840} INFO - DAG(s) 'example_params_ui_tutorial' retrieved from /home/airflow/.local/lib/python3.8/site-packages/airflow/example_dags/example_params_ui_tutorial.py
[2026-04-18T22:21:35.781+0000] {logging_mixin.py:188} INFO - [2026-04-18T22:21:35.781+0000] {dag.py:3036} INFO - Sync 1 DAGs
[2026-04-18T22:21:35.790+0000] {logging_mixin.py:188} INFO - [2026-04-18T22:21:35.790+0000] {dag.py:3823} INFO - Setting next_dagrun for example_params_ui_tutorial to None, run_after=None
[2026-04-18T22:21:35.811+0000] {processor.py:183} INFO - Processing /home/airflow/.local/lib/python3.8/site-packages/airflow/example_dags/example_params_ui_tutorial.py took 0.211 seconds
[2026-04-18T22:22:06.190+0000] {processor.py:161} INFO - Started process (PID=14609) to work on /home/airflow/.local/lib/python3.8/site-packages/airflow/example_dags/example_params_ui_tutorial.py
[2026-04-18T22:22:06.192+0000] {processor.py:830} INFO - Processing file /home/airflow/.local/lib/python3.8/site-packages/airflow/example_dags/example_params_ui_tutorial.py for tasks to queue
[2026-04-18T22:22:06.195+0000] {logging_mixin.py:188} INFO - [2026-04-18T22:22:06.195+0000] {dagbag.py:538} INFO - Filling up the DagBag from /home/airflow/.local/lib/python3.8/site-packages/airflow/example_dags/example_params_ui_tutorial.py
[2026-04-18T22:22:06.217+0000] {processor.py:840} INFO - DAG(s) 'example_params_ui_tutorial' retrieved from /home/airflow/.local/lib/python3.8/site-packages/airflow/example_dags/example_params_ui_tutorial.py
[2026-04-18T22:22:06.416+0000] {logging_mixin.py:188} INFO - [2026-04-18T22:22:06.416+0000] {dag.py:3036} INFO - Sync 1 DAGs
[2026-04-18T22:22:06.426+0000] {logging_mixin.py:188} INFO - [2026-04-18T22:22:06.426+0000] {dag.py:3823} INFO - Setting next_dagrun for example_params_ui_tutorial to None, run_after=None
[2026-04-18T22:22:06.447+0000] {processor.py:183} INFO - Processing /home/airflow/.local/lib/python3.8/site-packages/airflow/example_dags/example_params_ui_tutorial.py took 0.263 seconds
[2026-04-18T22:22:37.111+0000] {processor.py:161} INFO - Started process (PID=14666) to work on /home/airflow/.local/lib/python3.8/site-packages/airflow/example_dags/example_params_ui_tutorial.py
[2026-04-18T22:22:37.113+0000] {processor.py:830} INFO - Processing file /home/airflow/.local/lib/python3.8/site-packages/airflow/example_dags/example_params_ui_tutorial.py for tasks to queue
[2026-04-18T22:22:37.116+0000] {logging_mixin.py:188} INFO - [2026-04-18T22:22:37.115+0000] {dagbag.py:538} INFO - Filling up the DagBag from /home/airflow/.local/lib/python3.8/site-packages/airflow/example_dags/example_params_ui_tutorial.py
[2026-04-18T22:22:37.130+0000] {processor.py:840} INFO - DAG(s) 'example_params_ui_tutorial' retrieved from /home/airflow/.local/lib/python3.8/site-packages/airflow/example_dags/example_params_ui_tutorial.py
[2026-04-18T22:22:37.349+0000] {logging_mixin.py:188} INFO - [2026-04-18T22:22:37.349+0000] {dag.py:3036} INFO - Sync 1 DAGs
[2026-04-18T22:22:37.359+0000] {logging_mixin.py:188} INFO - [2026-04-18T22:22:37.359+0000] {dag.py:3823} INFO - Setting next_dagrun for example_params_ui_tutorial to None, run_after=None
[2026-04-18T22:22:37.384+0000] {processor.py:183} INFO - Processing /home/airflow/.local/lib/python3.8/site-packages/airflow/example_dags/example_params_ui_tutorial.py took 0.278 seconds
[2026-04-18T22:23:07.545+0000] {processor.py:161} INFO - Started process (PID=14723) to work on /home/airflow/.local/lib/python3.8/site-packages/airflow/example_dags/example_params_ui_tutorial.py
[2026-04-18T22:23:07.547+0000] {processor.py:830} INFO - Processing file /home/airflow/.local/lib/python3.8/site-packages/airflow/example_dags/example_params_ui_tutorial.py for tasks to queue
[2026-04-18T22:23:07.549+0000] {logging_mixin.py:188} INFO - [2026-04-18T22:23:07.549+0000] {dagbag.py:538} INFO - Filling up the DagBag from /home/airflow/.local/lib/python3.8/site-packages/airflow/example_dags/example_params_ui_tutorial.py
[2026-04-18T22:23:07.562+0000] {processor.py:840} INFO - DAG(s) 'example_params_ui_tutorial' retrieved from /home/airflow/.local/lib/python3.8/site-packages/airflow/example_dags/example_params_ui_tutorial.py
[2026-04-18T22:23:07.620+0000] {logging_mixin.py:188} INFO - [2026-04-18T22:23:07.619+0000] {dag.py:3036} INFO - Sync 1 DAGs
[2026-04-18T22:23:07.633+0000] {logging_mixin.py:188} INFO - [2026-04-18T22:23:07.633+0000] {dag.py:3823} INFO - Setting next_dagrun for example_params_ui_tutorial to None, run_after=None
[2026-04-18T22:23:07.659+0000] {processor.py:183} INFO - Processing /home/airflow/.local/lib/python3.8/site-packages/airflow/example_dags/example_params_ui_tutorial.py took 0.117 seconds
[2026-04-18T22:23:37.892+0000] {processor.py:161} INFO - Started process (PID=14780) to work on /home/airflow/.local/lib/python3.8/site-packages/airflow/example_dags/example_params_ui_tutorial.py
[2026-04-18T22:23:37.893+0000] {processor.py:830} INFO - Processing file /home/airflow/.local/lib/python3.8/site-packages/airflow/example_dags/example_params_ui_tutorial.py for tasks to queue
[2026-04-18T22:23:37.896+0000] {logging_mixin.py:188} INFO - [2026-04-18T22:23:37.895+0000] {dagbag.py:538} INFO - Filling up the DagBag from /home/airflow/.local/lib/python3.8/site-packages/airflow/example_dags/example_params_ui_tutorial.py
[2026-04-18T22:23:37.909+0000] {processor.py:840} INFO - DAG(s) 'example_params_ui_tutorial' retrieved from /home/airflow/.local/lib/python3.8/site-packages/airflow/example_dags/example_params_ui_tutorial.py
[2026-04-18T22:23:37.964+0000] {logging_mixin.py:188} INFO - [2026-04-18T22:23:37.963+0000] {dag.py:3036} INFO - Sync 1 DAGs
[2026-04-18T22:23:37.976+0000] {logging_mixin.py:188} INFO - [2026-04-18T22:23:37.976+0000] {dag.py:3823} INFO - Setting next_dagrun for example_params_ui_tutorial to None, run_after=None
[2026-04-18T22:23:37.997+0000] {processor.py:183} INFO - Processing /home/airflow/.local/lib/python3.8/site-packages/airflow/example_dags/example_params_ui_tutorial.py took 0.109 seconds
[2026-04-18T22:24:08.793+0000] {processor.py:161} INFO - Started process (PID=14837) to work on /home/airflow/.local/lib/python3.8/site-packages/airflow/example_dags/example_params_ui_tutorial.py
[2026-04-18T22:24:08.795+0000] {processor.py:830} INFO - Processing file /home/airflow/.local/lib/python3.8/site-packages/airflow/example_dags/example_params_ui_tutorial.py for tasks to queue
[2026-04-18T22:24:08.797+0000] {logging_mixin.py:188} INFO - [2026-04-18T22:24:08.797+0000] {dagbag.py:538} INFO - Filling up the DagBag from /home/airflow/.local/lib/python3.8/site-packages/airflow/example_dags/example_params_ui_tutorial.py
[2026-04-18T22:24:08.811+0000] {processor.py:840} INFO - DAG(s) 'example_params_ui_tutorial' retrieved from /home/airflow/.local/lib/python3.8/site-packages/airflow/example_dags/example_params_ui_tutorial.py
[2026-04-18T22:24:08.870+0000] {logging_mixin.py:188} INFO - [2026-04-18T22:24:08.870+0000] {dag.py:3036} INFO - Sync 1 DAGs
[2026-04-18T22:24:08.886+0000] {logging_mixin.py:188} INFO - [2026-04-18T22:24:08.886+0000] {dag.py:3823} INFO - Setting next_dagrun for example_params_ui_tutorial to None, run_after=None
[2026-04-18T22:24:08.912+0000] {processor.py:183} INFO - Processing /home/airflow/.local/lib/python3.8/site-packages/airflow/example_dags/example_params_ui_tutorial.py took 0.122 seconds
[2026-04-18T22:24:39.294+0000] {processor.py:161} INFO - Started process (PID=14894) to work on /home/airflow/.local/lib/python3.8/site-packages/airflow/example_dags/example_params_ui_tutorial.py
[2026-04-18T22:24:39.295+0000] {processor.py:830} INFO - Processing file /home/airflow/.local/lib/python3.8/site-packages/airflow/example_dags/example_params_ui_tutorial.py for tasks to queue
[2026-04-18T22:24:39.298+0000] {logging_mixin.py:188} INFO - [2026-04-18T22:24:39.298+0000] {dagbag.py:538} INFO - Filling up the DagBag from /home/airflow/.local/lib/python3.8/site-packages/airflow/example_dags/example_params_ui_tutorial.py
[2026-04-18T22:24:39.315+0000] {processor.py:840} INFO - DAG(s) 'example_params_ui_tutorial' retrieved from /home/airflow/.local/lib/python3.8/site-packages/airflow/example_dags/example_params_ui_tutorial.py
[2026-04-18T22:24:39.498+0000] {logging_mixin.py:188} INFO - [2026-04-18T22:24:39.497+0000] {dag.py:3036} INFO - Sync 1 DAGs
[2026-04-18T22:24:39.532+0000] {logging_mixin.py:188} INFO - [2026-04-18T22:24:39.532+0000] {dag.py:3823} INFO - Setting next_dagrun for example_params_ui_tutorial to None, run_after=None
[2026-04-18T22:24:39.562+0000] {processor.py:183} INFO - Processing /home/airflow/.local/lib/python3.8/site-packages/airflow/example_dags/example_params_ui_tutorial.py took 0.273 seconds
[2026-04-18T22:25:09.818+0000] {processor.py:161} INFO - Started process (PID=14951) to work on /home/airflow/.local/lib/python3.8/site-packages/airflow/example_dags/example_params_ui_tutorial.py
[2026-04-18T22:25:09.821+0000] {processor.py:830} INFO - Processing file /home/airflow/.local/lib/python3.8/site-packages/airflow/example_dags/example_params_ui_tutorial.py for tasks to queue
[2026-04-18T22:25:09.824+0000] {logging_mixin.py:188} INFO - [2026-04-18T22:25:09.823+0000] {dagbag.py:538} INFO - Filling up the DagBag from /home/airflow/.local/lib/python3.8/site-packages/airflow/example_dags/example_params_ui_tutorial.py
[2026-04-18T22:25:09.842+0000] {processor.py:840} INFO - DAG(s) 'example_params_ui_tutorial' retrieved from /home/airflow/.local/lib/python3.8/site-packages/airflow/example_dags/example_params_ui_tutorial.py
[2026-04-18T22:25:09.899+0000] {logging_mixin.py:188} INFO - [2026-04-18T22:25:09.899+0000] {dag.py:3036} INFO - Sync 1 DAGs
[2026-04-18T22:25:09.911+0000] {logging_mixin.py:188} INFO - [2026-04-18T22:25:09.911+0000] {dag.py:3823} INFO - Setting next_dagrun for example_params_ui_tutorial to None, run_after=None
[2026-04-18T22:25:09.935+0000] {processor.py:183} INFO - Processing /home/airflow/.local/lib/python3.8/site-packages/airflow/example_dags/example_params_ui_tutorial.py took 0.122 seconds
[2026-04-18T22:25:40.197+0000] {processor.py:161} INFO - Started process (PID=15008) to work on /home/airflow/.local/lib/python3.8/site-packages/airflow/example_dags/example_params_ui_tutorial.py
[2026-04-18T22:25:40.199+0000] {processor.py:830} INFO - Processing file /home/airflow/.local/lib/python3.8/site-packages/airflow/example_dags/example_params_ui_tutorial.py for tasks to queue
[2026-04-18T22:25:40.203+0000] {logging_mixin.py:188} INFO - [2026-04-18T22:25:40.202+0000] {dagbag.py:538} INFO - Filling up the DagBag from /home/airflow/.local/lib/python3.8/site-packages/airflow/example_dags/example_params_ui_tutorial.py
[2026-04-18T22:25:40.221+0000] {processor.py:840} INFO - DAG(s) 'example_params_ui_tutorial' retrieved from /home/airflow/.local/lib/python3.8/site-packages/airflow/example_dags/example_params_ui_tutorial.py
[2026-04-18T22:25:40.306+0000] {logging_mixin.py:188} INFO - [2026-04-18T22:25:40.305+0000] {dag.py:3036} INFO - Sync 1 DAGs
[2026-04-18T22:25:40.331+0000] {logging_mixin.py:188} INFO - [2026-04-18T22:25:40.330+0000] {dag.py:3823} INFO - Setting next_dagrun for example_params_ui_tutorial to None, run_after=None
[2026-04-18T22:25:40.374+0000] {processor.py:183} INFO - Processing /home/airflow/.local/lib/python3.8/site-packages/airflow/example_dags/example_params_ui_tutorial.py took 0.183 seconds
[2026-04-18T22:26:10.893+0000] {processor.py:161} INFO - Started process (PID=15065) to work on /home/airflow/.local/lib/python3.8/site-packages/airflow/example_dags/example_params_ui_tutorial.py
[2026-04-18T22:26:10.895+0000] {processor.py:830} INFO - Processing file /home/airflow/.local/lib/python3.8/site-packages/airflow/example_dags/example_params_ui_tutorial.py for tasks to queue
[2026-04-18T22:26:10.897+0000] {logging_mixin.py:188} INFO - [2026-04-18T22:26:10.897+0000] {dagbag.py:538} INFO - Filling up the DagBag from /home/airflow/.local/lib/python3.8/site-packages/airflow/example_dags/example_params_ui_tutorial.py
[2026-04-18T22:26:10.912+0000] {processor.py:840} INFO - DAG(s) 'example_params_ui_tutorial' retrieved from /home/airflow/.local/lib/python3.8/site-packages/airflow/example_dags/example_params_ui_tutorial.py
[2026-04-18T22:26:10.977+0000] {logging_mixin.py:188} INFO - [2026-04-18T22:26:10.977+0000] {dag.py:3036} INFO - Sync 1 DAGs
[2026-04-18T22:26:10.991+0000] {logging_mixin.py:188} INFO - [2026-04-18T22:26:10.990+0000] {dag.py:3823} INFO - Setting next_dagrun for example_params_ui_tutorial to None, run_after=None
[2026-04-18T22:26:11.021+0000] {processor.py:183} INFO - Processing /home/airflow/.local/lib/python3.8/site-packages/airflow/example_dags/example_params_ui_tutorial.py took 0.132 seconds
[2026-04-18T22:26:41.335+0000] {processor.py:161} INFO - Started process (PID=15122) to work on /home/airflow/.local/lib/python3.8/site-packages/airflow/example_dags/example_params_ui_tutorial.py
[2026-04-18T22:26:41.337+0000] {processor.py:830} INFO - Processing file /home/airflow/.local/lib/python3.8/site-packages/airflow/example_dags/example_params_ui_tutorial.py for tasks to queue
[2026-04-18T22:26:41.340+0000] {logging_mixin.py:188} INFO - [2026-04-18T22:26:41.339+0000] {dagbag.py:538} INFO - Filling up the DagBag from /home/airflow/.local/lib/python3.8/site-packages/airflow/example_dags/example_params_ui_tutorial.py
[2026-04-18T22:26:41.355+0000] {processor.py:840} INFO - DAG(s) 'example_params_ui_tutorial' retrieved from /home/airflow/.local/lib/python3.8/site-packages/airflow/example_dags/example_params_ui_tutorial.py
[2026-04-18T22:26:41.414+0000] {logging_mixin.py:188} INFO - [2026-04-18T22:26:41.414+0000] {dag.py:3036} INFO - Sync 1 DAGs
[2026-04-18T22:26:41.427+0000] {logging_mixin.py:188} INFO - [2026-04-18T22:26:41.427+0000] {dag.py:3823} INFO - Setting next_dagrun for example_params_ui_tutorial to None, run_after=None
[2026-04-18T22:26:41.452+0000] {processor.py:183} INFO - Processing /home/airflow/.local/lib/python3.8/site-packages/airflow/example_dags/example_params_ui_tutorial.py took 0.120 seconds
[2026-04-18T22:27:11.811+0000] {processor.py:161} INFO - Started process (PID=15179) to work on /home/airflow/.local/lib/python3.8/site-packages/airflow/example_dags/example_params_ui_tutorial.py
[2026-04-18T22:27:11.813+0000] {processor.py:830} INFO - Processing file /home/airflow/.local/lib/python3.8/site-packages/airflow/example_dags/example_params_ui_tutorial.py for tasks to queue
[2026-04-18T22:27:11.816+0000] {logging_mixin.py:188} INFO - [2026-04-18T22:27:11.815+0000] {dagbag.py:538} INFO - Filling up the DagBag from /home/airflow/.local/lib/python3.8/site-packages/airflow/example_dags/example_params_ui_tutorial.py
[2026-04-18T22:27:11.833+0000] {processor.py:840} INFO - DAG(s) 'example_params_ui_tutorial' retrieved from /home/airflow/.local/lib/python3.8/site-packages/airflow/example_dags/example_params_ui_tutorial.py
[2026-04-18T22:27:11.892+0000] {logging_mixin.py:188} INFO - [2026-04-18T22:27:11.892+0000] {dag.py:3036} INFO - Sync 1 DAGs
[2026-04-18T22:27:11.905+0000] {logging_mixin.py:188} INFO - [2026-04-18T22:27:11.905+0000] {dag.py:3823} INFO - Setting next_dagrun for example_params_ui_tutorial to None, run_after=None
[2026-04-18T22:27:11.928+0000] {processor.py:183} INFO - Processing /home/airflow/.local/lib/python3.8/site-packages/airflow/example_dags/example_params_ui_tutorial.py took 0.121 seconds
[2026-04-18T22:27:42.075+0000] {processor.py:161} INFO - Started process (PID=15236) to work on /home/airflow/.local/lib/python3.8/site-packages/airflow/example_dags/example_params_ui_tutorial.py
[2026-04-18T22:27:42.076+0000] {processor.py:830} INFO - Processing file /home/airflow/.local/lib/python3.8/site-packages/airflow/example_dags/example_params_ui_tutorial.py for tasks to queue
[2026-04-18T22:27:42.082+0000] {logging_mixin.py:188} INFO - [2026-04-18T22:27:42.081+0000] {dagbag.py:538} INFO - Filling up the DagBag from /home/airflow/.local/lib/python3.8/site-packages/airflow/example_dags/example_params_ui_tutorial.py
[2026-04-18T22:27:42.107+0000] {processor.py:840} INFO - DAG(s) 'example_params_ui_tutorial' retrieved from /home/airflow/.local/lib/python3.8/site-packages/airflow/example_dags/example_params_ui_tutorial.py
[2026-04-18T22:27:42.181+0000] {logging_mixin.py:188} INFO - [2026-04-18T22:27:42.180+0000] {dag.py:3036} INFO - Sync 1 DAGs
[2026-04-18T22:27:42.199+0000] {logging_mixin.py:188} INFO - [2026-04-18T22:27:42.197+0000] {dag.py:3823} INFO - Setting next_dagrun for example_params_ui_tutorial to None, run_after=None
[2026-04-18T22:27:42.225+0000] {processor.py:183} INFO - Processing /home/airflow/.local/lib/python3.8/site-packages/airflow/example_dags/example_params_ui_tutorial.py took 0.156 seconds
[2026-04-18T22:28:12.705+0000] {processor.py:161} INFO - Started process (PID=15293) to work on /home/airflow/.local/lib/python3.8/site-packages/airflow/example_dags/example_params_ui_tutorial.py
[2026-04-18T22:28:12.707+0000] {processor.py:830} INFO - Processing file /home/airflow/.local/lib/python3.8/site-packages/airflow/example_dags/example_params_ui_tutorial.py for tasks to queue
[2026-04-18T22:28:12.711+0000] {logging_mixin.py:188} INFO - [2026-04-18T22:28:12.710+0000] {dagbag.py:538} INFO - Filling up the DagBag from /home/airflow/.local/lib/python3.8/site-packages/airflow/example_dags/example_params_ui_tutorial.py
[2026-04-18T22:28:12.732+0000] {processor.py:840} INFO - DAG(s) 'example_params_ui_tutorial' retrieved from /home/airflow/.local/lib/python3.8/site-packages/airflow/example_dags/example_params_ui_tutorial.py
[2026-04-18T22:28:12.814+0000] {logging_mixin.py:188} INFO - [2026-04-18T22:28:12.813+0000] {dag.py:3036} INFO - Sync 1 DAGs
[2026-04-18T22:28:12.835+0000] {logging_mixin.py:188} INFO - [2026-04-18T22:28:12.834+0000] {dag.py:3823} INFO - Setting next_dagrun for example_params_ui_tutorial to None, run_after=None
[2026-04-18T22:28:12.869+0000] {processor.py:183} INFO - Processing /home/airflow/.local/lib/python3.8/site-packages/airflow/example_dags/example_params_ui_tutorial.py took 0.172 seconds
[2026-04-18T22:28:43.040+0000] {processor.py:161} INFO - Started process (PID=15351) to work on /home/airflow/.local/lib/python3.8/site-packages/airflow/example_dags/example_params_ui_tutorial.py
[2026-04-18T22:28:43.047+0000] {processor.py:830} INFO - Processing file /home/airflow/.local/lib/python3.8/site-packages/airflow/example_dags/example_params_ui_tutorial.py for tasks to queue
[2026-04-18T22:28:43.050+0000] {logging_mixin.py:188} INFO - [2026-04-18T22:28:43.049+0000] {dagbag.py:538} INFO - Filling up the DagBag from /home/airflow/.local/lib/python3.8/site-packages/airflow/example_dags/example_params_ui_tutorial.py
[2026-04-18T22:28:43.062+0000] {processor.py:840} INFO - DAG(s) 'example_params_ui_tutorial' retrieved from /home/airflow/.local/lib/python3.8/site-packages/airflow/example_dags/example_params_ui_tutorial.py
[2026-04-18T22:28:43.123+0000] {logging_mixin.py:188} INFO - [2026-04-18T22:28:43.123+0000] {dag.py:3036} INFO - Sync 1 DAGs
[2026-04-18T22:28:43.141+0000] {logging_mixin.py:188} INFO - [2026-04-18T22:28:43.141+0000] {dag.py:3823} INFO - Setting next_dagrun for example_params_ui_tutorial to None, run_after=None
[2026-04-18T22:28:43.164+0000] {processor.py:183} INFO - Processing /home/airflow/.local/lib/python3.8/site-packages/airflow/example_dags/example_params_ui_tutorial.py took 0.128 seconds
[2026-04-18T22:29:13.792+0000] {processor.py:161} INFO - Started process (PID=15408) to work on /home/airflow/.local/lib/python3.8/site-packages/airflow/example_dags/example_params_ui_tutorial.py
[2026-04-18T22:29:13.793+0000] {processor.py:830} INFO - Processing file /home/airflow/.local/lib/python3.8/site-packages/airflow/example_dags/example_params_ui_tutorial.py for tasks to queue
[2026-04-18T22:29:13.796+0000] {logging_mixin.py:188} INFO - [2026-04-18T22:29:13.795+0000] {dagbag.py:538} INFO - Filling up the DagBag from /home/airflow/.local/lib/python3.8/site-packages/airflow/example_dags/example_params_ui_tutorial.py
[2026-04-18T22:29:13.809+0000] {processor.py:840} INFO - DAG(s) 'example_params_ui_tutorial' retrieved from /home/airflow/.local/lib/python3.8/site-packages/airflow/example_dags/example_params_ui_tutorial.py
[2026-04-18T22:29:13.878+0000] {logging_mixin.py:188} INFO - [2026-04-18T22:29:13.878+0000] {dag.py:3036} INFO - Sync 1 DAGs
[2026-04-18T22:29:13.894+0000] {logging_mixin.py:188} INFO - [2026-04-18T22:29:13.893+0000] {dag.py:3823} INFO - Setting next_dagrun for example_params_ui_tutorial to None, run_after=None
[2026-04-18T22:29:13.926+0000] {processor.py:183} INFO - Processing /home/airflow/.local/lib/python3.8/site-packages/airflow/example_dags/example_params_ui_tutorial.py took 0.138 seconds
[2026-04-18T22:29:44.941+0000] {processor.py:161} INFO - Started process (PID=15466) to work on /home/airflow/.local/lib/python3.8/site-packages/airflow/example_dags/example_params_ui_tutorial.py
[2026-04-18T22:29:44.943+0000] {processor.py:830} INFO - Processing file /home/airflow/.local/lib/python3.8/site-packages/airflow/example_dags/example_params_ui_tutorial.py for tasks to queue
[2026-04-18T22:29:44.946+0000] {logging_mixin.py:188} INFO - [2026-04-18T22:29:44.945+0000] {dagbag.py:538} INFO - Filling up the DagBag from /home/airflow/.local/lib/python3.8/site-packages/airflow/example_dags/example_params_ui_tutorial.py
[2026-04-18T22:29:44.965+0000] {processor.py:840} INFO - DAG(s) 'example_params_ui_tutorial' retrieved from /home/airflow/.local/lib/python3.8/site-packages/airflow/example_dags/example_params_ui_tutorial.py
[2026-04-18T22:29:45.061+0000] {logging_mixin.py:188} INFO - [2026-04-18T22:29:45.060+0000] {dag.py:3036} INFO - Sync 1 DAGs
[2026-04-18T22:29:45.091+0000] {logging_mixin.py:188} INFO - [2026-04-18T22:29:45.087+0000] {dag.py:3823} INFO - Setting next_dagrun for example_params_ui_tutorial to None, run_after=None
[2026-04-18T22:29:45.143+0000] {processor.py:183} INFO - Processing /home/airflow/.local/lib/python3.8/site-packages/airflow/example_dags/example_params_ui_tutorial.py took 0.206 seconds
[2026-04-18T22:30:15.217+0000] {processor.py:161} INFO - Started process (PID=15523) to work on /home/airflow/.local/lib/python3.8/site-packages/airflow/example_dags/example_params_ui_tutorial.py
[2026-04-18T22:30:15.218+0000] {processor.py:830} INFO - Processing file /home/airflow/.local/lib/python3.8/site-packages/airflow/example_dags/example_params_ui_tutorial.py for tasks to queue
[2026-04-18T22:30:15.221+0000] {logging_mixin.py:188} INFO - [2026-04-18T22:30:15.221+0000] {dagbag.py:538} INFO - Filling up the DagBag from /home/airflow/.local/lib/python3.8/site-packages/airflow/example_dags/example_params_ui_tutorial.py
[2026-04-18T22:30:15.236+0000] {processor.py:840} INFO - DAG(s) 'example_params_ui_tutorial' retrieved from /home/airflow/.local/lib/python3.8/site-packages/airflow/example_dags/example_params_ui_tutorial.py
[2026-04-18T22:30:15.287+0000] {logging_mixin.py:188} INFO - [2026-04-18T22:30:15.287+0000] {dag.py:3036} INFO - Sync 1 DAGs
[2026-04-18T22:30:15.301+0000] {logging_mixin.py:188} INFO - [2026-04-18T22:30:15.301+0000] {dag.py:3823} INFO - Setting next_dagrun for example_params_ui_tutorial to None, run_after=None
[2026-04-18T22:30:15.325+0000] {processor.py:183} INFO - Processing /home/airflow/.local/lib/python3.8/site-packages/airflow/example_dags/example_params_ui_tutorial.py took 0.112 seconds
[2026-04-18T22:30:45.792+0000] {processor.py:161} INFO - Started process (PID=15580) to work on /home/airflow/.local/lib/python3.8/site-packages/airflow/example_dags/example_params_ui_tutorial.py
[2026-04-18T22:30:45.793+0000] {processor.py:830} INFO - Processing file /home/airflow/.local/lib/python3.8/site-packages/airflow/example_dags/example_params_ui_tutorial.py for tasks to queue
[2026-04-18T22:30:45.796+0000] {logging_mixin.py:188} INFO - [2026-04-18T22:30:45.796+0000] {dagbag.py:538} INFO - Filling up the DagBag from /home/airflow/.local/lib/python3.8/site-packages/airflow/example_dags/example_params_ui_tutorial.py
[2026-04-18T22:30:45.808+0000] {processor.py:840} INFO - DAG(s) 'example_params_ui_tutorial' retrieved from /home/airflow/.local/lib/python3.8/site-packages/airflow/example_dags/example_params_ui_tutorial.py
[2026-04-18T22:30:45.875+0000] {logging_mixin.py:188} INFO - [2026-04-18T22:30:45.875+0000] {dag.py:3036} INFO - Sync 1 DAGs
[2026-04-18T22:30:45.890+0000] {logging_mixin.py:188} INFO - [2026-04-18T22:30:45.889+0000] {dag.py:3823} INFO - Setting next_dagrun for example_params_ui_tutorial to None, run_after=None
[2026-04-18T22:30:45.922+0000] {processor.py:183} INFO - Processing /home/airflow/.local/lib/python3.8/site-packages/airflow/example_dags/example_params_ui_tutorial.py took 0.133 seconds
[2026-04-18T22:31:16.349+0000] {processor.py:161} INFO - Started process (PID=15637) to work on /home/airflow/.local/lib/python3.8/site-packages/airflow/example_dags/example_params_ui_tutorial.py
[2026-04-18T22:31:16.351+0000] {processor.py:830} INFO - Processing file /home/airflow/.local/lib/python3.8/site-packages/airflow/example_dags/example_params_ui_tutorial.py for tasks to queue
[2026-04-18T22:31:16.354+0000] {logging_mixin.py:188} INFO - [2026-04-18T22:31:16.353+0000] {dagbag.py:538} INFO - Filling up the DagBag from /home/airflow/.local/lib/python3.8/site-packages/airflow/example_dags/example_params_ui_tutorial.py
[2026-04-18T22:31:16.369+0000] {processor.py:840} INFO - DAG(s) 'example_params_ui_tutorial' retrieved from /home/airflow/.local/lib/python3.8/site-packages/airflow/example_dags/example_params_ui_tutorial.py
[2026-04-18T22:31:16.434+0000] {logging_mixin.py:188} INFO - [2026-04-18T22:31:16.433+0000] {dag.py:3036} INFO - Sync 1 DAGs
[2026-04-18T22:31:16.445+0000] {logging_mixin.py:188} INFO - [2026-04-18T22:31:16.445+0000] {dag.py:3823} INFO - Setting next_dagrun for example_params_ui_tutorial to None, run_after=None
[2026-04-18T22:31:16.468+0000] {processor.py:183} INFO - Processing /home/airflow/.local/lib/python3.8/site-packages/airflow/example_dags/example_params_ui_tutorial.py took 0.122 seconds
[2026-04-18T22:31:46.827+0000] {processor.py:161} INFO - Started process (PID=15694) to work on /home/airflow/.local/lib/python3.8/site-packages/airflow/example_dags/example_params_ui_tutorial.py
[2026-04-18T22:31:46.828+0000] {processor.py:830} INFO - Processing file /home/airflow/.local/lib/python3.8/site-packages/airflow/example_dags/example_params_ui_tutorial.py for tasks to queue
[2026-04-18T22:31:46.831+0000] {logging_mixin.py:188} INFO - [2026-04-18T22:31:46.830+0000] {dagbag.py:538} INFO - Filling up the DagBag from /home/airflow/.local/lib/python3.8/site-packages/airflow/example_dags/example_params_ui_tutorial.py
[2026-04-18T22:31:46.843+0000] {processor.py:840} INFO - DAG(s) 'example_params_ui_tutorial' retrieved from /home/airflow/.local/lib/python3.8/site-packages/airflow/example_dags/example_params_ui_tutorial.py
[2026-04-18T22:31:46.900+0000] {logging_mixin.py:188} INFO - [2026-04-18T22:31:46.899+0000] {dag.py:3036} INFO - Sync 1 DAGs
[2026-04-18T22:31:46.910+0000] {logging_mixin.py:188} INFO - [2026-04-18T22:31:46.910+0000] {dag.py:3823} INFO - Setting next_dagrun for example_params_ui_tutorial to None, run_after=None
[2026-04-18T22:31:46.937+0000] {processor.py:183} INFO - Processing /home/airflow/.local/lib/python3.8/site-packages/airflow/example_dags/example_params_ui_tutorial.py took 0.114 seconds
[2026-04-18T22:32:17.925+0000] {processor.py:161} INFO - Started process (PID=15751) to work on /home/airflow/.local/lib/python3.8/site-packages/airflow/example_dags/example_params_ui_tutorial.py
[2026-04-18T22:32:17.927+0000] {processor.py:830} INFO - Processing file /home/airflow/.local/lib/python3.8/site-packages/airflow/example_dags/example_params_ui_tutorial.py for tasks to queue
[2026-04-18T22:32:17.930+0000] {logging_mixin.py:188} INFO - [2026-04-18T22:32:17.929+0000] {dagbag.py:538} INFO - Filling up the DagBag from /home/airflow/.local/lib/python3.8/site-packages/airflow/example_dags/example_params_ui_tutorial.py
[2026-04-18T22:32:17.947+0000] {processor.py:840} INFO - DAG(s) 'example_params_ui_tutorial' retrieved from /home/airflow/.local/lib/python3.8/site-packages/airflow/example_dags/example_params_ui_tutorial.py
[2026-04-18T22:32:18.013+0000] {logging_mixin.py:188} INFO - [2026-04-18T22:32:18.012+0000] {dag.py:3036} INFO - Sync 1 DAGs
[2026-04-18T22:32:18.028+0000] {logging_mixin.py:188} INFO - [2026-04-18T22:32:18.028+0000] {dag.py:3823} INFO - Setting next_dagrun for example_params_ui_tutorial to None, run_after=None
[2026-04-18T22:32:18.057+0000] {processor.py:183} INFO - Processing /home/airflow/.local/lib/python3.8/site-packages/airflow/example_dags/example_params_ui_tutorial.py took 0.135 seconds
[2026-04-18T22:32:48.759+0000] {processor.py:161} INFO - Started process (PID=15808) to work on /home/airflow/.local/lib/python3.8/site-packages/airflow/example_dags/example_params_ui_tutorial.py
[2026-04-18T22:32:48.760+0000] {processor.py:830} INFO - Processing file /home/airflow/.local/lib/python3.8/site-packages/airflow/example_dags/example_params_ui_tutorial.py for tasks to queue
[2026-04-18T22:32:48.765+0000] {logging_mixin.py:188} INFO - [2026-04-18T22:32:48.764+0000] {dagbag.py:538} INFO - Filling up the DagBag from /home/airflow/.local/lib/python3.8/site-packages/airflow/example_dags/example_params_ui_tutorial.py
[2026-04-18T22:32:48.780+0000] {processor.py:840} INFO - DAG(s) 'example_params_ui_tutorial' retrieved from /home/airflow/.local/lib/python3.8/site-packages/airflow/example_dags/example_params_ui_tutorial.py
[2026-04-18T22:32:48.860+0000] {logging_mixin.py:188} INFO - [2026-04-18T22:32:48.859+0000] {dag.py:3036} INFO - Sync 1 DAGs
[2026-04-18T22:32:48.876+0000] {logging_mixin.py:188} INFO - [2026-04-18T22:32:48.876+0000] {dag.py:3823} INFO - Setting next_dagrun for example_params_ui_tutorial to None, run_after=None
[2026-04-18T22:32:48.908+0000] {processor.py:183} INFO - Processing /home/airflow/.local/lib/python3.8/site-packages/airflow/example_dags/example_params_ui_tutorial.py took 0.153 seconds
[2026-04-18T22:33:19.070+0000] {processor.py:161} INFO - Started process (PID=15865) to work on /home/airflow/.local/lib/python3.8/site-packages/airflow/example_dags/example_params_ui_tutorial.py
[2026-04-18T22:33:19.072+0000] {processor.py:830} INFO - Processing file /home/airflow/.local/lib/python3.8/site-packages/airflow/example_dags/example_params_ui_tutorial.py for tasks to queue
[2026-04-18T22:33:19.074+0000] {logging_mixin.py:188} INFO - [2026-04-18T22:33:19.074+0000] {dagbag.py:538} INFO - Filling up the DagBag from /home/airflow/.local/lib/python3.8/site-packages/airflow/example_dags/example_params_ui_tutorial.py
[2026-04-18T22:33:19.094+0000] {processor.py:840} INFO - DAG(s) 'example_params_ui_tutorial' retrieved from /home/airflow/.local/lib/python3.8/site-packages/airflow/example_dags/example_params_ui_tutorial.py
[2026-04-18T22:33:19.172+0000] {logging_mixin.py:188} INFO - [2026-04-18T22:33:19.172+0000] {dag.py:3036} INFO - Sync 1 DAGs
[2026-04-18T22:33:19.188+0000] {logging_mixin.py:188} INFO - [2026-04-18T22:33:19.188+0000] {dag.py:3823} INFO - Setting next_dagrun for example_params_ui_tutorial to None, run_after=None
[2026-04-18T22:33:19.221+0000] {processor.py:183} INFO - Processing /home/airflow/.local/lib/python3.8/site-packages/airflow/example_dags/example_params_ui_tutorial.py took 0.157 seconds
[2026-04-18T22:33:49.469+0000] {processor.py:161} INFO - Started process (PID=15922) to work on /home/airflow/.local/lib/python3.8/site-packages/airflow/example_dags/example_params_ui_tutorial.py
[2026-04-18T22:33:49.471+0000] {processor.py:830} INFO - Processing file /home/airflow/.local/lib/python3.8/site-packages/airflow/example_dags/example_params_ui_tutorial.py for tasks to queue
[2026-04-18T22:33:49.473+0000] {logging_mixin.py:188} INFO - [2026-04-18T22:33:49.473+0000] {dagbag.py:538} INFO - Filling up the DagBag from /home/airflow/.local/lib/python3.8/site-packages/airflow/example_dags/example_params_ui_tutorial.py
[2026-04-18T22:33:49.486+0000] {processor.py:840} INFO - DAG(s) 'example_params_ui_tutorial' retrieved from /home/airflow/.local/lib/python3.8/site-packages/airflow/example_dags/example_params_ui_tutorial.py
[2026-04-18T22:33:49.549+0000] {logging_mixin.py:188} INFO - [2026-04-18T22:33:49.549+0000] {dag.py:3036} INFO - Sync 1 DAGs
[2026-04-18T22:33:49.561+0000] {logging_mixin.py:188} INFO - [2026-04-18T22:33:49.561+0000] {dag.py:3823} INFO - Setting next_dagrun for example_params_ui_tutorial to None, run_after=None
[2026-04-18T22:33:49.589+0000] {processor.py:183} INFO - Processing /home/airflow/.local/lib/python3.8/site-packages/airflow/example_dags/example_params_ui_tutorial.py took 0.123 seconds
[2026-04-18T22:34:20.021+0000] {processor.py:161} INFO - Started process (PID=15979) to work on /home/airflow/.local/lib/python3.8/site-packages/airflow/example_dags/example_params_ui_tutorial.py
[2026-04-18T22:34:20.023+0000] {processor.py:830} INFO - Processing file /home/airflow/.local/lib/python3.8/site-packages/airflow/example_dags/example_params_ui_tutorial.py for tasks to queue
[2026-04-18T22:34:20.025+0000] {logging_mixin.py:188} INFO - [2026-04-18T22:34:20.025+0000] {dagbag.py:538} INFO - Filling up the DagBag from /home/airflow/.local/lib/python3.8/site-packages/airflow/example_dags/example_params_ui_tutorial.py
[2026-04-18T22:34:20.038+0000] {processor.py:840} INFO - DAG(s) 'example_params_ui_tutorial' retrieved from /home/airflow/.local/lib/python3.8/site-packages/airflow/example_dags/example_params_ui_tutorial.py
[2026-04-18T22:34:20.104+0000] {logging_mixin.py:188} INFO - [2026-04-18T22:34:20.103+0000] {dag.py:3036} INFO - Sync 1 DAGs
[2026-04-18T22:34:20.115+0000] {logging_mixin.py:188} INFO - [2026-04-18T22:34:20.115+0000] {dag.py:3823} INFO - Setting next_dagrun for example_params_ui_tutorial to None, run_after=None
[2026-04-18T22:34:20.138+0000] {processor.py:183} INFO - Processing /home/airflow/.local/lib/python3.8/site-packages/airflow/example_dags/example_params_ui_tutorial.py took 0.121 seconds
[2026-04-18T22:34:50.263+0000] {processor.py:161} INFO - Started process (PID=16036) to work on /home/airflow/.local/lib/python3.8/site-packages/airflow/example_dags/example_params_ui_tutorial.py
[2026-04-18T22:34:50.264+0000] {processor.py:830} INFO - Processing file /home/airflow/.local/lib/python3.8/site-packages/airflow/example_dags/example_params_ui_tutorial.py for tasks to queue
[2026-04-18T22:34:50.267+0000] {logging_mixin.py:188} INFO - [2026-04-18T22:34:50.267+0000] {dagbag.py:538} INFO - Filling up the DagBag from /home/airflow/.local/lib/python3.8/site-packages/airflow/example_dags/example_params_ui_tutorial.py
[2026-04-18T22:34:50.279+0000] {processor.py:840} INFO - DAG(s) 'example_params_ui_tutorial' retrieved from /home/airflow/.local/lib/python3.8/site-packages/airflow/example_dags/example_params_ui_tutorial.py
[2026-04-18T22:34:50.339+0000] {logging_mixin.py:188} INFO - [2026-04-18T22:34:50.339+0000] {dag.py:3036} INFO - Sync 1 DAGs
[2026-04-18T22:34:50.351+0000] {logging_mixin.py:188} INFO - [2026-04-18T22:34:50.351+0000] {dag.py:3823} INFO - Setting next_dagrun for example_params_ui_tutorial to None, run_after=None
[2026-04-18T22:34:50.377+0000] {processor.py:183} INFO - Processing /home/airflow/.local/lib/python3.8/site-packages/airflow/example_dags/example_params_ui_tutorial.py took 0.118 seconds
[2026-04-18T22:35:21.038+0000] {processor.py:161} INFO - Started process (PID=16093) to work on /home/airflow/.local/lib/python3.8/site-packages/airflow/example_dags/example_params_ui_tutorial.py
[2026-04-18T22:35:21.040+0000] {processor.py:830} INFO - Processing file /home/airflow/.local/lib/python3.8/site-packages/airflow/example_dags/example_params_ui_tutorial.py for tasks to queue
[2026-04-18T22:35:21.046+0000] {logging_mixin.py:188} INFO - [2026-04-18T22:35:21.045+0000] {dagbag.py:538} INFO - Filling up the DagBag from /home/airflow/.local/lib/python3.8/site-packages/airflow/example_dags/example_params_ui_tutorial.py
[2026-04-18T22:35:21.072+0000] {processor.py:840} INFO - DAG(s) 'example_params_ui_tutorial' retrieved from /home/airflow/.local/lib/python3.8/site-packages/airflow/example_dags/example_params_ui_tutorial.py
[2026-04-18T22:35:21.178+0000] {logging_mixin.py:188} INFO - [2026-04-18T22:35:21.178+0000] {dag.py:3036} INFO - Sync 1 DAGs
[2026-04-18T22:35:21.198+0000] {logging_mixin.py:188} INFO - [2026-04-18T22:35:21.198+0000] {dag.py:3823} INFO - Setting next_dagrun for example_params_ui_tutorial to None, run_after=None
[2026-04-18T22:35:21.232+0000] {processor.py:183} INFO - Processing /home/airflow/.local/lib/python3.8/site-packages/airflow/example_dags/example_params_ui_tutorial.py took 0.202 seconds
[2026-04-18T22:35:51.594+0000] {processor.py:161} INFO - Started process (PID=16150) to work on /home/airflow/.local/lib/python3.8/site-packages/airflow/example_dags/example_params_ui_tutorial.py
[2026-04-18T22:35:51.596+0000] {processor.py:830} INFO - Processing file /home/airflow/.local/lib/python3.8/site-packages/airflow/example_dags/example_params_ui_tutorial.py for tasks to queue
[2026-04-18T22:35:51.599+0000] {logging_mixin.py:188} INFO - [2026-04-18T22:35:51.598+0000] {dagbag.py:538} INFO - Filling up the DagBag from /home/airflow/.local/lib/python3.8/site-packages/airflow/example_dags/example_params_ui_tutorial.py
[2026-04-18T22:35:51.611+0000] {processor.py:840} INFO - DAG(s) 'example_params_ui_tutorial' retrieved from /home/airflow/.local/lib/python3.8/site-packages/airflow/example_dags/example_params_ui_tutorial.py
[2026-04-18T22:35:51.680+0000] {logging_mixin.py:188} INFO - [2026-04-18T22:35:51.680+0000] {dag.py:3036} INFO - Sync 1 DAGs
[2026-04-18T22:35:51.696+0000] {logging_mixin.py:188} INFO - [2026-04-18T22:35:51.695+0000] {dag.py:3823} INFO - Setting next_dagrun for example_params_ui_tutorial to None, run_after=None
[2026-04-18T22:35:51.723+0000] {processor.py:183} INFO - Processing /home/airflow/.local/lib/python3.8/site-packages/airflow/example_dags/example_params_ui_tutorial.py took 0.132 seconds
[2026-04-18T22:36:22.002+0000] {processor.py:161} INFO - Started process (PID=16207) to work on /home/airflow/.local/lib/python3.8/site-packages/airflow/example_dags/example_params_ui_tutorial.py
[2026-04-18T22:36:22.003+0000] {processor.py:830} INFO - Processing file /home/airflow/.local/lib/python3.8/site-packages/airflow/example_dags/example_params_ui_tutorial.py for tasks to queue
[2026-04-18T22:36:22.007+0000] {logging_mixin.py:188} INFO - [2026-04-18T22:36:22.006+0000] {dagbag.py:538} INFO - Filling up the DagBag from /home/airflow/.local/lib/python3.8/site-packages/airflow/example_dags/example_params_ui_tutorial.py
[2026-04-18T22:36:22.020+0000] {processor.py:840} INFO - DAG(s) 'example_params_ui_tutorial' retrieved from /home/airflow/.local/lib/python3.8/site-packages/airflow/example_dags/example_params_ui_tutorial.py
[2026-04-18T22:36:22.091+0000] {logging_mixin.py:188} INFO - [2026-04-18T22:36:22.090+0000] {dag.py:3036} INFO - Sync 1 DAGs
[2026-04-18T22:36:22.105+0000] {logging_mixin.py:188} INFO - [2026-04-18T22:36:22.105+0000] {dag.py:3823} INFO - Setting next_dagrun for example_params_ui_tutorial to None, run_after=None
[2026-04-18T22:36:22.134+0000] {processor.py:183} INFO - Processing /home/airflow/.local/lib/python3.8/site-packages/airflow/example_dags/example_params_ui_tutorial.py took 0.138 seconds
[2026-04-18T22:36:52.609+0000] {processor.py:161} INFO - Started process (PID=16264) to work on /home/airflow/.local/lib/python3.8/site-packages/airflow/example_dags/example_params_ui_tutorial.py
[2026-04-18T22:36:52.614+0000] {processor.py:830} INFO - Processing file /home/airflow/.local/lib/python3.8/site-packages/airflow/example_dags/example_params_ui_tutorial.py for tasks to queue
[2026-04-18T22:36:52.617+0000] {logging_mixin.py:188} INFO - [2026-04-18T22:36:52.616+0000] {dagbag.py:538} INFO - Filling up the DagBag from /home/airflow/.local/lib/python3.8/site-packages/airflow/example_dags/example_params_ui_tutorial.py
[2026-04-18T22:36:52.631+0000] {processor.py:840} INFO - DAG(s) 'example_params_ui_tutorial' retrieved from /home/airflow/.local/lib/python3.8/site-packages/airflow/example_dags/example_params_ui_tutorial.py
[2026-04-18T22:36:52.696+0000] {logging_mixin.py:188} INFO - [2026-04-18T22:36:52.695+0000] {dag.py:3036} INFO - Sync 1 DAGs
[2026-04-18T22:36:52.712+0000] {logging_mixin.py:188} INFO - [2026-04-18T22:36:52.711+0000] {dag.py:3823} INFO - Setting next_dagrun for example_params_ui_tutorial to None, run_after=None
[2026-04-18T22:36:52.737+0000] {processor.py:183} INFO - Processing /home/airflow/.local/lib/python3.8/site-packages/airflow/example_dags/example_params_ui_tutorial.py took 0.131 seconds
[2026-04-18T22:37:23.379+0000] {processor.py:161} INFO - Started process (PID=16321) to work on /home/airflow/.local/lib/python3.8/site-packages/airflow/example_dags/example_params_ui_tutorial.py
[2026-04-18T22:37:23.380+0000] {processor.py:830} INFO - Processing file /home/airflow/.local/lib/python3.8/site-packages/airflow/example_dags/example_params_ui_tutorial.py for tasks to queue
[2026-04-18T22:37:23.383+0000] {logging_mixin.py:188} INFO - [2026-04-18T22:37:23.383+0000] {dagbag.py:538} INFO - Filling up the DagBag from /home/airflow/.local/lib/python3.8/site-packages/airflow/example_dags/example_params_ui_tutorial.py
[2026-04-18T22:37:23.396+0000] {processor.py:840} INFO - DAG(s) 'example_params_ui_tutorial' retrieved from /home/airflow/.local/lib/python3.8/site-packages/airflow/example_dags/example_params_ui_tutorial.py
[2026-04-18T22:37:23.460+0000] {logging_mixin.py:188} INFO - [2026-04-18T22:37:23.460+0000] {dag.py:3036} INFO - Sync 1 DAGs
[2026-04-18T22:37:23.475+0000] {logging_mixin.py:188} INFO - [2026-04-18T22:37:23.474+0000] {dag.py:3823} INFO - Setting next_dagrun for example_params_ui_tutorial to None, run_after=None
[2026-04-18T22:37:23.498+0000] {processor.py:183} INFO - Processing /home/airflow/.local/lib/python3.8/site-packages/airflow/example_dags/example_params_ui_tutorial.py took 0.123 seconds
[2026-04-18T22:37:54.313+0000] {processor.py:161} INFO - Started process (PID=16378) to work on /home/airflow/.local/lib/python3.8/site-packages/airflow/example_dags/example_params_ui_tutorial.py
[2026-04-18T22:37:54.314+0000] {processor.py:830} INFO - Processing file /home/airflow/.local/lib/python3.8/site-packages/airflow/example_dags/example_params_ui_tutorial.py for tasks to queue
[2026-04-18T22:37:54.317+0000] {logging_mixin.py:188} INFO - [2026-04-18T22:37:54.316+0000] {dagbag.py:538} INFO - Filling up the DagBag from /home/airflow/.local/lib/python3.8/site-packages/airflow/example_dags/example_params_ui_tutorial.py
[2026-04-18T22:37:54.331+0000] {processor.py:840} INFO - DAG(s) 'example_params_ui_tutorial' retrieved from /home/airflow/.local/lib/python3.8/site-packages/airflow/example_dags/example_params_ui_tutorial.py
[2026-04-18T22:37:54.396+0000] {logging_mixin.py:188} INFO - [2026-04-18T22:37:54.396+0000] {dag.py:3036} INFO - Sync 1 DAGs
[2026-04-18T22:37:54.410+0000] {logging_mixin.py:188} INFO - [2026-04-18T22:37:54.409+0000] {dag.py:3823} INFO - Setting next_dagrun for example_params_ui_tutorial to None, run_after=None
[2026-04-18T22:37:54.431+0000] {processor.py:183} INFO - Processing /home/airflow/.local/lib/python3.8/site-packages/airflow/example_dags/example_params_ui_tutorial.py took 0.122 seconds
[2026-04-18T22:38:25.185+0000] {processor.py:161} INFO - Started process (PID=16435) to work on /home/airflow/.local/lib/python3.8/site-packages/airflow/example_dags/example_params_ui_tutorial.py
[2026-04-18T22:38:25.186+0000] {processor.py:830} INFO - Processing file /home/airflow/.local/lib/python3.8/site-packages/airflow/example_dags/example_params_ui_tutorial.py for tasks to queue
[2026-04-18T22:38:25.188+0000] {logging_mixin.py:188} INFO - [2026-04-18T22:38:25.188+0000] {dagbag.py:538} INFO - Filling up the DagBag from /home/airflow/.local/lib/python3.8/site-packages/airflow/example_dags/example_params_ui_tutorial.py
[2026-04-18T22:38:25.202+0000] {processor.py:840} INFO - DAG(s) 'example_params_ui_tutorial' retrieved from /home/airflow/.local/lib/python3.8/site-packages/airflow/example_dags/example_params_ui_tutorial.py
[2026-04-18T22:38:25.256+0000] {logging_mixin.py:188} INFO - [2026-04-18T22:38:25.256+0000] {dag.py:3036} INFO - Sync 1 DAGs
[2026-04-18T22:38:25.267+0000] {logging_mixin.py:188} INFO - [2026-04-18T22:38:25.267+0000] {dag.py:3823} INFO - Setting next_dagrun for example_params_ui_tutorial to None, run_after=None
[2026-04-18T22:38:25.293+0000] {processor.py:183} INFO - Processing /home/airflow/.local/lib/python3.8/site-packages/airflow/example_dags/example_params_ui_tutorial.py took 0.111 seconds
[2026-04-18T22:38:55.640+0000] {processor.py:161} INFO - Started process (PID=16492) to work on /home/airflow/.local/lib/python3.8/site-packages/airflow/example_dags/example_params_ui_tutorial.py
[2026-04-18T22:38:55.641+0000] {processor.py:830} INFO - Processing file /home/airflow/.local/lib/python3.8/site-packages/airflow/example_dags/example_params_ui_tutorial.py for tasks to queue
[2026-04-18T22:38:55.644+0000] {logging_mixin.py:188} INFO - [2026-04-18T22:38:55.643+0000] {dagbag.py:538} INFO - Filling up the DagBag from /home/airflow/.local/lib/python3.8/site-packages/airflow/example_dags/example_params_ui_tutorial.py
[2026-04-18T22:38:55.658+0000] {processor.py:840} INFO - DAG(s) 'example_params_ui_tutorial' retrieved from /home/airflow/.local/lib/python3.8/site-packages/airflow/example_dags/example_params_ui_tutorial.py
[2026-04-18T22:38:55.721+0000] {logging_mixin.py:188} INFO - [2026-04-18T22:38:55.721+0000] {dag.py:3036} INFO - Sync 1 DAGs
[2026-04-18T22:38:55.732+0000] {logging_mixin.py:188} INFO - [2026-04-18T22:38:55.732+0000] {dag.py:3823} INFO - Setting next_dagrun for example_params_ui_tutorial to None, run_after=None
[2026-04-18T22:38:55.754+0000] {processor.py:183} INFO - Processing /home/airflow/.local/lib/python3.8/site-packages/airflow/example_dags/example_params_ui_tutorial.py took 0.118 seconds
[2026-04-18T22:39:26.044+0000] {processor.py:161} INFO - Started process (PID=16549) to work on /home/airflow/.local/lib/python3.8/site-packages/airflow/example_dags/example_params_ui_tutorial.py
[2026-04-18T22:39:26.045+0000] {processor.py:830} INFO - Processing file /home/airflow/.local/lib/python3.8/site-packages/airflow/example_dags/example_params_ui_tutorial.py for tasks to queue
[2026-04-18T22:39:26.047+0000] {logging_mixin.py:188} INFO - [2026-04-18T22:39:26.047+0000] {dagbag.py:538} INFO - Filling up the DagBag from /home/airflow/.local/lib/python3.8/site-packages/airflow/example_dags/example_params_ui_tutorial.py
[2026-04-18T22:39:26.059+0000] {processor.py:840} INFO - DAG(s) 'example_params_ui_tutorial' retrieved from /home/airflow/.local/lib/python3.8/site-packages/airflow/example_dags/example_params_ui_tutorial.py
[2026-04-18T22:39:26.133+0000] {logging_mixin.py:188} INFO - [2026-04-18T22:39:26.133+0000] {dag.py:3036} INFO - Sync 1 DAGs
[2026-04-18T22:39:26.149+0000] {logging_mixin.py:188} INFO - [2026-04-18T22:39:26.148+0000] {dag.py:3823} INFO - Setting next_dagrun for example_params_ui_tutorial to None, run_after=None
[2026-04-18T22:39:26.172+0000] {processor.py:183} INFO - Processing /home/airflow/.local/lib/python3.8/site-packages/airflow/example_dags/example_params_ui_tutorial.py took 0.132 seconds
[2026-04-18T22:39:56.336+0000] {processor.py:161} INFO - Started process (PID=16606) to work on /home/airflow/.local/lib/python3.8/site-packages/airflow/example_dags/example_params_ui_tutorial.py
[2026-04-18T22:39:56.338+0000] {processor.py:830} INFO - Processing file /home/airflow/.local/lib/python3.8/site-packages/airflow/example_dags/example_params_ui_tutorial.py for tasks to queue
[2026-04-18T22:39:56.340+0000] {logging_mixin.py:188} INFO - [2026-04-18T22:39:56.340+0000] {dagbag.py:538} INFO - Filling up the DagBag from /home/airflow/.local/lib/python3.8/site-packages/airflow/example_dags/example_params_ui_tutorial.py
[2026-04-18T22:39:56.355+0000] {processor.py:840} INFO - DAG(s) 'example_params_ui_tutorial' retrieved from /home/airflow/.local/lib/python3.8/site-packages/airflow/example_dags/example_params_ui_tutorial.py
[2026-04-18T22:39:56.406+0000] {logging_mixin.py:188} INFO - [2026-04-18T22:39:56.406+0000] {dag.py:3036} INFO - Sync 1 DAGs
[2026-04-18T22:39:56.418+0000] {logging_mixin.py:188} INFO - [2026-04-18T22:39:56.418+0000] {dag.py:3823} INFO - Setting next_dagrun for example_params_ui_tutorial to None, run_after=None
[2026-04-18T22:39:56.441+0000] {processor.py:183} INFO - Processing /home/airflow/.local/lib/python3.8/site-packages/airflow/example_dags/example_params_ui_tutorial.py took 0.109 seconds
[2026-04-18T22:40:26.957+0000] {processor.py:161} INFO - Started process (PID=16663) to work on /home/airflow/.local/lib/python3.8/site-packages/airflow/example_dags/example_params_ui_tutorial.py
[2026-04-18T22:40:26.958+0000] {processor.py:830} INFO - Processing file /home/airflow/.local/lib/python3.8/site-packages/airflow/example_dags/example_params_ui_tutorial.py for tasks to queue
[2026-04-18T22:40:26.960+0000] {logging_mixin.py:188} INFO - [2026-04-18T22:40:26.960+0000] {dagbag.py:538} INFO - Filling up the DagBag from /home/airflow/.local/lib/python3.8/site-packages/airflow/example_dags/example_params_ui_tutorial.py
[2026-04-18T22:40:26.972+0000] {processor.py:840} INFO - DAG(s) 'example_params_ui_tutorial' retrieved from /home/airflow/.local/lib/python3.8/site-packages/airflow/example_dags/example_params_ui_tutorial.py
[2026-04-18T22:40:27.034+0000] {logging_mixin.py:188} INFO - [2026-04-18T22:40:27.034+0000] {dag.py:3036} INFO - Sync 1 DAGs
[2026-04-18T22:40:27.046+0000] {logging_mixin.py:188} INFO - [2026-04-18T22:40:27.046+0000] {dag.py:3823} INFO - Setting next_dagrun for example_params_ui_tutorial to None, run_after=None
[2026-04-18T22:40:27.066+0000] {processor.py:183} INFO - Processing /home/airflow/.local/lib/python3.8/site-packages/airflow/example_dags/example_params_ui_tutorial.py took 0.113 seconds
[2026-04-18T22:40:57.423+0000] {processor.py:161} INFO - Started process (PID=16720) to work on /home/airflow/.local/lib/python3.8/site-packages/airflow/example_dags/example_params_ui_tutorial.py
[2026-04-18T22:40:57.425+0000] {processor.py:830} INFO - Processing file /home/airflow/.local/lib/python3.8/site-packages/airflow/example_dags/example_params_ui_tutorial.py for tasks to queue
[2026-04-18T22:40:57.428+0000] {logging_mixin.py:188} INFO - [2026-04-18T22:40:57.427+0000] {dagbag.py:538} INFO - Filling up the DagBag from /home/airflow/.local/lib/python3.8/site-packages/airflow/example_dags/example_params_ui_tutorial.py
[2026-04-18T22:40:57.442+0000] {processor.py:840} INFO - DAG(s) 'example_params_ui_tutorial' retrieved from /home/airflow/.local/lib/python3.8/site-packages/airflow/example_dags/example_params_ui_tutorial.py
[2026-04-18T22:40:57.494+0000] {logging_mixin.py:188} INFO - [2026-04-18T22:40:57.494+0000] {dag.py:3036} INFO - Sync 1 DAGs
[2026-04-18T22:40:57.506+0000] {logging_mixin.py:188} INFO - [2026-04-18T22:40:57.506+0000] {dag.py:3823} INFO - Setting next_dagrun for example_params_ui_tutorial to None, run_after=None
[2026-04-18T22:40:57.530+0000] {processor.py:183} INFO - Processing /home/airflow/.local/lib/python3.8/site-packages/airflow/example_dags/example_params_ui_tutorial.py took 0.111 seconds
[2026-04-18T22:41:27.848+0000] {processor.py:161} INFO - Started process (PID=16777) to work on /home/airflow/.local/lib/python3.8/site-packages/airflow/example_dags/example_params_ui_tutorial.py
[2026-04-18T22:41:27.850+0000] {processor.py:830} INFO - Processing file /home/airflow/.local/lib/python3.8/site-packages/airflow/example_dags/example_params_ui_tutorial.py for tasks to queue
[2026-04-18T22:41:27.852+0000] {logging_mixin.py:188} INFO - [2026-04-18T22:41:27.852+0000] {dagbag.py:538} INFO - Filling up the DagBag from /home/airflow/.local/lib/python3.8/site-packages/airflow/example_dags/example_params_ui_tutorial.py
[2026-04-18T22:41:27.864+0000] {processor.py:840} INFO - DAG(s) 'example_params_ui_tutorial' retrieved from /home/airflow/.local/lib/python3.8/site-packages/airflow/example_dags/example_params_ui_tutorial.py
[2026-04-18T22:41:27.923+0000] {logging_mixin.py:188} INFO - [2026-04-18T22:41:27.923+0000] {dag.py:3036} INFO - Sync 1 DAGs
[2026-04-18T22:41:27.936+0000] {logging_mixin.py:188} INFO - [2026-04-18T22:41:27.935+0000] {dag.py:3823} INFO - Setting next_dagrun for example_params_ui_tutorial to None, run_after=None
[2026-04-18T22:41:27.962+0000] {processor.py:183} INFO - Processing /home/airflow/.local/lib/python3.8/site-packages/airflow/example_dags/example_params_ui_tutorial.py took 0.117 seconds
