[2026-04-14T19:44:20.414+0000] {processor.py:161} INFO - Started process (PID=51) to work on /opt/airflow/dags/talend_dwh_pipeline.py
[2026-04-14T19:44:20.416+0000] {processor.py:830} INFO - Processing file /opt/airflow/dags/talend_dwh_pipeline.py for tasks to queue
[2026-04-14T19:44:20.419+0000] {logging_mixin.py:188} INFO - [2026-04-14T19:44:20.419+0000] {dagbag.py:538} INFO - Filling up the DagBag from /opt/airflow/dags/talend_dwh_pipeline.py
[2026-04-14T19:44:20.457+0000] {processor.py:840} INFO - DAG(s) 'talend_dwh_pipeline' retrieved from /opt/airflow/dags/talend_dwh_pipeline.py
[2026-04-14T19:44:20.525+0000] {logging_mixin.py:188} INFO - [2026-04-14T19:44:20.524+0000] {dag.py:3036} INFO - Sync 1 DAGs
[2026-04-14T19:44:20.563+0000] {logging_mixin.py:188} INFO - [2026-04-14T19:44:20.563+0000] {dag.py:3823} INFO - Setting next_dagrun for talend_dwh_pipeline to 2026-04-13 00:00:00+00:00, run_after=2026-04-14 00:00:00+00:00
[2026-04-14T19:44:20.597+0000] {processor.py:183} INFO - Processing /opt/airflow/dags/talend_dwh_pipeline.py took 0.190 seconds
[2026-04-14T19:44:50.774+0000] {processor.py:161} INFO - Started process (PID=108) to work on /opt/airflow/dags/talend_dwh_pipeline.py
[2026-04-14T19:44:50.776+0000] {processor.py:830} INFO - Processing file /opt/airflow/dags/talend_dwh_pipeline.py for tasks to queue
[2026-04-14T19:44:50.781+0000] {logging_mixin.py:188} INFO - [2026-04-14T19:44:50.780+0000] {dagbag.py:538} INFO - Filling up the DagBag from /opt/airflow/dags/talend_dwh_pipeline.py
[2026-04-14T19:44:50.833+0000] {processor.py:840} INFO - DAG(s) 'talend_dwh_pipeline' retrieved from /opt/airflow/dags/talend_dwh_pipeline.py
[2026-04-14T19:44:50.884+0000] {logging_mixin.py:188} INFO - [2026-04-14T19:44:50.884+0000] {dag.py:3036} INFO - Sync 1 DAGs
[2026-04-14T19:44:50.942+0000] {logging_mixin.py:188} INFO - [2026-04-14T19:44:50.941+0000] {dag.py:3823} INFO - Setting next_dagrun for talend_dwh_pipeline to 2026-04-14 00:00:00+00:00, run_after=2026-04-15 00:00:00+00:00
[2026-04-14T19:44:50.994+0000] {processor.py:183} INFO - Processing /opt/airflow/dags/talend_dwh_pipeline.py took 0.234 seconds
[2026-04-14T19:45:21.192+0000] {processor.py:161} INFO - Started process (PID=166) to work on /opt/airflow/dags/talend_dwh_pipeline.py
[2026-04-14T19:45:21.194+0000] {processor.py:830} INFO - Processing file /opt/airflow/dags/talend_dwh_pipeline.py for tasks to queue
[2026-04-14T19:45:21.198+0000] {logging_mixin.py:188} INFO - [2026-04-14T19:45:21.197+0000] {dagbag.py:538} INFO - Filling up the DagBag from /opt/airflow/dags/talend_dwh_pipeline.py
[2026-04-14T19:45:21.234+0000] {processor.py:840} INFO - DAG(s) 'talend_dwh_pipeline' retrieved from /opt/airflow/dags/talend_dwh_pipeline.py
[2026-04-14T19:45:21.274+0000] {logging_mixin.py:188} INFO - [2026-04-14T19:45:21.274+0000] {dag.py:3036} INFO - Sync 1 DAGs
[2026-04-14T19:45:21.329+0000] {logging_mixin.py:188} INFO - [2026-04-14T19:45:21.328+0000] {dag.py:3823} INFO - Setting next_dagrun for talend_dwh_pipeline to 2026-04-14 00:00:00+00:00, run_after=2026-04-15 00:00:00+00:00
[2026-04-14T19:45:21.375+0000] {processor.py:183} INFO - Processing /opt/airflow/dags/talend_dwh_pipeline.py took 0.188 seconds
[2026-04-14T19:45:51.523+0000] {processor.py:161} INFO - Started process (PID=223) to work on /opt/airflow/dags/talend_dwh_pipeline.py
[2026-04-14T19:45:51.527+0000] {processor.py:830} INFO - Processing file /opt/airflow/dags/talend_dwh_pipeline.py for tasks to queue
[2026-04-14T19:45:51.534+0000] {logging_mixin.py:188} INFO - [2026-04-14T19:45:51.533+0000] {dagbag.py:538} INFO - Filling up the DagBag from /opt/airflow/dags/talend_dwh_pipeline.py
[2026-04-14T19:45:51.588+0000] {processor.py:840} INFO - DAG(s) 'talend_dwh_pipeline' retrieved from /opt/airflow/dags/talend_dwh_pipeline.py
[2026-04-14T19:45:51.657+0000] {logging_mixin.py:188} INFO - [2026-04-14T19:45:51.656+0000] {dag.py:3036} INFO - Sync 1 DAGs
[2026-04-14T19:45:51.719+0000] {logging_mixin.py:188} INFO - [2026-04-14T19:45:51.719+0000] {dag.py:3823} INFO - Setting next_dagrun for talend_dwh_pipeline to 2026-04-14 00:00:00+00:00, run_after=2026-04-15 00:00:00+00:00
[2026-04-14T19:45:51.765+0000] {processor.py:183} INFO - Processing /opt/airflow/dags/talend_dwh_pipeline.py took 0.251 seconds
[2026-04-14T19:46:21.949+0000] {processor.py:161} INFO - Started process (PID=280) to work on /opt/airflow/dags/talend_dwh_pipeline.py
[2026-04-14T19:46:21.951+0000] {processor.py:830} INFO - Processing file /opt/airflow/dags/talend_dwh_pipeline.py for tasks to queue
[2026-04-14T19:46:21.955+0000] {logging_mixin.py:188} INFO - [2026-04-14T19:46:21.955+0000] {dagbag.py:538} INFO - Filling up the DagBag from /opt/airflow/dags/talend_dwh_pipeline.py
[2026-04-14T19:46:21.986+0000] {processor.py:840} INFO - DAG(s) 'talend_dwh_pipeline' retrieved from /opt/airflow/dags/talend_dwh_pipeline.py
[2026-04-14T19:46:22.017+0000] {logging_mixin.py:188} INFO - [2026-04-14T19:46:22.016+0000] {dag.py:3036} INFO - Sync 1 DAGs
[2026-04-14T19:46:22.051+0000] {logging_mixin.py:188} INFO - [2026-04-14T19:46:22.051+0000] {dag.py:3823} INFO - Setting next_dagrun for talend_dwh_pipeline to 2026-04-14 00:00:00+00:00, run_after=2026-04-15 00:00:00+00:00
[2026-04-14T19:46:22.082+0000] {processor.py:183} INFO - Processing /opt/airflow/dags/talend_dwh_pipeline.py took 0.139 seconds
[2026-04-14T19:46:52.154+0000] {processor.py:161} INFO - Started process (PID=337) to work on /opt/airflow/dags/talend_dwh_pipeline.py
[2026-04-14T19:46:52.155+0000] {processor.py:830} INFO - Processing file /opt/airflow/dags/talend_dwh_pipeline.py for tasks to queue
[2026-04-14T19:46:52.158+0000] {logging_mixin.py:188} INFO - [2026-04-14T19:46:52.158+0000] {dagbag.py:538} INFO - Filling up the DagBag from /opt/airflow/dags/talend_dwh_pipeline.py
[2026-04-14T19:46:52.178+0000] {processor.py:840} INFO - DAG(s) 'talend_dwh_pipeline' retrieved from /opt/airflow/dags/talend_dwh_pipeline.py
[2026-04-14T19:46:52.202+0000] {logging_mixin.py:188} INFO - [2026-04-14T19:46:52.201+0000] {dag.py:3036} INFO - Sync 1 DAGs
[2026-04-14T19:46:52.226+0000] {logging_mixin.py:188} INFO - [2026-04-14T19:46:52.226+0000] {dag.py:3823} INFO - Setting next_dagrun for talend_dwh_pipeline to 2026-04-14 00:00:00+00:00, run_after=2026-04-15 00:00:00+00:00
[2026-04-14T19:46:52.255+0000] {processor.py:183} INFO - Processing /opt/airflow/dags/talend_dwh_pipeline.py took 0.105 seconds
[2026-04-14T19:47:22.668+0000] {processor.py:161} INFO - Started process (PID=394) to work on /opt/airflow/dags/talend_dwh_pipeline.py
[2026-04-14T19:47:22.669+0000] {processor.py:830} INFO - Processing file /opt/airflow/dags/talend_dwh_pipeline.py for tasks to queue
[2026-04-14T19:47:22.673+0000] {logging_mixin.py:188} INFO - [2026-04-14T19:47:22.672+0000] {dagbag.py:538} INFO - Filling up the DagBag from /opt/airflow/dags/talend_dwh_pipeline.py
[2026-04-14T19:47:22.698+0000] {processor.py:840} INFO - DAG(s) 'talend_dwh_pipeline' retrieved from /opt/airflow/dags/talend_dwh_pipeline.py
[2026-04-14T19:47:22.724+0000] {logging_mixin.py:188} INFO - [2026-04-14T19:47:22.724+0000] {dag.py:3036} INFO - Sync 1 DAGs
[2026-04-14T19:47:22.755+0000] {logging_mixin.py:188} INFO - [2026-04-14T19:47:22.755+0000] {dag.py:3823} INFO - Setting next_dagrun for talend_dwh_pipeline to 2026-04-14 00:00:00+00:00, run_after=2026-04-15 00:00:00+00:00
[2026-04-14T19:47:22.777+0000] {processor.py:183} INFO - Processing /opt/airflow/dags/talend_dwh_pipeline.py took 0.115 seconds
[2026-04-14T19:47:52.831+0000] {processor.py:161} INFO - Started process (PID=451) to work on /opt/airflow/dags/talend_dwh_pipeline.py
[2026-04-14T19:47:52.833+0000] {processor.py:830} INFO - Processing file /opt/airflow/dags/talend_dwh_pipeline.py for tasks to queue
[2026-04-14T19:47:52.835+0000] {logging_mixin.py:188} INFO - [2026-04-14T19:47:52.834+0000] {dagbag.py:538} INFO - Filling up the DagBag from /opt/airflow/dags/talend_dwh_pipeline.py
[2026-04-14T19:47:52.854+0000] {processor.py:840} INFO - DAG(s) 'talend_dwh_pipeline' retrieved from /opt/airflow/dags/talend_dwh_pipeline.py
[2026-04-14T19:47:52.876+0000] {logging_mixin.py:188} INFO - [2026-04-14T19:47:52.875+0000] {dag.py:3036} INFO - Sync 1 DAGs
[2026-04-14T19:47:52.900+0000] {logging_mixin.py:188} INFO - [2026-04-14T19:47:52.900+0000] {dag.py:3823} INFO - Setting next_dagrun for talend_dwh_pipeline to 2026-04-14 00:00:00+00:00, run_after=2026-04-15 00:00:00+00:00
[2026-04-14T19:47:52.925+0000] {processor.py:183} INFO - Processing /opt/airflow/dags/talend_dwh_pipeline.py took 0.098 seconds
[2026-04-14T19:48:23.051+0000] {processor.py:161} INFO - Started process (PID=514) to work on /opt/airflow/dags/talend_dwh_pipeline.py
[2026-04-14T19:48:23.052+0000] {processor.py:830} INFO - Processing file /opt/airflow/dags/talend_dwh_pipeline.py for tasks to queue
[2026-04-14T19:48:23.055+0000] {logging_mixin.py:188} INFO - [2026-04-14T19:48:23.054+0000] {dagbag.py:538} INFO - Filling up the DagBag from /opt/airflow/dags/talend_dwh_pipeline.py
[2026-04-14T19:48:23.076+0000] {processor.py:840} INFO - DAG(s) 'talend_dwh_pipeline' retrieved from /opt/airflow/dags/talend_dwh_pipeline.py
[2026-04-14T19:48:23.098+0000] {logging_mixin.py:188} INFO - [2026-04-14T19:48:23.098+0000] {dag.py:3036} INFO - Sync 1 DAGs
[2026-04-14T19:48:23.120+0000] {logging_mixin.py:188} INFO - [2026-04-14T19:48:23.120+0000] {dag.py:3823} INFO - Setting next_dagrun for talend_dwh_pipeline to 2026-04-14 00:00:00+00:00, run_after=2026-04-15 00:00:00+00:00
[2026-04-14T19:48:23.142+0000] {processor.py:183} INFO - Processing /opt/airflow/dags/talend_dwh_pipeline.py took 0.095 seconds
[2026-04-14T19:48:53.336+0000] {processor.py:161} INFO - Started process (PID=572) to work on /opt/airflow/dags/talend_dwh_pipeline.py
[2026-04-14T19:48:53.337+0000] {processor.py:830} INFO - Processing file /opt/airflow/dags/talend_dwh_pipeline.py for tasks to queue
[2026-04-14T19:48:53.339+0000] {logging_mixin.py:188} INFO - [2026-04-14T19:48:53.339+0000] {dagbag.py:538} INFO - Filling up the DagBag from /opt/airflow/dags/talend_dwh_pipeline.py
[2026-04-14T19:48:53.364+0000] {processor.py:840} INFO - DAG(s) 'talend_dwh_pipeline' retrieved from /opt/airflow/dags/talend_dwh_pipeline.py
[2026-04-14T19:48:53.395+0000] {logging_mixin.py:188} INFO - [2026-04-14T19:48:53.395+0000] {dag.py:3036} INFO - Sync 1 DAGs
[2026-04-14T19:48:53.424+0000] {logging_mixin.py:188} INFO - [2026-04-14T19:48:53.424+0000] {dag.py:3823} INFO - Setting next_dagrun for talend_dwh_pipeline to 2026-04-14 00:00:00+00:00, run_after=2026-04-15 00:00:00+00:00
[2026-04-14T19:48:53.453+0000] {processor.py:183} INFO - Processing /opt/airflow/dags/talend_dwh_pipeline.py took 0.120 seconds
[2026-04-14T19:49:23.555+0000] {processor.py:161} INFO - Started process (PID=629) to work on /opt/airflow/dags/talend_dwh_pipeline.py
[2026-04-14T19:49:23.557+0000] {processor.py:830} INFO - Processing file /opt/airflow/dags/talend_dwh_pipeline.py for tasks to queue
[2026-04-14T19:49:23.560+0000] {logging_mixin.py:188} INFO - [2026-04-14T19:49:23.559+0000] {dagbag.py:538} INFO - Filling up the DagBag from /opt/airflow/dags/talend_dwh_pipeline.py
[2026-04-14T19:49:23.584+0000] {processor.py:840} INFO - DAG(s) 'talend_dwh_pipeline' retrieved from /opt/airflow/dags/talend_dwh_pipeline.py
[2026-04-14T19:49:23.609+0000] {logging_mixin.py:188} INFO - [2026-04-14T19:49:23.608+0000] {dag.py:3036} INFO - Sync 1 DAGs
[2026-04-14T19:49:23.637+0000] {logging_mixin.py:188} INFO - [2026-04-14T19:49:23.637+0000] {dag.py:3823} INFO - Setting next_dagrun for talend_dwh_pipeline to 2026-04-14 00:00:00+00:00, run_after=2026-04-15 00:00:00+00:00
[2026-04-14T19:49:23.738+0000] {processor.py:183} INFO - Processing /opt/airflow/dags/talend_dwh_pipeline.py took 0.187 seconds
[2026-04-14T19:49:53.894+0000] {processor.py:161} INFO - Started process (PID=685) to work on /opt/airflow/dags/talend_dwh_pipeline.py
[2026-04-14T19:49:53.895+0000] {processor.py:830} INFO - Processing file /opt/airflow/dags/talend_dwh_pipeline.py for tasks to queue
[2026-04-14T19:49:53.897+0000] {logging_mixin.py:188} INFO - [2026-04-14T19:49:53.896+0000] {dagbag.py:538} INFO - Filling up the DagBag from /opt/airflow/dags/talend_dwh_pipeline.py
[2026-04-14T19:49:53.926+0000] {processor.py:840} INFO - DAG(s) 'talend_dwh_pipeline' retrieved from /opt/airflow/dags/talend_dwh_pipeline.py
[2026-04-14T19:49:53.952+0000] {logging_mixin.py:188} INFO - [2026-04-14T19:49:53.952+0000] {dag.py:3036} INFO - Sync 1 DAGs
[2026-04-14T19:49:53.981+0000] {logging_mixin.py:188} INFO - [2026-04-14T19:49:53.981+0000] {dag.py:3823} INFO - Setting next_dagrun for talend_dwh_pipeline to 2026-04-14 00:00:00+00:00, run_after=2026-04-15 00:00:00+00:00
[2026-04-14T19:49:54.007+0000] {processor.py:183} INFO - Processing /opt/airflow/dags/talend_dwh_pipeline.py took 0.116 seconds
[2026-04-14T19:50:24.813+0000] {processor.py:161} INFO - Started process (PID=742) to work on /opt/airflow/dags/talend_dwh_pipeline.py
[2026-04-14T19:50:24.815+0000] {processor.py:830} INFO - Processing file /opt/airflow/dags/talend_dwh_pipeline.py for tasks to queue
[2026-04-14T19:50:24.817+0000] {logging_mixin.py:188} INFO - [2026-04-14T19:50:24.817+0000] {dagbag.py:538} INFO - Filling up the DagBag from /opt/airflow/dags/talend_dwh_pipeline.py
[2026-04-14T19:50:24.849+0000] {processor.py:840} INFO - DAG(s) 'talend_dwh_pipeline' retrieved from /opt/airflow/dags/talend_dwh_pipeline.py
[2026-04-14T19:50:24.882+0000] {logging_mixin.py:188} INFO - [2026-04-14T19:50:24.882+0000] {dag.py:3036} INFO - Sync 1 DAGs
[2026-04-14T19:50:24.921+0000] {logging_mixin.py:188} INFO - [2026-04-14T19:50:24.921+0000] {dag.py:3823} INFO - Setting next_dagrun for talend_dwh_pipeline to 2026-04-14 00:00:00+00:00, run_after=2026-04-15 00:00:00+00:00
[2026-04-14T19:50:24.951+0000] {processor.py:183} INFO - Processing /opt/airflow/dags/talend_dwh_pipeline.py took 0.143 seconds
[2026-04-14T19:50:55.200+0000] {processor.py:161} INFO - Started process (PID=799) to work on /opt/airflow/dags/talend_dwh_pipeline.py
[2026-04-14T19:50:55.202+0000] {processor.py:830} INFO - Processing file /opt/airflow/dags/talend_dwh_pipeline.py for tasks to queue
[2026-04-14T19:50:55.204+0000] {logging_mixin.py:188} INFO - [2026-04-14T19:50:55.204+0000] {dagbag.py:538} INFO - Filling up the DagBag from /opt/airflow/dags/talend_dwh_pipeline.py
[2026-04-14T19:50:55.232+0000] {processor.py:840} INFO - DAG(s) 'talend_dwh_pipeline' retrieved from /opt/airflow/dags/talend_dwh_pipeline.py
[2026-04-14T19:50:55.263+0000] {logging_mixin.py:188} INFO - [2026-04-14T19:50:55.263+0000] {dag.py:3036} INFO - Sync 1 DAGs
[2026-04-14T19:50:55.293+0000] {logging_mixin.py:188} INFO - [2026-04-14T19:50:55.293+0000] {dag.py:3823} INFO - Setting next_dagrun for talend_dwh_pipeline to 2026-04-14 00:00:00+00:00, run_after=2026-04-15 00:00:00+00:00
[2026-04-14T19:50:55.322+0000] {processor.py:183} INFO - Processing /opt/airflow/dags/talend_dwh_pipeline.py took 0.127 seconds
[2026-04-14T19:51:25.398+0000] {processor.py:161} INFO - Started process (PID=856) to work on /opt/airflow/dags/talend_dwh_pipeline.py
[2026-04-14T19:51:25.399+0000] {processor.py:830} INFO - Processing file /opt/airflow/dags/talend_dwh_pipeline.py for tasks to queue
[2026-04-14T19:51:25.401+0000] {logging_mixin.py:188} INFO - [2026-04-14T19:51:25.401+0000] {dagbag.py:538} INFO - Filling up the DagBag from /opt/airflow/dags/talend_dwh_pipeline.py
[2026-04-14T19:51:25.430+0000] {processor.py:840} INFO - DAG(s) 'talend_dwh_pipeline' retrieved from /opt/airflow/dags/talend_dwh_pipeline.py
[2026-04-14T19:51:25.461+0000] {logging_mixin.py:188} INFO - [2026-04-14T19:51:25.461+0000] {dag.py:3036} INFO - Sync 1 DAGs
[2026-04-14T19:51:25.490+0000] {logging_mixin.py:188} INFO - [2026-04-14T19:51:25.489+0000] {dag.py:3823} INFO - Setting next_dagrun for talend_dwh_pipeline to 2026-04-14 00:00:00+00:00, run_after=2026-04-15 00:00:00+00:00
[2026-04-14T19:51:25.516+0000] {processor.py:183} INFO - Processing /opt/airflow/dags/talend_dwh_pipeline.py took 0.122 seconds
[2026-04-14T19:51:55.700+0000] {processor.py:161} INFO - Started process (PID=913) to work on /opt/airflow/dags/talend_dwh_pipeline.py
[2026-04-14T19:51:55.701+0000] {processor.py:830} INFO - Processing file /opt/airflow/dags/talend_dwh_pipeline.py for tasks to queue
[2026-04-14T19:51:55.704+0000] {logging_mixin.py:188} INFO - [2026-04-14T19:51:55.704+0000] {dagbag.py:538} INFO - Filling up the DagBag from /opt/airflow/dags/talend_dwh_pipeline.py
[2026-04-14T19:51:55.728+0000] {processor.py:840} INFO - DAG(s) 'talend_dwh_pipeline' retrieved from /opt/airflow/dags/talend_dwh_pipeline.py
[2026-04-14T19:51:55.753+0000] {logging_mixin.py:188} INFO - [2026-04-14T19:51:55.753+0000] {dag.py:3036} INFO - Sync 1 DAGs
[2026-04-14T19:51:55.784+0000] {logging_mixin.py:188} INFO - [2026-04-14T19:51:55.784+0000] {dag.py:3823} INFO - Setting next_dagrun for talend_dwh_pipeline to 2026-04-14 00:00:00+00:00, run_after=2026-04-15 00:00:00+00:00
[2026-04-14T19:51:55.812+0000] {processor.py:183} INFO - Processing /opt/airflow/dags/talend_dwh_pipeline.py took 0.119 seconds
[2026-04-14T19:52:26.380+0000] {processor.py:161} INFO - Started process (PID=970) to work on /opt/airflow/dags/talend_dwh_pipeline.py
[2026-04-14T19:52:26.381+0000] {processor.py:830} INFO - Processing file /opt/airflow/dags/talend_dwh_pipeline.py for tasks to queue
[2026-04-14T19:52:26.384+0000] {logging_mixin.py:188} INFO - [2026-04-14T19:52:26.384+0000] {dagbag.py:538} INFO - Filling up the DagBag from /opt/airflow/dags/talend_dwh_pipeline.py
[2026-04-14T19:52:26.420+0000] {processor.py:840} INFO - DAG(s) 'talend_dwh_pipeline' retrieved from /opt/airflow/dags/talend_dwh_pipeline.py
[2026-04-14T19:52:26.474+0000] {logging_mixin.py:188} INFO - [2026-04-14T19:52:26.474+0000] {dag.py:3036} INFO - Sync 1 DAGs
[2026-04-14T19:52:26.515+0000] {logging_mixin.py:188} INFO - [2026-04-14T19:52:26.515+0000] {dag.py:3823} INFO - Setting next_dagrun for talend_dwh_pipeline to 2026-04-14 00:00:00+00:00, run_after=2026-04-15 00:00:00+00:00
[2026-04-14T19:52:26.567+0000] {processor.py:183} INFO - Processing /opt/airflow/dags/talend_dwh_pipeline.py took 0.192 seconds
[2026-04-14T19:52:56.763+0000] {processor.py:161} INFO - Started process (PID=1028) to work on /opt/airflow/dags/talend_dwh_pipeline.py
[2026-04-14T19:52:56.765+0000] {processor.py:830} INFO - Processing file /opt/airflow/dags/talend_dwh_pipeline.py for tasks to queue
[2026-04-14T19:52:56.767+0000] {logging_mixin.py:188} INFO - [2026-04-14T19:52:56.767+0000] {dagbag.py:538} INFO - Filling up the DagBag from /opt/airflow/dags/talend_dwh_pipeline.py
[2026-04-14T19:52:56.791+0000] {processor.py:840} INFO - DAG(s) 'talend_dwh_pipeline' retrieved from /opt/airflow/dags/talend_dwh_pipeline.py
[2026-04-14T19:52:56.818+0000] {logging_mixin.py:188} INFO - [2026-04-14T19:52:56.818+0000] {dag.py:3036} INFO - Sync 1 DAGs
[2026-04-14T19:52:56.849+0000] {logging_mixin.py:188} INFO - [2026-04-14T19:52:56.849+0000] {dag.py:3823} INFO - Setting next_dagrun for talend_dwh_pipeline to 2026-04-14 00:00:00+00:00, run_after=2026-04-15 00:00:00+00:00
[2026-04-14T19:52:56.876+0000] {processor.py:183} INFO - Processing /opt/airflow/dags/talend_dwh_pipeline.py took 0.116 seconds
[2026-04-14T19:53:27.460+0000] {processor.py:161} INFO - Started process (PID=1084) to work on /opt/airflow/dags/talend_dwh_pipeline.py
[2026-04-14T19:53:27.461+0000] {processor.py:830} INFO - Processing file /opt/airflow/dags/talend_dwh_pipeline.py for tasks to queue
[2026-04-14T19:53:27.465+0000] {logging_mixin.py:188} INFO - [2026-04-14T19:53:27.464+0000] {dagbag.py:538} INFO - Filling up the DagBag from /opt/airflow/dags/talend_dwh_pipeline.py
[2026-04-14T19:53:27.492+0000] {processor.py:840} INFO - DAG(s) 'talend_dwh_pipeline' retrieved from /opt/airflow/dags/talend_dwh_pipeline.py
[2026-04-14T19:53:27.522+0000] {logging_mixin.py:188} INFO - [2026-04-14T19:53:27.521+0000] {dag.py:3036} INFO - Sync 1 DAGs
[2026-04-14T19:53:27.555+0000] {logging_mixin.py:188} INFO - [2026-04-14T19:53:27.554+0000] {dag.py:3823} INFO - Setting next_dagrun for talend_dwh_pipeline to 2026-04-14 00:00:00+00:00, run_after=2026-04-15 00:00:00+00:00
[2026-04-14T19:53:27.724+0000] {processor.py:183} INFO - Processing /opt/airflow/dags/talend_dwh_pipeline.py took 0.269 seconds
[2026-04-14T19:53:57.828+0000] {processor.py:161} INFO - Started process (PID=1141) to work on /opt/airflow/dags/talend_dwh_pipeline.py
[2026-04-14T19:53:57.830+0000] {processor.py:830} INFO - Processing file /opt/airflow/dags/talend_dwh_pipeline.py for tasks to queue
[2026-04-14T19:53:57.832+0000] {logging_mixin.py:188} INFO - [2026-04-14T19:53:57.832+0000] {dagbag.py:538} INFO - Filling up the DagBag from /opt/airflow/dags/talend_dwh_pipeline.py
[2026-04-14T19:53:57.863+0000] {processor.py:840} INFO - DAG(s) 'talend_dwh_pipeline' retrieved from /opt/airflow/dags/talend_dwh_pipeline.py
[2026-04-14T19:53:57.887+0000] {logging_mixin.py:188} INFO - [2026-04-14T19:53:57.886+0000] {dag.py:3036} INFO - Sync 1 DAGs
[2026-04-14T19:53:57.912+0000] {logging_mixin.py:188} INFO - [2026-04-14T19:53:57.912+0000] {dag.py:3823} INFO - Setting next_dagrun for talend_dwh_pipeline to 2026-04-14 00:00:00+00:00, run_after=2026-04-15 00:00:00+00:00
[2026-04-14T19:53:57.939+0000] {processor.py:183} INFO - Processing /opt/airflow/dags/talend_dwh_pipeline.py took 0.114 seconds
[2026-04-14T19:54:28.000+0000] {processor.py:161} INFO - Started process (PID=1198) to work on /opt/airflow/dags/talend_dwh_pipeline.py
[2026-04-14T19:54:28.002+0000] {processor.py:830} INFO - Processing file /opt/airflow/dags/talend_dwh_pipeline.py for tasks to queue
[2026-04-14T19:54:28.006+0000] {logging_mixin.py:188} INFO - [2026-04-14T19:54:28.006+0000] {dagbag.py:538} INFO - Filling up the DagBag from /opt/airflow/dags/talend_dwh_pipeline.py
[2026-04-14T19:54:28.029+0000] {processor.py:840} INFO - DAG(s) 'talend_dwh_pipeline' retrieved from /opt/airflow/dags/talend_dwh_pipeline.py
[2026-04-14T19:54:28.056+0000] {logging_mixin.py:188} INFO - [2026-04-14T19:54:28.056+0000] {dag.py:3036} INFO - Sync 1 DAGs
[2026-04-14T19:54:28.089+0000] {logging_mixin.py:188} INFO - [2026-04-14T19:54:28.087+0000] {dag.py:3823} INFO - Setting next_dagrun for talend_dwh_pipeline to 2026-04-14 00:00:00+00:00, run_after=2026-04-15 00:00:00+00:00
[2026-04-14T19:54:28.121+0000] {processor.py:183} INFO - Processing /opt/airflow/dags/talend_dwh_pipeline.py took 0.125 seconds
[2026-04-14T19:54:58.323+0000] {processor.py:161} INFO - Started process (PID=1255) to work on /opt/airflow/dags/talend_dwh_pipeline.py
[2026-04-14T19:54:58.324+0000] {processor.py:830} INFO - Processing file /opt/airflow/dags/talend_dwh_pipeline.py for tasks to queue
[2026-04-14T19:54:58.327+0000] {logging_mixin.py:188} INFO - [2026-04-14T19:54:58.327+0000] {dagbag.py:538} INFO - Filling up the DagBag from /opt/airflow/dags/talend_dwh_pipeline.py
[2026-04-14T19:54:58.345+0000] {processor.py:840} INFO - DAG(s) 'talend_dwh_pipeline' retrieved from /opt/airflow/dags/talend_dwh_pipeline.py
[2026-04-14T19:54:58.366+0000] {logging_mixin.py:188} INFO - [2026-04-14T19:54:58.365+0000] {dag.py:3036} INFO - Sync 1 DAGs
[2026-04-14T19:54:58.388+0000] {logging_mixin.py:188} INFO - [2026-04-14T19:54:58.388+0000] {dag.py:3823} INFO - Setting next_dagrun for talend_dwh_pipeline to 2026-04-14 00:00:00+00:00, run_after=2026-04-15 00:00:00+00:00
[2026-04-14T19:54:58.412+0000] {processor.py:183} INFO - Processing /opt/airflow/dags/talend_dwh_pipeline.py took 0.092 seconds
[2026-04-14T19:55:28.586+0000] {processor.py:161} INFO - Started process (PID=1312) to work on /opt/airflow/dags/talend_dwh_pipeline.py
[2026-04-14T19:55:28.588+0000] {processor.py:830} INFO - Processing file /opt/airflow/dags/talend_dwh_pipeline.py for tasks to queue
[2026-04-14T19:55:28.590+0000] {logging_mixin.py:188} INFO - [2026-04-14T19:55:28.590+0000] {dagbag.py:538} INFO - Filling up the DagBag from /opt/airflow/dags/talend_dwh_pipeline.py
[2026-04-14T19:55:28.610+0000] {processor.py:840} INFO - DAG(s) 'talend_dwh_pipeline' retrieved from /opt/airflow/dags/talend_dwh_pipeline.py
[2026-04-14T19:55:28.631+0000] {logging_mixin.py:188} INFO - [2026-04-14T19:55:28.631+0000] {dag.py:3036} INFO - Sync 1 DAGs
[2026-04-14T19:55:28.654+0000] {logging_mixin.py:188} INFO - [2026-04-14T19:55:28.653+0000] {dag.py:3823} INFO - Setting next_dagrun for talend_dwh_pipeline to 2026-04-14 00:00:00+00:00, run_after=2026-04-15 00:00:00+00:00
[2026-04-14T19:55:28.677+0000] {processor.py:183} INFO - Processing /opt/airflow/dags/talend_dwh_pipeline.py took 0.094 seconds
[2026-04-14T19:55:58.876+0000] {processor.py:161} INFO - Started process (PID=1369) to work on /opt/airflow/dags/talend_dwh_pipeline.py
[2026-04-14T19:55:58.877+0000] {processor.py:830} INFO - Processing file /opt/airflow/dags/talend_dwh_pipeline.py for tasks to queue
[2026-04-14T19:55:58.880+0000] {logging_mixin.py:188} INFO - [2026-04-14T19:55:58.880+0000] {dagbag.py:538} INFO - Filling up the DagBag from /opt/airflow/dags/talend_dwh_pipeline.py
[2026-04-14T19:55:58.908+0000] {processor.py:840} INFO - DAG(s) 'talend_dwh_pipeline' retrieved from /opt/airflow/dags/talend_dwh_pipeline.py
[2026-04-14T19:55:58.940+0000] {logging_mixin.py:188} INFO - [2026-04-14T19:55:58.940+0000] {dag.py:3036} INFO - Sync 1 DAGs
[2026-04-14T19:55:58.963+0000] {logging_mixin.py:188} INFO - [2026-04-14T19:55:58.963+0000] {dag.py:3823} INFO - Setting next_dagrun for talend_dwh_pipeline to 2026-04-14 00:00:00+00:00, run_after=2026-04-15 00:00:00+00:00
[2026-04-14T19:55:58.992+0000] {processor.py:183} INFO - Processing /opt/airflow/dags/talend_dwh_pipeline.py took 0.120 seconds
[2026-04-14T19:56:29.342+0000] {processor.py:161} INFO - Started process (PID=1426) to work on /opt/airflow/dags/talend_dwh_pipeline.py
[2026-04-14T19:56:29.343+0000] {processor.py:830} INFO - Processing file /opt/airflow/dags/talend_dwh_pipeline.py for tasks to queue
[2026-04-14T19:56:29.346+0000] {logging_mixin.py:188} INFO - [2026-04-14T19:56:29.345+0000] {dagbag.py:538} INFO - Filling up the DagBag from /opt/airflow/dags/talend_dwh_pipeline.py
[2026-04-14T19:56:29.377+0000] {processor.py:840} INFO - DAG(s) 'talend_dwh_pipeline' retrieved from /opt/airflow/dags/talend_dwh_pipeline.py
[2026-04-14T19:56:29.410+0000] {logging_mixin.py:188} INFO - [2026-04-14T19:56:29.410+0000] {dag.py:3036} INFO - Sync 1 DAGs
[2026-04-14T19:56:29.441+0000] {logging_mixin.py:188} INFO - [2026-04-14T19:56:29.441+0000] {dag.py:3823} INFO - Setting next_dagrun for talend_dwh_pipeline to 2026-04-14 00:00:00+00:00, run_after=2026-04-15 00:00:00+00:00
[2026-04-14T19:56:29.470+0000] {processor.py:183} INFO - Processing /opt/airflow/dags/talend_dwh_pipeline.py took 0.133 seconds
[2026-04-14T19:56:59.660+0000] {processor.py:161} INFO - Started process (PID=1483) to work on /opt/airflow/dags/talend_dwh_pipeline.py
[2026-04-14T19:56:59.662+0000] {processor.py:830} INFO - Processing file /opt/airflow/dags/talend_dwh_pipeline.py for tasks to queue
[2026-04-14T19:56:59.665+0000] {logging_mixin.py:188} INFO - [2026-04-14T19:56:59.664+0000] {dagbag.py:538} INFO - Filling up the DagBag from /opt/airflow/dags/talend_dwh_pipeline.py
[2026-04-14T19:56:59.697+0000] {processor.py:840} INFO - DAG(s) 'talend_dwh_pipeline' retrieved from /opt/airflow/dags/talend_dwh_pipeline.py
[2026-04-14T19:56:59.726+0000] {logging_mixin.py:188} INFO - [2026-04-14T19:56:59.725+0000] {dag.py:3036} INFO - Sync 1 DAGs
[2026-04-14T19:56:59.753+0000] {logging_mixin.py:188} INFO - [2026-04-14T19:56:59.753+0000] {dag.py:3823} INFO - Setting next_dagrun for talend_dwh_pipeline to 2026-04-14 00:00:00+00:00, run_after=2026-04-15 00:00:00+00:00
[2026-04-14T19:56:59.779+0000] {processor.py:183} INFO - Processing /opt/airflow/dags/talend_dwh_pipeline.py took 0.124 seconds
[2026-04-14T19:57:30.245+0000] {processor.py:161} INFO - Started process (PID=1540) to work on /opt/airflow/dags/talend_dwh_pipeline.py
[2026-04-14T19:57:30.246+0000] {processor.py:830} INFO - Processing file /opt/airflow/dags/talend_dwh_pipeline.py for tasks to queue
[2026-04-14T19:57:30.250+0000] {logging_mixin.py:188} INFO - [2026-04-14T19:57:30.249+0000] {dagbag.py:538} INFO - Filling up the DagBag from /opt/airflow/dags/talend_dwh_pipeline.py
[2026-04-14T19:57:30.272+0000] {processor.py:840} INFO - DAG(s) 'talend_dwh_pipeline' retrieved from /opt/airflow/dags/talend_dwh_pipeline.py
[2026-04-14T19:57:30.297+0000] {logging_mixin.py:188} INFO - [2026-04-14T19:57:30.296+0000] {dag.py:3036} INFO - Sync 1 DAGs
[2026-04-14T19:57:30.324+0000] {logging_mixin.py:188} INFO - [2026-04-14T19:57:30.324+0000] {dag.py:3823} INFO - Setting next_dagrun for talend_dwh_pipeline to 2026-04-14 00:00:00+00:00, run_after=2026-04-15 00:00:00+00:00
[2026-04-14T19:57:30.352+0000] {processor.py:183} INFO - Processing /opt/airflow/dags/talend_dwh_pipeline.py took 0.111 seconds
[2026-04-14T19:58:00.666+0000] {processor.py:161} INFO - Started process (PID=1597) to work on /opt/airflow/dags/talend_dwh_pipeline.py
[2026-04-14T19:58:00.668+0000] {processor.py:830} INFO - Processing file /opt/airflow/dags/talend_dwh_pipeline.py for tasks to queue
[2026-04-14T19:58:00.670+0000] {logging_mixin.py:188} INFO - [2026-04-14T19:58:00.670+0000] {dagbag.py:538} INFO - Filling up the DagBag from /opt/airflow/dags/talend_dwh_pipeline.py
[2026-04-14T19:58:00.693+0000] {processor.py:840} INFO - DAG(s) 'talend_dwh_pipeline' retrieved from /opt/airflow/dags/talend_dwh_pipeline.py
[2026-04-14T19:58:00.724+0000] {logging_mixin.py:188} INFO - [2026-04-14T19:58:00.722+0000] {dag.py:3036} INFO - Sync 1 DAGs
[2026-04-14T19:58:00.750+0000] {logging_mixin.py:188} INFO - [2026-04-14T19:58:00.750+0000] {dag.py:3823} INFO - Setting next_dagrun for talend_dwh_pipeline to 2026-04-14 00:00:00+00:00, run_after=2026-04-15 00:00:00+00:00
[2026-04-14T19:58:00.784+0000] {processor.py:183} INFO - Processing /opt/airflow/dags/talend_dwh_pipeline.py took 0.122 seconds
[2026-04-14T19:58:31.075+0000] {processor.py:161} INFO - Started process (PID=1654) to work on /opt/airflow/dags/talend_dwh_pipeline.py
[2026-04-14T19:58:31.076+0000] {processor.py:830} INFO - Processing file /opt/airflow/dags/talend_dwh_pipeline.py for tasks to queue
[2026-04-14T19:58:31.078+0000] {logging_mixin.py:188} INFO - [2026-04-14T19:58:31.077+0000] {dagbag.py:538} INFO - Filling up the DagBag from /opt/airflow/dags/talend_dwh_pipeline.py
[2026-04-14T19:58:31.098+0000] {processor.py:840} INFO - DAG(s) 'talend_dwh_pipeline' retrieved from /opt/airflow/dags/talend_dwh_pipeline.py
[2026-04-14T19:58:31.120+0000] {logging_mixin.py:188} INFO - [2026-04-14T19:58:31.120+0000] {dag.py:3036} INFO - Sync 1 DAGs
[2026-04-14T19:58:31.143+0000] {logging_mixin.py:188} INFO - [2026-04-14T19:58:31.143+0000] {dag.py:3823} INFO - Setting next_dagrun for talend_dwh_pipeline to 2026-04-14 00:00:00+00:00, run_after=2026-04-15 00:00:00+00:00
[2026-04-14T19:58:31.167+0000] {processor.py:183} INFO - Processing /opt/airflow/dags/talend_dwh_pipeline.py took 0.097 seconds
[2026-04-14T19:59:01.447+0000] {processor.py:161} INFO - Started process (PID=1711) to work on /opt/airflow/dags/talend_dwh_pipeline.py
[2026-04-14T19:59:01.450+0000] {processor.py:830} INFO - Processing file /opt/airflow/dags/talend_dwh_pipeline.py for tasks to queue
[2026-04-14T19:59:01.453+0000] {logging_mixin.py:188} INFO - [2026-04-14T19:59:01.453+0000] {dagbag.py:538} INFO - Filling up the DagBag from /opt/airflow/dags/talend_dwh_pipeline.py
[2026-04-14T19:59:01.490+0000] {processor.py:840} INFO - DAG(s) 'talend_dwh_pipeline' retrieved from /opt/airflow/dags/talend_dwh_pipeline.py
[2026-04-14T19:59:01.532+0000] {logging_mixin.py:188} INFO - [2026-04-14T19:59:01.531+0000] {dag.py:3036} INFO - Sync 1 DAGs
[2026-04-14T19:59:01.561+0000] {logging_mixin.py:188} INFO - [2026-04-14T19:59:01.560+0000] {dag.py:3823} INFO - Setting next_dagrun for talend_dwh_pipeline to 2026-04-14 00:00:00+00:00, run_after=2026-04-15 00:00:00+00:00
[2026-04-14T19:59:01.584+0000] {processor.py:183} INFO - Processing /opt/airflow/dags/talend_dwh_pipeline.py took 0.144 seconds
[2026-04-14T19:59:31.689+0000] {processor.py:161} INFO - Started process (PID=1768) to work on /opt/airflow/dags/talend_dwh_pipeline.py
[2026-04-14T19:59:31.690+0000] {processor.py:830} INFO - Processing file /opt/airflow/dags/talend_dwh_pipeline.py for tasks to queue
[2026-04-14T19:59:31.692+0000] {logging_mixin.py:188} INFO - [2026-04-14T19:59:31.692+0000] {dagbag.py:538} INFO - Filling up the DagBag from /opt/airflow/dags/talend_dwh_pipeline.py
[2026-04-14T19:59:31.717+0000] {processor.py:840} INFO - DAG(s) 'talend_dwh_pipeline' retrieved from /opt/airflow/dags/talend_dwh_pipeline.py
[2026-04-14T19:59:31.743+0000] {logging_mixin.py:188} INFO - [2026-04-14T19:59:31.743+0000] {dag.py:3036} INFO - Sync 1 DAGs
[2026-04-14T19:59:31.770+0000] {logging_mixin.py:188} INFO - [2026-04-14T19:59:31.770+0000] {dag.py:3823} INFO - Setting next_dagrun for talend_dwh_pipeline to 2026-04-14 00:00:00+00:00, run_after=2026-04-15 00:00:00+00:00
[2026-04-14T19:59:31.797+0000] {processor.py:183} INFO - Processing /opt/airflow/dags/talend_dwh_pipeline.py took 0.112 seconds
[2026-04-14T20:00:01.841+0000] {processor.py:161} INFO - Started process (PID=1824) to work on /opt/airflow/dags/talend_dwh_pipeline.py
[2026-04-14T20:00:01.843+0000] {processor.py:830} INFO - Processing file /opt/airflow/dags/talend_dwh_pipeline.py for tasks to queue
[2026-04-14T20:00:01.846+0000] {logging_mixin.py:188} INFO - [2026-04-14T20:00:01.845+0000] {dagbag.py:538} INFO - Filling up the DagBag from /opt/airflow/dags/talend_dwh_pipeline.py
[2026-04-14T20:00:01.868+0000] {processor.py:840} INFO - DAG(s) 'talend_dwh_pipeline' retrieved from /opt/airflow/dags/talend_dwh_pipeline.py
[2026-04-14T20:00:01.900+0000] {logging_mixin.py:188} INFO - [2026-04-14T20:00:01.899+0000] {dag.py:3036} INFO - Sync 1 DAGs
[2026-04-14T20:00:01.939+0000] {logging_mixin.py:188} INFO - [2026-04-14T20:00:01.938+0000] {dag.py:3823} INFO - Setting next_dagrun for talend_dwh_pipeline to 2026-04-14 00:00:00+00:00, run_after=2026-04-15 00:00:00+00:00
[2026-04-14T20:00:01.976+0000] {processor.py:183} INFO - Processing /opt/airflow/dags/talend_dwh_pipeline.py took 0.138 seconds
[2026-04-14T20:00:32.875+0000] {processor.py:161} INFO - Started process (PID=1881) to work on /opt/airflow/dags/talend_dwh_pipeline.py
[2026-04-14T20:00:32.878+0000] {processor.py:830} INFO - Processing file /opt/airflow/dags/talend_dwh_pipeline.py for tasks to queue
[2026-04-14T20:00:32.881+0000] {logging_mixin.py:188} INFO - [2026-04-14T20:00:32.880+0000] {dagbag.py:538} INFO - Filling up the DagBag from /opt/airflow/dags/talend_dwh_pipeline.py
[2026-04-14T20:00:32.906+0000] {processor.py:840} INFO - DAG(s) 'talend_dwh_pipeline' retrieved from /opt/airflow/dags/talend_dwh_pipeline.py
[2026-04-14T20:00:32.933+0000] {logging_mixin.py:188} INFO - [2026-04-14T20:00:32.933+0000] {dag.py:3036} INFO - Sync 1 DAGs
[2026-04-14T20:00:32.957+0000] {logging_mixin.py:188} INFO - [2026-04-14T20:00:32.957+0000] {dag.py:3823} INFO - Setting next_dagrun for talend_dwh_pipeline to 2026-04-14 00:00:00+00:00, run_after=2026-04-15 00:00:00+00:00
[2026-04-14T20:00:32.984+0000] {processor.py:183} INFO - Processing /opt/airflow/dags/talend_dwh_pipeline.py took 0.113 seconds
[2026-04-14T20:01:03.506+0000] {processor.py:161} INFO - Started process (PID=1938) to work on /opt/airflow/dags/talend_dwh_pipeline.py
[2026-04-14T20:01:03.507+0000] {processor.py:830} INFO - Processing file /opt/airflow/dags/talend_dwh_pipeline.py for tasks to queue
[2026-04-14T20:01:03.511+0000] {logging_mixin.py:188} INFO - [2026-04-14T20:01:03.510+0000] {dagbag.py:538} INFO - Filling up the DagBag from /opt/airflow/dags/talend_dwh_pipeline.py
[2026-04-14T20:01:03.532+0000] {processor.py:840} INFO - DAG(s) 'talend_dwh_pipeline' retrieved from /opt/airflow/dags/talend_dwh_pipeline.py
[2026-04-14T20:01:03.555+0000] {logging_mixin.py:188} INFO - [2026-04-14T20:01:03.555+0000] {dag.py:3036} INFO - Sync 1 DAGs
[2026-04-14T20:01:03.578+0000] {logging_mixin.py:188} INFO - [2026-04-14T20:01:03.578+0000] {dag.py:3823} INFO - Setting next_dagrun for talend_dwh_pipeline to 2026-04-14 00:00:00+00:00, run_after=2026-04-15 00:00:00+00:00
[2026-04-14T20:01:03.604+0000] {processor.py:183} INFO - Processing /opt/airflow/dags/talend_dwh_pipeline.py took 0.101 seconds
[2026-04-14T20:01:33.677+0000] {processor.py:161} INFO - Started process (PID=1995) to work on /opt/airflow/dags/talend_dwh_pipeline.py
[2026-04-14T20:01:33.678+0000] {processor.py:830} INFO - Processing file /opt/airflow/dags/talend_dwh_pipeline.py for tasks to queue
[2026-04-14T20:01:33.680+0000] {logging_mixin.py:188} INFO - [2026-04-14T20:01:33.680+0000] {dagbag.py:538} INFO - Filling up the DagBag from /opt/airflow/dags/talend_dwh_pipeline.py
[2026-04-14T20:01:33.712+0000] {processor.py:840} INFO - DAG(s) 'talend_dwh_pipeline' retrieved from /opt/airflow/dags/talend_dwh_pipeline.py
[2026-04-14T20:01:33.743+0000] {logging_mixin.py:188} INFO - [2026-04-14T20:01:33.743+0000] {dag.py:3036} INFO - Sync 1 DAGs
[2026-04-14T20:01:33.776+0000] {logging_mixin.py:188} INFO - [2026-04-14T20:01:33.775+0000] {dag.py:3823} INFO - Setting next_dagrun for talend_dwh_pipeline to 2026-04-14 00:00:00+00:00, run_after=2026-04-15 00:00:00+00:00
[2026-04-14T20:01:33.804+0000] {processor.py:183} INFO - Processing /opt/airflow/dags/talend_dwh_pipeline.py took 0.131 seconds
[2026-04-14T20:02:04.307+0000] {processor.py:161} INFO - Started process (PID=2052) to work on /opt/airflow/dags/talend_dwh_pipeline.py
[2026-04-14T20:02:04.308+0000] {processor.py:830} INFO - Processing file /opt/airflow/dags/talend_dwh_pipeline.py for tasks to queue
[2026-04-14T20:02:04.310+0000] {logging_mixin.py:188} INFO - [2026-04-14T20:02:04.310+0000] {dagbag.py:538} INFO - Filling up the DagBag from /opt/airflow/dags/talend_dwh_pipeline.py
[2026-04-14T20:02:04.332+0000] {processor.py:840} INFO - DAG(s) 'talend_dwh_pipeline' retrieved from /opt/airflow/dags/talend_dwh_pipeline.py
[2026-04-14T20:02:04.359+0000] {logging_mixin.py:188} INFO - [2026-04-14T20:02:04.359+0000] {dag.py:3036} INFO - Sync 1 DAGs
[2026-04-14T20:02:04.385+0000] {logging_mixin.py:188} INFO - [2026-04-14T20:02:04.385+0000] {dag.py:3823} INFO - Setting next_dagrun for talend_dwh_pipeline to 2026-04-14 00:00:00+00:00, run_after=2026-04-15 00:00:00+00:00
[2026-04-14T20:02:04.412+0000] {processor.py:183} INFO - Processing /opt/airflow/dags/talend_dwh_pipeline.py took 0.110 seconds
[2026-04-14T20:02:35.370+0000] {processor.py:161} INFO - Started process (PID=2109) to work on /opt/airflow/dags/talend_dwh_pipeline.py
[2026-04-14T20:02:35.372+0000] {processor.py:830} INFO - Processing file /opt/airflow/dags/talend_dwh_pipeline.py for tasks to queue
[2026-04-14T20:02:35.375+0000] {logging_mixin.py:188} INFO - [2026-04-14T20:02:35.374+0000] {dagbag.py:538} INFO - Filling up the DagBag from /opt/airflow/dags/talend_dwh_pipeline.py
[2026-04-14T20:02:35.411+0000] {processor.py:840} INFO - DAG(s) 'talend_dwh_pipeline' retrieved from /opt/airflow/dags/talend_dwh_pipeline.py
[2026-04-14T20:02:35.456+0000] {logging_mixin.py:188} INFO - [2026-04-14T20:02:35.456+0000] {dag.py:3036} INFO - Sync 1 DAGs
[2026-04-14T20:02:35.496+0000] {logging_mixin.py:188} INFO - [2026-04-14T20:02:35.496+0000] {dag.py:3823} INFO - Setting next_dagrun for talend_dwh_pipeline to 2026-04-14 00:00:00+00:00, run_after=2026-04-15 00:00:00+00:00
[2026-04-14T20:02:35.531+0000] {processor.py:183} INFO - Processing /opt/airflow/dags/talend_dwh_pipeline.py took 0.166 seconds
[2026-04-14T20:03:05.822+0000] {processor.py:161} INFO - Started process (PID=2166) to work on /opt/airflow/dags/talend_dwh_pipeline.py
[2026-04-14T20:03:05.823+0000] {processor.py:830} INFO - Processing file /opt/airflow/dags/talend_dwh_pipeline.py for tasks to queue
[2026-04-14T20:03:05.825+0000] {logging_mixin.py:188} INFO - [2026-04-14T20:03:05.825+0000] {dagbag.py:538} INFO - Filling up the DagBag from /opt/airflow/dags/talend_dwh_pipeline.py
[2026-04-14T20:03:05.850+0000] {processor.py:840} INFO - DAG(s) 'talend_dwh_pipeline' retrieved from /opt/airflow/dags/talend_dwh_pipeline.py
[2026-04-14T20:03:05.878+0000] {logging_mixin.py:188} INFO - [2026-04-14T20:03:05.878+0000] {dag.py:3036} INFO - Sync 1 DAGs
[2026-04-14T20:03:05.902+0000] {logging_mixin.py:188} INFO - [2026-04-14T20:03:05.902+0000] {dag.py:3823} INFO - Setting next_dagrun for talend_dwh_pipeline to 2026-04-14 00:00:00+00:00, run_after=2026-04-15 00:00:00+00:00
[2026-04-14T20:03:05.928+0000] {processor.py:183} INFO - Processing /opt/airflow/dags/talend_dwh_pipeline.py took 0.110 seconds
[2026-04-14T20:03:36.281+0000] {processor.py:161} INFO - Started process (PID=2223) to work on /opt/airflow/dags/talend_dwh_pipeline.py
[2026-04-14T20:03:36.283+0000] {processor.py:830} INFO - Processing file /opt/airflow/dags/talend_dwh_pipeline.py for tasks to queue
[2026-04-14T20:03:36.286+0000] {logging_mixin.py:188} INFO - [2026-04-14T20:03:36.285+0000] {dagbag.py:538} INFO - Filling up the DagBag from /opt/airflow/dags/talend_dwh_pipeline.py
[2026-04-14T20:03:36.318+0000] {processor.py:840} INFO - DAG(s) 'talend_dwh_pipeline' retrieved from /opt/airflow/dags/talend_dwh_pipeline.py
[2026-04-14T20:03:36.360+0000] {logging_mixin.py:188} INFO - [2026-04-14T20:03:36.359+0000] {dag.py:3036} INFO - Sync 1 DAGs
[2026-04-14T20:03:36.405+0000] {logging_mixin.py:188} INFO - [2026-04-14T20:03:36.404+0000] {dag.py:3823} INFO - Setting next_dagrun for talend_dwh_pipeline to 2026-04-14 00:00:00+00:00, run_after=2026-04-15 00:00:00+00:00
[2026-04-14T20:03:36.487+0000] {processor.py:183} INFO - Processing /opt/airflow/dags/talend_dwh_pipeline.py took 0.210 seconds
[2026-04-14T20:04:06.863+0000] {processor.py:161} INFO - Started process (PID=2279) to work on /opt/airflow/dags/talend_dwh_pipeline.py
[2026-04-14T20:04:06.865+0000] {processor.py:830} INFO - Processing file /opt/airflow/dags/talend_dwh_pipeline.py for tasks to queue
[2026-04-14T20:04:06.867+0000] {logging_mixin.py:188} INFO - [2026-04-14T20:04:06.867+0000] {dagbag.py:538} INFO - Filling up the DagBag from /opt/airflow/dags/talend_dwh_pipeline.py
[2026-04-14T20:04:06.896+0000] {processor.py:840} INFO - DAG(s) 'talend_dwh_pipeline' retrieved from /opt/airflow/dags/talend_dwh_pipeline.py
[2026-04-14T20:04:06.925+0000] {logging_mixin.py:188} INFO - [2026-04-14T20:04:06.925+0000] {dag.py:3036} INFO - Sync 1 DAGs
[2026-04-14T20:04:07.100+0000] {logging_mixin.py:188} INFO - [2026-04-14T20:04:07.100+0000] {dag.py:3823} INFO - Setting next_dagrun for talend_dwh_pipeline to 2026-04-14 00:00:00+00:00, run_after=2026-04-15 00:00:00+00:00
[2026-04-14T20:04:07.129+0000] {processor.py:183} INFO - Processing /opt/airflow/dags/talend_dwh_pipeline.py took 0.271 seconds
[2026-04-14T20:04:37.748+0000] {processor.py:161} INFO - Started process (PID=2337) to work on /opt/airflow/dags/talend_dwh_pipeline.py
[2026-04-14T20:04:37.749+0000] {processor.py:830} INFO - Processing file /opt/airflow/dags/talend_dwh_pipeline.py for tasks to queue
[2026-04-14T20:04:37.752+0000] {logging_mixin.py:188} INFO - [2026-04-14T20:04:37.752+0000] {dagbag.py:538} INFO - Filling up the DagBag from /opt/airflow/dags/talend_dwh_pipeline.py
[2026-04-14T20:04:37.777+0000] {processor.py:840} INFO - DAG(s) 'talend_dwh_pipeline' retrieved from /opt/airflow/dags/talend_dwh_pipeline.py
[2026-04-14T20:04:37.807+0000] {logging_mixin.py:188} INFO - [2026-04-14T20:04:37.806+0000] {dag.py:3036} INFO - Sync 1 DAGs
[2026-04-14T20:04:37.834+0000] {logging_mixin.py:188} INFO - [2026-04-14T20:04:37.833+0000] {dag.py:3823} INFO - Setting next_dagrun for talend_dwh_pipeline to 2026-04-14 00:00:00+00:00, run_after=2026-04-15 00:00:00+00:00
[2026-04-14T20:04:38.020+0000] {processor.py:183} INFO - Processing /opt/airflow/dags/talend_dwh_pipeline.py took 0.277 seconds
[2026-04-14T20:05:08.461+0000] {processor.py:161} INFO - Started process (PID=2395) to work on /opt/airflow/dags/talend_dwh_pipeline.py
[2026-04-14T20:05:08.463+0000] {processor.py:830} INFO - Processing file /opt/airflow/dags/talend_dwh_pipeline.py for tasks to queue
[2026-04-14T20:05:08.466+0000] {logging_mixin.py:188} INFO - [2026-04-14T20:05:08.466+0000] {dagbag.py:538} INFO - Filling up the DagBag from /opt/airflow/dags/talend_dwh_pipeline.py
[2026-04-14T20:05:08.507+0000] {processor.py:840} INFO - DAG(s) 'talend_dwh_pipeline' retrieved from /opt/airflow/dags/talend_dwh_pipeline.py
[2026-04-14T20:05:08.543+0000] {logging_mixin.py:188} INFO - [2026-04-14T20:05:08.543+0000] {dag.py:3036} INFO - Sync 1 DAGs
[2026-04-14T20:05:08.581+0000] {logging_mixin.py:188} INFO - [2026-04-14T20:05:08.581+0000] {dag.py:3823} INFO - Setting next_dagrun for talend_dwh_pipeline to 2026-04-14 00:00:00+00:00, run_after=2026-04-15 00:00:00+00:00
[2026-04-14T20:05:08.616+0000] {processor.py:183} INFO - Processing /opt/airflow/dags/talend_dwh_pipeline.py took 0.162 seconds
[2026-04-14T20:05:38.912+0000] {processor.py:161} INFO - Started process (PID=2452) to work on /opt/airflow/dags/talend_dwh_pipeline.py
[2026-04-14T20:05:38.914+0000] {processor.py:830} INFO - Processing file /opt/airflow/dags/talend_dwh_pipeline.py for tasks to queue
[2026-04-14T20:05:38.920+0000] {logging_mixin.py:188} INFO - [2026-04-14T20:05:38.919+0000] {dagbag.py:538} INFO - Filling up the DagBag from /opt/airflow/dags/talend_dwh_pipeline.py
[2026-04-14T20:05:38.961+0000] {processor.py:840} INFO - DAG(s) 'talend_dwh_pipeline' retrieved from /opt/airflow/dags/talend_dwh_pipeline.py
[2026-04-14T20:05:39.009+0000] {logging_mixin.py:188} INFO - [2026-04-14T20:05:39.008+0000] {dag.py:3036} INFO - Sync 1 DAGs
[2026-04-14T20:05:39.074+0000] {logging_mixin.py:188} INFO - [2026-04-14T20:05:39.074+0000] {dag.py:3823} INFO - Setting next_dagrun for talend_dwh_pipeline to 2026-04-14 00:00:00+00:00, run_after=2026-04-15 00:00:00+00:00
[2026-04-14T20:05:39.108+0000] {processor.py:183} INFO - Processing /opt/airflow/dags/talend_dwh_pipeline.py took 0.206 seconds
[2026-04-14T20:06:09.275+0000] {processor.py:161} INFO - Started process (PID=2510) to work on /opt/airflow/dags/talend_dwh_pipeline.py
[2026-04-14T20:06:09.277+0000] {processor.py:830} INFO - Processing file /opt/airflow/dags/talend_dwh_pipeline.py for tasks to queue
[2026-04-14T20:06:09.286+0000] {logging_mixin.py:188} INFO - [2026-04-14T20:06:09.285+0000] {dagbag.py:538} INFO - Filling up the DagBag from /opt/airflow/dags/talend_dwh_pipeline.py
[2026-04-14T20:06:09.311+0000] {processor.py:840} INFO - DAG(s) 'talend_dwh_pipeline' retrieved from /opt/airflow/dags/talend_dwh_pipeline.py
[2026-04-14T20:06:09.333+0000] {logging_mixin.py:188} INFO - [2026-04-14T20:06:09.333+0000] {dag.py:3036} INFO - Sync 1 DAGs
[2026-04-14T20:06:09.374+0000] {logging_mixin.py:188} INFO - [2026-04-14T20:06:09.374+0000] {dag.py:3823} INFO - Setting next_dagrun for talend_dwh_pipeline to 2026-04-14 00:00:00+00:00, run_after=2026-04-15 00:00:00+00:00
[2026-04-14T20:06:09.398+0000] {processor.py:183} INFO - Processing /opt/airflow/dags/talend_dwh_pipeline.py took 0.130 seconds
[2026-04-14T20:06:39.490+0000] {processor.py:161} INFO - Started process (PID=2566) to work on /opt/airflow/dags/talend_dwh_pipeline.py
[2026-04-14T20:06:39.492+0000] {processor.py:830} INFO - Processing file /opt/airflow/dags/talend_dwh_pipeline.py for tasks to queue
[2026-04-14T20:06:39.496+0000] {logging_mixin.py:188} INFO - [2026-04-14T20:06:39.495+0000] {dagbag.py:538} INFO - Filling up the DagBag from /opt/airflow/dags/talend_dwh_pipeline.py
[2026-04-14T20:06:39.538+0000] {processor.py:840} INFO - DAG(s) 'talend_dwh_pipeline' retrieved from /opt/airflow/dags/talend_dwh_pipeline.py
[2026-04-14T20:06:39.591+0000] {logging_mixin.py:188} INFO - [2026-04-14T20:06:39.590+0000] {dag.py:3036} INFO - Sync 1 DAGs
[2026-04-14T20:06:39.646+0000] {logging_mixin.py:188} INFO - [2026-04-14T20:06:39.646+0000] {dag.py:3823} INFO - Setting next_dagrun for talend_dwh_pipeline to 2026-04-14 00:00:00+00:00, run_after=2026-04-15 00:00:00+00:00
[2026-04-14T20:06:39.785+0000] {processor.py:183} INFO - Processing /opt/airflow/dags/talend_dwh_pipeline.py took 0.300 seconds
[2026-04-14T20:07:09.952+0000] {processor.py:161} INFO - Started process (PID=2624) to work on /opt/airflow/dags/talend_dwh_pipeline.py
[2026-04-14T20:07:09.954+0000] {processor.py:830} INFO - Processing file /opt/airflow/dags/talend_dwh_pipeline.py for tasks to queue
[2026-04-14T20:07:09.961+0000] {logging_mixin.py:188} INFO - [2026-04-14T20:07:09.961+0000] {dagbag.py:538} INFO - Filling up the DagBag from /opt/airflow/dags/talend_dwh_pipeline.py
[2026-04-14T20:07:10.004+0000] {processor.py:840} INFO - DAG(s) 'talend_dwh_pipeline' retrieved from /opt/airflow/dags/talend_dwh_pipeline.py
[2026-04-14T20:07:10.249+0000] {logging_mixin.py:188} INFO - [2026-04-14T20:07:10.247+0000] {dag.py:3036} INFO - Sync 1 DAGs
[2026-04-14T20:07:10.279+0000] {logging_mixin.py:188} INFO - [2026-04-14T20:07:10.279+0000] {dag.py:3823} INFO - Setting next_dagrun for talend_dwh_pipeline to 2026-04-14 00:00:00+00:00, run_after=2026-04-15 00:00:00+00:00
[2026-04-14T20:07:10.311+0000] {processor.py:183} INFO - Processing /opt/airflow/dags/talend_dwh_pipeline.py took 0.363 seconds
[2026-04-14T20:07:40.590+0000] {processor.py:161} INFO - Started process (PID=2681) to work on /opt/airflow/dags/talend_dwh_pipeline.py
[2026-04-14T20:07:40.593+0000] {processor.py:830} INFO - Processing file /opt/airflow/dags/talend_dwh_pipeline.py for tasks to queue
[2026-04-14T20:07:40.597+0000] {logging_mixin.py:188} INFO - [2026-04-14T20:07:40.597+0000] {dagbag.py:538} INFO - Filling up the DagBag from /opt/airflow/dags/talend_dwh_pipeline.py
[2026-04-14T20:07:40.629+0000] {processor.py:840} INFO - DAG(s) 'talend_dwh_pipeline' retrieved from /opt/airflow/dags/talend_dwh_pipeline.py
[2026-04-14T20:07:40.660+0000] {logging_mixin.py:188} INFO - [2026-04-14T20:07:40.659+0000] {dag.py:3036} INFO - Sync 1 DAGs
[2026-04-14T20:07:42.148+0000] {logging_mixin.py:188} INFO - [2026-04-14T20:07:42.147+0000] {dag.py:3823} INFO - Setting next_dagrun for talend_dwh_pipeline to 2026-04-14 00:00:00+00:00, run_after=2026-04-15 00:00:00+00:00
[2026-04-14T20:07:42.314+0000] {processor.py:183} INFO - Processing /opt/airflow/dags/talend_dwh_pipeline.py took 1.729 seconds
[2026-04-14T20:08:12.540+0000] {processor.py:161} INFO - Started process (PID=2738) to work on /opt/airflow/dags/talend_dwh_pipeline.py
[2026-04-14T20:08:12.572+0000] {processor.py:830} INFO - Processing file /opt/airflow/dags/talend_dwh_pipeline.py for tasks to queue
[2026-04-14T20:08:12.575+0000] {logging_mixin.py:188} INFO - [2026-04-14T20:08:12.574+0000] {dagbag.py:538} INFO - Filling up the DagBag from /opt/airflow/dags/talend_dwh_pipeline.py
[2026-04-14T20:08:12.658+0000] {processor.py:840} INFO - DAG(s) 'talend_dwh_pipeline' retrieved from /opt/airflow/dags/talend_dwh_pipeline.py
[2026-04-14T20:08:12.685+0000] {logging_mixin.py:188} INFO - [2026-04-14T20:08:12.685+0000] {dag.py:3036} INFO - Sync 1 DAGs
[2026-04-14T20:08:12.707+0000] {logging_mixin.py:188} INFO - [2026-04-14T20:08:12.707+0000] {dag.py:3823} INFO - Setting next_dagrun for talend_dwh_pipeline to 2026-04-14 00:00:00+00:00, run_after=2026-04-15 00:00:00+00:00
[2026-04-14T20:08:13.065+0000] {processor.py:183} INFO - Processing /opt/airflow/dags/talend_dwh_pipeline.py took 0.529 seconds
[2026-04-14T20:08:43.992+0000] {processor.py:161} INFO - Started process (PID=2795) to work on /opt/airflow/dags/talend_dwh_pipeline.py
[2026-04-14T20:08:43.995+0000] {processor.py:830} INFO - Processing file /opt/airflow/dags/talend_dwh_pipeline.py for tasks to queue
[2026-04-14T20:08:44.002+0000] {logging_mixin.py:188} INFO - [2026-04-14T20:08:44.001+0000] {dagbag.py:538} INFO - Filling up the DagBag from /opt/airflow/dags/talend_dwh_pipeline.py
[2026-04-14T20:08:44.036+0000] {processor.py:840} INFO - DAG(s) 'talend_dwh_pipeline' retrieved from /opt/airflow/dags/talend_dwh_pipeline.py
[2026-04-14T20:08:44.074+0000] {logging_mixin.py:188} INFO - [2026-04-14T20:08:44.074+0000] {dag.py:3036} INFO - Sync 1 DAGs
[2026-04-14T20:08:44.110+0000] {logging_mixin.py:188} INFO - [2026-04-14T20:08:44.109+0000] {dag.py:3823} INFO - Setting next_dagrun for talend_dwh_pipeline to 2026-04-14 00:00:00+00:00, run_after=2026-04-15 00:00:00+00:00
[2026-04-14T20:08:44.153+0000] {processor.py:183} INFO - Processing /opt/airflow/dags/talend_dwh_pipeline.py took 0.169 seconds
[2026-04-14T20:09:14.258+0000] {processor.py:161} INFO - Started process (PID=2852) to work on /opt/airflow/dags/talend_dwh_pipeline.py
[2026-04-14T20:09:14.260+0000] {processor.py:830} INFO - Processing file /opt/airflow/dags/talend_dwh_pipeline.py for tasks to queue
[2026-04-14T20:09:14.262+0000] {logging_mixin.py:188} INFO - [2026-04-14T20:09:14.261+0000] {dagbag.py:538} INFO - Filling up the DagBag from /opt/airflow/dags/talend_dwh_pipeline.py
[2026-04-14T20:09:14.290+0000] {processor.py:840} INFO - DAG(s) 'talend_dwh_pipeline' retrieved from /opt/airflow/dags/talend_dwh_pipeline.py
[2026-04-14T20:09:14.314+0000] {logging_mixin.py:188} INFO - [2026-04-14T20:09:14.314+0000] {dag.py:3036} INFO - Sync 1 DAGs
[2026-04-14T20:09:14.341+0000] {logging_mixin.py:188} INFO - [2026-04-14T20:09:14.341+0000] {dag.py:3823} INFO - Setting next_dagrun for talend_dwh_pipeline to 2026-04-14 00:00:00+00:00, run_after=2026-04-15 00:00:00+00:00
[2026-04-14T20:09:14.369+0000] {processor.py:183} INFO - Processing /opt/airflow/dags/talend_dwh_pipeline.py took 0.115 seconds
[2026-04-14T20:09:44.627+0000] {processor.py:161} INFO - Started process (PID=2909) to work on /opt/airflow/dags/talend_dwh_pipeline.py
[2026-04-14T20:09:44.629+0000] {processor.py:830} INFO - Processing file /opt/airflow/dags/talend_dwh_pipeline.py for tasks to queue
[2026-04-14T20:09:44.632+0000] {logging_mixin.py:188} INFO - [2026-04-14T20:09:44.631+0000] {dagbag.py:538} INFO - Filling up the DagBag from /opt/airflow/dags/talend_dwh_pipeline.py
[2026-04-14T20:09:44.670+0000] {processor.py:840} INFO - DAG(s) 'talend_dwh_pipeline' retrieved from /opt/airflow/dags/talend_dwh_pipeline.py
[2026-04-14T20:09:44.698+0000] {logging_mixin.py:188} INFO - [2026-04-14T20:09:44.698+0000] {dag.py:3036} INFO - Sync 1 DAGs
[2026-04-14T20:09:44.732+0000] {logging_mixin.py:188} INFO - [2026-04-14T20:09:44.731+0000] {dag.py:3823} INFO - Setting next_dagrun for talend_dwh_pipeline to 2026-04-14 00:00:00+00:00, run_after=2026-04-15 00:00:00+00:00
[2026-04-14T20:09:44.769+0000] {processor.py:183} INFO - Processing /opt/airflow/dags/talend_dwh_pipeline.py took 0.147 seconds
[2026-04-14T20:10:14.937+0000] {processor.py:161} INFO - Started process (PID=2966) to work on /opt/airflow/dags/talend_dwh_pipeline.py
[2026-04-14T20:10:14.938+0000] {processor.py:830} INFO - Processing file /opt/airflow/dags/talend_dwh_pipeline.py for tasks to queue
[2026-04-14T20:10:14.940+0000] {logging_mixin.py:188} INFO - [2026-04-14T20:10:14.939+0000] {dagbag.py:538} INFO - Filling up the DagBag from /opt/airflow/dags/talend_dwh_pipeline.py
[2026-04-14T20:10:14.964+0000] {processor.py:840} INFO - DAG(s) 'talend_dwh_pipeline' retrieved from /opt/airflow/dags/talend_dwh_pipeline.py
[2026-04-14T20:10:14.993+0000] {logging_mixin.py:188} INFO - [2026-04-14T20:10:14.993+0000] {dag.py:3036} INFO - Sync 1 DAGs
[2026-04-14T20:10:15.023+0000] {logging_mixin.py:188} INFO - [2026-04-14T20:10:15.022+0000] {dag.py:3823} INFO - Setting next_dagrun for talend_dwh_pipeline to 2026-04-14 00:00:00+00:00, run_after=2026-04-15 00:00:00+00:00
[2026-04-14T20:10:15.054+0000] {processor.py:183} INFO - Processing /opt/airflow/dags/talend_dwh_pipeline.py took 0.123 seconds
[2026-04-14T20:10:45.409+0000] {processor.py:161} INFO - Started process (PID=3023) to work on /opt/airflow/dags/talend_dwh_pipeline.py
[2026-04-14T20:10:45.410+0000] {processor.py:830} INFO - Processing file /opt/airflow/dags/talend_dwh_pipeline.py for tasks to queue
[2026-04-14T20:10:45.414+0000] {logging_mixin.py:188} INFO - [2026-04-14T20:10:45.413+0000] {dagbag.py:538} INFO - Filling up the DagBag from /opt/airflow/dags/talend_dwh_pipeline.py
[2026-04-14T20:10:45.452+0000] {processor.py:840} INFO - DAG(s) 'talend_dwh_pipeline' retrieved from /opt/airflow/dags/talend_dwh_pipeline.py
[2026-04-14T20:10:45.486+0000] {logging_mixin.py:188} INFO - [2026-04-14T20:10:45.485+0000] {dag.py:3036} INFO - Sync 1 DAGs
[2026-04-14T20:10:45.516+0000] {logging_mixin.py:188} INFO - [2026-04-14T20:10:45.515+0000] {dag.py:3823} INFO - Setting next_dagrun for talend_dwh_pipeline to 2026-04-14 00:00:00+00:00, run_after=2026-04-15 00:00:00+00:00
[2026-04-14T20:10:45.546+0000] {processor.py:183} INFO - Processing /opt/airflow/dags/talend_dwh_pipeline.py took 0.143 seconds
[2026-04-14T20:11:15.644+0000] {processor.py:161} INFO - Started process (PID=3080) to work on /opt/airflow/dags/talend_dwh_pipeline.py
[2026-04-14T20:11:15.646+0000] {processor.py:830} INFO - Processing file /opt/airflow/dags/talend_dwh_pipeline.py for tasks to queue
[2026-04-14T20:11:15.652+0000] {logging_mixin.py:188} INFO - [2026-04-14T20:11:15.652+0000] {dagbag.py:538} INFO - Filling up the DagBag from /opt/airflow/dags/talend_dwh_pipeline.py
[2026-04-14T20:11:15.695+0000] {processor.py:840} INFO - DAG(s) 'talend_dwh_pipeline' retrieved from /opt/airflow/dags/talend_dwh_pipeline.py
[2026-04-14T20:11:15.740+0000] {logging_mixin.py:188} INFO - [2026-04-14T20:11:15.739+0000] {dag.py:3036} INFO - Sync 1 DAGs
[2026-04-14T20:11:15.985+0000] {logging_mixin.py:188} INFO - [2026-04-14T20:11:15.984+0000] {dag.py:3823} INFO - Setting next_dagrun for talend_dwh_pipeline to 2026-04-14 00:00:00+00:00, run_after=2026-04-15 00:00:00+00:00
[2026-04-14T20:11:16.018+0000] {processor.py:183} INFO - Processing /opt/airflow/dags/talend_dwh_pipeline.py took 0.380 seconds
[2026-04-14T20:11:46.441+0000] {processor.py:161} INFO - Started process (PID=3137) to work on /opt/airflow/dags/talend_dwh_pipeline.py
[2026-04-14T20:11:46.443+0000] {processor.py:830} INFO - Processing file /opt/airflow/dags/talend_dwh_pipeline.py for tasks to queue
[2026-04-14T20:11:46.449+0000] {logging_mixin.py:188} INFO - [2026-04-14T20:11:46.449+0000] {dagbag.py:538} INFO - Filling up the DagBag from /opt/airflow/dags/talend_dwh_pipeline.py
[2026-04-14T20:11:46.490+0000] {processor.py:840} INFO - DAG(s) 'talend_dwh_pipeline' retrieved from /opt/airflow/dags/talend_dwh_pipeline.py
[2026-04-14T20:11:46.539+0000] {logging_mixin.py:188} INFO - [2026-04-14T20:11:46.538+0000] {dag.py:3036} INFO - Sync 1 DAGs
[2026-04-14T20:11:46.583+0000] {logging_mixin.py:188} INFO - [2026-04-14T20:11:46.582+0000] {dag.py:3823} INFO - Setting next_dagrun for talend_dwh_pipeline to 2026-04-14 00:00:00+00:00, run_after=2026-04-15 00:00:00+00:00
[2026-04-14T20:11:46.623+0000] {processor.py:183} INFO - Processing /opt/airflow/dags/talend_dwh_pipeline.py took 0.189 seconds
[2026-04-14T20:12:17.102+0000] {processor.py:161} INFO - Started process (PID=3194) to work on /opt/airflow/dags/talend_dwh_pipeline.py
[2026-04-14T20:12:17.105+0000] {processor.py:830} INFO - Processing file /opt/airflow/dags/talend_dwh_pipeline.py for tasks to queue
[2026-04-14T20:12:17.110+0000] {logging_mixin.py:188} INFO - [2026-04-14T20:12:17.109+0000] {dagbag.py:538} INFO - Filling up the DagBag from /opt/airflow/dags/talend_dwh_pipeline.py
[2026-04-14T20:12:17.169+0000] {processor.py:840} INFO - DAG(s) 'talend_dwh_pipeline' retrieved from /opt/airflow/dags/talend_dwh_pipeline.py
[2026-04-14T20:12:17.246+0000] {logging_mixin.py:188} INFO - [2026-04-14T20:12:17.245+0000] {dag.py:3036} INFO - Sync 1 DAGs
[2026-04-14T20:12:17.305+0000] {logging_mixin.py:188} INFO - [2026-04-14T20:12:17.305+0000] {dag.py:3823} INFO - Setting next_dagrun for talend_dwh_pipeline to 2026-04-14 00:00:00+00:00, run_after=2026-04-15 00:00:00+00:00
[2026-04-14T20:12:17.353+0000] {processor.py:183} INFO - Processing /opt/airflow/dags/talend_dwh_pipeline.py took 0.258 seconds
[2026-04-14T20:12:47.422+0000] {processor.py:161} INFO - Started process (PID=3251) to work on /opt/airflow/dags/talend_dwh_pipeline.py
[2026-04-14T20:12:47.424+0000] {processor.py:830} INFO - Processing file /opt/airflow/dags/talend_dwh_pipeline.py for tasks to queue
[2026-04-14T20:12:47.426+0000] {logging_mixin.py:188} INFO - [2026-04-14T20:12:47.426+0000] {dagbag.py:538} INFO - Filling up the DagBag from /opt/airflow/dags/talend_dwh_pipeline.py
[2026-04-14T20:12:47.452+0000] {processor.py:840} INFO - DAG(s) 'talend_dwh_pipeline' retrieved from /opt/airflow/dags/talend_dwh_pipeline.py
[2026-04-14T20:12:47.476+0000] {logging_mixin.py:188} INFO - [2026-04-14T20:12:47.476+0000] {dag.py:3036} INFO - Sync 1 DAGs
[2026-04-14T20:12:47.499+0000] {logging_mixin.py:188} INFO - [2026-04-14T20:12:47.498+0000] {dag.py:3823} INFO - Setting next_dagrun for talend_dwh_pipeline to 2026-04-14 00:00:00+00:00, run_after=2026-04-15 00:00:00+00:00
[2026-04-14T20:12:47.524+0000] {processor.py:183} INFO - Processing /opt/airflow/dags/talend_dwh_pipeline.py took 0.106 seconds
[2026-04-14T20:13:17.669+0000] {processor.py:161} INFO - Started process (PID=3308) to work on /opt/airflow/dags/talend_dwh_pipeline.py
[2026-04-14T20:13:17.671+0000] {processor.py:830} INFO - Processing file /opt/airflow/dags/talend_dwh_pipeline.py for tasks to queue
[2026-04-14T20:13:17.675+0000] {logging_mixin.py:188} INFO - [2026-04-14T20:13:17.674+0000] {dagbag.py:538} INFO - Filling up the DagBag from /opt/airflow/dags/talend_dwh_pipeline.py
[2026-04-14T20:13:17.709+0000] {processor.py:840} INFO - DAG(s) 'talend_dwh_pipeline' retrieved from /opt/airflow/dags/talend_dwh_pipeline.py
[2026-04-14T20:13:17.744+0000] {logging_mixin.py:188} INFO - [2026-04-14T20:13:17.744+0000] {dag.py:3036} INFO - Sync 1 DAGs
[2026-04-14T20:13:17.782+0000] {logging_mixin.py:188} INFO - [2026-04-14T20:13:17.781+0000] {dag.py:3823} INFO - Setting next_dagrun for talend_dwh_pipeline to 2026-04-14 00:00:00+00:00, run_after=2026-04-15 00:00:00+00:00
[2026-04-14T20:13:17.814+0000] {processor.py:183} INFO - Processing /opt/airflow/dags/talend_dwh_pipeline.py took 0.150 seconds
[2026-04-14T20:13:47.879+0000] {processor.py:161} INFO - Started process (PID=3363) to work on /opt/airflow/dags/talend_dwh_pipeline.py
[2026-04-14T20:13:47.882+0000] {processor.py:830} INFO - Processing file /opt/airflow/dags/talend_dwh_pipeline.py for tasks to queue
[2026-04-14T20:13:47.885+0000] {logging_mixin.py:188} INFO - [2026-04-14T20:13:47.884+0000] {dagbag.py:538} INFO - Filling up the DagBag from /opt/airflow/dags/talend_dwh_pipeline.py
[2026-04-14T20:13:47.911+0000] {processor.py:840} INFO - DAG(s) 'talend_dwh_pipeline' retrieved from /opt/airflow/dags/talend_dwh_pipeline.py
[2026-04-14T20:13:47.937+0000] {logging_mixin.py:188} INFO - [2026-04-14T20:13:47.936+0000] {dag.py:3036} INFO - Sync 1 DAGs
[2026-04-14T20:13:47.961+0000] {logging_mixin.py:188} INFO - [2026-04-14T20:13:47.961+0000] {dag.py:3823} INFO - Setting next_dagrun for talend_dwh_pipeline to 2026-04-14 00:00:00+00:00, run_after=2026-04-15 00:00:00+00:00
[2026-04-14T20:13:47.988+0000] {processor.py:183} INFO - Processing /opt/airflow/dags/talend_dwh_pipeline.py took 0.114 seconds
[2026-04-14T20:14:18.077+0000] {processor.py:161} INFO - Started process (PID=3420) to work on /opt/airflow/dags/talend_dwh_pipeline.py
[2026-04-14T20:14:18.079+0000] {processor.py:830} INFO - Processing file /opt/airflow/dags/talend_dwh_pipeline.py for tasks to queue
[2026-04-14T20:14:18.081+0000] {logging_mixin.py:188} INFO - [2026-04-14T20:14:18.080+0000] {dagbag.py:538} INFO - Filling up the DagBag from /opt/airflow/dags/talend_dwh_pipeline.py
[2026-04-14T20:14:18.100+0000] {processor.py:840} INFO - DAG(s) 'talend_dwh_pipeline' retrieved from /opt/airflow/dags/talend_dwh_pipeline.py
[2026-04-14T20:14:18.121+0000] {logging_mixin.py:188} INFO - [2026-04-14T20:14:18.121+0000] {dag.py:3036} INFO - Sync 1 DAGs
[2026-04-14T20:14:18.144+0000] {logging_mixin.py:188} INFO - [2026-04-14T20:14:18.144+0000] {dag.py:3823} INFO - Setting next_dagrun for talend_dwh_pipeline to 2026-04-14 00:00:00+00:00, run_after=2026-04-15 00:00:00+00:00
[2026-04-14T20:14:18.170+0000] {processor.py:183} INFO - Processing /opt/airflow/dags/talend_dwh_pipeline.py took 0.096 seconds
[2026-04-14T20:14:48.259+0000] {processor.py:161} INFO - Started process (PID=3477) to work on /opt/airflow/dags/talend_dwh_pipeline.py
[2026-04-14T20:14:48.260+0000] {processor.py:830} INFO - Processing file /opt/airflow/dags/talend_dwh_pipeline.py for tasks to queue
[2026-04-14T20:14:48.262+0000] {logging_mixin.py:188} INFO - [2026-04-14T20:14:48.262+0000] {dagbag.py:538} INFO - Filling up the DagBag from /opt/airflow/dags/talend_dwh_pipeline.py
[2026-04-14T20:14:48.287+0000] {processor.py:840} INFO - DAG(s) 'talend_dwh_pipeline' retrieved from /opt/airflow/dags/talend_dwh_pipeline.py
[2026-04-14T20:14:48.319+0000] {logging_mixin.py:188} INFO - [2026-04-14T20:14:48.318+0000] {dag.py:3036} INFO - Sync 1 DAGs
[2026-04-14T20:14:48.356+0000] {logging_mixin.py:188} INFO - [2026-04-14T20:14:48.356+0000] {dag.py:3823} INFO - Setting next_dagrun for talend_dwh_pipeline to 2026-04-14 00:00:00+00:00, run_after=2026-04-15 00:00:00+00:00
[2026-04-14T20:14:48.386+0000] {processor.py:183} INFO - Processing /opt/airflow/dags/talend_dwh_pipeline.py took 0.130 seconds
[2026-04-14T20:15:18.485+0000] {processor.py:161} INFO - Started process (PID=3534) to work on /opt/airflow/dags/talend_dwh_pipeline.py
[2026-04-14T20:15:18.487+0000] {processor.py:830} INFO - Processing file /opt/airflow/dags/talend_dwh_pipeline.py for tasks to queue
[2026-04-14T20:15:18.489+0000] {logging_mixin.py:188} INFO - [2026-04-14T20:15:18.489+0000] {dagbag.py:538} INFO - Filling up the DagBag from /opt/airflow/dags/talend_dwh_pipeline.py
[2026-04-14T20:15:18.513+0000] {processor.py:840} INFO - DAG(s) 'talend_dwh_pipeline' retrieved from /opt/airflow/dags/talend_dwh_pipeline.py
[2026-04-14T20:15:18.538+0000] {logging_mixin.py:188} INFO - [2026-04-14T20:15:18.538+0000] {dag.py:3036} INFO - Sync 1 DAGs
[2026-04-14T20:15:18.566+0000] {logging_mixin.py:188} INFO - [2026-04-14T20:15:18.565+0000] {dag.py:3823} INFO - Setting next_dagrun for talend_dwh_pipeline to 2026-04-14 00:00:00+00:00, run_after=2026-04-15 00:00:00+00:00
[2026-04-14T20:15:18.589+0000] {processor.py:183} INFO - Processing /opt/airflow/dags/talend_dwh_pipeline.py took 0.108 seconds
[2026-04-14T20:15:49.250+0000] {processor.py:161} INFO - Started process (PID=3592) to work on /opt/airflow/dags/talend_dwh_pipeline.py
[2026-04-14T20:15:49.252+0000] {processor.py:830} INFO - Processing file /opt/airflow/dags/talend_dwh_pipeline.py for tasks to queue
[2026-04-14T20:15:49.254+0000] {logging_mixin.py:188} INFO - [2026-04-14T20:15:49.254+0000] {dagbag.py:538} INFO - Filling up the DagBag from /opt/airflow/dags/talend_dwh_pipeline.py
[2026-04-14T20:15:49.277+0000] {processor.py:840} INFO - DAG(s) 'talend_dwh_pipeline' retrieved from /opt/airflow/dags/talend_dwh_pipeline.py
[2026-04-14T20:15:49.303+0000] {logging_mixin.py:188} INFO - [2026-04-14T20:15:49.303+0000] {dag.py:3036} INFO - Sync 1 DAGs
[2026-04-14T20:15:49.330+0000] {logging_mixin.py:188} INFO - [2026-04-14T20:15:49.330+0000] {dag.py:3823} INFO - Setting next_dagrun for talend_dwh_pipeline to 2026-04-14 00:00:00+00:00, run_after=2026-04-15 00:00:00+00:00
[2026-04-14T20:15:49.361+0000] {processor.py:183} INFO - Processing /opt/airflow/dags/talend_dwh_pipeline.py took 0.114 seconds
[2026-04-14T20:16:20.729+0000] {processor.py:161} INFO - Started process (PID=3641) to work on /opt/airflow/dags/talend_dwh_pipeline.py
[2026-04-14T20:16:20.730+0000] {processor.py:830} INFO - Processing file /opt/airflow/dags/talend_dwh_pipeline.py for tasks to queue
[2026-04-14T20:16:20.733+0000] {logging_mixin.py:188} INFO - [2026-04-14T20:16:20.733+0000] {dagbag.py:538} INFO - Filling up the DagBag from /opt/airflow/dags/talend_dwh_pipeline.py
[2026-04-14T20:16:20.755+0000] {processor.py:840} INFO - DAG(s) 'talend_dwh_pipeline' retrieved from /opt/airflow/dags/talend_dwh_pipeline.py
[2026-04-14T20:16:20.779+0000] {logging_mixin.py:188} INFO - [2026-04-14T20:16:20.779+0000] {dag.py:3036} INFO - Sync 1 DAGs
[2026-04-14T20:16:20.807+0000] {logging_mixin.py:188} INFO - [2026-04-14T20:16:20.807+0000] {dag.py:3823} INFO - Setting next_dagrun for talend_dwh_pipeline to 2026-04-14 00:00:00+00:00, run_after=2026-04-15 00:00:00+00:00
[2026-04-14T20:16:21.545+0000] {processor.py:183} INFO - Processing /opt/airflow/dags/talend_dwh_pipeline.py took 0.820 seconds
[2026-04-14T20:16:52.050+0000] {processor.py:161} INFO - Started process (PID=3698) to work on /opt/airflow/dags/talend_dwh_pipeline.py
[2026-04-14T20:16:52.051+0000] {processor.py:830} INFO - Processing file /opt/airflow/dags/talend_dwh_pipeline.py for tasks to queue
[2026-04-14T20:16:52.054+0000] {logging_mixin.py:188} INFO - [2026-04-14T20:16:52.053+0000] {dagbag.py:538} INFO - Filling up the DagBag from /opt/airflow/dags/talend_dwh_pipeline.py
[2026-04-14T20:16:52.078+0000] {processor.py:840} INFO - DAG(s) 'talend_dwh_pipeline' retrieved from /opt/airflow/dags/talend_dwh_pipeline.py
[2026-04-14T20:16:52.105+0000] {logging_mixin.py:188} INFO - [2026-04-14T20:16:52.105+0000] {dag.py:3036} INFO - Sync 1 DAGs
[2026-04-14T20:16:52.136+0000] {logging_mixin.py:188} INFO - [2026-04-14T20:16:52.136+0000] {dag.py:3823} INFO - Setting next_dagrun for talend_dwh_pipeline to 2026-04-14 00:00:00+00:00, run_after=2026-04-15 00:00:00+00:00
[2026-04-14T20:16:52.163+0000] {processor.py:183} INFO - Processing /opt/airflow/dags/talend_dwh_pipeline.py took 0.117 seconds
[2026-04-14T20:17:22.339+0000] {processor.py:161} INFO - Started process (PID=3755) to work on /opt/airflow/dags/talend_dwh_pipeline.py
[2026-04-14T20:17:22.341+0000] {processor.py:830} INFO - Processing file /opt/airflow/dags/talend_dwh_pipeline.py for tasks to queue
[2026-04-14T20:17:22.344+0000] {logging_mixin.py:188} INFO - [2026-04-14T20:17:22.343+0000] {dagbag.py:538} INFO - Filling up the DagBag from /opt/airflow/dags/talend_dwh_pipeline.py
[2026-04-14T20:17:22.379+0000] {processor.py:840} INFO - DAG(s) 'talend_dwh_pipeline' retrieved from /opt/airflow/dags/talend_dwh_pipeline.py
[2026-04-14T20:17:22.414+0000] {logging_mixin.py:188} INFO - [2026-04-14T20:17:22.413+0000] {dag.py:3036} INFO - Sync 1 DAGs
[2026-04-14T20:17:22.439+0000] {logging_mixin.py:188} INFO - [2026-04-14T20:17:22.438+0000] {dag.py:3823} INFO - Setting next_dagrun for talend_dwh_pipeline to 2026-04-14 00:00:00+00:00, run_after=2026-04-15 00:00:00+00:00
[2026-04-14T20:17:22.464+0000] {processor.py:183} INFO - Processing /opt/airflow/dags/talend_dwh_pipeline.py took 0.132 seconds
[2026-04-14T20:17:52.783+0000] {processor.py:161} INFO - Started process (PID=3812) to work on /opt/airflow/dags/talend_dwh_pipeline.py
[2026-04-14T20:17:52.785+0000] {processor.py:830} INFO - Processing file /opt/airflow/dags/talend_dwh_pipeline.py for tasks to queue
[2026-04-14T20:17:52.788+0000] {logging_mixin.py:188} INFO - [2026-04-14T20:17:52.787+0000] {dagbag.py:538} INFO - Filling up the DagBag from /opt/airflow/dags/talend_dwh_pipeline.py
[2026-04-14T20:17:52.827+0000] {processor.py:840} INFO - DAG(s) 'talend_dwh_pipeline' retrieved from /opt/airflow/dags/talend_dwh_pipeline.py
[2026-04-14T20:17:52.867+0000] {logging_mixin.py:188} INFO - [2026-04-14T20:17:52.867+0000] {dag.py:3036} INFO - Sync 1 DAGs
[2026-04-14T20:17:52.907+0000] {logging_mixin.py:188} INFO - [2026-04-14T20:17:52.906+0000] {dag.py:3823} INFO - Setting next_dagrun for talend_dwh_pipeline to 2026-04-14 00:00:00+00:00, run_after=2026-04-15 00:00:00+00:00
[2026-04-14T20:17:52.937+0000] {processor.py:183} INFO - Processing /opt/airflow/dags/talend_dwh_pipeline.py took 0.159 seconds
[2026-04-14T20:18:23.068+0000] {processor.py:161} INFO - Started process (PID=3869) to work on /opt/airflow/dags/talend_dwh_pipeline.py
[2026-04-14T20:18:23.069+0000] {processor.py:830} INFO - Processing file /opt/airflow/dags/talend_dwh_pipeline.py for tasks to queue
[2026-04-14T20:18:23.072+0000] {logging_mixin.py:188} INFO - [2026-04-14T20:18:23.072+0000] {dagbag.py:538} INFO - Filling up the DagBag from /opt/airflow/dags/talend_dwh_pipeline.py
[2026-04-14T20:18:23.098+0000] {processor.py:840} INFO - DAG(s) 'talend_dwh_pipeline' retrieved from /opt/airflow/dags/talend_dwh_pipeline.py
[2026-04-14T20:18:23.134+0000] {logging_mixin.py:188} INFO - [2026-04-14T20:18:23.134+0000] {dag.py:3036} INFO - Sync 1 DAGs
[2026-04-14T20:18:23.172+0000] {logging_mixin.py:188} INFO - [2026-04-14T20:18:23.171+0000] {dag.py:3823} INFO - Setting next_dagrun for talend_dwh_pipeline to 2026-04-14 00:00:00+00:00, run_after=2026-04-15 00:00:00+00:00
[2026-04-14T20:18:23.203+0000] {processor.py:183} INFO - Processing /opt/airflow/dags/talend_dwh_pipeline.py took 0.140 seconds
[2026-04-14T20:18:53.374+0000] {processor.py:161} INFO - Started process (PID=3926) to work on /opt/airflow/dags/talend_dwh_pipeline.py
[2026-04-14T20:18:53.376+0000] {processor.py:830} INFO - Processing file /opt/airflow/dags/talend_dwh_pipeline.py for tasks to queue
[2026-04-14T20:18:53.379+0000] {logging_mixin.py:188} INFO - [2026-04-14T20:18:53.378+0000] {dagbag.py:538} INFO - Filling up the DagBag from /opt/airflow/dags/talend_dwh_pipeline.py
[2026-04-14T20:18:53.405+0000] {processor.py:840} INFO - DAG(s) 'talend_dwh_pipeline' retrieved from /opt/airflow/dags/talend_dwh_pipeline.py
[2026-04-14T20:18:53.434+0000] {logging_mixin.py:188} INFO - [2026-04-14T20:18:53.434+0000] {dag.py:3036} INFO - Sync 1 DAGs
[2026-04-14T20:18:53.460+0000] {logging_mixin.py:188} INFO - [2026-04-14T20:18:53.459+0000] {dag.py:3823} INFO - Setting next_dagrun for talend_dwh_pipeline to 2026-04-14 00:00:00+00:00, run_after=2026-04-15 00:00:00+00:00
[2026-04-14T20:18:53.521+0000] {processor.py:183} INFO - Processing /opt/airflow/dags/talend_dwh_pipeline.py took 0.152 seconds
[2026-04-14T20:19:23.650+0000] {processor.py:161} INFO - Started process (PID=3983) to work on /opt/airflow/dags/talend_dwh_pipeline.py
[2026-04-14T20:19:23.651+0000] {processor.py:830} INFO - Processing file /opt/airflow/dags/talend_dwh_pipeline.py for tasks to queue
[2026-04-14T20:19:23.654+0000] {logging_mixin.py:188} INFO - [2026-04-14T20:19:23.653+0000] {dagbag.py:538} INFO - Filling up the DagBag from /opt/airflow/dags/talend_dwh_pipeline.py
[2026-04-14T20:19:23.680+0000] {processor.py:840} INFO - DAG(s) 'talend_dwh_pipeline' retrieved from /opt/airflow/dags/talend_dwh_pipeline.py
[2026-04-14T20:19:23.704+0000] {logging_mixin.py:188} INFO - [2026-04-14T20:19:23.703+0000] {dag.py:3036} INFO - Sync 1 DAGs
[2026-04-14T20:19:23.728+0000] {logging_mixin.py:188} INFO - [2026-04-14T20:19:23.728+0000] {dag.py:3823} INFO - Setting next_dagrun for talend_dwh_pipeline to 2026-04-14 00:00:00+00:00, run_after=2026-04-15 00:00:00+00:00
[2026-04-14T20:19:23.753+0000] {processor.py:183} INFO - Processing /opt/airflow/dags/talend_dwh_pipeline.py took 0.107 seconds
[2026-04-14T20:19:53.957+0000] {processor.py:161} INFO - Started process (PID=4040) to work on /opt/airflow/dags/talend_dwh_pipeline.py
[2026-04-14T20:19:53.958+0000] {processor.py:830} INFO - Processing file /opt/airflow/dags/talend_dwh_pipeline.py for tasks to queue
[2026-04-14T20:19:53.960+0000] {logging_mixin.py:188} INFO - [2026-04-14T20:19:53.960+0000] {dagbag.py:538} INFO - Filling up the DagBag from /opt/airflow/dags/talend_dwh_pipeline.py
[2026-04-14T20:19:53.982+0000] {processor.py:840} INFO - DAG(s) 'talend_dwh_pipeline' retrieved from /opt/airflow/dags/talend_dwh_pipeline.py
[2026-04-14T20:19:54.008+0000] {logging_mixin.py:188} INFO - [2026-04-14T20:19:54.008+0000] {dag.py:3036} INFO - Sync 1 DAGs
[2026-04-14T20:19:54.036+0000] {logging_mixin.py:188} INFO - [2026-04-14T20:19:54.036+0000] {dag.py:3823} INFO - Setting next_dagrun for talend_dwh_pipeline to 2026-04-14 00:00:00+00:00, run_after=2026-04-15 00:00:00+00:00
[2026-04-14T20:19:54.065+0000] {processor.py:183} INFO - Processing /opt/airflow/dags/talend_dwh_pipeline.py took 0.113 seconds
[2026-04-14T20:20:24.453+0000] {processor.py:161} INFO - Started process (PID=4097) to work on /opt/airflow/dags/talend_dwh_pipeline.py
[2026-04-14T20:20:24.455+0000] {processor.py:830} INFO - Processing file /opt/airflow/dags/talend_dwh_pipeline.py for tasks to queue
[2026-04-14T20:20:24.458+0000] {logging_mixin.py:188} INFO - [2026-04-14T20:20:24.457+0000] {dagbag.py:538} INFO - Filling up the DagBag from /opt/airflow/dags/talend_dwh_pipeline.py
[2026-04-14T20:20:24.494+0000] {processor.py:840} INFO - DAG(s) 'talend_dwh_pipeline' retrieved from /opt/airflow/dags/talend_dwh_pipeline.py
[2026-04-14T20:20:24.534+0000] {logging_mixin.py:188} INFO - [2026-04-14T20:20:24.533+0000] {dag.py:3036} INFO - Sync 1 DAGs
[2026-04-14T20:20:24.561+0000] {logging_mixin.py:188} INFO - [2026-04-14T20:20:24.560+0000] {dag.py:3823} INFO - Setting next_dagrun for talend_dwh_pipeline to 2026-04-14 00:00:00+00:00, run_after=2026-04-15 00:00:00+00:00
[2026-04-14T20:20:24.589+0000] {processor.py:183} INFO - Processing /opt/airflow/dags/talend_dwh_pipeline.py took 0.140 seconds
[2026-04-14T20:20:54.749+0000] {processor.py:161} INFO - Started process (PID=4154) to work on /opt/airflow/dags/talend_dwh_pipeline.py
[2026-04-14T20:20:54.750+0000] {processor.py:830} INFO - Processing file /opt/airflow/dags/talend_dwh_pipeline.py for tasks to queue
[2026-04-14T20:20:54.753+0000] {logging_mixin.py:188} INFO - [2026-04-14T20:20:54.753+0000] {dagbag.py:538} INFO - Filling up the DagBag from /opt/airflow/dags/talend_dwh_pipeline.py
[2026-04-14T20:20:54.775+0000] {processor.py:840} INFO - DAG(s) 'talend_dwh_pipeline' retrieved from /opt/airflow/dags/talend_dwh_pipeline.py
[2026-04-14T20:20:54.801+0000] {logging_mixin.py:188} INFO - [2026-04-14T20:20:54.800+0000] {dag.py:3036} INFO - Sync 1 DAGs
[2026-04-14T20:20:54.844+0000] {logging_mixin.py:188} INFO - [2026-04-14T20:20:54.843+0000] {dag.py:3823} INFO - Setting next_dagrun for talend_dwh_pipeline to 2026-04-14 00:00:00+00:00, run_after=2026-04-15 00:00:00+00:00
[2026-04-14T20:20:54.875+0000] {processor.py:183} INFO - Processing /opt/airflow/dags/talend_dwh_pipeline.py took 0.130 seconds
[2026-04-14T20:21:25.264+0000] {processor.py:161} INFO - Started process (PID=4211) to work on /opt/airflow/dags/talend_dwh_pipeline.py
[2026-04-14T20:21:25.265+0000] {processor.py:830} INFO - Processing file /opt/airflow/dags/talend_dwh_pipeline.py for tasks to queue
[2026-04-14T20:21:25.267+0000] {logging_mixin.py:188} INFO - [2026-04-14T20:21:25.267+0000] {dagbag.py:538} INFO - Filling up the DagBag from /opt/airflow/dags/talend_dwh_pipeline.py
[2026-04-14T20:21:25.290+0000] {processor.py:840} INFO - DAG(s) 'talend_dwh_pipeline' retrieved from /opt/airflow/dags/talend_dwh_pipeline.py
[2026-04-14T20:21:25.314+0000] {logging_mixin.py:188} INFO - [2026-04-14T20:21:25.314+0000] {dag.py:3036} INFO - Sync 1 DAGs
[2026-04-14T20:21:25.340+0000] {logging_mixin.py:188} INFO - [2026-04-14T20:21:25.340+0000] {dag.py:3823} INFO - Setting next_dagrun for talend_dwh_pipeline to 2026-04-14 00:00:00+00:00, run_after=2026-04-15 00:00:00+00:00
[2026-04-14T20:21:25.365+0000] {processor.py:183} INFO - Processing /opt/airflow/dags/talend_dwh_pipeline.py took 0.105 seconds
[2026-04-14T20:21:55.922+0000] {processor.py:161} INFO - Started process (PID=4268) to work on /opt/airflow/dags/talend_dwh_pipeline.py
[2026-04-14T20:21:55.924+0000] {processor.py:830} INFO - Processing file /opt/airflow/dags/talend_dwh_pipeline.py for tasks to queue
[2026-04-14T20:21:55.927+0000] {logging_mixin.py:188} INFO - [2026-04-14T20:21:55.926+0000] {dagbag.py:538} INFO - Filling up the DagBag from /opt/airflow/dags/talend_dwh_pipeline.py
[2026-04-14T20:21:55.955+0000] {processor.py:840} INFO - DAG(s) 'talend_dwh_pipeline' retrieved from /opt/airflow/dags/talend_dwh_pipeline.py
[2026-04-14T20:21:55.980+0000] {logging_mixin.py:188} INFO - [2026-04-14T20:21:55.980+0000] {dag.py:3036} INFO - Sync 1 DAGs
[2026-04-14T20:21:56.007+0000] {logging_mixin.py:188} INFO - [2026-04-14T20:21:56.006+0000] {dag.py:3823} INFO - Setting next_dagrun for talend_dwh_pipeline to 2026-04-14 00:00:00+00:00, run_after=2026-04-15 00:00:00+00:00
[2026-04-14T20:21:56.047+0000] {processor.py:183} INFO - Processing /opt/airflow/dags/talend_dwh_pipeline.py took 0.130 seconds
[2026-04-14T20:22:26.129+0000] {processor.py:161} INFO - Started process (PID=4325) to work on /opt/airflow/dags/talend_dwh_pipeline.py
[2026-04-14T20:22:26.130+0000] {processor.py:830} INFO - Processing file /opt/airflow/dags/talend_dwh_pipeline.py for tasks to queue
[2026-04-14T20:22:26.133+0000] {logging_mixin.py:188} INFO - [2026-04-14T20:22:26.132+0000] {dagbag.py:538} INFO - Filling up the DagBag from /opt/airflow/dags/talend_dwh_pipeline.py
[2026-04-14T20:22:26.155+0000] {processor.py:840} INFO - DAG(s) 'talend_dwh_pipeline' retrieved from /opt/airflow/dags/talend_dwh_pipeline.py
[2026-04-14T20:22:26.181+0000] {logging_mixin.py:188} INFO - [2026-04-14T20:22:26.180+0000] {dag.py:3036} INFO - Sync 1 DAGs
[2026-04-14T20:22:26.207+0000] {logging_mixin.py:188} INFO - [2026-04-14T20:22:26.206+0000] {dag.py:3823} INFO - Setting next_dagrun for talend_dwh_pipeline to 2026-04-14 00:00:00+00:00, run_after=2026-04-15 00:00:00+00:00
[2026-04-14T20:22:26.234+0000] {processor.py:183} INFO - Processing /opt/airflow/dags/talend_dwh_pipeline.py took 0.109 seconds
[2026-04-14T20:22:56.668+0000] {processor.py:161} INFO - Started process (PID=4382) to work on /opt/airflow/dags/talend_dwh_pipeline.py
[2026-04-14T20:22:56.669+0000] {processor.py:830} INFO - Processing file /opt/airflow/dags/talend_dwh_pipeline.py for tasks to queue
[2026-04-14T20:22:56.672+0000] {logging_mixin.py:188} INFO - [2026-04-14T20:22:56.671+0000] {dagbag.py:538} INFO - Filling up the DagBag from /opt/airflow/dags/talend_dwh_pipeline.py
[2026-04-14T20:22:56.695+0000] {processor.py:840} INFO - DAG(s) 'talend_dwh_pipeline' retrieved from /opt/airflow/dags/talend_dwh_pipeline.py
[2026-04-14T20:22:56.724+0000] {logging_mixin.py:188} INFO - [2026-04-14T20:22:56.724+0000] {dag.py:3036} INFO - Sync 1 DAGs
[2026-04-14T20:22:56.754+0000] {logging_mixin.py:188} INFO - [2026-04-14T20:22:56.753+0000] {dag.py:3823} INFO - Setting next_dagrun for talend_dwh_pipeline to 2026-04-14 00:00:00+00:00, run_after=2026-04-15 00:00:00+00:00
[2026-04-14T20:22:56.777+0000] {processor.py:183} INFO - Processing /opt/airflow/dags/talend_dwh_pipeline.py took 0.116 seconds
[2026-04-14T20:23:27.373+0000] {processor.py:161} INFO - Started process (PID=4439) to work on /opt/airflow/dags/talend_dwh_pipeline.py
[2026-04-14T20:23:27.374+0000] {processor.py:830} INFO - Processing file /opt/airflow/dags/talend_dwh_pipeline.py for tasks to queue
[2026-04-14T20:23:27.378+0000] {logging_mixin.py:188} INFO - [2026-04-14T20:23:27.377+0000] {dagbag.py:538} INFO - Filling up the DagBag from /opt/airflow/dags/talend_dwh_pipeline.py
[2026-04-14T20:23:27.409+0000] {processor.py:840} INFO - DAG(s) 'talend_dwh_pipeline' retrieved from /opt/airflow/dags/talend_dwh_pipeline.py
[2026-04-14T20:23:27.438+0000] {logging_mixin.py:188} INFO - [2026-04-14T20:23:27.437+0000] {dag.py:3036} INFO - Sync 1 DAGs
[2026-04-14T20:23:27.470+0000] {logging_mixin.py:188} INFO - [2026-04-14T20:23:27.470+0000] {dag.py:3823} INFO - Setting next_dagrun for talend_dwh_pipeline to 2026-04-14 00:00:00+00:00, run_after=2026-04-15 00:00:00+00:00
[2026-04-14T20:23:27.504+0000] {processor.py:183} INFO - Processing /opt/airflow/dags/talend_dwh_pipeline.py took 0.135 seconds
[2026-04-14T20:23:57.635+0000] {processor.py:161} INFO - Started process (PID=4496) to work on /opt/airflow/dags/talend_dwh_pipeline.py
[2026-04-14T20:23:57.636+0000] {processor.py:830} INFO - Processing file /opt/airflow/dags/talend_dwh_pipeline.py for tasks to queue
[2026-04-14T20:23:57.639+0000] {logging_mixin.py:188} INFO - [2026-04-14T20:23:57.638+0000] {dagbag.py:538} INFO - Filling up the DagBag from /opt/airflow/dags/talend_dwh_pipeline.py
[2026-04-14T20:23:57.671+0000] {processor.py:840} INFO - DAG(s) 'talend_dwh_pipeline' retrieved from /opt/airflow/dags/talend_dwh_pipeline.py
[2026-04-14T20:23:57.705+0000] {logging_mixin.py:188} INFO - [2026-04-14T20:23:57.704+0000] {dag.py:3036} INFO - Sync 1 DAGs
[2026-04-14T20:23:57.737+0000] {logging_mixin.py:188} INFO - [2026-04-14T20:23:57.736+0000] {dag.py:3823} INFO - Setting next_dagrun for talend_dwh_pipeline to 2026-04-14 00:00:00+00:00, run_after=2026-04-15 00:00:00+00:00
[2026-04-14T20:23:57.763+0000] {processor.py:183} INFO - Processing /opt/airflow/dags/talend_dwh_pipeline.py took 0.133 seconds
[2026-04-14T20:24:28.526+0000] {processor.py:161} INFO - Started process (PID=4553) to work on /opt/airflow/dags/talend_dwh_pipeline.py
[2026-04-14T20:24:28.528+0000] {processor.py:830} INFO - Processing file /opt/airflow/dags/talend_dwh_pipeline.py for tasks to queue
[2026-04-14T20:24:28.531+0000] {logging_mixin.py:188} INFO - [2026-04-14T20:24:28.531+0000] {dagbag.py:538} INFO - Filling up the DagBag from /opt/airflow/dags/talend_dwh_pipeline.py
[2026-04-14T20:24:28.560+0000] {processor.py:840} INFO - DAG(s) 'talend_dwh_pipeline' retrieved from /opt/airflow/dags/talend_dwh_pipeline.py
[2026-04-14T20:24:28.596+0000] {logging_mixin.py:188} INFO - [2026-04-14T20:24:28.595+0000] {dag.py:3036} INFO - Sync 1 DAGs
[2026-04-14T20:24:28.628+0000] {logging_mixin.py:188} INFO - [2026-04-14T20:24:28.628+0000] {dag.py:3823} INFO - Setting next_dagrun for talend_dwh_pipeline to 2026-04-14 00:00:00+00:00, run_after=2026-04-15 00:00:00+00:00
[2026-04-14T20:24:28.670+0000] {processor.py:183} INFO - Processing /opt/airflow/dags/talend_dwh_pipeline.py took 0.149 seconds
[2026-04-14T20:24:59.437+0000] {processor.py:161} INFO - Started process (PID=4617) to work on /opt/airflow/dags/talend_dwh_pipeline.py
[2026-04-14T20:24:59.438+0000] {processor.py:830} INFO - Processing file /opt/airflow/dags/talend_dwh_pipeline.py for tasks to queue
[2026-04-14T20:24:59.440+0000] {logging_mixin.py:188} INFO - [2026-04-14T20:24:59.440+0000] {dagbag.py:538} INFO - Filling up the DagBag from /opt/airflow/dags/talend_dwh_pipeline.py
[2026-04-14T20:24:59.461+0000] {processor.py:840} INFO - DAG(s) 'talend_dwh_pipeline' retrieved from /opt/airflow/dags/talend_dwh_pipeline.py
[2026-04-14T20:24:59.486+0000] {logging_mixin.py:188} INFO - [2026-04-14T20:24:59.485+0000] {dag.py:3036} INFO - Sync 1 DAGs
[2026-04-14T20:24:59.511+0000] {logging_mixin.py:188} INFO - [2026-04-14T20:24:59.511+0000] {dag.py:3823} INFO - Setting next_dagrun for talend_dwh_pipeline to 2026-04-14 00:00:00+00:00, run_after=2026-04-15 00:00:00+00:00
[2026-04-14T20:24:59.538+0000] {processor.py:183} INFO - Processing /opt/airflow/dags/talend_dwh_pipeline.py took 0.106 seconds
[2026-04-14T20:25:29.761+0000] {processor.py:161} INFO - Started process (PID=4674) to work on /opt/airflow/dags/talend_dwh_pipeline.py
[2026-04-14T20:25:29.763+0000] {processor.py:830} INFO - Processing file /opt/airflow/dags/talend_dwh_pipeline.py for tasks to queue
[2026-04-14T20:25:29.767+0000] {logging_mixin.py:188} INFO - [2026-04-14T20:25:29.766+0000] {dagbag.py:538} INFO - Filling up the DagBag from /opt/airflow/dags/talend_dwh_pipeline.py
[2026-04-14T20:25:29.814+0000] {processor.py:840} INFO - DAG(s) 'talend_dwh_pipeline' retrieved from /opt/airflow/dags/talend_dwh_pipeline.py
[2026-04-14T20:25:29.856+0000] {logging_mixin.py:188} INFO - [2026-04-14T20:25:29.856+0000] {dag.py:3036} INFO - Sync 1 DAGs
[2026-04-14T20:25:29.912+0000] {logging_mixin.py:188} INFO - [2026-04-14T20:25:29.911+0000] {dag.py:3823} INFO - Setting next_dagrun for talend_dwh_pipeline to 2026-04-14 00:00:00+00:00, run_after=2026-04-15 00:00:00+00:00
[2026-04-14T20:25:29.981+0000] {processor.py:183} INFO - Processing /opt/airflow/dags/talend_dwh_pipeline.py took 0.225 seconds
[2026-04-14T20:26:00.827+0000] {processor.py:161} INFO - Started process (PID=4732) to work on /opt/airflow/dags/talend_dwh_pipeline.py
[2026-04-14T20:26:00.830+0000] {processor.py:830} INFO - Processing file /opt/airflow/dags/talend_dwh_pipeline.py for tasks to queue
[2026-04-14T20:26:00.834+0000] {logging_mixin.py:188} INFO - [2026-04-14T20:26:00.834+0000] {dagbag.py:538} INFO - Filling up the DagBag from /opt/airflow/dags/talend_dwh_pipeline.py
[2026-04-14T20:26:00.874+0000] {processor.py:840} INFO - DAG(s) 'talend_dwh_pipeline' retrieved from /opt/airflow/dags/talend_dwh_pipeline.py
[2026-04-14T20:26:00.922+0000] {logging_mixin.py:188} INFO - [2026-04-14T20:26:00.921+0000] {dag.py:3036} INFO - Sync 1 DAGs
[2026-04-14T20:26:00.982+0000] {logging_mixin.py:188} INFO - [2026-04-14T20:26:00.982+0000] {dag.py:3823} INFO - Setting next_dagrun for talend_dwh_pipeline to 2026-04-14 00:00:00+00:00, run_after=2026-04-15 00:00:00+00:00
[2026-04-14T20:26:01.044+0000] {processor.py:183} INFO - Processing /opt/airflow/dags/talend_dwh_pipeline.py took 0.225 seconds
[2026-04-14T20:26:31.335+0000] {processor.py:161} INFO - Started process (PID=4789) to work on /opt/airflow/dags/talend_dwh_pipeline.py
[2026-04-14T20:26:31.337+0000] {processor.py:830} INFO - Processing file /opt/airflow/dags/talend_dwh_pipeline.py for tasks to queue
[2026-04-14T20:26:31.340+0000] {logging_mixin.py:188} INFO - [2026-04-14T20:26:31.340+0000] {dagbag.py:538} INFO - Filling up the DagBag from /opt/airflow/dags/talend_dwh_pipeline.py
[2026-04-14T20:26:31.374+0000] {processor.py:840} INFO - DAG(s) 'talend_dwh_pipeline' retrieved from /opt/airflow/dags/talend_dwh_pipeline.py
[2026-04-14T20:26:31.410+0000] {logging_mixin.py:188} INFO - [2026-04-14T20:26:31.410+0000] {dag.py:3036} INFO - Sync 1 DAGs
[2026-04-14T20:26:31.447+0000] {logging_mixin.py:188} INFO - [2026-04-14T20:26:31.446+0000] {dag.py:3823} INFO - Setting next_dagrun for talend_dwh_pipeline to 2026-04-14 00:00:00+00:00, run_after=2026-04-15 00:00:00+00:00
[2026-04-14T20:26:31.481+0000] {processor.py:183} INFO - Processing /opt/airflow/dags/talend_dwh_pipeline.py took 0.151 seconds
[2026-04-14T20:27:01.706+0000] {processor.py:161} INFO - Started process (PID=4846) to work on /opt/airflow/dags/talend_dwh_pipeline.py
[2026-04-14T20:27:01.708+0000] {processor.py:830} INFO - Processing file /opt/airflow/dags/talend_dwh_pipeline.py for tasks to queue
[2026-04-14T20:27:01.712+0000] {logging_mixin.py:188} INFO - [2026-04-14T20:27:01.712+0000] {dagbag.py:538} INFO - Filling up the DagBag from /opt/airflow/dags/talend_dwh_pipeline.py
[2026-04-14T20:27:01.745+0000] {processor.py:840} INFO - DAG(s) 'talend_dwh_pipeline' retrieved from /opt/airflow/dags/talend_dwh_pipeline.py
[2026-04-14T20:27:01.779+0000] {logging_mixin.py:188} INFO - [2026-04-14T20:27:01.778+0000] {dag.py:3036} INFO - Sync 1 DAGs
[2026-04-14T20:27:01.817+0000] {logging_mixin.py:188} INFO - [2026-04-14T20:27:01.817+0000] {dag.py:3823} INFO - Setting next_dagrun for talend_dwh_pipeline to 2026-04-14 00:00:00+00:00, run_after=2026-04-15 00:00:00+00:00
[2026-04-14T20:27:01.966+0000] {processor.py:183} INFO - Processing /opt/airflow/dags/talend_dwh_pipeline.py took 0.265 seconds
[2026-04-14T20:27:32.411+0000] {processor.py:161} INFO - Started process (PID=4903) to work on /opt/airflow/dags/talend_dwh_pipeline.py
[2026-04-14T20:27:32.413+0000] {processor.py:830} INFO - Processing file /opt/airflow/dags/talend_dwh_pipeline.py for tasks to queue
[2026-04-14T20:27:32.421+0000] {logging_mixin.py:188} INFO - [2026-04-14T20:27:32.420+0000] {dagbag.py:538} INFO - Filling up the DagBag from /opt/airflow/dags/talend_dwh_pipeline.py
[2026-04-14T20:27:32.473+0000] {processor.py:840} INFO - DAG(s) 'talend_dwh_pipeline' retrieved from /opt/airflow/dags/talend_dwh_pipeline.py
[2026-04-14T20:27:32.583+0000] {logging_mixin.py:188} INFO - [2026-04-14T20:27:32.582+0000] {dag.py:3036} INFO - Sync 1 DAGs
[2026-04-14T20:27:32.664+0000] {logging_mixin.py:188} INFO - [2026-04-14T20:27:32.664+0000] {dag.py:3823} INFO - Setting next_dagrun for talend_dwh_pipeline to 2026-04-14 00:00:00+00:00, run_after=2026-04-15 00:00:00+00:00
[2026-04-14T20:27:32.728+0000] {processor.py:183} INFO - Processing /opt/airflow/dags/talend_dwh_pipeline.py took 0.324 seconds
[2026-04-14T20:28:02.937+0000] {processor.py:161} INFO - Started process (PID=4961) to work on /opt/airflow/dags/talend_dwh_pipeline.py
[2026-04-14T20:28:02.939+0000] {processor.py:830} INFO - Processing file /opt/airflow/dags/talend_dwh_pipeline.py for tasks to queue
[2026-04-14T20:28:02.941+0000] {logging_mixin.py:188} INFO - [2026-04-14T20:28:02.940+0000] {dagbag.py:538} INFO - Filling up the DagBag from /opt/airflow/dags/talend_dwh_pipeline.py
[2026-04-14T20:28:02.968+0000] {processor.py:840} INFO - DAG(s) 'talend_dwh_pipeline' retrieved from /opt/airflow/dags/talend_dwh_pipeline.py
[2026-04-14T20:28:03.000+0000] {logging_mixin.py:188} INFO - [2026-04-14T20:28:02.999+0000] {dag.py:3036} INFO - Sync 1 DAGs
[2026-04-14T20:28:03.033+0000] {logging_mixin.py:188} INFO - [2026-04-14T20:28:03.032+0000] {dag.py:3823} INFO - Setting next_dagrun for talend_dwh_pipeline to 2026-04-14 00:00:00+00:00, run_after=2026-04-15 00:00:00+00:00
[2026-04-14T20:28:03.064+0000] {processor.py:183} INFO - Processing /opt/airflow/dags/talend_dwh_pipeline.py took 0.132 seconds
[2026-04-14T20:28:33.107+0000] {processor.py:161} INFO - Started process (PID=5018) to work on /opt/airflow/dags/talend_dwh_pipeline.py
[2026-04-14T20:28:33.108+0000] {processor.py:830} INFO - Processing file /opt/airflow/dags/talend_dwh_pipeline.py for tasks to queue
[2026-04-14T20:28:33.112+0000] {logging_mixin.py:188} INFO - [2026-04-14T20:28:33.112+0000] {dagbag.py:538} INFO - Filling up the DagBag from /opt/airflow/dags/talend_dwh_pipeline.py
[2026-04-14T20:28:33.135+0000] {processor.py:840} INFO - DAG(s) 'talend_dwh_pipeline' retrieved from /opt/airflow/dags/talend_dwh_pipeline.py
[2026-04-14T20:28:33.161+0000] {logging_mixin.py:188} INFO - [2026-04-14T20:28:33.161+0000] {dag.py:3036} INFO - Sync 1 DAGs
[2026-04-14T20:28:33.187+0000] {logging_mixin.py:188} INFO - [2026-04-14T20:28:33.187+0000] {dag.py:3823} INFO - Setting next_dagrun for talend_dwh_pipeline to 2026-04-14 00:00:00+00:00, run_after=2026-04-15 00:00:00+00:00
[2026-04-14T20:28:33.215+0000] {processor.py:183} INFO - Processing /opt/airflow/dags/talend_dwh_pipeline.py took 0.112 seconds
[2026-04-14T20:29:03.336+0000] {processor.py:161} INFO - Started process (PID=5074) to work on /opt/airflow/dags/talend_dwh_pipeline.py
[2026-04-14T20:29:03.338+0000] {processor.py:830} INFO - Processing file /opt/airflow/dags/talend_dwh_pipeline.py for tasks to queue
[2026-04-14T20:29:03.341+0000] {logging_mixin.py:188} INFO - [2026-04-14T20:29:03.341+0000] {dagbag.py:538} INFO - Filling up the DagBag from /opt/airflow/dags/talend_dwh_pipeline.py
[2026-04-14T20:29:03.390+0000] {processor.py:840} INFO - DAG(s) 'talend_dwh_pipeline' retrieved from /opt/airflow/dags/talend_dwh_pipeline.py
[2026-04-14T20:29:03.451+0000] {logging_mixin.py:188} INFO - [2026-04-14T20:29:03.451+0000] {dag.py:3036} INFO - Sync 1 DAGs
[2026-04-14T20:29:03.500+0000] {logging_mixin.py:188} INFO - [2026-04-14T20:29:03.500+0000] {dag.py:3823} INFO - Setting next_dagrun for talend_dwh_pipeline to 2026-04-14 00:00:00+00:00, run_after=2026-04-15 00:00:00+00:00
[2026-04-14T20:29:03.541+0000] {processor.py:183} INFO - Processing /opt/airflow/dags/talend_dwh_pipeline.py took 0.212 seconds
[2026-04-14T20:29:33.625+0000] {processor.py:161} INFO - Started process (PID=5132) to work on /opt/airflow/dags/talend_dwh_pipeline.py
[2026-04-14T20:29:33.627+0000] {processor.py:830} INFO - Processing file /opt/airflow/dags/talend_dwh_pipeline.py for tasks to queue
[2026-04-14T20:29:33.630+0000] {logging_mixin.py:188} INFO - [2026-04-14T20:29:33.630+0000] {dagbag.py:538} INFO - Filling up the DagBag from /opt/airflow/dags/talend_dwh_pipeline.py
[2026-04-14T20:29:33.660+0000] {processor.py:840} INFO - DAG(s) 'talend_dwh_pipeline' retrieved from /opt/airflow/dags/talend_dwh_pipeline.py
[2026-04-14T20:29:33.709+0000] {logging_mixin.py:188} INFO - [2026-04-14T20:29:33.708+0000] {dag.py:3036} INFO - Sync 1 DAGs
[2026-04-14T20:29:33.743+0000] {logging_mixin.py:188} INFO - [2026-04-14T20:29:33.743+0000] {dag.py:3823} INFO - Setting next_dagrun for talend_dwh_pipeline to 2026-04-14 00:00:00+00:00, run_after=2026-04-15 00:00:00+00:00
[2026-04-14T20:29:33.773+0000] {processor.py:183} INFO - Processing /opt/airflow/dags/talend_dwh_pipeline.py took 0.153 seconds
[2026-04-14T20:30:04.125+0000] {processor.py:161} INFO - Started process (PID=5188) to work on /opt/airflow/dags/talend_dwh_pipeline.py
[2026-04-14T20:30:04.128+0000] {processor.py:830} INFO - Processing file /opt/airflow/dags/talend_dwh_pipeline.py for tasks to queue
[2026-04-14T20:30:04.132+0000] {logging_mixin.py:188} INFO - [2026-04-14T20:30:04.132+0000] {dagbag.py:538} INFO - Filling up the DagBag from /opt/airflow/dags/talend_dwh_pipeline.py
[2026-04-14T20:30:04.164+0000] {processor.py:840} INFO - DAG(s) 'talend_dwh_pipeline' retrieved from /opt/airflow/dags/talend_dwh_pipeline.py
[2026-04-14T20:30:04.197+0000] {logging_mixin.py:188} INFO - [2026-04-14T20:30:04.197+0000] {dag.py:3036} INFO - Sync 1 DAGs
[2026-04-14T20:30:04.245+0000] {logging_mixin.py:188} INFO - [2026-04-14T20:30:04.245+0000] {dag.py:3823} INFO - Setting next_dagrun for talend_dwh_pipeline to 2026-04-14 00:00:00+00:00, run_after=2026-04-15 00:00:00+00:00
[2026-04-14T20:30:04.288+0000] {processor.py:183} INFO - Processing /opt/airflow/dags/talend_dwh_pipeline.py took 0.169 seconds
[2026-04-14T20:30:34.828+0000] {processor.py:161} INFO - Started process (PID=5245) to work on /opt/airflow/dags/talend_dwh_pipeline.py
[2026-04-14T20:30:34.829+0000] {processor.py:830} INFO - Processing file /opt/airflow/dags/talend_dwh_pipeline.py for tasks to queue
[2026-04-14T20:30:34.833+0000] {logging_mixin.py:188} INFO - [2026-04-14T20:30:34.832+0000] {dagbag.py:538} INFO - Filling up the DagBag from /opt/airflow/dags/talend_dwh_pipeline.py
[2026-04-14T20:30:34.876+0000] {processor.py:840} INFO - DAG(s) 'talend_dwh_pipeline' retrieved from /opt/airflow/dags/talend_dwh_pipeline.py
[2026-04-14T20:30:34.902+0000] {logging_mixin.py:188} INFO - [2026-04-14T20:30:34.902+0000] {dag.py:3036} INFO - Sync 1 DAGs
[2026-04-14T20:30:34.932+0000] {logging_mixin.py:188} INFO - [2026-04-14T20:30:34.932+0000] {dag.py:3823} INFO - Setting next_dagrun for talend_dwh_pipeline to 2026-04-14 00:00:00+00:00, run_after=2026-04-15 00:00:00+00:00
[2026-04-14T20:30:34.961+0000] {processor.py:183} INFO - Processing /opt/airflow/dags/talend_dwh_pipeline.py took 0.138 seconds
[2026-04-14T20:31:05.684+0000] {processor.py:161} INFO - Started process (PID=5302) to work on /opt/airflow/dags/talend_dwh_pipeline.py
[2026-04-14T20:31:05.686+0000] {processor.py:830} INFO - Processing file /opt/airflow/dags/talend_dwh_pipeline.py for tasks to queue
[2026-04-14T20:31:05.689+0000] {logging_mixin.py:188} INFO - [2026-04-14T20:31:05.689+0000] {dagbag.py:538} INFO - Filling up the DagBag from /opt/airflow/dags/talend_dwh_pipeline.py
[2026-04-14T20:31:05.722+0000] {processor.py:840} INFO - DAG(s) 'talend_dwh_pipeline' retrieved from /opt/airflow/dags/talend_dwh_pipeline.py
[2026-04-14T20:31:05.752+0000] {logging_mixin.py:188} INFO - [2026-04-14T20:31:05.751+0000] {dag.py:3036} INFO - Sync 1 DAGs
[2026-04-14T20:31:05.793+0000] {logging_mixin.py:188} INFO - [2026-04-14T20:31:05.792+0000] {dag.py:3823} INFO - Setting next_dagrun for talend_dwh_pipeline to 2026-04-14 00:00:00+00:00, run_after=2026-04-15 00:00:00+00:00
[2026-04-14T20:31:05.834+0000] {processor.py:183} INFO - Processing /opt/airflow/dags/talend_dwh_pipeline.py took 0.155 seconds
[2026-04-14T20:31:36.358+0000] {processor.py:161} INFO - Started process (PID=5359) to work on /opt/airflow/dags/talend_dwh_pipeline.py
[2026-04-14T20:31:36.360+0000] {processor.py:830} INFO - Processing file /opt/airflow/dags/talend_dwh_pipeline.py for tasks to queue
[2026-04-14T20:31:36.363+0000] {logging_mixin.py:188} INFO - [2026-04-14T20:31:36.363+0000] {dagbag.py:538} INFO - Filling up the DagBag from /opt/airflow/dags/talend_dwh_pipeline.py
[2026-04-14T20:31:36.410+0000] {processor.py:840} INFO - DAG(s) 'talend_dwh_pipeline' retrieved from /opt/airflow/dags/talend_dwh_pipeline.py
[2026-04-14T20:31:36.466+0000] {logging_mixin.py:188} INFO - [2026-04-14T20:31:36.465+0000] {dag.py:3036} INFO - Sync 1 DAGs
[2026-04-14T20:31:36.680+0000] {logging_mixin.py:188} INFO - [2026-04-14T20:31:36.680+0000] {dag.py:3823} INFO - Setting next_dagrun for talend_dwh_pipeline to 2026-04-14 00:00:00+00:00, run_after=2026-04-15 00:00:00+00:00
[2026-04-14T20:31:36.773+0000] {processor.py:183} INFO - Processing /opt/airflow/dags/talend_dwh_pipeline.py took 0.415 seconds
[2026-04-14T20:32:07.734+0000] {processor.py:161} INFO - Started process (PID=5416) to work on /opt/airflow/dags/talend_dwh_pipeline.py
[2026-04-14T20:32:07.735+0000] {processor.py:830} INFO - Processing file /opt/airflow/dags/talend_dwh_pipeline.py for tasks to queue
[2026-04-14T20:32:07.738+0000] {logging_mixin.py:188} INFO - [2026-04-14T20:32:07.738+0000] {dagbag.py:538} INFO - Filling up the DagBag from /opt/airflow/dags/talend_dwh_pipeline.py
[2026-04-14T20:32:07.762+0000] {processor.py:840} INFO - DAG(s) 'talend_dwh_pipeline' retrieved from /opt/airflow/dags/talend_dwh_pipeline.py
[2026-04-14T20:32:07.784+0000] {logging_mixin.py:188} INFO - [2026-04-14T20:32:07.784+0000] {dag.py:3036} INFO - Sync 1 DAGs
[2026-04-14T20:32:07.807+0000] {logging_mixin.py:188} INFO - [2026-04-14T20:32:07.807+0000] {dag.py:3823} INFO - Setting next_dagrun for talend_dwh_pipeline to 2026-04-14 00:00:00+00:00, run_after=2026-04-15 00:00:00+00:00
[2026-04-14T20:32:07.833+0000] {processor.py:183} INFO - Processing /opt/airflow/dags/talend_dwh_pipeline.py took 0.104 seconds
[2026-04-14T20:32:37.922+0000] {processor.py:161} INFO - Started process (PID=5473) to work on /opt/airflow/dags/talend_dwh_pipeline.py
[2026-04-14T20:32:37.924+0000] {processor.py:830} INFO - Processing file /opt/airflow/dags/talend_dwh_pipeline.py for tasks to queue
[2026-04-14T20:32:37.926+0000] {logging_mixin.py:188} INFO - [2026-04-14T20:32:37.926+0000] {dagbag.py:538} INFO - Filling up the DagBag from /opt/airflow/dags/talend_dwh_pipeline.py
[2026-04-14T20:32:37.949+0000] {processor.py:840} INFO - DAG(s) 'talend_dwh_pipeline' retrieved from /opt/airflow/dags/talend_dwh_pipeline.py
[2026-04-14T20:32:37.976+0000] {logging_mixin.py:188} INFO - [2026-04-14T20:32:37.975+0000] {dag.py:3036} INFO - Sync 1 DAGs
[2026-04-14T20:32:37.999+0000] {logging_mixin.py:188} INFO - [2026-04-14T20:32:37.999+0000] {dag.py:3823} INFO - Setting next_dagrun for talend_dwh_pipeline to 2026-04-14 00:00:00+00:00, run_after=2026-04-15 00:00:00+00:00
[2026-04-14T20:32:38.027+0000] {processor.py:183} INFO - Processing /opt/airflow/dags/talend_dwh_pipeline.py took 0.108 seconds
[2026-04-14T20:33:08.815+0000] {processor.py:161} INFO - Started process (PID=5530) to work on /opt/airflow/dags/talend_dwh_pipeline.py
[2026-04-14T20:33:08.817+0000] {processor.py:830} INFO - Processing file /opt/airflow/dags/talend_dwh_pipeline.py for tasks to queue
[2026-04-14T20:33:08.820+0000] {logging_mixin.py:188} INFO - [2026-04-14T20:33:08.820+0000] {dagbag.py:538} INFO - Filling up the DagBag from /opt/airflow/dags/talend_dwh_pipeline.py
[2026-04-14T20:33:08.858+0000] {processor.py:840} INFO - DAG(s) 'talend_dwh_pipeline' retrieved from /opt/airflow/dags/talend_dwh_pipeline.py
[2026-04-14T20:33:08.898+0000] {logging_mixin.py:188} INFO - [2026-04-14T20:33:08.898+0000] {dag.py:3036} INFO - Sync 1 DAGs
[2026-04-14T20:33:08.933+0000] {logging_mixin.py:188} INFO - [2026-04-14T20:33:08.933+0000] {dag.py:3823} INFO - Setting next_dagrun for talend_dwh_pipeline to 2026-04-14 00:00:00+00:00, run_after=2026-04-15 00:00:00+00:00
[2026-04-14T20:33:08.972+0000] {processor.py:183} INFO - Processing /opt/airflow/dags/talend_dwh_pipeline.py took 0.162 seconds
[2026-04-14T20:33:39.051+0000] {processor.py:161} INFO - Started process (PID=5587) to work on /opt/airflow/dags/talend_dwh_pipeline.py
[2026-04-14T20:33:39.053+0000] {processor.py:830} INFO - Processing file /opt/airflow/dags/talend_dwh_pipeline.py for tasks to queue
[2026-04-14T20:33:39.055+0000] {logging_mixin.py:188} INFO - [2026-04-14T20:33:39.055+0000] {dagbag.py:538} INFO - Filling up the DagBag from /opt/airflow/dags/talend_dwh_pipeline.py
[2026-04-14T20:33:39.081+0000] {processor.py:840} INFO - DAG(s) 'talend_dwh_pipeline' retrieved from /opt/airflow/dags/talend_dwh_pipeline.py
[2026-04-14T20:33:39.109+0000] {logging_mixin.py:188} INFO - [2026-04-14T20:33:39.108+0000] {dag.py:3036} INFO - Sync 1 DAGs
[2026-04-14T20:33:39.141+0000] {logging_mixin.py:188} INFO - [2026-04-14T20:33:39.141+0000] {dag.py:3823} INFO - Setting next_dagrun for talend_dwh_pipeline to 2026-04-14 00:00:00+00:00, run_after=2026-04-15 00:00:00+00:00
[2026-04-14T20:33:39.176+0000] {processor.py:183} INFO - Processing /opt/airflow/dags/talend_dwh_pipeline.py took 0.130 seconds
[2026-04-14T20:34:09.429+0000] {processor.py:161} INFO - Started process (PID=5645) to work on /opt/airflow/dags/talend_dwh_pipeline.py
[2026-04-14T20:34:09.430+0000] {processor.py:830} INFO - Processing file /opt/airflow/dags/talend_dwh_pipeline.py for tasks to queue
[2026-04-14T20:34:09.432+0000] {logging_mixin.py:188} INFO - [2026-04-14T20:34:09.432+0000] {dagbag.py:538} INFO - Filling up the DagBag from /opt/airflow/dags/talend_dwh_pipeline.py
[2026-04-14T20:34:09.457+0000] {processor.py:840} INFO - DAG(s) 'talend_dwh_pipeline' retrieved from /opt/airflow/dags/talend_dwh_pipeline.py
[2026-04-14T20:34:09.484+0000] {logging_mixin.py:188} INFO - [2026-04-14T20:34:09.483+0000] {dag.py:3036} INFO - Sync 1 DAGs
[2026-04-14T20:34:09.509+0000] {logging_mixin.py:188} INFO - [2026-04-14T20:34:09.509+0000] {dag.py:3823} INFO - Setting next_dagrun for talend_dwh_pipeline to 2026-04-14 00:00:00+00:00, run_after=2026-04-15 00:00:00+00:00
[2026-04-14T20:34:09.532+0000] {processor.py:183} INFO - Processing /opt/airflow/dags/talend_dwh_pipeline.py took 0.108 seconds
[2026-04-14T20:34:39.630+0000] {processor.py:161} INFO - Started process (PID=5702) to work on /opt/airflow/dags/talend_dwh_pipeline.py
[2026-04-14T20:34:39.632+0000] {processor.py:830} INFO - Processing file /opt/airflow/dags/talend_dwh_pipeline.py for tasks to queue
[2026-04-14T20:34:39.636+0000] {logging_mixin.py:188} INFO - [2026-04-14T20:34:39.635+0000] {dagbag.py:538} INFO - Filling up the DagBag from /opt/airflow/dags/talend_dwh_pipeline.py
[2026-04-14T20:34:39.673+0000] {processor.py:840} INFO - DAG(s) 'talend_dwh_pipeline' retrieved from /opt/airflow/dags/talend_dwh_pipeline.py
[2026-04-14T20:34:39.709+0000] {logging_mixin.py:188} INFO - [2026-04-14T20:34:39.709+0000] {dag.py:3036} INFO - Sync 1 DAGs
[2026-04-14T20:34:39.750+0000] {logging_mixin.py:188} INFO - [2026-04-14T20:34:39.749+0000] {dag.py:3823} INFO - Setting next_dagrun for talend_dwh_pipeline to 2026-04-14 00:00:00+00:00, run_after=2026-04-15 00:00:00+00:00
[2026-04-14T20:34:39.777+0000] {processor.py:183} INFO - Processing /opt/airflow/dags/talend_dwh_pipeline.py took 0.155 seconds
[2026-04-14T20:35:10.243+0000] {processor.py:161} INFO - Started process (PID=5759) to work on /opt/airflow/dags/talend_dwh_pipeline.py
[2026-04-14T20:35:10.245+0000] {processor.py:830} INFO - Processing file /opt/airflow/dags/talend_dwh_pipeline.py for tasks to queue
[2026-04-14T20:35:10.248+0000] {logging_mixin.py:188} INFO - [2026-04-14T20:35:10.248+0000] {dagbag.py:538} INFO - Filling up the DagBag from /opt/airflow/dags/talend_dwh_pipeline.py
[2026-04-14T20:35:10.275+0000] {processor.py:840} INFO - DAG(s) 'talend_dwh_pipeline' retrieved from /opt/airflow/dags/talend_dwh_pipeline.py
[2026-04-14T20:35:10.299+0000] {logging_mixin.py:188} INFO - [2026-04-14T20:35:10.299+0000] {dag.py:3036} INFO - Sync 1 DAGs
[2026-04-14T20:35:10.323+0000] {logging_mixin.py:188} INFO - [2026-04-14T20:35:10.322+0000] {dag.py:3823} INFO - Setting next_dagrun for talend_dwh_pipeline to 2026-04-14 00:00:00+00:00, run_after=2026-04-15 00:00:00+00:00
[2026-04-14T20:35:10.347+0000] {processor.py:183} INFO - Processing /opt/airflow/dags/talend_dwh_pipeline.py took 0.109 seconds
[2026-04-14T20:35:40.636+0000] {processor.py:161} INFO - Started process (PID=5816) to work on /opt/airflow/dags/talend_dwh_pipeline.py
[2026-04-14T20:35:40.637+0000] {processor.py:830} INFO - Processing file /opt/airflow/dags/talend_dwh_pipeline.py for tasks to queue
[2026-04-14T20:35:40.640+0000] {logging_mixin.py:188} INFO - [2026-04-14T20:35:40.639+0000] {dagbag.py:538} INFO - Filling up the DagBag from /opt/airflow/dags/talend_dwh_pipeline.py
[2026-04-14T20:35:40.662+0000] {processor.py:840} INFO - DAG(s) 'talend_dwh_pipeline' retrieved from /opt/airflow/dags/talend_dwh_pipeline.py
[2026-04-14T20:35:40.687+0000] {logging_mixin.py:188} INFO - [2026-04-14T20:35:40.687+0000] {dag.py:3036} INFO - Sync 1 DAGs
[2026-04-14T20:35:40.718+0000] {logging_mixin.py:188} INFO - [2026-04-14T20:35:40.718+0000] {dag.py:3823} INFO - Setting next_dagrun for talend_dwh_pipeline to 2026-04-14 00:00:00+00:00, run_after=2026-04-15 00:00:00+00:00
[2026-04-14T20:35:40.751+0000] {processor.py:183} INFO - Processing /opt/airflow/dags/talend_dwh_pipeline.py took 0.119 seconds
[2026-04-14T20:36:11.050+0000] {processor.py:161} INFO - Started process (PID=5873) to work on /opt/airflow/dags/talend_dwh_pipeline.py
[2026-04-14T20:36:11.052+0000] {processor.py:830} INFO - Processing file /opt/airflow/dags/talend_dwh_pipeline.py for tasks to queue
[2026-04-14T20:36:11.058+0000] {logging_mixin.py:188} INFO - [2026-04-14T20:36:11.057+0000] {dagbag.py:538} INFO - Filling up the DagBag from /opt/airflow/dags/talend_dwh_pipeline.py
[2026-04-14T20:36:11.094+0000] {processor.py:840} INFO - DAG(s) 'talend_dwh_pipeline' retrieved from /opt/airflow/dags/talend_dwh_pipeline.py
[2026-04-14T20:36:11.135+0000] {logging_mixin.py:188} INFO - [2026-04-14T20:36:11.134+0000] {dag.py:3036} INFO - Sync 1 DAGs
[2026-04-14T20:36:11.176+0000] {logging_mixin.py:188} INFO - [2026-04-14T20:36:11.175+0000] {dag.py:3823} INFO - Setting next_dagrun for talend_dwh_pipeline to 2026-04-14 00:00:00+00:00, run_after=2026-04-15 00:00:00+00:00
[2026-04-14T20:36:11.226+0000] {processor.py:183} INFO - Processing /opt/airflow/dags/talend_dwh_pipeline.py took 0.182 seconds
[2026-04-14T20:36:41.370+0000] {processor.py:161} INFO - Started process (PID=5930) to work on /opt/airflow/dags/talend_dwh_pipeline.py
[2026-04-14T20:36:41.375+0000] {processor.py:830} INFO - Processing file /opt/airflow/dags/talend_dwh_pipeline.py for tasks to queue
[2026-04-14T20:36:41.377+0000] {logging_mixin.py:188} INFO - [2026-04-14T20:36:41.377+0000] {dagbag.py:538} INFO - Filling up the DagBag from /opt/airflow/dags/talend_dwh_pipeline.py
[2026-04-14T20:36:41.407+0000] {processor.py:840} INFO - DAG(s) 'talend_dwh_pipeline' retrieved from /opt/airflow/dags/talend_dwh_pipeline.py
[2026-04-14T20:36:41.430+0000] {logging_mixin.py:188} INFO - [2026-04-14T20:36:41.430+0000] {dag.py:3036} INFO - Sync 1 DAGs
[2026-04-14T20:36:41.454+0000] {logging_mixin.py:188} INFO - [2026-04-14T20:36:41.454+0000] {dag.py:3823} INFO - Setting next_dagrun for talend_dwh_pipeline to 2026-04-14 00:00:00+00:00, run_after=2026-04-15 00:00:00+00:00
[2026-04-14T20:36:41.480+0000] {processor.py:183} INFO - Processing /opt/airflow/dags/talend_dwh_pipeline.py took 0.114 seconds
[2026-04-14T20:37:12.233+0000] {processor.py:161} INFO - Started process (PID=5987) to work on /opt/airflow/dags/talend_dwh_pipeline.py
[2026-04-14T20:37:12.236+0000] {processor.py:830} INFO - Processing file /opt/airflow/dags/talend_dwh_pipeline.py for tasks to queue
[2026-04-14T20:37:12.244+0000] {logging_mixin.py:188} INFO - [2026-04-14T20:37:12.243+0000] {dagbag.py:538} INFO - Filling up the DagBag from /opt/airflow/dags/talend_dwh_pipeline.py
[2026-04-14T20:37:12.324+0000] {processor.py:840} INFO - DAG(s) 'talend_dwh_pipeline' retrieved from /opt/airflow/dags/talend_dwh_pipeline.py
[2026-04-14T20:37:12.437+0000] {logging_mixin.py:188} INFO - [2026-04-14T20:37:12.437+0000] {dag.py:3036} INFO - Sync 1 DAGs
[2026-04-14T20:37:12.538+0000] {logging_mixin.py:188} INFO - [2026-04-14T20:37:12.538+0000] {dag.py:3823} INFO - Setting next_dagrun for talend_dwh_pipeline to 2026-04-14 00:00:00+00:00, run_after=2026-04-15 00:00:00+00:00
[2026-04-14T20:37:12.648+0000] {processor.py:183} INFO - Processing /opt/airflow/dags/talend_dwh_pipeline.py took 0.434 seconds
[2026-04-14T20:37:42.973+0000] {processor.py:161} INFO - Started process (PID=6044) to work on /opt/airflow/dags/talend_dwh_pipeline.py
[2026-04-14T20:37:42.975+0000] {processor.py:830} INFO - Processing file /opt/airflow/dags/talend_dwh_pipeline.py for tasks to queue
[2026-04-14T20:37:42.977+0000] {logging_mixin.py:188} INFO - [2026-04-14T20:37:42.976+0000] {dagbag.py:538} INFO - Filling up the DagBag from /opt/airflow/dags/talend_dwh_pipeline.py
[2026-04-14T20:37:42.996+0000] {processor.py:840} INFO - DAG(s) 'talend_dwh_pipeline' retrieved from /opt/airflow/dags/talend_dwh_pipeline.py
[2026-04-14T20:37:43.018+0000] {logging_mixin.py:188} INFO - [2026-04-14T20:37:43.018+0000] {dag.py:3036} INFO - Sync 1 DAGs
[2026-04-14T20:37:43.045+0000] {logging_mixin.py:188} INFO - [2026-04-14T20:37:43.045+0000] {dag.py:3823} INFO - Setting next_dagrun for talend_dwh_pipeline to 2026-04-14 00:00:00+00:00, run_after=2026-04-15 00:00:00+00:00
[2026-04-14T20:37:43.071+0000] {processor.py:183} INFO - Processing /opt/airflow/dags/talend_dwh_pipeline.py took 0.102 seconds
[2026-04-14T20:38:13.541+0000] {processor.py:161} INFO - Started process (PID=6101) to work on /opt/airflow/dags/talend_dwh_pipeline.py
[2026-04-14T20:38:13.542+0000] {processor.py:830} INFO - Processing file /opt/airflow/dags/talend_dwh_pipeline.py for tasks to queue
[2026-04-14T20:38:13.544+0000] {logging_mixin.py:188} INFO - [2026-04-14T20:38:13.544+0000] {dagbag.py:538} INFO - Filling up the DagBag from /opt/airflow/dags/talend_dwh_pipeline.py
[2026-04-14T20:38:13.568+0000] {processor.py:840} INFO - DAG(s) 'talend_dwh_pipeline' retrieved from /opt/airflow/dags/talend_dwh_pipeline.py
[2026-04-14T20:38:13.593+0000] {logging_mixin.py:188} INFO - [2026-04-14T20:38:13.593+0000] {dag.py:3036} INFO - Sync 1 DAGs
[2026-04-14T20:38:13.616+0000] {logging_mixin.py:188} INFO - [2026-04-14T20:38:13.616+0000] {dag.py:3823} INFO - Setting next_dagrun for talend_dwh_pipeline to 2026-04-14 00:00:00+00:00, run_after=2026-04-15 00:00:00+00:00
[2026-04-14T20:38:13.641+0000] {processor.py:183} INFO - Processing /opt/airflow/dags/talend_dwh_pipeline.py took 0.104 seconds
[2026-04-14T20:38:44.420+0000] {processor.py:161} INFO - Started process (PID=6158) to work on /opt/airflow/dags/talend_dwh_pipeline.py
[2026-04-14T20:38:44.422+0000] {processor.py:830} INFO - Processing file /opt/airflow/dags/talend_dwh_pipeline.py for tasks to queue
[2026-04-14T20:38:44.425+0000] {logging_mixin.py:188} INFO - [2026-04-14T20:38:44.425+0000] {dagbag.py:538} INFO - Filling up the DagBag from /opt/airflow/dags/talend_dwh_pipeline.py
[2026-04-14T20:38:44.466+0000] {processor.py:840} INFO - DAG(s) 'talend_dwh_pipeline' retrieved from /opt/airflow/dags/talend_dwh_pipeline.py
[2026-04-14T20:38:44.503+0000] {logging_mixin.py:188} INFO - [2026-04-14T20:38:44.503+0000] {dag.py:3036} INFO - Sync 1 DAGs
[2026-04-14T20:38:44.526+0000] {logging_mixin.py:188} INFO - [2026-04-14T20:38:44.526+0000] {dag.py:3823} INFO - Setting next_dagrun for talend_dwh_pipeline to 2026-04-14 00:00:00+00:00, run_after=2026-04-15 00:00:00+00:00
[2026-04-14T20:38:44.553+0000] {processor.py:183} INFO - Processing /opt/airflow/dags/talend_dwh_pipeline.py took 0.138 seconds
[2026-04-14T20:39:14.655+0000] {processor.py:161} INFO - Started process (PID=6215) to work on /opt/airflow/dags/talend_dwh_pipeline.py
[2026-04-14T20:39:14.657+0000] {processor.py:830} INFO - Processing file /opt/airflow/dags/talend_dwh_pipeline.py for tasks to queue
[2026-04-14T20:39:14.659+0000] {logging_mixin.py:188} INFO - [2026-04-14T20:39:14.659+0000] {dagbag.py:538} INFO - Filling up the DagBag from /opt/airflow/dags/talend_dwh_pipeline.py
[2026-04-14T20:39:14.686+0000] {processor.py:840} INFO - DAG(s) 'talend_dwh_pipeline' retrieved from /opt/airflow/dags/talend_dwh_pipeline.py
[2026-04-14T20:39:14.714+0000] {logging_mixin.py:188} INFO - [2026-04-14T20:39:14.714+0000] {dag.py:3036} INFO - Sync 1 DAGs
[2026-04-14T20:39:14.739+0000] {logging_mixin.py:188} INFO - [2026-04-14T20:39:14.738+0000] {dag.py:3823} INFO - Setting next_dagrun for talend_dwh_pipeline to 2026-04-14 00:00:00+00:00, run_after=2026-04-15 00:00:00+00:00
[2026-04-14T20:39:14.768+0000] {processor.py:183} INFO - Processing /opt/airflow/dags/talend_dwh_pipeline.py took 0.117 seconds
[2026-04-14T20:39:44.993+0000] {processor.py:161} INFO - Started process (PID=6273) to work on /opt/airflow/dags/talend_dwh_pipeline.py
[2026-04-14T20:39:44.994+0000] {processor.py:830} INFO - Processing file /opt/airflow/dags/talend_dwh_pipeline.py for tasks to queue
[2026-04-14T20:39:44.998+0000] {logging_mixin.py:188} INFO - [2026-04-14T20:39:44.998+0000] {dagbag.py:538} INFO - Filling up the DagBag from /opt/airflow/dags/talend_dwh_pipeline.py
[2026-04-14T20:39:45.029+0000] {processor.py:840} INFO - DAG(s) 'talend_dwh_pipeline' retrieved from /opt/airflow/dags/talend_dwh_pipeline.py
[2026-04-14T20:39:45.053+0000] {logging_mixin.py:188} INFO - [2026-04-14T20:39:45.052+0000] {dag.py:3036} INFO - Sync 1 DAGs
[2026-04-14T20:39:45.080+0000] {logging_mixin.py:188} INFO - [2026-04-14T20:39:45.079+0000] {dag.py:3823} INFO - Setting next_dagrun for talend_dwh_pipeline to 2026-04-14 00:00:00+00:00, run_after=2026-04-15 00:00:00+00:00
[2026-04-14T20:39:45.105+0000] {processor.py:183} INFO - Processing /opt/airflow/dags/talend_dwh_pipeline.py took 0.117 seconds
[2026-04-14T20:40:15.567+0000] {processor.py:161} INFO - Started process (PID=6330) to work on /opt/airflow/dags/talend_dwh_pipeline.py
[2026-04-14T20:40:15.569+0000] {processor.py:830} INFO - Processing file /opt/airflow/dags/talend_dwh_pipeline.py for tasks to queue
[2026-04-14T20:40:15.574+0000] {logging_mixin.py:188} INFO - [2026-04-14T20:40:15.574+0000] {dagbag.py:538} INFO - Filling up the DagBag from /opt/airflow/dags/talend_dwh_pipeline.py
[2026-04-14T20:40:15.626+0000] {processor.py:840} INFO - DAG(s) 'talend_dwh_pipeline' retrieved from /opt/airflow/dags/talend_dwh_pipeline.py
[2026-04-14T20:40:15.672+0000] {logging_mixin.py:188} INFO - [2026-04-14T20:40:15.671+0000] {dag.py:3036} INFO - Sync 1 DAGs
[2026-04-14T20:40:15.720+0000] {logging_mixin.py:188} INFO - [2026-04-14T20:40:15.719+0000] {dag.py:3823} INFO - Setting next_dagrun for talend_dwh_pipeline to 2026-04-14 00:00:00+00:00, run_after=2026-04-15 00:00:00+00:00
[2026-04-14T20:40:15.758+0000] {processor.py:183} INFO - Processing /opt/airflow/dags/talend_dwh_pipeline.py took 0.203 seconds
[2026-04-14T20:40:46.186+0000] {processor.py:161} INFO - Started process (PID=6385) to work on /opt/airflow/dags/talend_dwh_pipeline.py
[2026-04-14T20:40:46.187+0000] {processor.py:830} INFO - Processing file /opt/airflow/dags/talend_dwh_pipeline.py for tasks to queue
[2026-04-14T20:40:46.190+0000] {logging_mixin.py:188} INFO - [2026-04-14T20:40:46.190+0000] {dagbag.py:538} INFO - Filling up the DagBag from /opt/airflow/dags/talend_dwh_pipeline.py
[2026-04-14T20:40:46.222+0000] {processor.py:840} INFO - DAG(s) 'talend_dwh_pipeline' retrieved from /opt/airflow/dags/talend_dwh_pipeline.py
[2026-04-14T20:40:46.252+0000] {logging_mixin.py:188} INFO - [2026-04-14T20:40:46.252+0000] {dag.py:3036} INFO - Sync 1 DAGs
[2026-04-14T20:40:46.281+0000] {logging_mixin.py:188} INFO - [2026-04-14T20:40:46.280+0000] {dag.py:3823} INFO - Setting next_dagrun for talend_dwh_pipeline to 2026-04-14 00:00:00+00:00, run_after=2026-04-15 00:00:00+00:00
[2026-04-14T20:40:46.308+0000] {processor.py:183} INFO - Processing /opt/airflow/dags/talend_dwh_pipeline.py took 0.128 seconds
[2026-04-14T20:41:16.971+0000] {processor.py:161} INFO - Started process (PID=6442) to work on /opt/airflow/dags/talend_dwh_pipeline.py
[2026-04-14T20:41:16.973+0000] {processor.py:830} INFO - Processing file /opt/airflow/dags/talend_dwh_pipeline.py for tasks to queue
[2026-04-14T20:41:16.976+0000] {logging_mixin.py:188} INFO - [2026-04-14T20:41:16.976+0000] {dagbag.py:538} INFO - Filling up the DagBag from /opt/airflow/dags/talend_dwh_pipeline.py
[2026-04-14T20:41:17.018+0000] {processor.py:840} INFO - DAG(s) 'talend_dwh_pipeline' retrieved from /opt/airflow/dags/talend_dwh_pipeline.py
[2026-04-14T20:41:17.084+0000] {logging_mixin.py:188} INFO - [2026-04-14T20:41:17.084+0000] {dag.py:3036} INFO - Sync 1 DAGs
[2026-04-14T20:41:17.116+0000] {logging_mixin.py:188} INFO - [2026-04-14T20:41:17.116+0000] {dag.py:3823} INFO - Setting next_dagrun for talend_dwh_pipeline to 2026-04-14 00:00:00+00:00, run_after=2026-04-15 00:00:00+00:00
[2026-04-14T20:41:17.165+0000] {processor.py:183} INFO - Processing /opt/airflow/dags/talend_dwh_pipeline.py took 0.200 seconds
[2026-04-14T20:41:47.302+0000] {processor.py:161} INFO - Started process (PID=6499) to work on /opt/airflow/dags/talend_dwh_pipeline.py
[2026-04-14T20:41:47.303+0000] {processor.py:830} INFO - Processing file /opt/airflow/dags/talend_dwh_pipeline.py for tasks to queue
[2026-04-14T20:41:47.306+0000] {logging_mixin.py:188} INFO - [2026-04-14T20:41:47.305+0000] {dagbag.py:538} INFO - Filling up the DagBag from /opt/airflow/dags/talend_dwh_pipeline.py
[2026-04-14T20:41:47.327+0000] {processor.py:840} INFO - DAG(s) 'talend_dwh_pipeline' retrieved from /opt/airflow/dags/talend_dwh_pipeline.py
[2026-04-14T20:41:47.360+0000] {logging_mixin.py:188} INFO - [2026-04-14T20:41:47.360+0000] {dag.py:3036} INFO - Sync 1 DAGs
[2026-04-14T20:41:47.395+0000] {logging_mixin.py:188} INFO - [2026-04-14T20:41:47.394+0000] {dag.py:3823} INFO - Setting next_dagrun for talend_dwh_pipeline to 2026-04-14 00:00:00+00:00, run_after=2026-04-15 00:00:00+00:00
[2026-04-14T20:41:47.428+0000] {processor.py:183} INFO - Processing /opt/airflow/dags/talend_dwh_pipeline.py took 0.130 seconds
[2026-04-14T20:42:17.931+0000] {processor.py:161} INFO - Started process (PID=6556) to work on /opt/airflow/dags/talend_dwh_pipeline.py
[2026-04-14T20:42:17.932+0000] {processor.py:830} INFO - Processing file /opt/airflow/dags/talend_dwh_pipeline.py for tasks to queue
[2026-04-14T20:42:17.934+0000] {logging_mixin.py:188} INFO - [2026-04-14T20:42:17.934+0000] {dagbag.py:538} INFO - Filling up the DagBag from /opt/airflow/dags/talend_dwh_pipeline.py
[2026-04-14T20:42:17.958+0000] {processor.py:840} INFO - DAG(s) 'talend_dwh_pipeline' retrieved from /opt/airflow/dags/talend_dwh_pipeline.py
[2026-04-14T20:42:17.984+0000] {logging_mixin.py:188} INFO - [2026-04-14T20:42:17.984+0000] {dag.py:3036} INFO - Sync 1 DAGs
[2026-04-14T20:42:18.010+0000] {logging_mixin.py:188} INFO - [2026-04-14T20:42:18.010+0000] {dag.py:3823} INFO - Setting next_dagrun for talend_dwh_pipeline to 2026-04-14 00:00:00+00:00, run_after=2026-04-15 00:00:00+00:00
[2026-04-14T20:42:18.035+0000] {processor.py:183} INFO - Processing /opt/airflow/dags/talend_dwh_pipeline.py took 0.109 seconds
[2026-04-14T20:42:48.280+0000] {processor.py:161} INFO - Started process (PID=6613) to work on /opt/airflow/dags/talend_dwh_pipeline.py
[2026-04-14T20:42:48.282+0000] {processor.py:830} INFO - Processing file /opt/airflow/dags/talend_dwh_pipeline.py for tasks to queue
[2026-04-14T20:42:48.284+0000] {logging_mixin.py:188} INFO - [2026-04-14T20:42:48.284+0000] {dagbag.py:538} INFO - Filling up the DagBag from /opt/airflow/dags/talend_dwh_pipeline.py
[2026-04-14T20:42:48.314+0000] {processor.py:840} INFO - DAG(s) 'talend_dwh_pipeline' retrieved from /opt/airflow/dags/talend_dwh_pipeline.py
[2026-04-14T20:42:48.338+0000] {logging_mixin.py:188} INFO - [2026-04-14T20:42:48.338+0000] {dag.py:3036} INFO - Sync 1 DAGs
[2026-04-14T20:42:48.362+0000] {logging_mixin.py:188} INFO - [2026-04-14T20:42:48.361+0000] {dag.py:3823} INFO - Setting next_dagrun for talend_dwh_pipeline to 2026-04-14 00:00:00+00:00, run_after=2026-04-15 00:00:00+00:00
[2026-04-14T20:42:48.387+0000] {processor.py:183} INFO - Processing /opt/airflow/dags/talend_dwh_pipeline.py took 0.112 seconds
[2026-04-14T20:43:18.509+0000] {processor.py:161} INFO - Started process (PID=6670) to work on /opt/airflow/dags/talend_dwh_pipeline.py
[2026-04-14T20:43:18.511+0000] {processor.py:830} INFO - Processing file /opt/airflow/dags/talend_dwh_pipeline.py for tasks to queue
[2026-04-14T20:43:18.513+0000] {logging_mixin.py:188} INFO - [2026-04-14T20:43:18.512+0000] {dagbag.py:538} INFO - Filling up the DagBag from /opt/airflow/dags/talend_dwh_pipeline.py
[2026-04-14T20:43:18.538+0000] {processor.py:840} INFO - DAG(s) 'talend_dwh_pipeline' retrieved from /opt/airflow/dags/talend_dwh_pipeline.py
[2026-04-14T20:43:18.562+0000] {logging_mixin.py:188} INFO - [2026-04-14T20:43:18.562+0000] {dag.py:3036} INFO - Sync 1 DAGs
[2026-04-14T20:43:18.591+0000] {logging_mixin.py:188} INFO - [2026-04-14T20:43:18.590+0000] {dag.py:3823} INFO - Setting next_dagrun for talend_dwh_pipeline to 2026-04-14 00:00:00+00:00, run_after=2026-04-15 00:00:00+00:00
[2026-04-14T20:43:18.613+0000] {processor.py:183} INFO - Processing /opt/airflow/dags/talend_dwh_pipeline.py took 0.107 seconds
[2026-04-14T20:43:48.672+0000] {processor.py:161} INFO - Started process (PID=6727) to work on /opt/airflow/dags/talend_dwh_pipeline.py
[2026-04-14T20:43:48.673+0000] {processor.py:830} INFO - Processing file /opt/airflow/dags/talend_dwh_pipeline.py for tasks to queue
[2026-04-14T20:43:48.676+0000] {logging_mixin.py:188} INFO - [2026-04-14T20:43:48.675+0000] {dagbag.py:538} INFO - Filling up the DagBag from /opt/airflow/dags/talend_dwh_pipeline.py
[2026-04-14T20:43:48.695+0000] {processor.py:840} INFO - DAG(s) 'talend_dwh_pipeline' retrieved from /opt/airflow/dags/talend_dwh_pipeline.py
[2026-04-14T20:43:48.715+0000] {logging_mixin.py:188} INFO - [2026-04-14T20:43:48.715+0000] {dag.py:3036} INFO - Sync 1 DAGs
[2026-04-14T20:43:48.737+0000] {logging_mixin.py:188} INFO - [2026-04-14T20:43:48.737+0000] {dag.py:3823} INFO - Setting next_dagrun for talend_dwh_pipeline to 2026-04-14 00:00:00+00:00, run_after=2026-04-15 00:00:00+00:00
[2026-04-14T20:43:48.761+0000] {processor.py:183} INFO - Processing /opt/airflow/dags/talend_dwh_pipeline.py took 0.092 seconds
[2026-04-14T20:44:18.812+0000] {processor.py:161} INFO - Started process (PID=6774) to work on /opt/airflow/dags/talend_dwh_pipeline.py
[2026-04-14T20:44:18.813+0000] {processor.py:830} INFO - Processing file /opt/airflow/dags/talend_dwh_pipeline.py for tasks to queue
[2026-04-14T20:44:18.815+0000] {logging_mixin.py:188} INFO - [2026-04-14T20:44:18.815+0000] {dagbag.py:538} INFO - Filling up the DagBag from /opt/airflow/dags/talend_dwh_pipeline.py
[2026-04-14T20:44:18.835+0000] {processor.py:840} INFO - DAG(s) 'talend_dwh_pipeline' retrieved from /opt/airflow/dags/talend_dwh_pipeline.py
[2026-04-14T20:44:18.857+0000] {logging_mixin.py:188} INFO - [2026-04-14T20:44:18.857+0000] {dag.py:3036} INFO - Sync 1 DAGs
[2026-04-14T20:44:18.880+0000] {logging_mixin.py:188} INFO - [2026-04-14T20:44:18.880+0000] {dag.py:3823} INFO - Setting next_dagrun for talend_dwh_pipeline to 2026-04-14 00:00:00+00:00, run_after=2026-04-15 00:00:00+00:00
[2026-04-14T20:44:18.906+0000] {processor.py:183} INFO - Processing /opt/airflow/dags/talend_dwh_pipeline.py took 0.098 seconds
[2026-04-14T20:44:49.667+0000] {processor.py:161} INFO - Started process (PID=6831) to work on /opt/airflow/dags/talend_dwh_pipeline.py
[2026-04-14T20:44:49.669+0000] {processor.py:830} INFO - Processing file /opt/airflow/dags/talend_dwh_pipeline.py for tasks to queue
[2026-04-14T20:44:49.671+0000] {logging_mixin.py:188} INFO - [2026-04-14T20:44:49.670+0000] {dagbag.py:538} INFO - Filling up the DagBag from /opt/airflow/dags/talend_dwh_pipeline.py
[2026-04-14T20:44:49.696+0000] {processor.py:840} INFO - DAG(s) 'talend_dwh_pipeline' retrieved from /opt/airflow/dags/talend_dwh_pipeline.py
[2026-04-14T20:44:49.722+0000] {logging_mixin.py:188} INFO - [2026-04-14T20:44:49.721+0000] {dag.py:3036} INFO - Sync 1 DAGs
[2026-04-14T20:44:49.747+0000] {logging_mixin.py:188} INFO - [2026-04-14T20:44:49.747+0000] {dag.py:3823} INFO - Setting next_dagrun for talend_dwh_pipeline to 2026-04-14 00:00:00+00:00, run_after=2026-04-15 00:00:00+00:00
[2026-04-14T20:44:49.773+0000] {processor.py:183} INFO - Processing /opt/airflow/dags/talend_dwh_pipeline.py took 0.110 seconds
[2026-04-14T20:45:19.969+0000] {processor.py:161} INFO - Started process (PID=6888) to work on /opt/airflow/dags/talend_dwh_pipeline.py
[2026-04-14T20:45:19.970+0000] {processor.py:830} INFO - Processing file /opt/airflow/dags/talend_dwh_pipeline.py for tasks to queue
[2026-04-14T20:45:19.974+0000] {logging_mixin.py:188} INFO - [2026-04-14T20:45:19.973+0000] {dagbag.py:538} INFO - Filling up the DagBag from /opt/airflow/dags/talend_dwh_pipeline.py
[2026-04-14T20:45:20.008+0000] {processor.py:840} INFO - DAG(s) 'talend_dwh_pipeline' retrieved from /opt/airflow/dags/talend_dwh_pipeline.py
[2026-04-14T20:45:20.047+0000] {logging_mixin.py:188} INFO - [2026-04-14T20:45:20.047+0000] {dag.py:3036} INFO - Sync 1 DAGs
[2026-04-14T20:45:20.082+0000] {logging_mixin.py:188} INFO - [2026-04-14T20:45:20.081+0000] {dag.py:3823} INFO - Setting next_dagrun for talend_dwh_pipeline to 2026-04-14 00:00:00+00:00, run_after=2026-04-15 00:00:00+00:00
[2026-04-14T20:45:20.118+0000] {processor.py:183} INFO - Processing /opt/airflow/dags/talend_dwh_pipeline.py took 0.155 seconds
[2026-04-14T20:45:50.237+0000] {processor.py:161} INFO - Started process (PID=6945) to work on /opt/airflow/dags/talend_dwh_pipeline.py
[2026-04-14T20:45:50.239+0000] {processor.py:830} INFO - Processing file /opt/airflow/dags/talend_dwh_pipeline.py for tasks to queue
[2026-04-14T20:45:50.242+0000] {logging_mixin.py:188} INFO - [2026-04-14T20:45:50.241+0000] {dagbag.py:538} INFO - Filling up the DagBag from /opt/airflow/dags/talend_dwh_pipeline.py
[2026-04-14T20:45:50.278+0000] {processor.py:840} INFO - DAG(s) 'talend_dwh_pipeline' retrieved from /opt/airflow/dags/talend_dwh_pipeline.py
[2026-04-14T20:45:50.309+0000] {logging_mixin.py:188} INFO - [2026-04-14T20:45:50.309+0000] {dag.py:3036} INFO - Sync 1 DAGs
[2026-04-14T20:45:50.343+0000] {logging_mixin.py:188} INFO - [2026-04-14T20:45:50.343+0000] {dag.py:3823} INFO - Setting next_dagrun for talend_dwh_pipeline to 2026-04-14 00:00:00+00:00, run_after=2026-04-15 00:00:00+00:00
[2026-04-14T20:45:50.375+0000] {processor.py:183} INFO - Processing /opt/airflow/dags/talend_dwh_pipeline.py took 0.143 seconds
[2026-04-14T20:46:20.565+0000] {processor.py:161} INFO - Started process (PID=7002) to work on /opt/airflow/dags/talend_dwh_pipeline.py
[2026-04-14T20:46:20.567+0000] {processor.py:830} INFO - Processing file /opt/airflow/dags/talend_dwh_pipeline.py for tasks to queue
[2026-04-14T20:46:20.571+0000] {logging_mixin.py:188} INFO - [2026-04-14T20:46:20.570+0000] {dagbag.py:538} INFO - Filling up the DagBag from /opt/airflow/dags/talend_dwh_pipeline.py
[2026-04-14T20:46:20.608+0000] {processor.py:840} INFO - DAG(s) 'talend_dwh_pipeline' retrieved from /opt/airflow/dags/talend_dwh_pipeline.py
[2026-04-14T20:46:20.648+0000] {logging_mixin.py:188} INFO - [2026-04-14T20:46:20.647+0000] {dag.py:3036} INFO - Sync 1 DAGs
[2026-04-14T20:46:20.694+0000] {logging_mixin.py:188} INFO - [2026-04-14T20:46:20.693+0000] {dag.py:3823} INFO - Setting next_dagrun for talend_dwh_pipeline to 2026-04-14 00:00:00+00:00, run_after=2026-04-15 00:00:00+00:00
[2026-04-14T20:46:20.734+0000] {processor.py:183} INFO - Processing /opt/airflow/dags/talend_dwh_pipeline.py took 0.175 seconds
[2026-04-14T20:46:50.928+0000] {processor.py:161} INFO - Started process (PID=7059) to work on /opt/airflow/dags/talend_dwh_pipeline.py
[2026-04-14T20:46:50.930+0000] {processor.py:830} INFO - Processing file /opt/airflow/dags/talend_dwh_pipeline.py for tasks to queue
[2026-04-14T20:46:50.936+0000] {logging_mixin.py:188} INFO - [2026-04-14T20:46:50.935+0000] {dagbag.py:538} INFO - Filling up the DagBag from /opt/airflow/dags/talend_dwh_pipeline.py
[2026-04-14T20:46:50.967+0000] {processor.py:840} INFO - DAG(s) 'talend_dwh_pipeline' retrieved from /opt/airflow/dags/talend_dwh_pipeline.py
[2026-04-14T20:46:51.007+0000] {logging_mixin.py:188} INFO - [2026-04-14T20:46:51.006+0000] {dag.py:3036} INFO - Sync 1 DAGs
[2026-04-14T20:46:51.033+0000] {logging_mixin.py:188} INFO - [2026-04-14T20:46:51.033+0000] {dag.py:3823} INFO - Setting next_dagrun for talend_dwh_pipeline to 2026-04-14 00:00:00+00:00, run_after=2026-04-15 00:00:00+00:00
[2026-04-14T20:46:51.059+0000] {processor.py:183} INFO - Processing /opt/airflow/dags/talend_dwh_pipeline.py took 0.137 seconds
[2026-04-14T20:47:21.429+0000] {processor.py:161} INFO - Started process (PID=7116) to work on /opt/airflow/dags/talend_dwh_pipeline.py
[2026-04-14T20:47:21.430+0000] {processor.py:830} INFO - Processing file /opt/airflow/dags/talend_dwh_pipeline.py for tasks to queue
[2026-04-14T20:47:21.433+0000] {logging_mixin.py:188} INFO - [2026-04-14T20:47:21.432+0000] {dagbag.py:538} INFO - Filling up the DagBag from /opt/airflow/dags/talend_dwh_pipeline.py
[2026-04-14T20:47:21.465+0000] {processor.py:840} INFO - DAG(s) 'talend_dwh_pipeline' retrieved from /opt/airflow/dags/talend_dwh_pipeline.py
[2026-04-14T20:47:21.497+0000] {logging_mixin.py:188} INFO - [2026-04-14T20:47:21.497+0000] {dag.py:3036} INFO - Sync 1 DAGs
[2026-04-14T20:47:21.527+0000] {logging_mixin.py:188} INFO - [2026-04-14T20:47:21.527+0000] {dag.py:3823} INFO - Setting next_dagrun for talend_dwh_pipeline to 2026-04-14 00:00:00+00:00, run_after=2026-04-15 00:00:00+00:00
[2026-04-14T20:47:21.558+0000] {processor.py:183} INFO - Processing /opt/airflow/dags/talend_dwh_pipeline.py took 0.134 seconds
[2026-04-14T20:47:51.746+0000] {processor.py:161} INFO - Started process (PID=7173) to work on /opt/airflow/dags/talend_dwh_pipeline.py
[2026-04-14T20:47:51.748+0000] {processor.py:830} INFO - Processing file /opt/airflow/dags/talend_dwh_pipeline.py for tasks to queue
[2026-04-14T20:47:51.752+0000] {logging_mixin.py:188} INFO - [2026-04-14T20:47:51.751+0000] {dagbag.py:538} INFO - Filling up the DagBag from /opt/airflow/dags/talend_dwh_pipeline.py
[2026-04-14T20:47:51.793+0000] {processor.py:840} INFO - DAG(s) 'talend_dwh_pipeline' retrieved from /opt/airflow/dags/talend_dwh_pipeline.py
[2026-04-14T20:47:51.851+0000] {logging_mixin.py:188} INFO - [2026-04-14T20:47:51.850+0000] {dag.py:3036} INFO - Sync 1 DAGs
[2026-04-14T20:47:51.908+0000] {logging_mixin.py:188} INFO - [2026-04-14T20:47:51.907+0000] {dag.py:3823} INFO - Setting next_dagrun for talend_dwh_pipeline to 2026-04-14 00:00:00+00:00, run_after=2026-04-15 00:00:00+00:00
[2026-04-14T20:47:51.949+0000] {processor.py:183} INFO - Processing /opt/airflow/dags/talend_dwh_pipeline.py took 0.209 seconds
[2026-04-14T20:48:22.342+0000] {processor.py:161} INFO - Started process (PID=7228) to work on /opt/airflow/dags/talend_dwh_pipeline.py
[2026-04-14T20:48:22.344+0000] {processor.py:830} INFO - Processing file /opt/airflow/dags/talend_dwh_pipeline.py for tasks to queue
[2026-04-14T20:48:22.348+0000] {logging_mixin.py:188} INFO - [2026-04-14T20:48:22.348+0000] {dagbag.py:538} INFO - Filling up the DagBag from /opt/airflow/dags/talend_dwh_pipeline.py
[2026-04-14T20:48:22.384+0000] {processor.py:840} INFO - DAG(s) 'talend_dwh_pipeline' retrieved from /opt/airflow/dags/talend_dwh_pipeline.py
[2026-04-14T20:48:22.426+0000] {logging_mixin.py:188} INFO - [2026-04-14T20:48:22.425+0000] {dag.py:3036} INFO - Sync 1 DAGs
[2026-04-14T20:48:22.459+0000] {logging_mixin.py:188} INFO - [2026-04-14T20:48:22.459+0000] {dag.py:3823} INFO - Setting next_dagrun for talend_dwh_pipeline to 2026-04-14 00:00:00+00:00, run_after=2026-04-15 00:00:00+00:00
[2026-04-14T20:48:22.500+0000] {processor.py:183} INFO - Processing /opt/airflow/dags/talend_dwh_pipeline.py took 0.166 seconds
[2026-04-14T20:48:52.871+0000] {processor.py:161} INFO - Started process (PID=7285) to work on /opt/airflow/dags/talend_dwh_pipeline.py
[2026-04-14T20:48:52.873+0000] {processor.py:830} INFO - Processing file /opt/airflow/dags/talend_dwh_pipeline.py for tasks to queue
[2026-04-14T20:48:52.876+0000] {logging_mixin.py:188} INFO - [2026-04-14T20:48:52.875+0000] {dagbag.py:538} INFO - Filling up the DagBag from /opt/airflow/dags/talend_dwh_pipeline.py
[2026-04-14T20:48:52.914+0000] {processor.py:840} INFO - DAG(s) 'talend_dwh_pipeline' retrieved from /opt/airflow/dags/talend_dwh_pipeline.py
[2026-04-14T20:48:52.948+0000] {logging_mixin.py:188} INFO - [2026-04-14T20:48:52.947+0000] {dag.py:3036} INFO - Sync 1 DAGs
[2026-04-14T20:48:52.982+0000] {logging_mixin.py:188} INFO - [2026-04-14T20:48:52.981+0000] {dag.py:3823} INFO - Setting next_dagrun for talend_dwh_pipeline to 2026-04-14 00:00:00+00:00, run_after=2026-04-15 00:00:00+00:00
[2026-04-14T20:48:53.024+0000] {processor.py:183} INFO - Processing /opt/airflow/dags/talend_dwh_pipeline.py took 0.159 seconds
[2026-04-14T20:49:23.879+0000] {processor.py:161} INFO - Started process (PID=7343) to work on /opt/airflow/dags/talend_dwh_pipeline.py
[2026-04-14T20:49:23.881+0000] {processor.py:830} INFO - Processing file /opt/airflow/dags/talend_dwh_pipeline.py for tasks to queue
[2026-04-14T20:49:23.884+0000] {logging_mixin.py:188} INFO - [2026-04-14T20:49:23.883+0000] {dagbag.py:538} INFO - Filling up the DagBag from /opt/airflow/dags/talend_dwh_pipeline.py
[2026-04-14T20:49:23.919+0000] {processor.py:840} INFO - DAG(s) 'talend_dwh_pipeline' retrieved from /opt/airflow/dags/talend_dwh_pipeline.py
[2026-04-14T20:49:23.956+0000] {logging_mixin.py:188} INFO - [2026-04-14T20:49:23.956+0000] {dag.py:3036} INFO - Sync 1 DAGs
[2026-04-14T20:49:23.989+0000] {logging_mixin.py:188} INFO - [2026-04-14T20:49:23.989+0000] {dag.py:3823} INFO - Setting next_dagrun for talend_dwh_pipeline to 2026-04-14 00:00:00+00:00, run_after=2026-04-15 00:00:00+00:00
[2026-04-14T20:49:24.020+0000] {processor.py:183} INFO - Processing /opt/airflow/dags/talend_dwh_pipeline.py took 0.148 seconds
[2026-04-14T20:49:54.702+0000] {processor.py:161} INFO - Started process (PID=7400) to work on /opt/airflow/dags/talend_dwh_pipeline.py
[2026-04-14T20:49:54.703+0000] {processor.py:830} INFO - Processing file /opt/airflow/dags/talend_dwh_pipeline.py for tasks to queue
[2026-04-14T20:49:54.706+0000] {logging_mixin.py:188} INFO - [2026-04-14T20:49:54.706+0000] {dagbag.py:538} INFO - Filling up the DagBag from /opt/airflow/dags/talend_dwh_pipeline.py
[2026-04-14T20:49:54.742+0000] {processor.py:840} INFO - DAG(s) 'talend_dwh_pipeline' retrieved from /opt/airflow/dags/talend_dwh_pipeline.py
[2026-04-14T20:49:54.777+0000] {logging_mixin.py:188} INFO - [2026-04-14T20:49:54.777+0000] {dag.py:3036} INFO - Sync 1 DAGs
[2026-04-14T20:49:54.813+0000] {logging_mixin.py:188} INFO - [2026-04-14T20:49:54.813+0000] {dag.py:3823} INFO - Setting next_dagrun for talend_dwh_pipeline to 2026-04-14 00:00:00+00:00, run_after=2026-04-15 00:00:00+00:00
[2026-04-14T20:49:54.845+0000] {processor.py:183} INFO - Processing /opt/airflow/dags/talend_dwh_pipeline.py took 0.148 seconds
[2026-04-14T20:50:25.730+0000] {processor.py:161} INFO - Started process (PID=7457) to work on /opt/airflow/dags/talend_dwh_pipeline.py
[2026-04-14T20:50:25.733+0000] {processor.py:830} INFO - Processing file /opt/airflow/dags/talend_dwh_pipeline.py for tasks to queue
[2026-04-14T20:50:25.746+0000] {logging_mixin.py:188} INFO - [2026-04-14T20:50:25.745+0000] {dagbag.py:538} INFO - Filling up the DagBag from /opt/airflow/dags/talend_dwh_pipeline.py
[2026-04-14T20:50:25.797+0000] {processor.py:840} INFO - DAG(s) 'talend_dwh_pipeline' retrieved from /opt/airflow/dags/talend_dwh_pipeline.py
[2026-04-14T20:50:25.838+0000] {logging_mixin.py:188} INFO - [2026-04-14T20:50:25.837+0000] {dag.py:3036} INFO - Sync 1 DAGs
[2026-04-14T20:50:25.875+0000] {logging_mixin.py:188} INFO - [2026-04-14T20:50:25.875+0000] {dag.py:3823} INFO - Setting next_dagrun for talend_dwh_pipeline to 2026-04-14 00:00:00+00:00, run_after=2026-04-15 00:00:00+00:00
[2026-04-14T20:50:25.926+0000] {processor.py:183} INFO - Processing /opt/airflow/dags/talend_dwh_pipeline.py took 0.204 seconds
[2026-04-14T20:50:56.277+0000] {processor.py:161} INFO - Started process (PID=7514) to work on /opt/airflow/dags/talend_dwh_pipeline.py
[2026-04-14T20:50:56.279+0000] {processor.py:830} INFO - Processing file /opt/airflow/dags/talend_dwh_pipeline.py for tasks to queue
[2026-04-14T20:50:56.284+0000] {logging_mixin.py:188} INFO - [2026-04-14T20:50:56.283+0000] {dagbag.py:538} INFO - Filling up the DagBag from /opt/airflow/dags/talend_dwh_pipeline.py
[2026-04-14T20:50:56.322+0000] {processor.py:840} INFO - DAG(s) 'talend_dwh_pipeline' retrieved from /opt/airflow/dags/talend_dwh_pipeline.py
[2026-04-14T20:50:56.365+0000] {logging_mixin.py:188} INFO - [2026-04-14T20:50:56.365+0000] {dag.py:3036} INFO - Sync 1 DAGs
[2026-04-14T20:50:56.400+0000] {logging_mixin.py:188} INFO - [2026-04-14T20:50:56.399+0000] {dag.py:3823} INFO - Setting next_dagrun for talend_dwh_pipeline to 2026-04-14 00:00:00+00:00, run_after=2026-04-15 00:00:00+00:00
[2026-04-14T20:50:56.434+0000] {processor.py:183} INFO - Processing /opt/airflow/dags/talend_dwh_pipeline.py took 0.163 seconds
[2026-04-14T20:51:26.987+0000] {processor.py:161} INFO - Started process (PID=7571) to work on /opt/airflow/dags/talend_dwh_pipeline.py
[2026-04-14T20:51:26.988+0000] {processor.py:830} INFO - Processing file /opt/airflow/dags/talend_dwh_pipeline.py for tasks to queue
[2026-04-14T20:51:26.991+0000] {logging_mixin.py:188} INFO - [2026-04-14T20:51:26.990+0000] {dagbag.py:538} INFO - Filling up the DagBag from /opt/airflow/dags/talend_dwh_pipeline.py
[2026-04-14T20:51:27.020+0000] {processor.py:840} INFO - DAG(s) 'talend_dwh_pipeline' retrieved from /opt/airflow/dags/talend_dwh_pipeline.py
[2026-04-14T20:51:27.050+0000] {logging_mixin.py:188} INFO - [2026-04-14T20:51:27.050+0000] {dag.py:3036} INFO - Sync 1 DAGs
[2026-04-14T20:51:27.079+0000] {logging_mixin.py:188} INFO - [2026-04-14T20:51:27.079+0000] {dag.py:3823} INFO - Setting next_dagrun for talend_dwh_pipeline to 2026-04-14 00:00:00+00:00, run_after=2026-04-15 00:00:00+00:00
[2026-04-14T20:51:27.106+0000] {processor.py:183} INFO - Processing /opt/airflow/dags/talend_dwh_pipeline.py took 0.125 seconds
[2026-04-14T20:51:57.200+0000] {processor.py:161} INFO - Started process (PID=7628) to work on /opt/airflow/dags/talend_dwh_pipeline.py
[2026-04-14T20:51:57.202+0000] {processor.py:830} INFO - Processing file /opt/airflow/dags/talend_dwh_pipeline.py for tasks to queue
[2026-04-14T20:51:57.204+0000] {logging_mixin.py:188} INFO - [2026-04-14T20:51:57.204+0000] {dagbag.py:538} INFO - Filling up the DagBag from /opt/airflow/dags/talend_dwh_pipeline.py
[2026-04-14T20:51:57.228+0000] {processor.py:840} INFO - DAG(s) 'talend_dwh_pipeline' retrieved from /opt/airflow/dags/talend_dwh_pipeline.py
[2026-04-14T20:51:57.253+0000] {logging_mixin.py:188} INFO - [2026-04-14T20:51:57.253+0000] {dag.py:3036} INFO - Sync 1 DAGs
[2026-04-14T20:51:57.281+0000] {logging_mixin.py:188} INFO - [2026-04-14T20:51:57.280+0000] {dag.py:3823} INFO - Setting next_dagrun for talend_dwh_pipeline to 2026-04-14 00:00:00+00:00, run_after=2026-04-15 00:00:00+00:00
[2026-04-14T20:51:57.308+0000] {processor.py:183} INFO - Processing /opt/airflow/dags/talend_dwh_pipeline.py took 0.111 seconds
[2026-04-14T20:52:28.089+0000] {processor.py:161} INFO - Started process (PID=7685) to work on /opt/airflow/dags/talend_dwh_pipeline.py
[2026-04-14T20:52:28.091+0000] {processor.py:830} INFO - Processing file /opt/airflow/dags/talend_dwh_pipeline.py for tasks to queue
[2026-04-14T20:52:28.094+0000] {logging_mixin.py:188} INFO - [2026-04-14T20:52:28.093+0000] {dagbag.py:538} INFO - Filling up the DagBag from /opt/airflow/dags/talend_dwh_pipeline.py
[2026-04-14T20:52:28.123+0000] {processor.py:840} INFO - DAG(s) 'talend_dwh_pipeline' retrieved from /opt/airflow/dags/talend_dwh_pipeline.py
[2026-04-14T20:52:28.148+0000] {logging_mixin.py:188} INFO - [2026-04-14T20:52:28.148+0000] {dag.py:3036} INFO - Sync 1 DAGs
[2026-04-14T20:52:28.172+0000] {logging_mixin.py:188} INFO - [2026-04-14T20:52:28.171+0000] {dag.py:3823} INFO - Setting next_dagrun for talend_dwh_pipeline to 2026-04-14 00:00:00+00:00, run_after=2026-04-15 00:00:00+00:00
[2026-04-14T20:52:28.500+0000] {processor.py:183} INFO - Processing /opt/airflow/dags/talend_dwh_pipeline.py took 0.415 seconds
[2026-04-14T20:52:59.226+0000] {processor.py:161} INFO - Started process (PID=7742) to work on /opt/airflow/dags/talend_dwh_pipeline.py
[2026-04-14T20:52:59.229+0000] {processor.py:830} INFO - Processing file /opt/airflow/dags/talend_dwh_pipeline.py for tasks to queue
[2026-04-14T20:52:59.249+0000] {logging_mixin.py:188} INFO - [2026-04-14T20:52:59.248+0000] {dagbag.py:538} INFO - Filling up the DagBag from /opt/airflow/dags/talend_dwh_pipeline.py
[2026-04-14T20:52:59.485+0000] {processor.py:840} INFO - DAG(s) 'talend_dwh_pipeline' retrieved from /opt/airflow/dags/talend_dwh_pipeline.py
[2026-04-14T20:52:59.593+0000] {logging_mixin.py:188} INFO - [2026-04-14T20:52:59.592+0000] {dag.py:3036} INFO - Sync 1 DAGs
[2026-04-14T20:52:59.726+0000] {logging_mixin.py:188} INFO - [2026-04-14T20:52:59.725+0000] {dag.py:3823} INFO - Setting next_dagrun for talend_dwh_pipeline to 2026-04-14 00:00:00+00:00, run_after=2026-04-15 00:00:00+00:00
[2026-04-14T20:52:59.924+0000] {processor.py:183} INFO - Processing /opt/airflow/dags/talend_dwh_pipeline.py took 0.730 seconds
[2026-04-14T20:53:31.167+0000] {processor.py:161} INFO - Started process (PID=7799) to work on /opt/airflow/dags/talend_dwh_pipeline.py
[2026-04-14T20:53:31.211+0000] {processor.py:830} INFO - Processing file /opt/airflow/dags/talend_dwh_pipeline.py for tasks to queue
[2026-04-14T20:53:31.242+0000] {logging_mixin.py:188} INFO - [2026-04-14T20:53:31.240+0000] {dagbag.py:538} INFO - Filling up the DagBag from /opt/airflow/dags/talend_dwh_pipeline.py
[2026-04-14T20:53:32.101+0000] {processor.py:840} INFO - DAG(s) 'talend_dwh_pipeline' retrieved from /opt/airflow/dags/talend_dwh_pipeline.py
[2026-04-14T20:53:32.204+0000] {logging_mixin.py:188} INFO - [2026-04-14T20:53:32.204+0000] {dag.py:3036} INFO - Sync 1 DAGs
[2026-04-14T20:53:32.415+0000] {logging_mixin.py:188} INFO - [2026-04-14T20:53:32.415+0000] {dag.py:3823} INFO - Setting next_dagrun for talend_dwh_pipeline to 2026-04-14 00:00:00+00:00, run_after=2026-04-15 00:00:00+00:00
[2026-04-14T20:53:32.598+0000] {processor.py:183} INFO - Processing /opt/airflow/dags/talend_dwh_pipeline.py took 1.436 seconds
[2026-04-14T20:54:06.359+0000] {processor.py:161} INFO - Started process (PID=7858) to work on /opt/airflow/dags/talend_dwh_pipeline.py
[2026-04-14T20:54:06.378+0000] {processor.py:830} INFO - Processing file /opt/airflow/dags/talend_dwh_pipeline.py for tasks to queue
[2026-04-14T20:54:06.395+0000] {logging_mixin.py:188} INFO - [2026-04-14T20:54:06.394+0000] {dagbag.py:538} INFO - Filling up the DagBag from /opt/airflow/dags/talend_dwh_pipeline.py
[2026-04-14T20:54:07.764+0000] {processor.py:840} INFO - DAG(s) 'talend_dwh_pipeline' retrieved from /opt/airflow/dags/talend_dwh_pipeline.py
[2026-04-14T20:54:07.842+0000] {logging_mixin.py:188} INFO - [2026-04-14T20:54:07.842+0000] {dag.py:3036} INFO - Sync 1 DAGs
[2026-04-14T20:54:07.942+0000] {logging_mixin.py:188} INFO - [2026-04-14T20:54:07.942+0000] {dag.py:3823} INFO - Setting next_dagrun for talend_dwh_pipeline to 2026-04-14 00:00:00+00:00, run_after=2026-04-15 00:00:00+00:00
[2026-04-14T20:54:08.046+0000] {processor.py:183} INFO - Processing /opt/airflow/dags/talend_dwh_pipeline.py took 1.696 seconds
[2026-04-14T20:54:38.171+0000] {processor.py:161} INFO - Started process (PID=7916) to work on /opt/airflow/dags/talend_dwh_pipeline.py
[2026-04-14T20:54:38.173+0000] {processor.py:830} INFO - Processing file /opt/airflow/dags/talend_dwh_pipeline.py for tasks to queue
[2026-04-14T20:54:38.177+0000] {logging_mixin.py:188} INFO - [2026-04-14T20:54:38.176+0000] {dagbag.py:538} INFO - Filling up the DagBag from /opt/airflow/dags/talend_dwh_pipeline.py
[2026-04-14T20:54:38.205+0000] {processor.py:840} INFO - DAG(s) 'talend_dwh_pipeline' retrieved from /opt/airflow/dags/talend_dwh_pipeline.py
[2026-04-14T20:54:38.235+0000] {logging_mixin.py:188} INFO - [2026-04-14T20:54:38.235+0000] {dag.py:3036} INFO - Sync 1 DAGs
[2026-04-14T20:54:38.264+0000] {logging_mixin.py:188} INFO - [2026-04-14T20:54:38.263+0000] {dag.py:3823} INFO - Setting next_dagrun for talend_dwh_pipeline to 2026-04-14 00:00:00+00:00, run_after=2026-04-15 00:00:00+00:00
[2026-04-14T20:54:38.288+0000] {processor.py:183} INFO - Processing /opt/airflow/dags/talend_dwh_pipeline.py took 0.121 seconds
[2026-04-14T20:55:08.474+0000] {processor.py:161} INFO - Started process (PID=7973) to work on /opt/airflow/dags/talend_dwh_pipeline.py
[2026-04-14T20:55:08.477+0000] {processor.py:830} INFO - Processing file /opt/airflow/dags/talend_dwh_pipeline.py for tasks to queue
[2026-04-14T20:55:08.480+0000] {logging_mixin.py:188} INFO - [2026-04-14T20:55:08.480+0000] {dagbag.py:538} INFO - Filling up the DagBag from /opt/airflow/dags/talend_dwh_pipeline.py
[2026-04-14T20:55:08.506+0000] {processor.py:840} INFO - DAG(s) 'talend_dwh_pipeline' retrieved from /opt/airflow/dags/talend_dwh_pipeline.py
[2026-04-14T20:55:08.537+0000] {logging_mixin.py:188} INFO - [2026-04-14T20:55:08.537+0000] {dag.py:3036} INFO - Sync 1 DAGs
[2026-04-14T20:55:08.571+0000] {logging_mixin.py:188} INFO - [2026-04-14T20:55:08.570+0000] {dag.py:3823} INFO - Setting next_dagrun for talend_dwh_pipeline to 2026-04-14 00:00:00+00:00, run_after=2026-04-15 00:00:00+00:00
[2026-04-14T20:55:08.604+0000] {processor.py:183} INFO - Processing /opt/airflow/dags/talend_dwh_pipeline.py took 0.135 seconds
[2026-04-14T20:55:39.142+0000] {processor.py:161} INFO - Started process (PID=8030) to work on /opt/airflow/dags/talend_dwh_pipeline.py
[2026-04-14T20:55:39.144+0000] {processor.py:830} INFO - Processing file /opt/airflow/dags/talend_dwh_pipeline.py for tasks to queue
[2026-04-14T20:55:39.148+0000] {logging_mixin.py:188} INFO - [2026-04-14T20:55:39.148+0000] {dagbag.py:538} INFO - Filling up the DagBag from /opt/airflow/dags/talend_dwh_pipeline.py
[2026-04-14T20:55:39.181+0000] {processor.py:840} INFO - DAG(s) 'talend_dwh_pipeline' retrieved from /opt/airflow/dags/talend_dwh_pipeline.py
[2026-04-14T20:55:39.206+0000] {logging_mixin.py:188} INFO - [2026-04-14T20:55:39.206+0000] {dag.py:3036} INFO - Sync 1 DAGs
[2026-04-14T20:55:39.234+0000] {logging_mixin.py:188} INFO - [2026-04-14T20:55:39.233+0000] {dag.py:3823} INFO - Setting next_dagrun for talend_dwh_pipeline to 2026-04-14 00:00:00+00:00, run_after=2026-04-15 00:00:00+00:00
[2026-04-14T20:55:39.263+0000] {processor.py:183} INFO - Processing /opt/airflow/dags/talend_dwh_pipeline.py took 0.125 seconds
[2026-04-14T20:56:09.876+0000] {processor.py:161} INFO - Started process (PID=8087) to work on /opt/airflow/dags/talend_dwh_pipeline.py
[2026-04-14T20:56:09.878+0000] {processor.py:830} INFO - Processing file /opt/airflow/dags/talend_dwh_pipeline.py for tasks to queue
[2026-04-14T20:56:09.880+0000] {logging_mixin.py:188} INFO - [2026-04-14T20:56:09.880+0000] {dagbag.py:538} INFO - Filling up the DagBag from /opt/airflow/dags/talend_dwh_pipeline.py
[2026-04-14T20:56:09.910+0000] {processor.py:840} INFO - DAG(s) 'talend_dwh_pipeline' retrieved from /opt/airflow/dags/talend_dwh_pipeline.py
[2026-04-14T20:56:09.935+0000] {logging_mixin.py:188} INFO - [2026-04-14T20:56:09.934+0000] {dag.py:3036} INFO - Sync 1 DAGs
[2026-04-14T20:56:09.957+0000] {logging_mixin.py:188} INFO - [2026-04-14T20:56:09.957+0000] {dag.py:3823} INFO - Setting next_dagrun for talend_dwh_pipeline to 2026-04-14 00:00:00+00:00, run_after=2026-04-15 00:00:00+00:00
[2026-04-14T20:56:09.987+0000] {processor.py:183} INFO - Processing /opt/airflow/dags/talend_dwh_pipeline.py took 0.115 seconds
[2026-04-14T20:56:40.320+0000] {processor.py:161} INFO - Started process (PID=8144) to work on /opt/airflow/dags/talend_dwh_pipeline.py
[2026-04-14T20:56:40.321+0000] {processor.py:830} INFO - Processing file /opt/airflow/dags/talend_dwh_pipeline.py for tasks to queue
[2026-04-14T20:56:40.323+0000] {logging_mixin.py:188} INFO - [2026-04-14T20:56:40.323+0000] {dagbag.py:538} INFO - Filling up the DagBag from /opt/airflow/dags/talend_dwh_pipeline.py
[2026-04-14T20:56:40.341+0000] {processor.py:840} INFO - DAG(s) 'talend_dwh_pipeline' retrieved from /opt/airflow/dags/talend_dwh_pipeline.py
[2026-04-14T20:56:40.363+0000] {logging_mixin.py:188} INFO - [2026-04-14T20:56:40.362+0000] {dag.py:3036} INFO - Sync 1 DAGs
[2026-04-14T20:56:40.383+0000] {logging_mixin.py:188} INFO - [2026-04-14T20:56:40.383+0000] {dag.py:3823} INFO - Setting next_dagrun for talend_dwh_pipeline to 2026-04-14 00:00:00+00:00, run_after=2026-04-15 00:00:00+00:00
[2026-04-14T20:56:40.408+0000] {processor.py:183} INFO - Processing /opt/airflow/dags/talend_dwh_pipeline.py took 0.091 seconds
[2026-04-14T20:57:10.512+0000] {processor.py:161} INFO - Started process (PID=8201) to work on /opt/airflow/dags/talend_dwh_pipeline.py
[2026-04-14T20:57:10.514+0000] {processor.py:830} INFO - Processing file /opt/airflow/dags/talend_dwh_pipeline.py for tasks to queue
[2026-04-14T20:57:10.516+0000] {logging_mixin.py:188} INFO - [2026-04-14T20:57:10.516+0000] {dagbag.py:538} INFO - Filling up the DagBag from /opt/airflow/dags/talend_dwh_pipeline.py
[2026-04-14T20:57:10.540+0000] {processor.py:840} INFO - DAG(s) 'talend_dwh_pipeline' retrieved from /opt/airflow/dags/talend_dwh_pipeline.py
[2026-04-14T20:57:10.566+0000] {logging_mixin.py:188} INFO - [2026-04-14T20:57:10.566+0000] {dag.py:3036} INFO - Sync 1 DAGs
[2026-04-14T20:57:10.597+0000] {logging_mixin.py:188} INFO - [2026-04-14T20:57:10.596+0000] {dag.py:3823} INFO - Setting next_dagrun for talend_dwh_pipeline to 2026-04-14 00:00:00+00:00, run_after=2026-04-15 00:00:00+00:00
[2026-04-14T20:57:10.625+0000] {processor.py:183} INFO - Processing /opt/airflow/dags/talend_dwh_pipeline.py took 0.117 seconds
[2026-04-14T20:57:41.062+0000] {processor.py:161} INFO - Started process (PID=8258) to work on /opt/airflow/dags/talend_dwh_pipeline.py
[2026-04-14T20:57:41.064+0000] {processor.py:830} INFO - Processing file /opt/airflow/dags/talend_dwh_pipeline.py for tasks to queue
[2026-04-14T20:57:41.067+0000] {logging_mixin.py:188} INFO - [2026-04-14T20:57:41.066+0000] {dagbag.py:538} INFO - Filling up the DagBag from /opt/airflow/dags/talend_dwh_pipeline.py
[2026-04-14T20:57:41.105+0000] {processor.py:840} INFO - DAG(s) 'talend_dwh_pipeline' retrieved from /opt/airflow/dags/talend_dwh_pipeline.py
[2026-04-14T20:57:41.129+0000] {logging_mixin.py:188} INFO - [2026-04-14T20:57:41.129+0000] {dag.py:3036} INFO - Sync 1 DAGs
[2026-04-14T20:57:41.159+0000] {logging_mixin.py:188} INFO - [2026-04-14T20:57:41.158+0000] {dag.py:3823} INFO - Setting next_dagrun for talend_dwh_pipeline to 2026-04-14 00:00:00+00:00, run_after=2026-04-15 00:00:00+00:00
[2026-04-14T20:57:41.183+0000] {processor.py:183} INFO - Processing /opt/airflow/dags/talend_dwh_pipeline.py took 0.125 seconds
[2026-04-14T20:58:11.280+0000] {processor.py:161} INFO - Started process (PID=8315) to work on /opt/airflow/dags/talend_dwh_pipeline.py
[2026-04-14T20:58:11.281+0000] {processor.py:830} INFO - Processing file /opt/airflow/dags/talend_dwh_pipeline.py for tasks to queue
[2026-04-14T20:58:11.284+0000] {logging_mixin.py:188} INFO - [2026-04-14T20:58:11.284+0000] {dagbag.py:538} INFO - Filling up the DagBag from /opt/airflow/dags/talend_dwh_pipeline.py
[2026-04-14T20:58:11.305+0000] {processor.py:840} INFO - DAG(s) 'talend_dwh_pipeline' retrieved from /opt/airflow/dags/talend_dwh_pipeline.py
[2026-04-14T20:58:11.332+0000] {logging_mixin.py:188} INFO - [2026-04-14T20:58:11.331+0000] {dag.py:3036} INFO - Sync 1 DAGs
[2026-04-14T20:58:11.355+0000] {logging_mixin.py:188} INFO - [2026-04-14T20:58:11.355+0000] {dag.py:3823} INFO - Setting next_dagrun for talend_dwh_pipeline to 2026-04-14 00:00:00+00:00, run_after=2026-04-15 00:00:00+00:00
[2026-04-14T20:58:11.378+0000] {processor.py:183} INFO - Processing /opt/airflow/dags/talend_dwh_pipeline.py took 0.102 seconds
[2026-04-14T20:58:42.176+0000] {processor.py:161} INFO - Started process (PID=8372) to work on /opt/airflow/dags/talend_dwh_pipeline.py
[2026-04-14T20:58:42.178+0000] {processor.py:830} INFO - Processing file /opt/airflow/dags/talend_dwh_pipeline.py for tasks to queue
[2026-04-14T20:58:42.183+0000] {logging_mixin.py:188} INFO - [2026-04-14T20:58:42.181+0000] {dagbag.py:538} INFO - Filling up the DagBag from /opt/airflow/dags/talend_dwh_pipeline.py
[2026-04-14T20:58:42.226+0000] {processor.py:840} INFO - DAG(s) 'talend_dwh_pipeline' retrieved from /opt/airflow/dags/talend_dwh_pipeline.py
[2026-04-14T20:58:42.263+0000] {logging_mixin.py:188} INFO - [2026-04-14T20:58:42.263+0000] {dag.py:3036} INFO - Sync 1 DAGs
[2026-04-14T20:58:42.299+0000] {logging_mixin.py:188} INFO - [2026-04-14T20:58:42.299+0000] {dag.py:3823} INFO - Setting next_dagrun for talend_dwh_pipeline to 2026-04-14 00:00:00+00:00, run_after=2026-04-15 00:00:00+00:00
[2026-04-14T20:58:42.343+0000] {processor.py:183} INFO - Processing /opt/airflow/dags/talend_dwh_pipeline.py took 0.173 seconds
[2026-04-14T20:59:12.446+0000] {processor.py:161} INFO - Started process (PID=8429) to work on /opt/airflow/dags/talend_dwh_pipeline.py
[2026-04-14T20:59:12.448+0000] {processor.py:830} INFO - Processing file /opt/airflow/dags/talend_dwh_pipeline.py for tasks to queue
[2026-04-14T20:59:12.451+0000] {logging_mixin.py:188} INFO - [2026-04-14T20:59:12.451+0000] {dagbag.py:538} INFO - Filling up the DagBag from /opt/airflow/dags/talend_dwh_pipeline.py
[2026-04-14T20:59:12.494+0000] {processor.py:840} INFO - DAG(s) 'talend_dwh_pipeline' retrieved from /opt/airflow/dags/talend_dwh_pipeline.py
[2026-04-14T20:59:12.548+0000] {logging_mixin.py:188} INFO - [2026-04-14T20:59:12.548+0000] {dag.py:3036} INFO - Sync 1 DAGs
[2026-04-14T20:59:12.633+0000] {logging_mixin.py:188} INFO - [2026-04-14T20:59:12.632+0000] {dag.py:3823} INFO - Setting next_dagrun for talend_dwh_pipeline to 2026-04-14 00:00:00+00:00, run_after=2026-04-15 00:00:00+00:00
[2026-04-14T20:59:12.702+0000] {processor.py:183} INFO - Processing /opt/airflow/dags/talend_dwh_pipeline.py took 0.263 seconds
[2026-04-14T20:59:43.334+0000] {processor.py:161} INFO - Started process (PID=8486) to work on /opt/airflow/dags/talend_dwh_pipeline.py
[2026-04-14T20:59:43.336+0000] {processor.py:830} INFO - Processing file /opt/airflow/dags/talend_dwh_pipeline.py for tasks to queue
[2026-04-14T20:59:43.338+0000] {logging_mixin.py:188} INFO - [2026-04-14T20:59:43.338+0000] {dagbag.py:538} INFO - Filling up the DagBag from /opt/airflow/dags/talend_dwh_pipeline.py
[2026-04-14T20:59:43.368+0000] {processor.py:840} INFO - DAG(s) 'talend_dwh_pipeline' retrieved from /opt/airflow/dags/talend_dwh_pipeline.py
[2026-04-14T20:59:43.390+0000] {logging_mixin.py:188} INFO - [2026-04-14T20:59:43.390+0000] {dag.py:3036} INFO - Sync 1 DAGs
[2026-04-14T20:59:43.416+0000] {logging_mixin.py:188} INFO - [2026-04-14T20:59:43.415+0000] {dag.py:3823} INFO - Setting next_dagrun for talend_dwh_pipeline to 2026-04-14 00:00:00+00:00, run_after=2026-04-15 00:00:00+00:00
[2026-04-14T20:59:43.441+0000] {processor.py:183} INFO - Processing /opt/airflow/dags/talend_dwh_pipeline.py took 0.110 seconds
[2026-04-14T21:00:13.821+0000] {processor.py:161} INFO - Started process (PID=8543) to work on /opt/airflow/dags/talend_dwh_pipeline.py
[2026-04-14T21:00:13.823+0000] {processor.py:830} INFO - Processing file /opt/airflow/dags/talend_dwh_pipeline.py for tasks to queue
[2026-04-14T21:00:13.826+0000] {logging_mixin.py:188} INFO - [2026-04-14T21:00:13.825+0000] {dagbag.py:538} INFO - Filling up the DagBag from /opt/airflow/dags/talend_dwh_pipeline.py
[2026-04-14T21:00:13.857+0000] {processor.py:840} INFO - DAG(s) 'talend_dwh_pipeline' retrieved from /opt/airflow/dags/talend_dwh_pipeline.py
[2026-04-14T21:00:13.889+0000] {logging_mixin.py:188} INFO - [2026-04-14T21:00:13.889+0000] {dag.py:3036} INFO - Sync 1 DAGs
[2026-04-14T21:00:14.083+0000] {logging_mixin.py:188} INFO - [2026-04-14T21:00:14.083+0000] {dag.py:3823} INFO - Setting next_dagrun for talend_dwh_pipeline to 2026-04-14 00:00:00+00:00, run_after=2026-04-15 00:00:00+00:00
[2026-04-14T21:00:14.117+0000] {processor.py:183} INFO - Processing /opt/airflow/dags/talend_dwh_pipeline.py took 0.302 seconds
[2026-04-14T21:00:44.280+0000] {processor.py:161} INFO - Started process (PID=8600) to work on /opt/airflow/dags/talend_dwh_pipeline.py
[2026-04-14T21:00:44.281+0000] {processor.py:830} INFO - Processing file /opt/airflow/dags/talend_dwh_pipeline.py for tasks to queue
[2026-04-14T21:00:44.283+0000] {logging_mixin.py:188} INFO - [2026-04-14T21:00:44.283+0000] {dagbag.py:538} INFO - Filling up the DagBag from /opt/airflow/dags/talend_dwh_pipeline.py
[2026-04-14T21:00:44.314+0000] {processor.py:840} INFO - DAG(s) 'talend_dwh_pipeline' retrieved from /opt/airflow/dags/talend_dwh_pipeline.py
[2026-04-14T21:00:44.342+0000] {logging_mixin.py:188} INFO - [2026-04-14T21:00:44.341+0000] {dag.py:3036} INFO - Sync 1 DAGs
[2026-04-14T21:00:44.369+0000] {logging_mixin.py:188} INFO - [2026-04-14T21:00:44.368+0000] {dag.py:3823} INFO - Setting next_dagrun for talend_dwh_pipeline to 2026-04-14 00:00:00+00:00, run_after=2026-04-15 00:00:00+00:00
[2026-04-14T21:00:44.396+0000] {processor.py:183} INFO - Processing /opt/airflow/dags/talend_dwh_pipeline.py took 0.120 seconds
[2026-04-14T21:01:14.721+0000] {processor.py:161} INFO - Started process (PID=8657) to work on /opt/airflow/dags/talend_dwh_pipeline.py
[2026-04-14T21:01:14.722+0000] {processor.py:830} INFO - Processing file /opt/airflow/dags/talend_dwh_pipeline.py for tasks to queue
[2026-04-14T21:01:14.724+0000] {logging_mixin.py:188} INFO - [2026-04-14T21:01:14.724+0000] {dagbag.py:538} INFO - Filling up the DagBag from /opt/airflow/dags/talend_dwh_pipeline.py
[2026-04-14T21:01:14.751+0000] {processor.py:840} INFO - DAG(s) 'talend_dwh_pipeline' retrieved from /opt/airflow/dags/talend_dwh_pipeline.py
[2026-04-14T21:01:14.774+0000] {logging_mixin.py:188} INFO - [2026-04-14T21:01:14.774+0000] {dag.py:3036} INFO - Sync 1 DAGs
[2026-04-14T21:01:14.796+0000] {logging_mixin.py:188} INFO - [2026-04-14T21:01:14.795+0000] {dag.py:3823} INFO - Setting next_dagrun for talend_dwh_pipeline to 2026-04-14 00:00:00+00:00, run_after=2026-04-15 00:00:00+00:00
[2026-04-14T21:01:14.825+0000] {processor.py:183} INFO - Processing /opt/airflow/dags/talend_dwh_pipeline.py took 0.108 seconds
[2026-04-14T21:01:45.025+0000] {processor.py:161} INFO - Started process (PID=8715) to work on /opt/airflow/dags/talend_dwh_pipeline.py
[2026-04-14T21:01:45.026+0000] {processor.py:830} INFO - Processing file /opt/airflow/dags/talend_dwh_pipeline.py for tasks to queue
[2026-04-14T21:01:45.029+0000] {logging_mixin.py:188} INFO - [2026-04-14T21:01:45.028+0000] {dagbag.py:538} INFO - Filling up the DagBag from /opt/airflow/dags/talend_dwh_pipeline.py
[2026-04-14T21:01:45.048+0000] {processor.py:840} INFO - DAG(s) 'talend_dwh_pipeline' retrieved from /opt/airflow/dags/talend_dwh_pipeline.py
[2026-04-14T21:01:45.071+0000] {logging_mixin.py:188} INFO - [2026-04-14T21:01:45.071+0000] {dag.py:3036} INFO - Sync 1 DAGs
[2026-04-14T21:01:45.093+0000] {logging_mixin.py:188} INFO - [2026-04-14T21:01:45.092+0000] {dag.py:3823} INFO - Setting next_dagrun for talend_dwh_pipeline to 2026-04-14 00:00:00+00:00, run_after=2026-04-15 00:00:00+00:00
[2026-04-14T21:01:45.117+0000] {processor.py:183} INFO - Processing /opt/airflow/dags/talend_dwh_pipeline.py took 0.096 seconds
[2026-04-14T21:02:15.299+0000] {processor.py:161} INFO - Started process (PID=8772) to work on /opt/airflow/dags/talend_dwh_pipeline.py
[2026-04-14T21:02:15.303+0000] {processor.py:830} INFO - Processing file /opt/airflow/dags/talend_dwh_pipeline.py for tasks to queue
[2026-04-14T21:02:15.307+0000] {logging_mixin.py:188} INFO - [2026-04-14T21:02:15.306+0000] {dagbag.py:538} INFO - Filling up the DagBag from /opt/airflow/dags/talend_dwh_pipeline.py
[2026-04-14T21:02:15.330+0000] {processor.py:840} INFO - DAG(s) 'talend_dwh_pipeline' retrieved from /opt/airflow/dags/talend_dwh_pipeline.py
[2026-04-14T21:02:15.355+0000] {logging_mixin.py:188} INFO - [2026-04-14T21:02:15.355+0000] {dag.py:3036} INFO - Sync 1 DAGs
[2026-04-14T21:02:15.383+0000] {logging_mixin.py:188} INFO - [2026-04-14T21:02:15.383+0000] {dag.py:3823} INFO - Setting next_dagrun for talend_dwh_pipeline to 2026-04-14 00:00:00+00:00, run_after=2026-04-15 00:00:00+00:00
[2026-04-14T21:02:15.406+0000] {processor.py:183} INFO - Processing /opt/airflow/dags/talend_dwh_pipeline.py took 0.112 seconds
[2026-04-14T21:02:46.070+0000] {processor.py:161} INFO - Started process (PID=8828) to work on /opt/airflow/dags/talend_dwh_pipeline.py
[2026-04-14T21:02:46.071+0000] {processor.py:830} INFO - Processing file /opt/airflow/dags/talend_dwh_pipeline.py for tasks to queue
[2026-04-14T21:02:46.074+0000] {logging_mixin.py:188} INFO - [2026-04-14T21:02:46.074+0000] {dagbag.py:538} INFO - Filling up the DagBag from /opt/airflow/dags/talend_dwh_pipeline.py
[2026-04-14T21:02:46.100+0000] {processor.py:840} INFO - DAG(s) 'talend_dwh_pipeline' retrieved from /opt/airflow/dags/talend_dwh_pipeline.py
[2026-04-14T21:02:46.270+0000] {logging_mixin.py:188} INFO - [2026-04-14T21:02:46.270+0000] {dag.py:3036} INFO - Sync 1 DAGs
[2026-04-14T21:02:46.294+0000] {logging_mixin.py:188} INFO - [2026-04-14T21:02:46.294+0000] {dag.py:3823} INFO - Setting next_dagrun for talend_dwh_pipeline to 2026-04-14 00:00:00+00:00, run_after=2026-04-15 00:00:00+00:00
[2026-04-14T21:02:46.963+0000] {processor.py:183} INFO - Processing /opt/airflow/dags/talend_dwh_pipeline.py took 0.896 seconds
[2026-04-14T21:03:20.871+0000] {processor.py:161} INFO - Started process (PID=8885) to work on /opt/airflow/dags/talend_dwh_pipeline.py
[2026-04-14T21:03:20.882+0000] {processor.py:830} INFO - Processing file /opt/airflow/dags/talend_dwh_pipeline.py for tasks to queue
[2026-04-14T21:03:20.887+0000] {logging_mixin.py:188} INFO - [2026-04-14T21:03:20.886+0000] {dagbag.py:538} INFO - Filling up the DagBag from /opt/airflow/dags/talend_dwh_pipeline.py
[2026-04-14T21:03:21.045+0000] {processor.py:840} INFO - DAG(s) 'talend_dwh_pipeline' retrieved from /opt/airflow/dags/talend_dwh_pipeline.py
[2026-04-14T21:03:21.137+0000] {logging_mixin.py:188} INFO - [2026-04-14T21:03:21.136+0000] {dag.py:3036} INFO - Sync 1 DAGs
[2026-04-14T21:03:21.772+0000] {logging_mixin.py:188} INFO - [2026-04-14T21:03:21.771+0000] {dag.py:3823} INFO - Setting next_dagrun for talend_dwh_pipeline to 2026-04-14 00:00:00+00:00, run_after=2026-04-15 00:00:00+00:00
[2026-04-14T21:03:21.849+0000] {processor.py:183} INFO - Processing /opt/airflow/dags/talend_dwh_pipeline.py took 0.991 seconds
[2026-04-14T21:03:52.641+0000] {processor.py:161} INFO - Started process (PID=8942) to work on /opt/airflow/dags/talend_dwh_pipeline.py
[2026-04-14T21:03:52.643+0000] {processor.py:830} INFO - Processing file /opt/airflow/dags/talend_dwh_pipeline.py for tasks to queue
[2026-04-14T21:03:52.650+0000] {logging_mixin.py:188} INFO - [2026-04-14T21:03:52.650+0000] {dagbag.py:538} INFO - Filling up the DagBag from /opt/airflow/dags/talend_dwh_pipeline.py
[2026-04-14T21:03:52.682+0000] {processor.py:840} INFO - DAG(s) 'talend_dwh_pipeline' retrieved from /opt/airflow/dags/talend_dwh_pipeline.py
[2026-04-14T21:03:52.712+0000] {logging_mixin.py:188} INFO - [2026-04-14T21:03:52.711+0000] {dag.py:3036} INFO - Sync 1 DAGs
[2026-04-14T21:03:52.748+0000] {logging_mixin.py:188} INFO - [2026-04-14T21:03:52.748+0000] {dag.py:3823} INFO - Setting next_dagrun for talend_dwh_pipeline to 2026-04-14 00:00:00+00:00, run_after=2026-04-15 00:00:00+00:00
[2026-04-14T21:03:52.778+0000] {processor.py:183} INFO - Processing /opt/airflow/dags/talend_dwh_pipeline.py took 0.143 seconds
[2026-04-14T21:04:22.922+0000] {processor.py:161} INFO - Started process (PID=8999) to work on /opt/airflow/dags/talend_dwh_pipeline.py
[2026-04-14T21:04:22.924+0000] {processor.py:830} INFO - Processing file /opt/airflow/dags/talend_dwh_pipeline.py for tasks to queue
[2026-04-14T21:04:22.927+0000] {logging_mixin.py:188} INFO - [2026-04-14T21:04:22.927+0000] {dagbag.py:538} INFO - Filling up the DagBag from /opt/airflow/dags/talend_dwh_pipeline.py
[2026-04-14T21:04:22.970+0000] {processor.py:840} INFO - DAG(s) 'talend_dwh_pipeline' retrieved from /opt/airflow/dags/talend_dwh_pipeline.py
[2026-04-14T21:04:23.001+0000] {logging_mixin.py:188} INFO - [2026-04-14T21:04:23.000+0000] {dag.py:3036} INFO - Sync 1 DAGs
[2026-04-14T21:04:23.038+0000] {logging_mixin.py:188} INFO - [2026-04-14T21:04:23.037+0000] {dag.py:3823} INFO - Setting next_dagrun for talend_dwh_pipeline to 2026-04-14 00:00:00+00:00, run_after=2026-04-15 00:00:00+00:00
[2026-04-14T21:04:23.064+0000] {processor.py:183} INFO - Processing /opt/airflow/dags/talend_dwh_pipeline.py took 0.147 seconds
[2026-04-14T21:04:53.222+0000] {processor.py:161} INFO - Started process (PID=9056) to work on /opt/airflow/dags/talend_dwh_pipeline.py
[2026-04-14T21:04:53.224+0000] {processor.py:830} INFO - Processing file /opt/airflow/dags/talend_dwh_pipeline.py for tasks to queue
[2026-04-14T21:04:53.226+0000] {logging_mixin.py:188} INFO - [2026-04-14T21:04:53.226+0000] {dagbag.py:538} INFO - Filling up the DagBag from /opt/airflow/dags/talend_dwh_pipeline.py
[2026-04-14T21:04:53.249+0000] {processor.py:840} INFO - DAG(s) 'talend_dwh_pipeline' retrieved from /opt/airflow/dags/talend_dwh_pipeline.py
[2026-04-14T21:04:53.283+0000] {logging_mixin.py:188} INFO - [2026-04-14T21:04:53.282+0000] {dag.py:3036} INFO - Sync 1 DAGs
[2026-04-14T21:04:53.310+0000] {logging_mixin.py:188} INFO - [2026-04-14T21:04:53.310+0000] {dag.py:3823} INFO - Setting next_dagrun for talend_dwh_pipeline to 2026-04-14 00:00:00+00:00, run_after=2026-04-15 00:00:00+00:00
[2026-04-14T21:04:53.337+0000] {processor.py:183} INFO - Processing /opt/airflow/dags/talend_dwh_pipeline.py took 0.120 seconds
[2026-04-14T21:05:23.760+0000] {processor.py:161} INFO - Started process (PID=9113) to work on /opt/airflow/dags/talend_dwh_pipeline.py
[2026-04-14T21:05:23.761+0000] {processor.py:830} INFO - Processing file /opt/airflow/dags/talend_dwh_pipeline.py for tasks to queue
[2026-04-14T21:05:23.763+0000] {logging_mixin.py:188} INFO - [2026-04-14T21:05:23.763+0000] {dagbag.py:538} INFO - Filling up the DagBag from /opt/airflow/dags/talend_dwh_pipeline.py
[2026-04-14T21:05:23.786+0000] {processor.py:840} INFO - DAG(s) 'talend_dwh_pipeline' retrieved from /opt/airflow/dags/talend_dwh_pipeline.py
[2026-04-14T21:05:23.809+0000] {logging_mixin.py:188} INFO - [2026-04-14T21:05:23.809+0000] {dag.py:3036} INFO - Sync 1 DAGs
[2026-04-14T21:05:23.835+0000] {logging_mixin.py:188} INFO - [2026-04-14T21:05:23.834+0000] {dag.py:3823} INFO - Setting next_dagrun for talend_dwh_pipeline to 2026-04-14 00:00:00+00:00, run_after=2026-04-15 00:00:00+00:00
[2026-04-14T21:05:23.859+0000] {processor.py:183} INFO - Processing /opt/airflow/dags/talend_dwh_pipeline.py took 0.103 seconds
[2026-04-14T21:05:54.285+0000] {processor.py:161} INFO - Started process (PID=9170) to work on /opt/airflow/dags/talend_dwh_pipeline.py
[2026-04-14T21:05:54.287+0000] {processor.py:830} INFO - Processing file /opt/airflow/dags/talend_dwh_pipeline.py for tasks to queue
[2026-04-14T21:05:54.290+0000] {logging_mixin.py:188} INFO - [2026-04-14T21:05:54.289+0000] {dagbag.py:538} INFO - Filling up the DagBag from /opt/airflow/dags/talend_dwh_pipeline.py
[2026-04-14T21:05:54.318+0000] {processor.py:840} INFO - DAG(s) 'talend_dwh_pipeline' retrieved from /opt/airflow/dags/talend_dwh_pipeline.py
[2026-04-14T21:05:54.351+0000] {logging_mixin.py:188} INFO - [2026-04-14T21:05:54.350+0000] {dag.py:3036} INFO - Sync 1 DAGs
[2026-04-14T21:05:54.387+0000] {logging_mixin.py:188} INFO - [2026-04-14T21:05:54.387+0000] {dag.py:3823} INFO - Setting next_dagrun for talend_dwh_pipeline to 2026-04-14 00:00:00+00:00, run_after=2026-04-15 00:00:00+00:00
[2026-04-14T21:05:54.428+0000] {processor.py:183} INFO - Processing /opt/airflow/dags/talend_dwh_pipeline.py took 0.151 seconds
[2026-04-14T21:06:24.730+0000] {processor.py:161} INFO - Started process (PID=9227) to work on /opt/airflow/dags/talend_dwh_pipeline.py
[2026-04-14T21:06:24.732+0000] {processor.py:830} INFO - Processing file /opt/airflow/dags/talend_dwh_pipeline.py for tasks to queue
[2026-04-14T21:06:24.735+0000] {logging_mixin.py:188} INFO - [2026-04-14T21:06:24.735+0000] {dagbag.py:538} INFO - Filling up the DagBag from /opt/airflow/dags/talend_dwh_pipeline.py
[2026-04-14T21:06:24.762+0000] {processor.py:840} INFO - DAG(s) 'talend_dwh_pipeline' retrieved from /opt/airflow/dags/talend_dwh_pipeline.py
[2026-04-14T21:06:24.790+0000] {logging_mixin.py:188} INFO - [2026-04-14T21:06:24.789+0000] {dag.py:3036} INFO - Sync 1 DAGs
[2026-04-14T21:06:24.816+0000] {logging_mixin.py:188} INFO - [2026-04-14T21:06:24.816+0000] {dag.py:3823} INFO - Setting next_dagrun for talend_dwh_pipeline to 2026-04-14 00:00:00+00:00, run_after=2026-04-15 00:00:00+00:00
[2026-04-14T21:06:24.849+0000] {processor.py:183} INFO - Processing /opt/airflow/dags/talend_dwh_pipeline.py took 0.123 seconds
[2026-04-14T21:06:55.110+0000] {processor.py:161} INFO - Started process (PID=9284) to work on /opt/airflow/dags/talend_dwh_pipeline.py
[2026-04-14T21:06:55.111+0000] {processor.py:830} INFO - Processing file /opt/airflow/dags/talend_dwh_pipeline.py for tasks to queue
[2026-04-14T21:06:55.114+0000] {logging_mixin.py:188} INFO - [2026-04-14T21:06:55.113+0000] {dagbag.py:538} INFO - Filling up the DagBag from /opt/airflow/dags/talend_dwh_pipeline.py
[2026-04-14T21:06:55.141+0000] {processor.py:840} INFO - DAG(s) 'talend_dwh_pipeline' retrieved from /opt/airflow/dags/talend_dwh_pipeline.py
[2026-04-14T21:06:55.168+0000] {logging_mixin.py:188} INFO - [2026-04-14T21:06:55.167+0000] {dag.py:3036} INFO - Sync 1 DAGs
[2026-04-14T21:06:55.193+0000] {logging_mixin.py:188} INFO - [2026-04-14T21:06:55.192+0000] {dag.py:3823} INFO - Setting next_dagrun for talend_dwh_pipeline to 2026-04-14 00:00:00+00:00, run_after=2026-04-15 00:00:00+00:00
[2026-04-14T21:06:55.221+0000] {processor.py:183} INFO - Processing /opt/airflow/dags/talend_dwh_pipeline.py took 0.119 seconds
[2026-04-14T21:07:25.342+0000] {processor.py:161} INFO - Started process (PID=9341) to work on /opt/airflow/dags/talend_dwh_pipeline.py
[2026-04-14T21:07:25.344+0000] {processor.py:830} INFO - Processing file /opt/airflow/dags/talend_dwh_pipeline.py for tasks to queue
[2026-04-14T21:07:25.346+0000] {logging_mixin.py:188} INFO - [2026-04-14T21:07:25.346+0000] {dagbag.py:538} INFO - Filling up the DagBag from /opt/airflow/dags/talend_dwh_pipeline.py
[2026-04-14T21:07:25.372+0000] {processor.py:840} INFO - DAG(s) 'talend_dwh_pipeline' retrieved from /opt/airflow/dags/talend_dwh_pipeline.py
[2026-04-14T21:07:25.400+0000] {logging_mixin.py:188} INFO - [2026-04-14T21:07:25.399+0000] {dag.py:3036} INFO - Sync 1 DAGs
[2026-04-14T21:07:25.425+0000] {logging_mixin.py:188} INFO - [2026-04-14T21:07:25.424+0000] {dag.py:3823} INFO - Setting next_dagrun for talend_dwh_pipeline to 2026-04-14 00:00:00+00:00, run_after=2026-04-15 00:00:00+00:00
[2026-04-14T21:07:25.449+0000] {processor.py:183} INFO - Processing /opt/airflow/dags/talend_dwh_pipeline.py took 0.112 seconds
[2026-04-14T21:07:55.669+0000] {processor.py:161} INFO - Started process (PID=9398) to work on /opt/airflow/dags/talend_dwh_pipeline.py
[2026-04-14T21:07:55.670+0000] {processor.py:830} INFO - Processing file /opt/airflow/dags/talend_dwh_pipeline.py for tasks to queue
[2026-04-14T21:07:55.672+0000] {logging_mixin.py:188} INFO - [2026-04-14T21:07:55.672+0000] {dagbag.py:538} INFO - Filling up the DagBag from /opt/airflow/dags/talend_dwh_pipeline.py
[2026-04-14T21:07:55.695+0000] {processor.py:840} INFO - DAG(s) 'talend_dwh_pipeline' retrieved from /opt/airflow/dags/talend_dwh_pipeline.py
[2026-04-14T21:07:55.732+0000] {logging_mixin.py:188} INFO - [2026-04-14T21:07:55.731+0000] {dag.py:3036} INFO - Sync 1 DAGs
[2026-04-14T21:07:55.760+0000] {logging_mixin.py:188} INFO - [2026-04-14T21:07:55.760+0000] {dag.py:3823} INFO - Setting next_dagrun for talend_dwh_pipeline to 2026-04-14 00:00:00+00:00, run_after=2026-04-15 00:00:00+00:00
[2026-04-14T21:07:55.782+0000] {processor.py:183} INFO - Processing /opt/airflow/dags/talend_dwh_pipeline.py took 0.117 seconds
[2026-04-14T21:08:25.866+0000] {processor.py:161} INFO - Started process (PID=9455) to work on /opt/airflow/dags/talend_dwh_pipeline.py
[2026-04-14T21:08:25.868+0000] {processor.py:830} INFO - Processing file /opt/airflow/dags/talend_dwh_pipeline.py for tasks to queue
[2026-04-14T21:08:25.870+0000] {logging_mixin.py:188} INFO - [2026-04-14T21:08:25.870+0000] {dagbag.py:538} INFO - Filling up the DagBag from /opt/airflow/dags/talend_dwh_pipeline.py
[2026-04-14T21:08:25.895+0000] {processor.py:840} INFO - DAG(s) 'talend_dwh_pipeline' retrieved from /opt/airflow/dags/talend_dwh_pipeline.py
[2026-04-14T21:08:25.921+0000] {logging_mixin.py:188} INFO - [2026-04-14T21:08:25.921+0000] {dag.py:3036} INFO - Sync 1 DAGs
[2026-04-14T21:08:25.944+0000] {logging_mixin.py:188} INFO - [2026-04-14T21:08:25.943+0000] {dag.py:3823} INFO - Setting next_dagrun for talend_dwh_pipeline to 2026-04-14 00:00:00+00:00, run_after=2026-04-15 00:00:00+00:00
[2026-04-14T21:08:25.970+0000] {processor.py:183} INFO - Processing /opt/airflow/dags/talend_dwh_pipeline.py took 0.108 seconds
[2026-04-14T21:08:56.206+0000] {processor.py:161} INFO - Started process (PID=9512) to work on /opt/airflow/dags/talend_dwh_pipeline.py
[2026-04-14T21:08:56.207+0000] {processor.py:830} INFO - Processing file /opt/airflow/dags/talend_dwh_pipeline.py for tasks to queue
[2026-04-14T21:08:56.214+0000] {logging_mixin.py:188} INFO - [2026-04-14T21:08:56.214+0000] {dagbag.py:538} INFO - Filling up the DagBag from /opt/airflow/dags/talend_dwh_pipeline.py
[2026-04-14T21:08:56.245+0000] {processor.py:840} INFO - DAG(s) 'talend_dwh_pipeline' retrieved from /opt/airflow/dags/talend_dwh_pipeline.py
[2026-04-14T21:08:56.280+0000] {logging_mixin.py:188} INFO - [2026-04-14T21:08:56.279+0000] {dag.py:3036} INFO - Sync 1 DAGs
[2026-04-14T21:08:56.307+0000] {logging_mixin.py:188} INFO - [2026-04-14T21:08:56.307+0000] {dag.py:3823} INFO - Setting next_dagrun for talend_dwh_pipeline to 2026-04-14 00:00:00+00:00, run_after=2026-04-15 00:00:00+00:00
[2026-04-14T21:08:56.339+0000] {processor.py:183} INFO - Processing /opt/airflow/dags/talend_dwh_pipeline.py took 0.137 seconds
[2026-04-14T21:09:26.906+0000] {processor.py:161} INFO - Started process (PID=9569) to work on /opt/airflow/dags/talend_dwh_pipeline.py
[2026-04-14T21:09:26.907+0000] {processor.py:830} INFO - Processing file /opt/airflow/dags/talend_dwh_pipeline.py for tasks to queue
[2026-04-14T21:09:26.909+0000] {logging_mixin.py:188} INFO - [2026-04-14T21:09:26.909+0000] {dagbag.py:538} INFO - Filling up the DagBag from /opt/airflow/dags/talend_dwh_pipeline.py
[2026-04-14T21:09:26.937+0000] {processor.py:840} INFO - DAG(s) 'talend_dwh_pipeline' retrieved from /opt/airflow/dags/talend_dwh_pipeline.py
[2026-04-14T21:09:26.964+0000] {logging_mixin.py:188} INFO - [2026-04-14T21:09:26.964+0000] {dag.py:3036} INFO - Sync 1 DAGs
[2026-04-14T21:09:26.989+0000] {logging_mixin.py:188} INFO - [2026-04-14T21:09:26.989+0000] {dag.py:3823} INFO - Setting next_dagrun for talend_dwh_pipeline to 2026-04-14 00:00:00+00:00, run_after=2026-04-15 00:00:00+00:00
[2026-04-14T21:09:27.015+0000] {processor.py:183} INFO - Processing /opt/airflow/dags/talend_dwh_pipeline.py took 0.114 seconds
[2026-04-14T21:09:57.232+0000] {processor.py:161} INFO - Started process (PID=9626) to work on /opt/airflow/dags/talend_dwh_pipeline.py
[2026-04-14T21:09:57.233+0000] {processor.py:830} INFO - Processing file /opt/airflow/dags/talend_dwh_pipeline.py for tasks to queue
[2026-04-14T21:09:57.235+0000] {logging_mixin.py:188} INFO - [2026-04-14T21:09:57.235+0000] {dagbag.py:538} INFO - Filling up the DagBag from /opt/airflow/dags/talend_dwh_pipeline.py
[2026-04-14T21:09:57.259+0000] {processor.py:840} INFO - DAG(s) 'talend_dwh_pipeline' retrieved from /opt/airflow/dags/talend_dwh_pipeline.py
[2026-04-14T21:09:57.284+0000] {logging_mixin.py:188} INFO - [2026-04-14T21:09:57.284+0000] {dag.py:3036} INFO - Sync 1 DAGs
[2026-04-14T21:09:57.310+0000] {logging_mixin.py:188} INFO - [2026-04-14T21:09:57.310+0000] {dag.py:3823} INFO - Setting next_dagrun for talend_dwh_pipeline to 2026-04-14 00:00:00+00:00, run_after=2026-04-15 00:00:00+00:00
[2026-04-14T21:09:57.336+0000] {processor.py:183} INFO - Processing /opt/airflow/dags/talend_dwh_pipeline.py took 0.108 seconds
[2026-04-14T21:10:27.423+0000] {processor.py:161} INFO - Started process (PID=9683) to work on /opt/airflow/dags/talend_dwh_pipeline.py
[2026-04-14T21:10:27.424+0000] {processor.py:830} INFO - Processing file /opt/airflow/dags/talend_dwh_pipeline.py for tasks to queue
[2026-04-14T21:10:27.428+0000] {logging_mixin.py:188} INFO - [2026-04-14T21:10:27.427+0000] {dagbag.py:538} INFO - Filling up the DagBag from /opt/airflow/dags/talend_dwh_pipeline.py
[2026-04-14T21:10:27.462+0000] {processor.py:840} INFO - DAG(s) 'talend_dwh_pipeline' retrieved from /opt/airflow/dags/talend_dwh_pipeline.py
[2026-04-14T21:10:27.496+0000] {logging_mixin.py:188} INFO - [2026-04-14T21:10:27.495+0000] {dag.py:3036} INFO - Sync 1 DAGs
[2026-04-14T21:10:27.528+0000] {logging_mixin.py:188} INFO - [2026-04-14T21:10:27.527+0000] {dag.py:3823} INFO - Setting next_dagrun for talend_dwh_pipeline to 2026-04-14 00:00:00+00:00, run_after=2026-04-15 00:00:00+00:00
[2026-04-14T21:10:27.565+0000] {processor.py:183} INFO - Processing /opt/airflow/dags/talend_dwh_pipeline.py took 0.150 seconds
[2026-04-14T21:10:58.351+0000] {processor.py:161} INFO - Started process (PID=9738) to work on /opt/airflow/dags/talend_dwh_pipeline.py
[2026-04-14T21:10:58.353+0000] {processor.py:830} INFO - Processing file /opt/airflow/dags/talend_dwh_pipeline.py for tasks to queue
[2026-04-14T21:10:58.357+0000] {logging_mixin.py:188} INFO - [2026-04-14T21:10:58.357+0000] {dagbag.py:538} INFO - Filling up the DagBag from /opt/airflow/dags/talend_dwh_pipeline.py
[2026-04-14T21:10:58.390+0000] {processor.py:840} INFO - DAG(s) 'talend_dwh_pipeline' retrieved from /opt/airflow/dags/talend_dwh_pipeline.py
[2026-04-14T21:10:58.424+0000] {logging_mixin.py:188} INFO - [2026-04-14T21:10:58.424+0000] {dag.py:3036} INFO - Sync 1 DAGs
[2026-04-14T21:10:58.458+0000] {logging_mixin.py:188} INFO - [2026-04-14T21:10:58.457+0000] {dag.py:3823} INFO - Setting next_dagrun for talend_dwh_pipeline to 2026-04-14 00:00:00+00:00, run_after=2026-04-15 00:00:00+00:00
[2026-04-14T21:10:58.488+0000] {processor.py:183} INFO - Processing /opt/airflow/dags/talend_dwh_pipeline.py took 0.141 seconds
[2026-04-14T21:11:29.069+0000] {processor.py:161} INFO - Started process (PID=9796) to work on /opt/airflow/dags/talend_dwh_pipeline.py
[2026-04-14T21:11:29.070+0000] {processor.py:830} INFO - Processing file /opt/airflow/dags/talend_dwh_pipeline.py for tasks to queue
[2026-04-14T21:11:29.072+0000] {logging_mixin.py:188} INFO - [2026-04-14T21:11:29.072+0000] {dagbag.py:538} INFO - Filling up the DagBag from /opt/airflow/dags/talend_dwh_pipeline.py
[2026-04-14T21:11:29.095+0000] {processor.py:840} INFO - DAG(s) 'talend_dwh_pipeline' retrieved from /opt/airflow/dags/talend_dwh_pipeline.py
[2026-04-14T21:11:29.124+0000] {logging_mixin.py:188} INFO - [2026-04-14T21:11:29.123+0000] {dag.py:3036} INFO - Sync 1 DAGs
[2026-04-14T21:11:29.154+0000] {logging_mixin.py:188} INFO - [2026-04-14T21:11:29.153+0000] {dag.py:3823} INFO - Setting next_dagrun for talend_dwh_pipeline to 2026-04-14 00:00:00+00:00, run_after=2026-04-15 00:00:00+00:00
[2026-04-14T21:11:29.179+0000] {processor.py:183} INFO - Processing /opt/airflow/dags/talend_dwh_pipeline.py took 0.114 seconds
[2026-04-14T21:11:59.852+0000] {processor.py:161} INFO - Started process (PID=9853) to work on /opt/airflow/dags/talend_dwh_pipeline.py
[2026-04-14T21:11:59.853+0000] {processor.py:830} INFO - Processing file /opt/airflow/dags/talend_dwh_pipeline.py for tasks to queue
[2026-04-14T21:11:59.856+0000] {logging_mixin.py:188} INFO - [2026-04-14T21:11:59.855+0000] {dagbag.py:538} INFO - Filling up the DagBag from /opt/airflow/dags/talend_dwh_pipeline.py
[2026-04-14T21:11:59.878+0000] {processor.py:840} INFO - DAG(s) 'talend_dwh_pipeline' retrieved from /opt/airflow/dags/talend_dwh_pipeline.py
[2026-04-14T21:11:59.899+0000] {logging_mixin.py:188} INFO - [2026-04-14T21:11:59.899+0000] {dag.py:3036} INFO - Sync 1 DAGs
[2026-04-14T21:11:59.921+0000] {logging_mixin.py:188} INFO - [2026-04-14T21:11:59.921+0000] {dag.py:3823} INFO - Setting next_dagrun for talend_dwh_pipeline to 2026-04-14 00:00:00+00:00, run_after=2026-04-15 00:00:00+00:00
[2026-04-14T21:11:59.946+0000] {processor.py:183} INFO - Processing /opt/airflow/dags/talend_dwh_pipeline.py took 0.098 seconds
[2026-04-14T21:12:30.911+0000] {processor.py:161} INFO - Started process (PID=9910) to work on /opt/airflow/dags/talend_dwh_pipeline.py
[2026-04-14T21:12:30.913+0000] {processor.py:830} INFO - Processing file /opt/airflow/dags/talend_dwh_pipeline.py for tasks to queue
[2026-04-14T21:12:30.916+0000] {logging_mixin.py:188} INFO - [2026-04-14T21:12:30.916+0000] {dagbag.py:538} INFO - Filling up the DagBag from /opt/airflow/dags/talend_dwh_pipeline.py
[2026-04-14T21:12:30.950+0000] {processor.py:840} INFO - DAG(s) 'talend_dwh_pipeline' retrieved from /opt/airflow/dags/talend_dwh_pipeline.py
[2026-04-14T21:12:30.977+0000] {logging_mixin.py:188} INFO - [2026-04-14T21:12:30.977+0000] {dag.py:3036} INFO - Sync 1 DAGs
[2026-04-14T21:12:31.006+0000] {logging_mixin.py:188} INFO - [2026-04-14T21:12:31.006+0000] {dag.py:3823} INFO - Setting next_dagrun for talend_dwh_pipeline to 2026-04-14 00:00:00+00:00, run_after=2026-04-15 00:00:00+00:00
[2026-04-14T21:12:31.041+0000] {processor.py:183} INFO - Processing /opt/airflow/dags/talend_dwh_pipeline.py took 0.133 seconds
[2026-04-14T21:13:01.672+0000] {processor.py:161} INFO - Started process (PID=9967) to work on /opt/airflow/dags/talend_dwh_pipeline.py
[2026-04-14T21:13:01.673+0000] {processor.py:830} INFO - Processing file /opt/airflow/dags/talend_dwh_pipeline.py for tasks to queue
[2026-04-14T21:13:01.675+0000] {logging_mixin.py:188} INFO - [2026-04-14T21:13:01.675+0000] {dagbag.py:538} INFO - Filling up the DagBag from /opt/airflow/dags/talend_dwh_pipeline.py
[2026-04-14T21:13:01.694+0000] {processor.py:840} INFO - DAG(s) 'talend_dwh_pipeline' retrieved from /opt/airflow/dags/talend_dwh_pipeline.py
[2026-04-14T21:13:01.718+0000] {logging_mixin.py:188} INFO - [2026-04-14T21:13:01.718+0000] {dag.py:3036} INFO - Sync 1 DAGs
[2026-04-14T21:13:01.742+0000] {logging_mixin.py:188} INFO - [2026-04-14T21:13:01.741+0000] {dag.py:3823} INFO - Setting next_dagrun for talend_dwh_pipeline to 2026-04-14 00:00:00+00:00, run_after=2026-04-15 00:00:00+00:00
[2026-04-14T21:13:01.766+0000] {processor.py:183} INFO - Processing /opt/airflow/dags/talend_dwh_pipeline.py took 0.099 seconds
[2026-04-14T21:13:31.852+0000] {processor.py:161} INFO - Started process (PID=10024) to work on /opt/airflow/dags/talend_dwh_pipeline.py
[2026-04-14T21:13:31.853+0000] {processor.py:830} INFO - Processing file /opt/airflow/dags/talend_dwh_pipeline.py for tasks to queue
[2026-04-14T21:13:31.855+0000] {logging_mixin.py:188} INFO - [2026-04-14T21:13:31.855+0000] {dagbag.py:538} INFO - Filling up the DagBag from /opt/airflow/dags/talend_dwh_pipeline.py
[2026-04-14T21:13:31.878+0000] {processor.py:840} INFO - DAG(s) 'talend_dwh_pipeline' retrieved from /opt/airflow/dags/talend_dwh_pipeline.py
[2026-04-14T21:13:31.907+0000] {logging_mixin.py:188} INFO - [2026-04-14T21:13:31.906+0000] {dag.py:3036} INFO - Sync 1 DAGs
[2026-04-14T21:13:31.938+0000] {logging_mixin.py:188} INFO - [2026-04-14T21:13:31.938+0000] {dag.py:3823} INFO - Setting next_dagrun for talend_dwh_pipeline to 2026-04-14 00:00:00+00:00, run_after=2026-04-15 00:00:00+00:00
[2026-04-14T21:13:31.966+0000] {processor.py:183} INFO - Processing /opt/airflow/dags/talend_dwh_pipeline.py took 0.118 seconds
[2026-04-14T21:14:02.351+0000] {processor.py:161} INFO - Started process (PID=10081) to work on /opt/airflow/dags/talend_dwh_pipeline.py
[2026-04-14T21:14:02.352+0000] {processor.py:830} INFO - Processing file /opt/airflow/dags/talend_dwh_pipeline.py for tasks to queue
[2026-04-14T21:14:02.354+0000] {logging_mixin.py:188} INFO - [2026-04-14T21:14:02.354+0000] {dagbag.py:538} INFO - Filling up the DagBag from /opt/airflow/dags/talend_dwh_pipeline.py
[2026-04-14T21:14:02.374+0000] {processor.py:840} INFO - DAG(s) 'talend_dwh_pipeline' retrieved from /opt/airflow/dags/talend_dwh_pipeline.py
[2026-04-14T21:14:02.398+0000] {logging_mixin.py:188} INFO - [2026-04-14T21:14:02.398+0000] {dag.py:3036} INFO - Sync 1 DAGs
[2026-04-14T21:14:02.427+0000] {logging_mixin.py:188} INFO - [2026-04-14T21:14:02.426+0000] {dag.py:3823} INFO - Setting next_dagrun for talend_dwh_pipeline to 2026-04-14 00:00:00+00:00, run_after=2026-04-15 00:00:00+00:00
[2026-04-14T21:14:02.454+0000] {processor.py:183} INFO - Processing /opt/airflow/dags/talend_dwh_pipeline.py took 0.109 seconds
[2026-04-14T21:14:32.914+0000] {processor.py:161} INFO - Started process (PID=10138) to work on /opt/airflow/dags/talend_dwh_pipeline.py
[2026-04-14T21:14:32.915+0000] {processor.py:830} INFO - Processing file /opt/airflow/dags/talend_dwh_pipeline.py for tasks to queue
[2026-04-14T21:14:32.918+0000] {logging_mixin.py:188} INFO - [2026-04-14T21:14:32.917+0000] {dagbag.py:538} INFO - Filling up the DagBag from /opt/airflow/dags/talend_dwh_pipeline.py
[2026-04-14T21:14:32.940+0000] {processor.py:840} INFO - DAG(s) 'talend_dwh_pipeline' retrieved from /opt/airflow/dags/talend_dwh_pipeline.py
[2026-04-14T21:14:32.963+0000] {logging_mixin.py:188} INFO - [2026-04-14T21:14:32.963+0000] {dag.py:3036} INFO - Sync 1 DAGs
[2026-04-14T21:14:32.987+0000] {logging_mixin.py:188} INFO - [2026-04-14T21:14:32.987+0000] {dag.py:3823} INFO - Setting next_dagrun for talend_dwh_pipeline to 2026-04-14 00:00:00+00:00, run_after=2026-04-15 00:00:00+00:00
[2026-04-14T21:14:33.172+0000] {processor.py:183} INFO - Processing /opt/airflow/dags/talend_dwh_pipeline.py took 0.261 seconds
[2026-04-14T21:15:03.487+0000] {processor.py:161} INFO - Started process (PID=10195) to work on /opt/airflow/dags/talend_dwh_pipeline.py
[2026-04-14T21:15:03.488+0000] {processor.py:830} INFO - Processing file /opt/airflow/dags/talend_dwh_pipeline.py for tasks to queue
[2026-04-14T21:15:03.490+0000] {logging_mixin.py:188} INFO - [2026-04-14T21:15:03.490+0000] {dagbag.py:538} INFO - Filling up the DagBag from /opt/airflow/dags/talend_dwh_pipeline.py
[2026-04-14T21:15:03.510+0000] {processor.py:840} INFO - DAG(s) 'talend_dwh_pipeline' retrieved from /opt/airflow/dags/talend_dwh_pipeline.py
[2026-04-14T21:15:03.534+0000] {logging_mixin.py:188} INFO - [2026-04-14T21:15:03.533+0000] {dag.py:3036} INFO - Sync 1 DAGs
[2026-04-14T21:15:03.559+0000] {logging_mixin.py:188} INFO - [2026-04-14T21:15:03.559+0000] {dag.py:3823} INFO - Setting next_dagrun for talend_dwh_pipeline to 2026-04-14 00:00:00+00:00, run_after=2026-04-15 00:00:00+00:00
[2026-04-14T21:15:03.591+0000] {processor.py:183} INFO - Processing /opt/airflow/dags/talend_dwh_pipeline.py took 0.110 seconds
[2026-04-14T21:15:34.023+0000] {processor.py:161} INFO - Started process (PID=10252) to work on /opt/airflow/dags/talend_dwh_pipeline.py
[2026-04-14T21:15:34.024+0000] {processor.py:830} INFO - Processing file /opt/airflow/dags/talend_dwh_pipeline.py for tasks to queue
[2026-04-14T21:15:34.028+0000] {logging_mixin.py:188} INFO - [2026-04-14T21:15:34.027+0000] {dagbag.py:538} INFO - Filling up the DagBag from /opt/airflow/dags/talend_dwh_pipeline.py
[2026-04-14T21:15:34.056+0000] {processor.py:840} INFO - DAG(s) 'talend_dwh_pipeline' retrieved from /opt/airflow/dags/talend_dwh_pipeline.py
[2026-04-14T21:15:34.081+0000] {logging_mixin.py:188} INFO - [2026-04-14T21:15:34.081+0000] {dag.py:3036} INFO - Sync 1 DAGs
[2026-04-14T21:15:34.111+0000] {logging_mixin.py:188} INFO - [2026-04-14T21:15:34.110+0000] {dag.py:3823} INFO - Setting next_dagrun for talend_dwh_pipeline to 2026-04-14 00:00:00+00:00, run_after=2026-04-15 00:00:00+00:00
[2026-04-14T21:15:34.140+0000] {processor.py:183} INFO - Processing /opt/airflow/dags/talend_dwh_pipeline.py took 0.123 seconds
[2026-04-14T21:16:04.273+0000] {processor.py:161} INFO - Started process (PID=10309) to work on /opt/airflow/dags/talend_dwh_pipeline.py
[2026-04-14T21:16:04.275+0000] {processor.py:830} INFO - Processing file /opt/airflow/dags/talend_dwh_pipeline.py for tasks to queue
[2026-04-14T21:16:04.278+0000] {logging_mixin.py:188} INFO - [2026-04-14T21:16:04.277+0000] {dagbag.py:538} INFO - Filling up the DagBag from /opt/airflow/dags/talend_dwh_pipeline.py
[2026-04-14T21:16:04.313+0000] {processor.py:840} INFO - DAG(s) 'talend_dwh_pipeline' retrieved from /opt/airflow/dags/talend_dwh_pipeline.py
[2026-04-14T21:16:04.358+0000] {logging_mixin.py:188} INFO - [2026-04-14T21:16:04.357+0000] {dag.py:3036} INFO - Sync 1 DAGs
[2026-04-14T21:16:04.391+0000] {logging_mixin.py:188} INFO - [2026-04-14T21:16:04.391+0000] {dag.py:3823} INFO - Setting next_dagrun for talend_dwh_pipeline to 2026-04-14 00:00:00+00:00, run_after=2026-04-15 00:00:00+00:00
[2026-04-14T21:16:04.422+0000] {processor.py:183} INFO - Processing /opt/airflow/dags/talend_dwh_pipeline.py took 0.154 seconds
[2026-04-14T21:16:34.585+0000] {processor.py:161} INFO - Started process (PID=10367) to work on /opt/airflow/dags/talend_dwh_pipeline.py
[2026-04-14T21:16:34.586+0000] {processor.py:830} INFO - Processing file /opt/airflow/dags/talend_dwh_pipeline.py for tasks to queue
[2026-04-14T21:16:34.588+0000] {logging_mixin.py:188} INFO - [2026-04-14T21:16:34.587+0000] {dagbag.py:538} INFO - Filling up the DagBag from /opt/airflow/dags/talend_dwh_pipeline.py
[2026-04-14T21:16:34.608+0000] {processor.py:840} INFO - DAG(s) 'talend_dwh_pipeline' retrieved from /opt/airflow/dags/talend_dwh_pipeline.py
[2026-04-14T21:16:34.631+0000] {logging_mixin.py:188} INFO - [2026-04-14T21:16:34.631+0000] {dag.py:3036} INFO - Sync 1 DAGs
[2026-04-14T21:16:34.654+0000] {logging_mixin.py:188} INFO - [2026-04-14T21:16:34.654+0000] {dag.py:3823} INFO - Setting next_dagrun for talend_dwh_pipeline to 2026-04-14 00:00:00+00:00, run_after=2026-04-15 00:00:00+00:00
[2026-04-14T21:16:34.681+0000] {processor.py:183} INFO - Processing /opt/airflow/dags/talend_dwh_pipeline.py took 0.100 seconds
[2026-04-14T21:17:04.735+0000] {processor.py:161} INFO - Started process (PID=10424) to work on /opt/airflow/dags/talend_dwh_pipeline.py
[2026-04-14T21:17:04.736+0000] {processor.py:830} INFO - Processing file /opt/airflow/dags/talend_dwh_pipeline.py for tasks to queue
[2026-04-14T21:17:04.739+0000] {logging_mixin.py:188} INFO - [2026-04-14T21:17:04.738+0000] {dagbag.py:538} INFO - Filling up the DagBag from /opt/airflow/dags/talend_dwh_pipeline.py
[2026-04-14T21:17:04.760+0000] {processor.py:840} INFO - DAG(s) 'talend_dwh_pipeline' retrieved from /opt/airflow/dags/talend_dwh_pipeline.py
[2026-04-14T21:17:04.782+0000] {logging_mixin.py:188} INFO - [2026-04-14T21:17:04.782+0000] {dag.py:3036} INFO - Sync 1 DAGs
[2026-04-14T21:17:04.807+0000] {logging_mixin.py:188} INFO - [2026-04-14T21:17:04.807+0000] {dag.py:3823} INFO - Setting next_dagrun for talend_dwh_pipeline to 2026-04-14 00:00:00+00:00, run_after=2026-04-15 00:00:00+00:00
[2026-04-14T21:17:04.830+0000] {processor.py:183} INFO - Processing /opt/airflow/dags/talend_dwh_pipeline.py took 0.098 seconds
[2026-04-14T21:17:34.914+0000] {processor.py:161} INFO - Started process (PID=10479) to work on /opt/airflow/dags/talend_dwh_pipeline.py
[2026-04-14T21:17:34.915+0000] {processor.py:830} INFO - Processing file /opt/airflow/dags/talend_dwh_pipeline.py for tasks to queue
[2026-04-14T21:17:34.918+0000] {logging_mixin.py:188} INFO - [2026-04-14T21:17:34.917+0000] {dagbag.py:538} INFO - Filling up the DagBag from /opt/airflow/dags/talend_dwh_pipeline.py
[2026-04-14T21:17:34.941+0000] {processor.py:840} INFO - DAG(s) 'talend_dwh_pipeline' retrieved from /opt/airflow/dags/talend_dwh_pipeline.py
[2026-04-14T21:17:34.965+0000] {logging_mixin.py:188} INFO - [2026-04-14T21:17:34.964+0000] {dag.py:3036} INFO - Sync 1 DAGs
[2026-04-14T21:17:34.986+0000] {logging_mixin.py:188} INFO - [2026-04-14T21:17:34.986+0000] {dag.py:3823} INFO - Setting next_dagrun for talend_dwh_pipeline to 2026-04-14 00:00:00+00:00, run_after=2026-04-15 00:00:00+00:00
[2026-04-14T21:17:35.012+0000] {processor.py:183} INFO - Processing /opt/airflow/dags/talend_dwh_pipeline.py took 0.103 seconds
[2026-04-14T21:18:05.197+0000] {processor.py:161} INFO - Started process (PID=10536) to work on /opt/airflow/dags/talend_dwh_pipeline.py
[2026-04-14T21:18:05.199+0000] {processor.py:830} INFO - Processing file /opt/airflow/dags/talend_dwh_pipeline.py for tasks to queue
[2026-04-14T21:18:05.201+0000] {logging_mixin.py:188} INFO - [2026-04-14T21:18:05.201+0000] {dagbag.py:538} INFO - Filling up the DagBag from /opt/airflow/dags/talend_dwh_pipeline.py
[2026-04-14T21:18:05.225+0000] {processor.py:840} INFO - DAG(s) 'talend_dwh_pipeline' retrieved from /opt/airflow/dags/talend_dwh_pipeline.py
[2026-04-14T21:18:05.254+0000] {logging_mixin.py:188} INFO - [2026-04-14T21:18:05.254+0000] {dag.py:3036} INFO - Sync 1 DAGs
[2026-04-14T21:18:05.292+0000] {logging_mixin.py:188} INFO - [2026-04-14T21:18:05.292+0000] {dag.py:3823} INFO - Setting next_dagrun for talend_dwh_pipeline to 2026-04-14 00:00:00+00:00, run_after=2026-04-15 00:00:00+00:00
[2026-04-14T21:18:05.327+0000] {processor.py:183} INFO - Processing /opt/airflow/dags/talend_dwh_pipeline.py took 0.135 seconds
[2026-04-14T21:18:35.466+0000] {processor.py:161} INFO - Started process (PID=10593) to work on /opt/airflow/dags/talend_dwh_pipeline.py
[2026-04-14T21:18:35.467+0000] {processor.py:830} INFO - Processing file /opt/airflow/dags/talend_dwh_pipeline.py for tasks to queue
[2026-04-14T21:18:35.469+0000] {logging_mixin.py:188} INFO - [2026-04-14T21:18:35.469+0000] {dagbag.py:538} INFO - Filling up the DagBag from /opt/airflow/dags/talend_dwh_pipeline.py
[2026-04-14T21:18:35.499+0000] {processor.py:840} INFO - DAG(s) 'talend_dwh_pipeline' retrieved from /opt/airflow/dags/talend_dwh_pipeline.py
[2026-04-14T21:18:35.523+0000] {logging_mixin.py:188} INFO - [2026-04-14T21:18:35.522+0000] {dag.py:3036} INFO - Sync 1 DAGs
[2026-04-14T21:18:35.544+0000] {logging_mixin.py:188} INFO - [2026-04-14T21:18:35.544+0000] {dag.py:3823} INFO - Setting next_dagrun for talend_dwh_pipeline to 2026-04-14 00:00:00+00:00, run_after=2026-04-15 00:00:00+00:00
[2026-04-14T21:18:35.569+0000] {processor.py:183} INFO - Processing /opt/airflow/dags/talend_dwh_pipeline.py took 0.108 seconds
[2026-04-14T21:19:05.822+0000] {processor.py:161} INFO - Started process (PID=10647) to work on /opt/airflow/dags/talend_dwh_pipeline.py
[2026-04-14T21:19:05.823+0000] {processor.py:830} INFO - Processing file /opt/airflow/dags/talend_dwh_pipeline.py for tasks to queue
[2026-04-14T21:19:05.825+0000] {logging_mixin.py:188} INFO - [2026-04-14T21:19:05.825+0000] {dagbag.py:538} INFO - Filling up the DagBag from /opt/airflow/dags/talend_dwh_pipeline.py
[2026-04-14T21:19:05.845+0000] {processor.py:840} INFO - DAG(s) 'talend_dwh_pipeline' retrieved from /opt/airflow/dags/talend_dwh_pipeline.py
[2026-04-14T21:19:05.867+0000] {logging_mixin.py:188} INFO - [2026-04-14T21:19:05.867+0000] {dag.py:3036} INFO - Sync 1 DAGs
[2026-04-14T21:19:05.891+0000] {logging_mixin.py:188} INFO - [2026-04-14T21:19:05.891+0000] {dag.py:3823} INFO - Setting next_dagrun for talend_dwh_pipeline to 2026-04-14 00:00:00+00:00, run_after=2026-04-15 00:00:00+00:00
[2026-04-14T21:19:05.917+0000] {processor.py:183} INFO - Processing /opt/airflow/dags/talend_dwh_pipeline.py took 0.100 seconds
[2026-04-14T21:19:36.261+0000] {processor.py:161} INFO - Started process (PID=10704) to work on /opt/airflow/dags/talend_dwh_pipeline.py
[2026-04-14T21:19:36.262+0000] {processor.py:830} INFO - Processing file /opt/airflow/dags/talend_dwh_pipeline.py for tasks to queue
[2026-04-14T21:19:36.264+0000] {logging_mixin.py:188} INFO - [2026-04-14T21:19:36.264+0000] {dagbag.py:538} INFO - Filling up the DagBag from /opt/airflow/dags/talend_dwh_pipeline.py
[2026-04-14T21:19:36.287+0000] {processor.py:840} INFO - DAG(s) 'talend_dwh_pipeline' retrieved from /opt/airflow/dags/talend_dwh_pipeline.py
[2026-04-14T21:19:36.309+0000] {logging_mixin.py:188} INFO - [2026-04-14T21:19:36.309+0000] {dag.py:3036} INFO - Sync 1 DAGs
[2026-04-14T21:19:36.335+0000] {logging_mixin.py:188} INFO - [2026-04-14T21:19:36.335+0000] {dag.py:3823} INFO - Setting next_dagrun for talend_dwh_pipeline to 2026-04-14 00:00:00+00:00, run_after=2026-04-15 00:00:00+00:00
[2026-04-14T21:19:36.360+0000] {processor.py:183} INFO - Processing /opt/airflow/dags/talend_dwh_pipeline.py took 0.103 seconds
[2026-04-14T21:20:07.099+0000] {processor.py:161} INFO - Started process (PID=10761) to work on /opt/airflow/dags/talend_dwh_pipeline.py
[2026-04-14T21:20:07.100+0000] {processor.py:830} INFO - Processing file /opt/airflow/dags/talend_dwh_pipeline.py for tasks to queue
[2026-04-14T21:20:07.103+0000] {logging_mixin.py:188} INFO - [2026-04-14T21:20:07.102+0000] {dagbag.py:538} INFO - Filling up the DagBag from /opt/airflow/dags/talend_dwh_pipeline.py
[2026-04-14T21:20:07.129+0000] {processor.py:840} INFO - DAG(s) 'talend_dwh_pipeline' retrieved from /opt/airflow/dags/talend_dwh_pipeline.py
[2026-04-14T21:20:07.156+0000] {logging_mixin.py:188} INFO - [2026-04-14T21:20:07.155+0000] {dag.py:3036} INFO - Sync 1 DAGs
[2026-04-14T21:20:07.184+0000] {logging_mixin.py:188} INFO - [2026-04-14T21:20:07.183+0000] {dag.py:3823} INFO - Setting next_dagrun for talend_dwh_pipeline to 2026-04-14 00:00:00+00:00, run_after=2026-04-15 00:00:00+00:00
[2026-04-14T21:20:07.212+0000] {processor.py:183} INFO - Processing /opt/airflow/dags/talend_dwh_pipeline.py took 0.118 seconds
[2026-04-14T21:20:37.331+0000] {processor.py:161} INFO - Started process (PID=10818) to work on /opt/airflow/dags/talend_dwh_pipeline.py
[2026-04-14T21:20:37.332+0000] {processor.py:830} INFO - Processing file /opt/airflow/dags/talend_dwh_pipeline.py for tasks to queue
[2026-04-14T21:20:37.334+0000] {logging_mixin.py:188} INFO - [2026-04-14T21:20:37.334+0000] {dagbag.py:538} INFO - Filling up the DagBag from /opt/airflow/dags/talend_dwh_pipeline.py
[2026-04-14T21:20:37.355+0000] {processor.py:840} INFO - DAG(s) 'talend_dwh_pipeline' retrieved from /opt/airflow/dags/talend_dwh_pipeline.py
[2026-04-14T21:20:37.380+0000] {logging_mixin.py:188} INFO - [2026-04-14T21:20:37.379+0000] {dag.py:3036} INFO - Sync 1 DAGs
[2026-04-14T21:20:37.404+0000] {logging_mixin.py:188} INFO - [2026-04-14T21:20:37.404+0000] {dag.py:3823} INFO - Setting next_dagrun for talend_dwh_pipeline to 2026-04-14 00:00:00+00:00, run_after=2026-04-15 00:00:00+00:00
[2026-04-14T21:20:37.490+0000] {processor.py:183} INFO - Processing /opt/airflow/dags/talend_dwh_pipeline.py took 0.163 seconds
[2026-04-14T21:21:08.047+0000] {processor.py:161} INFO - Started process (PID=10875) to work on /opt/airflow/dags/talend_dwh_pipeline.py
[2026-04-14T21:21:08.048+0000] {processor.py:830} INFO - Processing file /opt/airflow/dags/talend_dwh_pipeline.py for tasks to queue
[2026-04-14T21:21:08.050+0000] {logging_mixin.py:188} INFO - [2026-04-14T21:21:08.050+0000] {dagbag.py:538} INFO - Filling up the DagBag from /opt/airflow/dags/talend_dwh_pipeline.py
[2026-04-14T21:21:08.070+0000] {processor.py:840} INFO - DAG(s) 'talend_dwh_pipeline' retrieved from /opt/airflow/dags/talend_dwh_pipeline.py
[2026-04-14T21:21:08.092+0000] {logging_mixin.py:188} INFO - [2026-04-14T21:21:08.092+0000] {dag.py:3036} INFO - Sync 1 DAGs
[2026-04-14T21:21:08.118+0000] {logging_mixin.py:188} INFO - [2026-04-14T21:21:08.117+0000] {dag.py:3823} INFO - Setting next_dagrun for talend_dwh_pipeline to 2026-04-14 00:00:00+00:00, run_after=2026-04-15 00:00:00+00:00
[2026-04-14T21:21:08.144+0000] {processor.py:183} INFO - Processing /opt/airflow/dags/talend_dwh_pipeline.py took 0.101 seconds
[2026-04-14T21:21:38.624+0000] {processor.py:161} INFO - Started process (PID=10938) to work on /opt/airflow/dags/talend_dwh_pipeline.py
[2026-04-14T21:21:38.626+0000] {processor.py:830} INFO - Processing file /opt/airflow/dags/talend_dwh_pipeline.py for tasks to queue
[2026-04-14T21:21:38.628+0000] {logging_mixin.py:188} INFO - [2026-04-14T21:21:38.628+0000] {dagbag.py:538} INFO - Filling up the DagBag from /opt/airflow/dags/talend_dwh_pipeline.py
[2026-04-14T21:21:38.658+0000] {processor.py:840} INFO - DAG(s) 'talend_dwh_pipeline' retrieved from /opt/airflow/dags/talend_dwh_pipeline.py
[2026-04-14T21:21:38.693+0000] {logging_mixin.py:188} INFO - [2026-04-14T21:21:38.693+0000] {dag.py:3036} INFO - Sync 1 DAGs
[2026-04-14T21:21:38.722+0000] {logging_mixin.py:188} INFO - [2026-04-14T21:21:38.722+0000] {dag.py:3823} INFO - Setting next_dagrun for talend_dwh_pipeline to 2026-04-14 00:00:00+00:00, run_after=2026-04-15 00:00:00+00:00
[2026-04-14T21:21:38.747+0000] {processor.py:183} INFO - Processing /opt/airflow/dags/talend_dwh_pipeline.py took 0.127 seconds
[2026-04-14T21:22:08.995+0000] {processor.py:161} INFO - Started process (PID=10995) to work on /opt/airflow/dags/talend_dwh_pipeline.py
[2026-04-14T21:22:08.996+0000] {processor.py:830} INFO - Processing file /opt/airflow/dags/talend_dwh_pipeline.py for tasks to queue
[2026-04-14T21:22:08.998+0000] {logging_mixin.py:188} INFO - [2026-04-14T21:22:08.998+0000] {dagbag.py:538} INFO - Filling up the DagBag from /opt/airflow/dags/talend_dwh_pipeline.py
[2026-04-14T21:22:09.022+0000] {processor.py:840} INFO - DAG(s) 'talend_dwh_pipeline' retrieved from /opt/airflow/dags/talend_dwh_pipeline.py
[2026-04-14T21:22:09.050+0000] {logging_mixin.py:188} INFO - [2026-04-14T21:22:09.050+0000] {dag.py:3036} INFO - Sync 1 DAGs
[2026-04-14T21:22:09.079+0000] {logging_mixin.py:188} INFO - [2026-04-14T21:22:09.078+0000] {dag.py:3823} INFO - Setting next_dagrun for talend_dwh_pipeline to 2026-04-14 00:00:00+00:00, run_after=2026-04-15 00:00:00+00:00
[2026-04-14T21:22:09.106+0000] {processor.py:183} INFO - Processing /opt/airflow/dags/talend_dwh_pipeline.py took 0.115 seconds
[2026-04-14T21:22:39.193+0000] {processor.py:161} INFO - Started process (PID=11052) to work on /opt/airflow/dags/talend_dwh_pipeline.py
[2026-04-14T21:22:39.194+0000] {processor.py:830} INFO - Processing file /opt/airflow/dags/talend_dwh_pipeline.py for tasks to queue
[2026-04-14T21:22:39.196+0000] {logging_mixin.py:188} INFO - [2026-04-14T21:22:39.196+0000] {dagbag.py:538} INFO - Filling up the DagBag from /opt/airflow/dags/talend_dwh_pipeline.py
[2026-04-14T21:22:39.217+0000] {processor.py:840} INFO - DAG(s) 'talend_dwh_pipeline' retrieved from /opt/airflow/dags/talend_dwh_pipeline.py
[2026-04-14T21:22:39.240+0000] {logging_mixin.py:188} INFO - [2026-04-14T21:22:39.240+0000] {dag.py:3036} INFO - Sync 1 DAGs
[2026-04-14T21:22:39.262+0000] {logging_mixin.py:188} INFO - [2026-04-14T21:22:39.262+0000] {dag.py:3823} INFO - Setting next_dagrun for talend_dwh_pipeline to 2026-04-14 00:00:00+00:00, run_after=2026-04-15 00:00:00+00:00
[2026-04-14T21:22:39.287+0000] {processor.py:183} INFO - Processing /opt/airflow/dags/talend_dwh_pipeline.py took 0.097 seconds
[2026-04-14T21:23:09.502+0000] {processor.py:161} INFO - Started process (PID=11109) to work on /opt/airflow/dags/talend_dwh_pipeline.py
[2026-04-14T21:23:09.503+0000] {processor.py:830} INFO - Processing file /opt/airflow/dags/talend_dwh_pipeline.py for tasks to queue
[2026-04-14T21:23:09.506+0000] {logging_mixin.py:188} INFO - [2026-04-14T21:23:09.505+0000] {dagbag.py:538} INFO - Filling up the DagBag from /opt/airflow/dags/talend_dwh_pipeline.py
[2026-04-14T21:23:09.527+0000] {processor.py:840} INFO - DAG(s) 'talend_dwh_pipeline' retrieved from /opt/airflow/dags/talend_dwh_pipeline.py
[2026-04-14T21:23:09.552+0000] {logging_mixin.py:188} INFO - [2026-04-14T21:23:09.552+0000] {dag.py:3036} INFO - Sync 1 DAGs
[2026-04-14T21:23:09.580+0000] {logging_mixin.py:188} INFO - [2026-04-14T21:23:09.580+0000] {dag.py:3823} INFO - Setting next_dagrun for talend_dwh_pipeline to 2026-04-14 00:00:00+00:00, run_after=2026-04-15 00:00:00+00:00
[2026-04-14T21:23:09.666+0000] {processor.py:183} INFO - Processing /opt/airflow/dags/talend_dwh_pipeline.py took 0.168 seconds
[2026-04-14T21:23:39.753+0000] {processor.py:161} INFO - Started process (PID=11166) to work on /opt/airflow/dags/talend_dwh_pipeline.py
[2026-04-14T21:23:39.754+0000] {processor.py:830} INFO - Processing file /opt/airflow/dags/talend_dwh_pipeline.py for tasks to queue
[2026-04-14T21:23:39.756+0000] {logging_mixin.py:188} INFO - [2026-04-14T21:23:39.756+0000] {dagbag.py:538} INFO - Filling up the DagBag from /opt/airflow/dags/talend_dwh_pipeline.py
[2026-04-14T21:23:39.779+0000] {processor.py:840} INFO - DAG(s) 'talend_dwh_pipeline' retrieved from /opt/airflow/dags/talend_dwh_pipeline.py
[2026-04-14T21:23:39.804+0000] {logging_mixin.py:188} INFO - [2026-04-14T21:23:39.804+0000] {dag.py:3036} INFO - Sync 1 DAGs
[2026-04-14T21:23:39.833+0000] {logging_mixin.py:188} INFO - [2026-04-14T21:23:39.833+0000] {dag.py:3823} INFO - Setting next_dagrun for talend_dwh_pipeline to 2026-04-14 00:00:00+00:00, run_after=2026-04-15 00:00:00+00:00
[2026-04-14T21:23:39.863+0000] {processor.py:183} INFO - Processing /opt/airflow/dags/talend_dwh_pipeline.py took 0.114 seconds
[2026-04-14T21:24:10.072+0000] {processor.py:161} INFO - Started process (PID=11223) to work on /opt/airflow/dags/talend_dwh_pipeline.py
[2026-04-14T21:24:10.073+0000] {processor.py:830} INFO - Processing file /opt/airflow/dags/talend_dwh_pipeline.py for tasks to queue
[2026-04-14T21:24:10.076+0000] {logging_mixin.py:188} INFO - [2026-04-14T21:24:10.076+0000] {dagbag.py:538} INFO - Filling up the DagBag from /opt/airflow/dags/talend_dwh_pipeline.py
[2026-04-14T21:24:10.108+0000] {processor.py:840} INFO - DAG(s) 'talend_dwh_pipeline' retrieved from /opt/airflow/dags/talend_dwh_pipeline.py
[2026-04-14T21:24:10.141+0000] {logging_mixin.py:188} INFO - [2026-04-14T21:24:10.141+0000] {dag.py:3036} INFO - Sync 1 DAGs
[2026-04-14T21:24:10.172+0000] {logging_mixin.py:188} INFO - [2026-04-14T21:24:10.172+0000] {dag.py:3823} INFO - Setting next_dagrun for talend_dwh_pipeline to 2026-04-14 00:00:00+00:00, run_after=2026-04-15 00:00:00+00:00
[2026-04-14T21:24:10.207+0000] {processor.py:183} INFO - Processing /opt/airflow/dags/talend_dwh_pipeline.py took 0.141 seconds
[2026-04-14T21:24:41.017+0000] {processor.py:161} INFO - Started process (PID=11280) to work on /opt/airflow/dags/talend_dwh_pipeline.py
[2026-04-14T21:24:41.018+0000] {processor.py:830} INFO - Processing file /opt/airflow/dags/talend_dwh_pipeline.py for tasks to queue
[2026-04-14T21:24:41.023+0000] {logging_mixin.py:188} INFO - [2026-04-14T21:24:41.022+0000] {dagbag.py:538} INFO - Filling up the DagBag from /opt/airflow/dags/talend_dwh_pipeline.py
[2026-04-14T21:24:41.054+0000] {processor.py:840} INFO - DAG(s) 'talend_dwh_pipeline' retrieved from /opt/airflow/dags/talend_dwh_pipeline.py
[2026-04-14T21:24:41.085+0000] {logging_mixin.py:188} INFO - [2026-04-14T21:24:41.084+0000] {dag.py:3036} INFO - Sync 1 DAGs
[2026-04-14T21:24:41.119+0000] {logging_mixin.py:188} INFO - [2026-04-14T21:24:41.118+0000] {dag.py:3823} INFO - Setting next_dagrun for talend_dwh_pipeline to 2026-04-14 00:00:00+00:00, run_after=2026-04-15 00:00:00+00:00
[2026-04-14T21:24:41.164+0000] {processor.py:183} INFO - Processing /opt/airflow/dags/talend_dwh_pipeline.py took 0.153 seconds
[2026-04-14T21:25:11.581+0000] {processor.py:161} INFO - Started process (PID=11337) to work on /opt/airflow/dags/talend_dwh_pipeline.py
[2026-04-14T21:25:11.583+0000] {processor.py:830} INFO - Processing file /opt/airflow/dags/talend_dwh_pipeline.py for tasks to queue
[2026-04-14T21:25:11.586+0000] {logging_mixin.py:188} INFO - [2026-04-14T21:25:11.585+0000] {dagbag.py:538} INFO - Filling up the DagBag from /opt/airflow/dags/talend_dwh_pipeline.py
[2026-04-14T21:25:11.617+0000] {processor.py:840} INFO - DAG(s) 'talend_dwh_pipeline' retrieved from /opt/airflow/dags/talend_dwh_pipeline.py
[2026-04-14T21:25:11.648+0000] {logging_mixin.py:188} INFO - [2026-04-14T21:25:11.647+0000] {dag.py:3036} INFO - Sync 1 DAGs
[2026-04-14T21:25:11.679+0000] {logging_mixin.py:188} INFO - [2026-04-14T21:25:11.679+0000] {dag.py:3823} INFO - Setting next_dagrun for talend_dwh_pipeline to 2026-04-14 00:00:00+00:00, run_after=2026-04-15 00:00:00+00:00
[2026-04-14T21:25:11.710+0000] {processor.py:183} INFO - Processing /opt/airflow/dags/talend_dwh_pipeline.py took 0.133 seconds
[2026-04-14T21:25:42.414+0000] {processor.py:161} INFO - Started process (PID=11394) to work on /opt/airflow/dags/talend_dwh_pipeline.py
[2026-04-14T21:25:42.416+0000] {processor.py:830} INFO - Processing file /opt/airflow/dags/talend_dwh_pipeline.py for tasks to queue
[2026-04-14T21:25:42.420+0000] {logging_mixin.py:188} INFO - [2026-04-14T21:25:42.419+0000] {dagbag.py:538} INFO - Filling up the DagBag from /opt/airflow/dags/talend_dwh_pipeline.py
[2026-04-14T21:25:42.450+0000] {processor.py:840} INFO - DAG(s) 'talend_dwh_pipeline' retrieved from /opt/airflow/dags/talend_dwh_pipeline.py
[2026-04-14T21:25:42.481+0000] {logging_mixin.py:188} INFO - [2026-04-14T21:25:42.481+0000] {dag.py:3036} INFO - Sync 1 DAGs
[2026-04-14T21:25:42.527+0000] {logging_mixin.py:188} INFO - [2026-04-14T21:25:42.527+0000] {dag.py:3823} INFO - Setting next_dagrun for talend_dwh_pipeline to 2026-04-14 00:00:00+00:00, run_after=2026-04-15 00:00:00+00:00
[2026-04-14T21:25:42.566+0000] {processor.py:183} INFO - Processing /opt/airflow/dags/talend_dwh_pipeline.py took 0.157 seconds
[2026-04-14T21:26:12.778+0000] {processor.py:161} INFO - Started process (PID=11451) to work on /opt/airflow/dags/talend_dwh_pipeline.py
[2026-04-14T21:26:12.779+0000] {processor.py:830} INFO - Processing file /opt/airflow/dags/talend_dwh_pipeline.py for tasks to queue
[2026-04-14T21:26:12.782+0000] {logging_mixin.py:188} INFO - [2026-04-14T21:26:12.781+0000] {dagbag.py:538} INFO - Filling up the DagBag from /opt/airflow/dags/talend_dwh_pipeline.py
[2026-04-14T21:26:12.811+0000] {processor.py:840} INFO - DAG(s) 'talend_dwh_pipeline' retrieved from /opt/airflow/dags/talend_dwh_pipeline.py
[2026-04-14T21:26:12.841+0000] {logging_mixin.py:188} INFO - [2026-04-14T21:26:12.840+0000] {dag.py:3036} INFO - Sync 1 DAGs
[2026-04-14T21:26:12.868+0000] {logging_mixin.py:188} INFO - [2026-04-14T21:26:12.868+0000] {dag.py:3823} INFO - Setting next_dagrun for talend_dwh_pipeline to 2026-04-14 00:00:00+00:00, run_after=2026-04-15 00:00:00+00:00
[2026-04-14T21:26:12.900+0000] {processor.py:183} INFO - Processing /opt/airflow/dags/talend_dwh_pipeline.py took 0.127 seconds
[2026-04-14T21:26:43.160+0000] {processor.py:161} INFO - Started process (PID=11509) to work on /opt/airflow/dags/talend_dwh_pipeline.py
[2026-04-14T21:26:43.161+0000] {processor.py:830} INFO - Processing file /opt/airflow/dags/talend_dwh_pipeline.py for tasks to queue
[2026-04-14T21:26:43.163+0000] {logging_mixin.py:188} INFO - [2026-04-14T21:26:43.163+0000] {dagbag.py:538} INFO - Filling up the DagBag from /opt/airflow/dags/talend_dwh_pipeline.py
[2026-04-14T21:26:43.197+0000] {processor.py:840} INFO - DAG(s) 'talend_dwh_pipeline' retrieved from /opt/airflow/dags/talend_dwh_pipeline.py
[2026-04-14T21:26:43.230+0000] {logging_mixin.py:188} INFO - [2026-04-14T21:26:43.230+0000] {dag.py:3036} INFO - Sync 1 DAGs
[2026-04-14T21:26:43.260+0000] {logging_mixin.py:188} INFO - [2026-04-14T21:26:43.260+0000] {dag.py:3823} INFO - Setting next_dagrun for talend_dwh_pipeline to 2026-04-14 00:00:00+00:00, run_after=2026-04-15 00:00:00+00:00
[2026-04-14T21:26:43.292+0000] {processor.py:183} INFO - Processing /opt/airflow/dags/talend_dwh_pipeline.py took 0.136 seconds
[2026-04-14T21:27:13.561+0000] {processor.py:161} INFO - Started process (PID=11566) to work on /opt/airflow/dags/talend_dwh_pipeline.py
[2026-04-14T21:27:13.562+0000] {processor.py:830} INFO - Processing file /opt/airflow/dags/talend_dwh_pipeline.py for tasks to queue
[2026-04-14T21:27:13.565+0000] {logging_mixin.py:188} INFO - [2026-04-14T21:27:13.565+0000] {dagbag.py:538} INFO - Filling up the DagBag from /opt/airflow/dags/talend_dwh_pipeline.py
[2026-04-14T21:27:13.599+0000] {processor.py:840} INFO - DAG(s) 'talend_dwh_pipeline' retrieved from /opt/airflow/dags/talend_dwh_pipeline.py
[2026-04-14T21:27:13.634+0000] {logging_mixin.py:188} INFO - [2026-04-14T21:27:13.634+0000] {dag.py:3036} INFO - Sync 1 DAGs
[2026-04-14T21:27:13.676+0000] {logging_mixin.py:188} INFO - [2026-04-14T21:27:13.674+0000] {dag.py:3823} INFO - Setting next_dagrun for talend_dwh_pipeline to 2026-04-14 00:00:00+00:00, run_after=2026-04-15 00:00:00+00:00
[2026-04-14T21:27:13.709+0000] {processor.py:183} INFO - Processing /opt/airflow/dags/talend_dwh_pipeline.py took 0.153 seconds
[2026-04-14T21:27:44.283+0000] {processor.py:161} INFO - Started process (PID=11624) to work on /opt/airflow/dags/talend_dwh_pipeline.py
[2026-04-14T21:27:44.285+0000] {processor.py:830} INFO - Processing file /opt/airflow/dags/talend_dwh_pipeline.py for tasks to queue
[2026-04-14T21:27:44.290+0000] {logging_mixin.py:188} INFO - [2026-04-14T21:27:44.289+0000] {dagbag.py:538} INFO - Filling up the DagBag from /opt/airflow/dags/talend_dwh_pipeline.py
[2026-04-14T21:27:44.324+0000] {processor.py:840} INFO - DAG(s) 'talend_dwh_pipeline' retrieved from /opt/airflow/dags/talend_dwh_pipeline.py
[2026-04-14T21:27:44.363+0000] {logging_mixin.py:188} INFO - [2026-04-14T21:27:44.363+0000] {dag.py:3036} INFO - Sync 1 DAGs
[2026-04-14T21:27:44.410+0000] {logging_mixin.py:188} INFO - [2026-04-14T21:27:44.409+0000] {dag.py:3823} INFO - Setting next_dagrun for talend_dwh_pipeline to 2026-04-14 00:00:00+00:00, run_after=2026-04-15 00:00:00+00:00
[2026-04-14T21:27:44.458+0000] {processor.py:183} INFO - Processing /opt/airflow/dags/talend_dwh_pipeline.py took 0.180 seconds
[2026-04-14T21:28:14.540+0000] {processor.py:161} INFO - Started process (PID=11681) to work on /opt/airflow/dags/talend_dwh_pipeline.py
[2026-04-14T21:28:14.542+0000] {processor.py:830} INFO - Processing file /opt/airflow/dags/talend_dwh_pipeline.py for tasks to queue
[2026-04-14T21:28:14.544+0000] {logging_mixin.py:188} INFO - [2026-04-14T21:28:14.544+0000] {dagbag.py:538} INFO - Filling up the DagBag from /opt/airflow/dags/talend_dwh_pipeline.py
[2026-04-14T21:28:14.569+0000] {processor.py:840} INFO - DAG(s) 'talend_dwh_pipeline' retrieved from /opt/airflow/dags/talend_dwh_pipeline.py
[2026-04-14T21:28:14.596+0000] {logging_mixin.py:188} INFO - [2026-04-14T21:28:14.596+0000] {dag.py:3036} INFO - Sync 1 DAGs
[2026-04-14T21:28:14.625+0000] {logging_mixin.py:188} INFO - [2026-04-14T21:28:14.625+0000] {dag.py:3823} INFO - Setting next_dagrun for talend_dwh_pipeline to 2026-04-14 00:00:00+00:00, run_after=2026-04-15 00:00:00+00:00
[2026-04-14T21:28:14.653+0000] {processor.py:183} INFO - Processing /opt/airflow/dags/talend_dwh_pipeline.py took 0.117 seconds
[2026-04-14T21:28:44.867+0000] {processor.py:161} INFO - Started process (PID=11738) to work on /opt/airflow/dags/talend_dwh_pipeline.py
[2026-04-14T21:28:44.869+0000] {processor.py:830} INFO - Processing file /opt/airflow/dags/talend_dwh_pipeline.py for tasks to queue
[2026-04-14T21:28:44.871+0000] {logging_mixin.py:188} INFO - [2026-04-14T21:28:44.871+0000] {dagbag.py:538} INFO - Filling up the DagBag from /opt/airflow/dags/talend_dwh_pipeline.py
[2026-04-14T21:28:44.900+0000] {processor.py:840} INFO - DAG(s) 'talend_dwh_pipeline' retrieved from /opt/airflow/dags/talend_dwh_pipeline.py
[2026-04-14T21:28:44.926+0000] {logging_mixin.py:188} INFO - [2026-04-14T21:28:44.925+0000] {dag.py:3036} INFO - Sync 1 DAGs
[2026-04-14T21:28:44.950+0000] {logging_mixin.py:188} INFO - [2026-04-14T21:28:44.950+0000] {dag.py:3823} INFO - Setting next_dagrun for talend_dwh_pipeline to 2026-04-14 00:00:00+00:00, run_after=2026-04-15 00:00:00+00:00
[2026-04-14T21:28:44.977+0000] {processor.py:183} INFO - Processing /opt/airflow/dags/talend_dwh_pipeline.py took 0.115 seconds
[2026-04-14T21:29:15.396+0000] {processor.py:161} INFO - Started process (PID=11795) to work on /opt/airflow/dags/talend_dwh_pipeline.py
[2026-04-14T21:29:15.397+0000] {processor.py:830} INFO - Processing file /opt/airflow/dags/talend_dwh_pipeline.py for tasks to queue
[2026-04-14T21:29:15.405+0000] {logging_mixin.py:188} INFO - [2026-04-14T21:29:15.404+0000] {dagbag.py:538} INFO - Filling up the DagBag from /opt/airflow/dags/talend_dwh_pipeline.py
[2026-04-14T21:29:15.439+0000] {processor.py:840} INFO - DAG(s) 'talend_dwh_pipeline' retrieved from /opt/airflow/dags/talend_dwh_pipeline.py
[2026-04-14T21:29:15.476+0000] {logging_mixin.py:188} INFO - [2026-04-14T21:29:15.475+0000] {dag.py:3036} INFO - Sync 1 DAGs
[2026-04-14T21:29:15.515+0000] {logging_mixin.py:188} INFO - [2026-04-14T21:29:15.515+0000] {dag.py:3823} INFO - Setting next_dagrun for talend_dwh_pipeline to 2026-04-14 00:00:00+00:00, run_after=2026-04-15 00:00:00+00:00
[2026-04-14T21:29:15.564+0000] {processor.py:183} INFO - Processing /opt/airflow/dags/talend_dwh_pipeline.py took 0.174 seconds
[2026-04-14T21:29:45.771+0000] {processor.py:161} INFO - Started process (PID=11852) to work on /opt/airflow/dags/talend_dwh_pipeline.py
[2026-04-14T21:29:45.772+0000] {processor.py:830} INFO - Processing file /opt/airflow/dags/talend_dwh_pipeline.py for tasks to queue
[2026-04-14T21:29:45.774+0000] {logging_mixin.py:188} INFO - [2026-04-14T21:29:45.774+0000] {dagbag.py:538} INFO - Filling up the DagBag from /opt/airflow/dags/talend_dwh_pipeline.py
[2026-04-14T21:29:45.796+0000] {processor.py:840} INFO - DAG(s) 'talend_dwh_pipeline' retrieved from /opt/airflow/dags/talend_dwh_pipeline.py
[2026-04-14T21:29:45.818+0000] {logging_mixin.py:188} INFO - [2026-04-14T21:29:45.818+0000] {dag.py:3036} INFO - Sync 1 DAGs
[2026-04-14T21:29:45.840+0000] {logging_mixin.py:188} INFO - [2026-04-14T21:29:45.840+0000] {dag.py:3823} INFO - Setting next_dagrun for talend_dwh_pipeline to 2026-04-14 00:00:00+00:00, run_after=2026-04-15 00:00:00+00:00
[2026-04-14T21:29:45.864+0000] {processor.py:183} INFO - Processing /opt/airflow/dags/talend_dwh_pipeline.py took 0.097 seconds
[2026-04-14T21:30:16.559+0000] {processor.py:161} INFO - Started process (PID=11909) to work on /opt/airflow/dags/talend_dwh_pipeline.py
[2026-04-14T21:30:16.560+0000] {processor.py:830} INFO - Processing file /opt/airflow/dags/talend_dwh_pipeline.py for tasks to queue
[2026-04-14T21:30:16.562+0000] {logging_mixin.py:188} INFO - [2026-04-14T21:30:16.562+0000] {dagbag.py:538} INFO - Filling up the DagBag from /opt/airflow/dags/talend_dwh_pipeline.py
[2026-04-14T21:30:16.584+0000] {processor.py:840} INFO - DAG(s) 'talend_dwh_pipeline' retrieved from /opt/airflow/dags/talend_dwh_pipeline.py
[2026-04-14T21:30:16.615+0000] {logging_mixin.py:188} INFO - [2026-04-14T21:30:16.614+0000] {dag.py:3036} INFO - Sync 1 DAGs
[2026-04-14T21:30:16.644+0000] {logging_mixin.py:188} INFO - [2026-04-14T21:30:16.643+0000] {dag.py:3823} INFO - Setting next_dagrun for talend_dwh_pipeline to 2026-04-14 00:00:00+00:00, run_after=2026-04-15 00:00:00+00:00
[2026-04-14T21:30:16.676+0000] {processor.py:183} INFO - Processing /opt/airflow/dags/talend_dwh_pipeline.py took 0.120 seconds
[2026-04-14T21:30:46.823+0000] {processor.py:161} INFO - Started process (PID=11966) to work on /opt/airflow/dags/talend_dwh_pipeline.py
[2026-04-14T21:30:46.825+0000] {processor.py:830} INFO - Processing file /opt/airflow/dags/talend_dwh_pipeline.py for tasks to queue
[2026-04-14T21:30:46.830+0000] {logging_mixin.py:188} INFO - [2026-04-14T21:30:46.828+0000] {dagbag.py:538} INFO - Filling up the DagBag from /opt/airflow/dags/talend_dwh_pipeline.py
[2026-04-14T21:30:46.867+0000] {processor.py:840} INFO - DAG(s) 'talend_dwh_pipeline' retrieved from /opt/airflow/dags/talend_dwh_pipeline.py
[2026-04-14T21:30:46.902+0000] {logging_mixin.py:188} INFO - [2026-04-14T21:30:46.902+0000] {dag.py:3036} INFO - Sync 1 DAGs
[2026-04-14T21:30:46.926+0000] {logging_mixin.py:188} INFO - [2026-04-14T21:30:46.926+0000] {dag.py:3823} INFO - Setting next_dagrun for talend_dwh_pipeline to 2026-04-14 00:00:00+00:00, run_after=2026-04-15 00:00:00+00:00
[2026-04-14T21:30:46.954+0000] {processor.py:183} INFO - Processing /opt/airflow/dags/talend_dwh_pipeline.py took 0.136 seconds
[2026-04-14T21:31:17.929+0000] {processor.py:161} INFO - Started process (PID=12024) to work on /opt/airflow/dags/talend_dwh_pipeline.py
[2026-04-14T21:31:17.930+0000] {processor.py:830} INFO - Processing file /opt/airflow/dags/talend_dwh_pipeline.py for tasks to queue
[2026-04-14T21:31:17.932+0000] {logging_mixin.py:188} INFO - [2026-04-14T21:31:17.932+0000] {dagbag.py:538} INFO - Filling up the DagBag from /opt/airflow/dags/talend_dwh_pipeline.py
[2026-04-14T21:31:17.953+0000] {processor.py:840} INFO - DAG(s) 'talend_dwh_pipeline' retrieved from /opt/airflow/dags/talend_dwh_pipeline.py
[2026-04-14T21:31:17.975+0000] {logging_mixin.py:188} INFO - [2026-04-14T21:31:17.975+0000] {dag.py:3036} INFO - Sync 1 DAGs
[2026-04-14T21:31:18.000+0000] {logging_mixin.py:188} INFO - [2026-04-14T21:31:17.999+0000] {dag.py:3823} INFO - Setting next_dagrun for talend_dwh_pipeline to 2026-04-14 00:00:00+00:00, run_after=2026-04-15 00:00:00+00:00
[2026-04-14T21:31:18.024+0000] {processor.py:183} INFO - Processing /opt/airflow/dags/talend_dwh_pipeline.py took 0.099 seconds
[2026-04-14T21:31:48.152+0000] {processor.py:161} INFO - Started process (PID=12081) to work on /opt/airflow/dags/talend_dwh_pipeline.py
[2026-04-14T21:31:48.153+0000] {processor.py:830} INFO - Processing file /opt/airflow/dags/talend_dwh_pipeline.py for tasks to queue
[2026-04-14T21:31:48.156+0000] {logging_mixin.py:188} INFO - [2026-04-14T21:31:48.155+0000] {dagbag.py:538} INFO - Filling up the DagBag from /opt/airflow/dags/talend_dwh_pipeline.py
[2026-04-14T21:31:48.180+0000] {processor.py:840} INFO - DAG(s) 'talend_dwh_pipeline' retrieved from /opt/airflow/dags/talend_dwh_pipeline.py
[2026-04-14T21:31:48.208+0000] {logging_mixin.py:188} INFO - [2026-04-14T21:31:48.208+0000] {dag.py:3036} INFO - Sync 1 DAGs
[2026-04-14T21:31:48.247+0000] {logging_mixin.py:188} INFO - [2026-04-14T21:31:48.247+0000] {dag.py:3823} INFO - Setting next_dagrun for talend_dwh_pipeline to 2026-04-14 00:00:00+00:00, run_after=2026-04-15 00:00:00+00:00
[2026-04-14T21:31:48.281+0000] {processor.py:183} INFO - Processing /opt/airflow/dags/talend_dwh_pipeline.py took 0.134 seconds
[2026-04-14T21:32:18.534+0000] {processor.py:161} INFO - Started process (PID=12138) to work on /opt/airflow/dags/talend_dwh_pipeline.py
[2026-04-14T21:32:18.536+0000] {processor.py:830} INFO - Processing file /opt/airflow/dags/talend_dwh_pipeline.py for tasks to queue
[2026-04-14T21:32:18.540+0000] {logging_mixin.py:188} INFO - [2026-04-14T21:32:18.539+0000] {dagbag.py:538} INFO - Filling up the DagBag from /opt/airflow/dags/talend_dwh_pipeline.py
[2026-04-14T21:32:18.576+0000] {processor.py:840} INFO - DAG(s) 'talend_dwh_pipeline' retrieved from /opt/airflow/dags/talend_dwh_pipeline.py
[2026-04-14T21:32:18.608+0000] {logging_mixin.py:188} INFO - [2026-04-14T21:32:18.608+0000] {dag.py:3036} INFO - Sync 1 DAGs
[2026-04-14T21:32:18.639+0000] {logging_mixin.py:188} INFO - [2026-04-14T21:32:18.639+0000] {dag.py:3823} INFO - Setting next_dagrun for talend_dwh_pipeline to 2026-04-14 00:00:00+00:00, run_after=2026-04-15 00:00:00+00:00
[2026-04-14T21:32:18.672+0000] {processor.py:183} INFO - Processing /opt/airflow/dags/talend_dwh_pipeline.py took 0.145 seconds
[2026-04-14T21:32:48.934+0000] {processor.py:161} INFO - Started process (PID=12195) to work on /opt/airflow/dags/talend_dwh_pipeline.py
[2026-04-14T21:32:48.935+0000] {processor.py:830} INFO - Processing file /opt/airflow/dags/talend_dwh_pipeline.py for tasks to queue
[2026-04-14T21:32:48.937+0000] {logging_mixin.py:188} INFO - [2026-04-14T21:32:48.936+0000] {dagbag.py:538} INFO - Filling up the DagBag from /opt/airflow/dags/talend_dwh_pipeline.py
[2026-04-14T21:32:48.957+0000] {processor.py:840} INFO - DAG(s) 'talend_dwh_pipeline' retrieved from /opt/airflow/dags/talend_dwh_pipeline.py
[2026-04-14T21:32:48.980+0000] {logging_mixin.py:188} INFO - [2026-04-14T21:32:48.980+0000] {dag.py:3036} INFO - Sync 1 DAGs
[2026-04-14T21:32:49.008+0000] {logging_mixin.py:188} INFO - [2026-04-14T21:32:49.008+0000] {dag.py:3823} INFO - Setting next_dagrun for talend_dwh_pipeline to 2026-04-14 00:00:00+00:00, run_after=2026-04-15 00:00:00+00:00
[2026-04-14T21:32:49.038+0000] {processor.py:183} INFO - Processing /opt/airflow/dags/talend_dwh_pipeline.py took 0.109 seconds
[2026-04-14T21:33:19.175+0000] {processor.py:161} INFO - Started process (PID=12252) to work on /opt/airflow/dags/talend_dwh_pipeline.py
[2026-04-14T21:33:19.179+0000] {processor.py:830} INFO - Processing file /opt/airflow/dags/talend_dwh_pipeline.py for tasks to queue
[2026-04-14T21:33:19.181+0000] {logging_mixin.py:188} INFO - [2026-04-14T21:33:19.180+0000] {dagbag.py:538} INFO - Filling up the DagBag from /opt/airflow/dags/talend_dwh_pipeline.py
[2026-04-14T21:33:19.202+0000] {processor.py:840} INFO - DAG(s) 'talend_dwh_pipeline' retrieved from /opt/airflow/dags/talend_dwh_pipeline.py
[2026-04-14T21:33:19.225+0000] {logging_mixin.py:188} INFO - [2026-04-14T21:33:19.225+0000] {dag.py:3036} INFO - Sync 1 DAGs
[2026-04-14T21:33:19.250+0000] {logging_mixin.py:188} INFO - [2026-04-14T21:33:19.250+0000] {dag.py:3823} INFO - Setting next_dagrun for talend_dwh_pipeline to 2026-04-14 00:00:00+00:00, run_after=2026-04-15 00:00:00+00:00
[2026-04-14T21:33:19.275+0000] {processor.py:183} INFO - Processing /opt/airflow/dags/talend_dwh_pipeline.py took 0.104 seconds
[2026-04-14T21:33:49.653+0000] {processor.py:161} INFO - Started process (PID=12309) to work on /opt/airflow/dags/talend_dwh_pipeline.py
[2026-04-14T21:33:49.655+0000] {processor.py:830} INFO - Processing file /opt/airflow/dags/talend_dwh_pipeline.py for tasks to queue
[2026-04-14T21:33:49.658+0000] {logging_mixin.py:188} INFO - [2026-04-14T21:33:49.657+0000] {dagbag.py:538} INFO - Filling up the DagBag from /opt/airflow/dags/talend_dwh_pipeline.py
[2026-04-14T21:33:49.689+0000] {processor.py:840} INFO - DAG(s) 'talend_dwh_pipeline' retrieved from /opt/airflow/dags/talend_dwh_pipeline.py
[2026-04-14T21:33:49.716+0000] {logging_mixin.py:188} INFO - [2026-04-14T21:33:49.715+0000] {dag.py:3036} INFO - Sync 1 DAGs
[2026-04-14T21:33:49.741+0000] {logging_mixin.py:188} INFO - [2026-04-14T21:33:49.740+0000] {dag.py:3823} INFO - Setting next_dagrun for talend_dwh_pipeline to 2026-04-14 00:00:00+00:00, run_after=2026-04-15 00:00:00+00:00
[2026-04-14T21:33:49.767+0000] {processor.py:183} INFO - Processing /opt/airflow/dags/talend_dwh_pipeline.py took 0.119 seconds
[2026-04-14T21:34:19.868+0000] {processor.py:161} INFO - Started process (PID=12366) to work on /opt/airflow/dags/talend_dwh_pipeline.py
[2026-04-14T21:34:19.869+0000] {processor.py:830} INFO - Processing file /opt/airflow/dags/talend_dwh_pipeline.py for tasks to queue
[2026-04-14T21:34:19.871+0000] {logging_mixin.py:188} INFO - [2026-04-14T21:34:19.871+0000] {dagbag.py:538} INFO - Filling up the DagBag from /opt/airflow/dags/talend_dwh_pipeline.py
[2026-04-14T21:34:19.892+0000] {processor.py:840} INFO - DAG(s) 'talend_dwh_pipeline' retrieved from /opt/airflow/dags/talend_dwh_pipeline.py
[2026-04-14T21:34:19.916+0000] {logging_mixin.py:188} INFO - [2026-04-14T21:34:19.915+0000] {dag.py:3036} INFO - Sync 1 DAGs
[2026-04-14T21:34:19.940+0000] {logging_mixin.py:188} INFO - [2026-04-14T21:34:19.940+0000] {dag.py:3823} INFO - Setting next_dagrun for talend_dwh_pipeline to 2026-04-14 00:00:00+00:00, run_after=2026-04-15 00:00:00+00:00
[2026-04-14T21:34:19.966+0000] {processor.py:183} INFO - Processing /opt/airflow/dags/talend_dwh_pipeline.py took 0.102 seconds
[2026-04-14T21:34:50.238+0000] {processor.py:161} INFO - Started process (PID=12423) to work on /opt/airflow/dags/talend_dwh_pipeline.py
[2026-04-14T21:34:50.240+0000] {processor.py:830} INFO - Processing file /opt/airflow/dags/talend_dwh_pipeline.py for tasks to queue
[2026-04-14T21:34:50.245+0000] {logging_mixin.py:188} INFO - [2026-04-14T21:34:50.243+0000] {dagbag.py:538} INFO - Filling up the DagBag from /opt/airflow/dags/talend_dwh_pipeline.py
[2026-04-14T21:34:50.271+0000] {processor.py:840} INFO - DAG(s) 'talend_dwh_pipeline' retrieved from /opt/airflow/dags/talend_dwh_pipeline.py
[2026-04-14T21:34:50.303+0000] {logging_mixin.py:188} INFO - [2026-04-14T21:34:50.302+0000] {dag.py:3036} INFO - Sync 1 DAGs
[2026-04-14T21:34:50.334+0000] {logging_mixin.py:188} INFO - [2026-04-14T21:34:50.333+0000] {dag.py:3823} INFO - Setting next_dagrun for talend_dwh_pipeline to 2026-04-14 00:00:00+00:00, run_after=2026-04-15 00:00:00+00:00
[2026-04-14T21:34:50.364+0000] {processor.py:183} INFO - Processing /opt/airflow/dags/talend_dwh_pipeline.py took 0.131 seconds
[2026-04-14T21:35:20.489+0000] {processor.py:161} INFO - Started process (PID=12480) to work on /opt/airflow/dags/talend_dwh_pipeline.py
[2026-04-14T21:35:20.491+0000] {processor.py:830} INFO - Processing file /opt/airflow/dags/talend_dwh_pipeline.py for tasks to queue
[2026-04-14T21:35:20.493+0000] {logging_mixin.py:188} INFO - [2026-04-14T21:35:20.493+0000] {dagbag.py:538} INFO - Filling up the DagBag from /opt/airflow/dags/talend_dwh_pipeline.py
[2026-04-14T21:35:20.512+0000] {processor.py:840} INFO - DAG(s) 'talend_dwh_pipeline' retrieved from /opt/airflow/dags/talend_dwh_pipeline.py
[2026-04-14T21:35:20.533+0000] {logging_mixin.py:188} INFO - [2026-04-14T21:35:20.533+0000] {dag.py:3036} INFO - Sync 1 DAGs
[2026-04-14T21:35:20.556+0000] {logging_mixin.py:188} INFO - [2026-04-14T21:35:20.556+0000] {dag.py:3823} INFO - Setting next_dagrun for talend_dwh_pipeline to 2026-04-14 00:00:00+00:00, run_after=2026-04-15 00:00:00+00:00
[2026-04-14T21:35:20.581+0000] {processor.py:183} INFO - Processing /opt/airflow/dags/talend_dwh_pipeline.py took 0.096 seconds
[2026-04-14T21:35:50.725+0000] {processor.py:161} INFO - Started process (PID=12537) to work on /opt/airflow/dags/talend_dwh_pipeline.py
[2026-04-14T21:35:50.727+0000] {processor.py:830} INFO - Processing file /opt/airflow/dags/talend_dwh_pipeline.py for tasks to queue
[2026-04-14T21:35:50.729+0000] {logging_mixin.py:188} INFO - [2026-04-14T21:35:50.728+0000] {dagbag.py:538} INFO - Filling up the DagBag from /opt/airflow/dags/talend_dwh_pipeline.py
[2026-04-14T21:35:50.751+0000] {processor.py:840} INFO - DAG(s) 'talend_dwh_pipeline' retrieved from /opt/airflow/dags/talend_dwh_pipeline.py
[2026-04-14T21:35:50.776+0000] {logging_mixin.py:188} INFO - [2026-04-14T21:35:50.775+0000] {dag.py:3036} INFO - Sync 1 DAGs
[2026-04-14T21:35:50.802+0000] {logging_mixin.py:188} INFO - [2026-04-14T21:35:50.801+0000] {dag.py:3823} INFO - Setting next_dagrun for talend_dwh_pipeline to 2026-04-14 00:00:00+00:00, run_after=2026-04-15 00:00:00+00:00
[2026-04-14T21:35:50.825+0000] {processor.py:183} INFO - Processing /opt/airflow/dags/talend_dwh_pipeline.py took 0.103 seconds
[2026-04-14T21:36:21.580+0000] {processor.py:161} INFO - Started process (PID=12594) to work on /opt/airflow/dags/talend_dwh_pipeline.py
[2026-04-14T21:36:21.581+0000] {processor.py:830} INFO - Processing file /opt/airflow/dags/talend_dwh_pipeline.py for tasks to queue
[2026-04-14T21:36:21.584+0000] {logging_mixin.py:188} INFO - [2026-04-14T21:36:21.583+0000] {dagbag.py:538} INFO - Filling up the DagBag from /opt/airflow/dags/talend_dwh_pipeline.py
[2026-04-14T21:36:21.610+0000] {processor.py:840} INFO - DAG(s) 'talend_dwh_pipeline' retrieved from /opt/airflow/dags/talend_dwh_pipeline.py
[2026-04-14T21:36:21.636+0000] {logging_mixin.py:188} INFO - [2026-04-14T21:36:21.635+0000] {dag.py:3036} INFO - Sync 1 DAGs
[2026-04-14T21:36:21.660+0000] {logging_mixin.py:188} INFO - [2026-04-14T21:36:21.659+0000] {dag.py:3823} INFO - Setting next_dagrun for talend_dwh_pipeline to 2026-04-14 00:00:00+00:00, run_after=2026-04-15 00:00:00+00:00
[2026-04-14T21:36:21.684+0000] {processor.py:183} INFO - Processing /opt/airflow/dags/talend_dwh_pipeline.py took 0.107 seconds
[2026-04-14T21:36:52.020+0000] {processor.py:161} INFO - Started process (PID=12651) to work on /opt/airflow/dags/talend_dwh_pipeline.py
[2026-04-14T21:36:52.021+0000] {processor.py:830} INFO - Processing file /opt/airflow/dags/talend_dwh_pipeline.py for tasks to queue
[2026-04-14T21:36:52.024+0000] {logging_mixin.py:188} INFO - [2026-04-14T21:36:52.023+0000] {dagbag.py:538} INFO - Filling up the DagBag from /opt/airflow/dags/talend_dwh_pipeline.py
[2026-04-14T21:36:52.045+0000] {processor.py:840} INFO - DAG(s) 'talend_dwh_pipeline' retrieved from /opt/airflow/dags/talend_dwh_pipeline.py
[2026-04-14T21:36:52.068+0000] {logging_mixin.py:188} INFO - [2026-04-14T21:36:52.068+0000] {dag.py:3036} INFO - Sync 1 DAGs
[2026-04-14T21:36:52.096+0000] {logging_mixin.py:188} INFO - [2026-04-14T21:36:52.095+0000] {dag.py:3823} INFO - Setting next_dagrun for talend_dwh_pipeline to 2026-04-14 00:00:00+00:00, run_after=2026-04-15 00:00:00+00:00
[2026-04-14T21:36:52.127+0000] {processor.py:183} INFO - Processing /opt/airflow/dags/talend_dwh_pipeline.py took 0.110 seconds
[2026-04-14T21:37:22.556+0000] {processor.py:161} INFO - Started process (PID=12708) to work on /opt/airflow/dags/talend_dwh_pipeline.py
[2026-04-14T21:37:22.557+0000] {processor.py:830} INFO - Processing file /opt/airflow/dags/talend_dwh_pipeline.py for tasks to queue
[2026-04-14T21:37:22.559+0000] {logging_mixin.py:188} INFO - [2026-04-14T21:37:22.559+0000] {dagbag.py:538} INFO - Filling up the DagBag from /opt/airflow/dags/talend_dwh_pipeline.py
[2026-04-14T21:37:22.587+0000] {processor.py:840} INFO - DAG(s) 'talend_dwh_pipeline' retrieved from /opt/airflow/dags/talend_dwh_pipeline.py
[2026-04-14T21:37:22.613+0000] {logging_mixin.py:188} INFO - [2026-04-14T21:37:22.613+0000] {dag.py:3036} INFO - Sync 1 DAGs
[2026-04-14T21:37:22.635+0000] {logging_mixin.py:188} INFO - [2026-04-14T21:37:22.635+0000] {dag.py:3823} INFO - Setting next_dagrun for talend_dwh_pipeline to 2026-04-14 00:00:00+00:00, run_after=2026-04-15 00:00:00+00:00
[2026-04-14T21:37:22.659+0000] {processor.py:183} INFO - Processing /opt/airflow/dags/talend_dwh_pipeline.py took 0.108 seconds
[2026-04-14T21:37:53.581+0000] {processor.py:161} INFO - Started process (PID=12765) to work on /opt/airflow/dags/talend_dwh_pipeline.py
[2026-04-14T21:37:53.582+0000] {processor.py:830} INFO - Processing file /opt/airflow/dags/talend_dwh_pipeline.py for tasks to queue
[2026-04-14T21:37:53.585+0000] {logging_mixin.py:188} INFO - [2026-04-14T21:37:53.584+0000] {dagbag.py:538} INFO - Filling up the DagBag from /opt/airflow/dags/talend_dwh_pipeline.py
[2026-04-14T21:37:53.611+0000] {processor.py:840} INFO - DAG(s) 'talend_dwh_pipeline' retrieved from /opt/airflow/dags/talend_dwh_pipeline.py
[2026-04-14T21:37:53.641+0000] {logging_mixin.py:188} INFO - [2026-04-14T21:37:53.640+0000] {dag.py:3036} INFO - Sync 1 DAGs
[2026-04-14T21:37:53.668+0000] {logging_mixin.py:188} INFO - [2026-04-14T21:37:53.668+0000] {dag.py:3823} INFO - Setting next_dagrun for talend_dwh_pipeline to 2026-04-14 00:00:00+00:00, run_after=2026-04-15 00:00:00+00:00
[2026-04-14T21:37:53.693+0000] {processor.py:183} INFO - Processing /opt/airflow/dags/talend_dwh_pipeline.py took 0.116 seconds
[2026-04-14T21:38:23.797+0000] {processor.py:161} INFO - Started process (PID=12822) to work on /opt/airflow/dags/talend_dwh_pipeline.py
[2026-04-14T21:38:23.798+0000] {processor.py:830} INFO - Processing file /opt/airflow/dags/talend_dwh_pipeline.py for tasks to queue
[2026-04-14T21:38:23.800+0000] {logging_mixin.py:188} INFO - [2026-04-14T21:38:23.800+0000] {dagbag.py:538} INFO - Filling up the DagBag from /opt/airflow/dags/talend_dwh_pipeline.py
[2026-04-14T21:38:23.829+0000] {processor.py:840} INFO - DAG(s) 'talend_dwh_pipeline' retrieved from /opt/airflow/dags/talend_dwh_pipeline.py
[2026-04-14T21:38:23.862+0000] {logging_mixin.py:188} INFO - [2026-04-14T21:38:23.862+0000] {dag.py:3036} INFO - Sync 1 DAGs
[2026-04-14T21:38:23.890+0000] {logging_mixin.py:188} INFO - [2026-04-14T21:38:23.889+0000] {dag.py:3823} INFO - Setting next_dagrun for talend_dwh_pipeline to 2026-04-14 00:00:00+00:00, run_after=2026-04-15 00:00:00+00:00
[2026-04-14T21:38:23.916+0000] {processor.py:183} INFO - Processing /opt/airflow/dags/talend_dwh_pipeline.py took 0.124 seconds
[2026-04-14T21:38:54.251+0000] {processor.py:161} INFO - Started process (PID=12879) to work on /opt/airflow/dags/talend_dwh_pipeline.py
[2026-04-14T21:38:54.252+0000] {processor.py:830} INFO - Processing file /opt/airflow/dags/talend_dwh_pipeline.py for tasks to queue
[2026-04-14T21:38:54.255+0000] {logging_mixin.py:188} INFO - [2026-04-14T21:38:54.255+0000] {dagbag.py:538} INFO - Filling up the DagBag from /opt/airflow/dags/talend_dwh_pipeline.py
[2026-04-14T21:38:54.277+0000] {processor.py:840} INFO - DAG(s) 'talend_dwh_pipeline' retrieved from /opt/airflow/dags/talend_dwh_pipeline.py
[2026-04-14T21:38:54.305+0000] {logging_mixin.py:188} INFO - [2026-04-14T21:38:54.305+0000] {dag.py:3036} INFO - Sync 1 DAGs
[2026-04-14T21:38:54.333+0000] {logging_mixin.py:188} INFO - [2026-04-14T21:38:54.332+0000] {dag.py:3823} INFO - Setting next_dagrun for talend_dwh_pipeline to 2026-04-14 00:00:00+00:00, run_after=2026-04-15 00:00:00+00:00
[2026-04-14T21:38:54.364+0000] {processor.py:183} INFO - Processing /opt/airflow/dags/talend_dwh_pipeline.py took 0.117 seconds
[2026-04-14T21:39:24.765+0000] {processor.py:161} INFO - Started process (PID=12936) to work on /opt/airflow/dags/talend_dwh_pipeline.py
[2026-04-14T21:39:24.767+0000] {processor.py:830} INFO - Processing file /opt/airflow/dags/talend_dwh_pipeline.py for tasks to queue
[2026-04-14T21:39:24.772+0000] {logging_mixin.py:188} INFO - [2026-04-14T21:39:24.771+0000] {dagbag.py:538} INFO - Filling up the DagBag from /opt/airflow/dags/talend_dwh_pipeline.py
[2026-04-14T21:39:24.808+0000] {processor.py:840} INFO - DAG(s) 'talend_dwh_pipeline' retrieved from /opt/airflow/dags/talend_dwh_pipeline.py
[2026-04-14T21:39:24.845+0000] {logging_mixin.py:188} INFO - [2026-04-14T21:39:24.844+0000] {dag.py:3036} INFO - Sync 1 DAGs
[2026-04-14T21:39:24.879+0000] {logging_mixin.py:188} INFO - [2026-04-14T21:39:24.878+0000] {dag.py:3823} INFO - Setting next_dagrun for talend_dwh_pipeline to 2026-04-14 00:00:00+00:00, run_after=2026-04-15 00:00:00+00:00
[2026-04-14T21:39:24.910+0000] {processor.py:183} INFO - Processing /opt/airflow/dags/talend_dwh_pipeline.py took 0.154 seconds
[2026-04-14T21:39:55.508+0000] {processor.py:161} INFO - Started process (PID=12993) to work on /opt/airflow/dags/talend_dwh_pipeline.py
[2026-04-14T21:39:55.510+0000] {processor.py:830} INFO - Processing file /opt/airflow/dags/talend_dwh_pipeline.py for tasks to queue
[2026-04-14T21:39:55.512+0000] {logging_mixin.py:188} INFO - [2026-04-14T21:39:55.512+0000] {dagbag.py:538} INFO - Filling up the DagBag from /opt/airflow/dags/talend_dwh_pipeline.py
[2026-04-14T21:39:55.540+0000] {processor.py:840} INFO - DAG(s) 'talend_dwh_pipeline' retrieved from /opt/airflow/dags/talend_dwh_pipeline.py
[2026-04-14T21:39:55.570+0000] {logging_mixin.py:188} INFO - [2026-04-14T21:39:55.570+0000] {dag.py:3036} INFO - Sync 1 DAGs
[2026-04-14T21:39:55.599+0000] {logging_mixin.py:188} INFO - [2026-04-14T21:39:55.599+0000] {dag.py:3823} INFO - Setting next_dagrun for talend_dwh_pipeline to 2026-04-14 00:00:00+00:00, run_after=2026-04-15 00:00:00+00:00
[2026-04-14T21:39:55.644+0000] {processor.py:183} INFO - Processing /opt/airflow/dags/talend_dwh_pipeline.py took 0.141 seconds
[2026-04-14T21:40:25.938+0000] {processor.py:161} INFO - Started process (PID=13050) to work on /opt/airflow/dags/talend_dwh_pipeline.py
[2026-04-14T21:40:25.939+0000] {processor.py:830} INFO - Processing file /opt/airflow/dags/talend_dwh_pipeline.py for tasks to queue
[2026-04-14T21:40:25.942+0000] {logging_mixin.py:188} INFO - [2026-04-14T21:40:25.942+0000] {dagbag.py:538} INFO - Filling up the DagBag from /opt/airflow/dags/talend_dwh_pipeline.py
[2026-04-14T21:40:25.967+0000] {processor.py:840} INFO - DAG(s) 'talend_dwh_pipeline' retrieved from /opt/airflow/dags/talend_dwh_pipeline.py
[2026-04-14T21:40:25.995+0000] {logging_mixin.py:188} INFO - [2026-04-14T21:40:25.995+0000] {dag.py:3036} INFO - Sync 1 DAGs
[2026-04-14T21:40:26.030+0000] {logging_mixin.py:188} INFO - [2026-04-14T21:40:26.029+0000] {dag.py:3823} INFO - Setting next_dagrun for talend_dwh_pipeline to 2026-04-14 00:00:00+00:00, run_after=2026-04-15 00:00:00+00:00
[2026-04-14T21:40:26.071+0000] {processor.py:183} INFO - Processing /opt/airflow/dags/talend_dwh_pipeline.py took 0.138 seconds
[2026-04-14T21:40:56.266+0000] {processor.py:161} INFO - Started process (PID=13107) to work on /opt/airflow/dags/talend_dwh_pipeline.py
[2026-04-14T21:40:56.268+0000] {processor.py:830} INFO - Processing file /opt/airflow/dags/talend_dwh_pipeline.py for tasks to queue
[2026-04-14T21:40:56.271+0000] {logging_mixin.py:188} INFO - [2026-04-14T21:40:56.271+0000] {dagbag.py:538} INFO - Filling up the DagBag from /opt/airflow/dags/talend_dwh_pipeline.py
[2026-04-14T21:40:56.297+0000] {processor.py:840} INFO - DAG(s) 'talend_dwh_pipeline' retrieved from /opt/airflow/dags/talend_dwh_pipeline.py
[2026-04-14T21:40:56.322+0000] {logging_mixin.py:188} INFO - [2026-04-14T21:40:56.322+0000] {dag.py:3036} INFO - Sync 1 DAGs
[2026-04-14T21:40:56.348+0000] {logging_mixin.py:188} INFO - [2026-04-14T21:40:56.348+0000] {dag.py:3823} INFO - Setting next_dagrun for talend_dwh_pipeline to 2026-04-14 00:00:00+00:00, run_after=2026-04-15 00:00:00+00:00
[2026-04-14T21:40:56.379+0000] {processor.py:183} INFO - Processing /opt/airflow/dags/talend_dwh_pipeline.py took 0.116 seconds
[2026-04-14T21:41:26.956+0000] {processor.py:161} INFO - Started process (PID=13164) to work on /opt/airflow/dags/talend_dwh_pipeline.py
[2026-04-14T21:41:26.957+0000] {processor.py:830} INFO - Processing file /opt/airflow/dags/talend_dwh_pipeline.py for tasks to queue
[2026-04-14T21:41:26.959+0000] {logging_mixin.py:188} INFO - [2026-04-14T21:41:26.959+0000] {dagbag.py:538} INFO - Filling up the DagBag from /opt/airflow/dags/talend_dwh_pipeline.py
[2026-04-14T21:41:26.994+0000] {processor.py:840} INFO - DAG(s) 'talend_dwh_pipeline' retrieved from /opt/airflow/dags/talend_dwh_pipeline.py
[2026-04-14T21:41:27.027+0000] {logging_mixin.py:188} INFO - [2026-04-14T21:41:27.026+0000] {dag.py:3036} INFO - Sync 1 DAGs
[2026-04-14T21:41:27.056+0000] {logging_mixin.py:188} INFO - [2026-04-14T21:41:27.056+0000] {dag.py:3823} INFO - Setting next_dagrun for talend_dwh_pipeline to 2026-04-14 00:00:00+00:00, run_after=2026-04-15 00:00:00+00:00
[2026-04-14T21:41:27.088+0000] {processor.py:183} INFO - Processing /opt/airflow/dags/talend_dwh_pipeline.py took 0.138 seconds
[2026-04-14T21:41:57.698+0000] {processor.py:161} INFO - Started process (PID=13221) to work on /opt/airflow/dags/talend_dwh_pipeline.py
[2026-04-14T21:41:57.699+0000] {processor.py:830} INFO - Processing file /opt/airflow/dags/talend_dwh_pipeline.py for tasks to queue
[2026-04-14T21:41:57.701+0000] {logging_mixin.py:188} INFO - [2026-04-14T21:41:57.701+0000] {dagbag.py:538} INFO - Filling up the DagBag from /opt/airflow/dags/talend_dwh_pipeline.py
[2026-04-14T21:41:57.723+0000] {processor.py:840} INFO - DAG(s) 'talend_dwh_pipeline' retrieved from /opt/airflow/dags/talend_dwh_pipeline.py
[2026-04-14T21:41:57.747+0000] {logging_mixin.py:188} INFO - [2026-04-14T21:41:57.747+0000] {dag.py:3036} INFO - Sync 1 DAGs
[2026-04-14T21:41:57.769+0000] {logging_mixin.py:188} INFO - [2026-04-14T21:41:57.769+0000] {dag.py:3823} INFO - Setting next_dagrun for talend_dwh_pipeline to 2026-04-14 00:00:00+00:00, run_after=2026-04-15 00:00:00+00:00
[2026-04-14T21:41:57.793+0000] {processor.py:183} INFO - Processing /opt/airflow/dags/talend_dwh_pipeline.py took 0.099 seconds
[2026-04-14T21:42:28.298+0000] {processor.py:161} INFO - Started process (PID=13279) to work on /opt/airflow/dags/talend_dwh_pipeline.py
[2026-04-14T21:42:28.301+0000] {processor.py:830} INFO - Processing file /opt/airflow/dags/talend_dwh_pipeline.py for tasks to queue
[2026-04-14T21:42:28.307+0000] {logging_mixin.py:188} INFO - [2026-04-14T21:42:28.306+0000] {dagbag.py:538} INFO - Filling up the DagBag from /opt/airflow/dags/talend_dwh_pipeline.py
[2026-04-14T21:42:28.334+0000] {processor.py:840} INFO - DAG(s) 'talend_dwh_pipeline' retrieved from /opt/airflow/dags/talend_dwh_pipeline.py
[2026-04-14T21:42:28.359+0000] {logging_mixin.py:188} INFO - [2026-04-14T21:42:28.359+0000] {dag.py:3036} INFO - Sync 1 DAGs
[2026-04-14T21:42:28.396+0000] {logging_mixin.py:188} INFO - [2026-04-14T21:42:28.395+0000] {dag.py:3823} INFO - Setting next_dagrun for talend_dwh_pipeline to 2026-04-14 00:00:00+00:00, run_after=2026-04-15 00:00:00+00:00
[2026-04-14T21:42:28.430+0000] {processor.py:183} INFO - Processing /opt/airflow/dags/talend_dwh_pipeline.py took 0.136 seconds
[2026-04-14T21:42:58.644+0000] {processor.py:161} INFO - Started process (PID=13336) to work on /opt/airflow/dags/talend_dwh_pipeline.py
[2026-04-14T21:42:58.646+0000] {processor.py:830} INFO - Processing file /opt/airflow/dags/talend_dwh_pipeline.py for tasks to queue
[2026-04-14T21:42:58.650+0000] {logging_mixin.py:188} INFO - [2026-04-14T21:42:58.649+0000] {dagbag.py:538} INFO - Filling up the DagBag from /opt/airflow/dags/talend_dwh_pipeline.py
[2026-04-14T21:42:58.692+0000] {processor.py:840} INFO - DAG(s) 'talend_dwh_pipeline' retrieved from /opt/airflow/dags/talend_dwh_pipeline.py
[2026-04-14T21:42:58.752+0000] {logging_mixin.py:188} INFO - [2026-04-14T21:42:58.752+0000] {dag.py:3036} INFO - Sync 1 DAGs
[2026-04-14T21:42:58.790+0000] {logging_mixin.py:188} INFO - [2026-04-14T21:42:58.790+0000] {dag.py:3823} INFO - Setting next_dagrun for talend_dwh_pipeline to 2026-04-14 00:00:00+00:00, run_after=2026-04-15 00:00:00+00:00
[2026-04-14T21:42:58.831+0000] {processor.py:183} INFO - Processing /opt/airflow/dags/talend_dwh_pipeline.py took 0.192 seconds
[2026-04-14T21:43:29.089+0000] {processor.py:161} INFO - Started process (PID=13393) to work on /opt/airflow/dags/talend_dwh_pipeline.py
[2026-04-14T21:43:29.090+0000] {processor.py:830} INFO - Processing file /opt/airflow/dags/talend_dwh_pipeline.py for tasks to queue
[2026-04-14T21:43:29.092+0000] {logging_mixin.py:188} INFO - [2026-04-14T21:43:29.092+0000] {dagbag.py:538} INFO - Filling up the DagBag from /opt/airflow/dags/talend_dwh_pipeline.py
[2026-04-14T21:43:29.117+0000] {processor.py:840} INFO - DAG(s) 'talend_dwh_pipeline' retrieved from /opt/airflow/dags/talend_dwh_pipeline.py
[2026-04-14T21:43:29.146+0000] {logging_mixin.py:188} INFO - [2026-04-14T21:43:29.146+0000] {dag.py:3036} INFO - Sync 1 DAGs
[2026-04-14T21:43:29.175+0000] {logging_mixin.py:188} INFO - [2026-04-14T21:43:29.175+0000] {dag.py:3823} INFO - Setting next_dagrun for talend_dwh_pipeline to 2026-04-14 00:00:00+00:00, run_after=2026-04-15 00:00:00+00:00
[2026-04-14T21:43:29.270+0000] {processor.py:183} INFO - Processing /opt/airflow/dags/talend_dwh_pipeline.py took 0.186 seconds
[2026-04-14T21:43:59.416+0000] {processor.py:161} INFO - Started process (PID=13450) to work on /opt/airflow/dags/talend_dwh_pipeline.py
[2026-04-14T21:43:59.417+0000] {processor.py:830} INFO - Processing file /opt/airflow/dags/talend_dwh_pipeline.py for tasks to queue
[2026-04-14T21:43:59.420+0000] {logging_mixin.py:188} INFO - [2026-04-14T21:43:59.419+0000] {dagbag.py:538} INFO - Filling up the DagBag from /opt/airflow/dags/talend_dwh_pipeline.py
[2026-04-14T21:43:59.444+0000] {processor.py:840} INFO - DAG(s) 'talend_dwh_pipeline' retrieved from /opt/airflow/dags/talend_dwh_pipeline.py
[2026-04-14T21:43:59.466+0000] {logging_mixin.py:188} INFO - [2026-04-14T21:43:59.466+0000] {dag.py:3036} INFO - Sync 1 DAGs
[2026-04-14T21:43:59.491+0000] {logging_mixin.py:188} INFO - [2026-04-14T21:43:59.490+0000] {dag.py:3823} INFO - Setting next_dagrun for talend_dwh_pipeline to 2026-04-14 00:00:00+00:00, run_after=2026-04-15 00:00:00+00:00
[2026-04-14T21:43:59.515+0000] {processor.py:183} INFO - Processing /opt/airflow/dags/talend_dwh_pipeline.py took 0.104 seconds
[2026-04-14T21:44:29.575+0000] {processor.py:161} INFO - Started process (PID=13507) to work on /opt/airflow/dags/talend_dwh_pipeline.py
[2026-04-14T21:44:29.577+0000] {processor.py:830} INFO - Processing file /opt/airflow/dags/talend_dwh_pipeline.py for tasks to queue
[2026-04-14T21:44:29.579+0000] {logging_mixin.py:188} INFO - [2026-04-14T21:44:29.578+0000] {dagbag.py:538} INFO - Filling up the DagBag from /opt/airflow/dags/talend_dwh_pipeline.py
[2026-04-14T21:44:29.610+0000] {processor.py:840} INFO - DAG(s) 'talend_dwh_pipeline' retrieved from /opt/airflow/dags/talend_dwh_pipeline.py
[2026-04-14T21:44:29.634+0000] {logging_mixin.py:188} INFO - [2026-04-14T21:44:29.634+0000] {dag.py:3036} INFO - Sync 1 DAGs
[2026-04-14T21:44:29.661+0000] {logging_mixin.py:188} INFO - [2026-04-14T21:44:29.661+0000] {dag.py:3823} INFO - Setting next_dagrun for talend_dwh_pipeline to 2026-04-14 00:00:00+00:00, run_after=2026-04-15 00:00:00+00:00
[2026-04-14T21:44:29.685+0000] {processor.py:183} INFO - Processing /opt/airflow/dags/talend_dwh_pipeline.py took 0.113 seconds
[2026-04-14T21:45:00.233+0000] {processor.py:161} INFO - Started process (PID=13564) to work on /opt/airflow/dags/talend_dwh_pipeline.py
[2026-04-14T21:45:00.234+0000] {processor.py:830} INFO - Processing file /opt/airflow/dags/talend_dwh_pipeline.py for tasks to queue
[2026-04-14T21:45:00.238+0000] {logging_mixin.py:188} INFO - [2026-04-14T21:45:00.237+0000] {dagbag.py:538} INFO - Filling up the DagBag from /opt/airflow/dags/talend_dwh_pipeline.py
[2026-04-14T21:45:00.271+0000] {processor.py:840} INFO - DAG(s) 'talend_dwh_pipeline' retrieved from /opt/airflow/dags/talend_dwh_pipeline.py
[2026-04-14T21:45:00.304+0000] {logging_mixin.py:188} INFO - [2026-04-14T21:45:00.304+0000] {dag.py:3036} INFO - Sync 1 DAGs
[2026-04-14T21:45:00.335+0000] {logging_mixin.py:188} INFO - [2026-04-14T21:45:00.335+0000] {dag.py:3823} INFO - Setting next_dagrun for talend_dwh_pipeline to 2026-04-14 00:00:00+00:00, run_after=2026-04-15 00:00:00+00:00
[2026-04-14T21:45:00.362+0000] {processor.py:183} INFO - Processing /opt/airflow/dags/talend_dwh_pipeline.py took 0.135 seconds
[2026-04-14T21:45:30.656+0000] {processor.py:161} INFO - Started process (PID=13621) to work on /opt/airflow/dags/talend_dwh_pipeline.py
[2026-04-14T21:45:30.657+0000] {processor.py:830} INFO - Processing file /opt/airflow/dags/talend_dwh_pipeline.py for tasks to queue
[2026-04-14T21:45:30.659+0000] {logging_mixin.py:188} INFO - [2026-04-14T21:45:30.659+0000] {dagbag.py:538} INFO - Filling up the DagBag from /opt/airflow/dags/talend_dwh_pipeline.py
[2026-04-14T21:45:30.680+0000] {processor.py:840} INFO - DAG(s) 'talend_dwh_pipeline' retrieved from /opt/airflow/dags/talend_dwh_pipeline.py
[2026-04-14T21:45:30.712+0000] {logging_mixin.py:188} INFO - [2026-04-14T21:45:30.711+0000] {dag.py:3036} INFO - Sync 1 DAGs
[2026-04-14T21:45:30.748+0000] {logging_mixin.py:188} INFO - [2026-04-14T21:45:30.748+0000] {dag.py:3823} INFO - Setting next_dagrun for talend_dwh_pipeline to 2026-04-14 00:00:00+00:00, run_after=2026-04-15 00:00:00+00:00
[2026-04-14T21:45:30.807+0000] {processor.py:183} INFO - Processing /opt/airflow/dags/talend_dwh_pipeline.py took 0.155 seconds
[2026-04-14T21:46:01.616+0000] {processor.py:161} INFO - Started process (PID=13678) to work on /opt/airflow/dags/talend_dwh_pipeline.py
[2026-04-14T21:46:01.617+0000] {processor.py:830} INFO - Processing file /opt/airflow/dags/talend_dwh_pipeline.py for tasks to queue
[2026-04-14T21:46:01.619+0000] {logging_mixin.py:188} INFO - [2026-04-14T21:46:01.619+0000] {dagbag.py:538} INFO - Filling up the DagBag from /opt/airflow/dags/talend_dwh_pipeline.py
[2026-04-14T21:46:01.644+0000] {processor.py:840} INFO - DAG(s) 'talend_dwh_pipeline' retrieved from /opt/airflow/dags/talend_dwh_pipeline.py
[2026-04-14T21:46:01.673+0000] {logging_mixin.py:188} INFO - [2026-04-14T21:46:01.672+0000] {dag.py:3036} INFO - Sync 1 DAGs
[2026-04-14T21:46:01.700+0000] {logging_mixin.py:188} INFO - [2026-04-14T21:46:01.699+0000] {dag.py:3823} INFO - Setting next_dagrun for talend_dwh_pipeline to 2026-04-14 00:00:00+00:00, run_after=2026-04-15 00:00:00+00:00
[2026-04-14T21:46:01.729+0000] {processor.py:183} INFO - Processing /opt/airflow/dags/talend_dwh_pipeline.py took 0.117 seconds
[2026-04-14T21:46:31.974+0000] {processor.py:161} INFO - Started process (PID=13735) to work on /opt/airflow/dags/talend_dwh_pipeline.py
[2026-04-14T21:46:31.976+0000] {processor.py:830} INFO - Processing file /opt/airflow/dags/talend_dwh_pipeline.py for tasks to queue
[2026-04-14T21:46:31.981+0000] {logging_mixin.py:188} INFO - [2026-04-14T21:46:31.980+0000] {dagbag.py:538} INFO - Filling up the DagBag from /opt/airflow/dags/talend_dwh_pipeline.py
[2026-04-14T21:46:32.033+0000] {processor.py:840} INFO - DAG(s) 'talend_dwh_pipeline' retrieved from /opt/airflow/dags/talend_dwh_pipeline.py
[2026-04-14T21:46:32.084+0000] {logging_mixin.py:188} INFO - [2026-04-14T21:46:32.084+0000] {dag.py:3036} INFO - Sync 1 DAGs
[2026-04-14T21:46:32.140+0000] {logging_mixin.py:188} INFO - [2026-04-14T21:46:32.140+0000] {dag.py:3823} INFO - Setting next_dagrun for talend_dwh_pipeline to 2026-04-14 00:00:00+00:00, run_after=2026-04-15 00:00:00+00:00
[2026-04-14T21:46:32.201+0000] {processor.py:183} INFO - Processing /opt/airflow/dags/talend_dwh_pipeline.py took 0.233 seconds
[2026-04-14T21:47:02.284+0000] {processor.py:161} INFO - Started process (PID=13792) to work on /opt/airflow/dags/talend_dwh_pipeline.py
[2026-04-14T21:47:02.285+0000] {processor.py:830} INFO - Processing file /opt/airflow/dags/talend_dwh_pipeline.py for tasks to queue
[2026-04-14T21:47:02.287+0000] {logging_mixin.py:188} INFO - [2026-04-14T21:47:02.287+0000] {dagbag.py:538} INFO - Filling up the DagBag from /opt/airflow/dags/talend_dwh_pipeline.py
[2026-04-14T21:47:02.311+0000] {processor.py:840} INFO - DAG(s) 'talend_dwh_pipeline' retrieved from /opt/airflow/dags/talend_dwh_pipeline.py
[2026-04-14T21:47:02.340+0000] {logging_mixin.py:188} INFO - [2026-04-14T21:47:02.340+0000] {dag.py:3036} INFO - Sync 1 DAGs
[2026-04-14T21:47:02.371+0000] {logging_mixin.py:188} INFO - [2026-04-14T21:47:02.370+0000] {dag.py:3823} INFO - Setting next_dagrun for talend_dwh_pipeline to 2026-04-14 00:00:00+00:00, run_after=2026-04-15 00:00:00+00:00
[2026-04-14T21:47:02.401+0000] {processor.py:183} INFO - Processing /opt/airflow/dags/talend_dwh_pipeline.py took 0.121 seconds
[2026-04-14T21:47:32.561+0000] {processor.py:161} INFO - Started process (PID=13849) to work on /opt/airflow/dags/talend_dwh_pipeline.py
[2026-04-14T21:47:32.563+0000] {processor.py:830} INFO - Processing file /opt/airflow/dags/talend_dwh_pipeline.py for tasks to queue
[2026-04-14T21:47:32.566+0000] {logging_mixin.py:188} INFO - [2026-04-14T21:47:32.566+0000] {dagbag.py:538} INFO - Filling up the DagBag from /opt/airflow/dags/talend_dwh_pipeline.py
[2026-04-14T21:47:32.619+0000] {processor.py:840} INFO - DAG(s) 'talend_dwh_pipeline' retrieved from /opt/airflow/dags/talend_dwh_pipeline.py
[2026-04-14T21:47:32.673+0000] {logging_mixin.py:188} INFO - [2026-04-14T21:47:32.672+0000] {dag.py:3036} INFO - Sync 1 DAGs
[2026-04-14T21:47:32.720+0000] {logging_mixin.py:188} INFO - [2026-04-14T21:47:32.720+0000] {dag.py:3823} INFO - Setting next_dagrun for talend_dwh_pipeline to 2026-04-14 00:00:00+00:00, run_after=2026-04-15 00:00:00+00:00
[2026-04-14T21:47:32.754+0000] {processor.py:183} INFO - Processing /opt/airflow/dags/talend_dwh_pipeline.py took 0.203 seconds
[2026-04-14T21:48:02.927+0000] {processor.py:161} INFO - Started process (PID=13907) to work on /opt/airflow/dags/talend_dwh_pipeline.py
[2026-04-14T21:48:02.928+0000] {processor.py:830} INFO - Processing file /opt/airflow/dags/talend_dwh_pipeline.py for tasks to queue
[2026-04-14T21:48:02.931+0000] {logging_mixin.py:188} INFO - [2026-04-14T21:48:02.930+0000] {dagbag.py:538} INFO - Filling up the DagBag from /opt/airflow/dags/talend_dwh_pipeline.py
[2026-04-14T21:48:02.953+0000] {processor.py:840} INFO - DAG(s) 'talend_dwh_pipeline' retrieved from /opt/airflow/dags/talend_dwh_pipeline.py
[2026-04-14T21:48:02.978+0000] {logging_mixin.py:188} INFO - [2026-04-14T21:48:02.978+0000] {dag.py:3036} INFO - Sync 1 DAGs
[2026-04-14T21:48:03.009+0000] {logging_mixin.py:188} INFO - [2026-04-14T21:48:03.009+0000] {dag.py:3823} INFO - Setting next_dagrun for talend_dwh_pipeline to 2026-04-14 00:00:00+00:00, run_after=2026-04-15 00:00:00+00:00
[2026-04-14T21:48:03.033+0000] {processor.py:183} INFO - Processing /opt/airflow/dags/talend_dwh_pipeline.py took 0.110 seconds
[2026-04-14T21:48:33.140+0000] {processor.py:161} INFO - Started process (PID=13963) to work on /opt/airflow/dags/talend_dwh_pipeline.py
[2026-04-14T21:48:33.142+0000] {processor.py:830} INFO - Processing file /opt/airflow/dags/talend_dwh_pipeline.py for tasks to queue
[2026-04-14T21:48:33.146+0000] {logging_mixin.py:188} INFO - [2026-04-14T21:48:33.145+0000] {dagbag.py:538} INFO - Filling up the DagBag from /opt/airflow/dags/talend_dwh_pipeline.py
[2026-04-14T21:48:33.185+0000] {processor.py:840} INFO - DAG(s) 'talend_dwh_pipeline' retrieved from /opt/airflow/dags/talend_dwh_pipeline.py
[2026-04-14T21:48:33.221+0000] {logging_mixin.py:188} INFO - [2026-04-14T21:48:33.220+0000] {dag.py:3036} INFO - Sync 1 DAGs
[2026-04-14T21:48:33.257+0000] {logging_mixin.py:188} INFO - [2026-04-14T21:48:33.256+0000] {dag.py:3823} INFO - Setting next_dagrun for talend_dwh_pipeline to 2026-04-14 00:00:00+00:00, run_after=2026-04-15 00:00:00+00:00
[2026-04-14T21:48:33.341+0000] {processor.py:183} INFO - Processing /opt/airflow/dags/talend_dwh_pipeline.py took 0.207 seconds
[2026-04-14T21:49:04.158+0000] {processor.py:161} INFO - Started process (PID=14020) to work on /opt/airflow/dags/talend_dwh_pipeline.py
[2026-04-14T21:49:04.159+0000] {processor.py:830} INFO - Processing file /opt/airflow/dags/talend_dwh_pipeline.py for tasks to queue
[2026-04-14T21:49:04.162+0000] {logging_mixin.py:188} INFO - [2026-04-14T21:49:04.161+0000] {dagbag.py:538} INFO - Filling up the DagBag from /opt/airflow/dags/talend_dwh_pipeline.py
[2026-04-14T21:49:04.184+0000] {processor.py:840} INFO - DAG(s) 'talend_dwh_pipeline' retrieved from /opt/airflow/dags/talend_dwh_pipeline.py
[2026-04-14T21:49:04.213+0000] {logging_mixin.py:188} INFO - [2026-04-14T21:49:04.213+0000] {dag.py:3036} INFO - Sync 1 DAGs
[2026-04-14T21:49:04.237+0000] {logging_mixin.py:188} INFO - [2026-04-14T21:49:04.237+0000] {dag.py:3823} INFO - Setting next_dagrun for talend_dwh_pipeline to 2026-04-14 00:00:00+00:00, run_after=2026-04-15 00:00:00+00:00
[2026-04-14T21:49:05.276+0000] {processor.py:183} INFO - Processing /opt/airflow/dags/talend_dwh_pipeline.py took 1.122 seconds
[2026-04-14T21:49:36.078+0000] {processor.py:161} INFO - Started process (PID=14077) to work on /opt/airflow/dags/talend_dwh_pipeline.py
[2026-04-14T21:49:36.080+0000] {processor.py:830} INFO - Processing file /opt/airflow/dags/talend_dwh_pipeline.py for tasks to queue
[2026-04-14T21:49:36.083+0000] {logging_mixin.py:188} INFO - [2026-04-14T21:49:36.083+0000] {dagbag.py:538} INFO - Filling up the DagBag from /opt/airflow/dags/talend_dwh_pipeline.py
[2026-04-14T21:49:36.126+0000] {processor.py:840} INFO - DAG(s) 'talend_dwh_pipeline' retrieved from /opt/airflow/dags/talend_dwh_pipeline.py
[2026-04-14T21:49:36.175+0000] {logging_mixin.py:188} INFO - [2026-04-14T21:49:36.173+0000] {dag.py:3036} INFO - Sync 1 DAGs
[2026-04-14T21:49:36.221+0000] {logging_mixin.py:188} INFO - [2026-04-14T21:49:36.220+0000] {dag.py:3823} INFO - Setting next_dagrun for talend_dwh_pipeline to 2026-04-14 00:00:00+00:00, run_after=2026-04-15 00:00:00+00:00
[2026-04-14T21:49:36.300+0000] {processor.py:183} INFO - Processing /opt/airflow/dags/talend_dwh_pipeline.py took 0.228 seconds
[2026-04-14T21:50:08.947+0000] {processor.py:161} INFO - Started process (PID=14131) to work on /opt/airflow/dags/talend_dwh_pipeline.py
[2026-04-14T21:50:08.948+0000] {processor.py:830} INFO - Processing file /opt/airflow/dags/talend_dwh_pipeline.py for tasks to queue
[2026-04-14T21:50:08.952+0000] {logging_mixin.py:188} INFO - [2026-04-14T21:50:08.951+0000] {dagbag.py:538} INFO - Filling up the DagBag from /opt/airflow/dags/talend_dwh_pipeline.py
[2026-04-14T21:50:09.017+0000] {processor.py:840} INFO - DAG(s) 'talend_dwh_pipeline' retrieved from /opt/airflow/dags/talend_dwh_pipeline.py
[2026-04-14T21:50:09.051+0000] {logging_mixin.py:188} INFO - [2026-04-14T21:50:09.050+0000] {dag.py:3036} INFO - Sync 1 DAGs
[2026-04-14T21:50:09.074+0000] {logging_mixin.py:188} INFO - [2026-04-14T21:50:09.074+0000] {dag.py:3823} INFO - Setting next_dagrun for talend_dwh_pipeline to 2026-04-14 00:00:00+00:00, run_after=2026-04-15 00:00:00+00:00
[2026-04-14T21:50:09.102+0000] {processor.py:183} INFO - Processing /opt/airflow/dags/talend_dwh_pipeline.py took 0.161 seconds
[2026-04-14T21:50:39.468+0000] {processor.py:161} INFO - Started process (PID=14183) to work on /opt/airflow/dags/talend_dwh_pipeline.py
[2026-04-14T21:50:39.470+0000] {processor.py:830} INFO - Processing file /opt/airflow/dags/talend_dwh_pipeline.py for tasks to queue
[2026-04-14T21:50:39.474+0000] {logging_mixin.py:188} INFO - [2026-04-14T21:50:39.473+0000] {dagbag.py:538} INFO - Filling up the DagBag from /opt/airflow/dags/talend_dwh_pipeline.py
[2026-04-14T21:50:39.499+0000] {processor.py:840} INFO - DAG(s) 'talend_dwh_pipeline' retrieved from /opt/airflow/dags/talend_dwh_pipeline.py
[2026-04-14T21:50:39.528+0000] {logging_mixin.py:188} INFO - [2026-04-14T21:50:39.527+0000] {dag.py:3036} INFO - Sync 1 DAGs
[2026-04-14T21:50:39.554+0000] {logging_mixin.py:188} INFO - [2026-04-14T21:50:39.553+0000] {dag.py:3823} INFO - Setting next_dagrun for talend_dwh_pipeline to 2026-04-14 00:00:00+00:00, run_after=2026-04-15 00:00:00+00:00
[2026-04-14T21:50:39.579+0000] {processor.py:183} INFO - Processing /opt/airflow/dags/talend_dwh_pipeline.py took 0.118 seconds
[2026-04-14T21:51:09.645+0000] {processor.py:161} INFO - Started process (PID=14240) to work on /opt/airflow/dags/talend_dwh_pipeline.py
[2026-04-14T21:51:09.646+0000] {processor.py:830} INFO - Processing file /opt/airflow/dags/talend_dwh_pipeline.py for tasks to queue
[2026-04-14T21:51:09.648+0000] {logging_mixin.py:188} INFO - [2026-04-14T21:51:09.648+0000] {dagbag.py:538} INFO - Filling up the DagBag from /opt/airflow/dags/talend_dwh_pipeline.py
[2026-04-14T21:51:09.671+0000] {processor.py:840} INFO - DAG(s) 'talend_dwh_pipeline' retrieved from /opt/airflow/dags/talend_dwh_pipeline.py
[2026-04-14T21:51:09.697+0000] {logging_mixin.py:188} INFO - [2026-04-14T21:51:09.697+0000] {dag.py:3036} INFO - Sync 1 DAGs
[2026-04-14T21:51:09.726+0000] {logging_mixin.py:188} INFO - [2026-04-14T21:51:09.726+0000] {dag.py:3823} INFO - Setting next_dagrun for talend_dwh_pipeline to 2026-04-14 00:00:00+00:00, run_after=2026-04-15 00:00:00+00:00
[2026-04-14T21:51:09.754+0000] {processor.py:183} INFO - Processing /opt/airflow/dags/talend_dwh_pipeline.py took 0.113 seconds
[2026-04-14T21:51:40.053+0000] {processor.py:161} INFO - Started process (PID=14297) to work on /opt/airflow/dags/talend_dwh_pipeline.py
[2026-04-14T21:51:40.054+0000] {processor.py:830} INFO - Processing file /opt/airflow/dags/talend_dwh_pipeline.py for tasks to queue
[2026-04-14T21:51:40.058+0000] {logging_mixin.py:188} INFO - [2026-04-14T21:51:40.058+0000] {dagbag.py:538} INFO - Filling up the DagBag from /opt/airflow/dags/talend_dwh_pipeline.py
[2026-04-14T21:51:40.088+0000] {processor.py:840} INFO - DAG(s) 'talend_dwh_pipeline' retrieved from /opt/airflow/dags/talend_dwh_pipeline.py
[2026-04-14T21:51:40.115+0000] {logging_mixin.py:188} INFO - [2026-04-14T21:51:40.115+0000] {dag.py:3036} INFO - Sync 1 DAGs
[2026-04-14T21:51:40.142+0000] {logging_mixin.py:188} INFO - [2026-04-14T21:51:40.142+0000] {dag.py:3823} INFO - Setting next_dagrun for talend_dwh_pipeline to 2026-04-14 00:00:00+00:00, run_after=2026-04-15 00:00:00+00:00
[2026-04-14T21:51:40.167+0000] {processor.py:183} INFO - Processing /opt/airflow/dags/talend_dwh_pipeline.py took 0.118 seconds
[2026-04-14T21:52:11.044+0000] {processor.py:161} INFO - Started process (PID=14354) to work on /opt/airflow/dags/talend_dwh_pipeline.py
[2026-04-14T21:52:11.046+0000] {processor.py:830} INFO - Processing file /opt/airflow/dags/talend_dwh_pipeline.py for tasks to queue
[2026-04-14T21:52:11.048+0000] {logging_mixin.py:188} INFO - [2026-04-14T21:52:11.048+0000] {dagbag.py:538} INFO - Filling up the DagBag from /opt/airflow/dags/talend_dwh_pipeline.py
[2026-04-14T21:52:11.069+0000] {processor.py:840} INFO - DAG(s) 'talend_dwh_pipeline' retrieved from /opt/airflow/dags/talend_dwh_pipeline.py
[2026-04-14T21:52:11.094+0000] {logging_mixin.py:188} INFO - [2026-04-14T21:52:11.094+0000] {dag.py:3036} INFO - Sync 1 DAGs
[2026-04-14T21:52:11.123+0000] {logging_mixin.py:188} INFO - [2026-04-14T21:52:11.123+0000] {dag.py:3823} INFO - Setting next_dagrun for talend_dwh_pipeline to 2026-04-14 00:00:00+00:00, run_after=2026-04-15 00:00:00+00:00
[2026-04-14T21:52:11.149+0000] {processor.py:183} INFO - Processing /opt/airflow/dags/talend_dwh_pipeline.py took 0.108 seconds
[2026-04-14T21:52:41.590+0000] {processor.py:161} INFO - Started process (PID=14411) to work on /opt/airflow/dags/talend_dwh_pipeline.py
[2026-04-14T21:52:41.591+0000] {processor.py:830} INFO - Processing file /opt/airflow/dags/talend_dwh_pipeline.py for tasks to queue
[2026-04-14T21:52:41.593+0000] {logging_mixin.py:188} INFO - [2026-04-14T21:52:41.593+0000] {dagbag.py:538} INFO - Filling up the DagBag from /opt/airflow/dags/talend_dwh_pipeline.py
[2026-04-14T21:52:41.616+0000] {processor.py:840} INFO - DAG(s) 'talend_dwh_pipeline' retrieved from /opt/airflow/dags/talend_dwh_pipeline.py
[2026-04-14T21:52:41.643+0000] {logging_mixin.py:188} INFO - [2026-04-14T21:52:41.642+0000] {dag.py:3036} INFO - Sync 1 DAGs
[2026-04-14T21:52:41.672+0000] {logging_mixin.py:188} INFO - [2026-04-14T21:52:41.672+0000] {dag.py:3823} INFO - Setting next_dagrun for talend_dwh_pipeline to 2026-04-14 00:00:00+00:00, run_after=2026-04-15 00:00:00+00:00
[2026-04-14T21:52:41.699+0000] {processor.py:183} INFO - Processing /opt/airflow/dags/talend_dwh_pipeline.py took 0.115 seconds
[2026-04-14T21:53:12.170+0000] {processor.py:161} INFO - Started process (PID=14469) to work on /opt/airflow/dags/talend_dwh_pipeline.py
[2026-04-14T21:53:12.171+0000] {processor.py:830} INFO - Processing file /opt/airflow/dags/talend_dwh_pipeline.py for tasks to queue
[2026-04-14T21:53:12.174+0000] {logging_mixin.py:188} INFO - [2026-04-14T21:53:12.173+0000] {dagbag.py:538} INFO - Filling up the DagBag from /opt/airflow/dags/talend_dwh_pipeline.py
[2026-04-14T21:53:12.193+0000] {processor.py:840} INFO - DAG(s) 'talend_dwh_pipeline' retrieved from /opt/airflow/dags/talend_dwh_pipeline.py
[2026-04-14T21:53:12.215+0000] {logging_mixin.py:188} INFO - [2026-04-14T21:53:12.215+0000] {dag.py:3036} INFO - Sync 1 DAGs
[2026-04-14T21:53:12.238+0000] {logging_mixin.py:188} INFO - [2026-04-14T21:53:12.238+0000] {dag.py:3823} INFO - Setting next_dagrun for talend_dwh_pipeline to 2026-04-14 00:00:00+00:00, run_after=2026-04-15 00:00:00+00:00
[2026-04-14T21:53:12.262+0000] {processor.py:183} INFO - Processing /opt/airflow/dags/talend_dwh_pipeline.py took 0.096 seconds
[2026-04-14T21:53:42.360+0000] {processor.py:161} INFO - Started process (PID=14526) to work on /opt/airflow/dags/talend_dwh_pipeline.py
[2026-04-14T21:53:42.364+0000] {processor.py:830} INFO - Processing file /opt/airflow/dags/talend_dwh_pipeline.py for tasks to queue
[2026-04-14T21:53:42.367+0000] {logging_mixin.py:188} INFO - [2026-04-14T21:53:42.366+0000] {dagbag.py:538} INFO - Filling up the DagBag from /opt/airflow/dags/talend_dwh_pipeline.py
[2026-04-14T21:53:42.389+0000] {processor.py:840} INFO - DAG(s) 'talend_dwh_pipeline' retrieved from /opt/airflow/dags/talend_dwh_pipeline.py
[2026-04-14T21:53:42.415+0000] {logging_mixin.py:188} INFO - [2026-04-14T21:53:42.415+0000] {dag.py:3036} INFO - Sync 1 DAGs
[2026-04-14T21:53:42.443+0000] {logging_mixin.py:188} INFO - [2026-04-14T21:53:42.443+0000] {dag.py:3823} INFO - Setting next_dagrun for talend_dwh_pipeline to 2026-04-14 00:00:00+00:00, run_after=2026-04-15 00:00:00+00:00
[2026-04-14T21:53:42.469+0000] {processor.py:183} INFO - Processing /opt/airflow/dags/talend_dwh_pipeline.py took 0.114 seconds
[2026-04-14T21:54:13.086+0000] {processor.py:161} INFO - Started process (PID=14583) to work on /opt/airflow/dags/talend_dwh_pipeline.py
[2026-04-14T21:54:13.088+0000] {processor.py:830} INFO - Processing file /opt/airflow/dags/talend_dwh_pipeline.py for tasks to queue
[2026-04-14T21:54:13.095+0000] {logging_mixin.py:188} INFO - [2026-04-14T21:54:13.093+0000] {dagbag.py:538} INFO - Filling up the DagBag from /opt/airflow/dags/talend_dwh_pipeline.py
[2026-04-14T21:54:13.133+0000] {processor.py:840} INFO - DAG(s) 'talend_dwh_pipeline' retrieved from /opt/airflow/dags/talend_dwh_pipeline.py
[2026-04-14T21:54:13.174+0000] {logging_mixin.py:188} INFO - [2026-04-14T21:54:13.173+0000] {dag.py:3036} INFO - Sync 1 DAGs
[2026-04-14T21:54:13.214+0000] {logging_mixin.py:188} INFO - [2026-04-14T21:54:13.213+0000] {dag.py:3823} INFO - Setting next_dagrun for talend_dwh_pipeline to 2026-04-14 00:00:00+00:00, run_after=2026-04-15 00:00:00+00:00
[2026-04-14T21:54:13.254+0000] {processor.py:183} INFO - Processing /opt/airflow/dags/talend_dwh_pipeline.py took 0.175 seconds
[2026-04-14T21:54:43.332+0000] {processor.py:161} INFO - Started process (PID=14641) to work on /opt/airflow/dags/talend_dwh_pipeline.py
[2026-04-14T21:54:43.333+0000] {processor.py:830} INFO - Processing file /opt/airflow/dags/talend_dwh_pipeline.py for tasks to queue
[2026-04-14T21:54:43.335+0000] {logging_mixin.py:188} INFO - [2026-04-14T21:54:43.335+0000] {dagbag.py:538} INFO - Filling up the DagBag from /opt/airflow/dags/talend_dwh_pipeline.py
[2026-04-14T21:54:43.361+0000] {processor.py:840} INFO - DAG(s) 'talend_dwh_pipeline' retrieved from /opt/airflow/dags/talend_dwh_pipeline.py
[2026-04-14T21:54:43.391+0000] {logging_mixin.py:188} INFO - [2026-04-14T21:54:43.390+0000] {dag.py:3036} INFO - Sync 1 DAGs
[2026-04-14T21:54:43.416+0000] {logging_mixin.py:188} INFO - [2026-04-14T21:54:43.416+0000] {dag.py:3823} INFO - Setting next_dagrun for talend_dwh_pipeline to 2026-04-14 00:00:00+00:00, run_after=2026-04-15 00:00:00+00:00
[2026-04-14T21:54:43.442+0000] {processor.py:183} INFO - Processing /opt/airflow/dags/talend_dwh_pipeline.py took 0.114 seconds
[2026-04-14T21:55:13.772+0000] {processor.py:161} INFO - Started process (PID=14698) to work on /opt/airflow/dags/talend_dwh_pipeline.py
[2026-04-14T21:55:13.773+0000] {processor.py:830} INFO - Processing file /opt/airflow/dags/talend_dwh_pipeline.py for tasks to queue
[2026-04-14T21:55:13.775+0000] {logging_mixin.py:188} INFO - [2026-04-14T21:55:13.775+0000] {dagbag.py:538} INFO - Filling up the DagBag from /opt/airflow/dags/talend_dwh_pipeline.py
[2026-04-14T21:55:13.798+0000] {processor.py:840} INFO - DAG(s) 'talend_dwh_pipeline' retrieved from /opt/airflow/dags/talend_dwh_pipeline.py
[2026-04-14T21:55:13.822+0000] {logging_mixin.py:188} INFO - [2026-04-14T21:55:13.822+0000] {dag.py:3036} INFO - Sync 1 DAGs
[2026-04-14T21:55:13.852+0000] {logging_mixin.py:188} INFO - [2026-04-14T21:55:13.852+0000] {dag.py:3823} INFO - Setting next_dagrun for talend_dwh_pipeline to 2026-04-14 00:00:00+00:00, run_after=2026-04-15 00:00:00+00:00
[2026-04-14T21:55:13.879+0000] {processor.py:183} INFO - Processing /opt/airflow/dags/talend_dwh_pipeline.py took 0.111 seconds
[2026-04-14T21:55:44.148+0000] {processor.py:161} INFO - Started process (PID=14762) to work on /opt/airflow/dags/talend_dwh_pipeline.py
[2026-04-14T21:55:44.149+0000] {processor.py:830} INFO - Processing file /opt/airflow/dags/talend_dwh_pipeline.py for tasks to queue
[2026-04-14T21:55:44.151+0000] {logging_mixin.py:188} INFO - [2026-04-14T21:55:44.151+0000] {dagbag.py:538} INFO - Filling up the DagBag from /opt/airflow/dags/talend_dwh_pipeline.py
[2026-04-14T21:55:44.171+0000] {processor.py:840} INFO - DAG(s) 'talend_dwh_pipeline' retrieved from /opt/airflow/dags/talend_dwh_pipeline.py
[2026-04-14T21:55:44.197+0000] {logging_mixin.py:188} INFO - [2026-04-14T21:55:44.197+0000] {dag.py:3036} INFO - Sync 1 DAGs
[2026-04-14T21:55:44.220+0000] {logging_mixin.py:188} INFO - [2026-04-14T21:55:44.220+0000] {dag.py:3823} INFO - Setting next_dagrun for talend_dwh_pipeline to 2026-04-14 00:00:00+00:00, run_after=2026-04-15 00:00:00+00:00
[2026-04-14T21:55:44.244+0000] {processor.py:183} INFO - Processing /opt/airflow/dags/talend_dwh_pipeline.py took 0.100 seconds
[2026-04-14T21:56:15.107+0000] {processor.py:161} INFO - Started process (PID=14819) to work on /opt/airflow/dags/talend_dwh_pipeline.py
[2026-04-14T21:56:15.108+0000] {processor.py:830} INFO - Processing file /opt/airflow/dags/talend_dwh_pipeline.py for tasks to queue
[2026-04-14T21:56:15.111+0000] {logging_mixin.py:188} INFO - [2026-04-14T21:56:15.110+0000] {dagbag.py:538} INFO - Filling up the DagBag from /opt/airflow/dags/talend_dwh_pipeline.py
[2026-04-14T21:56:15.137+0000] {processor.py:840} INFO - DAG(s) 'talend_dwh_pipeline' retrieved from /opt/airflow/dags/talend_dwh_pipeline.py
[2026-04-14T21:56:15.166+0000] {logging_mixin.py:188} INFO - [2026-04-14T21:56:15.165+0000] {dag.py:3036} INFO - Sync 1 DAGs
[2026-04-14T21:56:15.193+0000] {logging_mixin.py:188} INFO - [2026-04-14T21:56:15.193+0000] {dag.py:3823} INFO - Setting next_dagrun for talend_dwh_pipeline to 2026-04-14 00:00:00+00:00, run_after=2026-04-15 00:00:00+00:00
[2026-04-14T21:56:15.224+0000] {processor.py:183} INFO - Processing /opt/airflow/dags/talend_dwh_pipeline.py took 0.123 seconds
[2026-04-14T21:56:45.657+0000] {processor.py:161} INFO - Started process (PID=14876) to work on /opt/airflow/dags/talend_dwh_pipeline.py
[2026-04-14T21:56:45.658+0000] {processor.py:830} INFO - Processing file /opt/airflow/dags/talend_dwh_pipeline.py for tasks to queue
[2026-04-14T21:56:45.660+0000] {logging_mixin.py:188} INFO - [2026-04-14T21:56:45.660+0000] {dagbag.py:538} INFO - Filling up the DagBag from /opt/airflow/dags/talend_dwh_pipeline.py
[2026-04-14T21:56:45.684+0000] {processor.py:840} INFO - DAG(s) 'talend_dwh_pipeline' retrieved from /opt/airflow/dags/talend_dwh_pipeline.py
[2026-04-14T21:56:45.710+0000] {logging_mixin.py:188} INFO - [2026-04-14T21:56:45.709+0000] {dag.py:3036} INFO - Sync 1 DAGs
[2026-04-14T21:56:45.733+0000] {logging_mixin.py:188} INFO - [2026-04-14T21:56:45.733+0000] {dag.py:3823} INFO - Setting next_dagrun for talend_dwh_pipeline to 2026-04-14 00:00:00+00:00, run_after=2026-04-15 00:00:00+00:00
[2026-04-14T21:56:45.774+0000] {processor.py:183} INFO - Processing /opt/airflow/dags/talend_dwh_pipeline.py took 0.121 seconds
[2026-04-14T21:57:15.906+0000] {processor.py:161} INFO - Started process (PID=14933) to work on /opt/airflow/dags/talend_dwh_pipeline.py
[2026-04-14T21:57:15.907+0000] {processor.py:830} INFO - Processing file /opt/airflow/dags/talend_dwh_pipeline.py for tasks to queue
[2026-04-14T21:57:15.910+0000] {logging_mixin.py:188} INFO - [2026-04-14T21:57:15.910+0000] {dagbag.py:538} INFO - Filling up the DagBag from /opt/airflow/dags/talend_dwh_pipeline.py
[2026-04-14T21:57:15.943+0000] {processor.py:840} INFO - DAG(s) 'talend_dwh_pipeline' retrieved from /opt/airflow/dags/talend_dwh_pipeline.py
[2026-04-14T21:57:15.979+0000] {logging_mixin.py:188} INFO - [2026-04-14T21:57:15.979+0000] {dag.py:3036} INFO - Sync 1 DAGs
[2026-04-14T21:57:16.006+0000] {logging_mixin.py:188} INFO - [2026-04-14T21:57:16.005+0000] {dag.py:3823} INFO - Setting next_dagrun for talend_dwh_pipeline to 2026-04-14 00:00:00+00:00, run_after=2026-04-15 00:00:00+00:00
[2026-04-14T21:57:16.028+0000] {processor.py:183} INFO - Processing /opt/airflow/dags/talend_dwh_pipeline.py took 0.128 seconds
[2026-04-14T21:57:46.578+0000] {processor.py:161} INFO - Started process (PID=14988) to work on /opt/airflow/dags/talend_dwh_pipeline.py
[2026-04-14T21:57:46.580+0000] {processor.py:830} INFO - Processing file /opt/airflow/dags/talend_dwh_pipeline.py for tasks to queue
[2026-04-14T21:57:46.583+0000] {logging_mixin.py:188} INFO - [2026-04-14T21:57:46.582+0000] {dagbag.py:538} INFO - Filling up the DagBag from /opt/airflow/dags/talend_dwh_pipeline.py
[2026-04-14T21:57:46.615+0000] {processor.py:840} INFO - DAG(s) 'talend_dwh_pipeline' retrieved from /opt/airflow/dags/talend_dwh_pipeline.py
[2026-04-14T21:57:46.643+0000] {logging_mixin.py:188} INFO - [2026-04-14T21:57:46.642+0000] {dag.py:3036} INFO - Sync 1 DAGs
[2026-04-14T21:57:46.677+0000] {logging_mixin.py:188} INFO - [2026-04-14T21:57:46.677+0000] {dag.py:3823} INFO - Setting next_dagrun for talend_dwh_pipeline to 2026-04-14 00:00:00+00:00, run_after=2026-04-15 00:00:00+00:00
[2026-04-14T21:57:46.707+0000] {processor.py:183} INFO - Processing /opt/airflow/dags/talend_dwh_pipeline.py took 0.135 seconds
[2026-04-14T21:58:16.843+0000] {processor.py:161} INFO - Started process (PID=15041) to work on /opt/airflow/dags/talend_dwh_pipeline.py
[2026-04-14T21:58:16.844+0000] {processor.py:830} INFO - Processing file /opt/airflow/dags/talend_dwh_pipeline.py for tasks to queue
[2026-04-14T21:58:16.847+0000] {logging_mixin.py:188} INFO - [2026-04-14T21:58:16.846+0000] {dagbag.py:538} INFO - Filling up the DagBag from /opt/airflow/dags/talend_dwh_pipeline.py
[2026-04-14T21:58:16.868+0000] {processor.py:840} INFO - DAG(s) 'talend_dwh_pipeline' retrieved from /opt/airflow/dags/talend_dwh_pipeline.py
[2026-04-14T21:58:16.891+0000] {logging_mixin.py:188} INFO - [2026-04-14T21:58:16.891+0000] {dag.py:3036} INFO - Sync 1 DAGs
[2026-04-14T21:58:16.916+0000] {logging_mixin.py:188} INFO - [2026-04-14T21:58:16.916+0000] {dag.py:3823} INFO - Setting next_dagrun for talend_dwh_pipeline to 2026-04-14 00:00:00+00:00, run_after=2026-04-15 00:00:00+00:00
[2026-04-14T21:58:16.945+0000] {processor.py:183} INFO - Processing /opt/airflow/dags/talend_dwh_pipeline.py took 0.105 seconds
[2026-04-14T21:58:47.676+0000] {processor.py:161} INFO - Started process (PID=15098) to work on /opt/airflow/dags/talend_dwh_pipeline.py
[2026-04-14T21:58:47.678+0000] {processor.py:830} INFO - Processing file /opt/airflow/dags/talend_dwh_pipeline.py for tasks to queue
[2026-04-14T21:58:47.681+0000] {logging_mixin.py:188} INFO - [2026-04-14T21:58:47.681+0000] {dagbag.py:538} INFO - Filling up the DagBag from /opt/airflow/dags/talend_dwh_pipeline.py
[2026-04-14T21:58:47.714+0000] {processor.py:840} INFO - DAG(s) 'talend_dwh_pipeline' retrieved from /opt/airflow/dags/talend_dwh_pipeline.py
[2026-04-14T21:58:47.738+0000] {logging_mixin.py:188} INFO - [2026-04-14T21:58:47.737+0000] {dag.py:3036} INFO - Sync 1 DAGs
[2026-04-14T21:58:47.774+0000] {logging_mixin.py:188} INFO - [2026-04-14T21:58:47.773+0000] {dag.py:3823} INFO - Setting next_dagrun for talend_dwh_pipeline to 2026-04-14 00:00:00+00:00, run_after=2026-04-15 00:00:00+00:00
[2026-04-14T21:58:47.812+0000] {processor.py:183} INFO - Processing /opt/airflow/dags/talend_dwh_pipeline.py took 0.142 seconds
[2026-04-14T21:59:17.961+0000] {processor.py:161} INFO - Started process (PID=15155) to work on /opt/airflow/dags/talend_dwh_pipeline.py
[2026-04-14T21:59:17.962+0000] {processor.py:830} INFO - Processing file /opt/airflow/dags/talend_dwh_pipeline.py for tasks to queue
[2026-04-14T21:59:17.965+0000] {logging_mixin.py:188} INFO - [2026-04-14T21:59:17.964+0000] {dagbag.py:538} INFO - Filling up the DagBag from /opt/airflow/dags/talend_dwh_pipeline.py
[2026-04-14T21:59:17.994+0000] {processor.py:840} INFO - DAG(s) 'talend_dwh_pipeline' retrieved from /opt/airflow/dags/talend_dwh_pipeline.py
[2026-04-14T21:59:18.019+0000] {logging_mixin.py:188} INFO - [2026-04-14T21:59:18.019+0000] {dag.py:3036} INFO - Sync 1 DAGs
[2026-04-14T21:59:18.179+0000] {logging_mixin.py:188} INFO - [2026-04-14T21:59:18.179+0000] {dag.py:3823} INFO - Setting next_dagrun for talend_dwh_pipeline to 2026-04-14 00:00:00+00:00, run_after=2026-04-15 00:00:00+00:00
[2026-04-14T21:59:18.206+0000] {processor.py:183} INFO - Processing /opt/airflow/dags/talend_dwh_pipeline.py took 0.249 seconds
[2026-04-14T21:59:48.399+0000] {processor.py:161} INFO - Started process (PID=15212) to work on /opt/airflow/dags/talend_dwh_pipeline.py
[2026-04-14T21:59:48.406+0000] {processor.py:830} INFO - Processing file /opt/airflow/dags/talend_dwh_pipeline.py for tasks to queue
[2026-04-14T21:59:48.412+0000] {logging_mixin.py:188} INFO - [2026-04-14T21:59:48.411+0000] {dagbag.py:538} INFO - Filling up the DagBag from /opt/airflow/dags/talend_dwh_pipeline.py
[2026-04-14T21:59:48.442+0000] {processor.py:840} INFO - DAG(s) 'talend_dwh_pipeline' retrieved from /opt/airflow/dags/talend_dwh_pipeline.py
[2026-04-14T21:59:48.482+0000] {logging_mixin.py:188} INFO - [2026-04-14T21:59:48.481+0000] {dag.py:3036} INFO - Sync 1 DAGs
[2026-04-14T21:59:48.515+0000] {logging_mixin.py:188} INFO - [2026-04-14T21:59:48.515+0000] {dag.py:3823} INFO - Setting next_dagrun for talend_dwh_pipeline to 2026-04-14 00:00:00+00:00, run_after=2026-04-15 00:00:00+00:00
[2026-04-14T21:59:48.680+0000] {processor.py:183} INFO - Processing /opt/airflow/dags/talend_dwh_pipeline.py took 0.287 seconds
[2026-04-14T22:00:18.788+0000] {processor.py:161} INFO - Started process (PID=15270) to work on /opt/airflow/dags/talend_dwh_pipeline.py
[2026-04-14T22:00:18.789+0000] {processor.py:830} INFO - Processing file /opt/airflow/dags/talend_dwh_pipeline.py for tasks to queue
[2026-04-14T22:00:18.795+0000] {logging_mixin.py:188} INFO - [2026-04-14T22:00:18.794+0000] {dagbag.py:538} INFO - Filling up the DagBag from /opt/airflow/dags/talend_dwh_pipeline.py
[2026-04-14T22:00:18.825+0000] {processor.py:840} INFO - DAG(s) 'talend_dwh_pipeline' retrieved from /opt/airflow/dags/talend_dwh_pipeline.py
[2026-04-14T22:00:18.853+0000] {logging_mixin.py:188} INFO - [2026-04-14T22:00:18.853+0000] {dag.py:3036} INFO - Sync 1 DAGs
[2026-04-14T22:00:18.881+0000] {logging_mixin.py:188} INFO - [2026-04-14T22:00:18.880+0000] {dag.py:3823} INFO - Setting next_dagrun for talend_dwh_pipeline to 2026-04-14 00:00:00+00:00, run_after=2026-04-15 00:00:00+00:00
[2026-04-14T22:00:18.914+0000] {processor.py:183} INFO - Processing /opt/airflow/dags/talend_dwh_pipeline.py took 0.131 seconds
[2026-04-14T22:00:49.187+0000] {processor.py:161} INFO - Started process (PID=15326) to work on /opt/airflow/dags/talend_dwh_pipeline.py
[2026-04-14T22:00:49.189+0000] {processor.py:830} INFO - Processing file /opt/airflow/dags/talend_dwh_pipeline.py for tasks to queue
[2026-04-14T22:00:49.194+0000] {logging_mixin.py:188} INFO - [2026-04-14T22:00:49.194+0000] {dagbag.py:538} INFO - Filling up the DagBag from /opt/airflow/dags/talend_dwh_pipeline.py
[2026-04-14T22:00:49.238+0000] {processor.py:840} INFO - DAG(s) 'talend_dwh_pipeline' retrieved from /opt/airflow/dags/talend_dwh_pipeline.py
[2026-04-14T22:00:49.271+0000] {logging_mixin.py:188} INFO - [2026-04-14T22:00:49.271+0000] {dag.py:3036} INFO - Sync 1 DAGs
[2026-04-14T22:00:49.304+0000] {logging_mixin.py:188} INFO - [2026-04-14T22:00:49.303+0000] {dag.py:3823} INFO - Setting next_dagrun for talend_dwh_pipeline to 2026-04-14 00:00:00+00:00, run_after=2026-04-15 00:00:00+00:00
[2026-04-14T22:00:49.334+0000] {processor.py:183} INFO - Processing /opt/airflow/dags/talend_dwh_pipeline.py took 0.155 seconds
[2026-04-14T22:01:20.015+0000] {processor.py:161} INFO - Started process (PID=15383) to work on /opt/airflow/dags/talend_dwh_pipeline.py
[2026-04-14T22:01:20.018+0000] {processor.py:830} INFO - Processing file /opt/airflow/dags/talend_dwh_pipeline.py for tasks to queue
[2026-04-14T22:01:20.021+0000] {logging_mixin.py:188} INFO - [2026-04-14T22:01:20.020+0000] {dagbag.py:538} INFO - Filling up the DagBag from /opt/airflow/dags/talend_dwh_pipeline.py
[2026-04-14T22:01:20.053+0000] {processor.py:840} INFO - DAG(s) 'talend_dwh_pipeline' retrieved from /opt/airflow/dags/talend_dwh_pipeline.py
[2026-04-14T22:01:20.083+0000] {logging_mixin.py:188} INFO - [2026-04-14T22:01:20.083+0000] {dag.py:3036} INFO - Sync 1 DAGs
[2026-04-14T22:01:20.117+0000] {logging_mixin.py:188} INFO - [2026-04-14T22:01:20.116+0000] {dag.py:3823} INFO - Setting next_dagrun for talend_dwh_pipeline to 2026-04-14 00:00:00+00:00, run_after=2026-04-15 00:00:00+00:00
[2026-04-14T22:01:20.149+0000] {processor.py:183} INFO - Processing /opt/airflow/dags/talend_dwh_pipeline.py took 0.145 seconds
[2026-04-14T22:01:50.989+0000] {processor.py:161} INFO - Started process (PID=15440) to work on /opt/airflow/dags/talend_dwh_pipeline.py
[2026-04-14T22:01:50.991+0000] {processor.py:830} INFO - Processing file /opt/airflow/dags/talend_dwh_pipeline.py for tasks to queue
[2026-04-14T22:01:50.993+0000] {logging_mixin.py:188} INFO - [2026-04-14T22:01:50.993+0000] {dagbag.py:538} INFO - Filling up the DagBag from /opt/airflow/dags/talend_dwh_pipeline.py
[2026-04-14T22:01:51.016+0000] {processor.py:840} INFO - DAG(s) 'talend_dwh_pipeline' retrieved from /opt/airflow/dags/talend_dwh_pipeline.py
[2026-04-14T22:01:51.043+0000] {logging_mixin.py:188} INFO - [2026-04-14T22:01:51.043+0000] {dag.py:3036} INFO - Sync 1 DAGs
[2026-04-14T22:01:51.229+0000] {logging_mixin.py:188} INFO - [2026-04-14T22:01:51.229+0000] {dag.py:3823} INFO - Setting next_dagrun for talend_dwh_pipeline to 2026-04-14 00:00:00+00:00, run_after=2026-04-15 00:00:00+00:00
[2026-04-14T22:01:51.255+0000] {processor.py:183} INFO - Processing /opt/airflow/dags/talend_dwh_pipeline.py took 0.270 seconds
[2026-04-14T22:02:22.005+0000] {processor.py:161} INFO - Started process (PID=15497) to work on /opt/airflow/dags/talend_dwh_pipeline.py
[2026-04-14T22:02:22.006+0000] {processor.py:830} INFO - Processing file /opt/airflow/dags/talend_dwh_pipeline.py for tasks to queue
[2026-04-14T22:02:22.009+0000] {logging_mixin.py:188} INFO - [2026-04-14T22:02:22.008+0000] {dagbag.py:538} INFO - Filling up the DagBag from /opt/airflow/dags/talend_dwh_pipeline.py
[2026-04-14T22:02:22.036+0000] {processor.py:840} INFO - DAG(s) 'talend_dwh_pipeline' retrieved from /opt/airflow/dags/talend_dwh_pipeline.py
[2026-04-14T22:02:22.061+0000] {logging_mixin.py:188} INFO - [2026-04-14T22:02:22.060+0000] {dag.py:3036} INFO - Sync 1 DAGs
[2026-04-14T22:02:22.235+0000] {logging_mixin.py:188} INFO - [2026-04-14T22:02:22.234+0000] {dag.py:3823} INFO - Setting next_dagrun for talend_dwh_pipeline to 2026-04-14 00:00:00+00:00, run_after=2026-04-15 00:00:00+00:00
[2026-04-14T22:02:22.260+0000] {processor.py:183} INFO - Processing /opt/airflow/dags/talend_dwh_pipeline.py took 0.260 seconds
[2026-04-14T22:02:52.598+0000] {processor.py:161} INFO - Started process (PID=15554) to work on /opt/airflow/dags/talend_dwh_pipeline.py
[2026-04-14T22:02:52.600+0000] {processor.py:830} INFO - Processing file /opt/airflow/dags/talend_dwh_pipeline.py for tasks to queue
[2026-04-14T22:02:52.602+0000] {logging_mixin.py:188} INFO - [2026-04-14T22:02:52.602+0000] {dagbag.py:538} INFO - Filling up the DagBag from /opt/airflow/dags/talend_dwh_pipeline.py
[2026-04-14T22:02:52.629+0000] {processor.py:840} INFO - DAG(s) 'talend_dwh_pipeline' retrieved from /opt/airflow/dags/talend_dwh_pipeline.py
[2026-04-14T22:02:52.653+0000] {logging_mixin.py:188} INFO - [2026-04-14T22:02:52.653+0000] {dag.py:3036} INFO - Sync 1 DAGs
[2026-04-14T22:02:52.681+0000] {logging_mixin.py:188} INFO - [2026-04-14T22:02:52.680+0000] {dag.py:3823} INFO - Setting next_dagrun for talend_dwh_pipeline to 2026-04-14 00:00:00+00:00, run_after=2026-04-15 00:00:00+00:00
[2026-04-14T22:02:52.860+0000] {processor.py:183} INFO - Processing /opt/airflow/dags/talend_dwh_pipeline.py took 0.267 seconds
[2026-04-14T22:03:22.973+0000] {processor.py:161} INFO - Started process (PID=15611) to work on /opt/airflow/dags/talend_dwh_pipeline.py
[2026-04-14T22:03:22.974+0000] {processor.py:830} INFO - Processing file /opt/airflow/dags/talend_dwh_pipeline.py for tasks to queue
[2026-04-14T22:03:22.978+0000] {logging_mixin.py:188} INFO - [2026-04-14T22:03:22.977+0000] {dagbag.py:538} INFO - Filling up the DagBag from /opt/airflow/dags/talend_dwh_pipeline.py
[2026-04-14T22:03:23.006+0000] {processor.py:840} INFO - DAG(s) 'talend_dwh_pipeline' retrieved from /opt/airflow/dags/talend_dwh_pipeline.py
[2026-04-14T22:03:23.036+0000] {logging_mixin.py:188} INFO - [2026-04-14T22:03:23.035+0000] {dag.py:3036} INFO - Sync 1 DAGs
[2026-04-14T22:03:23.059+0000] {logging_mixin.py:188} INFO - [2026-04-14T22:03:23.058+0000] {dag.py:3823} INFO - Setting next_dagrun for talend_dwh_pipeline to 2026-04-14 00:00:00+00:00, run_after=2026-04-15 00:00:00+00:00
[2026-04-14T22:03:23.083+0000] {processor.py:183} INFO - Processing /opt/airflow/dags/talend_dwh_pipeline.py took 0.117 seconds
[2026-04-14T22:03:53.126+0000] {processor.py:161} INFO - Started process (PID=15668) to work on /opt/airflow/dags/talend_dwh_pipeline.py
[2026-04-14T22:03:53.129+0000] {processor.py:830} INFO - Processing file /opt/airflow/dags/talend_dwh_pipeline.py for tasks to queue
[2026-04-14T22:03:53.132+0000] {logging_mixin.py:188} INFO - [2026-04-14T22:03:53.132+0000] {dagbag.py:538} INFO - Filling up the DagBag from /opt/airflow/dags/talend_dwh_pipeline.py
[2026-04-14T22:03:53.164+0000] {processor.py:840} INFO - DAG(s) 'talend_dwh_pipeline' retrieved from /opt/airflow/dags/talend_dwh_pipeline.py
[2026-04-14T22:03:53.340+0000] {logging_mixin.py:188} INFO - [2026-04-14T22:03:53.340+0000] {dag.py:3036} INFO - Sync 1 DAGs
[2026-04-14T22:03:53.364+0000] {logging_mixin.py:188} INFO - [2026-04-14T22:03:53.364+0000] {dag.py:3823} INFO - Setting next_dagrun for talend_dwh_pipeline to 2026-04-14 00:00:00+00:00, run_after=2026-04-15 00:00:00+00:00
[2026-04-14T22:03:53.390+0000] {processor.py:183} INFO - Processing /opt/airflow/dags/talend_dwh_pipeline.py took 0.268 seconds
[2026-04-14T22:04:23.559+0000] {processor.py:161} INFO - Started process (PID=15725) to work on /opt/airflow/dags/talend_dwh_pipeline.py
[2026-04-14T22:04:23.561+0000] {processor.py:830} INFO - Processing file /opt/airflow/dags/talend_dwh_pipeline.py for tasks to queue
[2026-04-14T22:04:23.563+0000] {logging_mixin.py:188} INFO - [2026-04-14T22:04:23.563+0000] {dagbag.py:538} INFO - Filling up the DagBag from /opt/airflow/dags/talend_dwh_pipeline.py
[2026-04-14T22:04:23.586+0000] {processor.py:840} INFO - DAG(s) 'talend_dwh_pipeline' retrieved from /opt/airflow/dags/talend_dwh_pipeline.py
[2026-04-14T22:04:23.612+0000] {logging_mixin.py:188} INFO - [2026-04-14T22:04:23.611+0000] {dag.py:3036} INFO - Sync 1 DAGs
[2026-04-14T22:04:23.637+0000] {logging_mixin.py:188} INFO - [2026-04-14T22:04:23.636+0000] {dag.py:3823} INFO - Setting next_dagrun for talend_dwh_pipeline to 2026-04-14 00:00:00+00:00, run_after=2026-04-15 00:00:00+00:00
[2026-04-14T22:04:23.667+0000] {processor.py:183} INFO - Processing /opt/airflow/dags/talend_dwh_pipeline.py took 0.114 seconds
[2026-04-14T22:04:53.732+0000] {processor.py:161} INFO - Started process (PID=15782) to work on /opt/airflow/dags/talend_dwh_pipeline.py
[2026-04-14T22:04:53.733+0000] {processor.py:830} INFO - Processing file /opt/airflow/dags/talend_dwh_pipeline.py for tasks to queue
[2026-04-14T22:04:53.736+0000] {logging_mixin.py:188} INFO - [2026-04-14T22:04:53.736+0000] {dagbag.py:538} INFO - Filling up the DagBag from /opt/airflow/dags/talend_dwh_pipeline.py
[2026-04-14T22:04:53.762+0000] {processor.py:840} INFO - DAG(s) 'talend_dwh_pipeline' retrieved from /opt/airflow/dags/talend_dwh_pipeline.py
[2026-04-14T22:04:53.791+0000] {logging_mixin.py:188} INFO - [2026-04-14T22:04:53.790+0000] {dag.py:3036} INFO - Sync 1 DAGs
[2026-04-14T22:04:53.816+0000] {logging_mixin.py:188} INFO - [2026-04-14T22:04:53.816+0000] {dag.py:3823} INFO - Setting next_dagrun for talend_dwh_pipeline to 2026-04-14 00:00:00+00:00, run_after=2026-04-15 00:00:00+00:00
[2026-04-14T22:04:53.837+0000] {processor.py:183} INFO - Processing /opt/airflow/dags/talend_dwh_pipeline.py took 0.111 seconds
[2026-04-14T22:05:24.033+0000] {processor.py:161} INFO - Started process (PID=15838) to work on /opt/airflow/dags/talend_dwh_pipeline.py
[2026-04-14T22:05:24.034+0000] {processor.py:830} INFO - Processing file /opt/airflow/dags/talend_dwh_pipeline.py for tasks to queue
[2026-04-14T22:05:24.036+0000] {logging_mixin.py:188} INFO - [2026-04-14T22:05:24.036+0000] {dagbag.py:538} INFO - Filling up the DagBag from /opt/airflow/dags/talend_dwh_pipeline.py
[2026-04-14T22:05:24.056+0000] {processor.py:840} INFO - DAG(s) 'talend_dwh_pipeline' retrieved from /opt/airflow/dags/talend_dwh_pipeline.py
[2026-04-14T22:05:24.079+0000] {logging_mixin.py:188} INFO - [2026-04-14T22:05:24.079+0000] {dag.py:3036} INFO - Sync 1 DAGs
[2026-04-14T22:05:24.103+0000] {logging_mixin.py:188} INFO - [2026-04-14T22:05:24.103+0000] {dag.py:3823} INFO - Setting next_dagrun for talend_dwh_pipeline to 2026-04-14 00:00:00+00:00, run_after=2026-04-15 00:00:00+00:00
[2026-04-14T22:05:24.129+0000] {processor.py:183} INFO - Processing /opt/airflow/dags/talend_dwh_pipeline.py took 0.101 seconds
[2026-04-14T22:05:54.647+0000] {processor.py:161} INFO - Started process (PID=15895) to work on /opt/airflow/dags/talend_dwh_pipeline.py
[2026-04-14T22:05:54.648+0000] {processor.py:830} INFO - Processing file /opt/airflow/dags/talend_dwh_pipeline.py for tasks to queue
[2026-04-14T22:05:54.650+0000] {logging_mixin.py:188} INFO - [2026-04-14T22:05:54.650+0000] {dagbag.py:538} INFO - Filling up the DagBag from /opt/airflow/dags/talend_dwh_pipeline.py
[2026-04-14T22:05:54.684+0000] {processor.py:840} INFO - DAG(s) 'talend_dwh_pipeline' retrieved from /opt/airflow/dags/talend_dwh_pipeline.py
[2026-04-14T22:05:54.716+0000] {logging_mixin.py:188} INFO - [2026-04-14T22:05:54.715+0000] {dag.py:3036} INFO - Sync 1 DAGs
[2026-04-14T22:05:54.745+0000] {logging_mixin.py:188} INFO - [2026-04-14T22:05:54.744+0000] {dag.py:3823} INFO - Setting next_dagrun for talend_dwh_pipeline to 2026-04-14 00:00:00+00:00, run_after=2026-04-15 00:00:00+00:00
[2026-04-14T22:05:54.774+0000] {processor.py:183} INFO - Processing /opt/airflow/dags/talend_dwh_pipeline.py took 0.132 seconds
[2026-04-14T22:06:25.030+0000] {processor.py:161} INFO - Started process (PID=15952) to work on /opt/airflow/dags/talend_dwh_pipeline.py
[2026-04-14T22:06:25.032+0000] {processor.py:830} INFO - Processing file /opt/airflow/dags/talend_dwh_pipeline.py for tasks to queue
[2026-04-14T22:06:25.035+0000] {logging_mixin.py:188} INFO - [2026-04-14T22:06:25.035+0000] {dagbag.py:538} INFO - Filling up the DagBag from /opt/airflow/dags/talend_dwh_pipeline.py
[2026-04-14T22:06:25.065+0000] {processor.py:840} INFO - DAG(s) 'talend_dwh_pipeline' retrieved from /opt/airflow/dags/talend_dwh_pipeline.py
[2026-04-14T22:06:25.091+0000] {logging_mixin.py:188} INFO - [2026-04-14T22:06:25.091+0000] {dag.py:3036} INFO - Sync 1 DAGs
[2026-04-14T22:06:25.122+0000] {logging_mixin.py:188} INFO - [2026-04-14T22:06:25.122+0000] {dag.py:3823} INFO - Setting next_dagrun for talend_dwh_pipeline to 2026-04-14 00:00:00+00:00, run_after=2026-04-15 00:00:00+00:00
[2026-04-14T22:06:25.150+0000] {processor.py:183} INFO - Processing /opt/airflow/dags/talend_dwh_pipeline.py took 0.124 seconds
[2026-04-14T22:06:55.292+0000] {processor.py:161} INFO - Started process (PID=16010) to work on /opt/airflow/dags/talend_dwh_pipeline.py
[2026-04-14T22:06:55.294+0000] {processor.py:830} INFO - Processing file /opt/airflow/dags/talend_dwh_pipeline.py for tasks to queue
[2026-04-14T22:06:55.296+0000] {logging_mixin.py:188} INFO - [2026-04-14T22:06:55.296+0000] {dagbag.py:538} INFO - Filling up the DagBag from /opt/airflow/dags/talend_dwh_pipeline.py
[2026-04-14T22:06:55.321+0000] {processor.py:840} INFO - DAG(s) 'talend_dwh_pipeline' retrieved from /opt/airflow/dags/talend_dwh_pipeline.py
[2026-04-14T22:06:55.346+0000] {logging_mixin.py:188} INFO - [2026-04-14T22:06:55.346+0000] {dag.py:3036} INFO - Sync 1 DAGs
[2026-04-14T22:06:55.370+0000] {logging_mixin.py:188} INFO - [2026-04-14T22:06:55.370+0000] {dag.py:3823} INFO - Setting next_dagrun for talend_dwh_pipeline to 2026-04-14 00:00:00+00:00, run_after=2026-04-15 00:00:00+00:00
[2026-04-14T22:06:55.398+0000] {processor.py:183} INFO - Processing /opt/airflow/dags/talend_dwh_pipeline.py took 0.109 seconds
[2026-04-14T22:07:25.525+0000] {processor.py:161} INFO - Started process (PID=16066) to work on /opt/airflow/dags/talend_dwh_pipeline.py
[2026-04-14T22:07:25.526+0000] {processor.py:830} INFO - Processing file /opt/airflow/dags/talend_dwh_pipeline.py for tasks to queue
[2026-04-14T22:07:25.528+0000] {logging_mixin.py:188} INFO - [2026-04-14T22:07:25.528+0000] {dagbag.py:538} INFO - Filling up the DagBag from /opt/airflow/dags/talend_dwh_pipeline.py
[2026-04-14T22:07:25.563+0000] {processor.py:840} INFO - DAG(s) 'talend_dwh_pipeline' retrieved from /opt/airflow/dags/talend_dwh_pipeline.py
[2026-04-14T22:07:25.593+0000] {logging_mixin.py:188} INFO - [2026-04-14T22:07:25.593+0000] {dag.py:3036} INFO - Sync 1 DAGs
[2026-04-14T22:07:25.632+0000] {logging_mixin.py:188} INFO - [2026-04-14T22:07:25.631+0000] {dag.py:3823} INFO - Setting next_dagrun for talend_dwh_pipeline to 2026-04-14 00:00:00+00:00, run_after=2026-04-15 00:00:00+00:00
[2026-04-14T22:07:25.668+0000] {processor.py:183} INFO - Processing /opt/airflow/dags/talend_dwh_pipeline.py took 0.147 seconds
[2026-04-14T22:07:55.724+0000] {processor.py:161} INFO - Started process (PID=16123) to work on /opt/airflow/dags/talend_dwh_pipeline.py
[2026-04-14T22:07:55.725+0000] {processor.py:830} INFO - Processing file /opt/airflow/dags/talend_dwh_pipeline.py for tasks to queue
[2026-04-14T22:07:55.727+0000] {logging_mixin.py:188} INFO - [2026-04-14T22:07:55.727+0000] {dagbag.py:538} INFO - Filling up the DagBag from /opt/airflow/dags/talend_dwh_pipeline.py
[2026-04-14T22:07:55.754+0000] {processor.py:840} INFO - DAG(s) 'talend_dwh_pipeline' retrieved from /opt/airflow/dags/talend_dwh_pipeline.py
[2026-04-14T22:07:55.781+0000] {logging_mixin.py:188} INFO - [2026-04-14T22:07:55.781+0000] {dag.py:3036} INFO - Sync 1 DAGs
[2026-04-14T22:07:55.817+0000] {logging_mixin.py:188} INFO - [2026-04-14T22:07:55.817+0000] {dag.py:3823} INFO - Setting next_dagrun for talend_dwh_pipeline to 2026-04-14 00:00:00+00:00, run_after=2026-04-15 00:00:00+00:00
[2026-04-14T22:07:55.856+0000] {processor.py:183} INFO - Processing /opt/airflow/dags/talend_dwh_pipeline.py took 0.136 seconds
[2026-04-14T22:08:26.483+0000] {processor.py:161} INFO - Started process (PID=16179) to work on /opt/airflow/dags/talend_dwh_pipeline.py
[2026-04-14T22:08:26.485+0000] {processor.py:830} INFO - Processing file /opt/airflow/dags/talend_dwh_pipeline.py for tasks to queue
[2026-04-14T22:08:26.491+0000] {logging_mixin.py:188} INFO - [2026-04-14T22:08:26.490+0000] {dagbag.py:538} INFO - Filling up the DagBag from /opt/airflow/dags/talend_dwh_pipeline.py
[2026-04-14T22:08:26.528+0000] {processor.py:840} INFO - DAG(s) 'talend_dwh_pipeline' retrieved from /opt/airflow/dags/talend_dwh_pipeline.py
[2026-04-14T22:08:26.568+0000] {logging_mixin.py:188} INFO - [2026-04-14T22:08:26.568+0000] {dag.py:3036} INFO - Sync 1 DAGs
[2026-04-14T22:08:26.600+0000] {logging_mixin.py:188} INFO - [2026-04-14T22:08:26.599+0000] {dag.py:3823} INFO - Setting next_dagrun for talend_dwh_pipeline to 2026-04-14 00:00:00+00:00, run_after=2026-04-15 00:00:00+00:00
[2026-04-14T22:08:26.624+0000] {processor.py:183} INFO - Processing /opt/airflow/dags/talend_dwh_pipeline.py took 0.151 seconds
[2026-04-14T22:08:56.738+0000] {processor.py:161} INFO - Started process (PID=16236) to work on /opt/airflow/dags/talend_dwh_pipeline.py
[2026-04-14T22:08:56.739+0000] {processor.py:830} INFO - Processing file /opt/airflow/dags/talend_dwh_pipeline.py for tasks to queue
[2026-04-14T22:08:56.742+0000] {logging_mixin.py:188} INFO - [2026-04-14T22:08:56.742+0000] {dagbag.py:538} INFO - Filling up the DagBag from /opt/airflow/dags/talend_dwh_pipeline.py
[2026-04-14T22:08:56.771+0000] {processor.py:840} INFO - DAG(s) 'talend_dwh_pipeline' retrieved from /opt/airflow/dags/talend_dwh_pipeline.py
[2026-04-14T22:08:56.796+0000] {logging_mixin.py:188} INFO - [2026-04-14T22:08:56.796+0000] {dag.py:3036} INFO - Sync 1 DAGs
[2026-04-14T22:08:56.833+0000] {logging_mixin.py:188} INFO - [2026-04-14T22:08:56.832+0000] {dag.py:3823} INFO - Setting next_dagrun for talend_dwh_pipeline to 2026-04-14 00:00:00+00:00, run_after=2026-04-15 00:00:00+00:00
[2026-04-14T22:08:56.857+0000] {processor.py:183} INFO - Processing /opt/airflow/dags/talend_dwh_pipeline.py took 0.124 seconds
[2026-04-14T22:09:27.235+0000] {processor.py:161} INFO - Started process (PID=16293) to work on /opt/airflow/dags/talend_dwh_pipeline.py
[2026-04-14T22:09:27.238+0000] {processor.py:830} INFO - Processing file /opt/airflow/dags/talend_dwh_pipeline.py for tasks to queue
[2026-04-14T22:09:27.241+0000] {logging_mixin.py:188} INFO - [2026-04-14T22:09:27.241+0000] {dagbag.py:538} INFO - Filling up the DagBag from /opt/airflow/dags/talend_dwh_pipeline.py
[2026-04-14T22:09:27.262+0000] {processor.py:840} INFO - DAG(s) 'talend_dwh_pipeline' retrieved from /opt/airflow/dags/talend_dwh_pipeline.py
[2026-04-14T22:09:27.288+0000] {logging_mixin.py:188} INFO - [2026-04-14T22:09:27.288+0000] {dag.py:3036} INFO - Sync 1 DAGs
[2026-04-14T22:09:27.312+0000] {logging_mixin.py:188} INFO - [2026-04-14T22:09:27.312+0000] {dag.py:3823} INFO - Setting next_dagrun for talend_dwh_pipeline to 2026-04-14 00:00:00+00:00, run_after=2026-04-15 00:00:00+00:00
[2026-04-14T22:09:27.338+0000] {processor.py:183} INFO - Processing /opt/airflow/dags/talend_dwh_pipeline.py took 0.106 seconds
[2026-04-14T22:09:57.949+0000] {processor.py:161} INFO - Started process (PID=16350) to work on /opt/airflow/dags/talend_dwh_pipeline.py
[2026-04-14T22:09:57.950+0000] {processor.py:830} INFO - Processing file /opt/airflow/dags/talend_dwh_pipeline.py for tasks to queue
[2026-04-14T22:09:57.952+0000] {logging_mixin.py:188} INFO - [2026-04-14T22:09:57.952+0000] {dagbag.py:538} INFO - Filling up the DagBag from /opt/airflow/dags/talend_dwh_pipeline.py
[2026-04-14T22:09:57.976+0000] {processor.py:840} INFO - DAG(s) 'talend_dwh_pipeline' retrieved from /opt/airflow/dags/talend_dwh_pipeline.py
[2026-04-14T22:09:57.998+0000] {logging_mixin.py:188} INFO - [2026-04-14T22:09:57.998+0000] {dag.py:3036} INFO - Sync 1 DAGs
[2026-04-14T22:09:58.022+0000] {logging_mixin.py:188} INFO - [2026-04-14T22:09:58.022+0000] {dag.py:3823} INFO - Setting next_dagrun for talend_dwh_pipeline to 2026-04-14 00:00:00+00:00, run_after=2026-04-15 00:00:00+00:00
[2026-04-14T22:09:58.046+0000] {processor.py:183} INFO - Processing /opt/airflow/dags/talend_dwh_pipeline.py took 0.101 seconds
[2026-04-14T22:10:28.121+0000] {processor.py:161} INFO - Started process (PID=16407) to work on /opt/airflow/dags/talend_dwh_pipeline.py
[2026-04-14T22:10:28.122+0000] {processor.py:830} INFO - Processing file /opt/airflow/dags/talend_dwh_pipeline.py for tasks to queue
[2026-04-14T22:10:28.124+0000] {logging_mixin.py:188} INFO - [2026-04-14T22:10:28.124+0000] {dagbag.py:538} INFO - Filling up the DagBag from /opt/airflow/dags/talend_dwh_pipeline.py
[2026-04-14T22:10:28.148+0000] {processor.py:840} INFO - DAG(s) 'talend_dwh_pipeline' retrieved from /opt/airflow/dags/talend_dwh_pipeline.py
[2026-04-14T22:10:28.177+0000] {logging_mixin.py:188} INFO - [2026-04-14T22:10:28.176+0000] {dag.py:3036} INFO - Sync 1 DAGs
[2026-04-14T22:10:28.210+0000] {logging_mixin.py:188} INFO - [2026-04-14T22:10:28.209+0000] {dag.py:3823} INFO - Setting next_dagrun for talend_dwh_pipeline to 2026-04-14 00:00:00+00:00, run_after=2026-04-15 00:00:00+00:00
[2026-04-14T22:10:28.258+0000] {processor.py:183} INFO - Processing /opt/airflow/dags/talend_dwh_pipeline.py took 0.141 seconds
[2026-04-14T22:10:58.459+0000] {processor.py:161} INFO - Started process (PID=16464) to work on /opt/airflow/dags/talend_dwh_pipeline.py
[2026-04-14T22:10:58.461+0000] {processor.py:830} INFO - Processing file /opt/airflow/dags/talend_dwh_pipeline.py for tasks to queue
[2026-04-14T22:10:58.465+0000] {logging_mixin.py:188} INFO - [2026-04-14T22:10:58.464+0000] {dagbag.py:538} INFO - Filling up the DagBag from /opt/airflow/dags/talend_dwh_pipeline.py
[2026-04-14T22:10:58.508+0000] {processor.py:840} INFO - DAG(s) 'talend_dwh_pipeline' retrieved from /opt/airflow/dags/talend_dwh_pipeline.py
[2026-04-14T22:10:58.541+0000] {logging_mixin.py:188} INFO - [2026-04-14T22:10:58.540+0000] {dag.py:3036} INFO - Sync 1 DAGs
[2026-04-14T22:10:58.570+0000] {logging_mixin.py:188} INFO - [2026-04-14T22:10:58.570+0000] {dag.py:3823} INFO - Setting next_dagrun for talend_dwh_pipeline to 2026-04-14 00:00:00+00:00, run_after=2026-04-15 00:00:00+00:00
[2026-04-14T22:10:58.605+0000] {processor.py:183} INFO - Processing /opt/airflow/dags/talend_dwh_pipeline.py took 0.152 seconds
[2026-04-14T22:11:28.673+0000] {processor.py:161} INFO - Started process (PID=16521) to work on /opt/airflow/dags/talend_dwh_pipeline.py
[2026-04-14T22:11:28.675+0000] {processor.py:830} INFO - Processing file /opt/airflow/dags/talend_dwh_pipeline.py for tasks to queue
[2026-04-14T22:11:28.677+0000] {logging_mixin.py:188} INFO - [2026-04-14T22:11:28.676+0000] {dagbag.py:538} INFO - Filling up the DagBag from /opt/airflow/dags/talend_dwh_pipeline.py
[2026-04-14T22:11:28.697+0000] {processor.py:840} INFO - DAG(s) 'talend_dwh_pipeline' retrieved from /opt/airflow/dags/talend_dwh_pipeline.py
[2026-04-14T22:11:28.719+0000] {logging_mixin.py:188} INFO - [2026-04-14T22:11:28.719+0000] {dag.py:3036} INFO - Sync 1 DAGs
[2026-04-14T22:11:28.741+0000] {logging_mixin.py:188} INFO - [2026-04-14T22:11:28.741+0000] {dag.py:3823} INFO - Setting next_dagrun for talend_dwh_pipeline to 2026-04-14 00:00:00+00:00, run_after=2026-04-15 00:00:00+00:00
[2026-04-14T22:11:28.765+0000] {processor.py:183} INFO - Processing /opt/airflow/dags/talend_dwh_pipeline.py took 0.096 seconds
[2026-04-14T22:11:58.925+0000] {processor.py:161} INFO - Started process (PID=16578) to work on /opt/airflow/dags/talend_dwh_pipeline.py
[2026-04-14T22:11:58.927+0000] {processor.py:830} INFO - Processing file /opt/airflow/dags/talend_dwh_pipeline.py for tasks to queue
[2026-04-14T22:11:58.929+0000] {logging_mixin.py:188} INFO - [2026-04-14T22:11:58.929+0000] {dagbag.py:538} INFO - Filling up the DagBag from /opt/airflow/dags/talend_dwh_pipeline.py
[2026-04-14T22:11:58.949+0000] {processor.py:840} INFO - DAG(s) 'talend_dwh_pipeline' retrieved from /opt/airflow/dags/talend_dwh_pipeline.py
[2026-04-14T22:11:58.973+0000] {logging_mixin.py:188} INFO - [2026-04-14T22:11:58.973+0000] {dag.py:3036} INFO - Sync 1 DAGs
[2026-04-14T22:11:58.998+0000] {logging_mixin.py:188} INFO - [2026-04-14T22:11:58.998+0000] {dag.py:3823} INFO - Setting next_dagrun for talend_dwh_pipeline to 2026-04-14 00:00:00+00:00, run_after=2026-04-15 00:00:00+00:00
[2026-04-14T22:11:59.022+0000] {processor.py:183} INFO - Processing /opt/airflow/dags/talend_dwh_pipeline.py took 0.100 seconds
[2026-04-14T22:12:29.156+0000] {processor.py:161} INFO - Started process (PID=16635) to work on /opt/airflow/dags/talend_dwh_pipeline.py
[2026-04-14T22:12:29.158+0000] {processor.py:830} INFO - Processing file /opt/airflow/dags/talend_dwh_pipeline.py for tasks to queue
[2026-04-14T22:12:29.159+0000] {logging_mixin.py:188} INFO - [2026-04-14T22:12:29.159+0000] {dagbag.py:538} INFO - Filling up the DagBag from /opt/airflow/dags/talend_dwh_pipeline.py
[2026-04-14T22:12:29.180+0000] {processor.py:840} INFO - DAG(s) 'talend_dwh_pipeline' retrieved from /opt/airflow/dags/talend_dwh_pipeline.py
[2026-04-14T22:12:29.202+0000] {logging_mixin.py:188} INFO - [2026-04-14T22:12:29.202+0000] {dag.py:3036} INFO - Sync 1 DAGs
[2026-04-14T22:12:29.231+0000] {logging_mixin.py:188} INFO - [2026-04-14T22:12:29.231+0000] {dag.py:3823} INFO - Setting next_dagrun for talend_dwh_pipeline to 2026-04-14 00:00:00+00:00, run_after=2026-04-15 00:00:00+00:00
[2026-04-14T22:12:29.258+0000] {processor.py:183} INFO - Processing /opt/airflow/dags/talend_dwh_pipeline.py took 0.105 seconds
[2026-04-14T22:12:59.333+0000] {processor.py:161} INFO - Started process (PID=16692) to work on /opt/airflow/dags/talend_dwh_pipeline.py
[2026-04-14T22:12:59.334+0000] {processor.py:830} INFO - Processing file /opt/airflow/dags/talend_dwh_pipeline.py for tasks to queue
[2026-04-14T22:12:59.336+0000] {logging_mixin.py:188} INFO - [2026-04-14T22:12:59.336+0000] {dagbag.py:538} INFO - Filling up the DagBag from /opt/airflow/dags/talend_dwh_pipeline.py
[2026-04-14T22:12:59.359+0000] {processor.py:840} INFO - DAG(s) 'talend_dwh_pipeline' retrieved from /opt/airflow/dags/talend_dwh_pipeline.py
[2026-04-14T22:12:59.383+0000] {logging_mixin.py:188} INFO - [2026-04-14T22:12:59.382+0000] {dag.py:3036} INFO - Sync 1 DAGs
[2026-04-14T22:12:59.408+0000] {logging_mixin.py:188} INFO - [2026-04-14T22:12:59.408+0000] {dag.py:3823} INFO - Setting next_dagrun for talend_dwh_pipeline to 2026-04-14 00:00:00+00:00, run_after=2026-04-15 00:00:00+00:00
[2026-04-14T22:12:59.434+0000] {processor.py:183} INFO - Processing /opt/airflow/dags/talend_dwh_pipeline.py took 0.105 seconds
[2026-04-14T22:13:29.588+0000] {processor.py:161} INFO - Started process (PID=16749) to work on /opt/airflow/dags/talend_dwh_pipeline.py
[2026-04-14T22:13:29.589+0000] {processor.py:830} INFO - Processing file /opt/airflow/dags/talend_dwh_pipeline.py for tasks to queue
[2026-04-14T22:13:29.591+0000] {logging_mixin.py:188} INFO - [2026-04-14T22:13:29.591+0000] {dagbag.py:538} INFO - Filling up the DagBag from /opt/airflow/dags/talend_dwh_pipeline.py
[2026-04-14T22:13:29.613+0000] {processor.py:840} INFO - DAG(s) 'talend_dwh_pipeline' retrieved from /opt/airflow/dags/talend_dwh_pipeline.py
[2026-04-14T22:13:29.636+0000] {logging_mixin.py:188} INFO - [2026-04-14T22:13:29.636+0000] {dag.py:3036} INFO - Sync 1 DAGs
[2026-04-14T22:13:29.659+0000] {logging_mixin.py:188} INFO - [2026-04-14T22:13:29.659+0000] {dag.py:3823} INFO - Setting next_dagrun for talend_dwh_pipeline to 2026-04-14 00:00:00+00:00, run_after=2026-04-15 00:00:00+00:00
[2026-04-14T22:13:29.685+0000] {processor.py:183} INFO - Processing /opt/airflow/dags/talend_dwh_pipeline.py took 0.102 seconds
[2026-04-14T22:14:00.508+0000] {processor.py:161} INFO - Started process (PID=16806) to work on /opt/airflow/dags/talend_dwh_pipeline.py
[2026-04-14T22:14:00.510+0000] {processor.py:830} INFO - Processing file /opt/airflow/dags/talend_dwh_pipeline.py for tasks to queue
[2026-04-14T22:14:00.512+0000] {logging_mixin.py:188} INFO - [2026-04-14T22:14:00.512+0000] {dagbag.py:538} INFO - Filling up the DagBag from /opt/airflow/dags/talend_dwh_pipeline.py
[2026-04-14T22:14:00.535+0000] {processor.py:840} INFO - DAG(s) 'talend_dwh_pipeline' retrieved from /opt/airflow/dags/talend_dwh_pipeline.py
[2026-04-14T22:14:00.561+0000] {logging_mixin.py:188} INFO - [2026-04-14T22:14:00.561+0000] {dag.py:3036} INFO - Sync 1 DAGs
[2026-04-14T22:14:00.592+0000] {logging_mixin.py:188} INFO - [2026-04-14T22:14:00.591+0000] {dag.py:3823} INFO - Setting next_dagrun for talend_dwh_pipeline to 2026-04-14 00:00:00+00:00, run_after=2026-04-15 00:00:00+00:00
[2026-04-14T22:14:00.620+0000] {processor.py:183} INFO - Processing /opt/airflow/dags/talend_dwh_pipeline.py took 0.116 seconds
[2026-04-14T22:14:31.340+0000] {processor.py:161} INFO - Started process (PID=16863) to work on /opt/airflow/dags/talend_dwh_pipeline.py
[2026-04-14T22:14:31.344+0000] {processor.py:830} INFO - Processing file /opt/airflow/dags/talend_dwh_pipeline.py for tasks to queue
[2026-04-14T22:14:31.349+0000] {logging_mixin.py:188} INFO - [2026-04-14T22:14:31.348+0000] {dagbag.py:538} INFO - Filling up the DagBag from /opt/airflow/dags/talend_dwh_pipeline.py
[2026-04-14T22:14:31.377+0000] {processor.py:840} INFO - DAG(s) 'talend_dwh_pipeline' retrieved from /opt/airflow/dags/talend_dwh_pipeline.py
[2026-04-14T22:14:31.399+0000] {logging_mixin.py:188} INFO - [2026-04-14T22:14:31.398+0000] {dag.py:3036} INFO - Sync 1 DAGs
[2026-04-14T22:14:31.420+0000] {logging_mixin.py:188} INFO - [2026-04-14T22:14:31.419+0000] {dag.py:3823} INFO - Setting next_dagrun for talend_dwh_pipeline to 2026-04-14 00:00:00+00:00, run_after=2026-04-15 00:00:00+00:00
[2026-04-14T22:14:31.442+0000] {processor.py:183} INFO - Processing /opt/airflow/dags/talend_dwh_pipeline.py took 0.107 seconds
[2026-04-14T22:15:01.834+0000] {processor.py:161} INFO - Started process (PID=16920) to work on /opt/airflow/dags/talend_dwh_pipeline.py
[2026-04-14T22:15:01.835+0000] {processor.py:830} INFO - Processing file /opt/airflow/dags/talend_dwh_pipeline.py for tasks to queue
[2026-04-14T22:15:01.837+0000] {logging_mixin.py:188} INFO - [2026-04-14T22:15:01.837+0000] {dagbag.py:538} INFO - Filling up the DagBag from /opt/airflow/dags/talend_dwh_pipeline.py
[2026-04-14T22:15:01.865+0000] {processor.py:840} INFO - DAG(s) 'talend_dwh_pipeline' retrieved from /opt/airflow/dags/talend_dwh_pipeline.py
[2026-04-14T22:15:01.888+0000] {logging_mixin.py:188} INFO - [2026-04-14T22:15:01.888+0000] {dag.py:3036} INFO - Sync 1 DAGs
[2026-04-14T22:15:01.915+0000] {logging_mixin.py:188} INFO - [2026-04-14T22:15:01.914+0000] {dag.py:3823} INFO - Setting next_dagrun for talend_dwh_pipeline to 2026-04-14 00:00:00+00:00, run_after=2026-04-15 00:00:00+00:00
[2026-04-14T22:15:01.949+0000] {processor.py:183} INFO - Processing /opt/airflow/dags/talend_dwh_pipeline.py took 0.120 seconds
[2026-04-14T22:15:32.548+0000] {processor.py:161} INFO - Started process (PID=16977) to work on /opt/airflow/dags/talend_dwh_pipeline.py
[2026-04-14T22:15:32.549+0000] {processor.py:830} INFO - Processing file /opt/airflow/dags/talend_dwh_pipeline.py for tasks to queue
[2026-04-14T22:15:32.552+0000] {logging_mixin.py:188} INFO - [2026-04-14T22:15:32.552+0000] {dagbag.py:538} INFO - Filling up the DagBag from /opt/airflow/dags/talend_dwh_pipeline.py
[2026-04-14T22:15:32.572+0000] {processor.py:840} INFO - DAG(s) 'talend_dwh_pipeline' retrieved from /opt/airflow/dags/talend_dwh_pipeline.py
[2026-04-14T22:15:32.594+0000] {logging_mixin.py:188} INFO - [2026-04-14T22:15:32.594+0000] {dag.py:3036} INFO - Sync 1 DAGs
[2026-04-14T22:15:32.618+0000] {logging_mixin.py:188} INFO - [2026-04-14T22:15:32.618+0000] {dag.py:3823} INFO - Setting next_dagrun for talend_dwh_pipeline to 2026-04-14 00:00:00+00:00, run_after=2026-04-15 00:00:00+00:00
[2026-04-14T22:15:32.643+0000] {processor.py:183} INFO - Processing /opt/airflow/dags/talend_dwh_pipeline.py took 0.099 seconds
[2026-04-14T22:16:03.172+0000] {processor.py:161} INFO - Started process (PID=17034) to work on /opt/airflow/dags/talend_dwh_pipeline.py
[2026-04-14T22:16:03.174+0000] {processor.py:830} INFO - Processing file /opt/airflow/dags/talend_dwh_pipeline.py for tasks to queue
[2026-04-14T22:16:03.179+0000] {logging_mixin.py:188} INFO - [2026-04-14T22:16:03.178+0000] {dagbag.py:538} INFO - Filling up the DagBag from /opt/airflow/dags/talend_dwh_pipeline.py
[2026-04-14T22:16:03.215+0000] {processor.py:840} INFO - DAG(s) 'talend_dwh_pipeline' retrieved from /opt/airflow/dags/talend_dwh_pipeline.py
[2026-04-14T22:16:03.244+0000] {logging_mixin.py:188} INFO - [2026-04-14T22:16:03.244+0000] {dag.py:3036} INFO - Sync 1 DAGs
[2026-04-14T22:16:03.276+0000] {logging_mixin.py:188} INFO - [2026-04-14T22:16:03.276+0000] {dag.py:3823} INFO - Setting next_dagrun for talend_dwh_pipeline to 2026-04-14 00:00:00+00:00, run_after=2026-04-15 00:00:00+00:00
[2026-04-14T22:16:03.310+0000] {processor.py:183} INFO - Processing /opt/airflow/dags/talend_dwh_pipeline.py took 0.145 seconds
[2026-04-14T22:16:33.690+0000] {processor.py:161} INFO - Started process (PID=17092) to work on /opt/airflow/dags/talend_dwh_pipeline.py
[2026-04-14T22:16:33.691+0000] {processor.py:830} INFO - Processing file /opt/airflow/dags/talend_dwh_pipeline.py for tasks to queue
[2026-04-14T22:16:33.694+0000] {logging_mixin.py:188} INFO - [2026-04-14T22:16:33.694+0000] {dagbag.py:538} INFO - Filling up the DagBag from /opt/airflow/dags/talend_dwh_pipeline.py
[2026-04-14T22:16:33.734+0000] {processor.py:840} INFO - DAG(s) 'talend_dwh_pipeline' retrieved from /opt/airflow/dags/talend_dwh_pipeline.py
[2026-04-14T22:16:33.770+0000] {logging_mixin.py:188} INFO - [2026-04-14T22:16:33.770+0000] {dag.py:3036} INFO - Sync 1 DAGs
[2026-04-14T22:16:33.822+0000] {logging_mixin.py:188} INFO - [2026-04-14T22:16:33.822+0000] {dag.py:3823} INFO - Setting next_dagrun for talend_dwh_pipeline to 2026-04-14 00:00:00+00:00, run_after=2026-04-15 00:00:00+00:00
[2026-04-14T22:16:33.881+0000] {processor.py:183} INFO - Processing /opt/airflow/dags/talend_dwh_pipeline.py took 0.196 seconds
[2026-04-14T22:17:04.191+0000] {processor.py:161} INFO - Started process (PID=17147) to work on /opt/airflow/dags/talend_dwh_pipeline.py
[2026-04-14T22:17:04.192+0000] {processor.py:830} INFO - Processing file /opt/airflow/dags/talend_dwh_pipeline.py for tasks to queue
[2026-04-14T22:17:04.194+0000] {logging_mixin.py:188} INFO - [2026-04-14T22:17:04.194+0000] {dagbag.py:538} INFO - Filling up the DagBag from /opt/airflow/dags/talend_dwh_pipeline.py
[2026-04-14T22:17:04.218+0000] {processor.py:840} INFO - DAG(s) 'talend_dwh_pipeline' retrieved from /opt/airflow/dags/talend_dwh_pipeline.py
[2026-04-14T22:17:04.267+0000] {logging_mixin.py:188} INFO - [2026-04-14T22:17:04.267+0000] {dag.py:3036} INFO - Sync 1 DAGs
[2026-04-14T22:17:04.304+0000] {logging_mixin.py:188} INFO - [2026-04-14T22:17:04.304+0000] {dag.py:3823} INFO - Setting next_dagrun for talend_dwh_pipeline to 2026-04-14 00:00:00+00:00, run_after=2026-04-15 00:00:00+00:00
[2026-04-14T22:17:04.353+0000] {processor.py:183} INFO - Processing /opt/airflow/dags/talend_dwh_pipeline.py took 0.166 seconds
[2026-04-14T22:17:34.498+0000] {processor.py:161} INFO - Started process (PID=17204) to work on /opt/airflow/dags/talend_dwh_pipeline.py
[2026-04-14T22:17:34.499+0000] {processor.py:830} INFO - Processing file /opt/airflow/dags/talend_dwh_pipeline.py for tasks to queue
[2026-04-14T22:17:34.501+0000] {logging_mixin.py:188} INFO - [2026-04-14T22:17:34.501+0000] {dagbag.py:538} INFO - Filling up the DagBag from /opt/airflow/dags/talend_dwh_pipeline.py
[2026-04-14T22:17:34.526+0000] {processor.py:840} INFO - DAG(s) 'talend_dwh_pipeline' retrieved from /opt/airflow/dags/talend_dwh_pipeline.py
[2026-04-14T22:17:34.550+0000] {logging_mixin.py:188} INFO - [2026-04-14T22:17:34.550+0000] {dag.py:3036} INFO - Sync 1 DAGs
[2026-04-14T22:17:34.573+0000] {logging_mixin.py:188} INFO - [2026-04-14T22:17:34.573+0000] {dag.py:3823} INFO - Setting next_dagrun for talend_dwh_pipeline to 2026-04-14 00:00:00+00:00, run_after=2026-04-15 00:00:00+00:00
[2026-04-14T22:17:34.599+0000] {processor.py:183} INFO - Processing /opt/airflow/dags/talend_dwh_pipeline.py took 0.105 seconds
[2026-04-14T22:18:05.204+0000] {processor.py:161} INFO - Started process (PID=17261) to work on /opt/airflow/dags/talend_dwh_pipeline.py
[2026-04-14T22:18:05.205+0000] {processor.py:830} INFO - Processing file /opt/airflow/dags/talend_dwh_pipeline.py for tasks to queue
[2026-04-14T22:18:05.208+0000] {logging_mixin.py:188} INFO - [2026-04-14T22:18:05.208+0000] {dagbag.py:538} INFO - Filling up the DagBag from /opt/airflow/dags/talend_dwh_pipeline.py
[2026-04-14T22:18:05.238+0000] {processor.py:840} INFO - DAG(s) 'talend_dwh_pipeline' retrieved from /opt/airflow/dags/talend_dwh_pipeline.py
[2026-04-14T22:18:05.264+0000] {logging_mixin.py:188} INFO - [2026-04-14T22:18:05.264+0000] {dag.py:3036} INFO - Sync 1 DAGs
[2026-04-14T22:18:05.292+0000] {logging_mixin.py:188} INFO - [2026-04-14T22:18:05.292+0000] {dag.py:3823} INFO - Setting next_dagrun for talend_dwh_pipeline to 2026-04-14 00:00:00+00:00, run_after=2026-04-15 00:00:00+00:00
[2026-04-14T22:18:05.324+0000] {processor.py:183} INFO - Processing /opt/airflow/dags/talend_dwh_pipeline.py took 0.124 seconds
[2026-04-14T22:18:35.713+0000] {processor.py:161} INFO - Started process (PID=17318) to work on /opt/airflow/dags/talend_dwh_pipeline.py
[2026-04-14T22:18:35.715+0000] {processor.py:830} INFO - Processing file /opt/airflow/dags/talend_dwh_pipeline.py for tasks to queue
[2026-04-14T22:18:35.719+0000] {logging_mixin.py:188} INFO - [2026-04-14T22:18:35.719+0000] {dagbag.py:538} INFO - Filling up the DagBag from /opt/airflow/dags/talend_dwh_pipeline.py
[2026-04-14T22:18:35.758+0000] {processor.py:840} INFO - DAG(s) 'talend_dwh_pipeline' retrieved from /opt/airflow/dags/talend_dwh_pipeline.py
[2026-04-14T22:18:35.812+0000] {logging_mixin.py:188} INFO - [2026-04-14T22:18:35.811+0000] {dag.py:3036} INFO - Sync 1 DAGs
[2026-04-14T22:18:35.854+0000] {logging_mixin.py:188} INFO - [2026-04-14T22:18:35.853+0000] {dag.py:3823} INFO - Setting next_dagrun for talend_dwh_pipeline to 2026-04-14 00:00:00+00:00, run_after=2026-04-15 00:00:00+00:00
[2026-04-14T22:18:35.879+0000] {processor.py:183} INFO - Processing /opt/airflow/dags/talend_dwh_pipeline.py took 0.172 seconds
[2026-04-14T22:19:06.135+0000] {processor.py:161} INFO - Started process (PID=17375) to work on /opt/airflow/dags/talend_dwh_pipeline.py
[2026-04-14T22:19:06.137+0000] {processor.py:830} INFO - Processing file /opt/airflow/dags/talend_dwh_pipeline.py for tasks to queue
[2026-04-14T22:19:06.140+0000] {logging_mixin.py:188} INFO - [2026-04-14T22:19:06.140+0000] {dagbag.py:538} INFO - Filling up the DagBag from /opt/airflow/dags/talend_dwh_pipeline.py
[2026-04-14T22:19:06.190+0000] {processor.py:840} INFO - DAG(s) 'talend_dwh_pipeline' retrieved from /opt/airflow/dags/talend_dwh_pipeline.py
[2026-04-14T22:19:06.217+0000] {logging_mixin.py:188} INFO - [2026-04-14T22:19:06.217+0000] {dag.py:3036} INFO - Sync 1 DAGs
[2026-04-14T22:19:06.241+0000] {logging_mixin.py:188} INFO - [2026-04-14T22:19:06.241+0000] {dag.py:3823} INFO - Setting next_dagrun for talend_dwh_pipeline to 2026-04-14 00:00:00+00:00, run_after=2026-04-15 00:00:00+00:00
[2026-04-14T22:19:06.274+0000] {processor.py:183} INFO - Processing /opt/airflow/dags/talend_dwh_pipeline.py took 0.144 seconds
[2026-04-14T22:19:36.478+0000] {processor.py:161} INFO - Started process (PID=17432) to work on /opt/airflow/dags/talend_dwh_pipeline.py
[2026-04-14T22:19:36.480+0000] {processor.py:830} INFO - Processing file /opt/airflow/dags/talend_dwh_pipeline.py for tasks to queue
[2026-04-14T22:19:36.483+0000] {logging_mixin.py:188} INFO - [2026-04-14T22:19:36.483+0000] {dagbag.py:538} INFO - Filling up the DagBag from /opt/airflow/dags/talend_dwh_pipeline.py
[2026-04-14T22:19:36.518+0000] {processor.py:840} INFO - DAG(s) 'talend_dwh_pipeline' retrieved from /opt/airflow/dags/talend_dwh_pipeline.py
[2026-04-14T22:19:36.552+0000] {logging_mixin.py:188} INFO - [2026-04-14T22:19:36.551+0000] {dag.py:3036} INFO - Sync 1 DAGs
[2026-04-14T22:19:36.589+0000] {logging_mixin.py:188} INFO - [2026-04-14T22:19:36.588+0000] {dag.py:3823} INFO - Setting next_dagrun for talend_dwh_pipeline to 2026-04-14 00:00:00+00:00, run_after=2026-04-15 00:00:00+00:00
[2026-04-14T22:19:36.614+0000] {processor.py:183} INFO - Processing /opt/airflow/dags/talend_dwh_pipeline.py took 0.141 seconds
[2026-04-14T22:20:07.093+0000] {processor.py:161} INFO - Started process (PID=17489) to work on /opt/airflow/dags/talend_dwh_pipeline.py
[2026-04-14T22:20:07.094+0000] {processor.py:830} INFO - Processing file /opt/airflow/dags/talend_dwh_pipeline.py for tasks to queue
[2026-04-14T22:20:07.096+0000] {logging_mixin.py:188} INFO - [2026-04-14T22:20:07.096+0000] {dagbag.py:538} INFO - Filling up the DagBag from /opt/airflow/dags/talend_dwh_pipeline.py
[2026-04-14T22:20:07.117+0000] {processor.py:840} INFO - DAG(s) 'talend_dwh_pipeline' retrieved from /opt/airflow/dags/talend_dwh_pipeline.py
[2026-04-14T22:20:07.141+0000] {logging_mixin.py:188} INFO - [2026-04-14T22:20:07.141+0000] {dag.py:3036} INFO - Sync 1 DAGs
[2026-04-14T22:20:07.165+0000] {logging_mixin.py:188} INFO - [2026-04-14T22:20:07.164+0000] {dag.py:3823} INFO - Setting next_dagrun for talend_dwh_pipeline to 2026-04-14 00:00:00+00:00, run_after=2026-04-15 00:00:00+00:00
[2026-04-14T22:20:07.191+0000] {processor.py:183} INFO - Processing /opt/airflow/dags/talend_dwh_pipeline.py took 0.102 seconds
[2026-04-14T22:20:37.541+0000] {processor.py:161} INFO - Started process (PID=17546) to work on /opt/airflow/dags/talend_dwh_pipeline.py
[2026-04-14T22:20:37.546+0000] {processor.py:830} INFO - Processing file /opt/airflow/dags/talend_dwh_pipeline.py for tasks to queue
[2026-04-14T22:20:37.548+0000] {logging_mixin.py:188} INFO - [2026-04-14T22:20:37.548+0000] {dagbag.py:538} INFO - Filling up the DagBag from /opt/airflow/dags/talend_dwh_pipeline.py
[2026-04-14T22:20:37.573+0000] {processor.py:840} INFO - DAG(s) 'talend_dwh_pipeline' retrieved from /opt/airflow/dags/talend_dwh_pipeline.py
[2026-04-14T22:20:37.602+0000] {logging_mixin.py:188} INFO - [2026-04-14T22:20:37.602+0000] {dag.py:3036} INFO - Sync 1 DAGs
[2026-04-14T22:20:37.631+0000] {logging_mixin.py:188} INFO - [2026-04-14T22:20:37.631+0000] {dag.py:3823} INFO - Setting next_dagrun for talend_dwh_pipeline to 2026-04-14 00:00:00+00:00, run_after=2026-04-15 00:00:00+00:00
[2026-04-14T22:20:37.655+0000] {processor.py:183} INFO - Processing /opt/airflow/dags/talend_dwh_pipeline.py took 0.118 seconds
[2026-04-14T22:21:08.221+0000] {processor.py:161} INFO - Started process (PID=17603) to work on /opt/airflow/dags/talend_dwh_pipeline.py
[2026-04-14T22:21:08.223+0000] {processor.py:830} INFO - Processing file /opt/airflow/dags/talend_dwh_pipeline.py for tasks to queue
[2026-04-14T22:21:08.226+0000] {logging_mixin.py:188} INFO - [2026-04-14T22:21:08.225+0000] {dagbag.py:538} INFO - Filling up the DagBag from /opt/airflow/dags/talend_dwh_pipeline.py
[2026-04-14T22:21:08.255+0000] {processor.py:840} INFO - DAG(s) 'talend_dwh_pipeline' retrieved from /opt/airflow/dags/talend_dwh_pipeline.py
[2026-04-14T22:21:08.278+0000] {logging_mixin.py:188} INFO - [2026-04-14T22:21:08.278+0000] {dag.py:3036} INFO - Sync 1 DAGs
[2026-04-14T22:21:08.299+0000] {logging_mixin.py:188} INFO - [2026-04-14T22:21:08.299+0000] {dag.py:3823} INFO - Setting next_dagrun for talend_dwh_pipeline to 2026-04-14 00:00:00+00:00, run_after=2026-04-15 00:00:00+00:00
[2026-04-14T22:21:08.323+0000] {processor.py:183} INFO - Processing /opt/airflow/dags/talend_dwh_pipeline.py took 0.108 seconds
[2026-04-14T22:21:38.465+0000] {processor.py:161} INFO - Started process (PID=17660) to work on /opt/airflow/dags/talend_dwh_pipeline.py
[2026-04-14T22:21:38.467+0000] {processor.py:830} INFO - Processing file /opt/airflow/dags/talend_dwh_pipeline.py for tasks to queue
[2026-04-14T22:21:38.469+0000] {logging_mixin.py:188} INFO - [2026-04-14T22:21:38.469+0000] {dagbag.py:538} INFO - Filling up the DagBag from /opt/airflow/dags/talend_dwh_pipeline.py
[2026-04-14T22:21:38.488+0000] {processor.py:840} INFO - DAG(s) 'talend_dwh_pipeline' retrieved from /opt/airflow/dags/talend_dwh_pipeline.py
[2026-04-14T22:21:38.510+0000] {logging_mixin.py:188} INFO - [2026-04-14T22:21:38.509+0000] {dag.py:3036} INFO - Sync 1 DAGs
[2026-04-14T22:21:38.533+0000] {logging_mixin.py:188} INFO - [2026-04-14T22:21:38.533+0000] {dag.py:3823} INFO - Setting next_dagrun for talend_dwh_pipeline to 2026-04-14 00:00:00+00:00, run_after=2026-04-15 00:00:00+00:00
[2026-04-14T22:21:38.589+0000] {processor.py:183} INFO - Processing /opt/airflow/dags/talend_dwh_pipeline.py took 0.128 seconds
[2026-04-14T22:22:08.731+0000] {processor.py:161} INFO - Started process (PID=17717) to work on /opt/airflow/dags/talend_dwh_pipeline.py
[2026-04-14T22:22:08.733+0000] {processor.py:830} INFO - Processing file /opt/airflow/dags/talend_dwh_pipeline.py for tasks to queue
[2026-04-14T22:22:08.735+0000] {logging_mixin.py:188} INFO - [2026-04-14T22:22:08.734+0000] {dagbag.py:538} INFO - Filling up the DagBag from /opt/airflow/dags/talend_dwh_pipeline.py
[2026-04-14T22:22:08.756+0000] {processor.py:840} INFO - DAG(s) 'talend_dwh_pipeline' retrieved from /opt/airflow/dags/talend_dwh_pipeline.py
[2026-04-14T22:22:08.780+0000] {logging_mixin.py:188} INFO - [2026-04-14T22:22:08.779+0000] {dag.py:3036} INFO - Sync 1 DAGs
[2026-04-14T22:22:08.810+0000] {logging_mixin.py:188} INFO - [2026-04-14T22:22:08.810+0000] {dag.py:3823} INFO - Setting next_dagrun for talend_dwh_pipeline to 2026-04-14 00:00:00+00:00, run_after=2026-04-15 00:00:00+00:00
[2026-04-14T22:22:08.833+0000] {processor.py:183} INFO - Processing /opt/airflow/dags/talend_dwh_pipeline.py took 0.105 seconds
[2026-04-14T22:22:39.448+0000] {processor.py:161} INFO - Started process (PID=17774) to work on /opt/airflow/dags/talend_dwh_pipeline.py
[2026-04-14T22:22:39.449+0000] {processor.py:830} INFO - Processing file /opt/airflow/dags/talend_dwh_pipeline.py for tasks to queue
[2026-04-14T22:22:39.451+0000] {logging_mixin.py:188} INFO - [2026-04-14T22:22:39.451+0000] {dagbag.py:538} INFO - Filling up the DagBag from /opt/airflow/dags/talend_dwh_pipeline.py
[2026-04-14T22:22:39.472+0000] {processor.py:840} INFO - DAG(s) 'talend_dwh_pipeline' retrieved from /opt/airflow/dags/talend_dwh_pipeline.py
[2026-04-14T22:22:39.500+0000] {logging_mixin.py:188} INFO - [2026-04-14T22:22:39.499+0000] {dag.py:3036} INFO - Sync 1 DAGs
[2026-04-14T22:22:39.531+0000] {logging_mixin.py:188} INFO - [2026-04-14T22:22:39.531+0000] {dag.py:3823} INFO - Setting next_dagrun for talend_dwh_pipeline to 2026-04-14 00:00:00+00:00, run_after=2026-04-15 00:00:00+00:00
[2026-04-14T22:22:39.557+0000] {processor.py:183} INFO - Processing /opt/airflow/dags/talend_dwh_pipeline.py took 0.114 seconds
[2026-04-14T22:23:09.935+0000] {processor.py:161} INFO - Started process (PID=17831) to work on /opt/airflow/dags/talend_dwh_pipeline.py
[2026-04-14T22:23:09.937+0000] {processor.py:830} INFO - Processing file /opt/airflow/dags/talend_dwh_pipeline.py for tasks to queue
[2026-04-14T22:23:09.939+0000] {logging_mixin.py:188} INFO - [2026-04-14T22:23:09.939+0000] {dagbag.py:538} INFO - Filling up the DagBag from /opt/airflow/dags/talend_dwh_pipeline.py
[2026-04-14T22:23:09.969+0000] {processor.py:840} INFO - DAG(s) 'talend_dwh_pipeline' retrieved from /opt/airflow/dags/talend_dwh_pipeline.py
[2026-04-14T22:23:10.001+0000] {logging_mixin.py:188} INFO - [2026-04-14T22:23:10.001+0000] {dag.py:3036} INFO - Sync 1 DAGs
[2026-04-14T22:23:10.027+0000] {logging_mixin.py:188} INFO - [2026-04-14T22:23:10.026+0000] {dag.py:3823} INFO - Setting next_dagrun for talend_dwh_pipeline to 2026-04-14 00:00:00+00:00, run_after=2026-04-15 00:00:00+00:00
[2026-04-14T22:23:10.056+0000] {processor.py:183} INFO - Processing /opt/airflow/dags/talend_dwh_pipeline.py took 0.126 seconds
[2026-04-14T22:23:40.707+0000] {processor.py:161} INFO - Started process (PID=17888) to work on /opt/airflow/dags/talend_dwh_pipeline.py
[2026-04-14T22:23:40.708+0000] {processor.py:830} INFO - Processing file /opt/airflow/dags/talend_dwh_pipeline.py for tasks to queue
[2026-04-14T22:23:40.712+0000] {logging_mixin.py:188} INFO - [2026-04-14T22:23:40.711+0000] {dagbag.py:538} INFO - Filling up the DagBag from /opt/airflow/dags/talend_dwh_pipeline.py
[2026-04-14T22:23:40.739+0000] {processor.py:840} INFO - DAG(s) 'talend_dwh_pipeline' retrieved from /opt/airflow/dags/talend_dwh_pipeline.py
[2026-04-14T22:23:40.767+0000] {logging_mixin.py:188} INFO - [2026-04-14T22:23:40.767+0000] {dag.py:3036} INFO - Sync 1 DAGs
[2026-04-14T22:23:40.796+0000] {logging_mixin.py:188} INFO - [2026-04-14T22:23:40.795+0000] {dag.py:3823} INFO - Setting next_dagrun for talend_dwh_pipeline to 2026-04-14 00:00:00+00:00, run_after=2026-04-15 00:00:00+00:00
[2026-04-14T22:23:40.823+0000] {processor.py:183} INFO - Processing /opt/airflow/dags/talend_dwh_pipeline.py took 0.121 seconds
[2026-04-14T22:24:11.320+0000] {processor.py:161} INFO - Started process (PID=17944) to work on /opt/airflow/dags/talend_dwh_pipeline.py
[2026-04-14T22:24:11.321+0000] {processor.py:830} INFO - Processing file /opt/airflow/dags/talend_dwh_pipeline.py for tasks to queue
[2026-04-14T22:24:11.323+0000] {logging_mixin.py:188} INFO - [2026-04-14T22:24:11.323+0000] {dagbag.py:538} INFO - Filling up the DagBag from /opt/airflow/dags/talend_dwh_pipeline.py
[2026-04-14T22:24:11.343+0000] {processor.py:840} INFO - DAG(s) 'talend_dwh_pipeline' retrieved from /opt/airflow/dags/talend_dwh_pipeline.py
[2026-04-14T22:24:11.364+0000] {logging_mixin.py:188} INFO - [2026-04-14T22:24:11.364+0000] {dag.py:3036} INFO - Sync 1 DAGs
[2026-04-14T22:24:11.386+0000] {logging_mixin.py:188} INFO - [2026-04-14T22:24:11.386+0000] {dag.py:3823} INFO - Setting next_dagrun for talend_dwh_pipeline to 2026-04-14 00:00:00+00:00, run_after=2026-04-15 00:00:00+00:00
[2026-04-14T22:24:11.410+0000] {processor.py:183} INFO - Processing /opt/airflow/dags/talend_dwh_pipeline.py took 0.094 seconds
[2026-04-14T22:24:41.656+0000] {processor.py:161} INFO - Started process (PID=18001) to work on /opt/airflow/dags/talend_dwh_pipeline.py
[2026-04-14T22:24:41.658+0000] {processor.py:830} INFO - Processing file /opt/airflow/dags/talend_dwh_pipeline.py for tasks to queue
[2026-04-14T22:24:41.661+0000] {logging_mixin.py:188} INFO - [2026-04-14T22:24:41.660+0000] {dagbag.py:538} INFO - Filling up the DagBag from /opt/airflow/dags/talend_dwh_pipeline.py
[2026-04-14T22:24:41.688+0000] {processor.py:840} INFO - DAG(s) 'talend_dwh_pipeline' retrieved from /opt/airflow/dags/talend_dwh_pipeline.py
[2026-04-14T22:24:41.721+0000] {logging_mixin.py:188} INFO - [2026-04-14T22:24:41.721+0000] {dag.py:3036} INFO - Sync 1 DAGs
[2026-04-14T22:24:41.754+0000] {logging_mixin.py:188} INFO - [2026-04-14T22:24:41.754+0000] {dag.py:3823} INFO - Setting next_dagrun for talend_dwh_pipeline to 2026-04-14 00:00:00+00:00, run_after=2026-04-15 00:00:00+00:00
[2026-04-14T22:24:41.785+0000] {processor.py:183} INFO - Processing /opt/airflow/dags/talend_dwh_pipeline.py took 0.134 seconds
[2026-04-14T22:25:12.193+0000] {processor.py:161} INFO - Started process (PID=18058) to work on /opt/airflow/dags/talend_dwh_pipeline.py
[2026-04-14T22:25:12.194+0000] {processor.py:830} INFO - Processing file /opt/airflow/dags/talend_dwh_pipeline.py for tasks to queue
[2026-04-14T22:25:12.196+0000] {logging_mixin.py:188} INFO - [2026-04-14T22:25:12.196+0000] {dagbag.py:538} INFO - Filling up the DagBag from /opt/airflow/dags/talend_dwh_pipeline.py
[2026-04-14T22:25:12.215+0000] {processor.py:840} INFO - DAG(s) 'talend_dwh_pipeline' retrieved from /opt/airflow/dags/talend_dwh_pipeline.py
[2026-04-14T22:25:12.238+0000] {logging_mixin.py:188} INFO - [2026-04-14T22:25:12.237+0000] {dag.py:3036} INFO - Sync 1 DAGs
[2026-04-14T22:25:12.260+0000] {logging_mixin.py:188} INFO - [2026-04-14T22:25:12.259+0000] {dag.py:3823} INFO - Setting next_dagrun for talend_dwh_pipeline to 2026-04-14 00:00:00+00:00, run_after=2026-04-15 00:00:00+00:00
[2026-04-14T22:25:12.284+0000] {processor.py:183} INFO - Processing /opt/airflow/dags/talend_dwh_pipeline.py took 0.096 seconds
[2026-04-14T22:25:43.033+0000] {processor.py:161} INFO - Started process (PID=18115) to work on /opt/airflow/dags/talend_dwh_pipeline.py
[2026-04-14T22:25:43.034+0000] {processor.py:830} INFO - Processing file /opt/airflow/dags/talend_dwh_pipeline.py for tasks to queue
[2026-04-14T22:25:43.036+0000] {logging_mixin.py:188} INFO - [2026-04-14T22:25:43.036+0000] {dagbag.py:538} INFO - Filling up the DagBag from /opt/airflow/dags/talend_dwh_pipeline.py
[2026-04-14T22:25:43.057+0000] {processor.py:840} INFO - DAG(s) 'talend_dwh_pipeline' retrieved from /opt/airflow/dags/talend_dwh_pipeline.py
[2026-04-14T22:25:43.083+0000] {logging_mixin.py:188} INFO - [2026-04-14T22:25:43.083+0000] {dag.py:3036} INFO - Sync 1 DAGs
[2026-04-14T22:25:43.109+0000] {logging_mixin.py:188} INFO - [2026-04-14T22:25:43.109+0000] {dag.py:3823} INFO - Setting next_dagrun for talend_dwh_pipeline to 2026-04-14 00:00:00+00:00, run_after=2026-04-15 00:00:00+00:00
[2026-04-14T22:25:43.141+0000] {processor.py:183} INFO - Processing /opt/airflow/dags/talend_dwh_pipeline.py took 0.113 seconds
[2026-04-14T22:26:13.286+0000] {processor.py:161} INFO - Started process (PID=18172) to work on /opt/airflow/dags/talend_dwh_pipeline.py
[2026-04-14T22:26:13.287+0000] {processor.py:830} INFO - Processing file /opt/airflow/dags/talend_dwh_pipeline.py for tasks to queue
[2026-04-14T22:26:13.290+0000] {logging_mixin.py:188} INFO - [2026-04-14T22:26:13.289+0000] {dagbag.py:538} INFO - Filling up the DagBag from /opt/airflow/dags/talend_dwh_pipeline.py
[2026-04-14T22:26:13.310+0000] {processor.py:840} INFO - DAG(s) 'talend_dwh_pipeline' retrieved from /opt/airflow/dags/talend_dwh_pipeline.py
[2026-04-14T22:26:13.336+0000] {logging_mixin.py:188} INFO - [2026-04-14T22:26:13.335+0000] {dag.py:3036} INFO - Sync 1 DAGs
[2026-04-14T22:26:13.358+0000] {logging_mixin.py:188} INFO - [2026-04-14T22:26:13.358+0000] {dag.py:3823} INFO - Setting next_dagrun for talend_dwh_pipeline to 2026-04-14 00:00:00+00:00, run_after=2026-04-15 00:00:00+00:00
[2026-04-14T22:26:13.384+0000] {processor.py:183} INFO - Processing /opt/airflow/dags/talend_dwh_pipeline.py took 0.102 seconds
[2026-04-14T22:26:43.940+0000] {processor.py:161} INFO - Started process (PID=18229) to work on /opt/airflow/dags/talend_dwh_pipeline.py
[2026-04-14T22:26:43.942+0000] {processor.py:830} INFO - Processing file /opt/airflow/dags/talend_dwh_pipeline.py for tasks to queue
[2026-04-14T22:26:43.944+0000] {logging_mixin.py:188} INFO - [2026-04-14T22:26:43.944+0000] {dagbag.py:538} INFO - Filling up the DagBag from /opt/airflow/dags/talend_dwh_pipeline.py
[2026-04-14T22:26:43.967+0000] {processor.py:840} INFO - DAG(s) 'talend_dwh_pipeline' retrieved from /opt/airflow/dags/talend_dwh_pipeline.py
[2026-04-14T22:26:43.989+0000] {logging_mixin.py:188} INFO - [2026-04-14T22:26:43.989+0000] {dag.py:3036} INFO - Sync 1 DAGs
[2026-04-14T22:26:44.013+0000] {logging_mixin.py:188} INFO - [2026-04-14T22:26:44.013+0000] {dag.py:3823} INFO - Setting next_dagrun for talend_dwh_pipeline to 2026-04-14 00:00:00+00:00, run_after=2026-04-15 00:00:00+00:00
[2026-04-14T22:26:44.038+0000] {processor.py:183} INFO - Processing /opt/airflow/dags/talend_dwh_pipeline.py took 0.102 seconds
[2026-04-14T22:27:14.268+0000] {processor.py:161} INFO - Started process (PID=18286) to work on /opt/airflow/dags/talend_dwh_pipeline.py
[2026-04-14T22:27:14.271+0000] {processor.py:830} INFO - Processing file /opt/airflow/dags/talend_dwh_pipeline.py for tasks to queue
[2026-04-14T22:27:14.274+0000] {logging_mixin.py:188} INFO - [2026-04-14T22:27:14.273+0000] {dagbag.py:538} INFO - Filling up the DagBag from /opt/airflow/dags/talend_dwh_pipeline.py
[2026-04-14T22:27:14.296+0000] {processor.py:840} INFO - DAG(s) 'talend_dwh_pipeline' retrieved from /opt/airflow/dags/talend_dwh_pipeline.py
[2026-04-14T22:27:14.326+0000] {logging_mixin.py:188} INFO - [2026-04-14T22:27:14.325+0000] {dag.py:3036} INFO - Sync 1 DAGs
[2026-04-14T22:27:14.356+0000] {logging_mixin.py:188} INFO - [2026-04-14T22:27:14.356+0000] {dag.py:3823} INFO - Setting next_dagrun for talend_dwh_pipeline to 2026-04-14 00:00:00+00:00, run_after=2026-04-15 00:00:00+00:00
[2026-04-14T22:27:14.380+0000] {processor.py:183} INFO - Processing /opt/airflow/dags/talend_dwh_pipeline.py took 0.117 seconds
[2026-04-14T22:27:44.460+0000] {processor.py:161} INFO - Started process (PID=18343) to work on /opt/airflow/dags/talend_dwh_pipeline.py
[2026-04-14T22:27:44.463+0000] {processor.py:830} INFO - Processing file /opt/airflow/dags/talend_dwh_pipeline.py for tasks to queue
[2026-04-14T22:27:44.465+0000] {logging_mixin.py:188} INFO - [2026-04-14T22:27:44.465+0000] {dagbag.py:538} INFO - Filling up the DagBag from /opt/airflow/dags/talend_dwh_pipeline.py
[2026-04-14T22:27:44.497+0000] {processor.py:840} INFO - DAG(s) 'talend_dwh_pipeline' retrieved from /opt/airflow/dags/talend_dwh_pipeline.py
[2026-04-14T22:27:44.531+0000] {logging_mixin.py:188} INFO - [2026-04-14T22:27:44.531+0000] {dag.py:3036} INFO - Sync 1 DAGs
[2026-04-14T22:27:44.566+0000] {logging_mixin.py:188} INFO - [2026-04-14T22:27:44.566+0000] {dag.py:3823} INFO - Setting next_dagrun for talend_dwh_pipeline to 2026-04-14 00:00:00+00:00, run_after=2026-04-15 00:00:00+00:00
[2026-04-14T22:27:44.598+0000] {processor.py:183} INFO - Processing /opt/airflow/dags/talend_dwh_pipeline.py took 0.144 seconds
[2026-04-14T22:28:15.178+0000] {processor.py:161} INFO - Started process (PID=18400) to work on /opt/airflow/dags/talend_dwh_pipeline.py
[2026-04-14T22:28:15.179+0000] {processor.py:830} INFO - Processing file /opt/airflow/dags/talend_dwh_pipeline.py for tasks to queue
[2026-04-14T22:28:15.181+0000] {logging_mixin.py:188} INFO - [2026-04-14T22:28:15.181+0000] {dagbag.py:538} INFO - Filling up the DagBag from /opt/airflow/dags/talend_dwh_pipeline.py
[2026-04-14T22:28:15.202+0000] {processor.py:840} INFO - DAG(s) 'talend_dwh_pipeline' retrieved from /opt/airflow/dags/talend_dwh_pipeline.py
[2026-04-14T22:28:15.228+0000] {logging_mixin.py:188} INFO - [2026-04-14T22:28:15.227+0000] {dag.py:3036} INFO - Sync 1 DAGs
[2026-04-14T22:28:15.256+0000] {logging_mixin.py:188} INFO - [2026-04-14T22:28:15.255+0000] {dag.py:3823} INFO - Setting next_dagrun for talend_dwh_pipeline to 2026-04-14 00:00:00+00:00, run_after=2026-04-15 00:00:00+00:00
[2026-04-14T22:28:15.284+0000] {processor.py:183} INFO - Processing /opt/airflow/dags/talend_dwh_pipeline.py took 0.111 seconds
[2026-04-14T22:28:45.588+0000] {processor.py:161} INFO - Started process (PID=18458) to work on /opt/airflow/dags/talend_dwh_pipeline.py
[2026-04-14T22:28:45.590+0000] {processor.py:830} INFO - Processing file /opt/airflow/dags/talend_dwh_pipeline.py for tasks to queue
[2026-04-14T22:28:45.592+0000] {logging_mixin.py:188} INFO - [2026-04-14T22:28:45.591+0000] {dagbag.py:538} INFO - Filling up the DagBag from /opt/airflow/dags/talend_dwh_pipeline.py
[2026-04-14T22:28:45.618+0000] {processor.py:840} INFO - DAG(s) 'talend_dwh_pipeline' retrieved from /opt/airflow/dags/talend_dwh_pipeline.py
[2026-04-14T22:28:45.647+0000] {logging_mixin.py:188} INFO - [2026-04-14T22:28:45.646+0000] {dag.py:3036} INFO - Sync 1 DAGs
[2026-04-14T22:28:45.672+0000] {logging_mixin.py:188} INFO - [2026-04-14T22:28:45.672+0000] {dag.py:3823} INFO - Setting next_dagrun for talend_dwh_pipeline to 2026-04-14 00:00:00+00:00, run_after=2026-04-15 00:00:00+00:00
[2026-04-14T22:28:45.725+0000] {processor.py:183} INFO - Processing /opt/airflow/dags/talend_dwh_pipeline.py took 0.140 seconds
[2026-04-14T22:29:16.293+0000] {processor.py:161} INFO - Started process (PID=18515) to work on /opt/airflow/dags/talend_dwh_pipeline.py
[2026-04-14T22:29:16.294+0000] {processor.py:830} INFO - Processing file /opt/airflow/dags/talend_dwh_pipeline.py for tasks to queue
[2026-04-14T22:29:16.296+0000] {logging_mixin.py:188} INFO - [2026-04-14T22:29:16.296+0000] {dagbag.py:538} INFO - Filling up the DagBag from /opt/airflow/dags/talend_dwh_pipeline.py
[2026-04-14T22:29:16.316+0000] {processor.py:840} INFO - DAG(s) 'talend_dwh_pipeline' retrieved from /opt/airflow/dags/talend_dwh_pipeline.py
[2026-04-14T22:29:16.339+0000] {logging_mixin.py:188} INFO - [2026-04-14T22:29:16.339+0000] {dag.py:3036} INFO - Sync 1 DAGs
[2026-04-14T22:29:16.364+0000] {logging_mixin.py:188} INFO - [2026-04-14T22:29:16.364+0000] {dag.py:3823} INFO - Setting next_dagrun for talend_dwh_pipeline to 2026-04-14 00:00:00+00:00, run_after=2026-04-15 00:00:00+00:00
[2026-04-14T22:29:16.389+0000] {processor.py:183} INFO - Processing /opt/airflow/dags/talend_dwh_pipeline.py took 0.100 seconds
[2026-04-14T22:29:46.885+0000] {processor.py:161} INFO - Started process (PID=18572) to work on /opt/airflow/dags/talend_dwh_pipeline.py
[2026-04-14T22:29:46.886+0000] {processor.py:830} INFO - Processing file /opt/airflow/dags/talend_dwh_pipeline.py for tasks to queue
[2026-04-14T22:29:46.890+0000] {logging_mixin.py:188} INFO - [2026-04-14T22:29:46.889+0000] {dagbag.py:538} INFO - Filling up the DagBag from /opt/airflow/dags/talend_dwh_pipeline.py
[2026-04-14T22:29:46.914+0000] {processor.py:840} INFO - DAG(s) 'talend_dwh_pipeline' retrieved from /opt/airflow/dags/talend_dwh_pipeline.py
[2026-04-14T22:29:46.942+0000] {logging_mixin.py:188} INFO - [2026-04-14T22:29:46.941+0000] {dag.py:3036} INFO - Sync 1 DAGs
[2026-04-14T22:29:46.976+0000] {logging_mixin.py:188} INFO - [2026-04-14T22:29:46.975+0000] {dag.py:3823} INFO - Setting next_dagrun for talend_dwh_pipeline to 2026-04-14 00:00:00+00:00, run_after=2026-04-15 00:00:00+00:00
[2026-04-14T22:29:47.006+0000] {processor.py:183} INFO - Processing /opt/airflow/dags/talend_dwh_pipeline.py took 0.125 seconds
[2026-04-14T22:30:17.485+0000] {processor.py:161} INFO - Started process (PID=18629) to work on /opt/airflow/dags/talend_dwh_pipeline.py
[2026-04-14T22:30:17.487+0000] {processor.py:830} INFO - Processing file /opt/airflow/dags/talend_dwh_pipeline.py for tasks to queue
[2026-04-14T22:30:17.490+0000] {logging_mixin.py:188} INFO - [2026-04-14T22:30:17.490+0000] {dagbag.py:538} INFO - Filling up the DagBag from /opt/airflow/dags/talend_dwh_pipeline.py
[2026-04-14T22:30:17.516+0000] {processor.py:840} INFO - DAG(s) 'talend_dwh_pipeline' retrieved from /opt/airflow/dags/talend_dwh_pipeline.py
[2026-04-14T22:30:17.540+0000] {logging_mixin.py:188} INFO - [2026-04-14T22:30:17.540+0000] {dag.py:3036} INFO - Sync 1 DAGs
[2026-04-14T22:30:17.565+0000] {logging_mixin.py:188} INFO - [2026-04-14T22:30:17.564+0000] {dag.py:3823} INFO - Setting next_dagrun for talend_dwh_pipeline to 2026-04-14 00:00:00+00:00, run_after=2026-04-15 00:00:00+00:00
[2026-04-14T22:30:17.592+0000] {processor.py:183} INFO - Processing /opt/airflow/dags/talend_dwh_pipeline.py took 0.110 seconds
[2026-04-14T22:30:48.228+0000] {processor.py:161} INFO - Started process (PID=18686) to work on /opt/airflow/dags/talend_dwh_pipeline.py
[2026-04-14T22:30:48.229+0000] {processor.py:830} INFO - Processing file /opt/airflow/dags/talend_dwh_pipeline.py for tasks to queue
[2026-04-14T22:30:48.231+0000] {logging_mixin.py:188} INFO - [2026-04-14T22:30:48.231+0000] {dagbag.py:538} INFO - Filling up the DagBag from /opt/airflow/dags/talend_dwh_pipeline.py
[2026-04-14T22:30:48.257+0000] {processor.py:840} INFO - DAG(s) 'talend_dwh_pipeline' retrieved from /opt/airflow/dags/talend_dwh_pipeline.py
[2026-04-14T22:30:48.281+0000] {logging_mixin.py:188} INFO - [2026-04-14T22:30:48.281+0000] {dag.py:3036} INFO - Sync 1 DAGs
[2026-04-14T22:30:48.305+0000] {logging_mixin.py:188} INFO - [2026-04-14T22:30:48.304+0000] {dag.py:3823} INFO - Setting next_dagrun for talend_dwh_pipeline to 2026-04-14 00:00:00+00:00, run_after=2026-04-15 00:00:00+00:00
[2026-04-14T22:30:48.331+0000] {processor.py:183} INFO - Processing /opt/airflow/dags/talend_dwh_pipeline.py took 0.107 seconds
[2026-04-14T22:31:18.639+0000] {processor.py:161} INFO - Started process (PID=18743) to work on /opt/airflow/dags/talend_dwh_pipeline.py
[2026-04-14T22:31:18.640+0000] {processor.py:830} INFO - Processing file /opt/airflow/dags/talend_dwh_pipeline.py for tasks to queue
[2026-04-14T22:31:18.643+0000] {logging_mixin.py:188} INFO - [2026-04-14T22:31:18.643+0000] {dagbag.py:538} INFO - Filling up the DagBag from /opt/airflow/dags/talend_dwh_pipeline.py
[2026-04-14T22:31:18.667+0000] {processor.py:840} INFO - DAG(s) 'talend_dwh_pipeline' retrieved from /opt/airflow/dags/talend_dwh_pipeline.py
[2026-04-14T22:31:18.699+0000] {logging_mixin.py:188} INFO - [2026-04-14T22:31:18.699+0000] {dag.py:3036} INFO - Sync 1 DAGs
[2026-04-14T22:31:18.726+0000] {logging_mixin.py:188} INFO - [2026-04-14T22:31:18.726+0000] {dag.py:3823} INFO - Setting next_dagrun for talend_dwh_pipeline to 2026-04-14 00:00:00+00:00, run_after=2026-04-15 00:00:00+00:00
[2026-04-14T22:31:18.755+0000] {processor.py:183} INFO - Processing /opt/airflow/dags/talend_dwh_pipeline.py took 0.122 seconds
[2026-04-14T22:31:49.255+0000] {processor.py:161} INFO - Started process (PID=18800) to work on /opt/airflow/dags/talend_dwh_pipeline.py
[2026-04-14T22:31:49.257+0000] {processor.py:830} INFO - Processing file /opt/airflow/dags/talend_dwh_pipeline.py for tasks to queue
[2026-04-14T22:31:49.259+0000] {logging_mixin.py:188} INFO - [2026-04-14T22:31:49.259+0000] {dagbag.py:538} INFO - Filling up the DagBag from /opt/airflow/dags/talend_dwh_pipeline.py
[2026-04-14T22:31:49.287+0000] {processor.py:840} INFO - DAG(s) 'talend_dwh_pipeline' retrieved from /opt/airflow/dags/talend_dwh_pipeline.py
[2026-04-14T22:31:49.313+0000] {logging_mixin.py:188} INFO - [2026-04-14T22:31:49.312+0000] {dag.py:3036} INFO - Sync 1 DAGs
[2026-04-14T22:31:49.339+0000] {logging_mixin.py:188} INFO - [2026-04-14T22:31:49.339+0000] {dag.py:3823} INFO - Setting next_dagrun for talend_dwh_pipeline to 2026-04-14 00:00:00+00:00, run_after=2026-04-15 00:00:00+00:00
[2026-04-14T22:31:49.366+0000] {processor.py:183} INFO - Processing /opt/airflow/dags/talend_dwh_pipeline.py took 0.116 seconds
[2026-04-14T22:32:19.931+0000] {processor.py:161} INFO - Started process (PID=18863) to work on /opt/airflow/dags/talend_dwh_pipeline.py
[2026-04-14T22:32:19.933+0000] {processor.py:830} INFO - Processing file /opt/airflow/dags/talend_dwh_pipeline.py for tasks to queue
[2026-04-14T22:32:19.937+0000] {logging_mixin.py:188} INFO - [2026-04-14T22:32:19.936+0000] {dagbag.py:538} INFO - Filling up the DagBag from /opt/airflow/dags/talend_dwh_pipeline.py
[2026-04-14T22:32:19.975+0000] {processor.py:840} INFO - DAG(s) 'talend_dwh_pipeline' retrieved from /opt/airflow/dags/talend_dwh_pipeline.py
[2026-04-14T22:32:20.005+0000] {logging_mixin.py:188} INFO - [2026-04-14T22:32:20.005+0000] {dag.py:3036} INFO - Sync 1 DAGs
[2026-04-14T22:32:20.036+0000] {logging_mixin.py:188} INFO - [2026-04-14T22:32:20.036+0000] {dag.py:3823} INFO - Setting next_dagrun for talend_dwh_pipeline to 2026-04-14 00:00:00+00:00, run_after=2026-04-15 00:00:00+00:00
[2026-04-14T22:32:20.059+0000] {processor.py:183} INFO - Processing /opt/airflow/dags/talend_dwh_pipeline.py took 0.135 seconds
[2026-04-14T22:32:50.256+0000] {processor.py:161} INFO - Started process (PID=18920) to work on /opt/airflow/dags/talend_dwh_pipeline.py
[2026-04-14T22:32:50.257+0000] {processor.py:830} INFO - Processing file /opt/airflow/dags/talend_dwh_pipeline.py for tasks to queue
[2026-04-14T22:32:50.259+0000] {logging_mixin.py:188} INFO - [2026-04-14T22:32:50.259+0000] {dagbag.py:538} INFO - Filling up the DagBag from /opt/airflow/dags/talend_dwh_pipeline.py
[2026-04-14T22:32:50.279+0000] {processor.py:840} INFO - DAG(s) 'talend_dwh_pipeline' retrieved from /opt/airflow/dags/talend_dwh_pipeline.py
[2026-04-14T22:32:50.304+0000] {logging_mixin.py:188} INFO - [2026-04-14T22:32:50.304+0000] {dag.py:3036} INFO - Sync 1 DAGs
[2026-04-14T22:32:50.330+0000] {logging_mixin.py:188} INFO - [2026-04-14T22:32:50.330+0000] {dag.py:3823} INFO - Setting next_dagrun for talend_dwh_pipeline to 2026-04-14 00:00:00+00:00, run_after=2026-04-15 00:00:00+00:00
[2026-04-14T22:32:50.392+0000] {processor.py:183} INFO - Processing /opt/airflow/dags/talend_dwh_pipeline.py took 0.140 seconds
[2026-04-14T22:33:20.810+0000] {processor.py:161} INFO - Started process (PID=18977) to work on /opt/airflow/dags/talend_dwh_pipeline.py
[2026-04-14T22:33:20.811+0000] {processor.py:830} INFO - Processing file /opt/airflow/dags/talend_dwh_pipeline.py for tasks to queue
[2026-04-14T22:33:20.813+0000] {logging_mixin.py:188} INFO - [2026-04-14T22:33:20.813+0000] {dagbag.py:538} INFO - Filling up the DagBag from /opt/airflow/dags/talend_dwh_pipeline.py
[2026-04-14T22:33:20.835+0000] {processor.py:840} INFO - DAG(s) 'talend_dwh_pipeline' retrieved from /opt/airflow/dags/talend_dwh_pipeline.py
[2026-04-14T22:33:20.860+0000] {logging_mixin.py:188} INFO - [2026-04-14T22:33:20.860+0000] {dag.py:3036} INFO - Sync 1 DAGs
[2026-04-14T22:33:20.887+0000] {logging_mixin.py:188} INFO - [2026-04-14T22:33:20.886+0000] {dag.py:3823} INFO - Setting next_dagrun for talend_dwh_pipeline to 2026-04-14 00:00:00+00:00, run_after=2026-04-15 00:00:00+00:00
[2026-04-14T22:33:20.916+0000] {processor.py:183} INFO - Processing /opt/airflow/dags/talend_dwh_pipeline.py took 0.109 seconds
[2026-04-14T22:33:51.149+0000] {processor.py:161} INFO - Started process (PID=19034) to work on /opt/airflow/dags/talend_dwh_pipeline.py
[2026-04-14T22:33:51.150+0000] {processor.py:830} INFO - Processing file /opt/airflow/dags/talend_dwh_pipeline.py for tasks to queue
[2026-04-14T22:33:51.152+0000] {logging_mixin.py:188} INFO - [2026-04-14T22:33:51.152+0000] {dagbag.py:538} INFO - Filling up the DagBag from /opt/airflow/dags/talend_dwh_pipeline.py
[2026-04-14T22:33:51.177+0000] {processor.py:840} INFO - DAG(s) 'talend_dwh_pipeline' retrieved from /opt/airflow/dags/talend_dwh_pipeline.py
[2026-04-14T22:33:51.200+0000] {logging_mixin.py:188} INFO - [2026-04-14T22:33:51.199+0000] {dag.py:3036} INFO - Sync 1 DAGs
[2026-04-14T22:33:51.221+0000] {logging_mixin.py:188} INFO - [2026-04-14T22:33:51.221+0000] {dag.py:3823} INFO - Setting next_dagrun for talend_dwh_pipeline to 2026-04-14 00:00:00+00:00, run_after=2026-04-15 00:00:00+00:00
[2026-04-14T22:33:51.252+0000] {processor.py:183} INFO - Processing /opt/airflow/dags/talend_dwh_pipeline.py took 0.106 seconds
[2026-04-14T22:34:21.640+0000] {processor.py:161} INFO - Started process (PID=19091) to work on /opt/airflow/dags/talend_dwh_pipeline.py
[2026-04-14T22:34:21.641+0000] {processor.py:830} INFO - Processing file /opt/airflow/dags/talend_dwh_pipeline.py for tasks to queue
[2026-04-14T22:34:21.644+0000] {logging_mixin.py:188} INFO - [2026-04-14T22:34:21.643+0000] {dagbag.py:538} INFO - Filling up the DagBag from /opt/airflow/dags/talend_dwh_pipeline.py
[2026-04-14T22:34:21.664+0000] {processor.py:840} INFO - DAG(s) 'talend_dwh_pipeline' retrieved from /opt/airflow/dags/talend_dwh_pipeline.py
[2026-04-14T22:34:21.686+0000] {logging_mixin.py:188} INFO - [2026-04-14T22:34:21.686+0000] {dag.py:3036} INFO - Sync 1 DAGs
[2026-04-14T22:34:21.710+0000] {logging_mixin.py:188} INFO - [2026-04-14T22:34:21.709+0000] {dag.py:3823} INFO - Setting next_dagrun for talend_dwh_pipeline to 2026-04-14 00:00:00+00:00, run_after=2026-04-15 00:00:00+00:00
[2026-04-14T22:34:21.740+0000] {processor.py:183} INFO - Processing /opt/airflow/dags/talend_dwh_pipeline.py took 0.104 seconds
[2026-04-14T22:34:51.825+0000] {processor.py:161} INFO - Started process (PID=19146) to work on /opt/airflow/dags/talend_dwh_pipeline.py
[2026-04-14T22:34:51.826+0000] {processor.py:830} INFO - Processing file /opt/airflow/dags/talend_dwh_pipeline.py for tasks to queue
[2026-04-14T22:34:51.829+0000] {logging_mixin.py:188} INFO - [2026-04-14T22:34:51.828+0000] {dagbag.py:538} INFO - Filling up the DagBag from /opt/airflow/dags/talend_dwh_pipeline.py
[2026-04-14T22:34:51.857+0000] {processor.py:840} INFO - DAG(s) 'talend_dwh_pipeline' retrieved from /opt/airflow/dags/talend_dwh_pipeline.py
[2026-04-14T22:34:51.883+0000] {logging_mixin.py:188} INFO - [2026-04-14T22:34:51.882+0000] {dag.py:3036} INFO - Sync 1 DAGs
[2026-04-14T22:34:51.910+0000] {logging_mixin.py:188} INFO - [2026-04-14T22:34:51.909+0000] {dag.py:3823} INFO - Setting next_dagrun for talend_dwh_pipeline to 2026-04-14 00:00:00+00:00, run_after=2026-04-15 00:00:00+00:00
[2026-04-14T22:34:51.988+0000] {processor.py:183} INFO - Processing /opt/airflow/dags/talend_dwh_pipeline.py took 0.167 seconds
[2026-04-14T22:35:22.862+0000] {processor.py:161} INFO - Started process (PID=19203) to work on /opt/airflow/dags/talend_dwh_pipeline.py
[2026-04-14T22:35:22.864+0000] {processor.py:830} INFO - Processing file /opt/airflow/dags/talend_dwh_pipeline.py for tasks to queue
[2026-04-14T22:35:22.866+0000] {logging_mixin.py:188} INFO - [2026-04-14T22:35:22.866+0000] {dagbag.py:538} INFO - Filling up the DagBag from /opt/airflow/dags/talend_dwh_pipeline.py
[2026-04-14T22:35:22.924+0000] {processor.py:840} INFO - DAG(s) 'talend_dwh_pipeline' retrieved from /opt/airflow/dags/talend_dwh_pipeline.py
[2026-04-14T22:35:22.980+0000] {logging_mixin.py:188} INFO - [2026-04-14T22:35:22.980+0000] {dag.py:3036} INFO - Sync 1 DAGs
[2026-04-14T22:35:23.009+0000] {logging_mixin.py:188} INFO - [2026-04-14T22:35:23.008+0000] {dag.py:3823} INFO - Setting next_dagrun for talend_dwh_pipeline to 2026-04-14 00:00:00+00:00, run_after=2026-04-15 00:00:00+00:00
[2026-04-14T22:35:23.034+0000] {processor.py:183} INFO - Processing /opt/airflow/dags/talend_dwh_pipeline.py took 0.179 seconds
[2026-04-14T22:35:53.933+0000] {processor.py:161} INFO - Started process (PID=19260) to work on /opt/airflow/dags/talend_dwh_pipeline.py
[2026-04-14T22:35:53.935+0000] {processor.py:830} INFO - Processing file /opt/airflow/dags/talend_dwh_pipeline.py for tasks to queue
[2026-04-14T22:35:53.937+0000] {logging_mixin.py:188} INFO - [2026-04-14T22:35:53.937+0000] {dagbag.py:538} INFO - Filling up the DagBag from /opt/airflow/dags/talend_dwh_pipeline.py
[2026-04-14T22:35:53.959+0000] {processor.py:840} INFO - DAG(s) 'talend_dwh_pipeline' retrieved from /opt/airflow/dags/talend_dwh_pipeline.py
[2026-04-14T22:35:53.982+0000] {logging_mixin.py:188} INFO - [2026-04-14T22:35:53.981+0000] {dag.py:3036} INFO - Sync 1 DAGs
[2026-04-14T22:35:54.007+0000] {logging_mixin.py:188} INFO - [2026-04-14T22:35:54.007+0000] {dag.py:3823} INFO - Setting next_dagrun for talend_dwh_pipeline to 2026-04-14 00:00:00+00:00, run_after=2026-04-15 00:00:00+00:00
[2026-04-14T22:35:54.032+0000] {processor.py:183} INFO - Processing /opt/airflow/dags/talend_dwh_pipeline.py took 0.103 seconds
[2026-04-14T22:36:24.245+0000] {processor.py:161} INFO - Started process (PID=19318) to work on /opt/airflow/dags/talend_dwh_pipeline.py
[2026-04-14T22:36:24.247+0000] {processor.py:830} INFO - Processing file /opt/airflow/dags/talend_dwh_pipeline.py for tasks to queue
[2026-04-14T22:36:24.252+0000] {logging_mixin.py:188} INFO - [2026-04-14T22:36:24.251+0000] {dagbag.py:538} INFO - Filling up the DagBag from /opt/airflow/dags/talend_dwh_pipeline.py
[2026-04-14T22:36:24.287+0000] {processor.py:840} INFO - DAG(s) 'talend_dwh_pipeline' retrieved from /opt/airflow/dags/talend_dwh_pipeline.py
[2026-04-14T22:36:24.319+0000] {logging_mixin.py:188} INFO - [2026-04-14T22:36:24.319+0000] {dag.py:3036} INFO - Sync 1 DAGs
[2026-04-14T22:36:24.366+0000] {logging_mixin.py:188} INFO - [2026-04-14T22:36:24.366+0000] {dag.py:3823} INFO - Setting next_dagrun for talend_dwh_pipeline to 2026-04-14 00:00:00+00:00, run_after=2026-04-15 00:00:00+00:00
[2026-04-14T22:36:24.407+0000] {processor.py:183} INFO - Processing /opt/airflow/dags/talend_dwh_pipeline.py took 0.168 seconds
[2026-04-14T22:36:54.922+0000] {processor.py:161} INFO - Started process (PID=19374) to work on /opt/airflow/dags/talend_dwh_pipeline.py
[2026-04-14T22:36:54.924+0000] {processor.py:830} INFO - Processing file /opt/airflow/dags/talend_dwh_pipeline.py for tasks to queue
[2026-04-14T22:36:54.926+0000] {logging_mixin.py:188} INFO - [2026-04-14T22:36:54.926+0000] {dagbag.py:538} INFO - Filling up the DagBag from /opt/airflow/dags/talend_dwh_pipeline.py
[2026-04-14T22:36:54.958+0000] {processor.py:840} INFO - DAG(s) 'talend_dwh_pipeline' retrieved from /opt/airflow/dags/talend_dwh_pipeline.py
[2026-04-14T22:36:54.986+0000] {logging_mixin.py:188} INFO - [2026-04-14T22:36:54.985+0000] {dag.py:3036} INFO - Sync 1 DAGs
[2026-04-14T22:36:55.014+0000] {logging_mixin.py:188} INFO - [2026-04-14T22:36:55.013+0000] {dag.py:3823} INFO - Setting next_dagrun for talend_dwh_pipeline to 2026-04-14 00:00:00+00:00, run_after=2026-04-15 00:00:00+00:00
[2026-04-14T22:36:55.039+0000] {processor.py:183} INFO - Processing /opt/airflow/dags/talend_dwh_pipeline.py took 0.121 seconds
[2026-04-14T22:37:25.702+0000] {processor.py:161} INFO - Started process (PID=19431) to work on /opt/airflow/dags/talend_dwh_pipeline.py
[2026-04-14T22:37:25.703+0000] {processor.py:830} INFO - Processing file /opt/airflow/dags/talend_dwh_pipeline.py for tasks to queue
[2026-04-14T22:37:25.707+0000] {logging_mixin.py:188} INFO - [2026-04-14T22:37:25.706+0000] {dagbag.py:538} INFO - Filling up the DagBag from /opt/airflow/dags/talend_dwh_pipeline.py
[2026-04-14T22:37:25.743+0000] {processor.py:840} INFO - DAG(s) 'talend_dwh_pipeline' retrieved from /opt/airflow/dags/talend_dwh_pipeline.py
[2026-04-14T22:37:25.773+0000] {logging_mixin.py:188} INFO - [2026-04-14T22:37:25.772+0000] {dag.py:3036} INFO - Sync 1 DAGs
[2026-04-14T22:37:25.800+0000] {logging_mixin.py:188} INFO - [2026-04-14T22:37:25.800+0000] {dag.py:3823} INFO - Setting next_dagrun for talend_dwh_pipeline to 2026-04-14 00:00:00+00:00, run_after=2026-04-15 00:00:00+00:00
[2026-04-14T22:37:25.845+0000] {processor.py:183} INFO - Processing /opt/airflow/dags/talend_dwh_pipeline.py took 0.147 seconds
[2026-04-14T22:37:56.480+0000] {processor.py:161} INFO - Started process (PID=19488) to work on /opt/airflow/dags/talend_dwh_pipeline.py
[2026-04-14T22:37:56.481+0000] {processor.py:830} INFO - Processing file /opt/airflow/dags/talend_dwh_pipeline.py for tasks to queue
[2026-04-14T22:37:56.483+0000] {logging_mixin.py:188} INFO - [2026-04-14T22:37:56.483+0000] {dagbag.py:538} INFO - Filling up the DagBag from /opt/airflow/dags/talend_dwh_pipeline.py
[2026-04-14T22:37:56.502+0000] {processor.py:840} INFO - DAG(s) 'talend_dwh_pipeline' retrieved from /opt/airflow/dags/talend_dwh_pipeline.py
[2026-04-14T22:37:56.524+0000] {logging_mixin.py:188} INFO - [2026-04-14T22:37:56.524+0000] {dag.py:3036} INFO - Sync 1 DAGs
[2026-04-14T22:37:56.555+0000] {logging_mixin.py:188} INFO - [2026-04-14T22:37:56.555+0000] {dag.py:3823} INFO - Setting next_dagrun for talend_dwh_pipeline to 2026-04-14 00:00:00+00:00, run_after=2026-04-15 00:00:00+00:00
[2026-04-14T22:37:56.606+0000] {processor.py:183} INFO - Processing /opt/airflow/dags/talend_dwh_pipeline.py took 0.130 seconds
[2026-04-14T22:38:26.691+0000] {processor.py:161} INFO - Started process (PID=19545) to work on /opt/airflow/dags/talend_dwh_pipeline.py
[2026-04-14T22:38:26.692+0000] {processor.py:830} INFO - Processing file /opt/airflow/dags/talend_dwh_pipeline.py for tasks to queue
[2026-04-14T22:38:26.695+0000] {logging_mixin.py:188} INFO - [2026-04-14T22:38:26.695+0000] {dagbag.py:538} INFO - Filling up the DagBag from /opt/airflow/dags/talend_dwh_pipeline.py
[2026-04-14T22:38:26.725+0000] {processor.py:840} INFO - DAG(s) 'talend_dwh_pipeline' retrieved from /opt/airflow/dags/talend_dwh_pipeline.py
[2026-04-14T22:38:26.755+0000] {logging_mixin.py:188} INFO - [2026-04-14T22:38:26.755+0000] {dag.py:3036} INFO - Sync 1 DAGs
[2026-04-14T22:38:26.789+0000] {logging_mixin.py:188} INFO - [2026-04-14T22:38:26.789+0000] {dag.py:3823} INFO - Setting next_dagrun for talend_dwh_pipeline to 2026-04-14 00:00:00+00:00, run_after=2026-04-15 00:00:00+00:00
[2026-04-14T22:38:26.828+0000] {processor.py:183} INFO - Processing /opt/airflow/dags/talend_dwh_pipeline.py took 0.140 seconds
[2026-04-14T22:38:57.272+0000] {processor.py:161} INFO - Started process (PID=19602) to work on /opt/airflow/dags/talend_dwh_pipeline.py
[2026-04-14T22:38:57.274+0000] {processor.py:830} INFO - Processing file /opt/airflow/dags/talend_dwh_pipeline.py for tasks to queue
[2026-04-14T22:38:57.275+0000] {logging_mixin.py:188} INFO - [2026-04-14T22:38:57.275+0000] {dagbag.py:538} INFO - Filling up the DagBag from /opt/airflow/dags/talend_dwh_pipeline.py
[2026-04-14T22:38:57.295+0000] {processor.py:840} INFO - DAG(s) 'talend_dwh_pipeline' retrieved from /opt/airflow/dags/talend_dwh_pipeline.py
[2026-04-14T22:38:57.319+0000] {logging_mixin.py:188} INFO - [2026-04-14T22:38:57.319+0000] {dag.py:3036} INFO - Sync 1 DAGs
[2026-04-14T22:38:57.350+0000] {logging_mixin.py:188} INFO - [2026-04-14T22:38:57.349+0000] {dag.py:3823} INFO - Setting next_dagrun for talend_dwh_pipeline to 2026-04-14 00:00:00+00:00, run_after=2026-04-15 00:00:00+00:00
[2026-04-14T22:38:57.377+0000] {processor.py:183} INFO - Processing /opt/airflow/dags/talend_dwh_pipeline.py took 0.109 seconds
[2026-04-14T22:39:27.608+0000] {processor.py:161} INFO - Started process (PID=19659) to work on /opt/airflow/dags/talend_dwh_pipeline.py
[2026-04-14T22:39:27.610+0000] {processor.py:830} INFO - Processing file /opt/airflow/dags/talend_dwh_pipeline.py for tasks to queue
[2026-04-14T22:39:27.614+0000] {logging_mixin.py:188} INFO - [2026-04-14T22:39:27.613+0000] {dagbag.py:538} INFO - Filling up the DagBag from /opt/airflow/dags/talend_dwh_pipeline.py
[2026-04-14T22:39:27.641+0000] {processor.py:840} INFO - DAG(s) 'talend_dwh_pipeline' retrieved from /opt/airflow/dags/talend_dwh_pipeline.py
[2026-04-14T22:39:27.668+0000] {logging_mixin.py:188} INFO - [2026-04-14T22:39:27.668+0000] {dag.py:3036} INFO - Sync 1 DAGs
[2026-04-14T22:39:27.698+0000] {logging_mixin.py:188} INFO - [2026-04-14T22:39:27.697+0000] {dag.py:3823} INFO - Setting next_dagrun for talend_dwh_pipeline to 2026-04-14 00:00:00+00:00, run_after=2026-04-15 00:00:00+00:00
[2026-04-14T22:39:27.729+0000] {processor.py:183} INFO - Processing /opt/airflow/dags/talend_dwh_pipeline.py took 0.125 seconds
[2026-04-14T22:39:58.088+0000] {processor.py:161} INFO - Started process (PID=19716) to work on /opt/airflow/dags/talend_dwh_pipeline.py
[2026-04-14T22:39:58.089+0000] {processor.py:830} INFO - Processing file /opt/airflow/dags/talend_dwh_pipeline.py for tasks to queue
[2026-04-14T22:39:58.091+0000] {logging_mixin.py:188} INFO - [2026-04-14T22:39:58.091+0000] {dagbag.py:538} INFO - Filling up the DagBag from /opt/airflow/dags/talend_dwh_pipeline.py
[2026-04-14T22:39:58.114+0000] {processor.py:840} INFO - DAG(s) 'talend_dwh_pipeline' retrieved from /opt/airflow/dags/talend_dwh_pipeline.py
[2026-04-14T22:39:58.135+0000] {logging_mixin.py:188} INFO - [2026-04-14T22:39:58.134+0000] {dag.py:3036} INFO - Sync 1 DAGs
[2026-04-14T22:39:58.158+0000] {logging_mixin.py:188} INFO - [2026-04-14T22:39:58.158+0000] {dag.py:3823} INFO - Setting next_dagrun for talend_dwh_pipeline to 2026-04-14 00:00:00+00:00, run_after=2026-04-15 00:00:00+00:00
[2026-04-14T22:39:58.184+0000] {processor.py:183} INFO - Processing /opt/airflow/dags/talend_dwh_pipeline.py took 0.101 seconds
[2026-04-14T22:40:28.276+0000] {processor.py:161} INFO - Started process (PID=19773) to work on /opt/airflow/dags/talend_dwh_pipeline.py
[2026-04-14T22:40:28.281+0000] {processor.py:830} INFO - Processing file /opt/airflow/dags/talend_dwh_pipeline.py for tasks to queue
[2026-04-14T22:40:28.284+0000] {logging_mixin.py:188} INFO - [2026-04-14T22:40:28.284+0000] {dagbag.py:538} INFO - Filling up the DagBag from /opt/airflow/dags/talend_dwh_pipeline.py
[2026-04-14T22:40:28.311+0000] {processor.py:840} INFO - DAG(s) 'talend_dwh_pipeline' retrieved from /opt/airflow/dags/talend_dwh_pipeline.py
[2026-04-14T22:40:28.344+0000] {logging_mixin.py:188} INFO - [2026-04-14T22:40:28.344+0000] {dag.py:3036} INFO - Sync 1 DAGs
[2026-04-14T22:40:28.377+0000] {logging_mixin.py:188} INFO - [2026-04-14T22:40:28.377+0000] {dag.py:3823} INFO - Setting next_dagrun for talend_dwh_pipeline to 2026-04-14 00:00:00+00:00, run_after=2026-04-15 00:00:00+00:00
[2026-04-14T22:40:28.402+0000] {processor.py:183} INFO - Processing /opt/airflow/dags/talend_dwh_pipeline.py took 0.133 seconds
[2026-04-14T22:40:58.519+0000] {processor.py:161} INFO - Started process (PID=19830) to work on /opt/airflow/dags/talend_dwh_pipeline.py
[2026-04-14T22:40:58.520+0000] {processor.py:830} INFO - Processing file /opt/airflow/dags/talend_dwh_pipeline.py for tasks to queue
[2026-04-14T22:40:58.523+0000] {logging_mixin.py:188} INFO - [2026-04-14T22:40:58.523+0000] {dagbag.py:538} INFO - Filling up the DagBag from /opt/airflow/dags/talend_dwh_pipeline.py
[2026-04-14T22:40:58.547+0000] {processor.py:840} INFO - DAG(s) 'talend_dwh_pipeline' retrieved from /opt/airflow/dags/talend_dwh_pipeline.py
[2026-04-14T22:40:58.573+0000] {logging_mixin.py:188} INFO - [2026-04-14T22:40:58.573+0000] {dag.py:3036} INFO - Sync 1 DAGs
[2026-04-14T22:40:58.597+0000] {logging_mixin.py:188} INFO - [2026-04-14T22:40:58.596+0000] {dag.py:3823} INFO - Setting next_dagrun for talend_dwh_pipeline to 2026-04-14 00:00:00+00:00, run_after=2026-04-15 00:00:00+00:00
[2026-04-14T22:40:58.623+0000] {processor.py:183} INFO - Processing /opt/airflow/dags/talend_dwh_pipeline.py took 0.108 seconds
[2026-04-14T22:41:29.142+0000] {processor.py:161} INFO - Started process (PID=19887) to work on /opt/airflow/dags/talend_dwh_pipeline.py
[2026-04-14T22:41:29.143+0000] {processor.py:830} INFO - Processing file /opt/airflow/dags/talend_dwh_pipeline.py for tasks to queue
[2026-04-14T22:41:29.146+0000] {logging_mixin.py:188} INFO - [2026-04-14T22:41:29.145+0000] {dagbag.py:538} INFO - Filling up the DagBag from /opt/airflow/dags/talend_dwh_pipeline.py
[2026-04-14T22:41:29.164+0000] {processor.py:840} INFO - DAG(s) 'talend_dwh_pipeline' retrieved from /opt/airflow/dags/talend_dwh_pipeline.py
[2026-04-14T22:41:29.188+0000] {logging_mixin.py:188} INFO - [2026-04-14T22:41:29.188+0000] {dag.py:3036} INFO - Sync 1 DAGs
[2026-04-14T22:41:29.212+0000] {logging_mixin.py:188} INFO - [2026-04-14T22:41:29.212+0000] {dag.py:3823} INFO - Setting next_dagrun for talend_dwh_pipeline to 2026-04-14 00:00:00+00:00, run_after=2026-04-15 00:00:00+00:00
[2026-04-14T22:41:29.241+0000] {processor.py:183} INFO - Processing /opt/airflow/dags/talend_dwh_pipeline.py took 0.103 seconds
[2026-04-14T22:41:59.508+0000] {processor.py:161} INFO - Started process (PID=19944) to work on /opt/airflow/dags/talend_dwh_pipeline.py
[2026-04-14T22:41:59.509+0000] {processor.py:830} INFO - Processing file /opt/airflow/dags/talend_dwh_pipeline.py for tasks to queue
[2026-04-14T22:41:59.512+0000] {logging_mixin.py:188} INFO - [2026-04-14T22:41:59.511+0000] {dagbag.py:538} INFO - Filling up the DagBag from /opt/airflow/dags/talend_dwh_pipeline.py
[2026-04-14T22:41:59.537+0000] {processor.py:840} INFO - DAG(s) 'talend_dwh_pipeline' retrieved from /opt/airflow/dags/talend_dwh_pipeline.py
[2026-04-14T22:41:59.564+0000] {logging_mixin.py:188} INFO - [2026-04-14T22:41:59.564+0000] {dag.py:3036} INFO - Sync 1 DAGs
[2026-04-14T22:41:59.591+0000] {logging_mixin.py:188} INFO - [2026-04-14T22:41:59.590+0000] {dag.py:3823} INFO - Setting next_dagrun for talend_dwh_pipeline to 2026-04-14 00:00:00+00:00, run_after=2026-04-15 00:00:00+00:00
[2026-04-14T22:41:59.633+0000] {processor.py:183} INFO - Processing /opt/airflow/dags/talend_dwh_pipeline.py took 0.131 seconds
[2026-04-14T22:42:30.141+0000] {processor.py:161} INFO - Started process (PID=20001) to work on /opt/airflow/dags/talend_dwh_pipeline.py
[2026-04-14T22:42:30.142+0000] {processor.py:830} INFO - Processing file /opt/airflow/dags/talend_dwh_pipeline.py for tasks to queue
[2026-04-14T22:42:30.144+0000] {logging_mixin.py:188} INFO - [2026-04-14T22:42:30.144+0000] {dagbag.py:538} INFO - Filling up the DagBag from /opt/airflow/dags/talend_dwh_pipeline.py
[2026-04-14T22:42:30.165+0000] {processor.py:840} INFO - DAG(s) 'talend_dwh_pipeline' retrieved from /opt/airflow/dags/talend_dwh_pipeline.py
[2026-04-14T22:42:30.196+0000] {logging_mixin.py:188} INFO - [2026-04-14T22:42:30.195+0000] {dag.py:3036} INFO - Sync 1 DAGs
[2026-04-14T22:42:30.234+0000] {logging_mixin.py:188} INFO - [2026-04-14T22:42:30.233+0000] {dag.py:3823} INFO - Setting next_dagrun for talend_dwh_pipeline to 2026-04-14 00:00:00+00:00, run_after=2026-04-15 00:00:00+00:00
[2026-04-14T22:42:30.267+0000] {processor.py:183} INFO - Processing /opt/airflow/dags/talend_dwh_pipeline.py took 0.131 seconds
[2026-04-14T22:43:00.545+0000] {processor.py:161} INFO - Started process (PID=20058) to work on /opt/airflow/dags/talend_dwh_pipeline.py
[2026-04-14T22:43:00.546+0000] {processor.py:830} INFO - Processing file /opt/airflow/dags/talend_dwh_pipeline.py for tasks to queue
[2026-04-14T22:43:00.549+0000] {logging_mixin.py:188} INFO - [2026-04-14T22:43:00.549+0000] {dagbag.py:538} INFO - Filling up the DagBag from /opt/airflow/dags/talend_dwh_pipeline.py
[2026-04-14T22:43:00.581+0000] {processor.py:840} INFO - DAG(s) 'talend_dwh_pipeline' retrieved from /opt/airflow/dags/talend_dwh_pipeline.py
[2026-04-14T22:43:00.604+0000] {logging_mixin.py:188} INFO - [2026-04-14T22:43:00.604+0000] {dag.py:3036} INFO - Sync 1 DAGs
[2026-04-14T22:43:00.630+0000] {logging_mixin.py:188} INFO - [2026-04-14T22:43:00.630+0000] {dag.py:3823} INFO - Setting next_dagrun for talend_dwh_pipeline to 2026-04-14 00:00:00+00:00, run_after=2026-04-15 00:00:00+00:00
[2026-04-14T22:43:00.658+0000] {processor.py:183} INFO - Processing /opt/airflow/dags/talend_dwh_pipeline.py took 0.120 seconds
[2026-04-14T22:43:31.215+0000] {processor.py:161} INFO - Started process (PID=20115) to work on /opt/airflow/dags/talend_dwh_pipeline.py
[2026-04-14T22:43:31.216+0000] {processor.py:830} INFO - Processing file /opt/airflow/dags/talend_dwh_pipeline.py for tasks to queue
[2026-04-14T22:43:31.218+0000] {logging_mixin.py:188} INFO - [2026-04-14T22:43:31.218+0000] {dagbag.py:538} INFO - Filling up the DagBag from /opt/airflow/dags/talend_dwh_pipeline.py
[2026-04-14T22:43:31.243+0000] {processor.py:840} INFO - DAG(s) 'talend_dwh_pipeline' retrieved from /opt/airflow/dags/talend_dwh_pipeline.py
[2026-04-14T22:43:31.266+0000] {logging_mixin.py:188} INFO - [2026-04-14T22:43:31.266+0000] {dag.py:3036} INFO - Sync 1 DAGs
[2026-04-14T22:43:31.291+0000] {logging_mixin.py:188} INFO - [2026-04-14T22:43:31.290+0000] {dag.py:3823} INFO - Setting next_dagrun for talend_dwh_pipeline to 2026-04-14 00:00:00+00:00, run_after=2026-04-15 00:00:00+00:00
[2026-04-14T22:43:31.317+0000] {processor.py:183} INFO - Processing /opt/airflow/dags/talend_dwh_pipeline.py took 0.106 seconds
[2026-04-14T22:44:01.958+0000] {processor.py:161} INFO - Started process (PID=20172) to work on /opt/airflow/dags/talend_dwh_pipeline.py
[2026-04-14T22:44:01.960+0000] {processor.py:830} INFO - Processing file /opt/airflow/dags/talend_dwh_pipeline.py for tasks to queue
[2026-04-14T22:44:01.963+0000] {logging_mixin.py:188} INFO - [2026-04-14T22:44:01.963+0000] {dagbag.py:538} INFO - Filling up the DagBag from /opt/airflow/dags/talend_dwh_pipeline.py
[2026-04-14T22:44:01.989+0000] {processor.py:840} INFO - DAG(s) 'talend_dwh_pipeline' retrieved from /opt/airflow/dags/talend_dwh_pipeline.py
[2026-04-14T22:44:02.017+0000] {logging_mixin.py:188} INFO - [2026-04-14T22:44:02.016+0000] {dag.py:3036} INFO - Sync 1 DAGs
[2026-04-14T22:44:02.045+0000] {logging_mixin.py:188} INFO - [2026-04-14T22:44:02.045+0000] {dag.py:3823} INFO - Setting next_dagrun for talend_dwh_pipeline to 2026-04-14 00:00:00+00:00, run_after=2026-04-15 00:00:00+00:00
[2026-04-14T22:44:02.077+0000] {processor.py:183} INFO - Processing /opt/airflow/dags/talend_dwh_pipeline.py took 0.124 seconds
[2026-04-14T22:44:32.184+0000] {processor.py:161} INFO - Started process (PID=20230) to work on /opt/airflow/dags/talend_dwh_pipeline.py
[2026-04-14T22:44:32.186+0000] {processor.py:830} INFO - Processing file /opt/airflow/dags/talend_dwh_pipeline.py for tasks to queue
[2026-04-14T22:44:32.189+0000] {logging_mixin.py:188} INFO - [2026-04-14T22:44:32.188+0000] {dagbag.py:538} INFO - Filling up the DagBag from /opt/airflow/dags/talend_dwh_pipeline.py
[2026-04-14T22:44:32.212+0000] {processor.py:840} INFO - DAG(s) 'talend_dwh_pipeline' retrieved from /opt/airflow/dags/talend_dwh_pipeline.py
[2026-04-14T22:44:32.247+0000] {logging_mixin.py:188} INFO - [2026-04-14T22:44:32.246+0000] {dag.py:3036} INFO - Sync 1 DAGs
[2026-04-14T22:44:32.273+0000] {logging_mixin.py:188} INFO - [2026-04-14T22:44:32.272+0000] {dag.py:3823} INFO - Setting next_dagrun for talend_dwh_pipeline to 2026-04-14 00:00:00+00:00, run_after=2026-04-15 00:00:00+00:00
[2026-04-14T22:44:32.297+0000] {processor.py:183} INFO - Processing /opt/airflow/dags/talend_dwh_pipeline.py took 0.118 seconds
[2026-04-14T22:45:02.538+0000] {processor.py:161} INFO - Started process (PID=20287) to work on /opt/airflow/dags/talend_dwh_pipeline.py
[2026-04-14T22:45:02.539+0000] {processor.py:830} INFO - Processing file /opt/airflow/dags/talend_dwh_pipeline.py for tasks to queue
[2026-04-14T22:45:02.543+0000] {logging_mixin.py:188} INFO - [2026-04-14T22:45:02.542+0000] {dagbag.py:538} INFO - Filling up the DagBag from /opt/airflow/dags/talend_dwh_pipeline.py
[2026-04-14T22:45:02.572+0000] {processor.py:840} INFO - DAG(s) 'talend_dwh_pipeline' retrieved from /opt/airflow/dags/talend_dwh_pipeline.py
[2026-04-14T22:45:02.604+0000] {logging_mixin.py:188} INFO - [2026-04-14T22:45:02.603+0000] {dag.py:3036} INFO - Sync 1 DAGs
[2026-04-14T22:45:02.639+0000] {logging_mixin.py:188} INFO - [2026-04-14T22:45:02.638+0000] {dag.py:3823} INFO - Setting next_dagrun for talend_dwh_pipeline to 2026-04-14 00:00:00+00:00, run_after=2026-04-15 00:00:00+00:00
[2026-04-14T22:45:02.663+0000] {processor.py:183} INFO - Processing /opt/airflow/dags/talend_dwh_pipeline.py took 0.130 seconds
[2026-04-14T22:45:33.083+0000] {processor.py:161} INFO - Started process (PID=20344) to work on /opt/airflow/dags/talend_dwh_pipeline.py
[2026-04-14T22:45:33.085+0000] {processor.py:830} INFO - Processing file /opt/airflow/dags/talend_dwh_pipeline.py for tasks to queue
[2026-04-14T22:45:33.087+0000] {logging_mixin.py:188} INFO - [2026-04-14T22:45:33.087+0000] {dagbag.py:538} INFO - Filling up the DagBag from /opt/airflow/dags/talend_dwh_pipeline.py
[2026-04-14T22:45:33.112+0000] {processor.py:840} INFO - DAG(s) 'talend_dwh_pipeline' retrieved from /opt/airflow/dags/talend_dwh_pipeline.py
[2026-04-14T22:45:33.141+0000] {logging_mixin.py:188} INFO - [2026-04-14T22:45:33.141+0000] {dag.py:3036} INFO - Sync 1 DAGs
[2026-04-14T22:45:33.165+0000] {logging_mixin.py:188} INFO - [2026-04-14T22:45:33.165+0000] {dag.py:3823} INFO - Setting next_dagrun for talend_dwh_pipeline to 2026-04-14 00:00:00+00:00, run_after=2026-04-15 00:00:00+00:00
[2026-04-14T22:45:33.193+0000] {processor.py:183} INFO - Processing /opt/airflow/dags/talend_dwh_pipeline.py took 0.115 seconds
[2026-04-14T22:46:03.474+0000] {processor.py:161} INFO - Started process (PID=20401) to work on /opt/airflow/dags/talend_dwh_pipeline.py
[2026-04-14T22:46:03.475+0000] {processor.py:830} INFO - Processing file /opt/airflow/dags/talend_dwh_pipeline.py for tasks to queue
[2026-04-14T22:46:03.479+0000] {logging_mixin.py:188} INFO - [2026-04-14T22:46:03.478+0000] {dagbag.py:538} INFO - Filling up the DagBag from /opt/airflow/dags/talend_dwh_pipeline.py
[2026-04-14T22:46:03.511+0000] {processor.py:840} INFO - DAG(s) 'talend_dwh_pipeline' retrieved from /opt/airflow/dags/talend_dwh_pipeline.py
[2026-04-14T22:46:03.547+0000] {logging_mixin.py:188} INFO - [2026-04-14T22:46:03.546+0000] {dag.py:3036} INFO - Sync 1 DAGs
[2026-04-14T22:46:03.586+0000] {logging_mixin.py:188} INFO - [2026-04-14T22:46:03.585+0000] {dag.py:3823} INFO - Setting next_dagrun for talend_dwh_pipeline to 2026-04-14 00:00:00+00:00, run_after=2026-04-15 00:00:00+00:00
[2026-04-14T22:46:03.618+0000] {processor.py:183} INFO - Processing /opt/airflow/dags/talend_dwh_pipeline.py took 0.150 seconds
[2026-04-14T22:46:33.685+0000] {processor.py:161} INFO - Started process (PID=20458) to work on /opt/airflow/dags/talend_dwh_pipeline.py
[2026-04-14T22:46:33.686+0000] {processor.py:830} INFO - Processing file /opt/airflow/dags/talend_dwh_pipeline.py for tasks to queue
[2026-04-14T22:46:33.691+0000] {logging_mixin.py:188} INFO - [2026-04-14T22:46:33.691+0000] {dagbag.py:538} INFO - Filling up the DagBag from /opt/airflow/dags/talend_dwh_pipeline.py
[2026-04-14T22:46:33.712+0000] {processor.py:840} INFO - DAG(s) 'talend_dwh_pipeline' retrieved from /opt/airflow/dags/talend_dwh_pipeline.py
[2026-04-14T22:46:33.734+0000] {logging_mixin.py:188} INFO - [2026-04-14T22:46:33.734+0000] {dag.py:3036} INFO - Sync 1 DAGs
[2026-04-14T22:46:33.759+0000] {logging_mixin.py:188} INFO - [2026-04-14T22:46:33.759+0000] {dag.py:3823} INFO - Setting next_dagrun for talend_dwh_pipeline to 2026-04-14 00:00:00+00:00, run_after=2026-04-15 00:00:00+00:00
[2026-04-14T22:46:33.786+0000] {processor.py:183} INFO - Processing /opt/airflow/dags/talend_dwh_pipeline.py took 0.105 seconds
[2026-04-14T22:47:03.925+0000] {processor.py:161} INFO - Started process (PID=20516) to work on /opt/airflow/dags/talend_dwh_pipeline.py
[2026-04-14T22:47:03.926+0000] {processor.py:830} INFO - Processing file /opt/airflow/dags/talend_dwh_pipeline.py for tasks to queue
[2026-04-14T22:47:03.928+0000] {logging_mixin.py:188} INFO - [2026-04-14T22:47:03.928+0000] {dagbag.py:538} INFO - Filling up the DagBag from /opt/airflow/dags/talend_dwh_pipeline.py
[2026-04-14T22:47:03.956+0000] {processor.py:840} INFO - DAG(s) 'talend_dwh_pipeline' retrieved from /opt/airflow/dags/talend_dwh_pipeline.py
[2026-04-14T22:47:03.985+0000] {logging_mixin.py:188} INFO - [2026-04-14T22:47:03.984+0000] {dag.py:3036} INFO - Sync 1 DAGs
[2026-04-14T22:47:04.019+0000] {logging_mixin.py:188} INFO - [2026-04-14T22:47:04.018+0000] {dag.py:3823} INFO - Setting next_dagrun for talend_dwh_pipeline to 2026-04-14 00:00:00+00:00, run_after=2026-04-15 00:00:00+00:00
[2026-04-14T22:47:04.046+0000] {processor.py:183} INFO - Processing /opt/airflow/dags/talend_dwh_pipeline.py took 0.125 seconds
[2026-04-14T22:47:34.132+0000] {processor.py:161} INFO - Started process (PID=20572) to work on /opt/airflow/dags/talend_dwh_pipeline.py
[2026-04-14T22:47:34.133+0000] {processor.py:830} INFO - Processing file /opt/airflow/dags/talend_dwh_pipeline.py for tasks to queue
[2026-04-14T22:47:34.135+0000] {logging_mixin.py:188} INFO - [2026-04-14T22:47:34.135+0000] {dagbag.py:538} INFO - Filling up the DagBag from /opt/airflow/dags/talend_dwh_pipeline.py
[2026-04-14T22:47:34.155+0000] {processor.py:840} INFO - DAG(s) 'talend_dwh_pipeline' retrieved from /opt/airflow/dags/talend_dwh_pipeline.py
[2026-04-14T22:47:34.176+0000] {logging_mixin.py:188} INFO - [2026-04-14T22:47:34.176+0000] {dag.py:3036} INFO - Sync 1 DAGs
[2026-04-14T22:47:34.197+0000] {logging_mixin.py:188} INFO - [2026-04-14T22:47:34.197+0000] {dag.py:3823} INFO - Setting next_dagrun for talend_dwh_pipeline to 2026-04-14 00:00:00+00:00, run_after=2026-04-15 00:00:00+00:00
[2026-04-14T22:47:34.223+0000] {processor.py:183} INFO - Processing /opt/airflow/dags/talend_dwh_pipeline.py took 0.095 seconds
[2026-04-14T22:48:04.615+0000] {processor.py:161} INFO - Started process (PID=20629) to work on /opt/airflow/dags/talend_dwh_pipeline.py
[2026-04-14T22:48:04.618+0000] {processor.py:830} INFO - Processing file /opt/airflow/dags/talend_dwh_pipeline.py for tasks to queue
[2026-04-14T22:48:04.622+0000] {logging_mixin.py:188} INFO - [2026-04-14T22:48:04.621+0000] {dagbag.py:538} INFO - Filling up the DagBag from /opt/airflow/dags/talend_dwh_pipeline.py
[2026-04-14T22:48:04.660+0000] {processor.py:840} INFO - DAG(s) 'talend_dwh_pipeline' retrieved from /opt/airflow/dags/talend_dwh_pipeline.py
[2026-04-14T22:48:04.700+0000] {logging_mixin.py:188} INFO - [2026-04-14T22:48:04.699+0000] {dag.py:3036} INFO - Sync 1 DAGs
[2026-04-14T22:48:04.734+0000] {logging_mixin.py:188} INFO - [2026-04-14T22:48:04.734+0000] {dag.py:3823} INFO - Setting next_dagrun for talend_dwh_pipeline to 2026-04-14 00:00:00+00:00, run_after=2026-04-15 00:00:00+00:00
[2026-04-14T22:48:04.768+0000] {processor.py:183} INFO - Processing /opt/airflow/dags/talend_dwh_pipeline.py took 0.160 seconds
[2026-04-14T22:48:34.927+0000] {processor.py:161} INFO - Started process (PID=20686) to work on /opt/airflow/dags/talend_dwh_pipeline.py
[2026-04-14T22:48:34.928+0000] {processor.py:830} INFO - Processing file /opt/airflow/dags/talend_dwh_pipeline.py for tasks to queue
[2026-04-14T22:48:34.933+0000] {logging_mixin.py:188} INFO - [2026-04-14T22:48:34.931+0000] {dagbag.py:538} INFO - Filling up the DagBag from /opt/airflow/dags/talend_dwh_pipeline.py
[2026-04-14T22:48:34.958+0000] {processor.py:840} INFO - DAG(s) 'talend_dwh_pipeline' retrieved from /opt/airflow/dags/talend_dwh_pipeline.py
[2026-04-14T22:48:34.986+0000] {logging_mixin.py:188} INFO - [2026-04-14T22:48:34.986+0000] {dag.py:3036} INFO - Sync 1 DAGs
[2026-04-14T22:48:35.015+0000] {logging_mixin.py:188} INFO - [2026-04-14T22:48:35.014+0000] {dag.py:3823} INFO - Setting next_dagrun for talend_dwh_pipeline to 2026-04-14 00:00:00+00:00, run_after=2026-04-15 00:00:00+00:00
[2026-04-14T22:48:35.050+0000] {processor.py:183} INFO - Processing /opt/airflow/dags/talend_dwh_pipeline.py took 0.126 seconds
[2026-04-14T22:49:05.335+0000] {processor.py:161} INFO - Started process (PID=20743) to work on /opt/airflow/dags/talend_dwh_pipeline.py
[2026-04-14T22:49:05.337+0000] {processor.py:830} INFO - Processing file /opt/airflow/dags/talend_dwh_pipeline.py for tasks to queue
[2026-04-14T22:49:05.339+0000] {logging_mixin.py:188} INFO - [2026-04-14T22:49:05.339+0000] {dagbag.py:538} INFO - Filling up the DagBag from /opt/airflow/dags/talend_dwh_pipeline.py
[2026-04-14T22:49:05.378+0000] {processor.py:840} INFO - DAG(s) 'talend_dwh_pipeline' retrieved from /opt/airflow/dags/talend_dwh_pipeline.py
[2026-04-14T22:49:05.409+0000] {logging_mixin.py:188} INFO - [2026-04-14T22:49:05.409+0000] {dag.py:3036} INFO - Sync 1 DAGs
[2026-04-14T22:49:05.442+0000] {logging_mixin.py:188} INFO - [2026-04-14T22:49:05.441+0000] {dag.py:3823} INFO - Setting next_dagrun for talend_dwh_pipeline to 2026-04-14 00:00:00+00:00, run_after=2026-04-15 00:00:00+00:00
[2026-04-14T22:49:05.473+0000] {processor.py:183} INFO - Processing /opt/airflow/dags/talend_dwh_pipeline.py took 0.143 seconds
[2026-04-14T22:49:35.588+0000] {processor.py:161} INFO - Started process (PID=20800) to work on /opt/airflow/dags/talend_dwh_pipeline.py
[2026-04-14T22:49:35.590+0000] {processor.py:830} INFO - Processing file /opt/airflow/dags/talend_dwh_pipeline.py for tasks to queue
[2026-04-14T22:49:35.598+0000] {logging_mixin.py:188} INFO - [2026-04-14T22:49:35.597+0000] {dagbag.py:538} INFO - Filling up the DagBag from /opt/airflow/dags/talend_dwh_pipeline.py
[2026-04-14T22:49:35.650+0000] {processor.py:840} INFO - DAG(s) 'talend_dwh_pipeline' retrieved from /opt/airflow/dags/talend_dwh_pipeline.py
[2026-04-14T22:49:35.713+0000] {logging_mixin.py:188} INFO - [2026-04-14T22:49:35.712+0000] {dag.py:3036} INFO - Sync 1 DAGs
[2026-04-14T22:49:35.770+0000] {logging_mixin.py:188} INFO - [2026-04-14T22:49:35.769+0000] {dag.py:3823} INFO - Setting next_dagrun for talend_dwh_pipeline to 2026-04-14 00:00:00+00:00, run_after=2026-04-15 00:00:00+00:00
[2026-04-14T22:49:35.802+0000] {processor.py:183} INFO - Processing /opt/airflow/dags/talend_dwh_pipeline.py took 0.230 seconds
[2026-04-14T22:50:05.868+0000] {processor.py:161} INFO - Started process (PID=20857) to work on /opt/airflow/dags/talend_dwh_pipeline.py
[2026-04-14T22:50:05.870+0000] {processor.py:830} INFO - Processing file /opt/airflow/dags/talend_dwh_pipeline.py for tasks to queue
[2026-04-14T22:50:05.872+0000] {logging_mixin.py:188} INFO - [2026-04-14T22:50:05.871+0000] {dagbag.py:538} INFO - Filling up the DagBag from /opt/airflow/dags/talend_dwh_pipeline.py
[2026-04-14T22:50:05.892+0000] {processor.py:840} INFO - DAG(s) 'talend_dwh_pipeline' retrieved from /opt/airflow/dags/talend_dwh_pipeline.py
[2026-04-14T22:50:05.919+0000] {logging_mixin.py:188} INFO - [2026-04-14T22:50:05.919+0000] {dag.py:3036} INFO - Sync 1 DAGs
[2026-04-14T22:50:05.946+0000] {logging_mixin.py:188} INFO - [2026-04-14T22:50:05.946+0000] {dag.py:3823} INFO - Setting next_dagrun for talend_dwh_pipeline to 2026-04-14 00:00:00+00:00, run_after=2026-04-15 00:00:00+00:00
[2026-04-14T22:50:05.974+0000] {processor.py:183} INFO - Processing /opt/airflow/dags/talend_dwh_pipeline.py took 0.110 seconds
[2026-04-14T22:50:36.270+0000] {processor.py:161} INFO - Started process (PID=20914) to work on /opt/airflow/dags/talend_dwh_pipeline.py
[2026-04-14T22:50:36.281+0000] {processor.py:830} INFO - Processing file /opt/airflow/dags/talend_dwh_pipeline.py for tasks to queue
[2026-04-14T22:50:36.287+0000] {logging_mixin.py:188} INFO - [2026-04-14T22:50:36.286+0000] {dagbag.py:538} INFO - Filling up the DagBag from /opt/airflow/dags/talend_dwh_pipeline.py
[2026-04-14T22:50:36.319+0000] {processor.py:840} INFO - DAG(s) 'talend_dwh_pipeline' retrieved from /opt/airflow/dags/talend_dwh_pipeline.py
[2026-04-14T22:50:36.354+0000] {logging_mixin.py:188} INFO - [2026-04-14T22:50:36.354+0000] {dag.py:3036} INFO - Sync 1 DAGs
[2026-04-14T22:50:36.390+0000] {logging_mixin.py:188} INFO - [2026-04-14T22:50:36.389+0000] {dag.py:3823} INFO - Setting next_dagrun for talend_dwh_pipeline to 2026-04-14 00:00:00+00:00, run_after=2026-04-15 00:00:00+00:00
[2026-04-14T22:50:36.434+0000] {processor.py:183} INFO - Processing /opt/airflow/dags/talend_dwh_pipeline.py took 0.170 seconds
[2026-04-14T22:51:06.589+0000] {processor.py:161} INFO - Started process (PID=20972) to work on /opt/airflow/dags/talend_dwh_pipeline.py
[2026-04-14T22:51:06.591+0000] {processor.py:830} INFO - Processing file /opt/airflow/dags/talend_dwh_pipeline.py for tasks to queue
[2026-04-14T22:51:06.593+0000] {logging_mixin.py:188} INFO - [2026-04-14T22:51:06.592+0000] {dagbag.py:538} INFO - Filling up the DagBag from /opt/airflow/dags/talend_dwh_pipeline.py
[2026-04-14T22:51:06.615+0000] {processor.py:840} INFO - DAG(s) 'talend_dwh_pipeline' retrieved from /opt/airflow/dags/talend_dwh_pipeline.py
[2026-04-14T22:51:06.643+0000] {logging_mixin.py:188} INFO - [2026-04-14T22:51:06.642+0000] {dag.py:3036} INFO - Sync 1 DAGs
[2026-04-14T22:51:06.668+0000] {logging_mixin.py:188} INFO - [2026-04-14T22:51:06.668+0000] {dag.py:3823} INFO - Setting next_dagrun for talend_dwh_pipeline to 2026-04-14 00:00:00+00:00, run_after=2026-04-15 00:00:00+00:00
[2026-04-14T22:51:06.688+0000] {processor.py:183} INFO - Processing /opt/airflow/dags/talend_dwh_pipeline.py took 0.102 seconds
[2026-04-14T22:51:37.022+0000] {processor.py:161} INFO - Started process (PID=21028) to work on /opt/airflow/dags/talend_dwh_pipeline.py
[2026-04-14T22:51:37.023+0000] {processor.py:830} INFO - Processing file /opt/airflow/dags/talend_dwh_pipeline.py for tasks to queue
[2026-04-14T22:51:37.026+0000] {logging_mixin.py:188} INFO - [2026-04-14T22:51:37.025+0000] {dagbag.py:538} INFO - Filling up the DagBag from /opt/airflow/dags/talend_dwh_pipeline.py
[2026-04-14T22:51:37.055+0000] {processor.py:840} INFO - DAG(s) 'talend_dwh_pipeline' retrieved from /opt/airflow/dags/talend_dwh_pipeline.py
[2026-04-14T22:51:37.079+0000] {logging_mixin.py:188} INFO - [2026-04-14T22:51:37.079+0000] {dag.py:3036} INFO - Sync 1 DAGs
[2026-04-14T22:51:37.105+0000] {logging_mixin.py:188} INFO - [2026-04-14T22:51:37.105+0000] {dag.py:3823} INFO - Setting next_dagrun for talend_dwh_pipeline to 2026-04-14 00:00:00+00:00, run_after=2026-04-15 00:00:00+00:00
[2026-04-14T22:51:37.128+0000] {processor.py:183} INFO - Processing /opt/airflow/dags/talend_dwh_pipeline.py took 0.110 seconds
[2026-04-14T22:52:07.680+0000] {processor.py:161} INFO - Started process (PID=21085) to work on /opt/airflow/dags/talend_dwh_pipeline.py
[2026-04-14T22:52:07.681+0000] {processor.py:830} INFO - Processing file /opt/airflow/dags/talend_dwh_pipeline.py for tasks to queue
[2026-04-14T22:52:07.684+0000] {logging_mixin.py:188} INFO - [2026-04-14T22:52:07.683+0000] {dagbag.py:538} INFO - Filling up the DagBag from /opt/airflow/dags/talend_dwh_pipeline.py
[2026-04-14T22:52:07.706+0000] {processor.py:840} INFO - DAG(s) 'talend_dwh_pipeline' retrieved from /opt/airflow/dags/talend_dwh_pipeline.py
[2026-04-14T22:52:07.732+0000] {logging_mixin.py:188} INFO - [2026-04-14T22:52:07.732+0000] {dag.py:3036} INFO - Sync 1 DAGs
[2026-04-14T22:52:07.755+0000] {logging_mixin.py:188} INFO - [2026-04-14T22:52:07.755+0000] {dag.py:3823} INFO - Setting next_dagrun for talend_dwh_pipeline to 2026-04-14 00:00:00+00:00, run_after=2026-04-15 00:00:00+00:00
[2026-04-14T22:52:07.782+0000] {processor.py:183} INFO - Processing /opt/airflow/dags/talend_dwh_pipeline.py took 0.106 seconds
[2026-04-14T22:52:38.270+0000] {processor.py:161} INFO - Started process (PID=21142) to work on /opt/airflow/dags/talend_dwh_pipeline.py
[2026-04-14T22:52:38.272+0000] {processor.py:830} INFO - Processing file /opt/airflow/dags/talend_dwh_pipeline.py for tasks to queue
[2026-04-14T22:52:38.277+0000] {logging_mixin.py:188} INFO - [2026-04-14T22:52:38.276+0000] {dagbag.py:538} INFO - Filling up the DagBag from /opt/airflow/dags/talend_dwh_pipeline.py
[2026-04-14T22:52:38.313+0000] {processor.py:840} INFO - DAG(s) 'talend_dwh_pipeline' retrieved from /opt/airflow/dags/talend_dwh_pipeline.py
[2026-04-14T22:52:38.351+0000] {logging_mixin.py:188} INFO - [2026-04-14T22:52:38.351+0000] {dag.py:3036} INFO - Sync 1 DAGs
[2026-04-14T22:52:38.392+0000] {logging_mixin.py:188} INFO - [2026-04-14T22:52:38.391+0000] {dag.py:3823} INFO - Setting next_dagrun for talend_dwh_pipeline to 2026-04-14 00:00:00+00:00, run_after=2026-04-15 00:00:00+00:00
[2026-04-14T22:52:38.428+0000] {processor.py:183} INFO - Processing /opt/airflow/dags/talend_dwh_pipeline.py took 0.164 seconds
[2026-04-14T22:53:08.619+0000] {processor.py:161} INFO - Started process (PID=21199) to work on /opt/airflow/dags/talend_dwh_pipeline.py
[2026-04-14T22:53:08.621+0000] {processor.py:830} INFO - Processing file /opt/airflow/dags/talend_dwh_pipeline.py for tasks to queue
[2026-04-14T22:53:08.625+0000] {logging_mixin.py:188} INFO - [2026-04-14T22:53:08.624+0000] {dagbag.py:538} INFO - Filling up the DagBag from /opt/airflow/dags/talend_dwh_pipeline.py
[2026-04-14T22:53:08.660+0000] {processor.py:840} INFO - DAG(s) 'talend_dwh_pipeline' retrieved from /opt/airflow/dags/talend_dwh_pipeline.py
[2026-04-14T22:53:08.688+0000] {logging_mixin.py:188} INFO - [2026-04-14T22:53:08.687+0000] {dag.py:3036} INFO - Sync 1 DAGs
[2026-04-14T22:53:08.717+0000] {logging_mixin.py:188} INFO - [2026-04-14T22:53:08.717+0000] {dag.py:3823} INFO - Setting next_dagrun for talend_dwh_pipeline to 2026-04-14 00:00:00+00:00, run_after=2026-04-15 00:00:00+00:00
[2026-04-14T22:53:08.745+0000] {processor.py:183} INFO - Processing /opt/airflow/dags/talend_dwh_pipeline.py took 0.131 seconds
[2026-04-14T22:53:39.247+0000] {processor.py:161} INFO - Started process (PID=21256) to work on /opt/airflow/dags/talend_dwh_pipeline.py
[2026-04-14T22:53:39.251+0000] {processor.py:830} INFO - Processing file /opt/airflow/dags/talend_dwh_pipeline.py for tasks to queue
[2026-04-14T22:53:39.260+0000] {logging_mixin.py:188} INFO - [2026-04-14T22:53:39.259+0000] {dagbag.py:538} INFO - Filling up the DagBag from /opt/airflow/dags/talend_dwh_pipeline.py
[2026-04-14T22:53:39.318+0000] {processor.py:840} INFO - DAG(s) 'talend_dwh_pipeline' retrieved from /opt/airflow/dags/talend_dwh_pipeline.py
[2026-04-14T22:53:39.401+0000] {logging_mixin.py:188} INFO - [2026-04-14T22:53:39.400+0000] {dag.py:3036} INFO - Sync 1 DAGs
[2026-04-14T22:53:39.462+0000] {logging_mixin.py:188} INFO - [2026-04-14T22:53:39.462+0000] {dag.py:3823} INFO - Setting next_dagrun for talend_dwh_pipeline to 2026-04-14 00:00:00+00:00, run_after=2026-04-15 00:00:00+00:00
[2026-04-14T22:53:39.496+0000] {processor.py:183} INFO - Processing /opt/airflow/dags/talend_dwh_pipeline.py took 0.256 seconds
[2026-04-14T22:54:10.303+0000] {processor.py:161} INFO - Started process (PID=21314) to work on /opt/airflow/dags/talend_dwh_pipeline.py
[2026-04-14T22:54:10.304+0000] {processor.py:830} INFO - Processing file /opt/airflow/dags/talend_dwh_pipeline.py for tasks to queue
[2026-04-14T22:54:10.306+0000] {logging_mixin.py:188} INFO - [2026-04-14T22:54:10.306+0000] {dagbag.py:538} INFO - Filling up the DagBag from /opt/airflow/dags/talend_dwh_pipeline.py
[2026-04-14T22:54:10.326+0000] {processor.py:840} INFO - DAG(s) 'talend_dwh_pipeline' retrieved from /opt/airflow/dags/talend_dwh_pipeline.py
[2026-04-14T22:54:10.346+0000] {logging_mixin.py:188} INFO - [2026-04-14T22:54:10.346+0000] {dag.py:3036} INFO - Sync 1 DAGs
[2026-04-14T22:54:10.370+0000] {logging_mixin.py:188} INFO - [2026-04-14T22:54:10.369+0000] {dag.py:3823} INFO - Setting next_dagrun for talend_dwh_pipeline to 2026-04-14 00:00:00+00:00, run_after=2026-04-15 00:00:00+00:00
[2026-04-14T22:54:10.395+0000] {processor.py:183} INFO - Processing /opt/airflow/dags/talend_dwh_pipeline.py took 0.095 seconds
[2026-04-14T22:54:40.758+0000] {processor.py:161} INFO - Started process (PID=21371) to work on /opt/airflow/dags/talend_dwh_pipeline.py
[2026-04-14T22:54:40.761+0000] {processor.py:830} INFO - Processing file /opt/airflow/dags/talend_dwh_pipeline.py for tasks to queue
[2026-04-14T22:54:40.766+0000] {logging_mixin.py:188} INFO - [2026-04-14T22:54:40.765+0000] {dagbag.py:538} INFO - Filling up the DagBag from /opt/airflow/dags/talend_dwh_pipeline.py
[2026-04-14T22:54:40.847+0000] {processor.py:840} INFO - DAG(s) 'talend_dwh_pipeline' retrieved from /opt/airflow/dags/talend_dwh_pipeline.py
[2026-04-14T22:54:40.885+0000] {logging_mixin.py:188} INFO - [2026-04-14T22:54:40.884+0000] {dag.py:3036} INFO - Sync 1 DAGs
[2026-04-14T22:54:40.918+0000] {logging_mixin.py:188} INFO - [2026-04-14T22:54:40.918+0000] {dag.py:3823} INFO - Setting next_dagrun for talend_dwh_pipeline to 2026-04-14 00:00:00+00:00, run_after=2026-04-15 00:00:00+00:00
[2026-04-14T22:54:40.950+0000] {processor.py:183} INFO - Processing /opt/airflow/dags/talend_dwh_pipeline.py took 0.199 seconds
[2026-04-14T22:55:11.306+0000] {processor.py:161} INFO - Started process (PID=21428) to work on /opt/airflow/dags/talend_dwh_pipeline.py
[2026-04-14T22:55:11.309+0000] {processor.py:830} INFO - Processing file /opt/airflow/dags/talend_dwh_pipeline.py for tasks to queue
[2026-04-14T22:55:11.313+0000] {logging_mixin.py:188} INFO - [2026-04-14T22:55:11.312+0000] {dagbag.py:538} INFO - Filling up the DagBag from /opt/airflow/dags/talend_dwh_pipeline.py
[2026-04-14T22:55:11.348+0000] {processor.py:840} INFO - DAG(s) 'talend_dwh_pipeline' retrieved from /opt/airflow/dags/talend_dwh_pipeline.py
[2026-04-14T22:55:11.379+0000] {logging_mixin.py:188} INFO - [2026-04-14T22:55:11.379+0000] {dag.py:3036} INFO - Sync 1 DAGs
[2026-04-14T22:55:11.417+0000] {logging_mixin.py:188} INFO - [2026-04-14T22:55:11.416+0000] {dag.py:3823} INFO - Setting next_dagrun for talend_dwh_pipeline to 2026-04-14 00:00:00+00:00, run_after=2026-04-15 00:00:00+00:00
[2026-04-14T22:55:11.447+0000] {processor.py:183} INFO - Processing /opt/airflow/dags/talend_dwh_pipeline.py took 0.147 seconds
[2026-04-14T22:55:41.725+0000] {processor.py:161} INFO - Started process (PID=21485) to work on /opt/airflow/dags/talend_dwh_pipeline.py
[2026-04-14T22:55:41.727+0000] {processor.py:830} INFO - Processing file /opt/airflow/dags/talend_dwh_pipeline.py for tasks to queue
[2026-04-14T22:55:41.729+0000] {logging_mixin.py:188} INFO - [2026-04-14T22:55:41.729+0000] {dagbag.py:538} INFO - Filling up the DagBag from /opt/airflow/dags/talend_dwh_pipeline.py
[2026-04-14T22:55:41.753+0000] {processor.py:840} INFO - DAG(s) 'talend_dwh_pipeline' retrieved from /opt/airflow/dags/talend_dwh_pipeline.py
[2026-04-14T22:55:41.776+0000] {logging_mixin.py:188} INFO - [2026-04-14T22:55:41.776+0000] {dag.py:3036} INFO - Sync 1 DAGs
[2026-04-14T22:55:41.798+0000] {logging_mixin.py:188} INFO - [2026-04-14T22:55:41.797+0000] {dag.py:3823} INFO - Setting next_dagrun for talend_dwh_pipeline to 2026-04-14 00:00:00+00:00, run_after=2026-04-15 00:00:00+00:00
[2026-04-14T22:55:41.822+0000] {processor.py:183} INFO - Processing /opt/airflow/dags/talend_dwh_pipeline.py took 0.101 seconds
[2026-04-14T22:56:11.909+0000] {processor.py:161} INFO - Started process (PID=21542) to work on /opt/airflow/dags/talend_dwh_pipeline.py
[2026-04-14T22:56:11.910+0000] {processor.py:830} INFO - Processing file /opt/airflow/dags/talend_dwh_pipeline.py for tasks to queue
[2026-04-14T22:56:11.917+0000] {logging_mixin.py:188} INFO - [2026-04-14T22:56:11.916+0000] {dagbag.py:538} INFO - Filling up the DagBag from /opt/airflow/dags/talend_dwh_pipeline.py
[2026-04-14T22:56:11.945+0000] {processor.py:840} INFO - DAG(s) 'talend_dwh_pipeline' retrieved from /opt/airflow/dags/talend_dwh_pipeline.py
[2026-04-14T22:56:11.970+0000] {logging_mixin.py:188} INFO - [2026-04-14T22:56:11.969+0000] {dag.py:3036} INFO - Sync 1 DAGs
[2026-04-14T22:56:11.994+0000] {logging_mixin.py:188} INFO - [2026-04-14T22:56:11.994+0000] {dag.py:3823} INFO - Setting next_dagrun for talend_dwh_pipeline to 2026-04-14 00:00:00+00:00, run_after=2026-04-15 00:00:00+00:00
[2026-04-14T22:56:12.016+0000] {processor.py:183} INFO - Processing /opt/airflow/dags/talend_dwh_pipeline.py took 0.114 seconds
[2026-04-14T22:56:42.182+0000] {processor.py:161} INFO - Started process (PID=21599) to work on /opt/airflow/dags/talend_dwh_pipeline.py
[2026-04-14T22:56:42.183+0000] {processor.py:830} INFO - Processing file /opt/airflow/dags/talend_dwh_pipeline.py for tasks to queue
[2026-04-14T22:56:42.187+0000] {logging_mixin.py:188} INFO - [2026-04-14T22:56:42.186+0000] {dagbag.py:538} INFO - Filling up the DagBag from /opt/airflow/dags/talend_dwh_pipeline.py
[2026-04-14T22:56:42.217+0000] {processor.py:840} INFO - DAG(s) 'talend_dwh_pipeline' retrieved from /opt/airflow/dags/talend_dwh_pipeline.py
[2026-04-14T22:56:42.250+0000] {logging_mixin.py:188} INFO - [2026-04-14T22:56:42.250+0000] {dag.py:3036} INFO - Sync 1 DAGs
[2026-04-14T22:56:42.288+0000] {logging_mixin.py:188} INFO - [2026-04-14T22:56:42.286+0000] {dag.py:3823} INFO - Setting next_dagrun for talend_dwh_pipeline to 2026-04-14 00:00:00+00:00, run_after=2026-04-15 00:00:00+00:00
[2026-04-14T22:56:42.316+0000] {processor.py:183} INFO - Processing /opt/airflow/dags/talend_dwh_pipeline.py took 0.139 seconds
[2026-04-14T22:57:12.862+0000] {processor.py:161} INFO - Started process (PID=21656) to work on /opt/airflow/dags/talend_dwh_pipeline.py
[2026-04-14T22:57:12.863+0000] {processor.py:830} INFO - Processing file /opt/airflow/dags/talend_dwh_pipeline.py for tasks to queue
[2026-04-14T22:57:12.868+0000] {logging_mixin.py:188} INFO - [2026-04-14T22:57:12.867+0000] {dagbag.py:538} INFO - Filling up the DagBag from /opt/airflow/dags/talend_dwh_pipeline.py
[2026-04-14T22:57:12.895+0000] {processor.py:840} INFO - DAG(s) 'talend_dwh_pipeline' retrieved from /opt/airflow/dags/talend_dwh_pipeline.py
[2026-04-14T22:57:12.926+0000] {logging_mixin.py:188} INFO - [2026-04-14T22:57:12.926+0000] {dag.py:3036} INFO - Sync 1 DAGs
[2026-04-14T22:57:12.954+0000] {logging_mixin.py:188} INFO - [2026-04-14T22:57:12.953+0000] {dag.py:3823} INFO - Setting next_dagrun for talend_dwh_pipeline to 2026-04-14 00:00:00+00:00, run_after=2026-04-15 00:00:00+00:00
[2026-04-14T22:57:12.979+0000] {processor.py:183} INFO - Processing /opt/airflow/dags/talend_dwh_pipeline.py took 0.121 seconds
[2026-04-14T22:57:43.497+0000] {processor.py:161} INFO - Started process (PID=21713) to work on /opt/airflow/dags/talend_dwh_pipeline.py
[2026-04-14T22:57:43.498+0000] {processor.py:830} INFO - Processing file /opt/airflow/dags/talend_dwh_pipeline.py for tasks to queue
[2026-04-14T22:57:43.500+0000] {logging_mixin.py:188} INFO - [2026-04-14T22:57:43.500+0000] {dagbag.py:538} INFO - Filling up the DagBag from /opt/airflow/dags/talend_dwh_pipeline.py
[2026-04-14T22:57:43.525+0000] {processor.py:840} INFO - DAG(s) 'talend_dwh_pipeline' retrieved from /opt/airflow/dags/talend_dwh_pipeline.py
[2026-04-14T22:57:43.548+0000] {logging_mixin.py:188} INFO - [2026-04-14T22:57:43.548+0000] {dag.py:3036} INFO - Sync 1 DAGs
[2026-04-14T22:57:43.571+0000] {logging_mixin.py:188} INFO - [2026-04-14T22:57:43.570+0000] {dag.py:3823} INFO - Setting next_dagrun for talend_dwh_pipeline to 2026-04-14 00:00:00+00:00, run_after=2026-04-15 00:00:00+00:00
[2026-04-14T22:57:43.594+0000] {processor.py:183} INFO - Processing /opt/airflow/dags/talend_dwh_pipeline.py took 0.102 seconds
[2026-04-14T22:58:13.695+0000] {processor.py:161} INFO - Started process (PID=21770) to work on /opt/airflow/dags/talend_dwh_pipeline.py
[2026-04-14T22:58:13.696+0000] {processor.py:830} INFO - Processing file /opt/airflow/dags/talend_dwh_pipeline.py for tasks to queue
[2026-04-14T22:58:13.699+0000] {logging_mixin.py:188} INFO - [2026-04-14T22:58:13.698+0000] {dagbag.py:538} INFO - Filling up the DagBag from /opt/airflow/dags/talend_dwh_pipeline.py
[2026-04-14T22:58:13.724+0000] {processor.py:840} INFO - DAG(s) 'talend_dwh_pipeline' retrieved from /opt/airflow/dags/talend_dwh_pipeline.py
[2026-04-14T22:58:13.758+0000] {logging_mixin.py:188} INFO - [2026-04-14T22:58:13.758+0000] {dag.py:3036} INFO - Sync 1 DAGs
[2026-04-14T22:58:13.797+0000] {logging_mixin.py:188} INFO - [2026-04-14T22:58:13.797+0000] {dag.py:3823} INFO - Setting next_dagrun for talend_dwh_pipeline to 2026-04-14 00:00:00+00:00, run_after=2026-04-15 00:00:00+00:00
[2026-04-14T22:58:13.824+0000] {processor.py:183} INFO - Processing /opt/airflow/dags/talend_dwh_pipeline.py took 0.132 seconds
[2026-04-14T22:58:44.137+0000] {processor.py:161} INFO - Started process (PID=21828) to work on /opt/airflow/dags/talend_dwh_pipeline.py
[2026-04-14T22:58:44.138+0000] {processor.py:830} INFO - Processing file /opt/airflow/dags/talend_dwh_pipeline.py for tasks to queue
[2026-04-14T22:58:44.141+0000] {logging_mixin.py:188} INFO - [2026-04-14T22:58:44.141+0000] {dagbag.py:538} INFO - Filling up the DagBag from /opt/airflow/dags/talend_dwh_pipeline.py
[2026-04-14T22:58:44.162+0000] {processor.py:840} INFO - DAG(s) 'talend_dwh_pipeline' retrieved from /opt/airflow/dags/talend_dwh_pipeline.py
[2026-04-14T22:58:44.185+0000] {logging_mixin.py:188} INFO - [2026-04-14T22:58:44.185+0000] {dag.py:3036} INFO - Sync 1 DAGs
[2026-04-14T22:58:44.210+0000] {logging_mixin.py:188} INFO - [2026-04-14T22:58:44.209+0000] {dag.py:3823} INFO - Setting next_dagrun for talend_dwh_pipeline to 2026-04-14 00:00:00+00:00, run_after=2026-04-15 00:00:00+00:00
[2026-04-14T22:58:44.235+0000] {processor.py:183} INFO - Processing /opt/airflow/dags/talend_dwh_pipeline.py took 0.102 seconds
[2026-04-14T22:59:14.592+0000] {processor.py:161} INFO - Started process (PID=21885) to work on /opt/airflow/dags/talend_dwh_pipeline.py
[2026-04-14T22:59:14.595+0000] {processor.py:830} INFO - Processing file /opt/airflow/dags/talend_dwh_pipeline.py for tasks to queue
[2026-04-14T22:59:14.600+0000] {logging_mixin.py:188} INFO - [2026-04-14T22:59:14.599+0000] {dagbag.py:538} INFO - Filling up the DagBag from /opt/airflow/dags/talend_dwh_pipeline.py
[2026-04-14T22:59:14.629+0000] {processor.py:840} INFO - DAG(s) 'talend_dwh_pipeline' retrieved from /opt/airflow/dags/talend_dwh_pipeline.py
[2026-04-14T22:59:14.654+0000] {logging_mixin.py:188} INFO - [2026-04-14T22:59:14.654+0000] {dag.py:3036} INFO - Sync 1 DAGs
[2026-04-14T22:59:14.679+0000] {logging_mixin.py:188} INFO - [2026-04-14T22:59:14.679+0000] {dag.py:3823} INFO - Setting next_dagrun for talend_dwh_pipeline to 2026-04-14 00:00:00+00:00, run_after=2026-04-15 00:00:00+00:00
[2026-04-14T22:59:14.704+0000] {processor.py:183} INFO - Processing /opt/airflow/dags/talend_dwh_pipeline.py took 0.117 seconds
[2026-04-14T22:59:45.159+0000] {processor.py:161} INFO - Started process (PID=21942) to work on /opt/airflow/dags/talend_dwh_pipeline.py
[2026-04-14T22:59:45.160+0000] {processor.py:830} INFO - Processing file /opt/airflow/dags/talend_dwh_pipeline.py for tasks to queue
[2026-04-14T22:59:45.162+0000] {logging_mixin.py:188} INFO - [2026-04-14T22:59:45.162+0000] {dagbag.py:538} INFO - Filling up the DagBag from /opt/airflow/dags/talend_dwh_pipeline.py
[2026-04-14T22:59:45.186+0000] {processor.py:840} INFO - DAG(s) 'talend_dwh_pipeline' retrieved from /opt/airflow/dags/talend_dwh_pipeline.py
[2026-04-14T22:59:45.215+0000] {logging_mixin.py:188} INFO - [2026-04-14T22:59:45.215+0000] {dag.py:3036} INFO - Sync 1 DAGs
[2026-04-14T22:59:45.241+0000] {logging_mixin.py:188} INFO - [2026-04-14T22:59:45.240+0000] {dag.py:3823} INFO - Setting next_dagrun for talend_dwh_pipeline to 2026-04-14 00:00:00+00:00, run_after=2026-04-15 00:00:00+00:00
[2026-04-14T22:59:45.265+0000] {processor.py:183} INFO - Processing /opt/airflow/dags/talend_dwh_pipeline.py took 0.111 seconds
[2026-04-14T23:00:15.495+0000] {processor.py:161} INFO - Started process (PID=21999) to work on /opt/airflow/dags/talend_dwh_pipeline.py
[2026-04-14T23:00:15.499+0000] {processor.py:830} INFO - Processing file /opt/airflow/dags/talend_dwh_pipeline.py for tasks to queue
[2026-04-14T23:00:15.518+0000] {logging_mixin.py:188} INFO - [2026-04-14T23:00:15.517+0000] {dagbag.py:538} INFO - Filling up the DagBag from /opt/airflow/dags/talend_dwh_pipeline.py
[2026-04-14T23:00:15.591+0000] {processor.py:840} INFO - DAG(s) 'talend_dwh_pipeline' retrieved from /opt/airflow/dags/talend_dwh_pipeline.py
[2026-04-14T23:00:15.689+0000] {logging_mixin.py:188} INFO - [2026-04-14T23:00:15.688+0000] {dag.py:3036} INFO - Sync 1 DAGs
[2026-04-14T23:00:15.798+0000] {logging_mixin.py:188} INFO - [2026-04-14T23:00:15.798+0000] {dag.py:3823} INFO - Setting next_dagrun for talend_dwh_pipeline to 2026-04-14 00:00:00+00:00, run_after=2026-04-15 00:00:00+00:00
[2026-04-14T23:00:15.886+0000] {processor.py:183} INFO - Processing /opt/airflow/dags/talend_dwh_pipeline.py took 0.409 seconds
[2026-04-14T23:00:49.163+0000] {processor.py:161} INFO - Started process (PID=22009) to work on /opt/airflow/dags/talend_dwh_pipeline.py
[2026-04-14T23:00:49.166+0000] {processor.py:830} INFO - Processing file /opt/airflow/dags/talend_dwh_pipeline.py for tasks to queue
[2026-04-14T23:00:49.170+0000] {logging_mixin.py:188} INFO - [2026-04-14T23:00:49.169+0000] {dagbag.py:538} INFO - Filling up the DagBag from /opt/airflow/dags/talend_dwh_pipeline.py
[2026-04-14T23:00:49.218+0000] {processor.py:840} INFO - DAG(s) 'talend_dwh_pipeline' retrieved from /opt/airflow/dags/talend_dwh_pipeline.py
[2026-04-14T23:00:49.258+0000] {logging_mixin.py:188} INFO - [2026-04-14T23:00:49.258+0000] {dag.py:3036} INFO - Sync 1 DAGs
[2026-04-14T23:00:49.407+0000] {logging_mixin.py:188} INFO - [2026-04-14T23:00:49.406+0000] {dag.py:3823} INFO - Setting next_dagrun for talend_dwh_pipeline to 2026-04-14 00:00:00+00:00, run_after=2026-04-15 00:00:00+00:00
[2026-04-14T23:00:49.515+0000] {processor.py:183} INFO - Processing /opt/airflow/dags/talend_dwh_pipeline.py took 0.359 seconds
[2026-04-14T23:28:22.279+0000] {processor.py:161} INFO - Started process (PID=22062) to work on /opt/airflow/dags/talend_dwh_pipeline.py
[2026-04-14T23:28:22.291+0000] {processor.py:830} INFO - Processing file /opt/airflow/dags/talend_dwh_pipeline.py for tasks to queue
[2026-04-14T23:28:22.298+0000] {logging_mixin.py:188} INFO - [2026-04-14T23:28:22.297+0000] {dagbag.py:538} INFO - Filling up the DagBag from /opt/airflow/dags/talend_dwh_pipeline.py
[2026-04-14T23:28:22.378+0000] {processor.py:840} INFO - DAG(s) 'talend_dwh_pipeline' retrieved from /opt/airflow/dags/talend_dwh_pipeline.py
[2026-04-14T23:28:22.489+0000] {logging_mixin.py:188} INFO - [2026-04-14T23:28:22.488+0000] {dag.py:3036} INFO - Sync 1 DAGs
[2026-04-14T23:28:23.934+0000] {logging_mixin.py:188} INFO - [2026-04-14T23:28:23.933+0000] {dag.py:3823} INFO - Setting next_dagrun for talend_dwh_pipeline to 2026-04-14 00:00:00+00:00, run_after=2026-04-15 00:00:00+00:00
[2026-04-14T23:28:24.020+0000] {processor.py:183} INFO - Processing /opt/airflow/dags/talend_dwh_pipeline.py took 1.748 seconds
[2026-04-14T23:28:54.500+0000] {processor.py:161} INFO - Started process (PID=22119) to work on /opt/airflow/dags/talend_dwh_pipeline.py
[2026-04-14T23:28:54.502+0000] {processor.py:830} INFO - Processing file /opt/airflow/dags/talend_dwh_pipeline.py for tasks to queue
[2026-04-14T23:28:54.506+0000] {logging_mixin.py:188} INFO - [2026-04-14T23:28:54.506+0000] {dagbag.py:538} INFO - Filling up the DagBag from /opt/airflow/dags/talend_dwh_pipeline.py
[2026-04-14T23:28:54.544+0000] {processor.py:840} INFO - DAG(s) 'talend_dwh_pipeline' retrieved from /opt/airflow/dags/talend_dwh_pipeline.py
[2026-04-14T23:28:54.581+0000] {logging_mixin.py:188} INFO - [2026-04-14T23:28:54.581+0000] {dag.py:3036} INFO - Sync 1 DAGs
[2026-04-14T23:28:54.619+0000] {logging_mixin.py:188} INFO - [2026-04-14T23:28:54.619+0000] {dag.py:3823} INFO - Setting next_dagrun for talend_dwh_pipeline to 2026-04-14 00:00:00+00:00, run_after=2026-04-15 00:00:00+00:00
[2026-04-14T23:28:54.654+0000] {processor.py:183} INFO - Processing /opt/airflow/dags/talend_dwh_pipeline.py took 0.163 seconds
[2026-04-14T23:29:25.128+0000] {processor.py:161} INFO - Started process (PID=22174) to work on /opt/airflow/dags/talend_dwh_pipeline.py
[2026-04-14T23:29:25.129+0000] {processor.py:830} INFO - Processing file /opt/airflow/dags/talend_dwh_pipeline.py for tasks to queue
[2026-04-14T23:29:25.133+0000] {logging_mixin.py:188} INFO - [2026-04-14T23:29:25.132+0000] {dagbag.py:538} INFO - Filling up the DagBag from /opt/airflow/dags/talend_dwh_pipeline.py
[2026-04-14T23:29:25.177+0000] {processor.py:840} INFO - DAG(s) 'talend_dwh_pipeline' retrieved from /opt/airflow/dags/talend_dwh_pipeline.py
[2026-04-14T23:29:25.235+0000] {logging_mixin.py:188} INFO - [2026-04-14T23:29:25.234+0000] {dag.py:3036} INFO - Sync 1 DAGs
[2026-04-14T23:29:25.294+0000] {logging_mixin.py:188} INFO - [2026-04-14T23:29:25.293+0000] {dag.py:3823} INFO - Setting next_dagrun for talend_dwh_pipeline to 2026-04-14 00:00:00+00:00, run_after=2026-04-15 00:00:00+00:00
[2026-04-14T23:29:25.340+0000] {processor.py:183} INFO - Processing /opt/airflow/dags/talend_dwh_pipeline.py took 0.218 seconds
[2026-04-14T23:29:55.742+0000] {processor.py:161} INFO - Started process (PID=22231) to work on /opt/airflow/dags/talend_dwh_pipeline.py
[2026-04-14T23:29:55.744+0000] {processor.py:830} INFO - Processing file /opt/airflow/dags/talend_dwh_pipeline.py for tasks to queue
[2026-04-14T23:29:55.747+0000] {logging_mixin.py:188} INFO - [2026-04-14T23:29:55.747+0000] {dagbag.py:538} INFO - Filling up the DagBag from /opt/airflow/dags/talend_dwh_pipeline.py
[2026-04-14T23:29:55.788+0000] {processor.py:840} INFO - DAG(s) 'talend_dwh_pipeline' retrieved from /opt/airflow/dags/talend_dwh_pipeline.py
[2026-04-14T23:29:55.826+0000] {logging_mixin.py:188} INFO - [2026-04-14T23:29:55.826+0000] {dag.py:3036} INFO - Sync 1 DAGs
[2026-04-14T23:29:55.865+0000] {logging_mixin.py:188} INFO - [2026-04-14T23:29:55.864+0000] {dag.py:3823} INFO - Setting next_dagrun for talend_dwh_pipeline to 2026-04-14 00:00:00+00:00, run_after=2026-04-15 00:00:00+00:00
[2026-04-14T23:29:55.898+0000] {processor.py:183} INFO - Processing /opt/airflow/dags/talend_dwh_pipeline.py took 0.163 seconds
[2026-04-14T23:30:26.180+0000] {processor.py:161} INFO - Started process (PID=22288) to work on /opt/airflow/dags/talend_dwh_pipeline.py
[2026-04-14T23:30:26.184+0000] {processor.py:830} INFO - Processing file /opt/airflow/dags/talend_dwh_pipeline.py for tasks to queue
[2026-04-14T23:30:26.189+0000] {logging_mixin.py:188} INFO - [2026-04-14T23:30:26.188+0000] {dagbag.py:538} INFO - Filling up the DagBag from /opt/airflow/dags/talend_dwh_pipeline.py
[2026-04-14T23:30:26.236+0000] {processor.py:840} INFO - DAG(s) 'talend_dwh_pipeline' retrieved from /opt/airflow/dags/talend_dwh_pipeline.py
[2026-04-14T23:30:26.463+0000] {logging_mixin.py:188} INFO - [2026-04-14T23:30:26.463+0000] {dag.py:3036} INFO - Sync 1 DAGs
[2026-04-14T23:30:26.503+0000] {logging_mixin.py:188} INFO - [2026-04-14T23:30:26.503+0000] {dag.py:3823} INFO - Setting next_dagrun for talend_dwh_pipeline to 2026-04-14 00:00:00+00:00, run_after=2026-04-15 00:00:00+00:00
[2026-04-14T23:30:26.541+0000] {processor.py:183} INFO - Processing /opt/airflow/dags/talend_dwh_pipeline.py took 0.369 seconds
[2026-04-14T23:30:56.671+0000] {processor.py:161} INFO - Started process (PID=22346) to work on /opt/airflow/dags/talend_dwh_pipeline.py
[2026-04-14T23:30:56.673+0000] {processor.py:830} INFO - Processing file /opt/airflow/dags/talend_dwh_pipeline.py for tasks to queue
[2026-04-14T23:30:56.678+0000] {logging_mixin.py:188} INFO - [2026-04-14T23:30:56.678+0000] {dagbag.py:538} INFO - Filling up the DagBag from /opt/airflow/dags/talend_dwh_pipeline.py
[2026-04-14T23:30:56.727+0000] {processor.py:840} INFO - DAG(s) 'talend_dwh_pipeline' retrieved from /opt/airflow/dags/talend_dwh_pipeline.py
[2026-04-14T23:30:56.774+0000] {logging_mixin.py:188} INFO - [2026-04-14T23:30:56.774+0000] {dag.py:3036} INFO - Sync 1 DAGs
[2026-04-14T23:30:57.053+0000] {logging_mixin.py:188} INFO - [2026-04-14T23:30:57.051+0000] {dag.py:3823} INFO - Setting next_dagrun for talend_dwh_pipeline to 2026-04-14 00:00:00+00:00, run_after=2026-04-15 00:00:00+00:00
[2026-04-14T23:30:57.097+0000] {processor.py:183} INFO - Processing /opt/airflow/dags/talend_dwh_pipeline.py took 0.432 seconds
[2026-04-14T23:31:27.211+0000] {processor.py:161} INFO - Started process (PID=22403) to work on /opt/airflow/dags/talend_dwh_pipeline.py
[2026-04-14T23:31:27.212+0000] {processor.py:830} INFO - Processing file /opt/airflow/dags/talend_dwh_pipeline.py for tasks to queue
[2026-04-14T23:31:27.215+0000] {logging_mixin.py:188} INFO - [2026-04-14T23:31:27.215+0000] {dagbag.py:538} INFO - Filling up the DagBag from /opt/airflow/dags/talend_dwh_pipeline.py
[2026-04-14T23:31:27.256+0000] {processor.py:840} INFO - DAG(s) 'talend_dwh_pipeline' retrieved from /opt/airflow/dags/talend_dwh_pipeline.py
[2026-04-14T23:31:27.284+0000] {logging_mixin.py:188} INFO - [2026-04-14T23:31:27.283+0000] {dag.py:3036} INFO - Sync 1 DAGs
[2026-04-14T23:31:27.480+0000] {logging_mixin.py:188} INFO - [2026-04-14T23:31:27.479+0000] {dag.py:3823} INFO - Setting next_dagrun for talend_dwh_pipeline to 2026-04-14 00:00:00+00:00, run_after=2026-04-15 00:00:00+00:00
[2026-04-14T23:31:27.510+0000] {processor.py:183} INFO - Processing /opt/airflow/dags/talend_dwh_pipeline.py took 0.305 seconds
[2026-04-14T23:31:58.393+0000] {processor.py:161} INFO - Started process (PID=22461) to work on /opt/airflow/dags/talend_dwh_pipeline.py
[2026-04-14T23:31:58.399+0000] {processor.py:830} INFO - Processing file /opt/airflow/dags/talend_dwh_pipeline.py for tasks to queue
[2026-04-14T23:31:58.409+0000] {logging_mixin.py:188} INFO - [2026-04-14T23:31:58.408+0000] {dagbag.py:538} INFO - Filling up the DagBag from /opt/airflow/dags/talend_dwh_pipeline.py
[2026-04-14T23:31:58.459+0000] {processor.py:840} INFO - DAG(s) 'talend_dwh_pipeline' retrieved from /opt/airflow/dags/talend_dwh_pipeline.py
[2026-04-14T23:31:58.518+0000] {logging_mixin.py:188} INFO - [2026-04-14T23:31:58.516+0000] {dag.py:3036} INFO - Sync 1 DAGs
[2026-04-14T23:31:58.589+0000] {logging_mixin.py:188} INFO - [2026-04-14T23:31:58.589+0000] {dag.py:3823} INFO - Setting next_dagrun for talend_dwh_pipeline to 2026-04-14 00:00:00+00:00, run_after=2026-04-15 00:00:00+00:00
[2026-04-14T23:31:58.664+0000] {processor.py:183} INFO - Processing /opt/airflow/dags/talend_dwh_pipeline.py took 0.281 seconds
[2026-04-14T23:32:29.251+0000] {processor.py:161} INFO - Started process (PID=22519) to work on /opt/airflow/dags/talend_dwh_pipeline.py
[2026-04-14T23:32:29.256+0000] {processor.py:830} INFO - Processing file /opt/airflow/dags/talend_dwh_pipeline.py for tasks to queue
[2026-04-14T23:32:29.259+0000] {logging_mixin.py:188} INFO - [2026-04-14T23:32:29.259+0000] {dagbag.py:538} INFO - Filling up the DagBag from /opt/airflow/dags/talend_dwh_pipeline.py
[2026-04-14T23:32:29.312+0000] {processor.py:840} INFO - DAG(s) 'talend_dwh_pipeline' retrieved from /opt/airflow/dags/talend_dwh_pipeline.py
[2026-04-14T23:32:29.377+0000] {logging_mixin.py:188} INFO - [2026-04-14T23:32:29.377+0000] {dag.py:3036} INFO - Sync 1 DAGs
[2026-04-14T23:32:29.440+0000] {logging_mixin.py:188} INFO - [2026-04-14T23:32:29.436+0000] {dag.py:3823} INFO - Setting next_dagrun for talend_dwh_pipeline to 2026-04-14 00:00:00+00:00, run_after=2026-04-15 00:00:00+00:00
[2026-04-14T23:32:29.496+0000] {processor.py:183} INFO - Processing /opt/airflow/dags/talend_dwh_pipeline.py took 0.251 seconds
[2026-04-14T23:32:59.798+0000] {processor.py:161} INFO - Started process (PID=22576) to work on /opt/airflow/dags/talend_dwh_pipeline.py
[2026-04-14T23:32:59.801+0000] {processor.py:830} INFO - Processing file /opt/airflow/dags/talend_dwh_pipeline.py for tasks to queue
[2026-04-14T23:32:59.804+0000] {logging_mixin.py:188} INFO - [2026-04-14T23:32:59.804+0000] {dagbag.py:538} INFO - Filling up the DagBag from /opt/airflow/dags/talend_dwh_pipeline.py
[2026-04-14T23:32:59.844+0000] {processor.py:840} INFO - DAG(s) 'talend_dwh_pipeline' retrieved from /opt/airflow/dags/talend_dwh_pipeline.py
[2026-04-14T23:32:59.894+0000] {logging_mixin.py:188} INFO - [2026-04-14T23:32:59.893+0000] {dag.py:3036} INFO - Sync 1 DAGs
[2026-04-14T23:32:59.950+0000] {logging_mixin.py:188} INFO - [2026-04-14T23:32:59.950+0000] {dag.py:3823} INFO - Setting next_dagrun for talend_dwh_pipeline to 2026-04-14 00:00:00+00:00, run_after=2026-04-15 00:00:00+00:00
[2026-04-14T23:32:59.993+0000] {processor.py:183} INFO - Processing /opt/airflow/dags/talend_dwh_pipeline.py took 0.201 seconds
[2026-04-14T23:33:30.313+0000] {processor.py:161} INFO - Started process (PID=22633) to work on /opt/airflow/dags/talend_dwh_pipeline.py
[2026-04-14T23:33:30.316+0000] {processor.py:830} INFO - Processing file /opt/airflow/dags/talend_dwh_pipeline.py for tasks to queue
[2026-04-14T23:33:30.322+0000] {logging_mixin.py:188} INFO - [2026-04-14T23:33:30.321+0000] {dagbag.py:538} INFO - Filling up the DagBag from /opt/airflow/dags/talend_dwh_pipeline.py
[2026-04-14T23:33:30.379+0000] {processor.py:840} INFO - DAG(s) 'talend_dwh_pipeline' retrieved from /opt/airflow/dags/talend_dwh_pipeline.py
[2026-04-14T23:33:30.417+0000] {logging_mixin.py:188} INFO - [2026-04-14T23:33:30.417+0000] {dag.py:3036} INFO - Sync 1 DAGs
[2026-04-14T23:33:30.475+0000] {logging_mixin.py:188} INFO - [2026-04-14T23:33:30.474+0000] {dag.py:3823} INFO - Setting next_dagrun for talend_dwh_pipeline to 2026-04-14 00:00:00+00:00, run_after=2026-04-15 00:00:00+00:00
[2026-04-14T23:33:30.517+0000] {processor.py:183} INFO - Processing /opt/airflow/dags/talend_dwh_pipeline.py took 0.210 seconds
[2026-04-14T23:34:00.762+0000] {processor.py:161} INFO - Started process (PID=22690) to work on /opt/airflow/dags/talend_dwh_pipeline.py
[2026-04-14T23:34:00.765+0000] {processor.py:830} INFO - Processing file /opt/airflow/dags/talend_dwh_pipeline.py for tasks to queue
[2026-04-14T23:34:00.768+0000] {logging_mixin.py:188} INFO - [2026-04-14T23:34:00.768+0000] {dagbag.py:538} INFO - Filling up the DagBag from /opt/airflow/dags/talend_dwh_pipeline.py
[2026-04-14T23:34:00.799+0000] {processor.py:840} INFO - DAG(s) 'talend_dwh_pipeline' retrieved from /opt/airflow/dags/talend_dwh_pipeline.py
[2026-04-14T23:34:00.829+0000] {logging_mixin.py:188} INFO - [2026-04-14T23:34:00.829+0000] {dag.py:3036} INFO - Sync 1 DAGs
[2026-04-14T23:34:00.864+0000] {logging_mixin.py:188} INFO - [2026-04-14T23:34:00.863+0000] {dag.py:3823} INFO - Setting next_dagrun for talend_dwh_pipeline to 2026-04-14 00:00:00+00:00, run_after=2026-04-15 00:00:00+00:00
[2026-04-14T23:34:00.893+0000] {processor.py:183} INFO - Processing /opt/airflow/dags/talend_dwh_pipeline.py took 0.137 seconds
[2026-04-14T23:34:31.170+0000] {processor.py:161} INFO - Started process (PID=22747) to work on /opt/airflow/dags/talend_dwh_pipeline.py
[2026-04-14T23:34:31.173+0000] {processor.py:830} INFO - Processing file /opt/airflow/dags/talend_dwh_pipeline.py for tasks to queue
[2026-04-14T23:34:31.178+0000] {logging_mixin.py:188} INFO - [2026-04-14T23:34:31.177+0000] {dagbag.py:538} INFO - Filling up the DagBag from /opt/airflow/dags/talend_dwh_pipeline.py
[2026-04-14T23:34:31.227+0000] {processor.py:840} INFO - DAG(s) 'talend_dwh_pipeline' retrieved from /opt/airflow/dags/talend_dwh_pipeline.py
[2026-04-14T23:34:31.265+0000] {logging_mixin.py:188} INFO - [2026-04-14T23:34:31.264+0000] {dag.py:3036} INFO - Sync 1 DAGs
[2026-04-14T23:34:31.308+0000] {logging_mixin.py:188} INFO - [2026-04-14T23:34:31.308+0000] {dag.py:3823} INFO - Setting next_dagrun for talend_dwh_pipeline to 2026-04-14 00:00:00+00:00, run_after=2026-04-15 00:00:00+00:00
[2026-04-14T23:34:31.344+0000] {processor.py:183} INFO - Processing /opt/airflow/dags/talend_dwh_pipeline.py took 0.183 seconds
[2026-04-14T23:35:01.570+0000] {processor.py:161} INFO - Started process (PID=22805) to work on /opt/airflow/dags/talend_dwh_pipeline.py
[2026-04-14T23:35:01.572+0000] {processor.py:830} INFO - Processing file /opt/airflow/dags/talend_dwh_pipeline.py for tasks to queue
[2026-04-14T23:35:01.575+0000] {logging_mixin.py:188} INFO - [2026-04-14T23:35:01.575+0000] {dagbag.py:538} INFO - Filling up the DagBag from /opt/airflow/dags/talend_dwh_pipeline.py
[2026-04-14T23:35:01.609+0000] {processor.py:840} INFO - DAG(s) 'talend_dwh_pipeline' retrieved from /opt/airflow/dags/talend_dwh_pipeline.py
[2026-04-14T23:35:01.643+0000] {logging_mixin.py:188} INFO - [2026-04-14T23:35:01.643+0000] {dag.py:3036} INFO - Sync 1 DAGs
[2026-04-14T23:35:01.679+0000] {logging_mixin.py:188} INFO - [2026-04-14T23:35:01.679+0000] {dag.py:3823} INFO - Setting next_dagrun for talend_dwh_pipeline to 2026-04-14 00:00:00+00:00, run_after=2026-04-15 00:00:00+00:00
[2026-04-14T23:35:01.714+0000] {processor.py:183} INFO - Processing /opt/airflow/dags/talend_dwh_pipeline.py took 0.150 seconds
[2026-04-14T23:35:32.007+0000] {processor.py:161} INFO - Started process (PID=22862) to work on /opt/airflow/dags/talend_dwh_pipeline.py
[2026-04-14T23:35:32.009+0000] {processor.py:830} INFO - Processing file /opt/airflow/dags/talend_dwh_pipeline.py for tasks to queue
[2026-04-14T23:35:32.012+0000] {logging_mixin.py:188} INFO - [2026-04-14T23:35:32.012+0000] {dagbag.py:538} INFO - Filling up the DagBag from /opt/airflow/dags/talend_dwh_pipeline.py
[2026-04-14T23:35:32.073+0000] {processor.py:840} INFO - DAG(s) 'talend_dwh_pipeline' retrieved from /opt/airflow/dags/talend_dwh_pipeline.py
[2026-04-14T23:35:32.134+0000] {logging_mixin.py:188} INFO - [2026-04-14T23:35:32.134+0000] {dag.py:3036} INFO - Sync 1 DAGs
[2026-04-14T23:35:32.169+0000] {logging_mixin.py:188} INFO - [2026-04-14T23:35:32.169+0000] {dag.py:3823} INFO - Setting next_dagrun for talend_dwh_pipeline to 2026-04-14 00:00:00+00:00, run_after=2026-04-15 00:00:00+00:00
[2026-04-14T23:35:32.199+0000] {processor.py:183} INFO - Processing /opt/airflow/dags/talend_dwh_pipeline.py took 0.197 seconds
[2026-04-14T23:36:33.346+0000] {processor.py:161} INFO - Started process (PID=22911) to work on /opt/airflow/dags/talend_dwh_pipeline.py
[2026-04-14T23:36:33.347+0000] {processor.py:830} INFO - Processing file /opt/airflow/dags/talend_dwh_pipeline.py for tasks to queue
[2026-04-14T23:36:33.349+0000] {logging_mixin.py:188} INFO - [2026-04-14T23:36:33.349+0000] {dagbag.py:538} INFO - Filling up the DagBag from /opt/airflow/dags/talend_dwh_pipeline.py
[2026-04-14T23:36:33.371+0000] {processor.py:840} INFO - DAG(s) 'talend_dwh_pipeline' retrieved from /opt/airflow/dags/talend_dwh_pipeline.py
[2026-04-14T23:36:33.404+0000] {logging_mixin.py:188} INFO - [2026-04-14T23:36:33.404+0000] {dag.py:3036} INFO - Sync 1 DAGs
[2026-04-14T23:36:33.455+0000] {logging_mixin.py:188} INFO - [2026-04-14T23:36:33.454+0000] {dag.py:3823} INFO - Setting next_dagrun for talend_dwh_pipeline to 2026-04-14 00:00:00+00:00, run_after=2026-04-15 00:00:00+00:00
[2026-04-14T23:36:33.542+0000] {processor.py:183} INFO - Processing /opt/airflow/dags/talend_dwh_pipeline.py took 0.200 seconds
[2026-04-14T23:56:48.624+0000] {processor.py:161} INFO - Started process (PID=22962) to work on /opt/airflow/dags/talend_dwh_pipeline.py
[2026-04-14T23:56:48.627+0000] {processor.py:830} INFO - Processing file /opt/airflow/dags/talend_dwh_pipeline.py for tasks to queue
[2026-04-14T23:56:48.631+0000] {logging_mixin.py:188} INFO - [2026-04-14T23:56:48.630+0000] {dagbag.py:538} INFO - Filling up the DagBag from /opt/airflow/dags/talend_dwh_pipeline.py
[2026-04-14T23:56:48.652+0000] {processor.py:840} INFO - DAG(s) 'talend_dwh_pipeline' retrieved from /opt/airflow/dags/talend_dwh_pipeline.py
[2026-04-14T23:56:48.813+0000] {logging_mixin.py:188} INFO - [2026-04-14T23:56:48.813+0000] {dag.py:3036} INFO - Sync 1 DAGs
[2026-04-14T23:56:48.872+0000] {logging_mixin.py:188} INFO - [2026-04-14T23:56:48.872+0000] {dag.py:3823} INFO - Setting next_dagrun for talend_dwh_pipeline to 2026-04-14 00:00:00+00:00, run_after=2026-04-15 00:00:00+00:00
[2026-04-14T23:56:49.619+0000] {processor.py:183} INFO - Processing /opt/airflow/dags/talend_dwh_pipeline.py took 1.000 seconds
[2026-04-14T23:57:20.106+0000] {processor.py:161} INFO - Started process (PID=23019) to work on /opt/airflow/dags/talend_dwh_pipeline.py
[2026-04-14T23:57:20.124+0000] {processor.py:830} INFO - Processing file /opt/airflow/dags/talend_dwh_pipeline.py for tasks to queue
[2026-04-14T23:57:20.126+0000] {logging_mixin.py:188} INFO - [2026-04-14T23:57:20.126+0000] {dagbag.py:538} INFO - Filling up the DagBag from /opt/airflow/dags/talend_dwh_pipeline.py
[2026-04-14T23:57:20.155+0000] {processor.py:840} INFO - DAG(s) 'talend_dwh_pipeline' retrieved from /opt/airflow/dags/talend_dwh_pipeline.py
[2026-04-14T23:57:20.188+0000] {logging_mixin.py:188} INFO - [2026-04-14T23:57:20.188+0000] {dag.py:3036} INFO - Sync 1 DAGs
[2026-04-14T23:57:20.227+0000] {logging_mixin.py:188} INFO - [2026-04-14T23:57:20.226+0000] {dag.py:3823} INFO - Setting next_dagrun for talend_dwh_pipeline to 2026-04-14 00:00:00+00:00, run_after=2026-04-15 00:00:00+00:00
[2026-04-14T23:57:20.273+0000] {processor.py:183} INFO - Processing /opt/airflow/dags/talend_dwh_pipeline.py took 0.170 seconds
[2026-04-14T23:57:50.834+0000] {processor.py:161} INFO - Started process (PID=23076) to work on /opt/airflow/dags/talend_dwh_pipeline.py
[2026-04-14T23:57:50.835+0000] {processor.py:830} INFO - Processing file /opt/airflow/dags/talend_dwh_pipeline.py for tasks to queue
[2026-04-14T23:57:50.838+0000] {logging_mixin.py:188} INFO - [2026-04-14T23:57:50.838+0000] {dagbag.py:538} INFO - Filling up the DagBag from /opt/airflow/dags/talend_dwh_pipeline.py
[2026-04-14T23:57:50.863+0000] {processor.py:840} INFO - DAG(s) 'talend_dwh_pipeline' retrieved from /opt/airflow/dags/talend_dwh_pipeline.py
[2026-04-14T23:57:50.900+0000] {logging_mixin.py:188} INFO - [2026-04-14T23:57:50.900+0000] {dag.py:3036} INFO - Sync 1 DAGs
[2026-04-14T23:57:50.953+0000] {logging_mixin.py:188} INFO - [2026-04-14T23:57:50.952+0000] {dag.py:3823} INFO - Setting next_dagrun for talend_dwh_pipeline to 2026-04-14 00:00:00+00:00, run_after=2026-04-15 00:00:00+00:00
[2026-04-14T23:57:50.997+0000] {processor.py:183} INFO - Processing /opt/airflow/dags/talend_dwh_pipeline.py took 0.168 seconds
[2026-04-14T23:58:21.055+0000] {processor.py:161} INFO - Started process (PID=23133) to work on /opt/airflow/dags/talend_dwh_pipeline.py
[2026-04-14T23:58:21.056+0000] {processor.py:830} INFO - Processing file /opt/airflow/dags/talend_dwh_pipeline.py for tasks to queue
[2026-04-14T23:58:21.058+0000] {logging_mixin.py:188} INFO - [2026-04-14T23:58:21.058+0000] {dagbag.py:538} INFO - Filling up the DagBag from /opt/airflow/dags/talend_dwh_pipeline.py
[2026-04-14T23:58:21.087+0000] {processor.py:840} INFO - DAG(s) 'talend_dwh_pipeline' retrieved from /opt/airflow/dags/talend_dwh_pipeline.py
[2026-04-14T23:58:21.109+0000] {logging_mixin.py:188} INFO - [2026-04-14T23:58:21.109+0000] {dag.py:3036} INFO - Sync 1 DAGs
[2026-04-14T23:58:21.132+0000] {logging_mixin.py:188} INFO - [2026-04-14T23:58:21.131+0000] {dag.py:3823} INFO - Setting next_dagrun for talend_dwh_pipeline to 2026-04-14 00:00:00+00:00, run_after=2026-04-15 00:00:00+00:00
[2026-04-14T23:58:21.179+0000] {processor.py:183} INFO - Processing /opt/airflow/dags/talend_dwh_pipeline.py took 0.128 seconds
[2026-04-14T23:58:51.476+0000] {processor.py:161} INFO - Started process (PID=23190) to work on /opt/airflow/dags/talend_dwh_pipeline.py
[2026-04-14T23:58:51.965+0000] {processor.py:830} INFO - Processing file /opt/airflow/dags/talend_dwh_pipeline.py for tasks to queue
[2026-04-14T23:58:51.968+0000] {logging_mixin.py:188} INFO - [2026-04-14T23:58:51.967+0000] {dagbag.py:538} INFO - Filling up the DagBag from /opt/airflow/dags/talend_dwh_pipeline.py
[2026-04-14T23:58:51.996+0000] {processor.py:840} INFO - DAG(s) 'talend_dwh_pipeline' retrieved from /opt/airflow/dags/talend_dwh_pipeline.py
[2026-04-14T23:58:52.028+0000] {logging_mixin.py:188} INFO - [2026-04-14T23:58:52.028+0000] {dag.py:3036} INFO - Sync 1 DAGs
[2026-04-14T23:58:52.056+0000] {logging_mixin.py:188} INFO - [2026-04-14T23:58:52.056+0000] {dag.py:3823} INFO - Setting next_dagrun for talend_dwh_pipeline to 2026-04-14 00:00:00+00:00, run_after=2026-04-15 00:00:00+00:00
[2026-04-14T23:58:52.262+0000] {processor.py:183} INFO - Processing /opt/airflow/dags/talend_dwh_pipeline.py took 0.791 seconds
[2026-04-14T23:59:22.420+0000] {processor.py:161} INFO - Started process (PID=23247) to work on /opt/airflow/dags/talend_dwh_pipeline.py
[2026-04-14T23:59:22.421+0000] {processor.py:830} INFO - Processing file /opt/airflow/dags/talend_dwh_pipeline.py for tasks to queue
[2026-04-14T23:59:22.444+0000] {logging_mixin.py:188} INFO - [2026-04-14T23:59:22.443+0000] {dagbag.py:538} INFO - Filling up the DagBag from /opt/airflow/dags/talend_dwh_pipeline.py
[2026-04-14T23:59:22.478+0000] {processor.py:840} INFO - DAG(s) 'talend_dwh_pipeline' retrieved from /opt/airflow/dags/talend_dwh_pipeline.py
[2026-04-14T23:59:22.517+0000] {logging_mixin.py:188} INFO - [2026-04-14T23:59:22.517+0000] {dag.py:3036} INFO - Sync 1 DAGs
[2026-04-14T23:59:22.554+0000] {logging_mixin.py:188} INFO - [2026-04-14T23:59:22.553+0000] {dag.py:3823} INFO - Setting next_dagrun for talend_dwh_pipeline to 2026-04-14 00:00:00+00:00, run_after=2026-04-15 00:00:00+00:00
[2026-04-14T23:59:22.582+0000] {processor.py:183} INFO - Processing /opt/airflow/dags/talend_dwh_pipeline.py took 0.167 seconds
[2026-04-14T23:59:53.585+0000] {processor.py:161} INFO - Started process (PID=23304) to work on /opt/airflow/dags/talend_dwh_pipeline.py
[2026-04-14T23:59:53.586+0000] {processor.py:830} INFO - Processing file /opt/airflow/dags/talend_dwh_pipeline.py for tasks to queue
[2026-04-14T23:59:53.589+0000] {logging_mixin.py:188} INFO - [2026-04-14T23:59:53.589+0000] {dagbag.py:538} INFO - Filling up the DagBag from /opt/airflow/dags/talend_dwh_pipeline.py
[2026-04-14T23:59:53.616+0000] {processor.py:840} INFO - DAG(s) 'talend_dwh_pipeline' retrieved from /opt/airflow/dags/talend_dwh_pipeline.py
[2026-04-14T23:59:53.639+0000] {logging_mixin.py:188} INFO - [2026-04-14T23:59:53.639+0000] {dag.py:3036} INFO - Sync 1 DAGs
[2026-04-14T23:59:53.666+0000] {logging_mixin.py:188} INFO - [2026-04-14T23:59:53.666+0000] {dag.py:3823} INFO - Setting next_dagrun for talend_dwh_pipeline to 2026-04-14 00:00:00+00:00, run_after=2026-04-15 00:00:00+00:00
[2026-04-14T23:59:53.790+0000] {processor.py:183} INFO - Processing /opt/airflow/dags/talend_dwh_pipeline.py took 0.209 seconds
