price,nbr_reservations,nbr_visitors,marketing_spend,market_count,event_type,rating,trend_score,growth_rate_pct,capacity_min,capacity_max,event_type_encoded,category_name_encoded,city_encoded,country_encoded,venue_type_encoded,reservation_status_encoded,marketing_per_visitor,price_per_reservation,visitors_per_reservation,conversion_rate,month,quarter,year,day_of_week,season_encoded
8177.0,252,1608,15000.0,7.0,Birthday,2,0.0,0.0,100.0,200.0,0,2,4,0,0,2,9.322560596643878,32.3201581027668,6.355731225296442,15.661901802361717,3,1,2025,4,1
13333.0,126,4896,21000.0,0.0,Corporate Event,5,0.0,0.0,200.0,400.0,1,0,12,0,1,1,4.288339799877476,104.98425196850394,38.55118110236221,2.5730038799264854,3,1,2023,4,1
13130.0,176,3661,23000.0,10.0,Corporate Event,5,0.0,0.0,200.0,500.0,1,0,11,0,0,2,6.280720917531403,74.18079096045197,20.683615819209038,4.8061168760240305,7,3,2025,1,2
4276.0,229,3480,13000.0,20.0,Birthday,3,0.0,0.0,300.0,500.0,0,2,17,0,0,1,3.7345590347601263,18.591304347826085,15.130434782608695,6.578569376615915,1,1,2022,0,0
8194.0,298,962,22000.0,10.0,Birthday,4,0.0,0.0,300.0,500.0,0,0,10,0,1,2,22.84527518172378,27.40468227424749,3.217391304347826,30.944963655244027,2,1,2023,6,0
7702.0,203,1258,22000.0,0.0,Wedding,1,0.0,0.0,300.0,500.0,2,0,14,0,1,0,17.474185861795075,37.754901960784316,6.166666666666667,16.12390786338364,8,3,2025,4,2
3153.0,155,66,22000.0,3.0,Wedding,5,0.0,0.0,200.0,500.0,2,1,11,0,0,2,328.35820895522386,20.21153846153846,0.4230769230769231,231.34328358208953,11,4,2024,2,3
14672.0,229,3480,20000.0,1.0,Birthday,4,0.0,0.0,100.0,200.0,0,2,15,0,0,0,5.745475438092502,63.791304347826085,15.130434782608695,6.578569376615915,10,4,2024,2,3
12966.0,239,4101,15000.0,1.0,Corporate Event,4,0.0,0.0,100.0,200.0,1,2,15,0,0,2,3.6567528035104826,54.025,17.0875,5.826426133593369,6,2,2022,4,2
2080.0,203,1417,19000.0,7.0,Birthday,1,0.0,0.0,100.0,200.0,0,1,18,0,0,0,13.399153737658674,10.196078431372548,6.946078431372549,14.315937940761636,7,3,2025,4,2
13361.0,203,1417,25000.0,20.0,Corporate Event,2,0.0,0.0,200.0,400.0,1,2,8,0,1,2,17.63046544428773,65.49509803921569,6.946078431372549,14.315937940761636,9,3,2025,6,3
7046.0,202,1983,25000.0,20.0,Birthday,5,0.0,0.0,200.0,400.0,0,2,8,0,1,2,12.600806451612904,34.70935960591133,9.768472906403941,10.181451612903226,12,4,2025,5,0
2693.0,298,962,21000.0,7.0,Corporate Event,1,0.0,0.0,300.0,500.0,1,2,10,0,1,0,21.806853582554517,9.006688963210703,3.217391304347826,30.944963655244027,10,4,2022,4,3
6792.0,126,4896,23000.0,0.0,Corporate Event,2,0.0,0.0,200.0,400.0,1,0,0,0,1,2,4.696753114151521,53.48031496062992,38.55118110236221,2.5730038799264854,9,3,2022,0,3
7190.0,249,22215,24000.0,7.0,Wedding,4,0.0,0.0,300.0,500.0,2,2,10,0,1,1,1.0803024846957148,28.76,88.86,1.120813827871804,12,4,2022,2,0
12929.0,252,1608,26000.0,0.0,Wedding,1,0.0,0.0,200.0,400.0,2,0,7,0,1,2,16.159105034182723,51.10276679841897,6.355731225296442,15.661901802361717,7,3,2025,1,2
10233.0,252,1608,13000.0,3.0,Birthday,5,0.0,0.0,200.0,500.0,0,2,9,0,0,0,8.079552517091361,40.44664031620553,6.355731225296442,15.661901802361717,3,1,2023,3,1
4030.0,252,1608,13000.0,0.0,Wedding,3,0.0,0.0,200.0,400.0,2,2,6,0,1,0,8.079552517091361,15.928853754940711,6.355731225296442,15.661901802361717,1,1,2025,1,0
5567.0,203,1417,15000.0,0.0,Corporate Event,5,0.0,0.0,100.0,200.0,1,0,3,0,0,0,10.578279266572638,27.28921568627451,6.946078431372549,14.315937940761636,2,1,2024,2,0
13780.0,203,1258,21000.0,5.0,Wedding,2,0.0,0.0,300.0,500.0,2,1,5,0,1,0,16.679904686258936,67.54901960784314,6.166666666666667,16.12390786338364,7,3,2023,6,2
2130.0,202,1983,23000.0,0.0,Birthday,1,0.0,0.0,200.0,400.0,0,2,6,0,1,0,11.59274193548387,10.492610837438423,9.768472906403941,10.181451612903226,2,1,2024,3,0
8575.0,249,22215,20000.0,3.0,Corporate Event,1,0.0,0.0,100.0,200.0,1,0,18,0,0,0,0.9002520705797623,34.3,88.86,1.120813827871804,3,1,2025,0,1
7919.0,202,1983,24000.0,7.0,Wedding,4,0.0,0.0,100.0,200.0,2,2,4,0,0,2,12.096774193548388,39.00985221674877,9.768472906403941,10.181451612903226,3,1,2023,2,1
14101.0,126,4896,15000.0,16.0,Corporate Event,2,0.0,0.0,200.0,400.0,1,2,8,0,1,0,3.06309985705534,111.03149606299213,38.55118110236221,2.5730038799264854,2,1,2022,1,0
13313.0,42,3577,24000.0,0.0,Wedding,3,0.0,0.0,200.0,400.0,2,0,0,0,1,0,6.707657909446619,309.6046511627907,83.18604651162791,1.1738401341531581,5,2,2024,2,1
8151.0,155,66,22000.0,0.0,Wedding,2,0.0,0.0,200.0,400.0,2,0,12,0,1,2,328.35820895522386,52.25,0.4230769230769231,231.34328358208953,6,2,2023,4,2
662.0,298,962,21000.0,3.0,Corporate Event,4,0.0,0.0,200.0,400.0,1,2,12,0,1,1,21.806853582554517,2.2140468227424748,3.217391304347826,30.944963655244027,8,3,2024,5,2
4050.0,202,1983,17000.0,14.0,Corporate Event,5,0.0,0.0,300.0,500.0,1,1,10,0,1,0,8.568548387096774,19.950738916256157,9.768472906403941,10.181451612903226,10,4,2022,2,3
12177.0,252,1608,25000.0,7.0,Birthday,4,0.0,0.0,100.0,200.0,0,1,18,0,0,0,15.537600994406464,48.130434782608695,6.355731225296442,15.661901802361717,2,1,2022,6,0
11070.0,298,962,24000.0,7.0,Birthday,3,0.0,0.0,100.0,200.0,0,1,18,0,0,0,24.922118380062305,37.02341137123746,3.217391304347826,30.944963655244027,4,2,2025,2,1
3607.0,155,66,21000.0,5.0,Corporate Event,1,0.0,0.0,100.0,200.0,1,1,3,0,0,2,313.43283582089555,23.121794871794872,0.4230769230769231,231.34328358208953,2,1,2024,6,0
5454.0,42,3577,13000.0,2.0,Wedding,5,0.0,0.0,200.0,500.0,2,0,9,0,0,2,3.6333147009502516,126.83720930232558,83.18604651162791,1.1738401341531581,12,4,2023,1,0
4102.0,249,22215,26000.0,7.0,Wedding,3,0.0,0.0,100.0,200.0,2,0,15,0,0,0,1.1703276917536911,16.408,88.86,1.120813827871804,1,1,2022,6,0
13520.0,252,1608,19000.0,0.0,Birthday,1,0.0,0.0,300.0,500.0,0,0,17,0,0,0,11.808576755748913,53.43873517786561,6.355731225296442,15.661901802361717,5,2,2023,2,1
12583.0,155,66,12000.0,11.0,Corporate Event,2,0.0,0.0,200.0,400.0,1,1,0,0,1,1,179.1044776119403,80.66025641025641,0.4230769230769231,231.34328358208953,6,2,2024,1,2
8422.0,202,1983,12000.0,9.0,Birthday,2,0.0,0.0,300.0,500.0,0,1,14,0,1,2,6.048387096774194,41.48768472906404,9.768472906403941,10.181451612903226,5,2,2025,5,1
14039.0,239,4101,23000.0,4.0,Birthday,4,0.0,0.0,300.0,500.0,0,0,2,0,1,1,5.60702096538274,58.49583333333333,17.0875,5.826426133593369,7,3,2022,4,2
2029.0,249,22215,26000.0,2.0,Corporate Event,3,0.0,0.0,300.0,500.0,1,2,2,0,1,0,1.1703276917536911,8.116,88.86,1.120813827871804,2,1,2023,0,0
1552.0,203,1417,17000.0,2.0,Wedding,5,0.0,0.0,300.0,500.0,2,2,2,0,1,0,11.988716502115656,7.607843137254902,6.946078431372549,14.315937940761636,6,2,2025,5,2
8805.0,155,66,19000.0,10.0,Birthday,2,0.0,0.0,100.0,200.0,0,1,4,0,0,1,283.5820895522388,56.44230769230769,0.4230769230769231,231.34328358208953,12,4,2025,6,0
13746.0,239,4101,23000.0,4.0,Corporate Event,4,0.0,0.0,300.0,500.0,1,2,5,0,1,0,5.60702096538274,57.275,17.0875,5.826426133593369,4,2,2022,5,1
5315.0,203,1417,26000.0,16.0,Wedding,5,0.0,0.0,200.0,500.0,2,2,11,0,0,0,18.33568406205924,26.05392156862745,6.946078431372549,14.315937940761636,8,3,2023,5,2
14591.0,252,1608,19000.0,8.0,Wedding,5,0.0,0.0,300.0,500.0,2,2,2,0,1,2,11.808576755748913,57.67193675889328,6.355731225296442,15.661901802361717,8,3,2025,0,2
7969.0,298,962,22000.0,0.0,Birthday,5,0.0,0.0,300.0,500.0,0,2,16,0,1,0,22.84527518172378,26.652173913043477,3.217391304347826,30.944963655244027,2,1,2024,3,0
10175.0,298,962,19000.0,10.0,Corporate Event,2,0.0,0.0,200.0,400.0,1,2,0,0,1,0,19.73001038421599,34.03010033444816,3.217391304347826,30.944963655244027,6,2,2022,2,2
12836.0,42,3577,12000.0,2.0,Corporate Event,4,0.0,0.0,200.0,400.0,1,0,1,0,1,1,3.3538289547233093,298.51162790697674,83.18604651162791,1.1738401341531581,11,4,2025,3,3
10125.0,203,1417,25000.0,5.0,Birthday,1,0.0,0.0,300.0,500.0,0,1,16,0,1,0,17.63046544428773,49.63235294117647,6.946078431372549,14.315937940761636,12,4,2022,4,0
4594.0,249,22215,20000.0,10.0,Wedding,5,0.0,0.0,200.0,500.0,2,0,11,0,0,1,0.9002520705797623,18.376,88.86,1.120813827871804,7,3,2022,3,2
7566.0,203,1258,26000.0,4.0,Wedding,5,0.0,0.0,300.0,500.0,2,1,17,0,0,1,20.651310563939635,37.088235294117645,6.166666666666667,16.12390786338364,12,4,2024,0,0
8478.0,155,66,24000.0,0.0,Birthday,2,0.0,0.0,200.0,400.0,0,1,13,0,1,2,358.2089552238806,54.34615384615385,0.4230769230769231,231.34328358208953,9,3,2022,3,3
2889.0,202,1983,26000.0,10.0,Corporate Event,1,0.0,0.0,300.0,500.0,1,0,10,0,1,1,13.10483870967742,14.231527093596059,9.768472906403941,10.181451612903226,10,4,2024,2,3
14199.0,203,1258,19000.0,3.0,Corporate Event,3,0.0,0.0,200.0,400.0,1,1,12,0,1,2,15.091342335186656,69.6029411764706,6.166666666666667,16.12390786338364,1,1,2024,2,0
7743.0,42,3577,26000.0,11.0,Corporate Event,4,0.0,0.0,200.0,400.0,1,1,0,0,1,1,7.266629401900503,180.06976744186048,83.18604651162791,1.1738401341531581,10,4,2023,2,3
11659.0,298,962,12000.0,9.0,Wedding,1,0.0,0.0,300.0,500.0,2,2,5,0,1,2,12.461059190031152,38.9933110367893,3.217391304347826,30.944963655244027,3,1,2023,0,1
2966.0,176,3661,24000.0,0.0,Corporate Event,2,0.0,0.0,300.0,500.0,1,2,16,0,1,1,6.553795740032769,16.757062146892654,20.683615819209038,4.8061168760240305,8,3,2022,2,2
10134.0,155,66,13000.0,0.0,Birthday,4,0.0,0.0,100.0,200.0,0,0,3,0,0,2,194.02985074626866,64.96153846153847,0.4230769230769231,231.34328358208953,11,4,2023,5,3
7209.0,229,3480,17000.0,2.0,Corporate Event,5,0.0,0.0,300.0,500.0,1,2,2,0,1,1,4.883654122378627,31.343478260869563,15.130434782608695,6.578569376615915,6,2,2022,2,2
2987.0,229,3480,21000.0,4.0,Birthday,2,0.0,0.0,100.0,200.0,0,2,18,0,0,0,6.032749209997127,12.986956521739131,15.130434782608695,6.578569376615915,2,1,2025,6,0
14299.0,126,4896,15000.0,0.0,Wedding,5,0.0,0.0,100.0,200.0,2,0,4,0,0,2,3.06309985705534,112.59055118110236,38.55118110236221,2.5730038799264854,1,1,2024,2,0
88750.0,155,66,24000.0,0.0,Wedding,5,0.0,0.0,300.0,500.0,2,2,16,0,1,1,358.2089552238806,568.9102564102565,0.4230769230769231,231.34328358208953,6,2,2023,5,2
7345.0,298,962,12000.0,13.0,Wedding,3,0.0,0.0,200.0,400.0,2,1,8,0,1,0,12.461059190031152,24.565217391304348,3.217391304347826,30.944963655244027,4,2,2023,3,1
2727.0,42,3577,25000.0,2.0,Wedding,4,0.0,0.0,200.0,500.0,2,0,9,0,0,0,6.98714365567356,63.41860465116279,83.18604651162791,1.1738401341531581,12,4,2023,5,0
14261.0,203,1417,12000.0,7.0,Corporate Event,4,0.0,0.0,100.0,200.0,1,0,15,0,0,1,8.46262341325811,69.90686274509804,6.946078431372549,14.315937940761636,6,2,2023,4,2
11292.0,229,3480,22000.0,4.0,Corporate Event,2,0.0,0.0,100.0,200.0,1,2,18,0,0,1,6.320022981901753,49.095652173913045,15.130434782608695,6.578569376615915,1,1,2023,6,0
7302.0,203,1258,23000.0,5.0,Birthday,5,0.0,0.0,300.0,500.0,0,1,16,0,1,0,18.268467037331217,35.794117647058826,6.166666666666667,16.12390786338364,4,2,2025,4,1
5881.0,155,66,13000.0,2.0,Wedding,1,0.0,0.0,200.0,500.0,2,0,9,0,0,2,194.02985074626866,37.69871794871795,0.4230769230769231,231.34328358208953,10,4,2025,4,3
479.0,203,1258,26000.0,0.0,Corporate Event,5,0.0,0.0,300.0,500.0,1,0,17,0,0,1,20.651310563939635,2.3480392156862746,6.166666666666667,16.12390786338364,3,1,2024,0,1
10353.0,176,3661,15000.0,0.0,Wedding,4,0.0,0.0,200.0,400.0,2,2,6,0,1,1,4.09612233752048,58.49152542372882,20.683615819209038,4.8061168760240305,11,4,2022,0,3
10313.0,176,3661,19000.0,20.0,Corporate Event,5,0.0,0.0,300.0,500.0,1,2,17,0,0,0,5.188421627525942,58.26553672316384,20.683615819209038,4.8061168760240305,5,2,2025,3,1
6279.0,155,66,24000.0,0.0,Corporate Event,4,0.0,0.0,200.0,400.0,1,0,6,0,1,1,358.2089552238806,40.25,0.4230769230769231,231.34328358208953,3,1,2023,4,1
3982.0,249,22215,12000.0,5.0,Birthday,1,0.0,0.0,300.0,500.0,0,2,14,0,1,1,0.5401512423478574,15.928,88.86,1.120813827871804,9,3,2022,6,3
2829.0,239,4101,26000.0,2.0,Corporate Event,2,0.0,0.0,200.0,400.0,1,2,7,0,1,1,6.338371526084837,11.7875,17.0875,5.826426133593369,11,4,2025,5,3
6554.0,155,66,19000.0,0.0,Wedding,3,0.0,0.0,100.0,200.0,2,2,3,0,0,2,283.5820895522388,42.01282051282051,0.4230769230769231,231.34328358208953,11,4,2025,5,3
5217.0,239,4101,22000.0,4.0,Corporate Event,2,0.0,0.0,100.0,200.0,1,2,18,0,0,0,5.363237445148708,21.7375,17.0875,5.826426133593369,2,1,2024,6,0
3938.0,298,962,24000.0,0.0,Birthday,1,0.0,0.0,200.0,400.0,0,0,0,0,1,1,24.922118380062305,13.17056856187291,3.217391304347826,30.944963655244027,10,4,2024,3,3
7945.0,126,4896,26000.0,2.0,Wedding,1,0.0,0.0,200.0,500.0,2,0,9,0,0,2,5.309373085562589,62.55905511811024,38.55118110236221,2.5730038799264854,3,1,2022,5,1
10061.0,203,1417,25000.0,20.0,Birthday,3,0.0,0.0,200.0,400.0,0,2,8,0,1,0,17.63046544428773,49.318627450980394,6.946078431372549,14.315937940761636,3,1,2022,1,1
11052.0,155,66,13000.0,8.0,Wedding,2,0.0,0.0,100.0,200.0,2,2,18,0,0,2,194.02985074626866,70.84615384615384,0.4230769230769231,231.34328358208953,1,1,2024,5,0
12487.0,42,3577,22000.0,20.0,Wedding,2,0.0,0.0,300.0,500.0,2,2,17,0,0,2,6.148686416992733,290.3953488372093,83.18604651162791,1.1738401341531581,2,1,2023,5,0
10469.0,155,66,17000.0,2.0,Wedding,5,0.0,0.0,200.0,400.0,2,2,13,0,1,1,253.73134328358208,67.10897435897436,0.4230769230769231,231.34328358208953,2,1,2022,5,0
8433.0,229,3480,22000.0,7.0,Wedding,3,0.0,0.0,100.0,200.0,2,1,18,0,0,1,6.320022981901753,36.665217391304346,15.130434782608695,6.578569376615915,7,3,2022,5,2
13734.0,202,1983,19000.0,14.0,Wedding,5,0.0,0.0,300.0,500.0,2,1,10,0,1,0,9.576612903225806,67.65517241379311,9.768472906403941,10.181451612903226,9,3,2023,1,3
3175.0,239,4101,23000.0,2.0,Wedding,5,0.0,0.0,200.0,400.0,2,2,12,0,1,2,5.60702096538274,13.229166666666666,17.0875,5.826426133593369,8,3,2025,5,2
6112.0,42,3577,23000.0,2.0,Corporate Event,1,0.0,0.0,200.0,400.0,1,0,1,0,1,2,6.428172163219676,142.13953488372093,83.18604651162791,1.1738401341531581,11,4,2024,2,3
9741.0,202,1983,12000.0,14.0,Corporate Event,3,0.0,0.0,300.0,500.0,1,1,10,0,1,2,6.048387096774194,47.98522167487685,9.768472906403941,10.181451612903226,7,3,2025,2,2
3218.0,249,22215,15000.0,20.0,Wedding,5,0.0,0.0,300.0,500.0,2,2,17,0,0,0,0.6751890529348218,12.872,88.86,1.120813827871804,10,4,2022,6,3
9261.0,126,4896,25000.0,0.0,Wedding,4,0.0,0.0,100.0,200.0,2,1,15,0,0,1,5.105166428425567,72.92125984251969,38.55118110236221,2.5730038799264854,4,2,2022,3,1
14222.0,203,1258,22000.0,0.0,Wedding,3,0.0,0.0,200.0,400.0,2,1,13,0,1,1,17.474185861795075,69.7156862745098,6.166666666666667,16.12390786338364,10,4,2022,1,3
4201.0,176,3661,15000.0,0.0,Wedding,2,0.0,0.0,200.0,400.0,2,1,13,0,1,1,4.09612233752048,23.73446327683616,20.683615819209038,4.8061168760240305,1,1,2023,1,0
3445.0,176,3661,25000.0,9.0,Wedding,4,0.0,0.0,300.0,500.0,2,2,5,0,1,2,6.826870562534134,19.463276836158194,20.683615819209038,4.8061168760240305,2,1,2024,6,0
12141.0,298,962,13000.0,5.0,Corporate Event,3,0.0,0.0,100.0,200.0,1,1,3,0,0,0,13.499480789200415,40.60535117056856,3.217391304347826,30.944963655244027,4,2,2022,5,1
8761.0,126,4896,22000.0,0.0,Wedding,4,0.0,0.0,200.0,400.0,2,2,6,0,1,2,4.492546457014499,68.98425196850394,38.55118110236221,2.5730038799264854,8,3,2022,6,2
1394.0,203,1258,23000.0,14.0,Wedding,3,0.0,0.0,300.0,500.0,2,1,10,0,1,0,18.268467037331217,6.833333333333333,6.166666666666667,16.12390786338364,5,2,2022,3,1
2760.0,203,1417,26000.0,9.0,Corporate Event,3,0.0,0.0,200.0,400.0,1,1,6,0,1,1,18.33568406205924,13.529411764705882,6.946078431372549,14.315937940761636,1,1,2023,3,0
1671.0,298,962,13000.0,16.0,Wedding,1,0.0,0.0,200.0,500.0,2,2,11,0,0,1,13.499480789200415,5.588628762541806,3.217391304347826,30.944963655244027,1,1,2025,2,0
7964.0,298,962,20000.0,20.0,Wedding,3,0.0,0.0,300.0,500.0,2,2,17,0,0,1,20.768431983385256,26.63545150501672,3.217391304347826,30.944963655244027,11,4,2022,1,3
12881.0,239,4101,22000.0,4.0,Corporate Event,5,0.0,0.0,100.0,200.0,1,2,18,0,0,0,5.363237445148708,53.670833333333334,17.0875,5.826426133593369,11,4,2022,5,3
2980.0,249,22215,19000.0,15.0,Wedding,5,0.0,0.0,200.0,400.0,2,1,1,0,1,2,0.8552394670507742,11.92,88.86,1.120813827871804,6,2,2023,2,2
12228.0,229,3480,15000.0,2.0,Wedding,3,0.0,0.0,200.0,400.0,2,2,7,0,1,2,4.309106578569376,53.165217391304346,15.130434782608695,6.578569376615915,8,3,2025,5,2
7940.0,203,1258,15000.0,9.0,Birthday,3,0.0,0.0,200.0,400.0,0,1,6,0,1,1,11.914217633042098,38.92156862745098,6.166666666666667,16.12390786338364,7,3,2023,6,2
3262.0,176,3661,20000.0,20.0,Wedding,5,0.0,0.0,300.0,500.0,2,2,17,0,0,2,5.461496450027307,18.429378531073446,20.683615819209038,4.8061168760240305,6,2,2025,6,2
942.0,126,4896,13000.0,10.0,Birthday,3,0.0,0.0,200.0,400.0,0,2,6,0,1,1,2.6546865427812945,7.417322834645669,38.55118110236221,2.5730038799264854,1,1,2023,3,0
14250.0,239,4101,17000.0,0.0,Birthday,5,0.0,0.0,200.0,400.0,0,0,12,0,1,2,4.144319843978547,59.375,17.0875,5.826426133593369,3,1,2023,5,1
209.0,229,3480,15000.0,5.0,Birthday,2,0.0,0.0,300.0,500.0,0,1,16,0,1,0,4.309106578569376,0.908695652173913,15.130434782608695,6.578569376615915,11,4,2024,1,3
14872.0,126,4896,24000.0,18.0,Birthday,5,0.0,0.0,200.0,400.0,0,0,8,0,1,1,4.900959771288544,117.10236220472441,38.55118110236221,2.5730038799264854,10,4,2025,4,3
266.0,229,3480,12000.0,0.0,Wedding,5,0.0,0.0,300.0,500.0,2,2,16,0,1,0,3.4472852628555013,1.1565217391304348,15.130434782608695,6.578569376615915,1,1,2025,3,0
55700.0,239,4101,13000.0,4.0,Wedding,1,0.0,0.0,200.0,400.0,2,2,1,0,1,2,3.1691857630424183,232.08333333333334,17.0875,5.826426133593369,5,2,2022,5,1
8664.0,202,1983,23000.0,0.0,Wedding,2,0.0,0.0,200.0,400.0,2,2,6,0,1,1,11.59274193548387,42.679802955665025,9.768472906403941,10.181451612903226,6,2,2022,2,2
2151.0,176,3661,21000.0,20.0,Birthday,1,0.0,0.0,300.0,500.0,0,2,17,0,0,2,5.734571272528673,12.152542372881356,20.683615819209038,4.8061168760240305,1,1,2024,0,0
3472.0,155,66,19000.0,2.0,Birthday,1,0.0,0.0,300.0,500.0,0,2,2,0,1,1,283.5820895522388,22.256410256410255,0.4230769230769231,231.34328358208953,8,3,2023,1,2
2038.0,239,4101,20000.0,7.0,Wedding,4,0.0,0.0,100.0,200.0,2,0,15,0,0,0,4.875670404680643,8.491666666666667,17.0875,5.826426133593369,10,4,2024,4,3
12939.0,229,3480,26000.0,9.0,Corporate Event,2,0.0,0.0,300.0,500.0,1,1,14,0,1,0,7.469118069520253,56.256521739130434,15.130434782608695,6.578569376615915,7,3,2025,4,2
6156.0,155,66,13000.0,10.0,Birthday,5,0.0,0.0,200.0,400.0,0,2,0,0,1,2,194.02985074626866,39.46153846153846,0.4230769230769231,231.34328358208953,8,3,2025,2,2
13263.0,203,1258,15000.0,8.0,Wedding,3,0.0,0.0,300.0,500.0,2,2,2,0,1,2,11.914217633042098,65.01470588235294,6.166666666666667,16.12390786338364,3,1,2024,4,1
14684.0,229,3480,12000.0,0.0,Birthday,1,0.0,0.0,200.0,400.0,0,0,0,0,1,2,3.4472852628555013,63.84347826086957,15.130434782608695,6.578569376615915,4,2,2025,1,1
8178.0,203,1417,22000.0,0.0,Corporate Event,4,0.0,0.0,200.0,400.0,1,0,13,0,1,1,15.514809590973202,40.088235294117645,6.946078431372549,14.315937940761636,5,2,2022,5,1
13810.0,239,4101,15000.0,0.0,Corporate Event,2,0.0,0.0,200.0,400.0,1,1,13,0,1,0,3.6567528035104826,57.541666666666664,17.0875,5.826426133593369,2,1,2024,0,0
5397.0,298,962,26000.0,15.0,Corporate Event,2,0.0,0.0,200.0,400.0,1,1,1,0,1,1,26.99896157840083,18.05016722408027,3.217391304347826,30.944963655244027,2,1,2024,3,0
8003.0,203,1417,24000.0,9.0,Birthday,3,0.0,0.0,200.0,400.0,0,1,6,0,1,0,16.92524682651622,39.23039215686274,6.946078431372549,14.315937940761636,12,4,2022,0,0
3466.0,42,3577,21000.0,2.0,Birthday,2,0.0,0.0,200.0,400.0,0,2,13,0,1,1,5.869200670765791,80.6046511627907,83.18604651162791,1.1738401341531581,3,1,2023,1,1
1571.0,42,3577,24000.0,9.0,Corporate Event,4,0.0,0.0,300.0,500.0,1,2,5,0,1,0,6.707657909446619,36.53488372093023,83.18604651162791,1.1738401341531581,11,4,2023,3,3
14771.0,249,22215,25000.0,0.0,Wedding,4,0.0,0.0,100.0,200.0,2,1,15,0,0,2,1.125315088224703,59.084,88.86,1.120813827871804,7,3,2022,6,2
4434.0,126,4896,21000.0,13.0,Corporate Event,1,0.0,0.0,200.0,400.0,1,1,8,0,1,1,4.288339799877476,34.91338582677165,38.55118110236221,2.5730038799264854,9,3,2025,1,3
5109.0,203,1258,20000.0,16.0,Birthday,5,0.0,0.0,200.0,500.0,0,2,9,0,0,2,15.885623510722796,25.044117647058822,6.166666666666667,16.12390786338364,2,1,2024,4,0
7569.0,203,1417,25000.0,16.0,Wedding,3,0.0,0.0,300.0,500.0,2,2,14,0,1,1,17.63046544428773,37.10294117647059,6.946078431372549,14.315937940761636,6,2,2023,5,2
6640.0,252,1608,26000.0,15.0,Wedding,5,0.0,0.0,200.0,400.0,2,1,1,0,1,0,16.159105034182723,26.24505928853755,6.355731225296442,15.661901802361717,5,2,2024,3,1
14783.0,203,1258,22000.0,0.0,Corporate Event,4,0.0,0.0,300.0,500.0,1,2,16,0,1,1,17.474185861795075,72.4656862745098,6.166666666666667,16.12390786338364,2,1,2023,4,0
13769.0,239,4101,13000.0,2.0,Birthday,3,0.0,0.0,300.0,500.0,0,2,2,0,1,1,3.1691857630424183,57.37083333333333,17.0875,5.826426133593369,6,2,2023,6,2
14022.0,176,3661,15000.0,12.0,Corporate Event,5,0.0,0.0,200.0,500.0,1,1,9,0,0,1,4.09612233752048,79.22033898305085,20.683615819209038,4.8061168760240305,5,2,2025,6,1
13765.0,298,962,25000.0,8.0,Corporate Event,5,0.0,0.0,300.0,500.0,1,2,2,0,1,2,25.96053997923157,46.03678929765886,3.217391304347826,30.944963655244027,9,3,2024,6,3
13181.0,239,4101,13000.0,0.0,Corporate Event,2,0.0,0.0,200.0,500.0,1,2,11,0,0,2,3.1691857630424183,54.920833333333334,17.0875,5.826426133593369,1,1,2025,0,0
6539.0,229,3480,20000.0,2.0,Wedding,3,0.0,0.0,300.0,500.0,2,2,10,0,1,1,5.745475438092502,28.430434782608696,15.130434782608695,6.578569376615915,12,4,2025,0,0
12616.0,249,22215,20000.0,2.0,Birthday,2,0.0,0.0,300.0,500.0,0,2,2,0,1,2,0.9002520705797623,50.464,88.86,1.120813827871804,2,1,2023,6,0
11672.0,176,3661,19000.0,14.0,Corporate Event,3,0.0,0.0,300.0,500.0,1,1,10,0,1,0,5.188421627525942,65.94350282485875,20.683615819209038,4.8061168760240305,10,4,2023,2,3
5560.0,298,962,12000.0,0.0,Corporate Event,1,0.0,0.0,100.0,200.0,1,0,3,0,0,1,12.461059190031152,18.59531772575251,3.217391304347826,30.944963655244027,5,2,2022,2,1
11257.0,249,22215,13000.0,5.0,Corporate Event,1,0.0,0.0,300.0,500.0,1,1,16,0,1,0,0.5851638458768456,45.028,88.86,1.120813827871804,12,4,2025,3,0
11498.0,202,1983,25000.0,0.0,Corporate Event,4,0.0,0.0,100.0,200.0,1,0,3,0,0,2,12.600806451612904,56.64039408866995,9.768472906403941,10.181451612903226,9,3,2025,2,3
805.0,229,3480,26000.0,14.0,Wedding,3,0.0,0.0,300.0,500.0,2,1,10,0,1,2,7.469118069520253,3.5,15.130434782608695,6.578569376615915,6,2,2023,3,2
11715.0,249,22215,25000.0,8.0,Birthday,3,0.0,0.0,100.0,200.0,0,2,18,0,0,2,1.125315088224703,46.86,88.86,1.120813827871804,11,4,2024,4,3
11773.0,203,1258,15000.0,3.0,Corporate Event,5,0.0,0.0,200.0,500.0,1,2,9,0,0,0,11.914217633042098,57.71078431372549,6.166666666666667,16.12390786338364,8,3,2024,4,2
5703.0,42,3577,26000.0,5.0,Wedding,1,0.0,0.0,300.0,500.0,2,1,5,0,1,1,7.266629401900503,132.62790697674419,83.18604651162791,1.1738401341531581,12,4,2022,2,0
11612.0,176,3661,12000.0,9.0,Wedding,1,0.0,0.0,300.0,500.0,2,2,5,0,1,1,3.2768978700163847,65.6045197740113,20.683615819209038,4.8061168760240305,10,4,2022,4,3
8017.0,298,962,25000.0,20.0,Birthday,3,0.0,0.0,300.0,500.0,0,2,17,0,0,1,25.96053997923157,26.812709030100333,3.217391304347826,30.944963655244027,8,3,2025,5,2
8050.0,229,3480,21000.0,0.0,Birthday,4,0.0,0.0,300.0,500.0,0,2,16,0,1,2,6.032749209997127,35.0,15.130434782608695,6.578569376615915,3,1,2023,1,1
14446.0,126,4896,22000.0,7.0,Wedding,5,0.0,0.0,100.0,200.0,2,0,15,0,0,1,4.492546457014499,113.74803149606299,38.55118110236221,2.5730038799264854,12,4,2022,3,0
1654.0,126,4896,12000.0,14.0,Wedding,1,0.0,0.0,300.0,500.0,2,1,10,0,1,1,2.450479885644272,13.023622047244094,38.55118110236221,2.5730038799264854,1,1,2024,1,0
6970.0,155,66,25000.0,2.0,Wedding,2,0.0,0.0,200.0,400.0,2,2,7,0,1,2,373.13432835820896,44.67948717948718,0.4230769230769231,231.34328358208953,4,2,2022,4,1
13234.0,155,66,26000.0,5.0,Wedding,2,0.0,0.0,300.0,500.0,2,1,16,0,1,1,388.05970149253733,84.83333333333333,0.4230769230769231,231.34328358208953,3,1,2023,4,1
5351.0,202,1983,15000.0,0.0,Corporate Event,1,0.0,0.0,200.0,500.0,1,2,11,0,0,2,7.560483870967742,26.35960591133005,9.768472906403941,10.181451612903226,6,2,2022,0,2
12880.0,126,4896,22000.0,10.0,Corporate Event,5,0.0,0.0,200.0,400.0,1,2,0,0,1,1,4.492546457014499,101.41732283464567,38.55118110236221,2.5730038799264854,8,3,2023,0,2
1416.0,42,3577,20000.0,0.0,Corporate Event,2,0.0,0.0,100.0,200.0,1,2,3,0,0,2,5.589714924538849,32.93023255813954,83.18604651162791,1.1738401341531581,10,4,2022,2,3
11195.0,126,4896,24000.0,2.0,Wedding,1,0.0,0.0,100.0,200.0,2,2,4,0,0,2,4.900959771288544,88.14960629921259,38.55118110236221,2.5730038799264854,11,4,2024,4,3
5245.0,298,962,17000.0,10.0,Birthday,5,0.0,0.0,200.0,400.0,0,2,0,0,1,2,17.653167185877468,17.54180602006689,3.217391304347826,30.944963655244027,10,4,2024,0,3
13582.0,202,1983,17000.0,20.0,Birthday,5,0.0,0.0,300.0,500.0,0,2,17,0,0,2,8.568548387096774,66.9064039408867,9.768472906403941,10.181451612903226,11,4,2024,0,3
4667.0,126,4896,15000.0,3.0,Corporate Event,3,0.0,0.0,200.0,400.0,1,1,12,0,1,2,3.06309985705534,36.74803149606299,38.55118110236221,2.5730038799264854,7,3,2023,5,2
14223.0,126,4896,25000.0,8.0,Corporate Event,1,0.0,0.0,100.0,200.0,1,2,18,0,0,2,5.105166428425567,111.99212598425197,38.55118110236221,2.5730038799264854,6,2,2025,4,2
3396.0,176,3661,21000.0,10.0,Birthday,4,0.0,0.0,200.0,400.0,0,2,6,0,1,1,5.734571272528673,19.1864406779661,20.683615819209038,4.8061168760240305,6,2,2022,0,2
13799.0,249,22215,12000.0,4.0,Birthday,5,0.0,0.0,300.0,500.0,0,2,5,0,1,1,0.5401512423478574,55.196,88.86,1.120813827871804,3,1,2022,1,1
8976.0,42,3577,26000.0,10.0,Birthday,1,0.0,0.0,200.0,400.0,0,2,6,0,1,2,7.266629401900503,208.74418604651163,83.18604651162791,1.1738401341531581,12,4,2025,2,0
2142.0,203,1417,12000.0,2.0,Wedding,2,0.0,0.0,100.0,200.0,2,2,4,0,0,2,8.46262341325811,10.5,6.946078431372549,14.315937940761636,11,4,2024,6,3
14799.0,249,22215,15000.0,0.0,Birthday,2,0.0,0.0,200.0,400.0,0,0,6,0,1,0,0.6751890529348218,59.196,88.86,1.120813827871804,9,3,2023,1,3
10010.0,203,1258,20000.0,16.0,Corporate Event,4,0.0,0.0,200.0,500.0,1,2,11,0,0,0,15.885623510722796,49.068627450980394,6.166666666666667,16.12390786338364,11,4,2025,3,3
65740.0,155,66,12000.0,2.0,Wedding,1,0.0,0.0,200.0,400.0,2,0,1,0,1,1,179.1044776119403,421.4102564102564,0.4230769230769231,231.34328358208953,3,1,2024,4,1
249.0,239,4101,24000.0,16.0,Corporate Event,5,0.0,0.0,200.0,400.0,1,2,13,0,1,0,5.850804485616773,1.0375,17.0875,5.826426133593369,6,2,2025,3,2
4400.0,176,3661,17000.0,0.0,Corporate Event,1,0.0,0.0,300.0,500.0,1,2,16,0,1,2,4.642271982523211,24.858757062146893,20.683615819209038,4.8061168760240305,8,3,2022,3,2
3244.0,252,1608,24000.0,11.0,Birthday,5,0.0,0.0,200.0,400.0,0,1,0,0,1,0,14.916096954630206,12.82213438735178,6.355731225296442,15.661901802361717,12,4,2025,6,0
7162.0,252,1608,22000.0,8.0,Corporate Event,3,0.0,0.0,300.0,500.0,1,2,2,0,1,2,13.673088875077688,28.308300395256918,6.355731225296442,15.661901802361717,4,2,2025,3,1
6477.0,42,3577,26000.0,2.0,Corporate Event,3,0.0,0.0,300.0,500.0,1,2,2,0,1,0,7.266629401900503,150.62790697674419,83.18604651162791,1.1738401341531581,7,3,2024,4,2
6785.0,202,1983,24000.0,0.0,Wedding,2,0.0,0.0,300.0,500.0,2,2,16,0,1,2,12.096774193548388,33.423645320197046,9.768472906403941,10.181451612903226,1,1,2025,2,0
12455.0,298,962,23000.0,7.0,Birthday,1,0.0,0.0,100.0,200.0,0,1,18,0,0,0,23.883696780893043,41.65551839464883,3.217391304347826,30.944963655244027,9,3,2023,6,3
12443.0,126,4896,21000.0,0.0,Wedding,3,0.0,0.0,200.0,400.0,2,0,7,0,1,0,4.288339799877476,97.97637795275591,38.55118110236221,2.5730038799264854,6,2,2024,0,2
5865.0,155,66,21000.0,4.0,Birthday,2,0.0,0.0,200.0,400.0,0,2,1,0,1,1,313.43283582089555,37.59615384615385,0.4230769230769231,231.34328358208953,3,1,2024,4,1
751.0,298,962,12000.0,5.0,Wedding,1,0.0,0.0,100.0,200.0,2,1,3,0,0,2,12.461059190031152,2.511705685618729,3.217391304347826,30.944963655244027,1,1,2023,5,0
5420.0,239,4101,19000.0,7.0,Corporate Event,1,0.0,0.0,100.0,200.0,1,1,18,0,0,0,4.631886884446612,22.583333333333332,17.0875,5.826426133593369,7,3,2025,1,2
4245.0,42,3577,20000.0,20.0,Wedding,3,0.0,0.0,300.0,500.0,2,2,17,0,0,0,5.589714924538849,98.72093023255815,83.18604651162791,1.1738401341531581,4,2,2024,3,1
5806.0,249,22215,26000.0,0.0,Birthday,5,0.0,0.0,200.0,400.0,0,0,7,0,1,1,1.1703276917536911,23.224,88.86,1.120813827871804,8,3,2023,2,2
1690.0,155,66,15000.0,4.0,Corporate Event,5,0.0,0.0,300.0,500.0,1,1,17,0,0,0,223.88059701492537,10.833333333333334,0.4230769230769231,231.34328358208953,11,4,2022,2,3
1737.0,42,3577,19000.0,12.0,Corporate Event,4,0.0,0.0,200.0,500.0,1,1,9,0,0,1,5.310229178311906,40.395348837209305,83.18604651162791,1.1738401341531581,8,3,2023,6,2
5247.0,176,3661,19000.0,9.0,Wedding,3,0.0,0.0,200.0,400.0,2,1,6,0,1,2,5.188421627525942,29.64406779661017,20.683615819209038,4.8061168760240305,8,3,2022,1,2
10128.0,249,22215,12000.0,0.0,Wedding,4,0.0,0.0,200.0,400.0,2,0,13,0,1,1,0.5401512423478574,40.512,88.86,1.120813827871804,9,3,2022,5,3
14407.0,203,1417,17000.0,0.0,Corporate Event,3,0.0,0.0,100.0,200.0,1,0,4,0,0,2,11.988716502115656,70.62254901960785,6.946078431372549,14.315937940761636,3,1,2023,4,1
1424.0,229,3480,20000.0,4.0,Wedding,2,0.0,0.0,300.0,500.0,2,2,5,0,1,2,5.745475438092502,6.191304347826087,15.130434782608695,6.578569376615915,3,1,2023,0,1
814.0,249,22215,23000.0,10.0,Wedding,5,0.0,0.0,100.0,200.0,2,2,3,0,0,0,1.0352898811667266,3.256,88.86,1.120813827871804,4,2,2023,1,1
8040.0,249,22215,26000.0,10.0,Wedding,5,0.0,0.0,100.0,200.0,2,2,3,0,0,2,1.1703276917536911,32.16,88.86,1.120813827871804,6,2,2024,0,2
2493.0,176,3661,21000.0,0.0,Corporate Event,4,0.0,0.0,200.0,400.0,1,0,12,0,1,1,5.734571272528673,14.084745762711865,20.683615819209038,4.8061168760240305,2,1,2024,1,0
11960.0,203,1258,15000.0,16.0,Corporate Event,2,0.0,0.0,200.0,400.0,1,2,8,0,1,0,11.914217633042098,58.627450980392155,6.166666666666667,16.12390786338364,4,2,2024,6,1
8286.0,229,3480,21000.0,9.0,Wedding,5,0.0,0.0,200.0,400.0,2,1,6,0,1,0,6.032749209997127,36.02608695652174,15.130434782608695,6.578569376615915,12,4,2025,2,0
12980.0,203,1417,25000.0,3.0,Birthday,3,0.0,0.0,100.0,200.0,0,0,18,0,0,1,17.63046544428773,63.627450980392155,6.946078431372549,14.315937940761636,11,4,2023,0,3
10973.0,239,4101,22000.0,18.0,Birthday,4,0.0,0.0,200.0,400.0,0,0,8,0,1,2,5.363237445148708,45.72083333333333,17.0875,5.826426133593369,12,4,2025,0,0
11250.0,229,3480,21000.0,0.0,Wedding,3,0.0,0.0,300.0,500.0,2,2,16,0,1,0,6.032749209997127,48.91304347826087,15.130434782608695,6.578569376615915,7,3,2023,2,2
14270.0,203,1417,12000.0,9.0,Wedding,3,0.0,0.0,200.0,400.0,2,1,6,0,1,1,8.46262341325811,69.95098039215686,6.946078431372549,14.315937940761636,4,2,2022,4,1
8651.0,229,3480,24000.0,16.0,Corporate Event,5,0.0,0.0,200.0,500.0,1,2,11,0,0,1,6.894570525711003,37.61304347826087,15.130434782608695,6.578569376615915,2,1,2024,4,0
12114.0,42,3577,21000.0,20.0,Wedding,2,0.0,0.0,300.0,500.0,2,2,17,0,0,1,5.869200670765791,281.72093023255815,83.18604651162791,1.1738401341531581,6,2,2022,3,2
7800.0,176,3661,17000.0,7.0,Wedding,4,0.0,0.0,100.0,200.0,2,1,18,0,0,2,4.642271982523211,44.067796610169495,20.683615819209038,4.8061168760240305,12,4,2023,3,0
4648.0,298,962,17000.0,4.0,Birthday,4,0.0,0.0,300.0,500.0,0,1,17,0,0,2,17.653167185877468,15.545150501672241,3.217391304347826,30.944963655244027,2,1,2022,0,0
7798.0,202,1983,17000.0,0.0,Wedding,1,0.0,0.0,100.0,200.0,2,0,3,0,0,0,8.568548387096774,38.41379310344828,9.768472906403941,10.181451612903226,4,2,2024,3,1
1240.0,202,1983,12000.0,7.0,Birthday,5,0.0,0.0,300.0,500.0,0,0,5,0,1,0,6.048387096774194,6.108374384236453,9.768472906403941,10.181451612903226,10,4,2024,0,3
13922.0,298,962,26000.0,1.0,Corporate Event,3,0.0,0.0,100.0,200.0,1,2,15,0,0,2,26.99896157840083,46.561872909699,3.217391304347826,30.944963655244027,9,3,2024,1,3
10847.0,155,66,23000.0,0.0,Wedding,3,0.0,0.0,200.0,400.0,2,0,0,0,1,0,343.2835820895522,69.53205128205128,0.4230769230769231,231.34328358208953,4,2,2022,1,1
5973.0,42,3577,22000.0,16.0,Corporate Event,3,0.0,0.0,200.0,400.0,1,2,8,0,1,0,6.148686416992733,138.90697674418604,83.18604651162791,1.1738401341531581,8,3,2023,2,2
1892.0,203,1417,26000.0,16.0,Wedding,5,0.0,0.0,200.0,400.0,2,2,13,0,1,2,18.33568406205924,9.27450980392157,6.946078431372549,14.315937940761636,11,4,2025,1,3
14934.0,203,1417,15000.0,16.0,Wedding,3,0.0,0.0,200.0,400.0,2,2,8,0,1,0,10.578279266572638,73.20588235294117,6.946078431372549,14.315937940761636,9,3,2022,3,3
140530.0,42,3577,21000.0,4.0,Corporate Event,4,0.0,0.0,300.0,500.0,1,2,5,0,1,0,5.869200670765791,3268.139534883721,83.18604651162791,1.1738401341531581,3,1,2022,6,1
2276.0,298,962,21000.0,4.0,Birthday,3,0.0,0.0,300.0,500.0,0,1,17,0,0,2,21.806853582554517,7.6120401337792645,3.217391304347826,30.944963655244027,7,3,2022,5,2
4323.0,203,1417,24000.0,7.0,Corporate Event,1,0.0,0.0,300.0,500.0,1,2,10,0,1,1,16.92524682651622,21.191176470588236,6.946078431372549,14.315937940761636,10,4,2022,1,3
6706.0,249,22215,15000.0,2.0,Birthday,1,0.0,0.0,200.0,400.0,0,2,7,0,1,2,0.6751890529348218,26.824,88.86,1.120813827871804,10,4,2023,1,3
2157.0,202,1983,26000.0,12.0,Birthday,2,0.0,0.0,200.0,500.0,0,1,9,0,0,1,13.10483870967742,10.625615763546797,9.768472906403941,10.181451612903226,3,1,2025,6,1
9191.0,42,3577,23000.0,20.0,Wedding,4,0.0,0.0,300.0,500.0,2,2,17,0,0,1,6.428172163219676,213.74418604651163,83.18604651162791,1.1738401341531581,5,2,2023,4,1
9765.0,42,3577,26000.0,4.0,Birthday,1,0.0,0.0,300.0,500.0,0,1,17,0,0,0,7.266629401900503,227.09302325581396,83.18604651162791,1.1738401341531581,4,2,2024,0,1
11900.0,239,4101,20000.0,20.0,Wedding,2,0.0,0.0,300.0,500.0,2,2,17,0,0,0,4.875670404680643,49.583333333333336,17.0875,5.826426133593369,2,1,2024,0,0
3960.0,126,4896,24000.0,2.0,Wedding,4,0.0,0.0,200.0,400.0,2,2,7,0,1,1,4.900959771288544,31.181102362204726,38.55118110236221,2.5730038799264854,7,3,2025,1,2
9210.0,229,3480,13000.0,8.0,Wedding,5,0.0,0.0,300.0,500.0,2,2,2,0,1,0,3.7345590347601263,40.04347826086956,15.130434782608695,6.578569376615915,1,1,2023,3,0
12914.0,298,962,23000.0,7.0,Birthday,1,0.0,0.0,100.0,200.0,0,0,15,0,0,0,23.883696780893043,43.19063545150502,3.217391304347826,30.944963655244027,10,4,2024,0,3
1811.0,155,66,15000.0,7.0,Corporate Event,2,0.0,0.0,300.0,500.0,1,0,5,0,1,1,223.88059701492537,11.60897435897436,0.4230769230769231,231.34328358208953,5,2,2025,5,1
10838.0,203,1417,25000.0,2.0,Wedding,3,0.0,0.0,100.0,200.0,2,2,4,0,0,0,17.63046544428773,53.127450980392155,6.946078431372549,14.315937940761636,2,1,2024,6,0
7797.0,202,1983,21000.0,15.0,Wedding,3,0.0,0.0,200.0,400.0,2,1,1,0,1,2,10.584677419354838,38.40886699507389,9.768472906403941,10.181451612903226,6,2,2025,1,2
526.0,249,22215,15000.0,0.0,Wedding,2,0.0,0.0,100.0,200.0,2,0,4,0,0,0,0.6751890529348218,2.104,88.86,1.120813827871804,1,1,2025,0,0
7049.0,203,1417,26000.0,3.0,Birthday,1,0.0,0.0,200.0,500.0,0,1,11,0,0,2,18.33568406205924,34.55392156862745,6.946078431372549,14.315937940761636,3,1,2024,2,1
11626.0,202,1983,15000.0,16.0,Birthday,1,0.0,0.0,200.0,400.0,0,2,8,0,1,1,7.560483870967742,57.27093596059113,9.768472906403941,10.181451612903226,4,2,2022,0,1
10812.0,202,1983,21000.0,20.0,Wedding,5,0.0,0.0,200.0,400.0,2,2,8,0,1,2,10.584677419354838,53.26108374384236,9.768472906403941,10.181451612903226,5,2,2024,3,1
14279.0,155,66,15000.0,3.0,Corporate Event,1,0.0,0.0,200.0,400.0,1,1,12,0,1,2,223.88059701492537,91.53205128205128,0.4230769230769231,231.34328358208953,11,4,2024,0,3
5081.0,176,3661,13000.0,2.0,Corporate Event,5,0.0,0.0,200.0,400.0,1,2,13,0,1,0,3.5499726925177497,28.706214689265536,20.683615819209038,4.8061168760240305,6,2,2023,3,2
9204.0,203,1258,17000.0,20.0,Wedding,4,0.0,0.0,200.0,400.0,2,2,8,0,1,1,13.502779984114376,45.11764705882353,6.166666666666667,16.12390786338364,6,2,2024,4,2
6563.0,42,3577,17000.0,2.0,Birthday,1,0.0,0.0,200.0,400.0,0,2,7,0,1,0,4.751257685858021,152.62790697674419,83.18604651162791,1.1738401341531581,7,3,2023,6,2
12835.0,239,4101,20000.0,5.0,Corporate Event,3,0.0,0.0,100.0,200.0,1,1,3,0,0,2,4.875670404680643,53.479166666666664,17.0875,5.826426133593369,9,3,2022,5,3
3557.0,176,3661,17000.0,16.0,Corporate Event,2,0.0,0.0,200.0,400.0,1,2,1,0,1,1,4.642271982523211,20.096045197740114,20.683615819209038,4.8061168760240305,5,2,2022,3,1
8948.0,239,4101,22000.0,2.0,Corporate Event,3,0.0,0.0,300.0,500.0,1,2,10,0,1,0,5.363237445148708,37.28333333333333,17.0875,5.826426133593369,6,2,2024,6,2
12313.0,203,1258,12000.0,2.0,Corporate Event,3,0.0,0.0,200.0,400.0,1,2,7,0,1,2,9.531374106433677,60.3578431372549,6.166666666666667,16.12390786338364,10,4,2023,2,3
9936.0,249,22215,23000.0,16.0,Birthday,1,0.0,0.0,200.0,400.0,0,2,13,0,1,1,1.0352898811667266,39.744,88.86,1.120813827871804,10,4,2024,2,3
7040.0,203,1417,15000.0,2.0,Wedding,5,0.0,0.0,200.0,400.0,2,2,7,0,1,0,10.578279266572638,34.509803921568626,6.946078431372549,14.315937940761636,2,1,2024,2,0
7475.0,42,3577,23000.0,2.0,Corporate Event,1,0.0,0.0,200.0,400.0,1,0,1,0,1,0,6.428172163219676,173.8372093023256,83.18604651162791,1.1738401341531581,10,4,2023,2,3
6824.0,298,962,24000.0,10.0,Birthday,4,0.0,0.0,200.0,400.0,0,2,6,0,1,0,24.922118380062305,22.82274247491639,3.217391304347826,30.944963655244027,2,1,2025,1,0
7538.0,298,962,12000.0,4.0,Corporate Event,4,0.0,0.0,300.0,500.0,1,1,17,0,0,2,12.461059190031152,25.210702341137125,3.217391304347826,30.944963655244027,2,1,2022,5,0
14438.0,298,962,12000.0,3.0,Birthday,4,0.0,0.0,100.0,200.0,0,0,18,0,0,0,12.461059190031152,48.2876254180602,3.217391304347826,30.944963655244027,8,3,2025,4,2
10231.0,239,4101,19000.0,3.0,Birthday,3,0.0,0.0,100.0,200.0,0,0,18,0,0,2,4.631886884446612,42.62916666666667,17.0875,5.826426133593369,2,1,2025,3,0
7732.0,126,4896,21000.0,14.0,Wedding,1,0.0,0.0,200.0,400.0,2,2,0,0,1,2,4.288339799877476,60.881889763779526,38.55118110236221,2.5730038799264854,9,3,2024,2,3
3610.0,155,66,22000.0,8.0,Wedding,3,0.0,0.0,300.0,500.0,2,2,2,0,1,0,328.35820895522386,23.141025641025642,0.4230769230769231,231.34328358208953,11,4,2024,1,3
12912.0,203,1258,19000.0,16.0,Wedding,3,0.0,0.0,200.0,500.0,2,2,11,0,0,2,15.091342335186656,63.294117647058826,6.166666666666667,16.12390786338364,10,4,2023,4,3
13056.0,126,4896,12000.0,7.0,Wedding,2,0.0,0.0,300.0,500.0,2,0,5,0,1,1,2.450479885644272,102.80314960629921,38.55118110236221,2.5730038799264854,10,4,2024,2,3
13330.0,42,3577,22000.0,10.0,Birthday,4,0.0,0.0,200.0,400.0,0,2,0,0,1,0,6.148686416992733,310.0,83.18604651162791,1.1738401341531581,8,3,2023,3,2
4650.0,249,22215,22000.0,7.0,Wedding,1,0.0,0.0,300.0,500.0,2,2,10,0,1,2,0.9902772776377385,18.6,88.86,1.120813827871804,7,3,2025,3,2
1150.0,298,962,26000.0,0.0,Birthday,1,0.0,0.0,200.0,400.0,0,2,6,0,1,2,26.99896157840083,3.8461538461538463,3.217391304347826,30.944963655244027,2,1,2023,2,0
10550.0,298,962,26000.0,0.0,Corporate Event,5,0.0,0.0,200.0,400.0,1,0,12,0,1,1,26.99896157840083,35.28428093645485,3.217391304347826,30.944963655244027,12,4,2023,6,0
8102.0,176,3661,19000.0,0.0,Birthday,1,0.0,0.0,100.0,200.0,0,2,3,0,0,0,5.188421627525942,45.77401129943503,20.683615819209038,4.8061168760240305,8,3,2022,0,2
3881.0,203,1258,12000.0,0.0,Corporate Event,1,0.0,0.0,200.0,400.0,1,0,13,0,1,2,9.531374106433677,19.024509803921568,6.166666666666667,16.12390786338364,3,1,2022,5,1
8504.0,176,3661,26000.0,10.0,Birthday,2,0.0,0.0,200.0,400.0,0,2,0,0,1,1,7.099945385035499,48.045197740113,20.683615819209038,4.8061168760240305,7,3,2023,0,2
9974.0,155,66,22000.0,8.0,Birthday,5,0.0,0.0,300.0,500.0,0,2,2,0,1,1,328.35820895522386,63.93589743589744,0.4230769230769231,231.34328358208953,2,1,2022,4,0
3466.0,126,4896,19000.0,11.0,Corporate Event,2,0.0,0.0,200.0,400.0,1,1,0,0,1,1,3.8799264856034306,27.291338582677167,38.55118110236221,2.5730038799264854,8,3,2024,5,2
6837.0,155,66,22000.0,18.0,Birthday,1,0.0,0.0,200.0,400.0,0,0,8,0,1,1,328.35820895522386,43.82692307692308,0.4230769230769231,231.34328358208953,7,3,2022,1,2
1019.0,229,3480,17000.0,2.0,Wedding,5,0.0,0.0,200.0,400.0,2,2,7,0,1,0,4.883654122378627,4.430434782608696,15.130434782608695,6.578569376615915,7,3,2025,0,2
13406.0,249,22215,26000.0,0.0,Corporate Event,3,0.0,0.0,100.0,200.0,1,2,15,0,0,0,1.1703276917536911,53.624,88.86,1.120813827871804,1,1,2022,6,0
8975.0,202,1983,19000.0,9.0,Corporate Event,5,0.0,0.0,300.0,500.0,1,1,14,0,1,0,9.576612903225806,44.21182266009852,9.768472906403941,10.181451612903226,10,4,2022,1,3
11285.0,229,3480,24000.0,3.0,Wedding,2,0.0,0.0,200.0,400.0,2,2,12,0,1,2,6.894570525711003,49.06521739130435,15.130434782608695,6.578569376615915,10,4,2025,3,3
10235.0,176,3661,26000.0,0.0,Birthday,3,0.0,0.0,200.0,400.0,0,0,6,0,1,0,7.099945385035499,57.824858757062145,20.683615819209038,4.8061168760240305,10,4,2023,3,3
5267.0,155,66,15000.0,2.0,Corporate Event,3,0.0,0.0,300.0,500.0,1,2,10,0,1,2,223.88059701492537,33.76282051282051,0.4230769230769231,231.34328358208953,8,3,2022,5,2
3374.0,298,962,24000.0,2.0,Corporate Event,5,0.0,0.0,100.0,200.0,1,2,4,0,0,2,24.922118380062305,11.284280936454849,3.217391304347826,30.944963655244027,3,1,2022,2,1
8600.0,239,4101,15000.0,0.0,Wedding,2,0.0,0.0,300.0,500.0,2,2,16,0,1,1,3.6567528035104826,35.833333333333336,17.0875,5.826426133593369,3,1,2025,6,1
13026.0,126,4896,21000.0,4.0,Corporate Event,2,0.0,0.0,300.0,500.0,1,2,5,0,1,0,4.288339799877476,102.56692913385827,38.55118110236221,2.5730038799264854,12,4,2022,3,0
5767.0,126,4896,23000.0,4.0,Corporate Event,1,0.0,0.0,300.0,500.0,1,0,2,0,1,0,4.696753114151521,45.40944881889764,38.55118110236221,2.5730038799264854,7,3,2022,0,2
5117.0,126,4896,21000.0,16.0,Corporate Event,2,0.0,0.0,300.0,500.0,1,2,14,0,1,0,4.288339799877476,40.29133858267716,38.55118110236221,2.5730038799264854,9,3,2022,6,3
8554.0,126,4896,13000.0,14.0,Birthday,5,0.0,0.0,300.0,500.0,0,1,10,0,1,0,2.6546865427812945,67.35433070866142,38.55118110236221,2.5730038799264854,8,3,2022,4,2
14708.0,176,3661,24000.0,14.0,Birthday,2,0.0,0.0,300.0,500.0,0,1,10,0,1,2,6.553795740032769,83.09604519774011,20.683615819209038,4.8061168760240305,1,1,2024,5,0
11356.0,155,66,26000.0,14.0,Corporate Event,4,0.0,0.0,200.0,400.0,1,2,0,0,1,1,388.05970149253733,72.7948717948718,0.4230769230769231,231.34328358208953,3,1,2022,0,1
1582.0,202,1983,20000.0,16.0,Birthday,2,0.0,0.0,200.0,400.0,0,2,8,0,1,2,10.080645161290322,7.793103448275862,9.768472906403941,10.181451612903226,9,3,2022,5,3
7295.0,176,3661,12000.0,2.0,Wedding,2,0.0,0.0,200.0,400.0,2,2,13,0,1,0,3.2768978700163847,41.21468926553672,20.683615819209038,4.8061168760240305,3,1,2024,4,1
2173.0,229,3480,25000.0,1.0,Birthday,2,0.0,0.0,100.0,200.0,0,2,15,0,0,2,7.181844297615628,9.447826086956521,15.130434782608695,6.578569376615915,9,3,2023,3,3
2614.0,42,3577,22000.0,0.0,Corporate Event,5,0.0,0.0,200.0,400.0,1,0,13,0,1,2,6.148686416992733,60.7906976744186,83.18604651162791,1.1738401341531581,10,4,2025,5,3
13203.0,298,962,13000.0,15.0,Corporate Event,5,0.0,0.0,200.0,400.0,1,1,1,0,1,1,13.499480789200415,44.15719063545151,3.217391304347826,30.944963655244027,9,3,2024,0,3
13685.0,176,3661,20000.0,8.0,Birthday,1,0.0,0.0,300.0,500.0,0,2,2,0,1,0,5.461496450027307,77.31638418079096,20.683615819209038,4.8061168760240305,9,3,2025,6,3
10374.0,42,3577,22000.0,2.0,Birthday,1,0.0,0.0,300.0,500.0,0,2,2,0,1,1,6.148686416992733,241.25581395348837,83.18604651162791,1.1738401341531581,2,1,2023,0,0
13662.0,298,962,17000.0,14.0,Wedding,3,0.0,0.0,300.0,500.0,2,1,10,0,1,1,17.653167185877468,45.69230769230769,3.217391304347826,30.944963655244027,11,4,2025,6,3
4595.0,203,1258,21000.0,16.0,Birthday,2,0.0,0.0,200.0,400.0,0,2,8,0,1,1,16.679904686258936,22.524509803921568,6.166666666666667,16.12390786338364,5,2,2025,1,1
1704.0,252,1608,12000.0,3.0,Wedding,2,0.0,0.0,100.0,200.0,2,0,18,0,0,0,7.458048477315103,6.735177865612648,6.355731225296442,15.661901802361717,3,1,2022,0,1
736.0,249,22215,26000.0,0.0,Birthday,2,0.0,0.0,100.0,200.0,0,0,4,0,0,1,1.1703276917536911,2.944,88.86,1.120813827871804,12,4,2025,6,0
13927.0,42,3577,26000.0,10.0,Birthday,4,0.0,0.0,100.0,200.0,0,1,4,0,0,2,7.266629401900503,323.8837209302326,83.18604651162791,1.1738401341531581,8,3,2025,2,2
8216.0,239,4101,12000.0,0.0,Corporate Event,4,0.0,0.0,300.0,500.0,1,2,16,0,1,2,2.9254022428083863,34.233333333333334,17.0875,5.826426133593369,4,2,2024,3,1
3314.0,229,3480,13000.0,10.0,Wedding,2,0.0,0.0,300.0,500.0,2,0,10,0,1,0,3.7345590347601263,14.408695652173913,15.130434782608695,6.578569376615915,3,1,2023,3,1
14778.0,203,1417,13000.0,11.0,Wedding,2,0.0,0.0,200.0,400.0,2,1,0,0,1,2,9.16784203102962,72.44117647058823,6.946078431372549,14.315937940761636,12,4,2025,4,0
12588.0,176,3661,21000.0,7.0,Wedding,4,0.0,0.0,100.0,200.0,2,2,4,0,0,2,5.734571272528673,71.11864406779661,20.683615819209038,4.8061168760240305,12,4,2025,4,0
6483.0,298,962,12000.0,16.0,Birthday,4,0.0,0.0,200.0,400.0,0,2,8,0,1,0,12.461059190031152,21.682274247491637,3.217391304347826,30.944963655244027,12,4,2023,3,0
4420.0,155,66,13000.0,3.0,Corporate Event,4,0.0,0.0,200.0,400.0,1,1,12,0,1,2,194.02985074626866,28.333333333333332,0.4230769230769231,231.34328358208953,6,2,2023,6,2
13064.0,249,22215,15000.0,14.0,Birthday,3,0.0,0.0,300.0,500.0,0,1,10,0,1,0,0.6751890529348218,52.256,88.86,1.120813827871804,7,3,2023,3,2
4237.0,203,1258,25000.0,2.0,Birthday,1,0.0,0.0,200.0,500.0,0,0,9,0,0,0,19.857029388403493,20.769607843137255,6.166666666666667,16.12390786338364,7,3,2022,1,2
141250.0,239,4101,12000.0,16.0,Wedding,3,0.0,0.0,200.0,500.0,2,2,11,0,0,1,2.9254022428083863,588.5416666666666,17.0875,5.826426133593369,2,1,2025,4,0
12688.0,298,962,24000.0,2.0,Wedding,5,0.0,0.0,100.0,200.0,2,2,4,0,0,2,24.922118380062305,42.43478260869565,3.217391304347826,30.944963655244027,4,2,2024,1,1
9672.0,202,1983,20000.0,14.0,Wedding,2,0.0,0.0,200.0,400.0,2,2,0,0,1,1,10.080645161290322,47.645320197044335,9.768472906403941,10.181451612903226,11,4,2024,3,3
8528.0,202,1983,20000.0,4.0,Corporate Event,1,0.0,0.0,100.0,200.0,1,2,18,0,0,1,10.080645161290322,42.00985221674877,9.768472906403941,10.181451612903226,7,3,2025,4,2
9405.0,155,66,22000.0,5.0,Wedding,5,0.0,0.0,300.0,500.0,2,2,14,0,1,1,328.35820895522386,60.28846153846154,0.4230769230769231,231.34328358208953,8,3,2022,0,2
5388.0,202,1983,15000.0,14.0,Corporate Event,3,0.0,0.0,200.0,400.0,1,2,0,0,1,1,7.560483870967742,26.541871921182267,9.768472906403941,10.181451612903226,5,2,2023,6,1
8262.0,176,3661,15000.0,0.0,Corporate Event,3,0.0,0.0,100.0,200.0,1,0,4,0,0,0,4.09612233752048,46.67796610169491,20.683615819209038,4.8061168760240305,11,4,2025,3,3
10267.0,239,4101,15000.0,9.0,Corporate Event,1,0.0,0.0,200.0,400.0,1,1,6,0,1,1,3.6567528035104826,42.77916666666667,17.0875,5.826426133593369,12,4,2023,2,0
2190.0,202,1983,23000.0,20.0,Wedding,2,0.0,0.0,300.0,500.0,2,2,17,0,0,2,11.59274193548387,10.788177339901479,9.768472906403941,10.181451612903226,8,3,2023,6,2
2728.0,252,1608,21000.0,16.0,Corporate Event,1,0.0,0.0,200.0,500.0,1,2,9,0,0,1,13.05158483530143,10.782608695652174,6.355731225296442,15.661901802361717,12,4,2023,2,0
13626.0,126,4896,23000.0,7.0,Birthday,3,0.0,0.0,100.0,200.0,0,0,15,0,0,1,4.696753114151521,107.29133858267717,38.55118110236221,2.5730038799264854,5,2,2023,0,1
852.0,126,4896,13000.0,0.0,Birthday,1,0.0,0.0,200.0,400.0,0,0,13,0,1,2,2.6546865427812945,6.708661417322834,38.55118110236221,2.5730038799264854,9,3,2024,0,3
12933.0,155,66,21000.0,3.0,Wedding,3,0.0,0.0,200.0,500.0,2,2,9,0,0,1,313.43283582089555,82.90384615384616,0.4230769230769231,231.34328358208953,2,1,2025,5,0
7807.0,229,3480,22000.0,4.0,Corporate Event,2,0.0,0.0,300.0,500.0,1,2,5,0,1,2,6.320022981901753,33.94347826086957,15.130434782608695,6.578569376615915,3,1,2022,1,1
6794.0,42,3577,17000.0,5.0,Corporate Event,5,0.0,0.0,300.0,500.0,1,1,5,0,1,1,4.751257685858021,158.0,83.18604651162791,1.1738401341531581,2,1,2025,1,0
7947.0,252,1608,20000.0,8.0,Birthday,1,0.0,0.0,300.0,500.0,0,2,2,0,1,1,12.430080795525171,31.41106719367589,6.355731225296442,15.661901802361717,5,2,2023,0,1
13433.0,229,3480,23000.0,5.0,Corporate Event,4,0.0,0.0,300.0,500.0,1,2,14,0,1,0,6.607296753806377,58.404347826086955,15.130434782608695,6.578569376615915,12,4,2023,5,0
2322.0,298,962,20000.0,0.0,Wedding,5,0.0,0.0,200.0,400.0,2,0,7,0,1,2,20.768431983385256,7.765886287625418,3.217391304347826,30.944963655244027,11,4,2025,0,3
2398.0,203,1258,17000.0,2.0,Birthday,5,0.0,0.0,300.0,500.0,0,2,10,0,1,0,13.502779984114376,11.754901960784315,6.166666666666667,16.12390786338364,9,3,2025,1,3
6175.0,126,4896,24000.0,2.0,Birthday,2,0.0,0.0,200.0,400.0,0,2,7,0,1,2,4.900959771288544,48.62204724409449,38.55118110236221,2.5730038799264854,10,4,2024,4,3
10172.0,126,4896,15000.0,0.0,Birthday,5,0.0,0.0,100.0,200.0,0,0,3,0,0,2,3.06309985705534,80.09448818897638,38.55118110236221,2.5730038799264854,4,2,2022,1,1
2505.0,298,962,20000.0,18.0,Wedding,4,0.0,0.0,200.0,400.0,2,0,8,0,1,0,20.768431983385256,8.377926421404682,3.217391304347826,30.944963655244027,10,4,2025,4,3
4604.0,249,22215,12000.0,7.0,Wedding,4,0.0,0.0,100.0,200.0,2,2,4,0,0,0,0.5401512423478574,18.416,88.86,1.120813827871804,9,3,2023,2,3
4081.0,298,962,15000.0,3.0,Wedding,2,0.0,0.0,200.0,500.0,2,1,11,0,0,2,15.576323987538942,13.648829431438127,3.217391304347826,30.944963655244027,12,4,2022,0,0
13502.0,42,3577,19000.0,2.0,Wedding,5,0.0,0.0,100.0,200.0,2,2,4,0,0,1,5.310229178311906,314.0,83.18604651162791,1.1738401341531581,12,4,2022,3,0
1430.0,239,4101,15000.0,8.0,Corporate Event,3,0.0,0.0,300.0,500.0,1,2,2,0,1,0,3.6567528035104826,5.958333333333333,17.0875,5.826426133593369,5,2,2023,2,1
2975.0,126,4896,26000.0,10.0,Wedding,3,0.0,0.0,200.0,500.0,2,0,11,0,0,2,5.309373085562589,23.4251968503937,38.55118110236221,2.5730038799264854,4,2,2023,1,1
9102.0,176,3661,12000.0,3.0,Birthday,5,0.0,0.0,200.0,400.0,0,2,12,0,1,1,3.2768978700163847,51.42372881355932,20.683615819209038,4.8061168760240305,10,4,2025,1,3
13104.0,252,1608,21000.0,16.0,Birthday,2,0.0,0.0,300.0,500.0,0,2,14,0,1,0,13.05158483530143,51.794466403162055,6.355731225296442,15.661901802361717,10,4,2024,2,3
1906.0,42,3577,22000.0,2.0,Wedding,1,0.0,0.0,200.0,400.0,2,2,12,0,1,2,6.148686416992733,44.325581395348834,83.18604651162791,1.1738401341531581,10,4,2024,2,3
8204.0,229,3480,22000.0,3.0,Wedding,4,0.0,0.0,100.0,200.0,2,0,18,0,0,2,6.320022981901753,35.6695652173913,15.130434782608695,6.578569376615915,4,2,2022,1,1
6467.0,155,66,20000.0,6.0,Corporate Event,2,0.0,0.0,300.0,500.0,1,1,2,0,1,2,298.5074626865672,41.455128205128204,0.4230769230769231,231.34328358208953,4,2,2023,0,1
5536.0,203,1417,19000.0,0.0,Wedding,1,0.0,0.0,300.0,500.0,2,0,14,0,1,0,13.399153737658674,27.137254901960784,6.946078431372549,14.315937940761636,11,4,2024,3,3
13297.0,203,1258,19000.0,0.0,Birthday,3,0.0,0.0,300.0,500.0,0,0,16,0,1,2,15.091342335186656,65.18137254901961,6.166666666666667,16.12390786338364,11,4,2023,5,3
11083.0,155,66,26000.0,10.0,Wedding,4,0.0,0.0,300.0,500.0,2,0,10,0,1,0,388.05970149253733,71.0448717948718,0.4230769230769231,231.34328358208953,8,3,2022,5,2
943.0,239,4101,21000.0,2.0,Corporate Event,2,0.0,0.0,300.0,500.0,1,2,2,0,1,1,5.1194539249146755,3.9291666666666667,17.0875,5.826426133593369,10,4,2024,2,3
8654.0,249,22215,15000.0,4.0,Corporate Event,5,0.0,0.0,300.0,500.0,1,0,2,0,1,1,0.6751890529348218,34.616,88.86,1.120813827871804,4,2,2023,0,1
12810.0,126,4896,20000.0,7.0,Corporate Event,5,0.0,0.0,300.0,500.0,1,2,10,0,1,1,4.084133142740454,100.86614173228347,38.55118110236221,2.5730038799264854,2,1,2024,5,0
12112.0,155,66,20000.0,5.0,Corporate Event,1,0.0,0.0,300.0,500.0,1,2,14,0,1,0,298.5074626865672,77.64102564102564,0.4230769230769231,231.34328358208953,6,2,2023,4,2
1280.0,202,1983,23000.0,7.0,Birthday,4,0.0,0.0,100.0,200.0,0,0,15,0,0,1,11.59274193548387,6.305418719211823,9.768472906403941,10.181451612903226,10,4,2023,1,3
2820.0,203,1417,21000.0,16.0,Corporate Event,4,0.0,0.0,200.0,500.0,1,2,9,0,0,2,14.809590973201692,13.823529411764707,6.946078431372549,14.315937940761636,9,3,2023,4,3
13890.0,126,4896,26000.0,10.0,Corporate Event,2,0.0,0.0,200.0,400.0,1,2,0,0,1,2,5.309373085562589,109.37007874015748,38.55118110236221,2.5730038799264854,8,3,2022,3,2
3412.0,126,4896,13000.0,2.0,Corporate Event,3,0.0,0.0,300.0,500.0,1,2,2,0,1,1,2.6546865427812945,26.866141732283463,38.55118110236221,2.5730038799264854,5,2,2022,4,1
3634.0,298,962,21000.0,20.0,Corporate Event,4,0.0,0.0,300.0,500.0,1,2,17,0,0,0,21.806853582554517,12.153846153846153,3.217391304347826,30.944963655244027,8,3,2024,2,2
11478.0,298,962,23000.0,16.0,Birthday,3,0.0,0.0,200.0,400.0,0,2,13,0,1,0,23.883696780893043,38.38795986622073,3.217391304347826,30.944963655244027,7,3,2025,2,2
3262.0,202,1983,21000.0,7.0,Corporate Event,4,0.0,0.0,300.0,500.0,1,2,10,0,1,1,10.584677419354838,16.06896551724138,9.768472906403941,10.181451612903226,2,1,2025,3,0
12454.0,126,4896,19000.0,2.0,Wedding,1,0.0,0.0,300.0,500.0,2,2,2,0,1,1,3.8799264856034306,98.06299212598425,38.55118110236221,2.5730038799264854,3,1,2025,3,1
6676.0,252,1608,20000.0,0.0,Birthday,1,0.0,0.0,100.0,200.0,0,2,3,0,0,0,12.430080795525171,26.387351778656125,6.355731225296442,15.661901802361717,12,4,2025,3,0
13644.0,126,4896,22000.0,13.0,Birthday,5,0.0,0.0,200.0,400.0,0,1,8,0,1,1,4.492546457014499,107.43307086614173,38.55118110236221,2.5730038799264854,8,3,2022,6,2
10016.0,252,1608,26000.0,20.0,Corporate Event,5,0.0,0.0,300.0,500.0,1,2,17,0,0,2,16.159105034182723,39.58893280632411,6.355731225296442,15.661901802361717,8,3,2025,6,2
577.0,155,66,17000.0,20.0,Wedding,3,0.0,0.0,300.0,500.0,2,2,17,0,0,2,253.73134328358208,3.698717948717949,0.4230769230769231,231.34328358208953,4,2,2023,4,1
9034.0,42,3577,17000.0,0.0,Birthday,2,0.0,0.0,200.0,400.0,0,0,6,0,1,1,4.751257685858021,210.09302325581396,83.18604651162791,1.1738401341531581,6,2,2022,0,2
140320.0,252,1608,22000.0,0.0,Corporate Event,4,0.0,0.0,300.0,500.0,1,2,16,0,1,1,13.673088875077688,554.6245059288538,6.355731225296442,15.661901802361717,11,4,2023,0,3
2190.0,126,4896,26000.0,9.0,Birthday,3,0.0,0.0,300.0,500.0,0,2,5,0,1,0,5.309373085562589,17.244094488188978,38.55118110236221,2.5730038799264854,3,1,2023,2,1
1039.0,176,3661,25000.0,16.0,Wedding,5,0.0,0.0,200.0,400.0,2,2,8,0,1,2,6.826870562534134,5.870056497175141,20.683615819209038,4.8061168760240305,12,4,2022,6,0
1059.0,249,22215,12000.0,4.0,Wedding,4,0.0,0.0,100.0,200.0,2,2,18,0,0,2,0.5401512423478574,4.236,88.86,1.120813827871804,7,3,2025,1,2
11511.0,176,3661,26000.0,0.0,Corporate Event,1,0.0,0.0,100.0,200.0,1,0,4,0,0,2,7.099945385035499,65.03389830508475,20.683615819209038,4.8061168760240305,4,2,2022,1,1
11985.0,252,1608,24000.0,4.0,Wedding,4,0.0,0.0,100.0,200.0,2,2,18,0,0,2,14.916096954630206,47.37154150197628,6.355731225296442,15.661901802361717,4,2,2023,0,1
2648.0,203,1417,19000.0,2.0,Birthday,4,0.0,0.0,200.0,400.0,0,2,13,0,1,0,13.399153737658674,12.980392156862745,6.946078431372549,14.315937940761636,3,1,2025,2,1
11665.0,229,3480,19000.0,4.0,Birthday,3,0.0,0.0,200.0,400.0,0,2,1,0,1,0,5.458201666187877,50.71739130434783,15.130434782608695,6.578569376615915,9,3,2025,1,3
14615.0,203,1417,12000.0,0.0,Birthday,5,0.0,0.0,100.0,200.0,0,0,4,0,0,1,8.46262341325811,71.6421568627451,6.946078431372549,14.315937940761636,12,4,2023,3,0
2719.0,126,4896,22000.0,0.0,Wedding,3,0.0,0.0,300.0,500.0,2,2,16,0,1,2,4.492546457014499,21.409448818897637,38.55118110236221,2.5730038799264854,6,2,2022,3,2
12864.0,126,4896,21000.0,0.0,Birthday,2,0.0,0.0,100.0,200.0,0,2,15,0,0,1,4.288339799877476,101.29133858267717,38.55118110236221,2.5730038799264854,6,2,2023,6,2
9423.0,249,22215,17000.0,4.0,Birthday,2,0.0,0.0,100.0,200.0,0,2,18,0,0,2,0.765214259992798,37.692,88.86,1.120813827871804,6,2,2025,0,2
13557.0,249,22215,21000.0,0.0,Corporate Event,3,0.0,0.0,300.0,500.0,1,2,16,0,1,2,0.9452646741087505,54.228,88.86,1.120813827871804,8,3,2025,1,2
6889.0,298,962,26000.0,1.0,Birthday,4,0.0,0.0,100.0,200.0,0,2,15,0,0,1,26.99896157840083,23.040133779264213,3.217391304347826,30.944963655244027,7,3,2022,1,2
11657.0,155,66,24000.0,14.0,Wedding,4,0.0,0.0,200.0,400.0,2,2,0,0,1,0,358.2089552238806,74.72435897435898,0.4230769230769231,231.34328358208953,5,2,2025,1,1
4102.0,239,4101,12000.0,4.0,Corporate Event,2,0.0,0.0,300.0,500.0,1,0,2,0,1,1,2.9254022428083863,17.091666666666665,17.0875,5.826426133593369,2,1,2022,4,0
3554.0,203,1417,12000.0,10.0,Wedding,3,0.0,0.0,200.0,400.0,2,2,0,0,1,1,8.46262341325811,17.42156862745098,6.946078431372549,14.315937940761636,7,3,2025,5,2
14270.0,203,1258,24000.0,5.0,Corporate Event,3,0.0,0.0,100.0,200.0,1,1,3,0,0,2,19.062748212867355,69.95098039215686,6.166666666666667,16.12390786338364,12,4,2023,2,0
1545.0,202,1983,12000.0,0.0,Corporate Event,3,0.0,0.0,100.0,200.0,1,0,3,0,0,0,6.048387096774194,7.610837438423645,9.768472906403941,10.181451612903226,7,3,2024,6,2
5304.0,42,3577,19000.0,0.0,Birthday,4,0.0,0.0,100.0,200.0,0,1,15,0,0,1,5.310229178311906,123.34883720930233,83.18604651162791,1.1738401341531581,10,4,2024,1,3
10049.0,155,66,22000.0,16.0,Corporate Event,1,0.0,0.0,200.0,400.0,1,2,1,0,1,0,328.35820895522386,64.41666666666667,0.4230769230769231,231.34328358208953,1,1,2023,5,0
88990.0,203,1258,12000.0,4.0,Corporate Event,1,0.0,0.0,300.0,500.0,1,2,5,0,1,1,9.531374106433677,436.22549019607845,6.166666666666667,16.12390786338364,4,2,2025,3,1
6994.0,176,3661,21000.0,11.0,Wedding,5,0.0,0.0,200.0,400.0,2,1,0,0,1,0,5.734571272528673,39.51412429378531,20.683615819209038,4.8061168760240305,8,3,2024,4,2
7487.0,126,4896,15000.0,3.0,Corporate Event,5,0.0,0.0,200.0,400.0,1,2,12,0,1,0,3.06309985705534,58.95275590551181,38.55118110236221,2.5730038799264854,4,2,2022,0,1
116250.0,229,3480,15000.0,5.0,Corporate Event,3,0.0,0.0,300.0,500.0,1,1,5,0,1,1,4.309106578569376,505.4347826086956,15.130434782608695,6.578569376615915,9,3,2023,5,3
2810.0,176,3661,19000.0,0.0,Wedding,1,0.0,0.0,300.0,500.0,2,0,16,0,1,1,5.188421627525942,15.875706214689265,20.683615819209038,4.8061168760240305,3,1,2022,3,1
10894.0,176,3661,15000.0,6.0,Birthday,1,0.0,0.0,300.0,500.0,0,1,2,0,1,0,4.09612233752048,61.548022598870055,20.683615819209038,4.8061168760240305,4,2,2022,4,1
10927.0,126,4896,24000.0,7.0,Birthday,3,0.0,0.0,100.0,200.0,0,1,18,0,0,2,4.900959771288544,86.03937007874016,38.55118110236221,2.5730038799264854,8,3,2025,3,2
8694.0,42,3577,25000.0,0.0,Corporate Event,2,0.0,0.0,100.0,200.0,1,0,4,0,0,2,6.98714365567356,202.1860465116279,83.18604651162791,1.1738401341531581,1,1,2022,4,0
11545.0,203,1258,12000.0,7.0,Wedding,5,0.0,0.0,100.0,200.0,2,1,18,0,0,2,9.531374106433677,56.59313725490196,6.166666666666667,16.12390786338364,12,4,2024,5,0
2671.0,249,22215,13000.0,16.0,Wedding,4,0.0,0.0,200.0,400.0,2,2,13,0,1,2,0.5851638458768456,10.684,88.86,1.120813827871804,8,3,2024,2,2
5014.0,249,22215,26000.0,5.0,Wedding,4,0.0,0.0,100.0,200.0,2,1,3,0,0,2,1.1703276917536911,20.056,88.86,1.120813827871804,9,3,2025,6,3
14649.0,42,3577,20000.0,0.0,Wedding,2,0.0,0.0,100.0,200.0,2,1,15,0,0,1,5.589714924538849,340.6744186046512,83.18604651162791,1.1738401341531581,4,2,2022,6,1
6901.0,202,1983,12000.0,11.0,Birthday,5,0.0,0.0,200.0,400.0,0,1,0,0,1,1,6.048387096774194,33.995073891625616,9.768472906403941,10.181451612903226,1,1,2024,6,0
736.0,229,3480,20000.0,5.0,Wedding,2,0.0,0.0,300.0,500.0,2,1,5,0,1,2,5.745475438092502,3.2,15.130434782608695,6.578569376615915,10,4,2025,4,3
14646.0,252,1608,24000.0,10.0,Wedding,3,0.0,0.0,100.0,200.0,2,2,3,0,0,1,14.916096954630206,57.88932806324111,6.355731225296442,15.661901802361717,7,3,2022,5,2
1004.0,229,3480,17000.0,0.0,Birthday,4,0.0,0.0,100.0,200.0,0,0,4,0,0,0,4.883654122378627,4.3652173913043475,15.130434782608695,6.578569376615915,3,1,2023,1,1
10480.0,202,1983,12000.0,0.0,Corporate Event,3,0.0,0.0,100.0,200.0,1,0,4,0,0,0,6.048387096774194,51.6256157635468,9.768472906403941,10.181451612903226,3,1,2022,5,1
14906.0,42,3577,22000.0,0.0,Corporate Event,3,0.0,0.0,200.0,400.0,1,0,13,0,1,0,6.148686416992733,346.6511627906977,83.18604651162791,1.1738401341531581,8,3,2023,2,2
14630.0,155,66,26000.0,4.0,Corporate Event,2,0.0,0.0,300.0,500.0,1,2,5,0,1,0,388.05970149253733,93.78205128205128,0.4230769230769231,231.34328358208953,12,4,2024,1,0
12384.0,249,22215,12000.0,2.0,Wedding,2,0.0,0.0,200.0,400.0,2,0,1,0,1,1,0.5401512423478574,49.536,88.86,1.120813827871804,8,3,2023,6,2
4742.0,155,66,24000.0,2.0,Corporate Event,1,0.0,0.0,300.0,500.0,1,2,2,0,1,2,358.2089552238806,30.397435897435898,0.4230769230769231,231.34328358208953,6,2,2025,4,2
3986.0,155,66,12000.0,5.0,Corporate Event,5,0.0,0.0,300.0,500.0,1,1,16,0,1,1,179.1044776119403,25.55128205128205,0.4230769230769231,231.34328358208953,11,4,2024,1,3
8192.0,203,1258,13000.0,2.0,Wedding,4,0.0,0.0,300.0,500.0,2,2,2,0,1,1,10.325655281969818,40.15686274509804,6.166666666666667,16.12390786338364,2,1,2025,5,0
6804.0,239,4101,26000.0,10.0,Corporate Event,5,0.0,0.0,200.0,400.0,1,2,0,0,1,0,6.338371526084837,28.35,17.0875,5.826426133593369,11,4,2022,1,3
12048.0,252,1608,24000.0,3.0,Corporate Event,4,0.0,0.0,200.0,500.0,1,1,11,0,0,1,14.916096954630206,47.6205533596838,6.355731225296442,15.661901802361717,8,3,2022,6,2
4733.0,203,1258,15000.0,4.0,Wedding,5,0.0,0.0,100.0,200.0,2,2,18,0,0,1,11.914217633042098,23.20098039215686,6.166666666666667,16.12390786338364,9,3,2022,1,3
7153.0,229,3480,25000.0,14.0,Birthday,3,0.0,0.0,300.0,500.0,0,1,10,0,1,1,7.181844297615628,31.1,15.130434782608695,6.578569376615915,3,1,2024,6,1
10098.0,249,22215,22000.0,18.0,Corporate Event,1,0.0,0.0,200.0,400.0,1,0,8,0,1,1,0.9902772776377385,40.392,88.86,1.120813827871804,10,4,2024,1,3
13089.0,249,22215,12000.0,0.0,Wedding,2,0.0,0.0,300.0,500.0,2,2,16,0,1,0,0.5401512423478574,52.356,88.86,1.120813827871804,6,2,2023,2,2
10525.0,202,1983,17000.0,5.0,Wedding,3,0.0,0.0,100.0,200.0,2,1,3,0,0,0,8.568548387096774,51.847290640394085,9.768472906403941,10.181451612903226,6,2,2023,1,2
6142.0,239,4101,17000.0,3.0,Wedding,5,0.0,0.0,200.0,400.0,2,2,12,0,1,0,4.144319843978547,25.591666666666665,17.0875,5.826426133593369,10,4,2024,6,3
8570.0,239,4101,22000.0,16.0,Corporate Event,2,0.0,0.0,200.0,400.0,1,2,8,0,1,0,5.363237445148708,35.708333333333336,17.0875,5.826426133593369,4,2,2023,3,1
14403.0,126,4896,26000.0,2.0,Corporate Event,4,0.0,0.0,300.0,500.0,1,2,2,0,1,1,5.309373085562589,113.40944881889764,38.55118110236221,2.5730038799264854,1,1,2023,0,0
11604.0,202,1983,12000.0,3.0,Birthday,2,0.0,0.0,200.0,500.0,0,1,11,0,0,0,6.048387096774194,57.16256157635468,9.768472906403941,10.181451612903226,10,4,2022,4,3
13228.0,126,4896,13000.0,0.0,Wedding,4,0.0,0.0,100.0,200.0,2,0,4,0,0,0,2.6546865427812945,104.15748031496064,38.55118110236221,2.5730038799264854,1,1,2024,6,0
1562.0,252,1608,15000.0,16.0,Corporate Event,1,0.0,0.0,200.0,400.0,1,2,8,0,1,1,9.322560596643878,6.173913043478261,6.355731225296442,15.661901802361717,4,2,2025,5,1
10098.0,155,66,22000.0,0.0,Corporate Event,3,0.0,0.0,100.0,200.0,1,0,3,0,0,0,328.35820895522386,64.73076923076923,0.4230769230769231,231.34328358208953,5,2,2024,3,1
12592.0,249,22215,24000.0,0.0,Corporate Event,5,0.0,0.0,200.0,500.0,1,2,11,0,0,1,1.0803024846957148,50.368,88.86,1.120813827871804,4,2,2022,1,1
7429.0,155,66,25000.0,7.0,Corporate Event,2,0.0,0.0,300.0,500.0,1,2,10,0,1,0,373.13432835820896,47.62179487179487,0.4230769230769231,231.34328358208953,2,1,2024,4,0
12582.0,202,1983,20000.0,2.0,Wedding,1,0.0,0.0,100.0,200.0,2,2,4,0,0,1,10.080645161290322,61.98029556650246,9.768472906403941,10.181451612903226,9,3,2023,2,3
7337.0,126,4896,22000.0,2.0,Birthday,3,0.0,0.0,200.0,400.0,0,2,7,0,1,0,4.492546457014499,57.77165354330709,38.55118110236221,2.5730038799264854,12,4,2023,4,0
10924.0,176,3661,19000.0,13.0,Birthday,5,0.0,0.0,200.0,400.0,0,1,8,0,1,2,5.188421627525942,61.717514124293785,20.683615819209038,4.8061168760240305,9,3,2024,6,3
2716.0,239,4101,26000.0,10.0,Corporate Event,1,0.0,0.0,200.0,400.0,1,2,0,0,1,2,6.338371526084837,11.316666666666666,17.0875,5.826426133593369,1,1,2022,3,0
8681.0,203,1417,25000.0,10.0,Wedding,1,0.0,0.0,200.0,500.0,2,0,11,0,0,1,17.63046544428773,42.55392156862745,6.946078431372549,14.315937940761636,6,2,2025,6,2
3324.0,239,4101,26000.0,4.0,Wedding,2,0.0,0.0,300.0,500.0,2,2,5,0,1,1,6.338371526084837,13.85,17.0875,5.826426133593369,10,4,2022,1,3
8048.0,155,66,13000.0,0.0,Wedding,4,0.0,0.0,200.0,400.0,2,0,0,0,1,2,194.02985074626866,51.58974358974359,0.4230769230769231,231.34328358208953,4,2,2022,3,1
1931.0,249,22215,12000.0,14.0,Birthday,4,0.0,0.0,200.0,400.0,0,2,0,0,1,2,0.5401512423478574,7.724,88.86,1.120813827871804,4,2,2023,3,1
12072.0,203,1258,12000.0,2.0,Wedding,3,0.0,0.0,200.0,400.0,2,2,13,0,1,1,9.531374106433677,59.1764705882353,6.166666666666667,16.12390786338364,6,2,2022,2,2
310.0,298,962,25000.0,2.0,Corporate Event,3,0.0,0.0,300.0,500.0,1,2,10,0,1,2,25.96053997923157,1.0367892976588629,3.217391304347826,30.944963655244027,3,1,2022,2,1
787.0,203,1258,19000.0,16.0,Wedding,2,0.0,0.0,200.0,400.0,2,2,8,0,1,0,15.091342335186656,3.857843137254902,6.166666666666667,16.12390786338364,6,2,2025,1,2
5927.0,229,3480,13000.0,0.0,Corporate Event,4,0.0,0.0,100.0,200.0,1,2,3,0,0,1,3.7345590347601263,25.769565217391303,15.130434782608695,6.578569376615915,11,4,2024,1,3
7359.0,155,66,24000.0,4.0,Corporate Event,3,0.0,0.0,300.0,500.0,1,0,2,0,1,1,358.2089552238806,47.17307692307692,0.4230769230769231,231.34328358208953,7,3,2024,0,2
14476.0,298,962,13000.0,10.0,Corporate Event,1,0.0,0.0,100.0,200.0,1,1,4,0,0,2,13.499480789200415,48.414715719063544,3.217391304347826,30.944963655244027,12,4,2025,2,0
3916.0,155,66,26000.0,10.0,Wedding,1,0.0,0.0,100.0,200.0,2,1,4,0,0,0,388.05970149253733,25.102564102564102,0.4230769230769231,231.34328358208953,8,3,2025,5,2
8216.0,239,4101,17000.0,14.0,Corporate Event,4,0.0,0.0,300.0,500.0,1,1,10,0,1,1,4.144319843978547,34.233333333333334,17.0875,5.826426133593369,2,1,2024,5,0
9807.0,155,66,17000.0,5.0,Birthday,5,0.0,0.0,300.0,500.0,0,1,5,0,1,0,253.73134328358208,62.86538461538461,0.4230769230769231,231.34328358208953,5,2,2024,6,1
4405.0,252,1608,19000.0,7.0,Wedding,1,0.0,0.0,300.0,500.0,2,0,5,0,1,0,11.808576755748913,17.41106719367589,6.355731225296442,15.661901802361717,7,3,2023,5,2
4868.0,202,1983,23000.0,18.0,Wedding,5,0.0,0.0,200.0,400.0,2,0,8,0,1,0,11.59274193548387,23.980295566502463,9.768472906403941,10.181451612903226,7,3,2025,6,2
14062.0,203,1417,24000.0,5.0,Wedding,3,0.0,0.0,300.0,500.0,2,1,16,0,1,2,16.92524682651622,68.93137254901961,6.946078431372549,14.315937940761636,1,1,2024,3,0
3797.0,203,1258,21000.0,3.0,Birthday,2,0.0,0.0,200.0,500.0,0,2,9,0,0,2,16.679904686258936,18.612745098039216,6.166666666666667,16.12390786338364,5,2,2022,3,1
10280.0,155,66,12000.0,10.0,Birthday,3,0.0,0.0,200.0,400.0,0,2,6,0,1,1,179.1044776119403,65.8974358974359,0.4230769230769231,231.34328358208953,10,4,2023,3,3
2533.0,252,1608,13000.0,20.0,Birthday,5,0.0,0.0,300.0,500.0,0,2,17,0,0,1,8.079552517091361,10.011857707509881,6.355731225296442,15.661901802361717,8,3,2022,4,2
950.0,202,1983,15000.0,0.0,Corporate Event,5,0.0,0.0,100.0,200.0,1,0,4,0,0,2,7.560483870967742,4.679802955665025,9.768472906403941,10.181451612903226,3,1,2025,2,1
6075.0,155,66,23000.0,10.0,Wedding,4,0.0,0.0,100.0,200.0,2,1,4,0,0,1,343.2835820895522,38.94230769230769,0.4230769230769231,231.34328358208953,8,3,2025,6,2
3499.0,42,3577,22000.0,5.0,Birthday,2,0.0,0.0,300.0,500.0,0,1,5,0,1,2,6.148686416992733,81.37209302325581,83.18604651162791,1.1738401341531581,11,4,2022,3,3
9002.0,252,1608,23000.0,0.0,Wedding,1,0.0,0.0,100.0,200.0,2,2,3,0,0,0,14.294592914853947,35.58102766798419,6.355731225296442,15.661901802361717,6,2,2025,5,2
2256.0,126,4896,13000.0,3.0,Wedding,1,0.0,0.0,200.0,400.0,2,2,12,0,1,1,2.6546865427812945,17.763779527559056,38.55118110236221,2.5730038799264854,6,2,2024,5,2
14277.0,298,962,20000.0,20.0,Wedding,3,0.0,0.0,200.0,400.0,2,2,8,0,1,0,20.768431983385256,47.74916387959866,3.217391304347826,30.944963655244027,4,2,2024,2,1
10346.0,155,66,22000.0,20.0,Wedding,3,0.0,0.0,300.0,500.0,2,2,17,0,0,2,328.35820895522386,66.32051282051282,0.4230769230769231,231.34328358208953,12,4,2024,1,0
3383.0,203,1417,26000.0,0.0,Wedding,5,0.0,0.0,200.0,400.0,2,0,7,0,1,2,18.33568406205924,16.583333333333332,6.946078431372549,14.315937940761636,10,4,2024,1,3
8361.0,42,3577,20000.0,7.0,Birthday,4,0.0,0.0,300.0,500.0,0,2,10,0,1,2,5.589714924538849,194.4418604651163,83.18604651162791,1.1738401341531581,6,2,2024,2,2
12517.0,155,66,24000.0,10.0,Birthday,3,0.0,0.0,200.0,400.0,0,2,6,0,1,0,358.2089552238806,80.23717948717949,0.4230769230769231,231.34328358208953,4,2,2025,5,1
9098.0,229,3480,25000.0,7.0,Corporate Event,2,0.0,0.0,100.0,200.0,1,2,4,0,0,1,7.181844297615628,39.55652173913043,15.130434782608695,6.578569376615915,4,2,2024,0,1
6311.0,176,3661,21000.0,14.0,Birthday,1,0.0,0.0,200.0,400.0,0,2,0,0,1,1,5.734571272528673,35.655367231638415,20.683615819209038,4.8061168760240305,11,4,2024,6,3
10847.0,176,3661,26000.0,4.0,Birthday,2,0.0,0.0,300.0,500.0,0,2,5,0,1,1,7.099945385035499,61.282485875706215,20.683615819209038,4.8061168760240305,4,2,2023,2,1
13149.0,203,1258,26000.0,0.0,Wedding,5,0.0,0.0,200.0,400.0,2,1,13,0,1,0,20.651310563939635,64.45588235294117,6.166666666666667,16.12390786338364,6,2,2025,4,2
10450.0,126,4896,23000.0,5.0,Wedding,1,0.0,0.0,300.0,500.0,2,1,5,0,1,2,4.696753114151521,82.28346456692914,38.55118110236221,2.5730038799264854,2,1,2022,4,0
10536.0,202,1983,21000.0,10.0,Corporate Event,5,0.0,0.0,200.0,500.0,1,0,11,0,0,0,10.584677419354838,51.90147783251231,9.768472906403941,10.181451612903226,4,2,2025,3,1
10028.0,203,1417,19000.0,7.0,Birthday,3,0.0,0.0,300.0,500.0,0,0,5,0,1,0,13.399153737658674,49.15686274509804,6.946078431372549,14.315937940761636,4,2,2023,1,1
2238.0,126,4896,22000.0,7.0,Wedding,1,0.0,0.0,100.0,200.0,2,1,18,0,0,0,4.492546457014499,17.62204724409449,38.55118110236221,2.5730038799264854,8,3,2024,1,2
12994.0,176,3661,23000.0,2.0,Wedding,2,0.0,0.0,200.0,400.0,2,2,13,0,1,1,6.280720917531403,73.41242937853107,20.683615819209038,4.8061168760240305,6,2,2025,1,2
8678.0,252,1608,19000.0,7.0,Corporate Event,3,0.0,0.0,100.0,200.0,1,2,4,0,0,2,11.808576755748913,34.30039525691699,6.355731225296442,15.661901802361717,5,2,2024,4,1
7516.0,239,4101,12000.0,5.0,Birthday,1,0.0,0.0,300.0,500.0,0,1,5,0,1,1,2.9254022428083863,31.316666666666666,17.0875,5.826426133593369,2,1,2025,2,0
14087.0,249,22215,22000.0,10.0,Corporate Event,1,0.0,0.0,100.0,200.0,1,1,4,0,0,1,0.9902772776377385,56.348,88.86,1.120813827871804,4,2,2024,3,1
10537.0,176,3661,20000.0,0.0,Birthday,5,0.0,0.0,300.0,500.0,0,0,16,0,1,1,5.461496450027307,59.53107344632768,20.683615819209038,4.8061168760240305,2,1,2024,3,0
12546.0,203,1417,26000.0,3.0,Wedding,3,0.0,0.0,100.0,200.0,2,0,18,0,0,0,18.33568406205924,61.5,6.946078431372549,14.315937940761636,12,4,2025,5,0
14582.0,249,22215,20000.0,7.0,Birthday,3,0.0,0.0,100.0,200.0,0,1,18,0,0,0,0.9002520705797623,58.328,88.86,1.120813827871804,10,4,2024,6,3
9737.0,298,962,20000.0,0.0,Birthday,5,0.0,0.0,100.0,200.0,0,2,15,0,0,1,20.768431983385256,32.56521739130435,3.217391304347826,30.944963655244027,7,3,2023,3,2
13103.0,252,1608,26000.0,10.0,Corporate Event,2,0.0,0.0,100.0,200.0,1,1,4,0,0,0,16.159105034182723,51.790513833992094,6.355731225296442,15.661901802361717,2,1,2025,3,0
1718.0,202,1983,17000.0,14.0,Wedding,5,0.0,0.0,200.0,400.0,2,2,0,0,1,2,8.568548387096774,8.463054187192117,9.768472906403941,10.181451612903226,7,3,2022,3,2
14413.0,229,3480,23000.0,0.0,Corporate Event,1,0.0,0.0,100.0,200.0,1,0,4,0,0,0,6.607296753806377,62.665217391304346,15.130434782608695,6.578569376615915,7,3,2024,6,2
5696.0,249,22215,24000.0,3.0,Corporate Event,5,0.0,0.0,100.0,200.0,1,0,18,0,0,2,1.0803024846957148,22.784,88.86,1.120813827871804,4,2,2023,1,1
13614.0,176,3661,13000.0,18.0,Wedding,3,0.0,0.0,200.0,400.0,2,0,8,0,1,0,3.5499726925177497,76.91525423728814,20.683615819209038,4.8061168760240305,1,1,2025,5,0
13841.0,203,1258,22000.0,2.0,Birthday,3,0.0,0.0,200.0,400.0,0,2,13,0,1,2,17.474185861795075,67.84803921568627,6.166666666666667,16.12390786338364,8,3,2025,0,2
1785.0,203,1258,13000.0,18.0,Birthday,3,0.0,0.0,200.0,400.0,0,0,8,0,1,1,10.325655281969818,8.75,6.166666666666667,16.12390786338364,7,3,2024,0,2
144550.0,203,1258,13000.0,2.0,Birthday,1,0.0,0.0,200.0,400.0,0,2,13,0,1,0,10.325655281969818,708.5784313725491,6.166666666666667,16.12390786338364,1,1,2023,6,0
14939.0,229,3480,21000.0,3.0,Birthday,2,0.0,0.0,200.0,500.0,0,1,11,0,0,1,6.032749209997127,64.95217391304348,15.130434782608695,6.578569376615915,5,2,2022,1,1
7843.0,239,4101,24000.0,7.0,Wedding,1,0.0,0.0,300.0,500.0,2,2,10,0,1,2,5.850804485616773,32.67916666666667,17.0875,5.826426133593369,8,3,2025,6,2
1417.0,176,3661,12000.0,4.0,Wedding,1,0.0,0.0,300.0,500.0,2,1,17,0,0,1,3.2768978700163847,8.005649717514125,20.683615819209038,4.8061168760240305,5,2,2022,3,1
11092.0,202,1983,13000.0,2.0,Birthday,4,0.0,0.0,200.0,400.0,0,2,13,0,1,1,6.55241935483871,54.64039408866995,9.768472906403941,10.181451612903226,4,2,2024,4,1
11556.0,203,1417,13000.0,0.0,Birthday,5,0.0,0.0,100.0,200.0,0,1,15,0,0,2,9.16784203102962,56.64705882352941,6.946078431372549,14.315937940761636,4,2,2022,1,1
3682.0,203,1417,17000.0,14.0,Wedding,2,0.0,0.0,300.0,500.0,2,1,10,0,1,2,11.988716502115656,18.04901960784314,6.946078431372549,14.315937940761636,10,4,2025,6,3
576.0,249,22215,13000.0,2.0,Wedding,1,0.0,0.0,100.0,200.0,2,2,4,0,0,1,0.5851638458768456,2.304,88.86,1.120813827871804,9,3,2023,2,3
14138.0,203,1417,24000.0,0.0,Corporate Event,2,0.0,0.0,100.0,200.0,1,0,3,0,0,0,16.92524682651622,69.30392156862744,6.946078431372549,14.315937940761636,4,2,2023,1,1
12119.0,203,1417,12000.0,3.0,Wedding,5,0.0,0.0,200.0,400.0,2,2,12,0,1,1,8.46262341325811,59.40686274509804,6.946078431372549,14.315937940761636,11,4,2025,3,3
8684.0,203,1417,17000.0,14.0,Birthday,3,0.0,0.0,200.0,400.0,0,2,0,0,1,2,11.988716502115656,42.568627450980394,6.946078431372549,14.315937940761636,11,4,2025,2,3
582.0,249,22215,24000.0,9.0,Birthday,2,0.0,0.0,300.0,500.0,0,1,14,0,1,0,1.0803024846957148,2.328,88.86,1.120813827871804,2,1,2023,3,0
5806.0,42,3577,20000.0,0.0,Corporate Event,5,0.0,0.0,300.0,500.0,1,2,16,0,1,1,5.589714924538849,135.02325581395348,83.18604651162791,1.1738401341531581,5,2,2025,6,1
92180.0,42,3577,12000.0,0.0,Wedding,3,0.0,0.0,300.0,500.0,2,2,16,0,1,2,3.3538289547233093,2143.720930232558,83.18604651162791,1.1738401341531581,10,4,2024,1,3
2766.0,239,4101,13000.0,7.0,Corporate Event,2,0.0,0.0,300.0,500.0,1,0,5,0,1,0,3.1691857630424183,11.525,17.0875,5.826426133593369,2,1,2022,4,0
2183.0,203,1417,23000.0,10.0,Wedding,2,0.0,0.0,100.0,200.0,2,2,3,0,0,2,16.22002820874471,10.700980392156863,6.946078431372549,14.315937940761636,8,3,2022,5,2
8221.0,229,3480,13000.0,8.0,Corporate Event,2,0.0,0.0,100.0,200.0,1,2,18,0,0,1,3.7345590347601263,35.743478260869566,15.130434782608695,6.578569376615915,4,2,2022,3,1
3378.0,203,1258,24000.0,5.0,Birthday,2,0.0,0.0,300.0,500.0,0,1,5,0,1,0,19.062748212867355,16.558823529411764,6.166666666666667,16.12390786338364,5,2,2022,6,1
5653.0,155,66,24000.0,3.0,Corporate Event,5,0.0,0.0,200.0,500.0,1,1,11,0,0,1,358.2089552238806,36.23717948717949,0.4230769230769231,231.34328358208953,2,1,2024,6,0
9922.0,229,3480,15000.0,0.0,Wedding,1,0.0,0.0,100.0,200.0,2,0,3,0,0,2,4.309106578569376,43.13913043478261,15.130434782608695,6.578569376615915,5,2,2023,1,1
13458.0,126,4896,21000.0,2.0,Birthday,5,0.0,0.0,200.0,400.0,0,2,7,0,1,1,4.288339799877476,105.96850393700787,38.55118110236221,2.5730038799264854,2,1,2025,1,0
6122.0,126,4896,23000.0,0.0,Corporate Event,2,0.0,0.0,100.0,200.0,1,2,3,0,0,1,4.696753114151521,48.20472440944882,38.55118110236221,2.5730038799264854,11,4,2023,3,3
2534.0,155,66,17000.0,11.0,Birthday,1,0.0,0.0,200.0,400.0,0,1,0,0,1,1,253.73134328358208,16.243589743589745,0.4230769230769231,231.34328358208953,1,1,2022,5,0
14178.0,203,1417,13000.0,9.0,Corporate Event,5,0.0,0.0,200.0,400.0,1,1,6,0,1,1,9.16784203102962,69.5,6.946078431372549,14.315937940761636,2,1,2025,1,0
9402.0,298,962,12000.0,0.0,Wedding,3,0.0,0.0,100.0,200.0,2,0,4,0,0,2,12.461059190031152,31.444816053511705,3.217391304347826,30.944963655244027,8,3,2024,5,2
14036.0,203,1258,20000.0,16.0,Wedding,5,0.0,0.0,200.0,500.0,2,2,9,0,0,1,15.885623510722796,68.80392156862744,6.166666666666667,16.12390786338364,1,1,2022,5,0
12220.0,203,1417,24000.0,5.0,Birthday,4,0.0,0.0,300.0,500.0,0,1,16,0,1,2,16.92524682651622,59.90196078431372,6.946078431372549,14.315937940761636,11,4,2025,5,3
13248.0,155,66,20000.0,7.0,Birthday,4,0.0,0.0,300.0,500.0,0,2,10,0,1,1,298.5074626865672,84.92307692307692,0.4230769230769231,231.34328358208953,5,2,2024,5,1
11752.0,42,3577,21000.0,7.0,Corporate Event,3,0.0,0.0,100.0,200.0,1,1,18,0,0,0,5.869200670765791,273.30232558139534,83.18604651162791,1.1738401341531581,10,4,2022,1,3
13949.0,249,22215,19000.0,0.0,Corporate Event,4,0.0,0.0,300.0,500.0,1,0,16,0,1,0,0.8552394670507742,55.796,88.86,1.120813827871804,6,2,2022,4,2
9950.0,42,3577,17000.0,0.0,Wedding,1,0.0,0.0,200.0,500.0,2,2,11,0,0,2,4.751257685858021,231.3953488372093,83.18604651162791,1.1738401341531581,3,1,2025,0,1
14431.0,252,1608,22000.0,7.0,Corporate Event,3,0.0,0.0,300.0,500.0,1,2,10,0,1,2,13.673088875077688,57.0395256916996,6.355731225296442,15.661901802361717,4,2,2023,1,1
5769.0,239,4101,15000.0,0.0,Wedding,4,0.0,0.0,200.0,400.0,2,0,0,0,1,2,3.6567528035104826,24.0375,17.0875,5.826426133593369,11,4,2023,3,3
478.0,42,3577,15000.0,2.0,Wedding,5,0.0,0.0,300.0,500.0,2,2,2,0,1,0,4.192286193404136,11.116279069767442,83.18604651162791,1.1738401341531581,11,4,2022,4,3
12428.0,176,3661,13000.0,18.0,Wedding,1,0.0,0.0,200.0,400.0,2,0,8,0,1,0,3.5499726925177497,70.21468926553672,20.683615819209038,4.8061168760240305,8,3,2023,4,2
14073.0,155,66,13000.0,0.0,Corporate Event,5,0.0,0.0,200.0,400.0,1,0,0,0,1,0,194.02985074626866,90.21153846153847,0.4230769230769231,231.34328358208953,7,3,2023,1,2
9863.0,203,1417,20000.0,0.0,Birthday,5,0.0,0.0,300.0,500.0,0,2,16,0,1,0,14.104372355430183,48.34803921568628,6.946078431372549,14.315937940761636,11,4,2022,4,3
14615.0,176,3661,23000.0,4.0,Wedding,1,0.0,0.0,300.0,500.0,2,1,17,0,0,0,6.280720917531403,82.57062146892656,20.683615819209038,4.8061168760240305,5,2,2025,6,1
3854.0,155,66,15000.0,2.0,Corporate Event,4,0.0,0.0,300.0,500.0,1,2,2,0,1,1,223.88059701492537,24.705128205128204,0.4230769230769231,231.34328358208953,12,4,2023,6,0
3866.0,155,66,15000.0,12.0,Birthday,3,0.0,0.0,200.0,500.0,0,1,9,0,0,1,223.88059701492537,24.78205128205128,0.4230769230769231,231.34328358208953,9,3,2023,1,3
9435.0,203,1258,15000.0,5.0,Corporate Event,3,0.0,0.0,300.0,500.0,1,1,5,0,1,0,11.914217633042098,46.25,6.166666666666667,16.12390786338364,7,3,2023,2,2
2052.0,42,3577,25000.0,8.0,Wedding,4,0.0,0.0,100.0,200.0,2,2,18,0,0,2,6.98714365567356,47.72093023255814,83.18604651162791,1.1738401341531581,12,4,2025,2,0
1855.0,203,1417,15000.0,7.0,Corporate Event,5,0.0,0.0,300.0,500.0,1,2,10,0,1,2,10.578279266572638,9.093137254901961,6.946078431372549,14.315937940761636,12,4,2025,5,0
14490.0,203,1417,26000.0,10.0,Wedding,2,0.0,0.0,300.0,500.0,2,0,10,0,1,0,18.33568406205924,71.02941176470588,6.946078431372549,14.315937940761636,5,2,2023,0,1
3919.0,42,3577,13000.0,14.0,Wedding,3,0.0,0.0,200.0,400.0,2,2,0,0,1,1,3.6333147009502516,91.13953488372093,83.18604651162791,1.1738401341531581,2,1,2022,0,0
3458.0,202,1983,19000.0,2.0,Wedding,5,0.0,0.0,100.0,200.0,2,2,4,0,0,1,9.576612903225806,17.03448275862069,9.768472906403941,10.181451612903226,10,4,2024,5,3
13518.0,155,66,26000.0,2.0,Corporate Event,2,0.0,0.0,200.0,400.0,1,0,1,0,1,2,388.05970149253733,86.65384615384616,0.4230769230769231,231.34328358208953,7,3,2023,5,2
1327.0,252,1608,19000.0,7.0,Corporate Event,4,0.0,0.0,300.0,500.0,1,0,5,0,1,1,11.808576755748913,5.24505928853755,6.355731225296442,15.661901802361717,8,3,2025,0,2
7686.0,126,4896,15000.0,3.0,Birthday,5,0.0,0.0,200.0,500.0,0,2,9,0,0,2,3.06309985705534,60.51968503937008,38.55118110236221,2.5730038799264854,3,1,2024,4,1
4857.0,176,3661,21000.0,11.0,Birthday,1,0.0,0.0,200.0,400.0,0,1,0,0,1,2,5.734571272528673,27.440677966101696,20.683615819209038,4.8061168760240305,8,3,2023,3,2
875.0,298,962,21000.0,0.0,Birthday,2,0.0,0.0,100.0,200.0,0,0,4,0,0,0,21.806853582554517,2.9264214046822743,3.217391304347826,30.944963655244027,11,4,2023,2,3
484.0,239,4101,12000.0,8.0,Corporate Event,5,0.0,0.0,300.0,500.0,1,2,2,0,1,1,2.9254022428083863,2.0166666666666666,17.0875,5.826426133593369,7,3,2023,0,2
6361.0,249,22215,12000.0,14.0,Wedding,1,0.0,0.0,200.0,400.0,2,2,0,0,1,2,0.5401512423478574,25.444,88.86,1.120813827871804,7,3,2025,5,2
11107.0,249,22215,20000.0,0.0,Wedding,1,0.0,0.0,200.0,400.0,2,2,6,0,1,2,0.9002520705797623,44.428,88.86,1.120813827871804,7,3,2023,2,2
966.0,203,1258,25000.0,8.0,Corporate Event,4,0.0,0.0,300.0,500.0,1,2,2,0,1,1,19.857029388403493,4.735294117647059,6.166666666666667,16.12390786338364,7,3,2024,5,2
14033.0,202,1983,22000.0,0.0,Corporate Event,2,0.0,0.0,100.0,200.0,1,0,4,0,0,1,11.088709677419354,69.12807881773399,9.768472906403941,10.181451612903226,10,4,2023,3,3
12728.0,202,1983,24000.0,7.0,Wedding,2,0.0,0.0,100.0,200.0,2,1,18,0,0,0,12.096774193548388,62.69950738916256,9.768472906403941,10.181451612903226,1,1,2022,2,0
7748.0,252,1608,19000.0,2.0,Birthday,1,0.0,0.0,200.0,400.0,0,2,7,0,1,2,11.808576755748913,30.624505928853754,6.355731225296442,15.661901802361717,12,4,2023,6,0
12778.0,126,4896,21000.0,5.0,Birthday,2,0.0,0.0,300.0,500.0,0,2,14,0,1,0,4.288339799877476,100.61417322834646,38.55118110236221,2.5730038799264854,1,1,2024,2,0
5964.0,126,4896,22000.0,4.0,Wedding,5,0.0,0.0,300.0,500.0,2,0,2,0,1,0,4.492546457014499,46.960629921259844,38.55118110236221,2.5730038799264854,1,1,2025,0,0
9794.0,203,1258,26000.0,9.0,Wedding,1,0.0,0.0,300.0,500.0,2,2,5,0,1,1,20.651310563939635,48.009803921568626,6.166666666666667,16.12390786338364,2,1,2024,0,0
12201.0,239,4101,21000.0,10.0,Birthday,4,0.0,0.0,300.0,500.0,0,0,10,0,1,2,5.1194539249146755,50.8375,17.0875,5.826426133593369,7,3,2024,1,2
1566.0,229,3480,20000.0,0.0,Wedding,3,0.0,0.0,100.0,200.0,2,2,3,0,0,1,5.745475438092502,6.808695652173913,15.130434782608695,6.578569376615915,9,3,2022,3,3
6225.0,126,4896,22000.0,3.0,Corporate Event,3,0.0,0.0,100.0,200.0,1,0,18,0,0,2,4.492546457014499,49.01574803149607,38.55118110236221,2.5730038799264854,8,3,2025,4,2
5330.0,239,4101,13000.0,2.0,Birthday,1,0.0,0.0,300.0,500.0,0,2,2,0,1,0,3.1691857630424183,22.208333333333332,17.0875,5.826426133593369,11,4,2025,2,3
3215.0,298,962,23000.0,0.0,Birthday,1,0.0,0.0,200.0,400.0,0,0,0,0,1,1,23.883696780893043,10.752508361204013,3.217391304347826,30.944963655244027,1,1,2022,5,0
7856.0,298,962,23000.0,14.0,Wedding,5,0.0,0.0,300.0,500.0,2,1,10,0,1,1,23.883696780893043,26.274247491638796,3.217391304347826,30.944963655244027,3,1,2024,6,1
13713.0,126,4896,24000.0,2.0,Wedding,2,0.0,0.0,200.0,400.0,2,2,12,0,1,1,4.900959771288544,107.97637795275591,38.55118110236221,2.5730038799264854,5,2,2023,4,1
7543.0,252,1608,21000.0,3.0,Wedding,4,0.0,0.0,200.0,500.0,2,2,9,0,0,1,13.05158483530143,29.81422924901186,6.355731225296442,15.661901802361717,7,3,2022,2,2
2854.0,176,3661,20000.0,20.0,Corporate Event,3,0.0,0.0,300.0,500.0,1,2,17,0,0,1,5.461496450027307,16.124293785310734,20.683615819209038,4.8061168760240305,6,2,2024,4,2
878.0,126,4896,22000.0,8.0,Corporate Event,3,0.0,0.0,300.0,500.0,1,2,2,0,1,2,4.492546457014499,6.913385826771654,38.55118110236221,2.5730038799264854,10,4,2023,2,3
7840.0,202,1983,26000.0,5.0,Birthday,4,0.0,0.0,300.0,500.0,0,1,16,0,1,2,13.10483870967742,38.62068965517241,9.768472906403941,10.181451612903226,5,2,2022,3,1
6889.0,202,1983,23000.0,10.0,Wedding,3,0.0,0.0,200.0,400.0,2,2,0,0,1,0,11.59274193548387,33.935960591133004,9.768472906403941,10.181451612903226,1,1,2023,1,0
14357.0,126,4896,13000.0,20.0,Birthday,1,0.0,0.0,200.0,400.0,0,2,8,0,1,2,2.6546865427812945,113.04724409448819,38.55118110236221,2.5730038799264854,7,3,2024,5,2
4956.0,252,1608,12000.0,5.0,Corporate Event,2,0.0,0.0,300.0,500.0,1,1,16,0,1,0,7.458048477315103,19.58893280632411,6.355731225296442,15.661901802361717,6,2,2024,3,2
1491.0,126,4896,22000.0,6.0,Corporate Event,1,0.0,0.0,200.0,400.0,1,1,7,0,1,2,4.492546457014499,11.740157480314961,38.55118110236221,2.5730038799264854,11,4,2024,5,3
8126.0,249,22215,25000.0,2.0,Corporate Event,2,0.0,0.0,300.0,500.0,1,2,2,0,1,0,1.125315088224703,32.504,88.86,1.120813827871804,3,1,2024,3,1
6772.0,155,66,24000.0,11.0,Corporate Event,1,0.0,0.0,200.0,400.0,1,1,0,0,1,2,358.2089552238806,43.41025641025641,0.4230769230769231,231.34328358208953,2,1,2025,3,0
9998.0,239,4101,25000.0,0.0,Corporate Event,5,0.0,0.0,200.0,400.0,1,0,7,0,1,1,6.094588005850804,41.65833333333333,17.0875,5.826426133593369,2,1,2025,4,0
8239.0,298,962,25000.0,0.0,Corporate Event,3,0.0,0.0,100.0,200.0,1,1,15,0,0,1,25.96053997923157,27.555183946488295,3.217391304347826,30.944963655244027,6,2,2023,0,2
83750.0,203,1258,20000.0,13.0,Wedding,5,0.0,0.0,200.0,400.0,2,1,8,0,1,0,15.885623510722796,410.53921568627453,6.166666666666667,16.12390786338364,4,2,2024,5,1
7152.0,249,22215,13000.0,6.0,Corporate Event,5,0.0,0.0,200.0,400.0,1,1,7,0,1,2,0.5851638458768456,28.608,88.86,1.120813827871804,10,4,2023,6,3
753.0,203,1417,24000.0,20.0,Birthday,4,0.0,0.0,300.0,500.0,0,2,17,0,0,0,16.92524682651622,3.6911764705882355,6.946078431372549,14.315937940761636,3,1,2022,2,1
12952.0,155,66,21000.0,2.0,Birthday,3,0.0,0.0,200.0,400.0,0,0,1,0,1,1,313.43283582089555,83.02564102564102,0.4230769230769231,231.34328358208953,3,1,2022,4,1
14253.0,155,66,26000.0,16.0,Birthday,3,0.0,0.0,200.0,400.0,0,2,8,0,1,1,388.05970149253733,91.36538461538461,0.4230769230769231,231.34328358208953,4,2,2022,2,1
6328.0,126,4896,21000.0,7.0,Wedding,3,0.0,0.0,100.0,200.0,2,2,4,0,0,1,4.288339799877476,49.826771653543304,38.55118110236221,2.5730038799264854,1,1,2022,3,0
8746.0,202,1983,19000.0,10.0,Corporate Event,5,0.0,0.0,200.0,400.0,1,2,6,0,1,2,9.576612903225806,43.083743842364534,9.768472906403941,10.181451612903226,6,2,2025,1,2
11066.0,239,4101,22000.0,7.0,Corporate Event,4,0.0,0.0,300.0,500.0,1,2,10,0,1,1,5.363237445148708,46.108333333333334,17.0875,5.826426133593369,6,2,2024,5,2
5848.0,155,66,19000.0,12.0,Wedding,5,0.0,0.0,200.0,500.0,2,1,9,0,0,1,283.5820895522388,37.48717948717949,0.4230769230769231,231.34328358208953,4,2,2023,2,1
69640.0,202,1983,21000.0,0.0,Corporate Event,2,0.0,0.0,300.0,500.0,1,0,16,0,1,1,10.584677419354838,343.0541871921182,9.768472906403941,10.181451612903226,9,3,2022,3,3
6737.0,239,4101,19000.0,10.0,Corporate Event,5,0.0,0.0,200.0,400.0,1,2,6,0,1,2,4.631886884446612,28.070833333333333,17.0875,5.826426133593369,5,2,2022,4,1
6036.0,203,1258,17000.0,16.0,Wedding,4,0.0,0.0,200.0,400.0,2,2,13,0,1,2,13.502779984114376,29.58823529411765,6.166666666666667,16.12390786338364,9,3,2022,3,3
12406.0,249,22215,20000.0,7.0,Corporate Event,1,0.0,0.0,100.0,200.0,1,0,15,0,0,0,0.9002520705797623,49.624,88.86,1.120813827871804,4,2,2022,6,1
10490.0,298,962,15000.0,5.0,Birthday,4,0.0,0.0,300.0,500.0,0,1,5,0,1,2,15.576323987538942,35.08361204013378,3.217391304347826,30.944963655244027,12,4,2023,4,0
13338.0,42,3577,12000.0,3.0,Birthday,5,0.0,0.0,200.0,400.0,0,1,12,0,1,0,3.3538289547233093,310.1860465116279,83.18604651162791,1.1738401341531581,12,4,2022,5,0
554.0,155,66,21000.0,7.0,Corporate Event,3,0.0,0.0,100.0,200.0,1,2,4,0,0,1,313.43283582089555,3.551282051282051,0.4230769230769231,231.34328358208953,3,1,2025,5,1
11682.0,229,3480,21000.0,3.0,Corporate Event,1,0.0,0.0,100.0,200.0,1,0,18,0,0,1,6.032749209997127,50.791304347826085,15.130434782608695,6.578569376615915,1,1,2025,2,0
5114.0,155,66,19000.0,0.0,Wedding,1,0.0,0.0,300.0,500.0,2,0,16,0,1,1,283.5820895522388,32.782051282051285,0.4230769230769231,231.34328358208953,11,4,2022,4,3
6760.0,229,3480,23000.0,10.0,Birthday,5,0.0,0.0,100.0,200.0,0,1,4,0,0,0,6.607296753806377,29.391304347826086,15.130434782608695,6.578569376615915,11,4,2022,3,3
9201.0,229,3480,23000.0,20.0,Corporate Event,3,0.0,0.0,300.0,500.0,1,2,17,0,0,2,6.607296753806377,40.004347826086956,15.130434782608695,6.578569376615915,11,4,2023,4,3
2169.0,176,3661,15000.0,0.0,Wedding,1,0.0,0.0,300.0,500.0,2,0,16,0,1,0,4.09612233752048,12.254237288135593,20.683615819209038,4.8061168760240305,10,4,2024,5,3
10295.0,126,4896,15000.0,10.0,Wedding,3,0.0,0.0,200.0,400.0,2,2,6,0,1,1,3.06309985705534,81.06299212598425,38.55118110236221,2.5730038799264854,5,2,2022,1,1
210.0,203,1417,19000.0,0.0,Wedding,4,0.0,0.0,200.0,400.0,2,0,6,0,1,2,13.399153737658674,1.0294117647058822,6.946078431372549,14.315937940761636,12,4,2025,0,0
7595.0,42,3577,26000.0,0.0,Corporate Event,2,0.0,0.0,300.0,500.0,1,0,14,0,1,1,7.266629401900503,176.62790697674419,83.18604651162791,1.1738401341531581,8,3,2023,0,2
1779.0,252,1608,25000.0,0.0,Birthday,2,0.0,0.0,100.0,200.0,0,0,4,0,0,0,15.537600994406464,7.031620553359684,6.355731225296442,15.661901802361717,6,2,2024,1,2
6931.0,298,962,22000.0,10.0,Corporate Event,3,0.0,0.0,100.0,200.0,1,2,3,0,0,2,22.84527518172378,23.180602006688964,3.217391304347826,30.944963655244027,10,4,2023,5,3
10289.0,298,962,21000.0,8.0,Wedding,3,0.0,0.0,100.0,200.0,2,2,18,0,0,1,21.806853582554517,34.41137123745819,3.217391304347826,30.944963655244027,11,4,2023,0,3
13502.0,42,3577,24000.0,4.0,Birthday,5,0.0,0.0,300.0,500.0,0,1,17,0,0,1,6.707657909446619,314.0,83.18604651162791,1.1738401341531581,10,4,2022,2,3
9875.0,249,22215,17000.0,2.0,Wedding,5,0.0,0.0,300.0,500.0,2,2,10,0,1,1,0.765214259992798,39.5,88.86,1.120813827871804,12,4,2022,5,0
3652.0,176,3661,12000.0,10.0,Corporate Event,5,0.0,0.0,200.0,500.0,1,0,11,0,0,1,3.2768978700163847,20.63276836158192,20.683615819209038,4.8061168760240305,10,4,2024,3,3
13003.0,239,4101,24000.0,9.0,Birthday,1,0.0,0.0,300.0,500.0,0,2,5,0,1,0,5.850804485616773,54.17916666666667,17.0875,5.826426133593369,6,2,2025,5,2
5635.0,298,962,25000.0,16.0,Corporate Event,3,0.0,0.0,200.0,500.0,1,2,9,0,0,1,25.96053997923157,18.846153846153847,3.217391304347826,30.944963655244027,1,1,2022,5,0
8083.0,42,3577,15000.0,7.0,Birthday,1,0.0,0.0,100.0,200.0,0,2,4,0,0,0,4.192286193404136,187.97674418604652,83.18604651162791,1.1738401341531581,3,1,2025,3,1
12458.0,155,66,17000.0,0.0,Wedding,1,0.0,0.0,200.0,400.0,2,0,6,0,1,2,253.73134328358208,79.85897435897436,0.4230769230769231,231.34328358208953,8,3,2022,6,2
13731.0,176,3661,15000.0,4.0,Birthday,3,0.0,0.0,200.0,400.0,0,2,1,0,1,1,4.09612233752048,77.57627118644068,20.683615819209038,4.8061168760240305,8,3,2025,4,2
2903.0,252,1608,15000.0,2.0,Birthday,3,0.0,0.0,200.0,400.0,0,2,7,0,1,1,9.322560596643878,11.474308300395258,6.355731225296442,15.661901802361717,9,3,2024,3,3
8410.0,229,3480,13000.0,4.0,Wedding,2,0.0,0.0,300.0,500.0,2,2,5,0,1,1,3.7345590347601263,36.56521739130435,15.130434782608695,6.578569376615915,4,2,2025,3,1
5924.0,252,1608,15000.0,0.0,Birthday,3,0.0,0.0,200.0,400.0,0,0,0,0,1,0,9.322560596643878,23.41501976284585,6.355731225296442,15.661901802361717,11,4,2025,1,3
3232.0,252,1608,12000.0,16.0,Corporate Event,2,0.0,0.0,300.0,500.0,1,2,14,0,1,1,7.458048477315103,12.774703557312254,6.355731225296442,15.661901802361717,12,4,2022,1,0
3214.0,42,3577,12000.0,3.0,Wedding,3,0.0,0.0,100.0,200.0,2,0,18,0,0,0,3.3538289547233093,74.74418604651163,83.18604651162791,1.1738401341531581,3,1,2023,1,1
11002.0,155,66,19000.0,3.0,Wedding,2,0.0,0.0,200.0,400.0,2,1,12,0,1,0,283.5820895522388,70.52564102564102,0.4230769230769231,231.34328358208953,2,1,2023,2,0
10562.0,203,1258,15000.0,9.0,Birthday,3,0.0,0.0,300.0,500.0,0,1,14,0,1,2,11.914217633042098,51.77450980392157,6.166666666666667,16.12390786338364,9,3,2024,1,3
11868.0,239,4101,22000.0,16.0,Corporate Event,5,0.0,0.0,200.0,400.0,1,2,8,0,1,2,5.363237445148708,49.45,17.0875,5.826426133593369,6,2,2022,6,2
4160.0,298,962,13000.0,4.0,Birthday,2,0.0,0.0,300.0,500.0,0,1,17,0,0,0,13.499480789200415,13.91304347826087,3.217391304347826,30.944963655244027,4,2,2023,1,1
7618.0,203,1417,25000.0,8.0,Birthday,1,0.0,0.0,100.0,200.0,0,2,18,0,0,1,17.63046544428773,37.34313725490196,6.946078431372549,14.315937940761636,2,1,2022,1,0
6925.0,229,3480,19000.0,0.0,Birthday,2,0.0,0.0,200.0,400.0,0,0,12,0,1,0,5.458201666187877,30.108695652173914,15.130434782608695,6.578569376615915,6,2,2024,5,2
7173.0,249,22215,21000.0,11.0,Corporate Event,5,0.0,0.0,200.0,400.0,1,1,0,0,1,1,0.9452646741087505,28.692,88.86,1.120813827871804,11,4,2022,2,3
13141.0,298,962,19000.0,5.0,Corporate Event,2,0.0,0.0,300.0,500.0,1,1,5,0,1,0,19.73001038421599,43.94983277591973,3.217391304347826,30.944963655244027,8,3,2025,2,2
6941.0,239,4101,13000.0,10.0,Birthday,3,0.0,0.0,100.0,200.0,0,1,4,0,0,1,3.1691857630424183,28.920833333333334,17.0875,5.826426133593369,7,3,2022,5,2
2319.0,202,1983,12000.0,10.0,Wedding,4,0.0,0.0,100.0,200.0,2,1,4,0,0,2,6.048387096774194,11.423645320197044,9.768472906403941,10.181451612903226,11,4,2024,4,3
6746.0,176,3661,13000.0,9.0,Wedding,5,0.0,0.0,300.0,500.0,2,2,5,0,1,2,3.5499726925177497,38.112994350282484,20.683615819209038,4.8061168760240305,6,2,2023,4,2
750.0,203,1258,23000.0,0.0,Corporate Event,1,0.0,0.0,200.0,500.0,1,2,11,0,0,1,18.268467037331217,3.676470588235294,6.166666666666667,16.12390786338364,6,2,2025,1,2
7680.0,203,1417,24000.0,15.0,Corporate Event,5,0.0,0.0,200.0,400.0,1,1,1,0,1,0,16.92524682651622,37.64705882352941,6.946078431372549,14.315937940761636,2,1,2022,5,0
1089.0,203,1417,19000.0,0.0,Birthday,3,0.0,0.0,200.0,400.0,0,1,13,0,1,0,13.399153737658674,5.338235294117647,6.946078431372549,14.315937940761636,11,4,2023,2,3
2968.0,252,1608,24000.0,9.0,Wedding,1,0.0,0.0,200.0,400.0,2,1,6,0,1,2,14.916096954630206,11.731225296442688,6.355731225296442,15.661901802361717,9,3,2022,2,3
12489.0,249,22215,20000.0,10.0,Birthday,1,0.0,0.0,300.0,500.0,0,0,10,0,1,1,0.9002520705797623,49.956,88.86,1.120813827871804,8,3,2025,3,2
1271.0,155,66,17000.0,0.0,Wedding,1,0.0,0.0,100.0,200.0,2,0,3,0,0,0,253.73134328358208,8.147435897435898,0.4230769230769231,231.34328358208953,10,4,2025,4,3
2059.0,239,4101,21000.0,9.0,Wedding,4,0.0,0.0,300.0,500.0,2,2,5,0,1,2,5.1194539249146755,8.579166666666667,17.0875,5.826426133593369,5,2,2024,4,1
4298.0,202,1983,20000.0,0.0,Birthday,1,0.0,0.0,200.0,400.0,0,0,7,0,1,0,10.080645161290322,21.17241379310345,9.768472906403941,10.181451612903226,3,1,2025,3,1
6124.0,202,1983,24000.0,2.0,Corporate Event,1,0.0,0.0,200.0,400.0,1,2,13,0,1,0,12.096774193548388,30.167487684729064,9.768472906403941,10.181451612903226,6,2,2022,3,2
14748.0,203,1258,13000.0,20.0,Corporate Event,3,0.0,0.0,200.0,400.0,1,2,8,0,1,1,10.325655281969818,72.29411764705883,6.166666666666667,16.12390786338364,6,2,2023,6,2
8753.0,252,1608,19000.0,15.0,Corporate Event,5,0.0,0.0,200.0,400.0,1,1,1,0,1,0,11.808576755748913,34.59683794466403,6.355731225296442,15.661901802361717,10,4,2025,2,3
13058.0,249,22215,22000.0,10.0,Corporate Event,3,0.0,0.0,200.0,400.0,1,2,0,0,1,1,0.9902772776377385,52.232,88.86,1.120813827871804,1,1,2024,3,0
3613.0,203,1417,21000.0,3.0,Wedding,1,0.0,0.0,200.0,500.0,2,2,9,0,0,0,14.809590973201692,17.71078431372549,6.946078431372549,14.315937940761636,1,1,2023,3,0
13938.0,126,4896,26000.0,0.0,Corporate Event,3,0.0,0.0,200.0,400.0,1,0,12,0,1,2,5.309373085562589,109.74803149606299,38.55118110236221,2.5730038799264854,9,3,2022,6,3
5331.0,155,66,23000.0,20.0,Birthday,4,0.0,0.0,300.0,500.0,0,2,17,0,0,1,343.2835820895522,34.17307692307692,0.4230769230769231,231.34328358208953,11,4,2025,6,3
8757.0,229,3480,12000.0,16.0,Wedding,5,0.0,0.0,200.0,400.0,2,2,8,0,1,1,3.4472852628555013,38.073913043478264,15.130434782608695,6.578569376615915,1,1,2023,1,0
8734.0,249,22215,12000.0,4.0,Wedding,4,0.0,0.0,100.0,200.0,2,2,18,0,0,0,0.5401512423478574,34.936,88.86,1.120813827871804,4,2,2024,0,1
8533.0,239,4101,24000.0,10.0,Birthday,1,0.0,0.0,100.0,200.0,0,1,4,0,0,0,5.850804485616773,35.55416666666667,17.0875,5.826426133593369,12,4,2022,5,0
9128.0,203,1417,12000.0,3.0,Birthday,5,0.0,0.0,200.0,400.0,0,1,12,0,1,0,8.46262341325811,44.745098039215684,6.946078431372549,14.315937940761636,5,2,2022,6,1
4191.0,203,1417,15000.0,10.0,Corporate Event,4,0.0,0.0,100.0,200.0,1,1,4,0,0,2,10.578279266572638,20.544117647058822,6.946078431372549,14.315937940761636,1,1,2022,4,0
8590.0,126,4896,24000.0,18.0,Corporate Event,4,0.0,0.0,200.0,400.0,1,0,8,0,1,0,4.900959771288544,67.63779527559055,38.55118110236221,2.5730038799264854,7,3,2025,3,2
9220.0,203,1417,25000.0,4.0,Birthday,2,0.0,0.0,200.0,400.0,0,2,1,0,1,0,17.63046544428773,45.19607843137255,6.946078431372549,14.315937940761636,10,4,2024,1,3
8144.0,176,3661,22000.0,2.0,Corporate Event,3,0.0,0.0,300.0,500.0,1,2,2,0,1,1,6.007646095030038,46.01129943502825,20.683615819209038,4.8061168760240305,9,3,2022,5,3
36690.0,298,962,22000.0,9.0,Corporate Event,2,0.0,0.0,300.0,500.0,1,2,5,0,1,0,22.84527518172378,122.70903010033445,3.217391304347826,30.944963655244027,5,2,2024,6,1
4207.0,42,3577,24000.0,20.0,Corporate Event,3,0.0,0.0,300.0,500.0,1,2,17,0,0,0,6.707657909446619,97.83720930232558,83.18604651162791,1.1738401341531581,7,3,2022,1,2
11640.0,252,1608,20000.0,9.0,Wedding,5,0.0,0.0,300.0,500.0,2,1,14,0,1,1,12.430080795525171,46.00790513833992,6.355731225296442,15.661901802361717,8,3,2022,0,2
7392.0,155,66,21000.0,3.0,Birthday,3,0.0,0.0,100.0,200.0,0,0,18,0,0,1,313.43283582089555,47.38461538461539,0.4230769230769231,231.34328358208953,11,4,2022,5,3
7282.0,126,4896,17000.0,0.0,Birthday,3,0.0,0.0,100.0,200.0,0,0,4,0,0,1,3.471513171329385,57.338582677165356,38.55118110236221,2.5730038799264854,10,4,2024,6,3
11728.0,229,3480,25000.0,7.0,Corporate Event,1,0.0,0.0,100.0,200.0,1,2,4,0,0,2,7.181844297615628,50.99130434782609,15.130434782608695,6.578569376615915,9,3,2025,4,3
7205.0,203,1417,20000.0,5.0,Birthday,5,0.0,0.0,300.0,500.0,0,1,5,0,1,1,14.104372355430183,35.318627450980394,6.946078431372549,14.315937940761636,1,1,2024,2,0
11008.0,239,4101,23000.0,3.0,Wedding,1,0.0,0.0,200.0,500.0,2,1,11,0,0,2,5.60702096538274,45.86666666666667,17.0875,5.826426133593369,9,3,2025,1,3
14366.0,249,22215,24000.0,0.0,Wedding,5,0.0,0.0,300.0,500.0,2,0,16,0,1,1,1.0803024846957148,57.464,88.86,1.120813827871804,11,4,2022,6,3
12235.0,155,66,24000.0,9.0,Corporate Event,2,0.0,0.0,200.0,400.0,1,1,6,0,1,1,358.2089552238806,78.42948717948718,0.4230769230769231,231.34328358208953,1,1,2024,2,0
3151.0,298,962,23000.0,3.0,Corporate Event,2,0.0,0.0,200.0,500.0,1,2,9,0,0,1,23.883696780893043,10.538461538461538,3.217391304347826,30.944963655244027,2,1,2025,4,0
5179.0,298,962,26000.0,20.0,Wedding,1,0.0,0.0,300.0,500.0,2,2,17,0,0,0,26.99896157840083,17.321070234113712,3.217391304347826,30.944963655244027,9,3,2022,3,3
1771.0,249,22215,25000.0,4.0,Wedding,4,0.0,0.0,100.0,200.0,2,2,18,0,0,2,1.125315088224703,7.084,88.86,1.120813827871804,4,2,2022,6,1
8288.0,298,962,21000.0,4.0,Birthday,4,0.0,0.0,300.0,500.0,0,2,5,0,1,0,21.806853582554517,27.7190635451505,3.217391304347826,30.944963655244027,10,4,2022,4,3
4674.0,249,22215,24000.0,0.0,Wedding,2,0.0,0.0,200.0,400.0,2,1,13,0,1,2,1.0803024846957148,18.696,88.86,1.120813827871804,3,1,2022,3,1
9104.0,202,1983,25000.0,10.0,Birthday,4,0.0,0.0,200.0,400.0,0,2,6,0,1,0,12.600806451612904,44.847290640394085,9.768472906403941,10.181451612903226,10,4,2022,4,3
11334.0,203,1258,23000.0,3.0,Corporate Event,2,0.0,0.0,200.0,400.0,1,1,12,0,1,0,18.268467037331217,55.55882352941177,6.166666666666667,16.12390786338364,11,4,2022,2,3
4697.0,252,1608,21000.0,10.0,Corporate Event,4,0.0,0.0,200.0,400.0,1,2,0,0,1,0,13.05158483530143,18.565217391304348,6.355731225296442,15.661901802361717,6,2,2025,0,2
5371.0,203,1417,15000.0,2.0,Corporate Event,2,0.0,0.0,200.0,400.0,1,2,7,0,1,1,10.578279266572638,26.32843137254902,6.946078431372549,14.315937940761636,2,1,2024,5,0
14267.0,42,3577,26000.0,10.0,Corporate Event,1,0.0,0.0,100.0,200.0,1,2,3,0,0,0,7.266629401900503,331.7906976744186,83.18604651162791,1.1738401341531581,12,4,2024,2,0
2630.0,155,66,15000.0,0.0,Corporate Event,3,0.0,0.0,300.0,500.0,1,2,16,0,1,0,223.88059701492537,16.858974358974358,0.4230769230769231,231.34328358208953,11,4,2022,6,3
8094.0,42,3577,24000.0,16.0,Birthday,4,0.0,0.0,200.0,400.0,0,2,8,0,1,0,6.707657909446619,188.2325581395349,83.18604651162791,1.1738401341531581,4,2,2022,5,1
12537.0,252,1608,17000.0,0.0,Wedding,5,0.0,0.0,300.0,500.0,2,2,16,0,1,1,10.565568676196396,49.55335968379447,6.355731225296442,15.661901802361717,1,1,2022,3,0
10145.0,203,1258,19000.0,16.0,Wedding,5,0.0,0.0,200.0,500.0,2,2,11,0,0,0,15.091342335186656,49.73039215686274,6.166666666666667,16.12390786338364,9,3,2023,5,3
8040.0,298,962,20000.0,14.0,Corporate Event,3,0.0,0.0,300.0,500.0,1,1,10,0,1,0,20.768431983385256,26.889632107023413,3.217391304347826,30.944963655244027,4,2,2025,0,1
53120.0,239,4101,22000.0,10.0,Corporate Event,4,0.0,0.0,200.0,400.0,1,2,6,0,1,0,5.363237445148708,221.33333333333334,17.0875,5.826426133593369,8,3,2023,0,2
11054.0,42,3577,15000.0,0.0,Birthday,1,0.0,0.0,100.0,200.0,0,2,3,0,0,2,4.192286193404136,257.06976744186045,83.18604651162791,1.1738401341531581,10,4,2023,2,3
9538.0,249,22215,23000.0,2.0,Birthday,2,0.0,0.0,300.0,500.0,0,2,2,0,1,0,1.0352898811667266,38.152,88.86,1.120813827871804,12,4,2023,6,0
10772.0,203,1417,25000.0,15.0,Corporate Event,3,0.0,0.0,200.0,400.0,1,1,1,0,1,1,17.63046544428773,52.80392156862745,6.946078431372549,14.315937940761636,9,3,2025,0,3
1357.0,249,22215,22000.0,0.0,Wedding,5,0.0,0.0,200.0,400.0,2,2,6,0,1,1,0.9902772776377385,5.428,88.86,1.120813827871804,8,3,2024,6,2
9752.0,239,4101,25000.0,16.0,Birthday,4,0.0,0.0,200.0,500.0,0,2,9,0,0,2,6.094588005850804,40.63333333333333,17.0875,5.826426133593369,7,3,2025,0,2
4246.0,126,4896,17000.0,2.0,Corporate Event,3,0.0,0.0,100.0,200.0,1,2,4,0,0,1,3.471513171329385,33.43307086614173,38.55118110236221,2.5730038799264854,7,3,2023,6,2
7324.0,202,1983,19000.0,16.0,Wedding,5,0.0,0.0,200.0,500.0,2,2,9,0,0,1,9.576612903225806,36.07881773399015,9.768472906403941,10.181451612903226,2,1,2025,1,0
820.0,229,3480,22000.0,16.0,Wedding,2,0.0,0.0,200.0,500.0,2,2,11,0,0,0,6.320022981901753,3.5652173913043477,15.130434782608695,6.578569376615915,12,4,2023,0,0
14517.0,126,4896,24000.0,3.0,Wedding,4,0.0,0.0,100.0,200.0,2,0,18,0,0,0,4.900959771288544,114.30708661417323,38.55118110236221,2.5730038799264854,8,3,2023,4,2
36280.0,249,22215,23000.0,3.0,Birthday,1,0.0,0.0,100.0,200.0,0,0,18,0,0,2,1.0352898811667266,145.12,88.86,1.120813827871804,8,3,2023,5,2
4025.0,202,1983,22000.0,4.0,Wedding,5,0.0,0.0,300.0,500.0,2,1,17,0,0,2,11.088709677419354,19.82758620689655,9.768472906403941,10.181451612903226,11,4,2025,4,3
9493.0,298,962,25000.0,2.0,Birthday,4,0.0,0.0,200.0,400.0,0,2,7,0,1,0,25.96053997923157,31.74916387959866,3.217391304347826,30.944963655244027,1,1,2023,6,0
5763.0,298,962,15000.0,5.0,Corporate Event,2,0.0,0.0,300.0,500.0,1,1,5,0,1,2,15.576323987538942,19.274247491638796,3.217391304347826,30.944963655244027,8,3,2025,1,2
10964.0,202,1983,23000.0,1.0,Corporate Event,1,0.0,0.0,100.0,200.0,1,2,15,0,0,0,11.59274193548387,54.00985221674877,9.768472906403941,10.181451612903226,7,3,2025,3,2
145870.0,203,1258,25000.0,0.0,Corporate Event,3,0.0,0.0,200.0,400.0,1,0,7,0,1,1,19.857029388403493,715.0490196078431,6.166666666666667,16.12390786338364,8,3,2022,5,2
9992.0,203,1258,25000.0,8.0,Corporate Event,2,0.0,0.0,300.0,500.0,1,2,2,0,1,0,19.857029388403493,48.98039215686274,6.166666666666667,16.12390786338364,11,4,2023,4,3
732.0,252,1608,22000.0,20.0,Birthday,4,0.0,0.0,200.0,400.0,0,2,8,0,1,0,13.673088875077688,2.8932806324110674,6.355731225296442,15.661901802361717,6,2,2022,1,2
8373.0,252,1608,26000.0,6.0,Birthday,3,0.0,0.0,200.0,400.0,0,1,7,0,1,1,16.159105034182723,33.094861660079054,6.355731225296442,15.661901802361717,2,1,2024,1,0
2562.0,176,3661,20000.0,10.0,Corporate Event,5,0.0,0.0,100.0,200.0,1,1,4,0,0,0,5.461496450027307,14.474576271186441,20.683615819209038,4.8061168760240305,8,3,2022,2,2
11669.0,202,1983,24000.0,10.0,Corporate Event,4,0.0,0.0,200.0,500.0,1,0,11,0,0,1,12.096774193548388,57.48275862068966,9.768472906403941,10.181451612903226,8,3,2024,3,2
2510.0,155,66,19000.0,10.0,Wedding,5,0.0,0.0,200.0,400.0,2,2,0,0,1,0,283.5820895522388,16.08974358974359,0.4230769230769231,231.34328358208953,1,1,2023,6,0
5729.0,42,3577,24000.0,0.0,Birthday,2,0.0,0.0,100.0,200.0,0,1,15,0,0,2,6.707657909446619,133.2325581395349,83.18604651162791,1.1738401341531581,4,2,2023,3,1
7345.0,42,3577,21000.0,0.0,Wedding,5,0.0,0.0,100.0,200.0,2,2,15,0,0,0,5.869200670765791,170.8139534883721,83.18604651162791,1.1738401341531581,8,3,2023,1,2
2138.0,239,4101,23000.0,4.0,Birthday,1,0.0,0.0,300.0,500.0,0,2,5,0,1,0,5.60702096538274,8.908333333333333,17.0875,5.826426133593369,2,1,2022,2,0
8413.0,176,3661,24000.0,7.0,Wedding,2,0.0,0.0,300.0,500.0,2,0,5,0,1,2,6.553795740032769,47.53107344632768,20.683615819209038,4.8061168760240305,9,3,2023,1,3
11458.0,176,3661,22000.0,4.0,Corporate Event,5,0.0,0.0,300.0,500.0,1,2,5,0,1,2,6.007646095030038,64.73446327683615,20.683615819209038,4.8061168760240305,9,3,2025,5,3
4771.0,155,66,13000.0,5.0,Birthday,1,0.0,0.0,100.0,200.0,0,1,3,0,0,2,194.02985074626866,30.583333333333332,0.4230769230769231,231.34328358208953,4,2,2024,0,1
1651.0,176,3661,25000.0,11.0,Corporate Event,2,0.0,0.0,200.0,400.0,1,1,0,0,1,1,6.826870562534134,9.32768361581921,20.683615819209038,4.8061168760240305,11,4,2025,1,3
10596.0,203,1258,12000.0,0.0,Wedding,3,0.0,0.0,200.0,400.0,2,0,12,0,1,1,9.531374106433677,51.94117647058823,6.166666666666667,16.12390786338364,8,3,2025,0,2
13108.0,298,962,23000.0,0.0,Corporate Event,2,0.0,0.0,100.0,200.0,1,2,3,0,0,1,23.883696780893043,43.83946488294314,3.217391304347826,30.944963655244027,9,3,2024,1,3
13508.0,203,1258,20000.0,13.0,Corporate Event,5,0.0,0.0,200.0,400.0,1,1,8,0,1,0,15.885623510722796,66.2156862745098,6.166666666666667,16.12390786338364,11,4,2024,3,3
3860.0,239,4101,22000.0,14.0,Birthday,4,0.0,0.0,300.0,500.0,0,1,10,0,1,2,5.363237445148708,16.083333333333332,17.0875,5.826426133593369,9,3,2022,4,3
1328.0,203,1258,23000.0,10.0,Wedding,4,0.0,0.0,200.0,500.0,2,0,11,0,0,2,18.268467037331217,6.509803921568627,6.166666666666667,16.12390786338364,2,1,2023,2,0
12816.0,239,4101,19000.0,0.0,Wedding,3,0.0,0.0,200.0,400.0,2,0,0,0,1,2,4.631886884446612,53.4,17.0875,5.826426133593369,12,4,2022,0,0
11491.0,249,22215,15000.0,2.0,Birthday,2,0.0,0.0,300.0,500.0,0,2,2,0,1,0,0.6751890529348218,45.964,88.86,1.120813827871804,10,4,2023,3,3
1163.0,298,962,21000.0,4.0,Birthday,5,0.0,0.0,300.0,500.0,0,1,17,0,0,1,21.806853582554517,3.8896321070234112,3.217391304347826,30.944963655244027,8,3,2022,0,2
8466.0,252,1608,20000.0,4.0,Birthday,3,0.0,0.0,200.0,400.0,0,2,1,0,1,0,12.430080795525171,33.462450592885375,6.355731225296442,15.661901802361717,7,3,2025,3,2
808.0,42,3577,17000.0,20.0,Wedding,3,0.0,0.0,200.0,400.0,2,2,8,0,1,1,4.751257685858021,18.790697674418606,83.18604651162791,1.1738401341531581,3,1,2024,5,1
12444.0,203,1417,12000.0,9.0,Corporate Event,2,0.0,0.0,200.0,400.0,1,1,6,0,1,0,8.46262341325811,61.0,6.946078431372549,14.315937940761636,4,2,2022,0,1
2010.0,252,1608,20000.0,10.0,Corporate Event,2,0.0,0.0,200.0,500.0,1,0,11,0,0,0,12.430080795525171,7.944664031620554,6.355731225296442,15.661901802361717,2,1,2023,3,0
8260.0,249,22215,12000.0,0.0,Wedding,3,0.0,0.0,300.0,500.0,2,2,16,0,1,0,0.5401512423478574,33.04,88.86,1.120813827871804,6,2,2024,4,2
2950.0,239,4101,12000.0,2.0,Corporate Event,2,0.0,0.0,200.0,400.0,1,2,7,0,1,2,2.9254022428083863,12.291666666666666,17.0875,5.826426133593369,7,3,2022,6,2
8916.0,298,962,23000.0,16.0,Wedding,1,0.0,0.0,200.0,400.0,2,2,13,0,1,0,23.883696780893043,29.819397993311036,3.217391304347826,30.944963655244027,3,1,2025,6,1
8914.0,155,66,26000.0,5.0,Wedding,2,0.0,0.0,300.0,500.0,2,2,14,0,1,2,388.05970149253733,57.14102564102564,0.4230769230769231,231.34328358208953,10,4,2024,4,3
403.0,252,1608,25000.0,2.0,Wedding,2,0.0,0.0,200.0,400.0,2,0,1,0,1,1,15.537600994406464,1.592885375494071,6.355731225296442,15.661901802361717,1,1,2022,5,0
1983.0,249,22215,21000.0,7.0,Birthday,5,0.0,0.0,100.0,200.0,0,2,4,0,0,0,0.9452646741087505,7.932,88.86,1.120813827871804,1,1,2025,6,0
11089.0,298,962,12000.0,9.0,Corporate Event,3,0.0,0.0,300.0,500.0,1,2,5,0,1,2,12.461059190031152,37.08695652173913,3.217391304347826,30.944963655244027,5,2,2023,0,1
11755.0,239,4101,22000.0,2.0,Birthday,1,0.0,0.0,300.0,500.0,0,2,2,0,1,0,5.363237445148708,48.979166666666664,17.0875,5.826426133593369,9,3,2022,5,3
2973.0,203,1258,25000.0,0.0,Birthday,3,0.0,0.0,300.0,500.0,0,0,17,0,0,0,19.857029388403493,14.573529411764707,6.166666666666667,16.12390786338364,7,3,2022,4,2
8930.0,203,1258,12000.0,7.0,Corporate Event,3,0.0,0.0,100.0,200.0,1,2,4,0,0,2,9.531374106433677,43.77450980392157,6.166666666666667,16.12390786338364,9,3,2025,5,3
4215.0,202,1983,20000.0,2.0,Corporate Event,5,0.0,0.0,200.0,400.0,1,2,7,0,1,0,10.080645161290322,20.763546798029555,9.768472906403941,10.181451612903226,2,1,2024,3,0
14490.0,176,3661,23000.0,0.0,Corporate Event,2,0.0,0.0,100.0,200.0,1,0,3,0,0,2,6.280720917531403,81.86440677966101,20.683615819209038,4.8061168760240305,2,1,2025,4,0
5144.0,239,4101,19000.0,4.0,Wedding,2,0.0,0.0,100.0,200.0,2,2,18,0,0,2,4.631886884446612,21.433333333333334,17.0875,5.826426133593369,10,4,2024,6,3
12094.0,249,22215,24000.0,0.0,Wedding,5,0.0,0.0,200.0,400.0,2,0,13,0,1,2,1.0803024846957148,48.376,88.86,1.120813827871804,2,1,2022,6,0
9843.0,42,3577,17000.0,13.0,Corporate Event,3,0.0,0.0,200.0,400.0,1,1,8,0,1,1,4.751257685858021,228.90697674418604,83.18604651162791,1.1738401341531581,8,3,2024,0,2
13335.0,126,4896,19000.0,2.0,Corporate Event,1,0.0,0.0,300.0,500.0,1,2,2,0,1,2,3.8799264856034306,105.0,38.55118110236221,2.5730038799264854,4,2,2022,2,1
14651.0,126,4896,12000.0,20.0,Corporate Event,2,0.0,0.0,200.0,400.0,1,2,8,0,1,2,2.450479885644272,115.36220472440945,38.55118110236221,2.5730038799264854,6,2,2022,5,2
2694.0,229,3480,17000.0,9.0,Wedding,3,0.0,0.0,300.0,500.0,2,2,5,0,1,2,4.883654122378627,11.71304347826087,15.130434782608695,6.578569376615915,2,1,2025,5,0
3357.0,203,1417,26000.0,0.0,Birthday,3,0.0,0.0,200.0,400.0,0,0,6,0,1,1,18.33568406205924,16.455882352941178,6.946078431372549,14.315937940761636,6,2,2024,6,2
3844.0,298,962,25000.0,5.0,Birthday,4,0.0,0.0,300.0,500.0,0,1,5,0,1,2,25.96053997923157,12.856187290969899,3.217391304347826,30.944963655244027,11,4,2025,0,3
4560.0,126,4896,22000.0,3.0,Wedding,1,0.0,0.0,200.0,500.0,2,1,11,0,0,0,4.492546457014499,35.90551181102362,38.55118110236221,2.5730038799264854,9,3,2025,6,3
5357.0,298,962,15000.0,1.0,Birthday,2,0.0,0.0,100.0,200.0,0,2,15,0,0,1,15.576323987538942,17.91638795986622,3.217391304347826,30.944963655244027,4,2,2025,4,1
1927.0,176,3661,13000.0,0.0,Birthday,1,0.0,0.0,100.0,200.0,0,2,15,0,0,0,3.5499726925177497,10.887005649717514,20.683615819209038,4.8061168760240305,8,3,2022,0,2
6241.0,126,4896,15000.0,5.0,Wedding,1,0.0,0.0,300.0,500.0,2,2,14,0,1,1,3.06309985705534,49.14173228346457,38.55118110236221,2.5730038799264854,8,3,2022,4,2
9178.0,42,3577,12000.0,14.0,Wedding,5,0.0,0.0,200.0,400.0,2,2,0,0,1,0,3.3538289547233093,213.4418604651163,83.18604651162791,1.1738401341531581,7,3,2023,2,2
5370.0,298,962,25000.0,2.0,Wedding,4,0.0,0.0,300.0,500.0,2,2,10,0,1,1,25.96053997923157,17.959866220735787,3.217391304347826,30.944963655244027,12,4,2023,1,0
1188.0,155,66,13000.0,3.0,Birthday,1,0.0,0.0,100.0,200.0,0,0,18,0,0,1,194.02985074626866,7.615384615384615,0.4230769230769231,231.34328358208953,5,2,2024,6,1
3569.0,203,1258,12000.0,20.0,Wedding,5,0.0,0.0,200.0,400.0,2,2,8,0,1,2,9.531374106433677,17.495098039215687,6.166666666666667,16.12390786338364,6,2,2024,2,2
5058.0,155,66,24000.0,5.0,Wedding,2,0.0,0.0,300.0,500.0,2,2,14,0,1,0,358.2089552238806,32.42307692307692,0.4230769230769231,231.34328358208953,5,2,2022,0,1
8397.0,249,22215,22000.0,20.0,Wedding,5,0.0,0.0,300.0,500.0,2,2,17,0,0,2,0.9902772776377385,33.588,88.86,1.120813827871804,6,2,2025,6,2
5444.0,155,66,13000.0,10.0,Wedding,2,0.0,0.0,200.0,400.0,2,2,0,0,1,0,194.02985074626866,34.8974358974359,0.4230769230769231,231.34328358208953,11,4,2022,3,3
9181.0,42,3577,23000.0,9.0,Birthday,3,0.0,0.0,300.0,500.0,0,1,14,0,1,2,6.428172163219676,213.51162790697674,83.18604651162791,1.1738401341531581,2,1,2022,4,0
95450.0,298,962,21000.0,0.0,Corporate Event,5,0.0,0.0,300.0,500.0,1,0,17,0,0,2,21.806853582554517,319.2307692307692,3.217391304347826,30.944963655244027,11,4,2025,4,3
4324.0,202,1983,21000.0,2.0,Corporate Event,4,0.0,0.0,100.0,200.0,1,2,4,0,0,1,10.584677419354838,21.300492610837438,9.768472906403941,10.181451612903226,2,1,2024,3,0
9993.0,239,4101,19000.0,0.0,Wedding,3,0.0,0.0,200.0,400.0,2,2,6,0,1,1,4.631886884446612,41.6375,17.0875,5.826426133593369,8,3,2022,5,2
13765.0,155,66,24000.0,9.0,Corporate Event,4,0.0,0.0,300.0,500.0,1,2,5,0,1,0,358.2089552238806,88.23717948717949,0.4230769230769231,231.34328358208953,12,4,2023,2,0
6082.0,42,3577,15000.0,0.0,Birthday,3,0.0,0.0,300.0,500.0,0,0,14,0,1,2,4.192286193404136,141.4418604651163,83.18604651162791,1.1738401341531581,3,1,2022,3,1
4172.0,252,1608,17000.0,3.0,Birthday,5,0.0,0.0,100.0,200.0,0,0,18,0,0,1,10.565568676196396,16.490118577075098,6.355731225296442,15.661901802361717,6,2,2025,0,2
10467.0,252,1608,25000.0,7.0,Birthday,5,0.0,0.0,100.0,200.0,0,1,18,0,0,2,15.537600994406464,41.37154150197628,6.355731225296442,15.661901802361717,7,3,2025,0,2
10459.0,202,1983,12000.0,0.0,Birthday,4,0.0,0.0,300.0,500.0,0,0,14,0,1,0,6.048387096774194,51.522167487684726,9.768472906403941,10.181451612903226,11,4,2025,5,3
14307.0,249,22215,21000.0,9.0,Wedding,4,0.0,0.0,300.0,500.0,2,1,14,0,1,0,0.9452646741087505,57.228,88.86,1.120813827871804,7,3,2024,0,2
5505.0,252,1608,15000.0,2.0,Birthday,5,0.0,0.0,200.0,400.0,0,2,7,0,1,1,9.322560596643878,21.75889328063241,6.355731225296442,15.661901802361717,5,2,2024,0,1
120610.0,203,1258,20000.0,0.0,Birthday,1,0.0,0.0,300.0,500.0,0,0,16,0,1,0,15.885623510722796,591.2254901960785,6.166666666666667,16.12390786338364,8,3,2025,3,2
10500.0,252,1608,26000.0,5.0,Wedding,4,0.0,0.0,100.0,200.0,2,1,3,0,0,1,16.159105034182723,41.50197628458498,6.355731225296442,15.661901802361717,4,2,2024,5,1
1008.0,176,3661,26000.0,7.0,Corporate Event,4,0.0,0.0,100.0,200.0,1,1,18,0,0,2,7.099945385035499,5.694915254237288,20.683615819209038,4.8061168760240305,1,1,2023,3,0
1638.0,155,66,12000.0,16.0,Corporate Event,2,0.0,0.0,200.0,500.0,1,2,11,0,0,2,179.1044776119403,10.5,0.4230769230769231,231.34328358208953,6,2,2022,1,2
3868.0,176,3661,23000.0,3.0,Birthday,3,0.0,0.0,200.0,500.0,0,1,11,0,0,1,6.280720917531403,21.853107344632768,20.683615819209038,4.8061168760240305,4,2,2025,5,1
4400.0,203,1417,26000.0,0.0,Birthday,4,0.0,0.0,300.0,500.0,0,2,16,0,1,0,18.33568406205924,21.568627450980394,6.946078431372549,14.315937940761636,9,3,2022,4,3
6272.0,229,3480,13000.0,7.0,Wedding,4,0.0,0.0,100.0,200.0,2,1,18,0,0,1,3.7345590347601263,27.269565217391303,15.130434782608695,6.578569376615915,12,4,2024,6,0
1840.0,42,3577,19000.0,0.0,Corporate Event,3,0.0,0.0,200.0,500.0,1,2,11,0,0,1,5.310229178311906,42.7906976744186,83.18604651162791,1.1738401341531581,10,4,2022,1,3
14950.0,203,1417,25000.0,8.0,Wedding,4,0.0,0.0,100.0,200.0,2,2,18,0,0,0,17.63046544428773,73.2843137254902,6.946078431372549,14.315937940761636,5,2,2024,1,1
835.0,42,3577,26000.0,0.0,Wedding,1,0.0,0.0,100.0,200.0,2,1,15,0,0,0,7.266629401900503,19.41860465116279,83.18604651162791,1.1738401341531581,12,4,2024,3,0
13036.0,203,1258,12000.0,0.0,Wedding,5,0.0,0.0,100.0,200.0,2,1,15,0,0,2,9.531374106433677,63.90196078431372,6.166666666666667,16.12390786338364,1,1,2022,5,0
7291.0,249,22215,26000.0,12.0,Wedding,4,0.0,0.0,200.0,500.0,2,1,9,0,0,2,1.1703276917536911,29.164,88.86,1.120813827871804,5,2,2024,1,1
12537.0,202,1983,26000.0,2.0,Wedding,1,0.0,0.0,200.0,500.0,2,0,9,0,0,1,13.10483870967742,61.758620689655174,9.768472906403941,10.181451612903226,8,3,2022,1,2
558.0,203,1417,26000.0,0.0,Birthday,4,0.0,0.0,200.0,400.0,0,0,6,0,1,1,18.33568406205924,2.735294117647059,6.946078431372549,14.315937940761636,9,3,2023,6,3
10692.0,298,962,21000.0,14.0,Wedding,4,0.0,0.0,300.0,500.0,2,1,10,0,1,0,21.806853582554517,35.759197324414714,3.217391304347826,30.944963655244027,6,2,2024,1,2
7908.0,202,1983,20000.0,14.0,Wedding,1,0.0,0.0,300.0,500.0,2,1,10,0,1,1,10.080645161290322,38.95566502463054,9.768472906403941,10.181451612903226,10,4,2024,6,3
1664.0,249,22215,17000.0,9.0,Wedding,1,0.0,0.0,300.0,500.0,2,2,5,0,1,2,0.765214259992798,6.656,88.86,1.120813827871804,9,3,2022,4,3
7994.0,202,1983,12000.0,10.0,Wedding,5,0.0,0.0,200.0,400.0,2,2,0,0,1,2,6.048387096774194,39.37931034482759,9.768472906403941,10.181451612903226,3,1,2025,2,1
1715.0,202,1983,12000.0,0.0,Birthday,4,0.0,0.0,300.0,500.0,0,2,16,0,1,1,6.048387096774194,8.448275862068966,9.768472906403941,10.181451612903226,2,1,2024,2,0
7499.0,42,3577,22000.0,5.0,Corporate Event,3,0.0,0.0,100.0,200.0,1,1,3,0,0,1,6.148686416992733,174.3953488372093,83.18604651162791,1.1738401341531581,1,1,2022,4,0
11944.0,202,1983,19000.0,8.0,Corporate Event,5,0.0,0.0,100.0,200.0,1,2,18,0,0,2,9.576612903225806,58.83743842364532,9.768472906403941,10.181451612903226,12,4,2024,1,0
8540.0,155,66,13000.0,10.0,Corporate Event,5,0.0,0.0,300.0,500.0,1,0,10,0,1,1,194.02985074626866,54.743589743589745,0.4230769230769231,231.34328358208953,4,2,2023,0,1
10609.0,176,3661,23000.0,10.0,Corporate Event,4,0.0,0.0,200.0,400.0,1,2,6,0,1,2,6.280720917531403,59.93785310734463,20.683615819209038,4.8061168760240305,12,4,2023,0,0
7386.0,176,3661,19000.0,8.0,Wedding,3,0.0,0.0,100.0,200.0,2,2,18,0,0,1,5.188421627525942,41.728813559322035,20.683615819209038,4.8061168760240305,4,2,2025,1,1
12785.0,155,66,24000.0,20.0,Wedding,2,0.0,0.0,300.0,500.0,2,2,17,0,0,0,358.2089552238806,81.9551282051282,0.4230769230769231,231.34328358208953,11,4,2023,6,3
2491.0,239,4101,13000.0,1.0,Corporate Event,4,0.0,0.0,100.0,200.0,1,2,15,0,0,0,3.1691857630424183,10.379166666666666,17.0875,5.826426133593369,1,1,2022,0,0
13865.0,229,3480,22000.0,0.0,Wedding,2,0.0,0.0,300.0,500.0,2,0,16,0,1,2,6.320022981901753,60.28260869565217,15.130434782608695,6.578569376615915,2,1,2024,3,0
9411.0,155,66,26000.0,3.0,Wedding,2,0.0,0.0,200.0,400.0,2,1,12,0,1,2,388.05970149253733,60.32692307692308,0.4230769230769231,231.34328358208953,5,2,2023,1,1
9977.0,249,22215,25000.0,0.0,Birthday,4,0.0,0.0,200.0,400.0,0,1,13,0,1,0,1.125315088224703,39.908,88.86,1.120813827871804,6,2,2025,2,2
12772.0,176,3661,20000.0,3.0,Corporate Event,3,0.0,0.0,200.0,400.0,1,2,12,0,1,2,5.461496450027307,72.15819209039547,20.683615819209038,4.8061168760240305,5,2,2024,4,1
1327.0,202,1983,24000.0,4.0,Birthday,4,0.0,0.0,300.0,500.0,0,2,5,0,1,1,12.096774193548388,6.536945812807882,9.768472906403941,10.181451612903226,7,3,2022,0,2
3561.0,155,66,22000.0,14.0,Birthday,3,0.0,0.0,200.0,400.0,0,2,0,0,1,2,328.35820895522386,22.826923076923077,0.4230769230769231,231.34328358208953,4,2,2024,5,1
1034.0,239,4101,24000.0,9.0,Birthday,5,0.0,0.0,300.0,500.0,0,2,5,0,1,1,5.850804485616773,4.308333333333334,17.0875,5.826426133593369,5,2,2023,5,1
501.0,249,22215,19000.0,16.0,Corporate Event,5,0.0,0.0,200.0,500.0,1,2,11,0,0,2,0.8552394670507742,2.004,88.86,1.120813827871804,3,1,2024,6,1
5860.0,126,4896,17000.0,0.0,Wedding,3,0.0,0.0,100.0,200.0,2,2,3,0,0,1,3.471513171329385,46.14173228346457,38.55118110236221,2.5730038799264854,12,4,2022,2,0
10784.0,202,1983,24000.0,0.0,Birthday,5,0.0,0.0,200.0,400.0,0,0,12,0,1,2,12.096774193548388,53.12315270935961,9.768472906403941,10.181451612903226,8,3,2022,5,2
12149.0,176,3661,13000.0,0.0,Corporate Event,5,0.0,0.0,100.0,200.0,1,2,15,0,0,0,3.5499726925177497,68.63841807909604,20.683615819209038,4.8061168760240305,7,3,2022,5,2
11462.0,203,1258,17000.0,16.0,Wedding,4,0.0,0.0,200.0,400.0,2,2,13,0,1,1,13.502779984114376,56.18627450980392,6.166666666666667,16.12390786338364,10,4,2024,5,3
10136.0,126,4896,17000.0,0.0,Birthday,2,0.0,0.0,100.0,200.0,0,0,3,0,0,2,3.471513171329385,79.81102362204724,38.55118110236221,2.5730038799264854,11,4,2023,5,3
7750.0,203,1258,21000.0,2.0,Birthday,2,0.0,0.0,200.0,400.0,0,2,7,0,1,0,16.679904686258936,37.990196078431374,6.166666666666667,16.12390786338364,7,3,2024,4,2
141040.0,252,1608,19000.0,14.0,Birthday,2,0.0,0.0,300.0,500.0,0,1,10,0,1,2,11.808576755748913,557.4703557312253,6.355731225296442,15.661901802361717,2,1,2022,5,0
11209.0,298,962,21000.0,10.0,Wedding,5,0.0,0.0,100.0,200.0,2,1,4,0,0,0,21.806853582554517,37.48829431438127,3.217391304347826,30.944963655244027,5,2,2025,5,1
9974.0,202,1983,19000.0,14.0,Birthday,3,0.0,0.0,200.0,400.0,0,2,0,0,1,1,9.576612903225806,49.13300492610838,9.768472906403941,10.181451612903226,4,2,2024,5,1
1512.0,203,1258,23000.0,0.0,Birthday,3,0.0,0.0,300.0,500.0,0,2,16,0,1,0,18.268467037331217,7.411764705882353,6.166666666666667,16.12390786338364,11,4,2024,0,3
6615.0,42,3577,12000.0,3.0,Corporate Event,2,0.0,0.0,100.0,200.0,1,0,18,0,0,1,3.3538289547233093,153.8372093023256,83.18604651162791,1.1738401341531581,12,4,2024,2,0
14261.0,42,3577,24000.0,4.0,Birthday,3,0.0,0.0,300.0,500.0,0,2,5,0,1,1,6.707657909446619,331.6511627906977,83.18604651162791,1.1738401341531581,9,3,2024,2,3
3595.0,249,22215,23000.0,8.0,Wedding,1,0.0,0.0,300.0,500.0,2,2,2,0,1,0,1.0352898811667266,14.38,88.86,1.120813827871804,2,1,2023,6,0
646.0,155,66,26000.0,10.0,Corporate Event,1,0.0,0.0,200.0,500.0,1,0,11,0,0,0,388.05970149253733,4.141025641025641,0.4230769230769231,231.34328358208953,3,1,2022,3,1
967.0,298,962,20000.0,0.0,Corporate Event,3,0.0,0.0,100.0,200.0,1,1,15,0,0,0,20.768431983385256,3.234113712374582,3.217391304347826,30.944963655244027,8,3,2025,6,2
11098.0,298,962,25000.0,10.0,Corporate Event,3,0.0,0.0,200.0,400.0,1,2,6,0,1,1,25.96053997923157,37.11705685618729,3.217391304347826,30.944963655244027,2,1,2023,4,0
11478.0,202,1983,21000.0,9.0,Birthday,1,0.0,0.0,300.0,500.0,0,1,14,0,1,1,10.584677419354838,56.54187192118226,9.768472906403941,10.181451612903226,5,2,2023,2,1
8781.0,203,1417,19000.0,8.0,Wedding,3,0.0,0.0,300.0,500.0,2,2,2,0,1,2,13.399153737658674,43.044117647058826,6.946078431372549,14.315937940761636,3,1,2023,2,1
92940.0,229,3480,21000.0,3.0,Corporate Event,1,0.0,0.0,100.0,200.0,1,0,18,0,0,1,6.032749209997127,404.0869565217391,15.130434782608695,6.578569376615915,8,3,2024,0,2
10790.0,176,3661,25000.0,20.0,Birthday,5,0.0,0.0,300.0,500.0,0,2,17,0,0,0,6.826870562534134,60.96045197740113,20.683615819209038,4.8061168760240305,12,4,2022,0,0
11443.0,42,3577,22000.0,2.0,Birthday,5,0.0,0.0,300.0,500.0,0,2,2,0,1,2,6.148686416992733,266.1162790697674,83.18604651162791,1.1738401341531581,4,2,2024,3,1
10508.0,203,1258,12000.0,16.0,Wedding,5,0.0,0.0,200.0,400.0,2,2,13,0,1,0,9.531374106433677,51.509803921568626,6.166666666666667,16.12390786338364,6,2,2023,2,2
10015.0,229,3480,26000.0,8.0,Birthday,2,0.0,0.0,300.0,500.0,0,2,2,0,1,1,7.469118069520253,43.54347826086956,15.130434782608695,6.578569376615915,7,3,2023,6,2
14145.0,176,3661,17000.0,2.0,Wedding,2,0.0,0.0,200.0,400.0,2,2,13,0,1,0,4.642271982523211,79.91525423728814,20.683615819209038,4.8061168760240305,1,1,2022,5,0
13893.0,252,1608,26000.0,0.0,Corporate Event,2,0.0,0.0,100.0,200.0,1,1,15,0,0,1,16.159105034182723,54.91304347826087,6.355731225296442,15.661901802361717,1,1,2022,0,0
872.0,126,4896,23000.0,3.0,Corporate Event,2,0.0,0.0,100.0,200.0,1,0,18,0,0,1,4.696753114151521,6.866141732283465,38.55118110236221,2.5730038799264854,12,4,2025,2,0
10416.0,249,22215,21000.0,16.0,Birthday,5,0.0,0.0,200.0,500.0,0,2,9,0,0,1,0.9452646741087505,41.664,88.86,1.120813827871804,10,4,2024,4,3
2921.0,126,4896,26000.0,10.0,Wedding,1,0.0,0.0,200.0,400.0,2,2,0,0,1,0,5.309373085562589,23.0,38.55118110236221,2.5730038799264854,8,3,2023,4,2
8136.0,126,4896,23000.0,4.0,Wedding,4,0.0,0.0,300.0,500.0,2,1,17,0,0,0,4.696753114151521,64.06299212598425,38.55118110236221,2.5730038799264854,3,1,2022,5,1
10402.0,203,1258,25000.0,0.0,Wedding,2,0.0,0.0,100.0,200.0,2,2,3,0,0,0,19.857029388403493,50.990196078431374,6.166666666666667,16.12390786338364,10,4,2025,1,3
12653.0,203,1258,22000.0,2.0,Corporate Event,5,0.0,0.0,200.0,400.0,1,2,7,0,1,1,17.474185861795075,62.02450980392157,6.166666666666667,16.12390786338364,7,3,2024,4,2
10042.0,239,4101,19000.0,14.0,Corporate Event,4,0.0,0.0,200.0,400.0,1,2,0,0,1,1,4.631886884446612,41.84166666666667,17.0875,5.826426133593369,8,3,2024,1,2
8278.0,126,4896,13000.0,7.0,Birthday,1,0.0,0.0,300.0,500.0,0,0,5,0,1,2,2.6546865427812945,65.18110236220473,38.55118110236221,2.5730038799264854,9,3,2023,1,3
5833.0,298,962,22000.0,2.0,Birthday,4,0.0,0.0,300.0,500.0,0,2,2,0,1,1,22.84527518172378,19.50836120401338,3.217391304347826,30.944963655244027,3,1,2022,2,1
7845.0,249,22215,19000.0,2.0,Wedding,4,0.0,0.0,300.0,500.0,2,2,10,0,1,1,0.8552394670507742,31.38,88.86,1.120813827871804,11,4,2023,4,3
12813.0,298,962,13000.0,2.0,Corporate Event,1,0.0,0.0,300.0,500.0,1,2,2,0,1,2,13.499480789200415,42.852842809364546,3.217391304347826,30.944963655244027,6,2,2025,2,2
7254.0,126,4896,15000.0,20.0,Corporate Event,5,0.0,0.0,300.0,500.0,1,2,17,0,0,0,3.06309985705534,57.118110236220474,38.55118110236221,2.5730038799264854,1,1,2022,2,0
13920.0,126,4896,21000.0,0.0,Wedding,5,0.0,0.0,100.0,200.0,2,1,15,0,0,2,4.288339799877476,109.60629921259843,38.55118110236221,2.5730038799264854,7,3,2025,5,2
14238.0,298,962,20000.0,10.0,Wedding,1,0.0,0.0,100.0,200.0,2,1,4,0,0,2,20.768431983385256,47.618729096989966,3.217391304347826,30.944963655244027,10,4,2024,5,3
12343.0,252,1608,22000.0,16.0,Wedding,5,0.0,0.0,200.0,400.0,2,2,13,0,1,2,13.673088875077688,48.78656126482213,6.355731225296442,15.661901802361717,2,1,2024,0,0
2998.0,203,1417,26000.0,15.0,Wedding,3,0.0,0.0,200.0,400.0,2,1,1,0,1,2,18.33568406205924,14.696078431372548,6.946078431372549,14.315937940761636,7,3,2024,2,2
3426.0,252,1608,25000.0,9.0,Corporate Event,1,0.0,0.0,300.0,500.0,1,1,14,0,1,2,15.537600994406464,13.541501976284586,6.355731225296442,15.661901802361717,3,1,2025,5,1
10817.0,203,1417,19000.0,14.0,Birthday,1,0.0,0.0,300.0,500.0,0,1,10,0,1,2,13.399153737658674,53.02450980392157,6.946078431372549,14.315937940761636,1,1,2025,4,0
10826.0,176,3661,23000.0,2.0,Wedding,4,0.0,0.0,200.0,400.0,2,2,12,0,1,1,6.280720917531403,61.163841807909606,20.683615819209038,4.8061168760240305,6,2,2023,2,2
12791.0,176,3661,25000.0,0.0,Corporate Event,2,0.0,0.0,100.0,200.0,1,2,3,0,0,2,6.826870562534134,72.26553672316385,20.683615819209038,4.8061168760240305,12,4,2022,5,0
9751.0,155,66,13000.0,2.0,Corporate Event,5,0.0,0.0,200.0,400.0,1,2,13,0,1,1,194.02985074626866,62.506410256410255,0.4230769230769231,231.34328358208953,9,3,2024,2,3
11953.0,229,3480,23000.0,0.0,Birthday,2,0.0,0.0,200.0,400.0,0,0,6,0,1,1,6.607296753806377,51.969565217391306,15.130434782608695,6.578569376615915,10,4,2024,2,3
9998.0,249,22215,17000.0,7.0,Birthday,5,0.0,0.0,100.0,200.0,0,0,15,0,0,2,0.765214259992798,39.992,88.86,1.120813827871804,6,2,2022,2,2
6260.0,298,962,26000.0,5.0,Wedding,2,0.0,0.0,100.0,200.0,2,1,3,0,0,0,26.99896157840083,20.93645484949833,3.217391304347826,30.944963655244027,8,3,2024,6,2
5492.0,203,1258,26000.0,3.0,Wedding,3,0.0,0.0,200.0,500.0,2,1,11,0,0,0,20.651310563939635,26.92156862745098,6.166666666666667,16.12390786338364,4,2,2023,6,1
13711.0,249,22215,23000.0,3.0,Corporate Event,1,0.0,0.0,200.0,500.0,1,1,11,0,0,2,1.0352898811667266,54.844,88.86,1.120813827871804,7,3,2024,3,2
4218.0,229,3480,13000.0,0.0,Wedding,2,0.0,0.0,100.0,200.0,2,0,4,0,0,1,3.7345590347601263,18.339130434782607,15.130434782608695,6.578569376615915,8,3,2023,6,2
1632.0,155,66,12000.0,2.0,Corporate Event,2,0.0,0.0,200.0,400.0,1,2,13,0,1,2,179.1044776119403,10.461538461538462,0.4230769230769231,231.34328358208953,5,2,2025,0,1
11730.0,239,4101,19000.0,7.0,Corporate Event,3,0.0,0.0,100.0,200.0,1,2,4,0,0,1,4.631886884446612,48.875,17.0875,5.826426133593369,12,4,2023,3,0
6000.0,252,1608,23000.0,3.0,Wedding,5,0.0,0.0,200.0,500.0,2,1,11,0,0,1,14.294592914853947,23.715415019762847,6.355731225296442,15.661901802361717,10,4,2024,4,3
14314.0,298,962,24000.0,2.0,Wedding,1,0.0,0.0,200.0,400.0,2,2,7,0,1,0,24.922118380062305,47.87290969899666,3.217391304347826,30.944963655244027,6,2,2023,0,2
10416.0,229,3480,15000.0,0.0,Corporate Event,3,0.0,0.0,100.0,200.0,1,1,15,0,0,2,4.309106578569376,45.28695652173913,15.130434782608695,6.578569376615915,5,2,2024,2,1
6243.0,229,3480,22000.0,0.0,Wedding,4,0.0,0.0,300.0,500.0,2,0,17,0,0,1,6.320022981901753,27.143478260869564,15.130434782608695,6.578569376615915,6,2,2023,1,2
11764.0,126,4896,12000.0,9.0,Corporate Event,2,0.0,0.0,200.0,400.0,1,1,6,0,1,1,2.450479885644272,92.62992125984252,38.55118110236221,2.5730038799264854,2,1,2023,5,0
3892.0,249,22215,15000.0,14.0,Corporate Event,4,0.0,0.0,300.0,500.0,1,1,10,0,1,0,0.6751890529348218,15.568,88.86,1.120813827871804,1,1,2024,0,0
9375.0,298,962,21000.0,2.0,Corporate Event,2,0.0,0.0,200.0,400.0,1,2,7,0,1,1,21.806853582554517,31.354515050167223,3.217391304347826,30.944963655244027,5,2,2025,3,1
8589.0,249,22215,17000.0,20.0,Corporate Event,1,0.0,0.0,200.0,400.0,1,2,8,0,1,1,0.765214259992798,34.356,88.86,1.120813827871804,1,1,2024,1,0
11241.0,239,4101,12000.0,6.0,Corporate Event,2,0.0,0.0,300.0,500.0,1,1,2,0,1,2,2.9254022428083863,46.8375,17.0875,5.826426133593369,10,4,2025,1,3
3353.0,202,1983,23000.0,13.0,Corporate Event,4,0.0,0.0,200.0,400.0,1,1,8,0,1,2,11.59274193548387,16.517241379310345,9.768472906403941,10.181451612903226,1,1,2025,4,0
14135.0,249,22215,17000.0,12.0,Birthday,3,0.0,0.0,200.0,500.0,0,1,9,0,0,1,0.765214259992798,56.54,88.86,1.120813827871804,4,2,2022,4,1
1464.0,239,4101,24000.0,2.0,Corporate Event,5,0.0,0.0,300.0,500.0,1,2,10,0,1,2,5.850804485616773,6.1,17.0875,5.826426133593369,10,4,2023,5,3
8275.0,203,1417,26000.0,10.0,Corporate Event,4,0.0,0.0,200.0,400.0,1,2,0,0,1,0,18.33568406205924,40.56372549019608,6.946078431372549,14.315937940761636,8,3,2024,4,2
2765.0,203,1417,15000.0,7.0,Wedding,1,0.0,0.0,300.0,500.0,2,2,10,0,1,1,10.578279266572638,13.553921568627452,6.946078431372549,14.315937940761636,6,2,2025,0,2
9056.0,252,1608,23000.0,3.0,Corporate Event,1,0.0,0.0,100.0,200.0,1,0,18,0,0,2,14.294592914853947,35.794466403162055,6.355731225296442,15.661901802361717,10,4,2025,3,3
9059.0,298,962,20000.0,0.0,Corporate Event,4,0.0,0.0,200.0,400.0,1,0,13,0,1,2,20.768431983385256,30.297658862876254,3.217391304347826,30.944963655244027,6,2,2022,4,2
1825.0,203,1417,19000.0,15.0,Wedding,3,0.0,0.0,200.0,400.0,2,1,1,0,1,2,13.399153737658674,8.946078431372548,6.946078431372549,14.315937940761636,10,4,2024,5,3
4119.0,155,66,26000.0,20.0,Corporate Event,1,0.0,0.0,300.0,500.0,1,2,17,0,0,0,388.05970149253733,26.403846153846153,0.4230769230769231,231.34328358208953,9,3,2025,1,3
7828.0,155,66,20000.0,0.0,Corporate Event,3,0.0,0.0,300.0,500.0,1,2,16,0,1,2,298.5074626865672,50.17948717948718,0.4230769230769231,231.34328358208953,11,4,2025,2,3
13065.0,239,4101,26000.0,14.0,Wedding,1,0.0,0.0,300.0,500.0,2,1,10,0,1,2,6.338371526084837,54.4375,17.0875,5.826426133593369,6,2,2025,1,2
1542.0,298,962,19000.0,2.0,Wedding,4,0.0,0.0,200.0,400.0,2,2,7,0,1,0,19.73001038421599,5.157190635451505,3.217391304347826,30.944963655244027,8,3,2022,0,2
8145.0,229,3480,21000.0,20.0,Corporate Event,3,0.0,0.0,300.0,500.0,1,2,17,0,0,2,6.032749209997127,35.41304347826087,15.130434782608695,6.578569376615915,7,3,2022,3,2
8963.0,42,3577,22000.0,4.0,Corporate Event,1,0.0,0.0,200.0,400.0,1,2,1,0,1,2,6.148686416992733,208.4418604651163,83.18604651162791,1.1738401341531581,8,3,2025,3,2
12765.0,176,3661,23000.0,2.0,Corporate Event,3,0.0,0.0,200.0,400.0,1,2,13,0,1,1,6.280720917531403,72.11864406779661,20.683615819209038,4.8061168760240305,1,1,2025,4,0
5275.0,298,962,15000.0,2.0,Corporate Event,5,0.0,0.0,200.0,400.0,1,2,13,0,1,2,15.576323987538942,17.642140468227424,3.217391304347826,30.944963655244027,10,4,2025,2,3
2768.0,203,1417,24000.0,7.0,Birthday,1,0.0,0.0,100.0,200.0,0,2,4,0,0,2,16.92524682651622,13.568627450980392,6.946078431372549,14.315937940761636,11,4,2025,3,3
2500.0,176,3661,15000.0,0.0,Corporate Event,3,0.0,0.0,100.0,200.0,1,0,3,0,0,1,4.09612233752048,14.124293785310735,20.683615819209038,4.8061168760240305,8,3,2022,1,2
1848.0,298,962,17000.0,0.0,Birthday,4,0.0,0.0,100.0,200.0,0,0,4,0,0,1,17.653167185877468,6.1806020066889635,3.217391304347826,30.944963655244027,5,2,2025,6,1
14109.0,42,3577,20000.0,2.0,Corporate Event,4,0.0,0.0,100.0,200.0,1,2,4,0,0,1,5.589714924538849,328.1162790697674,83.18604651162791,1.1738401341531581,10,4,2025,6,3
5211.0,202,1983,20000.0,1.0,Corporate Event,3,0.0,0.0,100.0,200.0,1,2,15,0,0,2,10.080645161290322,25.669950738916256,9.768472906403941,10.181451612903226,9,3,2024,4,3
9094.0,126,4896,15000.0,2.0,Birthday,5,0.0,0.0,200.0,400.0,0,2,13,0,1,0,3.06309985705534,71.60629921259843,38.55118110236221,2.5730038799264854,9,3,2025,4,3
7530.0,239,4101,26000.0,10.0,Wedding,4,0.0,0.0,200.0,400.0,2,2,6,0,1,2,6.338371526084837,31.375,17.0875,5.826426133593369,11,4,2023,1,3
5442.0,239,4101,22000.0,3.0,Wedding,3,0.0,0.0,200.0,500.0,2,1,11,0,0,0,5.363237445148708,22.675,17.0875,5.826426133593369,9,3,2022,2,3
1978.0,202,1983,12000.0,0.0,Wedding,2,0.0,0.0,200.0,400.0,2,0,0,0,1,2,6.048387096774194,9.74384236453202,9.768472906403941,10.181451612903226,4,2,2025,2,1
10142.0,176,3661,20000.0,20.0,Wedding,2,0.0,0.0,300.0,500.0,2,2,17,0,0,1,5.461496450027307,57.29943502824859,20.683615819209038,4.8061168760240305,1,1,2022,2,0
13991.0,42,3577,22000.0,4.0,Birthday,1,0.0,0.0,300.0,500.0,0,1,17,0,0,1,6.148686416992733,325.3720930232558,83.18604651162791,1.1738401341531581,3,1,2024,2,1
4092.0,42,3577,13000.0,4.0,Corporate Event,1,0.0,0.0,300.0,500.0,1,1,17,0,0,0,3.6333147009502516,95.16279069767442,83.18604651162791,1.1738401341531581,6,2,2023,5,2
12320.0,202,1983,20000.0,3.0,Corporate Event,3,0.0,0.0,200.0,500.0,1,1,11,0,0,1,10.080645161290322,60.689655172413794,9.768472906403941,10.181451612903226,2,1,2025,0,0
6772.0,239,4101,20000.0,0.0,Wedding,1,0.0,0.0,300.0,500.0,2,2,16,0,1,2,4.875670404680643,28.216666666666665,17.0875,5.826426133593369,4,2,2022,1,1
14165.0,203,1417,20000.0,5.0,Birthday,2,0.0,0.0,300.0,500.0,0,2,14,0,1,0,14.104372355430183,69.43627450980392,6.946078431372549,14.315937940761636,4,2,2023,4,1
498.0,176,3661,19000.0,7.0,Birthday,5,0.0,0.0,100.0,200.0,0,2,4,0,0,0,5.188421627525942,2.8135593220338984,20.683615819209038,4.8061168760240305,7,3,2022,5,2
10681.0,176,3661,20000.0,8.0,Wedding,3,0.0,0.0,100.0,200.0,2,2,18,0,0,0,5.461496450027307,60.344632768361585,20.683615819209038,4.8061168760240305,5,2,2022,6,1
4363.0,203,1258,19000.0,10.0,Birthday,3,0.0,0.0,100.0,200.0,0,1,4,0,0,0,15.091342335186656,21.387254901960784,6.166666666666667,16.12390786338364,2,1,2025,3,0
112050.0,203,1258,22000.0,3.0,Wedding,3,0.0,0.0,200.0,400.0,2,2,12,0,1,1,17.474185861795075,549.2647058823529,6.166666666666667,16.12390786338364,10,4,2023,2,3
10176.0,298,962,13000.0,8.0,Corporate Event,5,0.0,0.0,300.0,500.0,1,2,2,0,1,2,13.499480789200415,34.03344481605351,3.217391304347826,30.944963655244027,2,1,2024,1,0
7480.0,203,1417,26000.0,16.0,Wedding,4,0.0,0.0,200.0,500.0,2,2,11,0,0,0,18.33568406205924,36.666666666666664,6.946078431372549,14.315937940761636,2,1,2024,3,0
5197.0,298,962,19000.0,10.0,Birthday,1,0.0,0.0,100.0,200.0,0,1,4,0,0,1,19.73001038421599,17.381270903010034,3.217391304347826,30.944963655244027,7,3,2024,2,2
870.0,42,3577,13000.0,14.0,Corporate Event,2,0.0,0.0,200.0,400.0,1,2,0,0,1,1,3.6333147009502516,20.232558139534884,83.18604651162791,1.1738401341531581,4,2,2023,2,1
5158.0,126,4896,25000.0,0.0,Wedding,5,0.0,0.0,300.0,500.0,2,2,16,0,1,1,5.105166428425567,40.61417322834646,38.55118110236221,2.5730038799264854,4,2,2022,5,1
13688.0,249,22215,20000.0,9.0,Corporate Event,2,0.0,0.0,300.0,500.0,1,1,14,0,1,1,0.9002520705797623,54.752,88.86,1.120813827871804,12,4,2022,5,0
9139.0,42,3577,13000.0,10.0,Birthday,2,0.0,0.0,100.0,200.0,0,1,4,0,0,0,3.6333147009502516,212.53488372093022,83.18604651162791,1.1738401341531581,5,2,2024,3,1
3720.0,176,3661,22000.0,2.0,Corporate Event,4,0.0,0.0,300.0,500.0,1,2,2,0,1,1,6.007646095030038,21.016949152542374,20.683615819209038,4.8061168760240305,5,2,2025,3,1
147490.0,252,1608,23000.0,16.0,Birthday,1,0.0,0.0,200.0,500.0,0,2,9,0,0,1,14.294592914853947,582.9644268774704,6.355731225296442,15.661901802361717,11,4,2023,4,3
6944.0,298,962,22000.0,5.0,Birthday,1,0.0,0.0,300.0,500.0,0,1,16,0,1,2,22.84527518172378,23.224080267558527,3.217391304347826,30.944963655244027,1,1,2024,3,0
11972.0,155,66,24000.0,8.0,Wedding,3,0.0,0.0,300.0,500.0,2,2,2,0,1,2,358.2089552238806,76.74358974358974,0.4230769230769231,231.34328358208953,6,2,2023,1,2
369.0,203,1258,20000.0,5.0,Birthday,5,0.0,0.0,100.0,200.0,0,1,3,0,0,2,15.885623510722796,1.8088235294117647,6.166666666666667,16.12390786338364,7,3,2023,3,2
8857.0,202,1983,13000.0,4.0,Birthday,4,0.0,0.0,300.0,500.0,0,2,5,0,1,1,6.55241935483871,43.63054187192118,9.768472906403941,10.181451612903226,8,3,2023,0,2
13451.0,252,1608,25000.0,0.0,Birthday,3,0.0,0.0,200.0,400.0,0,0,6,0,1,1,15.537600994406464,53.16600790513834,6.355731225296442,15.661901802361717,2,1,2025,0,0
4876.0,249,22215,23000.0,0.0,Corporate Event,5,0.0,0.0,200.0,400.0,1,2,6,0,1,1,1.0352898811667266,19.504,88.86,1.120813827871804,12,4,2023,0,0
7550.0,42,3577,24000.0,0.0,Wedding,3,0.0,0.0,200.0,400.0,2,0,6,0,1,2,6.707657909446619,175.58139534883722,83.18604651162791,1.1738401341531581,2,1,2022,6,0
14960.0,176,3661,26000.0,14.0,Corporate Event,2,0.0,0.0,200.0,400.0,1,2,0,0,1,1,7.099945385035499,84.51977401129943,20.683615819209038,4.8061168760240305,7,3,2024,3,2
12981.0,229,3480,13000.0,14.0,Wedding,2,0.0,0.0,300.0,500.0,2,1,10,0,1,0,3.7345590347601263,56.43913043478261,15.130434782608695,6.578569376615915,4,2,2024,0,1
6949.0,155,66,24000.0,7.0,Wedding,3,0.0,0.0,300.0,500.0,2,2,10,0,1,1,358.2089552238806,44.544871794871796,0.4230769230769231,231.34328358208953,12,4,2023,6,0
7979.0,252,1608,12000.0,4.0,Birthday,4,0.0,0.0,300.0,500.0,0,1,17,0,0,2,7.458048477315103,31.537549407114625,6.355731225296442,15.661901802361717,10,4,2023,3,3
2515.0,229,3480,26000.0,7.0,Birthday,2,0.0,0.0,300.0,500.0,0,2,10,0,1,2,7.469118069520253,10.934782608695652,15.130434782608695,6.578569376615915,4,2,2025,5,1
4852.0,203,1258,19000.0,2.0,Wedding,3,0.0,0.0,200.0,400.0,2,2,7,0,1,1,15.091342335186656,23.784313725490197,6.166666666666667,16.12390786338364,11,4,2022,0,3
8646.0,203,1258,23000.0,5.0,Corporate Event,4,0.0,0.0,100.0,200.0,1,1,3,0,0,0,18.268467037331217,42.38235294117647,6.166666666666667,16.12390786338364,2,1,2023,2,0
7636.0,229,3480,22000.0,5.0,Wedding,4,0.0,0.0,100.0,200.0,2,1,3,0,0,2,6.320022981901753,33.2,15.130434782608695,6.578569376615915,6,2,2025,0,2
11462.0,155,66,12000.0,3.0,Corporate Event,3,0.0,0.0,200.0,400.0,1,1,12,0,1,0,179.1044776119403,73.47435897435898,0.4230769230769231,231.34328358208953,3,1,2022,5,1
9824.0,239,4101,21000.0,5.0,Corporate Event,3,0.0,0.0,300.0,500.0,1,2,14,0,1,2,5.1194539249146755,40.93333333333333,17.0875,5.826426133593369,11,4,2024,4,3
8035.0,176,3661,15000.0,0.0,Birthday,2,0.0,0.0,300.0,500.0,0,0,17,0,0,2,4.09612233752048,45.3954802259887,20.683615819209038,4.8061168760240305,9,3,2025,1,3
10434.0,202,1983,13000.0,4.0,Birthday,3,0.0,0.0,300.0,500.0,0,1,17,0,0,1,6.55241935483871,51.399014778325125,9.768472906403941,10.181451612903226,5,2,2023,5,1
5530.0,239,4101,12000.0,4.0,Corporate Event,3,0.0,0.0,300.0,500.0,1,2,5,0,1,1,2.9254022428083863,23.041666666666668,17.0875,5.826426133593369,6,2,2024,3,2
10821.0,298,962,15000.0,18.0,Corporate Event,1,0.0,0.0,200.0,400.0,1,0,8,0,1,1,15.576323987538942,36.19063545150502,3.217391304347826,30.944963655244027,2,1,2025,6,0
71440.0,203,1417,12000.0,7.0,Corporate Event,1,0.0,0.0,300.0,500.0,1,0,5,0,1,2,8.46262341325811,350.19607843137254,6.946078431372549,14.315937940761636,3,1,2025,3,1
5259.0,298,962,20000.0,5.0,Corporate Event,2,0.0,0.0,300.0,500.0,1,1,5,0,1,2,20.768431983385256,17.588628762541806,3.217391304347826,30.944963655244027,9,3,2023,3,3
2103.0,203,1258,12000.0,0.0,Corporate Event,3,0.0,0.0,200.0,400.0,1,0,7,0,1,1,9.531374106433677,10.308823529411764,6.166666666666667,16.12390786338364,6,2,2025,0,2
1490.0,298,962,12000.0,2.0,Wedding,2,0.0,0.0,100.0,200.0,2,2,4,0,0,0,12.461059190031152,4.983277591973244,3.217391304347826,30.944963655244027,11,4,2023,0,3
3945.0,249,22215,25000.0,5.0,Birthday,2,0.0,0.0,300.0,500.0,0,1,5,0,1,1,1.125315088224703,15.78,88.86,1.120813827871804,8,3,2025,3,2
12736.0,229,3480,22000.0,2.0,Wedding,5,0.0,0.0,300.0,500.0,2,2,10,0,1,0,6.320022981901753,55.37391304347826,15.130434782608695,6.578569376615915,1,1,2022,3,0
5024.0,203,1258,20000.0,14.0,Wedding,5,0.0,0.0,300.0,500.0,2,1,10,0,1,0,15.885623510722796,24.627450980392158,6.166666666666667,16.12390786338364,5,2,2023,0,1
12020.0,252,1608,26000.0,0.0,Birthday,3,0.0,0.0,100.0,200.0,0,0,4,0,0,1,16.159105034182723,47.5098814229249,6.355731225296442,15.661901802361717,3,1,2023,1,1
2091.0,298,962,15000.0,18.0,Corporate Event,3,0.0,0.0,200.0,400.0,1,0,8,0,1,0,15.576323987538942,6.993311036789297,3.217391304347826,30.944963655244027,10,4,2023,6,3
12087.0,203,1258,23000.0,9.0,Wedding,2,0.0,0.0,300.0,500.0,2,1,14,0,1,2,18.268467037331217,59.25,6.166666666666667,16.12390786338364,8,3,2024,4,2
6522.0,176,3661,23000.0,0.0,Wedding,4,0.0,0.0,300.0,500.0,2,0,14,0,1,2,6.280720917531403,36.847457627118644,20.683615819209038,4.8061168760240305,7,3,2022,4,2
14028.0,229,3480,13000.0,6.0,Wedding,1,0.0,0.0,200.0,400.0,2,1,7,0,1,2,3.7345590347601263,60.99130434782609,15.130434782608695,6.578569376615915,5,2,2022,3,1
9639.0,298,962,22000.0,0.0,Corporate Event,3,0.0,0.0,300.0,500.0,1,0,14,0,1,2,22.84527518172378,32.23745819397993,3.217391304347826,30.944963655244027,5,2,2022,5,1
2243.0,252,1608,23000.0,0.0,Wedding,2,0.0,0.0,200.0,400.0,2,0,6,0,1,0,14.294592914853947,8.865612648221344,6.355731225296442,15.661901802361717,11,4,2025,6,3
14930.0,229,3480,23000.0,4.0,Birthday,4,0.0,0.0,200.0,400.0,0,2,1,0,1,0,6.607296753806377,64.91304347826087,15.130434782608695,6.578569376615915,1,1,2023,4,0
10808.0,252,1608,19000.0,16.0,Wedding,5,0.0,0.0,200.0,500.0,2,2,9,0,0,2,11.808576755748913,42.719367588932805,6.355731225296442,15.661901802361717,12,4,2022,4,0
13705.0,229,3480,17000.0,10.0,Corporate Event,2,0.0,0.0,200.0,400.0,1,2,0,0,1,0,4.883654122378627,59.58695652173913,15.130434782608695,6.578569376615915,12,4,2022,5,0
5248.0,202,1983,22000.0,7.0,Wedding,5,0.0,0.0,100.0,200.0,2,1,18,0,0,0,11.088709677419354,25.852216748768473,9.768472906403941,10.181451612903226,9,3,2025,5,3
327.0,203,1417,19000.0,10.0,Birthday,1,0.0,0.0,300.0,500.0,0,0,10,0,1,2,13.399153737658674,1.6029411764705883,6.946078431372549,14.315937940761636,7,3,2023,3,2
5187.0,239,4101,23000.0,14.0,Wedding,1,0.0,0.0,200.0,400.0,2,2,0,0,1,2,5.60702096538274,21.6125,17.0875,5.826426133593369,10,4,2024,2,3
14675.0,298,962,22000.0,0.0,Wedding,3,0.0,0.0,300.0,500.0,2,2,16,0,1,0,22.84527518172378,49.080267558528426,3.217391304347826,30.944963655244027,11,4,2025,1,3
8172.0,239,4101,12000.0,16.0,Corporate Event,2,0.0,0.0,200.0,400.0,1,2,13,0,1,2,2.9254022428083863,34.05,17.0875,5.826426133593369,7,3,2024,3,2
13539.0,42,3577,17000.0,3.0,Wedding,5,0.0,0.0,100.0,200.0,2,0,18,0,0,1,4.751257685858021,314.86046511627904,83.18604651162791,1.1738401341531581,2,1,2022,3,0
3249.0,42,3577,19000.0,9.0,Wedding,5,0.0,0.0,300.0,500.0,2,1,14,0,1,2,5.310229178311906,75.55813953488372,83.18604651162791,1.1738401341531581,12,4,2023,3,0
11883.0,252,1608,12000.0,5.0,Corporate Event,5,0.0,0.0,100.0,200.0,1,1,3,0,0,2,7.458048477315103,46.96837944664031,6.355731225296442,15.661901802361717,11,4,2023,4,3
2168.0,202,1983,26000.0,0.0,Birthday,4,0.0,0.0,200.0,400.0,0,1,13,0,1,2,13.10483870967742,10.679802955665025,9.768472906403941,10.181451612903226,3,1,2022,3,1
8384.0,155,66,19000.0,0.0,Corporate Event,2,0.0,0.0,200.0,400.0,1,1,13,0,1,2,283.5820895522388,53.743589743589745,0.4230769230769231,231.34328358208953,3,1,2025,6,1
8224.0,155,66,20000.0,3.0,Corporate Event,1,0.0,0.0,200.0,400.0,1,2,12,0,1,1,298.5074626865672,52.717948717948715,0.4230769230769231,231.34328358208953,11,4,2024,5,3
2717.0,176,3661,17000.0,7.0,Birthday,4,0.0,0.0,300.0,500.0,0,0,5,0,1,1,4.642271982523211,15.350282485875706,20.683615819209038,4.8061168760240305,10,4,2024,1,3
8331.0,176,3661,15000.0,16.0,Birthday,1,0.0,0.0,200.0,500.0,0,2,11,0,0,1,4.09612233752048,47.067796610169495,20.683615819209038,4.8061168760240305,10,4,2024,6,3
120370.0,155,66,13000.0,4.0,Corporate Event,3,0.0,0.0,300.0,500.0,1,1,17,0,0,2,194.02985074626866,771.6025641025641,0.4230769230769231,231.34328358208953,8,3,2023,5,2
6175.0,203,1258,26000.0,2.0,Wedding,2,0.0,0.0,300.0,500.0,2,2,10,0,1,0,20.651310563939635,30.269607843137255,6.166666666666667,16.12390786338364,7,3,2025,0,2
3172.0,229,3480,22000.0,2.0,Corporate Event,3,0.0,0.0,200.0,400.0,1,0,1,0,1,1,6.320022981901753,13.791304347826086,15.130434782608695,6.578569376615915,9,3,2022,1,3
4470.0,252,1608,17000.0,5.0,Birthday,5,0.0,0.0,300.0,500.0,0,2,14,0,1,1,10.565568676196396,17.66798418972332,6.355731225296442,15.661901802361717,5,2,2025,6,1
6947.0,202,1983,13000.0,0.0,Corporate Event,1,0.0,0.0,100.0,200.0,1,0,4,0,0,2,6.55241935483871,34.22167487684729,9.768472906403941,10.181451612903226,6,2,2024,5,2
730.0,202,1983,24000.0,20.0,Birthday,2,0.0,0.0,200.0,400.0,0,2,8,0,1,0,12.096774193548388,3.5960591133004924,9.768472906403941,10.181451612903226,9,3,2023,6,3
3828.0,239,4101,22000.0,9.0,Birthday,2,0.0,0.0,200.0,400.0,0,1,6,0,1,2,5.363237445148708,15.95,17.0875,5.826426133593369,7,3,2022,4,2
6184.0,249,22215,12000.0,2.0,Corporate Event,2,0.0,0.0,200.0,400.0,1,2,7,0,1,1,0.5401512423478574,24.736,88.86,1.120813827871804,3,1,2024,3,1
10461.0,203,1258,25000.0,11.0,Birthday,1,0.0,0.0,200.0,400.0,0,1,0,0,1,0,19.857029388403493,51.279411764705884,6.166666666666667,16.12390786338364,12,4,2023,4,0
14944.0,42,3577,25000.0,2.0,Corporate Event,3,0.0,0.0,200.0,400.0,1,2,7,0,1,2,6.98714365567356,347.5348837209302,83.18604651162791,1.1738401341531581,3,1,2024,4,1
1324.0,202,1983,17000.0,0.0,Corporate Event,2,0.0,0.0,200.0,400.0,1,0,13,0,1,2,8.568548387096774,6.522167487684729,9.768472906403941,10.181451612903226,5,2,2022,4,1
6084.0,229,3480,13000.0,12.0,Birthday,5,0.0,0.0,200.0,500.0,0,1,9,0,0,2,3.7345590347601263,26.452173913043477,15.130434782608695,6.578569376615915,10,4,2023,4,3
11147.0,203,1417,15000.0,5.0,Birthday,2,0.0,0.0,300.0,500.0,0,1,16,0,1,2,10.578279266572638,54.6421568627451,6.946078431372549,14.315937940761636,10,4,2023,6,3
8947.0,202,1983,21000.0,2.0,Wedding,5,0.0,0.0,200.0,400.0,2,2,12,0,1,1,10.584677419354838,44.073891625615765,9.768472906403941,10.181451612903226,12,4,2025,0,0
2708.0,239,4101,19000.0,18.0,Corporate Event,3,0.0,0.0,200.0,400.0,1,0,8,0,1,1,4.631886884446612,11.283333333333333,17.0875,5.826426133593369,11,4,2023,6,3
8942.0,202,1983,12000.0,20.0,Wedding,5,0.0,0.0,300.0,500.0,2,2,17,0,0,1,6.048387096774194,44.04926108374384,9.768472906403941,10.181451612903226,9,3,2025,0,3
6200.0,155,66,19000.0,4.0,Birthday,4,0.0,0.0,300.0,500.0,0,0,2,0,1,2,283.5820895522388,39.743589743589745,0.4230769230769231,231.34328358208953,8,3,2025,2,2
10731.0,155,66,20000.0,10.0,Wedding,3,0.0,0.0,200.0,400.0,2,2,6,0,1,0,298.5074626865672,68.78846153846153,0.4230769230769231,231.34328358208953,5,2,2023,6,1
12076.0,155,66,20000.0,5.0,Birthday,2,0.0,0.0,300.0,500.0,0,2,14,0,1,1,298.5074626865672,77.41025641025641,0.4230769230769231,231.34328358208953,4,2,2022,0,1
6647.0,229,3480,22000.0,16.0,Birthday,1,0.0,0.0,300.0,500.0,0,2,14,0,1,1,6.320022981901753,28.9,15.130434782608695,6.578569376615915,2,1,2024,1,0
5087.0,229,3480,23000.0,7.0,Wedding,1,0.0,0.0,300.0,500.0,2,2,10,0,1,0,6.607296753806377,22.117391304347827,15.130434782608695,6.578569376615915,1,1,2024,5,0
3749.0,249,22215,13000.0,2.0,Wedding,3,0.0,0.0,300.0,500.0,2,2,10,0,1,2,0.5851638458768456,14.996,88.86,1.120813827871804,9,3,2024,2,3
1770.0,203,1417,12000.0,4.0,Corporate Event,5,0.0,0.0,300.0,500.0,1,1,17,0,0,0,8.46262341325811,8.676470588235293,6.946078431372549,14.315937940761636,10,4,2022,5,3
10440.0,155,66,21000.0,2.0,Birthday,3,0.0,0.0,200.0,400.0,0,2,7,0,1,2,313.43283582089555,66.92307692307692,0.4230769230769231,231.34328358208953,3,1,2022,0,1
2908.0,239,4101,26000.0,7.0,Corporate Event,5,0.0,0.0,100.0,200.0,1,1,18,0,0,0,6.338371526084837,12.116666666666667,17.0875,5.826426133593369,10,4,2022,2,3
1925.0,229,3480,21000.0,9.0,Wedding,1,0.0,0.0,300.0,500.0,2,2,5,0,1,0,6.032749209997127,8.369565217391305,15.130434782608695,6.578569376615915,10,4,2023,1,3
4919.0,42,3577,13000.0,2.0,Corporate Event,5,0.0,0.0,100.0,200.0,1,2,4,0,0,1,3.6333147009502516,114.3953488372093,83.18604651162791,1.1738401341531581,11,4,2024,3,3
262.0,126,4896,22000.0,10.0,Birthday,1,0.0,0.0,100.0,200.0,0,2,3,0,0,0,4.492546457014499,2.062992125984252,38.55118110236221,2.5730038799264854,10,4,2022,4,3
464.0,202,1983,20000.0,12.0,Corporate Event,4,0.0,0.0,200.0,500.0,1,1,9,0,0,0,10.080645161290322,2.2857142857142856,9.768472906403941,10.181451612903226,5,2,2024,0,1
6096.0,252,1608,26000.0,0.0,Birthday,5,0.0,0.0,300.0,500.0,0,0,16,0,1,0,16.159105034182723,24.09486166007905,6.355731225296442,15.661901802361717,7,3,2024,1,2
2194.0,239,4101,19000.0,0.0,Birthday,1,0.0,0.0,200.0,400.0,0,2,6,0,1,0,4.631886884446612,9.141666666666667,17.0875,5.826426133593369,12,4,2023,1,0
5722.0,298,962,20000.0,20.0,Corporate Event,2,0.0,0.0,300.0,500.0,1,2,17,0,0,2,20.768431983385256,19.137123745819398,3.217391304347826,30.944963655244027,5,2,2024,2,1
4470.0,229,3480,23000.0,7.0,Wedding,2,0.0,0.0,100.0,200.0,2,1,18,0,0,1,6.607296753806377,19.434782608695652,15.130434782608695,6.578569376615915,1,1,2023,6,0
14472.0,155,66,12000.0,14.0,Corporate Event,4,0.0,0.0,300.0,500.0,1,1,10,0,1,1,179.1044776119403,92.76923076923077,0.4230769230769231,231.34328358208953,4,2,2022,6,1
7294.0,126,4896,17000.0,9.0,Birthday,1,0.0,0.0,300.0,500.0,0,2,5,0,1,0,3.471513171329385,57.43307086614173,38.55118110236221,2.5730038799264854,10,4,2024,0,3
11171.0,249,22215,22000.0,0.0,Birthday,1,0.0,0.0,200.0,400.0,0,2,6,0,1,2,0.9902772776377385,44.684,88.86,1.120813827871804,8,3,2023,2,2
10698.0,176,3661,24000.0,8.0,Wedding,5,0.0,0.0,100.0,200.0,2,2,18,0,0,2,6.553795740032769,60.440677966101696,20.683615819209038,4.8061168760240305,1,1,2022,1,0
7228.0,202,1983,15000.0,7.0,Birthday,4,0.0,0.0,300.0,500.0,0,0,5,0,1,0,7.560483870967742,35.60591133004926,9.768472906403941,10.181451612903226,5,2,2025,5,1
11010.0,252,1608,13000.0,11.0,Corporate Event,2,0.0,0.0,200.0,400.0,1,1,0,0,1,2,8.079552517091361,43.51778656126482,6.355731225296442,15.661901802361717,4,2,2024,5,1
6005.0,42,3577,21000.0,1.0,Corporate Event,3,0.0,0.0,100.0,200.0,1,2,15,0,0,2,5.869200670765791,139.65116279069767,83.18604651162791,1.1738401341531581,1,1,2024,5,0
10279.0,126,4896,23000.0,10.0,Corporate Event,5,0.0,0.0,200.0,400.0,1,2,6,0,1,0,4.696753114151521,80.93700787401575,38.55118110236221,2.5730038799264854,9,3,2025,6,3
4293.0,203,1417,21000.0,0.0,Wedding,3,0.0,0.0,100.0,200.0,2,0,4,0,0,1,14.809590973201692,21.044117647058822,6.946078431372549,14.315937940761636,2,1,2024,0,0
6907.0,42,3577,21000.0,0.0,Birthday,1,0.0,0.0,200.0,400.0,0,1,13,0,1,0,5.869200670765791,160.62790697674419,83.18604651162791,1.1738401341531581,8,3,2022,1,2
5677.0,249,22215,20000.0,0.0,Wedding,1,0.0,0.0,200.0,400.0,2,2,6,0,1,0,0.9002520705797623,22.708,88.86,1.120813827871804,9,3,2023,4,3
9311.0,203,1417,19000.0,0.0,Corporate Event,1,0.0,0.0,200.0,400.0,1,2,6,0,1,0,13.399153737658674,45.6421568627451,6.946078431372549,14.315937940761636,12,4,2022,3,0
13558.0,126,4896,15000.0,3.0,Wedding,2,0.0,0.0,200.0,500.0,2,1,11,0,0,2,3.06309985705534,106.75590551181102,38.55118110236221,2.5730038799264854,12,4,2024,6,0
6721.0,298,962,17000.0,14.0,Birthday,3,0.0,0.0,200.0,400.0,0,2,0,0,1,0,17.653167185877468,22.47826086956522,3.217391304347826,30.944963655244027,12,4,2023,3,0
14860.0,202,1983,12000.0,0.0,Birthday,3,0.0,0.0,200.0,400.0,0,0,7,0,1,2,6.048387096774194,73.20197044334975,9.768472906403941,10.181451612903226,11,4,2025,0,3
119720.0,203,1417,22000.0,2.0,Wedding,4,0.0,0.0,100.0,200.0,2,2,4,0,0,0,15.514809590973202,586.8627450980392,6.946078431372549,14.315937940761636,11,4,2022,2,3
13280.0,202,1983,12000.0,6.0,Corporate Event,5,0.0,0.0,200.0,400.0,1,1,7,0,1,0,6.048387096774194,65.41871921182266,9.768472906403941,10.181451612903226,12,4,2025,6,0
10612.0,42,3577,12000.0,0.0,Wedding,3,0.0,0.0,300.0,500.0,2,0,14,0,1,2,3.3538289547233093,246.7906976744186,83.18604651162791,1.1738401341531581,1,1,2025,5,0
3689.0,203,1417,12000.0,10.0,Wedding,3,0.0,0.0,100.0,200.0,2,1,4,0,0,2,8.46262341325811,18.083333333333332,6.946078431372549,14.315937940761636,6,2,2024,2,2
10668.0,203,1417,17000.0,2.0,Birthday,2,0.0,0.0,100.0,200.0,0,2,4,0,0,0,11.988716502115656,52.294117647058826,6.946078431372549,14.315937940761636,8,3,2024,3,2
14400.0,239,4101,13000.0,1.0,Corporate Event,1,0.0,0.0,100.0,200.0,1,2,15,0,0,0,3.1691857630424183,60.0,17.0875,5.826426133593369,12,4,2024,5,0
9726.0,202,1983,12000.0,10.0,Birthday,5,0.0,0.0,100.0,200.0,0,1,4,0,0,2,6.048387096774194,47.91133004926108,9.768472906403941,10.181451612903226,11,4,2022,0,3
4000.0,298,962,12000.0,0.0,Corporate Event,1,0.0,0.0,200.0,400.0,1,0,12,0,1,0,12.461059190031152,13.377926421404682,3.217391304347826,30.944963655244027,5,2,2023,3,1
11625.0,229,3480,22000.0,9.0,Birthday,5,0.0,0.0,300.0,500.0,0,2,5,0,1,0,6.320022981901753,50.54347826086956,15.130434782608695,6.578569376615915,8,3,2025,3,2
8111.0,203,1417,12000.0,10.0,Corporate Event,3,0.0,0.0,100.0,200.0,1,1,4,0,0,1,8.46262341325811,39.759803921568626,6.946078431372549,14.315937940761636,10,4,2022,5,3
12318.0,203,1258,19000.0,0.0,Birthday,1,0.0,0.0,300.0,500.0,0,2,16,0,1,2,15.091342335186656,60.38235294117647,6.166666666666667,16.12390786338364,7,3,2024,2,2
5658.0,298,962,19000.0,20.0,Birthday,1,0.0,0.0,300.0,500.0,0,2,17,0,0,0,19.73001038421599,18.923076923076923,3.217391304347826,30.944963655244027,7,3,2024,1,2
3472.0,203,1417,20000.0,0.0,Birthday,3,0.0,0.0,100.0,200.0,0,0,4,0,0,0,14.104372355430183,17.019607843137255,6.946078431372549,14.315937940761636,8,3,2025,5,2
9374.0,176,3661,17000.0,20.0,Birthday,1,0.0,0.0,200.0,400.0,0,2,8,0,1,1,4.642271982523211,52.96045197740113,20.683615819209038,4.8061168760240305,2,1,2024,3,0
10164.0,155,66,22000.0,0.0,Wedding,2,0.0,0.0,100.0,200.0,2,0,4,0,0,2,328.35820895522386,65.15384615384616,0.4230769230769231,231.34328358208953,1,1,2024,2,0
2525.0,176,3661,26000.0,7.0,Wedding,1,0.0,0.0,300.0,500.0,2,2,10,0,1,1,7.099945385035499,14.265536723163843,20.683615819209038,4.8061168760240305,2,1,2025,6,0
8480.0,176,3661,15000.0,7.0,Wedding,1,0.0,0.0,100.0,200.0,2,2,4,0,0,2,4.09612233752048,47.909604519774014,20.683615819209038,4.8061168760240305,6,2,2025,6,2
1514.0,239,4101,24000.0,0.0,Corporate Event,4,0.0,0.0,200.0,500.0,1,2,11,0,0,1,5.850804485616773,6.308333333333334,17.0875,5.826426133593369,7,3,2025,5,2
13867.0,203,1417,24000.0,5.0,Wedding,1,0.0,0.0,300.0,500.0,2,1,16,0,1,1,16.92524682651622,67.97549019607843,6.946078431372549,14.315937940761636,10,4,2025,4,3
3060.0,202,1983,19000.0,5.0,Corporate Event,3,0.0,0.0,100.0,200.0,1,1,3,0,0,1,9.576612903225806,15.073891625615763,9.768472906403941,10.181451612903226,4,2,2022,3,1
2342.0,126,4896,15000.0,2.0,Corporate Event,3,0.0,0.0,300.0,500.0,1,2,2,0,1,0,3.06309985705534,18.440944881889763,38.55118110236221,2.5730038799264854,1,1,2023,2,0
14604.0,42,3577,25000.0,5.0,Corporate Event,4,0.0,0.0,100.0,200.0,1,1,3,0,0,0,6.98714365567356,339.6279069767442,83.18604651162791,1.1738401341531581,11,4,2022,6,3
7970.0,203,1417,20000.0,7.0,Birthday,4,0.0,0.0,300.0,500.0,0,2,10,0,1,0,14.104372355430183,39.068627450980394,6.946078431372549,14.315937940761636,3,1,2024,2,1
4757.0,126,4896,22000.0,0.0,Wedding,2,0.0,0.0,200.0,400.0,2,2,6,0,1,2,4.492546457014499,37.45669291338583,38.55118110236221,2.5730038799264854,3,1,2025,6,1
3173.0,176,3661,24000.0,13.0,Corporate Event,3,0.0,0.0,200.0,400.0,1,1,8,0,1,2,6.553795740032769,17.926553672316384,20.683615819209038,4.8061168760240305,12,4,2024,3,0
7624.0,239,4101,26000.0,2.0,Wedding,4,0.0,0.0,200.0,400.0,2,2,7,0,1,0,6.338371526084837,31.766666666666666,17.0875,5.826426133593369,5,2,2022,6,1
9545.0,203,1258,15000.0,0.0,Corporate Event,5,0.0,0.0,200.0,400.0,1,2,6,0,1,0,11.914217633042098,46.78921568627451,6.166666666666667,16.12390786338364,6,2,2023,3,2
1207.0,176,3661,17000.0,16.0,Corporate Event,3,0.0,0.0,200.0,400.0,1,2,1,0,1,2,4.642271982523211,6.8192090395480225,20.683615819209038,4.8061168760240305,4,2,2024,6,1
9144.0,229,3480,19000.0,2.0,Birthday,4,0.0,0.0,200.0,400.0,0,2,12,0,1,1,5.458201666187877,39.756521739130434,15.130434782608695,6.578569376615915,12,4,2024,0,0
3722.0,202,1983,20000.0,3.0,Wedding,4,0.0,0.0,200.0,400.0,2,1,12,0,1,1,10.080645161290322,18.334975369458128,9.768472906403941,10.181451612903226,6,2,2025,6,2
9612.0,155,66,17000.0,10.0,Birthday,2,0.0,0.0,200.0,400.0,0,2,6,0,1,0,253.73134328358208,61.61538461538461,0.4230769230769231,231.34328358208953,1,1,2022,6,0
12061.0,249,22215,22000.0,10.0,Birthday,1,0.0,0.0,100.0,200.0,0,1,4,0,0,1,0.9902772776377385,48.244,88.86,1.120813827871804,12,4,2022,4,0
11144.0,203,1417,21000.0,16.0,Wedding,1,0.0,0.0,200.0,400.0,2,2,8,0,1,1,14.809590973201692,54.627450980392155,6.946078431372549,14.315937940761636,10,4,2025,3,3
6106.0,252,1608,24000.0,7.0,Corporate Event,2,0.0,0.0,100.0,200.0,1,2,4,0,0,1,14.916096954630206,24.134387351778656,6.355731225296442,15.661901802361717,3,1,2025,0,1
10621.0,203,1417,24000.0,16.0,Corporate Event,5,0.0,0.0,200.0,500.0,1,2,9,0,0,0,16.92524682651622,52.06372549019608,6.946078431372549,14.315937940761636,11,4,2024,0,3
6110.0,252,1608,19000.0,16.0,Corporate Event,4,0.0,0.0,200.0,400.0,1,2,8,0,1,2,11.808576755748913,24.150197628458496,6.355731225296442,15.661901802361717,4,2,2022,4,1
12545.0,126,4896,20000.0,3.0,Wedding,5,0.0,0.0,100.0,200.0,2,0,18,0,0,2,4.084133142740454,98.77952755905511,38.55118110236221,2.5730038799264854,3,1,2022,1,1
13774.0,252,1608,19000.0,5.0,Birthday,4,0.0,0.0,300.0,500.0,0,1,5,0,1,2,11.808576755748913,54.44268774703557,6.355731225296442,15.661901802361717,7,3,2025,6,2
13602.0,298,962,17000.0,14.0,Birthday,2,0.0,0.0,300.0,500.0,0,1,10,0,1,2,17.653167185877468,45.491638795986624,3.217391304347826,30.944963655244027,7,3,2023,5,2
64770.0,252,1608,20000.0,4.0,Wedding,5,0.0,0.0,300.0,500.0,2,1,17,0,0,0,12.430080795525171,256.00790513833994,6.355731225296442,15.661901802361717,4,2,2022,5,1
10404.0,229,3480,26000.0,3.0,Wedding,3,0.0,0.0,200.0,500.0,2,1,11,0,0,1,7.469118069520253,45.23478260869565,15.130434782608695,6.578569376615915,1,1,2023,6,0
8508.0,203,1417,15000.0,20.0,Birthday,2,0.0,0.0,200.0,400.0,0,2,8,0,1,1,10.578279266572638,41.705882352941174,6.946078431372549,14.315937940761636,4,2,2023,6,1
1318.0,176,3661,19000.0,20.0,Wedding,2,0.0,0.0,300.0,500.0,2,2,17,0,0,2,5.188421627525942,7.446327683615819,20.683615819209038,4.8061168760240305,2,1,2024,6,0
1612.0,298,962,21000.0,3.0,Corporate Event,3,0.0,0.0,100.0,200.0,1,0,18,0,0,0,21.806853582554517,5.391304347826087,3.217391304347826,30.944963655244027,2,1,2022,2,0
11990.0,229,3480,26000.0,0.0,Corporate Event,1,0.0,0.0,300.0,500.0,1,0,17,0,0,1,7.469118069520253,52.130434782608695,15.130434782608695,6.578569376615915,1,1,2022,4,0
309.0,203,1258,23000.0,10.0,Wedding,3,0.0,0.0,200.0,400.0,2,2,6,0,1,0,18.268467037331217,1.5147058823529411,6.166666666666667,16.12390786338364,3,1,2025,6,1
4405.0,298,962,22000.0,18.0,Wedding,2,0.0,0.0,200.0,400.0,2,0,8,0,1,2,22.84527518172378,14.732441471571907,3.217391304347826,30.944963655244027,11,4,2022,2,3
10265.0,249,22215,24000.0,4.0,Wedding,5,0.0,0.0,100.0,200.0,2,2,18,0,0,0,1.0803024846957148,41.06,88.86,1.120813827871804,7,3,2023,6,2
5403.0,42,3577,21000.0,20.0,Birthday,3,0.0,0.0,300.0,500.0,0,2,17,0,0,2,5.869200670765791,125.65116279069767,83.18604651162791,1.1738401341531581,1,1,2022,5,0
252.0,239,4101,13000.0,3.0,Birthday,4,0.0,0.0,200.0,500.0,0,1,11,0,0,0,3.1691857630424183,1.05,17.0875,5.826426133593369,2,1,2025,5,0
12685.0,249,22215,23000.0,14.0,Corporate Event,1,0.0,0.0,300.0,500.0,1,1,10,0,1,1,1.0352898811667266,50.74,88.86,1.120813827871804,5,2,2025,2,1
10330.0,203,1258,19000.0,2.0,Birthday,1,0.0,0.0,300.0,500.0,0,2,2,0,1,2,15.091342335186656,50.63725490196079,6.166666666666667,16.12390786338364,11,4,2025,2,3
2260.0,203,1258,19000.0,1.0,Corporate Event,3,0.0,0.0,100.0,200.0,1,2,15,0,0,0,15.091342335186656,11.07843137254902,6.166666666666667,16.12390786338364,12,4,2022,6,0
9040.0,176,3661,21000.0,0.0,Corporate Event,1,0.0,0.0,200.0,400.0,1,0,7,0,1,1,5.734571272528673,51.07344632768361,20.683615819209038,4.8061168760240305,11,4,2025,0,3
7064.0,155,66,22000.0,0.0,Corporate Event,2,0.0,0.0,300.0,500.0,1,0,16,0,1,1,328.35820895522386,45.282051282051285,0.4230769230769231,231.34328358208953,10,4,2025,1,3
7947.0,229,3480,22000.0,4.0,Birthday,2,0.0,0.0,100.0,200.0,0,2,18,0,0,2,6.320022981901753,34.552173913043475,15.130434782608695,6.578569376615915,5,2,2023,3,1
10899.0,229,3480,15000.0,9.0,Corporate Event,3,0.0,0.0,300.0,500.0,1,1,14,0,1,2,4.309106578569376,47.38695652173913,15.130434782608695,6.578569376615915,3,1,2023,5,1
11370.0,126,4896,21000.0,0.0,Birthday,5,0.0,0.0,200.0,400.0,0,0,7,0,1,1,4.288339799877476,89.5275590551181,38.55118110236221,2.5730038799264854,4,2,2022,0,1
923.0,249,22215,12000.0,3.0,Corporate Event,5,0.0,0.0,100.0,200.0,1,0,18,0,0,0,0.5401512423478574,3.692,88.86,1.120813827871804,10,4,2022,1,3
13592.0,155,66,23000.0,0.0,Corporate Event,2,0.0,0.0,200.0,400.0,1,0,7,0,1,0,343.2835820895522,87.12820512820512,0.4230769230769231,231.34328358208953,8,3,2025,3,2
6344.0,203,1417,24000.0,4.0,Wedding,1,0.0,0.0,300.0,500.0,2,1,17,0,0,1,16.92524682651622,31.098039215686274,6.946078431372549,14.315937940761636,11,4,2024,2,3
523.0,298,962,15000.0,4.0,Corporate Event,4,0.0,0.0,200.0,400.0,1,2,1,0,1,1,15.576323987538942,1.7491638795986622,3.217391304347826,30.944963655244027,1,1,2025,4,0
8341.0,252,1608,24000.0,16.0,Birthday,2,0.0,0.0,200.0,400.0,0,2,13,0,1,0,14.916096954630206,32.96837944664031,6.355731225296442,15.661901802361717,11,4,2024,5,3
9497.0,176,3661,21000.0,0.0,Wedding,1,0.0,0.0,100.0,200.0,2,2,15,0,0,0,5.734571272528673,53.655367231638415,20.683615819209038,4.8061168760240305,3,1,2025,3,1
4582.0,42,3577,23000.0,10.0,Corporate Event,4,0.0,0.0,100.0,200.0,1,2,3,0,0,1,6.428172163219676,106.55813953488372,83.18604651162791,1.1738401341531581,1,1,2023,4,0
996.0,42,3577,26000.0,2.0,Corporate Event,5,0.0,0.0,200.0,500.0,1,0,9,0,0,1,7.266629401900503,23.162790697674417,83.18604651162791,1.1738401341531581,11,4,2022,3,3
12227.0,155,66,12000.0,4.0,Corporate Event,4,0.0,0.0,200.0,400.0,1,2,1,0,1,1,179.1044776119403,78.37820512820512,0.4230769230769231,231.34328358208953,6,2,2024,3,2
7469.0,176,3661,24000.0,2.0,Birthday,3,0.0,0.0,200.0,400.0,0,2,7,0,1,1,6.553795740032769,42.19774011299435,20.683615819209038,4.8061168760240305,9,3,2022,2,3
12942.0,298,962,25000.0,10.0,Wedding,4,0.0,0.0,100.0,200.0,2,2,3,0,0,1,25.96053997923157,43.28428093645485,3.217391304347826,30.944963655244027,6,2,2025,4,2
1830.0,239,4101,23000.0,8.0,Corporate Event,2,0.0,0.0,300.0,500.0,1,2,2,0,1,0,5.60702096538274,7.625,17.0875,5.826426133593369,11,4,2024,4,3
10433.0,229,3480,17000.0,3.0,Corporate Event,1,0.0,0.0,200.0,500.0,1,2,9,0,0,2,4.883654122378627,45.36086956521739,15.130434782608695,6.578569376615915,10,4,2023,4,3
3876.0,176,3661,19000.0,10.0,Corporate Event,2,0.0,0.0,200.0,400.0,1,2,0,0,1,0,5.188421627525942,21.89830508474576,20.683615819209038,4.8061168760240305,8,3,2022,2,2
13833.0,229,3480,20000.0,4.0,Birthday,3,0.0,0.0,300.0,500.0,0,1,17,0,0,1,5.745475438092502,60.143478260869564,15.130434782608695,6.578569376615915,6,2,2023,3,2
13270.0,252,1608,19000.0,4.0,Birthday,2,0.0,0.0,100.0,200.0,0,2,18,0,0,0,11.808576755748913,52.45059288537549,6.355731225296442,15.661901802361717,5,2,2022,1,1
12803.0,229,3480,23000.0,12.0,Wedding,4,0.0,0.0,200.0,500.0,2,1,9,0,0,1,6.607296753806377,55.665217391304346,15.130434782608695,6.578569376615915,2,1,2022,6,0
13388.0,155,66,24000.0,16.0,Corporate Event,4,0.0,0.0,200.0,400.0,1,2,13,0,1,2,358.2089552238806,85.82051282051282,0.4230769230769231,231.34328358208953,5,2,2023,6,1
5210.0,126,4896,15000.0,7.0,Birthday,2,0.0,0.0,100.0,200.0,0,2,4,0,0,0,3.06309985705534,41.023622047244096,38.55118110236221,2.5730038799264854,9,3,2022,1,3
7737.0,249,22215,12000.0,2.0,Birthday,4,0.0,0.0,200.0,400.0,0,2,12,0,1,0,0.5401512423478574,30.948,88.86,1.120813827871804,8,3,2024,4,2
558.0,252,1608,21000.0,16.0,Birthday,3,0.0,0.0,200.0,500.0,0,2,9,0,0,2,13.05158483530143,2.205533596837945,6.355731225296442,15.661901802361717,6,2,2024,0,2
8421.0,229,3480,25000.0,14.0,Wedding,3,0.0,0.0,200.0,400.0,2,2,0,0,1,0,7.181844297615628,36.61304347826087,15.130434782608695,6.578569376615915,2,1,2025,4,0
11857.0,203,1258,17000.0,11.0,Corporate Event,3,0.0,0.0,200.0,400.0,1,1,0,0,1,1,13.502779984114376,58.122549019607845,6.166666666666667,16.12390786338364,6,2,2022,2,2
5347.0,202,1983,15000.0,4.0,Birthday,2,0.0,0.0,300.0,500.0,0,2,5,0,1,0,7.560483870967742,26.339901477832512,9.768472906403941,10.181451612903226,8,3,2024,3,2
14989.0,239,4101,12000.0,3.0,Birthday,5,0.0,0.0,200.0,400.0,0,1,12,0,1,0,2.9254022428083863,62.454166666666666,17.0875,5.826426133593369,6,2,2022,0,2
7196.0,249,22215,20000.0,3.0,Birthday,4,0.0,0.0,100.0,200.0,0,0,18,0,0,1,0.9002520705797623,28.784,88.86,1.120813827871804,8,3,2023,1,2
13879.0,298,962,22000.0,3.0,Wedding,3,0.0,0.0,200.0,400.0,2,2,12,0,1,2,22.84527518172378,46.4180602006689,3.217391304347826,30.944963655244027,8,3,2025,6,2
7880.0,298,962,20000.0,7.0,Corporate Event,1,0.0,0.0,300.0,500.0,1,0,5,0,1,2,20.768431983385256,26.354515050167223,3.217391304347826,30.944963655244027,8,3,2023,5,2
5740.0,252,1608,20000.0,12.0,Corporate Event,1,0.0,0.0,200.0,500.0,1,1,9,0,0,0,12.430080795525171,22.68774703557312,6.355731225296442,15.661901802361717,10,4,2023,4,3
14771.0,203,1258,21000.0,10.0,Corporate Event,1,0.0,0.0,200.0,400.0,1,2,0,0,1,2,16.679904686258936,72.40686274509804,6.166666666666667,16.12390786338364,11,4,2025,1,3
12159.0,126,4896,23000.0,20.0,Birthday,2,0.0,0.0,300.0,500.0,0,2,17,0,0,1,4.696753114151521,95.74015748031496,38.55118110236221,2.5730038799264854,2,1,2025,4,0
6000.0,298,962,19000.0,2.0,Wedding,1,0.0,0.0,200.0,400.0,2,2,12,0,1,2,19.73001038421599,20.066889632107024,3.217391304347826,30.944963655244027,1,1,2022,3,0
1070.0,42,3577,25000.0,4.0,Wedding,2,0.0,0.0,300.0,500.0,2,2,5,0,1,0,6.98714365567356,24.88372093023256,83.18604651162791,1.1738401341531581,2,1,2023,1,0
8681.0,155,66,19000.0,0.0,Corporate Event,5,0.0,0.0,200.0,400.0,1,0,13,0,1,1,283.5820895522388,55.6474358974359,0.4230769230769231,231.34328358208953,11,4,2023,3,3
6741.0,202,1983,21000.0,0.0,Corporate Event,5,0.0,0.0,100.0,200.0,1,0,4,0,0,0,10.584677419354838,33.206896551724135,9.768472906403941,10.181451612903226,5,2,2024,5,1
3303.0,155,66,24000.0,10.0,Wedding,3,0.0,0.0,200.0,400.0,2,2,6,0,1,2,358.2089552238806,21.173076923076923,0.4230769230769231,231.34328358208953,8,3,2023,6,2
6223.0,203,1258,12000.0,0.0,Corporate Event,5,0.0,0.0,200.0,400.0,1,0,7,0,1,2,9.531374106433677,30.504901960784313,6.166666666666667,16.12390786338364,6,2,2023,6,2
7769.0,203,1258,15000.0,16.0,Corporate Event,3,0.0,0.0,200.0,500.0,1,2,9,0,0,1,11.914217633042098,38.083333333333336,6.166666666666667,16.12390786338364,7,3,2025,2,2
8068.0,298,962,13000.0,4.0,Wedding,3,0.0,0.0,300.0,500.0,2,1,17,0,0,0,13.499480789200415,26.983277591973245,3.217391304347826,30.944963655244027,7,3,2023,6,2
9775.0,176,3661,24000.0,4.0,Birthday,3,0.0,0.0,200.0,400.0,0,2,1,0,1,1,6.553795740032769,55.22598870056497,20.683615819209038,4.8061168760240305,2,1,2025,4,0
6691.0,202,1983,21000.0,5.0,Wedding,2,0.0,0.0,300.0,500.0,2,2,14,0,1,1,10.584677419354838,32.960591133004925,9.768472906403941,10.181451612903226,8,3,2022,6,2
13068.0,176,3661,22000.0,7.0,Birthday,1,0.0,0.0,300.0,500.0,0,2,10,0,1,0,6.007646095030038,73.83050847457628,20.683615819209038,4.8061168760240305,3,1,2023,0,1
3369.0,239,4101,24000.0,4.0,Corporate Event,2,0.0,0.0,200.0,400.0,1,2,1,0,1,2,5.850804485616773,14.0375,17.0875,5.826426133593369,4,2,2025,5,1
8413.0,298,962,17000.0,16.0,Birthday,2,0.0,0.0,200.0,500.0,0,2,9,0,0,2,17.653167185877468,28.137123745819398,3.217391304347826,30.944963655244027,5,2,2024,4,1
11862.0,202,1983,23000.0,0.0,Corporate Event,2,0.0,0.0,300.0,500.0,1,0,14,0,1,0,11.59274193548387,58.433497536945815,9.768472906403941,10.181451612903226,3,1,2022,5,1
9919.0,239,4101,17000.0,2.0,Corporate Event,5,0.0,0.0,200.0,400.0,1,2,7,0,1,1,4.144319843978547,41.329166666666666,17.0875,5.826426133593369,12,4,2022,2,0
10235.0,229,3480,19000.0,6.0,Wedding,5,0.0,0.0,200.0,400.0,2,1,7,0,1,2,5.458201666187877,44.5,15.130434782608695,6.578569376615915,5,2,2024,2,1
14349.0,176,3661,26000.0,2.0,Corporate Event,2,0.0,0.0,200.0,400.0,1,2,7,0,1,1,7.099945385035499,81.0677966101695,20.683615819209038,4.8061168760240305,5,2,2023,6,1
1880.0,42,3577,23000.0,0.0,Corporate Event,3,0.0,0.0,200.0,400.0,1,2,6,0,1,0,6.428172163219676,43.72093023255814,83.18604651162791,1.1738401341531581,1,1,2024,1,0
14244.0,249,22215,20000.0,4.0,Corporate Event,2,0.0,0.0,300.0,500.0,1,1,17,0,0,2,0.9002520705797623,56.976,88.86,1.120813827871804,12,4,2025,4,0
333.0,203,1417,12000.0,12.0,Birthday,1,0.0,0.0,200.0,500.0,0,1,9,0,0,2,8.46262341325811,1.6323529411764706,6.946078431372549,14.315937940761636,9,3,2025,3,3
7847.0,229,3480,23000.0,10.0,Birthday,2,0.0,0.0,100.0,200.0,0,1,4,0,0,0,6.607296753806377,34.11739130434783,15.130434782608695,6.578569376615915,8,3,2023,5,2
14252.0,126,4896,17000.0,16.0,Wedding,5,0.0,0.0,200.0,500.0,2,2,11,0,0,0,3.471513171329385,112.22047244094489,38.55118110236221,2.5730038799264854,4,2,2024,5,1
44020.0,203,1417,25000.0,5.0,Wedding,5,0.0,0.0,300.0,500.0,2,1,5,0,1,1,17.63046544428773,215.7843137254902,6.946078431372549,14.315937940761636,9,3,2024,3,3
3374.0,176,3661,20000.0,12.0,Corporate Event,3,0.0,0.0,200.0,500.0,1,1,9,0,0,0,5.461496450027307,19.062146892655367,20.683615819209038,4.8061168760240305,3,1,2024,0,1
6270.0,203,1417,15000.0,13.0,Birthday,5,0.0,0.0,200.0,400.0,0,1,8,0,1,1,10.578279266572638,30.735294117647058,6.946078431372549,14.315937940761636,1,1,2024,0,0
2524.0,298,962,15000.0,10.0,Corporate Event,3,0.0,0.0,200.0,400.0,1,2,6,0,1,0,15.576323987538942,8.441471571906355,3.217391304347826,30.944963655244027,1,1,2023,4,0
445.0,202,1983,23000.0,0.0,Wedding,4,0.0,0.0,200.0,400.0,2,0,7,0,1,1,11.59274193548387,2.1921182266009853,9.768472906403941,10.181451612903226,8,3,2025,2,2
14931.0,252,1608,20000.0,4.0,Wedding,5,0.0,0.0,300.0,500.0,2,1,17,0,0,1,12.430080795525171,59.015810276679844,6.355731225296442,15.661901802361717,2,1,2023,0,0
1592.0,252,1608,17000.0,2.0,Birthday,4,0.0,0.0,300.0,500.0,0,2,2,0,1,0,10.565568676196396,6.292490118577075,6.355731225296442,15.661901802361717,10,4,2024,2,3
8105.0,203,1258,26000.0,7.0,Wedding,4,0.0,0.0,100.0,200.0,2,0,15,0,0,2,20.651310563939635,39.73039215686274,6.166666666666667,16.12390786338364,5,2,2022,3,1
1400.0,155,66,24000.0,20.0,Corporate Event,5,0.0,0.0,200.0,400.0,1,2,8,0,1,0,358.2089552238806,8.974358974358974,0.4230769230769231,231.34328358208953,8,3,2023,6,2
10156.0,249,22215,13000.0,3.0,Birthday,4,0.0,0.0,200.0,500.0,0,2,9,0,0,1,0.5851638458768456,40.624,88.86,1.120813827871804,10,4,2022,2,3
12116.0,249,22215,20000.0,15.0,Wedding,1,0.0,0.0,200.0,400.0,2,1,1,0,1,0,0.9002520705797623,48.464,88.86,1.120813827871804,6,2,2022,3,2
13089.0,202,1983,13000.0,16.0,Corporate Event,1,0.0,0.0,200.0,400.0,1,2,8,0,1,0,6.55241935483871,64.47783251231527,9.768472906403941,10.181451612903226,1,1,2023,4,0
14194.0,126,4896,24000.0,0.0,Corporate Event,4,0.0,0.0,100.0,200.0,1,0,4,0,0,2,4.900959771288544,111.76377952755905,38.55118110236221,2.5730038799264854,3,1,2023,2,1
313.0,42,3577,17000.0,16.0,Corporate Event,4,0.0,0.0,300.0,500.0,1,2,14,0,1,1,4.751257685858021,7.27906976744186,83.18604651162791,1.1738401341531581,5,2,2025,1,1
14885.0,202,1983,20000.0,3.0,Birthday,2,0.0,0.0,200.0,400.0,0,1,12,0,1,0,10.080645161290322,73.32512315270937,9.768472906403941,10.181451612903226,2,1,2023,6,0
12957.0,203,1417,17000.0,16.0,Birthday,3,0.0,0.0,200.0,500.0,0,2,9,0,0,0,11.988716502115656,63.51470588235294,6.946078431372549,14.315937940761636,12,4,2023,4,0
9046.0,155,66,13000.0,7.0,Birthday,3,0.0,0.0,300.0,500.0,0,2,10,0,1,0,194.02985074626866,57.98717948717949,0.4230769230769231,231.34328358208953,8,3,2024,3,2
75680.0,249,22215,12000.0,5.0,Birthday,1,0.0,0.0,300.0,500.0,0,2,14,0,1,0,0.5401512423478574,302.72,88.86,1.120813827871804,9,3,2022,4,3
5246.0,252,1608,12000.0,0.0,Birthday,3,0.0,0.0,100.0,200.0,0,0,4,0,0,2,7.458048477315103,20.73517786561265,6.355731225296442,15.661901802361717,8,3,2022,5,2
10605.0,126,4896,13000.0,3.0,Corporate Event,5,0.0,0.0,200.0,500.0,1,1,11,0,0,1,2.6546865427812945,83.50393700787401,38.55118110236221,2.5730038799264854,3,1,2025,0,1
7327.0,203,1417,15000.0,0.0,Corporate Event,2,0.0,0.0,100.0,200.0,1,2,3,0,0,2,10.578279266572638,35.916666666666664,6.946078431372549,14.315937940761636,1,1,2025,4,0
4705.0,126,4896,24000.0,4.0,Wedding,5,0.0,0.0,100.0,200.0,2,2,18,0,0,1,4.900959771288544,37.04724409448819,38.55118110236221,2.5730038799264854,9,3,2023,2,3
7059.0,229,3480,25000.0,0.0,Corporate Event,1,0.0,0.0,100.0,200.0,1,0,4,0,0,2,7.181844297615628,30.691304347826087,15.130434782608695,6.578569376615915,11,4,2022,2,3
9595.0,229,3480,17000.0,3.0,Wedding,3,0.0,0.0,200.0,400.0,2,1,12,0,1,0,4.883654122378627,41.71739130434783,15.130434782608695,6.578569376615915,12,4,2024,1,0
6355.0,252,1608,21000.0,0.0,Birthday,1,0.0,0.0,200.0,400.0,0,0,0,0,1,0,13.05158483530143,25.118577075098813,6.355731225296442,15.661901802361717,2,1,2023,3,0
3957.0,203,1417,17000.0,3.0,Wedding,2,0.0,0.0,200.0,400.0,2,1,12,0,1,0,11.988716502115656,19.397058823529413,6.946078431372549,14.315937940761636,3,1,2024,2,1
5614.0,239,4101,17000.0,0.0,Wedding,1,0.0,0.0,100.0,200.0,2,1,15,0,0,2,4.144319843978547,23.391666666666666,17.0875,5.826426133593369,11,4,2022,4,3
1320.0,42,3577,22000.0,16.0,Wedding,3,0.0,0.0,200.0,400.0,2,2,8,0,1,2,6.148686416992733,30.697674418604652,83.18604651162791,1.1738401341531581,5,2,2024,4,1
8995.0,249,22215,17000.0,5.0,Corporate Event,3,0.0,0.0,300.0,500.0,1,1,5,0,1,0,0.765214259992798,35.98,88.86,1.120813827871804,1,1,2024,2,0
6399.0,155,66,19000.0,10.0,Birthday,1,0.0,0.0,100.0,200.0,0,1,4,0,0,2,283.5820895522388,41.01923076923077,0.4230769230769231,231.34328358208953,3,1,2022,2,1
10509.0,203,1258,20000.0,0.0,Wedding,5,0.0,0.0,200.0,500.0,2,2,11,0,0,0,15.885623510722796,51.51470588235294,6.166666666666667,16.12390786338364,8,3,2025,1,2
2668.0,203,1417,20000.0,0.0,Corporate Event,4,0.0,0.0,100.0,200.0,1,1,15,0,0,0,14.104372355430183,13.07843137254902,6.946078431372549,14.315937940761636,11,4,2024,4,3
13533.0,203,1258,24000.0,10.0,Wedding,1,0.0,0.0,100.0,200.0,2,1,4,0,0,1,19.062748212867355,66.33823529411765,6.166666666666667,16.12390786338364,11,4,2024,6,3
14849.0,252,1608,23000.0,0.0,Birthday,1,0.0,0.0,200.0,400.0,0,2,6,0,1,1,14.294592914853947,58.691699604743086,6.355731225296442,15.661901802361717,8,3,2023,4,2
387.0,252,1608,23000.0,5.0,Birthday,4,0.0,0.0,300.0,500.0,0,1,16,0,1,1,14.294592914853947,1.5296442687747036,6.355731225296442,15.661901802361717,12,4,2022,3,0
5673.0,126,4896,15000.0,7.0,Birthday,4,0.0,0.0,100.0,200.0,0,1,18,0,0,2,3.06309985705534,44.669291338582674,38.55118110236221,2.5730038799264854,12,4,2025,1,0
10223.0,298,962,24000.0,16.0,Wedding,3,0.0,0.0,200.0,400.0,2,2,13,0,1,2,24.922118380062305,34.19063545150502,3.217391304347826,30.944963655244027,6,2,2024,2,2
11789.0,42,3577,20000.0,10.0,Birthday,5,0.0,0.0,100.0,200.0,0,2,3,0,0,1,5.589714924538849,274.16279069767444,83.18604651162791,1.1738401341531581,10,4,2025,6,3
12335.0,239,4101,20000.0,0.0,Birthday,4,0.0,0.0,100.0,200.0,0,2,3,0,0,1,4.875670404680643,51.395833333333336,17.0875,5.826426133593369,6,2,2024,6,2
7172.0,203,1417,13000.0,10.0,Wedding,3,0.0,0.0,100.0,200.0,2,1,4,0,0,1,9.16784203102962,35.15686274509804,6.946078431372549,14.315937940761636,7,3,2022,4,2
14124.0,202,1983,23000.0,0.0,Wedding,1,0.0,0.0,200.0,500.0,2,2,11,0,0,2,11.59274193548387,69.57635467980296,9.768472906403941,10.181451612903226,11,4,2023,2,3
7967.0,298,962,22000.0,7.0,Wedding,1,0.0,0.0,100.0,200.0,2,0,15,0,0,0,22.84527518172378,26.645484949832777,3.217391304347826,30.944963655244027,11,4,2025,5,3
5408.0,239,4101,20000.0,0.0,Wedding,1,0.0,0.0,200.0,400.0,2,0,7,0,1,0,4.875670404680643,22.533333333333335,17.0875,5.826426133593369,9,3,2024,3,3
5638.0,202,1983,17000.0,10.0,Corporate Event,5,0.0,0.0,200.0,400.0,1,2,6,0,1,2,8.568548387096774,27.773399014778324,9.768472906403941,10.181451612903226,4,2,2022,4,1
8271.0,155,66,26000.0,6.0,Birthday,3,0.0,0.0,200.0,400.0,0,1,7,0,1,2,388.05970149253733,53.01923076923077,0.4230769230769231,231.34328358208953,10,4,2025,1,3
7934.0,203,1417,17000.0,9.0,Corporate Event,3,0.0,0.0,300.0,500.0,1,1,14,0,1,1,11.988716502115656,38.8921568627451,6.946078431372549,14.315937940761636,7,3,2023,0,2
12218.0,176,3661,15000.0,16.0,Corporate Event,5,0.0,0.0,200.0,500.0,1,2,9,0,0,0,4.09612233752048,69.02824858757062,20.683615819209038,4.8061168760240305,10,4,2025,5,3
13629.0,252,1608,26000.0,2.0,Corporate Event,1,0.0,0.0,200.0,400.0,1,2,7,0,1,2,16.159105034182723,53.869565217391305,6.355731225296442,15.661901802361717,9,3,2023,3,3
10862.0,203,1417,22000.0,0.0,Wedding,5,0.0,0.0,200.0,400.0,2,0,0,0,1,2,15.514809590973202,53.245098039215684,6.946078431372549,14.315937940761636,8,3,2023,5,2
11566.0,155,66,26000.0,2.0,Corporate Event,3,0.0,0.0,300.0,500.0,1,2,2,0,1,1,388.05970149253733,74.14102564102564,0.4230769230769231,231.34328358208953,11,4,2024,6,3
3210.0,249,22215,19000.0,0.0,Birthday,4,0.0,0.0,200.0,400.0,0,0,13,0,1,1,0.8552394670507742,12.84,88.86,1.120813827871804,11,4,2022,2,3
4427.0,252,1608,20000.0,0.0,Birthday,3,0.0,0.0,300.0,500.0,0,0,17,0,0,0,12.430080795525171,17.49802371541502,6.355731225296442,15.661901802361717,8,3,2022,2,2
1140.0,203,1258,12000.0,3.0,Birthday,3,0.0,0.0,100.0,200.0,0,0,18,0,0,0,9.531374106433677,5.588235294117647,6.166666666666667,16.12390786338364,10,4,2023,6,3
9496.0,155,66,26000.0,0.0,Wedding,3,0.0,0.0,300.0,500.0,2,2,16,0,1,1,388.05970149253733,60.87179487179487,0.4230769230769231,231.34328358208953,11,4,2025,0,3
13896.0,203,1258,12000.0,16.0,Wedding,3,0.0,0.0,200.0,500.0,2,2,11,0,0,2,9.531374106433677,68.11764705882354,6.166666666666667,16.12390786338364,2,1,2023,1,0
2191.0,239,4101,25000.0,5.0,Birthday,5,0.0,0.0,100.0,200.0,0,1,3,0,0,1,6.094588005850804,9.129166666666666,17.0875,5.826426133593369,6,2,2025,2,2
1615.0,155,66,13000.0,7.0,Wedding,5,0.0,0.0,100.0,200.0,2,0,15,0,0,0,194.02985074626866,10.352564102564102,0.4230769230769231,231.34328358208953,6,2,2023,1,2
2920.0,176,3661,12000.0,5.0,Birthday,1,0.0,0.0,100.0,200.0,0,1,3,0,0,2,3.2768978700163847,16.497175141242938,20.683615819209038,4.8061168760240305,7,3,2023,1,2
1357.0,42,3577,19000.0,3.0,Birthday,3,0.0,0.0,200.0,500.0,0,2,9,0,0,2,5.310229178311906,31.558139534883722,83.18604651162791,1.1738401341531581,1,1,2023,6,0
14745.0,252,1608,26000.0,18.0,Birthday,4,0.0,0.0,200.0,400.0,0,0,8,0,1,2,16.159105034182723,58.280632411067195,6.355731225296442,15.661901802361717,10,4,2025,3,3
11497.0,239,4101,19000.0,9.0,Birthday,1,0.0,0.0,300.0,500.0,0,2,5,0,1,1,4.631886884446612,47.90416666666667,17.0875,5.826426133593369,12,4,2025,0,0
9867.0,42,3577,21000.0,0.0,Corporate Event,2,0.0,0.0,100.0,200.0,1,2,3,0,0,0,5.869200670765791,229.46511627906978,83.18604651162791,1.1738401341531581,2,1,2024,6,0
316.0,42,3577,24000.0,0.0,Corporate Event,1,0.0,0.0,100.0,200.0,1,0,4,0,0,1,6.707657909446619,7.348837209302325,83.18604651162791,1.1738401341531581,3,1,2022,3,1
14674.0,42,3577,17000.0,20.0,Corporate Event,5,0.0,0.0,300.0,500.0,1,2,17,0,0,1,4.751257685858021,341.25581395348837,83.18604651162791,1.1738401341531581,10,4,2024,3,3
5004.0,252,1608,22000.0,3.0,Birthday,5,0.0,0.0,200.0,400.0,0,1,12,0,1,2,13.673088875077688,19.778656126482215,6.355731225296442,15.661901802361717,7,3,2025,2,2
11297.0,239,4101,20000.0,0.0,Wedding,5,0.0,0.0,100.0,200.0,2,0,3,0,0,1,4.875670404680643,47.07083333333333,17.0875,5.826426133593369,1,1,2023,5,0
4010.0,298,962,19000.0,3.0,Wedding,4,0.0,0.0,100.0,200.0,2,0,18,0,0,2,19.73001038421599,13.411371237458194,3.217391304347826,30.944963655244027,2,1,2024,6,0
6309.0,42,3577,22000.0,4.0,Birthday,3,0.0,0.0,100.0,200.0,0,2,18,0,0,0,6.148686416992733,146.72093023255815,83.18604651162791,1.1738401341531581,5,2,2025,0,1
10177.0,42,3577,21000.0,12.0,Birthday,5,0.0,0.0,200.0,500.0,0,1,9,0,0,1,5.869200670765791,236.67441860465115,83.18604651162791,1.1738401341531581,1,1,2024,3,0
14427.0,176,3661,24000.0,8.0,Wedding,5,0.0,0.0,300.0,500.0,2,2,2,0,1,2,6.553795740032769,81.50847457627118,20.683615819209038,4.8061168760240305,3,1,2023,6,1
14848.0,155,66,19000.0,9.0,Corporate Event,1,0.0,0.0,300.0,500.0,1,2,5,0,1,1,283.5820895522388,95.17948717948718,0.4230769230769231,231.34328358208953,7,3,2024,0,2
8559.0,176,3661,21000.0,0.0,Corporate Event,2,0.0,0.0,100.0,200.0,1,1,15,0,0,1,5.734571272528673,48.355932203389834,20.683615819209038,4.8061168760240305,7,3,2024,5,2
577.0,298,962,20000.0,0.0,Corporate Event,5,0.0,0.0,200.0,400.0,1,0,0,0,1,0,20.768431983385256,1.9297658862876255,3.217391304347826,30.944963655244027,3,1,2023,5,1
6608.0,249,22215,25000.0,20.0,Wedding,2,0.0,0.0,200.0,400.0,2,2,8,0,1,2,1.125315088224703,26.432,88.86,1.120813827871804,11,4,2025,3,3
1378.0,252,1608,25000.0,6.0,Corporate Event,5,0.0,0.0,300.0,500.0,1,1,2,0,1,0,15.537600994406464,5.446640316205533,6.355731225296442,15.661901802361717,5,2,2022,3,1
11488.0,239,4101,23000.0,0.0,Wedding,2,0.0,0.0,200.0,400.0,2,0,13,0,1,0,5.60702096538274,47.86666666666667,17.0875,5.826426133593369,3,1,2025,4,1
14005.0,229,3480,12000.0,9.0,Birthday,4,0.0,0.0,300.0,500.0,0,1,14,0,1,0,3.4472852628555013,60.891304347826086,15.130434782608695,6.578569376615915,5,2,2023,4,1
1446.0,298,962,20000.0,16.0,Birthday,5,0.0,0.0,200.0,500.0,0,2,11,0,0,0,20.768431983385256,4.8361204013377925,3.217391304347826,30.944963655244027,11,4,2025,4,3
9083.0,252,1608,20000.0,10.0,Wedding,4,0.0,0.0,200.0,400.0,2,2,0,0,1,1,12.430080795525171,35.901185770750985,6.355731225296442,15.661901802361717,10,4,2022,1,3
2759.0,126,4896,22000.0,15.0,Birthday,3,0.0,0.0,200.0,400.0,0,1,1,0,1,0,4.492546457014499,21.724409448818896,38.55118110236221,2.5730038799264854,5,2,2025,2,1
6169.0,126,4896,21000.0,4.0,Birthday,2,0.0,0.0,100.0,200.0,0,2,18,0,0,1,4.288339799877476,48.574803149606296,38.55118110236221,2.5730038799264854,1,1,2022,0,0
7163.0,239,4101,15000.0,0.0,Corporate Event,2,0.0,0.0,100.0,200.0,1,2,3,0,0,2,3.6567528035104826,29.845833333333335,17.0875,5.826426133593369,11,4,2022,3,3
11054.0,203,1258,12000.0,16.0,Birthday,2,0.0,0.0,200.0,500.0,0,2,11,0,0,0,9.531374106433677,54.18627450980392,6.166666666666667,16.12390786338364,1,1,2023,6,0
9746.0,155,66,20000.0,4.0,Corporate Event,2,0.0,0.0,300.0,500.0,1,2,5,0,1,0,298.5074626865672,62.47435897435897,0.4230769230769231,231.34328358208953,6,2,2022,4,2
4824.0,126,4896,26000.0,9.0,Corporate Event,5,0.0,0.0,300.0,500.0,1,1,14,0,1,0,5.309373085562589,37.98425196850393,38.55118110236221,2.5730038799264854,9,3,2022,2,3
7025.0,249,22215,19000.0,0.0,Corporate Event,5,0.0,0.0,200.0,400.0,1,0,0,0,1,0,0.8552394670507742,28.1,88.86,1.120813827871804,6,2,2023,2,2
8580.0,229,3480,13000.0,10.0,Wedding,2,0.0,0.0,200.0,500.0,2,0,11,0,0,0,3.7345590347601263,37.30434782608695,15.130434782608695,6.578569376615915,7,3,2025,4,2
10293.0,42,3577,24000.0,4.0,Wedding,2,0.0,0.0,300.0,500.0,2,0,2,0,1,1,6.707657909446619,239.37209302325581,83.18604651162791,1.1738401341531581,2,1,2025,2,0
8200.0,252,1608,23000.0,18.0,Birthday,1,0.0,0.0,200.0,400.0,0,0,8,0,1,2,14.294592914853947,32.41106719367589,6.355731225296442,15.661901802361717,6,2,2022,3,2
6352.0,155,66,24000.0,3.0,Corporate Event,1,0.0,0.0,200.0,500.0,1,2,9,0,0,2,358.2089552238806,40.717948717948715,0.4230769230769231,231.34328358208953,11,4,2025,3,3
4696.0,155,66,19000.0,0.0,Wedding,1,0.0,0.0,200.0,500.0,2,2,11,0,0,1,283.5820895522388,30.102564102564102,0.4230769230769231,231.34328358208953,4,2,2024,0,1
3460.0,203,1258,26000.0,15.0,Birthday,5,0.0,0.0,200.0,400.0,0,1,1,0,1,1,20.651310563939635,16.96078431372549,6.166666666666667,16.12390786338364,1,1,2024,3,0
12612.0,203,1417,25000.0,6.0,Wedding,5,0.0,0.0,300.0,500.0,2,1,2,0,1,0,17.63046544428773,61.8235294117647,6.946078431372549,14.315937940761636,10,4,2025,2,3
4622.0,176,3661,21000.0,18.0,Corporate Event,1,0.0,0.0,200.0,400.0,1,0,8,0,1,2,5.734571272528673,26.112994350282484,20.683615819209038,4.8061168760240305,10,4,2024,5,3
3647.0,249,22215,17000.0,10.0,Birthday,3,0.0,0.0,200.0,500.0,0,0,11,0,0,0,0.765214259992798,14.588,88.86,1.120813827871804,8,3,2025,6,2
11286.0,229,3480,24000.0,16.0,Birthday,3,0.0,0.0,200.0,400.0,0,2,13,0,1,0,6.894570525711003,49.06956521739131,15.130434782608695,6.578569376615915,5,2,2025,6,1
12683.0,126,4896,20000.0,2.0,Corporate Event,4,0.0,0.0,100.0,200.0,1,2,4,0,0,1,4.084133142740454,99.86614173228347,38.55118110236221,2.5730038799264854,10,4,2025,0,3
13270.0,203,1258,17000.0,0.0,Corporate Event,3,0.0,0.0,100.0,200.0,1,2,15,0,0,1,13.502779984114376,65.04901960784314,6.166666666666667,16.12390786338364,11,4,2023,3,3
4854.0,249,22215,23000.0,0.0,Wedding,2,0.0,0.0,300.0,500.0,2,0,17,0,0,0,1.0352898811667266,19.416,88.86,1.120813827871804,1,1,2022,3,0
1960.0,239,4101,26000.0,2.0,Birthday,4,0.0,0.0,200.0,400.0,0,2,13,0,1,2,6.338371526084837,8.166666666666666,17.0875,5.826426133593369,1,1,2024,5,0
8443.0,298,962,19000.0,0.0,Birthday,4,0.0,0.0,200.0,400.0,0,0,6,0,1,0,19.73001038421599,28.237458193979933,3.217391304347826,30.944963655244027,3,1,2022,5,1
4508.0,176,3661,19000.0,10.0,Birthday,3,0.0,0.0,100.0,200.0,0,1,4,0,0,1,5.188421627525942,25.468926553672315,20.683615819209038,4.8061168760240305,2,1,2022,6,0
10592.0,42,3577,20000.0,16.0,Corporate Event,5,0.0,0.0,300.0,500.0,1,2,14,0,1,2,5.589714924538849,246.32558139534885,83.18604651162791,1.1738401341531581,8,3,2024,4,2
5069.0,252,1608,12000.0,2.0,Wedding,5,0.0,0.0,200.0,400.0,2,2,12,0,1,2,7.458048477315103,20.035573122529645,6.355731225296442,15.661901802361717,12,4,2022,5,0
11010.0,202,1983,20000.0,18.0,Corporate Event,2,0.0,0.0,200.0,400.0,1,0,8,0,1,2,10.080645161290322,54.23645320197044,9.768472906403941,10.181451612903226,12,4,2023,5,0
14946.0,203,1258,20000.0,14.0,Corporate Event,5,0.0,0.0,200.0,400.0,1,2,0,0,1,2,15.885623510722796,73.26470588235294,6.166666666666667,16.12390786338364,2,1,2025,5,0
7374.0,42,3577,22000.0,8.0,Corporate Event,4,0.0,0.0,300.0,500.0,1,2,2,0,1,0,6.148686416992733,171.48837209302326,83.18604651162791,1.1738401341531581,3,1,2025,6,1
1427.0,155,66,17000.0,3.0,Wedding,3,0.0,0.0,200.0,400.0,2,1,12,0,1,2,253.73134328358208,9.147435897435898,0.4230769230769231,231.34328358208953,7,3,2022,4,2
4814.0,155,66,21000.0,10.0,Birthday,5,0.0,0.0,200.0,400.0,0,2,6,0,1,0,313.43283582089555,30.858974358974358,0.4230769230769231,231.34328358208953,10,4,2025,1,3
6066.0,202,1983,19000.0,2.0,Birthday,4,0.0,0.0,200.0,400.0,0,2,7,0,1,1,9.576612903225806,29.88177339901478,9.768472906403941,10.181451612903226,6,2,2022,1,2
4244.0,126,4896,21000.0,14.0,Wedding,5,0.0,0.0,300.0,500.0,2,1,10,0,1,2,4.288339799877476,33.41732283464567,38.55118110236221,2.5730038799264854,10,4,2024,4,3
7140.0,202,1983,25000.0,4.0,Corporate Event,5,0.0,0.0,300.0,500.0,1,0,2,0,1,0,12.600806451612904,35.172413793103445,9.768472906403941,10.181451612903226,2,1,2025,4,0
3430.0,202,1983,12000.0,18.0,Birthday,3,0.0,0.0,200.0,400.0,0,0,8,0,1,2,6.048387096774194,16.896551724137932,9.768472906403941,10.181451612903226,8,3,2022,2,2
13315.0,298,962,22000.0,0.0,Wedding,2,0.0,0.0,200.0,400.0,2,0,6,0,1,2,22.84527518172378,44.531772575250834,3.217391304347826,30.944963655244027,8,3,2022,5,2
14611.0,202,1983,15000.0,2.0,Wedding,5,0.0,0.0,300.0,500.0,2,2,2,0,1,0,7.560483870967742,71.97536945812809,9.768472906403941,10.181451612903226,12,4,2024,6,0
9343.0,126,4896,21000.0,12.0,Corporate Event,4,0.0,0.0,200.0,500.0,1,1,9,0,0,2,4.288339799877476,73.56692913385827,38.55118110236221,2.5730038799264854,4,2,2023,2,1
1800.0,202,1983,25000.0,3.0,Corporate Event,5,0.0,0.0,100.0,200.0,1,0,18,0,0,0,12.600806451612904,8.866995073891626,9.768472906403941,10.181451612903226,4,2,2025,5,1
6050.0,239,4101,25000.0,20.0,Corporate Event,4,0.0,0.0,300.0,500.0,1,2,17,0,0,0,6.094588005850804,25.208333333333332,17.0875,5.826426133593369,2,1,2025,2,0
12697.0,203,1258,19000.0,3.0,Birthday,1,0.0,0.0,100.0,200.0,0,0,18,0,0,2,15.091342335186656,62.240196078431374,6.166666666666667,16.12390786338364,8,3,2025,4,2
5978.0,176,3661,25000.0,10.0,Corporate Event,2,0.0,0.0,200.0,400.0,1,2,6,0,1,1,6.826870562534134,33.77401129943503,20.683615819209038,4.8061168760240305,4,2,2022,5,1
902.0,42,3577,20000.0,16.0,Birthday,3,0.0,0.0,200.0,400.0,0,2,1,0,1,2,5.589714924538849,20.976744186046513,83.18604651162791,1.1738401341531581,8,3,2024,3,2
4587.0,203,1417,20000.0,0.0,Birthday,5,0.0,0.0,200.0,500.0,0,2,11,0,0,1,14.104372355430183,22.485294117647058,6.946078431372549,14.315937940761636,11,4,2024,4,3
8271.0,176,3661,17000.0,0.0,Birthday,2,0.0,0.0,200.0,400.0,0,2,6,0,1,2,4.642271982523211,46.728813559322035,20.683615819209038,4.8061168760240305,9,3,2025,3,3
608.0,203,1258,26000.0,2.0,Birthday,3,0.0,0.0,200.0,500.0,0,0,9,0,0,0,20.651310563939635,2.980392156862745,6.166666666666667,16.12390786338364,3,1,2023,5,1
10019.0,42,3577,12000.0,5.0,Birthday,1,0.0,0.0,300.0,500.0,0,2,14,0,1,0,3.3538289547233093,233.0,83.18604651162791,1.1738401341531581,1,1,2022,0,0
4352.0,42,3577,12000.0,14.0,Wedding,2,0.0,0.0,300.0,500.0,2,1,10,0,1,2,3.3538289547233093,101.20930232558139,83.18604651162791,1.1738401341531581,12,4,2022,3,0
13676.0,42,3577,19000.0,4.0,Wedding,4,0.0,0.0,300.0,500.0,2,0,2,0,1,1,5.310229178311906,318.04651162790697,83.18604651162791,1.1738401341531581,3,1,2024,6,1
13944.0,298,962,13000.0,9.0,Birthday,4,0.0,0.0,200.0,400.0,0,1,6,0,1,2,13.499480789200415,46.635451505016725,3.217391304347826,30.944963655244027,11,4,2025,6,3
4376.0,155,66,17000.0,0.0,Birthday,1,0.0,0.0,200.0,400.0,0,0,13,0,1,0,253.73134328358208,28.05128205128205,0.4230769230769231,231.34328358208953,10,4,2024,0,3
3155.0,155,66,26000.0,13.0,Wedding,3,0.0,0.0,200.0,400.0,2,1,8,0,1,2,388.05970149253733,20.224358974358974,0.4230769230769231,231.34328358208953,6,2,2025,6,2
10193.0,229,3480,22000.0,5.0,Corporate Event,3,0.0,0.0,100.0,200.0,1,1,3,0,0,2,6.320022981901753,44.31739130434783,15.130434782608695,6.578569376615915,5,2,2023,5,1
2093.0,229,3480,13000.0,0.0,Wedding,2,0.0,0.0,200.0,400.0,2,0,12,0,1,2,3.7345590347601263,9.1,15.130434782608695,6.578569376615915,1,1,2024,0,0
288.0,203,1258,19000.0,14.0,Birthday,4,0.0,0.0,200.0,400.0,0,2,0,0,1,2,15.091342335186656,1.411764705882353,6.166666666666667,16.12390786338364,5,2,2023,1,1
3121.0,126,4896,21000.0,2.0,Birthday,1,0.0,0.0,200.0,400.0,0,0,1,0,1,2,4.288339799877476,24.5748031496063,38.55118110236221,2.5730038799264854,8,3,2025,3,2
13685.0,249,22215,24000.0,0.0,Corporate Event,4,0.0,0.0,100.0,200.0,1,0,3,0,0,0,1.0803024846957148,54.74,88.86,1.120813827871804,10,4,2024,1,3
6741.0,249,22215,23000.0,0.0,Corporate Event,1,0.0,0.0,100.0,200.0,1,2,3,0,0,0,1.0352898811667266,26.964,88.86,1.120813827871804,6,2,2022,6,2
11942.0,42,3577,13000.0,2.0,Birthday,2,0.0,0.0,300.0,500.0,0,2,2,0,1,0,3.6333147009502516,277.72093023255815,83.18604651162791,1.1738401341531581,7,3,2025,1,2
1449.0,126,4896,22000.0,9.0,Birthday,4,0.0,0.0,300.0,500.0,0,2,5,0,1,2,4.492546457014499,11.409448818897637,38.55118110236221,2.5730038799264854,9,3,2024,6,3
744.0,42,3577,20000.0,2.0,Wedding,3,0.0,0.0,100.0,200.0,2,2,4,0,0,1,5.589714924538849,17.302325581395348,83.18604651162791,1.1738401341531581,6,2,2022,4,2
9999.0,126,4896,25000.0,2.0,Birthday,1,0.0,0.0,200.0,400.0,0,0,1,0,1,0,5.105166428425567,78.73228346456693,38.55118110236221,2.5730038799264854,11,4,2023,6,3
11126.0,203,1417,26000.0,0.0,Birthday,1,0.0,0.0,200.0,400.0,0,0,13,0,1,2,18.33568406205924,54.53921568627451,6.946078431372549,14.315937940761636,1,1,2024,2,0
4390.0,203,1417,20000.0,8.0,Wedding,1,0.0,0.0,100.0,200.0,2,2,18,0,0,1,14.104372355430183,21.519607843137255,6.946078431372549,14.315937940761636,9,3,2023,5,3
14375.0,202,1983,23000.0,2.0,Corporate Event,3,0.0,0.0,300.0,500.0,1,2,2,0,1,1,11.59274193548387,70.8128078817734,9.768472906403941,10.181451612903226,8,3,2023,3,2
1300.0,176,3661,20000.0,9.0,Birthday,2,0.0,0.0,300.0,500.0,0,1,14,0,1,1,5.461496450027307,7.344632768361582,20.683615819209038,4.8061168760240305,10,4,2022,1,3
13502.0,202,1983,22000.0,0.0,Birthday,3,0.0,0.0,100.0,200.0,0,1,15,0,0,2,11.088709677419354,66.51231527093596,9.768472906403941,10.181451612903226,10,4,2025,4,3
8190.0,176,3661,15000.0,3.0,Corporate Event,3,0.0,0.0,200.0,500.0,1,2,9,0,0,2,4.09612233752048,46.271186440677965,20.683615819209038,4.8061168760240305,10,4,2022,0,3
8267.0,239,4101,25000.0,3.0,Wedding,1,0.0,0.0,200.0,400.0,2,1,12,0,1,0,6.094588005850804,34.44583333333333,17.0875,5.826426133593369,6,2,2023,3,2
6763.0,239,4101,24000.0,20.0,Corporate Event,5,0.0,0.0,300.0,500.0,1,2,17,0,0,1,5.850804485616773,28.179166666666667,17.0875,5.826426133593369,1,1,2024,2,0
13103.0,203,1258,15000.0,15.0,Wedding,4,0.0,0.0,200.0,400.0,2,1,1,0,1,2,11.914217633042098,64.23039215686275,6.166666666666667,16.12390786338364,4,2,2023,1,1
3117.0,239,4101,24000.0,3.0,Corporate Event,1,0.0,0.0,200.0,500.0,1,2,9,0,0,2,5.850804485616773,12.9875,17.0875,5.826426133593369,3,1,2025,0,1
6132.0,203,1417,25000.0,7.0,Corporate Event,3,0.0,0.0,300.0,500.0,1,2,10,0,1,2,17.63046544428773,30.058823529411764,6.946078431372549,14.315937940761636,3,1,2024,0,1
9432.0,203,1417,13000.0,10.0,Birthday,2,0.0,0.0,200.0,400.0,0,2,6,0,1,1,9.16784203102962,46.23529411764706,6.946078431372549,14.315937940761636,5,2,2022,5,1
10154.0,176,3661,22000.0,20.0,Birthday,4,0.0,0.0,300.0,500.0,0,2,17,0,0,1,6.007646095030038,57.367231638418076,20.683615819209038,4.8061168760240305,6,2,2023,6,2
13971.0,176,3661,15000.0,3.0,Wedding,5,0.0,0.0,200.0,400.0,2,2,12,0,1,2,4.09612233752048,78.9322033898305,20.683615819209038,4.8061168760240305,1,1,2025,4,0
10014.0,239,4101,25000.0,0.0,Wedding,2,0.0,0.0,300.0,500.0,2,2,16,0,1,2,6.094588005850804,41.725,17.0875,5.826426133593369,9,3,2022,3,3
13132.0,202,1983,21000.0,7.0,Wedding,2,0.0,0.0,300.0,500.0,2,0,5,0,1,1,10.584677419354838,64.6896551724138,9.768472906403941,10.181451612903226,9,3,2025,2,3
3541.0,249,22215,21000.0,0.0,Wedding,3,0.0,0.0,200.0,400.0,2,1,13,0,1,1,0.9452646741087505,14.164,88.86,1.120813827871804,1,1,2023,3,0
7601.0,252,1608,12000.0,14.0,Corporate Event,4,0.0,0.0,300.0,500.0,1,1,10,0,1,2,7.458048477315103,30.043478260869566,6.355731225296442,15.661901802361717,8,3,2024,4,2
6385.0,203,1258,22000.0,0.0,Corporate Event,4,0.0,0.0,300.0,500.0,1,0,16,0,1,1,17.474185861795075,31.29901960784314,6.166666666666667,16.12390786338364,1,1,2022,0,0
10161.0,239,4101,12000.0,10.0,Wedding,5,0.0,0.0,200.0,500.0,2,0,11,0,0,0,2.9254022428083863,42.3375,17.0875,5.826426133593369,9,3,2023,5,3
8077.0,298,962,26000.0,0.0,Wedding,1,0.0,0.0,200.0,400.0,2,1,13,0,1,0,26.99896157840083,27.013377926421406,3.217391304347826,30.944963655244027,4,2,2024,5,1
6696.0,203,1258,12000.0,5.0,Corporate Event,1,0.0,0.0,300.0,500.0,1,1,5,0,1,1,9.531374106433677,32.8235294117647,6.166666666666667,16.12390786338364,11,4,2022,1,3
10365.0,202,1983,26000.0,2.0,Wedding,1,0.0,0.0,200.0,400.0,2,2,7,0,1,1,13.10483870967742,51.05911330049261,9.768472906403941,10.181451612903226,7,3,2025,5,2
9732.0,155,66,19000.0,5.0,Corporate Event,2,0.0,0.0,100.0,200.0,1,1,3,0,0,0,283.5820895522388,62.38461538461539,0.4230769230769231,231.34328358208953,8,3,2024,1,2
9715.0,203,1258,19000.0,6.0,Wedding,3,0.0,0.0,200.0,400.0,2,1,7,0,1,0,15.091342335186656,47.622549019607845,6.166666666666667,16.12390786338364,4,2,2024,1,1
9232.0,155,66,22000.0,7.0,Wedding,5,0.0,0.0,300.0,500.0,2,0,5,0,1,1,328.35820895522386,59.17948717948718,0.4230769230769231,231.34328358208953,4,2,2023,1,1
13647.0,202,1983,15000.0,5.0,Birthday,2,0.0,0.0,300.0,500.0,0,2,14,0,1,2,7.560483870967742,67.22660098522168,9.768472906403941,10.181451612903226,6,2,2023,5,2
3918.0,42,3577,20000.0,5.0,Corporate Event,1,0.0,0.0,300.0,500.0,1,1,5,0,1,2,5.589714924538849,91.11627906976744,83.18604651162791,1.1738401341531581,7,3,2025,3,2
3869.0,176,3661,24000.0,7.0,Birthday,3,0.0,0.0,300.0,500.0,0,0,5,0,1,0,6.553795740032769,21.858757062146893,20.683615819209038,4.8061168760240305,5,2,2025,3,1
8508.0,252,1608,26000.0,7.0,Wedding,4,0.0,0.0,300.0,500.0,2,2,10,0,1,2,16.159105034182723,33.62845849802372,6.355731225296442,15.661901802361717,5,2,2022,6,1
8533.0,239,4101,17000.0,4.0,Corporate Event,1,0.0,0.0,100.0,200.0,1,2,18,0,0,1,4.144319843978547,35.55416666666667,17.0875,5.826426133593369,1,1,2023,0,0
13498.0,126,4896,23000.0,5.0,Corporate Event,4,0.0,0.0,300.0,500.0,1,1,5,0,1,2,4.696753114151521,106.28346456692914,38.55118110236221,2.5730038799264854,2,1,2022,2,0
3959.0,203,1417,26000.0,0.0,Wedding,1,0.0,0.0,200.0,400.0,2,0,13,0,1,0,18.33568406205924,19.40686274509804,6.946078431372549,14.315937940761636,8,3,2024,5,2
591.0,249,22215,20000.0,0.0,Corporate Event,3,0.0,0.0,300.0,500.0,1,0,16,0,1,0,0.9002520705797623,2.364,88.86,1.120813827871804,1,1,2022,5,0
11714.0,155,66,23000.0,20.0,Corporate Event,2,0.0,0.0,300.0,500.0,1,2,17,0,0,2,343.2835820895522,75.08974358974359,0.4230769230769231,231.34328358208953,3,1,2025,6,1
13812.0,252,1608,24000.0,3.0,Birthday,4,0.0,0.0,200.0,400.0,0,1,12,0,1,0,14.916096954630206,54.59288537549407,6.355731225296442,15.661901802361717,6,2,2024,1,2
5460.0,203,1258,19000.0,11.0,Wedding,1,0.0,0.0,200.0,400.0,2,1,0,0,1,2,15.091342335186656,26.764705882352942,6.166666666666667,16.12390786338364,7,3,2022,6,2
10198.0,252,1608,25000.0,3.0,Birthday,3,0.0,0.0,200.0,400.0,0,2,12,0,1,0,15.537600994406464,40.308300395256914,6.355731225296442,15.661901802361717,9,3,2025,1,3
8765.0,298,962,17000.0,8.0,Wedding,3,0.0,0.0,300.0,500.0,2,2,2,0,1,1,17.653167185877468,29.31438127090301,3.217391304347826,30.944963655244027,2,1,2023,0,0
3292.0,249,22215,21000.0,7.0,Wedding,4,0.0,0.0,300.0,500.0,2,2,10,0,1,1,0.9452646741087505,13.168,88.86,1.120813827871804,2,1,2025,4,0
4537.0,176,3661,20000.0,5.0,Corporate Event,3,0.0,0.0,300.0,500.0,1,1,16,0,1,1,5.461496450027307,25.63276836158192,20.683615819209038,4.8061168760240305,12,4,2024,3,0
11853.0,239,4101,26000.0,10.0,Birthday,1,0.0,0.0,100.0,200.0,0,1,4,0,0,2,6.338371526084837,49.3875,17.0875,5.826426133593369,6,2,2023,6,2
3564.0,229,3480,12000.0,20.0,Corporate Event,1,0.0,0.0,300.0,500.0,1,2,17,0,0,1,3.4472852628555013,15.495652173913044,15.130434782608695,6.578569376615915,9,3,2025,5,3
6063.0,202,1983,21000.0,4.0,Wedding,5,0.0,0.0,300.0,500.0,2,2,5,0,1,2,10.584677419354838,29.866995073891626,9.768472906403941,10.181451612903226,10,4,2023,1,3
626.0,252,1608,12000.0,5.0,Corporate Event,5,0.0,0.0,300.0,500.0,1,1,5,0,1,2,7.458048477315103,2.474308300395257,6.355731225296442,15.661901802361717,2,1,2023,2,0
5226.0,126,4896,26000.0,0.0,Corporate Event,3,0.0,0.0,300.0,500.0,1,2,16,0,1,2,5.309373085562589,41.1496062992126,38.55118110236221,2.5730038799264854,7,3,2022,3,2
1518.0,176,3661,22000.0,7.0,Birthday,5,0.0,0.0,300.0,500.0,0,0,5,0,1,0,6.007646095030038,8.576271186440678,20.683615819209038,4.8061168760240305,3,1,2023,1,1
12525.0,252,1608,22000.0,16.0,Corporate Event,5,0.0,0.0,300.0,500.0,1,2,14,0,1,0,13.673088875077688,49.50592885375494,6.355731225296442,15.661901802361717,1,1,2023,3,0
12708.0,126,4896,24000.0,15.0,Wedding,5,0.0,0.0,200.0,400.0,2,1,1,0,1,1,4.900959771288544,100.06299212598425,38.55118110236221,2.5730038799264854,2,1,2024,1,0
9038.0,155,66,20000.0,7.0,Wedding,5,0.0,0.0,100.0,200.0,2,1,18,0,0,2,298.5074626865672,57.93589743589744,0.4230769230769231,231.34328358208953,2,1,2022,1,0
3669.0,249,22215,17000.0,5.0,Birthday,1,0.0,0.0,100.0,200.0,0,1,3,0,0,1,0.765214259992798,14.676,88.86,1.120813827871804,10,4,2024,6,3
5767.0,252,1608,15000.0,20.0,Wedding,1,0.0,0.0,300.0,500.0,2,2,17,0,0,1,9.322560596643878,22.794466403162055,6.355731225296442,15.661901802361717,5,2,2025,3,1
3144.0,176,3661,12000.0,10.0,Birthday,3,0.0,0.0,200.0,400.0,0,2,6,0,1,1,3.2768978700163847,17.76271186440678,20.683615819209038,4.8061168760240305,4,2,2025,1,1
10434.0,203,1258,15000.0,5.0,Birthday,1,0.0,0.0,300.0,500.0,0,1,16,0,1,1,11.914217633042098,51.14705882352941,6.166666666666667,16.12390786338364,8,3,2022,1,2
7192.0,203,1417,24000.0,16.0,Wedding,4,0.0,0.0,200.0,400.0,2,2,8,0,1,2,16.92524682651622,35.254901960784316,6.946078431372549,14.315937940761636,6,2,2022,0,2
12628.0,202,1983,20000.0,0.0,Wedding,1,0.0,0.0,300.0,500.0,2,2,16,0,1,0,10.080645161290322,62.206896551724135,9.768472906403941,10.181451612903226,1,1,2022,3,0
7803.0,239,4101,12000.0,4.0,Wedding,1,0.0,0.0,100.0,200.0,2,2,18,0,0,2,2.9254022428083863,32.5125,17.0875,5.826426133593369,6,2,2022,6,2
14145.0,202,1983,21000.0,2.0,Birthday,4,0.0,0.0,100.0,200.0,0,2,4,0,0,0,10.584677419354838,69.67980295566502,9.768472906403941,10.181451612903226,2,1,2022,1,0
12870.0,203,1258,12000.0,10.0,Wedding,5,0.0,0.0,200.0,400.0,2,2,0,0,1,1,9.531374106433677,63.088235294117645,6.166666666666667,16.12390786338364,8,3,2025,5,2
13611.0,42,3577,26000.0,10.0,Birthday,3,0.0,0.0,200.0,500.0,0,0,11,0,0,2,7.266629401900503,316.5348837209302,83.18604651162791,1.1738401341531581,3,1,2022,1,1
551.0,252,1608,24000.0,20.0,Birthday,3,0.0,0.0,300.0,500.0,0,2,17,0,0,2,14.916096954630206,2.177865612648221,6.355731225296442,15.661901802361717,7,3,2022,2,2
4371.0,203,1417,24000.0,15.0,Corporate Event,5,0.0,0.0,200.0,400.0,1,1,1,0,1,0,16.92524682651622,21.426470588235293,6.946078431372549,14.315937940761636,1,1,2024,3,0
1061.0,203,1258,12000.0,7.0,Birthday,3,0.0,0.0,100.0,200.0,0,1,18,0,0,0,9.531374106433677,5.200980392156863,6.166666666666667,16.12390786338364,11,4,2025,1,3
2400.0,203,1417,15000.0,2.0,Wedding,4,0.0,0.0,200.0,400.0,2,2,7,0,1,1,10.578279266572638,11.764705882352942,6.946078431372549,14.315937940761636,3,1,2025,2,1
12077.0,176,3661,13000.0,0.0,Birthday,3,0.0,0.0,300.0,500.0,0,0,16,0,1,1,3.5499726925177497,68.2316384180791,20.683615819209038,4.8061168760240305,1,1,2022,3,0
9071.0,155,66,24000.0,0.0,Corporate Event,2,0.0,0.0,200.0,400.0,1,0,13,0,1,0,358.2089552238806,58.1474358974359,0.4230769230769231,231.34328358208953,8,3,2025,4,2
10461.0,42,3577,24000.0,3.0,Wedding,3,0.0,0.0,200.0,500.0,2,1,11,0,0,0,6.707657909446619,243.27906976744185,83.18604651162791,1.1738401341531581,7,3,2022,6,2
8615.0,203,1258,24000.0,2.0,Birthday,4,0.0,0.0,300.0,500.0,0,2,2,0,1,0,19.062748212867355,42.23039215686274,6.166666666666667,16.12390786338364,11,4,2022,2,3
249.0,239,4101,12000.0,5.0,Corporate Event,1,0.0,0.0,100.0,200.0,1,1,3,0,0,1,2.9254022428083863,1.0375,17.0875,5.826426133593369,3,1,2022,3,1
9321.0,203,1417,12000.0,8.0,Wedding,3,0.0,0.0,300.0,500.0,2,2,2,0,1,0,8.46262341325811,45.69117647058823,6.946078431372549,14.315937940761636,1,1,2022,0,0
1761.0,203,1417,26000.0,0.0,Corporate Event,2,0.0,0.0,200.0,400.0,1,0,0,0,1,1,18.33568406205924,8.632352941176471,6.946078431372549,14.315937940761636,5,2,2024,2,1
7931.0,239,4101,21000.0,4.0,Wedding,3,0.0,0.0,300.0,500.0,2,2,5,0,1,1,5.1194539249146755,33.045833333333334,17.0875,5.826426133593369,6,2,2025,3,2
14274.0,126,4896,19000.0,0.0,Corporate Event,2,0.0,0.0,200.0,400.0,1,0,7,0,1,1,3.8799264856034306,112.39370078740157,38.55118110236221,2.5730038799264854,7,3,2024,5,2
8129.0,239,4101,23000.0,0.0,Wedding,2,0.0,0.0,300.0,500.0,2,0,14,0,1,1,5.60702096538274,33.87083333333333,17.0875,5.826426133593369,2,1,2022,0,0
3366.0,229,3480,21000.0,0.0,Corporate Event,3,0.0,0.0,200.0,400.0,1,0,12,0,1,1,6.032749209997127,14.634782608695652,15.130434782608695,6.578569376615915,4,2,2022,5,1
10889.0,203,1258,25000.0,0.0,Birthday,2,0.0,0.0,200.0,400.0,0,0,12,0,1,1,19.857029388403493,53.377450980392155,6.166666666666667,16.12390786338364,7,3,2023,4,2
10466.0,249,22215,24000.0,6.0,Corporate Event,2,0.0,0.0,200.0,400.0,1,1,7,0,1,0,1.0803024846957148,41.864,88.86,1.120813827871804,1,1,2023,3,0
718.0,42,3577,15000.0,0.0,Wedding,4,0.0,0.0,100.0,200.0,2,0,4,0,0,2,4.192286193404136,16.697674418604652,83.18604651162791,1.1738401341531581,3,1,2025,4,1
13151.0,249,22215,12000.0,7.0,Wedding,4,0.0,0.0,100.0,200.0,2,0,15,0,0,2,0.5401512423478574,52.604,88.86,1.120813827871804,11,4,2023,6,3
13037.0,249,22215,19000.0,0.0,Birthday,5,0.0,0.0,300.0,500.0,0,2,16,0,1,0,0.8552394670507742,52.148,88.86,1.120813827871804,2,1,2023,4,0
13815.0,203,1417,26000.0,2.0,Corporate Event,3,0.0,0.0,300.0,500.0,1,2,10,0,1,1,18.33568406205924,67.72058823529412,6.946078431372549,14.315937940761636,12,4,2022,5,0
6556.0,249,22215,21000.0,3.0,Birthday,2,0.0,0.0,200.0,500.0,0,1,11,0,0,0,0.9452646741087505,26.224,88.86,1.120813827871804,9,3,2023,0,3
11709.0,298,962,26000.0,10.0,Corporate Event,2,0.0,0.0,200.0,400.0,1,2,6,0,1,0,26.99896157840083,39.16053511705686,3.217391304347826,30.944963655244027,11,4,2025,1,3
2187.0,203,1258,15000.0,9.0,Wedding,2,0.0,0.0,200.0,400.0,2,1,6,0,1,1,11.914217633042098,10.720588235294118,6.166666666666667,16.12390786338364,6,2,2025,3,2
10258.0,239,4101,26000.0,13.0,Corporate Event,4,0.0,0.0,200.0,400.0,1,1,8,0,1,0,6.338371526084837,42.74166666666667,17.0875,5.826426133593369,8,3,2025,6,2
6847.0,203,1417,12000.0,18.0,Wedding,3,0.0,0.0,200.0,400.0,2,0,8,0,1,2,8.46262341325811,33.56372549019608,6.946078431372549,14.315937940761636,5,2,2023,5,1
5474.0,203,1258,23000.0,16.0,Wedding,2,0.0,0.0,200.0,400.0,2,2,8,0,1,2,18.268467037331217,26.833333333333332,6.166666666666667,16.12390786338364,1,1,2025,3,0
4525.0,155,66,20000.0,20.0,Corporate Event,5,0.0,0.0,200.0,400.0,1,2,8,0,1,2,298.5074626865672,29.006410256410255,0.4230769230769231,231.34328358208953,9,3,2025,0,3
11874.0,298,962,20000.0,18.0,Birthday,5,0.0,0.0,200.0,400.0,0,0,8,0,1,2,20.768431983385256,39.7123745819398,3.217391304347826,30.944963655244027,9,3,2022,2,3
14178.0,155,66,26000.0,10.0,Corporate Event,3,0.0,0.0,200.0,500.0,1,0,11,0,0,1,388.05970149253733,90.88461538461539,0.4230769230769231,231.34328358208953,7,3,2024,6,2
10743.0,249,22215,21000.0,20.0,Wedding,2,0.0,0.0,300.0,500.0,2,2,17,0,0,2,0.9452646741087505,42.972,88.86,1.120813827871804,11,4,2025,6,3
12292.0,176,3661,17000.0,10.0,Corporate Event,4,0.0,0.0,200.0,500.0,1,0,11,0,0,2,4.642271982523211,69.44632768361582,20.683615819209038,4.8061168760240305,10,4,2023,4,3
10983.0,239,4101,22000.0,3.0,Wedding,5,0.0,0.0,200.0,400.0,2,2,12,0,1,0,5.363237445148708,45.7625,17.0875,5.826426133593369,2,1,2023,0,0
12093.0,126,4896,25000.0,0.0,Birthday,3,0.0,0.0,100.0,200.0,0,2,3,0,0,0,5.105166428425567,95.22047244094489,38.55118110236221,2.5730038799264854,11,4,2024,4,3
1515.0,239,4101,20000.0,7.0,Birthday,3,0.0,0.0,100.0,200.0,0,2,4,0,0,2,4.875670404680643,6.3125,17.0875,5.826426133593369,6,2,2023,3,2
3638.0,252,1608,12000.0,0.0,Wedding,5,0.0,0.0,200.0,400.0,2,0,6,0,1,0,7.458048477315103,14.379446640316205,6.355731225296442,15.661901802361717,1,1,2024,4,0
4801.0,239,4101,15000.0,14.0,Birthday,3,0.0,0.0,300.0,500.0,0,1,10,0,1,1,3.6567528035104826,20.004166666666666,17.0875,5.826426133593369,7,3,2023,0,2
6743.0,298,962,23000.0,16.0,Birthday,3,0.0,0.0,200.0,400.0,0,2,13,0,1,2,23.883696780893043,22.551839464882942,3.217391304347826,30.944963655244027,3,1,2023,4,1
734.0,155,66,25000.0,0.0,Wedding,5,0.0,0.0,200.0,400.0,2,2,6,0,1,2,373.13432835820896,4.705128205128205,0.4230769230769231,231.34328358208953,11,4,2022,1,3
10268.0,252,1608,20000.0,14.0,Birthday,4,0.0,0.0,300.0,500.0,0,1,10,0,1,1,12.430080795525171,40.58498023715415,6.355731225296442,15.661901802361717,9,3,2022,6,3
3306.0,126,4896,21000.0,13.0,Wedding,1,0.0,0.0,200.0,400.0,2,1,8,0,1,2,4.288339799877476,26.031496062992126,38.55118110236221,2.5730038799264854,5,2,2025,4,1
2433.0,176,3661,15000.0,18.0,Corporate Event,5,0.0,0.0,200.0,400.0,1,0,8,0,1,2,4.09612233752048,13.745762711864407,20.683615819209038,4.8061168760240305,7,3,2023,5,2
301.0,229,3480,20000.0,0.0,Birthday,2,0.0,0.0,300.0,500.0,0,2,16,0,1,1,5.745475438092502,1.308695652173913,15.130434782608695,6.578569376615915,5,2,2025,2,1
3859.0,203,1258,13000.0,14.0,Wedding,2,0.0,0.0,300.0,500.0,2,1,10,0,1,1,10.325655281969818,18.916666666666668,6.166666666666667,16.12390786338364,4,2,2024,3,1
5774.0,202,1983,20000.0,9.0,Wedding,5,0.0,0.0,300.0,500.0,2,1,14,0,1,0,10.080645161290322,28.44334975369458,9.768472906403941,10.181451612903226,7,3,2022,3,2
5719.0,298,962,24000.0,0.0,Corporate Event,2,0.0,0.0,200.0,400.0,1,1,13,0,1,2,24.922118380062305,19.127090301003346,3.217391304347826,30.944963655244027,1,1,2025,0,0
2612.0,298,962,20000.0,0.0,Wedding,3,0.0,0.0,100.0,200.0,2,0,3,0,0,1,20.768431983385256,8.735785953177258,3.217391304347826,30.944963655244027,5,2,2024,4,1
675.0,202,1983,26000.0,0.0,Corporate Event,2,0.0,0.0,200.0,400.0,1,0,12,0,1,2,13.10483870967742,3.3251231527093594,9.768472906403941,10.181451612903226,3,1,2024,5,1
2788.0,229,3480,17000.0,0.0,Birthday,1,0.0,0.0,200.0,400.0,0,0,6,0,1,2,4.883654122378627,12.121739130434783,15.130434782608695,6.578569376615915,2,1,2023,3,0
4541.0,298,962,25000.0,16.0,Birthday,3,0.0,0.0,300.0,500.0,0,2,14,0,1,0,25.96053997923157,15.187290969899665,3.217391304347826,30.944963655244027,8,3,2024,0,2
9429.0,176,3661,23000.0,5.0,Wedding,3,0.0,0.0,300.0,500.0,2,1,5,0,1,2,6.280720917531403,53.271186440677965,20.683615819209038,4.8061168760240305,2,1,2025,0,0
11920.0,155,66,13000.0,0.0,Birthday,5,0.0,0.0,100.0,200.0,0,2,15,0,0,0,194.02985074626866,76.41025641025641,0.4230769230769231,231.34328358208953,3,1,2024,4,1
10141.0,203,1417,23000.0,5.0,Birthday,1,0.0,0.0,300.0,500.0,0,2,14,0,1,0,16.22002820874471,49.71078431372549,6.946078431372549,14.315937940761636,12,4,2022,6,0
5162.0,202,1983,17000.0,6.0,Corporate Event,1,0.0,0.0,300.0,500.0,1,1,2,0,1,1,8.568548387096774,25.428571428571427,9.768472906403941,10.181451612903226,6,2,2023,3,2
1743.0,155,66,12000.0,14.0,Birthday,3,0.0,0.0,200.0,400.0,0,2,0,0,1,2,179.1044776119403,11.173076923076923,0.4230769230769231,231.34328358208953,5,2,2024,3,1
5964.0,155,66,17000.0,2.0,Corporate Event,5,0.0,0.0,200.0,400.0,1,2,13,0,1,0,253.73134328358208,38.23076923076923,0.4230769230769231,231.34328358208953,6,2,2024,0,2
10367.0,126,4896,17000.0,0.0,Wedding,4,0.0,0.0,300.0,500.0,2,2,16,0,1,2,3.471513171329385,81.62992125984252,38.55118110236221,2.5730038799264854,7,3,2025,4,2
1221.0,202,1983,20000.0,10.0,Wedding,4,0.0,0.0,200.0,400.0,2,2,0,0,1,2,10.080645161290322,6.014778325123153,9.768472906403941,10.181451612903226,2,1,2025,2,0
14916.0,239,4101,19000.0,9.0,Corporate Event,5,0.0,0.0,200.0,400.0,1,1,6,0,1,0,4.631886884446612,62.15,17.0875,5.826426133593369,6,2,2024,0,2
12652.0,202,1983,23000.0,5.0,Birthday,5,0.0,0.0,300.0,500.0,0,2,14,0,1,1,11.59274193548387,62.32512315270936,9.768472906403941,10.181451612903226,10,4,2025,1,3
437.0,229,3480,15000.0,14.0,Corporate Event,2,0.0,0.0,300.0,500.0,1,1,10,0,1,0,4.309106578569376,1.9,15.130434782608695,6.578569376615915,1,1,2023,1,0
6175.0,126,4896,22000.0,2.0,Birthday,5,0.0,0.0,200.0,400.0,0,0,1,0,1,0,4.492546457014499,48.62204724409449,38.55118110236221,2.5730038799264854,1,1,2023,5,0
13376.0,239,4101,21000.0,4.0,Corporate Event,2,0.0,0.0,200.0,400.0,1,2,1,0,1,1,5.1194539249146755,55.733333333333334,17.0875,5.826426133593369,9,3,2025,1,3
7435.0,249,22215,15000.0,20.0,Wedding,4,0.0,0.0,300.0,500.0,2,2,17,0,0,2,0.6751890529348218,29.74,88.86,1.120813827871804,8,3,2024,6,2
5075.0,252,1608,13000.0,16.0,Birthday,3,0.0,0.0,200.0,400.0,0,2,8,0,1,0,8.079552517091361,20.059288537549406,6.355731225296442,15.661901802361717,7,3,2022,0,2
2062.0,229,3480,17000.0,11.0,Birthday,4,0.0,0.0,200.0,400.0,0,1,0,0,1,2,4.883654122378627,8.965217391304348,15.130434782608695,6.578569376615915,8,3,2022,1,2
4942.0,203,1417,21000.0,16.0,Birthday,1,0.0,0.0,200.0,500.0,0,2,9,0,0,0,14.809590973201692,24.225490196078432,6.946078431372549,14.315937940761636,6,2,2023,6,2
752.0,202,1983,20000.0,9.0,Birthday,2,0.0,0.0,200.0,400.0,0,1,6,0,1,2,10.080645161290322,3.7044334975369457,9.768472906403941,10.181451612903226,12,4,2022,3,0
4359.0,239,4101,13000.0,0.0,Corporate Event,5,0.0,0.0,100.0,200.0,1,0,3,0,0,0,3.1691857630424183,18.1625,17.0875,5.826426133593369,12,4,2023,3,0
2204.0,229,3480,15000.0,4.0,Birthday,3,0.0,0.0,300.0,500.0,0,1,17,0,0,0,4.309106578569376,9.582608695652175,15.130434782608695,6.578569376615915,2,1,2025,3,0
6926.0,176,3661,25000.0,8.0,Corporate Event,2,0.0,0.0,100.0,200.0,1,2,18,0,0,2,6.826870562534134,39.12994350282486,20.683615819209038,4.8061168760240305,7,3,2025,1,2
1297.0,155,66,23000.0,10.0,Corporate Event,4,0.0,0.0,200.0,400.0,1,2,0,0,1,1,343.2835820895522,8.314102564102564,0.4230769230769231,231.34328358208953,2,1,2024,1,0
9619.0,155,66,24000.0,10.0,Birthday,1,0.0,0.0,200.0,400.0,0,2,6,0,1,1,358.2089552238806,61.66025641025641,0.4230769230769231,231.34328358208953,11,4,2024,0,3
2264.0,252,1608,24000.0,3.0,Birthday,2,0.0,0.0,200.0,500.0,0,1,11,0,0,1,14.916096954630206,8.948616600790514,6.355731225296442,15.661901802361717,1,1,2025,0,0
6415.0,203,1417,26000.0,10.0,Birthday,1,0.0,0.0,200.0,500.0,0,0,11,0,0,2,18.33568406205924,31.44607843137255,6.946078431372549,14.315937940761636,10,4,2024,4,3
6347.0,126,4896,23000.0,16.0,Birthday,2,0.0,0.0,200.0,400.0,0,2,8,0,1,1,4.696753114151521,49.976377952755904,38.55118110236221,2.5730038799264854,9,3,2023,2,3
7037.0,42,3577,22000.0,10.0,Birthday,4,0.0,0.0,100.0,200.0,0,1,4,0,0,0,6.148686416992733,163.65116279069767,83.18604651162791,1.1738401341531581,5,2,2024,1,1
11888.0,229,3480,12000.0,0.0,Corporate Event,3,0.0,0.0,200.0,400.0,1,0,13,0,1,0,3.4472852628555013,51.68695652173913,15.130434782608695,6.578569376615915,10,4,2024,5,3
9012.0,239,4101,23000.0,5.0,Wedding,1,0.0,0.0,300.0,500.0,2,1,16,0,1,2,5.60702096538274,37.55,17.0875,5.826426133593369,7,3,2022,0,2
7398.0,239,4101,13000.0,7.0,Wedding,4,0.0,0.0,100.0,200.0,2,1,18,0,0,2,3.1691857630424183,30.825,17.0875,5.826426133593369,10,4,2024,2,3
8219.0,42,3577,17000.0,0.0,Birthday,3,0.0,0.0,300.0,500.0,0,0,16,0,1,1,4.751257685858021,191.13953488372093,83.18604651162791,1.1738401341531581,1,1,2022,1,0
8841.0,203,1417,15000.0,14.0,Corporate Event,5,0.0,0.0,300.0,500.0,1,1,10,0,1,2,10.578279266572638,43.338235294117645,6.946078431372549,14.315937940761636,1,1,2025,0,0
9441.0,249,22215,12000.0,10.0,Wedding,5,0.0,0.0,200.0,400.0,2,2,6,0,1,1,0.5401512423478574,37.764,88.86,1.120813827871804,10,4,2024,3,3
13857.0,155,66,13000.0,4.0,Wedding,2,0.0,0.0,300.0,500.0,2,2,5,0,1,2,194.02985074626866,88.82692307692308,0.4230769230769231,231.34328358208953,8,3,2024,5,2
7837.0,239,4101,20000.0,0.0,Birthday,1,0.0,0.0,300.0,500.0,0,2,16,0,1,0,4.875670404680643,32.65416666666667,17.0875,5.826426133593369,2,1,2025,6,0
431.0,155,66,26000.0,7.0,Wedding,3,0.0,0.0,300.0,500.0,2,0,5,0,1,2,388.05970149253733,2.7628205128205128,0.4230769230769231,231.34328358208953,11,4,2025,4,3
14382.0,42,3577,13000.0,8.0,Wedding,4,0.0,0.0,100.0,200.0,2,2,18,0,0,1,3.6333147009502516,334.4651162790698,83.18604651162791,1.1738401341531581,10,4,2025,6,3
3428.0,239,4101,25000.0,2.0,Corporate Event,1,0.0,0.0,200.0,400.0,1,0,1,0,1,0,6.094588005850804,14.283333333333333,17.0875,5.826426133593369,7,3,2022,0,2
11467.0,239,4101,22000.0,0.0,Corporate Event,4,0.0,0.0,200.0,400.0,1,0,13,0,1,1,5.363237445148708,47.77916666666667,17.0875,5.826426133593369,2,1,2024,4,0
10746.0,202,1983,22000.0,2.0,Birthday,5,0.0,0.0,200.0,400.0,0,2,7,0,1,2,11.088709677419354,52.935960591133004,9.768472906403941,10.181451612903226,10,4,2025,2,3
4589.0,249,22215,19000.0,5.0,Corporate Event,4,0.0,0.0,300.0,500.0,1,1,16,0,1,0,0.8552394670507742,18.356,88.86,1.120813827871804,9,3,2025,1,3
87740.0,239,4101,21000.0,3.0,Corporate Event,3,0.0,0.0,200.0,500.0,1,2,9,0,0,1,5.1194539249146755,365.5833333333333,17.0875,5.826426133593369,11,4,2024,2,3
10582.0,126,4896,20000.0,10.0,Corporate Event,3,0.0,0.0,100.0,200.0,1,1,4,0,0,1,4.084133142740454,83.32283464566929,38.55118110236221,2.5730038799264854,6,2,2025,0,2
9340.0,203,1417,12000.0,0.0,Corporate Event,4,0.0,0.0,100.0,200.0,1,0,4,0,0,1,8.46262341325811,45.78431372549019,6.946078431372549,14.315937940761636,11,4,2022,0,3
11601.0,42,3577,19000.0,4.0,Birthday,4,0.0,0.0,300.0,500.0,0,1,17,0,0,1,5.310229178311906,269.7906976744186,83.18604651162791,1.1738401341531581,7,3,2022,1,2
23250.0,203,1417,23000.0,16.0,Corporate Event,2,0.0,0.0,200.0,400.0,1,2,8,0,1,2,16.22002820874471,113.97058823529412,6.946078431372549,14.315937940761636,4,2,2024,0,1
7487.0,239,4101,24000.0,0.0,Birthday,2,0.0,0.0,100.0,200.0,0,1,15,0,0,0,5.850804485616773,31.195833333333333,17.0875,5.826426133593369,6,2,2023,1,2
3170.0,203,1417,26000.0,7.0,Corporate Event,5,0.0,0.0,100.0,200.0,1,1,18,0,0,0,18.33568406205924,15.53921568627451,6.946078431372549,14.315937940761636,11,4,2025,4,3
14175.0,298,962,23000.0,14.0,Birthday,5,0.0,0.0,300.0,500.0,0,1,10,0,1,1,23.883696780893043,47.408026755852845,3.217391304347826,30.944963655244027,12,4,2025,1,0
3039.0,229,3480,22000.0,14.0,Wedding,1,0.0,0.0,200.0,400.0,2,2,0,0,1,1,6.320022981901753,13.21304347826087,15.130434782608695,6.578569376615915,10,4,2023,2,3
2208.0,249,22215,22000.0,10.0,Birthday,5,0.0,0.0,300.0,500.0,0,0,10,0,1,2,0.9902772776377385,8.832,88.86,1.120813827871804,2,1,2023,0,0
1515.0,203,1417,12000.0,4.0,Corporate Event,5,0.0,0.0,300.0,500.0,1,1,17,0,0,1,8.46262341325811,7.426470588235294,6.946078431372549,14.315937940761636,10,4,2023,3,3
11066.0,155,66,19000.0,10.0,Corporate Event,3,0.0,0.0,300.0,500.0,1,0,10,0,1,0,283.5820895522388,70.93589743589743,0.4230769230769231,231.34328358208953,11,4,2024,4,3
9267.0,252,1608,25000.0,16.0,Wedding,5,0.0,0.0,200.0,500.0,2,2,9,0,0,1,15.537600994406464,36.62845849802372,6.355731225296442,15.661901802361717,10,4,2022,3,3
14340.0,249,22215,24000.0,4.0,Wedding,3,0.0,0.0,100.0,200.0,2,2,18,0,0,2,1.0803024846957148,57.36,88.86,1.120813827871804,4,2,2022,4,1
1106.0,42,3577,22000.0,0.0,Birthday,5,0.0,0.0,200.0,400.0,0,0,0,0,1,2,6.148686416992733,25.72093023255814,83.18604651162791,1.1738401341531581,3,1,2025,4,1
8485.0,155,66,25000.0,0.0,Corporate Event,1,0.0,0.0,300.0,500.0,1,0,17,0,0,2,373.13432835820896,54.39102564102564,0.4230769230769231,231.34328358208953,8,3,2024,5,2
1416.0,249,22215,26000.0,0.0,Corporate Event,3,0.0,0.0,200.0,400.0,1,2,6,0,1,2,1.1703276917536911,5.664,88.86,1.120813827871804,12,4,2025,2,0
5394.0,252,1608,24000.0,0.0,Birthday,2,0.0,0.0,100.0,200.0,0,0,3,0,0,1,14.916096954630206,21.320158102766797,6.355731225296442,15.661901802361717,5,2,2024,3,1
5772.0,202,1983,19000.0,7.0,Birthday,1,0.0,0.0,300.0,500.0,0,0,5,0,1,2,9.576612903225806,28.43349753694581,9.768472906403941,10.181451612903226,6,2,2025,5,2
2481.0,126,4896,21000.0,3.0,Wedding,4,0.0,0.0,200.0,500.0,2,2,9,0,0,0,4.288339799877476,19.53543307086614,38.55118110236221,2.5730038799264854,7,3,2023,6,2
14606.0,155,66,23000.0,7.0,Birthday,2,0.0,0.0,300.0,500.0,0,2,10,0,1,1,343.2835820895522,93.62820512820512,0.4230769230769231,231.34328358208953,2,1,2022,1,0
7794.0,126,4896,13000.0,20.0,Birthday,3,0.0,0.0,200.0,400.0,0,2,8,0,1,1,2.6546865427812945,61.37007874015748,38.55118110236221,2.5730038799264854,11,4,2024,6,3
8634.0,252,1608,12000.0,2.0,Wedding,1,0.0,0.0,200.0,400.0,2,2,7,0,1,2,7.458048477315103,34.126482213438734,6.355731225296442,15.661901802361717,1,1,2024,6,0
691.0,155,66,19000.0,20.0,Wedding,5,0.0,0.0,200.0,400.0,2,2,8,0,1,1,283.5820895522388,4.42948717948718,0.4230769230769231,231.34328358208953,6,2,2024,2,2
2321.0,155,66,13000.0,0.0,Corporate Event,1,0.0,0.0,100.0,200.0,1,0,4,0,0,2,194.02985074626866,14.878205128205128,0.4230769230769231,231.34328358208953,1,1,2025,2,0
325.0,155,66,20000.0,6.0,Wedding,2,0.0,0.0,300.0,500.0,2,1,2,0,1,0,298.5074626865672,2.0833333333333335,0.4230769230769231,231.34328358208953,12,4,2022,1,0
10760.0,229,3480,24000.0,15.0,Corporate Event,5,0.0,0.0,200.0,400.0,1,1,1,0,1,2,6.894570525711003,46.78260869565217,15.130434782608695,6.578569376615915,12,4,2023,6,0
11763.0,298,962,24000.0,7.0,Birthday,3,0.0,0.0,100.0,200.0,0,1,18,0,0,1,24.922118380062305,39.34113712374582,3.217391304347826,30.944963655244027,9,3,2022,2,3
1124.0,155,66,17000.0,16.0,Birthday,1,0.0,0.0,200.0,400.0,0,2,8,0,1,0,253.73134328358208,7.205128205128205,0.4230769230769231,231.34328358208953,2,1,2022,3,0
11935.0,202,1983,26000.0,2.0,Birthday,5,0.0,0.0,200.0,500.0,0,0,9,0,0,2,13.10483870967742,58.793103448275865,9.768472906403941,10.181451612903226,8,3,2022,2,2
2935.0,155,66,22000.0,9.0,Corporate Event,1,0.0,0.0,200.0,400.0,1,1,6,0,1,0,328.35820895522386,18.814102564102566,0.4230769230769231,231.34328358208953,10,4,2023,5,3
14343.0,203,1417,21000.0,5.0,Wedding,5,0.0,0.0,300.0,500.0,2,1,16,0,1,0,14.809590973201692,70.30882352941177,6.946078431372549,14.315937940761636,1,1,2024,2,0
1995.0,229,3480,20000.0,3.0,Birthday,4,0.0,0.0,200.0,500.0,0,1,11,0,0,2,5.745475438092502,8.673913043478262,15.130434782608695,6.578569376615915,10,4,2024,1,3
1060.0,249,22215,20000.0,0.0,Birthday,5,0.0,0.0,200.0,400.0,0,0,0,0,1,0,0.9002520705797623,4.24,88.86,1.120813827871804,5,2,2022,3,1
9010.0,298,962,15000.0,2.0,Wedding,4,0.0,0.0,200.0,400.0,2,2,7,0,1,0,15.576323987538942,30.13377926421405,3.217391304347826,30.944963655244027,6,2,2023,5,2
14478.0,252,1608,12000.0,0.0,Birthday,3,0.0,0.0,200.0,400.0,0,0,12,0,1,2,7.458048477315103,57.22529644268775,6.355731225296442,15.661901802361717,8,3,2025,3,2
528.0,203,1258,19000.0,0.0,Corporate Event,2,0.0,0.0,200.0,400.0,1,0,12,0,1,0,15.091342335186656,2.588235294117647,6.166666666666667,16.12390786338364,11,4,2022,4,3
1810.0,252,1608,17000.0,0.0,Corporate Event,2,0.0,0.0,200.0,400.0,1,2,6,0,1,1,10.565568676196396,7.154150197628459,6.355731225296442,15.661901802361717,7,3,2022,6,2
120440.0,252,1608,22000.0,0.0,Corporate Event,2,0.0,0.0,200.0,400.0,1,0,13,0,1,1,13.673088875077688,476.0474308300395,6.355731225296442,15.661901802361717,6,2,2025,5,2
7873.0,298,962,20000.0,0.0,Wedding,3,0.0,0.0,200.0,400.0,2,0,0,0,1,2,20.768431983385256,26.331103678929765,3.217391304347826,30.944963655244027,1,1,2024,2,0
5247.0,155,66,25000.0,4.0,Corporate Event,5,0.0,0.0,200.0,400.0,1,2,1,0,1,2,373.13432835820896,33.63461538461539,0.4230769230769231,231.34328358208953,1,1,2025,3,0
7667.0,176,3661,21000.0,10.0,Corporate Event,5,0.0,0.0,100.0,200.0,1,1,4,0,0,1,5.734571272528673,43.31638418079096,20.683615819209038,4.8061168760240305,8,3,2022,1,2
11652.0,176,3661,21000.0,16.0,Birthday,5,0.0,0.0,200.0,400.0,0,2,8,0,1,2,5.734571272528673,65.83050847457628,20.683615819209038,4.8061168760240305,6,2,2022,4,2
10037.0,249,22215,24000.0,3.0,Wedding,3,0.0,0.0,200.0,400.0,2,2,12,0,1,2,1.0803024846957148,40.148,88.86,1.120813827871804,8,3,2025,0,2
12594.0,176,3661,19000.0,16.0,Birthday,3,0.0,0.0,200.0,400.0,0,2,8,0,1,2,5.188421627525942,71.15254237288136,20.683615819209038,4.8061168760240305,1,1,2024,2,0
1847.0,203,1417,19000.0,1.0,Birthday,1,0.0,0.0,100.0,200.0,0,2,15,0,0,0,13.399153737658674,9.053921568627452,6.946078431372549,14.315937940761636,5,2,2023,1,1
9852.0,155,66,12000.0,2.0,Corporate Event,4,0.0,0.0,100.0,200.0,1,2,4,0,0,1,179.1044776119403,63.15384615384615,0.4230769230769231,231.34328358208953,6,2,2022,5,2
12886.0,229,3480,12000.0,0.0,Birthday,3,0.0,0.0,100.0,200.0,0,0,3,0,0,0,3.4472852628555013,56.02608695652174,15.130434782608695,6.578569376615915,10,4,2024,2,3
12119.0,176,3661,20000.0,0.0,Birthday,4,0.0,0.0,200.0,400.0,0,0,7,0,1,1,5.461496450027307,68.46892655367232,20.683615819209038,4.8061168760240305,6,2,2024,6,2
8991.0,239,4101,21000.0,0.0,Wedding,2,0.0,0.0,200.0,400.0,2,0,6,0,1,1,5.1194539249146755,37.4625,17.0875,5.826426133593369,5,2,2025,6,1
1979.0,203,1258,17000.0,2.0,Corporate Event,4,0.0,0.0,100.0,200.0,1,2,4,0,0,0,13.502779984114376,9.700980392156863,6.166666666666667,16.12390786338364,9,3,2023,3,3
3851.0,126,4896,24000.0,7.0,Corporate Event,1,0.0,0.0,100.0,200.0,1,1,18,0,0,0,4.900959771288544,30.322834645669293,38.55118110236221,2.5730038799264854,11,4,2023,3,3
10793.0,42,3577,26000.0,0.0,Corporate Event,1,0.0,0.0,200.0,400.0,1,0,0,0,1,0,7.266629401900503,251.0,83.18604651162791,1.1738401341531581,6,2,2024,3,2
4193.0,155,66,13000.0,7.0,Wedding,2,0.0,0.0,300.0,500.0,2,2,10,0,1,0,194.02985074626866,26.878205128205128,0.4230769230769231,231.34328358208953,1,1,2022,4,0
4900.0,202,1983,13000.0,2.0,Corporate Event,5,0.0,0.0,300.0,500.0,1,2,2,0,1,0,6.55241935483871,24.137931034482758,9.768472906403941,10.181451612903226,6,2,2023,1,2
1481.0,249,22215,26000.0,0.0,Wedding,4,0.0,0.0,200.0,400.0,2,0,12,0,1,0,1.1703276917536911,5.924,88.86,1.120813827871804,6,2,2024,1,2
8902.0,155,66,17000.0,2.0,Wedding,1,0.0,0.0,100.0,200.0,2,2,4,0,0,2,253.73134328358208,57.06410256410256,0.4230769230769231,231.34328358208953,11,4,2022,3,3
5571.0,249,22215,26000.0,3.0,Wedding,5,0.0,0.0,200.0,500.0,2,1,11,0,0,0,1.1703276917536911,22.284,88.86,1.120813827871804,8,3,2024,0,2
2497.0,155,66,23000.0,0.0,Corporate Event,3,0.0,0.0,300.0,500.0,1,2,16,0,1,2,343.2835820895522,16.006410256410255,0.4230769230769231,231.34328358208953,2,1,2024,4,0
9516.0,202,1983,15000.0,9.0,Corporate Event,1,0.0,0.0,300.0,500.0,1,1,14,0,1,1,7.560483870967742,46.87684729064039,9.768472906403941,10.181451612903226,10,4,2022,3,3
10975.0,155,66,13000.0,4.0,Birthday,5,0.0,0.0,100.0,200.0,0,2,18,0,0,0,194.02985074626866,70.3525641025641,0.4230769230769231,231.34328358208953,2,1,2023,2,0
12489.0,203,1417,22000.0,7.0,Birthday,5,0.0,0.0,300.0,500.0,0,2,10,0,1,0,15.514809590973202,61.220588235294116,6.946078431372549,14.315937940761636,2,1,2022,2,0
4993.0,202,1983,12000.0,5.0,Wedding,4,0.0,0.0,100.0,200.0,2,1,3,0,0,0,6.048387096774194,24.59605911330049,9.768472906403941,10.181451612903226,6,2,2024,2,2
8723.0,203,1258,21000.0,16.0,Wedding,2,0.0,0.0,200.0,500.0,2,2,9,0,0,1,16.679904686258936,42.759803921568626,6.166666666666667,16.12390786338364,10,4,2022,5,3
7341.0,203,1417,21000.0,0.0,Wedding,4,0.0,0.0,200.0,400.0,2,0,12,0,1,1,14.809590973201692,35.98529411764706,6.946078431372549,14.315937940761636,8,3,2024,6,2
3166.0,249,22215,26000.0,2.0,Corporate Event,5,0.0,0.0,100.0,200.0,1,2,4,0,0,1,1.1703276917536911,12.664,88.86,1.120813827871804,6,2,2024,6,2
11012.0,155,66,12000.0,7.0,Corporate Event,4,0.0,0.0,100.0,200.0,1,2,4,0,0,0,179.1044776119403,70.58974358974359,0.4230769230769231,231.34328358208953,11,4,2023,3,3
12794.0,239,4101,26000.0,2.0,Birthday,5,0.0,0.0,300.0,500.0,0,2,10,0,1,1,6.338371526084837,53.30833333333333,17.0875,5.826426133593369,11,4,2022,4,3
6638.0,239,4101,15000.0,7.0,Birthday,5,0.0,0.0,100.0,200.0,0,2,4,0,0,1,3.6567528035104826,27.658333333333335,17.0875,5.826426133593369,6,2,2022,3,2
2256.0,42,3577,22000.0,2.0,Wedding,1,0.0,0.0,200.0,400.0,2,2,7,0,1,2,6.148686416992733,52.46511627906977,83.18604651162791,1.1738401341531581,1,1,2024,6,0
10701.0,252,1608,19000.0,20.0,Wedding,5,0.0,0.0,300.0,500.0,2,2,17,0,0,0,11.808576755748913,42.29644268774704,6.355731225296442,15.661901802361717,3,1,2022,1,1
13178.0,203,1258,19000.0,10.0,Birthday,2,0.0,0.0,200.0,400.0,0,2,6,0,1,2,15.091342335186656,64.59803921568627,6.166666666666667,16.12390786338364,9,3,2024,5,3
9640.0,176,3661,19000.0,2.0,Birthday,3,0.0,0.0,200.0,400.0,0,2,12,0,1,2,5.188421627525942,54.463276836158194,20.683615819209038,4.8061168760240305,9,3,2025,3,3
10047.0,249,22215,24000.0,5.0,Corporate Event,5,0.0,0.0,100.0,200.0,1,1,3,0,0,2,1.0803024846957148,40.188,88.86,1.120813827871804,10,4,2025,2,3
6352.0,202,1983,25000.0,0.0,Wedding,1,0.0,0.0,200.0,400.0,2,2,6,0,1,0,12.600806451612904,31.29064039408867,9.768472906403941,10.181451612903226,1,1,2022,0,0
10689.0,203,1258,15000.0,18.0,Corporate Event,1,0.0,0.0,200.0,400.0,1,0,8,0,1,0,11.914217633042098,52.39705882352941,6.166666666666667,16.12390786338364,4,2,2025,6,1
7315.0,249,22215,19000.0,3.0,Wedding,4,0.0,0.0,200.0,400.0,2,2,12,0,1,2,0.8552394670507742,29.26,88.86,1.120813827871804,5,2,2025,2,1
8467.0,126,4896,22000.0,16.0,Wedding,5,0.0,0.0,200.0,400.0,2,2,8,0,1,1,4.492546457014499,66.66929133858268,38.55118110236221,2.5730038799264854,11,4,2023,0,3
4814.0,126,4896,12000.0,9.0,Birthday,3,0.0,0.0,200.0,400.0,0,1,6,0,1,2,2.450479885644272,37.90551181102362,38.55118110236221,2.5730038799264854,3,1,2025,5,1
4962.0,239,4101,13000.0,2.0,Corporate Event,5,0.0,0.0,200.0,500.0,1,0,9,0,0,0,3.1691857630424183,20.675,17.0875,5.826426133593369,6,2,2023,6,2
13439.0,203,1258,19000.0,0.0,Corporate Event,5,0.0,0.0,300.0,500.0,1,0,17,0,0,1,15.091342335186656,65.87745098039215,6.166666666666667,16.12390786338364,5,2,2023,6,1
4445.0,239,4101,20000.0,9.0,Corporate Event,5,0.0,0.0,200.0,400.0,1,1,6,0,1,1,4.875670404680643,18.520833333333332,17.0875,5.826426133593369,9,3,2024,3,3
547.0,229,3480,22000.0,9.0,Birthday,1,0.0,0.0,200.0,400.0,0,1,6,0,1,2,6.320022981901753,2.378260869565217,15.130434782608695,6.578569376615915,9,3,2024,6,3
8956.0,203,1258,20000.0,7.0,Wedding,3,0.0,0.0,300.0,500.0,2,2,10,0,1,0,15.885623510722796,43.90196078431372,6.166666666666667,16.12390786338364,5,2,2023,5,1
98610.0,229,3480,24000.0,0.0,Birthday,1,0.0,0.0,100.0,200.0,0,2,15,0,0,2,6.894570525711003,428.7391304347826,15.130434782608695,6.578569376615915,12,4,2025,0,0
8716.0,203,1417,12000.0,0.0,Birthday,5,0.0,0.0,100.0,200.0,0,0,4,0,0,1,8.46262341325811,42.72549019607843,6.946078431372549,14.315937940761636,5,2,2023,3,1
13272.0,202,1983,17000.0,5.0,Corporate Event,3,0.0,0.0,300.0,500.0,1,1,5,0,1,1,8.568548387096774,65.37931034482759,9.768472906403941,10.181451612903226,7,3,2025,0,2
9299.0,252,1608,24000.0,0.0,Corporate Event,1,0.0,0.0,300.0,500.0,1,2,16,0,1,0,14.916096954630206,36.75494071146245,6.355731225296442,15.661901802361717,12,4,2023,4,0
10981.0,42,3577,15000.0,3.0,Corporate Event,1,0.0,0.0,200.0,500.0,1,1,11,0,0,1,4.192286193404136,255.37209302325581,83.18604651162791,1.1738401341531581,1,1,2024,3,0
5386.0,42,3577,12000.0,3.0,Corporate Event,5,0.0,0.0,200.0,500.0,1,1,11,0,0,2,3.3538289547233093,125.25581395348837,83.18604651162791,1.1738401341531581,3,1,2022,5,1
10509.0,249,22215,20000.0,16.0,Wedding,5,0.0,0.0,200.0,400.0,2,2,13,0,1,1,0.9002520705797623,42.036,88.86,1.120813827871804,3,1,2025,0,1
1387.0,239,4101,12000.0,9.0,Wedding,5,0.0,0.0,300.0,500.0,2,1,14,0,1,0,2.9254022428083863,5.779166666666667,17.0875,5.826426133593369,1,1,2022,3,0
6542.0,202,1983,13000.0,2.0,Wedding,1,0.0,0.0,200.0,400.0,2,0,1,0,1,2,6.55241935483871,32.22660098522167,9.768472906403941,10.181451612903226,7,3,2025,4,2
14356.0,239,4101,21000.0,5.0,Corporate Event,3,0.0,0.0,300.0,500.0,1,2,14,0,1,2,5.1194539249146755,59.81666666666667,17.0875,5.826426133593369,7,3,2024,3,2
5146.0,239,4101,26000.0,12.0,Birthday,5,0.0,0.0,200.0,500.0,0,1,9,0,0,2,6.338371526084837,21.441666666666666,17.0875,5.826426133593369,10,4,2024,5,3
8117.0,203,1417,20000.0,10.0,Wedding,1,0.0,0.0,200.0,400.0,2,2,6,0,1,0,14.104372355430183,39.78921568627451,6.946078431372549,14.315937940761636,12,4,2022,4,0
519.0,155,66,24000.0,0.0,Wedding,4,0.0,0.0,200.0,500.0,2,2,11,0,0,0,358.2089552238806,3.326923076923077,0.4230769230769231,231.34328358208953,6,2,2025,4,2
5839.0,203,1258,23000.0,0.0,Corporate Event,5,0.0,0.0,200.0,400.0,1,0,12,0,1,2,18.268467037331217,28.622549019607842,6.166666666666667,16.12390786338364,1,1,2024,2,0
3104.0,249,22215,26000.0,11.0,Birthday,2,0.0,0.0,200.0,400.0,0,1,0,0,1,2,1.1703276917536911,12.416,88.86,1.120813827871804,9,3,2023,1,3
4492.0,155,66,19000.0,3.0,Birthday,3,0.0,0.0,200.0,500.0,0,1,11,0,0,1,283.5820895522388,28.794871794871796,0.4230769230769231,231.34328358208953,1,1,2023,6,0
63830.0,298,962,23000.0,20.0,Birthday,5,0.0,0.0,200.0,400.0,0,2,8,0,1,2,23.883696780893043,213.47826086956522,3.217391304347826,30.944963655244027,4,2,2022,1,1
13487.0,203,1417,15000.0,0.0,Birthday,4,0.0,0.0,300.0,500.0,0,2,16,0,1,2,10.578279266572638,66.11274509803921,6.946078431372549,14.315937940761636,10,4,2025,3,3
11324.0,155,66,20000.0,2.0,Birthday,3,0.0,0.0,200.0,400.0,0,2,12,0,1,2,298.5074626865672,72.58974358974359,0.4230769230769231,231.34328358208953,2,1,2025,0,0
4813.0,202,1983,22000.0,2.0,Birthday,4,0.0,0.0,300.0,500.0,0,2,10,0,1,0,11.088709677419354,23.70935960591133,9.768472906403941,10.181451612903226,10,4,2025,1,3
12213.0,203,1258,15000.0,10.0,Wedding,2,0.0,0.0,100.0,200.0,2,2,3,0,0,2,11.914217633042098,59.86764705882353,6.166666666666667,16.12390786338364,1,1,2025,2,0
13233.0,203,1417,26000.0,2.0,Birthday,1,0.0,0.0,100.0,200.0,0,2,4,0,0,0,18.33568406205924,64.86764705882354,6.946078431372549,14.315937940761636,8,3,2025,6,2
2542.0,176,3661,22000.0,7.0,Wedding,3,0.0,0.0,300.0,500.0,2,2,10,0,1,1,6.007646095030038,14.361581920903955,20.683615819209038,4.8061168760240305,9,3,2025,6,3
1348.0,298,962,19000.0,10.0,Corporate Event,2,0.0,0.0,100.0,200.0,1,1,4,0,0,2,19.73001038421599,4.508361204013378,3.217391304347826,30.944963655244027,10,4,2023,2,3
11612.0,176,3661,12000.0,20.0,Corporate Event,3,0.0,0.0,300.0,500.0,1,2,17,0,0,2,3.2768978700163847,65.6045197740113,20.683615819209038,4.8061168760240305,2,1,2023,4,0
2478.0,252,1608,19000.0,4.0,Wedding,2,0.0,0.0,300.0,500.0,2,1,17,0,0,0,11.808576755748913,9.794466403162055,6.355731225296442,15.661901802361717,9,3,2022,5,3
8901.0,203,1417,23000.0,5.0,Birthday,2,0.0,0.0,100.0,200.0,0,1,3,0,0,0,16.22002820874471,43.63235294117647,6.946078431372549,14.315937940761636,1,1,2024,2,0
4694.0,229,3480,19000.0,0.0,Wedding,2,0.0,0.0,100.0,200.0,2,0,4,0,0,2,5.458201666187877,20.408695652173915,15.130434782608695,6.578569376615915,11,4,2022,2,3
6238.0,252,1608,13000.0,7.0,Corporate Event,1,0.0,0.0,100.0,200.0,1,1,18,0,0,0,8.079552517091361,24.656126482213438,6.355731225296442,15.661901802361717,10,4,2024,2,3
720.0,298,962,20000.0,0.0,Wedding,5,0.0,0.0,200.0,400.0,2,1,13,0,1,1,20.768431983385256,2.408026755852843,3.217391304347826,30.944963655244027,11,4,2023,5,3
9276.0,229,3480,20000.0,5.0,Corporate Event,2,0.0,0.0,300.0,500.0,1,1,5,0,1,1,5.745475438092502,40.3304347826087,15.130434782608695,6.578569376615915,7,3,2024,6,2
8188.0,239,4101,15000.0,0.0,Corporate Event,5,0.0,0.0,300.0,500.0,1,0,14,0,1,0,3.6567528035104826,34.11666666666667,17.0875,5.826426133593369,6,2,2025,6,2
13541.0,249,22215,20000.0,20.0,Birthday,4,0.0,0.0,300.0,500.0,0,2,17,0,0,0,0.9002520705797623,54.164,88.86,1.120813827871804,7,3,2025,1,2
9594.0,239,4101,22000.0,14.0,Birthday,2,0.0,0.0,200.0,400.0,0,2,0,0,1,0,5.363237445148708,39.975,17.0875,5.826426133593369,1,1,2025,3,0
13824.0,239,4101,15000.0,20.0,Birthday,1,0.0,0.0,200.0,400.0,0,2,8,0,1,0,3.6567528035104826,57.6,17.0875,5.826426133593369,10,4,2025,2,3
2875.0,202,1983,19000.0,2.0,Wedding,3,0.0,0.0,200.0,400.0,2,2,7,0,1,1,9.576612903225806,14.16256157635468,9.768472906403941,10.181451612903226,10,4,2023,1,3
1075.0,249,22215,19000.0,8.0,Corporate Event,4,0.0,0.0,100.0,200.0,1,2,18,0,0,2,0.8552394670507742,4.3,88.86,1.120813827871804,10,4,2023,5,3
899.0,203,1417,13000.0,2.0,Corporate Event,1,0.0,0.0,200.0,400.0,1,2,7,0,1,2,9.16784203102962,4.4068627450980395,6.946078431372549,14.315937940761636,6,2,2024,2,2
6165.0,155,66,22000.0,16.0,Wedding,3,0.0,0.0,200.0,400.0,2,2,13,0,1,0,328.35820895522386,39.51923076923077,0.4230769230769231,231.34328358208953,4,2,2022,3,1
11182.0,202,1983,21000.0,5.0,Corporate Event,4,0.0,0.0,300.0,500.0,1,1,5,0,1,1,10.584677419354838,55.083743842364534,9.768472906403941,10.181451612903226,1,1,2025,2,0
13374.0,203,1258,24000.0,5.0,Birthday,2,0.0,0.0,300.0,500.0,0,1,5,0,1,0,19.062748212867355,65.55882352941177,6.166666666666667,16.12390786338364,8,3,2025,3,2
4935.0,298,962,20000.0,5.0,Corporate Event,1,0.0,0.0,300.0,500.0,1,2,14,0,1,1,20.768431983385256,16.505016722408026,3.217391304347826,30.944963655244027,8,3,2024,1,2
779.0,249,22215,26000.0,10.0,Corporate Event,4,0.0,0.0,200.0,400.0,1,2,0,0,1,0,1.1703276917536911,3.116,88.86,1.120813827871804,9,3,2025,3,3
5804.0,176,3661,17000.0,2.0,Wedding,4,0.0,0.0,200.0,400.0,2,2,7,0,1,1,4.642271982523211,32.7909604519774,20.683615819209038,4.8061168760240305,4,2,2023,0,1
10177.0,298,962,22000.0,10.0,Birthday,3,0.0,0.0,300.0,500.0,0,0,10,0,1,0,22.84527518172378,34.03678929765886,3.217391304347826,30.944963655244027,12,4,2023,1,0
14863.0,202,1983,21000.0,13.0,Wedding,2,0.0,0.0,200.0,400.0,2,1,8,0,1,1,10.584677419354838,73.21674876847291,9.768472906403941,10.181451612903226,4,2,2024,4,1
3256.0,249,22215,22000.0,4.0,Corporate Event,3,0.0,0.0,300.0,500.0,1,1,17,0,0,2,0.9902772776377385,13.024,88.86,1.120813827871804,11,4,2023,5,3
324.0,239,4101,15000.0,0.0,Corporate Event,2,0.0,0.0,200.0,400.0,1,0,12,0,1,1,3.6567528035104826,1.35,17.0875,5.826426133593369,11,4,2025,2,3
6694.0,42,3577,19000.0,7.0,Corporate Event,1,0.0,0.0,300.0,500.0,1,2,10,0,1,0,5.310229178311906,155.67441860465115,83.18604651162791,1.1738401341531581,5,2,2023,0,1
8657.0,298,962,23000.0,10.0,Wedding,3,0.0,0.0,100.0,200.0,2,1,4,0,0,2,23.883696780893043,28.953177257525084,3.217391304347826,30.944963655244027,1,1,2022,1,0
14376.0,249,22215,25000.0,2.0,Corporate Event,4,0.0,0.0,200.0,400.0,1,2,7,0,1,2,1.125315088224703,57.504,88.86,1.120813827871804,8,3,2023,6,2
1329.0,202,1983,20000.0,0.0,Wedding,5,0.0,0.0,100.0,200.0,2,0,4,0,0,0,10.080645161290322,6.54679802955665,9.768472906403941,10.181451612903226,8,3,2023,1,2
4108.0,202,1983,24000.0,3.0,Wedding,4,0.0,0.0,200.0,400.0,2,1,12,0,1,0,12.096774193548388,20.236453201970445,9.768472906403941,10.181451612903226,5,2,2024,0,1
14902.0,42,3577,24000.0,2.0,Corporate Event,2,0.0,0.0,300.0,500.0,1,2,2,0,1,0,6.707657909446619,346.5581395348837,83.18604651162791,1.1738401341531581,4,2,2023,1,1
12786.0,298,962,12000.0,0.0,Birthday,4,0.0,0.0,300.0,500.0,0,0,17,0,0,1,12.461059190031152,42.76254180602007,3.217391304347826,30.944963655244027,5,2,2023,5,1
13654.0,239,4101,20000.0,6.0,Birthday,5,0.0,0.0,200.0,400.0,0,1,7,0,1,0,4.875670404680643,56.891666666666666,17.0875,5.826426133593369,4,2,2025,2,1
12696.0,252,1608,26000.0,20.0,Birthday,4,0.0,0.0,300.0,500.0,0,2,17,0,0,2,16.159105034182723,50.18181818181818,6.355731225296442,15.661901802361717,12,4,2025,1,0
255.0,203,1258,20000.0,5.0,Wedding,3,0.0,0.0,100.0,200.0,2,1,3,0,0,0,15.885623510722796,1.25,6.166666666666667,16.12390786338364,3,1,2023,3,1
6208.0,42,3577,17000.0,2.0,Birthday,2,0.0,0.0,300.0,500.0,0,2,10,0,1,0,4.751257685858021,144.37209302325581,83.18604651162791,1.1738401341531581,12,4,2024,4,0
5472.0,239,4101,13000.0,2.0,Birthday,2,0.0,0.0,200.0,400.0,0,2,13,0,1,2,3.1691857630424183,22.8,17.0875,5.826426133593369,7,3,2024,5,2
6969.0,176,3661,25000.0,14.0,Wedding,1,0.0,0.0,300.0,500.0,2,1,10,0,1,1,6.826870562534134,39.3728813559322,20.683615819209038,4.8061168760240305,4,2,2022,3,1
1469.0,155,66,12000.0,0.0,Birthday,5,0.0,0.0,100.0,200.0,0,2,15,0,0,0,179.1044776119403,9.416666666666666,0.4230769230769231,231.34328358208953,2,1,2024,3,0
9768.0,202,1983,19000.0,5.0,Wedding,1,0.0,0.0,100.0,200.0,2,1,3,0,0,2,9.576612903225806,48.118226600985224,9.768472906403941,10.181451612903226,11,4,2024,0,3
12673.0,202,1983,25000.0,16.0,Birthday,5,0.0,0.0,300.0,500.0,0,2,14,0,1,0,12.600806451612904,62.42857142857143,9.768472906403941,10.181451612903226,6,2,2025,4,2
14531.0,229,3480,25000.0,2.0,Wedding,3,0.0,0.0,300.0,500.0,2,2,10,0,1,0,7.181844297615628,63.178260869565214,15.130434782608695,6.578569376615915,12,4,2022,6,0
144010.0,203,1417,23000.0,8.0,Corporate Event,5,0.0,0.0,100.0,200.0,1,2,18,0,0,1,16.22002820874471,705.9313725490196,6.946078431372549,14.315937940761636,4,2,2025,3,1
13688.0,155,66,19000.0,2.0,Corporate Event,3,0.0,0.0,200.0,500.0,1,0,9,0,0,0,283.5820895522388,87.74358974358974,0.4230769230769231,231.34328358208953,5,2,2022,2,1
4889.0,155,66,15000.0,0.0,Birthday,1,0.0,0.0,200.0,400.0,0,0,7,0,1,2,223.88059701492537,31.33974358974359,0.4230769230769231,231.34328358208953,8,3,2023,5,2
3965.0,202,1983,19000.0,4.0,Birthday,1,0.0,0.0,300.0,500.0,0,2,5,0,1,2,9.576612903225806,19.532019704433498,9.768472906403941,10.181451612903226,9,3,2025,1,3
11610.0,239,4101,13000.0,7.0,Birthday,5,0.0,0.0,300.0,500.0,0,0,5,0,1,2,3.1691857630424183,48.375,17.0875,5.826426133593369,5,2,2025,3,1
1534.0,176,3661,23000.0,3.0,Wedding,5,0.0,0.0,200.0,500.0,2,2,9,0,0,2,6.280720917531403,8.666666666666666,20.683615819209038,4.8061168760240305,4,2,2024,6,1
375.0,126,4896,13000.0,0.0,Birthday,1,0.0,0.0,100.0,200.0,0,0,4,0,0,0,2.6546865427812945,2.952755905511811,38.55118110236221,2.5730038799264854,8,3,2025,5,2
14798.0,298,962,25000.0,0.0,Wedding,4,0.0,0.0,200.0,400.0,2,0,6,0,1,1,25.96053997923157,49.491638795986624,3.217391304347826,30.944963655244027,1,1,2024,2,0
5361.0,155,66,17000.0,0.0,Birthday,4,0.0,0.0,300.0,500.0,0,2,16,0,1,2,253.73134328358208,34.36538461538461,0.4230769230769231,231.34328358208953,10,4,2024,5,3
12647.0,202,1983,19000.0,10.0,Wedding,2,0.0,0.0,300.0,500.0,2,0,10,0,1,1,9.576612903225806,62.30049261083744,9.768472906403941,10.181451612903226,12,4,2025,0,0
12207.0,203,1417,20000.0,16.0,Corporate Event,5,0.0,0.0,200.0,500.0,1,2,9,0,0,1,14.104372355430183,59.838235294117645,6.946078431372549,14.315937940761636,9,3,2023,6,3
6283.0,252,1608,15000.0,0.0,Birthday,1,0.0,0.0,100.0,200.0,0,2,3,0,0,0,9.322560596643878,24.83399209486166,6.355731225296442,15.661901802361717,8,3,2022,5,2
597.0,126,4896,21000.0,4.0,Birthday,2,0.0,0.0,300.0,500.0,0,2,5,0,1,2,4.288339799877476,4.700787401574803,38.55118110236221,2.5730038799264854,8,3,2025,3,2
10469.0,126,4896,24000.0,9.0,Corporate Event,1,0.0,0.0,200.0,400.0,1,1,6,0,1,1,4.900959771288544,82.43307086614173,38.55118110236221,2.5730038799264854,2,1,2024,5,0
6656.0,202,1983,17000.0,5.0,Wedding,1,0.0,0.0,300.0,500.0,2,1,16,0,1,2,8.568548387096774,32.78817733990148,9.768472906403941,10.181451612903226,2,1,2022,5,0
12464.0,252,1608,21000.0,3.0,Birthday,5,0.0,0.0,200.0,400.0,0,1,12,0,1,0,13.05158483530143,49.26482213438735,6.355731225296442,15.661901802361717,12,4,2022,3,0
8586.0,203,1417,21000.0,1.0,Corporate Event,1,0.0,0.0,100.0,200.0,1,2,15,0,0,0,14.809590973201692,42.088235294117645,6.946078431372549,14.315937940761636,8,3,2025,6,2
6364.0,249,22215,25000.0,0.0,Corporate Event,2,0.0,0.0,200.0,500.0,1,2,11,0,0,2,1.125315088224703,25.456,88.86,1.120813827871804,1,1,2022,3,0
14344.0,42,3577,22000.0,2.0,Corporate Event,2,0.0,0.0,100.0,200.0,1,2,4,0,0,0,6.148686416992733,333.5813953488372,83.18604651162791,1.1738401341531581,8,3,2025,5,2
9526.0,203,1417,26000.0,0.0,Wedding,5,0.0,0.0,100.0,200.0,2,1,15,0,0,2,18.33568406205924,46.69607843137255,6.946078431372549,14.315937940761636,11,4,2022,3,3
11766.0,202,1983,25000.0,4.0,Birthday,2,0.0,0.0,300.0,500.0,0,0,2,0,1,0,12.600806451612904,57.960591133004925,9.768472906403941,10.181451612903226,5,2,2022,0,1
10252.0,42,3577,23000.0,5.0,Wedding,5,0.0,0.0,300.0,500.0,2,1,5,0,1,1,6.428172163219676,238.41860465116278,83.18604651162791,1.1738401341531581,7,3,2025,4,2
11346.0,203,1417,15000.0,0.0,Birthday,2,0.0,0.0,200.0,400.0,0,0,12,0,1,2,10.578279266572638,55.61764705882353,6.946078431372549,14.315937940761636,1,1,2023,4,0
257.0,176,3661,21000.0,7.0,Corporate Event,2,0.0,0.0,100.0,200.0,1,1,18,0,0,2,5.734571272528673,1.4519774011299436,20.683615819209038,4.8061168760240305,4,2,2024,4,1
12971.0,202,1983,17000.0,0.0,Birthday,1,0.0,0.0,200.0,400.0,0,2,6,0,1,0,8.568548387096774,63.89655172413793,9.768472906403941,10.181451612903226,6,2,2022,1,2
10249.0,249,22215,24000.0,0.0,Corporate Event,2,0.0,0.0,300.0,500.0,1,2,16,0,1,1,1.0803024846957148,40.996,88.86,1.120813827871804,4,2,2022,6,1
9440.0,252,1608,21000.0,0.0,Wedding,4,0.0,0.0,200.0,400.0,2,2,6,0,1,1,13.05158483530143,37.312252964426875,6.355731225296442,15.661901802361717,1,1,2023,0,0
7174.0,203,1258,25000.0,16.0,Corporate Event,5,0.0,0.0,200.0,400.0,1,2,1,0,1,1,19.857029388403493,35.166666666666664,6.166666666666667,16.12390786338364,12,4,2022,1,0
13321.0,203,1258,24000.0,16.0,Birthday,1,0.0,0.0,200.0,400.0,0,2,8,0,1,0,19.062748212867355,65.29901960784314,6.166666666666667,16.12390786338364,1,1,2022,2,0
10602.0,229,3480,17000.0,7.0,Corporate Event,1,0.0,0.0,300.0,500.0,1,0,5,0,1,0,4.883654122378627,46.095652173913045,15.130434782608695,6.578569376615915,5,2,2024,3,1
8975.0,42,3577,24000.0,0.0,Birthday,5,0.0,0.0,200.0,400.0,0,0,13,0,1,0,6.707657909446619,208.72093023255815,83.18604651162791,1.1738401341531581,12,4,2025,2,0
14222.0,252,1608,17000.0,2.0,Corporate Event,2,0.0,0.0,200.0,400.0,1,0,1,0,1,0,10.565568676196396,56.21343873517787,6.355731225296442,15.661901802361717,10,4,2022,3,3
5512.0,203,1258,23000.0,2.0,Wedding,3,0.0,0.0,200.0,400.0,2,2,12,0,1,0,18.268467037331217,27.019607843137255,6.166666666666667,16.12390786338364,12,4,2024,5,0
12140.0,155,66,25000.0,16.0,Wedding,5,0.0,0.0,200.0,500.0,2,2,9,0,0,2,373.13432835820896,77.82051282051282,0.4230769230769231,231.34328358208953,9,3,2023,4,3
1472.0,203,1417,20000.0,0.0,Corporate Event,2,0.0,0.0,200.0,400.0,1,0,6,0,1,1,14.104372355430183,7.215686274509804,6.946078431372549,14.315937940761636,4,2,2023,5,1
11298.0,249,22215,20000.0,8.0,Corporate Event,3,0.0,0.0,300.0,500.0,1,2,2,0,1,1,0.9002520705797623,45.192,88.86,1.120813827871804,2,1,2023,3,0
8429.0,229,3480,25000.0,0.0,Corporate Event,5,0.0,0.0,100.0,200.0,1,0,3,0,0,0,7.181844297615628,36.64782608695652,15.130434782608695,6.578569376615915,2,1,2024,2,0
11371.0,229,3480,23000.0,16.0,Birthday,3,0.0,0.0,200.0,500.0,0,2,11,0,0,1,6.607296753806377,49.43913043478261,15.130434782608695,6.578569376615915,3,1,2024,6,1
6935.0,203,1258,23000.0,0.0,Wedding,5,0.0,0.0,200.0,400.0,2,2,6,0,1,0,18.268467037331217,33.995098039215684,6.166666666666667,16.12390786338364,8,3,2022,1,2
8032.0,252,1608,26000.0,10.0,Birthday,3,0.0,0.0,200.0,400.0,0,2,0,0,1,2,16.159105034182723,31.74703557312253,6.355731225296442,15.661901802361717,10,4,2023,1,3
9321.0,155,66,24000.0,2.0,Corporate Event,5,0.0,0.0,100.0,200.0,1,2,4,0,0,0,358.2089552238806,59.75,0.4230769230769231,231.34328358208953,5,2,2023,5,1
2939.0,202,1983,23000.0,6.0,Wedding,2,0.0,0.0,300.0,500.0,2,1,2,0,1,1,11.59274193548387,14.47783251231527,9.768472906403941,10.181451612903226,8,3,2023,0,2
12591.0,229,3480,13000.0,2.0,Corporate Event,2,0.0,0.0,200.0,400.0,1,2,13,0,1,1,3.7345590347601263,54.743478260869566,15.130434782608695,6.578569376615915,10,4,2025,4,3
9030.0,249,22215,24000.0,14.0,Birthday,1,0.0,0.0,200.0,400.0,0,2,0,0,1,1,1.0803024846957148,36.12,88.86,1.120813827871804,3,1,2023,4,1
12485.0,203,1417,24000.0,11.0,Wedding,4,0.0,0.0,200.0,400.0,2,1,0,0,1,2,16.92524682651622,61.200980392156865,6.946078431372549,14.315937940761636,12,4,2025,6,0
9577.0,252,1608,12000.0,10.0,Wedding,1,0.0,0.0,300.0,500.0,2,0,10,0,1,2,7.458048477315103,37.85375494071146,6.355731225296442,15.661901802361717,9,3,2023,5,3
7116.0,155,66,23000.0,20.0,Corporate Event,4,0.0,0.0,200.0,400.0,1,2,8,0,1,0,343.2835820895522,45.61538461538461,0.4230769230769231,231.34328358208953,2,1,2024,6,0
25560.0,203,1258,25000.0,6.0,Wedding,1,0.0,0.0,300.0,500.0,2,1,2,0,1,0,19.857029388403493,125.29411764705883,6.166666666666667,16.12390786338364,1,1,2024,2,0
554.0,298,962,13000.0,20.0,Birthday,1,0.0,0.0,300.0,500.0,0,2,17,0,0,1,13.499480789200415,1.8528428093645486,3.217391304347826,30.944963655244027,1,1,2022,3,0
4304.0,202,1983,19000.0,0.0,Corporate Event,1,0.0,0.0,300.0,500.0,1,0,17,0,0,2,9.576612903225806,21.201970443349754,9.768472906403941,10.181451612903226,10,4,2023,6,3
10057.0,176,3661,19000.0,0.0,Corporate Event,3,0.0,0.0,300.0,500.0,1,0,17,0,0,1,5.188421627525942,56.81920903954802,20.683615819209038,4.8061168760240305,11,4,2023,0,3
14205.0,203,1417,19000.0,2.0,Birthday,5,0.0,0.0,100.0,200.0,0,2,4,0,0,2,13.399153737658674,69.63235294117646,6.946078431372549,14.315937940761636,11,4,2023,2,3
13287.0,42,3577,25000.0,0.0,Corporate Event,4,0.0,0.0,100.0,200.0,1,2,3,0,0,1,6.98714365567356,309.0,83.18604651162791,1.1738401341531581,2,1,2023,2,0
358.0,203,1258,15000.0,14.0,Birthday,1,0.0,0.0,200.0,400.0,0,2,0,0,1,2,11.914217633042098,1.7549019607843137,6.166666666666667,16.12390786338364,8,3,2024,5,2
10309.0,298,962,15000.0,20.0,Corporate Event,2,0.0,0.0,200.0,400.0,1,2,8,0,1,1,15.576323987538942,34.47826086956522,3.217391304347826,30.944963655244027,12,4,2022,3,0
10282.0,155,66,22000.0,7.0,Wedding,1,0.0,0.0,300.0,500.0,2,2,10,0,1,2,328.35820895522386,65.91025641025641,0.4230769230769231,231.34328358208953,3,1,2025,1,1
13485.0,252,1608,12000.0,2.0,Birthday,4,0.0,0.0,100.0,200.0,0,2,4,0,0,1,7.458048477315103,53.30039525691699,6.355731225296442,15.661901802361717,5,2,2025,6,1
4374.0,239,4101,17000.0,10.0,Corporate Event,5,0.0,0.0,100.0,200.0,1,2,3,0,0,0,4.144319843978547,18.225,17.0875,5.826426133593369,7,3,2024,2,2
3678.0,229,3480,15000.0,5.0,Wedding,2,0.0,0.0,300.0,500.0,2,2,14,0,1,2,4.309106578569376,15.991304347826087,15.130434782608695,6.578569376615915,11,4,2025,6,3
8240.0,155,66,24000.0,18.0,Wedding,2,0.0,0.0,200.0,400.0,2,0,8,0,1,2,358.2089552238806,52.82051282051282,0.4230769230769231,231.34328358208953,9,3,2022,4,3
7130.0,126,4896,13000.0,0.0,Corporate Event,1,0.0,0.0,300.0,500.0,1,0,14,0,1,1,2.6546865427812945,56.14173228346457,38.55118110236221,2.5730038799264854,9,3,2025,4,3
920.0,155,66,21000.0,0.0,Corporate Event,2,0.0,0.0,200.0,400.0,1,0,12,0,1,1,313.43283582089555,5.897435897435898,0.4230769230769231,231.34328358208953,9,3,2024,3,3
13347.0,176,3661,13000.0,8.0,Corporate Event,1,0.0,0.0,100.0,200.0,1,2,18,0,0,0,3.5499726925177497,75.40677966101696,20.683615819209038,4.8061168760240305,6,2,2022,5,2
13574.0,229,3480,21000.0,16.0,Corporate Event,1,0.0,0.0,200.0,500.0,1,2,9,0,0,2,6.032749209997127,59.017391304347825,15.130434782608695,6.578569376615915,5,2,2024,1,1
6701.0,202,1983,12000.0,16.0,Birthday,3,0.0,0.0,300.0,500.0,0,2,14,0,1,0,6.048387096774194,33.00985221674877,9.768472906403941,10.181451612903226,11,4,2022,2,3
13988.0,203,1417,17000.0,5.0,Corporate Event,3,0.0,0.0,300.0,500.0,1,1,5,0,1,1,11.988716502115656,68.56862745098039,6.946078431372549,14.315937940761636,10,4,2023,5,3
8341.0,298,962,20000.0,14.0,Wedding,5,0.0,0.0,200.0,400.0,2,2,0,0,1,1,20.768431983385256,27.896321070234112,3.217391304347826,30.944963655244027,9,3,2022,5,3
1366.0,298,962,24000.0,16.0,Birthday,4,0.0,0.0,200.0,500.0,0,2,9,0,0,0,24.922118380062305,4.568561872909699,3.217391304347826,30.944963655244027,10,4,2022,2,3
9230.0,239,4101,26000.0,5.0,Corporate Event,3,0.0,0.0,300.0,500.0,1,1,16,0,1,1,6.338371526084837,38.458333333333336,17.0875,5.826426133593369,1,1,2024,2,0
1560.0,239,4101,26000.0,4.0,Wedding,5,0.0,0.0,300.0,500.0,2,0,2,0,1,2,6.338371526084837,6.5,17.0875,5.826426133593369,5,2,2022,3,1
13936.0,252,1608,23000.0,2.0,Corporate Event,1,0.0,0.0,300.0,500.0,1,2,2,0,1,1,14.294592914853947,55.08300395256917,6.355731225296442,15.661901802361717,11,4,2024,4,3
710.0,155,66,19000.0,16.0,Corporate Event,2,0.0,0.0,200.0,400.0,1,2,13,0,1,2,283.5820895522388,4.551282051282051,0.4230769230769231,231.34328358208953,12,4,2024,1,0
1519.0,202,1983,25000.0,10.0,Birthday,3,0.0,0.0,200.0,500.0,0,0,11,0,0,1,12.600806451612904,7.482758620689655,9.768472906403941,10.181451612903226,1,1,2022,6,0
11828.0,176,3661,19000.0,3.0,Birthday,2,0.0,0.0,200.0,400.0,0,1,12,0,1,2,5.188421627525942,66.82485875706215,20.683615819209038,4.8061168760240305,7,3,2023,1,2
4284.0,239,4101,19000.0,0.0,Corporate Event,1,0.0,0.0,200.0,400.0,1,0,12,0,1,0,4.631886884446612,17.85,17.0875,5.826426133593369,8,3,2022,2,2
5399.0,203,1417,20000.0,1.0,Wedding,1,0.0,0.0,100.0,200.0,2,2,15,0,0,0,14.104372355430183,26.465686274509803,6.946078431372549,14.315937940761636,12,4,2023,1,0
2865.0,252,1608,17000.0,4.0,Birthday,3,0.0,0.0,100.0,200.0,0,2,18,0,0,2,10.565568676196396,11.32411067193676,6.355731225296442,15.661901802361717,5,2,2024,6,1
6023.0,42,3577,25000.0,2.0,Wedding,1,0.0,0.0,200.0,400.0,2,2,7,0,1,1,6.98714365567356,140.06976744186048,83.18604651162791,1.1738401341531581,2,1,2022,5,0
780.0,298,962,25000.0,7.0,Corporate Event,3,0.0,0.0,300.0,500.0,1,2,10,0,1,1,25.96053997923157,2.608695652173913,3.217391304347826,30.944963655244027,1,1,2025,0,0
4280.0,298,962,12000.0,6.0,Corporate Event,1,0.0,0.0,300.0,500.0,1,1,2,0,1,2,12.461059190031152,14.31438127090301,3.217391304347826,30.944963655244027,4,2,2025,1,1
9367.0,203,1417,24000.0,16.0,Wedding,3,0.0,0.0,300.0,500.0,2,2,14,0,1,2,16.92524682651622,45.916666666666664,6.946078431372549,14.315937940761636,1,1,2023,2,0
14125.0,239,4101,24000.0,16.0,Wedding,4,0.0,0.0,300.0,500.0,2,2,14,0,1,2,5.850804485616773,58.854166666666664,17.0875,5.826426133593369,6,2,2023,2,2
8696.0,126,4896,12000.0,20.0,Corporate Event,1,0.0,0.0,300.0,500.0,1,2,17,0,0,2,2.450479885644272,68.4724409448819,38.55118110236221,2.5730038799264854,11,4,2024,6,3
6189.0,126,4896,23000.0,20.0,Birthday,2,0.0,0.0,300.0,500.0,0,2,17,0,0,0,4.696753114151521,48.732283464566926,38.55118110236221,2.5730038799264854,6,2,2022,1,2
8190.0,203,1417,20000.0,5.0,Corporate Event,3,0.0,0.0,100.0,200.0,1,1,3,0,0,0,14.104372355430183,40.14705882352941,6.946078431372549,14.315937940761636,11,4,2025,4,3
6997.0,203,1417,24000.0,3.0,Birthday,2,0.0,0.0,200.0,500.0,0,1,11,0,0,1,16.92524682651622,34.299019607843135,6.946078431372549,14.315937940761636,12,4,2023,6,0
11818.0,252,1608,19000.0,7.0,Wedding,4,0.0,0.0,100.0,200.0,2,2,4,0,0,1,11.808576755748913,46.71146245059288,6.355731225296442,15.661901802361717,10,4,2025,2,3
10769.0,229,3480,23000.0,9.0,Birthday,4,0.0,0.0,200.0,400.0,0,1,6,0,1,0,6.607296753806377,46.821739130434786,15.130434782608695,6.578569376615915,6,2,2022,5,2
7601.0,229,3480,26000.0,0.0,Corporate Event,5,0.0,0.0,200.0,400.0,1,0,12,0,1,2,7.469118069520253,33.04782608695652,15.130434782608695,6.578569376615915,1,1,2022,3,0
2541.0,249,22215,12000.0,2.0,Birthday,2,0.0,0.0,200.0,400.0,0,2,7,0,1,2,0.5401512423478574,10.164,88.86,1.120813827871804,8,3,2025,4,2
14539.0,203,1417,20000.0,0.0,Wedding,1,0.0,0.0,100.0,200.0,2,0,4,0,0,1,14.104372355430183,71.26960784313725,6.946078431372549,14.315937940761636,3,1,2024,2,1
10944.0,202,1983,24000.0,2.0,Corporate Event,5,0.0,0.0,300.0,500.0,1,2,2,0,1,2,12.096774193548388,53.91133004926108,9.768472906403941,10.181451612903226,2,1,2023,0,0
5929.0,126,4896,25000.0,8.0,Corporate Event,2,0.0,0.0,100.0,200.0,1,2,18,0,0,0,5.105166428425567,46.68503937007874,38.55118110236221,2.5730038799264854,12,4,2023,4,0
14551.0,249,22215,15000.0,3.0,Wedding,5,0.0,0.0,200.0,400.0,2,1,12,0,1,1,0.6751890529348218,58.204,88.86,1.120813827871804,8,3,2025,3,2
2378.0,42,3577,24000.0,0.0,Wedding,2,0.0,0.0,100.0,200.0,2,0,4,0,0,1,6.707657909446619,55.30232558139535,83.18604651162791,1.1738401341531581,9,3,2024,5,3
5104.0,155,66,22000.0,16.0,Birthday,1,0.0,0.0,300.0,500.0,0,2,14,0,1,0,328.35820895522386,32.717948717948715,0.4230769230769231,231.34328358208953,1,1,2022,3,0
8600.0,252,1608,12000.0,0.0,Corporate Event,1,0.0,0.0,200.0,400.0,1,0,12,0,1,2,7.458048477315103,33.99209486166008,6.355731225296442,15.661901802361717,6,2,2022,5,2
11977.0,252,1608,15000.0,20.0,Corporate Event,3,0.0,0.0,300.0,500.0,1,2,17,0,0,0,9.322560596643878,47.3399209486166,6.355731225296442,15.661901802361717,8,3,2023,2,2
1429.0,126,4896,17000.0,8.0,Corporate Event,4,0.0,0.0,100.0,200.0,1,2,18,0,0,0,3.471513171329385,11.251968503937007,38.55118110236221,2.5730038799264854,11,4,2025,6,3
14862.0,249,22215,21000.0,0.0,Corporate Event,2,0.0,0.0,100.0,200.0,1,2,3,0,0,2,0.9452646741087505,59.448,88.86,1.120813827871804,10,4,2025,6,3
5789.0,42,3577,21000.0,12.0,Birthday,2,0.0,0.0,200.0,500.0,0,1,9,0,0,1,5.869200670765791,134.62790697674419,83.18604651162791,1.1738401341531581,8,3,2025,3,2
10773.0,249,22215,15000.0,7.0,Birthday,5,0.0,0.0,100.0,200.0,0,2,4,0,0,1,0.6751890529348218,43.092,88.86,1.120813827871804,9,3,2022,2,3
7224.0,203,1258,20000.0,2.0,Wedding,5,0.0,0.0,200.0,400.0,2,2,7,0,1,1,15.885623510722796,35.411764705882355,6.166666666666667,16.12390786338364,11,4,2023,3,3
2673.0,202,1983,25000.0,3.0,Wedding,4,0.0,0.0,100.0,200.0,2,0,18,0,0,2,12.600806451612904,13.167487684729064,9.768472906403941,10.181451612903226,9,3,2022,5,3
93440.0,202,1983,13000.0,9.0,Wedding,5,0.0,0.0,200.0,400.0,2,1,6,0,1,0,6.55241935483871,460.29556650246303,9.768472906403941,10.181451612903226,9,3,2024,2,3
5362.0,202,1983,12000.0,10.0,Birthday,2,0.0,0.0,100.0,200.0,0,1,4,0,0,0,6.048387096774194,26.413793103448278,9.768472906403941,10.181451612903226,12,4,2024,3,0
11557.0,42,3577,23000.0,14.0,Wedding,1,0.0,0.0,200.0,400.0,2,2,0,0,1,0,6.428172163219676,268.7674418604651,83.18604651162791,1.1738401341531581,5,2,2023,3,1
8697.0,126,4896,24000.0,20.0,Birthday,5,0.0,0.0,300.0,500.0,0,2,17,0,0,1,4.900959771288544,68.48031496062993,38.55118110236221,2.5730038799264854,3,1,2024,2,1
11880.0,252,1608,20000.0,20.0,Wedding,5,0.0,0.0,300.0,500.0,2,2,17,0,0,2,12.430080795525171,46.95652173913044,6.355731225296442,15.661901802361717,4,2,2022,6,1
6862.0,249,22215,22000.0,1.0,Corporate Event,3,0.0,0.0,100.0,200.0,1,2,15,0,0,1,0.9902772776377385,27.448,88.86,1.120813827871804,11,4,2022,3,3
586.0,155,66,17000.0,3.0,Corporate Event,4,0.0,0.0,100.0,200.0,1,0,18,0,0,1,253.73134328358208,3.7564102564102564,0.4230769230769231,231.34328358208953,3,1,2022,0,1
9319.0,203,1258,26000.0,4.0,Wedding,3,0.0,0.0,200.0,400.0,2,2,1,0,1,1,20.651310563939635,45.681372549019606,6.166666666666667,16.12390786338364,7,3,2025,2,2
9332.0,203,1417,23000.0,2.0,Corporate Event,1,0.0,0.0,300.0,500.0,1,2,2,0,1,1,16.22002820874471,45.745098039215684,6.946078431372549,14.315937940761636,9,3,2022,0,3
119750.0,298,962,22000.0,8.0,Birthday,5,0.0,0.0,300.0,500.0,0,2,2,0,1,2,22.84527518172378,400.5016722408027,3.217391304347826,30.944963655244027,1,1,2024,1,0
13636.0,239,4101,15000.0,8.0,Wedding,5,0.0,0.0,100.0,200.0,2,2,18,0,0,2,3.6567528035104826,56.81666666666667,17.0875,5.826426133593369,12,4,2023,3,0
2088.0,203,1417,21000.0,2.0,Birthday,4,0.0,0.0,200.0,400.0,0,0,1,0,1,2,14.809590973201692,10.235294117647058,6.946078431372549,14.315937940761636,1,1,2022,1,0
8330.0,202,1983,24000.0,20.0,Wedding,3,0.0,0.0,300.0,500.0,2,2,17,0,0,0,12.096774193548388,41.03448275862069,9.768472906403941,10.181451612903226,8,3,2022,6,2
1077.0,176,3661,26000.0,0.0,Corporate Event,4,0.0,0.0,300.0,500.0,1,0,17,0,0,2,7.099945385035499,6.084745762711864,20.683615819209038,4.8061168760240305,1,1,2022,3,0
2297.0,155,66,17000.0,0.0,Corporate Event,2,0.0,0.0,300.0,500.0,1,0,14,0,1,0,253.73134328358208,14.724358974358974,0.4230769230769231,231.34328358208953,9,3,2023,1,3
12581.0,239,4101,20000.0,6.0,Corporate Event,3,0.0,0.0,300.0,500.0,1,1,2,0,1,0,4.875670404680643,52.420833333333334,17.0875,5.826426133593369,6,2,2022,3,2
4220.0,203,1417,12000.0,0.0,Corporate Event,5,0.0,0.0,300.0,500.0,1,0,14,0,1,1,8.46262341325811,20.686274509803923,6.946078431372549,14.315937940761636,5,2,2024,0,1
5759.0,202,1983,12000.0,16.0,Birthday,1,0.0,0.0,200.0,500.0,0,2,11,0,0,0,6.048387096774194,28.36945812807882,9.768472906403941,10.181451612903226,10,4,2025,4,3
1222.0,176,3661,20000.0,0.0,Corporate Event,1,0.0,0.0,300.0,500.0,1,2,16,0,1,1,5.461496450027307,6.903954802259887,20.683615819209038,4.8061168760240305,2,1,2023,1,0
342.0,202,1983,17000.0,3.0,Birthday,5,0.0,0.0,200.0,500.0,0,1,11,0,0,0,8.568548387096774,1.6847290640394088,9.768472906403941,10.181451612903226,2,1,2025,0,0
9814.0,298,962,19000.0,2.0,Wedding,3,0.0,0.0,100.0,200.0,2,2,4,0,0,1,19.73001038421599,32.82274247491639,3.217391304347826,30.944963655244027,10,4,2023,5,3
3032.0,239,4101,21000.0,3.0,Wedding,3,0.0,0.0,200.0,400.0,2,1,12,0,1,2,5.1194539249146755,12.633333333333333,17.0875,5.826426133593369,2,1,2023,4,0
7254.0,203,1258,20000.0,20.0,Wedding,3,0.0,0.0,300.0,500.0,2,2,17,0,0,2,15.885623510722796,35.55882352941177,6.166666666666667,16.12390786338364,7,3,2025,5,2
1383.0,155,66,23000.0,2.0,Birthday,2,0.0,0.0,300.0,500.0,0,2,10,0,1,1,343.2835820895522,8.865384615384615,0.4230769230769231,231.34328358208953,1,1,2023,6,0
13393.0,239,4101,17000.0,10.0,Birthday,4,0.0,0.0,100.0,200.0,0,2,3,0,0,1,4.144319843978547,55.80416666666667,17.0875,5.826426133593369,1,1,2025,2,0
12126.0,249,22215,20000.0,3.0,Birthday,1,0.0,0.0,100.0,200.0,0,0,18,0,0,1,0.9002520705797623,48.504,88.86,1.120813827871804,11,4,2023,2,3
12620.0,203,1417,15000.0,14.0,Corporate Event,5,0.0,0.0,300.0,500.0,1,1,10,0,1,0,10.578279266572638,61.86274509803921,6.946078431372549,14.315937940761636,4,2,2023,6,1
9477.0,202,1983,13000.0,20.0,Birthday,3,0.0,0.0,300.0,500.0,0,2,17,0,0,1,6.55241935483871,46.68472906403941,9.768472906403941,10.181451612903226,9,3,2023,4,3
11685.0,42,3577,22000.0,0.0,Birthday,1,0.0,0.0,200.0,400.0,0,1,13,0,1,2,6.148686416992733,271.74418604651163,83.18604651162791,1.1738401341531581,10,4,2024,5,3
14801.0,203,1417,26000.0,18.0,Corporate Event,1,0.0,0.0,200.0,400.0,1,0,8,0,1,2,18.33568406205924,72.55392156862744,6.946078431372549,14.315937940761636,7,3,2024,2,2
7661.0,249,22215,19000.0,0.0,Corporate Event,3,0.0,0.0,200.0,400.0,1,0,0,0,1,2,0.8552394670507742,30.644,88.86,1.120813827871804,9,3,2023,1,3
12644.0,239,4101,12000.0,7.0,Birthday,4,0.0,0.0,300.0,500.0,0,0,5,0,1,1,2.9254022428083863,52.68333333333333,17.0875,5.826426133593369,3,1,2024,0,1
3347.0,249,22215,24000.0,4.0,Birthday,1,0.0,0.0,300.0,500.0,0,2,5,0,1,0,1.0803024846957148,13.388,88.86,1.120813827871804,6,2,2024,5,2
6007.0,42,3577,20000.0,2.0,Corporate Event,1,0.0,0.0,200.0,400.0,1,2,7,0,1,1,5.589714924538849,139.69767441860466,83.18604651162791,1.1738401341531581,12,4,2022,1,0
5599.0,249,22215,23000.0,7.0,Wedding,4,0.0,0.0,300.0,500.0,2,2,10,0,1,1,1.0352898811667266,22.396,88.86,1.120813827871804,6,2,2022,0,2
14653.0,176,3661,19000.0,20.0,Corporate Event,2,0.0,0.0,300.0,500.0,1,2,17,0,0,1,5.188421627525942,82.78531073446328,20.683615819209038,4.8061168760240305,1,1,2024,4,0
3744.0,202,1983,19000.0,4.0,Corporate Event,5,0.0,0.0,100.0,200.0,1,2,18,0,0,2,9.576612903225806,18.44334975369458,9.768472906403941,10.181451612903226,8,3,2024,3,2
440.0,229,3480,21000.0,7.0,Corporate Event,5,0.0,0.0,100.0,200.0,1,2,4,0,0,1,6.032749209997127,1.9130434782608696,15.130434782608695,6.578569376615915,12,4,2025,6,0
3807.0,249,22215,19000.0,7.0,Birthday,2,0.0,0.0,100.0,200.0,0,1,18,0,0,1,0.8552394670507742,15.228,88.86,1.120813827871804,1,1,2022,3,0
37730.0,155,66,24000.0,16.0,Corporate Event,2,0.0,0.0,200.0,400.0,1,2,8,0,1,2,358.2089552238806,241.85897435897436,0.4230769230769231,231.34328358208953,2,1,2025,4,0
13510.0,298,962,22000.0,0.0,Birthday,2,0.0,0.0,200.0,400.0,0,0,6,0,1,0,22.84527518172378,45.18394648829432,3.217391304347826,30.944963655244027,3,1,2024,5,1
14715.0,239,4101,24000.0,0.0,Birthday,5,0.0,0.0,200.0,400.0,0,0,13,0,1,0,5.850804485616773,61.3125,17.0875,5.826426133593369,3,1,2023,2,1
10241.0,252,1608,23000.0,0.0,Birthday,2,0.0,0.0,200.0,400.0,0,0,13,0,1,2,14.294592914853947,40.47826086956522,6.355731225296442,15.661901802361717,5,2,2025,5,1
9667.0,229,3480,26000.0,16.0,Wedding,5,0.0,0.0,200.0,400.0,2,2,8,0,1,2,7.469118069520253,42.030434782608694,15.130434782608695,6.578569376615915,9,3,2025,3,3
13472.0,202,1983,12000.0,2.0,Corporate Event,2,0.0,0.0,100.0,200.0,1,2,4,0,0,1,6.048387096774194,66.36453201970443,9.768472906403941,10.181451612903226,8,3,2022,6,2
4090.0,298,962,20000.0,0.0,Birthday,1,0.0,0.0,300.0,500.0,0,2,16,0,1,0,20.768431983385256,13.678929765886288,3.217391304347826,30.944963655244027,4,2,2025,5,1
10294.0,203,1258,20000.0,0.0,Wedding,4,0.0,0.0,300.0,500.0,2,0,14,0,1,1,15.885623510722796,50.46078431372549,6.166666666666667,16.12390786338364,4,2,2023,0,1
13330.0,176,3661,19000.0,0.0,Birthday,5,0.0,0.0,300.0,500.0,0,2,16,0,1,2,5.188421627525942,75.31073446327683,20.683615819209038,4.8061168760240305,6,2,2022,3,2
9825.0,249,22215,25000.0,4.0,Birthday,1,0.0,0.0,300.0,500.0,0,2,5,0,1,2,1.125315088224703,39.3,88.86,1.120813827871804,8,3,2022,1,2
3896.0,202,1983,12000.0,2.0,Wedding,5,0.0,0.0,200.0,500.0,2,0,9,0,0,2,6.048387096774194,19.192118226600986,9.768472906403941,10.181451612903226,6,2,2025,4,2
736.0,155,66,15000.0,2.0,Wedding,1,0.0,0.0,200.0,400.0,2,2,12,0,1,1,223.88059701492537,4.717948717948718,0.4230769230769231,231.34328358208953,10,4,2022,3,3
14401.0,42,3577,17000.0,10.0,Wedding,1,0.0,0.0,100.0,200.0,2,1,4,0,0,0,4.751257685858021,334.90697674418607,83.18604651162791,1.1738401341531581,10,4,2023,5,3
12443.0,239,4101,19000.0,10.0,Corporate Event,4,0.0,0.0,200.0,400.0,1,2,0,0,1,2,4.631886884446612,51.84583333333333,17.0875,5.826426133593369,11,4,2023,4,3
331.0,203,1417,17000.0,10.0,Birthday,1,0.0,0.0,200.0,400.0,0,2,6,0,1,2,11.988716502115656,1.6225490196078431,6.946078431372549,14.315937940761636,3,1,2024,5,1
3380.0,249,22215,24000.0,9.0,Wedding,1,0.0,0.0,300.0,500.0,2,2,5,0,1,1,1.0803024846957148,13.52,88.86,1.120813827871804,5,2,2023,4,1
13423.0,203,1417,19000.0,13.0,Wedding,3,0.0,0.0,200.0,400.0,2,1,8,0,1,1,13.399153737658674,65.79901960784314,6.946078431372549,14.315937940761636,8,3,2025,1,2
9419.0,239,4101,25000.0,2.0,Corporate Event,2,0.0,0.0,200.0,400.0,1,2,7,0,1,2,6.094588005850804,39.24583333333333,17.0875,5.826426133593369,11,4,2023,2,3
12655.0,203,1258,15000.0,3.0,Wedding,5,0.0,0.0,200.0,400.0,2,2,12,0,1,2,11.914217633042098,62.03431372549019,6.166666666666667,16.12390786338364,12,4,2025,0,0
12162.0,203,1258,15000.0,16.0,Wedding,3,0.0,0.0,200.0,400.0,2,2,1,0,1,2,11.914217633042098,59.61764705882353,6.166666666666667,16.12390786338364,8,3,2022,5,2
10358.0,298,962,17000.0,0.0,Corporate Event,2,0.0,0.0,100.0,200.0,1,0,3,0,0,0,17.653167185877468,34.642140468227424,3.217391304347826,30.944963655244027,7,3,2025,4,2
12055.0,298,962,22000.0,0.0,Corporate Event,4,0.0,0.0,300.0,500.0,1,2,16,0,1,2,22.84527518172378,40.31772575250836,3.217391304347826,30.944963655244027,1,1,2024,6,0
8594.0,203,1417,26000.0,2.0,Wedding,2,0.0,0.0,200.0,400.0,2,2,13,0,1,2,18.33568406205924,42.127450980392155,6.946078431372549,14.315937940761636,4,2,2023,5,1
7305.0,229,3480,22000.0,4.0,Corporate Event,2,0.0,0.0,300.0,500.0,1,2,5,0,1,2,6.320022981901753,31.76086956521739,15.130434782608695,6.578569376615915,6,2,2023,3,2
5856.0,229,3480,25000.0,0.0,Corporate Event,5,0.0,0.0,200.0,500.0,1,2,11,0,0,0,7.181844297615628,25.46086956521739,15.130434782608695,6.578569376615915,3,1,2025,2,1
3241.0,176,3661,24000.0,10.0,Wedding,1,0.0,0.0,300.0,500.0,2,0,10,0,1,1,6.553795740032769,18.310734463276837,20.683615819209038,4.8061168760240305,10,4,2023,4,3
143860.0,249,22215,15000.0,0.0,Wedding,2,0.0,0.0,200.0,400.0,2,0,12,0,1,1,0.6751890529348218,575.44,88.86,1.120813827871804,2,1,2024,6,0
8511.0,298,962,12000.0,2.0,Corporate Event,4,0.0,0.0,200.0,400.0,1,2,7,0,1,1,12.461059190031152,28.464882943143813,3.217391304347826,30.944963655244027,6,2,2023,1,2
9498.0,298,962,24000.0,2.0,Corporate Event,5,0.0,0.0,200.0,400.0,1,2,13,0,1,0,24.922118380062305,31.765886287625417,3.217391304347826,30.944963655244027,1,1,2022,5,0
1393.0,126,4896,13000.0,7.0,Birthday,3,0.0,0.0,300.0,500.0,0,0,5,0,1,1,2.6546865427812945,10.968503937007874,38.55118110236221,2.5730038799264854,10,4,2022,3,3
4395.0,203,1258,24000.0,0.0,Corporate Event,2,0.0,0.0,200.0,400.0,1,2,6,0,1,0,19.062748212867355,21.544117647058822,6.166666666666667,16.12390786338364,4,2,2022,2,1
7228.0,155,66,26000.0,7.0,Wedding,3,0.0,0.0,300.0,500.0,2,0,5,0,1,1,388.05970149253733,46.333333333333336,0.4230769230769231,231.34328358208953,5,2,2022,0,1
3392.0,203,1258,12000.0,0.0,Birthday,5,0.0,0.0,200.0,400.0,0,0,0,0,1,0,9.531374106433677,16.627450980392158,6.166666666666667,16.12390786338364,7,3,2023,6,2
12556.0,249,22215,13000.0,8.0,Wedding,4,0.0,0.0,300.0,500.0,2,2,2,0,1,1,0.5851638458768456,50.224,88.86,1.120813827871804,12,4,2024,1,0
2146.0,203,1417,12000.0,0.0,Birthday,5,0.0,0.0,200.0,400.0,0,1,13,0,1,0,8.46262341325811,10.519607843137255,6.946078431372549,14.315937940761636,2,1,2025,1,0
10239.0,155,66,12000.0,7.0,Birthday,5,0.0,0.0,100.0,200.0,0,2,4,0,0,1,179.1044776119403,65.63461538461539,0.4230769230769231,231.34328358208953,11,4,2025,5,3
804.0,203,1417,26000.0,16.0,Corporate Event,4,0.0,0.0,200.0,400.0,1,2,8,0,1,1,18.33568406205924,3.9411764705882355,6.946078431372549,14.315937940761636,3,1,2025,1,1
1563.0,249,22215,26000.0,0.0,Birthday,1,0.0,0.0,100.0,200.0,0,0,3,0,0,0,1.1703276917536911,6.252,88.86,1.120813827871804,11,4,2025,0,3
4688.0,42,3577,25000.0,0.0,Wedding,1,0.0,0.0,100.0,200.0,2,2,3,0,0,0,6.98714365567356,109.02325581395348,83.18604651162791,1.1738401341531581,7,3,2024,0,2
12145.0,203,1258,21000.0,0.0,Wedding,3,0.0,0.0,200.0,400.0,2,2,6,0,1,1,16.679904686258936,59.53431372549019,6.166666666666667,16.12390786338364,12,4,2023,4,0
6611.0,126,4896,15000.0,10.0,Wedding,2,0.0,0.0,200.0,400.0,2,2,6,0,1,2,3.06309985705534,52.05511811023622,38.55118110236221,2.5730038799264854,7,3,2025,5,2
1829.0,239,4101,19000.0,16.0,Birthday,4,0.0,0.0,300.0,500.0,0,2,14,0,1,2,4.631886884446612,7.620833333333334,17.0875,5.826426133593369,4,2,2023,1,1
1126.0,203,1417,17000.0,3.0,Corporate Event,2,0.0,0.0,200.0,500.0,1,1,11,0,0,2,11.988716502115656,5.519607843137255,6.946078431372549,14.315937940761636,11,4,2025,2,3
13037.0,126,4896,19000.0,7.0,Corporate Event,3,0.0,0.0,100.0,200.0,1,2,4,0,0,1,3.8799264856034306,102.65354330708661,38.55118110236221,2.5730038799264854,4,2,2023,6,1
5907.0,239,4101,26000.0,16.0,Wedding,3,0.0,0.0,200.0,400.0,2,2,13,0,1,0,6.338371526084837,24.6125,17.0875,5.826426133593369,12,4,2023,5,0
14124.0,203,1417,25000.0,8.0,Wedding,3,0.0,0.0,300.0,500.0,2,2,2,0,1,0,17.63046544428773,69.23529411764706,6.946078431372549,14.315937940761636,9,3,2023,4,3
14677.0,229,3480,19000.0,5.0,Corporate Event,4,0.0,0.0,100.0,200.0,1,1,3,0,0,2,5.458201666187877,63.81304347826087,15.130434782608695,6.578569376615915,5,2,2023,6,1
3922.0,239,4101,17000.0,10.0,Corporate Event,4,0.0,0.0,200.0,400.0,1,2,6,0,1,2,4.144319843978547,16.341666666666665,17.0875,5.826426133593369,7,3,2025,6,2
3867.0,298,962,26000.0,8.0,Wedding,2,0.0,0.0,300.0,500.0,2,2,2,0,1,2,26.99896157840083,12.933110367892976,3.217391304347826,30.944963655244027,10,4,2023,0,3
8783.0,203,1258,21000.0,4.0,Birthday,3,0.0,0.0,200.0,400.0,0,2,1,0,1,1,16.679904686258936,43.05392156862745,6.166666666666667,16.12390786338364,9,3,2024,4,3
8266.0,42,3577,15000.0,18.0,Corporate Event,1,0.0,0.0,200.0,400.0,1,0,8,0,1,0,4.192286193404136,192.2325581395349,83.18604651162791,1.1738401341531581,8,3,2023,1,2
5549.0,203,1417,25000.0,16.0,Birthday,4,0.0,0.0,200.0,400.0,0,2,1,0,1,1,17.63046544428773,27.20098039215686,6.946078431372549,14.315937940761636,9,3,2023,6,3
13800.0,298,962,23000.0,2.0,Corporate Event,3,0.0,0.0,200.0,400.0,1,2,12,0,1,1,23.883696780893043,46.15384615384615,3.217391304347826,30.944963655244027,10,4,2023,5,3
13277.0,126,4896,13000.0,14.0,Corporate Event,5,0.0,0.0,300.0,500.0,1,1,10,0,1,1,2.6546865427812945,104.54330708661418,38.55118110236221,2.5730038799264854,1,1,2023,6,0
2436.0,155,66,17000.0,2.0,Wedding,4,0.0,0.0,200.0,400.0,2,2,13,0,1,0,253.73134328358208,15.615384615384615,0.4230769230769231,231.34328358208953,6,2,2023,3,2
12275.0,203,1258,19000.0,7.0,Birthday,2,0.0,0.0,100.0,200.0,0,2,4,0,0,0,15.091342335186656,60.17156862745098,6.166666666666667,16.12390786338364,10,4,2023,6,3
2495.0,176,3661,25000.0,0.0,Wedding,5,0.0,0.0,200.0,400.0,2,1,13,0,1,1,6.826870562534134,14.096045197740112,20.683615819209038,4.8061168760240305,12,4,2022,5,0
5727.0,155,66,12000.0,14.0,Wedding,4,0.0,0.0,300.0,500.0,2,1,10,0,1,1,179.1044776119403,36.71153846153846,0.4230769230769231,231.34328358208953,11,4,2022,2,3
12135.0,229,3480,26000.0,5.0,Wedding,3,0.0,0.0,300.0,500.0,2,1,5,0,1,2,7.469118069520253,52.76086956521739,15.130434782608695,6.578569376615915,3,1,2024,4,1
3377.0,126,4896,24000.0,8.0,Corporate Event,5,0.0,0.0,100.0,200.0,1,2,18,0,0,2,4.900959771288544,26.590551181102363,38.55118110236221,2.5730038799264854,10,4,2025,1,3
4141.0,229,3480,24000.0,16.0,Birthday,1,0.0,0.0,200.0,400.0,0,2,1,0,1,1,6.894570525711003,18.004347826086956,15.130434782608695,6.578569376615915,2,1,2022,1,0
7181.0,155,66,23000.0,16.0,Wedding,2,0.0,0.0,200.0,400.0,2,2,1,0,1,2,343.2835820895522,46.032051282051285,0.4230769230769231,231.34328358208953,2,1,2024,1,0
14153.0,229,3480,12000.0,2.0,Corporate Event,2,0.0,0.0,300.0,500.0,1,2,2,0,1,0,3.4472852628555013,61.53478260869565,15.130434782608695,6.578569376615915,5,2,2025,3,1
7394.0,202,1983,23000.0,5.0,Birthday,2,0.0,0.0,300.0,500.0,0,1,5,0,1,2,11.59274193548387,36.423645320197046,9.768472906403941,10.181451612903226,8,3,2023,2,2
3108.0,298,962,23000.0,2.0,Corporate Event,3,0.0,0.0,200.0,400.0,1,2,7,0,1,2,23.883696780893043,10.394648829431437,3.217391304347826,30.944963655244027,4,2,2024,0,1
3370.0,252,1608,12000.0,5.0,Wedding,5,0.0,0.0,300.0,500.0,2,1,5,0,1,0,7.458048477315103,13.320158102766799,6.355731225296442,15.661901802361717,9,3,2025,5,3
420.0,252,1608,24000.0,7.0,Corporate Event,2,0.0,0.0,100.0,200.0,1,2,4,0,0,2,14.916096954630206,1.6600790513833992,6.355731225296442,15.661901802361717,7,3,2022,1,2
6133.0,239,4101,25000.0,5.0,Wedding,3,0.0,0.0,100.0,200.0,2,1,3,0,0,0,6.094588005850804,25.554166666666667,17.0875,5.826426133593369,7,3,2023,2,2
12434.0,126,4896,23000.0,15.0,Wedding,1,0.0,0.0,200.0,400.0,2,1,1,0,1,1,4.696753114151521,97.90551181102362,38.55118110236221,2.5730038799264854,10,4,2024,6,3
11066.0,298,962,23000.0,16.0,Corporate Event,2,0.0,0.0,200.0,400.0,1,2,1,0,1,0,23.883696780893043,37.01003344481605,3.217391304347826,30.944963655244027,7,3,2023,6,2
8606.0,239,4101,26000.0,5.0,Corporate Event,4,0.0,0.0,300.0,500.0,1,1,5,0,1,2,6.338371526084837,35.858333333333334,17.0875,5.826426133593369,5,2,2025,5,1
3972.0,176,3661,15000.0,5.0,Birthday,3,0.0,0.0,300.0,500.0,0,1,5,0,1,2,4.09612233752048,22.440677966101696,20.683615819209038,4.8061168760240305,7,3,2025,2,2
14752.0,202,1983,20000.0,0.0,Corporate Event,3,0.0,0.0,200.0,400.0,1,0,0,0,1,0,10.080645161290322,72.66995073891626,9.768472906403941,10.181451612903226,9,3,2025,1,3
4706.0,202,1983,12000.0,0.0,Wedding,5,0.0,0.0,300.0,500.0,2,0,17,0,0,2,6.048387096774194,23.182266009852217,9.768472906403941,10.181451612903226,3,1,2022,6,1
12322.0,203,1417,15000.0,7.0,Corporate Event,4,0.0,0.0,300.0,500.0,1,0,5,0,1,0,10.578279266572638,60.40196078431372,6.946078431372549,14.315937940761636,6,2,2024,4,2
3947.0,203,1258,17000.0,10.0,Corporate Event,1,0.0,0.0,200.0,500.0,1,0,11,0,0,2,13.502779984114376,19.348039215686274,6.166666666666667,16.12390786338364,3,1,2024,3,1
11526.0,249,22215,17000.0,7.0,Wedding,2,0.0,0.0,300.0,500.0,2,2,10,0,1,0,0.765214259992798,46.104,88.86,1.120813827871804,11,4,2024,6,3
88110.0,42,3577,13000.0,16.0,Birthday,1,0.0,0.0,200.0,400.0,0,2,8,0,1,0,3.6333147009502516,2049.0697674418607,83.18604651162791,1.1738401341531581,9,3,2022,6,3
12029.0,155,66,20000.0,4.0,Corporate Event,3,0.0,0.0,300.0,500.0,1,0,2,0,1,1,298.5074626865672,77.10897435897436,0.4230769230769231,231.34328358208953,6,2,2025,6,2
8675.0,252,1608,17000.0,0.0,Corporate Event,2,0.0,0.0,200.0,400.0,1,0,7,0,1,0,10.565568676196396,34.28853754940712,6.355731225296442,15.661901802361717,4,2,2022,2,1
6590.0,202,1983,24000.0,9.0,Wedding,5,0.0,0.0,300.0,500.0,2,1,14,0,1,1,12.096774193548388,32.46305418719212,9.768472906403941,10.181451612903226,6,2,2023,2,2
11334.0,126,4896,24000.0,0.0,Corporate Event,3,0.0,0.0,100.0,200.0,1,0,4,0,0,2,4.900959771288544,89.24409448818898,38.55118110236221,2.5730038799264854,4,2,2024,6,1
9726.0,203,1417,25000.0,3.0,Birthday,4,0.0,0.0,200.0,400.0,0,1,12,0,1,0,17.63046544428773,47.6764705882353,6.946078431372549,14.315937940761636,5,2,2024,5,1
13537.0,176,3661,20000.0,7.0,Corporate Event,4,0.0,0.0,300.0,500.0,1,0,5,0,1,1,5.461496450027307,76.48022598870057,20.683615819209038,4.8061168760240305,2,1,2024,3,0
3983.0,203,1258,17000.0,0.0,Wedding,4,0.0,0.0,200.0,400.0,2,1,13,0,1,2,13.502779984114376,19.524509803921568,6.166666666666667,16.12390786338364,8,3,2023,1,2
9066.0,126,4896,17000.0,18.0,Wedding,2,0.0,0.0,200.0,400.0,2,0,8,0,1,1,3.471513171329385,71.38582677165354,38.55118110236221,2.5730038799264854,6,2,2024,0,2
10967.0,155,66,12000.0,7.0,Corporate Event,5,0.0,0.0,100.0,200.0,1,0,15,0,0,1,179.1044776119403,70.30128205128206,0.4230769230769231,231.34328358208953,12,4,2025,2,0
11735.0,202,1983,17000.0,4.0,Corporate Event,3,0.0,0.0,300.0,500.0,1,0,2,0,1,1,8.568548387096774,57.80788177339902,9.768472906403941,10.181451612903226,8,3,2022,4,2
11075.0,298,962,26000.0,0.0,Birthday,3,0.0,0.0,200.0,500.0,0,2,11,0,0,2,26.99896157840083,37.04013377926422,3.217391304347826,30.944963655244027,8,3,2024,4,2
12520.0,252,1608,19000.0,4.0,Wedding,5,0.0,0.0,300.0,500.0,2,2,5,0,1,2,11.808576755748913,49.48616600790514,6.355731225296442,15.661901802361717,11,4,2024,2,3
6834.0,298,962,19000.0,0.0,Corporate Event,2,0.0,0.0,100.0,200.0,1,2,15,0,0,2,19.73001038421599,22.8561872909699,3.217391304347826,30.944963655244027,7,3,2025,6,2
6956.0,239,4101,23000.0,2.0,Wedding,3,0.0,0.0,200.0,400.0,2,2,7,0,1,2,5.60702096538274,28.983333333333334,17.0875,5.826426133593369,4,2,2022,3,1
14262.0,202,1983,23000.0,16.0,Corporate Event,4,0.0,0.0,200.0,500.0,1,2,11,0,0,2,11.59274193548387,70.25615763546799,9.768472906403941,10.181451612903226,9,3,2023,3,3
3358.0,298,962,15000.0,20.0,Corporate Event,4,0.0,0.0,300.0,500.0,1,2,17,0,0,1,15.576323987538942,11.23076923076923,3.217391304347826,30.944963655244027,7,3,2025,6,2
7608.0,239,4101,19000.0,3.0,Birthday,4,0.0,0.0,200.0,500.0,0,2,9,0,0,0,4.631886884446612,31.7,17.0875,5.826426133593369,11,4,2023,0,3
13983.0,298,962,23000.0,2.0,Birthday,2,0.0,0.0,200.0,400.0,0,2,7,0,1,0,23.883696780893043,46.76588628762542,3.217391304347826,30.944963655244027,9,3,2022,1,3
6405.0,203,1417,15000.0,9.0,Birthday,2,0.0,0.0,300.0,500.0,0,2,5,0,1,2,10.578279266572638,31.397058823529413,6.946078431372549,14.315937940761636,3,1,2023,6,1
6818.0,298,962,17000.0,14.0,Birthday,5,0.0,0.0,200.0,400.0,0,2,0,0,1,2,17.653167185877468,22.80267558528428,3.217391304347826,30.944963655244027,12,4,2022,1,0
3951.0,203,1258,26000.0,8.0,Wedding,4,0.0,0.0,300.0,500.0,2,2,2,0,1,1,20.651310563939635,19.36764705882353,6.166666666666667,16.12390786338364,5,2,2025,6,1
13095.0,249,22215,25000.0,7.0,Wedding,3,0.0,0.0,300.0,500.0,2,0,5,0,1,2,1.125315088224703,52.38,88.86,1.120813827871804,4,2,2022,5,1
1878.0,176,3661,25000.0,4.0,Birthday,5,0.0,0.0,300.0,500.0,0,2,5,0,1,0,6.826870562534134,10.610169491525424,20.683615819209038,4.8061168760240305,7,3,2024,3,2
5986.0,239,4101,15000.0,10.0,Corporate Event,5,0.0,0.0,100.0,200.0,1,2,3,0,0,0,3.6567528035104826,24.941666666666666,17.0875,5.826426133593369,11,4,2022,0,3
10151.0,202,1983,21000.0,3.0,Birthday,1,0.0,0.0,200.0,500.0,0,1,11,0,0,0,10.584677419354838,50.004926108374384,9.768472906403941,10.181451612903226,1,1,2022,4,0
9820.0,202,1983,13000.0,14.0,Birthday,2,0.0,0.0,300.0,500.0,0,1,10,0,1,2,6.55241935483871,48.3743842364532,9.768472906403941,10.181451612903226,6,2,2024,6,2
11299.0,229,3480,23000.0,20.0,Corporate Event,1,0.0,0.0,200.0,400.0,1,2,8,0,1,1,6.607296753806377,49.12608695652174,15.130434782608695,6.578569376615915,2,1,2024,1,0
3679.0,126,4896,13000.0,14.0,Birthday,3,0.0,0.0,200.0,400.0,0,2,0,0,1,1,2.6546865427812945,28.968503937007874,38.55118110236221,2.5730038799264854,10,4,2024,2,3
10814.0,298,962,21000.0,0.0,Wedding,3,0.0,0.0,200.0,500.0,2,2,11,0,0,2,21.806853582554517,36.16722408026756,3.217391304347826,30.944963655244027,4,2,2023,1,1
13108.0,203,1258,24000.0,0.0,Birthday,5,0.0,0.0,300.0,500.0,0,0,17,0,0,1,19.062748212867355,64.25490196078431,6.166666666666667,16.12390786338364,12,4,2024,5,0
1008.0,249,22215,26000.0,0.0,Birthday,5,0.0,0.0,100.0,200.0,0,0,4,0,0,0,1.1703276917536911,4.032,88.86,1.120813827871804,3,1,2023,3,1
10610.0,229,3480,22000.0,0.0,Wedding,3,0.0,0.0,200.0,400.0,2,0,6,0,1,2,6.320022981901753,46.130434782608695,15.130434782608695,6.578569376615915,12,4,2024,4,0
8669.0,252,1608,24000.0,4.0,Wedding,4,0.0,0.0,200.0,400.0,2,2,1,0,1,2,14.916096954630206,34.26482213438735,6.355731225296442,15.661901802361717,1,1,2025,6,0
10688.0,298,962,12000.0,2.0,Corporate Event,2,0.0,0.0,200.0,400.0,1,2,12,0,1,1,12.461059190031152,35.74581939799331,3.217391304347826,30.944963655244027,5,2,2025,6,1
5775.0,298,962,19000.0,16.0,Birthday,3,0.0,0.0,200.0,400.0,0,2,8,0,1,2,19.73001038421599,19.31438127090301,3.217391304347826,30.944963655244027,10,4,2023,0,3
7545.0,249,22215,13000.0,4.0,Birthday,1,0.0,0.0,200.0,400.0,0,2,1,0,1,2,0.5851638458768456,30.18,88.86,1.120813827871804,10,4,2022,6,3
11972.0,252,1608,19000.0,0.0,Wedding,3,0.0,0.0,300.0,500.0,2,0,16,0,1,2,11.808576755748913,47.3201581027668,6.355731225296442,15.661901802361717,1,1,2024,2,0
4945.0,202,1983,23000.0,8.0,Wedding,5,0.0,0.0,100.0,200.0,2,2,18,0,0,0,11.59274193548387,24.35960591133005,9.768472906403941,10.181451612903226,8,3,2025,5,2
14264.0,203,1417,19000.0,4.0,Birthday,5,0.0,0.0,300.0,500.0,0,2,5,0,1,2,13.399153737658674,69.92156862745098,6.946078431372549,14.315937940761636,12,4,2024,0,0
11516.0,203,1417,22000.0,16.0,Birthday,3,0.0,0.0,200.0,400.0,0,2,8,0,1,0,15.514809590973202,56.450980392156865,6.946078431372549,14.315937940761636,10,4,2022,0,3
10060.0,203,1258,21000.0,9.0,Wedding,4,0.0,0.0,200.0,400.0,2,1,6,0,1,0,16.679904686258936,49.31372549019608,6.166666666666667,16.12390786338364,8,3,2024,6,2
9115.0,239,4101,19000.0,0.0,Birthday,4,0.0,0.0,200.0,400.0,0,1,13,0,1,2,4.631886884446612,37.979166666666664,17.0875,5.826426133593369,7,3,2024,1,2
14900.0,203,1258,22000.0,11.0,Wedding,5,0.0,0.0,200.0,400.0,2,1,0,0,1,2,17.474185861795075,73.03921568627452,6.166666666666667,16.12390786338364,4,2,2023,1,1
12783.0,203,1258,25000.0,0.0,Wedding,5,0.0,0.0,200.0,400.0,2,1,13,0,1,0,19.857029388403493,62.661764705882355,6.166666666666667,16.12390786338364,12,4,2023,5,0
13640.0,298,962,25000.0,3.0,Wedding,3,0.0,0.0,200.0,400.0,2,2,12,0,1,1,25.96053997923157,45.618729096989966,3.217391304347826,30.944963655244027,1,1,2022,5,0
4377.0,203,1258,21000.0,3.0,Wedding,5,0.0,0.0,200.0,500.0,2,1,11,0,0,1,16.679904686258936,21.455882352941178,6.166666666666667,16.12390786338364,3,1,2023,4,1
3717.0,203,1417,20000.0,16.0,Corporate Event,2,0.0,0.0,200.0,400.0,1,2,13,0,1,1,14.104372355430183,18.220588235294116,6.946078431372549,14.315937940761636,12,4,2022,3,0
13136.0,126,4896,19000.0,16.0,Corporate Event,4,0.0,0.0,200.0,400.0,1,2,1,0,1,2,3.8799264856034306,103.43307086614173,38.55118110236221,2.5730038799264854,4,2,2023,4,1
14977.0,176,3661,23000.0,18.0,Corporate Event,5,0.0,0.0,200.0,400.0,1,0,8,0,1,2,6.280720917531403,84.61581920903954,20.683615819209038,4.8061168760240305,12,4,2023,6,0
8119.0,239,4101,22000.0,0.0,Corporate Event,5,0.0,0.0,300.0,500.0,1,2,16,0,1,2,5.363237445148708,33.829166666666666,17.0875,5.826426133593369,5,2,2025,3,1
7824.0,176,3661,15000.0,4.0,Corporate Event,3,0.0,0.0,200.0,400.0,1,2,1,0,1,0,4.09612233752048,44.20338983050848,20.683615819209038,4.8061168760240305,4,2,2022,1,1
12571.0,239,4101,25000.0,2.0,Corporate Event,4,0.0,0.0,200.0,400.0,1,2,7,0,1,2,6.094588005850804,52.37916666666667,17.0875,5.826426133593369,1,1,2025,3,0
2402.0,155,66,15000.0,20.0,Corporate Event,1,0.0,0.0,200.0,400.0,1,2,8,0,1,1,223.88059701492537,15.397435897435898,0.4230769230769231,231.34328358208953,3,1,2022,5,1
292.0,249,22215,12000.0,2.0,Birthday,1,0.0,0.0,300.0,500.0,0,2,2,0,1,1,0.5401512423478574,1.168,88.86,1.120813827871804,6,2,2024,5,2
9500.0,229,3480,25000.0,5.0,Corporate Event,3,0.0,0.0,300.0,500.0,1,2,14,0,1,2,7.181844297615628,41.30434782608695,15.130434782608695,6.578569376615915,3,1,2023,6,1
3258.0,252,1608,21000.0,7.0,Corporate Event,4,0.0,0.0,100.0,200.0,1,2,4,0,0,0,13.05158483530143,12.877470355731225,6.355731225296442,15.661901802361717,2,1,2024,6,0
13229.0,249,22215,13000.0,8.0,Wedding,4,0.0,0.0,100.0,200.0,2,2,18,0,0,0,0.5851638458768456,52.916,88.86,1.120813827871804,4,2,2025,6,1
8518.0,252,1608,24000.0,0.0,Corporate Event,3,0.0,0.0,300.0,500.0,1,0,17,0,0,1,14.916096954630206,33.66798418972332,6.355731225296442,15.661901802361717,2,1,2025,0,0
999.0,126,4896,26000.0,14.0,Wedding,4,0.0,0.0,200.0,400.0,2,2,0,0,1,0,5.309373085562589,7.866141732283465,38.55118110236221,2.5730038799264854,1,1,2023,2,0
11296.0,239,4101,12000.0,4.0,Birthday,2,0.0,0.0,300.0,500.0,0,1,17,0,0,0,2.9254022428083863,47.06666666666667,17.0875,5.826426133593369,9,3,2025,1,3
6809.0,203,1258,19000.0,18.0,Birthday,3,0.0,0.0,200.0,400.0,0,0,8,0,1,1,15.091342335186656,33.377450980392155,6.166666666666667,16.12390786338364,6,2,2022,5,2
9826.0,42,3577,21000.0,2.0,Corporate Event,5,0.0,0.0,200.0,400.0,1,2,7,0,1,1,5.869200670765791,228.51162790697674,83.18604651162791,1.1738401341531581,3,1,2024,5,1
8597.0,298,962,15000.0,20.0,Birthday,1,0.0,0.0,200.0,400.0,0,2,8,0,1,0,15.576323987538942,28.752508361204015,3.217391304347826,30.944963655244027,1,1,2022,6,0
12794.0,176,3661,19000.0,11.0,Wedding,4,0.0,0.0,200.0,400.0,2,1,0,0,1,0,5.188421627525942,72.28248587570621,20.683615819209038,4.8061168760240305,5,2,2024,2,1
9529.0,202,1983,24000.0,5.0,Wedding,4,0.0,0.0,300.0,500.0,2,2,14,0,1,0,12.096774193548388,46.94088669950739,9.768472906403941,10.181451612903226,6,2,2022,5,2
9116.0,126,4896,17000.0,3.0,Wedding,2,0.0,0.0,100.0,200.0,2,0,18,0,0,0,3.471513171329385,71.77952755905511,38.55118110236221,2.5730038799264854,6,2,2023,2,2
10599.0,298,962,17000.0,6.0,Corporate Event,5,0.0,0.0,200.0,400.0,1,1,7,0,1,2,17.653167185877468,35.448160535117054,3.217391304347826,30.944963655244027,3,1,2025,4,1
7430.0,298,962,17000.0,11.0,Wedding,3,0.0,0.0,200.0,400.0,2,1,0,0,1,0,17.653167185877468,24.849498327759196,3.217391304347826,30.944963655244027,9,3,2024,5,3
1822.0,239,4101,23000.0,16.0,Corporate Event,4,0.0,0.0,200.0,500.0,1,2,11,0,0,0,5.60702096538274,7.591666666666667,17.0875,5.826426133593369,12,4,2024,6,0
5786.0,203,1258,17000.0,8.0,Wedding,5,0.0,0.0,100.0,200.0,2,2,18,0,0,1,13.502779984114376,28.362745098039216,6.166666666666667,16.12390786338364,12,4,2023,5,0
13949.0,298,962,21000.0,2.0,Birthday,4,0.0,0.0,200.0,400.0,0,2,7,0,1,2,21.806853582554517,46.65217391304348,3.217391304347826,30.944963655244027,6,2,2022,3,2
3232.0,126,4896,25000.0,11.0,Wedding,5,0.0,0.0,200.0,400.0,2,1,0,0,1,0,5.105166428425567,25.448818897637796,38.55118110236221,2.5730038799264854,2,1,2023,3,0
8052.0,42,3577,17000.0,0.0,Wedding,3,0.0,0.0,200.0,400.0,2,0,7,0,1,1,4.751257685858021,187.25581395348837,83.18604651162791,1.1738401341531581,1,1,2022,6,0
8481.0,42,3577,15000.0,6.0,Corporate Event,5,0.0,0.0,300.0,500.0,1,1,2,0,1,2,4.192286193404136,197.2325581395349,83.18604651162791,1.1738401341531581,10,4,2025,6,3
9101.0,202,1983,25000.0,0.0,Birthday,4,0.0,0.0,200.0,400.0,0,0,12,0,1,2,12.600806451612904,44.83251231527094,9.768472906403941,10.181451612903226,4,2,2024,1,1
10065.0,126,4896,20000.0,5.0,Corporate Event,5,0.0,0.0,300.0,500.0,1,1,16,0,1,0,4.084133142740454,79.25196850393701,38.55118110236221,2.5730038799264854,12,4,2024,0,0
6008.0,252,1608,17000.0,10.0,Wedding,5,0.0,0.0,300.0,500.0,2,0,10,0,1,1,10.565568676196396,23.74703557312253,6.355731225296442,15.661901802361717,8,3,2025,6,2
792.0,298,962,12000.0,2.0,Wedding,4,0.0,0.0,100.0,200.0,2,2,4,0,0,1,12.461059190031152,2.648829431438127,3.217391304347826,30.944963655244027,11,4,2023,5,3
6578.0,252,1608,19000.0,7.0,Wedding,1,0.0,0.0,300.0,500.0,2,0,5,0,1,2,11.808576755748913,26.0,6.355731225296442,15.661901802361717,4,2,2025,2,1
8774.0,203,1258,15000.0,7.0,Corporate Event,2,0.0,0.0,100.0,200.0,1,2,4,0,0,0,11.914217633042098,43.009803921568626,6.166666666666667,16.12390786338364,7,3,2025,1,2
11952.0,176,3661,26000.0,7.0,Birthday,3,0.0,0.0,100.0,200.0,0,2,4,0,0,0,7.099945385035499,67.52542372881356,20.683615819209038,4.8061168760240305,3,1,2025,4,1
6769.0,252,1608,22000.0,0.0,Birthday,3,0.0,0.0,200.0,400.0,0,2,6,0,1,1,13.673088875077688,26.75494071146245,6.355731225296442,15.661901802361717,3,1,2024,6,1
4155.0,202,1983,20000.0,7.0,Wedding,5,0.0,0.0,100.0,200.0,2,1,18,0,0,1,10.080645161290322,20.467980295566502,9.768472906403941,10.181451612903226,4,2,2025,2,1
14625.0,249,22215,15000.0,5.0,Birthday,1,0.0,0.0,300.0,500.0,0,2,14,0,1,1,0.6751890529348218,58.5,88.86,1.120813827871804,4,2,2022,4,1
6341.0,202,1983,21000.0,20.0,Birthday,5,0.0,0.0,300.0,500.0,0,2,17,0,0,1,10.584677419354838,31.236453201970445,9.768472906403941,10.181451612903226,12,4,2024,2,0
7187.0,203,1417,12000.0,2.0,Corporate Event,1,0.0,0.0,200.0,500.0,1,0,9,0,0,2,8.46262341325811,35.23039215686274,6.946078431372549,14.315937940761636,1,1,2022,3,0
10492.0,203,1417,26000.0,10.0,Birthday,4,0.0,0.0,200.0,400.0,0,2,0,0,1,1,18.33568406205924,51.431372549019606,6.946078431372549,14.315937940761636,3,1,2023,3,1
9044.0,176,3661,20000.0,20.0,Birthday,2,0.0,0.0,300.0,500.0,0,2,17,0,0,0,5.461496450027307,51.09604519774011,20.683615819209038,4.8061168760240305,8,3,2023,1,2
13942.0,203,1258,13000.0,10.0,Corporate Event,5,0.0,0.0,200.0,400.0,1,2,0,0,1,2,10.325655281969818,68.34313725490196,6.166666666666667,16.12390786338364,6,2,2022,4,2
7728.0,176,3661,24000.0,4.0,Corporate Event,3,0.0,0.0,100.0,200.0,1,2,18,0,0,2,6.553795740032769,43.66101694915254,20.683615819209038,4.8061168760240305,7,3,2025,6,2
8493.0,203,1417,20000.0,8.0,Birthday,1,0.0,0.0,100.0,200.0,0,2,18,0,0,0,14.104372355430183,41.63235294117647,6.946078431372549,14.315937940761636,3,1,2025,2,1
5637.0,203,1258,23000.0,3.0,Birthday,1,0.0,0.0,100.0,200.0,0,0,18,0,0,2,18.268467037331217,27.63235294117647,6.166666666666667,16.12390786338364,1,1,2023,6,0
14673.0,203,1258,15000.0,8.0,Corporate Event,3,0.0,0.0,100.0,200.0,1,2,18,0,0,0,11.914217633042098,71.92647058823529,6.166666666666667,16.12390786338364,11,4,2022,2,3
2268.0,203,1417,15000.0,6.0,Corporate Event,1,0.0,0.0,200.0,400.0,1,1,7,0,1,0,10.578279266572638,11.117647058823529,6.946078431372549,14.315937940761636,2,1,2023,4,0
8485.0,249,22215,17000.0,9.0,Wedding,2,0.0,0.0,200.0,400.0,2,1,6,0,1,1,0.765214259992798,33.94,88.86,1.120813827871804,2,1,2023,3,0
8908.0,176,3661,20000.0,2.0,Wedding,3,0.0,0.0,200.0,400.0,2,2,12,0,1,1,5.461496450027307,50.32768361581921,20.683615819209038,4.8061168760240305,12,4,2023,3,0
4861.0,203,1417,22000.0,2.0,Wedding,3,0.0,0.0,200.0,400.0,2,2,7,0,1,1,15.514809590973202,23.82843137254902,6.946078431372549,14.315937940761636,3,1,2024,4,1
5296.0,249,22215,23000.0,16.0,Wedding,3,0.0,0.0,200.0,400.0,2,2,1,0,1,2,1.0352898811667266,21.184,88.86,1.120813827871804,10,4,2025,4,3
3817.0,229,3480,13000.0,4.0,Wedding,2,0.0,0.0,100.0,200.0,2,2,18,0,0,1,3.7345590347601263,16.595652173913045,15.130434782608695,6.578569376615915,9,3,2024,0,3
7349.0,202,1983,21000.0,8.0,Corporate Event,2,0.0,0.0,100.0,200.0,1,2,18,0,0,2,10.584677419354838,36.20197044334975,9.768472906403941,10.181451612903226,12,4,2024,6,0
2810.0,176,3661,25000.0,0.0,Corporate Event,3,0.0,0.0,100.0,200.0,1,0,4,0,0,0,6.826870562534134,15.875706214689265,20.683615819209038,4.8061168760240305,2,1,2024,4,0
9305.0,298,962,24000.0,2.0,Corporate Event,3,0.0,0.0,100.0,200.0,1,2,4,0,0,0,24.922118380062305,31.120401337792643,3.217391304347826,30.944963655244027,7,3,2024,3,2
7746.0,229,3480,13000.0,11.0,Wedding,4,0.0,0.0,200.0,400.0,2,1,0,0,1,1,3.7345590347601263,33.678260869565214,15.130434782608695,6.578569376615915,5,2,2024,4,1
13016.0,252,1608,17000.0,4.0,Wedding,4,0.0,0.0,300.0,500.0,2,1,17,0,0,1,10.565568676196396,51.44664031620553,6.355731225296442,15.661901802361717,2,1,2024,4,0
13534.0,229,3480,15000.0,0.0,Wedding,5,0.0,0.0,200.0,400.0,2,0,0,0,1,2,4.309106578569376,58.84347826086957,15.130434782608695,6.578569376615915,3,1,2023,2,1
5071.0,252,1608,24000.0,0.0,Wedding,2,0.0,0.0,200.0,400.0,2,0,6,0,1,0,14.916096954630206,20.043478260869566,6.355731225296442,15.661901802361717,2,1,2023,5,0
6893.0,239,4101,20000.0,20.0,Corporate Event,2,0.0,0.0,300.0,500.0,1,2,17,0,0,2,4.875670404680643,28.720833333333335,17.0875,5.826426133593369,8,3,2023,3,2
14321.0,176,3661,23000.0,7.0,Birthday,4,0.0,0.0,300.0,500.0,0,0,5,0,1,1,6.280720917531403,80.909604519774,20.683615819209038,4.8061168760240305,11,4,2024,2,3
11662.0,126,4896,24000.0,0.0,Corporate Event,1,0.0,0.0,100.0,200.0,1,2,15,0,0,1,4.900959771288544,91.8267716535433,38.55118110236221,2.5730038799264854,6,2,2024,0,2
5654.0,298,962,21000.0,0.0,Corporate Event,5,0.0,0.0,200.0,500.0,1,2,11,0,0,1,21.806853582554517,18.909698996655518,3.217391304347826,30.944963655244027,6,2,2023,4,2
5555.0,176,3661,17000.0,10.0,Corporate Event,3,0.0,0.0,300.0,500.0,1,0,10,0,1,2,4.642271982523211,31.384180790960453,20.683615819209038,4.8061168760240305,2,1,2022,0,0
4190.0,155,66,26000.0,2.0,Wedding,4,0.0,0.0,300.0,500.0,2,2,2,0,1,0,388.05970149253733,26.858974358974358,0.4230769230769231,231.34328358208953,8,3,2022,5,2
6665.0,42,3577,19000.0,0.0,Birthday,2,0.0,0.0,200.0,400.0,0,0,13,0,1,0,5.310229178311906,155.0,83.18604651162791,1.1738401341531581,1,1,2023,5,0
6295.0,176,3661,24000.0,0.0,Birthday,1,0.0,0.0,300.0,500.0,0,2,16,0,1,0,6.553795740032769,35.56497175141243,20.683615819209038,4.8061168760240305,3,1,2023,4,1
903.0,249,22215,25000.0,10.0,Wedding,1,0.0,0.0,100.0,200.0,2,2,3,0,0,0,1.125315088224703,3.612,88.86,1.120813827871804,5,2,2023,3,1
1609.0,155,66,20000.0,18.0,Corporate Event,1,0.0,0.0,200.0,400.0,1,0,8,0,1,0,298.5074626865672,10.314102564102564,0.4230769230769231,231.34328358208953,1,1,2022,6,0
10819.0,239,4101,24000.0,16.0,Wedding,5,0.0,0.0,300.0,500.0,2,2,14,0,1,0,5.850804485616773,45.079166666666666,17.0875,5.826426133593369,5,2,2022,3,1
875.0,176,3661,12000.0,0.0,Birthday,1,0.0,0.0,300.0,500.0,0,2,16,0,1,0,3.2768978700163847,4.943502824858757,20.683615819209038,4.8061168760240305,7,3,2025,2,2
8719.0,229,3480,23000.0,11.0,Wedding,1,0.0,0.0,200.0,400.0,2,1,0,0,1,1,6.607296753806377,37.90869565217391,15.130434782608695,6.578569376615915,9,3,2025,6,3
2805.0,239,4101,26000.0,0.0,Birthday,5,0.0,0.0,200.0,400.0,0,0,0,0,1,0,6.338371526084837,11.6875,17.0875,5.826426133593369,5,2,2022,0,1
10644.0,249,22215,22000.0,0.0,Birthday,3,0.0,0.0,100.0,200.0,0,0,4,0,0,1,0.9902772776377385,42.576,88.86,1.120813827871804,9,3,2022,0,3
1377.0,229,3480,26000.0,0.0,Birthday,3,0.0,0.0,200.0,400.0,0,0,13,0,1,2,7.469118069520253,5.98695652173913,15.130434782608695,6.578569376615915,11,4,2022,0,3
5181.0,203,1417,22000.0,16.0,Birthday,2,0.0,0.0,200.0,400.0,0,2,13,0,1,0,15.514809590973202,25.397058823529413,6.946078431372549,14.315937940761636,2,1,2022,1,0
1110.0,229,3480,21000.0,0.0,Wedding,3,0.0,0.0,200.0,400.0,2,1,13,0,1,1,6.032749209997127,4.826086956521739,15.130434782608695,6.578569376615915,7,3,2025,5,2
10580.0,176,3661,25000.0,16.0,Wedding,3,0.0,0.0,200.0,400.0,2,2,1,0,1,0,6.826870562534134,59.77401129943503,20.683615819209038,4.8061168760240305,8,3,2024,6,2
121580.0,155,66,12000.0,2.0,Wedding,1,0.0,0.0,200.0,500.0,2,0,9,0,0,2,179.1044776119403,779.3589743589744,0.4230769230769231,231.34328358208953,1,1,2022,0,0
14893.0,203,1417,24000.0,3.0,Birthday,2,0.0,0.0,200.0,500.0,0,1,11,0,0,0,16.92524682651622,73.00490196078431,6.946078431372549,14.315937940761636,8,3,2024,3,2
7785.0,229,3480,17000.0,7.0,Birthday,3,0.0,0.0,300.0,500.0,0,0,5,0,1,2,4.883654122378627,33.84782608695652,15.130434782608695,6.578569376615915,9,3,2024,3,3
4113.0,42,3577,21000.0,0.0,Wedding,4,0.0,0.0,200.0,400.0,2,2,6,0,1,1,5.869200670765791,95.65116279069767,83.18604651162791,1.1738401341531581,12,4,2022,5,0
12553.0,249,22215,12000.0,5.0,Corporate Event,5,0.0,0.0,300.0,500.0,1,1,5,0,1,0,0.5401512423478574,50.212,88.86,1.120813827871804,12,4,2024,0,0
1470.0,239,4101,13000.0,5.0,Birthday,5,0.0,0.0,300.0,500.0,0,2,14,0,1,1,3.1691857630424183,6.125,17.0875,5.826426133593369,3,1,2024,4,1
4685.0,229,3480,24000.0,20.0,Corporate Event,5,0.0,0.0,200.0,400.0,1,2,8,0,1,1,6.894570525711003,20.369565217391305,15.130434782608695,6.578569376615915,12,4,2024,1,0
9721.0,126,4896,23000.0,10.0,Birthday,1,0.0,0.0,300.0,500.0,0,0,10,0,1,0,4.696753114151521,76.54330708661418,38.55118110236221,2.5730038799264854,9,3,2024,6,3
79640.0,203,1258,19000.0,0.0,Corporate Event,3,0.0,0.0,300.0,500.0,1,2,16,0,1,2,15.091342335186656,390.3921568627451,6.166666666666667,16.12390786338364,12,4,2022,0,0
9983.0,202,1983,24000.0,0.0,Wedding,2,0.0,0.0,200.0,400.0,2,0,12,0,1,1,12.096774193548388,49.17733990147783,9.768472906403941,10.181451612903226,4,2,2022,2,1
2674.0,202,1983,26000.0,0.0,Wedding,1,0.0,0.0,200.0,400.0,2,0,7,0,1,1,13.10483870967742,13.172413793103448,9.768472906403941,10.181451612903226,5,2,2022,6,1
11697.0,126,4896,21000.0,10.0,Corporate Event,2,0.0,0.0,200.0,400.0,1,2,0,0,1,2,4.288339799877476,92.10236220472441,38.55118110236221,2.5730038799264854,4,2,2022,6,1
13862.0,252,1608,20000.0,2.0,Wedding,5,0.0,0.0,200.0,400.0,2,2,13,0,1,2,12.430080795525171,54.790513833992094,6.355731225296442,15.661901802361717,11,4,2024,2,3
4395.0,126,4896,23000.0,5.0,Birthday,5,0.0,0.0,100.0,200.0,0,1,3,0,0,2,4.696753114151521,34.60629921259842,38.55118110236221,2.5730038799264854,1,1,2022,2,0
1664.0,252,1608,26000.0,4.0,Corporate Event,4,0.0,0.0,300.0,500.0,1,0,2,0,1,1,16.159105034182723,6.5770750988142295,6.355731225296442,15.661901802361717,5,2,2024,2,1
2814.0,202,1983,15000.0,2.0,Corporate Event,2,0.0,0.0,200.0,400.0,1,2,12,0,1,0,7.560483870967742,13.862068965517242,9.768472906403941,10.181451612903226,3,1,2023,4,1
7887.0,155,66,22000.0,12.0,Birthday,3,0.0,0.0,200.0,500.0,0,1,9,0,0,0,328.35820895522386,50.55769230769231,0.4230769230769231,231.34328358208953,3,1,2024,2,1
124850.0,298,962,21000.0,20.0,Wedding,4,0.0,0.0,300.0,500.0,2,2,17,0,0,1,21.806853582554517,417.55852842809367,3.217391304347826,30.944963655244027,8,3,2025,4,2
5868.0,298,962,19000.0,16.0,Wedding,3,0.0,0.0,200.0,500.0,2,2,9,0,0,1,19.73001038421599,19.62541806020067,3.217391304347826,30.944963655244027,3,1,2022,6,1
3631.0,176,3661,24000.0,2.0,Corporate Event,1,0.0,0.0,200.0,400.0,1,2,12,0,1,0,6.553795740032769,20.51412429378531,20.683615819209038,4.8061168760240305,12,4,2024,2,0
9713.0,126,4896,13000.0,5.0,Corporate Event,2,0.0,0.0,300.0,500.0,1,2,14,0,1,2,2.6546865427812945,76.48031496062993,38.55118110236221,2.5730038799264854,7,3,2022,3,2
10290.0,126,4896,21000.0,4.0,Wedding,5,0.0,0.0,300.0,500.0,2,1,17,0,0,2,4.288339799877476,81.02362204724409,38.55118110236221,2.5730038799264854,11,4,2022,1,3
11413.0,126,4896,25000.0,12.0,Corporate Event,1,0.0,0.0,200.0,500.0,1,1,9,0,0,0,5.105166428425567,89.86614173228347,38.55118110236221,2.5730038799264854,12,4,2024,5,0
14017.0,203,1417,13000.0,12.0,Birthday,5,0.0,0.0,200.0,500.0,0,1,9,0,0,0,9.16784203102962,68.71078431372548,6.946078431372549,14.315937940761636,2,1,2025,1,0
12976.0,229,3480,19000.0,0.0,Wedding,3,0.0,0.0,100.0,200.0,2,0,4,0,0,1,5.458201666187877,56.417391304347824,15.130434782608695,6.578569376615915,7,3,2022,5,2
8003.0,298,962,15000.0,4.0,Corporate Event,3,0.0,0.0,300.0,500.0,1,1,17,0,0,2,15.576323987538942,26.765886287625417,3.217391304347826,30.944963655244027,8,3,2022,1,2
11495.0,229,3480,13000.0,6.0,Birthday,3,0.0,0.0,200.0,400.0,0,1,7,0,1,0,3.7345590347601263,49.97826086956522,15.130434782608695,6.578569376615915,10,4,2024,1,3
7442.0,176,3661,24000.0,11.0,Corporate Event,1,0.0,0.0,200.0,400.0,1,1,0,0,1,2,6.553795740032769,42.045197740113,20.683615819209038,4.8061168760240305,6,2,2024,1,2
1789.0,202,1983,20000.0,0.0,Birthday,1,0.0,0.0,100.0,200.0,0,2,15,0,0,1,10.080645161290322,8.812807881773399,9.768472906403941,10.181451612903226,9,3,2022,0,3
612.0,229,3480,20000.0,12.0,Wedding,4,0.0,0.0,200.0,500.0,2,1,9,0,0,0,5.745475438092502,2.6608695652173915,15.130434782608695,6.578569376615915,10,4,2025,3,3
11291.0,202,1983,19000.0,10.0,Corporate Event,2,0.0,0.0,200.0,400.0,1,2,0,0,1,2,9.576612903225806,55.62068965517241,9.768472906403941,10.181451612903226,5,2,2025,1,1
11478.0,203,1417,22000.0,4.0,Birthday,5,0.0,0.0,300.0,500.0,0,0,2,0,1,0,15.514809590973202,56.26470588235294,6.946078431372549,14.315937940761636,3,1,2023,5,1
3121.0,239,4101,25000.0,8.0,Corporate Event,3,0.0,0.0,300.0,500.0,1,2,2,0,1,1,6.094588005850804,13.004166666666666,17.0875,5.826426133593369,8,3,2023,6,2
14513.0,203,1258,24000.0,8.0,Birthday,3,0.0,0.0,300.0,500.0,0,2,2,0,1,1,19.062748212867355,71.1421568627451,6.166666666666667,16.12390786338364,8,3,2025,3,2
14145.0,202,1983,13000.0,7.0,Corporate Event,5,0.0,0.0,100.0,200.0,1,2,4,0,0,2,6.55241935483871,69.67980295566502,9.768472906403941,10.181451612903226,1,1,2023,4,0
6568.0,202,1983,23000.0,5.0,Corporate Event,1,0.0,0.0,300.0,500.0,1,1,5,0,1,0,11.59274193548387,32.354679802955665,9.768472906403941,10.181451612903226,3,1,2025,5,1
1010.0,203,1417,13000.0,3.0,Corporate Event,3,0.0,0.0,100.0,200.0,1,0,18,0,0,0,9.16784203102962,4.950980392156863,6.946078431372549,14.315937940761636,9,3,2024,4,3
14383.0,126,4896,25000.0,10.0,Corporate Event,3,0.0,0.0,200.0,400.0,1,2,0,0,1,1,5.105166428425567,113.25196850393701,38.55118110236221,2.5730038799264854,6,2,2023,5,2
5569.0,229,3480,25000.0,5.0,Corporate Event,1,0.0,0.0,300.0,500.0,1,1,16,0,1,0,7.181844297615628,24.213043478260868,15.130434782608695,6.578569376615915,12,4,2022,6,0
12809.0,203,1258,17000.0,16.0,Corporate Event,1,0.0,0.0,200.0,500.0,1,2,9,0,0,1,13.502779984114376,62.78921568627451,6.166666666666667,16.12390786338364,9,3,2023,0,3
405.0,176,3661,20000.0,10.0,Wedding,1,0.0,0.0,100.0,200.0,2,1,4,0,0,2,5.461496450027307,2.288135593220339,20.683615819209038,4.8061168760240305,10,4,2025,1,3
322.0,239,4101,12000.0,8.0,Corporate Event,3,0.0,0.0,100.0,200.0,1,2,18,0,0,0,2.9254022428083863,1.3416666666666666,17.0875,5.826426133593369,7,3,2025,3,2
4438.0,155,66,13000.0,13.0,Birthday,5,0.0,0.0,200.0,400.0,0,1,8,0,1,2,194.02985074626866,28.44871794871795,0.4230769230769231,231.34328358208953,7,3,2024,6,2
7804.0,42,3577,26000.0,7.0,Corporate Event,2,0.0,0.0,100.0,200.0,1,0,15,0,0,1,7.266629401900503,181.48837209302326,83.18604651162791,1.1738401341531581,9,3,2022,2,3
1985.0,155,66,23000.0,4.0,Wedding,1,0.0,0.0,300.0,500.0,2,1,17,0,0,0,343.2835820895522,12.724358974358974,0.4230769230769231,231.34328358208953,2,1,2025,3,0
12327.0,249,22215,25000.0,7.0,Wedding,2,0.0,0.0,100.0,200.0,2,0,15,0,0,2,1.125315088224703,49.308,88.86,1.120813827871804,10,4,2024,4,3
13900.0,176,3661,20000.0,16.0,Wedding,4,0.0,0.0,200.0,500.0,2,2,9,0,0,2,5.461496450027307,78.53107344632768,20.683615819209038,4.8061168760240305,3,1,2024,5,1
13437.0,176,3661,26000.0,15.0,Wedding,1,0.0,0.0,200.0,400.0,2,1,1,0,1,1,7.099945385035499,75.91525423728814,20.683615819209038,4.8061168760240305,8,3,2025,1,2
7030.0,202,1983,13000.0,0.0,Wedding,5,0.0,0.0,100.0,200.0,2,0,3,0,0,2,6.55241935483871,34.63054187192118,9.768472906403941,10.181451612903226,3,1,2025,1,1
4892.0,176,3661,24000.0,2.0,Wedding,4,0.0,0.0,200.0,400.0,2,2,7,0,1,0,6.553795740032769,27.638418079096045,20.683615819209038,4.8061168760240305,9,3,2024,6,3
7935.0,42,3577,23000.0,7.0,Wedding,2,0.0,0.0,300.0,500.0,2,2,10,0,1,2,6.428172163219676,184.53488372093022,83.18604651162791,1.1738401341531581,12,4,2022,4,0
1001.0,239,4101,15000.0,2.0,Corporate Event,2,0.0,0.0,200.0,400.0,1,2,7,0,1,2,3.6567528035104826,4.170833333333333,17.0875,5.826426133593369,1,1,2022,6,0
27240.0,202,1983,17000.0,10.0,Wedding,4,0.0,0.0,200.0,400.0,2,2,6,0,1,0,8.568548387096774,134.1871921182266,9.768472906403941,10.181451612903226,6,2,2025,4,2
5357.0,298,962,15000.0,0.0,Birthday,2,0.0,0.0,200.0,400.0,0,0,7,0,1,1,15.576323987538942,17.91638795986622,3.217391304347826,30.944963655244027,8,3,2024,0,2
13450.0,229,3480,15000.0,7.0,Birthday,5,0.0,0.0,100.0,200.0,0,1,18,0,0,2,4.309106578569376,58.47826086956522,15.130434782608695,6.578569376615915,4,2,2025,1,1
2022.0,229,3480,15000.0,20.0,Birthday,4,0.0,0.0,200.0,400.0,0,2,8,0,1,0,4.309106578569376,8.791304347826086,15.130434782608695,6.578569376615915,12,4,2023,4,0
8932.0,176,3661,22000.0,4.0,Wedding,2,0.0,0.0,200.0,400.0,2,2,1,0,1,0,6.007646095030038,50.463276836158194,20.683615819209038,4.8061168760240305,8,3,2023,1,2
544.0,203,1417,20000.0,2.0,Birthday,1,0.0,0.0,100.0,200.0,0,2,4,0,0,2,14.104372355430183,2.6666666666666665,6.946078431372549,14.315937940761636,11,4,2022,4,3
14121.0,203,1417,13000.0,8.0,Birthday,4,0.0,0.0,100.0,200.0,0,2,18,0,0,1,9.16784203102962,69.22058823529412,6.946078431372549,14.315937940761636,10,4,2023,6,3
12983.0,176,3661,12000.0,0.0,Corporate Event,1,0.0,0.0,200.0,400.0,1,0,0,0,1,1,3.2768978700163847,73.35028248587571,20.683615819209038,4.8061168760240305,10,4,2023,6,3
3569.0,229,3480,20000.0,0.0,Wedding,4,0.0,0.0,100.0,200.0,2,2,3,0,0,1,5.745475438092502,15.517391304347827,15.130434782608695,6.578569376615915,11,4,2025,6,3
1266.0,252,1608,21000.0,15.0,Birthday,5,0.0,0.0,200.0,400.0,0,1,1,0,1,0,13.05158483530143,5.003952569169961,6.355731225296442,15.661901802361717,6,2,2025,0,2
40500.0,155,66,12000.0,3.0,Wedding,4,0.0,0.0,200.0,400.0,2,1,12,0,1,1,179.1044776119403,259.61538461538464,0.4230769230769231,231.34328358208953,1,1,2022,5,0
3123.0,203,1417,26000.0,3.0,Corporate Event,1,0.0,0.0,100.0,200.0,1,0,18,0,0,2,18.33568406205924,15.308823529411764,6.946078431372549,14.315937940761636,10,4,2022,2,3
1419.0,126,4896,20000.0,8.0,Wedding,5,0.0,0.0,300.0,500.0,2,2,2,0,1,0,4.084133142740454,11.173228346456693,38.55118110236221,2.5730038799264854,2,1,2023,4,0
296.0,202,1983,12000.0,0.0,Corporate Event,1,0.0,0.0,300.0,500.0,1,0,16,0,1,1,6.048387096774194,1.458128078817734,9.768472906403941,10.181451612903226,1,1,2022,0,0
3951.0,239,4101,12000.0,0.0,Corporate Event,1,0.0,0.0,200.0,400.0,1,0,13,0,1,1,2.9254022428083863,16.4625,17.0875,5.826426133593369,5,2,2023,0,1
7680.0,155,66,23000.0,20.0,Corporate Event,2,0.0,0.0,300.0,500.0,1,2,17,0,0,2,343.2835820895522,49.23076923076923,0.4230769230769231,231.34328358208953,10,4,2024,4,3
5752.0,42,3577,22000.0,16.0,Birthday,2,0.0,0.0,200.0,500.0,0,2,9,0,0,2,6.148686416992733,133.7674418604651,83.18604651162791,1.1738401341531581,8,3,2023,6,2
846.0,203,1417,24000.0,2.0,Birthday,5,0.0,0.0,300.0,500.0,0,2,2,0,1,1,16.92524682651622,4.147058823529412,6.946078431372549,14.315937940761636,10,4,2025,5,3
5623.0,298,962,20000.0,16.0,Wedding,2,0.0,0.0,200.0,400.0,2,2,8,0,1,0,20.768431983385256,18.806020066889634,3.217391304347826,30.944963655244027,9,3,2023,2,3
9232.0,202,1983,24000.0,12.0,Birthday,5,0.0,0.0,200.0,500.0,0,1,9,0,0,0,12.096774193548388,45.477832512315274,9.768472906403941,10.181451612903226,4,2,2025,0,1
10574.0,202,1983,24000.0,0.0,Wedding,5,0.0,0.0,200.0,400.0,2,2,6,0,1,1,12.096774193548388,52.08866995073892,9.768472906403941,10.181451612903226,7,3,2023,3,2
12843.0,249,22215,22000.0,4.0,Birthday,2,0.0,0.0,200.0,400.0,0,2,1,0,1,2,0.9902772776377385,51.372,88.86,1.120813827871804,5,2,2023,5,1
12562.0,203,1258,19000.0,7.0,Birthday,3,0.0,0.0,100.0,200.0,0,2,4,0,0,2,15.091342335186656,61.57843137254902,6.166666666666667,16.12390786338364,2,1,2023,6,0
12025.0,42,3577,19000.0,0.0,Wedding,5,0.0,0.0,300.0,500.0,2,0,17,0,0,1,5.310229178311906,279.6511627906977,83.18604651162791,1.1738401341531581,4,2,2023,2,1
929.0,126,4896,26000.0,0.0,Wedding,1,0.0,0.0,100.0,200.0,2,1,15,0,0,1,5.309373085562589,7.31496062992126,38.55118110236221,2.5730038799264854,1,1,2025,3,0
13654.0,155,66,24000.0,5.0,Corporate Event,4,0.0,0.0,300.0,500.0,1,1,5,0,1,0,358.2089552238806,87.52564102564102,0.4230769230769231,231.34328358208953,10,4,2025,2,3
14281.0,203,1417,24000.0,2.0,Birthday,1,0.0,0.0,200.0,400.0,0,2,12,0,1,1,16.92524682651622,70.00490196078431,6.946078431372549,14.315937940761636,1,1,2025,4,0
10142.0,298,962,24000.0,0.0,Corporate Event,1,0.0,0.0,200.0,400.0,1,2,6,0,1,0,24.922118380062305,33.919732441471574,3.217391304347826,30.944963655244027,8,3,2025,4,2
9083.0,176,3661,15000.0,5.0,Wedding,2,0.0,0.0,300.0,500.0,2,2,14,0,1,2,4.09612233752048,51.31638418079096,20.683615819209038,4.8061168760240305,10,4,2022,6,3
10735.0,229,3480,12000.0,14.0,Corporate Event,1,0.0,0.0,300.0,500.0,1,1,10,0,1,1,3.4472852628555013,46.67391304347826,15.130434782608695,6.578569376615915,10,4,2022,2,3
9243.0,203,1417,26000.0,3.0,Wedding,4,0.0,0.0,200.0,400.0,2,1,12,0,1,0,18.33568406205924,45.30882352941177,6.946078431372549,14.315937940761636,7,3,2024,5,2
13338.0,155,66,25000.0,10.0,Birthday,2,0.0,0.0,200.0,400.0,0,2,6,0,1,0,373.13432835820896,85.5,0.4230769230769231,231.34328358208953,1,1,2024,1,0
5021.0,229,3480,15000.0,0.0,Wedding,5,0.0,0.0,200.0,500.0,2,2,11,0,0,2,4.309106578569376,21.830434782608695,15.130434782608695,6.578569376615915,12,4,2025,0,0
7365.0,203,1258,24000.0,7.0,Wedding,3,0.0,0.0,300.0,500.0,2,2,10,0,1,2,19.062748212867355,36.10294117647059,6.166666666666667,16.12390786338364,7,3,2025,6,2
6381.0,203,1258,22000.0,0.0,Wedding,4,0.0,0.0,100.0,200.0,2,0,3,0,0,1,17.474185861795075,31.279411764705884,6.166666666666667,16.12390786338364,7,3,2022,1,2
9572.0,203,1417,25000.0,20.0,Corporate Event,5,0.0,0.0,300.0,500.0,1,2,17,0,0,0,17.63046544428773,46.92156862745098,6.946078431372549,14.315937940761636,2,1,2025,2,0
13634.0,229,3480,21000.0,0.0,Corporate Event,5,0.0,0.0,200.0,400.0,1,0,0,0,1,1,6.032749209997127,59.278260869565216,15.130434782608695,6.578569376615915,12,4,2023,3,0
3043.0,298,962,15000.0,0.0,Wedding,4,0.0,0.0,200.0,400.0,2,0,12,0,1,1,15.576323987538942,10.177257525083611,3.217391304347826,30.944963655244027,6,2,2025,1,2
2674.0,176,3661,22000.0,16.0,Corporate Event,3,0.0,0.0,200.0,400.0,1,2,1,0,1,0,6.007646095030038,15.107344632768362,20.683615819209038,4.8061168760240305,3,1,2022,4,1
9956.0,42,3577,24000.0,16.0,Corporate Event,1,0.0,0.0,200.0,500.0,1,2,11,0,0,0,6.707657909446619,231.53488372093022,83.18604651162791,1.1738401341531581,5,2,2022,6,1
5100.0,42,3577,21000.0,13.0,Wedding,2,0.0,0.0,200.0,400.0,2,1,8,0,1,1,5.869200670765791,118.6046511627907,83.18604651162791,1.1738401341531581,1,1,2024,2,0
8151.0,42,3577,25000.0,3.0,Corporate Event,3,0.0,0.0,200.0,400.0,1,1,12,0,1,2,6.98714365567356,189.5581395348837,83.18604651162791,1.1738401341531581,7,3,2023,0,2
10329.0,249,22215,12000.0,3.0,Birthday,2,0.0,0.0,200.0,500.0,0,1,11,0,0,1,0.5401512423478574,41.316,88.86,1.120813827871804,2,1,2025,4,0
11952.0,252,1608,21000.0,0.0,Wedding,2,0.0,0.0,300.0,500.0,2,2,16,0,1,0,13.05158483530143,47.241106719367586,6.355731225296442,15.661901802361717,10,4,2025,5,3
6168.0,176,3661,24000.0,0.0,Wedding,2,0.0,0.0,100.0,200.0,2,2,3,0,0,1,6.553795740032769,34.847457627118644,20.683615819209038,4.8061168760240305,11,4,2022,3,3
11244.0,229,3480,21000.0,10.0,Wedding,5,0.0,0.0,100.0,200.0,2,1,4,0,0,2,6.032749209997127,48.88695652173913,15.130434782608695,6.578569376615915,10,4,2024,0,3
7324.0,202,1983,17000.0,0.0,Corporate Event,1,0.0,0.0,200.0,400.0,1,0,6,0,1,2,8.568548387096774,36.07881773399015,9.768472906403941,10.181451612903226,4,2,2023,6,1
5581.0,202,1983,26000.0,2.0,Wedding,5,0.0,0.0,200.0,400.0,2,2,7,0,1,1,13.10483870967742,27.492610837438423,9.768472906403941,10.181451612903226,7,3,2023,1,2
14532.0,126,4896,22000.0,16.0,Birthday,2,0.0,0.0,200.0,500.0,0,2,9,0,0,2,4.492546457014499,114.4251968503937,38.55118110236221,2.5730038799264854,3,1,2023,0,1
5209.0,203,1258,15000.0,0.0,Birthday,3,0.0,0.0,200.0,400.0,0,0,7,0,1,2,11.914217633042098,25.534313725490197,6.166666666666667,16.12390786338364,12,4,2022,4,0
5647.0,239,4101,24000.0,14.0,Corporate Event,3,0.0,0.0,300.0,500.0,1,1,10,0,1,1,5.850804485616773,23.529166666666665,17.0875,5.826426133593369,3,1,2022,4,1
6171.0,203,1417,20000.0,4.0,Birthday,4,0.0,0.0,100.0,200.0,0,2,18,0,0,0,14.104372355430183,30.25,6.946078431372549,14.315937940761636,5,2,2022,1,1
7301.0,252,1608,12000.0,0.0,Birthday,4,0.0,0.0,200.0,400.0,0,2,6,0,1,0,7.458048477315103,28.857707509881422,6.355731225296442,15.661901802361717,1,1,2023,4,0
11009.0,203,1417,19000.0,0.0,Birthday,1,0.0,0.0,200.0,400.0,0,2,6,0,1,1,13.399153737658674,53.96568627450981,6.946078431372549,14.315937940761636,12,4,2023,1,0
2951.0,229,3480,21000.0,3.0,Corporate Event,5,0.0,0.0,200.0,400.0,1,1,12,0,1,2,6.032749209997127,12.830434782608696,15.130434782608695,6.578569376615915,4,2,2022,3,1
11460.0,203,1258,15000.0,0.0,Birthday,5,0.0,0.0,300.0,500.0,0,2,16,0,1,1,11.914217633042098,56.1764705882353,6.166666666666667,16.12390786338364,3,1,2025,4,1
2835.0,249,22215,15000.0,3.0,Corporate Event,2,0.0,0.0,100.0,200.0,1,0,18,0,0,0,0.6751890529348218,11.34,88.86,1.120813827871804,3,1,2022,2,1
2303.0,252,1608,19000.0,7.0,Birthday,1,0.0,0.0,100.0,200.0,0,1,18,0,0,1,11.808576755748913,9.102766798418973,6.355731225296442,15.661901802361717,5,2,2024,3,1
1208.0,126,4896,26000.0,2.0,Birthday,5,0.0,0.0,200.0,400.0,0,0,1,0,1,2,5.309373085562589,9.511811023622048,38.55118110236221,2.5730038799264854,4,2,2023,6,1
2677.0,176,3661,22000.0,10.0,Birthday,1,0.0,0.0,200.0,400.0,0,2,0,0,1,1,6.007646095030038,15.124293785310735,20.683615819209038,4.8061168760240305,2,1,2025,4,0
14788.0,298,962,21000.0,10.0,Wedding,4,0.0,0.0,300.0,500.0,2,0,10,0,1,0,21.806853582554517,49.458193979933114,3.217391304347826,30.944963655244027,6,2,2025,4,2
99600.0,203,1258,26000.0,0.0,Wedding,4,0.0,0.0,100.0,200.0,2,2,3,0,0,1,20.651310563939635,488.2352941176471,6.166666666666667,16.12390786338364,6,2,2023,1,2
5439.0,298,962,26000.0,7.0,Birthday,3,0.0,0.0,100.0,200.0,0,1,18,0,0,2,26.99896157840083,18.190635451505017,3.217391304347826,30.944963655244027,1,1,2024,2,0
4608.0,176,3661,26000.0,16.0,Wedding,5,0.0,0.0,200.0,400.0,2,2,13,0,1,1,7.099945385035499,26.033898305084747,20.683615819209038,4.8061168760240305,1,1,2025,5,0
941.0,203,1417,17000.0,10.0,Wedding,1,0.0,0.0,100.0,200.0,2,1,4,0,0,1,11.988716502115656,4.612745098039215,6.946078431372549,14.315937940761636,6,2,2022,5,2
4329.0,249,22215,12000.0,10.0,Birthday,3,0.0,0.0,100.0,200.0,0,2,3,0,0,2,0.5401512423478574,17.316,88.86,1.120813827871804,5,2,2025,0,1
3602.0,298,962,20000.0,0.0,Wedding,1,0.0,0.0,100.0,200.0,2,0,4,0,0,1,20.768431983385256,12.046822742474916,3.217391304347826,30.944963655244027,9,3,2023,6,3
4364.0,42,3577,25000.0,0.0,Wedding,3,0.0,0.0,200.0,400.0,2,0,0,0,1,1,6.98714365567356,101.48837209302326,83.18604651162791,1.1738401341531581,2,1,2022,2,0
10169.0,202,1983,21000.0,7.0,Birthday,4,0.0,0.0,300.0,500.0,0,2,10,0,1,0,10.584677419354838,50.0935960591133,9.768472906403941,10.181451612903226,1,1,2024,4,0
931.0,239,4101,15000.0,10.0,Corporate Event,1,0.0,0.0,100.0,200.0,1,1,4,0,0,0,3.6567528035104826,3.879166666666667,17.0875,5.826426133593369,1,1,2025,2,0
13483.0,249,22215,26000.0,2.0,Corporate Event,4,0.0,0.0,300.0,500.0,1,2,2,0,1,1,1.1703276917536911,53.932,88.86,1.120813827871804,6,2,2024,0,2
12166.0,202,1983,26000.0,0.0,Corporate Event,1,0.0,0.0,200.0,400.0,1,1,13,0,1,0,13.10483870967742,59.93103448275862,9.768472906403941,10.181451612903226,2,1,2024,2,0
11010.0,229,3480,20000.0,0.0,Wedding,5,0.0,0.0,300.0,500.0,2,2,16,0,1,0,5.745475438092502,47.869565217391305,15.130434782608695,6.578569376615915,8,3,2022,1,2
9012.0,202,1983,19000.0,0.0,Corporate Event,2,0.0,0.0,100.0,200.0,1,0,3,0,0,2,9.576612903225806,44.39408866995074,9.768472906403941,10.181451612903226,4,2,2024,1,1
2417.0,249,22215,20000.0,10.0,Corporate Event,5,0.0,0.0,200.0,500.0,1,0,11,0,0,2,0.9002520705797623,9.668,88.86,1.120813827871804,3,1,2022,3,1
4253.0,155,66,21000.0,10.0,Birthday,5,0.0,0.0,300.0,500.0,0,0,10,0,1,2,313.43283582089555,27.262820512820515,0.4230769230769231,231.34328358208953,3,1,2024,6,1
3886.0,203,1417,26000.0,0.0,Corporate Event,3,0.0,0.0,200.0,400.0,1,2,6,0,1,0,18.33568406205924,19.04901960784314,6.946078431372549,14.315937940761636,6,2,2022,1,2
14194.0,203,1417,13000.0,20.0,Corporate Event,1,0.0,0.0,300.0,500.0,1,2,17,0,0,1,9.16784203102962,69.57843137254902,6.946078431372549,14.315937940761636,4,2,2024,4,1
11449.0,203,1258,17000.0,3.0,Wedding,3,0.0,0.0,200.0,400.0,2,1,12,0,1,2,13.502779984114376,56.122549019607845,6.166666666666667,16.12390786338364,7,3,2024,0,2
6526.0,298,962,13000.0,3.0,Corporate Event,1,0.0,0.0,200.0,400.0,1,2,12,0,1,0,13.499480789200415,21.82608695652174,3.217391304347826,30.944963655244027,5,2,2024,1,1
1809.0,252,1608,24000.0,10.0,Wedding,1,0.0,0.0,100.0,200.0,2,2,3,0,0,1,14.916096954630206,7.150197628458498,6.355731225296442,15.661901802361717,3,1,2025,5,1
10482.0,155,66,26000.0,14.0,Corporate Event,4,0.0,0.0,300.0,500.0,1,1,10,0,1,1,388.05970149253733,67.1923076923077,0.4230769230769231,231.34328358208953,2,1,2025,5,0
12292.0,239,4101,24000.0,10.0,Birthday,5,0.0,0.0,200.0,400.0,0,2,6,0,1,2,5.850804485616773,51.21666666666667,17.0875,5.826426133593369,8,3,2022,6,2
9423.0,126,4896,20000.0,20.0,Corporate Event,5,0.0,0.0,300.0,500.0,1,2,17,0,0,0,4.084133142740454,74.19685039370079,38.55118110236221,2.5730038799264854,6,2,2023,4,2
8762.0,176,3661,12000.0,7.0,Birthday,2,0.0,0.0,300.0,500.0,0,0,5,0,1,2,3.2768978700163847,49.50282485875706,20.683615819209038,4.8061168760240305,12,4,2023,4,0
6484.0,239,4101,15000.0,3.0,Wedding,2,0.0,0.0,200.0,500.0,2,2,9,0,0,2,3.6567528035104826,27.016666666666666,17.0875,5.826426133593369,5,2,2022,1,1
5609.0,126,4896,24000.0,7.0,Birthday,5,0.0,0.0,300.0,500.0,0,0,5,0,1,2,4.900959771288544,44.16535433070866,38.55118110236221,2.5730038799264854,2,1,2022,2,0
9680.0,249,22215,15000.0,8.0,Corporate Event,2,0.0,0.0,100.0,200.0,1,2,18,0,0,0,0.6751890529348218,38.72,88.86,1.120813827871804,12,4,2023,5,0
6807.0,298,962,20000.0,9.0,Birthday,3,0.0,0.0,200.0,400.0,0,1,6,0,1,1,20.768431983385256,22.765886287625417,3.217391304347826,30.944963655244027,3,1,2025,0,1
6481.0,176,3661,15000.0,4.0,Wedding,5,0.0,0.0,300.0,500.0,2,2,5,0,1,0,4.09612233752048,36.61581920903955,20.683615819209038,4.8061168760240305,4,2,2022,4,1
7858.0,155,66,24000.0,8.0,Corporate Event,2,0.0,0.0,300.0,500.0,1,2,2,0,1,2,358.2089552238806,50.37179487179487,0.4230769230769231,231.34328358208953,1,1,2023,3,0
3014.0,155,66,20000.0,7.0,Birthday,2,0.0,0.0,300.0,500.0,0,0,5,0,1,2,298.5074626865672,19.32051282051282,0.4230769230769231,231.34328358208953,8,3,2023,5,2
3810.0,155,66,22000.0,0.0,Corporate Event,1,0.0,0.0,100.0,200.0,1,2,3,0,0,1,328.35820895522386,24.423076923076923,0.4230769230769231,231.34328358208953,4,2,2025,0,1
1024.0,202,1983,25000.0,0.0,Birthday,1,0.0,0.0,300.0,500.0,0,0,16,0,1,0,12.600806451612904,5.044334975369458,9.768472906403941,10.181451612903226,1,1,2022,2,0
2917.0,176,3661,21000.0,0.0,Birthday,1,0.0,0.0,300.0,500.0,0,0,17,0,0,2,5.734571272528673,16.480225988700564,20.683615819209038,4.8061168760240305,3,1,2025,0,1
1781.0,126,4896,19000.0,8.0,Wedding,4,0.0,0.0,100.0,200.0,2,2,18,0,0,1,3.8799264856034306,14.023622047244094,38.55118110236221,2.5730038799264854,8,3,2025,5,2
13621.0,202,1983,19000.0,8.0,Wedding,1,0.0,0.0,300.0,500.0,2,2,2,0,1,2,9.576612903225806,67.09852216748769,9.768472906403941,10.181451612903226,1,1,2024,6,0
9994.0,249,22215,23000.0,7.0,Birthday,5,0.0,0.0,100.0,200.0,0,0,15,0,0,0,1.0352898811667266,39.976,88.86,1.120813827871804,8,3,2024,3,2
6161.0,203,1417,19000.0,20.0,Birthday,1,0.0,0.0,300.0,500.0,0,2,17,0,0,1,13.399153737658674,30.20098039215686,6.946078431372549,14.315937940761636,7,3,2025,1,2
4311.0,155,66,17000.0,7.0,Corporate Event,4,0.0,0.0,300.0,500.0,1,0,5,0,1,1,253.73134328358208,27.634615384615383,0.4230769230769231,231.34328358208953,5,2,2022,5,1
5270.0,176,3661,13000.0,0.0,Wedding,2,0.0,0.0,200.0,400.0,2,1,13,0,1,2,3.5499726925177497,29.774011299435028,20.683615819209038,4.8061168760240305,8,3,2025,2,2
7939.0,229,3480,22000.0,4.0,Birthday,5,0.0,0.0,200.0,400.0,0,2,1,0,1,1,6.320022981901753,34.517391304347825,15.130434782608695,6.578569376615915,1,1,2025,4,0
8558.0,203,1417,24000.0,2.0,Corporate Event,2,0.0,0.0,200.0,400.0,1,0,1,0,1,2,16.92524682651622,41.950980392156865,6.946078431372549,14.315937940761636,10,4,2023,3,3
13831.0,249,22215,12000.0,4.0,Corporate Event,4,0.0,0.0,200.0,400.0,1,2,1,0,1,2,0.5401512423478574,55.324,88.86,1.120813827871804,9,3,2024,4,3
5622.0,252,1608,12000.0,16.0,Wedding,3,0.0,0.0,200.0,400.0,2,2,13,0,1,0,7.458048477315103,22.221343873517785,6.355731225296442,15.661901802361717,3,1,2025,5,1
14712.0,155,66,17000.0,0.0,Wedding,4,0.0,0.0,300.0,500.0,2,2,16,0,1,0,253.73134328358208,94.3076923076923,0.4230769230769231,231.34328358208953,3,1,2025,4,1
4371.0,229,3480,19000.0,7.0,Birthday,5,0.0,0.0,300.0,500.0,0,0,5,0,1,1,5.458201666187877,19.004347826086956,15.130434782608695,6.578569376615915,5,2,2025,5,1
9695.0,252,1608,12000.0,0.0,Corporate Event,3,0.0,0.0,300.0,500.0,1,0,17,0,0,2,7.458048477315103,38.3201581027668,6.355731225296442,15.661901802361717,5,2,2024,6,1
5025.0,239,4101,25000.0,0.0,Corporate Event,3,0.0,0.0,300.0,500.0,1,0,16,0,1,2,6.094588005850804,20.9375,17.0875,5.826426133593369,4,2,2025,5,1
9342.0,126,4896,26000.0,5.0,Corporate Event,3,0.0,0.0,100.0,200.0,1,1,3,0,0,2,5.309373085562589,73.55905511811024,38.55118110236221,2.5730038799264854,12,4,2024,5,0
2535.0,298,962,20000.0,5.0,Corporate Event,5,0.0,0.0,300.0,500.0,1,2,14,0,1,0,20.768431983385256,8.478260869565217,3.217391304347826,30.944963655244027,3,1,2025,3,1
13981.0,249,22215,23000.0,0.0,Birthday,1,0.0,0.0,200.0,400.0,0,1,13,0,1,2,1.0352898811667266,55.924,88.86,1.120813827871804,6,2,2024,5,2
13430.0,252,1608,21000.0,14.0,Wedding,1,0.0,0.0,300.0,500.0,2,1,10,0,1,1,13.05158483530143,53.08300395256917,6.355731225296442,15.661901802361717,11,4,2024,1,3
837.0,252,1608,26000.0,0.0,Wedding,2,0.0,0.0,100.0,200.0,2,0,4,0,0,0,16.159105034182723,3.308300395256917,6.355731225296442,15.661901802361717,4,2,2024,0,1
11536.0,239,4101,20000.0,9.0,Corporate Event,5,0.0,0.0,300.0,500.0,1,2,5,0,1,0,4.875670404680643,48.06666666666667,17.0875,5.826426133593369,4,2,2023,0,1
2946.0,239,4101,24000.0,0.0,Birthday,2,0.0,0.0,200.0,400.0,0,0,13,0,1,2,5.850804485616773,12.275,17.0875,5.826426133593369,12,4,2023,1,0
3181.0,239,4101,12000.0,2.0,Corporate Event,5,0.0,0.0,300.0,500.0,1,2,2,0,1,1,2.9254022428083863,13.254166666666666,17.0875,5.826426133593369,6,2,2025,4,2
8685.0,252,1608,24000.0,20.0,Wedding,5,0.0,0.0,300.0,500.0,2,2,17,0,0,0,14.916096954630206,34.32806324110672,6.355731225296442,15.661901802361717,2,1,2025,4,0
2593.0,176,3661,24000.0,3.0,Birthday,4,0.0,0.0,200.0,400.0,0,2,12,0,1,1,6.553795740032769,14.649717514124294,20.683615819209038,4.8061168760240305,11,4,2024,5,3
1375.0,249,22215,21000.0,10.0,Wedding,4,0.0,0.0,200.0,500.0,2,0,11,0,0,1,0.9452646741087505,5.5,88.86,1.120813827871804,8,3,2022,1,2
4289.0,203,1258,15000.0,0.0,Birthday,3,0.0,0.0,100.0,200.0,0,2,3,0,0,2,11.914217633042098,21.024509803921568,6.166666666666667,16.12390786338364,8,3,2025,3,2
3459.0,239,4101,21000.0,10.0,Corporate Event,1,0.0,0.0,300.0,500.0,1,0,10,0,1,0,5.1194539249146755,14.4125,17.0875,5.826426133593369,1,1,2024,1,0
2665.0,229,3480,24000.0,16.0,Wedding,1,0.0,0.0,200.0,500.0,2,2,9,0,0,0,6.894570525711003,11.58695652173913,15.130434782608695,6.578569376615915,12,4,2023,1,0
324.0,249,22215,26000.0,3.0,Corporate Event,4,0.0,0.0,200.0,500.0,1,2,9,0,0,0,1.1703276917536911,1.296,88.86,1.120813827871804,8,3,2024,1,2
3989.0,203,1258,21000.0,20.0,Birthday,4,0.0,0.0,200.0,400.0,0,2,8,0,1,0,16.679904686258936,19.55392156862745,6.166666666666667,16.12390786338364,6,2,2025,0,2
10634.0,155,66,12000.0,0.0,Birthday,2,0.0,0.0,200.0,400.0,0,0,12,0,1,0,179.1044776119403,68.16666666666667,0.4230769230769231,231.34328358208953,4,2,2024,0,1
9051.0,42,3577,13000.0,9.0,Wedding,3,0.0,0.0,300.0,500.0,2,2,5,0,1,0,3.6333147009502516,210.48837209302326,83.18604651162791,1.1738401341531581,7,3,2023,6,2
9622.0,249,22215,15000.0,11.0,Birthday,1,0.0,0.0,200.0,400.0,0,1,0,0,1,1,0.6751890529348218,38.488,88.86,1.120813827871804,11,4,2023,4,3
12315.0,239,4101,22000.0,4.0,Birthday,3,0.0,0.0,300.0,500.0,0,0,2,0,1,0,5.363237445148708,51.3125,17.0875,5.826426133593369,6,2,2025,2,2
1685.0,202,1983,12000.0,2.0,Birthday,4,0.0,0.0,100.0,200.0,0,2,4,0,0,2,6.048387096774194,8.300492610837438,9.768472906403941,10.181451612903226,8,3,2022,2,2
1859.0,239,4101,24000.0,7.0,Birthday,3,0.0,0.0,100.0,200.0,0,2,4,0,0,0,5.850804485616773,7.745833333333334,17.0875,5.826426133593369,5,2,2025,5,1
9839.0,126,4896,19000.0,2.0,Wedding,4,0.0,0.0,300.0,500.0,2,2,2,0,1,0,3.8799264856034306,77.4724409448819,38.55118110236221,2.5730038799264854,3,1,2022,3,1
13025.0,239,4101,24000.0,3.0,Birthday,3,0.0,0.0,200.0,500.0,0,2,9,0,0,1,5.850804485616773,54.270833333333336,17.0875,5.826426133593369,10,4,2023,3,3
8598.0,229,3480,19000.0,10.0,Birthday,1,0.0,0.0,200.0,500.0,0,0,11,0,0,0,5.458201666187877,37.38260869565217,15.130434782608695,6.578569376615915,3,1,2024,3,1
5813.0,249,22215,17000.0,0.0,Corporate Event,5,0.0,0.0,300.0,500.0,1,2,16,0,1,0,0.765214259992798,23.252,88.86,1.120813827871804,10,4,2022,3,3
14196.0,203,1417,22000.0,9.0,Corporate Event,2,0.0,0.0,200.0,400.0,1,1,6,0,1,2,15.514809590973202,69.58823529411765,6.946078431372549,14.315937940761636,3,1,2024,1,1
581.0,155,66,24000.0,5.0,Wedding,2,0.0,0.0,300.0,500.0,2,1,5,0,1,1,358.2089552238806,3.7243589743589745,0.4230769230769231,231.34328358208953,11,4,2025,6,3
1477.0,249,22215,19000.0,2.0,Wedding,1,0.0,0.0,200.0,500.0,2,0,9,0,0,1,0.8552394670507742,5.908,88.86,1.120813827871804,3,1,2025,6,1
12204.0,202,1983,12000.0,0.0,Corporate Event,1,0.0,0.0,200.0,400.0,1,0,6,0,1,2,6.048387096774194,60.118226600985224,9.768472906403941,10.181451612903226,6,2,2022,2,2
6722.0,176,3661,24000.0,0.0,Birthday,1,0.0,0.0,300.0,500.0,0,0,14,0,1,0,6.553795740032769,37.9774011299435,20.683615819209038,4.8061168760240305,5,2,2022,6,1
5252.0,298,962,24000.0,4.0,Wedding,3,0.0,0.0,300.0,500.0,2,1,17,0,0,0,24.922118380062305,17.565217391304348,3.217391304347826,30.944963655244027,8,3,2024,1,2
13788.0,126,4896,25000.0,10.0,Wedding,5,0.0,0.0,200.0,400.0,2,2,6,0,1,1,5.105166428425567,108.56692913385827,38.55118110236221,2.5730038799264854,11,4,2024,2,3
4502.0,249,22215,20000.0,5.0,Corporate Event,2,0.0,0.0,300.0,500.0,1,1,5,0,1,1,0.9002520705797623,18.008,88.86,1.120813827871804,1,1,2023,3,0
9021.0,239,4101,19000.0,3.0,Birthday,4,0.0,0.0,100.0,200.0,0,0,18,0,0,0,4.631886884446612,37.5875,17.0875,5.826426133593369,11,4,2022,3,3
11270.0,298,962,25000.0,0.0,Wedding,5,0.0,0.0,200.0,500.0,2,2,11,0,0,0,25.96053997923157,37.69230769230769,3.217391304347826,30.944963655244027,10,4,2024,4,3
8260.0,203,1258,15000.0,5.0,Birthday,2,0.0,0.0,300.0,500.0,0,1,5,0,1,1,11.914217633042098,40.490196078431374,6.166666666666667,16.12390786338364,12,4,2022,0,0
13006.0,155,66,17000.0,10.0,Birthday,5,0.0,0.0,300.0,500.0,0,0,10,0,1,2,253.73134328358208,83.37179487179488,0.4230769230769231,231.34328358208953,8,3,2025,0,2
365.0,202,1983,17000.0,5.0,Corporate Event,1,0.0,0.0,100.0,200.0,1,1,3,0,0,0,8.568548387096774,1.7980295566502462,9.768472906403941,10.181451612903226,2,1,2024,2,0
5045.0,202,1983,17000.0,3.0,Wedding,3,0.0,0.0,200.0,400.0,2,1,12,0,1,2,8.568548387096774,24.852216748768473,9.768472906403941,10.181451612903226,6,2,2024,6,2
9624.0,229,3480,23000.0,16.0,Birthday,5,0.0,0.0,200.0,400.0,0,2,8,0,1,1,6.607296753806377,41.84347826086957,15.130434782608695,6.578569376615915,3,1,2024,3,1
5610.0,239,4101,21000.0,3.0,Corporate Event,3,0.0,0.0,200.0,500.0,1,2,9,0,0,1,5.1194539249146755,23.375,17.0875,5.826426133593369,10,4,2022,0,3
2966.0,203,1258,19000.0,0.0,Wedding,4,0.0,0.0,200.0,400.0,2,0,13,0,1,0,15.091342335186656,14.53921568627451,6.166666666666667,16.12390786338364,6,2,2022,5,2
2941.0,298,962,17000.0,2.0,Birthday,3,0.0,0.0,200.0,400.0,0,2,7,0,1,1,17.653167185877468,9.836120401337793,3.217391304347826,30.944963655244027,5,2,2022,5,1
14107.0,252,1608,20000.0,7.0,Birthday,1,0.0,0.0,100.0,200.0,0,1,18,0,0,2,12.430080795525171,55.758893280632414,6.355731225296442,15.661901802361717,12,4,2025,0,0
12177.0,176,3661,24000.0,10.0,Wedding,5,0.0,0.0,100.0,200.0,2,2,3,0,0,0,6.553795740032769,68.79661016949153,20.683615819209038,4.8061168760240305,8,3,2023,2,2
3920.0,155,66,25000.0,0.0,Birthday,5,0.0,0.0,100.0,200.0,0,0,4,0,0,2,373.13432835820896,25.128205128205128,0.4230769230769231,231.34328358208953,11,4,2022,6,3
5213.0,239,4101,26000.0,2.0,Wedding,2,0.0,0.0,200.0,400.0,2,2,13,0,1,1,6.338371526084837,21.720833333333335,17.0875,5.826426133593369,2,1,2022,4,0
7560.0,252,1608,24000.0,5.0,Birthday,5,0.0,0.0,300.0,500.0,0,1,5,0,1,0,14.916096954630206,29.881422924901187,6.355731225296442,15.661901802361717,10,4,2022,0,3
2633.0,229,3480,19000.0,8.0,Corporate Event,2,0.0,0.0,300.0,500.0,1,2,2,0,1,2,5.458201666187877,11.447826086956521,15.130434782608695,6.578569376615915,8,3,2022,3,2
1260.0,176,3661,21000.0,15.0,Corporate Event,1,0.0,0.0,200.0,400.0,1,1,1,0,1,1,5.734571272528673,7.11864406779661,20.683615819209038,4.8061168760240305,6,2,2022,4,2
6984.0,155,66,13000.0,2.0,Birthday,3,0.0,0.0,200.0,400.0,0,2,13,0,1,2,194.02985074626866,44.76923076923077,0.4230769230769231,231.34328358208953,1,1,2024,1,0
14940.0,239,4101,24000.0,7.0,Birthday,5,0.0,0.0,100.0,200.0,0,1,18,0,0,1,5.850804485616773,62.25,17.0875,5.826426133593369,3,1,2025,5,1
6124.0,239,4101,23000.0,3.0,Wedding,4,0.0,0.0,200.0,400.0,2,1,12,0,1,2,5.60702096538274,25.516666666666666,17.0875,5.826426133593369,4,2,2022,4,1
11738.0,202,1983,20000.0,3.0,Wedding,2,0.0,0.0,200.0,500.0,2,2,9,0,0,2,10.080645161290322,57.82266009852217,9.768472906403941,10.181451612903226,10,4,2024,5,3
4808.0,203,1258,23000.0,5.0,Corporate Event,3,0.0,0.0,100.0,200.0,1,1,3,0,0,0,18.268467037331217,23.568627450980394,6.166666666666667,16.12390786338364,12,4,2025,2,0
9827.0,176,3661,26000.0,5.0,Birthday,5,0.0,0.0,300.0,500.0,0,2,14,0,1,0,7.099945385035499,55.51977401129943,20.683615819209038,4.8061168760240305,5,2,2025,0,1
873.0,249,22215,19000.0,2.0,Corporate Event,1,0.0,0.0,200.0,500.0,1,0,9,0,0,1,0.8552394670507742,3.492,88.86,1.120813827871804,5,2,2022,4,1
9029.0,298,962,15000.0,9.0,Wedding,5,0.0,0.0,300.0,500.0,2,2,5,0,1,1,15.576323987538942,30.19732441471572,3.217391304347826,30.944963655244027,9,3,2022,1,3
14929.0,203,1258,22000.0,3.0,Birthday,5,0.0,0.0,100.0,200.0,0,0,18,0,0,0,17.474185861795075,73.18137254901961,6.166666666666667,16.12390786338364,10,4,2024,0,3
5635.0,42,3577,25000.0,7.0,Corporate Event,3,0.0,0.0,100.0,200.0,1,2,4,0,0,0,6.98714365567356,131.04651162790697,83.18604651162791,1.1738401341531581,2,1,2024,1,0
1219.0,203,1417,19000.0,13.0,Wedding,1,0.0,0.0,200.0,400.0,2,1,8,0,1,1,13.399153737658674,5.9754901960784315,6.946078431372549,14.315937940761636,1,1,2023,0,0
10126.0,239,4101,23000.0,3.0,Birthday,4,0.0,0.0,200.0,400.0,0,2,12,0,1,0,5.60702096538274,42.19166666666667,17.0875,5.826426133593369,6,2,2025,3,2
1081.0,126,4896,21000.0,4.0,Corporate Event,1,0.0,0.0,300.0,500.0,1,1,17,0,0,1,4.288339799877476,8.511811023622048,38.55118110236221,2.5730038799264854,8,3,2025,6,2
3650.0,239,4101,17000.0,16.0,Birthday,4,0.0,0.0,200.0,400.0,0,2,13,0,1,0,4.144319843978547,15.208333333333334,17.0875,5.826426133593369,4,2,2024,3,1
3074.0,126,4896,17000.0,0.0,Corporate Event,5,0.0,0.0,200.0,400.0,1,0,0,0,1,2,3.471513171329385,24.20472440944882,38.55118110236221,2.5730038799264854,3,1,2024,3,1
447.0,249,22215,15000.0,2.0,Wedding,1,0.0,0.0,200.0,400.0,2,2,7,0,1,1,0.6751890529348218,1.788,88.86,1.120813827871804,6,2,2024,0,2
10966.0,298,962,23000.0,5.0,Corporate Event,2,0.0,0.0,300.0,500.0,1,1,16,0,1,0,23.883696780893043,36.675585284280935,3.217391304347826,30.944963655244027,1,1,2025,4,0
2234.0,239,4101,21000.0,0.0,Wedding,1,0.0,0.0,200.0,400.0,2,1,13,0,1,0,5.1194539249146755,9.308333333333334,17.0875,5.826426133593369,1,1,2023,5,0
8259.0,202,1983,21000.0,7.0,Corporate Event,3,0.0,0.0,300.0,500.0,1,0,5,0,1,0,10.584677419354838,40.68472906403941,9.768472906403941,10.181451612903226,1,1,2024,2,0
9029.0,176,3661,20000.0,16.0,Birthday,1,0.0,0.0,200.0,400.0,0,2,13,0,1,0,5.461496450027307,51.01129943502825,20.683615819209038,4.8061168760240305,4,2,2025,3,1
11576.0,239,4101,21000.0,7.0,Wedding,3,0.0,0.0,100.0,200.0,2,2,4,0,0,1,5.1194539249146755,48.233333333333334,17.0875,5.826426133593369,6,2,2022,5,2
2586.0,229,3480,22000.0,2.0,Wedding,1,0.0,0.0,200.0,400.0,2,2,12,0,1,2,6.320022981901753,11.243478260869566,15.130434782608695,6.578569376615915,12,4,2022,3,0
12419.0,252,1608,12000.0,0.0,Corporate Event,4,0.0,0.0,100.0,200.0,1,2,3,0,0,1,7.458048477315103,49.08695652173913,6.355731225296442,15.661901802361717,6,2,2023,5,2
9089.0,155,66,15000.0,8.0,Wedding,1,0.0,0.0,300.0,500.0,2,2,2,0,1,1,223.88059701492537,58.26282051282051,0.4230769230769231,231.34328358208953,4,2,2023,4,1
12144.0,298,962,12000.0,0.0,Wedding,3,0.0,0.0,200.0,400.0,2,1,13,0,1,2,12.461059190031152,40.61538461538461,3.217391304347826,30.944963655244027,1,1,2022,5,0
9851.0,239,4101,19000.0,10.0,Birthday,2,0.0,0.0,100.0,200.0,0,1,4,0,0,0,4.631886884446612,41.045833333333334,17.0875,5.826426133593369,3,1,2022,4,1
2587.0,176,3661,21000.0,5.0,Corporate Event,4,0.0,0.0,300.0,500.0,1,1,16,0,1,0,5.734571272528673,14.615819209039548,20.683615819209038,4.8061168760240305,7,3,2025,1,2
880.0,202,1983,20000.0,4.0,Corporate Event,1,0.0,0.0,200.0,400.0,1,2,1,0,1,0,10.080645161290322,4.334975369458128,9.768472906403941,10.181451612903226,9,3,2025,1,3
10827.0,155,66,21000.0,20.0,Corporate Event,5,0.0,0.0,200.0,400.0,1,2,8,0,1,2,313.43283582089555,69.40384615384616,0.4230769230769231,231.34328358208953,7,3,2022,0,2
4647.0,203,1417,26000.0,2.0,Corporate Event,2,0.0,0.0,100.0,200.0,1,2,4,0,0,0,18.33568406205924,22.779411764705884,6.946078431372549,14.315937940761636,7,3,2022,6,2
4206.0,202,1983,21000.0,0.0,Wedding,3,0.0,0.0,300.0,500.0,2,0,17,0,0,0,10.584677419354838,20.7192118226601,9.768472906403941,10.181451612903226,5,2,2022,2,1
7920.0,239,4101,15000.0,2.0,Wedding,3,0.0,0.0,200.0,400.0,2,2,7,0,1,0,3.6567528035104826,33.0,17.0875,5.826426133593369,3,1,2025,0,1
13236.0,239,4101,24000.0,10.0,Wedding,1,0.0,0.0,200.0,400.0,2,2,6,0,1,1,5.850804485616773,55.15,17.0875,5.826426133593369,2,1,2022,6,0
12197.0,126,4896,24000.0,0.0,Birthday,5,0.0,0.0,200.0,400.0,0,1,13,0,1,2,4.900959771288544,96.03937007874016,38.55118110236221,2.5730038799264854,10,4,2024,2,3
5191.0,229,3480,20000.0,1.0,Wedding,3,0.0,0.0,100.0,200.0,2,2,15,0,0,2,5.745475438092502,22.569565217391304,15.130434782608695,6.578569376615915,10,4,2025,1,3
9585.0,252,1608,20000.0,3.0,Birthday,2,0.0,0.0,100.0,200.0,0,0,18,0,0,2,12.430080795525171,37.88537549407115,6.355731225296442,15.661901802361717,1,1,2024,1,0
14146.0,42,3577,21000.0,12.0,Wedding,2,0.0,0.0,200.0,500.0,2,1,9,0,0,1,5.869200670765791,328.9767441860465,83.18604651162791,1.1738401341531581,9,3,2023,4,3
10869.0,176,3661,22000.0,3.0,Birthday,1,0.0,0.0,200.0,500.0,0,1,11,0,0,0,6.007646095030038,61.40677966101695,20.683615819209038,4.8061168760240305,5,2,2025,5,1
13450.0,229,3480,15000.0,0.0,Birthday,3,0.0,0.0,200.0,400.0,0,0,13,0,1,2,4.309106578569376,58.47826086956522,15.130434782608695,6.578569376615915,5,2,2025,2,1
13706.0,229,3480,20000.0,0.0,Corporate Event,5,0.0,0.0,300.0,500.0,1,0,16,0,1,1,5.745475438092502,59.59130434782609,15.130434782608695,6.578569376615915,2,1,2022,4,0
696.0,203,1258,26000.0,0.0,Wedding,1,0.0,0.0,300.0,500.0,2,0,14,0,1,1,20.651310563939635,3.411764705882353,6.166666666666667,16.12390786338364,10,4,2023,5,3
14952.0,202,1983,12000.0,3.0,Birthday,5,0.0,0.0,200.0,500.0,0,2,9,0,0,0,6.048387096774194,73.65517241379311,9.768472906403941,10.181451612903226,10,4,2023,5,3
5396.0,229,3480,17000.0,3.0,Corporate Event,4,0.0,0.0,200.0,500.0,1,1,11,0,0,1,4.883654122378627,23.46086956521739,15.130434782608695,6.578569376615915,2,1,2023,0,0
13331.0,176,3661,15000.0,9.0,Corporate Event,3,0.0,0.0,300.0,500.0,1,1,14,0,1,1,4.09612233752048,75.31638418079096,20.683615819209038,4.8061168760240305,2,1,2025,3,0
6386.0,202,1983,12000.0,2.0,Corporate Event,5,0.0,0.0,200.0,400.0,1,2,7,0,1,0,6.048387096774194,31.458128078817733,9.768472906403941,10.181451612903226,9,3,2024,1,3
12260.0,155,66,21000.0,14.0,Corporate Event,3,0.0,0.0,300.0,500.0,1,1,10,0,1,1,313.43283582089555,78.58974358974359,0.4230769230769231,231.34328358208953,10,4,2025,6,3
6881.0,126,4896,22000.0,7.0,Wedding,1,0.0,0.0,300.0,500.0,2,0,5,0,1,0,4.492546457014499,54.181102362204726,38.55118110236221,2.5730038799264854,6,2,2025,6,2
10857.0,176,3661,12000.0,7.0,Wedding,2,0.0,0.0,300.0,500.0,2,0,5,0,1,0,3.2768978700163847,61.33898305084746,20.683615819209038,4.8061168760240305,4,2,2022,0,1
6448.0,252,1608,13000.0,14.0,Corporate Event,3,0.0,0.0,300.0,500.0,1,1,10,0,1,2,8.079552517091361,25.486166007905137,6.355731225296442,15.661901802361717,12,4,2023,1,0
6730.0,126,4896,22000.0,2.0,Wedding,5,0.0,0.0,200.0,400.0,2,2,7,0,1,1,4.492546457014499,52.99212598425197,38.55118110236221,2.5730038799264854,7,3,2023,6,2
13308.0,126,4896,26000.0,2.0,Corporate Event,3,0.0,0.0,300.0,500.0,1,2,2,0,1,2,5.309373085562589,104.78740157480316,38.55118110236221,2.5730038799264854,11,4,2025,4,3
5996.0,202,1983,21000.0,7.0,Birthday,2,0.0,0.0,100.0,200.0,0,1,18,0,0,0,10.584677419354838,29.536945812807883,9.768472906403941,10.181451612903226,9,3,2022,3,3
292.0,229,3480,17000.0,10.0,Corporate Event,5,0.0,0.0,100.0,200.0,1,1,4,0,0,1,4.883654122378627,1.2695652173913043,15.130434782608695,6.578569376615915,2,1,2022,0,0
53370.0,239,4101,12000.0,0.0,Wedding,5,0.0,0.0,100.0,200.0,2,0,4,0,0,1,2.9254022428083863,222.375,17.0875,5.826426133593369,8,3,2023,2,2
4647.0,203,1258,20000.0,0.0,Wedding,5,0.0,0.0,300.0,500.0,2,0,17,0,0,2,15.885623510722796,22.779411764705884,6.166666666666667,16.12390786338364,11,4,2023,6,3
1320.0,298,962,17000.0,0.0,Corporate Event,4,0.0,0.0,200.0,500.0,1,2,11,0,0,1,17.653167185877468,4.414715719063545,3.217391304347826,30.944963655244027,5,2,2023,6,1
2138.0,126,4896,13000.0,6.0,Birthday,3,0.0,0.0,300.0,500.0,0,1,2,0,1,1,2.6546865427812945,16.834645669291337,38.55118110236221,2.5730038799264854,2,1,2023,6,0
8005.0,155,66,17000.0,7.0,Corporate Event,5,0.0,0.0,100.0,200.0,1,2,4,0,0,2,253.73134328358208,51.31410256410256,0.4230769230769231,231.34328358208953,9,3,2025,4,3
4398.0,42,3577,23000.0,0.0,Birthday,4,0.0,0.0,100.0,200.0,0,0,3,0,0,1,6.428172163219676,102.27906976744185,83.18604651162791,1.1738401341531581,8,3,2023,5,2
2558.0,126,4896,15000.0,2.0,Wedding,2,0.0,0.0,100.0,200.0,2,2,4,0,0,1,3.06309985705534,20.141732283464567,38.55118110236221,2.5730038799264854,1,1,2023,3,0
6970.0,203,1258,21000.0,20.0,Birthday,2,0.0,0.0,300.0,500.0,0,2,17,0,0,0,16.679904686258936,34.166666666666664,6.166666666666667,16.12390786338364,4,2,2022,6,1
2431.0,252,1608,20000.0,20.0,Birthday,4,0.0,0.0,200.0,400.0,0,2,8,0,1,1,12.430080795525171,9.608695652173912,6.355731225296442,15.661901802361717,12,4,2025,6,0
8732.0,126,4896,25000.0,0.0,Birthday,2,0.0,0.0,200.0,400.0,0,0,7,0,1,2,5.105166428425567,68.75590551181102,38.55118110236221,2.5730038799264854,6,2,2025,0,2
10567.0,203,1258,20000.0,0.0,Birthday,5,0.0,0.0,200.0,400.0,0,2,6,0,1,2,15.885623510722796,51.799019607843135,6.166666666666667,16.12390786338364,1,1,2024,4,0
6423.0,249,22215,23000.0,0.0,Corporate Event,1,0.0,0.0,300.0,500.0,1,2,16,0,1,2,1.0352898811667266,25.692,88.86,1.120813827871804,12,4,2023,4,0
5466.0,252,1608,26000.0,10.0,Birthday,1,0.0,0.0,200.0,500.0,0,0,11,0,0,0,16.159105034182723,21.604743083003953,6.355731225296442,15.661901802361717,4,2,2022,5,1
12118.0,155,66,21000.0,7.0,Birthday,4,0.0,0.0,100.0,200.0,0,1,18,0,0,2,313.43283582089555,77.67948717948718,0.4230769230769231,231.34328358208953,3,1,2025,0,1
512.0,239,4101,15000.0,2.0,Birthday,1,0.0,0.0,100.0,200.0,0,2,4,0,0,1,3.6567528035104826,2.1333333333333333,17.0875,5.826426133593369,10,4,2024,1,3
1325.0,126,4896,13000.0,4.0,Wedding,2,0.0,0.0,200.0,400.0,2,2,1,0,1,1,2.6546865427812945,10.433070866141732,38.55118110236221,2.5730038799264854,3,1,2023,6,1
14018.0,202,1983,20000.0,2.0,Wedding,2,0.0,0.0,200.0,400.0,2,2,12,0,1,0,10.080645161290322,69.05418719211822,9.768472906403941,10.181451612903226,11,4,2023,5,3
5442.0,155,66,19000.0,14.0,Corporate Event,1,0.0,0.0,200.0,400.0,1,2,0,0,1,1,283.5820895522388,34.88461538461539,0.4230769230769231,231.34328358208953,7,3,2024,4,2
11600.0,252,1608,15000.0,5.0,Corporate Event,5,0.0,0.0,300.0,500.0,1,1,5,0,1,2,9.322560596643878,45.8498023715415,6.355731225296442,15.661901802361717,11,4,2025,3,3
3664.0,229,3480,25000.0,10.0,Wedding,1,0.0,0.0,200.0,400.0,2,2,0,0,1,1,7.181844297615628,15.930434782608696,15.130434782608695,6.578569376615915,12,4,2023,2,0
3309.0,229,3480,12000.0,16.0,Wedding,5,0.0,0.0,200.0,400.0,2,2,13,0,1,2,3.4472852628555013,14.38695652173913,15.130434782608695,6.578569376615915,2,1,2022,6,0
10862.0,203,1417,25000.0,7.0,Birthday,1,0.0,0.0,300.0,500.0,0,2,10,0,1,1,17.63046544428773,53.245098039215684,6.946078431372549,14.315937940761636,11,4,2022,0,3
3955.0,239,4101,20000.0,0.0,Birthday,3,0.0,0.0,100.0,200.0,0,2,3,0,0,2,4.875670404680643,16.479166666666668,17.0875,5.826426133593369,9,3,2024,4,3
9033.0,203,1417,20000.0,7.0,Wedding,1,0.0,0.0,300.0,500.0,2,2,10,0,1,2,14.104372355430183,44.279411764705884,6.946078431372549,14.315937940761636,7,3,2024,4,2
11951.0,203,1417,12000.0,5.0,Birthday,3,0.0,0.0,300.0,500.0,0,1,16,0,1,2,8.46262341325811,58.583333333333336,6.946078431372549,14.315937940761636,2,1,2024,3,0
8053.0,155,66,26000.0,20.0,Birthday,4,0.0,0.0,200.0,400.0,0,2,8,0,1,0,388.05970149253733,51.62179487179487,0.4230769230769231,231.34328358208953,2,1,2025,1,0
5207.0,298,962,20000.0,4.0,Wedding,5,0.0,0.0,300.0,500.0,2,1,17,0,0,1,20.768431983385256,17.414715719063544,3.217391304347826,30.944963655244027,12,4,2025,6,0
6503.0,203,1417,21000.0,7.0,Wedding,3,0.0,0.0,300.0,500.0,2,2,10,0,1,1,14.809590973201692,31.877450980392158,6.946078431372549,14.315937940761636,10,4,2022,5,3
6734.0,203,1258,15000.0,16.0,Wedding,2,0.0,0.0,200.0,400.0,2,2,8,0,1,0,11.914217633042098,33.009803921568626,6.166666666666667,16.12390786338364,11,4,2023,3,3
2973.0,42,3577,22000.0,16.0,Wedding,1,0.0,0.0,200.0,500.0,2,2,11,0,0,1,6.148686416992733,69.13953488372093,83.18604651162791,1.1738401341531581,3,1,2025,5,1
8532.0,203,1417,23000.0,7.0,Birthday,3,0.0,0.0,100.0,200.0,0,2,4,0,0,1,16.22002820874471,41.8235294117647,6.946078431372549,14.315937940761636,9,3,2022,4,3
13092.0,252,1608,13000.0,20.0,Corporate Event,4,0.0,0.0,200.0,400.0,1,2,8,0,1,1,8.079552517091361,51.74703557312253,6.355731225296442,15.661901802361717,7,3,2025,1,2
10847.0,202,1983,19000.0,4.0,Birthday,5,0.0,0.0,100.0,200.0,0,2,18,0,0,2,9.576612903225806,53.433497536945815,9.768472906403941,10.181451612903226,3,1,2025,4,1
14998.0,203,1258,24000.0,13.0,Corporate Event,1,0.0,0.0,200.0,400.0,1,1,8,0,1,1,19.062748212867355,73.51960784313725,6.166666666666667,16.12390786338364,11,4,2022,2,3
933.0,252,1608,22000.0,14.0,Birthday,4,0.0,0.0,300.0,500.0,0,1,10,0,1,0,13.673088875077688,3.6877470355731226,6.355731225296442,15.661901802361717,12,4,2025,1,0
3680.0,298,962,17000.0,2.0,Corporate Event,5,0.0,0.0,300.0,500.0,1,2,10,0,1,2,17.653167185877468,12.307692307692308,3.217391304347826,30.944963655244027,7,3,2022,3,2
1299.0,239,4101,20000.0,0.0,Birthday,3,0.0,0.0,300.0,500.0,0,0,17,0,0,1,4.875670404680643,5.4125,17.0875,5.826426133593369,6,2,2024,4,2
9986.0,202,1983,22000.0,5.0,Birthday,4,0.0,0.0,300.0,500.0,0,1,16,0,1,0,11.088709677419354,49.19211822660098,9.768472906403941,10.181451612903226,10,4,2024,1,3
84200.0,229,3480,25000.0,2.0,Corporate Event,5,0.0,0.0,200.0,500.0,1,0,9,0,0,0,7.181844297615628,366.0869565217391,15.130434782608695,6.578569376615915,5,2,2025,2,1
11138.0,239,4101,15000.0,2.0,Wedding,5,0.0,0.0,200.0,400.0,2,2,12,0,1,2,3.6567528035104826,46.40833333333333,17.0875,5.826426133593369,10,4,2023,6,3
11365.0,202,1983,22000.0,9.0,Wedding,4,0.0,0.0,300.0,500.0,2,2,5,0,1,0,11.088709677419354,55.98522167487685,9.768472906403941,10.181451612903226,6,2,2023,1,2
14722.0,229,3480,20000.0,3.0,Wedding,2,0.0,0.0,200.0,400.0,2,2,12,0,1,2,5.745475438092502,64.00869565217391,15.130434782608695,6.578569376615915,9,3,2023,4,3
7602.0,155,66,20000.0,20.0,Corporate Event,3,0.0,0.0,300.0,500.0,1,2,17,0,0,1,298.5074626865672,48.73076923076923,0.4230769230769231,231.34328358208953,8,3,2023,0,2
3883.0,202,1983,20000.0,10.0,Corporate Event,4,0.0,0.0,100.0,200.0,1,1,4,0,0,2,10.080645161290322,19.12807881773399,9.768472906403941,10.181451612903226,5,2,2024,2,1
11776.0,203,1417,19000.0,3.0,Wedding,4,0.0,0.0,200.0,400.0,2,1,12,0,1,1,13.399153737658674,57.72549019607843,6.946078431372549,14.315937940761636,12,4,2025,5,0
5012.0,42,3577,20000.0,0.0,Wedding,2,0.0,0.0,200.0,400.0,2,0,6,0,1,0,5.589714924538849,116.55813953488372,83.18604651162791,1.1738401341531581,7,3,2024,1,2
8742.0,252,1608,21000.0,15.0,Wedding,3,0.0,0.0,200.0,400.0,2,1,1,0,1,1,13.05158483530143,34.55335968379447,6.355731225296442,15.661901802361717,4,2,2023,3,1
14815.0,155,66,12000.0,20.0,Corporate Event,5,0.0,0.0,300.0,500.0,1,2,17,0,0,0,179.1044776119403,94.96794871794872,0.4230769230769231,231.34328358208953,6,2,2024,4,2
3354.0,126,4896,24000.0,20.0,Birthday,5,0.0,0.0,300.0,500.0,0,2,17,0,0,2,4.900959771288544,26.409448818897637,38.55118110236221,2.5730038799264854,2,1,2022,6,0
8474.0,203,1417,22000.0,18.0,Birthday,4,0.0,0.0,200.0,400.0,0,0,8,0,1,0,15.514809590973202,41.53921568627451,6.946078431372549,14.315937940761636,9,3,2022,2,3
7177.0,298,962,23000.0,16.0,Birthday,2,0.0,0.0,200.0,400.0,0,2,13,0,1,0,23.883696780893043,24.00334448160535,3.217391304347826,30.944963655244027,6,2,2023,6,2
10485.0,249,22215,17000.0,0.0,Wedding,2,0.0,0.0,100.0,200.0,2,0,3,0,0,2,0.765214259992798,41.94,88.86,1.120813827871804,8,3,2022,5,2
2216.0,298,962,26000.0,16.0,Corporate Event,4,0.0,0.0,300.0,500.0,1,2,14,0,1,1,26.99896157840083,7.411371237458194,3.217391304347826,30.944963655244027,9,3,2023,6,3
1356.0,203,1258,19000.0,0.0,Birthday,3,0.0,0.0,300.0,500.0,0,0,17,0,0,0,15.091342335186656,6.647058823529412,6.166666666666667,16.12390786338364,6,2,2023,6,2
2370.0,249,22215,25000.0,16.0,Corporate Event,3,0.0,0.0,200.0,400.0,1,2,8,0,1,2,1.125315088224703,9.48,88.86,1.120813827871804,11,4,2024,2,3
7231.0,229,3480,21000.0,5.0,Corporate Event,2,0.0,0.0,300.0,500.0,1,1,5,0,1,2,6.032749209997127,31.43913043478261,15.130434782608695,6.578569376615915,10,4,2022,5,3
14655.0,42,3577,21000.0,18.0,Corporate Event,5,0.0,0.0,200.0,400.0,1,0,8,0,1,2,5.869200670765791,340.8139534883721,83.18604651162791,1.1738401341531581,2,1,2025,3,0
7513.0,155,66,25000.0,2.0,Wedding,4,0.0,0.0,200.0,400.0,2,2,7,0,1,2,373.13432835820896,48.16025641025641,0.4230769230769231,231.34328358208953,11,4,2025,1,3
12552.0,239,4101,12000.0,2.0,Birthday,1,0.0,0.0,200.0,500.0,0,0,9,0,0,1,2.9254022428083863,52.3,17.0875,5.826426133593369,12,4,2022,1,0
804.0,252,1608,26000.0,0.0,Corporate Event,4,0.0,0.0,200.0,400.0,1,0,6,0,1,1,16.159105034182723,3.177865612648221,6.355731225296442,15.661901802361717,7,3,2024,6,2
6716.0,42,3577,26000.0,0.0,Corporate Event,2,0.0,0.0,100.0,200.0,1,0,4,0,0,1,7.266629401900503,156.1860465116279,83.18604651162791,1.1738401341531581,5,2,2025,2,1
8693.0,229,3480,21000.0,20.0,Wedding,5,0.0,0.0,300.0,500.0,2,2,17,0,0,0,6.032749209997127,37.79565217391304,15.130434782608695,6.578569376615915,3,1,2024,2,1
5761.0,126,4896,17000.0,7.0,Wedding,1,0.0,0.0,100.0,200.0,2,1,18,0,0,1,3.471513171329385,45.36220472440945,38.55118110236221,2.5730038799264854,5,2,2022,6,1
3243.0,229,3480,17000.0,10.0,Wedding,4,0.0,0.0,100.0,200.0,2,1,4,0,0,2,4.883654122378627,14.1,15.130434782608695,6.578569376615915,7,3,2023,1,2
9070.0,298,962,15000.0,0.0,Birthday,3,0.0,0.0,100.0,200.0,0,0,4,0,0,2,15.576323987538942,30.334448160535118,3.217391304347826,30.944963655244027,10,4,2025,0,3
10795.0,155,66,19000.0,10.0,Birthday,5,0.0,0.0,200.0,500.0,0,0,11,0,0,0,283.5820895522388,69.19871794871794,0.4230769230769231,231.34328358208953,8,3,2024,3,2
6855.0,42,3577,20000.0,20.0,Birthday,5,0.0,0.0,300.0,500.0,0,2,17,0,0,1,5.589714924538849,159.41860465116278,83.18604651162791,1.1738401341531581,1,1,2024,2,0
11696.0,203,1258,19000.0,11.0,Birthday,4,0.0,0.0,200.0,400.0,0,1,0,0,1,1,15.091342335186656,57.333333333333336,6.166666666666667,16.12390786338364,1,1,2023,6,0
5530.0,239,4101,26000.0,20.0,Birthday,3,0.0,0.0,300.0,500.0,0,2,17,0,0,0,6.338371526084837,23.041666666666668,17.0875,5.826426133593369,11,4,2025,1,3
1584.0,298,962,12000.0,0.0,Corporate Event,2,0.0,0.0,100.0,200.0,1,2,15,0,0,2,12.461059190031152,5.297658862876254,3.217391304347826,30.944963655244027,12,4,2025,4,0
13830.0,155,66,22000.0,2.0,Birthday,1,0.0,0.0,200.0,400.0,0,2,13,0,1,1,328.35820895522386,88.65384615384616,0.4230769230769231,231.34328358208953,7,3,2023,5,2
14632.0,239,4101,21000.0,16.0,Birthday,2,0.0,0.0,200.0,400.0,0,2,8,0,1,1,5.1194539249146755,60.96666666666667,17.0875,5.826426133593369,3,1,2022,3,1
23810.0,155,66,25000.0,2.0,Corporate Event,3,0.0,0.0,200.0,400.0,1,0,1,0,1,0,373.13432835820896,152.62820512820514,0.4230769230769231,231.34328358208953,5,2,2024,1,1
13304.0,298,962,17000.0,14.0,Birthday,2,0.0,0.0,300.0,500.0,0,1,10,0,1,2,17.653167185877468,44.49498327759197,3.217391304347826,30.944963655244027,5,2,2024,2,1
8586.0,155,66,22000.0,2.0,Corporate Event,2,0.0,0.0,300.0,500.0,1,2,10,0,1,2,328.35820895522386,55.03846153846154,0.4230769230769231,231.34328358208953,10,4,2023,6,3
14674.0,249,22215,12000.0,12.0,Corporate Event,1,0.0,0.0,200.0,500.0,1,1,9,0,0,1,0.5401512423478574,58.696,88.86,1.120813827871804,8,3,2024,2,2
1402.0,42,3577,17000.0,0.0,Corporate Event,3,0.0,0.0,100.0,200.0,1,0,3,0,0,1,4.751257685858021,32.604651162790695,83.18604651162791,1.1738401341531581,9,3,2025,4,3
7640.0,42,3577,24000.0,0.0,Wedding,5,0.0,0.0,300.0,500.0,2,0,16,0,1,2,6.707657909446619,177.67441860465115,83.18604651162791,1.1738401341531581,11,4,2023,4,3
7539.0,249,22215,17000.0,3.0,Birthday,3,0.0,0.0,100.0,200.0,0,0,18,0,0,2,0.765214259992798,30.156,88.86,1.120813827871804,10,4,2025,6,3
6932.0,42,3577,17000.0,7.0,Wedding,5,0.0,0.0,300.0,500.0,2,0,5,0,1,1,4.751257685858021,161.2093023255814,83.18604651162791,1.1738401341531581,1,1,2024,3,0
6877.0,155,66,17000.0,10.0,Wedding,5,0.0,0.0,200.0,400.0,2,2,0,0,1,0,253.73134328358208,44.083333333333336,0.4230769230769231,231.34328358208953,1,1,2022,1,0
5957.0,203,1258,23000.0,0.0,Corporate Event,3,0.0,0.0,100.0,200.0,1,2,3,0,0,2,18.268467037331217,29.20098039215686,6.166666666666667,16.12390786338364,3,1,2022,5,1
8976.0,126,4896,12000.0,20.0,Corporate Event,4,0.0,0.0,300.0,500.0,1,2,17,0,0,0,2.450479885644272,70.67716535433071,38.55118110236221,2.5730038799264854,6,2,2024,0,2
1105.0,203,1258,26000.0,5.0,Corporate Event,5,0.0,0.0,300.0,500.0,1,1,5,0,1,0,20.651310563939635,5.416666666666667,6.166666666666667,16.12390786338364,6,2,2025,4,2
9344.0,203,1258,12000.0,12.0,Corporate Event,3,0.0,0.0,200.0,500.0,1,1,9,0,0,2,9.531374106433677,45.80392156862745,6.166666666666667,16.12390786338364,4,2,2024,0,1
13419.0,249,22215,19000.0,10.0,Wedding,2,0.0,0.0,100.0,200.0,2,1,4,0,0,2,0.8552394670507742,53.676,88.86,1.120813827871804,10,4,2023,5,3
8221.0,203,1417,13000.0,20.0,Wedding,5,0.0,0.0,300.0,500.0,2,2,17,0,0,2,9.16784203102962,40.299019607843135,6.946078431372549,14.315937940761636,4,2,2025,2,1
6285.0,239,4101,22000.0,20.0,Corporate Event,2,0.0,0.0,200.0,400.0,1,2,8,0,1,0,5.363237445148708,26.1875,17.0875,5.826426133593369,6,2,2025,4,2
881.0,155,66,19000.0,8.0,Corporate Event,3,0.0,0.0,100.0,200.0,1,2,18,0,0,0,283.5820895522388,5.647435897435898,0.4230769230769231,231.34328358208953,11,4,2025,4,3
9406.0,298,962,25000.0,20.0,Wedding,1,0.0,0.0,300.0,500.0,2,2,17,0,0,1,25.96053997923157,31.45819397993311,3.217391304347826,30.944963655244027,5,2,2025,3,1
7111.0,249,22215,15000.0,4.0,Wedding,1,0.0,0.0,300.0,500.0,2,0,2,0,1,0,0.6751890529348218,28.444,88.86,1.120813827871804,5,2,2022,5,1
11461.0,126,4896,19000.0,4.0,Corporate Event,5,0.0,0.0,300.0,500.0,1,1,17,0,0,1,3.8799264856034306,90.24409448818898,38.55118110236221,2.5730038799264854,8,3,2023,5,2
4940.0,203,1417,12000.0,7.0,Corporate Event,5,0.0,0.0,100.0,200.0,1,2,4,0,0,2,8.46262341325811,24.215686274509803,6.946078431372549,14.315937940761636,5,2,2023,1,1
10253.0,203,1258,24000.0,1.0,Birthday,4,0.0,0.0,100.0,200.0,0,2,15,0,0,2,19.062748212867355,50.259803921568626,6.166666666666667,16.12390786338364,11,4,2024,0,3
6403.0,298,962,26000.0,0.0,Wedding,1,0.0,0.0,200.0,400.0,2,0,7,0,1,1,26.99896157840083,21.414715719063544,3.217391304347826,30.944963655244027,11,4,2022,2,3
2003.0,42,3577,19000.0,8.0,Corporate Event,2,0.0,0.0,100.0,200.0,1,2,18,0,0,2,5.310229178311906,46.58139534883721,83.18604651162791,1.1738401341531581,3,1,2024,6,1
7725.0,202,1983,22000.0,2.0,Corporate Event,4,0.0,0.0,200.0,400.0,1,2,7,0,1,0,11.088709677419354,38.05418719211823,9.768472906403941,10.181451612903226,12,4,2024,4,0
13333.0,203,1258,12000.0,9.0,Birthday,4,0.0,0.0,300.0,500.0,0,2,5,0,1,1,9.531374106433677,65.3578431372549,6.166666666666667,16.12390786338364,7,3,2024,0,2
1386.0,176,3661,19000.0,14.0,Wedding,2,0.0,0.0,300.0,500.0,2,1,10,0,1,2,5.188421627525942,7.830508474576271,20.683615819209038,4.8061168760240305,12,4,2022,2,0
2194.0,42,3577,19000.0,3.0,Birthday,1,0.0,0.0,100.0,200.0,0,0,18,0,0,1,5.310229178311906,51.02325581395349,83.18604651162791,1.1738401341531581,6,2,2023,2,2
8991.0,229,3480,21000.0,8.0,Birthday,2,0.0,0.0,300.0,500.0,0,2,2,0,1,0,6.032749209997127,39.09130434782609,15.130434782608695,6.578569376615915,10,4,2023,1,3
2975.0,176,3661,15000.0,0.0,Birthday,4,0.0,0.0,100.0,200.0,0,0,4,0,0,0,4.09612233752048,16.807909604519775,20.683615819209038,4.8061168760240305,6,2,2025,2,2
9080.0,203,1417,20000.0,5.0,Birthday,4,0.0,0.0,100.0,200.0,0,1,3,0,0,0,14.104372355430183,44.509803921568626,6.946078431372549,14.315937940761636,11,4,2024,3,3
11726.0,203,1258,20000.0,16.0,Wedding,4,0.0,0.0,200.0,500.0,2,2,9,0,0,0,15.885623510722796,57.48039215686274,6.166666666666667,16.12390786338364,3,1,2024,5,1
6731.0,298,962,26000.0,10.0,Birthday,5,0.0,0.0,100.0,200.0,0,1,4,0,0,0,26.99896157840083,22.51170568561873,3.217391304347826,30.944963655244027,4,2,2022,4,1
10084.0,298,962,24000.0,2.0,Wedding,5,0.0,0.0,200.0,400.0,2,2,7,0,1,1,24.922118380062305,33.725752508361204,3.217391304347826,30.944963655244027,1,1,2022,1,0
10162.0,249,22215,26000.0,16.0,Corporate Event,4,0.0,0.0,200.0,400.0,1,2,13,0,1,2,1.1703276917536911,40.648,88.86,1.120813827871804,12,4,2022,5,0
3626.0,229,3480,13000.0,11.0,Wedding,4,0.0,0.0,200.0,400.0,2,1,0,0,1,2,3.7345590347601263,15.765217391304347,15.130434782608695,6.578569376615915,2,1,2024,5,0
13066.0,298,962,23000.0,14.0,Wedding,3,0.0,0.0,300.0,500.0,2,1,10,0,1,0,23.883696780893043,43.69899665551839,3.217391304347826,30.944963655244027,12,4,2025,2,0
7496.0,176,3661,25000.0,12.0,Birthday,5,0.0,0.0,200.0,500.0,0,1,9,0,0,2,6.826870562534134,42.35028248587571,20.683615819209038,4.8061168760240305,5,2,2022,3,1
4508.0,126,4896,13000.0,2.0,Corporate Event,1,0.0,0.0,200.0,400.0,1,2,7,0,1,1,2.6546865427812945,35.496062992125985,38.55118110236221,2.5730038799264854,12,4,2024,1,0
4923.0,203,1417,24000.0,11.0,Wedding,2,0.0,0.0,200.0,400.0,2,1,0,0,1,2,16.92524682651622,24.13235294117647,6.946078431372549,14.315937940761636,7,3,2025,4,2
5993.0,126,4896,22000.0,16.0,Birthday,5,0.0,0.0,200.0,500.0,0,2,11,0,0,2,4.492546457014499,47.188976377952756,38.55118110236221,2.5730038799264854,7,3,2024,2,2
116420.0,252,1608,24000.0,5.0,Wedding,5,0.0,0.0,300.0,500.0,2,1,5,0,1,2,14.916096954630206,460.15810276679844,6.355731225296442,15.661901802361717,2,1,2023,4,0
5074.0,229,3480,20000.0,0.0,Birthday,3,0.0,0.0,300.0,500.0,0,2,16,0,1,2,5.745475438092502,22.06086956521739,15.130434782608695,6.578569376615915,6,2,2024,5,2
2108.0,126,4896,22000.0,7.0,Wedding,2,0.0,0.0,100.0,200.0,2,0,15,0,0,0,4.492546457014499,16.598425196850393,38.55118110236221,2.5730038799264854,3,1,2025,5,1
3730.0,126,4896,24000.0,5.0,Wedding,2,0.0,0.0,300.0,500.0,2,1,16,0,1,0,4.900959771288544,29.37007874015748,38.55118110236221,2.5730038799264854,5,2,2024,3,1
3589.0,176,3661,24000.0,4.0,Birthday,5,0.0,0.0,200.0,400.0,0,2,1,0,1,2,6.553795740032769,20.27683615819209,20.683615819209038,4.8061168760240305,2,1,2025,4,0
7661.0,239,4101,24000.0,0.0,Corporate Event,3,0.0,0.0,200.0,400.0,1,0,13,0,1,0,5.850804485616773,31.920833333333334,17.0875,5.826426133593369,9,3,2024,2,3
4349.0,202,1983,20000.0,0.0,Birthday,3,0.0,0.0,200.0,400.0,0,0,0,0,1,2,10.080645161290322,21.423645320197043,9.768472906403941,10.181451612903226,2,1,2022,1,0
4004.0,239,4101,17000.0,16.0,Birthday,3,0.0,0.0,200.0,500.0,0,2,9,0,0,1,4.144319843978547,16.683333333333334,17.0875,5.826426133593369,7,3,2025,2,2
5118.0,203,1258,23000.0,10.0,Corporate Event,4,0.0,0.0,200.0,400.0,1,2,6,0,1,0,18.268467037331217,25.08823529411765,6.166666666666667,16.12390786338364,8,3,2025,0,2
11884.0,42,3577,17000.0,0.0,Corporate Event,1,0.0,0.0,200.0,400.0,1,0,6,0,1,1,4.751257685858021,276.3720930232558,83.18604651162791,1.1738401341531581,8,3,2022,5,2
13154.0,126,4896,17000.0,7.0,Birthday,4,0.0,0.0,300.0,500.0,0,0,5,0,1,0,3.471513171329385,103.5748031496063,38.55118110236221,2.5730038799264854,6,2,2023,2,2
5519.0,239,4101,25000.0,0.0,Corporate Event,2,0.0,0.0,200.0,400.0,1,0,6,0,1,2,6.094588005850804,22.995833333333334,17.0875,5.826426133593369,12,4,2023,6,0
2275.0,202,1983,13000.0,2.0,Birthday,1,0.0,0.0,200.0,400.0,0,2,7,0,1,2,6.55241935483871,11.206896551724139,9.768472906403941,10.181451612903226,9,3,2022,2,3
12519.0,202,1983,12000.0,7.0,Wedding,1,0.0,0.0,100.0,200.0,2,0,15,0,0,2,6.048387096774194,61.669950738916256,9.768472906403941,10.181451612903226,4,2,2025,1,1
10374.0,155,66,24000.0,3.0,Birthday,2,0.0,0.0,200.0,400.0,0,2,12,0,1,0,358.2089552238806,66.5,0.4230769230769231,231.34328358208953,3,1,2023,0,1
5200.0,202,1983,22000.0,10.0,Corporate Event,1,0.0,0.0,100.0,200.0,1,1,4,0,0,1,11.088709677419354,25.61576354679803,9.768472906403941,10.181451612903226,2,1,2022,2,0
125080.0,239,4101,15000.0,2.0,Birthday,5,0.0,0.0,300.0,500.0,0,2,2,0,1,0,3.6567528035104826,521.1666666666666,17.0875,5.826426133593369,11,4,2023,6,3
12875.0,298,962,17000.0,9.0,Wedding,4,0.0,0.0,200.0,400.0,2,1,6,0,1,0,17.653167185877468,43.06020066889632,3.217391304347826,30.944963655244027,8,3,2024,0,2
6482.0,252,1608,15000.0,10.0,Wedding,3,0.0,0.0,100.0,200.0,2,1,4,0,0,2,9.322560596643878,25.620553359683793,6.355731225296442,15.661901802361717,1,1,2023,1,0
2808.0,249,22215,19000.0,0.0,Corporate Event,2,0.0,0.0,100.0,200.0,1,0,4,0,0,1,0.8552394670507742,11.232,88.86,1.120813827871804,3,1,2022,2,1
4928.0,298,962,22000.0,9.0,Corporate Event,5,0.0,0.0,200.0,400.0,1,1,6,0,1,0,22.84527518172378,16.48160535117057,3.217391304347826,30.944963655244027,11,4,2022,3,3
12978.0,155,66,22000.0,9.0,Birthday,1,0.0,0.0,200.0,400.0,0,1,6,0,1,0,328.35820895522386,83.1923076923077,0.4230769230769231,231.34328358208953,7,3,2025,3,2
7396.0,203,1258,23000.0,14.0,Birthday,5,0.0,0.0,300.0,500.0,0,1,10,0,1,0,18.268467037331217,36.254901960784316,6.166666666666667,16.12390786338364,2,1,2022,0,0
7515.0,252,1608,20000.0,9.0,Birthday,1,0.0,0.0,300.0,500.0,0,2,5,0,1,2,12.430080795525171,29.703557312252965,6.355731225296442,15.661901802361717,1,1,2022,0,0
10768.0,298,962,25000.0,2.0,Wedding,4,0.0,0.0,100.0,200.0,2,2,4,0,0,1,25.96053997923157,36.013377926421406,3.217391304347826,30.944963655244027,1,1,2022,2,0
8423.0,249,22215,23000.0,0.0,Birthday,5,0.0,0.0,300.0,500.0,0,0,17,0,0,1,1.0352898811667266,33.692,88.86,1.120813827871804,6,2,2022,3,2
5707.0,229,3480,22000.0,3.0,Wedding,5,0.0,0.0,200.0,400.0,2,1,12,0,1,2,6.320022981901753,24.81304347826087,15.130434782608695,6.578569376615915,3,1,2025,0,1
4834.0,155,66,25000.0,8.0,Birthday,1,0.0,0.0,100.0,200.0,0,2,18,0,0,1,373.13432835820896,30.987179487179485,0.4230769230769231,231.34328358208953,12,4,2023,2,0
13190.0,203,1417,15000.0,0.0,Corporate Event,1,0.0,0.0,100.0,200.0,1,1,15,0,0,1,10.578279266572638,64.65686274509804,6.946078431372549,14.315937940761636,3,1,2024,3,1
1210.0,203,1417,21000.0,8.0,Birthday,2,0.0,0.0,100.0,200.0,0,2,18,0,0,0,14.809590973201692,5.931372549019608,6.946078431372549,14.315937940761636,4,2,2023,1,1
6123.0,298,962,23000.0,2.0,Corporate Event,5,0.0,0.0,200.0,400.0,1,2,12,0,1,0,23.883696780893043,20.47826086956522,3.217391304347826,30.944963655244027,11,4,2025,2,3
3897.0,42,3577,17000.0,10.0,Birthday,3,0.0,0.0,200.0,400.0,0,2,6,0,1,2,4.751257685858021,90.62790697674419,83.18604651162791,1.1738401341531581,12,4,2022,3,0
2385.0,298,962,26000.0,2.0,Corporate Event,5,0.0,0.0,200.0,400.0,1,2,7,0,1,1,26.99896157840083,7.976588628762542,3.217391304347826,30.944963655244027,12,4,2025,1,0
2754.0,239,4101,26000.0,13.0,Birthday,2,0.0,0.0,200.0,400.0,0,1,8,0,1,0,6.338371526084837,11.475,17.0875,5.826426133593369,8,3,2024,5,2
8770.0,176,3661,24000.0,10.0,Corporate Event,4,0.0,0.0,100.0,200.0,1,2,3,0,0,2,6.553795740032769,49.548022598870055,20.683615819209038,4.8061168760240305,3,1,2023,3,1
13159.0,252,1608,26000.0,10.0,Birthday,4,0.0,0.0,300.0,500.0,0,0,10,0,1,1,16.159105034182723,52.01185770750988,6.355731225296442,15.661901802361717,7,3,2022,5,2
1277.0,202,1983,26000.0,2.0,Birthday,3,0.0,0.0,200.0,400.0,0,2,12,0,1,2,13.10483870967742,6.29064039408867,9.768472906403941,10.181451612903226,11,4,2023,4,3
7475.0,252,1608,23000.0,16.0,Corporate Event,5,0.0,0.0,200.0,400.0,1,2,8,0,1,0,14.294592914853947,29.545454545454547,6.355731225296442,15.661901802361717,5,2,2024,5,1
12711.0,229,3480,17000.0,10.0,Corporate Event,1,0.0,0.0,200.0,400.0,1,2,0,0,1,2,4.883654122378627,55.26521739130435,15.130434782608695,6.578569376615915,4,2,2022,4,1
3364.0,42,3577,13000.0,0.0,Birthday,4,0.0,0.0,200.0,400.0,0,0,0,0,1,1,3.6333147009502516,78.23255813953489,83.18604651162791,1.1738401341531581,12,4,2022,1,0
4578.0,203,1258,22000.0,16.0,Corporate Event,5,0.0,0.0,200.0,500.0,1,2,11,0,0,1,17.474185861795075,22.441176470588236,6.166666666666667,16.12390786338364,1,1,2023,4,0
629.0,176,3661,17000.0,7.0,Wedding,3,0.0,0.0,300.0,500.0,2,0,5,0,1,0,4.642271982523211,3.553672316384181,20.683615819209038,4.8061168760240305,8,3,2025,4,2
4649.0,203,1258,22000.0,3.0,Birthday,1,0.0,0.0,200.0,400.0,0,1,12,0,1,2,17.474185861795075,22.78921568627451,6.166666666666667,16.12390786338364,7,3,2024,3,2
2709.0,229,3480,17000.0,6.0,Wedding,5,0.0,0.0,200.0,400.0,2,1,7,0,1,0,4.883654122378627,11.778260869565218,15.130434782608695,6.578569376615915,6,2,2025,4,2
4759.0,176,3661,21000.0,14.0,Birthday,5,0.0,0.0,300.0,500.0,0,1,10,0,1,0,5.734571272528673,26.887005649717516,20.683615819209038,4.8061168760240305,12,4,2025,0,0
11328.0,249,22215,25000.0,10.0,Corporate Event,2,0.0,0.0,200.0,500.0,1,0,11,0,0,0,1.125315088224703,45.312,88.86,1.120813827871804,3,1,2025,5,1
10929.0,252,1608,24000.0,2.0,Wedding,4,0.0,0.0,200.0,400.0,2,2,13,0,1,2,14.916096954630206,43.19762845849802,6.355731225296442,15.661901802361717,5,2,2025,4,1
1304.0,176,3661,26000.0,15.0,Corporate Event,1,0.0,0.0,200.0,400.0,1,1,1,0,1,0,7.099945385035499,7.367231638418079,20.683615819209038,4.8061168760240305,1,1,2025,6,0
2996.0,252,1608,26000.0,3.0,Birthday,5,0.0,0.0,100.0,200.0,0,0,18,0,0,2,16.159105034182723,11.84189723320158,6.355731225296442,15.661901802361717,5,2,2024,5,1
5185.0,202,1983,17000.0,18.0,Corporate Event,5,0.0,0.0,200.0,400.0,1,0,8,0,1,2,8.568548387096774,25.541871921182267,9.768472906403941,10.181451612903226,7,3,2022,1,2
6640.0,249,22215,20000.0,2.0,Corporate Event,4,0.0,0.0,300.0,500.0,1,2,10,0,1,2,0.9002520705797623,26.56,88.86,1.120813827871804,11,4,2025,1,3
3897.0,126,4896,19000.0,0.0,Birthday,3,0.0,0.0,100.0,200.0,0,2,3,0,0,2,3.8799264856034306,30.68503937007874,38.55118110236221,2.5730038799264854,9,3,2022,4,3
307.0,203,1417,25000.0,0.0,Corporate Event,3,0.0,0.0,100.0,200.0,1,2,15,0,0,2,17.63046544428773,1.5049019607843137,6.946078431372549,14.315937940761636,5,2,2025,6,1
8235.0,176,3661,19000.0,8.0,Birthday,1,0.0,0.0,300.0,500.0,0,2,2,0,1,0,5.188421627525942,46.52542372881356,20.683615819209038,4.8061168760240305,10,4,2022,5,3
4573.0,249,22215,19000.0,3.0,Wedding,1,0.0,0.0,200.0,500.0,2,2,9,0,0,2,0.8552394670507742,18.292,88.86,1.120813827871804,12,4,2024,6,0
1861.0,298,962,15000.0,4.0,Wedding,3,0.0,0.0,300.0,500.0,2,2,5,0,1,2,15.576323987538942,6.224080267558528,3.217391304347826,30.944963655244027,11,4,2023,1,3
14977.0,249,22215,20000.0,4.0,Wedding,5,0.0,0.0,100.0,200.0,2,2,18,0,0,0,0.9002520705797623,59.908,88.86,1.120813827871804,9,3,2025,0,3
4569.0,126,4896,22000.0,7.0,Corporate Event,4,0.0,0.0,300.0,500.0,1,0,5,0,1,2,4.492546457014499,35.976377952755904,38.55118110236221,2.5730038799264854,12,4,2024,0,0
6424.0,155,66,19000.0,14.0,Wedding,2,0.0,0.0,300.0,500.0,2,1,10,0,1,0,283.5820895522388,41.17948717948718,0.4230769230769231,231.34328358208953,4,2,2022,4,1
8469.0,155,66,17000.0,2.0,Wedding,2,0.0,0.0,200.0,400.0,2,2,13,0,1,2,253.73134328358208,54.28846153846154,0.4230769230769231,231.34328358208953,4,2,2022,2,1
13382.0,126,4896,12000.0,0.0,Birthday,1,0.0,0.0,200.0,500.0,0,2,11,0,0,2,2.450479885644272,105.37007874015748,38.55118110236221,2.5730038799264854,2,1,2024,1,0
6076.0,298,962,20000.0,2.0,Wedding,2,0.0,0.0,200.0,400.0,2,2,7,0,1,1,20.768431983385256,20.321070234113712,3.217391304347826,30.944963655244027,8,3,2025,6,2
1637.0,203,1258,23000.0,0.0,Corporate Event,2,0.0,0.0,200.0,400.0,1,1,13,0,1,0,18.268467037331217,8.02450980392157,6.166666666666667,16.12390786338364,3,1,2025,2,1
80380.0,155,66,24000.0,14.0,Birthday,4,0.0,0.0,200.0,400.0,0,2,0,0,1,1,358.2089552238806,515.2564102564103,0.4230769230769231,231.34328358208953,12,4,2024,3,0
14507.0,203,1417,15000.0,7.0,Birthday,2,0.0,0.0,300.0,500.0,0,0,5,0,1,2,10.578279266572638,71.11274509803921,6.946078431372549,14.315937940761636,8,3,2025,5,2
12648.0,239,4101,15000.0,4.0,Wedding,2,0.0,0.0,100.0,200.0,2,2,18,0,0,0,3.6567528035104826,52.7,17.0875,5.826426133593369,5,2,2023,4,1
1732.0,298,962,15000.0,2.0,Wedding,2,0.0,0.0,200.0,400.0,2,2,7,0,1,2,15.576323987538942,5.792642140468227,3.217391304347826,30.944963655244027,6,2,2022,6,2
4727.0,176,3661,21000.0,10.0,Corporate Event,2,0.0,0.0,100.0,200.0,1,2,3,0,0,2,5.734571272528673,26.706214689265536,20.683615819209038,4.8061168760240305,3,1,2023,5,1
2108.0,202,1983,17000.0,9.0,Corporate Event,5,0.0,0.0,300.0,500.0,1,1,14,0,1,1,8.568548387096774,10.38423645320197,9.768472906403941,10.181451612903226,1,1,2024,6,0
12016.0,229,3480,19000.0,7.0,Corporate Event,5,0.0,0.0,100.0,200.0,1,2,4,0,0,2,5.458201666187877,52.243478260869566,15.130434782608695,6.578569376615915,11,4,2024,5,3
6474.0,176,3661,13000.0,7.0,Wedding,1,0.0,0.0,300.0,500.0,2,2,10,0,1,1,3.5499726925177497,36.57627118644068,20.683615819209038,4.8061168760240305,4,2,2025,3,1
13739.0,249,22215,15000.0,7.0,Corporate Event,5,0.0,0.0,100.0,200.0,1,0,15,0,0,2,0.6751890529348218,54.956,88.86,1.120813827871804,4,2,2023,6,1
6974.0,176,3661,21000.0,20.0,Corporate Event,3,0.0,0.0,300.0,500.0,1,2,17,0,0,0,5.734571272528673,39.40112994350282,20.683615819209038,4.8061168760240305,1,1,2022,0,0
10160.0,249,22215,21000.0,10.0,Birthday,4,0.0,0.0,100.0,200.0,0,2,3,0,0,0,0.9452646741087505,40.64,88.86,1.120813827871804,1,1,2025,3,0
11230.0,239,4101,13000.0,7.0,Corporate Event,1,0.0,0.0,300.0,500.0,1,0,5,0,1,2,3.1691857630424183,46.791666666666664,17.0875,5.826426133593369,4,2,2024,5,1
375.0,298,962,15000.0,10.0,Wedding,4,0.0,0.0,200.0,500.0,2,0,11,0,0,1,15.576323987538942,1.254180602006689,3.217391304347826,30.944963655244027,12,4,2025,2,0
7390.0,155,66,19000.0,9.0,Wedding,2,0.0,0.0,300.0,500.0,2,2,5,0,1,2,283.5820895522388,47.37179487179487,0.4230769230769231,231.34328358208953,12,4,2024,5,0
13281.0,202,1983,20000.0,2.0,Birthday,5,0.0,0.0,300.0,500.0,0,2,2,0,1,0,10.080645161290322,65.42364532019704,9.768472906403941,10.181451612903226,5,2,2024,6,1
9860.0,202,1983,20000.0,4.0,Wedding,3,0.0,0.0,100.0,200.0,2,2,18,0,0,2,10.080645161290322,48.57142857142857,9.768472906403941,10.181451612903226,1,1,2023,6,0
6518.0,42,3577,22000.0,7.0,Wedding,2,0.0,0.0,100.0,200.0,2,2,4,0,0,0,6.148686416992733,151.58139534883722,83.18604651162791,1.1738401341531581,11,4,2023,4,3
11796.0,298,962,23000.0,10.0,Birthday,2,0.0,0.0,200.0,400.0,0,2,6,0,1,0,23.883696780893043,39.45150501672241,3.217391304347826,30.944963655244027,12,4,2025,0,0
6522.0,203,1258,17000.0,3.0,Corporate Event,4,0.0,0.0,200.0,400.0,1,2,12,0,1,0,13.502779984114376,31.970588235294116,6.166666666666667,16.12390786338364,6,2,2025,5,2
5546.0,203,1258,22000.0,7.0,Corporate Event,5,0.0,0.0,300.0,500.0,1,0,5,0,1,2,17.474185861795075,27.186274509803923,6.166666666666667,16.12390786338364,2,1,2024,5,0
8756.0,203,1258,25000.0,6.0,Birthday,5,0.0,0.0,200.0,400.0,0,1,7,0,1,0,19.857029388403493,42.92156862745098,6.166666666666667,16.12390786338364,3,1,2025,4,1
8945.0,202,1983,25000.0,4.0,Wedding,3,0.0,0.0,100.0,200.0,2,2,18,0,0,0,12.600806451612904,44.064039408866996,9.768472906403941,10.181451612903226,5,2,2022,3,1
1868.0,155,66,25000.0,7.0,Birthday,2,0.0,0.0,300.0,500.0,0,0,5,0,1,1,373.13432835820896,11.974358974358974,0.4230769230769231,231.34328358208953,2,1,2025,3,0
111660.0,298,962,17000.0,0.0,Birthday,3,0.0,0.0,200.0,400.0,0,0,12,0,1,0,17.653167185877468,373.4448160535117,3.217391304347826,30.944963655244027,10,4,2024,4,3
11260.0,155,66,13000.0,2.0,Wedding,2,0.0,0.0,100.0,200.0,2,2,4,0,0,0,194.02985074626866,72.17948717948718,0.4230769230769231,231.34328358208953,7,3,2025,4,2
570.0,42,3577,22000.0,4.0,Corporate Event,4,0.0,0.0,300.0,500.0,1,0,2,0,1,1,6.148686416992733,13.255813953488373,83.18604651162791,1.1738401341531581,8,3,2023,5,2
3859.0,203,1258,23000.0,0.0,Wedding,1,0.0,0.0,300.0,500.0,2,2,16,0,1,2,18.268467037331217,18.916666666666668,6.166666666666667,16.12390786338364,12,4,2024,2,0
11750.0,252,1608,22000.0,3.0,Corporate Event,4,0.0,0.0,200.0,500.0,1,1,11,0,0,2,13.673088875077688,46.44268774703557,6.355731225296442,15.661901802361717,11,4,2022,4,3
1725.0,203,1258,22000.0,0.0,Corporate Event,1,0.0,0.0,200.0,500.0,1,2,11,0,0,2,17.474185861795075,8.455882352941176,6.166666666666667,16.12390786338364,4,2,2025,3,1
12945.0,155,66,22000.0,2.0,Corporate Event,5,0.0,0.0,200.0,400.0,1,2,7,0,1,1,328.35820895522386,82.98076923076923,0.4230769230769231,231.34328358208953,1,1,2023,3,0
5240.0,155,66,13000.0,2.0,Corporate Event,5,0.0,0.0,200.0,400.0,1,2,7,0,1,2,194.02985074626866,33.58974358974359,0.4230769230769231,231.34328358208953,12,4,2022,3,0
5843.0,203,1417,20000.0,5.0,Corporate Event,1,0.0,0.0,300.0,500.0,1,2,14,0,1,0,14.104372355430183,28.642156862745097,6.946078431372549,14.315937940761636,4,2,2022,5,1
9917.0,249,22215,17000.0,0.0,Birthday,5,0.0,0.0,100.0,200.0,0,0,3,0,0,1,0.765214259992798,39.668,88.86,1.120813827871804,2,1,2025,0,0
5412.0,42,3577,24000.0,3.0,Corporate Event,4,0.0,0.0,200.0,500.0,1,1,11,0,0,1,6.707657909446619,125.86046511627907,83.18604651162791,1.1738401341531581,9,3,2022,4,3
7858.0,249,22215,20000.0,0.0,Corporate Event,4,0.0,0.0,200.0,400.0,1,2,6,0,1,1,0.9002520705797623,31.432,88.86,1.120813827871804,3,1,2022,5,1
14994.0,176,3661,19000.0,3.0,Wedding,5,0.0,0.0,200.0,500.0,2,2,9,0,0,1,5.188421627525942,84.71186440677967,20.683615819209038,4.8061168760240305,12,4,2025,0,0
10483.0,229,3480,13000.0,11.0,Corporate Event,3,0.0,0.0,200.0,400.0,1,1,0,0,1,0,3.7345590347601263,45.57826086956522,15.130434782608695,6.578569376615915,9,3,2025,5,3
12825.0,203,1417,25000.0,0.0,Corporate Event,1,0.0,0.0,200.0,400.0,1,0,7,0,1,1,17.63046544428773,62.86764705882353,6.946078431372549,14.315937940761636,5,2,2022,3,1
3073.0,126,4896,25000.0,4.0,Wedding,5,0.0,0.0,300.0,500.0,2,0,2,0,1,1,5.105166428425567,24.19685039370079,38.55118110236221,2.5730038799264854,6,2,2022,6,2
5056.0,252,1608,15000.0,16.0,Corporate Event,5,0.0,0.0,300.0,500.0,1,2,14,0,1,2,9.322560596643878,19.984189723320156,6.355731225296442,15.661901802361717,6,2,2025,5,2
12984.0,298,962,15000.0,4.0,Wedding,5,0.0,0.0,300.0,500.0,2,0,2,0,1,0,15.576323987538942,43.424749163879596,3.217391304347826,30.944963655244027,3,1,2022,3,1
11215.0,229,3480,15000.0,0.0,Wedding,3,0.0,0.0,100.0,200.0,2,0,3,0,0,1,4.309106578569376,48.76086956521739,15.130434782608695,6.578569376615915,6,2,2023,1,2
12449.0,203,1417,19000.0,7.0,Birthday,2,0.0,0.0,100.0,200.0,0,2,4,0,0,1,13.399153737658674,61.02450980392157,6.946078431372549,14.315937940761636,12,4,2022,6,0
12045.0,298,962,23000.0,3.0,Wedding,3,0.0,0.0,200.0,400.0,2,1,12,0,1,0,23.883696780893043,40.28428093645485,3.217391304347826,30.944963655244027,2,1,2025,1,0
6417.0,229,3480,26000.0,4.0,Corporate Event,4,0.0,0.0,300.0,500.0,1,2,5,0,1,0,7.469118069520253,27.9,15.130434782608695,6.578569376615915,9,3,2024,3,3
7749.0,252,1608,25000.0,14.0,Wedding,5,0.0,0.0,300.0,500.0,2,1,10,0,1,2,15.537600994406464,30.628458498023715,6.355731225296442,15.661901802361717,4,2,2022,0,1
5261.0,126,4896,15000.0,0.0,Corporate Event,1,0.0,0.0,200.0,500.0,1,2,11,0,0,1,3.06309985705534,41.425196850393704,38.55118110236221,2.5730038799264854,6,2,2022,5,2
663.0,176,3661,21000.0,2.0,Wedding,5,0.0,0.0,300.0,500.0,2,2,2,0,1,0,5.734571272528673,3.7457627118644066,20.683615819209038,4.8061168760240305,5,2,2022,0,1
12547.0,229,3480,15000.0,0.0,Corporate Event,5,0.0,0.0,200.0,400.0,1,1,13,0,1,0,4.309106578569376,54.552173913043475,15.130434782608695,6.578569376615915,11,4,2024,4,3
4663.0,229,3480,19000.0,0.0,Birthday,3,0.0,0.0,300.0,500.0,0,0,14,0,1,1,5.458201666187877,20.27391304347826,15.130434782608695,6.578569376615915,4,2,2022,0,1
14887.0,229,3480,26000.0,10.0,Corporate Event,2,0.0,0.0,200.0,400.0,1,2,0,0,1,1,7.469118069520253,64.72608695652174,15.130434782608695,6.578569376615915,12,4,2022,6,0
9942.0,252,1608,26000.0,12.0,Corporate Event,2,0.0,0.0,200.0,500.0,1,1,9,0,0,0,16.159105034182723,39.29644268774704,6.355731225296442,15.661901802361717,8,3,2023,0,2
2687.0,202,1983,12000.0,0.0,Birthday,1,0.0,0.0,200.0,400.0,0,0,0,0,1,1,6.048387096774194,13.236453201970443,9.768472906403941,10.181451612903226,10,4,2024,4,3
13986.0,42,3577,17000.0,0.0,Birthday,4,0.0,0.0,200.0,400.0,0,2,6,0,1,2,4.751257685858021,325.25581395348837,83.18604651162791,1.1738401341531581,7,3,2023,2,2
3945.0,203,1258,19000.0,10.0,Wedding,3,0.0,0.0,300.0,500.0,2,0,10,0,1,0,15.091342335186656,19.33823529411765,6.166666666666667,16.12390786338364,9,3,2024,4,3
11788.0,252,1608,19000.0,18.0,Corporate Event,3,0.0,0.0,200.0,400.0,1,0,8,0,1,2,11.808576755748913,46.59288537549407,6.355731225296442,15.661901802361717,1,1,2025,0,0
2305.0,42,3577,22000.0,2.0,Wedding,5,0.0,0.0,200.0,400.0,2,2,7,0,1,1,6.148686416992733,53.604651162790695,83.18604651162791,1.1738401341531581,7,3,2022,1,2
8407.0,202,1983,19000.0,20.0,Birthday,1,0.0,0.0,300.0,500.0,0,2,17,0,0,1,9.576612903225806,41.41379310344828,9.768472906403941,10.181451612903226,9,3,2025,0,3
1456.0,202,1983,13000.0,4.0,Corporate Event,2,0.0,0.0,200.0,400.0,1,2,1,0,1,2,6.55241935483871,7.172413793103448,9.768472906403941,10.181451612903226,2,1,2024,3,0
10345.0,252,1608,19000.0,10.0,Wedding,4,0.0,0.0,100.0,200.0,2,2,3,0,0,0,11.808576755748913,40.88932806324111,6.355731225296442,15.661901802361717,5,2,2024,1,1
9592.0,202,1983,21000.0,2.0,Birthday,2,0.0,0.0,200.0,400.0,0,2,12,0,1,2,10.584677419354838,47.251231527093594,9.768472906403941,10.181451612903226,1,1,2025,4,0
8108.0,203,1258,26000.0,0.0,Wedding,5,0.0,0.0,200.0,400.0,2,0,12,0,1,0,20.651310563939635,39.745098039215684,6.166666666666667,16.12390786338364,6,2,2022,5,2
4050.0,42,3577,26000.0,0.0,Corporate Event,2,0.0,0.0,100.0,200.0,1,0,4,0,0,1,7.266629401900503,94.18604651162791,83.18604651162791,1.1738401341531581,7,3,2023,4,2
5533.0,155,66,13000.0,10.0,Birthday,3,0.0,0.0,100.0,200.0,0,1,4,0,0,2,194.02985074626866,35.467948717948715,0.4230769230769231,231.34328358208953,2,1,2022,6,0
11135.0,203,1417,13000.0,0.0,Birthday,1,0.0,0.0,100.0,200.0,0,0,4,0,0,0,9.16784203102962,54.583333333333336,6.946078431372549,14.315937940761636,11,4,2025,5,3
10612.0,155,66,20000.0,4.0,Wedding,5,0.0,0.0,300.0,500.0,2,2,5,0,1,2,298.5074626865672,68.02564102564102,0.4230769230769231,231.34328358208953,4,2,2024,4,1
14445.0,252,1608,21000.0,0.0,Wedding,3,0.0,0.0,300.0,500.0,2,2,16,0,1,2,13.05158483530143,57.094861660079054,6.355731225296442,15.661901802361717,8,3,2022,5,2
10210.0,155,66,17000.0,7.0,Birthday,4,0.0,0.0,100.0,200.0,0,2,4,0,0,2,253.73134328358208,65.44871794871794,0.4230769230769231,231.34328358208953,3,1,2024,0,1
11809.0,176,3661,23000.0,0.0,Corporate Event,5,0.0,0.0,300.0,500.0,1,2,16,0,1,1,6.280720917531403,66.71751412429379,20.683615819209038,4.8061168760240305,7,3,2023,2,2
7953.0,202,1983,26000.0,0.0,Corporate Event,4,0.0,0.0,200.0,400.0,1,0,0,0,1,2,13.10483870967742,39.17733990147783,9.768472906403941,10.181451612903226,11,4,2024,4,3
3253.0,298,962,25000.0,4.0,Birthday,1,0.0,0.0,200.0,400.0,0,2,1,0,1,1,25.96053997923157,10.879598662207357,3.217391304347826,30.944963655244027,1,1,2024,2,0
1593.0,229,3480,15000.0,5.0,Wedding,1,0.0,0.0,100.0,200.0,2,1,3,0,0,1,4.309106578569376,6.926086956521739,15.130434782608695,6.578569376615915,11,4,2022,3,3
11065.0,239,4101,26000.0,8.0,Corporate Event,5,0.0,0.0,100.0,200.0,1,2,18,0,0,1,6.338371526084837,46.104166666666664,17.0875,5.826426133593369,1,1,2024,2,0
2163.0,203,1417,20000.0,20.0,Corporate Event,2,0.0,0.0,300.0,500.0,1,2,17,0,0,0,14.104372355430183,10.602941176470589,6.946078431372549,14.315937940761636,4,2,2022,5,1
14698.0,298,962,23000.0,16.0,Birthday,4,0.0,0.0,200.0,400.0,0,2,8,0,1,2,23.883696780893043,49.15719063545151,3.217391304347826,30.944963655244027,8,3,2024,6,2
4921.0,249,22215,26000.0,0.0,Corporate Event,1,0.0,0.0,300.0,500.0,1,0,17,0,0,1,1.1703276917536911,19.684,88.86,1.120813827871804,3,1,2022,4,1
2211.0,202,1983,19000.0,0.0,Birthday,1,0.0,0.0,300.0,500.0,0,2,16,0,1,1,9.576612903225806,10.891625615763546,9.768472906403941,10.181451612903226,3,1,2023,4,1
12800.0,203,1258,20000.0,6.0,Wedding,1,0.0,0.0,200.0,400.0,2,1,7,0,1,1,15.885623510722796,62.745098039215684,6.166666666666667,16.12390786338364,3,1,2022,5,1
12290.0,126,4896,20000.0,0.0,Wedding,3,0.0,0.0,100.0,200.0,2,2,3,0,0,2,4.084133142740454,96.77165354330708,38.55118110236221,2.5730038799264854,9,3,2025,2,3
2791.0,126,4896,25000.0,14.0,Wedding,4,0.0,0.0,300.0,500.0,2,1,10,0,1,1,5.105166428425567,21.976377952755904,38.55118110236221,2.5730038799264854,6,2,2025,0,2
11981.0,203,1417,13000.0,20.0,Corporate Event,1,0.0,0.0,300.0,500.0,1,2,17,0,0,0,9.16784203102962,58.73039215686274,6.946078431372549,14.315937940761636,7,3,2022,4,2
13761.0,203,1258,12000.0,0.0,Wedding,3,0.0,0.0,200.0,400.0,2,0,7,0,1,2,9.531374106433677,67.45588235294117,6.166666666666667,16.12390786338364,6,2,2025,3,2
1174.0,176,3661,25000.0,6.0,Birthday,5,0.0,0.0,200.0,400.0,0,1,7,0,1,1,6.826870562534134,6.632768361581921,20.683615819209038,4.8061168760240305,5,2,2025,4,1
8321.0,229,3480,19000.0,7.0,Birthday,1,0.0,0.0,300.0,500.0,0,2,10,0,1,1,5.458201666187877,36.178260869565214,15.130434782608695,6.578569376615915,7,3,2022,4,2
5240.0,249,22215,13000.0,9.0,Corporate Event,4,0.0,0.0,200.0,400.0,1,1,6,0,1,2,0.5851638458768456,20.96,88.86,1.120813827871804,10,4,2022,1,3
2387.0,249,22215,24000.0,0.0,Corporate Event,3,0.0,0.0,100.0,200.0,1,0,4,0,0,2,1.0803024846957148,9.548,88.86,1.120813827871804,10,4,2022,0,3
7892.0,176,3661,19000.0,3.0,Wedding,4,0.0,0.0,200.0,500.0,2,1,11,0,0,0,5.188421627525942,44.58757062146893,20.683615819209038,4.8061168760240305,12,4,2024,1,0
3139.0,155,66,21000.0,2.0,Birthday,2,0.0,0.0,100.0,200.0,0,2,4,0,0,1,313.43283582089555,20.121794871794872,0.4230769230769231,231.34328358208953,6,2,2022,6,2
1094.0,249,22215,25000.0,3.0,Wedding,1,0.0,0.0,200.0,500.0,2,2,9,0,0,0,1.125315088224703,4.376,88.86,1.120813827871804,3,1,2025,5,1
4679.0,252,1608,19000.0,8.0,Wedding,1,0.0,0.0,100.0,200.0,2,2,18,0,0,1,11.808576755748913,18.49407114624506,6.355731225296442,15.661901802361717,7,3,2024,6,2
14625.0,203,1258,12000.0,5.0,Wedding,2,0.0,0.0,300.0,500.0,2,1,5,0,1,1,9.531374106433677,71.69117647058823,6.166666666666667,16.12390786338364,3,1,2025,1,1
3413.0,203,1258,19000.0,2.0,Wedding,2,0.0,0.0,300.0,500.0,2,2,2,0,1,2,15.091342335186656,16.730392156862745,6.166666666666667,16.12390786338364,2,1,2023,1,0
10660.0,252,1608,22000.0,0.0,Birthday,3,0.0,0.0,200.0,400.0,0,0,6,0,1,2,13.673088875077688,42.134387351778656,6.355731225296442,15.661901802361717,8,3,2022,2,2
9647.0,298,962,23000.0,14.0,Birthday,1,0.0,0.0,200.0,400.0,0,2,0,0,1,2,23.883696780893043,32.264214046822744,3.217391304347826,30.944963655244027,4,2,2022,3,1
1622.0,252,1608,23000.0,16.0,Wedding,4,0.0,0.0,200.0,400.0,2,2,13,0,1,0,14.294592914853947,6.41106719367589,6.355731225296442,15.661901802361717,11,4,2022,6,3
6312.0,252,1608,26000.0,9.0,Wedding,5,0.0,0.0,200.0,400.0,2,1,6,0,1,0,16.159105034182723,24.948616600790515,6.355731225296442,15.661901802361717,10,4,2023,6,3
11143.0,203,1417,12000.0,10.0,Birthday,5,0.0,0.0,200.0,400.0,0,2,0,0,1,2,8.46262341325811,54.622549019607845,6.946078431372549,14.315937940761636,4,2,2025,0,1
13831.0,126,4896,21000.0,18.0,Corporate Event,3,0.0,0.0,200.0,400.0,1,0,8,0,1,2,4.288339799877476,108.90551181102362,38.55118110236221,2.5730038799264854,5,2,2022,4,1
579.0,203,1417,23000.0,10.0,Wedding,5,0.0,0.0,200.0,400.0,2,2,6,0,1,1,16.22002820874471,2.838235294117647,6.946078431372549,14.315937940761636,7,3,2022,5,2
4969.0,126,4896,25000.0,9.0,Wedding,1,0.0,0.0,300.0,500.0,2,2,5,0,1,2,5.105166428425567,39.125984251968504,38.55118110236221,2.5730038799264854,8,3,2024,4,2
14486.0,203,1417,15000.0,20.0,Birthday,3,0.0,0.0,300.0,500.0,0,2,17,0,0,0,10.578279266572638,71.00980392156863,6.946078431372549,14.315937940761636,11,4,2023,5,3
1015.0,126,4896,21000.0,16.0,Birthday,2,0.0,0.0,300.0,500.0,0,2,14,0,1,2,4.288339799877476,7.9921259842519685,38.55118110236221,2.5730038799264854,9,3,2022,2,3
7275.0,252,1608,20000.0,4.0,Corporate Event,3,0.0,0.0,100.0,200.0,1,2,18,0,0,1,12.430080795525171,28.75494071146245,6.355731225296442,15.661901802361717,7,3,2023,0,2
96240.0,203,1417,12000.0,2.0,Corporate Event,4,0.0,0.0,200.0,500.0,1,0,9,0,0,1,8.46262341325811,471.7647058823529,6.946078431372549,14.315937940761636,1,1,2025,5,0
13572.0,155,66,22000.0,0.0,Birthday,5,0.0,0.0,200.0,400.0,0,0,12,0,1,1,328.35820895522386,87.0,0.4230769230769231,231.34328358208953,8,3,2025,3,2
2550.0,126,4896,23000.0,5.0,Birthday,3,0.0,0.0,300.0,500.0,0,1,16,0,1,2,4.696753114151521,20.078740157480315,38.55118110236221,2.5730038799264854,1,1,2024,4,0
11493.0,126,4896,13000.0,5.0,Corporate Event,5,0.0,0.0,300.0,500.0,1,1,5,0,1,1,2.6546865427812945,90.49606299212599,38.55118110236221,2.5730038799264854,9,3,2024,6,3
6544.0,155,66,20000.0,10.0,Wedding,5,0.0,0.0,200.0,400.0,2,2,6,0,1,0,298.5074626865672,41.94871794871795,0.4230769230769231,231.34328358208953,10,4,2023,4,3
11855.0,42,3577,12000.0,2.0,Birthday,2,0.0,0.0,200.0,400.0,0,2,13,0,1,2,3.3538289547233093,275.69767441860466,83.18604651162791,1.1738401341531581,3,1,2024,1,1
2937.0,202,1983,17000.0,5.0,Birthday,5,0.0,0.0,100.0,200.0,0,1,3,0,0,1,8.568548387096774,14.467980295566502,9.768472906403941,10.181451612903226,6,2,2023,0,2
8418.0,203,1258,17000.0,0.0,Corporate Event,4,0.0,0.0,200.0,400.0,1,1,13,0,1,0,13.502779984114376,41.26470588235294,6.166666666666667,16.12390786338364,11,4,2025,4,3
3045.0,249,22215,26000.0,13.0,Corporate Event,2,0.0,0.0,200.0,400.0,1,1,8,0,1,0,1.1703276917536911,12.18,88.86,1.120813827871804,6,2,2025,0,2
12916.0,252,1608,19000.0,15.0,Birthday,3,0.0,0.0,200.0,400.0,0,1,1,0,1,2,11.808576755748913,51.051383399209485,6.355731225296442,15.661901802361717,3,1,2024,6,1
4729.0,126,4896,22000.0,2.0,Corporate Event,4,0.0,0.0,100.0,200.0,1,2,4,0,0,0,4.492546457014499,37.23622047244095,38.55118110236221,2.5730038799264854,8,3,2023,6,2
2085.0,249,22215,23000.0,0.0,Wedding,1,0.0,0.0,200.0,400.0,2,0,0,0,1,1,1.0352898811667266,8.34,88.86,1.120813827871804,11,4,2023,3,3
11804.0,298,962,21000.0,2.0,Corporate Event,2,0.0,0.0,200.0,400.0,1,2,7,0,1,2,21.806853582554517,39.47826086956522,3.217391304347826,30.944963655244027,11,4,2025,6,3
11485.0,203,1417,15000.0,2.0,Wedding,5,0.0,0.0,200.0,400.0,2,2,13,0,1,0,10.578279266572638,56.299019607843135,6.946078431372549,14.315937940761636,7,3,2022,5,2
11657.0,252,1608,20000.0,0.0,Corporate Event,2,0.0,0.0,200.0,400.0,1,0,7,0,1,1,12.430080795525171,46.07509881422925,6.355731225296442,15.661901802361717,3,1,2023,4,1
3749.0,229,3480,20000.0,0.0,Corporate Event,2,0.0,0.0,300.0,500.0,1,0,17,0,0,0,5.745475438092502,16.3,15.130434782608695,6.578569376615915,9,3,2023,4,3
11529.0,202,1983,20000.0,10.0,Wedding,3,0.0,0.0,200.0,400.0,2,2,0,0,1,2,10.080645161290322,56.793103448275865,9.768472906403941,10.181451612903226,12,4,2022,4,0
2654.0,176,3661,23000.0,20.0,Corporate Event,5,0.0,0.0,300.0,500.0,1,2,17,0,0,0,6.280720917531403,14.994350282485875,20.683615819209038,4.8061168760240305,1,1,2024,6,0
202.0,155,66,22000.0,0.0,Corporate Event,1,0.0,0.0,200.0,400.0,1,2,6,0,1,0,328.35820895522386,1.294871794871795,0.4230769230769231,231.34328358208953,2,1,2022,0,0
9284.0,176,3661,25000.0,3.0,Birthday,4,0.0,0.0,200.0,500.0,0,2,9,0,0,2,6.826870562534134,52.451977401129945,20.683615819209038,4.8061168760240305,4,2,2025,1,1
6254.0,298,962,25000.0,4.0,Wedding,2,0.0,0.0,300.0,500.0,2,2,5,0,1,0,25.96053997923157,20.91638795986622,3.217391304347826,30.944963655244027,7,3,2024,6,2
262.0,239,4101,13000.0,7.0,Birthday,5,0.0,0.0,300.0,500.0,0,2,10,0,1,0,3.1691857630424183,1.0916666666666666,17.0875,5.826426133593369,4,2,2023,4,1
10987.0,202,1983,20000.0,8.0,Corporate Event,1,0.0,0.0,100.0,200.0,1,2,18,0,0,0,10.080645161290322,54.12315270935961,9.768472906403941,10.181451612903226,4,2,2025,1,1
7517.0,203,1258,20000.0,4.0,Birthday,5,0.0,0.0,200.0,400.0,0,2,1,0,1,1,15.885623510722796,36.84803921568628,6.166666666666667,16.12390786338364,3,1,2024,0,1
7368.0,203,1258,23000.0,2.0,Birthday,2,0.0,0.0,200.0,400.0,0,2,7,0,1,0,18.268467037331217,36.11764705882353,6.166666666666667,16.12390786338364,3,1,2025,4,1
12750.0,176,3661,23000.0,16.0,Birthday,3,0.0,0.0,200.0,500.0,0,2,11,0,0,0,6.280720917531403,72.03389830508475,20.683615819209038,4.8061168760240305,8,3,2024,5,2
12285.0,298,962,26000.0,20.0,Wedding,5,0.0,0.0,300.0,500.0,2,2,17,0,0,2,26.99896157840083,41.08695652173913,3.217391304347826,30.944963655244027,11,4,2024,0,3
5822.0,239,4101,26000.0,2.0,Corporate Event,5,0.0,0.0,200.0,400.0,1,2,13,0,1,0,6.338371526084837,24.258333333333333,17.0875,5.826426133593369,4,2,2022,5,1
9938.0,203,1417,15000.0,10.0,Wedding,5,0.0,0.0,100.0,200.0,2,1,4,0,0,2,10.578279266572638,48.71568627450981,6.946078431372549,14.315937940761636,4,2,2022,0,1
4236.0,42,3577,21000.0,9.0,Wedding,4,0.0,0.0,300.0,500.0,2,2,5,0,1,2,5.869200670765791,98.51162790697674,83.18604651162791,1.1738401341531581,8,3,2024,6,2
9249.0,298,962,20000.0,18.0,Birthday,4,0.0,0.0,200.0,400.0,0,0,8,0,1,1,20.768431983385256,30.933110367892976,3.217391304347826,30.944963655244027,11,4,2023,2,3
12081.0,42,3577,24000.0,20.0,Birthday,5,0.0,0.0,300.0,500.0,0,2,17,0,0,0,6.707657909446619,280.95348837209303,83.18604651162791,1.1738401341531581,2,1,2024,3,0
11512.0,252,1608,20000.0,20.0,Wedding,2,0.0,0.0,300.0,500.0,2,2,17,0,0,2,12.430080795525171,45.50197628458498,6.355731225296442,15.661901802361717,1,1,2023,1,0
10765.0,42,3577,17000.0,5.0,Birthday,2,0.0,0.0,100.0,200.0,0,1,3,0,0,2,4.751257685858021,250.34883720930233,83.18604651162791,1.1738401341531581,7,3,2022,6,2
3365.0,252,1608,26000.0,5.0,Wedding,4,0.0,0.0,300.0,500.0,2,1,16,0,1,1,16.159105034182723,13.300395256916996,6.355731225296442,15.661901802361717,1,1,2024,6,0
8494.0,42,3577,23000.0,0.0,Wedding,1,0.0,0.0,200.0,400.0,2,0,7,0,1,1,6.428172163219676,197.53488372093022,83.18604651162791,1.1738401341531581,7,3,2025,0,2
4248.0,42,3577,23000.0,2.0,Corporate Event,1,0.0,0.0,200.0,400.0,1,2,7,0,1,0,6.428172163219676,98.79069767441861,83.18604651162791,1.1738401341531581,5,2,2024,0,1
3583.0,203,1417,24000.0,0.0,Corporate Event,3,0.0,0.0,200.0,400.0,1,0,7,0,1,2,16.92524682651622,17.563725490196077,6.946078431372549,14.315937940761636,2,1,2023,3,0
4415.0,126,4896,25000.0,11.0,Wedding,1,0.0,0.0,200.0,400.0,2,1,0,0,1,1,5.105166428425567,34.76377952755905,38.55118110236221,2.5730038799264854,7,3,2022,6,2
12593.0,249,22215,12000.0,16.0,Wedding,4,0.0,0.0,200.0,400.0,2,2,8,0,1,0,0.5401512423478574,50.372,88.86,1.120813827871804,3,1,2025,2,1
14221.0,202,1983,19000.0,3.0,Corporate Event,3,0.0,0.0,100.0,200.0,1,0,18,0,0,0,9.576612903225806,70.05418719211822,9.768472906403941,10.181451612903226,5,2,2025,5,1
1717.0,203,1258,19000.0,15.0,Corporate Event,2,0.0,0.0,200.0,400.0,1,1,1,0,1,2,15.091342335186656,8.416666666666666,6.166666666666667,16.12390786338364,6,2,2024,2,2
12727.0,252,1608,21000.0,2.0,Wedding,2,0.0,0.0,300.0,500.0,2,2,2,0,1,2,13.05158483530143,50.30434782608695,6.355731225296442,15.661901802361717,9,3,2022,3,3
7818.0,126,4896,13000.0,0.0,Wedding,4,0.0,0.0,200.0,400.0,2,2,6,0,1,0,2.6546865427812945,61.55905511811024,38.55118110236221,2.5730038799264854,6,2,2023,3,2
5194.0,229,3480,12000.0,0.0,Birthday,2,0.0,0.0,200.0,400.0,0,0,13,0,1,1,3.4472852628555013,22.582608695652173,15.130434782608695,6.578569376615915,1,1,2023,1,0
7116.0,239,4101,23000.0,9.0,Birthday,4,0.0,0.0,300.0,500.0,0,2,5,0,1,1,5.60702096538274,29.65,17.0875,5.826426133593369,10,4,2022,2,3
7223.0,239,4101,25000.0,5.0,Wedding,5,0.0,0.0,300.0,500.0,2,1,16,0,1,2,6.094588005850804,30.095833333333335,17.0875,5.826426133593369,10,4,2024,1,3
8378.0,239,4101,21000.0,10.0,Birthday,5,0.0,0.0,100.0,200.0,0,2,3,0,0,1,5.1194539249146755,34.90833333333333,17.0875,5.826426133593369,8,3,2024,3,2
3874.0,155,66,25000.0,0.0,Corporate Event,2,0.0,0.0,200.0,400.0,1,0,0,0,1,0,373.13432835820896,24.833333333333332,0.4230769230769231,231.34328358208953,6,2,2022,1,2
12630.0,155,66,23000.0,2.0,Birthday,1,0.0,0.0,300.0,500.0,0,2,2,0,1,1,343.2835820895522,80.96153846153847,0.4230769230769231,231.34328358208953,10,4,2025,1,3
6641.0,126,4896,22000.0,7.0,Birthday,4,0.0,0.0,300.0,500.0,0,0,5,0,1,0,4.492546457014499,52.29133858267716,38.55118110236221,2.5730038799264854,1,1,2023,5,0
10956.0,202,1983,17000.0,9.0,Birthday,1,0.0,0.0,300.0,500.0,0,2,5,0,1,0,8.568548387096774,53.970443349753694,9.768472906403941,10.181451612903226,3,1,2022,6,1
3277.0,249,22215,22000.0,7.0,Wedding,3,0.0,0.0,300.0,500.0,2,0,5,0,1,1,0.9902772776377385,13.108,88.86,1.120813827871804,9,3,2024,3,3
1137.0,155,66,12000.0,6.0,Birthday,2,0.0,0.0,300.0,500.0,0,1,2,0,1,1,179.1044776119403,7.288461538461538,0.4230769230769231,231.34328358208953,3,1,2023,6,1
5027.0,229,3480,15000.0,0.0,Corporate Event,2,0.0,0.0,100.0,200.0,1,2,3,0,0,2,4.309106578569376,21.856521739130436,15.130434782608695,6.578569376615915,3,1,2024,4,1
10112.0,239,4101,26000.0,0.0,Wedding,1,0.0,0.0,200.0,400.0,2,0,7,0,1,0,6.338371526084837,42.13333333333333,17.0875,5.826426133593369,2,1,2023,3,0
9368.0,202,1983,26000.0,2.0,Corporate Event,5,0.0,0.0,100.0,200.0,1,2,4,0,0,2,13.10483870967742,46.14778325123153,9.768472906403941,10.181451612903226,7,3,2022,3,2
9901.0,176,3661,21000.0,2.0,Wedding,5,0.0,0.0,300.0,500.0,2,2,2,0,1,1,5.734571272528673,55.93785310734463,20.683615819209038,4.8061168760240305,9,3,2025,2,3
7352.0,229,3480,23000.0,18.0,Wedding,3,0.0,0.0,200.0,400.0,2,0,8,0,1,1,6.607296753806377,31.965217391304346,15.130434782608695,6.578569376615915,11,4,2022,3,3
1450.0,42,3577,21000.0,0.0,Wedding,1,0.0,0.0,200.0,400.0,2,0,0,0,1,0,5.869200670765791,33.72093023255814,83.18604651162791,1.1738401341531581,8,3,2022,6,2
3632.0,252,1608,15000.0,3.0,Wedding,2,0.0,0.0,200.0,500.0,2,1,11,0,0,0,9.322560596643878,14.355731225296443,6.355731225296442,15.661901802361717,1,1,2025,4,0
12235.0,298,962,20000.0,16.0,Wedding,3,0.0,0.0,200.0,500.0,2,2,9,0,0,2,20.768431983385256,40.919732441471574,3.217391304347826,30.944963655244027,2,1,2025,1,0
12877.0,239,4101,22000.0,2.0,Wedding,1,0.0,0.0,300.0,500.0,2,2,2,0,1,0,5.363237445148708,53.65416666666667,17.0875,5.826426133593369,9,3,2023,6,3
12162.0,203,1417,17000.0,18.0,Corporate Event,1,0.0,0.0,200.0,400.0,1,0,8,0,1,1,11.988716502115656,59.61764705882353,6.946078431372549,14.315937940761636,7,3,2022,5,2
974.0,42,3577,23000.0,3.0,Corporate Event,5,0.0,0.0,100.0,200.0,1,0,18,0,0,1,6.428172163219676,22.651162790697676,83.18604651162791,1.1738401341531581,12,4,2024,5,0
14851.0,42,3577,19000.0,9.0,Wedding,3,0.0,0.0,300.0,500.0,2,2,5,0,1,2,5.310229178311906,345.3720930232558,83.18604651162791,1.1738401341531581,10,4,2022,5,3
12674.0,42,3577,24000.0,5.0,Wedding,3,0.0,0.0,300.0,500.0,2,1,16,0,1,0,6.707657909446619,294.74418604651163,83.18604651162791,1.1738401341531581,1,1,2025,5,0
3368.0,298,962,13000.0,7.0,Birthday,5,0.0,0.0,100.0,200.0,0,1,18,0,0,1,13.499480789200415,11.264214046822742,3.217391304347826,30.944963655244027,12,4,2024,6,0
4657.0,298,962,22000.0,5.0,Birthday,2,0.0,0.0,300.0,500.0,0,1,5,0,1,2,22.84527518172378,15.575250836120402,3.217391304347826,30.944963655244027,9,3,2025,6,3
14800.0,203,1258,24000.0,3.0,Wedding,1,0.0,0.0,100.0,200.0,2,0,18,0,0,1,19.062748212867355,72.54901960784314,6.166666666666667,16.12390786338364,4,2,2024,2,1
5207.0,249,22215,26000.0,4.0,Corporate Event,5,0.0,0.0,100.0,200.0,1,2,18,0,0,0,1.1703276917536911,20.828,88.86,1.120813827871804,11,4,2022,3,3
11504.0,298,962,21000.0,10.0,Wedding,1,0.0,0.0,200.0,400.0,2,2,6,0,1,0,21.806853582554517,38.474916387959865,3.217391304347826,30.944963655244027,12,4,2022,1,0
3783.0,239,4101,20000.0,2.0,Corporate Event,1,0.0,0.0,100.0,200.0,1,2,4,0,0,1,4.875670404680643,15.7625,17.0875,5.826426133593369,3,1,2025,1,1
7626.0,203,1417,22000.0,2.0,Wedding,3,0.0,0.0,200.0,400.0,2,2,13,0,1,0,15.514809590973202,37.38235294117647,6.946078431372549,14.315937940761636,7,3,2022,4,2
6633.0,42,3577,25000.0,10.0,Birthday,2,0.0,0.0,200.0,400.0,0,2,6,0,1,2,6.98714365567356,154.25581395348837,83.18604651162791,1.1738401341531581,6,2,2023,6,2
6918.0,203,1417,13000.0,0.0,Wedding,4,0.0,0.0,200.0,400.0,2,1,13,0,1,1,9.16784203102962,33.911764705882355,6.946078431372549,14.315937940761636,8,3,2024,4,2
5364.0,203,1258,20000.0,7.0,Wedding,3,0.0,0.0,100.0,200.0,2,2,4,0,0,0,15.885623510722796,26.294117647058822,6.166666666666667,16.12390786338364,10,4,2022,1,3
12176.0,298,962,20000.0,1.0,Corporate Event,5,0.0,0.0,100.0,200.0,1,2,15,0,0,2,20.768431983385256,40.72240802675585,3.217391304347826,30.944963655244027,11,4,2024,4,3
14739.0,203,1417,22000.0,20.0,Birthday,4,0.0,0.0,300.0,500.0,0,2,17,0,0,2,15.514809590973202,72.25,6.946078431372549,14.315937940761636,4,2,2025,2,1
1785.0,202,1983,13000.0,10.0,Corporate Event,5,0.0,0.0,100.0,200.0,1,1,4,0,0,1,6.55241935483871,8.793103448275861,9.768472906403941,10.181451612903226,6,2,2024,5,2
3122.0,249,22215,15000.0,3.0,Birthday,4,0.0,0.0,200.0,500.0,0,1,11,0,0,2,0.6751890529348218,12.488,88.86,1.120813827871804,1,1,2023,0,0
119030.0,155,66,22000.0,0.0,Wedding,2,0.0,0.0,300.0,500.0,2,0,16,0,1,2,328.35820895522386,763.0128205128206,0.4230769230769231,231.34328358208953,7,3,2023,5,2
10019.0,202,1983,26000.0,5.0,Wedding,2,0.0,0.0,300.0,500.0,2,1,5,0,1,0,13.10483870967742,49.354679802955665,9.768472906403941,10.181451612903226,12,4,2022,1,0
7508.0,239,4101,21000.0,16.0,Birthday,2,0.0,0.0,300.0,500.0,0,2,14,0,1,0,5.1194539249146755,31.283333333333335,17.0875,5.826426133593369,12,4,2023,4,0
7192.0,126,4896,19000.0,13.0,Corporate Event,1,0.0,0.0,200.0,400.0,1,1,8,0,1,1,3.8799264856034306,56.62992125984252,38.55118110236221,2.5730038799264854,12,4,2022,5,0
7115.0,239,4101,17000.0,2.0,Birthday,4,0.0,0.0,200.0,400.0,0,2,13,0,1,1,4.144319843978547,29.645833333333332,17.0875,5.826426133593369,3,1,2025,4,1
6177.0,176,3661,25000.0,2.0,Birthday,5,0.0,0.0,200.0,400.0,0,2,13,0,1,2,6.826870562534134,34.898305084745765,20.683615819209038,4.8061168760240305,12,4,2025,6,0
14021.0,229,3480,21000.0,16.0,Wedding,5,0.0,0.0,200.0,400.0,2,2,8,0,1,0,6.032749209997127,60.96086956521739,15.130434782608695,6.578569376615915,10,4,2022,1,3
12709.0,298,962,25000.0,2.0,Birthday,3,0.0,0.0,200.0,400.0,0,2,7,0,1,2,25.96053997923157,42.50501672240803,3.217391304347826,30.944963655244027,3,1,2025,2,1
376.0,249,22215,15000.0,0.0,Wedding,4,0.0,0.0,200.0,400.0,2,2,6,0,1,1,0.6751890529348218,1.504,88.86,1.120813827871804,1,1,2024,6,0
11689.0,249,22215,20000.0,9.0,Wedding,4,0.0,0.0,200.0,400.0,2,1,6,0,1,1,0.9002520705797623,46.756,88.86,1.120813827871804,8,3,2023,6,2
11069.0,176,3661,12000.0,13.0,Wedding,4,0.0,0.0,200.0,400.0,2,1,8,0,1,2,3.2768978700163847,62.536723163841806,20.683615819209038,4.8061168760240305,8,3,2022,6,2
11537.0,229,3480,17000.0,0.0,Corporate Event,5,0.0,0.0,200.0,400.0,1,0,6,0,1,1,4.883654122378627,50.16086956521739,15.130434782608695,6.578569376615915,4,2,2022,5,1
8269.0,239,4101,24000.0,10.0,Corporate Event,3,0.0,0.0,200.0,500.0,1,0,11,0,0,0,5.850804485616773,34.454166666666666,17.0875,5.826426133593369,8,3,2025,4,2
5555.0,203,1258,21000.0,20.0,Birthday,2,0.0,0.0,300.0,500.0,0,2,17,0,0,2,16.679904686258936,27.230392156862745,6.166666666666667,16.12390786338364,10,4,2025,5,3
10428.0,298,962,20000.0,2.0,Corporate Event,1,0.0,0.0,200.0,400.0,1,2,12,0,1,2,20.768431983385256,34.876254180602004,3.217391304347826,30.944963655244027,1,1,2024,1,0
10913.0,203,1417,15000.0,8.0,Corporate Event,5,0.0,0.0,100.0,200.0,1,2,18,0,0,1,10.578279266572638,53.495098039215684,6.946078431372549,14.315937940761636,9,3,2025,3,3
12749.0,155,66,17000.0,4.0,Birthday,4,0.0,0.0,300.0,500.0,0,0,2,0,1,0,253.73134328358208,81.72435897435898,0.4230769230769231,231.34328358208953,3,1,2022,3,1
8480.0,203,1258,24000.0,3.0,Corporate Event,2,0.0,0.0,100.0,200.0,1,0,18,0,0,2,19.062748212867355,41.568627450980394,6.166666666666667,16.12390786338364,7,3,2023,6,2
1535.0,298,962,20000.0,0.0,Wedding,5,0.0,0.0,200.0,400.0,2,0,6,0,1,2,20.768431983385256,5.133779264214047,3.217391304347826,30.944963655244027,6,2,2022,2,2
9314.0,203,1258,25000.0,20.0,Wedding,3,0.0,0.0,200.0,400.0,2,2,8,0,1,2,19.857029388403493,45.65686274509804,6.166666666666667,16.12390786338364,3,1,2023,3,1
3888.0,203,1258,15000.0,10.0,Corporate Event,2,0.0,0.0,200.0,400.0,1,2,6,0,1,1,11.914217633042098,19.058823529411764,6.166666666666667,16.12390786338364,6,2,2023,4,2
14121.0,126,4896,13000.0,16.0,Birthday,2,0.0,0.0,200.0,500.0,0,2,9,0,0,0,2.6546865427812945,111.18897637795276,38.55118110236221,2.5730038799264854,1,1,2022,5,0
14234.0,203,1417,21000.0,0.0,Birthday,5,0.0,0.0,100.0,200.0,0,1,15,0,0,2,14.809590973201692,69.77450980392157,6.946078431372549,14.315937940761636,9,3,2022,4,3
12907.0,155,66,15000.0,0.0,Wedding,3,0.0,0.0,300.0,500.0,2,2,16,0,1,2,223.88059701492537,82.73717948717949,0.4230769230769231,231.34328358208953,7,3,2024,3,2
10953.0,203,1258,25000.0,0.0,Birthday,3,0.0,0.0,200.0,400.0,0,0,7,0,1,2,19.857029388403493,53.69117647058823,6.166666666666667,16.12390786338364,11,4,2025,3,3
3828.0,203,1258,19000.0,10.0,Birthday,2,0.0,0.0,200.0,500.0,0,0,11,0,0,1,15.091342335186656,18.764705882352942,6.166666666666667,16.12390786338364,10,4,2025,4,3
8089.0,239,4101,17000.0,20.0,Wedding,2,0.0,0.0,300.0,500.0,2,2,17,0,0,0,4.144319843978547,33.704166666666666,17.0875,5.826426133593369,2,1,2025,6,0
9390.0,42,3577,23000.0,10.0,Corporate Event,5,0.0,0.0,200.0,500.0,1,0,11,0,0,1,6.428172163219676,218.37209302325581,83.18604651162791,1.1738401341531581,9,3,2023,0,3
1306.0,239,4101,17000.0,7.0,Wedding,2,0.0,0.0,300.0,500.0,2,0,5,0,1,1,4.144319843978547,5.441666666666666,17.0875,5.826426133593369,5,2,2024,1,1
6474.0,202,1983,22000.0,10.0,Corporate Event,5,0.0,0.0,100.0,200.0,1,1,4,0,0,2,11.088709677419354,31.891625615763548,9.768472906403941,10.181451612903226,9,3,2025,1,3
14555.0,155,66,21000.0,20.0,Wedding,5,0.0,0.0,300.0,500.0,2,2,17,0,0,2,313.43283582089555,93.30128205128206,0.4230769230769231,231.34328358208953,10,4,2023,2,3
1443.0,176,3661,22000.0,7.0,Wedding,5,0.0,0.0,300.0,500.0,2,0,5,0,1,1,6.007646095030038,8.152542372881356,20.683615819209038,4.8061168760240305,1,1,2022,5,0
11930.0,203,1258,23000.0,7.0,Corporate Event,4,0.0,0.0,300.0,500.0,1,2,10,0,1,1,18.268467037331217,58.48039215686274,6.166666666666667,16.12390786338364,5,2,2024,4,1
1500.0,176,3661,26000.0,10.0,Birthday,4,0.0,0.0,300.0,500.0,0,0,10,0,1,0,7.099945385035499,8.474576271186441,20.683615819209038,4.8061168760240305,11,4,2025,1,3
3249.0,155,66,25000.0,10.0,Wedding,5,0.0,0.0,100.0,200.0,2,2,3,0,0,1,373.13432835820896,20.826923076923077,0.4230769230769231,231.34328358208953,4,2,2023,3,1
10850.0,229,3480,22000.0,2.0,Corporate Event,5,0.0,0.0,200.0,400.0,1,2,12,0,1,1,6.320022981901753,47.17391304347826,15.130434782608695,6.578569376615915,8,3,2024,6,2
6477.0,229,3480,13000.0,4.0,Corporate Event,3,0.0,0.0,100.0,200.0,1,2,18,0,0,0,3.7345590347601263,28.160869565217393,15.130434782608695,6.578569376615915,2,1,2024,3,0
13983.0,203,1258,25000.0,16.0,Corporate Event,1,0.0,0.0,300.0,500.0,1,2,14,0,1,2,19.857029388403493,68.54411764705883,6.166666666666667,16.12390786338364,9,3,2023,6,3
7722.0,239,4101,17000.0,16.0,Birthday,3,0.0,0.0,200.0,400.0,0,2,1,0,1,1,4.144319843978547,32.175,17.0875,5.826426133593369,1,1,2025,3,0
13762.0,239,4101,20000.0,0.0,Wedding,1,0.0,0.0,200.0,400.0,2,0,13,0,1,1,4.875670404680643,57.34166666666667,17.0875,5.826426133593369,9,3,2022,6,3
3532.0,155,66,26000.0,2.0,Corporate Event,3,0.0,0.0,200.0,400.0,1,2,7,0,1,0,388.05970149253733,22.641025641025642,0.4230769230769231,231.34328358208953,11,4,2024,6,3
12046.0,126,4896,12000.0,10.0,Corporate Event,1,0.0,0.0,200.0,400.0,1,2,0,0,1,2,2.450479885644272,94.85039370078741,38.55118110236221,2.5730038799264854,1,1,2024,4,0
6455.0,252,1608,19000.0,0.0,Corporate Event,1,0.0,0.0,100.0,200.0,1,0,4,0,0,2,11.808576755748913,25.513833992094863,6.355731225296442,15.661901802361717,8,3,2024,2,2
2230.0,176,3661,19000.0,0.0,Birthday,5,0.0,0.0,200.0,400.0,0,0,6,0,1,0,5.188421627525942,12.598870056497175,20.683615819209038,4.8061168760240305,1,1,2022,0,0
1454.0,239,4101,20000.0,0.0,Birthday,5,0.0,0.0,200.0,400.0,0,2,6,0,1,0,4.875670404680643,6.058333333333334,17.0875,5.826426133593369,10,4,2025,3,3
6883.0,202,1983,12000.0,5.0,Birthday,2,0.0,0.0,100.0,200.0,0,1,3,0,0,1,6.048387096774194,33.9064039408867,9.768472906403941,10.181451612903226,3,1,2025,0,1
14673.0,249,22215,12000.0,2.0,Corporate Event,3,0.0,0.0,200.0,400.0,1,2,7,0,1,1,0.5401512423478574,58.692,88.86,1.120813827871804,3,1,2023,6,1
13133.0,203,1417,26000.0,8.0,Wedding,4,0.0,0.0,300.0,500.0,2,2,2,0,1,2,18.33568406205924,64.37745098039215,6.946078431372549,14.315937940761636,3,1,2023,0,1
8126.0,202,1983,13000.0,3.0,Wedding,5,0.0,0.0,200.0,400.0,2,1,12,0,1,1,6.55241935483871,40.029556650246306,9.768472906403941,10.181451612903226,6,2,2022,2,2
9844.0,203,1417,23000.0,20.0,Birthday,2,0.0,0.0,200.0,400.0,0,2,8,0,1,0,16.22002820874471,48.254901960784316,6.946078431372549,14.315937940761636,4,2,2024,0,1
14111.0,203,1417,25000.0,2.0,Wedding,5,0.0,0.0,200.0,400.0,2,2,7,0,1,0,17.63046544428773,69.17156862745098,6.946078431372549,14.315937940761636,5,2,2023,2,1
898.0,126,4896,19000.0,0.0,Birthday,1,0.0,0.0,200.0,400.0,0,0,6,0,1,0,3.8799264856034306,7.070866141732283,38.55118110236221,2.5730038799264854,11,4,2023,5,3
12325.0,252,1608,25000.0,2.0,Wedding,5,0.0,0.0,200.0,400.0,2,0,1,0,1,0,15.537600994406464,48.715415019762844,6.355731225296442,15.661901802361717,7,3,2023,6,2
8663.0,155,66,23000.0,4.0,Wedding,3,0.0,0.0,300.0,500.0,2,1,17,0,0,1,343.2835820895522,55.532051282051285,0.4230769230769231,231.34328358208953,8,3,2025,5,2
14162.0,298,962,21000.0,10.0,Birthday,2,0.0,0.0,300.0,500.0,0,0,10,0,1,2,21.806853582554517,47.364548494983275,3.217391304347826,30.944963655244027,11,4,2025,2,3
5354.0,126,4896,13000.0,9.0,Corporate Event,2,0.0,0.0,300.0,500.0,1,2,5,0,1,0,2.6546865427812945,42.15748031496063,38.55118110236221,2.5730038799264854,3,1,2025,2,1
3910.0,298,962,20000.0,2.0,Corporate Event,1,0.0,0.0,300.0,500.0,1,2,10,0,1,0,20.768431983385256,13.076923076923077,3.217391304347826,30.944963655244027,10,4,2024,6,3
9724.0,176,3661,12000.0,2.0,Birthday,4,0.0,0.0,200.0,400.0,0,2,7,0,1,1,3.2768978700163847,54.93785310734463,20.683615819209038,4.8061168760240305,3,1,2025,5,1
14901.0,42,3577,20000.0,3.0,Wedding,4,0.0,0.0,200.0,400.0,2,1,12,0,1,0,5.589714924538849,346.5348837209302,83.18604651162791,1.1738401341531581,8,3,2024,5,2
13097.0,42,3577,19000.0,20.0,Birthday,2,0.0,0.0,200.0,400.0,0,2,8,0,1,1,5.310229178311906,304.5813953488372,83.18604651162791,1.1738401341531581,7,3,2022,3,2
13395.0,176,3661,22000.0,16.0,Birthday,5,0.0,0.0,200.0,400.0,0,2,1,0,1,0,6.007646095030038,75.67796610169492,20.683615819209038,4.8061168760240305,4,2,2022,1,1
1900.0,42,3577,25000.0,0.0,Corporate Event,2,0.0,0.0,200.0,400.0,1,1,13,0,1,2,6.98714365567356,44.18604651162791,83.18604651162791,1.1738401341531581,3,1,2022,3,1
2527.0,239,4101,24000.0,18.0,Corporate Event,2,0.0,0.0,200.0,400.0,1,0,8,0,1,1,5.850804485616773,10.529166666666667,17.0875,5.826426133593369,2,1,2024,0,0
8705.0,202,1983,17000.0,5.0,Wedding,1,0.0,0.0,300.0,500.0,2,1,5,0,1,2,8.568548387096774,42.881773399014776,9.768472906403941,10.181451612903226,9,3,2022,1,3
3278.0,239,4101,17000.0,0.0,Wedding,3,0.0,0.0,200.0,400.0,2,0,0,0,1,1,4.144319843978547,13.658333333333333,17.0875,5.826426133593369,12,4,2023,6,0
5511.0,176,3661,22000.0,0.0,Corporate Event,1,0.0,0.0,100.0,200.0,1,0,4,0,0,1,6.007646095030038,31.135593220338983,20.683615819209038,4.8061168760240305,2,1,2024,1,0
14490.0,203,1258,24000.0,3.0,Birthday,3,0.0,0.0,200.0,400.0,0,2,12,0,1,2,19.062748212867355,71.02941176470588,6.166666666666667,16.12390786338364,3,1,2025,6,1
6348.0,155,66,13000.0,2.0,Corporate Event,5,0.0,0.0,200.0,400.0,1,2,7,0,1,2,194.02985074626866,40.69230769230769,0.4230769230769231,231.34328358208953,11,4,2025,5,3
3769.0,203,1417,22000.0,10.0,Corporate Event,2,0.0,0.0,100.0,200.0,1,1,4,0,0,1,15.514809590973202,18.475490196078432,6.946078431372549,14.315937940761636,12,4,2024,1,0
9033.0,155,66,24000.0,10.0,Corporate Event,4,0.0,0.0,300.0,500.0,1,0,10,0,1,1,358.2089552238806,57.90384615384615,0.4230769230769231,231.34328358208953,12,4,2024,4,0
13746.0,252,1608,24000.0,2.0,Corporate Event,5,0.0,0.0,100.0,200.0,1,2,4,0,0,0,14.916096954630206,54.33201581027668,6.355731225296442,15.661901802361717,3,1,2023,4,1
7229.0,239,4101,20000.0,20.0,Birthday,4,0.0,0.0,200.0,400.0,0,2,8,0,1,2,4.875670404680643,30.120833333333334,17.0875,5.826426133593369,4,2,2024,2,1
14660.0,298,962,22000.0,0.0,Wedding,3,0.0,0.0,200.0,400.0,2,2,6,0,1,2,22.84527518172378,49.03010033444816,3.217391304347826,30.944963655244027,7,3,2024,4,2
91450.0,203,1417,22000.0,0.0,Wedding,1,0.0,0.0,100.0,200.0,2,0,4,0,0,1,15.514809590973202,448.2843137254902,6.946078431372549,14.315937940761636,3,1,2023,1,1
7091.0,176,3661,19000.0,0.0,Birthday,2,0.0,0.0,200.0,400.0,0,0,0,0,1,0,5.188421627525942,40.06214689265537,20.683615819209038,4.8061168760240305,11,4,2023,4,3
14060.0,203,1258,22000.0,14.0,Corporate Event,3,0.0,0.0,300.0,500.0,1,1,10,0,1,1,17.474185861795075,68.92156862745098,6.166666666666667,16.12390786338364,8,3,2022,0,2
3518.0,239,4101,20000.0,20.0,Birthday,2,0.0,0.0,200.0,400.0,0,2,8,0,1,0,4.875670404680643,14.658333333333333,17.0875,5.826426133593369,9,3,2024,4,3
2073.0,239,4101,19000.0,0.0,Birthday,5,0.0,0.0,300.0,500.0,0,0,16,0,1,1,4.631886884446612,8.6375,17.0875,5.826426133593369,5,2,2023,2,1
14789.0,155,66,15000.0,6.0,Wedding,1,0.0,0.0,200.0,400.0,2,1,7,0,1,2,223.88059701492537,94.80128205128206,0.4230769230769231,231.34328358208953,5,2,2024,1,1
836.0,202,1983,26000.0,9.0,Wedding,1,0.0,0.0,200.0,400.0,2,1,6,0,1,1,13.10483870967742,4.1182266009852215,9.768472906403941,10.181451612903226,8,3,2025,1,2
9945.0,249,22215,17000.0,13.0,Birthday,2,0.0,0.0,200.0,400.0,0,1,8,0,1,2,0.765214259992798,39.78,88.86,1.120813827871804,10,4,2024,5,3
10128.0,126,4896,25000.0,4.0,Birthday,1,0.0,0.0,200.0,400.0,0,2,1,0,1,0,5.105166428425567,79.74803149606299,38.55118110236221,2.5730038799264854,3,1,2025,6,1
8569.0,203,1417,15000.0,7.0,Birthday,2,0.0,0.0,300.0,500.0,0,2,10,0,1,2,10.578279266572638,42.004901960784316,6.946078431372549,14.315937940761636,1,1,2022,1,0
7606.0,155,66,21000.0,3.0,Wedding,3,0.0,0.0,200.0,500.0,2,2,9,0,0,1,313.43283582089555,48.756410256410255,0.4230769230769231,231.34328358208953,1,1,2022,5,0
5197.0,42,3577,23000.0,16.0,Wedding,4,0.0,0.0,200.0,400.0,2,2,8,0,1,1,6.428172163219676,120.86046511627907,83.18604651162791,1.1738401341531581,1,1,2022,0,0
5262.0,229,3480,20000.0,4.0,Corporate Event,2,0.0,0.0,300.0,500.0,1,2,5,0,1,2,5.745475438092502,22.878260869565217,15.130434782608695,6.578569376615915,11,4,2023,2,3
3920.0,249,22215,25000.0,0.0,Corporate Event,5,0.0,0.0,300.0,500.0,1,0,17,0,0,1,1.125315088224703,15.68,88.86,1.120813827871804,8,3,2024,1,2
6323.0,176,3661,25000.0,0.0,Birthday,3,0.0,0.0,300.0,500.0,0,2,16,0,1,0,6.826870562534134,35.72316384180791,20.683615819209038,4.8061168760240305,2,1,2025,4,0
761.0,155,66,20000.0,0.0,Birthday,3,0.0,0.0,100.0,200.0,0,0,3,0,0,1,298.5074626865672,4.878205128205129,0.4230769230769231,231.34328358208953,12,4,2024,6,0
6718.0,252,1608,13000.0,20.0,Birthday,1,0.0,0.0,200.0,400.0,0,2,8,0,1,1,8.079552517091361,26.553359683794465,6.355731225296442,15.661901802361717,10,4,2025,4,3
12086.0,203,1417,19000.0,2.0,Wedding,2,0.0,0.0,300.0,500.0,2,2,2,0,1,0,13.399153737658674,59.245098039215684,6.946078431372549,14.315937940761636,3,1,2025,1,1
10995.0,203,1417,24000.0,0.0,Wedding,5,0.0,0.0,300.0,500.0,2,0,17,0,0,1,16.92524682651622,53.89705882352941,6.946078431372549,14.315937940761636,7,3,2024,0,2
2269.0,252,1608,15000.0,0.0,Corporate Event,2,0.0,0.0,300.0,500.0,1,0,17,0,0,1,9.322560596643878,8.968379446640316,6.355731225296442,15.661901802361717,7,3,2025,3,2
14804.0,249,22215,20000.0,2.0,Birthday,5,0.0,0.0,200.0,400.0,0,2,13,0,1,0,0.9002520705797623,59.216,88.86,1.120813827871804,6,2,2022,3,2
6387.0,42,3577,24000.0,2.0,Corporate Event,5,0.0,0.0,200.0,400.0,1,2,7,0,1,2,6.707657909446619,148.53488372093022,83.18604651162791,1.1738401341531581,12,4,2025,5,0
12785.0,42,3577,13000.0,4.0,Corporate Event,1,0.0,0.0,200.0,400.0,1,2,1,0,1,1,3.6333147009502516,297.3255813953488,83.18604651162791,1.1738401341531581,5,2,2024,1,1
2595.0,249,22215,13000.0,2.0,Corporate Event,1,0.0,0.0,200.0,400.0,1,2,7,0,1,0,0.5851638458768456,10.38,88.86,1.120813827871804,9,3,2022,4,3
2850.0,202,1983,23000.0,0.0,Wedding,1,0.0,0.0,100.0,200.0,2,1,15,0,0,2,11.59274193548387,14.039408866995075,9.768472906403941,10.181451612903226,12,4,2022,2,0
6205.0,155,66,21000.0,0.0,Wedding,2,0.0,0.0,100.0,200.0,2,2,3,0,0,1,313.43283582089555,39.77564102564103,0.4230769230769231,231.34328358208953,6,2,2023,5,2
3775.0,126,4896,15000.0,0.0,Wedding,3,0.0,0.0,100.0,200.0,2,2,3,0,0,0,3.06309985705534,29.724409448818896,38.55118110236221,2.5730038799264854,3,1,2023,0,1
2449.0,298,962,26000.0,2.0,Birthday,4,0.0,0.0,200.0,400.0,0,2,7,0,1,0,26.99896157840083,8.190635451505017,3.217391304347826,30.944963655244027,12,4,2022,0,0
5109.0,176,3661,20000.0,9.0,Corporate Event,4,0.0,0.0,300.0,500.0,1,1,14,0,1,1,5.461496450027307,28.864406779661017,20.683615819209038,4.8061168760240305,5,2,2022,1,1
724.0,203,1258,20000.0,1.0,Wedding,3,0.0,0.0,100.0,200.0,2,2,15,0,0,0,15.885623510722796,3.549019607843137,6.166666666666667,16.12390786338364,9,3,2024,0,3
7622.0,203,1417,22000.0,0.0,Wedding,4,0.0,0.0,300.0,500.0,2,0,17,0,0,1,15.514809590973202,37.36274509803921,6.946078431372549,14.315937940761636,12,4,2024,3,0
14153.0,203,1417,22000.0,2.0,Birthday,5,0.0,0.0,200.0,400.0,0,2,7,0,1,0,15.514809590973202,69.37745098039215,6.946078431372549,14.315937940761636,10,4,2023,6,3
14693.0,249,22215,17000.0,0.0,Birthday,3,0.0,0.0,300.0,500.0,0,0,17,0,0,1,0.765214259992798,58.772,88.86,1.120813827871804,11,4,2022,5,3
4667.0,229,3480,21000.0,7.0,Birthday,4,0.0,0.0,300.0,500.0,0,0,5,0,1,2,6.032749209997127,20.291304347826088,15.130434782608695,6.578569376615915,4,2,2022,6,1
4671.0,176,3661,23000.0,0.0,Wedding,4,0.0,0.0,100.0,200.0,2,2,3,0,0,1,6.280720917531403,26.389830508474578,20.683615819209038,4.8061168760240305,2,1,2024,0,0
7366.0,126,4896,23000.0,2.0,Corporate Event,1,0.0,0.0,200.0,400.0,1,2,7,0,1,0,4.696753114151521,58.0,38.55118110236221,2.5730038799264854,9,3,2023,4,3
3486.0,202,1983,21000.0,0.0,Birthday,5,0.0,0.0,200.0,400.0,0,1,13,0,1,1,10.584677419354838,17.17241379310345,9.768472906403941,10.181451612903226,2,1,2022,2,0
4016.0,203,1417,20000.0,2.0,Corporate Event,4,0.0,0.0,300.0,500.0,1,2,2,0,1,0,14.104372355430183,19.686274509803923,6.946078431372549,14.315937940761636,2,1,2022,3,0
2651.0,298,962,17000.0,0.0,Corporate Event,3,0.0,0.0,200.0,400.0,1,0,12,0,1,1,17.653167185877468,8.866220735785953,3.217391304347826,30.944963655244027,4,2,2022,3,1
11695.0,229,3480,23000.0,0.0,Wedding,5,0.0,0.0,200.0,400.0,2,2,6,0,1,2,6.607296753806377,50.84782608695652,15.130434782608695,6.578569376615915,8,3,2023,1,2
7785.0,239,4101,25000.0,2.0,Corporate Event,3,0.0,0.0,200.0,400.0,1,2,7,0,1,1,6.094588005850804,32.4375,17.0875,5.826426133593369,5,2,2022,1,1
13670.0,155,66,17000.0,0.0,Corporate Event,5,0.0,0.0,200.0,400.0,1,0,7,0,1,0,253.73134328358208,87.62820512820512,0.4230769230769231,231.34328358208953,9,3,2025,5,3
4021.0,298,962,22000.0,20.0,Corporate Event,3,0.0,0.0,300.0,500.0,1,2,17,0,0,2,22.84527518172378,13.448160535117056,3.217391304347826,30.944963655244027,12,4,2024,0,0
2573.0,249,22215,20000.0,0.0,Wedding,1,0.0,0.0,200.0,400.0,2,2,6,0,1,1,0.9002520705797623,10.292,88.86,1.120813827871804,6,2,2025,6,2
13419.0,298,962,12000.0,2.0,Birthday,4,0.0,0.0,200.0,400.0,0,2,12,0,1,1,12.461059190031152,44.87959866220736,3.217391304347826,30.944963655244027,10,4,2022,6,3
5278.0,126,4896,19000.0,0.0,Birthday,5,0.0,0.0,200.0,400.0,0,0,12,0,1,1,3.8799264856034306,41.55905511811024,38.55118110236221,2.5730038799264854,1,1,2022,5,0
12940.0,203,1258,25000.0,8.0,Corporate Event,1,0.0,0.0,100.0,200.0,1,2,18,0,0,1,19.857029388403493,63.431372549019606,6.166666666666667,16.12390786338364,9,3,2025,6,3
9337.0,249,22215,25000.0,5.0,Corporate Event,3,0.0,0.0,300.0,500.0,1,1,16,0,1,2,1.125315088224703,37.348,88.86,1.120813827871804,2,1,2025,5,0
13031.0,203,1258,12000.0,20.0,Wedding,1,0.0,0.0,300.0,500.0,2,2,17,0,0,0,9.531374106433677,63.877450980392155,6.166666666666667,16.12390786338364,4,2,2022,3,1
13949.0,176,3661,22000.0,2.0,Birthday,3,0.0,0.0,200.0,400.0,0,2,13,0,1,2,6.007646095030038,78.80790960451978,20.683615819209038,4.8061168760240305,2,1,2022,2,0
7709.0,229,3480,20000.0,2.0,Birthday,4,0.0,0.0,100.0,200.0,0,2,4,0,0,2,5.745475438092502,33.517391304347825,15.130434782608695,6.578569376615915,10,4,2024,0,3
2277.0,176,3661,21000.0,2.0,Birthday,5,0.0,0.0,200.0,500.0,0,0,9,0,0,2,5.734571272528673,12.864406779661017,20.683615819209038,4.8061168760240305,10,4,2024,1,3
9227.0,203,1258,12000.0,10.0,Corporate Event,3,0.0,0.0,200.0,400.0,1,2,0,0,1,0,9.531374106433677,45.23039215686274,6.166666666666667,16.12390786338364,1,1,2022,4,0
3025.0,298,962,12000.0,0.0,Corporate Event,3,0.0,0.0,200.0,400.0,1,0,7,0,1,1,12.461059190031152,10.117056856187292,3.217391304347826,30.944963655244027,4,2,2022,2,1
12639.0,176,3661,22000.0,12.0,Wedding,2,0.0,0.0,200.0,500.0,2,1,9,0,0,0,6.007646095030038,71.40677966101696,20.683615819209038,4.8061168760240305,1,1,2024,5,0
3542.0,239,4101,21000.0,8.0,Birthday,5,0.0,0.0,300.0,500.0,0,2,2,0,1,2,5.1194539249146755,14.758333333333333,17.0875,5.826426133593369,5,2,2022,3,1
4222.0,249,22215,15000.0,0.0,Wedding,4,0.0,0.0,200.0,400.0,2,0,7,0,1,1,0.6751890529348218,16.888,88.86,1.120813827871804,6,2,2022,2,2
12688.0,239,4101,15000.0,10.0,Corporate Event,3,0.0,0.0,100.0,200.0,1,2,3,0,0,1,3.6567528035104826,52.86666666666667,17.0875,5.826426133593369,2,1,2022,0,0
14041.0,298,962,25000.0,0.0,Birthday,1,0.0,0.0,300.0,500.0,0,2,16,0,1,0,25.96053997923157,46.95986622073578,3.217391304347826,30.944963655244027,9,3,2024,2,3
11985.0,42,3577,13000.0,0.0,Birthday,4,0.0,0.0,300.0,500.0,0,0,17,0,0,1,3.6333147009502516,278.72093023255815,83.18604651162791,1.1738401341531581,5,2,2025,6,1
12575.0,203,1417,22000.0,14.0,Birthday,5,0.0,0.0,300.0,500.0,0,1,10,0,1,1,15.514809590973202,61.6421568627451,6.946078431372549,14.315937940761636,11,4,2022,1,3
14531.0,249,22215,19000.0,3.0,Birthday,1,0.0,0.0,200.0,400.0,0,1,12,0,1,2,0.8552394670507742,58.124,88.86,1.120813827871804,1,1,2024,2,0
10834.0,229,3480,26000.0,0.0,Corporate Event,4,0.0,0.0,200.0,400.0,1,2,6,0,1,2,7.469118069520253,47.10434782608696,15.130434782608695,6.578569376615915,2,1,2025,4,0
3023.0,176,3661,20000.0,0.0,Corporate Event,4,0.0,0.0,200.0,400.0,1,0,13,0,1,1,5.461496450027307,17.07909604519774,20.683615819209038,4.8061168760240305,4,2,2023,1,1
7221.0,239,4101,24000.0,4.0,Corporate Event,5,0.0,0.0,200.0,400.0,1,2,1,0,1,0,5.850804485616773,30.0875,17.0875,5.826426133593369,10,4,2025,3,3
3733.0,252,1608,19000.0,10.0,Corporate Event,5,0.0,0.0,200.0,500.0,1,0,11,0,0,0,11.808576755748913,14.754940711462451,6.355731225296442,15.661901802361717,7,3,2024,6,2
14995.0,239,4101,25000.0,0.0,Birthday,5,0.0,0.0,200.0,400.0,0,1,13,0,1,0,6.094588005850804,62.479166666666664,17.0875,5.826426133593369,1,1,2023,0,0
6473.0,239,4101,12000.0,0.0,Corporate Event,4,0.0,0.0,300.0,500.0,1,2,16,0,1,0,2.9254022428083863,26.970833333333335,17.0875,5.826426133593369,3,1,2022,5,1
14615.0,155,66,24000.0,3.0,Birthday,1,0.0,0.0,200.0,400.0,0,1,12,0,1,2,358.2089552238806,93.68589743589743,0.4230769230769231,231.34328358208953,11,4,2022,0,3
13537.0,298,962,15000.0,7.0,Birthday,3,0.0,0.0,300.0,500.0,0,2,10,0,1,0,15.576323987538942,45.274247491638796,3.217391304347826,30.944963655244027,11,4,2023,4,3
1341.0,42,3577,25000.0,6.0,Corporate Event,5,0.0,0.0,200.0,400.0,1,1,7,0,1,1,6.98714365567356,31.186046511627907,83.18604651162791,1.1738401341531581,10,4,2023,0,3
102010.0,298,962,20000.0,10.0,Wedding,4,0.0,0.0,300.0,500.0,2,0,10,0,1,2,20.768431983385256,341.1705685618729,3.217391304347826,30.944963655244027,1,1,2024,6,0
5492.0,249,22215,20000.0,14.0,Birthday,1,0.0,0.0,300.0,500.0,0,1,10,0,1,0,0.9002520705797623,21.968,88.86,1.120813827871804,8,3,2024,4,2
14730.0,202,1983,26000.0,2.0,Birthday,5,0.0,0.0,200.0,400.0,0,2,13,0,1,2,13.10483870967742,72.5615763546798,9.768472906403941,10.181451612903226,1,1,2023,3,0
6682.0,126,4896,23000.0,4.0,Birthday,3,0.0,0.0,300.0,500.0,0,1,17,0,0,0,4.696753114151521,52.61417322834646,38.55118110236221,2.5730038799264854,10,4,2025,1,3
10759.0,176,3661,12000.0,16.0,Birthday,5,0.0,0.0,300.0,500.0,0,2,14,0,1,0,3.2768978700163847,60.78531073446328,20.683615819209038,4.8061168760240305,5,2,2025,5,1
612.0,249,22215,13000.0,1.0,Corporate Event,1,0.0,0.0,100.0,200.0,1,2,15,0,0,0,0.5851638458768456,2.448,88.86,1.120813827871804,3,1,2022,6,1
12979.0,249,22215,15000.0,4.0,Birthday,3,0.0,0.0,300.0,500.0,0,1,17,0,0,2,0.6751890529348218,51.916,88.86,1.120813827871804,5,2,2024,3,1
14375.0,42,3577,26000.0,2.0,Birthday,1,0.0,0.0,200.0,400.0,0,2,13,0,1,0,7.266629401900503,334.30232558139534,83.18604651162791,1.1738401341531581,5,2,2025,2,1
8745.0,249,22215,20000.0,8.0,Birthday,5,0.0,0.0,100.0,200.0,0,2,18,0,0,1,0.9002520705797623,34.98,88.86,1.120813827871804,1,1,2023,3,0
2166.0,176,3661,17000.0,10.0,Birthday,3,0.0,0.0,300.0,500.0,0,0,10,0,1,0,4.642271982523211,12.23728813559322,20.683615819209038,4.8061168760240305,10,4,2023,2,3
14153.0,252,1608,15000.0,2.0,Birthday,5,0.0,0.0,200.0,400.0,0,2,7,0,1,1,9.322560596643878,55.940711462450594,6.355731225296442,15.661901802361717,7,3,2025,4,2
6682.0,203,1258,20000.0,20.0,Birthday,4,0.0,0.0,300.0,500.0,0,2,17,0,0,2,15.885623510722796,32.754901960784316,6.166666666666667,16.12390786338364,4,2,2024,5,1
11429.0,202,1983,22000.0,4.0,Birthday,4,0.0,0.0,100.0,200.0,0,2,18,0,0,1,11.088709677419354,56.30049261083744,9.768472906403941,10.181451612903226,1,1,2023,5,0
2001.0,249,22215,26000.0,0.0,Wedding,3,0.0,0.0,200.0,400.0,2,0,0,0,1,2,1.1703276917536911,8.004,88.86,1.120813827871804,2,1,2023,3,0
2403.0,252,1608,19000.0,10.0,Corporate Event,4,0.0,0.0,200.0,500.0,1,0,11,0,0,2,11.808576755748913,9.49802371541502,6.355731225296442,15.661901802361717,12,4,2023,2,0
4136.0,298,962,24000.0,20.0,Birthday,5,0.0,0.0,300.0,500.0,0,2,17,0,0,1,24.922118380062305,13.832775919732441,3.217391304347826,30.944963655244027,11,4,2025,1,3
5888.0,176,3661,15000.0,15.0,Wedding,2,0.0,0.0,200.0,400.0,2,1,1,0,1,1,4.09612233752048,33.26553672316384,20.683615819209038,4.8061168760240305,1,1,2022,3,0
12119.0,229,3480,26000.0,14.0,Corporate Event,3,0.0,0.0,200.0,400.0,1,2,0,0,1,2,7.469118069520253,52.69130434782609,15.130434782608695,6.578569376615915,12,4,2023,1,0
4887.0,155,66,13000.0,3.0,Corporate Event,1,0.0,0.0,200.0,400.0,1,2,12,0,1,2,194.02985074626866,31.326923076923077,0.4230769230769231,231.34328358208953,11,4,2024,2,3
4176.0,252,1608,17000.0,0.0,Wedding,5,0.0,0.0,300.0,500.0,2,0,16,0,1,2,10.565568676196396,16.50592885375494,6.355731225296442,15.661901802361717,7,3,2022,5,2
3599.0,249,22215,12000.0,16.0,Wedding,1,0.0,0.0,200.0,500.0,2,2,9,0,0,2,0.5401512423478574,14.396,88.86,1.120813827871804,11,4,2023,0,3
3604.0,203,1258,23000.0,7.0,Wedding,5,0.0,0.0,300.0,500.0,2,2,10,0,1,0,18.268467037331217,17.666666666666668,6.166666666666667,16.12390786338364,9,3,2023,3,3
3062.0,229,3480,25000.0,5.0,Corporate Event,4,0.0,0.0,300.0,500.0,1,1,5,0,1,1,7.181844297615628,13.31304347826087,15.130434782608695,6.578569376615915,6,2,2024,2,2
5712.0,155,66,22000.0,10.0,Corporate Event,1,0.0,0.0,200.0,400.0,1,2,6,0,1,0,328.35820895522386,36.61538461538461,0.4230769230769231,231.34328358208953,2,1,2024,2,0
5927.0,176,3661,24000.0,14.0,Birthday,5,0.0,0.0,300.0,500.0,0,1,10,0,1,1,6.553795740032769,33.48587570621469,20.683615819209038,4.8061168760240305,11,4,2024,5,3
10061.0,252,1608,12000.0,0.0,Wedding,3,0.0,0.0,200.0,400.0,2,0,0,0,1,1,7.458048477315103,39.76679841897233,6.355731225296442,15.661901802361717,4,2,2025,5,1
12085.0,42,3577,17000.0,20.0,Birthday,4,0.0,0.0,300.0,500.0,0,2,17,0,0,2,4.751257685858021,281.04651162790697,83.18604651162791,1.1738401341531581,2,1,2024,5,0
7356.0,155,66,26000.0,2.0,Wedding,4,0.0,0.0,300.0,500.0,2,2,2,0,1,1,388.05970149253733,47.15384615384615,0.4230769230769231,231.34328358208953,12,4,2023,5,0
2901.0,298,962,15000.0,14.0,Birthday,3,0.0,0.0,300.0,500.0,0,1,10,0,1,1,15.576323987538942,9.702341137123746,3.217391304347826,30.944963655244027,5,2,2022,5,1
4819.0,155,66,20000.0,16.0,Birthday,2,0.0,0.0,200.0,500.0,0,2,9,0,0,2,298.5074626865672,30.891025641025642,0.4230769230769231,231.34328358208953,7,3,2025,6,2
9313.0,249,22215,12000.0,20.0,Birthday,2,0.0,0.0,300.0,500.0,0,2,17,0,0,0,0.5401512423478574,37.252,88.86,1.120813827871804,2,1,2025,3,0
1941.0,239,4101,20000.0,16.0,Wedding,1,0.0,0.0,200.0,500.0,2,2,9,0,0,0,4.875670404680643,8.0875,17.0875,5.826426133593369,11,4,2023,4,3
11820.0,249,22215,23000.0,9.0,Wedding,3,0.0,0.0,300.0,500.0,2,2,5,0,1,2,1.0352898811667266,47.28,88.86,1.120813827871804,12,4,2025,1,0
5124.0,202,1983,17000.0,4.0,Wedding,2,0.0,0.0,200.0,400.0,2,2,1,0,1,2,8.568548387096774,25.24137931034483,9.768472906403941,10.181451612903226,2,1,2022,2,0
2119.0,239,4101,13000.0,10.0,Birthday,2,0.0,0.0,300.0,500.0,0,0,10,0,1,2,3.1691857630424183,8.829166666666667,17.0875,5.826426133593369,7,3,2024,6,2
4034.0,126,4896,22000.0,2.0,Wedding,2,0.0,0.0,200.0,500.0,2,0,9,0,0,1,4.492546457014499,31.763779527559056,38.55118110236221,2.5730038799264854,8,3,2024,3,2
9706.0,239,4101,26000.0,0.0,Corporate Event,1,0.0,0.0,300.0,500.0,1,0,16,0,1,2,6.338371526084837,40.44166666666667,17.0875,5.826426133593369,3,1,2022,2,1
5828.0,176,3661,12000.0,5.0,Birthday,1,0.0,0.0,300.0,500.0,0,1,5,0,1,2,3.2768978700163847,32.92655367231639,20.683615819209038,4.8061168760240305,1,1,2023,3,0
10982.0,155,66,13000.0,4.0,Corporate Event,5,0.0,0.0,300.0,500.0,1,1,17,0,0,0,194.02985074626866,70.3974358974359,0.4230769230769231,231.34328358208953,9,3,2024,4,3
13058.0,203,1417,20000.0,8.0,Wedding,1,0.0,0.0,300.0,500.0,2,2,2,0,1,1,14.104372355430183,64.00980392156863,6.946078431372549,14.315937940761636,10,4,2022,6,3
13587.0,176,3661,12000.0,2.0,Wedding,1,0.0,0.0,200.0,400.0,2,2,7,0,1,1,3.2768978700163847,76.76271186440678,20.683615819209038,4.8061168760240305,10,4,2022,5,3
4022.0,239,4101,22000.0,7.0,Birthday,4,0.0,0.0,100.0,200.0,0,2,4,0,0,0,5.363237445148708,16.758333333333333,17.0875,5.826426133593369,10,4,2022,6,3
3420.0,126,4896,23000.0,0.0,Corporate Event,2,0.0,0.0,200.0,500.0,1,2,11,0,0,1,4.696753114151521,26.929133858267715,38.55118110236221,2.5730038799264854,9,3,2024,3,3
8978.0,252,1608,15000.0,0.0,Corporate Event,3,0.0,0.0,200.0,500.0,1,2,11,0,0,0,9.322560596643878,35.48616600790514,6.355731225296442,15.661901802361717,1,1,2022,0,0
5772.0,239,4101,24000.0,1.0,Corporate Event,5,0.0,0.0,100.0,200.0,1,2,15,0,0,0,5.850804485616773,24.05,17.0875,5.826426133593369,8,3,2022,0,2
676.0,203,1258,21000.0,10.0,Wedding,1,0.0,0.0,300.0,500.0,2,0,10,0,1,2,16.679904686258936,3.3137254901960786,6.166666666666667,16.12390786338364,10,4,2023,5,3
7088.0,202,1983,17000.0,0.0,Birthday,1,0.0,0.0,100.0,200.0,0,0,4,0,0,2,8.568548387096774,34.916256157635466,9.768472906403941,10.181451612903226,6,2,2025,4,2
13339.0,252,1608,24000.0,0.0,Corporate Event,5,0.0,0.0,200.0,400.0,1,2,6,0,1,1,14.916096954630206,52.723320158102766,6.355731225296442,15.661901802361717,4,2,2024,2,1
10762.0,252,1608,15000.0,9.0,Wedding,4,0.0,0.0,300.0,500.0,2,2,5,0,1,0,9.322560596643878,42.537549407114625,6.355731225296442,15.661901802361717,6,2,2023,5,2
3151.0,298,962,19000.0,7.0,Birthday,1,0.0,0.0,300.0,500.0,0,0,5,0,1,1,19.73001038421599,10.538461538461538,3.217391304347826,30.944963655244027,6,2,2022,3,2
13063.0,298,962,13000.0,9.0,Birthday,1,0.0,0.0,300.0,500.0,0,2,5,0,1,1,13.499480789200415,43.68896321070234,3.217391304347826,30.944963655244027,6,2,2024,2,2
7017.0,229,3480,25000.0,7.0,Corporate Event,2,0.0,0.0,300.0,500.0,1,0,5,0,1,2,7.181844297615628,30.508695652173913,15.130434782608695,6.578569376615915,5,2,2024,2,1
2660.0,202,1983,22000.0,4.0,Wedding,4,0.0,0.0,300.0,500.0,2,1,17,0,0,2,11.088709677419354,13.10344827586207,9.768472906403941,10.181451612903226,1,1,2024,3,0
7463.0,203,1258,15000.0,13.0,Wedding,1,0.0,0.0,200.0,400.0,2,1,8,0,1,2,11.914217633042098,36.583333333333336,6.166666666666667,16.12390786338364,2,1,2023,0,0
3075.0,229,3480,26000.0,0.0,Birthday,2,0.0,0.0,100.0,200.0,0,0,3,0,0,1,7.469118069520253,13.369565217391305,15.130434782608695,6.578569376615915,8,3,2025,0,2
9064.0,298,962,25000.0,0.0,Birthday,3,0.0,0.0,200.0,400.0,0,0,13,0,1,0,25.96053997923157,30.31438127090301,3.217391304347826,30.944963655244027,7,3,2022,6,2
5535.0,176,3661,26000.0,0.0,Corporate Event,5,0.0,0.0,200.0,400.0,1,0,13,0,1,1,7.099945385035499,31.271186440677965,20.683615819209038,4.8061168760240305,5,2,2022,2,1
3826.0,155,66,23000.0,10.0,Birthday,2,0.0,0.0,200.0,500.0,0,0,11,0,0,2,343.2835820895522,24.525641025641026,0.4230769230769231,231.34328358208953,6,2,2022,1,2
2731.0,126,4896,26000.0,0.0,Birthday,2,0.0,0.0,100.0,200.0,0,0,3,0,0,0,5.309373085562589,21.503937007874015,38.55118110236221,2.5730038799264854,9,3,2025,6,3
9497.0,203,1417,26000.0,0.0,Corporate Event,3,0.0,0.0,200.0,400.0,1,2,6,0,1,1,18.33568406205924,46.55392156862745,6.946078431372549,14.315937940761636,10,4,2025,3,3
3250.0,203,1258,26000.0,0.0,Corporate Event,5,0.0,0.0,200.0,400.0,1,0,7,0,1,0,20.651310563939635,15.931372549019608,6.166666666666667,16.12390786338364,3,1,2023,6,1
3683.0,155,66,17000.0,2.0,Birthday,4,0.0,0.0,200.0,400.0,0,2,13,0,1,1,253.73134328358208,23.608974358974358,0.4230769230769231,231.34328358208953,3,1,2022,2,1
8284.0,229,3480,22000.0,14.0,Corporate Event,2,0.0,0.0,200.0,400.0,1,2,0,0,1,2,6.320022981901753,36.017391304347825,15.130434782608695,6.578569376615915,6,2,2025,1,2
5659.0,229,3480,21000.0,0.0,Wedding,3,0.0,0.0,300.0,500.0,2,0,17,0,0,2,6.032749209997127,24.604347826086958,15.130434782608695,6.578569376615915,8,3,2024,5,2
2936.0,239,4101,26000.0,0.0,Birthday,1,0.0,0.0,200.0,400.0,0,0,7,0,1,1,6.338371526084837,12.233333333333333,17.0875,5.826426133593369,5,2,2023,4,1
5443.0,203,1417,25000.0,18.0,Birthday,5,0.0,0.0,200.0,400.0,0,0,8,0,1,0,17.63046544428773,26.681372549019606,6.946078431372549,14.315937940761636,11,4,2022,4,3
7513.0,42,3577,21000.0,0.0,Birthday,5,0.0,0.0,100.0,200.0,0,2,15,0,0,1,5.869200670765791,174.72093023255815,83.18604651162791,1.1738401341531581,12,4,2024,6,0
11868.0,202,1983,12000.0,20.0,Corporate Event,2,0.0,0.0,300.0,500.0,1,2,17,0,0,2,6.048387096774194,58.46305418719212,9.768472906403941,10.181451612903226,3,1,2022,4,1
3761.0,203,1417,24000.0,14.0,Wedding,2,0.0,0.0,300.0,500.0,2,1,10,0,1,1,16.92524682651622,18.436274509803923,6.946078431372549,14.315937940761636,12,4,2025,6,0
11804.0,126,4896,25000.0,0.0,Birthday,1,0.0,0.0,200.0,400.0,0,1,13,0,1,0,5.105166428425567,92.94488188976378,38.55118110236221,2.5730038799264854,11,4,2023,4,3
10674.0,203,1417,26000.0,10.0,Birthday,5,0.0,0.0,200.0,400.0,0,2,6,0,1,2,18.33568406205924,52.3235294117647,6.946078431372549,14.315937940761636,10,4,2022,2,3
7695.0,202,1983,12000.0,0.0,Birthday,2,0.0,0.0,200.0,400.0,0,0,7,0,1,2,6.048387096774194,37.9064039408867,9.768472906403941,10.181451612903226,10,4,2024,0,3
10170.0,202,1983,24000.0,3.0,Birthday,5,0.0,0.0,200.0,500.0,0,1,11,0,0,1,12.096774193548388,50.09852216748769,9.768472906403941,10.181451612903226,9,3,2023,2,3
11454.0,176,3661,13000.0,14.0,Corporate Event,3,0.0,0.0,300.0,500.0,1,1,10,0,1,1,3.5499726925177497,64.71186440677967,20.683615819209038,4.8061168760240305,12,4,2025,1,0
12703.0,155,66,23000.0,20.0,Birthday,5,0.0,0.0,300.0,500.0,0,2,17,0,0,0,343.2835820895522,81.42948717948718,0.4230769230769231,231.34328358208953,1,1,2023,3,0
1912.0,298,962,26000.0,2.0,Corporate Event,2,0.0,0.0,300.0,500.0,1,2,2,0,1,1,26.99896157840083,6.394648829431438,3.217391304347826,30.944963655244027,1,1,2022,0,0
568.0,42,3577,17000.0,10.0,Birthday,3,0.0,0.0,300.0,500.0,0,0,10,0,1,0,4.751257685858021,13.209302325581396,83.18604651162791,1.1738401341531581,6,2,2025,2,2
6718.0,42,3577,13000.0,0.0,Birthday,2,0.0,0.0,200.0,400.0,0,0,0,0,1,1,3.6333147009502516,156.2325581395349,83.18604651162791,1.1738401341531581,9,3,2024,4,3
5095.0,126,4896,15000.0,2.0,Corporate Event,5,0.0,0.0,200.0,400.0,1,2,13,0,1,2,3.06309985705534,40.118110236220474,38.55118110236221,2.5730038799264854,1,1,2024,6,0
11740.0,203,1258,23000.0,0.0,Corporate Event,5,0.0,0.0,100.0,200.0,1,0,4,0,0,0,18.268467037331217,57.549019607843135,6.166666666666667,16.12390786338364,7,3,2023,4,2
6159.0,42,3577,19000.0,16.0,Corporate Event,4,0.0,0.0,200.0,500.0,1,2,11,0,0,0,5.310229178311906,143.2325581395349,83.18604651162791,1.1738401341531581,2,1,2025,4,0
12469.0,126,4896,25000.0,14.0,Birthday,2,0.0,0.0,200.0,400.0,0,2,0,0,1,0,5.105166428425567,98.18110236220473,38.55118110236221,2.5730038799264854,6,2,2025,5,2
8528.0,203,1258,26000.0,2.0,Corporate Event,3,0.0,0.0,300.0,500.0,1,2,10,0,1,1,20.651310563939635,41.80392156862745,6.166666666666667,16.12390786338364,4,2,2022,2,1
7531.0,176,3661,12000.0,7.0,Birthday,4,0.0,0.0,100.0,200.0,0,2,4,0,0,0,3.2768978700163847,42.548022598870055,20.683615819209038,4.8061168760240305,4,2,2023,0,1
8153.0,42,3577,15000.0,0.0,Corporate Event,5,0.0,0.0,300.0,500.0,1,0,16,0,1,2,4.192286193404136,189.6046511627907,83.18604651162791,1.1738401341531581,7,3,2024,2,2
5315.0,203,1258,19000.0,9.0,Birthday,5,0.0,0.0,300.0,500.0,0,2,5,0,1,1,15.091342335186656,26.05392156862745,6.166666666666667,16.12390786338364,6,2,2024,4,2
4544.0,176,3661,21000.0,3.0,Corporate Event,1,0.0,0.0,100.0,200.0,1,0,18,0,0,1,5.734571272528673,25.672316384180792,20.683615819209038,4.8061168760240305,6,2,2025,0,2
8171.0,155,66,15000.0,10.0,Corporate Event,2,0.0,0.0,200.0,400.0,1,2,0,0,1,1,223.88059701492537,52.37820512820513,0.4230769230769231,231.34328358208953,3,1,2025,3,1
6890.0,202,1983,25000.0,0.0,Birthday,2,0.0,0.0,200.0,400.0,0,0,13,0,1,2,12.600806451612904,33.94088669950739,9.768472906403941,10.181451612903226,11,4,2025,3,3
5339.0,239,4101,13000.0,0.0,Wedding,1,0.0,0.0,100.0,200.0,2,0,4,0,0,2,3.1691857630424183,22.245833333333334,17.0875,5.826426133593369,2,1,2025,3,0
3223.0,252,1608,19000.0,7.0,Corporate Event,1,0.0,0.0,300.0,500.0,1,2,10,0,1,1,11.808576755748913,12.73913043478261,6.355731225296442,15.661901802361717,1,1,2023,0,0
9371.0,42,3577,25000.0,0.0,Birthday,4,0.0,0.0,200.0,400.0,0,1,13,0,1,1,6.98714365567356,217.93023255813952,83.18604651162791,1.1738401341531581,7,3,2023,0,2
12553.0,252,1608,12000.0,4.0,Wedding,5,0.0,0.0,300.0,500.0,2,1,17,0,0,2,7.458048477315103,49.616600790513836,6.355731225296442,15.661901802361717,11,4,2022,4,3
8171.0,298,962,21000.0,4.0,Wedding,1,0.0,0.0,200.0,400.0,2,2,1,0,1,1,21.806853582554517,27.327759197324415,3.217391304347826,30.944963655244027,2,1,2025,6,0
3384.0,176,3661,26000.0,3.0,Wedding,1,0.0,0.0,200.0,400.0,2,1,12,0,1,1,7.099945385035499,19.11864406779661,20.683615819209038,4.8061168760240305,11,4,2024,0,3
14021.0,126,4896,19000.0,9.0,Birthday,2,0.0,0.0,300.0,500.0,0,2,5,0,1,2,3.8799264856034306,110.4015748031496,38.55118110236221,2.5730038799264854,9,3,2025,1,3
8196.0,155,66,17000.0,3.0,Birthday,2,0.0,0.0,200.0,400.0,0,2,12,0,1,2,253.73134328358208,52.53846153846154,0.4230769230769231,231.34328358208953,4,2,2022,1,1
1476.0,42,3577,22000.0,7.0,Wedding,5,0.0,0.0,300.0,500.0,2,0,5,0,1,0,6.148686416992733,34.325581395348834,83.18604651162791,1.1738401341531581,2,1,2025,1,0
7472.0,249,22215,20000.0,2.0,Corporate Event,1,0.0,0.0,200.0,400.0,1,2,7,0,1,2,0.9002520705797623,29.888,88.86,1.120813827871804,10,4,2025,3,3
8256.0,203,1258,20000.0,16.0,Wedding,5,0.0,0.0,200.0,400.0,2,2,8,0,1,2,15.885623510722796,40.470588235294116,6.166666666666667,16.12390786338364,6,2,2022,3,2
3566.0,239,4101,15000.0,20.0,Wedding,1,0.0,0.0,300.0,500.0,2,2,17,0,0,2,3.6567528035104826,14.858333333333333,17.0875,5.826426133593369,7,3,2024,1,2
2428.0,42,3577,15000.0,0.0,Corporate Event,2,0.0,0.0,200.0,500.0,1,2,11,0,0,0,4.192286193404136,56.46511627906977,83.18604651162791,1.1738401341531581,12,4,2023,6,0
7035.0,252,1608,25000.0,10.0,Wedding,4,0.0,0.0,100.0,200.0,2,2,3,0,0,0,15.537600994406464,27.806324110671937,6.355731225296442,15.661901802361717,8,3,2022,2,2
11589.0,249,22215,12000.0,8.0,Birthday,4,0.0,0.0,300.0,500.0,0,2,2,0,1,1,0.5401512423478574,46.356,88.86,1.120813827871804,7,3,2022,6,2
12120.0,298,962,23000.0,15.0,Birthday,5,0.0,0.0,200.0,400.0,0,1,1,0,1,1,23.883696780893043,40.53511705685619,3.217391304347826,30.944963655244027,12,4,2023,1,0
54270.0,126,4896,23000.0,3.0,Corporate Event,4,0.0,0.0,200.0,500.0,1,1,11,0,0,1,4.696753114151521,427.3228346456693,38.55118110236221,2.5730038799264854,9,3,2025,4,3
8268.0,203,1417,26000.0,0.0,Wedding,4,0.0,0.0,100.0,200.0,2,0,3,0,0,0,18.33568406205924,40.529411764705884,6.946078431372549,14.315937940761636,6,2,2022,6,2
6408.0,298,962,23000.0,2.0,Birthday,3,0.0,0.0,200.0,400.0,0,2,12,0,1,2,23.883696780893043,21.431438127090303,3.217391304347826,30.944963655244027,2,1,2022,3,0
275.0,239,4101,21000.0,1.0,Wedding,2,0.0,0.0,100.0,200.0,2,2,15,0,0,2,5.1194539249146755,1.1458333333333333,17.0875,5.826426133593369,11,4,2024,6,3
5240.0,252,1608,20000.0,2.0,Corporate Event,1,0.0,0.0,200.0,400.0,1,2,7,0,1,2,12.430080795525171,20.711462450592887,6.355731225296442,15.661901802361717,12,4,2025,1,0
6656.0,298,962,12000.0,6.0,Birthday,5,0.0,0.0,300.0,500.0,0,1,2,0,1,1,12.461059190031152,22.26086956521739,3.217391304347826,30.944963655244027,8,3,2024,4,2
13087.0,249,22215,23000.0,10.0,Birthday,2,0.0,0.0,200.0,400.0,0,2,6,0,1,1,1.0352898811667266,52.348,88.86,1.120813827871804,3,1,2023,0,1
11800.0,239,4101,15000.0,2.0,Wedding,5,0.0,0.0,100.0,200.0,2,2,4,0,0,0,3.6567528035104826,49.166666666666664,17.0875,5.826426133593369,1,1,2024,6,0
6940.0,203,1417,26000.0,14.0,Corporate Event,4,0.0,0.0,200.0,400.0,1,2,0,0,1,0,18.33568406205924,34.01960784313726,6.946078431372549,14.315937940761636,12,4,2022,3,0
2805.0,126,4896,23000.0,0.0,Birthday,1,0.0,0.0,200.0,400.0,0,2,6,0,1,0,4.696753114151521,22.086614173228348,38.55118110236221,2.5730038799264854,6,2,2025,3,2
14659.0,203,1417,13000.0,2.0,Corporate Event,2,0.0,0.0,200.0,400.0,1,2,7,0,1,0,9.16784203102962,71.8578431372549,6.946078431372549,14.315937940761636,1,1,2023,6,0
2270.0,252,1608,24000.0,4.0,Corporate Event,5,0.0,0.0,300.0,500.0,1,0,2,0,1,1,14.916096954630206,8.972332015810277,6.355731225296442,15.661901802361717,3,1,2024,5,1
991.0,249,22215,22000.0,7.0,Corporate Event,3,0.0,0.0,100.0,200.0,1,1,18,0,0,0,0.9902772776377385,3.964,88.86,1.120813827871804,1,1,2024,5,0
11416.0,155,66,23000.0,10.0,Birthday,3,0.0,0.0,200.0,400.0,0,2,6,0,1,2,343.2835820895522,73.17948717948718,0.4230769230769231,231.34328358208953,5,2,2025,3,1
9285.0,126,4896,17000.0,2.0,Birthday,1,0.0,0.0,100.0,200.0,0,2,4,0,0,2,3.471513171329385,73.11023622047244,38.55118110236221,2.5730038799264854,2,1,2022,4,0
13144.0,202,1983,15000.0,4.0,Birthday,2,0.0,0.0,300.0,500.0,0,2,5,0,1,2,7.560483870967742,64.7487684729064,9.768472906403941,10.181451612903226,6,2,2022,3,2
916.0,176,3661,26000.0,12.0,Corporate Event,1,0.0,0.0,200.0,500.0,1,1,9,0,0,1,7.099945385035499,5.175141242937853,20.683615819209038,4.8061168760240305,4,2,2024,4,1
8133.0,155,66,26000.0,10.0,Wedding,4,0.0,0.0,200.0,400.0,2,2,6,0,1,2,388.05970149253733,52.13461538461539,0.4230769230769231,231.34328358208953,6,2,2023,3,2
72600.0,239,4101,24000.0,20.0,Wedding,3,0.0,0.0,200.0,400.0,2,2,8,0,1,0,5.850804485616773,302.5,17.0875,5.826426133593369,4,2,2023,6,1
5994.0,203,1258,19000.0,10.0,Wedding,3,0.0,0.0,200.0,400.0,2,2,0,0,1,1,15.091342335186656,29.38235294117647,6.166666666666667,16.12390786338364,4,2,2022,2,1
11860.0,126,4896,15000.0,0.0,Wedding,3,0.0,0.0,200.0,400.0,2,2,6,0,1,0,3.06309985705534,93.38582677165354,38.55118110236221,2.5730038799264854,6,2,2022,0,2
3660.0,252,1608,15000.0,3.0,Birthday,4,0.0,0.0,200.0,500.0,0,2,9,0,0,1,9.322560596643878,14.466403162055336,6.355731225296442,15.661901802361717,7,3,2023,6,2
2289.0,203,1258,15000.0,2.0,Corporate Event,2,0.0,0.0,200.0,400.0,1,2,7,0,1,1,11.914217633042098,11.220588235294118,6.166666666666667,16.12390786338364,6,2,2022,4,2
2133.0,229,3480,17000.0,1.0,Corporate Event,5,0.0,0.0,100.0,200.0,1,2,15,0,0,1,4.883654122378627,9.273913043478261,15.130434782608695,6.578569376615915,6,2,2025,0,2
7047.0,252,1608,15000.0,6.0,Corporate Event,5,0.0,0.0,200.0,400.0,1,1,7,0,1,0,9.322560596643878,27.85375494071146,6.355731225296442,15.661901802361717,8,3,2023,1,2
12264.0,126,4896,12000.0,7.0,Corporate Event,5,0.0,0.0,100.0,200.0,1,1,18,0,0,1,2.450479885644272,96.56692913385827,38.55118110236221,2.5730038799264854,2,1,2024,0,0
3711.0,176,3661,26000.0,10.0,Birthday,4,0.0,0.0,200.0,500.0,0,0,11,0,0,1,7.099945385035499,20.966101694915253,20.683615819209038,4.8061168760240305,5,2,2024,5,1
6325.0,229,3480,26000.0,8.0,Birthday,4,0.0,0.0,100.0,200.0,0,2,18,0,0,1,7.469118069520253,27.5,15.130434782608695,6.578569376615915,1,1,2023,0,0
9500.0,203,1417,12000.0,0.0,Wedding,1,0.0,0.0,200.0,400.0,2,0,7,0,1,0,8.46262341325811,46.568627450980394,6.946078431372549,14.315937940761636,10,4,2024,5,3
12629.0,229,3480,23000.0,1.0,Corporate Event,1,0.0,0.0,100.0,200.0,1,2,15,0,0,0,6.607296753806377,54.90869565217391,15.130434782608695,6.578569376615915,12,4,2023,5,0
12101.0,239,4101,17000.0,4.0,Wedding,3,0.0,0.0,300.0,500.0,2,0,2,0,1,1,4.144319843978547,50.420833333333334,17.0875,5.826426133593369,2,1,2024,1,0
4274.0,155,66,25000.0,4.0,Wedding,5,0.0,0.0,300.0,500.0,2,2,5,0,1,1,373.13432835820896,27.397435897435898,0.4230769230769231,231.34328358208953,4,2,2025,2,1
13609.0,202,1983,25000.0,10.0,Corporate Event,2,0.0,0.0,200.0,500.0,1,0,11,0,0,2,12.600806451612904,67.03940886699507,9.768472906403941,10.181451612903226,4,2,2022,3,1
3856.0,126,4896,23000.0,14.0,Wedding,5,0.0,0.0,200.0,400.0,2,2,0,0,1,0,4.696753114151521,30.362204724409448,38.55118110236221,2.5730038799264854,12,4,2025,0,0
6718.0,203,1417,24000.0,0.0,Birthday,5,0.0,0.0,300.0,500.0,0,0,14,0,1,0,16.92524682651622,32.931372549019606,6.946078431372549,14.315937940761636,7,3,2025,1,2
3819.0,176,3661,17000.0,2.0,Wedding,3,0.0,0.0,300.0,500.0,2,2,10,0,1,1,4.642271982523211,21.576271186440678,20.683615819209038,4.8061168760240305,3,1,2024,6,1
1382.0,203,1417,23000.0,5.0,Birthday,1,0.0,0.0,300.0,500.0,0,1,16,0,1,0,16.22002820874471,6.7745098039215685,6.946078431372549,14.315937940761636,10,4,2022,1,3
9928.0,155,66,19000.0,16.0,Corporate Event,3,0.0,0.0,200.0,400.0,1,2,8,0,1,0,283.5820895522388,63.64102564102564,0.4230769230769231,231.34328358208953,11,4,2022,4,3
448.0,202,1983,23000.0,3.0,Wedding,3,0.0,0.0,200.0,400.0,2,2,12,0,1,1,11.59274193548387,2.206896551724138,9.768472906403941,10.181451612903226,4,2,2025,1,1
11013.0,203,1258,26000.0,2.0,Birthday,2,0.0,0.0,100.0,200.0,0,2,4,0,0,0,20.651310563939635,53.98529411764706,6.166666666666667,16.12390786338364,6,2,2025,2,2
719.0,239,4101,21000.0,7.0,Wedding,3,0.0,0.0,300.0,500.0,2,2,10,0,1,2,5.1194539249146755,2.995833333333333,17.0875,5.826426133593369,4,2,2024,0,1
8595.0,203,1258,23000.0,3.0,Birthday,4,0.0,0.0,200.0,500.0,0,1,11,0,0,2,18.268467037331217,42.13235294117647,6.166666666666667,16.12390786338364,1,1,2024,2,0
5142.0,252,1608,22000.0,10.0,Wedding,2,0.0,0.0,200.0,400.0,2,2,0,0,1,1,13.673088875077688,20.324110671936758,6.355731225296442,15.661901802361717,5,2,2023,4,1
2999.0,42,3577,17000.0,3.0,Wedding,5,0.0,0.0,100.0,200.0,2,0,18,0,0,1,4.751257685858021,69.74418604651163,83.18604651162791,1.1738401341531581,5,2,2022,5,1
9727.0,249,22215,22000.0,3.0,Birthday,1,0.0,0.0,200.0,400.0,0,2,12,0,1,2,0.9902772776377385,38.908,88.86,1.120813827871804,3,1,2024,6,1
5962.0,203,1258,25000.0,9.0,Corporate Event,2,0.0,0.0,300.0,500.0,1,2,5,0,1,2,19.857029388403493,29.225490196078432,6.166666666666667,16.12390786338364,4,2,2024,1,1
458.0,298,962,25000.0,4.0,Birthday,1,0.0,0.0,200.0,400.0,0,2,1,0,1,0,25.96053997923157,1.5317725752508362,3.217391304347826,30.944963655244027,5,2,2025,5,1
6209.0,155,66,19000.0,7.0,Birthday,2,0.0,0.0,100.0,200.0,0,0,15,0,0,1,283.5820895522388,39.80128205128205,0.4230769230769231,231.34328358208953,8,3,2023,4,2
2640.0,176,3661,26000.0,10.0,Birthday,4,0.0,0.0,200.0,400.0,0,2,6,0,1,1,7.099945385035499,14.915254237288135,20.683615819209038,4.8061168760240305,9,3,2024,3,3
8435.0,203,1417,20000.0,14.0,Birthday,1,0.0,0.0,200.0,400.0,0,2,0,0,1,0,14.104372355430183,41.34803921568628,6.946078431372549,14.315937940761636,7,3,2024,6,2
12846.0,249,22215,15000.0,16.0,Wedding,2,0.0,0.0,200.0,400.0,2,2,1,0,1,2,0.6751890529348218,51.384,88.86,1.120813827871804,10,4,2024,1,3
1305.0,249,22215,23000.0,10.0,Wedding,3,0.0,0.0,200.0,400.0,2,2,6,0,1,0,1.0352898811667266,5.22,88.86,1.120813827871804,3,1,2025,5,1
10765.0,176,3661,17000.0,5.0,Corporate Event,4,0.0,0.0,300.0,500.0,1,1,5,0,1,1,4.642271982523211,60.81920903954802,20.683615819209038,4.8061168760240305,5,2,2025,0,1
1195.0,229,3480,25000.0,10.0,Wedding,3,0.0,0.0,200.0,500.0,2,0,11,0,0,1,7.181844297615628,5.195652173913044,15.130434782608695,6.578569376615915,8,3,2024,3,2
5680.0,298,962,15000.0,10.0,Wedding,4,0.0,0.0,100.0,200.0,2,1,4,0,0,1,15.576323987538942,18.99665551839465,3.217391304347826,30.944963655244027,4,2,2023,3,1
4101.0,229,3480,22000.0,0.0,Corporate Event,4,0.0,0.0,100.0,200.0,1,0,4,0,0,1,6.320022981901753,17.830434782608695,15.130434782608695,6.578569376615915,8,3,2025,3,2
7411.0,229,3480,25000.0,14.0,Corporate Event,4,0.0,0.0,200.0,400.0,1,2,0,0,1,2,7.181844297615628,32.221739130434784,15.130434782608695,6.578569376615915,9,3,2024,4,3
2589.0,298,962,22000.0,0.0,Wedding,1,0.0,0.0,100.0,200.0,2,1,15,0,0,0,22.84527518172378,8.658862876254181,3.217391304347826,30.944963655244027,8,3,2025,2,2
11137.0,298,962,26000.0,3.0,Birthday,1,0.0,0.0,200.0,500.0,0,1,11,0,0,1,26.99896157840083,37.247491638795985,3.217391304347826,30.944963655244027,12,4,2024,6,0
13284.0,239,4101,24000.0,0.0,Wedding,5,0.0,0.0,200.0,400.0,2,0,6,0,1,1,5.850804485616773,55.35,17.0875,5.826426133593369,5,2,2023,1,1
6307.0,203,1417,19000.0,4.0,Birthday,4,0.0,0.0,100.0,200.0,0,2,18,0,0,2,13.399153737658674,30.916666666666668,6.946078431372549,14.315937940761636,10,4,2025,6,3
3148.0,249,22215,19000.0,11.0,Birthday,2,0.0,0.0,200.0,400.0,0,1,0,0,1,1,0.8552394670507742,12.592,88.86,1.120813827871804,9,3,2025,1,3
3283.0,203,1417,19000.0,10.0,Birthday,2,0.0,0.0,200.0,500.0,0,0,11,0,0,0,13.399153737658674,16.09313725490196,6.946078431372549,14.315937940761636,2,1,2023,2,0
2188.0,176,3661,20000.0,0.0,Corporate Event,4,0.0,0.0,100.0,200.0,1,1,15,0,0,2,5.461496450027307,12.361581920903955,20.683615819209038,4.8061168760240305,9,3,2025,6,3
2622.0,229,3480,26000.0,10.0,Wedding,2,0.0,0.0,300.0,500.0,2,0,10,0,1,2,7.469118069520253,11.4,15.130434782608695,6.578569376615915,5,2,2023,1,1
8189.0,298,962,12000.0,0.0,Birthday,3,0.0,0.0,100.0,200.0,0,1,15,0,0,2,12.461059190031152,27.387959866220736,3.217391304347826,30.944963655244027,3,1,2024,5,1
3990.0,203,1258,21000.0,0.0,Birthday,4,0.0,0.0,100.0,200.0,0,2,3,0,0,2,16.679904686258936,19.558823529411764,6.166666666666667,16.12390786338364,4,2,2022,6,1
5443.0,203,1417,22000.0,16.0,Birthday,4,0.0,0.0,200.0,400.0,0,2,1,0,1,1,15.514809590973202,26.681372549019606,6.946078431372549,14.315937940761636,7,3,2024,1,2
771.0,203,1417,20000.0,0.0,Corporate Event,3,0.0,0.0,300.0,500.0,1,2,16,0,1,2,14.104372355430183,3.7794117647058822,6.946078431372549,14.315937940761636,4,2,2022,1,1
2914.0,203,1258,21000.0,5.0,Corporate Event,2,0.0,0.0,300.0,500.0,1,2,14,0,1,2,16.679904686258936,14.284313725490197,6.166666666666667,16.12390786338364,3,1,2022,1,1
10697.0,239,4101,24000.0,7.0,Birthday,2,0.0,0.0,300.0,500.0,0,2,10,0,1,1,5.850804485616773,44.57083333333333,17.0875,5.826426133593369,11,4,2024,6,3
11799.0,229,3480,17000.0,9.0,Wedding,1,0.0,0.0,200.0,400.0,2,1,6,0,1,1,4.883654122378627,51.3,15.130434782608695,6.578569376615915,6,2,2023,4,2
8682.0,239,4101,19000.0,2.0,Birthday,5,0.0,0.0,200.0,400.0,0,2,12,0,1,2,4.631886884446612,36.175,17.0875,5.826426133593369,2,1,2023,2,0
1738.0,203,1258,20000.0,3.0,Wedding,2,0.0,0.0,200.0,500.0,2,1,11,0,0,1,15.885623510722796,8.519607843137255,6.166666666666667,16.12390786338364,8,3,2022,1,2
12657.0,203,1417,24000.0,0.0,Birthday,2,0.0,0.0,300.0,500.0,0,0,14,0,1,1,16.92524682651622,62.044117647058826,6.946078431372549,14.315937940761636,1,1,2022,5,0
4116.0,203,1417,17000.0,0.0,Wedding,5,0.0,0.0,200.0,400.0,2,0,7,0,1,1,11.988716502115656,20.176470588235293,6.946078431372549,14.315937940761636,10,4,2023,1,3
7010.0,176,3661,21000.0,12.0,Corporate Event,1,0.0,0.0,200.0,500.0,1,1,9,0,0,2,5.734571272528673,39.6045197740113,20.683615819209038,4.8061168760240305,9,3,2022,4,3
13802.0,176,3661,21000.0,10.0,Corporate Event,1,0.0,0.0,200.0,400.0,1,2,0,0,1,0,5.734571272528673,77.9774011299435,20.683615819209038,4.8061168760240305,12,4,2022,3,0
11699.0,239,4101,17000.0,8.0,Birthday,4,0.0,0.0,100.0,200.0,0,2,18,0,0,0,4.144319843978547,48.74583333333333,17.0875,5.826426133593369,5,2,2024,5,1
8761.0,126,4896,23000.0,0.0,Birthday,1,0.0,0.0,300.0,500.0,0,0,14,0,1,2,4.696753114151521,68.98425196850394,38.55118110236221,2.5730038799264854,12,4,2023,3,0
5442.0,239,4101,15000.0,0.0,Birthday,5,0.0,0.0,200.0,400.0,0,1,13,0,1,1,3.6567528035104826,22.675,17.0875,5.826426133593369,7,3,2025,1,2
11812.0,126,4896,20000.0,4.0,Corporate Event,3,0.0,0.0,200.0,400.0,1,2,1,0,1,1,4.084133142740454,93.00787401574803,38.55118110236221,2.5730038799264854,4,2,2024,1,1
4588.0,42,3577,17000.0,8.0,Wedding,1,0.0,0.0,100.0,200.0,2,2,18,0,0,0,4.751257685858021,106.69767441860465,83.18604651162791,1.1738401341531581,2,1,2025,4,0
3179.0,202,1983,15000.0,0.0,Birthday,4,0.0,0.0,300.0,500.0,0,0,17,0,0,0,7.560483870967742,15.660098522167488,9.768472906403941,10.181451612903226,9,3,2022,0,3
9334.0,249,22215,12000.0,2.0,Birthday,5,0.0,0.0,100.0,200.0,0,2,4,0,0,2,0.5401512423478574,37.336,88.86,1.120813827871804,4,2,2025,1,1
6745.0,203,1417,23000.0,10.0,Corporate Event,4,0.0,0.0,300.0,500.0,1,0,10,0,1,0,16.22002820874471,33.06372549019608,6.946078431372549,14.315937940761636,12,4,2022,0,0
9076.0,229,3480,22000.0,20.0,Wedding,2,0.0,0.0,300.0,500.0,2,2,17,0,0,1,6.320022981901753,39.46086956521739,15.130434782608695,6.578569376615915,3,1,2024,5,1
11184.0,202,1983,23000.0,20.0,Corporate Event,3,0.0,0.0,300.0,500.0,1,2,17,0,0,0,11.59274193548387,55.0935960591133,9.768472906403941,10.181451612903226,12,4,2023,4,0
11901.0,203,1417,20000.0,0.0,Wedding,1,0.0,0.0,300.0,500.0,2,2,16,0,1,0,14.104372355430183,58.338235294117645,6.946078431372549,14.315937940761636,4,2,2022,1,1
2985.0,298,962,24000.0,0.0,Birthday,1,0.0,0.0,200.0,400.0,0,0,7,0,1,0,24.922118380062305,9.983277591973245,3.217391304347826,30.944963655244027,6,2,2024,6,2
6273.0,249,22215,15000.0,8.0,Birthday,2,0.0,0.0,300.0,500.0,0,2,2,0,1,2,0.6751890529348218,25.092,88.86,1.120813827871804,3,1,2025,0,1
8292.0,229,3480,19000.0,10.0,Wedding,3,0.0,0.0,200.0,500.0,2,0,11,0,0,2,5.458201666187877,36.052173913043475,15.130434782608695,6.578569376615915,4,2,2025,5,1
2040.0,176,3661,21000.0,0.0,Corporate Event,1,0.0,0.0,200.0,400.0,1,0,6,0,1,1,5.734571272528673,11.525423728813559,20.683615819209038,4.8061168760240305,3,1,2025,2,1
7588.0,239,4101,15000.0,2.0,Wedding,1,0.0,0.0,200.0,400.0,2,2,12,0,1,1,3.6567528035104826,31.616666666666667,17.0875,5.826426133593369,6,2,2022,6,2
4404.0,176,3661,12000.0,0.0,Birthday,1,0.0,0.0,300.0,500.0,0,0,16,0,1,2,3.2768978700163847,24.88135593220339,20.683615819209038,4.8061168760240305,6,2,2025,3,2
13709.0,249,22215,23000.0,0.0,Birthday,3,0.0,0.0,200.0,400.0,0,0,0,0,1,2,1.0352898811667266,54.836,88.86,1.120813827871804,8,3,2024,5,2
12998.0,155,66,15000.0,15.0,Corporate Event,3,0.0,0.0,200.0,400.0,1,1,1,0,1,1,223.88059701492537,83.32051282051282,0.4230769230769231,231.34328358208953,10,4,2025,1,3
8680.0,42,3577,21000.0,0.0,Wedding,5,0.0,0.0,200.0,400.0,2,0,6,0,1,2,5.869200670765791,201.86046511627907,83.18604651162791,1.1738401341531581,8,3,2022,3,2
7595.0,202,1983,20000.0,0.0,Birthday,3,0.0,0.0,200.0,400.0,0,0,12,0,1,2,10.080645161290322,37.41379310344828,9.768472906403941,10.181451612903226,3,1,2022,2,1
7508.0,298,962,20000.0,3.0,Wedding,4,0.0,0.0,200.0,400.0,2,1,12,0,1,1,20.768431983385256,25.110367892976587,3.217391304347826,30.944963655244027,8,3,2025,0,2
10052.0,203,1417,26000.0,0.0,Wedding,3,0.0,0.0,300.0,500.0,2,0,16,0,1,2,18.33568406205924,49.27450980392157,6.946078431372549,14.315937940761636,4,2,2025,3,1
4719.0,155,66,22000.0,0.0,Wedding,2,0.0,0.0,300.0,500.0,2,0,16,0,1,0,328.35820895522386,30.25,0.4230769230769231,231.34328358208953,10,4,2024,4,3
3463.0,298,962,22000.0,16.0,Corporate Event,5,0.0,0.0,200.0,400.0,1,2,1,0,1,0,22.84527518172378,11.581939799331103,3.217391304347826,30.944963655244027,7,3,2022,2,2
806.0,239,4101,24000.0,7.0,Birthday,2,0.0,0.0,300.0,500.0,0,2,10,0,1,1,5.850804485616773,3.3583333333333334,17.0875,5.826426133593369,6,2,2024,6,2
1721.0,176,3661,23000.0,0.0,Corporate Event,1,0.0,0.0,100.0,200.0,1,0,4,0,0,0,6.280720917531403,9.72316384180791,20.683615819209038,4.8061168760240305,9,3,2022,0,3
13870.0,126,4896,22000.0,3.0,Corporate Event,5,0.0,0.0,200.0,500.0,1,1,11,0,0,1,4.492546457014499,109.21259842519684,38.55118110236221,2.5730038799264854,3,1,2024,1,1
5999.0,249,22215,15000.0,20.0,Corporate Event,2,0.0,0.0,300.0,500.0,1,2,17,0,0,1,0.6751890529348218,23.996,88.86,1.120813827871804,5,2,2024,4,1
4040.0,298,962,17000.0,14.0,Corporate Event,5,0.0,0.0,200.0,400.0,1,2,0,0,1,1,17.653167185877468,13.511705685618729,3.217391304347826,30.944963655244027,7,3,2023,6,2
5948.0,239,4101,25000.0,16.0,Birthday,1,0.0,0.0,200.0,500.0,0,2,11,0,0,2,6.094588005850804,24.783333333333335,17.0875,5.826426133593369,8,3,2024,5,2
4247.0,229,3480,22000.0,2.0,Corporate Event,3,0.0,0.0,200.0,400.0,1,0,1,0,1,0,6.320022981901753,18.465217391304346,15.130434782608695,6.578569376615915,9,3,2025,5,3
13874.0,298,962,19000.0,10.0,Birthday,2,0.0,0.0,200.0,400.0,0,2,0,0,1,0,19.73001038421599,46.40133779264214,3.217391304347826,30.944963655244027,7,3,2025,0,2
8554.0,202,1983,23000.0,0.0,Wedding,5,0.0,0.0,200.0,500.0,2,2,11,0,0,1,11.59274193548387,42.13793103448276,9.768472906403941,10.181451612903226,9,3,2022,3,3
9075.0,126,4896,21000.0,5.0,Wedding,4,0.0,0.0,300.0,500.0,2,1,16,0,1,1,4.288339799877476,71.45669291338582,38.55118110236221,2.5730038799264854,12,4,2024,2,0
6160.0,239,4101,23000.0,10.0,Corporate Event,3,0.0,0.0,200.0,400.0,1,2,0,0,1,0,5.60702096538274,25.666666666666668,17.0875,5.826426133593369,5,2,2022,3,1
8090.0,176,3661,26000.0,9.0,Corporate Event,2,0.0,0.0,200.0,400.0,1,1,6,0,1,2,7.099945385035499,45.706214689265536,20.683615819209038,4.8061168760240305,6,2,2022,6,2
7509.0,249,22215,20000.0,0.0,Corporate Event,2,0.0,0.0,300.0,500.0,1,0,17,0,0,2,0.9002520705797623,30.036,88.86,1.120813827871804,11,4,2023,1,3
14533.0,298,962,21000.0,2.0,Birthday,5,0.0,0.0,300.0,500.0,0,2,10,0,1,1,21.806853582554517,48.60535117056856,3.217391304347826,30.944963655244027,7,3,2023,6,2
9344.0,176,3661,24000.0,10.0,Corporate Event,3,0.0,0.0,200.0,500.0,1,0,11,0,0,2,6.553795740032769,52.7909604519774,20.683615819209038,4.8061168760240305,7,3,2025,2,2
11592.0,202,1983,12000.0,10.0,Birthday,4,0.0,0.0,100.0,200.0,0,2,3,0,0,0,6.048387096774194,57.10344827586207,9.768472906403941,10.181451612903226,11,4,2023,2,3
3912.0,203,1258,22000.0,0.0,Corporate Event,2,0.0,0.0,300.0,500.0,1,2,16,0,1,0,17.474185861795075,19.176470588235293,6.166666666666667,16.12390786338364,3,1,2023,5,1
7619.0,126,4896,26000.0,0.0,Corporate Event,2,0.0,0.0,300.0,500.0,1,2,16,0,1,1,5.309373085562589,59.99212598425197,38.55118110236221,2.5730038799264854,4,2,2024,1,1
10568.0,298,962,21000.0,10.0,Corporate Event,4,0.0,0.0,200.0,400.0,1,2,6,0,1,0,21.806853582554517,35.34448160535117,3.217391304347826,30.944963655244027,2,1,2024,3,0
4324.0,229,3480,17000.0,0.0,Birthday,1,0.0,0.0,300.0,500.0,0,0,17,0,0,0,4.883654122378627,18.8,15.130434782608695,6.578569376615915,9,3,2025,6,3
4754.0,126,4896,13000.0,18.0,Corporate Event,5,0.0,0.0,200.0,400.0,1,0,8,0,1,0,2.6546865427812945,37.43307086614173,38.55118110236221,2.5730038799264854,2,1,2022,2,0
12237.0,252,1608,21000.0,2.0,Corporate Event,3,0.0,0.0,100.0,200.0,1,2,4,0,0,2,13.05158483530143,48.36758893280632,6.355731225296442,15.661901802361717,10,4,2024,2,3
5914.0,249,22215,19000.0,2.0,Corporate Event,2,0.0,0.0,300.0,500.0,1,2,10,0,1,1,0.8552394670507742,23.656,88.86,1.120813827871804,3,1,2025,2,1
6753.0,176,3661,24000.0,20.0,Corporate Event,4,0.0,0.0,300.0,500.0,1,2,17,0,0,0,6.553795740032769,38.152542372881356,20.683615819209038,4.8061168760240305,10,4,2025,5,3
13903.0,249,22215,13000.0,4.0,Corporate Event,5,0.0,0.0,300.0,500.0,1,2,5,0,1,0,0.5851638458768456,55.612,88.86,1.120813827871804,11,4,2025,1,3
11734.0,249,22215,25000.0,10.0,Wedding,3,0.0,0.0,300.0,500.0,2,0,10,0,1,1,1.125315088224703,46.936,88.86,1.120813827871804,8,3,2025,0,2
7718.0,239,4101,26000.0,2.0,Wedding,2,0.0,0.0,200.0,400.0,2,2,7,0,1,2,6.338371526084837,32.15833333333333,17.0875,5.826426133593369,3,1,2023,5,1
2187.0,239,4101,15000.0,12.0,Corporate Event,2,0.0,0.0,200.0,500.0,1,1,9,0,0,0,3.6567528035104826,9.1125,17.0875,5.826426133593369,4,2,2025,3,1
48820.0,126,4896,26000.0,4.0,Birthday,5,0.0,0.0,200.0,400.0,0,2,1,0,1,0,5.309373085562589,384.40944881889766,38.55118110236221,2.5730038799264854,10,4,2024,3,3
7992.0,252,1608,20000.0,7.0,Birthday,2,0.0,0.0,100.0,200.0,0,1,18,0,0,0,12.430080795525171,31.58893280632411,6.355731225296442,15.661901802361717,12,4,2025,2,0
2219.0,298,962,23000.0,20.0,Corporate Event,2,0.0,0.0,300.0,500.0,1,2,17,0,0,0,23.883696780893043,7.421404682274248,3.217391304347826,30.944963655244027,1,1,2023,6,0
8859.0,202,1983,26000.0,2.0,Wedding,1,0.0,0.0,200.0,400.0,2,2,7,0,1,1,13.10483870967742,43.64039408866995,9.768472906403941,10.181451612903226,10,4,2022,5,3
13526.0,202,1983,12000.0,16.0,Wedding,4,0.0,0.0,300.0,500.0,2,2,14,0,1,2,6.048387096774194,66.63054187192118,9.768472906403941,10.181451612903226,9,3,2022,6,3
12499.0,42,3577,22000.0,4.0,Birthday,5,0.0,0.0,100.0,200.0,0,2,18,0,0,2,6.148686416992733,290.6744186046512,83.18604651162791,1.1738401341531581,7,3,2022,1,2
314.0,126,4896,13000.0,2.0,Wedding,1,0.0,0.0,200.0,500.0,2,0,9,0,0,0,2.6546865427812945,2.47244094488189,38.55118110236221,2.5730038799264854,10,4,2024,5,3
616.0,229,3480,26000.0,0.0,Birthday,5,0.0,0.0,200.0,400.0,0,0,0,0,1,2,7.469118069520253,2.6782608695652175,15.130434782608695,6.578569376615915,11,4,2024,3,3
3062.0,202,1983,26000.0,13.0,Wedding,4,0.0,0.0,200.0,400.0,2,1,8,0,1,0,13.10483870967742,15.083743842364532,9.768472906403941,10.181451612903226,8,3,2024,1,2
13465.0,126,4896,26000.0,5.0,Birthday,1,0.0,0.0,300.0,500.0,0,2,14,0,1,0,5.309373085562589,106.02362204724409,38.55118110236221,2.5730038799264854,11,4,2022,5,3
8972.0,126,4896,25000.0,0.0,Corporate Event,1,0.0,0.0,300.0,500.0,1,0,17,0,0,0,5.105166428425567,70.64566929133858,38.55118110236221,2.5730038799264854,1,1,2023,3,0
8307.0,176,3661,20000.0,2.0,Corporate Event,4,0.0,0.0,300.0,500.0,1,2,10,0,1,2,5.461496450027307,46.932203389830505,20.683615819209038,4.8061168760240305,11,4,2022,3,3
10110.0,176,3661,26000.0,0.0,Birthday,5,0.0,0.0,300.0,500.0,0,0,14,0,1,0,7.099945385035499,57.11864406779661,20.683615819209038,4.8061168760240305,2,1,2023,4,0
13093.0,252,1608,13000.0,10.0,Birthday,3,0.0,0.0,100.0,200.0,0,1,4,0,0,1,8.079552517091361,51.75098814229249,6.355731225296442,15.661901802361717,1,1,2023,0,0
13092.0,229,3480,17000.0,0.0,Corporate Event,3,0.0,0.0,100.0,200.0,1,2,3,0,0,2,4.883654122378627,56.92173913043478,15.130434782608695,6.578569376615915,6,2,2023,6,2
7845.0,203,1417,19000.0,20.0,Birthday,4,0.0,0.0,200.0,400.0,0,2,8,0,1,0,13.399153737658674,38.455882352941174,6.946078431372549,14.315937940761636,2,1,2023,6,0
87710.0,155,66,24000.0,3.0,Wedding,1,0.0,0.0,200.0,500.0,2,1,11,0,0,2,358.2089552238806,562.2435897435897,0.4230769230769231,231.34328358208953,4,2,2025,1,1
5738.0,239,4101,22000.0,13.0,Wedding,4,0.0,0.0,200.0,400.0,2,1,8,0,1,0,5.363237445148708,23.908333333333335,17.0875,5.826426133593369,12,4,2022,2,0
13069.0,202,1983,19000.0,3.0,Wedding,2,0.0,0.0,200.0,500.0,2,1,11,0,0,1,9.576612903225806,64.37931034482759,9.768472906403941,10.181451612903226,11,4,2025,2,3
12548.0,42,3577,23000.0,0.0,Corporate Event,5,0.0,0.0,200.0,400.0,1,0,7,0,1,1,6.428172163219676,291.8139534883721,83.18604651162791,1.1738401341531581,4,2,2022,4,1
3860.0,229,3480,23000.0,2.0,Corporate Event,1,0.0,0.0,200.0,400.0,1,2,12,0,1,0,6.607296753806377,16.782608695652176,15.130434782608695,6.578569376615915,5,2,2025,3,1
14873.0,203,1417,26000.0,2.0,Birthday,4,0.0,0.0,200.0,500.0,0,0,9,0,0,2,18.33568406205924,72.90686274509804,6.946078431372549,14.315937940761636,2,1,2024,0,0
1161.0,42,3577,12000.0,10.0,Corporate Event,1,0.0,0.0,200.0,500.0,1,0,11,0,0,1,3.3538289547233093,27.0,83.18604651162791,1.1738401341531581,3,1,2024,5,1
712.0,155,66,25000.0,0.0,Birthday,4,0.0,0.0,300.0,500.0,0,0,14,0,1,1,373.13432835820896,4.564102564102564,0.4230769230769231,231.34328358208953,8,3,2025,2,2
611.0,239,4101,26000.0,3.0,Wedding,2,0.0,0.0,200.0,500.0,2,2,9,0,0,0,6.338371526084837,2.5458333333333334,17.0875,5.826426133593369,5,2,2025,6,1
6131.0,176,3661,20000.0,0.0,Birthday,5,0.0,0.0,100.0,200.0,0,0,4,0,0,0,5.461496450027307,34.63841807909605,20.683615819209038,4.8061168760240305,9,3,2022,4,3
3023.0,203,1258,24000.0,0.0,Wedding,1,0.0,0.0,100.0,200.0,2,0,3,0,0,2,19.062748212867355,14.818627450980392,6.166666666666667,16.12390786338364,9,3,2022,1,3
8694.0,202,1983,13000.0,0.0,Wedding,5,0.0,0.0,300.0,500.0,2,0,14,0,1,2,6.55241935483871,42.827586206896555,9.768472906403941,10.181451612903226,10,4,2024,2,3
7183.0,155,66,12000.0,20.0,Wedding,2,0.0,0.0,200.0,400.0,2,2,8,0,1,2,179.1044776119403,46.044871794871796,0.4230769230769231,231.34328358208953,5,2,2023,2,1
2374.0,155,66,24000.0,0.0,Corporate Event,5,0.0,0.0,300.0,500.0,1,2,16,0,1,1,358.2089552238806,15.217948717948717,0.4230769230769231,231.34328358208953,3,1,2024,6,1
9555.0,229,3480,21000.0,0.0,Wedding,5,0.0,0.0,200.0,400.0,2,0,6,0,1,2,6.032749209997127,41.54347826086956,15.130434782608695,6.578569376615915,6,2,2022,1,2
7337.0,252,1608,22000.0,0.0,Birthday,2,0.0,0.0,100.0,200.0,0,0,4,0,0,1,13.673088875077688,29.0,6.355731225296442,15.661901802361717,9,3,2024,5,3
11094.0,203,1258,19000.0,7.0,Wedding,2,0.0,0.0,100.0,200.0,2,1,18,0,0,0,15.091342335186656,54.38235294117647,6.166666666666667,16.12390786338364,4,2,2024,6,1
2603.0,249,22215,17000.0,5.0,Birthday,5,0.0,0.0,100.0,200.0,0,1,3,0,0,0,0.765214259992798,10.412,88.86,1.120813827871804,9,3,2025,4,3
14806.0,42,3577,22000.0,7.0,Wedding,1,0.0,0.0,300.0,500.0,2,2,10,0,1,0,6.148686416992733,344.3255813953488,83.18604651162791,1.1738401341531581,2,1,2023,0,0
14335.0,126,4896,26000.0,0.0,Corporate Event,1,0.0,0.0,300.0,500.0,1,2,16,0,1,1,5.309373085562589,112.8740157480315,38.55118110236221,2.5730038799264854,7,3,2023,6,2
147800.0,126,4896,22000.0,6.0,Wedding,1,0.0,0.0,200.0,400.0,2,1,7,0,1,2,4.492546457014499,1163.7795275590552,38.55118110236221,2.5730038799264854,4,2,2023,5,1
7615.0,155,66,24000.0,10.0,Birthday,2,0.0,0.0,200.0,400.0,0,2,6,0,1,1,358.2089552238806,48.81410256410256,0.4230769230769231,231.34328358208953,4,2,2023,5,1
8738.0,203,1258,22000.0,10.0,Birthday,1,0.0,0.0,200.0,400.0,0,2,6,0,1,0,17.474185861795075,42.833333333333336,6.166666666666667,16.12390786338364,4,2,2023,3,1
2402.0,126,4896,19000.0,8.0,Corporate Event,4,0.0,0.0,100.0,200.0,1,2,18,0,0,2,3.8799264856034306,18.913385826771652,38.55118110236221,2.5730038799264854,9,3,2023,2,3
1846.0,203,1258,24000.0,20.0,Birthday,2,0.0,0.0,200.0,400.0,0,2,8,0,1,1,19.062748212867355,9.049019607843137,6.166666666666667,16.12390786338364,3,1,2022,1,1
11352.0,42,3577,25000.0,3.0,Wedding,2,0.0,0.0,200.0,400.0,2,2,12,0,1,1,6.98714365567356,264.0,83.18604651162791,1.1738401341531581,6,2,2023,3,2
5809.0,252,1608,19000.0,10.0,Wedding,4,0.0,0.0,200.0,400.0,2,2,6,0,1,0,11.808576755748913,22.960474308300395,6.355731225296442,15.661901802361717,10,4,2025,1,3
4883.0,202,1983,15000.0,16.0,Wedding,3,0.0,0.0,200.0,400.0,2,2,1,0,1,0,7.560483870967742,24.054187192118228,9.768472906403941,10.181451612903226,5,2,2025,3,1
5622.0,252,1608,26000.0,5.0,Birthday,5,0.0,0.0,300.0,500.0,0,1,16,0,1,1,16.159105034182723,22.221343873517785,6.355731225296442,15.661901802361717,5,2,2025,2,1
13928.0,155,66,21000.0,9.0,Wedding,5,0.0,0.0,300.0,500.0,2,2,5,0,1,2,313.43283582089555,89.28205128205128,0.4230769230769231,231.34328358208953,5,2,2022,1,1
277.0,249,22215,24000.0,0.0,Corporate Event,2,0.0,0.0,100.0,200.0,1,0,4,0,0,0,1.0803024846957148,1.108,88.86,1.120813827871804,10,4,2024,2,3
12822.0,252,1608,26000.0,2.0,Wedding,2,0.0,0.0,300.0,500.0,2,2,10,0,1,2,16.159105034182723,50.6798418972332,6.355731225296442,15.661901802361717,10,4,2025,2,3
6013.0,202,1983,20000.0,3.0,Corporate Event,4,0.0,0.0,100.0,200.0,1,0,18,0,0,0,10.080645161290322,29.620689655172413,9.768472906403941,10.181451612903226,2,1,2022,0,0
6247.0,203,1258,22000.0,8.0,Birthday,1,0.0,0.0,100.0,200.0,0,2,18,0,0,2,17.474185861795075,30.622549019607842,6.166666666666667,16.12390786338364,4,2,2022,2,1
13147.0,203,1258,25000.0,0.0,Corporate Event,2,0.0,0.0,200.0,400.0,1,0,12,0,1,1,19.857029388403493,64.44607843137256,6.166666666666667,16.12390786338364,9,3,2022,4,3
14522.0,42,3577,12000.0,3.0,Wedding,2,0.0,0.0,200.0,500.0,2,1,11,0,0,0,3.3538289547233093,337.72093023255815,83.18604651162791,1.1738401341531581,7,3,2023,5,2
9050.0,42,3577,26000.0,5.0,Wedding,3,0.0,0.0,300.0,500.0,2,2,14,0,1,2,7.266629401900503,210.46511627906978,83.18604651162791,1.1738401341531581,10,4,2022,0,3
5854.0,239,4101,24000.0,9.0,Birthday,1,0.0,0.0,200.0,400.0,0,1,6,0,1,2,5.850804485616773,24.391666666666666,17.0875,5.826426133593369,8,3,2024,5,2
12747.0,229,3480,17000.0,3.0,Birthday,3,0.0,0.0,200.0,500.0,0,1,11,0,0,0,4.883654122378627,55.42173913043478,15.130434782608695,6.578569376615915,1,1,2024,5,0
14217.0,298,962,19000.0,18.0,Birthday,1,0.0,0.0,200.0,400.0,0,0,8,0,1,2,19.73001038421599,47.54849498327759,3.217391304347826,30.944963655244027,4,2,2022,3,1
5534.0,203,1258,20000.0,2.0,Corporate Event,4,0.0,0.0,200.0,400.0,1,2,7,0,1,2,15.885623510722796,27.127450980392158,6.166666666666667,16.12390786338364,3,1,2022,2,1
4396.0,42,3577,19000.0,16.0,Wedding,1,0.0,0.0,200.0,400.0,2,2,1,0,1,0,5.310229178311906,102.23255813953489,83.18604651162791,1.1738401341531581,1,1,2023,3,0
1336.0,202,1983,15000.0,2.0,Wedding,1,0.0,0.0,300.0,500.0,2,2,2,0,1,1,7.560483870967742,6.58128078817734,9.768472906403941,10.181451612903226,7,3,2025,0,2
11816.0,252,1608,22000.0,0.0,Corporate Event,5,0.0,0.0,200.0,400.0,1,0,7,0,1,0,13.673088875077688,46.70355731225296,6.355731225296442,15.661901802361717,11,4,2023,1,3
6798.0,239,4101,17000.0,10.0,Corporate Event,4,0.0,0.0,200.0,400.0,1,2,6,0,1,1,4.144319843978547,28.325,17.0875,5.826426133593369,2,1,2023,2,0
8857.0,203,1417,15000.0,0.0,Wedding,5,0.0,0.0,200.0,400.0,2,2,6,0,1,0,10.578279266572638,43.416666666666664,6.946078431372549,14.315937940761636,2,1,2022,5,0
806.0,155,66,19000.0,0.0,Birthday,1,0.0,0.0,200.0,400.0,0,1,13,0,1,1,283.5820895522388,5.166666666666667,0.4230769230769231,231.34328358208953,1,1,2025,3,0
2401.0,239,4101,24000.0,2.0,Birthday,2,0.0,0.0,200.0,400.0,0,2,7,0,1,2,5.850804485616773,10.004166666666666,17.0875,5.826426133593369,6,2,2025,6,2
14245.0,229,3480,22000.0,10.0,Wedding,3,0.0,0.0,100.0,200.0,2,1,4,0,0,0,6.320022981901753,61.93478260869565,15.130434782608695,6.578569376615915,4,2,2022,4,1
13775.0,239,4101,12000.0,4.0,Birthday,3,0.0,0.0,300.0,500.0,0,0,2,0,1,0,2.9254022428083863,57.395833333333336,17.0875,5.826426133593369,11,4,2025,3,3
9139.0,239,4101,12000.0,20.0,Birthday,2,0.0,0.0,300.0,500.0,0,2,17,0,0,0,2.9254022428083863,38.079166666666666,17.0875,5.826426133593369,6,2,2022,6,2
4869.0,42,3577,17000.0,0.0,Wedding,5,0.0,0.0,100.0,200.0,2,0,4,0,0,0,4.751257685858021,113.23255813953489,83.18604651162791,1.1738401341531581,6,2,2022,1,2
14822.0,239,4101,15000.0,8.0,Corporate Event,2,0.0,0.0,300.0,500.0,1,2,2,0,1,2,3.6567528035104826,61.75833333333333,17.0875,5.826426133593369,2,1,2023,6,0
5968.0,203,1417,12000.0,16.0,Birthday,1,0.0,0.0,200.0,400.0,0,2,8,0,1,2,8.46262341325811,29.254901960784313,6.946078431372549,14.315937940761636,8,3,2025,6,2
7690.0,203,1417,20000.0,6.0,Birthday,1,0.0,0.0,200.0,400.0,0,1,7,0,1,0,14.104372355430183,37.69607843137255,6.946078431372549,14.315937940761636,11,4,2022,5,3
6986.0,239,4101,26000.0,2.0,Corporate Event,1,0.0,0.0,200.0,400.0,1,2,12,0,1,1,6.338371526084837,29.108333333333334,17.0875,5.826426133593369,11,4,2022,1,3
6362.0,203,1417,26000.0,2.0,Corporate Event,4,0.0,0.0,200.0,400.0,1,2,12,0,1,0,18.33568406205924,31.186274509803923,6.946078431372549,14.315937940761636,7,3,2022,3,2
1249.0,176,3661,21000.0,0.0,Corporate Event,2,0.0,0.0,100.0,200.0,1,0,4,0,0,1,5.734571272528673,7.056497175141243,20.683615819209038,4.8061168760240305,11,4,2025,3,3
10478.0,298,962,26000.0,4.0,Wedding,1,0.0,0.0,300.0,500.0,2,1,17,0,0,2,26.99896157840083,35.04347826086956,3.217391304347826,30.944963655244027,6,2,2025,4,2
4447.0,203,1258,20000.0,9.0,Wedding,3,0.0,0.0,300.0,500.0,2,2,5,0,1,0,15.885623510722796,21.79901960784314,6.166666666666667,16.12390786338364,7,3,2023,2,2
3198.0,126,4896,25000.0,3.0,Corporate Event,5,0.0,0.0,200.0,400.0,1,1,12,0,1,2,5.105166428425567,25.181102362204726,38.55118110236221,2.5730038799264854,11,4,2025,5,3
1913.0,239,4101,24000.0,12.0,Wedding,2,0.0,0.0,200.0,500.0,2,1,9,0,0,1,5.850804485616773,7.970833333333333,17.0875,5.826426133593369,10,4,2023,1,3
11170.0,249,22215,22000.0,10.0,Corporate Event,4,0.0,0.0,100.0,200.0,1,2,3,0,0,2,0.9902772776377385,44.68,88.86,1.120813827871804,10,4,2024,0,3
7055.0,202,1983,25000.0,9.0,Birthday,3,0.0,0.0,300.0,500.0,0,1,14,0,1,1,12.600806451612904,34.75369458128079,9.768472906403941,10.181451612903226,5,2,2023,5,1
3307.0,126,4896,17000.0,0.0,Corporate Event,5,0.0,0.0,200.0,400.0,1,2,6,0,1,2,3.471513171329385,26.03937007874016,38.55118110236221,2.5730038799264854,11,4,2022,0,3
9473.0,126,4896,20000.0,20.0,Wedding,3,0.0,0.0,300.0,500.0,2,2,17,0,0,2,4.084133142740454,74.59055118110236,38.55118110236221,2.5730038799264854,1,1,2022,4,0
4383.0,239,4101,26000.0,11.0,Corporate Event,1,0.0,0.0,200.0,400.0,1,1,0,0,1,0,6.338371526084837,18.2625,17.0875,5.826426133593369,6,2,2023,5,2
12831.0,202,1983,21000.0,10.0,Birthday,5,0.0,0.0,100.0,200.0,0,1,4,0,0,2,10.584677419354838,63.206896551724135,9.768472906403941,10.181451612903226,5,2,2025,5,1
8597.0,203,1417,17000.0,0.0,Birthday,4,0.0,0.0,200.0,400.0,0,0,7,0,1,0,11.988716502115656,42.1421568627451,6.946078431372549,14.315937940761636,1,1,2023,4,0
51180.0,249,22215,22000.0,0.0,Corporate Event,1,0.0,0.0,200.0,400.0,1,0,12,0,1,0,0.9902772776377385,204.72,88.86,1.120813827871804,5,2,2023,6,1
2973.0,155,66,12000.0,16.0,Wedding,2,0.0,0.0,200.0,500.0,2,2,11,0,0,1,179.1044776119403,19.057692307692307,0.4230769230769231,231.34328358208953,2,1,2025,2,0
10158.0,203,1258,20000.0,16.0,Corporate Event,1,0.0,0.0,200.0,400.0,1,2,8,0,1,2,15.885623510722796,49.794117647058826,6.166666666666667,16.12390786338364,10,4,2022,3,3
7921.0,176,3661,15000.0,4.0,Birthday,1,0.0,0.0,200.0,400.0,0,2,1,0,1,1,4.09612233752048,44.75141242937853,20.683615819209038,4.8061168760240305,10,4,2024,5,3
10653.0,176,3661,17000.0,16.0,Corporate Event,1,0.0,0.0,200.0,400.0,1,2,1,0,1,2,4.642271982523211,60.186440677966104,20.683615819209038,4.8061168760240305,4,2,2024,0,1
6721.0,252,1608,22000.0,9.0,Birthday,3,0.0,0.0,300.0,500.0,0,2,5,0,1,2,13.673088875077688,26.565217391304348,6.355731225296442,15.661901802361717,6,2,2024,3,2
14513.0,126,4896,23000.0,2.0,Corporate Event,5,0.0,0.0,300.0,500.0,1,2,10,0,1,1,4.696753114151521,114.2755905511811,38.55118110236221,2.5730038799264854,12,4,2023,1,0
13235.0,176,3661,15000.0,7.0,Corporate Event,3,0.0,0.0,100.0,200.0,1,2,4,0,0,1,4.09612233752048,74.77401129943503,20.683615819209038,4.8061168760240305,2,1,2024,1,0
10193.0,176,3661,19000.0,13.0,Corporate Event,4,0.0,0.0,200.0,400.0,1,1,8,0,1,2,5.188421627525942,57.58757062146893,20.683615819209038,4.8061168760240305,2,1,2025,0,0
14112.0,229,3480,19000.0,5.0,Birthday,3,0.0,0.0,300.0,500.0,0,2,14,0,1,1,5.458201666187877,61.356521739130436,15.130434782608695,6.578569376615915,11,4,2023,2,3
6020.0,176,3661,25000.0,7.0,Birthday,3,0.0,0.0,300.0,500.0,0,0,5,0,1,2,6.826870562534134,34.01129943502825,20.683615819209038,4.8061168760240305,7,3,2022,3,2
7116.0,203,1417,15000.0,14.0,Birthday,2,0.0,0.0,200.0,400.0,0,2,0,0,1,0,10.578279266572638,34.88235294117647,6.946078431372549,14.315937940761636,7,3,2022,4,2
7164.0,176,3661,22000.0,10.0,Corporate Event,4,0.0,0.0,200.0,400.0,1,2,6,0,1,0,6.007646095030038,40.47457627118644,20.683615819209038,4.8061168760240305,11,4,2022,5,3
504.0,203,1258,15000.0,9.0,Birthday,4,0.0,0.0,300.0,500.0,0,2,5,0,1,2,11.914217633042098,2.4705882352941178,6.166666666666667,16.12390786338364,10,4,2024,4,3
4909.0,203,1258,13000.0,16.0,Birthday,4,0.0,0.0,200.0,400.0,0,2,13,0,1,2,10.325655281969818,24.063725490196077,6.166666666666667,16.12390786338364,7,3,2023,6,2
13363.0,229,3480,12000.0,0.0,Wedding,5,0.0,0.0,200.0,400.0,2,2,6,0,1,2,3.4472852628555013,58.1,15.130434782608695,6.578569376615915,9,3,2024,1,3
13146.0,203,1258,21000.0,14.0,Corporate Event,4,0.0,0.0,200.0,400.0,1,2,0,0,1,1,16.679904686258936,64.44117647058823,6.166666666666667,16.12390786338364,2,1,2022,6,0
14896.0,203,1417,24000.0,16.0,Corporate Event,2,0.0,0.0,300.0,500.0,1,2,14,0,1,2,16.92524682651622,73.01960784313725,6.946078431372549,14.315937940761636,3,1,2022,3,1
7268.0,202,1983,13000.0,2.0,Corporate Event,4,0.0,0.0,200.0,400.0,1,2,7,0,1,0,6.55241935483871,35.80295566502463,9.768472906403941,10.181451612903226,8,3,2025,4,2
12125.0,229,3480,26000.0,2.0,Birthday,3,0.0,0.0,200.0,400.0,0,2,12,0,1,1,7.469118069520253,52.71739130434783,15.130434782608695,6.578569376615915,10,4,2025,4,3
1715.0,249,22215,12000.0,0.0,Birthday,1,0.0,0.0,300.0,500.0,0,0,17,0,0,1,0.5401512423478574,6.86,88.86,1.120813827871804,1,1,2024,4,0
6952.0,298,962,20000.0,16.0,Wedding,4,0.0,0.0,200.0,500.0,2,2,9,0,0,0,20.768431983385256,23.25083612040134,3.217391304347826,30.944963655244027,4,2,2024,5,1
8250.0,202,1983,21000.0,2.0,Corporate Event,3,0.0,0.0,300.0,500.0,1,2,10,0,1,0,10.584677419354838,40.64039408866995,9.768472906403941,10.181451612903226,2,1,2022,6,0
12481.0,202,1983,22000.0,2.0,Corporate Event,4,0.0,0.0,200.0,400.0,1,0,1,0,1,0,11.088709677419354,61.48275862068966,9.768472906403941,10.181451612903226,8,3,2022,3,2
14045.0,42,3577,22000.0,16.0,Corporate Event,5,0.0,0.0,200.0,400.0,1,2,8,0,1,1,6.148686416992733,326.6279069767442,83.18604651162791,1.1738401341531581,8,3,2025,3,2
1522.0,126,4896,21000.0,5.0,Corporate Event,5,0.0,0.0,300.0,500.0,1,1,5,0,1,0,4.288339799877476,11.984251968503937,38.55118110236221,2.5730038799264854,10,4,2025,2,3
917.0,249,22215,17000.0,0.0,Wedding,3,0.0,0.0,200.0,400.0,2,2,6,0,1,1,0.765214259992798,3.668,88.86,1.120813827871804,6,2,2022,6,2
731.0,252,1608,24000.0,0.0,Birthday,3,0.0,0.0,300.0,500.0,0,0,17,0,0,2,14.916096954630206,2.889328063241107,6.355731225296442,15.661901802361717,1,1,2023,5,0
14317.0,176,3661,25000.0,0.0,Birthday,4,0.0,0.0,200.0,400.0,0,0,6,0,1,0,6.826870562534134,80.88700564971751,20.683615819209038,4.8061168760240305,8,3,2023,6,2
12110.0,42,3577,21000.0,5.0,Corporate Event,3,0.0,0.0,300.0,500.0,1,2,14,0,1,2,5.869200670765791,281.6279069767442,83.18604651162791,1.1738401341531581,11,4,2025,0,3
7892.0,249,22215,15000.0,7.0,Corporate Event,5,0.0,0.0,100.0,200.0,1,0,15,0,0,2,0.6751890529348218,31.568,88.86,1.120813827871804,6,2,2023,6,2
566.0,239,4101,26000.0,2.0,Corporate Event,1,0.0,0.0,200.0,400.0,1,2,7,0,1,2,6.338371526084837,2.3583333333333334,17.0875,5.826426133593369,6,2,2024,0,2
4786.0,203,1417,26000.0,10.0,Birthday,2,0.0,0.0,200.0,400.0,0,2,6,0,1,0,18.33568406205924,23.46078431372549,6.946078431372549,14.315937940761636,3,1,2022,4,1
11944.0,176,3661,25000.0,5.0,Birthday,5,0.0,0.0,300.0,500.0,0,1,5,0,1,0,6.826870562534134,67.48022598870057,20.683615819209038,4.8061168760240305,6,2,2024,5,2
138930.0,252,1608,20000.0,0.0,Wedding,5,0.0,0.0,200.0,400.0,2,0,7,0,1,2,12.430080795525171,549.1304347826087,6.355731225296442,15.661901802361717,12,4,2022,4,0
12505.0,203,1417,22000.0,0.0,Corporate Event,5,0.0,0.0,200.0,400.0,1,1,13,0,1,0,15.514809590973202,61.299019607843135,6.946078431372549,14.315937940761636,2,1,2022,1,0
4108.0,126,4896,19000.0,20.0,Corporate Event,1,0.0,0.0,300.0,500.0,1,2,17,0,0,1,3.8799264856034306,32.346456692913385,38.55118110236221,2.5730038799264854,10,4,2025,4,3
7836.0,203,1417,22000.0,0.0,Birthday,3,0.0,0.0,200.0,500.0,0,2,11,0,0,2,15.514809590973202,38.411764705882355,6.946078431372549,14.315937940761636,1,1,2024,2,0
2985.0,249,22215,23000.0,2.0,Wedding,4,0.0,0.0,200.0,400.0,2,2,13,0,1,2,1.0352898811667266,11.94,88.86,1.120813827871804,4,2,2025,3,1
1403.0,155,66,24000.0,9.0,Corporate Event,5,0.0,0.0,300.0,500.0,1,2,5,0,1,2,358.2089552238806,8.993589743589743,0.4230769230769231,231.34328358208953,10,4,2022,0,3
6401.0,249,22215,21000.0,4.0,Corporate Event,3,0.0,0.0,300.0,500.0,1,2,5,0,1,0,0.9452646741087505,25.604,88.86,1.120813827871804,11,4,2025,0,3
2473.0,203,1417,15000.0,6.0,Birthday,4,0.0,0.0,300.0,500.0,0,1,2,0,1,1,10.578279266572638,12.122549019607844,6.946078431372549,14.315937940761636,6,2,2025,2,2
6830.0,176,3661,26000.0,3.0,Birthday,1,0.0,0.0,100.0,200.0,0,0,18,0,0,1,7.099945385035499,38.58757062146893,20.683615819209038,4.8061168760240305,9,3,2024,5,3
11712.0,176,3661,23000.0,10.0,Corporate Event,2,0.0,0.0,200.0,400.0,1,2,0,0,1,0,6.280720917531403,66.16949152542372,20.683615819209038,4.8061168760240305,6,2,2022,1,2
699.0,42,3577,13000.0,5.0,Wedding,4,0.0,0.0,300.0,500.0,2,1,5,0,1,2,3.6333147009502516,16.25581395348837,83.18604651162791,1.1738401341531581,8,3,2022,5,2
77320.0,249,22215,13000.0,4.0,Wedding,3,0.0,0.0,300.0,500.0,2,2,5,0,1,2,0.5851638458768456,309.28,88.86,1.120813827871804,7,3,2022,5,2
10119.0,203,1258,25000.0,20.0,Wedding,2,0.0,0.0,300.0,500.0,2,2,17,0,0,2,19.857029388403493,49.60294117647059,6.166666666666667,16.12390786338364,8,3,2024,0,2
8479.0,239,4101,24000.0,0.0,Birthday,3,0.0,0.0,100.0,200.0,0,2,15,0,0,2,5.850804485616773,35.329166666666666,17.0875,5.826426133593369,12,4,2025,6,0
6091.0,42,3577,17000.0,0.0,Corporate Event,5,0.0,0.0,100.0,200.0,1,0,3,0,0,1,4.751257685858021,141.65116279069767,83.18604651162791,1.1738401341531581,4,2,2025,6,1
8862.0,239,4101,13000.0,2.0,Birthday,3,0.0,0.0,200.0,400.0,0,2,13,0,1,0,3.1691857630424183,36.925,17.0875,5.826426133593369,12,4,2022,2,0
2913.0,203,1417,20000.0,14.0,Wedding,2,0.0,0.0,200.0,400.0,2,2,0,0,1,1,14.104372355430183,14.279411764705882,6.946078431372549,14.315937940761636,4,2,2023,3,1
14778.0,229,3480,20000.0,0.0,Corporate Event,5,0.0,0.0,200.0,400.0,1,0,6,0,1,2,5.745475438092502,64.25217391304348,15.130434782608695,6.578569376615915,4,2,2024,2,1
11217.0,229,3480,20000.0,3.0,Wedding,5,0.0,0.0,200.0,500.0,2,2,9,0,0,0,5.745475438092502,48.7695652173913,15.130434782608695,6.578569376615915,4,2,2022,6,1
6605.0,249,22215,19000.0,10.0,Corporate Event,3,0.0,0.0,100.0,200.0,1,1,4,0,0,1,0.8552394670507742,26.42,88.86,1.120813827871804,8,3,2022,4,2
10316.0,249,22215,23000.0,9.0,Wedding,5,0.0,0.0,300.0,500.0,2,2,5,0,1,0,1.0352898811667266,41.264,88.86,1.120813827871804,6,2,2024,5,2
11088.0,155,66,17000.0,3.0,Corporate Event,1,0.0,0.0,200.0,400.0,1,1,12,0,1,1,253.73134328358208,71.07692307692308,0.4230769230769231,231.34328358208953,7,3,2025,5,2
13027.0,252,1608,24000.0,10.0,Wedding,3,0.0,0.0,200.0,400.0,2,2,0,0,1,0,14.916096954630206,51.4901185770751,6.355731225296442,15.661901802361717,7,3,2023,0,2
431.0,229,3480,26000.0,2.0,Wedding,2,0.0,0.0,200.0,400.0,2,2,13,0,1,0,7.469118069520253,1.873913043478261,15.130434782608695,6.578569376615915,4,2,2023,0,1
12654.0,176,3661,15000.0,2.0,Corporate Event,2,0.0,0.0,200.0,400.0,1,2,7,0,1,1,4.09612233752048,71.49152542372882,20.683615819209038,4.8061168760240305,4,2,2022,1,1
3823.0,249,22215,25000.0,0.0,Birthday,5,0.0,0.0,100.0,200.0,0,0,4,0,0,2,1.125315088224703,15.292,88.86,1.120813827871804,2,1,2025,0,0
14716.0,249,22215,17000.0,14.0,Wedding,1,0.0,0.0,300.0,500.0,2,1,10,0,1,0,0.765214259992798,58.864,88.86,1.120813827871804,2,1,2022,6,0
6486.0,203,1258,15000.0,0.0,Wedding,1,0.0,0.0,200.0,400.0,2,0,0,0,1,0,11.914217633042098,31.794117647058822,6.166666666666667,16.12390786338364,5,2,2025,1,1
4738.0,203,1417,22000.0,2.0,Wedding,1,0.0,0.0,200.0,400.0,2,2,7,0,1,0,15.514809590973202,23.225490196078432,6.946078431372549,14.315937940761636,2,1,2025,2,0
12172.0,155,66,22000.0,7.0,Corporate Event,4,0.0,0.0,100.0,200.0,1,1,18,0,0,2,328.35820895522386,78.02564102564102,0.4230769230769231,231.34328358208953,12,4,2025,1,0
567.0,239,4101,15000.0,10.0,Wedding,3,0.0,0.0,100.0,200.0,2,2,3,0,0,0,3.6567528035104826,2.3625,17.0875,5.826426133593369,8,3,2025,6,2
12815.0,203,1417,12000.0,12.0,Birthday,4,0.0,0.0,200.0,500.0,0,1,9,0,0,0,8.46262341325811,62.818627450980394,6.946078431372549,14.315937940761636,4,2,2023,1,1
13438.0,176,3661,17000.0,10.0,Birthday,4,0.0,0.0,300.0,500.0,0,0,10,0,1,0,4.642271982523211,75.92090395480226,20.683615819209038,4.8061168760240305,10,4,2022,6,3
11415.0,298,962,20000.0,0.0,Birthday,3,0.0,0.0,200.0,400.0,0,1,13,0,1,0,20.768431983385256,38.17725752508361,3.217391304347826,30.944963655244027,7,3,2023,1,2
11816.0,249,22215,15000.0,16.0,Birthday,4,0.0,0.0,200.0,400.0,0,2,1,0,1,1,0.6751890529348218,47.264,88.86,1.120813827871804,9,3,2023,5,3
4868.0,155,66,20000.0,16.0,Birthday,3,0.0,0.0,300.0,500.0,0,2,14,0,1,2,298.5074626865672,31.205128205128204,0.4230769230769231,231.34328358208953,6,2,2025,1,2
12968.0,126,4896,19000.0,7.0,Birthday,2,0.0,0.0,100.0,200.0,0,1,18,0,0,2,3.8799264856034306,102.11023622047244,38.55118110236221,2.5730038799264854,10,4,2023,6,3
13387.0,239,4101,24000.0,20.0,Wedding,1,0.0,0.0,300.0,500.0,2,2,17,0,0,0,5.850804485616773,55.77916666666667,17.0875,5.826426133593369,6,2,2023,3,2
13352.0,229,3480,17000.0,18.0,Wedding,5,0.0,0.0,200.0,400.0,2,0,8,0,1,0,4.883654122378627,58.052173913043475,15.130434782608695,6.578569376615915,7,3,2023,0,2
1114.0,176,3661,13000.0,0.0,Wedding,5,0.0,0.0,100.0,200.0,2,0,3,0,0,0,3.5499726925177497,6.293785310734464,20.683615819209038,4.8061168760240305,12,4,2025,3,0
4040.0,298,962,17000.0,0.0,Birthday,3,0.0,0.0,200.0,400.0,0,0,12,0,1,0,17.653167185877468,13.511705685618729,3.217391304347826,30.944963655244027,4,2,2025,4,1
3422.0,42,3577,25000.0,4.0,Birthday,1,0.0,0.0,300.0,500.0,0,1,17,0,0,2,6.98714365567356,79.5813953488372,83.18604651162791,1.1738401341531581,10,4,2025,3,3
14509.0,203,1258,22000.0,0.0,Corporate Event,4,0.0,0.0,200.0,500.0,1,2,11,0,0,0,17.474185861795075,71.12254901960785,6.166666666666667,16.12390786338364,1,1,2024,0,0
1069.0,203,1417,26000.0,15.0,Corporate Event,2,0.0,0.0,200.0,400.0,1,1,1,0,1,1,18.33568406205924,5.240196078431373,6.946078431372549,14.315937940761636,12,4,2025,4,0
12250.0,249,22215,20000.0,10.0,Corporate Event,5,0.0,0.0,200.0,400.0,1,2,6,0,1,0,0.9002520705797623,49.0,88.86,1.120813827871804,10,4,2024,4,3
1857.0,203,1258,19000.0,10.0,Corporate Event,1,0.0,0.0,100.0,200.0,1,2,3,0,0,0,15.091342335186656,9.102941176470589,6.166666666666667,16.12390786338364,12,4,2023,5,0
7296.0,203,1258,13000.0,10.0,Birthday,1,0.0,0.0,300.0,500.0,0,0,10,0,1,1,10.325655281969818,35.76470588235294,6.166666666666667,16.12390786338364,9,3,2022,4,3
701.0,203,1417,25000.0,5.0,Corporate Event,5,0.0,0.0,300.0,500.0,1,2,14,0,1,0,17.63046544428773,3.4362745098039214,6.946078431372549,14.315937940761636,7,3,2022,4,2
3804.0,249,22215,23000.0,0.0,Wedding,3,0.0,0.0,300.0,500.0,2,0,16,0,1,2,1.0352898811667266,15.216,88.86,1.120813827871804,8,3,2022,3,2
14386.0,202,1983,26000.0,0.0,Birthday,4,0.0,0.0,200.0,400.0,0,0,6,0,1,0,13.10483870967742,70.86699507389163,9.768472906403941,10.181451612903226,6,2,2022,6,2
14421.0,229,3480,13000.0,0.0,Corporate Event,2,0.0,0.0,200.0,400.0,1,0,0,0,1,1,3.7345590347601263,62.7,15.130434782608695,6.578569376615915,4,2,2022,0,1
12510.0,239,4101,22000.0,2.0,Wedding,2,0.0,0.0,200.0,400.0,2,2,13,0,1,2,5.363237445148708,52.125,17.0875,5.826426133593369,7,3,2022,5,2
8314.0,298,962,21000.0,15.0,Wedding,2,0.0,0.0,200.0,400.0,2,1,1,0,1,1,21.806853582554517,27.806020066889634,3.217391304347826,30.944963655244027,9,3,2023,2,3
14588.0,298,962,23000.0,4.0,Wedding,4,0.0,0.0,300.0,500.0,2,1,17,0,0,1,23.883696780893043,48.78929765886288,3.217391304347826,30.944963655244027,5,2,2025,5,1
3783.0,126,4896,22000.0,10.0,Wedding,3,0.0,0.0,200.0,500.0,2,0,11,0,0,0,4.492546457014499,29.787401574803148,38.55118110236221,2.5730038799264854,4,2,2022,1,1
5304.0,229,3480,13000.0,15.0,Wedding,1,0.0,0.0,200.0,400.0,2,1,1,0,1,1,3.7345590347601263,23.06086956521739,15.130434782608695,6.578569376615915,7,3,2024,5,2
6353.0,126,4896,17000.0,11.0,Birthday,5,0.0,0.0,200.0,400.0,0,1,0,0,1,0,3.471513171329385,50.023622047244096,38.55118110236221,2.5730038799264854,12,4,2023,2,0
7567.0,42,3577,25000.0,9.0,Birthday,4,0.0,0.0,200.0,400.0,0,1,6,0,1,2,6.98714365567356,175.97674418604652,83.18604651162791,1.1738401341531581,5,2,2024,3,1
12565.0,42,3577,19000.0,10.0,Corporate Event,3,0.0,0.0,200.0,400.0,1,2,0,0,1,1,5.310229178311906,292.2093023255814,83.18604651162791,1.1738401341531581,12,4,2025,4,0
13411.0,229,3480,12000.0,0.0,Wedding,1,0.0,0.0,300.0,500.0,2,0,17,0,0,0,3.4472852628555013,58.30869565217391,15.130434782608695,6.578569376615915,8,3,2022,5,2
13430.0,126,4896,17000.0,6.0,Wedding,2,0.0,0.0,300.0,500.0,2,1,2,0,1,0,3.471513171329385,105.74803149606299,38.55118110236221,2.5730038799264854,3,1,2022,3,1
1107.0,203,1417,13000.0,2.0,Wedding,1,0.0,0.0,300.0,500.0,2,2,2,0,1,0,9.16784203102962,5.426470588235294,6.946078431372549,14.315937940761636,2,1,2025,5,0
13648.0,155,66,13000.0,0.0,Corporate Event,1,0.0,0.0,200.0,400.0,1,0,7,0,1,1,194.02985074626866,87.48717948717949,0.4230769230769231,231.34328358208953,10,4,2023,4,3
12764.0,203,1258,25000.0,12.0,Corporate Event,5,0.0,0.0,200.0,500.0,1,1,9,0,0,2,19.857029388403493,62.568627450980394,6.166666666666667,16.12390786338364,7,3,2022,2,2
11948.0,176,3661,20000.0,10.0,Corporate Event,2,0.0,0.0,200.0,500.0,1,0,11,0,0,2,5.461496450027307,67.50282485875707,20.683615819209038,4.8061168760240305,8,3,2024,1,2
12806.0,42,3577,17000.0,9.0,Birthday,1,0.0,0.0,300.0,500.0,0,1,14,0,1,1,4.751257685858021,297.8139534883721,83.18604651162791,1.1738401341531581,4,2,2022,6,1
10409.0,126,4896,24000.0,14.0,Birthday,5,0.0,0.0,200.0,400.0,0,2,0,0,1,2,4.900959771288544,81.96062992125984,38.55118110236221,2.5730038799264854,6,2,2025,1,2
827.0,176,3661,12000.0,2.0,Birthday,3,0.0,0.0,300.0,500.0,0,2,10,0,1,0,3.2768978700163847,4.672316384180791,20.683615819209038,4.8061168760240305,7,3,2024,5,2
8989.0,126,4896,20000.0,2.0,Birthday,3,0.0,0.0,200.0,400.0,0,2,7,0,1,1,4.084133142740454,70.77952755905511,38.55118110236221,2.5730038799264854,9,3,2024,5,3
11761.0,203,1258,13000.0,0.0,Wedding,1,0.0,0.0,200.0,400.0,2,1,13,0,1,1,10.325655281969818,57.65196078431372,6.166666666666667,16.12390786338364,2,1,2022,6,0
4018.0,42,3577,21000.0,5.0,Wedding,2,0.0,0.0,300.0,500.0,2,1,16,0,1,0,5.869200670765791,93.44186046511628,83.18604651162791,1.1738401341531581,3,1,2025,4,1
4204.0,203,1258,25000.0,2.0,Wedding,3,0.0,0.0,200.0,400.0,2,2,7,0,1,0,19.857029388403493,20.607843137254903,6.166666666666667,16.12390786338364,11,4,2024,4,3
10981.0,229,3480,13000.0,8.0,Corporate Event,3,0.0,0.0,300.0,500.0,1,2,2,0,1,0,3.7345590347601263,47.743478260869566,15.130434782608695,6.578569376615915,7,3,2023,1,2
8759.0,203,1258,12000.0,5.0,Wedding,3,0.0,0.0,300.0,500.0,2,1,5,0,1,2,9.531374106433677,42.93627450980392,6.166666666666667,16.12390786338364,5,2,2022,5,1
5029.0,229,3480,20000.0,7.0,Wedding,5,0.0,0.0,300.0,500.0,2,2,10,0,1,0,5.745475438092502,21.86521739130435,15.130434782608695,6.578569376615915,8,3,2022,3,2
2060.0,176,3661,23000.0,14.0,Wedding,1,0.0,0.0,300.0,500.0,2,1,10,0,1,0,6.280720917531403,11.638418079096045,20.683615819209038,4.8061168760240305,5,2,2023,0,1
7861.0,229,3480,13000.0,6.0,Birthday,2,0.0,0.0,300.0,500.0,0,1,2,0,1,0,3.7345590347601263,34.178260869565214,15.130434782608695,6.578569376615915,3,1,2024,2,1
4673.0,239,4101,19000.0,0.0,Birthday,4,0.0,0.0,100.0,200.0,0,0,4,0,0,0,4.631886884446612,19.470833333333335,17.0875,5.826426133593369,1,1,2023,2,0
7662.0,203,1258,24000.0,5.0,Birthday,4,0.0,0.0,300.0,500.0,0,1,16,0,1,2,19.062748212867355,37.55882352941177,6.166666666666667,16.12390786338364,12,4,2024,2,0
13132.0,249,22215,13000.0,3.0,Birthday,3,0.0,0.0,200.0,500.0,0,1,11,0,0,1,0.5851638458768456,52.528,88.86,1.120813827871804,2,1,2024,5,0
14784.0,252,1608,20000.0,4.0,Birthday,1,0.0,0.0,200.0,400.0,0,2,1,0,1,0,12.430080795525171,58.43478260869565,6.355731225296442,15.661901802361717,2,1,2023,4,0
2066.0,203,1258,15000.0,4.0,Corporate Event,4,0.0,0.0,300.0,500.0,1,1,17,0,0,1,11.914217633042098,10.127450980392156,6.166666666666667,16.12390786338364,2,1,2022,6,0
6025.0,126,4896,13000.0,11.0,Birthday,3,0.0,0.0,200.0,400.0,0,1,0,0,1,1,2.6546865427812945,47.44094488188976,38.55118110236221,2.5730038799264854,3,1,2024,3,1
3767.0,126,4896,17000.0,2.0,Corporate Event,4,0.0,0.0,200.0,400.0,1,2,13,0,1,0,3.471513171329385,29.661417322834644,38.55118110236221,2.5730038799264854,7,3,2023,6,2
12254.0,126,4896,15000.0,2.0,Birthday,1,0.0,0.0,300.0,500.0,0,2,2,0,1,0,3.06309985705534,96.48818897637796,38.55118110236221,2.5730038799264854,5,2,2023,6,1
6012.0,42,3577,22000.0,10.0,Birthday,3,0.0,0.0,200.0,400.0,0,2,6,0,1,1,6.148686416992733,139.8139534883721,83.18604651162791,1.1738401341531581,8,3,2023,1,2
10897.0,126,4896,26000.0,0.0,Corporate Event,3,0.0,0.0,100.0,200.0,1,0,4,0,0,2,5.309373085562589,85.80314960629921,38.55118110236221,2.5730038799264854,9,3,2023,6,3
13254.0,229,3480,26000.0,9.0,Birthday,1,0.0,0.0,200.0,400.0,0,1,6,0,1,1,7.469118069520253,57.62608695652174,15.130434782608695,6.578569376615915,1,1,2024,3,0
2319.0,203,1258,12000.0,3.0,Corporate Event,1,0.0,0.0,200.0,400.0,1,2,12,0,1,2,9.531374106433677,11.367647058823529,6.166666666666667,16.12390786338364,12,4,2022,4,0
5026.0,252,1608,25000.0,0.0,Birthday,3,0.0,0.0,300.0,500.0,0,2,16,0,1,2,15.537600994406464,19.865612648221344,6.355731225296442,15.661901802361717,10,4,2025,5,3
9956.0,176,3661,23000.0,16.0,Wedding,2,0.0,0.0,200.0,400.0,2,2,13,0,1,2,6.280720917531403,56.24858757062147,20.683615819209038,4.8061168760240305,1,1,2024,2,0
2280.0,252,1608,15000.0,15.0,Corporate Event,5,0.0,0.0,200.0,400.0,1,1,1,0,1,1,9.322560596643878,9.011857707509881,6.355731225296442,15.661901802361717,6,2,2022,3,2
894.0,252,1608,20000.0,0.0,Wedding,1,0.0,0.0,100.0,200.0,2,2,15,0,0,0,12.430080795525171,3.533596837944664,6.355731225296442,15.661901802361717,7,3,2023,2,2
3750.0,202,1983,20000.0,8.0,Corporate Event,5,0.0,0.0,300.0,500.0,1,2,2,0,1,1,10.080645161290322,18.472906403940886,9.768472906403941,10.181451612903226,4,2,2025,1,1
95530.0,155,66,13000.0,16.0,Wedding,5,0.0,0.0,200.0,400.0,2,2,8,0,1,0,194.02985074626866,612.3717948717949,0.4230769230769231,231.34328358208953,9,3,2024,0,3
10041.0,202,1983,21000.0,5.0,Wedding,2,0.0,0.0,300.0,500.0,2,2,14,0,1,1,10.584677419354838,49.46305418719212,9.768472906403941,10.181451612903226,3,1,2022,3,1
13426.0,176,3661,15000.0,10.0,Wedding,2,0.0,0.0,300.0,500.0,2,0,10,0,1,2,4.09612233752048,75.85310734463278,20.683615819209038,4.8061168760240305,5,2,2024,4,1
14386.0,249,22215,21000.0,2.0,Corporate Event,3,0.0,0.0,200.0,400.0,1,2,13,0,1,2,0.9452646741087505,57.544,88.86,1.120813827871804,12,4,2024,2,0
7082.0,202,1983,12000.0,0.0,Corporate Event,5,0.0,0.0,200.0,400.0,1,0,12,0,1,0,6.048387096774194,34.88669950738916,9.768472906403941,10.181451612903226,11,4,2025,3,3
14241.0,298,962,24000.0,10.0,Birthday,5,0.0,0.0,100.0,200.0,0,1,4,0,0,1,24.922118380062305,47.62876254180602,3.217391304347826,30.944963655244027,2,1,2023,4,0
13582.0,229,3480,20000.0,13.0,Wedding,4,0.0,0.0,200.0,400.0,2,1,8,0,1,0,5.745475438092502,59.052173913043475,15.130434782608695,6.578569376615915,6,2,2025,6,2
11473.0,239,4101,21000.0,16.0,Birthday,4,0.0,0.0,200.0,400.0,0,2,1,0,1,2,5.1194539249146755,47.80416666666667,17.0875,5.826426133593369,2,1,2025,0,0
1962.0,155,66,13000.0,4.0,Corporate Event,1,0.0,0.0,200.0,400.0,1,2,1,0,1,0,194.02985074626866,12.576923076923077,0.4230769230769231,231.34328358208953,1,1,2022,2,0
7293.0,298,962,12000.0,2.0,Corporate Event,5,0.0,0.0,300.0,500.0,1,2,10,0,1,0,12.461059190031152,24.391304347826086,3.217391304347826,30.944963655244027,12,4,2022,3,0
8513.0,176,3661,20000.0,2.0,Birthday,5,0.0,0.0,200.0,500.0,0,0,9,0,0,2,5.461496450027307,48.09604519774011,20.683615819209038,4.8061168760240305,1,1,2023,5,0
60760.0,126,4896,13000.0,5.0,Birthday,4,0.0,0.0,300.0,500.0,0,1,5,0,1,2,2.6546865427812945,478.4251968503937,38.55118110236221,2.5730038799264854,5,2,2024,3,1
8388.0,176,3661,22000.0,12.0,Wedding,2,0.0,0.0,200.0,500.0,2,1,9,0,0,0,6.007646095030038,47.389830508474574,20.683615819209038,4.8061168760240305,8,3,2024,0,2
3243.0,42,3577,24000.0,0.0,Wedding,5,0.0,0.0,200.0,400.0,2,0,7,0,1,0,6.707657909446619,75.4186046511628,83.18604651162791,1.1738401341531581,9,3,2023,1,3
14286.0,202,1983,26000.0,9.0,Corporate Event,5,0.0,0.0,300.0,500.0,1,2,5,0,1,0,13.10483870967742,70.3743842364532,9.768472906403941,10.181451612903226,8,3,2023,6,2
8816.0,42,3577,22000.0,0.0,Birthday,4,0.0,0.0,200.0,400.0,0,1,13,0,1,2,6.148686416992733,205.02325581395348,83.18604651162791,1.1738401341531581,7,3,2024,4,2
1145.0,298,962,21000.0,0.0,Corporate Event,4,0.0,0.0,200.0,400.0,1,2,6,0,1,1,21.806853582554517,3.82943143812709,3.217391304347826,30.944963655244027,11,4,2025,3,3
13911.0,126,4896,19000.0,2.0,Wedding,2,0.0,0.0,200.0,400.0,2,2,12,0,1,1,3.8799264856034306,109.53543307086615,38.55118110236221,2.5730038799264854,7,3,2025,6,2
9002.0,249,22215,13000.0,3.0,Corporate Event,4,0.0,0.0,100.0,200.0,1,0,18,0,0,1,0.5851638458768456,36.008,88.86,1.120813827871804,7,3,2024,4,2
9027.0,176,3661,17000.0,1.0,Corporate Event,2,0.0,0.0,100.0,200.0,1,2,15,0,0,2,4.642271982523211,51.0,20.683615819209038,4.8061168760240305,10,4,2024,4,3
7118.0,155,66,23000.0,10.0,Birthday,3,0.0,0.0,200.0,400.0,0,2,0,0,1,2,343.2835820895522,45.62820512820513,0.4230769230769231,231.34328358208953,5,2,2025,5,1
11514.0,176,3661,21000.0,10.0,Wedding,1,0.0,0.0,100.0,200.0,2,1,4,0,0,1,5.734571272528673,65.05084745762711,20.683615819209038,4.8061168760240305,9,3,2023,4,3
100150.0,176,3661,15000.0,2.0,Corporate Event,2,0.0,0.0,100.0,200.0,1,2,4,0,0,0,4.09612233752048,565.819209039548,20.683615819209038,4.8061168760240305,8,3,2023,3,2
5957.0,203,1417,22000.0,10.0,Corporate Event,4,0.0,0.0,100.0,200.0,1,1,4,0,0,1,15.514809590973202,29.20098039215686,6.946078431372549,14.315937940761636,2,1,2024,0,0
14027.0,202,1983,12000.0,18.0,Birthday,3,0.0,0.0,200.0,400.0,0,0,8,0,1,2,6.048387096774194,69.09852216748769,9.768472906403941,10.181451612903226,6,2,2022,3,2
7754.0,252,1608,26000.0,5.0,Corporate Event,2,0.0,0.0,100.0,200.0,1,1,3,0,0,1,16.159105034182723,30.64822134387352,6.355731225296442,15.661901802361717,10,4,2025,2,3
6169.0,298,962,17000.0,4.0,Birthday,4,0.0,0.0,300.0,500.0,0,1,17,0,0,0,17.653167185877468,20.632107023411372,3.217391304347826,30.944963655244027,7,3,2022,6,2
4715.0,249,22215,15000.0,0.0,Wedding,1,0.0,0.0,200.0,500.0,2,2,11,0,0,2,0.6751890529348218,18.86,88.86,1.120813827871804,11,4,2024,2,3
8073.0,239,4101,24000.0,16.0,Wedding,1,0.0,0.0,200.0,500.0,2,2,11,0,0,2,5.850804485616773,33.6375,17.0875,5.826426133593369,11,4,2023,3,3
3589.0,42,3577,21000.0,2.0,Birthday,1,0.0,0.0,300.0,500.0,0,2,2,0,1,1,5.869200670765791,83.46511627906976,83.18604651162791,1.1738401341531581,6,2,2024,5,2
6774.0,252,1608,12000.0,2.0,Wedding,1,0.0,0.0,200.0,400.0,2,2,12,0,1,1,7.458048477315103,26.774703557312254,6.355731225296442,15.661901802361717,2,1,2022,3,0
14516.0,42,3577,24000.0,16.0,Birthday,5,0.0,0.0,200.0,400.0,0,2,13,0,1,0,6.707657909446619,337.5813953488372,83.18604651162791,1.1738401341531581,7,3,2023,4,2
4457.0,155,66,20000.0,16.0,Birthday,3,0.0,0.0,300.0,500.0,0,2,14,0,1,1,298.5074626865672,28.57051282051282,0.4230769230769231,231.34328358208953,3,1,2023,1,1
7915.0,249,22215,25000.0,16.0,Wedding,3,0.0,0.0,300.0,500.0,2,2,14,0,1,1,1.125315088224703,31.66,88.86,1.120813827871804,5,2,2024,2,1
7915.0,42,3577,23000.0,15.0,Birthday,5,0.0,0.0,200.0,400.0,0,1,1,0,1,2,6.428172163219676,184.06976744186048,83.18604651162791,1.1738401341531581,5,2,2024,4,1
6323.0,252,1608,12000.0,2.0,Corporate Event,5,0.0,0.0,200.0,500.0,1,0,9,0,0,1,7.458048477315103,24.992094861660078,6.355731225296442,15.661901802361717,2,1,2024,1,0
4984.0,42,3577,13000.0,0.0,Wedding,5,0.0,0.0,200.0,400.0,2,0,7,0,1,2,3.6333147009502516,115.90697674418605,83.18604651162791,1.1738401341531581,2,1,2023,3,0
1181.0,176,3661,15000.0,3.0,Wedding,3,0.0,0.0,200.0,500.0,2,1,11,0,0,0,4.09612233752048,6.672316384180791,20.683615819209038,4.8061168760240305,2,1,2025,2,0
49890.0,239,4101,17000.0,2.0,Corporate Event,3,0.0,0.0,300.0,500.0,1,2,2,0,1,1,4.144319843978547,207.875,17.0875,5.826426133593369,11,4,2022,1,3
754.0,126,4896,22000.0,7.0,Wedding,2,0.0,0.0,300.0,500.0,2,2,10,0,1,1,4.492546457014499,5.937007874015748,38.55118110236221,2.5730038799264854,2,1,2022,2,0
732.0,252,1608,19000.0,0.0,Birthday,4,0.0,0.0,200.0,400.0,0,0,7,0,1,2,11.808576755748913,2.8932806324110674,6.355731225296442,15.661901802361717,1,1,2022,5,0
14589.0,249,22215,25000.0,0.0,Birthday,4,0.0,0.0,200.0,500.0,0,2,11,0,0,2,1.125315088224703,58.356,88.86,1.120813827871804,12,4,2024,0,0
6597.0,249,22215,12000.0,16.0,Birthday,4,0.0,0.0,200.0,400.0,0,2,13,0,1,2,0.5401512423478574,26.388,88.86,1.120813827871804,12,4,2025,1,0
2296.0,203,1258,24000.0,0.0,Corporate Event,1,0.0,0.0,300.0,500.0,1,0,17,0,0,1,19.062748212867355,11.254901960784315,6.166666666666667,16.12390786338364,12,4,2023,0,0
1488.0,202,1983,13000.0,5.0,Wedding,3,0.0,0.0,300.0,500.0,2,2,14,0,1,0,6.55241935483871,7.330049261083744,9.768472906403941,10.181451612903226,7,3,2022,5,2
8231.0,203,1417,15000.0,3.0,Wedding,3,0.0,0.0,100.0,200.0,2,0,18,0,0,2,10.578279266572638,40.34803921568628,6.946078431372549,14.315937940761636,6,2,2025,0,2
722.0,176,3661,15000.0,9.0,Corporate Event,3,0.0,0.0,200.0,400.0,1,1,6,0,1,1,4.09612233752048,4.0790960451977405,20.683615819209038,4.8061168760240305,7,3,2024,6,2
4158.0,239,4101,22000.0,7.0,Corporate Event,5,0.0,0.0,100.0,200.0,1,0,15,0,0,2,5.363237445148708,17.325,17.0875,5.826426133593369,2,1,2024,5,0
10922.0,176,3661,21000.0,2.0,Corporate Event,3,0.0,0.0,300.0,500.0,1,2,2,0,1,1,5.734571272528673,61.706214689265536,20.683615819209038,4.8061168760240305,10,4,2023,0,3
3684.0,203,1258,24000.0,5.0,Wedding,5,0.0,0.0,300.0,500.0,2,1,5,0,1,2,19.062748212867355,18.058823529411764,6.166666666666667,16.12390786338364,7,3,2025,3,2
12530.0,42,3577,19000.0,0.0,Birthday,4,0.0,0.0,200.0,400.0,0,0,0,0,1,0,5.310229178311906,291.3953488372093,83.18604651162791,1.1738401341531581,6,2,2023,4,2
7220.0,155,66,24000.0,7.0,Corporate Event,3,0.0,0.0,100.0,200.0,1,1,18,0,0,1,358.2089552238806,46.282051282051285,0.4230769230769231,231.34328358208953,2,1,2024,2,0
1514.0,203,1417,22000.0,13.0,Corporate Event,2,0.0,0.0,200.0,400.0,1,1,8,0,1,1,15.514809590973202,7.421568627450981,6.946078431372549,14.315937940761636,2,1,2022,5,0
5307.0,252,1608,17000.0,14.0,Corporate Event,1,0.0,0.0,200.0,400.0,1,2,0,0,1,0,10.565568676196396,20.976284584980238,6.355731225296442,15.661901802361717,7,3,2024,2,2
67240.0,252,1608,13000.0,7.0,Corporate Event,3,0.0,0.0,100.0,200.0,1,0,15,0,0,2,8.079552517091361,265.7707509881423,6.355731225296442,15.661901802361717,5,2,2024,1,1
348.0,126,4896,17000.0,9.0,Corporate Event,3,0.0,0.0,200.0,400.0,1,1,6,0,1,0,3.471513171329385,2.7401574803149606,38.55118110236221,2.5730038799264854,1,1,2025,2,0
5852.0,42,3577,12000.0,0.0,Birthday,4,0.0,0.0,200.0,400.0,0,1,13,0,1,0,3.3538289547233093,136.09302325581396,83.18604651162791,1.1738401341531581,10,4,2022,1,3
5000.0,42,3577,21000.0,0.0,Wedding,4,0.0,0.0,300.0,500.0,2,0,17,0,0,0,5.869200670765791,116.27906976744185,83.18604651162791,1.1738401341531581,10,4,2024,5,3
13781.0,155,66,13000.0,10.0,Birthday,3,0.0,0.0,200.0,500.0,0,0,11,0,0,1,194.02985074626866,88.33974358974359,0.4230769230769231,231.34328358208953,1,1,2023,5,0
13743.0,202,1983,22000.0,3.0,Wedding,3,0.0,0.0,200.0,500.0,2,1,11,0,0,1,11.088709677419354,67.69950738916256,9.768472906403941,10.181451612903226,1,1,2024,5,0
5750.0,252,1608,23000.0,16.0,Birthday,3,0.0,0.0,200.0,400.0,0,2,13,0,1,1,14.294592914853947,22.727272727272727,6.355731225296442,15.661901802361717,10,4,2025,4,3
1984.0,202,1983,23000.0,2.0,Corporate Event,1,0.0,0.0,200.0,400.0,1,2,7,0,1,2,11.59274193548387,9.773399014778326,9.768472906403941,10.181451612903226,2,1,2024,6,0
2123.0,298,962,15000.0,2.0,Corporate Event,5,0.0,0.0,200.0,400.0,1,2,7,0,1,2,15.576323987538942,7.1003344481605355,3.217391304347826,30.944963655244027,6,2,2024,2,2
9293.0,252,1608,21000.0,7.0,Birthday,5,0.0,0.0,300.0,500.0,0,0,5,0,1,2,13.05158483530143,36.73122529644269,6.355731225296442,15.661901802361717,10,4,2024,6,3
12264.0,252,1608,21000.0,16.0,Wedding,3,0.0,0.0,200.0,500.0,2,2,9,0,0,2,13.05158483530143,48.47430830039526,6.355731225296442,15.661901802361717,5,2,2023,5,1
14172.0,239,4101,15000.0,3.0,Corporate Event,4,0.0,0.0,100.0,200.0,1,0,18,0,0,0,3.6567528035104826,59.05,17.0875,5.826426133593369,9,3,2024,2,3
13128.0,202,1983,17000.0,2.0,Birthday,4,0.0,0.0,300.0,500.0,0,2,2,0,1,0,8.568548387096774,64.66995073891626,9.768472906403941,10.181451612903226,3,1,2022,2,1
7301.0,298,962,12000.0,0.0,Wedding,5,0.0,0.0,100.0,200.0,2,1,15,0,0,2,12.461059190031152,24.418060200668897,3.217391304347826,30.944963655244027,8,3,2022,1,2
8173.0,239,4101,25000.0,0.0,Wedding,5,0.0,0.0,100.0,200.0,2,2,3,0,0,0,6.094588005850804,34.05416666666667,17.0875,5.826426133593369,2,1,2024,3,0
10875.0,42,3577,24000.0,0.0,Wedding,5,0.0,0.0,200.0,400.0,2,0,0,0,1,0,6.707657909446619,252.90697674418604,83.18604651162791,1.1738401341531581,1,1,2023,3,0
10033.0,229,3480,24000.0,16.0,Corporate Event,1,0.0,0.0,200.0,500.0,1,2,9,0,0,2,6.894570525711003,43.62173913043478,15.130434782608695,6.578569376615915,5,2,2024,4,1
14320.0,229,3480,25000.0,7.0,Wedding,1,0.0,0.0,300.0,500.0,2,2,10,0,1,2,7.181844297615628,62.26086956521739,15.130434782608695,6.578569376615915,2,1,2024,0,0
60480.0,202,1983,19000.0,0.0,Corporate Event,2,0.0,0.0,300.0,500.0,1,0,14,0,1,2,9.576612903225806,297.9310344827586,9.768472906403941,10.181451612903226,3,1,2022,1,1
9802.0,203,1258,19000.0,7.0,Wedding,2,0.0,0.0,100.0,200.0,2,1,18,0,0,0,15.091342335186656,48.049019607843135,6.166666666666667,16.12390786338364,10,4,2025,4,3
2870.0,203,1258,22000.0,0.0,Wedding,1,0.0,0.0,200.0,400.0,2,1,13,0,1,1,17.474185861795075,14.068627450980392,6.166666666666667,16.12390786338364,9,3,2024,2,3
12857.0,298,962,26000.0,5.0,Corporate Event,2,0.0,0.0,100.0,200.0,1,1,3,0,0,1,26.99896157840083,43.0,3.217391304347826,30.944963655244027,11,4,2025,4,3
1112.0,203,1417,20000.0,5.0,Birthday,1,0.0,0.0,300.0,500.0,0,1,16,0,1,1,14.104372355430183,5.450980392156863,6.946078431372549,14.315937940761636,12,4,2022,1,0
11652.0,239,4101,22000.0,0.0,Wedding,2,0.0,0.0,200.0,400.0,2,2,6,0,1,2,5.363237445148708,48.55,17.0875,5.826426133593369,11,4,2022,3,3
4994.0,126,4896,25000.0,16.0,Birthday,3,0.0,0.0,200.0,400.0,0,2,8,0,1,0,5.105166428425567,39.32283464566929,38.55118110236221,2.5730038799264854,7,3,2023,6,2
11097.0,203,1258,12000.0,10.0,Corporate Event,4,0.0,0.0,300.0,500.0,1,0,10,0,1,2,9.531374106433677,54.39705882352941,6.166666666666667,16.12390786338364,9,3,2025,6,3
14107.0,155,66,23000.0,0.0,Corporate Event,5,0.0,0.0,200.0,400.0,1,1,13,0,1,2,343.2835820895522,90.42948717948718,0.4230769230769231,231.34328358208953,11,4,2025,1,3
1994.0,298,962,15000.0,16.0,Corporate Event,5,0.0,0.0,200.0,400.0,1,2,13,0,1,2,15.576323987538942,6.668896321070235,3.217391304347826,30.944963655244027,3,1,2023,6,1
4963.0,229,3480,12000.0,6.0,Corporate Event,3,0.0,0.0,200.0,400.0,1,1,7,0,1,0,3.4472852628555013,21.578260869565216,15.130434782608695,6.578569376615915,1,1,2023,6,0
5525.0,298,962,12000.0,18.0,Corporate Event,3,0.0,0.0,200.0,400.0,1,0,8,0,1,0,12.461059190031152,18.47826086956522,3.217391304347826,30.944963655244027,6,2,2025,3,2
5660.0,203,1417,15000.0,2.0,Wedding,5,0.0,0.0,200.0,400.0,2,2,12,0,1,0,10.578279266572638,27.745098039215687,6.946078431372549,14.315937940761636,2,1,2025,2,0
10899.0,252,1608,13000.0,2.0,Corporate Event,3,0.0,0.0,200.0,400.0,1,0,1,0,1,1,8.079552517091361,43.07905138339921,6.355731225296442,15.661901802361717,12,4,2023,4,0
105670.0,155,66,23000.0,0.0,Wedding,4,0.0,0.0,200.0,500.0,2,2,11,0,0,0,343.2835820895522,677.3717948717949,0.4230769230769231,231.34328358208953,6,2,2023,2,2
8931.0,42,3577,23000.0,14.0,Birthday,4,0.0,0.0,300.0,500.0,0,1,10,0,1,2,6.428172163219676,207.69767441860466,83.18604651162791,1.1738401341531581,5,2,2025,3,1
8223.0,229,3480,23000.0,4.0,Corporate Event,3,0.0,0.0,100.0,200.0,1,2,18,0,0,0,6.607296753806377,35.75217391304348,15.130434782608695,6.578569376615915,9,3,2023,0,3
12008.0,252,1608,22000.0,5.0,Birthday,3,0.0,0.0,300.0,500.0,0,2,14,0,1,1,13.673088875077688,47.462450592885375,6.355731225296442,15.661901802361717,9,3,2024,4,3
5380.0,298,962,22000.0,7.0,Birthday,4,0.0,0.0,300.0,500.0,0,2,10,0,1,2,22.84527518172378,17.993311036789297,3.217391304347826,30.944963655244027,4,2,2023,0,1
5053.0,42,3577,23000.0,15.0,Birthday,2,0.0,0.0,200.0,400.0,0,1,1,0,1,0,6.428172163219676,117.51162790697674,83.18604651162791,1.1738401341531581,6,2,2025,3,2
3581.0,202,1983,17000.0,0.0,Wedding,4,0.0,0.0,300.0,500.0,2,0,16,0,1,1,8.568548387096774,17.64039408866995,9.768472906403941,10.181451612903226,12,4,2023,2,0
11985.0,203,1417,15000.0,9.0,Wedding,3,0.0,0.0,300.0,500.0,2,1,14,0,1,2,10.578279266572638,58.75,6.946078431372549,14.315937940761636,9,3,2024,3,3
3357.0,42,3577,22000.0,10.0,Wedding,3,0.0,0.0,200.0,400.0,2,2,0,0,1,0,6.148686416992733,78.06976744186046,83.18604651162791,1.1738401341531581,1,1,2022,5,0
8354.0,42,3577,12000.0,5.0,Birthday,1,0.0,0.0,300.0,500.0,0,1,16,0,1,0,3.3538289547233093,194.27906976744185,83.18604651162791,1.1738401341531581,10,4,2024,3,3
10262.0,229,3480,17000.0,0.0,Corporate Event,1,0.0,0.0,200.0,400.0,1,0,0,0,1,2,4.883654122378627,44.61739130434783,15.130434782608695,6.578569376615915,10,4,2024,0,3
9443.0,252,1608,20000.0,3.0,Wedding,5,0.0,0.0,200.0,400.0,2,2,12,0,1,2,12.430080795525171,37.32411067193676,6.355731225296442,15.661901802361717,8,3,2023,6,2
14902.0,229,3480,15000.0,2.0,Birthday,5,0.0,0.0,200.0,400.0,0,2,13,0,1,0,4.309106578569376,64.79130434782608,15.130434782608695,6.578569376615915,4,2,2022,5,1
8538.0,249,22215,19000.0,0.0,Corporate Event,3,0.0,0.0,100.0,200.0,1,2,15,0,0,1,0.8552394670507742,34.152,88.86,1.120813827871804,5,2,2024,5,1
1854.0,239,4101,25000.0,0.0,Wedding,2,0.0,0.0,200.0,400.0,2,0,13,0,1,1,6.094588005850804,7.725,17.0875,5.826426133593369,1,1,2022,6,0
12984.0,298,962,19000.0,0.0,Wedding,4,0.0,0.0,200.0,400.0,2,0,13,0,1,0,19.73001038421599,43.424749163879596,3.217391304347826,30.944963655244027,7,3,2022,1,2
14309.0,252,1608,25000.0,8.0,Wedding,3,0.0,0.0,100.0,200.0,2,2,18,0,0,1,15.537600994406464,56.55731225296443,6.355731225296442,15.661901802361717,4,2,2025,1,1
6432.0,202,1983,22000.0,20.0,Birthday,1,0.0,0.0,300.0,500.0,0,2,17,0,0,2,11.088709677419354,31.68472906403941,9.768472906403941,10.181451612903226,7,3,2022,1,2
4263.0,176,3661,12000.0,0.0,Birthday,2,0.0,0.0,300.0,500.0,0,2,16,0,1,2,3.2768978700163847,24.084745762711865,20.683615819209038,4.8061168760240305,3,1,2025,2,1
140240.0,252,1608,13000.0,2.0,Birthday,3,0.0,0.0,200.0,500.0,0,0,9,0,0,1,8.079552517091361,554.3083003952569,6.355731225296442,15.661901802361717,1,1,2024,3,0
4611.0,239,4101,19000.0,7.0,Wedding,4,0.0,0.0,100.0,200.0,2,0,15,0,0,1,4.631886884446612,19.2125,17.0875,5.826426133593369,11,4,2025,2,3
116990.0,155,66,19000.0,14.0,Birthday,4,0.0,0.0,200.0,400.0,0,2,0,0,1,0,283.5820895522388,749.9358974358975,0.4230769230769231,231.34328358208953,5,2,2025,6,1
327.0,203,1417,13000.0,0.0,Wedding,2,0.0,0.0,200.0,400.0,2,0,7,0,1,0,9.16784203102962,1.6029411764705883,6.946078431372549,14.315937940761636,1,1,2025,5,0
5690.0,203,1417,22000.0,3.0,Birthday,4,0.0,0.0,200.0,400.0,0,1,12,0,1,0,15.514809590973202,27.892156862745097,6.946078431372549,14.315937940761636,3,1,2025,2,1
13032.0,249,22215,12000.0,0.0,Corporate Event,1,0.0,0.0,200.0,400.0,1,2,6,0,1,1,0.5401512423478574,52.128,88.86,1.120813827871804,1,1,2024,3,0
2580.0,239,4101,19000.0,7.0,Corporate Event,4,0.0,0.0,100.0,200.0,1,2,4,0,0,1,4.631886884446612,10.75,17.0875,5.826426133593369,11,4,2025,3,3
5876.0,202,1983,22000.0,9.0,Wedding,1,0.0,0.0,300.0,500.0,2,2,5,0,1,0,11.088709677419354,28.945812807881772,9.768472906403941,10.181451612903226,10,4,2025,1,3
3330.0,155,66,20000.0,0.0,Birthday,1,0.0,0.0,300.0,500.0,0,0,17,0,0,0,298.5074626865672,21.346153846153847,0.4230769230769231,231.34328358208953,11,4,2024,6,3
3331.0,298,962,12000.0,0.0,Corporate Event,2,0.0,0.0,200.0,400.0,1,0,0,0,1,2,12.461059190031152,11.14046822742475,3.217391304347826,30.944963655244027,6,2,2023,2,2
14278.0,203,1417,12000.0,18.0,Birthday,4,0.0,0.0,200.0,400.0,0,0,8,0,1,0,8.46262341325811,69.99019607843137,6.946078431372549,14.315937940761636,8,3,2022,3,2
9135.0,203,1258,26000.0,1.0,Corporate Event,2,0.0,0.0,100.0,200.0,1,2,15,0,0,1,20.651310563939635,44.779411764705884,6.166666666666667,16.12390786338364,5,2,2024,4,1
3482.0,203,1258,26000.0,7.0,Corporate Event,5,0.0,0.0,100.0,200.0,1,2,4,0,0,2,20.651310563939635,17.068627450980394,6.166666666666667,16.12390786338364,9,3,2024,2,3
8149.0,176,3661,12000.0,3.0,Wedding,4,0.0,0.0,200.0,400.0,2,1,12,0,1,0,3.2768978700163847,46.03954802259887,20.683615819209038,4.8061168760240305,10,4,2023,6,3
1259.0,252,1608,24000.0,0.0,Wedding,2,0.0,0.0,200.0,400.0,2,0,0,0,1,0,14.916096954630206,4.976284584980237,6.355731225296442,15.661901802361717,5,2,2024,0,1
5001.0,155,66,12000.0,20.0,Birthday,4,0.0,0.0,300.0,500.0,0,2,17,0,0,0,179.1044776119403,32.05769230769231,0.4230769230769231,231.34328358208953,9,3,2022,4,3
9091.0,202,1983,25000.0,7.0,Wedding,3,0.0,0.0,100.0,200.0,2,2,4,0,0,2,12.600806451612904,44.783251231527096,9.768472906403941,10.181451612903226,8,3,2022,1,2
11396.0,155,66,17000.0,16.0,Birthday,5,0.0,0.0,200.0,400.0,0,2,13,0,1,1,253.73134328358208,73.05128205128206,0.4230769230769231,231.34328358208953,5,2,2022,2,1
9243.0,252,1608,24000.0,13.0,Corporate Event,3,0.0,0.0,200.0,400.0,1,1,8,0,1,1,14.916096954630206,36.533596837944664,6.355731225296442,15.661901802361717,2,1,2022,2,0
9965.0,42,3577,15000.0,4.0,Birthday,3,0.0,0.0,300.0,500.0,0,0,2,0,1,0,4.192286193404136,231.74418604651163,83.18604651162791,1.1738401341531581,3,1,2024,0,1
14915.0,252,1608,24000.0,0.0,Corporate Event,5,0.0,0.0,100.0,200.0,1,0,4,0,0,0,14.916096954630206,58.952569169960476,6.355731225296442,15.661901802361717,8,3,2024,5,2
6611.0,239,4101,24000.0,4.0,Birthday,3,0.0,0.0,100.0,200.0,0,2,18,0,0,0,5.850804485616773,27.545833333333334,17.0875,5.826426133593369,11,4,2023,6,3
4395.0,176,3661,15000.0,2.0,Wedding,2,0.0,0.0,200.0,400.0,2,2,13,0,1,2,4.09612233752048,24.83050847457627,20.683615819209038,4.8061168760240305,1,1,2023,6,0
384.0,239,4101,24000.0,2.0,Birthday,4,0.0,0.0,300.0,500.0,0,2,10,0,1,1,5.850804485616773,1.6,17.0875,5.826426133593369,12,4,2024,4,0
2219.0,202,1983,21000.0,10.0,Corporate Event,1,0.0,0.0,300.0,500.0,1,0,10,0,1,0,10.584677419354838,10.931034482758621,9.768472906403941,10.181451612903226,10,4,2025,0,3
76120.0,203,1258,20000.0,0.0,Corporate Event,4,0.0,0.0,100.0,200.0,1,0,3,0,0,0,15.885623510722796,373.1372549019608,6.166666666666667,16.12390786338364,9,3,2025,1,3
2412.0,229,3480,12000.0,20.0,Birthday,2,0.0,0.0,300.0,500.0,0,2,17,0,0,2,3.4472852628555013,10.486956521739131,15.130434782608695,6.578569376615915,10,4,2023,3,3
507.0,126,4896,13000.0,14.0,Wedding,3,0.0,0.0,300.0,500.0,2,1,10,0,1,1,2.6546865427812945,3.9921259842519685,38.55118110236221,2.5730038799264854,9,3,2024,1,3
10659.0,203,1258,12000.0,7.0,Wedding,3,0.0,0.0,300.0,500.0,2,2,10,0,1,0,9.531374106433677,52.25,6.166666666666667,16.12390786338364,4,2,2023,3,1
6008.0,239,4101,13000.0,8.0,Birthday,5,0.0,0.0,100.0,200.0,0,2,18,0,0,1,3.1691857630424183,25.033333333333335,17.0875,5.826426133593369,11,4,2022,5,3
9169.0,155,66,15000.0,2.0,Birthday,3,0.0,0.0,200.0,400.0,0,2,13,0,1,1,223.88059701492537,58.77564102564103,0.4230769230769231,231.34328358208953,7,3,2023,4,2
7554.0,202,1983,20000.0,16.0,Corporate Event,1,0.0,0.0,200.0,400.0,1,2,13,0,1,0,10.080645161290322,37.21182266009852,9.768472906403941,10.181451612903226,1,1,2022,6,0
6072.0,252,1608,15000.0,5.0,Birthday,2,0.0,0.0,300.0,500.0,0,2,14,0,1,1,9.322560596643878,24.0,6.355731225296442,15.661901802361717,10,4,2024,1,3
10047.0,229,3480,19000.0,4.0,Corporate Event,2,0.0,0.0,100.0,200.0,1,2,18,0,0,1,5.458201666187877,43.68260869565217,15.130434782608695,6.578569376615915,5,2,2024,3,1
13954.0,126,4896,25000.0,9.0,Birthday,5,0.0,0.0,300.0,500.0,0,2,5,0,1,2,5.105166428425567,109.8740157480315,38.55118110236221,2.5730038799264854,12,4,2025,1,0
2880.0,239,4101,26000.0,0.0,Wedding,1,0.0,0.0,300.0,500.0,2,0,17,0,0,2,6.338371526084837,12.0,17.0875,5.826426133593369,5,2,2022,2,1
13045.0,126,4896,20000.0,7.0,Wedding,4,0.0,0.0,100.0,200.0,2,2,4,0,0,0,4.084133142740454,102.71653543307086,38.55118110236221,2.5730038799264854,12,4,2023,4,0
4240.0,176,3661,25000.0,16.0,Wedding,2,0.0,0.0,200.0,400.0,2,2,13,0,1,1,6.826870562534134,23.954802259887007,20.683615819209038,4.8061168760240305,5,2,2023,5,1
11437.0,298,962,19000.0,3.0,Corporate Event,4,0.0,0.0,200.0,400.0,1,2,12,0,1,1,19.73001038421599,38.25083612040134,3.217391304347826,30.944963655244027,7,3,2022,5,2
14008.0,298,962,20000.0,2.0,Birthday,2,0.0,0.0,300.0,500.0,0,2,2,0,1,2,20.768431983385256,46.8494983277592,3.217391304347826,30.944963655244027,2,1,2025,4,0
8159.0,42,3577,17000.0,7.0,Wedding,2,0.0,0.0,300.0,500.0,2,0,5,0,1,2,4.751257685858021,189.74418604651163,83.18604651162791,1.1738401341531581,8,3,2024,1,2
44830.0,126,4896,22000.0,8.0,Birthday,4,0.0,0.0,300.0,500.0,0,2,2,0,1,0,4.492546457014499,352.99212598425197,38.55118110236221,2.5730038799264854,12,4,2022,3,0
11261.0,126,4896,13000.0,6.0,Wedding,2,0.0,0.0,300.0,500.0,2,1,2,0,1,2,2.6546865427812945,88.66929133858268,38.55118110236221,2.5730038799264854,8,3,2023,6,2
43120.0,298,962,22000.0,0.0,Birthday,4,0.0,0.0,300.0,500.0,0,2,16,0,1,0,22.84527518172378,144.2140468227425,3.217391304347826,30.944963655244027,3,1,2022,1,1
542.0,229,3480,17000.0,0.0,Birthday,5,0.0,0.0,100.0,200.0,0,2,3,0,0,2,4.883654122378627,2.356521739130435,15.130434782608695,6.578569376615915,6,2,2023,1,2
14073.0,229,3480,23000.0,6.0,Birthday,3,0.0,0.0,200.0,400.0,0,1,7,0,1,2,6.607296753806377,61.18695652173913,15.130434782608695,6.578569376615915,12,4,2022,3,0
11216.0,176,3661,26000.0,0.0,Wedding,3,0.0,0.0,200.0,400.0,2,0,0,0,1,2,7.099945385035499,63.367231638418076,20.683615819209038,4.8061168760240305,1,1,2022,3,0
447.0,239,4101,17000.0,5.0,Birthday,4,0.0,0.0,100.0,200.0,0,1,3,0,0,1,4.144319843978547,1.8625,17.0875,5.826426133593369,10,4,2024,1,3
278.0,249,22215,12000.0,10.0,Wedding,1,0.0,0.0,200.0,500.0,2,0,11,0,0,2,0.5401512423478574,1.112,88.86,1.120813827871804,6,2,2022,3,2
5321.0,202,1983,13000.0,7.0,Birthday,4,0.0,0.0,300.0,500.0,0,2,10,0,1,0,6.55241935483871,26.211822660098523,9.768472906403941,10.181451612903226,8,3,2024,5,2
5194.0,252,1608,23000.0,4.0,Wedding,4,0.0,0.0,300.0,500.0,2,1,17,0,0,2,14.294592914853947,20.529644268774703,6.355731225296442,15.661901802361717,7,3,2025,0,2
13719.0,126,4896,12000.0,20.0,Birthday,5,0.0,0.0,200.0,400.0,0,2,8,0,1,2,2.450479885644272,108.02362204724409,38.55118110236221,2.5730038799264854,11,4,2024,6,3
6088.0,249,22215,20000.0,16.0,Corporate Event,5,0.0,0.0,200.0,500.0,1,2,9,0,0,0,0.9002520705797623,24.352,88.86,1.120813827871804,10,4,2022,3,3
11059.0,176,3661,15000.0,3.0,Wedding,3,0.0,0.0,100.0,200.0,2,0,18,0,0,2,4.09612233752048,62.48022598870057,20.683615819209038,4.8061168760240305,12,4,2025,1,0
11270.0,239,4101,22000.0,5.0,Birthday,5,0.0,0.0,300.0,500.0,0,1,5,0,1,2,5.363237445148708,46.958333333333336,17.0875,5.826426133593369,12,4,2025,5,0
5380.0,252,1608,26000.0,7.0,Wedding,5,0.0,0.0,300.0,500.0,2,0,5,0,1,1,16.159105034182723,21.26482213438735,6.355731225296442,15.661901802361717,12,4,2022,0,0
13734.0,202,1983,23000.0,20.0,Corporate Event,5,0.0,0.0,300.0,500.0,1,2,17,0,0,0,11.59274193548387,67.65517241379311,9.768472906403941,10.181451612903226,10,4,2023,3,3
13923.0,298,962,12000.0,7.0,Birthday,4,0.0,0.0,300.0,500.0,0,2,10,0,1,1,12.461059190031152,46.56521739130435,3.217391304347826,30.944963655244027,9,3,2022,0,3
10419.0,249,22215,15000.0,2.0,Birthday,1,0.0,0.0,300.0,500.0,0,2,2,0,1,1,0.6751890529348218,41.676,88.86,1.120813827871804,8,3,2025,1,2
9296.0,252,1608,21000.0,10.0,Birthday,3,0.0,0.0,100.0,200.0,0,1,4,0,0,1,13.05158483530143,36.74308300395257,6.355731225296442,15.661901802361717,3,1,2025,2,1
10167.0,202,1983,23000.0,2.0,Corporate Event,2,0.0,0.0,200.0,400.0,1,2,7,0,1,1,11.59274193548387,50.083743842364534,9.768472906403941,10.181451612903226,9,3,2025,6,3
1454.0,176,3661,25000.0,0.0,Corporate Event,5,0.0,0.0,300.0,500.0,1,0,16,0,1,2,6.826870562534134,8.214689265536723,20.683615819209038,4.8061168760240305,10,4,2024,6,3
11164.0,203,1258,12000.0,10.0,Wedding,3,0.0,0.0,200.0,400.0,2,2,6,0,1,0,9.531374106433677,54.72549019607843,6.166666666666667,16.12390786338364,3,1,2023,0,1
4699.0,202,1983,26000.0,2.0,Wedding,2,0.0,0.0,200.0,400.0,2,2,7,0,1,0,13.10483870967742,23.147783251231527,9.768472906403941,10.181451612903226,6,2,2022,6,2
2123.0,155,66,17000.0,9.0,Birthday,4,0.0,0.0,300.0,500.0,0,2,5,0,1,1,253.73134328358208,13.60897435897436,0.4230769230769231,231.34328358208953,6,2,2025,4,2
3221.0,202,1983,13000.0,5.0,Birthday,3,0.0,0.0,100.0,200.0,0,1,3,0,0,1,6.55241935483871,15.866995073891626,9.768472906403941,10.181451612903226,11,4,2023,3,3
101250.0,239,4101,17000.0,5.0,Birthday,1,0.0,0.0,300.0,500.0,0,1,5,0,1,1,4.144319843978547,421.875,17.0875,5.826426133593369,9,3,2024,2,3
9589.0,252,1608,21000.0,4.0,Corporate Event,3,0.0,0.0,200.0,400.0,1,2,1,0,1,0,13.05158483530143,37.901185770750985,6.355731225296442,15.661901802361717,10,4,2024,5,3
3468.0,203,1258,25000.0,18.0,Birthday,2,0.0,0.0,200.0,400.0,0,0,8,0,1,0,19.857029388403493,17.0,6.166666666666667,16.12390786338364,1,1,2023,5,0
6789.0,203,1417,22000.0,2.0,Birthday,1,0.0,0.0,300.0,500.0,0,2,10,0,1,1,15.514809590973202,33.279411764705884,6.946078431372549,14.315937940761636,5,2,2024,4,1
11183.0,298,962,19000.0,5.0,Wedding,5,0.0,0.0,300.0,500.0,2,1,16,0,1,0,19.73001038421599,37.40133779264214,3.217391304347826,30.944963655244027,5,2,2023,2,1
3719.0,126,4896,23000.0,2.0,Corporate Event,4,0.0,0.0,200.0,400.0,1,2,7,0,1,0,4.696753114151521,29.283464566929133,38.55118110236221,2.5730038799264854,10,4,2022,5,3
12133.0,252,1608,25000.0,5.0,Wedding,5,0.0,0.0,100.0,200.0,2,1,3,0,0,2,15.537600994406464,47.95652173913044,6.355731225296442,15.661901802361717,8,3,2023,3,2
12652.0,202,1983,26000.0,7.0,Corporate Event,1,0.0,0.0,100.0,200.0,1,0,15,0,0,0,13.10483870967742,62.32512315270936,9.768472906403941,10.181451612903226,1,1,2023,2,0
2873.0,298,962,24000.0,13.0,Birthday,5,0.0,0.0,200.0,400.0,0,1,8,0,1,2,24.922118380062305,9.608695652173912,3.217391304347826,30.944963655244027,9,3,2024,3,3
7692.0,203,1417,15000.0,2.0,Wedding,3,0.0,0.0,300.0,500.0,2,2,10,0,1,0,10.578279266572638,37.705882352941174,6.946078431372549,14.315937940761636,4,2,2023,4,1
9344.0,229,3480,25000.0,0.0,Birthday,5,0.0,0.0,200.0,400.0,0,2,6,0,1,2,7.181844297615628,40.62608695652174,15.130434782608695,6.578569376615915,4,2,2024,2,1
9273.0,42,3577,19000.0,3.0,Corporate Event,2,0.0,0.0,200.0,400.0,1,2,12,0,1,2,5.310229178311906,215.65116279069767,83.18604651162791,1.1738401341531581,2,1,2025,2,0
2828.0,155,66,21000.0,20.0,Wedding,1,0.0,0.0,300.0,500.0,2,2,17,0,0,1,313.43283582089555,18.128205128205128,0.4230769230769231,231.34328358208953,5,2,2025,3,1
11820.0,229,3480,20000.0,0.0,Birthday,2,0.0,0.0,300.0,500.0,0,2,16,0,1,2,5.745475438092502,51.391304347826086,15.130434782608695,6.578569376615915,7,3,2024,5,2
12201.0,155,66,13000.0,3.0,Corporate Event,3,0.0,0.0,200.0,500.0,1,2,9,0,0,0,194.02985074626866,78.21153846153847,0.4230769230769231,231.34328358208953,11,4,2025,6,3
12597.0,298,962,19000.0,8.0,Corporate Event,3,0.0,0.0,100.0,200.0,1,2,18,0,0,1,19.73001038421599,42.130434782608695,3.217391304347826,30.944963655244027,1,1,2023,6,0
12403.0,202,1983,13000.0,5.0,Corporate Event,5,0.0,0.0,100.0,200.0,1,1,3,0,0,1,6.55241935483871,61.09852216748769,9.768472906403941,10.181451612903226,10,4,2025,6,3
10361.0,249,22215,15000.0,0.0,Birthday,2,0.0,0.0,100.0,200.0,0,0,4,0,0,0,0.6751890529348218,41.444,88.86,1.120813827871804,12,4,2025,1,0
3952.0,202,1983,21000.0,10.0,Wedding,1,0.0,0.0,300.0,500.0,2,0,10,0,1,2,10.584677419354838,19.467980295566502,9.768472906403941,10.181451612903226,3,1,2024,4,1
13530.0,155,66,22000.0,2.0,Corporate Event,3,0.0,0.0,200.0,500.0,1,0,9,0,0,1,328.35820895522386,86.73076923076923,0.4230769230769231,231.34328358208953,11,4,2024,3,3
5720.0,126,4896,24000.0,0.0,Wedding,2,0.0,0.0,300.0,500.0,2,0,17,0,0,0,4.900959771288544,45.039370078740156,38.55118110236221,2.5730038799264854,8,3,2025,3,2
11514.0,249,22215,15000.0,0.0,Corporate Event,5,0.0,0.0,300.0,500.0,1,2,16,0,1,2,0.6751890529348218,46.056,88.86,1.120813827871804,5,2,2022,3,1
11115.0,252,1608,15000.0,20.0,Wedding,1,0.0,0.0,200.0,400.0,2,2,8,0,1,2,9.322560596643878,43.93280632411067,6.355731225296442,15.661901802361717,5,2,2022,6,1
9634.0,239,4101,15000.0,2.0,Corporate Event,4,0.0,0.0,100.0,200.0,1,2,4,0,0,1,3.6567528035104826,40.141666666666666,17.0875,5.826426133593369,10,4,2024,3,3
13620.0,176,3661,24000.0,2.0,Birthday,1,0.0,0.0,100.0,200.0,0,2,4,0,0,1,6.553795740032769,76.94915254237289,20.683615819209038,4.8061168760240305,11,4,2025,2,3
9392.0,155,66,17000.0,8.0,Corporate Event,3,0.0,0.0,300.0,500.0,1,2,2,0,1,0,253.73134328358208,60.205128205128204,0.4230769230769231,231.34328358208953,12,4,2025,3,0
557.0,203,1417,13000.0,2.0,Birthday,2,0.0,0.0,200.0,400.0,0,2,12,0,1,2,9.16784203102962,2.730392156862745,6.946078431372549,14.315937940761636,12,4,2024,6,0
953.0,203,1258,20000.0,7.0,Birthday,4,0.0,0.0,100.0,200.0,0,0,15,0,0,2,15.885623510722796,4.671568627450981,6.166666666666667,16.12390786338364,10,4,2025,4,3
4477.0,298,962,15000.0,9.0,Birthday,5,0.0,0.0,200.0,400.0,0,1,6,0,1,2,15.576323987538942,14.97324414715719,3.217391304347826,30.944963655244027,5,2,2024,2,1
9450.0,176,3661,13000.0,14.0,Corporate Event,2,0.0,0.0,300.0,500.0,1,1,10,0,1,1,3.5499726925177497,53.389830508474574,20.683615819209038,4.8061168760240305,9,3,2023,6,3
9424.0,203,1417,13000.0,0.0,Birthday,3,0.0,0.0,300.0,500.0,0,2,16,0,1,2,9.16784203102962,46.19607843137255,6.946078431372549,14.315937940761636,4,2,2023,1,1
11783.0,126,4896,13000.0,20.0,Corporate Event,1,0.0,0.0,200.0,400.0,1,2,8,0,1,0,2.6546865427812945,92.77952755905511,38.55118110236221,2.5730038799264854,6,2,2023,5,2
11361.0,176,3661,19000.0,0.0,Wedding,2,0.0,0.0,100.0,200.0,2,0,3,0,0,2,5.188421627525942,64.1864406779661,20.683615819209038,4.8061168760240305,5,2,2023,4,1
11839.0,203,1258,24000.0,0.0,Birthday,5,0.0,0.0,300.0,500.0,0,0,16,0,1,1,19.062748212867355,58.03431372549019,6.166666666666667,16.12390786338364,11,4,2023,2,3
6389.0,298,962,22000.0,14.0,Wedding,4,0.0,0.0,300.0,500.0,2,1,10,0,1,0,22.84527518172378,21.367892976588628,3.217391304347826,30.944963655244027,5,2,2024,4,1
35750.0,252,1608,20000.0,3.0,Wedding,5,0.0,0.0,200.0,500.0,2,2,9,0,0,1,12.430080795525171,141.30434782608697,6.355731225296442,15.661901802361717,6,2,2023,3,2
359.0,203,1417,20000.0,0.0,Corporate Event,3,0.0,0.0,100.0,200.0,1,0,4,0,0,1,14.104372355430183,1.7598039215686274,6.946078431372549,14.315937940761636,2,1,2024,6,0
2867.0,203,1417,24000.0,2.0,Wedding,3,0.0,0.0,200.0,400.0,2,2,13,0,1,2,16.92524682651622,14.053921568627452,6.946078431372549,14.315937940761636,7,3,2024,4,2
11377.0,252,1608,13000.0,20.0,Corporate Event,4,0.0,0.0,300.0,500.0,1,2,17,0,0,2,8.079552517091361,44.96837944664031,6.355731225296442,15.661901802361717,5,2,2024,0,1
958.0,176,3661,23000.0,1.0,Birthday,2,0.0,0.0,100.0,200.0,0,2,15,0,0,0,6.280720917531403,5.4124293785310735,20.683615819209038,4.8061168760240305,1,1,2022,2,0
1057.0,249,22215,17000.0,0.0,Corporate Event,1,0.0,0.0,300.0,500.0,1,0,16,0,1,2,0.765214259992798,4.228,88.86,1.120813827871804,12,4,2022,2,0
4782.0,42,3577,20000.0,0.0,Wedding,4,0.0,0.0,100.0,200.0,2,1,15,0,0,1,5.589714924538849,111.20930232558139,83.18604651162791,1.1738401341531581,10,4,2022,4,3
13961.0,176,3661,26000.0,7.0,Birthday,2,0.0,0.0,300.0,500.0,0,0,5,0,1,2,7.099945385035499,78.87570621468926,20.683615819209038,4.8061168760240305,5,2,2022,3,1
14858.0,42,3577,23000.0,0.0,Corporate Event,1,0.0,0.0,100.0,200.0,1,0,4,0,0,1,6.428172163219676,345.5348837209302,83.18604651162791,1.1738401341531581,12,4,2023,3,0
5386.0,298,962,19000.0,0.0,Birthday,4,0.0,0.0,200.0,400.0,0,2,6,0,1,2,19.73001038421599,18.013377926421406,3.217391304347826,30.944963655244027,4,2,2025,6,1
1445.0,126,4896,25000.0,4.0,Corporate Event,4,0.0,0.0,300.0,500.0,1,1,17,0,0,1,5.105166428425567,11.377952755905511,38.55118110236221,2.5730038799264854,8,3,2024,2,2
2336.0,155,66,19000.0,7.0,Wedding,1,0.0,0.0,100.0,200.0,2,2,4,0,0,2,283.5820895522388,14.974358974358974,0.4230769230769231,231.34328358208953,5,2,2024,2,1
11508.0,202,1983,23000.0,0.0,Wedding,4,0.0,0.0,200.0,400.0,2,0,7,0,1,1,11.59274193548387,56.689655172413794,9.768472906403941,10.181451612903226,9,3,2022,4,3
299.0,202,1983,26000.0,3.0,Birthday,5,0.0,0.0,200.0,500.0,0,1,11,0,0,0,13.10483870967742,1.4729064039408868,9.768472906403941,10.181451612903226,5,2,2022,3,1
5882.0,42,3577,12000.0,10.0,Wedding,3,0.0,0.0,300.0,500.0,2,0,10,0,1,1,3.3538289547233093,136.7906976744186,83.18604651162791,1.1738401341531581,1,1,2025,1,0
8932.0,126,4896,26000.0,0.0,Corporate Event,1,0.0,0.0,200.0,400.0,1,2,6,0,1,0,5.309373085562589,70.33070866141732,38.55118110236221,2.5730038799264854,1,1,2024,1,0
5930.0,229,3480,19000.0,2.0,Corporate Event,4,0.0,0.0,200.0,400.0,1,2,7,0,1,1,5.458201666187877,25.782608695652176,15.130434782608695,6.578569376615915,3,1,2023,5,1
2721.0,239,4101,24000.0,2.0,Corporate Event,4,0.0,0.0,200.0,400.0,1,2,12,0,1,1,5.850804485616773,11.3375,17.0875,5.826426133593369,12,4,2022,1,0
12769.0,229,3480,25000.0,2.0,Wedding,4,0.0,0.0,200.0,400.0,2,2,7,0,1,2,7.181844297615628,55.517391304347825,15.130434782608695,6.578569376615915,1,1,2022,5,0
5835.0,155,66,26000.0,14.0,Corporate Event,4,0.0,0.0,300.0,500.0,1,1,10,0,1,1,388.05970149253733,37.40384615384615,0.4230769230769231,231.34328358208953,7,3,2022,0,2
10130.0,203,1417,17000.0,10.0,Corporate Event,2,0.0,0.0,300.0,500.0,1,0,10,0,1,2,11.988716502115656,49.65686274509804,6.946078431372549,14.315937940761636,4,2,2023,6,1
4611.0,202,1983,21000.0,3.0,Corporate Event,3,0.0,0.0,200.0,400.0,1,2,12,0,1,1,10.584677419354838,22.714285714285715,9.768472906403941,10.181451612903226,6,2,2022,4,2
11708.0,126,4896,26000.0,5.0,Corporate Event,2,0.0,0.0,300.0,500.0,1,2,14,0,1,0,5.309373085562589,92.18897637795276,38.55118110236221,2.5730038799264854,4,2,2023,6,1
9341.0,298,962,22000.0,0.0,Birthday,5,0.0,0.0,200.0,400.0,0,0,0,0,1,0,22.84527518172378,31.240802675585286,3.217391304347826,30.944963655244027,5,2,2022,6,1
2351.0,298,962,17000.0,2.0,Wedding,5,0.0,0.0,300.0,500.0,2,2,2,0,1,0,17.653167185877468,7.862876254180602,3.217391304347826,30.944963655244027,12,4,2022,5,0
10858.0,203,1258,24000.0,20.0,Birthday,3,0.0,0.0,200.0,400.0,0,2,8,0,1,0,19.062748212867355,53.22549019607843,6.166666666666667,16.12390786338364,10,4,2024,2,3
14346.0,176,3661,25000.0,7.0,Corporate Event,5,0.0,0.0,300.0,500.0,1,0,5,0,1,2,6.826870562534134,81.05084745762711,20.683615819209038,4.8061168760240305,1,1,2023,0,0
1271.0,249,22215,13000.0,7.0,Corporate Event,1,0.0,0.0,300.0,500.0,1,2,10,0,1,0,0.5851638458768456,5.084,88.86,1.120813827871804,4,2,2025,2,1
7948.0,203,1417,23000.0,3.0,Birthday,1,0.0,0.0,200.0,400.0,0,2,12,0,1,2,16.22002820874471,38.96078431372549,6.946078431372549,14.315937940761636,8,3,2025,4,2
434.0,252,1608,21000.0,18.0,Birthday,4,0.0,0.0,200.0,400.0,0,0,8,0,1,0,13.05158483530143,1.715415019762846,6.355731225296442,15.661901802361717,3,1,2023,0,1
14224.0,202,1983,25000.0,2.0,Birthday,5,0.0,0.0,100.0,200.0,0,2,4,0,0,2,12.600806451612904,70.06896551724138,9.768472906403941,10.181451612903226,12,4,2024,1,0
768.0,176,3661,25000.0,4.0,Corporate Event,4,0.0,0.0,300.0,500.0,1,2,5,0,1,0,6.826870562534134,4.338983050847458,20.683615819209038,4.8061168760240305,10,4,2024,2,3
13873.0,203,1258,13000.0,0.0,Wedding,1,0.0,0.0,300.0,500.0,2,2,16,0,1,0,10.325655281969818,68.00490196078431,6.166666666666667,16.12390786338364,6,2,2025,5,2
83500.0,298,962,20000.0,9.0,Wedding,2,0.0,0.0,300.0,500.0,2,2,5,0,1,0,20.768431983385256,279.26421404682276,3.217391304347826,30.944963655244027,9,3,2023,1,3
8546.0,239,4101,12000.0,20.0,Wedding,2,0.0,0.0,300.0,500.0,2,2,17,0,0,2,2.9254022428083863,35.608333333333334,17.0875,5.826426133593369,4,2,2025,5,1
3973.0,176,3661,26000.0,2.0,Wedding,2,0.0,0.0,200.0,400.0,2,2,12,0,1,1,7.099945385035499,22.44632768361582,20.683615819209038,4.8061168760240305,5,2,2025,4,1
4370.0,155,66,19000.0,4.0,Wedding,5,0.0,0.0,300.0,500.0,2,1,17,0,0,1,283.5820895522388,28.012820512820515,0.4230769230769231,231.34328358208953,1,1,2025,5,0
1693.0,229,3480,12000.0,20.0,Birthday,1,0.0,0.0,300.0,500.0,0,2,17,0,0,0,3.4472852628555013,7.360869565217391,15.130434782608695,6.578569376615915,9,3,2025,5,3
8294.0,155,66,19000.0,0.0,Corporate Event,5,0.0,0.0,200.0,500.0,1,2,11,0,0,1,283.5820895522388,53.166666666666664,0.4230769230769231,231.34328358208953,6,2,2022,2,2
13047.0,229,3480,22000.0,2.0,Wedding,2,0.0,0.0,200.0,500.0,2,0,9,0,0,0,6.320022981901753,56.72608695652174,15.130434782608695,6.578569376615915,12,4,2024,6,0
599.0,42,3577,19000.0,5.0,Corporate Event,1,0.0,0.0,100.0,200.0,1,1,3,0,0,2,5.310229178311906,13.930232558139535,83.18604651162791,1.1738401341531581,11,4,2025,6,3
8829.0,126,4896,26000.0,9.0,Wedding,3,0.0,0.0,300.0,500.0,2,2,5,0,1,0,5.309373085562589,69.51968503937007,38.55118110236221,2.5730038799264854,1,1,2023,6,0
5723.0,229,3480,21000.0,0.0,Wedding,1,0.0,0.0,200.0,400.0,2,0,7,0,1,0,6.032749209997127,24.882608695652173,15.130434782608695,6.578569376615915,2,1,2025,2,0
5861.0,126,4896,23000.0,0.0,Corporate Event,3,0.0,0.0,200.0,400.0,1,0,7,0,1,2,4.696753114151521,46.1496062992126,38.55118110236221,2.5730038799264854,7,3,2025,1,2
14511.0,176,3661,24000.0,4.0,Birthday,1,0.0,0.0,300.0,500.0,0,1,17,0,0,0,6.553795740032769,81.98305084745763,20.683615819209038,4.8061168760240305,9,3,2025,0,3
8000.0,203,1258,22000.0,10.0,Birthday,3,0.0,0.0,200.0,400.0,0,2,0,0,1,2,17.474185861795075,39.21568627450981,6.166666666666667,16.12390786338364,5,2,2022,1,1
9185.0,203,1417,24000.0,0.0,Wedding,4,0.0,0.0,100.0,200.0,2,0,4,0,0,2,16.92524682651622,45.02450980392157,6.946078431372549,14.315937940761636,10,4,2022,0,3
2369.0,229,3480,21000.0,0.0,Birthday,4,0.0,0.0,300.0,500.0,0,0,16,0,1,1,6.032749209997127,10.3,15.130434782608695,6.578569376615915,8,3,2024,4,2
515.0,249,22215,15000.0,0.0,Corporate Event,5,0.0,0.0,100.0,200.0,1,2,3,0,0,0,0.6751890529348218,2.06,88.86,1.120813827871804,10,4,2023,4,3
2637.0,176,3661,15000.0,10.0,Corporate Event,3,0.0,0.0,200.0,400.0,1,2,0,0,1,0,4.09612233752048,14.898305084745763,20.683615819209038,4.8061168760240305,5,2,2024,0,1
419.0,249,22215,24000.0,20.0,Birthday,1,0.0,0.0,300.0,500.0,0,2,17,0,0,2,1.0803024846957148,1.676,88.86,1.120813827871804,9,3,2023,4,3
13956.0,239,4101,17000.0,4.0,Corporate Event,1,0.0,0.0,300.0,500.0,1,2,5,0,1,2,4.144319843978547,58.15,17.0875,5.826426133593369,9,3,2025,0,3
6101.0,252,1608,19000.0,4.0,Birthday,3,0.0,0.0,300.0,500.0,0,2,5,0,1,0,11.808576755748913,24.114624505928855,6.355731225296442,15.661901802361717,9,3,2023,3,3
13104.0,202,1983,15000.0,0.0,Corporate Event,5,0.0,0.0,200.0,500.0,1,2,11,0,0,0,7.560483870967742,64.55172413793103,9.768472906403941,10.181451612903226,5,2,2024,2,1
12825.0,229,3480,23000.0,6.0,Wedding,3,0.0,0.0,300.0,500.0,2,1,2,0,1,0,6.607296753806377,55.76086956521739,15.130434782608695,6.578569376615915,4,2,2024,6,1
14215.0,252,1608,15000.0,10.0,Corporate Event,3,0.0,0.0,300.0,500.0,1,0,10,0,1,2,9.322560596643878,56.18577075098814,6.355731225296442,15.661901802361717,2,1,2023,3,0
12426.0,249,22215,24000.0,5.0,Corporate Event,1,0.0,0.0,100.0,200.0,1,1,3,0,0,2,1.0803024846957148,49.704,88.86,1.120813827871804,6,2,2022,0,2
7506.0,42,3577,12000.0,0.0,Wedding,1,0.0,0.0,300.0,500.0,2,0,14,0,1,0,3.3538289547233093,174.5581395348837,83.18604651162791,1.1738401341531581,5,2,2024,1,1
11696.0,155,66,25000.0,0.0,Corporate Event,4,0.0,0.0,200.0,400.0,1,0,12,0,1,0,373.13432835820896,74.97435897435898,0.4230769230769231,231.34328358208953,5,2,2024,2,1
37660.0,202,1983,17000.0,0.0,Corporate Event,5,0.0,0.0,200.0,400.0,1,0,0,0,1,2,8.568548387096774,185.51724137931035,9.768472906403941,10.181451612903226,1,1,2023,1,0
14984.0,239,4101,19000.0,0.0,Corporate Event,5,0.0,0.0,100.0,200.0,1,2,3,0,0,1,4.631886884446612,62.43333333333333,17.0875,5.826426133593369,8,3,2023,3,2
10473.0,203,1417,24000.0,14.0,Corporate Event,5,0.0,0.0,300.0,500.0,1,1,10,0,1,2,16.92524682651622,51.338235294117645,6.946078431372549,14.315937940761636,12,4,2022,3,0
14757.0,42,3577,20000.0,14.0,Corporate Event,2,0.0,0.0,200.0,400.0,1,2,0,0,1,0,5.589714924538849,343.1860465116279,83.18604651162791,1.1738401341531581,9,3,2024,6,3
9021.0,203,1417,20000.0,0.0,Birthday,3,0.0,0.0,200.0,400.0,0,0,13,0,1,1,14.104372355430183,44.220588235294116,6.946078431372549,14.315937940761636,1,1,2023,3,0
11101.0,202,1983,25000.0,10.0,Birthday,1,0.0,0.0,200.0,400.0,0,2,6,0,1,1,12.600806451612904,54.68472906403941,9.768472906403941,10.181451612903226,6,2,2023,6,2
13018.0,176,3661,19000.0,0.0,Birthday,4,0.0,0.0,300.0,500.0,0,2,16,0,1,2,5.188421627525942,73.54802259887006,20.683615819209038,4.8061168760240305,6,2,2022,2,2
6226.0,203,1258,13000.0,2.0,Birthday,2,0.0,0.0,300.0,500.0,0,2,10,0,1,2,10.325655281969818,30.519607843137255,6.166666666666667,16.12390786338364,11,4,2022,1,3
6513.0,126,4896,15000.0,3.0,Wedding,3,0.0,0.0,200.0,500.0,2,1,11,0,0,0,3.06309985705534,51.28346456692913,38.55118110236221,2.5730038799264854,8,3,2024,4,2
8925.0,203,1258,13000.0,10.0,Birthday,2,0.0,0.0,200.0,500.0,0,0,11,0,0,1,10.325655281969818,43.75,6.166666666666667,16.12390786338364,6,2,2025,3,2
11550.0,42,3577,25000.0,20.0,Corporate Event,3,0.0,0.0,200.0,400.0,1,2,8,0,1,0,6.98714365567356,268.6046511627907,83.18604651162791,1.1738401341531581,5,2,2022,3,1
601.0,155,66,21000.0,6.0,Corporate Event,5,0.0,0.0,300.0,500.0,1,1,2,0,1,1,313.43283582089555,3.8525641025641026,0.4230769230769231,231.34328358208953,11,4,2024,0,3
1386.0,202,1983,19000.0,7.0,Wedding,3,0.0,0.0,300.0,500.0,2,0,5,0,1,1,9.576612903225806,6.827586206896552,9.768472906403941,10.181451612903226,1,1,2025,6,0
9059.0,298,962,25000.0,16.0,Wedding,4,0.0,0.0,200.0,400.0,2,2,13,0,1,2,25.96053997923157,30.297658862876254,3.217391304347826,30.944963655244027,1,1,2025,4,0
8835.0,249,22215,25000.0,0.0,Corporate Event,4,0.0,0.0,300.0,500.0,1,2,16,0,1,2,1.125315088224703,35.34,88.86,1.120813827871804,12,4,2025,4,0
8837.0,203,1258,19000.0,10.0,Corporate Event,3,0.0,0.0,200.0,400.0,1,2,0,0,1,1,15.091342335186656,43.318627450980394,6.166666666666667,16.12390786338364,6,2,2022,6,2
12188.0,202,1983,17000.0,8.0,Birthday,1,0.0,0.0,300.0,500.0,0,2,2,0,1,2,8.568548387096774,60.039408866995075,9.768472906403941,10.181451612903226,2,1,2023,4,0
11756.0,155,66,13000.0,0.0,Wedding,1,0.0,0.0,100.0,200.0,2,0,4,0,0,0,194.02985074626866,75.35897435897436,0.4230769230769231,231.34328358208953,4,2,2024,3,1
52000.0,42,3577,23000.0,18.0,Corporate Event,1,0.0,0.0,200.0,400.0,1,0,8,0,1,0,6.428172163219676,1209.3023255813953,83.18604651162791,1.1738401341531581,9,3,2025,1,3
14279.0,176,3661,21000.0,7.0,Wedding,4,0.0,0.0,100.0,200.0,2,2,4,0,0,2,5.734571272528673,80.67231638418079,20.683615819209038,4.8061168760240305,3,1,2024,4,1
13610.0,252,1608,13000.0,2.0,Wedding,3,0.0,0.0,200.0,400.0,2,2,7,0,1,2,8.079552517091361,53.794466403162055,6.355731225296442,15.661901802361717,7,3,2023,1,2
13505.0,239,4101,22000.0,16.0,Wedding,1,0.0,0.0,200.0,500.0,2,2,11,0,0,1,5.363237445148708,56.270833333333336,17.0875,5.826426133593369,5,2,2025,2,1
5046.0,249,22215,15000.0,2.0,Birthday,5,0.0,0.0,200.0,400.0,0,2,7,0,1,0,0.6751890529348218,20.184,88.86,1.120813827871804,1,1,2024,0,0
1559.0,249,22215,23000.0,5.0,Wedding,1,0.0,0.0,300.0,500.0,2,1,5,0,1,1,1.0352898811667266,6.236,88.86,1.120813827871804,10,4,2024,0,3
5262.0,203,1258,15000.0,16.0,Birthday,4,0.0,0.0,200.0,400.0,0,2,8,0,1,2,11.914217633042098,25.794117647058822,6.166666666666667,16.12390786338364,4,2,2023,6,1
11150.0,298,962,24000.0,2.0,Corporate Event,3,0.0,0.0,300.0,500.0,1,2,2,0,1,2,24.922118380062305,37.290969899665555,3.217391304347826,30.944963655244027,4,2,2024,6,1
11819.0,202,1983,25000.0,2.0,Birthday,5,0.0,0.0,300.0,500.0,0,2,2,0,1,2,12.600806451612904,58.22167487684729,9.768472906403941,10.181451612903226,6,2,2022,3,2
4879.0,155,66,25000.0,16.0,Birthday,4,0.0,0.0,200.0,400.0,0,2,1,0,1,2,373.13432835820896,31.275641025641026,0.4230769230769231,231.34328358208953,7,3,2025,5,2
3134.0,203,1258,23000.0,2.0,Birthday,4,0.0,0.0,300.0,500.0,0,2,2,0,1,2,18.268467037331217,15.362745098039216,6.166666666666667,16.12390786338364,1,1,2022,5,0
10672.0,126,4896,22000.0,13.0,Wedding,5,0.0,0.0,200.0,400.0,2,1,8,0,1,0,4.492546457014499,84.03149606299213,38.55118110236221,2.5730038799264854,7,3,2025,1,2
13055.0,203,1417,23000.0,7.0,Birthday,2,0.0,0.0,300.0,500.0,0,0,5,0,1,0,16.22002820874471,63.995098039215684,6.946078431372549,14.315937940761636,1,1,2024,0,0
12549.0,203,1417,15000.0,2.0,Birthday,4,0.0,0.0,100.0,200.0,0,2,4,0,0,1,10.578279266572638,61.51470588235294,6.946078431372549,14.315937940761636,5,2,2022,0,1
7596.0,298,962,20000.0,0.0,Corporate Event,5,0.0,0.0,200.0,400.0,1,2,6,0,1,2,20.768431983385256,25.40468227424749,3.217391304347826,30.944963655244027,4,2,2025,2,1
10914.0,203,1258,12000.0,0.0,Birthday,2,0.0,0.0,100.0,200.0,0,2,15,0,0,2,9.531374106433677,53.5,6.166666666666667,16.12390786338364,10,4,2023,1,3
493.0,42,3577,15000.0,2.0,Birthday,5,0.0,0.0,200.0,500.0,0,0,9,0,0,1,4.192286193404136,11.465116279069768,83.18604651162791,1.1738401341531581,3,1,2023,3,1
1979.0,42,3577,20000.0,3.0,Corporate Event,2,0.0,0.0,100.0,200.0,1,0,18,0,0,1,5.589714924538849,46.02325581395349,83.18604651162791,1.1738401341531581,12,4,2023,4,0
3553.0,203,1258,25000.0,8.0,Wedding,2,0.0,0.0,100.0,200.0,2,2,18,0,0,1,19.857029388403493,17.416666666666668,6.166666666666667,16.12390786338364,4,2,2024,0,1
7078.0,176,3661,13000.0,13.0,Wedding,4,0.0,0.0,200.0,400.0,2,1,8,0,1,0,3.5499726925177497,39.98870056497175,20.683615819209038,4.8061168760240305,1,1,2024,1,0
5302.0,155,66,19000.0,8.0,Corporate Event,3,0.0,0.0,100.0,200.0,1,2,18,0,0,1,283.5820895522388,33.98717948717949,0.4230769230769231,231.34328358208953,7,3,2023,6,2
14111.0,229,3480,22000.0,7.0,Corporate Event,4,0.0,0.0,100.0,200.0,1,0,15,0,0,1,6.320022981901753,61.35217391304348,15.130434782608695,6.578569376615915,11,4,2022,0,3
3019.0,203,1417,24000.0,4.0,Wedding,4,0.0,0.0,300.0,500.0,2,1,17,0,0,0,16.92524682651622,14.799019607843137,6.946078431372549,14.315937940761636,7,3,2024,1,2
6466.0,176,3661,12000.0,4.0,Birthday,2,0.0,0.0,100.0,200.0,0,2,18,0,0,1,3.2768978700163847,36.53107344632768,20.683615819209038,4.8061168760240305,12,4,2025,3,0
11402.0,229,3480,20000.0,5.0,Corporate Event,4,0.0,0.0,300.0,500.0,1,2,14,0,1,2,5.745475438092502,49.573913043478264,15.130434782608695,6.578569376615915,1,1,2023,3,0
6451.0,229,3480,23000.0,3.0,Birthday,4,0.0,0.0,100.0,200.0,0,0,18,0,0,2,6.607296753806377,28.047826086956523,15.130434782608695,6.578569376615915,2,1,2023,4,0
3360.0,203,1417,19000.0,10.0,Corporate Event,4,0.0,0.0,200.0,400.0,1,2,0,0,1,0,13.399153737658674,16.470588235294116,6.946078431372549,14.315937940761636,5,2,2023,1,1
5380.0,202,1983,13000.0,2.0,Birthday,5,0.0,0.0,200.0,400.0,0,2,13,0,1,0,6.55241935483871,26.502463054187192,9.768472906403941,10.181451612903226,12,4,2023,4,0
6402.0,229,3480,13000.0,18.0,Birthday,3,0.0,0.0,200.0,400.0,0,0,8,0,1,1,3.7345590347601263,27.83478260869565,15.130434782608695,6.578569376615915,6,2,2022,1,2
13010.0,203,1417,26000.0,10.0,Wedding,1,0.0,0.0,100.0,200.0,2,1,4,0,0,1,18.33568406205924,63.77450980392157,6.946078431372549,14.315937940761636,3,1,2024,1,1
2072.0,203,1258,13000.0,11.0,Wedding,1,0.0,0.0,200.0,400.0,2,1,0,0,1,0,10.325655281969818,10.156862745098039,6.166666666666667,16.12390786338364,2,1,2025,2,0
11252.0,202,1983,20000.0,7.0,Wedding,4,0.0,0.0,100.0,200.0,2,2,4,0,0,0,10.080645161290322,55.42857142857143,9.768472906403941,10.181451612903226,3,1,2024,1,1
82020.0,176,3661,26000.0,12.0,Corporate Event,3,0.0,0.0,200.0,500.0,1,1,9,0,0,1,7.099945385035499,463.3898305084746,20.683615819209038,4.8061168760240305,6,2,2025,2,2
8472.0,126,4896,21000.0,16.0,Birthday,3,0.0,0.0,200.0,400.0,0,2,13,0,1,1,4.288339799877476,66.70866141732283,38.55118110236221,2.5730038799264854,3,1,2023,2,1
2845.0,239,4101,15000.0,0.0,Corporate Event,1,0.0,0.0,100.0,200.0,1,0,3,0,0,0,3.6567528035104826,11.854166666666666,17.0875,5.826426133593369,5,2,2025,1,1
11934.0,239,4101,17000.0,3.0,Birthday,2,0.0,0.0,200.0,400.0,0,1,12,0,1,0,4.144319843978547,49.725,17.0875,5.826426133593369,2,1,2023,6,0
12358.0,252,1608,23000.0,0.0,Corporate Event,3,0.0,0.0,100.0,200.0,1,2,3,0,0,0,14.294592914853947,48.84584980237154,6.355731225296442,15.661901802361717,9,3,2025,4,3
2014.0,203,1258,20000.0,0.0,Birthday,2,0.0,0.0,100.0,200.0,0,2,15,0,0,0,15.885623510722796,9.872549019607844,6.166666666666667,16.12390786338364,2,1,2023,0,0
3344.0,202,1983,12000.0,8.0,Birthday,5,0.0,0.0,100.0,200.0,0,2,18,0,0,2,6.048387096774194,16.472906403940886,9.768472906403941,10.181451612903226,1,1,2022,0,0
11911.0,126,4896,15000.0,0.0,Corporate Event,2,0.0,0.0,200.0,400.0,1,0,13,0,1,2,3.06309985705534,93.78740157480316,38.55118110236221,2.5730038799264854,1,1,2022,3,0
6032.0,239,4101,19000.0,0.0,Birthday,4,0.0,0.0,100.0,200.0,0,0,4,0,0,0,4.631886884446612,25.133333333333333,17.0875,5.826426133593369,2,1,2023,1,0
7988.0,126,4896,26000.0,0.0,Wedding,5,0.0,0.0,200.0,400.0,2,2,6,0,1,0,5.309373085562589,62.89763779527559,38.55118110236221,2.5730038799264854,9,3,2022,5,3
2163.0,229,3480,21000.0,16.0,Corporate Event,4,0.0,0.0,200.0,400.0,1,2,13,0,1,1,6.032749209997127,9.404347826086957,15.130434782608695,6.578569376615915,7,3,2023,5,2
4500.0,298,962,25000.0,20.0,Corporate Event,4,0.0,0.0,300.0,500.0,1,2,17,0,0,2,25.96053997923157,15.050167224080267,3.217391304347826,30.944963655244027,12,4,2024,4,0
8389.0,239,4101,17000.0,14.0,Wedding,1,0.0,0.0,300.0,500.0,2,1,10,0,1,0,4.144319843978547,34.954166666666666,17.0875,5.826426133593369,12,4,2022,4,0
7976.0,252,1608,19000.0,16.0,Birthday,5,0.0,0.0,200.0,500.0,0,2,9,0,0,2,11.808576755748913,31.525691699604742,6.355731225296442,15.661901802361717,7,3,2022,6,2
11853.0,202,1983,20000.0,16.0,Birthday,1,0.0,0.0,200.0,400.0,0,2,1,0,1,2,10.080645161290322,58.389162561576356,9.768472906403941,10.181451612903226,2,1,2025,5,0
105790.0,42,3577,20000.0,0.0,Birthday,4,0.0,0.0,300.0,500.0,0,2,16,0,1,1,5.589714924538849,2460.232558139535,83.18604651162791,1.1738401341531581,1,1,2022,2,0
5066.0,202,1983,17000.0,2.0,Corporate Event,4,0.0,0.0,100.0,200.0,1,2,4,0,0,0,8.568548387096774,24.95566502463054,9.768472906403941,10.181451612903226,9,3,2024,2,3
11421.0,229,3480,19000.0,20.0,Wedding,3,0.0,0.0,300.0,500.0,2,2,17,0,0,1,5.458201666187877,49.65652173913043,15.130434782608695,6.578569376615915,5,2,2025,3,1
1929.0,203,1258,19000.0,10.0,Wedding,4,0.0,0.0,200.0,400.0,2,2,0,0,1,1,15.091342335186656,9.455882352941176,6.166666666666667,16.12390786338364,3,1,2024,5,1
1383.0,298,962,15000.0,2.0,Wedding,1,0.0,0.0,200.0,400.0,2,2,7,0,1,1,15.576323987538942,4.625418060200669,3.217391304347826,30.944963655244027,6,2,2024,2,2
105230.0,176,3661,24000.0,3.0,Birthday,3,0.0,0.0,200.0,400.0,0,1,12,0,1,1,6.553795740032769,594.5197740112994,20.683615819209038,4.8061168760240305,4,2,2022,6,1
4722.0,229,3480,23000.0,3.0,Corporate Event,3,0.0,0.0,200.0,400.0,1,1,12,0,1,1,6.607296753806377,20.530434782608694,15.130434782608695,6.578569376615915,7,3,2025,4,2
586.0,239,4101,26000.0,0.0,Corporate Event,4,0.0,0.0,300.0,500.0,1,0,17,0,0,0,6.338371526084837,2.441666666666667,17.0875,5.826426133593369,4,2,2025,3,1
1324.0,176,3661,24000.0,0.0,Birthday,3,0.0,0.0,300.0,500.0,0,0,14,0,1,0,6.553795740032769,7.480225988700565,20.683615819209038,4.8061168760240305,7,3,2024,3,2
6799.0,203,1417,21000.0,9.0,Corporate Event,5,0.0,0.0,300.0,500.0,1,2,5,0,1,0,14.809590973201692,33.32843137254902,6.946078431372549,14.315937940761636,8,3,2025,2,2
3796.0,42,3577,12000.0,3.0,Birthday,2,0.0,0.0,100.0,200.0,0,0,18,0,0,0,3.3538289547233093,88.27906976744185,83.18604651162791,1.1738401341531581,10,4,2024,0,3
1627.0,298,962,13000.0,10.0,Corporate Event,4,0.0,0.0,200.0,400.0,1,2,6,0,1,2,13.499480789200415,5.441471571906354,3.217391304347826,30.944963655244027,3,1,2024,2,1
2745.0,155,66,19000.0,7.0,Wedding,2,0.0,0.0,100.0,200.0,2,1,18,0,0,1,283.5820895522388,17.596153846153847,0.4230769230769231,231.34328358208953,1,1,2022,5,0
7743.0,176,3661,12000.0,18.0,Wedding,5,0.0,0.0,200.0,400.0,2,0,8,0,1,0,3.2768978700163847,43.74576271186441,20.683615819209038,4.8061168760240305,5,2,2022,6,1
2966.0,239,4101,23000.0,16.0,Birthday,5,0.0,0.0,200.0,400.0,0,2,8,0,1,0,5.60702096538274,12.358333333333333,17.0875,5.826426133593369,1,1,2024,2,0
8810.0,239,4101,24000.0,14.0,Birthday,4,0.0,0.0,200.0,400.0,0,2,0,0,1,0,5.850804485616773,36.708333333333336,17.0875,5.826426133593369,3,1,2022,4,1
9696.0,239,4101,12000.0,0.0,Corporate Event,2,0.0,0.0,100.0,200.0,1,0,3,0,0,2,2.9254022428083863,40.4,17.0875,5.826426133593369,11,4,2023,4,3
3019.0,298,962,20000.0,0.0,Birthday,1,0.0,0.0,100.0,200.0,0,0,4,0,0,2,20.768431983385256,10.096989966555183,3.217391304347826,30.944963655244027,6,2,2022,5,2
13456.0,298,962,23000.0,3.0,Corporate Event,5,0.0,0.0,100.0,200.0,1,0,18,0,0,1,23.883696780893043,45.00334448160535,3.217391304347826,30.944963655244027,4,2,2022,5,1
9353.0,126,4896,21000.0,7.0,Birthday,2,0.0,0.0,100.0,200.0,0,1,18,0,0,0,4.288339799877476,73.64566929133858,38.55118110236221,2.5730038799264854,2,1,2023,4,0
8363.0,298,962,19000.0,3.0,Wedding,1,0.0,0.0,200.0,500.0,2,1,11,0,0,0,19.73001038421599,27.96989966555184,3.217391304347826,30.944963655244027,11,4,2023,4,3
12346.0,252,1608,22000.0,2.0,Wedding,2,0.0,0.0,200.0,400.0,2,2,13,0,1,2,13.673088875077688,48.798418972332016,6.355731225296442,15.661901802361717,6,2,2022,2,2
14912.0,252,1608,25000.0,20.0,Corporate Event,1,0.0,0.0,300.0,500.0,1,2,17,0,0,2,15.537600994406464,58.940711462450594,6.355731225296442,15.661901802361717,12,4,2025,5,0
11683.0,229,3480,20000.0,14.0,Wedding,2,0.0,0.0,300.0,500.0,2,1,10,0,1,0,5.745475438092502,50.79565217391304,15.130434782608695,6.578569376615915,10,4,2024,4,3
3677.0,42,3577,19000.0,5.0,Corporate Event,4,0.0,0.0,100.0,200.0,1,1,3,0,0,0,5.310229178311906,85.51162790697674,83.18604651162791,1.1738401341531581,8,3,2022,6,2
3962.0,239,4101,25000.0,3.0,Corporate Event,5,0.0,0.0,200.0,400.0,1,1,12,0,1,0,6.094588005850804,16.508333333333333,17.0875,5.826426133593369,1,1,2025,2,0
11061.0,126,4896,20000.0,0.0,Corporate Event,3,0.0,0.0,200.0,400.0,1,2,6,0,1,0,4.084133142740454,87.09448818897638,38.55118110236221,2.5730038799264854,2,1,2024,0,0
8712.0,252,1608,25000.0,20.0,Birthday,4,0.0,0.0,300.0,500.0,0,2,17,0,0,1,15.537600994406464,34.43478260869565,6.355731225296442,15.661901802361717,9,3,2023,1,3
11665.0,126,4896,25000.0,9.0,Wedding,2,0.0,0.0,200.0,400.0,2,1,6,0,1,1,5.105166428425567,91.85039370078741,38.55118110236221,2.5730038799264854,7,3,2023,2,2
13153.0,42,3577,26000.0,7.0,Corporate Event,1,0.0,0.0,100.0,200.0,1,1,18,0,0,2,7.266629401900503,305.8837209302326,83.18604651162791,1.1738401341531581,5,2,2025,2,1
3286.0,202,1983,23000.0,0.0,Corporate Event,1,0.0,0.0,200.0,400.0,1,1,13,0,1,0,11.59274193548387,16.1871921182266,9.768472906403941,10.181451612903226,6,2,2023,6,2
3140.0,203,1258,19000.0,0.0,Birthday,3,0.0,0.0,300.0,500.0,0,0,16,0,1,2,15.091342335186656,15.392156862745098,6.166666666666667,16.12390786338364,5,2,2025,2,1
1768.0,202,1983,13000.0,2.0,Birthday,3,0.0,0.0,200.0,400.0,0,2,12,0,1,0,6.55241935483871,8.70935960591133,9.768472906403941,10.181451612903226,2,1,2024,2,0
13188.0,203,1417,13000.0,9.0,Birthday,3,0.0,0.0,200.0,400.0,0,1,6,0,1,2,9.16784203102962,64.6470588235294,6.946078431372549,14.315937940761636,7,3,2024,3,2
12470.0,203,1417,24000.0,0.0,Corporate Event,5,0.0,0.0,200.0,400.0,1,0,13,0,1,2,16.92524682651622,61.127450980392155,6.946078431372549,14.315937940761636,1,1,2023,3,0
14424.0,176,3661,13000.0,10.0,Corporate Event,2,0.0,0.0,100.0,200.0,1,1,4,0,0,2,3.5499726925177497,81.49152542372882,20.683615819209038,4.8061168760240305,1,1,2022,3,0
12784.0,252,1608,23000.0,6.0,Wedding,2,0.0,0.0,200.0,400.0,2,1,7,0,1,2,14.294592914853947,50.5296442687747,6.355731225296442,15.661901802361717,6,2,2022,1,2
6358.0,249,22215,25000.0,20.0,Corporate Event,3,0.0,0.0,200.0,400.0,1,2,8,0,1,0,1.125315088224703,25.432,88.86,1.120813827871804,7,3,2023,3,2
2632.0,298,962,24000.0,5.0,Corporate Event,4,0.0,0.0,100.0,200.0,1,1,3,0,0,2,24.922118380062305,8.80267558528428,3.217391304347826,30.944963655244027,11,4,2022,4,3
14124.0,229,3480,17000.0,0.0,Wedding,3,0.0,0.0,200.0,400.0,2,0,12,0,1,2,4.883654122378627,61.40869565217391,15.130434782608695,6.578569376615915,4,2,2023,4,1
8420.0,203,1417,25000.0,16.0,Corporate Event,2,0.0,0.0,200.0,400.0,1,2,8,0,1,1,17.63046544428773,41.27450980392157,6.946078431372549,14.315937940761636,1,1,2025,0,0
433.0,203,1417,24000.0,2.0,Wedding,3,0.0,0.0,200.0,400.0,2,2,12,0,1,1,16.92524682651622,2.122549019607843,6.946078431372549,14.315937940761636,6,2,2025,3,2
547.0,229,3480,13000.0,0.0,Corporate Event,3,0.0,0.0,300.0,500.0,1,2,16,0,1,1,3.7345590347601263,2.378260869565217,15.130434782608695,6.578569376615915,7,3,2023,4,2
3088.0,126,4896,17000.0,6.0,Corporate Event,1,0.0,0.0,200.0,400.0,1,1,7,0,1,1,3.471513171329385,24.31496062992126,38.55118110236221,2.5730038799264854,7,3,2023,2,2
5877.0,203,1417,19000.0,2.0,Wedding,5,0.0,0.0,200.0,400.0,2,2,12,0,1,1,13.399153737658674,28.808823529411764,6.946078431372549,14.315937940761636,12,4,2024,1,0
757.0,155,66,22000.0,3.0,Wedding,4,0.0,0.0,200.0,500.0,2,2,9,0,0,0,328.35820895522386,4.852564102564102,0.4230769230769231,231.34328358208953,6,2,2024,0,2
10918.0,42,3577,17000.0,2.0,Corporate Event,4,0.0,0.0,200.0,400.0,1,2,7,0,1,0,4.751257685858021,253.90697674418604,83.18604651162791,1.1738401341531581,1,1,2025,4,0
14486.0,176,3661,25000.0,0.0,Birthday,5,0.0,0.0,200.0,500.0,0,2,11,0,0,2,6.826870562534134,81.84180790960453,20.683615819209038,4.8061168760240305,3,1,2023,5,1
94120.0,42,3577,13000.0,20.0,Wedding,3,0.0,0.0,300.0,500.0,2,2,17,0,0,2,3.6333147009502516,2188.8372093023254,83.18604651162791,1.1738401341531581,1,1,2023,6,0
14340.0,176,3661,24000.0,2.0,Corporate Event,5,0.0,0.0,300.0,500.0,1,2,2,0,1,0,6.553795740032769,81.01694915254237,20.683615819209038,4.8061168760240305,3,1,2024,6,1
13376.0,203,1417,12000.0,20.0,Corporate Event,3,0.0,0.0,200.0,400.0,1,2,8,0,1,0,8.46262341325811,65.56862745098039,6.946078431372549,14.315937940761636,6,2,2025,0,2
8518.0,249,22215,15000.0,8.0,Birthday,4,0.0,0.0,100.0,200.0,0,2,18,0,0,1,0.6751890529348218,34.072,88.86,1.120813827871804,7,3,2022,0,2
3244.0,229,3480,24000.0,5.0,Birthday,4,0.0,0.0,100.0,200.0,0,1,3,0,0,2,6.894570525711003,14.104347826086956,15.130434782608695,6.578569376615915,1,1,2022,6,0
5057.0,202,1983,23000.0,20.0,Corporate Event,2,0.0,0.0,300.0,500.0,1,2,17,0,0,1,11.59274193548387,24.911330049261085,9.768472906403941,10.181451612903226,7,3,2023,4,2
7560.0,249,22215,23000.0,5.0,Wedding,2,0.0,0.0,300.0,500.0,2,1,16,0,1,2,1.0352898811667266,30.24,88.86,1.120813827871804,5,2,2024,6,1
2900.0,203,1417,17000.0,16.0,Wedding,1,0.0,0.0,200.0,500.0,2,2,9,0,0,2,11.988716502115656,14.215686274509803,6.946078431372549,14.315937940761636,8,3,2024,2,2
2794.0,203,1417,25000.0,2.0,Birthday,5,0.0,0.0,200.0,400.0,0,2,13,0,1,0,17.63046544428773,13.696078431372548,6.946078431372549,14.315937940761636,8,3,2025,4,2
7387.0,239,4101,17000.0,16.0,Birthday,4,0.0,0.0,300.0,500.0,0,2,14,0,1,1,4.144319843978547,30.779166666666665,17.0875,5.826426133593369,7,3,2025,1,2
11700.0,176,3661,19000.0,5.0,Corporate Event,1,0.0,0.0,300.0,500.0,1,1,16,0,1,1,5.188421627525942,66.10169491525424,20.683615819209038,4.8061168760240305,6,2,2024,1,2
5478.0,42,3577,20000.0,2.0,Birthday,3,0.0,0.0,300.0,500.0,0,2,10,0,1,2,5.589714924538849,127.3953488372093,83.18604651162791,1.1738401341531581,1,1,2025,3,0
5566.0,203,1258,17000.0,0.0,Wedding,5,0.0,0.0,300.0,500.0,2,2,16,0,1,1,13.502779984114376,27.284313725490197,6.166666666666667,16.12390786338364,8,3,2025,1,2
25260.0,229,3480,21000.0,16.0,Wedding,5,0.0,0.0,200.0,500.0,2,2,9,0,0,0,6.032749209997127,109.82608695652173,15.130434782608695,6.578569376615915,7,3,2024,0,2
8990.0,42,3577,17000.0,3.0,Birthday,4,0.0,0.0,200.0,500.0,0,2,9,0,0,2,4.751257685858021,209.06976744186048,83.18604651162791,1.1738401341531581,8,3,2022,4,2
8913.0,252,1608,12000.0,0.0,Birthday,5,0.0,0.0,200.0,400.0,0,0,7,0,1,2,7.458048477315103,35.22924901185771,6.355731225296442,15.661901802361717,5,2,2023,3,1
28410.0,252,1608,15000.0,0.0,Birthday,3,0.0,0.0,200.0,500.0,0,2,11,0,0,2,9.322560596643878,112.29249011857708,6.355731225296442,15.661901802361717,6,2,2024,3,2
8609.0,249,22215,13000.0,10.0,Wedding,2,0.0,0.0,300.0,500.0,2,0,10,0,1,1,0.5851638458768456,34.436,88.86,1.120813827871804,8,3,2024,4,2
11415.0,202,1983,20000.0,7.0,Wedding,4,0.0,0.0,300.0,500.0,2,0,5,0,1,0,10.080645161290322,56.23152709359606,9.768472906403941,10.181451612903226,7,3,2025,5,2
5275.0,155,66,17000.0,0.0,Birthday,4,0.0,0.0,200.0,400.0,0,0,0,0,1,0,253.73134328358208,33.81410256410256,0.4230769230769231,231.34328358208953,8,3,2022,4,2
3328.0,249,22215,22000.0,2.0,Birthday,3,0.0,0.0,200.0,400.0,0,2,7,0,1,2,0.9902772776377385,13.312,88.86,1.120813827871804,3,1,2023,5,1
7691.0,155,66,24000.0,0.0,Birthday,4,0.0,0.0,100.0,200.0,0,0,3,0,0,2,358.2089552238806,49.30128205128205,0.4230769230769231,231.34328358208953,5,2,2022,5,1
765.0,252,1608,21000.0,0.0,Wedding,3,0.0,0.0,100.0,200.0,2,0,4,0,0,2,13.05158483530143,3.0237154150197627,6.355731225296442,15.661901802361717,11,4,2023,5,3
2926.0,155,66,20000.0,2.0,Birthday,1,0.0,0.0,300.0,500.0,0,2,2,0,1,0,298.5074626865672,18.756410256410255,0.4230769230769231,231.34328358208953,12,4,2024,4,0
12394.0,202,1983,20000.0,4.0,Wedding,3,0.0,0.0,200.0,400.0,2,2,1,0,1,2,10.080645161290322,61.05418719211823,9.768472906403941,10.181451612903226,12,4,2023,3,0
2760.0,229,3480,24000.0,0.0,Wedding,1,0.0,0.0,200.0,400.0,2,2,6,0,1,0,6.894570525711003,12.0,15.130434782608695,6.578569376615915,1,1,2023,3,0
4331.0,126,4896,13000.0,5.0,Birthday,1,0.0,0.0,100.0,200.0,0,1,3,0,0,1,2.6546865427812945,34.10236220472441,38.55118110236221,2.5730038799264854,10,4,2024,3,3
1464.0,239,4101,12000.0,11.0,Birthday,2,0.0,0.0,200.0,400.0,0,1,0,0,1,2,2.9254022428083863,6.1,17.0875,5.826426133593369,3,1,2025,0,1
786.0,249,22215,23000.0,7.0,Corporate Event,2,0.0,0.0,300.0,500.0,1,2,10,0,1,1,1.0352898811667266,3.144,88.86,1.120813827871804,4,2,2025,1,1
4886.0,42,3577,13000.0,12.0,Birthday,2,0.0,0.0,200.0,500.0,0,1,9,0,0,0,3.6333147009502516,113.62790697674419,83.18604651162791,1.1738401341531581,5,2,2024,5,1
14591.0,249,22215,22000.0,4.0,Birthday,1,0.0,0.0,300.0,500.0,0,0,2,0,1,2,0.9902772776377385,58.364,88.86,1.120813827871804,10,4,2023,0,3
9422.0,42,3577,26000.0,2.0,Birthday,2,0.0,0.0,200.0,400.0,0,2,13,0,1,0,7.266629401900503,219.11627906976744,83.18604651162791,1.1738401341531581,2,1,2025,6,0
3638.0,42,3577,22000.0,3.0,Corporate Event,4,0.0,0.0,200.0,400.0,1,1,12,0,1,0,6.148686416992733,84.6046511627907,83.18604651162791,1.1738401341531581,8,3,2023,1,2
3090.0,203,1417,22000.0,2.0,Wedding,5,0.0,0.0,100.0,200.0,2,2,4,0,0,0,15.514809590973202,15.147058823529411,6.946078431372549,14.315937940761636,1,1,2022,3,0
5348.0,298,962,22000.0,0.0,Corporate Event,5,0.0,0.0,200.0,400.0,1,0,13,0,1,1,22.84527518172378,17.88628762541806,3.217391304347826,30.944963655244027,8,3,2024,5,2
6133.0,252,1608,19000.0,14.0,Corporate Event,1,0.0,0.0,300.0,500.0,1,1,10,0,1,0,11.808576755748913,24.24110671936759,6.355731225296442,15.661901802361717,9,3,2022,6,3
8107.0,229,3480,12000.0,4.0,Corporate Event,5,0.0,0.0,300.0,500.0,1,1,17,0,0,1,3.4472852628555013,35.24782608695652,15.130434782608695,6.578569376615915,3,1,2024,3,1
14271.0,202,1983,22000.0,0.0,Birthday,5,0.0,0.0,200.0,400.0,0,0,0,0,1,0,11.088709677419354,70.30049261083744,9.768472906403941,10.181451612903226,4,2,2025,5,1
2021.0,249,22215,21000.0,8.0,Wedding,4,0.0,0.0,100.0,200.0,2,2,18,0,0,2,0.9452646741087505,8.084,88.86,1.120813827871804,12,4,2024,6,0
13927.0,155,66,23000.0,2.0,Birthday,3,0.0,0.0,200.0,400.0,0,2,7,0,1,1,343.2835820895522,89.27564102564102,0.4230769230769231,231.34328358208953,2,1,2025,4,0
13153.0,202,1983,15000.0,2.0,Birthday,1,0.0,0.0,200.0,400.0,0,2,7,0,1,0,7.560483870967742,64.79310344827586,9.768472906403941,10.181451612903226,12,4,2023,5,0
8900.0,298,962,13000.0,4.0,Birthday,4,0.0,0.0,200.0,400.0,0,2,1,0,1,0,13.499480789200415,29.765886287625417,3.217391304347826,30.944963655244027,3,1,2025,3,1
1001.0,155,66,21000.0,4.0,Birthday,5,0.0,0.0,300.0,500.0,0,1,17,0,0,0,313.43283582089555,6.416666666666667,0.4230769230769231,231.34328358208953,4,2,2024,5,1
140050.0,202,1983,25000.0,0.0,Wedding,4,0.0,0.0,200.0,400.0,2,0,6,0,1,2,12.600806451612904,689.9014778325123,9.768472906403941,10.181451612903226,12,4,2023,0,0
4881.0,229,3480,13000.0,0.0,Birthday,5,0.0,0.0,200.0,400.0,0,2,6,0,1,1,3.7345590347601263,21.221739130434784,15.130434782608695,6.578569376615915,10,4,2024,1,3
11138.0,42,3577,13000.0,7.0,Corporate Event,4,0.0,0.0,300.0,500.0,1,0,5,0,1,0,3.6333147009502516,259.0232558139535,83.18604651162791,1.1738401341531581,10,4,2022,3,3
10098.0,155,66,26000.0,20.0,Birthday,3,0.0,0.0,300.0,500.0,0,2,17,0,0,0,388.05970149253733,64.73076923076923,0.4230769230769231,231.34328358208953,7,3,2022,4,2
4761.0,203,1417,19000.0,0.0,Corporate Event,5,0.0,0.0,200.0,400.0,1,2,6,0,1,1,13.399153737658674,23.33823529411765,6.946078431372549,14.315937940761636,6,2,2023,5,2
2429.0,42,3577,17000.0,0.0,Corporate Event,1,0.0,0.0,300.0,500.0,1,2,16,0,1,1,4.751257685858021,56.48837209302326,83.18604651162791,1.1738401341531581,2,1,2025,0,0
66030.0,202,1983,20000.0,2.0,Corporate Event,5,0.0,0.0,200.0,400.0,1,2,13,0,1,1,10.080645161290322,325.27093596059115,9.768472906403941,10.181451612903226,2,1,2023,2,0
12531.0,229,3480,12000.0,2.0,Corporate Event,1,0.0,0.0,200.0,400.0,1,2,7,0,1,1,3.4472852628555013,54.482608695652175,15.130434782608695,6.578569376615915,7,3,2022,4,2
6188.0,239,4101,19000.0,2.0,Wedding,3,0.0,0.0,200.0,400.0,2,2,13,0,1,0,4.631886884446612,25.783333333333335,17.0875,5.826426133593369,4,2,2023,1,1
9830.0,229,3480,26000.0,0.0,Birthday,5,0.0,0.0,100.0,200.0,0,1,15,0,0,2,7.469118069520253,42.73913043478261,15.130434782608695,6.578569376615915,3,1,2023,0,1
1808.0,42,3577,12000.0,9.0,Corporate Event,1,0.0,0.0,200.0,400.0,1,1,6,0,1,0,3.3538289547233093,42.04651162790697,83.18604651162791,1.1738401341531581,1,1,2022,3,0
7271.0,202,1983,17000.0,2.0,Corporate Event,4,0.0,0.0,100.0,200.0,1,2,4,0,0,0,8.568548387096774,35.81773399014779,9.768472906403941,10.181451612903226,1,1,2025,5,0
2726.0,126,4896,22000.0,11.0,Corporate Event,3,0.0,0.0,200.0,400.0,1,1,0,0,1,1,4.492546457014499,21.46456692913386,38.55118110236221,2.5730038799264854,1,1,2025,0,0
13711.0,203,1417,22000.0,10.0,Wedding,4,0.0,0.0,200.0,400.0,2,2,6,0,1,2,15.514809590973202,67.21078431372548,6.946078431372549,14.315937940761636,10,4,2024,4,3
2184.0,203,1417,20000.0,2.0,Birthday,4,0.0,0.0,200.0,400.0,0,2,12,0,1,2,14.104372355430183,10.705882352941176,6.946078431372549,14.315937940761636,10,4,2024,0,3
5202.0,126,4896,22000.0,14.0,Birthday,2,0.0,0.0,200.0,400.0,0,2,0,0,1,0,4.492546457014499,40.960629921259844,38.55118110236221,2.5730038799264854,8,3,2024,0,2
7723.0,126,4896,13000.0,10.0,Wedding,2,0.0,0.0,200.0,500.0,2,0,11,0,0,2,2.6546865427812945,60.811023622047244,38.55118110236221,2.5730038799264854,1,1,2022,5,0
12929.0,249,22215,22000.0,12.0,Wedding,3,0.0,0.0,200.0,500.0,2,1,9,0,0,2,0.9902772776377385,51.716,88.86,1.120813827871804,10,4,2024,5,3
7420.0,202,1983,22000.0,18.0,Corporate Event,3,0.0,0.0,200.0,400.0,1,0,8,0,1,0,11.088709677419354,36.55172413793103,9.768472906403941,10.181451612903226,4,2,2024,4,1
8689.0,203,1258,26000.0,8.0,Wedding,5,0.0,0.0,100.0,200.0,2,2,18,0,0,0,20.651310563939635,42.59313725490196,6.166666666666667,16.12390786338364,3,1,2022,1,1
7936.0,202,1983,17000.0,0.0,Corporate Event,4,0.0,0.0,300.0,500.0,1,2,16,0,1,1,8.568548387096774,39.0935960591133,9.768472906403941,10.181451612903226,8,3,2025,6,2
14013.0,239,4101,13000.0,0.0,Birthday,5,0.0,0.0,300.0,500.0,0,0,14,0,1,0,3.1691857630424183,58.3875,17.0875,5.826426133593369,3,1,2022,0,1
3831.0,298,962,19000.0,5.0,Corporate Event,2,0.0,0.0,100.0,200.0,1,1,3,0,0,1,19.73001038421599,12.812709030100335,3.217391304347826,30.944963655244027,3,1,2023,1,1
4218.0,203,1258,21000.0,8.0,Wedding,1,0.0,0.0,300.0,500.0,2,2,2,0,1,1,16.679904686258936,20.676470588235293,6.166666666666667,16.12390786338364,4,2,2023,3,1
13950.0,42,3577,13000.0,16.0,Wedding,5,0.0,0.0,200.0,400.0,2,2,8,0,1,2,3.6333147009502516,324.4186046511628,83.18604651162791,1.1738401341531581,3,1,2022,3,1
2087.0,202,1983,20000.0,7.0,Birthday,3,0.0,0.0,100.0,200.0,0,2,4,0,0,0,10.080645161290322,10.280788177339902,9.768472906403941,10.181451612903226,6,2,2023,0,2
14191.0,42,3577,19000.0,10.0,Wedding,1,0.0,0.0,200.0,500.0,2,0,11,0,0,0,5.310229178311906,330.0232558139535,83.18604651162791,1.1738401341531581,6,2,2025,1,2
2654.0,155,66,21000.0,5.0,Wedding,3,0.0,0.0,300.0,500.0,2,1,5,0,1,0,313.43283582089555,17.012820512820515,0.4230769230769231,231.34328358208953,8,3,2022,6,2
10434.0,176,3661,24000.0,2.0,Birthday,3,0.0,0.0,200.0,400.0,0,2,12,0,1,0,6.553795740032769,58.94915254237288,20.683615819209038,4.8061168760240305,11,4,2024,0,3
4387.0,203,1417,26000.0,9.0,Corporate Event,2,0.0,0.0,200.0,400.0,1,1,6,0,1,0,18.33568406205924,21.504901960784313,6.946078431372549,14.315937940761636,1,1,2024,4,0
1311.0,203,1417,17000.0,10.0,Wedding,4,0.0,0.0,200.0,400.0,2,2,0,0,1,1,11.988716502115656,6.426470588235294,6.946078431372549,14.315937940761636,9,3,2023,2,3
2204.0,42,3577,26000.0,20.0,Corporate Event,2,0.0,0.0,300.0,500.0,1,2,17,0,0,2,7.266629401900503,51.25581395348837,83.18604651162791,1.1738401341531581,10,4,2025,5,3
13944.0,126,4896,12000.0,14.0,Corporate Event,1,0.0,0.0,300.0,500.0,1,1,10,0,1,0,2.450479885644272,109.79527559055119,38.55118110236221,2.5730038799264854,5,2,2022,0,1
9830.0,229,3480,25000.0,3.0,Corporate Event,5,0.0,0.0,200.0,500.0,1,1,11,0,0,2,7.181844297615628,42.73913043478261,15.130434782608695,6.578569376615915,2,1,2022,6,0
14947.0,203,1417,19000.0,7.0,Corporate Event,5,0.0,0.0,300.0,500.0,1,2,10,0,1,2,13.399153737658674,73.26960784313725,6.946078431372549,14.315937940761636,3,1,2022,0,1
226.0,229,3480,23000.0,0.0,Corporate Event,5,0.0,0.0,200.0,500.0,1,2,11,0,0,2,6.607296753806377,0.9826086956521739,15.130434782608695,6.578569376615915,8,3,2025,0,2
6305.0,229,3480,24000.0,20.0,Birthday,2,0.0,0.0,300.0,500.0,0,2,17,0,0,1,6.894570525711003,27.41304347826087,15.130434782608695,6.578569376615915,2,1,2022,6,0
332.0,203,1258,19000.0,11.0,Birthday,4,0.0,0.0,200.0,400.0,0,1,0,0,1,1,15.091342335186656,1.6274509803921569,6.166666666666667,16.12390786338364,5,2,2025,4,1
5217.0,252,1608,26000.0,12.0,Wedding,4,0.0,0.0,200.0,500.0,2,1,9,0,0,2,16.159105034182723,20.620553359683793,6.355731225296442,15.661901802361717,7,3,2025,1,2
453.0,42,3577,24000.0,0.0,Birthday,4,0.0,0.0,100.0,200.0,0,0,4,0,0,2,6.707657909446619,10.534883720930232,83.18604651162791,1.1738401341531581,9,3,2022,1,3
10113.0,155,66,24000.0,4.0,Corporate Event,2,0.0,0.0,300.0,500.0,1,1,17,0,0,0,358.2089552238806,64.82692307692308,0.4230769230769231,231.34328358208953,5,2,2022,4,1
1573.0,239,4101,12000.0,16.0,Corporate Event,5,0.0,0.0,200.0,400.0,1,2,8,0,1,1,2.9254022428083863,6.554166666666666,17.0875,5.826426133593369,5,2,2025,0,1
14894.0,126,4896,25000.0,13.0,Birthday,2,0.0,0.0,200.0,400.0,0,1,8,0,1,0,5.105166428425567,117.2755905511811,38.55118110236221,2.5730038799264854,12,4,2024,6,0
9671.0,229,3480,20000.0,0.0,Birthday,5,0.0,0.0,200.0,400.0,0,0,12,0,1,0,5.745475438092502,42.04782608695652,15.130434782608695,6.578569376615915,9,3,2024,1,3
6735.0,155,66,23000.0,0.0,Birthday,5,0.0,0.0,200.0,400.0,0,2,6,0,1,1,343.2835820895522,43.17307692307692,0.4230769230769231,231.34328358208953,10,4,2022,1,3
9735.0,203,1417,23000.0,9.0,Corporate Event,4,0.0,0.0,300.0,500.0,1,2,5,0,1,2,16.22002820874471,47.720588235294116,6.946078431372549,14.315937940761636,11,4,2025,5,3
7440.0,249,22215,17000.0,13.0,Corporate Event,1,0.0,0.0,200.0,400.0,1,1,8,0,1,2,0.765214259992798,29.76,88.86,1.120813827871804,12,4,2025,4,0
14541.0,239,4101,22000.0,5.0,Corporate Event,3,0.0,0.0,100.0,200.0,1,1,3,0,0,2,5.363237445148708,60.5875,17.0875,5.826426133593369,11,4,2023,3,3
14252.0,298,962,21000.0,10.0,Birthday,2,0.0,0.0,200.0,400.0,0,2,6,0,1,0,21.806853582554517,47.66555183946488,3.217391304347826,30.944963655244027,4,2,2024,5,1
5372.0,239,4101,25000.0,8.0,Corporate Event,5,0.0,0.0,300.0,500.0,1,2,2,0,1,0,6.094588005850804,22.383333333333333,17.0875,5.826426133593369,1,1,2025,1,0
7246.0,252,1608,15000.0,8.0,Corporate Event,5,0.0,0.0,300.0,500.0,1,2,2,0,1,2,9.322560596643878,28.640316205533598,6.355731225296442,15.661901802361717,7,3,2023,2,2
2875.0,252,1608,22000.0,7.0,Corporate Event,1,0.0,0.0,100.0,200.0,1,1,18,0,0,0,13.673088875077688,11.363636363636363,6.355731225296442,15.661901802361717,5,2,2025,5,1
13838.0,155,66,20000.0,16.0,Birthday,1,0.0,0.0,300.0,500.0,0,2,14,0,1,2,298.5074626865672,88.7051282051282,0.4230769230769231,231.34328358208953,11,4,2023,2,3
7742.0,126,4896,26000.0,16.0,Wedding,5,0.0,0.0,200.0,500.0,2,2,9,0,0,0,5.309373085562589,60.960629921259844,38.55118110236221,2.5730038799264854,1,1,2022,1,0
2834.0,203,1417,15000.0,10.0,Corporate Event,2,0.0,0.0,200.0,400.0,1,2,6,0,1,2,10.578279266572638,13.892156862745098,6.946078431372549,14.315937940761636,12,4,2024,6,0
5035.0,298,962,21000.0,2.0,Birthday,4,0.0,0.0,200.0,400.0,0,2,13,0,1,0,21.806853582554517,16.839464882943144,3.217391304347826,30.944963655244027,3,1,2024,6,1
1904.0,126,4896,21000.0,8.0,Wedding,5,0.0,0.0,100.0,200.0,2,2,18,0,0,2,4.288339799877476,14.992125984251969,38.55118110236221,2.5730038799264854,7,3,2024,5,2
10408.0,239,4101,21000.0,0.0,Corporate Event,2,0.0,0.0,200.0,400.0,1,0,0,0,1,0,5.1194539249146755,43.36666666666667,17.0875,5.826426133593369,3,1,2024,6,1
7560.0,42,3577,12000.0,10.0,Wedding,1,0.0,0.0,200.0,400.0,2,2,0,0,1,2,3.3538289547233093,175.8139534883721,83.18604651162791,1.1738401341531581,12,4,2022,3,0
1759.0,252,1608,24000.0,0.0,Wedding,3,0.0,0.0,200.0,400.0,2,2,6,0,1,1,14.916096954630206,6.952569169960475,6.355731225296442,15.661901802361717,5,2,2025,2,1
4846.0,176,3661,13000.0,10.0,Corporate Event,2,0.0,0.0,200.0,400.0,1,2,0,0,1,1,3.5499726925177497,27.37853107344633,20.683615819209038,4.8061168760240305,5,2,2023,3,1
8548.0,229,3480,26000.0,7.0,Birthday,1,0.0,0.0,300.0,500.0,0,2,10,0,1,2,7.469118069520253,37.165217391304346,15.130434782608695,6.578569376615915,7,3,2023,3,2
8563.0,203,1417,17000.0,2.0,Wedding,5,0.0,0.0,200.0,400.0,2,2,7,0,1,1,11.988716502115656,41.97549019607843,6.946078431372549,14.315937940761636,10,4,2024,6,3
12721.0,203,1258,13000.0,2.0,Corporate Event,1,0.0,0.0,300.0,500.0,1,2,2,0,1,0,10.325655281969818,62.3578431372549,6.166666666666667,16.12390786338364,1,1,2025,2,0
13481.0,298,962,13000.0,4.0,Birthday,2,0.0,0.0,300.0,500.0,0,1,17,0,0,2,13.499480789200415,45.08695652173913,3.217391304347826,30.944963655244027,5,2,2025,1,1
5656.0,155,66,19000.0,0.0,Corporate Event,1,0.0,0.0,200.0,400.0,1,0,13,0,1,0,283.5820895522388,36.256410256410255,0.4230769230769231,231.34328358208953,4,2,2024,3,1
3727.0,249,22215,12000.0,0.0,Wedding,4,0.0,0.0,200.0,400.0,2,2,6,0,1,2,0.5401512423478574,14.908,88.86,1.120813827871804,4,2,2023,2,1
12873.0,126,4896,24000.0,18.0,Wedding,2,0.0,0.0,200.0,400.0,2,0,8,0,1,2,4.900959771288544,101.36220472440945,38.55118110236221,2.5730038799264854,2,1,2024,6,0
9283.0,298,962,25000.0,0.0,Birthday,3,0.0,0.0,200.0,400.0,0,1,13,0,1,2,25.96053997923157,31.046822742474916,3.217391304347826,30.944963655244027,11,4,2022,1,3
2157.0,252,1608,17000.0,16.0,Corporate Event,5,0.0,0.0,200.0,400.0,1,2,13,0,1,1,10.565568676196396,8.525691699604742,6.355731225296442,15.661901802361717,4,2,2023,1,1
5500.0,249,22215,21000.0,1.0,Corporate Event,5,0.0,0.0,100.0,200.0,1,2,15,0,0,1,0.9452646741087505,22.0,88.86,1.120813827871804,11,4,2023,4,3
2973.0,203,1417,19000.0,14.0,Birthday,3,0.0,0.0,200.0,400.0,0,2,0,0,1,1,13.399153737658674,14.573529411764707,6.946078431372549,14.315937940761636,2,1,2025,5,0
82100.0,203,1417,20000.0,3.0,Birthday,1,0.0,0.0,100.0,200.0,0,0,18,0,0,1,14.104372355430183,402.45098039215685,6.946078431372549,14.315937940761636,2,1,2024,4,0
13013.0,229,3480,23000.0,4.0,Wedding,3,0.0,0.0,100.0,200.0,2,2,18,0,0,2,6.607296753806377,56.57826086956522,15.130434782608695,6.578569376615915,11,4,2025,5,3
9918.0,126,4896,13000.0,9.0,Birthday,1,0.0,0.0,300.0,500.0,0,2,5,0,1,1,2.6546865427812945,78.09448818897638,38.55118110236221,2.5730038799264854,11,4,2023,2,3
8800.0,155,66,15000.0,0.0,Corporate Event,4,0.0,0.0,200.0,400.0,1,0,12,0,1,2,223.88059701492537,56.41025641025641,0.4230769230769231,231.34328358208953,10,4,2024,6,3
747.0,126,4896,19000.0,0.0,Corporate Event,3,0.0,0.0,200.0,400.0,1,0,0,0,1,0,3.8799264856034306,5.881889763779528,38.55118110236221,2.5730038799264854,4,2,2022,0,1
13890.0,229,3480,23000.0,0.0,Wedding,3,0.0,0.0,200.0,400.0,2,0,0,0,1,1,6.607296753806377,60.391304347826086,15.130434782608695,6.578569376615915,9,3,2023,4,3
4363.0,252,1608,26000.0,16.0,Wedding,4,0.0,0.0,200.0,400.0,2,2,1,0,1,1,16.159105034182723,17.24505928853755,6.355731225296442,15.661901802361717,9,3,2024,1,3
10068.0,229,3480,24000.0,14.0,Corporate Event,1,0.0,0.0,300.0,500.0,1,1,10,0,1,0,6.894570525711003,43.77391304347826,15.130434782608695,6.578569376615915,8,3,2023,3,2
4179.0,155,66,17000.0,6.0,Corporate Event,1,0.0,0.0,300.0,500.0,1,1,2,0,1,0,253.73134328358208,26.78846153846154,0.4230769230769231,231.34328358208953,11,4,2025,6,3
1942.0,202,1983,15000.0,0.0,Birthday,2,0.0,0.0,200.0,400.0,0,0,6,0,1,2,7.560483870967742,9.566502463054187,9.768472906403941,10.181451612903226,9,3,2025,2,3
3390.0,203,1258,26000.0,20.0,Birthday,2,0.0,0.0,200.0,400.0,0,2,8,0,1,1,20.651310563939635,16.61764705882353,6.166666666666667,16.12390786338364,5,2,2022,0,1
7075.0,126,4896,13000.0,0.0,Wedding,3,0.0,0.0,300.0,500.0,2,2,16,0,1,1,2.6546865427812945,55.70866141732284,38.55118110236221,2.5730038799264854,11,4,2025,5,3
7353.0,298,962,23000.0,14.0,Birthday,1,0.0,0.0,300.0,500.0,0,1,10,0,1,0,23.883696780893043,24.59197324414716,3.217391304347826,30.944963655244027,10,4,2025,5,3
5162.0,252,1608,12000.0,0.0,Birthday,5,0.0,0.0,200.0,400.0,0,0,0,0,1,2,7.458048477315103,20.40316205533597,6.355731225296442,15.661901802361717,1,1,2023,2,0
3397.0,176,3661,21000.0,0.0,Wedding,4,0.0,0.0,200.0,400.0,2,0,0,0,1,2,5.734571272528673,19.192090395480225,20.683615819209038,4.8061168760240305,6,2,2024,4,2
904.0,298,962,12000.0,4.0,Corporate Event,4,0.0,0.0,100.0,200.0,1,2,18,0,0,2,12.461059190031152,3.0234113712374584,3.217391304347826,30.944963655244027,5,2,2025,6,1
8471.0,176,3661,19000.0,2.0,Corporate Event,5,0.0,0.0,100.0,200.0,1,2,4,0,0,2,5.188421627525942,47.85875706214689,20.683615819209038,4.8061168760240305,12,4,2022,0,0
11356.0,249,22215,25000.0,0.0,Wedding,4,0.0,0.0,100.0,200.0,2,2,3,0,0,2,1.125315088224703,45.424,88.86,1.120813827871804,7,3,2025,5,2
14277.0,176,3661,21000.0,0.0,Corporate Event,3,0.0,0.0,200.0,400.0,1,0,0,0,1,2,5.734571272528673,80.66101694915254,20.683615819209038,4.8061168760240305,9,3,2023,1,3
3508.0,249,22215,22000.0,7.0,Corporate Event,2,0.0,0.0,300.0,500.0,1,0,5,0,1,1,0.9902772776377385,14.032,88.86,1.120813827871804,12,4,2024,4,0
4504.0,155,66,17000.0,0.0,Wedding,1,0.0,0.0,300.0,500.0,2,0,16,0,1,0,253.73134328358208,28.871794871794872,0.4230769230769231,231.34328358208953,1,1,2022,6,0
994.0,126,4896,17000.0,7.0,Corporate Event,1,0.0,0.0,100.0,200.0,1,2,4,0,0,0,3.471513171329385,7.826771653543307,38.55118110236221,2.5730038799264854,5,2,2023,0,1
69430.0,229,3480,17000.0,0.0,Wedding,2,0.0,0.0,200.0,400.0,2,0,12,0,1,0,4.883654122378627,301.8695652173913,15.130434782608695,6.578569376615915,5,2,2024,4,1
603.0,249,22215,19000.0,0.0,Corporate Event,5,0.0,0.0,300.0,500.0,1,2,16,0,1,2,0.8552394670507742,2.412,88.86,1.120813827871804,2,1,2025,0,0
1799.0,126,4896,15000.0,7.0,Wedding,4,0.0,0.0,100.0,200.0,2,2,4,0,0,1,3.06309985705534,14.165354330708661,38.55118110236221,2.5730038799264854,7,3,2022,0,2
3043.0,155,66,26000.0,0.0,Corporate Event,5,0.0,0.0,200.0,400.0,1,0,13,0,1,2,388.05970149253733,19.506410256410255,0.4230769230769231,231.34328358208953,8,3,2023,6,2
14983.0,155,66,26000.0,10.0,Wedding,2,0.0,0.0,200.0,400.0,2,2,0,0,1,1,388.05970149253733,96.0448717948718,0.4230769230769231,231.34328358208953,3,1,2022,3,1
5520.0,298,962,25000.0,8.0,Corporate Event,5,0.0,0.0,100.0,200.0,1,2,18,0,0,1,25.96053997923157,18.46153846153846,3.217391304347826,30.944963655244027,2,1,2022,4,0
1434.0,42,3577,21000.0,12.0,Corporate Event,5,0.0,0.0,200.0,500.0,1,1,9,0,0,2,5.869200670765791,33.348837209302324,83.18604651162791,1.1738401341531581,7,3,2022,5,2
3705.0,239,4101,12000.0,12.0,Wedding,4,0.0,0.0,200.0,500.0,2,1,9,0,0,1,2.9254022428083863,15.4375,17.0875,5.826426133593369,10,4,2022,1,3
9372.0,176,3661,25000.0,5.0,Birthday,2,0.0,0.0,300.0,500.0,0,1,5,0,1,1,6.826870562534134,52.94915254237288,20.683615819209038,4.8061168760240305,8,3,2024,2,2
14509.0,203,1417,24000.0,2.0,Wedding,4,0.0,0.0,200.0,400.0,2,2,7,0,1,0,16.92524682651622,71.12254901960785,6.946078431372549,14.315937940761636,5,2,2024,1,1
3218.0,252,1608,24000.0,5.0,Birthday,2,0.0,0.0,100.0,200.0,0,1,3,0,0,1,14.916096954630206,12.719367588932807,6.355731225296442,15.661901802361717,3,1,2024,4,1
50830.0,202,1983,24000.0,5.0,Wedding,3,0.0,0.0,300.0,500.0,2,1,5,0,1,0,12.096774193548388,250.39408866995075,9.768472906403941,10.181451612903226,8,3,2022,6,2
1039.0,249,22215,19000.0,0.0,Wedding,2,0.0,0.0,300.0,500.0,2,0,16,0,1,2,0.8552394670507742,4.156,88.86,1.120813827871804,7,3,2023,4,2
3581.0,155,66,21000.0,10.0,Corporate Event,5,0.0,0.0,300.0,500.0,1,0,10,0,1,0,313.43283582089555,22.955128205128204,0.4230769230769231,231.34328358208953,5,2,2024,2,1
8984.0,203,1258,15000.0,2.0,Wedding,4,0.0,0.0,100.0,200.0,2,2,4,0,0,0,11.914217633042098,44.03921568627451,6.166666666666667,16.12390786338364,9,3,2024,2,3
11443.0,202,1983,22000.0,0.0,Birthday,3,0.0,0.0,200.0,400.0,0,0,12,0,1,2,11.088709677419354,56.36945812807882,9.768472906403941,10.181451612903226,6,2,2023,2,2
2990.0,252,1608,26000.0,5.0,Birthday,4,0.0,0.0,100.0,200.0,0,1,3,0,0,2,16.159105034182723,11.818181818181818,6.355731225296442,15.661901802361717,6,2,2025,0,2
9537.0,202,1983,22000.0,18.0,Corporate Event,4,0.0,0.0,200.0,400.0,1,0,8,0,1,0,11.088709677419354,46.98029556650246,9.768472906403941,10.181451612903226,2,1,2025,0,0
1821.0,229,3480,25000.0,0.0,Corporate Event,5,0.0,0.0,300.0,500.0,1,0,16,0,1,2,7.181844297615628,7.917391304347826,15.130434782608695,6.578569376615915,7,3,2022,0,2
1021.0,203,1417,13000.0,18.0,Birthday,2,0.0,0.0,200.0,400.0,0,0,8,0,1,2,9.16784203102962,5.004901960784314,6.946078431372549,14.315937940761636,11,4,2022,3,3
4571.0,202,1983,15000.0,2.0,Wedding,5,0.0,0.0,200.0,400.0,2,2,7,0,1,1,7.560483870967742,22.517241379310345,9.768472906403941,10.181451612903226,2,1,2025,1,0
14769.0,42,3577,26000.0,10.0,Wedding,3,0.0,0.0,200.0,400.0,2,2,6,0,1,0,7.266629401900503,343.4651162790698,83.18604651162791,1.1738401341531581,3,1,2022,0,1
3368.0,239,4101,23000.0,13.0,Birthday,4,0.0,0.0,200.0,400.0,0,1,8,0,1,0,5.60702096538274,14.033333333333333,17.0875,5.826426133593369,8,3,2022,4,2
2847.0,252,1608,17000.0,0.0,Corporate Event,3,0.0,0.0,300.0,500.0,1,0,17,0,0,1,10.565568676196396,11.25296442687747,6.355731225296442,15.661901802361717,11,4,2024,0,3
7443.0,252,1608,26000.0,3.0,Birthday,3,0.0,0.0,200.0,400.0,0,2,12,0,1,2,16.159105034182723,29.41897233201581,6.355731225296442,15.661901802361717,7,3,2024,6,2
14954.0,252,1608,15000.0,16.0,Corporate Event,3,0.0,0.0,200.0,400.0,1,2,1,0,1,0,9.322560596643878,59.10671936758893,6.355731225296442,15.661901802361717,6,2,2022,6,2
6602.0,252,1608,20000.0,7.0,Corporate Event,2,0.0,0.0,100.0,200.0,1,2,4,0,0,0,12.430080795525171,26.09486166007905,6.355731225296442,15.661901802361717,11,4,2025,3,3
6812.0,203,1258,13000.0,0.0,Birthday,5,0.0,0.0,100.0,200.0,0,2,15,0,0,0,10.325655281969818,33.3921568627451,6.166666666666667,16.12390786338364,1,1,2025,1,0
2383.0,155,66,12000.0,0.0,Birthday,4,0.0,0.0,200.0,400.0,0,2,6,0,1,0,179.1044776119403,15.275641025641026,0.4230769230769231,231.34328358208953,7,3,2024,1,2
7884.0,202,1983,17000.0,7.0,Wedding,5,0.0,0.0,100.0,200.0,2,0,15,0,0,2,8.568548387096774,38.83743842364532,9.768472906403941,10.181451612903226,3,1,2023,6,1
4156.0,249,22215,26000.0,14.0,Wedding,5,0.0,0.0,200.0,400.0,2,2,0,0,1,2,1.1703276917536911,16.624,88.86,1.120813827871804,1,1,2024,2,0
4464.0,203,1258,15000.0,0.0,Wedding,1,0.0,0.0,200.0,400.0,2,0,6,0,1,1,11.914217633042098,21.88235294117647,6.166666666666667,16.12390786338364,4,2,2024,5,1
2873.0,126,4896,22000.0,20.0,Wedding,4,0.0,0.0,300.0,500.0,2,2,17,0,0,1,4.492546457014499,22.62204724409449,38.55118110236221,2.5730038799264854,6,2,2025,3,2
14647.0,202,1983,21000.0,12.0,Birthday,4,0.0,0.0,200.0,500.0,0,1,9,0,0,1,10.584677419354838,72.15270935960591,9.768472906403941,10.181451612903226,7,3,2022,2,2
3143.0,176,3661,20000.0,2.0,Corporate Event,1,0.0,0.0,200.0,400.0,1,2,7,0,1,1,5.461496450027307,17.757062146892654,20.683615819209038,4.8061168760240305,6,2,2023,5,2
13933.0,203,1417,15000.0,14.0,Corporate Event,2,0.0,0.0,200.0,400.0,1,2,0,0,1,0,10.578279266572638,68.29901960784314,6.946078431372549,14.315937940761636,5,2,2022,5,1
6096.0,176,3661,17000.0,6.0,Birthday,1,0.0,0.0,200.0,400.0,0,1,7,0,1,0,4.642271982523211,34.440677966101696,20.683615819209038,4.8061168760240305,5,2,2022,0,1
4999.0,42,3577,15000.0,16.0,Birthday,4,0.0,0.0,200.0,400.0,0,2,8,0,1,2,4.192286193404136,116.25581395348837,83.18604651162791,1.1738401341531581,10,4,2024,6,3
9655.0,252,1608,15000.0,0.0,Wedding,2,0.0,0.0,200.0,400.0,2,0,0,0,1,2,9.322560596643878,38.16205533596838,6.355731225296442,15.661901802361717,1,1,2024,6,0
9007.0,239,4101,22000.0,14.0,Birthday,4,0.0,0.0,300.0,500.0,0,1,10,0,1,2,5.363237445148708,37.52916666666667,17.0875,5.826426133593369,1,1,2024,4,0
8905.0,203,1258,26000.0,2.0,Corporate Event,1,0.0,0.0,300.0,500.0,1,2,10,0,1,1,20.651310563939635,43.65196078431372,6.166666666666667,16.12390786338364,7,3,2023,0,2
8149.0,155,66,26000.0,5.0,Corporate Event,2,0.0,0.0,300.0,500.0,1,1,16,0,1,1,388.05970149253733,52.23717948717949,0.4230769230769231,231.34328358208953,5,2,2025,5,1
2507.0,203,1417,19000.0,2.0,Birthday,3,0.0,0.0,100.0,200.0,0,2,4,0,0,2,13.399153737658674,12.28921568627451,6.946078431372549,14.315937940761636,10,4,2025,5,3
129350.0,42,3577,12000.0,3.0,Wedding,5,0.0,0.0,200.0,400.0,2,2,12,0,1,1,3.3538289547233093,3008.139534883721,83.18604651162791,1.1738401341531581,12,4,2025,5,0
860.0,176,3661,24000.0,0.0,Wedding,5,0.0,0.0,100.0,200.0,2,0,4,0,0,0,6.553795740032769,4.858757062146893,20.683615819209038,4.8061168760240305,2,1,2025,6,0
700.0,42,3577,15000.0,11.0,Wedding,5,0.0,0.0,200.0,400.0,2,1,0,0,1,0,4.192286193404136,16.27906976744186,83.18604651162791,1.1738401341531581,5,2,2024,4,1
6263.0,249,22215,19000.0,9.0,Wedding,3,0.0,0.0,300.0,500.0,2,2,5,0,1,2,0.8552394670507742,25.052,88.86,1.120813827871804,7,3,2025,0,2
10801.0,176,3661,13000.0,11.0,Corporate Event,5,0.0,0.0,200.0,400.0,1,1,0,0,1,1,3.5499726925177497,61.0225988700565,20.683615819209038,4.8061168760240305,6,2,2025,3,2
2628.0,155,66,13000.0,9.0,Wedding,1,0.0,0.0,200.0,400.0,2,1,6,0,1,1,194.02985074626866,16.846153846153847,0.4230769230769231,231.34328358208953,12,4,2025,0,0
2339.0,202,1983,23000.0,10.0,Wedding,2,0.0,0.0,200.0,400.0,2,2,0,0,1,0,11.59274193548387,11.52216748768473,9.768472906403941,10.181451612903226,7,3,2025,5,2
2211.0,203,1417,15000.0,20.0,Birthday,1,0.0,0.0,200.0,400.0,0,2,8,0,1,1,10.578279266572638,10.838235294117647,6.946078431372549,14.315937940761636,7,3,2025,4,2
6258.0,203,1417,22000.0,7.0,Corporate Event,2,0.0,0.0,300.0,500.0,1,2,10,0,1,1,15.514809590973202,30.676470588235293,6.946078431372549,14.315937940761636,4,2,2024,6,1
1637.0,252,1608,15000.0,3.0,Corporate Event,2,0.0,0.0,200.0,400.0,1,1,12,0,1,1,9.322560596643878,6.470355731225297,6.355731225296442,15.661901802361717,9,3,2025,6,3
1723.0,203,1258,21000.0,5.0,Corporate Event,1,0.0,0.0,300.0,500.0,1,1,5,0,1,2,16.679904686258936,8.446078431372548,6.166666666666667,16.12390786338364,10,4,2025,2,3
7362.0,126,4896,26000.0,13.0,Wedding,2,0.0,0.0,200.0,400.0,2,1,8,0,1,1,5.309373085562589,57.968503937007874,38.55118110236221,2.5730038799264854,9,3,2024,1,3
686.0,249,22215,21000.0,2.0,Corporate Event,5,0.0,0.0,300.0,500.0,1,2,2,0,1,1,0.9452646741087505,2.744,88.86,1.120813827871804,5,2,2024,3,1
6095.0,229,3480,25000.0,2.0,Wedding,1,0.0,0.0,100.0,200.0,2,2,4,0,0,2,7.181844297615628,26.5,15.130434782608695,6.578569376615915,5,2,2025,0,1
4258.0,203,1417,21000.0,4.0,Birthday,5,0.0,0.0,300.0,500.0,0,2,5,0,1,1,14.809590973201692,20.872549019607842,6.946078431372549,14.315937940761636,1,1,2024,2,0
10961.0,126,4896,12000.0,15.0,Birthday,5,0.0,0.0,200.0,400.0,0,1,1,0,1,2,2.450479885644272,86.30708661417323,38.55118110236221,2.5730038799264854,10,4,2022,5,3
11956.0,155,66,25000.0,10.0,Corporate Event,1,0.0,0.0,200.0,400.0,1,2,6,0,1,0,373.13432835820896,76.64102564102564,0.4230769230769231,231.34328358208953,12,4,2024,2,0
6427.0,42,3577,19000.0,0.0,Corporate Event,1,0.0,0.0,200.0,400.0,1,2,6,0,1,2,5.310229178311906,149.46511627906978,83.18604651162791,1.1738401341531581,8,3,2023,2,2
5841.0,249,22215,25000.0,8.0,Wedding,4,0.0,0.0,100.0,200.0,2,2,18,0,0,1,1.125315088224703,23.364,88.86,1.120813827871804,8,3,2025,2,2
7053.0,249,22215,12000.0,6.0,Birthday,4,0.0,0.0,200.0,400.0,0,1,7,0,1,1,0.5401512423478574,28.212,88.86,1.120813827871804,6,2,2022,3,2
7148.0,203,1417,19000.0,2.0,Wedding,5,0.0,0.0,300.0,500.0,2,2,2,0,1,2,13.399153737658674,35.03921568627451,6.946078431372549,14.315937940761636,7,3,2023,5,2
9125.0,203,1417,20000.0,0.0,Corporate Event,2,0.0,0.0,200.0,400.0,1,1,13,0,1,2,14.104372355430183,44.73039215686274,6.946078431372549,14.315937940761636,7,3,2023,6,2
6916.0,203,1258,20000.0,0.0,Wedding,5,0.0,0.0,100.0,200.0,2,0,4,0,0,1,15.885623510722796,33.90196078431372,6.166666666666667,16.12390786338364,9,3,2024,0,3
11787.0,298,962,21000.0,5.0,Wedding,5,0.0,0.0,100.0,200.0,2,1,3,0,0,2,21.806853582554517,39.42140468227425,3.217391304347826,30.944963655244027,8,3,2023,6,2
5916.0,203,1258,12000.0,1.0,Wedding,3,0.0,0.0,100.0,200.0,2,2,15,0,0,0,9.531374106433677,29.0,6.166666666666667,16.12390786338364,5,2,2022,2,1
11310.0,203,1258,25000.0,3.0,Corporate Event,4,0.0,0.0,200.0,500.0,1,1,11,0,0,2,19.857029388403493,55.44117647058823,6.166666666666667,16.12390786338364,12,4,2023,2,0
7821.0,249,22215,26000.0,0.0,Birthday,3,0.0,0.0,200.0,400.0,0,0,13,0,1,2,1.1703276917536911,31.284,88.86,1.120813827871804,10,4,2022,4,3
4475.0,202,1983,15000.0,20.0,Wedding,2,0.0,0.0,300.0,500.0,2,2,17,0,0,2,7.560483870967742,22.04433497536946,9.768472906403941,10.181451612903226,8,3,2023,1,2
3605.0,203,1258,26000.0,0.0,Corporate Event,2,0.0,0.0,200.0,400.0,1,1,13,0,1,2,20.651310563939635,17.67156862745098,6.166666666666667,16.12390786338364,10,4,2025,4,3
8875.0,126,4896,21000.0,13.0,Birthday,3,0.0,0.0,200.0,400.0,0,1,8,0,1,0,4.288339799877476,69.88188976377953,38.55118110236221,2.5730038799264854,2,1,2025,0,0
2895.0,155,66,26000.0,0.0,Wedding,1,0.0,0.0,200.0,400.0,2,0,13,0,1,1,388.05970149253733,18.557692307692307,0.4230769230769231,231.34328358208953,7,3,2022,3,2
11021.0,126,4896,25000.0,9.0,Corporate Event,4,0.0,0.0,200.0,400.0,1,1,6,0,1,1,5.105166428425567,86.77952755905511,38.55118110236221,2.5730038799264854,2,1,2024,0,0
4315.0,249,22215,23000.0,0.0,Wedding,5,0.0,0.0,300.0,500.0,2,2,16,0,1,0,1.0352898811667266,17.26,88.86,1.120813827871804,6,2,2024,2,2
3391.0,126,4896,13000.0,3.0,Corporate Event,1,0.0,0.0,100.0,200.0,1,0,18,0,0,0,2.6546865427812945,26.700787401574804,38.55118110236221,2.5730038799264854,2,1,2022,1,0
8684.0,249,22215,22000.0,7.0,Birthday,2,0.0,0.0,100.0,200.0,0,2,4,0,0,0,0.9902772776377385,34.736,88.86,1.120813827871804,2,1,2025,3,0
14816.0,249,22215,26000.0,7.0,Corporate Event,5,0.0,0.0,300.0,500.0,1,0,5,0,1,0,1.1703276917536911,59.264,88.86,1.120813827871804,1,1,2022,6,0
11421.0,249,22215,15000.0,3.0,Wedding,1,0.0,0.0,100.0,200.0,2,0,18,0,0,2,0.6751890529348218,45.684,88.86,1.120813827871804,6,2,2025,4,2
6163.0,252,1608,17000.0,9.0,Wedding,5,0.0,0.0,200.0,400.0,2,1,6,0,1,1,10.565568676196396,24.359683794466402,6.355731225296442,15.661901802361717,6,2,2025,4,2
123370.0,249,22215,26000.0,7.0,Corporate Event,5,0.0,0.0,300.0,500.0,1,2,10,0,1,0,1.1703276917536911,493.48,88.86,1.120813827871804,9,3,2023,1,3
8992.0,202,1983,23000.0,0.0,Corporate Event,2,0.0,0.0,200.0,500.0,1,2,11,0,0,0,11.59274193548387,44.29556650246305,9.768472906403941,10.181451612903226,4,2,2025,0,1
2314.0,126,4896,23000.0,2.0,Wedding,1,0.0,0.0,200.0,400.0,2,0,1,0,1,0,4.696753114151521,18.22047244094488,38.55118110236221,2.5730038799264854,8,3,2025,2,2
6044.0,239,4101,20000.0,20.0,Birthday,3,0.0,0.0,300.0,500.0,0,2,17,0,0,2,4.875670404680643,25.183333333333334,17.0875,5.826426133593369,6,2,2024,6,2
10833.0,239,4101,26000.0,18.0,Birthday,2,0.0,0.0,200.0,400.0,0,0,8,0,1,1,6.338371526084837,45.1375,17.0875,5.826426133593369,9,3,2023,3,3
13665.0,203,1417,13000.0,5.0,Birthday,4,0.0,0.0,300.0,500.0,0,1,5,0,1,2,9.16784203102962,66.98529411764706,6.946078431372549,14.315937940761636,7,3,2025,6,2
7108.0,202,1983,21000.0,0.0,Corporate Event,1,0.0,0.0,200.0,400.0,1,0,0,0,1,2,10.584677419354838,35.01477832512315,9.768472906403941,10.181451612903226,4,2,2023,0,1
7316.0,203,1258,26000.0,20.0,Birthday,2,0.0,0.0,300.0,500.0,0,2,17,0,0,0,20.651310563939635,35.86274509803921,6.166666666666667,16.12390786338364,3,1,2023,6,1
957.0,202,1983,20000.0,20.0,Birthday,5,0.0,0.0,300.0,500.0,0,2,17,0,0,1,10.080645161290322,4.714285714285714,9.768472906403941,10.181451612903226,4,2,2022,1,1
118510.0,298,962,26000.0,2.0,Birthday,2,0.0,0.0,200.0,400.0,0,2,7,0,1,1,26.99896157840083,396.3545150501672,3.217391304347826,30.944963655244027,12,4,2025,1,0
3414.0,203,1258,20000.0,16.0,Birthday,2,0.0,0.0,200.0,400.0,0,2,8,0,1,0,15.885623510722796,16.735294117647058,6.166666666666667,16.12390786338364,2,1,2023,5,0
11593.0,203,1417,22000.0,10.0,Corporate Event,5,0.0,0.0,200.0,400.0,1,2,0,0,1,0,15.514809590973202,56.82843137254902,6.946078431372549,14.315937940761636,9,3,2024,3,3
14710.0,42,3577,13000.0,10.0,Wedding,2,0.0,0.0,200.0,500.0,2,0,11,0,0,2,3.6333147009502516,342.09302325581393,83.18604651162791,1.1738401341531581,6,2,2023,5,2
2127.0,42,3577,21000.0,0.0,Birthday,2,0.0,0.0,100.0,200.0,0,2,3,0,0,0,5.869200670765791,49.46511627906977,83.18604651162791,1.1738401341531581,8,3,2025,5,2
1190.0,229,3480,21000.0,7.0,Corporate Event,5,0.0,0.0,300.0,500.0,1,2,10,0,1,1,6.032749209997127,5.173913043478261,15.130434782608695,6.578569376615915,7,3,2022,4,2
6312.0,126,4896,15000.0,5.0,Birthday,3,0.0,0.0,300.0,500.0,0,1,16,0,1,0,3.06309985705534,49.7007874015748,38.55118110236221,2.5730038799264854,6,2,2022,6,2
2270.0,252,1608,15000.0,16.0,Corporate Event,3,0.0,0.0,200.0,500.0,1,2,9,0,0,2,9.322560596643878,8.972332015810277,6.355731225296442,15.661901802361717,3,1,2023,3,1
2062.0,126,4896,20000.0,2.0,Wedding,5,0.0,0.0,300.0,500.0,2,2,2,0,1,0,4.084133142740454,16.236220472440944,38.55118110236221,2.5730038799264854,2,1,2023,2,0
11339.0,249,22215,20000.0,0.0,Birthday,3,0.0,0.0,200.0,400.0,0,2,6,0,1,0,0.9002520705797623,45.356,88.86,1.120813827871804,9,3,2023,0,3
5849.0,249,22215,13000.0,10.0,Corporate Event,1,0.0,0.0,200.0,400.0,1,2,0,0,1,2,0.5851638458768456,23.396,88.86,1.120813827871804,9,3,2024,3,3
9435.0,229,3480,25000.0,4.0,Birthday,5,0.0,0.0,300.0,500.0,0,2,5,0,1,0,7.181844297615628,41.02173913043478,15.130434782608695,6.578569376615915,12,4,2025,6,0
512.0,155,66,26000.0,6.0,Wedding,5,0.0,0.0,200.0,400.0,2,1,7,0,1,2,388.05970149253733,3.282051282051282,0.4230769230769231,231.34328358208953,5,2,2023,1,1
5884.0,42,3577,25000.0,8.0,Corporate Event,1,0.0,0.0,300.0,500.0,1,2,2,0,1,1,6.98714365567356,136.8372093023256,83.18604651162791,1.1738401341531581,2,1,2025,6,0
2490.0,203,1417,25000.0,4.0,Wedding,1,0.0,0.0,300.0,500.0,2,2,5,0,1,0,17.63046544428773,12.205882352941176,6.946078431372549,14.315937940761636,10,4,2023,5,3
1226.0,42,3577,24000.0,18.0,Corporate Event,4,0.0,0.0,200.0,400.0,1,0,8,0,1,1,6.707657909446619,28.511627906976745,83.18604651162791,1.1738401341531581,11,4,2022,5,3
4971.0,229,3480,20000.0,16.0,Wedding,5,0.0,0.0,300.0,500.0,2,2,14,0,1,1,5.745475438092502,21.61304347826087,15.130434782608695,6.578569376615915,7,3,2023,4,2
13113.0,239,4101,17000.0,11.0,Birthday,1,0.0,0.0,200.0,400.0,0,1,0,0,1,1,4.144319843978547,54.6375,17.0875,5.826426133593369,10,4,2023,0,3
7303.0,239,4101,19000.0,16.0,Wedding,1,0.0,0.0,300.0,500.0,2,2,14,0,1,0,4.631886884446612,30.429166666666667,17.0875,5.826426133593369,11,4,2025,0,3
3650.0,229,3480,26000.0,8.0,Corporate Event,1,0.0,0.0,100.0,200.0,1,2,18,0,0,2,7.469118069520253,15.869565217391305,15.130434782608695,6.578569376615915,2,1,2022,2,0
5736.0,155,66,17000.0,0.0,Wedding,4,0.0,0.0,300.0,500.0,2,0,16,0,1,1,253.73134328358208,36.76923076923077,0.4230769230769231,231.34328358208953,4,2,2023,5,1
5703.0,229,3480,19000.0,10.0,Wedding,5,0.0,0.0,200.0,400.0,2,2,6,0,1,2,5.458201666187877,24.795652173913044,15.130434782608695,6.578569376615915,11,4,2024,4,3
12817.0,202,1983,21000.0,0.0,Birthday,4,0.0,0.0,100.0,200.0,0,0,4,0,0,1,10.584677419354838,63.13793103448276,9.768472906403941,10.181451612903226,1,1,2022,0,0
3212.0,155,66,19000.0,20.0,Corporate Event,3,0.0,0.0,300.0,500.0,1,2,17,0,0,0,283.5820895522388,20.58974358974359,0.4230769230769231,231.34328358208953,1,1,2024,1,0
7575.0,42,3577,17000.0,10.0,Corporate Event,2,0.0,0.0,200.0,400.0,1,2,6,0,1,0,4.751257685858021,176.1627906976744,83.18604651162791,1.1738401341531581,10,4,2024,4,3
2342.0,203,1258,17000.0,0.0,Wedding,5,0.0,0.0,100.0,200.0,2,2,3,0,0,2,13.502779984114376,11.480392156862745,6.166666666666667,16.12390786338364,11,4,2025,6,3
419.0,239,4101,24000.0,16.0,Birthday,2,0.0,0.0,200.0,400.0,0,2,8,0,1,2,5.850804485616773,1.7458333333333333,17.0875,5.826426133593369,4,2,2024,5,1
13351.0,42,3577,13000.0,18.0,Wedding,4,0.0,0.0,200.0,400.0,2,0,8,0,1,0,3.6333147009502516,310.48837209302326,83.18604651162791,1.1738401341531581,4,2,2022,1,1
11743.0,252,1608,24000.0,2.0,Corporate Event,1,0.0,0.0,200.0,400.0,1,2,7,0,1,2,14.916096954630206,46.41501976284585,6.355731225296442,15.661901802361717,1,1,2024,6,0
10480.0,229,3480,25000.0,16.0,Wedding,5,0.0,0.0,200.0,400.0,2,2,8,0,1,1,7.181844297615628,45.56521739130435,15.130434782608695,6.578569376615915,5,2,2023,5,1
3736.0,176,3661,22000.0,0.0,Birthday,3,0.0,0.0,200.0,400.0,0,0,6,0,1,2,6.007646095030038,21.10734463276836,20.683615819209038,4.8061168760240305,7,3,2024,6,2
14362.0,298,962,21000.0,2.0,Birthday,1,0.0,0.0,100.0,200.0,0,2,4,0,0,1,21.806853582554517,48.03344481605351,3.217391304347826,30.944963655244027,6,2,2022,6,2
7322.0,203,1258,24000.0,0.0,Birthday,3,0.0,0.0,200.0,400.0,0,0,0,0,1,1,19.062748212867355,35.8921568627451,6.166666666666667,16.12390786338364,6,2,2023,6,2
6340.0,249,22215,12000.0,16.0,Birthday,4,0.0,0.0,200.0,400.0,0,2,13,0,1,2,0.5401512423478574,25.36,88.86,1.120813827871804,8,3,2024,5,2
11172.0,203,1258,15000.0,2.0,Wedding,4,0.0,0.0,200.0,400.0,2,2,12,0,1,0,11.914217633042098,54.76470588235294,6.166666666666667,16.12390786338364,4,2,2022,2,1
3257.0,155,66,17000.0,3.0,Wedding,1,0.0,0.0,200.0,400.0,2,1,12,0,1,2,253.73134328358208,20.878205128205128,0.4230769230769231,231.34328358208953,12,4,2024,1,0
13238.0,126,4896,23000.0,7.0,Birthday,2,0.0,0.0,300.0,500.0,0,0,5,0,1,2,4.696753114151521,104.23622047244095,38.55118110236221,2.5730038799264854,3,1,2025,4,1
10215.0,176,3661,23000.0,10.0,Wedding,2,0.0,0.0,200.0,400.0,2,2,6,0,1,2,6.280720917531403,57.71186440677966,20.683615819209038,4.8061168760240305,8,3,2024,0,2
6962.0,42,3577,19000.0,7.0,Birthday,4,0.0,0.0,300.0,500.0,0,2,10,0,1,2,5.310229178311906,161.90697674418604,83.18604651162791,1.1738401341531581,4,2,2022,1,1
12423.0,239,4101,15000.0,6.0,Corporate Event,2,0.0,0.0,300.0,500.0,1,1,2,0,1,1,3.6567528035104826,51.7625,17.0875,5.826426133593369,12,4,2022,0,0
7084.0,155,66,13000.0,10.0,Corporate Event,5,0.0,0.0,200.0,400.0,1,2,6,0,1,2,194.02985074626866,45.41025641025641,0.4230769230769231,231.34328358208953,6,2,2022,1,2
8741.0,239,4101,19000.0,3.0,Corporate Event,3,0.0,0.0,200.0,400.0,1,2,12,0,1,1,4.631886884446612,36.420833333333334,17.0875,5.826426133593369,7,3,2025,1,2
6309.0,202,1983,12000.0,8.0,Corporate Event,2,0.0,0.0,300.0,500.0,1,2,2,0,1,0,6.048387096774194,31.07881773399015,9.768472906403941,10.181451612903226,11,4,2023,0,3
12447.0,42,3577,22000.0,8.0,Wedding,5,0.0,0.0,100.0,200.0,2,2,18,0,0,0,6.148686416992733,289.4651162790698,83.18604651162791,1.1738401341531581,12,4,2022,6,0
9072.0,249,22215,20000.0,20.0,Corporate Event,5,0.0,0.0,300.0,500.0,1,2,17,0,0,2,0.9002520705797623,36.288,88.86,1.120813827871804,2,1,2022,4,0
7949.0,298,962,22000.0,9.0,Corporate Event,2,0.0,0.0,300.0,500.0,1,2,5,0,1,1,22.84527518172378,26.585284280936456,3.217391304347826,30.944963655244027,10,4,2023,0,3
10879.0,249,22215,15000.0,11.0,Corporate Event,5,0.0,0.0,200.0,400.0,1,1,0,0,1,2,0.6751890529348218,43.516,88.86,1.120813827871804,4,2,2025,1,1
1925.0,229,3480,25000.0,10.0,Corporate Event,4,0.0,0.0,100.0,200.0,1,1,4,0,0,0,7.181844297615628,8.369565217391305,15.130434782608695,6.578569376615915,4,2,2022,0,1
6344.0,202,1983,26000.0,3.0,Wedding,3,0.0,0.0,200.0,400.0,2,1,12,0,1,0,13.10483870967742,31.251231527093594,9.768472906403941,10.181451612903226,12,4,2025,1,0
13709.0,126,4896,21000.0,14.0,Corporate Event,1,0.0,0.0,200.0,400.0,1,2,0,0,1,2,4.288339799877476,107.94488188976378,38.55118110236221,2.5730038799264854,2,1,2025,4,0
3046.0,252,1608,12000.0,10.0,Birthday,1,0.0,0.0,200.0,400.0,0,2,0,0,1,0,7.458048477315103,12.039525691699605,6.355731225296442,15.661901802361717,1,1,2024,6,0
627.0,155,66,22000.0,2.0,Birthday,3,0.0,0.0,300.0,500.0,0,2,10,0,1,0,328.35820895522386,4.019230769230769,0.4230769230769231,231.34328358208953,9,3,2022,1,3
1236.0,126,4896,20000.0,2.0,Wedding,2,0.0,0.0,200.0,400.0,2,2,7,0,1,1,4.084133142740454,9.73228346456693,38.55118110236221,2.5730038799264854,2,1,2024,2,0
3872.0,298,962,23000.0,4.0,Birthday,2,0.0,0.0,300.0,500.0,0,0,2,0,1,1,23.883696780893043,12.949832775919733,3.217391304347826,30.944963655244027,10,4,2023,1,3
10855.0,298,962,12000.0,0.0,Corporate Event,2,0.0,0.0,300.0,500.0,1,0,16,0,1,1,12.461059190031152,36.30434782608695,3.217391304347826,30.944963655244027,10,4,2023,3,3
12010.0,239,4101,22000.0,3.0,Corporate Event,1,0.0,0.0,100.0,200.0,1,0,18,0,0,0,5.363237445148708,50.041666666666664,17.0875,5.826426133593369,10,4,2022,6,3
11943.0,298,962,23000.0,0.0,Wedding,4,0.0,0.0,300.0,500.0,2,0,16,0,1,0,23.883696780893043,39.94314381270903,3.217391304347826,30.944963655244027,6,2,2022,3,2
5282.0,42,3577,12000.0,3.0,Birthday,3,0.0,0.0,200.0,400.0,0,1,12,0,1,2,3.3538289547233093,122.83720930232558,83.18604651162791,1.1738401341531581,12,4,2023,2,0
7582.0,229,3480,20000.0,20.0,Wedding,3,0.0,0.0,300.0,500.0,2,2,17,0,0,2,5.745475438092502,32.96521739130435,15.130434782608695,6.578569376615915,9,3,2024,0,3
335.0,155,66,17000.0,0.0,Birthday,4,0.0,0.0,300.0,500.0,0,2,16,0,1,0,253.73134328358208,2.1474358974358974,0.4230769230769231,231.34328358208953,6,2,2024,5,2
5490.0,202,1983,17000.0,0.0,Birthday,2,0.0,0.0,300.0,500.0,0,0,14,0,1,1,8.568548387096774,27.04433497536946,9.768472906403941,10.181451612903226,1,1,2022,5,0
1721.0,249,22215,12000.0,9.0,Corporate Event,1,0.0,0.0,200.0,400.0,1,1,6,0,1,2,0.5401512423478574,6.884,88.86,1.120813827871804,7,3,2025,1,2
3567.0,202,1983,17000.0,14.0,Wedding,5,0.0,0.0,300.0,500.0,2,1,10,0,1,1,8.568548387096774,17.571428571428573,9.768472906403941,10.181451612903226,3,1,2023,4,1
10934.0,176,3661,25000.0,6.0,Corporate Event,4,0.0,0.0,300.0,500.0,1,1,2,0,1,1,6.826870562534134,61.77401129943503,20.683615819209038,4.8061168760240305,1,1,2022,4,0
6496.0,203,1258,15000.0,3.0,Birthday,4,0.0,0.0,200.0,400.0,0,1,12,0,1,0,11.914217633042098,31.84313725490196,6.166666666666667,16.12390786338364,4,2,2022,6,1
14122.0,202,1983,23000.0,10.0,Wedding,4,0.0,0.0,100.0,200.0,2,2,3,0,0,0,11.59274193548387,69.56650246305419,9.768472906403941,10.181451612903226,8,3,2022,6,2
10271.0,239,4101,19000.0,0.0,Corporate Event,3,0.0,0.0,100.0,200.0,1,0,3,0,0,1,4.631886884446612,42.795833333333334,17.0875,5.826426133593369,3,1,2024,5,1
7101.0,203,1417,26000.0,20.0,Wedding,2,0.0,0.0,300.0,500.0,2,2,17,0,0,2,18.33568406205924,34.80882352941177,6.946078431372549,14.315937940761636,12,4,2025,1,0
6918.0,252,1608,15000.0,2.0,Wedding,3,0.0,0.0,300.0,500.0,2,2,2,0,1,0,9.322560596643878,27.343873517786562,6.355731225296442,15.661901802361717,11,4,2024,2,3
11254.0,203,1417,17000.0,16.0,Wedding,5,0.0,0.0,200.0,400.0,2,2,8,0,1,2,11.988716502115656,55.166666666666664,6.946078431372549,14.315937940761636,9,3,2022,1,3
13944.0,202,1983,15000.0,2.0,Birthday,2,0.0,0.0,200.0,400.0,0,0,1,0,1,1,7.560483870967742,68.6896551724138,9.768472906403941,10.181451612903226,1,1,2024,4,0
136640.0,298,962,25000.0,2.0,Corporate Event,3,0.0,0.0,200.0,400.0,1,2,7,0,1,0,25.96053997923157,456.98996655518397,3.217391304347826,30.944963655244027,7,3,2023,5,2
4277.0,42,3577,23000.0,18.0,Corporate Event,2,0.0,0.0,200.0,400.0,1,0,8,0,1,1,6.428172163219676,99.46511627906976,83.18604651162791,1.1738401341531581,1,1,2023,2,0
50010.0,126,4896,21000.0,5.0,Wedding,2,0.0,0.0,300.0,500.0,2,2,14,0,1,1,4.288339799877476,393.7795275590551,38.55118110236221,2.5730038799264854,3,1,2022,3,1
10795.0,239,4101,26000.0,14.0,Birthday,3,0.0,0.0,200.0,400.0,0,2,0,0,1,0,6.338371526084837,44.979166666666664,17.0875,5.826426133593369,3,1,2023,0,1
4997.0,298,962,20000.0,2.0,Corporate Event,2,0.0,0.0,100.0,200.0,1,2,4,0,0,1,20.768431983385256,16.712374581939798,3.217391304347826,30.944963655244027,11,4,2022,2,3
8650.0,203,1417,21000.0,10.0,Birthday,1,0.0,0.0,200.0,400.0,0,2,0,0,1,0,14.809590973201692,42.40196078431372,6.946078431372549,14.315937940761636,1,1,2024,2,0
4838.0,203,1258,25000.0,8.0,Wedding,3,0.0,0.0,300.0,500.0,2,2,2,0,1,0,19.857029388403493,23.715686274509803,6.166666666666667,16.12390786338364,5,2,2023,6,1
10471.0,252,1608,20000.0,4.0,Corporate Event,3,0.0,0.0,300.0,500.0,1,0,2,0,1,1,12.430080795525171,41.387351778656125,6.355731225296442,15.661901802361717,12,4,2024,5,0
534.0,298,962,24000.0,16.0,Wedding,4,0.0,0.0,300.0,500.0,2,2,14,0,1,1,24.922118380062305,1.785953177257525,3.217391304347826,30.944963655244027,2,1,2025,0,0
4108.0,239,4101,15000.0,14.0,Corporate Event,4,0.0,0.0,300.0,500.0,1,1,10,0,1,1,3.6567528035104826,17.116666666666667,17.0875,5.826426133593369,9,3,2024,3,3
13457.0,229,3480,25000.0,2.0,Corporate Event,4,0.0,0.0,200.0,400.0,1,2,13,0,1,0,7.181844297615628,58.50869565217391,15.130434782608695,6.578569376615915,12,4,2025,2,0
141010.0,229,3480,24000.0,2.0,Wedding,5,0.0,0.0,200.0,400.0,2,2,7,0,1,0,6.894570525711003,613.0869565217391,15.130434782608695,6.578569376615915,11,4,2024,6,3
8223.0,249,22215,25000.0,16.0,Birthday,1,0.0,0.0,300.0,500.0,0,2,14,0,1,2,1.125315088224703,32.892,88.86,1.120813827871804,1,1,2025,0,0
976.0,229,3480,25000.0,5.0,Birthday,4,0.0,0.0,300.0,500.0,0,1,5,0,1,1,7.181844297615628,4.243478260869566,15.130434782608695,6.578569376615915,4,2,2022,2,1
6153.0,249,22215,26000.0,16.0,Birthday,4,0.0,0.0,300.0,500.0,0,2,14,0,1,2,1.1703276917536911,24.612,88.86,1.120813827871804,10,4,2024,2,3
1714.0,229,3480,26000.0,0.0,Corporate Event,2,0.0,0.0,100.0,200.0,1,0,4,0,0,1,7.469118069520253,7.452173913043478,15.130434782608695,6.578569376615915,1,1,2024,0,0
6012.0,229,3480,26000.0,0.0,Birthday,1,0.0,0.0,100.0,200.0,0,1,15,0,0,1,7.469118069520253,26.139130434782608,15.130434782608695,6.578569376615915,1,1,2022,3,0
5440.0,203,1258,13000.0,3.0,Birthday,3,0.0,0.0,200.0,500.0,0,1,11,0,0,2,10.325655281969818,26.666666666666668,6.166666666666667,16.12390786338364,2,1,2022,1,0
1502.0,176,3661,15000.0,18.0,Corporate Event,2,0.0,0.0,200.0,400.0,1,0,8,0,1,1,4.09612233752048,8.485875706214689,20.683615819209038,4.8061168760240305,11,4,2022,6,3
6929.0,203,1417,26000.0,2.0,Birthday,4,0.0,0.0,100.0,200.0,0,2,4,0,0,2,18.33568406205924,33.96568627450981,6.946078431372549,14.315937940761636,1,1,2022,0,0
6256.0,229,3480,26000.0,16.0,Birthday,4,0.0,0.0,200.0,500.0,0,2,9,0,0,0,7.469118069520253,27.2,15.130434782608695,6.578569376615915,10,4,2025,4,3
11686.0,176,3661,26000.0,2.0,Birthday,3,0.0,0.0,300.0,500.0,0,2,2,0,1,2,7.099945385035499,66.0225988700565,20.683615819209038,4.8061168760240305,6,2,2023,6,2
3909.0,239,4101,20000.0,8.0,Corporate Event,1,0.0,0.0,100.0,200.0,1,2,18,0,0,0,4.875670404680643,16.2875,17.0875,5.826426133593369,6,2,2022,2,2
2824.0,176,3661,23000.0,0.0,Wedding,1,0.0,0.0,100.0,200.0,2,2,15,0,0,0,6.280720917531403,15.954802259887005,20.683615819209038,4.8061168760240305,4,2,2025,2,1
11046.0,298,962,20000.0,4.0,Wedding,1,0.0,0.0,300.0,500.0,2,1,17,0,0,1,20.768431983385256,36.94314381270903,3.217391304347826,30.944963655244027,6,2,2022,4,2
2592.0,229,3480,15000.0,0.0,Birthday,4,0.0,0.0,100.0,200.0,0,1,15,0,0,0,4.309106578569376,11.269565217391305,15.130434782608695,6.578569376615915,10,4,2023,0,3
5189.0,202,1983,17000.0,20.0,Birthday,5,0.0,0.0,300.0,500.0,0,2,17,0,0,0,8.568548387096774,25.561576354679804,9.768472906403941,10.181451612903226,2,1,2022,6,0
8709.0,203,1417,24000.0,0.0,Corporate Event,5,0.0,0.0,100.0,200.0,1,2,3,0,0,2,16.92524682651622,42.69117647058823,6.946078431372549,14.315937940761636,8,3,2022,2,2
14066.0,202,1983,13000.0,0.0,Birthday,5,0.0,0.0,100.0,200.0,0,0,3,0,0,1,6.55241935483871,69.29064039408867,9.768472906403941,10.181451612903226,3,1,2024,1,1
510.0,252,1608,22000.0,10.0,Wedding,2,0.0,0.0,200.0,400.0,2,2,6,0,1,2,13.673088875077688,2.015810276679842,6.355731225296442,15.661901802361717,1,1,2022,5,0
13184.0,155,66,13000.0,0.0,Birthday,2,0.0,0.0,100.0,200.0,0,0,3,0,0,1,194.02985074626866,84.51282051282051,0.4230769230769231,231.34328358208953,5,2,2024,5,1
3674.0,42,3577,17000.0,7.0,Wedding,5,0.0,0.0,100.0,200.0,2,0,15,0,0,1,4.751257685858021,85.44186046511628,83.18604651162791,1.1738401341531581,2,1,2024,0,0
11386.0,176,3661,21000.0,20.0,Corporate Event,1,0.0,0.0,200.0,400.0,1,2,8,0,1,2,5.734571272528673,64.32768361581921,20.683615819209038,4.8061168760240305,4,2,2024,2,1
10852.0,42,3577,22000.0,4.0,Corporate Event,1,0.0,0.0,300.0,500.0,1,0,2,0,1,0,6.148686416992733,252.37209302325581,83.18604651162791,1.1738401341531581,12,4,2025,4,0
14177.0,202,1983,23000.0,3.0,Wedding,3,0.0,0.0,200.0,400.0,2,2,12,0,1,2,11.59274193548387,69.83743842364532,9.768472906403941,10.181451612903226,1,1,2025,4,0
2103.0,249,22215,21000.0,2.0,Corporate Event,1,0.0,0.0,200.0,400.0,1,2,7,0,1,2,0.9452646741087505,8.412,88.86,1.120813827871804,10,4,2024,5,3
3600.0,203,1417,17000.0,7.0,Corporate Event,3,0.0,0.0,300.0,500.0,1,0,5,0,1,0,11.988716502115656,17.647058823529413,6.946078431372549,14.315937940761636,8,3,2023,4,2
7560.0,229,3480,13000.0,0.0,Wedding,1,0.0,0.0,300.0,500.0,2,0,16,0,1,1,3.7345590347601263,32.869565217391305,15.130434782608695,6.578569376615915,4,2,2022,2,1
9080.0,203,1258,15000.0,2.0,Corporate Event,5,0.0,0.0,300.0,500.0,1,2,2,0,1,2,11.914217633042098,44.509803921568626,6.166666666666667,16.12390786338364,1,1,2024,2,0
5104.0,42,3577,22000.0,7.0,Corporate Event,4,0.0,0.0,100.0,200.0,1,2,4,0,0,0,6.148686416992733,118.69767441860465,83.18604651162791,1.1738401341531581,7,3,2025,3,2
4704.0,252,1608,25000.0,7.0,Corporate Event,2,0.0,0.0,300.0,500.0,1,2,10,0,1,0,15.537600994406464,18.59288537549407,6.355731225296442,15.661901802361717,4,2,2023,5,1
8488.0,202,1983,12000.0,16.0,Wedding,1,0.0,0.0,200.0,400.0,2,2,8,0,1,0,6.048387096774194,41.8128078817734,9.768472906403941,10.181451612903226,6,2,2024,2,2
14316.0,252,1608,25000.0,7.0,Birthday,5,0.0,0.0,300.0,500.0,0,2,10,0,1,0,15.537600994406464,56.58498023715415,6.355731225296442,15.661901802361717,12,4,2023,6,0
10234.0,203,1417,25000.0,0.0,Birthday,1,0.0,0.0,200.0,400.0,0,0,0,0,1,1,17.63046544428773,50.166666666666664,6.946078431372549,14.315937940761636,1,1,2022,5,0
630.0,203,1258,20000.0,0.0,Corporate Event,5,0.0,0.0,300.0,500.0,1,0,16,0,1,0,15.885623510722796,3.088235294117647,6.166666666666667,16.12390786338364,11,4,2025,2,3
5580.0,239,4101,24000.0,0.0,Birthday,3,0.0,0.0,200.0,400.0,0,0,0,0,1,0,5.850804485616773,23.25,17.0875,5.826426133593369,7,3,2023,3,2
5503.0,126,4896,25000.0,15.0,Corporate Event,5,0.0,0.0,200.0,400.0,1,1,1,0,1,0,5.105166428425567,43.330708661417326,38.55118110236221,2.5730038799264854,11,4,2023,4,3
11245.0,176,3661,24000.0,12.0,Corporate Event,2,0.0,0.0,200.0,500.0,1,1,9,0,0,0,6.553795740032769,63.53107344632768,20.683615819209038,4.8061168760240305,8,3,2022,3,2
587.0,203,1417,19000.0,10.0,Corporate Event,1,0.0,0.0,300.0,500.0,1,0,10,0,1,2,13.399153737658674,2.877450980392157,6.946078431372549,14.315937940761636,2,1,2023,6,0
3327.0,203,1258,26000.0,0.0,Wedding,1,0.0,0.0,100.0,200.0,2,0,4,0,0,0,20.651310563939635,16.308823529411764,6.166666666666667,16.12390786338364,2,1,2025,2,0
3357.0,42,3577,23000.0,3.0,Birthday,4,0.0,0.0,200.0,400.0,0,1,12,0,1,2,6.428172163219676,78.06976744186046,83.18604651162791,1.1738401341531581,10,4,2025,5,3
12004.0,176,3661,22000.0,3.0,Wedding,3,0.0,0.0,200.0,500.0,2,1,11,0,0,0,6.007646095030038,67.81920903954803,20.683615819209038,4.8061168760240305,4,2,2025,0,1
1261.0,203,1417,12000.0,5.0,Wedding,2,0.0,0.0,300.0,500.0,2,1,5,0,1,1,8.46262341325811,6.181372549019608,6.946078431372549,14.315937940761636,4,2,2024,2,1
9534.0,249,22215,26000.0,3.0,Wedding,1,0.0,0.0,200.0,400.0,2,2,12,0,1,0,1.1703276917536911,38.136,88.86,1.120813827871804,7,3,2024,3,2
3689.0,229,3480,20000.0,5.0,Corporate Event,1,0.0,0.0,300.0,500.0,1,1,16,0,1,2,5.745475438092502,16.03913043478261,15.130434782608695,6.578569376615915,1,1,2022,0,0
5649.0,42,3577,24000.0,5.0,Wedding,3,0.0,0.0,300.0,500.0,2,1,16,0,1,0,6.707657909446619,131.37209302325581,83.18604651162791,1.1738401341531581,12,4,2022,5,0
32330.0,203,1417,24000.0,5.0,Wedding,1,0.0,0.0,100.0,200.0,2,1,3,0,0,2,16.92524682651622,158.48039215686273,6.946078431372549,14.315937940761636,2,1,2022,0,0
6338.0,202,1983,25000.0,16.0,Wedding,3,0.0,0.0,200.0,400.0,2,2,13,0,1,2,12.600806451612904,31.221674876847292,9.768472906403941,10.181451612903226,7,3,2022,6,2
6085.0,229,3480,23000.0,2.0,Corporate Event,2,0.0,0.0,200.0,400.0,1,2,7,0,1,2,6.607296753806377,26.456521739130434,15.130434782608695,6.578569376615915,9,3,2023,4,3
764.0,155,66,26000.0,5.0,Corporate Event,2,0.0,0.0,300.0,500.0,1,1,16,0,1,0,388.05970149253733,4.897435897435898,0.4230769230769231,231.34328358208953,6,2,2024,0,2
3312.0,42,3577,23000.0,10.0,Wedding,5,0.0,0.0,100.0,200.0,2,1,4,0,0,2,6.428172163219676,77.02325581395348,83.18604651162791,1.1738401341531581,6,2,2022,2,2
3628.0,252,1608,13000.0,5.0,Wedding,3,0.0,0.0,300.0,500.0,2,2,14,0,1,1,8.079552517091361,14.339920948616601,6.355731225296442,15.661901802361717,12,4,2022,2,0
14857.0,42,3577,20000.0,16.0,Birthday,5,0.0,0.0,200.0,400.0,0,2,13,0,1,2,5.589714924538849,345.51162790697674,83.18604651162791,1.1738401341531581,9,3,2025,1,3
13935.0,176,3661,17000.0,0.0,Corporate Event,4,0.0,0.0,200.0,400.0,1,0,12,0,1,2,4.642271982523211,78.72881355932203,20.683615819209038,4.8061168760240305,1,1,2023,6,0
1873.0,249,22215,22000.0,14.0,Birthday,3,0.0,0.0,300.0,500.0,0,1,10,0,1,2,0.9902772776377385,7.492,88.86,1.120813827871804,6,2,2022,6,2
10574.0,203,1417,19000.0,2.0,Birthday,1,0.0,0.0,300.0,500.0,0,2,2,0,1,2,13.399153737658674,51.833333333333336,6.946078431372549,14.315937940761636,9,3,2025,4,3
14980.0,202,1983,13000.0,8.0,Corporate Event,1,0.0,0.0,100.0,200.0,1,2,18,0,0,2,6.55241935483871,73.79310344827586,9.768472906403941,10.181451612903226,1,1,2023,2,0
4674.0,203,1417,13000.0,6.0,Corporate Event,5,0.0,0.0,300.0,500.0,1,1,2,0,1,1,9.16784203102962,22.91176470588235,6.946078431372549,14.315937940761636,4,2,2022,5,1
8807.0,203,1417,21000.0,0.0,Wedding,4,0.0,0.0,200.0,400.0,2,0,7,0,1,1,14.809590973201692,43.17156862745098,6.946078431372549,14.315937940761636,12,4,2024,4,0
49410.0,298,962,25000.0,16.0,Corporate Event,2,0.0,0.0,200.0,400.0,1,2,8,0,1,2,25.96053997923157,165.25083612040135,3.217391304347826,30.944963655244027,9,3,2022,1,3
13568.0,203,1417,26000.0,7.0,Wedding,2,0.0,0.0,300.0,500.0,2,2,10,0,1,0,18.33568406205924,66.50980392156863,6.946078431372549,14.315937940761636,9,3,2023,2,3
1226.0,155,66,12000.0,2.0,Corporate Event,1,0.0,0.0,200.0,500.0,1,0,9,0,0,1,179.1044776119403,7.858974358974359,0.4230769230769231,231.34328358208953,3,1,2025,3,1
5701.0,42,3577,17000.0,0.0,Birthday,4,0.0,0.0,100.0,200.0,0,2,15,0,0,0,4.751257685858021,132.58139534883722,83.18604651162791,1.1738401341531581,3,1,2024,4,1
4838.0,203,1417,21000.0,0.0,Corporate Event,3,0.0,0.0,300.0,500.0,1,2,16,0,1,2,14.809590973201692,23.715686274509803,6.946078431372549,14.315937940761636,2,1,2022,1,0
12664.0,155,66,15000.0,2.0,Corporate Event,4,0.0,0.0,100.0,200.0,1,2,4,0,0,0,223.88059701492537,81.17948717948718,0.4230769230769231,231.34328358208953,12,4,2024,4,0
9956.0,239,4101,21000.0,16.0,Corporate Event,2,0.0,0.0,200.0,400.0,1,2,8,0,1,2,5.1194539249146755,41.483333333333334,17.0875,5.826426133593369,10,4,2024,0,3
1464.0,229,3480,23000.0,16.0,Wedding,4,0.0,0.0,200.0,400.0,2,2,13,0,1,1,6.607296753806377,6.3652173913043475,15.130434782608695,6.578569376615915,2,1,2022,3,0
12941.0,252,1608,19000.0,14.0,Birthday,1,0.0,0.0,300.0,500.0,0,1,10,0,1,0,11.808576755748913,51.1501976284585,6.355731225296442,15.661901802361717,7,3,2025,1,2
1724.0,202,1983,19000.0,5.0,Birthday,4,0.0,0.0,300.0,500.0,0,1,16,0,1,2,9.576612903225806,8.492610837438423,9.768472906403941,10.181451612903226,11,4,2023,5,3
8749.0,126,4896,13000.0,8.0,Birthday,4,0.0,0.0,300.0,500.0,0,2,2,0,1,1,2.6546865427812945,68.88976377952756,38.55118110236221,2.5730038799264854,1,1,2024,2,0
4712.0,126,4896,15000.0,2.0,Birthday,2,0.0,0.0,200.0,400.0,0,2,7,0,1,1,3.06309985705534,37.10236220472441,38.55118110236221,2.5730038799264854,8,3,2022,1,2
3354.0,202,1983,24000.0,7.0,Wedding,4,0.0,0.0,300.0,500.0,2,2,10,0,1,0,12.096774193548388,16.52216748768473,9.768472906403941,10.181451612903226,11,4,2022,2,3
14083.0,298,962,15000.0,8.0,Wedding,4,0.0,0.0,100.0,200.0,2,2,18,0,0,2,15.576323987538942,47.10033444816054,3.217391304347826,30.944963655244027,11,4,2024,6,3
13554.0,155,66,26000.0,4.0,Birthday,5,0.0,0.0,100.0,200.0,0,2,18,0,0,0,388.05970149253733,86.88461538461539,0.4230769230769231,231.34328358208953,7,3,2023,4,2
7416.0,42,3577,19000.0,2.0,Wedding,3,0.0,0.0,200.0,400.0,2,2,7,0,1,0,5.310229178311906,172.46511627906978,83.18604651162791,1.1738401341531581,7,3,2025,1,2
9885.0,298,962,19000.0,16.0,Wedding,1,0.0,0.0,200.0,400.0,2,2,13,0,1,2,19.73001038421599,33.06020066889632,3.217391304347826,30.944963655244027,7,3,2025,4,2
4125.0,229,3480,26000.0,0.0,Birthday,1,0.0,0.0,100.0,200.0,0,0,4,0,0,2,7.469118069520253,17.934782608695652,15.130434782608695,6.578569376615915,10,4,2024,6,3
6303.0,239,4101,17000.0,3.0,Corporate Event,2,0.0,0.0,200.0,500.0,1,2,9,0,0,2,4.144319843978547,26.2625,17.0875,5.826426133593369,7,3,2022,6,2
5226.0,126,4896,17000.0,16.0,Wedding,1,0.0,0.0,300.0,500.0,2,2,14,0,1,1,3.471513171329385,41.1496062992126,38.55118110236221,2.5730038799264854,8,3,2025,6,2
13402.0,203,1417,23000.0,0.0,Birthday,1,0.0,0.0,300.0,500.0,0,0,17,0,0,2,16.22002820874471,65.69607843137256,6.946078431372549,14.315937940761636,9,3,2025,4,3
10723.0,155,66,17000.0,5.0,Birthday,2,0.0,0.0,100.0,200.0,0,1,3,0,0,0,253.73134328358208,68.73717948717949,0.4230769230769231,231.34328358208953,10,4,2022,4,3
2008.0,203,1258,22000.0,5.0,Birthday,4,0.0,0.0,300.0,500.0,0,1,16,0,1,1,17.474185861795075,9.843137254901961,6.166666666666667,16.12390786338364,7,3,2025,2,2
14704.0,42,3577,20000.0,3.0,Wedding,5,0.0,0.0,200.0,400.0,2,2,12,0,1,2,5.589714924538849,341.95348837209303,83.18604651162791,1.1738401341531581,5,2,2023,5,1
8653.0,298,962,19000.0,20.0,Corporate Event,2,0.0,0.0,200.0,400.0,1,2,8,0,1,2,19.73001038421599,28.93979933110368,3.217391304347826,30.944963655244027,7,3,2024,0,2
3244.0,229,3480,17000.0,4.0,Birthday,5,0.0,0.0,100.0,200.0,0,2,18,0,0,2,4.883654122378627,14.104347826086956,15.130434782608695,6.578569376615915,12,4,2025,1,0
5950.0,126,4896,17000.0,5.0,Wedding,2,0.0,0.0,300.0,500.0,2,1,5,0,1,1,3.471513171329385,46.8503937007874,38.55118110236221,2.5730038799264854,3,1,2024,4,1
4803.0,249,22215,21000.0,5.0,Corporate Event,1,0.0,0.0,300.0,500.0,1,1,5,0,1,1,0.9452646741087505,19.212,88.86,1.120813827871804,5,2,2022,5,1
19670.0,155,66,19000.0,9.0,Corporate Event,4,0.0,0.0,200.0,400.0,1,1,6,0,1,0,283.5820895522388,126.08974358974359,0.4230769230769231,231.34328358208953,5,2,2025,4,1
14668.0,229,3480,20000.0,0.0,Corporate Event,4,0.0,0.0,200.0,400.0,1,0,0,0,1,1,5.745475438092502,63.77391304347826,15.130434782608695,6.578569376615915,12,4,2023,5,0
2224.0,229,3480,23000.0,0.0,Wedding,4,0.0,0.0,100.0,200.0,2,1,15,0,0,1,6.607296753806377,9.669565217391304,15.130434782608695,6.578569376615915,11,4,2023,1,3
8561.0,42,3577,15000.0,0.0,Corporate Event,3,0.0,0.0,300.0,500.0,1,0,17,0,0,2,4.192286193404136,199.09302325581396,83.18604651162791,1.1738401341531581,4,2,2022,3,1
91800.0,202,1983,15000.0,4.0,Wedding,2,0.0,0.0,300.0,500.0,2,2,5,0,1,0,7.560483870967742,452.2167487684729,9.768472906403941,10.181451612903226,8,3,2025,0,2
675.0,203,1258,24000.0,7.0,Corporate Event,5,0.0,0.0,300.0,500.0,1,2,10,0,1,1,19.062748212867355,3.3088235294117645,6.166666666666667,16.12390786338364,2,1,2025,3,0
4406.0,298,962,20000.0,20.0,Corporate Event,3,0.0,0.0,200.0,400.0,1,2,8,0,1,2,20.768431983385256,14.735785953177258,3.217391304347826,30.944963655244027,8,3,2023,2,2
1401.0,298,962,15000.0,2.0,Birthday,4,0.0,0.0,200.0,400.0,0,0,1,0,1,1,15.576323987538942,4.68561872909699,3.217391304347826,30.944963655244027,11,4,2022,5,3
5210.0,203,1258,22000.0,13.0,Birthday,1,0.0,0.0,200.0,400.0,0,1,8,0,1,1,17.474185861795075,25.53921568627451,6.166666666666667,16.12390786338364,10,4,2023,5,3
95740.0,126,4896,22000.0,0.0,Corporate Event,5,0.0,0.0,300.0,500.0,1,0,17,0,0,0,4.492546457014499,753.8582677165355,38.55118110236221,2.5730038799264854,5,2,2023,0,1
11196.0,126,4896,25000.0,2.0,Wedding,5,0.0,0.0,200.0,400.0,2,2,13,0,1,2,5.105166428425567,88.15748031496064,38.55118110236221,2.5730038799264854,10,4,2022,3,3
10036.0,239,4101,19000.0,2.0,Birthday,2,0.0,0.0,200.0,400.0,0,2,7,0,1,2,4.631886884446612,41.81666666666667,17.0875,5.826426133593369,2,1,2023,2,0
11362.0,176,3661,20000.0,16.0,Corporate Event,2,0.0,0.0,200.0,500.0,1,2,9,0,0,0,5.461496450027307,64.19209039548022,20.683615819209038,4.8061168760240305,3,1,2022,6,1
11301.0,202,1983,15000.0,5.0,Birthday,4,0.0,0.0,100.0,200.0,0,1,3,0,0,2,7.560483870967742,55.669950738916256,9.768472906403941,10.181451612903226,4,2,2023,3,1
6718.0,252,1608,25000.0,9.0,Birthday,4,0.0,0.0,300.0,500.0,0,1,14,0,1,0,15.537600994406464,26.553359683794465,6.355731225296442,15.661901802361717,2,1,2024,1,0
11188.0,298,962,17000.0,15.0,Corporate Event,1,0.0,0.0,200.0,400.0,1,1,1,0,1,1,17.653167185877468,37.4180602006689,3.217391304347826,30.944963655244027,1,1,2024,1,0
5780.0,203,1417,23000.0,7.0,Wedding,4,0.0,0.0,100.0,200.0,2,0,15,0,0,1,16.22002820874471,28.333333333333332,6.946078431372549,14.315937940761636,2,1,2022,6,0
6753.0,298,962,26000.0,2.0,Wedding,2,0.0,0.0,200.0,400.0,2,2,12,0,1,0,26.99896157840083,22.585284280936456,3.217391304347826,30.944963655244027,11,4,2025,6,3
13014.0,42,3577,23000.0,16.0,Corporate Event,4,0.0,0.0,200.0,400.0,1,2,13,0,1,0,6.428172163219676,302.6511627906977,83.18604651162791,1.1738401341531581,9,3,2025,6,3
5146.0,249,22215,13000.0,4.0,Wedding,4,0.0,0.0,300.0,500.0,2,0,2,0,1,0,0.5851638458768456,20.584,88.86,1.120813827871804,11,4,2023,6,3
1383.0,126,4896,23000.0,16.0,Birthday,5,0.0,0.0,300.0,500.0,0,2,14,0,1,1,4.696753114151521,10.88976377952756,38.55118110236221,2.5730038799264854,3,1,2025,5,1
11904.0,229,3480,19000.0,0.0,Wedding,2,0.0,0.0,100.0,200.0,2,2,3,0,0,1,5.458201666187877,51.756521739130434,15.130434782608695,6.578569376615915,2,1,2024,2,0
2634.0,203,1258,13000.0,0.0,Corporate Event,5,0.0,0.0,100.0,200.0,1,0,3,0,0,0,10.325655281969818,12.911764705882353,6.166666666666667,16.12390786338364,5,2,2024,4,1
14220.0,239,4101,15000.0,0.0,Wedding,1,0.0,0.0,200.0,400.0,2,0,7,0,1,0,3.6567528035104826,59.25,17.0875,5.826426133593369,4,2,2023,6,1
9922.0,42,3577,23000.0,20.0,Corporate Event,1,0.0,0.0,300.0,500.0,1,2,17,0,0,0,6.428172163219676,230.74418604651163,83.18604651162791,1.1738401341531581,9,3,2025,1,3
14011.0,42,3577,19000.0,0.0,Wedding,2,0.0,0.0,200.0,400.0,2,0,12,0,1,2,5.310229178311906,325.83720930232556,83.18604651162791,1.1738401341531581,4,2,2025,6,1
7358.0,42,3577,12000.0,6.0,Corporate Event,2,0.0,0.0,200.0,400.0,1,1,7,0,1,1,3.3538289547233093,171.11627906976744,83.18604651162791,1.1738401341531581,10,4,2022,3,3
5206.0,126,4896,25000.0,4.0,Wedding,2,0.0,0.0,300.0,500.0,2,0,2,0,1,2,5.105166428425567,40.99212598425197,38.55118110236221,2.5730038799264854,4,2,2023,6,1
5604.0,203,1258,23000.0,0.0,Corporate Event,1,0.0,0.0,300.0,500.0,1,2,16,0,1,2,18.268467037331217,27.470588235294116,6.166666666666667,16.12390786338364,11,4,2024,4,3
5925.0,252,1608,19000.0,10.0,Corporate Event,3,0.0,0.0,300.0,500.0,1,0,10,0,1,2,11.808576755748913,23.41897233201581,6.355731225296442,15.661901802361717,9,3,2025,5,3
13105.0,202,1983,19000.0,3.0,Birthday,5,0.0,0.0,200.0,500.0,0,1,11,0,0,0,9.576612903225806,64.55665024630542,9.768472906403941,10.181451612903226,4,2,2022,3,1
6074.0,203,1258,12000.0,10.0,Birthday,4,0.0,0.0,100.0,200.0,0,1,4,0,0,1,9.531374106433677,29.774509803921568,6.166666666666667,16.12390786338364,2,1,2024,4,0
12142.0,176,3661,22000.0,4.0,Birthday,2,0.0,0.0,300.0,500.0,0,2,5,0,1,0,6.007646095030038,68.59887005649718,20.683615819209038,4.8061168760240305,10,4,2024,1,3
10973.0,252,1608,20000.0,10.0,Wedding,5,0.0,0.0,100.0,200.0,2,1,4,0,0,1,12.430080795525171,43.37154150197628,6.355731225296442,15.661901802361717,8,3,2022,2,2
13377.0,249,22215,24000.0,10.0,Birthday,5,0.0,0.0,200.0,400.0,0,2,6,0,1,1,1.0803024846957148,53.508,88.86,1.120813827871804,12,4,2024,0,0
4653.0,298,962,20000.0,2.0,Corporate Event,5,0.0,0.0,300.0,500.0,1,2,2,0,1,2,20.768431983385256,15.561872909698996,3.217391304347826,30.944963655244027,2,1,2023,4,0
3396.0,203,1417,25000.0,10.0,Birthday,3,0.0,0.0,200.0,400.0,0,2,6,0,1,0,17.63046544428773,16.647058823529413,6.946078431372549,14.315937940761636,3,1,2023,1,1
1832.0,249,22215,21000.0,0.0,Wedding,1,0.0,0.0,200.0,500.0,2,2,11,0,0,1,0.9452646741087505,7.328,88.86,1.120813827871804,3,1,2025,3,1
501.0,155,66,19000.0,5.0,Wedding,5,0.0,0.0,300.0,500.0,2,2,14,0,1,2,283.5820895522388,3.2115384615384617,0.4230769230769231,231.34328358208953,1,1,2023,0,0
5226.0,239,4101,21000.0,2.0,Birthday,1,0.0,0.0,200.0,400.0,0,0,1,0,1,1,5.1194539249146755,21.775,17.0875,5.826426133593369,4,2,2022,0,1
2758.0,203,1417,25000.0,7.0,Wedding,1,0.0,0.0,100.0,200.0,2,1,18,0,0,0,17.63046544428773,13.519607843137255,6.946078431372549,14.315937940761636,9,3,2023,3,3
6295.0,42,3577,17000.0,10.0,Corporate Event,5,0.0,0.0,200.0,400.0,1,2,6,0,1,0,4.751257685858021,146.3953488372093,83.18604651162791,1.1738401341531581,3,1,2025,1,1
1857.0,229,3480,25000.0,3.0,Birthday,3,0.0,0.0,200.0,400.0,0,2,12,0,1,1,7.181844297615628,8.07391304347826,15.130434782608695,6.578569376615915,6,2,2024,0,2
5876.0,126,4896,13000.0,0.0,Wedding,4,0.0,0.0,200.0,400.0,2,0,13,0,1,2,2.6546865427812945,46.267716535433074,38.55118110236221,2.5730038799264854,7,3,2022,3,2
1988.0,126,4896,24000.0,15.0,Birthday,5,0.0,0.0,200.0,400.0,0,1,1,0,1,0,4.900959771288544,15.653543307086615,38.55118110236221,2.5730038799264854,4,2,2022,4,1
140080.0,203,1258,13000.0,10.0,Corporate Event,4,0.0,0.0,100.0,200.0,1,1,4,0,0,1,10.325655281969818,686.6666666666666,6.166666666666667,16.12390786338364,5,2,2025,3,1
4810.0,42,3577,24000.0,5.0,Birthday,4,0.0,0.0,300.0,500.0,0,2,14,0,1,2,6.707657909446619,111.86046511627907,83.18604651162791,1.1738401341531581,5,2,2023,4,1
2559.0,155,66,12000.0,7.0,Wedding,1,0.0,0.0,100.0,200.0,2,0,15,0,0,2,179.1044776119403,16.403846153846153,0.4230769230769231,231.34328358208953,12,4,2023,3,0
13551.0,176,3661,21000.0,8.0,Wedding,2,0.0,0.0,100.0,200.0,2,2,18,0,0,1,5.734571272528673,76.55932203389831,20.683615819209038,4.8061168760240305,9,3,2025,0,3
14243.0,229,3480,20000.0,2.0,Corporate Event,5,0.0,0.0,200.0,400.0,1,0,1,0,1,0,5.745475438092502,61.926086956521736,15.130434782608695,6.578569376615915,6,2,2024,3,2
4000.0,203,1417,19000.0,0.0,Birthday,5,0.0,0.0,300.0,500.0,0,0,17,0,0,0,13.399153737658674,19.607843137254903,6.946078431372549,14.315937940761636,10,4,2022,2,3
12988.0,126,4896,25000.0,20.0,Corporate Event,2,0.0,0.0,300.0,500.0,1,2,17,0,0,2,5.105166428425567,102.26771653543307,38.55118110236221,2.5730038799264854,8,3,2023,4,2
2324.0,155,66,20000.0,0.0,Corporate Event,4,0.0,0.0,300.0,500.0,1,0,14,0,1,1,298.5074626865672,14.897435897435898,0.4230769230769231,231.34328358208953,12,4,2022,6,0
2643.0,176,3661,15000.0,10.0,Corporate Event,5,0.0,0.0,200.0,400.0,1,2,0,0,1,1,4.09612233752048,14.932203389830509,20.683615819209038,4.8061168760240305,4,2,2025,3,1
7211.0,229,3480,12000.0,8.0,Wedding,2,0.0,0.0,300.0,500.0,2,2,2,0,1,2,3.4472852628555013,31.35217391304348,15.130434782608695,6.578569376615915,7,3,2023,6,2
5303.0,249,22215,22000.0,16.0,Wedding,5,0.0,0.0,200.0,500.0,2,2,9,0,0,2,0.9902772776377385,21.212,88.86,1.120813827871804,10,4,2024,0,3
11871.0,42,3577,23000.0,7.0,Wedding,1,0.0,0.0,100.0,200.0,2,0,15,0,0,1,6.428172163219676,276.06976744186045,83.18604651162791,1.1738401341531581,7,3,2025,6,2
6418.0,239,4101,20000.0,16.0,Corporate Event,4,0.0,0.0,300.0,500.0,1,2,14,0,1,0,4.875670404680643,26.741666666666667,17.0875,5.826426133593369,5,2,2023,0,1
1538.0,202,1983,23000.0,15.0,Corporate Event,2,0.0,0.0,200.0,400.0,1,1,1,0,1,2,11.59274193548387,7.5763546798029555,9.768472906403941,10.181451612903226,6,2,2025,4,2
4993.0,126,4896,17000.0,0.0,Birthday,5,0.0,0.0,100.0,200.0,0,0,3,0,0,2,3.471513171329385,39.31496062992126,38.55118110236221,2.5730038799264854,6,2,2024,6,2
11958.0,126,4896,15000.0,7.0,Birthday,4,0.0,0.0,300.0,500.0,0,2,10,0,1,0,3.06309985705534,94.15748031496064,38.55118110236221,2.5730038799264854,1,1,2024,2,0
4528.0,126,4896,23000.0,10.0,Corporate Event,5,0.0,0.0,200.0,400.0,1,2,0,0,1,0,4.696753114151521,35.653543307086615,38.55118110236221,2.5730038799264854,1,1,2023,6,0
14179.0,239,4101,15000.0,5.0,Wedding,3,0.0,0.0,300.0,500.0,2,1,5,0,1,0,3.6567528035104826,59.079166666666666,17.0875,5.826426133593369,10,4,2025,5,3
4522.0,298,962,12000.0,4.0,Birthday,4,0.0,0.0,100.0,200.0,0,2,18,0,0,2,12.461059190031152,15.123745819397993,3.217391304347826,30.944963655244027,4,2,2023,5,1
5354.0,239,4101,17000.0,14.0,Corporate Event,1,0.0,0.0,200.0,400.0,1,2,0,0,1,1,4.144319843978547,22.308333333333334,17.0875,5.826426133593369,10,4,2024,2,3
4920.0,249,22215,24000.0,8.0,Corporate Event,2,0.0,0.0,300.0,500.0,1,2,2,0,1,0,1.0803024846957148,19.68,88.86,1.120813827871804,3,1,2024,5,1
14385.0,203,1417,15000.0,0.0,Corporate Event,4,0.0,0.0,100.0,200.0,1,0,4,0,0,2,10.578279266572638,70.51470588235294,6.946078431372549,14.315937940761636,1,1,2024,3,0
10584.0,176,3661,19000.0,7.0,Wedding,5,0.0,0.0,300.0,500.0,2,0,5,0,1,2,5.188421627525942,59.79661016949152,20.683615819209038,4.8061168760240305,2,1,2025,1,0
268.0,176,3661,13000.0,2.0,Birthday,3,0.0,0.0,200.0,400.0,0,2,7,0,1,1,3.5499726925177497,1.5141242937853108,20.683615819209038,4.8061168760240305,11,4,2025,3,3
9087.0,176,3661,15000.0,16.0,Wedding,5,0.0,0.0,200.0,500.0,2,2,11,0,0,1,4.09612233752048,51.33898305084746,20.683615819209038,4.8061168760240305,4,2,2023,6,1
5685.0,42,3577,19000.0,20.0,Birthday,4,0.0,0.0,300.0,500.0,0,2,17,0,0,2,5.310229178311906,132.2093023255814,83.18604651162791,1.1738401341531581,3,1,2025,3,1
3149.0,42,3577,13000.0,1.0,Corporate Event,3,0.0,0.0,100.0,200.0,1,2,15,0,0,0,3.6333147009502516,73.23255813953489,83.18604651162791,1.1738401341531581,7,3,2025,6,2
2525.0,126,4896,22000.0,0.0,Wedding,3,0.0,0.0,200.0,400.0,2,1,13,0,1,1,4.492546457014499,19.881889763779526,38.55118110236221,2.5730038799264854,3,1,2023,0,1
9648.0,202,1983,12000.0,5.0,Birthday,5,0.0,0.0,300.0,500.0,0,1,5,0,1,0,6.048387096774194,47.52709359605911,9.768472906403941,10.181451612903226,8,3,2023,3,2
13788.0,42,3577,24000.0,14.0,Corporate Event,5,0.0,0.0,300.0,500.0,1,1,10,0,1,0,6.707657909446619,320.6511627906977,83.18604651162791,1.1738401341531581,5,2,2025,0,1
10363.0,203,1258,17000.0,4.0,Wedding,3,0.0,0.0,300.0,500.0,2,2,5,0,1,2,13.502779984114376,50.799019607843135,6.166666666666667,16.12390786338364,9,3,2024,4,3
11780.0,298,962,23000.0,14.0,Wedding,4,0.0,0.0,200.0,400.0,2,2,0,0,1,1,23.883696780893043,39.39799331103679,3.217391304347826,30.944963655244027,8,3,2025,2,2
11544.0,239,4101,25000.0,5.0,Birthday,5,0.0,0.0,300.0,500.0,0,1,16,0,1,1,6.094588005850804,48.1,17.0875,5.826426133593369,4,2,2023,5,1
10029.0,249,22215,13000.0,4.0,Corporate Event,1,0.0,0.0,300.0,500.0,1,2,5,0,1,1,0.5851638458768456,40.116,88.86,1.120813827871804,11,4,2022,6,3
9341.0,229,3480,12000.0,15.0,Wedding,2,0.0,0.0,200.0,400.0,2,1,1,0,1,2,3.4472852628555013,40.61304347826087,15.130434782608695,6.578569376615915,2,1,2025,0,0
8074.0,239,4101,22000.0,7.0,Corporate Event,3,0.0,0.0,300.0,500.0,1,0,5,0,1,0,5.363237445148708,33.641666666666666,17.0875,5.826426133593369,12,4,2025,1,0
330.0,203,1258,20000.0,0.0,Wedding,3,0.0,0.0,200.0,400.0,2,0,12,0,1,2,15.885623510722796,1.6176470588235294,6.166666666666667,16.12390786338364,5,2,2023,5,1
4319.0,203,1258,25000.0,7.0,Wedding,5,0.0,0.0,300.0,500.0,2,2,10,0,1,1,19.857029388403493,21.17156862745098,6.166666666666667,16.12390786338364,8,3,2025,5,2
2873.0,249,22215,17000.0,10.0,Corporate Event,1,0.0,0.0,200.0,400.0,1,2,6,0,1,2,0.765214259992798,11.492,88.86,1.120813827871804,4,2,2022,0,1
10279.0,252,1608,13000.0,4.0,Wedding,1,0.0,0.0,300.0,500.0,2,0,2,0,1,1,8.079552517091361,40.62845849802372,6.355731225296442,15.661901802361717,12,4,2023,4,0
14074.0,202,1983,12000.0,7.0,Wedding,4,0.0,0.0,300.0,500.0,2,2,10,0,1,1,6.048387096774194,69.33004926108374,9.768472906403941,10.181451612903226,8,3,2024,6,2
3888.0,126,4896,26000.0,2.0,Birthday,5,0.0,0.0,200.0,500.0,0,0,9,0,0,0,5.309373085562589,30.614173228346456,38.55118110236221,2.5730038799264854,7,3,2023,4,2
11757.0,42,3577,23000.0,2.0,Wedding,2,0.0,0.0,200.0,400.0,2,2,7,0,1,2,6.428172163219676,273.4186046511628,83.18604651162791,1.1738401341531581,3,1,2024,5,1
4735.0,203,1258,22000.0,7.0,Corporate Event,2,0.0,0.0,300.0,500.0,1,0,5,0,1,0,17.474185861795075,23.21078431372549,6.166666666666667,16.12390786338364,8,3,2022,6,2
11105.0,249,22215,25000.0,16.0,Birthday,1,0.0,0.0,200.0,400.0,0,2,13,0,1,1,1.125315088224703,44.42,88.86,1.120813827871804,10,4,2025,3,3
10074.0,203,1417,20000.0,10.0,Birthday,1,0.0,0.0,100.0,200.0,0,1,4,0,0,1,14.104372355430183,49.38235294117647,6.946078431372549,14.315937940761636,4,2,2025,6,1
8550.0,176,3661,23000.0,16.0,Birthday,3,0.0,0.0,200.0,400.0,0,2,8,0,1,2,6.280720917531403,48.30508474576271,20.683615819209038,4.8061168760240305,7,3,2025,1,2
13521.0,252,1608,15000.0,8.0,Corporate Event,5,0.0,0.0,100.0,200.0,1,2,18,0,0,0,9.322560596643878,53.44268774703557,6.355731225296442,15.661901802361717,10,4,2024,1,3
3571.0,229,3480,23000.0,12.0,Corporate Event,1,0.0,0.0,200.0,500.0,1,1,9,0,0,1,6.607296753806377,15.52608695652174,15.130434782608695,6.578569376615915,3,1,2023,4,1
10256.0,42,3577,22000.0,14.0,Corporate Event,4,0.0,0.0,300.0,500.0,1,1,10,0,1,2,6.148686416992733,238.51162790697674,83.18604651162791,1.1738401341531581,3,1,2025,0,1
5743.0,239,4101,20000.0,0.0,Corporate Event,1,0.0,0.0,100.0,200.0,1,2,3,0,0,0,4.875670404680643,23.929166666666667,17.0875,5.826426133593369,2,1,2024,4,0
55780.0,249,22215,25000.0,0.0,Corporate Event,5,0.0,0.0,200.0,400.0,1,0,6,0,1,0,1.125315088224703,223.12,88.86,1.120813827871804,1,1,2025,4,0
10405.0,155,66,15000.0,0.0,Corporate Event,3,0.0,0.0,200.0,400.0,1,0,7,0,1,1,223.88059701492537,66.69871794871794,0.4230769230769231,231.34328358208953,10,4,2025,2,3
1513.0,176,3661,22000.0,0.0,Wedding,5,0.0,0.0,100.0,200.0,2,0,4,0,0,0,6.007646095030038,8.548022598870057,20.683615819209038,4.8061168760240305,3,1,2025,3,1
10006.0,176,3661,19000.0,9.0,Corporate Event,5,0.0,0.0,300.0,500.0,1,2,5,0,1,1,5.188421627525942,56.53107344632768,20.683615819209038,4.8061168760240305,1,1,2023,3,0
3161.0,239,4101,13000.0,0.0,Wedding,3,0.0,0.0,200.0,400.0,2,0,6,0,1,2,3.1691857630424183,13.170833333333333,17.0875,5.826426133593369,11,4,2024,2,3
5088.0,298,962,26000.0,7.0,Corporate Event,5,0.0,0.0,100.0,200.0,1,1,18,0,0,0,26.99896157840083,17.016722408026755,3.217391304347826,30.944963655244027,10,4,2023,2,3
4084.0,42,3577,12000.0,9.0,Corporate Event,2,0.0,0.0,300.0,500.0,1,2,5,0,1,2,3.3538289547233093,94.97674418604652,83.18604651162791,1.1738401341531581,3,1,2024,4,1
4691.0,176,3661,22000.0,1.0,Wedding,1,0.0,0.0,100.0,200.0,2,2,15,0,0,1,6.007646095030038,26.502824858757062,20.683615819209038,4.8061168760240305,2,1,2023,5,0
12651.0,252,1608,12000.0,7.0,Birthday,5,0.0,0.0,100.0,200.0,0,1,18,0,0,1,7.458048477315103,50.00395256916996,6.355731225296442,15.661901802361717,2,1,2024,2,0
935.0,176,3661,26000.0,0.0,Corporate Event,2,0.0,0.0,300.0,500.0,1,0,14,0,1,0,7.099945385035499,5.2824858757062145,20.683615819209038,4.8061168760240305,3,1,2024,1,1
7287.0,202,1983,21000.0,0.0,Birthday,4,0.0,0.0,300.0,500.0,0,0,17,0,0,0,10.584677419354838,35.89655172413793,9.768472906403941,10.181451612903226,3,1,2024,5,1
13069.0,155,66,26000.0,10.0,Birthday,1,0.0,0.0,100.0,200.0,0,1,4,0,0,2,388.05970149253733,83.77564102564102,0.4230769230769231,231.34328358208953,1,1,2023,6,0
12220.0,229,3480,23000.0,3.0,Corporate Event,4,0.0,0.0,200.0,500.0,1,1,11,0,0,1,6.607296753806377,53.130434782608695,15.130434782608695,6.578569376615915,6,2,2025,3,2
2497.0,203,1258,25000.0,0.0,Corporate Event,2,0.0,0.0,200.0,400.0,1,0,12,0,1,2,19.857029388403493,12.240196078431373,6.166666666666667,16.12390786338364,1,1,2024,4,0
11489.0,42,3577,13000.0,2.0,Birthday,3,0.0,0.0,200.0,400.0,0,2,7,0,1,2,3.6333147009502516,267.1860465116279,83.18604651162791,1.1738401341531581,3,1,2025,6,1
13333.0,229,3480,25000.0,2.0,Corporate Event,3,0.0,0.0,100.0,200.0,1,2,4,0,0,0,7.181844297615628,57.969565217391306,15.130434782608695,6.578569376615915,6,2,2024,2,2
2421.0,298,962,20000.0,3.0,Corporate Event,4,0.0,0.0,200.0,400.0,1,2,12,0,1,2,20.768431983385256,8.096989966555183,3.217391304347826,30.944963655244027,2,1,2025,2,0
11657.0,252,1608,12000.0,10.0,Birthday,5,0.0,0.0,100.0,200.0,0,1,4,0,0,1,7.458048477315103,46.07509881422925,6.355731225296442,15.661901802361717,8,3,2023,3,2
6939.0,42,3577,22000.0,3.0,Corporate Event,1,0.0,0.0,200.0,500.0,1,1,11,0,0,1,6.148686416992733,161.37209302325581,83.18604651162791,1.1738401341531581,7,3,2024,2,2
1748.0,155,66,15000.0,10.0,Birthday,5,0.0,0.0,100.0,200.0,0,1,4,0,0,0,223.88059701492537,11.205128205128204,0.4230769230769231,231.34328358208953,8,3,2022,6,2
4818.0,298,962,24000.0,20.0,Corporate Event,3,0.0,0.0,200.0,400.0,1,2,8,0,1,0,24.922118380062305,16.11371237458194,3.217391304347826,30.944963655244027,6,2,2025,4,2
10496.0,249,22215,22000.0,16.0,Birthday,4,0.0,0.0,200.0,500.0,0,2,9,0,0,0,0.9902772776377385,41.984,88.86,1.120813827871804,4,2,2022,6,1
5717.0,252,1608,25000.0,0.0,Birthday,1,0.0,0.0,100.0,200.0,0,2,3,0,0,0,15.537600994406464,22.59683794466403,6.355731225296442,15.661901802361717,7,3,2025,6,2
8252.0,229,3480,25000.0,20.0,Corporate Event,3,0.0,0.0,200.0,400.0,1,2,8,0,1,0,7.181844297615628,35.87826086956522,15.130434782608695,6.578569376615915,8,3,2024,2,2
8360.0,202,1983,17000.0,0.0,Corporate Event,5,0.0,0.0,200.0,400.0,1,0,0,0,1,1,8.568548387096774,41.18226600985221,9.768472906403941,10.181451612903226,5,2,2025,5,1
4621.0,298,962,25000.0,0.0,Wedding,2,0.0,0.0,300.0,500.0,2,0,17,0,0,1,25.96053997923157,15.454849498327759,3.217391304347826,30.944963655244027,10,4,2022,5,3
4982.0,252,1608,17000.0,10.0,Wedding,2,0.0,0.0,100.0,200.0,2,1,4,0,0,1,10.565568676196396,19.691699604743082,6.355731225296442,15.661901802361717,10,4,2022,5,3
10124.0,203,1258,22000.0,4.0,Wedding,5,0.0,0.0,300.0,500.0,2,1,17,0,0,2,17.474185861795075,49.627450980392155,6.166666666666667,16.12390786338364,1,1,2023,5,0
9523.0,298,962,26000.0,9.0,Wedding,4,0.0,0.0,300.0,500.0,2,1,14,0,1,0,26.99896157840083,31.849498327759196,3.217391304347826,30.944963655244027,10,4,2022,1,3
13877.0,203,1417,12000.0,11.0,Birthday,5,0.0,0.0,200.0,400.0,0,1,0,0,1,2,8.46262341325811,68.02450980392157,6.946078431372549,14.315937940761636,1,1,2025,3,0
6694.0,202,1983,20000.0,0.0,Birthday,5,0.0,0.0,200.0,400.0,0,0,6,0,1,0,10.080645161290322,32.97536945812808,9.768472906403941,10.181451612903226,8,3,2024,5,2
9521.0,239,4101,22000.0,2.0,Wedding,5,0.0,0.0,200.0,400.0,2,2,7,0,1,0,5.363237445148708,39.670833333333334,17.0875,5.826426133593369,11,4,2023,2,3
8739.0,252,1608,22000.0,14.0,Birthday,1,0.0,0.0,200.0,400.0,0,2,0,0,1,0,13.673088875077688,34.541501976284586,6.355731225296442,15.661901802361717,2,1,2023,0,0
1827.0,203,1258,23000.0,8.0,Corporate Event,5,0.0,0.0,100.0,200.0,1,2,18,0,0,2,18.268467037331217,8.955882352941176,6.166666666666667,16.12390786338364,5,2,2024,4,1
13466.0,176,3661,15000.0,8.0,Wedding,5,0.0,0.0,300.0,500.0,2,2,2,0,1,1,4.09612233752048,76.07909604519774,20.683615819209038,4.8061168760240305,2,1,2022,5,0
14357.0,239,4101,12000.0,3.0,Wedding,2,0.0,0.0,100.0,200.0,2,0,18,0,0,0,2.9254022428083863,59.82083333333333,17.0875,5.826426133593369,2,1,2023,3,0
10727.0,126,4896,13000.0,2.0,Wedding,1,0.0,0.0,200.0,500.0,2,0,9,0,0,1,2.6546865427812945,84.46456692913385,38.55118110236221,2.5730038799264854,7,3,2025,5,2
2116.0,176,3661,17000.0,8.0,Wedding,1,0.0,0.0,300.0,500.0,2,2,2,0,1,0,4.642271982523211,11.954802259887005,20.683615819209038,4.8061168760240305,12,4,2022,2,0
8059.0,202,1983,24000.0,16.0,Wedding,3,0.0,0.0,200.0,400.0,2,2,8,0,1,1,12.096774193548388,39.69950738916256,9.768472906403941,10.181451612903226,12,4,2022,5,0
5010.0,203,1417,22000.0,3.0,Corporate Event,4,0.0,0.0,200.0,500.0,1,1,11,0,0,0,15.514809590973202,24.558823529411764,6.946078431372549,14.315937940761636,10,4,2022,5,3
6787.0,126,4896,22000.0,0.0,Wedding,2,0.0,0.0,200.0,400.0,2,0,12,0,1,1,4.492546457014499,53.44094488188976,38.55118110236221,2.5730038799264854,2,1,2025,2,0
2306.0,249,22215,22000.0,0.0,Birthday,4,0.0,0.0,200.0,400.0,0,0,7,0,1,2,0.9902772776377385,9.224,88.86,1.120813827871804,8,3,2023,5,2
433.0,42,3577,21000.0,2.0,Birthday,4,0.0,0.0,200.0,400.0,0,2,7,0,1,0,5.869200670765791,10.069767441860465,83.18604651162791,1.1738401341531581,3,1,2022,4,1
2903.0,252,1608,19000.0,4.0,Birthday,4,0.0,0.0,200.0,400.0,0,2,1,0,1,1,11.808576755748913,11.474308300395258,6.355731225296442,15.661901802361717,9,3,2025,1,3
8230.0,203,1258,21000.0,0.0,Corporate Event,2,0.0,0.0,200.0,400.0,1,2,6,0,1,1,16.679904686258936,40.34313725490196,6.166666666666667,16.12390786338364,11,4,2022,2,3
8790.0,176,3661,19000.0,0.0,Birthday,5,0.0,0.0,200.0,400.0,0,2,6,0,1,1,5.188421627525942,49.66101694915254,20.683615819209038,4.8061168760240305,9,3,2022,1,3
8459.0,203,1417,21000.0,0.0,Wedding,5,0.0,0.0,200.0,500.0,2,2,11,0,0,1,14.809590973201692,41.46568627450981,6.946078431372549,14.315937940761636,9,3,2023,2,3
13901.0,42,3577,26000.0,4.0,Wedding,1,0.0,0.0,300.0,500.0,2,0,2,0,1,2,7.266629401900503,323.27906976744185,83.18604651162791,1.1738401341531581,8,3,2023,2,2
12604.0,202,1983,20000.0,15.0,Wedding,1,0.0,0.0,200.0,400.0,2,1,1,0,1,1,10.080645161290322,62.08866995073892,9.768472906403941,10.181451612903226,11,4,2022,0,3
7459.0,155,66,26000.0,14.0,Birthday,3,0.0,0.0,200.0,400.0,0,2,0,0,1,1,388.05970149253733,47.81410256410256,0.4230769230769231,231.34328358208953,2,1,2024,5,0
5192.0,298,962,23000.0,10.0,Wedding,1,0.0,0.0,100.0,200.0,2,2,3,0,0,0,23.883696780893043,17.36454849498328,3.217391304347826,30.944963655244027,9,3,2023,5,3
14106.0,252,1608,17000.0,2.0,Birthday,1,0.0,0.0,200.0,400.0,0,0,1,0,1,2,10.565568676196396,55.75494071146245,6.355731225296442,15.661901802361717,1,1,2024,6,0
12315.0,298,962,22000.0,7.0,Birthday,1,0.0,0.0,100.0,200.0,0,2,4,0,0,0,22.84527518172378,41.187290969899664,3.217391304347826,30.944963655244027,9,3,2025,3,3
8033.0,249,22215,12000.0,13.0,Corporate Event,4,0.0,0.0,200.0,400.0,1,1,8,0,1,1,0.5401512423478574,32.132,88.86,1.120813827871804,9,3,2024,0,3
1451.0,252,1608,25000.0,8.0,Birthday,3,0.0,0.0,300.0,500.0,0,2,2,0,1,0,15.537600994406464,5.735177865612648,6.355731225296442,15.661901802361717,4,2,2023,5,1
3300.0,239,4101,17000.0,2.0,Wedding,4,0.0,0.0,200.0,400.0,2,2,13,0,1,0,4.144319843978547,13.75,17.0875,5.826426133593369,7,3,2025,5,2
9694.0,252,1608,22000.0,2.0,Wedding,2,0.0,0.0,200.0,400.0,2,0,1,0,1,1,13.673088875077688,38.316205533596836,6.355731225296442,15.661901802361717,4,2,2024,6,1
6871.0,155,66,26000.0,2.0,Corporate Event,3,0.0,0.0,300.0,500.0,1,2,2,0,1,0,388.05970149253733,44.044871794871796,0.4230769230769231,231.34328358208953,4,2,2025,2,1
14847.0,155,66,13000.0,7.0,Wedding,2,0.0,0.0,300.0,500.0,2,2,10,0,1,1,194.02985074626866,95.17307692307692,0.4230769230769231,231.34328358208953,9,3,2025,0,3
124490.0,252,1608,22000.0,5.0,Birthday,1,0.0,0.0,300.0,500.0,0,1,16,0,1,2,13.673088875077688,492.05533596837944,6.355731225296442,15.661901802361717,3,1,2023,3,1
837.0,176,3661,25000.0,4.0,Wedding,2,0.0,0.0,300.0,500.0,2,2,5,0,1,1,6.826870562534134,4.728813559322034,20.683615819209038,4.8061168760240305,7,3,2024,6,2
5786.0,203,1417,24000.0,0.0,Wedding,3,0.0,0.0,300.0,500.0,2,0,16,0,1,1,16.92524682651622,28.362745098039216,6.946078431372549,14.315937940761636,12,4,2024,0,0
384.0,126,4896,22000.0,2.0,Corporate Event,5,0.0,0.0,200.0,500.0,1,0,9,0,0,2,4.492546457014499,3.0236220472440944,38.55118110236221,2.5730038799264854,5,2,2024,4,1
9913.0,249,22215,23000.0,7.0,Wedding,2,0.0,0.0,300.0,500.0,2,0,5,0,1,2,1.0352898811667266,39.652,88.86,1.120813827871804,8,3,2023,2,2
687.0,155,66,22000.0,2.0,Wedding,3,0.0,0.0,300.0,500.0,2,2,2,0,1,1,328.35820895522386,4.403846153846154,0.4230769230769231,231.34328358208953,8,3,2025,0,2
12463.0,239,4101,26000.0,2.0,Corporate Event,2,0.0,0.0,200.0,400.0,1,2,7,0,1,1,6.338371526084837,51.92916666666667,17.0875,5.826426133593369,5,2,2023,5,1
14216.0,203,1258,26000.0,10.0,Wedding,5,0.0,0.0,300.0,500.0,2,0,10,0,1,1,20.651310563939635,69.68627450980392,6.166666666666667,16.12390786338364,3,1,2022,2,1
8904.0,42,3577,22000.0,3.0,Wedding,3,0.0,0.0,100.0,200.0,2,0,18,0,0,0,6.148686416992733,207.06976744186048,83.18604651162791,1.1738401341531581,11,4,2023,0,3
379.0,155,66,25000.0,3.0,Wedding,2,0.0,0.0,200.0,500.0,2,1,11,0,0,1,373.13432835820896,2.4294871794871793,0.4230769230769231,231.34328358208953,10,4,2025,3,3
10772.0,176,3661,26000.0,0.0,Corporate Event,4,0.0,0.0,200.0,400.0,1,0,0,0,1,0,7.099945385035499,60.85875706214689,20.683615819209038,4.8061168760240305,9,3,2024,2,3
5217.0,252,1608,25000.0,16.0,Wedding,3,0.0,0.0,200.0,500.0,2,2,9,0,0,1,15.537600994406464,20.620553359683793,6.355731225296442,15.661901802361717,8,3,2024,4,2
9784.0,252,1608,15000.0,16.0,Birthday,5,0.0,0.0,300.0,500.0,0,2,14,0,1,2,9.322560596643878,38.67193675889328,6.355731225296442,15.661901802361717,4,2,2023,0,1
9686.0,202,1983,12000.0,8.0,Birthday,2,0.0,0.0,100.0,200.0,0,2,18,0,0,0,6.048387096774194,47.714285714285715,9.768472906403941,10.181451612903226,11,4,2023,3,3
1878.0,155,66,20000.0,2.0,Wedding,4,0.0,0.0,200.0,400.0,2,2,7,0,1,2,298.5074626865672,12.038461538461538,0.4230769230769231,231.34328358208953,11,4,2022,5,3
7979.0,155,66,12000.0,3.0,Birthday,2,0.0,0.0,200.0,400.0,0,1,12,0,1,2,179.1044776119403,51.1474358974359,0.4230769230769231,231.34328358208953,9,3,2025,3,3
3153.0,252,1608,12000.0,10.0,Wedding,3,0.0,0.0,200.0,400.0,2,2,0,0,1,2,7.458048477315103,12.462450592885375,6.355731225296442,15.661901802361717,7,3,2024,1,2
7400.0,252,1608,12000.0,0.0,Wedding,5,0.0,0.0,200.0,400.0,2,0,0,0,1,0,7.458048477315103,29.24901185770751,6.355731225296442,15.661901802361717,9,3,2025,5,3
2486.0,239,4101,22000.0,2.0,Wedding,4,0.0,0.0,100.0,200.0,2,2,4,0,0,1,5.363237445148708,10.358333333333333,17.0875,5.826426133593369,4,2,2022,4,1
3107.0,203,1258,25000.0,14.0,Wedding,5,0.0,0.0,300.0,500.0,2,1,10,0,1,1,19.857029388403493,15.230392156862745,6.166666666666667,16.12390786338364,2,1,2025,3,0
2954.0,239,4101,25000.0,3.0,Birthday,3,0.0,0.0,200.0,500.0,0,1,11,0,0,2,6.094588005850804,12.308333333333334,17.0875,5.826426133593369,8,3,2023,6,2
3244.0,252,1608,26000.0,10.0,Wedding,1,0.0,0.0,200.0,400.0,2,2,6,0,1,1,16.159105034182723,12.82213438735178,6.355731225296442,15.661901802361717,2,1,2024,3,0
3960.0,229,3480,26000.0,2.0,Wedding,5,0.0,0.0,200.0,400.0,2,0,1,0,1,0,7.469118069520253,17.217391304347824,15.130434782608695,6.578569376615915,3,1,2024,4,1
14966.0,203,1417,19000.0,10.0,Wedding,2,0.0,0.0,100.0,200.0,2,1,4,0,0,2,13.399153737658674,73.36274509803921,6.946078431372549,14.315937940761636,11,4,2022,2,3
6334.0,239,4101,12000.0,0.0,Birthday,4,0.0,0.0,300.0,500.0,0,2,16,0,1,0,2.9254022428083863,26.391666666666666,17.0875,5.826426133593369,4,2,2025,4,1
14558.0,203,1417,15000.0,0.0,Birthday,5,0.0,0.0,200.0,400.0,0,2,6,0,1,1,10.578279266572638,71.36274509803921,6.946078431372549,14.315937940761636,11,4,2024,3,3
14867.0,249,22215,25000.0,2.0,Wedding,3,0.0,0.0,200.0,400.0,2,2,7,0,1,1,1.125315088224703,59.468,88.86,1.120813827871804,12,4,2023,5,0
4924.0,252,1608,22000.0,0.0,Wedding,1,0.0,0.0,200.0,400.0,2,0,7,0,1,1,13.673088875077688,19.462450592885375,6.355731225296442,15.661901802361717,8,3,2024,4,2
14422.0,176,3661,13000.0,3.0,Corporate Event,4,0.0,0.0,100.0,200.0,1,0,18,0,0,2,3.5499726925177497,81.48022598870057,20.683615819209038,4.8061168760240305,11,4,2022,6,3
11572.0,249,22215,26000.0,5.0,Corporate Event,1,0.0,0.0,300.0,500.0,1,2,14,0,1,1,1.1703276917536911,46.288,88.86,1.120813827871804,4,2,2022,0,1
96320.0,155,66,26000.0,7.0,Wedding,2,0.0,0.0,300.0,500.0,2,2,10,0,1,1,388.05970149253733,617.4358974358975,0.4230769230769231,231.34328358208953,4,2,2022,5,1
12292.0,203,1417,24000.0,10.0,Wedding,3,0.0,0.0,100.0,200.0,2,1,4,0,0,1,16.92524682651622,60.254901960784316,6.946078431372549,14.315937940761636,7,3,2022,6,2
5722.0,239,4101,21000.0,0.0,Corporate Event,1,0.0,0.0,200.0,400.0,1,2,6,0,1,2,5.1194539249146755,23.841666666666665,17.0875,5.826426133593369,4,2,2022,5,1
13580.0,249,22215,20000.0,0.0,Wedding,2,0.0,0.0,200.0,400.0,2,0,12,0,1,1,0.9002520705797623,54.32,88.86,1.120813827871804,8,3,2022,0,2
11198.0,126,4896,17000.0,2.0,Birthday,5,0.0,0.0,100.0,200.0,0,2,4,0,0,0,3.471513171329385,88.1732283464567,38.55118110236221,2.5730038799264854,8,3,2024,6,2
11254.0,229,3480,17000.0,5.0,Wedding,1,0.0,0.0,300.0,500.0,2,1,5,0,1,1,4.883654122378627,48.93043478260869,15.130434782608695,6.578569376615915,7,3,2024,3,2
2883.0,203,1258,25000.0,0.0,Wedding,5,0.0,0.0,100.0,200.0,2,0,4,0,0,0,19.857029388403493,14.132352941176471,6.166666666666667,16.12390786338364,2,1,2022,6,0
1751.0,42,3577,13000.0,2.0,Birthday,5,0.0,0.0,200.0,400.0,0,2,12,0,1,2,3.6333147009502516,40.72093023255814,83.18604651162791,1.1738401341531581,9,3,2025,0,3
7592.0,249,22215,22000.0,10.0,Wedding,4,0.0,0.0,200.0,400.0,2,2,6,0,1,1,0.9902772776377385,30.368,88.86,1.120813827871804,11,4,2024,6,3
12994.0,252,1608,25000.0,0.0,Birthday,2,0.0,0.0,300.0,500.0,0,2,16,0,1,1,15.537600994406464,51.359683794466406,6.355731225296442,15.661901802361717,10,4,2023,2,3
6066.0,252,1608,22000.0,5.0,Corporate Event,2,0.0,0.0,300.0,500.0,1,2,14,0,1,2,13.673088875077688,23.976284584980238,6.355731225296442,15.661901802361717,1,1,2022,6,0
5126.0,42,3577,23000.0,0.0,Wedding,4,0.0,0.0,100.0,200.0,2,1,15,0,0,2,6.428172163219676,119.20930232558139,83.18604651162791,1.1738401341531581,3,1,2023,2,1
204.0,239,4101,15000.0,0.0,Birthday,1,0.0,0.0,200.0,400.0,0,0,7,0,1,1,3.6567528035104826,0.85,17.0875,5.826426133593369,1,1,2025,6,0
14821.0,176,3661,21000.0,7.0,Corporate Event,2,0.0,0.0,100.0,200.0,1,1,18,0,0,2,5.734571272528673,83.73446327683615,20.683615819209038,4.8061168760240305,8,3,2025,4,2
9658.0,239,4101,15000.0,3.0,Wedding,5,0.0,0.0,200.0,500.0,2,2,9,0,0,0,3.6567528035104826,40.24166666666667,17.0875,5.826426133593369,2,1,2022,0,0
11491.0,42,3577,13000.0,9.0,Wedding,3,0.0,0.0,300.0,500.0,2,2,5,0,1,2,3.6333147009502516,267.2325581395349,83.18604651162791,1.1738401341531581,8,3,2022,1,2
623.0,249,22215,20000.0,0.0,Birthday,4,0.0,0.0,300.0,500.0,0,0,17,0,0,0,0.9002520705797623,2.492,88.86,1.120813827871804,8,3,2024,6,2
5045.0,252,1608,20000.0,20.0,Corporate Event,3,0.0,0.0,300.0,500.0,1,2,17,0,0,0,12.430080795525171,19.940711462450594,6.355731225296442,15.661901802361717,4,2,2022,0,1
7637.0,202,1983,20000.0,14.0,Birthday,2,0.0,0.0,300.0,500.0,0,1,10,0,1,1,10.080645161290322,37.62068965517241,9.768472906403941,10.181451612903226,4,2,2025,1,1
1054.0,202,1983,19000.0,7.0,Wedding,1,0.0,0.0,300.0,500.0,2,0,5,0,1,0,9.576612903225806,5.192118226600985,9.768472906403941,10.181451612903226,11,4,2022,1,3
8828.0,176,3661,21000.0,5.0,Corporate Event,1,0.0,0.0,300.0,500.0,1,1,5,0,1,2,5.734571272528673,49.87570621468927,20.683615819209038,4.8061168760240305,9,3,2024,0,3
126710.0,252,1608,22000.0,5.0,Birthday,4,0.0,0.0,100.0,200.0,0,1,3,0,0,1,13.673088875077688,500.8300395256917,6.355731225296442,15.661901802361717,11,4,2022,2,3
3569.0,239,4101,20000.0,5.0,Corporate Event,3,0.0,0.0,300.0,500.0,1,1,16,0,1,2,4.875670404680643,14.870833333333334,17.0875,5.826426133593369,8,3,2025,3,2
10965.0,229,3480,21000.0,3.0,Wedding,2,0.0,0.0,200.0,400.0,2,2,12,0,1,2,6.032749209997127,47.67391304347826,15.130434782608695,6.578569376615915,8,3,2025,1,2
4773.0,155,66,19000.0,0.0,Wedding,2,0.0,0.0,100.0,200.0,2,0,4,0,0,0,283.5820895522388,30.596153846153847,0.4230769230769231,231.34328358208953,6,2,2025,4,2
14126.0,126,4896,21000.0,3.0,Wedding,5,0.0,0.0,100.0,200.0,2,0,18,0,0,0,4.288339799877476,111.22834645669292,38.55118110236221,2.5730038799264854,8,3,2023,6,2
5856.0,252,1608,12000.0,0.0,Wedding,2,0.0,0.0,200.0,400.0,2,0,12,0,1,2,7.458048477315103,23.14624505928854,6.355731225296442,15.661901802361717,8,3,2022,4,2
5795.0,176,3661,20000.0,14.0,Corporate Event,3,0.0,0.0,200.0,400.0,1,2,0,0,1,0,5.461496450027307,32.740112994350284,20.683615819209038,4.8061168760240305,9,3,2023,1,3
14938.0,249,22215,26000.0,10.0,Wedding,3,0.0,0.0,200.0,400.0,2,2,6,0,1,0,1.1703276917536911,59.752,88.86,1.120813827871804,3,1,2023,5,1
11644.0,202,1983,17000.0,0.0,Corporate Event,3,0.0,0.0,200.0,400.0,1,0,12,0,1,1,8.568548387096774,57.35960591133005,9.768472906403941,10.181451612903226,4,2,2023,6,1
4931.0,249,22215,12000.0,7.0,Birthday,1,0.0,0.0,100.0,200.0,0,2,4,0,0,1,0.5401512423478574,19.724,88.86,1.120813827871804,3,1,2023,1,1
11693.0,239,4101,22000.0,2.0,Wedding,4,0.0,0.0,300.0,500.0,2,2,2,0,1,1,5.363237445148708,48.72083333333333,17.0875,5.826426133593369,6,2,2024,1,2
10873.0,203,1417,21000.0,3.0,Birthday,3,0.0,0.0,100.0,200.0,0,0,18,0,0,1,14.809590973201692,53.299019607843135,6.946078431372549,14.315937940761636,5,2,2024,0,1
8840.0,176,3661,25000.0,16.0,Corporate Event,3,0.0,0.0,200.0,500.0,1,2,9,0,0,1,6.826870562534134,49.943502824858754,20.683615819209038,4.8061168760240305,4,2,2023,1,1
2220.0,239,4101,13000.0,14.0,Birthday,2,0.0,0.0,200.0,400.0,0,2,0,0,1,0,3.1691857630424183,9.25,17.0875,5.826426133593369,10,4,2023,0,3
13285.0,229,3480,13000.0,0.0,Corporate Event,1,0.0,0.0,200.0,400.0,1,0,0,0,1,1,3.7345590347601263,57.76086956521739,15.130434782608695,6.578569376615915,3,1,2024,5,1
4360.0,202,1983,19000.0,2.0,Wedding,4,0.0,0.0,100.0,200.0,2,2,4,0,0,2,9.576612903225806,21.47783251231527,9.768472906403941,10.181451612903226,3,1,2024,2,1
12165.0,176,3661,13000.0,0.0,Birthday,5,0.0,0.0,100.0,200.0,0,0,3,0,0,1,3.5499726925177497,68.72881355932203,20.683615819209038,4.8061168760240305,11,4,2024,6,3
4172.0,155,66,23000.0,7.0,Birthday,3,0.0,0.0,100.0,200.0,0,2,4,0,0,0,343.2835820895522,26.743589743589745,0.4230769230769231,231.34328358208953,9,3,2024,4,3
575.0,155,66,19000.0,3.0,Birthday,3,0.0,0.0,100.0,200.0,0,0,18,0,0,1,283.5820895522388,3.6858974358974357,0.4230769230769231,231.34328358208953,10,4,2025,0,3
11486.0,229,3480,24000.0,0.0,Birthday,1,0.0,0.0,200.0,400.0,0,1,13,0,1,2,6.894570525711003,49.93913043478261,15.130434782608695,6.578569376615915,7,3,2025,5,2
13914.0,252,1608,15000.0,2.0,Corporate Event,2,0.0,0.0,300.0,500.0,1,2,10,0,1,1,9.322560596643878,54.99604743083004,6.355731225296442,15.661901802361717,5,2,2023,0,1
9126.0,252,1608,12000.0,0.0,Corporate Event,4,0.0,0.0,200.0,400.0,1,0,6,0,1,0,7.458048477315103,36.07114624505929,6.355731225296442,15.661901802361717,9,3,2024,6,3
13415.0,252,1608,12000.0,3.0,Birthday,3,0.0,0.0,200.0,400.0,0,1,12,0,1,2,7.458048477315103,53.023715415019765,6.355731225296442,15.661901802361717,9,3,2022,3,3
4309.0,252,1608,19000.0,5.0,Birthday,4,0.0,0.0,300.0,500.0,0,1,5,0,1,1,11.808576755748913,17.031620553359684,6.355731225296442,15.661901802361717,8,3,2025,6,2
23450.0,42,3577,12000.0,0.0,Wedding,1,0.0,0.0,200.0,400.0,2,0,0,0,1,0,3.3538289547233093,545.3488372093024,83.18604651162791,1.1738401341531581,6,2,2025,2,2
8343.0,42,3577,26000.0,0.0,Birthday,1,0.0,0.0,200.0,400.0,0,0,6,0,1,1,7.266629401900503,194.02325581395348,83.18604651162791,1.1738401341531581,10,4,2025,3,3
6330.0,202,1983,15000.0,7.0,Birthday,1,0.0,0.0,300.0,500.0,0,2,10,0,1,1,7.560483870967742,31.182266009852217,9.768472906403941,10.181451612903226,1,1,2023,0,0
6091.0,203,1258,24000.0,16.0,Wedding,5,0.0,0.0,200.0,400.0,2,2,8,0,1,2,19.062748212867355,29.857843137254903,6.166666666666667,16.12390786338364,12,4,2023,6,0
3174.0,252,1608,22000.0,4.0,Corporate Event,5,0.0,0.0,300.0,500.0,1,0,2,0,1,0,13.673088875077688,12.545454545454545,6.355731225296442,15.661901802361717,9,3,2024,3,3
5972.0,252,1608,12000.0,0.0,Wedding,2,0.0,0.0,300.0,500.0,2,0,14,0,1,0,7.458048477315103,23.604743083003953,6.355731225296442,15.661901802361717,9,3,2023,2,3
13976.0,203,1417,22000.0,0.0,Corporate Event,4,0.0,0.0,200.0,400.0,1,0,12,0,1,2,15.514809590973202,68.50980392156863,6.946078431372549,14.315937940761636,12,4,2023,0,0
130500.0,249,22215,20000.0,8.0,Birthday,5,0.0,0.0,300.0,500.0,0,2,2,0,1,0,0.9002520705797623,522.0,88.86,1.120813827871804,5,2,2024,1,1
2278.0,203,1258,20000.0,10.0,Birthday,2,0.0,0.0,200.0,400.0,0,2,0,0,1,2,15.885623510722796,11.166666666666666,6.166666666666667,16.12390786338364,10,4,2023,6,3
8811.0,126,4896,24000.0,2.0,Birthday,5,0.0,0.0,100.0,200.0,0,2,4,0,0,2,4.900959771288544,69.37795275590551,38.55118110236221,2.5730038799264854,10,4,2025,4,3
11285.0,298,962,19000.0,10.0,Wedding,5,0.0,0.0,200.0,400.0,2,2,0,0,1,0,19.73001038421599,37.74247491638796,3.217391304347826,30.944963655244027,6,2,2025,3,2
9736.0,42,3577,25000.0,2.0,Corporate Event,3,0.0,0.0,300.0,500.0,1,2,2,0,1,1,6.98714365567356,226.41860465116278,83.18604651162791,1.1738401341531581,8,3,2025,0,2
9770.0,252,1608,26000.0,16.0,Birthday,4,0.0,0.0,200.0,500.0,0,2,9,0,0,1,16.159105034182723,38.616600790513836,6.355731225296442,15.661901802361717,8,3,2023,3,2
11292.0,229,3480,22000.0,7.0,Corporate Event,5,0.0,0.0,300.0,500.0,1,2,10,0,1,2,6.320022981901753,49.095652173913045,15.130434782608695,6.578569376615915,11,4,2022,4,3
8479.0,42,3577,17000.0,8.0,Wedding,1,0.0,0.0,300.0,500.0,2,2,2,0,1,1,4.751257685858021,197.1860465116279,83.18604651162791,1.1738401341531581,3,1,2025,5,1
5797.0,203,1258,13000.0,7.0,Wedding,1,0.0,0.0,100.0,200.0,2,1,18,0,0,0,10.325655281969818,28.416666666666668,6.166666666666667,16.12390786338364,11,4,2022,1,3
14921.0,202,1983,12000.0,0.0,Wedding,2,0.0,0.0,300.0,500.0,2,2,16,0,1,1,6.048387096774194,73.50246305418719,9.768472906403941,10.181451612903226,6,2,2024,2,2
8809.0,298,962,15000.0,0.0,Birthday,3,0.0,0.0,200.0,400.0,0,2,6,0,1,0,15.576323987538942,29.46153846153846,3.217391304347826,30.944963655244027,12,4,2023,1,0
11360.0,203,1258,19000.0,0.0,Wedding,3,0.0,0.0,300.0,500.0,2,2,16,0,1,2,15.091342335186656,55.68627450980392,6.166666666666667,16.12390786338364,4,2,2025,1,1
13012.0,202,1983,23000.0,14.0,Wedding,2,0.0,0.0,300.0,500.0,2,1,10,0,1,2,11.59274193548387,64.09852216748769,9.768472906403941,10.181451612903226,4,2,2022,1,1
2706.0,239,4101,22000.0,2.0,Corporate Event,5,0.0,0.0,200.0,400.0,1,2,7,0,1,0,5.363237445148708,11.275,17.0875,5.826426133593369,3,1,2023,6,1
1090.0,202,1983,26000.0,2.0,Corporate Event,1,0.0,0.0,300.0,500.0,1,2,2,0,1,2,13.10483870967742,5.369458128078818,9.768472906403941,10.181451612903226,6,2,2025,0,2
13995.0,229,3480,25000.0,0.0,Corporate Event,1,0.0,0.0,200.0,400.0,1,0,12,0,1,1,7.181844297615628,60.84782608695652,15.130434782608695,6.578569376615915,1,1,2024,1,0
4360.0,229,3480,24000.0,0.0,Birthday,2,0.0,0.0,300.0,500.0,0,2,16,0,1,1,6.894570525711003,18.956521739130434,15.130434782608695,6.578569376615915,6,2,2022,6,2
3173.0,298,962,24000.0,5.0,Corporate Event,5,0.0,0.0,300.0,500.0,1,1,16,0,1,0,24.922118380062305,10.612040133779264,3.217391304347826,30.944963655244027,2,1,2022,6,0
9854.0,203,1258,24000.0,4.0,Wedding,1,0.0,0.0,300.0,500.0,2,2,5,0,1,0,19.062748212867355,48.30392156862745,6.166666666666667,16.12390786338364,5,2,2025,1,1
13898.0,202,1983,21000.0,20.0,Wedding,1,0.0,0.0,300.0,500.0,2,2,17,0,0,2,10.584677419354838,68.46305418719211,9.768472906403941,10.181451612903226,10,4,2024,5,3
13578.0,229,3480,22000.0,8.0,Wedding,3,0.0,0.0,300.0,500.0,2,2,2,0,1,1,6.320022981901753,59.03478260869565,15.130434782608695,6.578569376615915,11,4,2022,3,3
10228.0,176,3661,20000.0,16.0,Wedding,3,0.0,0.0,200.0,400.0,2,2,13,0,1,0,5.461496450027307,57.78531073446328,20.683615819209038,4.8061168760240305,6,2,2022,3,2
1182.0,42,3577,23000.0,0.0,Birthday,5,0.0,0.0,300.0,500.0,0,2,16,0,1,2,6.428172163219676,27.488372093023255,83.18604651162791,1.1738401341531581,3,1,2023,2,1
6795.0,203,1258,21000.0,16.0,Corporate Event,2,0.0,0.0,200.0,400.0,1,2,8,0,1,2,16.679904686258936,33.30882352941177,6.166666666666667,16.12390786338364,9,3,2024,4,3
12325.0,252,1608,13000.0,0.0,Corporate Event,2,0.0,0.0,200.0,400.0,1,0,7,0,1,0,8.079552517091361,48.715415019762844,6.355731225296442,15.661901802361717,1,1,2022,6,0
355.0,229,3480,20000.0,0.0,Birthday,1,0.0,0.0,300.0,500.0,0,2,16,0,1,1,5.745475438092502,1.5434782608695652,15.130434782608695,6.578569376615915,5,2,2022,0,1
1864.0,249,22215,22000.0,2.0,Corporate Event,4,0.0,0.0,200.0,400.0,1,2,12,0,1,1,0.9902772776377385,7.456,88.86,1.120813827871804,1,1,2024,6,0
13015.0,203,1258,24000.0,13.0,Corporate Event,5,0.0,0.0,200.0,400.0,1,1,8,0,1,2,19.062748212867355,63.799019607843135,6.166666666666667,16.12390786338364,12,4,2022,6,0
10320.0,249,22215,12000.0,10.0,Wedding,2,0.0,0.0,200.0,400.0,2,2,6,0,1,0,0.5401512423478574,41.28,88.86,1.120813827871804,2,1,2024,3,0
4159.0,298,962,23000.0,7.0,Corporate Event,1,0.0,0.0,100.0,200.0,1,0,15,0,0,1,23.883696780893043,13.909698996655518,3.217391304347826,30.944963655244027,7,3,2024,6,2
13003.0,203,1417,12000.0,5.0,Wedding,4,0.0,0.0,300.0,500.0,2,1,5,0,1,0,8.46262341325811,63.740196078431374,6.946078431372549,14.315937940761636,8,3,2025,3,2
4421.0,298,962,25000.0,0.0,Corporate Event,5,0.0,0.0,200.0,400.0,1,2,6,0,1,2,25.96053997923157,14.785953177257525,3.217391304347826,30.944963655244027,10,4,2025,2,3
5760.0,42,3577,26000.0,5.0,Corporate Event,5,0.0,0.0,100.0,200.0,1,1,3,0,0,2,7.266629401900503,133.95348837209303,83.18604651162791,1.1738401341531581,1,1,2023,4,0
7852.0,229,3480,21000.0,15.0,Corporate Event,2,0.0,0.0,200.0,400.0,1,1,1,0,1,2,6.032749209997127,34.13913043478261,15.130434782608695,6.578569376615915,5,2,2023,1,1
5061.0,252,1608,15000.0,5.0,Corporate Event,5,0.0,0.0,300.0,500.0,1,2,14,0,1,1,9.322560596643878,20.00395256916996,6.355731225296442,15.661901802361717,6,2,2025,0,2
6016.0,203,1417,19000.0,4.0,Corporate Event,4,0.0,0.0,300.0,500.0,1,1,17,0,0,2,13.399153737658674,29.49019607843137,6.946078431372549,14.315937940761636,4,2,2024,6,1
1564.0,42,3577,23000.0,10.0,Corporate Event,1,0.0,0.0,100.0,200.0,1,1,4,0,0,1,6.428172163219676,36.372093023255815,83.18604651162791,1.1738401341531581,1,1,2023,2,0
4228.0,252,1608,19000.0,9.0,Wedding,1,0.0,0.0,300.0,500.0,2,2,5,0,1,0,11.808576755748913,16.711462450592887,6.355731225296442,15.661901802361717,8,3,2022,2,2
8076.0,176,3661,15000.0,2.0,Birthday,5,0.0,0.0,200.0,400.0,0,2,7,0,1,2,4.09612233752048,45.6271186440678,20.683615819209038,4.8061168760240305,1,1,2025,5,0
8133.0,202,1983,17000.0,20.0,Birthday,5,0.0,0.0,300.0,500.0,0,2,17,0,0,2,8.568548387096774,40.064039408866996,9.768472906403941,10.181451612903226,6,2,2025,3,2
12560.0,252,1608,22000.0,5.0,Wedding,1,0.0,0.0,300.0,500.0,2,2,14,0,1,1,13.673088875077688,49.644268774703555,6.355731225296442,15.661901802361717,1,1,2023,4,0
14369.0,155,66,15000.0,0.0,Birthday,4,0.0,0.0,200.0,400.0,0,0,13,0,1,1,223.88059701492537,92.10897435897436,0.4230769230769231,231.34328358208953,5,2,2024,6,1
4300.0,203,1417,13000.0,0.0,Wedding,1,0.0,0.0,100.0,200.0,2,0,4,0,0,0,9.16784203102962,21.07843137254902,6.946078431372549,14.315937940761636,3,1,2024,5,1
2785.0,155,66,17000.0,0.0,Birthday,5,0.0,0.0,200.0,400.0,0,0,6,0,1,0,253.73134328358208,17.852564102564102,0.4230769230769231,231.34328358208953,5,2,2024,3,1
5374.0,155,66,24000.0,12.0,Corporate Event,1,0.0,0.0,200.0,500.0,1,1,9,0,0,0,358.2089552238806,34.44871794871795,0.4230769230769231,231.34328358208953,12,4,2024,3,0
3887.0,126,4896,17000.0,0.0,Corporate Event,3,0.0,0.0,100.0,200.0,1,2,3,0,0,2,3.471513171329385,30.606299212598426,38.55118110236221,2.5730038799264854,7,3,2025,1,2
1426.0,229,3480,17000.0,7.0,Corporate Event,3,0.0,0.0,300.0,500.0,1,2,10,0,1,2,4.883654122378627,6.2,15.130434782608695,6.578569376615915,11,4,2023,3,3
6846.0,229,3480,23000.0,12.0,Birthday,1,0.0,0.0,200.0,500.0,0,1,9,0,0,0,6.607296753806377,29.765217391304347,15.130434782608695,6.578569376615915,6,2,2025,0,2
2008.0,203,1417,17000.0,0.0,Corporate Event,4,0.0,0.0,100.0,200.0,1,0,4,0,0,2,11.988716502115656,9.843137254901961,6.946078431372549,14.315937940761636,10,4,2023,1,3
9087.0,42,3577,19000.0,16.0,Birthday,2,0.0,0.0,200.0,400.0,0,2,8,0,1,0,5.310229178311906,211.32558139534885,83.18604651162791,1.1738401341531581,3,1,2023,0,1
4092.0,42,3577,12000.0,2.0,Wedding,3,0.0,0.0,200.0,400.0,2,2,12,0,1,2,3.3538289547233093,95.16279069767442,83.18604651162791,1.1738401341531581,3,1,2025,0,1
6110.0,239,4101,24000.0,5.0,Corporate Event,3,0.0,0.0,300.0,500.0,1,1,5,0,1,0,5.850804485616773,25.458333333333332,17.0875,5.826426133593369,5,2,2022,1,1
14346.0,239,4101,25000.0,8.0,Wedding,1,0.0,0.0,300.0,500.0,2,2,2,0,1,0,6.094588005850804,59.775,17.0875,5.826426133593369,8,3,2022,1,2
10140.0,42,3577,22000.0,10.0,Corporate Event,1,0.0,0.0,200.0,400.0,1,2,6,0,1,2,6.148686416992733,235.8139534883721,83.18604651162791,1.1738401341531581,4,2,2024,0,1
1789.0,252,1608,13000.0,3.0,Birthday,1,0.0,0.0,100.0,200.0,0,0,18,0,0,1,8.079552517091361,7.071146245059288,6.355731225296442,15.661901802361717,11,4,2024,6,3
7795.0,229,3480,12000.0,12.0,Corporate Event,3,0.0,0.0,200.0,500.0,1,1,9,0,0,0,3.4472852628555013,33.891304347826086,15.130434782608695,6.578569376615915,1,1,2023,4,0
5183.0,239,4101,15000.0,0.0,Birthday,2,0.0,0.0,300.0,500.0,0,2,16,0,1,2,3.6567528035104826,21.595833333333335,17.0875,5.826426133593369,3,1,2022,3,1
13459.0,42,3577,22000.0,20.0,Birthday,3,0.0,0.0,300.0,500.0,0,2,17,0,0,0,6.148686416992733,313.0,83.18604651162791,1.1738401341531581,3,1,2023,5,1
10947.0,203,1258,12000.0,13.0,Birthday,1,0.0,0.0,200.0,400.0,0,1,8,0,1,2,9.531374106433677,53.661764705882355,6.166666666666667,16.12390786338364,6,2,2024,2,2
9240.0,155,66,22000.0,0.0,Corporate Event,1,0.0,0.0,200.0,400.0,1,0,7,0,1,1,328.35820895522386,59.23076923076923,0.4230769230769231,231.34328358208953,7,3,2025,6,2
7316.0,202,1983,23000.0,0.0,Birthday,5,0.0,0.0,100.0,200.0,0,0,4,0,0,2,11.59274193548387,36.039408866995075,9.768472906403941,10.181451612903226,10,4,2024,2,3
13048.0,203,1258,24000.0,2.0,Wedding,3,0.0,0.0,200.0,400.0,2,2,7,0,1,2,19.062748212867355,63.96078431372549,6.166666666666667,16.12390786338364,9,3,2023,2,3
10213.0,176,3661,15000.0,16.0,Birthday,2,0.0,0.0,200.0,400.0,0,2,8,0,1,1,4.09612233752048,57.70056497175141,20.683615819209038,4.8061168760240305,2,1,2023,6,0
14906.0,252,1608,26000.0,0.0,Corporate Event,1,0.0,0.0,200.0,400.0,1,0,0,0,1,2,16.159105034182723,58.91699604743083,6.355731225296442,15.661901802361717,10,4,2024,6,3
7140.0,239,4101,20000.0,10.0,Birthday,2,0.0,0.0,100.0,200.0,0,1,4,0,0,1,4.875670404680643,29.75,17.0875,5.826426133593369,11,4,2024,2,3
4731.0,203,1258,22000.0,10.0,Wedding,5,0.0,0.0,200.0,400.0,2,2,0,0,1,0,17.474185861795075,23.191176470588236,6.166666666666667,16.12390786338364,2,1,2023,3,0
13994.0,252,1608,25000.0,8.0,Wedding,4,0.0,0.0,100.0,200.0,2,2,18,0,0,1,15.537600994406464,55.312252964426875,6.355731225296442,15.661901802361717,11,4,2023,3,3
9724.0,203,1258,19000.0,20.0,Birthday,4,0.0,0.0,300.0,500.0,0,2,17,0,0,2,15.091342335186656,47.666666666666664,6.166666666666667,16.12390786338364,4,2,2025,2,1
6112.0,249,22215,23000.0,7.0,Corporate Event,3,0.0,0.0,100.0,200.0,1,1,18,0,0,2,1.0352898811667266,24.448,88.86,1.120813827871804,6,2,2023,3,2
5658.0,203,1417,21000.0,0.0,Corporate Event,4,0.0,0.0,300.0,500.0,1,0,16,0,1,1,14.809590973201692,27.735294117647058,6.946078431372549,14.315937940761636,12,4,2024,0,0
10009.0,239,4101,22000.0,3.0,Corporate Event,3,0.0,0.0,200.0,500.0,1,2,9,0,0,0,5.363237445148708,41.704166666666666,17.0875,5.826426133593369,7,3,2022,3,2
6047.0,229,3480,17000.0,7.0,Birthday,4,0.0,0.0,100.0,200.0,0,1,18,0,0,0,4.883654122378627,26.291304347826088,15.130434782608695,6.578569376615915,11,4,2022,1,3
5581.0,155,66,26000.0,9.0,Corporate Event,5,0.0,0.0,200.0,400.0,1,1,6,0,1,1,388.05970149253733,35.77564102564103,0.4230769230769231,231.34328358208953,7,3,2022,0,2
4210.0,155,66,19000.0,10.0,Wedding,4,0.0,0.0,100.0,200.0,2,2,3,0,0,1,283.5820895522388,26.987179487179485,0.4230769230769231,231.34328358208953,1,1,2023,3,0
3438.0,176,3661,23000.0,0.0,Corporate Event,1,0.0,0.0,300.0,500.0,1,0,16,0,1,2,6.280720917531403,19.423728813559322,20.683615819209038,4.8061168760240305,3,1,2025,0,1
10816.0,249,22215,23000.0,8.0,Corporate Event,1,0.0,0.0,100.0,200.0,1,2,18,0,0,0,1.0352898811667266,43.264,88.86,1.120813827871804,2,1,2024,3,0
7579.0,42,3577,22000.0,12.0,Corporate Event,5,0.0,0.0,200.0,500.0,1,1,9,0,0,2,6.148686416992733,176.25581395348837,83.18604651162791,1.1738401341531581,7,3,2025,6,2
12544.0,176,3661,20000.0,16.0,Wedding,5,0.0,0.0,200.0,400.0,2,2,13,0,1,1,5.461496450027307,70.87005649717514,20.683615819209038,4.8061168760240305,8,3,2025,4,2
10199.0,176,3661,13000.0,2.0,Wedding,5,0.0,0.0,100.0,200.0,2,2,4,0,0,2,3.5499726925177497,57.621468926553675,20.683615819209038,4.8061168760240305,6,2,2025,4,2
7078.0,42,3577,12000.0,2.0,Corporate Event,1,0.0,0.0,200.0,400.0,1,2,13,0,1,1,3.3538289547233093,164.6046511627907,83.18604651162791,1.1738401341531581,2,1,2023,0,0
4712.0,42,3577,13000.0,4.0,Birthday,3,0.0,0.0,300.0,500.0,0,1,17,0,0,1,3.6333147009502516,109.5813953488372,83.18604651162791,1.1738401341531581,10,4,2024,6,3
14857.0,202,1983,15000.0,10.0,Wedding,4,0.0,0.0,200.0,400.0,2,2,0,0,1,1,7.560483870967742,73.1871921182266,9.768472906403941,10.181451612903226,10,4,2022,1,3
18520.0,249,22215,22000.0,18.0,Wedding,5,0.0,0.0,200.0,400.0,2,0,8,0,1,0,0.9902772776377385,74.08,88.86,1.120813827871804,11,4,2022,2,3
14766.0,42,3577,20000.0,4.0,Birthday,1,0.0,0.0,300.0,500.0,0,0,2,0,1,0,5.589714924538849,343.3953488372093,83.18604651162791,1.1738401341531581,4,2,2024,0,1
7178.0,229,3480,25000.0,14.0,Birthday,5,0.0,0.0,200.0,400.0,0,2,0,0,1,0,7.181844297615628,31.208695652173912,15.130434782608695,6.578569376615915,6,2,2023,4,2
7138.0,229,3480,25000.0,13.0,Corporate Event,5,0.0,0.0,200.0,400.0,1,1,8,0,1,1,7.181844297615628,31.034782608695654,15.130434782608695,6.578569376615915,9,3,2022,6,3
555.0,239,4101,13000.0,16.0,Corporate Event,2,0.0,0.0,200.0,400.0,1,2,13,0,1,1,3.1691857630424183,2.3125,17.0875,5.826426133593369,10,4,2022,5,3
6814.0,229,3480,23000.0,10.0,Corporate Event,4,0.0,0.0,200.0,400.0,1,2,0,0,1,1,6.607296753806377,29.62608695652174,15.130434782608695,6.578569376615915,8,3,2022,2,2
2545.0,202,1983,21000.0,1.0,Birthday,2,0.0,0.0,100.0,200.0,0,2,15,0,0,1,10.584677419354838,12.536945812807883,9.768472906403941,10.181451612903226,4,2,2024,1,1
13581.0,239,4101,12000.0,2.0,Birthday,2,0.0,0.0,100.0,200.0,0,2,4,0,0,2,2.9254022428083863,56.5875,17.0875,5.826426133593369,11,4,2024,6,3
4551.0,298,962,22000.0,13.0,Birthday,1,0.0,0.0,200.0,400.0,0,1,8,0,1,1,22.84527518172378,15.220735785953178,3.217391304347826,30.944963655244027,11,4,2025,1,3
9247.0,229,3480,25000.0,0.0,Birthday,3,0.0,0.0,100.0,200.0,0,2,3,0,0,0,7.181844297615628,40.20434782608696,15.130434782608695,6.578569376615915,11,4,2022,3,3
5117.0,203,1258,24000.0,16.0,Corporate Event,5,0.0,0.0,300.0,500.0,1,2,14,0,1,0,19.062748212867355,25.083333333333332,6.166666666666667,16.12390786338364,2,1,2023,0,0
1437.0,252,1608,15000.0,0.0,Wedding,2,0.0,0.0,100.0,200.0,2,2,3,0,0,0,9.322560596643878,5.679841897233201,6.355731225296442,15.661901802361717,5,2,2025,3,1
13605.0,176,3661,17000.0,7.0,Wedding,4,0.0,0.0,100.0,200.0,2,2,4,0,0,1,4.642271982523211,76.86440677966101,20.683615819209038,4.8061168760240305,1,1,2023,3,0
12871.0,176,3661,15000.0,7.0,Corporate Event,3,0.0,0.0,100.0,200.0,1,0,15,0,0,2,4.09612233752048,72.71751412429379,20.683615819209038,4.8061168760240305,10,4,2022,5,3
3947.0,252,1608,19000.0,0.0,Corporate Event,1,0.0,0.0,100.0,200.0,1,0,4,0,0,1,11.808576755748913,15.600790513833992,6.355731225296442,15.661901802361717,8,3,2024,1,2
339.0,229,3480,24000.0,20.0,Corporate Event,1,0.0,0.0,300.0,500.0,1,2,17,0,0,0,6.894570525711003,1.4739130434782608,15.130434782608695,6.578569376615915,3,1,2024,6,1
3394.0,203,1258,26000.0,9.0,Corporate Event,5,0.0,0.0,200.0,400.0,1,1,6,0,1,0,20.651310563939635,16.637254901960784,6.166666666666667,16.12390786338364,8,3,2023,1,2
4951.0,203,1417,12000.0,7.0,Birthday,1,0.0,0.0,300.0,500.0,0,2,10,0,1,0,8.46262341325811,24.269607843137255,6.946078431372549,14.315937940761636,5,2,2024,4,1
13768.0,252,1608,24000.0,10.0,Birthday,3,0.0,0.0,100.0,200.0,0,2,3,0,0,2,14.916096954630206,54.41897233201581,6.355731225296442,15.661901802361717,7,3,2025,3,2
5801.0,155,66,15000.0,14.0,Wedding,5,0.0,0.0,300.0,500.0,2,1,10,0,1,1,223.88059701492537,37.18589743589744,0.4230769230769231,231.34328358208953,12,4,2022,6,0
494.0,229,3480,21000.0,10.0,Wedding,2,0.0,0.0,200.0,400.0,2,2,0,0,1,1,6.032749209997127,2.1478260869565218,15.130434782608695,6.578569376615915,3,1,2024,0,1
971.0,252,1608,20000.0,9.0,Corporate Event,1,0.0,0.0,200.0,400.0,1,1,6,0,1,0,12.430080795525171,3.8379446640316206,6.355731225296442,15.661901802361717,11,4,2024,5,3
3948.0,202,1983,15000.0,20.0,Wedding,3,0.0,0.0,300.0,500.0,2,2,17,0,0,0,7.560483870967742,19.448275862068964,9.768472906403941,10.181451612903226,7,3,2024,4,2
4946.0,42,3577,24000.0,4.0,Birthday,3,0.0,0.0,300.0,500.0,0,2,5,0,1,2,6.707657909446619,115.02325581395348,83.18604651162791,1.1738401341531581,8,3,2023,0,2
12485.0,298,962,21000.0,3.0,Corporate Event,3,0.0,0.0,200.0,400.0,1,2,12,0,1,1,21.806853582554517,41.75585284280937,3.217391304347826,30.944963655244027,9,3,2025,5,3
7705.0,239,4101,12000.0,0.0,Corporate Event,3,0.0,0.0,200.0,400.0,1,0,0,0,1,1,2.9254022428083863,32.104166666666664,17.0875,5.826426133593369,10,4,2025,4,3
1071.0,126,4896,20000.0,3.0,Corporate Event,5,0.0,0.0,100.0,200.0,1,0,18,0,0,0,4.084133142740454,8.433070866141732,38.55118110236221,2.5730038799264854,12,4,2023,2,0
259.0,126,4896,25000.0,14.0,Birthday,2,0.0,0.0,200.0,400.0,0,2,0,0,1,1,5.105166428425567,2.0393700787401574,38.55118110236221,2.5730038799264854,6,2,2024,6,2
2895.0,42,3577,22000.0,7.0,Corporate Event,1,0.0,0.0,100.0,200.0,1,2,4,0,0,2,6.148686416992733,67.32558139534883,83.18604651162791,1.1738401341531581,10,4,2025,1,3
8362.0,202,1983,15000.0,3.0,Birthday,1,0.0,0.0,200.0,400.0,0,1,12,0,1,0,7.560483870967742,41.19211822660098,9.768472906403941,10.181451612903226,8,3,2023,6,2
7603.0,176,3661,21000.0,8.0,Corporate Event,3,0.0,0.0,300.0,500.0,1,2,2,0,1,1,5.734571272528673,42.954802259887,20.683615819209038,4.8061168760240305,4,2,2022,6,1
8275.0,298,962,15000.0,10.0,Wedding,2,0.0,0.0,300.0,500.0,2,0,10,0,1,0,15.576323987538942,27.67558528428094,3.217391304347826,30.944963655244027,2,1,2024,1,0
7398.0,229,3480,22000.0,9.0,Wedding,4,0.0,0.0,300.0,500.0,2,2,5,0,1,1,6.320022981901753,32.165217391304346,15.130434782608695,6.578569376615915,4,2,2022,1,1
13202.0,229,3480,22000.0,2.0,Wedding,4,0.0,0.0,100.0,200.0,2,2,4,0,0,2,6.320022981901753,57.4,15.130434782608695,6.578569376615915,10,4,2024,1,3
12071.0,155,66,13000.0,4.0,Birthday,1,0.0,0.0,300.0,500.0,0,0,2,0,1,0,194.02985074626866,77.37820512820512,0.4230769230769231,231.34328358208953,8,3,2023,0,2
10033.0,298,962,24000.0,0.0,Wedding,1,0.0,0.0,200.0,500.0,2,2,11,0,0,0,24.922118380062305,33.55518394648829,3.217391304347826,30.944963655244027,1,1,2024,0,0
6688.0,252,1608,15000.0,12.0,Corporate Event,4,0.0,0.0,200.0,500.0,1,1,9,0,0,2,9.322560596643878,26.434782608695652,6.355731225296442,15.661901802361717,1,1,2023,4,0
14299.0,155,66,24000.0,0.0,Birthday,2,0.0,0.0,100.0,200.0,0,1,15,0,0,2,358.2089552238806,91.66025641025641,0.4230769230769231,231.34328358208953,10,4,2022,6,3
12909.0,42,3577,19000.0,0.0,Birthday,5,0.0,0.0,300.0,500.0,0,0,16,0,1,2,5.310229178311906,300.2093023255814,83.18604651162791,1.1738401341531581,9,3,2023,3,3
369.0,203,1258,24000.0,0.0,Corporate Event,3,0.0,0.0,200.0,400.0,1,0,7,0,1,1,19.062748212867355,1.8088235294117647,6.166666666666667,16.12390786338364,10,4,2023,5,3
1402.0,155,66,17000.0,16.0,Corporate Event,3,0.0,0.0,200.0,400.0,1,2,13,0,1,2,253.73134328358208,8.987179487179487,0.4230769230769231,231.34328358208953,3,1,2022,1,1
14031.0,203,1258,12000.0,9.0,Wedding,4,0.0,0.0,200.0,400.0,2,1,6,0,1,1,9.531374106433677,68.77941176470588,6.166666666666667,16.12390786338364,4,2,2022,4,1
4077.0,202,1983,25000.0,0.0,Corporate Event,5,0.0,0.0,200.0,400.0,1,0,7,0,1,2,12.600806451612904,20.08374384236453,9.768472906403941,10.181451612903226,5,2,2024,1,1
4767.0,42,3577,17000.0,2.0,Wedding,2,0.0,0.0,200.0,500.0,2,0,9,0,0,2,4.751257685858021,110.86046511627907,83.18604651162791,1.1738401341531581,10,4,2023,1,3
107460.0,229,3480,19000.0,0.0,Corporate Event,5,0.0,0.0,200.0,400.0,1,0,13,0,1,1,5.458201666187877,467.2173913043478,15.130434782608695,6.578569376615915,5,2,2023,6,1
9821.0,229,3480,23000.0,0.0,Wedding,2,0.0,0.0,100.0,200.0,2,0,4,0,0,2,6.607296753806377,42.7,15.130434782608695,6.578569376615915,10,4,2022,3,3
1209.0,155,66,13000.0,0.0,Corporate Event,4,0.0,0.0,200.0,400.0,1,1,13,0,1,1,194.02985074626866,7.75,0.4230769230769231,231.34328358208953,11,4,2023,2,3
6721.0,203,1417,21000.0,9.0,Wedding,3,0.0,0.0,300.0,500.0,2,2,5,0,1,1,14.809590973201692,32.94607843137255,6.946078431372549,14.315937940761636,1,1,2022,0,0
8230.0,249,22215,25000.0,0.0,Wedding,1,0.0,0.0,300.0,500.0,2,0,16,0,1,0,1.125315088224703,32.92,88.86,1.120813827871804,2,1,2025,3,0
5236.0,176,3661,24000.0,4.0,Birthday,2,0.0,0.0,300.0,500.0,0,2,5,0,1,0,6.553795740032769,29.581920903954803,20.683615819209038,4.8061168760240305,11,4,2023,6,3
10772.0,42,3577,23000.0,0.0,Wedding,5,0.0,0.0,200.0,400.0,2,2,6,0,1,1,6.428172163219676,250.51162790697674,83.18604651162791,1.1738401341531581,6,2,2022,3,2
10461.0,298,962,19000.0,6.0,Wedding,1,0.0,0.0,300.0,500.0,2,1,2,0,1,0,19.73001038421599,34.986622073578594,3.217391304347826,30.944963655244027,3,1,2024,2,1
14025.0,229,3480,22000.0,7.0,Corporate Event,3,0.0,0.0,100.0,200.0,1,0,15,0,0,2,6.320022981901753,60.97826086956522,15.130434782608695,6.578569376615915,1,1,2023,6,0
9118.0,42,3577,15000.0,5.0,Corporate Event,1,0.0,0.0,100.0,200.0,1,1,3,0,0,2,4.192286193404136,212.04651162790697,83.18604651162791,1.1738401341531581,2,1,2025,4,0
3116.0,239,4101,15000.0,2.0,Corporate Event,5,0.0,0.0,100.0,200.0,1,2,4,0,0,0,3.6567528035104826,12.983333333333333,17.0875,5.826426133593369,1,1,2025,4,0
4443.0,239,4101,26000.0,0.0,Birthday,1,0.0,0.0,200.0,400.0,0,0,6,0,1,2,6.338371526084837,18.5125,17.0875,5.826426133593369,12,4,2024,1,0
6890.0,249,22215,21000.0,5.0,Corporate Event,2,0.0,0.0,300.0,500.0,1,1,5,0,1,2,0.9452646741087505,27.56,88.86,1.120813827871804,6,2,2025,1,2
11768.0,176,3661,20000.0,5.0,Birthday,1,0.0,0.0,300.0,500.0,0,1,16,0,1,0,5.461496450027307,66.48587570621469,20.683615819209038,4.8061168760240305,5,2,2024,6,1
13049.0,42,3577,24000.0,4.0,Corporate Event,1,0.0,0.0,300.0,500.0,1,1,17,0,0,0,6.707657909446619,303.4651162790698,83.18604651162791,1.1738401341531581,3,1,2023,4,1
8145.0,229,3480,17000.0,16.0,Corporate Event,5,0.0,0.0,300.0,500.0,1,2,14,0,1,2,4.883654122378627,35.41304347826087,15.130434782608695,6.578569376615915,5,2,2023,4,1
14263.0,42,3577,22000.0,0.0,Wedding,4,0.0,0.0,100.0,200.0,2,0,4,0,0,0,6.148686416992733,331.69767441860466,83.18604651162791,1.1738401341531581,3,1,2022,3,1
14794.0,202,1983,12000.0,0.0,Wedding,5,0.0,0.0,100.0,200.0,2,2,15,0,0,1,6.048387096774194,72.8768472906404,9.768472906403941,10.181451612903226,12,4,2025,2,0
14403.0,126,4896,23000.0,5.0,Corporate Event,4,0.0,0.0,300.0,500.0,1,1,16,0,1,0,4.696753114151521,113.40944881889764,38.55118110236221,2.5730038799264854,9,3,2025,6,3
12868.0,239,4101,17000.0,10.0,Wedding,2,0.0,0.0,100.0,200.0,2,2,3,0,0,1,4.144319843978547,53.61666666666667,17.0875,5.826426133593369,12,4,2023,5,0
4175.0,203,1258,21000.0,0.0,Wedding,3,0.0,0.0,300.0,500.0,2,2,16,0,1,1,16.679904686258936,20.465686274509803,6.166666666666667,16.12390786338364,9,3,2025,6,3
7525.0,126,4896,20000.0,16.0,Corporate Event,1,0.0,0.0,200.0,400.0,1,2,13,0,1,2,4.084133142740454,59.25196850393701,38.55118110236221,2.5730038799264854,5,2,2022,2,1
14350.0,229,3480,22000.0,4.0,Wedding,3,0.0,0.0,100.0,200.0,2,2,18,0,0,1,6.320022981901753,62.391304347826086,15.130434782608695,6.578569376615915,1,1,2024,0,0
10244.0,42,3577,15000.0,7.0,Birthday,5,0.0,0.0,300.0,500.0,0,2,10,0,1,0,4.192286193404136,238.2325581395349,83.18604651162791,1.1738401341531581,11,4,2023,5,3
8897.0,203,1258,23000.0,20.0,Birthday,2,0.0,0.0,200.0,400.0,0,2,8,0,1,1,18.268467037331217,43.61274509803921,6.166666666666667,16.12390786338364,11,4,2023,2,3
4845.0,203,1417,21000.0,4.0,Wedding,5,0.0,0.0,200.0,400.0,2,2,1,0,1,1,14.809590973201692,23.75,6.946078431372549,14.315937940761636,8,3,2022,6,2
64640.0,202,1983,26000.0,8.0,Corporate Event,5,0.0,0.0,300.0,500.0,1,2,2,0,1,2,13.10483870967742,318.42364532019707,9.768472906403941,10.181451612903226,9,3,2023,5,3
9309.0,42,3577,21000.0,2.0,Corporate Event,2,0.0,0.0,200.0,400.0,1,0,1,0,1,0,5.869200670765791,216.48837209302326,83.18604651162791,1.1738401341531581,8,3,2023,1,2
12048.0,202,1983,15000.0,14.0,Corporate Event,1,0.0,0.0,300.0,500.0,1,1,10,0,1,1,7.560483870967742,59.34975369458128,9.768472906403941,10.181451612903226,10,4,2022,5,3
10722.0,239,4101,20000.0,3.0,Corporate Event,4,0.0,0.0,200.0,500.0,1,1,11,0,0,1,4.875670404680643,44.675,17.0875,5.826426133593369,10,4,2023,3,3
6614.0,203,1417,25000.0,0.0,Corporate Event,3,0.0,0.0,200.0,400.0,1,0,6,0,1,0,17.63046544428773,32.42156862745098,6.946078431372549,14.315937940761636,5,2,2023,3,1
2419.0,203,1258,22000.0,15.0,Wedding,4,0.0,0.0,200.0,400.0,2,1,1,0,1,0,17.474185861795075,11.857843137254902,6.166666666666667,16.12390786338364,1,1,2022,5,0
6370.0,42,3577,22000.0,4.0,Birthday,4,0.0,0.0,100.0,200.0,0,2,18,0,0,2,6.148686416992733,148.13953488372093,83.18604651162791,1.1738401341531581,11,4,2022,1,3
10507.0,203,1417,26000.0,3.0,Wedding,2,0.0,0.0,100.0,200.0,2,0,18,0,0,1,18.33568406205924,51.504901960784316,6.946078431372549,14.315937940761636,7,3,2023,3,2
64460.0,202,1983,25000.0,20.0,Corporate Event,1,0.0,0.0,200.0,400.0,1,2,8,0,1,1,12.600806451612904,317.53694581280786,9.768472906403941,10.181451612903226,7,3,2024,3,2
10992.0,229,3480,20000.0,0.0,Corporate Event,3,0.0,0.0,200.0,400.0,1,0,12,0,1,0,5.745475438092502,47.791304347826085,15.130434782608695,6.578569376615915,7,3,2022,5,2
7401.0,229,3480,17000.0,18.0,Corporate Event,3,0.0,0.0,200.0,400.0,1,0,8,0,1,2,4.883654122378627,32.178260869565214,15.130434782608695,6.578569376615915,3,1,2022,1,1
12455.0,42,3577,17000.0,0.0,Corporate Event,1,0.0,0.0,200.0,400.0,1,0,13,0,1,1,4.751257685858021,289.6511627906977,83.18604651162791,1.1738401341531581,10,4,2023,6,3
10395.0,203,1417,22000.0,5.0,Wedding,2,0.0,0.0,300.0,500.0,2,1,5,0,1,2,15.514809590973202,50.955882352941174,6.946078431372549,14.315937940761636,12,4,2024,2,0
10884.0,126,4896,25000.0,0.0,Wedding,3,0.0,0.0,200.0,400.0,2,0,0,0,1,2,5.105166428425567,85.7007874015748,38.55118110236221,2.5730038799264854,2,1,2022,6,0
5828.0,202,1983,24000.0,5.0,Birthday,4,0.0,0.0,300.0,500.0,0,1,5,0,1,2,12.096774193548388,28.70935960591133,9.768472906403941,10.181451612903226,8,3,2025,4,2
1226.0,203,1258,21000.0,0.0,Corporate Event,3,0.0,0.0,200.0,400.0,1,0,0,0,1,1,16.679904686258936,6.009803921568627,6.166666666666667,16.12390786338364,3,1,2024,0,1
12554.0,239,4101,22000.0,0.0,Birthday,1,0.0,0.0,200.0,500.0,0,2,11,0,0,2,5.363237445148708,52.30833333333333,17.0875,5.826426133593369,12,4,2024,6,0
10235.0,229,3480,25000.0,18.0,Birthday,5,0.0,0.0,200.0,400.0,0,0,8,0,1,1,7.181844297615628,44.5,15.130434782608695,6.578569376615915,4,2,2022,6,1
2086.0,252,1608,20000.0,20.0,Corporate Event,2,0.0,0.0,300.0,500.0,1,2,17,0,0,1,12.430080795525171,8.245059288537549,6.355731225296442,15.661901802361717,12,4,2023,3,0
14576.0,252,1608,19000.0,0.0,Birthday,3,0.0,0.0,300.0,500.0,0,2,16,0,1,2,11.808576755748913,57.612648221343875,6.355731225296442,15.661901802361717,3,1,2022,3,1
10753.0,155,66,21000.0,5.0,Wedding,4,0.0,0.0,300.0,500.0,2,1,5,0,1,1,313.43283582089555,68.92948717948718,0.4230769230769231,231.34328358208953,2,1,2024,2,0
8486.0,239,4101,20000.0,0.0,Corporate Event,5,0.0,0.0,100.0,200.0,1,1,15,0,0,2,4.875670404680643,35.358333333333334,17.0875,5.826426133593369,12,4,2022,3,0
48480.0,155,66,19000.0,10.0,Corporate Event,3,0.0,0.0,200.0,400.0,1,2,0,0,1,0,283.5820895522388,310.7692307692308,0.4230769230769231,231.34328358208953,3,1,2023,6,1
5872.0,176,3661,13000.0,0.0,Corporate Event,3,0.0,0.0,200.0,400.0,1,0,6,0,1,2,3.5499726925177497,33.175141242937855,20.683615819209038,4.8061168760240305,12,4,2025,2,0
7666.0,126,4896,20000.0,2.0,Wedding,3,0.0,0.0,200.0,400.0,2,0,1,0,1,1,4.084133142740454,60.36220472440945,38.55118110236221,2.5730038799264854,8,3,2025,5,2
14587.0,155,66,25000.0,10.0,Birthday,4,0.0,0.0,100.0,200.0,0,1,4,0,0,1,373.13432835820896,93.50641025641026,0.4230769230769231,231.34328358208953,3,1,2024,2,1
14141.0,203,1258,24000.0,5.0,Corporate Event,1,0.0,0.0,300.0,500.0,1,1,16,0,1,0,19.062748212867355,69.31862745098039,6.166666666666667,16.12390786338364,3,1,2024,5,1
10126.0,155,66,17000.0,0.0,Birthday,4,0.0,0.0,100.0,200.0,0,2,15,0,0,0,253.73134328358208,64.91025641025641,0.4230769230769231,231.34328358208953,9,3,2025,3,3
7867.0,203,1417,15000.0,14.0,Wedding,2,0.0,0.0,200.0,400.0,2,2,0,0,1,0,10.578279266572638,38.56372549019608,6.946078431372549,14.315937940761636,1,1,2023,3,0
4751.0,202,1983,20000.0,2.0,Wedding,2,0.0,0.0,300.0,500.0,2,2,10,0,1,2,10.080645161290322,23.40394088669951,9.768472906403941,10.181451612903226,10,4,2023,0,3
5587.0,203,1258,15000.0,18.0,Birthday,3,0.0,0.0,200.0,400.0,0,0,8,0,1,1,11.914217633042098,27.387254901960784,6.166666666666667,16.12390786338364,2,1,2022,5,0
7780.0,249,22215,19000.0,10.0,Corporate Event,2,0.0,0.0,200.0,400.0,1,2,0,0,1,1,0.8552394670507742,31.12,88.86,1.120813827871804,12,4,2024,5,0
4096.0,155,66,15000.0,10.0,Wedding,4,0.0,0.0,200.0,500.0,2,0,11,0,0,2,223.88059701492537,26.256410256410255,0.4230769230769231,231.34328358208953,2,1,2022,2,0
3875.0,203,1417,24000.0,3.0,Wedding,5,0.0,0.0,200.0,500.0,2,1,11,0,0,2,16.92524682651622,18.995098039215687,6.946078431372549,14.315937940761636,11,4,2022,3,3
3347.0,42,3577,13000.0,16.0,Birthday,1,0.0,0.0,300.0,500.0,0,2,14,0,1,2,3.6333147009502516,77.83720930232558,83.18604651162791,1.1738401341531581,8,3,2023,2,2
11196.0,229,3480,17000.0,2.0,Wedding,2,0.0,0.0,100.0,200.0,2,2,4,0,0,1,4.883654122378627,48.678260869565214,15.130434782608695,6.578569376615915,2,1,2024,1,0
1545.0,42,3577,13000.0,5.0,Corporate Event,3,0.0,0.0,100.0,200.0,1,1,3,0,0,2,3.6333147009502516,35.93023255813954,83.18604651162791,1.1738401341531581,9,3,2023,3,3
4726.0,252,1608,19000.0,0.0,Corporate Event,3,0.0,0.0,100.0,200.0,1,0,3,0,0,1,11.808576755748913,18.679841897233203,6.355731225296442,15.661901802361717,3,1,2022,2,1
9081.0,239,4101,23000.0,16.0,Birthday,4,0.0,0.0,300.0,500.0,0,2,14,0,1,0,5.60702096538274,37.8375,17.0875,5.826426133593369,5,2,2022,4,1
10472.0,176,3661,20000.0,7.0,Wedding,5,0.0,0.0,300.0,500.0,2,0,5,0,1,2,5.461496450027307,59.163841807909606,20.683615819209038,4.8061168760240305,12,4,2022,4,0
14704.0,203,1417,17000.0,10.0,Corporate Event,1,0.0,0.0,100.0,200.0,1,2,3,0,0,2,11.988716502115656,72.07843137254902,6.946078431372549,14.315937940761636,6,2,2023,2,2
9869.0,155,66,19000.0,16.0,Corporate Event,2,0.0,0.0,200.0,400.0,1,2,8,0,1,0,283.5820895522388,63.26282051282051,0.4230769230769231,231.34328358208953,1,1,2024,6,0
6587.0,203,1258,25000.0,13.0,Corporate Event,4,0.0,0.0,200.0,400.0,1,1,8,0,1,0,19.857029388403493,32.28921568627451,6.166666666666667,16.12390786338364,1,1,2022,0,0
6491.0,229,3480,25000.0,0.0,Birthday,5,0.0,0.0,300.0,500.0,0,2,16,0,1,2,7.181844297615628,28.221739130434784,15.130434782608695,6.578569376615915,8,3,2022,4,2
9105.0,203,1417,26000.0,5.0,Wedding,1,0.0,0.0,300.0,500.0,2,1,5,0,1,0,18.33568406205924,44.63235294117647,6.946078431372549,14.315937940761636,5,2,2025,4,1
744.0,202,1983,21000.0,0.0,Wedding,3,0.0,0.0,300.0,500.0,2,0,16,0,1,1,10.584677419354838,3.665024630541872,9.768472906403941,10.181451612903226,12,4,2023,3,0
11762.0,249,22215,20000.0,8.0,Corporate Event,3,0.0,0.0,100.0,200.0,1,2,18,0,0,0,0.9002520705797623,47.048,88.86,1.120813827871804,1,1,2024,2,0
8013.0,239,4101,19000.0,15.0,Birthday,3,0.0,0.0,200.0,400.0,0,1,1,0,1,2,4.631886884446612,33.3875,17.0875,5.826426133593369,9,3,2023,0,3
1888.0,239,4101,24000.0,4.0,Corporate Event,4,0.0,0.0,300.0,500.0,1,2,5,0,1,1,5.850804485616773,7.866666666666666,17.0875,5.826426133593369,6,2,2023,2,2
9361.0,203,1417,20000.0,16.0,Corporate Event,2,0.0,0.0,200.0,400.0,1,2,8,0,1,0,14.104372355430183,45.88725490196079,6.946078431372549,14.315937940761636,5,2,2024,3,1
13032.0,298,962,21000.0,0.0,Corporate Event,2,0.0,0.0,100.0,200.0,1,0,3,0,0,1,21.806853582554517,43.585284280936456,3.217391304347826,30.944963655244027,11,4,2025,0,3
380.0,202,1983,21000.0,13.0,Birthday,4,0.0,0.0,200.0,400.0,0,1,8,0,1,0,10.584677419354838,1.8719211822660098,9.768472906403941,10.181451612903226,12,4,2023,4,0
5733.0,42,3577,21000.0,4.0,Wedding,3,0.0,0.0,300.0,500.0,2,0,2,0,1,0,5.869200670765791,133.32558139534885,83.18604651162791,1.1738401341531581,5,2,2022,4,1
1132.0,298,962,24000.0,7.0,Wedding,1,0.0,0.0,300.0,500.0,2,0,5,0,1,0,24.922118380062305,3.7859531772575252,3.217391304347826,30.944963655244027,7,3,2022,5,2
14979.0,239,4101,19000.0,7.0,Corporate Event,4,0.0,0.0,300.0,500.0,1,2,10,0,1,1,4.631886884446612,62.4125,17.0875,5.826426133593369,12,4,2022,2,0
98180.0,202,1983,12000.0,0.0,Corporate Event,1,0.0,0.0,100.0,200.0,1,0,3,0,0,1,6.048387096774194,483.6453201970443,9.768472906403941,10.181451612903226,4,2,2025,6,1
12877.0,203,1417,26000.0,3.0,Birthday,1,0.0,0.0,200.0,400.0,0,1,12,0,1,2,18.33568406205924,63.122549019607845,6.946078431372549,14.315937940761636,11,4,2025,6,3
14041.0,203,1258,23000.0,16.0,Corporate Event,1,0.0,0.0,200.0,500.0,1,2,9,0,0,1,18.268467037331217,68.82843137254902,6.166666666666667,16.12390786338364,4,2,2022,1,1
13941.0,239,4101,22000.0,5.0,Wedding,5,0.0,0.0,300.0,500.0,2,1,5,0,1,2,5.363237445148708,58.0875,17.0875,5.826426133593369,3,1,2022,2,1
847.0,202,1983,20000.0,16.0,Corporate Event,5,0.0,0.0,200.0,500.0,1,2,9,0,0,0,10.080645161290322,4.172413793103448,9.768472906403941,10.181451612903226,3,1,2023,0,1
4737.0,203,1258,24000.0,9.0,Wedding,1,0.0,0.0,200.0,400.0,2,1,6,0,1,2,19.062748212867355,23.220588235294116,6.166666666666667,16.12390786338364,10,4,2023,0,3
7109.0,203,1258,17000.0,5.0,Birthday,3,0.0,0.0,300.0,500.0,0,1,16,0,1,1,13.502779984114376,34.84803921568628,6.166666666666667,16.12390786338364,9,3,2025,0,3
6733.0,203,1417,12000.0,16.0,Corporate Event,5,0.0,0.0,200.0,400.0,1,2,8,0,1,1,8.46262341325811,33.004901960784316,6.946078431372549,14.315937940761636,11,4,2022,2,3
12879.0,176,3661,13000.0,10.0,Birthday,5,0.0,0.0,100.0,200.0,0,1,4,0,0,2,3.5499726925177497,72.76271186440678,20.683615819209038,4.8061168760240305,9,3,2022,3,3
8199.0,229,3480,26000.0,9.0,Corporate Event,5,0.0,0.0,300.0,500.0,1,1,14,0,1,1,7.469118069520253,35.64782608695652,15.130434782608695,6.578569376615915,7,3,2022,6,2
9855.0,202,1983,25000.0,2.0,Corporate Event,5,0.0,0.0,200.0,400.0,1,2,7,0,1,2,12.600806451612904,48.54679802955665,9.768472906403941,10.181451612903226,11,4,2024,2,3
5960.0,176,3661,17000.0,2.0,Corporate Event,1,0.0,0.0,200.0,400.0,1,2,13,0,1,2,4.642271982523211,33.67231638418079,20.683615819209038,4.8061168760240305,4,2,2023,0,1
5595.0,176,3661,17000.0,0.0,Birthday,3,0.0,0.0,200.0,400.0,0,0,0,0,1,1,4.642271982523211,31.610169491525422,20.683615819209038,4.8061168760240305,12,4,2022,0,0
2334.0,126,4896,15000.0,0.0,Wedding,5,0.0,0.0,200.0,400.0,2,0,12,0,1,2,3.06309985705534,18.37795275590551,38.55118110236221,2.5730038799264854,5,2,2022,0,1
6842.0,202,1983,13000.0,0.0,Birthday,1,0.0,0.0,200.0,400.0,0,0,7,0,1,0,6.55241935483871,33.70443349753695,9.768472906403941,10.181451612903226,11,4,2023,2,3
10866.0,298,962,19000.0,16.0,Birthday,4,0.0,0.0,200.0,400.0,0,2,8,0,1,2,19.73001038421599,36.34113712374582,3.217391304347826,30.944963655244027,2,1,2025,3,0
2489.0,155,66,13000.0,16.0,Wedding,4,0.0,0.0,200.0,400.0,2,2,8,0,1,0,194.02985074626866,15.955128205128204,0.4230769230769231,231.34328358208953,3,1,2024,6,1
13953.0,203,1258,19000.0,11.0,Wedding,1,0.0,0.0,200.0,400.0,2,1,0,0,1,0,15.091342335186656,68.3970588235294,6.166666666666667,16.12390786338364,9,3,2023,2,3
12295.0,229,3480,17000.0,20.0,Birthday,1,0.0,0.0,200.0,400.0,0,2,8,0,1,1,4.883654122378627,53.45652173913044,15.130434782608695,6.578569376615915,2,1,2022,5,0
2706.0,203,1417,15000.0,20.0,Corporate Event,4,0.0,0.0,300.0,500.0,1,2,17,0,0,2,10.578279266572638,13.264705882352942,6.946078431372549,14.315937940761636,7,3,2023,2,2
6670.0,298,962,25000.0,0.0,Corporate Event,4,0.0,0.0,300.0,500.0,1,0,16,0,1,1,25.96053997923157,22.307692307692307,3.217391304347826,30.944963655244027,2,1,2025,5,0
4732.0,126,4896,23000.0,10.0,Birthday,5,0.0,0.0,300.0,500.0,0,0,10,0,1,0,4.696753114151521,37.25984251968504,38.55118110236221,2.5730038799264854,2,1,2023,1,0
2231.0,42,3577,13000.0,0.0,Corporate Event,4,0.0,0.0,200.0,400.0,1,0,6,0,1,1,3.6333147009502516,51.883720930232556,83.18604651162791,1.1738401341531581,11,4,2022,0,3
10842.0,203,1417,26000.0,2.0,Birthday,4,0.0,0.0,100.0,200.0,0,2,4,0,0,1,18.33568406205924,53.14705882352941,6.946078431372549,14.315937940761636,12,4,2024,3,0
8388.0,203,1258,13000.0,0.0,Wedding,1,0.0,0.0,200.0,400.0,2,0,12,0,1,2,10.325655281969818,41.11764705882353,6.166666666666667,16.12390786338364,9,3,2024,4,3
7733.0,203,1258,12000.0,16.0,Corporate Event,2,0.0,0.0,200.0,400.0,1,2,13,0,1,0,9.531374106433677,37.90686274509804,6.166666666666667,16.12390786338364,7,3,2024,1,2
2650.0,298,962,21000.0,0.0,Corporate Event,4,0.0,0.0,200.0,400.0,1,2,6,0,1,0,21.806853582554517,8.862876254180602,3.217391304347826,30.944963655244027,1,1,2024,3,0
1915.0,239,4101,20000.0,2.0,Wedding,2,0.0,0.0,300.0,500.0,2,2,2,0,1,0,4.875670404680643,7.979166666666667,17.0875,5.826426133593369,12,4,2022,5,0
8333.0,298,962,21000.0,0.0,Corporate Event,4,0.0,0.0,200.0,400.0,1,0,13,0,1,0,21.806853582554517,27.869565217391305,3.217391304347826,30.944963655244027,3,1,2022,0,1
14455.0,239,4101,22000.0,0.0,Birthday,5,0.0,0.0,200.0,400.0,0,2,6,0,1,0,5.363237445148708,60.229166666666664,17.0875,5.826426133593369,9,3,2025,4,3
10863.0,249,22215,12000.0,2.0,Birthday,1,0.0,0.0,200.0,400.0,0,2,7,0,1,2,0.5401512423478574,43.452,88.86,1.120813827871804,12,4,2025,2,0
10616.0,155,66,21000.0,2.0,Corporate Event,1,0.0,0.0,200.0,400.0,1,0,1,0,1,1,313.43283582089555,68.05128205128206,0.4230769230769231,231.34328358208953,5,2,2025,3,1
12932.0,252,1608,20000.0,5.0,Wedding,3,0.0,0.0,300.0,500.0,2,1,5,0,1,1,12.430080795525171,51.11462450592885,6.355731225296442,15.661901802361717,11,4,2022,3,3
8738.0,176,3661,19000.0,16.0,Corporate Event,3,0.0,0.0,200.0,500.0,1,2,9,0,0,1,5.188421627525942,49.367231638418076,20.683615819209038,4.8061168760240305,10,4,2025,1,3
7386.0,202,1983,21000.0,2.0,Corporate Event,3,0.0,0.0,100.0,200.0,1,2,4,0,0,0,10.584677419354838,36.38423645320197,9.768472906403941,10.181451612903226,8,3,2023,1,2
7071.0,42,3577,15000.0,9.0,Wedding,4,0.0,0.0,300.0,500.0,2,1,14,0,1,1,4.192286193404136,164.4418604651163,83.18604651162791,1.1738401341531581,9,3,2022,0,3
4819.0,239,4101,12000.0,2.0,Birthday,4,0.0,0.0,200.0,400.0,0,2,13,0,1,0,2.9254022428083863,20.079166666666666,17.0875,5.826426133593369,11,4,2023,6,3
6708.0,252,1608,19000.0,16.0,Wedding,4,0.0,0.0,200.0,400.0,2,2,8,0,1,2,11.808576755748913,26.513833992094863,6.355731225296442,15.661901802361717,4,2,2024,1,1
14505.0,155,66,26000.0,0.0,Birthday,5,0.0,0.0,300.0,500.0,0,2,16,0,1,0,388.05970149253733,92.98076923076923,0.4230769230769231,231.34328358208953,4,2,2022,6,1
3810.0,203,1258,13000.0,5.0,Corporate Event,3,0.0,0.0,300.0,500.0,1,1,5,0,1,0,10.325655281969818,18.676470588235293,6.166666666666667,16.12390786338364,9,3,2022,3,3
12931.0,298,962,15000.0,0.0,Corporate Event,5,0.0,0.0,200.0,400.0,1,0,7,0,1,2,15.576323987538942,43.247491638795985,3.217391304347826,30.944963655244027,1,1,2023,2,0
12511.0,202,1983,15000.0,20.0,Wedding,1,0.0,0.0,300.0,500.0,2,2,17,0,0,2,7.560483870967742,61.63054187192118,9.768472906403941,10.181451612903226,1,1,2023,5,0
10625.0,249,22215,13000.0,16.0,Corporate Event,5,0.0,0.0,300.0,500.0,1,2,14,0,1,2,0.5851638458768456,42.5,88.86,1.120813827871804,10,4,2025,1,3
13450.0,176,3661,13000.0,5.0,Birthday,3,0.0,0.0,300.0,500.0,0,1,5,0,1,2,3.5499726925177497,75.98870056497175,20.683615819209038,4.8061168760240305,1,1,2023,3,0
7890.0,202,1983,22000.0,3.0,Corporate Event,5,0.0,0.0,200.0,500.0,1,1,11,0,0,1,11.088709677419354,38.86699507389162,9.768472906403941,10.181451612903226,11,4,2023,3,3
12620.0,203,1258,17000.0,0.0,Birthday,3,0.0,0.0,100.0,200.0,0,1,15,0,0,2,13.502779984114376,61.86274509803921,6.166666666666667,16.12390786338364,9,3,2023,3,3
10758.0,239,4101,25000.0,2.0,Corporate Event,3,0.0,0.0,200.0,400.0,1,2,13,0,1,0,6.094588005850804,44.825,17.0875,5.826426133593369,6,2,2022,4,2
10688.0,203,1258,13000.0,0.0,Birthday,3,0.0,0.0,200.0,400.0,0,0,12,0,1,2,10.325655281969818,52.3921568627451,6.166666666666667,16.12390786338364,3,1,2022,6,1
11507.0,298,962,17000.0,0.0,Wedding,1,0.0,0.0,100.0,200.0,2,2,3,0,0,0,17.653167185877468,38.48494983277592,3.217391304347826,30.944963655244027,6,2,2022,0,2
2066.0,176,3661,15000.0,3.0,Corporate Event,4,0.0,0.0,100.0,200.0,1,0,18,0,0,1,4.09612233752048,11.67231638418079,20.683615819209038,4.8061168760240305,11,4,2025,0,3
5065.0,252,1608,21000.0,16.0,Birthday,2,0.0,0.0,300.0,500.0,0,2,14,0,1,0,13.05158483530143,20.0197628458498,6.355731225296442,15.661901802361717,10,4,2023,3,3
6976.0,249,22215,17000.0,4.0,Corporate Event,4,0.0,0.0,100.0,200.0,1,2,18,0,0,0,0.765214259992798,27.904,88.86,1.120813827871804,1,1,2025,3,0
5675.0,126,4896,26000.0,10.0,Wedding,5,0.0,0.0,300.0,500.0,2,0,10,0,1,1,5.309373085562589,44.68503937007874,38.55118110236221,2.5730038799264854,10,4,2024,5,3
1992.0,155,66,13000.0,7.0,Corporate Event,1,0.0,0.0,300.0,500.0,1,2,10,0,1,0,194.02985074626866,12.76923076923077,0.4230769230769231,231.34328358208953,12,4,2024,1,0
9963.0,126,4896,22000.0,0.0,Corporate Event,3,0.0,0.0,200.0,400.0,1,2,6,0,1,2,4.492546457014499,78.44881889763779,38.55118110236221,2.5730038799264854,8,3,2024,5,2
1290.0,252,1608,23000.0,7.0,Wedding,4,0.0,0.0,300.0,500.0,2,0,5,0,1,1,14.294592914853947,5.098814229249012,6.355731225296442,15.661901802361717,1,1,2025,2,0
8330.0,126,4896,23000.0,20.0,Wedding,2,0.0,0.0,200.0,400.0,2,2,8,0,1,1,4.696753114151521,65.59055118110236,38.55118110236221,2.5730038799264854,2,1,2024,0,0
8316.0,249,22215,24000.0,5.0,Corporate Event,5,0.0,0.0,300.0,500.0,1,2,14,0,1,0,1.0803024846957148,33.264,88.86,1.120813827871804,6,2,2022,0,2
12897.0,176,3661,25000.0,10.0,Birthday,4,0.0,0.0,200.0,400.0,0,2,0,0,1,2,6.826870562534134,72.86440677966101,20.683615819209038,4.8061168760240305,6,2,2024,5,2
9856.0,298,962,21000.0,11.0,Wedding,4,0.0,0.0,200.0,400.0,2,1,0,0,1,2,21.806853582554517,32.96321070234114,3.217391304347826,30.944963655244027,1,1,2023,0,0
10376.0,229,3480,22000.0,10.0,Corporate Event,1,0.0,0.0,300.0,500.0,1,0,10,0,1,1,6.320022981901753,45.11304347826087,15.130434782608695,6.578569376615915,6,2,2024,2,2
14623.0,155,66,19000.0,5.0,Birthday,4,0.0,0.0,300.0,500.0,0,1,16,0,1,0,283.5820895522388,93.73717948717949,0.4230769230769231,231.34328358208953,4,2,2022,2,1
9201.0,126,4896,21000.0,10.0,Birthday,3,0.0,0.0,200.0,400.0,0,2,0,0,1,0,4.288339799877476,72.44881889763779,38.55118110236221,2.5730038799264854,4,2,2023,5,1
5704.0,229,3480,21000.0,7.0,Birthday,5,0.0,0.0,100.0,200.0,0,2,4,0,0,1,6.032749209997127,24.8,15.130434782608695,6.578569376615915,7,3,2022,5,2
2364.0,202,1983,19000.0,2.0,Wedding,5,0.0,0.0,300.0,500.0,2,2,10,0,1,0,9.576612903225806,11.645320197044335,9.768472906403941,10.181451612903226,3,1,2024,6,1
12560.0,202,1983,25000.0,0.0,Corporate Event,4,0.0,0.0,100.0,200.0,1,0,3,0,0,2,12.600806451612904,61.87192118226601,9.768472906403941,10.181451612903226,3,1,2025,6,1
7909.0,203,1417,20000.0,10.0,Wedding,2,0.0,0.0,100.0,200.0,2,2,3,0,0,0,14.104372355430183,38.76960784313726,6.946078431372549,14.315937940761636,12,4,2023,6,0
1970.0,229,3480,20000.0,10.0,Corporate Event,4,0.0,0.0,300.0,500.0,1,0,10,0,1,0,5.745475438092502,8.565217391304348,15.130434782608695,6.578569376615915,5,2,2023,2,1
9958.0,126,4896,23000.0,4.0,Corporate Event,5,0.0,0.0,200.0,400.0,1,2,1,0,1,2,4.696753114151521,78.40944881889764,38.55118110236221,2.5730038799264854,9,3,2025,5,3
7409.0,239,4101,25000.0,10.0,Corporate Event,2,0.0,0.0,100.0,200.0,1,1,4,0,0,0,6.094588005850804,30.870833333333334,17.0875,5.826426133593369,12,4,2023,6,0
9234.0,203,1258,12000.0,7.0,Corporate Event,4,0.0,0.0,100.0,200.0,1,2,4,0,0,2,9.531374106433677,45.26470588235294,6.166666666666667,16.12390786338364,5,2,2025,2,1
13465.0,155,66,13000.0,9.0,Wedding,3,0.0,0.0,300.0,500.0,2,2,5,0,1,0,194.02985074626866,86.31410256410257,0.4230769230769231,231.34328358208953,6,2,2024,1,2
14283.0,239,4101,24000.0,2.0,Wedding,2,0.0,0.0,100.0,200.0,2,2,4,0,0,2,5.850804485616773,59.5125,17.0875,5.826426133593369,6,2,2025,4,2
4665.0,298,962,24000.0,2.0,Wedding,4,0.0,0.0,200.0,500.0,2,0,9,0,0,0,24.922118380062305,15.602006688963211,3.217391304347826,30.944963655244027,2,1,2022,2,0
3372.0,298,962,22000.0,7.0,Wedding,2,0.0,0.0,100.0,200.0,2,0,15,0,0,1,22.84527518172378,11.277591973244148,3.217391304347826,30.944963655244027,9,3,2024,0,3
10798.0,126,4896,25000.0,3.0,Wedding,5,0.0,0.0,200.0,500.0,2,2,9,0,0,0,5.105166428425567,85.02362204724409,38.55118110236221,2.5730038799264854,9,3,2024,4,3
8003.0,155,66,20000.0,6.0,Corporate Event,5,0.0,0.0,300.0,500.0,1,1,2,0,1,1,298.5074626865672,51.30128205128205,0.4230769230769231,231.34328358208953,3,1,2022,6,1
3068.0,42,3577,17000.0,5.0,Corporate Event,5,0.0,0.0,300.0,500.0,1,2,14,0,1,1,4.751257685858021,71.34883720930233,83.18604651162791,1.1738401341531581,3,1,2024,2,1
10340.0,202,1983,13000.0,14.0,Wedding,1,0.0,0.0,200.0,400.0,2,2,0,0,1,0,6.55241935483871,50.935960591133004,9.768472906403941,10.181451612903226,6,2,2024,3,2
10896.0,42,3577,24000.0,14.0,Corporate Event,2,0.0,0.0,200.0,400.0,1,2,0,0,1,0,6.707657909446619,253.3953488372093,83.18604651162791,1.1738401341531581,10,4,2025,2,3
10069.0,252,1608,19000.0,5.0,Birthday,2,0.0,0.0,300.0,500.0,0,1,5,0,1,1,11.808576755748913,39.798418972332016,6.355731225296442,15.661901802361717,1,1,2025,4,0
5985.0,298,962,15000.0,0.0,Corporate Event,2,0.0,0.0,200.0,400.0,1,0,12,0,1,1,15.576323987538942,20.016722408026755,3.217391304347826,30.944963655244027,3,1,2023,6,1
10325.0,126,4896,23000.0,5.0,Corporate Event,4,0.0,0.0,300.0,500.0,1,1,16,0,1,0,4.696753114151521,81.2992125984252,38.55118110236221,2.5730038799264854,4,2,2025,3,1
9898.0,155,66,13000.0,5.0,Corporate Event,3,0.0,0.0,300.0,500.0,1,1,5,0,1,2,194.02985074626866,63.44871794871795,0.4230769230769231,231.34328358208953,2,1,2023,6,0
4892.0,239,4101,26000.0,4.0,Corporate Event,1,0.0,0.0,300.0,500.0,1,0,2,0,1,1,6.338371526084837,20.383333333333333,17.0875,5.826426133593369,5,2,2024,6,1
3466.0,249,22215,12000.0,3.0,Corporate Event,2,0.0,0.0,100.0,200.0,1,0,18,0,0,2,0.5401512423478574,13.864,88.86,1.120813827871804,4,2,2022,4,1
12787.0,298,962,13000.0,2.0,Birthday,3,0.0,0.0,200.0,400.0,0,2,7,0,1,1,13.499480789200415,42.76588628762542,3.217391304347826,30.944963655244027,1,1,2023,2,0
14597.0,203,1258,23000.0,0.0,Wedding,5,0.0,0.0,200.0,400.0,2,2,6,0,1,2,18.268467037331217,71.55392156862744,6.166666666666667,16.12390786338364,4,2,2022,5,1
14746.0,203,1258,15000.0,0.0,Birthday,4,0.0,0.0,100.0,200.0,0,2,3,0,0,0,11.914217633042098,72.2843137254902,6.166666666666667,16.12390786338364,11,4,2023,1,3
817.0,252,1608,15000.0,9.0,Corporate Event,3,0.0,0.0,300.0,500.0,1,2,5,0,1,0,9.322560596643878,3.2292490118577075,6.355731225296442,15.661901802361717,11,4,2024,6,3
9414.0,176,3661,12000.0,0.0,Wedding,1,0.0,0.0,200.0,400.0,2,2,6,0,1,0,3.2768978700163847,53.186440677966104,20.683615819209038,4.8061168760240305,12,4,2023,1,0
847.0,252,1608,26000.0,9.0,Wedding,1,0.0,0.0,200.0,400.0,2,1,6,0,1,1,16.159105034182723,3.347826086956522,6.355731225296442,15.661901802361717,2,1,2024,3,0
2003.0,176,3661,12000.0,14.0,Corporate Event,2,0.0,0.0,300.0,500.0,1,1,10,0,1,0,3.2768978700163847,11.31638418079096,20.683615819209038,4.8061168760240305,2,1,2022,4,0
9559.0,229,3480,17000.0,0.0,Wedding,1,0.0,0.0,200.0,400.0,2,0,7,0,1,2,4.883654122378627,41.56086956521739,15.130434782608695,6.578569376615915,2,1,2023,5,0
13531.0,249,22215,21000.0,9.0,Birthday,2,0.0,0.0,300.0,500.0,0,2,5,0,1,2,0.9452646741087505,54.124,88.86,1.120813827871804,11,4,2023,1,3
4862.0,155,66,26000.0,2.0,Wedding,2,0.0,0.0,300.0,500.0,2,2,2,0,1,1,388.05970149253733,31.166666666666668,0.4230769230769231,231.34328358208953,1,1,2023,0,0
1095.0,42,3577,22000.0,0.0,Corporate Event,4,0.0,0.0,100.0,200.0,1,0,4,0,0,2,6.148686416992733,25.46511627906977,83.18604651162791,1.1738401341531581,1,1,2023,2,0
4018.0,202,1983,23000.0,14.0,Wedding,4,0.0,0.0,300.0,500.0,2,1,10,0,1,1,11.59274193548387,19.79310344827586,9.768472906403941,10.181451612903226,9,3,2023,3,3
10326.0,252,1608,25000.0,12.0,Corporate Event,3,0.0,0.0,200.0,500.0,1,1,9,0,0,2,15.537600994406464,40.81422924901186,6.355731225296442,15.661901802361717,5,2,2024,6,1
10334.0,202,1983,20000.0,10.0,Birthday,2,0.0,0.0,300.0,500.0,0,0,10,0,1,0,10.080645161290322,50.9064039408867,9.768472906403941,10.181451612903226,5,2,2025,0,1
4979.0,203,1417,21000.0,16.0,Birthday,2,0.0,0.0,200.0,400.0,0,2,13,0,1,1,14.809590973201692,24.40686274509804,6.946078431372549,14.315937940761636,11,4,2024,1,3
2482.0,249,22215,25000.0,9.0,Corporate Event,3,0.0,0.0,300.0,500.0,1,2,5,0,1,2,1.125315088224703,9.928,88.86,1.120813827871804,11,4,2023,0,3
14710.0,229,3480,12000.0,2.0,Wedding,5,0.0,0.0,200.0,400.0,2,2,12,0,1,0,3.4472852628555013,63.95652173913044,15.130434782608695,6.578569376615915,7,3,2022,4,2
130650.0,203,1417,20000.0,3.0,Birthday,1,0.0,0.0,100.0,200.0,0,0,18,0,0,1,14.104372355430183,640.4411764705883,6.946078431372549,14.315937940761636,11,4,2024,3,3
1888.0,229,3480,26000.0,8.0,Corporate Event,2,0.0,0.0,100.0,200.0,1,2,18,0,0,2,7.469118069520253,8.208695652173914,15.130434782608695,6.578569376615915,6,2,2025,1,2
14820.0,155,66,19000.0,9.0,Wedding,3,0.0,0.0,300.0,500.0,2,2,5,0,1,1,283.5820895522388,95.0,0.4230769230769231,231.34328358208953,10,4,2024,5,3
913.0,252,1608,12000.0,16.0,Corporate Event,1,0.0,0.0,200.0,400.0,1,2,1,0,1,1,7.458048477315103,3.608695652173913,6.355731225296442,15.661901802361717,10,4,2024,2,3
8007.0,252,1608,25000.0,10.0,Wedding,3,0.0,0.0,100.0,200.0,2,1,4,0,0,1,15.537600994406464,31.64822134387352,6.355731225296442,15.661901802361717,11,4,2024,2,3
11457.0,202,1983,15000.0,2.0,Wedding,1,0.0,0.0,200.0,400.0,2,2,12,0,1,1,7.560483870967742,56.4384236453202,9.768472906403941,10.181451612903226,12,4,2023,0,0
13452.0,155,66,22000.0,12.0,Wedding,2,0.0,0.0,200.0,500.0,2,1,9,0,0,0,328.35820895522386,86.23076923076923,0.4230769230769231,231.34328358208953,3,1,2025,4,1
13532.0,203,1417,21000.0,8.0,Corporate Event,2,0.0,0.0,100.0,200.0,1,2,18,0,0,2,14.809590973201692,66.33333333333333,6.946078431372549,14.315937940761636,6,2,2025,4,2
10888.0,252,1608,21000.0,20.0,Birthday,2,0.0,0.0,300.0,500.0,0,2,17,0,0,1,13.05158483530143,43.03557312252964,6.355731225296442,15.661901802361717,12,4,2024,6,0
11737.0,203,1417,15000.0,9.0,Birthday,4,0.0,0.0,200.0,400.0,0,1,6,0,1,0,10.578279266572638,57.53431372549019,6.946078431372549,14.315937940761636,9,3,2022,4,3
9098.0,239,4101,20000.0,16.0,Corporate Event,2,0.0,0.0,200.0,400.0,1,2,8,0,1,1,4.875670404680643,37.90833333333333,17.0875,5.826426133593369,12,4,2022,5,0
6735.0,176,3661,17000.0,7.0,Birthday,2,0.0,0.0,300.0,500.0,0,0,5,0,1,0,4.642271982523211,38.05084745762712,20.683615819209038,4.8061168760240305,2,1,2023,2,0
11367.0,126,4896,19000.0,16.0,Birthday,4,0.0,0.0,200.0,400.0,0,2,13,0,1,1,3.8799264856034306,89.50393700787401,38.55118110236221,2.5730038799264854,1,1,2023,2,0
5049.0,176,3661,21000.0,10.0,Birthday,3,0.0,0.0,300.0,500.0,0,0,10,0,1,1,5.734571272528673,28.52542372881356,20.683615819209038,4.8061168760240305,3,1,2024,0,1
3183.0,203,1417,20000.0,0.0,Corporate Event,5,0.0,0.0,100.0,200.0,1,0,3,0,0,0,14.104372355430183,15.602941176470589,6.946078431372549,14.315937940761636,2,1,2023,2,0
8404.0,229,3480,24000.0,16.0,Wedding,4,0.0,0.0,200.0,500.0,2,2,11,0,0,0,6.894570525711003,36.53913043478261,15.130434782608695,6.578569376615915,8,3,2025,2,2
12011.0,176,3661,26000.0,0.0,Birthday,4,0.0,0.0,200.0,400.0,0,0,0,0,1,2,7.099945385035499,67.85875706214689,20.683615819209038,4.8061168760240305,12,4,2023,5,0
3576.0,298,962,13000.0,2.0,Birthday,1,0.0,0.0,200.0,500.0,0,0,9,0,0,1,13.499480789200415,11.959866220735785,3.217391304347826,30.944963655244027,6,2,2025,5,2
8315.0,249,22215,23000.0,14.0,Corporate Event,3,0.0,0.0,200.0,400.0,1,2,0,0,1,1,1.0352898811667266,33.26,88.86,1.120813827871804,10,4,2025,3,3
67960.0,155,66,21000.0,6.0,Corporate Event,3,0.0,0.0,300.0,500.0,1,1,2,0,1,0,313.43283582089555,435.64102564102564,0.4230769230769231,231.34328358208953,1,1,2023,6,0
10374.0,42,3577,26000.0,3.0,Wedding,3,0.0,0.0,200.0,400.0,2,1,12,0,1,1,7.266629401900503,241.25581395348837,83.18604651162791,1.1738401341531581,10,4,2024,3,3
4121.0,176,3661,26000.0,10.0,Wedding,5,0.0,0.0,200.0,400.0,2,2,0,0,1,2,7.099945385035499,23.282485875706215,20.683615819209038,4.8061168760240305,11,4,2023,2,3
5635.0,203,1417,15000.0,14.0,Wedding,4,0.0,0.0,300.0,500.0,2,1,10,0,1,1,10.578279266572638,27.622549019607842,6.946078431372549,14.315937940761636,7,3,2022,6,2
12252.0,229,3480,21000.0,8.0,Wedding,1,0.0,0.0,300.0,500.0,2,2,2,0,1,2,6.032749209997127,53.2695652173913,15.130434782608695,6.578569376615915,7,3,2025,0,2
13392.0,202,1983,22000.0,3.0,Wedding,3,0.0,0.0,100.0,200.0,2,0,18,0,0,0,11.088709677419354,65.9704433497537,9.768472906403941,10.181451612903226,8,3,2022,2,2
11061.0,42,3577,25000.0,10.0,Corporate Event,5,0.0,0.0,200.0,400.0,1,2,6,0,1,2,6.98714365567356,257.2325581395349,83.18604651162791,1.1738401341531581,1,1,2022,0,0
13858.0,249,22215,26000.0,5.0,Birthday,5,0.0,0.0,300.0,500.0,0,1,16,0,1,1,1.1703276917536911,55.432,88.86,1.120813827871804,10,4,2025,1,3
8384.0,239,4101,17000.0,0.0,Corporate Event,2,0.0,0.0,200.0,400.0,1,0,7,0,1,0,4.144319843978547,34.93333333333333,17.0875,5.826426133593369,3,1,2023,5,1
13721.0,126,4896,17000.0,7.0,Wedding,4,0.0,0.0,100.0,200.0,2,0,15,0,0,0,3.471513171329385,108.03937007874016,38.55118110236221,2.5730038799264854,7,3,2023,4,2
6767.0,176,3661,22000.0,0.0,Wedding,5,0.0,0.0,100.0,200.0,2,1,15,0,0,0,6.007646095030038,38.23163841807909,20.683615819209038,4.8061168760240305,3,1,2025,0,1
13435.0,203,1417,22000.0,0.0,Corporate Event,1,0.0,0.0,100.0,200.0,1,2,3,0,0,0,15.514809590973202,65.8578431372549,6.946078431372549,14.315937940761636,9,3,2023,3,3
986.0,229,3480,23000.0,18.0,Wedding,4,0.0,0.0,200.0,400.0,2,0,8,0,1,1,6.607296753806377,4.28695652173913,15.130434782608695,6.578569376615915,3,1,2023,1,1
12751.0,126,4896,13000.0,0.0,Corporate Event,1,0.0,0.0,200.0,400.0,1,0,6,0,1,0,2.6546865427812945,100.4015748031496,38.55118110236221,2.5730038799264854,7,3,2024,4,2
13129.0,203,1417,19000.0,0.0,Corporate Event,3,0.0,0.0,200.0,400.0,1,0,13,0,1,1,13.399153737658674,64.3578431372549,6.946078431372549,14.315937940761636,4,2,2024,4,1
6878.0,298,962,13000.0,18.0,Corporate Event,2,0.0,0.0,200.0,400.0,1,0,8,0,1,2,13.499480789200415,23.00334448160535,3.217391304347826,30.944963655244027,11,4,2025,1,3
9262.0,202,1983,21000.0,16.0,Birthday,2,0.0,0.0,200.0,500.0,0,2,11,0,0,0,10.584677419354838,45.6256157635468,9.768472906403941,10.181451612903226,12,4,2023,4,0
6057.0,239,4101,23000.0,7.0,Corporate Event,4,0.0,0.0,300.0,500.0,1,2,10,0,1,0,5.60702096538274,25.2375,17.0875,5.826426133593369,6,2,2023,5,2
1527.0,252,1608,24000.0,2.0,Birthday,5,0.0,0.0,300.0,500.0,0,2,10,0,1,2,14.916096954630206,6.0355731225296445,6.355731225296442,15.661901802361717,11,4,2023,2,3
7174.0,229,3480,23000.0,8.0,Wedding,5,0.0,0.0,100.0,200.0,2,2,18,0,0,0,6.607296753806377,31.191304347826087,15.130434782608695,6.578569376615915,9,3,2022,3,3
3311.0,252,1608,25000.0,2.0,Birthday,1,0.0,0.0,200.0,500.0,0,0,9,0,0,1,15.537600994406464,13.08695652173913,6.355731225296442,15.661901802361717,10,4,2025,4,3
5700.0,203,1258,13000.0,0.0,Birthday,4,0.0,0.0,300.0,500.0,0,0,14,0,1,2,10.325655281969818,27.941176470588236,6.166666666666667,16.12390786338364,10,4,2025,1,3
2525.0,252,1608,12000.0,0.0,Corporate Event,2,0.0,0.0,300.0,500.0,1,0,17,0,0,1,7.458048477315103,9.980237154150197,6.355731225296442,15.661901802361717,4,2,2024,3,1
6546.0,203,1417,19000.0,16.0,Corporate Event,2,0.0,0.0,200.0,400.0,1,2,1,0,1,2,13.399153737658674,32.088235294117645,6.946078431372549,14.315937940761636,7,3,2024,6,2
14614.0,203,1417,20000.0,10.0,Birthday,3,0.0,0.0,300.0,500.0,0,0,10,0,1,2,14.104372355430183,71.63725490196079,6.946078431372549,14.315937940761636,4,2,2025,0,1
7622.0,239,4101,26000.0,0.0,Wedding,5,0.0,0.0,200.0,500.0,2,2,11,0,0,0,6.338371526084837,31.758333333333333,17.0875,5.826426133593369,7,3,2023,5,2
6410.0,203,1417,26000.0,2.0,Birthday,5,0.0,0.0,300.0,500.0,0,2,10,0,1,1,18.33568406205924,31.42156862745098,6.946078431372549,14.315937940761636,10,4,2024,3,3
9238.0,202,1983,21000.0,5.0,Corporate Event,4,0.0,0.0,100.0,200.0,1,1,3,0,0,1,10.584677419354838,45.50738916256157,9.768472906403941,10.181451612903226,10,4,2022,6,3
13964.0,203,1258,22000.0,0.0,Birthday,5,0.0,0.0,300.0,500.0,0,2,16,0,1,0,17.474185861795075,68.45098039215686,6.166666666666667,16.12390786338364,7,3,2023,6,2
4426.0,126,4896,22000.0,0.0,Corporate Event,3,0.0,0.0,200.0,400.0,1,0,7,0,1,1,4.492546457014499,34.8503937007874,38.55118110236221,2.5730038799264854,11,4,2025,6,3
6030.0,176,3661,15000.0,0.0,Corporate Event,1,0.0,0.0,300.0,500.0,1,0,17,0,0,1,4.09612233752048,34.067796610169495,20.683615819209038,4.8061168760240305,7,3,2025,1,2
10153.0,126,4896,22000.0,0.0,Corporate Event,4,0.0,0.0,300.0,500.0,1,2,16,0,1,0,4.492546457014499,79.94488188976378,38.55118110236221,2.5730038799264854,12,4,2024,5,0
1366.0,203,1417,26000.0,20.0,Corporate Event,5,0.0,0.0,200.0,400.0,1,2,8,0,1,1,18.33568406205924,6.696078431372549,6.946078431372549,14.315937940761636,12,4,2025,3,0
762.0,176,3661,23000.0,0.0,Corporate Event,5,0.0,0.0,200.0,400.0,1,0,12,0,1,1,6.280720917531403,4.305084745762712,20.683615819209038,4.8061168760240305,12,4,2024,5,0
3558.0,203,1417,17000.0,7.0,Wedding,5,0.0,0.0,300.0,500.0,2,2,10,0,1,2,11.988716502115656,17.441176470588236,6.946078431372549,14.315937940761636,1,1,2023,6,0
11390.0,249,22215,19000.0,7.0,Corporate Event,5,0.0,0.0,300.0,500.0,1,2,10,0,1,2,0.8552394670507742,45.56,88.86,1.120813827871804,10,4,2023,4,3
5094.0,176,3661,25000.0,0.0,Birthday,3,0.0,0.0,200.0,400.0,0,0,7,0,1,0,6.826870562534134,28.779661016949152,20.683615819209038,4.8061168760240305,11,4,2022,5,3
10450.0,298,962,25000.0,15.0,Corporate Event,2,0.0,0.0,200.0,400.0,1,1,1,0,1,1,25.96053997923157,34.94983277591973,3.217391304347826,30.944963655244027,5,2,2025,1,1
6564.0,155,66,13000.0,20.0,Wedding,5,0.0,0.0,300.0,500.0,2,2,17,0,0,0,194.02985074626866,42.07692307692308,0.4230769230769231,231.34328358208953,1,1,2023,6,0
116350.0,229,3480,13000.0,2.0,Birthday,4,0.0,0.0,200.0,400.0,0,2,13,0,1,2,3.7345590347601263,505.8695652173913,15.130434782608695,6.578569376615915,3,1,2025,6,1
7093.0,252,1608,19000.0,8.0,Corporate Event,5,0.0,0.0,100.0,200.0,1,2,18,0,0,2,11.808576755748913,28.035573122529645,6.355731225296442,15.661901802361717,9,3,2025,1,3
12744.0,155,66,13000.0,10.0,Corporate Event,4,0.0,0.0,100.0,200.0,1,1,4,0,0,0,194.02985074626866,81.6923076923077,0.4230769230769231,231.34328358208953,11,4,2024,4,3
3281.0,42,3577,24000.0,4.0,Corporate Event,2,0.0,0.0,100.0,200.0,1,2,18,0,0,2,6.707657909446619,76.30232558139535,83.18604651162791,1.1738401341531581,2,1,2023,2,0
12038.0,176,3661,17000.0,0.0,Birthday,4,0.0,0.0,300.0,500.0,0,0,16,0,1,2,4.642271982523211,68.01129943502825,20.683615819209038,4.8061168760240305,6,2,2023,2,2
2039.0,155,66,17000.0,2.0,Corporate Event,2,0.0,0.0,200.0,400.0,1,0,1,0,1,1,253.73134328358208,13.070512820512821,0.4230769230769231,231.34328358208953,9,3,2025,5,3
798.0,126,4896,24000.0,20.0,Birthday,1,0.0,0.0,200.0,400.0,0,2,8,0,1,2,4.900959771288544,6.283464566929134,38.55118110236221,2.5730038799264854,11,4,2024,0,3
8185.0,203,1417,19000.0,7.0,Wedding,4,0.0,0.0,100.0,200.0,2,0,15,0,0,1,13.399153737658674,40.122549019607845,6.946078431372549,14.315937940761636,2,1,2024,2,0
11633.0,202,1983,21000.0,0.0,Birthday,3,0.0,0.0,200.0,400.0,0,2,6,0,1,2,10.584677419354838,57.30541871921182,9.768472906403941,10.181451612903226,10,4,2025,1,3
12811.0,176,3661,15000.0,0.0,Birthday,3,0.0,0.0,200.0,400.0,0,0,13,0,1,2,4.09612233752048,72.37853107344633,20.683615819209038,4.8061168760240305,10,4,2025,6,3
1596.0,252,1608,26000.0,18.0,Wedding,4,0.0,0.0,200.0,400.0,2,0,8,0,1,0,16.159105034182723,6.308300395256917,6.355731225296442,15.661901802361717,11,4,2025,0,3
682.0,126,4896,15000.0,8.0,Corporate Event,4,0.0,0.0,300.0,500.0,1,2,2,0,1,2,3.06309985705534,5.3700787401574805,38.55118110236221,2.5730038799264854,11,4,2022,5,3
12363.0,298,962,13000.0,2.0,Corporate Event,5,0.0,0.0,200.0,400.0,1,2,12,0,1,1,13.499480789200415,41.34782608695652,3.217391304347826,30.944963655244027,6,2,2024,3,2
5807.0,239,4101,21000.0,0.0,Wedding,5,0.0,0.0,200.0,400.0,2,0,6,0,1,1,5.1194539249146755,24.195833333333333,17.0875,5.826426133593369,5,2,2022,6,1
12979.0,126,4896,21000.0,2.0,Corporate Event,2,0.0,0.0,300.0,500.0,1,2,2,0,1,1,4.288339799877476,102.19685039370079,38.55118110236221,2.5730038799264854,3,1,2025,2,1
14385.0,126,4896,24000.0,20.0,Corporate Event,4,0.0,0.0,200.0,400.0,1,2,8,0,1,0,4.900959771288544,113.26771653543307,38.55118110236221,2.5730038799264854,6,2,2025,6,2
7972.0,202,1983,17000.0,2.0,Wedding,1,0.0,0.0,200.0,400.0,2,2,7,0,1,0,8.568548387096774,39.27093596059113,9.768472906403941,10.181451612903226,7,3,2023,4,2
33840.0,252,1608,25000.0,3.0,Wedding,5,0.0,0.0,100.0,200.0,2,0,18,0,0,2,15.537600994406464,133.75494071146244,6.355731225296442,15.661901802361717,11,4,2022,6,3
10339.0,203,1417,19000.0,4.0,Birthday,1,0.0,0.0,100.0,200.0,0,2,18,0,0,1,13.399153737658674,50.681372549019606,6.946078431372549,14.315937940761636,4,2,2022,1,1
10483.0,203,1258,12000.0,4.0,Birthday,1,0.0,0.0,300.0,500.0,0,0,2,0,1,1,9.531374106433677,51.38725490196079,6.166666666666667,16.12390786338364,5,2,2025,5,1
2947.0,42,3577,21000.0,20.0,Wedding,5,0.0,0.0,300.0,500.0,2,2,17,0,0,0,5.869200670765791,68.53488372093024,83.18604651162791,1.1738401341531581,2,1,2024,3,0
12639.0,176,3661,15000.0,9.0,Corporate Event,1,0.0,0.0,300.0,500.0,1,2,5,0,1,2,4.09612233752048,71.40677966101696,20.683615819209038,4.8061168760240305,8,3,2024,6,2
10027.0,176,3661,25000.0,16.0,Wedding,3,0.0,0.0,200.0,400.0,2,2,13,0,1,1,6.826870562534134,56.64971751412429,20.683615819209038,4.8061168760240305,10,4,2022,3,3
1918.0,176,3661,13000.0,8.0,Corporate Event,4,0.0,0.0,300.0,500.0,1,2,2,0,1,2,3.5499726925177497,10.836158192090396,20.683615819209038,4.8061168760240305,4,2,2022,1,1
9491.0,252,1608,15000.0,10.0,Birthday,3,0.0,0.0,200.0,400.0,0,2,0,0,1,2,9.322560596643878,37.51383399209486,6.355731225296442,15.661901802361717,9,3,2024,4,3
6216.0,252,1608,25000.0,2.0,Birthday,2,0.0,0.0,200.0,400.0,0,2,7,0,1,1,15.537600994406464,24.56916996047431,6.355731225296442,15.661901802361717,9,3,2024,5,3
4427.0,252,1608,22000.0,0.0,Birthday,1,0.0,0.0,100.0,200.0,0,0,3,0,0,0,13.673088875077688,17.49802371541502,6.355731225296442,15.661901802361717,3,1,2024,5,1
14940.0,229,3480,15000.0,7.0,Birthday,2,0.0,0.0,300.0,500.0,0,0,5,0,1,1,4.309106578569376,64.95652173913044,15.130434782608695,6.578569376615915,1,1,2023,3,0
8375.0,252,1608,22000.0,16.0,Corporate Event,1,0.0,0.0,200.0,400.0,1,2,13,0,1,1,13.673088875077688,33.10276679841897,6.355731225296442,15.661901802361717,9,3,2022,4,3
7697.0,202,1983,26000.0,3.0,Wedding,4,0.0,0.0,200.0,400.0,2,1,12,0,1,0,13.10483870967742,37.916256157635466,9.768472906403941,10.181451612903226,9,3,2025,6,3
380.0,126,4896,25000.0,2.0,Birthday,1,0.0,0.0,200.0,400.0,0,2,13,0,1,1,5.105166428425567,2.9921259842519685,38.55118110236221,2.5730038799264854,1,1,2024,5,0
14137.0,155,66,22000.0,0.0,Wedding,1,0.0,0.0,200.0,400.0,2,0,7,0,1,0,328.35820895522386,90.62179487179488,0.4230769230769231,231.34328358208953,1,1,2025,1,0
14130.0,298,962,25000.0,20.0,Birthday,2,0.0,0.0,300.0,500.0,0,2,17,0,0,1,25.96053997923157,47.25752508361204,3.217391304347826,30.944963655244027,5,2,2022,0,1
4380.0,203,1258,12000.0,3.0,Birthday,4,0.0,0.0,200.0,400.0,0,1,12,0,1,2,9.531374106433677,21.470588235294116,6.166666666666667,16.12390786338364,10,4,2023,6,3
7387.0,239,4101,26000.0,11.0,Wedding,4,0.0,0.0,200.0,400.0,2,1,0,0,1,0,6.338371526084837,30.779166666666665,17.0875,5.826426133593369,2,1,2024,2,0
12191.0,252,1608,15000.0,4.0,Wedding,5,0.0,0.0,100.0,200.0,2,2,18,0,0,2,9.322560596643878,48.18577075098814,6.355731225296442,15.661901802361717,6,2,2025,5,2
1785.0,252,1608,15000.0,2.0,Wedding,3,0.0,0.0,200.0,400.0,2,0,1,0,1,0,9.322560596643878,7.055335968379446,6.355731225296442,15.661901802361717,4,2,2023,1,1
4690.0,202,1983,21000.0,14.0,Wedding,1,0.0,0.0,200.0,400.0,2,2,0,0,1,1,10.584677419354838,23.103448275862068,9.768472906403941,10.181451612903226,7,3,2025,5,2
12240.0,126,4896,20000.0,0.0,Birthday,3,0.0,0.0,200.0,400.0,0,0,12,0,1,0,4.084133142740454,96.37795275590551,38.55118110236221,2.5730038799264854,7,3,2023,3,2
204.0,176,3661,22000.0,12.0,Wedding,2,0.0,0.0,200.0,500.0,2,1,9,0,0,1,6.007646095030038,1.152542372881356,20.683615819209038,4.8061168760240305,8,3,2024,4,2
14586.0,249,22215,23000.0,2.0,Wedding,1,0.0,0.0,100.0,200.0,2,2,4,0,0,2,1.0352898811667266,58.344,88.86,1.120813827871804,5,2,2022,5,1
14267.0,155,66,17000.0,7.0,Corporate Event,1,0.0,0.0,100.0,200.0,1,0,15,0,0,2,253.73134328358208,91.4551282051282,0.4230769230769231,231.34328358208953,6,2,2024,2,2
12559.0,155,66,24000.0,7.0,Corporate Event,3,0.0,0.0,100.0,200.0,1,1,18,0,0,1,358.2089552238806,80.50641025641026,0.4230769230769231,231.34328358208953,10,4,2025,1,3
6985.0,203,1417,19000.0,0.0,Wedding,3,0.0,0.0,300.0,500.0,2,2,16,0,1,1,13.399153737658674,34.240196078431374,6.946078431372549,14.315937940761636,3,1,2025,4,1
3251.0,239,4101,17000.0,0.0,Corporate Event,2,0.0,0.0,200.0,400.0,1,0,6,0,1,2,4.144319843978547,13.545833333333333,17.0875,5.826426133593369,1,1,2022,2,0
2842.0,203,1417,24000.0,0.0,Birthday,5,0.0,0.0,200.0,400.0,0,0,0,0,1,0,16.92524682651622,13.931372549019608,6.946078431372549,14.315937940761636,8,3,2025,2,2
14404.0,203,1417,19000.0,0.0,Wedding,3,0.0,0.0,300.0,500.0,2,0,16,0,1,0,13.399153737658674,70.6078431372549,6.946078431372549,14.315937940761636,7,3,2022,5,2
8112.0,126,4896,24000.0,16.0,Corporate Event,2,0.0,0.0,200.0,400.0,1,2,1,0,1,0,4.900959771288544,63.874015748031496,38.55118110236221,2.5730038799264854,2,1,2024,1,0
5900.0,155,66,26000.0,2.0,Corporate Event,5,0.0,0.0,200.0,400.0,1,2,13,0,1,1,388.05970149253733,37.82051282051282,0.4230769230769231,231.34328358208953,11,4,2025,5,3
2808.0,203,1258,12000.0,4.0,Wedding,5,0.0,0.0,300.0,500.0,2,2,5,0,1,0,9.531374106433677,13.764705882352942,6.166666666666667,16.12390786338364,2,1,2023,5,0
14377.0,298,962,19000.0,9.0,Wedding,2,0.0,0.0,300.0,500.0,2,2,5,0,1,2,19.73001038421599,48.08361204013378,3.217391304347826,30.944963655244027,5,2,2023,5,1
6785.0,252,1608,21000.0,10.0,Corporate Event,5,0.0,0.0,100.0,200.0,1,1,4,0,0,2,13.05158483530143,26.818181818181817,6.355731225296442,15.661901802361717,10,4,2025,6,3
1934.0,203,1417,23000.0,0.0,Wedding,2,0.0,0.0,200.0,400.0,2,0,13,0,1,2,16.22002820874471,9.480392156862745,6.946078431372549,14.315937940761636,9,3,2024,0,3
5867.0,155,66,17000.0,0.0,Birthday,2,0.0,0.0,300.0,500.0,0,0,17,0,0,2,253.73134328358208,37.60897435897436,0.4230769230769231,231.34328358208953,11,4,2023,2,3
10292.0,239,4101,19000.0,0.0,Wedding,1,0.0,0.0,200.0,400.0,2,0,0,0,1,2,4.631886884446612,42.88333333333333,17.0875,5.826426133593369,8,3,2022,6,2
8324.0,249,22215,13000.0,4.0,Wedding,4,0.0,0.0,200.0,400.0,2,2,1,0,1,1,0.5851638458768456,33.296,88.86,1.120813827871804,9,3,2023,2,3
13933.0,202,1983,20000.0,5.0,Wedding,2,0.0,0.0,300.0,500.0,2,2,14,0,1,2,10.080645161290322,68.63546798029557,9.768472906403941,10.181451612903226,2,1,2022,6,0
3889.0,298,962,22000.0,0.0,Corporate Event,4,0.0,0.0,100.0,200.0,1,2,3,0,0,1,22.84527518172378,13.006688963210703,3.217391304347826,30.944963655244027,12,4,2023,3,0
4416.0,202,1983,22000.0,11.0,Birthday,2,0.0,0.0,200.0,400.0,0,1,0,0,1,0,11.088709677419354,21.753694581280786,9.768472906403941,10.181451612903226,7,3,2025,3,2
8483.0,42,3577,21000.0,2.0,Corporate Event,3,0.0,0.0,200.0,400.0,1,2,12,0,1,1,5.869200670765791,197.27906976744185,83.18604651162791,1.1738401341531581,8,3,2023,1,2
12755.0,239,4101,19000.0,0.0,Corporate Event,3,0.0,0.0,300.0,500.0,1,0,17,0,0,1,4.631886884446612,53.145833333333336,17.0875,5.826426133593369,2,1,2022,6,0
4013.0,229,3480,24000.0,9.0,Birthday,4,0.0,0.0,200.0,400.0,0,1,6,0,1,2,6.894570525711003,17.44782608695652,15.130434782608695,6.578569376615915,6,2,2022,4,2
9431.0,249,22215,13000.0,14.0,Wedding,3,0.0,0.0,300.0,500.0,2,1,10,0,1,1,0.5851638458768456,37.724,88.86,1.120813827871804,9,3,2024,3,3
3513.0,126,4896,19000.0,16.0,Wedding,2,0.0,0.0,200.0,400.0,2,2,13,0,1,2,3.8799264856034306,27.661417322834644,38.55118110236221,2.5730038799264854,12,4,2025,2,0
8471.0,239,4101,22000.0,10.0,Birthday,5,0.0,0.0,200.0,400.0,0,2,6,0,1,2,5.363237445148708,35.295833333333334,17.0875,5.826426133593369,4,2,2023,5,1
10896.0,203,1417,12000.0,0.0,Corporate Event,3,0.0,0.0,100.0,200.0,1,0,3,0,0,2,8.46262341325811,53.411764705882355,6.946078431372549,14.315937940761636,8,3,2024,3,2
8759.0,126,4896,12000.0,0.0,Wedding,5,0.0,0.0,200.0,400.0,2,0,13,0,1,2,2.450479885644272,68.96850393700787,38.55118110236221,2.5730038799264854,1,1,2025,2,0
5948.0,126,4896,26000.0,0.0,Birthday,5,0.0,0.0,100.0,200.0,0,2,15,0,0,1,5.309373085562589,46.83464566929134,38.55118110236221,2.5730038799264854,10,4,2022,3,3
6992.0,298,962,13000.0,0.0,Wedding,1,0.0,0.0,100.0,200.0,2,0,4,0,0,0,13.499480789200415,23.384615384615383,3.217391304347826,30.944963655244027,11,4,2024,2,3
2641.0,249,22215,26000.0,0.0,Wedding,2,0.0,0.0,200.0,400.0,2,0,13,0,1,0,1.1703276917536911,10.564,88.86,1.120813827871804,12,4,2023,4,0
3245.0,155,66,13000.0,3.0,Birthday,3,0.0,0.0,200.0,400.0,0,1,12,0,1,0,194.02985074626866,20.80128205128205,0.4230769230769231,231.34328358208953,9,3,2022,0,3
11056.0,42,3577,12000.0,2.0,Wedding,2,0.0,0.0,200.0,400.0,2,2,7,0,1,2,3.3538289547233093,257.1162790697674,83.18604651162791,1.1738401341531581,12,4,2023,6,0
9321.0,229,3480,24000.0,20.0,Wedding,2,0.0,0.0,300.0,500.0,2,2,17,0,0,2,6.894570525711003,40.52608695652174,15.130434782608695,6.578569376615915,10,4,2023,1,3
12670.0,298,962,12000.0,3.0,Birthday,1,0.0,0.0,200.0,400.0,0,2,12,0,1,1,12.461059190031152,42.374581939799334,3.217391304347826,30.944963655244027,4,2,2023,2,1
9943.0,126,4896,23000.0,3.0,Corporate Event,5,0.0,0.0,200.0,400.0,1,2,12,0,1,2,4.696753114151521,78.29133858267717,38.55118110236221,2.5730038799264854,2,1,2022,5,0
1111.0,126,4896,24000.0,2.0,Birthday,1,0.0,0.0,200.0,500.0,0,0,9,0,0,0,4.900959771288544,8.748031496062993,38.55118110236221,2.5730038799264854,1,1,2023,0,0
5431.0,298,962,15000.0,3.0,Corporate Event,2,0.0,0.0,100.0,200.0,1,0,18,0,0,2,15.576323987538942,18.163879598662206,3.217391304347826,30.944963655244027,11,4,2025,5,3
12254.0,42,3577,17000.0,5.0,Corporate Event,2,0.0,0.0,300.0,500.0,1,1,16,0,1,2,4.751257685858021,284.9767441860465,83.18604651162791,1.1738401341531581,10,4,2024,2,3
13140.0,203,1417,15000.0,14.0,Birthday,5,0.0,0.0,300.0,500.0,0,1,10,0,1,1,10.578279266572638,64.41176470588235,6.946078431372549,14.315937940761636,12,4,2022,5,0
6618.0,155,66,13000.0,3.0,Birthday,1,0.0,0.0,100.0,200.0,0,0,18,0,0,0,194.02985074626866,42.42307692307692,0.4230769230769231,231.34328358208953,9,3,2022,3,3
5454.0,202,1983,22000.0,14.0,Corporate Event,1,0.0,0.0,300.0,500.0,1,1,10,0,1,0,11.088709677419354,26.866995073891626,9.768472906403941,10.181451612903226,10,4,2024,4,3
13783.0,126,4896,22000.0,0.0,Wedding,5,0.0,0.0,200.0,400.0,2,1,13,0,1,1,4.492546457014499,108.5275590551181,38.55118110236221,2.5730038799264854,10,4,2022,6,3
3685.0,229,3480,13000.0,14.0,Corporate Event,4,0.0,0.0,300.0,500.0,1,1,10,0,1,2,3.7345590347601263,16.02173913043478,15.130434782608695,6.578569376615915,9,3,2024,6,3
6223.0,126,4896,20000.0,10.0,Corporate Event,3,0.0,0.0,200.0,400.0,1,2,6,0,1,2,4.084133142740454,49.0,38.55118110236221,2.5730038799264854,8,3,2025,4,2
7208.0,126,4896,25000.0,16.0,Corporate Event,4,0.0,0.0,200.0,400.0,1,2,1,0,1,0,5.105166428425567,56.75590551181102,38.55118110236221,2.5730038799264854,5,2,2025,1,1
5088.0,155,66,20000.0,0.0,Wedding,3,0.0,0.0,200.0,500.0,2,2,11,0,0,0,298.5074626865672,32.61538461538461,0.4230769230769231,231.34328358208953,4,2,2024,5,1
7502.0,126,4896,25000.0,0.0,Birthday,1,0.0,0.0,300.0,500.0,0,2,16,0,1,2,5.105166428425567,59.07086614173228,38.55118110236221,2.5730038799264854,3,1,2022,6,1
4732.0,202,1983,15000.0,0.0,Birthday,3,0.0,0.0,200.0,400.0,0,0,0,0,1,1,7.560483870967742,23.310344827586206,9.768472906403941,10.181451612903226,3,1,2024,4,1
11290.0,126,4896,21000.0,18.0,Birthday,5,0.0,0.0,200.0,400.0,0,0,8,0,1,1,4.288339799877476,88.89763779527559,38.55118110236221,2.5730038799264854,6,2,2025,5,2
14264.0,155,66,15000.0,16.0,Birthday,5,0.0,0.0,200.0,400.0,0,2,1,0,1,2,223.88059701492537,91.43589743589743,0.4230769230769231,231.34328358208953,3,1,2022,1,1
11017.0,203,1258,12000.0,0.0,Corporate Event,1,0.0,0.0,200.0,400.0,1,0,6,0,1,1,9.531374106433677,54.004901960784316,6.166666666666667,16.12390786338364,5,2,2025,6,1
13060.0,155,66,20000.0,0.0,Corporate Event,2,0.0,0.0,200.0,400.0,1,2,6,0,1,0,298.5074626865672,83.71794871794872,0.4230769230769231,231.34328358208953,3,1,2025,1,1
9794.0,203,1258,19000.0,0.0,Wedding,4,0.0,0.0,200.0,400.0,2,0,12,0,1,2,15.091342335186656,48.009803921568626,6.166666666666667,16.12390786338364,9,3,2024,3,3
4415.0,298,962,15000.0,0.0,Wedding,5,0.0,0.0,200.0,400.0,2,0,0,0,1,0,15.576323987538942,14.765886287625419,3.217391304347826,30.944963655244027,9,3,2024,4,3
14670.0,298,962,15000.0,4.0,Corporate Event,1,0.0,0.0,300.0,500.0,1,2,5,0,1,2,15.576323987538942,49.063545150501675,3.217391304347826,30.944963655244027,6,2,2025,4,2
13030.0,239,4101,15000.0,2.0,Birthday,3,0.0,0.0,200.0,400.0,0,2,12,0,1,1,3.6567528035104826,54.291666666666664,17.0875,5.826426133593369,6,2,2023,2,2
6708.0,155,66,21000.0,6.0,Wedding,1,0.0,0.0,200.0,400.0,2,1,7,0,1,0,313.43283582089555,43.0,0.4230769230769231,231.34328358208953,5,2,2025,1,1
12332.0,203,1258,22000.0,20.0,Corporate Event,5,0.0,0.0,300.0,500.0,1,2,17,0,0,0,17.474185861795075,60.450980392156865,6.166666666666667,16.12390786338364,5,2,2022,4,1
6840.0,229,3480,15000.0,18.0,Wedding,3,0.0,0.0,200.0,400.0,2,0,8,0,1,2,4.309106578569376,29.73913043478261,15.130434782608695,6.578569376615915,11,4,2024,2,3
1867.0,239,4101,22000.0,3.0,Birthday,2,0.0,0.0,200.0,400.0,0,2,12,0,1,2,5.363237445148708,7.779166666666667,17.0875,5.826426133593369,4,2,2023,5,1
7402.0,239,4101,21000.0,4.0,Corporate Event,2,0.0,0.0,300.0,500.0,1,1,17,0,0,2,5.1194539249146755,30.841666666666665,17.0875,5.826426133593369,8,3,2022,6,2
7773.0,176,3661,25000.0,9.0,Corporate Event,3,0.0,0.0,300.0,500.0,1,1,14,0,1,1,6.826870562534134,43.91525423728814,20.683615819209038,4.8061168760240305,7,3,2024,4,2
3412.0,252,1608,15000.0,2.0,Corporate Event,2,0.0,0.0,300.0,500.0,1,2,2,0,1,2,9.322560596643878,13.486166007905139,6.355731225296442,15.661901802361717,9,3,2022,3,3
1075.0,203,1417,23000.0,3.0,Wedding,3,0.0,0.0,100.0,200.0,2,0,18,0,0,0,16.22002820874471,5.269607843137255,6.946078431372549,14.315937940761636,11,4,2025,1,3
5532.0,126,4896,21000.0,3.0,Corporate Event,2,0.0,0.0,100.0,200.0,1,0,18,0,0,1,4.288339799877476,43.55905511811024,38.55118110236221,2.5730038799264854,6,2,2025,4,2
5033.0,249,22215,26000.0,15.0,Birthday,5,0.0,0.0,200.0,400.0,0,1,1,0,1,1,1.1703276917536911,20.132,88.86,1.120813827871804,5,2,2022,6,1
12147.0,298,962,13000.0,2.0,Corporate Event,1,0.0,0.0,200.0,400.0,1,2,13,0,1,2,13.499480789200415,40.625418060200666,3.217391304347826,30.944963655244027,9,3,2023,6,3
3653.0,252,1608,12000.0,16.0,Wedding,1,0.0,0.0,200.0,400.0,2,2,8,0,1,2,7.458048477315103,14.438735177865613,6.355731225296442,15.661901802361717,10,4,2025,4,3
1266.0,203,1417,17000.0,0.0,Wedding,5,0.0,0.0,200.0,400.0,2,0,7,0,1,0,11.988716502115656,6.205882352941177,6.946078431372549,14.315937940761636,5,2,2024,4,1
3102.0,239,4101,13000.0,13.0,Corporate Event,1,0.0,0.0,200.0,400.0,1,1,8,0,1,1,3.1691857630424183,12.925,17.0875,5.826426133593369,2,1,2024,4,0
7158.0,252,1608,19000.0,9.0,Wedding,2,0.0,0.0,300.0,500.0,2,1,14,0,1,0,11.808576755748913,28.292490118577074,6.355731225296442,15.661901802361717,8,3,2025,6,2
14864.0,229,3480,24000.0,0.0,Wedding,3,0.0,0.0,200.0,400.0,2,2,6,0,1,1,6.894570525711003,64.62608695652175,15.130434782608695,6.578569376615915,12,4,2022,6,0
11476.0,239,4101,23000.0,10.0,Wedding,1,0.0,0.0,100.0,200.0,2,1,4,0,0,0,5.60702096538274,47.81666666666667,17.0875,5.826426133593369,1,1,2025,5,0
9275.0,155,66,13000.0,5.0,Corporate Event,5,0.0,0.0,300.0,500.0,1,1,16,0,1,1,194.02985074626866,59.455128205128204,0.4230769230769231,231.34328358208953,8,3,2024,3,2
5122.0,42,3577,22000.0,20.0,Wedding,4,0.0,0.0,300.0,500.0,2,2,17,0,0,1,6.148686416992733,119.11627906976744,83.18604651162791,1.1738401341531581,6,2,2025,3,2
10279.0,252,1608,23000.0,2.0,Wedding,3,0.0,0.0,200.0,400.0,2,2,12,0,1,2,14.294592914853947,40.62845849802372,6.355731225296442,15.661901802361717,2,1,2023,6,0
7509.0,249,22215,17000.0,6.0,Corporate Event,1,0.0,0.0,300.0,500.0,1,1,2,0,1,0,0.765214259992798,30.036,88.86,1.120813827871804,7,3,2024,5,2
749.0,176,3661,12000.0,0.0,Birthday,1,0.0,0.0,200.0,400.0,0,0,0,0,1,0,3.2768978700163847,4.231638418079096,20.683615819209038,4.8061168760240305,5,2,2022,2,1
7692.0,203,1417,26000.0,0.0,Wedding,3,0.0,0.0,200.0,400.0,2,0,0,0,1,1,18.33568406205924,37.705882352941174,6.946078431372549,14.315937940761636,9,3,2023,1,3
11565.0,239,4101,13000.0,9.0,Wedding,1,0.0,0.0,200.0,400.0,2,1,6,0,1,2,3.1691857630424183,48.1875,17.0875,5.826426133593369,12,4,2025,1,0
7409.0,229,3480,24000.0,8.0,Corporate Event,4,0.0,0.0,100.0,200.0,1,2,18,0,0,2,6.894570525711003,32.21304347826087,15.130434782608695,6.578569376615915,7,3,2023,6,2
9545.0,155,66,25000.0,8.0,Wedding,4,0.0,0.0,300.0,500.0,2,2,2,0,1,0,373.13432835820896,61.18589743589744,0.4230769230769231,231.34328358208953,1,1,2022,3,0
1128.0,155,66,15000.0,2.0,Corporate Event,5,0.0,0.0,300.0,500.0,1,2,2,0,1,2,223.88059701492537,7.230769230769231,0.4230769230769231,231.34328358208953,6,2,2022,5,2
3764.0,249,22215,13000.0,7.0,Corporate Event,1,0.0,0.0,100.0,200.0,1,0,15,0,0,1,0.5851638458768456,15.056,88.86,1.120813827871804,1,1,2024,6,0
14912.0,202,1983,23000.0,20.0,Wedding,5,0.0,0.0,200.0,400.0,2,2,8,0,1,2,11.59274193548387,73.45812807881774,9.768472906403941,10.181451612903226,12,4,2022,3,0
1772.0,126,4896,22000.0,16.0,Corporate Event,1,0.0,0.0,200.0,400.0,1,2,8,0,1,0,4.492546457014499,13.952755905511811,38.55118110236221,2.5730038799264854,5,2,2025,5,1
11548.0,203,1417,23000.0,2.0,Wedding,1,0.0,0.0,100.0,200.0,2,2,4,0,0,0,16.22002820874471,56.6078431372549,6.946078431372549,14.315937940761636,12,4,2022,2,0
5960.0,203,1417,24000.0,0.0,Wedding,2,0.0,0.0,300.0,500.0,2,2,16,0,1,1,16.92524682651622,29.215686274509803,6.946078431372549,14.315937940761636,8,3,2023,2,2
8359.0,155,66,19000.0,0.0,Wedding,4,0.0,0.0,200.0,400.0,2,0,13,0,1,0,283.5820895522388,53.583333333333336,0.4230769230769231,231.34328358208953,2,1,2023,5,0
11960.0,229,3480,26000.0,0.0,Corporate Event,2,0.0,0.0,200.0,400.0,1,1,13,0,1,0,7.469118069520253,52.0,15.130434782608695,6.578569376615915,6,2,2024,1,2
2188.0,229,3480,13000.0,0.0,Birthday,3,0.0,0.0,100.0,200.0,0,0,3,0,0,0,3.7345590347601263,9.513043478260869,15.130434782608695,6.578569376615915,5,2,2024,6,1
9231.0,155,66,24000.0,5.0,Corporate Event,5,0.0,0.0,300.0,500.0,1,1,16,0,1,1,358.2089552238806,59.17307692307692,0.4230769230769231,231.34328358208953,5,2,2024,0,1
7955.0,42,3577,24000.0,7.0,Wedding,4,0.0,0.0,300.0,500.0,2,0,5,0,1,2,6.707657909446619,185.0,83.18604651162791,1.1738401341531581,8,3,2024,0,2
12264.0,203,1258,20000.0,1.0,Birthday,4,0.0,0.0,100.0,200.0,0,2,15,0,0,1,15.885623510722796,60.11764705882353,6.166666666666667,16.12390786338364,12,4,2022,3,0
7423.0,203,1258,20000.0,14.0,Wedding,2,0.0,0.0,300.0,500.0,2,1,10,0,1,1,15.885623510722796,36.38725490196079,6.166666666666667,16.12390786338364,10,4,2024,0,3
7418.0,229,3480,26000.0,0.0,Corporate Event,1,0.0,0.0,200.0,400.0,1,1,13,0,1,1,7.469118069520253,32.25217391304348,15.130434782608695,6.578569376615915,8,3,2022,5,2
1728.0,229,3480,25000.0,7.0,Corporate Event,1,0.0,0.0,100.0,200.0,1,0,15,0,0,0,7.181844297615628,7.51304347826087,15.130434782608695,6.578569376615915,1,1,2022,6,0
6923.0,42,3577,17000.0,14.0,Wedding,3,0.0,0.0,300.0,500.0,2,1,10,0,1,1,4.751257685858021,161.0,83.18604651162791,1.1738401341531581,11,4,2023,4,3
6457.0,202,1983,19000.0,7.0,Wedding,1,0.0,0.0,100.0,200.0,2,1,18,0,0,0,9.576612903225806,31.807881773399014,9.768472906403941,10.181451612903226,1,1,2023,5,0
8277.0,42,3577,24000.0,2.0,Corporate Event,2,0.0,0.0,200.0,400.0,1,2,7,0,1,0,6.707657909446619,192.48837209302326,83.18604651162791,1.1738401341531581,10,4,2023,3,3
8246.0,42,3577,13000.0,0.0,Wedding,2,0.0,0.0,300.0,500.0,2,0,17,0,0,0,3.6333147009502516,191.7674418604651,83.18604651162791,1.1738401341531581,6,2,2025,4,2
1144.0,203,1258,17000.0,20.0,Wedding,5,0.0,0.0,300.0,500.0,2,2,17,0,0,2,13.502779984114376,5.607843137254902,6.166666666666667,16.12390786338364,1,1,2024,2,0
3137.0,252,1608,12000.0,14.0,Wedding,5,0.0,0.0,300.0,500.0,2,1,10,0,1,0,7.458048477315103,12.399209486166008,6.355731225296442,15.661901802361717,7,3,2022,5,2
2034.0,203,1417,24000.0,5.0,Birthday,3,0.0,0.0,300.0,500.0,0,1,5,0,1,2,16.92524682651622,9.970588235294118,6.946078431372549,14.315937940761636,2,1,2025,5,0
1728.0,126,4896,22000.0,2.0,Corporate Event,4,0.0,0.0,100.0,200.0,1,2,4,0,0,2,4.492546457014499,13.606299212598426,38.55118110236221,2.5730038799264854,9,3,2025,0,3
6072.0,126,4896,13000.0,10.0,Wedding,2,0.0,0.0,200.0,400.0,2,2,0,0,1,1,2.6546865427812945,47.811023622047244,38.55118110236221,2.5730038799264854,2,1,2023,5,0
12516.0,203,1417,25000.0,10.0,Birthday,3,0.0,0.0,100.0,200.0,0,1,4,0,0,1,17.63046544428773,61.35294117647059,6.946078431372549,14.315937940761636,9,3,2023,2,3
10062.0,42,3577,13000.0,5.0,Corporate Event,5,0.0,0.0,300.0,500.0,1,2,14,0,1,0,3.6333147009502516,234.0,83.18604651162791,1.1738401341531581,10,4,2023,5,3
10118.0,249,22215,21000.0,0.0,Birthday,5,0.0,0.0,200.0,400.0,0,0,0,0,1,1,0.9452646741087505,40.472,88.86,1.120813827871804,3,1,2025,5,1
11149.0,203,1258,23000.0,2.0,Corporate Event,4,0.0,0.0,100.0,200.0,1,2,4,0,0,1,18.268467037331217,54.65196078431372,6.166666666666667,16.12390786338364,8,3,2022,4,2
6985.0,202,1983,15000.0,8.0,Birthday,5,0.0,0.0,100.0,200.0,0,2,18,0,0,1,7.560483870967742,34.40886699507389,9.768472906403941,10.181451612903226,6,2,2023,0,2
660.0,239,4101,24000.0,0.0,Corporate Event,3,0.0,0.0,100.0,200.0,1,2,3,0,0,2,5.850804485616773,2.75,17.0875,5.826426133593369,2,1,2025,4,0
8090.0,203,1417,15000.0,14.0,Wedding,3,0.0,0.0,300.0,500.0,2,1,10,0,1,2,10.578279266572638,39.65686274509804,6.946078431372549,14.315937940761636,3,1,2024,4,1
9279.0,126,4896,26000.0,3.0,Corporate Event,3,0.0,0.0,100.0,200.0,1,0,18,0,0,1,5.309373085562589,73.06299212598425,38.55118110236221,2.5730038799264854,4,2,2022,6,1
138380.0,252,1608,25000.0,10.0,Wedding,1,0.0,0.0,300.0,500.0,2,0,10,0,1,0,15.537600994406464,546.9565217391304,6.355731225296442,15.661901802361717,2,1,2023,6,0
2924.0,176,3661,15000.0,3.0,Birthday,5,0.0,0.0,200.0,400.0,0,1,12,0,1,1,4.09612233752048,16.519774011299436,20.683615819209038,4.8061168760240305,4,2,2023,1,1
9885.0,298,962,23000.0,5.0,Birthday,4,0.0,0.0,300.0,500.0,0,1,5,0,1,1,23.883696780893043,33.06020066889632,3.217391304347826,30.944963655244027,10,4,2024,3,3
1513.0,202,1983,20000.0,0.0,Birthday,3,0.0,0.0,200.0,400.0,0,0,7,0,1,1,10.080645161290322,7.45320197044335,9.768472906403941,10.181451612903226,1,1,2024,5,0
4742.0,203,1258,22000.0,2.0,Wedding,4,0.0,0.0,300.0,500.0,2,2,2,0,1,0,17.474185861795075,23.245098039215687,6.166666666666667,16.12390786338364,11,4,2024,2,3
7603.0,298,962,24000.0,0.0,Wedding,3,0.0,0.0,100.0,200.0,2,0,4,0,0,0,24.922118380062305,25.42809364548495,3.217391304347826,30.944963655244027,5,2,2022,2,1
1555.0,229,3480,25000.0,2.0,Wedding,3,0.0,0.0,300.0,500.0,2,2,2,0,1,1,7.181844297615628,6.760869565217392,15.130434782608695,6.578569376615915,5,2,2023,5,1
1719.0,229,3480,23000.0,5.0,Wedding,1,0.0,0.0,100.0,200.0,2,1,3,0,0,1,6.607296753806377,7.473913043478261,15.130434782608695,6.578569376615915,4,2,2025,0,1
2734.0,298,962,22000.0,7.0,Birthday,3,0.0,0.0,100.0,200.0,0,2,4,0,0,1,22.84527518172378,9.143812709030101,3.217391304347826,30.944963655244027,4,2,2024,3,1
12265.0,252,1608,23000.0,11.0,Corporate Event,4,0.0,0.0,200.0,400.0,1,1,0,0,1,2,14.294592914853947,48.47826086956522,6.355731225296442,15.661901802361717,7,3,2024,1,2
4439.0,203,1417,20000.0,5.0,Corporate Event,4,0.0,0.0,100.0,200.0,1,1,3,0,0,2,14.104372355430183,21.75980392156863,6.946078431372549,14.315937940761636,10,4,2023,6,3
9692.0,298,962,21000.0,5.0,Wedding,1,0.0,0.0,100.0,200.0,2,1,3,0,0,1,21.806853582554517,32.414715719063544,3.217391304347826,30.944963655244027,10,4,2022,5,3
11758.0,229,3480,21000.0,20.0,Birthday,5,0.0,0.0,300.0,500.0,0,2,17,0,0,1,6.032749209997127,51.12173913043478,15.130434782608695,6.578569376615915,1,1,2023,4,0
12051.0,176,3661,20000.0,0.0,Wedding,3,0.0,0.0,200.0,400.0,2,0,12,0,1,0,5.461496450027307,68.08474576271186,20.683615819209038,4.8061168760240305,5,2,2023,0,1
5642.0,252,1608,17000.0,16.0,Birthday,1,0.0,0.0,200.0,400.0,0,2,8,0,1,0,10.565568676196396,22.300395256916996,6.355731225296442,15.661901802361717,8,3,2024,5,2
1375.0,252,1608,20000.0,16.0,Birthday,5,0.0,0.0,200.0,400.0,0,2,1,0,1,1,12.430080795525171,5.434782608695652,6.355731225296442,15.661901802361717,7,3,2025,1,2
3228.0,126,4896,23000.0,10.0,Corporate Event,4,0.0,0.0,200.0,400.0,1,2,0,0,1,2,4.696753114151521,25.41732283464567,38.55118110236221,2.5730038799264854,1,1,2025,2,0
8978.0,42,3577,22000.0,0.0,Wedding,5,0.0,0.0,200.0,400.0,2,1,13,0,1,2,6.148686416992733,208.7906976744186,83.18604651162791,1.1738401341531581,6,2,2025,5,2
13553.0,239,4101,23000.0,2.0,Birthday,2,0.0,0.0,200.0,400.0,0,2,13,0,1,1,5.60702096538274,56.47083333333333,17.0875,5.826426133593369,3,1,2023,2,1
144430.0,252,1608,12000.0,10.0,Wedding,4,0.0,0.0,100.0,200.0,2,2,3,0,0,0,7.458048477315103,570.8695652173913,6.355731225296442,15.661901802361717,8,3,2022,1,2
3823.0,42,3577,12000.0,16.0,Wedding,2,0.0,0.0,200.0,400.0,2,2,8,0,1,2,3.3538289547233093,88.90697674418605,83.18604651162791,1.1738401341531581,2,1,2025,6,0
9115.0,229,3480,15000.0,14.0,Corporate Event,4,0.0,0.0,300.0,500.0,1,1,10,0,1,1,4.309106578569376,39.630434782608695,15.130434782608695,6.578569376615915,1,1,2025,4,0
5316.0,249,22215,23000.0,2.0,Birthday,4,0.0,0.0,200.0,400.0,0,0,1,0,1,0,1.0352898811667266,21.264,88.86,1.120813827871804,2,1,2023,3,0
11227.0,202,1983,21000.0,0.0,Corporate Event,1,0.0,0.0,200.0,400.0,1,0,7,0,1,0,10.584677419354838,55.30541871921182,9.768472906403941,10.181451612903226,6,2,2022,5,2
9920.0,203,1258,13000.0,4.0,Birthday,1,0.0,0.0,100.0,200.0,0,2,18,0,0,2,10.325655281969818,48.627450980392155,6.166666666666667,16.12390786338364,9,3,2023,1,3
13845.0,203,1258,22000.0,2.0,Birthday,2,0.0,0.0,300.0,500.0,0,2,10,0,1,1,17.474185861795075,67.86764705882354,6.166666666666667,16.12390786338364,5,2,2024,5,1
8164.0,42,3577,17000.0,5.0,Wedding,1,0.0,0.0,300.0,500.0,2,1,5,0,1,0,4.751257685858021,189.86046511627907,83.18604651162791,1.1738401341531581,5,2,2025,4,1
4835.0,155,66,23000.0,2.0,Wedding,1,0.0,0.0,300.0,500.0,2,2,2,0,1,1,343.2835820895522,30.993589743589745,0.4230769230769231,231.34328358208953,10,4,2025,3,3
10052.0,203,1417,22000.0,20.0,Corporate Event,3,0.0,0.0,200.0,400.0,1,2,8,0,1,2,15.514809590973202,49.27450980392157,6.946078431372549,14.315937940761636,1,1,2025,4,0
147990.0,252,1608,24000.0,11.0,Corporate Event,1,0.0,0.0,200.0,400.0,1,1,0,0,1,0,14.916096954630206,584.9407114624506,6.355731225296442,15.661901802361717,6,2,2024,5,2
6888.0,203,1417,26000.0,10.0,Wedding,1,0.0,0.0,200.0,400.0,2,2,0,0,1,2,18.33568406205924,33.76470588235294,6.946078431372549,14.315937940761636,4,2,2023,2,1
3497.0,203,1258,25000.0,0.0,Wedding,4,0.0,0.0,200.0,400.0,2,0,0,0,1,1,19.857029388403493,17.142156862745097,6.166666666666667,16.12390786338364,7,3,2024,1,2
1610.0,176,3661,24000.0,7.0,Birthday,5,0.0,0.0,100.0,200.0,0,0,15,0,0,1,6.553795740032769,9.096045197740112,20.683615819209038,4.8061168760240305,6,2,2024,5,2
9339.0,249,22215,23000.0,9.0,Birthday,3,0.0,0.0,300.0,500.0,0,2,5,0,1,0,1.0352898811667266,37.356,88.86,1.120813827871804,7,3,2024,0,2
12702.0,298,962,25000.0,13.0,Birthday,1,0.0,0.0,200.0,400.0,0,1,8,0,1,2,25.96053997923157,42.48160535117057,3.217391304347826,30.944963655244027,2,1,2023,3,0
7984.0,239,4101,13000.0,0.0,Wedding,3,0.0,0.0,300.0,500.0,2,0,17,0,0,2,3.1691857630424183,33.266666666666666,17.0875,5.826426133593369,8,3,2023,2,2
14332.0,202,1983,20000.0,16.0,Wedding,1,0.0,0.0,200.0,500.0,2,2,11,0,0,1,10.080645161290322,70.60098522167488,9.768472906403941,10.181451612903226,9,3,2024,1,3
3692.0,252,1608,15000.0,10.0,Birthday,4,0.0,0.0,300.0,500.0,0,0,10,0,1,1,9.322560596643878,14.59288537549407,6.355731225296442,15.661901802361717,5,2,2024,3,1
13557.0,229,3480,23000.0,10.0,Birthday,3,0.0,0.0,300.0,500.0,0,0,10,0,1,1,6.607296753806377,58.94347826086957,15.130434782608695,6.578569376615915,1,1,2025,4,0
9219.0,126,4896,25000.0,0.0,Birthday,2,0.0,0.0,200.0,400.0,0,0,6,0,1,2,5.105166428425567,72.59055118110236,38.55118110236221,2.5730038799264854,4,2,2024,2,1
6271.0,126,4896,24000.0,4.0,Birthday,5,0.0,0.0,100.0,200.0,0,2,18,0,0,1,4.900959771288544,49.37795275590551,38.55118110236221,2.5730038799264854,6,2,2025,1,2
7088.0,229,3480,23000.0,8.0,Birthday,1,0.0,0.0,100.0,200.0,0,2,18,0,0,0,6.607296753806377,30.817391304347826,15.130434782608695,6.578569376615915,1,1,2024,3,0
1830.0,42,3577,24000.0,2.0,Birthday,1,0.0,0.0,200.0,400.0,0,2,13,0,1,0,6.707657909446619,42.55813953488372,83.18604651162791,1.1738401341531581,9,3,2024,4,3
1568.0,239,4101,20000.0,16.0,Wedding,2,0.0,0.0,200.0,400.0,2,2,13,0,1,1,4.875670404680643,6.533333333333333,17.0875,5.826426133593369,4,2,2024,6,1
11297.0,252,1608,25000.0,10.0,Corporate Event,2,0.0,0.0,200.0,400.0,1,2,0,0,1,2,15.537600994406464,44.65217391304348,6.355731225296442,15.661901802361717,5,2,2025,1,1
12889.0,239,4101,21000.0,20.0,Corporate Event,5,0.0,0.0,200.0,400.0,1,2,8,0,1,0,5.1194539249146755,53.704166666666666,17.0875,5.826426133593369,1,1,2025,0,0
10625.0,155,66,26000.0,16.0,Wedding,5,0.0,0.0,200.0,400.0,2,2,8,0,1,0,388.05970149253733,68.10897435897436,0.4230769230769231,231.34328358208953,6,2,2025,0,2
7315.0,203,1258,19000.0,3.0,Wedding,3,0.0,0.0,200.0,400.0,2,2,12,0,1,1,15.091342335186656,35.8578431372549,6.166666666666667,16.12390786338364,2,1,2025,5,0
11544.0,155,66,25000.0,3.0,Wedding,2,0.0,0.0,200.0,400.0,2,2,12,0,1,2,373.13432835820896,74.0,0.4230769230769231,231.34328358208953,2,1,2025,5,0
6733.0,229,3480,19000.0,7.0,Wedding,5,0.0,0.0,300.0,500.0,2,2,10,0,1,0,5.458201666187877,29.27391304347826,15.130434782608695,6.578569376615915,8,3,2024,4,2
1674.0,239,4101,19000.0,10.0,Birthday,5,0.0,0.0,200.0,400.0,0,2,0,0,1,2,4.631886884446612,6.975,17.0875,5.826426133593369,5,2,2025,5,1
21880.0,42,3577,12000.0,20.0,Birthday,5,0.0,0.0,300.0,500.0,0,2,17,0,0,1,3.3538289547233093,508.83720930232556,83.18604651162791,1.1738401341531581,6,2,2025,1,2
8226.0,252,1608,26000.0,0.0,Corporate Event,3,0.0,0.0,100.0,200.0,1,2,15,0,0,0,16.159105034182723,32.51383399209486,6.355731225296442,15.661901802361717,11,4,2022,2,3
5942.0,252,1608,23000.0,8.0,Birthday,1,0.0,0.0,100.0,200.0,0,2,18,0,0,0,14.294592914853947,23.486166007905137,6.355731225296442,15.661901802361717,11,4,2025,3,3
7284.0,203,1258,25000.0,10.0,Birthday,2,0.0,0.0,100.0,200.0,0,2,3,0,0,2,19.857029388403493,35.705882352941174,6.166666666666667,16.12390786338364,3,1,2025,2,1
10674.0,155,66,15000.0,2.0,Corporate Event,4,0.0,0.0,200.0,400.0,1,2,7,0,1,1,223.88059701492537,68.42307692307692,0.4230769230769231,231.34328358208953,3,1,2022,3,1
1254.0,252,1608,13000.0,3.0,Corporate Event,4,0.0,0.0,200.0,400.0,1,1,12,0,1,0,8.079552517091361,4.956521739130435,6.355731225296442,15.661901802361717,9,3,2023,0,3
9085.0,239,4101,13000.0,16.0,Corporate Event,5,0.0,0.0,200.0,400.0,1,2,13,0,1,2,3.1691857630424183,37.854166666666664,17.0875,5.826426133593369,10,4,2025,2,3
14402.0,239,4101,15000.0,10.0,Corporate Event,4,0.0,0.0,200.0,500.0,1,0,11,0,0,0,3.6567528035104826,60.00833333333333,17.0875,5.826426133593369,11,4,2023,1,3
7909.0,42,3577,24000.0,2.0,Birthday,4,0.0,0.0,200.0,400.0,0,0,1,0,1,1,6.707657909446619,183.93023255813952,83.18604651162791,1.1738401341531581,10,4,2024,6,3
1987.0,42,3577,25000.0,0.0,Wedding,5,0.0,0.0,200.0,400.0,2,0,0,0,1,2,6.98714365567356,46.2093023255814,83.18604651162791,1.1738401341531581,2,1,2024,3,0
13921.0,126,4896,26000.0,3.0,Corporate Event,1,0.0,0.0,200.0,500.0,1,1,11,0,0,0,5.309373085562589,109.61417322834646,38.55118110236221,2.5730038799264854,11,4,2022,0,3
10800.0,42,3577,24000.0,1.0,Birthday,2,0.0,0.0,100.0,200.0,0,2,15,0,0,1,6.707657909446619,251.1627906976744,83.18604651162791,1.1738401341531581,10,4,2025,5,3
8359.0,202,1983,26000.0,3.0,Birthday,3,0.0,0.0,100.0,200.0,0,0,18,0,0,2,13.10483870967742,41.17733990147783,9.768472906403941,10.181451612903226,9,3,2025,3,3
574.0,252,1608,20000.0,9.0,Corporate Event,3,0.0,0.0,200.0,400.0,1,1,6,0,1,0,12.430080795525171,2.268774703557312,6.355731225296442,15.661901802361717,10,4,2024,3,3
6604.0,42,3577,12000.0,7.0,Wedding,5,0.0,0.0,300.0,500.0,2,2,10,0,1,2,3.3538289547233093,153.58139534883722,83.18604651162791,1.1738401341531581,4,2,2024,1,1
14807.0,298,962,25000.0,16.0,Wedding,1,0.0,0.0,300.0,500.0,2,2,14,0,1,0,25.96053997923157,49.52173913043478,3.217391304347826,30.944963655244027,8,3,2025,2,2
4349.0,126,4896,22000.0,5.0,Wedding,5,0.0,0.0,300.0,500.0,2,1,16,0,1,2,4.492546457014499,34.24409448818898,38.55118110236221,2.5730038799264854,1,1,2024,4,0
11914.0,252,1608,12000.0,0.0,Birthday,3,0.0,0.0,100.0,200.0,0,0,4,0,0,0,7.458048477315103,47.09090909090909,6.355731225296442,15.661901802361717,6,2,2025,0,2
12220.0,203,1417,20000.0,5.0,Corporate Event,4,0.0,0.0,300.0,500.0,1,2,14,0,1,0,14.104372355430183,59.90196078431372,6.946078431372549,14.315937940761636,4,2,2024,6,1
1947.0,229,3480,21000.0,16.0,Corporate Event,1,0.0,0.0,200.0,500.0,1,2,11,0,0,1,6.032749209997127,8.465217391304348,15.130434782608695,6.578569376615915,12,4,2024,1,0
