id_reservation,price,nbr_reservations,nbr_visitors,marketing_spend,market_count,reservation_status,event_type,event_date,category_name,city,country,rating,trend_score,growth_rate_pct,capacity_min,capacity_max,venue_type
17183,8177.0,252,1608,15000.0,7.0,pending,Birthday,2025-03-28,Wedding,Jendouba,Tunisie,2,0.0,0.0,100.0,200.0,Hotel
16985,13333.0,126,4896,21000.0,0.0,confirmed,Corporate Event,2023-03-17,Birthday,Sidi Bouzid,Tunisie,5,0.0,0.0,200.0,400.0,Venues de mariage privées
4946,13130.0,176,3661,23000.0,10.0,pending,Corporate Event,2025-07-15,Birthday,Sfax,Tunisie,5,0.0,0.0,200.0,500.0,Hotel
17109,4276.0,229,3480,13000.0,20.0,confirmed,Birthday,2022-01-31,Wedding,Tunis,Tunisie,3,0.0,0.0,300.0,500.0,Hotel
10751,8194.0,298,962,22000.0,10.0,pending,Birthday,2023-02-12,Birthday,Nabeul,Tunisie,4,0.0,0.0,300.0,500.0,Venues de mariage privées
1854,7702.0,203,1258,22000.0,0.0,cancelled,Wedding,2025-08-01,Birthday,Sousse,Tunisie,1,0.0,0.0,300.0,500.0,Venues de mariage privées
16284,3153.0,155,66,22000.0,3.0,pending,Wedding,2024-11-27,Corporate,Sfax,Tunisie,5,0.0,0.0,200.0,500.0,Hotel
3986,14672.0,229,3480,20000.0,1.0,cancelled,Birthday,2024-10-23,Wedding,Tataouine,Tunisie,4,0.0,0.0,100.0,200.0,Hotel
4389,12966.0,239,4101,15000.0,1.0,pending,Corporate Event,2022-06-10,Wedding,Tataouine,Tunisie,4,0.0,0.0,100.0,200.0,Hotel
14852,2080.0,203,1417,19000.0,7.0,cancelled,Birthday,2025-07-18,Corporate,Zaghouan,Tunisie,1,0.0,0.0,100.0,200.0,Hotel
5611,13361.0,203,1417,25000.0,20.0,pending,Corporate Event,2025-09-21,Wedding,Manouba,Tunisie,2,0.0,0.0,200.0,400.0,Venues de mariage privées
6101,7046.0,202,1983,25000.0,20.0,pending,Birthday,2025-12-13,Wedding,Manouba,Tunisie,5,0.0,0.0,200.0,400.0,Venues de mariage privées
17684,2693.0,298,962,21000.0,7.0,cancelled,Corporate Event,2022-10-07,Wedding,Nabeul,Tunisie,1,0.0,0.0,300.0,500.0,Venues de mariage privées
250,6792.0,126,4896,23000.0,0.0,pending,Corporate Event,2022-09-05,Birthday,Ariana,Tunisie,2,0.0,0.0,200.0,400.0,Venues de mariage privées
11661,7190.0,249,22215,24000.0,7.0,confirmed,Wedding,2022-12-14,Wedding,Nabeul,Tunisie,4,0.0,0.0,300.0,500.0,Venues de mariage privées
10846,12929.0,252,1608,26000.0,0.0,pending,Wedding,2025-07-15,Birthday,Mahdia,Tunisie,1,0.0,0.0,200.0,400.0,Venues de mariage privées
6430,10233.0,252,1608,13000.0,3.0,cancelled,Birthday,2023-03-23,Wedding,Monastir,Tunisie,5,0.0,0.0,200.0,500.0,Hotel
4489,4030.0,252,1608,13000.0,0.0,cancelled,Wedding,2025-01-07,Wedding,Kasserine,Tunisie,3,0.0,0.0,200.0,400.0,Venues de mariage privées
12653,5567.0,203,1417,15000.0,0.0,cancelled,Corporate Event,2024-02-21,Birthday,Gafsa,Tunisie,5,0.0,0.0,100.0,200.0,Hotel
16059,13780.0,203,1258,21000.0,5.0,cancelled,Wedding,2023-07-02,Corporate,Kairouan,Tunisie,2,0.0,0.0,300.0,500.0,Venues de mariage privées
9861,2130.0,202,1983,23000.0,0.0,cancelled,Birthday,2024-02-15,Wedding,Kasserine,Tunisie,1,0.0,0.0,200.0,400.0,Venues de mariage privées
3050,8575.0,249,22215,20000.0,3.0,cancelled,Corporate Event,2025-03-03,Birthday,Zaghouan,Tunisie,1,0.0,0.0,100.0,200.0,Hotel
2976,7919.0,202,1983,24000.0,7.0,pending,Wedding,2023-03-22,Wedding,Jendouba,Tunisie,4,0.0,0.0,100.0,200.0,Hotel
2644,14101.0,126,4896,15000.0,16.0,cancelled,Corporate Event,2022-02-08,Wedding,Manouba,Tunisie,2,0.0,0.0,200.0,400.0,Venues de mariage privées
2546,13313.0,42,3577,24000.0,0.0,cancelled,Wedding,2024-05-15,Birthday,Ariana,Tunisie,3,0.0,0.0,200.0,400.0,Venues de mariage privées
14704,8151.0,155,66,22000.0,0.0,pending,Wedding,2023-06-09,Birthday,Sidi Bouzid,Tunisie,2,0.0,0.0,200.0,400.0,Venues de mariage privées
8736,662.0,298,962,21000.0,3.0,confirmed,Corporate Event,2024-08-17,Wedding,Sidi Bouzid,Tunisie,4,0.0,0.0,200.0,400.0,Venues de mariage privées
16079,4050.0,202,1983,17000.0,14.0,cancelled,Corporate Event,2022-10-19,Corporate,Nabeul,Tunisie,5,0.0,0.0,300.0,500.0,Venues de mariage privées
6938,12177.0,252,1608,25000.0,7.0,cancelled,Birthday,2022-02-13,Corporate,Zaghouan,Tunisie,4,0.0,0.0,100.0,200.0,Hotel
9997,11070.0,298,962,24000.0,7.0,cancelled,Birthday,2025-04-16,Corporate,Zaghouan,Tunisie,3,0.0,0.0,100.0,200.0,Hotel
2060,3607.0,155,66,21000.0,5.0,pending,Corporate Event,2024-02-18,Corporate,Gafsa,Tunisie,1,0.0,0.0,100.0,200.0,Hotel
1036,5454.0,42,3577,13000.0,2.0,pending,Wedding,2023-12-19,Birthday,Monastir,Tunisie,5,0.0,0.0,200.0,500.0,Hotel
10748,4102.0,249,22215,26000.0,7.0,cancelled,Wedding,2022-01-30,Birthday,Tataouine,Tunisie,3,0.0,0.0,100.0,200.0,Hotel
7350,13520.0,252,1608,19000.0,0.0,cancelled,Birthday,2023-05-03,Birthday,Tunis,Tunisie,1,0.0,0.0,300.0,500.0,Hotel
8176,12583.0,155,66,12000.0,11.0,confirmed,Corporate Event,2024-06-11,Corporate,Ariana,Tunisie,2,0.0,0.0,200.0,400.0,Venues de mariage privées
17270,8422.0,202,1983,12000.0,9.0,pending,Birthday,2025-05-10,Corporate,Sousse,Tunisie,2,0.0,0.0,300.0,500.0,Venues de mariage privées
17256,14039.0,239,4101,23000.0,4.0,confirmed,Birthday,2022-07-08,Birthday,Bizerte,Tunisie,4,0.0,0.0,300.0,500.0,Venues de mariage privées
1751,2029.0,249,22215,26000.0,2.0,cancelled,Corporate Event,2023-02-06,Wedding,Bizerte,Tunisie,3,0.0,0.0,300.0,500.0,Venues de mariage privées
13949,1552.0,203,1417,17000.0,2.0,cancelled,Wedding,2025-06-21,Wedding,Bizerte,Tunisie,5,0.0,0.0,300.0,500.0,Venues de mariage privées
15329,8805.0,155,66,19000.0,10.0,confirmed,Birthday,2025-12-28,Corporate,Jendouba,Tunisie,2,0.0,0.0,100.0,200.0,Hotel
4280,13746.0,239,4101,23000.0,4.0,cancelled,Corporate Event,2022-04-16,Wedding,Kairouan,Tunisie,4,0.0,0.0,300.0,500.0,Venues de mariage privées
6587,5315.0,203,1417,26000.0,16.0,cancelled,Wedding,2023-08-19,Wedding,Sfax,Tunisie,5,0.0,0.0,200.0,500.0,Hotel
12153,14591.0,252,1608,19000.0,8.0,pending,Wedding,2025-08-11,Wedding,Bizerte,Tunisie,5,0.0,0.0,300.0,500.0,Venues de mariage privées
12489,7969.0,298,962,22000.0,0.0,cancelled,Birthday,2024-02-08,Wedding,Tozeur,Tunisie,5,0.0,0.0,300.0,500.0,Venues de mariage privées
3859,10175.0,298,962,19000.0,10.0,cancelled,Corporate Event,2022-06-15,Wedding,Ariana,Tunisie,2,0.0,0.0,200.0,400.0,Venues de mariage privées
6333,12836.0,42,3577,12000.0,2.0,confirmed,Corporate Event,2025-11-27,Birthday,Ben Arous,Tunisie,4,0.0,0.0,200.0,400.0,Venues de mariage privées
11739,10125.0,203,1417,25000.0,5.0,cancelled,Birthday,2022-12-09,Corporate,Tozeur,Tunisie,1,0.0,0.0,300.0,500.0,Venues de mariage privées
13886,4594.0,249,22215,20000.0,10.0,confirmed,Wedding,2022-07-21,Birthday,Sfax,Tunisie,5,0.0,0.0,200.0,500.0,Hotel
9514,7566.0,203,1258,26000.0,4.0,confirmed,Wedding,2024-12-02,Corporate,Tunis,Tunisie,5,0.0,0.0,300.0,500.0,Hotel
2633,8478.0,155,66,24000.0,0.0,pending,Birthday,2022-09-15,Corporate,Siliana,Tunisie,2,0.0,0.0,200.0,400.0,Venues de mariage privées
3249,2889.0,202,1983,26000.0,10.0,confirmed,Corporate Event,2024-10-16,Birthday,Nabeul,Tunisie,1,0.0,0.0,300.0,500.0,Venues de mariage privées
15180,14199.0,203,1258,19000.0,3.0,pending,Corporate Event,2024-01-03,Corporate,Sidi Bouzid,Tunisie,3,0.0,0.0,200.0,400.0,Venues de mariage privées
6087,7743.0,42,3577,26000.0,11.0,confirmed,Corporate Event,2023-10-25,Corporate,Ariana,Tunisie,4,0.0,0.0,200.0,400.0,Venues de mariage privées
16430,11659.0,298,962,12000.0,9.0,pending,Wedding,2023-03-06,Wedding,Kairouan,Tunisie,1,0.0,0.0,300.0,500.0,Venues de mariage privées
6682,2966.0,176,3661,24000.0,0.0,confirmed,Corporate Event,2022-08-03,Wedding,Tozeur,Tunisie,2,0.0,0.0,300.0,500.0,Venues de mariage privées
16834,10134.0,155,66,13000.0,0.0,pending,Birthday,2023-11-25,Birthday,Gafsa,Tunisie,4,0.0,0.0,100.0,200.0,Hotel
6832,7209.0,229,3480,17000.0,2.0,confirmed,Corporate Event,2022-06-15,Wedding,Bizerte,Tunisie,5,0.0,0.0,300.0,500.0,Venues de mariage privées
12316,2987.0,229,3480,21000.0,4.0,cancelled,Birthday,2025-02-23,Wedding,Zaghouan,Tunisie,2,0.0,0.0,100.0,200.0,Hotel
5887,14299.0,126,4896,15000.0,0.0,pending,Wedding,2024-01-03,Birthday,Jendouba,Tunisie,5,0.0,0.0,100.0,200.0,Hotel
11920,88750.0,155,66,24000.0,0.0,confirmed,Wedding,2023-06-10,Wedding,Tozeur,Tunisie,5,0.0,0.0,300.0,500.0,Venues de mariage privées
11466,7345.0,298,962,12000.0,13.0,cancelled,Wedding,2023-04-13,Corporate,Manouba,Tunisie,3,0.0,0.0,200.0,400.0,Venues de mariage privées
12382,2727.0,42,3577,25000.0,2.0,cancelled,Wedding,2023-12-16,Birthday,Monastir,Tunisie,4,0.0,0.0,200.0,500.0,Hotel
2210,14261.0,203,1417,12000.0,7.0,confirmed,Corporate Event,2023-06-23,Birthday,Tataouine,Tunisie,4,0.0,0.0,100.0,200.0,Hotel
1105,11292.0,229,3480,22000.0,4.0,confirmed,Corporate Event,2023-01-08,Wedding,Zaghouan,Tunisie,2,0.0,0.0,100.0,200.0,Hotel
13230,7302.0,203,1258,23000.0,5.0,cancelled,Birthday,2025-04-04,Corporate,Tozeur,Tunisie,5,0.0,0.0,300.0,500.0,Venues de mariage privées
6224,5881.0,155,66,13000.0,2.0,pending,Wedding,2025-10-10,Birthday,Monastir,Tunisie,1,0.0,0.0,200.0,500.0,Hotel
8182,479.0,203,1258,26000.0,0.0,confirmed,Corporate Event,2024-03-18,Birthday,Tunis,Tunisie,5,0.0,0.0,300.0,500.0,Hotel
16803,10353.0,176,3661,15000.0,0.0,confirmed,Wedding,2022-11-14,Wedding,Kasserine,Tunisie,4,0.0,0.0,200.0,400.0,Venues de mariage privées
13530,10313.0,176,3661,19000.0,20.0,cancelled,Corporate Event,2025-05-29,Wedding,Tunis,Tunisie,5,0.0,0.0,300.0,500.0,Hotel
7087,6279.0,155,66,24000.0,0.0,confirmed,Corporate Event,2023-03-17,Birthday,Kasserine,Tunisie,4,0.0,0.0,200.0,400.0,Venues de mariage privées
6670,3982.0,249,22215,12000.0,5.0,confirmed,Birthday,2022-09-04,Wedding,Sousse,Tunisie,1,0.0,0.0,300.0,500.0,Venues de mariage privées
12525,2829.0,239,4101,26000.0,2.0,confirmed,Corporate Event,2025-11-29,Wedding,Mahdia,Tunisie,2,0.0,0.0,200.0,400.0,Venues de mariage privées
10821,6554.0,155,66,19000.0,0.0,pending,Wedding,2025-11-01,Wedding,Gafsa,Tunisie,3,0.0,0.0,100.0,200.0,Hotel
17490,5217.0,239,4101,22000.0,4.0,cancelled,Corporate Event,2024-02-18,Wedding,Zaghouan,Tunisie,2,0.0,0.0,100.0,200.0,Hotel
2236,3938.0,298,962,24000.0,0.0,confirmed,Birthday,2024-10-17,Birthday,Ariana,Tunisie,1,0.0,0.0,200.0,400.0,Venues de mariage privées
16721,7945.0,126,4896,26000.0,2.0,pending,Wedding,2022-03-05,Birthday,Monastir,Tunisie,1,0.0,0.0,200.0,500.0,Hotel
4021,10061.0,203,1417,25000.0,20.0,cancelled,Birthday,2022-03-08,Wedding,Manouba,Tunisie,3,0.0,0.0,200.0,400.0,Venues de mariage privées
5939,11052.0,155,66,13000.0,8.0,pending,Wedding,2024-01-06,Wedding,Zaghouan,Tunisie,2,0.0,0.0,100.0,200.0,Hotel
16525,12487.0,42,3577,22000.0,20.0,pending,Wedding,2023-02-11,Wedding,Tunis,Tunisie,2,0.0,0.0,300.0,500.0,Hotel
14788,10469.0,155,66,17000.0,2.0,confirmed,Wedding,2022-02-19,Wedding,Siliana,Tunisie,5,0.0,0.0,200.0,400.0,Venues de mariage privées
3328,8433.0,229,3480,22000.0,7.0,confirmed,Wedding,2022-07-02,Corporate,Zaghouan,Tunisie,3,0.0,0.0,100.0,200.0,Hotel
882,13734.0,202,1983,19000.0,14.0,cancelled,Wedding,2023-09-19,Corporate,Nabeul,Tunisie,5,0.0,0.0,300.0,500.0,Venues de mariage privées
2863,3175.0,239,4101,23000.0,2.0,pending,Wedding,2025-08-16,Wedding,Sidi Bouzid,Tunisie,5,0.0,0.0,200.0,400.0,Venues de mariage privées
11641,6112.0,42,3577,23000.0,2.0,pending,Corporate Event,2024-11-06,Birthday,Ben Arous,Tunisie,1,0.0,0.0,200.0,400.0,Venues de mariage privées
16894,9741.0,202,1983,12000.0,14.0,pending,Corporate Event,2025-07-23,Corporate,Nabeul,Tunisie,3,0.0,0.0,300.0,500.0,Venues de mariage privées
3152,3218.0,249,22215,15000.0,20.0,cancelled,Wedding,2022-10-09,Wedding,Tunis,Tunisie,5,0.0,0.0,300.0,500.0,Hotel
7085,9261.0,126,4896,25000.0,0.0,confirmed,Wedding,2022-04-28,Corporate,Tataouine,Tunisie,4,0.0,0.0,100.0,200.0,Hotel
4890,14222.0,203,1258,22000.0,0.0,confirmed,Wedding,2022-10-25,Corporate,Siliana,Tunisie,3,0.0,0.0,200.0,400.0,Venues de mariage privées
506,4201.0,176,3661,15000.0,0.0,confirmed,Wedding,2023-01-17,Corporate,Siliana,Tunisie,2,0.0,0.0,200.0,400.0,Venues de mariage privées
9091,3445.0,176,3661,25000.0,9.0,pending,Wedding,2024-02-25,Wedding,Kairouan,Tunisie,4,0.0,0.0,300.0,500.0,Venues de mariage privées
11056,12141.0,298,962,13000.0,5.0,cancelled,Corporate Event,2022-04-16,Corporate,Gafsa,Tunisie,3,0.0,0.0,100.0,200.0,Hotel
14166,8761.0,126,4896,22000.0,0.0,pending,Wedding,2022-08-14,Wedding,Kasserine,Tunisie,4,0.0,0.0,200.0,400.0,Venues de mariage privées
1414,1394.0,203,1258,23000.0,14.0,cancelled,Wedding,2022-05-26,Corporate,Nabeul,Tunisie,3,0.0,0.0,300.0,500.0,Venues de mariage privées
5479,2760.0,203,1417,26000.0,9.0,confirmed,Corporate Event,2023-01-26,Corporate,Kasserine,Tunisie,3,0.0,0.0,200.0,400.0,Venues de mariage privées
9300,1671.0,298,962,13000.0,16.0,confirmed,Wedding,2025-01-22,Wedding,Sfax,Tunisie,1,0.0,0.0,200.0,500.0,Hotel
10777,7964.0,298,962,20000.0,20.0,confirmed,Wedding,2022-11-29,Wedding,Tunis,Tunisie,3,0.0,0.0,300.0,500.0,Hotel
2411,12881.0,239,4101,22000.0,4.0,cancelled,Corporate Event,2022-11-05,Wedding,Zaghouan,Tunisie,5,0.0,0.0,100.0,200.0,Hotel
16794,2980.0,249,22215,19000.0,15.0,pending,Wedding,2023-06-14,Corporate,Ben Arous,Tunisie,5,0.0,0.0,200.0,400.0,Venues de mariage privées
14183,12228.0,229,3480,15000.0,2.0,pending,Wedding,2025-08-16,Wedding,Mahdia,Tunisie,3,0.0,0.0,200.0,400.0,Venues de mariage privées
12931,7940.0,203,1258,15000.0,9.0,confirmed,Birthday,2023-07-30,Corporate,Kasserine,Tunisie,3,0.0,0.0,200.0,400.0,Venues de mariage privées
17409,3262.0,176,3661,20000.0,20.0,pending,Wedding,2025-06-15,Wedding,Tunis,Tunisie,5,0.0,0.0,300.0,500.0,Hotel
9146,942.0,126,4896,13000.0,10.0,confirmed,Birthday,2023-01-12,Wedding,Kasserine,Tunisie,3,0.0,0.0,200.0,400.0,Venues de mariage privées
11827,14250.0,239,4101,17000.0,0.0,pending,Birthday,2023-03-04,Birthday,Sidi Bouzid,Tunisie,5,0.0,0.0,200.0,400.0,Venues de mariage privées
14640,209.0,229,3480,15000.0,5.0,cancelled,Birthday,2024-11-12,Corporate,Tozeur,Tunisie,2,0.0,0.0,300.0,500.0,Venues de mariage privées
5997,14872.0,126,4896,24000.0,18.0,confirmed,Birthday,2025-10-31,Birthday,Manouba,Tunisie,5,0.0,0.0,200.0,400.0,Venues de mariage privées
6229,266.0,229,3480,12000.0,0.0,cancelled,Wedding,2025-01-16,Wedding,Tozeur,Tunisie,5,0.0,0.0,300.0,500.0,Venues de mariage privées
9391,55700.0,239,4101,13000.0,4.0,pending,Wedding,2022-05-14,Wedding,Ben Arous,Tunisie,1,0.0,0.0,200.0,400.0,Venues de mariage privées
3949,8664.0,202,1983,23000.0,0.0,confirmed,Wedding,2022-06-01,Wedding,Kasserine,Tunisie,2,0.0,0.0,200.0,400.0,Venues de mariage privées
15255,2151.0,176,3661,21000.0,20.0,pending,Birthday,2024-01-15,Wedding,Tunis,Tunisie,1,0.0,0.0,300.0,500.0,Hotel
742,3472.0,155,66,19000.0,2.0,confirmed,Birthday,2023-08-22,Wedding,Bizerte,Tunisie,1,0.0,0.0,300.0,500.0,Venues de mariage privées
1254,2038.0,239,4101,20000.0,7.0,cancelled,Wedding,2024-10-18,Birthday,Tataouine,Tunisie,4,0.0,0.0,100.0,200.0,Hotel
8683,12939.0,229,3480,26000.0,9.0,cancelled,Corporate Event,2025-07-25,Corporate,Sousse,Tunisie,2,0.0,0.0,300.0,500.0,Venues de mariage privées
8541,6156.0,155,66,13000.0,10.0,pending,Birthday,2025-08-13,Wedding,Ariana,Tunisie,5,0.0,0.0,200.0,400.0,Venues de mariage privées
4704,13263.0,203,1258,15000.0,8.0,pending,Wedding,2024-03-29,Wedding,Bizerte,Tunisie,3,0.0,0.0,300.0,500.0,Venues de mariage privées
10399,14684.0,229,3480,12000.0,0.0,pending,Birthday,2025-04-15,Birthday,Ariana,Tunisie,1,0.0,0.0,200.0,400.0,Venues de mariage privées
16295,8178.0,203,1417,22000.0,0.0,confirmed,Corporate Event,2022-05-07,Birthday,Siliana,Tunisie,4,0.0,0.0,200.0,400.0,Venues de mariage privées
956,13810.0,239,4101,15000.0,0.0,cancelled,Corporate Event,2024-02-26,Corporate,Siliana,Tunisie,2,0.0,0.0,200.0,400.0,Venues de mariage privées
14983,5397.0,298,962,26000.0,15.0,confirmed,Corporate Event,2024-02-29,Corporate,Ben Arous,Tunisie,2,0.0,0.0,200.0,400.0,Venues de mariage privées
16287,8003.0,203,1417,24000.0,9.0,cancelled,Birthday,2022-12-26,Corporate,Kasserine,Tunisie,3,0.0,0.0,200.0,400.0,Venues de mariage privées
17434,3466.0,42,3577,21000.0,2.0,confirmed,Birthday,2023-03-07,Wedding,Siliana,Tunisie,2,0.0,0.0,200.0,400.0,Venues de mariage privées
263,1571.0,42,3577,24000.0,9.0,cancelled,Corporate Event,2023-11-09,Wedding,Kairouan,Tunisie,4,0.0,0.0,300.0,500.0,Venues de mariage privées
1339,14771.0,249,22215,25000.0,0.0,pending,Wedding,2022-07-24,Corporate,Tataouine,Tunisie,4,0.0,0.0,100.0,200.0,Hotel
6163,4434.0,126,4896,21000.0,13.0,confirmed,Corporate Event,2025-09-09,Corporate,Manouba,Tunisie,1,0.0,0.0,200.0,400.0,Venues de mariage privées
2816,5109.0,203,1258,20000.0,16.0,pending,Birthday,2024-02-02,Wedding,Monastir,Tunisie,5,0.0,0.0,200.0,500.0,Hotel
9315,7569.0,203,1417,25000.0,16.0,confirmed,Wedding,2023-06-03,Wedding,Sousse,Tunisie,3,0.0,0.0,300.0,500.0,Venues de mariage privées
11282,6640.0,252,1608,26000.0,15.0,cancelled,Wedding,2024-05-16,Corporate,Ben Arous,Tunisie,5,0.0,0.0,200.0,400.0,Venues de mariage privées
15556,14783.0,203,1258,22000.0,0.0,confirmed,Corporate Event,2023-02-10,Wedding,Tozeur,Tunisie,4,0.0,0.0,300.0,500.0,Venues de mariage privées
2162,13769.0,239,4101,13000.0,2.0,confirmed,Birthday,2023-06-11,Wedding,Bizerte,Tunisie,3,0.0,0.0,300.0,500.0,Venues de mariage privées
2402,14022.0,176,3661,15000.0,12.0,confirmed,Corporate Event,2025-05-04,Corporate,Monastir,Tunisie,5,0.0,0.0,200.0,500.0,Hotel
9671,13765.0,298,962,25000.0,8.0,pending,Corporate Event,2024-09-08,Wedding,Bizerte,Tunisie,5,0.0,0.0,300.0,500.0,Venues de mariage privées
11140,13181.0,239,4101,13000.0,0.0,pending,Corporate Event,2025-01-06,Wedding,Sfax,Tunisie,2,0.0,0.0,200.0,500.0,Hotel
16326,6539.0,229,3480,20000.0,2.0,confirmed,Wedding,2025-12-08,Wedding,Nabeul,Tunisie,3,0.0,0.0,300.0,500.0,Venues de mariage privées
887,12616.0,249,22215,20000.0,2.0,pending,Birthday,2023-02-26,Wedding,Bizerte,Tunisie,2,0.0,0.0,300.0,500.0,Venues de mariage privées
14893,11672.0,176,3661,19000.0,14.0,cancelled,Corporate Event,2023-10-25,Corporate,Nabeul,Tunisie,3,0.0,0.0,300.0,500.0,Venues de mariage privées
10335,5560.0,298,962,12000.0,0.0,confirmed,Corporate Event,2022-05-25,Birthday,Gafsa,Tunisie,1,0.0,0.0,100.0,200.0,Hotel
15781,11257.0,249,22215,13000.0,5.0,cancelled,Corporate Event,2025-12-11,Corporate,Tozeur,Tunisie,1,0.0,0.0,300.0,500.0,Venues de mariage privées
644,11498.0,202,1983,25000.0,0.0,pending,Corporate Event,2025-09-24,Birthday,Gafsa,Tunisie,4,0.0,0.0,100.0,200.0,Hotel
8372,805.0,229,3480,26000.0,14.0,pending,Wedding,2023-06-01,Corporate,Nabeul,Tunisie,3,0.0,0.0,300.0,500.0,Venues de mariage privées
15032,11715.0,249,22215,25000.0,8.0,pending,Birthday,2024-11-29,Wedding,Zaghouan,Tunisie,3,0.0,0.0,100.0,200.0,Hotel
8513,11773.0,203,1258,15000.0,3.0,cancelled,Corporate Event,2024-08-02,Wedding,Monastir,Tunisie,5,0.0,0.0,200.0,500.0,Hotel
10376,5703.0,42,3577,26000.0,5.0,confirmed,Wedding,2022-12-07,Corporate,Kairouan,Tunisie,1,0.0,0.0,300.0,500.0,Venues de mariage privées
5955,11612.0,176,3661,12000.0,9.0,confirmed,Wedding,2022-10-07,Wedding,Kairouan,Tunisie,1,0.0,0.0,300.0,500.0,Venues de mariage privées
14911,8017.0,298,962,25000.0,20.0,confirmed,Birthday,2025-08-30,Wedding,Tunis,Tunisie,3,0.0,0.0,300.0,500.0,Hotel
17944,8050.0,229,3480,21000.0,0.0,pending,Birthday,2023-03-28,Wedding,Tozeur,Tunisie,4,0.0,0.0,300.0,500.0,Venues de mariage privées
4620,14446.0,126,4896,22000.0,7.0,confirmed,Wedding,2022-12-15,Birthday,Tataouine,Tunisie,5,0.0,0.0,100.0,200.0,Hotel
2984,1654.0,126,4896,12000.0,14.0,confirmed,Wedding,2024-01-23,Corporate,Nabeul,Tunisie,1,0.0,0.0,300.0,500.0,Venues de mariage privées
3897,6970.0,155,66,25000.0,2.0,pending,Wedding,2022-04-22,Wedding,Mahdia,Tunisie,2,0.0,0.0,200.0,400.0,Venues de mariage privées
3831,13234.0,155,66,26000.0,5.0,confirmed,Wedding,2023-03-03,Corporate,Tozeur,Tunisie,2,0.0,0.0,300.0,500.0,Venues de mariage privées
14980,5351.0,202,1983,15000.0,0.0,pending,Corporate Event,2022-06-06,Wedding,Sfax,Tunisie,1,0.0,0.0,200.0,500.0,Hotel
7403,12880.0,126,4896,22000.0,10.0,confirmed,Corporate Event,2023-08-07,Wedding,Ariana,Tunisie,5,0.0,0.0,200.0,400.0,Venues de mariage privées
10611,1416.0,42,3577,20000.0,0.0,pending,Corporate Event,2022-10-19,Wedding,Gafsa,Tunisie,2,0.0,0.0,100.0,200.0,Hotel
5893,11195.0,126,4896,24000.0,2.0,pending,Wedding,2024-11-01,Wedding,Jendouba,Tunisie,1,0.0,0.0,100.0,200.0,Hotel
8675,5245.0,298,962,17000.0,10.0,pending,Birthday,2024-10-28,Wedding,Ariana,Tunisie,5,0.0,0.0,200.0,400.0,Venues de mariage privées
8022,13582.0,202,1983,17000.0,20.0,pending,Birthday,2024-11-04,Wedding,Tunis,Tunisie,5,0.0,0.0,300.0,500.0,Hotel
14449,4667.0,126,4896,15000.0,3.0,pending,Corporate Event,2023-07-29,Corporate,Sidi Bouzid,Tunisie,3,0.0,0.0,200.0,400.0,Venues de mariage privées
15128,14223.0,126,4896,25000.0,8.0,pending,Corporate Event,2025-06-13,Wedding,Zaghouan,Tunisie,1,0.0,0.0,100.0,200.0,Hotel
7610,3396.0,176,3661,21000.0,10.0,confirmed,Birthday,2022-06-20,Wedding,Kasserine,Tunisie,4,0.0,0.0,200.0,400.0,Venues de mariage privées
5459,13799.0,249,22215,12000.0,4.0,confirmed,Birthday,2022-03-08,Wedding,Kairouan,Tunisie,5,0.0,0.0,300.0,500.0,Venues de mariage privées
2628,8976.0,42,3577,26000.0,10.0,pending,Birthday,2025-12-24,Wedding,Kasserine,Tunisie,1,0.0,0.0,200.0,400.0,Venues de mariage privées
7800,2142.0,203,1417,12000.0,2.0,pending,Wedding,2024-11-10,Wedding,Jendouba,Tunisie,2,0.0,0.0,100.0,200.0,Hotel
10506,14799.0,249,22215,15000.0,0.0,cancelled,Birthday,2023-09-19,Birthday,Kasserine,Tunisie,2,0.0,0.0,200.0,400.0,Venues de mariage privées
9705,10010.0,203,1258,20000.0,16.0,cancelled,Corporate Event,2025-11-13,Wedding,Sfax,Tunisie,4,0.0,0.0,200.0,500.0,Hotel
11487,65740.0,155,66,12000.0,2.0,confirmed,Wedding,2024-03-15,Birthday,Ben Arous,Tunisie,1,0.0,0.0,200.0,400.0,Venues de mariage privées
1852,249.0,239,4101,24000.0,16.0,cancelled,Corporate Event,2025-06-19,Wedding,Siliana,Tunisie,5,0.0,0.0,200.0,400.0,Venues de mariage privées
249,4400.0,176,3661,17000.0,0.0,pending,Corporate Event,2022-08-11,Wedding,Tozeur,Tunisie,1,0.0,0.0,300.0,500.0,Venues de mariage privées
6533,3244.0,252,1608,24000.0,11.0,cancelled,Birthday,2025-12-28,Corporate,Ariana,Tunisie,5,0.0,0.0,200.0,400.0,Venues de mariage privées
4138,7162.0,252,1608,22000.0,8.0,pending,Corporate Event,2025-04-17,Wedding,Bizerte,Tunisie,3,0.0,0.0,300.0,500.0,Venues de mariage privées
15988,6477.0,42,3577,26000.0,2.0,cancelled,Corporate Event,2024-07-19,Wedding,Bizerte,Tunisie,3,0.0,0.0,300.0,500.0,Venues de mariage privées
7439,6785.0,202,1983,24000.0,0.0,pending,Wedding,2025-01-15,Wedding,Tozeur,Tunisie,2,0.0,0.0,300.0,500.0,Venues de mariage privées
1532,12455.0,298,962,23000.0,7.0,cancelled,Birthday,2023-09-24,Corporate,Zaghouan,Tunisie,1,0.0,0.0,100.0,200.0,Hotel
15777,12443.0,126,4896,21000.0,0.0,cancelled,Wedding,2024-06-24,Birthday,Mahdia,Tunisie,3,0.0,0.0,200.0,400.0,Venues de mariage privées
12271,5865.0,155,66,21000.0,4.0,confirmed,Birthday,2024-03-29,Wedding,Ben Arous,Tunisie,2,0.0,0.0,200.0,400.0,Venues de mariage privées
15894,751.0,298,962,12000.0,5.0,pending,Wedding,2023-01-14,Corporate,Gafsa,Tunisie,1,0.0,0.0,100.0,200.0,Hotel
4298,5420.0,239,4101,19000.0,7.0,cancelled,Corporate Event,2025-07-15,Corporate,Zaghouan,Tunisie,1,0.0,0.0,100.0,200.0,Hotel
12018,4245.0,42,3577,20000.0,20.0,cancelled,Wedding,2024-04-04,Wedding,Tunis,Tunisie,3,0.0,0.0,300.0,500.0,Hotel
6632,5806.0,249,22215,26000.0,0.0,confirmed,Birthday,2023-08-09,Birthday,Mahdia,Tunisie,5,0.0,0.0,200.0,400.0,Venues de mariage privées
6597,1690.0,155,66,15000.0,4.0,cancelled,Corporate Event,2022-11-09,Corporate,Tunis,Tunisie,5,0.0,0.0,300.0,500.0,Hotel
11490,1737.0,42,3577,19000.0,12.0,confirmed,Corporate Event,2023-08-27,Corporate,Monastir,Tunisie,4,0.0,0.0,200.0,500.0,Hotel
2116,5247.0,176,3661,19000.0,9.0,pending,Wedding,2022-08-16,Corporate,Kasserine,Tunisie,3,0.0,0.0,200.0,400.0,Venues de mariage privées
11548,10128.0,249,22215,12000.0,0.0,confirmed,Wedding,2022-09-10,Birthday,Siliana,Tunisie,4,0.0,0.0,200.0,400.0,Venues de mariage privées
13437,14407.0,203,1417,17000.0,0.0,pending,Corporate Event,2023-03-17,Birthday,Jendouba,Tunisie,3,0.0,0.0,100.0,200.0,Hotel
2128,1424.0,229,3480,20000.0,4.0,pending,Wedding,2023-03-13,Wedding,Kairouan,Tunisie,2,0.0,0.0,300.0,500.0,Venues de mariage privées
1686,814.0,249,22215,23000.0,10.0,cancelled,Wedding,2023-04-25,Wedding,Gafsa,Tunisie,5,0.0,0.0,100.0,200.0,Hotel
17342,8040.0,249,22215,26000.0,10.0,pending,Wedding,2024-06-03,Wedding,Gafsa,Tunisie,5,0.0,0.0,100.0,200.0,Hotel
3474,2493.0,176,3661,21000.0,0.0,confirmed,Corporate Event,2024-02-20,Birthday,Sidi Bouzid,Tunisie,4,0.0,0.0,200.0,400.0,Venues de mariage privées
2132,11960.0,203,1258,15000.0,16.0,cancelled,Corporate Event,2024-04-28,Wedding,Manouba,Tunisie,2,0.0,0.0,200.0,400.0,Venues de mariage privées
16034,8286.0,229,3480,21000.0,9.0,cancelled,Wedding,2025-12-10,Corporate,Kasserine,Tunisie,5,0.0,0.0,200.0,400.0,Venues de mariage privées
10653,12980.0,203,1417,25000.0,3.0,confirmed,Birthday,2023-11-06,Birthday,Zaghouan,Tunisie,3,0.0,0.0,100.0,200.0,Hotel
11246,10973.0,239,4101,22000.0,18.0,pending,Birthday,2025-12-22,Birthday,Manouba,Tunisie,4,0.0,0.0,200.0,400.0,Venues de mariage privées
13313,11250.0,229,3480,21000.0,0.0,cancelled,Wedding,2023-07-26,Wedding,Tozeur,Tunisie,3,0.0,0.0,300.0,500.0,Venues de mariage privées
7531,14270.0,203,1417,12000.0,9.0,confirmed,Wedding,2022-04-22,Corporate,Kasserine,Tunisie,3,0.0,0.0,200.0,400.0,Venues de mariage privées
7651,8651.0,229,3480,24000.0,16.0,confirmed,Corporate Event,2024-02-09,Wedding,Sfax,Tunisie,5,0.0,0.0,200.0,500.0,Hotel
3446,12114.0,42,3577,21000.0,20.0,confirmed,Wedding,2022-06-30,Wedding,Tunis,Tunisie,2,0.0,0.0,300.0,500.0,Hotel
3030,7800.0,176,3661,17000.0,7.0,pending,Wedding,2023-12-21,Corporate,Zaghouan,Tunisie,4,0.0,0.0,100.0,200.0,Hotel
1956,4648.0,298,962,17000.0,4.0,pending,Birthday,2022-02-28,Corporate,Tunis,Tunisie,4,0.0,0.0,300.0,500.0,Hotel
10169,7798.0,202,1983,17000.0,0.0,cancelled,Wedding,2024-04-04,Birthday,Gafsa,Tunisie,1,0.0,0.0,100.0,200.0,Hotel
17590,1240.0,202,1983,12000.0,7.0,cancelled,Birthday,2024-10-21,Birthday,Kairouan,Tunisie,5,0.0,0.0,300.0,500.0,Venues de mariage privées
5077,13922.0,298,962,26000.0,1.0,pending,Corporate Event,2024-09-17,Wedding,Tataouine,Tunisie,3,0.0,0.0,100.0,200.0,Hotel
11340,10847.0,155,66,23000.0,0.0,cancelled,Wedding,2022-04-12,Birthday,Ariana,Tunisie,3,0.0,0.0,200.0,400.0,Venues de mariage privées
13017,5973.0,42,3577,22000.0,16.0,cancelled,Corporate Event,2023-08-02,Wedding,Manouba,Tunisie,3,0.0,0.0,200.0,400.0,Venues de mariage privées
17950,1892.0,203,1417,26000.0,16.0,pending,Wedding,2025-11-04,Wedding,Siliana,Tunisie,5,0.0,0.0,200.0,400.0,Venues de mariage privées
1065,14934.0,203,1417,15000.0,16.0,cancelled,Wedding,2022-09-22,Wedding,Manouba,Tunisie,3,0.0,0.0,200.0,400.0,Venues de mariage privées
4918,140530.0,42,3577,21000.0,4.0,cancelled,Corporate Event,2022-03-06,Wedding,Kairouan,Tunisie,4,0.0,0.0,300.0,500.0,Venues de mariage privées
15014,2276.0,298,962,21000.0,4.0,pending,Birthday,2022-07-02,Corporate,Tunis,Tunisie,3,0.0,0.0,300.0,500.0,Hotel
17489,4323.0,203,1417,24000.0,7.0,confirmed,Corporate Event,2022-10-04,Wedding,Nabeul,Tunisie,1,0.0,0.0,300.0,500.0,Venues de mariage privées
3435,6706.0,249,22215,15000.0,2.0,pending,Birthday,2023-10-10,Wedding,Mahdia,Tunisie,1,0.0,0.0,200.0,400.0,Venues de mariage privées
8779,2157.0,202,1983,26000.0,12.0,confirmed,Birthday,2025-03-23,Corporate,Monastir,Tunisie,2,0.0,0.0,200.0,500.0,Hotel
14682,9191.0,42,3577,23000.0,20.0,confirmed,Wedding,2023-05-19,Wedding,Tunis,Tunisie,4,0.0,0.0,300.0,500.0,Hotel
5779,9765.0,42,3577,26000.0,4.0,cancelled,Birthday,2024-04-29,Corporate,Tunis,Tunisie,1,0.0,0.0,300.0,500.0,Hotel
9147,11900.0,239,4101,20000.0,20.0,cancelled,Wedding,2024-02-19,Wedding,Tunis,Tunisie,2,0.0,0.0,300.0,500.0,Hotel
9530,3960.0,126,4896,24000.0,2.0,confirmed,Wedding,2025-07-08,Wedding,Mahdia,Tunisie,4,0.0,0.0,200.0,400.0,Venues de mariage privées
17089,9210.0,229,3480,13000.0,8.0,cancelled,Wedding,2023-01-05,Wedding,Bizerte,Tunisie,5,0.0,0.0,300.0,500.0,Venues de mariage privées
13315,12914.0,298,962,23000.0,7.0,cancelled,Birthday,2024-10-21,Birthday,Tataouine,Tunisie,1,0.0,0.0,100.0,200.0,Hotel
16931,1811.0,155,66,15000.0,7.0,confirmed,Corporate Event,2025-05-24,Birthday,Kairouan,Tunisie,2,0.0,0.0,300.0,500.0,Venues de mariage privées
7272,10838.0,203,1417,25000.0,2.0,cancelled,Wedding,2024-02-04,Wedding,Jendouba,Tunisie,3,0.0,0.0,100.0,200.0,Hotel
8877,7797.0,202,1983,21000.0,15.0,pending,Wedding,2025-06-17,Corporate,Ben Arous,Tunisie,3,0.0,0.0,200.0,400.0,Venues de mariage privées
13345,526.0,249,22215,15000.0,0.0,cancelled,Wedding,2025-01-13,Birthday,Jendouba,Tunisie,2,0.0,0.0,100.0,200.0,Hotel
15810,7049.0,203,1417,26000.0,3.0,pending,Birthday,2024-03-06,Corporate,Sfax,Tunisie,1,0.0,0.0,200.0,500.0,Hotel
10952,11626.0,202,1983,15000.0,16.0,confirmed,Birthday,2022-04-18,Wedding,Manouba,Tunisie,1,0.0,0.0,200.0,400.0,Venues de mariage privées
9970,10812.0,202,1983,21000.0,20.0,pending,Wedding,2024-05-09,Wedding,Manouba,Tunisie,5,0.0,0.0,200.0,400.0,Venues de mariage privées
6111,14279.0,155,66,15000.0,3.0,pending,Corporate Event,2024-11-11,Corporate,Sidi Bouzid,Tunisie,1,0.0,0.0,200.0,400.0,Venues de mariage privées
16190,5081.0,176,3661,13000.0,2.0,cancelled,Corporate Event,2023-06-22,Wedding,Siliana,Tunisie,5,0.0,0.0,200.0,400.0,Venues de mariage privées
11793,9204.0,203,1258,17000.0,20.0,confirmed,Wedding,2024-06-28,Wedding,Manouba,Tunisie,4,0.0,0.0,200.0,400.0,Venues de mariage privées
13642,6563.0,42,3577,17000.0,2.0,cancelled,Birthday,2023-07-16,Wedding,Mahdia,Tunisie,1,0.0,0.0,200.0,400.0,Venues de mariage privées
1279,12835.0,239,4101,20000.0,5.0,pending,Corporate Event,2022-09-17,Corporate,Gafsa,Tunisie,3,0.0,0.0,100.0,200.0,Hotel
8437,3557.0,176,3661,17000.0,16.0,confirmed,Corporate Event,2022-05-05,Wedding,Ben Arous,Tunisie,2,0.0,0.0,200.0,400.0,Venues de mariage privées
15897,8948.0,239,4101,22000.0,2.0,cancelled,Corporate Event,2024-06-23,Wedding,Nabeul,Tunisie,3,0.0,0.0,300.0,500.0,Venues de mariage privées
5970,12313.0,203,1258,12000.0,2.0,pending,Corporate Event,2023-10-25,Wedding,Mahdia,Tunisie,3,0.0,0.0,200.0,400.0,Venues de mariage privées
2672,9936.0,249,22215,23000.0,16.0,confirmed,Birthday,2024-10-30,Wedding,Siliana,Tunisie,1,0.0,0.0,200.0,400.0,Venues de mariage privées
2835,7040.0,203,1417,15000.0,2.0,cancelled,Wedding,2024-02-07,Wedding,Mahdia,Tunisie,5,0.0,0.0,200.0,400.0,Venues de mariage privées
4090,7475.0,42,3577,23000.0,2.0,cancelled,Corporate Event,2023-10-04,Birthday,Ben Arous,Tunisie,1,0.0,0.0,200.0,400.0,Venues de mariage privées
9865,6824.0,298,962,24000.0,10.0,cancelled,Birthday,2025-02-04,Wedding,Kasserine,Tunisie,4,0.0,0.0,200.0,400.0,Venues de mariage privées
4003,7538.0,298,962,12000.0,4.0,pending,Corporate Event,2022-02-19,Corporate,Tunis,Tunisie,4,0.0,0.0,300.0,500.0,Hotel
11659,14438.0,298,962,12000.0,3.0,cancelled,Birthday,2025-08-15,Birthday,Zaghouan,Tunisie,4,0.0,0.0,100.0,200.0,Hotel
4307,10231.0,239,4101,19000.0,3.0,pending,Birthday,2025-02-13,Birthday,Zaghouan,Tunisie,3,0.0,0.0,100.0,200.0,Hotel
12041,7732.0,126,4896,21000.0,14.0,pending,Wedding,2024-09-18,Wedding,Ariana,Tunisie,1,0.0,0.0,200.0,400.0,Venues de mariage privées
9924,3610.0,155,66,22000.0,8.0,cancelled,Wedding,2024-11-19,Wedding,Bizerte,Tunisie,3,0.0,0.0,300.0,500.0,Venues de mariage privées
9746,12912.0,203,1258,19000.0,16.0,pending,Wedding,2023-10-13,Wedding,Sfax,Tunisie,3,0.0,0.0,200.0,500.0,Hotel
10520,13056.0,126,4896,12000.0,7.0,confirmed,Wedding,2024-10-09,Birthday,Kairouan,Tunisie,2,0.0,0.0,300.0,500.0,Venues de mariage privées
12549,13330.0,42,3577,22000.0,10.0,cancelled,Birthday,2023-08-24,Wedding,Ariana,Tunisie,4,0.0,0.0,200.0,400.0,Venues de mariage privées
11966,4650.0,249,22215,22000.0,7.0,pending,Wedding,2025-07-31,Wedding,Nabeul,Tunisie,1,0.0,0.0,300.0,500.0,Venues de mariage privées
9584,1150.0,298,962,26000.0,0.0,pending,Birthday,2023-02-08,Wedding,Kasserine,Tunisie,1,0.0,0.0,200.0,400.0,Venues de mariage privées
12550,10550.0,298,962,26000.0,0.0,confirmed,Corporate Event,2023-12-17,Birthday,Sidi Bouzid,Tunisie,5,0.0,0.0,200.0,400.0,Venues de mariage privées
5681,8102.0,176,3661,19000.0,0.0,cancelled,Birthday,2022-08-15,Wedding,Gafsa,Tunisie,1,0.0,0.0,100.0,200.0,Hotel
12608,3881.0,203,1258,12000.0,0.0,pending,Corporate Event,2022-03-19,Birthday,Siliana,Tunisie,1,0.0,0.0,200.0,400.0,Venues de mariage privées
5195,8504.0,176,3661,26000.0,10.0,confirmed,Birthday,2023-07-24,Wedding,Ariana,Tunisie,2,0.0,0.0,200.0,400.0,Venues de mariage privées
5242,9974.0,155,66,22000.0,8.0,confirmed,Birthday,2022-02-04,Wedding,Bizerte,Tunisie,5,0.0,0.0,300.0,500.0,Venues de mariage privées
6779,3466.0,126,4896,19000.0,11.0,confirmed,Corporate Event,2024-08-17,Corporate,Ariana,Tunisie,2,0.0,0.0,200.0,400.0,Venues de mariage privées
17036,6837.0,155,66,22000.0,18.0,confirmed,Birthday,2022-07-12,Birthday,Manouba,Tunisie,1,0.0,0.0,200.0,400.0,Venues de mariage privées
15034,1019.0,229,3480,17000.0,2.0,cancelled,Wedding,2025-07-28,Wedding,Mahdia,Tunisie,5,0.0,0.0,200.0,400.0,Venues de mariage privées
5435,13406.0,249,22215,26000.0,0.0,cancelled,Corporate Event,2022-01-09,Wedding,Tataouine,Tunisie,3,0.0,0.0,100.0,200.0,Hotel
2716,8975.0,202,1983,19000.0,9.0,cancelled,Corporate Event,2022-10-11,Corporate,Sousse,Tunisie,5,0.0,0.0,300.0,500.0,Venues de mariage privées
10773,11285.0,229,3480,24000.0,3.0,pending,Wedding,2025-10-16,Wedding,Sidi Bouzid,Tunisie,2,0.0,0.0,200.0,400.0,Venues de mariage privées
15139,10235.0,176,3661,26000.0,0.0,cancelled,Birthday,2023-10-12,Birthday,Kasserine,Tunisie,3,0.0,0.0,200.0,400.0,Venues de mariage privées
5833,5267.0,155,66,15000.0,2.0,pending,Corporate Event,2022-08-27,Wedding,Nabeul,Tunisie,3,0.0,0.0,300.0,500.0,Venues de mariage privées
12922,3374.0,298,962,24000.0,2.0,pending,Corporate Event,2022-03-09,Wedding,Jendouba,Tunisie,5,0.0,0.0,100.0,200.0,Hotel
6040,8600.0,239,4101,15000.0,0.0,confirmed,Wedding,2025-03-09,Wedding,Tozeur,Tunisie,2,0.0,0.0,300.0,500.0,Venues de mariage privées
5979,13026.0,126,4896,21000.0,4.0,cancelled,Corporate Event,2022-12-22,Wedding,Kairouan,Tunisie,2,0.0,0.0,300.0,500.0,Venues de mariage privées
5502,5767.0,126,4896,23000.0,4.0,cancelled,Corporate Event,2022-07-11,Birthday,Bizerte,Tunisie,1,0.0,0.0,300.0,500.0,Venues de mariage privées
5801,5117.0,126,4896,21000.0,16.0,cancelled,Corporate Event,2022-09-11,Wedding,Sousse,Tunisie,2,0.0,0.0,300.0,500.0,Venues de mariage privées
6996,8554.0,126,4896,13000.0,14.0,cancelled,Birthday,2022-08-12,Corporate,Nabeul,Tunisie,5,0.0,0.0,300.0,500.0,Venues de mariage privées
5816,14708.0,176,3661,24000.0,14.0,pending,Birthday,2024-01-20,Corporate,Nabeul,Tunisie,2,0.0,0.0,300.0,500.0,Venues de mariage privées
336,11356.0,155,66,26000.0,14.0,confirmed,Corporate Event,2022-03-28,Wedding,Ariana,Tunisie,4,0.0,0.0,200.0,400.0,Venues de mariage privées
2723,1582.0,202,1983,20000.0,16.0,pending,Birthday,2022-09-03,Wedding,Manouba,Tunisie,2,0.0,0.0,200.0,400.0,Venues de mariage privées
1740,7295.0,176,3661,12000.0,2.0,cancelled,Wedding,2024-03-15,Wedding,Siliana,Tunisie,2,0.0,0.0,200.0,400.0,Venues de mariage privées
4788,2173.0,229,3480,25000.0,1.0,pending,Birthday,2023-09-14,Wedding,Tataouine,Tunisie,2,0.0,0.0,100.0,200.0,Hotel
14629,2614.0,42,3577,22000.0,0.0,pending,Corporate Event,2025-10-11,Birthday,Siliana,Tunisie,5,0.0,0.0,200.0,400.0,Venues de mariage privées
15962,13203.0,298,962,13000.0,15.0,confirmed,Corporate Event,2024-09-16,Corporate,Ben Arous,Tunisie,5,0.0,0.0,200.0,400.0,Venues de mariage privées
9539,13685.0,176,3661,20000.0,8.0,cancelled,Birthday,2025-09-21,Wedding,Bizerte,Tunisie,1,0.0,0.0,300.0,500.0,Venues de mariage privées
6823,10374.0,42,3577,22000.0,2.0,confirmed,Birthday,2023-02-27,Wedding,Bizerte,Tunisie,1,0.0,0.0,300.0,500.0,Venues de mariage privées
1710,13662.0,298,962,17000.0,14.0,confirmed,Wedding,2025-11-23,Corporate,Nabeul,Tunisie,3,0.0,0.0,300.0,500.0,Venues de mariage privées
5746,4595.0,203,1258,21000.0,16.0,confirmed,Birthday,2025-05-27,Wedding,Manouba,Tunisie,2,0.0,0.0,200.0,400.0,Venues de mariage privées
6075,1704.0,252,1608,12000.0,3.0,cancelled,Wedding,2022-03-21,Birthday,Zaghouan,Tunisie,2,0.0,0.0,100.0,200.0,Hotel
3499,736.0,249,22215,26000.0,0.0,confirmed,Birthday,2025-12-28,Birthday,Jendouba,Tunisie,2,0.0,0.0,100.0,200.0,Hotel
14433,13927.0,42,3577,26000.0,10.0,pending,Birthday,2025-08-13,Corporate,Jendouba,Tunisie,4,0.0,0.0,100.0,200.0,Hotel
13240,8216.0,239,4101,12000.0,0.0,pending,Corporate Event,2024-04-11,Wedding,Tozeur,Tunisie,4,0.0,0.0,300.0,500.0,Venues de mariage privées
215,3314.0,229,3480,13000.0,10.0,cancelled,Wedding,2023-03-02,Birthday,Nabeul,Tunisie,2,0.0,0.0,300.0,500.0,Venues de mariage privées
14490,14778.0,203,1417,13000.0,11.0,pending,Wedding,2025-12-19,Corporate,Ariana,Tunisie,2,0.0,0.0,200.0,400.0,Venues de mariage privées
17649,12588.0,176,3661,21000.0,7.0,pending,Wedding,2025-12-05,Wedding,Jendouba,Tunisie,4,0.0,0.0,100.0,200.0,Hotel
1367,6483.0,298,962,12000.0,16.0,cancelled,Birthday,2023-12-21,Wedding,Manouba,Tunisie,4,0.0,0.0,200.0,400.0,Venues de mariage privées
1753,4420.0,155,66,13000.0,3.0,pending,Corporate Event,2023-06-11,Corporate,Sidi Bouzid,Tunisie,4,0.0,0.0,200.0,400.0,Venues de mariage privées
16148,13064.0,249,22215,15000.0,14.0,cancelled,Birthday,2023-07-20,Corporate,Nabeul,Tunisie,3,0.0,0.0,300.0,500.0,Venues de mariage privées
5203,4237.0,203,1258,25000.0,2.0,cancelled,Birthday,2022-07-12,Birthday,Monastir,Tunisie,1,0.0,0.0,200.0,500.0,Hotel
3342,141250.0,239,4101,12000.0,16.0,confirmed,Wedding,2025-02-21,Wedding,Sfax,Tunisie,3,0.0,0.0,200.0,500.0,Hotel
5961,12688.0,298,962,24000.0,2.0,pending,Wedding,2024-04-30,Wedding,Jendouba,Tunisie,5,0.0,0.0,100.0,200.0,Hotel
16120,9672.0,202,1983,20000.0,14.0,confirmed,Wedding,2024-11-28,Wedding,Ariana,Tunisie,2,0.0,0.0,200.0,400.0,Venues de mariage privées
1699,8528.0,202,1983,20000.0,4.0,confirmed,Corporate Event,2025-07-04,Wedding,Zaghouan,Tunisie,1,0.0,0.0,100.0,200.0,Hotel
11221,9405.0,155,66,22000.0,5.0,confirmed,Wedding,2022-08-29,Wedding,Sousse,Tunisie,5,0.0,0.0,300.0,500.0,Venues de mariage privées
13048,5388.0,202,1983,15000.0,14.0,confirmed,Corporate Event,2023-05-21,Wedding,Ariana,Tunisie,3,0.0,0.0,200.0,400.0,Venues de mariage privées
1233,8262.0,176,3661,15000.0,0.0,cancelled,Corporate Event,2025-11-13,Birthday,Jendouba,Tunisie,3,0.0,0.0,100.0,200.0,Hotel
13834,10267.0,239,4101,15000.0,9.0,confirmed,Corporate Event,2023-12-13,Corporate,Kasserine,Tunisie,1,0.0,0.0,200.0,400.0,Venues de mariage privées
12243,2190.0,202,1983,23000.0,20.0,pending,Wedding,2023-08-06,Wedding,Tunis,Tunisie,2,0.0,0.0,300.0,500.0,Hotel
5557,2728.0,252,1608,21000.0,16.0,confirmed,Corporate Event,2023-12-13,Wedding,Monastir,Tunisie,1,0.0,0.0,200.0,500.0,Hotel
8320,13626.0,126,4896,23000.0,7.0,confirmed,Birthday,2023-05-08,Birthday,Tataouine,Tunisie,3,0.0,0.0,100.0,200.0,Hotel
14027,852.0,126,4896,13000.0,0.0,pending,Birthday,2024-09-09,Birthday,Siliana,Tunisie,1,0.0,0.0,200.0,400.0,Venues de mariage privées
5097,12933.0,155,66,21000.0,3.0,confirmed,Wedding,2025-02-15,Wedding,Monastir,Tunisie,3,0.0,0.0,200.0,500.0,Hotel
7811,7807.0,229,3480,22000.0,4.0,pending,Corporate Event,2022-03-08,Wedding,Kairouan,Tunisie,2,0.0,0.0,300.0,500.0,Venues de mariage privées
445,6794.0,42,3577,17000.0,5.0,confirmed,Corporate Event,2025-02-04,Corporate,Kairouan,Tunisie,5,0.0,0.0,300.0,500.0,Venues de mariage privées
3110,7947.0,252,1608,20000.0,8.0,confirmed,Birthday,2023-05-08,Wedding,Bizerte,Tunisie,1,0.0,0.0,300.0,500.0,Venues de mariage privées
156,13433.0,229,3480,23000.0,5.0,cancelled,Corporate Event,2023-12-16,Wedding,Sousse,Tunisie,4,0.0,0.0,300.0,500.0,Venues de mariage privées
1301,2322.0,298,962,20000.0,0.0,pending,Wedding,2025-11-17,Birthday,Mahdia,Tunisie,5,0.0,0.0,200.0,400.0,Venues de mariage privées
11615,2398.0,203,1258,17000.0,2.0,cancelled,Birthday,2025-09-23,Wedding,Nabeul,Tunisie,5,0.0,0.0,300.0,500.0,Venues de mariage privées
5267,6175.0,126,4896,24000.0,2.0,pending,Birthday,2024-10-11,Wedding,Mahdia,Tunisie,2,0.0,0.0,200.0,400.0,Venues de mariage privées
5375,10172.0,126,4896,15000.0,0.0,pending,Birthday,2022-04-12,Birthday,Gafsa,Tunisie,5,0.0,0.0,100.0,200.0,Hotel
9364,2505.0,298,962,20000.0,18.0,cancelled,Wedding,2025-10-24,Birthday,Manouba,Tunisie,4,0.0,0.0,200.0,400.0,Venues de mariage privées
9036,4604.0,249,22215,12000.0,7.0,cancelled,Wedding,2023-09-20,Wedding,Jendouba,Tunisie,4,0.0,0.0,100.0,200.0,Hotel
3070,4081.0,298,962,15000.0,3.0,pending,Wedding,2022-12-05,Corporate,Sfax,Tunisie,2,0.0,0.0,200.0,500.0,Hotel
8243,13502.0,42,3577,19000.0,2.0,confirmed,Wedding,2022-12-22,Wedding,Jendouba,Tunisie,5,0.0,0.0,100.0,200.0,Hotel
9255,1430.0,239,4101,15000.0,8.0,cancelled,Corporate Event,2023-05-24,Wedding,Bizerte,Tunisie,3,0.0,0.0,300.0,500.0,Venues de mariage privées
9853,2975.0,126,4896,26000.0,10.0,pending,Wedding,2023-04-25,Birthday,Sfax,Tunisie,3,0.0,0.0,200.0,500.0,Hotel
14510,9102.0,176,3661,12000.0,3.0,confirmed,Birthday,2025-10-07,Wedding,Sidi Bouzid,Tunisie,5,0.0,0.0,200.0,400.0,Venues de mariage privées
17446,13104.0,252,1608,21000.0,16.0,cancelled,Birthday,2024-10-30,Wedding,Sousse,Tunisie,2,0.0,0.0,300.0,500.0,Venues de mariage privées
12940,1906.0,42,3577,22000.0,2.0,pending,Wedding,2024-10-23,Wedding,Sidi Bouzid,Tunisie,1,0.0,0.0,200.0,400.0,Venues de mariage privées
13723,8204.0,229,3480,22000.0,3.0,pending,Wedding,2022-04-19,Birthday,Zaghouan,Tunisie,4,0.0,0.0,100.0,200.0,Hotel
16293,6467.0,155,66,20000.0,6.0,pending,Corporate Event,2023-04-03,Corporate,Bizerte,Tunisie,2,0.0,0.0,300.0,500.0,Venues de mariage privées
10540,5536.0,203,1417,19000.0,0.0,cancelled,Wedding,2024-11-14,Birthday,Sousse,Tunisie,1,0.0,0.0,300.0,500.0,Venues de mariage privées
10946,13297.0,203,1258,19000.0,0.0,pending,Birthday,2023-11-25,Birthday,Tozeur,Tunisie,3,0.0,0.0,300.0,500.0,Venues de mariage privées
16533,11083.0,155,66,26000.0,10.0,cancelled,Wedding,2022-08-06,Birthday,Nabeul,Tunisie,4,0.0,0.0,300.0,500.0,Venues de mariage privées
1884,943.0,239,4101,21000.0,2.0,confirmed,Corporate Event,2024-10-23,Wedding,Bizerte,Tunisie,2,0.0,0.0,300.0,500.0,Venues de mariage privées
2960,8654.0,249,22215,15000.0,4.0,confirmed,Corporate Event,2023-04-03,Birthday,Bizerte,Tunisie,5,0.0,0.0,300.0,500.0,Venues de mariage privées
4514,12810.0,126,4896,20000.0,7.0,confirmed,Corporate Event,2024-02-24,Wedding,Nabeul,Tunisie,5,0.0,0.0,300.0,500.0,Venues de mariage privées
9851,12112.0,155,66,20000.0,5.0,cancelled,Corporate Event,2023-06-30,Wedding,Sousse,Tunisie,1,0.0,0.0,300.0,500.0,Venues de mariage privées
9025,1280.0,202,1983,23000.0,7.0,confirmed,Birthday,2023-10-17,Birthday,Tataouine,Tunisie,4,0.0,0.0,100.0,200.0,Hotel
8764,2820.0,203,1417,21000.0,16.0,pending,Corporate Event,2023-09-29,Wedding,Monastir,Tunisie,4,0.0,0.0,200.0,500.0,Hotel
5428,13890.0,126,4896,26000.0,10.0,pending,Corporate Event,2022-08-25,Wedding,Ariana,Tunisie,2,0.0,0.0,200.0,400.0,Venues de mariage privées
10992,3412.0,126,4896,13000.0,2.0,confirmed,Corporate Event,2022-05-27,Wedding,Bizerte,Tunisie,3,0.0,0.0,300.0,500.0,Venues de mariage privées
17268,3634.0,298,962,21000.0,20.0,cancelled,Corporate Event,2024-08-21,Wedding,Tunis,Tunisie,4,0.0,0.0,300.0,500.0,Hotel
595,11478.0,298,962,23000.0,16.0,cancelled,Birthday,2025-07-16,Wedding,Siliana,Tunisie,3,0.0,0.0,200.0,400.0,Venues de mariage privées
17402,3262.0,202,1983,21000.0,7.0,confirmed,Corporate Event,2025-02-13,Wedding,Nabeul,Tunisie,4,0.0,0.0,300.0,500.0,Venues de mariage privées
9633,12454.0,126,4896,19000.0,2.0,confirmed,Wedding,2025-03-20,Wedding,Bizerte,Tunisie,1,0.0,0.0,300.0,500.0,Venues de mariage privées
16682,6676.0,252,1608,20000.0,0.0,cancelled,Birthday,2025-12-18,Wedding,Gafsa,Tunisie,1,0.0,0.0,100.0,200.0,Hotel
2594,13644.0,126,4896,22000.0,13.0,confirmed,Birthday,2022-08-21,Corporate,Manouba,Tunisie,5,0.0,0.0,200.0,400.0,Venues de mariage privées
162,10016.0,252,1608,26000.0,20.0,pending,Corporate Event,2025-08-31,Wedding,Tunis,Tunisie,5,0.0,0.0,300.0,500.0,Hotel
13135,577.0,155,66,17000.0,20.0,pending,Wedding,2023-04-07,Wedding,Tunis,Tunisie,3,0.0,0.0,300.0,500.0,Hotel
1426,9034.0,42,3577,17000.0,0.0,confirmed,Birthday,2022-06-06,Birthday,Kasserine,Tunisie,2,0.0,0.0,200.0,400.0,Venues de mariage privées
7146,140320.0,252,1608,22000.0,0.0,confirmed,Corporate Event,2023-11-20,Wedding,Tozeur,Tunisie,4,0.0,0.0,300.0,500.0,Venues de mariage privées
148,2190.0,126,4896,26000.0,9.0,cancelled,Birthday,2023-03-15,Wedding,Kairouan,Tunisie,3,0.0,0.0,300.0,500.0,Venues de mariage privées
13304,1039.0,176,3661,25000.0,16.0,pending,Wedding,2022-12-25,Wedding,Manouba,Tunisie,5,0.0,0.0,200.0,400.0,Venues de mariage privées
9606,1059.0,249,22215,12000.0,4.0,pending,Wedding,2025-07-29,Wedding,Zaghouan,Tunisie,4,0.0,0.0,100.0,200.0,Hotel
11653,11511.0,176,3661,26000.0,0.0,pending,Corporate Event,2022-04-26,Birthday,Jendouba,Tunisie,1,0.0,0.0,100.0,200.0,Hotel
16304,11985.0,252,1608,24000.0,4.0,pending,Wedding,2023-04-24,Wedding,Zaghouan,Tunisie,4,0.0,0.0,100.0,200.0,Hotel
1479,2648.0,203,1417,19000.0,2.0,cancelled,Birthday,2025-03-26,Wedding,Siliana,Tunisie,4,0.0,0.0,200.0,400.0,Venues de mariage privées
6744,11665.0,229,3480,19000.0,4.0,cancelled,Birthday,2025-09-16,Wedding,Ben Arous,Tunisie,3,0.0,0.0,200.0,400.0,Venues de mariage privées
13339,14615.0,203,1417,12000.0,0.0,confirmed,Birthday,2023-12-28,Birthday,Jendouba,Tunisie,5,0.0,0.0,100.0,200.0,Hotel
16511,2719.0,126,4896,22000.0,0.0,pending,Wedding,2022-06-02,Wedding,Tozeur,Tunisie,3,0.0,0.0,300.0,500.0,Venues de mariage privées
10178,12864.0,126,4896,21000.0,0.0,confirmed,Birthday,2023-06-04,Wedding,Tataouine,Tunisie,2,0.0,0.0,100.0,200.0,Hotel
1742,9423.0,249,22215,17000.0,4.0,pending,Birthday,2025-06-30,Wedding,Zaghouan,Tunisie,2,0.0,0.0,100.0,200.0,Hotel
8303,13557.0,249,22215,21000.0,0.0,pending,Corporate Event,2025-08-05,Wedding,Tozeur,Tunisie,3,0.0,0.0,300.0,500.0,Venues de mariage privées
2001,6889.0,298,962,26000.0,1.0,confirmed,Birthday,2022-07-19,Wedding,Tataouine,Tunisie,4,0.0,0.0,100.0,200.0,Hotel
12989,11657.0,155,66,24000.0,14.0,cancelled,Wedding,2025-05-27,Wedding,Ariana,Tunisie,4,0.0,0.0,200.0,400.0,Venues de mariage privées
14592,4102.0,239,4101,12000.0,4.0,confirmed,Corporate Event,2022-02-25,Birthday,Bizerte,Tunisie,2,0.0,0.0,300.0,500.0,Venues de mariage privées
6311,3554.0,203,1417,12000.0,10.0,confirmed,Wedding,2025-07-12,Wedding,Ariana,Tunisie,3,0.0,0.0,200.0,400.0,Venues de mariage privées
17860,14270.0,203,1258,24000.0,5.0,pending,Corporate Event,2023-12-13,Corporate,Gafsa,Tunisie,3,0.0,0.0,100.0,200.0,Hotel
7516,1545.0,202,1983,12000.0,0.0,cancelled,Corporate Event,2024-07-07,Birthday,Gafsa,Tunisie,3,0.0,0.0,100.0,200.0,Hotel
411,5304.0,42,3577,19000.0,0.0,confirmed,Birthday,2024-10-29,Corporate,Tataouine,Tunisie,4,0.0,0.0,100.0,200.0,Hotel
11565,10049.0,155,66,22000.0,16.0,cancelled,Corporate Event,2023-01-21,Wedding,Ben Arous,Tunisie,1,0.0,0.0,200.0,400.0,Venues de mariage privées
3965,88990.0,203,1258,12000.0,4.0,confirmed,Corporate Event,2025-04-17,Wedding,Kairouan,Tunisie,1,0.0,0.0,300.0,500.0,Venues de mariage privées
3339,6994.0,176,3661,21000.0,11.0,cancelled,Wedding,2024-08-30,Corporate,Ariana,Tunisie,5,0.0,0.0,200.0,400.0,Venues de mariage privées
14525,7487.0,126,4896,15000.0,3.0,cancelled,Corporate Event,2022-04-25,Wedding,Sidi Bouzid,Tunisie,5,0.0,0.0,200.0,400.0,Venues de mariage privées
5337,116250.0,229,3480,15000.0,5.0,confirmed,Corporate Event,2023-09-23,Corporate,Kairouan,Tunisie,3,0.0,0.0,300.0,500.0,Venues de mariage privées
1913,2810.0,176,3661,19000.0,0.0,confirmed,Wedding,2022-03-03,Birthday,Tozeur,Tunisie,1,0.0,0.0,300.0,500.0,Venues de mariage privées
3885,10894.0,176,3661,15000.0,6.0,cancelled,Birthday,2022-04-15,Corporate,Bizerte,Tunisie,1,0.0,0.0,300.0,500.0,Venues de mariage privées
978,10927.0,126,4896,24000.0,7.0,pending,Birthday,2025-08-28,Corporate,Zaghouan,Tunisie,3,0.0,0.0,100.0,200.0,Hotel
15719,8694.0,42,3577,25000.0,0.0,pending,Corporate Event,2022-01-14,Birthday,Jendouba,Tunisie,2,0.0,0.0,100.0,200.0,Hotel
12085,11545.0,203,1258,12000.0,7.0,pending,Wedding,2024-12-21,Corporate,Zaghouan,Tunisie,5,0.0,0.0,100.0,200.0,Hotel
10702,2671.0,249,22215,13000.0,16.0,pending,Wedding,2024-08-07,Wedding,Siliana,Tunisie,4,0.0,0.0,200.0,400.0,Venues de mariage privées
1829,5014.0,249,22215,26000.0,5.0,pending,Wedding,2025-09-07,Corporate,Gafsa,Tunisie,4,0.0,0.0,100.0,200.0,Hotel
14928,14649.0,42,3577,20000.0,0.0,confirmed,Wedding,2022-04-10,Corporate,Tataouine,Tunisie,2,0.0,0.0,100.0,200.0,Hotel
12502,6901.0,202,1983,12000.0,11.0,confirmed,Birthday,2024-01-07,Corporate,Ariana,Tunisie,5,0.0,0.0,200.0,400.0,Venues de mariage privées
10367,736.0,229,3480,20000.0,5.0,pending,Wedding,2025-10-31,Corporate,Kairouan,Tunisie,2,0.0,0.0,300.0,500.0,Venues de mariage privées
10651,14646.0,252,1608,24000.0,10.0,confirmed,Wedding,2022-07-09,Wedding,Gafsa,Tunisie,3,0.0,0.0,100.0,200.0,Hotel
6636,1004.0,229,3480,17000.0,0.0,cancelled,Birthday,2023-03-07,Birthday,Jendouba,Tunisie,4,0.0,0.0,100.0,200.0,Hotel
190,10480.0,202,1983,12000.0,0.0,cancelled,Corporate Event,2022-03-19,Birthday,Jendouba,Tunisie,3,0.0,0.0,100.0,200.0,Hotel
966,14906.0,42,3577,22000.0,0.0,cancelled,Corporate Event,2023-08-16,Birthday,Siliana,Tunisie,3,0.0,0.0,200.0,400.0,Venues de mariage privées
10184,14630.0,155,66,26000.0,4.0,cancelled,Corporate Event,2024-12-10,Wedding,Kairouan,Tunisie,2,0.0,0.0,300.0,500.0,Venues de mariage privées
12480,12384.0,249,22215,12000.0,2.0,confirmed,Wedding,2023-08-27,Birthday,Ben Arous,Tunisie,2,0.0,0.0,200.0,400.0,Venues de mariage privées
2440,4742.0,155,66,24000.0,2.0,pending,Corporate Event,2025-06-20,Wedding,Bizerte,Tunisie,1,0.0,0.0,300.0,500.0,Venues de mariage privées
3537,3986.0,155,66,12000.0,5.0,confirmed,Corporate Event,2024-11-26,Corporate,Tozeur,Tunisie,5,0.0,0.0,300.0,500.0,Venues de mariage privées
14917,8192.0,203,1258,13000.0,2.0,confirmed,Wedding,2025-02-22,Wedding,Bizerte,Tunisie,4,0.0,0.0,300.0,500.0,Venues de mariage privées
10200,6804.0,239,4101,26000.0,10.0,cancelled,Corporate Event,2022-11-22,Wedding,Ariana,Tunisie,5,0.0,0.0,200.0,400.0,Venues de mariage privées
8562,12048.0,252,1608,24000.0,3.0,confirmed,Corporate Event,2022-08-28,Corporate,Sfax,Tunisie,4,0.0,0.0,200.0,500.0,Hotel
7725,4733.0,203,1258,15000.0,4.0,confirmed,Wedding,2022-09-27,Wedding,Zaghouan,Tunisie,5,0.0,0.0,100.0,200.0,Hotel
14237,7153.0,229,3480,25000.0,14.0,confirmed,Birthday,2024-03-17,Corporate,Nabeul,Tunisie,3,0.0,0.0,300.0,500.0,Venues de mariage privées
12190,10098.0,249,22215,22000.0,18.0,confirmed,Corporate Event,2024-10-22,Birthday,Manouba,Tunisie,1,0.0,0.0,200.0,400.0,Venues de mariage privées
1504,13089.0,249,22215,12000.0,0.0,cancelled,Wedding,2023-06-14,Wedding,Tozeur,Tunisie,2,0.0,0.0,300.0,500.0,Venues de mariage privées
9578,10525.0,202,1983,17000.0,5.0,cancelled,Wedding,2023-06-06,Corporate,Gafsa,Tunisie,3,0.0,0.0,100.0,200.0,Hotel
8178,6142.0,239,4101,17000.0,3.0,cancelled,Wedding,2024-10-27,Wedding,Sidi Bouzid,Tunisie,5,0.0,0.0,200.0,400.0,Venues de mariage privées
2339,8570.0,239,4101,22000.0,16.0,cancelled,Corporate Event,2023-04-27,Wedding,Manouba,Tunisie,2,0.0,0.0,200.0,400.0,Venues de mariage privées
8553,14403.0,126,4896,26000.0,2.0,confirmed,Corporate Event,2023-01-09,Wedding,Bizerte,Tunisie,4,0.0,0.0,300.0,500.0,Venues de mariage privées
12169,11604.0,202,1983,12000.0,3.0,cancelled,Birthday,2022-10-21,Corporate,Sfax,Tunisie,2,0.0,0.0,200.0,500.0,Hotel
14086,13228.0,126,4896,13000.0,0.0,cancelled,Wedding,2024-01-28,Birthday,Jendouba,Tunisie,4,0.0,0.0,100.0,200.0,Hotel
13823,1562.0,252,1608,15000.0,16.0,confirmed,Corporate Event,2025-04-26,Wedding,Manouba,Tunisie,1,0.0,0.0,200.0,400.0,Venues de mariage privées
16873,10098.0,155,66,22000.0,0.0,cancelled,Corporate Event,2024-05-30,Birthday,Gafsa,Tunisie,3,0.0,0.0,100.0,200.0,Hotel
15799,12592.0,249,22215,24000.0,0.0,confirmed,Corporate Event,2022-04-26,Wedding,Sfax,Tunisie,5,0.0,0.0,200.0,500.0,Hotel
3849,7429.0,155,66,25000.0,7.0,cancelled,Corporate Event,2024-02-16,Wedding,Nabeul,Tunisie,2,0.0,0.0,300.0,500.0,Venues de mariage privées
7632,12582.0,202,1983,20000.0,2.0,confirmed,Wedding,2023-09-27,Wedding,Jendouba,Tunisie,1,0.0,0.0,100.0,200.0,Hotel
10025,7337.0,126,4896,22000.0,2.0,cancelled,Birthday,2023-12-15,Wedding,Mahdia,Tunisie,3,0.0,0.0,200.0,400.0,Venues de mariage privées
14697,10924.0,176,3661,19000.0,13.0,pending,Birthday,2024-09-15,Corporate,Manouba,Tunisie,5,0.0,0.0,200.0,400.0,Venues de mariage privées
6665,2716.0,239,4101,26000.0,10.0,pending,Corporate Event,2022-01-20,Wedding,Ariana,Tunisie,1,0.0,0.0,200.0,400.0,Venues de mariage privées
9950,8681.0,203,1417,25000.0,10.0,confirmed,Wedding,2025-06-29,Birthday,Sfax,Tunisie,1,0.0,0.0,200.0,500.0,Hotel
13805,3324.0,239,4101,26000.0,4.0,confirmed,Wedding,2022-10-11,Wedding,Kairouan,Tunisie,2,0.0,0.0,300.0,500.0,Venues de mariage privées
6219,8048.0,155,66,13000.0,0.0,pending,Wedding,2022-04-28,Birthday,Ariana,Tunisie,4,0.0,0.0,200.0,400.0,Venues de mariage privées
7451,1931.0,249,22215,12000.0,14.0,pending,Birthday,2023-04-06,Wedding,Ariana,Tunisie,4,0.0,0.0,200.0,400.0,Venues de mariage privées
13987,12072.0,203,1258,12000.0,2.0,confirmed,Wedding,2022-06-01,Wedding,Siliana,Tunisie,3,0.0,0.0,200.0,400.0,Venues de mariage privées
15193,310.0,298,962,25000.0,2.0,pending,Corporate Event,2022-03-16,Wedding,Nabeul,Tunisie,3,0.0,0.0,300.0,500.0,Venues de mariage privées
6546,787.0,203,1258,19000.0,16.0,cancelled,Wedding,2025-06-17,Wedding,Manouba,Tunisie,2,0.0,0.0,200.0,400.0,Venues de mariage privées
12149,5927.0,229,3480,13000.0,0.0,confirmed,Corporate Event,2024-11-26,Wedding,Gafsa,Tunisie,4,0.0,0.0,100.0,200.0,Hotel
16675,7359.0,155,66,24000.0,4.0,confirmed,Corporate Event,2024-07-08,Birthday,Bizerte,Tunisie,3,0.0,0.0,300.0,500.0,Venues de mariage privées
14440,14476.0,298,962,13000.0,10.0,pending,Corporate Event,2025-12-03,Corporate,Jendouba,Tunisie,1,0.0,0.0,100.0,200.0,Hotel
8424,3916.0,155,66,26000.0,10.0,cancelled,Wedding,2025-08-30,Corporate,Jendouba,Tunisie,1,0.0,0.0,100.0,200.0,Hotel
14897,8216.0,239,4101,17000.0,14.0,confirmed,Corporate Event,2024-02-24,Corporate,Nabeul,Tunisie,4,0.0,0.0,300.0,500.0,Venues de mariage privées
13589,9807.0,155,66,17000.0,5.0,cancelled,Birthday,2024-05-19,Corporate,Kairouan,Tunisie,5,0.0,0.0,300.0,500.0,Venues de mariage privées
7998,4405.0,252,1608,19000.0,7.0,cancelled,Wedding,2023-07-08,Birthday,Kairouan,Tunisie,1,0.0,0.0,300.0,500.0,Venues de mariage privées
6337,4868.0,202,1983,23000.0,18.0,cancelled,Wedding,2025-07-06,Birthday,Manouba,Tunisie,5,0.0,0.0,200.0,400.0,Venues de mariage privées
1172,14062.0,203,1417,24000.0,5.0,pending,Wedding,2024-01-18,Corporate,Tozeur,Tunisie,3,0.0,0.0,300.0,500.0,Venues de mariage privées
17670,3797.0,203,1258,21000.0,3.0,pending,Birthday,2022-05-05,Wedding,Monastir,Tunisie,2,0.0,0.0,200.0,500.0,Hotel
15904,10280.0,155,66,12000.0,10.0,confirmed,Birthday,2023-10-26,Wedding,Kasserine,Tunisie,3,0.0,0.0,200.0,400.0,Venues de mariage privées
23,2533.0,252,1608,13000.0,20.0,confirmed,Birthday,2022-08-19,Wedding,Tunis,Tunisie,5,0.0,0.0,300.0,500.0,Hotel
3243,950.0,202,1983,15000.0,0.0,pending,Corporate Event,2025-03-05,Birthday,Jendouba,Tunisie,5,0.0,0.0,100.0,200.0,Hotel
12779,6075.0,155,66,23000.0,10.0,confirmed,Wedding,2025-08-10,Corporate,Jendouba,Tunisie,4,0.0,0.0,100.0,200.0,Hotel
6645,3499.0,42,3577,22000.0,5.0,pending,Birthday,2022-11-03,Corporate,Kairouan,Tunisie,2,0.0,0.0,300.0,500.0,Venues de mariage privées
2043,9002.0,252,1608,23000.0,0.0,cancelled,Wedding,2025-06-21,Wedding,Gafsa,Tunisie,1,0.0,0.0,100.0,200.0,Hotel
7364,2256.0,126,4896,13000.0,3.0,confirmed,Wedding,2024-06-01,Wedding,Sidi Bouzid,Tunisie,1,0.0,0.0,200.0,400.0,Venues de mariage privées
768,14277.0,298,962,20000.0,20.0,cancelled,Wedding,2024-04-17,Wedding,Manouba,Tunisie,3,0.0,0.0,200.0,400.0,Venues de mariage privées
4162,10346.0,155,66,22000.0,20.0,pending,Wedding,2024-12-10,Wedding,Tunis,Tunisie,3,0.0,0.0,300.0,500.0,Hotel
2953,3383.0,203,1417,26000.0,0.0,pending,Wedding,2024-10-15,Birthday,Mahdia,Tunisie,5,0.0,0.0,200.0,400.0,Venues de mariage privées
1527,8361.0,42,3577,20000.0,7.0,pending,Birthday,2024-06-05,Wedding,Nabeul,Tunisie,4,0.0,0.0,300.0,500.0,Venues de mariage privées
6203,12517.0,155,66,24000.0,10.0,cancelled,Birthday,2025-04-05,Wedding,Kasserine,Tunisie,3,0.0,0.0,200.0,400.0,Venues de mariage privées
14770,9098.0,229,3480,25000.0,7.0,confirmed,Corporate Event,2024-04-15,Wedding,Jendouba,Tunisie,2,0.0,0.0,100.0,200.0,Hotel
14701,6311.0,176,3661,21000.0,14.0,confirmed,Birthday,2024-11-10,Wedding,Ariana,Tunisie,1,0.0,0.0,200.0,400.0,Venues de mariage privées
11947,10847.0,176,3661,26000.0,4.0,confirmed,Birthday,2023-04-05,Wedding,Kairouan,Tunisie,2,0.0,0.0,300.0,500.0,Venues de mariage privées
11001,13149.0,203,1258,26000.0,0.0,cancelled,Wedding,2025-06-27,Corporate,Siliana,Tunisie,5,0.0,0.0,200.0,400.0,Venues de mariage privées
8849,10450.0,126,4896,23000.0,5.0,pending,Wedding,2022-02-18,Corporate,Kairouan,Tunisie,1,0.0,0.0,300.0,500.0,Venues de mariage privées
2541,10536.0,202,1983,21000.0,10.0,cancelled,Corporate Event,2025-04-10,Birthday,Sfax,Tunisie,5,0.0,0.0,200.0,500.0,Hotel
10083,10028.0,203,1417,19000.0,7.0,cancelled,Birthday,2023-04-18,Birthday,Kairouan,Tunisie,3,0.0,0.0,300.0,500.0,Venues de mariage privées
14809,2238.0,126,4896,22000.0,7.0,cancelled,Wedding,2024-08-13,Corporate,Zaghouan,Tunisie,1,0.0,0.0,100.0,200.0,Hotel
17605,12994.0,176,3661,23000.0,2.0,confirmed,Wedding,2025-06-24,Wedding,Siliana,Tunisie,2,0.0,0.0,200.0,400.0,Venues de mariage privées
2244,8678.0,252,1608,19000.0,7.0,pending,Corporate Event,2024-05-17,Wedding,Jendouba,Tunisie,3,0.0,0.0,100.0,200.0,Hotel
720,7516.0,239,4101,12000.0,5.0,confirmed,Birthday,2025-02-26,Corporate,Kairouan,Tunisie,1,0.0,0.0,300.0,500.0,Venues de mariage privées
17657,14087.0,249,22215,22000.0,10.0,confirmed,Corporate Event,2024-04-25,Corporate,Jendouba,Tunisie,1,0.0,0.0,100.0,200.0,Hotel
14036,10537.0,176,3661,20000.0,0.0,confirmed,Birthday,2024-02-15,Birthday,Tozeur,Tunisie,5,0.0,0.0,300.0,500.0,Venues de mariage privées
11185,12546.0,203,1417,26000.0,3.0,cancelled,Wedding,2025-12-06,Birthday,Zaghouan,Tunisie,3,0.0,0.0,100.0,200.0,Hotel
11748,14582.0,249,22215,20000.0,7.0,cancelled,Birthday,2024-10-27,Corporate,Zaghouan,Tunisie,3,0.0,0.0,100.0,200.0,Hotel
15297,9737.0,298,962,20000.0,0.0,confirmed,Birthday,2023-07-13,Wedding,Tataouine,Tunisie,5,0.0,0.0,100.0,200.0,Hotel
8516,13103.0,252,1608,26000.0,10.0,cancelled,Corporate Event,2025-02-13,Corporate,Jendouba,Tunisie,2,0.0,0.0,100.0,200.0,Hotel
34,1718.0,202,1983,17000.0,14.0,pending,Wedding,2022-07-21,Wedding,Ariana,Tunisie,5,0.0,0.0,200.0,400.0,Venues de mariage privées
16932,14413.0,229,3480,23000.0,0.0,cancelled,Corporate Event,2024-07-07,Birthday,Jendouba,Tunisie,1,0.0,0.0,100.0,200.0,Hotel
12547,5696.0,249,22215,24000.0,3.0,pending,Corporate Event,2023-04-11,Birthday,Zaghouan,Tunisie,5,0.0,0.0,100.0,200.0,Hotel
14847,13614.0,176,3661,13000.0,18.0,cancelled,Wedding,2025-01-25,Birthday,Manouba,Tunisie,3,0.0,0.0,200.0,400.0,Venues de mariage privées
17976,13841.0,203,1258,22000.0,2.0,pending,Birthday,2025-08-04,Wedding,Siliana,Tunisie,3,0.0,0.0,200.0,400.0,Venues de mariage privées
2024,1785.0,203,1258,13000.0,18.0,confirmed,Birthday,2024-07-29,Birthday,Manouba,Tunisie,3,0.0,0.0,200.0,400.0,Venues de mariage privées
17966,144550.0,203,1258,13000.0,2.0,cancelled,Birthday,2023-01-22,Wedding,Siliana,Tunisie,1,0.0,0.0,200.0,400.0,Venues de mariage privées
17460,14939.0,229,3480,21000.0,3.0,confirmed,Birthday,2022-05-24,Corporate,Sfax,Tunisie,2,0.0,0.0,200.0,500.0,Hotel
6052,7843.0,239,4101,24000.0,7.0,pending,Wedding,2025-08-31,Wedding,Nabeul,Tunisie,1,0.0,0.0,300.0,500.0,Venues de mariage privées
2528,1417.0,176,3661,12000.0,4.0,confirmed,Wedding,2022-05-26,Corporate,Tunis,Tunisie,1,0.0,0.0,300.0,500.0,Hotel
5454,11092.0,202,1983,13000.0,2.0,confirmed,Birthday,2024-04-19,Wedding,Siliana,Tunisie,4,0.0,0.0,200.0,400.0,Venues de mariage privées
11795,11556.0,203,1417,13000.0,0.0,pending,Birthday,2022-04-26,Corporate,Tataouine,Tunisie,5,0.0,0.0,100.0,200.0,Hotel
10945,3682.0,203,1417,17000.0,14.0,pending,Wedding,2025-10-19,Corporate,Nabeul,Tunisie,2,0.0,0.0,300.0,500.0,Venues de mariage privées
13802,576.0,249,22215,13000.0,2.0,confirmed,Wedding,2023-09-20,Wedding,Jendouba,Tunisie,1,0.0,0.0,100.0,200.0,Hotel
2657,14138.0,203,1417,24000.0,0.0,cancelled,Corporate Event,2023-04-11,Birthday,Gafsa,Tunisie,2,0.0,0.0,100.0,200.0,Hotel
13896,12119.0,203,1417,12000.0,3.0,confirmed,Wedding,2025-11-20,Wedding,Sidi Bouzid,Tunisie,5,0.0,0.0,200.0,400.0,Venues de mariage privées
1140,8684.0,203,1417,17000.0,14.0,pending,Birthday,2025-11-05,Wedding,Ariana,Tunisie,3,0.0,0.0,200.0,400.0,Venues de mariage privées
9019,582.0,249,22215,24000.0,9.0,cancelled,Birthday,2023-02-23,Corporate,Sousse,Tunisie,2,0.0,0.0,300.0,500.0,Venues de mariage privées
10756,5806.0,42,3577,20000.0,0.0,confirmed,Corporate Event,2025-05-18,Wedding,Tozeur,Tunisie,5,0.0,0.0,300.0,500.0,Venues de mariage privées
1613,92180.0,42,3577,12000.0,0.0,pending,Wedding,2024-10-22,Wedding,Tozeur,Tunisie,3,0.0,0.0,300.0,500.0,Venues de mariage privées
5455,2766.0,239,4101,13000.0,7.0,cancelled,Corporate Event,2022-02-25,Birthday,Kairouan,Tunisie,2,0.0,0.0,300.0,500.0,Venues de mariage privées
5214,2183.0,203,1417,23000.0,10.0,pending,Wedding,2022-08-27,Wedding,Gafsa,Tunisie,2,0.0,0.0,100.0,200.0,Hotel
6985,8221.0,229,3480,13000.0,8.0,confirmed,Corporate Event,2022-04-14,Wedding,Zaghouan,Tunisie,2,0.0,0.0,100.0,200.0,Hotel
6378,3378.0,203,1258,24000.0,5.0,cancelled,Birthday,2022-05-08,Corporate,Kairouan,Tunisie,2,0.0,0.0,300.0,500.0,Venues de mariage privées
6879,5653.0,155,66,24000.0,3.0,confirmed,Corporate Event,2024-02-04,Corporate,Sfax,Tunisie,5,0.0,0.0,200.0,500.0,Hotel
8640,9922.0,229,3480,15000.0,0.0,pending,Wedding,2023-05-09,Birthday,Gafsa,Tunisie,1,0.0,0.0,100.0,200.0,Hotel
14439,13458.0,126,4896,21000.0,2.0,confirmed,Birthday,2025-02-25,Wedding,Mahdia,Tunisie,5,0.0,0.0,200.0,400.0,Venues de mariage privées
4201,6122.0,126,4896,23000.0,0.0,confirmed,Corporate Event,2023-11-16,Wedding,Gafsa,Tunisie,2,0.0,0.0,100.0,200.0,Hotel
15288,2534.0,155,66,17000.0,11.0,confirmed,Birthday,2022-01-01,Corporate,Ariana,Tunisie,1,0.0,0.0,200.0,400.0,Venues de mariage privées
5757,14178.0,203,1417,13000.0,9.0,confirmed,Corporate Event,2025-02-04,Corporate,Kasserine,Tunisie,5,0.0,0.0,200.0,400.0,Venues de mariage privées
11229,9402.0,298,962,12000.0,0.0,pending,Wedding,2024-08-10,Birthday,Jendouba,Tunisie,3,0.0,0.0,100.0,200.0,Hotel
7762,14036.0,203,1258,20000.0,16.0,confirmed,Wedding,2022-01-29,Wedding,Monastir,Tunisie,5,0.0,0.0,200.0,500.0,Hotel
14813,12220.0,203,1417,24000.0,5.0,pending,Birthday,2025-11-29,Corporate,Tozeur,Tunisie,4,0.0,0.0,300.0,500.0,Venues de mariage privées
11961,13248.0,155,66,20000.0,7.0,confirmed,Birthday,2024-05-25,Wedding,Nabeul,Tunisie,4,0.0,0.0,300.0,500.0,Venues de mariage privées
918,11752.0,42,3577,21000.0,7.0,cancelled,Corporate Event,2022-10-18,Corporate,Zaghouan,Tunisie,3,0.0,0.0,100.0,200.0,Hotel
2399,13949.0,249,22215,19000.0,0.0,cancelled,Corporate Event,2022-06-10,Birthday,Tozeur,Tunisie,4,0.0,0.0,300.0,500.0,Venues de mariage privées
8070,9950.0,42,3577,17000.0,0.0,pending,Wedding,2025-03-31,Wedding,Sfax,Tunisie,1,0.0,0.0,200.0,500.0,Hotel
10166,14431.0,252,1608,22000.0,7.0,pending,Corporate Event,2023-04-18,Wedding,Nabeul,Tunisie,3,0.0,0.0,300.0,500.0,Venues de mariage privées
14141,5769.0,239,4101,15000.0,0.0,pending,Wedding,2023-11-02,Birthday,Ariana,Tunisie,4,0.0,0.0,200.0,400.0,Venues de mariage privées
3647,478.0,42,3577,15000.0,2.0,cancelled,Wedding,2022-11-11,Wedding,Bizerte,Tunisie,5,0.0,0.0,300.0,500.0,Venues de mariage privées
776,12428.0,176,3661,13000.0,18.0,cancelled,Wedding,2023-08-25,Birthday,Manouba,Tunisie,1,0.0,0.0,200.0,400.0,Venues de mariage privées
15119,14073.0,155,66,13000.0,0.0,cancelled,Corporate Event,2023-07-11,Birthday,Ariana,Tunisie,5,0.0,0.0,200.0,400.0,Venues de mariage privées
6749,9863.0,203,1417,20000.0,0.0,cancelled,Birthday,2022-11-11,Wedding,Tozeur,Tunisie,5,0.0,0.0,300.0,500.0,Venues de mariage privées
1702,14615.0,176,3661,23000.0,4.0,cancelled,Wedding,2025-05-11,Corporate,Tunis,Tunisie,1,0.0,0.0,300.0,500.0,Hotel
4415,3854.0,155,66,15000.0,2.0,confirmed,Corporate Event,2023-12-17,Wedding,Bizerte,Tunisie,4,0.0,0.0,300.0,500.0,Venues de mariage privées
2538,3866.0,155,66,15000.0,12.0,confirmed,Birthday,2023-09-05,Corporate,Monastir,Tunisie,3,0.0,0.0,200.0,500.0,Hotel
7825,9435.0,203,1258,15000.0,5.0,cancelled,Corporate Event,2023-07-05,Corporate,Kairouan,Tunisie,3,0.0,0.0,300.0,500.0,Venues de mariage privées
3138,2052.0,42,3577,25000.0,8.0,pending,Wedding,2025-12-24,Wedding,Zaghouan,Tunisie,4,0.0,0.0,100.0,200.0,Hotel
12969,1855.0,203,1417,15000.0,7.0,pending,Corporate Event,2025-12-13,Wedding,Nabeul,Tunisie,5,0.0,0.0,300.0,500.0,Venues de mariage privées
703,14490.0,203,1417,26000.0,10.0,cancelled,Wedding,2023-05-29,Birthday,Nabeul,Tunisie,2,0.0,0.0,300.0,500.0,Venues de mariage privées
15990,3919.0,42,3577,13000.0,14.0,confirmed,Wedding,2022-02-07,Wedding,Ariana,Tunisie,3,0.0,0.0,200.0,400.0,Venues de mariage privées
16222,3458.0,202,1983,19000.0,2.0,confirmed,Wedding,2024-10-19,Wedding,Jendouba,Tunisie,5,0.0,0.0,100.0,200.0,Hotel
12939,13518.0,155,66,26000.0,2.0,pending,Corporate Event,2023-07-08,Birthday,Ben Arous,Tunisie,2,0.0,0.0,200.0,400.0,Venues de mariage privées
4657,1327.0,252,1608,19000.0,7.0,confirmed,Corporate Event,2025-08-04,Birthday,Kairouan,Tunisie,4,0.0,0.0,300.0,500.0,Venues de mariage privées
3728,7686.0,126,4896,15000.0,3.0,pending,Birthday,2024-03-15,Wedding,Monastir,Tunisie,5,0.0,0.0,200.0,500.0,Hotel
827,4857.0,176,3661,21000.0,11.0,pending,Birthday,2023-08-03,Corporate,Ariana,Tunisie,1,0.0,0.0,200.0,400.0,Venues de mariage privées
13905,875.0,298,962,21000.0,0.0,cancelled,Birthday,2023-11-01,Birthday,Jendouba,Tunisie,2,0.0,0.0,100.0,200.0,Hotel
8644,484.0,239,4101,12000.0,8.0,confirmed,Corporate Event,2023-07-03,Wedding,Bizerte,Tunisie,5,0.0,0.0,300.0,500.0,Venues de mariage privées
13574,6361.0,249,22215,12000.0,14.0,pending,Wedding,2025-07-26,Wedding,Ariana,Tunisie,1,0.0,0.0,200.0,400.0,Venues de mariage privées
7938,11107.0,249,22215,20000.0,0.0,pending,Wedding,2023-07-12,Wedding,Kasserine,Tunisie,1,0.0,0.0,200.0,400.0,Venues de mariage privées
4681,966.0,203,1258,25000.0,8.0,confirmed,Corporate Event,2024-07-27,Wedding,Bizerte,Tunisie,4,0.0,0.0,300.0,500.0,Venues de mariage privées
3258,14033.0,202,1983,22000.0,0.0,confirmed,Corporate Event,2023-10-12,Birthday,Jendouba,Tunisie,2,0.0,0.0,100.0,200.0,Hotel
12160,12728.0,202,1983,24000.0,7.0,cancelled,Wedding,2022-01-19,Corporate,Zaghouan,Tunisie,2,0.0,0.0,100.0,200.0,Hotel
12685,7748.0,252,1608,19000.0,2.0,pending,Birthday,2023-12-17,Wedding,Mahdia,Tunisie,1,0.0,0.0,200.0,400.0,Venues de mariage privées
13449,12778.0,126,4896,21000.0,5.0,cancelled,Birthday,2024-01-10,Wedding,Sousse,Tunisie,2,0.0,0.0,300.0,500.0,Venues de mariage privées
9667,5964.0,126,4896,22000.0,4.0,cancelled,Wedding,2025-01-27,Birthday,Bizerte,Tunisie,5,0.0,0.0,300.0,500.0,Venues de mariage privées
11893,9794.0,203,1258,26000.0,9.0,confirmed,Wedding,2024-02-12,Wedding,Kairouan,Tunisie,1,0.0,0.0,300.0,500.0,Venues de mariage privées
311,12201.0,239,4101,21000.0,10.0,pending,Birthday,2024-07-09,Birthday,Nabeul,Tunisie,4,0.0,0.0,300.0,500.0,Venues de mariage privées
10659,1566.0,229,3480,20000.0,0.0,confirmed,Wedding,2022-09-08,Wedding,Gafsa,Tunisie,3,0.0,0.0,100.0,200.0,Hotel
2866,6225.0,126,4896,22000.0,3.0,pending,Corporate Event,2025-08-29,Birthday,Zaghouan,Tunisie,3,0.0,0.0,100.0,200.0,Hotel
14,5330.0,239,4101,13000.0,2.0,cancelled,Birthday,2025-11-12,Wedding,Bizerte,Tunisie,1,0.0,0.0,300.0,500.0,Venues de mariage privées
6694,3215.0,298,962,23000.0,0.0,confirmed,Birthday,2022-01-15,Birthday,Ariana,Tunisie,1,0.0,0.0,200.0,400.0,Venues de mariage privées
1837,7856.0,298,962,23000.0,14.0,confirmed,Wedding,2024-03-03,Corporate,Nabeul,Tunisie,5,0.0,0.0,300.0,500.0,Venues de mariage privées
9959,13713.0,126,4896,24000.0,2.0,confirmed,Wedding,2023-05-26,Wedding,Sidi Bouzid,Tunisie,2,0.0,0.0,200.0,400.0,Venues de mariage privées
10726,7543.0,252,1608,21000.0,3.0,confirmed,Wedding,2022-07-20,Wedding,Monastir,Tunisie,4,0.0,0.0,200.0,500.0,Hotel
3130,2854.0,176,3661,20000.0,20.0,confirmed,Corporate Event,2024-06-14,Wedding,Tunis,Tunisie,3,0.0,0.0,300.0,500.0,Hotel
2918,878.0,126,4896,22000.0,8.0,pending,Corporate Event,2023-10-04,Wedding,Bizerte,Tunisie,3,0.0,0.0,300.0,500.0,Venues de mariage privées
7151,7840.0,202,1983,26000.0,5.0,pending,Birthday,2022-05-19,Corporate,Tozeur,Tunisie,4,0.0,0.0,300.0,500.0,Venues de mariage privées
12962,6889.0,202,1983,23000.0,10.0,cancelled,Wedding,2023-01-31,Wedding,Ariana,Tunisie,3,0.0,0.0,200.0,400.0,Venues de mariage privées
5232,14357.0,126,4896,13000.0,20.0,pending,Birthday,2024-07-13,Wedding,Manouba,Tunisie,1,0.0,0.0,200.0,400.0,Venues de mariage privées
11405,4956.0,252,1608,12000.0,5.0,cancelled,Corporate Event,2024-06-13,Corporate,Tozeur,Tunisie,2,0.0,0.0,300.0,500.0,Venues de mariage privées
15784,1491.0,126,4896,22000.0,6.0,pending,Corporate Event,2024-11-02,Corporate,Mahdia,Tunisie,1,0.0,0.0,200.0,400.0,Venues de mariage privées
13771,8126.0,249,22215,25000.0,2.0,cancelled,Corporate Event,2024-03-28,Wedding,Bizerte,Tunisie,2,0.0,0.0,300.0,500.0,Venues de mariage privées
11955,6772.0,155,66,24000.0,11.0,pending,Corporate Event,2025-02-06,Corporate,Ariana,Tunisie,1,0.0,0.0,200.0,400.0,Venues de mariage privées
5695,9998.0,239,4101,25000.0,0.0,confirmed,Corporate Event,2025-02-28,Birthday,Mahdia,Tunisie,5,0.0,0.0,200.0,400.0,Venues de mariage privées
3817,8239.0,298,962,25000.0,0.0,confirmed,Corporate Event,2023-06-19,Corporate,Tataouine,Tunisie,3,0.0,0.0,100.0,200.0,Hotel
10654,83750.0,203,1258,20000.0,13.0,cancelled,Wedding,2024-04-27,Corporate,Manouba,Tunisie,5,0.0,0.0,200.0,400.0,Venues de mariage privées
1408,7152.0,249,22215,13000.0,6.0,pending,Corporate Event,2023-10-08,Corporate,Mahdia,Tunisie,5,0.0,0.0,200.0,400.0,Venues de mariage privées
16099,753.0,203,1417,24000.0,20.0,cancelled,Birthday,2022-03-16,Wedding,Tunis,Tunisie,4,0.0,0.0,300.0,500.0,Hotel
9605,12952.0,155,66,21000.0,2.0,confirmed,Birthday,2022-03-18,Birthday,Ben Arous,Tunisie,3,0.0,0.0,200.0,400.0,Venues de mariage privées
2074,14253.0,155,66,26000.0,16.0,confirmed,Birthday,2022-04-13,Wedding,Manouba,Tunisie,3,0.0,0.0,200.0,400.0,Venues de mariage privées
10021,6328.0,126,4896,21000.0,7.0,confirmed,Wedding,2022-01-20,Wedding,Jendouba,Tunisie,3,0.0,0.0,100.0,200.0,Hotel
1399,8746.0,202,1983,19000.0,10.0,pending,Corporate Event,2025-06-17,Wedding,Kasserine,Tunisie,5,0.0,0.0,200.0,400.0,Venues de mariage privées
3772,11066.0,239,4101,22000.0,7.0,confirmed,Corporate Event,2024-06-01,Wedding,Nabeul,Tunisie,4,0.0,0.0,300.0,500.0,Venues de mariage privées
10568,5848.0,155,66,19000.0,12.0,confirmed,Wedding,2023-04-26,Corporate,Monastir,Tunisie,5,0.0,0.0,200.0,500.0,Hotel
4996,69640.0,202,1983,21000.0,0.0,confirmed,Corporate Event,2022-09-01,Birthday,Tozeur,Tunisie,2,0.0,0.0,300.0,500.0,Venues de mariage privées
1614,6737.0,239,4101,19000.0,10.0,pending,Corporate Event,2022-05-27,Wedding,Kasserine,Tunisie,5,0.0,0.0,200.0,400.0,Venues de mariage privées
13446,6036.0,203,1258,17000.0,16.0,pending,Wedding,2022-09-29,Wedding,Siliana,Tunisie,4,0.0,0.0,200.0,400.0,Venues de mariage privées
13707,12406.0,249,22215,20000.0,7.0,cancelled,Corporate Event,2022-04-17,Birthday,Tataouine,Tunisie,1,0.0,0.0,100.0,200.0,Hotel
2750,10490.0,298,962,15000.0,5.0,pending,Birthday,2023-12-15,Corporate,Kairouan,Tunisie,4,0.0,0.0,300.0,500.0,Venues de mariage privées
13541,13338.0,42,3577,12000.0,3.0,cancelled,Birthday,2022-12-10,Corporate,Sidi Bouzid,Tunisie,5,0.0,0.0,200.0,400.0,Venues de mariage privées
11940,554.0,155,66,21000.0,7.0,confirmed,Corporate Event,2025-03-01,Wedding,Jendouba,Tunisie,3,0.0,0.0,100.0,200.0,Hotel
79,11682.0,229,3480,21000.0,3.0,confirmed,Corporate Event,2025-01-22,Birthday,Zaghouan,Tunisie,1,0.0,0.0,100.0,200.0,Hotel
17878,5114.0,155,66,19000.0,0.0,confirmed,Wedding,2022-11-25,Birthday,Tozeur,Tunisie,1,0.0,0.0,300.0,500.0,Venues de mariage privées
15660,6760.0,229,3480,23000.0,10.0,cancelled,Birthday,2022-11-24,Corporate,Jendouba,Tunisie,5,0.0,0.0,100.0,200.0,Hotel
5969,9201.0,229,3480,23000.0,20.0,pending,Corporate Event,2023-11-17,Wedding,Tunis,Tunisie,3,0.0,0.0,300.0,500.0,Hotel
15004,2169.0,176,3661,15000.0,0.0,cancelled,Wedding,2024-10-26,Birthday,Tozeur,Tunisie,1,0.0,0.0,300.0,500.0,Venues de mariage privées
9422,10295.0,126,4896,15000.0,10.0,confirmed,Wedding,2022-05-31,Wedding,Kasserine,Tunisie,3,0.0,0.0,200.0,400.0,Venues de mariage privées
7640,210.0,203,1417,19000.0,0.0,pending,Wedding,2025-12-08,Birthday,Kasserine,Tunisie,4,0.0,0.0,200.0,400.0,Venues de mariage privées
1092,7595.0,42,3577,26000.0,0.0,confirmed,Corporate Event,2023-08-28,Birthday,Sousse,Tunisie,2,0.0,0.0,300.0,500.0,Venues de mariage privées
17467,1779.0,252,1608,25000.0,0.0,cancelled,Birthday,2024-06-18,Birthday,Jendouba,Tunisie,2,0.0,0.0,100.0,200.0,Hotel
2712,6931.0,298,962,22000.0,10.0,pending,Corporate Event,2023-10-14,Wedding,Gafsa,Tunisie,3,0.0,0.0,100.0,200.0,Hotel
8252,10289.0,298,962,21000.0,8.0,confirmed,Wedding,2023-11-13,Wedding,Zaghouan,Tunisie,3,0.0,0.0,100.0,200.0,Hotel
10854,13502.0,42,3577,24000.0,4.0,confirmed,Birthday,2022-10-12,Corporate,Tunis,Tunisie,5,0.0,0.0,300.0,500.0,Hotel
12157,9875.0,249,22215,17000.0,2.0,confirmed,Wedding,2022-12-24,Wedding,Nabeul,Tunisie,5,0.0,0.0,300.0,500.0,Venues de mariage privées
3654,3652.0,176,3661,12000.0,10.0,confirmed,Corporate Event,2024-10-24,Birthday,Sfax,Tunisie,5,0.0,0.0,200.0,500.0,Hotel
5066,13003.0,239,4101,24000.0,9.0,cancelled,Birthday,2025-06-07,Wedding,Kairouan,Tunisie,1,0.0,0.0,300.0,500.0,Venues de mariage privées
6079,5635.0,298,962,25000.0,16.0,confirmed,Corporate Event,2022-01-22,Wedding,Monastir,Tunisie,3,0.0,0.0,200.0,500.0,Hotel
15366,8083.0,42,3577,15000.0,7.0,cancelled,Birthday,2025-03-13,Wedding,Jendouba,Tunisie,1,0.0,0.0,100.0,200.0,Hotel
8564,12458.0,155,66,17000.0,0.0,pending,Wedding,2022-08-14,Birthday,Kasserine,Tunisie,1,0.0,0.0,200.0,400.0,Venues de mariage privées
7504,13731.0,176,3661,15000.0,4.0,confirmed,Birthday,2025-08-29,Wedding,Ben Arous,Tunisie,3,0.0,0.0,200.0,400.0,Venues de mariage privées
2455,2903.0,252,1608,15000.0,2.0,confirmed,Birthday,2024-09-26,Wedding,Mahdia,Tunisie,3,0.0,0.0,200.0,400.0,Venues de mariage privées
9879,8410.0,229,3480,13000.0,4.0,confirmed,Wedding,2025-04-03,Wedding,Kairouan,Tunisie,2,0.0,0.0,300.0,500.0,Venues de mariage privées
15308,5924.0,252,1608,15000.0,0.0,cancelled,Birthday,2025-11-11,Birthday,Ariana,Tunisie,3,0.0,0.0,200.0,400.0,Venues de mariage privées
16401,3232.0,252,1608,12000.0,16.0,confirmed,Corporate Event,2022-12-20,Wedding,Sousse,Tunisie,2,0.0,0.0,300.0,500.0,Venues de mariage privées
5524,3214.0,42,3577,12000.0,3.0,cancelled,Wedding,2023-03-07,Birthday,Zaghouan,Tunisie,3,0.0,0.0,100.0,200.0,Hotel
12864,11002.0,155,66,19000.0,3.0,cancelled,Wedding,2023-02-15,Corporate,Sidi Bouzid,Tunisie,2,0.0,0.0,200.0,400.0,Venues de mariage privées
2082,10562.0,203,1258,15000.0,9.0,pending,Birthday,2024-09-17,Corporate,Sousse,Tunisie,3,0.0,0.0,300.0,500.0,Venues de mariage privées
12421,11868.0,239,4101,22000.0,16.0,pending,Corporate Event,2022-06-12,Wedding,Manouba,Tunisie,5,0.0,0.0,200.0,400.0,Venues de mariage privées
1167,4160.0,298,962,13000.0,4.0,cancelled,Birthday,2023-04-18,Corporate,Tunis,Tunisie,2,0.0,0.0,300.0,500.0,Hotel
7113,7618.0,203,1417,25000.0,8.0,confirmed,Birthday,2022-02-01,Wedding,Zaghouan,Tunisie,1,0.0,0.0,100.0,200.0,Hotel
15743,6925.0,229,3480,19000.0,0.0,cancelled,Birthday,2024-06-01,Birthday,Sidi Bouzid,Tunisie,2,0.0,0.0,200.0,400.0,Venues de mariage privées
7631,7173.0,249,22215,21000.0,11.0,confirmed,Corporate Event,2022-11-02,Corporate,Ariana,Tunisie,5,0.0,0.0,200.0,400.0,Venues de mariage privées
12203,13141.0,298,962,19000.0,5.0,cancelled,Corporate Event,2025-08-20,Corporate,Kairouan,Tunisie,2,0.0,0.0,300.0,500.0,Venues de mariage privées
15313,6941.0,239,4101,13000.0,10.0,confirmed,Birthday,2022-07-30,Corporate,Jendouba,Tunisie,3,0.0,0.0,100.0,200.0,Hotel
4990,2319.0,202,1983,12000.0,10.0,pending,Wedding,2024-11-15,Corporate,Jendouba,Tunisie,4,0.0,0.0,100.0,200.0,Hotel
17707,6746.0,176,3661,13000.0,9.0,pending,Wedding,2023-06-02,Wedding,Kairouan,Tunisie,5,0.0,0.0,300.0,500.0,Venues de mariage privées
1072,750.0,203,1258,23000.0,0.0,confirmed,Corporate Event,2025-06-10,Wedding,Sfax,Tunisie,1,0.0,0.0,200.0,500.0,Hotel
3405,7680.0,203,1417,24000.0,15.0,cancelled,Corporate Event,2022-02-05,Corporate,Ben Arous,Tunisie,5,0.0,0.0,200.0,400.0,Venues de mariage privées
12667,1089.0,203,1417,19000.0,0.0,cancelled,Birthday,2023-11-22,Corporate,Siliana,Tunisie,3,0.0,0.0,200.0,400.0,Venues de mariage privées
15955,2968.0,252,1608,24000.0,9.0,pending,Wedding,2022-09-21,Corporate,Kasserine,Tunisie,1,0.0,0.0,200.0,400.0,Venues de mariage privées
16664,12489.0,249,22215,20000.0,10.0,confirmed,Birthday,2025-08-28,Birthday,Nabeul,Tunisie,1,0.0,0.0,300.0,500.0,Venues de mariage privées
14976,1271.0,155,66,17000.0,0.0,cancelled,Wedding,2025-10-10,Birthday,Gafsa,Tunisie,1,0.0,0.0,100.0,200.0,Hotel
7295,2059.0,239,4101,21000.0,9.0,pending,Wedding,2024-05-31,Wedding,Kairouan,Tunisie,4,0.0,0.0,300.0,500.0,Venues de mariage privées
7741,4298.0,202,1983,20000.0,0.0,cancelled,Birthday,2025-03-06,Birthday,Mahdia,Tunisie,1,0.0,0.0,200.0,400.0,Venues de mariage privées
8954,6124.0,202,1983,24000.0,2.0,cancelled,Corporate Event,2022-06-09,Wedding,Siliana,Tunisie,1,0.0,0.0,200.0,400.0,Venues de mariage privées
2019,14748.0,203,1258,13000.0,20.0,confirmed,Corporate Event,2023-06-11,Wedding,Manouba,Tunisie,3,0.0,0.0,200.0,400.0,Venues de mariage privées
3703,8753.0,252,1608,19000.0,15.0,cancelled,Corporate Event,2025-10-22,Corporate,Ben Arous,Tunisie,5,0.0,0.0,200.0,400.0,Venues de mariage privées
3611,13058.0,249,22215,22000.0,10.0,confirmed,Corporate Event,2024-01-11,Wedding,Ariana,Tunisie,3,0.0,0.0,200.0,400.0,Venues de mariage privées
10058,3613.0,203,1417,21000.0,3.0,cancelled,Wedding,2023-01-05,Wedding,Monastir,Tunisie,1,0.0,0.0,200.0,500.0,Hotel
2704,13938.0,126,4896,26000.0,0.0,pending,Corporate Event,2022-09-04,Birthday,Sidi Bouzid,Tunisie,3,0.0,0.0,200.0,400.0,Venues de mariage privées
10104,5331.0,155,66,23000.0,20.0,confirmed,Birthday,2025-11-02,Wedding,Tunis,Tunisie,4,0.0,0.0,300.0,500.0,Hotel
5531,8757.0,229,3480,12000.0,16.0,confirmed,Wedding,2023-01-17,Wedding,Manouba,Tunisie,5,0.0,0.0,200.0,400.0,Venues de mariage privées
5350,8734.0,249,22215,12000.0,4.0,cancelled,Wedding,2024-04-01,Wedding,Zaghouan,Tunisie,4,0.0,0.0,100.0,200.0,Hotel
2493,8533.0,239,4101,24000.0,10.0,cancelled,Birthday,2022-12-31,Corporate,Jendouba,Tunisie,1,0.0,0.0,100.0,200.0,Hotel
7266,9128.0,203,1417,12000.0,3.0,cancelled,Birthday,2022-05-15,Corporate,Sidi Bouzid,Tunisie,5,0.0,0.0,200.0,400.0,Venues de mariage privées
12428,4191.0,203,1417,15000.0,10.0,pending,Corporate Event,2022-01-28,Corporate,Jendouba,Tunisie,4,0.0,0.0,100.0,200.0,Hotel
16252,8590.0,126,4896,24000.0,18.0,cancelled,Corporate Event,2025-07-31,Birthday,Manouba,Tunisie,4,0.0,0.0,200.0,400.0,Venues de mariage privées
4678,9220.0,203,1417,25000.0,4.0,cancelled,Birthday,2024-10-15,Wedding,Ben Arous,Tunisie,2,0.0,0.0,200.0,400.0,Venues de mariage privées
3263,8144.0,176,3661,22000.0,2.0,confirmed,Corporate Event,2022-09-24,Wedding,Bizerte,Tunisie,3,0.0,0.0,300.0,500.0,Venues de mariage privées
6006,36690.0,298,962,22000.0,9.0,cancelled,Corporate Event,2024-05-12,Wedding,Kairouan,Tunisie,2,0.0,0.0,300.0,500.0,Venues de mariage privées
3553,4207.0,42,3577,24000.0,20.0,cancelled,Corporate Event,2022-07-26,Wedding,Tunis,Tunisie,3,0.0,0.0,300.0,500.0,Hotel
10962,11640.0,252,1608,20000.0,9.0,confirmed,Wedding,2022-08-29,Corporate,Sousse,Tunisie,5,0.0,0.0,300.0,500.0,Venues de mariage privées
14150,7392.0,155,66,21000.0,3.0,confirmed,Birthday,2022-11-26,Birthday,Zaghouan,Tunisie,3,0.0,0.0,100.0,200.0,Hotel
12388,7282.0,126,4896,17000.0,0.0,confirmed,Birthday,2024-10-06,Birthday,Jendouba,Tunisie,3,0.0,0.0,100.0,200.0,Hotel
371,11728.0,229,3480,25000.0,7.0,pending,Corporate Event,2025-09-05,Wedding,Jendouba,Tunisie,1,0.0,0.0,100.0,200.0,Hotel
17716,7205.0,203,1417,20000.0,5.0,confirmed,Birthday,2024-01-17,Corporate,Kairouan,Tunisie,5,0.0,0.0,300.0,500.0,Venues de mariage privées
10310,11008.0,239,4101,23000.0,3.0,pending,Wedding,2025-09-16,Corporate,Sfax,Tunisie,1,0.0,0.0,200.0,500.0,Hotel
13164,14366.0,249,22215,24000.0,0.0,confirmed,Wedding,2022-11-13,Birthday,Tozeur,Tunisie,5,0.0,0.0,300.0,500.0,Venues de mariage privées
12387,12235.0,155,66,24000.0,9.0,confirmed,Corporate Event,2024-01-17,Corporate,Kasserine,Tunisie,2,0.0,0.0,200.0,400.0,Venues de mariage privées
529,3151.0,298,962,23000.0,3.0,confirmed,Corporate Event,2025-02-07,Wedding,Monastir,Tunisie,2,0.0,0.0,200.0,500.0,Hotel
1174,5179.0,298,962,26000.0,20.0,cancelled,Wedding,2022-09-22,Wedding,Tunis,Tunisie,1,0.0,0.0,300.0,500.0,Hotel
10927,1771.0,249,22215,25000.0,4.0,pending,Wedding,2022-04-17,Wedding,Zaghouan,Tunisie,4,0.0,0.0,100.0,200.0,Hotel
6100,8288.0,298,962,21000.0,4.0,cancelled,Birthday,2022-10-14,Wedding,Kairouan,Tunisie,4,0.0,0.0,300.0,500.0,Venues de mariage privées
5672,4674.0,249,22215,24000.0,0.0,pending,Wedding,2022-03-03,Corporate,Siliana,Tunisie,2,0.0,0.0,200.0,400.0,Venues de mariage privées
17057,9104.0,202,1983,25000.0,10.0,cancelled,Birthday,2022-10-07,Wedding,Kasserine,Tunisie,4,0.0,0.0,200.0,400.0,Venues de mariage privées
4093,11334.0,203,1258,23000.0,3.0,cancelled,Corporate Event,2022-11-16,Corporate,Sidi Bouzid,Tunisie,2,0.0,0.0,200.0,400.0,Venues de mariage privées
14024,4697.0,252,1608,21000.0,10.0,cancelled,Corporate Event,2025-06-16,Wedding,Ariana,Tunisie,4,0.0,0.0,200.0,400.0,Venues de mariage privées
12056,5371.0,203,1417,15000.0,2.0,confirmed,Corporate Event,2024-02-24,Wedding,Mahdia,Tunisie,2,0.0,0.0,200.0,400.0,Venues de mariage privées
13518,14267.0,42,3577,26000.0,10.0,cancelled,Corporate Event,2024-12-11,Wedding,Gafsa,Tunisie,1,0.0,0.0,100.0,200.0,Hotel
6815,2630.0,155,66,15000.0,0.0,cancelled,Corporate Event,2022-11-13,Wedding,Tozeur,Tunisie,3,0.0,0.0,300.0,500.0,Venues de mariage privées
16316,8094.0,42,3577,24000.0,16.0,cancelled,Birthday,2022-04-23,Wedding,Manouba,Tunisie,4,0.0,0.0,200.0,400.0,Venues de mariage privées
10923,12537.0,252,1608,17000.0,0.0,confirmed,Wedding,2022-01-13,Wedding,Tozeur,Tunisie,5,0.0,0.0,300.0,500.0,Venues de mariage privées
6014,10145.0,203,1258,19000.0,16.0,cancelled,Wedding,2023-09-09,Wedding,Sfax,Tunisie,5,0.0,0.0,200.0,500.0,Hotel
16646,8040.0,298,962,20000.0,14.0,cancelled,Corporate Event,2025-04-07,Corporate,Nabeul,Tunisie,3,0.0,0.0,300.0,500.0,Venues de mariage privées
17852,53120.0,239,4101,22000.0,10.0,cancelled,Corporate Event,2023-08-28,Wedding,Kasserine,Tunisie,4,0.0,0.0,200.0,400.0,Venues de mariage privées
13194,11054.0,42,3577,15000.0,0.0,pending,Birthday,2023-10-04,Wedding,Gafsa,Tunisie,1,0.0,0.0,100.0,200.0,Hotel
15141,9538.0,249,22215,23000.0,2.0,cancelled,Birthday,2023-12-17,Wedding,Bizerte,Tunisie,2,0.0,0.0,300.0,500.0,Venues de mariage privées
992,10772.0,203,1417,25000.0,15.0,confirmed,Corporate Event,2025-09-01,Corporate,Ben Arous,Tunisie,3,0.0,0.0,200.0,400.0,Venues de mariage privées
4100,1357.0,249,22215,22000.0,0.0,confirmed,Wedding,2024-08-25,Wedding,Kasserine,Tunisie,5,0.0,0.0,200.0,400.0,Venues de mariage privées
14119,9752.0,239,4101,25000.0,16.0,pending,Birthday,2025-07-07,Wedding,Monastir,Tunisie,4,0.0,0.0,200.0,500.0,Hotel
2943,4246.0,126,4896,17000.0,2.0,confirmed,Corporate Event,2023-07-16,Wedding,Jendouba,Tunisie,3,0.0,0.0,100.0,200.0,Hotel
9882,7324.0,202,1983,19000.0,16.0,confirmed,Wedding,2025-02-04,Wedding,Monastir,Tunisie,5,0.0,0.0,200.0,500.0,Hotel
3903,820.0,229,3480,22000.0,16.0,cancelled,Wedding,2023-12-25,Wedding,Sfax,Tunisie,2,0.0,0.0,200.0,500.0,Hotel
585,14517.0,126,4896,24000.0,3.0,cancelled,Wedding,2023-08-25,Birthday,Zaghouan,Tunisie,4,0.0,0.0,100.0,200.0,Hotel
1998,36280.0,249,22215,23000.0,3.0,pending,Birthday,2023-08-05,Birthday,Zaghouan,Tunisie,1,0.0,0.0,100.0,200.0,Hotel
8713,4025.0,202,1983,22000.0,4.0,pending,Wedding,2025-11-07,Corporate,Tunis,Tunisie,5,0.0,0.0,300.0,500.0,Hotel
9228,9493.0,298,962,25000.0,2.0,cancelled,Birthday,2023-01-22,Wedding,Mahdia,Tunisie,4,0.0,0.0,200.0,400.0,Venues de mariage privées
16741,5763.0,298,962,15000.0,5.0,pending,Corporate Event,2025-08-26,Corporate,Kairouan,Tunisie,2,0.0,0.0,300.0,500.0,Venues de mariage privées
8862,10964.0,202,1983,23000.0,1.0,cancelled,Corporate Event,2025-07-03,Wedding,Tataouine,Tunisie,1,0.0,0.0,100.0,200.0,Hotel
11477,145870.0,203,1258,25000.0,0.0,confirmed,Corporate Event,2022-08-27,Birthday,Mahdia,Tunisie,3,0.0,0.0,200.0,400.0,Venues de mariage privées
3926,9992.0,203,1258,25000.0,8.0,cancelled,Corporate Event,2023-11-17,Wedding,Bizerte,Tunisie,2,0.0,0.0,300.0,500.0,Venues de mariage privées
10757,732.0,252,1608,22000.0,20.0,cancelled,Birthday,2022-06-21,Wedding,Manouba,Tunisie,4,0.0,0.0,200.0,400.0,Venues de mariage privées
11101,8373.0,252,1608,26000.0,6.0,confirmed,Birthday,2024-02-27,Corporate,Mahdia,Tunisie,3,0.0,0.0,200.0,400.0,Venues de mariage privées
10916,2562.0,176,3661,20000.0,10.0,cancelled,Corporate Event,2022-08-17,Corporate,Jendouba,Tunisie,5,0.0,0.0,100.0,200.0,Hotel
9565,11669.0,202,1983,24000.0,10.0,confirmed,Corporate Event,2024-08-22,Birthday,Sfax,Tunisie,4,0.0,0.0,200.0,500.0,Hotel
17504,2510.0,155,66,19000.0,10.0,cancelled,Wedding,2023-01-29,Wedding,Ariana,Tunisie,5,0.0,0.0,200.0,400.0,Venues de mariage privées
7110,5729.0,42,3577,24000.0,0.0,pending,Birthday,2023-04-13,Corporate,Tataouine,Tunisie,2,0.0,0.0,100.0,200.0,Hotel
7827,7345.0,42,3577,21000.0,0.0,cancelled,Wedding,2023-08-22,Wedding,Tataouine,Tunisie,5,0.0,0.0,100.0,200.0,Hotel
17992,2138.0,239,4101,23000.0,4.0,cancelled,Birthday,2022-02-16,Wedding,Kairouan,Tunisie,1,0.0,0.0,300.0,500.0,Venues de mariage privées
11172,8413.0,176,3661,24000.0,7.0,pending,Wedding,2023-09-05,Birthday,Kairouan,Tunisie,2,0.0,0.0,300.0,500.0,Venues de mariage privées
4927,11458.0,176,3661,22000.0,4.0,pending,Corporate Event,2025-09-27,Wedding,Kairouan,Tunisie,5,0.0,0.0,300.0,500.0,Venues de mariage privées
17382,4771.0,155,66,13000.0,5.0,pending,Birthday,2024-04-08,Corporate,Gafsa,Tunisie,1,0.0,0.0,100.0,200.0,Hotel
9700,1651.0,176,3661,25000.0,11.0,confirmed,Corporate Event,2025-11-11,Corporate,Ariana,Tunisie,2,0.0,0.0,200.0,400.0,Venues de mariage privées
11188,10596.0,203,1258,12000.0,0.0,confirmed,Wedding,2025-08-18,Birthday,Sidi Bouzid,Tunisie,3,0.0,0.0,200.0,400.0,Venues de mariage privées
1774,13108.0,298,962,23000.0,0.0,confirmed,Corporate Event,2024-09-24,Wedding,Gafsa,Tunisie,2,0.0,0.0,100.0,200.0,Hotel
13779,13508.0,203,1258,20000.0,13.0,cancelled,Corporate Event,2024-11-14,Corporate,Manouba,Tunisie,5,0.0,0.0,200.0,400.0,Venues de mariage privées
3417,3860.0,239,4101,22000.0,14.0,pending,Birthday,2022-09-23,Corporate,Nabeul,Tunisie,4,0.0,0.0,300.0,500.0,Venues de mariage privées
9989,1328.0,203,1258,23000.0,10.0,pending,Wedding,2023-02-08,Birthday,Sfax,Tunisie,4,0.0,0.0,200.0,500.0,Hotel
4779,12816.0,239,4101,19000.0,0.0,pending,Wedding,2022-12-19,Birthday,Ariana,Tunisie,3,0.0,0.0,200.0,400.0,Venues de mariage privées
7992,11491.0,249,22215,15000.0,2.0,cancelled,Birthday,2023-10-26,Wedding,Bizerte,Tunisie,2,0.0,0.0,300.0,500.0,Venues de mariage privées
9760,1163.0,298,962,21000.0,4.0,confirmed,Birthday,2022-08-29,Corporate,Tunis,Tunisie,5,0.0,0.0,300.0,500.0,Hotel
14989,8466.0,252,1608,20000.0,4.0,cancelled,Birthday,2025-07-17,Wedding,Ben Arous,Tunisie,3,0.0,0.0,200.0,400.0,Venues de mariage privées
15966,808.0,42,3577,17000.0,20.0,confirmed,Wedding,2024-03-23,Wedding,Manouba,Tunisie,3,0.0,0.0,200.0,400.0,Venues de mariage privées
5325,12444.0,203,1417,12000.0,9.0,cancelled,Corporate Event,2022-04-25,Corporate,Kasserine,Tunisie,2,0.0,0.0,200.0,400.0,Venues de mariage privées
5165,2010.0,252,1608,20000.0,10.0,cancelled,Corporate Event,2023-02-09,Birthday,Sfax,Tunisie,2,0.0,0.0,200.0,500.0,Hotel
5566,8260.0,249,22215,12000.0,0.0,cancelled,Wedding,2024-06-28,Wedding,Tozeur,Tunisie,3,0.0,0.0,300.0,500.0,Venues de mariage privées
15726,2950.0,239,4101,12000.0,2.0,pending,Corporate Event,2022-07-24,Wedding,Mahdia,Tunisie,2,0.0,0.0,200.0,400.0,Venues de mariage privées
6029,8916.0,298,962,23000.0,16.0,cancelled,Wedding,2025-03-16,Wedding,Siliana,Tunisie,1,0.0,0.0,200.0,400.0,Venues de mariage privées
1848,8914.0,155,66,26000.0,5.0,pending,Wedding,2024-10-18,Wedding,Sousse,Tunisie,2,0.0,0.0,300.0,500.0,Venues de mariage privées
3615,403.0,252,1608,25000.0,2.0,confirmed,Wedding,2022-01-01,Birthday,Ben Arous,Tunisie,2,0.0,0.0,200.0,400.0,Venues de mariage privées
10887,1983.0,249,22215,21000.0,7.0,cancelled,Birthday,2025-01-12,Wedding,Jendouba,Tunisie,5,0.0,0.0,100.0,200.0,Hotel
17541,11089.0,298,962,12000.0,9.0,pending,Corporate Event,2023-05-01,Wedding,Kairouan,Tunisie,3,0.0,0.0,300.0,500.0,Venues de mariage privées
13860,11755.0,239,4101,22000.0,2.0,cancelled,Birthday,2022-09-03,Wedding,Bizerte,Tunisie,1,0.0,0.0,300.0,500.0,Venues de mariage privées
16753,2973.0,203,1258,25000.0,0.0,cancelled,Birthday,2022-07-15,Birthday,Tunis,Tunisie,3,0.0,0.0,300.0,500.0,Hotel
628,8930.0,203,1258,12000.0,7.0,pending,Corporate Event,2025-09-06,Wedding,Jendouba,Tunisie,3,0.0,0.0,100.0,200.0,Hotel
7890,4215.0,202,1983,20000.0,2.0,cancelled,Corporate Event,2024-02-22,Wedding,Mahdia,Tunisie,5,0.0,0.0,200.0,400.0,Venues de mariage privées
9049,14490.0,176,3661,23000.0,0.0,pending,Corporate Event,2025-02-28,Birthday,Gafsa,Tunisie,2,0.0,0.0,100.0,200.0,Hotel
5256,5144.0,239,4101,19000.0,4.0,pending,Wedding,2024-10-06,Wedding,Zaghouan,Tunisie,2,0.0,0.0,100.0,200.0,Hotel
14478,12094.0,249,22215,24000.0,0.0,pending,Wedding,2022-02-27,Birthday,Siliana,Tunisie,5,0.0,0.0,200.0,400.0,Venues de mariage privées
9547,9843.0,42,3577,17000.0,13.0,confirmed,Corporate Event,2024-08-12,Corporate,Manouba,Tunisie,3,0.0,0.0,200.0,400.0,Venues de mariage privées
16247,13335.0,126,4896,19000.0,2.0,pending,Corporate Event,2022-04-13,Wedding,Bizerte,Tunisie,1,0.0,0.0,300.0,500.0,Venues de mariage privées
16598,14651.0,126,4896,12000.0,20.0,pending,Corporate Event,2022-06-18,Wedding,Manouba,Tunisie,2,0.0,0.0,200.0,400.0,Venues de mariage privées
4563,2694.0,229,3480,17000.0,9.0,pending,Wedding,2025-02-08,Wedding,Kairouan,Tunisie,3,0.0,0.0,300.0,500.0,Venues de mariage privées
12657,3357.0,203,1417,26000.0,0.0,confirmed,Birthday,2024-06-16,Birthday,Kasserine,Tunisie,3,0.0,0.0,200.0,400.0,Venues de mariage privées
9448,3844.0,298,962,25000.0,5.0,pending,Birthday,2025-11-03,Corporate,Kairouan,Tunisie,4,0.0,0.0,300.0,500.0,Venues de mariage privées
16788,4560.0,126,4896,22000.0,3.0,cancelled,Wedding,2025-09-21,Corporate,Sfax,Tunisie,1,0.0,0.0,200.0,500.0,Hotel
7553,5357.0,298,962,15000.0,1.0,confirmed,Birthday,2025-04-18,Wedding,Tataouine,Tunisie,2,0.0,0.0,100.0,200.0,Hotel
8082,1927.0,176,3661,13000.0,0.0,cancelled,Birthday,2022-08-15,Wedding,Tataouine,Tunisie,1,0.0,0.0,100.0,200.0,Hotel
3252,6241.0,126,4896,15000.0,5.0,confirmed,Wedding,2022-08-26,Wedding,Sousse,Tunisie,1,0.0,0.0,300.0,500.0,Venues de mariage privées
13555,9178.0,42,3577,12000.0,14.0,cancelled,Wedding,2023-07-26,Wedding,Ariana,Tunisie,5,0.0,0.0,200.0,400.0,Venues de mariage privées
10446,5370.0,298,962,25000.0,2.0,confirmed,Wedding,2023-12-12,Wedding,Nabeul,Tunisie,4,0.0,0.0,300.0,500.0,Venues de mariage privées
7198,1188.0,155,66,13000.0,3.0,confirmed,Birthday,2024-05-19,Birthday,Zaghouan,Tunisie,1,0.0,0.0,100.0,200.0,Hotel
1126,3569.0,203,1258,12000.0,20.0,pending,Wedding,2024-06-26,Wedding,Manouba,Tunisie,5,0.0,0.0,200.0,400.0,Venues de mariage privées
5346,5058.0,155,66,24000.0,5.0,cancelled,Wedding,2022-05-23,Wedding,Sousse,Tunisie,2,0.0,0.0,300.0,500.0,Venues de mariage privées
6717,8397.0,249,22215,22000.0,20.0,pending,Wedding,2025-06-08,Wedding,Tunis,Tunisie,5,0.0,0.0,300.0,500.0,Hotel
14452,5444.0,155,66,13000.0,10.0,cancelled,Wedding,2022-11-17,Wedding,Ariana,Tunisie,2,0.0,0.0,200.0,400.0,Venues de mariage privées
3214,9181.0,42,3577,23000.0,9.0,pending,Birthday,2022-02-11,Corporate,Sousse,Tunisie,3,0.0,0.0,300.0,500.0,Venues de mariage privées
16171,95450.0,298,962,21000.0,0.0,pending,Corporate Event,2025-11-21,Birthday,Tunis,Tunisie,5,0.0,0.0,300.0,500.0,Hotel
3584,4324.0,202,1983,21000.0,2.0,confirmed,Corporate Event,2024-02-01,Wedding,Jendouba,Tunisie,4,0.0,0.0,100.0,200.0,Hotel
8871,9993.0,239,4101,19000.0,0.0,confirmed,Wedding,2022-08-06,Wedding,Kasserine,Tunisie,3,0.0,0.0,200.0,400.0,Venues de mariage privées
1598,13765.0,155,66,24000.0,9.0,cancelled,Corporate Event,2023-12-13,Wedding,Kairouan,Tunisie,4,0.0,0.0,300.0,500.0,Venues de mariage privées
17747,6082.0,42,3577,15000.0,0.0,pending,Birthday,2022-03-24,Birthday,Sousse,Tunisie,3,0.0,0.0,300.0,500.0,Venues de mariage privées
9771,4172.0,252,1608,17000.0,3.0,confirmed,Birthday,2025-06-23,Birthday,Zaghouan,Tunisie,5,0.0,0.0,100.0,200.0,Hotel
15865,10467.0,252,1608,25000.0,7.0,pending,Birthday,2025-07-07,Corporate,Zaghouan,Tunisie,5,0.0,0.0,100.0,200.0,Hotel
8248,10459.0,202,1983,12000.0,0.0,cancelled,Birthday,2025-11-29,Birthday,Sousse,Tunisie,4,0.0,0.0,300.0,500.0,Venues de mariage privées
6695,14307.0,249,22215,21000.0,9.0,cancelled,Wedding,2024-07-15,Corporate,Sousse,Tunisie,4,0.0,0.0,300.0,500.0,Venues de mariage privées
7859,5505.0,252,1608,15000.0,2.0,confirmed,Birthday,2024-05-13,Wedding,Mahdia,Tunisie,5,0.0,0.0,200.0,400.0,Venues de mariage privées
823,120610.0,203,1258,20000.0,0.0,cancelled,Birthday,2025-08-28,Birthday,Tozeur,Tunisie,1,0.0,0.0,300.0,500.0,Venues de mariage privées
1905,10500.0,252,1608,26000.0,5.0,confirmed,Wedding,2024-04-20,Corporate,Gafsa,Tunisie,4,0.0,0.0,100.0,200.0,Hotel
16368,1008.0,176,3661,26000.0,7.0,pending,Corporate Event,2023-01-12,Corporate,Zaghouan,Tunisie,4,0.0,0.0,100.0,200.0,Hotel
13070,1638.0,155,66,12000.0,16.0,pending,Corporate Event,2022-06-21,Wedding,Sfax,Tunisie,2,0.0,0.0,200.0,500.0,Hotel
5540,3868.0,176,3661,23000.0,3.0,confirmed,Birthday,2025-04-05,Corporate,Sfax,Tunisie,3,0.0,0.0,200.0,500.0,Hotel
8235,4400.0,203,1417,26000.0,0.0,cancelled,Birthday,2022-09-23,Wedding,Tozeur,Tunisie,4,0.0,0.0,300.0,500.0,Venues de mariage privées
6436,6272.0,229,3480,13000.0,7.0,confirmed,Wedding,2024-12-01,Corporate,Zaghouan,Tunisie,4,0.0,0.0,100.0,200.0,Hotel
17074,1840.0,42,3577,19000.0,0.0,confirmed,Corporate Event,2022-10-04,Wedding,Sfax,Tunisie,3,0.0,0.0,200.0,500.0,Hotel
1895,14950.0,203,1417,25000.0,8.0,cancelled,Wedding,2024-05-21,Wedding,Zaghouan,Tunisie,4,0.0,0.0,100.0,200.0,Hotel
9493,835.0,42,3577,26000.0,0.0,cancelled,Wedding,2024-12-05,Corporate,Tataouine,Tunisie,1,0.0,0.0,100.0,200.0,Hotel
11979,13036.0,203,1258,12000.0,0.0,pending,Wedding,2022-01-29,Corporate,Tataouine,Tunisie,5,0.0,0.0,100.0,200.0,Hotel
14072,7291.0,249,22215,26000.0,12.0,pending,Wedding,2024-05-07,Corporate,Monastir,Tunisie,4,0.0,0.0,200.0,500.0,Hotel
1276,12537.0,202,1983,26000.0,2.0,confirmed,Wedding,2022-08-09,Birthday,Monastir,Tunisie,1,0.0,0.0,200.0,500.0,Hotel
9282,558.0,203,1417,26000.0,0.0,confirmed,Birthday,2023-09-24,Birthday,Kasserine,Tunisie,4,0.0,0.0,200.0,400.0,Venues de mariage privées
14114,10692.0,298,962,21000.0,14.0,cancelled,Wedding,2024-06-25,Corporate,Nabeul,Tunisie,4,0.0,0.0,300.0,500.0,Venues de mariage privées
11199,7908.0,202,1983,20000.0,14.0,confirmed,Wedding,2024-10-20,Corporate,Nabeul,Tunisie,1,0.0,0.0,300.0,500.0,Venues de mariage privées
10000,1664.0,249,22215,17000.0,9.0,pending,Wedding,2022-09-16,Wedding,Kairouan,Tunisie,1,0.0,0.0,300.0,500.0,Venues de mariage privées
14428,7994.0,202,1983,12000.0,10.0,pending,Wedding,2025-03-12,Wedding,Ariana,Tunisie,5,0.0,0.0,200.0,400.0,Venues de mariage privées
4715,1715.0,202,1983,12000.0,0.0,confirmed,Birthday,2024-02-28,Wedding,Tozeur,Tunisie,4,0.0,0.0,300.0,500.0,Venues de mariage privées
12475,7499.0,42,3577,22000.0,5.0,confirmed,Corporate Event,2022-01-14,Corporate,Gafsa,Tunisie,3,0.0,0.0,100.0,200.0,Hotel
7817,11944.0,202,1983,19000.0,8.0,pending,Corporate Event,2024-12-24,Wedding,Zaghouan,Tunisie,5,0.0,0.0,100.0,200.0,Hotel
10449,8540.0,155,66,13000.0,10.0,confirmed,Corporate Event,2023-04-10,Birthday,Nabeul,Tunisie,5,0.0,0.0,300.0,500.0,Venues de mariage privées
13586,10609.0,176,3661,23000.0,10.0,pending,Corporate Event,2023-12-11,Wedding,Kasserine,Tunisie,4,0.0,0.0,200.0,400.0,Venues de mariage privées
16843,7386.0,176,3661,19000.0,8.0,confirmed,Wedding,2025-04-15,Wedding,Zaghouan,Tunisie,3,0.0,0.0,100.0,200.0,Hotel
6380,12785.0,155,66,24000.0,20.0,cancelled,Wedding,2023-11-19,Wedding,Tunis,Tunisie,2,0.0,0.0,300.0,500.0,Hotel
2973,2491.0,239,4101,13000.0,1.0,cancelled,Corporate Event,2022-01-03,Wedding,Tataouine,Tunisie,4,0.0,0.0,100.0,200.0,Hotel
11144,13865.0,229,3480,22000.0,0.0,pending,Wedding,2024-02-08,Birthday,Tozeur,Tunisie,2,0.0,0.0,300.0,500.0,Venues de mariage privées
15397,9411.0,155,66,26000.0,3.0,pending,Wedding,2023-05-02,Corporate,Sidi Bouzid,Tunisie,2,0.0,0.0,200.0,400.0,Venues de mariage privées
8311,9977.0,249,22215,25000.0,0.0,cancelled,Birthday,2025-06-18,Corporate,Siliana,Tunisie,4,0.0,0.0,200.0,400.0,Venues de mariage privées
9751,12772.0,176,3661,20000.0,3.0,pending,Corporate Event,2024-05-17,Wedding,Sidi Bouzid,Tunisie,3,0.0,0.0,200.0,400.0,Venues de mariage privées
5484,1327.0,202,1983,24000.0,4.0,confirmed,Birthday,2022-07-11,Wedding,Kairouan,Tunisie,4,0.0,0.0,300.0,500.0,Venues de mariage privées
13701,3561.0,155,66,22000.0,14.0,pending,Birthday,2024-04-06,Wedding,Ariana,Tunisie,3,0.0,0.0,200.0,400.0,Venues de mariage privées
3701,1034.0,239,4101,24000.0,9.0,confirmed,Birthday,2023-05-20,Wedding,Kairouan,Tunisie,5,0.0,0.0,300.0,500.0,Venues de mariage privées
9190,501.0,249,22215,19000.0,16.0,pending,Corporate Event,2024-03-03,Wedding,Sfax,Tunisie,5,0.0,0.0,200.0,500.0,Hotel
8326,5860.0,126,4896,17000.0,0.0,confirmed,Wedding,2022-12-28,Wedding,Gafsa,Tunisie,3,0.0,0.0,100.0,200.0,Hotel
12219,10784.0,202,1983,24000.0,0.0,pending,Birthday,2022-08-13,Birthday,Sidi Bouzid,Tunisie,5,0.0,0.0,200.0,400.0,Venues de mariage privées
12852,12149.0,176,3661,13000.0,0.0,cancelled,Corporate Event,2022-07-30,Wedding,Tataouine,Tunisie,5,0.0,0.0,100.0,200.0,Hotel
66,11462.0,203,1258,17000.0,16.0,confirmed,Wedding,2024-10-26,Wedding,Siliana,Tunisie,4,0.0,0.0,200.0,400.0,Venues de mariage privées
2052,10136.0,126,4896,17000.0,0.0,pending,Birthday,2023-11-18,Birthday,Gafsa,Tunisie,2,0.0,0.0,100.0,200.0,Hotel
17061,7750.0,203,1258,21000.0,2.0,cancelled,Birthday,2024-07-26,Wedding,Mahdia,Tunisie,2,0.0,0.0,200.0,400.0,Venues de mariage privées
7031,141040.0,252,1608,19000.0,14.0,pending,Birthday,2022-02-19,Corporate,Nabeul,Tunisie,2,0.0,0.0,300.0,500.0,Venues de mariage privées
1500,11209.0,298,962,21000.0,10.0,cancelled,Wedding,2025-05-03,Corporate,Jendouba,Tunisie,5,0.0,0.0,100.0,200.0,Hotel
2969,9974.0,202,1983,19000.0,14.0,confirmed,Birthday,2024-04-20,Wedding,Ariana,Tunisie,3,0.0,0.0,200.0,400.0,Venues de mariage privées
1885,1512.0,203,1258,23000.0,0.0,cancelled,Birthday,2024-11-04,Wedding,Tozeur,Tunisie,3,0.0,0.0,300.0,500.0,Venues de mariage privées
12857,6615.0,42,3577,12000.0,3.0,confirmed,Corporate Event,2024-12-11,Birthday,Zaghouan,Tunisie,2,0.0,0.0,100.0,200.0,Hotel
7565,14261.0,42,3577,24000.0,4.0,confirmed,Birthday,2024-09-11,Wedding,Kairouan,Tunisie,3,0.0,0.0,300.0,500.0,Venues de mariage privées
9063,3595.0,249,22215,23000.0,8.0,cancelled,Wedding,2023-02-26,Wedding,Bizerte,Tunisie,1,0.0,0.0,300.0,500.0,Venues de mariage privées
13265,646.0,155,66,26000.0,10.0,cancelled,Corporate Event,2022-03-03,Birthday,Sfax,Tunisie,1,0.0,0.0,200.0,500.0,Hotel
9597,967.0,298,962,20000.0,0.0,cancelled,Corporate Event,2025-08-03,Corporate,Tataouine,Tunisie,3,0.0,0.0,100.0,200.0,Hotel
17700,11098.0,298,962,25000.0,10.0,confirmed,Corporate Event,2023-02-03,Wedding,Kasserine,Tunisie,3,0.0,0.0,200.0,400.0,Venues de mariage privées
2314,11478.0,202,1983,21000.0,9.0,confirmed,Birthday,2023-05-24,Corporate,Sousse,Tunisie,1,0.0,0.0,300.0,500.0,Venues de mariage privées
14724,8781.0,203,1417,19000.0,8.0,pending,Wedding,2023-03-15,Wedding,Bizerte,Tunisie,3,0.0,0.0,300.0,500.0,Venues de mariage privées
16699,92940.0,229,3480,21000.0,3.0,confirmed,Corporate Event,2024-08-12,Birthday,Zaghouan,Tunisie,1,0.0,0.0,100.0,200.0,Hotel
577,10790.0,176,3661,25000.0,20.0,cancelled,Birthday,2022-12-05,Wedding,Tunis,Tunisie,5,0.0,0.0,300.0,500.0,Hotel
11053,11443.0,42,3577,22000.0,2.0,pending,Birthday,2024-04-25,Wedding,Bizerte,Tunisie,5,0.0,0.0,300.0,500.0,Venues de mariage privées
15229,10508.0,203,1258,12000.0,16.0,cancelled,Wedding,2023-06-21,Wedding,Siliana,Tunisie,5,0.0,0.0,200.0,400.0,Venues de mariage privées
11133,10015.0,229,3480,26000.0,8.0,confirmed,Birthday,2023-07-16,Wedding,Bizerte,Tunisie,2,0.0,0.0,300.0,500.0,Venues de mariage privées
3932,14145.0,176,3661,17000.0,2.0,cancelled,Wedding,2022-01-29,Wedding,Siliana,Tunisie,2,0.0,0.0,200.0,400.0,Venues de mariage privées
12228,13893.0,252,1608,26000.0,0.0,confirmed,Corporate Event,2022-01-17,Corporate,Tataouine,Tunisie,2,0.0,0.0,100.0,200.0,Hotel
16384,872.0,126,4896,23000.0,3.0,confirmed,Corporate Event,2025-12-03,Birthday,Zaghouan,Tunisie,2,0.0,0.0,100.0,200.0,Hotel
13885,10416.0,249,22215,21000.0,16.0,confirmed,Birthday,2024-10-25,Wedding,Monastir,Tunisie,5,0.0,0.0,200.0,500.0,Hotel
6584,2921.0,126,4896,26000.0,10.0,cancelled,Wedding,2023-08-25,Wedding,Ariana,Tunisie,1,0.0,0.0,200.0,400.0,Venues de mariage privées
2315,8136.0,126,4896,23000.0,4.0,cancelled,Wedding,2022-03-12,Corporate,Tunis,Tunisie,4,0.0,0.0,300.0,500.0,Hotel
12994,10402.0,203,1258,25000.0,0.0,cancelled,Wedding,2025-10-07,Wedding,Gafsa,Tunisie,2,0.0,0.0,100.0,200.0,Hotel
14848,12653.0,203,1258,22000.0,2.0,confirmed,Corporate Event,2024-07-05,Wedding,Mahdia,Tunisie,5,0.0,0.0,200.0,400.0,Venues de mariage privées
14816,10042.0,239,4101,19000.0,14.0,confirmed,Corporate Event,2024-08-27,Wedding,Ariana,Tunisie,4,0.0,0.0,200.0,400.0,Venues de mariage privées
1232,8278.0,126,4896,13000.0,7.0,pending,Birthday,2023-09-19,Birthday,Kairouan,Tunisie,1,0.0,0.0,300.0,500.0,Venues de mariage privées
1361,5833.0,298,962,22000.0,2.0,confirmed,Birthday,2022-03-23,Wedding,Bizerte,Tunisie,4,0.0,0.0,300.0,500.0,Venues de mariage privées
13329,7845.0,249,22215,19000.0,2.0,confirmed,Wedding,2023-11-03,Wedding,Nabeul,Tunisie,4,0.0,0.0,300.0,500.0,Venues de mariage privées
6766,12813.0,298,962,13000.0,2.0,pending,Corporate Event,2025-06-04,Wedding,Bizerte,Tunisie,1,0.0,0.0,300.0,500.0,Venues de mariage privées
8293,7254.0,126,4896,15000.0,20.0,cancelled,Corporate Event,2022-01-26,Wedding,Tunis,Tunisie,5,0.0,0.0,300.0,500.0,Hotel
5206,13920.0,126,4896,21000.0,0.0,pending,Wedding,2025-07-12,Corporate,Tataouine,Tunisie,5,0.0,0.0,100.0,200.0,Hotel
8452,14238.0,298,962,20000.0,10.0,pending,Wedding,2024-10-26,Corporate,Jendouba,Tunisie,1,0.0,0.0,100.0,200.0,Hotel
6966,12343.0,252,1608,22000.0,16.0,pending,Wedding,2024-02-12,Wedding,Siliana,Tunisie,5,0.0,0.0,200.0,400.0,Venues de mariage privées
6404,2998.0,203,1417,26000.0,15.0,pending,Wedding,2024-07-24,Corporate,Ben Arous,Tunisie,3,0.0,0.0,200.0,400.0,Venues de mariage privées
9445,3426.0,252,1608,25000.0,9.0,pending,Corporate Event,2025-03-15,Corporate,Sousse,Tunisie,1,0.0,0.0,300.0,500.0,Venues de mariage privées
7027,10817.0,203,1417,19000.0,14.0,pending,Birthday,2025-01-03,Corporate,Nabeul,Tunisie,1,0.0,0.0,300.0,500.0,Venues de mariage privées
2425,10826.0,176,3661,23000.0,2.0,confirmed,Wedding,2023-06-14,Wedding,Sidi Bouzid,Tunisie,4,0.0,0.0,200.0,400.0,Venues de mariage privées
17326,12791.0,176,3661,25000.0,0.0,pending,Corporate Event,2022-12-10,Wedding,Gafsa,Tunisie,2,0.0,0.0,100.0,200.0,Hotel
3604,9751.0,155,66,13000.0,2.0,confirmed,Corporate Event,2024-09-25,Wedding,Siliana,Tunisie,5,0.0,0.0,200.0,400.0,Venues de mariage privées
15688,11953.0,229,3480,23000.0,0.0,confirmed,Birthday,2024-10-23,Birthday,Kasserine,Tunisie,2,0.0,0.0,200.0,400.0,Venues de mariage privées
3049,9998.0,249,22215,17000.0,7.0,pending,Birthday,2022-06-15,Birthday,Tataouine,Tunisie,5,0.0,0.0,100.0,200.0,Hotel
4877,6260.0,298,962,26000.0,5.0,cancelled,Wedding,2024-08-18,Corporate,Gafsa,Tunisie,2,0.0,0.0,100.0,200.0,Hotel
16359,5492.0,203,1258,26000.0,3.0,cancelled,Wedding,2023-04-16,Corporate,Sfax,Tunisie,3,0.0,0.0,200.0,500.0,Hotel
16833,13711.0,249,22215,23000.0,3.0,pending,Corporate Event,2024-07-11,Corporate,Sfax,Tunisie,1,0.0,0.0,200.0,500.0,Hotel
8069,4218.0,229,3480,13000.0,0.0,confirmed,Wedding,2023-08-20,Birthday,Jendouba,Tunisie,2,0.0,0.0,100.0,200.0,Hotel
3425,1632.0,155,66,12000.0,2.0,pending,Corporate Event,2025-05-19,Wedding,Siliana,Tunisie,2,0.0,0.0,200.0,400.0,Venues de mariage privées
9431,11730.0,239,4101,19000.0,7.0,confirmed,Corporate Event,2023-12-28,Wedding,Jendouba,Tunisie,3,0.0,0.0,100.0,200.0,Hotel
12010,6000.0,252,1608,23000.0,3.0,confirmed,Wedding,2024-10-18,Corporate,Sfax,Tunisie,5,0.0,0.0,200.0,500.0,Hotel
9515,14314.0,298,962,24000.0,2.0,cancelled,Wedding,2023-06-19,Wedding,Mahdia,Tunisie,1,0.0,0.0,200.0,400.0,Venues de mariage privées
14312,10416.0,229,3480,15000.0,0.0,pending,Corporate Event,2024-05-01,Corporate,Tataouine,Tunisie,3,0.0,0.0,100.0,200.0,Hotel
13665,6243.0,229,3480,22000.0,0.0,confirmed,Wedding,2023-06-13,Birthday,Tunis,Tunisie,4,0.0,0.0,300.0,500.0,Hotel
13193,11764.0,126,4896,12000.0,9.0,confirmed,Corporate Event,2023-02-11,Corporate,Kasserine,Tunisie,2,0.0,0.0,200.0,400.0,Venues de mariage privées
4373,3892.0,249,22215,15000.0,14.0,cancelled,Corporate Event,2024-01-01,Corporate,Nabeul,Tunisie,4,0.0,0.0,300.0,500.0,Venues de mariage privées
4964,9375.0,298,962,21000.0,2.0,confirmed,Corporate Event,2025-05-22,Wedding,Mahdia,Tunisie,2,0.0,0.0,200.0,400.0,Venues de mariage privées
15358,8589.0,249,22215,17000.0,20.0,confirmed,Corporate Event,2024-01-23,Wedding,Manouba,Tunisie,1,0.0,0.0,200.0,400.0,Venues de mariage privées
4488,11241.0,239,4101,12000.0,6.0,pending,Corporate Event,2025-10-28,Corporate,Bizerte,Tunisie,2,0.0,0.0,300.0,500.0,Venues de mariage privées
795,3353.0,202,1983,23000.0,13.0,pending,Corporate Event,2025-01-31,Corporate,Manouba,Tunisie,4,0.0,0.0,200.0,400.0,Venues de mariage privées
11846,14135.0,249,22215,17000.0,12.0,confirmed,Birthday,2022-04-08,Corporate,Monastir,Tunisie,3,0.0,0.0,200.0,500.0,Hotel
2718,1464.0,239,4101,24000.0,2.0,pending,Corporate Event,2023-10-21,Wedding,Nabeul,Tunisie,5,0.0,0.0,300.0,500.0,Venues de mariage privées
10648,8275.0,203,1417,26000.0,10.0,cancelled,Corporate Event,2024-08-30,Wedding,Ariana,Tunisie,4,0.0,0.0,200.0,400.0,Venues de mariage privées
14926,2765.0,203,1417,15000.0,7.0,confirmed,Wedding,2025-06-02,Wedding,Nabeul,Tunisie,1,0.0,0.0,300.0,500.0,Venues de mariage privées
10048,9056.0,252,1608,23000.0,3.0,pending,Corporate Event,2025-10-09,Birthday,Zaghouan,Tunisie,1,0.0,0.0,100.0,200.0,Hotel
5023,9059.0,298,962,20000.0,0.0,pending,Corporate Event,2022-06-03,Birthday,Siliana,Tunisie,4,0.0,0.0,200.0,400.0,Venues de mariage privées
1252,1825.0,203,1417,19000.0,15.0,pending,Wedding,2024-10-19,Corporate,Ben Arous,Tunisie,3,0.0,0.0,200.0,400.0,Venues de mariage privées
16147,4119.0,155,66,26000.0,20.0,cancelled,Corporate Event,2025-09-16,Wedding,Tunis,Tunisie,1,0.0,0.0,300.0,500.0,Hotel
14209,7828.0,155,66,20000.0,0.0,pending,Corporate Event,2025-11-26,Wedding,Tozeur,Tunisie,3,0.0,0.0,300.0,500.0,Venues de mariage privées
14533,13065.0,239,4101,26000.0,14.0,pending,Wedding,2025-06-03,Corporate,Nabeul,Tunisie,1,0.0,0.0,300.0,500.0,Venues de mariage privées
4555,1542.0,298,962,19000.0,2.0,cancelled,Wedding,2022-08-08,Wedding,Mahdia,Tunisie,4,0.0,0.0,200.0,400.0,Venues de mariage privées
2121,8145.0,229,3480,21000.0,20.0,pending,Corporate Event,2022-07-14,Wedding,Tunis,Tunisie,3,0.0,0.0,300.0,500.0,Hotel
13067,8963.0,42,3577,22000.0,4.0,pending,Corporate Event,2025-08-14,Wedding,Ben Arous,Tunisie,1,0.0,0.0,200.0,400.0,Venues de mariage privées
12890,12765.0,176,3661,23000.0,2.0,confirmed,Corporate Event,2025-01-31,Wedding,Siliana,Tunisie,3,0.0,0.0,200.0,400.0,Venues de mariage privées
4889,5275.0,298,962,15000.0,2.0,pending,Corporate Event,2025-10-08,Wedding,Siliana,Tunisie,5,0.0,0.0,200.0,400.0,Venues de mariage privées
216,2768.0,203,1417,24000.0,7.0,pending,Birthday,2025-11-20,Wedding,Jendouba,Tunisie,1,0.0,0.0,100.0,200.0,Hotel
7833,2500.0,176,3661,15000.0,0.0,confirmed,Corporate Event,2022-08-16,Birthday,Gafsa,Tunisie,3,0.0,0.0,100.0,200.0,Hotel
16385,1848.0,298,962,17000.0,0.0,confirmed,Birthday,2025-05-25,Birthday,Jendouba,Tunisie,4,0.0,0.0,100.0,200.0,Hotel
14990,14109.0,42,3577,20000.0,2.0,confirmed,Corporate Event,2025-10-12,Wedding,Jendouba,Tunisie,4,0.0,0.0,100.0,200.0,Hotel
5911,5211.0,202,1983,20000.0,1.0,pending,Corporate Event,2024-09-20,Wedding,Tataouine,Tunisie,3,0.0,0.0,100.0,200.0,Hotel
3948,9094.0,126,4896,15000.0,2.0,cancelled,Birthday,2025-09-26,Wedding,Siliana,Tunisie,5,0.0,0.0,200.0,400.0,Venues de mariage privées
9381,7530.0,239,4101,26000.0,10.0,pending,Wedding,2023-11-14,Wedding,Kasserine,Tunisie,4,0.0,0.0,200.0,400.0,Venues de mariage privées
13459,5442.0,239,4101,22000.0,3.0,cancelled,Wedding,2022-09-21,Corporate,Sfax,Tunisie,3,0.0,0.0,200.0,500.0,Hotel
13899,1978.0,202,1983,12000.0,0.0,pending,Wedding,2025-04-02,Birthday,Ariana,Tunisie,2,0.0,0.0,200.0,400.0,Venues de mariage privées
10224,10142.0,176,3661,20000.0,20.0,confirmed,Wedding,2022-01-05,Wedding,Tunis,Tunisie,2,0.0,0.0,300.0,500.0,Hotel
1770,13991.0,42,3577,22000.0,4.0,confirmed,Birthday,2024-03-20,Corporate,Tunis,Tunisie,1,0.0,0.0,300.0,500.0,Hotel
16581,4092.0,42,3577,13000.0,4.0,cancelled,Corporate Event,2023-06-10,Corporate,Tunis,Tunisie,1,0.0,0.0,300.0,500.0,Hotel
15896,12320.0,202,1983,20000.0,3.0,confirmed,Corporate Event,2025-02-24,Corporate,Sfax,Tunisie,3,0.0,0.0,200.0,500.0,Hotel
2921,6772.0,239,4101,20000.0,0.0,pending,Wedding,2022-04-19,Wedding,Tozeur,Tunisie,1,0.0,0.0,300.0,500.0,Venues de mariage privées
1184,14165.0,203,1417,20000.0,5.0,cancelled,Birthday,2023-04-21,Wedding,Sousse,Tunisie,2,0.0,0.0,300.0,500.0,Venues de mariage privées
7458,498.0,176,3661,19000.0,7.0,cancelled,Birthday,2022-07-09,Wedding,Jendouba,Tunisie,5,0.0,0.0,100.0,200.0,Hotel
1236,10681.0,176,3661,20000.0,8.0,cancelled,Wedding,2022-05-01,Wedding,Zaghouan,Tunisie,3,0.0,0.0,100.0,200.0,Hotel
9948,4363.0,203,1258,19000.0,10.0,cancelled,Birthday,2025-02-06,Corporate,Jendouba,Tunisie,3,0.0,0.0,100.0,200.0,Hotel
15511,112050.0,203,1258,22000.0,3.0,confirmed,Wedding,2023-10-18,Wedding,Sidi Bouzid,Tunisie,3,0.0,0.0,200.0,400.0,Venues de mariage privées
13241,10176.0,298,962,13000.0,8.0,pending,Corporate Event,2024-02-27,Wedding,Bizerte,Tunisie,5,0.0,0.0,300.0,500.0,Venues de mariage privées
17416,7480.0,203,1417,26000.0,16.0,cancelled,Wedding,2024-02-08,Wedding,Sfax,Tunisie,4,0.0,0.0,200.0,500.0,Hotel
15389,5197.0,298,962,19000.0,10.0,confirmed,Birthday,2024-07-31,Corporate,Jendouba,Tunisie,1,0.0,0.0,100.0,200.0,Hotel
12741,870.0,42,3577,13000.0,14.0,confirmed,Corporate Event,2023-04-05,Wedding,Ariana,Tunisie,2,0.0,0.0,200.0,400.0,Venues de mariage privées
11013,5158.0,126,4896,25000.0,0.0,confirmed,Wedding,2022-04-23,Wedding,Tozeur,Tunisie,5,0.0,0.0,300.0,500.0,Venues de mariage privées
8765,13688.0,249,22215,20000.0,9.0,confirmed,Corporate Event,2022-12-10,Corporate,Sousse,Tunisie,2,0.0,0.0,300.0,500.0,Venues de mariage privées
4273,9139.0,42,3577,13000.0,10.0,cancelled,Birthday,2024-05-16,Corporate,Jendouba,Tunisie,2,0.0,0.0,100.0,200.0,Hotel
14211,3720.0,176,3661,22000.0,2.0,confirmed,Corporate Event,2025-05-29,Wedding,Bizerte,Tunisie,4,0.0,0.0,300.0,500.0,Venues de mariage privées
4016,147490.0,252,1608,23000.0,16.0,confirmed,Birthday,2023-11-03,Wedding,Monastir,Tunisie,1,0.0,0.0,200.0,500.0,Hotel
11766,6944.0,298,962,22000.0,5.0,pending,Birthday,2024-01-18,Corporate,Tozeur,Tunisie,1,0.0,0.0,300.0,500.0,Venues de mariage privées
383,11972.0,155,66,24000.0,8.0,pending,Wedding,2023-06-06,Wedding,Bizerte,Tunisie,3,0.0,0.0,300.0,500.0,Venues de mariage privées
5202,369.0,203,1258,20000.0,5.0,pending,Birthday,2023-07-13,Corporate,Gafsa,Tunisie,5,0.0,0.0,100.0,200.0,Hotel
13317,8857.0,202,1983,13000.0,4.0,confirmed,Birthday,2023-08-14,Wedding,Kairouan,Tunisie,4,0.0,0.0,300.0,500.0,Venues de mariage privées
4076,13451.0,252,1608,25000.0,0.0,confirmed,Birthday,2025-02-10,Birthday,Kasserine,Tunisie,3,0.0,0.0,200.0,400.0,Venues de mariage privées
16078,4876.0,249,22215,23000.0,0.0,confirmed,Corporate Event,2023-12-04,Wedding,Kasserine,Tunisie,5,0.0,0.0,200.0,400.0,Venues de mariage privées
3450,7550.0,42,3577,24000.0,0.0,pending,Wedding,2022-02-27,Birthday,Kasserine,Tunisie,3,0.0,0.0,200.0,400.0,Venues de mariage privées
15574,14960.0,176,3661,26000.0,14.0,confirmed,Corporate Event,2024-07-04,Wedding,Ariana,Tunisie,2,0.0,0.0,200.0,400.0,Venues de mariage privées
17942,12981.0,229,3480,13000.0,14.0,cancelled,Wedding,2024-04-15,Corporate,Nabeul,Tunisie,2,0.0,0.0,300.0,500.0,Venues de mariage privées
12343,6949.0,155,66,24000.0,7.0,confirmed,Wedding,2023-12-10,Wedding,Nabeul,Tunisie,3,0.0,0.0,300.0,500.0,Venues de mariage privées
3062,7979.0,252,1608,12000.0,4.0,pending,Birthday,2023-10-12,Corporate,Tunis,Tunisie,4,0.0,0.0,300.0,500.0,Hotel
1556,2515.0,229,3480,26000.0,7.0,pending,Birthday,2025-04-05,Wedding,Nabeul,Tunisie,2,0.0,0.0,300.0,500.0,Venues de mariage privées
1676,4852.0,203,1258,19000.0,2.0,confirmed,Wedding,2022-11-07,Wedding,Mahdia,Tunisie,3,0.0,0.0,200.0,400.0,Venues de mariage privées
6770,8646.0,203,1258,23000.0,5.0,cancelled,Corporate Event,2023-02-08,Corporate,Gafsa,Tunisie,4,0.0,0.0,100.0,200.0,Hotel
4725,7636.0,229,3480,22000.0,5.0,pending,Wedding,2025-06-09,Corporate,Gafsa,Tunisie,4,0.0,0.0,100.0,200.0,Hotel
13525,11462.0,155,66,12000.0,3.0,cancelled,Corporate Event,2022-03-19,Corporate,Sidi Bouzid,Tunisie,3,0.0,0.0,200.0,400.0,Venues de mariage privées
3113,9824.0,239,4101,21000.0,5.0,pending,Corporate Event,2024-11-08,Wedding,Sousse,Tunisie,3,0.0,0.0,300.0,500.0,Venues de mariage privées
11925,8035.0,176,3661,15000.0,0.0,pending,Birthday,2025-09-30,Birthday,Tunis,Tunisie,2,0.0,0.0,300.0,500.0,Hotel
13865,10434.0,202,1983,13000.0,4.0,confirmed,Birthday,2023-05-20,Corporate,Tunis,Tunisie,3,0.0,0.0,300.0,500.0,Hotel
9184,5530.0,239,4101,12000.0,4.0,confirmed,Corporate Event,2024-06-20,Wedding,Kairouan,Tunisie,3,0.0,0.0,300.0,500.0,Venues de mariage privées
2740,10821.0,298,962,15000.0,18.0,confirmed,Corporate Event,2025-02-16,Birthday,Manouba,Tunisie,1,0.0,0.0,200.0,400.0,Venues de mariage privées
10730,71440.0,203,1417,12000.0,7.0,pending,Corporate Event,2025-03-13,Birthday,Kairouan,Tunisie,1,0.0,0.0,300.0,500.0,Venues de mariage privées
3200,5259.0,298,962,20000.0,5.0,pending,Corporate Event,2023-09-14,Corporate,Kairouan,Tunisie,2,0.0,0.0,300.0,500.0,Venues de mariage privées
9593,2103.0,203,1258,12000.0,0.0,confirmed,Corporate Event,2025-06-30,Birthday,Mahdia,Tunisie,3,0.0,0.0,200.0,400.0,Venues de mariage privées
305,1490.0,298,962,12000.0,2.0,cancelled,Wedding,2023-11-27,Wedding,Jendouba,Tunisie,2,0.0,0.0,100.0,200.0,Hotel
13903,3945.0,249,22215,25000.0,5.0,confirmed,Birthday,2025-08-07,Corporate,Kairouan,Tunisie,2,0.0,0.0,300.0,500.0,Venues de mariage privées
2175,12736.0,229,3480,22000.0,2.0,cancelled,Wedding,2022-01-13,Wedding,Nabeul,Tunisie,5,0.0,0.0,300.0,500.0,Venues de mariage privées
7418,5024.0,203,1258,20000.0,14.0,cancelled,Wedding,2023-05-29,Corporate,Nabeul,Tunisie,5,0.0,0.0,300.0,500.0,Venues de mariage privées
17768,12020.0,252,1608,26000.0,0.0,confirmed,Birthday,2023-03-07,Birthday,Jendouba,Tunisie,3,0.0,0.0,100.0,200.0,Hotel
9155,2091.0,298,962,15000.0,18.0,cancelled,Corporate Event,2023-10-22,Birthday,Manouba,Tunisie,3,0.0,0.0,200.0,400.0,Venues de mariage privées
174,12087.0,203,1258,23000.0,9.0,pending,Wedding,2024-08-16,Corporate,Sousse,Tunisie,2,0.0,0.0,300.0,500.0,Venues de mariage privées
6447,6522.0,176,3661,23000.0,0.0,pending,Wedding,2022-07-29,Birthday,Sousse,Tunisie,4,0.0,0.0,300.0,500.0,Venues de mariage privées
15565,14028.0,229,3480,13000.0,6.0,pending,Wedding,2022-05-05,Corporate,Mahdia,Tunisie,1,0.0,0.0,200.0,400.0,Venues de mariage privées
15045,9639.0,298,962,22000.0,0.0,pending,Corporate Event,2022-05-14,Birthday,Sousse,Tunisie,3,0.0,0.0,300.0,500.0,Venues de mariage privées
3501,2243.0,252,1608,23000.0,0.0,cancelled,Wedding,2025-11-09,Birthday,Kasserine,Tunisie,2,0.0,0.0,200.0,400.0,Venues de mariage privées
13493,14930.0,229,3480,23000.0,4.0,cancelled,Birthday,2023-01-06,Wedding,Ben Arous,Tunisie,4,0.0,0.0,200.0,400.0,Venues de mariage privées
3631,10808.0,252,1608,19000.0,16.0,pending,Wedding,2022-12-16,Wedding,Monastir,Tunisie,5,0.0,0.0,200.0,500.0,Hotel
13921,13705.0,229,3480,17000.0,10.0,cancelled,Corporate Event,2022-12-10,Wedding,Ariana,Tunisie,2,0.0,0.0,200.0,400.0,Venues de mariage privées
15095,5248.0,202,1983,22000.0,7.0,cancelled,Wedding,2025-09-06,Corporate,Zaghouan,Tunisie,5,0.0,0.0,100.0,200.0,Hotel
5913,327.0,203,1417,19000.0,10.0,pending,Birthday,2023-07-13,Birthday,Nabeul,Tunisie,1,0.0,0.0,300.0,500.0,Venues de mariage privées
11923,5187.0,239,4101,23000.0,14.0,pending,Wedding,2024-10-09,Wedding,Ariana,Tunisie,1,0.0,0.0,200.0,400.0,Venues de mariage privées
11240,14675.0,298,962,22000.0,0.0,cancelled,Wedding,2025-11-04,Wedding,Tozeur,Tunisie,3,0.0,0.0,300.0,500.0,Venues de mariage privées
9209,8172.0,239,4101,12000.0,16.0,pending,Corporate Event,2024-07-25,Wedding,Siliana,Tunisie,2,0.0,0.0,200.0,400.0,Venues de mariage privées
11234,13539.0,42,3577,17000.0,3.0,confirmed,Wedding,2022-02-10,Birthday,Zaghouan,Tunisie,5,0.0,0.0,100.0,200.0,Hotel
11385,3249.0,42,3577,19000.0,9.0,pending,Wedding,2023-12-14,Corporate,Sousse,Tunisie,5,0.0,0.0,300.0,500.0,Venues de mariage privées
13216,11883.0,252,1608,12000.0,5.0,pending,Corporate Event,2023-11-17,Corporate,Gafsa,Tunisie,5,0.0,0.0,100.0,200.0,Hotel
9553,2168.0,202,1983,26000.0,0.0,pending,Birthday,2022-03-03,Corporate,Siliana,Tunisie,4,0.0,0.0,200.0,400.0,Venues de mariage privées
5142,8384.0,155,66,19000.0,0.0,pending,Corporate Event,2025-03-23,Corporate,Siliana,Tunisie,2,0.0,0.0,200.0,400.0,Venues de mariage privées
10263,8224.0,155,66,20000.0,3.0,confirmed,Corporate Event,2024-11-09,Wedding,Sidi Bouzid,Tunisie,1,0.0,0.0,200.0,400.0,Venues de mariage privées
15226,2717.0,176,3661,17000.0,7.0,confirmed,Birthday,2024-10-08,Birthday,Kairouan,Tunisie,4,0.0,0.0,300.0,500.0,Venues de mariage privées
10028,8331.0,176,3661,15000.0,16.0,confirmed,Birthday,2024-10-13,Wedding,Sfax,Tunisie,1,0.0,0.0,200.0,500.0,Hotel
5467,120370.0,155,66,13000.0,4.0,pending,Corporate Event,2023-08-05,Corporate,Tunis,Tunisie,3,0.0,0.0,300.0,500.0,Hotel
7819,6175.0,203,1258,26000.0,2.0,cancelled,Wedding,2025-07-21,Wedding,Nabeul,Tunisie,2,0.0,0.0,300.0,500.0,Venues de mariage privées
17400,3172.0,229,3480,22000.0,2.0,confirmed,Corporate Event,2022-09-13,Birthday,Ben Arous,Tunisie,3,0.0,0.0,200.0,400.0,Venues de mariage privées
3290,4470.0,252,1608,17000.0,5.0,confirmed,Birthday,2025-05-25,Wedding,Sousse,Tunisie,5,0.0,0.0,300.0,500.0,Venues de mariage privées
16765,6947.0,202,1983,13000.0,0.0,pending,Corporate Event,2024-06-01,Birthday,Jendouba,Tunisie,1,0.0,0.0,100.0,200.0,Hotel
15606,730.0,202,1983,24000.0,20.0,cancelled,Birthday,2023-09-03,Wedding,Manouba,Tunisie,2,0.0,0.0,200.0,400.0,Venues de mariage privées
6334,3828.0,239,4101,22000.0,9.0,pending,Birthday,2022-07-08,Corporate,Kasserine,Tunisie,2,0.0,0.0,200.0,400.0,Venues de mariage privées
11201,6184.0,249,22215,12000.0,2.0,confirmed,Corporate Event,2024-03-21,Wedding,Mahdia,Tunisie,2,0.0,0.0,200.0,400.0,Venues de mariage privées
5386,10461.0,203,1258,25000.0,11.0,cancelled,Birthday,2023-12-29,Corporate,Ariana,Tunisie,1,0.0,0.0,200.0,400.0,Venues de mariage privées
7546,14944.0,42,3577,25000.0,2.0,pending,Corporate Event,2024-03-22,Wedding,Mahdia,Tunisie,3,0.0,0.0,200.0,400.0,Venues de mariage privées
12021,1324.0,202,1983,17000.0,0.0,pending,Corporate Event,2022-05-20,Birthday,Siliana,Tunisie,2,0.0,0.0,200.0,400.0,Venues de mariage privées
16449,6084.0,229,3480,13000.0,12.0,pending,Birthday,2023-10-27,Corporate,Monastir,Tunisie,5,0.0,0.0,200.0,500.0,Hotel
913,11147.0,203,1417,15000.0,5.0,pending,Birthday,2023-10-01,Corporate,Tozeur,Tunisie,2,0.0,0.0,300.0,500.0,Venues de mariage privées
13698,8947.0,202,1983,21000.0,2.0,confirmed,Wedding,2025-12-08,Wedding,Sidi Bouzid,Tunisie,5,0.0,0.0,200.0,400.0,Venues de mariage privées
13338,2708.0,239,4101,19000.0,18.0,confirmed,Corporate Event,2023-11-12,Birthday,Manouba,Tunisie,3,0.0,0.0,200.0,400.0,Venues de mariage privées
2296,8942.0,202,1983,12000.0,20.0,confirmed,Wedding,2025-09-01,Wedding,Tunis,Tunisie,5,0.0,0.0,300.0,500.0,Hotel
2666,6200.0,155,66,19000.0,4.0,pending,Birthday,2025-08-06,Birthday,Bizerte,Tunisie,4,0.0,0.0,300.0,500.0,Venues de mariage privées
10103,10731.0,155,66,20000.0,10.0,cancelled,Wedding,2023-05-07,Wedding,Kasserine,Tunisie,3,0.0,0.0,200.0,400.0,Venues de mariage privées
3394,12076.0,155,66,20000.0,5.0,confirmed,Birthday,2022-04-18,Wedding,Sousse,Tunisie,2,0.0,0.0,300.0,500.0,Venues de mariage privées
2735,6647.0,229,3480,22000.0,16.0,confirmed,Birthday,2024-02-06,Wedding,Sousse,Tunisie,1,0.0,0.0,300.0,500.0,Venues de mariage privées
13500,5087.0,229,3480,23000.0,7.0,cancelled,Wedding,2024-01-13,Wedding,Nabeul,Tunisie,1,0.0,0.0,300.0,500.0,Venues de mariage privées
12072,3749.0,249,22215,13000.0,2.0,pending,Wedding,2024-09-04,Wedding,Nabeul,Tunisie,3,0.0,0.0,300.0,500.0,Venues de mariage privées
9221,1770.0,203,1417,12000.0,4.0,cancelled,Corporate Event,2022-10-08,Corporate,Tunis,Tunisie,5,0.0,0.0,300.0,500.0,Hotel
1665,10440.0,155,66,21000.0,2.0,pending,Birthday,2022-03-14,Wedding,Mahdia,Tunisie,3,0.0,0.0,200.0,400.0,Venues de mariage privées
17792,2908.0,239,4101,26000.0,7.0,cancelled,Corporate Event,2022-10-26,Corporate,Zaghouan,Tunisie,5,0.0,0.0,100.0,200.0,Hotel
14335,1925.0,229,3480,21000.0,9.0,cancelled,Wedding,2023-10-10,Wedding,Kairouan,Tunisie,1,0.0,0.0,300.0,500.0,Venues de mariage privées
16674,4919.0,42,3577,13000.0,2.0,confirmed,Corporate Event,2024-11-14,Wedding,Jendouba,Tunisie,5,0.0,0.0,100.0,200.0,Hotel
5837,262.0,126,4896,22000.0,10.0,cancelled,Birthday,2022-10-07,Wedding,Gafsa,Tunisie,1,0.0,0.0,100.0,200.0,Hotel
5752,464.0,202,1983,20000.0,12.0,cancelled,Corporate Event,2024-05-20,Corporate,Monastir,Tunisie,4,0.0,0.0,200.0,500.0,Hotel
8952,6096.0,252,1608,26000.0,0.0,cancelled,Birthday,2024-07-02,Birthday,Tozeur,Tunisie,5,0.0,0.0,300.0,500.0,Venues de mariage privées
17608,2194.0,239,4101,19000.0,0.0,cancelled,Birthday,2023-12-12,Wedding,Kasserine,Tunisie,1,0.0,0.0,200.0,400.0,Venues de mariage privées
7907,5722.0,298,962,20000.0,20.0,pending,Corporate Event,2024-05-08,Wedding,Tunis,Tunisie,2,0.0,0.0,300.0,500.0,Hotel
415,4470.0,229,3480,23000.0,7.0,confirmed,Wedding,2023-01-01,Corporate,Zaghouan,Tunisie,2,0.0,0.0,100.0,200.0,Hotel
16766,14472.0,155,66,12000.0,14.0,confirmed,Corporate Event,2022-04-17,Corporate,Nabeul,Tunisie,4,0.0,0.0,300.0,500.0,Venues de mariage privées
4122,7294.0,126,4896,17000.0,9.0,cancelled,Birthday,2024-10-21,Wedding,Kairouan,Tunisie,1,0.0,0.0,300.0,500.0,Venues de mariage privées
13309,11171.0,249,22215,22000.0,0.0,pending,Birthday,2023-08-23,Wedding,Kasserine,Tunisie,1,0.0,0.0,200.0,400.0,Venues de mariage privées
13166,10698.0,176,3661,24000.0,8.0,pending,Wedding,2022-01-25,Wedding,Zaghouan,Tunisie,5,0.0,0.0,100.0,200.0,Hotel
16447,7228.0,202,1983,15000.0,7.0,cancelled,Birthday,2025-05-31,Birthday,Kairouan,Tunisie,4,0.0,0.0,300.0,500.0,Venues de mariage privées
4703,11010.0,252,1608,13000.0,11.0,pending,Corporate Event,2024-04-20,Corporate,Ariana,Tunisie,2,0.0,0.0,200.0,400.0,Venues de mariage privées
13524,6005.0,42,3577,21000.0,1.0,pending,Corporate Event,2024-01-20,Wedding,Tataouine,Tunisie,3,0.0,0.0,100.0,200.0,Hotel
353,10279.0,126,4896,23000.0,10.0,cancelled,Corporate Event,2025-09-07,Wedding,Kasserine,Tunisie,5,0.0,0.0,200.0,400.0,Venues de mariage privées
16918,4293.0,203,1417,21000.0,0.0,confirmed,Wedding,2024-02-19,Birthday,Jendouba,Tunisie,3,0.0,0.0,100.0,200.0,Hotel
10174,6907.0,42,3577,21000.0,0.0,cancelled,Birthday,2022-08-23,Corporate,Siliana,Tunisie,1,0.0,0.0,200.0,400.0,Venues de mariage privées
1338,5677.0,249,22215,20000.0,0.0,cancelled,Wedding,2023-09-22,Wedding,Kasserine,Tunisie,1,0.0,0.0,200.0,400.0,Venues de mariage privées
15374,9311.0,203,1417,19000.0,0.0,cancelled,Corporate Event,2022-12-08,Wedding,Kasserine,Tunisie,1,0.0,0.0,200.0,400.0,Venues de mariage privées
12974,13558.0,126,4896,15000.0,3.0,pending,Wedding,2024-12-15,Corporate,Sfax,Tunisie,2,0.0,0.0,200.0,500.0,Hotel
98,6721.0,298,962,17000.0,14.0,cancelled,Birthday,2023-12-21,Wedding,Ariana,Tunisie,3,0.0,0.0,200.0,400.0,Venues de mariage privées
894,14860.0,202,1983,12000.0,0.0,pending,Birthday,2025-11-10,Birthday,Mahdia,Tunisie,3,0.0,0.0,200.0,400.0,Venues de mariage privées
8097,119720.0,203,1417,22000.0,2.0,cancelled,Wedding,2022-11-16,Wedding,Jendouba,Tunisie,4,0.0,0.0,100.0,200.0,Hotel
17501,13280.0,202,1983,12000.0,6.0,cancelled,Corporate Event,2025-12-07,Corporate,Mahdia,Tunisie,5,0.0,0.0,200.0,400.0,Venues de mariage privées
14678,10612.0,42,3577,12000.0,0.0,pending,Wedding,2025-01-11,Birthday,Sousse,Tunisie,3,0.0,0.0,300.0,500.0,Venues de mariage privées
13453,3689.0,203,1417,12000.0,10.0,pending,Wedding,2024-06-26,Corporate,Jendouba,Tunisie,3,0.0,0.0,100.0,200.0,Hotel
5400,10668.0,203,1417,17000.0,2.0,cancelled,Birthday,2024-08-08,Wedding,Jendouba,Tunisie,2,0.0,0.0,100.0,200.0,Hotel
7454,14400.0,239,4101,13000.0,1.0,cancelled,Corporate Event,2024-12-28,Wedding,Tataouine,Tunisie,1,0.0,0.0,100.0,200.0,Hotel
15292,9726.0,202,1983,12000.0,10.0,pending,Birthday,2022-11-21,Corporate,Jendouba,Tunisie,5,0.0,0.0,100.0,200.0,Hotel
7255,4000.0,298,962,12000.0,0.0,cancelled,Corporate Event,2023-05-04,Birthday,Sidi Bouzid,Tunisie,1,0.0,0.0,200.0,400.0,Venues de mariage privées
704,11625.0,229,3480,22000.0,9.0,cancelled,Birthday,2025-08-14,Wedding,Kairouan,Tunisie,5,0.0,0.0,300.0,500.0,Venues de mariage privées
121,8111.0,203,1417,12000.0,10.0,confirmed,Corporate Event,2022-10-08,Corporate,Jendouba,Tunisie,3,0.0,0.0,100.0,200.0,Hotel
4583,12318.0,203,1258,19000.0,0.0,pending,Birthday,2024-07-31,Wedding,Tozeur,Tunisie,1,0.0,0.0,300.0,500.0,Venues de mariage privées
15526,5658.0,298,962,19000.0,20.0,cancelled,Birthday,2024-07-16,Wedding,Tunis,Tunisie,1,0.0,0.0,300.0,500.0,Hotel
8838,3472.0,203,1417,20000.0,0.0,cancelled,Birthday,2025-08-30,Birthday,Jendouba,Tunisie,3,0.0,0.0,100.0,200.0,Hotel
2608,9374.0,176,3661,17000.0,20.0,confirmed,Birthday,2024-02-29,Wedding,Manouba,Tunisie,1,0.0,0.0,200.0,400.0,Venues de mariage privées
13777,10164.0,155,66,22000.0,0.0,pending,Wedding,2024-01-31,Birthday,Jendouba,Tunisie,2,0.0,0.0,100.0,200.0,Hotel
15410,2525.0,176,3661,26000.0,7.0,confirmed,Wedding,2025-02-23,Wedding,Nabeul,Tunisie,1,0.0,0.0,300.0,500.0,Venues de mariage privées
8134,8480.0,176,3661,15000.0,7.0,pending,Wedding,2025-06-01,Wedding,Jendouba,Tunisie,1,0.0,0.0,100.0,200.0,Hotel
9586,1514.0,239,4101,24000.0,0.0,confirmed,Corporate Event,2025-07-26,Wedding,Sfax,Tunisie,4,0.0,0.0,200.0,500.0,Hotel
17805,13867.0,203,1417,24000.0,5.0,confirmed,Wedding,2025-10-31,Corporate,Tozeur,Tunisie,1,0.0,0.0,300.0,500.0,Venues de mariage privées
17033,3060.0,202,1983,19000.0,5.0,confirmed,Corporate Event,2022-04-14,Corporate,Gafsa,Tunisie,3,0.0,0.0,100.0,200.0,Hotel
2862,2342.0,126,4896,15000.0,2.0,cancelled,Corporate Event,2023-01-25,Wedding,Bizerte,Tunisie,3,0.0,0.0,300.0,500.0,Venues de mariage privées
14765,14604.0,42,3577,25000.0,5.0,cancelled,Corporate Event,2022-11-27,Corporate,Gafsa,Tunisie,4,0.0,0.0,100.0,200.0,Hotel
11788,7970.0,203,1417,20000.0,7.0,cancelled,Birthday,2024-03-27,Wedding,Nabeul,Tunisie,4,0.0,0.0,300.0,500.0,Venues de mariage privées
12431,4757.0,126,4896,22000.0,0.0,pending,Wedding,2025-03-16,Wedding,Kasserine,Tunisie,2,0.0,0.0,200.0,400.0,Venues de mariage privées
11003,3173.0,176,3661,24000.0,13.0,pending,Corporate Event,2024-12-19,Corporate,Manouba,Tunisie,3,0.0,0.0,200.0,400.0,Venues de mariage privées
4302,7624.0,239,4101,26000.0,2.0,cancelled,Wedding,2022-05-22,Wedding,Mahdia,Tunisie,4,0.0,0.0,200.0,400.0,Venues de mariage privées
7305,9545.0,203,1258,15000.0,0.0,cancelled,Corporate Event,2023-06-08,Wedding,Kasserine,Tunisie,5,0.0,0.0,200.0,400.0,Venues de mariage privées
12278,1207.0,176,3661,17000.0,16.0,pending,Corporate Event,2024-04-21,Wedding,Ben Arous,Tunisie,3,0.0,0.0,200.0,400.0,Venues de mariage privées
892,9144.0,229,3480,19000.0,2.0,confirmed,Birthday,2024-12-02,Wedding,Sidi Bouzid,Tunisie,4,0.0,0.0,200.0,400.0,Venues de mariage privées
4911,3722.0,202,1983,20000.0,3.0,confirmed,Wedding,2025-06-29,Corporate,Sidi Bouzid,Tunisie,4,0.0,0.0,200.0,400.0,Venues de mariage privées
3826,9612.0,155,66,17000.0,10.0,cancelled,Birthday,2022-01-02,Wedding,Kasserine,Tunisie,2,0.0,0.0,200.0,400.0,Venues de mariage privées
17914,12061.0,249,22215,22000.0,10.0,confirmed,Birthday,2022-12-09,Corporate,Jendouba,Tunisie,1,0.0,0.0,100.0,200.0,Hotel
15701,11144.0,203,1417,21000.0,16.0,confirmed,Wedding,2025-10-16,Wedding,Manouba,Tunisie,1,0.0,0.0,200.0,400.0,Venues de mariage privées
2812,6106.0,252,1608,24000.0,7.0,confirmed,Corporate Event,2025-03-24,Wedding,Jendouba,Tunisie,2,0.0,0.0,100.0,200.0,Hotel
1069,10621.0,203,1417,24000.0,16.0,cancelled,Corporate Event,2024-11-18,Wedding,Monastir,Tunisie,5,0.0,0.0,200.0,500.0,Hotel
7787,6110.0,252,1608,19000.0,16.0,pending,Corporate Event,2022-04-15,Wedding,Manouba,Tunisie,4,0.0,0.0,200.0,400.0,Venues de mariage privées
15369,12545.0,126,4896,20000.0,3.0,pending,Wedding,2022-03-29,Birthday,Zaghouan,Tunisie,5,0.0,0.0,100.0,200.0,Hotel
3642,13774.0,252,1608,19000.0,5.0,pending,Birthday,2025-07-13,Corporate,Kairouan,Tunisie,4,0.0,0.0,300.0,500.0,Venues de mariage privées
11344,13602.0,298,962,17000.0,14.0,pending,Birthday,2023-07-29,Corporate,Nabeul,Tunisie,2,0.0,0.0,300.0,500.0,Venues de mariage privées
564,64770.0,252,1608,20000.0,4.0,cancelled,Wedding,2022-04-16,Corporate,Tunis,Tunisie,5,0.0,0.0,300.0,500.0,Hotel
10204,10404.0,229,3480,26000.0,3.0,confirmed,Wedding,2023-01-08,Corporate,Sfax,Tunisie,3,0.0,0.0,200.0,500.0,Hotel
8380,8508.0,203,1417,15000.0,20.0,confirmed,Birthday,2023-04-16,Wedding,Manouba,Tunisie,2,0.0,0.0,200.0,400.0,Venues de mariage privées
15112,1318.0,176,3661,19000.0,20.0,pending,Wedding,2024-02-04,Wedding,Tunis,Tunisie,2,0.0,0.0,300.0,500.0,Hotel
17823,1612.0,298,962,21000.0,3.0,cancelled,Corporate Event,2022-02-23,Birthday,Zaghouan,Tunisie,3,0.0,0.0,100.0,200.0,Hotel
1084,11990.0,229,3480,26000.0,0.0,confirmed,Corporate Event,2022-01-21,Birthday,Tunis,Tunisie,1,0.0,0.0,300.0,500.0,Hotel
4000,309.0,203,1258,23000.0,10.0,cancelled,Wedding,2025-03-16,Wedding,Kasserine,Tunisie,3,0.0,0.0,200.0,400.0,Venues de mariage privées
17473,4405.0,298,962,22000.0,18.0,pending,Wedding,2022-11-16,Birthday,Manouba,Tunisie,2,0.0,0.0,200.0,400.0,Venues de mariage privées
5607,10265.0,249,22215,24000.0,4.0,cancelled,Wedding,2023-07-02,Wedding,Zaghouan,Tunisie,5,0.0,0.0,100.0,200.0,Hotel
7605,5403.0,42,3577,21000.0,20.0,pending,Birthday,2022-01-08,Wedding,Tunis,Tunisie,3,0.0,0.0,300.0,500.0,Hotel
10612,252.0,239,4101,13000.0,3.0,cancelled,Birthday,2025-02-01,Corporate,Sfax,Tunisie,4,0.0,0.0,200.0,500.0,Hotel
14082,12685.0,249,22215,23000.0,14.0,confirmed,Corporate Event,2025-05-14,Corporate,Nabeul,Tunisie,1,0.0,0.0,300.0,500.0,Venues de mariage privées
12217,10330.0,203,1258,19000.0,2.0,pending,Birthday,2025-11-26,Wedding,Bizerte,Tunisie,1,0.0,0.0,300.0,500.0,Venues de mariage privées
15310,2260.0,203,1258,19000.0,1.0,cancelled,Corporate Event,2022-12-11,Wedding,Tataouine,Tunisie,3,0.0,0.0,100.0,200.0,Hotel
3260,9040.0,176,3661,21000.0,0.0,confirmed,Corporate Event,2025-11-03,Birthday,Mahdia,Tunisie,1,0.0,0.0,200.0,400.0,Venues de mariage privées
9608,7064.0,155,66,22000.0,0.0,confirmed,Corporate Event,2025-10-28,Birthday,Tozeur,Tunisie,2,0.0,0.0,300.0,500.0,Venues de mariage privées
2463,7947.0,229,3480,22000.0,4.0,pending,Birthday,2023-05-04,Wedding,Zaghouan,Tunisie,2,0.0,0.0,100.0,200.0,Hotel
3983,10899.0,229,3480,15000.0,9.0,pending,Corporate Event,2023-03-25,Corporate,Sousse,Tunisie,3,0.0,0.0,300.0,500.0,Venues de mariage privées
7215,11370.0,126,4896,21000.0,0.0,confirmed,Birthday,2022-04-25,Birthday,Mahdia,Tunisie,5,0.0,0.0,200.0,400.0,Venues de mariage privées
17756,923.0,249,22215,12000.0,3.0,cancelled,Corporate Event,2022-10-18,Birthday,Zaghouan,Tunisie,5,0.0,0.0,100.0,200.0,Hotel
14358,13592.0,155,66,23000.0,0.0,cancelled,Corporate Event,2025-08-21,Birthday,Mahdia,Tunisie,2,0.0,0.0,200.0,400.0,Venues de mariage privées
15642,6344.0,203,1417,24000.0,4.0,confirmed,Wedding,2024-11-20,Corporate,Tunis,Tunisie,1,0.0,0.0,300.0,500.0,Hotel
3455,523.0,298,962,15000.0,4.0,confirmed,Corporate Event,2025-01-31,Wedding,Ben Arous,Tunisie,4,0.0,0.0,200.0,400.0,Venues de mariage privées
2684,8341.0,252,1608,24000.0,16.0,cancelled,Birthday,2024-11-02,Wedding,Siliana,Tunisie,2,0.0,0.0,200.0,400.0,Venues de mariage privées
7131,9497.0,176,3661,21000.0,0.0,cancelled,Wedding,2025-03-20,Wedding,Tataouine,Tunisie,1,0.0,0.0,100.0,200.0,Hotel
17331,4582.0,42,3577,23000.0,10.0,confirmed,Corporate Event,2023-01-06,Wedding,Gafsa,Tunisie,4,0.0,0.0,100.0,200.0,Hotel
17834,996.0,42,3577,26000.0,2.0,confirmed,Corporate Event,2022-11-24,Birthday,Monastir,Tunisie,5,0.0,0.0,200.0,500.0,Hotel
12320,12227.0,155,66,12000.0,4.0,confirmed,Corporate Event,2024-06-13,Wedding,Ben Arous,Tunisie,4,0.0,0.0,200.0,400.0,Venues de mariage privées
14730,7469.0,176,3661,24000.0,2.0,confirmed,Birthday,2022-09-21,Wedding,Mahdia,Tunisie,3,0.0,0.0,200.0,400.0,Venues de mariage privées
5133,12942.0,298,962,25000.0,10.0,confirmed,Wedding,2025-06-06,Wedding,Gafsa,Tunisie,4,0.0,0.0,100.0,200.0,Hotel
6124,1830.0,239,4101,23000.0,8.0,cancelled,Corporate Event,2024-11-08,Wedding,Bizerte,Tunisie,2,0.0,0.0,300.0,500.0,Venues de mariage privées
7524,10433.0,229,3480,17000.0,3.0,pending,Corporate Event,2023-10-13,Wedding,Monastir,Tunisie,1,0.0,0.0,200.0,500.0,Hotel
7150,3876.0,176,3661,19000.0,10.0,cancelled,Corporate Event,2022-08-10,Wedding,Ariana,Tunisie,2,0.0,0.0,200.0,400.0,Venues de mariage privées
11901,13833.0,229,3480,20000.0,4.0,confirmed,Birthday,2023-06-22,Corporate,Tunis,Tunisie,3,0.0,0.0,300.0,500.0,Hotel
11541,13270.0,252,1608,19000.0,4.0,cancelled,Birthday,2022-05-24,Wedding,Zaghouan,Tunisie,2,0.0,0.0,100.0,200.0,Hotel
8797,12803.0,229,3480,23000.0,12.0,confirmed,Wedding,2022-02-06,Corporate,Monastir,Tunisie,4,0.0,0.0,200.0,500.0,Hotel
13423,13388.0,155,66,24000.0,16.0,pending,Corporate Event,2023-05-14,Wedding,Siliana,Tunisie,4,0.0,0.0,200.0,400.0,Venues de mariage privées
1382,5210.0,126,4896,15000.0,7.0,cancelled,Birthday,2022-09-06,Wedding,Jendouba,Tunisie,2,0.0,0.0,100.0,200.0,Hotel
424,7737.0,249,22215,12000.0,2.0,cancelled,Birthday,2024-08-30,Wedding,Sidi Bouzid,Tunisie,4,0.0,0.0,200.0,400.0,Venues de mariage privées
3554,558.0,252,1608,21000.0,16.0,pending,Birthday,2024-06-24,Wedding,Monastir,Tunisie,3,0.0,0.0,200.0,500.0,Hotel
2604,8421.0,229,3480,25000.0,14.0,cancelled,Wedding,2025-02-14,Wedding,Ariana,Tunisie,3,0.0,0.0,200.0,400.0,Venues de mariage privées
14373,11857.0,203,1258,17000.0,11.0,confirmed,Corporate Event,2022-06-15,Corporate,Ariana,Tunisie,3,0.0,0.0,200.0,400.0,Venues de mariage privées
13931,5347.0,202,1983,15000.0,4.0,cancelled,Birthday,2024-08-15,Wedding,Kairouan,Tunisie,2,0.0,0.0,300.0,500.0,Venues de mariage privées
5600,14989.0,239,4101,12000.0,3.0,cancelled,Birthday,2022-06-27,Corporate,Sidi Bouzid,Tunisie,5,0.0,0.0,200.0,400.0,Venues de mariage privées
6068,7196.0,249,22215,20000.0,3.0,confirmed,Birthday,2023-08-08,Birthday,Zaghouan,Tunisie,4,0.0,0.0,100.0,200.0,Hotel
1643,13879.0,298,962,22000.0,3.0,pending,Wedding,2025-08-17,Wedding,Sidi Bouzid,Tunisie,3,0.0,0.0,200.0,400.0,Venues de mariage privées
10003,7880.0,298,962,20000.0,7.0,pending,Corporate Event,2023-08-19,Birthday,Kairouan,Tunisie,1,0.0,0.0,300.0,500.0,Venues de mariage privées
15939,5740.0,252,1608,20000.0,12.0,cancelled,Corporate Event,2023-10-20,Corporate,Monastir,Tunisie,1,0.0,0.0,200.0,500.0,Hotel
14007,14771.0,203,1258,21000.0,10.0,pending,Corporate Event,2025-11-25,Wedding,Ariana,Tunisie,1,0.0,0.0,200.0,400.0,Venues de mariage privées
3166,12159.0,126,4896,23000.0,20.0,confirmed,Birthday,2025-02-28,Wedding,Tunis,Tunisie,2,0.0,0.0,300.0,500.0,Hotel
12156,6000.0,298,962,19000.0,2.0,pending,Wedding,2022-01-06,Wedding,Sidi Bouzid,Tunisie,1,0.0,0.0,200.0,400.0,Venues de mariage privées
5684,1070.0,42,3577,25000.0,4.0,cancelled,Wedding,2023-02-28,Wedding,Kairouan,Tunisie,2,0.0,0.0,300.0,500.0,Venues de mariage privées
1272,8681.0,155,66,19000.0,0.0,confirmed,Corporate Event,2023-11-16,Birthday,Siliana,Tunisie,5,0.0,0.0,200.0,400.0,Venues de mariage privées
11728,6741.0,202,1983,21000.0,0.0,cancelled,Corporate Event,2024-05-18,Birthday,Jendouba,Tunisie,5,0.0,0.0,100.0,200.0,Hotel
16067,3303.0,155,66,24000.0,10.0,pending,Wedding,2023-08-06,Wedding,Kasserine,Tunisie,3,0.0,0.0,200.0,400.0,Venues de mariage privées
16484,6223.0,203,1258,12000.0,0.0,pending,Corporate Event,2023-06-18,Birthday,Mahdia,Tunisie,5,0.0,0.0,200.0,400.0,Venues de mariage privées
3204,7769.0,203,1258,15000.0,16.0,confirmed,Corporate Event,2025-07-02,Wedding,Monastir,Tunisie,3,0.0,0.0,200.0,500.0,Hotel
2665,8068.0,298,962,13000.0,4.0,cancelled,Wedding,2023-07-02,Corporate,Tunis,Tunisie,3,0.0,0.0,300.0,500.0,Hotel
14903,9775.0,176,3661,24000.0,4.0,confirmed,Birthday,2025-02-07,Wedding,Ben Arous,Tunisie,3,0.0,0.0,200.0,400.0,Venues de mariage privées
5027,6691.0,202,1983,21000.0,5.0,confirmed,Wedding,2022-08-21,Wedding,Sousse,Tunisie,2,0.0,0.0,300.0,500.0,Venues de mariage privées
10480,13068.0,176,3661,22000.0,7.0,cancelled,Birthday,2023-03-27,Wedding,Nabeul,Tunisie,1,0.0,0.0,300.0,500.0,Venues de mariage privées
9089,3369.0,239,4101,24000.0,4.0,pending,Corporate Event,2025-04-26,Wedding,Ben Arous,Tunisie,2,0.0,0.0,200.0,400.0,Venues de mariage privées
12229,8413.0,298,962,17000.0,16.0,pending,Birthday,2024-05-10,Wedding,Monastir,Tunisie,2,0.0,0.0,200.0,500.0,Hotel
7358,11862.0,202,1983,23000.0,0.0,cancelled,Corporate Event,2022-03-12,Birthday,Sousse,Tunisie,2,0.0,0.0,300.0,500.0,Venues de mariage privées
8929,9919.0,239,4101,17000.0,2.0,confirmed,Corporate Event,2022-12-07,Wedding,Mahdia,Tunisie,5,0.0,0.0,200.0,400.0,Venues de mariage privées
2923,10235.0,229,3480,19000.0,6.0,pending,Wedding,2024-05-22,Corporate,Mahdia,Tunisie,5,0.0,0.0,200.0,400.0,Venues de mariage privées
15473,14349.0,176,3661,26000.0,2.0,confirmed,Corporate Event,2023-05-28,Wedding,Mahdia,Tunisie,2,0.0,0.0,200.0,400.0,Venues de mariage privées
13916,1880.0,42,3577,23000.0,0.0,cancelled,Corporate Event,2024-01-30,Wedding,Kasserine,Tunisie,3,0.0,0.0,200.0,400.0,Venues de mariage privées
14111,14244.0,249,22215,20000.0,4.0,pending,Corporate Event,2025-12-26,Corporate,Tunis,Tunisie,2,0.0,0.0,300.0,500.0,Hotel
11319,333.0,203,1417,12000.0,12.0,pending,Birthday,2025-09-18,Corporate,Monastir,Tunisie,1,0.0,0.0,200.0,500.0,Hotel
1771,7847.0,229,3480,23000.0,10.0,cancelled,Birthday,2023-08-12,Corporate,Jendouba,Tunisie,2,0.0,0.0,100.0,200.0,Hotel
7062,14252.0,126,4896,17000.0,16.0,cancelled,Wedding,2024-04-06,Wedding,Sfax,Tunisie,5,0.0,0.0,200.0,500.0,Hotel
12927,44020.0,203,1417,25000.0,5.0,confirmed,Wedding,2024-09-26,Corporate,Kairouan,Tunisie,5,0.0,0.0,300.0,500.0,Venues de mariage privées
3055,3374.0,176,3661,20000.0,12.0,cancelled,Corporate Event,2024-03-11,Corporate,Monastir,Tunisie,3,0.0,0.0,200.0,500.0,Hotel
8384,6270.0,203,1417,15000.0,13.0,confirmed,Birthday,2024-01-01,Corporate,Manouba,Tunisie,5,0.0,0.0,200.0,400.0,Venues de mariage privées
201,2524.0,298,962,15000.0,10.0,cancelled,Corporate Event,2023-01-06,Wedding,Kasserine,Tunisie,3,0.0,0.0,200.0,400.0,Venues de mariage privées
2754,445.0,202,1983,23000.0,0.0,confirmed,Wedding,2025-08-06,Birthday,Mahdia,Tunisie,4,0.0,0.0,200.0,400.0,Venues de mariage privées
16205,14931.0,252,1608,20000.0,4.0,confirmed,Wedding,2023-02-20,Corporate,Tunis,Tunisie,5,0.0,0.0,300.0,500.0,Hotel
13686,1592.0,252,1608,17000.0,2.0,cancelled,Birthday,2024-10-02,Wedding,Bizerte,Tunisie,4,0.0,0.0,300.0,500.0,Venues de mariage privées
12141,8105.0,203,1258,26000.0,7.0,pending,Wedding,2022-05-05,Birthday,Tataouine,Tunisie,4,0.0,0.0,100.0,200.0,Hotel
15116,1400.0,155,66,24000.0,20.0,cancelled,Corporate Event,2023-08-27,Wedding,Manouba,Tunisie,5,0.0,0.0,200.0,400.0,Venues de mariage privées
7951,10156.0,249,22215,13000.0,3.0,confirmed,Birthday,2022-10-26,Wedding,Monastir,Tunisie,4,0.0,0.0,200.0,500.0,Hotel
9208,12116.0,249,22215,20000.0,15.0,cancelled,Wedding,2022-06-16,Corporate,Ben Arous,Tunisie,1,0.0,0.0,200.0,400.0,Venues de mariage privées
11386,13089.0,202,1983,13000.0,16.0,cancelled,Corporate Event,2023-01-20,Wedding,Manouba,Tunisie,1,0.0,0.0,200.0,400.0,Venues de mariage privées
5051,14194.0,126,4896,24000.0,0.0,pending,Corporate Event,2023-03-08,Birthday,Jendouba,Tunisie,4,0.0,0.0,100.0,200.0,Hotel
5545,313.0,42,3577,17000.0,16.0,confirmed,Corporate Event,2025-05-27,Wedding,Sousse,Tunisie,4,0.0,0.0,300.0,500.0,Venues de mariage privées
14709,14885.0,202,1983,20000.0,3.0,cancelled,Birthday,2023-02-12,Corporate,Sidi Bouzid,Tunisie,2,0.0,0.0,200.0,400.0,Venues de mariage privées
17652,12957.0,203,1417,17000.0,16.0,cancelled,Birthday,2023-12-29,Wedding,Monastir,Tunisie,3,0.0,0.0,200.0,500.0,Hotel
10022,9046.0,155,66,13000.0,7.0,cancelled,Birthday,2024-08-22,Wedding,Nabeul,Tunisie,3,0.0,0.0,300.0,500.0,Venues de mariage privées
16224,75680.0,249,22215,12000.0,5.0,cancelled,Birthday,2022-09-09,Wedding,Sousse,Tunisie,1,0.0,0.0,300.0,500.0,Venues de mariage privées
13999,5246.0,252,1608,12000.0,0.0,pending,Birthday,2022-08-13,Birthday,Jendouba,Tunisie,3,0.0,0.0,100.0,200.0,Hotel
9303,10605.0,126,4896,13000.0,3.0,confirmed,Corporate Event,2025-03-24,Corporate,Sfax,Tunisie,5,0.0,0.0,200.0,500.0,Hotel
17390,7327.0,203,1417,15000.0,0.0,pending,Corporate Event,2025-01-03,Wedding,Gafsa,Tunisie,2,0.0,0.0,100.0,200.0,Hotel
1331,4705.0,126,4896,24000.0,4.0,confirmed,Wedding,2023-09-20,Wedding,Zaghouan,Tunisie,5,0.0,0.0,100.0,200.0,Hotel
7958,7059.0,229,3480,25000.0,0.0,pending,Corporate Event,2022-11-09,Birthday,Jendouba,Tunisie,1,0.0,0.0,100.0,200.0,Hotel
667,9595.0,229,3480,17000.0,3.0,cancelled,Wedding,2024-12-17,Corporate,Sidi Bouzid,Tunisie,3,0.0,0.0,200.0,400.0,Venues de mariage privées
13706,6355.0,252,1608,21000.0,0.0,cancelled,Birthday,2023-02-16,Birthday,Ariana,Tunisie,1,0.0,0.0,200.0,400.0,Venues de mariage privées
4055,3957.0,203,1417,17000.0,3.0,cancelled,Wedding,2024-03-06,Corporate,Sidi Bouzid,Tunisie,2,0.0,0.0,200.0,400.0,Venues de mariage privées
12672,5614.0,239,4101,17000.0,0.0,pending,Wedding,2022-11-11,Corporate,Tataouine,Tunisie,1,0.0,0.0,100.0,200.0,Hotel
5552,1320.0,42,3577,22000.0,16.0,pending,Wedding,2024-05-10,Wedding,Manouba,Tunisie,3,0.0,0.0,200.0,400.0,Venues de mariage privées
6452,8995.0,249,22215,17000.0,5.0,cancelled,Corporate Event,2024-01-03,Corporate,Kairouan,Tunisie,3,0.0,0.0,300.0,500.0,Venues de mariage privées
3396,6399.0,155,66,19000.0,10.0,pending,Birthday,2022-03-23,Corporate,Jendouba,Tunisie,1,0.0,0.0,100.0,200.0,Hotel
5756,10509.0,203,1258,20000.0,0.0,cancelled,Wedding,2025-08-26,Wedding,Sfax,Tunisie,5,0.0,0.0,200.0,500.0,Hotel
12463,2668.0,203,1417,20000.0,0.0,cancelled,Corporate Event,2024-11-15,Corporate,Tataouine,Tunisie,4,0.0,0.0,100.0,200.0,Hotel
7569,13533.0,203,1258,24000.0,10.0,confirmed,Wedding,2024-11-10,Corporate,Jendouba,Tunisie,1,0.0,0.0,100.0,200.0,Hotel
3775,14849.0,252,1608,23000.0,0.0,confirmed,Birthday,2023-08-11,Wedding,Kasserine,Tunisie,1,0.0,0.0,200.0,400.0,Venues de mariage privées
14476,387.0,252,1608,23000.0,5.0,confirmed,Birthday,2022-12-29,Corporate,Tozeur,Tunisie,4,0.0,0.0,300.0,500.0,Venues de mariage privées
12722,5673.0,126,4896,15000.0,7.0,pending,Birthday,2025-12-16,Corporate,Zaghouan,Tunisie,4,0.0,0.0,100.0,200.0,Hotel
8371,10223.0,298,962,24000.0,16.0,pending,Wedding,2024-06-05,Wedding,Siliana,Tunisie,3,0.0,0.0,200.0,400.0,Venues de mariage privées
3743,11789.0,42,3577,20000.0,10.0,confirmed,Birthday,2025-10-12,Wedding,Gafsa,Tunisie,5,0.0,0.0,100.0,200.0,Hotel
3719,12335.0,239,4101,20000.0,0.0,confirmed,Birthday,2024-06-16,Wedding,Gafsa,Tunisie,4,0.0,0.0,100.0,200.0,Hotel
17547,7172.0,203,1417,13000.0,10.0,confirmed,Wedding,2022-07-01,Corporate,Jendouba,Tunisie,3,0.0,0.0,100.0,200.0,Hotel
6191,14124.0,202,1983,23000.0,0.0,pending,Wedding,2023-11-08,Wedding,Sfax,Tunisie,1,0.0,0.0,200.0,500.0,Hotel
10082,7967.0,298,962,22000.0,7.0,cancelled,Wedding,2025-11-29,Birthday,Tataouine,Tunisie,1,0.0,0.0,100.0,200.0,Hotel
14699,5408.0,239,4101,20000.0,0.0,cancelled,Wedding,2024-09-12,Birthday,Mahdia,Tunisie,1,0.0,0.0,200.0,400.0,Venues de mariage privées
9227,5638.0,202,1983,17000.0,10.0,pending,Corporate Event,2022-04-15,Wedding,Kasserine,Tunisie,5,0.0,0.0,200.0,400.0,Venues de mariage privées
4198,8271.0,155,66,26000.0,6.0,pending,Birthday,2025-10-07,Corporate,Mahdia,Tunisie,3,0.0,0.0,200.0,400.0,Venues de mariage privées
4936,7934.0,203,1417,17000.0,9.0,confirmed,Corporate Event,2023-07-10,Corporate,Sousse,Tunisie,3,0.0,0.0,300.0,500.0,Venues de mariage privées
106,12218.0,176,3661,15000.0,16.0,cancelled,Corporate Event,2025-10-25,Wedding,Monastir,Tunisie,5,0.0,0.0,200.0,500.0,Hotel
17495,13629.0,252,1608,26000.0,2.0,pending,Corporate Event,2023-09-21,Wedding,Mahdia,Tunisie,1,0.0,0.0,200.0,400.0,Venues de mariage privées
8720,10862.0,203,1417,22000.0,0.0,pending,Wedding,2023-08-05,Birthday,Ariana,Tunisie,5,0.0,0.0,200.0,400.0,Venues de mariage privées
7659,11566.0,155,66,26000.0,2.0,confirmed,Corporate Event,2024-11-10,Wedding,Bizerte,Tunisie,3,0.0,0.0,300.0,500.0,Venues de mariage privées
1191,3210.0,249,22215,19000.0,0.0,confirmed,Birthday,2022-11-02,Birthday,Siliana,Tunisie,4,0.0,0.0,200.0,400.0,Venues de mariage privées
7573,4427.0,252,1608,20000.0,0.0,cancelled,Birthday,2022-08-17,Birthday,Tunis,Tunisie,3,0.0,0.0,300.0,500.0,Hotel
11684,1140.0,203,1258,12000.0,3.0,cancelled,Birthday,2023-10-29,Birthday,Zaghouan,Tunisie,3,0.0,0.0,100.0,200.0,Hotel
10017,9496.0,155,66,26000.0,0.0,confirmed,Wedding,2025-11-17,Wedding,Tozeur,Tunisie,3,0.0,0.0,300.0,500.0,Venues de mariage privées
16729,13896.0,203,1258,12000.0,16.0,pending,Wedding,2023-02-28,Wedding,Sfax,Tunisie,3,0.0,0.0,200.0,500.0,Hotel
5928,2191.0,239,4101,25000.0,5.0,confirmed,Birthday,2025-06-04,Corporate,Gafsa,Tunisie,5,0.0,0.0,100.0,200.0,Hotel
17669,1615.0,155,66,13000.0,7.0,cancelled,Wedding,2023-06-13,Birthday,Tataouine,Tunisie,5,0.0,0.0,100.0,200.0,Hotel
13753,2920.0,176,3661,12000.0,5.0,pending,Birthday,2023-07-18,Corporate,Gafsa,Tunisie,1,0.0,0.0,100.0,200.0,Hotel
11763,1357.0,42,3577,19000.0,3.0,pending,Birthday,2023-01-01,Wedding,Monastir,Tunisie,3,0.0,0.0,200.0,500.0,Hotel
5792,14745.0,252,1608,26000.0,18.0,pending,Birthday,2025-10-23,Birthday,Manouba,Tunisie,4,0.0,0.0,200.0,400.0,Venues de mariage privées
15435,11497.0,239,4101,19000.0,9.0,confirmed,Birthday,2025-12-15,Wedding,Kairouan,Tunisie,1,0.0,0.0,300.0,500.0,Venues de mariage privées
7247,9867.0,42,3577,21000.0,0.0,cancelled,Corporate Event,2024-02-04,Wedding,Gafsa,Tunisie,2,0.0,0.0,100.0,200.0,Hotel
4136,316.0,42,3577,24000.0,0.0,confirmed,Corporate Event,2022-03-17,Birthday,Jendouba,Tunisie,1,0.0,0.0,100.0,200.0,Hotel
14365,14674.0,42,3577,17000.0,20.0,confirmed,Corporate Event,2024-10-31,Wedding,Tunis,Tunisie,5,0.0,0.0,300.0,500.0,Hotel
8544,5004.0,252,1608,22000.0,3.0,pending,Birthday,2025-07-02,Corporate,Sidi Bouzid,Tunisie,5,0.0,0.0,200.0,400.0,Venues de mariage privées
3653,11297.0,239,4101,20000.0,0.0,confirmed,Wedding,2023-01-14,Birthday,Gafsa,Tunisie,5,0.0,0.0,100.0,200.0,Hotel
15972,4010.0,298,962,19000.0,3.0,pending,Wedding,2024-02-25,Birthday,Zaghouan,Tunisie,4,0.0,0.0,100.0,200.0,Hotel
6939,6309.0,42,3577,22000.0,4.0,cancelled,Birthday,2025-05-12,Wedding,Zaghouan,Tunisie,3,0.0,0.0,100.0,200.0,Hotel
16884,10177.0,42,3577,21000.0,12.0,confirmed,Birthday,2024-01-11,Corporate,Monastir,Tunisie,5,0.0,0.0,200.0,500.0,Hotel
8190,14427.0,176,3661,24000.0,8.0,pending,Wedding,2023-03-26,Wedding,Bizerte,Tunisie,5,0.0,0.0,300.0,500.0,Venues de mariage privées
2967,14848.0,155,66,19000.0,9.0,confirmed,Corporate Event,2024-07-08,Wedding,Kairouan,Tunisie,1,0.0,0.0,300.0,500.0,Venues de mariage privées
17549,8559.0,176,3661,21000.0,0.0,confirmed,Corporate Event,2024-07-27,Corporate,Tataouine,Tunisie,2,0.0,0.0,100.0,200.0,Hotel
3732,577.0,298,962,20000.0,0.0,cancelled,Corporate Event,2023-03-25,Birthday,Ariana,Tunisie,5,0.0,0.0,200.0,400.0,Venues de mariage privées
6153,6608.0,249,22215,25000.0,20.0,pending,Wedding,2025-11-06,Wedding,Manouba,Tunisie,2,0.0,0.0,200.0,400.0,Venues de mariage privées
17909,1378.0,252,1608,25000.0,6.0,cancelled,Corporate Event,2022-05-05,Corporate,Bizerte,Tunisie,5,0.0,0.0,300.0,500.0,Venues de mariage privées
8254,11488.0,239,4101,23000.0,0.0,cancelled,Wedding,2025-03-21,Birthday,Siliana,Tunisie,2,0.0,0.0,200.0,400.0,Venues de mariage privées
4155,14005.0,229,3480,12000.0,9.0,cancelled,Birthday,2023-05-12,Corporate,Sousse,Tunisie,4,0.0,0.0,300.0,500.0,Venues de mariage privées
11606,1446.0,298,962,20000.0,16.0,cancelled,Birthday,2025-11-21,Wedding,Sfax,Tunisie,5,0.0,0.0,200.0,500.0,Hotel
515,9083.0,252,1608,20000.0,10.0,confirmed,Wedding,2022-10-25,Wedding,Ariana,Tunisie,4,0.0,0.0,200.0,400.0,Venues de mariage privées
16032,2759.0,126,4896,22000.0,15.0,cancelled,Birthday,2025-05-28,Corporate,Ben Arous,Tunisie,3,0.0,0.0,200.0,400.0,Venues de mariage privées
12691,6169.0,126,4896,21000.0,4.0,confirmed,Birthday,2022-01-10,Wedding,Zaghouan,Tunisie,2,0.0,0.0,100.0,200.0,Hotel
6957,7163.0,239,4101,15000.0,0.0,pending,Corporate Event,2022-11-03,Wedding,Gafsa,Tunisie,2,0.0,0.0,100.0,200.0,Hotel
3905,11054.0,203,1258,12000.0,16.0,cancelled,Birthday,2023-01-01,Wedding,Sfax,Tunisie,2,0.0,0.0,200.0,500.0,Hotel
5159,9746.0,155,66,20000.0,4.0,cancelled,Corporate Event,2022-06-17,Wedding,Kairouan,Tunisie,2,0.0,0.0,300.0,500.0,Venues de mariage privées
5121,4824.0,126,4896,26000.0,9.0,cancelled,Corporate Event,2022-09-28,Corporate,Sousse,Tunisie,5,0.0,0.0,300.0,500.0,Venues de mariage privées
11773,7025.0,249,22215,19000.0,0.0,cancelled,Corporate Event,2023-06-28,Birthday,Ariana,Tunisie,5,0.0,0.0,200.0,400.0,Venues de mariage privées
1649,8580.0,229,3480,13000.0,10.0,cancelled,Wedding,2025-07-11,Birthday,Sfax,Tunisie,2,0.0,0.0,200.0,500.0,Hotel
12595,10293.0,42,3577,24000.0,4.0,confirmed,Wedding,2025-02-12,Birthday,Bizerte,Tunisie,2,0.0,0.0,300.0,500.0,Venues de mariage privées
378,8200.0,252,1608,23000.0,18.0,pending,Birthday,2022-06-09,Birthday,Manouba,Tunisie,1,0.0,0.0,200.0,400.0,Venues de mariage privées
11472,6352.0,155,66,24000.0,3.0,pending,Corporate Event,2025-11-27,Wedding,Monastir,Tunisie,1,0.0,0.0,200.0,500.0,Hotel
6763,4696.0,155,66,19000.0,0.0,confirmed,Wedding,2024-04-08,Wedding,Sfax,Tunisie,1,0.0,0.0,200.0,500.0,Hotel
7785,3460.0,203,1258,26000.0,15.0,confirmed,Birthday,2024-01-11,Corporate,Ben Arous,Tunisie,5,0.0,0.0,200.0,400.0,Venues de mariage privées
7601,12612.0,203,1417,25000.0,6.0,cancelled,Wedding,2025-10-22,Corporate,Bizerte,Tunisie,5,0.0,0.0,300.0,500.0,Venues de mariage privées
10444,4622.0,176,3661,21000.0,18.0,pending,Corporate Event,2024-10-12,Birthday,Manouba,Tunisie,1,0.0,0.0,200.0,400.0,Venues de mariage privées
16987,3647.0,249,22215,17000.0,10.0,cancelled,Birthday,2025-08-31,Birthday,Sfax,Tunisie,3,0.0,0.0,200.0,500.0,Hotel
7067,11286.0,229,3480,24000.0,16.0,cancelled,Birthday,2025-05-25,Wedding,Siliana,Tunisie,3,0.0,0.0,200.0,400.0,Venues de mariage privées
7332,12683.0,126,4896,20000.0,2.0,confirmed,Corporate Event,2025-10-13,Wedding,Jendouba,Tunisie,4,0.0,0.0,100.0,200.0,Hotel
16366,13270.0,203,1258,17000.0,0.0,confirmed,Corporate Event,2023-11-16,Wedding,Tataouine,Tunisie,3,0.0,0.0,100.0,200.0,Hotel
3006,4854.0,249,22215,23000.0,0.0,cancelled,Wedding,2022-01-13,Birthday,Tunis,Tunisie,2,0.0,0.0,300.0,500.0,Hotel
17864,1960.0,239,4101,26000.0,2.0,pending,Birthday,2024-01-06,Wedding,Siliana,Tunisie,4,0.0,0.0,200.0,400.0,Venues de mariage privées
1398,8443.0,298,962,19000.0,0.0,cancelled,Birthday,2022-03-05,Birthday,Kasserine,Tunisie,4,0.0,0.0,200.0,400.0,Venues de mariage privées
9048,4508.0,176,3661,19000.0,10.0,confirmed,Birthday,2022-02-06,Corporate,Jendouba,Tunisie,3,0.0,0.0,100.0,200.0,Hotel
3592,10592.0,42,3577,20000.0,16.0,pending,Corporate Event,2024-08-16,Wedding,Sousse,Tunisie,5,0.0,0.0,300.0,500.0,Venues de mariage privées
17132,5069.0,252,1608,12000.0,2.0,pending,Wedding,2022-12-03,Wedding,Sidi Bouzid,Tunisie,5,0.0,0.0,200.0,400.0,Venues de mariage privées
7694,11010.0,202,1983,20000.0,18.0,pending,Corporate Event,2023-12-23,Birthday,Manouba,Tunisie,2,0.0,0.0,200.0,400.0,Venues de mariage privées
2852,14946.0,203,1258,20000.0,14.0,pending,Corporate Event,2025-02-08,Wedding,Ariana,Tunisie,5,0.0,0.0,200.0,400.0,Venues de mariage privées
16335,7374.0,42,3577,22000.0,8.0,cancelled,Corporate Event,2025-03-16,Wedding,Bizerte,Tunisie,4,0.0,0.0,300.0,500.0,Venues de mariage privées
2558,1427.0,155,66,17000.0,3.0,pending,Wedding,2022-07-15,Corporate,Sidi Bouzid,Tunisie,3,0.0,0.0,200.0,400.0,Venues de mariage privées
12397,4814.0,155,66,21000.0,10.0,cancelled,Birthday,2025-10-28,Wedding,Kasserine,Tunisie,5,0.0,0.0,200.0,400.0,Venues de mariage privées
115,6066.0,202,1983,19000.0,2.0,confirmed,Birthday,2022-06-28,Wedding,Mahdia,Tunisie,4,0.0,0.0,200.0,400.0,Venues de mariage privées
9423,4244.0,126,4896,21000.0,14.0,pending,Wedding,2024-10-18,Corporate,Nabeul,Tunisie,5,0.0,0.0,300.0,500.0,Venues de mariage privées
12786,7140.0,202,1983,25000.0,4.0,cancelled,Corporate Event,2025-02-07,Birthday,Bizerte,Tunisie,5,0.0,0.0,300.0,500.0,Venues de mariage privées
3416,3430.0,202,1983,12000.0,18.0,pending,Birthday,2022-08-17,Birthday,Manouba,Tunisie,3,0.0,0.0,200.0,400.0,Venues de mariage privées
16452,13315.0,298,962,22000.0,0.0,pending,Wedding,2022-08-27,Birthday,Kasserine,Tunisie,2,0.0,0.0,200.0,400.0,Venues de mariage privées
1991,14611.0,202,1983,15000.0,2.0,cancelled,Wedding,2024-12-15,Wedding,Bizerte,Tunisie,5,0.0,0.0,300.0,500.0,Venues de mariage privées
15081,9343.0,126,4896,21000.0,12.0,pending,Corporate Event,2023-04-19,Corporate,Monastir,Tunisie,4,0.0,0.0,200.0,500.0,Hotel
5495,1800.0,202,1983,25000.0,3.0,cancelled,Corporate Event,2025-04-19,Birthday,Zaghouan,Tunisie,5,0.0,0.0,100.0,200.0,Hotel
6450,6050.0,239,4101,25000.0,20.0,cancelled,Corporate Event,2025-02-19,Wedding,Tunis,Tunisie,4,0.0,0.0,300.0,500.0,Hotel
3032,12697.0,203,1258,19000.0,3.0,pending,Birthday,2025-08-01,Birthday,Zaghouan,Tunisie,1,0.0,0.0,100.0,200.0,Hotel
14736,5978.0,176,3661,25000.0,10.0,confirmed,Corporate Event,2022-04-16,Wedding,Kasserine,Tunisie,2,0.0,0.0,200.0,400.0,Venues de mariage privées
341,902.0,42,3577,20000.0,16.0,pending,Birthday,2024-08-22,Wedding,Ben Arous,Tunisie,3,0.0,0.0,200.0,400.0,Venues de mariage privées
5461,4587.0,203,1417,20000.0,0.0,confirmed,Birthday,2024-11-15,Wedding,Sfax,Tunisie,5,0.0,0.0,200.0,500.0,Hotel
7964,8271.0,176,3661,17000.0,0.0,pending,Birthday,2025-09-18,Wedding,Kasserine,Tunisie,2,0.0,0.0,200.0,400.0,Venues de mariage privées
16725,608.0,203,1258,26000.0,2.0,cancelled,Birthday,2023-03-25,Birthday,Monastir,Tunisie,3,0.0,0.0,200.0,500.0,Hotel
1451,10019.0,42,3577,12000.0,5.0,cancelled,Birthday,2022-01-17,Wedding,Sousse,Tunisie,1,0.0,0.0,300.0,500.0,Venues de mariage privées
5376,4352.0,42,3577,12000.0,14.0,pending,Wedding,2022-12-29,Corporate,Nabeul,Tunisie,2,0.0,0.0,300.0,500.0,Venues de mariage privées
3579,13676.0,42,3577,19000.0,4.0,confirmed,Wedding,2024-03-03,Birthday,Bizerte,Tunisie,4,0.0,0.0,300.0,500.0,Venues de mariage privées
10323,13944.0,298,962,13000.0,9.0,pending,Birthday,2025-11-02,Corporate,Kasserine,Tunisie,4,0.0,0.0,200.0,400.0,Venues de mariage privées
876,4376.0,155,66,17000.0,0.0,cancelled,Birthday,2024-10-14,Birthday,Siliana,Tunisie,1,0.0,0.0,200.0,400.0,Venues de mariage privées
2861,3155.0,155,66,26000.0,13.0,pending,Wedding,2025-06-15,Corporate,Manouba,Tunisie,3,0.0,0.0,200.0,400.0,Venues de mariage privées
2566,10193.0,229,3480,22000.0,5.0,pending,Corporate Event,2023-05-20,Corporate,Gafsa,Tunisie,3,0.0,0.0,100.0,200.0,Hotel
4315,2093.0,229,3480,13000.0,0.0,pending,Wedding,2024-01-29,Birthday,Sidi Bouzid,Tunisie,2,0.0,0.0,200.0,400.0,Venues de mariage privées
17364,288.0,203,1258,19000.0,14.0,pending,Birthday,2023-05-30,Wedding,Ariana,Tunisie,4,0.0,0.0,200.0,400.0,Venues de mariage privées
243,3121.0,126,4896,21000.0,2.0,pending,Birthday,2025-08-07,Birthday,Ben Arous,Tunisie,1,0.0,0.0,200.0,400.0,Venues de mariage privées
10774,13685.0,249,22215,24000.0,0.0,cancelled,Corporate Event,2024-10-22,Birthday,Gafsa,Tunisie,4,0.0,0.0,100.0,200.0,Hotel
16236,6741.0,249,22215,23000.0,0.0,cancelled,Corporate Event,2022-06-12,Wedding,Gafsa,Tunisie,1,0.0,0.0,100.0,200.0,Hotel
14956,11942.0,42,3577,13000.0,2.0,cancelled,Birthday,2025-07-29,Wedding,Bizerte,Tunisie,2,0.0,0.0,300.0,500.0,Venues de mariage privées
2965,1449.0,126,4896,22000.0,9.0,pending,Birthday,2024-09-22,Wedding,Kairouan,Tunisie,4,0.0,0.0,300.0,500.0,Venues de mariage privées
5850,744.0,42,3577,20000.0,2.0,confirmed,Wedding,2022-06-17,Wedding,Jendouba,Tunisie,3,0.0,0.0,100.0,200.0,Hotel
16460,9999.0,126,4896,25000.0,2.0,cancelled,Birthday,2023-11-26,Birthday,Ben Arous,Tunisie,1,0.0,0.0,200.0,400.0,Venues de mariage privées
452,11126.0,203,1417,26000.0,0.0,pending,Birthday,2024-01-31,Birthday,Siliana,Tunisie,1,0.0,0.0,200.0,400.0,Venues de mariage privées
9073,4390.0,203,1417,20000.0,8.0,confirmed,Wedding,2023-09-02,Wedding,Zaghouan,Tunisie,1,0.0,0.0,100.0,200.0,Hotel
1656,14375.0,202,1983,23000.0,2.0,confirmed,Corporate Event,2023-08-17,Wedding,Bizerte,Tunisie,3,0.0,0.0,300.0,500.0,Venues de mariage privées
2390,1300.0,176,3661,20000.0,9.0,confirmed,Birthday,2022-10-25,Corporate,Sousse,Tunisie,2,0.0,0.0,300.0,500.0,Venues de mariage privées
8843,13502.0,202,1983,22000.0,0.0,pending,Birthday,2025-10-17,Corporate,Tataouine,Tunisie,3,0.0,0.0,100.0,200.0,Hotel
3749,8190.0,176,3661,15000.0,3.0,pending,Corporate Event,2022-10-24,Wedding,Monastir,Tunisie,3,0.0,0.0,200.0,500.0,Hotel
17773,8267.0,239,4101,25000.0,3.0,cancelled,Wedding,2023-06-08,Corporate,Sidi Bouzid,Tunisie,1,0.0,0.0,200.0,400.0,Venues de mariage privées
14830,6763.0,239,4101,24000.0,20.0,confirmed,Corporate Event,2024-01-03,Wedding,Tunis,Tunisie,5,0.0,0.0,300.0,500.0,Hotel
2830,13103.0,203,1258,15000.0,15.0,pending,Wedding,2023-04-11,Corporate,Ben Arous,Tunisie,4,0.0,0.0,200.0,400.0,Venues de mariage privées
2932,3117.0,239,4101,24000.0,3.0,pending,Corporate Event,2025-03-31,Wedding,Monastir,Tunisie,1,0.0,0.0,200.0,500.0,Hotel
13894,6132.0,203,1417,25000.0,7.0,pending,Corporate Event,2024-03-04,Wedding,Nabeul,Tunisie,3,0.0,0.0,300.0,500.0,Venues de mariage privées
4495,9432.0,203,1417,13000.0,10.0,confirmed,Birthday,2022-05-07,Wedding,Kasserine,Tunisie,2,0.0,0.0,200.0,400.0,Venues de mariage privées
8401,10154.0,176,3661,22000.0,20.0,confirmed,Birthday,2023-06-04,Wedding,Tunis,Tunisie,4,0.0,0.0,300.0,500.0,Hotel
11964,13971.0,176,3661,15000.0,3.0,pending,Wedding,2025-01-10,Wedding,Sidi Bouzid,Tunisie,5,0.0,0.0,200.0,400.0,Venues de mariage privées
3179,10014.0,239,4101,25000.0,0.0,pending,Wedding,2022-09-08,Wedding,Tozeur,Tunisie,2,0.0,0.0,300.0,500.0,Venues de mariage privées
6165,13132.0,202,1983,21000.0,7.0,confirmed,Wedding,2025-09-03,Birthday,Kairouan,Tunisie,2,0.0,0.0,300.0,500.0,Venues de mariage privées
3786,3541.0,249,22215,21000.0,0.0,confirmed,Wedding,2023-01-19,Corporate,Siliana,Tunisie,3,0.0,0.0,200.0,400.0,Venues de mariage privées
10591,7601.0,252,1608,12000.0,14.0,pending,Corporate Event,2024-08-02,Corporate,Nabeul,Tunisie,4,0.0,0.0,300.0,500.0,Venues de mariage privées
16897,6385.0,203,1258,22000.0,0.0,confirmed,Corporate Event,2022-01-24,Birthday,Tozeur,Tunisie,4,0.0,0.0,300.0,500.0,Venues de mariage privées
16986,10161.0,239,4101,12000.0,10.0,cancelled,Wedding,2023-09-09,Birthday,Sfax,Tunisie,5,0.0,0.0,200.0,500.0,Hotel
5498,8077.0,298,962,26000.0,0.0,cancelled,Wedding,2024-04-20,Corporate,Siliana,Tunisie,1,0.0,0.0,200.0,400.0,Venues de mariage privées
13649,6696.0,203,1258,12000.0,5.0,confirmed,Corporate Event,2022-11-29,Corporate,Kairouan,Tunisie,1,0.0,0.0,300.0,500.0,Venues de mariage privées
2748,10365.0,202,1983,26000.0,2.0,confirmed,Wedding,2025-07-12,Wedding,Mahdia,Tunisie,1,0.0,0.0,200.0,400.0,Venues de mariage privées
9841,9732.0,155,66,19000.0,5.0,cancelled,Corporate Event,2024-08-20,Corporate,Gafsa,Tunisie,2,0.0,0.0,100.0,200.0,Hotel
9929,9715.0,203,1258,19000.0,6.0,cancelled,Wedding,2024-04-23,Corporate,Mahdia,Tunisie,3,0.0,0.0,200.0,400.0,Venues de mariage privées
12165,9232.0,155,66,22000.0,7.0,confirmed,Wedding,2023-04-04,Birthday,Kairouan,Tunisie,5,0.0,0.0,300.0,500.0,Venues de mariage privées
11146,13647.0,202,1983,15000.0,5.0,pending,Birthday,2023-06-17,Wedding,Sousse,Tunisie,2,0.0,0.0,300.0,500.0,Venues de mariage privées
7069,3918.0,42,3577,20000.0,5.0,pending,Corporate Event,2025-07-10,Corporate,Kairouan,Tunisie,1,0.0,0.0,300.0,500.0,Venues de mariage privées
4843,3869.0,176,3661,24000.0,7.0,cancelled,Birthday,2025-05-22,Birthday,Kairouan,Tunisie,3,0.0,0.0,300.0,500.0,Venues de mariage privées
12630,8508.0,252,1608,26000.0,7.0,pending,Wedding,2022-05-01,Wedding,Nabeul,Tunisie,4,0.0,0.0,300.0,500.0,Venues de mariage privées
13629,8533.0,239,4101,17000.0,4.0,confirmed,Corporate Event,2023-01-09,Wedding,Zaghouan,Tunisie,1,0.0,0.0,100.0,200.0,Hotel
5297,13498.0,126,4896,23000.0,5.0,pending,Corporate Event,2022-02-23,Corporate,Kairouan,Tunisie,4,0.0,0.0,300.0,500.0,Venues de mariage privées
3670,3959.0,203,1417,26000.0,0.0,cancelled,Wedding,2024-08-10,Birthday,Siliana,Tunisie,1,0.0,0.0,200.0,400.0,Venues de mariage privées
6735,591.0,249,22215,20000.0,0.0,cancelled,Corporate Event,2022-01-29,Birthday,Tozeur,Tunisie,3,0.0,0.0,300.0,500.0,Venues de mariage privées
11243,11714.0,155,66,23000.0,20.0,pending,Corporate Event,2025-03-09,Wedding,Tunis,Tunisie,2,0.0,0.0,300.0,500.0,Hotel
11335,13812.0,252,1608,24000.0,3.0,cancelled,Birthday,2024-06-18,Corporate,Sidi Bouzid,Tunisie,4,0.0,0.0,200.0,400.0,Venues de mariage privées
10514,5460.0,203,1258,19000.0,11.0,pending,Wedding,2022-07-03,Corporate,Ariana,Tunisie,1,0.0,0.0,200.0,400.0,Venues de mariage privées
10232,10198.0,252,1608,25000.0,3.0,cancelled,Birthday,2025-09-23,Wedding,Sidi Bouzid,Tunisie,3,0.0,0.0,200.0,400.0,Venues de mariage privées
13546,8765.0,298,962,17000.0,8.0,confirmed,Wedding,2023-02-27,Wedding,Bizerte,Tunisie,3,0.0,0.0,300.0,500.0,Venues de mariage privées
1374,3292.0,249,22215,21000.0,7.0,confirmed,Wedding,2025-02-14,Wedding,Nabeul,Tunisie,4,0.0,0.0,300.0,500.0,Venues de mariage privées
8986,4537.0,176,3661,20000.0,5.0,confirmed,Corporate Event,2024-12-05,Corporate,Tozeur,Tunisie,3,0.0,0.0,300.0,500.0,Venues de mariage privées
5487,11853.0,239,4101,26000.0,10.0,pending,Birthday,2023-06-04,Corporate,Jendouba,Tunisie,1,0.0,0.0,100.0,200.0,Hotel
13537,3564.0,229,3480,12000.0,20.0,confirmed,Corporate Event,2025-09-27,Wedding,Tunis,Tunisie,1,0.0,0.0,300.0,500.0,Hotel
13993,6063.0,202,1983,21000.0,4.0,pending,Wedding,2023-10-17,Wedding,Kairouan,Tunisie,5,0.0,0.0,300.0,500.0,Venues de mariage privées
8636,626.0,252,1608,12000.0,5.0,pending,Corporate Event,2023-02-15,Corporate,Kairouan,Tunisie,5,0.0,0.0,300.0,500.0,Venues de mariage privées
4921,5226.0,126,4896,26000.0,0.0,pending,Corporate Event,2022-07-14,Wedding,Tozeur,Tunisie,3,0.0,0.0,300.0,500.0,Venues de mariage privées
7798,1518.0,176,3661,22000.0,7.0,cancelled,Birthday,2023-03-28,Birthday,Kairouan,Tunisie,5,0.0,0.0,300.0,500.0,Venues de mariage privées
16201,12525.0,252,1608,22000.0,16.0,cancelled,Corporate Event,2023-01-26,Wedding,Sousse,Tunisie,5,0.0,0.0,300.0,500.0,Venues de mariage privées
2483,12708.0,126,4896,24000.0,15.0,confirmed,Wedding,2024-02-06,Corporate,Ben Arous,Tunisie,5,0.0,0.0,200.0,400.0,Venues de mariage privées
12926,9038.0,155,66,20000.0,7.0,pending,Wedding,2022-02-15,Corporate,Zaghouan,Tunisie,5,0.0,0.0,100.0,200.0,Hotel
7731,3669.0,249,22215,17000.0,5.0,confirmed,Birthday,2024-10-06,Corporate,Gafsa,Tunisie,1,0.0,0.0,100.0,200.0,Hotel
17881,5767.0,252,1608,15000.0,20.0,confirmed,Wedding,2025-05-29,Wedding,Tunis,Tunisie,1,0.0,0.0,300.0,500.0,Hotel
236,3144.0,176,3661,12000.0,10.0,confirmed,Birthday,2025-04-08,Wedding,Kasserine,Tunisie,3,0.0,0.0,200.0,400.0,Venues de mariage privées
657,10434.0,203,1258,15000.0,5.0,confirmed,Birthday,2022-08-23,Corporate,Tozeur,Tunisie,1,0.0,0.0,300.0,500.0,Venues de mariage privées
11593,7192.0,203,1417,24000.0,16.0,pending,Wedding,2022-06-06,Wedding,Manouba,Tunisie,4,0.0,0.0,200.0,400.0,Venues de mariage privées
13063,12628.0,202,1983,20000.0,0.0,cancelled,Wedding,2022-01-27,Wedding,Tozeur,Tunisie,1,0.0,0.0,300.0,500.0,Venues de mariage privées
6420,7803.0,239,4101,12000.0,4.0,pending,Wedding,2022-06-12,Wedding,Zaghouan,Tunisie,1,0.0,0.0,100.0,200.0,Hotel
683,14145.0,202,1983,21000.0,2.0,cancelled,Birthday,2022-02-01,Wedding,Jendouba,Tunisie,4,0.0,0.0,100.0,200.0,Hotel
3658,12870.0,203,1258,12000.0,10.0,confirmed,Wedding,2025-08-23,Wedding,Ariana,Tunisie,5,0.0,0.0,200.0,400.0,Venues de mariage privées
14772,13611.0,42,3577,26000.0,10.0,pending,Birthday,2022-03-08,Birthday,Sfax,Tunisie,3,0.0,0.0,200.0,500.0,Hotel
1772,551.0,252,1608,24000.0,20.0,pending,Birthday,2022-07-20,Wedding,Tunis,Tunisie,3,0.0,0.0,300.0,500.0,Hotel
11293,4371.0,203,1417,24000.0,15.0,cancelled,Corporate Event,2024-01-04,Corporate,Ben Arous,Tunisie,5,0.0,0.0,200.0,400.0,Venues de mariage privées
8386,1061.0,203,1258,12000.0,7.0,cancelled,Birthday,2025-11-18,Corporate,Zaghouan,Tunisie,3,0.0,0.0,100.0,200.0,Hotel
844,2400.0,203,1417,15000.0,2.0,confirmed,Wedding,2025-03-26,Wedding,Mahdia,Tunisie,4,0.0,0.0,200.0,400.0,Venues de mariage privées
53,12077.0,176,3661,13000.0,0.0,confirmed,Birthday,2022-01-27,Birthday,Tozeur,Tunisie,3,0.0,0.0,300.0,500.0,Venues de mariage privées
412,9071.0,155,66,24000.0,0.0,cancelled,Corporate Event,2025-08-08,Birthday,Siliana,Tunisie,2,0.0,0.0,200.0,400.0,Venues de mariage privées
8027,10461.0,42,3577,24000.0,3.0,cancelled,Wedding,2022-07-24,Corporate,Sfax,Tunisie,3,0.0,0.0,200.0,500.0,Hotel
16329,8615.0,203,1258,24000.0,2.0,cancelled,Birthday,2022-11-23,Wedding,Bizerte,Tunisie,4,0.0,0.0,300.0,500.0,Venues de mariage privées
7130,249.0,239,4101,12000.0,5.0,confirmed,Corporate Event,2022-03-03,Corporate,Gafsa,Tunisie,1,0.0,0.0,100.0,200.0,Hotel
11629,9321.0,203,1417,12000.0,8.0,cancelled,Wedding,2022-01-24,Wedding,Bizerte,Tunisie,3,0.0,0.0,300.0,500.0,Venues de mariage privées
11393,1761.0,203,1417,26000.0,0.0,confirmed,Corporate Event,2024-05-01,Birthday,Ariana,Tunisie,2,0.0,0.0,200.0,400.0,Venues de mariage privées
9408,7931.0,239,4101,21000.0,4.0,confirmed,Wedding,2025-06-05,Wedding,Kairouan,Tunisie,3,0.0,0.0,300.0,500.0,Venues de mariage privées
11801,14274.0,126,4896,19000.0,0.0,confirmed,Corporate Event,2024-07-20,Birthday,Mahdia,Tunisie,2,0.0,0.0,200.0,400.0,Venues de mariage privées
5067,8129.0,239,4101,23000.0,0.0,confirmed,Wedding,2022-02-21,Birthday,Sousse,Tunisie,2,0.0,0.0,300.0,500.0,Venues de mariage privées
1512,3366.0,229,3480,21000.0,0.0,confirmed,Corporate Event,2022-04-23,Birthday,Sidi Bouzid,Tunisie,3,0.0,0.0,200.0,400.0,Venues de mariage privées
948,10889.0,203,1258,25000.0,0.0,confirmed,Birthday,2023-07-07,Birthday,Sidi Bouzid,Tunisie,2,0.0,0.0,200.0,400.0,Venues de mariage privées
6475,10466.0,249,22215,24000.0,6.0,cancelled,Corporate Event,2023-01-12,Corporate,Mahdia,Tunisie,2,0.0,0.0,200.0,400.0,Venues de mariage privées
8357,718.0,42,3577,15000.0,0.0,pending,Wedding,2025-03-21,Birthday,Jendouba,Tunisie,4,0.0,0.0,100.0,200.0,Hotel
16315,13151.0,249,22215,12000.0,7.0,pending,Wedding,2023-11-19,Birthday,Tataouine,Tunisie,4,0.0,0.0,100.0,200.0,Hotel
561,13037.0,249,22215,19000.0,0.0,cancelled,Birthday,2023-02-24,Wedding,Tozeur,Tunisie,5,0.0,0.0,300.0,500.0,Venues de mariage privées
9329,13815.0,203,1417,26000.0,2.0,confirmed,Corporate Event,2022-12-31,Wedding,Nabeul,Tunisie,3,0.0,0.0,300.0,500.0,Venues de mariage privées
4741,6556.0,249,22215,21000.0,3.0,cancelled,Birthday,2023-09-25,Corporate,Sfax,Tunisie,2,0.0,0.0,200.0,500.0,Hotel
11863,11709.0,298,962,26000.0,10.0,cancelled,Corporate Event,2025-11-04,Wedding,Kasserine,Tunisie,2,0.0,0.0,200.0,400.0,Venues de mariage privées
2410,2187.0,203,1258,15000.0,9.0,confirmed,Wedding,2025-06-19,Corporate,Kasserine,Tunisie,2,0.0,0.0,200.0,400.0,Venues de mariage privées
7816,10258.0,239,4101,26000.0,13.0,cancelled,Corporate Event,2025-08-10,Corporate,Manouba,Tunisie,4,0.0,0.0,200.0,400.0,Venues de mariage privées
538,6847.0,203,1417,12000.0,18.0,pending,Wedding,2023-05-13,Birthday,Manouba,Tunisie,3,0.0,0.0,200.0,400.0,Venues de mariage privées
8213,5474.0,203,1258,23000.0,16.0,pending,Wedding,2025-01-16,Wedding,Manouba,Tunisie,2,0.0,0.0,200.0,400.0,Venues de mariage privées
17304,4525.0,155,66,20000.0,20.0,pending,Corporate Event,2025-09-29,Wedding,Manouba,Tunisie,5,0.0,0.0,200.0,400.0,Venues de mariage privées
4001,11874.0,298,962,20000.0,18.0,pending,Birthday,2022-09-28,Birthday,Manouba,Tunisie,5,0.0,0.0,200.0,400.0,Venues de mariage privées
10073,14178.0,155,66,26000.0,10.0,confirmed,Corporate Event,2024-07-07,Birthday,Sfax,Tunisie,3,0.0,0.0,200.0,500.0,Hotel
2925,10743.0,249,22215,21000.0,20.0,pending,Wedding,2025-11-09,Wedding,Tunis,Tunisie,2,0.0,0.0,300.0,500.0,Hotel
14220,12292.0,176,3661,17000.0,10.0,pending,Corporate Event,2023-10-27,Birthday,Sfax,Tunisie,4,0.0,0.0,200.0,500.0,Hotel
14176,10983.0,239,4101,22000.0,3.0,cancelled,Wedding,2023-02-27,Wedding,Sidi Bouzid,Tunisie,5,0.0,0.0,200.0,400.0,Venues de mariage privées
15908,12093.0,126,4896,25000.0,0.0,cancelled,Birthday,2024-11-08,Wedding,Gafsa,Tunisie,3,0.0,0.0,100.0,200.0,Hotel
3102,1515.0,239,4101,20000.0,7.0,pending,Birthday,2023-06-15,Wedding,Jendouba,Tunisie,3,0.0,0.0,100.0,200.0,Hotel
8300,3638.0,252,1608,12000.0,0.0,cancelled,Wedding,2024-01-05,Birthday,Kasserine,Tunisie,5,0.0,0.0,200.0,400.0,Venues de mariage privées
12665,4801.0,239,4101,15000.0,14.0,confirmed,Birthday,2023-07-10,Corporate,Nabeul,Tunisie,3,0.0,0.0,300.0,500.0,Venues de mariage privées
11591,6743.0,298,962,23000.0,16.0,pending,Birthday,2023-03-31,Wedding,Siliana,Tunisie,3,0.0,0.0,200.0,400.0,Venues de mariage privées
17896,734.0,155,66,25000.0,0.0,pending,Wedding,2022-11-08,Wedding,Kasserine,Tunisie,5,0.0,0.0,200.0,400.0,Venues de mariage privées
1028,10268.0,252,1608,20000.0,14.0,confirmed,Birthday,2022-09-11,Corporate,Nabeul,Tunisie,4,0.0,0.0,300.0,500.0,Venues de mariage privées
7000,3306.0,126,4896,21000.0,13.0,pending,Wedding,2025-05-02,Corporate,Manouba,Tunisie,1,0.0,0.0,200.0,400.0,Venues de mariage privées
3039,2433.0,176,3661,15000.0,18.0,pending,Corporate Event,2023-07-15,Birthday,Manouba,Tunisie,5,0.0,0.0,200.0,400.0,Venues de mariage privées
16835,301.0,229,3480,20000.0,0.0,confirmed,Birthday,2025-05-28,Wedding,Tozeur,Tunisie,2,0.0,0.0,300.0,500.0,Venues de mariage privées
13477,3859.0,203,1258,13000.0,14.0,confirmed,Wedding,2024-04-04,Corporate,Nabeul,Tunisie,2,0.0,0.0,300.0,500.0,Venues de mariage privées
14307,5774.0,202,1983,20000.0,9.0,cancelled,Wedding,2022-07-21,Corporate,Sousse,Tunisie,5,0.0,0.0,300.0,500.0,Venues de mariage privées
1930,5719.0,298,962,24000.0,0.0,pending,Corporate Event,2025-01-20,Corporate,Siliana,Tunisie,2,0.0,0.0,200.0,400.0,Venues de mariage privées
3064,2612.0,298,962,20000.0,0.0,confirmed,Wedding,2024-05-31,Birthday,Gafsa,Tunisie,3,0.0,0.0,100.0,200.0,Hotel
8583,675.0,202,1983,26000.0,0.0,pending,Corporate Event,2024-03-23,Birthday,Sidi Bouzid,Tunisie,2,0.0,0.0,200.0,400.0,Venues de mariage privées
3217,2788.0,229,3480,17000.0,0.0,pending,Birthday,2023-02-09,Birthday,Kasserine,Tunisie,1,0.0,0.0,200.0,400.0,Venues de mariage privées
10355,4541.0,298,962,25000.0,16.0,cancelled,Birthday,2024-08-12,Wedding,Sousse,Tunisie,3,0.0,0.0,300.0,500.0,Venues de mariage privées
8714,9429.0,176,3661,23000.0,5.0,pending,Wedding,2025-02-10,Corporate,Kairouan,Tunisie,3,0.0,0.0,300.0,500.0,Venues de mariage privées
14491,11920.0,155,66,13000.0,0.0,cancelled,Birthday,2024-03-08,Wedding,Tataouine,Tunisie,5,0.0,0.0,100.0,200.0,Hotel
10143,10141.0,203,1417,23000.0,5.0,cancelled,Birthday,2022-12-11,Wedding,Sousse,Tunisie,1,0.0,0.0,300.0,500.0,Venues de mariage privées
3739,5162.0,202,1983,17000.0,6.0,confirmed,Corporate Event,2023-06-01,Corporate,Bizerte,Tunisie,1,0.0,0.0,300.0,500.0,Venues de mariage privées
12280,1743.0,155,66,12000.0,14.0,pending,Birthday,2024-05-02,Wedding,Ariana,Tunisie,3,0.0,0.0,200.0,400.0,Venues de mariage privées
15405,5964.0,155,66,17000.0,2.0,cancelled,Corporate Event,2024-06-03,Wedding,Siliana,Tunisie,5,0.0,0.0,200.0,400.0,Venues de mariage privées
6838,10367.0,126,4896,17000.0,0.0,pending,Wedding,2025-07-04,Wedding,Tozeur,Tunisie,4,0.0,0.0,300.0,500.0,Venues de mariage privées
12953,1221.0,202,1983,20000.0,10.0,pending,Wedding,2025-02-26,Wedding,Ariana,Tunisie,4,0.0,0.0,200.0,400.0,Venues de mariage privées
7448,14916.0,239,4101,19000.0,9.0,cancelled,Corporate Event,2024-06-10,Corporate,Kasserine,Tunisie,5,0.0,0.0,200.0,400.0,Venues de mariage privées
4293,12652.0,202,1983,23000.0,5.0,confirmed,Birthday,2025-10-28,Wedding,Sousse,Tunisie,5,0.0,0.0,300.0,500.0,Venues de mariage privées
10271,437.0,229,3480,15000.0,14.0,cancelled,Corporate Event,2023-01-17,Corporate,Nabeul,Tunisie,2,0.0,0.0,300.0,500.0,Venues de mariage privées
17146,6175.0,126,4896,22000.0,2.0,cancelled,Birthday,2023-01-14,Birthday,Ben Arous,Tunisie,5,0.0,0.0,200.0,400.0,Venues de mariage privées
8710,13376.0,239,4101,21000.0,4.0,confirmed,Corporate Event,2025-09-09,Wedding,Ben Arous,Tunisie,2,0.0,0.0,200.0,400.0,Venues de mariage privées
11574,7435.0,249,22215,15000.0,20.0,pending,Wedding,2024-08-25,Wedding,Tunis,Tunisie,4,0.0,0.0,300.0,500.0,Hotel
3902,5075.0,252,1608,13000.0,16.0,cancelled,Birthday,2022-07-11,Wedding,Manouba,Tunisie,3,0.0,0.0,200.0,400.0,Venues de mariage privées
14567,2062.0,229,3480,17000.0,11.0,pending,Birthday,2022-08-30,Corporate,Ariana,Tunisie,4,0.0,0.0,200.0,400.0,Venues de mariage privées
1127,4942.0,203,1417,21000.0,16.0,cancelled,Birthday,2023-06-11,Wedding,Monastir,Tunisie,1,0.0,0.0,200.0,500.0,Hotel
9755,752.0,202,1983,20000.0,9.0,pending,Birthday,2022-12-29,Corporate,Kasserine,Tunisie,2,0.0,0.0,200.0,400.0,Venues de mariage privées
9618,4359.0,239,4101,13000.0,0.0,cancelled,Corporate Event,2023-12-07,Birthday,Gafsa,Tunisie,5,0.0,0.0,100.0,200.0,Hotel
14241,2204.0,229,3480,15000.0,4.0,cancelled,Birthday,2025-02-20,Corporate,Tunis,Tunisie,3,0.0,0.0,300.0,500.0,Hotel
9980,6926.0,176,3661,25000.0,8.0,pending,Corporate Event,2025-07-01,Wedding,Zaghouan,Tunisie,2,0.0,0.0,100.0,200.0,Hotel
11318,1297.0,155,66,23000.0,10.0,confirmed,Corporate Event,2024-02-27,Wedding,Ariana,Tunisie,4,0.0,0.0,200.0,400.0,Venues de mariage privées
8263,9619.0,155,66,24000.0,10.0,confirmed,Birthday,2024-11-04,Wedding,Kasserine,Tunisie,1,0.0,0.0,200.0,400.0,Venues de mariage privées
10403,2264.0,252,1608,24000.0,3.0,confirmed,Birthday,2025-01-06,Corporate,Sfax,Tunisie,2,0.0,0.0,200.0,500.0,Hotel
4815,6415.0,203,1417,26000.0,10.0,pending,Birthday,2024-10-04,Birthday,Sfax,Tunisie,1,0.0,0.0,200.0,500.0,Hotel
5847,6347.0,126,4896,23000.0,16.0,confirmed,Birthday,2023-09-13,Wedding,Manouba,Tunisie,2,0.0,0.0,200.0,400.0,Venues de mariage privées
6264,7037.0,42,3577,22000.0,10.0,cancelled,Birthday,2024-05-28,Corporate,Jendouba,Tunisie,4,0.0,0.0,100.0,200.0,Hotel
13491,11888.0,229,3480,12000.0,0.0,cancelled,Corporate Event,2024-10-12,Birthday,Siliana,Tunisie,3,0.0,0.0,200.0,400.0,Venues de mariage privées
5529,9012.0,239,4101,23000.0,5.0,pending,Wedding,2022-07-18,Corporate,Tozeur,Tunisie,1,0.0,0.0,300.0,500.0,Venues de mariage privées
12546,7398.0,239,4101,13000.0,7.0,pending,Wedding,2024-10-09,Corporate,Zaghouan,Tunisie,4,0.0,0.0,100.0,200.0,Hotel
3562,8219.0,42,3577,17000.0,0.0,confirmed,Birthday,2022-01-04,Birthday,Tozeur,Tunisie,3,0.0,0.0,300.0,500.0,Venues de mariage privées
16551,8841.0,203,1417,15000.0,14.0,pending,Corporate Event,2025-01-20,Corporate,Nabeul,Tunisie,5,0.0,0.0,300.0,500.0,Venues de mariage privées
13433,9441.0,249,22215,12000.0,10.0,confirmed,Wedding,2024-10-31,Wedding,Kasserine,Tunisie,5,0.0,0.0,200.0,400.0,Venues de mariage privées
13349,13857.0,155,66,13000.0,4.0,pending,Wedding,2024-08-03,Wedding,Kairouan,Tunisie,2,0.0,0.0,300.0,500.0,Venues de mariage privées
16184,7837.0,239,4101,20000.0,0.0,cancelled,Birthday,2025-02-09,Wedding,Tozeur,Tunisie,1,0.0,0.0,300.0,500.0,Venues de mariage privées
5930,431.0,155,66,26000.0,7.0,pending,Wedding,2025-11-07,Birthday,Kairouan,Tunisie,3,0.0,0.0,300.0,500.0,Venues de mariage privées
14945,14382.0,42,3577,13000.0,8.0,confirmed,Wedding,2025-10-26,Wedding,Zaghouan,Tunisie,4,0.0,0.0,100.0,200.0,Hotel
10045,3428.0,239,4101,25000.0,2.0,cancelled,Corporate Event,2022-07-18,Birthday,Ben Arous,Tunisie,1,0.0,0.0,200.0,400.0,Venues de mariage privées
13635,11467.0,239,4101,22000.0,0.0,confirmed,Corporate Event,2024-02-09,Birthday,Siliana,Tunisie,4,0.0,0.0,200.0,400.0,Venues de mariage privées
4088,10746.0,202,1983,22000.0,2.0,pending,Birthday,2025-10-29,Wedding,Mahdia,Tunisie,5,0.0,0.0,200.0,400.0,Venues de mariage privées
9652,4589.0,249,22215,19000.0,5.0,cancelled,Corporate Event,2025-09-02,Corporate,Tozeur,Tunisie,4,0.0,0.0,300.0,500.0,Venues de mariage privées
17778,87740.0,239,4101,21000.0,3.0,confirmed,Corporate Event,2024-11-20,Wedding,Monastir,Tunisie,3,0.0,0.0,200.0,500.0,Hotel
1660,10582.0,126,4896,20000.0,10.0,confirmed,Corporate Event,2025-06-16,Corporate,Jendouba,Tunisie,3,0.0,0.0,100.0,200.0,Hotel
16819,9340.0,203,1417,12000.0,0.0,confirmed,Corporate Event,2022-11-28,Birthday,Jendouba,Tunisie,4,0.0,0.0,100.0,200.0,Hotel
1448,11601.0,42,3577,19000.0,4.0,confirmed,Birthday,2022-07-19,Corporate,Tunis,Tunisie,4,0.0,0.0,300.0,500.0,Hotel
5374,23250.0,203,1417,23000.0,16.0,pending,Corporate Event,2024-04-15,Wedding,Manouba,Tunisie,2,0.0,0.0,200.0,400.0,Venues de mariage privées
7170,7487.0,239,4101,24000.0,0.0,cancelled,Birthday,2023-06-20,Corporate,Tataouine,Tunisie,2,0.0,0.0,100.0,200.0,Hotel
3437,3170.0,203,1417,26000.0,7.0,cancelled,Corporate Event,2025-11-21,Corporate,Zaghouan,Tunisie,5,0.0,0.0,100.0,200.0,Hotel
5096,14175.0,298,962,23000.0,14.0,confirmed,Birthday,2025-12-09,Corporate,Nabeul,Tunisie,5,0.0,0.0,300.0,500.0,Venues de mariage privées
2793,3039.0,229,3480,22000.0,14.0,confirmed,Wedding,2023-10-18,Wedding,Ariana,Tunisie,1,0.0,0.0,200.0,400.0,Venues de mariage privées
17632,2208.0,249,22215,22000.0,10.0,pending,Birthday,2023-02-13,Birthday,Nabeul,Tunisie,5,0.0,0.0,300.0,500.0,Venues de mariage privées
7283,1515.0,203,1417,12000.0,4.0,confirmed,Corporate Event,2023-10-19,Corporate,Tunis,Tunisie,5,0.0,0.0,300.0,500.0,Hotel
10013,11066.0,155,66,19000.0,10.0,cancelled,Corporate Event,2024-11-01,Birthday,Nabeul,Tunisie,3,0.0,0.0,300.0,500.0,Venues de mariage privées
7214,9267.0,252,1608,25000.0,16.0,confirmed,Wedding,2022-10-20,Wedding,Monastir,Tunisie,5,0.0,0.0,200.0,500.0,Hotel
3687,14340.0,249,22215,24000.0,4.0,pending,Wedding,2022-04-08,Wedding,Zaghouan,Tunisie,3,0.0,0.0,100.0,200.0,Hotel
14719,1106.0,42,3577,22000.0,0.0,pending,Birthday,2025-03-14,Birthday,Ariana,Tunisie,5,0.0,0.0,200.0,400.0,Venues de mariage privées
17112,8485.0,155,66,25000.0,0.0,pending,Corporate Event,2024-08-03,Birthday,Tunis,Tunisie,1,0.0,0.0,300.0,500.0,Hotel
15557,1416.0,249,22215,26000.0,0.0,pending,Corporate Event,2025-12-10,Wedding,Kasserine,Tunisie,3,0.0,0.0,200.0,400.0,Venues de mariage privées
7096,5394.0,252,1608,24000.0,0.0,confirmed,Birthday,2024-05-16,Birthday,Gafsa,Tunisie,2,0.0,0.0,100.0,200.0,Hotel
12553,5772.0,202,1983,19000.0,7.0,pending,Birthday,2025-06-21,Birthday,Kairouan,Tunisie,1,0.0,0.0,300.0,500.0,Venues de mariage privées
17674,2481.0,126,4896,21000.0,3.0,cancelled,Wedding,2023-07-16,Wedding,Monastir,Tunisie,4,0.0,0.0,200.0,500.0,Hotel
8204,14606.0,155,66,23000.0,7.0,confirmed,Birthday,2022-02-22,Wedding,Nabeul,Tunisie,2,0.0,0.0,300.0,500.0,Venues de mariage privées
3283,7794.0,126,4896,13000.0,20.0,confirmed,Birthday,2024-11-24,Wedding,Manouba,Tunisie,3,0.0,0.0,200.0,400.0,Venues de mariage privées
38,8634.0,252,1608,12000.0,2.0,pending,Wedding,2024-01-28,Wedding,Mahdia,Tunisie,1,0.0,0.0,200.0,400.0,Venues de mariage privées
9492,691.0,155,66,19000.0,20.0,confirmed,Wedding,2024-06-05,Wedding,Manouba,Tunisie,5,0.0,0.0,200.0,400.0,Venues de mariage privées
14060,2321.0,155,66,13000.0,0.0,pending,Corporate Event,2025-01-08,Birthday,Jendouba,Tunisie,1,0.0,0.0,100.0,200.0,Hotel
14058,325.0,155,66,20000.0,6.0,cancelled,Wedding,2022-12-20,Corporate,Bizerte,Tunisie,2,0.0,0.0,300.0,500.0,Venues de mariage privées
13293,10760.0,229,3480,24000.0,15.0,pending,Corporate Event,2023-12-03,Corporate,Ben Arous,Tunisie,5,0.0,0.0,200.0,400.0,Venues de mariage privées
1098,11763.0,298,962,24000.0,7.0,confirmed,Birthday,2022-09-21,Corporate,Zaghouan,Tunisie,3,0.0,0.0,100.0,200.0,Hotel
9557,1124.0,155,66,17000.0,16.0,cancelled,Birthday,2022-02-17,Wedding,Manouba,Tunisie,1,0.0,0.0,200.0,400.0,Venues de mariage privées
11011,11935.0,202,1983,26000.0,2.0,pending,Birthday,2022-08-17,Birthday,Monastir,Tunisie,5,0.0,0.0,200.0,500.0,Hotel
8928,2935.0,155,66,22000.0,9.0,cancelled,Corporate Event,2023-10-07,Corporate,Kasserine,Tunisie,1,0.0,0.0,200.0,400.0,Venues de mariage privées
3892,14343.0,203,1417,21000.0,5.0,cancelled,Wedding,2024-01-03,Corporate,Tozeur,Tunisie,5,0.0,0.0,300.0,500.0,Venues de mariage privées
5419,1995.0,229,3480,20000.0,3.0,pending,Birthday,2024-10-22,Corporate,Sfax,Tunisie,4,0.0,0.0,200.0,500.0,Hotel
13447,1060.0,249,22215,20000.0,0.0,cancelled,Birthday,2022-05-19,Birthday,Ariana,Tunisie,5,0.0,0.0,200.0,400.0,Venues de mariage privées
3618,9010.0,298,962,15000.0,2.0,cancelled,Wedding,2023-06-03,Wedding,Mahdia,Tunisie,4,0.0,0.0,200.0,400.0,Venues de mariage privées
772,14478.0,252,1608,12000.0,0.0,pending,Birthday,2025-08-07,Birthday,Sidi Bouzid,Tunisie,3,0.0,0.0,200.0,400.0,Venues de mariage privées
3135,528.0,203,1258,19000.0,0.0,cancelled,Corporate Event,2022-11-11,Birthday,Sidi Bouzid,Tunisie,2,0.0,0.0,200.0,400.0,Venues de mariage privées
17475,1810.0,252,1608,17000.0,0.0,confirmed,Corporate Event,2022-07-10,Wedding,Kasserine,Tunisie,2,0.0,0.0,200.0,400.0,Venues de mariage privées
5542,120440.0,252,1608,22000.0,0.0,confirmed,Corporate Event,2025-06-07,Birthday,Siliana,Tunisie,2,0.0,0.0,200.0,400.0,Venues de mariage privées
10539,7873.0,298,962,20000.0,0.0,pending,Wedding,2024-01-03,Birthday,Ariana,Tunisie,3,0.0,0.0,200.0,400.0,Venues de mariage privées
10330,5247.0,155,66,25000.0,4.0,pending,Corporate Event,2025-01-16,Wedding,Ben Arous,Tunisie,5,0.0,0.0,200.0,400.0,Venues de mariage privées
11265,7667.0,176,3661,21000.0,10.0,confirmed,Corporate Event,2022-08-16,Corporate,Jendouba,Tunisie,5,0.0,0.0,100.0,200.0,Hotel
1097,11652.0,176,3661,21000.0,16.0,pending,Birthday,2022-06-03,Wedding,Manouba,Tunisie,5,0.0,0.0,200.0,400.0,Venues de mariage privées
12907,10037.0,249,22215,24000.0,3.0,pending,Wedding,2025-08-11,Wedding,Sidi Bouzid,Tunisie,3,0.0,0.0,200.0,400.0,Venues de mariage privées
17675,12594.0,176,3661,19000.0,16.0,pending,Birthday,2024-01-17,Wedding,Manouba,Tunisie,3,0.0,0.0,200.0,400.0,Venues de mariage privées
3476,1847.0,203,1417,19000.0,1.0,cancelled,Birthday,2023-05-09,Wedding,Tataouine,Tunisie,1,0.0,0.0,100.0,200.0,Hotel
14049,9852.0,155,66,12000.0,2.0,confirmed,Corporate Event,2022-06-11,Wedding,Jendouba,Tunisie,4,0.0,0.0,100.0,200.0,Hotel
14017,12886.0,229,3480,12000.0,0.0,cancelled,Birthday,2024-10-23,Birthday,Gafsa,Tunisie,3,0.0,0.0,100.0,200.0,Hotel
3167,12119.0,176,3661,20000.0,0.0,confirmed,Birthday,2024-06-16,Birthday,Mahdia,Tunisie,4,0.0,0.0,200.0,400.0,Venues de mariage privées
10235,8991.0,239,4101,21000.0,0.0,confirmed,Wedding,2025-05-18,Birthday,Kasserine,Tunisie,2,0.0,0.0,200.0,400.0,Venues de mariage privées
16141,1979.0,203,1258,17000.0,2.0,cancelled,Corporate Event,2023-09-07,Wedding,Jendouba,Tunisie,4,0.0,0.0,100.0,200.0,Hotel
8830,3851.0,126,4896,24000.0,7.0,cancelled,Corporate Event,2023-11-30,Corporate,Zaghouan,Tunisie,1,0.0,0.0,100.0,200.0,Hotel
8811,10793.0,42,3577,26000.0,0.0,cancelled,Corporate Event,2024-06-06,Birthday,Ariana,Tunisie,1,0.0,0.0,200.0,400.0,Venues de mariage privées
8322,4193.0,155,66,13000.0,7.0,cancelled,Wedding,2022-01-28,Wedding,Nabeul,Tunisie,2,0.0,0.0,300.0,500.0,Venues de mariage privées
5565,4900.0,202,1983,13000.0,2.0,cancelled,Corporate Event,2023-06-06,Wedding,Bizerte,Tunisie,5,0.0,0.0,300.0,500.0,Venues de mariage privées
10041,1481.0,249,22215,26000.0,0.0,cancelled,Wedding,2024-06-25,Birthday,Sidi Bouzid,Tunisie,4,0.0,0.0,200.0,400.0,Venues de mariage privées
16165,8902.0,155,66,17000.0,2.0,pending,Wedding,2022-11-24,Wedding,Jendouba,Tunisie,1,0.0,0.0,100.0,200.0,Hotel
95,5571.0,249,22215,26000.0,3.0,cancelled,Wedding,2024-08-26,Corporate,Sfax,Tunisie,5,0.0,0.0,200.0,500.0,Hotel
1987,2497.0,155,66,23000.0,0.0,pending,Corporate Event,2024-02-16,Wedding,Tozeur,Tunisie,3,0.0,0.0,300.0,500.0,Venues de mariage privées
1925,9516.0,202,1983,15000.0,9.0,confirmed,Corporate Event,2022-10-13,Corporate,Sousse,Tunisie,1,0.0,0.0,300.0,500.0,Venues de mariage privées
8774,10975.0,155,66,13000.0,4.0,cancelled,Birthday,2023-02-08,Wedding,Zaghouan,Tunisie,5,0.0,0.0,100.0,200.0,Hotel
6722,12489.0,203,1417,22000.0,7.0,cancelled,Birthday,2022-02-16,Wedding,Nabeul,Tunisie,5,0.0,0.0,300.0,500.0,Venues de mariage privées
5522,4993.0,202,1983,12000.0,5.0,cancelled,Wedding,2024-06-26,Corporate,Gafsa,Tunisie,4,0.0,0.0,100.0,200.0,Hotel
6074,8723.0,203,1258,21000.0,16.0,confirmed,Wedding,2022-10-15,Wedding,Monastir,Tunisie,2,0.0,0.0,200.0,500.0,Hotel
15729,7341.0,203,1417,21000.0,0.0,confirmed,Wedding,2024-08-11,Birthday,Sidi Bouzid,Tunisie,4,0.0,0.0,200.0,400.0,Venues de mariage privées
5057,3166.0,249,22215,26000.0,2.0,confirmed,Corporate Event,2024-06-30,Wedding,Jendouba,Tunisie,5,0.0,0.0,100.0,200.0,Hotel
5001,11012.0,155,66,12000.0,7.0,cancelled,Corporate Event,2023-11-02,Wedding,Jendouba,Tunisie,4,0.0,0.0,100.0,200.0,Hotel
3923,12794.0,239,4101,26000.0,2.0,confirmed,Birthday,2022-11-18,Wedding,Nabeul,Tunisie,5,0.0,0.0,300.0,500.0,Venues de mariage privées
11722,6638.0,239,4101,15000.0,7.0,confirmed,Birthday,2022-06-30,Wedding,Jendouba,Tunisie,5,0.0,0.0,100.0,200.0,Hotel
12604,2256.0,42,3577,22000.0,2.0,pending,Wedding,2024-01-07,Wedding,Mahdia,Tunisie,1,0.0,0.0,200.0,400.0,Venues de mariage privées
5264,10701.0,252,1608,19000.0,20.0,cancelled,Wedding,2022-03-22,Wedding,Tunis,Tunisie,5,0.0,0.0,300.0,500.0,Hotel
7561,13178.0,203,1258,19000.0,10.0,pending,Birthday,2024-09-21,Wedding,Kasserine,Tunisie,2,0.0,0.0,200.0,400.0,Venues de mariage privées
17147,9640.0,176,3661,19000.0,2.0,pending,Birthday,2025-09-18,Wedding,Sidi Bouzid,Tunisie,3,0.0,0.0,200.0,400.0,Venues de mariage privées
10049,10047.0,249,22215,24000.0,5.0,pending,Corporate Event,2025-10-08,Corporate,Gafsa,Tunisie,5,0.0,0.0,100.0,200.0,Hotel
4128,6352.0,202,1983,25000.0,0.0,cancelled,Wedding,2022-01-10,Wedding,Kasserine,Tunisie,1,0.0,0.0,200.0,400.0,Venues de mariage privées
11860,10689.0,203,1258,15000.0,18.0,cancelled,Corporate Event,2025-04-27,Birthday,Manouba,Tunisie,1,0.0,0.0,200.0,400.0,Venues de mariage privées
6239,7315.0,249,22215,19000.0,3.0,pending,Wedding,2025-05-07,Wedding,Sidi Bouzid,Tunisie,4,0.0,0.0,200.0,400.0,Venues de mariage privées
4812,8467.0,126,4896,22000.0,16.0,confirmed,Wedding,2023-11-27,Wedding,Manouba,Tunisie,5,0.0,0.0,200.0,400.0,Venues de mariage privées
16000,4814.0,126,4896,12000.0,9.0,pending,Birthday,2025-03-15,Corporate,Kasserine,Tunisie,3,0.0,0.0,200.0,400.0,Venues de mariage privées
17292,4962.0,239,4101,13000.0,2.0,cancelled,Corporate Event,2023-06-25,Birthday,Monastir,Tunisie,5,0.0,0.0,200.0,500.0,Hotel
13131,13439.0,203,1258,19000.0,0.0,confirmed,Corporate Event,2023-05-07,Birthday,Tunis,Tunisie,5,0.0,0.0,300.0,500.0,Hotel
5884,4445.0,239,4101,20000.0,9.0,confirmed,Corporate Event,2024-09-26,Corporate,Kasserine,Tunisie,5,0.0,0.0,200.0,400.0,Venues de mariage privées
12877,547.0,229,3480,22000.0,9.0,pending,Birthday,2024-09-15,Corporate,Kasserine,Tunisie,1,0.0,0.0,200.0,400.0,Venues de mariage privées
14662,8956.0,203,1258,20000.0,7.0,cancelled,Wedding,2023-05-06,Wedding,Nabeul,Tunisie,3,0.0,0.0,300.0,500.0,Venues de mariage privées
1962,98610.0,229,3480,24000.0,0.0,pending,Birthday,2025-12-22,Wedding,Tataouine,Tunisie,1,0.0,0.0,100.0,200.0,Hotel
13390,8716.0,203,1417,12000.0,0.0,confirmed,Birthday,2023-05-18,Birthday,Jendouba,Tunisie,5,0.0,0.0,100.0,200.0,Hotel
5385,13272.0,202,1983,17000.0,5.0,confirmed,Corporate Event,2025-07-21,Corporate,Kairouan,Tunisie,3,0.0,0.0,300.0,500.0,Venues de mariage privées
14488,9299.0,252,1608,24000.0,0.0,cancelled,Corporate Event,2023-12-15,Wedding,Tozeur,Tunisie,1,0.0,0.0,300.0,500.0,Venues de mariage privées
3196,10981.0,42,3577,15000.0,3.0,confirmed,Corporate Event,2024-01-18,Corporate,Sfax,Tunisie,1,0.0,0.0,200.0,500.0,Hotel
7389,5386.0,42,3577,12000.0,3.0,pending,Corporate Event,2022-03-26,Corporate,Sfax,Tunisie,5,0.0,0.0,200.0,500.0,Hotel
10561,10509.0,249,22215,20000.0,16.0,confirmed,Wedding,2025-03-31,Wedding,Siliana,Tunisie,5,0.0,0.0,200.0,400.0,Venues de mariage privées
17781,1387.0,239,4101,12000.0,9.0,cancelled,Wedding,2022-01-13,Corporate,Sousse,Tunisie,5,0.0,0.0,300.0,500.0,Venues de mariage privées
4344,6542.0,202,1983,13000.0,2.0,pending,Wedding,2025-07-04,Birthday,Ben Arous,Tunisie,1,0.0,0.0,200.0,400.0,Venues de mariage privées
14053,14356.0,239,4101,21000.0,5.0,pending,Corporate Event,2024-07-25,Wedding,Sousse,Tunisie,3,0.0,0.0,300.0,500.0,Venues de mariage privées
11448,5146.0,239,4101,26000.0,12.0,pending,Birthday,2024-10-26,Corporate,Monastir,Tunisie,5,0.0,0.0,200.0,500.0,Hotel
304,8117.0,203,1417,20000.0,10.0,cancelled,Wedding,2022-12-23,Wedding,Kasserine,Tunisie,1,0.0,0.0,200.0,400.0,Venues de mariage privées
3289,519.0,155,66,24000.0,0.0,cancelled,Wedding,2025-06-27,Wedding,Sfax,Tunisie,4,0.0,0.0,200.0,500.0,Hotel
17759,5839.0,203,1258,23000.0,0.0,pending,Corporate Event,2024-01-10,Birthday,Sidi Bouzid,Tunisie,5,0.0,0.0,200.0,400.0,Venues de mariage privées
3998,3104.0,249,22215,26000.0,11.0,pending,Birthday,2023-09-19,Corporate,Ariana,Tunisie,2,0.0,0.0,200.0,400.0,Venues de mariage privées
15534,4492.0,155,66,19000.0,3.0,confirmed,Birthday,2023-01-29,Corporate,Sfax,Tunisie,3,0.0,0.0,200.0,500.0,Hotel
14955,63830.0,298,962,23000.0,20.0,pending,Birthday,2022-04-26,Wedding,Manouba,Tunisie,5,0.0,0.0,200.0,400.0,Venues de mariage privées
3788,13487.0,203,1417,15000.0,0.0,pending,Birthday,2025-10-30,Wedding,Tozeur,Tunisie,4,0.0,0.0,300.0,500.0,Venues de mariage privées
2466,11324.0,155,66,20000.0,2.0,pending,Birthday,2025-02-03,Wedding,Sidi Bouzid,Tunisie,3,0.0,0.0,200.0,400.0,Venues de mariage privées
16559,4813.0,202,1983,22000.0,2.0,cancelled,Birthday,2025-10-07,Wedding,Nabeul,Tunisie,4,0.0,0.0,300.0,500.0,Venues de mariage privées
207,12213.0,203,1258,15000.0,10.0,pending,Wedding,2025-01-08,Wedding,Gafsa,Tunisie,2,0.0,0.0,100.0,200.0,Hotel
2025,13233.0,203,1417,26000.0,2.0,cancelled,Birthday,2025-08-03,Wedding,Jendouba,Tunisie,1,0.0,0.0,100.0,200.0,Hotel
3128,2542.0,176,3661,22000.0,7.0,confirmed,Wedding,2025-09-28,Wedding,Nabeul,Tunisie,3,0.0,0.0,300.0,500.0,Venues de mariage privées
5743,1348.0,298,962,19000.0,10.0,pending,Corporate Event,2023-10-04,Corporate,Jendouba,Tunisie,2,0.0,0.0,100.0,200.0,Hotel
8257,11612.0,176,3661,12000.0,20.0,pending,Corporate Event,2023-02-17,Wedding,Tunis,Tunisie,3,0.0,0.0,300.0,500.0,Hotel
10394,2478.0,252,1608,19000.0,4.0,cancelled,Wedding,2022-09-24,Corporate,Tunis,Tunisie,2,0.0,0.0,300.0,500.0,Hotel
2252,8901.0,203,1417,23000.0,5.0,cancelled,Birthday,2024-01-31,Corporate,Gafsa,Tunisie,2,0.0,0.0,100.0,200.0,Hotel
7599,4694.0,229,3480,19000.0,0.0,pending,Wedding,2022-11-30,Birthday,Jendouba,Tunisie,2,0.0,0.0,100.0,200.0,Hotel
13968,6238.0,252,1608,13000.0,7.0,cancelled,Corporate Event,2024-10-16,Corporate,Zaghouan,Tunisie,1,0.0,0.0,100.0,200.0,Hotel
15309,720.0,298,962,20000.0,0.0,confirmed,Wedding,2023-11-04,Corporate,Siliana,Tunisie,5,0.0,0.0,200.0,400.0,Venues de mariage privées
12201,9276.0,229,3480,20000.0,5.0,confirmed,Corporate Event,2024-07-28,Corporate,Kairouan,Tunisie,2,0.0,0.0,300.0,500.0,Venues de mariage privées
11767,8188.0,239,4101,15000.0,0.0,cancelled,Corporate Event,2025-06-01,Birthday,Sousse,Tunisie,5,0.0,0.0,300.0,500.0,Venues de mariage privées
15670,13541.0,249,22215,20000.0,20.0,cancelled,Birthday,2025-07-08,Wedding,Tunis,Tunisie,4,0.0,0.0,300.0,500.0,Hotel
1767,9594.0,239,4101,22000.0,14.0,cancelled,Birthday,2025-01-30,Wedding,Ariana,Tunisie,2,0.0,0.0,200.0,400.0,Venues de mariage privées
2775,13824.0,239,4101,15000.0,20.0,cancelled,Birthday,2025-10-15,Wedding,Manouba,Tunisie,1,0.0,0.0,200.0,400.0,Venues de mariage privées
17743,2875.0,202,1983,19000.0,2.0,confirmed,Wedding,2023-10-31,Wedding,Mahdia,Tunisie,3,0.0,0.0,200.0,400.0,Venues de mariage privées
11311,1075.0,249,22215,19000.0,8.0,pending,Corporate Event,2023-10-28,Wedding,Zaghouan,Tunisie,4,0.0,0.0,100.0,200.0,Hotel
1283,899.0,203,1417,13000.0,2.0,pending,Corporate Event,2024-06-05,Wedding,Mahdia,Tunisie,1,0.0,0.0,200.0,400.0,Venues de mariage privées
5207,6165.0,155,66,22000.0,16.0,cancelled,Wedding,2022-04-28,Wedding,Siliana,Tunisie,3,0.0,0.0,200.0,400.0,Venues de mariage privées
12095,11182.0,202,1983,21000.0,5.0,confirmed,Corporate Event,2025-01-22,Corporate,Kairouan,Tunisie,4,0.0,0.0,300.0,500.0,Venues de mariage privées
822,13374.0,203,1258,24000.0,5.0,cancelled,Birthday,2025-08-07,Corporate,Kairouan,Tunisie,2,0.0,0.0,300.0,500.0,Venues de mariage privées
525,4935.0,298,962,20000.0,5.0,confirmed,Corporate Event,2024-08-13,Wedding,Sousse,Tunisie,1,0.0,0.0,300.0,500.0,Venues de mariage privées
1890,779.0,249,22215,26000.0,10.0,cancelled,Corporate Event,2025-09-18,Wedding,Ariana,Tunisie,4,0.0,0.0,200.0,400.0,Venues de mariage privées
1212,5804.0,176,3661,17000.0,2.0,confirmed,Wedding,2023-04-10,Wedding,Mahdia,Tunisie,4,0.0,0.0,200.0,400.0,Venues de mariage privées
6207,10177.0,298,962,22000.0,10.0,cancelled,Birthday,2023-12-19,Birthday,Nabeul,Tunisie,3,0.0,0.0,300.0,500.0,Venues de mariage privées
17563,14863.0,202,1983,21000.0,13.0,confirmed,Wedding,2024-04-26,Corporate,Manouba,Tunisie,2,0.0,0.0,200.0,400.0,Venues de mariage privées
15326,3256.0,249,22215,22000.0,4.0,pending,Corporate Event,2023-11-25,Corporate,Tunis,Tunisie,3,0.0,0.0,300.0,500.0,Hotel
15125,324.0,239,4101,15000.0,0.0,confirmed,Corporate Event,2025-11-05,Birthday,Sidi Bouzid,Tunisie,2,0.0,0.0,200.0,400.0,Venues de mariage privées
13945,6694.0,42,3577,19000.0,7.0,cancelled,Corporate Event,2023-05-01,Wedding,Nabeul,Tunisie,1,0.0,0.0,300.0,500.0,Venues de mariage privées
2138,8657.0,298,962,23000.0,10.0,pending,Wedding,2022-01-11,Corporate,Jendouba,Tunisie,3,0.0,0.0,100.0,200.0,Hotel
6174,14376.0,249,22215,25000.0,2.0,pending,Corporate Event,2023-08-27,Wedding,Mahdia,Tunisie,4,0.0,0.0,200.0,400.0,Venues de mariage privées
3159,1329.0,202,1983,20000.0,0.0,cancelled,Wedding,2023-08-29,Birthday,Jendouba,Tunisie,5,0.0,0.0,100.0,200.0,Hotel
4118,4108.0,202,1983,24000.0,3.0,cancelled,Wedding,2024-05-06,Corporate,Sidi Bouzid,Tunisie,4,0.0,0.0,200.0,400.0,Venues de mariage privées
16237,14902.0,42,3577,24000.0,2.0,cancelled,Corporate Event,2023-04-18,Wedding,Bizerte,Tunisie,2,0.0,0.0,300.0,500.0,Venues de mariage privées
12477,12786.0,298,962,12000.0,0.0,confirmed,Birthday,2023-05-06,Birthday,Tunis,Tunisie,4,0.0,0.0,300.0,500.0,Hotel
7630,13654.0,239,4101,20000.0,6.0,cancelled,Birthday,2025-04-16,Corporate,Mahdia,Tunisie,5,0.0,0.0,200.0,400.0,Venues de mariage privées
13768,12696.0,252,1608,26000.0,20.0,pending,Birthday,2025-12-09,Wedding,Tunis,Tunisie,4,0.0,0.0,300.0,500.0,Hotel
13357,255.0,203,1258,20000.0,5.0,cancelled,Wedding,2023-03-16,Corporate,Gafsa,Tunisie,3,0.0,0.0,100.0,200.0,Hotel
2667,6208.0,42,3577,17000.0,2.0,cancelled,Birthday,2024-12-13,Wedding,Nabeul,Tunisie,2,0.0,0.0,300.0,500.0,Venues de mariage privées
15117,5472.0,239,4101,13000.0,2.0,pending,Birthday,2024-07-27,Wedding,Siliana,Tunisie,2,0.0,0.0,200.0,400.0,Venues de mariage privées
13011,6969.0,176,3661,25000.0,14.0,confirmed,Wedding,2022-04-07,Corporate,Nabeul,Tunisie,1,0.0,0.0,300.0,500.0,Venues de mariage privées
6213,1469.0,155,66,12000.0,0.0,cancelled,Birthday,2024-02-01,Wedding,Tataouine,Tunisie,5,0.0,0.0,100.0,200.0,Hotel
3881,9768.0,202,1983,19000.0,5.0,pending,Wedding,2024-11-04,Corporate,Gafsa,Tunisie,1,0.0,0.0,100.0,200.0,Hotel
14465,12673.0,202,1983,25000.0,16.0,cancelled,Birthday,2025-06-27,Wedding,Sousse,Tunisie,5,0.0,0.0,300.0,500.0,Venues de mariage privées
14880,14531.0,229,3480,25000.0,2.0,cancelled,Wedding,2022-12-25,Wedding,Nabeul,Tunisie,3,0.0,0.0,300.0,500.0,Venues de mariage privées
13008,144010.0,203,1417,23000.0,8.0,confirmed,Corporate Event,2025-04-17,Wedding,Zaghouan,Tunisie,5,0.0,0.0,100.0,200.0,Hotel
13544,13688.0,155,66,19000.0,2.0,cancelled,Corporate Event,2022-05-25,Birthday,Monastir,Tunisie,3,0.0,0.0,200.0,500.0,Hotel
11479,4889.0,155,66,15000.0,0.0,pending,Birthday,2023-08-26,Birthday,Mahdia,Tunisie,1,0.0,0.0,200.0,400.0,Venues de mariage privées
7796,3965.0,202,1983,19000.0,4.0,pending,Birthday,2025-09-09,Wedding,Kairouan,Tunisie,1,0.0,0.0,300.0,500.0,Venues de mariage privées
475,11610.0,239,4101,13000.0,7.0,pending,Birthday,2025-05-22,Birthday,Kairouan,Tunisie,5,0.0,0.0,300.0,500.0,Venues de mariage privées
9109,1534.0,176,3661,23000.0,3.0,pending,Wedding,2024-04-21,Wedding,Monastir,Tunisie,5,0.0,0.0,200.0,500.0,Hotel
16726,375.0,126,4896,13000.0,0.0,cancelled,Birthday,2025-08-30,Birthday,Jendouba,Tunisie,1,0.0,0.0,100.0,200.0,Hotel
5348,14798.0,298,962,25000.0,0.0,confirmed,Wedding,2024-01-31,Birthday,Kasserine,Tunisie,4,0.0,0.0,200.0,400.0,Venues de mariage privées
9363,5361.0,155,66,17000.0,0.0,pending,Birthday,2024-10-05,Wedding,Tozeur,Tunisie,4,0.0,0.0,300.0,500.0,Venues de mariage privées
1467,12647.0,202,1983,19000.0,10.0,confirmed,Wedding,2025-12-15,Birthday,Nabeul,Tunisie,2,0.0,0.0,300.0,500.0,Venues de mariage privées
13269,12207.0,203,1417,20000.0,16.0,confirmed,Corporate Event,2023-09-24,Wedding,Monastir,Tunisie,5,0.0,0.0,200.0,500.0,Hotel
6036,6283.0,252,1608,15000.0,0.0,cancelled,Birthday,2022-08-13,Wedding,Gafsa,Tunisie,1,0.0,0.0,100.0,200.0,Hotel
2507,597.0,126,4896,21000.0,4.0,pending,Birthday,2025-08-07,Wedding,Kairouan,Tunisie,2,0.0,0.0,300.0,500.0,Venues de mariage privées
11008,10469.0,126,4896,24000.0,9.0,confirmed,Corporate Event,2024-02-10,Corporate,Kasserine,Tunisie,1,0.0,0.0,200.0,400.0,Venues de mariage privées
9463,6656.0,202,1983,17000.0,5.0,pending,Wedding,2022-02-19,Corporate,Tozeur,Tunisie,1,0.0,0.0,300.0,500.0,Venues de mariage privées
7916,12464.0,252,1608,21000.0,3.0,cancelled,Birthday,2022-12-29,Corporate,Sidi Bouzid,Tunisie,5,0.0,0.0,200.0,400.0,Venues de mariage privées
11354,8586.0,203,1417,21000.0,1.0,cancelled,Corporate Event,2025-08-24,Wedding,Tataouine,Tunisie,1,0.0,0.0,100.0,200.0,Hotel
9688,6364.0,249,22215,25000.0,0.0,pending,Corporate Event,2022-01-20,Wedding,Sfax,Tunisie,2,0.0,0.0,200.0,500.0,Hotel
14764,14344.0,42,3577,22000.0,2.0,cancelled,Corporate Event,2025-08-23,Wedding,Jendouba,Tunisie,2,0.0,0.0,100.0,200.0,Hotel
3384,9526.0,203,1417,26000.0,0.0,pending,Wedding,2022-11-17,Corporate,Tataouine,Tunisie,5,0.0,0.0,100.0,200.0,Hotel
14940,11766.0,202,1983,25000.0,4.0,cancelled,Birthday,2022-05-16,Birthday,Bizerte,Tunisie,2,0.0,0.0,300.0,500.0,Venues de mariage privées
16888,10252.0,42,3577,23000.0,5.0,confirmed,Wedding,2025-07-11,Corporate,Kairouan,Tunisie,5,0.0,0.0,300.0,500.0,Venues de mariage privées
16801,11346.0,203,1417,15000.0,0.0,pending,Birthday,2023-01-27,Birthday,Sidi Bouzid,Tunisie,2,0.0,0.0,200.0,400.0,Venues de mariage privées
1306,257.0,176,3661,21000.0,7.0,pending,Corporate Event,2024-04-05,Corporate,Zaghouan,Tunisie,2,0.0,0.0,100.0,200.0,Hotel
8540,12971.0,202,1983,17000.0,0.0,cancelled,Birthday,2022-06-28,Wedding,Kasserine,Tunisie,1,0.0,0.0,200.0,400.0,Venues de mariage privées
1441,10249.0,249,22215,24000.0,0.0,confirmed,Corporate Event,2022-04-03,Wedding,Tozeur,Tunisie,2,0.0,0.0,300.0,500.0,Venues de mariage privées
7619,9440.0,252,1608,21000.0,0.0,confirmed,Wedding,2023-01-02,Wedding,Kasserine,Tunisie,4,0.0,0.0,200.0,400.0,Venues de mariage privées
6709,7174.0,203,1258,25000.0,16.0,confirmed,Corporate Event,2022-12-20,Wedding,Ben Arous,Tunisie,5,0.0,0.0,200.0,400.0,Venues de mariage privées
651,13321.0,203,1258,24000.0,16.0,cancelled,Birthday,2022-01-26,Wedding,Manouba,Tunisie,1,0.0,0.0,200.0,400.0,Venues de mariage privées
743,10602.0,229,3480,17000.0,7.0,cancelled,Corporate Event,2024-05-30,Birthday,Kairouan,Tunisie,1,0.0,0.0,300.0,500.0,Venues de mariage privées
1298,8975.0,42,3577,24000.0,0.0,cancelled,Birthday,2025-12-03,Birthday,Siliana,Tunisie,5,0.0,0.0,200.0,400.0,Venues de mariage privées
10115,14222.0,252,1608,17000.0,2.0,cancelled,Corporate Event,2022-10-13,Birthday,Ben Arous,Tunisie,2,0.0,0.0,200.0,400.0,Venues de mariage privées
17478,5512.0,203,1258,23000.0,2.0,cancelled,Wedding,2024-12-21,Wedding,Sidi Bouzid,Tunisie,3,0.0,0.0,200.0,400.0,Venues de mariage privées
2218,12140.0,155,66,25000.0,16.0,pending,Wedding,2023-09-08,Wedding,Monastir,Tunisie,5,0.0,0.0,200.0,500.0,Hotel
2023,1472.0,203,1417,20000.0,0.0,confirmed,Corporate Event,2023-04-01,Birthday,Kasserine,Tunisie,2,0.0,0.0,200.0,400.0,Venues de mariage privées
3514,11298.0,249,22215,20000.0,8.0,confirmed,Corporate Event,2023-02-02,Wedding,Bizerte,Tunisie,3,0.0,0.0,300.0,500.0,Venues de mariage privées
14622,8429.0,229,3480,25000.0,0.0,cancelled,Corporate Event,2024-02-21,Birthday,Gafsa,Tunisie,5,0.0,0.0,100.0,200.0,Hotel
12698,11371.0,229,3480,23000.0,16.0,confirmed,Birthday,2024-03-10,Wedding,Sfax,Tunisie,3,0.0,0.0,200.0,500.0,Hotel
10900,6935.0,203,1258,23000.0,0.0,cancelled,Wedding,2022-08-16,Wedding,Kasserine,Tunisie,5,0.0,0.0,200.0,400.0,Venues de mariage privées
12744,8032.0,252,1608,26000.0,10.0,pending,Birthday,2023-10-24,Wedding,Ariana,Tunisie,3,0.0,0.0,200.0,400.0,Venues de mariage privées
15595,9321.0,155,66,24000.0,2.0,cancelled,Corporate Event,2023-05-27,Wedding,Jendouba,Tunisie,5,0.0,0.0,100.0,200.0,Hotel
1548,2939.0,202,1983,23000.0,6.0,confirmed,Wedding,2023-08-07,Corporate,Bizerte,Tunisie,2,0.0,0.0,300.0,500.0,Venues de mariage privées
1566,12591.0,229,3480,13000.0,2.0,confirmed,Corporate Event,2025-10-17,Wedding,Siliana,Tunisie,2,0.0,0.0,200.0,400.0,Venues de mariage privées
10840,9030.0,249,22215,24000.0,14.0,confirmed,Birthday,2023-03-24,Wedding,Ariana,Tunisie,1,0.0,0.0,200.0,400.0,Venues de mariage privées
9630,12485.0,203,1417,24000.0,11.0,pending,Wedding,2025-12-21,Corporate,Ariana,Tunisie,4,0.0,0.0,200.0,400.0,Venues de mariage privées
3612,9577.0,252,1608,12000.0,10.0,pending,Wedding,2023-09-16,Birthday,Nabeul,Tunisie,1,0.0,0.0,300.0,500.0,Venues de mariage privées
1594,7116.0,155,66,23000.0,20.0,cancelled,Corporate Event,2024-02-04,Wedding,Manouba,Tunisie,4,0.0,0.0,200.0,400.0,Venues de mariage privées
16746,25560.0,203,1258,25000.0,6.0,cancelled,Wedding,2024-01-17,Corporate,Bizerte,Tunisie,1,0.0,0.0,300.0,500.0,Venues de mariage privées
16023,554.0,298,962,13000.0,20.0,confirmed,Birthday,2022-01-06,Wedding,Tunis,Tunisie,1,0.0,0.0,300.0,500.0,Hotel
8221,4304.0,202,1983,19000.0,0.0,pending,Corporate Event,2023-10-15,Birthday,Tunis,Tunisie,1,0.0,0.0,300.0,500.0,Hotel
12818,10057.0,176,3661,19000.0,0.0,confirmed,Corporate Event,2023-11-06,Birthday,Tunis,Tunisie,3,0.0,0.0,300.0,500.0,Hotel
4116,14205.0,203,1417,19000.0,2.0,pending,Birthday,2023-11-01,Wedding,Jendouba,Tunisie,5,0.0,0.0,100.0,200.0,Hotel
1631,13287.0,42,3577,25000.0,0.0,confirmed,Corporate Event,2023-02-08,Wedding,Gafsa,Tunisie,4,0.0,0.0,100.0,200.0,Hotel
15658,358.0,203,1258,15000.0,14.0,pending,Birthday,2024-08-03,Wedding,Ariana,Tunisie,1,0.0,0.0,200.0,400.0,Venues de mariage privées
3360,10309.0,298,962,15000.0,20.0,confirmed,Corporate Event,2022-12-22,Wedding,Manouba,Tunisie,2,0.0,0.0,200.0,400.0,Venues de mariage privées
7201,10282.0,155,66,22000.0,7.0,pending,Wedding,2025-03-18,Wedding,Nabeul,Tunisie,1,0.0,0.0,300.0,500.0,Venues de mariage privées
438,13485.0,252,1608,12000.0,2.0,confirmed,Birthday,2025-05-04,Wedding,Jendouba,Tunisie,4,0.0,0.0,100.0,200.0,Hotel
12075,4374.0,239,4101,17000.0,10.0,cancelled,Corporate Event,2024-07-31,Wedding,Gafsa,Tunisie,5,0.0,0.0,100.0,200.0,Hotel
3418,3678.0,229,3480,15000.0,5.0,pending,Wedding,2025-11-09,Wedding,Sousse,Tunisie,2,0.0,0.0,300.0,500.0,Venues de mariage privées
16599,8240.0,155,66,24000.0,18.0,pending,Wedding,2022-09-02,Birthday,Manouba,Tunisie,2,0.0,0.0,200.0,400.0,Venues de mariage privées
17978,7130.0,126,4896,13000.0,0.0,confirmed,Corporate Event,2025-09-12,Birthday,Sousse,Tunisie,1,0.0,0.0,300.0,500.0,Venues de mariage privées
13403,920.0,155,66,21000.0,0.0,confirmed,Corporate Event,2024-09-26,Birthday,Sidi Bouzid,Tunisie,2,0.0,0.0,200.0,400.0,Venues de mariage privées
10837,13347.0,176,3661,13000.0,8.0,cancelled,Corporate Event,2022-06-18,Wedding,Zaghouan,Tunisie,1,0.0,0.0,100.0,200.0,Hotel
1469,13574.0,229,3480,21000.0,16.0,pending,Corporate Event,2024-05-28,Wedding,Monastir,Tunisie,1,0.0,0.0,200.0,500.0,Hotel
13373,6701.0,202,1983,12000.0,16.0,cancelled,Birthday,2022-11-02,Wedding,Sousse,Tunisie,3,0.0,0.0,300.0,500.0,Venues de mariage privées
10600,13988.0,203,1417,17000.0,5.0,confirmed,Corporate Event,2023-10-14,Corporate,Kairouan,Tunisie,3,0.0,0.0,300.0,500.0,Venues de mariage privées
8850,8341.0,298,962,20000.0,14.0,confirmed,Wedding,2022-09-10,Wedding,Ariana,Tunisie,5,0.0,0.0,200.0,400.0,Venues de mariage privées
7774,1366.0,298,962,24000.0,16.0,cancelled,Birthday,2022-10-26,Wedding,Monastir,Tunisie,4,0.0,0.0,200.0,500.0,Hotel
10995,9230.0,239,4101,26000.0,5.0,confirmed,Corporate Event,2024-01-17,Corporate,Tozeur,Tunisie,3,0.0,0.0,300.0,500.0,Venues de mariage privées
9108,1560.0,239,4101,26000.0,4.0,pending,Wedding,2022-05-19,Birthday,Bizerte,Tunisie,5,0.0,0.0,300.0,500.0,Venues de mariage privées
8844,13936.0,252,1608,23000.0,2.0,confirmed,Corporate Event,2024-11-08,Wedding,Bizerte,Tunisie,1,0.0,0.0,300.0,500.0,Venues de mariage privées
11301,710.0,155,66,19000.0,16.0,pending,Corporate Event,2024-12-31,Wedding,Siliana,Tunisie,2,0.0,0.0,200.0,400.0,Venues de mariage privées
7675,1519.0,202,1983,25000.0,10.0,confirmed,Birthday,2022-01-30,Birthday,Sfax,Tunisie,3,0.0,0.0,200.0,500.0,Hotel
5945,11828.0,176,3661,19000.0,3.0,pending,Birthday,2023-07-25,Corporate,Sidi Bouzid,Tunisie,2,0.0,0.0,200.0,400.0,Venues de mariage privées
9842,4284.0,239,4101,19000.0,0.0,cancelled,Corporate Event,2022-08-10,Birthday,Sidi Bouzid,Tunisie,1,0.0,0.0,200.0,400.0,Venues de mariage privées
6742,5399.0,203,1417,20000.0,1.0,cancelled,Wedding,2023-12-05,Wedding,Tataouine,Tunisie,1,0.0,0.0,100.0,200.0,Hotel
2316,2865.0,252,1608,17000.0,4.0,pending,Birthday,2024-05-19,Wedding,Zaghouan,Tunisie,3,0.0,0.0,100.0,200.0,Hotel
17337,6023.0,42,3577,25000.0,2.0,confirmed,Wedding,2022-02-12,Wedding,Mahdia,Tunisie,1,0.0,0.0,200.0,400.0,Venues de mariage privées
7140,780.0,298,962,25000.0,7.0,confirmed,Corporate Event,2025-01-20,Wedding,Nabeul,Tunisie,3,0.0,0.0,300.0,500.0,Venues de mariage privées
6785,4280.0,298,962,12000.0,6.0,pending,Corporate Event,2025-04-01,Corporate,Bizerte,Tunisie,1,0.0,0.0,300.0,500.0,Venues de mariage privées
16887,9367.0,203,1417,24000.0,16.0,pending,Wedding,2023-01-25,Wedding,Sousse,Tunisie,3,0.0,0.0,300.0,500.0,Venues de mariage privées
12260,14125.0,239,4101,24000.0,16.0,pending,Wedding,2023-06-14,Wedding,Sousse,Tunisie,4,0.0,0.0,300.0,500.0,Venues de mariage privées
17825,8696.0,126,4896,12000.0,20.0,pending,Corporate Event,2024-11-10,Wedding,Tunis,Tunisie,1,0.0,0.0,300.0,500.0,Hotel
7020,6189.0,126,4896,23000.0,20.0,cancelled,Birthday,2022-06-28,Wedding,Tunis,Tunisie,2,0.0,0.0,300.0,500.0,Hotel
17106,8190.0,203,1417,20000.0,5.0,cancelled,Corporate Event,2025-11-07,Corporate,Gafsa,Tunisie,3,0.0,0.0,100.0,200.0,Hotel
2939,6997.0,203,1417,24000.0,3.0,confirmed,Birthday,2023-12-03,Corporate,Sfax,Tunisie,2,0.0,0.0,200.0,500.0,Hotel
2568,11818.0,252,1608,19000.0,7.0,confirmed,Wedding,2025-10-29,Wedding,Jendouba,Tunisie,4,0.0,0.0,100.0,200.0,Hotel
15907,10769.0,229,3480,23000.0,9.0,cancelled,Birthday,2022-06-11,Corporate,Kasserine,Tunisie,4,0.0,0.0,200.0,400.0,Venues de mariage privées
779,7601.0,229,3480,26000.0,0.0,pending,Corporate Event,2022-01-20,Birthday,Sidi Bouzid,Tunisie,5,0.0,0.0,200.0,400.0,Venues de mariage privées
8529,2541.0,249,22215,12000.0,2.0,pending,Birthday,2025-08-22,Wedding,Mahdia,Tunisie,2,0.0,0.0,200.0,400.0,Venues de mariage privées
17319,14539.0,203,1417,20000.0,0.0,confirmed,Wedding,2024-03-06,Birthday,Jendouba,Tunisie,1,0.0,0.0,100.0,200.0,Hotel
817,10944.0,202,1983,24000.0,2.0,pending,Corporate Event,2023-02-20,Wedding,Bizerte,Tunisie,5,0.0,0.0,300.0,500.0,Venues de mariage privées
7285,5929.0,126,4896,25000.0,8.0,cancelled,Corporate Event,2023-12-29,Wedding,Zaghouan,Tunisie,2,0.0,0.0,100.0,200.0,Hotel
5092,14551.0,249,22215,15000.0,3.0,confirmed,Wedding,2025-08-28,Corporate,Sidi Bouzid,Tunisie,5,0.0,0.0,200.0,400.0,Venues de mariage privées
9149,2378.0,42,3577,24000.0,0.0,confirmed,Wedding,2024-09-28,Birthday,Jendouba,Tunisie,2,0.0,0.0,100.0,200.0,Hotel
15026,5104.0,155,66,22000.0,16.0,cancelled,Birthday,2022-01-13,Wedding,Sousse,Tunisie,1,0.0,0.0,300.0,500.0,Venues de mariage privées
7865,8600.0,252,1608,12000.0,0.0,pending,Corporate Event,2022-06-04,Birthday,Sidi Bouzid,Tunisie,1,0.0,0.0,200.0,400.0,Venues de mariage privées
13146,11977.0,252,1608,15000.0,20.0,cancelled,Corporate Event,2023-08-16,Wedding,Tunis,Tunisie,3,0.0,0.0,300.0,500.0,Hotel
3225,1429.0,126,4896,17000.0,8.0,cancelled,Corporate Event,2025-11-09,Wedding,Zaghouan,Tunisie,4,0.0,0.0,100.0,200.0,Hotel
10931,14862.0,249,22215,21000.0,0.0,pending,Corporate Event,2025-10-05,Wedding,Gafsa,Tunisie,2,0.0,0.0,100.0,200.0,Hotel
7209,5789.0,42,3577,21000.0,12.0,confirmed,Birthday,2025-08-07,Corporate,Monastir,Tunisie,2,0.0,0.0,200.0,500.0,Hotel
11978,10773.0,249,22215,15000.0,7.0,confirmed,Birthday,2022-09-28,Wedding,Jendouba,Tunisie,5,0.0,0.0,100.0,200.0,Hotel
14221,7224.0,203,1258,20000.0,2.0,confirmed,Wedding,2023-11-16,Wedding,Mahdia,Tunisie,5,0.0,0.0,200.0,400.0,Venues de mariage privées
17630,2673.0,202,1983,25000.0,3.0,pending,Wedding,2022-09-24,Birthday,Zaghouan,Tunisie,4,0.0,0.0,100.0,200.0,Hotel
11919,93440.0,202,1983,13000.0,9.0,cancelled,Wedding,2024-09-11,Corporate,Kasserine,Tunisie,5,0.0,0.0,200.0,400.0,Venues de mariage privées
6618,5362.0,202,1983,12000.0,10.0,cancelled,Birthday,2024-12-19,Corporate,Jendouba,Tunisie,2,0.0,0.0,100.0,200.0,Hotel
17614,11557.0,42,3577,23000.0,14.0,cancelled,Wedding,2023-05-04,Wedding,Ariana,Tunisie,1,0.0,0.0,200.0,400.0,Venues de mariage privées
3740,8697.0,126,4896,24000.0,20.0,confirmed,Birthday,2024-03-27,Wedding,Tunis,Tunisie,5,0.0,0.0,300.0,500.0,Hotel
12177,11880.0,252,1608,20000.0,20.0,pending,Wedding,2022-04-10,Wedding,Tunis,Tunisie,5,0.0,0.0,300.0,500.0,Hotel
17725,6862.0,249,22215,22000.0,1.0,confirmed,Corporate Event,2022-11-17,Wedding,Tataouine,Tunisie,3,0.0,0.0,100.0,200.0,Hotel
12809,586.0,155,66,17000.0,3.0,confirmed,Corporate Event,2022-03-14,Birthday,Zaghouan,Tunisie,4,0.0,0.0,100.0,200.0,Hotel
10989,9319.0,203,1258,26000.0,4.0,confirmed,Wedding,2025-07-23,Wedding,Ben Arous,Tunisie,3,0.0,0.0,200.0,400.0,Venues de mariage privées
5216,9332.0,203,1417,23000.0,2.0,confirmed,Corporate Event,2022-09-05,Wedding,Bizerte,Tunisie,1,0.0,0.0,300.0,500.0,Venues de mariage privées
15916,119750.0,298,962,22000.0,8.0,pending,Birthday,2024-01-16,Wedding,Bizerte,Tunisie,5,0.0,0.0,300.0,500.0,Venues de mariage privées
2058,13636.0,239,4101,15000.0,8.0,pending,Wedding,2023-12-21,Wedding,Zaghouan,Tunisie,5,0.0,0.0,100.0,200.0,Hotel
3468,2088.0,203,1417,21000.0,2.0,pending,Birthday,2022-01-11,Birthday,Ben Arous,Tunisie,4,0.0,0.0,200.0,400.0,Venues de mariage privées
5509,8330.0,202,1983,24000.0,20.0,cancelled,Wedding,2022-08-14,Wedding,Tunis,Tunisie,3,0.0,0.0,300.0,500.0,Hotel
4123,1077.0,176,3661,26000.0,0.0,pending,Corporate Event,2022-01-20,Birthday,Tunis,Tunisie,4,0.0,0.0,300.0,500.0,Hotel
7797,2297.0,155,66,17000.0,0.0,cancelled,Corporate Event,2023-09-19,Birthday,Sousse,Tunisie,2,0.0,0.0,300.0,500.0,Venues de mariage privées
11071,12581.0,239,4101,20000.0,6.0,cancelled,Corporate Event,2022-06-23,Corporate,Bizerte,Tunisie,3,0.0,0.0,300.0,500.0,Venues de mariage privées
7206,4220.0,203,1417,12000.0,0.0,confirmed,Corporate Event,2024-05-06,Birthday,Sousse,Tunisie,5,0.0,0.0,300.0,500.0,Venues de mariage privées
6004,5759.0,202,1983,12000.0,16.0,cancelled,Birthday,2025-10-31,Wedding,Sfax,Tunisie,1,0.0,0.0,200.0,500.0,Hotel
15800,1222.0,176,3661,20000.0,0.0,confirmed,Corporate Event,2023-02-28,Wedding,Tozeur,Tunisie,1,0.0,0.0,300.0,500.0,Venues de mariage privées
3691,342.0,202,1983,17000.0,3.0,cancelled,Birthday,2025-02-10,Corporate,Sfax,Tunisie,5,0.0,0.0,200.0,500.0,Hotel
13763,9814.0,298,962,19000.0,2.0,confirmed,Wedding,2023-10-28,Wedding,Jendouba,Tunisie,3,0.0,0.0,100.0,200.0,Hotel
16980,3032.0,239,4101,21000.0,3.0,pending,Wedding,2023-02-10,Corporate,Sidi Bouzid,Tunisie,3,0.0,0.0,200.0,400.0,Venues de mariage privées
2951,7254.0,203,1258,20000.0,20.0,pending,Wedding,2025-07-12,Wedding,Tunis,Tunisie,3,0.0,0.0,300.0,500.0,Hotel
9348,1383.0,155,66,23000.0,2.0,confirmed,Birthday,2023-01-15,Wedding,Nabeul,Tunisie,2,0.0,0.0,300.0,500.0,Venues de mariage privées
16008,13393.0,239,4101,17000.0,10.0,confirmed,Birthday,2025-01-08,Wedding,Gafsa,Tunisie,4,0.0,0.0,100.0,200.0,Hotel
9343,12126.0,249,22215,20000.0,3.0,confirmed,Birthday,2023-11-22,Birthday,Zaghouan,Tunisie,1,0.0,0.0,100.0,200.0,Hotel
9518,12620.0,203,1417,15000.0,14.0,cancelled,Corporate Event,2023-04-30,Corporate,Nabeul,Tunisie,5,0.0,0.0,300.0,500.0,Venues de mariage privées
4226,9477.0,202,1983,13000.0,20.0,confirmed,Birthday,2023-09-22,Wedding,Tunis,Tunisie,3,0.0,0.0,300.0,500.0,Hotel
4789,11685.0,42,3577,22000.0,0.0,pending,Birthday,2024-10-19,Corporate,Siliana,Tunisie,1,0.0,0.0,200.0,400.0,Venues de mariage privées
6135,14801.0,203,1417,26000.0,18.0,pending,Corporate Event,2024-07-24,Birthday,Manouba,Tunisie,1,0.0,0.0,200.0,400.0,Venues de mariage privées
17758,7661.0,249,22215,19000.0,0.0,pending,Corporate Event,2023-09-19,Birthday,Ariana,Tunisie,3,0.0,0.0,200.0,400.0,Venues de mariage privées
290,12644.0,239,4101,12000.0,7.0,confirmed,Birthday,2024-03-11,Birthday,Kairouan,Tunisie,4,0.0,0.0,300.0,500.0,Venues de mariage privées
10739,3347.0,249,22215,24000.0,4.0,cancelled,Birthday,2024-06-29,Wedding,Kairouan,Tunisie,1,0.0,0.0,300.0,500.0,Venues de mariage privées
2057,6007.0,42,3577,20000.0,2.0,confirmed,Corporate Event,2022-12-13,Wedding,Mahdia,Tunisie,1,0.0,0.0,200.0,400.0,Venues de mariage privées
15287,5599.0,249,22215,23000.0,7.0,confirmed,Wedding,2022-06-06,Wedding,Nabeul,Tunisie,4,0.0,0.0,300.0,500.0,Venues de mariage privées
12661,14653.0,176,3661,19000.0,20.0,confirmed,Corporate Event,2024-01-12,Wedding,Tunis,Tunisie,2,0.0,0.0,300.0,500.0,Hotel
10280,3744.0,202,1983,19000.0,4.0,pending,Corporate Event,2024-08-22,Wedding,Zaghouan,Tunisie,5,0.0,0.0,100.0,200.0,Hotel
8858,440.0,229,3480,21000.0,7.0,confirmed,Corporate Event,2025-12-07,Wedding,Jendouba,Tunisie,5,0.0,0.0,100.0,200.0,Hotel
6281,3807.0,249,22215,19000.0,7.0,confirmed,Birthday,2022-01-06,Corporate,Zaghouan,Tunisie,2,0.0,0.0,100.0,200.0,Hotel
13816,37730.0,155,66,24000.0,16.0,pending,Corporate Event,2025-02-07,Wedding,Manouba,Tunisie,2,0.0,0.0,200.0,400.0,Venues de mariage privées
5284,13510.0,298,962,22000.0,0.0,cancelled,Birthday,2024-03-30,Birthday,Kasserine,Tunisie,2,0.0,0.0,200.0,400.0,Venues de mariage privées
2015,14715.0,239,4101,24000.0,0.0,cancelled,Birthday,2023-03-08,Birthday,Siliana,Tunisie,5,0.0,0.0,200.0,400.0,Venues de mariage privées
16565,10241.0,252,1608,23000.0,0.0,pending,Birthday,2025-05-31,Birthday,Siliana,Tunisie,2,0.0,0.0,200.0,400.0,Venues de mariage privées
7054,9667.0,229,3480,26000.0,16.0,pending,Wedding,2025-09-18,Wedding,Manouba,Tunisie,5,0.0,0.0,200.0,400.0,Venues de mariage privées
12276,13472.0,202,1983,12000.0,2.0,confirmed,Corporate Event,2022-08-07,Wedding,Jendouba,Tunisie,2,0.0,0.0,100.0,200.0,Hotel
9264,4090.0,298,962,20000.0,0.0,cancelled,Birthday,2025-04-05,Wedding,Tozeur,Tunisie,1,0.0,0.0,300.0,500.0,Venues de mariage privées
14295,10294.0,203,1258,20000.0,0.0,confirmed,Wedding,2023-04-17,Birthday,Sousse,Tunisie,4,0.0,0.0,300.0,500.0,Venues de mariage privées
11542,13330.0,176,3661,19000.0,0.0,pending,Birthday,2022-06-02,Wedding,Tozeur,Tunisie,5,0.0,0.0,300.0,500.0,Venues de mariage privées
5661,9825.0,249,22215,25000.0,4.0,pending,Birthday,2022-08-16,Wedding,Kairouan,Tunisie,1,0.0,0.0,300.0,500.0,Venues de mariage privées
9813,3896.0,202,1983,12000.0,2.0,pending,Wedding,2025-06-27,Birthday,Monastir,Tunisie,5,0.0,0.0,200.0,500.0,Hotel
860,736.0,155,66,15000.0,2.0,confirmed,Wedding,2022-10-27,Wedding,Sidi Bouzid,Tunisie,1,0.0,0.0,200.0,400.0,Venues de mariage privées
9210,14401.0,42,3577,17000.0,10.0,cancelled,Wedding,2023-10-07,Corporate,Jendouba,Tunisie,1,0.0,0.0,100.0,200.0,Hotel
9908,12443.0,239,4101,19000.0,10.0,pending,Corporate Event,2023-11-17,Wedding,Ariana,Tunisie,4,0.0,0.0,200.0,400.0,Venues de mariage privées
5933,331.0,203,1417,17000.0,10.0,pending,Birthday,2024-03-02,Wedding,Kasserine,Tunisie,1,0.0,0.0,200.0,400.0,Venues de mariage privées
4682,3380.0,249,22215,24000.0,9.0,confirmed,Wedding,2023-05-05,Wedding,Kairouan,Tunisie,1,0.0,0.0,300.0,500.0,Venues de mariage privées
13691,13423.0,203,1417,19000.0,13.0,confirmed,Wedding,2025-08-19,Corporate,Manouba,Tunisie,3,0.0,0.0,200.0,400.0,Venues de mariage privées
7270,9419.0,239,4101,25000.0,2.0,pending,Corporate Event,2023-11-29,Wedding,Mahdia,Tunisie,2,0.0,0.0,200.0,400.0,Venues de mariage privées
1477,12655.0,203,1258,15000.0,3.0,pending,Wedding,2025-12-08,Wedding,Sidi Bouzid,Tunisie,5,0.0,0.0,200.0,400.0,Venues de mariage privées
14349,12162.0,203,1258,15000.0,16.0,pending,Wedding,2022-08-27,Wedding,Ben Arous,Tunisie,3,0.0,0.0,200.0,400.0,Venues de mariage privées
1149,10358.0,298,962,17000.0,0.0,cancelled,Corporate Event,2025-07-04,Birthday,Gafsa,Tunisie,2,0.0,0.0,100.0,200.0,Hotel
1919,12055.0,298,962,22000.0,0.0,pending,Corporate Event,2024-01-14,Wedding,Tozeur,Tunisie,4,0.0,0.0,300.0,500.0,Venues de mariage privées
13509,8594.0,203,1417,26000.0,2.0,pending,Wedding,2023-04-29,Wedding,Siliana,Tunisie,2,0.0,0.0,200.0,400.0,Venues de mariage privées
10740,7305.0,229,3480,22000.0,4.0,pending,Corporate Event,2023-06-08,Wedding,Kairouan,Tunisie,2,0.0,0.0,300.0,500.0,Venues de mariage privées
4541,5856.0,229,3480,25000.0,0.0,cancelled,Corporate Event,2025-03-05,Wedding,Sfax,Tunisie,5,0.0,0.0,200.0,500.0,Hotel
7926,3241.0,176,3661,24000.0,10.0,confirmed,Wedding,2023-10-20,Birthday,Nabeul,Tunisie,1,0.0,0.0,300.0,500.0,Venues de mariage privées
10531,143860.0,249,22215,15000.0,0.0,confirmed,Wedding,2024-02-11,Birthday,Sidi Bouzid,Tunisie,2,0.0,0.0,200.0,400.0,Venues de mariage privées
3954,8511.0,298,962,12000.0,2.0,confirmed,Corporate Event,2023-06-27,Wedding,Mahdia,Tunisie,4,0.0,0.0,200.0,400.0,Venues de mariage privées
13107,9498.0,298,962,24000.0,2.0,cancelled,Corporate Event,2022-01-22,Wedding,Siliana,Tunisie,5,0.0,0.0,200.0,400.0,Venues de mariage privées
5539,1393.0,126,4896,13000.0,7.0,confirmed,Birthday,2022-10-13,Birthday,Kairouan,Tunisie,3,0.0,0.0,300.0,500.0,Venues de mariage privées
12491,4395.0,203,1258,24000.0,0.0,cancelled,Corporate Event,2022-04-27,Wedding,Kasserine,Tunisie,2,0.0,0.0,200.0,400.0,Venues de mariage privées
6090,7228.0,155,66,26000.0,7.0,confirmed,Wedding,2022-05-23,Birthday,Kairouan,Tunisie,3,0.0,0.0,300.0,500.0,Venues de mariage privées
16847,3392.0,203,1258,12000.0,0.0,cancelled,Birthday,2023-07-09,Birthday,Ariana,Tunisie,5,0.0,0.0,200.0,400.0,Venues de mariage privées
448,12556.0,249,22215,13000.0,8.0,confirmed,Wedding,2024-12-24,Wedding,Bizerte,Tunisie,4,0.0,0.0,300.0,500.0,Venues de mariage privées
13513,2146.0,203,1417,12000.0,0.0,cancelled,Birthday,2025-02-04,Corporate,Siliana,Tunisie,5,0.0,0.0,200.0,400.0,Venues de mariage privées
15461,10239.0,155,66,12000.0,7.0,confirmed,Birthday,2025-11-08,Wedding,Jendouba,Tunisie,5,0.0,0.0,100.0,200.0,Hotel
5984,804.0,203,1417,26000.0,16.0,confirmed,Corporate Event,2025-03-11,Wedding,Manouba,Tunisie,4,0.0,0.0,200.0,400.0,Venues de mariage privées
1757,1563.0,249,22215,26000.0,0.0,cancelled,Birthday,2025-11-10,Birthday,Gafsa,Tunisie,1,0.0,0.0,100.0,200.0,Hotel
14172,4688.0,42,3577,25000.0,0.0,cancelled,Wedding,2024-07-01,Wedding,Gafsa,Tunisie,1,0.0,0.0,100.0,200.0,Hotel
10241,12145.0,203,1258,21000.0,0.0,confirmed,Wedding,2023-12-01,Wedding,Kasserine,Tunisie,3,0.0,0.0,200.0,400.0,Venues de mariage privées
606,6611.0,126,4896,15000.0,10.0,pending,Wedding,2025-07-12,Wedding,Kasserine,Tunisie,2,0.0,0.0,200.0,400.0,Venues de mariage privées
9683,1829.0,239,4101,19000.0,16.0,pending,Birthday,2023-04-18,Wedding,Sousse,Tunisie,4,0.0,0.0,300.0,500.0,Venues de mariage privées
10105,1126.0,203,1417,17000.0,3.0,pending,Corporate Event,2025-11-12,Corporate,Sfax,Tunisie,2,0.0,0.0,200.0,500.0,Hotel
3650,13037.0,126,4896,19000.0,7.0,confirmed,Corporate Event,2023-04-23,Wedding,Jendouba,Tunisie,3,0.0,0.0,100.0,200.0,Hotel
15443,5907.0,239,4101,26000.0,16.0,cancelled,Wedding,2023-12-23,Wedding,Siliana,Tunisie,3,0.0,0.0,200.0,400.0,Venues de mariage privées
3281,14124.0,203,1417,25000.0,8.0,cancelled,Wedding,2023-09-08,Wedding,Bizerte,Tunisie,3,0.0,0.0,300.0,500.0,Venues de mariage privées
3362,14677.0,229,3480,19000.0,5.0,pending,Corporate Event,2023-05-28,Corporate,Gafsa,Tunisie,4,0.0,0.0,100.0,200.0,Hotel
16001,3922.0,239,4101,17000.0,10.0,pending,Corporate Event,2025-07-13,Wedding,Kasserine,Tunisie,4,0.0,0.0,200.0,400.0,Venues de mariage privées
9744,3867.0,298,962,26000.0,8.0,pending,Wedding,2023-10-30,Wedding,Bizerte,Tunisie,2,0.0,0.0,300.0,500.0,Venues de mariage privées
14777,8783.0,203,1258,21000.0,4.0,confirmed,Birthday,2024-09-20,Wedding,Ben Arous,Tunisie,3,0.0,0.0,200.0,400.0,Venues de mariage privées
3069,8266.0,42,3577,15000.0,18.0,cancelled,Corporate Event,2023-08-22,Birthday,Manouba,Tunisie,1,0.0,0.0,200.0,400.0,Venues de mariage privées
11294,5549.0,203,1417,25000.0,16.0,confirmed,Birthday,2023-09-10,Wedding,Ben Arous,Tunisie,4,0.0,0.0,200.0,400.0,Venues de mariage privées
13250,13800.0,298,962,23000.0,2.0,confirmed,Corporate Event,2023-10-21,Wedding,Sidi Bouzid,Tunisie,3,0.0,0.0,200.0,400.0,Venues de mariage privées
374,13277.0,126,4896,13000.0,14.0,confirmed,Corporate Event,2023-01-22,Corporate,Nabeul,Tunisie,5,0.0,0.0,300.0,500.0,Venues de mariage privées
3715,2436.0,155,66,17000.0,2.0,cancelled,Wedding,2023-06-08,Wedding,Siliana,Tunisie,4,0.0,0.0,200.0,400.0,Venues de mariage privées
342,12275.0,203,1258,19000.0,7.0,cancelled,Birthday,2023-10-01,Wedding,Jendouba,Tunisie,2,0.0,0.0,100.0,200.0,Hotel
14823,2495.0,176,3661,25000.0,0.0,confirmed,Wedding,2022-12-17,Corporate,Siliana,Tunisie,5,0.0,0.0,200.0,400.0,Venues de mariage privées
6535,5727.0,155,66,12000.0,14.0,confirmed,Wedding,2022-11-09,Corporate,Nabeul,Tunisie,4,0.0,0.0,300.0,500.0,Venues de mariage privées
2747,12135.0,229,3480,26000.0,5.0,pending,Wedding,2024-03-08,Corporate,Kairouan,Tunisie,3,0.0,0.0,300.0,500.0,Venues de mariage privées
13311,3377.0,126,4896,24000.0,8.0,pending,Corporate Event,2025-10-21,Wedding,Zaghouan,Tunisie,5,0.0,0.0,100.0,200.0,Hotel
14240,4141.0,229,3480,24000.0,16.0,confirmed,Birthday,2022-02-01,Wedding,Ben Arous,Tunisie,1,0.0,0.0,200.0,400.0,Venues de mariage privées
4941,7181.0,155,66,23000.0,16.0,pending,Wedding,2024-02-06,Wedding,Ben Arous,Tunisie,2,0.0,0.0,200.0,400.0,Venues de mariage privées
6494,14153.0,229,3480,12000.0,2.0,cancelled,Corporate Event,2025-05-22,Wedding,Bizerte,Tunisie,2,0.0,0.0,300.0,500.0,Venues de mariage privées
10662,7394.0,202,1983,23000.0,5.0,pending,Birthday,2023-08-09,Corporate,Kairouan,Tunisie,2,0.0,0.0,300.0,500.0,Venues de mariage privées
10690,3108.0,298,962,23000.0,2.0,pending,Corporate Event,2024-04-08,Wedding,Mahdia,Tunisie,3,0.0,0.0,200.0,400.0,Venues de mariage privées
17694,3370.0,252,1608,12000.0,5.0,cancelled,Wedding,2025-09-06,Corporate,Kairouan,Tunisie,5,0.0,0.0,300.0,500.0,Venues de mariage privées
6726,420.0,252,1608,24000.0,7.0,pending,Corporate Event,2022-07-19,Wedding,Jendouba,Tunisie,2,0.0,0.0,100.0,200.0,Hotel
1865,6133.0,239,4101,25000.0,5.0,cancelled,Wedding,2023-07-05,Corporate,Gafsa,Tunisie,3,0.0,0.0,100.0,200.0,Hotel
8460,12434.0,126,4896,23000.0,15.0,confirmed,Wedding,2024-10-06,Corporate,Ben Arous,Tunisie,1,0.0,0.0,200.0,400.0,Venues de mariage privées
15680,11066.0,298,962,23000.0,16.0,cancelled,Corporate Event,2023-07-16,Wedding,Ben Arous,Tunisie,2,0.0,0.0,200.0,400.0,Venues de mariage privées
11612,8606.0,239,4101,26000.0,5.0,pending,Corporate Event,2025-05-24,Corporate,Kairouan,Tunisie,4,0.0,0.0,300.0,500.0,Venues de mariage privées
13248,3972.0,176,3661,15000.0,5.0,pending,Birthday,2025-07-09,Corporate,Kairouan,Tunisie,3,0.0,0.0,300.0,500.0,Venues de mariage privées
11295,14752.0,202,1983,20000.0,0.0,cancelled,Corporate Event,2025-09-09,Birthday,Ariana,Tunisie,3,0.0,0.0,200.0,400.0,Venues de mariage privées
5512,4706.0,202,1983,12000.0,0.0,pending,Wedding,2022-03-13,Birthday,Tunis,Tunisie,5,0.0,0.0,300.0,500.0,Hotel
5424,12322.0,203,1417,15000.0,7.0,cancelled,Corporate Event,2024-06-14,Birthday,Kairouan,Tunisie,4,0.0,0.0,300.0,500.0,Venues de mariage privées
11350,3947.0,203,1258,17000.0,10.0,pending,Corporate Event,2024-03-07,Birthday,Sfax,Tunisie,1,0.0,0.0,200.0,500.0,Hotel
13924,11526.0,249,22215,17000.0,7.0,cancelled,Wedding,2024-11-17,Wedding,Nabeul,Tunisie,2,0.0,0.0,300.0,500.0,Venues de mariage privées
8761,88110.0,42,3577,13000.0,16.0,cancelled,Birthday,2022-09-11,Wedding,Manouba,Tunisie,1,0.0,0.0,200.0,400.0,Venues de mariage privées
3883,12029.0,155,66,20000.0,4.0,confirmed,Corporate Event,2025-06-01,Birthday,Bizerte,Tunisie,3,0.0,0.0,300.0,500.0,Venues de mariage privées
1833,8675.0,252,1608,17000.0,0.0,cancelled,Corporate Event,2022-04-20,Birthday,Mahdia,Tunisie,2,0.0,0.0,200.0,400.0,Venues de mariage privées
6811,6590.0,202,1983,24000.0,9.0,confirmed,Wedding,2023-06-07,Corporate,Sousse,Tunisie,5,0.0,0.0,300.0,500.0,Venues de mariage privées
4238,11334.0,126,4896,24000.0,0.0,pending,Corporate Event,2024-04-07,Birthday,Jendouba,Tunisie,3,0.0,0.0,100.0,200.0,Hotel
10344,9726.0,203,1417,25000.0,3.0,cancelled,Birthday,2024-05-11,Corporate,Sidi Bouzid,Tunisie,4,0.0,0.0,200.0,400.0,Venues de mariage privées
17095,13537.0,176,3661,20000.0,7.0,confirmed,Corporate Event,2024-02-01,Birthday,Kairouan,Tunisie,4,0.0,0.0,300.0,500.0,Venues de mariage privées
16744,3983.0,203,1258,17000.0,0.0,pending,Wedding,2023-08-01,Corporate,Siliana,Tunisie,4,0.0,0.0,200.0,400.0,Venues de mariage privées
10792,9066.0,126,4896,17000.0,18.0,confirmed,Wedding,2024-06-17,Birthday,Manouba,Tunisie,2,0.0,0.0,200.0,400.0,Venues de mariage privées
13435,10967.0,155,66,12000.0,7.0,confirmed,Corporate Event,2025-12-17,Birthday,Tataouine,Tunisie,5,0.0,0.0,100.0,200.0,Hotel
2612,11735.0,202,1983,17000.0,4.0,confirmed,Corporate Event,2022-08-26,Birthday,Bizerte,Tunisie,3,0.0,0.0,300.0,500.0,Venues de mariage privées
10229,11075.0,298,962,26000.0,0.0,pending,Birthday,2024-08-30,Wedding,Sfax,Tunisie,3,0.0,0.0,200.0,500.0,Hotel
13597,12520.0,252,1608,19000.0,4.0,pending,Wedding,2024-11-27,Wedding,Kairouan,Tunisie,5,0.0,0.0,300.0,500.0,Venues de mariage privées
4842,6834.0,298,962,19000.0,0.0,pending,Corporate Event,2025-07-13,Wedding,Tataouine,Tunisie,2,0.0,0.0,100.0,200.0,Hotel
16406,6956.0,239,4101,23000.0,2.0,pending,Wedding,2022-04-28,Wedding,Mahdia,Tunisie,3,0.0,0.0,200.0,400.0,Venues de mariage privées
4836,14262.0,202,1983,23000.0,16.0,pending,Corporate Event,2023-09-07,Wedding,Sfax,Tunisie,4,0.0,0.0,200.0,500.0,Hotel
17772,3358.0,298,962,15000.0,20.0,confirmed,Corporate Event,2025-07-20,Wedding,Tunis,Tunisie,4,0.0,0.0,300.0,500.0,Hotel
15521,7608.0,239,4101,19000.0,3.0,cancelled,Birthday,2023-11-20,Wedding,Monastir,Tunisie,4,0.0,0.0,200.0,500.0,Hotel
5802,13983.0,298,962,23000.0,2.0,cancelled,Birthday,2022-09-27,Wedding,Mahdia,Tunisie,2,0.0,0.0,200.0,400.0,Venues de mariage privées
8239,6405.0,203,1417,15000.0,9.0,pending,Birthday,2023-03-05,Wedding,Kairouan,Tunisie,2,0.0,0.0,300.0,500.0,Venues de mariage privées
15655,6818.0,298,962,17000.0,14.0,pending,Birthday,2022-12-06,Wedding,Ariana,Tunisie,5,0.0,0.0,200.0,400.0,Venues de mariage privées
12126,3951.0,203,1258,26000.0,8.0,confirmed,Wedding,2025-05-25,Wedding,Bizerte,Tunisie,4,0.0,0.0,300.0,500.0,Venues de mariage privées
6622,13095.0,249,22215,25000.0,7.0,pending,Wedding,2022-04-23,Birthday,Kairouan,Tunisie,3,0.0,0.0,300.0,500.0,Venues de mariage privées
14925,1878.0,176,3661,25000.0,4.0,cancelled,Birthday,2024-07-04,Wedding,Kairouan,Tunisie,5,0.0,0.0,300.0,500.0,Venues de mariage privées
9926,5986.0,239,4101,15000.0,10.0,cancelled,Corporate Event,2022-11-14,Wedding,Gafsa,Tunisie,5,0.0,0.0,100.0,200.0,Hotel
5691,10151.0,202,1983,21000.0,3.0,cancelled,Birthday,2022-01-07,Corporate,Sfax,Tunisie,1,0.0,0.0,200.0,500.0,Hotel
1100,9820.0,202,1983,13000.0,14.0,pending,Birthday,2024-06-16,Corporate,Nabeul,Tunisie,2,0.0,0.0,300.0,500.0,Venues de mariage privées
14605,11299.0,229,3480,23000.0,20.0,confirmed,Corporate Event,2024-02-27,Wedding,Manouba,Tunisie,1,0.0,0.0,200.0,400.0,Venues de mariage privées
6094,3679.0,126,4896,13000.0,14.0,confirmed,Birthday,2024-10-30,Wedding,Ariana,Tunisie,3,0.0,0.0,200.0,400.0,Venues de mariage privées
4256,10814.0,298,962,21000.0,0.0,pending,Wedding,2023-04-11,Wedding,Sfax,Tunisie,3,0.0,0.0,200.0,500.0,Hotel
11374,13108.0,203,1258,24000.0,0.0,confirmed,Birthday,2024-12-28,Birthday,Tunis,Tunisie,5,0.0,0.0,300.0,500.0,Hotel
11214,1008.0,249,22215,26000.0,0.0,cancelled,Birthday,2023-03-30,Birthday,Jendouba,Tunisie,5,0.0,0.0,100.0,200.0,Hotel
8623,10610.0,229,3480,22000.0,0.0,pending,Wedding,2024-12-13,Birthday,Kasserine,Tunisie,3,0.0,0.0,200.0,400.0,Venues de mariage privées
4734,8669.0,252,1608,24000.0,4.0,pending,Wedding,2025-01-26,Wedding,Ben Arous,Tunisie,4,0.0,0.0,200.0,400.0,Venues de mariage privées
6215,10688.0,298,962,12000.0,2.0,confirmed,Corporate Event,2025-05-04,Wedding,Sidi Bouzid,Tunisie,2,0.0,0.0,200.0,400.0,Venues de mariage privées
6808,5775.0,298,962,19000.0,16.0,pending,Birthday,2023-10-23,Wedding,Manouba,Tunisie,3,0.0,0.0,200.0,400.0,Venues de mariage privées
17005,7545.0,249,22215,13000.0,4.0,pending,Birthday,2022-10-09,Wedding,Ben Arous,Tunisie,1,0.0,0.0,200.0,400.0,Venues de mariage privées
12911,11972.0,252,1608,19000.0,0.0,pending,Wedding,2024-01-31,Birthday,Tozeur,Tunisie,3,0.0,0.0,300.0,500.0,Venues de mariage privées
14508,4945.0,202,1983,23000.0,8.0,cancelled,Wedding,2025-08-16,Wedding,Zaghouan,Tunisie,5,0.0,0.0,100.0,200.0,Hotel
1747,14264.0,203,1417,19000.0,4.0,pending,Birthday,2024-12-23,Wedding,Kairouan,Tunisie,5,0.0,0.0,300.0,500.0,Venues de mariage privées
14108,11516.0,203,1417,22000.0,16.0,cancelled,Birthday,2022-10-17,Wedding,Manouba,Tunisie,3,0.0,0.0,200.0,400.0,Venues de mariage privées
8867,10060.0,203,1258,21000.0,9.0,cancelled,Wedding,2024-08-04,Corporate,Kasserine,Tunisie,4,0.0,0.0,200.0,400.0,Venues de mariage privées
4756,9115.0,239,4101,19000.0,0.0,pending,Birthday,2024-07-23,Corporate,Siliana,Tunisie,4,0.0,0.0,200.0,400.0,Venues de mariage privées
8162,14900.0,203,1258,22000.0,11.0,pending,Wedding,2023-04-25,Corporate,Ariana,Tunisie,5,0.0,0.0,200.0,400.0,Venues de mariage privées
9293,12783.0,203,1258,25000.0,0.0,cancelled,Wedding,2023-12-09,Corporate,Siliana,Tunisie,5,0.0,0.0,200.0,400.0,Venues de mariage privées
1170,13640.0,298,962,25000.0,3.0,confirmed,Wedding,2022-01-15,Wedding,Sidi Bouzid,Tunisie,3,0.0,0.0,200.0,400.0,Venues de mariage privées
1116,4377.0,203,1258,21000.0,3.0,confirmed,Wedding,2023-03-03,Corporate,Sfax,Tunisie,5,0.0,0.0,200.0,500.0,Hotel
9787,3717.0,203,1417,20000.0,16.0,confirmed,Corporate Event,2022-12-22,Wedding,Siliana,Tunisie,2,0.0,0.0,200.0,400.0,Venues de mariage privées
7097,13136.0,126,4896,19000.0,16.0,pending,Corporate Event,2023-04-07,Wedding,Ben Arous,Tunisie,4,0.0,0.0,200.0,400.0,Venues de mariage privées
15957,14977.0,176,3661,23000.0,18.0,pending,Corporate Event,2023-12-03,Birthday,Manouba,Tunisie,5,0.0,0.0,200.0,400.0,Venues de mariage privées
13059,8119.0,239,4101,22000.0,0.0,pending,Corporate Event,2025-05-22,Wedding,Tozeur,Tunisie,5,0.0,0.0,300.0,500.0,Venues de mariage privées
4150,7824.0,176,3661,15000.0,4.0,cancelled,Corporate Event,2022-04-19,Wedding,Ben Arous,Tunisie,3,0.0,0.0,200.0,400.0,Venues de mariage privées
3309,12571.0,239,4101,25000.0,2.0,pending,Corporate Event,2025-01-02,Wedding,Mahdia,Tunisie,4,0.0,0.0,200.0,400.0,Venues de mariage privées
1120,2402.0,155,66,15000.0,20.0,confirmed,Corporate Event,2022-03-12,Wedding,Manouba,Tunisie,1,0.0,0.0,200.0,400.0,Venues de mariage privées
6186,292.0,249,22215,12000.0,2.0,confirmed,Birthday,2024-06-29,Wedding,Bizerte,Tunisie,1,0.0,0.0,300.0,500.0,Venues de mariage privées
17802,9500.0,229,3480,25000.0,5.0,pending,Corporate Event,2023-03-05,Wedding,Sousse,Tunisie,3,0.0,0.0,300.0,500.0,Venues de mariage privées
4633,3258.0,252,1608,21000.0,7.0,cancelled,Corporate Event,2024-02-11,Wedding,Jendouba,Tunisie,4,0.0,0.0,100.0,200.0,Hotel
2196,13229.0,249,22215,13000.0,8.0,cancelled,Wedding,2025-04-20,Wedding,Zaghouan,Tunisie,4,0.0,0.0,100.0,200.0,Hotel
12699,8518.0,252,1608,24000.0,0.0,confirmed,Corporate Event,2025-02-17,Birthday,Tunis,Tunisie,3,0.0,0.0,300.0,500.0,Hotel
16925,999.0,126,4896,26000.0,14.0,cancelled,Wedding,2023-01-25,Wedding,Ariana,Tunisie,4,0.0,0.0,200.0,400.0,Venues de mariage privées
7876,11296.0,239,4101,12000.0,4.0,cancelled,Birthday,2025-09-30,Corporate,Tunis,Tunisie,2,0.0,0.0,300.0,500.0,Hotel
4248,6809.0,203,1258,19000.0,18.0,confirmed,Birthday,2022-06-11,Birthday,Manouba,Tunisie,3,0.0,0.0,200.0,400.0,Venues de mariage privées
4077,9826.0,42,3577,21000.0,2.0,confirmed,Corporate Event,2024-03-30,Wedding,Mahdia,Tunisie,5,0.0,0.0,200.0,400.0,Venues de mariage privées
15047,8597.0,298,962,15000.0,20.0,cancelled,Birthday,2022-01-30,Wedding,Manouba,Tunisie,1,0.0,0.0,200.0,400.0,Venues de mariage privées
1703,12794.0,176,3661,19000.0,11.0,cancelled,Wedding,2024-05-22,Corporate,Ariana,Tunisie,4,0.0,0.0,200.0,400.0,Venues de mariage privées
12654,9529.0,202,1983,24000.0,5.0,cancelled,Wedding,2022-06-18,Wedding,Sousse,Tunisie,4,0.0,0.0,300.0,500.0,Venues de mariage privées
2807,9116.0,126,4896,17000.0,3.0,cancelled,Wedding,2023-06-14,Birthday,Zaghouan,Tunisie,2,0.0,0.0,100.0,200.0,Hotel
5761,10599.0,298,962,17000.0,6.0,pending,Corporate Event,2025-03-14,Corporate,Mahdia,Tunisie,5,0.0,0.0,200.0,400.0,Venues de mariage privées
8780,7430.0,298,962,17000.0,11.0,cancelled,Wedding,2024-09-28,Corporate,Ariana,Tunisie,3,0.0,0.0,200.0,400.0,Venues de mariage privées
14923,1822.0,239,4101,23000.0,16.0,cancelled,Corporate Event,2024-12-29,Wedding,Sfax,Tunisie,4,0.0,0.0,200.0,500.0,Hotel
6708,5786.0,203,1258,17000.0,8.0,confirmed,Wedding,2023-12-02,Wedding,Zaghouan,Tunisie,5,0.0,0.0,100.0,200.0,Hotel
587,13949.0,298,962,21000.0,2.0,pending,Birthday,2022-06-09,Wedding,Mahdia,Tunisie,4,0.0,0.0,200.0,400.0,Venues de mariage privées
14608,3232.0,126,4896,25000.0,11.0,cancelled,Wedding,2023-02-23,Corporate,Ariana,Tunisie,5,0.0,0.0,200.0,400.0,Venues de mariage privées
9653,8052.0,42,3577,17000.0,0.0,confirmed,Wedding,2022-01-23,Birthday,Mahdia,Tunisie,3,0.0,0.0,200.0,400.0,Venues de mariage privées
4978,8481.0,42,3577,15000.0,6.0,pending,Corporate Event,2025-10-12,Corporate,Bizerte,Tunisie,5,0.0,0.0,300.0,500.0,Venues de mariage privées
1443,9101.0,202,1983,25000.0,0.0,pending,Birthday,2024-04-30,Birthday,Sidi Bouzid,Tunisie,4,0.0,0.0,200.0,400.0,Venues de mariage privées
3551,10065.0,126,4896,20000.0,5.0,cancelled,Corporate Event,2024-12-02,Corporate,Tozeur,Tunisie,5,0.0,0.0,300.0,500.0,Venues de mariage privées
17562,6008.0,252,1608,17000.0,10.0,confirmed,Wedding,2025-08-31,Birthday,Nabeul,Tunisie,5,0.0,0.0,300.0,500.0,Venues de mariage privées
16192,792.0,298,962,12000.0,2.0,confirmed,Wedding,2023-11-18,Wedding,Jendouba,Tunisie,4,0.0,0.0,100.0,200.0,Hotel
12236,6578.0,252,1608,19000.0,7.0,pending,Wedding,2025-04-02,Birthday,Kairouan,Tunisie,1,0.0,0.0,300.0,500.0,Venues de mariage privées
11493,8774.0,203,1258,15000.0,7.0,cancelled,Corporate Event,2025-07-22,Wedding,Jendouba,Tunisie,2,0.0,0.0,100.0,200.0,Hotel
6540,11952.0,176,3661,26000.0,7.0,cancelled,Birthday,2025-03-14,Wedding,Jendouba,Tunisie,3,0.0,0.0,100.0,200.0,Hotel
3151,6769.0,252,1608,22000.0,0.0,confirmed,Birthday,2024-03-24,Wedding,Kasserine,Tunisie,3,0.0,0.0,200.0,400.0,Venues de mariage privées
3810,4155.0,202,1983,20000.0,7.0,confirmed,Wedding,2025-04-16,Corporate,Zaghouan,Tunisie,5,0.0,0.0,100.0,200.0,Hotel
2445,14625.0,249,22215,15000.0,5.0,confirmed,Birthday,2022-04-01,Wedding,Sousse,Tunisie,1,0.0,0.0,300.0,500.0,Venues de mariage privées
3733,6341.0,202,1983,21000.0,20.0,confirmed,Birthday,2024-12-18,Wedding,Tunis,Tunisie,5,0.0,0.0,300.0,500.0,Hotel
7761,7187.0,203,1417,12000.0,2.0,pending,Corporate Event,2022-01-06,Birthday,Monastir,Tunisie,1,0.0,0.0,200.0,500.0,Hotel
16273,10492.0,203,1417,26000.0,10.0,confirmed,Birthday,2023-03-23,Wedding,Ariana,Tunisie,4,0.0,0.0,200.0,400.0,Venues de mariage privées
10459,9044.0,176,3661,20000.0,20.0,cancelled,Birthday,2023-08-08,Wedding,Tunis,Tunisie,2,0.0,0.0,300.0,500.0,Hotel
5039,13942.0,203,1258,13000.0,10.0,pending,Corporate Event,2022-06-24,Wedding,Ariana,Tunisie,5,0.0,0.0,200.0,400.0,Venues de mariage privées
70,7728.0,176,3661,24000.0,4.0,pending,Corporate Event,2025-07-13,Wedding,Zaghouan,Tunisie,3,0.0,0.0,100.0,200.0,Hotel
16949,8493.0,203,1417,20000.0,8.0,cancelled,Birthday,2025-03-26,Wedding,Zaghouan,Tunisie,1,0.0,0.0,100.0,200.0,Hotel
2819,5637.0,203,1258,23000.0,3.0,pending,Birthday,2023-01-15,Birthday,Zaghouan,Tunisie,1,0.0,0.0,100.0,200.0,Hotel
2232,14673.0,203,1258,15000.0,8.0,cancelled,Corporate Event,2022-11-16,Wedding,Zaghouan,Tunisie,3,0.0,0.0,100.0,200.0,Hotel
16154,2268.0,203,1417,15000.0,6.0,cancelled,Corporate Event,2023-02-24,Corporate,Mahdia,Tunisie,1,0.0,0.0,200.0,400.0,Venues de mariage privées
10196,8485.0,249,22215,17000.0,9.0,confirmed,Wedding,2023-02-23,Corporate,Kasserine,Tunisie,2,0.0,0.0,200.0,400.0,Venues de mariage privées
15733,8908.0,176,3661,20000.0,2.0,confirmed,Wedding,2023-12-14,Wedding,Sidi Bouzid,Tunisie,3,0.0,0.0,200.0,400.0,Venues de mariage privées
12283,4861.0,203,1417,22000.0,2.0,confirmed,Wedding,2024-03-22,Wedding,Mahdia,Tunisie,3,0.0,0.0,200.0,400.0,Venues de mariage privées
17913,5296.0,249,22215,23000.0,16.0,pending,Wedding,2025-10-24,Wedding,Ben Arous,Tunisie,3,0.0,0.0,200.0,400.0,Venues de mariage privées
16916,3817.0,229,3480,13000.0,4.0,confirmed,Wedding,2024-09-02,Wedding,Zaghouan,Tunisie,2,0.0,0.0,100.0,200.0,Hotel
17171,7349.0,202,1983,21000.0,8.0,pending,Corporate Event,2024-12-29,Wedding,Zaghouan,Tunisie,2,0.0,0.0,100.0,200.0,Hotel
13346,2810.0,176,3661,25000.0,0.0,cancelled,Corporate Event,2024-02-02,Birthday,Jendouba,Tunisie,3,0.0,0.0,100.0,200.0,Hotel
9319,9305.0,298,962,24000.0,2.0,cancelled,Corporate Event,2024-07-18,Wedding,Jendouba,Tunisie,3,0.0,0.0,100.0,200.0,Hotel
6122,7746.0,229,3480,13000.0,11.0,confirmed,Wedding,2024-05-03,Corporate,Ariana,Tunisie,4,0.0,0.0,200.0,400.0,Venues de mariage privées
5458,13016.0,252,1608,17000.0,4.0,confirmed,Wedding,2024-02-02,Corporate,Tunis,Tunisie,4,0.0,0.0,300.0,500.0,Hotel
14028,13534.0,229,3480,15000.0,0.0,pending,Wedding,2023-03-29,Birthday,Ariana,Tunisie,5,0.0,0.0,200.0,400.0,Venues de mariage privées
16417,5071.0,252,1608,24000.0,0.0,cancelled,Wedding,2023-02-04,Birthday,Kasserine,Tunisie,2,0.0,0.0,200.0,400.0,Venues de mariage privées
14219,6893.0,239,4101,20000.0,20.0,pending,Corporate Event,2023-08-31,Wedding,Tunis,Tunisie,2,0.0,0.0,300.0,500.0,Hotel
11597,14321.0,176,3661,23000.0,7.0,confirmed,Birthday,2024-11-06,Birthday,Kairouan,Tunisie,4,0.0,0.0,300.0,500.0,Venues de mariage privées
11095,11662.0,126,4896,24000.0,0.0,confirmed,Corporate Event,2024-06-10,Wedding,Tataouine,Tunisie,1,0.0,0.0,100.0,200.0,Hotel
12868,5654.0,298,962,21000.0,0.0,confirmed,Corporate Event,2023-06-30,Wedding,Sfax,Tunisie,5,0.0,0.0,200.0,500.0,Hotel
858,5555.0,176,3661,17000.0,10.0,pending,Corporate Event,2022-02-28,Birthday,Nabeul,Tunisie,3,0.0,0.0,300.0,500.0,Venues de mariage privées
3305,4190.0,155,66,26000.0,2.0,cancelled,Wedding,2022-08-06,Wedding,Bizerte,Tunisie,4,0.0,0.0,300.0,500.0,Venues de mariage privées
3811,6665.0,42,3577,19000.0,0.0,cancelled,Birthday,2023-01-07,Birthday,Siliana,Tunisie,2,0.0,0.0,200.0,400.0,Venues de mariage privées
13902,6295.0,176,3661,24000.0,0.0,cancelled,Birthday,2023-03-24,Wedding,Tozeur,Tunisie,1,0.0,0.0,300.0,500.0,Venues de mariage privées
15762,903.0,249,22215,25000.0,10.0,cancelled,Wedding,2023-05-25,Wedding,Gafsa,Tunisie,1,0.0,0.0,100.0,200.0,Hotel
6565,1609.0,155,66,20000.0,18.0,cancelled,Corporate Event,2022-01-09,Birthday,Manouba,Tunisie,1,0.0,0.0,200.0,400.0,Venues de mariage privées
9153,10819.0,239,4101,24000.0,16.0,cancelled,Wedding,2022-05-12,Wedding,Sousse,Tunisie,5,0.0,0.0,300.0,500.0,Venues de mariage privées
6500,875.0,176,3661,12000.0,0.0,cancelled,Birthday,2025-07-16,Wedding,Tozeur,Tunisie,1,0.0,0.0,300.0,500.0,Venues de mariage privées
10257,8719.0,229,3480,23000.0,11.0,confirmed,Wedding,2025-09-28,Corporate,Ariana,Tunisie,1,0.0,0.0,200.0,400.0,Venues de mariage privées
8732,2805.0,239,4101,26000.0,0.0,cancelled,Birthday,2022-05-16,Birthday,Ariana,Tunisie,5,0.0,0.0,200.0,400.0,Venues de mariage privées
16343,10644.0,249,22215,22000.0,0.0,confirmed,Birthday,2022-09-19,Birthday,Jendouba,Tunisie,3,0.0,0.0,100.0,200.0,Hotel
9098,1377.0,229,3480,26000.0,0.0,pending,Birthday,2022-11-28,Birthday,Siliana,Tunisie,3,0.0,0.0,200.0,400.0,Venues de mariage privées
10098,5181.0,203,1417,22000.0,16.0,cancelled,Birthday,2022-02-01,Wedding,Siliana,Tunisie,2,0.0,0.0,200.0,400.0,Venues de mariage privées
8630,1110.0,229,3480,21000.0,0.0,confirmed,Wedding,2025-07-05,Corporate,Siliana,Tunisie,3,0.0,0.0,200.0,400.0,Venues de mariage privées
8821,10580.0,176,3661,25000.0,16.0,cancelled,Wedding,2024-08-04,Wedding,Ben Arous,Tunisie,3,0.0,0.0,200.0,400.0,Venues de mariage privées
13296,121580.0,155,66,12000.0,2.0,pending,Wedding,2022-01-03,Birthday,Monastir,Tunisie,1,0.0,0.0,200.0,500.0,Hotel
16876,14893.0,203,1417,24000.0,3.0,cancelled,Birthday,2024-08-15,Corporate,Sfax,Tunisie,2,0.0,0.0,200.0,500.0,Hotel
6137,7785.0,229,3480,17000.0,7.0,pending,Birthday,2024-09-05,Birthday,Kairouan,Tunisie,3,0.0,0.0,300.0,500.0,Venues de mariage privées
3619,4113.0,42,3577,21000.0,0.0,confirmed,Wedding,2022-12-24,Wedding,Kasserine,Tunisie,4,0.0,0.0,200.0,400.0,Venues de mariage privées
12117,12553.0,249,22215,12000.0,5.0,cancelled,Corporate Event,2024-12-16,Corporate,Kairouan,Tunisie,5,0.0,0.0,300.0,500.0,Venues de mariage privées
6167,1470.0,239,4101,13000.0,5.0,confirmed,Birthday,2024-03-15,Wedding,Sousse,Tunisie,5,0.0,0.0,300.0,500.0,Venues de mariage privées
17783,4685.0,229,3480,24000.0,20.0,confirmed,Corporate Event,2024-12-31,Wedding,Manouba,Tunisie,5,0.0,0.0,200.0,400.0,Venues de mariage privées
10782,9721.0,126,4896,23000.0,10.0,cancelled,Birthday,2024-09-22,Birthday,Nabeul,Tunisie,1,0.0,0.0,300.0,500.0,Venues de mariage privées
9855,79640.0,203,1258,19000.0,0.0,pending,Corporate Event,2022-12-26,Wedding,Tozeur,Tunisie,3,0.0,0.0,300.0,500.0,Venues de mariage privées
4650,9983.0,202,1983,24000.0,0.0,confirmed,Wedding,2022-04-20,Birthday,Sidi Bouzid,Tunisie,2,0.0,0.0,200.0,400.0,Venues de mariage privées
14472,2674.0,202,1983,26000.0,0.0,confirmed,Wedding,2022-05-29,Birthday,Mahdia,Tunisie,1,0.0,0.0,200.0,400.0,Venues de mariage privées
1411,11697.0,126,4896,21000.0,10.0,pending,Corporate Event,2022-04-03,Wedding,Ariana,Tunisie,2,0.0,0.0,200.0,400.0,Venues de mariage privées
6837,13862.0,252,1608,20000.0,2.0,pending,Wedding,2024-11-06,Wedding,Siliana,Tunisie,5,0.0,0.0,200.0,400.0,Venues de mariage privées
10208,4395.0,126,4896,23000.0,5.0,pending,Birthday,2022-01-19,Corporate,Gafsa,Tunisie,5,0.0,0.0,100.0,200.0,Hotel
15677,1664.0,252,1608,26000.0,4.0,confirmed,Corporate Event,2024-05-15,Birthday,Bizerte,Tunisie,4,0.0,0.0,300.0,500.0,Venues de mariage privées
350,2814.0,202,1983,15000.0,2.0,cancelled,Corporate Event,2023-03-17,Wedding,Sidi Bouzid,Tunisie,2,0.0,0.0,200.0,400.0,Venues de mariage privées
12417,7887.0,155,66,22000.0,12.0,cancelled,Birthday,2024-03-13,Corporate,Monastir,Tunisie,3,0.0,0.0,200.0,500.0,Hotel
1862,124850.0,298,962,21000.0,20.0,confirmed,Wedding,2025-08-08,Wedding,Tunis,Tunisie,4,0.0,0.0,300.0,500.0,Hotel
8998,5868.0,298,962,19000.0,16.0,confirmed,Wedding,2022-03-13,Wedding,Monastir,Tunisie,3,0.0,0.0,200.0,500.0,Hotel
16380,3631.0,176,3661,24000.0,2.0,cancelled,Corporate Event,2024-12-18,Wedding,Sidi Bouzid,Tunisie,1,0.0,0.0,200.0,400.0,Venues de mariage privées
11097,9713.0,126,4896,13000.0,5.0,pending,Corporate Event,2022-07-14,Wedding,Sousse,Tunisie,2,0.0,0.0,300.0,500.0,Venues de mariage privées
3195,10290.0,126,4896,21000.0,4.0,pending,Wedding,2022-11-29,Corporate,Tunis,Tunisie,5,0.0,0.0,300.0,500.0,Hotel
8101,11413.0,126,4896,25000.0,12.0,cancelled,Corporate Event,2024-12-14,Corporate,Monastir,Tunisie,1,0.0,0.0,200.0,500.0,Hotel
15444,14017.0,203,1417,13000.0,12.0,cancelled,Birthday,2025-02-04,Corporate,Monastir,Tunisie,5,0.0,0.0,200.0,500.0,Hotel
5748,12976.0,229,3480,19000.0,0.0,confirmed,Wedding,2022-07-16,Birthday,Jendouba,Tunisie,3,0.0,0.0,100.0,200.0,Hotel
7622,8003.0,298,962,15000.0,4.0,pending,Corporate Event,2022-08-09,Corporate,Tunis,Tunisie,3,0.0,0.0,300.0,500.0,Hotel
6339,11495.0,229,3480,13000.0,6.0,cancelled,Birthday,2024-10-01,Corporate,Mahdia,Tunisie,3,0.0,0.0,200.0,400.0,Venues de mariage privées
17361,7442.0,176,3661,24000.0,11.0,pending,Corporate Event,2024-06-11,Corporate,Ariana,Tunisie,1,0.0,0.0,200.0,400.0,Venues de mariage privées
15062,1789.0,202,1983,20000.0,0.0,confirmed,Birthday,2022-09-26,Wedding,Tataouine,Tunisie,1,0.0,0.0,100.0,200.0,Hotel
15736,612.0,229,3480,20000.0,12.0,cancelled,Wedding,2025-10-16,Corporate,Monastir,Tunisie,4,0.0,0.0,200.0,500.0,Hotel
13726,11291.0,202,1983,19000.0,10.0,pending,Corporate Event,2025-05-27,Wedding,Ariana,Tunisie,2,0.0,0.0,200.0,400.0,Venues de mariage privées
9402,11478.0,203,1417,22000.0,4.0,cancelled,Birthday,2023-03-18,Birthday,Bizerte,Tunisie,5,0.0,0.0,300.0,500.0,Venues de mariage privées
11460,3121.0,239,4101,25000.0,8.0,confirmed,Corporate Event,2023-08-13,Wedding,Bizerte,Tunisie,3,0.0,0.0,300.0,500.0,Venues de mariage privées
17635,14513.0,203,1258,24000.0,8.0,confirmed,Birthday,2025-08-14,Wedding,Bizerte,Tunisie,3,0.0,0.0,300.0,500.0,Venues de mariage privées
2377,14145.0,202,1983,13000.0,7.0,pending,Corporate Event,2023-01-27,Wedding,Jendouba,Tunisie,5,0.0,0.0,100.0,200.0,Hotel
9887,6568.0,202,1983,23000.0,5.0,cancelled,Corporate Event,2025-03-15,Corporate,Kairouan,Tunisie,1,0.0,0.0,300.0,500.0,Venues de mariage privées
17145,1010.0,203,1417,13000.0,3.0,cancelled,Corporate Event,2024-09-20,Birthday,Zaghouan,Tunisie,3,0.0,0.0,100.0,200.0,Hotel
5433,14383.0,126,4896,25000.0,10.0,confirmed,Corporate Event,2023-06-03,Wedding,Ariana,Tunisie,3,0.0,0.0,200.0,400.0,Venues de mariage privées
1698,5569.0,229,3480,25000.0,5.0,cancelled,Corporate Event,2022-12-11,Corporate,Tozeur,Tunisie,1,0.0,0.0,300.0,500.0,Venues de mariage privées
7988,12809.0,203,1258,17000.0,16.0,confirmed,Corporate Event,2023-09-11,Wedding,Monastir,Tunisie,1,0.0,0.0,200.0,500.0,Hotel
9561,405.0,176,3661,20000.0,10.0,pending,Wedding,2025-10-28,Corporate,Jendouba,Tunisie,1,0.0,0.0,100.0,200.0,Hotel
5068,322.0,239,4101,12000.0,8.0,cancelled,Corporate Event,2025-07-17,Wedding,Zaghouan,Tunisie,3,0.0,0.0,100.0,200.0,Hotel
17435,4438.0,155,66,13000.0,13.0,pending,Birthday,2024-07-21,Corporate,Manouba,Tunisie,5,0.0,0.0,200.0,400.0,Venues de mariage privées
4268,7804.0,42,3577,26000.0,7.0,confirmed,Corporate Event,2022-09-28,Birthday,Tataouine,Tunisie,2,0.0,0.0,100.0,200.0,Hotel
9074,1985.0,155,66,23000.0,4.0,cancelled,Wedding,2025-02-20,Corporate,Tunis,Tunisie,1,0.0,0.0,300.0,500.0,Hotel
4834,12327.0,249,22215,25000.0,7.0,pending,Wedding,2024-10-18,Birthday,Tataouine,Tunisie,2,0.0,0.0,100.0,200.0,Hotel
1134,13900.0,176,3661,20000.0,16.0,pending,Wedding,2024-03-16,Wedding,Monastir,Tunisie,4,0.0,0.0,200.0,500.0,Hotel
8582,13437.0,176,3661,26000.0,15.0,confirmed,Wedding,2025-08-12,Corporate,Ben Arous,Tunisie,1,0.0,0.0,200.0,400.0,Venues de mariage privées
803,7030.0,202,1983,13000.0,0.0,pending,Wedding,2025-03-25,Birthday,Gafsa,Tunisie,5,0.0,0.0,100.0,200.0,Hotel
329,4892.0,176,3661,24000.0,2.0,cancelled,Wedding,2024-09-08,Wedding,Mahdia,Tunisie,4,0.0,0.0,200.0,400.0,Venues de mariage privées
4153,7935.0,42,3577,23000.0,7.0,pending,Wedding,2022-12-23,Wedding,Nabeul,Tunisie,2,0.0,0.0,300.0,500.0,Venues de mariage privées
16317,1001.0,239,4101,15000.0,2.0,pending,Corporate Event,2022-01-16,Wedding,Mahdia,Tunisie,2,0.0,0.0,200.0,400.0,Venues de mariage privées
14517,27240.0,202,1983,17000.0,10.0,cancelled,Wedding,2025-06-13,Wedding,Kasserine,Tunisie,4,0.0,0.0,200.0,400.0,Venues de mariage privées
4490,5357.0,298,962,15000.0,0.0,confirmed,Birthday,2024-08-12,Birthday,Mahdia,Tunisie,2,0.0,0.0,200.0,400.0,Venues de mariage privées
5115,13450.0,229,3480,15000.0,7.0,pending,Birthday,2025-04-15,Corporate,Zaghouan,Tunisie,5,0.0,0.0,100.0,200.0,Hotel
6968,2022.0,229,3480,15000.0,20.0,cancelled,Birthday,2023-12-15,Wedding,Manouba,Tunisie,4,0.0,0.0,200.0,400.0,Venues de mariage privées
2616,8932.0,176,3661,22000.0,4.0,cancelled,Wedding,2023-08-22,Wedding,Ben Arous,Tunisie,2,0.0,0.0,200.0,400.0,Venues de mariage privées
8816,544.0,203,1417,20000.0,2.0,pending,Birthday,2022-11-18,Wedding,Jendouba,Tunisie,1,0.0,0.0,100.0,200.0,Hotel
12306,14121.0,203,1417,13000.0,8.0,confirmed,Birthday,2023-10-08,Wedding,Zaghouan,Tunisie,4,0.0,0.0,100.0,200.0,Hotel
6417,12983.0,176,3661,12000.0,0.0,confirmed,Corporate Event,2023-10-29,Birthday,Ariana,Tunisie,1,0.0,0.0,200.0,400.0,Venues de mariage privées
12500,3569.0,229,3480,20000.0,0.0,confirmed,Wedding,2025-11-23,Wedding,Gafsa,Tunisie,4,0.0,0.0,100.0,200.0,Hotel
16899,1266.0,252,1608,21000.0,15.0,cancelled,Birthday,2025-06-02,Corporate,Ben Arous,Tunisie,5,0.0,0.0,200.0,400.0,Venues de mariage privées
11959,40500.0,155,66,12000.0,3.0,confirmed,Wedding,2022-01-15,Corporate,Sidi Bouzid,Tunisie,4,0.0,0.0,200.0,400.0,Venues de mariage privées
8776,3123.0,203,1417,26000.0,3.0,pending,Corporate Event,2022-10-12,Birthday,Zaghouan,Tunisie,1,0.0,0.0,100.0,200.0,Hotel
17340,1419.0,126,4896,20000.0,8.0,cancelled,Wedding,2023-02-10,Wedding,Bizerte,Tunisie,5,0.0,0.0,300.0,500.0,Venues de mariage privées
4847,296.0,202,1983,12000.0,0.0,confirmed,Corporate Event,2022-01-10,Birthday,Tozeur,Tunisie,1,0.0,0.0,300.0,500.0,Venues de mariage privées
5727,3951.0,239,4101,12000.0,0.0,confirmed,Corporate Event,2023-05-01,Birthday,Siliana,Tunisie,1,0.0,0.0,200.0,400.0,Venues de mariage privées
3231,7680.0,155,66,23000.0,20.0,pending,Corporate Event,2024-10-11,Wedding,Tunis,Tunisie,2,0.0,0.0,300.0,500.0,Hotel
3382,5752.0,42,3577,22000.0,16.0,pending,Birthday,2023-08-20,Wedding,Monastir,Tunisie,2,0.0,0.0,200.0,500.0,Hotel
13887,846.0,203,1417,24000.0,2.0,confirmed,Birthday,2025-10-11,Wedding,Bizerte,Tunisie,5,0.0,0.0,300.0,500.0,Venues de mariage privées
391,5623.0,298,962,20000.0,16.0,cancelled,Wedding,2023-09-13,Wedding,Manouba,Tunisie,2,0.0,0.0,200.0,400.0,Venues de mariage privées
3599,9232.0,202,1983,24000.0,12.0,cancelled,Birthday,2025-04-14,Corporate,Monastir,Tunisie,5,0.0,0.0,200.0,500.0,Hotel
17519,10574.0,202,1983,24000.0,0.0,confirmed,Wedding,2023-07-13,Wedding,Kasserine,Tunisie,5,0.0,0.0,200.0,400.0,Venues de mariage privées
1957,12843.0,249,22215,22000.0,4.0,pending,Birthday,2023-05-06,Wedding,Ben Arous,Tunisie,2,0.0,0.0,200.0,400.0,Venues de mariage privées
11836,12562.0,203,1258,19000.0,7.0,pending,Birthday,2023-02-19,Wedding,Jendouba,Tunisie,3,0.0,0.0,100.0,200.0,Hotel
12810,12025.0,42,3577,19000.0,0.0,confirmed,Wedding,2023-04-26,Birthday,Tunis,Tunisie,5,0.0,0.0,300.0,500.0,Hotel
14881,929.0,126,4896,26000.0,0.0,confirmed,Wedding,2025-01-16,Corporate,Tataouine,Tunisie,1,0.0,0.0,100.0,200.0,Hotel
17931,13654.0,155,66,24000.0,5.0,cancelled,Corporate Event,2025-10-15,Corporate,Kairouan,Tunisie,4,0.0,0.0,300.0,500.0,Venues de mariage privées
16159,14281.0,203,1417,24000.0,2.0,confirmed,Birthday,2025-01-03,Wedding,Sidi Bouzid,Tunisie,1,0.0,0.0,200.0,400.0,Venues de mariage privées
7092,10142.0,298,962,24000.0,0.0,cancelled,Corporate Event,2025-08-08,Wedding,Kasserine,Tunisie,1,0.0,0.0,200.0,400.0,Venues de mariage privées
16066,9083.0,176,3661,15000.0,5.0,pending,Wedding,2022-10-30,Wedding,Sousse,Tunisie,2,0.0,0.0,300.0,500.0,Venues de mariage privées
2842,10735.0,229,3480,12000.0,14.0,confirmed,Corporate Event,2022-10-26,Corporate,Nabeul,Tunisie,1,0.0,0.0,300.0,500.0,Venues de mariage privées
10473,9243.0,203,1417,26000.0,3.0,cancelled,Wedding,2024-07-27,Corporate,Sidi Bouzid,Tunisie,4,0.0,0.0,200.0,400.0,Venues de mariage privées
13718,13338.0,155,66,25000.0,10.0,cancelled,Birthday,2024-01-16,Wedding,Kasserine,Tunisie,2,0.0,0.0,200.0,400.0,Venues de mariage privées
12197,5021.0,229,3480,15000.0,0.0,pending,Wedding,2025-12-08,Wedding,Sfax,Tunisie,5,0.0,0.0,200.0,500.0,Hotel
16587,7365.0,203,1258,24000.0,7.0,pending,Wedding,2025-07-20,Wedding,Nabeul,Tunisie,3,0.0,0.0,300.0,500.0,Venues de mariage privées
8333,6381.0,203,1258,22000.0,0.0,confirmed,Wedding,2022-07-26,Birthday,Gafsa,Tunisie,4,0.0,0.0,100.0,200.0,Hotel
11218,9572.0,203,1417,25000.0,20.0,cancelled,Corporate Event,2025-02-12,Wedding,Tunis,Tunisie,5,0.0,0.0,300.0,500.0,Hotel
11381,13634.0,229,3480,21000.0,0.0,confirmed,Corporate Event,2023-12-28,Birthday,Ariana,Tunisie,5,0.0,0.0,200.0,400.0,Venues de mariage privées
16145,3043.0,298,962,15000.0,0.0,confirmed,Wedding,2025-06-03,Birthday,Sidi Bouzid,Tunisie,4,0.0,0.0,200.0,400.0,Venues de mariage privées
2448,2674.0,176,3661,22000.0,16.0,cancelled,Corporate Event,2022-03-25,Wedding,Ben Arous,Tunisie,3,0.0,0.0,200.0,400.0,Venues de mariage privées
8996,9956.0,42,3577,24000.0,16.0,cancelled,Corporate Event,2022-05-08,Wedding,Sfax,Tunisie,1,0.0,0.0,200.0,500.0,Hotel
1746,5100.0,42,3577,21000.0,13.0,confirmed,Wedding,2024-01-31,Corporate,Manouba,Tunisie,2,0.0,0.0,200.0,400.0,Venues de mariage privées
1405,8151.0,42,3577,25000.0,3.0,pending,Corporate Event,2023-07-17,Corporate,Sidi Bouzid,Tunisie,3,0.0,0.0,200.0,400.0,Venues de mariage privées
11553,10329.0,249,22215,12000.0,3.0,confirmed,Birthday,2025-02-21,Corporate,Sfax,Tunisie,2,0.0,0.0,200.0,500.0,Hotel
15937,11952.0,252,1608,21000.0,0.0,cancelled,Wedding,2025-10-25,Wedding,Tozeur,Tunisie,2,0.0,0.0,300.0,500.0,Venues de mariage privées
7925,6168.0,176,3661,24000.0,0.0,confirmed,Wedding,2022-11-03,Wedding,Gafsa,Tunisie,2,0.0,0.0,100.0,200.0,Hotel
7446,11244.0,229,3480,21000.0,10.0,pending,Wedding,2024-10-28,Corporate,Jendouba,Tunisie,5,0.0,0.0,100.0,200.0,Hotel
10327,7324.0,202,1983,17000.0,0.0,pending,Corporate Event,2023-04-23,Birthday,Kasserine,Tunisie,1,0.0,0.0,200.0,400.0,Venues de mariage privées
7729,5581.0,202,1983,26000.0,2.0,confirmed,Wedding,2023-07-25,Wedding,Mahdia,Tunisie,5,0.0,0.0,200.0,400.0,Venues de mariage privées
16771,14532.0,126,4896,22000.0,16.0,pending,Birthday,2023-03-27,Wedding,Monastir,Tunisie,2,0.0,0.0,200.0,500.0,Hotel
14621,5209.0,203,1258,15000.0,0.0,pending,Birthday,2022-12-30,Birthday,Mahdia,Tunisie,3,0.0,0.0,200.0,400.0,Venues de mariage privées
15343,5647.0,239,4101,24000.0,14.0,confirmed,Corporate Event,2022-03-04,Corporate,Nabeul,Tunisie,3,0.0,0.0,300.0,500.0,Venues de mariage privées
8639,6171.0,203,1417,20000.0,4.0,cancelled,Birthday,2022-05-24,Wedding,Zaghouan,Tunisie,4,0.0,0.0,100.0,200.0,Hotel
4187,7301.0,252,1608,12000.0,0.0,cancelled,Birthday,2023-01-13,Wedding,Kasserine,Tunisie,4,0.0,0.0,200.0,400.0,Venues de mariage privées
11584,11009.0,203,1417,19000.0,0.0,confirmed,Birthday,2023-12-19,Wedding,Kasserine,Tunisie,1,0.0,0.0,200.0,400.0,Venues de mariage privées
422,2951.0,229,3480,21000.0,3.0,pending,Corporate Event,2022-04-07,Corporate,Sidi Bouzid,Tunisie,5,0.0,0.0,200.0,400.0,Venues de mariage privées
1471,11460.0,203,1258,15000.0,0.0,confirmed,Birthday,2025-03-28,Wedding,Tozeur,Tunisie,5,0.0,0.0,300.0,500.0,Venues de mariage privées
1258,2835.0,249,22215,15000.0,3.0,cancelled,Corporate Event,2022-03-02,Birthday,Zaghouan,Tunisie,2,0.0,0.0,100.0,200.0,Hotel
2584,2303.0,252,1608,19000.0,7.0,confirmed,Birthday,2024-05-09,Corporate,Zaghouan,Tunisie,1,0.0,0.0,100.0,200.0,Hotel
3129,1208.0,126,4896,26000.0,2.0,pending,Birthday,2023-04-23,Birthday,Ben Arous,Tunisie,5,0.0,0.0,200.0,400.0,Venues de mariage privées
13499,2677.0,176,3661,22000.0,10.0,confirmed,Birthday,2025-02-07,Wedding,Ariana,Tunisie,1,0.0,0.0,200.0,400.0,Venues de mariage privées
128,14788.0,298,962,21000.0,10.0,cancelled,Wedding,2025-06-13,Birthday,Nabeul,Tunisie,4,0.0,0.0,300.0,500.0,Venues de mariage privées
10575,99600.0,203,1258,26000.0,0.0,confirmed,Wedding,2023-06-20,Wedding,Gafsa,Tunisie,4,0.0,0.0,100.0,200.0,Hotel
11526,5439.0,298,962,26000.0,7.0,pending,Birthday,2024-01-03,Corporate,Zaghouan,Tunisie,3,0.0,0.0,100.0,200.0,Hotel
16736,4608.0,176,3661,26000.0,16.0,confirmed,Wedding,2025-01-25,Wedding,Siliana,Tunisie,5,0.0,0.0,200.0,400.0,Venues de mariage privées
17845,941.0,203,1417,17000.0,10.0,confirmed,Wedding,2022-06-04,Corporate,Jendouba,Tunisie,1,0.0,0.0,100.0,200.0,Hotel
264,4329.0,249,22215,12000.0,10.0,pending,Birthday,2025-05-05,Wedding,Gafsa,Tunisie,3,0.0,0.0,100.0,200.0,Hotel
5436,3602.0,298,962,20000.0,0.0,confirmed,Wedding,2023-09-10,Birthday,Jendouba,Tunisie,1,0.0,0.0,100.0,200.0,Hotel
8096,4364.0,42,3577,25000.0,0.0,confirmed,Wedding,2022-02-16,Birthday,Ariana,Tunisie,3,0.0,0.0,200.0,400.0,Venues de mariage privées
16560,10169.0,202,1983,21000.0,7.0,cancelled,Birthday,2024-01-26,Wedding,Nabeul,Tunisie,4,0.0,0.0,300.0,500.0,Venues de mariage privées
7742,931.0,239,4101,15000.0,10.0,cancelled,Corporate Event,2025-01-15,Corporate,Jendouba,Tunisie,1,0.0,0.0,100.0,200.0,Hotel
7733,13483.0,249,22215,26000.0,2.0,confirmed,Corporate Event,2024-06-24,Wedding,Bizerte,Tunisie,4,0.0,0.0,300.0,500.0,Venues de mariage privées
15400,12166.0,202,1983,26000.0,0.0,cancelled,Corporate Event,2024-02-28,Corporate,Siliana,Tunisie,1,0.0,0.0,200.0,400.0,Venues de mariage privées
13630,11010.0,229,3480,20000.0,0.0,cancelled,Wedding,2022-08-02,Wedding,Tozeur,Tunisie,5,0.0,0.0,300.0,500.0,Venues de mariage privées
15300,9012.0,202,1983,19000.0,0.0,pending,Corporate Event,2024-04-02,Birthday,Gafsa,Tunisie,2,0.0,0.0,100.0,200.0,Hotel
11224,2417.0,249,22215,20000.0,10.0,pending,Corporate Event,2022-03-24,Birthday,Sfax,Tunisie,5,0.0,0.0,200.0,500.0,Hotel
2784,4253.0,155,66,21000.0,10.0,pending,Birthday,2024-03-10,Birthday,Nabeul,Tunisie,5,0.0,0.0,300.0,500.0,Venues de mariage privées
13946,3886.0,203,1417,26000.0,0.0,cancelled,Corporate Event,2022-06-07,Wedding,Kasserine,Tunisie,3,0.0,0.0,200.0,400.0,Venues de mariage privées
1591,14194.0,203,1417,13000.0,20.0,confirmed,Corporate Event,2024-04-19,Wedding,Tunis,Tunisie,1,0.0,0.0,300.0,500.0,Hotel
13162,11449.0,203,1258,17000.0,3.0,pending,Wedding,2024-07-22,Corporate,Sidi Bouzid,Tunisie,3,0.0,0.0,200.0,400.0,Venues de mariage privées
15468,6526.0,298,962,13000.0,3.0,cancelled,Corporate Event,2024-05-21,Wedding,Sidi Bouzid,Tunisie,1,0.0,0.0,200.0,400.0,Venues de mariage privées
16074,1809.0,252,1608,24000.0,10.0,confirmed,Wedding,2025-03-29,Wedding,Gafsa,Tunisie,1,0.0,0.0,100.0,200.0,Hotel
9314,10482.0,155,66,26000.0,14.0,confirmed,Corporate Event,2025-02-15,Corporate,Nabeul,Tunisie,4,0.0,0.0,300.0,500.0,Venues de mariage privées
17115,12292.0,239,4101,24000.0,10.0,pending,Birthday,2022-08-07,Wedding,Kasserine,Tunisie,5,0.0,0.0,200.0,400.0,Venues de mariage privées
11930,9423.0,126,4896,20000.0,20.0,cancelled,Corporate Event,2023-06-30,Wedding,Tunis,Tunisie,5,0.0,0.0,300.0,500.0,Hotel
4059,8762.0,176,3661,12000.0,7.0,pending,Birthday,2023-12-08,Birthday,Kairouan,Tunisie,2,0.0,0.0,300.0,500.0,Venues de mariage privées
14799,6484.0,239,4101,15000.0,3.0,pending,Wedding,2022-05-24,Wedding,Monastir,Tunisie,2,0.0,0.0,200.0,500.0,Hotel
17588,5609.0,126,4896,24000.0,7.0,pending,Birthday,2022-02-09,Birthday,Kairouan,Tunisie,5,0.0,0.0,300.0,500.0,Venues de mariage privées
6134,9680.0,249,22215,15000.0,8.0,cancelled,Corporate Event,2023-12-30,Wedding,Zaghouan,Tunisie,2,0.0,0.0,100.0,200.0,Hotel
4447,6807.0,298,962,20000.0,9.0,confirmed,Birthday,2025-03-31,Corporate,Kasserine,Tunisie,3,0.0,0.0,200.0,400.0,Venues de mariage privées
7449,6481.0,176,3661,15000.0,4.0,cancelled,Wedding,2022-04-01,Wedding,Kairouan,Tunisie,5,0.0,0.0,300.0,500.0,Venues de mariage privées
12551,7858.0,155,66,24000.0,8.0,pending,Corporate Event,2023-01-19,Wedding,Bizerte,Tunisie,2,0.0,0.0,300.0,500.0,Venues de mariage privées
11556,3014.0,155,66,20000.0,7.0,pending,Birthday,2023-08-19,Birthday,Kairouan,Tunisie,2,0.0,0.0,300.0,500.0,Venues de mariage privées
11315,3810.0,155,66,22000.0,0.0,confirmed,Corporate Event,2025-04-07,Wedding,Gafsa,Tunisie,1,0.0,0.0,100.0,200.0,Hotel
11968,1024.0,202,1983,25000.0,0.0,cancelled,Birthday,2022-01-26,Birthday,Tozeur,Tunisie,1,0.0,0.0,300.0,500.0,Venues de mariage privées
12603,2917.0,176,3661,21000.0,0.0,pending,Birthday,2025-03-24,Birthday,Tunis,Tunisie,1,0.0,0.0,300.0,500.0,Hotel
11380,1781.0,126,4896,19000.0,8.0,confirmed,Wedding,2025-08-23,Wedding,Zaghouan,Tunisie,4,0.0,0.0,100.0,200.0,Hotel
9014,13621.0,202,1983,19000.0,8.0,pending,Wedding,2024-01-14,Wedding,Bizerte,Tunisie,1,0.0,0.0,300.0,500.0,Venues de mariage privées
15775,9994.0,249,22215,23000.0,7.0,cancelled,Birthday,2024-08-15,Birthday,Tataouine,Tunisie,5,0.0,0.0,100.0,200.0,Hotel
3465,6161.0,203,1417,19000.0,20.0,confirmed,Birthday,2025-07-08,Wedding,Tunis,Tunisie,1,0.0,0.0,300.0,500.0,Hotel
14665,4311.0,155,66,17000.0,7.0,confirmed,Corporate Event,2022-05-07,Birthday,Kairouan,Tunisie,4,0.0,0.0,300.0,500.0,Venues de mariage privées
114,5270.0,176,3661,13000.0,0.0,pending,Wedding,2025-08-20,Corporate,Siliana,Tunisie,2,0.0,0.0,200.0,400.0,Venues de mariage privées
2214,7939.0,229,3480,22000.0,4.0,confirmed,Birthday,2025-01-03,Wedding,Ben Arous,Tunisie,5,0.0,0.0,200.0,400.0,Venues de mariage privées
8502,8558.0,203,1417,24000.0,2.0,pending,Corporate Event,2023-10-12,Birthday,Ben Arous,Tunisie,2,0.0,0.0,200.0,400.0,Venues de mariage privées
11909,13831.0,249,22215,12000.0,4.0,pending,Corporate Event,2024-09-27,Wedding,Ben Arous,Tunisie,4,0.0,0.0,200.0,400.0,Venues de mariage privées
15285,5622.0,252,1608,12000.0,16.0,cancelled,Wedding,2025-03-15,Wedding,Siliana,Tunisie,3,0.0,0.0,200.0,400.0,Venues de mariage privées
8240,14712.0,155,66,17000.0,0.0,cancelled,Wedding,2025-03-14,Wedding,Tozeur,Tunisie,4,0.0,0.0,300.0,500.0,Venues de mariage privées
14544,4371.0,229,3480,19000.0,7.0,confirmed,Birthday,2025-05-03,Birthday,Kairouan,Tunisie,5,0.0,0.0,300.0,500.0,Venues de mariage privées
14048,9695.0,252,1608,12000.0,0.0,pending,Corporate Event,2024-05-05,Birthday,Tunis,Tunisie,3,0.0,0.0,300.0,500.0,Hotel
2520,5025.0,239,4101,25000.0,0.0,pending,Corporate Event,2025-04-26,Birthday,Tozeur,Tunisie,3,0.0,0.0,300.0,500.0,Venues de mariage privées
10552,9342.0,126,4896,26000.0,5.0,pending,Corporate Event,2024-12-28,Corporate,Gafsa,Tunisie,3,0.0,0.0,100.0,200.0,Hotel
16479,2535.0,298,962,20000.0,5.0,cancelled,Corporate Event,2025-03-27,Wedding,Sousse,Tunisie,5,0.0,0.0,300.0,500.0,Venues de mariage privées
12738,13981.0,249,22215,23000.0,0.0,pending,Birthday,2024-06-01,Corporate,Siliana,Tunisie,1,0.0,0.0,200.0,400.0,Venues de mariage privées
6242,13430.0,252,1608,21000.0,14.0,confirmed,Wedding,2024-11-19,Corporate,Nabeul,Tunisie,1,0.0,0.0,300.0,500.0,Venues de mariage privées
603,837.0,252,1608,26000.0,0.0,cancelled,Wedding,2024-04-22,Birthday,Jendouba,Tunisie,2,0.0,0.0,100.0,200.0,Hotel
6266,11536.0,239,4101,20000.0,9.0,cancelled,Corporate Event,2023-04-03,Wedding,Kairouan,Tunisie,5,0.0,0.0,300.0,500.0,Venues de mariage privées
5494,2946.0,239,4101,24000.0,0.0,pending,Birthday,2023-12-19,Birthday,Siliana,Tunisie,2,0.0,0.0,200.0,400.0,Venues de mariage privées
13554,3181.0,239,4101,12000.0,2.0,confirmed,Corporate Event,2025-06-06,Wedding,Bizerte,Tunisie,5,0.0,0.0,300.0,500.0,Venues de mariage privées
16461,8685.0,252,1608,24000.0,20.0,cancelled,Wedding,2025-02-28,Wedding,Tunis,Tunisie,5,0.0,0.0,300.0,500.0,Hotel
6243,2593.0,176,3661,24000.0,3.0,confirmed,Birthday,2024-11-16,Wedding,Sidi Bouzid,Tunisie,4,0.0,0.0,200.0,400.0,Venues de mariage privées
2547,1375.0,249,22215,21000.0,10.0,confirmed,Wedding,2022-08-30,Birthday,Sfax,Tunisie,4,0.0,0.0,200.0,500.0,Hotel
12392,4289.0,203,1258,15000.0,0.0,pending,Birthday,2025-08-07,Wedding,Gafsa,Tunisie,3,0.0,0.0,100.0,200.0,Hotel
13661,3459.0,239,4101,21000.0,10.0,cancelled,Corporate Event,2024-01-02,Birthday,Nabeul,Tunisie,1,0.0,0.0,300.0,500.0,Venues de mariage privées
5152,2665.0,229,3480,24000.0,16.0,cancelled,Wedding,2023-12-05,Wedding,Monastir,Tunisie,1,0.0,0.0,200.0,500.0,Hotel
14872,324.0,249,22215,26000.0,3.0,cancelled,Corporate Event,2024-08-13,Wedding,Monastir,Tunisie,4,0.0,0.0,200.0,500.0,Hotel
8552,3989.0,203,1258,21000.0,20.0,cancelled,Birthday,2025-06-02,Wedding,Manouba,Tunisie,4,0.0,0.0,200.0,400.0,Venues de mariage privées
12720,10634.0,155,66,12000.0,0.0,cancelled,Birthday,2024-04-22,Birthday,Sidi Bouzid,Tunisie,2,0.0,0.0,200.0,400.0,Venues de mariage privées
494,9051.0,42,3577,13000.0,9.0,cancelled,Wedding,2023-07-02,Wedding,Kairouan,Tunisie,3,0.0,0.0,300.0,500.0,Venues de mariage privées
7395,9622.0,249,22215,15000.0,11.0,confirmed,Birthday,2023-11-10,Corporate,Ariana,Tunisie,1,0.0,0.0,200.0,400.0,Venues de mariage privées
5286,12315.0,239,4101,22000.0,4.0,cancelled,Birthday,2025-06-11,Birthday,Bizerte,Tunisie,3,0.0,0.0,300.0,500.0,Venues de mariage privées
7550,1685.0,202,1983,12000.0,2.0,pending,Birthday,2022-08-17,Wedding,Jendouba,Tunisie,4,0.0,0.0,100.0,200.0,Hotel
7038,1859.0,239,4101,24000.0,7.0,cancelled,Birthday,2025-05-24,Wedding,Jendouba,Tunisie,3,0.0,0.0,100.0,200.0,Hotel
3920,9839.0,126,4896,19000.0,2.0,cancelled,Wedding,2022-03-10,Wedding,Bizerte,Tunisie,4,0.0,0.0,300.0,500.0,Venues de mariage privées
6689,13025.0,239,4101,24000.0,3.0,confirmed,Birthday,2023-10-12,Wedding,Monastir,Tunisie,3,0.0,0.0,200.0,500.0,Hotel
4267,8598.0,229,3480,19000.0,10.0,cancelled,Birthday,2024-03-14,Birthday,Sfax,Tunisie,1,0.0,0.0,200.0,500.0,Hotel
11951,5813.0,249,22215,17000.0,0.0,cancelled,Corporate Event,2022-10-20,Wedding,Tozeur,Tunisie,5,0.0,0.0,300.0,500.0,Venues de mariage privées
9604,14196.0,203,1417,22000.0,9.0,pending,Corporate Event,2024-03-26,Corporate,Kasserine,Tunisie,2,0.0,0.0,200.0,400.0,Venues de mariage privées
9503,581.0,155,66,24000.0,5.0,confirmed,Wedding,2025-11-09,Corporate,Kairouan,Tunisie,2,0.0,0.0,300.0,500.0,Venues de mariage privées
14182,1477.0,249,22215,19000.0,2.0,confirmed,Wedding,2025-03-09,Birthday,Monastir,Tunisie,1,0.0,0.0,200.0,500.0,Hotel
1921,12204.0,202,1983,12000.0,0.0,pending,Corporate Event,2022-06-01,Birthday,Kasserine,Tunisie,1,0.0,0.0,200.0,400.0,Venues de mariage privées
4499,6722.0,176,3661,24000.0,0.0,cancelled,Birthday,2022-05-08,Birthday,Sousse,Tunisie,1,0.0,0.0,300.0,500.0,Venues de mariage privées
3422,5252.0,298,962,24000.0,4.0,cancelled,Wedding,2024-08-20,Corporate,Tunis,Tunisie,3,0.0,0.0,300.0,500.0,Hotel
17898,13788.0,126,4896,25000.0,10.0,confirmed,Wedding,2024-11-06,Wedding,Kasserine,Tunisie,5,0.0,0.0,200.0,400.0,Venues de mariage privées
11252,4502.0,249,22215,20000.0,5.0,confirmed,Corporate Event,2023-01-26,Corporate,Kairouan,Tunisie,2,0.0,0.0,300.0,500.0,Venues de mariage privées
11958,9021.0,239,4101,19000.0,3.0,cancelled,Birthday,2022-11-24,Birthday,Zaghouan,Tunisie,4,0.0,0.0,100.0,200.0,Hotel
6842,11270.0,298,962,25000.0,0.0,cancelled,Wedding,2024-10-11,Wedding,Sfax,Tunisie,5,0.0,0.0,200.0,500.0,Hotel
17926,8260.0,203,1258,15000.0,5.0,confirmed,Birthday,2022-12-05,Corporate,Kairouan,Tunisie,2,0.0,0.0,300.0,500.0,Venues de mariage privées
19,13006.0,155,66,17000.0,10.0,pending,Birthday,2025-08-04,Birthday,Nabeul,Tunisie,5,0.0,0.0,300.0,500.0,Venues de mariage privées
11845,365.0,202,1983,17000.0,5.0,cancelled,Corporate Event,2024-02-28,Corporate,Gafsa,Tunisie,1,0.0,0.0,100.0,200.0,Hotel
6424,5045.0,202,1983,17000.0,3.0,pending,Wedding,2024-06-23,Corporate,Sidi Bouzid,Tunisie,3,0.0,0.0,200.0,400.0,Venues de mariage privées
7535,9624.0,229,3480,23000.0,16.0,confirmed,Birthday,2024-03-21,Wedding,Manouba,Tunisie,5,0.0,0.0,200.0,400.0,Venues de mariage privées
9628,5610.0,239,4101,21000.0,3.0,confirmed,Corporate Event,2022-10-31,Wedding,Monastir,Tunisie,3,0.0,0.0,200.0,500.0,Hotel
14497,2966.0,203,1258,19000.0,0.0,cancelled,Wedding,2022-06-25,Birthday,Siliana,Tunisie,4,0.0,0.0,200.0,400.0,Venues de mariage privées
7682,2941.0,298,962,17000.0,2.0,confirmed,Birthday,2022-05-07,Wedding,Mahdia,Tunisie,3,0.0,0.0,200.0,400.0,Venues de mariage privées
7425,14107.0,252,1608,20000.0,7.0,pending,Birthday,2025-12-15,Corporate,Zaghouan,Tunisie,1,0.0,0.0,100.0,200.0,Hotel
17708,12177.0,176,3661,24000.0,10.0,cancelled,Wedding,2023-08-09,Wedding,Gafsa,Tunisie,5,0.0,0.0,100.0,200.0,Hotel
4985,3920.0,155,66,25000.0,0.0,pending,Birthday,2022-11-13,Birthday,Jendouba,Tunisie,5,0.0,0.0,100.0,200.0,Hotel
13561,5213.0,239,4101,26000.0,2.0,confirmed,Wedding,2022-02-18,Wedding,Siliana,Tunisie,2,0.0,0.0,200.0,400.0,Venues de mariage privées
6926,7560.0,252,1608,24000.0,5.0,cancelled,Birthday,2022-10-03,Corporate,Kairouan,Tunisie,5,0.0,0.0,300.0,500.0,Venues de mariage privées
426,2633.0,229,3480,19000.0,8.0,pending,Corporate Event,2022-08-25,Wedding,Bizerte,Tunisie,2,0.0,0.0,300.0,500.0,Venues de mariage privées
14258,1260.0,176,3661,21000.0,15.0,confirmed,Corporate Event,2022-06-24,Corporate,Ben Arous,Tunisie,1,0.0,0.0,200.0,400.0,Venues de mariage privées
2966,6984.0,155,66,13000.0,2.0,pending,Birthday,2024-01-23,Wedding,Siliana,Tunisie,3,0.0,0.0,200.0,400.0,Venues de mariage privées
18,14940.0,239,4101,24000.0,7.0,confirmed,Birthday,2025-03-29,Corporate,Zaghouan,Tunisie,5,0.0,0.0,100.0,200.0,Hotel
15525,6124.0,239,4101,23000.0,3.0,pending,Wedding,2022-04-29,Corporate,Sidi Bouzid,Tunisie,4,0.0,0.0,200.0,400.0,Venues de mariage privées
13078,11738.0,202,1983,20000.0,3.0,pending,Wedding,2024-10-05,Wedding,Monastir,Tunisie,2,0.0,0.0,200.0,500.0,Hotel
14316,4808.0,203,1258,23000.0,5.0,cancelled,Corporate Event,2025-12-10,Corporate,Gafsa,Tunisie,3,0.0,0.0,100.0,200.0,Hotel
8431,9827.0,176,3661,26000.0,5.0,cancelled,Birthday,2025-05-26,Wedding,Sousse,Tunisie,5,0.0,0.0,300.0,500.0,Venues de mariage privées
12014,873.0,249,22215,19000.0,2.0,confirmed,Corporate Event,2022-05-13,Birthday,Monastir,Tunisie,1,0.0,0.0,200.0,500.0,Hotel
3500,9029.0,298,962,15000.0,9.0,confirmed,Wedding,2022-09-06,Wedding,Kairouan,Tunisie,5,0.0,0.0,300.0,500.0,Venues de mariage privées
234,14929.0,203,1258,22000.0,3.0,cancelled,Birthday,2024-10-14,Birthday,Zaghouan,Tunisie,5,0.0,0.0,100.0,200.0,Hotel
1937,5635.0,42,3577,25000.0,7.0,cancelled,Corporate Event,2024-02-13,Wedding,Jendouba,Tunisie,3,0.0,0.0,100.0,200.0,Hotel
16022,1219.0,203,1417,19000.0,13.0,confirmed,Wedding,2023-01-30,Corporate,Manouba,Tunisie,1,0.0,0.0,200.0,400.0,Venues de mariage privées
7748,10126.0,239,4101,23000.0,3.0,cancelled,Birthday,2025-06-26,Wedding,Sidi Bouzid,Tunisie,4,0.0,0.0,200.0,400.0,Venues de mariage privées
477,1081.0,126,4896,21000.0,4.0,confirmed,Corporate Event,2025-08-24,Corporate,Tunis,Tunisie,1,0.0,0.0,300.0,500.0,Hotel
5711,3650.0,239,4101,17000.0,16.0,cancelled,Birthday,2024-04-25,Wedding,Siliana,Tunisie,4,0.0,0.0,200.0,400.0,Venues de mariage privées
972,3074.0,126,4896,17000.0,0.0,pending,Corporate Event,2024-03-21,Birthday,Ariana,Tunisie,5,0.0,0.0,200.0,400.0,Venues de mariage privées
17159,447.0,249,22215,15000.0,2.0,confirmed,Wedding,2024-06-24,Wedding,Mahdia,Tunisie,1,0.0,0.0,200.0,400.0,Venues de mariage privées
8690,10966.0,298,962,23000.0,5.0,cancelled,Corporate Event,2025-01-03,Corporate,Tozeur,Tunisie,2,0.0,0.0,300.0,500.0,Venues de mariage privées
818,2234.0,239,4101,21000.0,0.0,cancelled,Wedding,2023-01-28,Corporate,Siliana,Tunisie,1,0.0,0.0,200.0,400.0,Venues de mariage privées
16299,8259.0,202,1983,21000.0,7.0,cancelled,Corporate Event,2024-01-10,Birthday,Kairouan,Tunisie,3,0.0,0.0,300.0,500.0,Venues de mariage privées
175,9029.0,176,3661,20000.0,16.0,cancelled,Birthday,2025-04-10,Wedding,Siliana,Tunisie,1,0.0,0.0,200.0,400.0,Venues de mariage privées
11797,11576.0,239,4101,21000.0,7.0,confirmed,Wedding,2022-06-25,Wedding,Jendouba,Tunisie,3,0.0,0.0,100.0,200.0,Hotel
12854,2586.0,229,3480,22000.0,2.0,pending,Wedding,2022-12-08,Wedding,Sidi Bouzid,Tunisie,1,0.0,0.0,200.0,400.0,Venues de mariage privées
5045,12419.0,252,1608,12000.0,0.0,confirmed,Corporate Event,2023-06-10,Wedding,Gafsa,Tunisie,4,0.0,0.0,100.0,200.0,Hotel
15971,9089.0,155,66,15000.0,8.0,confirmed,Wedding,2023-04-14,Wedding,Bizerte,Tunisie,1,0.0,0.0,300.0,500.0,Venues de mariage privées
9263,12144.0,298,962,12000.0,0.0,pending,Wedding,2022-01-01,Corporate,Siliana,Tunisie,3,0.0,0.0,200.0,400.0,Venues de mariage privées
354,9851.0,239,4101,19000.0,10.0,cancelled,Birthday,2022-03-04,Corporate,Jendouba,Tunisie,2,0.0,0.0,100.0,200.0,Hotel
10762,2587.0,176,3661,21000.0,5.0,cancelled,Corporate Event,2025-07-01,Corporate,Tozeur,Tunisie,4,0.0,0.0,300.0,500.0,Venues de mariage privées
17309,880.0,202,1983,20000.0,4.0,cancelled,Corporate Event,2025-09-09,Wedding,Ben Arous,Tunisie,1,0.0,0.0,200.0,400.0,Venues de mariage privées
8450,10827.0,155,66,21000.0,20.0,pending,Corporate Event,2022-07-18,Wedding,Manouba,Tunisie,5,0.0,0.0,200.0,400.0,Venues de mariage privées
6986,4647.0,203,1417,26000.0,2.0,cancelled,Corporate Event,2022-07-10,Wedding,Jendouba,Tunisie,2,0.0,0.0,100.0,200.0,Hotel
4754,4206.0,202,1983,21000.0,0.0,cancelled,Wedding,2022-05-25,Birthday,Tunis,Tunisie,3,0.0,0.0,300.0,500.0,Hotel
5090,7920.0,239,4101,15000.0,2.0,cancelled,Wedding,2025-03-24,Wedding,Mahdia,Tunisie,3,0.0,0.0,200.0,400.0,Venues de mariage privées
10590,13236.0,239,4101,24000.0,10.0,confirmed,Wedding,2022-02-27,Wedding,Kasserine,Tunisie,1,0.0,0.0,200.0,400.0,Venues de mariage privées
5652,12197.0,126,4896,24000.0,0.0,pending,Birthday,2024-10-23,Corporate,Siliana,Tunisie,5,0.0,0.0,200.0,400.0,Venues de mariage privées
505,5191.0,229,3480,20000.0,1.0,pending,Wedding,2025-10-21,Wedding,Tataouine,Tunisie,3,0.0,0.0,100.0,200.0,Hotel
16103,9585.0,252,1608,20000.0,3.0,pending,Birthday,2024-01-02,Birthday,Zaghouan,Tunisie,2,0.0,0.0,100.0,200.0,Hotel
10261,14146.0,42,3577,21000.0,12.0,confirmed,Wedding,2023-09-15,Corporate,Monastir,Tunisie,2,0.0,0.0,200.0,500.0,Hotel
5007,10869.0,176,3661,22000.0,3.0,cancelled,Birthday,2025-05-10,Corporate,Sfax,Tunisie,1,0.0,0.0,200.0,500.0,Hotel
8195,13450.0,229,3480,15000.0,0.0,pending,Birthday,2025-05-28,Birthday,Siliana,Tunisie,3,0.0,0.0,200.0,400.0,Venues de mariage privées
890,13706.0,229,3480,20000.0,0.0,confirmed,Corporate Event,2022-02-18,Birthday,Tozeur,Tunisie,5,0.0,0.0,300.0,500.0,Venues de mariage privées
6128,696.0,203,1258,26000.0,0.0,confirmed,Wedding,2023-10-07,Birthday,Sousse,Tunisie,1,0.0,0.0,300.0,500.0,Venues de mariage privées
4701,14952.0,202,1983,12000.0,3.0,cancelled,Birthday,2023-10-28,Wedding,Monastir,Tunisie,5,0.0,0.0,200.0,500.0,Hotel
3398,5396.0,229,3480,17000.0,3.0,confirmed,Corporate Event,2023-02-13,Corporate,Sfax,Tunisie,4,0.0,0.0,200.0,500.0,Hotel
15102,13331.0,176,3661,15000.0,9.0,confirmed,Corporate Event,2025-02-27,Corporate,Sousse,Tunisie,3,0.0,0.0,300.0,500.0,Venues de mariage privées
4716,6386.0,202,1983,12000.0,2.0,cancelled,Corporate Event,2024-09-17,Wedding,Mahdia,Tunisie,5,0.0,0.0,200.0,400.0,Venues de mariage privées
4252,12260.0,155,66,21000.0,14.0,confirmed,Corporate Event,2025-10-05,Corporate,Nabeul,Tunisie,3,0.0,0.0,300.0,500.0,Venues de mariage privées
11186,6881.0,126,4896,22000.0,7.0,cancelled,Wedding,2025-06-08,Birthday,Kairouan,Tunisie,1,0.0,0.0,300.0,500.0,Venues de mariage privées
11433,10857.0,176,3661,12000.0,7.0,cancelled,Wedding,2022-04-11,Birthday,Kairouan,Tunisie,2,0.0,0.0,300.0,500.0,Venues de mariage privées
14225,6448.0,252,1608,13000.0,14.0,pending,Corporate Event,2023-12-12,Corporate,Nabeul,Tunisie,3,0.0,0.0,300.0,500.0,Venues de mariage privées
3773,6730.0,126,4896,22000.0,2.0,confirmed,Wedding,2023-07-02,Wedding,Mahdia,Tunisie,5,0.0,0.0,200.0,400.0,Venues de mariage privées
15923,13308.0,126,4896,26000.0,2.0,pending,Corporate Event,2025-11-21,Wedding,Bizerte,Tunisie,3,0.0,0.0,300.0,500.0,Venues de mariage privées
15262,5996.0,202,1983,21000.0,7.0,cancelled,Birthday,2022-09-15,Corporate,Zaghouan,Tunisie,2,0.0,0.0,100.0,200.0,Hotel
2034,292.0,229,3480,17000.0,10.0,confirmed,Corporate Event,2022-02-07,Corporate,Jendouba,Tunisie,5,0.0,0.0,100.0,200.0,Hotel
2685,53370.0,239,4101,12000.0,0.0,confirmed,Wedding,2023-08-30,Birthday,Jendouba,Tunisie,5,0.0,0.0,100.0,200.0,Hotel
10932,4647.0,203,1258,20000.0,0.0,pending,Wedding,2023-11-26,Birthday,Tunis,Tunisie,5,0.0,0.0,300.0,500.0,Hotel
13536,1320.0,298,962,17000.0,0.0,confirmed,Corporate Event,2023-05-28,Wedding,Sfax,Tunisie,4,0.0,0.0,200.0,500.0,Hotel
17644,2138.0,126,4896,13000.0,6.0,confirmed,Birthday,2023-02-26,Corporate,Bizerte,Tunisie,3,0.0,0.0,300.0,500.0,Venues de mariage privées
12992,8005.0,155,66,17000.0,7.0,pending,Corporate Event,2025-09-26,Wedding,Jendouba,Tunisie,5,0.0,0.0,100.0,200.0,Hotel
15509,4398.0,42,3577,23000.0,0.0,confirmed,Birthday,2023-08-26,Birthday,Gafsa,Tunisie,4,0.0,0.0,100.0,200.0,Hotel
8593,2558.0,126,4896,15000.0,2.0,confirmed,Wedding,2023-01-05,Wedding,Jendouba,Tunisie,2,0.0,0.0,100.0,200.0,Hotel
9387,6970.0,203,1258,21000.0,20.0,cancelled,Birthday,2022-04-17,Wedding,Tunis,Tunisie,2,0.0,0.0,300.0,500.0,Hotel
10573,2431.0,252,1608,20000.0,20.0,confirmed,Birthday,2025-12-28,Wedding,Manouba,Tunisie,4,0.0,0.0,200.0,400.0,Venues de mariage privées
14716,8732.0,126,4896,25000.0,0.0,pending,Birthday,2025-06-23,Birthday,Mahdia,Tunisie,2,0.0,0.0,200.0,400.0,Venues de mariage privées
3533,10567.0,203,1258,20000.0,0.0,pending,Birthday,2024-01-12,Wedding,Kasserine,Tunisie,5,0.0,0.0,200.0,400.0,Venues de mariage privées
1867,6423.0,249,22215,23000.0,0.0,pending,Corporate Event,2023-12-29,Wedding,Tozeur,Tunisie,1,0.0,0.0,300.0,500.0,Venues de mariage privées
13892,5466.0,252,1608,26000.0,10.0,cancelled,Birthday,2022-04-02,Birthday,Sfax,Tunisie,1,0.0,0.0,200.0,500.0,Hotel
8408,12118.0,155,66,21000.0,7.0,pending,Birthday,2025-03-03,Corporate,Zaghouan,Tunisie,4,0.0,0.0,100.0,200.0,Hotel
1951,512.0,239,4101,15000.0,2.0,confirmed,Birthday,2024-10-08,Wedding,Jendouba,Tunisie,1,0.0,0.0,100.0,200.0,Hotel
10026,1325.0,126,4896,13000.0,4.0,confirmed,Wedding,2023-03-19,Wedding,Ben Arous,Tunisie,2,0.0,0.0,200.0,400.0,Venues de mariage privées
6954,14018.0,202,1983,20000.0,2.0,cancelled,Wedding,2023-11-04,Wedding,Sidi Bouzid,Tunisie,2,0.0,0.0,200.0,400.0,Venues de mariage privées
5128,5442.0,155,66,19000.0,14.0,confirmed,Corporate Event,2024-07-19,Wedding,Ariana,Tunisie,1,0.0,0.0,200.0,400.0,Venues de mariage privées
8762,11600.0,252,1608,15000.0,5.0,pending,Corporate Event,2025-11-06,Corporate,Kairouan,Tunisie,5,0.0,0.0,300.0,500.0,Venues de mariage privées
3736,3664.0,229,3480,25000.0,10.0,confirmed,Wedding,2023-12-06,Wedding,Ariana,Tunisie,1,0.0,0.0,200.0,400.0,Venues de mariage privées
396,3309.0,229,3480,12000.0,16.0,pending,Wedding,2022-02-20,Wedding,Siliana,Tunisie,5,0.0,0.0,200.0,400.0,Venues de mariage privées
15426,10862.0,203,1417,25000.0,7.0,confirmed,Birthday,2022-11-14,Wedding,Nabeul,Tunisie,1,0.0,0.0,300.0,500.0,Venues de mariage privées
3756,3955.0,239,4101,20000.0,0.0,pending,Birthday,2024-09-13,Wedding,Gafsa,Tunisie,3,0.0,0.0,100.0,200.0,Hotel
14864,9033.0,203,1417,20000.0,7.0,pending,Wedding,2024-07-26,Wedding,Nabeul,Tunisie,1,0.0,0.0,300.0,500.0,Venues de mariage privées
15915,11951.0,203,1417,12000.0,5.0,pending,Birthday,2024-02-01,Corporate,Tozeur,Tunisie,3,0.0,0.0,300.0,500.0,Venues de mariage privées
2717,8053.0,155,66,26000.0,20.0,cancelled,Birthday,2025-02-04,Wedding,Manouba,Tunisie,4,0.0,0.0,200.0,400.0,Venues de mariage privées
11787,5207.0,298,962,20000.0,4.0,confirmed,Wedding,2025-12-28,Corporate,Tunis,Tunisie,5,0.0,0.0,300.0,500.0,Hotel
16576,6503.0,203,1417,21000.0,7.0,confirmed,Wedding,2022-10-15,Wedding,Nabeul,Tunisie,3,0.0,0.0,300.0,500.0,Venues de mariage privées
1337,6734.0,203,1258,15000.0,16.0,cancelled,Wedding,2023-11-16,Wedding,Manouba,Tunisie,2,0.0,0.0,200.0,400.0,Venues de mariage privées
17687,2973.0,42,3577,22000.0,16.0,confirmed,Wedding,2025-03-15,Wedding,Sfax,Tunisie,1,0.0,0.0,200.0,500.0,Hotel
13458,8532.0,203,1417,23000.0,7.0,confirmed,Birthday,2022-09-23,Wedding,Jendouba,Tunisie,3,0.0,0.0,100.0,200.0,Hotel
17570,13092.0,252,1608,13000.0,20.0,confirmed,Corporate Event,2025-07-15,Wedding,Manouba,Tunisie,4,0.0,0.0,200.0,400.0,Venues de mariage privées
15696,10847.0,202,1983,19000.0,4.0,pending,Birthday,2025-03-14,Wedding,Zaghouan,Tunisie,5,0.0,0.0,100.0,200.0,Hotel
14320,14998.0,203,1258,24000.0,13.0,confirmed,Corporate Event,2022-11-23,Corporate,Manouba,Tunisie,1,0.0,0.0,200.0,400.0,Venues de mariage privées
6743,933.0,252,1608,22000.0,14.0,cancelled,Birthday,2025-12-09,Corporate,Nabeul,Tunisie,4,0.0,0.0,300.0,500.0,Venues de mariage privées
17103,3680.0,298,962,17000.0,2.0,pending,Corporate Event,2022-07-14,Wedding,Nabeul,Tunisie,5,0.0,0.0,300.0,500.0,Venues de mariage privées
7831,1299.0,239,4101,20000.0,0.0,confirmed,Birthday,2024-06-07,Birthday,Tunis,Tunisie,3,0.0,0.0,300.0,500.0,Hotel
3054,9986.0,202,1983,22000.0,5.0,cancelled,Birthday,2024-10-22,Corporate,Tozeur,Tunisie,4,0.0,0.0,300.0,500.0,Venues de mariage privées
5610,84200.0,229,3480,25000.0,2.0,cancelled,Corporate Event,2025-05-07,Birthday,Monastir,Tunisie,5,0.0,0.0,200.0,500.0,Hotel
10547,11138.0,239,4101,15000.0,2.0,pending,Wedding,2023-10-29,Wedding,Sidi Bouzid,Tunisie,5,0.0,0.0,200.0,400.0,Venues de mariage privées
7167,11365.0,202,1983,22000.0,9.0,cancelled,Wedding,2023-06-13,Wedding,Kairouan,Tunisie,4,0.0,0.0,300.0,500.0,Venues de mariage privées
16437,14722.0,229,3480,20000.0,3.0,pending,Wedding,2023-09-01,Wedding,Sidi Bouzid,Tunisie,2,0.0,0.0,200.0,400.0,Venues de mariage privées
13655,7602.0,155,66,20000.0,20.0,confirmed,Corporate Event,2023-08-21,Wedding,Tunis,Tunisie,3,0.0,0.0,300.0,500.0,Hotel
1588,3883.0,202,1983,20000.0,10.0,pending,Corporate Event,2024-05-01,Corporate,Jendouba,Tunisie,4,0.0,0.0,100.0,200.0,Hotel
3515,11776.0,203,1417,19000.0,3.0,confirmed,Wedding,2025-12-27,Corporate,Sidi Bouzid,Tunisie,4,0.0,0.0,200.0,400.0,Venues de mariage privées
16668,5012.0,42,3577,20000.0,0.0,cancelled,Wedding,2024-07-23,Birthday,Kasserine,Tunisie,2,0.0,0.0,200.0,400.0,Venues de mariage privées
12242,8742.0,252,1608,21000.0,15.0,confirmed,Wedding,2023-04-13,Corporate,Ben Arous,Tunisie,3,0.0,0.0,200.0,400.0,Venues de mariage privées
9124,14815.0,155,66,12000.0,20.0,cancelled,Corporate Event,2024-06-14,Wedding,Tunis,Tunisie,5,0.0,0.0,300.0,500.0,Hotel
668,3354.0,126,4896,24000.0,20.0,pending,Birthday,2022-02-13,Wedding,Tunis,Tunisie,5,0.0,0.0,300.0,500.0,Hotel
2192,8474.0,203,1417,22000.0,18.0,cancelled,Birthday,2022-09-21,Birthday,Manouba,Tunisie,4,0.0,0.0,200.0,400.0,Venues de mariage privées
157,7177.0,298,962,23000.0,16.0,cancelled,Birthday,2023-06-04,Wedding,Siliana,Tunisie,2,0.0,0.0,200.0,400.0,Venues de mariage privées
9507,10485.0,249,22215,17000.0,0.0,pending,Wedding,2022-08-20,Birthday,Gafsa,Tunisie,2,0.0,0.0,100.0,200.0,Hotel
8416,2216.0,298,962,26000.0,16.0,confirmed,Corporate Event,2023-09-24,Wedding,Sousse,Tunisie,4,0.0,0.0,300.0,500.0,Venues de mariage privées
13331,1356.0,203,1258,19000.0,0.0,cancelled,Birthday,2023-06-11,Birthday,Tunis,Tunisie,3,0.0,0.0,300.0,500.0,Hotel
15871,2370.0,249,22215,25000.0,16.0,pending,Corporate Event,2024-11-13,Wedding,Manouba,Tunisie,3,0.0,0.0,200.0,400.0,Venues de mariage privées
17511,7231.0,229,3480,21000.0,5.0,pending,Corporate Event,2022-10-08,Corporate,Kairouan,Tunisie,2,0.0,0.0,300.0,500.0,Venues de mariage privées
14334,14655.0,42,3577,21000.0,18.0,pending,Corporate Event,2025-02-13,Birthday,Manouba,Tunisie,5,0.0,0.0,200.0,400.0,Venues de mariage privées
12338,7513.0,155,66,25000.0,2.0,pending,Wedding,2025-11-11,Wedding,Mahdia,Tunisie,4,0.0,0.0,200.0,400.0,Venues de mariage privées
16225,12552.0,239,4101,12000.0,2.0,confirmed,Birthday,2022-12-13,Birthday,Monastir,Tunisie,1,0.0,0.0,200.0,500.0,Hotel
3560,804.0,252,1608,26000.0,0.0,confirmed,Corporate Event,2024-07-28,Birthday,Kasserine,Tunisie,4,0.0,0.0,200.0,400.0,Venues de mariage privées
12471,6716.0,42,3577,26000.0,0.0,confirmed,Corporate Event,2025-05-14,Birthday,Jendouba,Tunisie,2,0.0,0.0,100.0,200.0,Hotel
15803,8693.0,229,3480,21000.0,20.0,cancelled,Wedding,2024-03-06,Wedding,Tunis,Tunisie,5,0.0,0.0,300.0,500.0,Hotel
7267,5761.0,126,4896,17000.0,7.0,confirmed,Wedding,2022-05-22,Corporate,Zaghouan,Tunisie,1,0.0,0.0,100.0,200.0,Hotel
6102,3243.0,229,3480,17000.0,10.0,pending,Wedding,2023-07-18,Corporate,Jendouba,Tunisie,4,0.0,0.0,100.0,200.0,Hotel
2,9070.0,298,962,15000.0,0.0,pending,Birthday,2025-10-20,Birthday,Jendouba,Tunisie,3,0.0,0.0,100.0,200.0,Hotel
5828,10795.0,155,66,19000.0,10.0,cancelled,Birthday,2024-08-08,Birthday,Sfax,Tunisie,5,0.0,0.0,200.0,500.0,Hotel
12736,6855.0,42,3577,20000.0,20.0,confirmed,Birthday,2024-01-17,Wedding,Tunis,Tunisie,5,0.0,0.0,300.0,500.0,Hotel
12798,11696.0,203,1258,19000.0,11.0,confirmed,Birthday,2023-01-01,Corporate,Ariana,Tunisie,4,0.0,0.0,200.0,400.0,Venues de mariage privées
13076,5530.0,239,4101,26000.0,20.0,cancelled,Birthday,2025-11-18,Wedding,Tunis,Tunisie,3,0.0,0.0,300.0,500.0,Hotel
2786,1584.0,298,962,12000.0,0.0,pending,Corporate Event,2025-12-05,Wedding,Tataouine,Tunisie,2,0.0,0.0,100.0,200.0,Hotel
348,13830.0,155,66,22000.0,2.0,confirmed,Birthday,2023-07-29,Wedding,Siliana,Tunisie,1,0.0,0.0,200.0,400.0,Venues de mariage privées
6839,14632.0,239,4101,21000.0,16.0,confirmed,Birthday,2022-03-03,Wedding,Manouba,Tunisie,2,0.0,0.0,200.0,400.0,Venues de mariage privées
4802,23810.0,155,66,25000.0,2.0,cancelled,Corporate Event,2024-05-21,Birthday,Ben Arous,Tunisie,3,0.0,0.0,200.0,400.0,Venues de mariage privées
4531,13304.0,298,962,17000.0,14.0,pending,Birthday,2024-05-08,Corporate,Nabeul,Tunisie,2,0.0,0.0,300.0,500.0,Venues de mariage privées
15760,8586.0,155,66,22000.0,2.0,pending,Corporate Event,2023-10-29,Wedding,Nabeul,Tunisie,2,0.0,0.0,300.0,500.0,Venues de mariage privées
2056,14674.0,249,22215,12000.0,12.0,confirmed,Corporate Event,2024-08-28,Corporate,Monastir,Tunisie,1,0.0,0.0,200.0,500.0,Hotel
13401,1402.0,42,3577,17000.0,0.0,confirmed,Corporate Event,2025-09-12,Birthday,Gafsa,Tunisie,3,0.0,0.0,100.0,200.0,Hotel
15088,7640.0,42,3577,24000.0,0.0,pending,Wedding,2023-11-10,Birthday,Tozeur,Tunisie,5,0.0,0.0,300.0,500.0,Venues de mariage privées
5017,7539.0,249,22215,17000.0,3.0,pending,Birthday,2025-10-19,Birthday,Zaghouan,Tunisie,3,0.0,0.0,100.0,200.0,Hotel
791,6932.0,42,3577,17000.0,7.0,confirmed,Wedding,2024-01-18,Birthday,Kairouan,Tunisie,5,0.0,0.0,300.0,500.0,Venues de mariage privées
17616,6877.0,155,66,17000.0,10.0,cancelled,Wedding,2022-01-25,Wedding,Ariana,Tunisie,5,0.0,0.0,200.0,400.0,Venues de mariage privées
7229,5957.0,203,1258,23000.0,0.0,pending,Corporate Event,2022-03-12,Wedding,Gafsa,Tunisie,3,0.0,0.0,100.0,200.0,Hotel
2400,8976.0,126,4896,12000.0,20.0,cancelled,Corporate Event,2024-06-24,Wedding,Tunis,Tunisie,4,0.0,0.0,300.0,500.0,Hotel
14464,1105.0,203,1258,26000.0,5.0,cancelled,Corporate Event,2025-06-13,Corporate,Kairouan,Tunisie,5,0.0,0.0,300.0,500.0,Venues de mariage privées
11582,9344.0,203,1258,12000.0,12.0,pending,Corporate Event,2024-04-29,Corporate,Monastir,Tunisie,3,0.0,0.0,200.0,500.0,Hotel
12222,13419.0,249,22215,19000.0,10.0,pending,Wedding,2023-10-28,Corporate,Jendouba,Tunisie,2,0.0,0.0,100.0,200.0,Hotel
16289,8221.0,203,1417,13000.0,20.0,pending,Wedding,2025-04-02,Wedding,Tunis,Tunisie,5,0.0,0.0,300.0,500.0,Hotel
2216,6285.0,239,4101,22000.0,20.0,cancelled,Corporate Event,2025-06-06,Wedding,Manouba,Tunisie,2,0.0,0.0,200.0,400.0,Venues de mariage privées
1138,881.0,155,66,19000.0,8.0,cancelled,Corporate Event,2025-11-21,Wedding,Zaghouan,Tunisie,3,0.0,0.0,100.0,200.0,Hotel
4924,9406.0,298,962,25000.0,20.0,confirmed,Wedding,2025-05-29,Wedding,Tunis,Tunisie,1,0.0,0.0,300.0,500.0,Hotel
8918,7111.0,249,22215,15000.0,4.0,cancelled,Wedding,2022-05-21,Birthday,Bizerte,Tunisie,1,0.0,0.0,300.0,500.0,Venues de mariage privées
12049,11461.0,126,4896,19000.0,4.0,confirmed,Corporate Event,2023-08-05,Corporate,Tunis,Tunisie,5,0.0,0.0,300.0,500.0,Hotel
16012,4940.0,203,1417,12000.0,7.0,pending,Corporate Event,2023-05-02,Wedding,Jendouba,Tunisie,5,0.0,0.0,100.0,200.0,Hotel
7122,10253.0,203,1258,24000.0,1.0,pending,Birthday,2024-11-18,Wedding,Tataouine,Tunisie,4,0.0,0.0,100.0,200.0,Hotel
9969,6403.0,298,962,26000.0,0.0,confirmed,Wedding,2022-11-09,Birthday,Mahdia,Tunisie,1,0.0,0.0,200.0,400.0,Venues de mariage privées
10664,2003.0,42,3577,19000.0,8.0,pending,Corporate Event,2024-03-03,Wedding,Zaghouan,Tunisie,2,0.0,0.0,100.0,200.0,Hotel
12851,7725.0,202,1983,22000.0,2.0,cancelled,Corporate Event,2024-12-06,Wedding,Mahdia,Tunisie,4,0.0,0.0,200.0,400.0,Venues de mariage privées
13440,13333.0,203,1258,12000.0,9.0,confirmed,Birthday,2024-07-15,Wedding,Kairouan,Tunisie,4,0.0,0.0,300.0,500.0,Venues de mariage privées
16415,1386.0,176,3661,19000.0,14.0,pending,Wedding,2022-12-28,Corporate,Nabeul,Tunisie,2,0.0,0.0,300.0,500.0,Venues de mariage privées
7157,2194.0,42,3577,19000.0,3.0,confirmed,Birthday,2023-06-28,Birthday,Zaghouan,Tunisie,1,0.0,0.0,100.0,200.0,Hotel
9932,8991.0,229,3480,21000.0,8.0,cancelled,Birthday,2023-10-10,Wedding,Bizerte,Tunisie,2,0.0,0.0,300.0,500.0,Venues de mariage privées
4270,2975.0,176,3661,15000.0,0.0,cancelled,Birthday,2025-06-25,Birthday,Jendouba,Tunisie,4,0.0,0.0,100.0,200.0,Hotel
5836,9080.0,203,1417,20000.0,5.0,cancelled,Birthday,2024-11-21,Corporate,Gafsa,Tunisie,4,0.0,0.0,100.0,200.0,Hotel
17561,11726.0,203,1258,20000.0,16.0,cancelled,Wedding,2024-03-09,Wedding,Monastir,Tunisie,4,0.0,0.0,200.0,500.0,Hotel
7287,6731.0,298,962,26000.0,10.0,cancelled,Birthday,2022-04-29,Corporate,Jendouba,Tunisie,5,0.0,0.0,100.0,200.0,Hotel
1201,10084.0,298,962,24000.0,2.0,confirmed,Wedding,2022-01-04,Wedding,Mahdia,Tunisie,5,0.0,0.0,200.0,400.0,Venues de mariage privées
9902,10162.0,249,22215,26000.0,16.0,pending,Corporate Event,2022-12-10,Wedding,Siliana,Tunisie,4,0.0,0.0,200.0,400.0,Venues de mariage privées
6794,3626.0,229,3480,13000.0,11.0,pending,Wedding,2024-02-10,Corporate,Ariana,Tunisie,4,0.0,0.0,200.0,400.0,Venues de mariage privées
11129,13066.0,298,962,23000.0,14.0,cancelled,Wedding,2025-12-24,Corporate,Nabeul,Tunisie,3,0.0,0.0,300.0,500.0,Venues de mariage privées
10679,7496.0,176,3661,25000.0,12.0,pending,Birthday,2022-05-05,Corporate,Monastir,Tunisie,5,0.0,0.0,200.0,500.0,Hotel
12318,4508.0,126,4896,13000.0,2.0,confirmed,Corporate Event,2024-12-24,Wedding,Mahdia,Tunisie,1,0.0,0.0,200.0,400.0,Venues de mariage privées
16717,4923.0,203,1417,24000.0,11.0,pending,Wedding,2025-07-11,Corporate,Ariana,Tunisie,2,0.0,0.0,200.0,400.0,Venues de mariage privées
6099,5993.0,126,4896,22000.0,16.0,pending,Birthday,2024-07-03,Wedding,Sfax,Tunisie,5,0.0,0.0,200.0,500.0,Hotel
15177,116420.0,252,1608,24000.0,5.0,pending,Wedding,2023-02-10,Corporate,Kairouan,Tunisie,5,0.0,0.0,300.0,500.0,Venues de mariage privées
14689,5074.0,229,3480,20000.0,0.0,pending,Birthday,2024-06-08,Wedding,Tozeur,Tunisie,3,0.0,0.0,300.0,500.0,Venues de mariage privées
14195,2108.0,126,4896,22000.0,7.0,cancelled,Wedding,2025-03-15,Birthday,Tataouine,Tunisie,2,0.0,0.0,100.0,200.0,Hotel
4423,3730.0,126,4896,24000.0,5.0,cancelled,Wedding,2024-05-16,Corporate,Tozeur,Tunisie,2,0.0,0.0,300.0,500.0,Venues de mariage privées
17226,3589.0,176,3661,24000.0,4.0,pending,Birthday,2025-02-21,Wedding,Ben Arous,Tunisie,5,0.0,0.0,200.0,400.0,Venues de mariage privées
10032,7661.0,239,4101,24000.0,0.0,cancelled,Corporate Event,2024-09-11,Birthday,Siliana,Tunisie,3,0.0,0.0,200.0,400.0,Venues de mariage privées
17678,4349.0,202,1983,20000.0,0.0,pending,Birthday,2022-02-01,Birthday,Ariana,Tunisie,3,0.0,0.0,200.0,400.0,Venues de mariage privées
17249,4004.0,239,4101,17000.0,16.0,confirmed,Birthday,2025-07-30,Wedding,Monastir,Tunisie,3,0.0,0.0,200.0,500.0,Hotel
17173,5118.0,203,1258,23000.0,10.0,cancelled,Corporate Event,2025-08-04,Wedding,Kasserine,Tunisie,4,0.0,0.0,200.0,400.0,Venues de mariage privées
7697,11884.0,42,3577,17000.0,0.0,confirmed,Corporate Event,2022-08-13,Birthday,Kasserine,Tunisie,1,0.0,0.0,200.0,400.0,Venues de mariage privées
2935,13154.0,126,4896,17000.0,7.0,cancelled,Birthday,2023-06-21,Birthday,Kairouan,Tunisie,4,0.0,0.0,300.0,500.0,Venues de mariage privées
8949,5519.0,239,4101,25000.0,0.0,pending,Corporate Event,2023-12-24,Birthday,Kasserine,Tunisie,2,0.0,0.0,200.0,400.0,Venues de mariage privées
7901,2275.0,202,1983,13000.0,2.0,pending,Birthday,2022-09-21,Wedding,Mahdia,Tunisie,1,0.0,0.0,200.0,400.0,Venues de mariage privées
5742,12519.0,202,1983,12000.0,7.0,pending,Wedding,2025-04-22,Birthday,Tataouine,Tunisie,1,0.0,0.0,100.0,200.0,Hotel
5060,10374.0,155,66,24000.0,3.0,cancelled,Birthday,2023-03-27,Wedding,Sidi Bouzid,Tunisie,2,0.0,0.0,200.0,400.0,Venues de mariage privées
1343,5200.0,202,1983,22000.0,10.0,confirmed,Corporate Event,2022-02-23,Corporate,Jendouba,Tunisie,1,0.0,0.0,100.0,200.0,Hotel
2049,125080.0,239,4101,15000.0,2.0,cancelled,Birthday,2023-11-05,Wedding,Bizerte,Tunisie,5,0.0,0.0,300.0,500.0,Venues de mariage privées
6283,12875.0,298,962,17000.0,9.0,cancelled,Wedding,2024-08-05,Corporate,Kasserine,Tunisie,4,0.0,0.0,200.0,400.0,Venues de mariage privées
6947,6482.0,252,1608,15000.0,10.0,pending,Wedding,2023-01-10,Corporate,Jendouba,Tunisie,3,0.0,0.0,100.0,200.0,Hotel
2438,2808.0,249,22215,19000.0,0.0,confirmed,Corporate Event,2022-03-09,Birthday,Jendouba,Tunisie,2,0.0,0.0,100.0,200.0,Hotel
6529,4928.0,298,962,22000.0,9.0,cancelled,Corporate Event,2022-11-24,Corporate,Kasserine,Tunisie,5,0.0,0.0,200.0,400.0,Venues de mariage privées
10016,12978.0,155,66,22000.0,9.0,cancelled,Birthday,2025-07-31,Corporate,Kasserine,Tunisie,1,0.0,0.0,200.0,400.0,Venues de mariage privées
14596,7396.0,203,1258,23000.0,14.0,cancelled,Birthday,2022-02-14,Corporate,Nabeul,Tunisie,5,0.0,0.0,300.0,500.0,Venues de mariage privées
17529,7515.0,252,1608,20000.0,9.0,pending,Birthday,2022-01-03,Wedding,Kairouan,Tunisie,1,0.0,0.0,300.0,500.0,Venues de mariage privées
9501,10768.0,298,962,25000.0,2.0,confirmed,Wedding,2022-01-05,Wedding,Jendouba,Tunisie,4,0.0,0.0,100.0,200.0,Hotel
7351,8423.0,249,22215,23000.0,0.0,confirmed,Birthday,2022-06-23,Birthday,Tunis,Tunisie,5,0.0,0.0,300.0,500.0,Hotel
1481,5707.0,229,3480,22000.0,3.0,pending,Wedding,2025-03-31,Corporate,Sidi Bouzid,Tunisie,5,0.0,0.0,200.0,400.0,Venues de mariage privées
10124,4834.0,155,66,25000.0,8.0,confirmed,Birthday,2023-12-20,Wedding,Zaghouan,Tunisie,1,0.0,0.0,100.0,200.0,Hotel
13923,13190.0,203,1417,15000.0,0.0,confirmed,Corporate Event,2024-03-14,Corporate,Tataouine,Tunisie,1,0.0,0.0,100.0,200.0,Hotel
16060,1210.0,203,1417,21000.0,8.0,cancelled,Birthday,2023-04-04,Wedding,Zaghouan,Tunisie,2,0.0,0.0,100.0,200.0,Hotel
6508,6123.0,298,962,23000.0,2.0,cancelled,Corporate Event,2025-11-12,Wedding,Sidi Bouzid,Tunisie,5,0.0,0.0,200.0,400.0,Venues de mariage privées
15645,3897.0,42,3577,17000.0,10.0,pending,Birthday,2022-12-01,Wedding,Kasserine,Tunisie,3,0.0,0.0,200.0,400.0,Venues de mariage privées
4351,2385.0,298,962,26000.0,2.0,confirmed,Corporate Event,2025-12-23,Wedding,Mahdia,Tunisie,5,0.0,0.0,200.0,400.0,Venues de mariage privées
17430,2754.0,239,4101,26000.0,13.0,cancelled,Birthday,2024-08-03,Corporate,Manouba,Tunisie,2,0.0,0.0,200.0,400.0,Venues de mariage privées
7291,8770.0,176,3661,24000.0,10.0,pending,Corporate Event,2023-03-23,Wedding,Gafsa,Tunisie,4,0.0,0.0,100.0,200.0,Hotel
15249,13159.0,252,1608,26000.0,10.0,confirmed,Birthday,2022-07-30,Birthday,Nabeul,Tunisie,4,0.0,0.0,300.0,500.0,Venues de mariage privées
6797,1277.0,202,1983,26000.0,2.0,pending,Birthday,2023-11-17,Wedding,Sidi Bouzid,Tunisie,3,0.0,0.0,200.0,400.0,Venues de mariage privées
6331,7475.0,252,1608,23000.0,16.0,cancelled,Corporate Event,2024-05-18,Wedding,Manouba,Tunisie,5,0.0,0.0,200.0,400.0,Venues de mariage privées
6583,12711.0,229,3480,17000.0,10.0,pending,Corporate Event,2022-04-15,Wedding,Ariana,Tunisie,1,0.0,0.0,200.0,400.0,Venues de mariage privées
7465,3364.0,42,3577,13000.0,0.0,confirmed,Birthday,2022-12-27,Birthday,Ariana,Tunisie,4,0.0,0.0,200.0,400.0,Venues de mariage privées
4613,4578.0,203,1258,22000.0,16.0,confirmed,Corporate Event,2023-01-20,Wedding,Sfax,Tunisie,5,0.0,0.0,200.0,500.0,Hotel
8673,629.0,176,3661,17000.0,7.0,cancelled,Wedding,2025-08-15,Birthday,Kairouan,Tunisie,3,0.0,0.0,300.0,500.0,Venues de mariage privées
7093,4649.0,203,1258,22000.0,3.0,pending,Birthday,2024-07-25,Corporate,Sidi Bouzid,Tunisie,1,0.0,0.0,200.0,400.0,Venues de mariage privées
4940,2709.0,229,3480,17000.0,6.0,cancelled,Wedding,2025-06-20,Corporate,Mahdia,Tunisie,5,0.0,0.0,200.0,400.0,Venues de mariage privées
4484,4759.0,176,3661,21000.0,14.0,cancelled,Birthday,2025-12-08,Corporate,Nabeul,Tunisie,5,0.0,0.0,300.0,500.0,Venues de mariage privées
5287,11328.0,249,22215,25000.0,10.0,cancelled,Corporate Event,2025-03-22,Birthday,Sfax,Tunisie,2,0.0,0.0,200.0,500.0,Hotel
4830,10929.0,252,1608,24000.0,2.0,pending,Wedding,2025-05-09,Wedding,Siliana,Tunisie,4,0.0,0.0,200.0,400.0,Venues de mariage privées
10495,1304.0,176,3661,26000.0,15.0,cancelled,Corporate Event,2025-01-05,Corporate,Ben Arous,Tunisie,1,0.0,0.0,200.0,400.0,Venues de mariage privées
17719,2996.0,252,1608,26000.0,3.0,pending,Birthday,2024-05-11,Birthday,Zaghouan,Tunisie,5,0.0,0.0,100.0,200.0,Hotel
10308,5185.0,202,1983,17000.0,18.0,pending,Corporate Event,2022-07-26,Birthday,Manouba,Tunisie,5,0.0,0.0,200.0,400.0,Venues de mariage privées
4463,6640.0,249,22215,20000.0,2.0,pending,Corporate Event,2025-11-18,Wedding,Nabeul,Tunisie,4,0.0,0.0,300.0,500.0,Venues de mariage privées
4487,3897.0,126,4896,19000.0,0.0,pending,Birthday,2022-09-23,Wedding,Gafsa,Tunisie,3,0.0,0.0,100.0,200.0,Hotel
11,307.0,203,1417,25000.0,0.0,pending,Corporate Event,2025-05-18,Wedding,Tataouine,Tunisie,3,0.0,0.0,100.0,200.0,Hotel
10375,8235.0,176,3661,19000.0,8.0,cancelled,Birthday,2022-10-08,Wedding,Bizerte,Tunisie,1,0.0,0.0,300.0,500.0,Venues de mariage privées
15533,4573.0,249,22215,19000.0,3.0,pending,Wedding,2024-12-29,Wedding,Monastir,Tunisie,1,0.0,0.0,200.0,500.0,Hotel
16175,1861.0,298,962,15000.0,4.0,pending,Wedding,2023-11-07,Wedding,Kairouan,Tunisie,3,0.0,0.0,300.0,500.0,Venues de mariage privées
8852,14977.0,249,22215,20000.0,4.0,cancelled,Wedding,2025-09-01,Wedding,Zaghouan,Tunisie,5,0.0,0.0,100.0,200.0,Hotel
13782,4569.0,126,4896,22000.0,7.0,pending,Corporate Event,2024-12-16,Birthday,Kairouan,Tunisie,4,0.0,0.0,300.0,500.0,Venues de mariage privées
13385,6424.0,155,66,19000.0,14.0,cancelled,Wedding,2022-04-22,Corporate,Nabeul,Tunisie,2,0.0,0.0,300.0,500.0,Venues de mariage privées
4206,8469.0,155,66,17000.0,2.0,pending,Wedding,2022-04-20,Wedding,Siliana,Tunisie,2,0.0,0.0,200.0,400.0,Venues de mariage privées
11114,13382.0,126,4896,12000.0,0.0,pending,Birthday,2024-02-20,Wedding,Sfax,Tunisie,1,0.0,0.0,200.0,500.0,Hotel
13181,6076.0,298,962,20000.0,2.0,confirmed,Wedding,2025-08-03,Wedding,Mahdia,Tunisie,2,0.0,0.0,200.0,400.0,Venues de mariage privées
2022,1637.0,203,1258,23000.0,0.0,cancelled,Corporate Event,2025-03-19,Corporate,Siliana,Tunisie,2,0.0,0.0,200.0,400.0,Venues de mariage privées
1000,80380.0,155,66,24000.0,14.0,confirmed,Birthday,2024-12-05,Wedding,Ariana,Tunisie,4,0.0,0.0,200.0,400.0,Venues de mariage privées
13699,14507.0,203,1417,15000.0,7.0,pending,Birthday,2025-08-30,Birthday,Kairouan,Tunisie,2,0.0,0.0,300.0,500.0,Venues de mariage privées
8609,12648.0,239,4101,15000.0,4.0,cancelled,Wedding,2023-05-05,Wedding,Zaghouan,Tunisie,2,0.0,0.0,100.0,200.0,Hotel
6935,1732.0,298,962,15000.0,2.0,pending,Wedding,2022-06-19,Wedding,Mahdia,Tunisie,2,0.0,0.0,200.0,400.0,Venues de mariage privées
4738,4727.0,176,3661,21000.0,10.0,pending,Corporate Event,2023-03-25,Wedding,Gafsa,Tunisie,2,0.0,0.0,100.0,200.0,Hotel
881,2108.0,202,1983,17000.0,9.0,confirmed,Corporate Event,2024-01-14,Corporate,Sousse,Tunisie,5,0.0,0.0,300.0,500.0,Venues de mariage privées
5316,12016.0,229,3480,19000.0,7.0,pending,Corporate Event,2024-11-09,Wedding,Jendouba,Tunisie,5,0.0,0.0,100.0,200.0,Hotel
2061,6474.0,176,3661,13000.0,7.0,confirmed,Wedding,2025-04-24,Wedding,Nabeul,Tunisie,1,0.0,0.0,300.0,500.0,Venues de mariage privées
1070,13739.0,249,22215,15000.0,7.0,pending,Corporate Event,2023-04-02,Birthday,Tataouine,Tunisie,5,0.0,0.0,100.0,200.0,Hotel
5036,6974.0,176,3661,21000.0,20.0,cancelled,Corporate Event,2022-01-03,Wedding,Tunis,Tunisie,3,0.0,0.0,300.0,500.0,Hotel
6756,10160.0,249,22215,21000.0,10.0,cancelled,Birthday,2025-01-23,Wedding,Gafsa,Tunisie,4,0.0,0.0,100.0,200.0,Hotel
8547,11230.0,239,4101,13000.0,7.0,pending,Corporate Event,2024-04-20,Birthday,Kairouan,Tunisie,1,0.0,0.0,300.0,500.0,Venues de mariage privées
4870,375.0,298,962,15000.0,10.0,confirmed,Wedding,2025-12-10,Birthday,Sfax,Tunisie,4,0.0,0.0,200.0,500.0,Hotel
9120,7390.0,155,66,19000.0,9.0,pending,Wedding,2024-12-21,Wedding,Kairouan,Tunisie,2,0.0,0.0,300.0,500.0,Venues de mariage privées
676,13281.0,202,1983,20000.0,2.0,cancelled,Birthday,2024-05-19,Wedding,Bizerte,Tunisie,5,0.0,0.0,300.0,500.0,Venues de mariage privées
7293,9860.0,202,1983,20000.0,4.0,pending,Wedding,2023-01-08,Wedding,Zaghouan,Tunisie,3,0.0,0.0,100.0,200.0,Hotel
13654,6518.0,42,3577,22000.0,7.0,cancelled,Wedding,2023-11-17,Wedding,Jendouba,Tunisie,2,0.0,0.0,100.0,200.0,Hotel
12909,11796.0,298,962,23000.0,10.0,cancelled,Birthday,2025-12-08,Wedding,Kasserine,Tunisie,2,0.0,0.0,200.0,400.0,Venues de mariage privées
1362,6522.0,203,1258,17000.0,3.0,cancelled,Corporate Event,2025-06-07,Wedding,Sidi Bouzid,Tunisie,4,0.0,0.0,200.0,400.0,Venues de mariage privées
5021,5546.0,203,1258,22000.0,7.0,pending,Corporate Event,2024-02-24,Birthday,Kairouan,Tunisie,5,0.0,0.0,300.0,500.0,Venues de mariage privées
1004,8756.0,203,1258,25000.0,6.0,cancelled,Birthday,2025-03-14,Corporate,Mahdia,Tunisie,5,0.0,0.0,200.0,400.0,Venues de mariage privées
46,8945.0,202,1983,25000.0,4.0,cancelled,Wedding,2022-05-05,Wedding,Zaghouan,Tunisie,3,0.0,0.0,100.0,200.0,Hotel
11019,1868.0,155,66,25000.0,7.0,confirmed,Birthday,2025-02-27,Birthday,Kairouan,Tunisie,2,0.0,0.0,300.0,500.0,Venues de mariage privées
3047,111660.0,298,962,17000.0,0.0,cancelled,Birthday,2024-10-25,Birthday,Sidi Bouzid,Tunisie,3,0.0,0.0,200.0,400.0,Venues de mariage privées
16832,11260.0,155,66,13000.0,2.0,cancelled,Wedding,2025-07-04,Wedding,Jendouba,Tunisie,2,0.0,0.0,100.0,200.0,Hotel
4444,570.0,42,3577,22000.0,4.0,confirmed,Corporate Event,2023-08-05,Birthday,Bizerte,Tunisie,4,0.0,0.0,300.0,500.0,Venues de mariage privées
10519,3859.0,203,1258,23000.0,0.0,pending,Wedding,2024-12-25,Wedding,Tozeur,Tunisie,1,0.0,0.0,300.0,500.0,Venues de mariage privées
988,11750.0,252,1608,22000.0,3.0,pending,Corporate Event,2022-11-18,Corporate,Sfax,Tunisie,4,0.0,0.0,200.0,500.0,Hotel
1396,1725.0,203,1258,22000.0,0.0,pending,Corporate Event,2025-04-17,Wedding,Sfax,Tunisie,1,0.0,0.0,200.0,500.0,Hotel
12696,12945.0,155,66,22000.0,2.0,confirmed,Corporate Event,2023-01-26,Wedding,Mahdia,Tunisie,5,0.0,0.0,200.0,400.0,Venues de mariage privées
1637,5240.0,155,66,13000.0,2.0,pending,Corporate Event,2022-12-22,Wedding,Mahdia,Tunisie,5,0.0,0.0,200.0,400.0,Venues de mariage privées
3147,5843.0,203,1417,20000.0,5.0,cancelled,Corporate Event,2022-04-30,Wedding,Sousse,Tunisie,1,0.0,0.0,300.0,500.0,Venues de mariage privées
4313,9917.0,249,22215,17000.0,0.0,confirmed,Birthday,2025-02-17,Birthday,Gafsa,Tunisie,5,0.0,0.0,100.0,200.0,Hotel
12068,5412.0,42,3577,24000.0,3.0,confirmed,Corporate Event,2022-09-30,Corporate,Sfax,Tunisie,4,0.0,0.0,200.0,500.0,Hotel
9336,7858.0,249,22215,20000.0,0.0,confirmed,Corporate Event,2022-03-26,Wedding,Kasserine,Tunisie,4,0.0,0.0,200.0,400.0,Venues de mariage privées
2009,14994.0,176,3661,19000.0,3.0,confirmed,Wedding,2025-12-29,Wedding,Monastir,Tunisie,5,0.0,0.0,200.0,500.0,Hotel
9247,10483.0,229,3480,13000.0,11.0,cancelled,Corporate Event,2025-09-27,Corporate,Ariana,Tunisie,3,0.0,0.0,200.0,400.0,Venues de mariage privées
6209,12825.0,203,1417,25000.0,0.0,confirmed,Corporate Event,2022-05-26,Birthday,Mahdia,Tunisie,1,0.0,0.0,200.0,400.0,Venues de mariage privées
15983,3073.0,126,4896,25000.0,4.0,confirmed,Wedding,2022-06-26,Birthday,Bizerte,Tunisie,5,0.0,0.0,300.0,500.0,Venues de mariage privées
5268,5056.0,252,1608,15000.0,16.0,pending,Corporate Event,2025-06-21,Wedding,Sousse,Tunisie,5,0.0,0.0,300.0,500.0,Venues de mariage privées
3846,12984.0,298,962,15000.0,4.0,cancelled,Wedding,2022-03-31,Birthday,Bizerte,Tunisie,5,0.0,0.0,300.0,500.0,Venues de mariage privées
14557,11215.0,229,3480,15000.0,0.0,confirmed,Wedding,2023-06-06,Birthday,Gafsa,Tunisie,3,0.0,0.0,100.0,200.0,Hotel
5637,12449.0,203,1417,19000.0,7.0,confirmed,Birthday,2022-12-11,Wedding,Jendouba,Tunisie,2,0.0,0.0,100.0,200.0,Hotel
6809,12045.0,298,962,23000.0,3.0,cancelled,Wedding,2025-02-11,Corporate,Sidi Bouzid,Tunisie,3,0.0,0.0,200.0,400.0,Venues de mariage privées
2826,6417.0,229,3480,26000.0,4.0,cancelled,Corporate Event,2024-09-26,Wedding,Kairouan,Tunisie,4,0.0,0.0,300.0,500.0,Venues de mariage privées
10976,7749.0,252,1608,25000.0,14.0,pending,Wedding,2022-04-11,Corporate,Nabeul,Tunisie,5,0.0,0.0,300.0,500.0,Venues de mariage privées
15500,5261.0,126,4896,15000.0,0.0,confirmed,Corporate Event,2022-06-25,Wedding,Sfax,Tunisie,1,0.0,0.0,200.0,500.0,Hotel
7292,663.0,176,3661,21000.0,2.0,cancelled,Wedding,2022-05-16,Wedding,Bizerte,Tunisie,5,0.0,0.0,300.0,500.0,Venues de mariage privées
16558,12547.0,229,3480,15000.0,0.0,cancelled,Corporate Event,2024-11-29,Corporate,Siliana,Tunisie,5,0.0,0.0,200.0,400.0,Venues de mariage privées
3338,4663.0,229,3480,19000.0,0.0,confirmed,Birthday,2022-04-18,Birthday,Sousse,Tunisie,3,0.0,0.0,300.0,500.0,Venues de mariage privées
8829,14887.0,229,3480,26000.0,10.0,confirmed,Corporate Event,2022-12-11,Wedding,Ariana,Tunisie,2,0.0,0.0,200.0,400.0,Venues de mariage privées
7852,9942.0,252,1608,26000.0,12.0,cancelled,Corporate Event,2023-08-07,Corporate,Monastir,Tunisie,2,0.0,0.0,200.0,500.0,Hotel
12339,2687.0,202,1983,12000.0,0.0,confirmed,Birthday,2024-10-18,Birthday,Ariana,Tunisie,1,0.0,0.0,200.0,400.0,Venues de mariage privées
17389,13986.0,42,3577,17000.0,0.0,pending,Birthday,2023-07-05,Wedding,Kasserine,Tunisie,4,0.0,0.0,200.0,400.0,Venues de mariage privées
10544,3945.0,203,1258,19000.0,10.0,cancelled,Wedding,2024-09-06,Birthday,Nabeul,Tunisie,3,0.0,0.0,300.0,500.0,Venues de mariage privées
15687,11788.0,252,1608,19000.0,18.0,pending,Corporate Event,2025-01-27,Birthday,Manouba,Tunisie,3,0.0,0.0,200.0,400.0,Venues de mariage privées
10935,2305.0,42,3577,22000.0,2.0,confirmed,Wedding,2022-07-05,Wedding,Mahdia,Tunisie,5,0.0,0.0,200.0,400.0,Venues de mariage privées
1370,8407.0,202,1983,19000.0,20.0,confirmed,Birthday,2025-09-08,Wedding,Tunis,Tunisie,1,0.0,0.0,300.0,500.0,Hotel
15938,1456.0,202,1983,13000.0,4.0,pending,Corporate Event,2024-02-08,Wedding,Ben Arous,Tunisie,2,0.0,0.0,200.0,400.0,Venues de mariage privées
15391,10345.0,252,1608,19000.0,10.0,cancelled,Wedding,2024-05-14,Wedding,Gafsa,Tunisie,4,0.0,0.0,100.0,200.0,Hotel
10268,9592.0,202,1983,21000.0,2.0,pending,Birthday,2025-01-03,Wedding,Sidi Bouzid,Tunisie,2,0.0,0.0,200.0,400.0,Venues de mariage privées
14019,8108.0,203,1258,26000.0,0.0,cancelled,Wedding,2022-06-18,Birthday,Sidi Bouzid,Tunisie,5,0.0,0.0,200.0,400.0,Venues de mariage privées
12065,4050.0,42,3577,26000.0,0.0,confirmed,Corporate Event,2023-07-14,Birthday,Jendouba,Tunisie,2,0.0,0.0,100.0,200.0,Hotel
1034,5533.0,155,66,13000.0,10.0,pending,Birthday,2022-02-13,Corporate,Jendouba,Tunisie,3,0.0,0.0,100.0,200.0,Hotel
2696,11135.0,203,1417,13000.0,0.0,cancelled,Birthday,2025-11-22,Birthday,Jendouba,Tunisie,1,0.0,0.0,100.0,200.0,Hotel
3460,10612.0,155,66,20000.0,4.0,pending,Wedding,2024-04-26,Wedding,Kairouan,Tunisie,5,0.0,0.0,300.0,500.0,Venues de mariage privées
5372,14445.0,252,1608,21000.0,0.0,pending,Wedding,2022-08-27,Wedding,Tozeur,Tunisie,3,0.0,0.0,300.0,500.0,Venues de mariage privées
7556,10210.0,155,66,17000.0,7.0,pending,Birthday,2024-03-25,Wedding,Jendouba,Tunisie,4,0.0,0.0,100.0,200.0,Hotel
11984,11809.0,176,3661,23000.0,0.0,confirmed,Corporate Event,2023-07-19,Wedding,Tozeur,Tunisie,5,0.0,0.0,300.0,500.0,Venues de mariage privées
16005,7953.0,202,1983,26000.0,0.0,pending,Corporate Event,2024-11-08,Birthday,Ariana,Tunisie,4,0.0,0.0,200.0,400.0,Venues de mariage privées
3142,3253.0,298,962,25000.0,4.0,confirmed,Birthday,2024-01-31,Wedding,Ben Arous,Tunisie,1,0.0,0.0,200.0,400.0,Venues de mariage privées
13299,1593.0,229,3480,15000.0,5.0,confirmed,Wedding,2022-11-17,Corporate,Gafsa,Tunisie,1,0.0,0.0,100.0,200.0,Hotel
689,11065.0,239,4101,26000.0,8.0,confirmed,Corporate Event,2024-01-17,Wedding,Zaghouan,Tunisie,5,0.0,0.0,100.0,200.0,Hotel
3857,2163.0,203,1417,20000.0,20.0,cancelled,Corporate Event,2022-04-16,Wedding,Tunis,Tunisie,2,0.0,0.0,300.0,500.0,Hotel
12651,14698.0,298,962,23000.0,16.0,pending,Birthday,2024-08-25,Wedding,Manouba,Tunisie,4,0.0,0.0,200.0,400.0,Venues de mariage privées
1192,4921.0,249,22215,26000.0,0.0,confirmed,Corporate Event,2022-03-25,Birthday,Tunis,Tunisie,1,0.0,0.0,300.0,500.0,Hotel
3683,2211.0,202,1983,19000.0,0.0,confirmed,Birthday,2023-03-10,Wedding,Tozeur,Tunisie,1,0.0,0.0,300.0,500.0,Venues de mariage privées
5518,12800.0,203,1258,20000.0,6.0,confirmed,Wedding,2022-03-12,Corporate,Mahdia,Tunisie,1,0.0,0.0,200.0,400.0,Venues de mariage privées
8967,12290.0,126,4896,20000.0,0.0,pending,Wedding,2025-09-03,Wedding,Gafsa,Tunisie,3,0.0,0.0,100.0,200.0,Hotel
6031,2791.0,126,4896,25000.0,14.0,confirmed,Wedding,2025-06-09,Corporate,Nabeul,Tunisie,4,0.0,0.0,300.0,500.0,Venues de mariage privées
16097,11981.0,203,1417,13000.0,20.0,cancelled,Corporate Event,2022-07-22,Wedding,Tunis,Tunisie,1,0.0,0.0,300.0,500.0,Hotel
16853,13761.0,203,1258,12000.0,0.0,pending,Wedding,2025-06-19,Birthday,Mahdia,Tunisie,3,0.0,0.0,200.0,400.0,Venues de mariage privées
3685,1174.0,176,3661,25000.0,6.0,confirmed,Birthday,2025-05-02,Corporate,Mahdia,Tunisie,5,0.0,0.0,200.0,400.0,Venues de mariage privées
7542,8321.0,229,3480,19000.0,7.0,confirmed,Birthday,2022-07-29,Wedding,Nabeul,Tunisie,1,0.0,0.0,300.0,500.0,Venues de mariage privées
2703,5240.0,249,22215,13000.0,9.0,pending,Corporate Event,2022-10-04,Corporate,Kasserine,Tunisie,4,0.0,0.0,200.0,400.0,Venues de mariage privées
14144,2387.0,249,22215,24000.0,0.0,pending,Corporate Event,2022-10-17,Birthday,Jendouba,Tunisie,3,0.0,0.0,100.0,200.0,Hotel
4457,7892.0,176,3661,19000.0,3.0,cancelled,Wedding,2024-12-17,Corporate,Sfax,Tunisie,4,0.0,0.0,200.0,500.0,Hotel
6661,3139.0,155,66,21000.0,2.0,confirmed,Birthday,2022-06-05,Wedding,Jendouba,Tunisie,2,0.0,0.0,100.0,200.0,Hotel
13965,1094.0,249,22215,25000.0,3.0,cancelled,Wedding,2025-03-08,Wedding,Monastir,Tunisie,1,0.0,0.0,200.0,500.0,Hotel
9160,4679.0,252,1608,19000.0,8.0,confirmed,Wedding,2024-07-28,Wedding,Zaghouan,Tunisie,1,0.0,0.0,100.0,200.0,Hotel
11328,14625.0,203,1258,12000.0,5.0,confirmed,Wedding,2025-03-18,Corporate,Kairouan,Tunisie,2,0.0,0.0,300.0,500.0,Venues de mariage privées
1480,3413.0,203,1258,19000.0,2.0,pending,Wedding,2023-02-14,Wedding,Bizerte,Tunisie,2,0.0,0.0,300.0,500.0,Venues de mariage privées
16696,10660.0,252,1608,22000.0,0.0,pending,Birthday,2022-08-03,Birthday,Kasserine,Tunisie,3,0.0,0.0,200.0,400.0,Venues de mariage privées
6883,9647.0,298,962,23000.0,14.0,pending,Birthday,2022-04-21,Wedding,Ariana,Tunisie,1,0.0,0.0,200.0,400.0,Venues de mariage privées
5413,1622.0,252,1608,23000.0,16.0,cancelled,Wedding,2022-11-13,Wedding,Siliana,Tunisie,4,0.0,0.0,200.0,400.0,Venues de mariage privées
8225,6312.0,252,1608,26000.0,9.0,cancelled,Wedding,2023-10-01,Corporate,Kasserine,Tunisie,5,0.0,0.0,200.0,400.0,Venues de mariage privées
2650,11143.0,203,1417,12000.0,10.0,pending,Birthday,2025-04-14,Wedding,Ariana,Tunisie,5,0.0,0.0,200.0,400.0,Venues de mariage privées
4030,13831.0,126,4896,21000.0,18.0,pending,Corporate Event,2022-05-27,Birthday,Manouba,Tunisie,3,0.0,0.0,200.0,400.0,Venues de mariage privées
3304,579.0,203,1417,23000.0,10.0,confirmed,Wedding,2022-07-30,Wedding,Kasserine,Tunisie,5,0.0,0.0,200.0,400.0,Venues de mariage privées
486,4969.0,126,4896,25000.0,9.0,pending,Wedding,2024-08-16,Wedding,Kairouan,Tunisie,1,0.0,0.0,300.0,500.0,Venues de mariage privées
719,14486.0,203,1417,15000.0,20.0,cancelled,Birthday,2023-11-04,Wedding,Tunis,Tunisie,3,0.0,0.0,300.0,500.0,Hotel
4154,1015.0,126,4896,21000.0,16.0,pending,Birthday,2022-09-21,Wedding,Sousse,Tunisie,2,0.0,0.0,300.0,500.0,Venues de mariage privées
7121,7275.0,252,1608,20000.0,4.0,confirmed,Corporate Event,2023-07-31,Wedding,Zaghouan,Tunisie,3,0.0,0.0,100.0,200.0,Hotel
3812,96240.0,203,1417,12000.0,2.0,confirmed,Corporate Event,2025-01-25,Birthday,Monastir,Tunisie,4,0.0,0.0,200.0,500.0,Hotel
16132,13572.0,155,66,22000.0,0.0,confirmed,Birthday,2025-08-14,Birthday,Sidi Bouzid,Tunisie,5,0.0,0.0,200.0,400.0,Venues de mariage privées
17082,2550.0,126,4896,23000.0,5.0,pending,Birthday,2024-01-12,Corporate,Tozeur,Tunisie,3,0.0,0.0,300.0,500.0,Venues de mariage privées
5335,11493.0,126,4896,13000.0,5.0,confirmed,Corporate Event,2024-09-08,Corporate,Kairouan,Tunisie,5,0.0,0.0,300.0,500.0,Venues de mariage privées
11307,6544.0,155,66,20000.0,10.0,cancelled,Wedding,2023-10-20,Wedding,Kasserine,Tunisie,5,0.0,0.0,200.0,400.0,Venues de mariage privées
15849,11855.0,42,3577,12000.0,2.0,pending,Birthday,2024-03-05,Wedding,Siliana,Tunisie,2,0.0,0.0,200.0,400.0,Venues de mariage privées
1861,2937.0,202,1983,17000.0,5.0,confirmed,Birthday,2023-06-26,Corporate,Gafsa,Tunisie,5,0.0,0.0,100.0,200.0,Hotel
12094,8418.0,203,1258,17000.0,0.0,cancelled,Corporate Event,2025-11-28,Corporate,Siliana,Tunisie,4,0.0,0.0,200.0,400.0,Venues de mariage privées
4599,3045.0,249,22215,26000.0,13.0,cancelled,Corporate Event,2025-06-02,Corporate,Manouba,Tunisie,2,0.0,0.0,200.0,400.0,Venues de mariage privées
2580,12916.0,252,1608,19000.0,15.0,pending,Birthday,2024-03-24,Corporate,Ben Arous,Tunisie,3,0.0,0.0,200.0,400.0,Venues de mariage privées
10136,4729.0,126,4896,22000.0,2.0,cancelled,Corporate Event,2023-08-27,Wedding,Jendouba,Tunisie,4,0.0,0.0,100.0,200.0,Hotel
15964,2085.0,249,22215,23000.0,0.0,confirmed,Wedding,2023-11-16,Birthday,Ariana,Tunisie,1,0.0,0.0,200.0,400.0,Venues de mariage privées
6959,11804.0,298,962,21000.0,2.0,pending,Corporate Event,2025-11-09,Wedding,Mahdia,Tunisie,2,0.0,0.0,200.0,400.0,Venues de mariage privées
2492,11485.0,203,1417,15000.0,2.0,cancelled,Wedding,2022-07-30,Wedding,Siliana,Tunisie,5,0.0,0.0,200.0,400.0,Venues de mariage privées
8222,11657.0,252,1608,20000.0,0.0,confirmed,Corporate Event,2023-03-17,Birthday,Mahdia,Tunisie,2,0.0,0.0,200.0,400.0,Venues de mariage privées
14771,3749.0,229,3480,20000.0,0.0,cancelled,Corporate Event,2023-09-29,Birthday,Tunis,Tunisie,2,0.0,0.0,300.0,500.0,Hotel
6098,11529.0,202,1983,20000.0,10.0,pending,Wedding,2022-12-16,Wedding,Ariana,Tunisie,3,0.0,0.0,200.0,400.0,Venues de mariage privées
2343,2654.0,176,3661,23000.0,20.0,cancelled,Corporate Event,2024-01-28,Wedding,Tunis,Tunisie,5,0.0,0.0,300.0,500.0,Hotel
9466,202.0,155,66,22000.0,0.0,cancelled,Corporate Event,2022-02-28,Wedding,Kasserine,Tunisie,1,0.0,0.0,200.0,400.0,Venues de mariage privées
17275,9284.0,176,3661,25000.0,3.0,pending,Birthday,2025-04-15,Wedding,Monastir,Tunisie,4,0.0,0.0,200.0,500.0,Hotel
6232,6254.0,298,962,25000.0,4.0,cancelled,Wedding,2024-07-21,Wedding,Kairouan,Tunisie,2,0.0,0.0,300.0,500.0,Venues de mariage privées
16048,262.0,239,4101,13000.0,7.0,cancelled,Birthday,2023-04-28,Wedding,Nabeul,Tunisie,5,0.0,0.0,300.0,500.0,Venues de mariage privées
6731,10987.0,202,1983,20000.0,8.0,cancelled,Corporate Event,2025-04-08,Wedding,Zaghouan,Tunisie,1,0.0,0.0,100.0,200.0,Hotel
4345,7517.0,203,1258,20000.0,4.0,confirmed,Birthday,2024-03-11,Wedding,Ben Arous,Tunisie,5,0.0,0.0,200.0,400.0,Venues de mariage privées
4615,7368.0,203,1258,23000.0,2.0,cancelled,Birthday,2025-03-14,Wedding,Mahdia,Tunisie,2,0.0,0.0,200.0,400.0,Venues de mariage privées
10620,12750.0,176,3661,23000.0,16.0,cancelled,Birthday,2024-08-10,Wedding,Sfax,Tunisie,3,0.0,0.0,200.0,500.0,Hotel
14527,12285.0,298,962,26000.0,20.0,pending,Wedding,2024-11-18,Wedding,Tunis,Tunisie,5,0.0,0.0,300.0,500.0,Hotel
12366,5822.0,239,4101,26000.0,2.0,cancelled,Corporate Event,2022-04-16,Wedding,Siliana,Tunisie,5,0.0,0.0,200.0,400.0,Venues de mariage privées
7336,9938.0,203,1417,15000.0,10.0,pending,Wedding,2022-04-11,Corporate,Jendouba,Tunisie,5,0.0,0.0,100.0,200.0,Hotel
7476,4236.0,42,3577,21000.0,9.0,pending,Wedding,2024-08-11,Wedding,Kairouan,Tunisie,4,0.0,0.0,300.0,500.0,Venues de mariage privées
2087,9249.0,298,962,20000.0,18.0,confirmed,Birthday,2023-11-15,Birthday,Manouba,Tunisie,4,0.0,0.0,200.0,400.0,Venues de mariage privées
2622,12081.0,42,3577,24000.0,20.0,cancelled,Birthday,2024-02-29,Wedding,Tunis,Tunisie,5,0.0,0.0,300.0,500.0,Hotel
16187,11512.0,252,1608,20000.0,20.0,pending,Wedding,2023-01-17,Wedding,Tunis,Tunisie,2,0.0,0.0,300.0,500.0,Hotel
14761,10765.0,42,3577,17000.0,5.0,pending,Birthday,2022-07-24,Corporate,Gafsa,Tunisie,2,0.0,0.0,100.0,200.0,Hotel
2112,3365.0,252,1608,26000.0,5.0,confirmed,Wedding,2024-01-28,Corporate,Tozeur,Tunisie,4,0.0,0.0,300.0,500.0,Venues de mariage privées
8684,8494.0,42,3577,23000.0,0.0,confirmed,Wedding,2025-07-21,Birthday,Mahdia,Tunisie,1,0.0,0.0,200.0,400.0,Venues de mariage privées
16978,4248.0,42,3577,23000.0,2.0,cancelled,Corporate Event,2024-05-27,Wedding,Mahdia,Tunisie,1,0.0,0.0,200.0,400.0,Venues de mariage privées
7525,3583.0,203,1417,24000.0,0.0,pending,Corporate Event,2023-02-09,Birthday,Mahdia,Tunisie,3,0.0,0.0,200.0,400.0,Venues de mariage privées
16679,4415.0,126,4896,25000.0,11.0,confirmed,Wedding,2022-07-03,Corporate,Ariana,Tunisie,1,0.0,0.0,200.0,400.0,Venues de mariage privées
7444,12593.0,249,22215,12000.0,16.0,cancelled,Wedding,2025-03-26,Wedding,Manouba,Tunisie,4,0.0,0.0,200.0,400.0,Venues de mariage privées
11178,14221.0,202,1983,19000.0,3.0,cancelled,Corporate Event,2025-05-17,Birthday,Zaghouan,Tunisie,3,0.0,0.0,100.0,200.0,Hotel
10291,1717.0,203,1258,19000.0,15.0,pending,Corporate Event,2024-06-26,Corporate,Ben Arous,Tunisie,2,0.0,0.0,200.0,400.0,Venues de mariage privées
5363,12727.0,252,1608,21000.0,2.0,pending,Wedding,2022-09-22,Wedding,Bizerte,Tunisie,2,0.0,0.0,300.0,500.0,Venues de mariage privées
9590,7818.0,126,4896,13000.0,0.0,cancelled,Wedding,2023-06-22,Wedding,Kasserine,Tunisie,4,0.0,0.0,200.0,400.0,Venues de mariage privées
9295,5194.0,229,3480,12000.0,0.0,confirmed,Birthday,2023-01-10,Birthday,Siliana,Tunisie,2,0.0,0.0,200.0,400.0,Venues de mariage privées
8712,7116.0,239,4101,23000.0,9.0,confirmed,Birthday,2022-10-26,Wedding,Kairouan,Tunisie,4,0.0,0.0,300.0,500.0,Venues de mariage privées
17870,7223.0,239,4101,25000.0,5.0,pending,Wedding,2024-10-22,Corporate,Tozeur,Tunisie,5,0.0,0.0,300.0,500.0,Venues de mariage privées
14281,8378.0,239,4101,21000.0,10.0,confirmed,Birthday,2024-08-08,Wedding,Gafsa,Tunisie,5,0.0,0.0,100.0,200.0,Hotel
15294,3874.0,155,66,25000.0,0.0,cancelled,Corporate Event,2022-06-28,Birthday,Ariana,Tunisie,2,0.0,0.0,200.0,400.0,Venues de mariage privées
9922,12630.0,155,66,23000.0,2.0,confirmed,Birthday,2025-10-28,Wedding,Bizerte,Tunisie,1,0.0,0.0,300.0,500.0,Venues de mariage privées
3323,6641.0,126,4896,22000.0,7.0,cancelled,Birthday,2023-01-07,Birthday,Kairouan,Tunisie,4,0.0,0.0,300.0,500.0,Venues de mariage privées
3548,10956.0,202,1983,17000.0,9.0,cancelled,Birthday,2022-03-27,Wedding,Kairouan,Tunisie,1,0.0,0.0,300.0,500.0,Venues de mariage privées
100,3277.0,249,22215,22000.0,7.0,confirmed,Wedding,2024-09-19,Birthday,Kairouan,Tunisie,3,0.0,0.0,300.0,500.0,Venues de mariage privées
11481,1137.0,155,66,12000.0,6.0,confirmed,Birthday,2023-03-05,Corporate,Bizerte,Tunisie,2,0.0,0.0,300.0,500.0,Venues de mariage privées
14047,5027.0,229,3480,15000.0,0.0,pending,Corporate Event,2024-03-29,Wedding,Gafsa,Tunisie,2,0.0,0.0,100.0,200.0,Hotel
16282,10112.0,239,4101,26000.0,0.0,cancelled,Wedding,2023-02-16,Birthday,Mahdia,Tunisie,1,0.0,0.0,200.0,400.0,Venues de mariage privées
10002,9368.0,202,1983,26000.0,2.0,pending,Corporate Event,2022-07-21,Wedding,Jendouba,Tunisie,5,0.0,0.0,100.0,200.0,Hotel
6077,9901.0,176,3661,21000.0,2.0,confirmed,Wedding,2025-09-03,Wedding,Bizerte,Tunisie,5,0.0,0.0,300.0,500.0,Venues de mariage privées
10269,7352.0,229,3480,23000.0,18.0,confirmed,Wedding,2022-11-17,Birthday,Manouba,Tunisie,3,0.0,0.0,200.0,400.0,Venues de mariage privées
14790,1450.0,42,3577,21000.0,0.0,cancelled,Wedding,2022-08-21,Birthday,Ariana,Tunisie,1,0.0,0.0,200.0,400.0,Venues de mariage privées
12158,3632.0,252,1608,15000.0,3.0,cancelled,Wedding,2025-01-03,Corporate,Sfax,Tunisie,2,0.0,0.0,200.0,500.0,Hotel
15750,12235.0,298,962,20000.0,16.0,pending,Wedding,2025-02-11,Wedding,Monastir,Tunisie,3,0.0,0.0,200.0,500.0,Hotel
10320,12877.0,239,4101,22000.0,2.0,cancelled,Wedding,2023-09-10,Wedding,Bizerte,Tunisie,1,0.0,0.0,300.0,500.0,Venues de mariage privées
4149,12162.0,203,1417,17000.0,18.0,confirmed,Corporate Event,2022-07-09,Birthday,Manouba,Tunisie,1,0.0,0.0,200.0,400.0,Venues de mariage privées
716,974.0,42,3577,23000.0,3.0,confirmed,Corporate Event,2024-12-28,Birthday,Zaghouan,Tunisie,5,0.0,0.0,100.0,200.0,Hotel
15749,14851.0,42,3577,19000.0,9.0,pending,Wedding,2022-10-15,Wedding,Kairouan,Tunisie,3,0.0,0.0,300.0,500.0,Venues de mariage privées
16734,12674.0,42,3577,24000.0,5.0,cancelled,Wedding,2025-01-25,Corporate,Tozeur,Tunisie,3,0.0,0.0,300.0,500.0,Venues de mariage privées
1803,3368.0,298,962,13000.0,7.0,confirmed,Birthday,2024-12-29,Corporate,Zaghouan,Tunisie,5,0.0,0.0,100.0,200.0,Hotel
8783,4657.0,298,962,22000.0,5.0,pending,Birthday,2025-09-21,Corporate,Kairouan,Tunisie,2,0.0,0.0,300.0,500.0,Venues de mariage privées
9934,14800.0,203,1258,24000.0,3.0,confirmed,Wedding,2024-04-17,Birthday,Zaghouan,Tunisie,1,0.0,0.0,100.0,200.0,Hotel
15676,5207.0,249,22215,26000.0,4.0,cancelled,Corporate Event,2022-11-17,Wedding,Zaghouan,Tunisie,5,0.0,0.0,100.0,200.0,Hotel
5499,11504.0,298,962,21000.0,10.0,cancelled,Wedding,2022-12-27,Wedding,Kasserine,Tunisie,1,0.0,0.0,200.0,400.0,Venues de mariage privées
16119,3783.0,239,4101,20000.0,2.0,confirmed,Corporate Event,2025-03-11,Wedding,Jendouba,Tunisie,1,0.0,0.0,100.0,200.0,Hotel
7676,7626.0,203,1417,22000.0,2.0,cancelled,Wedding,2022-07-08,Wedding,Siliana,Tunisie,3,0.0,0.0,200.0,400.0,Venues de mariage privées
6154,6633.0,42,3577,25000.0,10.0,pending,Birthday,2023-06-11,Wedding,Kasserine,Tunisie,2,0.0,0.0,200.0,400.0,Venues de mariage privées
5865,6918.0,203,1417,13000.0,0.0,confirmed,Wedding,2024-08-02,Corporate,Siliana,Tunisie,4,0.0,0.0,200.0,400.0,Venues de mariage privées
5069,5364.0,203,1258,20000.0,7.0,cancelled,Wedding,2022-10-25,Wedding,Jendouba,Tunisie,3,0.0,0.0,100.0,200.0,Hotel
2632,12176.0,298,962,20000.0,1.0,pending,Corporate Event,2024-11-08,Wedding,Tataouine,Tunisie,5,0.0,0.0,100.0,200.0,Hotel
9322,14739.0,203,1417,22000.0,20.0,pending,Birthday,2025-04-02,Wedding,Tunis,Tunisie,4,0.0,0.0,300.0,500.0,Hotel
15699,1785.0,202,1983,13000.0,10.0,confirmed,Corporate Event,2024-06-01,Corporate,Jendouba,Tunisie,5,0.0,0.0,100.0,200.0,Hotel
7071,3122.0,249,22215,15000.0,3.0,pending,Birthday,2023-01-30,Corporate,Sfax,Tunisie,4,0.0,0.0,200.0,500.0,Hotel
10805,119030.0,155,66,22000.0,0.0,pending,Wedding,2023-07-08,Birthday,Tozeur,Tunisie,2,0.0,0.0,300.0,500.0,Venues de mariage privées
12124,10019.0,202,1983,26000.0,5.0,cancelled,Wedding,2022-12-13,Corporate,Kairouan,Tunisie,2,0.0,0.0,300.0,500.0,Venues de mariage privées
1320,7508.0,239,4101,21000.0,16.0,cancelled,Birthday,2023-12-08,Wedding,Sousse,Tunisie,2,0.0,0.0,300.0,500.0,Venues de mariage privées
10970,7192.0,126,4896,19000.0,13.0,confirmed,Corporate Event,2022-12-31,Corporate,Manouba,Tunisie,1,0.0,0.0,200.0,400.0,Venues de mariage privées
6510,7115.0,239,4101,17000.0,2.0,confirmed,Birthday,2025-03-14,Wedding,Siliana,Tunisie,4,0.0,0.0,200.0,400.0,Venues de mariage privées
16697,6177.0,176,3661,25000.0,2.0,pending,Birthday,2025-12-21,Wedding,Siliana,Tunisie,5,0.0,0.0,200.0,400.0,Venues de mariage privées
1384,14021.0,229,3480,21000.0,16.0,cancelled,Wedding,2022-10-25,Wedding,Manouba,Tunisie,5,0.0,0.0,200.0,400.0,Venues de mariage privées
11973,12709.0,298,962,25000.0,2.0,pending,Birthday,2025-03-05,Wedding,Mahdia,Tunisie,3,0.0,0.0,200.0,400.0,Venues de mariage privées
6964,376.0,249,22215,15000.0,0.0,confirmed,Wedding,2024-01-28,Wedding,Kasserine,Tunisie,4,0.0,0.0,200.0,400.0,Venues de mariage privées
6222,11689.0,249,22215,20000.0,9.0,confirmed,Wedding,2023-08-13,Corporate,Kasserine,Tunisie,4,0.0,0.0,200.0,400.0,Venues de mariage privées
10558,11069.0,176,3661,12000.0,13.0,pending,Wedding,2022-08-21,Corporate,Manouba,Tunisie,4,0.0,0.0,200.0,400.0,Venues de mariage privées
9994,11537.0,229,3480,17000.0,0.0,confirmed,Corporate Event,2022-04-02,Birthday,Kasserine,Tunisie,5,0.0,0.0,200.0,400.0,Venues de mariage privées
1722,8269.0,239,4101,24000.0,10.0,cancelled,Corporate Event,2025-08-08,Birthday,Sfax,Tunisie,3,0.0,0.0,200.0,500.0,Hotel
5341,5555.0,203,1258,21000.0,20.0,pending,Birthday,2025-10-04,Wedding,Tunis,Tunisie,2,0.0,0.0,300.0,500.0,Hotel
11521,10428.0,298,962,20000.0,2.0,pending,Corporate Event,2024-01-16,Wedding,Sidi Bouzid,Tunisie,1,0.0,0.0,200.0,400.0,Venues de mariage privées
15994,10913.0,203,1417,15000.0,8.0,confirmed,Corporate Event,2025-09-11,Wedding,Zaghouan,Tunisie,5,0.0,0.0,100.0,200.0,Hotel
6365,12749.0,155,66,17000.0,4.0,cancelled,Birthday,2022-03-03,Birthday,Bizerte,Tunisie,4,0.0,0.0,300.0,500.0,Venues de mariage privées
9032,8480.0,203,1258,24000.0,3.0,pending,Corporate Event,2023-07-16,Birthday,Zaghouan,Tunisie,2,0.0,0.0,100.0,200.0,Hotel
4166,1535.0,298,962,20000.0,0.0,pending,Wedding,2022-06-01,Birthday,Kasserine,Tunisie,5,0.0,0.0,200.0,400.0,Venues de mariage privées
8002,9314.0,203,1258,25000.0,20.0,pending,Wedding,2023-03-16,Wedding,Manouba,Tunisie,3,0.0,0.0,200.0,400.0,Venues de mariage privées
8143,3888.0,203,1258,15000.0,10.0,confirmed,Corporate Event,2023-06-02,Wedding,Kasserine,Tunisie,2,0.0,0.0,200.0,400.0,Venues de mariage privées
5952,14121.0,126,4896,13000.0,16.0,cancelled,Birthday,2022-01-15,Wedding,Monastir,Tunisie,2,0.0,0.0,200.0,500.0,Hotel
3729,14234.0,203,1417,21000.0,0.0,pending,Birthday,2022-09-23,Corporate,Tataouine,Tunisie,5,0.0,0.0,100.0,200.0,Hotel
3169,12907.0,155,66,15000.0,0.0,pending,Wedding,2024-07-25,Wedding,Tozeur,Tunisie,3,0.0,0.0,300.0,500.0,Venues de mariage privées
1995,10953.0,203,1258,25000.0,0.0,pending,Birthday,2025-11-13,Birthday,Mahdia,Tunisie,3,0.0,0.0,200.0,400.0,Venues de mariage privées
8469,3828.0,203,1258,19000.0,10.0,confirmed,Birthday,2025-10-31,Birthday,Sfax,Tunisie,2,0.0,0.0,200.0,500.0,Hotel
2763,8089.0,239,4101,17000.0,20.0,cancelled,Wedding,2025-02-16,Wedding,Tunis,Tunisie,2,0.0,0.0,300.0,500.0,Hotel
2779,9390.0,42,3577,23000.0,10.0,confirmed,Corporate Event,2023-09-25,Birthday,Sfax,Tunisie,5,0.0,0.0,200.0,500.0,Hotel
12532,1306.0,239,4101,17000.0,7.0,confirmed,Wedding,2024-05-07,Birthday,Kairouan,Tunisie,2,0.0,0.0,300.0,500.0,Venues de mariage privées
9717,6474.0,202,1983,22000.0,10.0,pending,Corporate Event,2025-09-09,Corporate,Jendouba,Tunisie,5,0.0,0.0,100.0,200.0,Hotel
16434,14555.0,155,66,21000.0,20.0,pending,Wedding,2023-10-18,Wedding,Tunis,Tunisie,5,0.0,0.0,300.0,500.0,Hotel
12213,1443.0,176,3661,22000.0,7.0,confirmed,Wedding,2022-01-15,Birthday,Kairouan,Tunisie,5,0.0,0.0,300.0,500.0,Venues de mariage privées
14487,11930.0,203,1258,23000.0,7.0,confirmed,Corporate Event,2024-05-31,Wedding,Nabeul,Tunisie,4,0.0,0.0,300.0,500.0,Venues de mariage privées
13386,1500.0,176,3661,26000.0,10.0,cancelled,Birthday,2025-11-25,Birthday,Nabeul,Tunisie,4,0.0,0.0,300.0,500.0,Venues de mariage privées
12435,3249.0,155,66,25000.0,10.0,confirmed,Wedding,2023-04-13,Wedding,Gafsa,Tunisie,5,0.0,0.0,100.0,200.0,Hotel
11296,10850.0,229,3480,22000.0,2.0,confirmed,Corporate Event,2024-08-18,Wedding,Sidi Bouzid,Tunisie,5,0.0,0.0,200.0,400.0,Venues de mariage privées
13280,6477.0,229,3480,13000.0,4.0,cancelled,Corporate Event,2024-02-08,Wedding,Zaghouan,Tunisie,3,0.0,0.0,100.0,200.0,Hotel
1085,13983.0,203,1258,25000.0,16.0,pending,Corporate Event,2023-09-24,Wedding,Sousse,Tunisie,1,0.0,0.0,300.0,500.0,Venues de mariage privées
7952,7722.0,239,4101,17000.0,16.0,confirmed,Birthday,2025-01-09,Wedding,Ben Arous,Tunisie,3,0.0,0.0,200.0,400.0,Venues de mariage privées
16639,13762.0,239,4101,20000.0,0.0,confirmed,Wedding,2022-09-11,Birthday,Siliana,Tunisie,1,0.0,0.0,200.0,400.0,Venues de mariage privées
11750,3532.0,155,66,26000.0,2.0,cancelled,Corporate Event,2024-11-03,Wedding,Mahdia,Tunisie,3,0.0,0.0,200.0,400.0,Venues de mariage privées
7554,12046.0,126,4896,12000.0,10.0,pending,Corporate Event,2024-01-05,Wedding,Ariana,Tunisie,1,0.0,0.0,200.0,400.0,Venues de mariage privées
12620,6455.0,252,1608,19000.0,0.0,pending,Corporate Event,2024-08-28,Birthday,Jendouba,Tunisie,1,0.0,0.0,100.0,200.0,Hotel
4376,2230.0,176,3661,19000.0,0.0,cancelled,Birthday,2022-01-03,Birthday,Kasserine,Tunisie,5,0.0,0.0,200.0,400.0,Venues de mariage privées
14289,1454.0,239,4101,20000.0,0.0,cancelled,Birthday,2025-10-23,Wedding,Kasserine,Tunisie,5,0.0,0.0,200.0,400.0,Venues de mariage privées
963,6883.0,202,1983,12000.0,5.0,confirmed,Birthday,2025-03-31,Corporate,Gafsa,Tunisie,2,0.0,0.0,100.0,200.0,Hotel
12934,14673.0,249,22215,12000.0,2.0,confirmed,Corporate Event,2023-03-05,Wedding,Mahdia,Tunisie,3,0.0,0.0,200.0,400.0,Venues de mariage privées
13270,13133.0,203,1417,26000.0,8.0,pending,Wedding,2023-03-20,Wedding,Bizerte,Tunisie,4,0.0,0.0,300.0,500.0,Venues de mariage privées
7574,8126.0,202,1983,13000.0,3.0,confirmed,Wedding,2022-06-15,Corporate,Sidi Bouzid,Tunisie,5,0.0,0.0,200.0,400.0,Venues de mariage privées
1845,9844.0,203,1417,23000.0,20.0,cancelled,Birthday,2024-04-29,Wedding,Manouba,Tunisie,2,0.0,0.0,200.0,400.0,Venues de mariage privées
493,14111.0,203,1417,25000.0,2.0,cancelled,Wedding,2023-05-10,Wedding,Mahdia,Tunisie,5,0.0,0.0,200.0,400.0,Venues de mariage privées
15372,898.0,126,4896,19000.0,0.0,cancelled,Birthday,2023-11-11,Birthday,Kasserine,Tunisie,1,0.0,0.0,200.0,400.0,Venues de mariage privées
10606,12325.0,252,1608,25000.0,2.0,cancelled,Wedding,2023-07-30,Birthday,Ben Arous,Tunisie,5,0.0,0.0,200.0,400.0,Venues de mariage privées
8568,8663.0,155,66,23000.0,4.0,confirmed,Wedding,2025-08-30,Corporate,Tunis,Tunisie,3,0.0,0.0,300.0,500.0,Hotel
7960,14162.0,298,962,21000.0,10.0,pending,Birthday,2025-11-05,Birthday,Nabeul,Tunisie,2,0.0,0.0,300.0,500.0,Venues de mariage privées
6595,5354.0,126,4896,13000.0,9.0,cancelled,Corporate Event,2025-03-05,Wedding,Kairouan,Tunisie,2,0.0,0.0,300.0,500.0,Venues de mariage privées
1024,3910.0,298,962,20000.0,2.0,cancelled,Corporate Event,2024-10-27,Wedding,Nabeul,Tunisie,1,0.0,0.0,300.0,500.0,Venues de mariage privées
8985,9724.0,176,3661,12000.0,2.0,confirmed,Birthday,2025-03-01,Wedding,Mahdia,Tunisie,4,0.0,0.0,200.0,400.0,Venues de mariage privées
11680,14901.0,42,3577,20000.0,3.0,cancelled,Wedding,2024-08-03,Corporate,Sidi Bouzid,Tunisie,4,0.0,0.0,200.0,400.0,Venues de mariage privées
3183,13097.0,42,3577,19000.0,20.0,confirmed,Birthday,2022-07-21,Wedding,Manouba,Tunisie,2,0.0,0.0,200.0,400.0,Venues de mariage privées
1270,13395.0,176,3661,22000.0,16.0,cancelled,Birthday,2022-04-12,Wedding,Ben Arous,Tunisie,5,0.0,0.0,200.0,400.0,Venues de mariage privées
6819,1900.0,42,3577,25000.0,0.0,pending,Corporate Event,2022-03-24,Corporate,Siliana,Tunisie,2,0.0,0.0,200.0,400.0,Venues de mariage privées
8622,2527.0,239,4101,24000.0,18.0,confirmed,Corporate Event,2024-02-26,Birthday,Manouba,Tunisie,2,0.0,0.0,200.0,400.0,Venues de mariage privées
6480,8705.0,202,1983,17000.0,5.0,pending,Wedding,2022-09-20,Corporate,Kairouan,Tunisie,1,0.0,0.0,300.0,500.0,Venues de mariage privées
6603,3278.0,239,4101,17000.0,0.0,confirmed,Wedding,2023-12-17,Birthday,Ariana,Tunisie,3,0.0,0.0,200.0,400.0,Venues de mariage privées
13031,5511.0,176,3661,22000.0,0.0,confirmed,Corporate Event,2024-02-20,Birthday,Jendouba,Tunisie,1,0.0,0.0,100.0,200.0,Hotel
13690,14490.0,203,1258,24000.0,3.0,pending,Birthday,2025-03-02,Wedding,Sidi Bouzid,Tunisie,3,0.0,0.0,200.0,400.0,Venues de mariage privées
11147,6348.0,155,66,13000.0,2.0,pending,Corporate Event,2025-11-08,Wedding,Mahdia,Tunisie,5,0.0,0.0,200.0,400.0,Venues de mariage privées
15441,3769.0,203,1417,22000.0,10.0,confirmed,Corporate Event,2024-12-24,Corporate,Jendouba,Tunisie,2,0.0,0.0,100.0,200.0,Hotel
5772,9033.0,155,66,24000.0,10.0,confirmed,Corporate Event,2024-12-27,Birthday,Nabeul,Tunisie,4,0.0,0.0,300.0,500.0,Venues de mariage privées
2331,13746.0,252,1608,24000.0,2.0,cancelled,Corporate Event,2023-03-03,Wedding,Jendouba,Tunisie,5,0.0,0.0,100.0,200.0,Hotel
17219,7229.0,239,4101,20000.0,20.0,pending,Birthday,2024-04-03,Wedding,Manouba,Tunisie,4,0.0,0.0,200.0,400.0,Venues de mariage privées
17587,14660.0,298,962,22000.0,0.0,pending,Wedding,2024-07-26,Wedding,Kasserine,Tunisie,3,0.0,0.0,200.0,400.0,Venues de mariage privées
8869,91450.0,203,1417,22000.0,0.0,confirmed,Wedding,2023-03-14,Birthday,Jendouba,Tunisie,1,0.0,0.0,100.0,200.0,Hotel
11488,7091.0,176,3661,19000.0,0.0,cancelled,Birthday,2023-11-03,Birthday,Ariana,Tunisie,2,0.0,0.0,200.0,400.0,Venues de mariage privées
10899,14060.0,203,1258,22000.0,14.0,confirmed,Corporate Event,2022-08-29,Corporate,Nabeul,Tunisie,3,0.0,0.0,300.0,500.0,Venues de mariage privées
15641,3518.0,239,4101,20000.0,20.0,cancelled,Birthday,2024-09-13,Wedding,Manouba,Tunisie,2,0.0,0.0,200.0,400.0,Venues de mariage privées
17463,2073.0,239,4101,19000.0,0.0,confirmed,Birthday,2023-05-10,Birthday,Tozeur,Tunisie,5,0.0,0.0,300.0,500.0,Venues de mariage privées
1824,14789.0,155,66,15000.0,6.0,pending,Wedding,2024-05-07,Corporate,Mahdia,Tunisie,1,0.0,0.0,200.0,400.0,Venues de mariage privées
15401,836.0,202,1983,26000.0,9.0,confirmed,Wedding,2025-08-19,Corporate,Kasserine,Tunisie,1,0.0,0.0,200.0,400.0,Venues de mariage privées
13689,9945.0,249,22215,17000.0,13.0,pending,Birthday,2024-10-05,Corporate,Manouba,Tunisie,2,0.0,0.0,200.0,400.0,Venues de mariage privées
13529,10128.0,126,4896,25000.0,4.0,cancelled,Birthday,2025-03-23,Wedding,Ben Arous,Tunisie,1,0.0,0.0,200.0,400.0,Venues de mariage privées
6,8569.0,203,1417,15000.0,7.0,pending,Birthday,2022-01-18,Wedding,Nabeul,Tunisie,2,0.0,0.0,300.0,500.0,Venues de mariage privées
141,7606.0,155,66,21000.0,3.0,confirmed,Wedding,2022-01-22,Wedding,Monastir,Tunisie,3,0.0,0.0,200.0,500.0,Hotel
6639,5197.0,42,3577,23000.0,16.0,confirmed,Wedding,2022-01-31,Wedding,Manouba,Tunisie,4,0.0,0.0,200.0,400.0,Venues de mariage privées
2178,5262.0,229,3480,20000.0,4.0,pending,Corporate Event,2023-11-29,Wedding,Kairouan,Tunisie,2,0.0,0.0,300.0,500.0,Venues de mariage privées
786,3920.0,249,22215,25000.0,0.0,confirmed,Corporate Event,2024-08-20,Birthday,Tunis,Tunisie,5,0.0,0.0,300.0,500.0,Hotel
9384,6323.0,176,3661,25000.0,0.0,cancelled,Birthday,2025-02-07,Wedding,Tozeur,Tunisie,3,0.0,0.0,300.0,500.0,Venues de mariage privées
9033,761.0,155,66,20000.0,0.0,confirmed,Birthday,2024-12-29,Birthday,Gafsa,Tunisie,3,0.0,0.0,100.0,200.0,Hotel
11779,6718.0,252,1608,13000.0,20.0,confirmed,Birthday,2025-10-17,Wedding,Manouba,Tunisie,1,0.0,0.0,200.0,400.0,Venues de mariage privées
16633,12086.0,203,1417,19000.0,2.0,cancelled,Wedding,2025-03-18,Wedding,Bizerte,Tunisie,2,0.0,0.0,300.0,500.0,Venues de mariage privées
9528,10995.0,203,1417,24000.0,0.0,confirmed,Wedding,2024-07-15,Birthday,Tunis,Tunisie,5,0.0,0.0,300.0,500.0,Hotel
10188,2269.0,252,1608,15000.0,0.0,confirmed,Corporate Event,2025-07-10,Birthday,Tunis,Tunisie,2,0.0,0.0,300.0,500.0,Hotel
1491,14804.0,249,22215,20000.0,2.0,cancelled,Birthday,2022-06-30,Wedding,Siliana,Tunisie,5,0.0,0.0,200.0,400.0,Venues de mariage privées
4343,6387.0,42,3577,24000.0,2.0,pending,Corporate Event,2025-12-13,Wedding,Mahdia,Tunisie,5,0.0,0.0,200.0,400.0,Venues de mariage privées
7897,12785.0,42,3577,13000.0,4.0,confirmed,Corporate Event,2024-05-28,Wedding,Ben Arous,Tunisie,1,0.0,0.0,200.0,400.0,Venues de mariage privées
6829,2595.0,249,22215,13000.0,2.0,cancelled,Corporate Event,2022-09-16,Wedding,Mahdia,Tunisie,1,0.0,0.0,200.0,400.0,Venues de mariage privées
11915,2850.0,202,1983,23000.0,0.0,pending,Wedding,2022-12-14,Corporate,Tataouine,Tunisie,1,0.0,0.0,100.0,200.0,Hotel
14798,6205.0,155,66,21000.0,0.0,confirmed,Wedding,2023-06-03,Wedding,Gafsa,Tunisie,2,0.0,0.0,100.0,200.0,Hotel
16718,3775.0,126,4896,15000.0,0.0,cancelled,Wedding,2023-03-27,Wedding,Gafsa,Tunisie,3,0.0,0.0,100.0,200.0,Hotel
11325,2449.0,298,962,26000.0,2.0,cancelled,Birthday,2022-12-26,Wedding,Mahdia,Tunisie,4,0.0,0.0,200.0,400.0,Venues de mariage privées
17938,5109.0,176,3661,20000.0,9.0,confirmed,Corporate Event,2022-05-24,Corporate,Sousse,Tunisie,4,0.0,0.0,300.0,500.0,Venues de mariage privées
10877,724.0,203,1258,20000.0,1.0,cancelled,Wedding,2024-09-02,Wedding,Tataouine,Tunisie,3,0.0,0.0,100.0,200.0,Hotel
7044,7622.0,203,1417,22000.0,0.0,confirmed,Wedding,2024-12-12,Birthday,Tunis,Tunisie,4,0.0,0.0,300.0,500.0,Hotel
1047,14153.0,203,1417,22000.0,2.0,cancelled,Birthday,2023-10-29,Wedding,Mahdia,Tunisie,5,0.0,0.0,200.0,400.0,Venues de mariage privées
6807,14693.0,249,22215,17000.0,0.0,confirmed,Birthday,2022-11-12,Birthday,Tunis,Tunisie,3,0.0,0.0,300.0,500.0,Hotel
16686,4667.0,229,3480,21000.0,7.0,pending,Birthday,2022-04-24,Birthday,Kairouan,Tunisie,4,0.0,0.0,300.0,500.0,Venues de mariage privées
9881,4671.0,176,3661,23000.0,0.0,confirmed,Wedding,2024-02-26,Wedding,Gafsa,Tunisie,4,0.0,0.0,100.0,200.0,Hotel
9703,7366.0,126,4896,23000.0,2.0,cancelled,Corporate Event,2023-09-01,Wedding,Mahdia,Tunisie,1,0.0,0.0,200.0,400.0,Venues de mariage privées
12687,3486.0,202,1983,21000.0,0.0,confirmed,Birthday,2022-02-16,Corporate,Siliana,Tunisie,5,0.0,0.0,200.0,400.0,Venues de mariage privées
13962,4016.0,203,1417,20000.0,2.0,cancelled,Corporate Event,2022-02-17,Wedding,Bizerte,Tunisie,4,0.0,0.0,300.0,500.0,Venues de mariage privées
5923,2651.0,298,962,17000.0,0.0,confirmed,Corporate Event,2022-04-07,Birthday,Sidi Bouzid,Tunisie,3,0.0,0.0,200.0,400.0,Venues de mariage privées
7124,11695.0,229,3480,23000.0,0.0,pending,Wedding,2023-08-15,Wedding,Kasserine,Tunisie,5,0.0,0.0,200.0,400.0,Venues de mariage privées
9053,7785.0,239,4101,25000.0,2.0,confirmed,Corporate Event,2022-05-31,Wedding,Mahdia,Tunisie,3,0.0,0.0,200.0,400.0,Venues de mariage privées
13420,13670.0,155,66,17000.0,0.0,cancelled,Corporate Event,2025-09-20,Birthday,Mahdia,Tunisie,5,0.0,0.0,200.0,400.0,Venues de mariage privées
4737,4021.0,298,962,22000.0,20.0,pending,Corporate Event,2024-12-02,Wedding,Tunis,Tunisie,3,0.0,0.0,300.0,500.0,Hotel
13485,2573.0,249,22215,20000.0,0.0,confirmed,Wedding,2025-06-15,Wedding,Kasserine,Tunisie,1,0.0,0.0,200.0,400.0,Venues de mariage privées
11509,13419.0,298,962,12000.0,2.0,confirmed,Birthday,2022-10-09,Wedding,Sidi Bouzid,Tunisie,4,0.0,0.0,200.0,400.0,Venues de mariage privées
176,5278.0,126,4896,19000.0,0.0,confirmed,Birthday,2022-01-08,Birthday,Sidi Bouzid,Tunisie,5,0.0,0.0,200.0,400.0,Venues de mariage privées
11640,12940.0,203,1258,25000.0,8.0,confirmed,Corporate Event,2025-09-28,Wedding,Zaghouan,Tunisie,1,0.0,0.0,100.0,200.0,Hotel
17569,9337.0,249,22215,25000.0,5.0,pending,Corporate Event,2025-02-01,Corporate,Tozeur,Tunisie,3,0.0,0.0,300.0,500.0,Venues de mariage privées
14992,13031.0,203,1258,12000.0,20.0,cancelled,Wedding,2022-04-07,Wedding,Tunis,Tunisie,1,0.0,0.0,300.0,500.0,Hotel
324,13949.0,176,3661,22000.0,2.0,pending,Birthday,2022-02-09,Wedding,Siliana,Tunisie,3,0.0,0.0,200.0,400.0,Venues de mariage privées
877,7709.0,229,3480,20000.0,2.0,pending,Birthday,2024-10-28,Wedding,Jendouba,Tunisie,4,0.0,0.0,100.0,200.0,Hotel
11399,2277.0,176,3661,21000.0,2.0,pending,Birthday,2024-10-08,Birthday,Monastir,Tunisie,5,0.0,0.0,200.0,500.0,Hotel
9895,9227.0,203,1258,12000.0,10.0,cancelled,Corporate Event,2022-01-28,Wedding,Ariana,Tunisie,3,0.0,0.0,200.0,400.0,Venues de mariage privées
4165,3025.0,298,962,12000.0,0.0,confirmed,Corporate Event,2022-04-27,Birthday,Mahdia,Tunisie,3,0.0,0.0,200.0,400.0,Venues de mariage privées
9375,12639.0,176,3661,22000.0,12.0,cancelled,Wedding,2024-01-06,Corporate,Monastir,Tunisie,2,0.0,0.0,200.0,500.0,Hotel
3061,3542.0,239,4101,21000.0,8.0,pending,Birthday,2022-05-12,Wedding,Bizerte,Tunisie,5,0.0,0.0,300.0,500.0,Venues de mariage privées
14299,4222.0,249,22215,15000.0,0.0,confirmed,Wedding,2022-06-29,Birthday,Mahdia,Tunisie,4,0.0,0.0,200.0,400.0,Venues de mariage privées
14122,12688.0,239,4101,15000.0,10.0,confirmed,Corporate Event,2022-02-21,Wedding,Gafsa,Tunisie,3,0.0,0.0,100.0,200.0,Hotel
9761,14041.0,298,962,25000.0,0.0,cancelled,Birthday,2024-09-04,Wedding,Tozeur,Tunisie,1,0.0,0.0,300.0,500.0,Venues de mariage privées
5701,11985.0,42,3577,13000.0,0.0,confirmed,Birthday,2025-05-11,Birthday,Tunis,Tunisie,4,0.0,0.0,300.0,500.0,Hotel
5073,12575.0,203,1417,22000.0,14.0,confirmed,Birthday,2022-11-01,Corporate,Nabeul,Tunisie,5,0.0,0.0,300.0,500.0,Venues de mariage privées
13016,14531.0,249,22215,19000.0,3.0,pending,Birthday,2024-01-10,Corporate,Sidi Bouzid,Tunisie,1,0.0,0.0,200.0,400.0,Venues de mariage privées
12567,10834.0,229,3480,26000.0,0.0,pending,Corporate Event,2025-02-07,Wedding,Kasserine,Tunisie,4,0.0,0.0,200.0,400.0,Venues de mariage privées
9140,3023.0,176,3661,20000.0,0.0,confirmed,Corporate Event,2023-04-11,Birthday,Siliana,Tunisie,4,0.0,0.0,200.0,400.0,Venues de mariage privées
4758,7221.0,239,4101,24000.0,4.0,cancelled,Corporate Event,2025-10-09,Wedding,Ben Arous,Tunisie,5,0.0,0.0,200.0,400.0,Venues de mariage privées
1060,3733.0,252,1608,19000.0,10.0,cancelled,Corporate Event,2024-07-07,Birthday,Sfax,Tunisie,5,0.0,0.0,200.0,500.0,Hotel
14959,14995.0,239,4101,25000.0,0.0,cancelled,Birthday,2023-01-16,Corporate,Siliana,Tunisie,5,0.0,0.0,200.0,400.0,Venues de mariage privées
3896,6473.0,239,4101,12000.0,0.0,cancelled,Corporate Event,2022-03-05,Wedding,Tozeur,Tunisie,4,0.0,0.0,300.0,500.0,Venues de mariage privées
3383,14615.0,155,66,24000.0,3.0,pending,Birthday,2022-11-21,Corporate,Sidi Bouzid,Tunisie,1,0.0,0.0,200.0,400.0,Venues de mariage privées
8771,13537.0,298,962,15000.0,7.0,cancelled,Birthday,2023-11-10,Wedding,Nabeul,Tunisie,3,0.0,0.0,300.0,500.0,Venues de mariage privées
6591,1341.0,42,3577,25000.0,6.0,confirmed,Corporate Event,2023-10-23,Corporate,Mahdia,Tunisie,5,0.0,0.0,200.0,400.0,Venues de mariage privées
5108,102010.0,298,962,20000.0,10.0,pending,Wedding,2024-01-28,Birthday,Nabeul,Tunisie,4,0.0,0.0,300.0,500.0,Venues de mariage privées
7333,5492.0,249,22215,20000.0,14.0,cancelled,Birthday,2024-08-02,Corporate,Nabeul,Tunisie,1,0.0,0.0,300.0,500.0,Venues de mariage privées
775,14730.0,202,1983,26000.0,2.0,pending,Birthday,2023-01-19,Wedding,Siliana,Tunisie,5,0.0,0.0,200.0,400.0,Venues de mariage privées
10615,6682.0,126,4896,23000.0,4.0,cancelled,Birthday,2025-10-28,Corporate,Tunis,Tunisie,3,0.0,0.0,300.0,500.0,Hotel
15878,10759.0,176,3661,12000.0,16.0,cancelled,Birthday,2025-05-10,Wedding,Sousse,Tunisie,5,0.0,0.0,300.0,500.0,Venues de mariage privées
7517,612.0,249,22215,13000.0,1.0,cancelled,Corporate Event,2022-03-27,Wedding,Tataouine,Tunisie,1,0.0,0.0,100.0,200.0,Hotel
9704,12979.0,249,22215,15000.0,4.0,pending,Birthday,2024-05-16,Corporate,Tunis,Tunisie,3,0.0,0.0,300.0,500.0,Hotel
12335,14375.0,42,3577,26000.0,2.0,cancelled,Birthday,2025-05-21,Wedding,Siliana,Tunisie,1,0.0,0.0,200.0,400.0,Venues de mariage privées
10301,8745.0,249,22215,20000.0,8.0,confirmed,Birthday,2023-01-19,Wedding,Zaghouan,Tunisie,5,0.0,0.0,100.0,200.0,Hotel
6612,2166.0,176,3661,17000.0,10.0,cancelled,Birthday,2023-10-25,Birthday,Nabeul,Tunisie,3,0.0,0.0,300.0,500.0,Venues de mariage privées
7909,14153.0,252,1608,15000.0,2.0,confirmed,Birthday,2025-07-18,Wedding,Mahdia,Tunisie,5,0.0,0.0,200.0,400.0,Venues de mariage privées
14109,6682.0,203,1258,20000.0,20.0,pending,Birthday,2024-04-27,Wedding,Tunis,Tunisie,4,0.0,0.0,300.0,500.0,Hotel
8778,11429.0,202,1983,22000.0,4.0,confirmed,Birthday,2023-01-14,Wedding,Zaghouan,Tunisie,4,0.0,0.0,100.0,200.0,Hotel
910,2001.0,249,22215,26000.0,0.0,pending,Wedding,2023-02-02,Birthday,Ariana,Tunisie,3,0.0,0.0,200.0,400.0,Venues de mariage privées
11594,2403.0,252,1608,19000.0,10.0,pending,Corporate Event,2023-12-27,Birthday,Sfax,Tunisie,4,0.0,0.0,200.0,500.0,Hotel
5063,4136.0,298,962,24000.0,20.0,confirmed,Birthday,2025-11-18,Wedding,Tunis,Tunisie,5,0.0,0.0,300.0,500.0,Hotel
4828,5888.0,176,3661,15000.0,15.0,confirmed,Wedding,2022-01-13,Corporate,Ben Arous,Tunisie,2,0.0,0.0,200.0,400.0,Venues de mariage privées
6566,12119.0,229,3480,26000.0,14.0,pending,Corporate Event,2023-12-12,Wedding,Ariana,Tunisie,3,0.0,0.0,200.0,400.0,Venues de mariage privées
8898,4887.0,155,66,13000.0,3.0,pending,Corporate Event,2024-11-20,Wedding,Sidi Bouzid,Tunisie,1,0.0,0.0,200.0,400.0,Venues de mariage privées
5226,4176.0,252,1608,17000.0,0.0,pending,Wedding,2022-07-23,Birthday,Tozeur,Tunisie,5,0.0,0.0,300.0,500.0,Venues de mariage privées
12368,3599.0,249,22215,12000.0,16.0,pending,Wedding,2023-11-20,Wedding,Monastir,Tunisie,1,0.0,0.0,200.0,500.0,Hotel
2985,3604.0,203,1258,23000.0,7.0,cancelled,Wedding,2023-09-21,Wedding,Nabeul,Tunisie,5,0.0,0.0,300.0,500.0,Venues de mariage privées
316,3062.0,229,3480,25000.0,5.0,confirmed,Corporate Event,2024-06-26,Corporate,Kairouan,Tunisie,4,0.0,0.0,300.0,500.0,Venues de mariage privées
11545,5712.0,155,66,22000.0,10.0,cancelled,Corporate Event,2024-02-07,Wedding,Kasserine,Tunisie,1,0.0,0.0,200.0,400.0,Venues de mariage privées
10390,5927.0,176,3661,24000.0,14.0,confirmed,Birthday,2024-11-09,Corporate,Nabeul,Tunisie,5,0.0,0.0,300.0,500.0,Venues de mariage privées
11645,10061.0,252,1608,12000.0,0.0,confirmed,Wedding,2025-04-05,Birthday,Ariana,Tunisie,3,0.0,0.0,200.0,400.0,Venues de mariage privées
73,12085.0,42,3577,17000.0,20.0,pending,Birthday,2024-02-17,Wedding,Tunis,Tunisie,4,0.0,0.0,300.0,500.0,Hotel
8495,7356.0,155,66,26000.0,2.0,confirmed,Wedding,2023-12-09,Wedding,Bizerte,Tunisie,4,0.0,0.0,300.0,500.0,Venues de mariage privées
16468,2901.0,298,962,15000.0,14.0,confirmed,Birthday,2022-05-28,Corporate,Nabeul,Tunisie,3,0.0,0.0,300.0,500.0,Venues de mariage privées
14101,4819.0,155,66,20000.0,16.0,pending,Birthday,2025-07-27,Wedding,Monastir,Tunisie,2,0.0,0.0,200.0,500.0,Hotel
10783,9313.0,249,22215,12000.0,20.0,cancelled,Birthday,2025-02-20,Wedding,Tunis,Tunisie,2,0.0,0.0,300.0,500.0,Hotel
11780,1941.0,239,4101,20000.0,16.0,cancelled,Wedding,2023-11-17,Wedding,Monastir,Tunisie,1,0.0,0.0,200.0,500.0,Hotel
17581,11820.0,249,22215,23000.0,9.0,pending,Wedding,2025-12-23,Wedding,Kairouan,Tunisie,3,0.0,0.0,300.0,500.0,Venues de mariage privées
14892,5124.0,202,1983,17000.0,4.0,pending,Wedding,2022-02-02,Wedding,Ben Arous,Tunisie,2,0.0,0.0,200.0,400.0,Venues de mariage privées
5366,2119.0,239,4101,13000.0,10.0,pending,Birthday,2024-07-28,Birthday,Nabeul,Tunisie,2,0.0,0.0,300.0,500.0,Venues de mariage privées
8187,4034.0,126,4896,22000.0,2.0,confirmed,Wedding,2024-08-15,Birthday,Monastir,Tunisie,2,0.0,0.0,200.0,500.0,Hotel
10621,9706.0,239,4101,26000.0,0.0,pending,Corporate Event,2022-03-30,Birthday,Tozeur,Tunisie,1,0.0,0.0,300.0,500.0,Venues de mariage privées
15252,5828.0,176,3661,12000.0,5.0,pending,Birthday,2023-01-26,Corporate,Kairouan,Tunisie,1,0.0,0.0,300.0,500.0,Venues de mariage privées
3091,10982.0,155,66,13000.0,4.0,cancelled,Corporate Event,2024-09-27,Corporate,Tunis,Tunisie,5,0.0,0.0,300.0,500.0,Hotel
5061,13058.0,203,1417,20000.0,8.0,confirmed,Wedding,2022-10-30,Wedding,Bizerte,Tunisie,1,0.0,0.0,300.0,500.0,Venues de mariage privées
2834,13587.0,176,3661,12000.0,2.0,confirmed,Wedding,2022-10-15,Wedding,Mahdia,Tunisie,1,0.0,0.0,200.0,400.0,Venues de mariage privées
3312,4022.0,239,4101,22000.0,7.0,cancelled,Birthday,2022-10-09,Wedding,Jendouba,Tunisie,4,0.0,0.0,100.0,200.0,Hotel
16825,3420.0,126,4896,23000.0,0.0,confirmed,Corporate Event,2024-09-05,Wedding,Sfax,Tunisie,2,0.0,0.0,200.0,500.0,Hotel
10586,8978.0,252,1608,15000.0,0.0,cancelled,Corporate Event,2022-01-10,Wedding,Sfax,Tunisie,3,0.0,0.0,200.0,500.0,Hotel
13454,5772.0,239,4101,24000.0,1.0,cancelled,Corporate Event,2022-08-29,Wedding,Tataouine,Tunisie,5,0.0,0.0,100.0,200.0,Hotel
4269,676.0,203,1258,21000.0,10.0,pending,Wedding,2023-10-21,Birthday,Nabeul,Tunisie,1,0.0,0.0,300.0,500.0,Venues de mariage privées
15575,7088.0,202,1983,17000.0,0.0,pending,Birthday,2025-06-27,Birthday,Jendouba,Tunisie,1,0.0,0.0,100.0,200.0,Hotel
3332,13339.0,252,1608,24000.0,0.0,confirmed,Corporate Event,2024-04-24,Wedding,Kasserine,Tunisie,5,0.0,0.0,200.0,400.0,Venues de mariage privées
1123,10762.0,252,1608,15000.0,9.0,cancelled,Wedding,2023-06-10,Wedding,Kairouan,Tunisie,4,0.0,0.0,300.0,500.0,Venues de mariage privées
15185,3151.0,298,962,19000.0,7.0,confirmed,Birthday,2022-06-09,Birthday,Kairouan,Tunisie,1,0.0,0.0,300.0,500.0,Venues de mariage privées
10795,13063.0,298,962,13000.0,9.0,confirmed,Birthday,2024-06-05,Wedding,Kairouan,Tunisie,1,0.0,0.0,300.0,500.0,Venues de mariage privées
4312,7017.0,229,3480,25000.0,7.0,pending,Corporate Event,2024-05-22,Birthday,Kairouan,Tunisie,2,0.0,0.0,300.0,500.0,Venues de mariage privées
13400,2660.0,202,1983,22000.0,4.0,pending,Wedding,2024-01-25,Corporate,Tunis,Tunisie,4,0.0,0.0,300.0,500.0,Hotel
11954,7463.0,203,1258,15000.0,13.0,pending,Wedding,2023-02-27,Corporate,Manouba,Tunisie,1,0.0,0.0,200.0,400.0,Venues de mariage privées
2385,3075.0,229,3480,26000.0,0.0,confirmed,Birthday,2025-08-25,Birthday,Gafsa,Tunisie,2,0.0,0.0,100.0,200.0,Hotel
7108,9064.0,298,962,25000.0,0.0,cancelled,Birthday,2022-07-03,Birthday,Siliana,Tunisie,3,0.0,0.0,200.0,400.0,Venues de mariage privées
7440,5535.0,176,3661,26000.0,0.0,confirmed,Corporate Event,2022-05-11,Birthday,Siliana,Tunisie,5,0.0,0.0,200.0,400.0,Venues de mariage privées
2513,3826.0,155,66,23000.0,10.0,pending,Birthday,2022-06-28,Birthday,Sfax,Tunisie,2,0.0,0.0,200.0,500.0,Hotel
9214,2731.0,126,4896,26000.0,0.0,cancelled,Birthday,2025-09-21,Birthday,Gafsa,Tunisie,2,0.0,0.0,100.0,200.0,Hotel
321,9497.0,203,1417,26000.0,0.0,confirmed,Corporate Event,2025-10-02,Wedding,Kasserine,Tunisie,3,0.0,0.0,200.0,400.0,Venues de mariage privées
9349,3250.0,203,1258,26000.0,0.0,cancelled,Corporate Event,2023-03-19,Birthday,Mahdia,Tunisie,5,0.0,0.0,200.0,400.0,Venues de mariage privées
5052,3683.0,155,66,17000.0,2.0,confirmed,Birthday,2022-03-16,Wedding,Siliana,Tunisie,4,0.0,0.0,200.0,400.0,Venues de mariage privées
15238,8284.0,229,3480,22000.0,14.0,pending,Corporate Event,2025-06-03,Wedding,Ariana,Tunisie,2,0.0,0.0,200.0,400.0,Venues de mariage privées
17775,5659.0,229,3480,21000.0,0.0,pending,Wedding,2024-08-10,Birthday,Tunis,Tunisie,3,0.0,0.0,300.0,500.0,Hotel
13734,2936.0,239,4101,26000.0,0.0,confirmed,Birthday,2023-05-12,Birthday,Mahdia,Tunisie,1,0.0,0.0,200.0,400.0,Venues de mariage privées
11960,5443.0,203,1417,25000.0,18.0,cancelled,Birthday,2022-11-11,Birthday,Manouba,Tunisie,5,0.0,0.0,200.0,400.0,Venues de mariage privées
8476,7513.0,42,3577,21000.0,0.0,confirmed,Birthday,2024-12-29,Wedding,Tataouine,Tunisie,5,0.0,0.0,100.0,200.0,Hotel
4566,11868.0,202,1983,12000.0,20.0,pending,Corporate Event,2022-03-25,Wedding,Tunis,Tunisie,2,0.0,0.0,300.0,500.0,Hotel
13363,3761.0,203,1417,24000.0,14.0,confirmed,Wedding,2025-12-28,Corporate,Nabeul,Tunisie,2,0.0,0.0,300.0,500.0,Venues de mariage privées
9284,11804.0,126,4896,25000.0,0.0,cancelled,Birthday,2023-11-17,Corporate,Siliana,Tunisie,1,0.0,0.0,200.0,400.0,Venues de mariage privées
127,10674.0,203,1417,26000.0,10.0,pending,Birthday,2022-10-19,Wedding,Kasserine,Tunisie,5,0.0,0.0,200.0,400.0,Venues de mariage privées
11743,7695.0,202,1983,12000.0,0.0,pending,Birthday,2024-10-14,Birthday,Mahdia,Tunisie,2,0.0,0.0,200.0,400.0,Venues de mariage privées
5464,10170.0,202,1983,24000.0,3.0,confirmed,Birthday,2023-09-20,Corporate,Sfax,Tunisie,5,0.0,0.0,200.0,500.0,Hotel
12973,11454.0,176,3661,13000.0,14.0,confirmed,Corporate Event,2025-12-30,Corporate,Nabeul,Tunisie,3,0.0,0.0,300.0,500.0,Venues de mariage privées
17540,12703.0,155,66,23000.0,20.0,cancelled,Birthday,2023-01-26,Wedding,Tunis,Tunisie,5,0.0,0.0,300.0,500.0,Hotel
1288,1912.0,298,962,26000.0,2.0,confirmed,Corporate Event,2022-01-24,Wedding,Bizerte,Tunisie,2,0.0,0.0,300.0,500.0,Venues de mariage privées
13837,568.0,42,3577,17000.0,10.0,cancelled,Birthday,2025-06-25,Birthday,Nabeul,Tunisie,3,0.0,0.0,300.0,500.0,Venues de mariage privées
6383,6718.0,42,3577,13000.0,0.0,confirmed,Birthday,2024-09-27,Birthday,Ariana,Tunisie,2,0.0,0.0,200.0,400.0,Venues de mariage privées
3720,5095.0,126,4896,15000.0,2.0,pending,Corporate Event,2024-01-21,Wedding,Siliana,Tunisie,5,0.0,0.0,200.0,400.0,Venues de mariage privées
16115,11740.0,203,1258,23000.0,0.0,cancelled,Corporate Event,2023-07-28,Birthday,Jendouba,Tunisie,5,0.0,0.0,100.0,200.0,Hotel
8734,6159.0,42,3577,19000.0,16.0,cancelled,Corporate Event,2025-02-21,Wedding,Sfax,Tunisie,4,0.0,0.0,200.0,500.0,Hotel
1054,12469.0,126,4896,25000.0,14.0,cancelled,Birthday,2025-06-21,Wedding,Ariana,Tunisie,2,0.0,0.0,200.0,400.0,Venues de mariage privées
17598,8528.0,203,1258,26000.0,2.0,confirmed,Corporate Event,2022-04-27,Wedding,Nabeul,Tunisie,3,0.0,0.0,300.0,500.0,Venues de mariage privées
17807,7531.0,176,3661,12000.0,7.0,cancelled,Birthday,2023-04-10,Wedding,Jendouba,Tunisie,4,0.0,0.0,100.0,200.0,Hotel
13340,8153.0,42,3577,15000.0,0.0,pending,Corporate Event,2024-07-24,Birthday,Tozeur,Tunisie,5,0.0,0.0,300.0,500.0,Venues de mariage privées
756,5315.0,203,1258,19000.0,9.0,confirmed,Birthday,2024-06-21,Wedding,Kairouan,Tunisie,5,0.0,0.0,300.0,500.0,Venues de mariage privées
10382,4544.0,176,3661,21000.0,3.0,confirmed,Corporate Event,2025-06-30,Birthday,Zaghouan,Tunisie,1,0.0,0.0,100.0,200.0,Hotel
3255,8171.0,155,66,15000.0,10.0,confirmed,Corporate Event,2025-03-27,Wedding,Ariana,Tunisie,2,0.0,0.0,200.0,400.0,Venues de mariage privées
16913,6890.0,202,1983,25000.0,0.0,pending,Birthday,2025-11-27,Birthday,Siliana,Tunisie,2,0.0,0.0,200.0,400.0,Venues de mariage privées
13748,5339.0,239,4101,13000.0,0.0,pending,Wedding,2025-02-20,Birthday,Jendouba,Tunisie,1,0.0,0.0,100.0,200.0,Hotel
3052,3223.0,252,1608,19000.0,7.0,confirmed,Corporate Event,2023-01-02,Wedding,Nabeul,Tunisie,1,0.0,0.0,300.0,500.0,Venues de mariage privées
9905,9371.0,42,3577,25000.0,0.0,confirmed,Birthday,2023-07-03,Corporate,Siliana,Tunisie,4,0.0,0.0,200.0,400.0,Venues de mariage privées
757,12553.0,252,1608,12000.0,4.0,pending,Wedding,2022-11-04,Corporate,Tunis,Tunisie,5,0.0,0.0,300.0,500.0,Hotel
1966,8171.0,298,962,21000.0,4.0,confirmed,Wedding,2025-02-02,Wedding,Ben Arous,Tunisie,1,0.0,0.0,200.0,400.0,Venues de mariage privées
15560,3384.0,176,3661,26000.0,3.0,confirmed,Wedding,2024-11-18,Corporate,Sidi Bouzid,Tunisie,1,0.0,0.0,200.0,400.0,Venues de mariage privées
11369,14021.0,126,4896,19000.0,9.0,pending,Birthday,2025-09-23,Wedding,Kairouan,Tunisie,2,0.0,0.0,300.0,500.0,Venues de mariage privées
8536,8196.0,155,66,17000.0,3.0,pending,Birthday,2022-04-12,Wedding,Sidi Bouzid,Tunisie,2,0.0,0.0,200.0,400.0,Venues de mariage privées
4428,1476.0,42,3577,22000.0,7.0,cancelled,Wedding,2025-02-04,Birthday,Kairouan,Tunisie,5,0.0,0.0,300.0,500.0,Venues de mariage privées
4410,7472.0,249,22215,20000.0,2.0,pending,Corporate Event,2025-10-09,Wedding,Mahdia,Tunisie,1,0.0,0.0,200.0,400.0,Venues de mariage privées
3282,8256.0,203,1258,20000.0,16.0,pending,Wedding,2022-06-02,Wedding,Manouba,Tunisie,5,0.0,0.0,200.0,400.0,Venues de mariage privées
836,3566.0,239,4101,15000.0,20.0,pending,Wedding,2024-07-16,Wedding,Tunis,Tunisie,1,0.0,0.0,300.0,500.0,Hotel
7134,2428.0,42,3577,15000.0,0.0,cancelled,Corporate Event,2023-12-17,Wedding,Sfax,Tunisie,2,0.0,0.0,200.0,500.0,Hotel
9070,7035.0,252,1608,25000.0,10.0,cancelled,Wedding,2022-08-31,Wedding,Gafsa,Tunisie,4,0.0,0.0,100.0,200.0,Hotel
17216,11589.0,249,22215,12000.0,8.0,confirmed,Birthday,2022-07-17,Wedding,Bizerte,Tunisie,4,0.0,0.0,300.0,500.0,Venues de mariage privées
13776,12120.0,298,962,23000.0,15.0,confirmed,Birthday,2023-12-05,Corporate,Ben Arous,Tunisie,5,0.0,0.0,200.0,400.0,Venues de mariage privées
4875,54270.0,126,4896,23000.0,3.0,confirmed,Corporate Event,2025-09-12,Corporate,Sfax,Tunisie,4,0.0,0.0,200.0,500.0,Hotel
15299,8268.0,203,1417,26000.0,0.0,cancelled,Wedding,2022-06-19,Birthday,Gafsa,Tunisie,4,0.0,0.0,100.0,200.0,Hotel
5170,6408.0,298,962,23000.0,2.0,pending,Birthday,2022-02-17,Wedding,Sidi Bouzid,Tunisie,3,0.0,0.0,200.0,400.0,Venues de mariage privées
9274,275.0,239,4101,21000.0,1.0,pending,Wedding,2024-11-10,Wedding,Tataouine,Tunisie,2,0.0,0.0,100.0,200.0,Hotel
11028,5240.0,252,1608,20000.0,2.0,pending,Corporate Event,2025-12-02,Wedding,Mahdia,Tunisie,1,0.0,0.0,200.0,400.0,Venues de mariage privées
5140,6656.0,298,962,12000.0,6.0,confirmed,Birthday,2024-08-09,Corporate,Bizerte,Tunisie,5,0.0,0.0,300.0,500.0,Venues de mariage privées
10447,13087.0,249,22215,23000.0,10.0,confirmed,Birthday,2023-03-27,Wedding,Kasserine,Tunisie,2,0.0,0.0,200.0,400.0,Venues de mariage privées
9828,11800.0,239,4101,15000.0,2.0,cancelled,Wedding,2024-01-21,Wedding,Jendouba,Tunisie,5,0.0,0.0,100.0,200.0,Hotel
13585,6940.0,203,1417,26000.0,14.0,cancelled,Corporate Event,2022-12-29,Wedding,Ariana,Tunisie,4,0.0,0.0,200.0,400.0,Venues de mariage privées
13374,2805.0,126,4896,23000.0,0.0,cancelled,Birthday,2025-06-26,Wedding,Kasserine,Tunisie,1,0.0,0.0,200.0,400.0,Venues de mariage privées
10004,14659.0,203,1417,13000.0,2.0,cancelled,Corporate Event,2023-01-22,Wedding,Mahdia,Tunisie,2,0.0,0.0,200.0,400.0,Venues de mariage privées
2523,2270.0,252,1608,24000.0,4.0,confirmed,Corporate Event,2024-03-09,Birthday,Bizerte,Tunisie,5,0.0,0.0,300.0,500.0,Venues de mariage privées
133,991.0,249,22215,22000.0,7.0,cancelled,Corporate Event,2024-01-20,Corporate,Zaghouan,Tunisie,3,0.0,0.0,100.0,200.0,Hotel
3958,11416.0,155,66,23000.0,10.0,pending,Birthday,2025-05-01,Wedding,Kasserine,Tunisie,3,0.0,0.0,200.0,400.0,Venues de mariage privées
10395,9285.0,126,4896,17000.0,2.0,pending,Birthday,2022-02-04,Wedding,Jendouba,Tunisie,1,0.0,0.0,100.0,200.0,Hotel
9213,13144.0,202,1983,15000.0,4.0,pending,Birthday,2022-06-30,Wedding,Kairouan,Tunisie,2,0.0,0.0,300.0,500.0,Venues de mariage privées
12724,916.0,176,3661,26000.0,12.0,confirmed,Corporate Event,2024-04-05,Corporate,Monastir,Tunisie,1,0.0,0.0,200.0,500.0,Hotel
7396,8133.0,155,66,26000.0,10.0,pending,Wedding,2023-06-22,Wedding,Kasserine,Tunisie,4,0.0,0.0,200.0,400.0,Venues de mariage privées
1992,72600.0,239,4101,24000.0,20.0,cancelled,Wedding,2023-04-02,Wedding,Manouba,Tunisie,3,0.0,0.0,200.0,400.0,Venues de mariage privées
12383,5994.0,203,1258,19000.0,10.0,confirmed,Wedding,2022-04-06,Wedding,Ariana,Tunisie,3,0.0,0.0,200.0,400.0,Venues de mariage privées
12331,11860.0,126,4896,15000.0,0.0,cancelled,Wedding,2022-06-06,Wedding,Kasserine,Tunisie,3,0.0,0.0,200.0,400.0,Venues de mariage privées
6629,3660.0,252,1608,15000.0,3.0,confirmed,Birthday,2023-07-30,Wedding,Monastir,Tunisie,4,0.0,0.0,200.0,500.0,Hotel
6432,2289.0,203,1258,15000.0,2.0,confirmed,Corporate Event,2022-06-03,Wedding,Mahdia,Tunisie,2,0.0,0.0,200.0,400.0,Venues de mariage privées
5371,2133.0,229,3480,17000.0,1.0,confirmed,Corporate Event,2025-06-09,Wedding,Tataouine,Tunisie,5,0.0,0.0,100.0,200.0,Hotel
8304,7047.0,252,1608,15000.0,6.0,cancelled,Corporate Event,2023-08-08,Corporate,Mahdia,Tunisie,5,0.0,0.0,200.0,400.0,Venues de mariage privées
7149,12264.0,126,4896,12000.0,7.0,confirmed,Corporate Event,2024-02-12,Corporate,Zaghouan,Tunisie,5,0.0,0.0,100.0,200.0,Hotel
16232,3711.0,176,3661,26000.0,10.0,confirmed,Birthday,2024-05-18,Birthday,Sfax,Tunisie,4,0.0,0.0,200.0,500.0,Hotel
4959,6325.0,229,3480,26000.0,8.0,confirmed,Birthday,2023-01-16,Wedding,Zaghouan,Tunisie,4,0.0,0.0,100.0,200.0,Hotel
6896,9500.0,203,1417,12000.0,0.0,cancelled,Wedding,2024-10-05,Birthday,Mahdia,Tunisie,1,0.0,0.0,200.0,400.0,Venues de mariage privées
13606,12629.0,229,3480,23000.0,1.0,cancelled,Corporate Event,2023-12-30,Wedding,Tataouine,Tunisie,1,0.0,0.0,100.0,200.0,Hotel
10665,12101.0,239,4101,17000.0,4.0,confirmed,Wedding,2024-02-06,Birthday,Bizerte,Tunisie,3,0.0,0.0,300.0,500.0,Venues de mariage privées
11050,4274.0,155,66,25000.0,4.0,confirmed,Wedding,2025-04-30,Wedding,Kairouan,Tunisie,5,0.0,0.0,300.0,500.0,Venues de mariage privées
10771,13609.0,202,1983,25000.0,10.0,pending,Corporate Event,2022-04-07,Birthday,Sfax,Tunisie,2,0.0,0.0,200.0,500.0,Hotel
8961,3856.0,126,4896,23000.0,14.0,cancelled,Wedding,2025-12-01,Wedding,Ariana,Tunisie,5,0.0,0.0,200.0,400.0,Venues de mariage privées
14127,6718.0,203,1417,24000.0,0.0,cancelled,Birthday,2025-07-22,Birthday,Sousse,Tunisie,5,0.0,0.0,300.0,500.0,Venues de mariage privées
8521,3819.0,176,3661,17000.0,2.0,confirmed,Wedding,2024-03-03,Wedding,Nabeul,Tunisie,3,0.0,0.0,300.0,500.0,Venues de mariage privées
10993,1382.0,203,1417,23000.0,5.0,cancelled,Birthday,2022-10-11,Corporate,Tozeur,Tunisie,1,0.0,0.0,300.0,500.0,Venues de mariage privées
16548,9928.0,155,66,19000.0,16.0,cancelled,Corporate Event,2022-11-11,Wedding,Manouba,Tunisie,3,0.0,0.0,200.0,400.0,Venues de mariage privées
4853,448.0,202,1983,23000.0,3.0,confirmed,Wedding,2025-04-15,Wedding,Sidi Bouzid,Tunisie,3,0.0,0.0,200.0,400.0,Venues de mariage privées
5065,11013.0,203,1258,26000.0,2.0,cancelled,Birthday,2025-06-25,Wedding,Jendouba,Tunisie,2,0.0,0.0,100.0,200.0,Hotel
3374,719.0,239,4101,21000.0,7.0,pending,Wedding,2024-04-29,Wedding,Nabeul,Tunisie,3,0.0,0.0,300.0,500.0,Venues de mariage privées
6181,8595.0,203,1258,23000.0,3.0,pending,Birthday,2024-01-24,Corporate,Sfax,Tunisie,4,0.0,0.0,200.0,500.0,Hotel
15590,5142.0,252,1608,22000.0,10.0,confirmed,Wedding,2023-05-26,Wedding,Ariana,Tunisie,2,0.0,0.0,200.0,400.0,Venues de mariage privées
4526,2999.0,42,3577,17000.0,3.0,confirmed,Wedding,2022-05-21,Birthday,Zaghouan,Tunisie,5,0.0,0.0,100.0,200.0,Hotel
11270,9727.0,249,22215,22000.0,3.0,pending,Birthday,2024-03-10,Wedding,Sidi Bouzid,Tunisie,1,0.0,0.0,200.0,400.0,Venues de mariage privées
7322,5962.0,203,1258,25000.0,9.0,pending,Corporate Event,2024-04-16,Wedding,Kairouan,Tunisie,2,0.0,0.0,300.0,500.0,Venues de mariage privées
9940,458.0,298,962,25000.0,4.0,cancelled,Birthday,2025-05-03,Wedding,Ben Arous,Tunisie,1,0.0,0.0,200.0,400.0,Venues de mariage privées
7102,6209.0,155,66,19000.0,7.0,confirmed,Birthday,2023-08-18,Birthday,Tataouine,Tunisie,2,0.0,0.0,100.0,200.0,Hotel
4478,2640.0,176,3661,26000.0,10.0,confirmed,Birthday,2024-09-12,Wedding,Kasserine,Tunisie,4,0.0,0.0,200.0,400.0,Venues de mariage privées
4898,8435.0,203,1417,20000.0,14.0,cancelled,Birthday,2024-07-21,Wedding,Ariana,Tunisie,1,0.0,0.0,200.0,400.0,Venues de mariage privées
17628,12846.0,249,22215,15000.0,16.0,pending,Wedding,2024-10-08,Wedding,Ben Arous,Tunisie,2,0.0,0.0,200.0,400.0,Venues de mariage privées
16019,1305.0,249,22215,23000.0,10.0,cancelled,Wedding,2025-03-22,Wedding,Kasserine,Tunisie,3,0.0,0.0,200.0,400.0,Venues de mariage privées
722,10765.0,176,3661,17000.0,5.0,confirmed,Corporate Event,2025-05-19,Corporate,Kairouan,Tunisie,4,0.0,0.0,300.0,500.0,Venues de mariage privées
17611,1195.0,229,3480,25000.0,10.0,confirmed,Wedding,2024-08-08,Birthday,Sfax,Tunisie,3,0.0,0.0,200.0,500.0,Hotel
1641,5680.0,298,962,15000.0,10.0,confirmed,Wedding,2023-04-27,Corporate,Jendouba,Tunisie,4,0.0,0.0,100.0,200.0,Hotel
3136,4101.0,229,3480,22000.0,0.0,confirmed,Corporate Event,2025-08-21,Birthday,Jendouba,Tunisie,4,0.0,0.0,100.0,200.0,Hotel
11976,7411.0,229,3480,25000.0,14.0,pending,Corporate Event,2024-09-20,Wedding,Ariana,Tunisie,4,0.0,0.0,200.0,400.0,Venues de mariage privées
13116,2589.0,298,962,22000.0,0.0,cancelled,Wedding,2025-08-20,Corporate,Tataouine,Tunisie,1,0.0,0.0,100.0,200.0,Hotel
4332,11137.0,298,962,26000.0,3.0,confirmed,Birthday,2024-12-29,Corporate,Sfax,Tunisie,1,0.0,0.0,200.0,500.0,Hotel
11291,13284.0,239,4101,24000.0,0.0,confirmed,Wedding,2023-05-09,Birthday,Kasserine,Tunisie,5,0.0,0.0,200.0,400.0,Venues de mariage privées
12878,6307.0,203,1417,19000.0,4.0,pending,Birthday,2025-10-05,Wedding,Zaghouan,Tunisie,4,0.0,0.0,100.0,200.0,Hotel
9594,3148.0,249,22215,19000.0,11.0,confirmed,Birthday,2025-09-16,Corporate,Ariana,Tunisie,2,0.0,0.0,200.0,400.0,Venues de mariage privées
15275,3283.0,203,1417,19000.0,10.0,cancelled,Birthday,2023-02-15,Birthday,Sfax,Tunisie,2,0.0,0.0,200.0,500.0,Hotel
52,2188.0,176,3661,20000.0,0.0,pending,Corporate Event,2025-09-21,Corporate,Tataouine,Tunisie,4,0.0,0.0,100.0,200.0,Hotel
10826,2622.0,229,3480,26000.0,10.0,pending,Wedding,2023-05-09,Birthday,Nabeul,Tunisie,2,0.0,0.0,300.0,500.0,Venues de mariage privées
573,8189.0,298,962,12000.0,0.0,pending,Birthday,2024-03-09,Corporate,Tataouine,Tunisie,3,0.0,0.0,100.0,200.0,Hotel
13590,3990.0,203,1258,21000.0,0.0,pending,Birthday,2022-04-10,Wedding,Gafsa,Tunisie,4,0.0,0.0,100.0,200.0,Hotel
256,5443.0,203,1417,22000.0,16.0,confirmed,Birthday,2024-07-16,Wedding,Ben Arous,Tunisie,4,0.0,0.0,200.0,400.0,Venues de mariage privées
8270,771.0,203,1417,20000.0,0.0,pending,Corporate Event,2022-04-19,Wedding,Tozeur,Tunisie,3,0.0,0.0,300.0,500.0,Venues de mariage privées
17767,2914.0,203,1258,21000.0,5.0,pending,Corporate Event,2022-03-01,Wedding,Sousse,Tunisie,2,0.0,0.0,300.0,500.0,Venues de mariage privées
8727,10697.0,239,4101,24000.0,7.0,confirmed,Birthday,2024-11-24,Wedding,Nabeul,Tunisie,2,0.0,0.0,300.0,500.0,Venues de mariage privées
5609,11799.0,229,3480,17000.0,9.0,confirmed,Wedding,2023-06-16,Corporate,Kasserine,Tunisie,1,0.0,0.0,200.0,400.0,Venues de mariage privées
6928,8682.0,239,4101,19000.0,2.0,pending,Birthday,2023-02-08,Wedding,Sidi Bouzid,Tunisie,5,0.0,0.0,200.0,400.0,Venues de mariage privées
12484,1738.0,203,1258,20000.0,3.0,confirmed,Wedding,2022-08-23,Corporate,Sfax,Tunisie,2,0.0,0.0,200.0,500.0,Hotel
3785,12657.0,203,1417,24000.0,0.0,confirmed,Birthday,2022-01-22,Birthday,Sousse,Tunisie,2,0.0,0.0,300.0,500.0,Venues de mariage privées
7705,4116.0,203,1417,17000.0,0.0,confirmed,Wedding,2023-10-10,Birthday,Mahdia,Tunisie,5,0.0,0.0,200.0,400.0,Venues de mariage privées
17037,7010.0,176,3661,21000.0,12.0,pending,Corporate Event,2022-09-23,Corporate,Monastir,Tunisie,1,0.0,0.0,200.0,500.0,Hotel
16228,13802.0,176,3661,21000.0,10.0,cancelled,Corporate Event,2022-12-29,Wedding,Ariana,Tunisie,1,0.0,0.0,200.0,400.0,Venues de mariage privées
417,11699.0,239,4101,17000.0,8.0,cancelled,Birthday,2024-05-11,Wedding,Zaghouan,Tunisie,4,0.0,0.0,100.0,200.0,Hotel
16156,8761.0,126,4896,23000.0,0.0,pending,Birthday,2023-12-07,Birthday,Sousse,Tunisie,1,0.0,0.0,300.0,500.0,Venues de mariage privées
11981,5442.0,239,4101,15000.0,0.0,confirmed,Birthday,2025-07-08,Corporate,Siliana,Tunisie,5,0.0,0.0,200.0,400.0,Venues de mariage privées
13757,11812.0,126,4896,20000.0,4.0,confirmed,Corporate Event,2024-04-02,Wedding,Ben Arous,Tunisie,3,0.0,0.0,200.0,400.0,Venues de mariage privées
15767,4588.0,42,3577,17000.0,8.0,cancelled,Wedding,2025-02-21,Wedding,Zaghouan,Tunisie,1,0.0,0.0,100.0,200.0,Hotel
12450,3179.0,202,1983,15000.0,0.0,cancelled,Birthday,2022-09-19,Birthday,Tunis,Tunisie,4,0.0,0.0,300.0,500.0,Hotel
2887,9334.0,249,22215,12000.0,2.0,pending,Birthday,2025-04-08,Wedding,Jendouba,Tunisie,5,0.0,0.0,100.0,200.0,Hotel
16270,6745.0,203,1417,23000.0,10.0,cancelled,Corporate Event,2022-12-19,Birthday,Nabeul,Tunisie,4,0.0,0.0,300.0,500.0,Venues de mariage privées
10358,9076.0,229,3480,22000.0,20.0,confirmed,Wedding,2024-03-30,Wedding,Tunis,Tunisie,2,0.0,0.0,300.0,500.0,Hotel
16556,11184.0,202,1983,23000.0,20.0,cancelled,Corporate Event,2023-12-29,Wedding,Tunis,Tunisie,3,0.0,0.0,300.0,500.0,Hotel
12476,11901.0,203,1417,20000.0,0.0,cancelled,Wedding,2022-04-19,Wedding,Tozeur,Tunisie,1,0.0,0.0,300.0,500.0,Venues de mariage privées
7019,2985.0,298,962,24000.0,0.0,cancelled,Birthday,2024-06-09,Birthday,Mahdia,Tunisie,1,0.0,0.0,200.0,400.0,Venues de mariage privées
9249,6273.0,249,22215,15000.0,8.0,pending,Birthday,2025-03-24,Wedding,Bizerte,Tunisie,2,0.0,0.0,300.0,500.0,Venues de mariage privées
9765,8292.0,229,3480,19000.0,10.0,pending,Wedding,2025-04-19,Birthday,Sfax,Tunisie,3,0.0,0.0,200.0,500.0,Hotel
14849,2040.0,176,3661,21000.0,0.0,confirmed,Corporate Event,2025-03-19,Birthday,Kasserine,Tunisie,1,0.0,0.0,200.0,400.0,Venues de mariage privées
16837,7588.0,239,4101,15000.0,2.0,confirmed,Wedding,2022-06-19,Wedding,Sidi Bouzid,Tunisie,1,0.0,0.0,200.0,400.0,Venues de mariage privées
3633,4404.0,176,3661,12000.0,0.0,pending,Birthday,2025-06-26,Birthday,Tozeur,Tunisie,1,0.0,0.0,300.0,500.0,Venues de mariage privées
11162,13709.0,249,22215,23000.0,0.0,pending,Birthday,2024-08-03,Birthday,Ariana,Tunisie,3,0.0,0.0,200.0,400.0,Venues de mariage privées
6108,12998.0,155,66,15000.0,15.0,confirmed,Corporate Event,2025-10-21,Corporate,Ben Arous,Tunisie,3,0.0,0.0,200.0,400.0,Venues de mariage privées
6841,8680.0,42,3577,21000.0,0.0,pending,Wedding,2022-08-04,Birthday,Kasserine,Tunisie,5,0.0,0.0,200.0,400.0,Venues de mariage privées
17375,7595.0,202,1983,20000.0,0.0,pending,Birthday,2022-03-30,Birthday,Sidi Bouzid,Tunisie,3,0.0,0.0,200.0,400.0,Venues de mariage privées
1908,7508.0,298,962,20000.0,3.0,confirmed,Wedding,2025-08-11,Corporate,Sidi Bouzid,Tunisie,4,0.0,0.0,200.0,400.0,Venues de mariage privées
14242,10052.0,203,1417,26000.0,0.0,pending,Wedding,2025-04-10,Birthday,Tozeur,Tunisie,3,0.0,0.0,300.0,500.0,Venues de mariage privées
11444,4719.0,155,66,22000.0,0.0,cancelled,Wedding,2024-10-25,Birthday,Tozeur,Tunisie,2,0.0,0.0,300.0,500.0,Venues de mariage privées
8429,3463.0,298,962,22000.0,16.0,cancelled,Corporate Event,2022-07-13,Wedding,Ben Arous,Tunisie,5,0.0,0.0,200.0,400.0,Venues de mariage privées
11257,806.0,239,4101,24000.0,7.0,confirmed,Birthday,2024-06-16,Wedding,Nabeul,Tunisie,2,0.0,0.0,300.0,500.0,Venues de mariage privées
15365,1721.0,176,3661,23000.0,0.0,cancelled,Corporate Event,2022-09-26,Birthday,Jendouba,Tunisie,1,0.0,0.0,100.0,200.0,Hotel
10595,13870.0,126,4896,22000.0,3.0,confirmed,Corporate Event,2024-03-05,Corporate,Sfax,Tunisie,5,0.0,0.0,200.0,500.0,Hotel
12168,5999.0,249,22215,15000.0,20.0,confirmed,Corporate Event,2024-05-31,Wedding,Tunis,Tunisie,2,0.0,0.0,300.0,500.0,Hotel
5145,4040.0,298,962,17000.0,14.0,confirmed,Corporate Event,2023-07-23,Wedding,Ariana,Tunisie,5,0.0,0.0,200.0,400.0,Venues de mariage privées
7856,5948.0,239,4101,25000.0,16.0,pending,Birthday,2024-08-31,Wedding,Sfax,Tunisie,1,0.0,0.0,200.0,500.0,Hotel
5156,4247.0,229,3480,22000.0,2.0,cancelled,Corporate Event,2025-09-27,Birthday,Ben Arous,Tunisie,3,0.0,0.0,200.0,400.0,Venues de mariage privées
12912,13874.0,298,962,19000.0,10.0,cancelled,Birthday,2025-07-14,Wedding,Ariana,Tunisie,2,0.0,0.0,200.0,400.0,Venues de mariage privées
6386,8554.0,202,1983,23000.0,0.0,confirmed,Wedding,2022-09-29,Wedding,Sfax,Tunisie,5,0.0,0.0,200.0,500.0,Hotel
2242,9075.0,126,4896,21000.0,5.0,confirmed,Wedding,2024-12-11,Corporate,Tozeur,Tunisie,4,0.0,0.0,300.0,500.0,Venues de mariage privées
3313,6160.0,239,4101,23000.0,10.0,cancelled,Corporate Event,2022-05-12,Wedding,Ariana,Tunisie,3,0.0,0.0,200.0,400.0,Venues de mariage privées
13316,8090.0,176,3661,26000.0,9.0,pending,Corporate Event,2022-06-19,Corporate,Kasserine,Tunisie,2,0.0,0.0,200.0,400.0,Venues de mariage privées
14869,7509.0,249,22215,20000.0,0.0,pending,Corporate Event,2023-11-07,Birthday,Tunis,Tunisie,2,0.0,0.0,300.0,500.0,Hotel
10841,14533.0,298,962,21000.0,2.0,confirmed,Birthday,2023-07-16,Wedding,Nabeul,Tunisie,5,0.0,0.0,300.0,500.0,Venues de mariage privées
8693,9344.0,176,3661,24000.0,10.0,pending,Corporate Event,2025-07-23,Birthday,Sfax,Tunisie,3,0.0,0.0,200.0,500.0,Hotel
8090,11592.0,202,1983,12000.0,10.0,cancelled,Birthday,2023-11-15,Wedding,Gafsa,Tunisie,4,0.0,0.0,100.0,200.0,Hotel
875,3912.0,203,1258,22000.0,0.0,cancelled,Corporate Event,2023-03-25,Wedding,Tozeur,Tunisie,2,0.0,0.0,300.0,500.0,Venues de mariage privées
8825,7619.0,126,4896,26000.0,0.0,confirmed,Corporate Event,2024-04-23,Wedding,Tozeur,Tunisie,2,0.0,0.0,300.0,500.0,Venues de mariage privées
10329,10568.0,298,962,21000.0,10.0,cancelled,Corporate Event,2024-02-08,Wedding,Kasserine,Tunisie,4,0.0,0.0,200.0,400.0,Venues de mariage privées
2805,4324.0,229,3480,17000.0,0.0,cancelled,Birthday,2025-09-21,Birthday,Tunis,Tunisie,1,0.0,0.0,300.0,500.0,Hotel
7095,4754.0,126,4896,13000.0,18.0,cancelled,Corporate Event,2022-02-09,Birthday,Manouba,Tunisie,5,0.0,0.0,200.0,400.0,Venues de mariage privées
3850,12237.0,252,1608,21000.0,2.0,pending,Corporate Event,2024-10-16,Wedding,Jendouba,Tunisie,3,0.0,0.0,100.0,200.0,Hotel
8255,5914.0,249,22215,19000.0,2.0,confirmed,Corporate Event,2025-03-05,Wedding,Nabeul,Tunisie,2,0.0,0.0,300.0,500.0,Venues de mariage privées
9900,6753.0,176,3661,24000.0,20.0,cancelled,Corporate Event,2025-10-25,Wedding,Tunis,Tunisie,4,0.0,0.0,300.0,500.0,Hotel
2282,13903.0,249,22215,13000.0,4.0,cancelled,Corporate Event,2025-11-04,Wedding,Kairouan,Tunisie,5,0.0,0.0,300.0,500.0,Venues de mariage privées
13941,11734.0,249,22215,25000.0,10.0,confirmed,Wedding,2025-08-18,Birthday,Nabeul,Tunisie,3,0.0,0.0,300.0,500.0,Venues de mariage privées
17202,7718.0,239,4101,26000.0,2.0,pending,Wedding,2023-03-18,Wedding,Mahdia,Tunisie,2,0.0,0.0,200.0,400.0,Venues de mariage privées
6945,2187.0,239,4101,15000.0,12.0,cancelled,Corporate Event,2025-04-24,Corporate,Monastir,Tunisie,2,0.0,0.0,200.0,500.0,Hotel
4067,48820.0,126,4896,26000.0,4.0,cancelled,Birthday,2024-10-10,Wedding,Ben Arous,Tunisie,5,0.0,0.0,200.0,400.0,Venues de mariage privées
13997,7992.0,252,1608,20000.0,7.0,cancelled,Birthday,2025-12-10,Corporate,Zaghouan,Tunisie,2,0.0,0.0,100.0,200.0,Hotel
5525,2219.0,298,962,23000.0,20.0,cancelled,Corporate Event,2023-01-08,Wedding,Tunis,Tunisie,2,0.0,0.0,300.0,500.0,Hotel
14154,8859.0,202,1983,26000.0,2.0,confirmed,Wedding,2022-10-15,Wedding,Mahdia,Tunisie,1,0.0,0.0,200.0,400.0,Venues de mariage privées
15449,13526.0,202,1983,12000.0,16.0,pending,Wedding,2022-09-11,Wedding,Sousse,Tunisie,4,0.0,0.0,300.0,500.0,Venues de mariage privées
12341,12499.0,42,3577,22000.0,4.0,pending,Birthday,2022-07-19,Wedding,Zaghouan,Tunisie,5,0.0,0.0,100.0,200.0,Hotel
12269,314.0,126,4896,13000.0,2.0,cancelled,Wedding,2024-10-19,Birthday,Monastir,Tunisie,1,0.0,0.0,200.0,500.0,Hotel
17189,616.0,229,3480,26000.0,0.0,pending,Birthday,2024-11-21,Birthday,Ariana,Tunisie,5,0.0,0.0,200.0,400.0,Venues de mariage privées
16907,3062.0,202,1983,26000.0,13.0,cancelled,Wedding,2024-08-13,Corporate,Manouba,Tunisie,4,0.0,0.0,200.0,400.0,Venues de mariage privées
8407,13465.0,126,4896,26000.0,5.0,cancelled,Birthday,2022-11-12,Wedding,Sousse,Tunisie,1,0.0,0.0,300.0,500.0,Venues de mariage privées
15630,8972.0,126,4896,25000.0,0.0,cancelled,Corporate Event,2023-01-19,Birthday,Tunis,Tunisie,1,0.0,0.0,300.0,500.0,Hotel
2409,8307.0,176,3661,20000.0,2.0,pending,Corporate Event,2022-11-17,Wedding,Nabeul,Tunisie,4,0.0,0.0,300.0,500.0,Venues de mariage privées
6172,10110.0,176,3661,26000.0,0.0,cancelled,Birthday,2023-02-17,Birthday,Sousse,Tunisie,5,0.0,0.0,300.0,500.0,Venues de mariage privées
13780,13093.0,252,1608,13000.0,10.0,confirmed,Birthday,2023-01-16,Corporate,Jendouba,Tunisie,3,0.0,0.0,100.0,200.0,Hotel
5786,13092.0,229,3480,17000.0,0.0,pending,Corporate Event,2023-06-11,Wedding,Gafsa,Tunisie,3,0.0,0.0,100.0,200.0,Hotel
13281,7845.0,203,1417,19000.0,20.0,cancelled,Birthday,2023-02-26,Wedding,Manouba,Tunisie,4,0.0,0.0,200.0,400.0,Venues de mariage privées
10035,87710.0,155,66,24000.0,3.0,pending,Wedding,2025-04-22,Corporate,Sfax,Tunisie,1,0.0,0.0,200.0,500.0,Hotel
16129,5738.0,239,4101,22000.0,13.0,cancelled,Wedding,2022-12-07,Corporate,Manouba,Tunisie,4,0.0,0.0,200.0,400.0,Venues de mariage privées
17259,13069.0,202,1983,19000.0,3.0,confirmed,Wedding,2025-11-05,Corporate,Sfax,Tunisie,2,0.0,0.0,200.0,500.0,Hotel
4087,12548.0,42,3577,23000.0,0.0,confirmed,Corporate Event,2022-04-15,Birthday,Mahdia,Tunisie,5,0.0,0.0,200.0,400.0,Venues de mariage privées
11747,3860.0,229,3480,23000.0,2.0,cancelled,Corporate Event,2025-05-01,Wedding,Sidi Bouzid,Tunisie,1,0.0,0.0,200.0,400.0,Venues de mariage privées
7512,14873.0,203,1417,26000.0,2.0,pending,Birthday,2024-02-12,Birthday,Monastir,Tunisie,4,0.0,0.0,200.0,500.0,Hotel
17625,1161.0,42,3577,12000.0,10.0,confirmed,Corporate Event,2024-03-30,Birthday,Sfax,Tunisie,1,0.0,0.0,200.0,500.0,Hotel
2433,712.0,155,66,25000.0,0.0,confirmed,Birthday,2025-08-27,Birthday,Sousse,Tunisie,4,0.0,0.0,300.0,500.0,Venues de mariage privées
2761,611.0,239,4101,26000.0,3.0,cancelled,Wedding,2025-05-04,Wedding,Monastir,Tunisie,2,0.0,0.0,200.0,500.0,Hotel
2341,6131.0,176,3661,20000.0,0.0,cancelled,Birthday,2022-09-02,Birthday,Jendouba,Tunisie,5,0.0,0.0,100.0,200.0,Hotel
4753,3023.0,203,1258,24000.0,0.0,pending,Wedding,2022-09-27,Birthday,Gafsa,Tunisie,1,0.0,0.0,100.0,200.0,Hotel
13129,8694.0,202,1983,13000.0,0.0,pending,Wedding,2024-10-09,Birthday,Sousse,Tunisie,5,0.0,0.0,300.0,500.0,Venues de mariage privées
11310,7183.0,155,66,12000.0,20.0,pending,Wedding,2023-05-17,Wedding,Manouba,Tunisie,2,0.0,0.0,200.0,400.0,Venues de mariage privées
10823,2374.0,155,66,24000.0,0.0,confirmed,Corporate Event,2024-03-10,Wedding,Tozeur,Tunisie,5,0.0,0.0,300.0,500.0,Venues de mariage privées
12586,9555.0,229,3480,21000.0,0.0,pending,Wedding,2022-06-07,Birthday,Kasserine,Tunisie,5,0.0,0.0,200.0,400.0,Venues de mariage privées
5179,7337.0,252,1608,22000.0,0.0,confirmed,Birthday,2024-09-28,Birthday,Jendouba,Tunisie,2,0.0,0.0,100.0,200.0,Hotel
1720,11094.0,203,1258,19000.0,7.0,cancelled,Wedding,2024-04-28,Corporate,Zaghouan,Tunisie,2,0.0,0.0,100.0,200.0,Hotel
5293,2603.0,249,22215,17000.0,5.0,cancelled,Birthday,2025-09-05,Corporate,Gafsa,Tunisie,5,0.0,0.0,100.0,200.0,Hotel
5629,14806.0,42,3577,22000.0,7.0,cancelled,Wedding,2023-02-06,Wedding,Nabeul,Tunisie,1,0.0,0.0,300.0,500.0,Venues de mariage privées
17289,14335.0,126,4896,26000.0,0.0,confirmed,Corporate Event,2023-07-02,Wedding,Tozeur,Tunisie,1,0.0,0.0,300.0,500.0,Venues de mariage privées
6750,147800.0,126,4896,22000.0,6.0,pending,Wedding,2023-04-22,Corporate,Mahdia,Tunisie,1,0.0,0.0,200.0,400.0,Venues de mariage privées
917,7615.0,155,66,24000.0,10.0,confirmed,Birthday,2023-04-08,Wedding,Kasserine,Tunisie,2,0.0,0.0,200.0,400.0,Venues de mariage privées
9921,8738.0,203,1258,22000.0,10.0,cancelled,Birthday,2023-04-27,Wedding,Kasserine,Tunisie,1,0.0,0.0,200.0,400.0,Venues de mariage privées
2283,2402.0,126,4896,19000.0,8.0,pending,Corporate Event,2023-09-27,Wedding,Zaghouan,Tunisie,4,0.0,0.0,100.0,200.0,Hotel
13185,1846.0,203,1258,24000.0,20.0,confirmed,Birthday,2022-03-22,Wedding,Manouba,Tunisie,2,0.0,0.0,200.0,400.0,Venues de mariage privées
15932,11352.0,42,3577,25000.0,3.0,confirmed,Wedding,2023-06-08,Wedding,Sidi Bouzid,Tunisie,2,0.0,0.0,200.0,400.0,Venues de mariage privées
9499,5809.0,252,1608,19000.0,10.0,cancelled,Wedding,2025-10-21,Wedding,Kasserine,Tunisie,4,0.0,0.0,200.0,400.0,Venues de mariage privées
1176,4883.0,202,1983,15000.0,16.0,cancelled,Wedding,2025-05-29,Wedding,Ben Arous,Tunisie,3,0.0,0.0,200.0,400.0,Venues de mariage privées
14051,5622.0,252,1608,26000.0,5.0,confirmed,Birthday,2025-05-14,Corporate,Tozeur,Tunisie,5,0.0,0.0,300.0,500.0,Venues de mariage privées
14382,13928.0,155,66,21000.0,9.0,pending,Wedding,2022-05-17,Wedding,Kairouan,Tunisie,5,0.0,0.0,300.0,500.0,Venues de mariage privées
5852,277.0,249,22215,24000.0,0.0,cancelled,Corporate Event,2024-10-09,Birthday,Jendouba,Tunisie,2,0.0,0.0,100.0,200.0,Hotel
6710,12822.0,252,1608,26000.0,2.0,pending,Wedding,2025-10-22,Wedding,Nabeul,Tunisie,2,0.0,0.0,300.0,500.0,Venues de mariage privées
16439,6013.0,202,1983,20000.0,3.0,cancelled,Corporate Event,2022-02-07,Birthday,Zaghouan,Tunisie,4,0.0,0.0,100.0,200.0,Hotel
9302,6247.0,203,1258,22000.0,8.0,pending,Birthday,2022-04-13,Wedding,Zaghouan,Tunisie,1,0.0,0.0,100.0,200.0,Hotel
4316,13147.0,203,1258,25000.0,0.0,confirmed,Corporate Event,2022-09-30,Birthday,Sidi Bouzid,Tunisie,2,0.0,0.0,200.0,400.0,Venues de mariage privées
13984,14522.0,42,3577,12000.0,3.0,cancelled,Wedding,2023-07-15,Corporate,Sfax,Tunisie,2,0.0,0.0,200.0,500.0,Hotel
2397,9050.0,42,3577,26000.0,5.0,pending,Wedding,2022-10-17,Wedding,Sousse,Tunisie,3,0.0,0.0,300.0,500.0,Venues de mariage privées
13601,5854.0,239,4101,24000.0,9.0,pending,Birthday,2024-08-03,Corporate,Kasserine,Tunisie,1,0.0,0.0,200.0,400.0,Venues de mariage privées
7880,12747.0,229,3480,17000.0,3.0,cancelled,Birthday,2024-01-20,Corporate,Sfax,Tunisie,3,0.0,0.0,200.0,500.0,Hotel
15722,14217.0,298,962,19000.0,18.0,pending,Birthday,2022-04-21,Birthday,Manouba,Tunisie,1,0.0,0.0,200.0,400.0,Venues de mariage privées
15092,5534.0,203,1258,20000.0,2.0,pending,Corporate Event,2022-03-30,Wedding,Mahdia,Tunisie,4,0.0,0.0,200.0,400.0,Venues de mariage privées
4437,4396.0,42,3577,19000.0,16.0,cancelled,Wedding,2023-01-12,Wedding,Ben Arous,Tunisie,1,0.0,0.0,200.0,400.0,Venues de mariage privées
14121,1336.0,202,1983,15000.0,2.0,confirmed,Wedding,2025-07-14,Wedding,Bizerte,Tunisie,1,0.0,0.0,300.0,500.0,Venues de mariage privées
7050,11816.0,252,1608,22000.0,0.0,cancelled,Corporate Event,2023-11-07,Birthday,Mahdia,Tunisie,5,0.0,0.0,200.0,400.0,Venues de mariage privées
10882,6798.0,239,4101,17000.0,10.0,confirmed,Corporate Event,2023-02-08,Wedding,Kasserine,Tunisie,4,0.0,0.0,200.0,400.0,Venues de mariage privées
3890,8857.0,203,1417,15000.0,0.0,cancelled,Wedding,2022-02-19,Wedding,Kasserine,Tunisie,5,0.0,0.0,200.0,400.0,Venues de mariage privées
12610,806.0,155,66,19000.0,0.0,confirmed,Birthday,2025-01-23,Corporate,Siliana,Tunisie,1,0.0,0.0,200.0,400.0,Venues de mariage privées
14362,2401.0,239,4101,24000.0,2.0,pending,Birthday,2025-06-01,Wedding,Mahdia,Tunisie,2,0.0,0.0,200.0,400.0,Venues de mariage privées
15351,14245.0,229,3480,22000.0,10.0,cancelled,Wedding,2022-04-01,Corporate,Jendouba,Tunisie,3,0.0,0.0,100.0,200.0,Hotel
10191,13775.0,239,4101,12000.0,4.0,cancelled,Birthday,2025-11-20,Birthday,Bizerte,Tunisie,3,0.0,0.0,300.0,500.0,Venues de mariage privées
1516,9139.0,239,4101,12000.0,20.0,cancelled,Birthday,2022-06-05,Wedding,Tunis,Tunisie,2,0.0,0.0,300.0,500.0,Hotel
10434,4869.0,42,3577,17000.0,0.0,cancelled,Wedding,2022-06-07,Birthday,Jendouba,Tunisie,5,0.0,0.0,100.0,200.0,Hotel
1429,14822.0,239,4101,15000.0,8.0,pending,Corporate Event,2023-02-19,Wedding,Bizerte,Tunisie,2,0.0,0.0,300.0,500.0,Venues de mariage privées
15868,5968.0,203,1417,12000.0,16.0,pending,Birthday,2025-08-10,Wedding,Manouba,Tunisie,1,0.0,0.0,200.0,400.0,Venues de mariage privées
9838,7690.0,203,1417,20000.0,6.0,cancelled,Birthday,2022-11-12,Corporate,Mahdia,Tunisie,1,0.0,0.0,200.0,400.0,Venues de mariage privées
11061,6986.0,239,4101,26000.0,2.0,confirmed,Corporate Event,2022-11-08,Wedding,Sidi Bouzid,Tunisie,1,0.0,0.0,200.0,400.0,Venues de mariage privées
17915,6362.0,203,1417,26000.0,2.0,cancelled,Corporate Event,2022-07-21,Wedding,Sidi Bouzid,Tunisie,4,0.0,0.0,200.0,400.0,Venues de mariage privées
1156,1249.0,176,3661,21000.0,0.0,confirmed,Corporate Event,2025-11-27,Birthday,Jendouba,Tunisie,2,0.0,0.0,100.0,200.0,Hotel
13201,10478.0,298,962,26000.0,4.0,pending,Wedding,2025-06-27,Corporate,Tunis,Tunisie,1,0.0,0.0,300.0,500.0,Hotel
12967,4447.0,203,1258,20000.0,9.0,cancelled,Wedding,2023-07-19,Wedding,Kairouan,Tunisie,3,0.0,0.0,300.0,500.0,Venues de mariage privées
1440,3198.0,126,4896,25000.0,3.0,pending,Corporate Event,2025-11-08,Corporate,Sidi Bouzid,Tunisie,5,0.0,0.0,200.0,400.0,Venues de mariage privées
17462,1913.0,239,4101,24000.0,12.0,confirmed,Wedding,2023-10-24,Corporate,Monastir,Tunisie,2,0.0,0.0,200.0,500.0,Hotel
15997,11170.0,249,22215,22000.0,10.0,pending,Corporate Event,2024-10-14,Wedding,Gafsa,Tunisie,4,0.0,0.0,100.0,200.0,Hotel
13722,7055.0,202,1983,25000.0,9.0,confirmed,Birthday,2023-05-20,Corporate,Sousse,Tunisie,3,0.0,0.0,300.0,500.0,Venues de mariage privées
10318,3307.0,126,4896,17000.0,0.0,pending,Corporate Event,2022-11-28,Wedding,Kasserine,Tunisie,5,0.0,0.0,200.0,400.0,Venues de mariage privées
16921,9473.0,126,4896,20000.0,20.0,pending,Wedding,2022-01-07,Wedding,Tunis,Tunisie,3,0.0,0.0,300.0,500.0,Hotel
285,4383.0,239,4101,26000.0,11.0,cancelled,Corporate Event,2023-06-03,Corporate,Ariana,Tunisie,1,0.0,0.0,200.0,400.0,Venues de mariage privées
15992,12831.0,202,1983,21000.0,10.0,pending,Birthday,2025-05-31,Corporate,Jendouba,Tunisie,5,0.0,0.0,100.0,200.0,Hotel
1168,8597.0,203,1417,17000.0,0.0,cancelled,Birthday,2023-01-06,Birthday,Mahdia,Tunisie,4,0.0,0.0,200.0,400.0,Venues de mariage privées
9505,51180.0,249,22215,22000.0,0.0,cancelled,Corporate Event,2023-05-07,Birthday,Sidi Bouzid,Tunisie,1,0.0,0.0,200.0,400.0,Venues de mariage privées
13004,2973.0,155,66,12000.0,16.0,confirmed,Wedding,2025-02-19,Wedding,Sfax,Tunisie,2,0.0,0.0,200.0,500.0,Hotel
2698,10158.0,203,1258,20000.0,16.0,pending,Corporate Event,2022-10-20,Wedding,Manouba,Tunisie,1,0.0,0.0,200.0,400.0,Venues de mariage privées
8793,7921.0,176,3661,15000.0,4.0,confirmed,Birthday,2024-10-05,Wedding,Ben Arous,Tunisie,1,0.0,0.0,200.0,400.0,Venues de mariage privées
10333,10653.0,176,3661,17000.0,16.0,pending,Corporate Event,2024-04-15,Wedding,Ben Arous,Tunisie,1,0.0,0.0,200.0,400.0,Venues de mariage privées
17737,6721.0,252,1608,22000.0,9.0,pending,Birthday,2024-06-06,Wedding,Kairouan,Tunisie,3,0.0,0.0,300.0,500.0,Venues de mariage privées
17895,14513.0,126,4896,23000.0,2.0,confirmed,Corporate Event,2023-12-19,Wedding,Nabeul,Tunisie,5,0.0,0.0,300.0,500.0,Venues de mariage privées
870,13235.0,176,3661,15000.0,7.0,confirmed,Corporate Event,2024-02-06,Wedding,Jendouba,Tunisie,3,0.0,0.0,100.0,200.0,Hotel
15359,10193.0,176,3661,19000.0,13.0,pending,Corporate Event,2025-02-17,Corporate,Manouba,Tunisie,4,0.0,0.0,200.0,400.0,Venues de mariage privées
14947,14112.0,229,3480,19000.0,5.0,confirmed,Birthday,2023-11-22,Wedding,Sousse,Tunisie,3,0.0,0.0,300.0,500.0,Venues de mariage privées
15166,6020.0,176,3661,25000.0,7.0,pending,Birthday,2022-07-28,Birthday,Kairouan,Tunisie,3,0.0,0.0,300.0,500.0,Venues de mariage privées
2920,7116.0,203,1417,15000.0,14.0,cancelled,Birthday,2022-07-15,Wedding,Ariana,Tunisie,2,0.0,0.0,200.0,400.0,Venues de mariage privées
12408,7164.0,176,3661,22000.0,10.0,cancelled,Corporate Event,2022-11-12,Wedding,Kasserine,Tunisie,4,0.0,0.0,200.0,400.0,Venues de mariage privées
12997,504.0,203,1258,15000.0,9.0,pending,Birthday,2024-10-25,Wedding,Kairouan,Tunisie,4,0.0,0.0,300.0,500.0,Venues de mariage privées
2268,4909.0,203,1258,13000.0,16.0,pending,Birthday,2023-07-30,Wedding,Siliana,Tunisie,4,0.0,0.0,200.0,400.0,Venues de mariage privées
5732,13363.0,229,3480,12000.0,0.0,pending,Wedding,2024-09-24,Wedding,Kasserine,Tunisie,5,0.0,0.0,200.0,400.0,Venues de mariage privées
13851,13146.0,203,1258,21000.0,14.0,confirmed,Corporate Event,2022-02-06,Wedding,Ariana,Tunisie,4,0.0,0.0,200.0,400.0,Venues de mariage privées
11724,14896.0,203,1417,24000.0,16.0,pending,Corporate Event,2022-03-17,Wedding,Sousse,Tunisie,2,0.0,0.0,300.0,500.0,Venues de mariage privées
8796,7268.0,202,1983,13000.0,2.0,cancelled,Corporate Event,2025-08-01,Wedding,Mahdia,Tunisie,4,0.0,0.0,200.0,400.0,Venues de mariage privées
3545,12125.0,229,3480,26000.0,2.0,confirmed,Birthday,2025-10-31,Wedding,Sidi Bouzid,Tunisie,3,0.0,0.0,200.0,400.0,Venues de mariage privées
2007,1715.0,249,22215,12000.0,0.0,confirmed,Birthday,2024-01-26,Birthday,Tunis,Tunisie,1,0.0,0.0,300.0,500.0,Hotel
11946,6952.0,298,962,20000.0,16.0,cancelled,Wedding,2024-04-13,Wedding,Monastir,Tunisie,4,0.0,0.0,200.0,500.0,Hotel
16561,8250.0,202,1983,21000.0,2.0,cancelled,Corporate Event,2022-02-20,Wedding,Nabeul,Tunisie,3,0.0,0.0,300.0,500.0,Venues de mariage privées
1846,12481.0,202,1983,22000.0,2.0,cancelled,Corporate Event,2022-08-25,Birthday,Ben Arous,Tunisie,4,0.0,0.0,200.0,400.0,Venues de mariage privées
4929,14045.0,42,3577,22000.0,16.0,confirmed,Corporate Event,2025-08-28,Wedding,Manouba,Tunisie,5,0.0,0.0,200.0,400.0,Venues de mariage privées
1874,1522.0,126,4896,21000.0,5.0,cancelled,Corporate Event,2025-10-22,Corporate,Kairouan,Tunisie,5,0.0,0.0,300.0,500.0,Venues de mariage privées
13424,917.0,249,22215,17000.0,0.0,confirmed,Wedding,2022-06-12,Wedding,Kasserine,Tunisie,3,0.0,0.0,200.0,400.0,Venues de mariage privées
15505,731.0,252,1608,24000.0,0.0,pending,Birthday,2023-01-14,Birthday,Tunis,Tunisie,3,0.0,0.0,300.0,500.0,Hotel
4986,14317.0,176,3661,25000.0,0.0,cancelled,Birthday,2023-08-06,Birthday,Kasserine,Tunisie,4,0.0,0.0,200.0,400.0,Venues de mariage privées
4200,12110.0,42,3577,21000.0,5.0,pending,Corporate Event,2025-11-03,Wedding,Sousse,Tunisie,3,0.0,0.0,300.0,500.0,Venues de mariage privées
14386,7892.0,249,22215,15000.0,7.0,pending,Corporate Event,2023-06-11,Birthday,Tataouine,Tunisie,5,0.0,0.0,100.0,200.0,Hotel
4658,566.0,239,4101,26000.0,2.0,pending,Corporate Event,2024-06-10,Wedding,Mahdia,Tunisie,1,0.0,0.0,200.0,400.0,Venues de mariage privées
14446,4786.0,203,1417,26000.0,10.0,cancelled,Birthday,2022-03-25,Wedding,Kasserine,Tunisie,2,0.0,0.0,200.0,400.0,Venues de mariage privées
2190,11944.0,176,3661,25000.0,5.0,cancelled,Birthday,2024-06-15,Corporate,Kairouan,Tunisie,5,0.0,0.0,300.0,500.0,Venues de mariage privées
11557,138930.0,252,1608,20000.0,0.0,pending,Wedding,2022-12-16,Birthday,Mahdia,Tunisie,5,0.0,0.0,200.0,400.0,Venues de mariage privées
8122,12505.0,203,1417,22000.0,0.0,cancelled,Corporate Event,2022-02-22,Corporate,Siliana,Tunisie,5,0.0,0.0,200.0,400.0,Venues de mariage privées
4104,4108.0,126,4896,19000.0,20.0,confirmed,Corporate Event,2025-10-31,Wedding,Tunis,Tunisie,1,0.0,0.0,300.0,500.0,Hotel
10875,7836.0,203,1417,22000.0,0.0,pending,Birthday,2024-01-10,Wedding,Sfax,Tunisie,3,0.0,0.0,200.0,500.0,Hotel
13341,2985.0,249,22215,23000.0,2.0,pending,Wedding,2025-04-10,Wedding,Siliana,Tunisie,4,0.0,0.0,200.0,400.0,Venues de mariage privées
12523,1403.0,155,66,24000.0,9.0,pending,Corporate Event,2022-10-24,Wedding,Kairouan,Tunisie,5,0.0,0.0,300.0,500.0,Venues de mariage privées
1708,6401.0,249,22215,21000.0,4.0,cancelled,Corporate Event,2025-11-24,Wedding,Kairouan,Tunisie,3,0.0,0.0,300.0,500.0,Venues de mariage privées
15019,2473.0,203,1417,15000.0,6.0,confirmed,Birthday,2025-06-25,Corporate,Bizerte,Tunisie,4,0.0,0.0,300.0,500.0,Venues de mariage privées
17682,6830.0,176,3661,26000.0,3.0,confirmed,Birthday,2024-09-21,Birthday,Zaghouan,Tunisie,1,0.0,0.0,100.0,200.0,Hotel
8543,11712.0,176,3661,23000.0,10.0,cancelled,Corporate Event,2022-06-28,Wedding,Ariana,Tunisie,2,0.0,0.0,200.0,400.0,Venues de mariage privées
14078,699.0,42,3577,13000.0,5.0,pending,Wedding,2022-08-27,Corporate,Kairouan,Tunisie,4,0.0,0.0,300.0,500.0,Venues de mariage privées
2651,77320.0,249,22215,13000.0,4.0,pending,Wedding,2022-07-30,Wedding,Kairouan,Tunisie,3,0.0,0.0,300.0,500.0,Venues de mariage privées
6669,10119.0,203,1258,25000.0,20.0,pending,Wedding,2024-08-26,Wedding,Tunis,Tunisie,2,0.0,0.0,300.0,500.0,Hotel
9328,8479.0,239,4101,24000.0,0.0,pending,Birthday,2025-12-14,Wedding,Tataouine,Tunisie,3,0.0,0.0,100.0,200.0,Hotel
619,6091.0,42,3577,17000.0,0.0,confirmed,Corporate Event,2025-04-27,Birthday,Gafsa,Tunisie,5,0.0,0.0,100.0,200.0,Hotel
14287,8862.0,239,4101,13000.0,2.0,cancelled,Birthday,2022-12-21,Wedding,Siliana,Tunisie,3,0.0,0.0,200.0,400.0,Venues de mariage privées
5744,2913.0,203,1417,20000.0,14.0,confirmed,Wedding,2023-04-20,Wedding,Ariana,Tunisie,2,0.0,0.0,200.0,400.0,Venues de mariage privées
14797,14778.0,229,3480,20000.0,0.0,pending,Corporate Event,2024-04-24,Birthday,Kasserine,Tunisie,5,0.0,0.0,200.0,400.0,Venues de mariage privées
12465,11217.0,229,3480,20000.0,3.0,cancelled,Wedding,2022-04-17,Wedding,Monastir,Tunisie,5,0.0,0.0,200.0,500.0,Hotel
692,6605.0,249,22215,19000.0,10.0,confirmed,Corporate Event,2022-08-05,Corporate,Jendouba,Tunisie,3,0.0,0.0,100.0,200.0,Hotel
9536,10316.0,249,22215,23000.0,9.0,cancelled,Wedding,2024-06-08,Wedding,Kairouan,Tunisie,5,0.0,0.0,300.0,500.0,Venues de mariage privées
10433,11088.0,155,66,17000.0,3.0,confirmed,Corporate Event,2025-07-05,Corporate,Sidi Bouzid,Tunisie,1,0.0,0.0,200.0,400.0,Venues de mariage privées
17190,13027.0,252,1608,24000.0,10.0,cancelled,Wedding,2023-07-10,Wedding,Ariana,Tunisie,3,0.0,0.0,200.0,400.0,Venues de mariage privées
12631,431.0,229,3480,26000.0,2.0,cancelled,Wedding,2023-04-03,Wedding,Siliana,Tunisie,2,0.0,0.0,200.0,400.0,Venues de mariage privées
14604,12654.0,176,3661,15000.0,2.0,confirmed,Corporate Event,2022-04-19,Wedding,Mahdia,Tunisie,2,0.0,0.0,200.0,400.0,Venues de mariage privées
2041,3823.0,249,22215,25000.0,0.0,pending,Birthday,2025-02-10,Birthday,Jendouba,Tunisie,5,0.0,0.0,100.0,200.0,Hotel
4512,14716.0,249,22215,17000.0,14.0,cancelled,Wedding,2022-02-06,Corporate,Nabeul,Tunisie,1,0.0,0.0,300.0,500.0,Venues de mariage privées
11806,6486.0,203,1258,15000.0,0.0,cancelled,Wedding,2025-05-06,Birthday,Ariana,Tunisie,1,0.0,0.0,200.0,400.0,Venues de mariage privées
2753,4738.0,203,1417,22000.0,2.0,cancelled,Wedding,2025-02-19,Wedding,Mahdia,Tunisie,1,0.0,0.0,200.0,400.0,Venues de mariage privées
1809,12172.0,155,66,22000.0,7.0,pending,Corporate Event,2025-12-23,Corporate,Zaghouan,Tunisie,4,0.0,0.0,100.0,200.0,Hotel
8005,567.0,239,4101,15000.0,10.0,cancelled,Wedding,2025-08-31,Wedding,Gafsa,Tunisie,3,0.0,0.0,100.0,200.0,Hotel
10137,12815.0,203,1417,12000.0,12.0,cancelled,Birthday,2023-04-04,Corporate,Monastir,Tunisie,4,0.0,0.0,200.0,500.0,Hotel
6470,13438.0,176,3661,17000.0,10.0,cancelled,Birthday,2022-10-09,Birthday,Nabeul,Tunisie,4,0.0,0.0,300.0,500.0,Venues de mariage privées
10007,11415.0,298,962,20000.0,0.0,cancelled,Birthday,2023-07-25,Corporate,Siliana,Tunisie,3,0.0,0.0,200.0,400.0,Venues de mariage privées
8329,11816.0,249,22215,15000.0,16.0,confirmed,Birthday,2023-09-23,Wedding,Ben Arous,Tunisie,4,0.0,0.0,200.0,400.0,Venues de mariage privées
4516,4868.0,155,66,20000.0,16.0,pending,Birthday,2025-06-03,Wedding,Sousse,Tunisie,3,0.0,0.0,300.0,500.0,Venues de mariage privées
11677,12968.0,126,4896,19000.0,7.0,pending,Birthday,2023-10-08,Corporate,Zaghouan,Tunisie,2,0.0,0.0,100.0,200.0,Hotel
16397,13387.0,239,4101,24000.0,20.0,cancelled,Wedding,2023-06-22,Wedding,Tunis,Tunisie,1,0.0,0.0,300.0,500.0,Hotel
15251,13352.0,229,3480,17000.0,18.0,cancelled,Wedding,2023-07-10,Birthday,Manouba,Tunisie,5,0.0,0.0,200.0,400.0,Venues de mariage privées
1621,1114.0,176,3661,13000.0,0.0,cancelled,Wedding,2025-12-25,Birthday,Gafsa,Tunisie,5,0.0,0.0,100.0,200.0,Hotel
9152,4040.0,298,962,17000.0,0.0,cancelled,Birthday,2025-04-11,Birthday,Sidi Bouzid,Tunisie,3,0.0,0.0,200.0,400.0,Venues de mariage privées
1788,3422.0,42,3577,25000.0,4.0,pending,Birthday,2025-10-16,Corporate,Tunis,Tunisie,1,0.0,0.0,300.0,500.0,Hotel
14703,14509.0,203,1258,22000.0,0.0,cancelled,Corporate Event,2024-01-29,Wedding,Sfax,Tunisie,4,0.0,0.0,200.0,500.0,Hotel
3317,1069.0,203,1417,26000.0,15.0,confirmed,Corporate Event,2025-12-26,Corporate,Ben Arous,Tunisie,2,0.0,0.0,200.0,400.0,Venues de mariage privées
77,12250.0,249,22215,20000.0,10.0,cancelled,Corporate Event,2024-10-25,Wedding,Kasserine,Tunisie,5,0.0,0.0,200.0,400.0,Venues de mariage privées
8181,1857.0,203,1258,19000.0,10.0,cancelled,Corporate Event,2023-12-23,Wedding,Gafsa,Tunisie,1,0.0,0.0,100.0,200.0,Hotel
2592,7296.0,203,1258,13000.0,10.0,confirmed,Birthday,2022-09-23,Birthday,Nabeul,Tunisie,1,0.0,0.0,300.0,500.0,Venues de mariage privées
11844,701.0,203,1417,25000.0,5.0,cancelled,Corporate Event,2022-07-22,Wedding,Sousse,Tunisie,5,0.0,0.0,300.0,500.0,Venues de mariage privées
10503,3804.0,249,22215,23000.0,0.0,pending,Wedding,2022-08-04,Birthday,Tozeur,Tunisie,3,0.0,0.0,300.0,500.0,Venues de mariage privées
17742,14386.0,202,1983,26000.0,0.0,cancelled,Birthday,2022-06-19,Birthday,Kasserine,Tunisie,4,0.0,0.0,200.0,400.0,Venues de mariage privées
167,14421.0,229,3480,13000.0,0.0,confirmed,Corporate Event,2022-04-11,Birthday,Ariana,Tunisie,2,0.0,0.0,200.0,400.0,Venues de mariage privées
15216,12510.0,239,4101,22000.0,2.0,pending,Wedding,2022-07-02,Wedding,Siliana,Tunisie,2,0.0,0.0,200.0,400.0,Venues de mariage privées
2675,8314.0,298,962,21000.0,15.0,confirmed,Wedding,2023-09-27,Corporate,Ben Arous,Tunisie,2,0.0,0.0,200.0,400.0,Venues de mariage privées
13211,14588.0,298,962,23000.0,4.0,confirmed,Wedding,2025-05-03,Corporate,Tunis,Tunisie,4,0.0,0.0,300.0,500.0,Hotel
16230,3783.0,126,4896,22000.0,10.0,cancelled,Wedding,2022-04-12,Birthday,Sfax,Tunisie,3,0.0,0.0,200.0,500.0,Hotel
6852,5304.0,229,3480,13000.0,15.0,confirmed,Wedding,2024-07-27,Corporate,Ben Arous,Tunisie,1,0.0,0.0,200.0,400.0,Venues de mariage privées
14216,6353.0,126,4896,17000.0,11.0,cancelled,Birthday,2023-12-27,Corporate,Ariana,Tunisie,5,0.0,0.0,200.0,400.0,Venues de mariage privées
3485,7567.0,42,3577,25000.0,9.0,pending,Birthday,2024-05-30,Corporate,Kasserine,Tunisie,4,0.0,0.0,200.0,400.0,Venues de mariage privées
9356,12565.0,42,3577,19000.0,10.0,confirmed,Corporate Event,2025-12-26,Wedding,Ariana,Tunisie,3,0.0,0.0,200.0,400.0,Venues de mariage privées
4933,13411.0,229,3480,12000.0,0.0,cancelled,Wedding,2022-08-13,Birthday,Tunis,Tunisie,1,0.0,0.0,300.0,500.0,Hotel
9446,13430.0,126,4896,17000.0,6.0,cancelled,Wedding,2022-03-31,Corporate,Bizerte,Tunisie,2,0.0,0.0,300.0,500.0,Venues de mariage privées
11627,1107.0,203,1417,13000.0,2.0,cancelled,Wedding,2025-02-15,Wedding,Bizerte,Tunisie,1,0.0,0.0,300.0,500.0,Venues de mariage privées
389,13648.0,155,66,13000.0,0.0,confirmed,Corporate Event,2023-10-13,Birthday,Mahdia,Tunisie,1,0.0,0.0,200.0,400.0,Venues de mariage privées
6647,12764.0,203,1258,25000.0,12.0,pending,Corporate Event,2022-07-13,Corporate,Monastir,Tunisie,5,0.0,0.0,200.0,500.0,Hotel
14199,11948.0,176,3661,20000.0,10.0,pending,Corporate Event,2024-08-06,Birthday,Sfax,Tunisie,2,0.0,0.0,200.0,500.0,Hotel
2189,12806.0,42,3577,17000.0,9.0,confirmed,Birthday,2022-04-03,Corporate,Sousse,Tunisie,1,0.0,0.0,300.0,500.0,Venues de mariage privées
5261,10409.0,126,4896,24000.0,14.0,pending,Birthday,2025-06-17,Wedding,Ariana,Tunisie,5,0.0,0.0,200.0,400.0,Venues de mariage privées
3303,827.0,176,3661,12000.0,2.0,cancelled,Birthday,2024-07-13,Wedding,Nabeul,Tunisie,3,0.0,0.0,300.0,500.0,Venues de mariage privées
17732,8989.0,126,4896,20000.0,2.0,confirmed,Birthday,2024-09-28,Wedding,Mahdia,Tunisie,3,0.0,0.0,200.0,400.0,Venues de mariage privées
8341,11761.0,203,1258,13000.0,0.0,confirmed,Wedding,2022-02-06,Corporate,Siliana,Tunisie,1,0.0,0.0,200.0,400.0,Venues de mariage privées
3498,4018.0,42,3577,21000.0,5.0,cancelled,Wedding,2025-03-21,Corporate,Tozeur,Tunisie,2,0.0,0.0,300.0,500.0,Venues de mariage privées
4456,4204.0,203,1258,25000.0,2.0,cancelled,Wedding,2024-11-15,Wedding,Mahdia,Tunisie,3,0.0,0.0,200.0,400.0,Venues de mariage privées
8942,10981.0,229,3480,13000.0,8.0,cancelled,Corporate Event,2023-07-18,Wedding,Bizerte,Tunisie,3,0.0,0.0,300.0,500.0,Venues de mariage privées
1571,8759.0,203,1258,12000.0,5.0,pending,Wedding,2022-05-21,Corporate,Kairouan,Tunisie,3,0.0,0.0,300.0,500.0,Venues de mariage privées
15602,5029.0,229,3480,20000.0,7.0,cancelled,Wedding,2022-08-18,Wedding,Nabeul,Tunisie,5,0.0,0.0,300.0,500.0,Venues de mariage privées
12267,2060.0,176,3661,23000.0,14.0,cancelled,Wedding,2023-05-08,Corporate,Nabeul,Tunisie,1,0.0,0.0,300.0,500.0,Venues de mariage privées
17415,7861.0,229,3480,13000.0,6.0,cancelled,Birthday,2024-03-20,Corporate,Bizerte,Tunisie,2,0.0,0.0,300.0,500.0,Venues de mariage privées
3469,4673.0,239,4101,19000.0,0.0,cancelled,Birthday,2023-01-18,Birthday,Jendouba,Tunisie,4,0.0,0.0,100.0,200.0,Hotel
3933,7662.0,203,1258,24000.0,5.0,pending,Birthday,2024-12-18,Corporate,Tozeur,Tunisie,4,0.0,0.0,300.0,500.0,Venues de mariage privées
4987,13132.0,249,22215,13000.0,3.0,confirmed,Birthday,2024-02-24,Corporate,Sfax,Tunisie,3,0.0,0.0,200.0,500.0,Hotel
7977,14784.0,252,1608,20000.0,4.0,cancelled,Birthday,2023-02-24,Wedding,Ben Arous,Tunisie,1,0.0,0.0,200.0,400.0,Venues de mariage privées
11241,2066.0,203,1258,15000.0,4.0,confirmed,Corporate Event,2022-02-06,Corporate,Tunis,Tunisie,4,0.0,0.0,300.0,500.0,Hotel
3808,6025.0,126,4896,13000.0,11.0,confirmed,Birthday,2024-03-21,Corporate,Ariana,Tunisie,3,0.0,0.0,200.0,400.0,Venues de mariage privées
14690,3767.0,126,4896,17000.0,2.0,cancelled,Corporate Event,2023-07-02,Wedding,Siliana,Tunisie,4,0.0,0.0,200.0,400.0,Venues de mariage privées
1075,12254.0,126,4896,15000.0,2.0,cancelled,Birthday,2023-05-21,Wedding,Bizerte,Tunisie,1,0.0,0.0,300.0,500.0,Venues de mariage privées
15085,6012.0,42,3577,22000.0,10.0,confirmed,Birthday,2023-08-29,Wedding,Kasserine,Tunisie,3,0.0,0.0,200.0,400.0,Venues de mariage privées
13325,10897.0,126,4896,26000.0,0.0,pending,Corporate Event,2023-09-03,Birthday,Jendouba,Tunisie,3,0.0,0.0,100.0,200.0,Hotel
15508,13254.0,229,3480,26000.0,9.0,confirmed,Birthday,2024-01-18,Corporate,Kasserine,Tunisie,1,0.0,0.0,200.0,400.0,Venues de mariage privées
17543,2319.0,203,1258,12000.0,3.0,pending,Corporate Event,2022-12-30,Wedding,Sidi Bouzid,Tunisie,1,0.0,0.0,200.0,400.0,Venues de mariage privées
14485,5026.0,252,1608,25000.0,0.0,pending,Birthday,2025-10-04,Wedding,Tozeur,Tunisie,3,0.0,0.0,300.0,500.0,Venues de mariage privées
1605,9956.0,176,3661,23000.0,16.0,pending,Wedding,2024-01-24,Wedding,Siliana,Tunisie,2,0.0,0.0,200.0,400.0,Venues de mariage privées
13681,2280.0,252,1608,15000.0,15.0,confirmed,Corporate Event,2022-06-09,Corporate,Ben Arous,Tunisie,5,0.0,0.0,200.0,400.0,Venues de mariage privées
13283,894.0,252,1608,20000.0,0.0,cancelled,Wedding,2023-07-19,Wedding,Tataouine,Tunisie,1,0.0,0.0,100.0,200.0,Hotel
9245,3750.0,202,1983,20000.0,8.0,confirmed,Corporate Event,2025-04-08,Wedding,Bizerte,Tunisie,5,0.0,0.0,300.0,500.0,Venues de mariage privées
2573,95530.0,155,66,13000.0,16.0,cancelled,Wedding,2024-09-09,Wedding,Manouba,Tunisie,5,0.0,0.0,200.0,400.0,Venues de mariage privées
1923,10041.0,202,1983,21000.0,5.0,confirmed,Wedding,2022-03-03,Wedding,Sousse,Tunisie,2,0.0,0.0,300.0,500.0,Venues de mariage privées
17689,13426.0,176,3661,15000.0,10.0,pending,Wedding,2024-05-24,Birthday,Nabeul,Tunisie,2,0.0,0.0,300.0,500.0,Venues de mariage privées
11373,14386.0,249,22215,21000.0,2.0,pending,Corporate Event,2024-12-18,Wedding,Siliana,Tunisie,3,0.0,0.0,200.0,400.0,Venues de mariage privées
17842,7082.0,202,1983,12000.0,0.0,cancelled,Corporate Event,2025-11-06,Birthday,Sidi Bouzid,Tunisie,5,0.0,0.0,200.0,400.0,Venues de mariage privées
16480,14241.0,298,962,24000.0,10.0,confirmed,Birthday,2023-02-03,Corporate,Jendouba,Tunisie,5,0.0,0.0,100.0,200.0,Hotel
14245,13582.0,229,3480,20000.0,13.0,cancelled,Wedding,2025-06-01,Corporate,Manouba,Tunisie,4,0.0,0.0,200.0,400.0,Venues de mariage privées
12183,11473.0,239,4101,21000.0,16.0,pending,Birthday,2025-02-17,Wedding,Ben Arous,Tunisie,4,0.0,0.0,200.0,400.0,Venues de mariage privées
15001,1962.0,155,66,13000.0,4.0,cancelled,Corporate Event,2022-01-26,Wedding,Ben Arous,Tunisie,1,0.0,0.0,200.0,400.0,Venues de mariage privées
15099,7293.0,298,962,12000.0,2.0,cancelled,Corporate Event,2022-12-01,Wedding,Nabeul,Tunisie,5,0.0,0.0,300.0,500.0,Venues de mariage privées
13342,8513.0,176,3661,20000.0,2.0,pending,Birthday,2023-01-14,Birthday,Monastir,Tunisie,5,0.0,0.0,200.0,500.0,Hotel
16348,60760.0,126,4896,13000.0,5.0,pending,Birthday,2024-05-09,Corporate,Kairouan,Tunisie,4,0.0,0.0,300.0,500.0,Venues de mariage privées
16425,8388.0,176,3661,22000.0,12.0,cancelled,Wedding,2024-08-19,Corporate,Monastir,Tunisie,2,0.0,0.0,200.0,500.0,Hotel
16131,3243.0,42,3577,24000.0,0.0,cancelled,Wedding,2023-09-12,Birthday,Mahdia,Tunisie,5,0.0,0.0,200.0,400.0,Venues de mariage privées
16045,14286.0,202,1983,26000.0,9.0,cancelled,Corporate Event,2023-08-13,Wedding,Kairouan,Tunisie,5,0.0,0.0,300.0,500.0,Venues de mariage privées
6793,8816.0,42,3577,22000.0,0.0,pending,Birthday,2024-07-05,Corporate,Siliana,Tunisie,4,0.0,0.0,200.0,400.0,Venues de mariage privées
1978,1145.0,298,962,21000.0,0.0,confirmed,Corporate Event,2025-11-27,Wedding,Kasserine,Tunisie,4,0.0,0.0,200.0,400.0,Venues de mariage privées
13033,13911.0,126,4896,19000.0,2.0,confirmed,Wedding,2025-07-20,Wedding,Sidi Bouzid,Tunisie,2,0.0,0.0,200.0,400.0,Venues de mariage privées
8837,9002.0,249,22215,13000.0,3.0,confirmed,Corporate Event,2024-07-05,Birthday,Zaghouan,Tunisie,4,0.0,0.0,100.0,200.0,Hotel
4891,9027.0,176,3661,17000.0,1.0,pending,Corporate Event,2024-10-18,Wedding,Tataouine,Tunisie,2,0.0,0.0,100.0,200.0,Hotel
7691,7118.0,155,66,23000.0,10.0,pending,Birthday,2025-05-10,Wedding,Ariana,Tunisie,3,0.0,0.0,200.0,400.0,Venues de mariage privées
7035,11514.0,176,3661,21000.0,10.0,confirmed,Wedding,2023-09-01,Corporate,Jendouba,Tunisie,1,0.0,0.0,100.0,200.0,Hotel
17602,100150.0,176,3661,15000.0,2.0,cancelled,Corporate Event,2023-08-03,Wedding,Jendouba,Tunisie,2,0.0,0.0,100.0,200.0,Hotel
1118,5957.0,203,1417,22000.0,10.0,confirmed,Corporate Event,2024-02-26,Corporate,Jendouba,Tunisie,4,0.0,0.0,100.0,200.0,Hotel
8412,14027.0,202,1983,12000.0,18.0,pending,Birthday,2022-06-23,Birthday,Manouba,Tunisie,3,0.0,0.0,200.0,400.0,Venues de mariage privées
3814,7754.0,252,1608,26000.0,5.0,confirmed,Corporate Event,2025-10-01,Corporate,Gafsa,Tunisie,2,0.0,0.0,100.0,200.0,Hotel
16959,6169.0,298,962,17000.0,4.0,cancelled,Birthday,2022-07-17,Corporate,Tunis,Tunisie,4,0.0,0.0,300.0,500.0,Hotel
13519,4715.0,249,22215,15000.0,0.0,pending,Wedding,2024-11-27,Wedding,Sfax,Tunisie,1,0.0,0.0,200.0,500.0,Hotel
15599,8073.0,239,4101,24000.0,16.0,pending,Wedding,2023-11-23,Wedding,Sfax,Tunisie,1,0.0,0.0,200.0,500.0,Hotel
6273,3589.0,42,3577,21000.0,2.0,confirmed,Birthday,2024-06-29,Wedding,Bizerte,Tunisie,1,0.0,0.0,300.0,500.0,Venues de mariage privées
765,6774.0,252,1608,12000.0,2.0,confirmed,Wedding,2022-02-10,Wedding,Sidi Bouzid,Tunisie,1,0.0,0.0,200.0,400.0,Venues de mariage privées
12589,14516.0,42,3577,24000.0,16.0,cancelled,Birthday,2023-07-28,Wedding,Siliana,Tunisie,5,0.0,0.0,200.0,400.0,Venues de mariage privées
14656,4457.0,155,66,20000.0,16.0,confirmed,Birthday,2023-03-21,Wedding,Sousse,Tunisie,3,0.0,0.0,300.0,500.0,Venues de mariage privées
8581,7915.0,249,22215,25000.0,16.0,confirmed,Wedding,2024-05-15,Wedding,Sousse,Tunisie,3,0.0,0.0,300.0,500.0,Venues de mariage privées
4438,7915.0,42,3577,23000.0,15.0,pending,Birthday,2024-05-17,Corporate,Ben Arous,Tunisie,5,0.0,0.0,200.0,400.0,Venues de mariage privées
7639,6323.0,252,1608,12000.0,2.0,confirmed,Corporate Event,2024-02-27,Birthday,Monastir,Tunisie,5,0.0,0.0,200.0,500.0,Hotel
5138,4984.0,42,3577,13000.0,0.0,pending,Wedding,2023-02-02,Birthday,Mahdia,Tunisie,5,0.0,0.0,200.0,400.0,Venues de mariage privées
1738,1181.0,176,3661,15000.0,3.0,cancelled,Wedding,2025-02-05,Corporate,Sfax,Tunisie,3,0.0,0.0,200.0,500.0,Hotel
2504,49890.0,239,4101,17000.0,2.0,confirmed,Corporate Event,2022-11-22,Wedding,Bizerte,Tunisie,3,0.0,0.0,300.0,500.0,Venues de mariage privées
5724,754.0,126,4896,22000.0,7.0,confirmed,Wedding,2022-02-16,Wedding,Nabeul,Tunisie,2,0.0,0.0,300.0,500.0,Venues de mariage privées
11398,732.0,252,1608,19000.0,0.0,pending,Birthday,2022-01-08,Birthday,Mahdia,Tunisie,4,0.0,0.0,200.0,400.0,Venues de mariage privées
15744,14589.0,249,22215,25000.0,0.0,pending,Birthday,2024-12-23,Wedding,Sfax,Tunisie,4,0.0,0.0,200.0,500.0,Hotel
8501,6597.0,249,22215,12000.0,16.0,pending,Birthday,2025-12-09,Wedding,Siliana,Tunisie,4,0.0,0.0,200.0,400.0,Venues de mariage privées
16137,2296.0,203,1258,24000.0,0.0,confirmed,Corporate Event,2023-12-11,Birthday,Tunis,Tunisie,1,0.0,0.0,300.0,500.0,Hotel
10917,1488.0,202,1983,13000.0,5.0,cancelled,Wedding,2022-07-30,Wedding,Sousse,Tunisie,3,0.0,0.0,300.0,500.0,Venues de mariage privées
3559,8231.0,203,1417,15000.0,3.0,pending,Wedding,2025-06-09,Birthday,Zaghouan,Tunisie,3,0.0,0.0,100.0,200.0,Hotel
7,722.0,176,3661,15000.0,9.0,confirmed,Corporate Event,2024-07-07,Corporate,Kasserine,Tunisie,3,0.0,0.0,200.0,400.0,Venues de mariage privées
17278,4158.0,239,4101,22000.0,7.0,pending,Corporate Event,2024-02-10,Birthday,Tataouine,Tunisie,5,0.0,0.0,100.0,200.0,Hotel
14835,10922.0,176,3661,21000.0,2.0,confirmed,Corporate Event,2023-10-23,Wedding,Bizerte,Tunisie,3,0.0,0.0,300.0,500.0,Venues de mariage privées
11807,3684.0,203,1258,24000.0,5.0,pending,Wedding,2025-07-31,Corporate,Kairouan,Tunisie,5,0.0,0.0,300.0,500.0,Venues de mariage privées
2552,12530.0,42,3577,19000.0,0.0,cancelled,Birthday,2023-06-09,Birthday,Ariana,Tunisie,4,0.0,0.0,200.0,400.0,Venues de mariage privées
12961,7220.0,155,66,24000.0,7.0,confirmed,Corporate Event,2024-02-14,Corporate,Zaghouan,Tunisie,3,0.0,0.0,100.0,200.0,Hotel
4234,1514.0,203,1417,22000.0,13.0,confirmed,Corporate Event,2022-02-12,Corporate,Manouba,Tunisie,2,0.0,0.0,200.0,400.0,Venues de mariage privées
7116,5307.0,252,1608,17000.0,14.0,cancelled,Corporate Event,2024-07-31,Wedding,Ariana,Tunisie,1,0.0,0.0,200.0,400.0,Venues de mariage privées
17786,67240.0,252,1608,13000.0,7.0,pending,Corporate Event,2024-05-14,Birthday,Tataouine,Tunisie,3,0.0,0.0,100.0,200.0,Hotel
5916,348.0,126,4896,17000.0,9.0,cancelled,Corporate Event,2025-01-22,Corporate,Kasserine,Tunisie,3,0.0,0.0,200.0,400.0,Venues de mariage privées
7700,5852.0,42,3577,12000.0,0.0,cancelled,Birthday,2022-10-18,Corporate,Siliana,Tunisie,4,0.0,0.0,200.0,400.0,Venues de mariage privées
12872,5000.0,42,3577,21000.0,0.0,cancelled,Wedding,2024-10-19,Birthday,Tunis,Tunisie,4,0.0,0.0,300.0,500.0,Hotel
15536,13781.0,155,66,13000.0,10.0,confirmed,Birthday,2023-01-28,Birthday,Sfax,Tunisie,3,0.0,0.0,200.0,500.0,Hotel
5638,13743.0,202,1983,22000.0,3.0,confirmed,Wedding,2024-01-13,Corporate,Sfax,Tunisie,3,0.0,0.0,200.0,500.0,Hotel
6464,5750.0,252,1608,23000.0,16.0,confirmed,Birthday,2025-10-24,Wedding,Siliana,Tunisie,3,0.0,0.0,200.0,400.0,Venues de mariage privées
11650,1984.0,202,1983,23000.0,2.0,pending,Corporate Event,2024-02-18,Wedding,Mahdia,Tunisie,1,0.0,0.0,200.0,400.0,Venues de mariage privées
4646,2123.0,298,962,15000.0,2.0,pending,Corporate Event,2024-06-26,Wedding,Mahdia,Tunisie,5,0.0,0.0,200.0,400.0,Venues de mariage privées
1332,9293.0,252,1608,21000.0,7.0,pending,Birthday,2024-10-27,Birthday,Kairouan,Tunisie,5,0.0,0.0,300.0,500.0,Venues de mariage privées
9407,12264.0,252,1608,21000.0,16.0,pending,Wedding,2023-05-27,Wedding,Monastir,Tunisie,3,0.0,0.0,200.0,500.0,Hotel
1562,14172.0,239,4101,15000.0,3.0,cancelled,Corporate Event,2024-09-11,Birthday,Zaghouan,Tunisie,4,0.0,0.0,100.0,200.0,Hotel
4626,13128.0,202,1983,17000.0,2.0,cancelled,Birthday,2022-03-16,Wedding,Bizerte,Tunisie,4,0.0,0.0,300.0,500.0,Venues de mariage privées
7957,7301.0,298,962,12000.0,0.0,pending,Wedding,2022-08-16,Corporate,Tataouine,Tunisie,5,0.0,0.0,100.0,200.0,Hotel
11042,8173.0,239,4101,25000.0,0.0,cancelled,Wedding,2024-02-22,Wedding,Gafsa,Tunisie,5,0.0,0.0,100.0,200.0,Hotel
268,10875.0,42,3577,24000.0,0.0,cancelled,Wedding,2023-01-12,Birthday,Ariana,Tunisie,5,0.0,0.0,200.0,400.0,Venues de mariage privées
13350,10033.0,229,3480,24000.0,16.0,pending,Corporate Event,2024-05-31,Wedding,Monastir,Tunisie,1,0.0,0.0,200.0,500.0,Hotel
17192,14320.0,229,3480,25000.0,7.0,pending,Wedding,2024-02-12,Wedding,Nabeul,Tunisie,1,0.0,0.0,300.0,500.0,Venues de mariage privées
13508,60480.0,202,1983,19000.0,0.0,pending,Corporate Event,2022-03-15,Birthday,Sousse,Tunisie,2,0.0,0.0,300.0,500.0,Venues de mariage privées
14896,9802.0,203,1258,19000.0,7.0,cancelled,Wedding,2025-10-24,Corporate,Zaghouan,Tunisie,2,0.0,0.0,100.0,200.0,Hotel
16453,2870.0,203,1258,22000.0,0.0,confirmed,Wedding,2024-09-04,Corporate,Siliana,Tunisie,1,0.0,0.0,200.0,400.0,Venues de mariage privées
4761,12857.0,298,962,26000.0,5.0,confirmed,Corporate Event,2025-11-07,Corporate,Gafsa,Tunisie,2,0.0,0.0,100.0,200.0,Hotel
12805,1112.0,203,1417,20000.0,5.0,confirmed,Birthday,2022-12-13,Corporate,Tozeur,Tunisie,1,0.0,0.0,300.0,500.0,Venues de mariage privées
16084,11652.0,239,4101,22000.0,0.0,pending,Wedding,2022-11-17,Wedding,Kasserine,Tunisie,2,0.0,0.0,200.0,400.0,Venues de mariage privées
4354,4994.0,126,4896,25000.0,16.0,cancelled,Birthday,2023-07-30,Wedding,Manouba,Tunisie,3,0.0,0.0,200.0,400.0,Venues de mariage privées
16896,11097.0,203,1258,12000.0,10.0,pending,Corporate Event,2025-09-07,Birthday,Nabeul,Tunisie,4,0.0,0.0,300.0,500.0,Venues de mariage privées
6307,14107.0,155,66,23000.0,0.0,pending,Corporate Event,2025-11-18,Corporate,Siliana,Tunisie,5,0.0,0.0,200.0,400.0,Venues de mariage privées
3503,1994.0,298,962,15000.0,16.0,pending,Corporate Event,2023-03-05,Wedding,Siliana,Tunisie,5,0.0,0.0,200.0,400.0,Venues de mariage privées
9072,4963.0,229,3480,12000.0,6.0,cancelled,Corporate Event,2023-01-22,Corporate,Mahdia,Tunisie,3,0.0,0.0,200.0,400.0,Venues de mariage privées
5903,5525.0,298,962,12000.0,18.0,cancelled,Corporate Event,2025-06-19,Birthday,Manouba,Tunisie,3,0.0,0.0,200.0,400.0,Venues de mariage privées
951,5660.0,203,1417,15000.0,2.0,cancelled,Wedding,2025-02-26,Wedding,Sidi Bouzid,Tunisie,5,0.0,0.0,200.0,400.0,Venues de mariage privées
10273,10899.0,252,1608,13000.0,2.0,confirmed,Corporate Event,2023-12-29,Birthday,Ben Arous,Tunisie,3,0.0,0.0,200.0,400.0,Venues de mariage privées
12545,105670.0,155,66,23000.0,0.0,cancelled,Wedding,2023-06-21,Wedding,Sfax,Tunisie,4,0.0,0.0,200.0,500.0,Hotel
5892,8931.0,42,3577,23000.0,14.0,pending,Birthday,2025-05-01,Corporate,Nabeul,Tunisie,4,0.0,0.0,300.0,500.0,Venues de mariage privées
1255,8223.0,229,3480,23000.0,4.0,cancelled,Corporate Event,2023-09-25,Wedding,Zaghouan,Tunisie,3,0.0,0.0,100.0,200.0,Hotel
10891,12008.0,252,1608,22000.0,5.0,confirmed,Birthday,2024-09-27,Wedding,Sousse,Tunisie,3,0.0,0.0,300.0,500.0,Venues de mariage privées
4720,5380.0,298,962,22000.0,7.0,pending,Birthday,2023-04-24,Wedding,Nabeul,Tunisie,4,0.0,0.0,300.0,500.0,Venues de mariage privées
13991,5053.0,42,3577,23000.0,15.0,cancelled,Birthday,2025-06-19,Corporate,Ben Arous,Tunisie,2,0.0,0.0,200.0,400.0,Venues de mariage privées
15664,3581.0,202,1983,17000.0,0.0,confirmed,Wedding,2023-12-13,Birthday,Tozeur,Tunisie,4,0.0,0.0,300.0,500.0,Venues de mariage privées
16671,11985.0,203,1417,15000.0,9.0,pending,Wedding,2024-09-12,Corporate,Sousse,Tunisie,3,0.0,0.0,300.0,500.0,Venues de mariage privées
10336,3357.0,42,3577,22000.0,10.0,cancelled,Wedding,2022-01-08,Wedding,Ariana,Tunisie,3,0.0,0.0,200.0,400.0,Venues de mariage privées
14749,8354.0,42,3577,12000.0,5.0,cancelled,Birthday,2024-10-17,Corporate,Tozeur,Tunisie,1,0.0,0.0,300.0,500.0,Venues de mariage privées
4939,10262.0,229,3480,17000.0,0.0,pending,Corporate Event,2024-10-21,Birthday,Ariana,Tunisie,1,0.0,0.0,200.0,400.0,Venues de mariage privées
11327,9443.0,252,1608,20000.0,3.0,pending,Wedding,2023-08-27,Wedding,Sidi Bouzid,Tunisie,5,0.0,0.0,200.0,400.0,Venues de mariage privées
11911,14902.0,229,3480,15000.0,2.0,cancelled,Birthday,2022-04-23,Wedding,Siliana,Tunisie,5,0.0,0.0,200.0,400.0,Venues de mariage privées
11994,8538.0,249,22215,19000.0,0.0,confirmed,Corporate Event,2024-05-11,Wedding,Tataouine,Tunisie,3,0.0,0.0,100.0,200.0,Hotel
12836,1854.0,239,4101,25000.0,0.0,confirmed,Wedding,2022-01-23,Birthday,Siliana,Tunisie,2,0.0,0.0,200.0,400.0,Venues de mariage privées
4553,12984.0,298,962,19000.0,0.0,cancelled,Wedding,2022-07-05,Birthday,Siliana,Tunisie,4,0.0,0.0,200.0,400.0,Venues de mariage privées
11900,14309.0,252,1608,25000.0,8.0,confirmed,Wedding,2025-04-22,Wedding,Zaghouan,Tunisie,3,0.0,0.0,100.0,200.0,Hotel
17323,6432.0,202,1983,22000.0,20.0,pending,Birthday,2022-07-19,Wedding,Tunis,Tunisie,1,0.0,0.0,300.0,500.0,Hotel
5563,4263.0,176,3661,12000.0,0.0,pending,Birthday,2025-03-05,Wedding,Tozeur,Tunisie,2,0.0,0.0,300.0,500.0,Venues de mariage privées
10151,140240.0,252,1608,13000.0,2.0,confirmed,Birthday,2024-01-11,Birthday,Monastir,Tunisie,3,0.0,0.0,200.0,500.0,Hotel
2695,4611.0,239,4101,19000.0,7.0,confirmed,Wedding,2025-11-19,Birthday,Tataouine,Tunisie,4,0.0,0.0,100.0,200.0,Hotel
3578,116990.0,155,66,19000.0,14.0,cancelled,Birthday,2025-05-11,Wedding,Ariana,Tunisie,4,0.0,0.0,200.0,400.0,Venues de mariage privées
71,327.0,203,1417,13000.0,0.0,cancelled,Wedding,2025-01-04,Birthday,Mahdia,Tunisie,2,0.0,0.0,200.0,400.0,Venues de mariage privées
14694,5690.0,203,1417,22000.0,3.0,cancelled,Birthday,2025-03-12,Corporate,Sidi Bouzid,Tunisie,4,0.0,0.0,200.0,400.0,Venues de mariage privées
4981,13032.0,249,22215,12000.0,0.0,confirmed,Corporate Event,2024-01-04,Wedding,Kasserine,Tunisie,1,0.0,0.0,200.0,400.0,Venues de mariage privées
9925,2580.0,239,4101,19000.0,7.0,confirmed,Corporate Event,2025-11-13,Wedding,Jendouba,Tunisie,4,0.0,0.0,100.0,200.0,Hotel
13858,5876.0,202,1983,22000.0,9.0,cancelled,Wedding,2025-10-14,Wedding,Kairouan,Tunisie,1,0.0,0.0,300.0,500.0,Venues de mariage privées
10938,3330.0,155,66,20000.0,0.0,cancelled,Birthday,2024-11-10,Birthday,Tunis,Tunisie,1,0.0,0.0,300.0,500.0,Hotel
17039,3331.0,298,962,12000.0,0.0,pending,Corporate Event,2023-06-14,Birthday,Ariana,Tunisie,2,0.0,0.0,200.0,400.0,Venues de mariage privées
535,14278.0,203,1417,12000.0,18.0,cancelled,Birthday,2022-08-18,Birthday,Manouba,Tunisie,4,0.0,0.0,200.0,400.0,Venues de mariage privées
8607,9135.0,203,1258,26000.0,1.0,confirmed,Corporate Event,2024-05-10,Wedding,Tataouine,Tunisie,2,0.0,0.0,100.0,200.0,Hotel
13893,3482.0,203,1258,26000.0,7.0,pending,Corporate Event,2024-09-11,Wedding,Jendouba,Tunisie,5,0.0,0.0,100.0,200.0,Hotel
17571,8149.0,176,3661,12000.0,3.0,cancelled,Wedding,2023-10-08,Corporate,Sidi Bouzid,Tunisie,4,0.0,0.0,200.0,400.0,Venues de mariage privées
16940,1259.0,252,1608,24000.0,0.0,cancelled,Wedding,2024-05-06,Birthday,Ariana,Tunisie,2,0.0,0.0,200.0,400.0,Venues de mariage privées
17505,5001.0,155,66,12000.0,20.0,cancelled,Birthday,2022-09-02,Wedding,Tunis,Tunisie,4,0.0,0.0,300.0,500.0,Hotel
13869,9091.0,202,1983,25000.0,7.0,pending,Wedding,2022-08-16,Wedding,Jendouba,Tunisie,3,0.0,0.0,100.0,200.0,Hotel
4065,11396.0,155,66,17000.0,16.0,confirmed,Birthday,2022-05-04,Wedding,Siliana,Tunisie,5,0.0,0.0,200.0,400.0,Venues de mariage privées
14536,9243.0,252,1608,24000.0,13.0,confirmed,Corporate Event,2022-02-23,Corporate,Manouba,Tunisie,3,0.0,0.0,200.0,400.0,Venues de mariage privées
3389,9965.0,42,3577,15000.0,4.0,cancelled,Birthday,2024-03-25,Birthday,Bizerte,Tunisie,3,0.0,0.0,300.0,500.0,Venues de mariage privées
6660,14915.0,252,1608,24000.0,0.0,cancelled,Corporate Event,2024-08-03,Birthday,Jendouba,Tunisie,5,0.0,0.0,100.0,200.0,Hotel
3408,6611.0,239,4101,24000.0,4.0,cancelled,Birthday,2023-11-19,Wedding,Zaghouan,Tunisie,3,0.0,0.0,100.0,200.0,Hotel
13809,4395.0,176,3661,15000.0,2.0,pending,Wedding,2023-01-22,Wedding,Siliana,Tunisie,2,0.0,0.0,200.0,400.0,Venues de mariage privées
14140,384.0,239,4101,24000.0,2.0,confirmed,Birthday,2024-12-06,Wedding,Nabeul,Tunisie,4,0.0,0.0,300.0,500.0,Venues de mariage privées
8595,2219.0,202,1983,21000.0,10.0,cancelled,Corporate Event,2025-10-06,Birthday,Nabeul,Tunisie,1,0.0,0.0,300.0,500.0,Venues de mariage privées
4115,76120.0,203,1258,20000.0,0.0,cancelled,Corporate Event,2025-09-23,Birthday,Gafsa,Tunisie,4,0.0,0.0,100.0,200.0,Hotel
9162,2412.0,229,3480,12000.0,20.0,pending,Birthday,2023-10-26,Wedding,Tunis,Tunisie,2,0.0,0.0,300.0,500.0,Hotel
3220,507.0,126,4896,13000.0,14.0,confirmed,Wedding,2024-09-03,Corporate,Nabeul,Tunisie,3,0.0,0.0,300.0,500.0,Venues de mariage privées
670,10659.0,203,1258,12000.0,7.0,cancelled,Wedding,2023-04-27,Wedding,Nabeul,Tunisie,3,0.0,0.0,300.0,500.0,Venues de mariage privées
4696,6008.0,239,4101,13000.0,8.0,confirmed,Birthday,2022-11-12,Wedding,Zaghouan,Tunisie,5,0.0,0.0,100.0,200.0,Hotel
7882,9169.0,155,66,15000.0,2.0,confirmed,Birthday,2023-07-07,Wedding,Siliana,Tunisie,3,0.0,0.0,200.0,400.0,Venues de mariage privées
258,7554.0,202,1983,20000.0,16.0,cancelled,Corporate Event,2022-01-23,Wedding,Siliana,Tunisie,1,0.0,0.0,200.0,400.0,Venues de mariage privées
13257,6072.0,252,1608,15000.0,5.0,confirmed,Birthday,2024-10-08,Wedding,Sousse,Tunisie,2,0.0,0.0,300.0,500.0,Venues de mariage privées
2582,10047.0,229,3480,19000.0,4.0,confirmed,Corporate Event,2024-05-30,Wedding,Zaghouan,Tunisie,2,0.0,0.0,100.0,200.0,Hotel
10180,13954.0,126,4896,25000.0,9.0,pending,Birthday,2025-12-09,Wedding,Kairouan,Tunisie,5,0.0,0.0,300.0,500.0,Venues de mariage privées
13183,2880.0,239,4101,26000.0,0.0,pending,Wedding,2022-05-11,Birthday,Tunis,Tunisie,1,0.0,0.0,300.0,500.0,Hotel
6755,13045.0,126,4896,20000.0,7.0,cancelled,Wedding,2023-12-15,Wedding,Jendouba,Tunisie,4,0.0,0.0,100.0,200.0,Hotel
9355,4240.0,176,3661,25000.0,16.0,confirmed,Wedding,2023-05-06,Wedding,Siliana,Tunisie,2,0.0,0.0,200.0,400.0,Venues de mariage privées
13058,11437.0,298,962,19000.0,3.0,confirmed,Corporate Event,2022-07-16,Wedding,Sidi Bouzid,Tunisie,4,0.0,0.0,200.0,400.0,Venues de mariage privées
9729,14008.0,298,962,20000.0,2.0,pending,Birthday,2025-02-07,Wedding,Bizerte,Tunisie,2,0.0,0.0,300.0,500.0,Venues de mariage privées
1355,8159.0,42,3577,17000.0,7.0,pending,Wedding,2024-08-06,Birthday,Kairouan,Tunisie,2,0.0,0.0,300.0,500.0,Venues de mariage privées
6423,44830.0,126,4896,22000.0,8.0,cancelled,Birthday,2022-12-29,Wedding,Bizerte,Tunisie,4,0.0,0.0,300.0,500.0,Venues de mariage privées
12302,11261.0,126,4896,13000.0,6.0,pending,Wedding,2023-08-27,Corporate,Bizerte,Tunisie,2,0.0,0.0,300.0,500.0,Venues de mariage privées
17964,43120.0,298,962,22000.0,0.0,cancelled,Birthday,2022-03-01,Wedding,Tozeur,Tunisie,4,0.0,0.0,300.0,500.0,Venues de mariage privées
2136,542.0,229,3480,17000.0,0.0,pending,Birthday,2023-06-20,Wedding,Gafsa,Tunisie,5,0.0,0.0,100.0,200.0,Hotel
10873,14073.0,229,3480,23000.0,6.0,pending,Birthday,2022-12-15,Corporate,Mahdia,Tunisie,3,0.0,0.0,200.0,400.0,Venues de mariage privées
792,11216.0,176,3661,26000.0,0.0,pending,Wedding,2022-01-13,Birthday,Ariana,Tunisie,3,0.0,0.0,200.0,400.0,Venues de mariage privées
6602,447.0,239,4101,17000.0,5.0,confirmed,Birthday,2024-10-29,Corporate,Gafsa,Tunisie,4,0.0,0.0,100.0,200.0,Hotel
1403,278.0,249,22215,12000.0,10.0,pending,Wedding,2022-06-30,Birthday,Sfax,Tunisie,1,0.0,0.0,200.0,500.0,Hotel
5624,5321.0,202,1983,13000.0,7.0,cancelled,Birthday,2024-08-10,Wedding,Nabeul,Tunisie,4,0.0,0.0,300.0,500.0,Venues de mariage privées
8193,5194.0,252,1608,23000.0,4.0,pending,Wedding,2025-07-28,Corporate,Tunis,Tunisie,4,0.0,0.0,300.0,500.0,Hotel
17136,13719.0,126,4896,12000.0,20.0,pending,Birthday,2024-11-24,Wedding,Manouba,Tunisie,5,0.0,0.0,200.0,400.0,Venues de mariage privées
9489,6088.0,249,22215,20000.0,16.0,cancelled,Corporate Event,2022-10-13,Wedding,Monastir,Tunisie,5,0.0,0.0,200.0,500.0,Hotel
9225,11059.0,176,3661,15000.0,3.0,pending,Wedding,2025-12-23,Birthday,Zaghouan,Tunisie,3,0.0,0.0,100.0,200.0,Hotel
16632,11270.0,239,4101,22000.0,5.0,pending,Birthday,2025-12-06,Corporate,Kairouan,Tunisie,5,0.0,0.0,300.0,500.0,Venues de mariage privées
8073,5380.0,252,1608,26000.0,7.0,confirmed,Wedding,2022-12-26,Birthday,Kairouan,Tunisie,5,0.0,0.0,300.0,500.0,Venues de mariage privées
2908,13734.0,202,1983,23000.0,20.0,cancelled,Corporate Event,2023-10-19,Wedding,Tunis,Tunisie,5,0.0,0.0,300.0,500.0,Hotel
11306,13923.0,298,962,12000.0,7.0,confirmed,Birthday,2022-09-05,Wedding,Nabeul,Tunisie,4,0.0,0.0,300.0,500.0,Venues de mariage privées
12769,10419.0,249,22215,15000.0,2.0,confirmed,Birthday,2025-08-05,Wedding,Bizerte,Tunisie,1,0.0,0.0,300.0,500.0,Venues de mariage privées
10797,9296.0,252,1608,21000.0,10.0,confirmed,Birthday,2025-03-12,Corporate,Jendouba,Tunisie,3,0.0,0.0,100.0,200.0,Hotel
14988,10167.0,202,1983,23000.0,2.0,confirmed,Corporate Event,2025-09-28,Wedding,Mahdia,Tunisie,2,0.0,0.0,200.0,400.0,Venues de mariage privées
1,1454.0,176,3661,25000.0,0.0,pending,Corporate Event,2024-10-20,Birthday,Tozeur,Tunisie,5,0.0,0.0,300.0,500.0,Venues de mariage privées
10288,11164.0,203,1258,12000.0,10.0,cancelled,Wedding,2023-03-27,Wedding,Kasserine,Tunisie,3,0.0,0.0,200.0,400.0,Venues de mariage privées
4919,4699.0,202,1983,26000.0,2.0,cancelled,Wedding,2022-06-12,Wedding,Mahdia,Tunisie,2,0.0,0.0,200.0,400.0,Venues de mariage privées
6249,2123.0,155,66,17000.0,9.0,confirmed,Birthday,2025-06-13,Wedding,Kairouan,Tunisie,4,0.0,0.0,300.0,500.0,Venues de mariage privées
14282,3221.0,202,1983,13000.0,5.0,confirmed,Birthday,2023-11-16,Corporate,Gafsa,Tunisie,3,0.0,0.0,100.0,200.0,Hotel
1353,101250.0,239,4101,17000.0,5.0,confirmed,Birthday,2024-09-04,Corporate,Kairouan,Tunisie,1,0.0,0.0,300.0,500.0,Venues de mariage privées
11696,9589.0,252,1608,21000.0,4.0,cancelled,Corporate Event,2024-10-12,Wedding,Ben Arous,Tunisie,3,0.0,0.0,200.0,400.0,Venues de mariage privées
293,3468.0,203,1258,25000.0,18.0,cancelled,Birthday,2023-01-14,Birthday,Manouba,Tunisie,2,0.0,0.0,200.0,400.0,Venues de mariage privées
4534,6789.0,203,1417,22000.0,2.0,confirmed,Birthday,2024-05-17,Wedding,Nabeul,Tunisie,1,0.0,0.0,300.0,500.0,Venues de mariage privées
5251,11183.0,298,962,19000.0,5.0,cancelled,Wedding,2023-05-03,Corporate,Tozeur,Tunisie,5,0.0,0.0,300.0,500.0,Venues de mariage privées
16025,3719.0,126,4896,23000.0,2.0,cancelled,Corporate Event,2022-10-01,Wedding,Mahdia,Tunisie,4,0.0,0.0,200.0,400.0,Venues de mariage privées
10862,12133.0,252,1608,25000.0,5.0,pending,Wedding,2023-08-17,Corporate,Gafsa,Tunisie,5,0.0,0.0,100.0,200.0,Hotel
399,12652.0,202,1983,26000.0,7.0,cancelled,Corporate Event,2023-01-11,Birthday,Tataouine,Tunisie,1,0.0,0.0,100.0,200.0,Hotel
14345,2873.0,298,962,24000.0,13.0,pending,Birthday,2024-09-05,Corporate,Manouba,Tunisie,5,0.0,0.0,200.0,400.0,Venues de mariage privées
15143,7692.0,203,1417,15000.0,2.0,cancelled,Wedding,2023-04-07,Wedding,Nabeul,Tunisie,3,0.0,0.0,300.0,500.0,Venues de mariage privées
1898,9344.0,229,3480,25000.0,0.0,pending,Birthday,2024-04-10,Wedding,Kasserine,Tunisie,5,0.0,0.0,200.0,400.0,Venues de mariage privées
16278,9273.0,42,3577,19000.0,3.0,pending,Corporate Event,2025-02-12,Wedding,Sidi Bouzid,Tunisie,2,0.0,0.0,200.0,400.0,Venues de mariage privées
136,2828.0,155,66,21000.0,20.0,confirmed,Wedding,2025-05-15,Wedding,Tunis,Tunisie,1,0.0,0.0,300.0,500.0,Hotel
1456,11820.0,229,3480,20000.0,0.0,pending,Birthday,2024-07-20,Wedding,Tozeur,Tunisie,2,0.0,0.0,300.0,500.0,Venues de mariage privées
12590,12201.0,155,66,13000.0,3.0,cancelled,Corporate Event,2025-11-09,Wedding,Monastir,Tunisie,3,0.0,0.0,200.0,500.0,Hotel
8578,12597.0,298,962,19000.0,8.0,confirmed,Corporate Event,2023-01-15,Wedding,Zaghouan,Tunisie,3,0.0,0.0,100.0,200.0,Hotel
7479,12403.0,202,1983,13000.0,5.0,confirmed,Corporate Event,2025-10-26,Corporate,Gafsa,Tunisie,5,0.0,0.0,100.0,200.0,Hotel
617,10361.0,249,22215,15000.0,0.0,cancelled,Birthday,2025-12-02,Birthday,Jendouba,Tunisie,2,0.0,0.0,100.0,200.0,Hotel
16526,3952.0,202,1983,21000.0,10.0,pending,Wedding,2024-03-29,Birthday,Nabeul,Tunisie,1,0.0,0.0,300.0,500.0,Venues de mariage privées
911,13530.0,155,66,22000.0,2.0,confirmed,Corporate Event,2024-11-21,Birthday,Monastir,Tunisie,3,0.0,0.0,200.0,500.0,Hotel
1012,5720.0,126,4896,24000.0,0.0,cancelled,Wedding,2025-08-21,Birthday,Tunis,Tunisie,2,0.0,0.0,300.0,500.0,Hotel
12900,11514.0,249,22215,15000.0,0.0,pending,Corporate Event,2022-05-19,Wedding,Tozeur,Tunisie,5,0.0,0.0,300.0,500.0,Venues de mariage privées
9027,11115.0,252,1608,15000.0,20.0,pending,Wedding,2022-05-22,Wedding,Manouba,Tunisie,1,0.0,0.0,200.0,400.0,Venues de mariage privées
12645,9634.0,239,4101,15000.0,2.0,confirmed,Corporate Event,2024-10-17,Wedding,Jendouba,Tunisie,4,0.0,0.0,100.0,200.0,Hotel
16611,13620.0,176,3661,24000.0,2.0,confirmed,Birthday,2025-11-12,Wedding,Jendouba,Tunisie,1,0.0,0.0,100.0,200.0,Hotel
5014,9392.0,155,66,17000.0,8.0,cancelled,Corporate Event,2025-12-18,Wedding,Bizerte,Tunisie,3,0.0,0.0,300.0,500.0,Venues de mariage privées
1144,557.0,203,1417,13000.0,2.0,pending,Birthday,2024-12-29,Wedding,Sidi Bouzid,Tunisie,2,0.0,0.0,200.0,400.0,Venues de mariage privées
14115,953.0,203,1258,20000.0,7.0,pending,Birthday,2025-10-24,Birthday,Tataouine,Tunisie,4,0.0,0.0,100.0,200.0,Hotel
17243,4477.0,298,962,15000.0,9.0,pending,Birthday,2024-05-08,Corporate,Kasserine,Tunisie,5,0.0,0.0,200.0,400.0,Venues de mariage privées
5103,9450.0,176,3661,13000.0,14.0,confirmed,Corporate Event,2023-09-03,Corporate,Nabeul,Tunisie,2,0.0,0.0,300.0,500.0,Venues de mariage privées
14092,9424.0,203,1417,13000.0,0.0,pending,Birthday,2023-04-25,Wedding,Tozeur,Tunisie,3,0.0,0.0,300.0,500.0,Venues de mariage privées
17441,11783.0,126,4896,13000.0,20.0,cancelled,Corporate Event,2023-06-24,Wedding,Manouba,Tunisie,1,0.0,0.0,200.0,400.0,Venues de mariage privées
12459,11361.0,176,3661,19000.0,0.0,pending,Wedding,2023-05-05,Birthday,Gafsa,Tunisie,2,0.0,0.0,100.0,200.0,Hotel
990,11839.0,203,1258,24000.0,0.0,confirmed,Birthday,2023-11-29,Birthday,Tozeur,Tunisie,5,0.0,0.0,300.0,500.0,Venues de mariage privées
17438,6389.0,298,962,22000.0,14.0,cancelled,Wedding,2024-05-10,Corporate,Nabeul,Tunisie,4,0.0,0.0,300.0,500.0,Venues de mariage privées
10937,35750.0,252,1608,20000.0,3.0,confirmed,Wedding,2023-06-01,Wedding,Monastir,Tunisie,5,0.0,0.0,200.0,500.0,Hotel
2543,359.0,203,1417,20000.0,0.0,confirmed,Corporate Event,2024-02-25,Birthday,Jendouba,Tunisie,3,0.0,0.0,100.0,200.0,Hotel
3851,2867.0,203,1417,24000.0,2.0,pending,Wedding,2024-07-05,Wedding,Siliana,Tunisie,3,0.0,0.0,200.0,400.0,Venues de mariage privées
9724,11377.0,252,1608,13000.0,20.0,pending,Corporate Event,2024-05-06,Wedding,Tunis,Tunisie,4,0.0,0.0,300.0,500.0,Hotel
3676,958.0,176,3661,23000.0,1.0,cancelled,Birthday,2022-01-12,Wedding,Tataouine,Tunisie,2,0.0,0.0,100.0,200.0,Hotel
2508,1057.0,249,22215,17000.0,0.0,pending,Corporate Event,2022-12-21,Birthday,Tozeur,Tunisie,1,0.0,0.0,300.0,500.0,Venues de mariage privées
11364,4782.0,42,3577,20000.0,0.0,confirmed,Wedding,2022-10-07,Corporate,Tataouine,Tunisie,4,0.0,0.0,100.0,200.0,Hotel
1653,13961.0,176,3661,26000.0,7.0,pending,Birthday,2022-05-19,Birthday,Kairouan,Tunisie,2,0.0,0.0,300.0,500.0,Venues de mariage privées
8007,14858.0,42,3577,23000.0,0.0,confirmed,Corporate Event,2023-12-21,Birthday,Jendouba,Tunisie,1,0.0,0.0,100.0,200.0,Hotel
7373,5386.0,298,962,19000.0,0.0,pending,Birthday,2025-04-13,Wedding,Kasserine,Tunisie,4,0.0,0.0,200.0,400.0,Venues de mariage privées
6562,1445.0,126,4896,25000.0,4.0,confirmed,Corporate Event,2024-08-28,Corporate,Tunis,Tunisie,4,0.0,0.0,300.0,500.0,Hotel
8119,2336.0,155,66,19000.0,7.0,pending,Wedding,2024-05-22,Wedding,Jendouba,Tunisie,1,0.0,0.0,100.0,200.0,Hotel
16204,11508.0,202,1983,23000.0,0.0,confirmed,Wedding,2022-09-30,Birthday,Mahdia,Tunisie,4,0.0,0.0,200.0,400.0,Venues de mariage privées
15512,299.0,202,1983,26000.0,3.0,cancelled,Birthday,2022-05-19,Corporate,Sfax,Tunisie,5,0.0,0.0,200.0,500.0,Hotel
2853,5882.0,42,3577,12000.0,10.0,confirmed,Wedding,2025-01-21,Birthday,Nabeul,Tunisie,3,0.0,0.0,300.0,500.0,Venues de mariage privées
10965,8932.0,126,4896,26000.0,0.0,cancelled,Corporate Event,2024-01-23,Wedding,Kasserine,Tunisie,1,0.0,0.0,200.0,400.0,Venues de mariage privées
14673,5930.0,229,3480,19000.0,2.0,confirmed,Corporate Event,2023-03-25,Wedding,Mahdia,Tunisie,4,0.0,0.0,200.0,400.0,Venues de mariage privées
7895,2721.0,239,4101,24000.0,2.0,confirmed,Corporate Event,2022-12-20,Wedding,Sidi Bouzid,Tunisie,4,0.0,0.0,200.0,400.0,Venues de mariage privées
15086,12769.0,229,3480,25000.0,2.0,pending,Wedding,2022-01-29,Wedding,Mahdia,Tunisie,4,0.0,0.0,200.0,400.0,Venues de mariage privées
11980,5835.0,155,66,26000.0,14.0,confirmed,Corporate Event,2022-07-11,Corporate,Nabeul,Tunisie,4,0.0,0.0,300.0,500.0,Venues de mariage privées
14738,10130.0,203,1417,17000.0,10.0,pending,Corporate Event,2023-04-02,Birthday,Nabeul,Tunisie,2,0.0,0.0,300.0,500.0,Venues de mariage privées
9715,4611.0,202,1983,21000.0,3.0,confirmed,Corporate Event,2022-06-17,Wedding,Sidi Bouzid,Tunisie,3,0.0,0.0,200.0,400.0,Venues de mariage privées
5422,11708.0,126,4896,26000.0,5.0,cancelled,Corporate Event,2023-04-23,Wedding,Sousse,Tunisie,2,0.0,0.0,300.0,500.0,Venues de mariage privées
15960,9341.0,298,962,22000.0,0.0,cancelled,Birthday,2022-05-08,Birthday,Ariana,Tunisie,5,0.0,0.0,200.0,400.0,Venues de mariage privées
13588,2351.0,298,962,17000.0,2.0,cancelled,Wedding,2022-12-03,Wedding,Bizerte,Tunisie,5,0.0,0.0,300.0,500.0,Venues de mariage privées
14196,10858.0,203,1258,24000.0,20.0,cancelled,Birthday,2024-10-23,Wedding,Manouba,Tunisie,3,0.0,0.0,200.0,400.0,Venues de mariage privées
10941,14346.0,176,3661,25000.0,7.0,pending,Corporate Event,2023-01-09,Birthday,Kairouan,Tunisie,5,0.0,0.0,300.0,500.0,Venues de mariage privées
16924,1271.0,249,22215,13000.0,7.0,cancelled,Corporate Event,2025-04-16,Wedding,Nabeul,Tunisie,1,0.0,0.0,300.0,500.0,Venues de mariage privées
17991,7948.0,203,1417,23000.0,3.0,pending,Birthday,2025-08-29,Wedding,Sidi Bouzid,Tunisie,1,0.0,0.0,200.0,400.0,Venues de mariage privées
9782,434.0,252,1608,21000.0,18.0,cancelled,Birthday,2023-03-13,Birthday,Manouba,Tunisie,4,0.0,0.0,200.0,400.0,Venues de mariage privées
552,14224.0,202,1983,25000.0,2.0,pending,Birthday,2024-12-17,Wedding,Jendouba,Tunisie,5,0.0,0.0,100.0,200.0,Hotel
11685,768.0,176,3661,25000.0,4.0,cancelled,Corporate Event,2024-10-09,Wedding,Kairouan,Tunisie,4,0.0,0.0,300.0,500.0,Venues de mariage privées
2234,13873.0,203,1258,13000.0,0.0,cancelled,Wedding,2025-06-14,Wedding,Tozeur,Tunisie,1,0.0,0.0,300.0,500.0,Venues de mariage privées
9540,83500.0,298,962,20000.0,9.0,cancelled,Wedding,2023-09-05,Wedding,Kairouan,Tunisie,2,0.0,0.0,300.0,500.0,Venues de mariage privées
14642,8546.0,239,4101,12000.0,20.0,pending,Wedding,2025-04-19,Wedding,Tunis,Tunisie,2,0.0,0.0,300.0,500.0,Hotel
5863,3973.0,176,3661,26000.0,2.0,confirmed,Wedding,2025-05-02,Wedding,Sidi Bouzid,Tunisie,2,0.0,0.0,200.0,400.0,Venues de mariage privées
11351,4370.0,155,66,19000.0,4.0,confirmed,Wedding,2025-01-04,Corporate,Tunis,Tunisie,5,0.0,0.0,300.0,500.0,Hotel
14494,1693.0,229,3480,12000.0,20.0,cancelled,Birthday,2025-09-13,Wedding,Tunis,Tunisie,1,0.0,0.0,300.0,500.0,Hotel
2534,8294.0,155,66,19000.0,0.0,confirmed,Corporate Event,2022-06-22,Wedding,Sfax,Tunisie,5,0.0,0.0,200.0,500.0,Hotel
15353,13047.0,229,3480,22000.0,2.0,cancelled,Wedding,2024-12-29,Birthday,Monastir,Tunisie,2,0.0,0.0,200.0,500.0,Hotel
3726,599.0,42,3577,19000.0,5.0,pending,Corporate Event,2025-11-16,Corporate,Gafsa,Tunisie,1,0.0,0.0,100.0,200.0,Hotel
12427,8829.0,126,4896,26000.0,9.0,cancelled,Wedding,2023-01-22,Wedding,Kairouan,Tunisie,3,0.0,0.0,300.0,500.0,Venues de mariage privées
12055,5723.0,229,3480,21000.0,0.0,cancelled,Wedding,2025-02-12,Birthday,Mahdia,Tunisie,1,0.0,0.0,200.0,400.0,Venues de mariage privées
2469,5861.0,126,4896,23000.0,0.0,pending,Corporate Event,2025-07-01,Birthday,Mahdia,Tunisie,3,0.0,0.0,200.0,400.0,Venues de mariage privées
12865,14511.0,176,3661,24000.0,4.0,cancelled,Birthday,2025-09-22,Corporate,Tunis,Tunisie,1,0.0,0.0,300.0,500.0,Hotel
5619,8000.0,203,1258,22000.0,10.0,pending,Birthday,2022-05-24,Wedding,Ariana,Tunisie,3,0.0,0.0,200.0,400.0,Venues de mariage privées
961,9185.0,203,1417,24000.0,0.0,pending,Wedding,2022-10-24,Birthday,Jendouba,Tunisie,4,0.0,0.0,100.0,200.0,Hotel
10172,2369.0,229,3480,21000.0,0.0,confirmed,Birthday,2024-08-16,Birthday,Tozeur,Tunisie,4,0.0,0.0,300.0,500.0,Venues de mariage privées
550,515.0,249,22215,15000.0,0.0,cancelled,Corporate Event,2023-10-27,Wedding,Gafsa,Tunisie,5,0.0,0.0,100.0,200.0,Hotel
4642,2637.0,176,3661,15000.0,10.0,cancelled,Corporate Event,2024-05-13,Wedding,Ariana,Tunisie,3,0.0,0.0,200.0,400.0,Venues de mariage privées
11204,419.0,249,22215,24000.0,20.0,pending,Birthday,2023-09-15,Wedding,Tunis,Tunisie,1,0.0,0.0,300.0,500.0,Hotel
13310,13956.0,239,4101,17000.0,4.0,pending,Corporate Event,2025-09-29,Wedding,Kairouan,Tunisie,1,0.0,0.0,300.0,500.0,Venues de mariage privées
8281,6101.0,252,1608,19000.0,4.0,cancelled,Birthday,2023-09-21,Wedding,Kairouan,Tunisie,3,0.0,0.0,300.0,500.0,Venues de mariage privées
16193,13104.0,202,1983,15000.0,0.0,cancelled,Corporate Event,2024-05-22,Wedding,Sfax,Tunisie,5,0.0,0.0,200.0,500.0,Hotel
7194,12825.0,229,3480,23000.0,6.0,cancelled,Wedding,2024-04-28,Corporate,Bizerte,Tunisie,3,0.0,0.0,300.0,500.0,Venues de mariage privées
11361,14215.0,252,1608,15000.0,10.0,pending,Corporate Event,2023-02-09,Birthday,Nabeul,Tunisie,3,0.0,0.0,300.0,500.0,Venues de mariage privées
9598,12426.0,249,22215,24000.0,5.0,pending,Corporate Event,2022-06-13,Corporate,Gafsa,Tunisie,1,0.0,0.0,100.0,200.0,Hotel
4321,7506.0,42,3577,12000.0,0.0,cancelled,Wedding,2024-05-07,Birthday,Sousse,Tunisie,1,0.0,0.0,300.0,500.0,Venues de mariage privées
4791,11696.0,155,66,25000.0,0.0,cancelled,Corporate Event,2024-05-29,Birthday,Sidi Bouzid,Tunisie,4,0.0,0.0,200.0,400.0,Venues de mariage privées
10491,37660.0,202,1983,17000.0,0.0,pending,Corporate Event,2023-01-03,Birthday,Ariana,Tunisie,5,0.0,0.0,200.0,400.0,Venues de mariage privées
12734,14984.0,239,4101,19000.0,0.0,confirmed,Corporate Event,2023-08-10,Wedding,Gafsa,Tunisie,5,0.0,0.0,100.0,200.0,Hotel
6563,10473.0,203,1417,24000.0,14.0,pending,Corporate Event,2022-12-01,Corporate,Nabeul,Tunisie,5,0.0,0.0,300.0,500.0,Venues de mariage privées
13542,14757.0,42,3577,20000.0,14.0,cancelled,Corporate Event,2024-09-15,Wedding,Ariana,Tunisie,2,0.0,0.0,200.0,400.0,Venues de mariage privées
9901,9021.0,203,1417,20000.0,0.0,confirmed,Birthday,2023-01-05,Birthday,Siliana,Tunisie,3,0.0,0.0,200.0,400.0,Venues de mariage privées
1758,11101.0,202,1983,25000.0,10.0,confirmed,Birthday,2023-06-11,Wedding,Kasserine,Tunisie,1,0.0,0.0,200.0,400.0,Venues de mariage privées
13839,13018.0,176,3661,19000.0,0.0,pending,Birthday,2022-06-15,Wedding,Tozeur,Tunisie,4,0.0,0.0,300.0,500.0,Venues de mariage privées
7391,6226.0,203,1258,13000.0,2.0,pending,Birthday,2022-11-01,Wedding,Nabeul,Tunisie,2,0.0,0.0,300.0,500.0,Venues de mariage privées
1121,6513.0,126,4896,15000.0,3.0,cancelled,Wedding,2024-08-09,Corporate,Sfax,Tunisie,3,0.0,0.0,200.0,500.0,Hotel
17655,8925.0,203,1258,13000.0,10.0,confirmed,Birthday,2025-06-26,Birthday,Sfax,Tunisie,2,0.0,0.0,200.0,500.0,Hotel
12403,11550.0,42,3577,25000.0,20.0,cancelled,Corporate Event,2022-05-05,Wedding,Manouba,Tunisie,3,0.0,0.0,200.0,400.0,Venues de mariage privées
15700,601.0,155,66,21000.0,6.0,confirmed,Corporate Event,2024-11-11,Corporate,Bizerte,Tunisie,5,0.0,0.0,300.0,500.0,Venues de mariage privées
8511,1386.0,202,1983,19000.0,7.0,confirmed,Wedding,2025-01-19,Birthday,Kairouan,Tunisie,3,0.0,0.0,300.0,500.0,Venues de mariage privées
16846,9059.0,298,962,25000.0,16.0,pending,Wedding,2025-01-10,Wedding,Siliana,Tunisie,4,0.0,0.0,200.0,400.0,Venues de mariage privées
12047,8835.0,249,22215,25000.0,0.0,pending,Corporate Event,2025-12-26,Wedding,Tozeur,Tunisie,4,0.0,0.0,300.0,500.0,Venues de mariage privées
8930,8837.0,203,1258,19000.0,10.0,confirmed,Corporate Event,2022-06-26,Wedding,Ariana,Tunisie,3,0.0,0.0,200.0,400.0,Venues de mariage privées
5448,12188.0,202,1983,17000.0,8.0,pending,Birthday,2023-02-24,Wedding,Bizerte,Tunisie,1,0.0,0.0,300.0,500.0,Venues de mariage privées
8610,11756.0,155,66,13000.0,0.0,cancelled,Wedding,2024-04-18,Birthday,Jendouba,Tunisie,1,0.0,0.0,100.0,200.0,Hotel
15877,52000.0,42,3577,23000.0,18.0,cancelled,Corporate Event,2025-09-30,Birthday,Manouba,Tunisie,1,0.0,0.0,200.0,400.0,Venues de mariage privées
6251,14279.0,176,3661,21000.0,7.0,pending,Wedding,2024-03-22,Wedding,Jendouba,Tunisie,4,0.0,0.0,100.0,200.0,Hotel
15661,13610.0,252,1608,13000.0,2.0,pending,Wedding,2023-07-11,Wedding,Mahdia,Tunisie,3,0.0,0.0,200.0,400.0,Venues de mariage privées
9497,13505.0,239,4101,22000.0,16.0,confirmed,Wedding,2025-05-21,Wedding,Sfax,Tunisie,1,0.0,0.0,200.0,500.0,Hotel
6869,5046.0,249,22215,15000.0,2.0,cancelled,Birthday,2024-01-01,Wedding,Mahdia,Tunisie,5,0.0,0.0,200.0,400.0,Venues de mariage privées
15209,1559.0,249,22215,23000.0,5.0,confirmed,Wedding,2024-10-28,Corporate,Kairouan,Tunisie,1,0.0,0.0,300.0,500.0,Venues de mariage privées
13862,5262.0,203,1258,15000.0,16.0,pending,Birthday,2023-04-30,Wedding,Manouba,Tunisie,4,0.0,0.0,200.0,400.0,Venues de mariage privées
9174,11150.0,298,962,24000.0,2.0,pending,Corporate Event,2024-04-21,Wedding,Bizerte,Tunisie,3,0.0,0.0,300.0,500.0,Venues de mariage privées
1304,11819.0,202,1983,25000.0,2.0,pending,Birthday,2022-06-23,Wedding,Bizerte,Tunisie,5,0.0,0.0,300.0,500.0,Venues de mariage privées
13842,4879.0,155,66,25000.0,16.0,pending,Birthday,2025-07-12,Wedding,Ben Arous,Tunisie,4,0.0,0.0,200.0,400.0,Venues de mariage privées
6679,3134.0,203,1258,23000.0,2.0,pending,Birthday,2022-01-08,Wedding,Bizerte,Tunisie,4,0.0,0.0,300.0,500.0,Venues de mariage privées
8791,10672.0,126,4896,22000.0,13.0,cancelled,Wedding,2025-07-08,Corporate,Manouba,Tunisie,5,0.0,0.0,200.0,400.0,Venues de mariage privées
14301,13055.0,203,1417,23000.0,7.0,cancelled,Birthday,2024-01-15,Birthday,Kairouan,Tunisie,2,0.0,0.0,300.0,500.0,Venues de mariage privées
17332,12549.0,203,1417,15000.0,2.0,confirmed,Birthday,2022-05-09,Wedding,Jendouba,Tunisie,4,0.0,0.0,100.0,200.0,Hotel
17810,7596.0,298,962,20000.0,0.0,pending,Corporate Event,2025-04-16,Wedding,Kasserine,Tunisie,5,0.0,0.0,200.0,400.0,Venues de mariage privées
16713,10914.0,203,1258,12000.0,0.0,pending,Birthday,2023-10-24,Wedding,Tataouine,Tunisie,2,0.0,0.0,100.0,200.0,Hotel
16211,493.0,42,3577,15000.0,2.0,confirmed,Birthday,2023-03-30,Birthday,Monastir,Tunisie,5,0.0,0.0,200.0,500.0,Hotel
14330,1979.0,42,3577,20000.0,3.0,confirmed,Corporate Event,2023-12-08,Birthday,Zaghouan,Tunisie,2,0.0,0.0,100.0,200.0,Hotel
1457,3553.0,203,1258,25000.0,8.0,confirmed,Wedding,2024-04-08,Wedding,Zaghouan,Tunisie,2,0.0,0.0,100.0,200.0,Hotel
6158,7078.0,176,3661,13000.0,13.0,cancelled,Wedding,2024-01-09,Corporate,Manouba,Tunisie,4,0.0,0.0,200.0,400.0,Venues de mariage privées
13384,5302.0,155,66,19000.0,8.0,confirmed,Corporate Event,2023-07-23,Wedding,Zaghouan,Tunisie,3,0.0,0.0,100.0,200.0,Hotel
4006,14111.0,229,3480,22000.0,7.0,confirmed,Corporate Event,2022-11-14,Birthday,Tataouine,Tunisie,4,0.0,0.0,100.0,200.0,Hotel
14495,3019.0,203,1417,24000.0,4.0,cancelled,Wedding,2024-07-09,Corporate,Tunis,Tunisie,4,0.0,0.0,300.0,500.0,Hotel
5575,6466.0,176,3661,12000.0,4.0,confirmed,Birthday,2025-12-25,Wedding,Zaghouan,Tunisie,2,0.0,0.0,100.0,200.0,Hotel
14573,11402.0,229,3480,20000.0,5.0,pending,Corporate Event,2023-01-26,Wedding,Sousse,Tunisie,4,0.0,0.0,300.0,500.0,Venues de mariage privées
12624,6451.0,229,3480,23000.0,3.0,pending,Birthday,2023-02-03,Birthday,Zaghouan,Tunisie,4,0.0,0.0,100.0,200.0,Hotel
14912,3360.0,203,1417,19000.0,10.0,cancelled,Corporate Event,2023-05-09,Wedding,Ariana,Tunisie,4,0.0,0.0,200.0,400.0,Venues de mariage privées
14946,5380.0,202,1983,13000.0,2.0,cancelled,Birthday,2023-12-01,Wedding,Siliana,Tunisie,5,0.0,0.0,200.0,400.0,Venues de mariage privées
14146,6402.0,229,3480,13000.0,18.0,confirmed,Birthday,2022-06-21,Birthday,Manouba,Tunisie,3,0.0,0.0,200.0,400.0,Venues de mariage privées
8353,13010.0,203,1417,26000.0,10.0,confirmed,Wedding,2024-03-05,Corporate,Jendouba,Tunisie,1,0.0,0.0,100.0,200.0,Hotel
5050,2072.0,203,1258,13000.0,11.0,cancelled,Wedding,2025-02-12,Corporate,Ariana,Tunisie,1,0.0,0.0,200.0,400.0,Venues de mariage privées
5025,11252.0,202,1983,20000.0,7.0,cancelled,Wedding,2024-03-05,Wedding,Jendouba,Tunisie,4,0.0,0.0,100.0,200.0,Hotel
16641,82020.0,176,3661,26000.0,12.0,confirmed,Corporate Event,2025-06-04,Corporate,Monastir,Tunisie,3,0.0,0.0,200.0,500.0,Hotel
11592,8472.0,126,4896,21000.0,16.0,confirmed,Birthday,2023-03-08,Wedding,Siliana,Tunisie,3,0.0,0.0,200.0,400.0,Venues de mariage privées
6081,2845.0,239,4101,15000.0,0.0,cancelled,Corporate Event,2025-05-06,Birthday,Gafsa,Tunisie,1,0.0,0.0,100.0,200.0,Hotel
3084,11934.0,239,4101,17000.0,3.0,cancelled,Birthday,2023-02-19,Corporate,Sidi Bouzid,Tunisie,2,0.0,0.0,200.0,400.0,Venues de mariage privées
12225,12358.0,252,1608,23000.0,0.0,cancelled,Corporate Event,2025-09-19,Wedding,Gafsa,Tunisie,3,0.0,0.0,100.0,200.0,Hotel
17046,2014.0,203,1258,20000.0,0.0,cancelled,Birthday,2023-02-27,Wedding,Tataouine,Tunisie,2,0.0,0.0,100.0,200.0,Hotel
17535,3344.0,202,1983,12000.0,8.0,pending,Birthday,2022-01-03,Wedding,Zaghouan,Tunisie,5,0.0,0.0,100.0,200.0,Hotel
12859,11911.0,126,4896,15000.0,0.0,pending,Corporate Event,2022-01-20,Birthday,Siliana,Tunisie,2,0.0,0.0,200.0,400.0,Venues de mariage privées
1150,6032.0,239,4101,19000.0,0.0,cancelled,Birthday,2023-02-28,Birthday,Jendouba,Tunisie,4,0.0,0.0,100.0,200.0,Hotel
2511,7988.0,126,4896,26000.0,0.0,cancelled,Wedding,2022-09-17,Wedding,Kasserine,Tunisie,5,0.0,0.0,200.0,400.0,Venues de mariage privées
10804,2163.0,229,3480,21000.0,16.0,confirmed,Corporate Event,2023-07-15,Wedding,Siliana,Tunisie,4,0.0,0.0,200.0,400.0,Venues de mariage privées
15782,4500.0,298,962,25000.0,20.0,pending,Corporate Event,2024-12-06,Wedding,Tunis,Tunisie,4,0.0,0.0,300.0,500.0,Hotel
10920,8389.0,239,4101,17000.0,14.0,cancelled,Wedding,2022-12-23,Corporate,Nabeul,Tunisie,1,0.0,0.0,300.0,500.0,Venues de mariage privées
4161,7976.0,252,1608,19000.0,16.0,pending,Birthday,2022-07-17,Wedding,Monastir,Tunisie,5,0.0,0.0,200.0,500.0,Hotel
11470,11853.0,202,1983,20000.0,16.0,pending,Birthday,2025-02-01,Wedding,Ben Arous,Tunisie,1,0.0,0.0,200.0,400.0,Venues de mariage privées
5480,105790.0,42,3577,20000.0,0.0,confirmed,Birthday,2022-01-19,Wedding,Tozeur,Tunisie,4,0.0,0.0,300.0,500.0,Venues de mariage privées
6736,5066.0,202,1983,17000.0,2.0,cancelled,Corporate Event,2024-09-11,Wedding,Jendouba,Tunisie,4,0.0,0.0,100.0,200.0,Hotel
5577,11421.0,229,3480,19000.0,20.0,confirmed,Wedding,2025-05-22,Wedding,Tunis,Tunisie,3,0.0,0.0,300.0,500.0,Hotel
3834,1929.0,203,1258,19000.0,10.0,confirmed,Wedding,2024-03-09,Wedding,Ariana,Tunisie,4,0.0,0.0,200.0,400.0,Venues de mariage privées
11769,1383.0,298,962,15000.0,2.0,confirmed,Wedding,2024-06-12,Wedding,Mahdia,Tunisie,1,0.0,0.0,200.0,400.0,Venues de mariage privées
10361,105230.0,176,3661,24000.0,3.0,confirmed,Birthday,2022-04-10,Corporate,Sidi Bouzid,Tunisie,3,0.0,0.0,200.0,400.0,Venues de mariage privées
12662,4722.0,229,3480,23000.0,3.0,confirmed,Corporate Event,2025-07-25,Corporate,Sidi Bouzid,Tunisie,3,0.0,0.0,200.0,400.0,Venues de mariage privées
15237,586.0,239,4101,26000.0,0.0,cancelled,Corporate Event,2025-04-17,Birthday,Tunis,Tunisie,4,0.0,0.0,300.0,500.0,Hotel
13188,1324.0,176,3661,24000.0,0.0,cancelled,Birthday,2024-07-04,Birthday,Sousse,Tunisie,3,0.0,0.0,300.0,500.0,Venues de mariage privées
8555,6799.0,203,1417,21000.0,9.0,cancelled,Corporate Event,2025-08-27,Wedding,Kairouan,Tunisie,5,0.0,0.0,300.0,500.0,Venues de mariage privées
7606,3796.0,42,3577,12000.0,3.0,cancelled,Birthday,2024-10-14,Birthday,Zaghouan,Tunisie,2,0.0,0.0,100.0,200.0,Hotel
8419,1627.0,298,962,13000.0,10.0,pending,Corporate Event,2024-03-06,Wedding,Kasserine,Tunisie,4,0.0,0.0,200.0,400.0,Venues de mariage privées
11962,2745.0,155,66,19000.0,7.0,confirmed,Wedding,2022-01-01,Corporate,Zaghouan,Tunisie,2,0.0,0.0,100.0,200.0,Hotel
9475,7743.0,176,3661,12000.0,18.0,cancelled,Wedding,2022-05-01,Birthday,Manouba,Tunisie,5,0.0,0.0,200.0,400.0,Venues de mariage privées
5491,2966.0,239,4101,23000.0,16.0,cancelled,Birthday,2024-01-10,Wedding,Manouba,Tunisie,5,0.0,0.0,200.0,400.0,Venues de mariage privées
10885,8810.0,239,4101,24000.0,14.0,cancelled,Birthday,2022-03-04,Wedding,Ariana,Tunisie,4,0.0,0.0,200.0,400.0,Venues de mariage privées
11469,9696.0,239,4101,12000.0,0.0,pending,Corporate Event,2023-11-10,Birthday,Gafsa,Tunisie,2,0.0,0.0,100.0,200.0,Hotel
6614,3019.0,298,962,20000.0,0.0,pending,Birthday,2022-06-11,Birthday,Jendouba,Tunisie,1,0.0,0.0,100.0,200.0,Hotel
1838,13456.0,298,962,23000.0,3.0,confirmed,Corporate Event,2022-04-16,Birthday,Zaghouan,Tunisie,5,0.0,0.0,100.0,200.0,Hotel
10498,9353.0,126,4896,21000.0,7.0,cancelled,Birthday,2023-02-03,Corporate,Zaghouan,Tunisie,2,0.0,0.0,100.0,200.0,Hotel
13150,8363.0,298,962,19000.0,3.0,cancelled,Wedding,2023-11-24,Corporate,Sfax,Tunisie,1,0.0,0.0,200.0,500.0,Hotel
10458,12346.0,252,1608,22000.0,2.0,pending,Wedding,2022-06-22,Wedding,Siliana,Tunisie,2,0.0,0.0,200.0,400.0,Venues de mariage privées
3735,14912.0,252,1608,25000.0,20.0,pending,Corporate Event,2025-12-13,Wedding,Tunis,Tunisie,1,0.0,0.0,300.0,500.0,Hotel
14930,11683.0,229,3480,20000.0,14.0,cancelled,Wedding,2024-10-25,Corporate,Nabeul,Tunisie,2,0.0,0.0,300.0,500.0,Venues de mariage privées
12790,3677.0,42,3577,19000.0,5.0,cancelled,Corporate Event,2022-08-14,Corporate,Gafsa,Tunisie,4,0.0,0.0,100.0,200.0,Hotel
10869,3962.0,239,4101,25000.0,3.0,cancelled,Corporate Event,2025-01-22,Corporate,Sidi Bouzid,Tunisie,5,0.0,0.0,200.0,400.0,Venues de mariage privées
8284,11061.0,126,4896,20000.0,0.0,cancelled,Corporate Event,2024-02-26,Wedding,Kasserine,Tunisie,3,0.0,0.0,200.0,400.0,Venues de mariage privées
14022,8712.0,252,1608,25000.0,20.0,confirmed,Birthday,2023-09-26,Wedding,Tunis,Tunisie,4,0.0,0.0,300.0,500.0,Hotel
4413,11665.0,126,4896,25000.0,9.0,confirmed,Wedding,2023-07-12,Corporate,Kasserine,Tunisie,2,0.0,0.0,200.0,400.0,Venues de mariage privées
2165,13153.0,42,3577,26000.0,7.0,pending,Corporate Event,2025-05-28,Corporate,Zaghouan,Tunisie,1,0.0,0.0,100.0,200.0,Hotel
17545,3286.0,202,1983,23000.0,0.0,cancelled,Corporate Event,2023-06-11,Corporate,Siliana,Tunisie,1,0.0,0.0,200.0,400.0,Venues de mariage privées
2899,3140.0,203,1258,19000.0,0.0,pending,Birthday,2025-05-14,Birthday,Tozeur,Tunisie,3,0.0,0.0,300.0,500.0,Venues de mariage privées
4670,1768.0,202,1983,13000.0,2.0,cancelled,Birthday,2024-02-28,Wedding,Sidi Bouzid,Tunisie,3,0.0,0.0,200.0,400.0,Venues de mariage privées
15552,13188.0,203,1417,13000.0,9.0,pending,Birthday,2024-07-18,Corporate,Kasserine,Tunisie,3,0.0,0.0,200.0,400.0,Venues de mariage privées
2045,12470.0,203,1417,24000.0,0.0,pending,Corporate Event,2023-01-12,Birthday,Siliana,Tunisie,5,0.0,0.0,200.0,400.0,Venues de mariage privées
4766,14424.0,176,3661,13000.0,10.0,pending,Corporate Event,2022-01-20,Corporate,Jendouba,Tunisie,2,0.0,0.0,100.0,200.0,Hotel
10233,12784.0,252,1608,23000.0,6.0,pending,Wedding,2022-06-07,Corporate,Mahdia,Tunisie,2,0.0,0.0,200.0,400.0,Venues de mariage privées
4276,6358.0,249,22215,25000.0,20.0,cancelled,Corporate Event,2023-07-27,Wedding,Manouba,Tunisie,3,0.0,0.0,200.0,400.0,Venues de mariage privées
6421,2632.0,298,962,24000.0,5.0,pending,Corporate Event,2022-11-11,Corporate,Gafsa,Tunisie,4,0.0,0.0,100.0,200.0,Hotel
1936,14124.0,229,3480,17000.0,0.0,pending,Wedding,2023-04-14,Birthday,Sidi Bouzid,Tunisie,3,0.0,0.0,200.0,400.0,Venues de mariage privées
8718,8420.0,203,1417,25000.0,16.0,confirmed,Corporate Event,2025-01-27,Wedding,Manouba,Tunisie,2,0.0,0.0,200.0,400.0,Venues de mariage privées
17887,433.0,203,1417,24000.0,2.0,confirmed,Wedding,2025-06-05,Wedding,Sidi Bouzid,Tunisie,3,0.0,0.0,200.0,400.0,Venues de mariage privées
3582,547.0,229,3480,13000.0,0.0,confirmed,Corporate Event,2023-07-14,Wedding,Tozeur,Tunisie,3,0.0,0.0,300.0,500.0,Venues de mariage privées
12663,3088.0,126,4896,17000.0,6.0,confirmed,Corporate Event,2023-07-05,Corporate,Mahdia,Tunisie,1,0.0,0.0,200.0,400.0,Venues de mariage privées
5194,5877.0,203,1417,19000.0,2.0,confirmed,Wedding,2024-12-17,Wedding,Sidi Bouzid,Tunisie,5,0.0,0.0,200.0,400.0,Venues de mariage privées
17386,757.0,155,66,22000.0,3.0,cancelled,Wedding,2024-06-03,Wedding,Monastir,Tunisie,4,0.0,0.0,200.0,500.0,Hotel
1215,10918.0,42,3577,17000.0,2.0,cancelled,Corporate Event,2025-01-10,Wedding,Mahdia,Tunisie,4,0.0,0.0,200.0,400.0,Venues de mariage privées
1197,14486.0,176,3661,25000.0,0.0,pending,Birthday,2023-03-25,Wedding,Sfax,Tunisie,5,0.0,0.0,200.0,500.0,Hotel
14055,94120.0,42,3577,13000.0,20.0,pending,Wedding,2023-01-15,Wedding,Tunis,Tunisie,3,0.0,0.0,300.0,500.0,Hotel
4239,14340.0,176,3661,24000.0,2.0,cancelled,Corporate Event,2024-03-10,Wedding,Bizerte,Tunisie,5,0.0,0.0,300.0,500.0,Venues de mariage privées
8164,13376.0,203,1417,12000.0,20.0,cancelled,Corporate Event,2025-06-02,Wedding,Manouba,Tunisie,3,0.0,0.0,200.0,400.0,Venues de mariage privées
2679,8518.0,249,22215,15000.0,8.0,confirmed,Birthday,2022-07-11,Wedding,Zaghouan,Tunisie,4,0.0,0.0,100.0,200.0,Hotel
9883,3244.0,229,3480,24000.0,5.0,pending,Birthday,2022-01-09,Corporate,Gafsa,Tunisie,4,0.0,0.0,100.0,200.0,Hotel
9738,5057.0,202,1983,23000.0,20.0,confirmed,Corporate Event,2023-07-14,Wedding,Tunis,Tunisie,2,0.0,0.0,300.0,500.0,Hotel
13335,7560.0,249,22215,23000.0,5.0,pending,Wedding,2024-05-26,Corporate,Tozeur,Tunisie,2,0.0,0.0,300.0,500.0,Venues de mariage privées
9863,2900.0,203,1417,17000.0,16.0,pending,Wedding,2024-08-07,Wedding,Monastir,Tunisie,1,0.0,0.0,200.0,500.0,Hotel
17281,2794.0,203,1417,25000.0,2.0,cancelled,Birthday,2025-08-22,Wedding,Siliana,Tunisie,5,0.0,0.0,200.0,400.0,Venues de mariage privées
9859,7387.0,239,4101,17000.0,16.0,confirmed,Birthday,2025-07-01,Wedding,Sousse,Tunisie,4,0.0,0.0,300.0,500.0,Venues de mariage privées
15164,11700.0,176,3661,19000.0,5.0,confirmed,Corporate Event,2024-06-18,Corporate,Tozeur,Tunisie,1,0.0,0.0,300.0,500.0,Venues de mariage privées
10247,5478.0,42,3577,20000.0,2.0,pending,Birthday,2025-01-23,Wedding,Nabeul,Tunisie,3,0.0,0.0,300.0,500.0,Venues de mariage privées
10437,5566.0,203,1258,17000.0,0.0,confirmed,Wedding,2025-08-05,Wedding,Tozeur,Tunisie,5,0.0,0.0,300.0,500.0,Venues de mariage privées
11649,25260.0,229,3480,21000.0,16.0,cancelled,Wedding,2024-07-15,Wedding,Monastir,Tunisie,5,0.0,0.0,200.0,500.0,Hotel
397,8990.0,42,3577,17000.0,3.0,pending,Birthday,2022-08-19,Wedding,Monastir,Tunisie,4,0.0,0.0,200.0,500.0,Hotel
3268,8913.0,252,1608,12000.0,0.0,pending,Birthday,2023-05-18,Birthday,Mahdia,Tunisie,5,0.0,0.0,200.0,400.0,Venues de mariage privées
16523,28410.0,252,1608,15000.0,0.0,pending,Birthday,2024-06-20,Wedding,Sfax,Tunisie,3,0.0,0.0,200.0,500.0,Hotel
165,8609.0,249,22215,13000.0,10.0,confirmed,Wedding,2024-08-09,Birthday,Nabeul,Tunisie,2,0.0,0.0,300.0,500.0,Venues de mariage privées
13419,11415.0,202,1983,20000.0,7.0,cancelled,Wedding,2025-07-12,Birthday,Kairouan,Tunisie,4,0.0,0.0,300.0,500.0,Venues de mariage privées
15571,5275.0,155,66,17000.0,0.0,cancelled,Birthday,2022-08-12,Birthday,Ariana,Tunisie,4,0.0,0.0,200.0,400.0,Venues de mariage privées
6216,3328.0,249,22215,22000.0,2.0,pending,Birthday,2023-03-04,Wedding,Mahdia,Tunisie,3,0.0,0.0,200.0,400.0,Venues de mariage privées
13307,7691.0,155,66,24000.0,0.0,pending,Birthday,2022-05-07,Birthday,Gafsa,Tunisie,4,0.0,0.0,100.0,200.0,Hotel
4255,765.0,252,1608,21000.0,0.0,pending,Wedding,2023-11-04,Birthday,Jendouba,Tunisie,3,0.0,0.0,100.0,200.0,Hotel
12340,2926.0,155,66,20000.0,2.0,cancelled,Birthday,2024-12-27,Wedding,Bizerte,Tunisie,1,0.0,0.0,300.0,500.0,Venues de mariage privées
5062,12394.0,202,1983,20000.0,4.0,pending,Wedding,2023-12-07,Wedding,Ben Arous,Tunisie,3,0.0,0.0,200.0,400.0,Venues de mariage privées
17865,2760.0,229,3480,24000.0,0.0,cancelled,Wedding,2023-01-05,Wedding,Kasserine,Tunisie,1,0.0,0.0,200.0,400.0,Venues de mariage privées
14607,4331.0,126,4896,13000.0,5.0,confirmed,Birthday,2024-10-10,Corporate,Gafsa,Tunisie,1,0.0,0.0,100.0,200.0,Hotel
10958,1464.0,239,4101,12000.0,11.0,pending,Birthday,2025-03-10,Corporate,Ariana,Tunisie,2,0.0,0.0,200.0,400.0,Venues de mariage privées
8941,786.0,249,22215,23000.0,7.0,confirmed,Corporate Event,2025-04-29,Wedding,Nabeul,Tunisie,2,0.0,0.0,300.0,500.0,Venues de mariage privées
16684,4886.0,42,3577,13000.0,12.0,cancelled,Birthday,2024-05-04,Corporate,Monastir,Tunisie,2,0.0,0.0,200.0,500.0,Hotel
16667,14591.0,249,22215,22000.0,4.0,pending,Birthday,2023-10-23,Birthday,Bizerte,Tunisie,1,0.0,0.0,300.0,500.0,Venues de mariage privées
347,9422.0,42,3577,26000.0,2.0,cancelled,Birthday,2025-02-16,Wedding,Siliana,Tunisie,2,0.0,0.0,200.0,400.0,Venues de mariage privées
3484,3638.0,42,3577,22000.0,3.0,cancelled,Corporate Event,2023-08-29,Corporate,Sidi Bouzid,Tunisie,4,0.0,0.0,200.0,400.0,Venues de mariage privées
11274,3090.0,203,1417,22000.0,2.0,cancelled,Wedding,2022-01-13,Wedding,Jendouba,Tunisie,5,0.0,0.0,100.0,200.0,Hotel
12241,5348.0,298,962,22000.0,0.0,confirmed,Corporate Event,2024-08-03,Birthday,Siliana,Tunisie,5,0.0,0.0,200.0,400.0,Venues de mariage privées
4816,6133.0,252,1608,19000.0,14.0,cancelled,Corporate Event,2022-09-25,Corporate,Nabeul,Tunisie,1,0.0,0.0,300.0,500.0,Venues de mariage privées
4064,8107.0,229,3480,12000.0,4.0,confirmed,Corporate Event,2024-03-28,Corporate,Tunis,Tunisie,5,0.0,0.0,300.0,500.0,Hotel
5838,14271.0,202,1983,22000.0,0.0,cancelled,Birthday,2025-04-12,Birthday,Ariana,Tunisie,5,0.0,0.0,200.0,400.0,Venues de mariage privées
16134,2021.0,249,22215,21000.0,8.0,pending,Wedding,2024-12-29,Wedding,Zaghouan,Tunisie,4,0.0,0.0,100.0,200.0,Hotel
15967,13927.0,155,66,23000.0,2.0,confirmed,Birthday,2025-02-07,Wedding,Mahdia,Tunisie,3,0.0,0.0,200.0,400.0,Venues de mariage privées
10294,13153.0,202,1983,15000.0,2.0,cancelled,Birthday,2023-12-30,Wedding,Mahdia,Tunisie,1,0.0,0.0,200.0,400.0,Venues de mariage privées
10696,8900.0,298,962,13000.0,4.0,cancelled,Birthday,2025-03-13,Wedding,Ben Arous,Tunisie,4,0.0,0.0,200.0,400.0,Venues de mariage privées
2006,1001.0,155,66,21000.0,4.0,cancelled,Birthday,2024-04-20,Corporate,Tunis,Tunisie,5,0.0,0.0,300.0,500.0,Hotel
16810,140050.0,202,1983,25000.0,0.0,pending,Wedding,2023-12-18,Birthday,Kasserine,Tunisie,4,0.0,0.0,200.0,400.0,Venues de mariage privées
8708,4881.0,229,3480,13000.0,0.0,confirmed,Birthday,2024-10-22,Wedding,Kasserine,Tunisie,5,0.0,0.0,200.0,400.0,Venues de mariage privées
17078,11138.0,42,3577,13000.0,7.0,cancelled,Corporate Event,2022-10-13,Birthday,Kairouan,Tunisie,4,0.0,0.0,300.0,500.0,Venues de mariage privées
17844,10098.0,155,66,26000.0,20.0,cancelled,Birthday,2022-07-29,Wedding,Tunis,Tunisie,3,0.0,0.0,300.0,500.0,Hotel
14091,4761.0,203,1417,19000.0,0.0,confirmed,Corporate Event,2023-06-24,Wedding,Kasserine,Tunisie,5,0.0,0.0,200.0,400.0,Venues de mariage privées
15191,2429.0,42,3577,17000.0,0.0,confirmed,Corporate Event,2025-02-17,Wedding,Tozeur,Tunisie,1,0.0,0.0,300.0,500.0,Venues de mariage privées
17746,66030.0,202,1983,20000.0,2.0,confirmed,Corporate Event,2023-02-15,Wedding,Siliana,Tunisie,5,0.0,0.0,200.0,400.0,Venues de mariage privées
2737,12531.0,229,3480,12000.0,2.0,confirmed,Corporate Event,2022-07-22,Wedding,Mahdia,Tunisie,1,0.0,0.0,200.0,400.0,Venues de mariage privées
4230,6188.0,239,4101,19000.0,2.0,cancelled,Wedding,2023-04-11,Wedding,Siliana,Tunisie,3,0.0,0.0,200.0,400.0,Venues de mariage privées
2393,9830.0,229,3480,26000.0,0.0,pending,Birthday,2023-03-13,Corporate,Tataouine,Tunisie,5,0.0,0.0,100.0,200.0,Hotel
3520,1808.0,42,3577,12000.0,9.0,cancelled,Corporate Event,2022-01-20,Corporate,Kasserine,Tunisie,1,0.0,0.0,200.0,400.0,Venues de mariage privées
15847,7271.0,202,1983,17000.0,2.0,cancelled,Corporate Event,2025-01-18,Wedding,Jendouba,Tunisie,4,0.0,0.0,100.0,200.0,Hotel
16323,2726.0,126,4896,22000.0,11.0,confirmed,Corporate Event,2025-01-27,Corporate,Ariana,Tunisie,3,0.0,0.0,200.0,400.0,Venues de mariage privées
15725,13711.0,203,1417,22000.0,10.0,pending,Wedding,2024-10-11,Wedding,Kasserine,Tunisie,4,0.0,0.0,200.0,400.0,Venues de mariage privées
17454,2184.0,203,1417,20000.0,2.0,pending,Birthday,2024-10-21,Wedding,Sidi Bouzid,Tunisie,4,0.0,0.0,200.0,400.0,Venues de mariage privées
13717,5202.0,126,4896,22000.0,14.0,cancelled,Birthday,2024-08-19,Wedding,Ariana,Tunisie,2,0.0,0.0,200.0,400.0,Venues de mariage privées
11411,7723.0,126,4896,13000.0,10.0,pending,Wedding,2022-01-29,Birthday,Sfax,Tunisie,2,0.0,0.0,200.0,500.0,Hotel
2714,12929.0,249,22215,22000.0,12.0,pending,Wedding,2024-10-26,Corporate,Monastir,Tunisie,3,0.0,0.0,200.0,500.0,Hotel
6518,7420.0,202,1983,22000.0,18.0,cancelled,Corporate Event,2024-04-12,Birthday,Manouba,Tunisie,3,0.0,0.0,200.0,400.0,Venues de mariage privées
2086,8689.0,203,1258,26000.0,8.0,cancelled,Wedding,2022-03-15,Wedding,Zaghouan,Tunisie,5,0.0,0.0,100.0,200.0,Hotel
8876,7936.0,202,1983,17000.0,0.0,confirmed,Corporate Event,2025-08-24,Wedding,Tozeur,Tunisie,4,0.0,0.0,300.0,500.0,Venues de mariage privées
6541,14013.0,239,4101,13000.0,0.0,cancelled,Birthday,2022-03-28,Birthday,Sousse,Tunisie,5,0.0,0.0,300.0,500.0,Venues de mariage privées
8289,3831.0,298,962,19000.0,5.0,confirmed,Corporate Event,2023-03-07,Corporate,Gafsa,Tunisie,2,0.0,0.0,100.0,200.0,Hotel
2885,4218.0,203,1258,21000.0,8.0,confirmed,Wedding,2023-04-13,Wedding,Bizerte,Tunisie,1,0.0,0.0,300.0,500.0,Venues de mariage privées
10888,13950.0,42,3577,13000.0,16.0,pending,Wedding,2022-03-03,Wedding,Manouba,Tunisie,5,0.0,0.0,200.0,400.0,Venues de mariage privées
16536,2087.0,202,1983,20000.0,7.0,cancelled,Birthday,2023-06-05,Wedding,Jendouba,Tunisie,3,0.0,0.0,100.0,200.0,Hotel
1106,14191.0,42,3577,19000.0,10.0,cancelled,Wedding,2025-06-24,Birthday,Sfax,Tunisie,1,0.0,0.0,200.0,500.0,Hotel
5834,2654.0,155,66,21000.0,5.0,cancelled,Wedding,2022-08-07,Corporate,Kairouan,Tunisie,3,0.0,0.0,300.0,500.0,Venues de mariage privées
15254,10434.0,176,3661,24000.0,2.0,cancelled,Birthday,2024-11-25,Wedding,Sidi Bouzid,Tunisie,3,0.0,0.0,200.0,400.0,Venues de mariage privées
6230,4387.0,203,1417,26000.0,9.0,cancelled,Corporate Event,2024-01-05,Corporate,Kasserine,Tunisie,2,0.0,0.0,200.0,400.0,Venues de mariage privées
1612,1311.0,203,1417,17000.0,10.0,confirmed,Wedding,2023-09-20,Wedding,Ariana,Tunisie,4,0.0,0.0,200.0,400.0,Venues de mariage privées
959,2204.0,42,3577,26000.0,20.0,pending,Corporate Event,2025-10-25,Wedding,Tunis,Tunisie,2,0.0,0.0,300.0,500.0,Hotel
4820,13944.0,126,4896,12000.0,14.0,cancelled,Corporate Event,2022-05-16,Corporate,Nabeul,Tunisie,1,0.0,0.0,300.0,500.0,Venues de mariage privées
16711,9830.0,229,3480,25000.0,3.0,pending,Corporate Event,2022-02-06,Corporate,Sfax,Tunisie,5,0.0,0.0,200.0,500.0,Hotel
2245,14947.0,203,1417,19000.0,7.0,pending,Corporate Event,2022-03-07,Wedding,Nabeul,Tunisie,5,0.0,0.0,300.0,500.0,Venues de mariage privées
12323,226.0,229,3480,23000.0,0.0,pending,Corporate Event,2025-08-04,Wedding,Sfax,Tunisie,5,0.0,0.0,200.0,500.0,Hotel
9595,6305.0,229,3480,24000.0,20.0,confirmed,Birthday,2022-02-27,Wedding,Tunis,Tunisie,2,0.0,0.0,300.0,500.0,Hotel
15336,332.0,203,1258,19000.0,11.0,confirmed,Birthday,2025-05-16,Corporate,Ariana,Tunisie,4,0.0,0.0,200.0,400.0,Venues de mariage privées
14782,5217.0,252,1608,26000.0,12.0,pending,Wedding,2025-07-29,Corporate,Monastir,Tunisie,4,0.0,0.0,200.0,500.0,Hotel
5485,453.0,42,3577,24000.0,0.0,pending,Birthday,2022-09-06,Birthday,Jendouba,Tunisie,4,0.0,0.0,100.0,200.0,Hotel
15666,10113.0,155,66,24000.0,4.0,cancelled,Corporate Event,2022-05-27,Corporate,Tunis,Tunisie,2,0.0,0.0,300.0,500.0,Hotel
12980,1573.0,239,4101,12000.0,16.0,confirmed,Corporate Event,2025-05-19,Wedding,Manouba,Tunisie,5,0.0,0.0,200.0,400.0,Venues de mariage privées
12092,14894.0,126,4896,25000.0,13.0,cancelled,Birthday,2024-12-29,Corporate,Manouba,Tunisie,2,0.0,0.0,200.0,400.0,Venues de mariage privées
6384,9671.0,229,3480,20000.0,0.0,cancelled,Birthday,2024-09-17,Birthday,Sidi Bouzid,Tunisie,5,0.0,0.0,200.0,400.0,Venues de mariage privées
13947,6735.0,155,66,23000.0,0.0,confirmed,Birthday,2022-10-25,Wedding,Kasserine,Tunisie,5,0.0,0.0,200.0,400.0,Venues de mariage privées
15276,9735.0,203,1417,23000.0,9.0,pending,Corporate Event,2025-11-01,Wedding,Kairouan,Tunisie,4,0.0,0.0,300.0,500.0,Venues de mariage privées
10139,7440.0,249,22215,17000.0,13.0,pending,Corporate Event,2025-12-26,Corporate,Manouba,Tunisie,1,0.0,0.0,200.0,400.0,Venues de mariage privées
1487,14541.0,239,4101,22000.0,5.0,pending,Corporate Event,2023-11-02,Corporate,Gafsa,Tunisie,3,0.0,0.0,100.0,200.0,Hotel
4611,14252.0,298,962,21000.0,10.0,cancelled,Birthday,2024-04-13,Wedding,Kasserine,Tunisie,2,0.0,0.0,200.0,400.0,Venues de mariage privées
8792,5372.0,239,4101,25000.0,8.0,cancelled,Corporate Event,2025-01-28,Wedding,Bizerte,Tunisie,5,0.0,0.0,300.0,500.0,Venues de mariage privées
4749,7246.0,252,1608,15000.0,8.0,pending,Corporate Event,2023-07-05,Wedding,Bizerte,Tunisie,5,0.0,0.0,300.0,500.0,Venues de mariage privées
8223,2875.0,252,1608,22000.0,7.0,cancelled,Corporate Event,2025-05-24,Corporate,Zaghouan,Tunisie,1,0.0,0.0,100.0,200.0,Hotel
11154,13838.0,155,66,20000.0,16.0,pending,Birthday,2023-11-15,Wedding,Sousse,Tunisie,1,0.0,0.0,300.0,500.0,Venues de mariage privées
16318,7742.0,126,4896,26000.0,16.0,cancelled,Wedding,2022-01-04,Wedding,Monastir,Tunisie,5,0.0,0.0,200.0,500.0,Hotel
6537,2834.0,203,1417,15000.0,10.0,pending,Corporate Event,2024-12-29,Wedding,Kasserine,Tunisie,2,0.0,0.0,200.0,400.0,Venues de mariage privées
12557,5035.0,298,962,21000.0,2.0,cancelled,Birthday,2024-03-10,Wedding,Siliana,Tunisie,4,0.0,0.0,200.0,400.0,Venues de mariage privées
2549,1904.0,126,4896,21000.0,8.0,pending,Wedding,2024-07-20,Wedding,Zaghouan,Tunisie,5,0.0,0.0,100.0,200.0,Hotel
6211,10408.0,239,4101,21000.0,0.0,cancelled,Corporate Event,2024-03-31,Birthday,Ariana,Tunisie,2,0.0,0.0,200.0,400.0,Venues de mariage privées
11060,7560.0,42,3577,12000.0,10.0,pending,Wedding,2022-12-22,Wedding,Ariana,Tunisie,1,0.0,0.0,200.0,400.0,Venues de mariage privées
9451,1759.0,252,1608,24000.0,0.0,confirmed,Wedding,2025-05-21,Wedding,Kasserine,Tunisie,3,0.0,0.0,200.0,400.0,Venues de mariage privées
372,4846.0,176,3661,13000.0,10.0,confirmed,Corporate Event,2023-05-11,Wedding,Ariana,Tunisie,2,0.0,0.0,200.0,400.0,Venues de mariage privées
13704,8548.0,229,3480,26000.0,7.0,pending,Birthday,2023-07-13,Wedding,Nabeul,Tunisie,1,0.0,0.0,300.0,500.0,Venues de mariage privées
13190,8563.0,203,1417,17000.0,2.0,confirmed,Wedding,2024-10-06,Wedding,Mahdia,Tunisie,5,0.0,0.0,200.0,400.0,Venues de mariage privées
1976,12721.0,203,1258,13000.0,2.0,cancelled,Corporate Event,2025-01-15,Wedding,Bizerte,Tunisie,1,0.0,0.0,300.0,500.0,Venues de mariage privées
5877,13481.0,298,962,13000.0,4.0,pending,Birthday,2025-05-27,Corporate,Tunis,Tunisie,2,0.0,0.0,300.0,500.0,Hotel
13428,5656.0,155,66,19000.0,0.0,cancelled,Corporate Event,2024-04-25,Birthday,Siliana,Tunisie,1,0.0,0.0,200.0,400.0,Venues de mariage privées
17735,3727.0,249,22215,12000.0,0.0,pending,Wedding,2023-04-12,Wedding,Kasserine,Tunisie,4,0.0,0.0,200.0,400.0,Venues de mariage privées
1132,12873.0,126,4896,24000.0,18.0,pending,Wedding,2024-02-25,Birthday,Manouba,Tunisie,2,0.0,0.0,200.0,400.0,Venues de mariage privées
8339,9283.0,298,962,25000.0,0.0,pending,Birthday,2022-11-01,Corporate,Siliana,Tunisie,3,0.0,0.0,200.0,400.0,Venues de mariage privées
15924,2157.0,252,1608,17000.0,16.0,confirmed,Corporate Event,2023-04-25,Wedding,Siliana,Tunisie,5,0.0,0.0,200.0,400.0,Venues de mariage privées
7064,5500.0,249,22215,21000.0,1.0,confirmed,Corporate Event,2023-11-17,Wedding,Tataouine,Tunisie,5,0.0,0.0,100.0,200.0,Hotel
15952,2973.0,203,1417,19000.0,14.0,confirmed,Birthday,2025-02-15,Wedding,Ariana,Tunisie,3,0.0,0.0,200.0,400.0,Venues de mariage privées
4509,82100.0,203,1417,20000.0,3.0,confirmed,Birthday,2024-02-16,Birthday,Zaghouan,Tunisie,1,0.0,0.0,100.0,200.0,Hotel
5645,13013.0,229,3480,23000.0,4.0,pending,Wedding,2025-11-08,Wedding,Zaghouan,Tunisie,3,0.0,0.0,100.0,200.0,Hotel
4394,9918.0,126,4896,13000.0,9.0,confirmed,Birthday,2023-11-29,Wedding,Kairouan,Tunisie,1,0.0,0.0,300.0,500.0,Venues de mariage privées
14778,8800.0,155,66,15000.0,0.0,pending,Corporate Event,2024-10-13,Birthday,Sidi Bouzid,Tunisie,4,0.0,0.0,200.0,400.0,Venues de mariage privées
11917,747.0,126,4896,19000.0,0.0,cancelled,Corporate Event,2022-04-11,Birthday,Ariana,Tunisie,3,0.0,0.0,200.0,400.0,Venues de mariage privées
16621,13890.0,229,3480,23000.0,0.0,confirmed,Wedding,2023-09-29,Birthday,Ariana,Tunisie,3,0.0,0.0,200.0,400.0,Venues de mariage privées
10219,4363.0,252,1608,26000.0,16.0,confirmed,Wedding,2024-09-24,Wedding,Ben Arous,Tunisie,4,0.0,0.0,200.0,400.0,Venues de mariage privées
2062,10068.0,229,3480,24000.0,14.0,cancelled,Corporate Event,2023-08-24,Corporate,Nabeul,Tunisie,1,0.0,0.0,300.0,500.0,Venues de mariage privées
3988,4179.0,155,66,17000.0,6.0,cancelled,Corporate Event,2025-11-09,Corporate,Bizerte,Tunisie,1,0.0,0.0,300.0,500.0,Venues de mariage privées
401,1942.0,202,1983,15000.0,0.0,pending,Birthday,2025-09-24,Birthday,Kasserine,Tunisie,2,0.0,0.0,200.0,400.0,Venues de mariage privées
16731,3390.0,203,1258,26000.0,20.0,confirmed,Birthday,2022-05-09,Wedding,Manouba,Tunisie,2,0.0,0.0,200.0,400.0,Venues de mariage privées
17429,7075.0,126,4896,13000.0,0.0,confirmed,Wedding,2025-11-15,Wedding,Tozeur,Tunisie,3,0.0,0.0,300.0,500.0,Venues de mariage privées
8599,7353.0,298,962,23000.0,14.0,cancelled,Birthday,2025-10-11,Corporate,Nabeul,Tunisie,1,0.0,0.0,300.0,500.0,Venues de mariage privées
16591,5162.0,252,1608,12000.0,0.0,pending,Birthday,2023-01-18,Birthday,Ariana,Tunisie,5,0.0,0.0,200.0,400.0,Venues de mariage privées
2909,3397.0,176,3661,21000.0,0.0,pending,Wedding,2024-06-07,Birthday,Ariana,Tunisie,4,0.0,0.0,200.0,400.0,Venues de mariage privées
16338,904.0,298,962,12000.0,4.0,pending,Corporate Event,2025-05-25,Wedding,Zaghouan,Tunisie,4,0.0,0.0,100.0,200.0,Hotel
7032,8471.0,176,3661,19000.0,2.0,pending,Corporate Event,2022-12-05,Wedding,Jendouba,Tunisie,5,0.0,0.0,100.0,200.0,Hotel
16167,11356.0,249,22215,25000.0,0.0,pending,Wedding,2025-07-12,Wedding,Gafsa,Tunisie,4,0.0,0.0,100.0,200.0,Hotel
11710,14277.0,176,3661,21000.0,0.0,pending,Corporate Event,2023-09-19,Birthday,Ariana,Tunisie,3,0.0,0.0,200.0,400.0,Venues de mariage privées
6613,3508.0,249,22215,22000.0,7.0,confirmed,Corporate Event,2024-12-27,Birthday,Kairouan,Tunisie,2,0.0,0.0,300.0,500.0,Venues de mariage privées
1046,4504.0,155,66,17000.0,0.0,cancelled,Wedding,2022-01-30,Birthday,Tozeur,Tunisie,1,0.0,0.0,300.0,500.0,Venues de mariage privées
1473,994.0,126,4896,17000.0,7.0,cancelled,Corporate Event,2023-05-08,Wedding,Jendouba,Tunisie,1,0.0,0.0,100.0,200.0,Hotel
5391,69430.0,229,3480,17000.0,0.0,cancelled,Wedding,2024-05-17,Birthday,Sidi Bouzid,Tunisie,2,0.0,0.0,200.0,400.0,Venues de mariage privées
13983,603.0,249,22215,19000.0,0.0,pending,Corporate Event,2025-02-17,Wedding,Tozeur,Tunisie,5,0.0,0.0,300.0,500.0,Venues de mariage privées
16029,1799.0,126,4896,15000.0,7.0,confirmed,Wedding,2022-07-04,Wedding,Jendouba,Tunisie,4,0.0,0.0,100.0,200.0,Hotel
2770,3043.0,155,66,26000.0,0.0,pending,Corporate Event,2023-08-27,Birthday,Siliana,Tunisie,5,0.0,0.0,200.0,400.0,Venues de mariage privées
11046,14983.0,155,66,26000.0,10.0,confirmed,Wedding,2022-03-31,Wedding,Ariana,Tunisie,2,0.0,0.0,200.0,400.0,Venues de mariage privées
7805,5520.0,298,962,25000.0,8.0,confirmed,Corporate Event,2022-02-04,Wedding,Zaghouan,Tunisie,5,0.0,0.0,100.0,200.0,Hotel
11033,1434.0,42,3577,21000.0,12.0,pending,Corporate Event,2022-07-16,Corporate,Monastir,Tunisie,5,0.0,0.0,200.0,500.0,Hotel
2646,3705.0,239,4101,12000.0,12.0,confirmed,Wedding,2022-10-25,Corporate,Monastir,Tunisie,4,0.0,0.0,200.0,500.0,Hotel
1775,9372.0,176,3661,25000.0,5.0,confirmed,Birthday,2024-08-21,Corporate,Kairouan,Tunisie,2,0.0,0.0,300.0,500.0,Venues de mariage privées
7997,14509.0,203,1417,24000.0,2.0,cancelled,Wedding,2024-05-28,Wedding,Mahdia,Tunisie,4,0.0,0.0,200.0,400.0,Venues de mariage privées
7789,3218.0,252,1608,24000.0,5.0,confirmed,Birthday,2024-03-01,Corporate,Gafsa,Tunisie,2,0.0,0.0,100.0,200.0,Hotel
2264,50830.0,202,1983,24000.0,5.0,cancelled,Wedding,2022-08-21,Corporate,Kairouan,Tunisie,3,0.0,0.0,300.0,500.0,Venues de mariage privées
9534,1039.0,249,22215,19000.0,0.0,pending,Wedding,2023-07-14,Birthday,Tozeur,Tunisie,2,0.0,0.0,300.0,500.0,Venues de mariage privées
16108,3581.0,155,66,21000.0,10.0,cancelled,Corporate Event,2024-05-22,Birthday,Nabeul,Tunisie,5,0.0,0.0,300.0,500.0,Venues de mariage privées
1103,8984.0,203,1258,15000.0,2.0,cancelled,Wedding,2024-09-25,Wedding,Jendouba,Tunisie,4,0.0,0.0,100.0,200.0,Hotel
13282,11443.0,202,1983,22000.0,0.0,pending,Birthday,2023-06-28,Birthday,Sidi Bouzid,Tunisie,3,0.0,0.0,200.0,400.0,Venues de mariage privées
996,2990.0,252,1608,26000.0,5.0,pending,Birthday,2025-06-23,Corporate,Gafsa,Tunisie,4,0.0,0.0,100.0,200.0,Hotel
16258,9537.0,202,1983,22000.0,18.0,cancelled,Corporate Event,2025-02-03,Birthday,Manouba,Tunisie,4,0.0,0.0,200.0,400.0,Venues de mariage privées
15194,1821.0,229,3480,25000.0,0.0,pending,Corporate Event,2022-07-11,Birthday,Tozeur,Tunisie,5,0.0,0.0,300.0,500.0,Venues de mariage privées
16153,1021.0,203,1417,13000.0,18.0,pending,Birthday,2022-11-24,Birthday,Manouba,Tunisie,2,0.0,0.0,200.0,400.0,Venues de mariage privées
11005,4571.0,202,1983,15000.0,2.0,confirmed,Wedding,2025-02-25,Wedding,Mahdia,Tunisie,5,0.0,0.0,200.0,400.0,Venues de mariage privées
300,14769.0,42,3577,26000.0,10.0,cancelled,Wedding,2022-03-21,Wedding,Kasserine,Tunisie,3,0.0,0.0,200.0,400.0,Venues de mariage privées
14674,3368.0,239,4101,23000.0,13.0,cancelled,Birthday,2022-08-12,Corporate,Manouba,Tunisie,4,0.0,0.0,200.0,400.0,Venues de mariage privées
2223,2847.0,252,1608,17000.0,0.0,confirmed,Corporate Event,2024-11-04,Birthday,Tunis,Tunisie,3,0.0,0.0,300.0,500.0,Hotel
2014,7443.0,252,1608,26000.0,3.0,pending,Birthday,2024-07-21,Wedding,Sidi Bouzid,Tunisie,3,0.0,0.0,200.0,400.0,Venues de mariage privées
8023,14954.0,252,1608,15000.0,16.0,cancelled,Corporate Event,2022-06-26,Wedding,Ben Arous,Tunisie,3,0.0,0.0,200.0,400.0,Venues de mariage privées
1122,6602.0,252,1608,20000.0,7.0,cancelled,Corporate Event,2025-11-06,Wedding,Jendouba,Tunisie,2,0.0,0.0,100.0,200.0,Hotel
15546,6812.0,203,1258,13000.0,0.0,cancelled,Birthday,2025-01-07,Wedding,Tataouine,Tunisie,5,0.0,0.0,100.0,200.0,Hotel
7129,2383.0,155,66,12000.0,0.0,cancelled,Birthday,2024-07-02,Wedding,Kasserine,Tunisie,4,0.0,0.0,200.0,400.0,Venues de mariage privées
5110,7884.0,202,1983,17000.0,7.0,pending,Wedding,2023-03-26,Birthday,Tataouine,Tunisie,5,0.0,0.0,100.0,200.0,Hotel
12538,4156.0,249,22215,26000.0,14.0,pending,Wedding,2024-01-24,Wedding,Ariana,Tunisie,5,0.0,0.0,200.0,400.0,Venues de mariage privées
3457,4464.0,203,1258,15000.0,0.0,confirmed,Wedding,2024-04-20,Birthday,Kasserine,Tunisie,1,0.0,0.0,200.0,400.0,Venues de mariage privées
7249,2873.0,126,4896,22000.0,20.0,confirmed,Wedding,2025-06-26,Wedding,Tunis,Tunisie,4,0.0,0.0,300.0,500.0,Hotel
17667,14647.0,202,1983,21000.0,12.0,confirmed,Birthday,2022-07-27,Corporate,Monastir,Tunisie,4,0.0,0.0,200.0,500.0,Hotel
6032,3143.0,176,3661,20000.0,2.0,confirmed,Corporate Event,2023-06-03,Wedding,Mahdia,Tunisie,1,0.0,0.0,200.0,400.0,Venues de mariage privées
7103,13933.0,203,1417,15000.0,14.0,cancelled,Corporate Event,2022-05-07,Wedding,Ariana,Tunisie,2,0.0,0.0,200.0,400.0,Venues de mariage privées
7383,6096.0,176,3661,17000.0,6.0,cancelled,Birthday,2022-05-09,Corporate,Mahdia,Tunisie,1,0.0,0.0,200.0,400.0,Venues de mariage privées
3042,4999.0,42,3577,15000.0,16.0,pending,Birthday,2024-10-27,Wedding,Manouba,Tunisie,4,0.0,0.0,200.0,400.0,Venues de mariage privées
3230,9655.0,252,1608,15000.0,0.0,pending,Wedding,2024-01-28,Birthday,Ariana,Tunisie,2,0.0,0.0,200.0,400.0,Venues de mariage privées
706,9007.0,239,4101,22000.0,14.0,pending,Birthday,2024-01-19,Corporate,Nabeul,Tunisie,4,0.0,0.0,300.0,500.0,Venues de mariage privées
2439,8905.0,203,1258,26000.0,2.0,confirmed,Corporate Event,2023-07-03,Wedding,Nabeul,Tunisie,1,0.0,0.0,300.0,500.0,Venues de mariage privées
3056,8149.0,155,66,26000.0,5.0,confirmed,Corporate Event,2025-05-03,Corporate,Tozeur,Tunisie,2,0.0,0.0,300.0,500.0,Venues de mariage privées
13520,2507.0,203,1417,19000.0,2.0,pending,Birthday,2025-10-25,Wedding,Jendouba,Tunisie,3,0.0,0.0,100.0,200.0,Hotel
11358,129350.0,42,3577,12000.0,3.0,confirmed,Wedding,2025-12-06,Wedding,Sidi Bouzid,Tunisie,5,0.0,0.0,200.0,400.0,Venues de mariage privées
10493,860.0,176,3661,24000.0,0.0,cancelled,Wedding,2025-02-23,Birthday,Jendouba,Tunisie,5,0.0,0.0,100.0,200.0,Hotel
15638,700.0,42,3577,15000.0,11.0,cancelled,Wedding,2024-05-17,Corporate,Ariana,Tunisie,5,0.0,0.0,200.0,400.0,Venues de mariage privées
13919,6263.0,249,22215,19000.0,9.0,pending,Wedding,2025-07-21,Wedding,Kairouan,Tunisie,3,0.0,0.0,300.0,500.0,Venues de mariage privées
6893,10801.0,176,3661,13000.0,11.0,confirmed,Corporate Event,2025-06-12,Corporate,Ariana,Tunisie,5,0.0,0.0,200.0,400.0,Venues de mariage privées
352,2628.0,155,66,13000.0,9.0,confirmed,Wedding,2025-12-15,Corporate,Kasserine,Tunisie,1,0.0,0.0,200.0,400.0,Venues de mariage privées
2981,2339.0,202,1983,23000.0,10.0,cancelled,Wedding,2025-07-12,Wedding,Ariana,Tunisie,2,0.0,0.0,200.0,400.0,Venues de mariage privées
3978,2211.0,203,1417,15000.0,20.0,confirmed,Birthday,2025-07-18,Wedding,Manouba,Tunisie,1,0.0,0.0,200.0,400.0,Venues de mariage privées
8378,6258.0,203,1417,22000.0,7.0,confirmed,Corporate Event,2024-04-28,Wedding,Nabeul,Tunisie,2,0.0,0.0,300.0,500.0,Venues de mariage privées
1225,1637.0,252,1608,15000.0,3.0,confirmed,Corporate Event,2025-09-14,Corporate,Sidi Bouzid,Tunisie,2,0.0,0.0,200.0,400.0,Venues de mariage privées
11230,1723.0,203,1258,21000.0,5.0,pending,Corporate Event,2025-10-08,Corporate,Kairouan,Tunisie,1,0.0,0.0,300.0,500.0,Venues de mariage privées
16791,7362.0,126,4896,26000.0,13.0,confirmed,Wedding,2024-09-24,Corporate,Manouba,Tunisie,2,0.0,0.0,200.0,400.0,Venues de mariage privées
17231,686.0,249,22215,21000.0,2.0,confirmed,Corporate Event,2024-05-09,Wedding,Bizerte,Tunisie,5,0.0,0.0,300.0,500.0,Venues de mariage privées
6247,6095.0,229,3480,25000.0,2.0,pending,Wedding,2025-05-05,Wedding,Jendouba,Tunisie,1,0.0,0.0,100.0,200.0,Hotel
10526,4258.0,203,1417,21000.0,4.0,confirmed,Birthday,2024-01-17,Wedding,Kairouan,Tunisie,5,0.0,0.0,300.0,500.0,Venues de mariage privées
11931,10961.0,126,4896,12000.0,15.0,pending,Birthday,2022-10-08,Corporate,Ben Arous,Tunisie,5,0.0,0.0,200.0,400.0,Venues de mariage privées
6975,11956.0,155,66,25000.0,10.0,cancelled,Corporate Event,2024-12-18,Wedding,Kasserine,Tunisie,1,0.0,0.0,200.0,400.0,Venues de mariage privées
3066,6427.0,42,3577,19000.0,0.0,pending,Corporate Event,2023-08-16,Wedding,Kasserine,Tunisie,1,0.0,0.0,200.0,400.0,Venues de mariage privées
17034,5841.0,249,22215,25000.0,8.0,confirmed,Wedding,2025-08-27,Wedding,Zaghouan,Tunisie,4,0.0,0.0,100.0,200.0,Hotel
14391,7053.0,249,22215,12000.0,6.0,confirmed,Birthday,2022-06-23,Corporate,Mahdia,Tunisie,4,0.0,0.0,200.0,400.0,Venues de mariage privées
8551,7148.0,203,1417,19000.0,2.0,pending,Wedding,2023-07-08,Wedding,Bizerte,Tunisie,5,0.0,0.0,300.0,500.0,Venues de mariage privées
4152,9125.0,203,1417,20000.0,0.0,pending,Corporate Event,2023-07-09,Corporate,Siliana,Tunisie,2,0.0,0.0,200.0,400.0,Venues de mariage privées
12897,6916.0,203,1258,20000.0,0.0,confirmed,Wedding,2024-09-02,Birthday,Jendouba,Tunisie,5,0.0,0.0,100.0,200.0,Hotel
17968,11787.0,298,962,21000.0,5.0,pending,Wedding,2023-08-06,Corporate,Gafsa,Tunisie,5,0.0,0.0,100.0,200.0,Hotel
13113,5916.0,203,1258,12000.0,1.0,cancelled,Wedding,2022-05-11,Wedding,Tataouine,Tunisie,3,0.0,0.0,100.0,200.0,Hotel
9183,11310.0,203,1258,25000.0,3.0,pending,Corporate Event,2023-12-06,Corporate,Sfax,Tunisie,4,0.0,0.0,200.0,500.0,Hotel
14552,7821.0,249,22215,26000.0,0.0,pending,Birthday,2022-10-07,Birthday,Siliana,Tunisie,3,0.0,0.0,200.0,400.0,Venues de mariage privées
5794,4475.0,202,1983,15000.0,20.0,pending,Wedding,2023-08-15,Wedding,Tunis,Tunisie,2,0.0,0.0,300.0,500.0,Hotel
15926,3605.0,203,1258,26000.0,0.0,pending,Corporate Event,2025-10-03,Corporate,Siliana,Tunisie,2,0.0,0.0,200.0,400.0,Venues de mariage privées
7795,8875.0,126,4896,21000.0,13.0,cancelled,Birthday,2025-02-10,Corporate,Manouba,Tunisie,3,0.0,0.0,200.0,400.0,Venues de mariage privées
5022,2895.0,155,66,26000.0,0.0,confirmed,Wedding,2022-07-07,Birthday,Siliana,Tunisie,1,0.0,0.0,200.0,400.0,Venues de mariage privées
14862,11021.0,126,4896,25000.0,9.0,confirmed,Corporate Event,2024-02-26,Corporate,Kasserine,Tunisie,4,0.0,0.0,200.0,400.0,Venues de mariage privées
3781,4315.0,249,22215,23000.0,0.0,cancelled,Wedding,2024-06-05,Wedding,Tozeur,Tunisie,5,0.0,0.0,300.0,500.0,Venues de mariage privées
1415,3391.0,126,4896,13000.0,3.0,cancelled,Corporate Event,2022-02-08,Birthday,Zaghouan,Tunisie,1,0.0,0.0,100.0,200.0,Hotel
6254,8684.0,249,22215,22000.0,7.0,cancelled,Birthday,2025-02-06,Wedding,Jendouba,Tunisie,2,0.0,0.0,100.0,200.0,Hotel
11297,14816.0,249,22215,26000.0,7.0,cancelled,Corporate Event,2022-01-09,Birthday,Kairouan,Tunisie,5,0.0,0.0,300.0,500.0,Venues de mariage privées
855,11421.0,249,22215,15000.0,3.0,pending,Wedding,2025-06-27,Birthday,Zaghouan,Tunisie,1,0.0,0.0,100.0,200.0,Hotel
5760,6163.0,252,1608,17000.0,9.0,confirmed,Wedding,2025-06-06,Corporate,Kasserine,Tunisie,5,0.0,0.0,200.0,400.0,Venues de mariage privées
7522,123370.0,249,22215,26000.0,7.0,cancelled,Corporate Event,2023-09-19,Wedding,Nabeul,Tunisie,5,0.0,0.0,300.0,500.0,Venues de mariage privées
7199,8992.0,202,1983,23000.0,0.0,cancelled,Corporate Event,2025-04-21,Wedding,Sfax,Tunisie,2,0.0,0.0,200.0,500.0,Hotel
11783,2314.0,126,4896,23000.0,2.0,cancelled,Wedding,2025-08-06,Birthday,Ben Arous,Tunisie,1,0.0,0.0,200.0,400.0,Venues de mariage privées
9947,6044.0,239,4101,20000.0,20.0,pending,Birthday,2024-06-16,Wedding,Tunis,Tunisie,3,0.0,0.0,300.0,500.0,Hotel
6340,10833.0,239,4101,26000.0,18.0,confirmed,Birthday,2023-09-28,Birthday,Manouba,Tunisie,2,0.0,0.0,200.0,400.0,Venues de mariage privées
17972,13665.0,203,1417,13000.0,5.0,pending,Birthday,2025-07-13,Corporate,Kairouan,Tunisie,4,0.0,0.0,300.0,500.0,Venues de mariage privées
6083,7108.0,202,1983,21000.0,0.0,pending,Corporate Event,2023-04-10,Birthday,Ariana,Tunisie,1,0.0,0.0,200.0,400.0,Venues de mariage privées
2872,7316.0,203,1258,26000.0,20.0,cancelled,Birthday,2023-03-19,Wedding,Tunis,Tunisie,2,0.0,0.0,300.0,500.0,Hotel
9793,957.0,202,1983,20000.0,20.0,confirmed,Birthday,2022-04-26,Wedding,Tunis,Tunisie,5,0.0,0.0,300.0,500.0,Hotel
10812,118510.0,298,962,26000.0,2.0,confirmed,Birthday,2025-12-16,Wedding,Mahdia,Tunisie,2,0.0,0.0,200.0,400.0,Venues de mariage privées
4634,3414.0,203,1258,20000.0,16.0,cancelled,Birthday,2023-02-04,Wedding,Manouba,Tunisie,2,0.0,0.0,200.0,400.0,Venues de mariage privées
6582,11593.0,203,1417,22000.0,10.0,cancelled,Corporate Event,2024-09-26,Wedding,Ariana,Tunisie,5,0.0,0.0,200.0,400.0,Venues de mariage privées
8696,14710.0,42,3577,13000.0,10.0,pending,Wedding,2023-06-17,Birthday,Sfax,Tunisie,2,0.0,0.0,200.0,500.0,Hotel
13517,2127.0,42,3577,21000.0,0.0,cancelled,Birthday,2025-08-30,Wedding,Gafsa,Tunisie,2,0.0,0.0,100.0,200.0,Hotel
14808,1190.0,229,3480,21000.0,7.0,confirmed,Corporate Event,2022-07-22,Wedding,Nabeul,Tunisie,5,0.0,0.0,300.0,500.0,Venues de mariage privées
10452,6312.0,126,4896,15000.0,5.0,cancelled,Birthday,2022-06-19,Corporate,Tozeur,Tunisie,3,0.0,0.0,300.0,500.0,Venues de mariage privées
16208,2270.0,252,1608,15000.0,16.0,pending,Corporate Event,2023-03-02,Wedding,Monastir,Tunisie,3,0.0,0.0,200.0,500.0,Hotel
10158,2062.0,126,4896,20000.0,2.0,cancelled,Wedding,2023-02-15,Wedding,Bizerte,Tunisie,5,0.0,0.0,300.0,500.0,Venues de mariage privées
8920,11339.0,249,22215,20000.0,0.0,cancelled,Birthday,2023-09-25,Wedding,Kasserine,Tunisie,3,0.0,0.0,200.0,400.0,Venues de mariage privées
14305,5849.0,249,22215,13000.0,10.0,pending,Corporate Event,2024-09-26,Wedding,Ariana,Tunisie,1,0.0,0.0,200.0,400.0,Venues de mariage privées
12965,9435.0,229,3480,25000.0,4.0,cancelled,Birthday,2025-12-21,Wedding,Kairouan,Tunisie,5,0.0,0.0,300.0,500.0,Venues de mariage privées
8390,512.0,155,66,26000.0,6.0,pending,Wedding,2023-05-30,Corporate,Mahdia,Tunisie,5,0.0,0.0,200.0,400.0,Venues de mariage privées
8414,5884.0,42,3577,25000.0,8.0,confirmed,Corporate Event,2025-02-09,Wedding,Bizerte,Tunisie,1,0.0,0.0,300.0,500.0,Venues de mariage privées
1570,2490.0,203,1417,25000.0,4.0,cancelled,Wedding,2023-10-21,Wedding,Kairouan,Tunisie,1,0.0,0.0,300.0,500.0,Venues de mariage privées
5769,1226.0,42,3577,24000.0,18.0,confirmed,Corporate Event,2022-11-12,Birthday,Manouba,Tunisie,4,0.0,0.0,200.0,400.0,Venues de mariage privées
10910,4971.0,229,3480,20000.0,16.0,confirmed,Wedding,2023-07-14,Wedding,Sousse,Tunisie,5,0.0,0.0,300.0,500.0,Venues de mariage privées
14333,13113.0,239,4101,17000.0,11.0,confirmed,Birthday,2023-10-23,Corporate,Ariana,Tunisie,1,0.0,0.0,200.0,400.0,Venues de mariage privées
13727,7303.0,239,4101,19000.0,16.0,cancelled,Wedding,2025-11-24,Wedding,Sousse,Tunisie,1,0.0,0.0,300.0,500.0,Venues de mariage privées
1828,3650.0,229,3480,26000.0,8.0,pending,Corporate Event,2022-02-23,Wedding,Zaghouan,Tunisie,1,0.0,0.0,100.0,200.0,Hotel
13639,5736.0,155,66,17000.0,0.0,confirmed,Wedding,2023-04-22,Birthday,Tozeur,Tunisie,4,0.0,0.0,300.0,500.0,Venues de mariage privées
12733,5703.0,229,3480,19000.0,10.0,pending,Wedding,2024-11-15,Wedding,Kasserine,Tunisie,5,0.0,0.0,200.0,400.0,Venues de mariage privées
7501,12817.0,202,1983,21000.0,0.0,confirmed,Birthday,2022-01-10,Birthday,Jendouba,Tunisie,4,0.0,0.0,100.0,200.0,Hotel
1485,3212.0,155,66,19000.0,20.0,cancelled,Corporate Event,2024-01-02,Wedding,Tunis,Tunisie,3,0.0,0.0,300.0,500.0,Hotel
4507,7575.0,42,3577,17000.0,10.0,cancelled,Corporate Event,2024-10-11,Wedding,Kasserine,Tunisie,2,0.0,0.0,200.0,400.0,Venues de mariage privées
6361,2342.0,203,1258,17000.0,0.0,pending,Wedding,2025-11-16,Wedding,Gafsa,Tunisie,5,0.0,0.0,100.0,200.0,Hotel
16052,419.0,239,4101,24000.0,16.0,pending,Birthday,2024-04-06,Wedding,Manouba,Tunisie,2,0.0,0.0,200.0,400.0,Venues de mariage privées
9733,13351.0,42,3577,13000.0,18.0,cancelled,Wedding,2022-04-12,Birthday,Manouba,Tunisie,4,0.0,0.0,200.0,400.0,Venues de mariage privées
17162,11743.0,252,1608,24000.0,2.0,pending,Corporate Event,2024-01-21,Wedding,Mahdia,Tunisie,1,0.0,0.0,200.0,400.0,Venues de mariage privées
8820,10480.0,229,3480,25000.0,16.0,confirmed,Wedding,2023-05-27,Wedding,Manouba,Tunisie,5,0.0,0.0,200.0,400.0,Venues de mariage privées
5095,3736.0,176,3661,22000.0,0.0,pending,Birthday,2024-07-21,Birthday,Kasserine,Tunisie,3,0.0,0.0,200.0,400.0,Venues de mariage privées
3752,14362.0,298,962,21000.0,2.0,confirmed,Birthday,2022-06-12,Wedding,Jendouba,Tunisie,1,0.0,0.0,100.0,200.0,Hotel
2217,7322.0,203,1258,24000.0,0.0,confirmed,Birthday,2023-06-18,Birthday,Ariana,Tunisie,3,0.0,0.0,200.0,400.0,Venues de mariage privées
12090,6340.0,249,22215,12000.0,16.0,pending,Birthday,2024-08-10,Wedding,Siliana,Tunisie,4,0.0,0.0,200.0,400.0,Venues de mariage privées
1357,11172.0,203,1258,15000.0,2.0,cancelled,Wedding,2022-04-20,Wedding,Sidi Bouzid,Tunisie,4,0.0,0.0,200.0,400.0,Venues de mariage privées
9374,3257.0,155,66,17000.0,3.0,pending,Wedding,2024-12-24,Corporate,Sidi Bouzid,Tunisie,1,0.0,0.0,200.0,400.0,Venues de mariage privées
7244,13238.0,126,4896,23000.0,7.0,pending,Birthday,2025-03-14,Birthday,Kairouan,Tunisie,2,0.0,0.0,300.0,500.0,Venues de mariage privées
592,10215.0,176,3661,23000.0,10.0,pending,Wedding,2024-08-05,Wedding,Kasserine,Tunisie,2,0.0,0.0,200.0,400.0,Venues de mariage privées
14190,6962.0,42,3577,19000.0,7.0,pending,Birthday,2022-04-19,Wedding,Nabeul,Tunisie,4,0.0,0.0,300.0,500.0,Venues de mariage privées
2237,12423.0,239,4101,15000.0,6.0,confirmed,Corporate Event,2022-12-26,Corporate,Bizerte,Tunisie,2,0.0,0.0,300.0,500.0,Venues de mariage privées
2765,7084.0,155,66,13000.0,10.0,pending,Corporate Event,2022-06-28,Wedding,Kasserine,Tunisie,5,0.0,0.0,200.0,400.0,Venues de mariage privées
6791,8741.0,239,4101,19000.0,3.0,confirmed,Corporate Event,2025-07-29,Wedding,Sidi Bouzid,Tunisie,3,0.0,0.0,200.0,400.0,Venues de mariage privées
15091,6309.0,202,1983,12000.0,8.0,cancelled,Corporate Event,2023-11-06,Wedding,Bizerte,Tunisie,2,0.0,0.0,300.0,500.0,Venues de mariage privées
14201,12447.0,42,3577,22000.0,8.0,cancelled,Wedding,2022-12-25,Wedding,Zaghouan,Tunisie,5,0.0,0.0,100.0,200.0,Hotel
10426,9072.0,249,22215,20000.0,20.0,pending,Corporate Event,2022-02-18,Wedding,Tunis,Tunisie,5,0.0,0.0,300.0,500.0,Hotel
13692,7949.0,298,962,22000.0,9.0,confirmed,Corporate Event,2023-10-30,Wedding,Kairouan,Tunisie,2,0.0,0.0,300.0,500.0,Venues de mariage privées
16218,10879.0,249,22215,15000.0,11.0,pending,Corporate Event,2025-04-22,Corporate,Ariana,Tunisie,5,0.0,0.0,200.0,400.0,Venues de mariage privées
16522,1925.0,229,3480,25000.0,10.0,cancelled,Corporate Event,2022-04-11,Corporate,Jendouba,Tunisie,4,0.0,0.0,100.0,200.0,Hotel
10860,6344.0,202,1983,26000.0,3.0,cancelled,Wedding,2025-12-23,Corporate,Sidi Bouzid,Tunisie,3,0.0,0.0,200.0,400.0,Venues de mariage privées
8260,13709.0,126,4896,21000.0,14.0,pending,Corporate Event,2025-02-07,Wedding,Ariana,Tunisie,1,0.0,0.0,200.0,400.0,Venues de mariage privées
9684,3046.0,252,1608,12000.0,10.0,cancelled,Birthday,2024-01-28,Wedding,Ariana,Tunisie,1,0.0,0.0,200.0,400.0,Venues de mariage privées
12354,627.0,155,66,22000.0,2.0,cancelled,Birthday,2022-09-06,Wedding,Nabeul,Tunisie,3,0.0,0.0,300.0,500.0,Venues de mariage privées
5300,1236.0,126,4896,20000.0,2.0,confirmed,Wedding,2024-02-21,Wedding,Mahdia,Tunisie,2,0.0,0.0,200.0,400.0,Venues de mariage privées
7262,3872.0,298,962,23000.0,4.0,confirmed,Birthday,2023-10-24,Birthday,Bizerte,Tunisie,2,0.0,0.0,300.0,500.0,Venues de mariage privées
1795,10855.0,298,962,12000.0,0.0,confirmed,Corporate Event,2023-10-19,Birthday,Tozeur,Tunisie,2,0.0,0.0,300.0,500.0,Venues de mariage privées
10372,12010.0,239,4101,22000.0,3.0,cancelled,Corporate Event,2022-10-23,Birthday,Zaghouan,Tunisie,1,0.0,0.0,100.0,200.0,Hotel
11525,11943.0,298,962,23000.0,0.0,cancelled,Wedding,2022-06-30,Birthday,Tozeur,Tunisie,4,0.0,0.0,300.0,500.0,Venues de mariage privées
6863,5282.0,42,3577,12000.0,3.0,pending,Birthday,2023-12-27,Corporate,Sidi Bouzid,Tunisie,3,0.0,0.0,200.0,400.0,Venues de mariage privées
14741,7582.0,229,3480,20000.0,20.0,pending,Wedding,2024-09-02,Wedding,Tunis,Tunisie,3,0.0,0.0,300.0,500.0,Hotel
12164,335.0,155,66,17000.0,0.0,cancelled,Birthday,2024-06-08,Wedding,Tozeur,Tunisie,4,0.0,0.0,300.0,500.0,Venues de mariage privées
13057,5490.0,202,1983,17000.0,0.0,confirmed,Birthday,2022-01-15,Birthday,Sousse,Tunisie,2,0.0,0.0,300.0,500.0,Venues de mariage privées
7974,1721.0,249,22215,12000.0,9.0,pending,Corporate Event,2025-07-29,Corporate,Kasserine,Tunisie,1,0.0,0.0,200.0,400.0,Venues de mariage privées
3950,3567.0,202,1983,17000.0,14.0,confirmed,Wedding,2023-03-03,Corporate,Nabeul,Tunisie,5,0.0,0.0,300.0,500.0,Venues de mariage privées
11622,10934.0,176,3661,25000.0,6.0,confirmed,Corporate Event,2022-01-28,Corporate,Bizerte,Tunisie,4,0.0,0.0,300.0,500.0,Venues de mariage privées
1223,6496.0,203,1258,15000.0,3.0,cancelled,Birthday,2022-04-17,Corporate,Sidi Bouzid,Tunisie,4,0.0,0.0,200.0,400.0,Venues de mariage privées
4129,14122.0,202,1983,23000.0,10.0,cancelled,Wedding,2022-08-07,Wedding,Gafsa,Tunisie,4,0.0,0.0,100.0,200.0,Hotel
4942,10271.0,239,4101,19000.0,0.0,confirmed,Corporate Event,2024-03-23,Birthday,Gafsa,Tunisie,3,0.0,0.0,100.0,200.0,Hotel
3751,7101.0,203,1417,26000.0,20.0,pending,Wedding,2025-12-30,Wedding,Tunis,Tunisie,2,0.0,0.0,300.0,500.0,Hotel
13750,6918.0,252,1608,15000.0,2.0,cancelled,Wedding,2024-11-06,Wedding,Bizerte,Tunisie,3,0.0,0.0,300.0,500.0,Venues de mariage privées
17157,11254.0,203,1417,17000.0,16.0,pending,Wedding,2022-09-27,Wedding,Manouba,Tunisie,5,0.0,0.0,200.0,400.0,Venues de mariage privées
11453,13944.0,202,1983,15000.0,2.0,confirmed,Birthday,2024-01-19,Birthday,Ben Arous,Tunisie,2,0.0,0.0,200.0,400.0,Venues de mariage privées
16647,136640.0,298,962,25000.0,2.0,cancelled,Corporate Event,2023-07-08,Wedding,Mahdia,Tunisie,3,0.0,0.0,200.0,400.0,Venues de mariage privées
734,4277.0,42,3577,23000.0,18.0,confirmed,Corporate Event,2023-01-18,Birthday,Manouba,Tunisie,2,0.0,0.0,200.0,400.0,Venues de mariage privées
11193,50010.0,126,4896,21000.0,5.0,confirmed,Wedding,2022-03-03,Wedding,Sousse,Tunisie,2,0.0,0.0,300.0,500.0,Venues de mariage privées
17397,10795.0,239,4101,26000.0,14.0,cancelled,Birthday,2023-03-13,Wedding,Ariana,Tunisie,3,0.0,0.0,200.0,400.0,Venues de mariage privées
12377,4997.0,298,962,20000.0,2.0,confirmed,Corporate Event,2022-11-23,Wedding,Jendouba,Tunisie,2,0.0,0.0,100.0,200.0,Hotel
5453,8650.0,203,1417,21000.0,10.0,cancelled,Birthday,2024-01-03,Wedding,Ariana,Tunisie,1,0.0,0.0,200.0,400.0,Venues de mariage privées
14030,4838.0,203,1258,25000.0,8.0,cancelled,Wedding,2023-05-07,Wedding,Bizerte,Tunisie,3,0.0,0.0,300.0,500.0,Venues de mariage privées
12315,10471.0,252,1608,20000.0,4.0,confirmed,Corporate Event,2024-12-07,Birthday,Bizerte,Tunisie,3,0.0,0.0,300.0,500.0,Venues de mariage privées
8965,534.0,298,962,24000.0,16.0,confirmed,Wedding,2025-02-10,Wedding,Sousse,Tunisie,4,0.0,0.0,300.0,500.0,Venues de mariage privées
14234,4108.0,239,4101,15000.0,14.0,confirmed,Corporate Event,2024-09-26,Corporate,Nabeul,Tunisie,4,0.0,0.0,300.0,500.0,Venues de mariage privées
10276,13457.0,229,3480,25000.0,2.0,cancelled,Corporate Event,2025-12-10,Wedding,Siliana,Tunisie,4,0.0,0.0,200.0,400.0,Venues de mariage privées
7001,141010.0,229,3480,24000.0,2.0,cancelled,Wedding,2024-11-17,Wedding,Mahdia,Tunisie,5,0.0,0.0,200.0,400.0,Venues de mariage privées
17880,8223.0,249,22215,25000.0,16.0,pending,Birthday,2025-01-06,Wedding,Sousse,Tunisie,1,0.0,0.0,300.0,500.0,Venues de mariage privées
7728,976.0,229,3480,25000.0,5.0,confirmed,Birthday,2022-04-06,Corporate,Kairouan,Tunisie,4,0.0,0.0,300.0,500.0,Venues de mariage privées
8154,6153.0,249,22215,26000.0,16.0,pending,Birthday,2024-10-23,Wedding,Sousse,Tunisie,4,0.0,0.0,300.0,500.0,Venues de mariage privées
4549,1714.0,229,3480,26000.0,0.0,confirmed,Corporate Event,2024-01-29,Birthday,Jendouba,Tunisie,2,0.0,0.0,100.0,200.0,Hotel
11852,6012.0,229,3480,26000.0,0.0,confirmed,Birthday,2022-01-27,Corporate,Tataouine,Tunisie,1,0.0,0.0,100.0,200.0,Hotel
12742,5440.0,203,1258,13000.0,3.0,pending,Birthday,2022-02-22,Corporate,Sfax,Tunisie,3,0.0,0.0,200.0,500.0,Hotel
10708,1502.0,176,3661,15000.0,18.0,confirmed,Corporate Event,2022-11-06,Birthday,Manouba,Tunisie,2,0.0,0.0,200.0,400.0,Venues de mariage privées
4341,6929.0,203,1417,26000.0,2.0,pending,Birthday,2022-01-03,Wedding,Jendouba,Tunisie,4,0.0,0.0,100.0,200.0,Hotel
5238,6256.0,229,3480,26000.0,16.0,cancelled,Birthday,2025-10-31,Wedding,Monastir,Tunisie,4,0.0,0.0,200.0,500.0,Hotel
6891,11686.0,176,3661,26000.0,2.0,pending,Birthday,2023-06-11,Wedding,Bizerte,Tunisie,3,0.0,0.0,300.0,500.0,Venues de mariage privées
6366,3909.0,239,4101,20000.0,8.0,cancelled,Corporate Event,2022-06-01,Wedding,Zaghouan,Tunisie,1,0.0,0.0,100.0,200.0,Hotel
5037,2824.0,176,3661,23000.0,0.0,cancelled,Wedding,2025-04-02,Wedding,Tataouine,Tunisie,1,0.0,0.0,100.0,200.0,Hotel
14147,11046.0,298,962,20000.0,4.0,confirmed,Wedding,2022-06-17,Corporate,Tunis,Tunisie,1,0.0,0.0,300.0,500.0,Hotel
8807,2592.0,229,3480,15000.0,0.0,cancelled,Birthday,2023-10-09,Corporate,Tataouine,Tunisie,4,0.0,0.0,100.0,200.0,Hotel
9988,5189.0,202,1983,17000.0,20.0,cancelled,Birthday,2022-02-13,Wedding,Tunis,Tunisie,5,0.0,0.0,300.0,500.0,Hotel
6192,8709.0,203,1417,24000.0,0.0,pending,Corporate Event,2022-08-17,Wedding,Gafsa,Tunisie,5,0.0,0.0,100.0,200.0,Hotel
6429,14066.0,202,1983,13000.0,0.0,confirmed,Birthday,2024-03-26,Birthday,Gafsa,Tunisie,5,0.0,0.0,100.0,200.0,Hotel
8697,510.0,252,1608,22000.0,10.0,pending,Wedding,2022-01-29,Wedding,Kasserine,Tunisie,2,0.0,0.0,200.0,400.0,Venues de mariage privées
3793,13184.0,155,66,13000.0,0.0,confirmed,Birthday,2024-05-04,Birthday,Gafsa,Tunisie,2,0.0,0.0,100.0,200.0,Hotel
13087,3674.0,42,3577,17000.0,7.0,confirmed,Wedding,2024-02-19,Birthday,Tataouine,Tunisie,5,0.0,0.0,100.0,200.0,Hotel
17333,11386.0,176,3661,21000.0,20.0,pending,Corporate Event,2024-04-03,Wedding,Manouba,Tunisie,1,0.0,0.0,200.0,400.0,Venues de mariage privées
3699,10852.0,42,3577,22000.0,4.0,cancelled,Corporate Event,2025-12-26,Birthday,Bizerte,Tunisie,1,0.0,0.0,300.0,500.0,Venues de mariage privées
643,14177.0,202,1983,23000.0,3.0,pending,Wedding,2025-01-10,Wedding,Sidi Bouzid,Tunisie,3,0.0,0.0,200.0,400.0,Venues de mariage privées
8021,2103.0,249,22215,21000.0,2.0,pending,Corporate Event,2024-10-12,Wedding,Mahdia,Tunisie,1,0.0,0.0,200.0,400.0,Venues de mariage privées
1902,3600.0,203,1417,17000.0,7.0,cancelled,Corporate Event,2023-08-25,Birthday,Kairouan,Tunisie,3,0.0,0.0,300.0,500.0,Venues de mariage privées
3205,7560.0,229,3480,13000.0,0.0,confirmed,Wedding,2022-04-20,Birthday,Tozeur,Tunisie,1,0.0,0.0,300.0,500.0,Venues de mariage privées
10246,9080.0,203,1258,15000.0,2.0,pending,Corporate Event,2024-01-17,Wedding,Bizerte,Tunisie,5,0.0,0.0,300.0,500.0,Venues de mariage privées
16685,5104.0,42,3577,22000.0,7.0,cancelled,Corporate Event,2025-07-03,Wedding,Jendouba,Tunisie,4,0.0,0.0,100.0,200.0,Hotel
10675,4704.0,252,1608,25000.0,7.0,cancelled,Corporate Event,2023-04-15,Wedding,Nabeul,Tunisie,2,0.0,0.0,300.0,500.0,Venues de mariage privées
15663,8488.0,202,1983,12000.0,16.0,cancelled,Wedding,2024-06-12,Wedding,Manouba,Tunisie,1,0.0,0.0,200.0,400.0,Venues de mariage privées
9504,14316.0,252,1608,25000.0,7.0,cancelled,Birthday,2023-12-24,Wedding,Nabeul,Tunisie,5,0.0,0.0,300.0,500.0,Venues de mariage privées
9975,10234.0,203,1417,25000.0,0.0,confirmed,Birthday,2022-01-15,Birthday,Ariana,Tunisie,1,0.0,0.0,200.0,400.0,Venues de mariage privées
1025,630.0,203,1258,20000.0,0.0,cancelled,Corporate Event,2025-11-12,Birthday,Tozeur,Tunisie,5,0.0,0.0,300.0,500.0,Venues de mariage privées
13094,5580.0,239,4101,24000.0,0.0,cancelled,Birthday,2023-07-27,Birthday,Ariana,Tunisie,3,0.0,0.0,200.0,400.0,Venues de mariage privées
9416,5503.0,126,4896,25000.0,15.0,cancelled,Corporate Event,2023-11-03,Corporate,Ben Arous,Tunisie,5,0.0,0.0,200.0,400.0,Venues de mariage privées
14593,11245.0,176,3661,24000.0,12.0,cancelled,Corporate Event,2022-08-25,Corporate,Monastir,Tunisie,2,0.0,0.0,200.0,500.0,Hotel
15662,587.0,203,1417,19000.0,10.0,pending,Corporate Event,2023-02-05,Birthday,Nabeul,Tunisie,1,0.0,0.0,300.0,500.0,Venues de mariage privées
8782,3327.0,203,1258,26000.0,0.0,cancelled,Wedding,2025-02-05,Birthday,Jendouba,Tunisie,1,0.0,0.0,100.0,200.0,Hotel
7428,3357.0,42,3577,23000.0,3.0,pending,Birthday,2025-10-25,Corporate,Sidi Bouzid,Tunisie,4,0.0,0.0,200.0,400.0,Venues de mariage privées
2104,12004.0,176,3661,22000.0,3.0,cancelled,Wedding,2025-04-21,Corporate,Sfax,Tunisie,3,0.0,0.0,200.0,500.0,Hotel
8872,1261.0,203,1417,12000.0,5.0,confirmed,Wedding,2024-04-03,Corporate,Kairouan,Tunisie,2,0.0,0.0,300.0,500.0,Venues de mariage privées
17514,9534.0,249,22215,26000.0,3.0,cancelled,Wedding,2024-07-11,Wedding,Sidi Bouzid,Tunisie,1,0.0,0.0,200.0,400.0,Venues de mariage privées
17985,3689.0,229,3480,20000.0,5.0,pending,Corporate Event,2022-01-03,Corporate,Tozeur,Tunisie,1,0.0,0.0,300.0,500.0,Venues de mariage privées
16050,5649.0,42,3577,24000.0,5.0,cancelled,Wedding,2022-12-17,Corporate,Tozeur,Tunisie,3,0.0,0.0,300.0,500.0,Venues de mariage privées
7744,32330.0,203,1417,24000.0,5.0,pending,Wedding,2022-02-28,Corporate,Gafsa,Tunisie,1,0.0,0.0,100.0,200.0,Hotel
9094,6338.0,202,1983,25000.0,16.0,pending,Wedding,2022-07-03,Wedding,Siliana,Tunisie,3,0.0,0.0,200.0,400.0,Venues de mariage privées
14900,6085.0,229,3480,23000.0,2.0,pending,Corporate Event,2023-09-08,Wedding,Mahdia,Tunisie,2,0.0,0.0,200.0,400.0,Venues de mariage privées
189,764.0,155,66,26000.0,5.0,cancelled,Corporate Event,2024-06-03,Corporate,Tozeur,Tunisie,2,0.0,0.0,300.0,500.0,Venues de mariage privées
8887,3312.0,42,3577,23000.0,10.0,pending,Wedding,2022-06-15,Corporate,Jendouba,Tunisie,5,0.0,0.0,100.0,200.0,Hotel
13498,3628.0,252,1608,13000.0,5.0,confirmed,Wedding,2022-12-07,Wedding,Sousse,Tunisie,3,0.0,0.0,300.0,500.0,Venues de mariage privées
1617,14857.0,42,3577,20000.0,16.0,pending,Birthday,2025-09-16,Wedding,Siliana,Tunisie,5,0.0,0.0,200.0,400.0,Venues de mariage privées
11235,13935.0,176,3661,17000.0,0.0,pending,Corporate Event,2023-01-22,Birthday,Sidi Bouzid,Tunisie,4,0.0,0.0,200.0,400.0,Venues de mariage privées
11896,1873.0,249,22215,22000.0,14.0,pending,Birthday,2022-06-05,Corporate,Nabeul,Tunisie,3,0.0,0.0,300.0,500.0,Venues de mariage privées
13872,10574.0,203,1417,19000.0,2.0,pending,Birthday,2025-09-12,Wedding,Bizerte,Tunisie,1,0.0,0.0,300.0,500.0,Venues de mariage privées
4751,14980.0,202,1983,13000.0,8.0,pending,Corporate Event,2023-01-18,Wedding,Zaghouan,Tunisie,1,0.0,0.0,100.0,200.0,Hotel
11414,4674.0,203,1417,13000.0,6.0,confirmed,Corporate Event,2022-04-23,Corporate,Bizerte,Tunisie,5,0.0,0.0,300.0,500.0,Venues de mariage privées
16508,8807.0,203,1417,21000.0,0.0,confirmed,Wedding,2024-12-27,Birthday,Mahdia,Tunisie,4,0.0,0.0,200.0,400.0,Venues de mariage privées
1229,49410.0,298,962,25000.0,16.0,pending,Corporate Event,2022-09-13,Wedding,Manouba,Tunisie,2,0.0,0.0,200.0,400.0,Venues de mariage privées
10319,13568.0,203,1417,26000.0,7.0,cancelled,Wedding,2023-09-20,Wedding,Nabeul,Tunisie,2,0.0,0.0,300.0,500.0,Venues de mariage privées
1438,1226.0,155,66,12000.0,2.0,confirmed,Corporate Event,2025-03-27,Birthday,Monastir,Tunisie,1,0.0,0.0,200.0,500.0,Hotel
7455,5701.0,42,3577,17000.0,0.0,cancelled,Birthday,2024-03-15,Wedding,Tataouine,Tunisie,4,0.0,0.0,100.0,200.0,Hotel
10680,4838.0,203,1417,21000.0,0.0,pending,Corporate Event,2022-02-22,Wedding,Tozeur,Tunisie,3,0.0,0.0,300.0,500.0,Venues de mariage privées
13840,12664.0,155,66,15000.0,2.0,cancelled,Corporate Event,2024-12-06,Wedding,Jendouba,Tunisie,4,0.0,0.0,100.0,200.0,Hotel
17019,9956.0,239,4101,21000.0,16.0,pending,Corporate Event,2024-10-14,Wedding,Manouba,Tunisie,2,0.0,0.0,200.0,400.0,Venues de mariage privées
17427,1464.0,229,3480,23000.0,16.0,confirmed,Wedding,2022-02-17,Wedding,Siliana,Tunisie,4,0.0,0.0,200.0,400.0,Venues de mariage privées
7600,12941.0,252,1608,19000.0,14.0,cancelled,Birthday,2025-07-01,Corporate,Nabeul,Tunisie,1,0.0,0.0,300.0,500.0,Venues de mariage privées
2383,1724.0,202,1983,19000.0,5.0,pending,Birthday,2023-11-04,Corporate,Tozeur,Tunisie,4,0.0,0.0,300.0,500.0,Venues de mariage privées
852,8749.0,126,4896,13000.0,8.0,confirmed,Birthday,2024-01-10,Wedding,Bizerte,Tunisie,4,0.0,0.0,300.0,500.0,Venues de mariage privées
5615,4712.0,126,4896,15000.0,2.0,confirmed,Birthday,2022-08-16,Wedding,Mahdia,Tunisie,2,0.0,0.0,200.0,400.0,Venues de mariage privées
6848,3354.0,202,1983,24000.0,7.0,cancelled,Wedding,2022-11-09,Wedding,Nabeul,Tunisie,4,0.0,0.0,300.0,500.0,Venues de mariage privées
7513,14083.0,298,962,15000.0,8.0,pending,Wedding,2024-11-10,Wedding,Zaghouan,Tunisie,4,0.0,0.0,100.0,200.0,Hotel
11476,13554.0,155,66,26000.0,4.0,cancelled,Birthday,2023-07-14,Wedding,Zaghouan,Tunisie,5,0.0,0.0,100.0,200.0,Hotel
5569,7416.0,42,3577,19000.0,2.0,cancelled,Wedding,2025-07-15,Wedding,Mahdia,Tunisie,3,0.0,0.0,200.0,400.0,Venues de mariage privées
16945,9885.0,298,962,19000.0,16.0,pending,Wedding,2025-07-11,Wedding,Siliana,Tunisie,1,0.0,0.0,200.0,400.0,Venues de mariage privées
11400,4125.0,229,3480,26000.0,0.0,pending,Birthday,2024-10-06,Birthday,Jendouba,Tunisie,1,0.0,0.0,100.0,200.0,Hotel
1808,6303.0,239,4101,17000.0,3.0,pending,Corporate Event,2022-07-31,Wedding,Monastir,Tunisie,2,0.0,0.0,200.0,500.0,Hotel
15791,5226.0,126,4896,17000.0,16.0,confirmed,Wedding,2025-08-31,Wedding,Sousse,Tunisie,1,0.0,0.0,300.0,500.0,Venues de mariage privées
16151,13402.0,203,1417,23000.0,0.0,pending,Birthday,2025-09-26,Birthday,Tunis,Tunisie,1,0.0,0.0,300.0,500.0,Hotel
3841,10723.0,155,66,17000.0,5.0,cancelled,Birthday,2022-10-21,Corporate,Gafsa,Tunisie,2,0.0,0.0,100.0,200.0,Hotel
3930,2008.0,203,1258,22000.0,5.0,confirmed,Birthday,2025-07-16,Corporate,Tozeur,Tunisie,4,0.0,0.0,300.0,500.0,Venues de mariage privées
5641,14704.0,42,3577,20000.0,3.0,pending,Wedding,2023-05-13,Wedding,Sidi Bouzid,Tunisie,5,0.0,0.0,200.0,400.0,Venues de mariage privées
3681,8653.0,298,962,19000.0,20.0,pending,Corporate Event,2024-07-08,Wedding,Manouba,Tunisie,2,0.0,0.0,200.0,400.0,Venues de mariage privées
4694,3244.0,229,3480,17000.0,4.0,pending,Birthday,2025-12-16,Wedding,Zaghouan,Tunisie,5,0.0,0.0,100.0,200.0,Hotel
4197,5950.0,126,4896,17000.0,5.0,confirmed,Wedding,2024-03-29,Corporate,Kairouan,Tunisie,2,0.0,0.0,300.0,500.0,Venues de mariage privées
9720,4803.0,249,22215,21000.0,5.0,confirmed,Corporate Event,2022-05-07,Corporate,Kairouan,Tunisie,1,0.0,0.0,300.0,500.0,Venues de mariage privées
10470,19670.0,155,66,19000.0,9.0,cancelled,Corporate Event,2025-05-23,Corporate,Kasserine,Tunisie,4,0.0,0.0,200.0,400.0,Venues de mariage privées
732,14668.0,229,3480,20000.0,0.0,confirmed,Corporate Event,2023-12-30,Birthday,Ariana,Tunisie,4,0.0,0.0,200.0,400.0,Venues de mariage privées
1205,2224.0,229,3480,23000.0,0.0,confirmed,Wedding,2023-11-14,Corporate,Tataouine,Tunisie,4,0.0,0.0,100.0,200.0,Hotel
17828,8561.0,42,3577,15000.0,0.0,pending,Corporate Event,2022-04-21,Birthday,Tunis,Tunisie,3,0.0,0.0,300.0,500.0,Hotel
2033,91800.0,202,1983,15000.0,4.0,cancelled,Wedding,2025-08-18,Wedding,Kairouan,Tunisie,2,0.0,0.0,300.0,500.0,Venues de mariage privées
13463,675.0,203,1258,24000.0,7.0,confirmed,Corporate Event,2025-02-13,Wedding,Nabeul,Tunisie,5,0.0,0.0,300.0,500.0,Venues de mariage privées
3286,4406.0,298,962,20000.0,20.0,pending,Corporate Event,2023-08-16,Wedding,Manouba,Tunisie,3,0.0,0.0,200.0,400.0,Venues de mariage privées
5592,1401.0,298,962,15000.0,2.0,confirmed,Birthday,2022-11-26,Birthday,Ben Arous,Tunisie,4,0.0,0.0,200.0,400.0,Venues de mariage privées
17680,5210.0,203,1258,22000.0,13.0,confirmed,Birthday,2023-10-07,Corporate,Manouba,Tunisie,1,0.0,0.0,200.0,400.0,Venues de mariage privées
5508,95740.0,126,4896,22000.0,0.0,cancelled,Corporate Event,2023-05-01,Birthday,Tunis,Tunisie,5,0.0,0.0,300.0,500.0,Hotel
4080,11196.0,126,4896,25000.0,2.0,pending,Wedding,2022-10-06,Wedding,Siliana,Tunisie,5,0.0,0.0,200.0,400.0,Venues de mariage privées
12490,10036.0,239,4101,19000.0,2.0,pending,Birthday,2023-02-22,Wedding,Mahdia,Tunisie,2,0.0,0.0,200.0,400.0,Venues de mariage privées
282,11362.0,176,3661,20000.0,16.0,cancelled,Corporate Event,2022-03-27,Wedding,Monastir,Tunisie,2,0.0,0.0,200.0,500.0,Hotel
5807,11301.0,202,1983,15000.0,5.0,pending,Birthday,2023-04-13,Corporate,Gafsa,Tunisie,4,0.0,0.0,100.0,200.0,Hotel
16378,6718.0,252,1608,25000.0,9.0,cancelled,Birthday,2024-02-27,Corporate,Sousse,Tunisie,4,0.0,0.0,300.0,500.0,Venues de mariage privées
967,11188.0,298,962,17000.0,15.0,confirmed,Corporate Event,2024-01-02,Corporate,Ben Arous,Tunisie,1,0.0,0.0,200.0,400.0,Venues de mariage privées
7688,5780.0,203,1417,23000.0,7.0,confirmed,Wedding,2022-02-27,Birthday,Tataouine,Tunisie,4,0.0,0.0,100.0,200.0,Hotel
487,6753.0,298,962,26000.0,2.0,cancelled,Wedding,2025-11-16,Wedding,Sidi Bouzid,Tunisie,2,0.0,0.0,200.0,400.0,Venues de mariage privées
14963,13014.0,42,3577,23000.0,16.0,cancelled,Corporate Event,2025-09-07,Wedding,Siliana,Tunisie,4,0.0,0.0,200.0,400.0,Venues de mariage privées
9661,5146.0,249,22215,13000.0,4.0,cancelled,Wedding,2023-11-26,Birthday,Bizerte,Tunisie,4,0.0,0.0,300.0,500.0,Venues de mariage privées
187,1383.0,126,4896,23000.0,16.0,confirmed,Birthday,2025-03-08,Wedding,Sousse,Tunisie,5,0.0,0.0,300.0,500.0,Venues de mariage privées
8078,11904.0,229,3480,19000.0,0.0,confirmed,Wedding,2024-02-07,Wedding,Gafsa,Tunisie,2,0.0,0.0,100.0,200.0,Hotel
436,2634.0,203,1258,13000.0,0.0,cancelled,Corporate Event,2024-05-17,Birthday,Gafsa,Tunisie,5,0.0,0.0,100.0,200.0,Hotel
12146,14220.0,239,4101,15000.0,0.0,cancelled,Wedding,2023-04-23,Birthday,Mahdia,Tunisie,1,0.0,0.0,200.0,400.0,Venues de mariage privées
12497,9922.0,42,3577,23000.0,20.0,cancelled,Corporate Event,2025-09-16,Wedding,Tunis,Tunisie,1,0.0,0.0,300.0,500.0,Hotel
13382,14011.0,42,3577,19000.0,0.0,pending,Wedding,2025-04-20,Birthday,Sidi Bouzid,Tunisie,2,0.0,0.0,200.0,400.0,Venues de mariage privées
200,7358.0,42,3577,12000.0,6.0,confirmed,Corporate Event,2022-10-13,Corporate,Mahdia,Tunisie,2,0.0,0.0,200.0,400.0,Venues de mariage privées
10145,5206.0,126,4896,25000.0,4.0,pending,Wedding,2023-04-23,Birthday,Bizerte,Tunisie,2,0.0,0.0,300.0,500.0,Venues de mariage privées
82,5604.0,203,1258,23000.0,0.0,pending,Corporate Event,2024-11-15,Wedding,Tozeur,Tunisie,1,0.0,0.0,300.0,500.0,Venues de mariage privées
8029,5925.0,252,1608,19000.0,10.0,pending,Corporate Event,2025-09-27,Birthday,Nabeul,Tunisie,3,0.0,0.0,300.0,500.0,Venues de mariage privées
3178,13105.0,202,1983,19000.0,3.0,cancelled,Birthday,2022-04-21,Corporate,Sfax,Tunisie,5,0.0,0.0,200.0,500.0,Hotel
6300,6074.0,203,1258,12000.0,10.0,confirmed,Birthday,2024-02-02,Corporate,Jendouba,Tunisie,4,0.0,0.0,100.0,200.0,Hotel
17312,12142.0,176,3661,22000.0,4.0,cancelled,Birthday,2024-10-08,Wedding,Kairouan,Tunisie,2,0.0,0.0,300.0,500.0,Venues de mariage privées
574,10973.0,252,1608,20000.0,10.0,confirmed,Wedding,2022-08-10,Corporate,Jendouba,Tunisie,5,0.0,0.0,100.0,200.0,Hotel
4254,13377.0,249,22215,24000.0,10.0,confirmed,Birthday,2024-12-02,Wedding,Kasserine,Tunisie,5,0.0,0.0,200.0,400.0,Venues de mariage privées
3639,4653.0,298,962,20000.0,2.0,pending,Corporate Event,2023-02-17,Wedding,Bizerte,Tunisie,5,0.0,0.0,300.0,500.0,Venues de mariage privées
1244,3396.0,203,1417,25000.0,10.0,cancelled,Birthday,2023-03-28,Wedding,Kasserine,Tunisie,3,0.0,0.0,200.0,400.0,Venues de mariage privées
7237,1832.0,249,22215,21000.0,0.0,confirmed,Wedding,2025-03-27,Wedding,Sfax,Tunisie,1,0.0,0.0,200.0,500.0,Hotel
12232,501.0,155,66,19000.0,5.0,pending,Wedding,2023-01-02,Wedding,Sousse,Tunisie,5,0.0,0.0,300.0,500.0,Venues de mariage privées
11848,5226.0,239,4101,21000.0,2.0,confirmed,Birthday,2022-04-04,Birthday,Ben Arous,Tunisie,1,0.0,0.0,200.0,400.0,Venues de mariage privées
8218,2758.0,203,1417,25000.0,7.0,cancelled,Wedding,2023-09-21,Corporate,Zaghouan,Tunisie,1,0.0,0.0,100.0,200.0,Hotel
17385,6295.0,42,3577,17000.0,10.0,cancelled,Corporate Event,2025-03-18,Wedding,Kasserine,Tunisie,5,0.0,0.0,200.0,400.0,Venues de mariage privées
8083,1857.0,229,3480,25000.0,3.0,confirmed,Birthday,2024-06-10,Wedding,Sidi Bouzid,Tunisie,3,0.0,0.0,200.0,400.0,Venues de mariage privées
12415,5876.0,126,4896,13000.0,0.0,pending,Wedding,2022-07-14,Birthday,Siliana,Tunisie,4,0.0,0.0,200.0,400.0,Venues de mariage privées
13138,1988.0,126,4896,24000.0,15.0,cancelled,Birthday,2022-04-08,Corporate,Ben Arous,Tunisie,5,0.0,0.0,200.0,400.0,Venues de mariage privées
8923,140080.0,203,1258,13000.0,10.0,confirmed,Corporate Event,2025-05-01,Corporate,Jendouba,Tunisie,4,0.0,0.0,100.0,200.0,Hotel
5703,4810.0,42,3577,24000.0,5.0,pending,Birthday,2023-05-19,Wedding,Sousse,Tunisie,4,0.0,0.0,300.0,500.0,Venues de mariage privées
14238,2559.0,155,66,12000.0,7.0,pending,Wedding,2023-12-14,Birthday,Tataouine,Tunisie,1,0.0,0.0,100.0,200.0,Hotel
5255,13551.0,176,3661,21000.0,8.0,confirmed,Wedding,2025-09-08,Wedding,Zaghouan,Tunisie,2,0.0,0.0,100.0,200.0,Hotel
8827,14243.0,229,3480,20000.0,2.0,cancelled,Corporate Event,2024-06-27,Birthday,Ben Arous,Tunisie,5,0.0,0.0,200.0,400.0,Venues de mariage privées
447,4000.0,203,1417,19000.0,0.0,cancelled,Birthday,2022-10-19,Birthday,Tunis,Tunisie,5,0.0,0.0,300.0,500.0,Hotel
6937,12988.0,126,4896,25000.0,20.0,pending,Corporate Event,2023-08-11,Wedding,Tunis,Tunisie,2,0.0,0.0,300.0,500.0,Hotel
3466,2324.0,155,66,20000.0,0.0,confirmed,Corporate Event,2022-12-18,Birthday,Sousse,Tunisie,4,0.0,0.0,300.0,500.0,Venues de mariage privées
13786,2643.0,176,3661,15000.0,10.0,confirmed,Corporate Event,2025-04-17,Wedding,Ariana,Tunisie,5,0.0,0.0,200.0,400.0,Venues de mariage privées
693,7211.0,229,3480,12000.0,8.0,pending,Wedding,2023-07-30,Wedding,Bizerte,Tunisie,2,0.0,0.0,300.0,500.0,Venues de mariage privées
15825,5303.0,249,22215,22000.0,16.0,pending,Wedding,2024-10-14,Wedding,Monastir,Tunisie,5,0.0,0.0,200.0,500.0,Hotel
8428,11871.0,42,3577,23000.0,7.0,confirmed,Wedding,2025-07-06,Birthday,Tataouine,Tunisie,1,0.0,0.0,100.0,200.0,Hotel
8317,6418.0,239,4101,20000.0,16.0,cancelled,Corporate Event,2023-05-01,Wedding,Sousse,Tunisie,4,0.0,0.0,300.0,500.0,Venues de mariage privées
15940,1538.0,202,1983,23000.0,15.0,pending,Corporate Event,2025-06-13,Corporate,Ben Arous,Tunisie,2,0.0,0.0,200.0,400.0,Venues de mariage privées
15818,4993.0,126,4896,17000.0,0.0,pending,Birthday,2024-06-30,Birthday,Gafsa,Tunisie,5,0.0,0.0,100.0,200.0,Hotel
74,11958.0,126,4896,15000.0,7.0,cancelled,Birthday,2024-01-17,Wedding,Nabeul,Tunisie,4,0.0,0.0,300.0,500.0,Venues de mariage privées
15579,4528.0,126,4896,23000.0,10.0,cancelled,Corporate Event,2023-01-08,Wedding,Ariana,Tunisie,5,0.0,0.0,200.0,400.0,Venues de mariage privées
12016,14179.0,239,4101,15000.0,5.0,cancelled,Wedding,2025-10-11,Corporate,Kairouan,Tunisie,3,0.0,0.0,300.0,500.0,Venues de mariage privées
7996,4522.0,298,962,12000.0,4.0,pending,Birthday,2023-04-01,Wedding,Zaghouan,Tunisie,4,0.0,0.0,100.0,200.0,Hotel
555,5354.0,239,4101,17000.0,14.0,confirmed,Corporate Event,2024-10-16,Wedding,Ariana,Tunisie,1,0.0,0.0,200.0,400.0,Venues de mariage privées
9200,4920.0,249,22215,24000.0,8.0,cancelled,Corporate Event,2024-03-16,Wedding,Bizerte,Tunisie,2,0.0,0.0,300.0,500.0,Venues de mariage privées
7321,14385.0,203,1417,15000.0,0.0,pending,Corporate Event,2024-01-04,Birthday,Jendouba,Tunisie,4,0.0,0.0,100.0,200.0,Hotel
11598,10584.0,176,3661,19000.0,7.0,pending,Wedding,2025-02-04,Birthday,Kairouan,Tunisie,5,0.0,0.0,300.0,500.0,Venues de mariage privées
12105,268.0,176,3661,13000.0,2.0,confirmed,Birthday,2025-11-13,Wedding,Mahdia,Tunisie,3,0.0,0.0,200.0,400.0,Venues de mariage privées
14248,9087.0,176,3661,15000.0,16.0,confirmed,Wedding,2023-04-16,Wedding,Sfax,Tunisie,5,0.0,0.0,200.0,500.0,Hotel
17030,5685.0,42,3577,19000.0,20.0,pending,Birthday,2025-03-20,Wedding,Tunis,Tunisie,4,0.0,0.0,300.0,500.0,Hotel
11377,3149.0,42,3577,13000.0,1.0,cancelled,Corporate Event,2025-07-13,Wedding,Tataouine,Tunisie,3,0.0,0.0,100.0,200.0,Hotel
13380,2525.0,126,4896,22000.0,0.0,confirmed,Wedding,2023-03-27,Corporate,Siliana,Tunisie,3,0.0,0.0,200.0,400.0,Venues de mariage privées
15421,9648.0,202,1983,12000.0,5.0,cancelled,Birthday,2023-08-31,Corporate,Kairouan,Tunisie,5,0.0,0.0,300.0,500.0,Venues de mariage privées
7467,13788.0,42,3577,24000.0,14.0,cancelled,Corporate Event,2025-05-05,Corporate,Nabeul,Tunisie,5,0.0,0.0,300.0,500.0,Venues de mariage privées
5766,10363.0,203,1258,17000.0,4.0,pending,Wedding,2024-09-06,Wedding,Kairouan,Tunisie,3,0.0,0.0,300.0,500.0,Venues de mariage privées
155,11780.0,298,962,23000.0,14.0,confirmed,Wedding,2025-08-27,Wedding,Ariana,Tunisie,4,0.0,0.0,200.0,400.0,Venues de mariage privées
4102,11544.0,239,4101,25000.0,5.0,confirmed,Birthday,2023-04-08,Corporate,Tozeur,Tunisie,5,0.0,0.0,300.0,500.0,Venues de mariage privées
16648,10029.0,249,22215,13000.0,4.0,confirmed,Corporate Event,2022-11-20,Wedding,Kairouan,Tunisie,1,0.0,0.0,300.0,500.0,Venues de mariage privées
14367,9341.0,229,3480,12000.0,15.0,pending,Wedding,2025-02-10,Corporate,Ben Arous,Tunisie,2,0.0,0.0,200.0,400.0,Venues de mariage privées
17827,8074.0,239,4101,22000.0,7.0,cancelled,Corporate Event,2025-12-23,Birthday,Kairouan,Tunisie,3,0.0,0.0,300.0,500.0,Venues de mariage privées
11397,330.0,203,1258,20000.0,0.0,pending,Wedding,2023-05-06,Birthday,Sidi Bouzid,Tunisie,3,0.0,0.0,200.0,400.0,Venues de mariage privées
9406,4319.0,203,1258,25000.0,7.0,confirmed,Wedding,2025-08-23,Wedding,Nabeul,Tunisie,5,0.0,0.0,300.0,500.0,Venues de mariage privées
17643,2873.0,249,22215,17000.0,10.0,pending,Corporate Event,2022-04-11,Wedding,Kasserine,Tunisie,1,0.0,0.0,200.0,400.0,Venues de mariage privées
1210,10279.0,252,1608,13000.0,4.0,confirmed,Wedding,2023-12-01,Birthday,Bizerte,Tunisie,1,0.0,0.0,300.0,500.0,Venues de mariage privées
8836,14074.0,202,1983,12000.0,7.0,confirmed,Wedding,2024-08-11,Wedding,Nabeul,Tunisie,4,0.0,0.0,300.0,500.0,Venues de mariage privées
4360,3888.0,126,4896,26000.0,2.0,cancelled,Birthday,2023-07-21,Birthday,Monastir,Tunisie,5,0.0,0.0,200.0,500.0,Hotel
13824,11757.0,42,3577,23000.0,2.0,pending,Wedding,2024-03-16,Wedding,Mahdia,Tunisie,2,0.0,0.0,200.0,400.0,Venues de mariage privées
8035,4735.0,203,1258,22000.0,7.0,cancelled,Corporate Event,2022-08-28,Birthday,Kairouan,Tunisie,2,0.0,0.0,300.0,500.0,Venues de mariage privées
11855,11105.0,249,22215,25000.0,16.0,confirmed,Birthday,2025-10-23,Wedding,Siliana,Tunisie,1,0.0,0.0,200.0,400.0,Venues de mariage privées
16297,10074.0,203,1417,20000.0,10.0,confirmed,Birthday,2025-04-27,Corporate,Jendouba,Tunisie,1,0.0,0.0,100.0,200.0,Hotel
1101,8550.0,176,3661,23000.0,16.0,pending,Birthday,2025-07-01,Wedding,Manouba,Tunisie,3,0.0,0.0,200.0,400.0,Venues de mariage privées
5644,13521.0,252,1608,15000.0,8.0,cancelled,Corporate Event,2024-10-08,Wedding,Zaghouan,Tunisie,5,0.0,0.0,100.0,200.0,Hotel
2105,3571.0,229,3480,23000.0,12.0,confirmed,Corporate Event,2023-03-17,Corporate,Monastir,Tunisie,1,0.0,0.0,200.0,500.0,Hotel
2259,10256.0,42,3577,22000.0,14.0,pending,Corporate Event,2025-03-10,Corporate,Nabeul,Tunisie,4,0.0,0.0,300.0,500.0,Venues de mariage privées
7584,5743.0,239,4101,20000.0,0.0,cancelled,Corporate Event,2024-02-02,Wedding,Gafsa,Tunisie,1,0.0,0.0,100.0,200.0,Hotel
3519,55780.0,249,22215,25000.0,0.0,cancelled,Corporate Event,2025-01-03,Birthday,Kasserine,Tunisie,5,0.0,0.0,200.0,400.0,Venues de mariage privées
6623,10405.0,155,66,15000.0,0.0,confirmed,Corporate Event,2025-10-08,Birthday,Mahdia,Tunisie,3,0.0,0.0,200.0,400.0,Venues de mariage privées
15407,1513.0,176,3661,22000.0,0.0,cancelled,Wedding,2025-03-20,Birthday,Jendouba,Tunisie,5,0.0,0.0,100.0,200.0,Hotel
3100,10006.0,176,3661,19000.0,9.0,confirmed,Corporate Event,2023-01-05,Wedding,Kairouan,Tunisie,5,0.0,0.0,300.0,500.0,Venues de mariage privées
14087,3161.0,239,4101,13000.0,0.0,pending,Wedding,2024-11-20,Birthday,Kasserine,Tunisie,3,0.0,0.0,200.0,400.0,Venues de mariage privées
8759,5088.0,298,962,26000.0,7.0,cancelled,Corporate Event,2023-10-11,Corporate,Zaghouan,Tunisie,5,0.0,0.0,100.0,200.0,Hotel
16663,4084.0,42,3577,12000.0,9.0,pending,Corporate Event,2024-03-29,Wedding,Kairouan,Tunisie,2,0.0,0.0,300.0,500.0,Venues de mariage privées
3037,4691.0,176,3661,22000.0,1.0,confirmed,Wedding,2023-02-25,Wedding,Tataouine,Tunisie,1,0.0,0.0,100.0,200.0,Hotel
294,12651.0,252,1608,12000.0,7.0,confirmed,Birthday,2024-02-14,Corporate,Zaghouan,Tunisie,5,0.0,0.0,100.0,200.0,Hotel
12577,935.0,176,3661,26000.0,0.0,cancelled,Corporate Event,2024-03-26,Birthday,Sousse,Tunisie,2,0.0,0.0,300.0,500.0,Venues de mariage privées
4084,7287.0,202,1983,21000.0,0.0,cancelled,Birthday,2024-03-16,Birthday,Tunis,Tunisie,4,0.0,0.0,300.0,500.0,Hotel
1869,13069.0,155,66,26000.0,10.0,pending,Birthday,2023-01-29,Corporate,Jendouba,Tunisie,1,0.0,0.0,100.0,200.0,Hotel
10168,12220.0,229,3480,23000.0,3.0,confirmed,Corporate Event,2025-06-12,Corporate,Sfax,Tunisie,4,0.0,0.0,200.0,500.0,Hotel
17862,2497.0,203,1258,25000.0,0.0,pending,Corporate Event,2024-01-19,Birthday,Sidi Bouzid,Tunisie,2,0.0,0.0,200.0,400.0,Venues de mariage privées
12240,11489.0,42,3577,13000.0,2.0,pending,Birthday,2025-03-02,Wedding,Mahdia,Tunisie,3,0.0,0.0,200.0,400.0,Venues de mariage privées
5803,13333.0,229,3480,25000.0,2.0,cancelled,Corporate Event,2024-06-26,Wedding,Jendouba,Tunisie,3,0.0,0.0,100.0,200.0,Hotel
12519,2421.0,298,962,20000.0,3.0,pending,Corporate Event,2025-02-19,Wedding,Sidi Bouzid,Tunisie,4,0.0,0.0,200.0,400.0,Venues de mariage privées
4855,11657.0,252,1608,12000.0,10.0,confirmed,Birthday,2023-08-03,Corporate,Jendouba,Tunisie,5,0.0,0.0,100.0,200.0,Hotel
10697,6939.0,42,3577,22000.0,3.0,confirmed,Corporate Event,2024-07-03,Corporate,Sfax,Tunisie,1,0.0,0.0,200.0,500.0,Hotel
17486,1748.0,155,66,15000.0,10.0,cancelled,Birthday,2022-08-28,Corporate,Jendouba,Tunisie,5,0.0,0.0,100.0,200.0,Hotel
12832,4818.0,298,962,24000.0,20.0,cancelled,Corporate Event,2025-06-27,Wedding,Manouba,Tunisie,3,0.0,0.0,200.0,400.0,Venues de mariage privées
1839,10496.0,249,22215,22000.0,16.0,cancelled,Birthday,2022-04-10,Wedding,Monastir,Tunisie,4,0.0,0.0,200.0,500.0,Hotel
7850,5717.0,252,1608,25000.0,0.0,cancelled,Birthday,2025-07-06,Wedding,Gafsa,Tunisie,1,0.0,0.0,100.0,200.0,Hotel
11858,8252.0,229,3480,25000.0,20.0,cancelled,Corporate Event,2024-08-07,Wedding,Manouba,Tunisie,3,0.0,0.0,200.0,400.0,Venues de mariage privées
12268,8360.0,202,1983,17000.0,0.0,confirmed,Corporate Event,2025-05-10,Birthday,Ariana,Tunisie,5,0.0,0.0,200.0,400.0,Venues de mariage privées
15051,4621.0,298,962,25000.0,0.0,confirmed,Wedding,2022-10-15,Birthday,Tunis,Tunisie,2,0.0,0.0,300.0,500.0,Hotel
7638,4982.0,252,1608,17000.0,10.0,confirmed,Wedding,2022-10-15,Corporate,Jendouba,Tunisie,2,0.0,0.0,100.0,200.0,Hotel
10627,10124.0,203,1258,22000.0,4.0,pending,Wedding,2023-01-28,Corporate,Tunis,Tunisie,5,0.0,0.0,300.0,500.0,Hotel
1644,9523.0,298,962,26000.0,9.0,cancelled,Wedding,2022-10-25,Corporate,Sousse,Tunisie,4,0.0,0.0,300.0,500.0,Venues de mariage privées
8625,13877.0,203,1417,12000.0,11.0,pending,Birthday,2025-01-23,Corporate,Ariana,Tunisie,5,0.0,0.0,200.0,400.0,Venues de mariage privées
13616,6694.0,202,1983,20000.0,0.0,cancelled,Birthday,2024-08-17,Birthday,Kasserine,Tunisie,5,0.0,0.0,200.0,400.0,Venues de mariage privées
4782,9521.0,239,4101,22000.0,2.0,cancelled,Wedding,2023-11-01,Wedding,Mahdia,Tunisie,5,0.0,0.0,200.0,400.0,Venues de mariage privées
16995,8739.0,252,1608,22000.0,14.0,cancelled,Birthday,2023-02-27,Wedding,Ariana,Tunisie,1,0.0,0.0,200.0,400.0,Venues de mariage privées
8549,1827.0,203,1258,23000.0,8.0,pending,Corporate Event,2024-05-03,Wedding,Zaghouan,Tunisie,5,0.0,0.0,100.0,200.0,Hotel
3524,13466.0,176,3661,15000.0,8.0,confirmed,Wedding,2022-02-19,Wedding,Bizerte,Tunisie,5,0.0,0.0,300.0,500.0,Venues de mariage privées
7757,14357.0,239,4101,12000.0,3.0,cancelled,Wedding,2023-02-23,Birthday,Zaghouan,Tunisie,2,0.0,0.0,100.0,200.0,Hotel
10419,10727.0,126,4896,13000.0,2.0,confirmed,Wedding,2025-07-05,Birthday,Monastir,Tunisie,1,0.0,0.0,200.0,500.0,Hotel
16504,2116.0,176,3661,17000.0,8.0,cancelled,Wedding,2022-12-28,Wedding,Bizerte,Tunisie,1,0.0,0.0,300.0,500.0,Venues de mariage privées
4047,8059.0,202,1983,24000.0,16.0,confirmed,Wedding,2022-12-24,Wedding,Manouba,Tunisie,3,0.0,0.0,200.0,400.0,Venues de mariage privées
4772,5010.0,203,1417,22000.0,3.0,cancelled,Corporate Event,2022-10-15,Corporate,Sfax,Tunisie,4,0.0,0.0,200.0,500.0,Hotel
2789,6787.0,126,4896,22000.0,0.0,confirmed,Wedding,2025-02-12,Birthday,Sidi Bouzid,Tunisie,2,0.0,0.0,200.0,400.0,Venues de mariage privées
5212,2306.0,249,22215,22000.0,0.0,pending,Birthday,2023-08-19,Birthday,Mahdia,Tunisie,4,0.0,0.0,200.0,400.0,Venues de mariage privées
17356,433.0,42,3577,21000.0,2.0,cancelled,Birthday,2022-03-18,Wedding,Mahdia,Tunisie,4,0.0,0.0,200.0,400.0,Venues de mariage privées
16210,2903.0,252,1608,19000.0,4.0,confirmed,Birthday,2025-09-23,Wedding,Ben Arous,Tunisie,4,0.0,0.0,200.0,400.0,Venues de mariage privées
8968,8230.0,203,1258,21000.0,0.0,confirmed,Corporate Event,2022-11-09,Wedding,Kasserine,Tunisie,2,0.0,0.0,200.0,400.0,Venues de mariage privées
9714,8790.0,176,3661,19000.0,0.0,confirmed,Birthday,2022-09-06,Wedding,Kasserine,Tunisie,5,0.0,0.0,200.0,400.0,Venues de mariage privées
9388,8459.0,203,1417,21000.0,0.0,confirmed,Wedding,2023-09-20,Wedding,Sfax,Tunisie,5,0.0,0.0,200.0,500.0,Hotel
500,13901.0,42,3577,26000.0,4.0,pending,Wedding,2023-08-02,Birthday,Bizerte,Tunisie,1,0.0,0.0,300.0,500.0,Venues de mariage privées
8346,12604.0,202,1983,20000.0,15.0,confirmed,Wedding,2022-11-21,Corporate,Ben Arous,Tunisie,1,0.0,0.0,200.0,400.0,Venues de mariage privées
2988,7459.0,155,66,26000.0,14.0,confirmed,Birthday,2024-02-17,Wedding,Ariana,Tunisie,3,0.0,0.0,200.0,400.0,Venues de mariage privées
12262,5192.0,298,962,23000.0,10.0,cancelled,Wedding,2023-09-09,Wedding,Gafsa,Tunisie,1,0.0,0.0,100.0,200.0,Hotel
9413,14106.0,252,1608,17000.0,2.0,pending,Birthday,2024-01-07,Birthday,Ben Arous,Tunisie,1,0.0,0.0,200.0,400.0,Venues de mariage privées
17626,12315.0,298,962,22000.0,7.0,cancelled,Birthday,2025-09-25,Wedding,Jendouba,Tunisie,1,0.0,0.0,100.0,200.0,Hotel
12910,8033.0,249,22215,12000.0,13.0,confirmed,Corporate Event,2024-09-23,Corporate,Manouba,Tunisie,4,0.0,0.0,200.0,400.0,Venues de mariage privées
5345,1451.0,252,1608,25000.0,8.0,cancelled,Birthday,2023-04-15,Wedding,Bizerte,Tunisie,3,0.0,0.0,300.0,500.0,Venues de mariage privées
13226,3300.0,239,4101,17000.0,2.0,cancelled,Wedding,2025-07-19,Wedding,Siliana,Tunisie,4,0.0,0.0,200.0,400.0,Venues de mariage privées
13557,9694.0,252,1608,22000.0,2.0,confirmed,Wedding,2024-04-21,Birthday,Ben Arous,Tunisie,2,0.0,0.0,200.0,400.0,Venues de mariage privées
1064,6871.0,155,66,26000.0,2.0,cancelled,Corporate Event,2025-04-23,Wedding,Bizerte,Tunisie,3,0.0,0.0,300.0,500.0,Venues de mariage privées
16780,14847.0,155,66,13000.0,7.0,confirmed,Wedding,2025-09-22,Wedding,Nabeul,Tunisie,2,0.0,0.0,300.0,500.0,Venues de mariage privées
13584,124490.0,252,1608,22000.0,5.0,pending,Birthday,2023-03-02,Corporate,Tozeur,Tunisie,1,0.0,0.0,300.0,500.0,Venues de mariage privées
6970,837.0,176,3661,25000.0,4.0,confirmed,Wedding,2024-07-14,Wedding,Kairouan,Tunisie,2,0.0,0.0,300.0,500.0,Venues de mariage privées
10131,5786.0,203,1417,24000.0,0.0,confirmed,Wedding,2024-12-09,Birthday,Tozeur,Tunisie,3,0.0,0.0,300.0,500.0,Venues de mariage privées
14669,384.0,126,4896,22000.0,2.0,pending,Corporate Event,2024-05-17,Birthday,Monastir,Tunisie,5,0.0,0.0,200.0,500.0,Hotel
7328,9913.0,249,22215,23000.0,7.0,pending,Wedding,2023-08-09,Birthday,Kairouan,Tunisie,2,0.0,0.0,300.0,500.0,Venues de mariage privées
129,687.0,155,66,22000.0,2.0,confirmed,Wedding,2025-08-04,Wedding,Bizerte,Tunisie,3,0.0,0.0,300.0,500.0,Venues de mariage privées
6105,12463.0,239,4101,26000.0,2.0,confirmed,Corporate Event,2023-05-27,Wedding,Mahdia,Tunisie,2,0.0,0.0,200.0,400.0,Venues de mariage privées
8465,14216.0,203,1258,26000.0,10.0,confirmed,Wedding,2022-03-16,Birthday,Nabeul,Tunisie,5,0.0,0.0,300.0,500.0,Venues de mariage privées
14555,8904.0,42,3577,22000.0,3.0,cancelled,Wedding,2023-11-27,Birthday,Zaghouan,Tunisie,3,0.0,0.0,100.0,200.0,Hotel
4221,379.0,155,66,25000.0,3.0,confirmed,Wedding,2025-10-09,Corporate,Sfax,Tunisie,2,0.0,0.0,200.0,500.0,Hotel
17177,10772.0,176,3661,26000.0,0.0,cancelled,Corporate Event,2024-09-25,Birthday,Ariana,Tunisie,4,0.0,0.0,200.0,400.0,Venues de mariage privées
6753,5217.0,252,1608,25000.0,16.0,confirmed,Wedding,2024-08-16,Wedding,Monastir,Tunisie,3,0.0,0.0,200.0,500.0,Hotel
16578,9784.0,252,1608,15000.0,16.0,pending,Birthday,2023-04-17,Wedding,Sousse,Tunisie,5,0.0,0.0,300.0,500.0,Venues de mariage privées
2832,9686.0,202,1983,12000.0,8.0,cancelled,Birthday,2023-11-02,Wedding,Zaghouan,Tunisie,2,0.0,0.0,100.0,200.0,Hotel
13237,1878.0,155,66,20000.0,2.0,pending,Wedding,2022-11-05,Wedding,Mahdia,Tunisie,4,0.0,0.0,200.0,400.0,Venues de mariage privées
10326,7979.0,155,66,12000.0,3.0,pending,Birthday,2025-09-18,Corporate,Sidi Bouzid,Tunisie,2,0.0,0.0,200.0,400.0,Venues de mariage privées
4114,3153.0,252,1608,12000.0,10.0,pending,Wedding,2024-07-02,Wedding,Ariana,Tunisie,3,0.0,0.0,200.0,400.0,Venues de mariage privées
17440,7400.0,252,1608,12000.0,0.0,cancelled,Wedding,2025-09-06,Birthday,Ariana,Tunisie,5,0.0,0.0,200.0,400.0,Venues de mariage privées
8434,2486.0,239,4101,22000.0,2.0,confirmed,Wedding,2022-04-08,Wedding,Jendouba,Tunisie,4,0.0,0.0,100.0,200.0,Hotel
14462,3107.0,203,1258,25000.0,14.0,confirmed,Wedding,2025-02-27,Corporate,Nabeul,Tunisie,5,0.0,0.0,300.0,500.0,Venues de mariage privées
14822,2954.0,239,4101,25000.0,3.0,pending,Birthday,2023-08-06,Corporate,Sfax,Tunisie,3,0.0,0.0,200.0,500.0,Hotel
15307,3244.0,252,1608,26000.0,10.0,confirmed,Wedding,2024-02-22,Wedding,Kasserine,Tunisie,1,0.0,0.0,200.0,400.0,Venues de mariage privées
3939,3960.0,229,3480,26000.0,2.0,cancelled,Wedding,2024-03-22,Birthday,Ben Arous,Tunisie,5,0.0,0.0,200.0,400.0,Venues de mariage privées
5932,14966.0,203,1417,19000.0,10.0,pending,Wedding,2022-11-09,Corporate,Jendouba,Tunisie,2,0.0,0.0,100.0,200.0,Hotel
7625,6334.0,239,4101,12000.0,0.0,cancelled,Birthday,2025-04-11,Wedding,Tozeur,Tunisie,4,0.0,0.0,300.0,500.0,Venues de mariage privées
2444,14558.0,203,1417,15000.0,0.0,confirmed,Birthday,2024-11-21,Wedding,Kasserine,Tunisie,5,0.0,0.0,200.0,400.0,Venues de mariage privées
7460,14867.0,249,22215,25000.0,2.0,confirmed,Wedding,2023-12-02,Wedding,Mahdia,Tunisie,3,0.0,0.0,200.0,400.0,Venues de mariage privées
4784,4924.0,252,1608,22000.0,0.0,confirmed,Wedding,2024-08-09,Birthday,Mahdia,Tunisie,1,0.0,0.0,200.0,400.0,Venues de mariage privées
9617,14422.0,176,3661,13000.0,3.0,pending,Corporate Event,2022-11-06,Birthday,Zaghouan,Tunisie,4,0.0,0.0,100.0,200.0,Hotel
481,11572.0,249,22215,26000.0,5.0,confirmed,Corporate Event,2022-04-18,Wedding,Sousse,Tunisie,1,0.0,0.0,300.0,500.0,Venues de mariage privées
9029,96320.0,155,66,26000.0,7.0,confirmed,Wedding,2022-04-16,Wedding,Nabeul,Tunisie,2,0.0,0.0,300.0,500.0,Venues de mariage privées
5713,12292.0,203,1417,24000.0,10.0,confirmed,Wedding,2022-07-03,Corporate,Jendouba,Tunisie,3,0.0,0.0,100.0,200.0,Hotel
16333,5722.0,239,4101,21000.0,0.0,pending,Corporate Event,2022-04-16,Wedding,Kasserine,Tunisie,1,0.0,0.0,200.0,400.0,Venues de mariage privées
1478,13580.0,249,22215,20000.0,0.0,confirmed,Wedding,2022-08-29,Birthday,Sidi Bouzid,Tunisie,2,0.0,0.0,200.0,400.0,Venues de mariage privées
12386,11198.0,126,4896,17000.0,2.0,cancelled,Birthday,2024-08-11,Wedding,Jendouba,Tunisie,5,0.0,0.0,100.0,200.0,Hotel
15396,11254.0,229,3480,17000.0,5.0,confirmed,Wedding,2024-07-18,Corporate,Kairouan,Tunisie,1,0.0,0.0,300.0,500.0,Venues de mariage privées
76,2883.0,203,1258,25000.0,0.0,cancelled,Wedding,2022-02-13,Birthday,Jendouba,Tunisie,5,0.0,0.0,100.0,200.0,Hotel
1128,1751.0,42,3577,13000.0,2.0,pending,Birthday,2025-09-22,Wedding,Sidi Bouzid,Tunisie,5,0.0,0.0,200.0,400.0,Venues de mariage privées
10047,7592.0,249,22215,22000.0,10.0,confirmed,Wedding,2024-11-24,Wedding,Kasserine,Tunisie,4,0.0,0.0,200.0,400.0,Venues de mariage privées
921,12994.0,252,1608,25000.0,0.0,confirmed,Birthday,2023-10-18,Wedding,Tozeur,Tunisie,2,0.0,0.0,300.0,500.0,Venues de mariage privées
7139,6066.0,252,1608,22000.0,5.0,pending,Corporate Event,2022-01-09,Wedding,Sousse,Tunisie,2,0.0,0.0,300.0,500.0,Venues de mariage privées
8738,5126.0,42,3577,23000.0,0.0,pending,Wedding,2023-03-29,Corporate,Tataouine,Tunisie,4,0.0,0.0,100.0,200.0,Hotel
5425,204.0,239,4101,15000.0,0.0,confirmed,Birthday,2025-01-12,Birthday,Mahdia,Tunisie,1,0.0,0.0,200.0,400.0,Venues de mariage privées
16268,14821.0,176,3661,21000.0,7.0,pending,Corporate Event,2025-08-08,Corporate,Zaghouan,Tunisie,2,0.0,0.0,100.0,200.0,Hotel
2193,9658.0,239,4101,15000.0,3.0,cancelled,Wedding,2022-02-07,Wedding,Monastir,Tunisie,5,0.0,0.0,200.0,500.0,Hotel
11815,11491.0,42,3577,13000.0,9.0,pending,Wedding,2022-08-23,Wedding,Kairouan,Tunisie,3,0.0,0.0,300.0,500.0,Venues de mariage privées
3666,623.0,249,22215,20000.0,0.0,cancelled,Birthday,2024-08-25,Birthday,Tunis,Tunisie,4,0.0,0.0,300.0,500.0,Hotel
3598,5045.0,252,1608,20000.0,20.0,cancelled,Corporate Event,2022-04-25,Wedding,Tunis,Tunisie,3,0.0,0.0,300.0,500.0,Hotel
9273,7637.0,202,1983,20000.0,14.0,confirmed,Birthday,2025-04-08,Corporate,Nabeul,Tunisie,2,0.0,0.0,300.0,500.0,Venues de mariage privées
12244,1054.0,202,1983,19000.0,7.0,cancelled,Wedding,2022-11-01,Birthday,Kairouan,Tunisie,1,0.0,0.0,300.0,500.0,Venues de mariage privées
6303,8828.0,176,3661,21000.0,5.0,pending,Corporate Event,2024-09-16,Corporate,Kairouan,Tunisie,1,0.0,0.0,300.0,500.0,Venues de mariage privées
16586,126710.0,252,1608,22000.0,5.0,confirmed,Birthday,2022-11-09,Corporate,Gafsa,Tunisie,4,0.0,0.0,100.0,200.0,Hotel
6773,3569.0,239,4101,20000.0,5.0,pending,Corporate Event,2025-08-21,Corporate,Tozeur,Tunisie,3,0.0,0.0,300.0,500.0,Venues de mariage privées
4666,10965.0,229,3480,21000.0,3.0,pending,Wedding,2025-08-12,Wedding,Sidi Bouzid,Tunisie,2,0.0,0.0,200.0,400.0,Venues de mariage privées
6752,4773.0,155,66,19000.0,0.0,cancelled,Wedding,2025-06-27,Birthday,Jendouba,Tunisie,2,0.0,0.0,100.0,200.0,Hotel
2363,14126.0,126,4896,21000.0,3.0,cancelled,Wedding,2023-08-13,Birthday,Zaghouan,Tunisie,5,0.0,0.0,100.0,200.0,Hotel
1360,5856.0,252,1608,12000.0,0.0,pending,Wedding,2022-08-19,Birthday,Sidi Bouzid,Tunisie,2,0.0,0.0,200.0,400.0,Venues de mariage privées
498,5795.0,176,3661,20000.0,14.0,cancelled,Corporate Event,2023-09-26,Wedding,Ariana,Tunisie,3,0.0,0.0,200.0,400.0,Venues de mariage privées
17283,14938.0,249,22215,26000.0,10.0,cancelled,Wedding,2023-03-11,Wedding,Kasserine,Tunisie,3,0.0,0.0,200.0,400.0,Venues de mariage privées
2514,11644.0,202,1983,17000.0,0.0,confirmed,Corporate Event,2023-04-30,Birthday,Sidi Bouzid,Tunisie,3,0.0,0.0,200.0,400.0,Venues de mariage privées
15453,4931.0,249,22215,12000.0,7.0,confirmed,Birthday,2023-03-21,Wedding,Jendouba,Tunisie,1,0.0,0.0,100.0,200.0,Hotel
3233,11693.0,239,4101,22000.0,2.0,confirmed,Wedding,2024-06-18,Wedding,Bizerte,Tunisie,4,0.0,0.0,300.0,500.0,Venues de mariage privées
2645,10873.0,203,1417,21000.0,3.0,confirmed,Birthday,2024-05-20,Birthday,Zaghouan,Tunisie,3,0.0,0.0,100.0,200.0,Hotel
13511,8840.0,176,3661,25000.0,16.0,confirmed,Corporate Event,2023-04-25,Wedding,Monastir,Tunisie,3,0.0,0.0,200.0,500.0,Hotel
8484,2220.0,239,4101,13000.0,14.0,cancelled,Birthday,2023-10-23,Wedding,Ariana,Tunisie,2,0.0,0.0,200.0,400.0,Venues de mariage privées
13815,13285.0,229,3480,13000.0,0.0,confirmed,Corporate Event,2024-03-16,Birthday,Ariana,Tunisie,1,0.0,0.0,200.0,400.0,Venues de mariage privées
8245,4360.0,202,1983,19000.0,2.0,pending,Wedding,2024-03-06,Wedding,Jendouba,Tunisie,4,0.0,0.0,100.0,200.0,Hotel
864,12165.0,176,3661,13000.0,0.0,confirmed,Birthday,2024-11-24,Birthday,Gafsa,Tunisie,5,0.0,0.0,100.0,200.0,Hotel
3251,4172.0,155,66,23000.0,7.0,cancelled,Birthday,2024-09-06,Wedding,Jendouba,Tunisie,3,0.0,0.0,100.0,200.0,Hotel
3966,575.0,155,66,19000.0,3.0,confirmed,Birthday,2025-10-13,Birthday,Zaghouan,Tunisie,3,0.0,0.0,100.0,200.0,Hotel
5716,11486.0,229,3480,24000.0,0.0,pending,Birthday,2025-07-12,Corporate,Siliana,Tunisie,1,0.0,0.0,200.0,400.0,Venues de mariage privées
13711,13914.0,252,1608,15000.0,2.0,confirmed,Corporate Event,2023-05-15,Wedding,Nabeul,Tunisie,2,0.0,0.0,300.0,500.0,Venues de mariage privées
9723,9126.0,252,1608,12000.0,0.0,cancelled,Corporate Event,2024-09-01,Birthday,Kasserine,Tunisie,4,0.0,0.0,200.0,400.0,Venues de mariage privées
5009,13415.0,252,1608,12000.0,3.0,pending,Birthday,2022-09-15,Corporate,Sidi Bouzid,Tunisie,3,0.0,0.0,200.0,400.0,Venues de mariage privées
17088,4309.0,252,1608,19000.0,5.0,confirmed,Birthday,2025-08-10,Corporate,Kairouan,Tunisie,4,0.0,0.0,300.0,500.0,Venues de mariage privées
13336,23450.0,42,3577,12000.0,0.0,cancelled,Wedding,2025-06-18,Birthday,Ariana,Tunisie,1,0.0,0.0,200.0,400.0,Venues de mariage privées
16046,8343.0,42,3577,26000.0,0.0,confirmed,Birthday,2025-10-30,Birthday,Kasserine,Tunisie,1,0.0,0.0,200.0,400.0,Venues de mariage privées
2350,6330.0,202,1983,15000.0,7.0,confirmed,Birthday,2023-01-16,Wedding,Nabeul,Tunisie,1,0.0,0.0,300.0,500.0,Venues de mariage privées
4849,6091.0,203,1258,24000.0,16.0,pending,Wedding,2023-12-31,Wedding,Manouba,Tunisie,5,0.0,0.0,200.0,400.0,Venues de mariage privées
8253,3174.0,252,1608,22000.0,4.0,cancelled,Corporate Event,2024-09-26,Birthday,Bizerte,Tunisie,5,0.0,0.0,300.0,500.0,Venues de mariage privées
17612,5972.0,252,1608,12000.0,0.0,cancelled,Wedding,2023-09-06,Birthday,Sousse,Tunisie,2,0.0,0.0,300.0,500.0,Venues de mariage privées
1674,13976.0,203,1417,22000.0,0.0,pending,Corporate Event,2023-12-11,Birthday,Sidi Bouzid,Tunisie,4,0.0,0.0,200.0,400.0,Venues de mariage privées
7756,130500.0,249,22215,20000.0,8.0,cancelled,Birthday,2024-05-28,Wedding,Bizerte,Tunisie,5,0.0,0.0,300.0,500.0,Venues de mariage privées
17123,2278.0,203,1258,20000.0,10.0,pending,Birthday,2023-10-08,Wedding,Ariana,Tunisie,2,0.0,0.0,200.0,400.0,Venues de mariage privées
4775,8811.0,126,4896,24000.0,2.0,pending,Birthday,2025-10-10,Wedding,Jendouba,Tunisie,5,0.0,0.0,100.0,200.0,Hotel
10768,11285.0,298,962,19000.0,10.0,cancelled,Wedding,2025-06-26,Wedding,Ariana,Tunisie,5,0.0,0.0,200.0,400.0,Venues de mariage privées
1388,9736.0,42,3577,25000.0,2.0,confirmed,Corporate Event,2025-08-25,Wedding,Bizerte,Tunisie,3,0.0,0.0,300.0,500.0,Venues de mariage privées
12251,9770.0,252,1608,26000.0,16.0,confirmed,Birthday,2023-08-10,Wedding,Monastir,Tunisie,4,0.0,0.0,200.0,500.0,Hotel
9647,11292.0,229,3480,22000.0,7.0,pending,Corporate Event,2022-11-11,Wedding,Nabeul,Tunisie,5,0.0,0.0,300.0,500.0,Venues de mariage privées
6274,8479.0,42,3577,17000.0,8.0,confirmed,Wedding,2025-03-29,Wedding,Bizerte,Tunisie,1,0.0,0.0,300.0,500.0,Venues de mariage privées
11831,5797.0,203,1258,13000.0,7.0,cancelled,Wedding,2022-11-08,Corporate,Zaghouan,Tunisie,1,0.0,0.0,100.0,200.0,Hotel
13197,14921.0,202,1983,12000.0,0.0,confirmed,Wedding,2024-06-19,Wedding,Tozeur,Tunisie,2,0.0,0.0,300.0,500.0,Venues de mariage privées
16478,8809.0,298,962,15000.0,0.0,cancelled,Birthday,2023-12-19,Wedding,Kasserine,Tunisie,3,0.0,0.0,200.0,400.0,Venues de mariage privées
4066,11360.0,203,1258,19000.0,0.0,pending,Wedding,2025-04-22,Wedding,Tozeur,Tunisie,3,0.0,0.0,300.0,500.0,Venues de mariage privées
808,13012.0,202,1983,23000.0,14.0,pending,Wedding,2022-04-26,Corporate,Nabeul,Tunisie,2,0.0,0.0,300.0,500.0,Venues de mariage privées
12867,2706.0,239,4101,22000.0,2.0,cancelled,Corporate Event,2023-03-12,Wedding,Mahdia,Tunisie,5,0.0,0.0,200.0,400.0,Venues de mariage privées
6973,1090.0,202,1983,26000.0,2.0,pending,Corporate Event,2025-06-02,Wedding,Bizerte,Tunisie,1,0.0,0.0,300.0,500.0,Venues de mariage privées
8715,13995.0,229,3480,25000.0,0.0,confirmed,Corporate Event,2024-01-09,Birthday,Sidi Bouzid,Tunisie,1,0.0,0.0,200.0,400.0,Venues de mariage privées
13831,4360.0,229,3480,24000.0,0.0,confirmed,Birthday,2022-06-26,Wedding,Tozeur,Tunisie,2,0.0,0.0,300.0,500.0,Venues de mariage privées
17572,3173.0,298,962,24000.0,5.0,cancelled,Corporate Event,2022-02-06,Corporate,Tozeur,Tunisie,5,0.0,0.0,300.0,500.0,Venues de mariage privées
2208,9854.0,203,1258,24000.0,4.0,cancelled,Wedding,2025-05-06,Wedding,Kairouan,Tunisie,1,0.0,0.0,300.0,500.0,Venues de mariage privées
12869,13898.0,202,1983,21000.0,20.0,pending,Wedding,2024-10-26,Wedding,Tunis,Tunisie,1,0.0,0.0,300.0,500.0,Hotel
3262,13578.0,229,3480,22000.0,8.0,confirmed,Wedding,2022-11-24,Wedding,Bizerte,Tunisie,3,0.0,0.0,300.0,500.0,Venues de mariage privées
6260,10228.0,176,3661,20000.0,16.0,cancelled,Wedding,2022-06-16,Wedding,Siliana,Tunisie,3,0.0,0.0,200.0,400.0,Venues de mariage privées
13114,1182.0,42,3577,23000.0,0.0,pending,Birthday,2023-03-01,Wedding,Tozeur,Tunisie,5,0.0,0.0,300.0,500.0,Venues de mariage privées
2867,6795.0,203,1258,21000.0,16.0,pending,Corporate Event,2024-09-20,Wedding,Manouba,Tunisie,2,0.0,0.0,200.0,400.0,Venues de mariage privées
12817,12325.0,252,1608,13000.0,0.0,cancelled,Corporate Event,2022-01-09,Birthday,Mahdia,Tunisie,2,0.0,0.0,200.0,400.0,Venues de mariage privées
16619,355.0,229,3480,20000.0,0.0,confirmed,Birthday,2022-05-16,Wedding,Tozeur,Tunisie,1,0.0,0.0,300.0,500.0,Venues de mariage privées
5100,1864.0,249,22215,22000.0,2.0,confirmed,Corporate Event,2024-01-14,Wedding,Sidi Bouzid,Tunisie,4,0.0,0.0,200.0,400.0,Venues de mariage privées
11491,13015.0,203,1258,24000.0,13.0,pending,Corporate Event,2022-12-25,Corporate,Manouba,Tunisie,5,0.0,0.0,200.0,400.0,Venues de mariage privées
14685,10320.0,249,22215,12000.0,10.0,cancelled,Wedding,2024-02-15,Wedding,Kasserine,Tunisie,2,0.0,0.0,200.0,400.0,Venues de mariage privées
6058,4159.0,298,962,23000.0,7.0,confirmed,Corporate Event,2024-07-07,Birthday,Tataouine,Tunisie,1,0.0,0.0,100.0,200.0,Hotel
10162,13003.0,203,1417,12000.0,5.0,cancelled,Wedding,2025-08-21,Corporate,Kairouan,Tunisie,4,0.0,0.0,300.0,500.0,Venues de mariage privées
13849,4421.0,298,962,25000.0,0.0,pending,Corporate Event,2025-10-01,Wedding,Kasserine,Tunisie,5,0.0,0.0,200.0,400.0,Venues de mariage privées
3833,5760.0,42,3577,26000.0,5.0,pending,Corporate Event,2023-01-06,Corporate,Gafsa,Tunisie,5,0.0,0.0,100.0,200.0,Hotel
8594,7852.0,229,3480,21000.0,15.0,pending,Corporate Event,2023-05-30,Corporate,Ben Arous,Tunisie,2,0.0,0.0,200.0,400.0,Venues de mariage privées
3778,5061.0,252,1608,15000.0,5.0,confirmed,Corporate Event,2025-06-09,Wedding,Sousse,Tunisie,5,0.0,0.0,300.0,500.0,Venues de mariage privées
12422,6016.0,203,1417,19000.0,4.0,pending,Corporate Event,2024-04-21,Corporate,Tunis,Tunisie,4,0.0,0.0,300.0,500.0,Hotel
5749,1564.0,42,3577,23000.0,10.0,confirmed,Corporate Event,2023-01-18,Corporate,Jendouba,Tunisie,1,0.0,0.0,100.0,200.0,Hotel
7127,4228.0,252,1608,19000.0,9.0,cancelled,Wedding,2022-08-31,Wedding,Kairouan,Tunisie,1,0.0,0.0,300.0,500.0,Venues de mariage privées
15157,8076.0,176,3661,15000.0,2.0,pending,Birthday,2025-01-18,Wedding,Mahdia,Tunisie,5,0.0,0.0,200.0,400.0,Venues de mariage privées
11244,8133.0,202,1983,17000.0,20.0,pending,Birthday,2025-06-26,Wedding,Tunis,Tunisie,5,0.0,0.0,300.0,500.0,Hotel
4421,12560.0,252,1608,22000.0,5.0,confirmed,Wedding,2023-01-20,Wedding,Sousse,Tunisie,1,0.0,0.0,300.0,500.0,Venues de mariage privées
7793,14369.0,155,66,15000.0,0.0,confirmed,Birthday,2024-05-12,Birthday,Siliana,Tunisie,4,0.0,0.0,200.0,400.0,Venues de mariage privées
17213,4300.0,203,1417,13000.0,0.0,cancelled,Wedding,2024-03-09,Birthday,Jendouba,Tunisie,1,0.0,0.0,100.0,200.0,Hotel
15796,2785.0,155,66,17000.0,0.0,cancelled,Birthday,2024-05-02,Birthday,Kasserine,Tunisie,5,0.0,0.0,200.0,400.0,Venues de mariage privées
11670,5374.0,155,66,24000.0,12.0,cancelled,Corporate Event,2024-12-19,Corporate,Monastir,Tunisie,1,0.0,0.0,200.0,500.0,Hotel
16637,3887.0,126,4896,17000.0,0.0,pending,Corporate Event,2025-07-29,Wedding,Gafsa,Tunisie,3,0.0,0.0,100.0,200.0,Hotel
13787,1426.0,229,3480,17000.0,7.0,pending,Corporate Event,2023-11-16,Wedding,Nabeul,Tunisie,3,0.0,0.0,300.0,500.0,Venues de mariage privées
1815,6846.0,229,3480,23000.0,12.0,cancelled,Birthday,2025-06-09,Corporate,Monastir,Tunisie,1,0.0,0.0,200.0,500.0,Hotel
4813,2008.0,203,1417,17000.0,0.0,pending,Corporate Event,2023-10-31,Birthday,Jendouba,Tunisie,4,0.0,0.0,100.0,200.0,Hotel
2367,9087.0,42,3577,19000.0,16.0,cancelled,Birthday,2023-03-27,Wedding,Manouba,Tunisie,2,0.0,0.0,200.0,400.0,Venues de mariage privées
17297,4092.0,42,3577,12000.0,2.0,pending,Wedding,2025-03-31,Wedding,Sidi Bouzid,Tunisie,3,0.0,0.0,200.0,400.0,Venues de mariage privées
14675,6110.0,239,4101,24000.0,5.0,cancelled,Corporate Event,2022-05-17,Corporate,Kairouan,Tunisie,3,0.0,0.0,300.0,500.0,Venues de mariage privées
6152,14346.0,239,4101,25000.0,8.0,cancelled,Wedding,2022-08-23,Wedding,Bizerte,Tunisie,1,0.0,0.0,300.0,500.0,Venues de mariage privées
16867,10140.0,42,3577,22000.0,10.0,pending,Corporate Event,2024-04-22,Wedding,Kasserine,Tunisie,1,0.0,0.0,200.0,400.0,Venues de mariage privées
14388,1789.0,252,1608,13000.0,3.0,confirmed,Birthday,2024-11-24,Birthday,Zaghouan,Tunisie,1,0.0,0.0,100.0,200.0,Hotel
17240,7795.0,229,3480,12000.0,12.0,cancelled,Corporate Event,2023-01-06,Corporate,Monastir,Tunisie,3,0.0,0.0,200.0,500.0,Hotel
7653,5183.0,239,4101,15000.0,0.0,pending,Birthday,2022-03-31,Wedding,Tozeur,Tunisie,2,0.0,0.0,300.0,500.0,Venues de mariage privées
9182,13459.0,42,3577,22000.0,20.0,cancelled,Birthday,2023-03-18,Wedding,Tunis,Tunisie,3,0.0,0.0,300.0,500.0,Hotel
12411,10947.0,203,1258,12000.0,13.0,pending,Birthday,2024-06-05,Corporate,Manouba,Tunisie,1,0.0,0.0,200.0,400.0,Venues de mariage privées
14698,9240.0,155,66,22000.0,0.0,confirmed,Corporate Event,2025-07-06,Birthday,Mahdia,Tunisie,1,0.0,0.0,200.0,400.0,Venues de mariage privées
12162,7316.0,202,1983,23000.0,0.0,pending,Birthday,2024-10-16,Birthday,Jendouba,Tunisie,5,0.0,0.0,100.0,200.0,Hotel
7361,13048.0,203,1258,24000.0,2.0,pending,Wedding,2023-09-20,Wedding,Mahdia,Tunisie,3,0.0,0.0,200.0,400.0,Venues de mariage privées
4458,10213.0,176,3661,15000.0,16.0,confirmed,Birthday,2023-02-26,Wedding,Manouba,Tunisie,2,0.0,0.0,200.0,400.0,Venues de mariage privées
15970,14906.0,252,1608,26000.0,0.0,pending,Corporate Event,2024-10-20,Birthday,Ariana,Tunisie,1,0.0,0.0,200.0,400.0,Venues de mariage privées
6185,7140.0,239,4101,20000.0,10.0,confirmed,Birthday,2024-11-20,Corporate,Jendouba,Tunisie,2,0.0,0.0,100.0,200.0,Hotel
1678,4731.0,203,1258,22000.0,10.0,cancelled,Wedding,2023-02-02,Wedding,Ariana,Tunisie,5,0.0,0.0,200.0,400.0,Venues de mariage privées
11790,13994.0,252,1608,25000.0,8.0,confirmed,Wedding,2023-11-16,Wedding,Zaghouan,Tunisie,4,0.0,0.0,100.0,200.0,Hotel
6023,9724.0,203,1258,19000.0,20.0,pending,Birthday,2025-04-16,Wedding,Tunis,Tunisie,4,0.0,0.0,300.0,500.0,Hotel
9272,6112.0,249,22215,23000.0,7.0,pending,Corporate Event,2023-06-22,Corporate,Zaghouan,Tunisie,3,0.0,0.0,100.0,200.0,Hotel
11609,5658.0,203,1417,21000.0,0.0,confirmed,Corporate Event,2024-12-09,Birthday,Tozeur,Tunisie,4,0.0,0.0,300.0,500.0,Venues de mariage privées
6290,10009.0,239,4101,22000.0,3.0,cancelled,Corporate Event,2022-07-07,Wedding,Monastir,Tunisie,3,0.0,0.0,200.0,500.0,Hotel
2950,6047.0,229,3480,17000.0,7.0,cancelled,Birthday,2022-11-29,Corporate,Zaghouan,Tunisie,4,0.0,0.0,100.0,200.0,Hotel
7654,5581.0,155,66,26000.0,9.0,confirmed,Corporate Event,2022-07-11,Corporate,Kasserine,Tunisie,5,0.0,0.0,200.0,400.0,Venues de mariage privées
16373,4210.0,155,66,19000.0,10.0,confirmed,Wedding,2023-01-19,Wedding,Gafsa,Tunisie,4,0.0,0.0,100.0,200.0,Hotel
5553,3438.0,176,3661,23000.0,0.0,pending,Corporate Event,2025-03-24,Birthday,Tozeur,Tunisie,1,0.0,0.0,300.0,500.0,Venues de mariage privées
4799,10816.0,249,22215,23000.0,8.0,cancelled,Corporate Event,2024-02-15,Wedding,Zaghouan,Tunisie,1,0.0,0.0,100.0,200.0,Hotel
13880,7579.0,42,3577,22000.0,12.0,pending,Corporate Event,2025-07-13,Corporate,Monastir,Tunisie,5,0.0,0.0,200.0,500.0,Hotel
5218,12544.0,176,3661,20000.0,16.0,confirmed,Wedding,2025-08-22,Wedding,Siliana,Tunisie,5,0.0,0.0,200.0,400.0,Venues de mariage privées
9441,10199.0,176,3661,13000.0,2.0,pending,Wedding,2025-06-13,Wedding,Jendouba,Tunisie,5,0.0,0.0,100.0,200.0,Hotel
15003,7078.0,42,3577,12000.0,2.0,confirmed,Corporate Event,2023-02-27,Wedding,Siliana,Tunisie,1,0.0,0.0,200.0,400.0,Venues de mariage privées
3779,4712.0,42,3577,13000.0,4.0,confirmed,Birthday,2024-10-20,Corporate,Tunis,Tunisie,3,0.0,0.0,300.0,500.0,Hotel
6951,14857.0,202,1983,15000.0,10.0,confirmed,Wedding,2022-10-25,Wedding,Ariana,Tunisie,4,0.0,0.0,200.0,400.0,Venues de mariage privées
9992,18520.0,249,22215,22000.0,18.0,cancelled,Wedding,2022-11-09,Birthday,Manouba,Tunisie,5,0.0,0.0,200.0,400.0,Venues de mariage privées
16567,14766.0,42,3577,20000.0,4.0,cancelled,Birthday,2024-04-22,Birthday,Bizerte,Tunisie,1,0.0,0.0,300.0,500.0,Venues de mariage privées
12374,7178.0,229,3480,25000.0,14.0,cancelled,Birthday,2023-06-23,Wedding,Ariana,Tunisie,5,0.0,0.0,200.0,400.0,Venues de mariage privées
6345,7138.0,229,3480,25000.0,13.0,confirmed,Corporate Event,2022-09-04,Corporate,Manouba,Tunisie,5,0.0,0.0,200.0,400.0,Venues de mariage privées
16869,555.0,239,4101,13000.0,16.0,confirmed,Corporate Event,2022-10-15,Wedding,Siliana,Tunisie,2,0.0,0.0,200.0,400.0,Venues de mariage privées
104,6814.0,229,3480,23000.0,10.0,confirmed,Corporate Event,2022-08-10,Wedding,Ariana,Tunisie,4,0.0,0.0,200.0,400.0,Venues de mariage privées
666,2545.0,202,1983,21000.0,1.0,confirmed,Birthday,2024-04-16,Wedding,Tataouine,Tunisie,2,0.0,0.0,100.0,200.0,Hotel
2694,13581.0,239,4101,12000.0,2.0,pending,Birthday,2024-11-03,Wedding,Jendouba,Tunisie,2,0.0,0.0,100.0,200.0,Hotel
3253,4551.0,298,962,22000.0,13.0,confirmed,Birthday,2025-11-18,Corporate,Manouba,Tunisie,1,0.0,0.0,200.0,400.0,Venues de mariage privées
8909,9247.0,229,3480,25000.0,0.0,cancelled,Birthday,2022-11-03,Wedding,Gafsa,Tunisie,3,0.0,0.0,100.0,200.0,Hotel
13089,5117.0,203,1258,24000.0,16.0,cancelled,Corporate Event,2023-02-06,Wedding,Sousse,Tunisie,5,0.0,0.0,300.0,500.0,Venues de mariage privées
11264,1437.0,252,1608,15000.0,0.0,cancelled,Wedding,2025-05-15,Wedding,Gafsa,Tunisie,2,0.0,0.0,100.0,200.0,Hotel
16866,13605.0,176,3661,17000.0,7.0,confirmed,Wedding,2023-01-05,Wedding,Jendouba,Tunisie,4,0.0,0.0,100.0,200.0,Hotel
10557,12871.0,176,3661,15000.0,7.0,pending,Corporate Event,2022-10-29,Birthday,Tataouine,Tunisie,3,0.0,0.0,100.0,200.0,Hotel
14700,3947.0,252,1608,19000.0,0.0,confirmed,Corporate Event,2024-08-27,Birthday,Jendouba,Tunisie,1,0.0,0.0,100.0,200.0,Hotel
11420,339.0,229,3480,24000.0,20.0,cancelled,Corporate Event,2024-03-10,Wedding,Tunis,Tunisie,1,0.0,0.0,300.0,500.0,Hotel
10709,3394.0,203,1258,26000.0,9.0,cancelled,Corporate Event,2023-08-08,Corporate,Kasserine,Tunisie,5,0.0,0.0,200.0,400.0,Venues de mariage privées
11084,4951.0,203,1417,12000.0,7.0,cancelled,Birthday,2024-05-10,Wedding,Nabeul,Tunisie,1,0.0,0.0,300.0,500.0,Venues de mariage privées
8498,13768.0,252,1608,24000.0,10.0,pending,Birthday,2025-07-24,Wedding,Gafsa,Tunisie,3,0.0,0.0,100.0,200.0,Hotel
5765,5801.0,155,66,15000.0,14.0,confirmed,Wedding,2022-12-25,Corporate,Nabeul,Tunisie,5,0.0,0.0,300.0,500.0,Venues de mariage privées
143,494.0,229,3480,21000.0,10.0,confirmed,Wedding,2024-03-04,Wedding,Ariana,Tunisie,2,0.0,0.0,200.0,400.0,Venues de mariage privées
15331,971.0,252,1608,20000.0,9.0,cancelled,Corporate Event,2024-11-16,Corporate,Kasserine,Tunisie,1,0.0,0.0,200.0,400.0,Venues de mariage privées
11765,3948.0,202,1983,15000.0,20.0,cancelled,Wedding,2024-07-19,Wedding,Tunis,Tunisie,3,0.0,0.0,300.0,500.0,Hotel
1475,4946.0,42,3577,24000.0,4.0,pending,Birthday,2023-08-28,Wedding,Kairouan,Tunisie,3,0.0,0.0,300.0,500.0,Venues de mariage privées
11035,12485.0,298,962,21000.0,3.0,confirmed,Corporate Event,2025-09-20,Wedding,Sidi Bouzid,Tunisie,3,0.0,0.0,200.0,400.0,Venues de mariage privées
7145,7705.0,239,4101,12000.0,0.0,confirmed,Corporate Event,2025-10-31,Birthday,Ariana,Tunisie,3,0.0,0.0,200.0,400.0,Venues de mariage privées
12108,1071.0,126,4896,20000.0,3.0,cancelled,Corporate Event,2023-12-20,Birthday,Zaghouan,Tunisie,5,0.0,0.0,100.0,200.0,Hotel
1083,259.0,126,4896,25000.0,14.0,confirmed,Birthday,2024-06-16,Wedding,Ariana,Tunisie,2,0.0,0.0,200.0,400.0,Venues de mariage privées
15075,2895.0,42,3577,22000.0,7.0,pending,Corporate Event,2025-10-21,Wedding,Jendouba,Tunisie,1,0.0,0.0,100.0,200.0,Hotel
2688,8362.0,202,1983,15000.0,3.0,cancelled,Birthday,2023-08-20,Corporate,Sidi Bouzid,Tunisie,1,0.0,0.0,200.0,400.0,Venues de mariage privées
10349,7603.0,176,3661,21000.0,8.0,confirmed,Corporate Event,2022-04-03,Wedding,Bizerte,Tunisie,3,0.0,0.0,300.0,500.0,Venues de mariage privées
12635,8275.0,298,962,15000.0,10.0,cancelled,Wedding,2024-02-06,Birthday,Nabeul,Tunisie,2,0.0,0.0,300.0,500.0,Venues de mariage privées
312,7398.0,229,3480,22000.0,9.0,confirmed,Wedding,2022-04-26,Wedding,Kairouan,Tunisie,4,0.0,0.0,300.0,500.0,Venues de mariage privées
11634,13202.0,229,3480,22000.0,2.0,pending,Wedding,2024-10-08,Wedding,Jendouba,Tunisie,4,0.0,0.0,100.0,200.0,Hotel
14448,12071.0,155,66,13000.0,4.0,cancelled,Birthday,2023-08-14,Birthday,Bizerte,Tunisie,1,0.0,0.0,300.0,500.0,Venues de mariage privées
593,10033.0,298,962,24000.0,0.0,cancelled,Wedding,2024-01-08,Wedding,Sfax,Tunisie,1,0.0,0.0,200.0,500.0,Hotel
6724,6688.0,252,1608,15000.0,12.0,pending,Corporate Event,2023-01-27,Corporate,Monastir,Tunisie,4,0.0,0.0,200.0,500.0,Hotel
15246,14299.0,155,66,24000.0,0.0,pending,Birthday,2022-10-23,Corporate,Tataouine,Tunisie,2,0.0,0.0,100.0,200.0,Hotel
733,12909.0,42,3577,19000.0,0.0,pending,Birthday,2023-09-07,Birthday,Tozeur,Tunisie,5,0.0,0.0,300.0,500.0,Venues de mariage privées
16235,369.0,203,1258,24000.0,0.0,confirmed,Corporate Event,2023-10-28,Birthday,Mahdia,Tunisie,3,0.0,0.0,200.0,400.0,Venues de mariage privées
5501,1402.0,155,66,17000.0,16.0,pending,Corporate Event,2022-03-22,Wedding,Siliana,Tunisie,3,0.0,0.0,200.0,400.0,Venues de mariage privées
15057,14031.0,203,1258,12000.0,9.0,confirmed,Wedding,2022-04-08,Corporate,Kasserine,Tunisie,4,0.0,0.0,200.0,400.0,Venues de mariage privées
14259,4077.0,202,1983,25000.0,0.0,pending,Corporate Event,2024-05-28,Birthday,Mahdia,Tunisie,5,0.0,0.0,200.0,400.0,Venues de mariage privées
14454,4767.0,42,3577,17000.0,2.0,pending,Wedding,2023-10-31,Birthday,Monastir,Tunisie,2,0.0,0.0,200.0,500.0,Hotel
13855,107460.0,229,3480,19000.0,0.0,confirmed,Corporate Event,2023-05-14,Birthday,Siliana,Tunisie,5,0.0,0.0,200.0,400.0,Venues de mariage privées
16399,9821.0,229,3480,23000.0,0.0,pending,Wedding,2022-10-20,Birthday,Jendouba,Tunisie,2,0.0,0.0,100.0,200.0,Hotel
6927,1209.0,155,66,13000.0,0.0,confirmed,Corporate Event,2023-11-01,Corporate,Siliana,Tunisie,4,0.0,0.0,200.0,400.0,Venues de mariage privées
16100,6721.0,203,1417,21000.0,9.0,confirmed,Wedding,2022-01-03,Wedding,Kairouan,Tunisie,3,0.0,0.0,300.0,500.0,Venues de mariage privées
3889,8230.0,249,22215,25000.0,0.0,cancelled,Wedding,2025-02-13,Birthday,Tozeur,Tunisie,1,0.0,0.0,300.0,500.0,Venues de mariage privées
797,5236.0,176,3661,24000.0,4.0,cancelled,Birthday,2023-11-19,Wedding,Kairouan,Tunisie,2,0.0,0.0,300.0,500.0,Venues de mariage privées
3216,10772.0,42,3577,23000.0,0.0,confirmed,Wedding,2022-06-23,Wedding,Kasserine,Tunisie,5,0.0,0.0,200.0,400.0,Venues de mariage privées
13318,10461.0,298,962,19000.0,6.0,cancelled,Wedding,2024-03-06,Corporate,Bizerte,Tunisie,1,0.0,0.0,300.0,500.0,Venues de mariage privées
9130,14025.0,229,3480,22000.0,7.0,pending,Corporate Event,2023-01-22,Birthday,Tataouine,Tunisie,3,0.0,0.0,100.0,200.0,Hotel
17508,9118.0,42,3577,15000.0,5.0,pending,Corporate Event,2025-02-28,Corporate,Gafsa,Tunisie,1,0.0,0.0,100.0,200.0,Hotel
1321,3116.0,239,4101,15000.0,2.0,cancelled,Corporate Event,2025-01-24,Wedding,Jendouba,Tunisie,5,0.0,0.0,100.0,200.0,Hotel
9923,4443.0,239,4101,26000.0,0.0,pending,Birthday,2024-12-31,Birthday,Kasserine,Tunisie,1,0.0,0.0,200.0,400.0,Venues de mariage privées
4850,6890.0,249,22215,21000.0,5.0,pending,Corporate Event,2025-06-17,Corporate,Kairouan,Tunisie,2,0.0,0.0,300.0,500.0,Venues de mariage privées
14739,11768.0,176,3661,20000.0,5.0,cancelled,Birthday,2024-05-26,Corporate,Tozeur,Tunisie,1,0.0,0.0,300.0,500.0,Venues de mariage privées
7594,13049.0,42,3577,24000.0,4.0,cancelled,Corporate Event,2023-03-10,Corporate,Tunis,Tunisie,1,0.0,0.0,300.0,500.0,Hotel
11143,8145.0,229,3480,17000.0,16.0,pending,Corporate Event,2023-05-19,Wedding,Sousse,Tunisie,5,0.0,0.0,300.0,500.0,Venues de mariage privées
17358,14263.0,42,3577,22000.0,0.0,cancelled,Wedding,2022-03-03,Birthday,Jendouba,Tunisie,4,0.0,0.0,100.0,200.0,Hotel
9708,14794.0,202,1983,12000.0,0.0,confirmed,Wedding,2025-12-31,Wedding,Tataouine,Tunisie,5,0.0,0.0,100.0,200.0,Hotel
5998,14403.0,126,4896,23000.0,5.0,cancelled,Corporate Event,2025-09-07,Corporate,Tozeur,Tunisie,4,0.0,0.0,300.0,500.0,Venues de mariage privées
5990,12868.0,239,4101,17000.0,10.0,confirmed,Wedding,2023-12-23,Wedding,Gafsa,Tunisie,2,0.0,0.0,100.0,200.0,Hotel
4886,4175.0,203,1258,21000.0,0.0,confirmed,Wedding,2025-09-21,Wedding,Tozeur,Tunisie,3,0.0,0.0,300.0,500.0,Venues de mariage privées
14062,7525.0,126,4896,20000.0,16.0,pending,Corporate Event,2022-05-11,Wedding,Siliana,Tunisie,1,0.0,0.0,200.0,400.0,Venues de mariage privées
17897,14350.0,229,3480,22000.0,4.0,confirmed,Wedding,2024-01-15,Wedding,Zaghouan,Tunisie,3,0.0,0.0,100.0,200.0,Hotel
3174,10244.0,42,3577,15000.0,7.0,cancelled,Birthday,2023-11-18,Wedding,Nabeul,Tunisie,5,0.0,0.0,300.0,500.0,Venues de mariage privées
12439,8897.0,203,1258,23000.0,20.0,confirmed,Birthday,2023-11-08,Wedding,Manouba,Tunisie,2,0.0,0.0,200.0,400.0,Venues de mariage privées
14691,4845.0,203,1417,21000.0,4.0,confirmed,Wedding,2022-08-14,Wedding,Ben Arous,Tunisie,5,0.0,0.0,200.0,400.0,Venues de mariage privées
4037,64640.0,202,1983,26000.0,8.0,pending,Corporate Event,2023-09-02,Wedding,Bizerte,Tunisie,5,0.0,0.0,300.0,500.0,Venues de mariage privées
8094,9309.0,42,3577,21000.0,2.0,cancelled,Corporate Event,2023-08-15,Birthday,Ben Arous,Tunisie,2,0.0,0.0,200.0,400.0,Venues de mariage privées
1949,12048.0,202,1983,15000.0,14.0,confirmed,Corporate Event,2022-10-08,Corporate,Nabeul,Tunisie,1,0.0,0.0,300.0,500.0,Venues de mariage privées
16409,10722.0,239,4101,20000.0,3.0,confirmed,Corporate Event,2023-10-05,Corporate,Sfax,Tunisie,4,0.0,0.0,200.0,500.0,Hotel
12555,6614.0,203,1417,25000.0,0.0,cancelled,Corporate Event,2023-05-11,Birthday,Kasserine,Tunisie,3,0.0,0.0,200.0,400.0,Venues de mariage privées
16176,2419.0,203,1258,22000.0,15.0,cancelled,Wedding,2022-01-22,Corporate,Ben Arous,Tunisie,4,0.0,0.0,200.0,400.0,Venues de mariage privées
3145,6370.0,42,3577,22000.0,4.0,pending,Birthday,2022-11-22,Wedding,Zaghouan,Tunisie,4,0.0,0.0,100.0,200.0,Hotel
7932,10507.0,203,1417,26000.0,3.0,confirmed,Wedding,2023-07-13,Birthday,Zaghouan,Tunisie,2,0.0,0.0,100.0,200.0,Hotel
8992,64460.0,202,1983,25000.0,20.0,confirmed,Corporate Event,2024-07-25,Wedding,Manouba,Tunisie,1,0.0,0.0,200.0,400.0,Venues de mariage privées
8663,10992.0,229,3480,20000.0,0.0,cancelled,Corporate Event,2022-07-09,Birthday,Sidi Bouzid,Tunisie,3,0.0,0.0,200.0,400.0,Venues de mariage privées
7226,7401.0,229,3480,17000.0,18.0,pending,Corporate Event,2022-03-08,Birthday,Manouba,Tunisie,3,0.0,0.0,200.0,400.0,Venues de mariage privées
10107,12455.0,42,3577,17000.0,0.0,confirmed,Corporate Event,2023-10-29,Birthday,Siliana,Tunisie,1,0.0,0.0,200.0,400.0,Venues de mariage privées
6916,10395.0,203,1417,22000.0,5.0,pending,Wedding,2024-12-25,Corporate,Kairouan,Tunisie,2,0.0,0.0,300.0,500.0,Venues de mariage privées
12434,10884.0,126,4896,25000.0,0.0,pending,Wedding,2022-02-06,Birthday,Ariana,Tunisie,3,0.0,0.0,200.0,400.0,Venues de mariage privées
10072,5828.0,202,1983,24000.0,5.0,pending,Birthday,2025-08-29,Corporate,Kairouan,Tunisie,4,0.0,0.0,300.0,500.0,Venues de mariage privées
7101,1226.0,203,1258,21000.0,0.0,confirmed,Corporate Event,2024-03-04,Birthday,Ariana,Tunisie,3,0.0,0.0,200.0,400.0,Venues de mariage privées
8999,12554.0,239,4101,22000.0,0.0,pending,Birthday,2024-12-29,Wedding,Sfax,Tunisie,1,0.0,0.0,200.0,500.0,Hotel
15592,10235.0,229,3480,25000.0,18.0,confirmed,Birthday,2022-04-24,Birthday,Manouba,Tunisie,5,0.0,0.0,200.0,400.0,Venues de mariage privées
12760,2086.0,252,1608,20000.0,20.0,confirmed,Corporate Event,2023-12-28,Wedding,Tunis,Tunisie,2,0.0,0.0,300.0,500.0,Hotel
15925,14576.0,252,1608,19000.0,0.0,pending,Birthday,2022-03-03,Wedding,Tozeur,Tunisie,3,0.0,0.0,300.0,500.0,Venues de mariage privées
3587,10753.0,155,66,21000.0,5.0,confirmed,Wedding,2024-02-21,Corporate,Kairouan,Tunisie,4,0.0,0.0,300.0,500.0,Venues de mariage privées
5596,8486.0,239,4101,20000.0,0.0,pending,Corporate Event,2022-12-22,Corporate,Tataouine,Tunisie,5,0.0,0.0,100.0,200.0,Hotel
11733,48480.0,155,66,19000.0,10.0,cancelled,Corporate Event,2023-03-12,Wedding,Ariana,Tunisie,3,0.0,0.0,200.0,400.0,Venues de mariage privées
14829,5872.0,176,3661,13000.0,0.0,pending,Corporate Event,2025-12-24,Birthday,Kasserine,Tunisie,3,0.0,0.0,200.0,400.0,Venues de mariage privées
749,7666.0,126,4896,20000.0,2.0,confirmed,Wedding,2025-08-23,Birthday,Ben Arous,Tunisie,3,0.0,0.0,200.0,400.0,Venues de mariage privées
2384,14587.0,155,66,25000.0,10.0,confirmed,Birthday,2024-03-27,Corporate,Jendouba,Tunisie,4,0.0,0.0,100.0,200.0,Hotel
5313,14141.0,203,1258,24000.0,5.0,cancelled,Corporate Event,2024-03-09,Corporate,Tozeur,Tunisie,1,0.0,0.0,300.0,500.0,Venues de mariage privées
16040,10126.0,155,66,17000.0,0.0,cancelled,Birthday,2025-09-25,Wedding,Tataouine,Tunisie,4,0.0,0.0,100.0,200.0,Hotel
17072,7867.0,203,1417,15000.0,14.0,cancelled,Wedding,2023-01-12,Wedding,Ariana,Tunisie,2,0.0,0.0,200.0,400.0,Venues de mariage privées
4208,4751.0,202,1983,20000.0,2.0,pending,Wedding,2023-10-09,Wedding,Nabeul,Tunisie,2,0.0,0.0,300.0,500.0,Venues de mariage privées
11828,5587.0,203,1258,15000.0,18.0,confirmed,Birthday,2022-02-05,Birthday,Manouba,Tunisie,3,0.0,0.0,200.0,400.0,Venues de mariage privées
17370,7780.0,249,22215,19000.0,10.0,confirmed,Corporate Event,2024-12-07,Wedding,Ariana,Tunisie,2,0.0,0.0,200.0,400.0,Venues de mariage privées
12884,4096.0,155,66,15000.0,10.0,pending,Wedding,2022-02-09,Birthday,Sfax,Tunisie,4,0.0,0.0,200.0,500.0,Hotel
13167,3875.0,203,1417,24000.0,3.0,pending,Wedding,2022-11-17,Corporate,Sfax,Tunisie,5,0.0,0.0,200.0,500.0,Hotel
11452,3347.0,42,3577,13000.0,16.0,pending,Birthday,2023-08-02,Wedding,Sousse,Tunisie,1,0.0,0.0,300.0,500.0,Venues de mariage privées
8742,11196.0,229,3480,17000.0,2.0,confirmed,Wedding,2024-02-06,Wedding,Jendouba,Tunisie,2,0.0,0.0,100.0,200.0,Hotel
4378,1545.0,42,3577,13000.0,5.0,pending,Corporate Event,2023-09-14,Corporate,Gafsa,Tunisie,3,0.0,0.0,100.0,200.0,Hotel
3306,4726.0,252,1608,19000.0,0.0,confirmed,Corporate Event,2022-03-02,Birthday,Gafsa,Tunisie,3,0.0,0.0,100.0,200.0,Hotel
6422,9081.0,239,4101,23000.0,16.0,cancelled,Birthday,2022-05-20,Wedding,Sousse,Tunisie,4,0.0,0.0,300.0,500.0,Venues de mariage privées
2551,10472.0,176,3661,20000.0,7.0,pending,Wedding,2022-12-16,Birthday,Kairouan,Tunisie,5,0.0,0.0,300.0,500.0,Venues de mariage privées
1136,14704.0,203,1417,17000.0,10.0,pending,Corporate Event,2023-06-28,Wedding,Gafsa,Tunisie,1,0.0,0.0,100.0,200.0,Hotel
8267,9869.0,155,66,19000.0,16.0,cancelled,Corporate Event,2024-01-07,Wedding,Manouba,Tunisie,2,0.0,0.0,200.0,400.0,Venues de mariage privées
16571,6587.0,203,1258,25000.0,13.0,cancelled,Corporate Event,2022-01-24,Corporate,Manouba,Tunisie,4,0.0,0.0,200.0,400.0,Venues de mariage privées
1376,6491.0,229,3480,25000.0,0.0,pending,Birthday,2022-08-12,Wedding,Tozeur,Tunisie,5,0.0,0.0,300.0,500.0,Venues de mariage privées
7207,9105.0,203,1417,26000.0,5.0,cancelled,Wedding,2025-05-09,Corporate,Kairouan,Tunisie,1,0.0,0.0,300.0,500.0,Venues de mariage privées
8473,744.0,202,1983,21000.0,0.0,confirmed,Wedding,2023-12-07,Birthday,Tozeur,Tunisie,3,0.0,0.0,300.0,500.0,Venues de mariage privées
7969,11762.0,249,22215,20000.0,8.0,cancelled,Corporate Event,2024-01-03,Wedding,Zaghouan,Tunisie,3,0.0,0.0,100.0,200.0,Hotel
16823,8013.0,239,4101,19000.0,15.0,pending,Birthday,2023-09-11,Corporate,Ben Arous,Tunisie,3,0.0,0.0,200.0,400.0,Venues de mariage privées
3594,1888.0,239,4101,24000.0,4.0,confirmed,Corporate Event,2023-06-07,Wedding,Kairouan,Tunisie,4,0.0,0.0,300.0,500.0,Venues de mariage privées
16515,9361.0,203,1417,20000.0,16.0,cancelled,Corporate Event,2024-05-30,Wedding,Manouba,Tunisie,2,0.0,0.0,200.0,400.0,Venues de mariage privées
2724,13032.0,298,962,21000.0,0.0,confirmed,Corporate Event,2025-11-03,Birthday,Gafsa,Tunisie,2,0.0,0.0,100.0,200.0,Hotel
12132,380.0,202,1983,21000.0,13.0,cancelled,Birthday,2023-12-01,Corporate,Manouba,Tunisie,4,0.0,0.0,200.0,400.0,Venues de mariage privées
10198,5733.0,42,3577,21000.0,4.0,cancelled,Wedding,2022-05-20,Birthday,Bizerte,Tunisie,3,0.0,0.0,300.0,500.0,Venues de mariage privées
2235,1132.0,298,962,24000.0,7.0,cancelled,Wedding,2022-07-16,Birthday,Kairouan,Tunisie,1,0.0,0.0,300.0,500.0,Venues de mariage privées
16615,14979.0,239,4101,19000.0,7.0,confirmed,Corporate Event,2022-12-14,Wedding,Nabeul,Tunisie,4,0.0,0.0,300.0,500.0,Venues de mariage privées
3010,98180.0,202,1983,12000.0,0.0,confirmed,Corporate Event,2025-04-13,Birthday,Gafsa,Tunisie,1,0.0,0.0,100.0,200.0,Hotel
8826,12877.0,203,1417,26000.0,3.0,pending,Birthday,2025-11-02,Corporate,Sidi Bouzid,Tunisie,1,0.0,0.0,200.0,400.0,Venues de mariage privées
10252,14041.0,203,1258,23000.0,16.0,confirmed,Corporate Event,2022-04-19,Wedding,Monastir,Tunisie,1,0.0,0.0,200.0,500.0,Hotel
1897,13941.0,239,4101,22000.0,5.0,pending,Wedding,2022-03-16,Corporate,Kairouan,Tunisie,5,0.0,0.0,300.0,500.0,Venues de mariage privées
1517,847.0,202,1983,20000.0,16.0,cancelled,Corporate Event,2023-03-20,Wedding,Monastir,Tunisie,5,0.0,0.0,200.0,500.0,Hotel
14054,4737.0,203,1258,24000.0,9.0,pending,Wedding,2023-10-30,Corporate,Kasserine,Tunisie,1,0.0,0.0,200.0,400.0,Venues de mariage privées
7802,7109.0,203,1258,17000.0,5.0,confirmed,Birthday,2025-09-01,Corporate,Tozeur,Tunisie,3,0.0,0.0,300.0,500.0,Venues de mariage privées
13534,6733.0,203,1417,12000.0,16.0,confirmed,Corporate Event,2022-11-16,Wedding,Manouba,Tunisie,5,0.0,0.0,200.0,400.0,Venues de mariage privées
15463,12879.0,176,3661,13000.0,10.0,pending,Birthday,2022-09-15,Corporate,Jendouba,Tunisie,5,0.0,0.0,100.0,200.0,Hotel
1654,8199.0,229,3480,26000.0,9.0,confirmed,Corporate Event,2022-07-17,Corporate,Sousse,Tunisie,5,0.0,0.0,300.0,500.0,Venues de mariage privées
10173,9855.0,202,1983,25000.0,2.0,pending,Corporate Event,2024-11-06,Wedding,Mahdia,Tunisie,5,0.0,0.0,200.0,400.0,Venues de mariage privées
5355,5960.0,176,3661,17000.0,2.0,pending,Corporate Event,2023-04-10,Wedding,Siliana,Tunisie,1,0.0,0.0,200.0,400.0,Venues de mariage privées
15601,5595.0,176,3661,17000.0,0.0,confirmed,Birthday,2022-12-05,Birthday,Ariana,Tunisie,3,0.0,0.0,200.0,400.0,Venues de mariage privées
16164,2334.0,126,4896,15000.0,0.0,pending,Wedding,2022-05-30,Birthday,Sidi Bouzid,Tunisie,5,0.0,0.0,200.0,400.0,Venues de mariage privées
6017,6842.0,202,1983,13000.0,0.0,cancelled,Birthday,2023-11-01,Birthday,Mahdia,Tunisie,1,0.0,0.0,200.0,400.0,Venues de mariage privées
14313,10866.0,298,962,19000.0,16.0,pending,Birthday,2025-02-06,Wedding,Manouba,Tunisie,4,0.0,0.0,200.0,400.0,Venues de mariage privées
7736,2489.0,155,66,13000.0,16.0,cancelled,Wedding,2024-03-10,Wedding,Manouba,Tunisie,4,0.0,0.0,200.0,400.0,Venues de mariage privées
5151,13953.0,203,1258,19000.0,11.0,cancelled,Wedding,2023-09-27,Corporate,Ariana,Tunisie,1,0.0,0.0,200.0,400.0,Venues de mariage privées
60,12295.0,229,3480,17000.0,20.0,confirmed,Birthday,2022-02-19,Wedding,Manouba,Tunisie,1,0.0,0.0,200.0,400.0,Venues de mariage privées
17487,2706.0,203,1417,15000.0,20.0,pending,Corporate Event,2023-07-19,Wedding,Tunis,Tunisie,4,0.0,0.0,300.0,500.0,Hotel
9942,6670.0,298,962,25000.0,0.0,confirmed,Corporate Event,2025-02-22,Birthday,Tozeur,Tunisie,4,0.0,0.0,300.0,500.0,Venues de mariage privées
4193,4732.0,126,4896,23000.0,10.0,cancelled,Birthday,2023-02-28,Birthday,Nabeul,Tunisie,5,0.0,0.0,300.0,500.0,Venues de mariage privées
15110,2231.0,42,3577,13000.0,0.0,confirmed,Corporate Event,2022-11-28,Birthday,Kasserine,Tunisie,4,0.0,0.0,200.0,400.0,Venues de mariage privées
10915,10842.0,203,1417,26000.0,2.0,confirmed,Birthday,2024-12-05,Wedding,Jendouba,Tunisie,4,0.0,0.0,100.0,200.0,Hotel
4587,8388.0,203,1258,13000.0,0.0,pending,Wedding,2024-09-20,Birthday,Sidi Bouzid,Tunisie,1,0.0,0.0,200.0,400.0,Venues de mariage privées
13124,7733.0,203,1258,12000.0,16.0,cancelled,Corporate Event,2024-07-09,Wedding,Siliana,Tunisie,2,0.0,0.0,200.0,400.0,Venues de mariage privées
13417,2650.0,298,962,21000.0,0.0,cancelled,Corporate Event,2024-01-11,Wedding,Kasserine,Tunisie,4,0.0,0.0,200.0,400.0,Venues de mariage privées
12544,1915.0,239,4101,20000.0,2.0,cancelled,Wedding,2022-12-24,Wedding,Bizerte,Tunisie,2,0.0,0.0,300.0,500.0,Venues de mariage privées
1190,8333.0,298,962,21000.0,0.0,cancelled,Corporate Event,2022-03-07,Birthday,Siliana,Tunisie,4,0.0,0.0,200.0,400.0,Venues de mariage privées
5580,14455.0,239,4101,22000.0,0.0,cancelled,Birthday,2025-09-12,Wedding,Kasserine,Tunisie,5,0.0,0.0,200.0,400.0,Venues de mariage privées
11037,10863.0,249,22215,12000.0,2.0,pending,Birthday,2025-12-03,Wedding,Mahdia,Tunisie,1,0.0,0.0,200.0,400.0,Venues de mariage privées
8161,10616.0,155,66,21000.0,2.0,confirmed,Corporate Event,2025-05-22,Birthday,Ben Arous,Tunisie,1,0.0,0.0,200.0,400.0,Venues de mariage privées
10817,12932.0,252,1608,20000.0,5.0,confirmed,Wedding,2022-11-10,Corporate,Kairouan,Tunisie,3,0.0,0.0,300.0,500.0,Venues de mariage privées
12600,8738.0,176,3661,19000.0,16.0,confirmed,Corporate Event,2025-10-07,Wedding,Monastir,Tunisie,3,0.0,0.0,200.0,500.0,Hotel
17596,7386.0,202,1983,21000.0,2.0,cancelled,Corporate Event,2023-08-29,Wedding,Jendouba,Tunisie,3,0.0,0.0,100.0,200.0,Hotel
4241,7071.0,42,3577,15000.0,9.0,confirmed,Wedding,2022-09-05,Corporate,Sousse,Tunisie,4,0.0,0.0,300.0,500.0,Venues de mariage privées
11546,4819.0,239,4101,12000.0,2.0,cancelled,Birthday,2023-11-26,Wedding,Siliana,Tunisie,4,0.0,0.0,200.0,400.0,Venues de mariage privées
2461,6708.0,252,1608,19000.0,16.0,pending,Wedding,2024-04-23,Wedding,Manouba,Tunisie,4,0.0,0.0,200.0,400.0,Venues de mariage privées
4448,14505.0,155,66,26000.0,0.0,cancelled,Birthday,2022-04-03,Wedding,Tozeur,Tunisie,5,0.0,0.0,300.0,500.0,Venues de mariage privées
920,3810.0,203,1258,13000.0,5.0,cancelled,Corporate Event,2022-09-08,Corporate,Kairouan,Tunisie,3,0.0,0.0,300.0,500.0,Venues de mariage privées
13101,12931.0,298,962,15000.0,0.0,pending,Corporate Event,2023-01-11,Birthday,Mahdia,Tunisie,5,0.0,0.0,200.0,400.0,Venues de mariage privées
7052,12511.0,202,1983,15000.0,20.0,pending,Wedding,2023-01-14,Wedding,Tunis,Tunisie,1,0.0,0.0,300.0,500.0,Hotel
11339,10625.0,249,22215,13000.0,16.0,pending,Corporate Event,2025-10-21,Wedding,Sousse,Tunisie,5,0.0,0.0,300.0,500.0,Venues de mariage privées
9005,13450.0,176,3661,13000.0,5.0,pending,Birthday,2023-01-05,Corporate,Kairouan,Tunisie,3,0.0,0.0,300.0,500.0,Venues de mariage privées
12879,7890.0,202,1983,22000.0,3.0,confirmed,Corporate Event,2023-11-16,Corporate,Sfax,Tunisie,5,0.0,0.0,200.0,500.0,Hotel
14554,12620.0,203,1258,17000.0,0.0,pending,Birthday,2023-09-28,Corporate,Tataouine,Tunisie,3,0.0,0.0,100.0,200.0,Hotel
9016,10758.0,239,4101,25000.0,2.0,cancelled,Corporate Event,2022-06-24,Wedding,Siliana,Tunisie,3,0.0,0.0,200.0,400.0,Venues de mariage privées
2804,10688.0,203,1258,13000.0,0.0,pending,Birthday,2022-03-13,Birthday,Sidi Bouzid,Tunisie,3,0.0,0.0,200.0,400.0,Venues de mariage privées
9913,11507.0,298,962,17000.0,0.0,cancelled,Wedding,2022-06-06,Wedding,Gafsa,Tunisie,1,0.0,0.0,100.0,200.0,Hotel
7541,2066.0,176,3661,15000.0,3.0,confirmed,Corporate Event,2025-11-17,Birthday,Zaghouan,Tunisie,4,0.0,0.0,100.0,200.0,Hotel
4675,5065.0,252,1608,21000.0,16.0,cancelled,Birthday,2023-10-19,Wedding,Sousse,Tunisie,2,0.0,0.0,300.0,500.0,Venues de mariage privées
6349,6976.0,249,22215,17000.0,4.0,cancelled,Corporate Event,2025-01-16,Wedding,Zaghouan,Tunisie,4,0.0,0.0,100.0,200.0,Hotel
7220,5675.0,126,4896,26000.0,10.0,confirmed,Wedding,2024-10-26,Birthday,Nabeul,Tunisie,5,0.0,0.0,300.0,500.0,Venues de mariage privées
3796,1992.0,155,66,13000.0,7.0,cancelled,Corporate Event,2024-12-03,Wedding,Nabeul,Tunisie,1,0.0,0.0,300.0,500.0,Venues de mariage privées
10181,9963.0,126,4896,22000.0,0.0,pending,Corporate Event,2024-08-03,Wedding,Kasserine,Tunisie,3,0.0,0.0,200.0,400.0,Venues de mariage privées
6840,1290.0,252,1608,23000.0,7.0,confirmed,Wedding,2025-01-15,Birthday,Kairouan,Tunisie,4,0.0,0.0,300.0,500.0,Venues de mariage privées
15454,8330.0,126,4896,23000.0,20.0,confirmed,Wedding,2024-02-12,Wedding,Manouba,Tunisie,2,0.0,0.0,200.0,400.0,Venues de mariage privées
13262,8316.0,249,22215,24000.0,5.0,cancelled,Corporate Event,2022-06-13,Wedding,Sousse,Tunisie,5,0.0,0.0,300.0,500.0,Venues de mariage privées
3512,12897.0,176,3661,25000.0,10.0,pending,Birthday,2024-06-15,Wedding,Ariana,Tunisie,4,0.0,0.0,200.0,400.0,Venues de mariage privées
16626,9856.0,298,962,21000.0,11.0,pending,Wedding,2023-01-16,Corporate,Ariana,Tunisie,4,0.0,0.0,200.0,400.0,Venues de mariage privées
9602,10376.0,229,3480,22000.0,10.0,confirmed,Corporate Event,2024-06-05,Birthday,Nabeul,Tunisie,1,0.0,0.0,300.0,500.0,Venues de mariage privées
11878,14623.0,155,66,19000.0,5.0,cancelled,Birthday,2022-04-13,Corporate,Tozeur,Tunisie,4,0.0,0.0,300.0,500.0,Venues de mariage privées
10645,9201.0,126,4896,21000.0,10.0,cancelled,Birthday,2023-04-22,Wedding,Ariana,Tunisie,3,0.0,0.0,200.0,400.0,Venues de mariage privées
5388,5704.0,229,3480,21000.0,7.0,confirmed,Birthday,2022-07-23,Wedding,Jendouba,Tunisie,5,0.0,0.0,100.0,200.0,Hotel
4589,2364.0,202,1983,19000.0,2.0,cancelled,Wedding,2024-03-03,Wedding,Nabeul,Tunisie,5,0.0,0.0,300.0,500.0,Venues de mariage privées
2927,12560.0,202,1983,25000.0,0.0,pending,Corporate Event,2025-03-09,Birthday,Gafsa,Tunisie,4,0.0,0.0,100.0,200.0,Hotel
12641,7909.0,203,1417,20000.0,10.0,cancelled,Wedding,2023-12-24,Wedding,Gafsa,Tunisie,2,0.0,0.0,100.0,200.0,Hotel
16110,1970.0,229,3480,20000.0,10.0,cancelled,Corporate Event,2023-05-24,Birthday,Nabeul,Tunisie,4,0.0,0.0,300.0,500.0,Venues de mariage privées
13196,9958.0,126,4896,23000.0,4.0,pending,Corporate Event,2025-09-06,Wedding,Ben Arous,Tunisie,5,0.0,0.0,200.0,400.0,Venues de mariage privées
14135,7409.0,239,4101,25000.0,10.0,cancelled,Corporate Event,2023-12-17,Corporate,Jendouba,Tunisie,2,0.0,0.0,100.0,200.0,Hotel
2800,9234.0,203,1258,12000.0,7.0,pending,Corporate Event,2025-05-28,Wedding,Jendouba,Tunisie,4,0.0,0.0,100.0,200.0,Hotel
17196,13465.0,155,66,13000.0,9.0,cancelled,Wedding,2024-06-25,Wedding,Kairouan,Tunisie,3,0.0,0.0,300.0,500.0,Venues de mariage privées
12053,14283.0,239,4101,24000.0,2.0,pending,Wedding,2025-06-20,Wedding,Jendouba,Tunisie,2,0.0,0.0,100.0,200.0,Hotel
17168,4665.0,298,962,24000.0,2.0,cancelled,Wedding,2022-02-16,Birthday,Monastir,Tunisie,4,0.0,0.0,200.0,500.0,Hotel
16436,3372.0,298,962,22000.0,7.0,confirmed,Wedding,2024-09-23,Birthday,Tataouine,Tunisie,2,0.0,0.0,100.0,200.0,Hotel
15393,10798.0,126,4896,25000.0,3.0,cancelled,Wedding,2024-09-13,Wedding,Monastir,Tunisie,5,0.0,0.0,200.0,500.0,Hotel
8637,8003.0,155,66,20000.0,6.0,confirmed,Corporate Event,2022-03-27,Corporate,Bizerte,Tunisie,5,0.0,0.0,300.0,500.0,Venues de mariage privées
5523,3068.0,42,3577,17000.0,5.0,confirmed,Corporate Event,2024-03-13,Wedding,Sousse,Tunisie,5,0.0,0.0,300.0,500.0,Venues de mariage privées
13370,10340.0,202,1983,13000.0,14.0,cancelled,Wedding,2024-06-27,Wedding,Ariana,Tunisie,1,0.0,0.0,200.0,400.0,Venues de mariage privées
13646,10896.0,42,3577,24000.0,14.0,cancelled,Corporate Event,2025-10-01,Wedding,Ariana,Tunisie,2,0.0,0.0,200.0,400.0,Venues de mariage privées
2191,10069.0,252,1608,19000.0,5.0,confirmed,Birthday,2025-01-10,Corporate,Kairouan,Tunisie,2,0.0,0.0,300.0,500.0,Venues de mariage privées
13961,5985.0,298,962,15000.0,0.0,confirmed,Corporate Event,2023-03-19,Birthday,Sidi Bouzid,Tunisie,2,0.0,0.0,200.0,400.0,Venues de mariage privées
17152,10325.0,126,4896,23000.0,5.0,cancelled,Corporate Event,2025-04-17,Corporate,Tozeur,Tunisie,4,0.0,0.0,300.0,500.0,Venues de mariage privées
3340,9898.0,155,66,13000.0,5.0,pending,Corporate Event,2023-02-05,Corporate,Kairouan,Tunisie,3,0.0,0.0,300.0,500.0,Venues de mariage privées
4873,4892.0,239,4101,26000.0,4.0,confirmed,Corporate Event,2024-05-05,Birthday,Bizerte,Tunisie,1,0.0,0.0,300.0,500.0,Venues de mariage privées
11682,3466.0,249,22215,12000.0,3.0,pending,Corporate Event,2022-04-15,Birthday,Zaghouan,Tunisie,2,0.0,0.0,100.0,200.0,Hotel
16096,12787.0,298,962,13000.0,2.0,confirmed,Birthday,2023-01-04,Wedding,Mahdia,Tunisie,3,0.0,0.0,200.0,400.0,Venues de mariage privées
3546,14597.0,203,1258,23000.0,0.0,pending,Wedding,2022-04-30,Wedding,Kasserine,Tunisie,5,0.0,0.0,200.0,400.0,Venues de mariage privées
3669,14746.0,203,1258,15000.0,0.0,cancelled,Birthday,2023-11-07,Wedding,Gafsa,Tunisie,4,0.0,0.0,100.0,200.0,Hotel
1986,817.0,252,1608,15000.0,9.0,cancelled,Corporate Event,2024-11-24,Wedding,Kairouan,Tunisie,3,0.0,0.0,300.0,500.0,Venues de mariage privées
281,9414.0,176,3661,12000.0,0.0,cancelled,Wedding,2023-12-05,Wedding,Kasserine,Tunisie,1,0.0,0.0,200.0,400.0,Venues de mariage privées
11075,847.0,252,1608,26000.0,9.0,confirmed,Wedding,2024-02-22,Corporate,Kasserine,Tunisie,1,0.0,0.0,200.0,400.0,Venues de mariage privées
15634,2003.0,176,3661,12000.0,14.0,cancelled,Corporate Event,2022-02-04,Corporate,Nabeul,Tunisie,2,0.0,0.0,300.0,500.0,Venues de mariage privées
15356,9559.0,229,3480,17000.0,0.0,pending,Wedding,2023-02-04,Birthday,Mahdia,Tunisie,1,0.0,0.0,200.0,400.0,Venues de mariage privées
9430,13531.0,249,22215,21000.0,9.0,pending,Birthday,2023-11-07,Wedding,Kairouan,Tunisie,2,0.0,0.0,300.0,500.0,Venues de mariage privées
16369,4862.0,155,66,26000.0,2.0,confirmed,Wedding,2023-01-30,Wedding,Bizerte,Tunisie,2,0.0,0.0,300.0,500.0,Venues de mariage privées
6579,1095.0,42,3577,22000.0,0.0,pending,Corporate Event,2023-01-04,Birthday,Jendouba,Tunisie,4,0.0,0.0,100.0,200.0,Hotel
9487,4018.0,202,1983,23000.0,14.0,confirmed,Wedding,2023-09-28,Corporate,Nabeul,Tunisie,4,0.0,0.0,300.0,500.0,Venues de mariage privées
17374,10326.0,252,1608,25000.0,12.0,pending,Corporate Event,2024-05-26,Corporate,Monastir,Tunisie,3,0.0,0.0,200.0,500.0,Hotel
4586,10334.0,202,1983,20000.0,10.0,cancelled,Birthday,2025-05-26,Birthday,Nabeul,Tunisie,2,0.0,0.0,300.0,500.0,Venues de mariage privées
17963,4979.0,203,1417,21000.0,16.0,confirmed,Birthday,2024-11-26,Wedding,Siliana,Tunisie,2,0.0,0.0,200.0,400.0,Venues de mariage privées
7317,2482.0,249,22215,25000.0,9.0,pending,Corporate Event,2023-11-20,Wedding,Kairouan,Tunisie,3,0.0,0.0,300.0,500.0,Venues de mariage privées
407,14710.0,229,3480,12000.0,2.0,cancelled,Wedding,2022-07-15,Wedding,Sidi Bouzid,Tunisie,5,0.0,0.0,200.0,400.0,Venues de mariage privées
2298,130650.0,203,1417,20000.0,3.0,confirmed,Birthday,2024-11-21,Birthday,Zaghouan,Tunisie,1,0.0,0.0,100.0,200.0,Hotel
1762,1888.0,229,3480,26000.0,8.0,pending,Corporate Event,2025-06-17,Wedding,Zaghouan,Tunisie,2,0.0,0.0,100.0,200.0,Hotel
9045,14820.0,155,66,19000.0,9.0,confirmed,Wedding,2024-10-19,Wedding,Kairouan,Tunisie,3,0.0,0.0,300.0,500.0,Venues de mariage privées
3974,913.0,252,1608,12000.0,16.0,confirmed,Corporate Event,2024-10-09,Wedding,Ben Arous,Tunisie,1,0.0,0.0,200.0,400.0,Venues de mariage privées
11918,8007.0,252,1608,25000.0,10.0,confirmed,Wedding,2024-11-20,Corporate,Jendouba,Tunisie,3,0.0,0.0,100.0,200.0,Hotel
9460,11457.0,202,1983,15000.0,2.0,confirmed,Wedding,2023-12-18,Wedding,Sidi Bouzid,Tunisie,1,0.0,0.0,200.0,400.0,Venues de mariage privées
11586,13452.0,155,66,22000.0,12.0,cancelled,Wedding,2025-03-28,Corporate,Monastir,Tunisie,2,0.0,0.0,200.0,500.0,Hotel
3589,13532.0,203,1417,21000.0,8.0,pending,Corporate Event,2025-06-20,Wedding,Zaghouan,Tunisie,2,0.0,0.0,100.0,200.0,Hotel
15911,10888.0,252,1608,21000.0,20.0,confirmed,Birthday,2024-12-29,Wedding,Tunis,Tunisie,2,0.0,0.0,300.0,500.0,Hotel
4869,11737.0,203,1417,15000.0,9.0,cancelled,Birthday,2022-09-16,Corporate,Kasserine,Tunisie,4,0.0,0.0,200.0,400.0,Venues de mariage privées
11522,9098.0,239,4101,20000.0,16.0,confirmed,Corporate Event,2022-12-03,Wedding,Manouba,Tunisie,2,0.0,0.0,200.0,400.0,Venues de mariage privées
14838,6735.0,176,3661,17000.0,7.0,cancelled,Birthday,2023-02-08,Birthday,Kairouan,Tunisie,2,0.0,0.0,300.0,500.0,Venues de mariage privées
9411,11367.0,126,4896,19000.0,16.0,confirmed,Birthday,2023-01-04,Wedding,Siliana,Tunisie,4,0.0,0.0,200.0,400.0,Venues de mariage privées
5131,5049.0,176,3661,21000.0,10.0,confirmed,Birthday,2024-03-11,Birthday,Nabeul,Tunisie,3,0.0,0.0,300.0,500.0,Venues de mariage privées
11785,3183.0,203,1417,20000.0,0.0,cancelled,Corporate Event,2023-02-08,Birthday,Gafsa,Tunisie,5,0.0,0.0,100.0,200.0,Hotel
17223,8404.0,229,3480,24000.0,16.0,cancelled,Wedding,2025-08-27,Wedding,Sfax,Tunisie,4,0.0,0.0,200.0,500.0,Hotel
11514,12011.0,176,3661,26000.0,0.0,pending,Birthday,2023-12-30,Birthday,Ariana,Tunisie,4,0.0,0.0,200.0,400.0,Venues de mariage privées
15167,3576.0,298,962,13000.0,2.0,confirmed,Birthday,2025-06-21,Birthday,Monastir,Tunisie,1,0.0,0.0,200.0,500.0,Hotel
6506,8315.0,249,22215,23000.0,14.0,confirmed,Corporate Event,2025-10-16,Wedding,Ariana,Tunisie,3,0.0,0.0,200.0,400.0,Venues de mariage privées
6238,67960.0,155,66,21000.0,6.0,cancelled,Corporate Event,2023-01-29,Corporate,Bizerte,Tunisie,3,0.0,0.0,300.0,500.0,Venues de mariage privées
11161,10374.0,42,3577,26000.0,3.0,confirmed,Wedding,2024-10-03,Corporate,Sidi Bouzid,Tunisie,3,0.0,0.0,200.0,400.0,Venues de mariage privées
1297,4121.0,176,3661,26000.0,10.0,pending,Wedding,2023-11-08,Wedding,Ariana,Tunisie,5,0.0,0.0,200.0,400.0,Venues de mariage privées
7312,5635.0,203,1417,15000.0,14.0,confirmed,Wedding,2022-07-17,Corporate,Nabeul,Tunisie,4,0.0,0.0,300.0,500.0,Venues de mariage privées
2126,12252.0,229,3480,21000.0,8.0,pending,Wedding,2025-07-14,Wedding,Bizerte,Tunisie,1,0.0,0.0,300.0,500.0,Venues de mariage privées
11518,13392.0,202,1983,22000.0,3.0,cancelled,Wedding,2022-08-10,Birthday,Zaghouan,Tunisie,3,0.0,0.0,100.0,200.0,Hotel
590,11061.0,42,3577,25000.0,10.0,pending,Corporate Event,2022-01-03,Wedding,Kasserine,Tunisie,5,0.0,0.0,200.0,400.0,Venues de mariage privées
16459,13858.0,249,22215,26000.0,5.0,confirmed,Birthday,2025-10-28,Corporate,Tozeur,Tunisie,5,0.0,0.0,300.0,500.0,Venues de mariage privées
17172,8384.0,239,4101,17000.0,0.0,cancelled,Corporate Event,2023-03-18,Birthday,Mahdia,Tunisie,2,0.0,0.0,200.0,400.0,Venues de mariage privées
12688,13721.0,126,4896,17000.0,7.0,cancelled,Wedding,2023-07-14,Birthday,Tataouine,Tunisie,4,0.0,0.0,100.0,200.0,Hotel
7783,6767.0,176,3661,22000.0,0.0,cancelled,Wedding,2025-03-24,Corporate,Tataouine,Tunisie,5,0.0,0.0,100.0,200.0,Hotel
5437,13435.0,203,1417,22000.0,0.0,cancelled,Corporate Event,2023-09-07,Wedding,Gafsa,Tunisie,1,0.0,0.0,100.0,200.0,Hotel
6573,986.0,229,3480,23000.0,18.0,confirmed,Wedding,2023-03-28,Birthday,Manouba,Tunisie,4,0.0,0.0,200.0,400.0,Venues de mariage privées
15685,12751.0,126,4896,13000.0,0.0,cancelled,Corporate Event,2024-07-19,Birthday,Kasserine,Tunisie,1,0.0,0.0,200.0,400.0,Venues de mariage privées
15172,13129.0,203,1417,19000.0,0.0,confirmed,Corporate Event,2024-04-19,Birthday,Siliana,Tunisie,3,0.0,0.0,200.0,400.0,Venues de mariage privées
4176,6878.0,298,962,13000.0,18.0,pending,Corporate Event,2025-11-25,Birthday,Manouba,Tunisie,2,0.0,0.0,200.0,400.0,Venues de mariage privées
5126,9262.0,202,1983,21000.0,16.0,cancelled,Birthday,2023-12-01,Wedding,Sfax,Tunisie,2,0.0,0.0,200.0,500.0,Hotel
4579,6057.0,239,4101,23000.0,7.0,cancelled,Corporate Event,2023-06-24,Wedding,Nabeul,Tunisie,4,0.0,0.0,300.0,500.0,Venues de mariage privées
9739,1527.0,252,1608,24000.0,2.0,pending,Birthday,2023-11-01,Wedding,Nabeul,Tunisie,5,0.0,0.0,300.0,500.0,Venues de mariage privées
8206,7174.0,229,3480,23000.0,8.0,cancelled,Wedding,2022-09-15,Wedding,Zaghouan,Tunisie,5,0.0,0.0,100.0,200.0,Hotel
16016,3311.0,252,1608,25000.0,2.0,confirmed,Birthday,2025-10-31,Birthday,Monastir,Tunisie,1,0.0,0.0,200.0,500.0,Hotel
17303,5700.0,203,1258,13000.0,0.0,pending,Birthday,2025-10-28,Birthday,Sousse,Tunisie,4,0.0,0.0,300.0,500.0,Venues de mariage privées
5224,2525.0,252,1608,12000.0,0.0,confirmed,Corporate Event,2024-04-11,Birthday,Tunis,Tunisie,2,0.0,0.0,300.0,500.0,Hotel
5646,6546.0,203,1417,19000.0,16.0,pending,Corporate Event,2024-07-07,Wedding,Ben Arous,Tunisie,2,0.0,0.0,200.0,400.0,Venues de mariage privées
15715,14614.0,203,1417,20000.0,10.0,pending,Birthday,2025-04-28,Birthday,Nabeul,Tunisie,3,0.0,0.0,300.0,500.0,Venues de mariage privées
14001,7622.0,239,4101,26000.0,0.0,cancelled,Wedding,2023-07-22,Wedding,Sfax,Tunisie,5,0.0,0.0,200.0,500.0,Hotel
2169,6410.0,203,1417,26000.0,2.0,confirmed,Birthday,2024-10-10,Wedding,Nabeul,Tunisie,5,0.0,0.0,300.0,500.0,Venues de mariage privées
527,9238.0,202,1983,21000.0,5.0,confirmed,Corporate Event,2022-10-23,Corporate,Gafsa,Tunisie,4,0.0,0.0,100.0,200.0,Hotel
12009,13964.0,203,1258,22000.0,0.0,cancelled,Birthday,2023-07-30,Wedding,Tozeur,Tunisie,5,0.0,0.0,300.0,500.0,Venues de mariage privées
6169,4426.0,126,4896,22000.0,0.0,confirmed,Corporate Event,2025-11-09,Birthday,Mahdia,Tunisie,3,0.0,0.0,200.0,400.0,Venues de mariage privées
3737,6030.0,176,3661,15000.0,0.0,confirmed,Corporate Event,2025-07-15,Birthday,Tunis,Tunisie,1,0.0,0.0,300.0,500.0,Hotel
7288,10153.0,126,4896,22000.0,0.0,cancelled,Corporate Event,2024-12-21,Wedding,Tozeur,Tunisie,4,0.0,0.0,300.0,500.0,Venues de mariage privées
9313,1366.0,203,1417,26000.0,20.0,confirmed,Corporate Event,2025-12-18,Wedding,Manouba,Tunisie,5,0.0,0.0,200.0,400.0,Venues de mariage privées
8993,762.0,176,3661,23000.0,0.0,confirmed,Corporate Event,2024-12-14,Birthday,Sidi Bouzid,Tunisie,5,0.0,0.0,200.0,400.0,Venues de mariage privées
15518,3558.0,203,1417,17000.0,7.0,pending,Wedding,2023-01-29,Wedding,Nabeul,Tunisie,5,0.0,0.0,300.0,500.0,Venues de mariage privées
1464,11390.0,249,22215,19000.0,7.0,pending,Corporate Event,2023-10-13,Wedding,Nabeul,Tunisie,5,0.0,0.0,300.0,500.0,Venues de mariage privées
8091,5094.0,176,3661,25000.0,0.0,cancelled,Birthday,2022-11-12,Birthday,Mahdia,Tunisie,3,0.0,0.0,200.0,400.0,Venues de mariage privées
17811,10450.0,298,962,25000.0,15.0,confirmed,Corporate Event,2025-05-20,Corporate,Ben Arous,Tunisie,2,0.0,0.0,200.0,400.0,Venues de mariage privées
4874,6564.0,155,66,13000.0,20.0,cancelled,Wedding,2023-01-08,Wedding,Tunis,Tunisie,5,0.0,0.0,300.0,500.0,Hotel
9623,116350.0,229,3480,13000.0,2.0,pending,Birthday,2025-03-16,Wedding,Siliana,Tunisie,4,0.0,0.0,200.0,400.0,Venues de mariage privées
17738,7093.0,252,1608,19000.0,8.0,pending,Corporate Event,2025-09-23,Wedding,Zaghouan,Tunisie,5,0.0,0.0,100.0,200.0,Hotel
2517,12744.0,155,66,13000.0,10.0,cancelled,Corporate Event,2024-11-08,Corporate,Jendouba,Tunisie,4,0.0,0.0,100.0,200.0,Hotel
8025,3281.0,42,3577,24000.0,4.0,pending,Corporate Event,2023-02-08,Wedding,Zaghouan,Tunisie,2,0.0,0.0,100.0,200.0,Hotel
16902,12038.0,176,3661,17000.0,0.0,pending,Birthday,2023-06-28,Birthday,Tozeur,Tunisie,4,0.0,0.0,300.0,500.0,Venues de mariage privées
15022,2039.0,155,66,17000.0,2.0,confirmed,Corporate Event,2025-09-06,Birthday,Ben Arous,Tunisie,2,0.0,0.0,200.0,400.0,Venues de mariage privées
15000,798.0,126,4896,24000.0,20.0,pending,Birthday,2024-11-04,Wedding,Manouba,Tunisie,1,0.0,0.0,200.0,400.0,Venues de mariage privées
15187,8185.0,203,1417,19000.0,7.0,confirmed,Wedding,2024-02-21,Birthday,Tataouine,Tunisie,4,0.0,0.0,100.0,200.0,Hotel
16575,11633.0,202,1983,21000.0,0.0,pending,Birthday,2025-10-07,Wedding,Kasserine,Tunisie,3,0.0,0.0,200.0,400.0,Venues de mariage privées
340,12811.0,176,3661,15000.0,0.0,pending,Birthday,2025-10-26,Birthday,Siliana,Tunisie,3,0.0,0.0,200.0,400.0,Venues de mariage privées
10036,1596.0,252,1608,26000.0,18.0,cancelled,Wedding,2025-11-24,Birthday,Manouba,Tunisie,4,0.0,0.0,200.0,400.0,Venues de mariage privées
12235,682.0,126,4896,15000.0,8.0,pending,Corporate Event,2022-11-12,Wedding,Bizerte,Tunisie,4,0.0,0.0,300.0,500.0,Venues de mariage privées
13320,12363.0,298,962,13000.0,2.0,confirmed,Corporate Event,2024-06-13,Wedding,Sidi Bouzid,Tunisie,5,0.0,0.0,200.0,400.0,Venues de mariage privées
10055,5807.0,239,4101,21000.0,0.0,confirmed,Wedding,2022-05-08,Birthday,Kasserine,Tunisie,5,0.0,0.0,200.0,400.0,Venues de mariage privées
2924,12979.0,126,4896,21000.0,2.0,confirmed,Corporate Event,2025-03-12,Wedding,Bizerte,Tunisie,2,0.0,0.0,300.0,500.0,Venues de mariage privées
13871,14385.0,126,4896,24000.0,20.0,cancelled,Corporate Event,2025-06-15,Wedding,Manouba,Tunisie,4,0.0,0.0,200.0,400.0,Venues de mariage privées
16602,7972.0,202,1983,17000.0,2.0,cancelled,Wedding,2023-07-28,Wedding,Mahdia,Tunisie,1,0.0,0.0,200.0,400.0,Venues de mariage privées
13217,33840.0,252,1608,25000.0,3.0,pending,Wedding,2022-11-27,Birthday,Zaghouan,Tunisie,5,0.0,0.0,100.0,200.0,Hotel
17958,10339.0,203,1417,19000.0,4.0,confirmed,Birthday,2022-04-19,Wedding,Zaghouan,Tunisie,1,0.0,0.0,100.0,200.0,Hotel
12454,10483.0,203,1258,12000.0,4.0,confirmed,Birthday,2025-05-31,Birthday,Bizerte,Tunisie,1,0.0,0.0,300.0,500.0,Venues de mariage privées
12659,2947.0,42,3577,21000.0,20.0,cancelled,Wedding,2024-02-08,Wedding,Tunis,Tunisie,5,0.0,0.0,300.0,500.0,Hotel
6401,12639.0,176,3661,15000.0,9.0,pending,Corporate Event,2024-08-25,Wedding,Kairouan,Tunisie,1,0.0,0.0,300.0,500.0,Venues de mariage privées
12541,10027.0,176,3661,25000.0,16.0,confirmed,Wedding,2022-10-06,Wedding,Siliana,Tunisie,3,0.0,0.0,200.0,400.0,Venues de mariage privées
8863,1918.0,176,3661,13000.0,8.0,pending,Corporate Event,2022-04-12,Wedding,Bizerte,Tunisie,4,0.0,0.0,300.0,500.0,Venues de mariage privées
16965,9491.0,252,1608,15000.0,10.0,pending,Birthday,2024-09-20,Wedding,Ariana,Tunisie,3,0.0,0.0,200.0,400.0,Venues de mariage privées
6696,6216.0,252,1608,25000.0,2.0,confirmed,Birthday,2024-09-28,Wedding,Mahdia,Tunisie,2,0.0,0.0,200.0,400.0,Venues de mariage privées
13845,4427.0,252,1608,22000.0,0.0,cancelled,Birthday,2024-03-16,Birthday,Gafsa,Tunisie,1,0.0,0.0,100.0,200.0,Hotel
3078,14940.0,229,3480,15000.0,7.0,confirmed,Birthday,2023-01-05,Birthday,Kairouan,Tunisie,2,0.0,0.0,300.0,500.0,Venues de mariage privées
15665,8375.0,252,1608,22000.0,16.0,confirmed,Corporate Event,2022-09-23,Wedding,Siliana,Tunisie,1,0.0,0.0,200.0,400.0,Venues de mariage privées
5011,7697.0,202,1983,26000.0,3.0,cancelled,Wedding,2025-09-28,Corporate,Sidi Bouzid,Tunisie,4,0.0,0.0,200.0,400.0,Venues de mariage privées
14828,380.0,126,4896,25000.0,2.0,confirmed,Birthday,2024-01-27,Wedding,Siliana,Tunisie,1,0.0,0.0,200.0,400.0,Venues de mariage privées
1293,14137.0,155,66,22000.0,0.0,cancelled,Wedding,2025-01-28,Birthday,Mahdia,Tunisie,1,0.0,0.0,200.0,400.0,Venues de mariage privées
15576,14130.0,298,962,25000.0,20.0,confirmed,Birthday,2022-05-02,Wedding,Tunis,Tunisie,2,0.0,0.0,300.0,500.0,Hotel
8291,4380.0,203,1258,12000.0,3.0,pending,Birthday,2023-10-08,Corporate,Sidi Bouzid,Tunisie,4,0.0,0.0,200.0,400.0,Venues de mariage privées
8043,7387.0,239,4101,26000.0,11.0,cancelled,Wedding,2024-02-07,Corporate,Ariana,Tunisie,4,0.0,0.0,200.0,400.0,Venues de mariage privées
5489,12191.0,252,1608,15000.0,4.0,pending,Wedding,2025-06-14,Wedding,Zaghouan,Tunisie,5,0.0,0.0,100.0,200.0,Hotel
9453,1785.0,252,1608,15000.0,2.0,cancelled,Wedding,2023-04-25,Birthday,Ben Arous,Tunisie,3,0.0,0.0,200.0,400.0,Venues de mariage privées
10660,4690.0,202,1983,21000.0,14.0,confirmed,Wedding,2025-07-12,Wedding,Ariana,Tunisie,1,0.0,0.0,200.0,400.0,Venues de mariage privées
5398,12240.0,126,4896,20000.0,0.0,cancelled,Birthday,2023-07-20,Birthday,Sidi Bouzid,Tunisie,3,0.0,0.0,200.0,400.0,Venues de mariage privées
8845,204.0,176,3661,22000.0,12.0,confirmed,Wedding,2024-08-16,Corporate,Monastir,Tunisie,2,0.0,0.0,200.0,500.0,Hotel
5859,14586.0,249,22215,23000.0,2.0,pending,Wedding,2022-05-07,Wedding,Jendouba,Tunisie,1,0.0,0.0,100.0,200.0,Hotel
14404,14267.0,155,66,17000.0,7.0,pending,Corporate Event,2024-06-05,Birthday,Tataouine,Tunisie,1,0.0,0.0,100.0,200.0,Hotel
17184,12559.0,155,66,24000.0,7.0,confirmed,Corporate Event,2025-10-21,Corporate,Zaghouan,Tunisie,3,0.0,0.0,100.0,200.0,Hotel
10658,6985.0,203,1417,19000.0,0.0,confirmed,Wedding,2025-03-21,Wedding,Tozeur,Tunisie,3,0.0,0.0,300.0,500.0,Venues de mariage privées
6555,3251.0,239,4101,17000.0,0.0,pending,Corporate Event,2022-01-26,Birthday,Kasserine,Tunisie,2,0.0,0.0,200.0,400.0,Venues de mariage privées
11881,2842.0,203,1417,24000.0,0.0,cancelled,Birthday,2025-08-13,Birthday,Ariana,Tunisie,5,0.0,0.0,200.0,400.0,Venues de mariage privées
3497,14404.0,203,1417,19000.0,0.0,cancelled,Wedding,2022-07-23,Birthday,Tozeur,Tunisie,3,0.0,0.0,300.0,500.0,Venues de mariage privées
16487,8112.0,126,4896,24000.0,16.0,cancelled,Corporate Event,2024-02-13,Wedding,Ben Arous,Tunisie,2,0.0,0.0,200.0,400.0,Venues de mariage privées
4770,5900.0,155,66,26000.0,2.0,confirmed,Corporate Event,2025-11-08,Wedding,Siliana,Tunisie,5,0.0,0.0,200.0,400.0,Venues de mariage privées
9369,2808.0,203,1258,12000.0,4.0,cancelled,Wedding,2023-02-04,Wedding,Kairouan,Tunisie,5,0.0,0.0,300.0,500.0,Venues de mariage privées
5199,14377.0,298,962,19000.0,9.0,pending,Wedding,2023-05-27,Wedding,Kairouan,Tunisie,2,0.0,0.0,300.0,500.0,Venues de mariage privées
699,6785.0,252,1608,21000.0,10.0,pending,Corporate Event,2025-10-12,Corporate,Jendouba,Tunisie,5,0.0,0.0,100.0,200.0,Hotel
8421,1934.0,203,1417,23000.0,0.0,pending,Wedding,2024-09-02,Birthday,Siliana,Tunisie,2,0.0,0.0,200.0,400.0,Venues de mariage privées
7341,5867.0,155,66,17000.0,0.0,pending,Birthday,2023-11-29,Birthday,Tunis,Tunisie,2,0.0,0.0,300.0,500.0,Hotel
17890,10292.0,239,4101,19000.0,0.0,pending,Wedding,2022-08-14,Birthday,Ariana,Tunisie,1,0.0,0.0,200.0,400.0,Venues de mariage privées
13835,8324.0,249,22215,13000.0,4.0,confirmed,Wedding,2023-09-06,Wedding,Ben Arous,Tunisie,4,0.0,0.0,200.0,400.0,Venues de mariage privées
15895,13933.0,202,1983,20000.0,5.0,pending,Wedding,2022-02-06,Wedding,Sousse,Tunisie,2,0.0,0.0,300.0,500.0,Venues de mariage privées
17493,3889.0,298,962,22000.0,0.0,confirmed,Corporate Event,2023-12-21,Wedding,Gafsa,Tunisie,4,0.0,0.0,100.0,200.0,Hotel
14291,4416.0,202,1983,22000.0,11.0,cancelled,Birthday,2025-07-10,Corporate,Ariana,Tunisie,2,0.0,0.0,200.0,400.0,Venues de mariage privées
8617,8483.0,42,3577,21000.0,2.0,confirmed,Corporate Event,2023-08-29,Wedding,Sidi Bouzid,Tunisie,3,0.0,0.0,200.0,400.0,Venues de mariage privées
8438,12755.0,239,4101,19000.0,0.0,confirmed,Corporate Event,2022-02-27,Birthday,Tunis,Tunisie,3,0.0,0.0,300.0,500.0,Hotel
17050,4013.0,229,3480,24000.0,9.0,pending,Birthday,2022-06-03,Corporate,Kasserine,Tunisie,4,0.0,0.0,200.0,400.0,Venues de mariage privées
7973,9431.0,249,22215,13000.0,14.0,confirmed,Wedding,2024-09-26,Corporate,Nabeul,Tunisie,3,0.0,0.0,300.0,500.0,Venues de mariage privées
5825,3513.0,126,4896,19000.0,16.0,pending,Wedding,2025-12-31,Wedding,Siliana,Tunisie,2,0.0,0.0,200.0,400.0,Venues de mariage privées
3221,8471.0,239,4101,22000.0,10.0,pending,Birthday,2023-04-22,Wedding,Kasserine,Tunisie,5,0.0,0.0,200.0,400.0,Venues de mariage privées
697,10896.0,203,1417,12000.0,0.0,pending,Corporate Event,2024-08-22,Birthday,Gafsa,Tunisie,3,0.0,0.0,100.0,200.0,Hotel
15100,8759.0,126,4896,12000.0,0.0,pending,Wedding,2025-01-22,Birthday,Siliana,Tunisie,5,0.0,0.0,200.0,400.0,Venues de mariage privées
16568,5948.0,126,4896,26000.0,0.0,confirmed,Birthday,2022-10-06,Wedding,Tataouine,Tunisie,5,0.0,0.0,100.0,200.0,Hotel
12539,6992.0,298,962,13000.0,0.0,cancelled,Wedding,2024-11-06,Birthday,Jendouba,Tunisie,1,0.0,0.0,100.0,200.0,Hotel
13347,2641.0,249,22215,26000.0,0.0,cancelled,Wedding,2023-12-01,Birthday,Siliana,Tunisie,2,0.0,0.0,200.0,400.0,Venues de mariage privées
2207,3245.0,155,66,13000.0,3.0,cancelled,Birthday,2022-09-26,Corporate,Sidi Bouzid,Tunisie,3,0.0,0.0,200.0,400.0,Venues de mariage privées
212,11056.0,42,3577,12000.0,2.0,pending,Wedding,2023-12-03,Wedding,Mahdia,Tunisie,2,0.0,0.0,200.0,400.0,Venues de mariage privées
571,9321.0,229,3480,24000.0,20.0,pending,Wedding,2023-10-03,Wedding,Tunis,Tunisie,2,0.0,0.0,300.0,500.0,Hotel
17956,12670.0,298,962,12000.0,3.0,confirmed,Birthday,2023-04-05,Wedding,Sidi Bouzid,Tunisie,1,0.0,0.0,200.0,400.0,Venues de mariage privées
7223,9943.0,126,4896,23000.0,3.0,pending,Corporate Event,2022-02-26,Wedding,Sidi Bouzid,Tunisie,5,0.0,0.0,200.0,400.0,Venues de mariage privées
4832,1111.0,126,4896,24000.0,2.0,cancelled,Birthday,2023-01-23,Birthday,Monastir,Tunisie,1,0.0,0.0,200.0,500.0,Hotel
9439,5431.0,298,962,15000.0,3.0,pending,Corporate Event,2025-11-22,Birthday,Zaghouan,Tunisie,2,0.0,0.0,100.0,200.0,Hotel
11285,12254.0,42,3577,17000.0,5.0,pending,Corporate Event,2024-10-23,Corporate,Tozeur,Tunisie,2,0.0,0.0,300.0,500.0,Venues de mariage privées
8475,13140.0,203,1417,15000.0,14.0,confirmed,Birthday,2022-12-24,Corporate,Nabeul,Tunisie,5,0.0,0.0,300.0,500.0,Venues de mariage privées
468,6618.0,155,66,13000.0,3.0,cancelled,Birthday,2022-09-15,Birthday,Zaghouan,Tunisie,1,0.0,0.0,100.0,200.0,Hotel
15321,5454.0,202,1983,22000.0,14.0,cancelled,Corporate Event,2024-10-04,Corporate,Nabeul,Tunisie,1,0.0,0.0,300.0,500.0,Venues de mariage privées
17009,13783.0,126,4896,22000.0,0.0,confirmed,Wedding,2022-10-23,Corporate,Siliana,Tunisie,5,0.0,0.0,200.0,400.0,Venues de mariage privées
584,3685.0,229,3480,13000.0,14.0,pending,Corporate Event,2024-09-01,Corporate,Nabeul,Tunisie,4,0.0,0.0,300.0,500.0,Venues de mariage privées
2880,6223.0,126,4896,20000.0,10.0,pending,Corporate Event,2025-08-08,Wedding,Kasserine,Tunisie,3,0.0,0.0,200.0,400.0,Venues de mariage privées
6580,7208.0,126,4896,25000.0,16.0,cancelled,Corporate Event,2025-05-13,Wedding,Ben Arous,Tunisie,4,0.0,0.0,200.0,400.0,Venues de mariage privées
3590,5088.0,155,66,20000.0,0.0,cancelled,Wedding,2024-04-13,Wedding,Sfax,Tunisie,3,0.0,0.0,200.0,500.0,Hotel
2010,7502.0,126,4896,25000.0,0.0,pending,Birthday,2022-03-13,Wedding,Tozeur,Tunisie,1,0.0,0.0,300.0,500.0,Venues de mariage privées
9099,4732.0,202,1983,15000.0,0.0,confirmed,Birthday,2024-03-15,Birthday,Ariana,Tunisie,3,0.0,0.0,200.0,400.0,Venues de mariage privées
8312,11290.0,126,4896,21000.0,18.0,confirmed,Birthday,2025-06-07,Birthday,Manouba,Tunisie,5,0.0,0.0,200.0,400.0,Venues de mariage privées
3237,14264.0,155,66,15000.0,16.0,pending,Birthday,2022-03-01,Wedding,Ben Arous,Tunisie,5,0.0,0.0,200.0,400.0,Venues de mariage privées
6286,11017.0,203,1258,12000.0,0.0,confirmed,Corporate Event,2025-05-04,Birthday,Kasserine,Tunisie,1,0.0,0.0,200.0,400.0,Venues de mariage privées
3787,13060.0,155,66,20000.0,0.0,cancelled,Corporate Event,2025-03-18,Wedding,Kasserine,Tunisie,2,0.0,0.0,200.0,400.0,Venues de mariage privées
741,9794.0,203,1258,19000.0,0.0,pending,Wedding,2024-09-26,Birthday,Sidi Bouzid,Tunisie,4,0.0,0.0,200.0,400.0,Venues de mariage privées
10685,4415.0,298,962,15000.0,0.0,cancelled,Wedding,2024-09-06,Birthday,Ariana,Tunisie,5,0.0,0.0,200.0,400.0,Venues de mariage privées
4399,14670.0,298,962,15000.0,4.0,pending,Corporate Event,2025-06-06,Wedding,Kairouan,Tunisie,1,0.0,0.0,300.0,500.0,Venues de mariage privées
1206,13030.0,239,4101,15000.0,2.0,confirmed,Birthday,2023-06-21,Wedding,Sidi Bouzid,Tunisie,3,0.0,0.0,200.0,400.0,Venues de mariage privées
7290,6708.0,155,66,21000.0,6.0,cancelled,Wedding,2025-05-27,Corporate,Mahdia,Tunisie,1,0.0,0.0,200.0,400.0,Venues de mariage privées
10381,12332.0,203,1258,22000.0,20.0,cancelled,Corporate Event,2022-05-27,Wedding,Tunis,Tunisie,5,0.0,0.0,300.0,500.0,Hotel
8057,6840.0,229,3480,15000.0,18.0,pending,Wedding,2024-11-13,Birthday,Manouba,Tunisie,3,0.0,0.0,200.0,400.0,Venues de mariage privées
17065,1867.0,239,4101,22000.0,3.0,pending,Birthday,2023-04-01,Wedding,Sidi Bouzid,Tunisie,2,0.0,0.0,200.0,400.0,Venues de mariage privées
9075,7402.0,239,4101,21000.0,4.0,pending,Corporate Event,2022-08-14,Corporate,Tunis,Tunisie,2,0.0,0.0,300.0,500.0,Hotel
11770,7773.0,176,3661,25000.0,9.0,confirmed,Corporate Event,2024-07-05,Corporate,Sousse,Tunisie,3,0.0,0.0,300.0,500.0,Venues de mariage privées
2828,3412.0,252,1608,15000.0,2.0,pending,Corporate Event,2022-09-01,Wedding,Bizerte,Tunisie,2,0.0,0.0,300.0,500.0,Venues de mariage privées
11699,1075.0,203,1417,23000.0,3.0,cancelled,Wedding,2025-11-11,Birthday,Zaghouan,Tunisie,3,0.0,0.0,100.0,200.0,Hotel
11583,5532.0,126,4896,21000.0,3.0,confirmed,Corporate Event,2025-06-06,Birthday,Zaghouan,Tunisie,2,0.0,0.0,100.0,200.0,Hotel
56,5033.0,249,22215,26000.0,15.0,confirmed,Birthday,2022-05-08,Corporate,Ben Arous,Tunisie,5,0.0,0.0,200.0,400.0,Venues de mariage privées
4057,12147.0,298,962,13000.0,2.0,pending,Corporate Event,2023-09-24,Wedding,Siliana,Tunisie,1,0.0,0.0,200.0,400.0,Venues de mariage privées
2098,3653.0,252,1608,12000.0,16.0,pending,Wedding,2025-10-10,Wedding,Manouba,Tunisie,1,0.0,0.0,200.0,400.0,Venues de mariage privées
2465,1266.0,203,1417,17000.0,0.0,cancelled,Wedding,2024-05-24,Birthday,Mahdia,Tunisie,5,0.0,0.0,200.0,400.0,Venues de mariage privées
2560,3102.0,239,4101,13000.0,13.0,confirmed,Corporate Event,2024-02-09,Corporate,Manouba,Tunisie,1,0.0,0.0,200.0,400.0,Venues de mariage privées
12946,7158.0,252,1608,19000.0,9.0,cancelled,Wedding,2025-08-03,Corporate,Sousse,Tunisie,2,0.0,0.0,300.0,500.0,Venues de mariage privées
17586,14864.0,229,3480,24000.0,0.0,confirmed,Wedding,2022-12-25,Wedding,Kasserine,Tunisie,3,0.0,0.0,200.0,400.0,Venues de mariage privées
12730,11476.0,239,4101,23000.0,10.0,cancelled,Wedding,2025-01-25,Corporate,Jendouba,Tunisie,1,0.0,0.0,100.0,200.0,Hotel
14469,9275.0,155,66,13000.0,5.0,confirmed,Corporate Event,2024-08-22,Corporate,Tozeur,Tunisie,5,0.0,0.0,300.0,500.0,Venues de mariage privées
12275,5122.0,42,3577,22000.0,20.0,confirmed,Wedding,2025-06-05,Wedding,Tunis,Tunisie,4,0.0,0.0,300.0,500.0,Hotel
3141,10279.0,252,1608,23000.0,2.0,pending,Wedding,2023-02-19,Wedding,Sidi Bouzid,Tunisie,3,0.0,0.0,200.0,400.0,Venues de mariage privées
10091,7509.0,249,22215,17000.0,6.0,cancelled,Corporate Event,2024-07-06,Corporate,Bizerte,Tunisie,1,0.0,0.0,300.0,500.0,Venues de mariage privées
4432,749.0,176,3661,12000.0,0.0,cancelled,Birthday,2022-05-04,Birthday,Ariana,Tunisie,1,0.0,0.0,200.0,400.0,Venues de mariage privées
5432,7692.0,203,1417,26000.0,0.0,confirmed,Wedding,2023-09-26,Birthday,Ariana,Tunisie,3,0.0,0.0,200.0,400.0,Venues de mariage privées
11287,11565.0,239,4101,13000.0,9.0,pending,Wedding,2025-12-23,Corporate,Kasserine,Tunisie,1,0.0,0.0,200.0,400.0,Venues de mariage privées
17073,7409.0,229,3480,24000.0,8.0,pending,Corporate Event,2023-07-30,Wedding,Zaghouan,Tunisie,4,0.0,0.0,100.0,200.0,Hotel
1857,9545.0,155,66,25000.0,8.0,cancelled,Wedding,2022-01-13,Wedding,Bizerte,Tunisie,4,0.0,0.0,300.0,500.0,Venues de mariage privées
1682,1128.0,155,66,15000.0,2.0,pending,Corporate Event,2022-06-25,Wedding,Bizerte,Tunisie,5,0.0,0.0,300.0,500.0,Venues de mariage privées
8995,3764.0,249,22215,13000.0,7.0,confirmed,Corporate Event,2024-01-14,Birthday,Tataouine,Tunisie,1,0.0,0.0,100.0,200.0,Hotel
1657,14912.0,202,1983,23000.0,20.0,pending,Wedding,2022-12-22,Wedding,Manouba,Tunisie,5,0.0,0.0,200.0,400.0,Venues de mariage privées
6782,1772.0,126,4896,22000.0,16.0,cancelled,Corporate Event,2025-05-24,Wedding,Manouba,Tunisie,1,0.0,0.0,200.0,400.0,Venues de mariage privées
5275,11548.0,203,1417,23000.0,2.0,cancelled,Wedding,2022-12-07,Wedding,Jendouba,Tunisie,1,0.0,0.0,100.0,200.0,Hotel
9414,5960.0,203,1417,24000.0,0.0,confirmed,Wedding,2023-08-02,Wedding,Tozeur,Tunisie,2,0.0,0.0,300.0,500.0,Venues de mariage privées
14867,8359.0,155,66,19000.0,0.0,cancelled,Wedding,2023-02-25,Birthday,Siliana,Tunisie,4,0.0,0.0,200.0,400.0,Venues de mariage privées
8753,11960.0,229,3480,26000.0,0.0,cancelled,Corporate Event,2024-06-04,Corporate,Siliana,Tunisie,2,0.0,0.0,200.0,400.0,Venues de mariage privées
15171,2188.0,229,3480,13000.0,0.0,cancelled,Birthday,2024-05-05,Birthday,Gafsa,Tunisie,3,0.0,0.0,100.0,200.0,Hotel
16547,9231.0,155,66,24000.0,5.0,confirmed,Corporate Event,2024-05-27,Corporate,Tozeur,Tunisie,5,0.0,0.0,300.0,500.0,Venues de mariage privées
5697,7955.0,42,3577,24000.0,7.0,pending,Wedding,2024-08-05,Birthday,Kairouan,Tunisie,4,0.0,0.0,300.0,500.0,Venues de mariage privées
1801,12264.0,203,1258,20000.0,1.0,confirmed,Birthday,2022-12-15,Wedding,Tataouine,Tunisie,4,0.0,0.0,100.0,200.0,Hotel
1545,7423.0,203,1258,20000.0,14.0,confirmed,Wedding,2024-10-14,Corporate,Nabeul,Tunisie,2,0.0,0.0,300.0,500.0,Venues de mariage privées
17886,7418.0,229,3480,26000.0,0.0,confirmed,Corporate Event,2022-08-27,Corporate,Siliana,Tunisie,1,0.0,0.0,200.0,400.0,Venues de mariage privées
8201,1728.0,229,3480,25000.0,7.0,cancelled,Corporate Event,2022-01-16,Birthday,Tataouine,Tunisie,1,0.0,0.0,100.0,200.0,Hotel
10528,6923.0,42,3577,17000.0,14.0,confirmed,Wedding,2023-11-24,Corporate,Nabeul,Tunisie,3,0.0,0.0,300.0,500.0,Venues de mariage privées
7379,6457.0,202,1983,19000.0,7.0,cancelled,Wedding,2023-01-28,Corporate,Zaghouan,Tunisie,1,0.0,0.0,100.0,200.0,Hotel
7533,8277.0,42,3577,24000.0,2.0,cancelled,Corporate Event,2023-10-05,Wedding,Mahdia,Tunisie,2,0.0,0.0,200.0,400.0,Venues de mariage privées
9655,8246.0,42,3577,13000.0,0.0,cancelled,Wedding,2025-06-27,Birthday,Tunis,Tunisie,2,0.0,0.0,300.0,500.0,Hotel
13650,1144.0,203,1258,17000.0,20.0,pending,Wedding,2024-01-31,Wedding,Tunis,Tunisie,5,0.0,0.0,300.0,500.0,Hotel
11544,3137.0,252,1608,12000.0,14.0,cancelled,Wedding,2022-07-30,Corporate,Nabeul,Tunisie,5,0.0,0.0,300.0,500.0,Venues de mariage privées
8373,2034.0,203,1417,24000.0,5.0,pending,Birthday,2025-02-08,Corporate,Kairouan,Tunisie,3,0.0,0.0,300.0,500.0,Venues de mariage privées
11655,1728.0,126,4896,22000.0,2.0,pending,Corporate Event,2025-09-08,Wedding,Jendouba,Tunisie,4,0.0,0.0,100.0,200.0,Hotel
4857,6072.0,126,4896,13000.0,10.0,confirmed,Wedding,2023-02-25,Wedding,Ariana,Tunisie,2,0.0,0.0,200.0,400.0,Venues de mariage privées
7970,12516.0,203,1417,25000.0,10.0,confirmed,Birthday,2023-09-27,Corporate,Jendouba,Tunisie,3,0.0,0.0,100.0,200.0,Hotel
6460,10062.0,42,3577,13000.0,5.0,cancelled,Corporate Event,2023-10-21,Wedding,Sousse,Tunisie,5,0.0,0.0,300.0,500.0,Venues de mariage privées
15691,10118.0,249,22215,21000.0,0.0,confirmed,Birthday,2025-03-08,Birthday,Ariana,Tunisie,5,0.0,0.0,200.0,400.0,Venues de mariage privées
10859,11149.0,203,1258,23000.0,2.0,confirmed,Corporate Event,2022-08-19,Wedding,Jendouba,Tunisie,4,0.0,0.0,100.0,200.0,Hotel
8926,6985.0,202,1983,15000.0,8.0,confirmed,Birthday,2023-06-26,Wedding,Zaghouan,Tunisie,5,0.0,0.0,100.0,200.0,Hotel
7070,660.0,239,4101,24000.0,0.0,pending,Corporate Event,2025-02-07,Wedding,Gafsa,Tunisie,3,0.0,0.0,100.0,200.0,Hotel
14712,8090.0,203,1417,15000.0,14.0,pending,Wedding,2024-03-22,Corporate,Nabeul,Tunisie,3,0.0,0.0,300.0,500.0,Venues de mariage privées
10067,9279.0,126,4896,26000.0,3.0,confirmed,Corporate Event,2022-04-03,Birthday,Zaghouan,Tunisie,3,0.0,0.0,100.0,200.0,Hotel
12046,138380.0,252,1608,25000.0,10.0,cancelled,Wedding,2023-02-26,Birthday,Nabeul,Tunisie,1,0.0,0.0,300.0,500.0,Venues de mariage privées
1112,2924.0,176,3661,15000.0,3.0,confirmed,Birthday,2023-04-04,Corporate,Sidi Bouzid,Tunisie,5,0.0,0.0,200.0,400.0,Venues de mariage privées
8984,9885.0,298,962,23000.0,5.0,confirmed,Birthday,2024-10-31,Corporate,Kairouan,Tunisie,4,0.0,0.0,300.0,500.0,Venues de mariage privées
17121,1513.0,202,1983,20000.0,0.0,confirmed,Birthday,2024-01-13,Birthday,Mahdia,Tunisie,3,0.0,0.0,200.0,400.0,Venues de mariage privées
14651,4742.0,203,1258,22000.0,2.0,cancelled,Wedding,2024-11-20,Wedding,Bizerte,Tunisie,4,0.0,0.0,300.0,500.0,Venues de mariage privées
13960,7603.0,298,962,24000.0,0.0,cancelled,Wedding,2022-05-25,Birthday,Jendouba,Tunisie,3,0.0,0.0,100.0,200.0,Hotel
14715,1555.0,229,3480,25000.0,2.0,confirmed,Wedding,2023-05-20,Wedding,Bizerte,Tunisie,3,0.0,0.0,300.0,500.0,Venues de mariage privées
5896,1719.0,229,3480,23000.0,5.0,confirmed,Wedding,2025-04-28,Corporate,Gafsa,Tunisie,1,0.0,0.0,100.0,200.0,Hotel
2912,2734.0,298,962,22000.0,7.0,confirmed,Birthday,2024-04-25,Wedding,Jendouba,Tunisie,3,0.0,0.0,100.0,200.0,Hotel
16550,12265.0,252,1608,23000.0,11.0,pending,Corporate Event,2024-07-30,Corporate,Ariana,Tunisie,4,0.0,0.0,200.0,400.0,Venues de mariage privées
14821,4439.0,203,1417,20000.0,5.0,pending,Corporate Event,2023-10-29,Corporate,Gafsa,Tunisie,4,0.0,0.0,100.0,200.0,Hotel
934,9692.0,298,962,21000.0,5.0,confirmed,Wedding,2022-10-29,Corporate,Gafsa,Tunisie,1,0.0,0.0,100.0,200.0,Hotel
7105,11758.0,229,3480,21000.0,20.0,confirmed,Birthday,2023-01-06,Wedding,Tunis,Tunisie,5,0.0,0.0,300.0,500.0,Hotel
13361,12051.0,176,3661,20000.0,0.0,cancelled,Wedding,2023-05-15,Birthday,Sidi Bouzid,Tunisie,3,0.0,0.0,200.0,400.0,Venues de mariage privées
3401,5642.0,252,1608,17000.0,16.0,cancelled,Birthday,2024-08-31,Wedding,Manouba,Tunisie,1,0.0,0.0,200.0,400.0,Venues de mariage privées
8492,1375.0,252,1608,20000.0,16.0,confirmed,Birthday,2025-07-15,Wedding,Ben Arous,Tunisie,5,0.0,0.0,200.0,400.0,Venues de mariage privées
15192,3228.0,126,4896,23000.0,10.0,pending,Corporate Event,2025-01-08,Wedding,Ariana,Tunisie,4,0.0,0.0,200.0,400.0,Venues de mariage privées
12273,8978.0,42,3577,22000.0,0.0,pending,Wedding,2025-06-14,Corporate,Siliana,Tunisie,5,0.0,0.0,200.0,400.0,Venues de mariage privées
14445,13553.0,239,4101,23000.0,2.0,confirmed,Birthday,2023-03-29,Wedding,Siliana,Tunisie,2,0.0,0.0,200.0,400.0,Venues de mariage privées
9015,144430.0,252,1608,12000.0,10.0,cancelled,Wedding,2022-08-02,Wedding,Gafsa,Tunisie,4,0.0,0.0,100.0,200.0,Hotel
3614,3823.0,42,3577,12000.0,16.0,pending,Wedding,2025-02-02,Wedding,Manouba,Tunisie,2,0.0,0.0,200.0,400.0,Venues de mariage privées
1397,9115.0,229,3480,15000.0,14.0,confirmed,Corporate Event,2025-01-10,Corporate,Nabeul,Tunisie,4,0.0,0.0,300.0,500.0,Venues de mariage privées
15761,5316.0,249,22215,23000.0,2.0,cancelled,Birthday,2023-02-23,Birthday,Ben Arous,Tunisie,4,0.0,0.0,200.0,400.0,Venues de mariage privées
16946,11227.0,202,1983,21000.0,0.0,cancelled,Corporate Event,2022-06-25,Birthday,Mahdia,Tunisie,1,0.0,0.0,200.0,400.0,Venues de mariage privées
16732,9920.0,203,1258,13000.0,4.0,pending,Birthday,2023-09-05,Wedding,Zaghouan,Tunisie,1,0.0,0.0,100.0,200.0,Hotel
13612,13845.0,203,1258,22000.0,2.0,confirmed,Birthday,2024-05-04,Wedding,Nabeul,Tunisie,2,0.0,0.0,300.0,500.0,Venues de mariage privées
16102,8164.0,42,3577,17000.0,5.0,cancelled,Wedding,2025-05-09,Corporate,Kairouan,Tunisie,1,0.0,0.0,300.0,500.0,Venues de mariage privées
17307,4835.0,155,66,23000.0,2.0,confirmed,Wedding,2025-10-02,Wedding,Bizerte,Tunisie,1,0.0,0.0,300.0,500.0,Venues de mariage privées
14660,10052.0,203,1417,22000.0,20.0,pending,Corporate Event,2025-01-03,Wedding,Manouba,Tunisie,3,0.0,0.0,200.0,400.0,Venues de mariage privées
17582,147990.0,252,1608,24000.0,11.0,cancelled,Corporate Event,2024-06-15,Corporate,Ariana,Tunisie,1,0.0,0.0,200.0,400.0,Venues de mariage privées
8523,6888.0,203,1417,26000.0,10.0,pending,Wedding,2023-04-05,Wedding,Ariana,Tunisie,1,0.0,0.0,200.0,400.0,Venues de mariage privées
320,3497.0,203,1258,25000.0,0.0,confirmed,Wedding,2024-07-23,Birthday,Ariana,Tunisie,4,0.0,0.0,200.0,400.0,Venues de mariage privées
777,1610.0,176,3661,24000.0,7.0,confirmed,Birthday,2024-06-15,Birthday,Tataouine,Tunisie,5,0.0,0.0,100.0,200.0,Hotel
51,9339.0,249,22215,23000.0,9.0,cancelled,Birthday,2024-07-01,Wedding,Kairouan,Tunisie,3,0.0,0.0,300.0,500.0,Venues de mariage privées
15561,12702.0,298,962,25000.0,13.0,pending,Birthday,2023-02-23,Corporate,Manouba,Tunisie,1,0.0,0.0,200.0,400.0,Venues de mariage privées
1763,7984.0,239,4101,13000.0,0.0,pending,Wedding,2023-08-02,Birthday,Tunis,Tunisie,3,0.0,0.0,300.0,500.0,Hotel
14537,14332.0,202,1983,20000.0,16.0,confirmed,Wedding,2024-09-03,Wedding,Sfax,Tunisie,1,0.0,0.0,200.0,500.0,Hotel
14277,3692.0,252,1608,15000.0,10.0,confirmed,Birthday,2024-05-16,Birthday,Nabeul,Tunisie,4,0.0,0.0,300.0,500.0,Venues de mariage privées
3373,13557.0,229,3480,23000.0,10.0,confirmed,Birthday,2025-01-03,Birthday,Nabeul,Tunisie,3,0.0,0.0,300.0,500.0,Venues de mariage privées
2129,9219.0,126,4896,25000.0,0.0,pending,Birthday,2024-04-24,Birthday,Kasserine,Tunisie,2,0.0,0.0,200.0,400.0,Venues de mariage privées
1506,6271.0,126,4896,24000.0,4.0,confirmed,Birthday,2025-06-17,Wedding,Zaghouan,Tunisie,5,0.0,0.0,100.0,200.0,Hotel
3370,7088.0,229,3480,23000.0,8.0,cancelled,Birthday,2024-01-11,Wedding,Zaghouan,Tunisie,1,0.0,0.0,100.0,200.0,Hotel
10365,1830.0,42,3577,24000.0,2.0,cancelled,Birthday,2024-09-06,Wedding,Siliana,Tunisie,1,0.0,0.0,200.0,400.0,Venues de mariage privées
10472,1568.0,239,4101,20000.0,16.0,confirmed,Wedding,2024-04-07,Wedding,Siliana,Tunisie,2,0.0,0.0,200.0,400.0,Venues de mariage privées
8478,11297.0,252,1608,25000.0,10.0,pending,Corporate Event,2025-05-27,Wedding,Ariana,Tunisie,2,0.0,0.0,200.0,400.0,Venues de mariage privées
2798,12889.0,239,4101,21000.0,20.0,cancelled,Corporate Event,2025-01-27,Wedding,Manouba,Tunisie,5,0.0,0.0,200.0,400.0,Venues de mariage privées
6406,10625.0,155,66,26000.0,16.0,cancelled,Wedding,2025-06-02,Wedding,Manouba,Tunisie,5,0.0,0.0,200.0,400.0,Venues de mariage privées
1818,7315.0,203,1258,19000.0,3.0,confirmed,Wedding,2025-02-15,Wedding,Sidi Bouzid,Tunisie,3,0.0,0.0,200.0,400.0,Venues de mariage privées
63,11544.0,155,66,25000.0,3.0,pending,Wedding,2025-02-22,Wedding,Sidi Bouzid,Tunisie,2,0.0,0.0,200.0,400.0,Venues de mariage privées
12196,6733.0,229,3480,19000.0,7.0,cancelled,Wedding,2024-08-23,Wedding,Nabeul,Tunisie,5,0.0,0.0,300.0,500.0,Venues de mariage privées
14935,1674.0,239,4101,19000.0,10.0,pending,Birthday,2025-05-10,Wedding,Ariana,Tunisie,5,0.0,0.0,200.0,400.0,Venues de mariage privées
2085,21880.0,42,3577,12000.0,20.0,confirmed,Birthday,2025-06-10,Wedding,Tunis,Tunisie,5,0.0,0.0,300.0,500.0,Hotel
12509,8226.0,252,1608,26000.0,0.0,cancelled,Corporate Event,2022-11-16,Wedding,Tataouine,Tunisie,3,0.0,0.0,100.0,200.0,Hotel
7870,5942.0,252,1608,23000.0,8.0,cancelled,Birthday,2025-11-27,Wedding,Zaghouan,Tunisie,1,0.0,0.0,100.0,200.0,Hotel
17026,7284.0,203,1258,25000.0,10.0,pending,Birthday,2025-03-05,Wedding,Gafsa,Tunisie,2,0.0,0.0,100.0,200.0,Hotel
10548,10674.0,155,66,15000.0,2.0,confirmed,Corporate Event,2022-03-17,Wedding,Mahdia,Tunisie,4,0.0,0.0,200.0,400.0,Venues de mariage privées
13006,1254.0,252,1608,13000.0,3.0,cancelled,Corporate Event,2023-09-04,Corporate,Sidi Bouzid,Tunisie,4,0.0,0.0,200.0,400.0,Venues de mariage privées
1066,9085.0,239,4101,13000.0,16.0,pending,Corporate Event,2025-10-29,Wedding,Siliana,Tunisie,5,0.0,0.0,200.0,400.0,Venues de mariage privées
4572,14402.0,239,4101,15000.0,10.0,cancelled,Corporate Event,2023-11-07,Birthday,Sfax,Tunisie,4,0.0,0.0,200.0,500.0,Hotel
17597,7909.0,42,3577,24000.0,2.0,confirmed,Birthday,2024-10-27,Birthday,Ben Arous,Tunisie,4,0.0,0.0,200.0,400.0,Venues de mariage privées
9341,1987.0,42,3577,25000.0,0.0,pending,Wedding,2024-02-29,Birthday,Ariana,Tunisie,5,0.0,0.0,200.0,400.0,Venues de mariage privées
17117,13921.0,126,4896,26000.0,3.0,cancelled,Corporate Event,2022-11-28,Corporate,Sfax,Tunisie,1,0.0,0.0,200.0,500.0,Hotel
6022,10800.0,42,3577,24000.0,1.0,confirmed,Birthday,2025-10-11,Wedding,Tataouine,Tunisie,2,0.0,0.0,100.0,200.0,Hotel
7586,8359.0,202,1983,26000.0,3.0,pending,Birthday,2025-09-18,Birthday,Zaghouan,Tunisie,3,0.0,0.0,100.0,200.0,Hotel
12080,574.0,252,1608,20000.0,9.0,cancelled,Corporate Event,2024-10-24,Corporate,Kasserine,Tunisie,3,0.0,0.0,200.0,400.0,Venues de mariage privées
5053,6604.0,42,3577,12000.0,7.0,pending,Wedding,2024-04-09,Wedding,Nabeul,Tunisie,5,0.0,0.0,300.0,500.0,Venues de mariage privées
1940,14807.0,298,962,25000.0,16.0,cancelled,Wedding,2025-08-27,Wedding,Sousse,Tunisie,1,0.0,0.0,300.0,500.0,Venues de mariage privées
2647,4349.0,126,4896,22000.0,5.0,pending,Wedding,2024-01-05,Corporate,Tozeur,Tunisie,5,0.0,0.0,300.0,500.0,Venues de mariage privées
10190,11914.0,252,1608,12000.0,0.0,cancelled,Birthday,2025-06-02,Birthday,Jendouba,Tunisie,3,0.0,0.0,100.0,200.0,Hotel
13445,12220.0,203,1417,20000.0,5.0,cancelled,Corporate Event,2024-04-21,Wedding,Sousse,Tunisie,4,0.0,0.0,300.0,500.0,Venues de mariage privées
6802,1947.0,229,3480,21000.0,16.0,confirmed,Corporate Event,2024-12-10,Wedding,Sfax,Tunisie,1,0.0,0.0,200.0,500.0,Hotel
