[2026-03-30T08:19:08.365+0000] {processor.py:161} INFO - Started process (PID=73) to work on /home/airflow/.local/lib/python3.8/site-packages/airflow/example_dags/example_sla_dag.py
[2026-03-30T08:19:08.368+0000] {processor.py:830} INFO - Processing file /home/airflow/.local/lib/python3.8/site-packages/airflow/example_dags/example_sla_dag.py for tasks to queue
[2026-03-30T08:19:08.372+0000] {logging_mixin.py:188} INFO - [2026-03-30T08:19:08.372+0000] {dagbag.py:538} INFO - Filling up the DagBag from /home/airflow/.local/lib/python3.8/site-packages/airflow/example_dags/example_sla_dag.py
[2026-03-30T08:19:08.397+0000] {processor.py:840} INFO - DAG(s) 'example_sla_dag' retrieved from /home/airflow/.local/lib/python3.8/site-packages/airflow/example_dags/example_sla_dag.py
[2026-03-30T08:19:08.428+0000] {logging_mixin.py:188} INFO - [2026-03-30T08:19:08.427+0000] {dag.py:3036} INFO - Sync 1 DAGs
[2026-03-30T08:19:08.489+0000] {logging_mixin.py:188} INFO - [2026-03-30T08:19:08.488+0000] {dag.py:3823} INFO - Setting next_dagrun for example_sla_dag to 2026-03-30 08:16:00+00:00, run_after=2026-03-30 08:18:00+00:00
[2026-03-30T08:19:08.529+0000] {processor.py:183} INFO - Processing /home/airflow/.local/lib/python3.8/site-packages/airflow/example_dags/example_sla_dag.py took 0.171 seconds
[2026-03-30T08:19:39.483+0000] {processor.py:161} INFO - Started process (PID=130) to work on /home/airflow/.local/lib/python3.8/site-packages/airflow/example_dags/example_sla_dag.py
[2026-03-30T08:19:39.487+0000] {processor.py:830} INFO - Processing file /home/airflow/.local/lib/python3.8/site-packages/airflow/example_dags/example_sla_dag.py for tasks to queue
[2026-03-30T08:19:39.491+0000] {logging_mixin.py:188} INFO - [2026-03-30T08:19:39.490+0000] {dagbag.py:538} INFO - Filling up the DagBag from /home/airflow/.local/lib/python3.8/site-packages/airflow/example_dags/example_sla_dag.py
[2026-03-30T08:19:39.512+0000] {processor.py:840} INFO - DAG(s) 'example_sla_dag' retrieved from /home/airflow/.local/lib/python3.8/site-packages/airflow/example_dags/example_sla_dag.py
[2026-03-30T08:19:39.663+0000] {logging_mixin.py:188} INFO - [2026-03-30T08:19:39.662+0000] {dag.py:3036} INFO - Sync 1 DAGs
[2026-03-30T08:19:39.701+0000] {logging_mixin.py:188} INFO - [2026-03-30T08:19:39.700+0000] {dag.py:3823} INFO - Setting next_dagrun for example_sla_dag to 2026-03-30 08:16:00+00:00, run_after=2026-03-30 08:18:00+00:00
[2026-03-30T08:19:39.735+0000] {processor.py:183} INFO - Processing /home/airflow/.local/lib/python3.8/site-packages/airflow/example_dags/example_sla_dag.py took 0.260 seconds
[2026-03-30T08:20:10.078+0000] {processor.py:161} INFO - Started process (PID=187) to work on /home/airflow/.local/lib/python3.8/site-packages/airflow/example_dags/example_sla_dag.py
[2026-03-30T08:20:10.080+0000] {processor.py:830} INFO - Processing file /home/airflow/.local/lib/python3.8/site-packages/airflow/example_dags/example_sla_dag.py for tasks to queue
[2026-03-30T08:20:10.085+0000] {logging_mixin.py:188} INFO - [2026-03-30T08:20:10.084+0000] {dagbag.py:538} INFO - Filling up the DagBag from /home/airflow/.local/lib/python3.8/site-packages/airflow/example_dags/example_sla_dag.py
[2026-03-30T08:20:10.106+0000] {processor.py:840} INFO - DAG(s) 'example_sla_dag' retrieved from /home/airflow/.local/lib/python3.8/site-packages/airflow/example_dags/example_sla_dag.py
[2026-03-30T08:20:10.160+0000] {logging_mixin.py:188} INFO - [2026-03-30T08:20:10.158+0000] {dag.py:3036} INFO - Sync 1 DAGs
[2026-03-30T08:20:10.207+0000] {logging_mixin.py:188} INFO - [2026-03-30T08:20:10.206+0000] {dag.py:3823} INFO - Setting next_dagrun for example_sla_dag to 2026-03-30 08:18:00+00:00, run_after=2026-03-30 08:20:00+00:00
[2026-03-30T08:20:10.247+0000] {processor.py:183} INFO - Processing /home/airflow/.local/lib/python3.8/site-packages/airflow/example_dags/example_sla_dag.py took 0.177 seconds
[2026-03-30T08:20:40.514+0000] {processor.py:161} INFO - Started process (PID=245) to work on /home/airflow/.local/lib/python3.8/site-packages/airflow/example_dags/example_sla_dag.py
[2026-03-30T08:20:40.518+0000] {processor.py:830} INFO - Processing file /home/airflow/.local/lib/python3.8/site-packages/airflow/example_dags/example_sla_dag.py for tasks to queue
[2026-03-30T08:20:40.524+0000] {logging_mixin.py:188} INFO - [2026-03-30T08:20:40.523+0000] {dagbag.py:538} INFO - Filling up the DagBag from /home/airflow/.local/lib/python3.8/site-packages/airflow/example_dags/example_sla_dag.py
[2026-03-30T08:20:40.545+0000] {processor.py:840} INFO - DAG(s) 'example_sla_dag' retrieved from /home/airflow/.local/lib/python3.8/site-packages/airflow/example_dags/example_sla_dag.py
[2026-03-30T08:20:40.590+0000] {logging_mixin.py:188} INFO - [2026-03-30T08:20:40.590+0000] {dag.py:3036} INFO - Sync 1 DAGs
[2026-03-30T08:20:40.634+0000] {logging_mixin.py:188} INFO - [2026-03-30T08:20:40.634+0000] {dag.py:3823} INFO - Setting next_dagrun for example_sla_dag to 2026-03-30 08:18:00+00:00, run_after=2026-03-30 08:20:00+00:00
[2026-03-30T08:20:40.674+0000] {processor.py:183} INFO - Processing /home/airflow/.local/lib/python3.8/site-packages/airflow/example_dags/example_sla_dag.py took 0.168 seconds
[2026-03-30T08:21:10.921+0000] {processor.py:161} INFO - Started process (PID=302) to work on /home/airflow/.local/lib/python3.8/site-packages/airflow/example_dags/example_sla_dag.py
[2026-03-30T08:21:10.922+0000] {processor.py:830} INFO - Processing file /home/airflow/.local/lib/python3.8/site-packages/airflow/example_dags/example_sla_dag.py for tasks to queue
[2026-03-30T08:21:10.925+0000] {logging_mixin.py:188} INFO - [2026-03-30T08:21:10.925+0000] {dagbag.py:538} INFO - Filling up the DagBag from /home/airflow/.local/lib/python3.8/site-packages/airflow/example_dags/example_sla_dag.py
[2026-03-30T08:21:10.937+0000] {processor.py:840} INFO - DAG(s) 'example_sla_dag' retrieved from /home/airflow/.local/lib/python3.8/site-packages/airflow/example_dags/example_sla_dag.py
[2026-03-30T08:21:10.966+0000] {logging_mixin.py:188} INFO - [2026-03-30T08:21:10.965+0000] {dag.py:3036} INFO - Sync 1 DAGs
[2026-03-30T08:21:11.005+0000] {logging_mixin.py:188} INFO - [2026-03-30T08:21:11.004+0000] {dag.py:3823} INFO - Setting next_dagrun for example_sla_dag to 2026-03-30 08:18:00+00:00, run_after=2026-03-30 08:20:00+00:00
[2026-03-30T08:21:11.031+0000] {processor.py:183} INFO - Processing /home/airflow/.local/lib/python3.8/site-packages/airflow/example_dags/example_sla_dag.py took 0.116 seconds
[2026-03-30T08:21:41.999+0000] {processor.py:161} INFO - Started process (PID=359) to work on /home/airflow/.local/lib/python3.8/site-packages/airflow/example_dags/example_sla_dag.py
[2026-03-30T08:21:42.002+0000] {processor.py:830} INFO - Processing file /home/airflow/.local/lib/python3.8/site-packages/airflow/example_dags/example_sla_dag.py for tasks to queue
[2026-03-30T08:21:42.009+0000] {logging_mixin.py:188} INFO - [2026-03-30T08:21:42.008+0000] {dagbag.py:538} INFO - Filling up the DagBag from /home/airflow/.local/lib/python3.8/site-packages/airflow/example_dags/example_sla_dag.py
[2026-03-30T08:21:42.025+0000] {processor.py:840} INFO - DAG(s) 'example_sla_dag' retrieved from /home/airflow/.local/lib/python3.8/site-packages/airflow/example_dags/example_sla_dag.py
[2026-03-30T08:21:42.065+0000] {logging_mixin.py:188} INFO - [2026-03-30T08:21:42.064+0000] {dag.py:3036} INFO - Sync 1 DAGs
[2026-03-30T08:21:42.130+0000] {logging_mixin.py:188} INFO - [2026-03-30T08:21:42.130+0000] {dag.py:3823} INFO - Setting next_dagrun for example_sla_dag to 2026-03-30 08:18:00+00:00, run_after=2026-03-30 08:20:00+00:00
[2026-03-30T08:21:42.159+0000] {processor.py:183} INFO - Processing /home/airflow/.local/lib/python3.8/site-packages/airflow/example_dags/example_sla_dag.py took 0.173 seconds
[2026-03-30T08:22:13.004+0000] {processor.py:161} INFO - Started process (PID=416) to work on /home/airflow/.local/lib/python3.8/site-packages/airflow/example_dags/example_sla_dag.py
[2026-03-30T08:22:13.006+0000] {processor.py:830} INFO - Processing file /home/airflow/.local/lib/python3.8/site-packages/airflow/example_dags/example_sla_dag.py for tasks to queue
[2026-03-30T08:22:13.011+0000] {logging_mixin.py:188} INFO - [2026-03-30T08:22:13.010+0000] {dagbag.py:538} INFO - Filling up the DagBag from /home/airflow/.local/lib/python3.8/site-packages/airflow/example_dags/example_sla_dag.py
[2026-03-30T08:22:13.027+0000] {processor.py:840} INFO - DAG(s) 'example_sla_dag' retrieved from /home/airflow/.local/lib/python3.8/site-packages/airflow/example_dags/example_sla_dag.py
[2026-03-30T08:22:13.070+0000] {logging_mixin.py:188} INFO - [2026-03-30T08:22:13.070+0000] {dag.py:3036} INFO - Sync 1 DAGs
[2026-03-30T08:22:13.104+0000] {logging_mixin.py:188} INFO - [2026-03-30T08:22:13.103+0000] {dag.py:3823} INFO - Setting next_dagrun for example_sla_dag to 2026-03-30 08:20:00+00:00, run_after=2026-03-30 08:22:00+00:00
[2026-03-30T08:22:13.142+0000] {processor.py:183} INFO - Processing /home/airflow/.local/lib/python3.8/site-packages/airflow/example_dags/example_sla_dag.py took 0.150 seconds
[2026-03-30T08:22:43.735+0000] {processor.py:161} INFO - Started process (PID=473) to work on /home/airflow/.local/lib/python3.8/site-packages/airflow/example_dags/example_sla_dag.py
[2026-03-30T08:22:43.739+0000] {processor.py:830} INFO - Processing file /home/airflow/.local/lib/python3.8/site-packages/airflow/example_dags/example_sla_dag.py for tasks to queue
[2026-03-30T08:22:43.744+0000] {logging_mixin.py:188} INFO - [2026-03-30T08:22:43.743+0000] {dagbag.py:538} INFO - Filling up the DagBag from /home/airflow/.local/lib/python3.8/site-packages/airflow/example_dags/example_sla_dag.py
[2026-03-30T08:22:43.769+0000] {processor.py:840} INFO - DAG(s) 'example_sla_dag' retrieved from /home/airflow/.local/lib/python3.8/site-packages/airflow/example_dags/example_sla_dag.py
[2026-03-30T08:22:43.825+0000] {logging_mixin.py:188} INFO - [2026-03-30T08:22:43.824+0000] {dag.py:3036} INFO - Sync 1 DAGs
[2026-03-30T08:22:43.888+0000] {logging_mixin.py:188} INFO - [2026-03-30T08:22:43.888+0000] {dag.py:3823} INFO - Setting next_dagrun for example_sla_dag to 2026-03-30 08:20:00+00:00, run_after=2026-03-30 08:22:00+00:00
[2026-03-30T08:22:43.933+0000] {processor.py:183} INFO - Processing /home/airflow/.local/lib/python3.8/site-packages/airflow/example_dags/example_sla_dag.py took 0.208 seconds
[2026-03-30T08:23:14.692+0000] {processor.py:161} INFO - Started process (PID=530) to work on /home/airflow/.local/lib/python3.8/site-packages/airflow/example_dags/example_sla_dag.py
[2026-03-30T08:23:14.695+0000] {processor.py:830} INFO - Processing file /home/airflow/.local/lib/python3.8/site-packages/airflow/example_dags/example_sla_dag.py for tasks to queue
[2026-03-30T08:23:14.698+0000] {logging_mixin.py:188} INFO - [2026-03-30T08:23:14.698+0000] {dagbag.py:538} INFO - Filling up the DagBag from /home/airflow/.local/lib/python3.8/site-packages/airflow/example_dags/example_sla_dag.py
[2026-03-30T08:23:14.717+0000] {processor.py:840} INFO - DAG(s) 'example_sla_dag' retrieved from /home/airflow/.local/lib/python3.8/site-packages/airflow/example_dags/example_sla_dag.py
[2026-03-30T08:23:14.750+0000] {logging_mixin.py:188} INFO - [2026-03-30T08:23:14.750+0000] {dag.py:3036} INFO - Sync 1 DAGs
[2026-03-30T08:23:14.792+0000] {logging_mixin.py:188} INFO - [2026-03-30T08:23:14.792+0000] {dag.py:3823} INFO - Setting next_dagrun for example_sla_dag to 2026-03-30 08:20:00+00:00, run_after=2026-03-30 08:22:00+00:00
[2026-03-30T08:23:14.824+0000] {processor.py:183} INFO - Processing /home/airflow/.local/lib/python3.8/site-packages/airflow/example_dags/example_sla_dag.py took 0.141 seconds
[2026-03-30T08:23:45.069+0000] {processor.py:161} INFO - Started process (PID=587) to work on /home/airflow/.local/lib/python3.8/site-packages/airflow/example_dags/example_sla_dag.py
[2026-03-30T08:23:45.071+0000] {processor.py:830} INFO - Processing file /home/airflow/.local/lib/python3.8/site-packages/airflow/example_dags/example_sla_dag.py for tasks to queue
[2026-03-30T08:23:45.076+0000] {logging_mixin.py:188} INFO - [2026-03-30T08:23:45.074+0000] {dagbag.py:538} INFO - Filling up the DagBag from /home/airflow/.local/lib/python3.8/site-packages/airflow/example_dags/example_sla_dag.py
[2026-03-30T08:23:45.099+0000] {processor.py:840} INFO - DAG(s) 'example_sla_dag' retrieved from /home/airflow/.local/lib/python3.8/site-packages/airflow/example_dags/example_sla_dag.py
[2026-03-30T08:23:45.156+0000] {logging_mixin.py:188} INFO - [2026-03-30T08:23:45.156+0000] {dag.py:3036} INFO - Sync 1 DAGs
[2026-03-30T08:23:45.234+0000] {logging_mixin.py:188} INFO - [2026-03-30T08:23:45.232+0000] {dag.py:3823} INFO - Setting next_dagrun for example_sla_dag to 2026-03-30 08:20:00+00:00, run_after=2026-03-30 08:22:00+00:00
[2026-03-30T08:23:45.274+0000] {processor.py:183} INFO - Processing /home/airflow/.local/lib/python3.8/site-packages/airflow/example_dags/example_sla_dag.py took 0.212 seconds
[2026-03-30T08:24:15.511+0000] {processor.py:161} INFO - Started process (PID=644) to work on /home/airflow/.local/lib/python3.8/site-packages/airflow/example_dags/example_sla_dag.py
[2026-03-30T08:24:15.513+0000] {processor.py:830} INFO - Processing file /home/airflow/.local/lib/python3.8/site-packages/airflow/example_dags/example_sla_dag.py for tasks to queue
[2026-03-30T08:24:15.517+0000] {logging_mixin.py:188} INFO - [2026-03-30T08:24:15.516+0000] {dagbag.py:538} INFO - Filling up the DagBag from /home/airflow/.local/lib/python3.8/site-packages/airflow/example_dags/example_sla_dag.py
[2026-03-30T08:24:15.533+0000] {processor.py:840} INFO - DAG(s) 'example_sla_dag' retrieved from /home/airflow/.local/lib/python3.8/site-packages/airflow/example_dags/example_sla_dag.py
[2026-03-30T08:24:15.565+0000] {logging_mixin.py:188} INFO - [2026-03-30T08:24:15.564+0000] {dag.py:3036} INFO - Sync 1 DAGs
[2026-03-30T08:24:15.596+0000] {logging_mixin.py:188} INFO - [2026-03-30T08:24:15.596+0000] {dag.py:3823} INFO - Setting next_dagrun for example_sla_dag to 2026-03-30 08:22:00+00:00, run_after=2026-03-30 08:24:00+00:00
[2026-03-30T08:24:15.623+0000] {processor.py:183} INFO - Processing /home/airflow/.local/lib/python3.8/site-packages/airflow/example_dags/example_sla_dag.py took 0.117 seconds
[2026-03-30T08:24:45.840+0000] {processor.py:161} INFO - Started process (PID=701) to work on /home/airflow/.local/lib/python3.8/site-packages/airflow/example_dags/example_sla_dag.py
[2026-03-30T08:24:45.842+0000] {processor.py:830} INFO - Processing file /home/airflow/.local/lib/python3.8/site-packages/airflow/example_dags/example_sla_dag.py for tasks to queue
[2026-03-30T08:24:45.846+0000] {logging_mixin.py:188} INFO - [2026-03-30T08:24:45.845+0000] {dagbag.py:538} INFO - Filling up the DagBag from /home/airflow/.local/lib/python3.8/site-packages/airflow/example_dags/example_sla_dag.py
[2026-03-30T08:24:45.861+0000] {processor.py:840} INFO - DAG(s) 'example_sla_dag' retrieved from /home/airflow/.local/lib/python3.8/site-packages/airflow/example_dags/example_sla_dag.py
[2026-03-30T08:24:45.893+0000] {logging_mixin.py:188} INFO - [2026-03-30T08:24:45.893+0000] {dag.py:3036} INFO - Sync 1 DAGs
[2026-03-30T08:24:45.939+0000] {logging_mixin.py:188} INFO - [2026-03-30T08:24:45.938+0000] {dag.py:3823} INFO - Setting next_dagrun for example_sla_dag to 2026-03-30 08:22:00+00:00, run_after=2026-03-30 08:24:00+00:00
[2026-03-30T08:24:45.971+0000] {processor.py:183} INFO - Processing /home/airflow/.local/lib/python3.8/site-packages/airflow/example_dags/example_sla_dag.py took 0.137 seconds
[2026-03-30T08:25:16.268+0000] {processor.py:161} INFO - Started process (PID=758) to work on /home/airflow/.local/lib/python3.8/site-packages/airflow/example_dags/example_sla_dag.py
[2026-03-30T08:25:16.270+0000] {processor.py:830} INFO - Processing file /home/airflow/.local/lib/python3.8/site-packages/airflow/example_dags/example_sla_dag.py for tasks to queue
[2026-03-30T08:25:16.274+0000] {logging_mixin.py:188} INFO - [2026-03-30T08:25:16.273+0000] {dagbag.py:538} INFO - Filling up the DagBag from /home/airflow/.local/lib/python3.8/site-packages/airflow/example_dags/example_sla_dag.py
[2026-03-30T08:25:16.290+0000] {processor.py:840} INFO - DAG(s) 'example_sla_dag' retrieved from /home/airflow/.local/lib/python3.8/site-packages/airflow/example_dags/example_sla_dag.py
[2026-03-30T08:25:16.329+0000] {logging_mixin.py:188} INFO - [2026-03-30T08:25:16.328+0000] {dag.py:3036} INFO - Sync 1 DAGs
[2026-03-30T08:25:16.383+0000] {logging_mixin.py:188} INFO - [2026-03-30T08:25:16.382+0000] {dag.py:3823} INFO - Setting next_dagrun for example_sla_dag to 2026-03-30 08:22:00+00:00, run_after=2026-03-30 08:24:00+00:00
[2026-03-30T08:25:16.500+0000] {processor.py:183} INFO - Processing /home/airflow/.local/lib/python3.8/site-packages/airflow/example_dags/example_sla_dag.py took 0.240 seconds
[2026-03-30T08:25:46.672+0000] {processor.py:161} INFO - Started process (PID=815) to work on /home/airflow/.local/lib/python3.8/site-packages/airflow/example_dags/example_sla_dag.py
[2026-03-30T08:25:46.676+0000] {processor.py:830} INFO - Processing file /home/airflow/.local/lib/python3.8/site-packages/airflow/example_dags/example_sla_dag.py for tasks to queue
[2026-03-30T08:25:46.683+0000] {logging_mixin.py:188} INFO - [2026-03-30T08:25:46.682+0000] {dagbag.py:538} INFO - Filling up the DagBag from /home/airflow/.local/lib/python3.8/site-packages/airflow/example_dags/example_sla_dag.py
[2026-03-30T08:25:46.709+0000] {processor.py:840} INFO - DAG(s) 'example_sla_dag' retrieved from /home/airflow/.local/lib/python3.8/site-packages/airflow/example_dags/example_sla_dag.py
[2026-03-30T08:25:46.748+0000] {logging_mixin.py:188} INFO - [2026-03-30T08:25:46.748+0000] {dag.py:3036} INFO - Sync 1 DAGs
[2026-03-30T08:25:46.792+0000] {logging_mixin.py:188} INFO - [2026-03-30T08:25:46.791+0000] {dag.py:3823} INFO - Setting next_dagrun for example_sla_dag to 2026-03-30 08:22:00+00:00, run_after=2026-03-30 08:24:00+00:00
[2026-03-30T08:25:46.824+0000] {processor.py:183} INFO - Processing /home/airflow/.local/lib/python3.8/site-packages/airflow/example_dags/example_sla_dag.py took 0.159 seconds
[2026-03-30T08:26:17.149+0000] {processor.py:161} INFO - Started process (PID=872) to work on /home/airflow/.local/lib/python3.8/site-packages/airflow/example_dags/example_sla_dag.py
[2026-03-30T08:26:17.153+0000] {processor.py:830} INFO - Processing file /home/airflow/.local/lib/python3.8/site-packages/airflow/example_dags/example_sla_dag.py for tasks to queue
[2026-03-30T08:26:17.162+0000] {logging_mixin.py:188} INFO - [2026-03-30T08:26:17.160+0000] {dagbag.py:538} INFO - Filling up the DagBag from /home/airflow/.local/lib/python3.8/site-packages/airflow/example_dags/example_sla_dag.py
[2026-03-30T08:26:17.214+0000] {processor.py:840} INFO - DAG(s) 'example_sla_dag' retrieved from /home/airflow/.local/lib/python3.8/site-packages/airflow/example_dags/example_sla_dag.py
[2026-03-30T08:26:17.259+0000] {logging_mixin.py:188} INFO - [2026-03-30T08:26:17.258+0000] {dag.py:3036} INFO - Sync 1 DAGs
[2026-03-30T08:26:17.306+0000] {logging_mixin.py:188} INFO - [2026-03-30T08:26:17.305+0000] {dag.py:3823} INFO - Setting next_dagrun for example_sla_dag to 2026-03-30 08:24:00+00:00, run_after=2026-03-30 08:26:00+00:00
[2026-03-30T08:26:17.387+0000] {processor.py:183} INFO - Processing /home/airflow/.local/lib/python3.8/site-packages/airflow/example_dags/example_sla_dag.py took 0.247 seconds
[2026-03-30T08:26:47.874+0000] {processor.py:161} INFO - Started process (PID=929) to work on /home/airflow/.local/lib/python3.8/site-packages/airflow/example_dags/example_sla_dag.py
[2026-03-30T08:26:47.875+0000] {processor.py:830} INFO - Processing file /home/airflow/.local/lib/python3.8/site-packages/airflow/example_dags/example_sla_dag.py for tasks to queue
[2026-03-30T08:26:47.880+0000] {logging_mixin.py:188} INFO - [2026-03-30T08:26:47.879+0000] {dagbag.py:538} INFO - Filling up the DagBag from /home/airflow/.local/lib/python3.8/site-packages/airflow/example_dags/example_sla_dag.py
[2026-03-30T08:26:47.893+0000] {processor.py:840} INFO - DAG(s) 'example_sla_dag' retrieved from /home/airflow/.local/lib/python3.8/site-packages/airflow/example_dags/example_sla_dag.py
[2026-03-30T08:26:47.930+0000] {logging_mixin.py:188} INFO - [2026-03-30T08:26:47.928+0000] {dag.py:3036} INFO - Sync 1 DAGs
[2026-03-30T08:26:47.990+0000] {logging_mixin.py:188} INFO - [2026-03-30T08:26:47.989+0000] {dag.py:3823} INFO - Setting next_dagrun for example_sla_dag to 2026-03-30 08:24:00+00:00, run_after=2026-03-30 08:26:00+00:00
[2026-03-30T08:26:48.052+0000] {processor.py:183} INFO - Processing /home/airflow/.local/lib/python3.8/site-packages/airflow/example_dags/example_sla_dag.py took 0.185 seconds
[2026-03-30T08:27:18.676+0000] {processor.py:161} INFO - Started process (PID=986) to work on /home/airflow/.local/lib/python3.8/site-packages/airflow/example_dags/example_sla_dag.py
[2026-03-30T08:27:18.680+0000] {processor.py:830} INFO - Processing file /home/airflow/.local/lib/python3.8/site-packages/airflow/example_dags/example_sla_dag.py for tasks to queue
[2026-03-30T08:27:18.687+0000] {logging_mixin.py:188} INFO - [2026-03-30T08:27:18.686+0000] {dagbag.py:538} INFO - Filling up the DagBag from /home/airflow/.local/lib/python3.8/site-packages/airflow/example_dags/example_sla_dag.py
[2026-03-30T08:27:18.717+0000] {processor.py:840} INFO - DAG(s) 'example_sla_dag' retrieved from /home/airflow/.local/lib/python3.8/site-packages/airflow/example_dags/example_sla_dag.py
[2026-03-30T08:27:18.766+0000] {logging_mixin.py:188} INFO - [2026-03-30T08:27:18.765+0000] {dag.py:3036} INFO - Sync 1 DAGs
[2026-03-30T08:27:18.828+0000] {logging_mixin.py:188} INFO - [2026-03-30T08:27:18.827+0000] {dag.py:3823} INFO - Setting next_dagrun for example_sla_dag to 2026-03-30 08:24:00+00:00, run_after=2026-03-30 08:26:00+00:00
[2026-03-30T08:27:18.984+0000] {processor.py:183} INFO - Processing /home/airflow/.local/lib/python3.8/site-packages/airflow/example_dags/example_sla_dag.py took 0.320 seconds
[2026-03-30T08:27:49.232+0000] {processor.py:161} INFO - Started process (PID=1043) to work on /home/airflow/.local/lib/python3.8/site-packages/airflow/example_dags/example_sla_dag.py
[2026-03-30T08:27:49.235+0000] {processor.py:830} INFO - Processing file /home/airflow/.local/lib/python3.8/site-packages/airflow/example_dags/example_sla_dag.py for tasks to queue
[2026-03-30T08:27:49.241+0000] {logging_mixin.py:188} INFO - [2026-03-30T08:27:49.240+0000] {dagbag.py:538} INFO - Filling up the DagBag from /home/airflow/.local/lib/python3.8/site-packages/airflow/example_dags/example_sla_dag.py
[2026-03-30T08:27:49.270+0000] {processor.py:840} INFO - DAG(s) 'example_sla_dag' retrieved from /home/airflow/.local/lib/python3.8/site-packages/airflow/example_dags/example_sla_dag.py
[2026-03-30T08:27:49.337+0000] {logging_mixin.py:188} INFO - [2026-03-30T08:27:49.336+0000] {dag.py:3036} INFO - Sync 1 DAGs
[2026-03-30T08:27:49.404+0000] {logging_mixin.py:188} INFO - [2026-03-30T08:27:49.404+0000] {dag.py:3823} INFO - Setting next_dagrun for example_sla_dag to 2026-03-30 08:24:00+00:00, run_after=2026-03-30 08:26:00+00:00
[2026-03-30T08:27:49.446+0000] {processor.py:183} INFO - Processing /home/airflow/.local/lib/python3.8/site-packages/airflow/example_dags/example_sla_dag.py took 0.224 seconds
[2026-03-30T08:28:20.240+0000] {processor.py:161} INFO - Started process (PID=1100) to work on /home/airflow/.local/lib/python3.8/site-packages/airflow/example_dags/example_sla_dag.py
[2026-03-30T08:28:20.242+0000] {processor.py:830} INFO - Processing file /home/airflow/.local/lib/python3.8/site-packages/airflow/example_dags/example_sla_dag.py for tasks to queue
[2026-03-30T08:28:20.247+0000] {logging_mixin.py:188} INFO - [2026-03-30T08:28:20.246+0000] {dagbag.py:538} INFO - Filling up the DagBag from /home/airflow/.local/lib/python3.8/site-packages/airflow/example_dags/example_sla_dag.py
[2026-03-30T08:28:20.257+0000] {processor.py:840} INFO - DAG(s) 'example_sla_dag' retrieved from /home/airflow/.local/lib/python3.8/site-packages/airflow/example_dags/example_sla_dag.py
[2026-03-30T08:28:20.287+0000] {logging_mixin.py:188} INFO - [2026-03-30T08:28:20.286+0000] {dag.py:3036} INFO - Sync 1 DAGs
[2026-03-30T08:28:20.323+0000] {logging_mixin.py:188} INFO - [2026-03-30T08:28:20.322+0000] {dag.py:3823} INFO - Setting next_dagrun for example_sla_dag to 2026-03-30 08:26:00+00:00, run_after=2026-03-30 08:28:00+00:00
[2026-03-30T08:28:20.354+0000] {processor.py:183} INFO - Processing /home/airflow/.local/lib/python3.8/site-packages/airflow/example_dags/example_sla_dag.py took 0.119 seconds
[2026-03-30T08:28:50.570+0000] {processor.py:161} INFO - Started process (PID=1157) to work on /home/airflow/.local/lib/python3.8/site-packages/airflow/example_dags/example_sla_dag.py
[2026-03-30T08:28:50.574+0000] {processor.py:830} INFO - Processing file /home/airflow/.local/lib/python3.8/site-packages/airflow/example_dags/example_sla_dag.py for tasks to queue
[2026-03-30T08:28:50.582+0000] {logging_mixin.py:188} INFO - [2026-03-30T08:28:50.581+0000] {dagbag.py:538} INFO - Filling up the DagBag from /home/airflow/.local/lib/python3.8/site-packages/airflow/example_dags/example_sla_dag.py
[2026-03-30T08:28:50.604+0000] {processor.py:840} INFO - DAG(s) 'example_sla_dag' retrieved from /home/airflow/.local/lib/python3.8/site-packages/airflow/example_dags/example_sla_dag.py
[2026-03-30T08:28:50.642+0000] {logging_mixin.py:188} INFO - [2026-03-30T08:28:50.642+0000] {dag.py:3036} INFO - Sync 1 DAGs
[2026-03-30T08:28:50.687+0000] {logging_mixin.py:188} INFO - [2026-03-30T08:28:50.686+0000] {dag.py:3823} INFO - Setting next_dagrun for example_sla_dag to 2026-03-30 08:26:00+00:00, run_after=2026-03-30 08:28:00+00:00
[2026-03-30T08:28:50.722+0000] {processor.py:183} INFO - Processing /home/airflow/.local/lib/python3.8/site-packages/airflow/example_dags/example_sla_dag.py took 0.163 seconds
[2026-03-30T08:29:21.064+0000] {processor.py:161} INFO - Started process (PID=1214) to work on /home/airflow/.local/lib/python3.8/site-packages/airflow/example_dags/example_sla_dag.py
[2026-03-30T08:29:21.068+0000] {processor.py:830} INFO - Processing file /home/airflow/.local/lib/python3.8/site-packages/airflow/example_dags/example_sla_dag.py for tasks to queue
[2026-03-30T08:29:21.071+0000] {logging_mixin.py:188} INFO - [2026-03-30T08:29:21.071+0000] {dagbag.py:538} INFO - Filling up the DagBag from /home/airflow/.local/lib/python3.8/site-packages/airflow/example_dags/example_sla_dag.py
[2026-03-30T08:29:21.088+0000] {processor.py:840} INFO - DAG(s) 'example_sla_dag' retrieved from /home/airflow/.local/lib/python3.8/site-packages/airflow/example_dags/example_sla_dag.py
[2026-03-30T08:29:21.139+0000] {logging_mixin.py:188} INFO - [2026-03-30T08:29:21.138+0000] {dag.py:3036} INFO - Sync 1 DAGs
[2026-03-30T08:29:21.222+0000] {logging_mixin.py:188} INFO - [2026-03-30T08:29:21.222+0000] {dag.py:3823} INFO - Setting next_dagrun for example_sla_dag to 2026-03-30 08:26:00+00:00, run_after=2026-03-30 08:28:00+00:00
[2026-03-30T08:29:21.271+0000] {processor.py:183} INFO - Processing /home/airflow/.local/lib/python3.8/site-packages/airflow/example_dags/example_sla_dag.py took 0.213 seconds
[2026-03-30T08:29:51.592+0000] {processor.py:161} INFO - Started process (PID=1271) to work on /home/airflow/.local/lib/python3.8/site-packages/airflow/example_dags/example_sla_dag.py
[2026-03-30T08:29:51.594+0000] {processor.py:830} INFO - Processing file /home/airflow/.local/lib/python3.8/site-packages/airflow/example_dags/example_sla_dag.py for tasks to queue
[2026-03-30T08:29:51.598+0000] {logging_mixin.py:188} INFO - [2026-03-30T08:29:51.597+0000] {dagbag.py:538} INFO - Filling up the DagBag from /home/airflow/.local/lib/python3.8/site-packages/airflow/example_dags/example_sla_dag.py
[2026-03-30T08:29:51.610+0000] {processor.py:840} INFO - DAG(s) 'example_sla_dag' retrieved from /home/airflow/.local/lib/python3.8/site-packages/airflow/example_dags/example_sla_dag.py
[2026-03-30T08:29:51.639+0000] {logging_mixin.py:188} INFO - [2026-03-30T08:29:51.639+0000] {dag.py:3036} INFO - Sync 1 DAGs
[2026-03-30T08:29:51.677+0000] {logging_mixin.py:188} INFO - [2026-03-30T08:29:51.677+0000] {dag.py:3823} INFO - Setting next_dagrun for example_sla_dag to 2026-03-30 08:26:00+00:00, run_after=2026-03-30 08:28:00+00:00
[2026-03-30T08:29:51.713+0000] {processor.py:183} INFO - Processing /home/airflow/.local/lib/python3.8/site-packages/airflow/example_dags/example_sla_dag.py took 0.125 seconds
[2026-03-30T08:31:36.884+0000] {processor.py:161} INFO - Started process (PID=76) to work on /home/airflow/.local/lib/python3.8/site-packages/airflow/example_dags/example_sla_dag.py
[2026-03-30T08:31:36.887+0000] {processor.py:830} INFO - Processing file /home/airflow/.local/lib/python3.8/site-packages/airflow/example_dags/example_sla_dag.py for tasks to queue
[2026-03-30T08:31:36.890+0000] {logging_mixin.py:188} INFO - [2026-03-30T08:31:36.890+0000] {dagbag.py:538} INFO - Filling up the DagBag from /home/airflow/.local/lib/python3.8/site-packages/airflow/example_dags/example_sla_dag.py
[2026-03-30T08:31:36.911+0000] {processor.py:840} INFO - DAG(s) 'example_sla_dag' retrieved from /home/airflow/.local/lib/python3.8/site-packages/airflow/example_dags/example_sla_dag.py
[2026-03-30T08:31:37.082+0000] {logging_mixin.py:188} INFO - [2026-03-30T08:31:37.082+0000] {dag.py:3036} INFO - Sync 1 DAGs
[2026-03-30T08:31:37.114+0000] {logging_mixin.py:188} INFO - [2026-03-30T08:31:37.114+0000] {dag.py:3823} INFO - Setting next_dagrun for example_sla_dag to 2026-03-30 08:28:00+00:00, run_after=2026-03-30 08:30:00+00:00
[2026-03-30T08:31:37.151+0000] {processor.py:183} INFO - Processing /home/airflow/.local/lib/python3.8/site-packages/airflow/example_dags/example_sla_dag.py took 0.271 seconds
[2026-03-30T08:32:07.478+0000] {processor.py:161} INFO - Started process (PID=133) to work on /home/airflow/.local/lib/python3.8/site-packages/airflow/example_dags/example_sla_dag.py
[2026-03-30T08:32:07.480+0000] {processor.py:830} INFO - Processing file /home/airflow/.local/lib/python3.8/site-packages/airflow/example_dags/example_sla_dag.py for tasks to queue
[2026-03-30T08:32:07.483+0000] {logging_mixin.py:188} INFO - [2026-03-30T08:32:07.483+0000] {dagbag.py:538} INFO - Filling up the DagBag from /home/airflow/.local/lib/python3.8/site-packages/airflow/example_dags/example_sla_dag.py
[2026-03-30T08:32:07.511+0000] {processor.py:840} INFO - DAG(s) 'example_sla_dag' retrieved from /home/airflow/.local/lib/python3.8/site-packages/airflow/example_dags/example_sla_dag.py
[2026-03-30T08:32:07.575+0000] {logging_mixin.py:188} INFO - [2026-03-30T08:32:07.574+0000] {dag.py:3036} INFO - Sync 1 DAGs
[2026-03-30T08:32:07.641+0000] {logging_mixin.py:188} INFO - [2026-03-30T08:32:07.640+0000] {dag.py:3823} INFO - Setting next_dagrun for example_sla_dag to 2026-03-30 08:30:00+00:00, run_after=2026-03-30 08:32:00+00:00
[2026-03-30T08:32:07.686+0000] {processor.py:183} INFO - Processing /home/airflow/.local/lib/python3.8/site-packages/airflow/example_dags/example_sla_dag.py took 0.216 seconds
[2026-03-30T08:32:38.632+0000] {processor.py:161} INFO - Started process (PID=190) to work on /home/airflow/.local/lib/python3.8/site-packages/airflow/example_dags/example_sla_dag.py
[2026-03-30T08:32:38.634+0000] {processor.py:830} INFO - Processing file /home/airflow/.local/lib/python3.8/site-packages/airflow/example_dags/example_sla_dag.py for tasks to queue
[2026-03-30T08:32:38.637+0000] {logging_mixin.py:188} INFO - [2026-03-30T08:32:38.637+0000] {dagbag.py:538} INFO - Filling up the DagBag from /home/airflow/.local/lib/python3.8/site-packages/airflow/example_dags/example_sla_dag.py
[2026-03-30T08:32:38.654+0000] {processor.py:840} INFO - DAG(s) 'example_sla_dag' retrieved from /home/airflow/.local/lib/python3.8/site-packages/airflow/example_dags/example_sla_dag.py
[2026-03-30T08:32:38.693+0000] {logging_mixin.py:188} INFO - [2026-03-30T08:32:38.692+0000] {dag.py:3036} INFO - Sync 1 DAGs
[2026-03-30T08:32:38.747+0000] {logging_mixin.py:188} INFO - [2026-03-30T08:32:38.746+0000] {dag.py:3823} INFO - Setting next_dagrun for example_sla_dag to 2026-03-30 08:30:00+00:00, run_after=2026-03-30 08:32:00+00:00
[2026-03-30T08:32:38.786+0000] {processor.py:183} INFO - Processing /home/airflow/.local/lib/python3.8/site-packages/airflow/example_dags/example_sla_dag.py took 0.160 seconds
[2026-03-30T08:33:08.909+0000] {processor.py:161} INFO - Started process (PID=247) to work on /home/airflow/.local/lib/python3.8/site-packages/airflow/example_dags/example_sla_dag.py
[2026-03-30T08:33:08.911+0000] {processor.py:830} INFO - Processing file /home/airflow/.local/lib/python3.8/site-packages/airflow/example_dags/example_sla_dag.py for tasks to queue
[2026-03-30T08:33:08.915+0000] {logging_mixin.py:188} INFO - [2026-03-30T08:33:08.914+0000] {dagbag.py:538} INFO - Filling up the DagBag from /home/airflow/.local/lib/python3.8/site-packages/airflow/example_dags/example_sla_dag.py
[2026-03-30T08:33:08.929+0000] {processor.py:840} INFO - DAG(s) 'example_sla_dag' retrieved from /home/airflow/.local/lib/python3.8/site-packages/airflow/example_dags/example_sla_dag.py
[2026-03-30T08:33:08.961+0000] {logging_mixin.py:188} INFO - [2026-03-30T08:33:08.961+0000] {dag.py:3036} INFO - Sync 1 DAGs
[2026-03-30T08:33:09.006+0000] {logging_mixin.py:188} INFO - [2026-03-30T08:33:09.005+0000] {dag.py:3823} INFO - Setting next_dagrun for example_sla_dag to 2026-03-30 08:30:00+00:00, run_after=2026-03-30 08:32:00+00:00
[2026-03-30T08:33:09.038+0000] {processor.py:183} INFO - Processing /home/airflow/.local/lib/python3.8/site-packages/airflow/example_dags/example_sla_dag.py took 0.136 seconds
[2026-03-30T08:33:39.380+0000] {processor.py:161} INFO - Started process (PID=304) to work on /home/airflow/.local/lib/python3.8/site-packages/airflow/example_dags/example_sla_dag.py
[2026-03-30T08:33:39.383+0000] {processor.py:830} INFO - Processing file /home/airflow/.local/lib/python3.8/site-packages/airflow/example_dags/example_sla_dag.py for tasks to queue
[2026-03-30T08:33:39.386+0000] {logging_mixin.py:188} INFO - [2026-03-30T08:33:39.386+0000] {dagbag.py:538} INFO - Filling up the DagBag from /home/airflow/.local/lib/python3.8/site-packages/airflow/example_dags/example_sla_dag.py
[2026-03-30T08:33:39.399+0000] {processor.py:840} INFO - DAG(s) 'example_sla_dag' retrieved from /home/airflow/.local/lib/python3.8/site-packages/airflow/example_dags/example_sla_dag.py
[2026-03-30T08:33:39.434+0000] {logging_mixin.py:188} INFO - [2026-03-30T08:33:39.434+0000] {dag.py:3036} INFO - Sync 1 DAGs
[2026-03-30T08:33:39.489+0000] {logging_mixin.py:188} INFO - [2026-03-30T08:33:39.488+0000] {dag.py:3823} INFO - Setting next_dagrun for example_sla_dag to 2026-03-30 08:30:00+00:00, run_after=2026-03-30 08:32:00+00:00
[2026-03-30T08:33:39.541+0000] {processor.py:183} INFO - Processing /home/airflow/.local/lib/python3.8/site-packages/airflow/example_dags/example_sla_dag.py took 0.165 seconds
[2026-03-30T08:34:09.691+0000] {processor.py:161} INFO - Started process (PID=362) to work on /home/airflow/.local/lib/python3.8/site-packages/airflow/example_dags/example_sla_dag.py
[2026-03-30T08:34:09.693+0000] {processor.py:830} INFO - Processing file /home/airflow/.local/lib/python3.8/site-packages/airflow/example_dags/example_sla_dag.py for tasks to queue
[2026-03-30T08:34:09.696+0000] {logging_mixin.py:188} INFO - [2026-03-30T08:34:09.696+0000] {dagbag.py:538} INFO - Filling up the DagBag from /home/airflow/.local/lib/python3.8/site-packages/airflow/example_dags/example_sla_dag.py
[2026-03-30T08:34:09.710+0000] {processor.py:840} INFO - DAG(s) 'example_sla_dag' retrieved from /home/airflow/.local/lib/python3.8/site-packages/airflow/example_dags/example_sla_dag.py
[2026-03-30T08:34:09.743+0000] {logging_mixin.py:188} INFO - [2026-03-30T08:34:09.742+0000] {dag.py:3036} INFO - Sync 1 DAGs
[2026-03-30T08:34:09.785+0000] {logging_mixin.py:188} INFO - [2026-03-30T08:34:09.784+0000] {dag.py:3823} INFO - Setting next_dagrun for example_sla_dag to 2026-03-30 08:32:00+00:00, run_after=2026-03-30 08:34:00+00:00
[2026-03-30T08:34:09.813+0000] {processor.py:183} INFO - Processing /home/airflow/.local/lib/python3.8/site-packages/airflow/example_dags/example_sla_dag.py took 0.129 seconds
[2026-03-30T08:34:39.996+0000] {processor.py:161} INFO - Started process (PID=419) to work on /home/airflow/.local/lib/python3.8/site-packages/airflow/example_dags/example_sla_dag.py
[2026-03-30T08:34:39.998+0000] {processor.py:830} INFO - Processing file /home/airflow/.local/lib/python3.8/site-packages/airflow/example_dags/example_sla_dag.py for tasks to queue
[2026-03-30T08:34:40.002+0000] {logging_mixin.py:188} INFO - [2026-03-30T08:34:40.001+0000] {dagbag.py:538} INFO - Filling up the DagBag from /home/airflow/.local/lib/python3.8/site-packages/airflow/example_dags/example_sla_dag.py
[2026-03-30T08:34:40.017+0000] {processor.py:840} INFO - DAG(s) 'example_sla_dag' retrieved from /home/airflow/.local/lib/python3.8/site-packages/airflow/example_dags/example_sla_dag.py
[2026-03-30T08:34:40.052+0000] {logging_mixin.py:188} INFO - [2026-03-30T08:34:40.051+0000] {dag.py:3036} INFO - Sync 1 DAGs
[2026-03-30T08:34:40.089+0000] {logging_mixin.py:188} INFO - [2026-03-30T08:34:40.089+0000] {dag.py:3823} INFO - Setting next_dagrun for example_sla_dag to 2026-03-30 08:32:00+00:00, run_after=2026-03-30 08:34:00+00:00
[2026-03-30T08:34:40.121+0000] {processor.py:183} INFO - Processing /home/airflow/.local/lib/python3.8/site-packages/airflow/example_dags/example_sla_dag.py took 0.131 seconds
[2026-03-30T08:35:10.543+0000] {processor.py:161} INFO - Started process (PID=476) to work on /home/airflow/.local/lib/python3.8/site-packages/airflow/example_dags/example_sla_dag.py
[2026-03-30T08:35:10.545+0000] {processor.py:830} INFO - Processing file /home/airflow/.local/lib/python3.8/site-packages/airflow/example_dags/example_sla_dag.py for tasks to queue
[2026-03-30T08:35:10.548+0000] {logging_mixin.py:188} INFO - [2026-03-30T08:35:10.547+0000] {dagbag.py:538} INFO - Filling up the DagBag from /home/airflow/.local/lib/python3.8/site-packages/airflow/example_dags/example_sla_dag.py
[2026-03-30T08:35:10.558+0000] {processor.py:840} INFO - DAG(s) 'example_sla_dag' retrieved from /home/airflow/.local/lib/python3.8/site-packages/airflow/example_dags/example_sla_dag.py
[2026-03-30T08:35:10.582+0000] {logging_mixin.py:188} INFO - [2026-03-30T08:35:10.582+0000] {dag.py:3036} INFO - Sync 1 DAGs
[2026-03-30T08:35:10.610+0000] {logging_mixin.py:188} INFO - [2026-03-30T08:35:10.610+0000] {dag.py:3823} INFO - Setting next_dagrun for example_sla_dag to 2026-03-30 08:32:00+00:00, run_after=2026-03-30 08:34:00+00:00
[2026-03-30T08:35:10.634+0000] {processor.py:183} INFO - Processing /home/airflow/.local/lib/python3.8/site-packages/airflow/example_dags/example_sla_dag.py took 0.095 seconds
[2026-03-30T08:35:41.840+0000] {processor.py:161} INFO - Started process (PID=533) to work on /home/airflow/.local/lib/python3.8/site-packages/airflow/example_dags/example_sla_dag.py
[2026-03-30T08:35:41.842+0000] {processor.py:830} INFO - Processing file /home/airflow/.local/lib/python3.8/site-packages/airflow/example_dags/example_sla_dag.py for tasks to queue
[2026-03-30T08:35:41.845+0000] {logging_mixin.py:188} INFO - [2026-03-30T08:35:41.845+0000] {dagbag.py:538} INFO - Filling up the DagBag from /home/airflow/.local/lib/python3.8/site-packages/airflow/example_dags/example_sla_dag.py
[2026-03-30T08:35:41.865+0000] {processor.py:840} INFO - DAG(s) 'example_sla_dag' retrieved from /home/airflow/.local/lib/python3.8/site-packages/airflow/example_dags/example_sla_dag.py
[2026-03-30T08:35:41.911+0000] {logging_mixin.py:188} INFO - [2026-03-30T08:35:41.910+0000] {dag.py:3036} INFO - Sync 1 DAGs
[2026-03-30T08:35:41.990+0000] {logging_mixin.py:188} INFO - [2026-03-30T08:35:41.989+0000] {dag.py:3823} INFO - Setting next_dagrun for example_sla_dag to 2026-03-30 08:32:00+00:00, run_after=2026-03-30 08:34:00+00:00
[2026-03-30T08:35:42.039+0000] {processor.py:183} INFO - Processing /home/airflow/.local/lib/python3.8/site-packages/airflow/example_dags/example_sla_dag.py took 0.206 seconds
[2026-03-30T08:36:12.183+0000] {processor.py:161} INFO - Started process (PID=590) to work on /home/airflow/.local/lib/python3.8/site-packages/airflow/example_dags/example_sla_dag.py
[2026-03-30T08:36:12.185+0000] {processor.py:830} INFO - Processing file /home/airflow/.local/lib/python3.8/site-packages/airflow/example_dags/example_sla_dag.py for tasks to queue
[2026-03-30T08:36:12.188+0000] {logging_mixin.py:188} INFO - [2026-03-30T08:36:12.187+0000] {dagbag.py:538} INFO - Filling up the DagBag from /home/airflow/.local/lib/python3.8/site-packages/airflow/example_dags/example_sla_dag.py
[2026-03-30T08:36:12.198+0000] {processor.py:840} INFO - DAG(s) 'example_sla_dag' retrieved from /home/airflow/.local/lib/python3.8/site-packages/airflow/example_dags/example_sla_dag.py
[2026-03-30T08:36:12.227+0000] {logging_mixin.py:188} INFO - [2026-03-30T08:36:12.227+0000] {dag.py:3036} INFO - Sync 1 DAGs
[2026-03-30T08:36:12.261+0000] {logging_mixin.py:188} INFO - [2026-03-30T08:36:12.261+0000] {dag.py:3823} INFO - Setting next_dagrun for example_sla_dag to 2026-03-30 08:34:00+00:00, run_after=2026-03-30 08:36:00+00:00
[2026-03-30T08:36:12.289+0000] {processor.py:183} INFO - Processing /home/airflow/.local/lib/python3.8/site-packages/airflow/example_dags/example_sla_dag.py took 0.113 seconds
[2026-03-30T08:36:42.978+0000] {processor.py:161} INFO - Started process (PID=647) to work on /home/airflow/.local/lib/python3.8/site-packages/airflow/example_dags/example_sla_dag.py
[2026-03-30T08:36:42.982+0000] {processor.py:830} INFO - Processing file /home/airflow/.local/lib/python3.8/site-packages/airflow/example_dags/example_sla_dag.py for tasks to queue
[2026-03-30T08:36:42.987+0000] {logging_mixin.py:188} INFO - [2026-03-30T08:36:42.986+0000] {dagbag.py:538} INFO - Filling up the DagBag from /home/airflow/.local/lib/python3.8/site-packages/airflow/example_dags/example_sla_dag.py
[2026-03-30T08:36:43.014+0000] {processor.py:840} INFO - DAG(s) 'example_sla_dag' retrieved from /home/airflow/.local/lib/python3.8/site-packages/airflow/example_dags/example_sla_dag.py
[2026-03-30T08:36:43.064+0000] {logging_mixin.py:188} INFO - [2026-03-30T08:36:43.063+0000] {dag.py:3036} INFO - Sync 1 DAGs
[2026-03-30T08:36:43.119+0000] {logging_mixin.py:188} INFO - [2026-03-30T08:36:43.119+0000] {dag.py:3823} INFO - Setting next_dagrun for example_sla_dag to 2026-03-30 08:34:00+00:00, run_after=2026-03-30 08:36:00+00:00
[2026-03-30T08:36:43.170+0000] {processor.py:183} INFO - Processing /home/airflow/.local/lib/python3.8/site-packages/airflow/example_dags/example_sla_dag.py took 0.203 seconds
[2026-03-30T08:37:13.366+0000] {processor.py:161} INFO - Started process (PID=704) to work on /home/airflow/.local/lib/python3.8/site-packages/airflow/example_dags/example_sla_dag.py
[2026-03-30T08:37:13.369+0000] {processor.py:830} INFO - Processing file /home/airflow/.local/lib/python3.8/site-packages/airflow/example_dags/example_sla_dag.py for tasks to queue
[2026-03-30T08:37:13.372+0000] {logging_mixin.py:188} INFO - [2026-03-30T08:37:13.372+0000] {dagbag.py:538} INFO - Filling up the DagBag from /home/airflow/.local/lib/python3.8/site-packages/airflow/example_dags/example_sla_dag.py
[2026-03-30T08:37:13.383+0000] {processor.py:840} INFO - DAG(s) 'example_sla_dag' retrieved from /home/airflow/.local/lib/python3.8/site-packages/airflow/example_dags/example_sla_dag.py
[2026-03-30T08:37:13.411+0000] {logging_mixin.py:188} INFO - [2026-03-30T08:37:13.411+0000] {dag.py:3036} INFO - Sync 1 DAGs
[2026-03-30T08:37:13.437+0000] {logging_mixin.py:188} INFO - [2026-03-30T08:37:13.437+0000] {dag.py:3823} INFO - Setting next_dagrun for example_sla_dag to 2026-03-30 08:34:00+00:00, run_after=2026-03-30 08:36:00+00:00
[2026-03-30T08:37:13.465+0000] {processor.py:183} INFO - Processing /home/airflow/.local/lib/python3.8/site-packages/airflow/example_dags/example_sla_dag.py took 0.103 seconds
[2026-03-30T08:37:43.980+0000] {processor.py:161} INFO - Started process (PID=761) to work on /home/airflow/.local/lib/python3.8/site-packages/airflow/example_dags/example_sla_dag.py
[2026-03-30T08:37:43.981+0000] {processor.py:830} INFO - Processing file /home/airflow/.local/lib/python3.8/site-packages/airflow/example_dags/example_sla_dag.py for tasks to queue
[2026-03-30T08:37:43.984+0000] {logging_mixin.py:188} INFO - [2026-03-30T08:37:43.983+0000] {dagbag.py:538} INFO - Filling up the DagBag from /home/airflow/.local/lib/python3.8/site-packages/airflow/example_dags/example_sla_dag.py
[2026-03-30T08:37:43.996+0000] {processor.py:840} INFO - DAG(s) 'example_sla_dag' retrieved from /home/airflow/.local/lib/python3.8/site-packages/airflow/example_dags/example_sla_dag.py
[2026-03-30T08:37:44.022+0000] {logging_mixin.py:188} INFO - [2026-03-30T08:37:44.021+0000] {dag.py:3036} INFO - Sync 1 DAGs
[2026-03-30T08:37:44.054+0000] {logging_mixin.py:188} INFO - [2026-03-30T08:37:44.054+0000] {dag.py:3823} INFO - Setting next_dagrun for example_sla_dag to 2026-03-30 08:34:00+00:00, run_after=2026-03-30 08:36:00+00:00
[2026-03-30T08:37:44.082+0000] {processor.py:183} INFO - Processing /home/airflow/.local/lib/python3.8/site-packages/airflow/example_dags/example_sla_dag.py took 0.106 seconds
[2026-03-30T08:38:14.391+0000] {processor.py:161} INFO - Started process (PID=818) to work on /home/airflow/.local/lib/python3.8/site-packages/airflow/example_dags/example_sla_dag.py
[2026-03-30T08:38:14.393+0000] {processor.py:830} INFO - Processing file /home/airflow/.local/lib/python3.8/site-packages/airflow/example_dags/example_sla_dag.py for tasks to queue
[2026-03-30T08:38:14.395+0000] {logging_mixin.py:188} INFO - [2026-03-30T08:38:14.395+0000] {dagbag.py:538} INFO - Filling up the DagBag from /home/airflow/.local/lib/python3.8/site-packages/airflow/example_dags/example_sla_dag.py
[2026-03-30T08:38:14.407+0000] {processor.py:840} INFO - DAG(s) 'example_sla_dag' retrieved from /home/airflow/.local/lib/python3.8/site-packages/airflow/example_dags/example_sla_dag.py
[2026-03-30T08:38:14.435+0000] {logging_mixin.py:188} INFO - [2026-03-30T08:38:14.435+0000] {dag.py:3036} INFO - Sync 1 DAGs
[2026-03-30T08:38:14.467+0000] {logging_mixin.py:188} INFO - [2026-03-30T08:38:14.467+0000] {dag.py:3823} INFO - Setting next_dagrun for example_sla_dag to 2026-03-30 08:36:00+00:00, run_after=2026-03-30 08:38:00+00:00
[2026-03-30T08:38:14.495+0000] {processor.py:183} INFO - Processing /home/airflow/.local/lib/python3.8/site-packages/airflow/example_dags/example_sla_dag.py took 0.109 seconds
[2026-03-30T08:38:45.033+0000] {processor.py:161} INFO - Started process (PID=875) to work on /home/airflow/.local/lib/python3.8/site-packages/airflow/example_dags/example_sla_dag.py
[2026-03-30T08:38:45.036+0000] {processor.py:830} INFO - Processing file /home/airflow/.local/lib/python3.8/site-packages/airflow/example_dags/example_sla_dag.py for tasks to queue
[2026-03-30T08:38:45.040+0000] {logging_mixin.py:188} INFO - [2026-03-30T08:38:45.040+0000] {dagbag.py:538} INFO - Filling up the DagBag from /home/airflow/.local/lib/python3.8/site-packages/airflow/example_dags/example_sla_dag.py
[2026-03-30T08:38:45.058+0000] {processor.py:840} INFO - DAG(s) 'example_sla_dag' retrieved from /home/airflow/.local/lib/python3.8/site-packages/airflow/example_dags/example_sla_dag.py
[2026-03-30T08:38:45.088+0000] {logging_mixin.py:188} INFO - [2026-03-30T08:38:45.088+0000] {dag.py:3036} INFO - Sync 1 DAGs
[2026-03-30T08:38:45.125+0000] {logging_mixin.py:188} INFO - [2026-03-30T08:38:45.124+0000] {dag.py:3823} INFO - Setting next_dagrun for example_sla_dag to 2026-03-30 08:36:00+00:00, run_after=2026-03-30 08:38:00+00:00
[2026-03-30T08:38:45.154+0000] {processor.py:183} INFO - Processing /home/airflow/.local/lib/python3.8/site-packages/airflow/example_dags/example_sla_dag.py took 0.129 seconds
[2026-03-30T08:39:15.360+0000] {processor.py:161} INFO - Started process (PID=932) to work on /home/airflow/.local/lib/python3.8/site-packages/airflow/example_dags/example_sla_dag.py
[2026-03-30T08:39:15.362+0000] {processor.py:830} INFO - Processing file /home/airflow/.local/lib/python3.8/site-packages/airflow/example_dags/example_sla_dag.py for tasks to queue
[2026-03-30T08:39:15.365+0000] {logging_mixin.py:188} INFO - [2026-03-30T08:39:15.365+0000] {dagbag.py:538} INFO - Filling up the DagBag from /home/airflow/.local/lib/python3.8/site-packages/airflow/example_dags/example_sla_dag.py
[2026-03-30T08:39:15.379+0000] {processor.py:840} INFO - DAG(s) 'example_sla_dag' retrieved from /home/airflow/.local/lib/python3.8/site-packages/airflow/example_dags/example_sla_dag.py
[2026-03-30T08:39:15.408+0000] {logging_mixin.py:188} INFO - [2026-03-30T08:39:15.408+0000] {dag.py:3036} INFO - Sync 1 DAGs
[2026-03-30T08:39:15.441+0000] {logging_mixin.py:188} INFO - [2026-03-30T08:39:15.440+0000] {dag.py:3823} INFO - Setting next_dagrun for example_sla_dag to 2026-03-30 08:36:00+00:00, run_after=2026-03-30 08:38:00+00:00
[2026-03-30T08:39:15.485+0000] {processor.py:183} INFO - Processing /home/airflow/.local/lib/python3.8/site-packages/airflow/example_dags/example_sla_dag.py took 0.132 seconds
[2026-03-30T08:39:45.894+0000] {processor.py:161} INFO - Started process (PID=989) to work on /home/airflow/.local/lib/python3.8/site-packages/airflow/example_dags/example_sla_dag.py
[2026-03-30T08:39:45.896+0000] {processor.py:830} INFO - Processing file /home/airflow/.local/lib/python3.8/site-packages/airflow/example_dags/example_sla_dag.py for tasks to queue
[2026-03-30T08:39:45.898+0000] {logging_mixin.py:188} INFO - [2026-03-30T08:39:45.898+0000] {dagbag.py:538} INFO - Filling up the DagBag from /home/airflow/.local/lib/python3.8/site-packages/airflow/example_dags/example_sla_dag.py
[2026-03-30T08:39:45.910+0000] {processor.py:840} INFO - DAG(s) 'example_sla_dag' retrieved from /home/airflow/.local/lib/python3.8/site-packages/airflow/example_dags/example_sla_dag.py
[2026-03-30T08:39:45.937+0000] {logging_mixin.py:188} INFO - [2026-03-30T08:39:45.936+0000] {dag.py:3036} INFO - Sync 1 DAGs
[2026-03-30T08:39:45.971+0000] {logging_mixin.py:188} INFO - [2026-03-30T08:39:45.971+0000] {dag.py:3823} INFO - Setting next_dagrun for example_sla_dag to 2026-03-30 08:36:00+00:00, run_after=2026-03-30 08:38:00+00:00
[2026-03-30T08:39:45.999+0000] {processor.py:183} INFO - Processing /home/airflow/.local/lib/python3.8/site-packages/airflow/example_dags/example_sla_dag.py took 0.111 seconds
[2026-03-30T08:40:16.733+0000] {processor.py:161} INFO - Started process (PID=1046) to work on /home/airflow/.local/lib/python3.8/site-packages/airflow/example_dags/example_sla_dag.py
[2026-03-30T08:40:16.735+0000] {processor.py:830} INFO - Processing file /home/airflow/.local/lib/python3.8/site-packages/airflow/example_dags/example_sla_dag.py for tasks to queue
[2026-03-30T08:40:16.737+0000] {logging_mixin.py:188} INFO - [2026-03-30T08:40:16.737+0000] {dagbag.py:538} INFO - Filling up the DagBag from /home/airflow/.local/lib/python3.8/site-packages/airflow/example_dags/example_sla_dag.py
[2026-03-30T08:40:16.750+0000] {processor.py:840} INFO - DAG(s) 'example_sla_dag' retrieved from /home/airflow/.local/lib/python3.8/site-packages/airflow/example_dags/example_sla_dag.py
[2026-03-30T08:40:16.777+0000] {logging_mixin.py:188} INFO - [2026-03-30T08:40:16.777+0000] {dag.py:3036} INFO - Sync 1 DAGs
[2026-03-30T08:40:16.810+0000] {logging_mixin.py:188} INFO - [2026-03-30T08:40:16.809+0000] {dag.py:3823} INFO - Setting next_dagrun for example_sla_dag to 2026-03-30 08:38:00+00:00, run_after=2026-03-30 08:40:00+00:00
[2026-03-30T08:40:16.837+0000] {processor.py:183} INFO - Processing /home/airflow/.local/lib/python3.8/site-packages/airflow/example_dags/example_sla_dag.py took 0.109 seconds
[2026-03-30T08:40:47.026+0000] {processor.py:161} INFO - Started process (PID=1103) to work on /home/airflow/.local/lib/python3.8/site-packages/airflow/example_dags/example_sla_dag.py
[2026-03-30T08:40:47.028+0000] {processor.py:830} INFO - Processing file /home/airflow/.local/lib/python3.8/site-packages/airflow/example_dags/example_sla_dag.py for tasks to queue
[2026-03-30T08:40:47.031+0000] {logging_mixin.py:188} INFO - [2026-03-30T08:40:47.031+0000] {dagbag.py:538} INFO - Filling up the DagBag from /home/airflow/.local/lib/python3.8/site-packages/airflow/example_dags/example_sla_dag.py
[2026-03-30T08:40:47.045+0000] {processor.py:840} INFO - DAG(s) 'example_sla_dag' retrieved from /home/airflow/.local/lib/python3.8/site-packages/airflow/example_dags/example_sla_dag.py
[2026-03-30T08:40:47.071+0000] {logging_mixin.py:188} INFO - [2026-03-30T08:40:47.071+0000] {dag.py:3036} INFO - Sync 1 DAGs
[2026-03-30T08:40:47.100+0000] {logging_mixin.py:188} INFO - [2026-03-30T08:40:47.100+0000] {dag.py:3823} INFO - Setting next_dagrun for example_sla_dag to 2026-03-30 08:38:00+00:00, run_after=2026-03-30 08:40:00+00:00
[2026-03-30T08:40:47.127+0000] {processor.py:183} INFO - Processing /home/airflow/.local/lib/python3.8/site-packages/airflow/example_dags/example_sla_dag.py took 0.106 seconds
[2026-03-30T08:41:17.528+0000] {processor.py:161} INFO - Started process (PID=1160) to work on /home/airflow/.local/lib/python3.8/site-packages/airflow/example_dags/example_sla_dag.py
[2026-03-30T08:41:17.530+0000] {processor.py:830} INFO - Processing file /home/airflow/.local/lib/python3.8/site-packages/airflow/example_dags/example_sla_dag.py for tasks to queue
[2026-03-30T08:41:17.533+0000] {logging_mixin.py:188} INFO - [2026-03-30T08:41:17.532+0000] {dagbag.py:538} INFO - Filling up the DagBag from /home/airflow/.local/lib/python3.8/site-packages/airflow/example_dags/example_sla_dag.py
[2026-03-30T08:41:17.547+0000] {processor.py:840} INFO - DAG(s) 'example_sla_dag' retrieved from /home/airflow/.local/lib/python3.8/site-packages/airflow/example_dags/example_sla_dag.py
[2026-03-30T08:41:17.588+0000] {logging_mixin.py:188} INFO - [2026-03-30T08:41:17.588+0000] {dag.py:3036} INFO - Sync 1 DAGs
[2026-03-30T08:41:17.620+0000] {logging_mixin.py:188} INFO - [2026-03-30T08:41:17.620+0000] {dag.py:3823} INFO - Setting next_dagrun for example_sla_dag to 2026-03-30 08:38:00+00:00, run_after=2026-03-30 08:40:00+00:00
[2026-03-30T08:41:17.648+0000] {processor.py:183} INFO - Processing /home/airflow/.local/lib/python3.8/site-packages/airflow/example_dags/example_sla_dag.py took 0.126 seconds
[2026-03-30T08:41:47.851+0000] {processor.py:161} INFO - Started process (PID=1217) to work on /home/airflow/.local/lib/python3.8/site-packages/airflow/example_dags/example_sla_dag.py
[2026-03-30T08:41:47.853+0000] {processor.py:830} INFO - Processing file /home/airflow/.local/lib/python3.8/site-packages/airflow/example_dags/example_sla_dag.py for tasks to queue
[2026-03-30T08:41:47.857+0000] {logging_mixin.py:188} INFO - [2026-03-30T08:41:47.857+0000] {dagbag.py:538} INFO - Filling up the DagBag from /home/airflow/.local/lib/python3.8/site-packages/airflow/example_dags/example_sla_dag.py
[2026-03-30T08:41:47.875+0000] {processor.py:840} INFO - DAG(s) 'example_sla_dag' retrieved from /home/airflow/.local/lib/python3.8/site-packages/airflow/example_dags/example_sla_dag.py
[2026-03-30T08:41:47.914+0000] {logging_mixin.py:188} INFO - [2026-03-30T08:41:47.913+0000] {dag.py:3036} INFO - Sync 1 DAGs
[2026-03-30T08:41:47.969+0000] {logging_mixin.py:188} INFO - [2026-03-30T08:41:47.969+0000] {dag.py:3823} INFO - Setting next_dagrun for example_sla_dag to 2026-03-30 08:38:00+00:00, run_after=2026-03-30 08:40:00+00:00
[2026-03-30T08:41:48.013+0000] {processor.py:183} INFO - Processing /home/airflow/.local/lib/python3.8/site-packages/airflow/example_dags/example_sla_dag.py took 0.170 seconds
[2026-03-30T08:42:18.451+0000] {processor.py:161} INFO - Started process (PID=1274) to work on /home/airflow/.local/lib/python3.8/site-packages/airflow/example_dags/example_sla_dag.py
[2026-03-30T08:42:18.454+0000] {processor.py:830} INFO - Processing file /home/airflow/.local/lib/python3.8/site-packages/airflow/example_dags/example_sla_dag.py for tasks to queue
[2026-03-30T08:42:18.459+0000] {logging_mixin.py:188} INFO - [2026-03-30T08:42:18.458+0000] {dagbag.py:538} INFO - Filling up the DagBag from /home/airflow/.local/lib/python3.8/site-packages/airflow/example_dags/example_sla_dag.py
[2026-03-30T08:42:18.478+0000] {processor.py:840} INFO - DAG(s) 'example_sla_dag' retrieved from /home/airflow/.local/lib/python3.8/site-packages/airflow/example_dags/example_sla_dag.py
[2026-03-30T08:42:18.522+0000] {logging_mixin.py:188} INFO - [2026-03-30T08:42:18.521+0000] {dag.py:3036} INFO - Sync 1 DAGs
[2026-03-30T08:42:18.592+0000] {logging_mixin.py:188} INFO - [2026-03-30T08:42:18.592+0000] {dag.py:3823} INFO - Setting next_dagrun for example_sla_dag to 2026-03-30 08:40:00+00:00, run_after=2026-03-30 08:42:00+00:00
[2026-03-30T08:42:18.635+0000] {processor.py:183} INFO - Processing /home/airflow/.local/lib/python3.8/site-packages/airflow/example_dags/example_sla_dag.py took 0.194 seconds
[2026-03-30T08:42:49.492+0000] {processor.py:161} INFO - Started process (PID=1331) to work on /home/airflow/.local/lib/python3.8/site-packages/airflow/example_dags/example_sla_dag.py
[2026-03-30T08:42:49.494+0000] {processor.py:830} INFO - Processing file /home/airflow/.local/lib/python3.8/site-packages/airflow/example_dags/example_sla_dag.py for tasks to queue
[2026-03-30T08:42:49.497+0000] {logging_mixin.py:188} INFO - [2026-03-30T08:42:49.496+0000] {dagbag.py:538} INFO - Filling up the DagBag from /home/airflow/.local/lib/python3.8/site-packages/airflow/example_dags/example_sla_dag.py
[2026-03-30T08:42:49.509+0000] {processor.py:840} INFO - DAG(s) 'example_sla_dag' retrieved from /home/airflow/.local/lib/python3.8/site-packages/airflow/example_dags/example_sla_dag.py
[2026-03-30T08:42:49.535+0000] {logging_mixin.py:188} INFO - [2026-03-30T08:42:49.535+0000] {dag.py:3036} INFO - Sync 1 DAGs
[2026-03-30T08:42:49.572+0000] {logging_mixin.py:188} INFO - [2026-03-30T08:42:49.571+0000] {dag.py:3823} INFO - Setting next_dagrun for example_sla_dag to 2026-03-30 08:40:00+00:00, run_after=2026-03-30 08:42:00+00:00
[2026-03-30T08:42:49.615+0000] {processor.py:183} INFO - Processing /home/airflow/.local/lib/python3.8/site-packages/airflow/example_dags/example_sla_dag.py took 0.127 seconds
[2026-03-30T08:43:20.070+0000] {processor.py:161} INFO - Started process (PID=1388) to work on /home/airflow/.local/lib/python3.8/site-packages/airflow/example_dags/example_sla_dag.py
[2026-03-30T08:43:20.073+0000] {processor.py:830} INFO - Processing file /home/airflow/.local/lib/python3.8/site-packages/airflow/example_dags/example_sla_dag.py for tasks to queue
[2026-03-30T08:43:20.078+0000] {logging_mixin.py:188} INFO - [2026-03-30T08:43:20.077+0000] {dagbag.py:538} INFO - Filling up the DagBag from /home/airflow/.local/lib/python3.8/site-packages/airflow/example_dags/example_sla_dag.py
[2026-03-30T08:43:20.093+0000] {processor.py:840} INFO - DAG(s) 'example_sla_dag' retrieved from /home/airflow/.local/lib/python3.8/site-packages/airflow/example_dags/example_sla_dag.py
[2026-03-30T08:43:20.149+0000] {logging_mixin.py:188} INFO - [2026-03-30T08:43:20.149+0000] {dag.py:3036} INFO - Sync 1 DAGs
[2026-03-30T08:43:20.216+0000] {logging_mixin.py:188} INFO - [2026-03-30T08:43:20.215+0000] {dag.py:3823} INFO - Setting next_dagrun for example_sla_dag to 2026-03-30 08:40:00+00:00, run_after=2026-03-30 08:42:00+00:00
[2026-03-30T08:43:20.262+0000] {processor.py:183} INFO - Processing /home/airflow/.local/lib/python3.8/site-packages/airflow/example_dags/example_sla_dag.py took 0.198 seconds
[2026-03-30T08:43:50.808+0000] {processor.py:161} INFO - Started process (PID=1445) to work on /home/airflow/.local/lib/python3.8/site-packages/airflow/example_dags/example_sla_dag.py
[2026-03-30T08:43:50.810+0000] {processor.py:830} INFO - Processing file /home/airflow/.local/lib/python3.8/site-packages/airflow/example_dags/example_sla_dag.py for tasks to queue
[2026-03-30T08:43:50.813+0000] {logging_mixin.py:188} INFO - [2026-03-30T08:43:50.813+0000] {dagbag.py:538} INFO - Filling up the DagBag from /home/airflow/.local/lib/python3.8/site-packages/airflow/example_dags/example_sla_dag.py
[2026-03-30T08:43:50.826+0000] {processor.py:840} INFO - DAG(s) 'example_sla_dag' retrieved from /home/airflow/.local/lib/python3.8/site-packages/airflow/example_dags/example_sla_dag.py
[2026-03-30T08:43:50.860+0000] {logging_mixin.py:188} INFO - [2026-03-30T08:43:50.859+0000] {dag.py:3036} INFO - Sync 1 DAGs
[2026-03-30T08:43:50.894+0000] {logging_mixin.py:188} INFO - [2026-03-30T08:43:50.894+0000] {dag.py:3823} INFO - Setting next_dagrun for example_sla_dag to 2026-03-30 08:40:00+00:00, run_after=2026-03-30 08:42:00+00:00
[2026-03-30T08:43:50.925+0000] {processor.py:183} INFO - Processing /home/airflow/.local/lib/python3.8/site-packages/airflow/example_dags/example_sla_dag.py took 0.123 seconds
[2026-03-30T08:44:21.414+0000] {processor.py:161} INFO - Started process (PID=1502) to work on /home/airflow/.local/lib/python3.8/site-packages/airflow/example_dags/example_sla_dag.py
[2026-03-30T08:44:21.416+0000] {processor.py:830} INFO - Processing file /home/airflow/.local/lib/python3.8/site-packages/airflow/example_dags/example_sla_dag.py for tasks to queue
[2026-03-30T08:44:21.420+0000] {logging_mixin.py:188} INFO - [2026-03-30T08:44:21.419+0000] {dagbag.py:538} INFO - Filling up the DagBag from /home/airflow/.local/lib/python3.8/site-packages/airflow/example_dags/example_sla_dag.py
[2026-03-30T08:44:21.431+0000] {processor.py:840} INFO - DAG(s) 'example_sla_dag' retrieved from /home/airflow/.local/lib/python3.8/site-packages/airflow/example_dags/example_sla_dag.py
[2026-03-30T08:44:21.470+0000] {logging_mixin.py:188} INFO - [2026-03-30T08:44:21.469+0000] {dag.py:3036} INFO - Sync 1 DAGs
[2026-03-30T08:44:21.518+0000] {logging_mixin.py:188} INFO - [2026-03-30T08:44:21.517+0000] {dag.py:3823} INFO - Setting next_dagrun for example_sla_dag to 2026-03-30 08:42:00+00:00, run_after=2026-03-30 08:44:00+00:00
[2026-03-30T08:44:21.552+0000] {processor.py:183} INFO - Processing /home/airflow/.local/lib/python3.8/site-packages/airflow/example_dags/example_sla_dag.py took 0.144 seconds
[2026-03-30T08:44:52.052+0000] {processor.py:161} INFO - Started process (PID=1560) to work on /home/airflow/.local/lib/python3.8/site-packages/airflow/example_dags/example_sla_dag.py
[2026-03-30T08:44:52.055+0000] {processor.py:830} INFO - Processing file /home/airflow/.local/lib/python3.8/site-packages/airflow/example_dags/example_sla_dag.py for tasks to queue
[2026-03-30T08:44:52.058+0000] {logging_mixin.py:188} INFO - [2026-03-30T08:44:52.058+0000] {dagbag.py:538} INFO - Filling up the DagBag from /home/airflow/.local/lib/python3.8/site-packages/airflow/example_dags/example_sla_dag.py
[2026-03-30T08:44:52.073+0000] {processor.py:840} INFO - DAG(s) 'example_sla_dag' retrieved from /home/airflow/.local/lib/python3.8/site-packages/airflow/example_dags/example_sla_dag.py
[2026-03-30T08:44:52.107+0000] {logging_mixin.py:188} INFO - [2026-03-30T08:44:52.107+0000] {dag.py:3036} INFO - Sync 1 DAGs
[2026-03-30T08:44:52.141+0000] {logging_mixin.py:188} INFO - [2026-03-30T08:44:52.140+0000] {dag.py:3823} INFO - Setting next_dagrun for example_sla_dag to 2026-03-30 08:42:00+00:00, run_after=2026-03-30 08:44:00+00:00
[2026-03-30T08:44:52.181+0000] {processor.py:183} INFO - Processing /home/airflow/.local/lib/python3.8/site-packages/airflow/example_dags/example_sla_dag.py took 0.136 seconds
[2026-03-30T08:45:22.522+0000] {processor.py:161} INFO - Started process (PID=1617) to work on /home/airflow/.local/lib/python3.8/site-packages/airflow/example_dags/example_sla_dag.py
[2026-03-30T08:45:22.523+0000] {processor.py:830} INFO - Processing file /home/airflow/.local/lib/python3.8/site-packages/airflow/example_dags/example_sla_dag.py for tasks to queue
[2026-03-30T08:45:22.526+0000] {logging_mixin.py:188} INFO - [2026-03-30T08:45:22.526+0000] {dagbag.py:538} INFO - Filling up the DagBag from /home/airflow/.local/lib/python3.8/site-packages/airflow/example_dags/example_sla_dag.py
[2026-03-30T08:45:22.539+0000] {processor.py:840} INFO - DAG(s) 'example_sla_dag' retrieved from /home/airflow/.local/lib/python3.8/site-packages/airflow/example_dags/example_sla_dag.py
[2026-03-30T08:45:22.567+0000] {logging_mixin.py:188} INFO - [2026-03-30T08:45:22.567+0000] {dag.py:3036} INFO - Sync 1 DAGs
[2026-03-30T08:45:22.598+0000] {logging_mixin.py:188} INFO - [2026-03-30T08:45:22.597+0000] {dag.py:3823} INFO - Setting next_dagrun for example_sla_dag to 2026-03-30 08:42:00+00:00, run_after=2026-03-30 08:44:00+00:00
[2026-03-30T08:45:22.624+0000] {processor.py:183} INFO - Processing /home/airflow/.local/lib/python3.8/site-packages/airflow/example_dags/example_sla_dag.py took 0.108 seconds
[2026-03-30T08:45:53.007+0000] {processor.py:161} INFO - Started process (PID=1674) to work on /home/airflow/.local/lib/python3.8/site-packages/airflow/example_dags/example_sla_dag.py
[2026-03-30T08:45:53.009+0000] {processor.py:830} INFO - Processing file /home/airflow/.local/lib/python3.8/site-packages/airflow/example_dags/example_sla_dag.py for tasks to queue
[2026-03-30T08:45:53.012+0000] {logging_mixin.py:188} INFO - [2026-03-30T08:45:53.012+0000] {dagbag.py:538} INFO - Filling up the DagBag from /home/airflow/.local/lib/python3.8/site-packages/airflow/example_dags/example_sla_dag.py
[2026-03-30T08:45:53.028+0000] {processor.py:840} INFO - DAG(s) 'example_sla_dag' retrieved from /home/airflow/.local/lib/python3.8/site-packages/airflow/example_dags/example_sla_dag.py
[2026-03-30T08:45:53.066+0000] {logging_mixin.py:188} INFO - [2026-03-30T08:45:53.066+0000] {dag.py:3036} INFO - Sync 1 DAGs
[2026-03-30T08:45:53.105+0000] {logging_mixin.py:188} INFO - [2026-03-30T08:45:53.105+0000] {dag.py:3823} INFO - Setting next_dagrun for example_sla_dag to 2026-03-30 08:42:00+00:00, run_after=2026-03-30 08:44:00+00:00
[2026-03-30T08:45:53.137+0000] {processor.py:183} INFO - Processing /home/airflow/.local/lib/python3.8/site-packages/airflow/example_dags/example_sla_dag.py took 0.134 seconds
[2026-03-30T08:46:23.706+0000] {processor.py:161} INFO - Started process (PID=1731) to work on /home/airflow/.local/lib/python3.8/site-packages/airflow/example_dags/example_sla_dag.py
[2026-03-30T08:46:23.708+0000] {processor.py:830} INFO - Processing file /home/airflow/.local/lib/python3.8/site-packages/airflow/example_dags/example_sla_dag.py for tasks to queue
[2026-03-30T08:46:23.711+0000] {logging_mixin.py:188} INFO - [2026-03-30T08:46:23.710+0000] {dagbag.py:538} INFO - Filling up the DagBag from /home/airflow/.local/lib/python3.8/site-packages/airflow/example_dags/example_sla_dag.py
[2026-03-30T08:46:23.723+0000] {processor.py:840} INFO - DAG(s) 'example_sla_dag' retrieved from /home/airflow/.local/lib/python3.8/site-packages/airflow/example_dags/example_sla_dag.py
[2026-03-30T08:46:23.754+0000] {logging_mixin.py:188} INFO - [2026-03-30T08:46:23.754+0000] {dag.py:3036} INFO - Sync 1 DAGs
[2026-03-30T08:46:23.788+0000] {logging_mixin.py:188} INFO - [2026-03-30T08:46:23.788+0000] {dag.py:3823} INFO - Setting next_dagrun for example_sla_dag to 2026-03-30 08:44:00+00:00, run_after=2026-03-30 08:46:00+00:00
[2026-03-30T08:46:23.815+0000] {processor.py:183} INFO - Processing /home/airflow/.local/lib/python3.8/site-packages/airflow/example_dags/example_sla_dag.py took 0.115 seconds
[2026-03-30T08:46:53.922+0000] {processor.py:161} INFO - Started process (PID=1788) to work on /home/airflow/.local/lib/python3.8/site-packages/airflow/example_dags/example_sla_dag.py
[2026-03-30T08:46:53.924+0000] {processor.py:830} INFO - Processing file /home/airflow/.local/lib/python3.8/site-packages/airflow/example_dags/example_sla_dag.py for tasks to queue
[2026-03-30T08:46:53.927+0000] {logging_mixin.py:188} INFO - [2026-03-30T08:46:53.926+0000] {dagbag.py:538} INFO - Filling up the DagBag from /home/airflow/.local/lib/python3.8/site-packages/airflow/example_dags/example_sla_dag.py
[2026-03-30T08:46:53.940+0000] {processor.py:840} INFO - DAG(s) 'example_sla_dag' retrieved from /home/airflow/.local/lib/python3.8/site-packages/airflow/example_dags/example_sla_dag.py
[2026-03-30T08:46:53.972+0000] {logging_mixin.py:188} INFO - [2026-03-30T08:46:53.972+0000] {dag.py:3036} INFO - Sync 1 DAGs
[2026-03-30T08:46:54.004+0000] {logging_mixin.py:188} INFO - [2026-03-30T08:46:54.004+0000] {dag.py:3823} INFO - Setting next_dagrun for example_sla_dag to 2026-03-30 08:44:00+00:00, run_after=2026-03-30 08:46:00+00:00
[2026-03-30T08:46:54.030+0000] {processor.py:183} INFO - Processing /home/airflow/.local/lib/python3.8/site-packages/airflow/example_dags/example_sla_dag.py took 0.112 seconds
[2026-03-30T08:47:24.272+0000] {processor.py:161} INFO - Started process (PID=1845) to work on /home/airflow/.local/lib/python3.8/site-packages/airflow/example_dags/example_sla_dag.py
[2026-03-30T08:47:24.274+0000] {processor.py:830} INFO - Processing file /home/airflow/.local/lib/python3.8/site-packages/airflow/example_dags/example_sla_dag.py for tasks to queue
[2026-03-30T08:47:24.277+0000] {logging_mixin.py:188} INFO - [2026-03-30T08:47:24.276+0000] {dagbag.py:538} INFO - Filling up the DagBag from /home/airflow/.local/lib/python3.8/site-packages/airflow/example_dags/example_sla_dag.py
[2026-03-30T08:47:24.290+0000] {processor.py:840} INFO - DAG(s) 'example_sla_dag' retrieved from /home/airflow/.local/lib/python3.8/site-packages/airflow/example_dags/example_sla_dag.py
[2026-03-30T08:47:24.320+0000] {logging_mixin.py:188} INFO - [2026-03-30T08:47:24.319+0000] {dag.py:3036} INFO - Sync 1 DAGs
[2026-03-30T08:47:24.353+0000] {logging_mixin.py:188} INFO - [2026-03-30T08:47:24.352+0000] {dag.py:3823} INFO - Setting next_dagrun for example_sla_dag to 2026-03-30 08:44:00+00:00, run_after=2026-03-30 08:46:00+00:00
[2026-03-30T08:47:24.382+0000] {processor.py:183} INFO - Processing /home/airflow/.local/lib/python3.8/site-packages/airflow/example_dags/example_sla_dag.py took 0.116 seconds
[2026-03-30T08:47:54.486+0000] {processor.py:161} INFO - Started process (PID=1902) to work on /home/airflow/.local/lib/python3.8/site-packages/airflow/example_dags/example_sla_dag.py
[2026-03-30T08:47:54.488+0000] {processor.py:830} INFO - Processing file /home/airflow/.local/lib/python3.8/site-packages/airflow/example_dags/example_sla_dag.py for tasks to queue
[2026-03-30T08:47:54.492+0000] {logging_mixin.py:188} INFO - [2026-03-30T08:47:54.491+0000] {dagbag.py:538} INFO - Filling up the DagBag from /home/airflow/.local/lib/python3.8/site-packages/airflow/example_dags/example_sla_dag.py
[2026-03-30T08:47:54.506+0000] {processor.py:840} INFO - DAG(s) 'example_sla_dag' retrieved from /home/airflow/.local/lib/python3.8/site-packages/airflow/example_dags/example_sla_dag.py
[2026-03-30T08:47:54.536+0000] {logging_mixin.py:188} INFO - [2026-03-30T08:47:54.536+0000] {dag.py:3036} INFO - Sync 1 DAGs
[2026-03-30T08:47:54.572+0000] {logging_mixin.py:188} INFO - [2026-03-30T08:47:54.572+0000] {dag.py:3823} INFO - Setting next_dagrun for example_sla_dag to 2026-03-30 08:44:00+00:00, run_after=2026-03-30 08:46:00+00:00
[2026-03-30T08:47:54.603+0000] {processor.py:183} INFO - Processing /home/airflow/.local/lib/python3.8/site-packages/airflow/example_dags/example_sla_dag.py took 0.123 seconds
[2026-03-30T08:48:24.962+0000] {processor.py:161} INFO - Started process (PID=1959) to work on /home/airflow/.local/lib/python3.8/site-packages/airflow/example_dags/example_sla_dag.py
[2026-03-30T08:48:24.963+0000] {processor.py:830} INFO - Processing file /home/airflow/.local/lib/python3.8/site-packages/airflow/example_dags/example_sla_dag.py for tasks to queue
[2026-03-30T08:48:24.967+0000] {logging_mixin.py:188} INFO - [2026-03-30T08:48:24.966+0000] {dagbag.py:538} INFO - Filling up the DagBag from /home/airflow/.local/lib/python3.8/site-packages/airflow/example_dags/example_sla_dag.py
[2026-03-30T08:48:24.987+0000] {processor.py:840} INFO - DAG(s) 'example_sla_dag' retrieved from /home/airflow/.local/lib/python3.8/site-packages/airflow/example_dags/example_sla_dag.py
[2026-03-30T08:48:25.019+0000] {logging_mixin.py:188} INFO - [2026-03-30T08:48:25.018+0000] {dag.py:3036} INFO - Sync 1 DAGs
[2026-03-30T08:48:25.062+0000] {logging_mixin.py:188} INFO - [2026-03-30T08:48:25.062+0000] {dag.py:3823} INFO - Setting next_dagrun for example_sla_dag to 2026-03-30 08:46:00+00:00, run_after=2026-03-30 08:48:00+00:00
[2026-03-30T08:48:25.097+0000] {processor.py:183} INFO - Processing /home/airflow/.local/lib/python3.8/site-packages/airflow/example_dags/example_sla_dag.py took 0.141 seconds
[2026-03-30T08:48:55.207+0000] {processor.py:161} INFO - Started process (PID=2016) to work on /home/airflow/.local/lib/python3.8/site-packages/airflow/example_dags/example_sla_dag.py
[2026-03-30T08:48:55.209+0000] {processor.py:830} INFO - Processing file /home/airflow/.local/lib/python3.8/site-packages/airflow/example_dags/example_sla_dag.py for tasks to queue
[2026-03-30T08:48:55.213+0000] {logging_mixin.py:188} INFO - [2026-03-30T08:48:55.212+0000] {dagbag.py:538} INFO - Filling up the DagBag from /home/airflow/.local/lib/python3.8/site-packages/airflow/example_dags/example_sla_dag.py
[2026-03-30T08:48:55.224+0000] {processor.py:840} INFO - DAG(s) 'example_sla_dag' retrieved from /home/airflow/.local/lib/python3.8/site-packages/airflow/example_dags/example_sla_dag.py
[2026-03-30T08:48:55.250+0000] {logging_mixin.py:188} INFO - [2026-03-30T08:48:55.249+0000] {dag.py:3036} INFO - Sync 1 DAGs
[2026-03-30T08:48:55.283+0000] {logging_mixin.py:188} INFO - [2026-03-30T08:48:55.283+0000] {dag.py:3823} INFO - Setting next_dagrun for example_sla_dag to 2026-03-30 08:46:00+00:00, run_after=2026-03-30 08:48:00+00:00
[2026-03-30T08:48:55.310+0000] {processor.py:183} INFO - Processing /home/airflow/.local/lib/python3.8/site-packages/airflow/example_dags/example_sla_dag.py took 0.107 seconds
[2026-03-30T08:49:26.190+0000] {processor.py:161} INFO - Started process (PID=2073) to work on /home/airflow/.local/lib/python3.8/site-packages/airflow/example_dags/example_sla_dag.py
[2026-03-30T08:49:26.192+0000] {processor.py:830} INFO - Processing file /home/airflow/.local/lib/python3.8/site-packages/airflow/example_dags/example_sla_dag.py for tasks to queue
[2026-03-30T08:49:26.195+0000] {logging_mixin.py:188} INFO - [2026-03-30T08:49:26.195+0000] {dagbag.py:538} INFO - Filling up the DagBag from /home/airflow/.local/lib/python3.8/site-packages/airflow/example_dags/example_sla_dag.py
[2026-03-30T08:49:26.209+0000] {processor.py:840} INFO - DAG(s) 'example_sla_dag' retrieved from /home/airflow/.local/lib/python3.8/site-packages/airflow/example_dags/example_sla_dag.py
[2026-03-30T08:49:26.240+0000] {logging_mixin.py:188} INFO - [2026-03-30T08:49:26.239+0000] {dag.py:3036} INFO - Sync 1 DAGs
[2026-03-30T08:49:26.275+0000] {logging_mixin.py:188} INFO - [2026-03-30T08:49:26.274+0000] {dag.py:3823} INFO - Setting next_dagrun for example_sla_dag to 2026-03-30 08:46:00+00:00, run_after=2026-03-30 08:48:00+00:00
[2026-03-30T08:49:26.310+0000] {processor.py:183} INFO - Processing /home/airflow/.local/lib/python3.8/site-packages/airflow/example_dags/example_sla_dag.py took 0.125 seconds
[2026-03-30T08:49:56.572+0000] {processor.py:161} INFO - Started process (PID=2130) to work on /home/airflow/.local/lib/python3.8/site-packages/airflow/example_dags/example_sla_dag.py
[2026-03-30T08:49:56.574+0000] {processor.py:830} INFO - Processing file /home/airflow/.local/lib/python3.8/site-packages/airflow/example_dags/example_sla_dag.py for tasks to queue
[2026-03-30T08:49:56.578+0000] {logging_mixin.py:188} INFO - [2026-03-30T08:49:56.578+0000] {dagbag.py:538} INFO - Filling up the DagBag from /home/airflow/.local/lib/python3.8/site-packages/airflow/example_dags/example_sla_dag.py
[2026-03-30T08:49:56.594+0000] {processor.py:840} INFO - DAG(s) 'example_sla_dag' retrieved from /home/airflow/.local/lib/python3.8/site-packages/airflow/example_dags/example_sla_dag.py
[2026-03-30T08:49:56.630+0000] {logging_mixin.py:188} INFO - [2026-03-30T08:49:56.629+0000] {dag.py:3036} INFO - Sync 1 DAGs
[2026-03-30T08:49:56.690+0000] {logging_mixin.py:188} INFO - [2026-03-30T08:49:56.690+0000] {dag.py:3823} INFO - Setting next_dagrun for example_sla_dag to 2026-03-30 08:46:00+00:00, run_after=2026-03-30 08:48:00+00:00
[2026-03-30T08:49:56.734+0000] {processor.py:183} INFO - Processing /home/airflow/.local/lib/python3.8/site-packages/airflow/example_dags/example_sla_dag.py took 0.168 seconds
[2026-03-30T08:50:27.084+0000] {processor.py:161} INFO - Started process (PID=2187) to work on /home/airflow/.local/lib/python3.8/site-packages/airflow/example_dags/example_sla_dag.py
[2026-03-30T08:50:27.087+0000] {processor.py:830} INFO - Processing file /home/airflow/.local/lib/python3.8/site-packages/airflow/example_dags/example_sla_dag.py for tasks to queue
[2026-03-30T08:50:27.090+0000] {logging_mixin.py:188} INFO - [2026-03-30T08:50:27.090+0000] {dagbag.py:538} INFO - Filling up the DagBag from /home/airflow/.local/lib/python3.8/site-packages/airflow/example_dags/example_sla_dag.py
[2026-03-30T08:50:27.103+0000] {processor.py:840} INFO - DAG(s) 'example_sla_dag' retrieved from /home/airflow/.local/lib/python3.8/site-packages/airflow/example_dags/example_sla_dag.py
[2026-03-30T08:50:27.143+0000] {logging_mixin.py:188} INFO - [2026-03-30T08:50:27.142+0000] {dag.py:3036} INFO - Sync 1 DAGs
[2026-03-30T08:50:27.188+0000] {logging_mixin.py:188} INFO - [2026-03-30T08:50:27.188+0000] {dag.py:3823} INFO - Setting next_dagrun for example_sla_dag to 2026-03-30 08:48:00+00:00, run_after=2026-03-30 08:50:00+00:00
[2026-03-30T08:50:27.227+0000] {processor.py:183} INFO - Processing /home/airflow/.local/lib/python3.8/site-packages/airflow/example_dags/example_sla_dag.py took 0.148 seconds
[2026-03-30T08:50:57.731+0000] {processor.py:161} INFO - Started process (PID=2242) to work on /home/airflow/.local/lib/python3.8/site-packages/airflow/example_dags/example_sla_dag.py
[2026-03-30T08:50:57.734+0000] {processor.py:830} INFO - Processing file /home/airflow/.local/lib/python3.8/site-packages/airflow/example_dags/example_sla_dag.py for tasks to queue
[2026-03-30T08:50:57.738+0000] {logging_mixin.py:188} INFO - [2026-03-30T08:50:57.737+0000] {dagbag.py:538} INFO - Filling up the DagBag from /home/airflow/.local/lib/python3.8/site-packages/airflow/example_dags/example_sla_dag.py
[2026-03-30T08:50:57.750+0000] {processor.py:840} INFO - DAG(s) 'example_sla_dag' retrieved from /home/airflow/.local/lib/python3.8/site-packages/airflow/example_dags/example_sla_dag.py
[2026-03-30T08:50:57.779+0000] {logging_mixin.py:188} INFO - [2026-03-30T08:50:57.779+0000] {dag.py:3036} INFO - Sync 1 DAGs
[2026-03-30T08:50:57.828+0000] {logging_mixin.py:188} INFO - [2026-03-30T08:50:57.827+0000] {dag.py:3823} INFO - Setting next_dagrun for example_sla_dag to 2026-03-30 08:48:00+00:00, run_after=2026-03-30 08:50:00+00:00
[2026-03-30T08:50:57.886+0000] {processor.py:183} INFO - Processing /home/airflow/.local/lib/python3.8/site-packages/airflow/example_dags/example_sla_dag.py took 0.164 seconds
[2026-03-30T08:51:28.065+0000] {processor.py:161} INFO - Started process (PID=2299) to work on /home/airflow/.local/lib/python3.8/site-packages/airflow/example_dags/example_sla_dag.py
[2026-03-30T08:51:28.067+0000] {processor.py:830} INFO - Processing file /home/airflow/.local/lib/python3.8/site-packages/airflow/example_dags/example_sla_dag.py for tasks to queue
[2026-03-30T08:51:28.070+0000] {logging_mixin.py:188} INFO - [2026-03-30T08:51:28.070+0000] {dagbag.py:538} INFO - Filling up the DagBag from /home/airflow/.local/lib/python3.8/site-packages/airflow/example_dags/example_sla_dag.py
[2026-03-30T08:51:28.084+0000] {processor.py:840} INFO - DAG(s) 'example_sla_dag' retrieved from /home/airflow/.local/lib/python3.8/site-packages/airflow/example_dags/example_sla_dag.py
[2026-03-30T08:51:28.112+0000] {logging_mixin.py:188} INFO - [2026-03-30T08:51:28.111+0000] {dag.py:3036} INFO - Sync 1 DAGs
[2026-03-30T08:51:28.148+0000] {logging_mixin.py:188} INFO - [2026-03-30T08:51:28.147+0000] {dag.py:3823} INFO - Setting next_dagrun for example_sla_dag to 2026-03-30 08:48:00+00:00, run_after=2026-03-30 08:50:00+00:00
[2026-03-30T08:51:28.185+0000] {processor.py:183} INFO - Processing /home/airflow/.local/lib/python3.8/site-packages/airflow/example_dags/example_sla_dag.py took 0.123 seconds
[2026-03-30T08:51:58.302+0000] {processor.py:161} INFO - Started process (PID=2356) to work on /home/airflow/.local/lib/python3.8/site-packages/airflow/example_dags/example_sla_dag.py
[2026-03-30T08:51:58.305+0000] {processor.py:830} INFO - Processing file /home/airflow/.local/lib/python3.8/site-packages/airflow/example_dags/example_sla_dag.py for tasks to queue
[2026-03-30T08:51:58.312+0000] {logging_mixin.py:188} INFO - [2026-03-30T08:51:58.311+0000] {dagbag.py:538} INFO - Filling up the DagBag from /home/airflow/.local/lib/python3.8/site-packages/airflow/example_dags/example_sla_dag.py
[2026-03-30T08:51:58.342+0000] {processor.py:840} INFO - DAG(s) 'example_sla_dag' retrieved from /home/airflow/.local/lib/python3.8/site-packages/airflow/example_dags/example_sla_dag.py
[2026-03-30T08:51:58.383+0000] {logging_mixin.py:188} INFO - [2026-03-30T08:51:58.383+0000] {dag.py:3036} INFO - Sync 1 DAGs
[2026-03-30T08:51:58.424+0000] {logging_mixin.py:188} INFO - [2026-03-30T08:51:58.423+0000] {dag.py:3823} INFO - Setting next_dagrun for example_sla_dag to 2026-03-30 08:48:00+00:00, run_after=2026-03-30 08:50:00+00:00
[2026-03-30T08:51:58.482+0000] {processor.py:183} INFO - Processing /home/airflow/.local/lib/python3.8/site-packages/airflow/example_dags/example_sla_dag.py took 0.192 seconds
[2026-03-30T08:52:29.152+0000] {processor.py:161} INFO - Started process (PID=2413) to work on /home/airflow/.local/lib/python3.8/site-packages/airflow/example_dags/example_sla_dag.py
[2026-03-30T08:52:29.154+0000] {processor.py:830} INFO - Processing file /home/airflow/.local/lib/python3.8/site-packages/airflow/example_dags/example_sla_dag.py for tasks to queue
[2026-03-30T08:52:29.157+0000] {logging_mixin.py:188} INFO - [2026-03-30T08:52:29.156+0000] {dagbag.py:538} INFO - Filling up the DagBag from /home/airflow/.local/lib/python3.8/site-packages/airflow/example_dags/example_sla_dag.py
[2026-03-30T08:52:29.167+0000] {processor.py:840} INFO - DAG(s) 'example_sla_dag' retrieved from /home/airflow/.local/lib/python3.8/site-packages/airflow/example_dags/example_sla_dag.py
[2026-03-30T08:52:29.199+0000] {logging_mixin.py:188} INFO - [2026-03-30T08:52:29.198+0000] {dag.py:3036} INFO - Sync 1 DAGs
[2026-03-30T08:52:29.230+0000] {logging_mixin.py:188} INFO - [2026-03-30T08:52:29.230+0000] {dag.py:3823} INFO - Setting next_dagrun for example_sla_dag to 2026-03-30 08:50:00+00:00, run_after=2026-03-30 08:52:00+00:00
[2026-03-30T08:52:29.259+0000] {processor.py:183} INFO - Processing /home/airflow/.local/lib/python3.8/site-packages/airflow/example_dags/example_sla_dag.py took 0.113 seconds
[2026-03-30T08:52:59.348+0000] {processor.py:161} INFO - Started process (PID=2470) to work on /home/airflow/.local/lib/python3.8/site-packages/airflow/example_dags/example_sla_dag.py
[2026-03-30T08:52:59.350+0000] {processor.py:830} INFO - Processing file /home/airflow/.local/lib/python3.8/site-packages/airflow/example_dags/example_sla_dag.py for tasks to queue
[2026-03-30T08:52:59.352+0000] {logging_mixin.py:188} INFO - [2026-03-30T08:52:59.352+0000] {dagbag.py:538} INFO - Filling up the DagBag from /home/airflow/.local/lib/python3.8/site-packages/airflow/example_dags/example_sla_dag.py
[2026-03-30T08:52:59.362+0000] {processor.py:840} INFO - DAG(s) 'example_sla_dag' retrieved from /home/airflow/.local/lib/python3.8/site-packages/airflow/example_dags/example_sla_dag.py
[2026-03-30T08:52:59.388+0000] {logging_mixin.py:188} INFO - [2026-03-30T08:52:59.387+0000] {dag.py:3036} INFO - Sync 1 DAGs
[2026-03-30T08:52:59.417+0000] {logging_mixin.py:188} INFO - [2026-03-30T08:52:59.417+0000] {dag.py:3823} INFO - Setting next_dagrun for example_sla_dag to 2026-03-30 08:50:00+00:00, run_after=2026-03-30 08:52:00+00:00
[2026-03-30T08:52:59.451+0000] {processor.py:183} INFO - Processing /home/airflow/.local/lib/python3.8/site-packages/airflow/example_dags/example_sla_dag.py took 0.107 seconds
[2026-03-30T08:53:30.629+0000] {processor.py:161} INFO - Started process (PID=2528) to work on /home/airflow/.local/lib/python3.8/site-packages/airflow/example_dags/example_sla_dag.py
[2026-03-30T08:53:30.631+0000] {processor.py:830} INFO - Processing file /home/airflow/.local/lib/python3.8/site-packages/airflow/example_dags/example_sla_dag.py for tasks to queue
[2026-03-30T08:53:30.634+0000] {logging_mixin.py:188} INFO - [2026-03-30T08:53:30.634+0000] {dagbag.py:538} INFO - Filling up the DagBag from /home/airflow/.local/lib/python3.8/site-packages/airflow/example_dags/example_sla_dag.py
[2026-03-30T08:53:30.647+0000] {processor.py:840} INFO - DAG(s) 'example_sla_dag' retrieved from /home/airflow/.local/lib/python3.8/site-packages/airflow/example_dags/example_sla_dag.py
[2026-03-30T08:53:30.683+0000] {logging_mixin.py:188} INFO - [2026-03-30T08:53:30.682+0000] {dag.py:3036} INFO - Sync 1 DAGs
[2026-03-30T08:53:30.722+0000] {logging_mixin.py:188} INFO - [2026-03-30T08:53:30.722+0000] {dag.py:3823} INFO - Setting next_dagrun for example_sla_dag to 2026-03-30 08:50:00+00:00, run_after=2026-03-30 08:52:00+00:00
[2026-03-30T08:53:30.756+0000] {processor.py:183} INFO - Processing /home/airflow/.local/lib/python3.8/site-packages/airflow/example_dags/example_sla_dag.py took 0.132 seconds
[2026-03-30T08:54:02.006+0000] {processor.py:161} INFO - Started process (PID=2585) to work on /home/airflow/.local/lib/python3.8/site-packages/airflow/example_dags/example_sla_dag.py
[2026-03-30T08:54:02.008+0000] {processor.py:830} INFO - Processing file /home/airflow/.local/lib/python3.8/site-packages/airflow/example_dags/example_sla_dag.py for tasks to queue
[2026-03-30T08:54:02.010+0000] {logging_mixin.py:188} INFO - [2026-03-30T08:54:02.010+0000] {dagbag.py:538} INFO - Filling up the DagBag from /home/airflow/.local/lib/python3.8/site-packages/airflow/example_dags/example_sla_dag.py
[2026-03-30T08:54:02.022+0000] {processor.py:840} INFO - DAG(s) 'example_sla_dag' retrieved from /home/airflow/.local/lib/python3.8/site-packages/airflow/example_dags/example_sla_dag.py
[2026-03-30T08:54:02.048+0000] {logging_mixin.py:188} INFO - [2026-03-30T08:54:02.048+0000] {dag.py:3036} INFO - Sync 1 DAGs
[2026-03-30T08:54:02.246+0000] {logging_mixin.py:188} INFO - [2026-03-30T08:54:02.246+0000] {dag.py:3823} INFO - Setting next_dagrun for example_sla_dag to 2026-03-30 08:52:00+00:00, run_after=2026-03-30 08:54:00+00:00
[2026-03-30T08:54:02.316+0000] {processor.py:183} INFO - Processing /home/airflow/.local/lib/python3.8/site-packages/airflow/example_dags/example_sla_dag.py took 0.315 seconds
[2026-03-30T08:54:32.580+0000] {processor.py:161} INFO - Started process (PID=2642) to work on /home/airflow/.local/lib/python3.8/site-packages/airflow/example_dags/example_sla_dag.py
[2026-03-30T08:54:32.582+0000] {processor.py:830} INFO - Processing file /home/airflow/.local/lib/python3.8/site-packages/airflow/example_dags/example_sla_dag.py for tasks to queue
[2026-03-30T08:54:32.586+0000] {logging_mixin.py:188} INFO - [2026-03-30T08:54:32.586+0000] {dagbag.py:538} INFO - Filling up the DagBag from /home/airflow/.local/lib/python3.8/site-packages/airflow/example_dags/example_sla_dag.py
[2026-03-30T08:54:32.601+0000] {processor.py:840} INFO - DAG(s) 'example_sla_dag' retrieved from /home/airflow/.local/lib/python3.8/site-packages/airflow/example_dags/example_sla_dag.py
[2026-03-30T08:54:32.633+0000] {logging_mixin.py:188} INFO - [2026-03-30T08:54:32.633+0000] {dag.py:3036} INFO - Sync 1 DAGs
[2026-03-30T08:54:32.836+0000] {logging_mixin.py:188} INFO - [2026-03-30T08:54:32.836+0000] {dag.py:3823} INFO - Setting next_dagrun for example_sla_dag to 2026-03-30 08:52:00+00:00, run_after=2026-03-30 08:54:00+00:00
[2026-03-30T08:54:32.891+0000] {processor.py:183} INFO - Processing /home/airflow/.local/lib/python3.8/site-packages/airflow/example_dags/example_sla_dag.py took 0.316 seconds
[2026-03-30T08:55:03.009+0000] {processor.py:161} INFO - Started process (PID=2699) to work on /home/airflow/.local/lib/python3.8/site-packages/airflow/example_dags/example_sla_dag.py
[2026-03-30T08:55:03.011+0000] {processor.py:830} INFO - Processing file /home/airflow/.local/lib/python3.8/site-packages/airflow/example_dags/example_sla_dag.py for tasks to queue
[2026-03-30T08:55:03.014+0000] {logging_mixin.py:188} INFO - [2026-03-30T08:55:03.013+0000] {dagbag.py:538} INFO - Filling up the DagBag from /home/airflow/.local/lib/python3.8/site-packages/airflow/example_dags/example_sla_dag.py
[2026-03-30T08:55:03.024+0000] {processor.py:840} INFO - DAG(s) 'example_sla_dag' retrieved from /home/airflow/.local/lib/python3.8/site-packages/airflow/example_dags/example_sla_dag.py
[2026-03-30T08:55:03.048+0000] {logging_mixin.py:188} INFO - [2026-03-30T08:55:03.048+0000] {dag.py:3036} INFO - Sync 1 DAGs
[2026-03-30T08:55:03.222+0000] {logging_mixin.py:188} INFO - [2026-03-30T08:55:03.222+0000] {dag.py:3823} INFO - Setting next_dagrun for example_sla_dag to 2026-03-30 08:52:00+00:00, run_after=2026-03-30 08:54:00+00:00
[2026-03-30T08:55:03.249+0000] {processor.py:183} INFO - Processing /home/airflow/.local/lib/python3.8/site-packages/airflow/example_dags/example_sla_dag.py took 0.244 seconds
[2026-03-30T08:55:33.528+0000] {processor.py:161} INFO - Started process (PID=2755) to work on /home/airflow/.local/lib/python3.8/site-packages/airflow/example_dags/example_sla_dag.py
[2026-03-30T08:55:33.530+0000] {processor.py:830} INFO - Processing file /home/airflow/.local/lib/python3.8/site-packages/airflow/example_dags/example_sla_dag.py for tasks to queue
[2026-03-30T08:55:33.533+0000] {logging_mixin.py:188} INFO - [2026-03-30T08:55:33.532+0000] {dagbag.py:538} INFO - Filling up the DagBag from /home/airflow/.local/lib/python3.8/site-packages/airflow/example_dags/example_sla_dag.py
[2026-03-30T08:55:33.544+0000] {processor.py:840} INFO - DAG(s) 'example_sla_dag' retrieved from /home/airflow/.local/lib/python3.8/site-packages/airflow/example_dags/example_sla_dag.py
[2026-03-30T08:55:33.574+0000] {logging_mixin.py:188} INFO - [2026-03-30T08:55:33.573+0000] {dag.py:3036} INFO - Sync 1 DAGs
[2026-03-30T08:55:33.608+0000] {logging_mixin.py:188} INFO - [2026-03-30T08:55:33.608+0000] {dag.py:3823} INFO - Setting next_dagrun for example_sla_dag to 2026-03-30 08:52:00+00:00, run_after=2026-03-30 08:54:00+00:00
[2026-03-30T08:55:33.662+0000] {processor.py:183} INFO - Processing /home/airflow/.local/lib/python3.8/site-packages/airflow/example_dags/example_sla_dag.py took 0.141 seconds
[2026-03-30T08:56:03.876+0000] {processor.py:161} INFO - Started process (PID=2812) to work on /home/airflow/.local/lib/python3.8/site-packages/airflow/example_dags/example_sla_dag.py
[2026-03-30T08:56:03.878+0000] {processor.py:830} INFO - Processing file /home/airflow/.local/lib/python3.8/site-packages/airflow/example_dags/example_sla_dag.py for tasks to queue
[2026-03-30T08:56:03.882+0000] {logging_mixin.py:188} INFO - [2026-03-30T08:56:03.881+0000] {dagbag.py:538} INFO - Filling up the DagBag from /home/airflow/.local/lib/python3.8/site-packages/airflow/example_dags/example_sla_dag.py
[2026-03-30T08:56:03.893+0000] {processor.py:840} INFO - DAG(s) 'example_sla_dag' retrieved from /home/airflow/.local/lib/python3.8/site-packages/airflow/example_dags/example_sla_dag.py
[2026-03-30T08:56:03.919+0000] {logging_mixin.py:188} INFO - [2026-03-30T08:56:03.919+0000] {dag.py:3036} INFO - Sync 1 DAGs
[2026-03-30T08:56:03.946+0000] {logging_mixin.py:188} INFO - [2026-03-30T08:56:03.945+0000] {dag.py:3823} INFO - Setting next_dagrun for example_sla_dag to 2026-03-30 08:54:00+00:00, run_after=2026-03-30 08:56:00+00:00
[2026-03-30T08:56:04.013+0000] {processor.py:183} INFO - Processing /home/airflow/.local/lib/python3.8/site-packages/airflow/example_dags/example_sla_dag.py took 0.142 seconds
[2026-03-30T08:56:34.454+0000] {processor.py:161} INFO - Started process (PID=2869) to work on /home/airflow/.local/lib/python3.8/site-packages/airflow/example_dags/example_sla_dag.py
[2026-03-30T08:56:34.456+0000] {processor.py:830} INFO - Processing file /home/airflow/.local/lib/python3.8/site-packages/airflow/example_dags/example_sla_dag.py for tasks to queue
[2026-03-30T08:56:34.459+0000] {logging_mixin.py:188} INFO - [2026-03-30T08:56:34.459+0000] {dagbag.py:538} INFO - Filling up the DagBag from /home/airflow/.local/lib/python3.8/site-packages/airflow/example_dags/example_sla_dag.py
[2026-03-30T08:56:34.470+0000] {processor.py:840} INFO - DAG(s) 'example_sla_dag' retrieved from /home/airflow/.local/lib/python3.8/site-packages/airflow/example_dags/example_sla_dag.py
[2026-03-30T08:56:34.496+0000] {logging_mixin.py:188} INFO - [2026-03-30T08:56:34.496+0000] {dag.py:3036} INFO - Sync 1 DAGs
[2026-03-30T08:56:34.530+0000] {logging_mixin.py:188} INFO - [2026-03-30T08:56:34.529+0000] {dag.py:3823} INFO - Setting next_dagrun for example_sla_dag to 2026-03-30 08:54:00+00:00, run_after=2026-03-30 08:56:00+00:00
[2026-03-30T08:56:34.758+0000] {processor.py:183} INFO - Processing /home/airflow/.local/lib/python3.8/site-packages/airflow/example_dags/example_sla_dag.py took 0.309 seconds
[2026-03-30T08:57:05.114+0000] {processor.py:161} INFO - Started process (PID=2926) to work on /home/airflow/.local/lib/python3.8/site-packages/airflow/example_dags/example_sla_dag.py
[2026-03-30T08:57:05.116+0000] {processor.py:830} INFO - Processing file /home/airflow/.local/lib/python3.8/site-packages/airflow/example_dags/example_sla_dag.py for tasks to queue
[2026-03-30T08:57:05.119+0000] {logging_mixin.py:188} INFO - [2026-03-30T08:57:05.119+0000] {dagbag.py:538} INFO - Filling up the DagBag from /home/airflow/.local/lib/python3.8/site-packages/airflow/example_dags/example_sla_dag.py
[2026-03-30T08:57:05.133+0000] {processor.py:840} INFO - DAG(s) 'example_sla_dag' retrieved from /home/airflow/.local/lib/python3.8/site-packages/airflow/example_dags/example_sla_dag.py
[2026-03-30T08:57:05.166+0000] {logging_mixin.py:188} INFO - [2026-03-30T08:57:05.165+0000] {dag.py:3036} INFO - Sync 1 DAGs
[2026-03-30T08:57:05.202+0000] {logging_mixin.py:188} INFO - [2026-03-30T08:57:05.202+0000] {dag.py:3823} INFO - Setting next_dagrun for example_sla_dag to 2026-03-30 08:54:00+00:00, run_after=2026-03-30 08:56:00+00:00
[2026-03-30T08:57:05.242+0000] {processor.py:183} INFO - Processing /home/airflow/.local/lib/python3.8/site-packages/airflow/example_dags/example_sla_dag.py took 0.133 seconds
[2026-03-30T08:57:35.662+0000] {processor.py:161} INFO - Started process (PID=2983) to work on /home/airflow/.local/lib/python3.8/site-packages/airflow/example_dags/example_sla_dag.py
[2026-03-30T08:57:35.665+0000] {processor.py:830} INFO - Processing file /home/airflow/.local/lib/python3.8/site-packages/airflow/example_dags/example_sla_dag.py for tasks to queue
[2026-03-30T08:57:35.670+0000] {logging_mixin.py:188} INFO - [2026-03-30T08:57:35.670+0000] {dagbag.py:538} INFO - Filling up the DagBag from /home/airflow/.local/lib/python3.8/site-packages/airflow/example_dags/example_sla_dag.py
[2026-03-30T08:57:35.693+0000] {processor.py:840} INFO - DAG(s) 'example_sla_dag' retrieved from /home/airflow/.local/lib/python3.8/site-packages/airflow/example_dags/example_sla_dag.py
[2026-03-30T08:57:35.739+0000] {logging_mixin.py:188} INFO - [2026-03-30T08:57:35.738+0000] {dag.py:3036} INFO - Sync 1 DAGs
[2026-03-30T08:57:35.769+0000] {logging_mixin.py:188} INFO - [2026-03-30T08:57:35.769+0000] {dag.py:3823} INFO - Setting next_dagrun for example_sla_dag to 2026-03-30 08:54:00+00:00, run_after=2026-03-30 08:56:00+00:00
[2026-03-30T08:57:35.828+0000] {processor.py:183} INFO - Processing /home/airflow/.local/lib/python3.8/site-packages/airflow/example_dags/example_sla_dag.py took 0.176 seconds
[2026-03-30T08:58:05.946+0000] {processor.py:161} INFO - Started process (PID=3040) to work on /home/airflow/.local/lib/python3.8/site-packages/airflow/example_dags/example_sla_dag.py
[2026-03-30T08:58:05.948+0000] {processor.py:830} INFO - Processing file /home/airflow/.local/lib/python3.8/site-packages/airflow/example_dags/example_sla_dag.py for tasks to queue
[2026-03-30T08:58:05.951+0000] {logging_mixin.py:188} INFO - [2026-03-30T08:58:05.950+0000] {dagbag.py:538} INFO - Filling up the DagBag from /home/airflow/.local/lib/python3.8/site-packages/airflow/example_dags/example_sla_dag.py
[2026-03-30T08:58:05.964+0000] {processor.py:840} INFO - DAG(s) 'example_sla_dag' retrieved from /home/airflow/.local/lib/python3.8/site-packages/airflow/example_dags/example_sla_dag.py
[2026-03-30T08:58:05.986+0000] {logging_mixin.py:188} INFO - [2026-03-30T08:58:05.986+0000] {dag.py:3036} INFO - Sync 1 DAGs
[2026-03-30T08:58:06.016+0000] {logging_mixin.py:188} INFO - [2026-03-30T08:58:06.016+0000] {dag.py:3823} INFO - Setting next_dagrun for example_sla_dag to 2026-03-30 08:56:00+00:00, run_after=2026-03-30 08:58:00+00:00
[2026-03-30T08:58:06.048+0000] {processor.py:183} INFO - Processing /home/airflow/.local/lib/python3.8/site-packages/airflow/example_dags/example_sla_dag.py took 0.107 seconds
[2026-03-30T08:58:36.408+0000] {processor.py:161} INFO - Started process (PID=3097) to work on /home/airflow/.local/lib/python3.8/site-packages/airflow/example_dags/example_sla_dag.py
[2026-03-30T08:58:36.411+0000] {processor.py:830} INFO - Processing file /home/airflow/.local/lib/python3.8/site-packages/airflow/example_dags/example_sla_dag.py for tasks to queue
[2026-03-30T08:58:36.416+0000] {logging_mixin.py:188} INFO - [2026-03-30T08:58:36.415+0000] {dagbag.py:538} INFO - Filling up the DagBag from /home/airflow/.local/lib/python3.8/site-packages/airflow/example_dags/example_sla_dag.py
[2026-03-30T08:58:36.440+0000] {processor.py:840} INFO - DAG(s) 'example_sla_dag' retrieved from /home/airflow/.local/lib/python3.8/site-packages/airflow/example_dags/example_sla_dag.py
[2026-03-30T08:58:36.493+0000] {logging_mixin.py:188} INFO - [2026-03-30T08:58:36.492+0000] {dag.py:3036} INFO - Sync 1 DAGs
[2026-03-30T08:58:36.549+0000] {logging_mixin.py:188} INFO - [2026-03-30T08:58:36.549+0000] {dag.py:3823} INFO - Setting next_dagrun for example_sla_dag to 2026-03-30 08:56:00+00:00, run_after=2026-03-30 08:58:00+00:00
[2026-03-30T08:58:36.578+0000] {processor.py:183} INFO - Processing /home/airflow/.local/lib/python3.8/site-packages/airflow/example_dags/example_sla_dag.py took 0.182 seconds
[2026-03-30T08:59:06.871+0000] {processor.py:161} INFO - Started process (PID=3154) to work on /home/airflow/.local/lib/python3.8/site-packages/airflow/example_dags/example_sla_dag.py
[2026-03-30T08:59:06.873+0000] {processor.py:830} INFO - Processing file /home/airflow/.local/lib/python3.8/site-packages/airflow/example_dags/example_sla_dag.py for tasks to queue
[2026-03-30T08:59:06.875+0000] {logging_mixin.py:188} INFO - [2026-03-30T08:59:06.875+0000] {dagbag.py:538} INFO - Filling up the DagBag from /home/airflow/.local/lib/python3.8/site-packages/airflow/example_dags/example_sla_dag.py
[2026-03-30T08:59:06.885+0000] {processor.py:840} INFO - DAG(s) 'example_sla_dag' retrieved from /home/airflow/.local/lib/python3.8/site-packages/airflow/example_dags/example_sla_dag.py
[2026-03-30T08:59:06.912+0000] {logging_mixin.py:188} INFO - [2026-03-30T08:59:06.911+0000] {dag.py:3036} INFO - Sync 1 DAGs
[2026-03-30T08:59:06.946+0000] {logging_mixin.py:188} INFO - [2026-03-30T08:59:06.946+0000] {dag.py:3823} INFO - Setting next_dagrun for example_sla_dag to 2026-03-30 08:56:00+00:00, run_after=2026-03-30 08:58:00+00:00
[2026-03-30T08:59:06.989+0000] {processor.py:183} INFO - Processing /home/airflow/.local/lib/python3.8/site-packages/airflow/example_dags/example_sla_dag.py took 0.122 seconds
[2026-03-30T08:59:37.490+0000] {processor.py:161} INFO - Started process (PID=3211) to work on /home/airflow/.local/lib/python3.8/site-packages/airflow/example_dags/example_sla_dag.py
[2026-03-30T08:59:37.492+0000] {processor.py:830} INFO - Processing file /home/airflow/.local/lib/python3.8/site-packages/airflow/example_dags/example_sla_dag.py for tasks to queue
[2026-03-30T08:59:37.494+0000] {logging_mixin.py:188} INFO - [2026-03-30T08:59:37.494+0000] {dagbag.py:538} INFO - Filling up the DagBag from /home/airflow/.local/lib/python3.8/site-packages/airflow/example_dags/example_sla_dag.py
[2026-03-30T08:59:37.506+0000] {processor.py:840} INFO - DAG(s) 'example_sla_dag' retrieved from /home/airflow/.local/lib/python3.8/site-packages/airflow/example_dags/example_sla_dag.py
[2026-03-30T08:59:37.533+0000] {logging_mixin.py:188} INFO - [2026-03-30T08:59:37.533+0000] {dag.py:3036} INFO - Sync 1 DAGs
[2026-03-30T08:59:37.570+0000] {logging_mixin.py:188} INFO - [2026-03-30T08:59:37.570+0000] {dag.py:3823} INFO - Setting next_dagrun for example_sla_dag to 2026-03-30 08:56:00+00:00, run_after=2026-03-30 08:58:00+00:00
[2026-03-30T08:59:37.611+0000] {processor.py:183} INFO - Processing /home/airflow/.local/lib/python3.8/site-packages/airflow/example_dags/example_sla_dag.py took 0.126 seconds
[2026-03-30T09:00:08.009+0000] {processor.py:161} INFO - Started process (PID=3268) to work on /home/airflow/.local/lib/python3.8/site-packages/airflow/example_dags/example_sla_dag.py
[2026-03-30T09:00:08.011+0000] {processor.py:830} INFO - Processing file /home/airflow/.local/lib/python3.8/site-packages/airflow/example_dags/example_sla_dag.py for tasks to queue
[2026-03-30T09:00:08.015+0000] {logging_mixin.py:188} INFO - [2026-03-30T09:00:08.015+0000] {dagbag.py:538} INFO - Filling up the DagBag from /home/airflow/.local/lib/python3.8/site-packages/airflow/example_dags/example_sla_dag.py
[2026-03-30T09:00:08.026+0000] {processor.py:840} INFO - DAG(s) 'example_sla_dag' retrieved from /home/airflow/.local/lib/python3.8/site-packages/airflow/example_dags/example_sla_dag.py
[2026-03-30T09:00:08.057+0000] {logging_mixin.py:188} INFO - [2026-03-30T09:00:08.056+0000] {dag.py:3036} INFO - Sync 1 DAGs
[2026-03-30T09:00:08.089+0000] {logging_mixin.py:188} INFO - [2026-03-30T09:00:08.088+0000] {dag.py:3823} INFO - Setting next_dagrun for example_sla_dag to 2026-03-30 08:58:00+00:00, run_after=2026-03-30 09:00:00+00:00
[2026-03-30T09:00:08.119+0000] {processor.py:183} INFO - Processing /home/airflow/.local/lib/python3.8/site-packages/airflow/example_dags/example_sla_dag.py took 0.117 seconds
[2026-03-30T09:00:38.741+0000] {processor.py:161} INFO - Started process (PID=3325) to work on /home/airflow/.local/lib/python3.8/site-packages/airflow/example_dags/example_sla_dag.py
[2026-03-30T09:00:38.743+0000] {processor.py:830} INFO - Processing file /home/airflow/.local/lib/python3.8/site-packages/airflow/example_dags/example_sla_dag.py for tasks to queue
[2026-03-30T09:00:38.746+0000] {logging_mixin.py:188} INFO - [2026-03-30T09:00:38.745+0000] {dagbag.py:538} INFO - Filling up the DagBag from /home/airflow/.local/lib/python3.8/site-packages/airflow/example_dags/example_sla_dag.py
[2026-03-30T09:00:38.757+0000] {processor.py:840} INFO - DAG(s) 'example_sla_dag' retrieved from /home/airflow/.local/lib/python3.8/site-packages/airflow/example_dags/example_sla_dag.py
[2026-03-30T09:00:38.780+0000] {logging_mixin.py:188} INFO - [2026-03-30T09:00:38.780+0000] {dag.py:3036} INFO - Sync 1 DAGs
[2026-03-30T09:00:38.806+0000] {logging_mixin.py:188} INFO - [2026-03-30T09:00:38.806+0000] {dag.py:3823} INFO - Setting next_dagrun for example_sla_dag to 2026-03-30 08:58:00+00:00, run_after=2026-03-30 09:00:00+00:00
[2026-03-30T09:00:38.841+0000] {processor.py:183} INFO - Processing /home/airflow/.local/lib/python3.8/site-packages/airflow/example_dags/example_sla_dag.py took 0.105 seconds
[2026-03-30T09:01:09.739+0000] {processor.py:161} INFO - Started process (PID=3382) to work on /home/airflow/.local/lib/python3.8/site-packages/airflow/example_dags/example_sla_dag.py
[2026-03-30T09:01:09.740+0000] {processor.py:830} INFO - Processing file /home/airflow/.local/lib/python3.8/site-packages/airflow/example_dags/example_sla_dag.py for tasks to queue
[2026-03-30T09:01:09.743+0000] {logging_mixin.py:188} INFO - [2026-03-30T09:01:09.743+0000] {dagbag.py:538} INFO - Filling up the DagBag from /home/airflow/.local/lib/python3.8/site-packages/airflow/example_dags/example_sla_dag.py
[2026-03-30T09:01:09.754+0000] {processor.py:840} INFO - DAG(s) 'example_sla_dag' retrieved from /home/airflow/.local/lib/python3.8/site-packages/airflow/example_dags/example_sla_dag.py
[2026-03-30T09:01:09.776+0000] {logging_mixin.py:188} INFO - [2026-03-30T09:01:09.776+0000] {dag.py:3036} INFO - Sync 1 DAGs
[2026-03-30T09:01:09.812+0000] {logging_mixin.py:188} INFO - [2026-03-30T09:01:09.811+0000] {dag.py:3823} INFO - Setting next_dagrun for example_sla_dag to 2026-03-30 08:58:00+00:00, run_after=2026-03-30 09:00:00+00:00
[2026-03-30T09:01:09.841+0000] {processor.py:183} INFO - Processing /home/airflow/.local/lib/python3.8/site-packages/airflow/example_dags/example_sla_dag.py took 0.106 seconds
[2026-03-30T09:01:39.994+0000] {processor.py:161} INFO - Started process (PID=3439) to work on /home/airflow/.local/lib/python3.8/site-packages/airflow/example_dags/example_sla_dag.py
[2026-03-30T09:01:39.996+0000] {processor.py:830} INFO - Processing file /home/airflow/.local/lib/python3.8/site-packages/airflow/example_dags/example_sla_dag.py for tasks to queue
[2026-03-30T09:01:39.999+0000] {logging_mixin.py:188} INFO - [2026-03-30T09:01:39.999+0000] {dagbag.py:538} INFO - Filling up the DagBag from /home/airflow/.local/lib/python3.8/site-packages/airflow/example_dags/example_sla_dag.py
[2026-03-30T09:01:40.010+0000] {processor.py:840} INFO - DAG(s) 'example_sla_dag' retrieved from /home/airflow/.local/lib/python3.8/site-packages/airflow/example_dags/example_sla_dag.py
[2026-03-30T09:01:40.040+0000] {logging_mixin.py:188} INFO - [2026-03-30T09:01:40.039+0000] {dag.py:3036} INFO - Sync 1 DAGs
[2026-03-30T09:01:40.070+0000] {logging_mixin.py:188} INFO - [2026-03-30T09:01:40.070+0000] {dag.py:3823} INFO - Setting next_dagrun for example_sla_dag to 2026-03-30 08:58:00+00:00, run_after=2026-03-30 09:00:00+00:00
[2026-03-30T09:01:40.109+0000] {processor.py:183} INFO - Processing /home/airflow/.local/lib/python3.8/site-packages/airflow/example_dags/example_sla_dag.py took 0.119 seconds
[2026-03-30T09:02:10.457+0000] {processor.py:161} INFO - Started process (PID=3497) to work on /home/airflow/.local/lib/python3.8/site-packages/airflow/example_dags/example_sla_dag.py
[2026-03-30T09:02:10.459+0000] {processor.py:830} INFO - Processing file /home/airflow/.local/lib/python3.8/site-packages/airflow/example_dags/example_sla_dag.py for tasks to queue
[2026-03-30T09:02:10.462+0000] {logging_mixin.py:188} INFO - [2026-03-30T09:02:10.462+0000] {dagbag.py:538} INFO - Filling up the DagBag from /home/airflow/.local/lib/python3.8/site-packages/airflow/example_dags/example_sla_dag.py
[2026-03-30T09:02:10.474+0000] {processor.py:840} INFO - DAG(s) 'example_sla_dag' retrieved from /home/airflow/.local/lib/python3.8/site-packages/airflow/example_dags/example_sla_dag.py
[2026-03-30T09:02:10.499+0000] {logging_mixin.py:188} INFO - [2026-03-30T09:02:10.499+0000] {dag.py:3036} INFO - Sync 1 DAGs
[2026-03-30T09:02:10.527+0000] {logging_mixin.py:188} INFO - [2026-03-30T09:02:10.527+0000] {dag.py:3823} INFO - Setting next_dagrun for example_sla_dag to 2026-03-30 09:00:00+00:00, run_after=2026-03-30 09:02:00+00:00
[2026-03-30T09:02:10.585+0000] {processor.py:183} INFO - Processing /home/airflow/.local/lib/python3.8/site-packages/airflow/example_dags/example_sla_dag.py took 0.134 seconds
[2026-03-30T09:02:41.057+0000] {processor.py:161} INFO - Started process (PID=3560) to work on /home/airflow/.local/lib/python3.8/site-packages/airflow/example_dags/example_sla_dag.py
[2026-03-30T09:02:41.058+0000] {processor.py:830} INFO - Processing file /home/airflow/.local/lib/python3.8/site-packages/airflow/example_dags/example_sla_dag.py for tasks to queue
[2026-03-30T09:02:41.061+0000] {logging_mixin.py:188} INFO - [2026-03-30T09:02:41.061+0000] {dagbag.py:538} INFO - Filling up the DagBag from /home/airflow/.local/lib/python3.8/site-packages/airflow/example_dags/example_sla_dag.py
[2026-03-30T09:02:41.074+0000] {processor.py:840} INFO - DAG(s) 'example_sla_dag' retrieved from /home/airflow/.local/lib/python3.8/site-packages/airflow/example_dags/example_sla_dag.py
[2026-03-30T09:02:41.105+0000] {logging_mixin.py:188} INFO - [2026-03-30T09:02:41.104+0000] {dag.py:3036} INFO - Sync 1 DAGs
[2026-03-30T09:02:41.153+0000] {logging_mixin.py:188} INFO - [2026-03-30T09:02:41.152+0000] {dag.py:3823} INFO - Setting next_dagrun for example_sla_dag to 2026-03-30 09:00:00+00:00, run_after=2026-03-30 09:02:00+00:00
[2026-03-30T09:02:41.215+0000] {processor.py:183} INFO - Processing /home/airflow/.local/lib/python3.8/site-packages/airflow/example_dags/example_sla_dag.py took 0.164 seconds
[2026-03-30T09:03:12.029+0000] {processor.py:161} INFO - Started process (PID=3617) to work on /home/airflow/.local/lib/python3.8/site-packages/airflow/example_dags/example_sla_dag.py
[2026-03-30T09:03:12.031+0000] {processor.py:830} INFO - Processing file /home/airflow/.local/lib/python3.8/site-packages/airflow/example_dags/example_sla_dag.py for tasks to queue
[2026-03-30T09:03:12.035+0000] {logging_mixin.py:188} INFO - [2026-03-30T09:03:12.034+0000] {dagbag.py:538} INFO - Filling up the DagBag from /home/airflow/.local/lib/python3.8/site-packages/airflow/example_dags/example_sla_dag.py
[2026-03-30T09:03:12.056+0000] {processor.py:840} INFO - DAG(s) 'example_sla_dag' retrieved from /home/airflow/.local/lib/python3.8/site-packages/airflow/example_dags/example_sla_dag.py
[2026-03-30T09:03:12.091+0000] {logging_mixin.py:188} INFO - [2026-03-30T09:03:12.091+0000] {dag.py:3036} INFO - Sync 1 DAGs
[2026-03-30T09:03:12.136+0000] {logging_mixin.py:188} INFO - [2026-03-30T09:03:12.136+0000] {dag.py:3823} INFO - Setting next_dagrun for example_sla_dag to 2026-03-30 09:00:00+00:00, run_after=2026-03-30 09:02:00+00:00
[2026-03-30T09:03:12.166+0000] {processor.py:183} INFO - Processing /home/airflow/.local/lib/python3.8/site-packages/airflow/example_dags/example_sla_dag.py took 0.145 seconds
[2026-03-30T09:03:42.662+0000] {processor.py:161} INFO - Started process (PID=3674) to work on /home/airflow/.local/lib/python3.8/site-packages/airflow/example_dags/example_sla_dag.py
[2026-03-30T09:03:42.665+0000] {processor.py:830} INFO - Processing file /home/airflow/.local/lib/python3.8/site-packages/airflow/example_dags/example_sla_dag.py for tasks to queue
[2026-03-30T09:03:42.671+0000] {logging_mixin.py:188} INFO - [2026-03-30T09:03:42.670+0000] {dagbag.py:538} INFO - Filling up the DagBag from /home/airflow/.local/lib/python3.8/site-packages/airflow/example_dags/example_sla_dag.py
[2026-03-30T09:03:42.706+0000] {processor.py:840} INFO - DAG(s) 'example_sla_dag' retrieved from /home/airflow/.local/lib/python3.8/site-packages/airflow/example_dags/example_sla_dag.py
[2026-03-30T09:03:42.765+0000] {logging_mixin.py:188} INFO - [2026-03-30T09:03:42.765+0000] {dag.py:3036} INFO - Sync 1 DAGs
[2026-03-30T09:03:42.808+0000] {logging_mixin.py:188} INFO - [2026-03-30T09:03:42.808+0000] {dag.py:3823} INFO - Setting next_dagrun for example_sla_dag to 2026-03-30 09:00:00+00:00, run_after=2026-03-30 09:02:00+00:00
[2026-03-30T09:03:42.884+0000] {processor.py:183} INFO - Processing /home/airflow/.local/lib/python3.8/site-packages/airflow/example_dags/example_sla_dag.py took 0.230 seconds
[2026-03-30T09:04:13.783+0000] {processor.py:161} INFO - Started process (PID=3731) to work on /home/airflow/.local/lib/python3.8/site-packages/airflow/example_dags/example_sla_dag.py
[2026-03-30T09:04:13.787+0000] {processor.py:830} INFO - Processing file /home/airflow/.local/lib/python3.8/site-packages/airflow/example_dags/example_sla_dag.py for tasks to queue
[2026-03-30T09:04:13.793+0000] {logging_mixin.py:188} INFO - [2026-03-30T09:04:13.792+0000] {dagbag.py:538} INFO - Filling up the DagBag from /home/airflow/.local/lib/python3.8/site-packages/airflow/example_dags/example_sla_dag.py
[2026-03-30T09:04:13.812+0000] {processor.py:840} INFO - DAG(s) 'example_sla_dag' retrieved from /home/airflow/.local/lib/python3.8/site-packages/airflow/example_dags/example_sla_dag.py
[2026-03-30T09:04:13.841+0000] {logging_mixin.py:188} INFO - [2026-03-30T09:04:13.841+0000] {dag.py:3036} INFO - Sync 1 DAGs
[2026-03-30T09:04:13.875+0000] {logging_mixin.py:188} INFO - [2026-03-30T09:04:13.875+0000] {dag.py:3823} INFO - Setting next_dagrun for example_sla_dag to 2026-03-30 09:02:00+00:00, run_after=2026-03-30 09:04:00+00:00
[2026-03-30T09:04:13.906+0000] {processor.py:183} INFO - Processing /home/airflow/.local/lib/python3.8/site-packages/airflow/example_dags/example_sla_dag.py took 0.132 seconds
[2026-03-30T09:04:44.332+0000] {processor.py:161} INFO - Started process (PID=3788) to work on /home/airflow/.local/lib/python3.8/site-packages/airflow/example_dags/example_sla_dag.py
[2026-03-30T09:04:44.333+0000] {processor.py:830} INFO - Processing file /home/airflow/.local/lib/python3.8/site-packages/airflow/example_dags/example_sla_dag.py for tasks to queue
[2026-03-30T09:04:44.337+0000] {logging_mixin.py:188} INFO - [2026-03-30T09:04:44.336+0000] {dagbag.py:538} INFO - Filling up the DagBag from /home/airflow/.local/lib/python3.8/site-packages/airflow/example_dags/example_sla_dag.py
[2026-03-30T09:04:44.349+0000] {processor.py:840} INFO - DAG(s) 'example_sla_dag' retrieved from /home/airflow/.local/lib/python3.8/site-packages/airflow/example_dags/example_sla_dag.py
[2026-03-30T09:04:44.376+0000] {logging_mixin.py:188} INFO - [2026-03-30T09:04:44.375+0000] {dag.py:3036} INFO - Sync 1 DAGs
[2026-03-30T09:04:44.405+0000] {logging_mixin.py:188} INFO - [2026-03-30T09:04:44.405+0000] {dag.py:3823} INFO - Setting next_dagrun for example_sla_dag to 2026-03-30 09:02:00+00:00, run_after=2026-03-30 09:04:00+00:00
[2026-03-30T09:04:44.434+0000] {processor.py:183} INFO - Processing /home/airflow/.local/lib/python3.8/site-packages/airflow/example_dags/example_sla_dag.py took 0.106 seconds
[2026-03-30T09:05:15.028+0000] {processor.py:161} INFO - Started process (PID=3845) to work on /home/airflow/.local/lib/python3.8/site-packages/airflow/example_dags/example_sla_dag.py
[2026-03-30T09:05:15.030+0000] {processor.py:830} INFO - Processing file /home/airflow/.local/lib/python3.8/site-packages/airflow/example_dags/example_sla_dag.py for tasks to queue
[2026-03-30T09:05:15.032+0000] {logging_mixin.py:188} INFO - [2026-03-30T09:05:15.032+0000] {dagbag.py:538} INFO - Filling up the DagBag from /home/airflow/.local/lib/python3.8/site-packages/airflow/example_dags/example_sla_dag.py
[2026-03-30T09:05:15.045+0000] {processor.py:840} INFO - DAG(s) 'example_sla_dag' retrieved from /home/airflow/.local/lib/python3.8/site-packages/airflow/example_dags/example_sla_dag.py
[2026-03-30T09:05:15.075+0000] {logging_mixin.py:188} INFO - [2026-03-30T09:05:15.074+0000] {dag.py:3036} INFO - Sync 1 DAGs
[2026-03-30T09:05:15.125+0000] {logging_mixin.py:188} INFO - [2026-03-30T09:05:15.125+0000] {dag.py:3823} INFO - Setting next_dagrun for example_sla_dag to 2026-03-30 09:02:00+00:00, run_after=2026-03-30 09:04:00+00:00
[2026-03-30T09:05:15.169+0000] {processor.py:183} INFO - Processing /home/airflow/.local/lib/python3.8/site-packages/airflow/example_dags/example_sla_dag.py took 0.145 seconds
[2026-03-30T09:05:45.359+0000] {processor.py:161} INFO - Started process (PID=3902) to work on /home/airflow/.local/lib/python3.8/site-packages/airflow/example_dags/example_sla_dag.py
[2026-03-30T09:05:45.361+0000] {processor.py:830} INFO - Processing file /home/airflow/.local/lib/python3.8/site-packages/airflow/example_dags/example_sla_dag.py for tasks to queue
[2026-03-30T09:05:45.364+0000] {logging_mixin.py:188} INFO - [2026-03-30T09:05:45.364+0000] {dagbag.py:538} INFO - Filling up the DagBag from /home/airflow/.local/lib/python3.8/site-packages/airflow/example_dags/example_sla_dag.py
[2026-03-30T09:05:45.376+0000] {processor.py:840} INFO - DAG(s) 'example_sla_dag' retrieved from /home/airflow/.local/lib/python3.8/site-packages/airflow/example_dags/example_sla_dag.py
[2026-03-30T09:05:45.403+0000] {logging_mixin.py:188} INFO - [2026-03-30T09:05:45.402+0000] {dag.py:3036} INFO - Sync 1 DAGs
[2026-03-30T09:05:45.439+0000] {logging_mixin.py:188} INFO - [2026-03-30T09:05:45.438+0000] {dag.py:3823} INFO - Setting next_dagrun for example_sla_dag to 2026-03-30 09:02:00+00:00, run_after=2026-03-30 09:04:00+00:00
[2026-03-30T09:05:45.480+0000] {processor.py:183} INFO - Processing /home/airflow/.local/lib/python3.8/site-packages/airflow/example_dags/example_sla_dag.py took 0.127 seconds
[2026-03-30T09:06:15.690+0000] {processor.py:161} INFO - Started process (PID=3959) to work on /home/airflow/.local/lib/python3.8/site-packages/airflow/example_dags/example_sla_dag.py
[2026-03-30T09:06:15.692+0000] {processor.py:830} INFO - Processing file /home/airflow/.local/lib/python3.8/site-packages/airflow/example_dags/example_sla_dag.py for tasks to queue
[2026-03-30T09:06:15.695+0000] {logging_mixin.py:188} INFO - [2026-03-30T09:06:15.695+0000] {dagbag.py:538} INFO - Filling up the DagBag from /home/airflow/.local/lib/python3.8/site-packages/airflow/example_dags/example_sla_dag.py
[2026-03-30T09:06:15.707+0000] {processor.py:840} INFO - DAG(s) 'example_sla_dag' retrieved from /home/airflow/.local/lib/python3.8/site-packages/airflow/example_dags/example_sla_dag.py
[2026-03-30T09:06:15.736+0000] {logging_mixin.py:188} INFO - [2026-03-30T09:06:15.736+0000] {dag.py:3036} INFO - Sync 1 DAGs
[2026-03-30T09:06:15.769+0000] {logging_mixin.py:188} INFO - [2026-03-30T09:06:15.769+0000] {dag.py:3823} INFO - Setting next_dagrun for example_sla_dag to 2026-03-30 09:04:00+00:00, run_after=2026-03-30 09:06:00+00:00
[2026-03-30T09:06:15.793+0000] {processor.py:183} INFO - Processing /home/airflow/.local/lib/python3.8/site-packages/airflow/example_dags/example_sla_dag.py took 0.109 seconds
[2026-03-30T09:06:46.257+0000] {processor.py:161} INFO - Started process (PID=4016) to work on /home/airflow/.local/lib/python3.8/site-packages/airflow/example_dags/example_sla_dag.py
[2026-03-30T09:06:46.259+0000] {processor.py:830} INFO - Processing file /home/airflow/.local/lib/python3.8/site-packages/airflow/example_dags/example_sla_dag.py for tasks to queue
[2026-03-30T09:06:46.262+0000] {logging_mixin.py:188} INFO - [2026-03-30T09:06:46.262+0000] {dagbag.py:538} INFO - Filling up the DagBag from /home/airflow/.local/lib/python3.8/site-packages/airflow/example_dags/example_sla_dag.py
[2026-03-30T09:06:46.278+0000] {processor.py:840} INFO - DAG(s) 'example_sla_dag' retrieved from /home/airflow/.local/lib/python3.8/site-packages/airflow/example_dags/example_sla_dag.py
[2026-03-30T09:06:46.308+0000] {logging_mixin.py:188} INFO - [2026-03-30T09:06:46.308+0000] {dag.py:3036} INFO - Sync 1 DAGs
[2026-03-30T09:06:46.342+0000] {logging_mixin.py:188} INFO - [2026-03-30T09:06:46.342+0000] {dag.py:3823} INFO - Setting next_dagrun for example_sla_dag to 2026-03-30 09:04:00+00:00, run_after=2026-03-30 09:06:00+00:00
[2026-03-30T09:06:46.370+0000] {processor.py:183} INFO - Processing /home/airflow/.local/lib/python3.8/site-packages/airflow/example_dags/example_sla_dag.py took 0.117 seconds
[2026-03-30T09:07:16.523+0000] {processor.py:161} INFO - Started process (PID=4073) to work on /home/airflow/.local/lib/python3.8/site-packages/airflow/example_dags/example_sla_dag.py
[2026-03-30T09:07:16.525+0000] {processor.py:830} INFO - Processing file /home/airflow/.local/lib/python3.8/site-packages/airflow/example_dags/example_sla_dag.py for tasks to queue
[2026-03-30T09:07:16.528+0000] {logging_mixin.py:188} INFO - [2026-03-30T09:07:16.528+0000] {dagbag.py:538} INFO - Filling up the DagBag from /home/airflow/.local/lib/python3.8/site-packages/airflow/example_dags/example_sla_dag.py
[2026-03-30T09:07:16.540+0000] {processor.py:840} INFO - DAG(s) 'example_sla_dag' retrieved from /home/airflow/.local/lib/python3.8/site-packages/airflow/example_dags/example_sla_dag.py
[2026-03-30T09:07:16.567+0000] {logging_mixin.py:188} INFO - [2026-03-30T09:07:16.567+0000] {dag.py:3036} INFO - Sync 1 DAGs
[2026-03-30T09:07:16.597+0000] {logging_mixin.py:188} INFO - [2026-03-30T09:07:16.597+0000] {dag.py:3823} INFO - Setting next_dagrun for example_sla_dag to 2026-03-30 09:04:00+00:00, run_after=2026-03-30 09:06:00+00:00
[2026-03-30T09:07:16.622+0000] {processor.py:183} INFO - Processing /home/airflow/.local/lib/python3.8/site-packages/airflow/example_dags/example_sla_dag.py took 0.106 seconds
[2026-03-30T09:07:46.779+0000] {processor.py:161} INFO - Started process (PID=4130) to work on /home/airflow/.local/lib/python3.8/site-packages/airflow/example_dags/example_sla_dag.py
[2026-03-30T09:07:46.780+0000] {processor.py:830} INFO - Processing file /home/airflow/.local/lib/python3.8/site-packages/airflow/example_dags/example_sla_dag.py for tasks to queue
[2026-03-30T09:07:46.783+0000] {logging_mixin.py:188} INFO - [2026-03-30T09:07:46.783+0000] {dagbag.py:538} INFO - Filling up the DagBag from /home/airflow/.local/lib/python3.8/site-packages/airflow/example_dags/example_sla_dag.py
[2026-03-30T09:07:46.795+0000] {processor.py:840} INFO - DAG(s) 'example_sla_dag' retrieved from /home/airflow/.local/lib/python3.8/site-packages/airflow/example_dags/example_sla_dag.py
[2026-03-30T09:07:46.824+0000] {logging_mixin.py:188} INFO - [2026-03-30T09:07:46.823+0000] {dag.py:3036} INFO - Sync 1 DAGs
[2026-03-30T09:07:46.859+0000] {logging_mixin.py:188} INFO - [2026-03-30T09:07:46.859+0000] {dag.py:3823} INFO - Setting next_dagrun for example_sla_dag to 2026-03-30 09:04:00+00:00, run_after=2026-03-30 09:06:00+00:00
[2026-03-30T09:07:46.884+0000] {processor.py:183} INFO - Processing /home/airflow/.local/lib/python3.8/site-packages/airflow/example_dags/example_sla_dag.py took 0.110 seconds
[2026-03-30T09:08:17.602+0000] {processor.py:161} INFO - Started process (PID=4187) to work on /home/airflow/.local/lib/python3.8/site-packages/airflow/example_dags/example_sla_dag.py
[2026-03-30T09:08:17.603+0000] {processor.py:830} INFO - Processing file /home/airflow/.local/lib/python3.8/site-packages/airflow/example_dags/example_sla_dag.py for tasks to queue
[2026-03-30T09:08:17.607+0000] {logging_mixin.py:188} INFO - [2026-03-30T09:08:17.606+0000] {dagbag.py:538} INFO - Filling up the DagBag from /home/airflow/.local/lib/python3.8/site-packages/airflow/example_dags/example_sla_dag.py
[2026-03-30T09:08:17.619+0000] {processor.py:840} INFO - DAG(s) 'example_sla_dag' retrieved from /home/airflow/.local/lib/python3.8/site-packages/airflow/example_dags/example_sla_dag.py
[2026-03-30T09:08:17.648+0000] {logging_mixin.py:188} INFO - [2026-03-30T09:08:17.648+0000] {dag.py:3036} INFO - Sync 1 DAGs
[2026-03-30T09:08:17.680+0000] {logging_mixin.py:188} INFO - [2026-03-30T09:08:17.679+0000] {dag.py:3823} INFO - Setting next_dagrun for example_sla_dag to 2026-03-30 09:06:00+00:00, run_after=2026-03-30 09:08:00+00:00
[2026-03-30T09:08:17.706+0000] {processor.py:183} INFO - Processing /home/airflow/.local/lib/python3.8/site-packages/airflow/example_dags/example_sla_dag.py took 0.110 seconds
[2026-03-30T09:08:48.095+0000] {processor.py:161} INFO - Started process (PID=4244) to work on /home/airflow/.local/lib/python3.8/site-packages/airflow/example_dags/example_sla_dag.py
[2026-03-30T09:08:48.097+0000] {processor.py:830} INFO - Processing file /home/airflow/.local/lib/python3.8/site-packages/airflow/example_dags/example_sla_dag.py for tasks to queue
[2026-03-30T09:08:48.100+0000] {logging_mixin.py:188} INFO - [2026-03-30T09:08:48.100+0000] {dagbag.py:538} INFO - Filling up the DagBag from /home/airflow/.local/lib/python3.8/site-packages/airflow/example_dags/example_sla_dag.py
[2026-03-30T09:08:48.112+0000] {processor.py:840} INFO - DAG(s) 'example_sla_dag' retrieved from /home/airflow/.local/lib/python3.8/site-packages/airflow/example_dags/example_sla_dag.py
[2026-03-30T09:08:48.138+0000] {logging_mixin.py:188} INFO - [2026-03-30T09:08:48.138+0000] {dag.py:3036} INFO - Sync 1 DAGs
[2026-03-30T09:08:48.166+0000] {logging_mixin.py:188} INFO - [2026-03-30T09:08:48.165+0000] {dag.py:3823} INFO - Setting next_dagrun for example_sla_dag to 2026-03-30 09:06:00+00:00, run_after=2026-03-30 09:08:00+00:00
[2026-03-30T09:08:48.191+0000] {processor.py:183} INFO - Processing /home/airflow/.local/lib/python3.8/site-packages/airflow/example_dags/example_sla_dag.py took 0.104 seconds
[2026-03-30T09:09:18.508+0000] {processor.py:161} INFO - Started process (PID=4301) to work on /home/airflow/.local/lib/python3.8/site-packages/airflow/example_dags/example_sla_dag.py
[2026-03-30T09:09:18.509+0000] {processor.py:830} INFO - Processing file /home/airflow/.local/lib/python3.8/site-packages/airflow/example_dags/example_sla_dag.py for tasks to queue
[2026-03-30T09:09:18.514+0000] {logging_mixin.py:188} INFO - [2026-03-30T09:09:18.513+0000] {dagbag.py:538} INFO - Filling up the DagBag from /home/airflow/.local/lib/python3.8/site-packages/airflow/example_dags/example_sla_dag.py
[2026-03-30T09:09:18.532+0000] {processor.py:840} INFO - DAG(s) 'example_sla_dag' retrieved from /home/airflow/.local/lib/python3.8/site-packages/airflow/example_dags/example_sla_dag.py
[2026-03-30T09:09:18.575+0000] {logging_mixin.py:188} INFO - [2026-03-30T09:09:18.574+0000] {dag.py:3036} INFO - Sync 1 DAGs
[2026-03-30T09:09:18.609+0000] {logging_mixin.py:188} INFO - [2026-03-30T09:09:18.609+0000] {dag.py:3823} INFO - Setting next_dagrun for example_sla_dag to 2026-03-30 09:06:00+00:00, run_after=2026-03-30 09:08:00+00:00
[2026-03-30T09:09:18.640+0000] {processor.py:183} INFO - Processing /home/airflow/.local/lib/python3.8/site-packages/airflow/example_dags/example_sla_dag.py took 0.139 seconds
[2026-03-30T09:09:48.767+0000] {processor.py:161} INFO - Started process (PID=4358) to work on /home/airflow/.local/lib/python3.8/site-packages/airflow/example_dags/example_sla_dag.py
[2026-03-30T09:09:48.770+0000] {processor.py:830} INFO - Processing file /home/airflow/.local/lib/python3.8/site-packages/airflow/example_dags/example_sla_dag.py for tasks to queue
[2026-03-30T09:09:48.774+0000] {logging_mixin.py:188} INFO - [2026-03-30T09:09:48.774+0000] {dagbag.py:538} INFO - Filling up the DagBag from /home/airflow/.local/lib/python3.8/site-packages/airflow/example_dags/example_sla_dag.py
[2026-03-30T09:09:48.791+0000] {processor.py:840} INFO - DAG(s) 'example_sla_dag' retrieved from /home/airflow/.local/lib/python3.8/site-packages/airflow/example_dags/example_sla_dag.py
[2026-03-30T09:09:48.820+0000] {logging_mixin.py:188} INFO - [2026-03-30T09:09:48.820+0000] {dag.py:3036} INFO - Sync 1 DAGs
[2026-03-30T09:09:48.851+0000] {logging_mixin.py:188} INFO - [2026-03-30T09:09:48.851+0000] {dag.py:3823} INFO - Setting next_dagrun for example_sla_dag to 2026-03-30 09:06:00+00:00, run_after=2026-03-30 09:08:00+00:00
[2026-03-30T09:09:48.878+0000] {processor.py:183} INFO - Processing /home/airflow/.local/lib/python3.8/site-packages/airflow/example_dags/example_sla_dag.py took 0.119 seconds
[2026-03-30T09:10:19.034+0000] {processor.py:161} INFO - Started process (PID=4415) to work on /home/airflow/.local/lib/python3.8/site-packages/airflow/example_dags/example_sla_dag.py
[2026-03-30T09:10:19.036+0000] {processor.py:830} INFO - Processing file /home/airflow/.local/lib/python3.8/site-packages/airflow/example_dags/example_sla_dag.py for tasks to queue
[2026-03-30T09:10:19.039+0000] {logging_mixin.py:188} INFO - [2026-03-30T09:10:19.038+0000] {dagbag.py:538} INFO - Filling up the DagBag from /home/airflow/.local/lib/python3.8/site-packages/airflow/example_dags/example_sla_dag.py
[2026-03-30T09:10:19.053+0000] {processor.py:840} INFO - DAG(s) 'example_sla_dag' retrieved from /home/airflow/.local/lib/python3.8/site-packages/airflow/example_dags/example_sla_dag.py
[2026-03-30T09:10:19.078+0000] {logging_mixin.py:188} INFO - [2026-03-30T09:10:19.078+0000] {dag.py:3036} INFO - Sync 1 DAGs
[2026-03-30T09:10:19.107+0000] {logging_mixin.py:188} INFO - [2026-03-30T09:10:19.107+0000] {dag.py:3823} INFO - Setting next_dagrun for example_sla_dag to 2026-03-30 09:08:00+00:00, run_after=2026-03-30 09:10:00+00:00
[2026-03-30T09:10:19.132+0000] {processor.py:183} INFO - Processing /home/airflow/.local/lib/python3.8/site-packages/airflow/example_dags/example_sla_dag.py took 0.106 seconds
[2026-03-30T09:10:49.599+0000] {processor.py:161} INFO - Started process (PID=4472) to work on /home/airflow/.local/lib/python3.8/site-packages/airflow/example_dags/example_sla_dag.py
[2026-03-30T09:10:49.601+0000] {processor.py:830} INFO - Processing file /home/airflow/.local/lib/python3.8/site-packages/airflow/example_dags/example_sla_dag.py for tasks to queue
[2026-03-30T09:10:49.604+0000] {logging_mixin.py:188} INFO - [2026-03-30T09:10:49.603+0000] {dagbag.py:538} INFO - Filling up the DagBag from /home/airflow/.local/lib/python3.8/site-packages/airflow/example_dags/example_sla_dag.py
[2026-03-30T09:10:49.622+0000] {processor.py:840} INFO - DAG(s) 'example_sla_dag' retrieved from /home/airflow/.local/lib/python3.8/site-packages/airflow/example_dags/example_sla_dag.py
[2026-03-30T09:10:49.664+0000] {logging_mixin.py:188} INFO - [2026-03-30T09:10:49.664+0000] {dag.py:3036} INFO - Sync 1 DAGs
[2026-03-30T09:10:49.699+0000] {logging_mixin.py:188} INFO - [2026-03-30T09:10:49.698+0000] {dag.py:3823} INFO - Setting next_dagrun for example_sla_dag to 2026-03-30 09:08:00+00:00, run_after=2026-03-30 09:10:00+00:00
[2026-03-30T09:10:49.724+0000] {processor.py:183} INFO - Processing /home/airflow/.local/lib/python3.8/site-packages/airflow/example_dags/example_sla_dag.py took 0.131 seconds
[2026-03-30T09:11:20.196+0000] {processor.py:161} INFO - Started process (PID=4529) to work on /home/airflow/.local/lib/python3.8/site-packages/airflow/example_dags/example_sla_dag.py
[2026-03-30T09:11:20.198+0000] {processor.py:830} INFO - Processing file /home/airflow/.local/lib/python3.8/site-packages/airflow/example_dags/example_sla_dag.py for tasks to queue
[2026-03-30T09:11:20.200+0000] {logging_mixin.py:188} INFO - [2026-03-30T09:11:20.200+0000] {dagbag.py:538} INFO - Filling up the DagBag from /home/airflow/.local/lib/python3.8/site-packages/airflow/example_dags/example_sla_dag.py
[2026-03-30T09:11:20.219+0000] {processor.py:840} INFO - DAG(s) 'example_sla_dag' retrieved from /home/airflow/.local/lib/python3.8/site-packages/airflow/example_dags/example_sla_dag.py
[2026-03-30T09:11:20.255+0000] {logging_mixin.py:188} INFO - [2026-03-30T09:11:20.255+0000] {dag.py:3036} INFO - Sync 1 DAGs
[2026-03-30T09:11:20.297+0000] {logging_mixin.py:188} INFO - [2026-03-30T09:11:20.296+0000] {dag.py:3823} INFO - Setting next_dagrun for example_sla_dag to 2026-03-30 09:08:00+00:00, run_after=2026-03-30 09:10:00+00:00
[2026-03-30T09:11:20.327+0000] {processor.py:183} INFO - Processing /home/airflow/.local/lib/python3.8/site-packages/airflow/example_dags/example_sla_dag.py took 0.136 seconds
[2026-03-30T09:11:50.738+0000] {processor.py:161} INFO - Started process (PID=4586) to work on /home/airflow/.local/lib/python3.8/site-packages/airflow/example_dags/example_sla_dag.py
[2026-03-30T09:11:50.741+0000] {processor.py:830} INFO - Processing file /home/airflow/.local/lib/python3.8/site-packages/airflow/example_dags/example_sla_dag.py for tasks to queue
[2026-03-30T09:11:50.748+0000] {logging_mixin.py:188} INFO - [2026-03-30T09:11:50.747+0000] {dagbag.py:538} INFO - Filling up the DagBag from /home/airflow/.local/lib/python3.8/site-packages/airflow/example_dags/example_sla_dag.py
[2026-03-30T09:11:50.774+0000] {processor.py:840} INFO - DAG(s) 'example_sla_dag' retrieved from /home/airflow/.local/lib/python3.8/site-packages/airflow/example_dags/example_sla_dag.py
[2026-03-30T09:11:50.819+0000] {logging_mixin.py:188} INFO - [2026-03-30T09:11:50.819+0000] {dag.py:3036} INFO - Sync 1 DAGs
[2026-03-30T09:11:50.855+0000] {logging_mixin.py:188} INFO - [2026-03-30T09:11:50.855+0000] {dag.py:3823} INFO - Setting next_dagrun for example_sla_dag to 2026-03-30 09:08:00+00:00, run_after=2026-03-30 09:10:00+00:00
[2026-03-30T09:11:50.883+0000] {processor.py:183} INFO - Processing /home/airflow/.local/lib/python3.8/site-packages/airflow/example_dags/example_sla_dag.py took 0.154 seconds
[2026-03-30T09:12:21.206+0000] {processor.py:161} INFO - Started process (PID=4643) to work on /home/airflow/.local/lib/python3.8/site-packages/airflow/example_dags/example_sla_dag.py
[2026-03-30T09:12:21.208+0000] {processor.py:830} INFO - Processing file /home/airflow/.local/lib/python3.8/site-packages/airflow/example_dags/example_sla_dag.py for tasks to queue
[2026-03-30T09:12:21.210+0000] {logging_mixin.py:188} INFO - [2026-03-30T09:12:21.210+0000] {dagbag.py:538} INFO - Filling up the DagBag from /home/airflow/.local/lib/python3.8/site-packages/airflow/example_dags/example_sla_dag.py
[2026-03-30T09:12:21.222+0000] {processor.py:840} INFO - DAG(s) 'example_sla_dag' retrieved from /home/airflow/.local/lib/python3.8/site-packages/airflow/example_dags/example_sla_dag.py
[2026-03-30T09:12:21.251+0000] {logging_mixin.py:188} INFO - [2026-03-30T09:12:21.251+0000] {dag.py:3036} INFO - Sync 1 DAGs
[2026-03-30T09:12:21.281+0000] {logging_mixin.py:188} INFO - [2026-03-30T09:12:21.281+0000] {dag.py:3823} INFO - Setting next_dagrun for example_sla_dag to 2026-03-30 09:10:00+00:00, run_after=2026-03-30 09:12:00+00:00
[2026-03-30T09:12:21.307+0000] {processor.py:183} INFO - Processing /home/airflow/.local/lib/python3.8/site-packages/airflow/example_dags/example_sla_dag.py took 0.109 seconds
[2026-03-30T09:12:51.673+0000] {processor.py:161} INFO - Started process (PID=4700) to work on /home/airflow/.local/lib/python3.8/site-packages/airflow/example_dags/example_sla_dag.py
[2026-03-30T09:12:51.675+0000] {processor.py:830} INFO - Processing file /home/airflow/.local/lib/python3.8/site-packages/airflow/example_dags/example_sla_dag.py for tasks to queue
[2026-03-30T09:12:51.678+0000] {logging_mixin.py:188} INFO - [2026-03-30T09:12:51.678+0000] {dagbag.py:538} INFO - Filling up the DagBag from /home/airflow/.local/lib/python3.8/site-packages/airflow/example_dags/example_sla_dag.py
[2026-03-30T09:12:51.690+0000] {processor.py:840} INFO - DAG(s) 'example_sla_dag' retrieved from /home/airflow/.local/lib/python3.8/site-packages/airflow/example_dags/example_sla_dag.py
[2026-03-30T09:12:51.717+0000] {logging_mixin.py:188} INFO - [2026-03-30T09:12:51.717+0000] {dag.py:3036} INFO - Sync 1 DAGs
[2026-03-30T09:12:51.748+0000] {logging_mixin.py:188} INFO - [2026-03-30T09:12:51.748+0000] {dag.py:3823} INFO - Setting next_dagrun for example_sla_dag to 2026-03-30 09:10:00+00:00, run_after=2026-03-30 09:12:00+00:00
[2026-03-30T09:12:51.773+0000] {processor.py:183} INFO - Processing /home/airflow/.local/lib/python3.8/site-packages/airflow/example_dags/example_sla_dag.py took 0.106 seconds
[2026-03-30T09:13:21.862+0000] {processor.py:161} INFO - Started process (PID=4757) to work on /home/airflow/.local/lib/python3.8/site-packages/airflow/example_dags/example_sla_dag.py
[2026-03-30T09:13:21.866+0000] {processor.py:830} INFO - Processing file /home/airflow/.local/lib/python3.8/site-packages/airflow/example_dags/example_sla_dag.py for tasks to queue
[2026-03-30T09:13:21.870+0000] {logging_mixin.py:188} INFO - [2026-03-30T09:13:21.870+0000] {dagbag.py:538} INFO - Filling up the DagBag from /home/airflow/.local/lib/python3.8/site-packages/airflow/example_dags/example_sla_dag.py
[2026-03-30T09:13:21.887+0000] {processor.py:840} INFO - DAG(s) 'example_sla_dag' retrieved from /home/airflow/.local/lib/python3.8/site-packages/airflow/example_dags/example_sla_dag.py
[2026-03-30T09:13:21.935+0000] {logging_mixin.py:188} INFO - [2026-03-30T09:13:21.934+0000] {dag.py:3036} INFO - Sync 1 DAGs
[2026-03-30T09:13:21.991+0000] {logging_mixin.py:188} INFO - [2026-03-30T09:13:21.990+0000] {dag.py:3823} INFO - Setting next_dagrun for example_sla_dag to 2026-03-30 09:10:00+00:00, run_after=2026-03-30 09:12:00+00:00
[2026-03-30T09:13:22.069+0000] {processor.py:183} INFO - Processing /home/airflow/.local/lib/python3.8/site-packages/airflow/example_dags/example_sla_dag.py took 0.216 seconds
[2026-03-30T09:13:52.406+0000] {processor.py:161} INFO - Started process (PID=4814) to work on /home/airflow/.local/lib/python3.8/site-packages/airflow/example_dags/example_sla_dag.py
[2026-03-30T09:13:52.408+0000] {processor.py:830} INFO - Processing file /home/airflow/.local/lib/python3.8/site-packages/airflow/example_dags/example_sla_dag.py for tasks to queue
[2026-03-30T09:13:52.411+0000] {logging_mixin.py:188} INFO - [2026-03-30T09:13:52.411+0000] {dagbag.py:538} INFO - Filling up the DagBag from /home/airflow/.local/lib/python3.8/site-packages/airflow/example_dags/example_sla_dag.py
[2026-03-30T09:13:52.424+0000] {processor.py:840} INFO - DAG(s) 'example_sla_dag' retrieved from /home/airflow/.local/lib/python3.8/site-packages/airflow/example_dags/example_sla_dag.py
[2026-03-30T09:13:52.452+0000] {logging_mixin.py:188} INFO - [2026-03-30T09:13:52.451+0000] {dag.py:3036} INFO - Sync 1 DAGs
[2026-03-30T09:13:52.480+0000] {logging_mixin.py:188} INFO - [2026-03-30T09:13:52.480+0000] {dag.py:3823} INFO - Setting next_dagrun for example_sla_dag to 2026-03-30 09:10:00+00:00, run_after=2026-03-30 09:12:00+00:00
[2026-03-30T09:13:52.505+0000] {processor.py:183} INFO - Processing /home/airflow/.local/lib/python3.8/site-packages/airflow/example_dags/example_sla_dag.py took 0.106 seconds
[2026-03-30T09:14:22.594+0000] {processor.py:161} INFO - Started process (PID=4871) to work on /home/airflow/.local/lib/python3.8/site-packages/airflow/example_dags/example_sla_dag.py
[2026-03-30T09:14:22.596+0000] {processor.py:830} INFO - Processing file /home/airflow/.local/lib/python3.8/site-packages/airflow/example_dags/example_sla_dag.py for tasks to queue
[2026-03-30T09:14:22.599+0000] {logging_mixin.py:188} INFO - [2026-03-30T09:14:22.598+0000] {dagbag.py:538} INFO - Filling up the DagBag from /home/airflow/.local/lib/python3.8/site-packages/airflow/example_dags/example_sla_dag.py
[2026-03-30T09:14:22.611+0000] {processor.py:840} INFO - DAG(s) 'example_sla_dag' retrieved from /home/airflow/.local/lib/python3.8/site-packages/airflow/example_dags/example_sla_dag.py
[2026-03-30T09:14:22.639+0000] {logging_mixin.py:188} INFO - [2026-03-30T09:14:22.639+0000] {dag.py:3036} INFO - Sync 1 DAGs
[2026-03-30T09:14:22.673+0000] {logging_mixin.py:188} INFO - [2026-03-30T09:14:22.673+0000] {dag.py:3823} INFO - Setting next_dagrun for example_sla_dag to 2026-03-30 09:12:00+00:00, run_after=2026-03-30 09:14:00+00:00
[2026-03-30T09:14:22.697+0000] {processor.py:183} INFO - Processing /home/airflow/.local/lib/python3.8/site-packages/airflow/example_dags/example_sla_dag.py took 0.110 seconds
[2026-03-30T09:14:52.993+0000] {processor.py:161} INFO - Started process (PID=4928) to work on /home/airflow/.local/lib/python3.8/site-packages/airflow/example_dags/example_sla_dag.py
[2026-03-30T09:14:52.995+0000] {processor.py:830} INFO - Processing file /home/airflow/.local/lib/python3.8/site-packages/airflow/example_dags/example_sla_dag.py for tasks to queue
[2026-03-30T09:14:52.998+0000] {logging_mixin.py:188} INFO - [2026-03-30T09:14:52.997+0000] {dagbag.py:538} INFO - Filling up the DagBag from /home/airflow/.local/lib/python3.8/site-packages/airflow/example_dags/example_sla_dag.py
[2026-03-30T09:14:53.012+0000] {processor.py:840} INFO - DAG(s) 'example_sla_dag' retrieved from /home/airflow/.local/lib/python3.8/site-packages/airflow/example_dags/example_sla_dag.py
[2026-03-30T09:14:53.048+0000] {logging_mixin.py:188} INFO - [2026-03-30T09:14:53.048+0000] {dag.py:3036} INFO - Sync 1 DAGs
[2026-03-30T09:14:53.085+0000] {logging_mixin.py:188} INFO - [2026-03-30T09:14:53.085+0000] {dag.py:3823} INFO - Setting next_dagrun for example_sla_dag to 2026-03-30 09:12:00+00:00, run_after=2026-03-30 09:14:00+00:00
[2026-03-30T09:14:53.120+0000] {processor.py:183} INFO - Processing /home/airflow/.local/lib/python3.8/site-packages/airflow/example_dags/example_sla_dag.py took 0.132 seconds
[2026-03-30T09:15:23.459+0000] {processor.py:161} INFO - Started process (PID=4985) to work on /home/airflow/.local/lib/python3.8/site-packages/airflow/example_dags/example_sla_dag.py
[2026-03-30T09:15:23.461+0000] {processor.py:830} INFO - Processing file /home/airflow/.local/lib/python3.8/site-packages/airflow/example_dags/example_sla_dag.py for tasks to queue
[2026-03-30T09:15:23.464+0000] {logging_mixin.py:188} INFO - [2026-03-30T09:15:23.463+0000] {dagbag.py:538} INFO - Filling up the DagBag from /home/airflow/.local/lib/python3.8/site-packages/airflow/example_dags/example_sla_dag.py
[2026-03-30T09:15:23.476+0000] {processor.py:840} INFO - DAG(s) 'example_sla_dag' retrieved from /home/airflow/.local/lib/python3.8/site-packages/airflow/example_dags/example_sla_dag.py
[2026-03-30T09:15:23.505+0000] {logging_mixin.py:188} INFO - [2026-03-30T09:15:23.505+0000] {dag.py:3036} INFO - Sync 1 DAGs
[2026-03-30T09:15:23.538+0000] {logging_mixin.py:188} INFO - [2026-03-30T09:15:23.538+0000] {dag.py:3823} INFO - Setting next_dagrun for example_sla_dag to 2026-03-30 09:12:00+00:00, run_after=2026-03-30 09:14:00+00:00
[2026-03-30T09:15:23.564+0000] {processor.py:183} INFO - Processing /home/airflow/.local/lib/python3.8/site-packages/airflow/example_dags/example_sla_dag.py took 0.110 seconds
[2026-03-30T09:15:53.957+0000] {processor.py:161} INFO - Started process (PID=5042) to work on /home/airflow/.local/lib/python3.8/site-packages/airflow/example_dags/example_sla_dag.py
[2026-03-30T09:15:53.959+0000] {processor.py:830} INFO - Processing file /home/airflow/.local/lib/python3.8/site-packages/airflow/example_dags/example_sla_dag.py for tasks to queue
[2026-03-30T09:15:53.962+0000] {logging_mixin.py:188} INFO - [2026-03-30T09:15:53.961+0000] {dagbag.py:538} INFO - Filling up the DagBag from /home/airflow/.local/lib/python3.8/site-packages/airflow/example_dags/example_sla_dag.py
[2026-03-30T09:15:53.975+0000] {processor.py:840} INFO - DAG(s) 'example_sla_dag' retrieved from /home/airflow/.local/lib/python3.8/site-packages/airflow/example_dags/example_sla_dag.py
[2026-03-30T09:15:54.003+0000] {logging_mixin.py:188} INFO - [2026-03-30T09:15:54.002+0000] {dag.py:3036} INFO - Sync 1 DAGs
[2026-03-30T09:15:54.037+0000] {logging_mixin.py:188} INFO - [2026-03-30T09:15:54.037+0000] {dag.py:3823} INFO - Setting next_dagrun for example_sla_dag to 2026-03-30 09:12:00+00:00, run_after=2026-03-30 09:14:00+00:00
[2026-03-30T09:15:54.066+0000] {processor.py:183} INFO - Processing /home/airflow/.local/lib/python3.8/site-packages/airflow/example_dags/example_sla_dag.py took 0.113 seconds
[2026-03-30T09:16:24.274+0000] {processor.py:161} INFO - Started process (PID=5099) to work on /home/airflow/.local/lib/python3.8/site-packages/airflow/example_dags/example_sla_dag.py
[2026-03-30T09:16:24.276+0000] {processor.py:830} INFO - Processing file /home/airflow/.local/lib/python3.8/site-packages/airflow/example_dags/example_sla_dag.py for tasks to queue
[2026-03-30T09:16:24.279+0000] {logging_mixin.py:188} INFO - [2026-03-30T09:16:24.279+0000] {dagbag.py:538} INFO - Filling up the DagBag from /home/airflow/.local/lib/python3.8/site-packages/airflow/example_dags/example_sla_dag.py
[2026-03-30T09:16:24.291+0000] {processor.py:840} INFO - DAG(s) 'example_sla_dag' retrieved from /home/airflow/.local/lib/python3.8/site-packages/airflow/example_dags/example_sla_dag.py
[2026-03-30T09:16:24.321+0000] {logging_mixin.py:188} INFO - [2026-03-30T09:16:24.321+0000] {dag.py:3036} INFO - Sync 1 DAGs
[2026-03-30T09:16:24.354+0000] {logging_mixin.py:188} INFO - [2026-03-30T09:16:24.354+0000] {dag.py:3823} INFO - Setting next_dagrun for example_sla_dag to 2026-03-30 09:14:00+00:00, run_after=2026-03-30 09:16:00+00:00
[2026-03-30T09:16:24.395+0000] {processor.py:183} INFO - Processing /home/airflow/.local/lib/python3.8/site-packages/airflow/example_dags/example_sla_dag.py took 0.126 seconds
[2026-03-30T09:16:54.921+0000] {processor.py:161} INFO - Started process (PID=5156) to work on /home/airflow/.local/lib/python3.8/site-packages/airflow/example_dags/example_sla_dag.py
[2026-03-30T09:16:54.923+0000] {processor.py:830} INFO - Processing file /home/airflow/.local/lib/python3.8/site-packages/airflow/example_dags/example_sla_dag.py for tasks to queue
[2026-03-30T09:16:54.926+0000] {logging_mixin.py:188} INFO - [2026-03-30T09:16:54.925+0000] {dagbag.py:538} INFO - Filling up the DagBag from /home/airflow/.local/lib/python3.8/site-packages/airflow/example_dags/example_sla_dag.py
[2026-03-30T09:16:54.940+0000] {processor.py:840} INFO - DAG(s) 'example_sla_dag' retrieved from /home/airflow/.local/lib/python3.8/site-packages/airflow/example_dags/example_sla_dag.py
[2026-03-30T09:16:54.970+0000] {logging_mixin.py:188} INFO - [2026-03-30T09:16:54.970+0000] {dag.py:3036} INFO - Sync 1 DAGs
[2026-03-30T09:16:55.004+0000] {logging_mixin.py:188} INFO - [2026-03-30T09:16:55.003+0000] {dag.py:3823} INFO - Setting next_dagrun for example_sla_dag to 2026-03-30 09:14:00+00:00, run_after=2026-03-30 09:16:00+00:00
[2026-03-30T09:16:55.031+0000] {processor.py:183} INFO - Processing /home/airflow/.local/lib/python3.8/site-packages/airflow/example_dags/example_sla_dag.py took 0.116 seconds
[2026-03-30T09:17:25.500+0000] {processor.py:161} INFO - Started process (PID=5213) to work on /home/airflow/.local/lib/python3.8/site-packages/airflow/example_dags/example_sla_dag.py
[2026-03-30T09:17:25.502+0000] {processor.py:830} INFO - Processing file /home/airflow/.local/lib/python3.8/site-packages/airflow/example_dags/example_sla_dag.py for tasks to queue
[2026-03-30T09:17:25.505+0000] {logging_mixin.py:188} INFO - [2026-03-30T09:17:25.504+0000] {dagbag.py:538} INFO - Filling up the DagBag from /home/airflow/.local/lib/python3.8/site-packages/airflow/example_dags/example_sla_dag.py
[2026-03-30T09:17:25.519+0000] {processor.py:840} INFO - DAG(s) 'example_sla_dag' retrieved from /home/airflow/.local/lib/python3.8/site-packages/airflow/example_dags/example_sla_dag.py
[2026-03-30T09:17:25.545+0000] {logging_mixin.py:188} INFO - [2026-03-30T09:17:25.544+0000] {dag.py:3036} INFO - Sync 1 DAGs
[2026-03-30T09:17:25.577+0000] {logging_mixin.py:188} INFO - [2026-03-30T09:17:25.577+0000] {dag.py:3823} INFO - Setting next_dagrun for example_sla_dag to 2026-03-30 09:14:00+00:00, run_after=2026-03-30 09:16:00+00:00
[2026-03-30T09:17:25.603+0000] {processor.py:183} INFO - Processing /home/airflow/.local/lib/python3.8/site-packages/airflow/example_dags/example_sla_dag.py took 0.107 seconds
[2026-03-30T09:17:55.997+0000] {processor.py:161} INFO - Started process (PID=5270) to work on /home/airflow/.local/lib/python3.8/site-packages/airflow/example_dags/example_sla_dag.py
[2026-03-30T09:17:55.999+0000] {processor.py:830} INFO - Processing file /home/airflow/.local/lib/python3.8/site-packages/airflow/example_dags/example_sla_dag.py for tasks to queue
[2026-03-30T09:17:56.002+0000] {logging_mixin.py:188} INFO - [2026-03-30T09:17:56.001+0000] {dagbag.py:538} INFO - Filling up the DagBag from /home/airflow/.local/lib/python3.8/site-packages/airflow/example_dags/example_sla_dag.py
[2026-03-30T09:17:56.015+0000] {processor.py:840} INFO - DAG(s) 'example_sla_dag' retrieved from /home/airflow/.local/lib/python3.8/site-packages/airflow/example_dags/example_sla_dag.py
[2026-03-30T09:17:56.048+0000] {logging_mixin.py:188} INFO - [2026-03-30T09:17:56.048+0000] {dag.py:3036} INFO - Sync 1 DAGs
[2026-03-30T09:17:56.092+0000] {logging_mixin.py:188} INFO - [2026-03-30T09:17:56.092+0000] {dag.py:3823} INFO - Setting next_dagrun for example_sla_dag to 2026-03-30 09:14:00+00:00, run_after=2026-03-30 09:16:00+00:00
[2026-03-30T09:17:56.122+0000] {processor.py:183} INFO - Processing /home/airflow/.local/lib/python3.8/site-packages/airflow/example_dags/example_sla_dag.py took 0.131 seconds
[2026-03-30T09:18:26.495+0000] {processor.py:161} INFO - Started process (PID=5327) to work on /home/airflow/.local/lib/python3.8/site-packages/airflow/example_dags/example_sla_dag.py
[2026-03-30T09:18:26.497+0000] {processor.py:830} INFO - Processing file /home/airflow/.local/lib/python3.8/site-packages/airflow/example_dags/example_sla_dag.py for tasks to queue
[2026-03-30T09:18:26.501+0000] {logging_mixin.py:188} INFO - [2026-03-30T09:18:26.501+0000] {dagbag.py:538} INFO - Filling up the DagBag from /home/airflow/.local/lib/python3.8/site-packages/airflow/example_dags/example_sla_dag.py
[2026-03-30T09:18:26.515+0000] {processor.py:840} INFO - DAG(s) 'example_sla_dag' retrieved from /home/airflow/.local/lib/python3.8/site-packages/airflow/example_dags/example_sla_dag.py
[2026-03-30T09:18:26.544+0000] {logging_mixin.py:188} INFO - [2026-03-30T09:18:26.544+0000] {dag.py:3036} INFO - Sync 1 DAGs
[2026-03-30T09:18:26.580+0000] {logging_mixin.py:188} INFO - [2026-03-30T09:18:26.580+0000] {dag.py:3823} INFO - Setting next_dagrun for example_sla_dag to 2026-03-30 09:16:00+00:00, run_after=2026-03-30 09:18:00+00:00
[2026-03-30T09:18:26.606+0000] {processor.py:183} INFO - Processing /home/airflow/.local/lib/python3.8/site-packages/airflow/example_dags/example_sla_dag.py took 0.119 seconds
[2026-03-30T09:18:56.758+0000] {processor.py:161} INFO - Started process (PID=5384) to work on /home/airflow/.local/lib/python3.8/site-packages/airflow/example_dags/example_sla_dag.py
[2026-03-30T09:18:56.760+0000] {processor.py:830} INFO - Processing file /home/airflow/.local/lib/python3.8/site-packages/airflow/example_dags/example_sla_dag.py for tasks to queue
[2026-03-30T09:18:56.762+0000] {logging_mixin.py:188} INFO - [2026-03-30T09:18:56.762+0000] {dagbag.py:538} INFO - Filling up the DagBag from /home/airflow/.local/lib/python3.8/site-packages/airflow/example_dags/example_sla_dag.py
[2026-03-30T09:18:56.775+0000] {processor.py:840} INFO - DAG(s) 'example_sla_dag' retrieved from /home/airflow/.local/lib/python3.8/site-packages/airflow/example_dags/example_sla_dag.py
[2026-03-30T09:18:56.802+0000] {logging_mixin.py:188} INFO - [2026-03-30T09:18:56.801+0000] {dag.py:3036} INFO - Sync 1 DAGs
[2026-03-30T09:18:56.837+0000] {logging_mixin.py:188} INFO - [2026-03-30T09:18:56.837+0000] {dag.py:3823} INFO - Setting next_dagrun for example_sla_dag to 2026-03-30 09:16:00+00:00, run_after=2026-03-30 09:18:00+00:00
[2026-03-30T09:18:56.873+0000] {processor.py:183} INFO - Processing /home/airflow/.local/lib/python3.8/site-packages/airflow/example_dags/example_sla_dag.py took 0.120 seconds
[2026-03-30T09:19:27.092+0000] {processor.py:161} INFO - Started process (PID=5440) to work on /home/airflow/.local/lib/python3.8/site-packages/airflow/example_dags/example_sla_dag.py
[2026-03-30T09:19:27.094+0000] {processor.py:830} INFO - Processing file /home/airflow/.local/lib/python3.8/site-packages/airflow/example_dags/example_sla_dag.py for tasks to queue
[2026-03-30T09:19:27.098+0000] {logging_mixin.py:188} INFO - [2026-03-30T09:19:27.097+0000] {dagbag.py:538} INFO - Filling up the DagBag from /home/airflow/.local/lib/python3.8/site-packages/airflow/example_dags/example_sla_dag.py
[2026-03-30T09:19:27.111+0000] {processor.py:840} INFO - DAG(s) 'example_sla_dag' retrieved from /home/airflow/.local/lib/python3.8/site-packages/airflow/example_dags/example_sla_dag.py
[2026-03-30T09:19:27.140+0000] {logging_mixin.py:188} INFO - [2026-03-30T09:19:27.140+0000] {dag.py:3036} INFO - Sync 1 DAGs
[2026-03-30T09:19:27.172+0000] {logging_mixin.py:188} INFO - [2026-03-30T09:19:27.172+0000] {dag.py:3823} INFO - Setting next_dagrun for example_sla_dag to 2026-03-30 09:16:00+00:00, run_after=2026-03-30 09:18:00+00:00
[2026-03-30T09:19:27.202+0000] {processor.py:183} INFO - Processing /home/airflow/.local/lib/python3.8/site-packages/airflow/example_dags/example_sla_dag.py took 0.116 seconds
[2026-03-30T09:19:57.521+0000] {processor.py:161} INFO - Started process (PID=5495) to work on /home/airflow/.local/lib/python3.8/site-packages/airflow/example_dags/example_sla_dag.py
[2026-03-30T09:19:57.523+0000] {processor.py:830} INFO - Processing file /home/airflow/.local/lib/python3.8/site-packages/airflow/example_dags/example_sla_dag.py for tasks to queue
[2026-03-30T09:19:57.527+0000] {logging_mixin.py:188} INFO - [2026-03-30T09:19:57.526+0000] {dagbag.py:538} INFO - Filling up the DagBag from /home/airflow/.local/lib/python3.8/site-packages/airflow/example_dags/example_sla_dag.py
[2026-03-30T09:19:57.543+0000] {processor.py:840} INFO - DAG(s) 'example_sla_dag' retrieved from /home/airflow/.local/lib/python3.8/site-packages/airflow/example_dags/example_sla_dag.py
[2026-03-30T09:19:57.578+0000] {logging_mixin.py:188} INFO - [2026-03-30T09:19:57.577+0000] {dag.py:3036} INFO - Sync 1 DAGs
[2026-03-30T09:19:57.618+0000] {logging_mixin.py:188} INFO - [2026-03-30T09:19:57.617+0000] {dag.py:3823} INFO - Setting next_dagrun for example_sla_dag to 2026-03-30 09:16:00+00:00, run_after=2026-03-30 09:18:00+00:00
[2026-03-30T09:19:57.651+0000] {processor.py:183} INFO - Processing /home/airflow/.local/lib/python3.8/site-packages/airflow/example_dags/example_sla_dag.py took 0.138 seconds
[2026-03-30T09:20:27.859+0000] {processor.py:161} INFO - Started process (PID=5552) to work on /home/airflow/.local/lib/python3.8/site-packages/airflow/example_dags/example_sla_dag.py
[2026-03-30T09:20:27.861+0000] {processor.py:830} INFO - Processing file /home/airflow/.local/lib/python3.8/site-packages/airflow/example_dags/example_sla_dag.py for tasks to queue
[2026-03-30T09:20:27.864+0000] {logging_mixin.py:188} INFO - [2026-03-30T09:20:27.863+0000] {dagbag.py:538} INFO - Filling up the DagBag from /home/airflow/.local/lib/python3.8/site-packages/airflow/example_dags/example_sla_dag.py
[2026-03-30T09:20:27.877+0000] {processor.py:840} INFO - DAG(s) 'example_sla_dag' retrieved from /home/airflow/.local/lib/python3.8/site-packages/airflow/example_dags/example_sla_dag.py
[2026-03-30T09:20:27.902+0000] {logging_mixin.py:188} INFO - [2026-03-30T09:20:27.901+0000] {dag.py:3036} INFO - Sync 1 DAGs
[2026-03-30T09:20:27.934+0000] {logging_mixin.py:188} INFO - [2026-03-30T09:20:27.934+0000] {dag.py:3823} INFO - Setting next_dagrun for example_sla_dag to 2026-03-30 09:18:00+00:00, run_after=2026-03-30 09:20:00+00:00
[2026-03-30T09:20:27.959+0000] {processor.py:183} INFO - Processing /home/airflow/.local/lib/python3.8/site-packages/airflow/example_dags/example_sla_dag.py took 0.107 seconds
[2026-03-30T09:20:58.562+0000] {processor.py:161} INFO - Started process (PID=5609) to work on /home/airflow/.local/lib/python3.8/site-packages/airflow/example_dags/example_sla_dag.py
[2026-03-30T09:20:58.564+0000] {processor.py:830} INFO - Processing file /home/airflow/.local/lib/python3.8/site-packages/airflow/example_dags/example_sla_dag.py for tasks to queue
[2026-03-30T09:20:58.567+0000] {logging_mixin.py:188} INFO - [2026-03-30T09:20:58.567+0000] {dagbag.py:538} INFO - Filling up the DagBag from /home/airflow/.local/lib/python3.8/site-packages/airflow/example_dags/example_sla_dag.py
[2026-03-30T09:20:58.581+0000] {processor.py:840} INFO - DAG(s) 'example_sla_dag' retrieved from /home/airflow/.local/lib/python3.8/site-packages/airflow/example_dags/example_sla_dag.py
[2026-03-30T09:20:58.614+0000] {logging_mixin.py:188} INFO - [2026-03-30T09:20:58.613+0000] {dag.py:3036} INFO - Sync 1 DAGs
[2026-03-30T09:20:58.645+0000] {logging_mixin.py:188} INFO - [2026-03-30T09:20:58.645+0000] {dag.py:3823} INFO - Setting next_dagrun for example_sla_dag to 2026-03-30 09:18:00+00:00, run_after=2026-03-30 09:20:00+00:00
[2026-03-30T09:20:58.668+0000] {processor.py:183} INFO - Processing /home/airflow/.local/lib/python3.8/site-packages/airflow/example_dags/example_sla_dag.py took 0.112 seconds
[2026-03-30T09:21:29.519+0000] {processor.py:161} INFO - Started process (PID=5666) to work on /home/airflow/.local/lib/python3.8/site-packages/airflow/example_dags/example_sla_dag.py
[2026-03-30T09:21:29.520+0000] {processor.py:830} INFO - Processing file /home/airflow/.local/lib/python3.8/site-packages/airflow/example_dags/example_sla_dag.py for tasks to queue
[2026-03-30T09:21:29.524+0000] {logging_mixin.py:188} INFO - [2026-03-30T09:21:29.523+0000] {dagbag.py:538} INFO - Filling up the DagBag from /home/airflow/.local/lib/python3.8/site-packages/airflow/example_dags/example_sla_dag.py
[2026-03-30T09:21:29.539+0000] {processor.py:840} INFO - DAG(s) 'example_sla_dag' retrieved from /home/airflow/.local/lib/python3.8/site-packages/airflow/example_dags/example_sla_dag.py
[2026-03-30T09:21:29.569+0000] {logging_mixin.py:188} INFO - [2026-03-30T09:21:29.568+0000] {dag.py:3036} INFO - Sync 1 DAGs
[2026-03-30T09:21:29.601+0000] {logging_mixin.py:188} INFO - [2026-03-30T09:21:29.601+0000] {dag.py:3823} INFO - Setting next_dagrun for example_sla_dag to 2026-03-30 09:18:00+00:00, run_after=2026-03-30 09:20:00+00:00
[2026-03-30T09:21:29.625+0000] {processor.py:183} INFO - Processing /home/airflow/.local/lib/python3.8/site-packages/airflow/example_dags/example_sla_dag.py took 0.111 seconds
[2026-03-30T09:22:00.410+0000] {processor.py:161} INFO - Started process (PID=5723) to work on /home/airflow/.local/lib/python3.8/site-packages/airflow/example_dags/example_sla_dag.py
[2026-03-30T09:22:00.411+0000] {processor.py:830} INFO - Processing file /home/airflow/.local/lib/python3.8/site-packages/airflow/example_dags/example_sla_dag.py for tasks to queue
[2026-03-30T09:22:00.414+0000] {logging_mixin.py:188} INFO - [2026-03-30T09:22:00.414+0000] {dagbag.py:538} INFO - Filling up the DagBag from /home/airflow/.local/lib/python3.8/site-packages/airflow/example_dags/example_sla_dag.py
[2026-03-30T09:22:00.428+0000] {processor.py:840} INFO - DAG(s) 'example_sla_dag' retrieved from /home/airflow/.local/lib/python3.8/site-packages/airflow/example_dags/example_sla_dag.py
[2026-03-30T09:22:00.455+0000] {logging_mixin.py:188} INFO - [2026-03-30T09:22:00.454+0000] {dag.py:3036} INFO - Sync 1 DAGs
[2026-03-30T09:22:00.485+0000] {logging_mixin.py:188} INFO - [2026-03-30T09:22:00.485+0000] {dag.py:3823} INFO - Setting next_dagrun for example_sla_dag to 2026-03-30 09:20:00+00:00, run_after=2026-03-30 09:22:00+00:00
[2026-03-30T09:22:00.510+0000] {processor.py:183} INFO - Processing /home/airflow/.local/lib/python3.8/site-packages/airflow/example_dags/example_sla_dag.py took 0.105 seconds
[2026-03-30T09:22:30.596+0000] {processor.py:161} INFO - Started process (PID=5780) to work on /home/airflow/.local/lib/python3.8/site-packages/airflow/example_dags/example_sla_dag.py
[2026-03-30T09:22:30.598+0000] {processor.py:830} INFO - Processing file /home/airflow/.local/lib/python3.8/site-packages/airflow/example_dags/example_sla_dag.py for tasks to queue
[2026-03-30T09:22:30.601+0000] {logging_mixin.py:188} INFO - [2026-03-30T09:22:30.601+0000] {dagbag.py:538} INFO - Filling up the DagBag from /home/airflow/.local/lib/python3.8/site-packages/airflow/example_dags/example_sla_dag.py
[2026-03-30T09:22:30.613+0000] {processor.py:840} INFO - DAG(s) 'example_sla_dag' retrieved from /home/airflow/.local/lib/python3.8/site-packages/airflow/example_dags/example_sla_dag.py
[2026-03-30T09:22:30.638+0000] {logging_mixin.py:188} INFO - [2026-03-30T09:22:30.638+0000] {dag.py:3036} INFO - Sync 1 DAGs
[2026-03-30T09:22:30.669+0000] {logging_mixin.py:188} INFO - [2026-03-30T09:22:30.668+0000] {dag.py:3823} INFO - Setting next_dagrun for example_sla_dag to 2026-03-30 09:20:00+00:00, run_after=2026-03-30 09:22:00+00:00
[2026-03-30T09:22:30.694+0000] {processor.py:183} INFO - Processing /home/airflow/.local/lib/python3.8/site-packages/airflow/example_dags/example_sla_dag.py took 0.102 seconds
[2026-03-30T09:23:00.973+0000] {processor.py:161} INFO - Started process (PID=5837) to work on /home/airflow/.local/lib/python3.8/site-packages/airflow/example_dags/example_sla_dag.py
[2026-03-30T09:23:00.976+0000] {processor.py:830} INFO - Processing file /home/airflow/.local/lib/python3.8/site-packages/airflow/example_dags/example_sla_dag.py for tasks to queue
[2026-03-30T09:23:00.981+0000] {logging_mixin.py:188} INFO - [2026-03-30T09:23:00.980+0000] {dagbag.py:538} INFO - Filling up the DagBag from /home/airflow/.local/lib/python3.8/site-packages/airflow/example_dags/example_sla_dag.py
[2026-03-30T09:23:00.996+0000] {processor.py:840} INFO - DAG(s) 'example_sla_dag' retrieved from /home/airflow/.local/lib/python3.8/site-packages/airflow/example_dags/example_sla_dag.py
[2026-03-30T09:23:01.023+0000] {logging_mixin.py:188} INFO - [2026-03-30T09:23:01.023+0000] {dag.py:3036} INFO - Sync 1 DAGs
[2026-03-30T09:23:01.055+0000] {logging_mixin.py:188} INFO - [2026-03-30T09:23:01.054+0000] {dag.py:3823} INFO - Setting next_dagrun for example_sla_dag to 2026-03-30 09:20:00+00:00, run_after=2026-03-30 09:22:00+00:00
[2026-03-30T09:23:01.082+0000] {processor.py:183} INFO - Processing /home/airflow/.local/lib/python3.8/site-packages/airflow/example_dags/example_sla_dag.py took 0.116 seconds
[2026-03-30T09:23:31.558+0000] {processor.py:161} INFO - Started process (PID=5894) to work on /home/airflow/.local/lib/python3.8/site-packages/airflow/example_dags/example_sla_dag.py
[2026-03-30T09:23:31.560+0000] {processor.py:830} INFO - Processing file /home/airflow/.local/lib/python3.8/site-packages/airflow/example_dags/example_sla_dag.py for tasks to queue
[2026-03-30T09:23:31.563+0000] {logging_mixin.py:188} INFO - [2026-03-30T09:23:31.563+0000] {dagbag.py:538} INFO - Filling up the DagBag from /home/airflow/.local/lib/python3.8/site-packages/airflow/example_dags/example_sla_dag.py
[2026-03-30T09:23:31.573+0000] {processor.py:840} INFO - DAG(s) 'example_sla_dag' retrieved from /home/airflow/.local/lib/python3.8/site-packages/airflow/example_dags/example_sla_dag.py
[2026-03-30T09:23:31.599+0000] {logging_mixin.py:188} INFO - [2026-03-30T09:23:31.599+0000] {dag.py:3036} INFO - Sync 1 DAGs
[2026-03-30T09:23:31.648+0000] {logging_mixin.py:188} INFO - [2026-03-30T09:23:31.648+0000] {dag.py:3823} INFO - Setting next_dagrun for example_sla_dag to 2026-03-30 09:20:00+00:00, run_after=2026-03-30 09:22:00+00:00
[2026-03-30T09:23:31.685+0000] {processor.py:183} INFO - Processing /home/airflow/.local/lib/python3.8/site-packages/airflow/example_dags/example_sla_dag.py took 0.131 seconds
[2026-03-30T09:24:02.012+0000] {processor.py:161} INFO - Started process (PID=5951) to work on /home/airflow/.local/lib/python3.8/site-packages/airflow/example_dags/example_sla_dag.py
[2026-03-30T09:24:02.014+0000] {processor.py:830} INFO - Processing file /home/airflow/.local/lib/python3.8/site-packages/airflow/example_dags/example_sla_dag.py for tasks to queue
[2026-03-30T09:24:02.017+0000] {logging_mixin.py:188} INFO - [2026-03-30T09:24:02.016+0000] {dagbag.py:538} INFO - Filling up the DagBag from /home/airflow/.local/lib/python3.8/site-packages/airflow/example_dags/example_sla_dag.py
[2026-03-30T09:24:02.034+0000] {processor.py:840} INFO - DAG(s) 'example_sla_dag' retrieved from /home/airflow/.local/lib/python3.8/site-packages/airflow/example_dags/example_sla_dag.py
[2026-03-30T09:24:02.067+0000] {logging_mixin.py:188} INFO - [2026-03-30T09:24:02.067+0000] {dag.py:3036} INFO - Sync 1 DAGs
[2026-03-30T09:24:02.095+0000] {logging_mixin.py:188} INFO - [2026-03-30T09:24:02.095+0000] {dag.py:3823} INFO - Setting next_dagrun for example_sla_dag to 2026-03-30 09:22:00+00:00, run_after=2026-03-30 09:24:00+00:00
[2026-03-30T09:24:02.120+0000] {processor.py:183} INFO - Processing /home/airflow/.local/lib/python3.8/site-packages/airflow/example_dags/example_sla_dag.py took 0.112 seconds
[2026-03-30T09:24:32.849+0000] {processor.py:161} INFO - Started process (PID=6008) to work on /home/airflow/.local/lib/python3.8/site-packages/airflow/example_dags/example_sla_dag.py
[2026-03-30T09:24:32.851+0000] {processor.py:830} INFO - Processing file /home/airflow/.local/lib/python3.8/site-packages/airflow/example_dags/example_sla_dag.py for tasks to queue
[2026-03-30T09:24:32.854+0000] {logging_mixin.py:188} INFO - [2026-03-30T09:24:32.854+0000] {dagbag.py:538} INFO - Filling up the DagBag from /home/airflow/.local/lib/python3.8/site-packages/airflow/example_dags/example_sla_dag.py
[2026-03-30T09:24:32.869+0000] {processor.py:840} INFO - DAG(s) 'example_sla_dag' retrieved from /home/airflow/.local/lib/python3.8/site-packages/airflow/example_dags/example_sla_dag.py
[2026-03-30T09:24:32.899+0000] {logging_mixin.py:188} INFO - [2026-03-30T09:24:32.898+0000] {dag.py:3036} INFO - Sync 1 DAGs
[2026-03-30T09:24:32.935+0000] {logging_mixin.py:188} INFO - [2026-03-30T09:24:32.935+0000] {dag.py:3823} INFO - Setting next_dagrun for example_sla_dag to 2026-03-30 09:22:00+00:00, run_after=2026-03-30 09:24:00+00:00
[2026-03-30T09:24:32.996+0000] {processor.py:183} INFO - Processing /home/airflow/.local/lib/python3.8/site-packages/airflow/example_dags/example_sla_dag.py took 0.151 seconds
[2026-03-30T09:25:03.284+0000] {processor.py:161} INFO - Started process (PID=6065) to work on /home/airflow/.local/lib/python3.8/site-packages/airflow/example_dags/example_sla_dag.py
[2026-03-30T09:25:03.286+0000] {processor.py:830} INFO - Processing file /home/airflow/.local/lib/python3.8/site-packages/airflow/example_dags/example_sla_dag.py for tasks to queue
[2026-03-30T09:25:03.290+0000] {logging_mixin.py:188} INFO - [2026-03-30T09:25:03.289+0000] {dagbag.py:538} INFO - Filling up the DagBag from /home/airflow/.local/lib/python3.8/site-packages/airflow/example_dags/example_sla_dag.py
[2026-03-30T09:25:03.308+0000] {processor.py:840} INFO - DAG(s) 'example_sla_dag' retrieved from /home/airflow/.local/lib/python3.8/site-packages/airflow/example_dags/example_sla_dag.py
[2026-03-30T09:25:03.343+0000] {logging_mixin.py:188} INFO - [2026-03-30T09:25:03.343+0000] {dag.py:3036} INFO - Sync 1 DAGs
[2026-03-30T09:25:03.373+0000] {logging_mixin.py:188} INFO - [2026-03-30T09:25:03.372+0000] {dag.py:3823} INFO - Setting next_dagrun for example_sla_dag to 2026-03-30 09:22:00+00:00, run_after=2026-03-30 09:24:00+00:00
[2026-03-30T09:25:03.404+0000] {processor.py:183} INFO - Processing /home/airflow/.local/lib/python3.8/site-packages/airflow/example_dags/example_sla_dag.py took 0.127 seconds
[2026-03-30T09:25:33.970+0000] {processor.py:161} INFO - Started process (PID=6122) to work on /home/airflow/.local/lib/python3.8/site-packages/airflow/example_dags/example_sla_dag.py
[2026-03-30T09:25:33.972+0000] {processor.py:830} INFO - Processing file /home/airflow/.local/lib/python3.8/site-packages/airflow/example_dags/example_sla_dag.py for tasks to queue
[2026-03-30T09:25:33.975+0000] {logging_mixin.py:188} INFO - [2026-03-30T09:25:33.975+0000] {dagbag.py:538} INFO - Filling up the DagBag from /home/airflow/.local/lib/python3.8/site-packages/airflow/example_dags/example_sla_dag.py
[2026-03-30T09:25:33.987+0000] {processor.py:840} INFO - DAG(s) 'example_sla_dag' retrieved from /home/airflow/.local/lib/python3.8/site-packages/airflow/example_dags/example_sla_dag.py
[2026-03-30T09:25:34.014+0000] {logging_mixin.py:188} INFO - [2026-03-30T09:25:34.014+0000] {dag.py:3036} INFO - Sync 1 DAGs
[2026-03-30T09:25:34.043+0000] {logging_mixin.py:188} INFO - [2026-03-30T09:25:34.043+0000] {dag.py:3823} INFO - Setting next_dagrun for example_sla_dag to 2026-03-30 09:22:00+00:00, run_after=2026-03-30 09:24:00+00:00
[2026-03-30T09:25:34.076+0000] {processor.py:183} INFO - Processing /home/airflow/.local/lib/python3.8/site-packages/airflow/example_dags/example_sla_dag.py took 0.110 seconds
[2026-03-30T09:26:04.347+0000] {processor.py:161} INFO - Started process (PID=6179) to work on /home/airflow/.local/lib/python3.8/site-packages/airflow/example_dags/example_sla_dag.py
[2026-03-30T09:26:04.349+0000] {processor.py:830} INFO - Processing file /home/airflow/.local/lib/python3.8/site-packages/airflow/example_dags/example_sla_dag.py for tasks to queue
[2026-03-30T09:26:04.351+0000] {logging_mixin.py:188} INFO - [2026-03-30T09:26:04.351+0000] {dagbag.py:538} INFO - Filling up the DagBag from /home/airflow/.local/lib/python3.8/site-packages/airflow/example_dags/example_sla_dag.py
[2026-03-30T09:26:04.362+0000] {processor.py:840} INFO - DAG(s) 'example_sla_dag' retrieved from /home/airflow/.local/lib/python3.8/site-packages/airflow/example_dags/example_sla_dag.py
[2026-03-30T09:26:04.387+0000] {logging_mixin.py:188} INFO - [2026-03-30T09:26:04.387+0000] {dag.py:3036} INFO - Sync 1 DAGs
[2026-03-30T09:26:04.413+0000] {logging_mixin.py:188} INFO - [2026-03-30T09:26:04.413+0000] {dag.py:3823} INFO - Setting next_dagrun for example_sla_dag to 2026-03-30 09:24:00+00:00, run_after=2026-03-30 09:26:00+00:00
[2026-03-30T09:26:04.447+0000] {processor.py:183} INFO - Processing /home/airflow/.local/lib/python3.8/site-packages/airflow/example_dags/example_sla_dag.py took 0.104 seconds
[2026-03-30T09:26:34.824+0000] {processor.py:161} INFO - Started process (PID=6236) to work on /home/airflow/.local/lib/python3.8/site-packages/airflow/example_dags/example_sla_dag.py
[2026-03-30T09:26:34.825+0000] {processor.py:830} INFO - Processing file /home/airflow/.local/lib/python3.8/site-packages/airflow/example_dags/example_sla_dag.py for tasks to queue
[2026-03-30T09:26:34.828+0000] {logging_mixin.py:188} INFO - [2026-03-30T09:26:34.827+0000] {dagbag.py:538} INFO - Filling up the DagBag from /home/airflow/.local/lib/python3.8/site-packages/airflow/example_dags/example_sla_dag.py
[2026-03-30T09:26:34.838+0000] {processor.py:840} INFO - DAG(s) 'example_sla_dag' retrieved from /home/airflow/.local/lib/python3.8/site-packages/airflow/example_dags/example_sla_dag.py
[2026-03-30T09:26:34.862+0000] {logging_mixin.py:188} INFO - [2026-03-30T09:26:34.862+0000] {dag.py:3036} INFO - Sync 1 DAGs
[2026-03-30T09:26:34.900+0000] {logging_mixin.py:188} INFO - [2026-03-30T09:26:34.900+0000] {dag.py:3823} INFO - Setting next_dagrun for example_sla_dag to 2026-03-30 09:24:00+00:00, run_after=2026-03-30 09:26:00+00:00
[2026-03-30T09:26:34.936+0000] {processor.py:183} INFO - Processing /home/airflow/.local/lib/python3.8/site-packages/airflow/example_dags/example_sla_dag.py took 0.117 seconds
[2026-03-30T09:27:05.299+0000] {processor.py:161} INFO - Started process (PID=6293) to work on /home/airflow/.local/lib/python3.8/site-packages/airflow/example_dags/example_sla_dag.py
[2026-03-30T09:27:05.300+0000] {processor.py:830} INFO - Processing file /home/airflow/.local/lib/python3.8/site-packages/airflow/example_dags/example_sla_dag.py for tasks to queue
[2026-03-30T09:27:05.303+0000] {logging_mixin.py:188} INFO - [2026-03-30T09:27:05.303+0000] {dagbag.py:538} INFO - Filling up the DagBag from /home/airflow/.local/lib/python3.8/site-packages/airflow/example_dags/example_sla_dag.py
[2026-03-30T09:27:05.317+0000] {processor.py:840} INFO - DAG(s) 'example_sla_dag' retrieved from /home/airflow/.local/lib/python3.8/site-packages/airflow/example_dags/example_sla_dag.py
[2026-03-30T09:27:05.343+0000] {logging_mixin.py:188} INFO - [2026-03-30T09:27:05.343+0000] {dag.py:3036} INFO - Sync 1 DAGs
[2026-03-30T09:27:05.379+0000] {logging_mixin.py:188} INFO - [2026-03-30T09:27:05.379+0000] {dag.py:3823} INFO - Setting next_dagrun for example_sla_dag to 2026-03-30 09:24:00+00:00, run_after=2026-03-30 09:26:00+00:00
[2026-03-30T09:27:05.412+0000] {processor.py:183} INFO - Processing /home/airflow/.local/lib/python3.8/site-packages/airflow/example_dags/example_sla_dag.py took 0.118 seconds
[2026-03-30T09:27:35.612+0000] {processor.py:161} INFO - Started process (PID=6350) to work on /home/airflow/.local/lib/python3.8/site-packages/airflow/example_dags/example_sla_dag.py
[2026-03-30T09:27:35.613+0000] {processor.py:830} INFO - Processing file /home/airflow/.local/lib/python3.8/site-packages/airflow/example_dags/example_sla_dag.py for tasks to queue
[2026-03-30T09:27:35.616+0000] {logging_mixin.py:188} INFO - [2026-03-30T09:27:35.616+0000] {dagbag.py:538} INFO - Filling up the DagBag from /home/airflow/.local/lib/python3.8/site-packages/airflow/example_dags/example_sla_dag.py
[2026-03-30T09:27:35.629+0000] {processor.py:840} INFO - DAG(s) 'example_sla_dag' retrieved from /home/airflow/.local/lib/python3.8/site-packages/airflow/example_dags/example_sla_dag.py
[2026-03-30T09:27:35.652+0000] {logging_mixin.py:188} INFO - [2026-03-30T09:27:35.651+0000] {dag.py:3036} INFO - Sync 1 DAGs
[2026-03-30T09:27:35.680+0000] {logging_mixin.py:188} INFO - [2026-03-30T09:27:35.680+0000] {dag.py:3823} INFO - Setting next_dagrun for example_sla_dag to 2026-03-30 09:24:00+00:00, run_after=2026-03-30 09:26:00+00:00
[2026-03-30T09:27:35.705+0000] {processor.py:183} INFO - Processing /home/airflow/.local/lib/python3.8/site-packages/airflow/example_dags/example_sla_dag.py took 0.101 seconds
[2026-03-30T09:28:06.506+0000] {processor.py:161} INFO - Started process (PID=6407) to work on /home/airflow/.local/lib/python3.8/site-packages/airflow/example_dags/example_sla_dag.py
[2026-03-30T09:28:06.508+0000] {processor.py:830} INFO - Processing file /home/airflow/.local/lib/python3.8/site-packages/airflow/example_dags/example_sla_dag.py for tasks to queue
[2026-03-30T09:28:06.511+0000] {logging_mixin.py:188} INFO - [2026-03-30T09:28:06.510+0000] {dagbag.py:538} INFO - Filling up the DagBag from /home/airflow/.local/lib/python3.8/site-packages/airflow/example_dags/example_sla_dag.py
[2026-03-30T09:28:06.523+0000] {processor.py:840} INFO - DAG(s) 'example_sla_dag' retrieved from /home/airflow/.local/lib/python3.8/site-packages/airflow/example_dags/example_sla_dag.py
[2026-03-30T09:28:06.552+0000] {logging_mixin.py:188} INFO - [2026-03-30T09:28:06.552+0000] {dag.py:3036} INFO - Sync 1 DAGs
[2026-03-30T09:28:06.586+0000] {logging_mixin.py:188} INFO - [2026-03-30T09:28:06.586+0000] {dag.py:3823} INFO - Setting next_dagrun for example_sla_dag to 2026-03-30 09:26:00+00:00, run_after=2026-03-30 09:28:00+00:00
[2026-03-30T09:28:06.617+0000] {processor.py:183} INFO - Processing /home/airflow/.local/lib/python3.8/site-packages/airflow/example_dags/example_sla_dag.py took 0.116 seconds
[2026-03-30T09:28:36.861+0000] {processor.py:161} INFO - Started process (PID=6464) to work on /home/airflow/.local/lib/python3.8/site-packages/airflow/example_dags/example_sla_dag.py
[2026-03-30T09:28:36.862+0000] {processor.py:830} INFO - Processing file /home/airflow/.local/lib/python3.8/site-packages/airflow/example_dags/example_sla_dag.py for tasks to queue
[2026-03-30T09:28:36.865+0000] {logging_mixin.py:188} INFO - [2026-03-30T09:28:36.865+0000] {dagbag.py:538} INFO - Filling up the DagBag from /home/airflow/.local/lib/python3.8/site-packages/airflow/example_dags/example_sla_dag.py
[2026-03-30T09:28:36.878+0000] {processor.py:840} INFO - DAG(s) 'example_sla_dag' retrieved from /home/airflow/.local/lib/python3.8/site-packages/airflow/example_dags/example_sla_dag.py
[2026-03-30T09:28:36.905+0000] {logging_mixin.py:188} INFO - [2026-03-30T09:28:36.905+0000] {dag.py:3036} INFO - Sync 1 DAGs
[2026-03-30T09:28:36.938+0000] {logging_mixin.py:188} INFO - [2026-03-30T09:28:36.937+0000] {dag.py:3823} INFO - Setting next_dagrun for example_sla_dag to 2026-03-30 09:26:00+00:00, run_after=2026-03-30 09:28:00+00:00
[2026-03-30T09:28:36.965+0000] {processor.py:183} INFO - Processing /home/airflow/.local/lib/python3.8/site-packages/airflow/example_dags/example_sla_dag.py took 0.111 seconds
[2026-03-30T09:29:07.255+0000] {processor.py:161} INFO - Started process (PID=6521) to work on /home/airflow/.local/lib/python3.8/site-packages/airflow/example_dags/example_sla_dag.py
[2026-03-30T09:29:07.256+0000] {processor.py:830} INFO - Processing file /home/airflow/.local/lib/python3.8/site-packages/airflow/example_dags/example_sla_dag.py for tasks to queue
[2026-03-30T09:29:07.260+0000] {logging_mixin.py:188} INFO - [2026-03-30T09:29:07.259+0000] {dagbag.py:538} INFO - Filling up the DagBag from /home/airflow/.local/lib/python3.8/site-packages/airflow/example_dags/example_sla_dag.py
[2026-03-30T09:29:07.274+0000] {processor.py:840} INFO - DAG(s) 'example_sla_dag' retrieved from /home/airflow/.local/lib/python3.8/site-packages/airflow/example_dags/example_sla_dag.py
[2026-03-30T09:29:07.303+0000] {logging_mixin.py:188} INFO - [2026-03-30T09:29:07.302+0000] {dag.py:3036} INFO - Sync 1 DAGs
[2026-03-30T09:29:07.335+0000] {logging_mixin.py:188} INFO - [2026-03-30T09:29:07.335+0000] {dag.py:3823} INFO - Setting next_dagrun for example_sla_dag to 2026-03-30 09:26:00+00:00, run_after=2026-03-30 09:28:00+00:00
[2026-03-30T09:29:07.363+0000] {processor.py:183} INFO - Processing /home/airflow/.local/lib/python3.8/site-packages/airflow/example_dags/example_sla_dag.py took 0.113 seconds
[2026-03-30T09:29:37.648+0000] {processor.py:161} INFO - Started process (PID=6578) to work on /home/airflow/.local/lib/python3.8/site-packages/airflow/example_dags/example_sla_dag.py
[2026-03-30T09:29:37.650+0000] {processor.py:830} INFO - Processing file /home/airflow/.local/lib/python3.8/site-packages/airflow/example_dags/example_sla_dag.py for tasks to queue
[2026-03-30T09:29:37.654+0000] {logging_mixin.py:188} INFO - [2026-03-30T09:29:37.653+0000] {dagbag.py:538} INFO - Filling up the DagBag from /home/airflow/.local/lib/python3.8/site-packages/airflow/example_dags/example_sla_dag.py
[2026-03-30T09:29:37.666+0000] {processor.py:840} INFO - DAG(s) 'example_sla_dag' retrieved from /home/airflow/.local/lib/python3.8/site-packages/airflow/example_dags/example_sla_dag.py
[2026-03-30T09:29:37.691+0000] {logging_mixin.py:188} INFO - [2026-03-30T09:29:37.691+0000] {dag.py:3036} INFO - Sync 1 DAGs
[2026-03-30T09:29:37.723+0000] {logging_mixin.py:188} INFO - [2026-03-30T09:29:37.722+0000] {dag.py:3823} INFO - Setting next_dagrun for example_sla_dag to 2026-03-30 09:26:00+00:00, run_after=2026-03-30 09:28:00+00:00
[2026-03-30T09:29:37.749+0000] {processor.py:183} INFO - Processing /home/airflow/.local/lib/python3.8/site-packages/airflow/example_dags/example_sla_dag.py took 0.106 seconds
[2026-03-30T09:30:08.084+0000] {processor.py:161} INFO - Started process (PID=6635) to work on /home/airflow/.local/lib/python3.8/site-packages/airflow/example_dags/example_sla_dag.py
[2026-03-30T09:30:08.086+0000] {processor.py:830} INFO - Processing file /home/airflow/.local/lib/python3.8/site-packages/airflow/example_dags/example_sla_dag.py for tasks to queue
[2026-03-30T09:30:08.088+0000] {logging_mixin.py:188} INFO - [2026-03-30T09:30:08.088+0000] {dagbag.py:538} INFO - Filling up the DagBag from /home/airflow/.local/lib/python3.8/site-packages/airflow/example_dags/example_sla_dag.py
[2026-03-30T09:30:08.099+0000] {processor.py:840} INFO - DAG(s) 'example_sla_dag' retrieved from /home/airflow/.local/lib/python3.8/site-packages/airflow/example_dags/example_sla_dag.py
[2026-03-30T09:30:08.129+0000] {logging_mixin.py:188} INFO - [2026-03-30T09:30:08.129+0000] {dag.py:3036} INFO - Sync 1 DAGs
[2026-03-30T09:30:08.164+0000] {logging_mixin.py:188} INFO - [2026-03-30T09:30:08.164+0000] {dag.py:3823} INFO - Setting next_dagrun for example_sla_dag to 2026-03-30 09:28:00+00:00, run_after=2026-03-30 09:30:00+00:00
[2026-03-30T09:30:08.198+0000] {processor.py:183} INFO - Processing /home/airflow/.local/lib/python3.8/site-packages/airflow/example_dags/example_sla_dag.py took 0.118 seconds
[2026-03-30T09:30:38.572+0000] {processor.py:161} INFO - Started process (PID=6692) to work on /home/airflow/.local/lib/python3.8/site-packages/airflow/example_dags/example_sla_dag.py
[2026-03-30T09:30:38.574+0000] {processor.py:830} INFO - Processing file /home/airflow/.local/lib/python3.8/site-packages/airflow/example_dags/example_sla_dag.py for tasks to queue
[2026-03-30T09:30:38.577+0000] {logging_mixin.py:188} INFO - [2026-03-30T09:30:38.577+0000] {dagbag.py:538} INFO - Filling up the DagBag from /home/airflow/.local/lib/python3.8/site-packages/airflow/example_dags/example_sla_dag.py
[2026-03-30T09:30:38.594+0000] {processor.py:840} INFO - DAG(s) 'example_sla_dag' retrieved from /home/airflow/.local/lib/python3.8/site-packages/airflow/example_dags/example_sla_dag.py
[2026-03-30T09:30:38.631+0000] {logging_mixin.py:188} INFO - [2026-03-30T09:30:38.630+0000] {dag.py:3036} INFO - Sync 1 DAGs
[2026-03-30T09:30:38.674+0000] {logging_mixin.py:188} INFO - [2026-03-30T09:30:38.673+0000] {dag.py:3823} INFO - Setting next_dagrun for example_sla_dag to 2026-03-30 09:28:00+00:00, run_after=2026-03-30 09:30:00+00:00
[2026-03-30T09:30:38.706+0000] {processor.py:183} INFO - Processing /home/airflow/.local/lib/python3.8/site-packages/airflow/example_dags/example_sla_dag.py took 0.139 seconds
[2026-03-30T09:31:09.340+0000] {processor.py:161} INFO - Started process (PID=6749) to work on /home/airflow/.local/lib/python3.8/site-packages/airflow/example_dags/example_sla_dag.py
[2026-03-30T09:31:09.342+0000] {processor.py:830} INFO - Processing file /home/airflow/.local/lib/python3.8/site-packages/airflow/example_dags/example_sla_dag.py for tasks to queue
[2026-03-30T09:31:09.347+0000] {logging_mixin.py:188} INFO - [2026-03-30T09:31:09.346+0000] {dagbag.py:538} INFO - Filling up the DagBag from /home/airflow/.local/lib/python3.8/site-packages/airflow/example_dags/example_sla_dag.py
[2026-03-30T09:31:09.363+0000] {processor.py:840} INFO - DAG(s) 'example_sla_dag' retrieved from /home/airflow/.local/lib/python3.8/site-packages/airflow/example_dags/example_sla_dag.py
[2026-03-30T09:31:09.394+0000] {logging_mixin.py:188} INFO - [2026-03-30T09:31:09.394+0000] {dag.py:3036} INFO - Sync 1 DAGs
[2026-03-30T09:31:09.436+0000] {logging_mixin.py:188} INFO - [2026-03-30T09:31:09.435+0000] {dag.py:3823} INFO - Setting next_dagrun for example_sla_dag to 2026-03-30 09:28:00+00:00, run_after=2026-03-30 09:30:00+00:00
[2026-03-30T09:31:09.468+0000] {processor.py:183} INFO - Processing /home/airflow/.local/lib/python3.8/site-packages/airflow/example_dags/example_sla_dag.py took 0.134 seconds
[2026-03-30T09:31:39.850+0000] {processor.py:161} INFO - Started process (PID=6806) to work on /home/airflow/.local/lib/python3.8/site-packages/airflow/example_dags/example_sla_dag.py
[2026-03-30T09:31:39.851+0000] {processor.py:830} INFO - Processing file /home/airflow/.local/lib/python3.8/site-packages/airflow/example_dags/example_sla_dag.py for tasks to queue
[2026-03-30T09:31:39.854+0000] {logging_mixin.py:188} INFO - [2026-03-30T09:31:39.853+0000] {dagbag.py:538} INFO - Filling up the DagBag from /home/airflow/.local/lib/python3.8/site-packages/airflow/example_dags/example_sla_dag.py
[2026-03-30T09:31:39.866+0000] {processor.py:840} INFO - DAG(s) 'example_sla_dag' retrieved from /home/airflow/.local/lib/python3.8/site-packages/airflow/example_dags/example_sla_dag.py
[2026-03-30T09:31:39.894+0000] {logging_mixin.py:188} INFO - [2026-03-30T09:31:39.894+0000] {dag.py:3036} INFO - Sync 1 DAGs
[2026-03-30T09:31:39.930+0000] {logging_mixin.py:188} INFO - [2026-03-30T09:31:39.929+0000] {dag.py:3823} INFO - Setting next_dagrun for example_sla_dag to 2026-03-30 09:28:00+00:00, run_after=2026-03-30 09:30:00+00:00
[2026-03-30T09:31:39.961+0000] {processor.py:183} INFO - Processing /home/airflow/.local/lib/python3.8/site-packages/airflow/example_dags/example_sla_dag.py took 0.116 seconds
[2026-03-30T09:32:10.222+0000] {processor.py:161} INFO - Started process (PID=6863) to work on /home/airflow/.local/lib/python3.8/site-packages/airflow/example_dags/example_sla_dag.py
[2026-03-30T09:32:10.224+0000] {processor.py:830} INFO - Processing file /home/airflow/.local/lib/python3.8/site-packages/airflow/example_dags/example_sla_dag.py for tasks to queue
[2026-03-30T09:32:10.227+0000] {logging_mixin.py:188} INFO - [2026-03-30T09:32:10.227+0000] {dagbag.py:538} INFO - Filling up the DagBag from /home/airflow/.local/lib/python3.8/site-packages/airflow/example_dags/example_sla_dag.py
[2026-03-30T09:32:10.239+0000] {processor.py:840} INFO - DAG(s) 'example_sla_dag' retrieved from /home/airflow/.local/lib/python3.8/site-packages/airflow/example_dags/example_sla_dag.py
[2026-03-30T09:32:10.266+0000] {logging_mixin.py:188} INFO - [2026-03-30T09:32:10.265+0000] {dag.py:3036} INFO - Sync 1 DAGs
[2026-03-30T09:32:10.301+0000] {logging_mixin.py:188} INFO - [2026-03-30T09:32:10.301+0000] {dag.py:3823} INFO - Setting next_dagrun for example_sla_dag to 2026-03-30 09:30:00+00:00, run_after=2026-03-30 09:32:00+00:00
[2026-03-30T09:32:10.344+0000] {processor.py:183} INFO - Processing /home/airflow/.local/lib/python3.8/site-packages/airflow/example_dags/example_sla_dag.py took 0.125 seconds
[2026-03-30T09:32:40.533+0000] {processor.py:161} INFO - Started process (PID=6920) to work on /home/airflow/.local/lib/python3.8/site-packages/airflow/example_dags/example_sla_dag.py
[2026-03-30T09:32:40.535+0000] {processor.py:830} INFO - Processing file /home/airflow/.local/lib/python3.8/site-packages/airflow/example_dags/example_sla_dag.py for tasks to queue
[2026-03-30T09:32:40.539+0000] {logging_mixin.py:188} INFO - [2026-03-30T09:32:40.539+0000] {dagbag.py:538} INFO - Filling up the DagBag from /home/airflow/.local/lib/python3.8/site-packages/airflow/example_dags/example_sla_dag.py
[2026-03-30T09:32:40.553+0000] {processor.py:840} INFO - DAG(s) 'example_sla_dag' retrieved from /home/airflow/.local/lib/python3.8/site-packages/airflow/example_dags/example_sla_dag.py
[2026-03-30T09:32:40.583+0000] {logging_mixin.py:188} INFO - [2026-03-30T09:32:40.583+0000] {dag.py:3036} INFO - Sync 1 DAGs
[2026-03-30T09:32:40.621+0000] {logging_mixin.py:188} INFO - [2026-03-30T09:32:40.621+0000] {dag.py:3823} INFO - Setting next_dagrun for example_sla_dag to 2026-03-30 09:30:00+00:00, run_after=2026-03-30 09:32:00+00:00
[2026-03-30T09:32:40.682+0000] {processor.py:183} INFO - Processing /home/airflow/.local/lib/python3.8/site-packages/airflow/example_dags/example_sla_dag.py took 0.154 seconds
[2026-03-30T09:33:11.262+0000] {processor.py:161} INFO - Started process (PID=6977) to work on /home/airflow/.local/lib/python3.8/site-packages/airflow/example_dags/example_sla_dag.py
[2026-03-30T09:33:11.264+0000] {processor.py:830} INFO - Processing file /home/airflow/.local/lib/python3.8/site-packages/airflow/example_dags/example_sla_dag.py for tasks to queue
[2026-03-30T09:33:11.267+0000] {logging_mixin.py:188} INFO - [2026-03-30T09:33:11.267+0000] {dagbag.py:538} INFO - Filling up the DagBag from /home/airflow/.local/lib/python3.8/site-packages/airflow/example_dags/example_sla_dag.py
[2026-03-30T09:33:11.280+0000] {processor.py:840} INFO - DAG(s) 'example_sla_dag' retrieved from /home/airflow/.local/lib/python3.8/site-packages/airflow/example_dags/example_sla_dag.py
[2026-03-30T09:33:11.309+0000] {logging_mixin.py:188} INFO - [2026-03-30T09:33:11.308+0000] {dag.py:3036} INFO - Sync 1 DAGs
[2026-03-30T09:33:11.343+0000] {logging_mixin.py:188} INFO - [2026-03-30T09:33:11.343+0000] {dag.py:3823} INFO - Setting next_dagrun for example_sla_dag to 2026-03-30 09:30:00+00:00, run_after=2026-03-30 09:32:00+00:00
[2026-03-30T09:33:11.373+0000] {processor.py:183} INFO - Processing /home/airflow/.local/lib/python3.8/site-packages/airflow/example_dags/example_sla_dag.py took 0.116 seconds
[2026-03-30T09:33:41.485+0000] {processor.py:161} INFO - Started process (PID=7034) to work on /home/airflow/.local/lib/python3.8/site-packages/airflow/example_dags/example_sla_dag.py
[2026-03-30T09:33:41.486+0000] {processor.py:830} INFO - Processing file /home/airflow/.local/lib/python3.8/site-packages/airflow/example_dags/example_sla_dag.py for tasks to queue
[2026-03-30T09:33:41.489+0000] {logging_mixin.py:188} INFO - [2026-03-30T09:33:41.488+0000] {dagbag.py:538} INFO - Filling up the DagBag from /home/airflow/.local/lib/python3.8/site-packages/airflow/example_dags/example_sla_dag.py
[2026-03-30T09:33:41.503+0000] {processor.py:840} INFO - DAG(s) 'example_sla_dag' retrieved from /home/airflow/.local/lib/python3.8/site-packages/airflow/example_dags/example_sla_dag.py
[2026-03-30T09:33:41.530+0000] {logging_mixin.py:188} INFO - [2026-03-30T09:33:41.530+0000] {dag.py:3036} INFO - Sync 1 DAGs
[2026-03-30T09:33:41.568+0000] {logging_mixin.py:188} INFO - [2026-03-30T09:33:41.568+0000] {dag.py:3823} INFO - Setting next_dagrun for example_sla_dag to 2026-03-30 09:30:00+00:00, run_after=2026-03-30 09:32:00+00:00
[2026-03-30T09:33:41.602+0000] {processor.py:183} INFO - Processing /home/airflow/.local/lib/python3.8/site-packages/airflow/example_dags/example_sla_dag.py took 0.122 seconds
[2026-03-30T09:34:11.852+0000] {processor.py:161} INFO - Started process (PID=7091) to work on /home/airflow/.local/lib/python3.8/site-packages/airflow/example_dags/example_sla_dag.py
[2026-03-30T09:34:11.854+0000] {processor.py:830} INFO - Processing file /home/airflow/.local/lib/python3.8/site-packages/airflow/example_dags/example_sla_dag.py for tasks to queue
[2026-03-30T09:34:11.859+0000] {logging_mixin.py:188} INFO - [2026-03-30T09:34:11.858+0000] {dagbag.py:538} INFO - Filling up the DagBag from /home/airflow/.local/lib/python3.8/site-packages/airflow/example_dags/example_sla_dag.py
[2026-03-30T09:34:11.875+0000] {processor.py:840} INFO - DAG(s) 'example_sla_dag' retrieved from /home/airflow/.local/lib/python3.8/site-packages/airflow/example_dags/example_sla_dag.py
[2026-03-30T09:34:11.901+0000] {logging_mixin.py:188} INFO - [2026-03-30T09:34:11.901+0000] {dag.py:3036} INFO - Sync 1 DAGs
[2026-03-30T09:34:11.938+0000] {logging_mixin.py:188} INFO - [2026-03-30T09:34:11.937+0000] {dag.py:3823} INFO - Setting next_dagrun for example_sla_dag to 2026-03-30 09:32:00+00:00, run_after=2026-03-30 09:34:00+00:00
[2026-03-30T09:34:11.967+0000] {processor.py:183} INFO - Processing /home/airflow/.local/lib/python3.8/site-packages/airflow/example_dags/example_sla_dag.py took 0.121 seconds
[2026-03-30T09:35:20.434+0000] {processor.py:161} INFO - Started process (PID=7148) to work on /home/airflow/.local/lib/python3.8/site-packages/airflow/example_dags/example_sla_dag.py
[2026-03-30T09:35:20.435+0000] {processor.py:830} INFO - Processing file /home/airflow/.local/lib/python3.8/site-packages/airflow/example_dags/example_sla_dag.py for tasks to queue
[2026-03-30T09:35:20.438+0000] {logging_mixin.py:188} INFO - [2026-03-30T09:35:20.437+0000] {dagbag.py:538} INFO - Filling up the DagBag from /home/airflow/.local/lib/python3.8/site-packages/airflow/example_dags/example_sla_dag.py
[2026-03-30T09:35:20.449+0000] {processor.py:840} INFO - DAG(s) 'example_sla_dag' retrieved from /home/airflow/.local/lib/python3.8/site-packages/airflow/example_dags/example_sla_dag.py
[2026-03-30T09:35:20.486+0000] {logging_mixin.py:188} INFO - [2026-03-30T09:35:20.485+0000] {dag.py:3036} INFO - Sync 1 DAGs
[2026-03-30T09:35:20.548+0000] {logging_mixin.py:188} INFO - [2026-03-30T09:35:20.547+0000] {dag.py:3823} INFO - Setting next_dagrun for example_sla_dag to 2026-03-30 09:32:00+00:00, run_after=2026-03-30 09:34:00+00:00
[2026-03-30T09:35:20.605+0000] {processor.py:183} INFO - Processing /home/airflow/.local/lib/python3.8/site-packages/airflow/example_dags/example_sla_dag.py took 0.175 seconds
[2026-03-30T11:45:03.295+0000] {processor.py:161} INFO - Started process (PID=7199) to work on /home/airflow/.local/lib/python3.8/site-packages/airflow/example_dags/example_sla_dag.py
[2026-03-30T11:45:03.297+0000] {processor.py:830} INFO - Processing file /home/airflow/.local/lib/python3.8/site-packages/airflow/example_dags/example_sla_dag.py for tasks to queue
[2026-03-30T11:45:03.300+0000] {logging_mixin.py:188} INFO - [2026-03-30T11:45:03.300+0000] {dagbag.py:538} INFO - Filling up the DagBag from /home/airflow/.local/lib/python3.8/site-packages/airflow/example_dags/example_sla_dag.py
[2026-03-30T11:45:03.310+0000] {processor.py:840} INFO - DAG(s) 'example_sla_dag' retrieved from /home/airflow/.local/lib/python3.8/site-packages/airflow/example_dags/example_sla_dag.py
[2026-03-30T11:45:03.338+0000] {logging_mixin.py:188} INFO - [2026-03-30T11:45:03.338+0000] {dag.py:3036} INFO - Sync 1 DAGs
[2026-03-30T11:45:03.376+0000] {logging_mixin.py:188} INFO - [2026-03-30T11:45:03.376+0000] {dag.py:3823} INFO - Setting next_dagrun for example_sla_dag to 2026-03-30 11:42:00+00:00, run_after=2026-03-30 11:44:00+00:00
[2026-03-30T11:45:03.435+0000] {processor.py:183} INFO - Processing /home/airflow/.local/lib/python3.8/site-packages/airflow/example_dags/example_sla_dag.py took 0.144 seconds
[2026-03-30T11:45:33.718+0000] {processor.py:161} INFO - Started process (PID=7256) to work on /home/airflow/.local/lib/python3.8/site-packages/airflow/example_dags/example_sla_dag.py
[2026-03-30T11:45:33.719+0000] {processor.py:830} INFO - Processing file /home/airflow/.local/lib/python3.8/site-packages/airflow/example_dags/example_sla_dag.py for tasks to queue
[2026-03-30T11:45:33.722+0000] {logging_mixin.py:188} INFO - [2026-03-30T11:45:33.722+0000] {dagbag.py:538} INFO - Filling up the DagBag from /home/airflow/.local/lib/python3.8/site-packages/airflow/example_dags/example_sla_dag.py
[2026-03-30T11:45:33.732+0000] {processor.py:840} INFO - DAG(s) 'example_sla_dag' retrieved from /home/airflow/.local/lib/python3.8/site-packages/airflow/example_dags/example_sla_dag.py
[2026-03-30T11:45:33.756+0000] {logging_mixin.py:188} INFO - [2026-03-30T11:45:33.756+0000] {dag.py:3036} INFO - Sync 1 DAGs
[2026-03-30T11:45:33.781+0000] {logging_mixin.py:188} INFO - [2026-03-30T11:45:33.781+0000] {dag.py:3823} INFO - Setting next_dagrun for example_sla_dag to 2026-03-30 11:42:00+00:00, run_after=2026-03-30 11:44:00+00:00
[2026-03-30T11:45:33.803+0000] {processor.py:183} INFO - Processing /home/airflow/.local/lib/python3.8/site-packages/airflow/example_dags/example_sla_dag.py took 0.089 seconds
[2026-03-30T11:46:04.716+0000] {processor.py:161} INFO - Started process (PID=7311) to work on /home/airflow/.local/lib/python3.8/site-packages/airflow/example_dags/example_sla_dag.py
[2026-03-30T11:46:04.717+0000] {processor.py:830} INFO - Processing file /home/airflow/.local/lib/python3.8/site-packages/airflow/example_dags/example_sla_dag.py for tasks to queue
[2026-03-30T11:46:04.719+0000] {logging_mixin.py:188} INFO - [2026-03-30T11:46:04.719+0000] {dagbag.py:538} INFO - Filling up the DagBag from /home/airflow/.local/lib/python3.8/site-packages/airflow/example_dags/example_sla_dag.py
[2026-03-30T11:46:04.727+0000] {processor.py:840} INFO - DAG(s) 'example_sla_dag' retrieved from /home/airflow/.local/lib/python3.8/site-packages/airflow/example_dags/example_sla_dag.py
[2026-03-30T11:46:04.748+0000] {logging_mixin.py:188} INFO - [2026-03-30T11:46:04.748+0000] {dag.py:3036} INFO - Sync 1 DAGs
[2026-03-30T11:46:04.769+0000] {logging_mixin.py:188} INFO - [2026-03-30T11:46:04.769+0000] {dag.py:3823} INFO - Setting next_dagrun for example_sla_dag to 2026-03-30 11:44:00+00:00, run_after=2026-03-30 11:46:00+00:00
[2026-03-30T11:46:04.789+0000] {processor.py:183} INFO - Processing /home/airflow/.local/lib/python3.8/site-packages/airflow/example_dags/example_sla_dag.py took 0.077 seconds
[2026-03-30T11:46:35.517+0000] {processor.py:161} INFO - Started process (PID=7374) to work on /home/airflow/.local/lib/python3.8/site-packages/airflow/example_dags/example_sla_dag.py
[2026-03-30T11:46:35.518+0000] {processor.py:830} INFO - Processing file /home/airflow/.local/lib/python3.8/site-packages/airflow/example_dags/example_sla_dag.py for tasks to queue
[2026-03-30T11:46:35.523+0000] {logging_mixin.py:188} INFO - [2026-03-30T11:46:35.523+0000] {dagbag.py:538} INFO - Filling up the DagBag from /home/airflow/.local/lib/python3.8/site-packages/airflow/example_dags/example_sla_dag.py
[2026-03-30T11:46:35.534+0000] {processor.py:840} INFO - DAG(s) 'example_sla_dag' retrieved from /home/airflow/.local/lib/python3.8/site-packages/airflow/example_dags/example_sla_dag.py
[2026-03-30T11:46:35.571+0000] {logging_mixin.py:188} INFO - [2026-03-30T11:46:35.570+0000] {dag.py:3036} INFO - Sync 1 DAGs
[2026-03-30T11:46:35.605+0000] {logging_mixin.py:188} INFO - [2026-03-30T11:46:35.605+0000] {dag.py:3823} INFO - Setting next_dagrun for example_sla_dag to 2026-03-30 11:44:00+00:00, run_after=2026-03-30 11:46:00+00:00
[2026-03-30T11:46:35.638+0000] {processor.py:183} INFO - Processing /home/airflow/.local/lib/python3.8/site-packages/airflow/example_dags/example_sla_dag.py took 0.125 seconds
[2026-03-30T11:47:06.072+0000] {processor.py:161} INFO - Started process (PID=7431) to work on /home/airflow/.local/lib/python3.8/site-packages/airflow/example_dags/example_sla_dag.py
[2026-03-30T11:47:06.074+0000] {processor.py:830} INFO - Processing file /home/airflow/.local/lib/python3.8/site-packages/airflow/example_dags/example_sla_dag.py for tasks to queue
[2026-03-30T11:47:06.077+0000] {logging_mixin.py:188} INFO - [2026-03-30T11:47:06.077+0000] {dagbag.py:538} INFO - Filling up the DagBag from /home/airflow/.local/lib/python3.8/site-packages/airflow/example_dags/example_sla_dag.py
[2026-03-30T11:47:06.089+0000] {processor.py:840} INFO - DAG(s) 'example_sla_dag' retrieved from /home/airflow/.local/lib/python3.8/site-packages/airflow/example_dags/example_sla_dag.py
[2026-03-30T11:47:06.123+0000] {logging_mixin.py:188} INFO - [2026-03-30T11:47:06.123+0000] {dag.py:3036} INFO - Sync 1 DAGs
[2026-03-30T11:47:06.160+0000] {logging_mixin.py:188} INFO - [2026-03-30T11:47:06.160+0000] {dag.py:3823} INFO - Setting next_dagrun for example_sla_dag to 2026-03-30 11:44:00+00:00, run_after=2026-03-30 11:46:00+00:00
[2026-03-30T11:47:06.193+0000] {processor.py:183} INFO - Processing /home/airflow/.local/lib/python3.8/site-packages/airflow/example_dags/example_sla_dag.py took 0.130 seconds
[2026-03-30T11:47:36.639+0000] {processor.py:161} INFO - Started process (PID=7488) to work on /home/airflow/.local/lib/python3.8/site-packages/airflow/example_dags/example_sla_dag.py
[2026-03-30T11:47:36.640+0000] {processor.py:830} INFO - Processing file /home/airflow/.local/lib/python3.8/site-packages/airflow/example_dags/example_sla_dag.py for tasks to queue
[2026-03-30T11:47:36.643+0000] {logging_mixin.py:188} INFO - [2026-03-30T11:47:36.643+0000] {dagbag.py:538} INFO - Filling up the DagBag from /home/airflow/.local/lib/python3.8/site-packages/airflow/example_dags/example_sla_dag.py
[2026-03-30T11:47:36.655+0000] {processor.py:840} INFO - DAG(s) 'example_sla_dag' retrieved from /home/airflow/.local/lib/python3.8/site-packages/airflow/example_dags/example_sla_dag.py
[2026-03-30T11:47:36.687+0000] {logging_mixin.py:188} INFO - [2026-03-30T11:47:36.686+0000] {dag.py:3036} INFO - Sync 1 DAGs
[2026-03-30T11:47:36.726+0000] {logging_mixin.py:188} INFO - [2026-03-30T11:47:36.726+0000] {dag.py:3823} INFO - Setting next_dagrun for example_sla_dag to 2026-03-30 11:44:00+00:00, run_after=2026-03-30 11:46:00+00:00
[2026-03-30T11:47:36.756+0000] {processor.py:183} INFO - Processing /home/airflow/.local/lib/python3.8/site-packages/airflow/example_dags/example_sla_dag.py took 0.124 seconds
[2026-03-30T11:48:07.189+0000] {processor.py:161} INFO - Started process (PID=7545) to work on /home/airflow/.local/lib/python3.8/site-packages/airflow/example_dags/example_sla_dag.py
[2026-03-30T11:48:07.191+0000] {processor.py:830} INFO - Processing file /home/airflow/.local/lib/python3.8/site-packages/airflow/example_dags/example_sla_dag.py for tasks to queue
[2026-03-30T11:48:07.194+0000] {logging_mixin.py:188} INFO - [2026-03-30T11:48:07.193+0000] {dagbag.py:538} INFO - Filling up the DagBag from /home/airflow/.local/lib/python3.8/site-packages/airflow/example_dags/example_sla_dag.py
[2026-03-30T11:48:07.207+0000] {processor.py:840} INFO - DAG(s) 'example_sla_dag' retrieved from /home/airflow/.local/lib/python3.8/site-packages/airflow/example_dags/example_sla_dag.py
[2026-03-30T11:48:07.239+0000] {logging_mixin.py:188} INFO - [2026-03-30T11:48:07.239+0000] {dag.py:3036} INFO - Sync 1 DAGs
[2026-03-30T11:48:07.276+0000] {logging_mixin.py:188} INFO - [2026-03-30T11:48:07.276+0000] {dag.py:3823} INFO - Setting next_dagrun for example_sla_dag to 2026-03-30 11:46:00+00:00, run_after=2026-03-30 11:48:00+00:00
[2026-03-30T11:48:07.307+0000] {processor.py:183} INFO - Processing /home/airflow/.local/lib/python3.8/site-packages/airflow/example_dags/example_sla_dag.py took 0.122 seconds
[2026-03-30T11:48:38.137+0000] {processor.py:161} INFO - Started process (PID=7603) to work on /home/airflow/.local/lib/python3.8/site-packages/airflow/example_dags/example_sla_dag.py
[2026-03-30T11:48:38.139+0000] {processor.py:830} INFO - Processing file /home/airflow/.local/lib/python3.8/site-packages/airflow/example_dags/example_sla_dag.py for tasks to queue
[2026-03-30T11:48:38.142+0000] {logging_mixin.py:188} INFO - [2026-03-30T11:48:38.142+0000] {dagbag.py:538} INFO - Filling up the DagBag from /home/airflow/.local/lib/python3.8/site-packages/airflow/example_dags/example_sla_dag.py
[2026-03-30T11:48:38.156+0000] {processor.py:840} INFO - DAG(s) 'example_sla_dag' retrieved from /home/airflow/.local/lib/python3.8/site-packages/airflow/example_dags/example_sla_dag.py
[2026-03-30T11:48:38.187+0000] {logging_mixin.py:188} INFO - [2026-03-30T11:48:38.187+0000] {dag.py:3036} INFO - Sync 1 DAGs
[2026-03-30T11:48:38.224+0000] {logging_mixin.py:188} INFO - [2026-03-30T11:48:38.223+0000] {dag.py:3823} INFO - Setting next_dagrun for example_sla_dag to 2026-03-30 11:46:00+00:00, run_after=2026-03-30 11:48:00+00:00
[2026-03-30T11:48:38.254+0000] {processor.py:183} INFO - Processing /home/airflow/.local/lib/python3.8/site-packages/airflow/example_dags/example_sla_dag.py took 0.123 seconds
[2026-03-30T11:49:08.790+0000] {processor.py:161} INFO - Started process (PID=7660) to work on /home/airflow/.local/lib/python3.8/site-packages/airflow/example_dags/example_sla_dag.py
[2026-03-30T11:49:08.792+0000] {processor.py:830} INFO - Processing file /home/airflow/.local/lib/python3.8/site-packages/airflow/example_dags/example_sla_dag.py for tasks to queue
[2026-03-30T11:49:08.795+0000] {logging_mixin.py:188} INFO - [2026-03-30T11:49:08.795+0000] {dagbag.py:538} INFO - Filling up the DagBag from /home/airflow/.local/lib/python3.8/site-packages/airflow/example_dags/example_sla_dag.py
[2026-03-30T11:49:08.808+0000] {processor.py:840} INFO - DAG(s) 'example_sla_dag' retrieved from /home/airflow/.local/lib/python3.8/site-packages/airflow/example_dags/example_sla_dag.py
[2026-03-30T11:49:08.837+0000] {logging_mixin.py:188} INFO - [2026-03-30T11:49:08.837+0000] {dag.py:3036} INFO - Sync 1 DAGs
[2026-03-30T11:49:08.873+0000] {logging_mixin.py:188} INFO - [2026-03-30T11:49:08.873+0000] {dag.py:3823} INFO - Setting next_dagrun for example_sla_dag to 2026-03-30 11:46:00+00:00, run_after=2026-03-30 11:48:00+00:00
[2026-03-30T11:49:08.905+0000] {processor.py:183} INFO - Processing /home/airflow/.local/lib/python3.8/site-packages/airflow/example_dags/example_sla_dag.py took 0.121 seconds
[2026-03-30T11:49:39.385+0000] {processor.py:161} INFO - Started process (PID=7717) to work on /home/airflow/.local/lib/python3.8/site-packages/airflow/example_dags/example_sla_dag.py
[2026-03-30T11:49:39.388+0000] {processor.py:830} INFO - Processing file /home/airflow/.local/lib/python3.8/site-packages/airflow/example_dags/example_sla_dag.py for tasks to queue
[2026-03-30T11:49:39.392+0000] {logging_mixin.py:188} INFO - [2026-03-30T11:49:39.391+0000] {dagbag.py:538} INFO - Filling up the DagBag from /home/airflow/.local/lib/python3.8/site-packages/airflow/example_dags/example_sla_dag.py
[2026-03-30T11:49:39.407+0000] {processor.py:840} INFO - DAG(s) 'example_sla_dag' retrieved from /home/airflow/.local/lib/python3.8/site-packages/airflow/example_dags/example_sla_dag.py
[2026-03-30T11:49:39.443+0000] {logging_mixin.py:188} INFO - [2026-03-30T11:49:39.442+0000] {dag.py:3036} INFO - Sync 1 DAGs
[2026-03-30T11:49:39.483+0000] {logging_mixin.py:188} INFO - [2026-03-30T11:49:39.483+0000] {dag.py:3823} INFO - Setting next_dagrun for example_sla_dag to 2026-03-30 11:46:00+00:00, run_after=2026-03-30 11:48:00+00:00
[2026-03-30T11:49:39.518+0000] {processor.py:183} INFO - Processing /home/airflow/.local/lib/python3.8/site-packages/airflow/example_dags/example_sla_dag.py took 0.142 seconds
[2026-03-30T14:58:36.280+0000] {processor.py:161} INFO - Started process (PID=65) to work on /home/airflow/.local/lib/python3.8/site-packages/airflow/example_dags/example_sla_dag.py
[2026-03-30T14:58:36.282+0000] {processor.py:830} INFO - Processing file /home/airflow/.local/lib/python3.8/site-packages/airflow/example_dags/example_sla_dag.py for tasks to queue
[2026-03-30T14:58:36.286+0000] {logging_mixin.py:188} INFO - [2026-03-30T14:58:36.286+0000] {dagbag.py:538} INFO - Filling up the DagBag from /home/airflow/.local/lib/python3.8/site-packages/airflow/example_dags/example_sla_dag.py
[2026-03-30T14:58:36.310+0000] {processor.py:840} INFO - DAG(s) 'example_sla_dag' retrieved from /home/airflow/.local/lib/python3.8/site-packages/airflow/example_dags/example_sla_dag.py
[2026-03-30T14:58:36.334+0000] {logging_mixin.py:188} INFO - [2026-03-30T14:58:36.333+0000] {dag.py:3036} INFO - Sync 1 DAGs
[2026-03-30T14:58:36.378+0000] {logging_mixin.py:188} INFO - [2026-03-30T14:58:36.378+0000] {dag.py:3823} INFO - Setting next_dagrun for example_sla_dag to 2026-03-30 14:56:00+00:00, run_after=2026-03-30 14:58:00+00:00
[2026-03-30T14:58:36.413+0000] {processor.py:183} INFO - Processing /home/airflow/.local/lib/python3.8/site-packages/airflow/example_dags/example_sla_dag.py took 0.141 seconds
[2026-03-30T14:59:06.649+0000] {processor.py:161} INFO - Started process (PID=122) to work on /home/airflow/.local/lib/python3.8/site-packages/airflow/example_dags/example_sla_dag.py
[2026-03-30T14:59:06.650+0000] {processor.py:830} INFO - Processing file /home/airflow/.local/lib/python3.8/site-packages/airflow/example_dags/example_sla_dag.py for tasks to queue
[2026-03-30T14:59:06.654+0000] {logging_mixin.py:188} INFO - [2026-03-30T14:59:06.653+0000] {dagbag.py:538} INFO - Filling up the DagBag from /home/airflow/.local/lib/python3.8/site-packages/airflow/example_dags/example_sla_dag.py
[2026-03-30T14:59:06.662+0000] {processor.py:840} INFO - DAG(s) 'example_sla_dag' retrieved from /home/airflow/.local/lib/python3.8/site-packages/airflow/example_dags/example_sla_dag.py
[2026-03-30T14:59:06.762+0000] {logging_mixin.py:188} INFO - [2026-03-30T14:59:06.762+0000] {dag.py:3036} INFO - Sync 1 DAGs
[2026-03-30T14:59:06.786+0000] {logging_mixin.py:188} INFO - [2026-03-30T14:59:06.785+0000] {dag.py:3823} INFO - Setting next_dagrun for example_sla_dag to 2026-03-30 14:56:00+00:00, run_after=2026-03-30 14:58:00+00:00
[2026-03-30T14:59:06.811+0000] {processor.py:183} INFO - Processing /home/airflow/.local/lib/python3.8/site-packages/airflow/example_dags/example_sla_dag.py took 0.166 seconds
[2026-03-30T14:59:36.857+0000] {processor.py:161} INFO - Started process (PID=179) to work on /home/airflow/.local/lib/python3.8/site-packages/airflow/example_dags/example_sla_dag.py
[2026-03-30T14:59:36.859+0000] {processor.py:830} INFO - Processing file /home/airflow/.local/lib/python3.8/site-packages/airflow/example_dags/example_sla_dag.py for tasks to queue
[2026-03-30T14:59:36.862+0000] {logging_mixin.py:188} INFO - [2026-03-30T14:59:36.861+0000] {dagbag.py:538} INFO - Filling up the DagBag from /home/airflow/.local/lib/python3.8/site-packages/airflow/example_dags/example_sla_dag.py
[2026-03-30T14:59:36.871+0000] {processor.py:840} INFO - DAG(s) 'example_sla_dag' retrieved from /home/airflow/.local/lib/python3.8/site-packages/airflow/example_dags/example_sla_dag.py
[2026-03-30T14:59:36.895+0000] {logging_mixin.py:188} INFO - [2026-03-30T14:59:36.894+0000] {dag.py:3036} INFO - Sync 1 DAGs
[2026-03-30T14:59:36.923+0000] {logging_mixin.py:188} INFO - [2026-03-30T14:59:36.923+0000] {dag.py:3823} INFO - Setting next_dagrun for example_sla_dag to 2026-03-30 14:56:00+00:00, run_after=2026-03-30 14:58:00+00:00
[2026-03-30T14:59:36.956+0000] {processor.py:183} INFO - Processing /home/airflow/.local/lib/python3.8/site-packages/airflow/example_dags/example_sla_dag.py took 0.103 seconds
[2026-03-30T15:00:07.995+0000] {processor.py:161} INFO - Started process (PID=242) to work on /home/airflow/.local/lib/python3.8/site-packages/airflow/example_dags/example_sla_dag.py
[2026-03-30T15:00:07.996+0000] {processor.py:830} INFO - Processing file /home/airflow/.local/lib/python3.8/site-packages/airflow/example_dags/example_sla_dag.py for tasks to queue
[2026-03-30T15:00:08.000+0000] {logging_mixin.py:188} INFO - [2026-03-30T15:00:07.999+0000] {dagbag.py:538} INFO - Filling up the DagBag from /home/airflow/.local/lib/python3.8/site-packages/airflow/example_dags/example_sla_dag.py
[2026-03-30T15:00:08.017+0000] {processor.py:840} INFO - DAG(s) 'example_sla_dag' retrieved from /home/airflow/.local/lib/python3.8/site-packages/airflow/example_dags/example_sla_dag.py
[2026-03-30T15:00:08.041+0000] {logging_mixin.py:188} INFO - [2026-03-30T15:00:08.041+0000] {dag.py:3036} INFO - Sync 1 DAGs
[2026-03-30T15:00:08.071+0000] {logging_mixin.py:188} INFO - [2026-03-30T15:00:08.071+0000] {dag.py:3823} INFO - Setting next_dagrun for example_sla_dag to 2026-03-30 14:58:00+00:00, run_after=2026-03-30 15:00:00+00:00
[2026-03-30T15:00:08.114+0000] {processor.py:183} INFO - Processing /home/airflow/.local/lib/python3.8/site-packages/airflow/example_dags/example_sla_dag.py took 0.123 seconds
[2026-03-30T15:00:38.199+0000] {processor.py:161} INFO - Started process (PID=299) to work on /home/airflow/.local/lib/python3.8/site-packages/airflow/example_dags/example_sla_dag.py
[2026-03-30T15:00:38.202+0000] {processor.py:830} INFO - Processing file /home/airflow/.local/lib/python3.8/site-packages/airflow/example_dags/example_sla_dag.py for tasks to queue
[2026-03-30T15:00:38.205+0000] {logging_mixin.py:188} INFO - [2026-03-30T15:00:38.204+0000] {dagbag.py:538} INFO - Filling up the DagBag from /home/airflow/.local/lib/python3.8/site-packages/airflow/example_dags/example_sla_dag.py
[2026-03-30T15:00:38.219+0000] {processor.py:840} INFO - DAG(s) 'example_sla_dag' retrieved from /home/airflow/.local/lib/python3.8/site-packages/airflow/example_dags/example_sla_dag.py
[2026-03-30T15:00:38.247+0000] {logging_mixin.py:188} INFO - [2026-03-30T15:00:38.247+0000] {dag.py:3036} INFO - Sync 1 DAGs
[2026-03-30T15:00:38.293+0000] {logging_mixin.py:188} INFO - [2026-03-30T15:00:38.293+0000] {dag.py:3823} INFO - Setting next_dagrun for example_sla_dag to 2026-03-30 14:58:00+00:00, run_after=2026-03-30 15:00:00+00:00
[2026-03-30T15:00:38.325+0000] {processor.py:183} INFO - Processing /home/airflow/.local/lib/python3.8/site-packages/airflow/example_dags/example_sla_dag.py took 0.132 seconds
[2026-03-30T15:01:08.696+0000] {processor.py:161} INFO - Started process (PID=356) to work on /home/airflow/.local/lib/python3.8/site-packages/airflow/example_dags/example_sla_dag.py
[2026-03-30T15:01:08.699+0000] {processor.py:830} INFO - Processing file /home/airflow/.local/lib/python3.8/site-packages/airflow/example_dags/example_sla_dag.py for tasks to queue
[2026-03-30T15:01:08.702+0000] {logging_mixin.py:188} INFO - [2026-03-30T15:01:08.701+0000] {dagbag.py:538} INFO - Filling up the DagBag from /home/airflow/.local/lib/python3.8/site-packages/airflow/example_dags/example_sla_dag.py
[2026-03-30T15:01:08.714+0000] {processor.py:840} INFO - DAG(s) 'example_sla_dag' retrieved from /home/airflow/.local/lib/python3.8/site-packages/airflow/example_dags/example_sla_dag.py
[2026-03-30T15:01:08.882+0000] {logging_mixin.py:188} INFO - [2026-03-30T15:01:08.881+0000] {dag.py:3036} INFO - Sync 1 DAGs
[2026-03-30T15:01:08.912+0000] {logging_mixin.py:188} INFO - [2026-03-30T15:01:08.912+0000] {dag.py:3823} INFO - Setting next_dagrun for example_sla_dag to 2026-03-30 14:58:00+00:00, run_after=2026-03-30 15:00:00+00:00
[2026-03-30T15:01:08.946+0000] {processor.py:183} INFO - Processing /home/airflow/.local/lib/python3.8/site-packages/airflow/example_dags/example_sla_dag.py took 0.254 seconds
[2026-03-30T15:01:39.748+0000] {processor.py:161} INFO - Started process (PID=413) to work on /home/airflow/.local/lib/python3.8/site-packages/airflow/example_dags/example_sla_dag.py
[2026-03-30T15:01:39.750+0000] {processor.py:830} INFO - Processing file /home/airflow/.local/lib/python3.8/site-packages/airflow/example_dags/example_sla_dag.py for tasks to queue
[2026-03-30T15:01:39.753+0000] {logging_mixin.py:188} INFO - [2026-03-30T15:01:39.753+0000] {dagbag.py:538} INFO - Filling up the DagBag from /home/airflow/.local/lib/python3.8/site-packages/airflow/example_dags/example_sla_dag.py
[2026-03-30T15:01:39.771+0000] {processor.py:840} INFO - DAG(s) 'example_sla_dag' retrieved from /home/airflow/.local/lib/python3.8/site-packages/airflow/example_dags/example_sla_dag.py
[2026-03-30T15:01:39.805+0000] {logging_mixin.py:188} INFO - [2026-03-30T15:01:39.804+0000] {dag.py:3036} INFO - Sync 1 DAGs
[2026-03-30T15:01:39.855+0000] {logging_mixin.py:188} INFO - [2026-03-30T15:01:39.854+0000] {dag.py:3823} INFO - Setting next_dagrun for example_sla_dag to 2026-03-30 14:58:00+00:00, run_after=2026-03-30 15:00:00+00:00
[2026-03-30T15:01:39.891+0000] {processor.py:183} INFO - Processing /home/airflow/.local/lib/python3.8/site-packages/airflow/example_dags/example_sla_dag.py took 0.149 seconds
[2026-03-30T15:02:09.936+0000] {processor.py:161} INFO - Started process (PID=470) to work on /home/airflow/.local/lib/python3.8/site-packages/airflow/example_dags/example_sla_dag.py
[2026-03-30T15:02:09.937+0000] {processor.py:830} INFO - Processing file /home/airflow/.local/lib/python3.8/site-packages/airflow/example_dags/example_sla_dag.py for tasks to queue
[2026-03-30T15:02:09.941+0000] {logging_mixin.py:188} INFO - [2026-03-30T15:02:09.940+0000] {dagbag.py:538} INFO - Filling up the DagBag from /home/airflow/.local/lib/python3.8/site-packages/airflow/example_dags/example_sla_dag.py
[2026-03-30T15:02:09.955+0000] {processor.py:840} INFO - DAG(s) 'example_sla_dag' retrieved from /home/airflow/.local/lib/python3.8/site-packages/airflow/example_dags/example_sla_dag.py
[2026-03-30T15:02:09.987+0000] {logging_mixin.py:188} INFO - [2026-03-30T15:02:09.987+0000] {dag.py:3036} INFO - Sync 1 DAGs
[2026-03-30T15:02:10.026+0000] {logging_mixin.py:188} INFO - [2026-03-30T15:02:10.025+0000] {dag.py:3823} INFO - Setting next_dagrun for example_sla_dag to 2026-03-30 15:00:00+00:00, run_after=2026-03-30 15:02:00+00:00
[2026-03-30T15:02:10.059+0000] {processor.py:183} INFO - Processing /home/airflow/.local/lib/python3.8/site-packages/airflow/example_dags/example_sla_dag.py took 0.129 seconds
[2026-03-30T15:02:40.814+0000] {processor.py:161} INFO - Started process (PID=527) to work on /home/airflow/.local/lib/python3.8/site-packages/airflow/example_dags/example_sla_dag.py
[2026-03-30T15:02:40.815+0000] {processor.py:830} INFO - Processing file /home/airflow/.local/lib/python3.8/site-packages/airflow/example_dags/example_sla_dag.py for tasks to queue
[2026-03-30T15:02:40.817+0000] {logging_mixin.py:188} INFO - [2026-03-30T15:02:40.817+0000] {dagbag.py:538} INFO - Filling up the DagBag from /home/airflow/.local/lib/python3.8/site-packages/airflow/example_dags/example_sla_dag.py
[2026-03-30T15:02:40.826+0000] {processor.py:840} INFO - DAG(s) 'example_sla_dag' retrieved from /home/airflow/.local/lib/python3.8/site-packages/airflow/example_dags/example_sla_dag.py
[2026-03-30T15:02:40.849+0000] {logging_mixin.py:188} INFO - [2026-03-30T15:02:40.849+0000] {dag.py:3036} INFO - Sync 1 DAGs
[2026-03-30T15:02:40.872+0000] {logging_mixin.py:188} INFO - [2026-03-30T15:02:40.871+0000] {dag.py:3823} INFO - Setting next_dagrun for example_sla_dag to 2026-03-30 15:00:00+00:00, run_after=2026-03-30 15:02:00+00:00
[2026-03-30T15:02:40.894+0000] {processor.py:183} INFO - Processing /home/airflow/.local/lib/python3.8/site-packages/airflow/example_dags/example_sla_dag.py took 0.084 seconds
[2026-03-30T15:03:11.001+0000] {processor.py:161} INFO - Started process (PID=584) to work on /home/airflow/.local/lib/python3.8/site-packages/airflow/example_dags/example_sla_dag.py
[2026-03-30T15:03:11.002+0000] {processor.py:830} INFO - Processing file /home/airflow/.local/lib/python3.8/site-packages/airflow/example_dags/example_sla_dag.py for tasks to queue
[2026-03-30T15:03:11.004+0000] {logging_mixin.py:188} INFO - [2026-03-30T15:03:11.004+0000] {dagbag.py:538} INFO - Filling up the DagBag from /home/airflow/.local/lib/python3.8/site-packages/airflow/example_dags/example_sla_dag.py
[2026-03-30T15:03:11.013+0000] {processor.py:840} INFO - DAG(s) 'example_sla_dag' retrieved from /home/airflow/.local/lib/python3.8/site-packages/airflow/example_dags/example_sla_dag.py
[2026-03-30T15:03:11.034+0000] {logging_mixin.py:188} INFO - [2026-03-30T15:03:11.034+0000] {dag.py:3036} INFO - Sync 1 DAGs
[2026-03-30T15:03:11.055+0000] {logging_mixin.py:188} INFO - [2026-03-30T15:03:11.055+0000] {dag.py:3823} INFO - Setting next_dagrun for example_sla_dag to 2026-03-30 15:00:00+00:00, run_after=2026-03-30 15:02:00+00:00
[2026-03-30T15:03:11.077+0000] {processor.py:183} INFO - Processing /home/airflow/.local/lib/python3.8/site-packages/airflow/example_dags/example_sla_dag.py took 0.079 seconds
[2026-03-30T15:03:41.170+0000] {processor.py:161} INFO - Started process (PID=641) to work on /home/airflow/.local/lib/python3.8/site-packages/airflow/example_dags/example_sla_dag.py
[2026-03-30T15:03:41.172+0000] {processor.py:830} INFO - Processing file /home/airflow/.local/lib/python3.8/site-packages/airflow/example_dags/example_sla_dag.py for tasks to queue
[2026-03-30T15:03:41.175+0000] {logging_mixin.py:188} INFO - [2026-03-30T15:03:41.174+0000] {dagbag.py:538} INFO - Filling up the DagBag from /home/airflow/.local/lib/python3.8/site-packages/airflow/example_dags/example_sla_dag.py
[2026-03-30T15:03:41.183+0000] {processor.py:840} INFO - DAG(s) 'example_sla_dag' retrieved from /home/airflow/.local/lib/python3.8/site-packages/airflow/example_dags/example_sla_dag.py
[2026-03-30T15:03:41.205+0000] {logging_mixin.py:188} INFO - [2026-03-30T15:03:41.204+0000] {dag.py:3036} INFO - Sync 1 DAGs
[2026-03-30T15:03:41.227+0000] {logging_mixin.py:188} INFO - [2026-03-30T15:03:41.227+0000] {dag.py:3823} INFO - Setting next_dagrun for example_sla_dag to 2026-03-30 15:00:00+00:00, run_after=2026-03-30 15:02:00+00:00
[2026-03-30T15:03:41.251+0000] {processor.py:183} INFO - Processing /home/airflow/.local/lib/python3.8/site-packages/airflow/example_dags/example_sla_dag.py took 0.085 seconds
[2026-03-30T15:04:12.053+0000] {processor.py:161} INFO - Started process (PID=698) to work on /home/airflow/.local/lib/python3.8/site-packages/airflow/example_dags/example_sla_dag.py
[2026-03-30T15:04:12.055+0000] {processor.py:830} INFO - Processing file /home/airflow/.local/lib/python3.8/site-packages/airflow/example_dags/example_sla_dag.py for tasks to queue
[2026-03-30T15:04:12.057+0000] {logging_mixin.py:188} INFO - [2026-03-30T15:04:12.057+0000] {dagbag.py:538} INFO - Filling up the DagBag from /home/airflow/.local/lib/python3.8/site-packages/airflow/example_dags/example_sla_dag.py
[2026-03-30T15:04:12.066+0000] {processor.py:840} INFO - DAG(s) 'example_sla_dag' retrieved from /home/airflow/.local/lib/python3.8/site-packages/airflow/example_dags/example_sla_dag.py
[2026-03-30T15:04:12.086+0000] {logging_mixin.py:188} INFO - [2026-03-30T15:04:12.086+0000] {dag.py:3036} INFO - Sync 1 DAGs
[2026-03-30T15:04:12.108+0000] {logging_mixin.py:188} INFO - [2026-03-30T15:04:12.108+0000] {dag.py:3823} INFO - Setting next_dagrun for example_sla_dag to 2026-03-30 15:02:00+00:00, run_after=2026-03-30 15:04:00+00:00
[2026-03-30T15:04:12.136+0000] {processor.py:183} INFO - Processing /home/airflow/.local/lib/python3.8/site-packages/airflow/example_dags/example_sla_dag.py took 0.086 seconds
[2026-03-30T15:04:42.518+0000] {processor.py:161} INFO - Started process (PID=755) to work on /home/airflow/.local/lib/python3.8/site-packages/airflow/example_dags/example_sla_dag.py
[2026-03-30T15:04:42.519+0000] {processor.py:830} INFO - Processing file /home/airflow/.local/lib/python3.8/site-packages/airflow/example_dags/example_sla_dag.py for tasks to queue
[2026-03-30T15:04:42.523+0000] {logging_mixin.py:188} INFO - [2026-03-30T15:04:42.522+0000] {dagbag.py:538} INFO - Filling up the DagBag from /home/airflow/.local/lib/python3.8/site-packages/airflow/example_dags/example_sla_dag.py
[2026-03-30T15:04:42.532+0000] {processor.py:840} INFO - DAG(s) 'example_sla_dag' retrieved from /home/airflow/.local/lib/python3.8/site-packages/airflow/example_dags/example_sla_dag.py
[2026-03-30T15:04:42.553+0000] {logging_mixin.py:188} INFO - [2026-03-30T15:04:42.553+0000] {dag.py:3036} INFO - Sync 1 DAGs
[2026-03-30T15:04:42.577+0000] {logging_mixin.py:188} INFO - [2026-03-30T15:04:42.577+0000] {dag.py:3823} INFO - Setting next_dagrun for example_sla_dag to 2026-03-30 15:02:00+00:00, run_after=2026-03-30 15:04:00+00:00
[2026-03-30T15:04:42.600+0000] {processor.py:183} INFO - Processing /home/airflow/.local/lib/python3.8/site-packages/airflow/example_dags/example_sla_dag.py took 0.086 seconds
[2026-03-30T15:05:12.740+0000] {processor.py:161} INFO - Started process (PID=812) to work on /home/airflow/.local/lib/python3.8/site-packages/airflow/example_dags/example_sla_dag.py
[2026-03-30T15:05:12.742+0000] {processor.py:830} INFO - Processing file /home/airflow/.local/lib/python3.8/site-packages/airflow/example_dags/example_sla_dag.py for tasks to queue
[2026-03-30T15:05:12.745+0000] {logging_mixin.py:188} INFO - [2026-03-30T15:05:12.744+0000] {dagbag.py:538} INFO - Filling up the DagBag from /home/airflow/.local/lib/python3.8/site-packages/airflow/example_dags/example_sla_dag.py
[2026-03-30T15:05:12.758+0000] {processor.py:840} INFO - DAG(s) 'example_sla_dag' retrieved from /home/airflow/.local/lib/python3.8/site-packages/airflow/example_dags/example_sla_dag.py
[2026-03-30T15:05:12.789+0000] {logging_mixin.py:188} INFO - [2026-03-30T15:05:12.789+0000] {dag.py:3036} INFO - Sync 1 DAGs
[2026-03-30T15:05:12.828+0000] {logging_mixin.py:188} INFO - [2026-03-30T15:05:12.828+0000] {dag.py:3823} INFO - Setting next_dagrun for example_sla_dag to 2026-03-30 15:02:00+00:00, run_after=2026-03-30 15:04:00+00:00
[2026-03-30T15:05:12.873+0000] {processor.py:183} INFO - Processing /home/airflow/.local/lib/python3.8/site-packages/airflow/example_dags/example_sla_dag.py took 0.140 seconds
[2026-03-30T15:05:43.349+0000] {processor.py:161} INFO - Started process (PID=869) to work on /home/airflow/.local/lib/python3.8/site-packages/airflow/example_dags/example_sla_dag.py
[2026-03-30T15:05:43.351+0000] {processor.py:830} INFO - Processing file /home/airflow/.local/lib/python3.8/site-packages/airflow/example_dags/example_sla_dag.py for tasks to queue
[2026-03-30T15:05:43.354+0000] {logging_mixin.py:188} INFO - [2026-03-30T15:05:43.354+0000] {dagbag.py:538} INFO - Filling up the DagBag from /home/airflow/.local/lib/python3.8/site-packages/airflow/example_dags/example_sla_dag.py
[2026-03-30T15:05:43.372+0000] {processor.py:840} INFO - DAG(s) 'example_sla_dag' retrieved from /home/airflow/.local/lib/python3.8/site-packages/airflow/example_dags/example_sla_dag.py
[2026-03-30T15:05:43.397+0000] {logging_mixin.py:188} INFO - [2026-03-30T15:05:43.396+0000] {dag.py:3036} INFO - Sync 1 DAGs
[2026-03-30T15:05:43.424+0000] {logging_mixin.py:188} INFO - [2026-03-30T15:05:43.424+0000] {dag.py:3823} INFO - Setting next_dagrun for example_sla_dag to 2026-03-30 15:02:00+00:00, run_after=2026-03-30 15:04:00+00:00
[2026-03-30T15:05:43.464+0000] {processor.py:183} INFO - Processing /home/airflow/.local/lib/python3.8/site-packages/airflow/example_dags/example_sla_dag.py took 0.120 seconds
[2026-03-30T15:06:13.981+0000] {processor.py:161} INFO - Started process (PID=926) to work on /home/airflow/.local/lib/python3.8/site-packages/airflow/example_dags/example_sla_dag.py
[2026-03-30T15:06:13.982+0000] {processor.py:830} INFO - Processing file /home/airflow/.local/lib/python3.8/site-packages/airflow/example_dags/example_sla_dag.py for tasks to queue
[2026-03-30T15:06:13.985+0000] {logging_mixin.py:188} INFO - [2026-03-30T15:06:13.984+0000] {dagbag.py:538} INFO - Filling up the DagBag from /home/airflow/.local/lib/python3.8/site-packages/airflow/example_dags/example_sla_dag.py
[2026-03-30T15:06:13.996+0000] {processor.py:840} INFO - DAG(s) 'example_sla_dag' retrieved from /home/airflow/.local/lib/python3.8/site-packages/airflow/example_dags/example_sla_dag.py
[2026-03-30T15:06:14.016+0000] {logging_mixin.py:188} INFO - [2026-03-30T15:06:14.016+0000] {dag.py:3036} INFO - Sync 1 DAGs
[2026-03-30T15:06:14.039+0000] {logging_mixin.py:188} INFO - [2026-03-30T15:06:14.039+0000] {dag.py:3823} INFO - Setting next_dagrun for example_sla_dag to 2026-03-30 15:04:00+00:00, run_after=2026-03-30 15:06:00+00:00
[2026-03-30T15:06:14.078+0000] {processor.py:183} INFO - Processing /home/airflow/.local/lib/python3.8/site-packages/airflow/example_dags/example_sla_dag.py took 0.100 seconds
[2026-03-30T15:06:44.528+0000] {processor.py:161} INFO - Started process (PID=983) to work on /home/airflow/.local/lib/python3.8/site-packages/airflow/example_dags/example_sla_dag.py
[2026-03-30T15:06:44.529+0000] {processor.py:830} INFO - Processing file /home/airflow/.local/lib/python3.8/site-packages/airflow/example_dags/example_sla_dag.py for tasks to queue
[2026-03-30T15:06:44.532+0000] {logging_mixin.py:188} INFO - [2026-03-30T15:06:44.531+0000] {dagbag.py:538} INFO - Filling up the DagBag from /home/airflow/.local/lib/python3.8/site-packages/airflow/example_dags/example_sla_dag.py
[2026-03-30T15:06:44.546+0000] {processor.py:840} INFO - DAG(s) 'example_sla_dag' retrieved from /home/airflow/.local/lib/python3.8/site-packages/airflow/example_dags/example_sla_dag.py
[2026-03-30T15:06:44.578+0000] {logging_mixin.py:188} INFO - [2026-03-30T15:06:44.578+0000] {dag.py:3036} INFO - Sync 1 DAGs
[2026-03-30T15:06:44.611+0000] {logging_mixin.py:188} INFO - [2026-03-30T15:06:44.610+0000] {dag.py:3823} INFO - Setting next_dagrun for example_sla_dag to 2026-03-30 15:04:00+00:00, run_after=2026-03-30 15:06:00+00:00
[2026-03-30T15:06:44.755+0000] {processor.py:183} INFO - Processing /home/airflow/.local/lib/python3.8/site-packages/airflow/example_dags/example_sla_dag.py took 0.232 seconds
[2026-03-30T15:07:14.846+0000] {processor.py:161} INFO - Started process (PID=1040) to work on /home/airflow/.local/lib/python3.8/site-packages/airflow/example_dags/example_sla_dag.py
[2026-03-30T15:07:14.848+0000] {processor.py:830} INFO - Processing file /home/airflow/.local/lib/python3.8/site-packages/airflow/example_dags/example_sla_dag.py for tasks to queue
[2026-03-30T15:07:14.850+0000] {logging_mixin.py:188} INFO - [2026-03-30T15:07:14.850+0000] {dagbag.py:538} INFO - Filling up the DagBag from /home/airflow/.local/lib/python3.8/site-packages/airflow/example_dags/example_sla_dag.py
[2026-03-30T15:07:14.863+0000] {processor.py:840} INFO - DAG(s) 'example_sla_dag' retrieved from /home/airflow/.local/lib/python3.8/site-packages/airflow/example_dags/example_sla_dag.py
[2026-03-30T15:07:14.891+0000] {logging_mixin.py:188} INFO - [2026-03-30T15:07:14.891+0000] {dag.py:3036} INFO - Sync 1 DAGs
[2026-03-30T15:07:14.927+0000] {logging_mixin.py:188} INFO - [2026-03-30T15:07:14.927+0000] {dag.py:3823} INFO - Setting next_dagrun for example_sla_dag to 2026-03-30 15:04:00+00:00, run_after=2026-03-30 15:06:00+00:00
[2026-03-30T15:07:14.963+0000] {processor.py:183} INFO - Processing /home/airflow/.local/lib/python3.8/site-packages/airflow/example_dags/example_sla_dag.py took 0.121 seconds
[2026-03-30T15:07:45.033+0000] {processor.py:161} INFO - Started process (PID=1097) to work on /home/airflow/.local/lib/python3.8/site-packages/airflow/example_dags/example_sla_dag.py
[2026-03-30T15:07:45.034+0000] {processor.py:830} INFO - Processing file /home/airflow/.local/lib/python3.8/site-packages/airflow/example_dags/example_sla_dag.py for tasks to queue
[2026-03-30T15:07:45.036+0000] {logging_mixin.py:188} INFO - [2026-03-30T15:07:45.036+0000] {dagbag.py:538} INFO - Filling up the DagBag from /home/airflow/.local/lib/python3.8/site-packages/airflow/example_dags/example_sla_dag.py
[2026-03-30T15:07:45.044+0000] {processor.py:840} INFO - DAG(s) 'example_sla_dag' retrieved from /home/airflow/.local/lib/python3.8/site-packages/airflow/example_dags/example_sla_dag.py
[2026-03-30T15:07:45.065+0000] {logging_mixin.py:188} INFO - [2026-03-30T15:07:45.065+0000] {dag.py:3036} INFO - Sync 1 DAGs
[2026-03-30T15:07:45.094+0000] {logging_mixin.py:188} INFO - [2026-03-30T15:07:45.093+0000] {dag.py:3823} INFO - Setting next_dagrun for example_sla_dag to 2026-03-30 15:04:00+00:00, run_after=2026-03-30 15:06:00+00:00
[2026-03-30T15:07:45.118+0000] {processor.py:183} INFO - Processing /home/airflow/.local/lib/python3.8/site-packages/airflow/example_dags/example_sla_dag.py took 0.089 seconds
[2026-03-30T15:08:15.356+0000] {processor.py:161} INFO - Started process (PID=1155) to work on /home/airflow/.local/lib/python3.8/site-packages/airflow/example_dags/example_sla_dag.py
[2026-03-30T15:08:15.358+0000] {processor.py:830} INFO - Processing file /home/airflow/.local/lib/python3.8/site-packages/airflow/example_dags/example_sla_dag.py for tasks to queue
[2026-03-30T15:08:15.361+0000] {logging_mixin.py:188} INFO - [2026-03-30T15:08:15.360+0000] {dagbag.py:538} INFO - Filling up the DagBag from /home/airflow/.local/lib/python3.8/site-packages/airflow/example_dags/example_sla_dag.py
[2026-03-30T15:08:15.376+0000] {processor.py:840} INFO - DAG(s) 'example_sla_dag' retrieved from /home/airflow/.local/lib/python3.8/site-packages/airflow/example_dags/example_sla_dag.py
[2026-03-30T15:08:15.409+0000] {logging_mixin.py:188} INFO - [2026-03-30T15:08:15.409+0000] {dag.py:3036} INFO - Sync 1 DAGs
[2026-03-30T15:08:15.449+0000] {logging_mixin.py:188} INFO - [2026-03-30T15:08:15.449+0000] {dag.py:3823} INFO - Setting next_dagrun for example_sla_dag to 2026-03-30 15:06:00+00:00, run_after=2026-03-30 15:08:00+00:00
[2026-03-30T15:08:15.475+0000] {processor.py:183} INFO - Processing /home/airflow/.local/lib/python3.8/site-packages/airflow/example_dags/example_sla_dag.py took 0.123 seconds
[2026-03-30T15:08:45.620+0000] {processor.py:161} INFO - Started process (PID=1212) to work on /home/airflow/.local/lib/python3.8/site-packages/airflow/example_dags/example_sla_dag.py
[2026-03-30T15:08:45.622+0000] {processor.py:830} INFO - Processing file /home/airflow/.local/lib/python3.8/site-packages/airflow/example_dags/example_sla_dag.py for tasks to queue
[2026-03-30T15:08:45.624+0000] {logging_mixin.py:188} INFO - [2026-03-30T15:08:45.623+0000] {dagbag.py:538} INFO - Filling up the DagBag from /home/airflow/.local/lib/python3.8/site-packages/airflow/example_dags/example_sla_dag.py
[2026-03-30T15:08:45.632+0000] {processor.py:840} INFO - DAG(s) 'example_sla_dag' retrieved from /home/airflow/.local/lib/python3.8/site-packages/airflow/example_dags/example_sla_dag.py
[2026-03-30T15:08:45.653+0000] {logging_mixin.py:188} INFO - [2026-03-30T15:08:45.653+0000] {dag.py:3036} INFO - Sync 1 DAGs
[2026-03-30T15:08:45.676+0000] {logging_mixin.py:188} INFO - [2026-03-30T15:08:45.676+0000] {dag.py:3823} INFO - Setting next_dagrun for example_sla_dag to 2026-03-30 15:06:00+00:00, run_after=2026-03-30 15:08:00+00:00
[2026-03-30T15:08:45.698+0000] {processor.py:183} INFO - Processing /home/airflow/.local/lib/python3.8/site-packages/airflow/example_dags/example_sla_dag.py took 0.081 seconds
[2026-03-30T15:09:15.923+0000] {processor.py:161} INFO - Started process (PID=1269) to work on /home/airflow/.local/lib/python3.8/site-packages/airflow/example_dags/example_sla_dag.py
[2026-03-30T15:09:15.924+0000] {processor.py:830} INFO - Processing file /home/airflow/.local/lib/python3.8/site-packages/airflow/example_dags/example_sla_dag.py for tasks to queue
[2026-03-30T15:09:15.926+0000] {logging_mixin.py:188} INFO - [2026-03-30T15:09:15.926+0000] {dagbag.py:538} INFO - Filling up the DagBag from /home/airflow/.local/lib/python3.8/site-packages/airflow/example_dags/example_sla_dag.py
[2026-03-30T15:09:15.934+0000] {processor.py:840} INFO - DAG(s) 'example_sla_dag' retrieved from /home/airflow/.local/lib/python3.8/site-packages/airflow/example_dags/example_sla_dag.py
[2026-03-30T15:09:15.958+0000] {logging_mixin.py:188} INFO - [2026-03-30T15:09:15.958+0000] {dag.py:3036} INFO - Sync 1 DAGs
[2026-03-30T15:09:15.986+0000] {logging_mixin.py:188} INFO - [2026-03-30T15:09:15.985+0000] {dag.py:3823} INFO - Setting next_dagrun for example_sla_dag to 2026-03-30 15:06:00+00:00, run_after=2026-03-30 15:08:00+00:00
[2026-03-30T15:09:16.010+0000] {processor.py:183} INFO - Processing /home/airflow/.local/lib/python3.8/site-packages/airflow/example_dags/example_sla_dag.py took 0.091 seconds
[2026-03-30T15:09:46.255+0000] {processor.py:161} INFO - Started process (PID=1326) to work on /home/airflow/.local/lib/python3.8/site-packages/airflow/example_dags/example_sla_dag.py
[2026-03-30T15:09:46.256+0000] {processor.py:830} INFO - Processing file /home/airflow/.local/lib/python3.8/site-packages/airflow/example_dags/example_sla_dag.py for tasks to queue
[2026-03-30T15:09:46.259+0000] {logging_mixin.py:188} INFO - [2026-03-30T15:09:46.258+0000] {dagbag.py:538} INFO - Filling up the DagBag from /home/airflow/.local/lib/python3.8/site-packages/airflow/example_dags/example_sla_dag.py
[2026-03-30T15:09:46.269+0000] {processor.py:840} INFO - DAG(s) 'example_sla_dag' retrieved from /home/airflow/.local/lib/python3.8/site-packages/airflow/example_dags/example_sla_dag.py
[2026-03-30T15:09:46.298+0000] {logging_mixin.py:188} INFO - [2026-03-30T15:09:46.298+0000] {dag.py:3036} INFO - Sync 1 DAGs
[2026-03-30T15:09:46.329+0000] {logging_mixin.py:188} INFO - [2026-03-30T15:09:46.329+0000] {dag.py:3823} INFO - Setting next_dagrun for example_sla_dag to 2026-03-30 15:06:00+00:00, run_after=2026-03-30 15:08:00+00:00
[2026-03-30T15:09:46.358+0000] {processor.py:183} INFO - Processing /home/airflow/.local/lib/python3.8/site-packages/airflow/example_dags/example_sla_dag.py took 0.109 seconds
[2026-03-30T15:10:16.963+0000] {processor.py:161} INFO - Started process (PID=1383) to work on /home/airflow/.local/lib/python3.8/site-packages/airflow/example_dags/example_sla_dag.py
[2026-03-30T15:10:16.966+0000] {processor.py:830} INFO - Processing file /home/airflow/.local/lib/python3.8/site-packages/airflow/example_dags/example_sla_dag.py for tasks to queue
[2026-03-30T15:10:16.971+0000] {logging_mixin.py:188} INFO - [2026-03-30T15:10:16.970+0000] {dagbag.py:538} INFO - Filling up the DagBag from /home/airflow/.local/lib/python3.8/site-packages/airflow/example_dags/example_sla_dag.py
[2026-03-30T15:10:16.988+0000] {processor.py:840} INFO - DAG(s) 'example_sla_dag' retrieved from /home/airflow/.local/lib/python3.8/site-packages/airflow/example_dags/example_sla_dag.py
[2026-03-30T15:10:17.025+0000] {logging_mixin.py:188} INFO - [2026-03-30T15:10:17.025+0000] {dag.py:3036} INFO - Sync 1 DAGs
[2026-03-30T15:10:17.077+0000] {logging_mixin.py:188} INFO - [2026-03-30T15:10:17.076+0000] {dag.py:3823} INFO - Setting next_dagrun for example_sla_dag to 2026-03-30 15:08:00+00:00, run_after=2026-03-30 15:10:00+00:00
[2026-03-30T15:10:17.122+0000] {processor.py:183} INFO - Processing /home/airflow/.local/lib/python3.8/site-packages/airflow/example_dags/example_sla_dag.py took 0.164 seconds
[2026-03-30T15:10:47.698+0000] {processor.py:161} INFO - Started process (PID=1440) to work on /home/airflow/.local/lib/python3.8/site-packages/airflow/example_dags/example_sla_dag.py
[2026-03-30T15:10:47.700+0000] {processor.py:830} INFO - Processing file /home/airflow/.local/lib/python3.8/site-packages/airflow/example_dags/example_sla_dag.py for tasks to queue
[2026-03-30T15:10:47.706+0000] {logging_mixin.py:188} INFO - [2026-03-30T15:10:47.705+0000] {dagbag.py:538} INFO - Filling up the DagBag from /home/airflow/.local/lib/python3.8/site-packages/airflow/example_dags/example_sla_dag.py
[2026-03-30T15:10:47.722+0000] {processor.py:840} INFO - DAG(s) 'example_sla_dag' retrieved from /home/airflow/.local/lib/python3.8/site-packages/airflow/example_dags/example_sla_dag.py
[2026-03-30T15:10:47.757+0000] {logging_mixin.py:188} INFO - [2026-03-30T15:10:47.757+0000] {dag.py:3036} INFO - Sync 1 DAGs
[2026-03-30T15:10:47.831+0000] {logging_mixin.py:188} INFO - [2026-03-30T15:10:47.830+0000] {dag.py:3823} INFO - Setting next_dagrun for example_sla_dag to 2026-03-30 15:08:00+00:00, run_after=2026-03-30 15:10:00+00:00
[2026-03-30T15:10:47.882+0000] {processor.py:183} INFO - Processing /home/airflow/.local/lib/python3.8/site-packages/airflow/example_dags/example_sla_dag.py took 0.189 seconds
[2026-03-30T15:11:18.760+0000] {processor.py:161} INFO - Started process (PID=1497) to work on /home/airflow/.local/lib/python3.8/site-packages/airflow/example_dags/example_sla_dag.py
[2026-03-30T15:11:18.766+0000] {processor.py:830} INFO - Processing file /home/airflow/.local/lib/python3.8/site-packages/airflow/example_dags/example_sla_dag.py for tasks to queue
[2026-03-30T15:11:18.770+0000] {logging_mixin.py:188} INFO - [2026-03-30T15:11:18.769+0000] {dagbag.py:538} INFO - Filling up the DagBag from /home/airflow/.local/lib/python3.8/site-packages/airflow/example_dags/example_sla_dag.py
[2026-03-30T15:11:18.781+0000] {processor.py:840} INFO - DAG(s) 'example_sla_dag' retrieved from /home/airflow/.local/lib/python3.8/site-packages/airflow/example_dags/example_sla_dag.py
[2026-03-30T15:11:18.810+0000] {logging_mixin.py:188} INFO - [2026-03-30T15:11:18.810+0000] {dag.py:3036} INFO - Sync 1 DAGs
[2026-03-30T15:11:18.844+0000] {logging_mixin.py:188} INFO - [2026-03-30T15:11:18.844+0000] {dag.py:3823} INFO - Setting next_dagrun for example_sla_dag to 2026-03-30 15:08:00+00:00, run_after=2026-03-30 15:10:00+00:00
[2026-03-30T15:11:18.877+0000] {processor.py:183} INFO - Processing /home/airflow/.local/lib/python3.8/site-packages/airflow/example_dags/example_sla_dag.py took 0.121 seconds
[2026-03-30T15:11:49.097+0000] {processor.py:161} INFO - Started process (PID=1554) to work on /home/airflow/.local/lib/python3.8/site-packages/airflow/example_dags/example_sla_dag.py
[2026-03-30T15:11:49.098+0000] {processor.py:830} INFO - Processing file /home/airflow/.local/lib/python3.8/site-packages/airflow/example_dags/example_sla_dag.py for tasks to queue
[2026-03-30T15:11:49.100+0000] {logging_mixin.py:188} INFO - [2026-03-30T15:11:49.100+0000] {dagbag.py:538} INFO - Filling up the DagBag from /home/airflow/.local/lib/python3.8/site-packages/airflow/example_dags/example_sla_dag.py
[2026-03-30T15:11:49.110+0000] {processor.py:840} INFO - DAG(s) 'example_sla_dag' retrieved from /home/airflow/.local/lib/python3.8/site-packages/airflow/example_dags/example_sla_dag.py
[2026-03-30T15:11:49.135+0000] {logging_mixin.py:188} INFO - [2026-03-30T15:11:49.134+0000] {dag.py:3036} INFO - Sync 1 DAGs
[2026-03-30T15:11:49.165+0000] {logging_mixin.py:188} INFO - [2026-03-30T15:11:49.164+0000] {dag.py:3823} INFO - Setting next_dagrun for example_sla_dag to 2026-03-30 15:08:00+00:00, run_after=2026-03-30 15:10:00+00:00
[2026-03-30T15:11:49.187+0000] {processor.py:183} INFO - Processing /home/airflow/.local/lib/python3.8/site-packages/airflow/example_dags/example_sla_dag.py took 0.094 seconds
[2026-03-30T15:12:19.556+0000] {processor.py:161} INFO - Started process (PID=1612) to work on /home/airflow/.local/lib/python3.8/site-packages/airflow/example_dags/example_sla_dag.py
[2026-03-30T15:12:19.558+0000] {processor.py:830} INFO - Processing file /home/airflow/.local/lib/python3.8/site-packages/airflow/example_dags/example_sla_dag.py for tasks to queue
[2026-03-30T15:12:19.562+0000] {logging_mixin.py:188} INFO - [2026-03-30T15:12:19.561+0000] {dagbag.py:538} INFO - Filling up the DagBag from /home/airflow/.local/lib/python3.8/site-packages/airflow/example_dags/example_sla_dag.py
[2026-03-30T15:12:19.579+0000] {processor.py:840} INFO - DAG(s) 'example_sla_dag' retrieved from /home/airflow/.local/lib/python3.8/site-packages/airflow/example_dags/example_sla_dag.py
[2026-03-30T15:12:19.612+0000] {logging_mixin.py:188} INFO - [2026-03-30T15:12:19.611+0000] {dag.py:3036} INFO - Sync 1 DAGs
[2026-03-30T15:12:19.654+0000] {logging_mixin.py:188} INFO - [2026-03-30T15:12:19.653+0000] {dag.py:3823} INFO - Setting next_dagrun for example_sla_dag to 2026-03-30 15:10:00+00:00, run_after=2026-03-30 15:12:00+00:00
[2026-03-30T15:12:19.692+0000] {processor.py:183} INFO - Processing /home/airflow/.local/lib/python3.8/site-packages/airflow/example_dags/example_sla_dag.py took 0.141 seconds
[2026-03-30T15:12:50.539+0000] {processor.py:161} INFO - Started process (PID=1669) to work on /home/airflow/.local/lib/python3.8/site-packages/airflow/example_dags/example_sla_dag.py
[2026-03-30T15:12:50.540+0000] {processor.py:830} INFO - Processing file /home/airflow/.local/lib/python3.8/site-packages/airflow/example_dags/example_sla_dag.py for tasks to queue
[2026-03-30T15:12:50.542+0000] {logging_mixin.py:188} INFO - [2026-03-30T15:12:50.542+0000] {dagbag.py:538} INFO - Filling up the DagBag from /home/airflow/.local/lib/python3.8/site-packages/airflow/example_dags/example_sla_dag.py
[2026-03-30T15:12:50.551+0000] {processor.py:840} INFO - DAG(s) 'example_sla_dag' retrieved from /home/airflow/.local/lib/python3.8/site-packages/airflow/example_dags/example_sla_dag.py
[2026-03-30T15:12:50.568+0000] {logging_mixin.py:188} INFO - [2026-03-30T15:12:50.568+0000] {dag.py:3036} INFO - Sync 1 DAGs
[2026-03-30T15:12:50.590+0000] {logging_mixin.py:188} INFO - [2026-03-30T15:12:50.590+0000] {dag.py:3823} INFO - Setting next_dagrun for example_sla_dag to 2026-03-30 15:10:00+00:00, run_after=2026-03-30 15:12:00+00:00
[2026-03-30T15:12:50.613+0000] {processor.py:183} INFO - Processing /home/airflow/.local/lib/python3.8/site-packages/airflow/example_dags/example_sla_dag.py took 0.078 seconds
[2026-03-30T15:13:20.992+0000] {processor.py:161} INFO - Started process (PID=1726) to work on /home/airflow/.local/lib/python3.8/site-packages/airflow/example_dags/example_sla_dag.py
[2026-03-30T15:13:20.994+0000] {processor.py:830} INFO - Processing file /home/airflow/.local/lib/python3.8/site-packages/airflow/example_dags/example_sla_dag.py for tasks to queue
[2026-03-30T15:13:20.995+0000] {logging_mixin.py:188} INFO - [2026-03-30T15:13:20.995+0000] {dagbag.py:538} INFO - Filling up the DagBag from /home/airflow/.local/lib/python3.8/site-packages/airflow/example_dags/example_sla_dag.py
[2026-03-30T15:13:21.004+0000] {processor.py:840} INFO - DAG(s) 'example_sla_dag' retrieved from /home/airflow/.local/lib/python3.8/site-packages/airflow/example_dags/example_sla_dag.py
[2026-03-30T15:13:21.026+0000] {logging_mixin.py:188} INFO - [2026-03-30T15:13:21.026+0000] {dag.py:3036} INFO - Sync 1 DAGs
[2026-03-30T15:13:21.050+0000] {logging_mixin.py:188} INFO - [2026-03-30T15:13:21.050+0000] {dag.py:3823} INFO - Setting next_dagrun for example_sla_dag to 2026-03-30 15:10:00+00:00, run_after=2026-03-30 15:12:00+00:00
[2026-03-30T15:13:21.072+0000] {processor.py:183} INFO - Processing /home/airflow/.local/lib/python3.8/site-packages/airflow/example_dags/example_sla_dag.py took 0.083 seconds
[2026-03-30T15:13:51.363+0000] {processor.py:161} INFO - Started process (PID=1783) to work on /home/airflow/.local/lib/python3.8/site-packages/airflow/example_dags/example_sla_dag.py
[2026-03-30T15:13:51.364+0000] {processor.py:830} INFO - Processing file /home/airflow/.local/lib/python3.8/site-packages/airflow/example_dags/example_sla_dag.py for tasks to queue
[2026-03-30T15:13:51.367+0000] {logging_mixin.py:188} INFO - [2026-03-30T15:13:51.367+0000] {dagbag.py:538} INFO - Filling up the DagBag from /home/airflow/.local/lib/python3.8/site-packages/airflow/example_dags/example_sla_dag.py
[2026-03-30T15:13:51.379+0000] {processor.py:840} INFO - DAG(s) 'example_sla_dag' retrieved from /home/airflow/.local/lib/python3.8/site-packages/airflow/example_dags/example_sla_dag.py
[2026-03-30T15:13:51.406+0000] {logging_mixin.py:188} INFO - [2026-03-30T15:13:51.406+0000] {dag.py:3036} INFO - Sync 1 DAGs
[2026-03-30T15:13:51.436+0000] {logging_mixin.py:188} INFO - [2026-03-30T15:13:51.436+0000] {dag.py:3823} INFO - Setting next_dagrun for example_sla_dag to 2026-03-30 15:10:00+00:00, run_after=2026-03-30 15:12:00+00:00
[2026-03-30T15:13:51.458+0000] {processor.py:183} INFO - Processing /home/airflow/.local/lib/python3.8/site-packages/airflow/example_dags/example_sla_dag.py took 0.100 seconds
[2026-03-30T15:14:21.761+0000] {processor.py:161} INFO - Started process (PID=1840) to work on /home/airflow/.local/lib/python3.8/site-packages/airflow/example_dags/example_sla_dag.py
[2026-03-30T15:14:21.762+0000] {processor.py:830} INFO - Processing file /home/airflow/.local/lib/python3.8/site-packages/airflow/example_dags/example_sla_dag.py for tasks to queue
[2026-03-30T15:14:21.765+0000] {logging_mixin.py:188} INFO - [2026-03-30T15:14:21.765+0000] {dagbag.py:538} INFO - Filling up the DagBag from /home/airflow/.local/lib/python3.8/site-packages/airflow/example_dags/example_sla_dag.py
[2026-03-30T15:14:21.774+0000] {processor.py:840} INFO - DAG(s) 'example_sla_dag' retrieved from /home/airflow/.local/lib/python3.8/site-packages/airflow/example_dags/example_sla_dag.py
[2026-03-30T15:14:21.795+0000] {logging_mixin.py:188} INFO - [2026-03-30T15:14:21.795+0000] {dag.py:3036} INFO - Sync 1 DAGs
[2026-03-30T15:14:21.819+0000] {logging_mixin.py:188} INFO - [2026-03-30T15:14:21.819+0000] {dag.py:3823} INFO - Setting next_dagrun for example_sla_dag to 2026-03-30 15:12:00+00:00, run_after=2026-03-30 15:14:00+00:00
[2026-03-30T15:14:21.842+0000] {processor.py:183} INFO - Processing /home/airflow/.local/lib/python3.8/site-packages/airflow/example_dags/example_sla_dag.py took 0.085 seconds
[2026-03-30T15:14:52.246+0000] {processor.py:161} INFO - Started process (PID=1897) to work on /home/airflow/.local/lib/python3.8/site-packages/airflow/example_dags/example_sla_dag.py
[2026-03-30T15:14:52.247+0000] {processor.py:830} INFO - Processing file /home/airflow/.local/lib/python3.8/site-packages/airflow/example_dags/example_sla_dag.py for tasks to queue
[2026-03-30T15:14:52.249+0000] {logging_mixin.py:188} INFO - [2026-03-30T15:14:52.249+0000] {dagbag.py:538} INFO - Filling up the DagBag from /home/airflow/.local/lib/python3.8/site-packages/airflow/example_dags/example_sla_dag.py
[2026-03-30T15:14:52.257+0000] {processor.py:840} INFO - DAG(s) 'example_sla_dag' retrieved from /home/airflow/.local/lib/python3.8/site-packages/airflow/example_dags/example_sla_dag.py
[2026-03-30T15:14:52.275+0000] {logging_mixin.py:188} INFO - [2026-03-30T15:14:52.275+0000] {dag.py:3036} INFO - Sync 1 DAGs
[2026-03-30T15:14:52.297+0000] {logging_mixin.py:188} INFO - [2026-03-30T15:14:52.297+0000] {dag.py:3823} INFO - Setting next_dagrun for example_sla_dag to 2026-03-30 15:12:00+00:00, run_after=2026-03-30 15:14:00+00:00
[2026-03-30T15:14:52.332+0000] {processor.py:183} INFO - Processing /home/airflow/.local/lib/python3.8/site-packages/airflow/example_dags/example_sla_dag.py took 0.091 seconds
[2026-03-30T15:15:22.708+0000] {processor.py:161} INFO - Started process (PID=1954) to work on /home/airflow/.local/lib/python3.8/site-packages/airflow/example_dags/example_sla_dag.py
[2026-03-30T15:15:22.709+0000] {processor.py:830} INFO - Processing file /home/airflow/.local/lib/python3.8/site-packages/airflow/example_dags/example_sla_dag.py for tasks to queue
[2026-03-30T15:15:22.711+0000] {logging_mixin.py:188} INFO - [2026-03-30T15:15:22.711+0000] {dagbag.py:538} INFO - Filling up the DagBag from /home/airflow/.local/lib/python3.8/site-packages/airflow/example_dags/example_sla_dag.py
[2026-03-30T15:15:22.720+0000] {processor.py:840} INFO - DAG(s) 'example_sla_dag' retrieved from /home/airflow/.local/lib/python3.8/site-packages/airflow/example_dags/example_sla_dag.py
[2026-03-30T15:15:22.739+0000] {logging_mixin.py:188} INFO - [2026-03-30T15:15:22.739+0000] {dag.py:3036} INFO - Sync 1 DAGs
[2026-03-30T15:15:22.761+0000] {logging_mixin.py:188} INFO - [2026-03-30T15:15:22.761+0000] {dag.py:3823} INFO - Setting next_dagrun for example_sla_dag to 2026-03-30 15:12:00+00:00, run_after=2026-03-30 15:14:00+00:00
[2026-03-30T15:15:22.788+0000] {processor.py:183} INFO - Processing /home/airflow/.local/lib/python3.8/site-packages/airflow/example_dags/example_sla_dag.py took 0.083 seconds
[2026-03-30T15:15:53.232+0000] {processor.py:161} INFO - Started process (PID=2011) to work on /home/airflow/.local/lib/python3.8/site-packages/airflow/example_dags/example_sla_dag.py
[2026-03-30T15:15:53.233+0000] {processor.py:830} INFO - Processing file /home/airflow/.local/lib/python3.8/site-packages/airflow/example_dags/example_sla_dag.py for tasks to queue
[2026-03-30T15:15:53.237+0000] {logging_mixin.py:188} INFO - [2026-03-30T15:15:53.237+0000] {dagbag.py:538} INFO - Filling up the DagBag from /home/airflow/.local/lib/python3.8/site-packages/airflow/example_dags/example_sla_dag.py
[2026-03-30T15:15:53.246+0000] {processor.py:840} INFO - DAG(s) 'example_sla_dag' retrieved from /home/airflow/.local/lib/python3.8/site-packages/airflow/example_dags/example_sla_dag.py
[2026-03-30T15:15:53.266+0000] {logging_mixin.py:188} INFO - [2026-03-30T15:15:53.266+0000] {dag.py:3036} INFO - Sync 1 DAGs
[2026-03-30T15:15:53.291+0000] {logging_mixin.py:188} INFO - [2026-03-30T15:15:53.291+0000] {dag.py:3823} INFO - Setting next_dagrun for example_sla_dag to 2026-03-30 15:12:00+00:00, run_after=2026-03-30 15:14:00+00:00
[2026-03-30T15:15:53.316+0000] {processor.py:183} INFO - Processing /home/airflow/.local/lib/python3.8/site-packages/airflow/example_dags/example_sla_dag.py took 0.087 seconds
[2026-03-30T15:16:23.669+0000] {processor.py:161} INFO - Started process (PID=2068) to work on /home/airflow/.local/lib/python3.8/site-packages/airflow/example_dags/example_sla_dag.py
[2026-03-30T15:16:23.670+0000] {processor.py:830} INFO - Processing file /home/airflow/.local/lib/python3.8/site-packages/airflow/example_dags/example_sla_dag.py for tasks to queue
[2026-03-30T15:16:23.673+0000] {logging_mixin.py:188} INFO - [2026-03-30T15:16:23.673+0000] {dagbag.py:538} INFO - Filling up the DagBag from /home/airflow/.local/lib/python3.8/site-packages/airflow/example_dags/example_sla_dag.py
[2026-03-30T15:16:23.684+0000] {processor.py:840} INFO - DAG(s) 'example_sla_dag' retrieved from /home/airflow/.local/lib/python3.8/site-packages/airflow/example_dags/example_sla_dag.py
[2026-03-30T15:16:23.705+0000] {logging_mixin.py:188} INFO - [2026-03-30T15:16:23.705+0000] {dag.py:3036} INFO - Sync 1 DAGs
[2026-03-30T15:16:23.729+0000] {logging_mixin.py:188} INFO - [2026-03-30T15:16:23.729+0000] {dag.py:3823} INFO - Setting next_dagrun for example_sla_dag to 2026-03-30 15:14:00+00:00, run_after=2026-03-30 15:16:00+00:00
[2026-03-30T15:16:23.794+0000] {processor.py:183} INFO - Processing /home/airflow/.local/lib/python3.8/site-packages/airflow/example_dags/example_sla_dag.py took 0.129 seconds
[2026-03-30T15:16:54.278+0000] {processor.py:161} INFO - Started process (PID=2125) to work on /home/airflow/.local/lib/python3.8/site-packages/airflow/example_dags/example_sla_dag.py
[2026-03-30T15:16:54.280+0000] {processor.py:830} INFO - Processing file /home/airflow/.local/lib/python3.8/site-packages/airflow/example_dags/example_sla_dag.py for tasks to queue
[2026-03-30T15:16:54.282+0000] {logging_mixin.py:188} INFO - [2026-03-30T15:16:54.281+0000] {dagbag.py:538} INFO - Filling up the DagBag from /home/airflow/.local/lib/python3.8/site-packages/airflow/example_dags/example_sla_dag.py
[2026-03-30T15:16:54.290+0000] {processor.py:840} INFO - DAG(s) 'example_sla_dag' retrieved from /home/airflow/.local/lib/python3.8/site-packages/airflow/example_dags/example_sla_dag.py
[2026-03-30T15:16:54.310+0000] {logging_mixin.py:188} INFO - [2026-03-30T15:16:54.310+0000] {dag.py:3036} INFO - Sync 1 DAGs
[2026-03-30T15:16:54.335+0000] {logging_mixin.py:188} INFO - [2026-03-30T15:16:54.335+0000] {dag.py:3823} INFO - Setting next_dagrun for example_sla_dag to 2026-03-30 15:14:00+00:00, run_after=2026-03-30 15:16:00+00:00
[2026-03-30T15:16:54.365+0000] {processor.py:183} INFO - Processing /home/airflow/.local/lib/python3.8/site-packages/airflow/example_dags/example_sla_dag.py took 0.091 seconds
[2026-03-30T15:17:24.613+0000] {processor.py:161} INFO - Started process (PID=2182) to work on /home/airflow/.local/lib/python3.8/site-packages/airflow/example_dags/example_sla_dag.py
[2026-03-30T15:17:24.614+0000] {processor.py:830} INFO - Processing file /home/airflow/.local/lib/python3.8/site-packages/airflow/example_dags/example_sla_dag.py for tasks to queue
[2026-03-30T15:17:24.616+0000] {logging_mixin.py:188} INFO - [2026-03-30T15:17:24.616+0000] {dagbag.py:538} INFO - Filling up the DagBag from /home/airflow/.local/lib/python3.8/site-packages/airflow/example_dags/example_sla_dag.py
[2026-03-30T15:17:24.624+0000] {processor.py:840} INFO - DAG(s) 'example_sla_dag' retrieved from /home/airflow/.local/lib/python3.8/site-packages/airflow/example_dags/example_sla_dag.py
[2026-03-30T15:17:24.647+0000] {logging_mixin.py:188} INFO - [2026-03-30T15:17:24.646+0000] {dag.py:3036} INFO - Sync 1 DAGs
[2026-03-30T15:17:24.674+0000] {logging_mixin.py:188} INFO - [2026-03-30T15:17:24.674+0000] {dag.py:3823} INFO - Setting next_dagrun for example_sla_dag to 2026-03-30 15:14:00+00:00, run_after=2026-03-30 15:16:00+00:00
[2026-03-30T15:17:24.697+0000] {processor.py:183} INFO - Processing /home/airflow/.local/lib/python3.8/site-packages/airflow/example_dags/example_sla_dag.py took 0.088 seconds
[2026-03-30T15:17:54.941+0000] {processor.py:161} INFO - Started process (PID=2239) to work on /home/airflow/.local/lib/python3.8/site-packages/airflow/example_dags/example_sla_dag.py
[2026-03-30T15:17:54.943+0000] {processor.py:830} INFO - Processing file /home/airflow/.local/lib/python3.8/site-packages/airflow/example_dags/example_sla_dag.py for tasks to queue
[2026-03-30T15:17:54.949+0000] {logging_mixin.py:188} INFO - [2026-03-30T15:17:54.947+0000] {dagbag.py:538} INFO - Filling up the DagBag from /home/airflow/.local/lib/python3.8/site-packages/airflow/example_dags/example_sla_dag.py
[2026-03-30T15:17:54.967+0000] {processor.py:840} INFO - DAG(s) 'example_sla_dag' retrieved from /home/airflow/.local/lib/python3.8/site-packages/airflow/example_dags/example_sla_dag.py
[2026-03-30T15:17:55.001+0000] {logging_mixin.py:188} INFO - [2026-03-30T15:17:55.001+0000] {dag.py:3036} INFO - Sync 1 DAGs
[2026-03-30T15:17:55.036+0000] {logging_mixin.py:188} INFO - [2026-03-30T15:17:55.036+0000] {dag.py:3823} INFO - Setting next_dagrun for example_sla_dag to 2026-03-30 15:14:00+00:00, run_after=2026-03-30 15:16:00+00:00
[2026-03-30T15:17:55.059+0000] {processor.py:183} INFO - Processing /home/airflow/.local/lib/python3.8/site-packages/airflow/example_dags/example_sla_dag.py took 0.123 seconds
[2026-03-30T15:18:25.465+0000] {processor.py:161} INFO - Started process (PID=2296) to work on /home/airflow/.local/lib/python3.8/site-packages/airflow/example_dags/example_sla_dag.py
[2026-03-30T15:18:25.467+0000] {processor.py:830} INFO - Processing file /home/airflow/.local/lib/python3.8/site-packages/airflow/example_dags/example_sla_dag.py for tasks to queue
[2026-03-30T15:18:25.469+0000] {logging_mixin.py:188} INFO - [2026-03-30T15:18:25.468+0000] {dagbag.py:538} INFO - Filling up the DagBag from /home/airflow/.local/lib/python3.8/site-packages/airflow/example_dags/example_sla_dag.py
[2026-03-30T15:18:25.478+0000] {processor.py:840} INFO - DAG(s) 'example_sla_dag' retrieved from /home/airflow/.local/lib/python3.8/site-packages/airflow/example_dags/example_sla_dag.py
[2026-03-30T15:18:25.496+0000] {logging_mixin.py:188} INFO - [2026-03-30T15:18:25.495+0000] {dag.py:3036} INFO - Sync 1 DAGs
[2026-03-30T15:18:25.518+0000] {logging_mixin.py:188} INFO - [2026-03-30T15:18:25.518+0000] {dag.py:3823} INFO - Setting next_dagrun for example_sla_dag to 2026-03-30 15:16:00+00:00, run_after=2026-03-30 15:18:00+00:00
[2026-03-30T15:18:25.540+0000] {processor.py:183} INFO - Processing /home/airflow/.local/lib/python3.8/site-packages/airflow/example_dags/example_sla_dag.py took 0.079 seconds
[2026-03-30T15:18:55.922+0000] {processor.py:161} INFO - Started process (PID=2353) to work on /home/airflow/.local/lib/python3.8/site-packages/airflow/example_dags/example_sla_dag.py
[2026-03-30T15:18:55.923+0000] {processor.py:830} INFO - Processing file /home/airflow/.local/lib/python3.8/site-packages/airflow/example_dags/example_sla_dag.py for tasks to queue
[2026-03-30T15:18:55.926+0000] {logging_mixin.py:188} INFO - [2026-03-30T15:18:55.926+0000] {dagbag.py:538} INFO - Filling up the DagBag from /home/airflow/.local/lib/python3.8/site-packages/airflow/example_dags/example_sla_dag.py
[2026-03-30T15:18:55.934+0000] {processor.py:840} INFO - DAG(s) 'example_sla_dag' retrieved from /home/airflow/.local/lib/python3.8/site-packages/airflow/example_dags/example_sla_dag.py
[2026-03-30T15:18:55.956+0000] {logging_mixin.py:188} INFO - [2026-03-30T15:18:55.956+0000] {dag.py:3036} INFO - Sync 1 DAGs
[2026-03-30T15:18:55.980+0000] {logging_mixin.py:188} INFO - [2026-03-30T15:18:55.979+0000] {dag.py:3823} INFO - Setting next_dagrun for example_sla_dag to 2026-03-30 15:16:00+00:00, run_after=2026-03-30 15:18:00+00:00
[2026-03-30T15:18:56.006+0000] {processor.py:183} INFO - Processing /home/airflow/.local/lib/python3.8/site-packages/airflow/example_dags/example_sla_dag.py took 0.087 seconds
[2026-03-30T15:19:26.117+0000] {processor.py:161} INFO - Started process (PID=2410) to work on /home/airflow/.local/lib/python3.8/site-packages/airflow/example_dags/example_sla_dag.py
[2026-03-30T15:19:26.118+0000] {processor.py:830} INFO - Processing file /home/airflow/.local/lib/python3.8/site-packages/airflow/example_dags/example_sla_dag.py for tasks to queue
[2026-03-30T15:19:26.120+0000] {logging_mixin.py:188} INFO - [2026-03-30T15:19:26.119+0000] {dagbag.py:538} INFO - Filling up the DagBag from /home/airflow/.local/lib/python3.8/site-packages/airflow/example_dags/example_sla_dag.py
[2026-03-30T15:19:26.132+0000] {processor.py:840} INFO - DAG(s) 'example_sla_dag' retrieved from /home/airflow/.local/lib/python3.8/site-packages/airflow/example_dags/example_sla_dag.py
[2026-03-30T15:19:26.157+0000] {logging_mixin.py:188} INFO - [2026-03-30T15:19:26.157+0000] {dag.py:3036} INFO - Sync 1 DAGs
[2026-03-30T15:19:26.187+0000] {logging_mixin.py:188} INFO - [2026-03-30T15:19:26.187+0000] {dag.py:3823} INFO - Setting next_dagrun for example_sla_dag to 2026-03-30 15:16:00+00:00, run_after=2026-03-30 15:18:00+00:00
[2026-03-30T15:19:26.354+0000] {processor.py:183} INFO - Processing /home/airflow/.local/lib/python3.8/site-packages/airflow/example_dags/example_sla_dag.py took 0.241 seconds
[2026-03-30T15:19:56.416+0000] {processor.py:161} INFO - Started process (PID=2467) to work on /home/airflow/.local/lib/python3.8/site-packages/airflow/example_dags/example_sla_dag.py
[2026-03-30T15:19:56.417+0000] {processor.py:830} INFO - Processing file /home/airflow/.local/lib/python3.8/site-packages/airflow/example_dags/example_sla_dag.py for tasks to queue
[2026-03-30T15:19:56.419+0000] {logging_mixin.py:188} INFO - [2026-03-30T15:19:56.419+0000] {dagbag.py:538} INFO - Filling up the DagBag from /home/airflow/.local/lib/python3.8/site-packages/airflow/example_dags/example_sla_dag.py
[2026-03-30T15:19:56.428+0000] {processor.py:840} INFO - DAG(s) 'example_sla_dag' retrieved from /home/airflow/.local/lib/python3.8/site-packages/airflow/example_dags/example_sla_dag.py
[2026-03-30T15:19:56.448+0000] {logging_mixin.py:188} INFO - [2026-03-30T15:19:56.448+0000] {dag.py:3036} INFO - Sync 1 DAGs
[2026-03-30T15:19:56.468+0000] {logging_mixin.py:188} INFO - [2026-03-30T15:19:56.468+0000] {dag.py:3823} INFO - Setting next_dagrun for example_sla_dag to 2026-03-30 15:16:00+00:00, run_after=2026-03-30 15:18:00+00:00
[2026-03-30T15:19:56.489+0000] {processor.py:183} INFO - Processing /home/airflow/.local/lib/python3.8/site-packages/airflow/example_dags/example_sla_dag.py took 0.076 seconds
[2026-03-30T15:20:26.798+0000] {processor.py:161} INFO - Started process (PID=2525) to work on /home/airflow/.local/lib/python3.8/site-packages/airflow/example_dags/example_sla_dag.py
[2026-03-30T15:20:26.800+0000] {processor.py:830} INFO - Processing file /home/airflow/.local/lib/python3.8/site-packages/airflow/example_dags/example_sla_dag.py for tasks to queue
[2026-03-30T15:20:26.802+0000] {logging_mixin.py:188} INFO - [2026-03-30T15:20:26.802+0000] {dagbag.py:538} INFO - Filling up the DagBag from /home/airflow/.local/lib/python3.8/site-packages/airflow/example_dags/example_sla_dag.py
[2026-03-30T15:20:26.815+0000] {processor.py:840} INFO - DAG(s) 'example_sla_dag' retrieved from /home/airflow/.local/lib/python3.8/site-packages/airflow/example_dags/example_sla_dag.py
[2026-03-30T15:20:26.839+0000] {logging_mixin.py:188} INFO - [2026-03-30T15:20:26.838+0000] {dag.py:3036} INFO - Sync 1 DAGs
[2026-03-30T15:20:26.870+0000] {logging_mixin.py:188} INFO - [2026-03-30T15:20:26.870+0000] {dag.py:3823} INFO - Setting next_dagrun for example_sla_dag to 2026-03-30 15:18:00+00:00, run_after=2026-03-30 15:20:00+00:00
[2026-03-30T15:20:26.907+0000] {processor.py:183} INFO - Processing /home/airflow/.local/lib/python3.8/site-packages/airflow/example_dags/example_sla_dag.py took 0.115 seconds
[2026-03-30T15:20:57.147+0000] {processor.py:161} INFO - Started process (PID=2582) to work on /home/airflow/.local/lib/python3.8/site-packages/airflow/example_dags/example_sla_dag.py
[2026-03-30T15:20:57.149+0000] {processor.py:830} INFO - Processing file /home/airflow/.local/lib/python3.8/site-packages/airflow/example_dags/example_sla_dag.py for tasks to queue
[2026-03-30T15:20:57.152+0000] {logging_mixin.py:188} INFO - [2026-03-30T15:20:57.152+0000] {dagbag.py:538} INFO - Filling up the DagBag from /home/airflow/.local/lib/python3.8/site-packages/airflow/example_dags/example_sla_dag.py
[2026-03-30T15:20:57.164+0000] {processor.py:840} INFO - DAG(s) 'example_sla_dag' retrieved from /home/airflow/.local/lib/python3.8/site-packages/airflow/example_dags/example_sla_dag.py
[2026-03-30T15:20:57.186+0000] {logging_mixin.py:188} INFO - [2026-03-30T15:20:57.185+0000] {dag.py:3036} INFO - Sync 1 DAGs
[2026-03-30T15:20:57.211+0000] {logging_mixin.py:188} INFO - [2026-03-30T15:20:57.211+0000] {dag.py:3823} INFO - Setting next_dagrun for example_sla_dag to 2026-03-30 15:18:00+00:00, run_after=2026-03-30 15:20:00+00:00
[2026-03-30T15:20:57.237+0000] {processor.py:183} INFO - Processing /home/airflow/.local/lib/python3.8/site-packages/airflow/example_dags/example_sla_dag.py took 0.093 seconds
[2026-03-30T15:21:27.561+0000] {processor.py:161} INFO - Started process (PID=2639) to work on /home/airflow/.local/lib/python3.8/site-packages/airflow/example_dags/example_sla_dag.py
[2026-03-30T15:21:27.562+0000] {processor.py:830} INFO - Processing file /home/airflow/.local/lib/python3.8/site-packages/airflow/example_dags/example_sla_dag.py for tasks to queue
[2026-03-30T15:21:27.565+0000] {logging_mixin.py:188} INFO - [2026-03-30T15:21:27.564+0000] {dagbag.py:538} INFO - Filling up the DagBag from /home/airflow/.local/lib/python3.8/site-packages/airflow/example_dags/example_sla_dag.py
[2026-03-30T15:21:27.576+0000] {processor.py:840} INFO - DAG(s) 'example_sla_dag' retrieved from /home/airflow/.local/lib/python3.8/site-packages/airflow/example_dags/example_sla_dag.py
[2026-03-30T15:21:27.600+0000] {logging_mixin.py:188} INFO - [2026-03-30T15:21:27.600+0000] {dag.py:3036} INFO - Sync 1 DAGs
[2026-03-30T15:21:27.636+0000] {logging_mixin.py:188} INFO - [2026-03-30T15:21:27.636+0000] {dag.py:3823} INFO - Setting next_dagrun for example_sla_dag to 2026-03-30 15:18:00+00:00, run_after=2026-03-30 15:20:00+00:00
[2026-03-30T15:21:27.661+0000] {processor.py:183} INFO - Processing /home/airflow/.local/lib/python3.8/site-packages/airflow/example_dags/example_sla_dag.py took 0.104 seconds
[2026-03-30T15:21:58.043+0000] {processor.py:161} INFO - Started process (PID=2696) to work on /home/airflow/.local/lib/python3.8/site-packages/airflow/example_dags/example_sla_dag.py
[2026-03-30T15:21:58.044+0000] {processor.py:830} INFO - Processing file /home/airflow/.local/lib/python3.8/site-packages/airflow/example_dags/example_sla_dag.py for tasks to queue
[2026-03-30T15:21:58.046+0000] {logging_mixin.py:188} INFO - [2026-03-30T15:21:58.045+0000] {dagbag.py:538} INFO - Filling up the DagBag from /home/airflow/.local/lib/python3.8/site-packages/airflow/example_dags/example_sla_dag.py
[2026-03-30T15:21:58.054+0000] {processor.py:840} INFO - DAG(s) 'example_sla_dag' retrieved from /home/airflow/.local/lib/python3.8/site-packages/airflow/example_dags/example_sla_dag.py
[2026-03-30T15:21:58.075+0000] {logging_mixin.py:188} INFO - [2026-03-30T15:21:58.074+0000] {dag.py:3036} INFO - Sync 1 DAGs
[2026-03-30T15:21:58.097+0000] {logging_mixin.py:188} INFO - [2026-03-30T15:21:58.097+0000] {dag.py:3823} INFO - Setting next_dagrun for example_sla_dag to 2026-03-30 15:18:00+00:00, run_after=2026-03-30 15:20:00+00:00
[2026-03-30T15:21:58.119+0000] {processor.py:183} INFO - Processing /home/airflow/.local/lib/python3.8/site-packages/airflow/example_dags/example_sla_dag.py took 0.079 seconds
[2026-03-30T15:22:28.267+0000] {processor.py:161} INFO - Started process (PID=2751) to work on /home/airflow/.local/lib/python3.8/site-packages/airflow/example_dags/example_sla_dag.py
[2026-03-30T15:22:28.269+0000] {processor.py:830} INFO - Processing file /home/airflow/.local/lib/python3.8/site-packages/airflow/example_dags/example_sla_dag.py for tasks to queue
[2026-03-30T15:22:28.271+0000] {logging_mixin.py:188} INFO - [2026-03-30T15:22:28.270+0000] {dagbag.py:538} INFO - Filling up the DagBag from /home/airflow/.local/lib/python3.8/site-packages/airflow/example_dags/example_sla_dag.py
[2026-03-30T15:22:28.279+0000] {processor.py:840} INFO - DAG(s) 'example_sla_dag' retrieved from /home/airflow/.local/lib/python3.8/site-packages/airflow/example_dags/example_sla_dag.py
[2026-03-30T15:22:28.301+0000] {logging_mixin.py:188} INFO - [2026-03-30T15:22:28.300+0000] {dag.py:3036} INFO - Sync 1 DAGs
[2026-03-30T15:22:28.330+0000] {logging_mixin.py:188} INFO - [2026-03-30T15:22:28.329+0000] {dag.py:3823} INFO - Setting next_dagrun for example_sla_dag to 2026-03-30 15:20:00+00:00, run_after=2026-03-30 15:22:00+00:00
[2026-03-30T15:22:28.353+0000] {processor.py:183} INFO - Processing /home/airflow/.local/lib/python3.8/site-packages/airflow/example_dags/example_sla_dag.py took 0.089 seconds
[2026-03-30T15:22:59.136+0000] {processor.py:161} INFO - Started process (PID=2808) to work on /home/airflow/.local/lib/python3.8/site-packages/airflow/example_dags/example_sla_dag.py
[2026-03-30T15:22:59.138+0000] {processor.py:830} INFO - Processing file /home/airflow/.local/lib/python3.8/site-packages/airflow/example_dags/example_sla_dag.py for tasks to queue
[2026-03-30T15:22:59.141+0000] {logging_mixin.py:188} INFO - [2026-03-30T15:22:59.140+0000] {dagbag.py:538} INFO - Filling up the DagBag from /home/airflow/.local/lib/python3.8/site-packages/airflow/example_dags/example_sla_dag.py
[2026-03-30T15:22:59.162+0000] {processor.py:840} INFO - DAG(s) 'example_sla_dag' retrieved from /home/airflow/.local/lib/python3.8/site-packages/airflow/example_dags/example_sla_dag.py
[2026-03-30T15:22:59.214+0000] {logging_mixin.py:188} INFO - [2026-03-30T15:22:59.214+0000] {dag.py:3036} INFO - Sync 1 DAGs
[2026-03-30T15:22:59.272+0000] {logging_mixin.py:188} INFO - [2026-03-30T15:22:59.272+0000] {dag.py:3823} INFO - Setting next_dagrun for example_sla_dag to 2026-03-30 15:20:00+00:00, run_after=2026-03-30 15:22:00+00:00
[2026-03-30T15:22:59.306+0000] {processor.py:183} INFO - Processing /home/airflow/.local/lib/python3.8/site-packages/airflow/example_dags/example_sla_dag.py took 0.177 seconds
[2026-03-30T15:23:29.474+0000] {processor.py:161} INFO - Started process (PID=2865) to work on /home/airflow/.local/lib/python3.8/site-packages/airflow/example_dags/example_sla_dag.py
[2026-03-30T15:23:29.476+0000] {processor.py:830} INFO - Processing file /home/airflow/.local/lib/python3.8/site-packages/airflow/example_dags/example_sla_dag.py for tasks to queue
[2026-03-30T15:23:29.479+0000] {logging_mixin.py:188} INFO - [2026-03-30T15:23:29.479+0000] {dagbag.py:538} INFO - Filling up the DagBag from /home/airflow/.local/lib/python3.8/site-packages/airflow/example_dags/example_sla_dag.py
[2026-03-30T15:23:29.493+0000] {processor.py:840} INFO - DAG(s) 'example_sla_dag' retrieved from /home/airflow/.local/lib/python3.8/site-packages/airflow/example_dags/example_sla_dag.py
[2026-03-30T15:23:29.521+0000] {logging_mixin.py:188} INFO - [2026-03-30T15:23:29.521+0000] {dag.py:3036} INFO - Sync 1 DAGs
[2026-03-30T15:23:29.554+0000] {logging_mixin.py:188} INFO - [2026-03-30T15:23:29.554+0000] {dag.py:3823} INFO - Setting next_dagrun for example_sla_dag to 2026-03-30 15:20:00+00:00, run_after=2026-03-30 15:22:00+00:00
[2026-03-30T15:23:29.586+0000] {processor.py:183} INFO - Processing /home/airflow/.local/lib/python3.8/site-packages/airflow/example_dags/example_sla_dag.py took 0.116 seconds
[2026-03-30T15:23:59.640+0000] {processor.py:161} INFO - Started process (PID=2922) to work on /home/airflow/.local/lib/python3.8/site-packages/airflow/example_dags/example_sla_dag.py
[2026-03-30T15:23:59.641+0000] {processor.py:830} INFO - Processing file /home/airflow/.local/lib/python3.8/site-packages/airflow/example_dags/example_sla_dag.py for tasks to queue
[2026-03-30T15:23:59.643+0000] {logging_mixin.py:188} INFO - [2026-03-30T15:23:59.643+0000] {dagbag.py:538} INFO - Filling up the DagBag from /home/airflow/.local/lib/python3.8/site-packages/airflow/example_dags/example_sla_dag.py
[2026-03-30T15:23:59.652+0000] {processor.py:840} INFO - DAG(s) 'example_sla_dag' retrieved from /home/airflow/.local/lib/python3.8/site-packages/airflow/example_dags/example_sla_dag.py
[2026-03-30T15:23:59.673+0000] {logging_mixin.py:188} INFO - [2026-03-30T15:23:59.672+0000] {dag.py:3036} INFO - Sync 1 DAGs
[2026-03-30T15:23:59.698+0000] {logging_mixin.py:188} INFO - [2026-03-30T15:23:59.697+0000] {dag.py:3823} INFO - Setting next_dagrun for example_sla_dag to 2026-03-30 15:20:00+00:00, run_after=2026-03-30 15:22:00+00:00
[2026-03-30T15:23:59.725+0000] {processor.py:183} INFO - Processing /home/airflow/.local/lib/python3.8/site-packages/airflow/example_dags/example_sla_dag.py took 0.090 seconds
[2026-03-30T15:24:29.804+0000] {processor.py:161} INFO - Started process (PID=2979) to work on /home/airflow/.local/lib/python3.8/site-packages/airflow/example_dags/example_sla_dag.py
[2026-03-30T15:24:29.805+0000] {processor.py:830} INFO - Processing file /home/airflow/.local/lib/python3.8/site-packages/airflow/example_dags/example_sla_dag.py for tasks to queue
[2026-03-30T15:24:29.808+0000] {logging_mixin.py:188} INFO - [2026-03-30T15:24:29.807+0000] {dagbag.py:538} INFO - Filling up the DagBag from /home/airflow/.local/lib/python3.8/site-packages/airflow/example_dags/example_sla_dag.py
[2026-03-30T15:24:29.818+0000] {processor.py:840} INFO - DAG(s) 'example_sla_dag' retrieved from /home/airflow/.local/lib/python3.8/site-packages/airflow/example_dags/example_sla_dag.py
[2026-03-30T15:24:29.839+0000] {logging_mixin.py:188} INFO - [2026-03-30T15:24:29.839+0000] {dag.py:3036} INFO - Sync 1 DAGs
[2026-03-30T15:24:29.862+0000] {logging_mixin.py:188} INFO - [2026-03-30T15:24:29.862+0000] {dag.py:3823} INFO - Setting next_dagrun for example_sla_dag to 2026-03-30 15:22:00+00:00, run_after=2026-03-30 15:24:00+00:00
[2026-03-30T15:24:29.895+0000] {processor.py:183} INFO - Processing /home/airflow/.local/lib/python3.8/site-packages/airflow/example_dags/example_sla_dag.py took 0.095 seconds
[2026-03-30T15:25:00.952+0000] {processor.py:161} INFO - Started process (PID=3036) to work on /home/airflow/.local/lib/python3.8/site-packages/airflow/example_dags/example_sla_dag.py
[2026-03-30T15:25:00.953+0000] {processor.py:830} INFO - Processing file /home/airflow/.local/lib/python3.8/site-packages/airflow/example_dags/example_sla_dag.py for tasks to queue
[2026-03-30T15:25:00.955+0000] {logging_mixin.py:188} INFO - [2026-03-30T15:25:00.955+0000] {dagbag.py:538} INFO - Filling up the DagBag from /home/airflow/.local/lib/python3.8/site-packages/airflow/example_dags/example_sla_dag.py
[2026-03-30T15:25:00.964+0000] {processor.py:840} INFO - DAG(s) 'example_sla_dag' retrieved from /home/airflow/.local/lib/python3.8/site-packages/airflow/example_dags/example_sla_dag.py
[2026-03-30T15:25:00.986+0000] {logging_mixin.py:188} INFO - [2026-03-30T15:25:00.986+0000] {dag.py:3036} INFO - Sync 1 DAGs
[2026-03-30T15:25:01.011+0000] {logging_mixin.py:188} INFO - [2026-03-30T15:25:01.011+0000] {dag.py:3823} INFO - Setting next_dagrun for example_sla_dag to 2026-03-30 15:22:00+00:00, run_after=2026-03-30 15:24:00+00:00
[2026-03-30T15:25:01.039+0000] {processor.py:183} INFO - Processing /home/airflow/.local/lib/python3.8/site-packages/airflow/example_dags/example_sla_dag.py took 0.091 seconds
[2026-03-30T15:25:31.085+0000] {processor.py:161} INFO - Started process (PID=3093) to work on /home/airflow/.local/lib/python3.8/site-packages/airflow/example_dags/example_sla_dag.py
[2026-03-30T15:25:31.086+0000] {processor.py:830} INFO - Processing file /home/airflow/.local/lib/python3.8/site-packages/airflow/example_dags/example_sla_dag.py for tasks to queue
[2026-03-30T15:25:31.088+0000] {logging_mixin.py:188} INFO - [2026-03-30T15:25:31.088+0000] {dagbag.py:538} INFO - Filling up the DagBag from /home/airflow/.local/lib/python3.8/site-packages/airflow/example_dags/example_sla_dag.py
[2026-03-30T15:25:31.096+0000] {processor.py:840} INFO - DAG(s) 'example_sla_dag' retrieved from /home/airflow/.local/lib/python3.8/site-packages/airflow/example_dags/example_sla_dag.py
[2026-03-30T15:25:31.115+0000] {logging_mixin.py:188} INFO - [2026-03-30T15:25:31.114+0000] {dag.py:3036} INFO - Sync 1 DAGs
[2026-03-30T15:25:31.137+0000] {logging_mixin.py:188} INFO - [2026-03-30T15:25:31.137+0000] {dag.py:3823} INFO - Setting next_dagrun for example_sla_dag to 2026-03-30 15:22:00+00:00, run_after=2026-03-30 15:24:00+00:00
[2026-03-30T15:25:31.157+0000] {processor.py:183} INFO - Processing /home/airflow/.local/lib/python3.8/site-packages/airflow/example_dags/example_sla_dag.py took 0.077 seconds
[2026-03-30T15:26:01.362+0000] {processor.py:161} INFO - Started process (PID=3150) to work on /home/airflow/.local/lib/python3.8/site-packages/airflow/example_dags/example_sla_dag.py
[2026-03-30T15:26:01.363+0000] {processor.py:830} INFO - Processing file /home/airflow/.local/lib/python3.8/site-packages/airflow/example_dags/example_sla_dag.py for tasks to queue
[2026-03-30T15:26:01.365+0000] {logging_mixin.py:188} INFO - [2026-03-30T15:26:01.365+0000] {dagbag.py:538} INFO - Filling up the DagBag from /home/airflow/.local/lib/python3.8/site-packages/airflow/example_dags/example_sla_dag.py
[2026-03-30T15:26:01.374+0000] {processor.py:840} INFO - DAG(s) 'example_sla_dag' retrieved from /home/airflow/.local/lib/python3.8/site-packages/airflow/example_dags/example_sla_dag.py
[2026-03-30T15:26:01.394+0000] {logging_mixin.py:188} INFO - [2026-03-30T15:26:01.394+0000] {dag.py:3036} INFO - Sync 1 DAGs
[2026-03-30T15:26:01.420+0000] {logging_mixin.py:188} INFO - [2026-03-30T15:26:01.420+0000] {dag.py:3823} INFO - Setting next_dagrun for example_sla_dag to 2026-03-30 15:24:00+00:00, run_after=2026-03-30 15:26:00+00:00
[2026-03-30T15:26:01.442+0000] {processor.py:183} INFO - Processing /home/airflow/.local/lib/python3.8/site-packages/airflow/example_dags/example_sla_dag.py took 0.084 seconds
[2026-03-30T15:26:31.825+0000] {processor.py:161} INFO - Started process (PID=3207) to work on /home/airflow/.local/lib/python3.8/site-packages/airflow/example_dags/example_sla_dag.py
[2026-03-30T15:26:31.826+0000] {processor.py:830} INFO - Processing file /home/airflow/.local/lib/python3.8/site-packages/airflow/example_dags/example_sla_dag.py for tasks to queue
[2026-03-30T15:26:31.828+0000] {logging_mixin.py:188} INFO - [2026-03-30T15:26:31.828+0000] {dagbag.py:538} INFO - Filling up the DagBag from /home/airflow/.local/lib/python3.8/site-packages/airflow/example_dags/example_sla_dag.py
[2026-03-30T15:26:31.838+0000] {processor.py:840} INFO - DAG(s) 'example_sla_dag' retrieved from /home/airflow/.local/lib/python3.8/site-packages/airflow/example_dags/example_sla_dag.py
[2026-03-30T15:26:31.860+0000] {logging_mixin.py:188} INFO - [2026-03-30T15:26:31.859+0000] {dag.py:3036} INFO - Sync 1 DAGs
[2026-03-30T15:26:31.889+0000] {logging_mixin.py:188} INFO - [2026-03-30T15:26:31.889+0000] {dag.py:3823} INFO - Setting next_dagrun for example_sla_dag to 2026-03-30 15:24:00+00:00, run_after=2026-03-30 15:26:00+00:00
[2026-03-30T15:26:31.912+0000] {processor.py:183} INFO - Processing /home/airflow/.local/lib/python3.8/site-packages/airflow/example_dags/example_sla_dag.py took 0.091 seconds
[2026-03-30T15:27:02.389+0000] {processor.py:161} INFO - Started process (PID=3264) to work on /home/airflow/.local/lib/python3.8/site-packages/airflow/example_dags/example_sla_dag.py
[2026-03-30T15:27:02.390+0000] {processor.py:830} INFO - Processing file /home/airflow/.local/lib/python3.8/site-packages/airflow/example_dags/example_sla_dag.py for tasks to queue
[2026-03-30T15:27:02.393+0000] {logging_mixin.py:188} INFO - [2026-03-30T15:27:02.392+0000] {dagbag.py:538} INFO - Filling up the DagBag from /home/airflow/.local/lib/python3.8/site-packages/airflow/example_dags/example_sla_dag.py
[2026-03-30T15:27:02.401+0000] {processor.py:840} INFO - DAG(s) 'example_sla_dag' retrieved from /home/airflow/.local/lib/python3.8/site-packages/airflow/example_dags/example_sla_dag.py
[2026-03-30T15:27:02.421+0000] {logging_mixin.py:188} INFO - [2026-03-30T15:27:02.421+0000] {dag.py:3036} INFO - Sync 1 DAGs
[2026-03-30T15:27:02.442+0000] {logging_mixin.py:188} INFO - [2026-03-30T15:27:02.442+0000] {dag.py:3823} INFO - Setting next_dagrun for example_sla_dag to 2026-03-30 15:24:00+00:00, run_after=2026-03-30 15:26:00+00:00
[2026-03-30T15:27:02.463+0000] {processor.py:183} INFO - Processing /home/airflow/.local/lib/python3.8/site-packages/airflow/example_dags/example_sla_dag.py took 0.078 seconds
[2026-03-30T15:27:32.961+0000] {processor.py:161} INFO - Started process (PID=3321) to work on /home/airflow/.local/lib/python3.8/site-packages/airflow/example_dags/example_sla_dag.py
[2026-03-30T15:27:32.963+0000] {processor.py:830} INFO - Processing file /home/airflow/.local/lib/python3.8/site-packages/airflow/example_dags/example_sla_dag.py for tasks to queue
[2026-03-30T15:27:32.965+0000] {logging_mixin.py:188} INFO - [2026-03-30T15:27:32.964+0000] {dagbag.py:538} INFO - Filling up the DagBag from /home/airflow/.local/lib/python3.8/site-packages/airflow/example_dags/example_sla_dag.py
[2026-03-30T15:27:32.975+0000] {processor.py:840} INFO - DAG(s) 'example_sla_dag' retrieved from /home/airflow/.local/lib/python3.8/site-packages/airflow/example_dags/example_sla_dag.py
[2026-03-30T15:27:32.994+0000] {logging_mixin.py:188} INFO - [2026-03-30T15:27:32.994+0000] {dag.py:3036} INFO - Sync 1 DAGs
[2026-03-30T15:27:33.017+0000] {logging_mixin.py:188} INFO - [2026-03-30T15:27:33.017+0000] {dag.py:3823} INFO - Setting next_dagrun for example_sla_dag to 2026-03-30 15:24:00+00:00, run_after=2026-03-30 15:26:00+00:00
[2026-03-30T15:27:33.041+0000] {processor.py:183} INFO - Processing /home/airflow/.local/lib/python3.8/site-packages/airflow/example_dags/example_sla_dag.py took 0.082 seconds
[2026-03-30T15:28:03.271+0000] {processor.py:161} INFO - Started process (PID=3378) to work on /home/airflow/.local/lib/python3.8/site-packages/airflow/example_dags/example_sla_dag.py
[2026-03-30T15:28:03.272+0000] {processor.py:830} INFO - Processing file /home/airflow/.local/lib/python3.8/site-packages/airflow/example_dags/example_sla_dag.py for tasks to queue
[2026-03-30T15:28:03.274+0000] {logging_mixin.py:188} INFO - [2026-03-30T15:28:03.274+0000] {dagbag.py:538} INFO - Filling up the DagBag from /home/airflow/.local/lib/python3.8/site-packages/airflow/example_dags/example_sla_dag.py
[2026-03-30T15:28:03.284+0000] {processor.py:840} INFO - DAG(s) 'example_sla_dag' retrieved from /home/airflow/.local/lib/python3.8/site-packages/airflow/example_dags/example_sla_dag.py
[2026-03-30T15:28:03.307+0000] {logging_mixin.py:188} INFO - [2026-03-30T15:28:03.307+0000] {dag.py:3036} INFO - Sync 1 DAGs
[2026-03-30T15:28:03.329+0000] {logging_mixin.py:188} INFO - [2026-03-30T15:28:03.329+0000] {dag.py:3823} INFO - Setting next_dagrun for example_sla_dag to 2026-03-30 15:26:00+00:00, run_after=2026-03-30 15:28:00+00:00
[2026-03-30T15:28:03.352+0000] {processor.py:183} INFO - Processing /home/airflow/.local/lib/python3.8/site-packages/airflow/example_dags/example_sla_dag.py took 0.085 seconds
[2026-03-30T15:28:33.669+0000] {processor.py:161} INFO - Started process (PID=3435) to work on /home/airflow/.local/lib/python3.8/site-packages/airflow/example_dags/example_sla_dag.py
[2026-03-30T15:28:33.670+0000] {processor.py:830} INFO - Processing file /home/airflow/.local/lib/python3.8/site-packages/airflow/example_dags/example_sla_dag.py for tasks to queue
[2026-03-30T15:28:33.672+0000] {logging_mixin.py:188} INFO - [2026-03-30T15:28:33.671+0000] {dagbag.py:538} INFO - Filling up the DagBag from /home/airflow/.local/lib/python3.8/site-packages/airflow/example_dags/example_sla_dag.py
[2026-03-30T15:28:33.680+0000] {processor.py:840} INFO - DAG(s) 'example_sla_dag' retrieved from /home/airflow/.local/lib/python3.8/site-packages/airflow/example_dags/example_sla_dag.py
[2026-03-30T15:28:33.700+0000] {logging_mixin.py:188} INFO - [2026-03-30T15:28:33.699+0000] {dag.py:3036} INFO - Sync 1 DAGs
[2026-03-30T15:28:33.721+0000] {logging_mixin.py:188} INFO - [2026-03-30T15:28:33.721+0000] {dag.py:3823} INFO - Setting next_dagrun for example_sla_dag to 2026-03-30 15:26:00+00:00, run_after=2026-03-30 15:28:00+00:00
[2026-03-30T15:28:33.742+0000] {processor.py:183} INFO - Processing /home/airflow/.local/lib/python3.8/site-packages/airflow/example_dags/example_sla_dag.py took 0.077 seconds
[2026-03-30T15:29:04.289+0000] {processor.py:161} INFO - Started process (PID=3492) to work on /home/airflow/.local/lib/python3.8/site-packages/airflow/example_dags/example_sla_dag.py
[2026-03-30T15:29:04.290+0000] {processor.py:830} INFO - Processing file /home/airflow/.local/lib/python3.8/site-packages/airflow/example_dags/example_sla_dag.py for tasks to queue
[2026-03-30T15:29:04.293+0000] {logging_mixin.py:188} INFO - [2026-03-30T15:29:04.292+0000] {dagbag.py:538} INFO - Filling up the DagBag from /home/airflow/.local/lib/python3.8/site-packages/airflow/example_dags/example_sla_dag.py
[2026-03-30T15:29:04.311+0000] {processor.py:840} INFO - DAG(s) 'example_sla_dag' retrieved from /home/airflow/.local/lib/python3.8/site-packages/airflow/example_dags/example_sla_dag.py
[2026-03-30T15:29:04.338+0000] {logging_mixin.py:188} INFO - [2026-03-30T15:29:04.337+0000] {dag.py:3036} INFO - Sync 1 DAGs
[2026-03-30T15:29:04.367+0000] {logging_mixin.py:188} INFO - [2026-03-30T15:29:04.367+0000] {dag.py:3823} INFO - Setting next_dagrun for example_sla_dag to 2026-03-30 15:26:00+00:00, run_after=2026-03-30 15:28:00+00:00
[2026-03-30T15:29:04.391+0000] {processor.py:183} INFO - Processing /home/airflow/.local/lib/python3.8/site-packages/airflow/example_dags/example_sla_dag.py took 0.105 seconds
[2026-03-30T15:29:34.464+0000] {processor.py:161} INFO - Started process (PID=3549) to work on /home/airflow/.local/lib/python3.8/site-packages/airflow/example_dags/example_sla_dag.py
[2026-03-30T15:29:34.465+0000] {processor.py:830} INFO - Processing file /home/airflow/.local/lib/python3.8/site-packages/airflow/example_dags/example_sla_dag.py for tasks to queue
[2026-03-30T15:29:34.468+0000] {logging_mixin.py:188} INFO - [2026-03-30T15:29:34.467+0000] {dagbag.py:538} INFO - Filling up the DagBag from /home/airflow/.local/lib/python3.8/site-packages/airflow/example_dags/example_sla_dag.py
[2026-03-30T15:29:34.478+0000] {processor.py:840} INFO - DAG(s) 'example_sla_dag' retrieved from /home/airflow/.local/lib/python3.8/site-packages/airflow/example_dags/example_sla_dag.py
[2026-03-30T15:29:34.498+0000] {logging_mixin.py:188} INFO - [2026-03-30T15:29:34.498+0000] {dag.py:3036} INFO - Sync 1 DAGs
[2026-03-30T15:29:34.521+0000] {logging_mixin.py:188} INFO - [2026-03-30T15:29:34.521+0000] {dag.py:3823} INFO - Setting next_dagrun for example_sla_dag to 2026-03-30 15:26:00+00:00, run_after=2026-03-30 15:28:00+00:00
[2026-03-30T15:29:34.540+0000] {processor.py:183} INFO - Processing /home/airflow/.local/lib/python3.8/site-packages/airflow/example_dags/example_sla_dag.py took 0.080 seconds
[2026-03-30T15:30:04.631+0000] {processor.py:161} INFO - Started process (PID=3606) to work on /home/airflow/.local/lib/python3.8/site-packages/airflow/example_dags/example_sla_dag.py
[2026-03-30T15:30:04.633+0000] {processor.py:830} INFO - Processing file /home/airflow/.local/lib/python3.8/site-packages/airflow/example_dags/example_sla_dag.py for tasks to queue
[2026-03-30T15:30:04.635+0000] {logging_mixin.py:188} INFO - [2026-03-30T15:30:04.634+0000] {dagbag.py:538} INFO - Filling up the DagBag from /home/airflow/.local/lib/python3.8/site-packages/airflow/example_dags/example_sla_dag.py
[2026-03-30T15:30:04.645+0000] {processor.py:840} INFO - DAG(s) 'example_sla_dag' retrieved from /home/airflow/.local/lib/python3.8/site-packages/airflow/example_dags/example_sla_dag.py
[2026-03-30T15:30:04.666+0000] {logging_mixin.py:188} INFO - [2026-03-30T15:30:04.665+0000] {dag.py:3036} INFO - Sync 1 DAGs
[2026-03-30T15:30:04.689+0000] {logging_mixin.py:188} INFO - [2026-03-30T15:30:04.689+0000] {dag.py:3823} INFO - Setting next_dagrun for example_sla_dag to 2026-03-30 15:28:00+00:00, run_after=2026-03-30 15:30:00+00:00
[2026-03-30T15:30:04.709+0000] {processor.py:183} INFO - Processing /home/airflow/.local/lib/python3.8/site-packages/airflow/example_dags/example_sla_dag.py took 0.081 seconds
[2026-03-30T15:30:34.861+0000] {processor.py:161} INFO - Started process (PID=3663) to work on /home/airflow/.local/lib/python3.8/site-packages/airflow/example_dags/example_sla_dag.py
[2026-03-30T15:30:34.863+0000] {processor.py:830} INFO - Processing file /home/airflow/.local/lib/python3.8/site-packages/airflow/example_dags/example_sla_dag.py for tasks to queue
[2026-03-30T15:30:34.866+0000] {logging_mixin.py:188} INFO - [2026-03-30T15:30:34.866+0000] {dagbag.py:538} INFO - Filling up the DagBag from /home/airflow/.local/lib/python3.8/site-packages/airflow/example_dags/example_sla_dag.py
[2026-03-30T15:30:34.879+0000] {processor.py:840} INFO - DAG(s) 'example_sla_dag' retrieved from /home/airflow/.local/lib/python3.8/site-packages/airflow/example_dags/example_sla_dag.py
[2026-03-30T15:30:34.912+0000] {logging_mixin.py:188} INFO - [2026-03-30T15:30:34.911+0000] {dag.py:3036} INFO - Sync 1 DAGs
[2026-03-30T15:30:34.945+0000] {logging_mixin.py:188} INFO - [2026-03-30T15:30:34.944+0000] {dag.py:3823} INFO - Setting next_dagrun for example_sla_dag to 2026-03-30 15:28:00+00:00, run_after=2026-03-30 15:30:00+00:00
[2026-03-30T15:30:34.964+0000] {processor.py:183} INFO - Processing /home/airflow/.local/lib/python3.8/site-packages/airflow/example_dags/example_sla_dag.py took 0.108 seconds
[2026-03-30T15:31:05.209+0000] {processor.py:161} INFO - Started process (PID=3721) to work on /home/airflow/.local/lib/python3.8/site-packages/airflow/example_dags/example_sla_dag.py
[2026-03-30T15:31:05.210+0000] {processor.py:830} INFO - Processing file /home/airflow/.local/lib/python3.8/site-packages/airflow/example_dags/example_sla_dag.py for tasks to queue
[2026-03-30T15:31:05.213+0000] {logging_mixin.py:188} INFO - [2026-03-30T15:31:05.212+0000] {dagbag.py:538} INFO - Filling up the DagBag from /home/airflow/.local/lib/python3.8/site-packages/airflow/example_dags/example_sla_dag.py
[2026-03-30T15:31:05.222+0000] {processor.py:840} INFO - DAG(s) 'example_sla_dag' retrieved from /home/airflow/.local/lib/python3.8/site-packages/airflow/example_dags/example_sla_dag.py
[2026-03-30T15:31:05.242+0000] {logging_mixin.py:188} INFO - [2026-03-30T15:31:05.242+0000] {dag.py:3036} INFO - Sync 1 DAGs
[2026-03-30T15:31:05.268+0000] {logging_mixin.py:188} INFO - [2026-03-30T15:31:05.267+0000] {dag.py:3823} INFO - Setting next_dagrun for example_sla_dag to 2026-03-30 15:28:00+00:00, run_after=2026-03-30 15:30:00+00:00
[2026-03-30T15:31:05.298+0000] {processor.py:183} INFO - Processing /home/airflow/.local/lib/python3.8/site-packages/airflow/example_dags/example_sla_dag.py took 0.093 seconds
[2026-03-30T15:31:35.797+0000] {processor.py:161} INFO - Started process (PID=3778) to work on /home/airflow/.local/lib/python3.8/site-packages/airflow/example_dags/example_sla_dag.py
[2026-03-30T15:31:35.799+0000] {processor.py:830} INFO - Processing file /home/airflow/.local/lib/python3.8/site-packages/airflow/example_dags/example_sla_dag.py for tasks to queue
[2026-03-30T15:31:35.801+0000] {logging_mixin.py:188} INFO - [2026-03-30T15:31:35.800+0000] {dagbag.py:538} INFO - Filling up the DagBag from /home/airflow/.local/lib/python3.8/site-packages/airflow/example_dags/example_sla_dag.py
[2026-03-30T15:31:35.810+0000] {processor.py:840} INFO - DAG(s) 'example_sla_dag' retrieved from /home/airflow/.local/lib/python3.8/site-packages/airflow/example_dags/example_sla_dag.py
[2026-03-30T15:31:35.830+0000] {logging_mixin.py:188} INFO - [2026-03-30T15:31:35.830+0000] {dag.py:3036} INFO - Sync 1 DAGs
[2026-03-30T15:31:35.852+0000] {logging_mixin.py:188} INFO - [2026-03-30T15:31:35.852+0000] {dag.py:3823} INFO - Setting next_dagrun for example_sla_dag to 2026-03-30 15:28:00+00:00, run_after=2026-03-30 15:30:00+00:00
[2026-03-30T15:31:35.875+0000] {processor.py:183} INFO - Processing /home/airflow/.local/lib/python3.8/site-packages/airflow/example_dags/example_sla_dag.py took 0.082 seconds
[2026-03-30T15:32:05.920+0000] {processor.py:161} INFO - Started process (PID=3835) to work on /home/airflow/.local/lib/python3.8/site-packages/airflow/example_dags/example_sla_dag.py
[2026-03-30T15:32:05.921+0000] {processor.py:830} INFO - Processing file /home/airflow/.local/lib/python3.8/site-packages/airflow/example_dags/example_sla_dag.py for tasks to queue
[2026-03-30T15:32:05.923+0000] {logging_mixin.py:188} INFO - [2026-03-30T15:32:05.923+0000] {dagbag.py:538} INFO - Filling up the DagBag from /home/airflow/.local/lib/python3.8/site-packages/airflow/example_dags/example_sla_dag.py
[2026-03-30T15:32:05.931+0000] {processor.py:840} INFO - DAG(s) 'example_sla_dag' retrieved from /home/airflow/.local/lib/python3.8/site-packages/airflow/example_dags/example_sla_dag.py
[2026-03-30T15:32:05.956+0000] {logging_mixin.py:188} INFO - [2026-03-30T15:32:05.955+0000] {dag.py:3036} INFO - Sync 1 DAGs
[2026-03-30T15:32:05.984+0000] {logging_mixin.py:188} INFO - [2026-03-30T15:32:05.984+0000] {dag.py:3823} INFO - Setting next_dagrun for example_sla_dag to 2026-03-30 15:30:00+00:00, run_after=2026-03-30 15:32:00+00:00
[2026-03-30T15:32:06.006+0000] {processor.py:183} INFO - Processing /home/airflow/.local/lib/python3.8/site-packages/airflow/example_dags/example_sla_dag.py took 0.091 seconds
[2026-03-30T15:32:36.266+0000] {processor.py:161} INFO - Started process (PID=3892) to work on /home/airflow/.local/lib/python3.8/site-packages/airflow/example_dags/example_sla_dag.py
[2026-03-30T15:32:36.270+0000] {processor.py:830} INFO - Processing file /home/airflow/.local/lib/python3.8/site-packages/airflow/example_dags/example_sla_dag.py for tasks to queue
[2026-03-30T15:32:36.274+0000] {logging_mixin.py:188} INFO - [2026-03-30T15:32:36.273+0000] {dagbag.py:538} INFO - Filling up the DagBag from /home/airflow/.local/lib/python3.8/site-packages/airflow/example_dags/example_sla_dag.py
[2026-03-30T15:32:36.286+0000] {processor.py:840} INFO - DAG(s) 'example_sla_dag' retrieved from /home/airflow/.local/lib/python3.8/site-packages/airflow/example_dags/example_sla_dag.py
[2026-03-30T15:32:36.312+0000] {logging_mixin.py:188} INFO - [2026-03-30T15:32:36.312+0000] {dag.py:3036} INFO - Sync 1 DAGs
[2026-03-30T15:32:36.339+0000] {logging_mixin.py:188} INFO - [2026-03-30T15:32:36.339+0000] {dag.py:3823} INFO - Setting next_dagrun for example_sla_dag to 2026-03-30 15:30:00+00:00, run_after=2026-03-30 15:32:00+00:00
[2026-03-30T15:32:36.368+0000] {processor.py:183} INFO - Processing /home/airflow/.local/lib/python3.8/site-packages/airflow/example_dags/example_sla_dag.py took 0.110 seconds
[2026-03-30T15:33:06.557+0000] {processor.py:161} INFO - Started process (PID=3949) to work on /home/airflow/.local/lib/python3.8/site-packages/airflow/example_dags/example_sla_dag.py
[2026-03-30T15:33:06.558+0000] {processor.py:830} INFO - Processing file /home/airflow/.local/lib/python3.8/site-packages/airflow/example_dags/example_sla_dag.py for tasks to queue
[2026-03-30T15:33:06.561+0000] {logging_mixin.py:188} INFO - [2026-03-30T15:33:06.560+0000] {dagbag.py:538} INFO - Filling up the DagBag from /home/airflow/.local/lib/python3.8/site-packages/airflow/example_dags/example_sla_dag.py
[2026-03-30T15:33:06.575+0000] {processor.py:840} INFO - DAG(s) 'example_sla_dag' retrieved from /home/airflow/.local/lib/python3.8/site-packages/airflow/example_dags/example_sla_dag.py
[2026-03-30T15:33:06.601+0000] {logging_mixin.py:188} INFO - [2026-03-30T15:33:06.601+0000] {dag.py:3036} INFO - Sync 1 DAGs
[2026-03-30T15:33:06.632+0000] {logging_mixin.py:188} INFO - [2026-03-30T15:33:06.632+0000] {dag.py:3823} INFO - Setting next_dagrun for example_sla_dag to 2026-03-30 15:30:00+00:00, run_after=2026-03-30 15:32:00+00:00
[2026-03-30T15:33:06.657+0000] {processor.py:183} INFO - Processing /home/airflow/.local/lib/python3.8/site-packages/airflow/example_dags/example_sla_dag.py took 0.105 seconds
[2026-03-30T15:33:36.953+0000] {processor.py:161} INFO - Started process (PID=4006) to work on /home/airflow/.local/lib/python3.8/site-packages/airflow/example_dags/example_sla_dag.py
[2026-03-30T15:33:36.954+0000] {processor.py:830} INFO - Processing file /home/airflow/.local/lib/python3.8/site-packages/airflow/example_dags/example_sla_dag.py for tasks to queue
[2026-03-30T15:33:36.957+0000] {logging_mixin.py:188} INFO - [2026-03-30T15:33:36.956+0000] {dagbag.py:538} INFO - Filling up the DagBag from /home/airflow/.local/lib/python3.8/site-packages/airflow/example_dags/example_sla_dag.py
[2026-03-30T15:33:36.965+0000] {processor.py:840} INFO - DAG(s) 'example_sla_dag' retrieved from /home/airflow/.local/lib/python3.8/site-packages/airflow/example_dags/example_sla_dag.py
[2026-03-30T15:33:36.985+0000] {logging_mixin.py:188} INFO - [2026-03-30T15:33:36.984+0000] {dag.py:3036} INFO - Sync 1 DAGs
[2026-03-30T15:33:37.006+0000] {logging_mixin.py:188} INFO - [2026-03-30T15:33:37.006+0000] {dag.py:3823} INFO - Setting next_dagrun for example_sla_dag to 2026-03-30 15:30:00+00:00, run_after=2026-03-30 15:32:00+00:00
[2026-03-30T15:33:37.027+0000] {processor.py:183} INFO - Processing /home/airflow/.local/lib/python3.8/site-packages/airflow/example_dags/example_sla_dag.py took 0.078 seconds
[2026-03-30T15:34:07.326+0000] {processor.py:161} INFO - Started process (PID=4063) to work on /home/airflow/.local/lib/python3.8/site-packages/airflow/example_dags/example_sla_dag.py
[2026-03-30T15:34:07.328+0000] {processor.py:830} INFO - Processing file /home/airflow/.local/lib/python3.8/site-packages/airflow/example_dags/example_sla_dag.py for tasks to queue
[2026-03-30T15:34:07.331+0000] {logging_mixin.py:188} INFO - [2026-03-30T15:34:07.330+0000] {dagbag.py:538} INFO - Filling up the DagBag from /home/airflow/.local/lib/python3.8/site-packages/airflow/example_dags/example_sla_dag.py
[2026-03-30T15:34:07.341+0000] {processor.py:840} INFO - DAG(s) 'example_sla_dag' retrieved from /home/airflow/.local/lib/python3.8/site-packages/airflow/example_dags/example_sla_dag.py
[2026-03-30T15:34:07.362+0000] {logging_mixin.py:188} INFO - [2026-03-30T15:34:07.362+0000] {dag.py:3036} INFO - Sync 1 DAGs
[2026-03-30T15:34:07.386+0000] {logging_mixin.py:188} INFO - [2026-03-30T15:34:07.386+0000] {dag.py:3823} INFO - Setting next_dagrun for example_sla_dag to 2026-03-30 15:32:00+00:00, run_after=2026-03-30 15:34:00+00:00
[2026-03-30T15:34:07.414+0000] {processor.py:183} INFO - Processing /home/airflow/.local/lib/python3.8/site-packages/airflow/example_dags/example_sla_dag.py took 0.093 seconds
[2026-03-30T15:34:37.552+0000] {processor.py:161} INFO - Started process (PID=4120) to work on /home/airflow/.local/lib/python3.8/site-packages/airflow/example_dags/example_sla_dag.py
[2026-03-30T15:34:37.553+0000] {processor.py:830} INFO - Processing file /home/airflow/.local/lib/python3.8/site-packages/airflow/example_dags/example_sla_dag.py for tasks to queue
[2026-03-30T15:34:37.556+0000] {logging_mixin.py:188} INFO - [2026-03-30T15:34:37.555+0000] {dagbag.py:538} INFO - Filling up the DagBag from /home/airflow/.local/lib/python3.8/site-packages/airflow/example_dags/example_sla_dag.py
[2026-03-30T15:34:37.569+0000] {processor.py:840} INFO - DAG(s) 'example_sla_dag' retrieved from /home/airflow/.local/lib/python3.8/site-packages/airflow/example_dags/example_sla_dag.py
[2026-03-30T15:34:37.594+0000] {logging_mixin.py:188} INFO - [2026-03-30T15:34:37.594+0000] {dag.py:3036} INFO - Sync 1 DAGs
[2026-03-30T15:34:37.616+0000] {logging_mixin.py:188} INFO - [2026-03-30T15:34:37.616+0000] {dag.py:3823} INFO - Setting next_dagrun for example_sla_dag to 2026-03-30 15:32:00+00:00, run_after=2026-03-30 15:34:00+00:00
[2026-03-30T15:34:37.639+0000] {processor.py:183} INFO - Processing /home/airflow/.local/lib/python3.8/site-packages/airflow/example_dags/example_sla_dag.py took 0.090 seconds
[2026-03-30T15:35:08.082+0000] {processor.py:161} INFO - Started process (PID=4177) to work on /home/airflow/.local/lib/python3.8/site-packages/airflow/example_dags/example_sla_dag.py
[2026-03-30T15:35:08.084+0000] {processor.py:830} INFO - Processing file /home/airflow/.local/lib/python3.8/site-packages/airflow/example_dags/example_sla_dag.py for tasks to queue
[2026-03-30T15:35:08.087+0000] {logging_mixin.py:188} INFO - [2026-03-30T15:35:08.086+0000] {dagbag.py:538} INFO - Filling up the DagBag from /home/airflow/.local/lib/python3.8/site-packages/airflow/example_dags/example_sla_dag.py
[2026-03-30T15:35:08.099+0000] {processor.py:840} INFO - DAG(s) 'example_sla_dag' retrieved from /home/airflow/.local/lib/python3.8/site-packages/airflow/example_dags/example_sla_dag.py
[2026-03-30T15:35:08.123+0000] {logging_mixin.py:188} INFO - [2026-03-30T15:35:08.123+0000] {dag.py:3036} INFO - Sync 1 DAGs
[2026-03-30T15:35:08.158+0000] {logging_mixin.py:188} INFO - [2026-03-30T15:35:08.158+0000] {dag.py:3823} INFO - Setting next_dagrun for example_sla_dag to 2026-03-30 15:32:00+00:00, run_after=2026-03-30 15:34:00+00:00
[2026-03-30T15:35:08.180+0000] {processor.py:183} INFO - Processing /home/airflow/.local/lib/python3.8/site-packages/airflow/example_dags/example_sla_dag.py took 0.102 seconds
[2026-03-30T15:35:38.376+0000] {processor.py:161} INFO - Started process (PID=4234) to work on /home/airflow/.local/lib/python3.8/site-packages/airflow/example_dags/example_sla_dag.py
[2026-03-30T15:35:38.377+0000] {processor.py:830} INFO - Processing file /home/airflow/.local/lib/python3.8/site-packages/airflow/example_dags/example_sla_dag.py for tasks to queue
[2026-03-30T15:35:38.381+0000] {logging_mixin.py:188} INFO - [2026-03-30T15:35:38.380+0000] {dagbag.py:538} INFO - Filling up the DagBag from /home/airflow/.local/lib/python3.8/site-packages/airflow/example_dags/example_sla_dag.py
[2026-03-30T15:35:38.391+0000] {processor.py:840} INFO - DAG(s) 'example_sla_dag' retrieved from /home/airflow/.local/lib/python3.8/site-packages/airflow/example_dags/example_sla_dag.py
[2026-03-30T15:35:38.416+0000] {logging_mixin.py:188} INFO - [2026-03-30T15:35:38.416+0000] {dag.py:3036} INFO - Sync 1 DAGs
[2026-03-30T15:35:38.444+0000] {logging_mixin.py:188} INFO - [2026-03-30T15:35:38.444+0000] {dag.py:3823} INFO - Setting next_dagrun for example_sla_dag to 2026-03-30 15:32:00+00:00, run_after=2026-03-30 15:34:00+00:00
[2026-03-30T15:35:38.469+0000] {processor.py:183} INFO - Processing /home/airflow/.local/lib/python3.8/site-packages/airflow/example_dags/example_sla_dag.py took 0.096 seconds
[2026-03-30T15:36:08.717+0000] {processor.py:161} INFO - Started process (PID=4291) to work on /home/airflow/.local/lib/python3.8/site-packages/airflow/example_dags/example_sla_dag.py
[2026-03-30T15:36:08.718+0000] {processor.py:830} INFO - Processing file /home/airflow/.local/lib/python3.8/site-packages/airflow/example_dags/example_sla_dag.py for tasks to queue
[2026-03-30T15:36:08.721+0000] {logging_mixin.py:188} INFO - [2026-03-30T15:36:08.721+0000] {dagbag.py:538} INFO - Filling up the DagBag from /home/airflow/.local/lib/python3.8/site-packages/airflow/example_dags/example_sla_dag.py
[2026-03-30T15:36:08.732+0000] {processor.py:840} INFO - DAG(s) 'example_sla_dag' retrieved from /home/airflow/.local/lib/python3.8/site-packages/airflow/example_dags/example_sla_dag.py
[2026-03-30T15:36:08.754+0000] {logging_mixin.py:188} INFO - [2026-03-30T15:36:08.754+0000] {dag.py:3036} INFO - Sync 1 DAGs
[2026-03-30T15:36:08.784+0000] {logging_mixin.py:188} INFO - [2026-03-30T15:36:08.783+0000] {dag.py:3823} INFO - Setting next_dagrun for example_sla_dag to 2026-03-30 15:34:00+00:00, run_after=2026-03-30 15:36:00+00:00
[2026-03-30T15:36:08.810+0000] {processor.py:183} INFO - Processing /home/airflow/.local/lib/python3.8/site-packages/airflow/example_dags/example_sla_dag.py took 0.097 seconds
[2026-03-30T15:36:39.300+0000] {processor.py:161} INFO - Started process (PID=4348) to work on /home/airflow/.local/lib/python3.8/site-packages/airflow/example_dags/example_sla_dag.py
[2026-03-30T15:36:39.306+0000] {processor.py:830} INFO - Processing file /home/airflow/.local/lib/python3.8/site-packages/airflow/example_dags/example_sla_dag.py for tasks to queue
[2026-03-30T15:36:39.311+0000] {logging_mixin.py:188} INFO - [2026-03-30T15:36:39.310+0000] {dagbag.py:538} INFO - Filling up the DagBag from /home/airflow/.local/lib/python3.8/site-packages/airflow/example_dags/example_sla_dag.py
[2026-03-30T15:36:39.324+0000] {processor.py:840} INFO - DAG(s) 'example_sla_dag' retrieved from /home/airflow/.local/lib/python3.8/site-packages/airflow/example_dags/example_sla_dag.py
[2026-03-30T15:36:39.359+0000] {logging_mixin.py:188} INFO - [2026-03-30T15:36:39.359+0000] {dag.py:3036} INFO - Sync 1 DAGs
[2026-03-30T15:36:39.408+0000] {logging_mixin.py:188} INFO - [2026-03-30T15:36:39.408+0000] {dag.py:3823} INFO - Setting next_dagrun for example_sla_dag to 2026-03-30 15:34:00+00:00, run_after=2026-03-30 15:36:00+00:00
[2026-03-30T15:36:39.431+0000] {processor.py:183} INFO - Processing /home/airflow/.local/lib/python3.8/site-packages/airflow/example_dags/example_sla_dag.py took 0.135 seconds
[2026-03-30T15:37:09.570+0000] {processor.py:161} INFO - Started process (PID=4405) to work on /home/airflow/.local/lib/python3.8/site-packages/airflow/example_dags/example_sla_dag.py
[2026-03-30T15:37:09.572+0000] {processor.py:830} INFO - Processing file /home/airflow/.local/lib/python3.8/site-packages/airflow/example_dags/example_sla_dag.py for tasks to queue
[2026-03-30T15:37:09.576+0000] {logging_mixin.py:188} INFO - [2026-03-30T15:37:09.575+0000] {dagbag.py:538} INFO - Filling up the DagBag from /home/airflow/.local/lib/python3.8/site-packages/airflow/example_dags/example_sla_dag.py
[2026-03-30T15:37:09.595+0000] {processor.py:840} INFO - DAG(s) 'example_sla_dag' retrieved from /home/airflow/.local/lib/python3.8/site-packages/airflow/example_dags/example_sla_dag.py
[2026-03-30T15:37:09.632+0000] {logging_mixin.py:188} INFO - [2026-03-30T15:37:09.631+0000] {dag.py:3036} INFO - Sync 1 DAGs
[2026-03-30T15:37:09.679+0000] {logging_mixin.py:188} INFO - [2026-03-30T15:37:09.678+0000] {dag.py:3823} INFO - Setting next_dagrun for example_sla_dag to 2026-03-30 15:34:00+00:00, run_after=2026-03-30 15:36:00+00:00
[2026-03-30T15:37:09.716+0000] {processor.py:183} INFO - Processing /home/airflow/.local/lib/python3.8/site-packages/airflow/example_dags/example_sla_dag.py took 0.154 seconds
[2026-03-30T15:37:40.404+0000] {processor.py:161} INFO - Started process (PID=4462) to work on /home/airflow/.local/lib/python3.8/site-packages/airflow/example_dags/example_sla_dag.py
[2026-03-30T15:37:40.405+0000] {processor.py:830} INFO - Processing file /home/airflow/.local/lib/python3.8/site-packages/airflow/example_dags/example_sla_dag.py for tasks to queue
[2026-03-30T15:37:40.409+0000] {logging_mixin.py:188} INFO - [2026-03-30T15:37:40.408+0000] {dagbag.py:538} INFO - Filling up the DagBag from /home/airflow/.local/lib/python3.8/site-packages/airflow/example_dags/example_sla_dag.py
[2026-03-30T15:37:40.421+0000] {processor.py:840} INFO - DAG(s) 'example_sla_dag' retrieved from /home/airflow/.local/lib/python3.8/site-packages/airflow/example_dags/example_sla_dag.py
[2026-03-30T15:37:40.451+0000] {logging_mixin.py:188} INFO - [2026-03-30T15:37:40.450+0000] {dag.py:3036} INFO - Sync 1 DAGs
[2026-03-30T15:37:40.485+0000] {logging_mixin.py:188} INFO - [2026-03-30T15:37:40.485+0000] {dag.py:3823} INFO - Setting next_dagrun for example_sla_dag to 2026-03-30 15:34:00+00:00, run_after=2026-03-30 15:36:00+00:00
[2026-03-30T15:37:40.515+0000] {processor.py:183} INFO - Processing /home/airflow/.local/lib/python3.8/site-packages/airflow/example_dags/example_sla_dag.py took 0.115 seconds
[2026-03-30T17:33:56.735+0000] {processor.py:161} INFO - Started process (PID=64) to work on /home/airflow/.local/lib/python3.8/site-packages/airflow/example_dags/example_sla_dag.py
[2026-03-30T17:33:56.739+0000] {processor.py:830} INFO - Processing file /home/airflow/.local/lib/python3.8/site-packages/airflow/example_dags/example_sla_dag.py for tasks to queue
[2026-03-30T17:33:56.743+0000] {logging_mixin.py:188} INFO - [2026-03-30T17:33:56.742+0000] {dagbag.py:538} INFO - Filling up the DagBag from /home/airflow/.local/lib/python3.8/site-packages/airflow/example_dags/example_sla_dag.py
[2026-03-30T17:33:56.766+0000] {processor.py:840} INFO - DAG(s) 'example_sla_dag' retrieved from /home/airflow/.local/lib/python3.8/site-packages/airflow/example_dags/example_sla_dag.py
[2026-03-30T17:33:56.810+0000] {logging_mixin.py:188} INFO - [2026-03-30T17:33:56.810+0000] {dag.py:3036} INFO - Sync 1 DAGs
[2026-03-30T17:33:56.842+0000] {logging_mixin.py:188} INFO - [2026-03-30T17:33:56.842+0000] {dag.py:3823} INFO - Setting next_dagrun for example_sla_dag to 2026-03-30 17:30:00+00:00, run_after=2026-03-30 17:32:00+00:00
[2026-03-30T17:33:56.873+0000] {processor.py:183} INFO - Processing /home/airflow/.local/lib/python3.8/site-packages/airflow/example_dags/example_sla_dag.py took 0.143 seconds
[2026-03-30T19:49:21.252+0000] {processor.py:161} INFO - Started process (PID=64) to work on /home/airflow/.local/lib/python3.8/site-packages/airflow/example_dags/example_sla_dag.py
[2026-03-30T19:49:21.254+0000] {processor.py:830} INFO - Processing file /home/airflow/.local/lib/python3.8/site-packages/airflow/example_dags/example_sla_dag.py for tasks to queue
[2026-03-30T19:49:21.258+0000] {logging_mixin.py:188} INFO - [2026-03-30T19:49:21.258+0000] {dagbag.py:538} INFO - Filling up the DagBag from /home/airflow/.local/lib/python3.8/site-packages/airflow/example_dags/example_sla_dag.py
[2026-03-30T19:49:21.272+0000] {processor.py:840} INFO - DAG(s) 'example_sla_dag' retrieved from /home/airflow/.local/lib/python3.8/site-packages/airflow/example_dags/example_sla_dag.py
[2026-03-30T19:49:21.312+0000] {logging_mixin.py:188} INFO - [2026-03-30T19:49:21.311+0000] {dag.py:3036} INFO - Sync 1 DAGs
[2026-03-30T19:49:21.369+0000] {logging_mixin.py:188} INFO - [2026-03-30T19:49:21.368+0000] {dag.py:3823} INFO - Setting next_dagrun for example_sla_dag to 2026-03-30 19:46:00+00:00, run_after=2026-03-30 19:48:00+00:00
[2026-03-30T19:49:21.410+0000] {processor.py:183} INFO - Processing /home/airflow/.local/lib/python3.8/site-packages/airflow/example_dags/example_sla_dag.py took 0.165 seconds
[2026-03-30T19:49:52.259+0000] {processor.py:161} INFO - Started process (PID=121) to work on /home/airflow/.local/lib/python3.8/site-packages/airflow/example_dags/example_sla_dag.py
[2026-03-30T19:49:52.261+0000] {processor.py:830} INFO - Processing file /home/airflow/.local/lib/python3.8/site-packages/airflow/example_dags/example_sla_dag.py for tasks to queue
[2026-03-30T19:49:52.265+0000] {logging_mixin.py:188} INFO - [2026-03-30T19:49:52.264+0000] {dagbag.py:538} INFO - Filling up the DagBag from /home/airflow/.local/lib/python3.8/site-packages/airflow/example_dags/example_sla_dag.py
[2026-03-30T19:49:52.285+0000] {processor.py:840} INFO - DAG(s) 'example_sla_dag' retrieved from /home/airflow/.local/lib/python3.8/site-packages/airflow/example_dags/example_sla_dag.py
[2026-03-30T19:49:52.333+0000] {logging_mixin.py:188} INFO - [2026-03-30T19:49:52.332+0000] {dag.py:3036} INFO - Sync 1 DAGs
[2026-03-30T19:49:52.396+0000] {logging_mixin.py:188} INFO - [2026-03-30T19:49:52.395+0000] {dag.py:3823} INFO - Setting next_dagrun for example_sla_dag to 2026-03-30 19:46:00+00:00, run_after=2026-03-30 19:48:00+00:00
[2026-03-30T19:49:52.438+0000] {processor.py:183} INFO - Processing /home/airflow/.local/lib/python3.8/site-packages/airflow/example_dags/example_sla_dag.py took 0.185 seconds
[2026-03-30T19:50:23.207+0000] {processor.py:161} INFO - Started process (PID=178) to work on /home/airflow/.local/lib/python3.8/site-packages/airflow/example_dags/example_sla_dag.py
[2026-03-30T19:50:23.208+0000] {processor.py:830} INFO - Processing file /home/airflow/.local/lib/python3.8/site-packages/airflow/example_dags/example_sla_dag.py for tasks to queue
[2026-03-30T19:50:23.211+0000] {logging_mixin.py:188} INFO - [2026-03-30T19:50:23.210+0000] {dagbag.py:538} INFO - Filling up the DagBag from /home/airflow/.local/lib/python3.8/site-packages/airflow/example_dags/example_sla_dag.py
[2026-03-30T19:50:23.224+0000] {processor.py:840} INFO - DAG(s) 'example_sla_dag' retrieved from /home/airflow/.local/lib/python3.8/site-packages/airflow/example_dags/example_sla_dag.py
[2026-03-30T19:50:23.263+0000] {logging_mixin.py:188} INFO - [2026-03-30T19:50:23.262+0000] {dag.py:3036} INFO - Sync 1 DAGs
[2026-03-30T19:50:23.307+0000] {logging_mixin.py:188} INFO - [2026-03-30T19:50:23.306+0000] {dag.py:3823} INFO - Setting next_dagrun for example_sla_dag to 2026-03-30 19:48:00+00:00, run_after=2026-03-30 19:50:00+00:00
[2026-03-30T19:50:23.339+0000] {processor.py:183} INFO - Processing /home/airflow/.local/lib/python3.8/site-packages/airflow/example_dags/example_sla_dag.py took 0.137 seconds
[2026-03-30T19:50:53.695+0000] {processor.py:161} INFO - Started process (PID=235) to work on /home/airflow/.local/lib/python3.8/site-packages/airflow/example_dags/example_sla_dag.py
[2026-03-30T19:50:53.697+0000] {processor.py:830} INFO - Processing file /home/airflow/.local/lib/python3.8/site-packages/airflow/example_dags/example_sla_dag.py for tasks to queue
[2026-03-30T19:50:53.700+0000] {logging_mixin.py:188} INFO - [2026-03-30T19:50:53.700+0000] {dagbag.py:538} INFO - Filling up the DagBag from /home/airflow/.local/lib/python3.8/site-packages/airflow/example_dags/example_sla_dag.py
[2026-03-30T19:50:53.713+0000] {processor.py:840} INFO - DAG(s) 'example_sla_dag' retrieved from /home/airflow/.local/lib/python3.8/site-packages/airflow/example_dags/example_sla_dag.py
[2026-03-30T19:50:53.747+0000] {logging_mixin.py:188} INFO - [2026-03-30T19:50:53.746+0000] {dag.py:3036} INFO - Sync 1 DAGs
[2026-03-30T19:50:53.786+0000] {logging_mixin.py:188} INFO - [2026-03-30T19:50:53.786+0000] {dag.py:3823} INFO - Setting next_dagrun for example_sla_dag to 2026-03-30 19:48:00+00:00, run_after=2026-03-30 19:50:00+00:00
[2026-03-30T19:50:53.816+0000] {processor.py:183} INFO - Processing /home/airflow/.local/lib/python3.8/site-packages/airflow/example_dags/example_sla_dag.py took 0.126 seconds
[2026-03-30T19:51:24.175+0000] {processor.py:161} INFO - Started process (PID=292) to work on /home/airflow/.local/lib/python3.8/site-packages/airflow/example_dags/example_sla_dag.py
[2026-03-30T19:51:24.177+0000] {processor.py:830} INFO - Processing file /home/airflow/.local/lib/python3.8/site-packages/airflow/example_dags/example_sla_dag.py for tasks to queue
[2026-03-30T19:51:24.181+0000] {logging_mixin.py:188} INFO - [2026-03-30T19:51:24.180+0000] {dagbag.py:538} INFO - Filling up the DagBag from /home/airflow/.local/lib/python3.8/site-packages/airflow/example_dags/example_sla_dag.py
[2026-03-30T19:51:24.198+0000] {processor.py:840} INFO - DAG(s) 'example_sla_dag' retrieved from /home/airflow/.local/lib/python3.8/site-packages/airflow/example_dags/example_sla_dag.py
[2026-03-30T19:51:24.234+0000] {logging_mixin.py:188} INFO - [2026-03-30T19:51:24.233+0000] {dag.py:3036} INFO - Sync 1 DAGs
[2026-03-30T19:51:24.299+0000] {logging_mixin.py:188} INFO - [2026-03-30T19:51:24.298+0000] {dag.py:3823} INFO - Setting next_dagrun for example_sla_dag to 2026-03-30 19:48:00+00:00, run_after=2026-03-30 19:50:00+00:00
[2026-03-30T19:51:24.333+0000] {processor.py:183} INFO - Processing /home/airflow/.local/lib/python3.8/site-packages/airflow/example_dags/example_sla_dag.py took 0.170 seconds
[2026-03-30T19:51:55.087+0000] {processor.py:161} INFO - Started process (PID=355) to work on /home/airflow/.local/lib/python3.8/site-packages/airflow/example_dags/example_sla_dag.py
[2026-03-30T19:51:55.089+0000] {processor.py:830} INFO - Processing file /home/airflow/.local/lib/python3.8/site-packages/airflow/example_dags/example_sla_dag.py for tasks to queue
[2026-03-30T19:51:55.092+0000] {logging_mixin.py:188} INFO - [2026-03-30T19:51:55.091+0000] {dagbag.py:538} INFO - Filling up the DagBag from /home/airflow/.local/lib/python3.8/site-packages/airflow/example_dags/example_sla_dag.py
[2026-03-30T19:51:55.107+0000] {processor.py:840} INFO - DAG(s) 'example_sla_dag' retrieved from /home/airflow/.local/lib/python3.8/site-packages/airflow/example_dags/example_sla_dag.py
[2026-03-30T19:51:55.170+0000] {logging_mixin.py:188} INFO - [2026-03-30T19:51:55.170+0000] {dag.py:3036} INFO - Sync 1 DAGs
[2026-03-30T19:51:55.282+0000] {logging_mixin.py:188} INFO - [2026-03-30T19:51:55.281+0000] {dag.py:3823} INFO - Setting next_dagrun for example_sla_dag to 2026-03-30 19:48:00+00:00, run_after=2026-03-30 19:50:00+00:00
[2026-03-30T19:51:55.332+0000] {processor.py:183} INFO - Processing /home/airflow/.local/lib/python3.8/site-packages/airflow/example_dags/example_sla_dag.py took 0.254 seconds
[2026-03-30T19:52:26.380+0000] {processor.py:161} INFO - Started process (PID=412) to work on /home/airflow/.local/lib/python3.8/site-packages/airflow/example_dags/example_sla_dag.py
[2026-03-30T19:52:26.383+0000] {processor.py:830} INFO - Processing file /home/airflow/.local/lib/python3.8/site-packages/airflow/example_dags/example_sla_dag.py for tasks to queue
[2026-03-30T19:52:26.391+0000] {logging_mixin.py:188} INFO - [2026-03-30T19:52:26.390+0000] {dagbag.py:538} INFO - Filling up the DagBag from /home/airflow/.local/lib/python3.8/site-packages/airflow/example_dags/example_sla_dag.py
[2026-03-30T19:52:26.424+0000] {processor.py:840} INFO - DAG(s) 'example_sla_dag' retrieved from /home/airflow/.local/lib/python3.8/site-packages/airflow/example_dags/example_sla_dag.py
[2026-03-30T19:52:26.488+0000] {logging_mixin.py:188} INFO - [2026-03-30T19:52:26.484+0000] {dag.py:3036} INFO - Sync 1 DAGs
[2026-03-30T19:52:26.564+0000] {logging_mixin.py:188} INFO - [2026-03-30T19:52:26.564+0000] {dag.py:3823} INFO - Setting next_dagrun for example_sla_dag to 2026-03-30 19:50:00+00:00, run_after=2026-03-30 19:52:00+00:00
[2026-03-30T19:52:26.613+0000] {processor.py:183} INFO - Processing /home/airflow/.local/lib/python3.8/site-packages/airflow/example_dags/example_sla_dag.py took 0.244 seconds
[2026-03-30T19:52:57.659+0000] {processor.py:161} INFO - Started process (PID=469) to work on /home/airflow/.local/lib/python3.8/site-packages/airflow/example_dags/example_sla_dag.py
[2026-03-30T19:52:57.661+0000] {processor.py:830} INFO - Processing file /home/airflow/.local/lib/python3.8/site-packages/airflow/example_dags/example_sla_dag.py for tasks to queue
[2026-03-30T19:52:57.664+0000] {logging_mixin.py:188} INFO - [2026-03-30T19:52:57.664+0000] {dagbag.py:538} INFO - Filling up the DagBag from /home/airflow/.local/lib/python3.8/site-packages/airflow/example_dags/example_sla_dag.py
[2026-03-30T19:52:57.680+0000] {processor.py:840} INFO - DAG(s) 'example_sla_dag' retrieved from /home/airflow/.local/lib/python3.8/site-packages/airflow/example_dags/example_sla_dag.py
[2026-03-30T19:52:57.721+0000] {logging_mixin.py:188} INFO - [2026-03-30T19:52:57.720+0000] {dag.py:3036} INFO - Sync 1 DAGs
[2026-03-30T19:52:57.763+0000] {logging_mixin.py:188} INFO - [2026-03-30T19:52:57.762+0000] {dag.py:3823} INFO - Setting next_dagrun for example_sla_dag to 2026-03-30 19:50:00+00:00, run_after=2026-03-30 19:52:00+00:00
[2026-03-30T19:52:57.795+0000] {processor.py:183} INFO - Processing /home/airflow/.local/lib/python3.8/site-packages/airflow/example_dags/example_sla_dag.py took 0.142 seconds
[2026-03-30T19:53:28.131+0000] {processor.py:161} INFO - Started process (PID=526) to work on /home/airflow/.local/lib/python3.8/site-packages/airflow/example_dags/example_sla_dag.py
[2026-03-30T19:53:28.136+0000] {processor.py:830} INFO - Processing file /home/airflow/.local/lib/python3.8/site-packages/airflow/example_dags/example_sla_dag.py for tasks to queue
[2026-03-30T19:53:28.143+0000] {logging_mixin.py:188} INFO - [2026-03-30T19:53:28.142+0000] {dagbag.py:538} INFO - Filling up the DagBag from /home/airflow/.local/lib/python3.8/site-packages/airflow/example_dags/example_sla_dag.py
[2026-03-30T19:53:28.165+0000] {processor.py:840} INFO - DAG(s) 'example_sla_dag' retrieved from /home/airflow/.local/lib/python3.8/site-packages/airflow/example_dags/example_sla_dag.py
[2026-03-30T19:53:28.210+0000] {logging_mixin.py:188} INFO - [2026-03-30T19:53:28.210+0000] {dag.py:3036} INFO - Sync 1 DAGs
[2026-03-30T19:53:28.251+0000] {logging_mixin.py:188} INFO - [2026-03-30T19:53:28.251+0000] {dag.py:3823} INFO - Setting next_dagrun for example_sla_dag to 2026-03-30 19:50:00+00:00, run_after=2026-03-30 19:52:00+00:00
[2026-03-30T19:53:28.286+0000] {processor.py:183} INFO - Processing /home/airflow/.local/lib/python3.8/site-packages/airflow/example_dags/example_sla_dag.py took 0.165 seconds
[2026-03-30T19:53:58.378+0000] {processor.py:161} INFO - Started process (PID=583) to work on /home/airflow/.local/lib/python3.8/site-packages/airflow/example_dags/example_sla_dag.py
[2026-03-30T19:53:58.381+0000] {processor.py:830} INFO - Processing file /home/airflow/.local/lib/python3.8/site-packages/airflow/example_dags/example_sla_dag.py for tasks to queue
[2026-03-30T19:53:58.388+0000] {logging_mixin.py:188} INFO - [2026-03-30T19:53:58.388+0000] {dagbag.py:538} INFO - Filling up the DagBag from /home/airflow/.local/lib/python3.8/site-packages/airflow/example_dags/example_sla_dag.py
[2026-03-30T19:53:58.414+0000] {processor.py:840} INFO - DAG(s) 'example_sla_dag' retrieved from /home/airflow/.local/lib/python3.8/site-packages/airflow/example_dags/example_sla_dag.py
[2026-03-30T19:53:58.474+0000] {logging_mixin.py:188} INFO - [2026-03-30T19:53:58.473+0000] {dag.py:3036} INFO - Sync 1 DAGs
[2026-03-30T19:53:58.559+0000] {logging_mixin.py:188} INFO - [2026-03-30T19:53:58.559+0000] {dag.py:3823} INFO - Setting next_dagrun for example_sla_dag to 2026-03-30 19:50:00+00:00, run_after=2026-03-30 19:52:00+00:00
[2026-03-30T19:53:58.604+0000] {processor.py:183} INFO - Processing /home/airflow/.local/lib/python3.8/site-packages/airflow/example_dags/example_sla_dag.py took 0.234 seconds
[2026-03-30T19:54:29.393+0000] {processor.py:161} INFO - Started process (PID=641) to work on /home/airflow/.local/lib/python3.8/site-packages/airflow/example_dags/example_sla_dag.py
[2026-03-30T19:54:29.396+0000] {processor.py:830} INFO - Processing file /home/airflow/.local/lib/python3.8/site-packages/airflow/example_dags/example_sla_dag.py for tasks to queue
[2026-03-30T19:54:29.403+0000] {logging_mixin.py:188} INFO - [2026-03-30T19:54:29.403+0000] {dagbag.py:538} INFO - Filling up the DagBag from /home/airflow/.local/lib/python3.8/site-packages/airflow/example_dags/example_sla_dag.py
[2026-03-30T19:54:29.424+0000] {processor.py:840} INFO - DAG(s) 'example_sla_dag' retrieved from /home/airflow/.local/lib/python3.8/site-packages/airflow/example_dags/example_sla_dag.py
[2026-03-30T19:54:29.459+0000] {logging_mixin.py:188} INFO - [2026-03-30T19:54:29.458+0000] {dag.py:3036} INFO - Sync 1 DAGs
[2026-03-30T19:54:29.507+0000] {logging_mixin.py:188} INFO - [2026-03-30T19:54:29.506+0000] {dag.py:3823} INFO - Setting next_dagrun for example_sla_dag to 2026-03-30 19:52:00+00:00, run_after=2026-03-30 19:54:00+00:00
[2026-03-30T19:54:29.546+0000] {processor.py:183} INFO - Processing /home/airflow/.local/lib/python3.8/site-packages/airflow/example_dags/example_sla_dag.py took 0.164 seconds
[2026-03-30T19:55:00.024+0000] {processor.py:161} INFO - Started process (PID=698) to work on /home/airflow/.local/lib/python3.8/site-packages/airflow/example_dags/example_sla_dag.py
[2026-03-30T19:55:00.027+0000] {processor.py:830} INFO - Processing file /home/airflow/.local/lib/python3.8/site-packages/airflow/example_dags/example_sla_dag.py for tasks to queue
[2026-03-30T19:55:00.036+0000] {logging_mixin.py:188} INFO - [2026-03-30T19:55:00.035+0000] {dagbag.py:538} INFO - Filling up the DagBag from /home/airflow/.local/lib/python3.8/site-packages/airflow/example_dags/example_sla_dag.py
[2026-03-30T19:55:00.070+0000] {processor.py:840} INFO - DAG(s) 'example_sla_dag' retrieved from /home/airflow/.local/lib/python3.8/site-packages/airflow/example_dags/example_sla_dag.py
[2026-03-30T19:55:00.127+0000] {logging_mixin.py:188} INFO - [2026-03-30T19:55:00.126+0000] {dag.py:3036} INFO - Sync 1 DAGs
[2026-03-30T19:55:00.199+0000] {logging_mixin.py:188} INFO - [2026-03-30T19:55:00.197+0000] {dag.py:3823} INFO - Setting next_dagrun for example_sla_dag to 2026-03-30 19:52:00+00:00, run_after=2026-03-30 19:54:00+00:00
[2026-03-30T19:55:00.261+0000] {processor.py:183} INFO - Processing /home/airflow/.local/lib/python3.8/site-packages/airflow/example_dags/example_sla_dag.py took 0.250 seconds
[2026-03-30T19:55:30.845+0000] {processor.py:161} INFO - Started process (PID=755) to work on /home/airflow/.local/lib/python3.8/site-packages/airflow/example_dags/example_sla_dag.py
[2026-03-30T19:55:30.851+0000] {processor.py:830} INFO - Processing file /home/airflow/.local/lib/python3.8/site-packages/airflow/example_dags/example_sla_dag.py for tasks to queue
[2026-03-30T19:55:30.856+0000] {logging_mixin.py:188} INFO - [2026-03-30T19:55:30.855+0000] {dagbag.py:538} INFO - Filling up the DagBag from /home/airflow/.local/lib/python3.8/site-packages/airflow/example_dags/example_sla_dag.py
[2026-03-30T19:55:30.877+0000] {processor.py:840} INFO - DAG(s) 'example_sla_dag' retrieved from /home/airflow/.local/lib/python3.8/site-packages/airflow/example_dags/example_sla_dag.py
[2026-03-30T19:55:30.920+0000] {logging_mixin.py:188} INFO - [2026-03-30T19:55:30.919+0000] {dag.py:3036} INFO - Sync 1 DAGs
[2026-03-30T19:55:30.971+0000] {logging_mixin.py:188} INFO - [2026-03-30T19:55:30.970+0000] {dag.py:3823} INFO - Setting next_dagrun for example_sla_dag to 2026-03-30 19:52:00+00:00, run_after=2026-03-30 19:54:00+00:00
[2026-03-30T19:55:31.010+0000] {processor.py:183} INFO - Processing /home/airflow/.local/lib/python3.8/site-packages/airflow/example_dags/example_sla_dag.py took 0.172 seconds
[2026-03-30T19:56:01.891+0000] {processor.py:161} INFO - Started process (PID=812) to work on /home/airflow/.local/lib/python3.8/site-packages/airflow/example_dags/example_sla_dag.py
[2026-03-30T19:56:01.893+0000] {processor.py:830} INFO - Processing file /home/airflow/.local/lib/python3.8/site-packages/airflow/example_dags/example_sla_dag.py for tasks to queue
[2026-03-30T19:56:01.896+0000] {logging_mixin.py:188} INFO - [2026-03-30T19:56:01.896+0000] {dagbag.py:538} INFO - Filling up the DagBag from /home/airflow/.local/lib/python3.8/site-packages/airflow/example_dags/example_sla_dag.py
[2026-03-30T19:56:01.923+0000] {processor.py:840} INFO - DAG(s) 'example_sla_dag' retrieved from /home/airflow/.local/lib/python3.8/site-packages/airflow/example_dags/example_sla_dag.py
[2026-03-30T19:56:01.947+0000] {logging_mixin.py:188} INFO - [2026-03-30T19:56:01.946+0000] {dag.py:3036} INFO - Sync 1 DAGs
[2026-03-30T19:56:02.005+0000] {logging_mixin.py:188} INFO - [2026-03-30T19:56:02.004+0000] {dag.py:3823} INFO - Setting next_dagrun for example_sla_dag to 2026-03-30 19:54:00+00:00, run_after=2026-03-30 19:56:00+00:00
[2026-03-30T19:56:02.045+0000] {processor.py:183} INFO - Processing /home/airflow/.local/lib/python3.8/site-packages/airflow/example_dags/example_sla_dag.py took 0.161 seconds
[2026-03-30T19:56:32.423+0000] {processor.py:161} INFO - Started process (PID=869) to work on /home/airflow/.local/lib/python3.8/site-packages/airflow/example_dags/example_sla_dag.py
[2026-03-30T19:56:32.427+0000] {processor.py:830} INFO - Processing file /home/airflow/.local/lib/python3.8/site-packages/airflow/example_dags/example_sla_dag.py for tasks to queue
[2026-03-30T19:56:32.434+0000] {logging_mixin.py:188} INFO - [2026-03-30T19:56:32.433+0000] {dagbag.py:538} INFO - Filling up the DagBag from /home/airflow/.local/lib/python3.8/site-packages/airflow/example_dags/example_sla_dag.py
[2026-03-30T19:56:32.458+0000] {processor.py:840} INFO - DAG(s) 'example_sla_dag' retrieved from /home/airflow/.local/lib/python3.8/site-packages/airflow/example_dags/example_sla_dag.py
[2026-03-30T19:56:32.637+0000] {logging_mixin.py:188} INFO - [2026-03-30T19:56:32.637+0000] {dag.py:3036} INFO - Sync 1 DAGs
[2026-03-30T19:56:32.676+0000] {logging_mixin.py:188} INFO - [2026-03-30T19:56:32.676+0000] {dag.py:3823} INFO - Setting next_dagrun for example_sla_dag to 2026-03-30 19:54:00+00:00, run_after=2026-03-30 19:56:00+00:00
[2026-03-30T19:56:32.710+0000] {processor.py:183} INFO - Processing /home/airflow/.local/lib/python3.8/site-packages/airflow/example_dags/example_sla_dag.py took 0.300 seconds
[2026-03-30T19:57:02.818+0000] {processor.py:161} INFO - Started process (PID=926) to work on /home/airflow/.local/lib/python3.8/site-packages/airflow/example_dags/example_sla_dag.py
[2026-03-30T19:57:02.820+0000] {processor.py:830} INFO - Processing file /home/airflow/.local/lib/python3.8/site-packages/airflow/example_dags/example_sla_dag.py for tasks to queue
[2026-03-30T19:57:02.823+0000] {logging_mixin.py:188} INFO - [2026-03-30T19:57:02.823+0000] {dagbag.py:538} INFO - Filling up the DagBag from /home/airflow/.local/lib/python3.8/site-packages/airflow/example_dags/example_sla_dag.py
[2026-03-30T19:57:02.839+0000] {processor.py:840} INFO - DAG(s) 'example_sla_dag' retrieved from /home/airflow/.local/lib/python3.8/site-packages/airflow/example_dags/example_sla_dag.py
[2026-03-30T19:57:02.881+0000] {logging_mixin.py:188} INFO - [2026-03-30T19:57:02.881+0000] {dag.py:3036} INFO - Sync 1 DAGs
[2026-03-30T19:57:02.937+0000] {logging_mixin.py:188} INFO - [2026-03-30T19:57:02.936+0000] {dag.py:3823} INFO - Setting next_dagrun for example_sla_dag to 2026-03-30 19:54:00+00:00, run_after=2026-03-30 19:56:00+00:00
[2026-03-30T19:57:02.978+0000] {processor.py:183} INFO - Processing /home/airflow/.local/lib/python3.8/site-packages/airflow/example_dags/example_sla_dag.py took 0.166 seconds
[2026-03-30T19:57:33.509+0000] {processor.py:161} INFO - Started process (PID=983) to work on /home/airflow/.local/lib/python3.8/site-packages/airflow/example_dags/example_sla_dag.py
[2026-03-30T19:57:33.513+0000] {processor.py:830} INFO - Processing file /home/airflow/.local/lib/python3.8/site-packages/airflow/example_dags/example_sla_dag.py for tasks to queue
[2026-03-30T19:57:33.520+0000] {logging_mixin.py:188} INFO - [2026-03-30T19:57:33.518+0000] {dagbag.py:538} INFO - Filling up the DagBag from /home/airflow/.local/lib/python3.8/site-packages/airflow/example_dags/example_sla_dag.py
[2026-03-30T19:57:33.547+0000] {processor.py:840} INFO - DAG(s) 'example_sla_dag' retrieved from /home/airflow/.local/lib/python3.8/site-packages/airflow/example_dags/example_sla_dag.py
[2026-03-30T19:57:33.583+0000] {logging_mixin.py:188} INFO - [2026-03-30T19:57:33.582+0000] {dag.py:3036} INFO - Sync 1 DAGs
[2026-03-30T19:57:33.623+0000] {logging_mixin.py:188} INFO - [2026-03-30T19:57:33.623+0000] {dag.py:3823} INFO - Setting next_dagrun for example_sla_dag to 2026-03-30 19:54:00+00:00, run_after=2026-03-30 19:56:00+00:00
[2026-03-30T19:57:33.656+0000] {processor.py:183} INFO - Processing /home/airflow/.local/lib/python3.8/site-packages/airflow/example_dags/example_sla_dag.py took 0.157 seconds
[2026-03-30T19:58:04.502+0000] {processor.py:161} INFO - Started process (PID=1040) to work on /home/airflow/.local/lib/python3.8/site-packages/airflow/example_dags/example_sla_dag.py
[2026-03-30T19:58:04.505+0000] {processor.py:830} INFO - Processing file /home/airflow/.local/lib/python3.8/site-packages/airflow/example_dags/example_sla_dag.py for tasks to queue
[2026-03-30T19:58:04.512+0000] {logging_mixin.py:188} INFO - [2026-03-30T19:58:04.510+0000] {dagbag.py:538} INFO - Filling up the DagBag from /home/airflow/.local/lib/python3.8/site-packages/airflow/example_dags/example_sla_dag.py
[2026-03-30T19:58:04.536+0000] {processor.py:840} INFO - DAG(s) 'example_sla_dag' retrieved from /home/airflow/.local/lib/python3.8/site-packages/airflow/example_dags/example_sla_dag.py
[2026-03-30T19:58:04.586+0000] {logging_mixin.py:188} INFO - [2026-03-30T19:58:04.586+0000] {dag.py:3036} INFO - Sync 1 DAGs
[2026-03-30T19:58:04.634+0000] {logging_mixin.py:188} INFO - [2026-03-30T19:58:04.634+0000] {dag.py:3823} INFO - Setting next_dagrun for example_sla_dag to 2026-03-30 19:56:00+00:00, run_after=2026-03-30 19:58:00+00:00
[2026-03-30T19:58:04.869+0000] {processor.py:183} INFO - Processing /home/airflow/.local/lib/python3.8/site-packages/airflow/example_dags/example_sla_dag.py took 0.380 seconds
[2026-03-30T19:58:35.179+0000] {processor.py:161} INFO - Started process (PID=1098) to work on /home/airflow/.local/lib/python3.8/site-packages/airflow/example_dags/example_sla_dag.py
[2026-03-30T19:58:35.182+0000] {processor.py:830} INFO - Processing file /home/airflow/.local/lib/python3.8/site-packages/airflow/example_dags/example_sla_dag.py for tasks to queue
[2026-03-30T19:58:35.185+0000] {logging_mixin.py:188} INFO - [2026-03-30T19:58:35.185+0000] {dagbag.py:538} INFO - Filling up the DagBag from /home/airflow/.local/lib/python3.8/site-packages/airflow/example_dags/example_sla_dag.py
[2026-03-30T19:58:35.202+0000] {processor.py:840} INFO - DAG(s) 'example_sla_dag' retrieved from /home/airflow/.local/lib/python3.8/site-packages/airflow/example_dags/example_sla_dag.py
[2026-03-30T19:58:35.239+0000] {logging_mixin.py:188} INFO - [2026-03-30T19:58:35.238+0000] {dag.py:3036} INFO - Sync 1 DAGs
[2026-03-30T19:58:35.283+0000] {logging_mixin.py:188} INFO - [2026-03-30T19:58:35.283+0000] {dag.py:3823} INFO - Setting next_dagrun for example_sla_dag to 2026-03-30 19:56:00+00:00, run_after=2026-03-30 19:58:00+00:00
[2026-03-30T19:58:35.337+0000] {processor.py:183} INFO - Processing /home/airflow/.local/lib/python3.8/site-packages/airflow/example_dags/example_sla_dag.py took 0.166 seconds
[2026-03-30T19:59:05.749+0000] {processor.py:161} INFO - Started process (PID=1154) to work on /home/airflow/.local/lib/python3.8/site-packages/airflow/example_dags/example_sla_dag.py
[2026-03-30T19:59:05.751+0000] {processor.py:830} INFO - Processing file /home/airflow/.local/lib/python3.8/site-packages/airflow/example_dags/example_sla_dag.py for tasks to queue
[2026-03-30T19:59:05.756+0000] {logging_mixin.py:188} INFO - [2026-03-30T19:59:05.756+0000] {dagbag.py:538} INFO - Filling up the DagBag from /home/airflow/.local/lib/python3.8/site-packages/airflow/example_dags/example_sla_dag.py
[2026-03-30T19:59:05.782+0000] {processor.py:840} INFO - DAG(s) 'example_sla_dag' retrieved from /home/airflow/.local/lib/python3.8/site-packages/airflow/example_dags/example_sla_dag.py
[2026-03-30T19:59:05.828+0000] {logging_mixin.py:188} INFO - [2026-03-30T19:59:05.827+0000] {dag.py:3036} INFO - Sync 1 DAGs
[2026-03-30T19:59:05.882+0000] {logging_mixin.py:188} INFO - [2026-03-30T19:59:05.881+0000] {dag.py:3823} INFO - Setting next_dagrun for example_sla_dag to 2026-03-30 19:56:00+00:00, run_after=2026-03-30 19:58:00+00:00
[2026-03-30T19:59:05.916+0000] {processor.py:183} INFO - Processing /home/airflow/.local/lib/python3.8/site-packages/airflow/example_dags/example_sla_dag.py took 0.178 seconds
[2026-03-30T19:59:36.103+0000] {processor.py:161} INFO - Started process (PID=1211) to work on /home/airflow/.local/lib/python3.8/site-packages/airflow/example_dags/example_sla_dag.py
[2026-03-30T19:59:36.213+0000] {processor.py:830} INFO - Processing file /home/airflow/.local/lib/python3.8/site-packages/airflow/example_dags/example_sla_dag.py for tasks to queue
[2026-03-30T19:59:36.222+0000] {logging_mixin.py:188} INFO - [2026-03-30T19:59:36.221+0000] {dagbag.py:538} INFO - Filling up the DagBag from /home/airflow/.local/lib/python3.8/site-packages/airflow/example_dags/example_sla_dag.py
[2026-03-30T19:59:36.253+0000] {processor.py:840} INFO - DAG(s) 'example_sla_dag' retrieved from /home/airflow/.local/lib/python3.8/site-packages/airflow/example_dags/example_sla_dag.py
[2026-03-30T19:59:36.317+0000] {logging_mixin.py:188} INFO - [2026-03-30T19:59:36.316+0000] {dag.py:3036} INFO - Sync 1 DAGs
[2026-03-30T19:59:36.369+0000] {logging_mixin.py:188} INFO - [2026-03-30T19:59:36.368+0000] {dag.py:3823} INFO - Setting next_dagrun for example_sla_dag to 2026-03-30 19:56:00+00:00, run_after=2026-03-30 19:58:00+00:00
[2026-03-30T19:59:36.402+0000] {processor.py:183} INFO - Processing /home/airflow/.local/lib/python3.8/site-packages/airflow/example_dags/example_sla_dag.py took 0.306 seconds
[2026-03-30T20:00:06.686+0000] {processor.py:161} INFO - Started process (PID=1268) to work on /home/airflow/.local/lib/python3.8/site-packages/airflow/example_dags/example_sla_dag.py
[2026-03-30T20:00:06.688+0000] {processor.py:830} INFO - Processing file /home/airflow/.local/lib/python3.8/site-packages/airflow/example_dags/example_sla_dag.py for tasks to queue
[2026-03-30T20:00:06.692+0000] {logging_mixin.py:188} INFO - [2026-03-30T20:00:06.691+0000] {dagbag.py:538} INFO - Filling up the DagBag from /home/airflow/.local/lib/python3.8/site-packages/airflow/example_dags/example_sla_dag.py
[2026-03-30T20:00:06.717+0000] {processor.py:840} INFO - DAG(s) 'example_sla_dag' retrieved from /home/airflow/.local/lib/python3.8/site-packages/airflow/example_dags/example_sla_dag.py
[2026-03-30T20:00:06.772+0000] {logging_mixin.py:188} INFO - [2026-03-30T20:00:06.771+0000] {dag.py:3036} INFO - Sync 1 DAGs
[2026-03-30T20:00:06.839+0000] {logging_mixin.py:188} INFO - [2026-03-30T20:00:06.838+0000] {dag.py:3823} INFO - Setting next_dagrun for example_sla_dag to 2026-03-30 19:58:00+00:00, run_after=2026-03-30 20:00:00+00:00
[2026-03-30T20:00:06.892+0000] {processor.py:183} INFO - Processing /home/airflow/.local/lib/python3.8/site-packages/airflow/example_dags/example_sla_dag.py took 0.217 seconds
[2026-03-30T20:00:37.276+0000] {processor.py:161} INFO - Started process (PID=1325) to work on /home/airflow/.local/lib/python3.8/site-packages/airflow/example_dags/example_sla_dag.py
[2026-03-30T20:00:37.279+0000] {processor.py:830} INFO - Processing file /home/airflow/.local/lib/python3.8/site-packages/airflow/example_dags/example_sla_dag.py for tasks to queue
[2026-03-30T20:00:37.282+0000] {logging_mixin.py:188} INFO - [2026-03-30T20:00:37.282+0000] {dagbag.py:538} INFO - Filling up the DagBag from /home/airflow/.local/lib/python3.8/site-packages/airflow/example_dags/example_sla_dag.py
[2026-03-30T20:00:37.294+0000] {processor.py:840} INFO - DAG(s) 'example_sla_dag' retrieved from /home/airflow/.local/lib/python3.8/site-packages/airflow/example_dags/example_sla_dag.py
[2026-03-30T20:00:37.319+0000] {logging_mixin.py:188} INFO - [2026-03-30T20:00:37.318+0000] {dag.py:3036} INFO - Sync 1 DAGs
[2026-03-30T20:00:37.352+0000] {logging_mixin.py:188} INFO - [2026-03-30T20:00:37.352+0000] {dag.py:3823} INFO - Setting next_dagrun for example_sla_dag to 2026-03-30 19:58:00+00:00, run_after=2026-03-30 20:00:00+00:00
[2026-03-30T20:00:37.378+0000] {processor.py:183} INFO - Processing /home/airflow/.local/lib/python3.8/site-packages/airflow/example_dags/example_sla_dag.py took 0.108 seconds
[2026-03-30T20:01:07.559+0000] {processor.py:161} INFO - Started process (PID=1382) to work on /home/airflow/.local/lib/python3.8/site-packages/airflow/example_dags/example_sla_dag.py
[2026-03-30T20:01:07.560+0000] {processor.py:830} INFO - Processing file /home/airflow/.local/lib/python3.8/site-packages/airflow/example_dags/example_sla_dag.py for tasks to queue
[2026-03-30T20:01:07.563+0000] {logging_mixin.py:188} INFO - [2026-03-30T20:01:07.563+0000] {dagbag.py:538} INFO - Filling up the DagBag from /home/airflow/.local/lib/python3.8/site-packages/airflow/example_dags/example_sla_dag.py
[2026-03-30T20:01:07.573+0000] {processor.py:840} INFO - DAG(s) 'example_sla_dag' retrieved from /home/airflow/.local/lib/python3.8/site-packages/airflow/example_dags/example_sla_dag.py
[2026-03-30T20:01:07.602+0000] {logging_mixin.py:188} INFO - [2026-03-30T20:01:07.602+0000] {dag.py:3036} INFO - Sync 1 DAGs
[2026-03-30T20:01:07.635+0000] {logging_mixin.py:188} INFO - [2026-03-30T20:01:07.634+0000] {dag.py:3823} INFO - Setting next_dagrun for example_sla_dag to 2026-03-30 19:58:00+00:00, run_after=2026-03-30 20:00:00+00:00
[2026-03-30T20:01:07.661+0000] {processor.py:183} INFO - Processing /home/airflow/.local/lib/python3.8/site-packages/airflow/example_dags/example_sla_dag.py took 0.108 seconds
