[2026-04-09T16:44:58.020+0000] {processor.py:161} INFO - Started process (PID=97) to work on /home/airflow/.local/lib/python3.8/site-packages/airflow/example_dags/example_trigger_target_dag.py
[2026-04-09T16:44:58.022+0000] {processor.py:830} INFO - Processing file /home/airflow/.local/lib/python3.8/site-packages/airflow/example_dags/example_trigger_target_dag.py for tasks to queue
[2026-04-09T16:44:58.025+0000] {logging_mixin.py:188} INFO - [2026-04-09T16:44:58.025+0000] {dagbag.py:538} INFO - Filling up the DagBag from /home/airflow/.local/lib/python3.8/site-packages/airflow/example_dags/example_trigger_target_dag.py
[2026-04-09T16:44:58.119+0000] {processor.py:840} INFO - DAG(s) 'example_trigger_target_dag' retrieved from /home/airflow/.local/lib/python3.8/site-packages/airflow/example_dags/example_trigger_target_dag.py
[2026-04-09T16:44:58.156+0000] {logging_mixin.py:188} INFO - [2026-04-09T16:44:58.155+0000] {dag.py:3036} INFO - Sync 1 DAGs
[2026-04-09T16:44:58.184+0000] {logging_mixin.py:188} INFO - [2026-04-09T16:44:58.183+0000] {dag.py:3823} INFO - Setting next_dagrun for example_trigger_target_dag to None, run_after=None
[2026-04-09T16:44:58.228+0000] {processor.py:183} INFO - Processing /home/airflow/.local/lib/python3.8/site-packages/airflow/example_dags/example_trigger_target_dag.py took 0.212 seconds
[2026-04-09T16:45:28.457+0000] {processor.py:161} INFO - Started process (PID=154) to work on /home/airflow/.local/lib/python3.8/site-packages/airflow/example_dags/example_trigger_target_dag.py
[2026-04-09T16:45:28.459+0000] {processor.py:830} INFO - Processing file /home/airflow/.local/lib/python3.8/site-packages/airflow/example_dags/example_trigger_target_dag.py for tasks to queue
[2026-04-09T16:45:28.461+0000] {logging_mixin.py:188} INFO - [2026-04-09T16:45:28.461+0000] {dagbag.py:538} INFO - Filling up the DagBag from /home/airflow/.local/lib/python3.8/site-packages/airflow/example_dags/example_trigger_target_dag.py
[2026-04-09T16:45:28.469+0000] {processor.py:840} INFO - DAG(s) 'example_trigger_target_dag' retrieved from /home/airflow/.local/lib/python3.8/site-packages/airflow/example_dags/example_trigger_target_dag.py
[2026-04-09T16:45:28.497+0000] {logging_mixin.py:188} INFO - [2026-04-09T16:45:28.497+0000] {dag.py:3036} INFO - Sync 1 DAGs
[2026-04-09T16:45:28.513+0000] {logging_mixin.py:188} INFO - [2026-04-09T16:45:28.512+0000] {dag.py:3823} INFO - Setting next_dagrun for example_trigger_target_dag to None, run_after=None
[2026-04-09T16:45:28.606+0000] {processor.py:183} INFO - Processing /home/airflow/.local/lib/python3.8/site-packages/airflow/example_dags/example_trigger_target_dag.py took 0.154 seconds
[2026-04-09T16:46:00.633+0000] {processor.py:161} INFO - Started process (PID=211) to work on /home/airflow/.local/lib/python3.8/site-packages/airflow/example_dags/example_trigger_target_dag.py
[2026-04-09T16:46:00.635+0000] {processor.py:830} INFO - Processing file /home/airflow/.local/lib/python3.8/site-packages/airflow/example_dags/example_trigger_target_dag.py for tasks to queue
[2026-04-09T16:46:00.639+0000] {logging_mixin.py:188} INFO - [2026-04-09T16:46:00.639+0000] {dagbag.py:538} INFO - Filling up the DagBag from /home/airflow/.local/lib/python3.8/site-packages/airflow/example_dags/example_trigger_target_dag.py
[2026-04-09T16:46:00.651+0000] {processor.py:840} INFO - DAG(s) 'example_trigger_target_dag' retrieved from /home/airflow/.local/lib/python3.8/site-packages/airflow/example_dags/example_trigger_target_dag.py
[2026-04-09T16:46:00.689+0000] {logging_mixin.py:188} INFO - [2026-04-09T16:46:00.689+0000] {dag.py:3036} INFO - Sync 1 DAGs
[2026-04-09T16:46:00.711+0000] {logging_mixin.py:188} INFO - [2026-04-09T16:46:00.711+0000] {dag.py:3823} INFO - Setting next_dagrun for example_trigger_target_dag to None, run_after=None
[2026-04-09T16:46:00.776+0000] {processor.py:183} INFO - Processing /home/airflow/.local/lib/python3.8/site-packages/airflow/example_dags/example_trigger_target_dag.py took 0.150 seconds
[2026-04-09T16:46:33.065+0000] {processor.py:161} INFO - Started process (PID=268) to work on /home/airflow/.local/lib/python3.8/site-packages/airflow/example_dags/example_trigger_target_dag.py
[2026-04-09T16:46:33.067+0000] {processor.py:830} INFO - Processing file /home/airflow/.local/lib/python3.8/site-packages/airflow/example_dags/example_trigger_target_dag.py for tasks to queue
[2026-04-09T16:46:33.072+0000] {logging_mixin.py:188} INFO - [2026-04-09T16:46:33.072+0000] {dagbag.py:538} INFO - Filling up the DagBag from /home/airflow/.local/lib/python3.8/site-packages/airflow/example_dags/example_trigger_target_dag.py
[2026-04-09T16:46:33.089+0000] {processor.py:840} INFO - DAG(s) 'example_trigger_target_dag' retrieved from /home/airflow/.local/lib/python3.8/site-packages/airflow/example_dags/example_trigger_target_dag.py
[2026-04-09T16:46:33.132+0000] {logging_mixin.py:188} INFO - [2026-04-09T16:46:33.132+0000] {dag.py:3036} INFO - Sync 1 DAGs
[2026-04-09T16:46:33.162+0000] {logging_mixin.py:188} INFO - [2026-04-09T16:46:33.161+0000] {dag.py:3823} INFO - Setting next_dagrun for example_trigger_target_dag to None, run_after=None
[2026-04-09T16:46:33.214+0000] {processor.py:183} INFO - Processing /home/airflow/.local/lib/python3.8/site-packages/airflow/example_dags/example_trigger_target_dag.py took 0.159 seconds
[2026-04-09T16:47:03.311+0000] {processor.py:161} INFO - Started process (PID=325) to work on /home/airflow/.local/lib/python3.8/site-packages/airflow/example_dags/example_trigger_target_dag.py
[2026-04-09T16:47:03.312+0000] {processor.py:830} INFO - Processing file /home/airflow/.local/lib/python3.8/site-packages/airflow/example_dags/example_trigger_target_dag.py for tasks to queue
[2026-04-09T16:47:03.315+0000] {logging_mixin.py:188} INFO - [2026-04-09T16:47:03.315+0000] {dagbag.py:538} INFO - Filling up the DagBag from /home/airflow/.local/lib/python3.8/site-packages/airflow/example_dags/example_trigger_target_dag.py
[2026-04-09T16:47:03.325+0000] {processor.py:840} INFO - DAG(s) 'example_trigger_target_dag' retrieved from /home/airflow/.local/lib/python3.8/site-packages/airflow/example_dags/example_trigger_target_dag.py
[2026-04-09T16:47:03.362+0000] {logging_mixin.py:188} INFO - [2026-04-09T16:47:03.361+0000] {dag.py:3036} INFO - Sync 1 DAGs
[2026-04-09T16:47:03.386+0000] {logging_mixin.py:188} INFO - [2026-04-09T16:47:03.385+0000] {dag.py:3823} INFO - Setting next_dagrun for example_trigger_target_dag to None, run_after=None
[2026-04-09T16:47:03.422+0000] {processor.py:183} INFO - Processing /home/airflow/.local/lib/python3.8/site-packages/airflow/example_dags/example_trigger_target_dag.py took 0.118 seconds
[2026-04-09T16:47:33.823+0000] {processor.py:161} INFO - Started process (PID=382) to work on /home/airflow/.local/lib/python3.8/site-packages/airflow/example_dags/example_trigger_target_dag.py
[2026-04-09T16:47:33.825+0000] {processor.py:830} INFO - Processing file /home/airflow/.local/lib/python3.8/site-packages/airflow/example_dags/example_trigger_target_dag.py for tasks to queue
[2026-04-09T16:47:33.828+0000] {logging_mixin.py:188} INFO - [2026-04-09T16:47:33.828+0000] {dagbag.py:538} INFO - Filling up the DagBag from /home/airflow/.local/lib/python3.8/site-packages/airflow/example_dags/example_trigger_target_dag.py
[2026-04-09T16:47:33.842+0000] {processor.py:840} INFO - DAG(s) 'example_trigger_target_dag' retrieved from /home/airflow/.local/lib/python3.8/site-packages/airflow/example_dags/example_trigger_target_dag.py
[2026-04-09T16:47:33.884+0000] {logging_mixin.py:188} INFO - [2026-04-09T16:47:33.883+0000] {dag.py:3036} INFO - Sync 1 DAGs
[2026-04-09T16:47:33.914+0000] {logging_mixin.py:188} INFO - [2026-04-09T16:47:33.913+0000] {dag.py:3823} INFO - Setting next_dagrun for example_trigger_target_dag to None, run_after=None
[2026-04-09T16:47:33.957+0000] {processor.py:183} INFO - Processing /home/airflow/.local/lib/python3.8/site-packages/airflow/example_dags/example_trigger_target_dag.py took 0.144 seconds
[2026-04-09T16:48:04.709+0000] {processor.py:161} INFO - Started process (PID=439) to work on /home/airflow/.local/lib/python3.8/site-packages/airflow/example_dags/example_trigger_target_dag.py
[2026-04-09T16:48:04.713+0000] {processor.py:830} INFO - Processing file /home/airflow/.local/lib/python3.8/site-packages/airflow/example_dags/example_trigger_target_dag.py for tasks to queue
[2026-04-09T16:48:04.719+0000] {logging_mixin.py:188} INFO - [2026-04-09T16:48:04.718+0000] {dagbag.py:538} INFO - Filling up the DagBag from /home/airflow/.local/lib/python3.8/site-packages/airflow/example_dags/example_trigger_target_dag.py
[2026-04-09T16:48:04.732+0000] {processor.py:840} INFO - DAG(s) 'example_trigger_target_dag' retrieved from /home/airflow/.local/lib/python3.8/site-packages/airflow/example_dags/example_trigger_target_dag.py
[2026-04-09T16:48:04.797+0000] {logging_mixin.py:188} INFO - [2026-04-09T16:48:04.797+0000] {dag.py:3036} INFO - Sync 1 DAGs
[2026-04-09T16:48:04.841+0000] {logging_mixin.py:188} INFO - [2026-04-09T16:48:04.834+0000] {dag.py:3823} INFO - Setting next_dagrun for example_trigger_target_dag to None, run_after=None
[2026-04-09T16:48:04.922+0000] {processor.py:183} INFO - Processing /home/airflow/.local/lib/python3.8/site-packages/airflow/example_dags/example_trigger_target_dag.py took 0.219 seconds
[2026-04-09T16:48:35.849+0000] {processor.py:161} INFO - Started process (PID=495) to work on /home/airflow/.local/lib/python3.8/site-packages/airflow/example_dags/example_trigger_target_dag.py
[2026-04-09T16:48:35.861+0000] {processor.py:830} INFO - Processing file /home/airflow/.local/lib/python3.8/site-packages/airflow/example_dags/example_trigger_target_dag.py for tasks to queue
[2026-04-09T16:48:35.866+0000] {logging_mixin.py:188} INFO - [2026-04-09T16:48:35.865+0000] {dagbag.py:538} INFO - Filling up the DagBag from /home/airflow/.local/lib/python3.8/site-packages/airflow/example_dags/example_trigger_target_dag.py
[2026-04-09T16:48:35.882+0000] {processor.py:840} INFO - DAG(s) 'example_trigger_target_dag' retrieved from /home/airflow/.local/lib/python3.8/site-packages/airflow/example_dags/example_trigger_target_dag.py
[2026-04-09T16:48:35.942+0000] {logging_mixin.py:188} INFO - [2026-04-09T16:48:35.941+0000] {dag.py:3036} INFO - Sync 1 DAGs
[2026-04-09T16:48:35.975+0000] {logging_mixin.py:188} INFO - [2026-04-09T16:48:35.975+0000] {dag.py:3823} INFO - Setting next_dagrun for example_trigger_target_dag to None, run_after=None
[2026-04-09T16:48:36.022+0000] {processor.py:183} INFO - Processing /home/airflow/.local/lib/python3.8/site-packages/airflow/example_dags/example_trigger_target_dag.py took 0.180 seconds
[2026-04-09T16:49:06.338+0000] {processor.py:161} INFO - Started process (PID=551) to work on /home/airflow/.local/lib/python3.8/site-packages/airflow/example_dags/example_trigger_target_dag.py
[2026-04-09T16:49:06.341+0000] {processor.py:830} INFO - Processing file /home/airflow/.local/lib/python3.8/site-packages/airflow/example_dags/example_trigger_target_dag.py for tasks to queue
[2026-04-09T16:49:06.348+0000] {logging_mixin.py:188} INFO - [2026-04-09T16:49:06.347+0000] {dagbag.py:538} INFO - Filling up the DagBag from /home/airflow/.local/lib/python3.8/site-packages/airflow/example_dags/example_trigger_target_dag.py
[2026-04-09T16:49:06.364+0000] {processor.py:840} INFO - DAG(s) 'example_trigger_target_dag' retrieved from /home/airflow/.local/lib/python3.8/site-packages/airflow/example_dags/example_trigger_target_dag.py
[2026-04-09T16:49:06.425+0000] {logging_mixin.py:188} INFO - [2026-04-09T16:49:06.425+0000] {dag.py:3036} INFO - Sync 1 DAGs
[2026-04-09T16:49:06.462+0000] {logging_mixin.py:188} INFO - [2026-04-09T16:49:06.461+0000] {dag.py:3823} INFO - Setting next_dagrun for example_trigger_target_dag to None, run_after=None
[2026-04-09T16:49:06.514+0000] {processor.py:183} INFO - Processing /home/airflow/.local/lib/python3.8/site-packages/airflow/example_dags/example_trigger_target_dag.py took 0.185 seconds
[2026-04-09T16:49:36.668+0000] {processor.py:161} INFO - Started process (PID=607) to work on /home/airflow/.local/lib/python3.8/site-packages/airflow/example_dags/example_trigger_target_dag.py
[2026-04-09T16:49:36.670+0000] {processor.py:830} INFO - Processing file /home/airflow/.local/lib/python3.8/site-packages/airflow/example_dags/example_trigger_target_dag.py for tasks to queue
[2026-04-09T16:49:36.677+0000] {logging_mixin.py:188} INFO - [2026-04-09T16:49:36.676+0000] {dagbag.py:538} INFO - Filling up the DagBag from /home/airflow/.local/lib/python3.8/site-packages/airflow/example_dags/example_trigger_target_dag.py
[2026-04-09T16:49:36.687+0000] {processor.py:840} INFO - DAG(s) 'example_trigger_target_dag' retrieved from /home/airflow/.local/lib/python3.8/site-packages/airflow/example_dags/example_trigger_target_dag.py
[2026-04-09T16:49:36.725+0000] {logging_mixin.py:188} INFO - [2026-04-09T16:49:36.725+0000] {dag.py:3036} INFO - Sync 1 DAGs
[2026-04-09T16:49:36.745+0000] {logging_mixin.py:188} INFO - [2026-04-09T16:49:36.745+0000] {dag.py:3823} INFO - Setting next_dagrun for example_trigger_target_dag to None, run_after=None
[2026-04-09T16:49:36.778+0000] {processor.py:183} INFO - Processing /home/airflow/.local/lib/python3.8/site-packages/airflow/example_dags/example_trigger_target_dag.py took 0.117 seconds
[2026-04-09T16:50:07.429+0000] {processor.py:161} INFO - Started process (PID=664) to work on /home/airflow/.local/lib/python3.8/site-packages/airflow/example_dags/example_trigger_target_dag.py
[2026-04-09T16:50:07.431+0000] {processor.py:830} INFO - Processing file /home/airflow/.local/lib/python3.8/site-packages/airflow/example_dags/example_trigger_target_dag.py for tasks to queue
[2026-04-09T16:50:07.435+0000] {logging_mixin.py:188} INFO - [2026-04-09T16:50:07.434+0000] {dagbag.py:538} INFO - Filling up the DagBag from /home/airflow/.local/lib/python3.8/site-packages/airflow/example_dags/example_trigger_target_dag.py
[2026-04-09T16:50:07.446+0000] {processor.py:840} INFO - DAG(s) 'example_trigger_target_dag' retrieved from /home/airflow/.local/lib/python3.8/site-packages/airflow/example_dags/example_trigger_target_dag.py
[2026-04-09T16:50:07.484+0000] {logging_mixin.py:188} INFO - [2026-04-09T16:50:07.483+0000] {dag.py:3036} INFO - Sync 1 DAGs
[2026-04-09T16:50:07.504+0000] {logging_mixin.py:188} INFO - [2026-04-09T16:50:07.504+0000] {dag.py:3823} INFO - Setting next_dagrun for example_trigger_target_dag to None, run_after=None
[2026-04-09T16:50:07.539+0000] {processor.py:183} INFO - Processing /home/airflow/.local/lib/python3.8/site-packages/airflow/example_dags/example_trigger_target_dag.py took 0.117 seconds
[2026-04-09T16:50:38.724+0000] {processor.py:161} INFO - Started process (PID=728) to work on /home/airflow/.local/lib/python3.8/site-packages/airflow/example_dags/example_trigger_target_dag.py
[2026-04-09T16:50:38.726+0000] {processor.py:830} INFO - Processing file /home/airflow/.local/lib/python3.8/site-packages/airflow/example_dags/example_trigger_target_dag.py for tasks to queue
[2026-04-09T16:50:38.731+0000] {logging_mixin.py:188} INFO - [2026-04-09T16:50:38.730+0000] {dagbag.py:538} INFO - Filling up the DagBag from /home/airflow/.local/lib/python3.8/site-packages/airflow/example_dags/example_trigger_target_dag.py
[2026-04-09T16:50:38.741+0000] {processor.py:840} INFO - DAG(s) 'example_trigger_target_dag' retrieved from /home/airflow/.local/lib/python3.8/site-packages/airflow/example_dags/example_trigger_target_dag.py
[2026-04-09T16:50:38.772+0000] {logging_mixin.py:188} INFO - [2026-04-09T16:50:38.772+0000] {dag.py:3036} INFO - Sync 1 DAGs
[2026-04-09T16:50:38.791+0000] {logging_mixin.py:188} INFO - [2026-04-09T16:50:38.791+0000] {dag.py:3823} INFO - Setting next_dagrun for example_trigger_target_dag to None, run_after=None
[2026-04-09T16:50:38.830+0000] {processor.py:183} INFO - Processing /home/airflow/.local/lib/python3.8/site-packages/airflow/example_dags/example_trigger_target_dag.py took 0.112 seconds
[2026-04-09T16:51:08.974+0000] {processor.py:161} INFO - Started process (PID=785) to work on /home/airflow/.local/lib/python3.8/site-packages/airflow/example_dags/example_trigger_target_dag.py
[2026-04-09T16:51:08.976+0000] {processor.py:830} INFO - Processing file /home/airflow/.local/lib/python3.8/site-packages/airflow/example_dags/example_trigger_target_dag.py for tasks to queue
[2026-04-09T16:51:08.980+0000] {logging_mixin.py:188} INFO - [2026-04-09T16:51:08.980+0000] {dagbag.py:538} INFO - Filling up the DagBag from /home/airflow/.local/lib/python3.8/site-packages/airflow/example_dags/example_trigger_target_dag.py
[2026-04-09T16:51:08.989+0000] {processor.py:840} INFO - DAG(s) 'example_trigger_target_dag' retrieved from /home/airflow/.local/lib/python3.8/site-packages/airflow/example_dags/example_trigger_target_dag.py
[2026-04-09T16:51:09.022+0000] {logging_mixin.py:188} INFO - [2026-04-09T16:51:09.022+0000] {dag.py:3036} INFO - Sync 1 DAGs
[2026-04-09T16:51:09.044+0000] {logging_mixin.py:188} INFO - [2026-04-09T16:51:09.044+0000] {dag.py:3823} INFO - Setting next_dagrun for example_trigger_target_dag to None, run_after=None
[2026-04-09T16:51:09.077+0000] {processor.py:183} INFO - Processing /home/airflow/.local/lib/python3.8/site-packages/airflow/example_dags/example_trigger_target_dag.py took 0.108 seconds
[2026-04-09T16:51:39.402+0000] {processor.py:161} INFO - Started process (PID=842) to work on /home/airflow/.local/lib/python3.8/site-packages/airflow/example_dags/example_trigger_target_dag.py
[2026-04-09T16:51:39.404+0000] {processor.py:830} INFO - Processing file /home/airflow/.local/lib/python3.8/site-packages/airflow/example_dags/example_trigger_target_dag.py for tasks to queue
[2026-04-09T16:51:39.407+0000] {logging_mixin.py:188} INFO - [2026-04-09T16:51:39.406+0000] {dagbag.py:538} INFO - Filling up the DagBag from /home/airflow/.local/lib/python3.8/site-packages/airflow/example_dags/example_trigger_target_dag.py
[2026-04-09T16:51:39.414+0000] {processor.py:840} INFO - DAG(s) 'example_trigger_target_dag' retrieved from /home/airflow/.local/lib/python3.8/site-packages/airflow/example_dags/example_trigger_target_dag.py
[2026-04-09T16:51:39.436+0000] {logging_mixin.py:188} INFO - [2026-04-09T16:51:39.436+0000] {dag.py:3036} INFO - Sync 1 DAGs
[2026-04-09T16:51:39.449+0000] {logging_mixin.py:188} INFO - [2026-04-09T16:51:39.449+0000] {dag.py:3823} INFO - Setting next_dagrun for example_trigger_target_dag to None, run_after=None
[2026-04-09T16:51:39.474+0000] {processor.py:183} INFO - Processing /home/airflow/.local/lib/python3.8/site-packages/airflow/example_dags/example_trigger_target_dag.py took 0.076 seconds
[2026-04-09T16:52:09.830+0000] {processor.py:161} INFO - Started process (PID=899) to work on /home/airflow/.local/lib/python3.8/site-packages/airflow/example_dags/example_trigger_target_dag.py
[2026-04-09T16:52:09.831+0000] {processor.py:830} INFO - Processing file /home/airflow/.local/lib/python3.8/site-packages/airflow/example_dags/example_trigger_target_dag.py for tasks to queue
[2026-04-09T16:52:09.834+0000] {logging_mixin.py:188} INFO - [2026-04-09T16:52:09.833+0000] {dagbag.py:538} INFO - Filling up the DagBag from /home/airflow/.local/lib/python3.8/site-packages/airflow/example_dags/example_trigger_target_dag.py
[2026-04-09T16:52:09.842+0000] {processor.py:840} INFO - DAG(s) 'example_trigger_target_dag' retrieved from /home/airflow/.local/lib/python3.8/site-packages/airflow/example_dags/example_trigger_target_dag.py
[2026-04-09T16:52:09.866+0000] {logging_mixin.py:188} INFO - [2026-04-09T16:52:09.866+0000] {dag.py:3036} INFO - Sync 1 DAGs
[2026-04-09T16:52:09.880+0000] {logging_mixin.py:188} INFO - [2026-04-09T16:52:09.880+0000] {dag.py:3823} INFO - Setting next_dagrun for example_trigger_target_dag to None, run_after=None
[2026-04-09T16:52:09.906+0000] {processor.py:183} INFO - Processing /home/airflow/.local/lib/python3.8/site-packages/airflow/example_dags/example_trigger_target_dag.py took 0.081 seconds
[2026-04-09T16:52:40.152+0000] {processor.py:161} INFO - Started process (PID=956) to work on /home/airflow/.local/lib/python3.8/site-packages/airflow/example_dags/example_trigger_target_dag.py
[2026-04-09T16:52:40.153+0000] {processor.py:830} INFO - Processing file /home/airflow/.local/lib/python3.8/site-packages/airflow/example_dags/example_trigger_target_dag.py for tasks to queue
[2026-04-09T16:52:40.155+0000] {logging_mixin.py:188} INFO - [2026-04-09T16:52:40.155+0000] {dagbag.py:538} INFO - Filling up the DagBag from /home/airflow/.local/lib/python3.8/site-packages/airflow/example_dags/example_trigger_target_dag.py
[2026-04-09T16:52:40.162+0000] {processor.py:840} INFO - DAG(s) 'example_trigger_target_dag' retrieved from /home/airflow/.local/lib/python3.8/site-packages/airflow/example_dags/example_trigger_target_dag.py
[2026-04-09T16:52:40.184+0000] {logging_mixin.py:188} INFO - [2026-04-09T16:52:40.184+0000] {dag.py:3036} INFO - Sync 1 DAGs
[2026-04-09T16:52:40.196+0000] {logging_mixin.py:188} INFO - [2026-04-09T16:52:40.196+0000] {dag.py:3823} INFO - Setting next_dagrun for example_trigger_target_dag to None, run_after=None
[2026-04-09T16:52:40.220+0000] {processor.py:183} INFO - Processing /home/airflow/.local/lib/python3.8/site-packages/airflow/example_dags/example_trigger_target_dag.py took 0.072 seconds
[2026-04-09T16:53:10.489+0000] {processor.py:161} INFO - Started process (PID=1013) to work on /home/airflow/.local/lib/python3.8/site-packages/airflow/example_dags/example_trigger_target_dag.py
[2026-04-09T16:53:10.490+0000] {processor.py:830} INFO - Processing file /home/airflow/.local/lib/python3.8/site-packages/airflow/example_dags/example_trigger_target_dag.py for tasks to queue
[2026-04-09T16:53:10.494+0000] {logging_mixin.py:188} INFO - [2026-04-09T16:53:10.493+0000] {dagbag.py:538} INFO - Filling up the DagBag from /home/airflow/.local/lib/python3.8/site-packages/airflow/example_dags/example_trigger_target_dag.py
[2026-04-09T16:53:10.501+0000] {processor.py:840} INFO - DAG(s) 'example_trigger_target_dag' retrieved from /home/airflow/.local/lib/python3.8/site-packages/airflow/example_dags/example_trigger_target_dag.py
[2026-04-09T16:53:10.524+0000] {logging_mixin.py:188} INFO - [2026-04-09T16:53:10.524+0000] {dag.py:3036} INFO - Sync 1 DAGs
[2026-04-09T16:53:10.538+0000] {logging_mixin.py:188} INFO - [2026-04-09T16:53:10.538+0000] {dag.py:3823} INFO - Setting next_dagrun for example_trigger_target_dag to None, run_after=None
[2026-04-09T16:53:10.563+0000] {processor.py:183} INFO - Processing /home/airflow/.local/lib/python3.8/site-packages/airflow/example_dags/example_trigger_target_dag.py took 0.078 seconds
[2026-04-09T16:53:41.060+0000] {processor.py:161} INFO - Started process (PID=1070) to work on /home/airflow/.local/lib/python3.8/site-packages/airflow/example_dags/example_trigger_target_dag.py
[2026-04-09T16:53:41.062+0000] {processor.py:830} INFO - Processing file /home/airflow/.local/lib/python3.8/site-packages/airflow/example_dags/example_trigger_target_dag.py for tasks to queue
[2026-04-09T16:53:41.064+0000] {logging_mixin.py:188} INFO - [2026-04-09T16:53:41.063+0000] {dagbag.py:538} INFO - Filling up the DagBag from /home/airflow/.local/lib/python3.8/site-packages/airflow/example_dags/example_trigger_target_dag.py
[2026-04-09T16:53:41.070+0000] {processor.py:840} INFO - DAG(s) 'example_trigger_target_dag' retrieved from /home/airflow/.local/lib/python3.8/site-packages/airflow/example_dags/example_trigger_target_dag.py
[2026-04-09T16:53:41.093+0000] {logging_mixin.py:188} INFO - [2026-04-09T16:53:41.092+0000] {dag.py:3036} INFO - Sync 1 DAGs
[2026-04-09T16:53:41.105+0000] {logging_mixin.py:188} INFO - [2026-04-09T16:53:41.105+0000] {dag.py:3823} INFO - Setting next_dagrun for example_trigger_target_dag to None, run_after=None
[2026-04-09T16:53:41.128+0000] {processor.py:183} INFO - Processing /home/airflow/.local/lib/python3.8/site-packages/airflow/example_dags/example_trigger_target_dag.py took 0.072 seconds
[2026-04-09T16:54:11.324+0000] {processor.py:161} INFO - Started process (PID=1127) to work on /home/airflow/.local/lib/python3.8/site-packages/airflow/example_dags/example_trigger_target_dag.py
[2026-04-09T16:54:11.326+0000] {processor.py:830} INFO - Processing file /home/airflow/.local/lib/python3.8/site-packages/airflow/example_dags/example_trigger_target_dag.py for tasks to queue
[2026-04-09T16:54:11.329+0000] {logging_mixin.py:188} INFO - [2026-04-09T16:54:11.328+0000] {dagbag.py:538} INFO - Filling up the DagBag from /home/airflow/.local/lib/python3.8/site-packages/airflow/example_dags/example_trigger_target_dag.py
[2026-04-09T16:54:11.335+0000] {processor.py:840} INFO - DAG(s) 'example_trigger_target_dag' retrieved from /home/airflow/.local/lib/python3.8/site-packages/airflow/example_dags/example_trigger_target_dag.py
[2026-04-09T16:54:11.357+0000] {logging_mixin.py:188} INFO - [2026-04-09T16:54:11.357+0000] {dag.py:3036} INFO - Sync 1 DAGs
[2026-04-09T16:54:11.370+0000] {logging_mixin.py:188} INFO - [2026-04-09T16:54:11.369+0000] {dag.py:3823} INFO - Setting next_dagrun for example_trigger_target_dag to None, run_after=None
[2026-04-09T16:54:11.395+0000] {processor.py:183} INFO - Processing /home/airflow/.local/lib/python3.8/site-packages/airflow/example_dags/example_trigger_target_dag.py took 0.075 seconds
[2026-04-09T16:54:41.653+0000] {processor.py:161} INFO - Started process (PID=1184) to work on /home/airflow/.local/lib/python3.8/site-packages/airflow/example_dags/example_trigger_target_dag.py
[2026-04-09T16:54:41.654+0000] {processor.py:830} INFO - Processing file /home/airflow/.local/lib/python3.8/site-packages/airflow/example_dags/example_trigger_target_dag.py for tasks to queue
[2026-04-09T16:54:41.656+0000] {logging_mixin.py:188} INFO - [2026-04-09T16:54:41.656+0000] {dagbag.py:538} INFO - Filling up the DagBag from /home/airflow/.local/lib/python3.8/site-packages/airflow/example_dags/example_trigger_target_dag.py
[2026-04-09T16:54:41.662+0000] {processor.py:840} INFO - DAG(s) 'example_trigger_target_dag' retrieved from /home/airflow/.local/lib/python3.8/site-packages/airflow/example_dags/example_trigger_target_dag.py
[2026-04-09T16:54:41.686+0000] {logging_mixin.py:188} INFO - [2026-04-09T16:54:41.686+0000] {dag.py:3036} INFO - Sync 1 DAGs
[2026-04-09T16:54:41.700+0000] {logging_mixin.py:188} INFO - [2026-04-09T16:54:41.699+0000] {dag.py:3823} INFO - Setting next_dagrun for example_trigger_target_dag to None, run_after=None
[2026-04-09T16:54:41.727+0000] {processor.py:183} INFO - Processing /home/airflow/.local/lib/python3.8/site-packages/airflow/example_dags/example_trigger_target_dag.py took 0.078 seconds
[2026-04-09T16:55:11.981+0000] {processor.py:161} INFO - Started process (PID=1241) to work on /home/airflow/.local/lib/python3.8/site-packages/airflow/example_dags/example_trigger_target_dag.py
[2026-04-09T16:55:11.982+0000] {processor.py:830} INFO - Processing file /home/airflow/.local/lib/python3.8/site-packages/airflow/example_dags/example_trigger_target_dag.py for tasks to queue
[2026-04-09T16:55:11.985+0000] {logging_mixin.py:188} INFO - [2026-04-09T16:55:11.984+0000] {dagbag.py:538} INFO - Filling up the DagBag from /home/airflow/.local/lib/python3.8/site-packages/airflow/example_dags/example_trigger_target_dag.py
[2026-04-09T16:55:11.991+0000] {processor.py:840} INFO - DAG(s) 'example_trigger_target_dag' retrieved from /home/airflow/.local/lib/python3.8/site-packages/airflow/example_dags/example_trigger_target_dag.py
[2026-04-09T16:55:12.013+0000] {logging_mixin.py:188} INFO - [2026-04-09T16:55:12.013+0000] {dag.py:3036} INFO - Sync 1 DAGs
[2026-04-09T16:55:12.026+0000] {logging_mixin.py:188} INFO - [2026-04-09T16:55:12.026+0000] {dag.py:3823} INFO - Setting next_dagrun for example_trigger_target_dag to None, run_after=None
[2026-04-09T16:55:12.070+0000] {processor.py:183} INFO - Processing /home/airflow/.local/lib/python3.8/site-packages/airflow/example_dags/example_trigger_target_dag.py took 0.092 seconds
[2026-04-09T16:55:42.315+0000] {processor.py:161} INFO - Started process (PID=1298) to work on /home/airflow/.local/lib/python3.8/site-packages/airflow/example_dags/example_trigger_target_dag.py
[2026-04-09T16:55:42.317+0000] {processor.py:830} INFO - Processing file /home/airflow/.local/lib/python3.8/site-packages/airflow/example_dags/example_trigger_target_dag.py for tasks to queue
[2026-04-09T16:55:42.319+0000] {logging_mixin.py:188} INFO - [2026-04-09T16:55:42.318+0000] {dagbag.py:538} INFO - Filling up the DagBag from /home/airflow/.local/lib/python3.8/site-packages/airflow/example_dags/example_trigger_target_dag.py
[2026-04-09T16:55:42.326+0000] {processor.py:840} INFO - DAG(s) 'example_trigger_target_dag' retrieved from /home/airflow/.local/lib/python3.8/site-packages/airflow/example_dags/example_trigger_target_dag.py
[2026-04-09T16:55:42.349+0000] {logging_mixin.py:188} INFO - [2026-04-09T16:55:42.349+0000] {dag.py:3036} INFO - Sync 1 DAGs
[2026-04-09T16:55:42.363+0000] {logging_mixin.py:188} INFO - [2026-04-09T16:55:42.363+0000] {dag.py:3823} INFO - Setting next_dagrun for example_trigger_target_dag to None, run_after=None
[2026-04-09T16:55:42.385+0000] {processor.py:183} INFO - Processing /home/airflow/.local/lib/python3.8/site-packages/airflow/example_dags/example_trigger_target_dag.py took 0.074 seconds
[2026-04-09T16:56:12.988+0000] {processor.py:161} INFO - Started process (PID=1356) to work on /home/airflow/.local/lib/python3.8/site-packages/airflow/example_dags/example_trigger_target_dag.py
[2026-04-09T16:56:12.990+0000] {processor.py:830} INFO - Processing file /home/airflow/.local/lib/python3.8/site-packages/airflow/example_dags/example_trigger_target_dag.py for tasks to queue
[2026-04-09T16:56:12.992+0000] {logging_mixin.py:188} INFO - [2026-04-09T16:56:12.992+0000] {dagbag.py:538} INFO - Filling up the DagBag from /home/airflow/.local/lib/python3.8/site-packages/airflow/example_dags/example_trigger_target_dag.py
[2026-04-09T16:56:12.999+0000] {processor.py:840} INFO - DAG(s) 'example_trigger_target_dag' retrieved from /home/airflow/.local/lib/python3.8/site-packages/airflow/example_dags/example_trigger_target_dag.py
[2026-04-09T16:56:13.026+0000] {logging_mixin.py:188} INFO - [2026-04-09T16:56:13.026+0000] {dag.py:3036} INFO - Sync 1 DAGs
[2026-04-09T16:56:13.038+0000] {logging_mixin.py:188} INFO - [2026-04-09T16:56:13.038+0000] {dag.py:3823} INFO - Setting next_dagrun for example_trigger_target_dag to None, run_after=None
[2026-04-09T16:56:13.062+0000] {processor.py:183} INFO - Processing /home/airflow/.local/lib/python3.8/site-packages/airflow/example_dags/example_trigger_target_dag.py took 0.078 seconds
[2026-04-09T16:56:43.306+0000] {processor.py:161} INFO - Started process (PID=1413) to work on /home/airflow/.local/lib/python3.8/site-packages/airflow/example_dags/example_trigger_target_dag.py
[2026-04-09T16:56:43.307+0000] {processor.py:830} INFO - Processing file /home/airflow/.local/lib/python3.8/site-packages/airflow/example_dags/example_trigger_target_dag.py for tasks to queue
[2026-04-09T16:56:43.309+0000] {logging_mixin.py:188} INFO - [2026-04-09T16:56:43.309+0000] {dagbag.py:538} INFO - Filling up the DagBag from /home/airflow/.local/lib/python3.8/site-packages/airflow/example_dags/example_trigger_target_dag.py
[2026-04-09T16:56:43.316+0000] {processor.py:840} INFO - DAG(s) 'example_trigger_target_dag' retrieved from /home/airflow/.local/lib/python3.8/site-packages/airflow/example_dags/example_trigger_target_dag.py
[2026-04-09T16:56:43.340+0000] {logging_mixin.py:188} INFO - [2026-04-09T16:56:43.340+0000] {dag.py:3036} INFO - Sync 1 DAGs
[2026-04-09T16:56:43.357+0000] {logging_mixin.py:188} INFO - [2026-04-09T16:56:43.356+0000] {dag.py:3823} INFO - Setting next_dagrun for example_trigger_target_dag to None, run_after=None
[2026-04-09T16:56:43.380+0000] {processor.py:183} INFO - Processing /home/airflow/.local/lib/python3.8/site-packages/airflow/example_dags/example_trigger_target_dag.py took 0.078 seconds
[2026-04-09T16:57:13.681+0000] {processor.py:161} INFO - Started process (PID=1470) to work on /home/airflow/.local/lib/python3.8/site-packages/airflow/example_dags/example_trigger_target_dag.py
[2026-04-09T16:57:13.682+0000] {processor.py:830} INFO - Processing file /home/airflow/.local/lib/python3.8/site-packages/airflow/example_dags/example_trigger_target_dag.py for tasks to queue
[2026-04-09T16:57:13.684+0000] {logging_mixin.py:188} INFO - [2026-04-09T16:57:13.684+0000] {dagbag.py:538} INFO - Filling up the DagBag from /home/airflow/.local/lib/python3.8/site-packages/airflow/example_dags/example_trigger_target_dag.py
[2026-04-09T16:57:13.691+0000] {processor.py:840} INFO - DAG(s) 'example_trigger_target_dag' retrieved from /home/airflow/.local/lib/python3.8/site-packages/airflow/example_dags/example_trigger_target_dag.py
[2026-04-09T16:57:13.715+0000] {logging_mixin.py:188} INFO - [2026-04-09T16:57:13.715+0000] {dag.py:3036} INFO - Sync 1 DAGs
[2026-04-09T16:57:13.729+0000] {logging_mixin.py:188} INFO - [2026-04-09T16:57:13.729+0000] {dag.py:3823} INFO - Setting next_dagrun for example_trigger_target_dag to None, run_after=None
[2026-04-09T16:57:13.756+0000] {processor.py:183} INFO - Processing /home/airflow/.local/lib/python3.8/site-packages/airflow/example_dags/example_trigger_target_dag.py took 0.079 seconds
[2026-04-09T16:57:44.425+0000] {processor.py:161} INFO - Started process (PID=1527) to work on /home/airflow/.local/lib/python3.8/site-packages/airflow/example_dags/example_trigger_target_dag.py
[2026-04-09T16:57:44.426+0000] {processor.py:830} INFO - Processing file /home/airflow/.local/lib/python3.8/site-packages/airflow/example_dags/example_trigger_target_dag.py for tasks to queue
[2026-04-09T16:57:44.428+0000] {logging_mixin.py:188} INFO - [2026-04-09T16:57:44.428+0000] {dagbag.py:538} INFO - Filling up the DagBag from /home/airflow/.local/lib/python3.8/site-packages/airflow/example_dags/example_trigger_target_dag.py
[2026-04-09T16:57:44.435+0000] {processor.py:840} INFO - DAG(s) 'example_trigger_target_dag' retrieved from /home/airflow/.local/lib/python3.8/site-packages/airflow/example_dags/example_trigger_target_dag.py
[2026-04-09T16:57:44.459+0000] {logging_mixin.py:188} INFO - [2026-04-09T16:57:44.458+0000] {dag.py:3036} INFO - Sync 1 DAGs
[2026-04-09T16:57:44.473+0000] {logging_mixin.py:188} INFO - [2026-04-09T16:57:44.473+0000] {dag.py:3823} INFO - Setting next_dagrun for example_trigger_target_dag to None, run_after=None
[2026-04-09T16:57:44.507+0000] {processor.py:183} INFO - Processing /home/airflow/.local/lib/python3.8/site-packages/airflow/example_dags/example_trigger_target_dag.py took 0.086 seconds
[2026-04-09T16:58:14.567+0000] {processor.py:161} INFO - Started process (PID=1583) to work on /home/airflow/.local/lib/python3.8/site-packages/airflow/example_dags/example_trigger_target_dag.py
[2026-04-09T16:58:14.569+0000] {processor.py:830} INFO - Processing file /home/airflow/.local/lib/python3.8/site-packages/airflow/example_dags/example_trigger_target_dag.py for tasks to queue
[2026-04-09T16:58:14.571+0000] {logging_mixin.py:188} INFO - [2026-04-09T16:58:14.571+0000] {dagbag.py:538} INFO - Filling up the DagBag from /home/airflow/.local/lib/python3.8/site-packages/airflow/example_dags/example_trigger_target_dag.py
[2026-04-09T16:58:14.579+0000] {processor.py:840} INFO - DAG(s) 'example_trigger_target_dag' retrieved from /home/airflow/.local/lib/python3.8/site-packages/airflow/example_dags/example_trigger_target_dag.py
[2026-04-09T16:58:14.607+0000] {logging_mixin.py:188} INFO - [2026-04-09T16:58:14.607+0000] {dag.py:3036} INFO - Sync 1 DAGs
[2026-04-09T16:58:14.620+0000] {logging_mixin.py:188} INFO - [2026-04-09T16:58:14.620+0000] {dag.py:3823} INFO - Setting next_dagrun for example_trigger_target_dag to None, run_after=None
[2026-04-09T16:58:14.645+0000] {processor.py:183} INFO - Processing /home/airflow/.local/lib/python3.8/site-packages/airflow/example_dags/example_trigger_target_dag.py took 0.081 seconds
[2026-04-09T16:58:44.815+0000] {processor.py:161} INFO - Started process (PID=1640) to work on /home/airflow/.local/lib/python3.8/site-packages/airflow/example_dags/example_trigger_target_dag.py
[2026-04-09T16:58:44.816+0000] {processor.py:830} INFO - Processing file /home/airflow/.local/lib/python3.8/site-packages/airflow/example_dags/example_trigger_target_dag.py for tasks to queue
[2026-04-09T16:58:44.818+0000] {logging_mixin.py:188} INFO - [2026-04-09T16:58:44.818+0000] {dagbag.py:538} INFO - Filling up the DagBag from /home/airflow/.local/lib/python3.8/site-packages/airflow/example_dags/example_trigger_target_dag.py
[2026-04-09T16:58:44.824+0000] {processor.py:840} INFO - DAG(s) 'example_trigger_target_dag' retrieved from /home/airflow/.local/lib/python3.8/site-packages/airflow/example_dags/example_trigger_target_dag.py
[2026-04-09T16:58:44.846+0000] {logging_mixin.py:188} INFO - [2026-04-09T16:58:44.845+0000] {dag.py:3036} INFO - Sync 1 DAGs
[2026-04-09T16:58:44.858+0000] {logging_mixin.py:188} INFO - [2026-04-09T16:58:44.858+0000] {dag.py:3823} INFO - Setting next_dagrun for example_trigger_target_dag to None, run_after=None
[2026-04-09T16:58:44.879+0000] {processor.py:183} INFO - Processing /home/airflow/.local/lib/python3.8/site-packages/airflow/example_dags/example_trigger_target_dag.py took 0.068 seconds
[2026-04-09T16:59:15.423+0000] {processor.py:161} INFO - Started process (PID=1697) to work on /home/airflow/.local/lib/python3.8/site-packages/airflow/example_dags/example_trigger_target_dag.py
[2026-04-09T16:59:15.424+0000] {processor.py:830} INFO - Processing file /home/airflow/.local/lib/python3.8/site-packages/airflow/example_dags/example_trigger_target_dag.py for tasks to queue
[2026-04-09T16:59:15.426+0000] {logging_mixin.py:188} INFO - [2026-04-09T16:59:15.426+0000] {dagbag.py:538} INFO - Filling up the DagBag from /home/airflow/.local/lib/python3.8/site-packages/airflow/example_dags/example_trigger_target_dag.py
[2026-04-09T16:59:15.433+0000] {processor.py:840} INFO - DAG(s) 'example_trigger_target_dag' retrieved from /home/airflow/.local/lib/python3.8/site-packages/airflow/example_dags/example_trigger_target_dag.py
[2026-04-09T16:59:15.457+0000] {logging_mixin.py:188} INFO - [2026-04-09T16:59:15.457+0000] {dag.py:3036} INFO - Sync 1 DAGs
[2026-04-09T16:59:15.471+0000] {logging_mixin.py:188} INFO - [2026-04-09T16:59:15.470+0000] {dag.py:3823} INFO - Setting next_dagrun for example_trigger_target_dag to None, run_after=None
[2026-04-09T16:59:15.491+0000] {processor.py:183} INFO - Processing /home/airflow/.local/lib/python3.8/site-packages/airflow/example_dags/example_trigger_target_dag.py took 0.072 seconds
[2026-04-09T16:59:45.741+0000] {processor.py:161} INFO - Started process (PID=1754) to work on /home/airflow/.local/lib/python3.8/site-packages/airflow/example_dags/example_trigger_target_dag.py
[2026-04-09T16:59:45.743+0000] {processor.py:830} INFO - Processing file /home/airflow/.local/lib/python3.8/site-packages/airflow/example_dags/example_trigger_target_dag.py for tasks to queue
[2026-04-09T16:59:45.745+0000] {logging_mixin.py:188} INFO - [2026-04-09T16:59:45.745+0000] {dagbag.py:538} INFO - Filling up the DagBag from /home/airflow/.local/lib/python3.8/site-packages/airflow/example_dags/example_trigger_target_dag.py
[2026-04-09T16:59:45.755+0000] {processor.py:840} INFO - DAG(s) 'example_trigger_target_dag' retrieved from /home/airflow/.local/lib/python3.8/site-packages/airflow/example_dags/example_trigger_target_dag.py
[2026-04-09T16:59:45.780+0000] {logging_mixin.py:188} INFO - [2026-04-09T16:59:45.780+0000] {dag.py:3036} INFO - Sync 1 DAGs
[2026-04-09T16:59:45.795+0000] {logging_mixin.py:188} INFO - [2026-04-09T16:59:45.795+0000] {dag.py:3823} INFO - Setting next_dagrun for example_trigger_target_dag to None, run_after=None
[2026-04-09T16:59:45.821+0000] {processor.py:183} INFO - Processing /home/airflow/.local/lib/python3.8/site-packages/airflow/example_dags/example_trigger_target_dag.py took 0.084 seconds
[2026-04-09T17:00:16.259+0000] {processor.py:161} INFO - Started process (PID=1811) to work on /home/airflow/.local/lib/python3.8/site-packages/airflow/example_dags/example_trigger_target_dag.py
[2026-04-09T17:00:16.261+0000] {processor.py:830} INFO - Processing file /home/airflow/.local/lib/python3.8/site-packages/airflow/example_dags/example_trigger_target_dag.py for tasks to queue
[2026-04-09T17:00:16.263+0000] {logging_mixin.py:188} INFO - [2026-04-09T17:00:16.263+0000] {dagbag.py:538} INFO - Filling up the DagBag from /home/airflow/.local/lib/python3.8/site-packages/airflow/example_dags/example_trigger_target_dag.py
[2026-04-09T17:00:16.271+0000] {processor.py:840} INFO - DAG(s) 'example_trigger_target_dag' retrieved from /home/airflow/.local/lib/python3.8/site-packages/airflow/example_dags/example_trigger_target_dag.py
[2026-04-09T17:00:16.294+0000] {logging_mixin.py:188} INFO - [2026-04-09T17:00:16.293+0000] {dag.py:3036} INFO - Sync 1 DAGs
[2026-04-09T17:00:16.306+0000] {logging_mixin.py:188} INFO - [2026-04-09T17:00:16.306+0000] {dag.py:3823} INFO - Setting next_dagrun for example_trigger_target_dag to None, run_after=None
[2026-04-09T17:00:16.328+0000] {processor.py:183} INFO - Processing /home/airflow/.local/lib/python3.8/site-packages/airflow/example_dags/example_trigger_target_dag.py took 0.073 seconds
[2026-04-09T17:00:46.696+0000] {processor.py:161} INFO - Started process (PID=1868) to work on /home/airflow/.local/lib/python3.8/site-packages/airflow/example_dags/example_trigger_target_dag.py
[2026-04-09T17:00:46.697+0000] {processor.py:830} INFO - Processing file /home/airflow/.local/lib/python3.8/site-packages/airflow/example_dags/example_trigger_target_dag.py for tasks to queue
[2026-04-09T17:00:46.699+0000] {logging_mixin.py:188} INFO - [2026-04-09T17:00:46.699+0000] {dagbag.py:538} INFO - Filling up the DagBag from /home/airflow/.local/lib/python3.8/site-packages/airflow/example_dags/example_trigger_target_dag.py
[2026-04-09T17:00:46.706+0000] {processor.py:840} INFO - DAG(s) 'example_trigger_target_dag' retrieved from /home/airflow/.local/lib/python3.8/site-packages/airflow/example_dags/example_trigger_target_dag.py
[2026-04-09T17:00:46.727+0000] {logging_mixin.py:188} INFO - [2026-04-09T17:00:46.726+0000] {dag.py:3036} INFO - Sync 1 DAGs
[2026-04-09T17:00:46.739+0000] {logging_mixin.py:188} INFO - [2026-04-09T17:00:46.739+0000] {dag.py:3823} INFO - Setting next_dagrun for example_trigger_target_dag to None, run_after=None
[2026-04-09T17:00:46.760+0000] {processor.py:183} INFO - Processing /home/airflow/.local/lib/python3.8/site-packages/airflow/example_dags/example_trigger_target_dag.py took 0.067 seconds
[2026-04-09T17:01:16.971+0000] {processor.py:161} INFO - Started process (PID=1925) to work on /home/airflow/.local/lib/python3.8/site-packages/airflow/example_dags/example_trigger_target_dag.py
[2026-04-09T17:01:16.972+0000] {processor.py:830} INFO - Processing file /home/airflow/.local/lib/python3.8/site-packages/airflow/example_dags/example_trigger_target_dag.py for tasks to queue
[2026-04-09T17:01:16.975+0000] {logging_mixin.py:188} INFO - [2026-04-09T17:01:16.974+0000] {dagbag.py:538} INFO - Filling up the DagBag from /home/airflow/.local/lib/python3.8/site-packages/airflow/example_dags/example_trigger_target_dag.py
[2026-04-09T17:01:16.982+0000] {processor.py:840} INFO - DAG(s) 'example_trigger_target_dag' retrieved from /home/airflow/.local/lib/python3.8/site-packages/airflow/example_dags/example_trigger_target_dag.py
[2026-04-09T17:01:17.004+0000] {logging_mixin.py:188} INFO - [2026-04-09T17:01:17.003+0000] {dag.py:3036} INFO - Sync 1 DAGs
[2026-04-09T17:01:17.016+0000] {logging_mixin.py:188} INFO - [2026-04-09T17:01:17.015+0000] {dag.py:3823} INFO - Setting next_dagrun for example_trigger_target_dag to None, run_after=None
[2026-04-09T17:01:17.039+0000] {processor.py:183} INFO - Processing /home/airflow/.local/lib/python3.8/site-packages/airflow/example_dags/example_trigger_target_dag.py took 0.071 seconds
[2026-04-09T17:01:47.342+0000] {processor.py:161} INFO - Started process (PID=1982) to work on /home/airflow/.local/lib/python3.8/site-packages/airflow/example_dags/example_trigger_target_dag.py
[2026-04-09T17:01:47.343+0000] {processor.py:830} INFO - Processing file /home/airflow/.local/lib/python3.8/site-packages/airflow/example_dags/example_trigger_target_dag.py for tasks to queue
[2026-04-09T17:01:47.345+0000] {logging_mixin.py:188} INFO - [2026-04-09T17:01:47.345+0000] {dagbag.py:538} INFO - Filling up the DagBag from /home/airflow/.local/lib/python3.8/site-packages/airflow/example_dags/example_trigger_target_dag.py
[2026-04-09T17:01:47.352+0000] {processor.py:840} INFO - DAG(s) 'example_trigger_target_dag' retrieved from /home/airflow/.local/lib/python3.8/site-packages/airflow/example_dags/example_trigger_target_dag.py
[2026-04-09T17:01:47.377+0000] {logging_mixin.py:188} INFO - [2026-04-09T17:01:47.376+0000] {dag.py:3036} INFO - Sync 1 DAGs
[2026-04-09T17:01:47.390+0000] {logging_mixin.py:188} INFO - [2026-04-09T17:01:47.390+0000] {dag.py:3823} INFO - Setting next_dagrun for example_trigger_target_dag to None, run_after=None
[2026-04-09T17:01:47.414+0000] {processor.py:183} INFO - Processing /home/airflow/.local/lib/python3.8/site-packages/airflow/example_dags/example_trigger_target_dag.py took 0.076 seconds
[2026-04-09T17:02:17.991+0000] {processor.py:161} INFO - Started process (PID=2039) to work on /home/airflow/.local/lib/python3.8/site-packages/airflow/example_dags/example_trigger_target_dag.py
[2026-04-09T17:02:17.993+0000] {processor.py:830} INFO - Processing file /home/airflow/.local/lib/python3.8/site-packages/airflow/example_dags/example_trigger_target_dag.py for tasks to queue
[2026-04-09T17:02:17.995+0000] {logging_mixin.py:188} INFO - [2026-04-09T17:02:17.994+0000] {dagbag.py:538} INFO - Filling up the DagBag from /home/airflow/.local/lib/python3.8/site-packages/airflow/example_dags/example_trigger_target_dag.py
[2026-04-09T17:02:18.002+0000] {processor.py:840} INFO - DAG(s) 'example_trigger_target_dag' retrieved from /home/airflow/.local/lib/python3.8/site-packages/airflow/example_dags/example_trigger_target_dag.py
[2026-04-09T17:02:18.024+0000] {logging_mixin.py:188} INFO - [2026-04-09T17:02:18.024+0000] {dag.py:3036} INFO - Sync 1 DAGs
[2026-04-09T17:02:18.037+0000] {logging_mixin.py:188} INFO - [2026-04-09T17:02:18.037+0000] {dag.py:3823} INFO - Setting next_dagrun for example_trigger_target_dag to None, run_after=None
[2026-04-09T17:02:18.064+0000] {processor.py:183} INFO - Processing /home/airflow/.local/lib/python3.8/site-packages/airflow/example_dags/example_trigger_target_dag.py took 0.078 seconds
[2026-04-09T17:02:48.730+0000] {processor.py:161} INFO - Started process (PID=2096) to work on /home/airflow/.local/lib/python3.8/site-packages/airflow/example_dags/example_trigger_target_dag.py
[2026-04-09T17:02:48.731+0000] {processor.py:830} INFO - Processing file /home/airflow/.local/lib/python3.8/site-packages/airflow/example_dags/example_trigger_target_dag.py for tasks to queue
[2026-04-09T17:02:48.734+0000] {logging_mixin.py:188} INFO - [2026-04-09T17:02:48.733+0000] {dagbag.py:538} INFO - Filling up the DagBag from /home/airflow/.local/lib/python3.8/site-packages/airflow/example_dags/example_trigger_target_dag.py
[2026-04-09T17:02:48.740+0000] {processor.py:840} INFO - DAG(s) 'example_trigger_target_dag' retrieved from /home/airflow/.local/lib/python3.8/site-packages/airflow/example_dags/example_trigger_target_dag.py
[2026-04-09T17:02:48.762+0000] {logging_mixin.py:188} INFO - [2026-04-09T17:02:48.762+0000] {dag.py:3036} INFO - Sync 1 DAGs
[2026-04-09T17:02:48.780+0000] {logging_mixin.py:188} INFO - [2026-04-09T17:02:48.779+0000] {dag.py:3823} INFO - Setting next_dagrun for example_trigger_target_dag to None, run_after=None
[2026-04-09T17:02:48.807+0000] {processor.py:183} INFO - Processing /home/airflow/.local/lib/python3.8/site-packages/airflow/example_dags/example_trigger_target_dag.py took 0.081 seconds
[2026-04-09T17:03:19.602+0000] {processor.py:161} INFO - Started process (PID=2153) to work on /home/airflow/.local/lib/python3.8/site-packages/airflow/example_dags/example_trigger_target_dag.py
[2026-04-09T17:03:19.603+0000] {processor.py:830} INFO - Processing file /home/airflow/.local/lib/python3.8/site-packages/airflow/example_dags/example_trigger_target_dag.py for tasks to queue
[2026-04-09T17:03:19.606+0000] {logging_mixin.py:188} INFO - [2026-04-09T17:03:19.605+0000] {dagbag.py:538} INFO - Filling up the DagBag from /home/airflow/.local/lib/python3.8/site-packages/airflow/example_dags/example_trigger_target_dag.py
[2026-04-09T17:03:19.612+0000] {processor.py:840} INFO - DAG(s) 'example_trigger_target_dag' retrieved from /home/airflow/.local/lib/python3.8/site-packages/airflow/example_dags/example_trigger_target_dag.py
[2026-04-09T17:03:19.637+0000] {logging_mixin.py:188} INFO - [2026-04-09T17:03:19.636+0000] {dag.py:3036} INFO - Sync 1 DAGs
[2026-04-09T17:03:19.649+0000] {logging_mixin.py:188} INFO - [2026-04-09T17:03:19.648+0000] {dag.py:3823} INFO - Setting next_dagrun for example_trigger_target_dag to None, run_after=None
[2026-04-09T17:03:19.673+0000] {processor.py:183} INFO - Processing /home/airflow/.local/lib/python3.8/site-packages/airflow/example_dags/example_trigger_target_dag.py took 0.077 seconds
[2026-04-09T17:03:49.879+0000] {processor.py:161} INFO - Started process (PID=2210) to work on /home/airflow/.local/lib/python3.8/site-packages/airflow/example_dags/example_trigger_target_dag.py
[2026-04-09T17:03:49.881+0000] {processor.py:830} INFO - Processing file /home/airflow/.local/lib/python3.8/site-packages/airflow/example_dags/example_trigger_target_dag.py for tasks to queue
[2026-04-09T17:03:49.884+0000] {logging_mixin.py:188} INFO - [2026-04-09T17:03:49.883+0000] {dagbag.py:538} INFO - Filling up the DagBag from /home/airflow/.local/lib/python3.8/site-packages/airflow/example_dags/example_trigger_target_dag.py
[2026-04-09T17:03:49.891+0000] {processor.py:840} INFO - DAG(s) 'example_trigger_target_dag' retrieved from /home/airflow/.local/lib/python3.8/site-packages/airflow/example_dags/example_trigger_target_dag.py
[2026-04-09T17:03:49.914+0000] {logging_mixin.py:188} INFO - [2026-04-09T17:03:49.914+0000] {dag.py:3036} INFO - Sync 1 DAGs
[2026-04-09T17:03:49.929+0000] {logging_mixin.py:188} INFO - [2026-04-09T17:03:49.928+0000] {dag.py:3823} INFO - Setting next_dagrun for example_trigger_target_dag to None, run_after=None
[2026-04-09T17:03:49.956+0000] {processor.py:183} INFO - Processing /home/airflow/.local/lib/python3.8/site-packages/airflow/example_dags/example_trigger_target_dag.py took 0.081 seconds
[2026-04-09T17:04:21.069+0000] {processor.py:161} INFO - Started process (PID=2267) to work on /home/airflow/.local/lib/python3.8/site-packages/airflow/example_dags/example_trigger_target_dag.py
[2026-04-09T17:04:21.081+0000] {processor.py:830} INFO - Processing file /home/airflow/.local/lib/python3.8/site-packages/airflow/example_dags/example_trigger_target_dag.py for tasks to queue
[2026-04-09T17:04:21.086+0000] {logging_mixin.py:188} INFO - [2026-04-09T17:04:21.085+0000] {dagbag.py:538} INFO - Filling up the DagBag from /home/airflow/.local/lib/python3.8/site-packages/airflow/example_dags/example_trigger_target_dag.py
[2026-04-09T17:04:21.105+0000] {processor.py:840} INFO - DAG(s) 'example_trigger_target_dag' retrieved from /home/airflow/.local/lib/python3.8/site-packages/airflow/example_dags/example_trigger_target_dag.py
[2026-04-09T17:04:21.164+0000] {logging_mixin.py:188} INFO - [2026-04-09T17:04:21.164+0000] {dag.py:3036} INFO - Sync 1 DAGs
[2026-04-09T17:04:21.190+0000] {logging_mixin.py:188} INFO - [2026-04-09T17:04:21.189+0000] {dag.py:3823} INFO - Setting next_dagrun for example_trigger_target_dag to None, run_after=None
[2026-04-09T17:04:21.242+0000] {processor.py:183} INFO - Processing /home/airflow/.local/lib/python3.8/site-packages/airflow/example_dags/example_trigger_target_dag.py took 0.181 seconds
[2026-04-09T17:04:51.923+0000] {processor.py:161} INFO - Started process (PID=2324) to work on /home/airflow/.local/lib/python3.8/site-packages/airflow/example_dags/example_trigger_target_dag.py
[2026-04-09T17:04:51.924+0000] {processor.py:830} INFO - Processing file /home/airflow/.local/lib/python3.8/site-packages/airflow/example_dags/example_trigger_target_dag.py for tasks to queue
[2026-04-09T17:04:51.926+0000] {logging_mixin.py:188} INFO - [2026-04-09T17:04:51.926+0000] {dagbag.py:538} INFO - Filling up the DagBag from /home/airflow/.local/lib/python3.8/site-packages/airflow/example_dags/example_trigger_target_dag.py
[2026-04-09T17:04:51.933+0000] {processor.py:840} INFO - DAG(s) 'example_trigger_target_dag' retrieved from /home/airflow/.local/lib/python3.8/site-packages/airflow/example_dags/example_trigger_target_dag.py
[2026-04-09T17:04:51.958+0000] {logging_mixin.py:188} INFO - [2026-04-09T17:04:51.957+0000] {dag.py:3036} INFO - Sync 1 DAGs
[2026-04-09T17:04:51.973+0000] {logging_mixin.py:188} INFO - [2026-04-09T17:04:51.973+0000] {dag.py:3823} INFO - Setting next_dagrun for example_trigger_target_dag to None, run_after=None
[2026-04-09T17:04:51.998+0000] {processor.py:183} INFO - Processing /home/airflow/.local/lib/python3.8/site-packages/airflow/example_dags/example_trigger_target_dag.py took 0.079 seconds
[2026-04-09T17:05:22.225+0000] {processor.py:161} INFO - Started process (PID=2381) to work on /home/airflow/.local/lib/python3.8/site-packages/airflow/example_dags/example_trigger_target_dag.py
[2026-04-09T17:05:22.226+0000] {processor.py:830} INFO - Processing file /home/airflow/.local/lib/python3.8/site-packages/airflow/example_dags/example_trigger_target_dag.py for tasks to queue
[2026-04-09T17:05:22.231+0000] {logging_mixin.py:188} INFO - [2026-04-09T17:05:22.230+0000] {dagbag.py:538} INFO - Filling up the DagBag from /home/airflow/.local/lib/python3.8/site-packages/airflow/example_dags/example_trigger_target_dag.py
[2026-04-09T17:05:22.241+0000] {processor.py:840} INFO - DAG(s) 'example_trigger_target_dag' retrieved from /home/airflow/.local/lib/python3.8/site-packages/airflow/example_dags/example_trigger_target_dag.py
[2026-04-09T17:05:22.269+0000] {logging_mixin.py:188} INFO - [2026-04-09T17:05:22.268+0000] {dag.py:3036} INFO - Sync 1 DAGs
[2026-04-09T17:05:22.284+0000] {logging_mixin.py:188} INFO - [2026-04-09T17:05:22.284+0000] {dag.py:3823} INFO - Setting next_dagrun for example_trigger_target_dag to None, run_after=None
[2026-04-09T17:05:22.313+0000] {processor.py:183} INFO - Processing /home/airflow/.local/lib/python3.8/site-packages/airflow/example_dags/example_trigger_target_dag.py took 0.093 seconds
[2026-04-09T17:05:52.796+0000] {processor.py:161} INFO - Started process (PID=2439) to work on /home/airflow/.local/lib/python3.8/site-packages/airflow/example_dags/example_trigger_target_dag.py
[2026-04-09T17:05:52.798+0000] {processor.py:830} INFO - Processing file /home/airflow/.local/lib/python3.8/site-packages/airflow/example_dags/example_trigger_target_dag.py for tasks to queue
[2026-04-09T17:05:52.800+0000] {logging_mixin.py:188} INFO - [2026-04-09T17:05:52.800+0000] {dagbag.py:538} INFO - Filling up the DagBag from /home/airflow/.local/lib/python3.8/site-packages/airflow/example_dags/example_trigger_target_dag.py
[2026-04-09T17:05:52.808+0000] {processor.py:840} INFO - DAG(s) 'example_trigger_target_dag' retrieved from /home/airflow/.local/lib/python3.8/site-packages/airflow/example_dags/example_trigger_target_dag.py
[2026-04-09T17:05:52.831+0000] {logging_mixin.py:188} INFO - [2026-04-09T17:05:52.831+0000] {dag.py:3036} INFO - Sync 1 DAGs
[2026-04-09T17:05:52.845+0000] {logging_mixin.py:188} INFO - [2026-04-09T17:05:52.845+0000] {dag.py:3823} INFO - Setting next_dagrun for example_trigger_target_dag to None, run_after=None
[2026-04-09T17:05:52.868+0000] {processor.py:183} INFO - Processing /home/airflow/.local/lib/python3.8/site-packages/airflow/example_dags/example_trigger_target_dag.py took 0.077 seconds
[2026-04-09T17:06:23.148+0000] {processor.py:161} INFO - Started process (PID=2496) to work on /home/airflow/.local/lib/python3.8/site-packages/airflow/example_dags/example_trigger_target_dag.py
[2026-04-09T17:06:23.150+0000] {processor.py:830} INFO - Processing file /home/airflow/.local/lib/python3.8/site-packages/airflow/example_dags/example_trigger_target_dag.py for tasks to queue
[2026-04-09T17:06:23.153+0000] {logging_mixin.py:188} INFO - [2026-04-09T17:06:23.153+0000] {dagbag.py:538} INFO - Filling up the DagBag from /home/airflow/.local/lib/python3.8/site-packages/airflow/example_dags/example_trigger_target_dag.py
[2026-04-09T17:06:23.161+0000] {processor.py:840} INFO - DAG(s) 'example_trigger_target_dag' retrieved from /home/airflow/.local/lib/python3.8/site-packages/airflow/example_dags/example_trigger_target_dag.py
[2026-04-09T17:06:23.191+0000] {logging_mixin.py:188} INFO - [2026-04-09T17:06:23.191+0000] {dag.py:3036} INFO - Sync 1 DAGs
[2026-04-09T17:06:23.210+0000] {logging_mixin.py:188} INFO - [2026-04-09T17:06:23.207+0000] {dag.py:3823} INFO - Setting next_dagrun for example_trigger_target_dag to None, run_after=None
[2026-04-09T17:06:23.238+0000] {processor.py:183} INFO - Processing /home/airflow/.local/lib/python3.8/site-packages/airflow/example_dags/example_trigger_target_dag.py took 0.095 seconds
[2026-04-09T17:06:53.283+0000] {processor.py:161} INFO - Started process (PID=2553) to work on /home/airflow/.local/lib/python3.8/site-packages/airflow/example_dags/example_trigger_target_dag.py
[2026-04-09T17:06:53.284+0000] {processor.py:830} INFO - Processing file /home/airflow/.local/lib/python3.8/site-packages/airflow/example_dags/example_trigger_target_dag.py for tasks to queue
[2026-04-09T17:06:53.286+0000] {logging_mixin.py:188} INFO - [2026-04-09T17:06:53.286+0000] {dagbag.py:538} INFO - Filling up the DagBag from /home/airflow/.local/lib/python3.8/site-packages/airflow/example_dags/example_trigger_target_dag.py
[2026-04-09T17:06:53.294+0000] {processor.py:840} INFO - DAG(s) 'example_trigger_target_dag' retrieved from /home/airflow/.local/lib/python3.8/site-packages/airflow/example_dags/example_trigger_target_dag.py
[2026-04-09T17:06:53.318+0000] {logging_mixin.py:188} INFO - [2026-04-09T17:06:53.318+0000] {dag.py:3036} INFO - Sync 1 DAGs
[2026-04-09T17:06:53.331+0000] {logging_mixin.py:188} INFO - [2026-04-09T17:06:53.330+0000] {dag.py:3823} INFO - Setting next_dagrun for example_trigger_target_dag to None, run_after=None
[2026-04-09T17:06:53.355+0000] {processor.py:183} INFO - Processing /home/airflow/.local/lib/python3.8/site-packages/airflow/example_dags/example_trigger_target_dag.py took 0.075 seconds
[2026-04-09T17:07:24.568+0000] {processor.py:161} INFO - Started process (PID=2611) to work on /home/airflow/.local/lib/python3.8/site-packages/airflow/example_dags/example_trigger_target_dag.py
[2026-04-09T17:07:24.570+0000] {processor.py:830} INFO - Processing file /home/airflow/.local/lib/python3.8/site-packages/airflow/example_dags/example_trigger_target_dag.py for tasks to queue
[2026-04-09T17:07:24.572+0000] {logging_mixin.py:188} INFO - [2026-04-09T17:07:24.572+0000] {dagbag.py:538} INFO - Filling up the DagBag from /home/airflow/.local/lib/python3.8/site-packages/airflow/example_dags/example_trigger_target_dag.py
[2026-04-09T17:07:24.579+0000] {processor.py:840} INFO - DAG(s) 'example_trigger_target_dag' retrieved from /home/airflow/.local/lib/python3.8/site-packages/airflow/example_dags/example_trigger_target_dag.py
[2026-04-09T17:07:24.735+0000] {logging_mixin.py:188} INFO - [2026-04-09T17:07:24.734+0000] {dag.py:3036} INFO - Sync 1 DAGs
[2026-04-09T17:07:24.745+0000] {logging_mixin.py:188} INFO - [2026-04-09T17:07:24.745+0000] {dag.py:3823} INFO - Setting next_dagrun for example_trigger_target_dag to None, run_after=None
[2026-04-09T17:07:24.767+0000] {processor.py:183} INFO - Processing /home/airflow/.local/lib/python3.8/site-packages/airflow/example_dags/example_trigger_target_dag.py took 0.203 seconds
[2026-04-09T17:07:55.541+0000] {processor.py:161} INFO - Started process (PID=2668) to work on /home/airflow/.local/lib/python3.8/site-packages/airflow/example_dags/example_trigger_target_dag.py
[2026-04-09T17:07:55.542+0000] {processor.py:830} INFO - Processing file /home/airflow/.local/lib/python3.8/site-packages/airflow/example_dags/example_trigger_target_dag.py for tasks to queue
[2026-04-09T17:07:55.545+0000] {logging_mixin.py:188} INFO - [2026-04-09T17:07:55.544+0000] {dagbag.py:538} INFO - Filling up the DagBag from /home/airflow/.local/lib/python3.8/site-packages/airflow/example_dags/example_trigger_target_dag.py
[2026-04-09T17:07:55.551+0000] {processor.py:840} INFO - DAG(s) 'example_trigger_target_dag' retrieved from /home/airflow/.local/lib/python3.8/site-packages/airflow/example_dags/example_trigger_target_dag.py
[2026-04-09T17:07:55.574+0000] {logging_mixin.py:188} INFO - [2026-04-09T17:07:55.574+0000] {dag.py:3036} INFO - Sync 1 DAGs
[2026-04-09T17:07:55.709+0000] {logging_mixin.py:188} INFO - [2026-04-09T17:07:55.709+0000] {dag.py:3823} INFO - Setting next_dagrun for example_trigger_target_dag to None, run_after=None
[2026-04-09T17:07:55.730+0000] {processor.py:183} INFO - Processing /home/airflow/.local/lib/python3.8/site-packages/airflow/example_dags/example_trigger_target_dag.py took 0.193 seconds
[2026-04-09T17:08:26.339+0000] {processor.py:161} INFO - Started process (PID=2725) to work on /home/airflow/.local/lib/python3.8/site-packages/airflow/example_dags/example_trigger_target_dag.py
[2026-04-09T17:08:26.340+0000] {processor.py:830} INFO - Processing file /home/airflow/.local/lib/python3.8/site-packages/airflow/example_dags/example_trigger_target_dag.py for tasks to queue
[2026-04-09T17:08:26.342+0000] {logging_mixin.py:188} INFO - [2026-04-09T17:08:26.342+0000] {dagbag.py:538} INFO - Filling up the DagBag from /home/airflow/.local/lib/python3.8/site-packages/airflow/example_dags/example_trigger_target_dag.py
[2026-04-09T17:08:26.350+0000] {processor.py:840} INFO - DAG(s) 'example_trigger_target_dag' retrieved from /home/airflow/.local/lib/python3.8/site-packages/airflow/example_dags/example_trigger_target_dag.py
[2026-04-09T17:08:26.372+0000] {logging_mixin.py:188} INFO - [2026-04-09T17:08:26.372+0000] {dag.py:3036} INFO - Sync 1 DAGs
[2026-04-09T17:08:26.384+0000] {logging_mixin.py:188} INFO - [2026-04-09T17:08:26.384+0000] {dag.py:3823} INFO - Setting next_dagrun for example_trigger_target_dag to None, run_after=None
[2026-04-09T17:08:26.410+0000] {processor.py:183} INFO - Processing /home/airflow/.local/lib/python3.8/site-packages/airflow/example_dags/example_trigger_target_dag.py took 0.074 seconds
[2026-04-09T17:08:56.983+0000] {processor.py:161} INFO - Started process (PID=2782) to work on /home/airflow/.local/lib/python3.8/site-packages/airflow/example_dags/example_trigger_target_dag.py
[2026-04-09T17:08:56.985+0000] {processor.py:830} INFO - Processing file /home/airflow/.local/lib/python3.8/site-packages/airflow/example_dags/example_trigger_target_dag.py for tasks to queue
[2026-04-09T17:08:56.987+0000] {logging_mixin.py:188} INFO - [2026-04-09T17:08:56.986+0000] {dagbag.py:538} INFO - Filling up the DagBag from /home/airflow/.local/lib/python3.8/site-packages/airflow/example_dags/example_trigger_target_dag.py
[2026-04-09T17:08:56.994+0000] {processor.py:840} INFO - DAG(s) 'example_trigger_target_dag' retrieved from /home/airflow/.local/lib/python3.8/site-packages/airflow/example_dags/example_trigger_target_dag.py
[2026-04-09T17:08:57.021+0000] {logging_mixin.py:188} INFO - [2026-04-09T17:08:57.020+0000] {dag.py:3036} INFO - Sync 1 DAGs
[2026-04-09T17:08:57.036+0000] {logging_mixin.py:188} INFO - [2026-04-09T17:08:57.035+0000] {dag.py:3823} INFO - Setting next_dagrun for example_trigger_target_dag to None, run_after=None
[2026-04-09T17:08:57.062+0000] {processor.py:183} INFO - Processing /home/airflow/.local/lib/python3.8/site-packages/airflow/example_dags/example_trigger_target_dag.py took 0.083 seconds
[2026-04-09T17:09:34.052+0000] {processor.py:161} INFO - Started process (PID=2837) to work on /home/airflow/.local/lib/python3.8/site-packages/airflow/example_dags/example_trigger_target_dag.py
[2026-04-09T17:09:34.054+0000] {processor.py:830} INFO - Processing file /home/airflow/.local/lib/python3.8/site-packages/airflow/example_dags/example_trigger_target_dag.py for tasks to queue
[2026-04-09T17:09:34.058+0000] {logging_mixin.py:188} INFO - [2026-04-09T17:09:34.057+0000] {dagbag.py:538} INFO - Filling up the DagBag from /home/airflow/.local/lib/python3.8/site-packages/airflow/example_dags/example_trigger_target_dag.py
[2026-04-09T17:09:34.068+0000] {processor.py:840} INFO - DAG(s) 'example_trigger_target_dag' retrieved from /home/airflow/.local/lib/python3.8/site-packages/airflow/example_dags/example_trigger_target_dag.py
[2026-04-09T17:09:34.098+0000] {logging_mixin.py:188} INFO - [2026-04-09T17:09:34.098+0000] {dag.py:3036} INFO - Sync 1 DAGs
[2026-04-09T17:09:34.117+0000] {logging_mixin.py:188} INFO - [2026-04-09T17:09:34.117+0000] {dag.py:3823} INFO - Setting next_dagrun for example_trigger_target_dag to None, run_after=None
[2026-04-09T17:09:34.150+0000] {processor.py:183} INFO - Processing /home/airflow/.local/lib/python3.8/site-packages/airflow/example_dags/example_trigger_target_dag.py took 0.103 seconds
[2026-04-09T17:10:07.139+0000] {processor.py:161} INFO - Started process (PID=2895) to work on /home/airflow/.local/lib/python3.8/site-packages/airflow/example_dags/example_trigger_target_dag.py
[2026-04-09T17:10:07.141+0000] {processor.py:830} INFO - Processing file /home/airflow/.local/lib/python3.8/site-packages/airflow/example_dags/example_trigger_target_dag.py for tasks to queue
[2026-04-09T17:10:07.144+0000] {logging_mixin.py:188} INFO - [2026-04-09T17:10:07.143+0000] {dagbag.py:538} INFO - Filling up the DagBag from /home/airflow/.local/lib/python3.8/site-packages/airflow/example_dags/example_trigger_target_dag.py
[2026-04-09T17:10:07.160+0000] {processor.py:840} INFO - DAG(s) 'example_trigger_target_dag' retrieved from /home/airflow/.local/lib/python3.8/site-packages/airflow/example_dags/example_trigger_target_dag.py
[2026-04-09T17:10:07.186+0000] {logging_mixin.py:188} INFO - [2026-04-09T17:10:07.185+0000] {dag.py:3036} INFO - Sync 1 DAGs
[2026-04-09T17:10:07.203+0000] {logging_mixin.py:188} INFO - [2026-04-09T17:10:07.202+0000] {dag.py:3823} INFO - Setting next_dagrun for example_trigger_target_dag to None, run_after=None
[2026-04-09T17:10:07.242+0000] {processor.py:183} INFO - Processing /home/airflow/.local/lib/python3.8/site-packages/airflow/example_dags/example_trigger_target_dag.py took 0.107 seconds
[2026-04-09T17:10:38.024+0000] {processor.py:161} INFO - Started process (PID=2952) to work on /home/airflow/.local/lib/python3.8/site-packages/airflow/example_dags/example_trigger_target_dag.py
[2026-04-09T17:10:38.025+0000] {processor.py:830} INFO - Processing file /home/airflow/.local/lib/python3.8/site-packages/airflow/example_dags/example_trigger_target_dag.py for tasks to queue
[2026-04-09T17:10:38.027+0000] {logging_mixin.py:188} INFO - [2026-04-09T17:10:38.027+0000] {dagbag.py:538} INFO - Filling up the DagBag from /home/airflow/.local/lib/python3.8/site-packages/airflow/example_dags/example_trigger_target_dag.py
[2026-04-09T17:10:38.034+0000] {processor.py:840} INFO - DAG(s) 'example_trigger_target_dag' retrieved from /home/airflow/.local/lib/python3.8/site-packages/airflow/example_dags/example_trigger_target_dag.py
[2026-04-09T17:10:38.055+0000] {logging_mixin.py:188} INFO - [2026-04-09T17:10:38.055+0000] {dag.py:3036} INFO - Sync 1 DAGs
[2026-04-09T17:10:38.067+0000] {logging_mixin.py:188} INFO - [2026-04-09T17:10:38.067+0000] {dag.py:3823} INFO - Setting next_dagrun for example_trigger_target_dag to None, run_after=None
[2026-04-09T17:10:38.090+0000] {processor.py:183} INFO - Processing /home/airflow/.local/lib/python3.8/site-packages/airflow/example_dags/example_trigger_target_dag.py took 0.070 seconds
[2026-04-09T17:11:08.701+0000] {processor.py:161} INFO - Started process (PID=3009) to work on /home/airflow/.local/lib/python3.8/site-packages/airflow/example_dags/example_trigger_target_dag.py
[2026-04-09T17:11:08.703+0000] {processor.py:830} INFO - Processing file /home/airflow/.local/lib/python3.8/site-packages/airflow/example_dags/example_trigger_target_dag.py for tasks to queue
[2026-04-09T17:11:08.705+0000] {logging_mixin.py:188} INFO - [2026-04-09T17:11:08.704+0000] {dagbag.py:538} INFO - Filling up the DagBag from /home/airflow/.local/lib/python3.8/site-packages/airflow/example_dags/example_trigger_target_dag.py
[2026-04-09T17:11:08.712+0000] {processor.py:840} INFO - DAG(s) 'example_trigger_target_dag' retrieved from /home/airflow/.local/lib/python3.8/site-packages/airflow/example_dags/example_trigger_target_dag.py
[2026-04-09T17:11:08.735+0000] {logging_mixin.py:188} INFO - [2026-04-09T17:11:08.735+0000] {dag.py:3036} INFO - Sync 1 DAGs
[2026-04-09T17:11:08.747+0000] {logging_mixin.py:188} INFO - [2026-04-09T17:11:08.747+0000] {dag.py:3823} INFO - Setting next_dagrun for example_trigger_target_dag to None, run_after=None
[2026-04-09T17:11:08.772+0000] {processor.py:183} INFO - Processing /home/airflow/.local/lib/python3.8/site-packages/airflow/example_dags/example_trigger_target_dag.py took 0.074 seconds
[2026-04-09T17:11:39.391+0000] {processor.py:161} INFO - Started process (PID=3066) to work on /home/airflow/.local/lib/python3.8/site-packages/airflow/example_dags/example_trigger_target_dag.py
[2026-04-09T17:11:39.392+0000] {processor.py:830} INFO - Processing file /home/airflow/.local/lib/python3.8/site-packages/airflow/example_dags/example_trigger_target_dag.py for tasks to queue
[2026-04-09T17:11:39.394+0000] {logging_mixin.py:188} INFO - [2026-04-09T17:11:39.394+0000] {dagbag.py:538} INFO - Filling up the DagBag from /home/airflow/.local/lib/python3.8/site-packages/airflow/example_dags/example_trigger_target_dag.py
[2026-04-09T17:11:39.401+0000] {processor.py:840} INFO - DAG(s) 'example_trigger_target_dag' retrieved from /home/airflow/.local/lib/python3.8/site-packages/airflow/example_dags/example_trigger_target_dag.py
[2026-04-09T17:11:39.424+0000] {logging_mixin.py:188} INFO - [2026-04-09T17:11:39.424+0000] {dag.py:3036} INFO - Sync 1 DAGs
[2026-04-09T17:11:39.437+0000] {logging_mixin.py:188} INFO - [2026-04-09T17:11:39.437+0000] {dag.py:3823} INFO - Setting next_dagrun for example_trigger_target_dag to None, run_after=None
[2026-04-09T17:11:39.461+0000] {processor.py:183} INFO - Processing /home/airflow/.local/lib/python3.8/site-packages/airflow/example_dags/example_trigger_target_dag.py took 0.073 seconds
[2026-04-09T17:12:11.158+0000] {processor.py:161} INFO - Started process (PID=3129) to work on /home/airflow/.local/lib/python3.8/site-packages/airflow/example_dags/example_trigger_target_dag.py
[2026-04-09T17:12:11.160+0000] {processor.py:830} INFO - Processing file /home/airflow/.local/lib/python3.8/site-packages/airflow/example_dags/example_trigger_target_dag.py for tasks to queue
[2026-04-09T17:12:11.162+0000] {logging_mixin.py:188} INFO - [2026-04-09T17:12:11.162+0000] {dagbag.py:538} INFO - Filling up the DagBag from /home/airflow/.local/lib/python3.8/site-packages/airflow/example_dags/example_trigger_target_dag.py
[2026-04-09T17:12:11.169+0000] {processor.py:840} INFO - DAG(s) 'example_trigger_target_dag' retrieved from /home/airflow/.local/lib/python3.8/site-packages/airflow/example_dags/example_trigger_target_dag.py
[2026-04-09T17:12:11.193+0000] {logging_mixin.py:188} INFO - [2026-04-09T17:12:11.192+0000] {dag.py:3036} INFO - Sync 1 DAGs
[2026-04-09T17:12:11.207+0000] {logging_mixin.py:188} INFO - [2026-04-09T17:12:11.206+0000] {dag.py:3823} INFO - Setting next_dagrun for example_trigger_target_dag to None, run_after=None
[2026-04-09T17:12:11.235+0000] {processor.py:183} INFO - Processing /home/airflow/.local/lib/python3.8/site-packages/airflow/example_dags/example_trigger_target_dag.py took 0.079 seconds
[2026-04-09T17:12:41.834+0000] {processor.py:161} INFO - Started process (PID=3186) to work on /home/airflow/.local/lib/python3.8/site-packages/airflow/example_dags/example_trigger_target_dag.py
[2026-04-09T17:12:41.835+0000] {processor.py:830} INFO - Processing file /home/airflow/.local/lib/python3.8/site-packages/airflow/example_dags/example_trigger_target_dag.py for tasks to queue
[2026-04-09T17:12:41.838+0000] {logging_mixin.py:188} INFO - [2026-04-09T17:12:41.838+0000] {dagbag.py:538} INFO - Filling up the DagBag from /home/airflow/.local/lib/python3.8/site-packages/airflow/example_dags/example_trigger_target_dag.py
[2026-04-09T17:12:41.845+0000] {processor.py:840} INFO - DAG(s) 'example_trigger_target_dag' retrieved from /home/airflow/.local/lib/python3.8/site-packages/airflow/example_dags/example_trigger_target_dag.py
[2026-04-09T17:12:41.868+0000] {logging_mixin.py:188} INFO - [2026-04-09T17:12:41.868+0000] {dag.py:3036} INFO - Sync 1 DAGs
[2026-04-09T17:12:41.881+0000] {logging_mixin.py:188} INFO - [2026-04-09T17:12:41.881+0000] {dag.py:3823} INFO - Setting next_dagrun for example_trigger_target_dag to None, run_after=None
[2026-04-09T17:12:41.903+0000] {processor.py:183} INFO - Processing /home/airflow/.local/lib/python3.8/site-packages/airflow/example_dags/example_trigger_target_dag.py took 0.073 seconds
[2026-04-09T17:13:12.936+0000] {processor.py:161} INFO - Started process (PID=3243) to work on /home/airflow/.local/lib/python3.8/site-packages/airflow/example_dags/example_trigger_target_dag.py
[2026-04-09T17:13:12.937+0000] {processor.py:830} INFO - Processing file /home/airflow/.local/lib/python3.8/site-packages/airflow/example_dags/example_trigger_target_dag.py for tasks to queue
[2026-04-09T17:13:12.939+0000] {logging_mixin.py:188} INFO - [2026-04-09T17:13:12.939+0000] {dagbag.py:538} INFO - Filling up the DagBag from /home/airflow/.local/lib/python3.8/site-packages/airflow/example_dags/example_trigger_target_dag.py
[2026-04-09T17:13:12.946+0000] {processor.py:840} INFO - DAG(s) 'example_trigger_target_dag' retrieved from /home/airflow/.local/lib/python3.8/site-packages/airflow/example_dags/example_trigger_target_dag.py
[2026-04-09T17:13:12.967+0000] {logging_mixin.py:188} INFO - [2026-04-09T17:13:12.967+0000] {dag.py:3036} INFO - Sync 1 DAGs
[2026-04-09T17:13:12.979+0000] {logging_mixin.py:188} INFO - [2026-04-09T17:13:12.979+0000] {dag.py:3823} INFO - Setting next_dagrun for example_trigger_target_dag to None, run_after=None
[2026-04-09T17:13:13.021+0000] {processor.py:183} INFO - Processing /home/airflow/.local/lib/python3.8/site-packages/airflow/example_dags/example_trigger_target_dag.py took 0.088 seconds
[2026-04-09T17:13:43.778+0000] {processor.py:161} INFO - Started process (PID=3300) to work on /home/airflow/.local/lib/python3.8/site-packages/airflow/example_dags/example_trigger_target_dag.py
[2026-04-09T17:13:43.779+0000] {processor.py:830} INFO - Processing file /home/airflow/.local/lib/python3.8/site-packages/airflow/example_dags/example_trigger_target_dag.py for tasks to queue
[2026-04-09T17:13:43.781+0000] {logging_mixin.py:188} INFO - [2026-04-09T17:13:43.781+0000] {dagbag.py:538} INFO - Filling up the DagBag from /home/airflow/.local/lib/python3.8/site-packages/airflow/example_dags/example_trigger_target_dag.py
[2026-04-09T17:13:43.788+0000] {processor.py:840} INFO - DAG(s) 'example_trigger_target_dag' retrieved from /home/airflow/.local/lib/python3.8/site-packages/airflow/example_dags/example_trigger_target_dag.py
[2026-04-09T17:13:43.809+0000] {logging_mixin.py:188} INFO - [2026-04-09T17:13:43.809+0000] {dag.py:3036} INFO - Sync 1 DAGs
[2026-04-09T17:13:43.822+0000] {logging_mixin.py:188} INFO - [2026-04-09T17:13:43.821+0000] {dag.py:3823} INFO - Setting next_dagrun for example_trigger_target_dag to None, run_after=None
[2026-04-09T17:13:43.844+0000] {processor.py:183} INFO - Processing /home/airflow/.local/lib/python3.8/site-packages/airflow/example_dags/example_trigger_target_dag.py took 0.070 seconds
[2026-04-09T17:14:14.798+0000] {processor.py:161} INFO - Started process (PID=3357) to work on /home/airflow/.local/lib/python3.8/site-packages/airflow/example_dags/example_trigger_target_dag.py
[2026-04-09T17:14:14.800+0000] {processor.py:830} INFO - Processing file /home/airflow/.local/lib/python3.8/site-packages/airflow/example_dags/example_trigger_target_dag.py for tasks to queue
[2026-04-09T17:14:14.805+0000] {logging_mixin.py:188} INFO - [2026-04-09T17:14:14.804+0000] {dagbag.py:538} INFO - Filling up the DagBag from /home/airflow/.local/lib/python3.8/site-packages/airflow/example_dags/example_trigger_target_dag.py
[2026-04-09T17:14:14.817+0000] {processor.py:840} INFO - DAG(s) 'example_trigger_target_dag' retrieved from /home/airflow/.local/lib/python3.8/site-packages/airflow/example_dags/example_trigger_target_dag.py
[2026-04-09T17:14:14.849+0000] {logging_mixin.py:188} INFO - [2026-04-09T17:14:14.848+0000] {dag.py:3036} INFO - Sync 1 DAGs
[2026-04-09T17:14:14.868+0000] {logging_mixin.py:188} INFO - [2026-04-09T17:14:14.867+0000] {dag.py:3823} INFO - Setting next_dagrun for example_trigger_target_dag to None, run_after=None
[2026-04-09T17:14:14.903+0000] {processor.py:183} INFO - Processing /home/airflow/.local/lib/python3.8/site-packages/airflow/example_dags/example_trigger_target_dag.py took 0.112 seconds
[2026-04-09T17:14:44.968+0000] {processor.py:161} INFO - Started process (PID=3414) to work on /home/airflow/.local/lib/python3.8/site-packages/airflow/example_dags/example_trigger_target_dag.py
[2026-04-09T17:14:44.969+0000] {processor.py:830} INFO - Processing file /home/airflow/.local/lib/python3.8/site-packages/airflow/example_dags/example_trigger_target_dag.py for tasks to queue
[2026-04-09T17:14:44.971+0000] {logging_mixin.py:188} INFO - [2026-04-09T17:14:44.971+0000] {dagbag.py:538} INFO - Filling up the DagBag from /home/airflow/.local/lib/python3.8/site-packages/airflow/example_dags/example_trigger_target_dag.py
[2026-04-09T17:14:44.978+0000] {processor.py:840} INFO - DAG(s) 'example_trigger_target_dag' retrieved from /home/airflow/.local/lib/python3.8/site-packages/airflow/example_dags/example_trigger_target_dag.py
[2026-04-09T17:14:45.002+0000] {logging_mixin.py:188} INFO - [2026-04-09T17:14:45.002+0000] {dag.py:3036} INFO - Sync 1 DAGs
[2026-04-09T17:14:45.016+0000] {logging_mixin.py:188} INFO - [2026-04-09T17:14:45.016+0000] {dag.py:3823} INFO - Setting next_dagrun for example_trigger_target_dag to None, run_after=None
[2026-04-09T17:14:45.042+0000] {processor.py:183} INFO - Processing /home/airflow/.local/lib/python3.8/site-packages/airflow/example_dags/example_trigger_target_dag.py took 0.078 seconds
[2026-04-09T17:15:15.193+0000] {processor.py:161} INFO - Started process (PID=3471) to work on /home/airflow/.local/lib/python3.8/site-packages/airflow/example_dags/example_trigger_target_dag.py
[2026-04-09T17:15:15.195+0000] {processor.py:830} INFO - Processing file /home/airflow/.local/lib/python3.8/site-packages/airflow/example_dags/example_trigger_target_dag.py for tasks to queue
[2026-04-09T17:15:15.197+0000] {logging_mixin.py:188} INFO - [2026-04-09T17:15:15.196+0000] {dagbag.py:538} INFO - Filling up the DagBag from /home/airflow/.local/lib/python3.8/site-packages/airflow/example_dags/example_trigger_target_dag.py
[2026-04-09T17:15:15.204+0000] {processor.py:840} INFO - DAG(s) 'example_trigger_target_dag' retrieved from /home/airflow/.local/lib/python3.8/site-packages/airflow/example_dags/example_trigger_target_dag.py
[2026-04-09T17:15:15.228+0000] {logging_mixin.py:188} INFO - [2026-04-09T17:15:15.227+0000] {dag.py:3036} INFO - Sync 1 DAGs
[2026-04-09T17:15:15.244+0000] {logging_mixin.py:188} INFO - [2026-04-09T17:15:15.244+0000] {dag.py:3823} INFO - Setting next_dagrun for example_trigger_target_dag to None, run_after=None
[2026-04-09T17:15:15.273+0000] {processor.py:183} INFO - Processing /home/airflow/.local/lib/python3.8/site-packages/airflow/example_dags/example_trigger_target_dag.py took 0.084 seconds
[2026-04-09T17:15:46.035+0000] {processor.py:161} INFO - Started process (PID=3528) to work on /home/airflow/.local/lib/python3.8/site-packages/airflow/example_dags/example_trigger_target_dag.py
[2026-04-09T17:15:46.037+0000] {processor.py:830} INFO - Processing file /home/airflow/.local/lib/python3.8/site-packages/airflow/example_dags/example_trigger_target_dag.py for tasks to queue
[2026-04-09T17:15:46.040+0000] {logging_mixin.py:188} INFO - [2026-04-09T17:15:46.039+0000] {dagbag.py:538} INFO - Filling up the DagBag from /home/airflow/.local/lib/python3.8/site-packages/airflow/example_dags/example_trigger_target_dag.py
[2026-04-09T17:15:46.046+0000] {processor.py:840} INFO - DAG(s) 'example_trigger_target_dag' retrieved from /home/airflow/.local/lib/python3.8/site-packages/airflow/example_dags/example_trigger_target_dag.py
[2026-04-09T17:15:46.069+0000] {logging_mixin.py:188} INFO - [2026-04-09T17:15:46.069+0000] {dag.py:3036} INFO - Sync 1 DAGs
[2026-04-09T17:15:46.083+0000] {logging_mixin.py:188} INFO - [2026-04-09T17:15:46.083+0000] {dag.py:3823} INFO - Setting next_dagrun for example_trigger_target_dag to None, run_after=None
[2026-04-09T17:15:46.110+0000] {processor.py:183} INFO - Processing /home/airflow/.local/lib/python3.8/site-packages/airflow/example_dags/example_trigger_target_dag.py took 0.078 seconds
[2026-04-09T17:16:16.496+0000] {processor.py:161} INFO - Started process (PID=3585) to work on /home/airflow/.local/lib/python3.8/site-packages/airflow/example_dags/example_trigger_target_dag.py
[2026-04-09T17:16:16.498+0000] {processor.py:830} INFO - Processing file /home/airflow/.local/lib/python3.8/site-packages/airflow/example_dags/example_trigger_target_dag.py for tasks to queue
[2026-04-09T17:16:16.500+0000] {logging_mixin.py:188} INFO - [2026-04-09T17:16:16.500+0000] {dagbag.py:538} INFO - Filling up the DagBag from /home/airflow/.local/lib/python3.8/site-packages/airflow/example_dags/example_trigger_target_dag.py
[2026-04-09T17:16:16.507+0000] {processor.py:840} INFO - DAG(s) 'example_trigger_target_dag' retrieved from /home/airflow/.local/lib/python3.8/site-packages/airflow/example_dags/example_trigger_target_dag.py
[2026-04-09T17:16:16.531+0000] {logging_mixin.py:188} INFO - [2026-04-09T17:16:16.530+0000] {dag.py:3036} INFO - Sync 1 DAGs
[2026-04-09T17:16:16.543+0000] {logging_mixin.py:188} INFO - [2026-04-09T17:16:16.543+0000] {dag.py:3823} INFO - Setting next_dagrun for example_trigger_target_dag to None, run_after=None
[2026-04-09T17:16:16.568+0000] {processor.py:183} INFO - Processing /home/airflow/.local/lib/python3.8/site-packages/airflow/example_dags/example_trigger_target_dag.py took 0.075 seconds
[2026-04-09T17:16:46.888+0000] {processor.py:161} INFO - Started process (PID=3642) to work on /home/airflow/.local/lib/python3.8/site-packages/airflow/example_dags/example_trigger_target_dag.py
[2026-04-09T17:16:46.889+0000] {processor.py:830} INFO - Processing file /home/airflow/.local/lib/python3.8/site-packages/airflow/example_dags/example_trigger_target_dag.py for tasks to queue
[2026-04-09T17:16:46.892+0000] {logging_mixin.py:188} INFO - [2026-04-09T17:16:46.891+0000] {dagbag.py:538} INFO - Filling up the DagBag from /home/airflow/.local/lib/python3.8/site-packages/airflow/example_dags/example_trigger_target_dag.py
[2026-04-09T17:16:46.898+0000] {processor.py:840} INFO - DAG(s) 'example_trigger_target_dag' retrieved from /home/airflow/.local/lib/python3.8/site-packages/airflow/example_dags/example_trigger_target_dag.py
[2026-04-09T17:16:46.920+0000] {logging_mixin.py:188} INFO - [2026-04-09T17:16:46.920+0000] {dag.py:3036} INFO - Sync 1 DAGs
[2026-04-09T17:16:46.932+0000] {logging_mixin.py:188} INFO - [2026-04-09T17:16:46.931+0000] {dag.py:3823} INFO - Setting next_dagrun for example_trigger_target_dag to None, run_after=None
[2026-04-09T17:16:46.952+0000] {processor.py:183} INFO - Processing /home/airflow/.local/lib/python3.8/site-packages/airflow/example_dags/example_trigger_target_dag.py took 0.068 seconds
[2026-04-09T17:17:17.180+0000] {processor.py:161} INFO - Started process (PID=3699) to work on /home/airflow/.local/lib/python3.8/site-packages/airflow/example_dags/example_trigger_target_dag.py
[2026-04-09T17:17:17.181+0000] {processor.py:830} INFO - Processing file /home/airflow/.local/lib/python3.8/site-packages/airflow/example_dags/example_trigger_target_dag.py for tasks to queue
[2026-04-09T17:17:17.185+0000] {logging_mixin.py:188} INFO - [2026-04-09T17:17:17.184+0000] {dagbag.py:538} INFO - Filling up the DagBag from /home/airflow/.local/lib/python3.8/site-packages/airflow/example_dags/example_trigger_target_dag.py
[2026-04-09T17:17:17.191+0000] {processor.py:840} INFO - DAG(s) 'example_trigger_target_dag' retrieved from /home/airflow/.local/lib/python3.8/site-packages/airflow/example_dags/example_trigger_target_dag.py
[2026-04-09T17:17:17.214+0000] {logging_mixin.py:188} INFO - [2026-04-09T17:17:17.214+0000] {dag.py:3036} INFO - Sync 1 DAGs
[2026-04-09T17:17:17.227+0000] {logging_mixin.py:188} INFO - [2026-04-09T17:17:17.226+0000] {dag.py:3823} INFO - Setting next_dagrun for example_trigger_target_dag to None, run_after=None
[2026-04-09T17:17:17.249+0000] {processor.py:183} INFO - Processing /home/airflow/.local/lib/python3.8/site-packages/airflow/example_dags/example_trigger_target_dag.py took 0.073 seconds
[2026-04-09T17:17:47.639+0000] {processor.py:161} INFO - Started process (PID=3756) to work on /home/airflow/.local/lib/python3.8/site-packages/airflow/example_dags/example_trigger_target_dag.py
[2026-04-09T17:17:47.640+0000] {processor.py:830} INFO - Processing file /home/airflow/.local/lib/python3.8/site-packages/airflow/example_dags/example_trigger_target_dag.py for tasks to queue
[2026-04-09T17:17:47.643+0000] {logging_mixin.py:188} INFO - [2026-04-09T17:17:47.642+0000] {dagbag.py:538} INFO - Filling up the DagBag from /home/airflow/.local/lib/python3.8/site-packages/airflow/example_dags/example_trigger_target_dag.py
[2026-04-09T17:17:47.650+0000] {processor.py:840} INFO - DAG(s) 'example_trigger_target_dag' retrieved from /home/airflow/.local/lib/python3.8/site-packages/airflow/example_dags/example_trigger_target_dag.py
[2026-04-09T17:17:47.673+0000] {logging_mixin.py:188} INFO - [2026-04-09T17:17:47.673+0000] {dag.py:3036} INFO - Sync 1 DAGs
[2026-04-09T17:17:47.685+0000] {logging_mixin.py:188} INFO - [2026-04-09T17:17:47.685+0000] {dag.py:3823} INFO - Setting next_dagrun for example_trigger_target_dag to None, run_after=None
[2026-04-09T17:17:47.707+0000] {processor.py:183} INFO - Processing /home/airflow/.local/lib/python3.8/site-packages/airflow/example_dags/example_trigger_target_dag.py took 0.072 seconds
[2026-04-09T17:18:18.139+0000] {processor.py:161} INFO - Started process (PID=3813) to work on /home/airflow/.local/lib/python3.8/site-packages/airflow/example_dags/example_trigger_target_dag.py
[2026-04-09T17:18:18.140+0000] {processor.py:830} INFO - Processing file /home/airflow/.local/lib/python3.8/site-packages/airflow/example_dags/example_trigger_target_dag.py for tasks to queue
[2026-04-09T17:18:18.142+0000] {logging_mixin.py:188} INFO - [2026-04-09T17:18:18.142+0000] {dagbag.py:538} INFO - Filling up the DagBag from /home/airflow/.local/lib/python3.8/site-packages/airflow/example_dags/example_trigger_target_dag.py
[2026-04-09T17:18:18.149+0000] {processor.py:840} INFO - DAG(s) 'example_trigger_target_dag' retrieved from /home/airflow/.local/lib/python3.8/site-packages/airflow/example_dags/example_trigger_target_dag.py
[2026-04-09T17:18:18.171+0000] {logging_mixin.py:188} INFO - [2026-04-09T17:18:18.171+0000] {dag.py:3036} INFO - Sync 1 DAGs
[2026-04-09T17:18:18.184+0000] {logging_mixin.py:188} INFO - [2026-04-09T17:18:18.183+0000] {dag.py:3823} INFO - Setting next_dagrun for example_trigger_target_dag to None, run_after=None
[2026-04-09T17:18:18.203+0000] {processor.py:183} INFO - Processing /home/airflow/.local/lib/python3.8/site-packages/airflow/example_dags/example_trigger_target_dag.py took 0.068 seconds
[2026-04-09T17:18:48.516+0000] {processor.py:161} INFO - Started process (PID=3870) to work on /home/airflow/.local/lib/python3.8/site-packages/airflow/example_dags/example_trigger_target_dag.py
[2026-04-09T17:18:48.517+0000] {processor.py:830} INFO - Processing file /home/airflow/.local/lib/python3.8/site-packages/airflow/example_dags/example_trigger_target_dag.py for tasks to queue
[2026-04-09T17:18:48.519+0000] {logging_mixin.py:188} INFO - [2026-04-09T17:18:48.519+0000] {dagbag.py:538} INFO - Filling up the DagBag from /home/airflow/.local/lib/python3.8/site-packages/airflow/example_dags/example_trigger_target_dag.py
[2026-04-09T17:18:48.527+0000] {processor.py:840} INFO - DAG(s) 'example_trigger_target_dag' retrieved from /home/airflow/.local/lib/python3.8/site-packages/airflow/example_dags/example_trigger_target_dag.py
[2026-04-09T17:18:48.554+0000] {logging_mixin.py:188} INFO - [2026-04-09T17:18:48.554+0000] {dag.py:3036} INFO - Sync 1 DAGs
[2026-04-09T17:18:48.567+0000] {logging_mixin.py:188} INFO - [2026-04-09T17:18:48.567+0000] {dag.py:3823} INFO - Setting next_dagrun for example_trigger_target_dag to None, run_after=None
[2026-04-09T17:18:48.591+0000] {processor.py:183} INFO - Processing /home/airflow/.local/lib/python3.8/site-packages/airflow/example_dags/example_trigger_target_dag.py took 0.079 seconds
[2026-04-09T17:19:18.804+0000] {processor.py:161} INFO - Started process (PID=3927) to work on /home/airflow/.local/lib/python3.8/site-packages/airflow/example_dags/example_trigger_target_dag.py
[2026-04-09T17:19:18.806+0000] {processor.py:830} INFO - Processing file /home/airflow/.local/lib/python3.8/site-packages/airflow/example_dags/example_trigger_target_dag.py for tasks to queue
[2026-04-09T17:19:18.809+0000] {logging_mixin.py:188} INFO - [2026-04-09T17:19:18.808+0000] {dagbag.py:538} INFO - Filling up the DagBag from /home/airflow/.local/lib/python3.8/site-packages/airflow/example_dags/example_trigger_target_dag.py
[2026-04-09T17:19:18.818+0000] {processor.py:840} INFO - DAG(s) 'example_trigger_target_dag' retrieved from /home/airflow/.local/lib/python3.8/site-packages/airflow/example_dags/example_trigger_target_dag.py
[2026-04-09T17:19:18.840+0000] {logging_mixin.py:188} INFO - [2026-04-09T17:19:18.840+0000] {dag.py:3036} INFO - Sync 1 DAGs
[2026-04-09T17:19:18.855+0000] {logging_mixin.py:188} INFO - [2026-04-09T17:19:18.854+0000] {dag.py:3823} INFO - Setting next_dagrun for example_trigger_target_dag to None, run_after=None
[2026-04-09T17:19:18.878+0000] {processor.py:183} INFO - Processing /home/airflow/.local/lib/python3.8/site-packages/airflow/example_dags/example_trigger_target_dag.py took 0.078 seconds
[2026-04-09T17:19:49.099+0000] {processor.py:161} INFO - Started process (PID=3984) to work on /home/airflow/.local/lib/python3.8/site-packages/airflow/example_dags/example_trigger_target_dag.py
[2026-04-09T17:19:49.101+0000] {processor.py:830} INFO - Processing file /home/airflow/.local/lib/python3.8/site-packages/airflow/example_dags/example_trigger_target_dag.py for tasks to queue
[2026-04-09T17:19:49.103+0000] {logging_mixin.py:188} INFO - [2026-04-09T17:19:49.102+0000] {dagbag.py:538} INFO - Filling up the DagBag from /home/airflow/.local/lib/python3.8/site-packages/airflow/example_dags/example_trigger_target_dag.py
[2026-04-09T17:19:49.109+0000] {processor.py:840} INFO - DAG(s) 'example_trigger_target_dag' retrieved from /home/airflow/.local/lib/python3.8/site-packages/airflow/example_dags/example_trigger_target_dag.py
[2026-04-09T17:19:49.132+0000] {logging_mixin.py:188} INFO - [2026-04-09T17:19:49.132+0000] {dag.py:3036} INFO - Sync 1 DAGs
[2026-04-09T17:19:49.145+0000] {logging_mixin.py:188} INFO - [2026-04-09T17:19:49.145+0000] {dag.py:3823} INFO - Setting next_dagrun for example_trigger_target_dag to None, run_after=None
[2026-04-09T17:19:49.169+0000] {processor.py:183} INFO - Processing /home/airflow/.local/lib/python3.8/site-packages/airflow/example_dags/example_trigger_target_dag.py took 0.073 seconds
[2026-04-09T17:20:20.093+0000] {processor.py:161} INFO - Started process (PID=4041) to work on /home/airflow/.local/lib/python3.8/site-packages/airflow/example_dags/example_trigger_target_dag.py
[2026-04-09T17:20:20.095+0000] {processor.py:830} INFO - Processing file /home/airflow/.local/lib/python3.8/site-packages/airflow/example_dags/example_trigger_target_dag.py for tasks to queue
[2026-04-09T17:20:20.099+0000] {logging_mixin.py:188} INFO - [2026-04-09T17:20:20.098+0000] {dagbag.py:538} INFO - Filling up the DagBag from /home/airflow/.local/lib/python3.8/site-packages/airflow/example_dags/example_trigger_target_dag.py
[2026-04-09T17:20:20.108+0000] {processor.py:840} INFO - DAG(s) 'example_trigger_target_dag' retrieved from /home/airflow/.local/lib/python3.8/site-packages/airflow/example_dags/example_trigger_target_dag.py
[2026-04-09T17:20:20.137+0000] {logging_mixin.py:188} INFO - [2026-04-09T17:20:20.136+0000] {dag.py:3036} INFO - Sync 1 DAGs
[2026-04-09T17:20:20.155+0000] {logging_mixin.py:188} INFO - [2026-04-09T17:20:20.154+0000] {dag.py:3823} INFO - Setting next_dagrun for example_trigger_target_dag to None, run_after=None
[2026-04-09T17:20:20.204+0000] {processor.py:183} INFO - Processing /home/airflow/.local/lib/python3.8/site-packages/airflow/example_dags/example_trigger_target_dag.py took 0.116 seconds
[2026-04-09T17:20:51.172+0000] {processor.py:161} INFO - Started process (PID=4098) to work on /home/airflow/.local/lib/python3.8/site-packages/airflow/example_dags/example_trigger_target_dag.py
[2026-04-09T17:20:51.174+0000] {processor.py:830} INFO - Processing file /home/airflow/.local/lib/python3.8/site-packages/airflow/example_dags/example_trigger_target_dag.py for tasks to queue
[2026-04-09T17:20:51.176+0000] {logging_mixin.py:188} INFO - [2026-04-09T17:20:51.176+0000] {dagbag.py:538} INFO - Filling up the DagBag from /home/airflow/.local/lib/python3.8/site-packages/airflow/example_dags/example_trigger_target_dag.py
[2026-04-09T17:20:51.183+0000] {processor.py:840} INFO - DAG(s) 'example_trigger_target_dag' retrieved from /home/airflow/.local/lib/python3.8/site-packages/airflow/example_dags/example_trigger_target_dag.py
[2026-04-09T17:20:51.206+0000] {logging_mixin.py:188} INFO - [2026-04-09T17:20:51.205+0000] {dag.py:3036} INFO - Sync 1 DAGs
[2026-04-09T17:20:51.219+0000] {logging_mixin.py:188} INFO - [2026-04-09T17:20:51.218+0000] {dag.py:3823} INFO - Setting next_dagrun for example_trigger_target_dag to None, run_after=None
[2026-04-09T17:20:51.282+0000] {processor.py:183} INFO - Processing /home/airflow/.local/lib/python3.8/site-packages/airflow/example_dags/example_trigger_target_dag.py took 0.116 seconds
[2026-04-09T17:21:21.807+0000] {processor.py:161} INFO - Started process (PID=4155) to work on /home/airflow/.local/lib/python3.8/site-packages/airflow/example_dags/example_trigger_target_dag.py
[2026-04-09T17:21:21.808+0000] {processor.py:830} INFO - Processing file /home/airflow/.local/lib/python3.8/site-packages/airflow/example_dags/example_trigger_target_dag.py for tasks to queue
[2026-04-09T17:21:21.810+0000] {logging_mixin.py:188} INFO - [2026-04-09T17:21:21.810+0000] {dagbag.py:538} INFO - Filling up the DagBag from /home/airflow/.local/lib/python3.8/site-packages/airflow/example_dags/example_trigger_target_dag.py
[2026-04-09T17:21:21.817+0000] {processor.py:840} INFO - DAG(s) 'example_trigger_target_dag' retrieved from /home/airflow/.local/lib/python3.8/site-packages/airflow/example_dags/example_trigger_target_dag.py
[2026-04-09T17:21:21.839+0000] {logging_mixin.py:188} INFO - [2026-04-09T17:21:21.838+0000] {dag.py:3036} INFO - Sync 1 DAGs
[2026-04-09T17:21:21.850+0000] {logging_mixin.py:188} INFO - [2026-04-09T17:21:21.850+0000] {dag.py:3823} INFO - Setting next_dagrun for example_trigger_target_dag to None, run_after=None
[2026-04-09T17:21:21.873+0000] {processor.py:183} INFO - Processing /home/airflow/.local/lib/python3.8/site-packages/airflow/example_dags/example_trigger_target_dag.py took 0.069 seconds
[2026-04-09T17:21:51.955+0000] {processor.py:161} INFO - Started process (PID=4212) to work on /home/airflow/.local/lib/python3.8/site-packages/airflow/example_dags/example_trigger_target_dag.py
[2026-04-09T17:21:51.956+0000] {processor.py:830} INFO - Processing file /home/airflow/.local/lib/python3.8/site-packages/airflow/example_dags/example_trigger_target_dag.py for tasks to queue
[2026-04-09T17:21:51.958+0000] {logging_mixin.py:188} INFO - [2026-04-09T17:21:51.958+0000] {dagbag.py:538} INFO - Filling up the DagBag from /home/airflow/.local/lib/python3.8/site-packages/airflow/example_dags/example_trigger_target_dag.py
[2026-04-09T17:21:51.965+0000] {processor.py:840} INFO - DAG(s) 'example_trigger_target_dag' retrieved from /home/airflow/.local/lib/python3.8/site-packages/airflow/example_dags/example_trigger_target_dag.py
[2026-04-09T17:21:51.988+0000] {logging_mixin.py:188} INFO - [2026-04-09T17:21:51.987+0000] {dag.py:3036} INFO - Sync 1 DAGs
[2026-04-09T17:21:52.000+0000] {logging_mixin.py:188} INFO - [2026-04-09T17:21:52.000+0000] {dag.py:3823} INFO - Setting next_dagrun for example_trigger_target_dag to None, run_after=None
[2026-04-09T17:21:52.024+0000] {processor.py:183} INFO - Processing /home/airflow/.local/lib/python3.8/site-packages/airflow/example_dags/example_trigger_target_dag.py took 0.072 seconds
[2026-04-09T17:22:23.340+0000] {processor.py:161} INFO - Started process (PID=4269) to work on /home/airflow/.local/lib/python3.8/site-packages/airflow/example_dags/example_trigger_target_dag.py
[2026-04-09T17:22:23.344+0000] {processor.py:830} INFO - Processing file /home/airflow/.local/lib/python3.8/site-packages/airflow/example_dags/example_trigger_target_dag.py for tasks to queue
[2026-04-09T17:22:23.347+0000] {logging_mixin.py:188} INFO - [2026-04-09T17:22:23.347+0000] {dagbag.py:538} INFO - Filling up the DagBag from /home/airflow/.local/lib/python3.8/site-packages/airflow/example_dags/example_trigger_target_dag.py
[2026-04-09T17:22:23.359+0000] {processor.py:840} INFO - DAG(s) 'example_trigger_target_dag' retrieved from /home/airflow/.local/lib/python3.8/site-packages/airflow/example_dags/example_trigger_target_dag.py
[2026-04-09T17:22:23.391+0000] {logging_mixin.py:188} INFO - [2026-04-09T17:22:23.390+0000] {dag.py:3036} INFO - Sync 1 DAGs
[2026-04-09T17:22:23.413+0000] {logging_mixin.py:188} INFO - [2026-04-09T17:22:23.412+0000] {dag.py:3823} INFO - Setting next_dagrun for example_trigger_target_dag to None, run_after=None
[2026-04-09T17:22:23.463+0000] {processor.py:183} INFO - Processing /home/airflow/.local/lib/python3.8/site-packages/airflow/example_dags/example_trigger_target_dag.py took 0.130 seconds
[2026-04-09T17:22:54.078+0000] {processor.py:161} INFO - Started process (PID=4326) to work on /home/airflow/.local/lib/python3.8/site-packages/airflow/example_dags/example_trigger_target_dag.py
[2026-04-09T17:22:54.080+0000] {processor.py:830} INFO - Processing file /home/airflow/.local/lib/python3.8/site-packages/airflow/example_dags/example_trigger_target_dag.py for tasks to queue
[2026-04-09T17:22:54.082+0000] {logging_mixin.py:188} INFO - [2026-04-09T17:22:54.082+0000] {dagbag.py:538} INFO - Filling up the DagBag from /home/airflow/.local/lib/python3.8/site-packages/airflow/example_dags/example_trigger_target_dag.py
[2026-04-09T17:22:54.091+0000] {processor.py:840} INFO - DAG(s) 'example_trigger_target_dag' retrieved from /home/airflow/.local/lib/python3.8/site-packages/airflow/example_dags/example_trigger_target_dag.py
[2026-04-09T17:22:54.121+0000] {logging_mixin.py:188} INFO - [2026-04-09T17:22:54.120+0000] {dag.py:3036} INFO - Sync 1 DAGs
[2026-04-09T17:22:54.138+0000] {logging_mixin.py:188} INFO - [2026-04-09T17:22:54.137+0000] {dag.py:3823} INFO - Setting next_dagrun for example_trigger_target_dag to None, run_after=None
[2026-04-09T17:22:54.161+0000] {processor.py:183} INFO - Processing /home/airflow/.local/lib/python3.8/site-packages/airflow/example_dags/example_trigger_target_dag.py took 0.089 seconds
[2026-04-09T17:23:24.708+0000] {processor.py:161} INFO - Started process (PID=4383) to work on /home/airflow/.local/lib/python3.8/site-packages/airflow/example_dags/example_trigger_target_dag.py
[2026-04-09T17:23:24.709+0000] {processor.py:830} INFO - Processing file /home/airflow/.local/lib/python3.8/site-packages/airflow/example_dags/example_trigger_target_dag.py for tasks to queue
[2026-04-09T17:23:24.715+0000] {logging_mixin.py:188} INFO - [2026-04-09T17:23:24.714+0000] {dagbag.py:538} INFO - Filling up the DagBag from /home/airflow/.local/lib/python3.8/site-packages/airflow/example_dags/example_trigger_target_dag.py
[2026-04-09T17:23:24.725+0000] {processor.py:840} INFO - DAG(s) 'example_trigger_target_dag' retrieved from /home/airflow/.local/lib/python3.8/site-packages/airflow/example_dags/example_trigger_target_dag.py
[2026-04-09T17:23:24.765+0000] {logging_mixin.py:188} INFO - [2026-04-09T17:23:24.765+0000] {dag.py:3036} INFO - Sync 1 DAGs
[2026-04-09T17:23:24.788+0000] {logging_mixin.py:188} INFO - [2026-04-09T17:23:24.788+0000] {dag.py:3823} INFO - Setting next_dagrun for example_trigger_target_dag to None, run_after=None
[2026-04-09T17:23:24.837+0000] {processor.py:183} INFO - Processing /home/airflow/.local/lib/python3.8/site-packages/airflow/example_dags/example_trigger_target_dag.py took 0.135 seconds
[2026-04-09T17:23:55.095+0000] {processor.py:161} INFO - Started process (PID=4440) to work on /home/airflow/.local/lib/python3.8/site-packages/airflow/example_dags/example_trigger_target_dag.py
[2026-04-09T17:23:55.096+0000] {processor.py:830} INFO - Processing file /home/airflow/.local/lib/python3.8/site-packages/airflow/example_dags/example_trigger_target_dag.py for tasks to queue
[2026-04-09T17:23:55.098+0000] {logging_mixin.py:188} INFO - [2026-04-09T17:23:55.097+0000] {dagbag.py:538} INFO - Filling up the DagBag from /home/airflow/.local/lib/python3.8/site-packages/airflow/example_dags/example_trigger_target_dag.py
[2026-04-09T17:23:55.104+0000] {processor.py:840} INFO - DAG(s) 'example_trigger_target_dag' retrieved from /home/airflow/.local/lib/python3.8/site-packages/airflow/example_dags/example_trigger_target_dag.py
[2026-04-09T17:23:55.127+0000] {logging_mixin.py:188} INFO - [2026-04-09T17:23:55.127+0000] {dag.py:3036} INFO - Sync 1 DAGs
[2026-04-09T17:23:55.140+0000] {logging_mixin.py:188} INFO - [2026-04-09T17:23:55.139+0000] {dag.py:3823} INFO - Setting next_dagrun for example_trigger_target_dag to None, run_after=None
[2026-04-09T17:23:55.162+0000] {processor.py:183} INFO - Processing /home/airflow/.local/lib/python3.8/site-packages/airflow/example_dags/example_trigger_target_dag.py took 0.071 seconds
[2026-04-09T17:24:26.101+0000] {processor.py:161} INFO - Started process (PID=4497) to work on /home/airflow/.local/lib/python3.8/site-packages/airflow/example_dags/example_trigger_target_dag.py
[2026-04-09T17:24:26.103+0000] {processor.py:830} INFO - Processing file /home/airflow/.local/lib/python3.8/site-packages/airflow/example_dags/example_trigger_target_dag.py for tasks to queue
[2026-04-09T17:24:26.105+0000] {logging_mixin.py:188} INFO - [2026-04-09T17:24:26.104+0000] {dagbag.py:538} INFO - Filling up the DagBag from /home/airflow/.local/lib/python3.8/site-packages/airflow/example_dags/example_trigger_target_dag.py
[2026-04-09T17:24:26.111+0000] {processor.py:840} INFO - DAG(s) 'example_trigger_target_dag' retrieved from /home/airflow/.local/lib/python3.8/site-packages/airflow/example_dags/example_trigger_target_dag.py
[2026-04-09T17:24:26.137+0000] {logging_mixin.py:188} INFO - [2026-04-09T17:24:26.137+0000] {dag.py:3036} INFO - Sync 1 DAGs
[2026-04-09T17:24:26.150+0000] {logging_mixin.py:188} INFO - [2026-04-09T17:24:26.149+0000] {dag.py:3823} INFO - Setting next_dagrun for example_trigger_target_dag to None, run_after=None
[2026-04-09T17:24:26.175+0000] {processor.py:183} INFO - Processing /home/airflow/.local/lib/python3.8/site-packages/airflow/example_dags/example_trigger_target_dag.py took 0.077 seconds
[2026-04-09T17:24:56.386+0000] {processor.py:161} INFO - Started process (PID=4554) to work on /home/airflow/.local/lib/python3.8/site-packages/airflow/example_dags/example_trigger_target_dag.py
[2026-04-09T17:24:56.388+0000] {processor.py:830} INFO - Processing file /home/airflow/.local/lib/python3.8/site-packages/airflow/example_dags/example_trigger_target_dag.py for tasks to queue
[2026-04-09T17:24:56.390+0000] {logging_mixin.py:188} INFO - [2026-04-09T17:24:56.390+0000] {dagbag.py:538} INFO - Filling up the DagBag from /home/airflow/.local/lib/python3.8/site-packages/airflow/example_dags/example_trigger_target_dag.py
[2026-04-09T17:24:56.398+0000] {processor.py:840} INFO - DAG(s) 'example_trigger_target_dag' retrieved from /home/airflow/.local/lib/python3.8/site-packages/airflow/example_dags/example_trigger_target_dag.py
[2026-04-09T17:24:56.420+0000] {logging_mixin.py:188} INFO - [2026-04-09T17:24:56.419+0000] {dag.py:3036} INFO - Sync 1 DAGs
[2026-04-09T17:24:56.432+0000] {logging_mixin.py:188} INFO - [2026-04-09T17:24:56.432+0000] {dag.py:3823} INFO - Setting next_dagrun for example_trigger_target_dag to None, run_after=None
[2026-04-09T17:24:56.459+0000] {processor.py:183} INFO - Processing /home/airflow/.local/lib/python3.8/site-packages/airflow/example_dags/example_trigger_target_dag.py took 0.076 seconds
[2026-04-09T17:25:26.925+0000] {processor.py:161} INFO - Started process (PID=4611) to work on /home/airflow/.local/lib/python3.8/site-packages/airflow/example_dags/example_trigger_target_dag.py
[2026-04-09T17:25:26.926+0000] {processor.py:830} INFO - Processing file /home/airflow/.local/lib/python3.8/site-packages/airflow/example_dags/example_trigger_target_dag.py for tasks to queue
[2026-04-09T17:25:26.929+0000] {logging_mixin.py:188} INFO - [2026-04-09T17:25:26.928+0000] {dagbag.py:538} INFO - Filling up the DagBag from /home/airflow/.local/lib/python3.8/site-packages/airflow/example_dags/example_trigger_target_dag.py
[2026-04-09T17:25:26.935+0000] {processor.py:840} INFO - DAG(s) 'example_trigger_target_dag' retrieved from /home/airflow/.local/lib/python3.8/site-packages/airflow/example_dags/example_trigger_target_dag.py
[2026-04-09T17:25:26.955+0000] {logging_mixin.py:188} INFO - [2026-04-09T17:25:26.955+0000] {dag.py:3036} INFO - Sync 1 DAGs
[2026-04-09T17:25:26.967+0000] {logging_mixin.py:188} INFO - [2026-04-09T17:25:26.967+0000] {dag.py:3823} INFO - Setting next_dagrun for example_trigger_target_dag to None, run_after=None
[2026-04-09T17:25:26.994+0000] {processor.py:183} INFO - Processing /home/airflow/.local/lib/python3.8/site-packages/airflow/example_dags/example_trigger_target_dag.py took 0.073 seconds
[2026-04-09T17:25:57.463+0000] {processor.py:161} INFO - Started process (PID=4668) to work on /home/airflow/.local/lib/python3.8/site-packages/airflow/example_dags/example_trigger_target_dag.py
[2026-04-09T17:25:57.466+0000] {processor.py:830} INFO - Processing file /home/airflow/.local/lib/python3.8/site-packages/airflow/example_dags/example_trigger_target_dag.py for tasks to queue
[2026-04-09T17:25:57.471+0000] {logging_mixin.py:188} INFO - [2026-04-09T17:25:57.470+0000] {dagbag.py:538} INFO - Filling up the DagBag from /home/airflow/.local/lib/python3.8/site-packages/airflow/example_dags/example_trigger_target_dag.py
[2026-04-09T17:25:57.487+0000] {processor.py:840} INFO - DAG(s) 'example_trigger_target_dag' retrieved from /home/airflow/.local/lib/python3.8/site-packages/airflow/example_dags/example_trigger_target_dag.py
[2026-04-09T17:25:57.550+0000] {logging_mixin.py:188} INFO - [2026-04-09T17:25:57.550+0000] {dag.py:3036} INFO - Sync 1 DAGs
[2026-04-09T17:25:57.580+0000] {logging_mixin.py:188} INFO - [2026-04-09T17:25:57.580+0000] {dag.py:3823} INFO - Setting next_dagrun for example_trigger_target_dag to None, run_after=None
[2026-04-09T17:25:57.640+0000] {processor.py:183} INFO - Processing /home/airflow/.local/lib/python3.8/site-packages/airflow/example_dags/example_trigger_target_dag.py took 0.186 seconds
[2026-04-09T17:26:28.037+0000] {processor.py:161} INFO - Started process (PID=4725) to work on /home/airflow/.local/lib/python3.8/site-packages/airflow/example_dags/example_trigger_target_dag.py
[2026-04-09T17:26:28.040+0000] {processor.py:830} INFO - Processing file /home/airflow/.local/lib/python3.8/site-packages/airflow/example_dags/example_trigger_target_dag.py for tasks to queue
[2026-04-09T17:26:28.044+0000] {logging_mixin.py:188} INFO - [2026-04-09T17:26:28.043+0000] {dagbag.py:538} INFO - Filling up the DagBag from /home/airflow/.local/lib/python3.8/site-packages/airflow/example_dags/example_trigger_target_dag.py
[2026-04-09T17:26:28.055+0000] {processor.py:840} INFO - DAG(s) 'example_trigger_target_dag' retrieved from /home/airflow/.local/lib/python3.8/site-packages/airflow/example_dags/example_trigger_target_dag.py
[2026-04-09T17:26:28.093+0000] {logging_mixin.py:188} INFO - [2026-04-09T17:26:28.093+0000] {dag.py:3036} INFO - Sync 1 DAGs
[2026-04-09T17:26:28.118+0000] {logging_mixin.py:188} INFO - [2026-04-09T17:26:28.118+0000] {dag.py:3823} INFO - Setting next_dagrun for example_trigger_target_dag to None, run_after=None
[2026-04-09T17:26:28.153+0000] {processor.py:183} INFO - Processing /home/airflow/.local/lib/python3.8/site-packages/airflow/example_dags/example_trigger_target_dag.py took 0.125 seconds
[2026-04-09T17:26:58.757+0000] {processor.py:161} INFO - Started process (PID=4782) to work on /home/airflow/.local/lib/python3.8/site-packages/airflow/example_dags/example_trigger_target_dag.py
[2026-04-09T17:26:58.760+0000] {processor.py:830} INFO - Processing file /home/airflow/.local/lib/python3.8/site-packages/airflow/example_dags/example_trigger_target_dag.py for tasks to queue
[2026-04-09T17:26:58.763+0000] {logging_mixin.py:188} INFO - [2026-04-09T17:26:58.763+0000] {dagbag.py:538} INFO - Filling up the DagBag from /home/airflow/.local/lib/python3.8/site-packages/airflow/example_dags/example_trigger_target_dag.py
[2026-04-09T17:26:58.771+0000] {processor.py:840} INFO - DAG(s) 'example_trigger_target_dag' retrieved from /home/airflow/.local/lib/python3.8/site-packages/airflow/example_dags/example_trigger_target_dag.py
[2026-04-09T17:26:58.805+0000] {logging_mixin.py:188} INFO - [2026-04-09T17:26:58.805+0000] {dag.py:3036} INFO - Sync 1 DAGs
[2026-04-09T17:26:58.838+0000] {logging_mixin.py:188} INFO - [2026-04-09T17:26:58.838+0000] {dag.py:3823} INFO - Setting next_dagrun for example_trigger_target_dag to None, run_after=None
[2026-04-09T17:26:58.888+0000] {processor.py:183} INFO - Processing /home/airflow/.local/lib/python3.8/site-packages/airflow/example_dags/example_trigger_target_dag.py took 0.136 seconds
[2026-04-09T17:27:29.590+0000] {processor.py:161} INFO - Started process (PID=4839) to work on /home/airflow/.local/lib/python3.8/site-packages/airflow/example_dags/example_trigger_target_dag.py
[2026-04-09T17:27:29.593+0000] {processor.py:830} INFO - Processing file /home/airflow/.local/lib/python3.8/site-packages/airflow/example_dags/example_trigger_target_dag.py for tasks to queue
[2026-04-09T17:27:29.597+0000] {logging_mixin.py:188} INFO - [2026-04-09T17:27:29.597+0000] {dagbag.py:538} INFO - Filling up the DagBag from /home/airflow/.local/lib/python3.8/site-packages/airflow/example_dags/example_trigger_target_dag.py
[2026-04-09T17:27:29.610+0000] {processor.py:840} INFO - DAG(s) 'example_trigger_target_dag' retrieved from /home/airflow/.local/lib/python3.8/site-packages/airflow/example_dags/example_trigger_target_dag.py
[2026-04-09T17:27:29.640+0000] {logging_mixin.py:188} INFO - [2026-04-09T17:27:29.640+0000] {dag.py:3036} INFO - Sync 1 DAGs
[2026-04-09T17:27:29.659+0000] {logging_mixin.py:188} INFO - [2026-04-09T17:27:29.659+0000] {dag.py:3823} INFO - Setting next_dagrun for example_trigger_target_dag to None, run_after=None
[2026-04-09T17:27:29.705+0000] {processor.py:183} INFO - Processing /home/airflow/.local/lib/python3.8/site-packages/airflow/example_dags/example_trigger_target_dag.py took 0.122 seconds
[2026-04-09T17:28:00.436+0000] {processor.py:161} INFO - Started process (PID=4896) to work on /home/airflow/.local/lib/python3.8/site-packages/airflow/example_dags/example_trigger_target_dag.py
[2026-04-09T17:28:00.440+0000] {processor.py:830} INFO - Processing file /home/airflow/.local/lib/python3.8/site-packages/airflow/example_dags/example_trigger_target_dag.py for tasks to queue
[2026-04-09T17:28:00.447+0000] {logging_mixin.py:188} INFO - [2026-04-09T17:28:00.446+0000] {dagbag.py:538} INFO - Filling up the DagBag from /home/airflow/.local/lib/python3.8/site-packages/airflow/example_dags/example_trigger_target_dag.py
[2026-04-09T17:28:00.464+0000] {processor.py:840} INFO - DAG(s) 'example_trigger_target_dag' retrieved from /home/airflow/.local/lib/python3.8/site-packages/airflow/example_dags/example_trigger_target_dag.py
[2026-04-09T17:28:00.534+0000] {logging_mixin.py:188} INFO - [2026-04-09T17:28:00.534+0000] {dag.py:3036} INFO - Sync 1 DAGs
[2026-04-09T17:28:00.560+0000] {logging_mixin.py:188} INFO - [2026-04-09T17:28:00.559+0000] {dag.py:3823} INFO - Setting next_dagrun for example_trigger_target_dag to None, run_after=None
[2026-04-09T17:28:00.601+0000] {processor.py:183} INFO - Processing /home/airflow/.local/lib/python3.8/site-packages/airflow/example_dags/example_trigger_target_dag.py took 0.175 seconds
[2026-04-09T17:28:30.971+0000] {processor.py:161} INFO - Started process (PID=4953) to work on /home/airflow/.local/lib/python3.8/site-packages/airflow/example_dags/example_trigger_target_dag.py
[2026-04-09T17:28:30.974+0000] {processor.py:830} INFO - Processing file /home/airflow/.local/lib/python3.8/site-packages/airflow/example_dags/example_trigger_target_dag.py for tasks to queue
[2026-04-09T17:28:30.978+0000] {logging_mixin.py:188} INFO - [2026-04-09T17:28:30.977+0000] {dagbag.py:538} INFO - Filling up the DagBag from /home/airflow/.local/lib/python3.8/site-packages/airflow/example_dags/example_trigger_target_dag.py
[2026-04-09T17:28:30.986+0000] {processor.py:840} INFO - DAG(s) 'example_trigger_target_dag' retrieved from /home/airflow/.local/lib/python3.8/site-packages/airflow/example_dags/example_trigger_target_dag.py
[2026-04-09T17:28:31.028+0000] {logging_mixin.py:188} INFO - [2026-04-09T17:28:31.027+0000] {dag.py:3036} INFO - Sync 1 DAGs
[2026-04-09T17:28:31.049+0000] {logging_mixin.py:188} INFO - [2026-04-09T17:28:31.049+0000] {dag.py:3823} INFO - Setting next_dagrun for example_trigger_target_dag to None, run_after=None
[2026-04-09T17:28:31.084+0000] {processor.py:183} INFO - Processing /home/airflow/.local/lib/python3.8/site-packages/airflow/example_dags/example_trigger_target_dag.py took 0.117 seconds
[2026-04-09T17:29:01.490+0000] {processor.py:161} INFO - Started process (PID=5010) to work on /home/airflow/.local/lib/python3.8/site-packages/airflow/example_dags/example_trigger_target_dag.py
[2026-04-09T17:29:01.494+0000] {processor.py:830} INFO - Processing file /home/airflow/.local/lib/python3.8/site-packages/airflow/example_dags/example_trigger_target_dag.py for tasks to queue
[2026-04-09T17:29:01.499+0000] {logging_mixin.py:188} INFO - [2026-04-09T17:29:01.499+0000] {dagbag.py:538} INFO - Filling up the DagBag from /home/airflow/.local/lib/python3.8/site-packages/airflow/example_dags/example_trigger_target_dag.py
[2026-04-09T17:29:01.515+0000] {processor.py:840} INFO - DAG(s) 'example_trigger_target_dag' retrieved from /home/airflow/.local/lib/python3.8/site-packages/airflow/example_dags/example_trigger_target_dag.py
[2026-04-09T17:29:01.557+0000] {logging_mixin.py:188} INFO - [2026-04-09T17:29:01.557+0000] {dag.py:3036} INFO - Sync 1 DAGs
[2026-04-09T17:29:01.583+0000] {logging_mixin.py:188} INFO - [2026-04-09T17:29:01.582+0000] {dag.py:3823} INFO - Setting next_dagrun for example_trigger_target_dag to None, run_after=None
[2026-04-09T17:29:01.614+0000] {processor.py:183} INFO - Processing /home/airflow/.local/lib/python3.8/site-packages/airflow/example_dags/example_trigger_target_dag.py took 0.134 seconds
[2026-04-09T17:29:32.447+0000] {processor.py:161} INFO - Started process (PID=5067) to work on /home/airflow/.local/lib/python3.8/site-packages/airflow/example_dags/example_trigger_target_dag.py
[2026-04-09T17:29:32.450+0000] {processor.py:830} INFO - Processing file /home/airflow/.local/lib/python3.8/site-packages/airflow/example_dags/example_trigger_target_dag.py for tasks to queue
[2026-04-09T17:29:32.455+0000] {logging_mixin.py:188} INFO - [2026-04-09T17:29:32.454+0000] {dagbag.py:538} INFO - Filling up the DagBag from /home/airflow/.local/lib/python3.8/site-packages/airflow/example_dags/example_trigger_target_dag.py
[2026-04-09T17:29:32.473+0000] {processor.py:840} INFO - DAG(s) 'example_trigger_target_dag' retrieved from /home/airflow/.local/lib/python3.8/site-packages/airflow/example_dags/example_trigger_target_dag.py
[2026-04-09T17:29:32.518+0000] {logging_mixin.py:188} INFO - [2026-04-09T17:29:32.518+0000] {dag.py:3036} INFO - Sync 1 DAGs
[2026-04-09T17:29:32.539+0000] {logging_mixin.py:188} INFO - [2026-04-09T17:29:32.538+0000] {dag.py:3823} INFO - Setting next_dagrun for example_trigger_target_dag to None, run_after=None
[2026-04-09T17:29:32.581+0000] {processor.py:183} INFO - Processing /home/airflow/.local/lib/python3.8/site-packages/airflow/example_dags/example_trigger_target_dag.py took 0.143 seconds
[2026-04-09T17:30:03.163+0000] {processor.py:161} INFO - Started process (PID=5125) to work on /home/airflow/.local/lib/python3.8/site-packages/airflow/example_dags/example_trigger_target_dag.py
[2026-04-09T17:30:03.165+0000] {processor.py:830} INFO - Processing file /home/airflow/.local/lib/python3.8/site-packages/airflow/example_dags/example_trigger_target_dag.py for tasks to queue
[2026-04-09T17:30:03.168+0000] {logging_mixin.py:188} INFO - [2026-04-09T17:30:03.168+0000] {dagbag.py:538} INFO - Filling up the DagBag from /home/airflow/.local/lib/python3.8/site-packages/airflow/example_dags/example_trigger_target_dag.py
[2026-04-09T17:30:03.177+0000] {processor.py:840} INFO - DAG(s) 'example_trigger_target_dag' retrieved from /home/airflow/.local/lib/python3.8/site-packages/airflow/example_dags/example_trigger_target_dag.py
[2026-04-09T17:30:03.206+0000] {logging_mixin.py:188} INFO - [2026-04-09T17:30:03.206+0000] {dag.py:3036} INFO - Sync 1 DAGs
[2026-04-09T17:30:03.222+0000] {logging_mixin.py:188} INFO - [2026-04-09T17:30:03.221+0000] {dag.py:3823} INFO - Setting next_dagrun for example_trigger_target_dag to None, run_after=None
[2026-04-09T17:30:03.250+0000] {processor.py:183} INFO - Processing /home/airflow/.local/lib/python3.8/site-packages/airflow/example_dags/example_trigger_target_dag.py took 0.092 seconds
[2026-04-09T17:30:33.607+0000] {processor.py:161} INFO - Started process (PID=5182) to work on /home/airflow/.local/lib/python3.8/site-packages/airflow/example_dags/example_trigger_target_dag.py
[2026-04-09T17:30:33.610+0000] {processor.py:830} INFO - Processing file /home/airflow/.local/lib/python3.8/site-packages/airflow/example_dags/example_trigger_target_dag.py for tasks to queue
[2026-04-09T17:30:33.614+0000] {logging_mixin.py:188} INFO - [2026-04-09T17:30:33.614+0000] {dagbag.py:538} INFO - Filling up the DagBag from /home/airflow/.local/lib/python3.8/site-packages/airflow/example_dags/example_trigger_target_dag.py
[2026-04-09T17:30:33.627+0000] {processor.py:840} INFO - DAG(s) 'example_trigger_target_dag' retrieved from /home/airflow/.local/lib/python3.8/site-packages/airflow/example_dags/example_trigger_target_dag.py
[2026-04-09T17:30:33.668+0000] {logging_mixin.py:188} INFO - [2026-04-09T17:30:33.668+0000] {dag.py:3036} INFO - Sync 1 DAGs
[2026-04-09T17:30:33.693+0000] {logging_mixin.py:188} INFO - [2026-04-09T17:30:33.692+0000] {dag.py:3823} INFO - Setting next_dagrun for example_trigger_target_dag to None, run_after=None
[2026-04-09T17:30:33.729+0000] {processor.py:183} INFO - Processing /home/airflow/.local/lib/python3.8/site-packages/airflow/example_dags/example_trigger_target_dag.py took 0.128 seconds
[2026-04-09T17:31:11.797+0000] {processor.py:161} INFO - Started process (PID=5239) to work on /home/airflow/.local/lib/python3.8/site-packages/airflow/example_dags/example_trigger_target_dag.py
[2026-04-09T17:31:11.799+0000] {processor.py:830} INFO - Processing file /home/airflow/.local/lib/python3.8/site-packages/airflow/example_dags/example_trigger_target_dag.py for tasks to queue
[2026-04-09T17:31:11.802+0000] {logging_mixin.py:188} INFO - [2026-04-09T17:31:11.801+0000] {dagbag.py:538} INFO - Filling up the DagBag from /home/airflow/.local/lib/python3.8/site-packages/airflow/example_dags/example_trigger_target_dag.py
[2026-04-09T17:31:11.809+0000] {processor.py:840} INFO - DAG(s) 'example_trigger_target_dag' retrieved from /home/airflow/.local/lib/python3.8/site-packages/airflow/example_dags/example_trigger_target_dag.py
[2026-04-09T17:31:11.839+0000] {logging_mixin.py:188} INFO - [2026-04-09T17:31:11.838+0000] {dag.py:3036} INFO - Sync 1 DAGs
[2026-04-09T17:31:11.854+0000] {logging_mixin.py:188} INFO - [2026-04-09T17:31:11.854+0000] {dag.py:3823} INFO - Setting next_dagrun for example_trigger_target_dag to None, run_after=None
[2026-04-09T17:31:11.892+0000] {processor.py:183} INFO - Processing /home/airflow/.local/lib/python3.8/site-packages/airflow/example_dags/example_trigger_target_dag.py took 0.099 seconds
[2026-04-09T17:32:04.580+0000] {processor.py:161} INFO - Started process (PID=5302) to work on /home/airflow/.local/lib/python3.8/site-packages/airflow/example_dags/example_trigger_target_dag.py
[2026-04-09T17:32:04.582+0000] {processor.py:830} INFO - Processing file /home/airflow/.local/lib/python3.8/site-packages/airflow/example_dags/example_trigger_target_dag.py for tasks to queue
[2026-04-09T17:32:04.586+0000] {logging_mixin.py:188} INFO - [2026-04-09T17:32:04.586+0000] {dagbag.py:538} INFO - Filling up the DagBag from /home/airflow/.local/lib/python3.8/site-packages/airflow/example_dags/example_trigger_target_dag.py
[2026-04-09T17:32:04.597+0000] {processor.py:840} INFO - DAG(s) 'example_trigger_target_dag' retrieved from /home/airflow/.local/lib/python3.8/site-packages/airflow/example_dags/example_trigger_target_dag.py
[2026-04-09T17:32:04.640+0000] {logging_mixin.py:188} INFO - [2026-04-09T17:32:04.640+0000] {dag.py:3036} INFO - Sync 1 DAGs
[2026-04-09T17:32:04.666+0000] {logging_mixin.py:188} INFO - [2026-04-09T17:32:04.665+0000] {dag.py:3823} INFO - Setting next_dagrun for example_trigger_target_dag to None, run_after=None
[2026-04-09T17:32:04.708+0000] {processor.py:183} INFO - Processing /home/airflow/.local/lib/python3.8/site-packages/airflow/example_dags/example_trigger_target_dag.py took 0.133 seconds
[2026-04-09T17:32:35.034+0000] {processor.py:161} INFO - Started process (PID=5360) to work on /home/airflow/.local/lib/python3.8/site-packages/airflow/example_dags/example_trigger_target_dag.py
[2026-04-09T17:32:35.036+0000] {processor.py:830} INFO - Processing file /home/airflow/.local/lib/python3.8/site-packages/airflow/example_dags/example_trigger_target_dag.py for tasks to queue
[2026-04-09T17:32:35.038+0000] {logging_mixin.py:188} INFO - [2026-04-09T17:32:35.038+0000] {dagbag.py:538} INFO - Filling up the DagBag from /home/airflow/.local/lib/python3.8/site-packages/airflow/example_dags/example_trigger_target_dag.py
[2026-04-09T17:32:35.046+0000] {processor.py:840} INFO - DAG(s) 'example_trigger_target_dag' retrieved from /home/airflow/.local/lib/python3.8/site-packages/airflow/example_dags/example_trigger_target_dag.py
[2026-04-09T17:32:35.076+0000] {logging_mixin.py:188} INFO - [2026-04-09T17:32:35.075+0000] {dag.py:3036} INFO - Sync 1 DAGs
[2026-04-09T17:32:35.093+0000] {logging_mixin.py:188} INFO - [2026-04-09T17:32:35.093+0000] {dag.py:3823} INFO - Setting next_dagrun for example_trigger_target_dag to None, run_after=None
[2026-04-09T17:32:35.124+0000] {processor.py:183} INFO - Processing /home/airflow/.local/lib/python3.8/site-packages/airflow/example_dags/example_trigger_target_dag.py took 0.094 seconds
[2026-04-09T17:33:16.446+0000] {processor.py:161} INFO - Started process (PID=5423) to work on /home/airflow/.local/lib/python3.8/site-packages/airflow/example_dags/example_trigger_target_dag.py
[2026-04-09T17:33:16.449+0000] {processor.py:830} INFO - Processing file /home/airflow/.local/lib/python3.8/site-packages/airflow/example_dags/example_trigger_target_dag.py for tasks to queue
[2026-04-09T17:33:16.452+0000] {logging_mixin.py:188} INFO - [2026-04-09T17:33:16.452+0000] {dagbag.py:538} INFO - Filling up the DagBag from /home/airflow/.local/lib/python3.8/site-packages/airflow/example_dags/example_trigger_target_dag.py
[2026-04-09T17:33:16.464+0000] {processor.py:840} INFO - DAG(s) 'example_trigger_target_dag' retrieved from /home/airflow/.local/lib/python3.8/site-packages/airflow/example_dags/example_trigger_target_dag.py
[2026-04-09T17:33:16.499+0000] {logging_mixin.py:188} INFO - [2026-04-09T17:33:16.498+0000] {dag.py:3036} INFO - Sync 1 DAGs
[2026-04-09T17:33:16.518+0000] {logging_mixin.py:188} INFO - [2026-04-09T17:33:16.517+0000] {dag.py:3823} INFO - Setting next_dagrun for example_trigger_target_dag to None, run_after=None
[2026-04-09T17:33:16.548+0000] {processor.py:183} INFO - Processing /home/airflow/.local/lib/python3.8/site-packages/airflow/example_dags/example_trigger_target_dag.py took 0.109 seconds
[2026-04-09T17:33:47.676+0000] {processor.py:161} INFO - Started process (PID=5480) to work on /home/airflow/.local/lib/python3.8/site-packages/airflow/example_dags/example_trigger_target_dag.py
[2026-04-09T17:33:47.678+0000] {processor.py:830} INFO - Processing file /home/airflow/.local/lib/python3.8/site-packages/airflow/example_dags/example_trigger_target_dag.py for tasks to queue
[2026-04-09T17:33:47.685+0000] {logging_mixin.py:188} INFO - [2026-04-09T17:33:47.685+0000] {dagbag.py:538} INFO - Filling up the DagBag from /home/airflow/.local/lib/python3.8/site-packages/airflow/example_dags/example_trigger_target_dag.py
[2026-04-09T17:33:47.696+0000] {processor.py:840} INFO - DAG(s) 'example_trigger_target_dag' retrieved from /home/airflow/.local/lib/python3.8/site-packages/airflow/example_dags/example_trigger_target_dag.py
[2026-04-09T17:33:47.743+0000] {logging_mixin.py:188} INFO - [2026-04-09T17:33:47.742+0000] {dag.py:3036} INFO - Sync 1 DAGs
[2026-04-09T17:33:47.769+0000] {logging_mixin.py:188} INFO - [2026-04-09T17:33:47.769+0000] {dag.py:3823} INFO - Setting next_dagrun for example_trigger_target_dag to None, run_after=None
[2026-04-09T17:33:47.803+0000] {processor.py:183} INFO - Processing /home/airflow/.local/lib/python3.8/site-packages/airflow/example_dags/example_trigger_target_dag.py took 0.135 seconds
[2026-04-09T17:34:24.269+0000] {processor.py:161} INFO - Started process (PID=5537) to work on /home/airflow/.local/lib/python3.8/site-packages/airflow/example_dags/example_trigger_target_dag.py
[2026-04-09T17:34:24.271+0000] {processor.py:830} INFO - Processing file /home/airflow/.local/lib/python3.8/site-packages/airflow/example_dags/example_trigger_target_dag.py for tasks to queue
[2026-04-09T17:34:24.273+0000] {logging_mixin.py:188} INFO - [2026-04-09T17:34:24.273+0000] {dagbag.py:538} INFO - Filling up the DagBag from /home/airflow/.local/lib/python3.8/site-packages/airflow/example_dags/example_trigger_target_dag.py
[2026-04-09T17:34:24.284+0000] {processor.py:840} INFO - DAG(s) 'example_trigger_target_dag' retrieved from /home/airflow/.local/lib/python3.8/site-packages/airflow/example_dags/example_trigger_target_dag.py
[2026-04-09T17:34:24.312+0000] {logging_mixin.py:188} INFO - [2026-04-09T17:34:24.312+0000] {dag.py:3036} INFO - Sync 1 DAGs
[2026-04-09T17:34:24.328+0000] {logging_mixin.py:188} INFO - [2026-04-09T17:34:24.328+0000] {dag.py:3823} INFO - Setting next_dagrun for example_trigger_target_dag to None, run_after=None
[2026-04-09T17:34:24.355+0000] {processor.py:183} INFO - Processing /home/airflow/.local/lib/python3.8/site-packages/airflow/example_dags/example_trigger_target_dag.py took 0.092 seconds
[2026-04-09T17:34:56.072+0000] {processor.py:161} INFO - Started process (PID=5594) to work on /home/airflow/.local/lib/python3.8/site-packages/airflow/example_dags/example_trigger_target_dag.py
[2026-04-09T17:34:56.074+0000] {processor.py:830} INFO - Processing file /home/airflow/.local/lib/python3.8/site-packages/airflow/example_dags/example_trigger_target_dag.py for tasks to queue
[2026-04-09T17:34:56.076+0000] {logging_mixin.py:188} INFO - [2026-04-09T17:34:56.076+0000] {dagbag.py:538} INFO - Filling up the DagBag from /home/airflow/.local/lib/python3.8/site-packages/airflow/example_dags/example_trigger_target_dag.py
[2026-04-09T17:34:56.090+0000] {processor.py:840} INFO - DAG(s) 'example_trigger_target_dag' retrieved from /home/airflow/.local/lib/python3.8/site-packages/airflow/example_dags/example_trigger_target_dag.py
[2026-04-09T17:34:56.121+0000] {logging_mixin.py:188} INFO - [2026-04-09T17:34:56.121+0000] {dag.py:3036} INFO - Sync 1 DAGs
[2026-04-09T17:34:56.136+0000] {logging_mixin.py:188} INFO - [2026-04-09T17:34:56.136+0000] {dag.py:3823} INFO - Setting next_dagrun for example_trigger_target_dag to None, run_after=None
[2026-04-09T17:34:56.171+0000] {processor.py:183} INFO - Processing /home/airflow/.local/lib/python3.8/site-packages/airflow/example_dags/example_trigger_target_dag.py took 0.104 seconds
[2026-04-09T17:35:27.260+0000] {processor.py:161} INFO - Started process (PID=5652) to work on /home/airflow/.local/lib/python3.8/site-packages/airflow/example_dags/example_trigger_target_dag.py
[2026-04-09T17:35:27.262+0000] {processor.py:830} INFO - Processing file /home/airflow/.local/lib/python3.8/site-packages/airflow/example_dags/example_trigger_target_dag.py for tasks to queue
[2026-04-09T17:35:27.265+0000] {logging_mixin.py:188} INFO - [2026-04-09T17:35:27.264+0000] {dagbag.py:538} INFO - Filling up the DagBag from /home/airflow/.local/lib/python3.8/site-packages/airflow/example_dags/example_trigger_target_dag.py
[2026-04-09T17:35:27.275+0000] {processor.py:840} INFO - DAG(s) 'example_trigger_target_dag' retrieved from /home/airflow/.local/lib/python3.8/site-packages/airflow/example_dags/example_trigger_target_dag.py
[2026-04-09T17:35:27.314+0000] {logging_mixin.py:188} INFO - [2026-04-09T17:35:27.314+0000] {dag.py:3036} INFO - Sync 1 DAGs
[2026-04-09T17:35:27.335+0000] {logging_mixin.py:188} INFO - [2026-04-09T17:35:27.334+0000] {dag.py:3823} INFO - Setting next_dagrun for example_trigger_target_dag to None, run_after=None
[2026-04-09T17:35:27.366+0000] {processor.py:183} INFO - Processing /home/airflow/.local/lib/python3.8/site-packages/airflow/example_dags/example_trigger_target_dag.py took 0.112 seconds
[2026-04-09T17:35:58.871+0000] {processor.py:161} INFO - Started process (PID=5709) to work on /home/airflow/.local/lib/python3.8/site-packages/airflow/example_dags/example_trigger_target_dag.py
[2026-04-09T17:35:58.873+0000] {processor.py:830} INFO - Processing file /home/airflow/.local/lib/python3.8/site-packages/airflow/example_dags/example_trigger_target_dag.py for tasks to queue
[2026-04-09T17:35:58.877+0000] {logging_mixin.py:188} INFO - [2026-04-09T17:35:58.876+0000] {dagbag.py:538} INFO - Filling up the DagBag from /home/airflow/.local/lib/python3.8/site-packages/airflow/example_dags/example_trigger_target_dag.py
[2026-04-09T17:35:58.889+0000] {processor.py:840} INFO - DAG(s) 'example_trigger_target_dag' retrieved from /home/airflow/.local/lib/python3.8/site-packages/airflow/example_dags/example_trigger_target_dag.py
[2026-04-09T17:35:58.918+0000] {logging_mixin.py:188} INFO - [2026-04-09T17:35:58.917+0000] {dag.py:3036} INFO - Sync 1 DAGs
[2026-04-09T17:35:58.936+0000] {logging_mixin.py:188} INFO - [2026-04-09T17:35:58.935+0000] {dag.py:3823} INFO - Setting next_dagrun for example_trigger_target_dag to None, run_after=None
[2026-04-09T17:35:58.969+0000] {processor.py:183} INFO - Processing /home/airflow/.local/lib/python3.8/site-packages/airflow/example_dags/example_trigger_target_dag.py took 0.103 seconds
[2026-04-09T17:36:30.584+0000] {processor.py:161} INFO - Started process (PID=5766) to work on /home/airflow/.local/lib/python3.8/site-packages/airflow/example_dags/example_trigger_target_dag.py
[2026-04-09T17:36:30.586+0000] {processor.py:830} INFO - Processing file /home/airflow/.local/lib/python3.8/site-packages/airflow/example_dags/example_trigger_target_dag.py for tasks to queue
[2026-04-09T17:36:30.590+0000] {logging_mixin.py:188} INFO - [2026-04-09T17:36:30.589+0000] {dagbag.py:538} INFO - Filling up the DagBag from /home/airflow/.local/lib/python3.8/site-packages/airflow/example_dags/example_trigger_target_dag.py
[2026-04-09T17:36:30.605+0000] {processor.py:840} INFO - DAG(s) 'example_trigger_target_dag' retrieved from /home/airflow/.local/lib/python3.8/site-packages/airflow/example_dags/example_trigger_target_dag.py
[2026-04-09T17:36:30.652+0000] {logging_mixin.py:188} INFO - [2026-04-09T17:36:30.652+0000] {dag.py:3036} INFO - Sync 1 DAGs
[2026-04-09T17:36:30.682+0000] {logging_mixin.py:188} INFO - [2026-04-09T17:36:30.682+0000] {dag.py:3823} INFO - Setting next_dagrun for example_trigger_target_dag to None, run_after=None
[2026-04-09T17:36:30.734+0000] {processor.py:183} INFO - Processing /home/airflow/.local/lib/python3.8/site-packages/airflow/example_dags/example_trigger_target_dag.py took 0.157 seconds
[2026-04-09T17:37:01.197+0000] {processor.py:161} INFO - Started process (PID=5823) to work on /home/airflow/.local/lib/python3.8/site-packages/airflow/example_dags/example_trigger_target_dag.py
[2026-04-09T17:37:01.200+0000] {processor.py:830} INFO - Processing file /home/airflow/.local/lib/python3.8/site-packages/airflow/example_dags/example_trigger_target_dag.py for tasks to queue
[2026-04-09T17:37:01.204+0000] {logging_mixin.py:188} INFO - [2026-04-09T17:37:01.204+0000] {dagbag.py:538} INFO - Filling up the DagBag from /home/airflow/.local/lib/python3.8/site-packages/airflow/example_dags/example_trigger_target_dag.py
[2026-04-09T17:37:01.220+0000] {processor.py:840} INFO - DAG(s) 'example_trigger_target_dag' retrieved from /home/airflow/.local/lib/python3.8/site-packages/airflow/example_dags/example_trigger_target_dag.py
[2026-04-09T17:37:01.268+0000] {logging_mixin.py:188} INFO - [2026-04-09T17:37:01.268+0000] {dag.py:3036} INFO - Sync 1 DAGs
[2026-04-09T17:37:01.297+0000] {logging_mixin.py:188} INFO - [2026-04-09T17:37:01.296+0000] {dag.py:3823} INFO - Setting next_dagrun for example_trigger_target_dag to None, run_after=None
[2026-04-09T17:37:01.337+0000] {processor.py:183} INFO - Processing /home/airflow/.local/lib/python3.8/site-packages/airflow/example_dags/example_trigger_target_dag.py took 0.148 seconds
[2026-04-09T17:37:31.526+0000] {processor.py:161} INFO - Started process (PID=5880) to work on /home/airflow/.local/lib/python3.8/site-packages/airflow/example_dags/example_trigger_target_dag.py
[2026-04-09T17:37:31.528+0000] {processor.py:830} INFO - Processing file /home/airflow/.local/lib/python3.8/site-packages/airflow/example_dags/example_trigger_target_dag.py for tasks to queue
[2026-04-09T17:37:31.531+0000] {logging_mixin.py:188} INFO - [2026-04-09T17:37:31.530+0000] {dagbag.py:538} INFO - Filling up the DagBag from /home/airflow/.local/lib/python3.8/site-packages/airflow/example_dags/example_trigger_target_dag.py
[2026-04-09T17:37:31.539+0000] {processor.py:840} INFO - DAG(s) 'example_trigger_target_dag' retrieved from /home/airflow/.local/lib/python3.8/site-packages/airflow/example_dags/example_trigger_target_dag.py
[2026-04-09T17:37:31.565+0000] {logging_mixin.py:188} INFO - [2026-04-09T17:37:31.565+0000] {dag.py:3036} INFO - Sync 1 DAGs
[2026-04-09T17:37:31.580+0000] {logging_mixin.py:188} INFO - [2026-04-09T17:37:31.580+0000] {dag.py:3823} INFO - Setting next_dagrun for example_trigger_target_dag to None, run_after=None
[2026-04-09T17:37:31.609+0000] {processor.py:183} INFO - Processing /home/airflow/.local/lib/python3.8/site-packages/airflow/example_dags/example_trigger_target_dag.py took 0.088 seconds
[2026-04-09T17:38:01.921+0000] {processor.py:161} INFO - Started process (PID=5938) to work on /home/airflow/.local/lib/python3.8/site-packages/airflow/example_dags/example_trigger_target_dag.py
[2026-04-09T17:38:01.923+0000] {processor.py:830} INFO - Processing file /home/airflow/.local/lib/python3.8/site-packages/airflow/example_dags/example_trigger_target_dag.py for tasks to queue
[2026-04-09T17:38:01.925+0000] {logging_mixin.py:188} INFO - [2026-04-09T17:38:01.925+0000] {dagbag.py:538} INFO - Filling up the DagBag from /home/airflow/.local/lib/python3.8/site-packages/airflow/example_dags/example_trigger_target_dag.py
[2026-04-09T17:38:01.932+0000] {processor.py:840} INFO - DAG(s) 'example_trigger_target_dag' retrieved from /home/airflow/.local/lib/python3.8/site-packages/airflow/example_dags/example_trigger_target_dag.py
[2026-04-09T17:38:01.959+0000] {logging_mixin.py:188} INFO - [2026-04-09T17:38:01.959+0000] {dag.py:3036} INFO - Sync 1 DAGs
[2026-04-09T17:38:01.977+0000] {logging_mixin.py:188} INFO - [2026-04-09T17:38:01.977+0000] {dag.py:3823} INFO - Setting next_dagrun for example_trigger_target_dag to None, run_after=None
[2026-04-09T17:38:02.012+0000] {processor.py:183} INFO - Processing /home/airflow/.local/lib/python3.8/site-packages/airflow/example_dags/example_trigger_target_dag.py took 0.097 seconds
[2026-04-09T17:38:32.295+0000] {processor.py:161} INFO - Started process (PID=5995) to work on /home/airflow/.local/lib/python3.8/site-packages/airflow/example_dags/example_trigger_target_dag.py
[2026-04-09T17:38:32.297+0000] {processor.py:830} INFO - Processing file /home/airflow/.local/lib/python3.8/site-packages/airflow/example_dags/example_trigger_target_dag.py for tasks to queue
[2026-04-09T17:38:32.300+0000] {logging_mixin.py:188} INFO - [2026-04-09T17:38:32.300+0000] {dagbag.py:538} INFO - Filling up the DagBag from /home/airflow/.local/lib/python3.8/site-packages/airflow/example_dags/example_trigger_target_dag.py
[2026-04-09T17:38:32.309+0000] {processor.py:840} INFO - DAG(s) 'example_trigger_target_dag' retrieved from /home/airflow/.local/lib/python3.8/site-packages/airflow/example_dags/example_trigger_target_dag.py
[2026-04-09T17:38:32.335+0000] {logging_mixin.py:188} INFO - [2026-04-09T17:38:32.335+0000] {dag.py:3036} INFO - Sync 1 DAGs
[2026-04-09T17:38:32.351+0000] {logging_mixin.py:188} INFO - [2026-04-09T17:38:32.351+0000] {dag.py:3823} INFO - Setting next_dagrun for example_trigger_target_dag to None, run_after=None
[2026-04-09T17:38:32.378+0000] {processor.py:183} INFO - Processing /home/airflow/.local/lib/python3.8/site-packages/airflow/example_dags/example_trigger_target_dag.py took 0.088 seconds
[2026-04-09T17:39:02.745+0000] {processor.py:161} INFO - Started process (PID=6052) to work on /home/airflow/.local/lib/python3.8/site-packages/airflow/example_dags/example_trigger_target_dag.py
[2026-04-09T17:39:02.747+0000] {processor.py:830} INFO - Processing file /home/airflow/.local/lib/python3.8/site-packages/airflow/example_dags/example_trigger_target_dag.py for tasks to queue
[2026-04-09T17:39:02.750+0000] {logging_mixin.py:188} INFO - [2026-04-09T17:39:02.749+0000] {dagbag.py:538} INFO - Filling up the DagBag from /home/airflow/.local/lib/python3.8/site-packages/airflow/example_dags/example_trigger_target_dag.py
[2026-04-09T17:39:02.758+0000] {processor.py:840} INFO - DAG(s) 'example_trigger_target_dag' retrieved from /home/airflow/.local/lib/python3.8/site-packages/airflow/example_dags/example_trigger_target_dag.py
[2026-04-09T17:39:02.789+0000] {logging_mixin.py:188} INFO - [2026-04-09T17:39:02.788+0000] {dag.py:3036} INFO - Sync 1 DAGs
[2026-04-09T17:39:02.808+0000] {logging_mixin.py:188} INFO - [2026-04-09T17:39:02.807+0000] {dag.py:3823} INFO - Setting next_dagrun for example_trigger_target_dag to None, run_after=None
[2026-04-09T17:39:02.840+0000] {processor.py:183} INFO - Processing /home/airflow/.local/lib/python3.8/site-packages/airflow/example_dags/example_trigger_target_dag.py took 0.101 seconds
[2026-04-09T17:39:33.568+0000] {processor.py:161} INFO - Started process (PID=6109) to work on /home/airflow/.local/lib/python3.8/site-packages/airflow/example_dags/example_trigger_target_dag.py
[2026-04-09T17:39:33.570+0000] {processor.py:830} INFO - Processing file /home/airflow/.local/lib/python3.8/site-packages/airflow/example_dags/example_trigger_target_dag.py for tasks to queue
[2026-04-09T17:39:33.574+0000] {logging_mixin.py:188} INFO - [2026-04-09T17:39:33.573+0000] {dagbag.py:538} INFO - Filling up the DagBag from /home/airflow/.local/lib/python3.8/site-packages/airflow/example_dags/example_trigger_target_dag.py
[2026-04-09T17:39:33.589+0000] {processor.py:840} INFO - DAG(s) 'example_trigger_target_dag' retrieved from /home/airflow/.local/lib/python3.8/site-packages/airflow/example_dags/example_trigger_target_dag.py
[2026-04-09T17:39:33.627+0000] {logging_mixin.py:188} INFO - [2026-04-09T17:39:33.626+0000] {dag.py:3036} INFO - Sync 1 DAGs
[2026-04-09T17:39:33.659+0000] {logging_mixin.py:188} INFO - [2026-04-09T17:39:33.658+0000] {dag.py:3823} INFO - Setting next_dagrun for example_trigger_target_dag to None, run_after=None
[2026-04-09T17:39:33.709+0000] {processor.py:183} INFO - Processing /home/airflow/.local/lib/python3.8/site-packages/airflow/example_dags/example_trigger_target_dag.py took 0.147 seconds
[2026-04-09T17:40:03.942+0000] {processor.py:161} INFO - Started process (PID=6166) to work on /home/airflow/.local/lib/python3.8/site-packages/airflow/example_dags/example_trigger_target_dag.py
[2026-04-09T17:40:03.944+0000] {processor.py:830} INFO - Processing file /home/airflow/.local/lib/python3.8/site-packages/airflow/example_dags/example_trigger_target_dag.py for tasks to queue
[2026-04-09T17:40:03.948+0000] {logging_mixin.py:188} INFO - [2026-04-09T17:40:03.947+0000] {dagbag.py:538} INFO - Filling up the DagBag from /home/airflow/.local/lib/python3.8/site-packages/airflow/example_dags/example_trigger_target_dag.py
[2026-04-09T17:40:03.956+0000] {processor.py:840} INFO - DAG(s) 'example_trigger_target_dag' retrieved from /home/airflow/.local/lib/python3.8/site-packages/airflow/example_dags/example_trigger_target_dag.py
[2026-04-09T17:40:03.982+0000] {logging_mixin.py:188} INFO - [2026-04-09T17:40:03.982+0000] {dag.py:3036} INFO - Sync 1 DAGs
[2026-04-09T17:40:03.997+0000] {logging_mixin.py:188} INFO - [2026-04-09T17:40:03.997+0000] {dag.py:3823} INFO - Setting next_dagrun for example_trigger_target_dag to None, run_after=None
[2026-04-09T17:40:04.024+0000] {processor.py:183} INFO - Processing /home/airflow/.local/lib/python3.8/site-packages/airflow/example_dags/example_trigger_target_dag.py took 0.089 seconds
[2026-04-09T17:40:37.459+0000] {processor.py:161} INFO - Started process (PID=6223) to work on /home/airflow/.local/lib/python3.8/site-packages/airflow/example_dags/example_trigger_target_dag.py
[2026-04-09T17:40:37.462+0000] {processor.py:830} INFO - Processing file /home/airflow/.local/lib/python3.8/site-packages/airflow/example_dags/example_trigger_target_dag.py for tasks to queue
[2026-04-09T17:40:37.466+0000] {logging_mixin.py:188} INFO - [2026-04-09T17:40:37.466+0000] {dagbag.py:538} INFO - Filling up the DagBag from /home/airflow/.local/lib/python3.8/site-packages/airflow/example_dags/example_trigger_target_dag.py
[2026-04-09T17:40:37.481+0000] {processor.py:840} INFO - DAG(s) 'example_trigger_target_dag' retrieved from /home/airflow/.local/lib/python3.8/site-packages/airflow/example_dags/example_trigger_target_dag.py
[2026-04-09T17:40:37.529+0000] {logging_mixin.py:188} INFO - [2026-04-09T17:40:37.529+0000] {dag.py:3036} INFO - Sync 1 DAGs
[2026-04-09T17:40:37.556+0000] {logging_mixin.py:188} INFO - [2026-04-09T17:40:37.555+0000] {dag.py:3823} INFO - Setting next_dagrun for example_trigger_target_dag to None, run_after=None
[2026-04-09T17:40:37.882+0000] {processor.py:183} INFO - Processing /home/airflow/.local/lib/python3.8/site-packages/airflow/example_dags/example_trigger_target_dag.py took 0.432 seconds
[2026-04-09T17:41:08.360+0000] {processor.py:161} INFO - Started process (PID=6280) to work on /home/airflow/.local/lib/python3.8/site-packages/airflow/example_dags/example_trigger_target_dag.py
[2026-04-09T17:41:08.362+0000] {processor.py:830} INFO - Processing file /home/airflow/.local/lib/python3.8/site-packages/airflow/example_dags/example_trigger_target_dag.py for tasks to queue
[2026-04-09T17:41:08.366+0000] {logging_mixin.py:188} INFO - [2026-04-09T17:41:08.365+0000] {dagbag.py:538} INFO - Filling up the DagBag from /home/airflow/.local/lib/python3.8/site-packages/airflow/example_dags/example_trigger_target_dag.py
[2026-04-09T17:41:08.381+0000] {processor.py:840} INFO - DAG(s) 'example_trigger_target_dag' retrieved from /home/airflow/.local/lib/python3.8/site-packages/airflow/example_dags/example_trigger_target_dag.py
[2026-04-09T17:41:08.414+0000] {logging_mixin.py:188} INFO - [2026-04-09T17:41:08.414+0000] {dag.py:3036} INFO - Sync 1 DAGs
[2026-04-09T17:41:08.434+0000] {logging_mixin.py:188} INFO - [2026-04-09T17:41:08.433+0000] {dag.py:3823} INFO - Setting next_dagrun for example_trigger_target_dag to None, run_after=None
[2026-04-09T17:41:08.463+0000] {processor.py:183} INFO - Processing /home/airflow/.local/lib/python3.8/site-packages/airflow/example_dags/example_trigger_target_dag.py took 0.111 seconds
[2026-04-09T17:41:39.354+0000] {processor.py:161} INFO - Started process (PID=6337) to work on /home/airflow/.local/lib/python3.8/site-packages/airflow/example_dags/example_trigger_target_dag.py
[2026-04-09T17:41:39.357+0000] {processor.py:830} INFO - Processing file /home/airflow/.local/lib/python3.8/site-packages/airflow/example_dags/example_trigger_target_dag.py for tasks to queue
[2026-04-09T17:41:39.361+0000] {logging_mixin.py:188} INFO - [2026-04-09T17:41:39.361+0000] {dagbag.py:538} INFO - Filling up the DagBag from /home/airflow/.local/lib/python3.8/site-packages/airflow/example_dags/example_trigger_target_dag.py
[2026-04-09T17:41:39.372+0000] {processor.py:840} INFO - DAG(s) 'example_trigger_target_dag' retrieved from /home/airflow/.local/lib/python3.8/site-packages/airflow/example_dags/example_trigger_target_dag.py
[2026-04-09T17:41:39.413+0000] {logging_mixin.py:188} INFO - [2026-04-09T17:41:39.412+0000] {dag.py:3036} INFO - Sync 1 DAGs
[2026-04-09T17:41:39.448+0000] {logging_mixin.py:188} INFO - [2026-04-09T17:41:39.447+0000] {dag.py:3823} INFO - Setting next_dagrun for example_trigger_target_dag to None, run_after=None
[2026-04-09T17:41:39.505+0000] {processor.py:183} INFO - Processing /home/airflow/.local/lib/python3.8/site-packages/airflow/example_dags/example_trigger_target_dag.py took 0.163 seconds
[2026-04-09T17:42:09.901+0000] {processor.py:161} INFO - Started process (PID=6394) to work on /home/airflow/.local/lib/python3.8/site-packages/airflow/example_dags/example_trigger_target_dag.py
[2026-04-09T17:42:09.904+0000] {processor.py:830} INFO - Processing file /home/airflow/.local/lib/python3.8/site-packages/airflow/example_dags/example_trigger_target_dag.py for tasks to queue
[2026-04-09T17:42:09.909+0000] {logging_mixin.py:188} INFO - [2026-04-09T17:42:09.908+0000] {dagbag.py:538} INFO - Filling up the DagBag from /home/airflow/.local/lib/python3.8/site-packages/airflow/example_dags/example_trigger_target_dag.py
[2026-04-09T17:42:09.924+0000] {processor.py:840} INFO - DAG(s) 'example_trigger_target_dag' retrieved from /home/airflow/.local/lib/python3.8/site-packages/airflow/example_dags/example_trigger_target_dag.py
[2026-04-09T17:42:09.959+0000] {logging_mixin.py:188} INFO - [2026-04-09T17:42:09.959+0000] {dag.py:3036} INFO - Sync 1 DAGs
[2026-04-09T17:42:09.981+0000] {logging_mixin.py:188} INFO - [2026-04-09T17:42:09.981+0000] {dag.py:3823} INFO - Setting next_dagrun for example_trigger_target_dag to None, run_after=None
[2026-04-09T17:42:10.022+0000] {processor.py:183} INFO - Processing /home/airflow/.local/lib/python3.8/site-packages/airflow/example_dags/example_trigger_target_dag.py took 0.134 seconds
[2026-04-09T17:42:40.868+0000] {processor.py:161} INFO - Started process (PID=6451) to work on /home/airflow/.local/lib/python3.8/site-packages/airflow/example_dags/example_trigger_target_dag.py
[2026-04-09T17:42:40.870+0000] {processor.py:830} INFO - Processing file /home/airflow/.local/lib/python3.8/site-packages/airflow/example_dags/example_trigger_target_dag.py for tasks to queue
[2026-04-09T17:42:40.873+0000] {logging_mixin.py:188} INFO - [2026-04-09T17:42:40.872+0000] {dagbag.py:538} INFO - Filling up the DagBag from /home/airflow/.local/lib/python3.8/site-packages/airflow/example_dags/example_trigger_target_dag.py
[2026-04-09T17:42:40.883+0000] {processor.py:840} INFO - DAG(s) 'example_trigger_target_dag' retrieved from /home/airflow/.local/lib/python3.8/site-packages/airflow/example_dags/example_trigger_target_dag.py
[2026-04-09T17:42:40.917+0000] {logging_mixin.py:188} INFO - [2026-04-09T17:42:40.917+0000] {dag.py:3036} INFO - Sync 1 DAGs
[2026-04-09T17:42:40.938+0000] {logging_mixin.py:188} INFO - [2026-04-09T17:42:40.937+0000] {dag.py:3823} INFO - Setting next_dagrun for example_trigger_target_dag to None, run_after=None
[2026-04-09T17:42:40.970+0000] {processor.py:183} INFO - Processing /home/airflow/.local/lib/python3.8/site-packages/airflow/example_dags/example_trigger_target_dag.py took 0.107 seconds
[2026-04-09T17:43:11.646+0000] {processor.py:161} INFO - Started process (PID=6508) to work on /home/airflow/.local/lib/python3.8/site-packages/airflow/example_dags/example_trigger_target_dag.py
[2026-04-09T17:43:11.649+0000] {processor.py:830} INFO - Processing file /home/airflow/.local/lib/python3.8/site-packages/airflow/example_dags/example_trigger_target_dag.py for tasks to queue
[2026-04-09T17:43:11.655+0000] {logging_mixin.py:188} INFO - [2026-04-09T17:43:11.654+0000] {dagbag.py:538} INFO - Filling up the DagBag from /home/airflow/.local/lib/python3.8/site-packages/airflow/example_dags/example_trigger_target_dag.py
[2026-04-09T17:43:11.676+0000] {processor.py:840} INFO - DAG(s) 'example_trigger_target_dag' retrieved from /home/airflow/.local/lib/python3.8/site-packages/airflow/example_dags/example_trigger_target_dag.py
[2026-04-09T17:43:11.728+0000] {logging_mixin.py:188} INFO - [2026-04-09T17:43:11.727+0000] {dag.py:3036} INFO - Sync 1 DAGs
[2026-04-09T17:43:11.756+0000] {logging_mixin.py:188} INFO - [2026-04-09T17:43:11.756+0000] {dag.py:3823} INFO - Setting next_dagrun for example_trigger_target_dag to None, run_after=None
[2026-04-09T17:43:11.791+0000] {processor.py:183} INFO - Processing /home/airflow/.local/lib/python3.8/site-packages/airflow/example_dags/example_trigger_target_dag.py took 0.158 seconds
[2026-04-09T17:43:42.649+0000] {processor.py:161} INFO - Started process (PID=6565) to work on /home/airflow/.local/lib/python3.8/site-packages/airflow/example_dags/example_trigger_target_dag.py
[2026-04-09T17:43:42.652+0000] {processor.py:830} INFO - Processing file /home/airflow/.local/lib/python3.8/site-packages/airflow/example_dags/example_trigger_target_dag.py for tasks to queue
[2026-04-09T17:43:42.656+0000] {logging_mixin.py:188} INFO - [2026-04-09T17:43:42.656+0000] {dagbag.py:538} INFO - Filling up the DagBag from /home/airflow/.local/lib/python3.8/site-packages/airflow/example_dags/example_trigger_target_dag.py
[2026-04-09T17:43:42.678+0000] {processor.py:840} INFO - DAG(s) 'example_trigger_target_dag' retrieved from /home/airflow/.local/lib/python3.8/site-packages/airflow/example_dags/example_trigger_target_dag.py
[2026-04-09T17:43:42.741+0000] {logging_mixin.py:188} INFO - [2026-04-09T17:43:42.741+0000] {dag.py:3036} INFO - Sync 1 DAGs
[2026-04-09T17:43:42.782+0000] {logging_mixin.py:188} INFO - [2026-04-09T17:43:42.782+0000] {dag.py:3823} INFO - Setting next_dagrun for example_trigger_target_dag to None, run_after=None
[2026-04-09T17:43:42.832+0000] {processor.py:183} INFO - Processing /home/airflow/.local/lib/python3.8/site-packages/airflow/example_dags/example_trigger_target_dag.py took 0.191 seconds
[2026-04-09T17:44:13.219+0000] {processor.py:161} INFO - Started process (PID=6622) to work on /home/airflow/.local/lib/python3.8/site-packages/airflow/example_dags/example_trigger_target_dag.py
[2026-04-09T17:44:13.222+0000] {processor.py:830} INFO - Processing file /home/airflow/.local/lib/python3.8/site-packages/airflow/example_dags/example_trigger_target_dag.py for tasks to queue
[2026-04-09T17:44:13.225+0000] {logging_mixin.py:188} INFO - [2026-04-09T17:44:13.224+0000] {dagbag.py:538} INFO - Filling up the DagBag from /home/airflow/.local/lib/python3.8/site-packages/airflow/example_dags/example_trigger_target_dag.py
[2026-04-09T17:44:13.232+0000] {processor.py:840} INFO - DAG(s) 'example_trigger_target_dag' retrieved from /home/airflow/.local/lib/python3.8/site-packages/airflow/example_dags/example_trigger_target_dag.py
[2026-04-09T17:44:13.261+0000] {logging_mixin.py:188} INFO - [2026-04-09T17:44:13.261+0000] {dag.py:3036} INFO - Sync 1 DAGs
[2026-04-09T17:44:13.280+0000] {logging_mixin.py:188} INFO - [2026-04-09T17:44:13.279+0000] {dag.py:3823} INFO - Setting next_dagrun for example_trigger_target_dag to None, run_after=None
[2026-04-09T17:44:13.318+0000] {processor.py:183} INFO - Processing /home/airflow/.local/lib/python3.8/site-packages/airflow/example_dags/example_trigger_target_dag.py took 0.105 seconds
[2026-04-09T17:44:44.193+0000] {processor.py:161} INFO - Started process (PID=6679) to work on /home/airflow/.local/lib/python3.8/site-packages/airflow/example_dags/example_trigger_target_dag.py
[2026-04-09T17:44:44.196+0000] {processor.py:830} INFO - Processing file /home/airflow/.local/lib/python3.8/site-packages/airflow/example_dags/example_trigger_target_dag.py for tasks to queue
[2026-04-09T17:44:44.199+0000] {logging_mixin.py:188} INFO - [2026-04-09T17:44:44.199+0000] {dagbag.py:538} INFO - Filling up the DagBag from /home/airflow/.local/lib/python3.8/site-packages/airflow/example_dags/example_trigger_target_dag.py
[2026-04-09T17:44:44.208+0000] {processor.py:840} INFO - DAG(s) 'example_trigger_target_dag' retrieved from /home/airflow/.local/lib/python3.8/site-packages/airflow/example_dags/example_trigger_target_dag.py
[2026-04-09T17:44:44.237+0000] {logging_mixin.py:188} INFO - [2026-04-09T17:44:44.236+0000] {dag.py:3036} INFO - Sync 1 DAGs
[2026-04-09T17:44:44.254+0000] {logging_mixin.py:188} INFO - [2026-04-09T17:44:44.253+0000] {dag.py:3823} INFO - Setting next_dagrun for example_trigger_target_dag to None, run_after=None
[2026-04-09T17:44:44.307+0000] {processor.py:183} INFO - Processing /home/airflow/.local/lib/python3.8/site-packages/airflow/example_dags/example_trigger_target_dag.py took 0.122 seconds
[2026-04-09T17:45:14.703+0000] {processor.py:161} INFO - Started process (PID=6736) to work on /home/airflow/.local/lib/python3.8/site-packages/airflow/example_dags/example_trigger_target_dag.py
[2026-04-09T17:45:14.706+0000] {processor.py:830} INFO - Processing file /home/airflow/.local/lib/python3.8/site-packages/airflow/example_dags/example_trigger_target_dag.py for tasks to queue
[2026-04-09T17:45:14.711+0000] {logging_mixin.py:188} INFO - [2026-04-09T17:45:14.710+0000] {dagbag.py:538} INFO - Filling up the DagBag from /home/airflow/.local/lib/python3.8/site-packages/airflow/example_dags/example_trigger_target_dag.py
[2026-04-09T17:45:14.727+0000] {processor.py:840} INFO - DAG(s) 'example_trigger_target_dag' retrieved from /home/airflow/.local/lib/python3.8/site-packages/airflow/example_dags/example_trigger_target_dag.py
[2026-04-09T17:45:14.771+0000] {logging_mixin.py:188} INFO - [2026-04-09T17:45:14.770+0000] {dag.py:3036} INFO - Sync 1 DAGs
[2026-04-09T17:45:14.795+0000] {logging_mixin.py:188} INFO - [2026-04-09T17:45:14.795+0000] {dag.py:3823} INFO - Setting next_dagrun for example_trigger_target_dag to None, run_after=None
[2026-04-09T17:45:14.840+0000] {processor.py:183} INFO - Processing /home/airflow/.local/lib/python3.8/site-packages/airflow/example_dags/example_trigger_target_dag.py took 0.146 seconds
[2026-04-09T17:45:45.418+0000] {processor.py:161} INFO - Started process (PID=6793) to work on /home/airflow/.local/lib/python3.8/site-packages/airflow/example_dags/example_trigger_target_dag.py
[2026-04-09T17:45:45.433+0000] {processor.py:830} INFO - Processing file /home/airflow/.local/lib/python3.8/site-packages/airflow/example_dags/example_trigger_target_dag.py for tasks to queue
[2026-04-09T17:45:45.438+0000] {logging_mixin.py:188} INFO - [2026-04-09T17:45:45.437+0000] {dagbag.py:538} INFO - Filling up the DagBag from /home/airflow/.local/lib/python3.8/site-packages/airflow/example_dags/example_trigger_target_dag.py
[2026-04-09T17:45:45.472+0000] {processor.py:840} INFO - DAG(s) 'example_trigger_target_dag' retrieved from /home/airflow/.local/lib/python3.8/site-packages/airflow/example_dags/example_trigger_target_dag.py
[2026-04-09T17:45:45.512+0000] {logging_mixin.py:188} INFO - [2026-04-09T17:45:45.512+0000] {dag.py:3036} INFO - Sync 1 DAGs
[2026-04-09T17:45:45.538+0000] {logging_mixin.py:188} INFO - [2026-04-09T17:45:45.537+0000] {dag.py:3823} INFO - Setting next_dagrun for example_trigger_target_dag to None, run_after=None
[2026-04-09T17:45:45.571+0000] {processor.py:183} INFO - Processing /home/airflow/.local/lib/python3.8/site-packages/airflow/example_dags/example_trigger_target_dag.py took 0.201 seconds
[2026-04-09T17:46:15.924+0000] {processor.py:161} INFO - Started process (PID=6850) to work on /home/airflow/.local/lib/python3.8/site-packages/airflow/example_dags/example_trigger_target_dag.py
[2026-04-09T17:46:15.927+0000] {processor.py:830} INFO - Processing file /home/airflow/.local/lib/python3.8/site-packages/airflow/example_dags/example_trigger_target_dag.py for tasks to queue
[2026-04-09T17:46:15.932+0000] {logging_mixin.py:188} INFO - [2026-04-09T17:46:15.932+0000] {dagbag.py:538} INFO - Filling up the DagBag from /home/airflow/.local/lib/python3.8/site-packages/airflow/example_dags/example_trigger_target_dag.py
[2026-04-09T17:46:15.949+0000] {processor.py:840} INFO - DAG(s) 'example_trigger_target_dag' retrieved from /home/airflow/.local/lib/python3.8/site-packages/airflow/example_dags/example_trigger_target_dag.py
[2026-04-09T17:46:16.000+0000] {logging_mixin.py:188} INFO - [2026-04-09T17:46:15.999+0000] {dag.py:3036} INFO - Sync 1 DAGs
[2026-04-09T17:46:16.039+0000] {logging_mixin.py:188} INFO - [2026-04-09T17:46:16.038+0000] {dag.py:3823} INFO - Setting next_dagrun for example_trigger_target_dag to None, run_after=None
[2026-04-09T17:46:16.074+0000] {processor.py:183} INFO - Processing /home/airflow/.local/lib/python3.8/site-packages/airflow/example_dags/example_trigger_target_dag.py took 0.163 seconds
[2026-04-09T17:46:46.226+0000] {processor.py:161} INFO - Started process (PID=6907) to work on /home/airflow/.local/lib/python3.8/site-packages/airflow/example_dags/example_trigger_target_dag.py
[2026-04-09T17:46:46.229+0000] {processor.py:830} INFO - Processing file /home/airflow/.local/lib/python3.8/site-packages/airflow/example_dags/example_trigger_target_dag.py for tasks to queue
[2026-04-09T17:46:46.232+0000] {logging_mixin.py:188} INFO - [2026-04-09T17:46:46.231+0000] {dagbag.py:538} INFO - Filling up the DagBag from /home/airflow/.local/lib/python3.8/site-packages/airflow/example_dags/example_trigger_target_dag.py
[2026-04-09T17:46:46.239+0000] {processor.py:840} INFO - DAG(s) 'example_trigger_target_dag' retrieved from /home/airflow/.local/lib/python3.8/site-packages/airflow/example_dags/example_trigger_target_dag.py
[2026-04-09T17:46:46.276+0000] {logging_mixin.py:188} INFO - [2026-04-09T17:46:46.275+0000] {dag.py:3036} INFO - Sync 1 DAGs
[2026-04-09T17:46:46.295+0000] {logging_mixin.py:188} INFO - [2026-04-09T17:46:46.294+0000] {dag.py:3823} INFO - Setting next_dagrun for example_trigger_target_dag to None, run_after=None
[2026-04-09T17:46:46.321+0000] {processor.py:183} INFO - Processing /home/airflow/.local/lib/python3.8/site-packages/airflow/example_dags/example_trigger_target_dag.py took 0.101 seconds
[2026-04-09T17:47:16.540+0000] {processor.py:161} INFO - Started process (PID=6964) to work on /home/airflow/.local/lib/python3.8/site-packages/airflow/example_dags/example_trigger_target_dag.py
[2026-04-09T17:47:16.542+0000] {processor.py:830} INFO - Processing file /home/airflow/.local/lib/python3.8/site-packages/airflow/example_dags/example_trigger_target_dag.py for tasks to queue
[2026-04-09T17:47:16.545+0000] {logging_mixin.py:188} INFO - [2026-04-09T17:47:16.545+0000] {dagbag.py:538} INFO - Filling up the DagBag from /home/airflow/.local/lib/python3.8/site-packages/airflow/example_dags/example_trigger_target_dag.py
[2026-04-09T17:47:16.564+0000] {processor.py:840} INFO - DAG(s) 'example_trigger_target_dag' retrieved from /home/airflow/.local/lib/python3.8/site-packages/airflow/example_dags/example_trigger_target_dag.py
[2026-04-09T17:47:16.595+0000] {logging_mixin.py:188} INFO - [2026-04-09T17:47:16.595+0000] {dag.py:3036} INFO - Sync 1 DAGs
[2026-04-09T17:47:16.612+0000] {logging_mixin.py:188} INFO - [2026-04-09T17:47:16.612+0000] {dag.py:3823} INFO - Setting next_dagrun for example_trigger_target_dag to None, run_after=None
[2026-04-09T17:47:16.877+0000] {processor.py:183} INFO - Processing /home/airflow/.local/lib/python3.8/site-packages/airflow/example_dags/example_trigger_target_dag.py took 0.344 seconds
[2026-04-09T17:47:47.177+0000] {processor.py:161} INFO - Started process (PID=7021) to work on /home/airflow/.local/lib/python3.8/site-packages/airflow/example_dags/example_trigger_target_dag.py
[2026-04-09T17:47:47.180+0000] {processor.py:830} INFO - Processing file /home/airflow/.local/lib/python3.8/site-packages/airflow/example_dags/example_trigger_target_dag.py for tasks to queue
[2026-04-09T17:47:47.184+0000] {logging_mixin.py:188} INFO - [2026-04-09T17:47:47.183+0000] {dagbag.py:538} INFO - Filling up the DagBag from /home/airflow/.local/lib/python3.8/site-packages/airflow/example_dags/example_trigger_target_dag.py
[2026-04-09T17:47:47.194+0000] {processor.py:840} INFO - DAG(s) 'example_trigger_target_dag' retrieved from /home/airflow/.local/lib/python3.8/site-packages/airflow/example_dags/example_trigger_target_dag.py
[2026-04-09T17:47:47.217+0000] {logging_mixin.py:188} INFO - [2026-04-09T17:47:47.217+0000] {dag.py:3036} INFO - Sync 1 DAGs
[2026-04-09T17:47:47.241+0000] {logging_mixin.py:188} INFO - [2026-04-09T17:47:47.240+0000] {dag.py:3823} INFO - Setting next_dagrun for example_trigger_target_dag to None, run_after=None
[2026-04-09T17:47:47.268+0000] {processor.py:183} INFO - Processing /home/airflow/.local/lib/python3.8/site-packages/airflow/example_dags/example_trigger_target_dag.py took 0.096 seconds
[2026-04-09T17:48:18.491+0000] {processor.py:161} INFO - Started process (PID=7085) to work on /home/airflow/.local/lib/python3.8/site-packages/airflow/example_dags/example_trigger_target_dag.py
[2026-04-09T17:48:18.493+0000] {processor.py:830} INFO - Processing file /home/airflow/.local/lib/python3.8/site-packages/airflow/example_dags/example_trigger_target_dag.py for tasks to queue
[2026-04-09T17:48:18.495+0000] {logging_mixin.py:188} INFO - [2026-04-09T17:48:18.495+0000] {dagbag.py:538} INFO - Filling up the DagBag from /home/airflow/.local/lib/python3.8/site-packages/airflow/example_dags/example_trigger_target_dag.py
[2026-04-09T17:48:18.507+0000] {processor.py:840} INFO - DAG(s) 'example_trigger_target_dag' retrieved from /home/airflow/.local/lib/python3.8/site-packages/airflow/example_dags/example_trigger_target_dag.py
[2026-04-09T17:48:18.533+0000] {logging_mixin.py:188} INFO - [2026-04-09T17:48:18.532+0000] {dag.py:3036} INFO - Sync 1 DAGs
[2026-04-09T17:48:18.556+0000] {logging_mixin.py:188} INFO - [2026-04-09T17:48:18.556+0000] {dag.py:3823} INFO - Setting next_dagrun for example_trigger_target_dag to None, run_after=None
[2026-04-09T17:48:18.622+0000] {processor.py:183} INFO - Processing /home/airflow/.local/lib/python3.8/site-packages/airflow/example_dags/example_trigger_target_dag.py took 0.135 seconds
[2026-04-09T17:48:48.793+0000] {processor.py:161} INFO - Started process (PID=7142) to work on /home/airflow/.local/lib/python3.8/site-packages/airflow/example_dags/example_trigger_target_dag.py
[2026-04-09T17:48:48.795+0000] {processor.py:830} INFO - Processing file /home/airflow/.local/lib/python3.8/site-packages/airflow/example_dags/example_trigger_target_dag.py for tasks to queue
[2026-04-09T17:48:48.798+0000] {logging_mixin.py:188} INFO - [2026-04-09T17:48:48.797+0000] {dagbag.py:538} INFO - Filling up the DagBag from /home/airflow/.local/lib/python3.8/site-packages/airflow/example_dags/example_trigger_target_dag.py
[2026-04-09T17:48:48.806+0000] {processor.py:840} INFO - DAG(s) 'example_trigger_target_dag' retrieved from /home/airflow/.local/lib/python3.8/site-packages/airflow/example_dags/example_trigger_target_dag.py
[2026-04-09T17:48:48.840+0000] {logging_mixin.py:188} INFO - [2026-04-09T17:48:48.840+0000] {dag.py:3036} INFO - Sync 1 DAGs
[2026-04-09T17:48:48.872+0000] {logging_mixin.py:188} INFO - [2026-04-09T17:48:48.871+0000] {dag.py:3823} INFO - Setting next_dagrun for example_trigger_target_dag to None, run_after=None
[2026-04-09T17:48:48.916+0000] {processor.py:183} INFO - Processing /home/airflow/.local/lib/python3.8/site-packages/airflow/example_dags/example_trigger_target_dag.py took 0.128 seconds
[2026-04-09T17:49:19.715+0000] {processor.py:161} INFO - Started process (PID=7199) to work on /home/airflow/.local/lib/python3.8/site-packages/airflow/example_dags/example_trigger_target_dag.py
[2026-04-09T17:49:19.716+0000] {processor.py:830} INFO - Processing file /home/airflow/.local/lib/python3.8/site-packages/airflow/example_dags/example_trigger_target_dag.py for tasks to queue
[2026-04-09T17:49:19.719+0000] {logging_mixin.py:188} INFO - [2026-04-09T17:49:19.718+0000] {dagbag.py:538} INFO - Filling up the DagBag from /home/airflow/.local/lib/python3.8/site-packages/airflow/example_dags/example_trigger_target_dag.py
[2026-04-09T17:49:19.726+0000] {processor.py:840} INFO - DAG(s) 'example_trigger_target_dag' retrieved from /home/airflow/.local/lib/python3.8/site-packages/airflow/example_dags/example_trigger_target_dag.py
[2026-04-09T17:49:19.756+0000] {logging_mixin.py:188} INFO - [2026-04-09T17:49:19.756+0000] {dag.py:3036} INFO - Sync 1 DAGs
[2026-04-09T17:49:19.774+0000] {logging_mixin.py:188} INFO - [2026-04-09T17:49:19.773+0000] {dag.py:3823} INFO - Setting next_dagrun for example_trigger_target_dag to None, run_after=None
[2026-04-09T17:49:19.805+0000] {processor.py:183} INFO - Processing /home/airflow/.local/lib/python3.8/site-packages/airflow/example_dags/example_trigger_target_dag.py took 0.096 seconds
[2026-04-09T17:49:50.404+0000] {processor.py:161} INFO - Started process (PID=7256) to work on /home/airflow/.local/lib/python3.8/site-packages/airflow/example_dags/example_trigger_target_dag.py
[2026-04-09T17:49:50.406+0000] {processor.py:830} INFO - Processing file /home/airflow/.local/lib/python3.8/site-packages/airflow/example_dags/example_trigger_target_dag.py for tasks to queue
[2026-04-09T17:49:50.410+0000] {logging_mixin.py:188} INFO - [2026-04-09T17:49:50.409+0000] {dagbag.py:538} INFO - Filling up the DagBag from /home/airflow/.local/lib/python3.8/site-packages/airflow/example_dags/example_trigger_target_dag.py
[2026-04-09T17:49:50.420+0000] {processor.py:840} INFO - DAG(s) 'example_trigger_target_dag' retrieved from /home/airflow/.local/lib/python3.8/site-packages/airflow/example_dags/example_trigger_target_dag.py
[2026-04-09T17:49:50.454+0000] {logging_mixin.py:188} INFO - [2026-04-09T17:49:50.454+0000] {dag.py:3036} INFO - Sync 1 DAGs
[2026-04-09T17:49:50.472+0000] {logging_mixin.py:188} INFO - [2026-04-09T17:49:50.471+0000] {dag.py:3823} INFO - Setting next_dagrun for example_trigger_target_dag to None, run_after=None
[2026-04-09T17:49:50.500+0000] {processor.py:183} INFO - Processing /home/airflow/.local/lib/python3.8/site-packages/airflow/example_dags/example_trigger_target_dag.py took 0.101 seconds
[2026-04-09T17:50:20.922+0000] {processor.py:161} INFO - Started process (PID=7313) to work on /home/airflow/.local/lib/python3.8/site-packages/airflow/example_dags/example_trigger_target_dag.py
[2026-04-09T17:50:20.924+0000] {processor.py:830} INFO - Processing file /home/airflow/.local/lib/python3.8/site-packages/airflow/example_dags/example_trigger_target_dag.py for tasks to queue
[2026-04-09T17:50:20.927+0000] {logging_mixin.py:188} INFO - [2026-04-09T17:50:20.926+0000] {dagbag.py:538} INFO - Filling up the DagBag from /home/airflow/.local/lib/python3.8/site-packages/airflow/example_dags/example_trigger_target_dag.py
[2026-04-09T17:50:20.939+0000] {processor.py:840} INFO - DAG(s) 'example_trigger_target_dag' retrieved from /home/airflow/.local/lib/python3.8/site-packages/airflow/example_dags/example_trigger_target_dag.py
[2026-04-09T17:50:20.971+0000] {logging_mixin.py:188} INFO - [2026-04-09T17:50:20.970+0000] {dag.py:3036} INFO - Sync 1 DAGs
[2026-04-09T17:50:20.988+0000] {logging_mixin.py:188} INFO - [2026-04-09T17:50:20.988+0000] {dag.py:3823} INFO - Setting next_dagrun for example_trigger_target_dag to None, run_after=None
[2026-04-09T17:50:21.020+0000] {processor.py:183} INFO - Processing /home/airflow/.local/lib/python3.8/site-packages/airflow/example_dags/example_trigger_target_dag.py took 0.103 seconds
[2026-04-09T17:50:51.743+0000] {processor.py:161} INFO - Started process (PID=7370) to work on /home/airflow/.local/lib/python3.8/site-packages/airflow/example_dags/example_trigger_target_dag.py
[2026-04-09T17:50:51.745+0000] {processor.py:830} INFO - Processing file /home/airflow/.local/lib/python3.8/site-packages/airflow/example_dags/example_trigger_target_dag.py for tasks to queue
[2026-04-09T17:50:51.749+0000] {logging_mixin.py:188} INFO - [2026-04-09T17:50:51.748+0000] {dagbag.py:538} INFO - Filling up the DagBag from /home/airflow/.local/lib/python3.8/site-packages/airflow/example_dags/example_trigger_target_dag.py
[2026-04-09T17:50:51.761+0000] {processor.py:840} INFO - DAG(s) 'example_trigger_target_dag' retrieved from /home/airflow/.local/lib/python3.8/site-packages/airflow/example_dags/example_trigger_target_dag.py
[2026-04-09T17:50:51.797+0000] {logging_mixin.py:188} INFO - [2026-04-09T17:50:51.797+0000] {dag.py:3036} INFO - Sync 1 DAGs
[2026-04-09T17:50:51.820+0000] {logging_mixin.py:188} INFO - [2026-04-09T17:50:51.819+0000] {dag.py:3823} INFO - Setting next_dagrun for example_trigger_target_dag to None, run_after=None
[2026-04-09T17:50:51.853+0000] {processor.py:183} INFO - Processing /home/airflow/.local/lib/python3.8/site-packages/airflow/example_dags/example_trigger_target_dag.py took 0.116 seconds
[2026-04-09T17:51:22.712+0000] {processor.py:161} INFO - Started process (PID=7427) to work on /home/airflow/.local/lib/python3.8/site-packages/airflow/example_dags/example_trigger_target_dag.py
[2026-04-09T17:51:22.717+0000] {processor.py:830} INFO - Processing file /home/airflow/.local/lib/python3.8/site-packages/airflow/example_dags/example_trigger_target_dag.py for tasks to queue
[2026-04-09T17:51:22.723+0000] {logging_mixin.py:188} INFO - [2026-04-09T17:51:22.722+0000] {dagbag.py:538} INFO - Filling up the DagBag from /home/airflow/.local/lib/python3.8/site-packages/airflow/example_dags/example_trigger_target_dag.py
[2026-04-09T17:51:22.743+0000] {processor.py:840} INFO - DAG(s) 'example_trigger_target_dag' retrieved from /home/airflow/.local/lib/python3.8/site-packages/airflow/example_dags/example_trigger_target_dag.py
[2026-04-09T17:51:22.795+0000] {logging_mixin.py:188} INFO - [2026-04-09T17:51:22.795+0000] {dag.py:3036} INFO - Sync 1 DAGs
[2026-04-09T17:51:22.826+0000] {logging_mixin.py:188} INFO - [2026-04-09T17:51:22.826+0000] {dag.py:3823} INFO - Setting next_dagrun for example_trigger_target_dag to None, run_after=None
[2026-04-09T17:51:22.871+0000] {processor.py:183} INFO - Processing /home/airflow/.local/lib/python3.8/site-packages/airflow/example_dags/example_trigger_target_dag.py took 0.173 seconds
[2026-04-09T17:51:53.412+0000] {processor.py:161} INFO - Started process (PID=7484) to work on /home/airflow/.local/lib/python3.8/site-packages/airflow/example_dags/example_trigger_target_dag.py
[2026-04-09T17:51:53.415+0000] {processor.py:830} INFO - Processing file /home/airflow/.local/lib/python3.8/site-packages/airflow/example_dags/example_trigger_target_dag.py for tasks to queue
[2026-04-09T17:51:53.420+0000] {logging_mixin.py:188} INFO - [2026-04-09T17:51:53.420+0000] {dagbag.py:538} INFO - Filling up the DagBag from /home/airflow/.local/lib/python3.8/site-packages/airflow/example_dags/example_trigger_target_dag.py
[2026-04-09T17:51:53.433+0000] {processor.py:840} INFO - DAG(s) 'example_trigger_target_dag' retrieved from /home/airflow/.local/lib/python3.8/site-packages/airflow/example_dags/example_trigger_target_dag.py
[2026-04-09T17:51:53.477+0000] {logging_mixin.py:188} INFO - [2026-04-09T17:51:53.477+0000] {dag.py:3036} INFO - Sync 1 DAGs
[2026-04-09T17:51:53.507+0000] {logging_mixin.py:188} INFO - [2026-04-09T17:51:53.507+0000] {dag.py:3823} INFO - Setting next_dagrun for example_trigger_target_dag to None, run_after=None
[2026-04-09T17:51:53.551+0000] {processor.py:183} INFO - Processing /home/airflow/.local/lib/python3.8/site-packages/airflow/example_dags/example_trigger_target_dag.py took 0.147 seconds
[2026-04-09T17:52:24.374+0000] {processor.py:161} INFO - Started process (PID=7541) to work on /home/airflow/.local/lib/python3.8/site-packages/airflow/example_dags/example_trigger_target_dag.py
[2026-04-09T17:52:24.377+0000] {processor.py:830} INFO - Processing file /home/airflow/.local/lib/python3.8/site-packages/airflow/example_dags/example_trigger_target_dag.py for tasks to queue
[2026-04-09T17:52:24.383+0000] {logging_mixin.py:188} INFO - [2026-04-09T17:52:24.382+0000] {dagbag.py:538} INFO - Filling up the DagBag from /home/airflow/.local/lib/python3.8/site-packages/airflow/example_dags/example_trigger_target_dag.py
[2026-04-09T17:52:24.401+0000] {processor.py:840} INFO - DAG(s) 'example_trigger_target_dag' retrieved from /home/airflow/.local/lib/python3.8/site-packages/airflow/example_dags/example_trigger_target_dag.py
[2026-04-09T17:52:24.466+0000] {logging_mixin.py:188} INFO - [2026-04-09T17:52:24.465+0000] {dag.py:3036} INFO - Sync 1 DAGs
[2026-04-09T17:52:24.504+0000] {logging_mixin.py:188} INFO - [2026-04-09T17:52:24.503+0000] {dag.py:3823} INFO - Setting next_dagrun for example_trigger_target_dag to None, run_after=None
[2026-04-09T17:52:24.569+0000] {processor.py:183} INFO - Processing /home/airflow/.local/lib/python3.8/site-packages/airflow/example_dags/example_trigger_target_dag.py took 0.205 seconds
[2026-04-09T17:52:54.835+0000] {processor.py:161} INFO - Started process (PID=7599) to work on /home/airflow/.local/lib/python3.8/site-packages/airflow/example_dags/example_trigger_target_dag.py
[2026-04-09T17:52:54.837+0000] {processor.py:830} INFO - Processing file /home/airflow/.local/lib/python3.8/site-packages/airflow/example_dags/example_trigger_target_dag.py for tasks to queue
[2026-04-09T17:52:54.842+0000] {logging_mixin.py:188} INFO - [2026-04-09T17:52:54.841+0000] {dagbag.py:538} INFO - Filling up the DagBag from /home/airflow/.local/lib/python3.8/site-packages/airflow/example_dags/example_trigger_target_dag.py
[2026-04-09T17:52:54.855+0000] {processor.py:840} INFO - DAG(s) 'example_trigger_target_dag' retrieved from /home/airflow/.local/lib/python3.8/site-packages/airflow/example_dags/example_trigger_target_dag.py
[2026-04-09T17:52:54.898+0000] {logging_mixin.py:188} INFO - [2026-04-09T17:52:54.897+0000] {dag.py:3036} INFO - Sync 1 DAGs
[2026-04-09T17:52:54.931+0000] {logging_mixin.py:188} INFO - [2026-04-09T17:52:54.930+0000] {dag.py:3823} INFO - Setting next_dagrun for example_trigger_target_dag to None, run_after=None
[2026-04-09T17:52:54.970+0000] {processor.py:183} INFO - Processing /home/airflow/.local/lib/python3.8/site-packages/airflow/example_dags/example_trigger_target_dag.py took 0.146 seconds
[2026-04-09T17:53:25.114+0000] {processor.py:161} INFO - Started process (PID=7656) to work on /home/airflow/.local/lib/python3.8/site-packages/airflow/example_dags/example_trigger_target_dag.py
[2026-04-09T17:53:25.117+0000] {processor.py:830} INFO - Processing file /home/airflow/.local/lib/python3.8/site-packages/airflow/example_dags/example_trigger_target_dag.py for tasks to queue
[2026-04-09T17:53:25.122+0000] {logging_mixin.py:188} INFO - [2026-04-09T17:53:25.121+0000] {dagbag.py:538} INFO - Filling up the DagBag from /home/airflow/.local/lib/python3.8/site-packages/airflow/example_dags/example_trigger_target_dag.py
[2026-04-09T17:53:25.140+0000] {processor.py:840} INFO - DAG(s) 'example_trigger_target_dag' retrieved from /home/airflow/.local/lib/python3.8/site-packages/airflow/example_dags/example_trigger_target_dag.py
[2026-04-09T17:53:25.194+0000] {logging_mixin.py:188} INFO - [2026-04-09T17:53:25.194+0000] {dag.py:3036} INFO - Sync 1 DAGs
[2026-04-09T17:53:25.229+0000] {logging_mixin.py:188} INFO - [2026-04-09T17:53:25.229+0000] {dag.py:3823} INFO - Setting next_dagrun for example_trigger_target_dag to None, run_after=None
[2026-04-09T17:53:25.268+0000] {processor.py:183} INFO - Processing /home/airflow/.local/lib/python3.8/site-packages/airflow/example_dags/example_trigger_target_dag.py took 0.165 seconds
[2026-04-09T17:53:55.513+0000] {processor.py:161} INFO - Started process (PID=7713) to work on /home/airflow/.local/lib/python3.8/site-packages/airflow/example_dags/example_trigger_target_dag.py
[2026-04-09T17:53:55.515+0000] {processor.py:830} INFO - Processing file /home/airflow/.local/lib/python3.8/site-packages/airflow/example_dags/example_trigger_target_dag.py for tasks to queue
[2026-04-09T17:53:55.518+0000] {logging_mixin.py:188} INFO - [2026-04-09T17:53:55.517+0000] {dagbag.py:538} INFO - Filling up the DagBag from /home/airflow/.local/lib/python3.8/site-packages/airflow/example_dags/example_trigger_target_dag.py
[2026-04-09T17:53:55.525+0000] {processor.py:840} INFO - DAG(s) 'example_trigger_target_dag' retrieved from /home/airflow/.local/lib/python3.8/site-packages/airflow/example_dags/example_trigger_target_dag.py
[2026-04-09T17:53:55.550+0000] {logging_mixin.py:188} INFO - [2026-04-09T17:53:55.549+0000] {dag.py:3036} INFO - Sync 1 DAGs
[2026-04-09T17:53:55.563+0000] {logging_mixin.py:188} INFO - [2026-04-09T17:53:55.563+0000] {dag.py:3823} INFO - Setting next_dagrun for example_trigger_target_dag to None, run_after=None
[2026-04-09T17:53:55.590+0000] {processor.py:183} INFO - Processing /home/airflow/.local/lib/python3.8/site-packages/airflow/example_dags/example_trigger_target_dag.py took 0.081 seconds
[2026-04-09T17:54:26.021+0000] {processor.py:161} INFO - Started process (PID=7770) to work on /home/airflow/.local/lib/python3.8/site-packages/airflow/example_dags/example_trigger_target_dag.py
[2026-04-09T17:54:26.023+0000] {processor.py:830} INFO - Processing file /home/airflow/.local/lib/python3.8/site-packages/airflow/example_dags/example_trigger_target_dag.py for tasks to queue
[2026-04-09T17:54:26.027+0000] {logging_mixin.py:188} INFO - [2026-04-09T17:54:26.026+0000] {dagbag.py:538} INFO - Filling up the DagBag from /home/airflow/.local/lib/python3.8/site-packages/airflow/example_dags/example_trigger_target_dag.py
[2026-04-09T17:54:26.042+0000] {processor.py:840} INFO - DAG(s) 'example_trigger_target_dag' retrieved from /home/airflow/.local/lib/python3.8/site-packages/airflow/example_dags/example_trigger_target_dag.py
[2026-04-09T17:54:26.099+0000] {logging_mixin.py:188} INFO - [2026-04-09T17:54:26.099+0000] {dag.py:3036} INFO - Sync 1 DAGs
[2026-04-09T17:54:26.138+0000] {logging_mixin.py:188} INFO - [2026-04-09T17:54:26.137+0000] {dag.py:3823} INFO - Setting next_dagrun for example_trigger_target_dag to None, run_after=None
[2026-04-09T17:54:26.204+0000] {processor.py:183} INFO - Processing /home/airflow/.local/lib/python3.8/site-packages/airflow/example_dags/example_trigger_target_dag.py took 0.188 seconds
[2026-04-09T17:54:56.908+0000] {processor.py:161} INFO - Started process (PID=7827) to work on /home/airflow/.local/lib/python3.8/site-packages/airflow/example_dags/example_trigger_target_dag.py
[2026-04-09T17:54:56.910+0000] {processor.py:830} INFO - Processing file /home/airflow/.local/lib/python3.8/site-packages/airflow/example_dags/example_trigger_target_dag.py for tasks to queue
[2026-04-09T17:54:56.913+0000] {logging_mixin.py:188} INFO - [2026-04-09T17:54:56.913+0000] {dagbag.py:538} INFO - Filling up the DagBag from /home/airflow/.local/lib/python3.8/site-packages/airflow/example_dags/example_trigger_target_dag.py
[2026-04-09T17:54:56.925+0000] {processor.py:840} INFO - DAG(s) 'example_trigger_target_dag' retrieved from /home/airflow/.local/lib/python3.8/site-packages/airflow/example_dags/example_trigger_target_dag.py
[2026-04-09T17:54:56.960+0000] {logging_mixin.py:188} INFO - [2026-04-09T17:54:56.959+0000] {dag.py:3036} INFO - Sync 1 DAGs
[2026-04-09T17:54:56.979+0000] {logging_mixin.py:188} INFO - [2026-04-09T17:54:56.979+0000] {dag.py:3823} INFO - Setting next_dagrun for example_trigger_target_dag to None, run_after=None
[2026-04-09T17:54:57.015+0000] {processor.py:183} INFO - Processing /home/airflow/.local/lib/python3.8/site-packages/airflow/example_dags/example_trigger_target_dag.py took 0.114 seconds
[2026-04-09T17:55:27.872+0000] {processor.py:161} INFO - Started process (PID=7884) to work on /home/airflow/.local/lib/python3.8/site-packages/airflow/example_dags/example_trigger_target_dag.py
[2026-04-09T17:55:27.874+0000] {processor.py:830} INFO - Processing file /home/airflow/.local/lib/python3.8/site-packages/airflow/example_dags/example_trigger_target_dag.py for tasks to queue
[2026-04-09T17:55:27.876+0000] {logging_mixin.py:188} INFO - [2026-04-09T17:55:27.876+0000] {dagbag.py:538} INFO - Filling up the DagBag from /home/airflow/.local/lib/python3.8/site-packages/airflow/example_dags/example_trigger_target_dag.py
[2026-04-09T17:55:27.887+0000] {processor.py:840} INFO - DAG(s) 'example_trigger_target_dag' retrieved from /home/airflow/.local/lib/python3.8/site-packages/airflow/example_dags/example_trigger_target_dag.py
[2026-04-09T17:55:27.932+0000] {logging_mixin.py:188} INFO - [2026-04-09T17:55:27.931+0000] {dag.py:3036} INFO - Sync 1 DAGs
[2026-04-09T17:55:27.971+0000] {logging_mixin.py:188} INFO - [2026-04-09T17:55:27.969+0000] {dag.py:3823} INFO - Setting next_dagrun for example_trigger_target_dag to None, run_after=None
[2026-04-09T17:55:28.022+0000] {processor.py:183} INFO - Processing /home/airflow/.local/lib/python3.8/site-packages/airflow/example_dags/example_trigger_target_dag.py took 0.154 seconds
[2026-04-09T17:55:58.765+0000] {processor.py:161} INFO - Started process (PID=7941) to work on /home/airflow/.local/lib/python3.8/site-packages/airflow/example_dags/example_trigger_target_dag.py
[2026-04-09T17:55:58.768+0000] {processor.py:830} INFO - Processing file /home/airflow/.local/lib/python3.8/site-packages/airflow/example_dags/example_trigger_target_dag.py for tasks to queue
[2026-04-09T17:55:58.773+0000] {logging_mixin.py:188} INFO - [2026-04-09T17:55:58.772+0000] {dagbag.py:538} INFO - Filling up the DagBag from /home/airflow/.local/lib/python3.8/site-packages/airflow/example_dags/example_trigger_target_dag.py
[2026-04-09T17:55:58.787+0000] {processor.py:840} INFO - DAG(s) 'example_trigger_target_dag' retrieved from /home/airflow/.local/lib/python3.8/site-packages/airflow/example_dags/example_trigger_target_dag.py
[2026-04-09T17:55:58.838+0000] {logging_mixin.py:188} INFO - [2026-04-09T17:55:58.837+0000] {dag.py:3036} INFO - Sync 1 DAGs
[2026-04-09T17:55:58.872+0000] {logging_mixin.py:188} INFO - [2026-04-09T17:55:58.871+0000] {dag.py:3823} INFO - Setting next_dagrun for example_trigger_target_dag to None, run_after=None
[2026-04-09T17:55:59.084+0000] {processor.py:183} INFO - Processing /home/airflow/.local/lib/python3.8/site-packages/airflow/example_dags/example_trigger_target_dag.py took 0.326 seconds
[2026-04-09T17:56:29.899+0000] {processor.py:161} INFO - Started process (PID=7998) to work on /home/airflow/.local/lib/python3.8/site-packages/airflow/example_dags/example_trigger_target_dag.py
[2026-04-09T17:56:29.902+0000] {processor.py:830} INFO - Processing file /home/airflow/.local/lib/python3.8/site-packages/airflow/example_dags/example_trigger_target_dag.py for tasks to queue
[2026-04-09T17:56:29.908+0000] {logging_mixin.py:188} INFO - [2026-04-09T17:56:29.906+0000] {dagbag.py:538} INFO - Filling up the DagBag from /home/airflow/.local/lib/python3.8/site-packages/airflow/example_dags/example_trigger_target_dag.py
[2026-04-09T17:56:29.926+0000] {processor.py:840} INFO - DAG(s) 'example_trigger_target_dag' retrieved from /home/airflow/.local/lib/python3.8/site-packages/airflow/example_dags/example_trigger_target_dag.py
[2026-04-09T17:56:29.970+0000] {logging_mixin.py:188} INFO - [2026-04-09T17:56:29.970+0000] {dag.py:3036} INFO - Sync 1 DAGs
[2026-04-09T17:56:29.993+0000] {logging_mixin.py:188} INFO - [2026-04-09T17:56:29.993+0000] {dag.py:3823} INFO - Setting next_dagrun for example_trigger_target_dag to None, run_after=None
[2026-04-09T17:56:30.024+0000] {processor.py:183} INFO - Processing /home/airflow/.local/lib/python3.8/site-packages/airflow/example_dags/example_trigger_target_dag.py took 0.132 seconds
[2026-04-09T17:57:00.612+0000] {processor.py:161} INFO - Started process (PID=8055) to work on /home/airflow/.local/lib/python3.8/site-packages/airflow/example_dags/example_trigger_target_dag.py
[2026-04-09T17:57:00.616+0000] {processor.py:830} INFO - Processing file /home/airflow/.local/lib/python3.8/site-packages/airflow/example_dags/example_trigger_target_dag.py for tasks to queue
[2026-04-09T17:57:00.624+0000] {logging_mixin.py:188} INFO - [2026-04-09T17:57:00.623+0000] {dagbag.py:538} INFO - Filling up the DagBag from /home/airflow/.local/lib/python3.8/site-packages/airflow/example_dags/example_trigger_target_dag.py
[2026-04-09T17:57:00.645+0000] {processor.py:840} INFO - DAG(s) 'example_trigger_target_dag' retrieved from /home/airflow/.local/lib/python3.8/site-packages/airflow/example_dags/example_trigger_target_dag.py
[2026-04-09T17:57:00.698+0000] {logging_mixin.py:188} INFO - [2026-04-09T17:57:00.697+0000] {dag.py:3036} INFO - Sync 1 DAGs
[2026-04-09T17:57:00.720+0000] {logging_mixin.py:188} INFO - [2026-04-09T17:57:00.720+0000] {dag.py:3823} INFO - Setting next_dagrun for example_trigger_target_dag to None, run_after=None
[2026-04-09T17:57:00.750+0000] {processor.py:183} INFO - Processing /home/airflow/.local/lib/python3.8/site-packages/airflow/example_dags/example_trigger_target_dag.py took 0.154 seconds
[2026-04-09T17:57:31.587+0000] {processor.py:161} INFO - Started process (PID=8112) to work on /home/airflow/.local/lib/python3.8/site-packages/airflow/example_dags/example_trigger_target_dag.py
[2026-04-09T17:57:31.589+0000] {processor.py:830} INFO - Processing file /home/airflow/.local/lib/python3.8/site-packages/airflow/example_dags/example_trigger_target_dag.py for tasks to queue
[2026-04-09T17:57:31.592+0000] {logging_mixin.py:188} INFO - [2026-04-09T17:57:31.591+0000] {dagbag.py:538} INFO - Filling up the DagBag from /home/airflow/.local/lib/python3.8/site-packages/airflow/example_dags/example_trigger_target_dag.py
[2026-04-09T17:57:31.601+0000] {processor.py:840} INFO - DAG(s) 'example_trigger_target_dag' retrieved from /home/airflow/.local/lib/python3.8/site-packages/airflow/example_dags/example_trigger_target_dag.py
[2026-04-09T17:57:31.633+0000] {logging_mixin.py:188} INFO - [2026-04-09T17:57:31.633+0000] {dag.py:3036} INFO - Sync 1 DAGs
[2026-04-09T17:57:31.651+0000] {logging_mixin.py:188} INFO - [2026-04-09T17:57:31.650+0000] {dag.py:3823} INFO - Setting next_dagrun for example_trigger_target_dag to None, run_after=None
[2026-04-09T17:57:31.676+0000] {processor.py:183} INFO - Processing /home/airflow/.local/lib/python3.8/site-packages/airflow/example_dags/example_trigger_target_dag.py took 0.093 seconds
[2026-04-09T17:58:02.360+0000] {processor.py:161} INFO - Started process (PID=8169) to work on /home/airflow/.local/lib/python3.8/site-packages/airflow/example_dags/example_trigger_target_dag.py
[2026-04-09T17:58:02.362+0000] {processor.py:830} INFO - Processing file /home/airflow/.local/lib/python3.8/site-packages/airflow/example_dags/example_trigger_target_dag.py for tasks to queue
[2026-04-09T17:58:02.365+0000] {logging_mixin.py:188} INFO - [2026-04-09T17:58:02.364+0000] {dagbag.py:538} INFO - Filling up the DagBag from /home/airflow/.local/lib/python3.8/site-packages/airflow/example_dags/example_trigger_target_dag.py
[2026-04-09T17:58:02.372+0000] {processor.py:840} INFO - DAG(s) 'example_trigger_target_dag' retrieved from /home/airflow/.local/lib/python3.8/site-packages/airflow/example_dags/example_trigger_target_dag.py
[2026-04-09T17:58:02.400+0000] {logging_mixin.py:188} INFO - [2026-04-09T17:58:02.400+0000] {dag.py:3036} INFO - Sync 1 DAGs
[2026-04-09T17:58:02.417+0000] {logging_mixin.py:188} INFO - [2026-04-09T17:58:02.416+0000] {dag.py:3823} INFO - Setting next_dagrun for example_trigger_target_dag to None, run_after=None
[2026-04-09T17:58:02.441+0000] {processor.py:183} INFO - Processing /home/airflow/.local/lib/python3.8/site-packages/airflow/example_dags/example_trigger_target_dag.py took 0.086 seconds
[2026-04-09T17:58:33.461+0000] {processor.py:161} INFO - Started process (PID=8226) to work on /home/airflow/.local/lib/python3.8/site-packages/airflow/example_dags/example_trigger_target_dag.py
[2026-04-09T17:58:33.462+0000] {processor.py:830} INFO - Processing file /home/airflow/.local/lib/python3.8/site-packages/airflow/example_dags/example_trigger_target_dag.py for tasks to queue
[2026-04-09T17:58:33.465+0000] {logging_mixin.py:188} INFO - [2026-04-09T17:58:33.465+0000] {dagbag.py:538} INFO - Filling up the DagBag from /home/airflow/.local/lib/python3.8/site-packages/airflow/example_dags/example_trigger_target_dag.py
[2026-04-09T17:58:33.474+0000] {processor.py:840} INFO - DAG(s) 'example_trigger_target_dag' retrieved from /home/airflow/.local/lib/python3.8/site-packages/airflow/example_dags/example_trigger_target_dag.py
[2026-04-09T17:58:33.508+0000] {logging_mixin.py:188} INFO - [2026-04-09T17:58:33.508+0000] {dag.py:3036} INFO - Sync 1 DAGs
[2026-04-09T17:58:33.524+0000] {logging_mixin.py:188} INFO - [2026-04-09T17:58:33.523+0000] {dag.py:3823} INFO - Setting next_dagrun for example_trigger_target_dag to None, run_after=None
[2026-04-09T17:58:33.553+0000] {processor.py:183} INFO - Processing /home/airflow/.local/lib/python3.8/site-packages/airflow/example_dags/example_trigger_target_dag.py took 0.097 seconds
[2026-04-09T17:59:03.953+0000] {processor.py:161} INFO - Started process (PID=8283) to work on /home/airflow/.local/lib/python3.8/site-packages/airflow/example_dags/example_trigger_target_dag.py
[2026-04-09T17:59:03.955+0000] {processor.py:830} INFO - Processing file /home/airflow/.local/lib/python3.8/site-packages/airflow/example_dags/example_trigger_target_dag.py for tasks to queue
[2026-04-09T17:59:03.957+0000] {logging_mixin.py:188} INFO - [2026-04-09T17:59:03.957+0000] {dagbag.py:538} INFO - Filling up the DagBag from /home/airflow/.local/lib/python3.8/site-packages/airflow/example_dags/example_trigger_target_dag.py
[2026-04-09T17:59:03.967+0000] {processor.py:840} INFO - DAG(s) 'example_trigger_target_dag' retrieved from /home/airflow/.local/lib/python3.8/site-packages/airflow/example_dags/example_trigger_target_dag.py
[2026-04-09T17:59:03.999+0000] {logging_mixin.py:188} INFO - [2026-04-09T17:59:03.999+0000] {dag.py:3036} INFO - Sync 1 DAGs
[2026-04-09T17:59:04.015+0000] {logging_mixin.py:188} INFO - [2026-04-09T17:59:04.015+0000] {dag.py:3823} INFO - Setting next_dagrun for example_trigger_target_dag to None, run_after=None
[2026-04-09T17:59:04.044+0000] {processor.py:183} INFO - Processing /home/airflow/.local/lib/python3.8/site-packages/airflow/example_dags/example_trigger_target_dag.py took 0.098 seconds
[2026-04-09T17:59:34.405+0000] {processor.py:161} INFO - Started process (PID=8340) to work on /home/airflow/.local/lib/python3.8/site-packages/airflow/example_dags/example_trigger_target_dag.py
[2026-04-09T17:59:34.407+0000] {processor.py:830} INFO - Processing file /home/airflow/.local/lib/python3.8/site-packages/airflow/example_dags/example_trigger_target_dag.py for tasks to queue
[2026-04-09T17:59:34.411+0000] {logging_mixin.py:188} INFO - [2026-04-09T17:59:34.410+0000] {dagbag.py:538} INFO - Filling up the DagBag from /home/airflow/.local/lib/python3.8/site-packages/airflow/example_dags/example_trigger_target_dag.py
[2026-04-09T17:59:34.424+0000] {processor.py:840} INFO - DAG(s) 'example_trigger_target_dag' retrieved from /home/airflow/.local/lib/python3.8/site-packages/airflow/example_dags/example_trigger_target_dag.py
[2026-04-09T17:59:34.463+0000] {logging_mixin.py:188} INFO - [2026-04-09T17:59:34.463+0000] {dag.py:3036} INFO - Sync 1 DAGs
[2026-04-09T17:59:34.491+0000] {logging_mixin.py:188} INFO - [2026-04-09T17:59:34.491+0000] {dag.py:3823} INFO - Setting next_dagrun for example_trigger_target_dag to None, run_after=None
[2026-04-09T17:59:34.525+0000] {processor.py:183} INFO - Processing /home/airflow/.local/lib/python3.8/site-packages/airflow/example_dags/example_trigger_target_dag.py took 0.126 seconds
[2026-04-09T18:00:04.726+0000] {processor.py:161} INFO - Started process (PID=8397) to work on /home/airflow/.local/lib/python3.8/site-packages/airflow/example_dags/example_trigger_target_dag.py
[2026-04-09T18:00:04.728+0000] {processor.py:830} INFO - Processing file /home/airflow/.local/lib/python3.8/site-packages/airflow/example_dags/example_trigger_target_dag.py for tasks to queue
[2026-04-09T18:00:04.733+0000] {logging_mixin.py:188} INFO - [2026-04-09T18:00:04.732+0000] {dagbag.py:538} INFO - Filling up the DagBag from /home/airflow/.local/lib/python3.8/site-packages/airflow/example_dags/example_trigger_target_dag.py
[2026-04-09T18:00:04.751+0000] {processor.py:840} INFO - DAG(s) 'example_trigger_target_dag' retrieved from /home/airflow/.local/lib/python3.8/site-packages/airflow/example_dags/example_trigger_target_dag.py
[2026-04-09T18:00:04.792+0000] {logging_mixin.py:188} INFO - [2026-04-09T18:00:04.792+0000] {dag.py:3036} INFO - Sync 1 DAGs
[2026-04-09T18:00:04.818+0000] {logging_mixin.py:188} INFO - [2026-04-09T18:00:04.817+0000] {dag.py:3823} INFO - Setting next_dagrun for example_trigger_target_dag to None, run_after=None
[2026-04-09T18:00:04.848+0000] {processor.py:183} INFO - Processing /home/airflow/.local/lib/python3.8/site-packages/airflow/example_dags/example_trigger_target_dag.py took 0.128 seconds
[2026-04-09T18:00:35.459+0000] {processor.py:161} INFO - Started process (PID=8454) to work on /home/airflow/.local/lib/python3.8/site-packages/airflow/example_dags/example_trigger_target_dag.py
[2026-04-09T18:00:35.461+0000] {processor.py:830} INFO - Processing file /home/airflow/.local/lib/python3.8/site-packages/airflow/example_dags/example_trigger_target_dag.py for tasks to queue
[2026-04-09T18:00:35.464+0000] {logging_mixin.py:188} INFO - [2026-04-09T18:00:35.464+0000] {dagbag.py:538} INFO - Filling up the DagBag from /home/airflow/.local/lib/python3.8/site-packages/airflow/example_dags/example_trigger_target_dag.py
[2026-04-09T18:00:35.476+0000] {processor.py:840} INFO - DAG(s) 'example_trigger_target_dag' retrieved from /home/airflow/.local/lib/python3.8/site-packages/airflow/example_dags/example_trigger_target_dag.py
[2026-04-09T18:00:35.508+0000] {logging_mixin.py:188} INFO - [2026-04-09T18:00:35.507+0000] {dag.py:3036} INFO - Sync 1 DAGs
[2026-04-09T18:00:35.527+0000] {logging_mixin.py:188} INFO - [2026-04-09T18:00:35.527+0000] {dag.py:3823} INFO - Setting next_dagrun for example_trigger_target_dag to None, run_after=None
[2026-04-09T18:00:35.564+0000] {processor.py:183} INFO - Processing /home/airflow/.local/lib/python3.8/site-packages/airflow/example_dags/example_trigger_target_dag.py took 0.110 seconds
[2026-04-09T18:01:05.793+0000] {processor.py:161} INFO - Started process (PID=8511) to work on /home/airflow/.local/lib/python3.8/site-packages/airflow/example_dags/example_trigger_target_dag.py
[2026-04-09T18:01:05.795+0000] {processor.py:830} INFO - Processing file /home/airflow/.local/lib/python3.8/site-packages/airflow/example_dags/example_trigger_target_dag.py for tasks to queue
[2026-04-09T18:01:05.801+0000] {logging_mixin.py:188} INFO - [2026-04-09T18:01:05.800+0000] {dagbag.py:538} INFO - Filling up the DagBag from /home/airflow/.local/lib/python3.8/site-packages/airflow/example_dags/example_trigger_target_dag.py
[2026-04-09T18:01:05.819+0000] {processor.py:840} INFO - DAG(s) 'example_trigger_target_dag' retrieved from /home/airflow/.local/lib/python3.8/site-packages/airflow/example_dags/example_trigger_target_dag.py
[2026-04-09T18:01:05.869+0000] {logging_mixin.py:188} INFO - [2026-04-09T18:01:05.868+0000] {dag.py:3036} INFO - Sync 1 DAGs
[2026-04-09T18:01:05.888+0000] {logging_mixin.py:188} INFO - [2026-04-09T18:01:05.888+0000] {dag.py:3823} INFO - Setting next_dagrun for example_trigger_target_dag to None, run_after=None
[2026-04-09T18:01:05.918+0000] {processor.py:183} INFO - Processing /home/airflow/.local/lib/python3.8/site-packages/airflow/example_dags/example_trigger_target_dag.py took 0.130 seconds
[2026-04-09T18:01:36.643+0000] {processor.py:161} INFO - Started process (PID=8566) to work on /home/airflow/.local/lib/python3.8/site-packages/airflow/example_dags/example_trigger_target_dag.py
[2026-04-09T18:01:36.645+0000] {processor.py:830} INFO - Processing file /home/airflow/.local/lib/python3.8/site-packages/airflow/example_dags/example_trigger_target_dag.py for tasks to queue
[2026-04-09T18:01:36.647+0000] {logging_mixin.py:188} INFO - [2026-04-09T18:01:36.647+0000] {dagbag.py:538} INFO - Filling up the DagBag from /home/airflow/.local/lib/python3.8/site-packages/airflow/example_dags/example_trigger_target_dag.py
[2026-04-09T18:01:36.655+0000] {processor.py:840} INFO - DAG(s) 'example_trigger_target_dag' retrieved from /home/airflow/.local/lib/python3.8/site-packages/airflow/example_dags/example_trigger_target_dag.py
[2026-04-09T18:01:36.683+0000] {logging_mixin.py:188} INFO - [2026-04-09T18:01:36.682+0000] {dag.py:3036} INFO - Sync 1 DAGs
[2026-04-09T18:01:36.699+0000] {logging_mixin.py:188} INFO - [2026-04-09T18:01:36.699+0000] {dag.py:3823} INFO - Setting next_dagrun for example_trigger_target_dag to None, run_after=None
[2026-04-09T18:01:36.730+0000] {processor.py:183} INFO - Processing /home/airflow/.local/lib/python3.8/site-packages/airflow/example_dags/example_trigger_target_dag.py took 0.091 seconds
[2026-04-09T18:02:07.097+0000] {processor.py:161} INFO - Started process (PID=8623) to work on /home/airflow/.local/lib/python3.8/site-packages/airflow/example_dags/example_trigger_target_dag.py
[2026-04-09T18:02:07.099+0000] {processor.py:830} INFO - Processing file /home/airflow/.local/lib/python3.8/site-packages/airflow/example_dags/example_trigger_target_dag.py for tasks to queue
[2026-04-09T18:02:07.102+0000] {logging_mixin.py:188} INFO - [2026-04-09T18:02:07.102+0000] {dagbag.py:538} INFO - Filling up the DagBag from /home/airflow/.local/lib/python3.8/site-packages/airflow/example_dags/example_trigger_target_dag.py
[2026-04-09T18:02:07.112+0000] {processor.py:840} INFO - DAG(s) 'example_trigger_target_dag' retrieved from /home/airflow/.local/lib/python3.8/site-packages/airflow/example_dags/example_trigger_target_dag.py
[2026-04-09T18:02:07.141+0000] {logging_mixin.py:188} INFO - [2026-04-09T18:02:07.141+0000] {dag.py:3036} INFO - Sync 1 DAGs
[2026-04-09T18:02:07.162+0000] {logging_mixin.py:188} INFO - [2026-04-09T18:02:07.162+0000] {dag.py:3823} INFO - Setting next_dagrun for example_trigger_target_dag to None, run_after=None
[2026-04-09T18:02:07.194+0000] {processor.py:183} INFO - Processing /home/airflow/.local/lib/python3.8/site-packages/airflow/example_dags/example_trigger_target_dag.py took 0.102 seconds
[2026-04-09T18:02:37.987+0000] {processor.py:161} INFO - Started process (PID=8680) to work on /home/airflow/.local/lib/python3.8/site-packages/airflow/example_dags/example_trigger_target_dag.py
[2026-04-09T18:02:37.989+0000] {processor.py:830} INFO - Processing file /home/airflow/.local/lib/python3.8/site-packages/airflow/example_dags/example_trigger_target_dag.py for tasks to queue
[2026-04-09T18:02:37.993+0000] {logging_mixin.py:188} INFO - [2026-04-09T18:02:37.992+0000] {dagbag.py:538} INFO - Filling up the DagBag from /home/airflow/.local/lib/python3.8/site-packages/airflow/example_dags/example_trigger_target_dag.py
[2026-04-09T18:02:38.001+0000] {processor.py:840} INFO - DAG(s) 'example_trigger_target_dag' retrieved from /home/airflow/.local/lib/python3.8/site-packages/airflow/example_dags/example_trigger_target_dag.py
[2026-04-09T18:02:38.036+0000] {logging_mixin.py:188} INFO - [2026-04-09T18:02:38.036+0000] {dag.py:3036} INFO - Sync 1 DAGs
[2026-04-09T18:02:38.059+0000] {logging_mixin.py:188} INFO - [2026-04-09T18:02:38.058+0000] {dag.py:3823} INFO - Setting next_dagrun for example_trigger_target_dag to None, run_after=None
[2026-04-09T18:02:38.353+0000] {processor.py:183} INFO - Processing /home/airflow/.local/lib/python3.8/site-packages/airflow/example_dags/example_trigger_target_dag.py took 0.371 seconds
[2026-04-09T18:03:08.841+0000] {processor.py:161} INFO - Started process (PID=8737) to work on /home/airflow/.local/lib/python3.8/site-packages/airflow/example_dags/example_trigger_target_dag.py
[2026-04-09T18:03:08.843+0000] {processor.py:830} INFO - Processing file /home/airflow/.local/lib/python3.8/site-packages/airflow/example_dags/example_trigger_target_dag.py for tasks to queue
[2026-04-09T18:03:08.846+0000] {logging_mixin.py:188} INFO - [2026-04-09T18:03:08.846+0000] {dagbag.py:538} INFO - Filling up the DagBag from /home/airflow/.local/lib/python3.8/site-packages/airflow/example_dags/example_trigger_target_dag.py
[2026-04-09T18:03:08.857+0000] {processor.py:840} INFO - DAG(s) 'example_trigger_target_dag' retrieved from /home/airflow/.local/lib/python3.8/site-packages/airflow/example_dags/example_trigger_target_dag.py
[2026-04-09T18:03:08.886+0000] {logging_mixin.py:188} INFO - [2026-04-09T18:03:08.886+0000] {dag.py:3036} INFO - Sync 1 DAGs
[2026-04-09T18:03:08.902+0000] {logging_mixin.py:188} INFO - [2026-04-09T18:03:08.902+0000] {dag.py:3823} INFO - Setting next_dagrun for example_trigger_target_dag to None, run_after=None
[2026-04-09T18:03:08.931+0000] {processor.py:183} INFO - Processing /home/airflow/.local/lib/python3.8/site-packages/airflow/example_dags/example_trigger_target_dag.py took 0.093 seconds
[2026-04-09T18:03:39.208+0000] {processor.py:161} INFO - Started process (PID=8794) to work on /home/airflow/.local/lib/python3.8/site-packages/airflow/example_dags/example_trigger_target_dag.py
[2026-04-09T18:03:39.210+0000] {processor.py:830} INFO - Processing file /home/airflow/.local/lib/python3.8/site-packages/airflow/example_dags/example_trigger_target_dag.py for tasks to queue
[2026-04-09T18:03:39.213+0000] {logging_mixin.py:188} INFO - [2026-04-09T18:03:39.213+0000] {dagbag.py:538} INFO - Filling up the DagBag from /home/airflow/.local/lib/python3.8/site-packages/airflow/example_dags/example_trigger_target_dag.py
[2026-04-09T18:03:39.223+0000] {processor.py:840} INFO - DAG(s) 'example_trigger_target_dag' retrieved from /home/airflow/.local/lib/python3.8/site-packages/airflow/example_dags/example_trigger_target_dag.py
[2026-04-09T18:03:39.249+0000] {logging_mixin.py:188} INFO - [2026-04-09T18:03:39.249+0000] {dag.py:3036} INFO - Sync 1 DAGs
[2026-04-09T18:03:39.262+0000] {logging_mixin.py:188} INFO - [2026-04-09T18:03:39.262+0000] {dag.py:3823} INFO - Setting next_dagrun for example_trigger_target_dag to None, run_after=None
[2026-04-09T18:03:39.286+0000] {processor.py:183} INFO - Processing /home/airflow/.local/lib/python3.8/site-packages/airflow/example_dags/example_trigger_target_dag.py took 0.083 seconds
[2026-04-09T18:04:09.571+0000] {processor.py:161} INFO - Started process (PID=8850) to work on /home/airflow/.local/lib/python3.8/site-packages/airflow/example_dags/example_trigger_target_dag.py
[2026-04-09T18:04:09.573+0000] {processor.py:830} INFO - Processing file /home/airflow/.local/lib/python3.8/site-packages/airflow/example_dags/example_trigger_target_dag.py for tasks to queue
[2026-04-09T18:04:09.576+0000] {logging_mixin.py:188} INFO - [2026-04-09T18:04:09.575+0000] {dagbag.py:538} INFO - Filling up the DagBag from /home/airflow/.local/lib/python3.8/site-packages/airflow/example_dags/example_trigger_target_dag.py
[2026-04-09T18:04:09.584+0000] {processor.py:840} INFO - DAG(s) 'example_trigger_target_dag' retrieved from /home/airflow/.local/lib/python3.8/site-packages/airflow/example_dags/example_trigger_target_dag.py
[2026-04-09T18:04:09.610+0000] {logging_mixin.py:188} INFO - [2026-04-09T18:04:09.610+0000] {dag.py:3036} INFO - Sync 1 DAGs
[2026-04-09T18:04:09.624+0000] {logging_mixin.py:188} INFO - [2026-04-09T18:04:09.624+0000] {dag.py:3823} INFO - Setting next_dagrun for example_trigger_target_dag to None, run_after=None
[2026-04-09T18:04:09.651+0000] {processor.py:183} INFO - Processing /home/airflow/.local/lib/python3.8/site-packages/airflow/example_dags/example_trigger_target_dag.py took 0.085 seconds
[2026-04-09T18:04:40.438+0000] {processor.py:161} INFO - Started process (PID=8909) to work on /home/airflow/.local/lib/python3.8/site-packages/airflow/example_dags/example_trigger_target_dag.py
[2026-04-09T18:04:40.439+0000] {processor.py:830} INFO - Processing file /home/airflow/.local/lib/python3.8/site-packages/airflow/example_dags/example_trigger_target_dag.py for tasks to queue
[2026-04-09T18:04:40.442+0000] {logging_mixin.py:188} INFO - [2026-04-09T18:04:40.441+0000] {dagbag.py:538} INFO - Filling up the DagBag from /home/airflow/.local/lib/python3.8/site-packages/airflow/example_dags/example_trigger_target_dag.py
[2026-04-09T18:04:40.451+0000] {processor.py:840} INFO - DAG(s) 'example_trigger_target_dag' retrieved from /home/airflow/.local/lib/python3.8/site-packages/airflow/example_dags/example_trigger_target_dag.py
[2026-04-09T18:04:40.484+0000] {logging_mixin.py:188} INFO - [2026-04-09T18:04:40.483+0000] {dag.py:3036} INFO - Sync 1 DAGs
[2026-04-09T18:04:40.505+0000] {logging_mixin.py:188} INFO - [2026-04-09T18:04:40.504+0000] {dag.py:3823} INFO - Setting next_dagrun for example_trigger_target_dag to None, run_after=None
[2026-04-09T18:04:40.536+0000] {processor.py:183} INFO - Processing /home/airflow/.local/lib/python3.8/site-packages/airflow/example_dags/example_trigger_target_dag.py took 0.102 seconds
[2026-04-09T18:05:10.814+0000] {processor.py:161} INFO - Started process (PID=8966) to work on /home/airflow/.local/lib/python3.8/site-packages/airflow/example_dags/example_trigger_target_dag.py
[2026-04-09T18:05:10.816+0000] {processor.py:830} INFO - Processing file /home/airflow/.local/lib/python3.8/site-packages/airflow/example_dags/example_trigger_target_dag.py for tasks to queue
[2026-04-09T18:05:10.819+0000] {logging_mixin.py:188} INFO - [2026-04-09T18:05:10.818+0000] {dagbag.py:538} INFO - Filling up the DagBag from /home/airflow/.local/lib/python3.8/site-packages/airflow/example_dags/example_trigger_target_dag.py
[2026-04-09T18:05:10.828+0000] {processor.py:840} INFO - DAG(s) 'example_trigger_target_dag' retrieved from /home/airflow/.local/lib/python3.8/site-packages/airflow/example_dags/example_trigger_target_dag.py
[2026-04-09T18:05:10.859+0000] {logging_mixin.py:188} INFO - [2026-04-09T18:05:10.858+0000] {dag.py:3036} INFO - Sync 1 DAGs
[2026-04-09T18:05:10.877+0000] {logging_mixin.py:188} INFO - [2026-04-09T18:05:10.876+0000] {dag.py:3823} INFO - Setting next_dagrun for example_trigger_target_dag to None, run_after=None
[2026-04-09T18:05:10.908+0000] {processor.py:183} INFO - Processing /home/airflow/.local/lib/python3.8/site-packages/airflow/example_dags/example_trigger_target_dag.py took 0.099 seconds
[2026-04-09T18:05:41.336+0000] {processor.py:161} INFO - Started process (PID=9023) to work on /home/airflow/.local/lib/python3.8/site-packages/airflow/example_dags/example_trigger_target_dag.py
[2026-04-09T18:05:41.338+0000] {processor.py:830} INFO - Processing file /home/airflow/.local/lib/python3.8/site-packages/airflow/example_dags/example_trigger_target_dag.py for tasks to queue
[2026-04-09T18:05:41.341+0000] {logging_mixin.py:188} INFO - [2026-04-09T18:05:41.340+0000] {dagbag.py:538} INFO - Filling up the DagBag from /home/airflow/.local/lib/python3.8/site-packages/airflow/example_dags/example_trigger_target_dag.py
[2026-04-09T18:05:41.348+0000] {processor.py:840} INFO - DAG(s) 'example_trigger_target_dag' retrieved from /home/airflow/.local/lib/python3.8/site-packages/airflow/example_dags/example_trigger_target_dag.py
[2026-04-09T18:05:41.372+0000] {logging_mixin.py:188} INFO - [2026-04-09T18:05:41.371+0000] {dag.py:3036} INFO - Sync 1 DAGs
[2026-04-09T18:05:41.389+0000] {logging_mixin.py:188} INFO - [2026-04-09T18:05:41.388+0000] {dag.py:3823} INFO - Setting next_dagrun for example_trigger_target_dag to None, run_after=None
[2026-04-09T18:05:41.415+0000] {processor.py:183} INFO - Processing /home/airflow/.local/lib/python3.8/site-packages/airflow/example_dags/example_trigger_target_dag.py took 0.083 seconds
[2026-04-09T18:06:12.141+0000] {processor.py:161} INFO - Started process (PID=9080) to work on /home/airflow/.local/lib/python3.8/site-packages/airflow/example_dags/example_trigger_target_dag.py
[2026-04-09T18:06:12.143+0000] {processor.py:830} INFO - Processing file /home/airflow/.local/lib/python3.8/site-packages/airflow/example_dags/example_trigger_target_dag.py for tasks to queue
[2026-04-09T18:06:12.146+0000] {logging_mixin.py:188} INFO - [2026-04-09T18:06:12.145+0000] {dagbag.py:538} INFO - Filling up the DagBag from /home/airflow/.local/lib/python3.8/site-packages/airflow/example_dags/example_trigger_target_dag.py
[2026-04-09T18:06:12.155+0000] {processor.py:840} INFO - DAG(s) 'example_trigger_target_dag' retrieved from /home/airflow/.local/lib/python3.8/site-packages/airflow/example_dags/example_trigger_target_dag.py
[2026-04-09T18:06:12.178+0000] {logging_mixin.py:188} INFO - [2026-04-09T18:06:12.178+0000] {dag.py:3036} INFO - Sync 1 DAGs
[2026-04-09T18:06:12.192+0000] {logging_mixin.py:188} INFO - [2026-04-09T18:06:12.192+0000] {dag.py:3823} INFO - Setting next_dagrun for example_trigger_target_dag to None, run_after=None
[2026-04-09T18:06:12.216+0000] {processor.py:183} INFO - Processing /home/airflow/.local/lib/python3.8/site-packages/airflow/example_dags/example_trigger_target_dag.py took 0.080 seconds
[2026-04-09T18:06:43.036+0000] {processor.py:161} INFO - Started process (PID=9137) to work on /home/airflow/.local/lib/python3.8/site-packages/airflow/example_dags/example_trigger_target_dag.py
[2026-04-09T18:06:43.037+0000] {processor.py:830} INFO - Processing file /home/airflow/.local/lib/python3.8/site-packages/airflow/example_dags/example_trigger_target_dag.py for tasks to queue
[2026-04-09T18:06:43.039+0000] {logging_mixin.py:188} INFO - [2026-04-09T18:06:43.039+0000] {dagbag.py:538} INFO - Filling up the DagBag from /home/airflow/.local/lib/python3.8/site-packages/airflow/example_dags/example_trigger_target_dag.py
[2026-04-09T18:06:43.047+0000] {processor.py:840} INFO - DAG(s) 'example_trigger_target_dag' retrieved from /home/airflow/.local/lib/python3.8/site-packages/airflow/example_dags/example_trigger_target_dag.py
[2026-04-09T18:06:43.224+0000] {logging_mixin.py:188} INFO - [2026-04-09T18:06:43.224+0000] {dag.py:3036} INFO - Sync 1 DAGs
[2026-04-09T18:06:43.235+0000] {logging_mixin.py:188} INFO - [2026-04-09T18:06:43.234+0000] {dag.py:3823} INFO - Setting next_dagrun for example_trigger_target_dag to None, run_after=None
[2026-04-09T18:06:43.258+0000] {processor.py:183} INFO - Processing /home/airflow/.local/lib/python3.8/site-packages/airflow/example_dags/example_trigger_target_dag.py took 0.227 seconds
[2026-04-09T18:07:13.355+0000] {processor.py:161} INFO - Started process (PID=9194) to work on /home/airflow/.local/lib/python3.8/site-packages/airflow/example_dags/example_trigger_target_dag.py
[2026-04-09T18:07:13.358+0000] {processor.py:830} INFO - Processing file /home/airflow/.local/lib/python3.8/site-packages/airflow/example_dags/example_trigger_target_dag.py for tasks to queue
[2026-04-09T18:07:13.360+0000] {logging_mixin.py:188} INFO - [2026-04-09T18:07:13.360+0000] {dagbag.py:538} INFO - Filling up the DagBag from /home/airflow/.local/lib/python3.8/site-packages/airflow/example_dags/example_trigger_target_dag.py
[2026-04-09T18:07:13.367+0000] {processor.py:840} INFO - DAG(s) 'example_trigger_target_dag' retrieved from /home/airflow/.local/lib/python3.8/site-packages/airflow/example_dags/example_trigger_target_dag.py
[2026-04-09T18:07:13.392+0000] {logging_mixin.py:188} INFO - [2026-04-09T18:07:13.391+0000] {dag.py:3036} INFO - Sync 1 DAGs
[2026-04-09T18:07:13.405+0000] {logging_mixin.py:188} INFO - [2026-04-09T18:07:13.404+0000] {dag.py:3823} INFO - Setting next_dagrun for example_trigger_target_dag to None, run_after=None
[2026-04-09T18:07:13.430+0000] {processor.py:183} INFO - Processing /home/airflow/.local/lib/python3.8/site-packages/airflow/example_dags/example_trigger_target_dag.py took 0.079 seconds
[2026-04-09T18:07:43.567+0000] {processor.py:161} INFO - Started process (PID=9251) to work on /home/airflow/.local/lib/python3.8/site-packages/airflow/example_dags/example_trigger_target_dag.py
[2026-04-09T18:07:43.569+0000] {processor.py:830} INFO - Processing file /home/airflow/.local/lib/python3.8/site-packages/airflow/example_dags/example_trigger_target_dag.py for tasks to queue
[2026-04-09T18:07:43.571+0000] {logging_mixin.py:188} INFO - [2026-04-09T18:07:43.570+0000] {dagbag.py:538} INFO - Filling up the DagBag from /home/airflow/.local/lib/python3.8/site-packages/airflow/example_dags/example_trigger_target_dag.py
[2026-04-09T18:07:43.579+0000] {processor.py:840} INFO - DAG(s) 'example_trigger_target_dag' retrieved from /home/airflow/.local/lib/python3.8/site-packages/airflow/example_dags/example_trigger_target_dag.py
[2026-04-09T18:07:43.603+0000] {logging_mixin.py:188} INFO - [2026-04-09T18:07:43.603+0000] {dag.py:3036} INFO - Sync 1 DAGs
[2026-04-09T18:07:43.617+0000] {logging_mixin.py:188} INFO - [2026-04-09T18:07:43.617+0000] {dag.py:3823} INFO - Setting next_dagrun for example_trigger_target_dag to None, run_after=None
[2026-04-09T18:07:43.646+0000] {processor.py:183} INFO - Processing /home/airflow/.local/lib/python3.8/site-packages/airflow/example_dags/example_trigger_target_dag.py took 0.082 seconds
[2026-04-09T18:08:13.866+0000] {processor.py:161} INFO - Started process (PID=9308) to work on /home/airflow/.local/lib/python3.8/site-packages/airflow/example_dags/example_trigger_target_dag.py
[2026-04-09T18:08:13.868+0000] {processor.py:830} INFO - Processing file /home/airflow/.local/lib/python3.8/site-packages/airflow/example_dags/example_trigger_target_dag.py for tasks to queue
[2026-04-09T18:08:13.871+0000] {logging_mixin.py:188} INFO - [2026-04-09T18:08:13.870+0000] {dagbag.py:538} INFO - Filling up the DagBag from /home/airflow/.local/lib/python3.8/site-packages/airflow/example_dags/example_trigger_target_dag.py
[2026-04-09T18:08:13.881+0000] {processor.py:840} INFO - DAG(s) 'example_trigger_target_dag' retrieved from /home/airflow/.local/lib/python3.8/site-packages/airflow/example_dags/example_trigger_target_dag.py
[2026-04-09T18:08:13.908+0000] {logging_mixin.py:188} INFO - [2026-04-09T18:08:13.907+0000] {dag.py:3036} INFO - Sync 1 DAGs
[2026-04-09T18:08:13.919+0000] {logging_mixin.py:188} INFO - [2026-04-09T18:08:13.919+0000] {dag.py:3823} INFO - Setting next_dagrun for example_trigger_target_dag to None, run_after=None
[2026-04-09T18:08:13.944+0000] {processor.py:183} INFO - Processing /home/airflow/.local/lib/python3.8/site-packages/airflow/example_dags/example_trigger_target_dag.py took 0.084 seconds
[2026-04-09T18:08:44.207+0000] {processor.py:161} INFO - Started process (PID=9365) to work on /home/airflow/.local/lib/python3.8/site-packages/airflow/example_dags/example_trigger_target_dag.py
[2026-04-09T18:08:44.209+0000] {processor.py:830} INFO - Processing file /home/airflow/.local/lib/python3.8/site-packages/airflow/example_dags/example_trigger_target_dag.py for tasks to queue
[2026-04-09T18:08:44.211+0000] {logging_mixin.py:188} INFO - [2026-04-09T18:08:44.211+0000] {dagbag.py:538} INFO - Filling up the DagBag from /home/airflow/.local/lib/python3.8/site-packages/airflow/example_dags/example_trigger_target_dag.py
[2026-04-09T18:08:44.218+0000] {processor.py:840} INFO - DAG(s) 'example_trigger_target_dag' retrieved from /home/airflow/.local/lib/python3.8/site-packages/airflow/example_dags/example_trigger_target_dag.py
[2026-04-09T18:08:44.242+0000] {logging_mixin.py:188} INFO - [2026-04-09T18:08:44.242+0000] {dag.py:3036} INFO - Sync 1 DAGs
[2026-04-09T18:08:44.256+0000] {logging_mixin.py:188} INFO - [2026-04-09T18:08:44.256+0000] {dag.py:3823} INFO - Setting next_dagrun for example_trigger_target_dag to None, run_after=None
[2026-04-09T18:08:44.280+0000] {processor.py:183} INFO - Processing /home/airflow/.local/lib/python3.8/site-packages/airflow/example_dags/example_trigger_target_dag.py took 0.076 seconds
[2026-04-09T18:09:14.423+0000] {processor.py:161} INFO - Started process (PID=9423) to work on /home/airflow/.local/lib/python3.8/site-packages/airflow/example_dags/example_trigger_target_dag.py
[2026-04-09T18:09:14.425+0000] {processor.py:830} INFO - Processing file /home/airflow/.local/lib/python3.8/site-packages/airflow/example_dags/example_trigger_target_dag.py for tasks to queue
[2026-04-09T18:09:14.427+0000] {logging_mixin.py:188} INFO - [2026-04-09T18:09:14.426+0000] {dagbag.py:538} INFO - Filling up the DagBag from /home/airflow/.local/lib/python3.8/site-packages/airflow/example_dags/example_trigger_target_dag.py
[2026-04-09T18:09:14.432+0000] {processor.py:840} INFO - DAG(s) 'example_trigger_target_dag' retrieved from /home/airflow/.local/lib/python3.8/site-packages/airflow/example_dags/example_trigger_target_dag.py
[2026-04-09T18:09:14.454+0000] {logging_mixin.py:188} INFO - [2026-04-09T18:09:14.453+0000] {dag.py:3036} INFO - Sync 1 DAGs
[2026-04-09T18:09:14.465+0000] {logging_mixin.py:188} INFO - [2026-04-09T18:09:14.465+0000] {dag.py:3823} INFO - Setting next_dagrun for example_trigger_target_dag to None, run_after=None
[2026-04-09T18:09:14.486+0000] {processor.py:183} INFO - Processing /home/airflow/.local/lib/python3.8/site-packages/airflow/example_dags/example_trigger_target_dag.py took 0.067 seconds
[2026-04-09T18:09:44.716+0000] {processor.py:161} INFO - Started process (PID=9479) to work on /home/airflow/.local/lib/python3.8/site-packages/airflow/example_dags/example_trigger_target_dag.py
[2026-04-09T18:09:44.717+0000] {processor.py:830} INFO - Processing file /home/airflow/.local/lib/python3.8/site-packages/airflow/example_dags/example_trigger_target_dag.py for tasks to queue
[2026-04-09T18:09:44.719+0000] {logging_mixin.py:188} INFO - [2026-04-09T18:09:44.719+0000] {dagbag.py:538} INFO - Filling up the DagBag from /home/airflow/.local/lib/python3.8/site-packages/airflow/example_dags/example_trigger_target_dag.py
[2026-04-09T18:09:44.726+0000] {processor.py:840} INFO - DAG(s) 'example_trigger_target_dag' retrieved from /home/airflow/.local/lib/python3.8/site-packages/airflow/example_dags/example_trigger_target_dag.py
[2026-04-09T18:09:44.751+0000] {logging_mixin.py:188} INFO - [2026-04-09T18:09:44.750+0000] {dag.py:3036} INFO - Sync 1 DAGs
[2026-04-09T18:09:44.765+0000] {logging_mixin.py:188} INFO - [2026-04-09T18:09:44.765+0000] {dag.py:3823} INFO - Setting next_dagrun for example_trigger_target_dag to None, run_after=None
[2026-04-09T18:09:44.790+0000] {processor.py:183} INFO - Processing /home/airflow/.local/lib/python3.8/site-packages/airflow/example_dags/example_trigger_target_dag.py took 0.078 seconds
[2026-04-09T18:10:15.332+0000] {processor.py:161} INFO - Started process (PID=9536) to work on /home/airflow/.local/lib/python3.8/site-packages/airflow/example_dags/example_trigger_target_dag.py
[2026-04-09T18:10:15.334+0000] {processor.py:830} INFO - Processing file /home/airflow/.local/lib/python3.8/site-packages/airflow/example_dags/example_trigger_target_dag.py for tasks to queue
[2026-04-09T18:10:15.336+0000] {logging_mixin.py:188} INFO - [2026-04-09T18:10:15.335+0000] {dagbag.py:538} INFO - Filling up the DagBag from /home/airflow/.local/lib/python3.8/site-packages/airflow/example_dags/example_trigger_target_dag.py
[2026-04-09T18:10:15.342+0000] {processor.py:840} INFO - DAG(s) 'example_trigger_target_dag' retrieved from /home/airflow/.local/lib/python3.8/site-packages/airflow/example_dags/example_trigger_target_dag.py
[2026-04-09T18:10:15.365+0000] {logging_mixin.py:188} INFO - [2026-04-09T18:10:15.365+0000] {dag.py:3036} INFO - Sync 1 DAGs
[2026-04-09T18:10:15.378+0000] {logging_mixin.py:188} INFO - [2026-04-09T18:10:15.378+0000] {dag.py:3823} INFO - Setting next_dagrun for example_trigger_target_dag to None, run_after=None
[2026-04-09T18:10:15.401+0000] {processor.py:183} INFO - Processing /home/airflow/.local/lib/python3.8/site-packages/airflow/example_dags/example_trigger_target_dag.py took 0.073 seconds
[2026-04-09T18:10:45.715+0000] {processor.py:161} INFO - Started process (PID=9593) to work on /home/airflow/.local/lib/python3.8/site-packages/airflow/example_dags/example_trigger_target_dag.py
[2026-04-09T18:10:45.717+0000] {processor.py:830} INFO - Processing file /home/airflow/.local/lib/python3.8/site-packages/airflow/example_dags/example_trigger_target_dag.py for tasks to queue
[2026-04-09T18:10:45.719+0000] {logging_mixin.py:188} INFO - [2026-04-09T18:10:45.718+0000] {dagbag.py:538} INFO - Filling up the DagBag from /home/airflow/.local/lib/python3.8/site-packages/airflow/example_dags/example_trigger_target_dag.py
[2026-04-09T18:10:45.725+0000] {processor.py:840} INFO - DAG(s) 'example_trigger_target_dag' retrieved from /home/airflow/.local/lib/python3.8/site-packages/airflow/example_dags/example_trigger_target_dag.py
[2026-04-09T18:10:45.748+0000] {logging_mixin.py:188} INFO - [2026-04-09T18:10:45.748+0000] {dag.py:3036} INFO - Sync 1 DAGs
[2026-04-09T18:10:45.761+0000] {logging_mixin.py:188} INFO - [2026-04-09T18:10:45.761+0000] {dag.py:3823} INFO - Setting next_dagrun for example_trigger_target_dag to None, run_after=None
[2026-04-09T18:10:45.784+0000] {processor.py:183} INFO - Processing /home/airflow/.local/lib/python3.8/site-packages/airflow/example_dags/example_trigger_target_dag.py took 0.072 seconds
[2026-04-09T18:11:15.995+0000] {processor.py:161} INFO - Started process (PID=9650) to work on /home/airflow/.local/lib/python3.8/site-packages/airflow/example_dags/example_trigger_target_dag.py
[2026-04-09T18:11:15.998+0000] {processor.py:830} INFO - Processing file /home/airflow/.local/lib/python3.8/site-packages/airflow/example_dags/example_trigger_target_dag.py for tasks to queue
[2026-04-09T18:11:16.000+0000] {logging_mixin.py:188} INFO - [2026-04-09T18:11:16.000+0000] {dagbag.py:538} INFO - Filling up the DagBag from /home/airflow/.local/lib/python3.8/site-packages/airflow/example_dags/example_trigger_target_dag.py
[2026-04-09T18:11:16.007+0000] {processor.py:840} INFO - DAG(s) 'example_trigger_target_dag' retrieved from /home/airflow/.local/lib/python3.8/site-packages/airflow/example_dags/example_trigger_target_dag.py
[2026-04-09T18:11:16.029+0000] {logging_mixin.py:188} INFO - [2026-04-09T18:11:16.029+0000] {dag.py:3036} INFO - Sync 1 DAGs
[2026-04-09T18:11:16.042+0000] {logging_mixin.py:188} INFO - [2026-04-09T18:11:16.041+0000] {dag.py:3823} INFO - Setting next_dagrun for example_trigger_target_dag to None, run_after=None
[2026-04-09T18:11:16.065+0000] {processor.py:183} INFO - Processing /home/airflow/.local/lib/python3.8/site-packages/airflow/example_dags/example_trigger_target_dag.py took 0.075 seconds
[2026-04-09T18:11:46.362+0000] {processor.py:161} INFO - Started process (PID=9707) to work on /home/airflow/.local/lib/python3.8/site-packages/airflow/example_dags/example_trigger_target_dag.py
[2026-04-09T18:11:46.363+0000] {processor.py:830} INFO - Processing file /home/airflow/.local/lib/python3.8/site-packages/airflow/example_dags/example_trigger_target_dag.py for tasks to queue
[2026-04-09T18:11:46.364+0000] {logging_mixin.py:188} INFO - [2026-04-09T18:11:46.364+0000] {dagbag.py:538} INFO - Filling up the DagBag from /home/airflow/.local/lib/python3.8/site-packages/airflow/example_dags/example_trigger_target_dag.py
[2026-04-09T18:11:46.370+0000] {processor.py:840} INFO - DAG(s) 'example_trigger_target_dag' retrieved from /home/airflow/.local/lib/python3.8/site-packages/airflow/example_dags/example_trigger_target_dag.py
[2026-04-09T18:11:46.392+0000] {logging_mixin.py:188} INFO - [2026-04-09T18:11:46.391+0000] {dag.py:3036} INFO - Sync 1 DAGs
[2026-04-09T18:11:46.404+0000] {logging_mixin.py:188} INFO - [2026-04-09T18:11:46.404+0000] {dag.py:3823} INFO - Setting next_dagrun for example_trigger_target_dag to None, run_after=None
[2026-04-09T18:11:46.427+0000] {processor.py:183} INFO - Processing /home/airflow/.local/lib/python3.8/site-packages/airflow/example_dags/example_trigger_target_dag.py took 0.068 seconds
[2026-04-09T18:12:16.799+0000] {processor.py:161} INFO - Started process (PID=9764) to work on /home/airflow/.local/lib/python3.8/site-packages/airflow/example_dags/example_trigger_target_dag.py
[2026-04-09T18:12:16.801+0000] {processor.py:830} INFO - Processing file /home/airflow/.local/lib/python3.8/site-packages/airflow/example_dags/example_trigger_target_dag.py for tasks to queue
[2026-04-09T18:12:16.803+0000] {logging_mixin.py:188} INFO - [2026-04-09T18:12:16.803+0000] {dagbag.py:538} INFO - Filling up the DagBag from /home/airflow/.local/lib/python3.8/site-packages/airflow/example_dags/example_trigger_target_dag.py
[2026-04-09T18:12:16.812+0000] {processor.py:840} INFO - DAG(s) 'example_trigger_target_dag' retrieved from /home/airflow/.local/lib/python3.8/site-packages/airflow/example_dags/example_trigger_target_dag.py
[2026-04-09T18:12:16.837+0000] {logging_mixin.py:188} INFO - [2026-04-09T18:12:16.837+0000] {dag.py:3036} INFO - Sync 1 DAGs
[2026-04-09T18:12:16.849+0000] {logging_mixin.py:188} INFO - [2026-04-09T18:12:16.849+0000] {dag.py:3823} INFO - Setting next_dagrun for example_trigger_target_dag to None, run_after=None
[2026-04-09T18:12:16.869+0000] {processor.py:183} INFO - Processing /home/airflow/.local/lib/python3.8/site-packages/airflow/example_dags/example_trigger_target_dag.py took 0.073 seconds
[2026-04-09T18:12:46.936+0000] {processor.py:161} INFO - Started process (PID=9821) to work on /home/airflow/.local/lib/python3.8/site-packages/airflow/example_dags/example_trigger_target_dag.py
[2026-04-09T18:12:46.937+0000] {processor.py:830} INFO - Processing file /home/airflow/.local/lib/python3.8/site-packages/airflow/example_dags/example_trigger_target_dag.py for tasks to queue
[2026-04-09T18:12:46.940+0000] {logging_mixin.py:188} INFO - [2026-04-09T18:12:46.939+0000] {dagbag.py:538} INFO - Filling up the DagBag from /home/airflow/.local/lib/python3.8/site-packages/airflow/example_dags/example_trigger_target_dag.py
[2026-04-09T18:12:46.947+0000] {processor.py:840} INFO - DAG(s) 'example_trigger_target_dag' retrieved from /home/airflow/.local/lib/python3.8/site-packages/airflow/example_dags/example_trigger_target_dag.py
[2026-04-09T18:12:46.969+0000] {logging_mixin.py:188} INFO - [2026-04-09T18:12:46.968+0000] {dag.py:3036} INFO - Sync 1 DAGs
[2026-04-09T18:12:46.980+0000] {logging_mixin.py:188} INFO - [2026-04-09T18:12:46.980+0000] {dag.py:3823} INFO - Setting next_dagrun for example_trigger_target_dag to None, run_after=None
[2026-04-09T18:12:47.003+0000] {processor.py:183} INFO - Processing /home/airflow/.local/lib/python3.8/site-packages/airflow/example_dags/example_trigger_target_dag.py took 0.072 seconds
[2026-04-09T18:13:17.409+0000] {processor.py:161} INFO - Started process (PID=9878) to work on /home/airflow/.local/lib/python3.8/site-packages/airflow/example_dags/example_trigger_target_dag.py
[2026-04-09T18:13:17.410+0000] {processor.py:830} INFO - Processing file /home/airflow/.local/lib/python3.8/site-packages/airflow/example_dags/example_trigger_target_dag.py for tasks to queue
[2026-04-09T18:13:17.412+0000] {logging_mixin.py:188} INFO - [2026-04-09T18:13:17.412+0000] {dagbag.py:538} INFO - Filling up the DagBag from /home/airflow/.local/lib/python3.8/site-packages/airflow/example_dags/example_trigger_target_dag.py
[2026-04-09T18:13:17.419+0000] {processor.py:840} INFO - DAG(s) 'example_trigger_target_dag' retrieved from /home/airflow/.local/lib/python3.8/site-packages/airflow/example_dags/example_trigger_target_dag.py
[2026-04-09T18:13:17.441+0000] {logging_mixin.py:188} INFO - [2026-04-09T18:13:17.441+0000] {dag.py:3036} INFO - Sync 1 DAGs
[2026-04-09T18:13:17.455+0000] {logging_mixin.py:188} INFO - [2026-04-09T18:13:17.455+0000] {dag.py:3823} INFO - Setting next_dagrun for example_trigger_target_dag to None, run_after=None
[2026-04-09T18:13:17.482+0000] {processor.py:183} INFO - Processing /home/airflow/.local/lib/python3.8/site-packages/airflow/example_dags/example_trigger_target_dag.py took 0.076 seconds
[2026-04-09T18:13:48.074+0000] {processor.py:161} INFO - Started process (PID=9935) to work on /home/airflow/.local/lib/python3.8/site-packages/airflow/example_dags/example_trigger_target_dag.py
[2026-04-09T18:13:48.075+0000] {processor.py:830} INFO - Processing file /home/airflow/.local/lib/python3.8/site-packages/airflow/example_dags/example_trigger_target_dag.py for tasks to queue
[2026-04-09T18:13:48.077+0000] {logging_mixin.py:188} INFO - [2026-04-09T18:13:48.077+0000] {dagbag.py:538} INFO - Filling up the DagBag from /home/airflow/.local/lib/python3.8/site-packages/airflow/example_dags/example_trigger_target_dag.py
[2026-04-09T18:13:48.083+0000] {processor.py:840} INFO - DAG(s) 'example_trigger_target_dag' retrieved from /home/airflow/.local/lib/python3.8/site-packages/airflow/example_dags/example_trigger_target_dag.py
[2026-04-09T18:13:48.104+0000] {logging_mixin.py:188} INFO - [2026-04-09T18:13:48.104+0000] {dag.py:3036} INFO - Sync 1 DAGs
[2026-04-09T18:13:48.115+0000] {logging_mixin.py:188} INFO - [2026-04-09T18:13:48.115+0000] {dag.py:3823} INFO - Setting next_dagrun for example_trigger_target_dag to None, run_after=None
[2026-04-09T18:13:48.254+0000] {processor.py:183} INFO - Processing /home/airflow/.local/lib/python3.8/site-packages/airflow/example_dags/example_trigger_target_dag.py took 0.184 seconds
[2026-04-09T18:14:19.104+0000] {processor.py:161} INFO - Started process (PID=9992) to work on /home/airflow/.local/lib/python3.8/site-packages/airflow/example_dags/example_trigger_target_dag.py
[2026-04-09T18:14:19.106+0000] {processor.py:830} INFO - Processing file /home/airflow/.local/lib/python3.8/site-packages/airflow/example_dags/example_trigger_target_dag.py for tasks to queue
[2026-04-09T18:14:19.108+0000] {logging_mixin.py:188} INFO - [2026-04-09T18:14:19.107+0000] {dagbag.py:538} INFO - Filling up the DagBag from /home/airflow/.local/lib/python3.8/site-packages/airflow/example_dags/example_trigger_target_dag.py
[2026-04-09T18:14:19.113+0000] {processor.py:840} INFO - DAG(s) 'example_trigger_target_dag' retrieved from /home/airflow/.local/lib/python3.8/site-packages/airflow/example_dags/example_trigger_target_dag.py
[2026-04-09T18:14:19.138+0000] {logging_mixin.py:188} INFO - [2026-04-09T18:14:19.138+0000] {dag.py:3036} INFO - Sync 1 DAGs
[2026-04-09T18:14:19.151+0000] {logging_mixin.py:188} INFO - [2026-04-09T18:14:19.151+0000] {dag.py:3823} INFO - Setting next_dagrun for example_trigger_target_dag to None, run_after=None
[2026-04-09T18:14:19.172+0000] {processor.py:183} INFO - Processing /home/airflow/.local/lib/python3.8/site-packages/airflow/example_dags/example_trigger_target_dag.py took 0.072 seconds
[2026-04-09T18:14:49.398+0000] {processor.py:161} INFO - Started process (PID=10049) to work on /home/airflow/.local/lib/python3.8/site-packages/airflow/example_dags/example_trigger_target_dag.py
[2026-04-09T18:14:49.400+0000] {processor.py:830} INFO - Processing file /home/airflow/.local/lib/python3.8/site-packages/airflow/example_dags/example_trigger_target_dag.py for tasks to queue
[2026-04-09T18:14:49.402+0000] {logging_mixin.py:188} INFO - [2026-04-09T18:14:49.402+0000] {dagbag.py:538} INFO - Filling up the DagBag from /home/airflow/.local/lib/python3.8/site-packages/airflow/example_dags/example_trigger_target_dag.py
[2026-04-09T18:14:49.410+0000] {processor.py:840} INFO - DAG(s) 'example_trigger_target_dag' retrieved from /home/airflow/.local/lib/python3.8/site-packages/airflow/example_dags/example_trigger_target_dag.py
[2026-04-09T18:14:49.436+0000] {logging_mixin.py:188} INFO - [2026-04-09T18:14:49.436+0000] {dag.py:3036} INFO - Sync 1 DAGs
[2026-04-09T18:14:49.449+0000] {logging_mixin.py:188} INFO - [2026-04-09T18:14:49.449+0000] {dag.py:3823} INFO - Setting next_dagrun for example_trigger_target_dag to None, run_after=None
[2026-04-09T18:14:49.479+0000] {processor.py:183} INFO - Processing /home/airflow/.local/lib/python3.8/site-packages/airflow/example_dags/example_trigger_target_dag.py took 0.084 seconds
[2026-04-09T18:15:19.855+0000] {processor.py:161} INFO - Started process (PID=10106) to work on /home/airflow/.local/lib/python3.8/site-packages/airflow/example_dags/example_trigger_target_dag.py
[2026-04-09T18:15:19.856+0000] {processor.py:830} INFO - Processing file /home/airflow/.local/lib/python3.8/site-packages/airflow/example_dags/example_trigger_target_dag.py for tasks to queue
[2026-04-09T18:15:19.859+0000] {logging_mixin.py:188} INFO - [2026-04-09T18:15:19.858+0000] {dagbag.py:538} INFO - Filling up the DagBag from /home/airflow/.local/lib/python3.8/site-packages/airflow/example_dags/example_trigger_target_dag.py
[2026-04-09T18:15:19.866+0000] {processor.py:840} INFO - DAG(s) 'example_trigger_target_dag' retrieved from /home/airflow/.local/lib/python3.8/site-packages/airflow/example_dags/example_trigger_target_dag.py
[2026-04-09T18:15:19.889+0000] {logging_mixin.py:188} INFO - [2026-04-09T18:15:19.888+0000] {dag.py:3036} INFO - Sync 1 DAGs
[2026-04-09T18:15:19.903+0000] {logging_mixin.py:188} INFO - [2026-04-09T18:15:19.903+0000] {dag.py:3823} INFO - Setting next_dagrun for example_trigger_target_dag to None, run_after=None
[2026-04-09T18:15:19.925+0000] {processor.py:183} INFO - Processing /home/airflow/.local/lib/python3.8/site-packages/airflow/example_dags/example_trigger_target_dag.py took 0.074 seconds
[2026-04-09T18:15:50.044+0000] {processor.py:161} INFO - Started process (PID=10163) to work on /home/airflow/.local/lib/python3.8/site-packages/airflow/example_dags/example_trigger_target_dag.py
[2026-04-09T18:15:50.046+0000] {processor.py:830} INFO - Processing file /home/airflow/.local/lib/python3.8/site-packages/airflow/example_dags/example_trigger_target_dag.py for tasks to queue
[2026-04-09T18:15:50.048+0000] {logging_mixin.py:188} INFO - [2026-04-09T18:15:50.048+0000] {dagbag.py:538} INFO - Filling up the DagBag from /home/airflow/.local/lib/python3.8/site-packages/airflow/example_dags/example_trigger_target_dag.py
[2026-04-09T18:15:50.053+0000] {processor.py:840} INFO - DAG(s) 'example_trigger_target_dag' retrieved from /home/airflow/.local/lib/python3.8/site-packages/airflow/example_dags/example_trigger_target_dag.py
[2026-04-09T18:15:50.075+0000] {logging_mixin.py:188} INFO - [2026-04-09T18:15:50.074+0000] {dag.py:3036} INFO - Sync 1 DAGs
[2026-04-09T18:15:50.086+0000] {logging_mixin.py:188} INFO - [2026-04-09T18:15:50.086+0000] {dag.py:3823} INFO - Setting next_dagrun for example_trigger_target_dag to None, run_after=None
[2026-04-09T18:15:50.108+0000] {processor.py:183} INFO - Processing /home/airflow/.local/lib/python3.8/site-packages/airflow/example_dags/example_trigger_target_dag.py took 0.067 seconds
[2026-04-09T18:16:20.261+0000] {processor.py:161} INFO - Started process (PID=10220) to work on /home/airflow/.local/lib/python3.8/site-packages/airflow/example_dags/example_trigger_target_dag.py
[2026-04-09T18:16:20.263+0000] {processor.py:830} INFO - Processing file /home/airflow/.local/lib/python3.8/site-packages/airflow/example_dags/example_trigger_target_dag.py for tasks to queue
[2026-04-09T18:16:20.265+0000] {logging_mixin.py:188} INFO - [2026-04-09T18:16:20.265+0000] {dagbag.py:538} INFO - Filling up the DagBag from /home/airflow/.local/lib/python3.8/site-packages/airflow/example_dags/example_trigger_target_dag.py
[2026-04-09T18:16:20.271+0000] {processor.py:840} INFO - DAG(s) 'example_trigger_target_dag' retrieved from /home/airflow/.local/lib/python3.8/site-packages/airflow/example_dags/example_trigger_target_dag.py
[2026-04-09T18:16:20.293+0000] {logging_mixin.py:188} INFO - [2026-04-09T18:16:20.293+0000] {dag.py:3036} INFO - Sync 1 DAGs
[2026-04-09T18:16:20.304+0000] {logging_mixin.py:188} INFO - [2026-04-09T18:16:20.304+0000] {dag.py:3823} INFO - Setting next_dagrun for example_trigger_target_dag to None, run_after=None
[2026-04-09T18:16:20.327+0000] {processor.py:183} INFO - Processing /home/airflow/.local/lib/python3.8/site-packages/airflow/example_dags/example_trigger_target_dag.py took 0.069 seconds
[2026-04-09T18:16:51.131+0000] {processor.py:161} INFO - Started process (PID=10277) to work on /home/airflow/.local/lib/python3.8/site-packages/airflow/example_dags/example_trigger_target_dag.py
[2026-04-09T18:16:51.133+0000] {processor.py:830} INFO - Processing file /home/airflow/.local/lib/python3.8/site-packages/airflow/example_dags/example_trigger_target_dag.py for tasks to queue
[2026-04-09T18:16:51.133+0000] {logging_mixin.py:188} INFO - [2026-04-09T18:16:51.133+0000] {dagbag.py:538} INFO - Filling up the DagBag from /home/airflow/.local/lib/python3.8/site-packages/airflow/example_dags/example_trigger_target_dag.py
[2026-04-09T18:16:51.140+0000] {processor.py:840} INFO - DAG(s) 'example_trigger_target_dag' retrieved from /home/airflow/.local/lib/python3.8/site-packages/airflow/example_dags/example_trigger_target_dag.py
[2026-04-09T18:16:51.163+0000] {logging_mixin.py:188} INFO - [2026-04-09T18:16:51.163+0000] {dag.py:3036} INFO - Sync 1 DAGs
[2026-04-09T18:16:51.175+0000] {logging_mixin.py:188} INFO - [2026-04-09T18:16:51.175+0000] {dag.py:3823} INFO - Setting next_dagrun for example_trigger_target_dag to None, run_after=None
[2026-04-09T18:16:51.198+0000] {processor.py:183} INFO - Processing /home/airflow/.local/lib/python3.8/site-packages/airflow/example_dags/example_trigger_target_dag.py took 0.073 seconds
[2026-04-09T18:17:21.932+0000] {processor.py:161} INFO - Started process (PID=10334) to work on /home/airflow/.local/lib/python3.8/site-packages/airflow/example_dags/example_trigger_target_dag.py
[2026-04-09T18:17:21.933+0000] {processor.py:830} INFO - Processing file /home/airflow/.local/lib/python3.8/site-packages/airflow/example_dags/example_trigger_target_dag.py for tasks to queue
[2026-04-09T18:17:21.936+0000] {logging_mixin.py:188} INFO - [2026-04-09T18:17:21.935+0000] {dagbag.py:538} INFO - Filling up the DagBag from /home/airflow/.local/lib/python3.8/site-packages/airflow/example_dags/example_trigger_target_dag.py
[2026-04-09T18:17:21.944+0000] {processor.py:840} INFO - DAG(s) 'example_trigger_target_dag' retrieved from /home/airflow/.local/lib/python3.8/site-packages/airflow/example_dags/example_trigger_target_dag.py
[2026-04-09T18:17:21.966+0000] {logging_mixin.py:188} INFO - [2026-04-09T18:17:21.966+0000] {dag.py:3036} INFO - Sync 1 DAGs
[2026-04-09T18:17:21.977+0000] {logging_mixin.py:188} INFO - [2026-04-09T18:17:21.977+0000] {dag.py:3823} INFO - Setting next_dagrun for example_trigger_target_dag to None, run_after=None
[2026-04-09T18:17:21.998+0000] {processor.py:183} INFO - Processing /home/airflow/.local/lib/python3.8/site-packages/airflow/example_dags/example_trigger_target_dag.py took 0.071 seconds
[2026-04-09T18:17:52.135+0000] {processor.py:161} INFO - Started process (PID=10391) to work on /home/airflow/.local/lib/python3.8/site-packages/airflow/example_dags/example_trigger_target_dag.py
[2026-04-09T18:17:52.136+0000] {processor.py:830} INFO - Processing file /home/airflow/.local/lib/python3.8/site-packages/airflow/example_dags/example_trigger_target_dag.py for tasks to queue
[2026-04-09T18:17:52.138+0000] {logging_mixin.py:188} INFO - [2026-04-09T18:17:52.138+0000] {dagbag.py:538} INFO - Filling up the DagBag from /home/airflow/.local/lib/python3.8/site-packages/airflow/example_dags/example_trigger_target_dag.py
[2026-04-09T18:17:52.145+0000] {processor.py:840} INFO - DAG(s) 'example_trigger_target_dag' retrieved from /home/airflow/.local/lib/python3.8/site-packages/airflow/example_dags/example_trigger_target_dag.py
[2026-04-09T18:17:52.167+0000] {logging_mixin.py:188} INFO - [2026-04-09T18:17:52.166+0000] {dag.py:3036} INFO - Sync 1 DAGs
[2026-04-09T18:17:52.180+0000] {logging_mixin.py:188} INFO - [2026-04-09T18:17:52.180+0000] {dag.py:3823} INFO - Setting next_dagrun for example_trigger_target_dag to None, run_after=None
[2026-04-09T18:17:52.202+0000] {processor.py:183} INFO - Processing /home/airflow/.local/lib/python3.8/site-packages/airflow/example_dags/example_trigger_target_dag.py took 0.070 seconds
[2026-04-09T18:18:22.456+0000] {processor.py:161} INFO - Started process (PID=10448) to work on /home/airflow/.local/lib/python3.8/site-packages/airflow/example_dags/example_trigger_target_dag.py
[2026-04-09T18:18:22.457+0000] {processor.py:830} INFO - Processing file /home/airflow/.local/lib/python3.8/site-packages/airflow/example_dags/example_trigger_target_dag.py for tasks to queue
[2026-04-09T18:18:22.459+0000] {logging_mixin.py:188} INFO - [2026-04-09T18:18:22.459+0000] {dagbag.py:538} INFO - Filling up the DagBag from /home/airflow/.local/lib/python3.8/site-packages/airflow/example_dags/example_trigger_target_dag.py
[2026-04-09T18:18:22.466+0000] {processor.py:840} INFO - DAG(s) 'example_trigger_target_dag' retrieved from /home/airflow/.local/lib/python3.8/site-packages/airflow/example_dags/example_trigger_target_dag.py
[2026-04-09T18:18:22.490+0000] {logging_mixin.py:188} INFO - [2026-04-09T18:18:22.490+0000] {dag.py:3036} INFO - Sync 1 DAGs
[2026-04-09T18:18:22.502+0000] {logging_mixin.py:188} INFO - [2026-04-09T18:18:22.502+0000] {dag.py:3823} INFO - Setting next_dagrun for example_trigger_target_dag to None, run_after=None
[2026-04-09T18:18:22.524+0000] {processor.py:183} INFO - Processing /home/airflow/.local/lib/python3.8/site-packages/airflow/example_dags/example_trigger_target_dag.py took 0.072 seconds
[2026-04-09T18:18:52.902+0000] {processor.py:161} INFO - Started process (PID=10505) to work on /home/airflow/.local/lib/python3.8/site-packages/airflow/example_dags/example_trigger_target_dag.py
[2026-04-09T18:18:52.903+0000] {processor.py:830} INFO - Processing file /home/airflow/.local/lib/python3.8/site-packages/airflow/example_dags/example_trigger_target_dag.py for tasks to queue
[2026-04-09T18:18:52.906+0000] {logging_mixin.py:188} INFO - [2026-04-09T18:18:52.906+0000] {dagbag.py:538} INFO - Filling up the DagBag from /home/airflow/.local/lib/python3.8/site-packages/airflow/example_dags/example_trigger_target_dag.py
[2026-04-09T18:18:52.914+0000] {processor.py:840} INFO - DAG(s) 'example_trigger_target_dag' retrieved from /home/airflow/.local/lib/python3.8/site-packages/airflow/example_dags/example_trigger_target_dag.py
[2026-04-09T18:18:52.936+0000] {logging_mixin.py:188} INFO - [2026-04-09T18:18:52.936+0000] {dag.py:3036} INFO - Sync 1 DAGs
[2026-04-09T18:18:52.950+0000] {logging_mixin.py:188} INFO - [2026-04-09T18:18:52.950+0000] {dag.py:3823} INFO - Setting next_dagrun for example_trigger_target_dag to None, run_after=None
[2026-04-09T18:18:52.971+0000] {processor.py:183} INFO - Processing /home/airflow/.local/lib/python3.8/site-packages/airflow/example_dags/example_trigger_target_dag.py took 0.073 seconds
[2026-04-09T18:19:23.581+0000] {processor.py:161} INFO - Started process (PID=10562) to work on /home/airflow/.local/lib/python3.8/site-packages/airflow/example_dags/example_trigger_target_dag.py
[2026-04-09T18:19:23.583+0000] {processor.py:830} INFO - Processing file /home/airflow/.local/lib/python3.8/site-packages/airflow/example_dags/example_trigger_target_dag.py for tasks to queue
[2026-04-09T18:19:23.586+0000] {logging_mixin.py:188} INFO - [2026-04-09T18:19:23.586+0000] {dagbag.py:538} INFO - Filling up the DagBag from /home/airflow/.local/lib/python3.8/site-packages/airflow/example_dags/example_trigger_target_dag.py
[2026-04-09T18:19:23.591+0000] {processor.py:840} INFO - DAG(s) 'example_trigger_target_dag' retrieved from /home/airflow/.local/lib/python3.8/site-packages/airflow/example_dags/example_trigger_target_dag.py
[2026-04-09T18:19:23.614+0000] {logging_mixin.py:188} INFO - [2026-04-09T18:19:23.613+0000] {dag.py:3036} INFO - Sync 1 DAGs
[2026-04-09T18:19:23.625+0000] {logging_mixin.py:188} INFO - [2026-04-09T18:19:23.625+0000] {dag.py:3823} INFO - Setting next_dagrun for example_trigger_target_dag to None, run_after=None
[2026-04-09T18:19:23.649+0000] {processor.py:183} INFO - Processing /home/airflow/.local/lib/python3.8/site-packages/airflow/example_dags/example_trigger_target_dag.py took 0.071 seconds
[2026-04-09T18:19:54.072+0000] {processor.py:161} INFO - Started process (PID=10625) to work on /home/airflow/.local/lib/python3.8/site-packages/airflow/example_dags/example_trigger_target_dag.py
[2026-04-09T18:19:54.074+0000] {processor.py:830} INFO - Processing file /home/airflow/.local/lib/python3.8/site-packages/airflow/example_dags/example_trigger_target_dag.py for tasks to queue
[2026-04-09T18:19:54.077+0000] {logging_mixin.py:188} INFO - [2026-04-09T18:19:54.077+0000] {dagbag.py:538} INFO - Filling up the DagBag from /home/airflow/.local/lib/python3.8/site-packages/airflow/example_dags/example_trigger_target_dag.py
[2026-04-09T18:19:54.084+0000] {processor.py:840} INFO - DAG(s) 'example_trigger_target_dag' retrieved from /home/airflow/.local/lib/python3.8/site-packages/airflow/example_dags/example_trigger_target_dag.py
[2026-04-09T18:19:54.109+0000] {logging_mixin.py:188} INFO - [2026-04-09T18:19:54.108+0000] {dag.py:3036} INFO - Sync 1 DAGs
[2026-04-09T18:19:54.126+0000] {logging_mixin.py:188} INFO - [2026-04-09T18:19:54.126+0000] {dag.py:3823} INFO - Setting next_dagrun for example_trigger_target_dag to None, run_after=None
[2026-04-09T18:19:54.158+0000] {processor.py:183} INFO - Processing /home/airflow/.local/lib/python3.8/site-packages/airflow/example_dags/example_trigger_target_dag.py took 0.089 seconds
[2026-04-09T18:20:24.689+0000] {processor.py:161} INFO - Started process (PID=10682) to work on /home/airflow/.local/lib/python3.8/site-packages/airflow/example_dags/example_trigger_target_dag.py
[2026-04-09T18:20:24.690+0000] {processor.py:830} INFO - Processing file /home/airflow/.local/lib/python3.8/site-packages/airflow/example_dags/example_trigger_target_dag.py for tasks to queue
[2026-04-09T18:20:24.693+0000] {logging_mixin.py:188} INFO - [2026-04-09T18:20:24.693+0000] {dagbag.py:538} INFO - Filling up the DagBag from /home/airflow/.local/lib/python3.8/site-packages/airflow/example_dags/example_trigger_target_dag.py
[2026-04-09T18:20:24.699+0000] {processor.py:840} INFO - DAG(s) 'example_trigger_target_dag' retrieved from /home/airflow/.local/lib/python3.8/site-packages/airflow/example_dags/example_trigger_target_dag.py
[2026-04-09T18:20:24.721+0000] {logging_mixin.py:188} INFO - [2026-04-09T18:20:24.721+0000] {dag.py:3036} INFO - Sync 1 DAGs
[2026-04-09T18:20:24.733+0000] {logging_mixin.py:188} INFO - [2026-04-09T18:20:24.733+0000] {dag.py:3823} INFO - Setting next_dagrun for example_trigger_target_dag to None, run_after=None
[2026-04-09T18:20:24.754+0000] {processor.py:183} INFO - Processing /home/airflow/.local/lib/python3.8/site-packages/airflow/example_dags/example_trigger_target_dag.py took 0.069 seconds
[2026-04-09T18:20:55.120+0000] {processor.py:161} INFO - Started process (PID=10739) to work on /home/airflow/.local/lib/python3.8/site-packages/airflow/example_dags/example_trigger_target_dag.py
[2026-04-09T18:20:55.121+0000] {processor.py:830} INFO - Processing file /home/airflow/.local/lib/python3.8/site-packages/airflow/example_dags/example_trigger_target_dag.py for tasks to queue
[2026-04-09T18:20:55.123+0000] {logging_mixin.py:188} INFO - [2026-04-09T18:20:55.123+0000] {dagbag.py:538} INFO - Filling up the DagBag from /home/airflow/.local/lib/python3.8/site-packages/airflow/example_dags/example_trigger_target_dag.py
[2026-04-09T18:20:55.128+0000] {processor.py:840} INFO - DAG(s) 'example_trigger_target_dag' retrieved from /home/airflow/.local/lib/python3.8/site-packages/airflow/example_dags/example_trigger_target_dag.py
[2026-04-09T18:20:55.149+0000] {logging_mixin.py:188} INFO - [2026-04-09T18:20:55.149+0000] {dag.py:3036} INFO - Sync 1 DAGs
[2026-04-09T18:20:55.161+0000] {logging_mixin.py:188} INFO - [2026-04-09T18:20:55.161+0000] {dag.py:3823} INFO - Setting next_dagrun for example_trigger_target_dag to None, run_after=None
[2026-04-09T18:20:55.182+0000] {processor.py:183} INFO - Processing /home/airflow/.local/lib/python3.8/site-packages/airflow/example_dags/example_trigger_target_dag.py took 0.065 seconds
[2026-04-09T18:21:25.657+0000] {processor.py:161} INFO - Started process (PID=10796) to work on /home/airflow/.local/lib/python3.8/site-packages/airflow/example_dags/example_trigger_target_dag.py
[2026-04-09T18:21:25.658+0000] {processor.py:830} INFO - Processing file /home/airflow/.local/lib/python3.8/site-packages/airflow/example_dags/example_trigger_target_dag.py for tasks to queue
[2026-04-09T18:21:25.660+0000] {logging_mixin.py:188} INFO - [2026-04-09T18:21:25.660+0000] {dagbag.py:538} INFO - Filling up the DagBag from /home/airflow/.local/lib/python3.8/site-packages/airflow/example_dags/example_trigger_target_dag.py
[2026-04-09T18:21:25.665+0000] {processor.py:840} INFO - DAG(s) 'example_trigger_target_dag' retrieved from /home/airflow/.local/lib/python3.8/site-packages/airflow/example_dags/example_trigger_target_dag.py
[2026-04-09T18:21:25.686+0000] {logging_mixin.py:188} INFO - [2026-04-09T18:21:25.686+0000] {dag.py:3036} INFO - Sync 1 DAGs
[2026-04-09T18:21:25.700+0000] {logging_mixin.py:188} INFO - [2026-04-09T18:21:25.700+0000] {dag.py:3823} INFO - Setting next_dagrun for example_trigger_target_dag to None, run_after=None
[2026-04-09T18:21:25.729+0000] {processor.py:183} INFO - Processing /home/airflow/.local/lib/python3.8/site-packages/airflow/example_dags/example_trigger_target_dag.py took 0.075 seconds
[2026-04-09T18:21:56.186+0000] {processor.py:161} INFO - Started process (PID=10853) to work on /home/airflow/.local/lib/python3.8/site-packages/airflow/example_dags/example_trigger_target_dag.py
[2026-04-09T18:21:56.189+0000] {processor.py:830} INFO - Processing file /home/airflow/.local/lib/python3.8/site-packages/airflow/example_dags/example_trigger_target_dag.py for tasks to queue
[2026-04-09T18:21:56.194+0000] {logging_mixin.py:188} INFO - [2026-04-09T18:21:56.193+0000] {dagbag.py:538} INFO - Filling up the DagBag from /home/airflow/.local/lib/python3.8/site-packages/airflow/example_dags/example_trigger_target_dag.py
[2026-04-09T18:21:56.200+0000] {processor.py:840} INFO - DAG(s) 'example_trigger_target_dag' retrieved from /home/airflow/.local/lib/python3.8/site-packages/airflow/example_dags/example_trigger_target_dag.py
[2026-04-09T18:21:56.233+0000] {logging_mixin.py:188} INFO - [2026-04-09T18:21:56.233+0000] {dag.py:3036} INFO - Sync 1 DAGs
[2026-04-09T18:21:56.255+0000] {logging_mixin.py:188} INFO - [2026-04-09T18:21:56.254+0000] {dag.py:3823} INFO - Setting next_dagrun for example_trigger_target_dag to None, run_after=None
[2026-04-09T18:21:56.295+0000] {processor.py:183} INFO - Processing /home/airflow/.local/lib/python3.8/site-packages/airflow/example_dags/example_trigger_target_dag.py took 0.113 seconds
[2026-04-09T18:22:27.110+0000] {processor.py:161} INFO - Started process (PID=10910) to work on /home/airflow/.local/lib/python3.8/site-packages/airflow/example_dags/example_trigger_target_dag.py
[2026-04-09T18:22:27.111+0000] {processor.py:830} INFO - Processing file /home/airflow/.local/lib/python3.8/site-packages/airflow/example_dags/example_trigger_target_dag.py for tasks to queue
[2026-04-09T18:22:27.114+0000] {logging_mixin.py:188} INFO - [2026-04-09T18:22:27.114+0000] {dagbag.py:538} INFO - Filling up the DagBag from /home/airflow/.local/lib/python3.8/site-packages/airflow/example_dags/example_trigger_target_dag.py
[2026-04-09T18:22:27.120+0000] {processor.py:840} INFO - DAG(s) 'example_trigger_target_dag' retrieved from /home/airflow/.local/lib/python3.8/site-packages/airflow/example_dags/example_trigger_target_dag.py
[2026-04-09T18:22:27.144+0000] {logging_mixin.py:188} INFO - [2026-04-09T18:22:27.144+0000] {dag.py:3036} INFO - Sync 1 DAGs
[2026-04-09T18:22:27.157+0000] {logging_mixin.py:188} INFO - [2026-04-09T18:22:27.156+0000] {dag.py:3823} INFO - Setting next_dagrun for example_trigger_target_dag to None, run_after=None
[2026-04-09T18:22:27.180+0000] {processor.py:183} INFO - Processing /home/airflow/.local/lib/python3.8/site-packages/airflow/example_dags/example_trigger_target_dag.py took 0.076 seconds
[2026-04-09T18:22:58.340+0000] {processor.py:161} INFO - Started process (PID=10967) to work on /home/airflow/.local/lib/python3.8/site-packages/airflow/example_dags/example_trigger_target_dag.py
[2026-04-09T18:22:58.341+0000] {processor.py:830} INFO - Processing file /home/airflow/.local/lib/python3.8/site-packages/airflow/example_dags/example_trigger_target_dag.py for tasks to queue
[2026-04-09T18:22:58.344+0000] {logging_mixin.py:188} INFO - [2026-04-09T18:22:58.343+0000] {dagbag.py:538} INFO - Filling up the DagBag from /home/airflow/.local/lib/python3.8/site-packages/airflow/example_dags/example_trigger_target_dag.py
[2026-04-09T18:22:58.350+0000] {processor.py:840} INFO - DAG(s) 'example_trigger_target_dag' retrieved from /home/airflow/.local/lib/python3.8/site-packages/airflow/example_dags/example_trigger_target_dag.py
[2026-04-09T18:22:58.373+0000] {logging_mixin.py:188} INFO - [2026-04-09T18:22:58.373+0000] {dag.py:3036} INFO - Sync 1 DAGs
[2026-04-09T18:22:58.384+0000] {logging_mixin.py:188} INFO - [2026-04-09T18:22:58.384+0000] {dag.py:3823} INFO - Setting next_dagrun for example_trigger_target_dag to None, run_after=None
[2026-04-09T18:22:58.709+0000] {processor.py:183} INFO - Processing /home/airflow/.local/lib/python3.8/site-packages/airflow/example_dags/example_trigger_target_dag.py took 0.372 seconds
[2026-04-09T18:23:29.205+0000] {processor.py:161} INFO - Started process (PID=11024) to work on /home/airflow/.local/lib/python3.8/site-packages/airflow/example_dags/example_trigger_target_dag.py
[2026-04-09T18:23:29.206+0000] {processor.py:830} INFO - Processing file /home/airflow/.local/lib/python3.8/site-packages/airflow/example_dags/example_trigger_target_dag.py for tasks to queue
[2026-04-09T18:23:29.209+0000] {logging_mixin.py:188} INFO - [2026-04-09T18:23:29.209+0000] {dagbag.py:538} INFO - Filling up the DagBag from /home/airflow/.local/lib/python3.8/site-packages/airflow/example_dags/example_trigger_target_dag.py
[2026-04-09T18:23:29.215+0000] {processor.py:840} INFO - DAG(s) 'example_trigger_target_dag' retrieved from /home/airflow/.local/lib/python3.8/site-packages/airflow/example_dags/example_trigger_target_dag.py
[2026-04-09T18:23:29.236+0000] {logging_mixin.py:188} INFO - [2026-04-09T18:23:29.236+0000] {dag.py:3036} INFO - Sync 1 DAGs
[2026-04-09T18:23:29.247+0000] {logging_mixin.py:188} INFO - [2026-04-09T18:23:29.247+0000] {dag.py:3823} INFO - Setting next_dagrun for example_trigger_target_dag to None, run_after=None
[2026-04-09T18:23:29.270+0000] {processor.py:183} INFO - Processing /home/airflow/.local/lib/python3.8/site-packages/airflow/example_dags/example_trigger_target_dag.py took 0.069 seconds
[2026-04-09T18:23:59.506+0000] {processor.py:161} INFO - Started process (PID=11081) to work on /home/airflow/.local/lib/python3.8/site-packages/airflow/example_dags/example_trigger_target_dag.py
[2026-04-09T18:23:59.507+0000] {processor.py:830} INFO - Processing file /home/airflow/.local/lib/python3.8/site-packages/airflow/example_dags/example_trigger_target_dag.py for tasks to queue
[2026-04-09T18:23:59.510+0000] {logging_mixin.py:188} INFO - [2026-04-09T18:23:59.509+0000] {dagbag.py:538} INFO - Filling up the DagBag from /home/airflow/.local/lib/python3.8/site-packages/airflow/example_dags/example_trigger_target_dag.py
[2026-04-09T18:23:59.515+0000] {processor.py:840} INFO - DAG(s) 'example_trigger_target_dag' retrieved from /home/airflow/.local/lib/python3.8/site-packages/airflow/example_dags/example_trigger_target_dag.py
[2026-04-09T18:23:59.537+0000] {logging_mixin.py:188} INFO - [2026-04-09T18:23:59.536+0000] {dag.py:3036} INFO - Sync 1 DAGs
[2026-04-09T18:23:59.548+0000] {logging_mixin.py:188} INFO - [2026-04-09T18:23:59.548+0000] {dag.py:3823} INFO - Setting next_dagrun for example_trigger_target_dag to None, run_after=None
[2026-04-09T18:23:59.570+0000] {processor.py:183} INFO - Processing /home/airflow/.local/lib/python3.8/site-packages/airflow/example_dags/example_trigger_target_dag.py took 0.068 seconds
[2026-04-09T18:24:30.010+0000] {processor.py:161} INFO - Started process (PID=11138) to work on /home/airflow/.local/lib/python3.8/site-packages/airflow/example_dags/example_trigger_target_dag.py
[2026-04-09T18:24:30.012+0000] {processor.py:830} INFO - Processing file /home/airflow/.local/lib/python3.8/site-packages/airflow/example_dags/example_trigger_target_dag.py for tasks to queue
[2026-04-09T18:24:30.015+0000] {logging_mixin.py:188} INFO - [2026-04-09T18:24:30.015+0000] {dagbag.py:538} INFO - Filling up the DagBag from /home/airflow/.local/lib/python3.8/site-packages/airflow/example_dags/example_trigger_target_dag.py
[2026-04-09T18:24:30.021+0000] {processor.py:840} INFO - DAG(s) 'example_trigger_target_dag' retrieved from /home/airflow/.local/lib/python3.8/site-packages/airflow/example_dags/example_trigger_target_dag.py
[2026-04-09T18:24:30.043+0000] {logging_mixin.py:188} INFO - [2026-04-09T18:24:30.042+0000] {dag.py:3036} INFO - Sync 1 DAGs
[2026-04-09T18:24:30.054+0000] {logging_mixin.py:188} INFO - [2026-04-09T18:24:30.054+0000] {dag.py:3823} INFO - Setting next_dagrun for example_trigger_target_dag to None, run_after=None
[2026-04-09T18:24:30.080+0000] {processor.py:183} INFO - Processing /home/airflow/.local/lib/python3.8/site-packages/airflow/example_dags/example_trigger_target_dag.py took 0.073 seconds
[2026-04-09T18:25:00.333+0000] {processor.py:161} INFO - Started process (PID=11195) to work on /home/airflow/.local/lib/python3.8/site-packages/airflow/example_dags/example_trigger_target_dag.py
[2026-04-09T18:25:00.334+0000] {processor.py:830} INFO - Processing file /home/airflow/.local/lib/python3.8/site-packages/airflow/example_dags/example_trigger_target_dag.py for tasks to queue
[2026-04-09T18:25:00.337+0000] {logging_mixin.py:188} INFO - [2026-04-09T18:25:00.336+0000] {dagbag.py:538} INFO - Filling up the DagBag from /home/airflow/.local/lib/python3.8/site-packages/airflow/example_dags/example_trigger_target_dag.py
[2026-04-09T18:25:00.344+0000] {processor.py:840} INFO - DAG(s) 'example_trigger_target_dag' retrieved from /home/airflow/.local/lib/python3.8/site-packages/airflow/example_dags/example_trigger_target_dag.py
[2026-04-09T18:25:00.365+0000] {logging_mixin.py:188} INFO - [2026-04-09T18:25:00.365+0000] {dag.py:3036} INFO - Sync 1 DAGs
[2026-04-09T18:25:00.378+0000] {logging_mixin.py:188} INFO - [2026-04-09T18:25:00.377+0000] {dag.py:3823} INFO - Setting next_dagrun for example_trigger_target_dag to None, run_after=None
[2026-04-09T18:25:00.401+0000] {processor.py:183} INFO - Processing /home/airflow/.local/lib/python3.8/site-packages/airflow/example_dags/example_trigger_target_dag.py took 0.071 seconds
[2026-04-09T18:25:30.801+0000] {processor.py:161} INFO - Started process (PID=11252) to work on /home/airflow/.local/lib/python3.8/site-packages/airflow/example_dags/example_trigger_target_dag.py
[2026-04-09T18:25:30.803+0000] {processor.py:830} INFO - Processing file /home/airflow/.local/lib/python3.8/site-packages/airflow/example_dags/example_trigger_target_dag.py for tasks to queue
[2026-04-09T18:25:30.806+0000] {logging_mixin.py:188} INFO - [2026-04-09T18:25:30.805+0000] {dagbag.py:538} INFO - Filling up the DagBag from /home/airflow/.local/lib/python3.8/site-packages/airflow/example_dags/example_trigger_target_dag.py
[2026-04-09T18:25:30.812+0000] {processor.py:840} INFO - DAG(s) 'example_trigger_target_dag' retrieved from /home/airflow/.local/lib/python3.8/site-packages/airflow/example_dags/example_trigger_target_dag.py
[2026-04-09T18:25:30.836+0000] {logging_mixin.py:188} INFO - [2026-04-09T18:25:30.835+0000] {dag.py:3036} INFO - Sync 1 DAGs
[2026-04-09T18:25:30.848+0000] {logging_mixin.py:188} INFO - [2026-04-09T18:25:30.848+0000] {dag.py:3823} INFO - Setting next_dagrun for example_trigger_target_dag to None, run_after=None
[2026-04-09T18:25:30.874+0000] {processor.py:183} INFO - Processing /home/airflow/.local/lib/python3.8/site-packages/airflow/example_dags/example_trigger_target_dag.py took 0.077 seconds
[2026-04-09T18:26:14.794+0000] {processor.py:161} INFO - Started process (PID=11310) to work on /home/airflow/.local/lib/python3.8/site-packages/airflow/example_dags/example_trigger_target_dag.py
[2026-04-09T18:26:14.795+0000] {processor.py:830} INFO - Processing file /home/airflow/.local/lib/python3.8/site-packages/airflow/example_dags/example_trigger_target_dag.py for tasks to queue
[2026-04-09T18:26:14.798+0000] {logging_mixin.py:188} INFO - [2026-04-09T18:26:14.797+0000] {dagbag.py:538} INFO - Filling up the DagBag from /home/airflow/.local/lib/python3.8/site-packages/airflow/example_dags/example_trigger_target_dag.py
[2026-04-09T18:26:14.804+0000] {processor.py:840} INFO - DAG(s) 'example_trigger_target_dag' retrieved from /home/airflow/.local/lib/python3.8/site-packages/airflow/example_dags/example_trigger_target_dag.py
[2026-04-09T18:26:14.827+0000] {logging_mixin.py:188} INFO - [2026-04-09T18:26:14.826+0000] {dag.py:3036} INFO - Sync 1 DAGs
[2026-04-09T18:26:14.840+0000] {logging_mixin.py:188} INFO - [2026-04-09T18:26:14.839+0000] {dag.py:3823} INFO - Setting next_dagrun for example_trigger_target_dag to None, run_after=None
[2026-04-09T18:26:15.008+0000] {processor.py:183} INFO - Processing /home/airflow/.local/lib/python3.8/site-packages/airflow/example_dags/example_trigger_target_dag.py took 0.218 seconds
[2026-04-09T18:26:45.089+0000] {processor.py:161} INFO - Started process (PID=11367) to work on /home/airflow/.local/lib/python3.8/site-packages/airflow/example_dags/example_trigger_target_dag.py
[2026-04-09T18:26:45.091+0000] {processor.py:830} INFO - Processing file /home/airflow/.local/lib/python3.8/site-packages/airflow/example_dags/example_trigger_target_dag.py for tasks to queue
[2026-04-09T18:26:45.093+0000] {logging_mixin.py:188} INFO - [2026-04-09T18:26:45.093+0000] {dagbag.py:538} INFO - Filling up the DagBag from /home/airflow/.local/lib/python3.8/site-packages/airflow/example_dags/example_trigger_target_dag.py
[2026-04-09T18:26:45.100+0000] {processor.py:840} INFO - DAG(s) 'example_trigger_target_dag' retrieved from /home/airflow/.local/lib/python3.8/site-packages/airflow/example_dags/example_trigger_target_dag.py
[2026-04-09T18:26:45.123+0000] {logging_mixin.py:188} INFO - [2026-04-09T18:26:45.123+0000] {dag.py:3036} INFO - Sync 1 DAGs
[2026-04-09T18:26:45.138+0000] {logging_mixin.py:188} INFO - [2026-04-09T18:26:45.138+0000] {dag.py:3823} INFO - Setting next_dagrun for example_trigger_target_dag to None, run_after=None
[2026-04-09T18:26:45.164+0000] {processor.py:183} INFO - Processing /home/airflow/.local/lib/python3.8/site-packages/airflow/example_dags/example_trigger_target_dag.py took 0.079 seconds
[2026-04-09T18:27:15.677+0000] {processor.py:161} INFO - Started process (PID=11424) to work on /home/airflow/.local/lib/python3.8/site-packages/airflow/example_dags/example_trigger_target_dag.py
[2026-04-09T18:27:15.679+0000] {processor.py:830} INFO - Processing file /home/airflow/.local/lib/python3.8/site-packages/airflow/example_dags/example_trigger_target_dag.py for tasks to queue
[2026-04-09T18:27:15.681+0000] {logging_mixin.py:188} INFO - [2026-04-09T18:27:15.681+0000] {dagbag.py:538} INFO - Filling up the DagBag from /home/airflow/.local/lib/python3.8/site-packages/airflow/example_dags/example_trigger_target_dag.py
[2026-04-09T18:27:15.688+0000] {processor.py:840} INFO - DAG(s) 'example_trigger_target_dag' retrieved from /home/airflow/.local/lib/python3.8/site-packages/airflow/example_dags/example_trigger_target_dag.py
[2026-04-09T18:27:15.709+0000] {logging_mixin.py:188} INFO - [2026-04-09T18:27:15.709+0000] {dag.py:3036} INFO - Sync 1 DAGs
[2026-04-09T18:27:15.721+0000] {logging_mixin.py:188} INFO - [2026-04-09T18:27:15.721+0000] {dag.py:3823} INFO - Setting next_dagrun for example_trigger_target_dag to None, run_after=None
[2026-04-09T18:27:15.745+0000] {processor.py:183} INFO - Processing /home/airflow/.local/lib/python3.8/site-packages/airflow/example_dags/example_trigger_target_dag.py took 0.071 seconds
[2026-04-09T18:27:45.932+0000] {processor.py:161} INFO - Started process (PID=11481) to work on /home/airflow/.local/lib/python3.8/site-packages/airflow/example_dags/example_trigger_target_dag.py
[2026-04-09T18:27:45.934+0000] {processor.py:830} INFO - Processing file /home/airflow/.local/lib/python3.8/site-packages/airflow/example_dags/example_trigger_target_dag.py for tasks to queue
[2026-04-09T18:27:45.937+0000] {logging_mixin.py:188} INFO - [2026-04-09T18:27:45.936+0000] {dagbag.py:538} INFO - Filling up the DagBag from /home/airflow/.local/lib/python3.8/site-packages/airflow/example_dags/example_trigger_target_dag.py
[2026-04-09T18:27:45.945+0000] {processor.py:840} INFO - DAG(s) 'example_trigger_target_dag' retrieved from /home/airflow/.local/lib/python3.8/site-packages/airflow/example_dags/example_trigger_target_dag.py
[2026-04-09T18:27:45.967+0000] {logging_mixin.py:188} INFO - [2026-04-09T18:27:45.967+0000] {dag.py:3036} INFO - Sync 1 DAGs
[2026-04-09T18:27:45.985+0000] {logging_mixin.py:188} INFO - [2026-04-09T18:27:45.984+0000] {dag.py:3823} INFO - Setting next_dagrun for example_trigger_target_dag to None, run_after=None
[2026-04-09T18:27:46.006+0000] {processor.py:183} INFO - Processing /home/airflow/.local/lib/python3.8/site-packages/airflow/example_dags/example_trigger_target_dag.py took 0.078 seconds
[2026-04-09T18:28:16.503+0000] {processor.py:161} INFO - Started process (PID=11538) to work on /home/airflow/.local/lib/python3.8/site-packages/airflow/example_dags/example_trigger_target_dag.py
[2026-04-09T18:28:16.505+0000] {processor.py:830} INFO - Processing file /home/airflow/.local/lib/python3.8/site-packages/airflow/example_dags/example_trigger_target_dag.py for tasks to queue
[2026-04-09T18:28:16.507+0000] {logging_mixin.py:188} INFO - [2026-04-09T18:28:16.507+0000] {dagbag.py:538} INFO - Filling up the DagBag from /home/airflow/.local/lib/python3.8/site-packages/airflow/example_dags/example_trigger_target_dag.py
[2026-04-09T18:28:16.516+0000] {processor.py:840} INFO - DAG(s) 'example_trigger_target_dag' retrieved from /home/airflow/.local/lib/python3.8/site-packages/airflow/example_dags/example_trigger_target_dag.py
[2026-04-09T18:28:16.542+0000] {logging_mixin.py:188} INFO - [2026-04-09T18:28:16.542+0000] {dag.py:3036} INFO - Sync 1 DAGs
[2026-04-09T18:28:16.557+0000] {logging_mixin.py:188} INFO - [2026-04-09T18:28:16.556+0000] {dag.py:3823} INFO - Setting next_dagrun for example_trigger_target_dag to None, run_after=None
[2026-04-09T18:28:16.584+0000] {processor.py:183} INFO - Processing /home/airflow/.local/lib/python3.8/site-packages/airflow/example_dags/example_trigger_target_dag.py took 0.085 seconds
[2026-04-09T18:28:46.834+0000] {processor.py:161} INFO - Started process (PID=11595) to work on /home/airflow/.local/lib/python3.8/site-packages/airflow/example_dags/example_trigger_target_dag.py
[2026-04-09T18:28:46.838+0000] {processor.py:830} INFO - Processing file /home/airflow/.local/lib/python3.8/site-packages/airflow/example_dags/example_trigger_target_dag.py for tasks to queue
[2026-04-09T18:28:46.840+0000] {logging_mixin.py:188} INFO - [2026-04-09T18:28:46.840+0000] {dagbag.py:538} INFO - Filling up the DagBag from /home/airflow/.local/lib/python3.8/site-packages/airflow/example_dags/example_trigger_target_dag.py
[2026-04-09T18:28:46.848+0000] {processor.py:840} INFO - DAG(s) 'example_trigger_target_dag' retrieved from /home/airflow/.local/lib/python3.8/site-packages/airflow/example_dags/example_trigger_target_dag.py
[2026-04-09T18:28:46.869+0000] {logging_mixin.py:188} INFO - [2026-04-09T18:28:46.869+0000] {dag.py:3036} INFO - Sync 1 DAGs
[2026-04-09T18:28:46.882+0000] {logging_mixin.py:188} INFO - [2026-04-09T18:28:46.882+0000] {dag.py:3823} INFO - Setting next_dagrun for example_trigger_target_dag to None, run_after=None
[2026-04-09T18:28:46.904+0000] {processor.py:183} INFO - Processing /home/airflow/.local/lib/python3.8/site-packages/airflow/example_dags/example_trigger_target_dag.py took 0.074 seconds
[2026-04-09T18:29:17.225+0000] {processor.py:161} INFO - Started process (PID=11652) to work on /home/airflow/.local/lib/python3.8/site-packages/airflow/example_dags/example_trigger_target_dag.py
[2026-04-09T18:29:17.227+0000] {processor.py:830} INFO - Processing file /home/airflow/.local/lib/python3.8/site-packages/airflow/example_dags/example_trigger_target_dag.py for tasks to queue
[2026-04-09T18:29:17.230+0000] {logging_mixin.py:188} INFO - [2026-04-09T18:29:17.229+0000] {dagbag.py:538} INFO - Filling up the DagBag from /home/airflow/.local/lib/python3.8/site-packages/airflow/example_dags/example_trigger_target_dag.py
[2026-04-09T18:29:17.238+0000] {processor.py:840} INFO - DAG(s) 'example_trigger_target_dag' retrieved from /home/airflow/.local/lib/python3.8/site-packages/airflow/example_dags/example_trigger_target_dag.py
[2026-04-09T18:29:17.266+0000] {logging_mixin.py:188} INFO - [2026-04-09T18:29:17.266+0000] {dag.py:3036} INFO - Sync 1 DAGs
[2026-04-09T18:29:17.282+0000] {logging_mixin.py:188} INFO - [2026-04-09T18:29:17.281+0000] {dag.py:3823} INFO - Setting next_dagrun for example_trigger_target_dag to None, run_after=None
[2026-04-09T18:29:17.304+0000] {processor.py:183} INFO - Processing /home/airflow/.local/lib/python3.8/site-packages/airflow/example_dags/example_trigger_target_dag.py took 0.083 seconds
[2026-04-09T18:29:47.650+0000] {processor.py:161} INFO - Started process (PID=11709) to work on /home/airflow/.local/lib/python3.8/site-packages/airflow/example_dags/example_trigger_target_dag.py
[2026-04-09T18:29:47.651+0000] {processor.py:830} INFO - Processing file /home/airflow/.local/lib/python3.8/site-packages/airflow/example_dags/example_trigger_target_dag.py for tasks to queue
[2026-04-09T18:29:47.654+0000] {logging_mixin.py:188} INFO - [2026-04-09T18:29:47.653+0000] {dagbag.py:538} INFO - Filling up the DagBag from /home/airflow/.local/lib/python3.8/site-packages/airflow/example_dags/example_trigger_target_dag.py
[2026-04-09T18:29:47.660+0000] {processor.py:840} INFO - DAG(s) 'example_trigger_target_dag' retrieved from /home/airflow/.local/lib/python3.8/site-packages/airflow/example_dags/example_trigger_target_dag.py
[2026-04-09T18:29:47.682+0000] {logging_mixin.py:188} INFO - [2026-04-09T18:29:47.682+0000] {dag.py:3036} INFO - Sync 1 DAGs
[2026-04-09T18:29:47.693+0000] {logging_mixin.py:188} INFO - [2026-04-09T18:29:47.693+0000] {dag.py:3823} INFO - Setting next_dagrun for example_trigger_target_dag to None, run_after=None
[2026-04-09T18:29:47.716+0000] {processor.py:183} INFO - Processing /home/airflow/.local/lib/python3.8/site-packages/airflow/example_dags/example_trigger_target_dag.py took 0.069 seconds
[2026-04-09T18:30:18.453+0000] {processor.py:161} INFO - Started process (PID=11766) to work on /home/airflow/.local/lib/python3.8/site-packages/airflow/example_dags/example_trigger_target_dag.py
[2026-04-09T18:30:18.454+0000] {processor.py:830} INFO - Processing file /home/airflow/.local/lib/python3.8/site-packages/airflow/example_dags/example_trigger_target_dag.py for tasks to queue
[2026-04-09T18:30:18.456+0000] {logging_mixin.py:188} INFO - [2026-04-09T18:30:18.456+0000] {dagbag.py:538} INFO - Filling up the DagBag from /home/airflow/.local/lib/python3.8/site-packages/airflow/example_dags/example_trigger_target_dag.py
[2026-04-09T18:30:18.465+0000] {processor.py:840} INFO - DAG(s) 'example_trigger_target_dag' retrieved from /home/airflow/.local/lib/python3.8/site-packages/airflow/example_dags/example_trigger_target_dag.py
[2026-04-09T18:30:18.489+0000] {logging_mixin.py:188} INFO - [2026-04-09T18:30:18.488+0000] {dag.py:3036} INFO - Sync 1 DAGs
[2026-04-09T18:30:18.500+0000] {logging_mixin.py:188} INFO - [2026-04-09T18:30:18.500+0000] {dag.py:3823} INFO - Setting next_dagrun for example_trigger_target_dag to None, run_after=None
[2026-04-09T18:30:18.521+0000] {processor.py:183} INFO - Processing /home/airflow/.local/lib/python3.8/site-packages/airflow/example_dags/example_trigger_target_dag.py took 0.072 seconds
[2026-04-09T18:30:48.939+0000] {processor.py:161} INFO - Started process (PID=11823) to work on /home/airflow/.local/lib/python3.8/site-packages/airflow/example_dags/example_trigger_target_dag.py
[2026-04-09T18:30:48.940+0000] {processor.py:830} INFO - Processing file /home/airflow/.local/lib/python3.8/site-packages/airflow/example_dags/example_trigger_target_dag.py for tasks to queue
[2026-04-09T18:30:48.943+0000] {logging_mixin.py:188} INFO - [2026-04-09T18:30:48.943+0000] {dagbag.py:538} INFO - Filling up the DagBag from /home/airflow/.local/lib/python3.8/site-packages/airflow/example_dags/example_trigger_target_dag.py
[2026-04-09T18:30:48.950+0000] {processor.py:840} INFO - DAG(s) 'example_trigger_target_dag' retrieved from /home/airflow/.local/lib/python3.8/site-packages/airflow/example_dags/example_trigger_target_dag.py
[2026-04-09T18:30:48.974+0000] {logging_mixin.py:188} INFO - [2026-04-09T18:30:48.973+0000] {dag.py:3036} INFO - Sync 1 DAGs
[2026-04-09T18:30:48.986+0000] {logging_mixin.py:188} INFO - [2026-04-09T18:30:48.986+0000] {dag.py:3823} INFO - Setting next_dagrun for example_trigger_target_dag to None, run_after=None
[2026-04-09T18:30:49.009+0000] {processor.py:183} INFO - Processing /home/airflow/.local/lib/python3.8/site-packages/airflow/example_dags/example_trigger_target_dag.py took 0.074 seconds
[2026-04-09T18:31:19.486+0000] {processor.py:161} INFO - Started process (PID=11880) to work on /home/airflow/.local/lib/python3.8/site-packages/airflow/example_dags/example_trigger_target_dag.py
[2026-04-09T18:31:19.487+0000] {processor.py:830} INFO - Processing file /home/airflow/.local/lib/python3.8/site-packages/airflow/example_dags/example_trigger_target_dag.py for tasks to queue
[2026-04-09T18:31:19.489+0000] {logging_mixin.py:188} INFO - [2026-04-09T18:31:19.489+0000] {dagbag.py:538} INFO - Filling up the DagBag from /home/airflow/.local/lib/python3.8/site-packages/airflow/example_dags/example_trigger_target_dag.py
[2026-04-09T18:31:19.497+0000] {processor.py:840} INFO - DAG(s) 'example_trigger_target_dag' retrieved from /home/airflow/.local/lib/python3.8/site-packages/airflow/example_dags/example_trigger_target_dag.py
[2026-04-09T18:31:19.521+0000] {logging_mixin.py:188} INFO - [2026-04-09T18:31:19.521+0000] {dag.py:3036} INFO - Sync 1 DAGs
[2026-04-09T18:31:19.535+0000] {logging_mixin.py:188} INFO - [2026-04-09T18:31:19.535+0000] {dag.py:3823} INFO - Setting next_dagrun for example_trigger_target_dag to None, run_after=None
[2026-04-09T18:31:19.556+0000] {processor.py:183} INFO - Processing /home/airflow/.local/lib/python3.8/site-packages/airflow/example_dags/example_trigger_target_dag.py took 0.073 seconds
[2026-04-09T18:31:49.978+0000] {processor.py:161} INFO - Started process (PID=11937) to work on /home/airflow/.local/lib/python3.8/site-packages/airflow/example_dags/example_trigger_target_dag.py
[2026-04-09T18:31:49.979+0000] {processor.py:830} INFO - Processing file /home/airflow/.local/lib/python3.8/site-packages/airflow/example_dags/example_trigger_target_dag.py for tasks to queue
[2026-04-09T18:31:49.982+0000] {logging_mixin.py:188} INFO - [2026-04-09T18:31:49.981+0000] {dagbag.py:538} INFO - Filling up the DagBag from /home/airflow/.local/lib/python3.8/site-packages/airflow/example_dags/example_trigger_target_dag.py
[2026-04-09T18:31:49.988+0000] {processor.py:840} INFO - DAG(s) 'example_trigger_target_dag' retrieved from /home/airflow/.local/lib/python3.8/site-packages/airflow/example_dags/example_trigger_target_dag.py
[2026-04-09T18:31:50.013+0000] {logging_mixin.py:188} INFO - [2026-04-09T18:31:50.013+0000] {dag.py:3036} INFO - Sync 1 DAGs
[2026-04-09T18:31:50.026+0000] {logging_mixin.py:188} INFO - [2026-04-09T18:31:50.025+0000] {dag.py:3823} INFO - Setting next_dagrun for example_trigger_target_dag to None, run_after=None
[2026-04-09T18:31:50.047+0000] {processor.py:183} INFO - Processing /home/airflow/.local/lib/python3.8/site-packages/airflow/example_dags/example_trigger_target_dag.py took 0.073 seconds
[2026-04-09T18:32:20.593+0000] {processor.py:161} INFO - Started process (PID=11994) to work on /home/airflow/.local/lib/python3.8/site-packages/airflow/example_dags/example_trigger_target_dag.py
[2026-04-09T18:32:20.594+0000] {processor.py:830} INFO - Processing file /home/airflow/.local/lib/python3.8/site-packages/airflow/example_dags/example_trigger_target_dag.py for tasks to queue
[2026-04-09T18:32:20.596+0000] {logging_mixin.py:188} INFO - [2026-04-09T18:32:20.596+0000] {dagbag.py:538} INFO - Filling up the DagBag from /home/airflow/.local/lib/python3.8/site-packages/airflow/example_dags/example_trigger_target_dag.py
[2026-04-09T18:32:20.603+0000] {processor.py:840} INFO - DAG(s) 'example_trigger_target_dag' retrieved from /home/airflow/.local/lib/python3.8/site-packages/airflow/example_dags/example_trigger_target_dag.py
[2026-04-09T18:32:20.626+0000] {logging_mixin.py:188} INFO - [2026-04-09T18:32:20.625+0000] {dag.py:3036} INFO - Sync 1 DAGs
[2026-04-09T18:32:20.639+0000] {logging_mixin.py:188} INFO - [2026-04-09T18:32:20.639+0000] {dag.py:3823} INFO - Setting next_dagrun for example_trigger_target_dag to None, run_after=None
[2026-04-09T18:32:20.660+0000] {processor.py:183} INFO - Processing /home/airflow/.local/lib/python3.8/site-packages/airflow/example_dags/example_trigger_target_dag.py took 0.071 seconds
[2026-04-09T18:32:51.082+0000] {processor.py:161} INFO - Started process (PID=12051) to work on /home/airflow/.local/lib/python3.8/site-packages/airflow/example_dags/example_trigger_target_dag.py
[2026-04-09T18:32:51.084+0000] {processor.py:830} INFO - Processing file /home/airflow/.local/lib/python3.8/site-packages/airflow/example_dags/example_trigger_target_dag.py for tasks to queue
[2026-04-09T18:32:51.085+0000] {logging_mixin.py:188} INFO - [2026-04-09T18:32:51.085+0000] {dagbag.py:538} INFO - Filling up the DagBag from /home/airflow/.local/lib/python3.8/site-packages/airflow/example_dags/example_trigger_target_dag.py
[2026-04-09T18:32:51.092+0000] {processor.py:840} INFO - DAG(s) 'example_trigger_target_dag' retrieved from /home/airflow/.local/lib/python3.8/site-packages/airflow/example_dags/example_trigger_target_dag.py
[2026-04-09T18:32:51.115+0000] {logging_mixin.py:188} INFO - [2026-04-09T18:32:51.114+0000] {dag.py:3036} INFO - Sync 1 DAGs
[2026-04-09T18:32:51.127+0000] {logging_mixin.py:188} INFO - [2026-04-09T18:32:51.127+0000] {dag.py:3823} INFO - Setting next_dagrun for example_trigger_target_dag to None, run_after=None
[2026-04-09T18:32:51.158+0000] {processor.py:183} INFO - Processing /home/airflow/.local/lib/python3.8/site-packages/airflow/example_dags/example_trigger_target_dag.py took 0.079 seconds
[2026-04-09T18:33:21.394+0000] {processor.py:161} INFO - Started process (PID=12108) to work on /home/airflow/.local/lib/python3.8/site-packages/airflow/example_dags/example_trigger_target_dag.py
[2026-04-09T18:33:21.395+0000] {processor.py:830} INFO - Processing file /home/airflow/.local/lib/python3.8/site-packages/airflow/example_dags/example_trigger_target_dag.py for tasks to queue
[2026-04-09T18:33:21.397+0000] {logging_mixin.py:188} INFO - [2026-04-09T18:33:21.397+0000] {dagbag.py:538} INFO - Filling up the DagBag from /home/airflow/.local/lib/python3.8/site-packages/airflow/example_dags/example_trigger_target_dag.py
[2026-04-09T18:33:21.403+0000] {processor.py:840} INFO - DAG(s) 'example_trigger_target_dag' retrieved from /home/airflow/.local/lib/python3.8/site-packages/airflow/example_dags/example_trigger_target_dag.py
[2026-04-09T18:33:21.424+0000] {logging_mixin.py:188} INFO - [2026-04-09T18:33:21.424+0000] {dag.py:3036} INFO - Sync 1 DAGs
[2026-04-09T18:33:21.437+0000] {logging_mixin.py:188} INFO - [2026-04-09T18:33:21.437+0000] {dag.py:3823} INFO - Setting next_dagrun for example_trigger_target_dag to None, run_after=None
[2026-04-09T18:33:21.461+0000] {processor.py:183} INFO - Processing /home/airflow/.local/lib/python3.8/site-packages/airflow/example_dags/example_trigger_target_dag.py took 0.071 seconds
[2026-04-09T18:33:51.964+0000] {processor.py:161} INFO - Started process (PID=12165) to work on /home/airflow/.local/lib/python3.8/site-packages/airflow/example_dags/example_trigger_target_dag.py
[2026-04-09T18:33:51.965+0000] {processor.py:830} INFO - Processing file /home/airflow/.local/lib/python3.8/site-packages/airflow/example_dags/example_trigger_target_dag.py for tasks to queue
[2026-04-09T18:33:51.967+0000] {logging_mixin.py:188} INFO - [2026-04-09T18:33:51.967+0000] {dagbag.py:538} INFO - Filling up the DagBag from /home/airflow/.local/lib/python3.8/site-packages/airflow/example_dags/example_trigger_target_dag.py
[2026-04-09T18:33:51.974+0000] {processor.py:840} INFO - DAG(s) 'example_trigger_target_dag' retrieved from /home/airflow/.local/lib/python3.8/site-packages/airflow/example_dags/example_trigger_target_dag.py
[2026-04-09T18:33:51.997+0000] {logging_mixin.py:188} INFO - [2026-04-09T18:33:51.997+0000] {dag.py:3036} INFO - Sync 1 DAGs
[2026-04-09T18:33:52.014+0000] {logging_mixin.py:188} INFO - [2026-04-09T18:33:52.014+0000] {dag.py:3823} INFO - Setting next_dagrun for example_trigger_target_dag to None, run_after=None
[2026-04-09T18:33:52.042+0000] {processor.py:183} INFO - Processing /home/airflow/.local/lib/python3.8/site-packages/airflow/example_dags/example_trigger_target_dag.py took 0.082 seconds
[2026-04-09T18:34:23.396+0000] {processor.py:161} INFO - Started process (PID=12222) to work on /home/airflow/.local/lib/python3.8/site-packages/airflow/example_dags/example_trigger_target_dag.py
[2026-04-09T18:34:23.397+0000] {processor.py:830} INFO - Processing file /home/airflow/.local/lib/python3.8/site-packages/airflow/example_dags/example_trigger_target_dag.py for tasks to queue
[2026-04-09T18:34:23.399+0000] {logging_mixin.py:188} INFO - [2026-04-09T18:34:23.399+0000] {dagbag.py:538} INFO - Filling up the DagBag from /home/airflow/.local/lib/python3.8/site-packages/airflow/example_dags/example_trigger_target_dag.py
[2026-04-09T18:34:23.405+0000] {processor.py:840} INFO - DAG(s) 'example_trigger_target_dag' retrieved from /home/airflow/.local/lib/python3.8/site-packages/airflow/example_dags/example_trigger_target_dag.py
[2026-04-09T18:34:23.426+0000] {logging_mixin.py:188} INFO - [2026-04-09T18:34:23.426+0000] {dag.py:3036} INFO - Sync 1 DAGs
[2026-04-09T18:34:23.438+0000] {logging_mixin.py:188} INFO - [2026-04-09T18:34:23.438+0000] {dag.py:3823} INFO - Setting next_dagrun for example_trigger_target_dag to None, run_after=None
[2026-04-09T18:34:23.611+0000] {processor.py:183} INFO - Processing /home/airflow/.local/lib/python3.8/site-packages/airflow/example_dags/example_trigger_target_dag.py took 0.218 seconds
[2026-04-09T18:34:54.060+0000] {processor.py:161} INFO - Started process (PID=12279) to work on /home/airflow/.local/lib/python3.8/site-packages/airflow/example_dags/example_trigger_target_dag.py
[2026-04-09T18:34:54.062+0000] {processor.py:830} INFO - Processing file /home/airflow/.local/lib/python3.8/site-packages/airflow/example_dags/example_trigger_target_dag.py for tasks to queue
[2026-04-09T18:34:54.064+0000] {logging_mixin.py:188} INFO - [2026-04-09T18:34:54.064+0000] {dagbag.py:538} INFO - Filling up the DagBag from /home/airflow/.local/lib/python3.8/site-packages/airflow/example_dags/example_trigger_target_dag.py
[2026-04-09T18:34:54.072+0000] {processor.py:840} INFO - DAG(s) 'example_trigger_target_dag' retrieved from /home/airflow/.local/lib/python3.8/site-packages/airflow/example_dags/example_trigger_target_dag.py
[2026-04-09T18:34:54.105+0000] {logging_mixin.py:188} INFO - [2026-04-09T18:34:54.105+0000] {dag.py:3036} INFO - Sync 1 DAGs
[2026-04-09T18:34:54.121+0000] {logging_mixin.py:188} INFO - [2026-04-09T18:34:54.121+0000] {dag.py:3823} INFO - Setting next_dagrun for example_trigger_target_dag to None, run_after=None
[2026-04-09T18:34:54.149+0000] {processor.py:183} INFO - Processing /home/airflow/.local/lib/python3.8/site-packages/airflow/example_dags/example_trigger_target_dag.py took 0.092 seconds
[2026-04-09T18:35:24.936+0000] {processor.py:161} INFO - Started process (PID=12336) to work on /home/airflow/.local/lib/python3.8/site-packages/airflow/example_dags/example_trigger_target_dag.py
[2026-04-09T18:35:24.938+0000] {processor.py:830} INFO - Processing file /home/airflow/.local/lib/python3.8/site-packages/airflow/example_dags/example_trigger_target_dag.py for tasks to queue
[2026-04-09T18:35:24.941+0000] {logging_mixin.py:188} INFO - [2026-04-09T18:35:24.940+0000] {dagbag.py:538} INFO - Filling up the DagBag from /home/airflow/.local/lib/python3.8/site-packages/airflow/example_dags/example_trigger_target_dag.py
[2026-04-09T18:35:24.948+0000] {processor.py:840} INFO - DAG(s) 'example_trigger_target_dag' retrieved from /home/airflow/.local/lib/python3.8/site-packages/airflow/example_dags/example_trigger_target_dag.py
[2026-04-09T18:35:24.978+0000] {logging_mixin.py:188} INFO - [2026-04-09T18:35:24.977+0000] {dag.py:3036} INFO - Sync 1 DAGs
[2026-04-09T18:35:25.000+0000] {logging_mixin.py:188} INFO - [2026-04-09T18:35:25.000+0000] {dag.py:3823} INFO - Setting next_dagrun for example_trigger_target_dag to None, run_after=None
[2026-04-09T18:35:25.035+0000] {processor.py:183} INFO - Processing /home/airflow/.local/lib/python3.8/site-packages/airflow/example_dags/example_trigger_target_dag.py took 0.103 seconds
[2026-04-09T18:35:55.546+0000] {processor.py:161} INFO - Started process (PID=12393) to work on /home/airflow/.local/lib/python3.8/site-packages/airflow/example_dags/example_trigger_target_dag.py
[2026-04-09T18:35:55.548+0000] {processor.py:830} INFO - Processing file /home/airflow/.local/lib/python3.8/site-packages/airflow/example_dags/example_trigger_target_dag.py for tasks to queue
[2026-04-09T18:35:55.550+0000] {logging_mixin.py:188} INFO - [2026-04-09T18:35:55.549+0000] {dagbag.py:538} INFO - Filling up the DagBag from /home/airflow/.local/lib/python3.8/site-packages/airflow/example_dags/example_trigger_target_dag.py
[2026-04-09T18:35:55.556+0000] {processor.py:840} INFO - DAG(s) 'example_trigger_target_dag' retrieved from /home/airflow/.local/lib/python3.8/site-packages/airflow/example_dags/example_trigger_target_dag.py
[2026-04-09T18:35:55.580+0000] {logging_mixin.py:188} INFO - [2026-04-09T18:35:55.580+0000] {dag.py:3036} INFO - Sync 1 DAGs
[2026-04-09T18:35:55.593+0000] {logging_mixin.py:188} INFO - [2026-04-09T18:35:55.592+0000] {dag.py:3823} INFO - Setting next_dagrun for example_trigger_target_dag to None, run_after=None
[2026-04-09T18:35:55.617+0000] {processor.py:183} INFO - Processing /home/airflow/.local/lib/python3.8/site-packages/airflow/example_dags/example_trigger_target_dag.py took 0.074 seconds
[2026-04-09T18:36:25.962+0000] {processor.py:161} INFO - Started process (PID=12450) to work on /home/airflow/.local/lib/python3.8/site-packages/airflow/example_dags/example_trigger_target_dag.py
[2026-04-09T18:36:25.963+0000] {processor.py:830} INFO - Processing file /home/airflow/.local/lib/python3.8/site-packages/airflow/example_dags/example_trigger_target_dag.py for tasks to queue
[2026-04-09T18:36:25.965+0000] {logging_mixin.py:188} INFO - [2026-04-09T18:36:25.965+0000] {dagbag.py:538} INFO - Filling up the DagBag from /home/airflow/.local/lib/python3.8/site-packages/airflow/example_dags/example_trigger_target_dag.py
[2026-04-09T18:36:25.972+0000] {processor.py:840} INFO - DAG(s) 'example_trigger_target_dag' retrieved from /home/airflow/.local/lib/python3.8/site-packages/airflow/example_dags/example_trigger_target_dag.py
[2026-04-09T18:36:25.995+0000] {logging_mixin.py:188} INFO - [2026-04-09T18:36:25.995+0000] {dag.py:3036} INFO - Sync 1 DAGs
[2026-04-09T18:36:26.007+0000] {logging_mixin.py:188} INFO - [2026-04-09T18:36:26.007+0000] {dag.py:3823} INFO - Setting next_dagrun for example_trigger_target_dag to None, run_after=None
[2026-04-09T18:36:26.035+0000] {processor.py:183} INFO - Processing /home/airflow/.local/lib/python3.8/site-packages/airflow/example_dags/example_trigger_target_dag.py took 0.077 seconds
[2026-04-09T18:36:56.661+0000] {processor.py:161} INFO - Started process (PID=12513) to work on /home/airflow/.local/lib/python3.8/site-packages/airflow/example_dags/example_trigger_target_dag.py
[2026-04-09T18:36:56.663+0000] {processor.py:830} INFO - Processing file /home/airflow/.local/lib/python3.8/site-packages/airflow/example_dags/example_trigger_target_dag.py for tasks to queue
[2026-04-09T18:36:56.665+0000] {logging_mixin.py:188} INFO - [2026-04-09T18:36:56.665+0000] {dagbag.py:538} INFO - Filling up the DagBag from /home/airflow/.local/lib/python3.8/site-packages/airflow/example_dags/example_trigger_target_dag.py
[2026-04-09T18:36:56.671+0000] {processor.py:840} INFO - DAG(s) 'example_trigger_target_dag' retrieved from /home/airflow/.local/lib/python3.8/site-packages/airflow/example_dags/example_trigger_target_dag.py
[2026-04-09T18:36:56.695+0000] {logging_mixin.py:188} INFO - [2026-04-09T18:36:56.694+0000] {dag.py:3036} INFO - Sync 1 DAGs
[2026-04-09T18:36:56.711+0000] {logging_mixin.py:188} INFO - [2026-04-09T18:36:56.710+0000] {dag.py:3823} INFO - Setting next_dagrun for example_trigger_target_dag to None, run_after=None
[2026-04-09T18:36:56.738+0000] {processor.py:183} INFO - Processing /home/airflow/.local/lib/python3.8/site-packages/airflow/example_dags/example_trigger_target_dag.py took 0.080 seconds
[2026-04-09T18:37:27.104+0000] {processor.py:161} INFO - Started process (PID=12570) to work on /home/airflow/.local/lib/python3.8/site-packages/airflow/example_dags/example_trigger_target_dag.py
[2026-04-09T18:37:27.105+0000] {processor.py:830} INFO - Processing file /home/airflow/.local/lib/python3.8/site-packages/airflow/example_dags/example_trigger_target_dag.py for tasks to queue
[2026-04-09T18:37:27.107+0000] {logging_mixin.py:188} INFO - [2026-04-09T18:37:27.107+0000] {dagbag.py:538} INFO - Filling up the DagBag from /home/airflow/.local/lib/python3.8/site-packages/airflow/example_dags/example_trigger_target_dag.py
[2026-04-09T18:37:27.114+0000] {processor.py:840} INFO - DAG(s) 'example_trigger_target_dag' retrieved from /home/airflow/.local/lib/python3.8/site-packages/airflow/example_dags/example_trigger_target_dag.py
[2026-04-09T18:37:27.138+0000] {logging_mixin.py:188} INFO - [2026-04-09T18:37:27.137+0000] {dag.py:3036} INFO - Sync 1 DAGs
[2026-04-09T18:37:27.153+0000] {logging_mixin.py:188} INFO - [2026-04-09T18:37:27.153+0000] {dag.py:3823} INFO - Setting next_dagrun for example_trigger_target_dag to None, run_after=None
[2026-04-09T18:37:27.180+0000] {processor.py:183} INFO - Processing /home/airflow/.local/lib/python3.8/site-packages/airflow/example_dags/example_trigger_target_dag.py took 0.079 seconds
[2026-04-09T18:37:57.340+0000] {processor.py:161} INFO - Started process (PID=12627) to work on /home/airflow/.local/lib/python3.8/site-packages/airflow/example_dags/example_trigger_target_dag.py
[2026-04-09T18:37:57.341+0000] {processor.py:830} INFO - Processing file /home/airflow/.local/lib/python3.8/site-packages/airflow/example_dags/example_trigger_target_dag.py for tasks to queue
[2026-04-09T18:37:57.343+0000] {logging_mixin.py:188} INFO - [2026-04-09T18:37:57.343+0000] {dagbag.py:538} INFO - Filling up the DagBag from /home/airflow/.local/lib/python3.8/site-packages/airflow/example_dags/example_trigger_target_dag.py
[2026-04-09T18:37:57.349+0000] {processor.py:840} INFO - DAG(s) 'example_trigger_target_dag' retrieved from /home/airflow/.local/lib/python3.8/site-packages/airflow/example_dags/example_trigger_target_dag.py
[2026-04-09T18:37:57.372+0000] {logging_mixin.py:188} INFO - [2026-04-09T18:37:57.371+0000] {dag.py:3036} INFO - Sync 1 DAGs
[2026-04-09T18:37:57.383+0000] {logging_mixin.py:188} INFO - [2026-04-09T18:37:57.383+0000] {dag.py:3823} INFO - Setting next_dagrun for example_trigger_target_dag to None, run_after=None
[2026-04-09T18:37:57.408+0000] {processor.py:183} INFO - Processing /home/airflow/.local/lib/python3.8/site-packages/airflow/example_dags/example_trigger_target_dag.py took 0.072 seconds
[2026-04-09T18:38:27.717+0000] {processor.py:161} INFO - Started process (PID=12685) to work on /home/airflow/.local/lib/python3.8/site-packages/airflow/example_dags/example_trigger_target_dag.py
[2026-04-09T18:38:27.719+0000] {processor.py:830} INFO - Processing file /home/airflow/.local/lib/python3.8/site-packages/airflow/example_dags/example_trigger_target_dag.py for tasks to queue
[2026-04-09T18:38:27.721+0000] {logging_mixin.py:188} INFO - [2026-04-09T18:38:27.721+0000] {dagbag.py:538} INFO - Filling up the DagBag from /home/airflow/.local/lib/python3.8/site-packages/airflow/example_dags/example_trigger_target_dag.py
[2026-04-09T18:38:27.729+0000] {processor.py:840} INFO - DAG(s) 'example_trigger_target_dag' retrieved from /home/airflow/.local/lib/python3.8/site-packages/airflow/example_dags/example_trigger_target_dag.py
[2026-04-09T18:38:27.753+0000] {logging_mixin.py:188} INFO - [2026-04-09T18:38:27.752+0000] {dag.py:3036} INFO - Sync 1 DAGs
[2026-04-09T18:38:27.766+0000] {logging_mixin.py:188} INFO - [2026-04-09T18:38:27.765+0000] {dag.py:3823} INFO - Setting next_dagrun for example_trigger_target_dag to None, run_after=None
[2026-04-09T18:38:27.790+0000] {processor.py:183} INFO - Processing /home/airflow/.local/lib/python3.8/site-packages/airflow/example_dags/example_trigger_target_dag.py took 0.077 seconds
[2026-04-09T18:38:58.035+0000] {processor.py:161} INFO - Started process (PID=12742) to work on /home/airflow/.local/lib/python3.8/site-packages/airflow/example_dags/example_trigger_target_dag.py
[2026-04-09T18:38:58.036+0000] {processor.py:830} INFO - Processing file /home/airflow/.local/lib/python3.8/site-packages/airflow/example_dags/example_trigger_target_dag.py for tasks to queue
[2026-04-09T18:38:58.039+0000] {logging_mixin.py:188} INFO - [2026-04-09T18:38:58.038+0000] {dagbag.py:538} INFO - Filling up the DagBag from /home/airflow/.local/lib/python3.8/site-packages/airflow/example_dags/example_trigger_target_dag.py
[2026-04-09T18:38:58.047+0000] {processor.py:840} INFO - DAG(s) 'example_trigger_target_dag' retrieved from /home/airflow/.local/lib/python3.8/site-packages/airflow/example_dags/example_trigger_target_dag.py
[2026-04-09T18:38:58.077+0000] {logging_mixin.py:188} INFO - [2026-04-09T18:38:58.076+0000] {dag.py:3036} INFO - Sync 1 DAGs
[2026-04-09T18:38:58.092+0000] {logging_mixin.py:188} INFO - [2026-04-09T18:38:58.092+0000] {dag.py:3823} INFO - Setting next_dagrun for example_trigger_target_dag to None, run_after=None
[2026-04-09T18:38:58.125+0000] {processor.py:183} INFO - Processing /home/airflow/.local/lib/python3.8/site-packages/airflow/example_dags/example_trigger_target_dag.py took 0.094 seconds
[2026-04-09T18:39:28.287+0000] {processor.py:161} INFO - Started process (PID=12799) to work on /home/airflow/.local/lib/python3.8/site-packages/airflow/example_dags/example_trigger_target_dag.py
[2026-04-09T18:39:28.288+0000] {processor.py:830} INFO - Processing file /home/airflow/.local/lib/python3.8/site-packages/airflow/example_dags/example_trigger_target_dag.py for tasks to queue
[2026-04-09T18:39:28.290+0000] {logging_mixin.py:188} INFO - [2026-04-09T18:39:28.290+0000] {dagbag.py:538} INFO - Filling up the DagBag from /home/airflow/.local/lib/python3.8/site-packages/airflow/example_dags/example_trigger_target_dag.py
[2026-04-09T18:39:28.296+0000] {processor.py:840} INFO - DAG(s) 'example_trigger_target_dag' retrieved from /home/airflow/.local/lib/python3.8/site-packages/airflow/example_dags/example_trigger_target_dag.py
[2026-04-09T18:39:28.318+0000] {logging_mixin.py:188} INFO - [2026-04-09T18:39:28.318+0000] {dag.py:3036} INFO - Sync 1 DAGs
[2026-04-09T18:39:28.330+0000] {logging_mixin.py:188} INFO - [2026-04-09T18:39:28.330+0000] {dag.py:3823} INFO - Setting next_dagrun for example_trigger_target_dag to None, run_after=None
[2026-04-09T18:39:28.357+0000] {processor.py:183} INFO - Processing /home/airflow/.local/lib/python3.8/site-packages/airflow/example_dags/example_trigger_target_dag.py took 0.074 seconds
[2026-04-09T18:39:59.037+0000] {processor.py:161} INFO - Started process (PID=12857) to work on /home/airflow/.local/lib/python3.8/site-packages/airflow/example_dags/example_trigger_target_dag.py
[2026-04-09T18:39:59.039+0000] {processor.py:830} INFO - Processing file /home/airflow/.local/lib/python3.8/site-packages/airflow/example_dags/example_trigger_target_dag.py for tasks to queue
[2026-04-09T18:39:59.041+0000] {logging_mixin.py:188} INFO - [2026-04-09T18:39:59.040+0000] {dagbag.py:538} INFO - Filling up the DagBag from /home/airflow/.local/lib/python3.8/site-packages/airflow/example_dags/example_trigger_target_dag.py
[2026-04-09T18:39:59.051+0000] {processor.py:840} INFO - DAG(s) 'example_trigger_target_dag' retrieved from /home/airflow/.local/lib/python3.8/site-packages/airflow/example_dags/example_trigger_target_dag.py
[2026-04-09T18:39:59.079+0000] {logging_mixin.py:188} INFO - [2026-04-09T18:39:59.079+0000] {dag.py:3036} INFO - Sync 1 DAGs
[2026-04-09T18:39:59.097+0000] {logging_mixin.py:188} INFO - [2026-04-09T18:39:59.096+0000] {dag.py:3823} INFO - Setting next_dagrun for example_trigger_target_dag to None, run_after=None
[2026-04-09T18:39:59.134+0000] {processor.py:183} INFO - Processing /home/airflow/.local/lib/python3.8/site-packages/airflow/example_dags/example_trigger_target_dag.py took 0.102 seconds
[2026-04-09T18:40:29.500+0000] {processor.py:161} INFO - Started process (PID=12915) to work on /home/airflow/.local/lib/python3.8/site-packages/airflow/example_dags/example_trigger_target_dag.py
[2026-04-09T18:40:29.502+0000] {processor.py:830} INFO - Processing file /home/airflow/.local/lib/python3.8/site-packages/airflow/example_dags/example_trigger_target_dag.py for tasks to queue
[2026-04-09T18:40:29.505+0000] {logging_mixin.py:188} INFO - [2026-04-09T18:40:29.504+0000] {dagbag.py:538} INFO - Filling up the DagBag from /home/airflow/.local/lib/python3.8/site-packages/airflow/example_dags/example_trigger_target_dag.py
[2026-04-09T18:40:29.512+0000] {processor.py:840} INFO - DAG(s) 'example_trigger_target_dag' retrieved from /home/airflow/.local/lib/python3.8/site-packages/airflow/example_dags/example_trigger_target_dag.py
[2026-04-09T18:40:29.533+0000] {logging_mixin.py:188} INFO - [2026-04-09T18:40:29.533+0000] {dag.py:3036} INFO - Sync 1 DAGs
[2026-04-09T18:40:29.547+0000] {logging_mixin.py:188} INFO - [2026-04-09T18:40:29.546+0000] {dag.py:3823} INFO - Setting next_dagrun for example_trigger_target_dag to None, run_after=None
[2026-04-09T18:40:29.566+0000] {processor.py:183} INFO - Processing /home/airflow/.local/lib/python3.8/site-packages/airflow/example_dags/example_trigger_target_dag.py took 0.072 seconds
[2026-04-09T18:41:00.238+0000] {processor.py:161} INFO - Started process (PID=12972) to work on /home/airflow/.local/lib/python3.8/site-packages/airflow/example_dags/example_trigger_target_dag.py
[2026-04-09T18:41:00.242+0000] {processor.py:830} INFO - Processing file /home/airflow/.local/lib/python3.8/site-packages/airflow/example_dags/example_trigger_target_dag.py for tasks to queue
[2026-04-09T18:41:00.251+0000] {logging_mixin.py:188} INFO - [2026-04-09T18:41:00.251+0000] {dagbag.py:538} INFO - Filling up the DagBag from /home/airflow/.local/lib/python3.8/site-packages/airflow/example_dags/example_trigger_target_dag.py
[2026-04-09T18:41:00.264+0000] {processor.py:840} INFO - DAG(s) 'example_trigger_target_dag' retrieved from /home/airflow/.local/lib/python3.8/site-packages/airflow/example_dags/example_trigger_target_dag.py
[2026-04-09T18:41:00.305+0000] {logging_mixin.py:188} INFO - [2026-04-09T18:41:00.304+0000] {dag.py:3036} INFO - Sync 1 DAGs
[2026-04-09T18:41:00.324+0000] {logging_mixin.py:188} INFO - [2026-04-09T18:41:00.324+0000] {dag.py:3823} INFO - Setting next_dagrun for example_trigger_target_dag to None, run_after=None
[2026-04-09T18:41:00.361+0000] {processor.py:183} INFO - Processing /home/airflow/.local/lib/python3.8/site-packages/airflow/example_dags/example_trigger_target_dag.py took 0.128 seconds
[2026-04-09T18:41:32.454+0000] {processor.py:161} INFO - Started process (PID=13029) to work on /home/airflow/.local/lib/python3.8/site-packages/airflow/example_dags/example_trigger_target_dag.py
[2026-04-09T18:41:32.455+0000] {processor.py:830} INFO - Processing file /home/airflow/.local/lib/python3.8/site-packages/airflow/example_dags/example_trigger_target_dag.py for tasks to queue
[2026-04-09T18:41:32.457+0000] {logging_mixin.py:188} INFO - [2026-04-09T18:41:32.457+0000] {dagbag.py:538} INFO - Filling up the DagBag from /home/airflow/.local/lib/python3.8/site-packages/airflow/example_dags/example_trigger_target_dag.py
[2026-04-09T18:41:32.465+0000] {processor.py:840} INFO - DAG(s) 'example_trigger_target_dag' retrieved from /home/airflow/.local/lib/python3.8/site-packages/airflow/example_dags/example_trigger_target_dag.py
[2026-04-09T18:41:32.491+0000] {logging_mixin.py:188} INFO - [2026-04-09T18:41:32.490+0000] {dag.py:3036} INFO - Sync 1 DAGs
[2026-04-09T18:41:32.502+0000] {logging_mixin.py:188} INFO - [2026-04-09T18:41:32.501+0000] {dag.py:3823} INFO - Setting next_dagrun for example_trigger_target_dag to None, run_after=None
[2026-04-09T18:41:32.523+0000] {processor.py:183} INFO - Processing /home/airflow/.local/lib/python3.8/site-packages/airflow/example_dags/example_trigger_target_dag.py took 0.073 seconds
[2026-04-09T18:42:02.808+0000] {processor.py:161} INFO - Started process (PID=13086) to work on /home/airflow/.local/lib/python3.8/site-packages/airflow/example_dags/example_trigger_target_dag.py
[2026-04-09T18:42:02.810+0000] {processor.py:830} INFO - Processing file /home/airflow/.local/lib/python3.8/site-packages/airflow/example_dags/example_trigger_target_dag.py for tasks to queue
[2026-04-09T18:42:02.813+0000] {logging_mixin.py:188} INFO - [2026-04-09T18:42:02.812+0000] {dagbag.py:538} INFO - Filling up the DagBag from /home/airflow/.local/lib/python3.8/site-packages/airflow/example_dags/example_trigger_target_dag.py
[2026-04-09T18:42:02.822+0000] {processor.py:840} INFO - DAG(s) 'example_trigger_target_dag' retrieved from /home/airflow/.local/lib/python3.8/site-packages/airflow/example_dags/example_trigger_target_dag.py
[2026-04-09T18:42:02.844+0000] {logging_mixin.py:188} INFO - [2026-04-09T18:42:02.844+0000] {dag.py:3036} INFO - Sync 1 DAGs
[2026-04-09T18:42:02.857+0000] {logging_mixin.py:188} INFO - [2026-04-09T18:42:02.857+0000] {dag.py:3823} INFO - Setting next_dagrun for example_trigger_target_dag to None, run_after=None
[2026-04-09T18:42:02.881+0000] {processor.py:183} INFO - Processing /home/airflow/.local/lib/python3.8/site-packages/airflow/example_dags/example_trigger_target_dag.py took 0.077 seconds
[2026-04-09T18:42:33.730+0000] {processor.py:161} INFO - Started process (PID=13143) to work on /home/airflow/.local/lib/python3.8/site-packages/airflow/example_dags/example_trigger_target_dag.py
[2026-04-09T18:42:33.732+0000] {processor.py:830} INFO - Processing file /home/airflow/.local/lib/python3.8/site-packages/airflow/example_dags/example_trigger_target_dag.py for tasks to queue
[2026-04-09T18:42:33.736+0000] {logging_mixin.py:188} INFO - [2026-04-09T18:42:33.735+0000] {dagbag.py:538} INFO - Filling up the DagBag from /home/airflow/.local/lib/python3.8/site-packages/airflow/example_dags/example_trigger_target_dag.py
[2026-04-09T18:42:33.747+0000] {processor.py:840} INFO - DAG(s) 'example_trigger_target_dag' retrieved from /home/airflow/.local/lib/python3.8/site-packages/airflow/example_dags/example_trigger_target_dag.py
[2026-04-09T18:42:33.784+0000] {logging_mixin.py:188} INFO - [2026-04-09T18:42:33.783+0000] {dag.py:3036} INFO - Sync 1 DAGs
[2026-04-09T18:42:33.804+0000] {logging_mixin.py:188} INFO - [2026-04-09T18:42:33.804+0000] {dag.py:3823} INFO - Setting next_dagrun for example_trigger_target_dag to None, run_after=None
[2026-04-09T18:42:33.841+0000] {processor.py:183} INFO - Processing /home/airflow/.local/lib/python3.8/site-packages/airflow/example_dags/example_trigger_target_dag.py took 0.116 seconds
[2026-04-09T18:43:04.580+0000] {processor.py:161} INFO - Started process (PID=13200) to work on /home/airflow/.local/lib/python3.8/site-packages/airflow/example_dags/example_trigger_target_dag.py
[2026-04-09T18:43:04.581+0000] {processor.py:830} INFO - Processing file /home/airflow/.local/lib/python3.8/site-packages/airflow/example_dags/example_trigger_target_dag.py for tasks to queue
[2026-04-09T18:43:04.584+0000] {logging_mixin.py:188} INFO - [2026-04-09T18:43:04.584+0000] {dagbag.py:538} INFO - Filling up the DagBag from /home/airflow/.local/lib/python3.8/site-packages/airflow/example_dags/example_trigger_target_dag.py
[2026-04-09T18:43:04.594+0000] {processor.py:840} INFO - DAG(s) 'example_trigger_target_dag' retrieved from /home/airflow/.local/lib/python3.8/site-packages/airflow/example_dags/example_trigger_target_dag.py
[2026-04-09T18:43:04.622+0000] {logging_mixin.py:188} INFO - [2026-04-09T18:43:04.622+0000] {dag.py:3036} INFO - Sync 1 DAGs
[2026-04-09T18:43:04.641+0000] {logging_mixin.py:188} INFO - [2026-04-09T18:43:04.641+0000] {dag.py:3823} INFO - Setting next_dagrun for example_trigger_target_dag to None, run_after=None
[2026-04-09T18:43:04.693+0000] {processor.py:183} INFO - Processing /home/airflow/.local/lib/python3.8/site-packages/airflow/example_dags/example_trigger_target_dag.py took 0.118 seconds
[2026-04-09T18:43:34.945+0000] {processor.py:161} INFO - Started process (PID=13257) to work on /home/airflow/.local/lib/python3.8/site-packages/airflow/example_dags/example_trigger_target_dag.py
[2026-04-09T18:43:34.947+0000] {processor.py:830} INFO - Processing file /home/airflow/.local/lib/python3.8/site-packages/airflow/example_dags/example_trigger_target_dag.py for tasks to queue
[2026-04-09T18:43:34.949+0000] {logging_mixin.py:188} INFO - [2026-04-09T18:43:34.949+0000] {dagbag.py:538} INFO - Filling up the DagBag from /home/airflow/.local/lib/python3.8/site-packages/airflow/example_dags/example_trigger_target_dag.py
[2026-04-09T18:43:34.957+0000] {processor.py:840} INFO - DAG(s) 'example_trigger_target_dag' retrieved from /home/airflow/.local/lib/python3.8/site-packages/airflow/example_dags/example_trigger_target_dag.py
[2026-04-09T18:43:34.982+0000] {logging_mixin.py:188} INFO - [2026-04-09T18:43:34.982+0000] {dag.py:3036} INFO - Sync 1 DAGs
[2026-04-09T18:43:34.997+0000] {logging_mixin.py:188} INFO - [2026-04-09T18:43:34.996+0000] {dag.py:3823} INFO - Setting next_dagrun for example_trigger_target_dag to None, run_after=None
[2026-04-09T18:43:35.021+0000] {processor.py:183} INFO - Processing /home/airflow/.local/lib/python3.8/site-packages/airflow/example_dags/example_trigger_target_dag.py took 0.079 seconds
[2026-04-09T18:44:05.781+0000] {processor.py:161} INFO - Started process (PID=13314) to work on /home/airflow/.local/lib/python3.8/site-packages/airflow/example_dags/example_trigger_target_dag.py
[2026-04-09T18:44:05.782+0000] {processor.py:830} INFO - Processing file /home/airflow/.local/lib/python3.8/site-packages/airflow/example_dags/example_trigger_target_dag.py for tasks to queue
[2026-04-09T18:44:05.785+0000] {logging_mixin.py:188} INFO - [2026-04-09T18:44:05.785+0000] {dagbag.py:538} INFO - Filling up the DagBag from /home/airflow/.local/lib/python3.8/site-packages/airflow/example_dags/example_trigger_target_dag.py
[2026-04-09T18:44:05.795+0000] {processor.py:840} INFO - DAG(s) 'example_trigger_target_dag' retrieved from /home/airflow/.local/lib/python3.8/site-packages/airflow/example_dags/example_trigger_target_dag.py
[2026-04-09T18:44:05.825+0000] {logging_mixin.py:188} INFO - [2026-04-09T18:44:05.824+0000] {dag.py:3036} INFO - Sync 1 DAGs
[2026-04-09T18:44:05.846+0000] {logging_mixin.py:188} INFO - [2026-04-09T18:44:05.845+0000] {dag.py:3823} INFO - Setting next_dagrun for example_trigger_target_dag to None, run_after=None
[2026-04-09T18:44:05.878+0000] {processor.py:183} INFO - Processing /home/airflow/.local/lib/python3.8/site-packages/airflow/example_dags/example_trigger_target_dag.py took 0.102 seconds
[2026-04-09T18:44:37.484+0000] {processor.py:161} INFO - Started process (PID=13371) to work on /home/airflow/.local/lib/python3.8/site-packages/airflow/example_dags/example_trigger_target_dag.py
[2026-04-09T18:44:37.486+0000] {processor.py:830} INFO - Processing file /home/airflow/.local/lib/python3.8/site-packages/airflow/example_dags/example_trigger_target_dag.py for tasks to queue
[2026-04-09T18:44:37.489+0000] {logging_mixin.py:188} INFO - [2026-04-09T18:44:37.489+0000] {dagbag.py:538} INFO - Filling up the DagBag from /home/airflow/.local/lib/python3.8/site-packages/airflow/example_dags/example_trigger_target_dag.py
[2026-04-09T18:44:37.503+0000] {processor.py:840} INFO - DAG(s) 'example_trigger_target_dag' retrieved from /home/airflow/.local/lib/python3.8/site-packages/airflow/example_dags/example_trigger_target_dag.py
[2026-04-09T18:44:37.549+0000] {logging_mixin.py:188} INFO - [2026-04-09T18:44:37.549+0000] {dag.py:3036} INFO - Sync 1 DAGs
[2026-04-09T18:44:37.584+0000] {logging_mixin.py:188} INFO - [2026-04-09T18:44:37.584+0000] {dag.py:3823} INFO - Setting next_dagrun for example_trigger_target_dag to None, run_after=None
[2026-04-09T18:44:37.658+0000] {processor.py:183} INFO - Processing /home/airflow/.local/lib/python3.8/site-packages/airflow/example_dags/example_trigger_target_dag.py took 0.180 seconds
[2026-04-09T18:45:07.844+0000] {processor.py:161} INFO - Started process (PID=13428) to work on /home/airflow/.local/lib/python3.8/site-packages/airflow/example_dags/example_trigger_target_dag.py
[2026-04-09T18:45:07.851+0000] {processor.py:830} INFO - Processing file /home/airflow/.local/lib/python3.8/site-packages/airflow/example_dags/example_trigger_target_dag.py for tasks to queue
[2026-04-09T18:45:07.856+0000] {logging_mixin.py:188} INFO - [2026-04-09T18:45:07.856+0000] {dagbag.py:538} INFO - Filling up the DagBag from /home/airflow/.local/lib/python3.8/site-packages/airflow/example_dags/example_trigger_target_dag.py
[2026-04-09T18:45:07.878+0000] {processor.py:840} INFO - DAG(s) 'example_trigger_target_dag' retrieved from /home/airflow/.local/lib/python3.8/site-packages/airflow/example_dags/example_trigger_target_dag.py
[2026-04-09T18:45:07.933+0000] {logging_mixin.py:188} INFO - [2026-04-09T18:45:07.931+0000] {dag.py:3036} INFO - Sync 1 DAGs
[2026-04-09T18:45:07.965+0000] {logging_mixin.py:188} INFO - [2026-04-09T18:45:07.965+0000] {dag.py:3823} INFO - Setting next_dagrun for example_trigger_target_dag to None, run_after=None
[2026-04-09T18:45:08.023+0000] {processor.py:183} INFO - Processing /home/airflow/.local/lib/python3.8/site-packages/airflow/example_dags/example_trigger_target_dag.py took 0.185 seconds
[2026-04-09T18:45:38.568+0000] {processor.py:161} INFO - Started process (PID=13485) to work on /home/airflow/.local/lib/python3.8/site-packages/airflow/example_dags/example_trigger_target_dag.py
[2026-04-09T18:45:38.570+0000] {processor.py:830} INFO - Processing file /home/airflow/.local/lib/python3.8/site-packages/airflow/example_dags/example_trigger_target_dag.py for tasks to queue
[2026-04-09T18:45:38.574+0000] {logging_mixin.py:188} INFO - [2026-04-09T18:45:38.573+0000] {dagbag.py:538} INFO - Filling up the DagBag from /home/airflow/.local/lib/python3.8/site-packages/airflow/example_dags/example_trigger_target_dag.py
[2026-04-09T18:45:38.584+0000] {processor.py:840} INFO - DAG(s) 'example_trigger_target_dag' retrieved from /home/airflow/.local/lib/python3.8/site-packages/airflow/example_dags/example_trigger_target_dag.py
[2026-04-09T18:45:38.619+0000] {logging_mixin.py:188} INFO - [2026-04-09T18:45:38.619+0000] {dag.py:3036} INFO - Sync 1 DAGs
[2026-04-09T18:45:38.640+0000] {logging_mixin.py:188} INFO - [2026-04-09T18:45:38.639+0000] {dag.py:3823} INFO - Setting next_dagrun for example_trigger_target_dag to None, run_after=None
[2026-04-09T18:45:38.675+0000] {processor.py:183} INFO - Processing /home/airflow/.local/lib/python3.8/site-packages/airflow/example_dags/example_trigger_target_dag.py took 0.113 seconds
[2026-04-09T18:46:09.274+0000] {processor.py:161} INFO - Started process (PID=13543) to work on /home/airflow/.local/lib/python3.8/site-packages/airflow/example_dags/example_trigger_target_dag.py
[2026-04-09T18:46:09.277+0000] {processor.py:830} INFO - Processing file /home/airflow/.local/lib/python3.8/site-packages/airflow/example_dags/example_trigger_target_dag.py for tasks to queue
[2026-04-09T18:46:09.284+0000] {logging_mixin.py:188} INFO - [2026-04-09T18:46:09.283+0000] {dagbag.py:538} INFO - Filling up the DagBag from /home/airflow/.local/lib/python3.8/site-packages/airflow/example_dags/example_trigger_target_dag.py
[2026-04-09T18:46:09.301+0000] {processor.py:840} INFO - DAG(s) 'example_trigger_target_dag' retrieved from /home/airflow/.local/lib/python3.8/site-packages/airflow/example_dags/example_trigger_target_dag.py
[2026-04-09T18:46:09.348+0000] {logging_mixin.py:188} INFO - [2026-04-09T18:46:09.347+0000] {dag.py:3036} INFO - Sync 1 DAGs
[2026-04-09T18:46:09.382+0000] {logging_mixin.py:188} INFO - [2026-04-09T18:46:09.382+0000] {dag.py:3823} INFO - Setting next_dagrun for example_trigger_target_dag to None, run_after=None
[2026-04-09T18:46:09.438+0000] {processor.py:183} INFO - Processing /home/airflow/.local/lib/python3.8/site-packages/airflow/example_dags/example_trigger_target_dag.py took 0.171 seconds
[2026-04-09T18:46:41.207+0000] {processor.py:161} INFO - Started process (PID=13600) to work on /home/airflow/.local/lib/python3.8/site-packages/airflow/example_dags/example_trigger_target_dag.py
[2026-04-09T18:46:41.209+0000] {processor.py:830} INFO - Processing file /home/airflow/.local/lib/python3.8/site-packages/airflow/example_dags/example_trigger_target_dag.py for tasks to queue
[2026-04-09T18:46:41.214+0000] {logging_mixin.py:188} INFO - [2026-04-09T18:46:41.213+0000] {dagbag.py:538} INFO - Filling up the DagBag from /home/airflow/.local/lib/python3.8/site-packages/airflow/example_dags/example_trigger_target_dag.py
[2026-04-09T18:46:41.558+0000] {processor.py:840} INFO - DAG(s) 'example_trigger_target_dag' retrieved from /home/airflow/.local/lib/python3.8/site-packages/airflow/example_dags/example_trigger_target_dag.py
[2026-04-09T18:46:45.023+0000] {logging_mixin.py:188} INFO - [2026-04-09T18:46:45.022+0000] {dag.py:3036} INFO - Sync 1 DAGs
[2026-04-09T18:46:45.053+0000] {logging_mixin.py:188} INFO - [2026-04-09T18:46:45.051+0000] {dag.py:3823} INFO - Setting next_dagrun for example_trigger_target_dag to None, run_after=None
[2026-04-09T18:46:47.615+0000] {processor.py:183} INFO - Processing /home/airflow/.local/lib/python3.8/site-packages/airflow/example_dags/example_trigger_target_dag.py took 6.413 seconds
[2026-04-09T18:47:17.778+0000] {processor.py:161} INFO - Started process (PID=13657) to work on /home/airflow/.local/lib/python3.8/site-packages/airflow/example_dags/example_trigger_target_dag.py
[2026-04-09T18:47:17.779+0000] {processor.py:830} INFO - Processing file /home/airflow/.local/lib/python3.8/site-packages/airflow/example_dags/example_trigger_target_dag.py for tasks to queue
[2026-04-09T18:47:17.781+0000] {logging_mixin.py:188} INFO - [2026-04-09T18:47:17.781+0000] {dagbag.py:538} INFO - Filling up the DagBag from /home/airflow/.local/lib/python3.8/site-packages/airflow/example_dags/example_trigger_target_dag.py
[2026-04-09T18:47:17.787+0000] {processor.py:840} INFO - DAG(s) 'example_trigger_target_dag' retrieved from /home/airflow/.local/lib/python3.8/site-packages/airflow/example_dags/example_trigger_target_dag.py
[2026-04-09T18:47:17.813+0000] {logging_mixin.py:188} INFO - [2026-04-09T18:47:17.813+0000] {dag.py:3036} INFO - Sync 1 DAGs
[2026-04-09T18:47:17.833+0000] {logging_mixin.py:188} INFO - [2026-04-09T18:47:17.832+0000] {dag.py:3823} INFO - Setting next_dagrun for example_trigger_target_dag to None, run_after=None
[2026-04-09T18:47:17.867+0000] {processor.py:183} INFO - Processing /home/airflow/.local/lib/python3.8/site-packages/airflow/example_dags/example_trigger_target_dag.py took 0.095 seconds
[2026-04-09T18:47:48.211+0000] {processor.py:161} INFO - Started process (PID=13714) to work on /home/airflow/.local/lib/python3.8/site-packages/airflow/example_dags/example_trigger_target_dag.py
[2026-04-09T18:47:48.213+0000] {processor.py:830} INFO - Processing file /home/airflow/.local/lib/python3.8/site-packages/airflow/example_dags/example_trigger_target_dag.py for tasks to queue
[2026-04-09T18:47:48.216+0000] {logging_mixin.py:188} INFO - [2026-04-09T18:47:48.216+0000] {dagbag.py:538} INFO - Filling up the DagBag from /home/airflow/.local/lib/python3.8/site-packages/airflow/example_dags/example_trigger_target_dag.py
[2026-04-09T18:47:48.227+0000] {processor.py:840} INFO - DAG(s) 'example_trigger_target_dag' retrieved from /home/airflow/.local/lib/python3.8/site-packages/airflow/example_dags/example_trigger_target_dag.py
[2026-04-09T18:47:48.262+0000] {logging_mixin.py:188} INFO - [2026-04-09T18:47:48.261+0000] {dag.py:3036} INFO - Sync 1 DAGs
[2026-04-09T18:47:48.285+0000] {logging_mixin.py:188} INFO - [2026-04-09T18:47:48.284+0000] {dag.py:3823} INFO - Setting next_dagrun for example_trigger_target_dag to None, run_after=None
[2026-04-09T18:47:48.334+0000] {processor.py:183} INFO - Processing /home/airflow/.local/lib/python3.8/site-packages/airflow/example_dags/example_trigger_target_dag.py took 0.128 seconds
[2026-04-09T18:48:18.593+0000] {processor.py:161} INFO - Started process (PID=13771) to work on /home/airflow/.local/lib/python3.8/site-packages/airflow/example_dags/example_trigger_target_dag.py
[2026-04-09T18:48:18.599+0000] {processor.py:830} INFO - Processing file /home/airflow/.local/lib/python3.8/site-packages/airflow/example_dags/example_trigger_target_dag.py for tasks to queue
[2026-04-09T18:48:18.604+0000] {logging_mixin.py:188} INFO - [2026-04-09T18:48:18.602+0000] {dagbag.py:538} INFO - Filling up the DagBag from /home/airflow/.local/lib/python3.8/site-packages/airflow/example_dags/example_trigger_target_dag.py
[2026-04-09T18:48:18.616+0000] {processor.py:840} INFO - DAG(s) 'example_trigger_target_dag' retrieved from /home/airflow/.local/lib/python3.8/site-packages/airflow/example_dags/example_trigger_target_dag.py
[2026-04-09T18:48:18.662+0000] {logging_mixin.py:188} INFO - [2026-04-09T18:48:18.661+0000] {dag.py:3036} INFO - Sync 1 DAGs
[2026-04-09T18:48:18.690+0000] {logging_mixin.py:188} INFO - [2026-04-09T18:48:18.690+0000] {dag.py:3823} INFO - Setting next_dagrun for example_trigger_target_dag to None, run_after=None
[2026-04-09T18:48:18.764+0000] {processor.py:183} INFO - Processing /home/airflow/.local/lib/python3.8/site-packages/airflow/example_dags/example_trigger_target_dag.py took 0.182 seconds
[2026-04-09T18:48:49.260+0000] {processor.py:161} INFO - Started process (PID=13829) to work on /home/airflow/.local/lib/python3.8/site-packages/airflow/example_dags/example_trigger_target_dag.py
[2026-04-09T18:48:49.262+0000] {processor.py:830} INFO - Processing file /home/airflow/.local/lib/python3.8/site-packages/airflow/example_dags/example_trigger_target_dag.py for tasks to queue
[2026-04-09T18:48:49.267+0000] {logging_mixin.py:188} INFO - [2026-04-09T18:48:49.267+0000] {dagbag.py:538} INFO - Filling up the DagBag from /home/airflow/.local/lib/python3.8/site-packages/airflow/example_dags/example_trigger_target_dag.py
[2026-04-09T18:48:49.280+0000] {processor.py:840} INFO - DAG(s) 'example_trigger_target_dag' retrieved from /home/airflow/.local/lib/python3.8/site-packages/airflow/example_dags/example_trigger_target_dag.py
[2026-04-09T18:48:49.314+0000] {logging_mixin.py:188} INFO - [2026-04-09T18:48:49.313+0000] {dag.py:3036} INFO - Sync 1 DAGs
[2026-04-09T18:48:49.330+0000] {logging_mixin.py:188} INFO - [2026-04-09T18:48:49.329+0000] {dag.py:3823} INFO - Setting next_dagrun for example_trigger_target_dag to None, run_after=None
[2026-04-09T18:48:49.356+0000] {processor.py:183} INFO - Processing /home/airflow/.local/lib/python3.8/site-packages/airflow/example_dags/example_trigger_target_dag.py took 0.102 seconds
[2026-04-09T18:49:19.531+0000] {processor.py:161} INFO - Started process (PID=13886) to work on /home/airflow/.local/lib/python3.8/site-packages/airflow/example_dags/example_trigger_target_dag.py
[2026-04-09T18:49:19.534+0000] {processor.py:830} INFO - Processing file /home/airflow/.local/lib/python3.8/site-packages/airflow/example_dags/example_trigger_target_dag.py for tasks to queue
[2026-04-09T18:49:19.540+0000] {logging_mixin.py:188} INFO - [2026-04-09T18:49:19.540+0000] {dagbag.py:538} INFO - Filling up the DagBag from /home/airflow/.local/lib/python3.8/site-packages/airflow/example_dags/example_trigger_target_dag.py
[2026-04-09T18:49:19.552+0000] {processor.py:840} INFO - DAG(s) 'example_trigger_target_dag' retrieved from /home/airflow/.local/lib/python3.8/site-packages/airflow/example_dags/example_trigger_target_dag.py
[2026-04-09T18:49:19.593+0000] {logging_mixin.py:188} INFO - [2026-04-09T18:49:19.593+0000] {dag.py:3036} INFO - Sync 1 DAGs
[2026-04-09T18:49:19.618+0000] {logging_mixin.py:188} INFO - [2026-04-09T18:49:19.617+0000] {dag.py:3823} INFO - Setting next_dagrun for example_trigger_target_dag to None, run_after=None
[2026-04-09T18:49:19.661+0000] {processor.py:183} INFO - Processing /home/airflow/.local/lib/python3.8/site-packages/airflow/example_dags/example_trigger_target_dag.py took 0.136 seconds
[2026-04-09T18:49:50.174+0000] {processor.py:161} INFO - Started process (PID=13943) to work on /home/airflow/.local/lib/python3.8/site-packages/airflow/example_dags/example_trigger_target_dag.py
[2026-04-09T18:49:50.257+0000] {processor.py:830} INFO - Processing file /home/airflow/.local/lib/python3.8/site-packages/airflow/example_dags/example_trigger_target_dag.py for tasks to queue
[2026-04-09T18:49:50.261+0000] {logging_mixin.py:188} INFO - [2026-04-09T18:49:50.260+0000] {dagbag.py:538} INFO - Filling up the DagBag from /home/airflow/.local/lib/python3.8/site-packages/airflow/example_dags/example_trigger_target_dag.py
[2026-04-09T18:49:50.348+0000] {processor.py:840} INFO - DAG(s) 'example_trigger_target_dag' retrieved from /home/airflow/.local/lib/python3.8/site-packages/airflow/example_dags/example_trigger_target_dag.py
[2026-04-09T18:49:50.391+0000] {logging_mixin.py:188} INFO - [2026-04-09T18:49:50.390+0000] {dag.py:3036} INFO - Sync 1 DAGs
[2026-04-09T18:49:50.462+0000] {logging_mixin.py:188} INFO - [2026-04-09T18:49:50.462+0000] {dag.py:3823} INFO - Setting next_dagrun for example_trigger_target_dag to None, run_after=None
[2026-04-09T18:49:50.516+0000] {processor.py:183} INFO - Processing /home/airflow/.local/lib/python3.8/site-packages/airflow/example_dags/example_trigger_target_dag.py took 0.346 seconds
[2026-04-09T18:50:20.872+0000] {processor.py:161} INFO - Started process (PID=14000) to work on /home/airflow/.local/lib/python3.8/site-packages/airflow/example_dags/example_trigger_target_dag.py
[2026-04-09T18:50:20.873+0000] {processor.py:830} INFO - Processing file /home/airflow/.local/lib/python3.8/site-packages/airflow/example_dags/example_trigger_target_dag.py for tasks to queue
[2026-04-09T18:50:20.877+0000] {logging_mixin.py:188} INFO - [2026-04-09T18:50:20.876+0000] {dagbag.py:538} INFO - Filling up the DagBag from /home/airflow/.local/lib/python3.8/site-packages/airflow/example_dags/example_trigger_target_dag.py
[2026-04-09T18:50:20.888+0000] {processor.py:840} INFO - DAG(s) 'example_trigger_target_dag' retrieved from /home/airflow/.local/lib/python3.8/site-packages/airflow/example_dags/example_trigger_target_dag.py
[2026-04-09T18:50:20.919+0000] {logging_mixin.py:188} INFO - [2026-04-09T18:50:20.918+0000] {dag.py:3036} INFO - Sync 1 DAGs
[2026-04-09T18:50:20.935+0000] {logging_mixin.py:188} INFO - [2026-04-09T18:50:20.934+0000] {dag.py:3823} INFO - Setting next_dagrun for example_trigger_target_dag to None, run_after=None
[2026-04-09T18:50:20.963+0000] {processor.py:183} INFO - Processing /home/airflow/.local/lib/python3.8/site-packages/airflow/example_dags/example_trigger_target_dag.py took 0.096 seconds
[2026-04-09T18:50:51.320+0000] {processor.py:161} INFO - Started process (PID=14057) to work on /home/airflow/.local/lib/python3.8/site-packages/airflow/example_dags/example_trigger_target_dag.py
[2026-04-09T18:50:51.321+0000] {processor.py:830} INFO - Processing file /home/airflow/.local/lib/python3.8/site-packages/airflow/example_dags/example_trigger_target_dag.py for tasks to queue
[2026-04-09T18:50:51.324+0000] {logging_mixin.py:188} INFO - [2026-04-09T18:50:51.324+0000] {dagbag.py:538} INFO - Filling up the DagBag from /home/airflow/.local/lib/python3.8/site-packages/airflow/example_dags/example_trigger_target_dag.py
[2026-04-09T18:50:51.334+0000] {processor.py:840} INFO - DAG(s) 'example_trigger_target_dag' retrieved from /home/airflow/.local/lib/python3.8/site-packages/airflow/example_dags/example_trigger_target_dag.py
[2026-04-09T18:50:51.358+0000] {logging_mixin.py:188} INFO - [2026-04-09T18:50:51.358+0000] {dag.py:3036} INFO - Sync 1 DAGs
[2026-04-09T18:50:51.370+0000] {logging_mixin.py:188} INFO - [2026-04-09T18:50:51.370+0000] {dag.py:3823} INFO - Setting next_dagrun for example_trigger_target_dag to None, run_after=None
[2026-04-09T18:50:51.395+0000] {processor.py:183} INFO - Processing /home/airflow/.local/lib/python3.8/site-packages/airflow/example_dags/example_trigger_target_dag.py took 0.079 seconds
[2026-04-09T18:51:31.005+0000] {processor.py:161} INFO - Started process (PID=14121) to work on /home/airflow/.local/lib/python3.8/site-packages/airflow/example_dags/example_trigger_target_dag.py
[2026-04-09T18:51:31.011+0000] {processor.py:830} INFO - Processing file /home/airflow/.local/lib/python3.8/site-packages/airflow/example_dags/example_trigger_target_dag.py for tasks to queue
[2026-04-09T18:51:31.014+0000] {logging_mixin.py:188} INFO - [2026-04-09T18:51:31.013+0000] {dagbag.py:538} INFO - Filling up the DagBag from /home/airflow/.local/lib/python3.8/site-packages/airflow/example_dags/example_trigger_target_dag.py
[2026-04-09T18:51:31.023+0000] {processor.py:840} INFO - DAG(s) 'example_trigger_target_dag' retrieved from /home/airflow/.local/lib/python3.8/site-packages/airflow/example_dags/example_trigger_target_dag.py
[2026-04-09T18:51:31.051+0000] {logging_mixin.py:188} INFO - [2026-04-09T18:51:31.050+0000] {dag.py:3036} INFO - Sync 1 DAGs
[2026-04-09T18:51:31.067+0000] {logging_mixin.py:188} INFO - [2026-04-09T18:51:31.067+0000] {dag.py:3823} INFO - Setting next_dagrun for example_trigger_target_dag to None, run_after=None
[2026-04-09T18:51:31.098+0000] {processor.py:183} INFO - Processing /home/airflow/.local/lib/python3.8/site-packages/airflow/example_dags/example_trigger_target_dag.py took 0.097 seconds
[2026-04-09T18:52:02.031+0000] {processor.py:161} INFO - Started process (PID=14177) to work on /home/airflow/.local/lib/python3.8/site-packages/airflow/example_dags/example_trigger_target_dag.py
[2026-04-09T18:52:02.033+0000] {processor.py:830} INFO - Processing file /home/airflow/.local/lib/python3.8/site-packages/airflow/example_dags/example_trigger_target_dag.py for tasks to queue
[2026-04-09T18:52:02.035+0000] {logging_mixin.py:188} INFO - [2026-04-09T18:52:02.035+0000] {dagbag.py:538} INFO - Filling up the DagBag from /home/airflow/.local/lib/python3.8/site-packages/airflow/example_dags/example_trigger_target_dag.py
[2026-04-09T18:52:02.042+0000] {processor.py:840} INFO - DAG(s) 'example_trigger_target_dag' retrieved from /home/airflow/.local/lib/python3.8/site-packages/airflow/example_dags/example_trigger_target_dag.py
[2026-04-09T18:52:02.064+0000] {logging_mixin.py:188} INFO - [2026-04-09T18:52:02.064+0000] {dag.py:3036} INFO - Sync 1 DAGs
[2026-04-09T18:52:02.077+0000] {logging_mixin.py:188} INFO - [2026-04-09T18:52:02.077+0000] {dag.py:3823} INFO - Setting next_dagrun for example_trigger_target_dag to None, run_after=None
[2026-04-09T18:52:02.100+0000] {processor.py:183} INFO - Processing /home/airflow/.local/lib/python3.8/site-packages/airflow/example_dags/example_trigger_target_dag.py took 0.072 seconds
[2026-04-09T18:52:32.441+0000] {processor.py:161} INFO - Started process (PID=14234) to work on /home/airflow/.local/lib/python3.8/site-packages/airflow/example_dags/example_trigger_target_dag.py
[2026-04-09T18:52:32.442+0000] {processor.py:830} INFO - Processing file /home/airflow/.local/lib/python3.8/site-packages/airflow/example_dags/example_trigger_target_dag.py for tasks to queue
[2026-04-09T18:52:32.444+0000] {logging_mixin.py:188} INFO - [2026-04-09T18:52:32.444+0000] {dagbag.py:538} INFO - Filling up the DagBag from /home/airflow/.local/lib/python3.8/site-packages/airflow/example_dags/example_trigger_target_dag.py
[2026-04-09T18:52:32.451+0000] {processor.py:840} INFO - DAG(s) 'example_trigger_target_dag' retrieved from /home/airflow/.local/lib/python3.8/site-packages/airflow/example_dags/example_trigger_target_dag.py
[2026-04-09T18:52:32.472+0000] {logging_mixin.py:188} INFO - [2026-04-09T18:52:32.472+0000] {dag.py:3036} INFO - Sync 1 DAGs
[2026-04-09T18:52:32.485+0000] {logging_mixin.py:188} INFO - [2026-04-09T18:52:32.485+0000] {dag.py:3823} INFO - Setting next_dagrun for example_trigger_target_dag to None, run_after=None
[2026-04-09T18:52:32.509+0000] {processor.py:183} INFO - Processing /home/airflow/.local/lib/python3.8/site-packages/airflow/example_dags/example_trigger_target_dag.py took 0.072 seconds
[2026-04-09T18:53:02.760+0000] {processor.py:161} INFO - Started process (PID=14291) to work on /home/airflow/.local/lib/python3.8/site-packages/airflow/example_dags/example_trigger_target_dag.py
[2026-04-09T18:53:02.761+0000] {processor.py:830} INFO - Processing file /home/airflow/.local/lib/python3.8/site-packages/airflow/example_dags/example_trigger_target_dag.py for tasks to queue
[2026-04-09T18:53:02.763+0000] {logging_mixin.py:188} INFO - [2026-04-09T18:53:02.763+0000] {dagbag.py:538} INFO - Filling up the DagBag from /home/airflow/.local/lib/python3.8/site-packages/airflow/example_dags/example_trigger_target_dag.py
[2026-04-09T18:53:02.769+0000] {processor.py:840} INFO - DAG(s) 'example_trigger_target_dag' retrieved from /home/airflow/.local/lib/python3.8/site-packages/airflow/example_dags/example_trigger_target_dag.py
[2026-04-09T18:53:02.793+0000] {logging_mixin.py:188} INFO - [2026-04-09T18:53:02.793+0000] {dag.py:3036} INFO - Sync 1 DAGs
[2026-04-09T18:53:02.809+0000] {logging_mixin.py:188} INFO - [2026-04-09T18:53:02.809+0000] {dag.py:3823} INFO - Setting next_dagrun for example_trigger_target_dag to None, run_after=None
[2026-04-09T18:53:02.835+0000] {processor.py:183} INFO - Processing /home/airflow/.local/lib/python3.8/site-packages/airflow/example_dags/example_trigger_target_dag.py took 0.079 seconds
[2026-04-09T18:53:33.341+0000] {processor.py:161} INFO - Started process (PID=14348) to work on /home/airflow/.local/lib/python3.8/site-packages/airflow/example_dags/example_trigger_target_dag.py
[2026-04-09T18:53:33.342+0000] {processor.py:830} INFO - Processing file /home/airflow/.local/lib/python3.8/site-packages/airflow/example_dags/example_trigger_target_dag.py for tasks to queue
[2026-04-09T18:53:33.345+0000] {logging_mixin.py:188} INFO - [2026-04-09T18:53:33.345+0000] {dagbag.py:538} INFO - Filling up the DagBag from /home/airflow/.local/lib/python3.8/site-packages/airflow/example_dags/example_trigger_target_dag.py
[2026-04-09T18:53:33.353+0000] {processor.py:840} INFO - DAG(s) 'example_trigger_target_dag' retrieved from /home/airflow/.local/lib/python3.8/site-packages/airflow/example_dags/example_trigger_target_dag.py
[2026-04-09T18:53:33.381+0000] {logging_mixin.py:188} INFO - [2026-04-09T18:53:33.380+0000] {dag.py:3036} INFO - Sync 1 DAGs
[2026-04-09T18:53:33.393+0000] {logging_mixin.py:188} INFO - [2026-04-09T18:53:33.393+0000] {dag.py:3823} INFO - Setting next_dagrun for example_trigger_target_dag to None, run_after=None
[2026-04-09T18:53:33.443+0000] {processor.py:183} INFO - Processing /home/airflow/.local/lib/python3.8/site-packages/airflow/example_dags/example_trigger_target_dag.py took 0.107 seconds
[2026-04-09T18:54:04.536+0000] {processor.py:161} INFO - Started process (PID=14405) to work on /home/airflow/.local/lib/python3.8/site-packages/airflow/example_dags/example_trigger_target_dag.py
[2026-04-09T18:54:04.538+0000] {processor.py:830} INFO - Processing file /home/airflow/.local/lib/python3.8/site-packages/airflow/example_dags/example_trigger_target_dag.py for tasks to queue
[2026-04-09T18:54:04.540+0000] {logging_mixin.py:188} INFO - [2026-04-09T18:54:04.540+0000] {dagbag.py:538} INFO - Filling up the DagBag from /home/airflow/.local/lib/python3.8/site-packages/airflow/example_dags/example_trigger_target_dag.py
[2026-04-09T18:54:04.547+0000] {processor.py:840} INFO - DAG(s) 'example_trigger_target_dag' retrieved from /home/airflow/.local/lib/python3.8/site-packages/airflow/example_dags/example_trigger_target_dag.py
[2026-04-09T18:54:04.569+0000] {logging_mixin.py:188} INFO - [2026-04-09T18:54:04.569+0000] {dag.py:3036} INFO - Sync 1 DAGs
[2026-04-09T18:54:04.583+0000] {logging_mixin.py:188} INFO - [2026-04-09T18:54:04.582+0000] {dag.py:3823} INFO - Setting next_dagrun for example_trigger_target_dag to None, run_after=None
[2026-04-09T18:54:04.617+0000] {processor.py:183} INFO - Processing /home/airflow/.local/lib/python3.8/site-packages/airflow/example_dags/example_trigger_target_dag.py took 0.086 seconds
[2026-04-09T18:54:35.453+0000] {processor.py:161} INFO - Started process (PID=14462) to work on /home/airflow/.local/lib/python3.8/site-packages/airflow/example_dags/example_trigger_target_dag.py
[2026-04-09T18:54:35.455+0000] {processor.py:830} INFO - Processing file /home/airflow/.local/lib/python3.8/site-packages/airflow/example_dags/example_trigger_target_dag.py for tasks to queue
[2026-04-09T18:54:35.458+0000] {logging_mixin.py:188} INFO - [2026-04-09T18:54:35.458+0000] {dagbag.py:538} INFO - Filling up the DagBag from /home/airflow/.local/lib/python3.8/site-packages/airflow/example_dags/example_trigger_target_dag.py
[2026-04-09T18:54:35.468+0000] {processor.py:840} INFO - DAG(s) 'example_trigger_target_dag' retrieved from /home/airflow/.local/lib/python3.8/site-packages/airflow/example_dags/example_trigger_target_dag.py
[2026-04-09T18:54:35.503+0000] {logging_mixin.py:188} INFO - [2026-04-09T18:54:35.502+0000] {dag.py:3036} INFO - Sync 1 DAGs
[2026-04-09T18:54:35.525+0000] {logging_mixin.py:188} INFO - [2026-04-09T18:54:35.525+0000] {dag.py:3823} INFO - Setting next_dagrun for example_trigger_target_dag to None, run_after=None
[2026-04-09T18:54:35.560+0000] {processor.py:183} INFO - Processing /home/airflow/.local/lib/python3.8/site-packages/airflow/example_dags/example_trigger_target_dag.py took 0.111 seconds
[2026-04-09T18:55:06.501+0000] {processor.py:161} INFO - Started process (PID=14519) to work on /home/airflow/.local/lib/python3.8/site-packages/airflow/example_dags/example_trigger_target_dag.py
[2026-04-09T18:55:06.502+0000] {processor.py:830} INFO - Processing file /home/airflow/.local/lib/python3.8/site-packages/airflow/example_dags/example_trigger_target_dag.py for tasks to queue
[2026-04-09T18:55:06.504+0000] {logging_mixin.py:188} INFO - [2026-04-09T18:55:06.504+0000] {dagbag.py:538} INFO - Filling up the DagBag from /home/airflow/.local/lib/python3.8/site-packages/airflow/example_dags/example_trigger_target_dag.py
[2026-04-09T18:55:06.511+0000] {processor.py:840} INFO - DAG(s) 'example_trigger_target_dag' retrieved from /home/airflow/.local/lib/python3.8/site-packages/airflow/example_dags/example_trigger_target_dag.py
[2026-04-09T18:55:06.531+0000] {logging_mixin.py:188} INFO - [2026-04-09T18:55:06.530+0000] {dag.py:3036} INFO - Sync 1 DAGs
[2026-04-09T18:55:06.543+0000] {logging_mixin.py:188} INFO - [2026-04-09T18:55:06.542+0000] {dag.py:3823} INFO - Setting next_dagrun for example_trigger_target_dag to None, run_after=None
[2026-04-09T18:55:06.563+0000] {processor.py:183} INFO - Processing /home/airflow/.local/lib/python3.8/site-packages/airflow/example_dags/example_trigger_target_dag.py took 0.065 seconds
[2026-04-09T18:55:36.873+0000] {processor.py:161} INFO - Started process (PID=14576) to work on /home/airflow/.local/lib/python3.8/site-packages/airflow/example_dags/example_trigger_target_dag.py
[2026-04-09T18:55:36.875+0000] {processor.py:830} INFO - Processing file /home/airflow/.local/lib/python3.8/site-packages/airflow/example_dags/example_trigger_target_dag.py for tasks to queue
[2026-04-09T18:55:36.877+0000] {logging_mixin.py:188} INFO - [2026-04-09T18:55:36.877+0000] {dagbag.py:538} INFO - Filling up the DagBag from /home/airflow/.local/lib/python3.8/site-packages/airflow/example_dags/example_trigger_target_dag.py
[2026-04-09T18:55:36.883+0000] {processor.py:840} INFO - DAG(s) 'example_trigger_target_dag' retrieved from /home/airflow/.local/lib/python3.8/site-packages/airflow/example_dags/example_trigger_target_dag.py
[2026-04-09T18:55:36.906+0000] {logging_mixin.py:188} INFO - [2026-04-09T18:55:36.906+0000] {dag.py:3036} INFO - Sync 1 DAGs
[2026-04-09T18:55:36.921+0000] {logging_mixin.py:188} INFO - [2026-04-09T18:55:36.921+0000] {dag.py:3823} INFO - Setting next_dagrun for example_trigger_target_dag to None, run_after=None
[2026-04-09T18:55:36.948+0000] {processor.py:183} INFO - Processing /home/airflow/.local/lib/python3.8/site-packages/airflow/example_dags/example_trigger_target_dag.py took 0.078 seconds
[2026-04-09T18:56:07.057+0000] {processor.py:161} INFO - Started process (PID=14633) to work on /home/airflow/.local/lib/python3.8/site-packages/airflow/example_dags/example_trigger_target_dag.py
[2026-04-09T18:56:07.058+0000] {processor.py:830} INFO - Processing file /home/airflow/.local/lib/python3.8/site-packages/airflow/example_dags/example_trigger_target_dag.py for tasks to queue
[2026-04-09T18:56:07.060+0000] {logging_mixin.py:188} INFO - [2026-04-09T18:56:07.060+0000] {dagbag.py:538} INFO - Filling up the DagBag from /home/airflow/.local/lib/python3.8/site-packages/airflow/example_dags/example_trigger_target_dag.py
[2026-04-09T18:56:07.066+0000] {processor.py:840} INFO - DAG(s) 'example_trigger_target_dag' retrieved from /home/airflow/.local/lib/python3.8/site-packages/airflow/example_dags/example_trigger_target_dag.py
[2026-04-09T18:56:07.090+0000] {logging_mixin.py:188} INFO - [2026-04-09T18:56:07.090+0000] {dag.py:3036} INFO - Sync 1 DAGs
[2026-04-09T18:56:07.103+0000] {logging_mixin.py:188} INFO - [2026-04-09T18:56:07.103+0000] {dag.py:3823} INFO - Setting next_dagrun for example_trigger_target_dag to None, run_after=None
[2026-04-09T18:56:07.125+0000] {processor.py:183} INFO - Processing /home/airflow/.local/lib/python3.8/site-packages/airflow/example_dags/example_trigger_target_dag.py took 0.072 seconds
[2026-04-09T18:56:37.297+0000] {processor.py:161} INFO - Started process (PID=14690) to work on /home/airflow/.local/lib/python3.8/site-packages/airflow/example_dags/example_trigger_target_dag.py
[2026-04-09T18:56:37.298+0000] {processor.py:830} INFO - Processing file /home/airflow/.local/lib/python3.8/site-packages/airflow/example_dags/example_trigger_target_dag.py for tasks to queue
[2026-04-09T18:56:37.300+0000] {logging_mixin.py:188} INFO - [2026-04-09T18:56:37.300+0000] {dagbag.py:538} INFO - Filling up the DagBag from /home/airflow/.local/lib/python3.8/site-packages/airflow/example_dags/example_trigger_target_dag.py
[2026-04-09T18:56:37.308+0000] {processor.py:840} INFO - DAG(s) 'example_trigger_target_dag' retrieved from /home/airflow/.local/lib/python3.8/site-packages/airflow/example_dags/example_trigger_target_dag.py
[2026-04-09T18:56:37.332+0000] {logging_mixin.py:188} INFO - [2026-04-09T18:56:37.332+0000] {dag.py:3036} INFO - Sync 1 DAGs
[2026-04-09T18:56:37.346+0000] {logging_mixin.py:188} INFO - [2026-04-09T18:56:37.345+0000] {dag.py:3823} INFO - Setting next_dagrun for example_trigger_target_dag to None, run_after=None
[2026-04-09T18:56:37.368+0000] {processor.py:183} INFO - Processing /home/airflow/.local/lib/python3.8/site-packages/airflow/example_dags/example_trigger_target_dag.py took 0.074 seconds
[2026-04-09T18:57:07.872+0000] {processor.py:161} INFO - Started process (PID=14747) to work on /home/airflow/.local/lib/python3.8/site-packages/airflow/example_dags/example_trigger_target_dag.py
[2026-04-09T18:57:07.873+0000] {processor.py:830} INFO - Processing file /home/airflow/.local/lib/python3.8/site-packages/airflow/example_dags/example_trigger_target_dag.py for tasks to queue
[2026-04-09T18:57:07.875+0000] {logging_mixin.py:188} INFO - [2026-04-09T18:57:07.875+0000] {dagbag.py:538} INFO - Filling up the DagBag from /home/airflow/.local/lib/python3.8/site-packages/airflow/example_dags/example_trigger_target_dag.py
[2026-04-09T18:57:07.883+0000] {processor.py:840} INFO - DAG(s) 'example_trigger_target_dag' retrieved from /home/airflow/.local/lib/python3.8/site-packages/airflow/example_dags/example_trigger_target_dag.py
[2026-04-09T18:57:07.908+0000] {logging_mixin.py:188} INFO - [2026-04-09T18:57:07.907+0000] {dag.py:3036} INFO - Sync 1 DAGs
[2026-04-09T18:57:07.923+0000] {logging_mixin.py:188} INFO - [2026-04-09T18:57:07.923+0000] {dag.py:3823} INFO - Setting next_dagrun for example_trigger_target_dag to None, run_after=None
[2026-04-09T18:57:07.949+0000] {processor.py:183} INFO - Processing /home/airflow/.local/lib/python3.8/site-packages/airflow/example_dags/example_trigger_target_dag.py took 0.081 seconds
[2026-04-09T18:57:38.427+0000] {processor.py:161} INFO - Started process (PID=14804) to work on /home/airflow/.local/lib/python3.8/site-packages/airflow/example_dags/example_trigger_target_dag.py
[2026-04-09T18:57:38.429+0000] {processor.py:830} INFO - Processing file /home/airflow/.local/lib/python3.8/site-packages/airflow/example_dags/example_trigger_target_dag.py for tasks to queue
[2026-04-09T18:57:38.431+0000] {logging_mixin.py:188} INFO - [2026-04-09T18:57:38.431+0000] {dagbag.py:538} INFO - Filling up the DagBag from /home/airflow/.local/lib/python3.8/site-packages/airflow/example_dags/example_trigger_target_dag.py
[2026-04-09T18:57:38.438+0000] {processor.py:840} INFO - DAG(s) 'example_trigger_target_dag' retrieved from /home/airflow/.local/lib/python3.8/site-packages/airflow/example_dags/example_trigger_target_dag.py
[2026-04-09T18:57:38.468+0000] {logging_mixin.py:188} INFO - [2026-04-09T18:57:38.468+0000] {dag.py:3036} INFO - Sync 1 DAGs
[2026-04-09T18:57:38.485+0000] {logging_mixin.py:188} INFO - [2026-04-09T18:57:38.485+0000] {dag.py:3823} INFO - Setting next_dagrun for example_trigger_target_dag to None, run_after=None
[2026-04-09T18:57:38.511+0000] {processor.py:183} INFO - Processing /home/airflow/.local/lib/python3.8/site-packages/airflow/example_dags/example_trigger_target_dag.py took 0.088 seconds
[2026-04-09T18:58:08.605+0000] {processor.py:161} INFO - Started process (PID=14861) to work on /home/airflow/.local/lib/python3.8/site-packages/airflow/example_dags/example_trigger_target_dag.py
[2026-04-09T18:58:08.606+0000] {processor.py:830} INFO - Processing file /home/airflow/.local/lib/python3.8/site-packages/airflow/example_dags/example_trigger_target_dag.py for tasks to queue
[2026-04-09T18:58:08.610+0000] {logging_mixin.py:188} INFO - [2026-04-09T18:58:08.609+0000] {dagbag.py:538} INFO - Filling up the DagBag from /home/airflow/.local/lib/python3.8/site-packages/airflow/example_dags/example_trigger_target_dag.py
[2026-04-09T18:58:08.617+0000] {processor.py:840} INFO - DAG(s) 'example_trigger_target_dag' retrieved from /home/airflow/.local/lib/python3.8/site-packages/airflow/example_dags/example_trigger_target_dag.py
[2026-04-09T18:58:08.645+0000] {logging_mixin.py:188} INFO - [2026-04-09T18:58:08.645+0000] {dag.py:3036} INFO - Sync 1 DAGs
[2026-04-09T18:58:08.659+0000] {logging_mixin.py:188} INFO - [2026-04-09T18:58:08.659+0000] {dag.py:3823} INFO - Setting next_dagrun for example_trigger_target_dag to None, run_after=None
[2026-04-09T18:58:08.684+0000] {processor.py:183} INFO - Processing /home/airflow/.local/lib/python3.8/site-packages/airflow/example_dags/example_trigger_target_dag.py took 0.085 seconds
[2026-04-09T18:58:39.099+0000] {processor.py:161} INFO - Started process (PID=14918) to work on /home/airflow/.local/lib/python3.8/site-packages/airflow/example_dags/example_trigger_target_dag.py
[2026-04-09T18:58:39.101+0000] {processor.py:830} INFO - Processing file /home/airflow/.local/lib/python3.8/site-packages/airflow/example_dags/example_trigger_target_dag.py for tasks to queue
[2026-04-09T18:58:39.103+0000] {logging_mixin.py:188} INFO - [2026-04-09T18:58:39.103+0000] {dagbag.py:538} INFO - Filling up the DagBag from /home/airflow/.local/lib/python3.8/site-packages/airflow/example_dags/example_trigger_target_dag.py
[2026-04-09T18:58:39.111+0000] {processor.py:840} INFO - DAG(s) 'example_trigger_target_dag' retrieved from /home/airflow/.local/lib/python3.8/site-packages/airflow/example_dags/example_trigger_target_dag.py
[2026-04-09T18:58:39.136+0000] {logging_mixin.py:188} INFO - [2026-04-09T18:58:39.136+0000] {dag.py:3036} INFO - Sync 1 DAGs
[2026-04-09T18:58:39.149+0000] {logging_mixin.py:188} INFO - [2026-04-09T18:58:39.149+0000] {dag.py:3823} INFO - Setting next_dagrun for example_trigger_target_dag to None, run_after=None
[2026-04-09T18:58:39.169+0000] {processor.py:183} INFO - Processing /home/airflow/.local/lib/python3.8/site-packages/airflow/example_dags/example_trigger_target_dag.py took 0.074 seconds
[2026-04-09T18:59:09.328+0000] {processor.py:161} INFO - Started process (PID=14975) to work on /home/airflow/.local/lib/python3.8/site-packages/airflow/example_dags/example_trigger_target_dag.py
[2026-04-09T18:59:09.329+0000] {processor.py:830} INFO - Processing file /home/airflow/.local/lib/python3.8/site-packages/airflow/example_dags/example_trigger_target_dag.py for tasks to queue
[2026-04-09T18:59:09.331+0000] {logging_mixin.py:188} INFO - [2026-04-09T18:59:09.331+0000] {dagbag.py:538} INFO - Filling up the DagBag from /home/airflow/.local/lib/python3.8/site-packages/airflow/example_dags/example_trigger_target_dag.py
[2026-04-09T18:59:09.337+0000] {processor.py:840} INFO - DAG(s) 'example_trigger_target_dag' retrieved from /home/airflow/.local/lib/python3.8/site-packages/airflow/example_dags/example_trigger_target_dag.py
[2026-04-09T18:59:09.359+0000] {logging_mixin.py:188} INFO - [2026-04-09T18:59:09.359+0000] {dag.py:3036} INFO - Sync 1 DAGs
[2026-04-09T18:59:09.370+0000] {logging_mixin.py:188} INFO - [2026-04-09T18:59:09.370+0000] {dag.py:3823} INFO - Setting next_dagrun for example_trigger_target_dag to None, run_after=None
[2026-04-09T18:59:09.394+0000] {processor.py:183} INFO - Processing /home/airflow/.local/lib/python3.8/site-packages/airflow/example_dags/example_trigger_target_dag.py took 0.069 seconds
[2026-04-09T18:59:39.663+0000] {processor.py:161} INFO - Started process (PID=15032) to work on /home/airflow/.local/lib/python3.8/site-packages/airflow/example_dags/example_trigger_target_dag.py
[2026-04-09T18:59:39.664+0000] {processor.py:830} INFO - Processing file /home/airflow/.local/lib/python3.8/site-packages/airflow/example_dags/example_trigger_target_dag.py for tasks to queue
[2026-04-09T18:59:39.666+0000] {logging_mixin.py:188} INFO - [2026-04-09T18:59:39.665+0000] {dagbag.py:538} INFO - Filling up the DagBag from /home/airflow/.local/lib/python3.8/site-packages/airflow/example_dags/example_trigger_target_dag.py
[2026-04-09T18:59:39.672+0000] {processor.py:840} INFO - DAG(s) 'example_trigger_target_dag' retrieved from /home/airflow/.local/lib/python3.8/site-packages/airflow/example_dags/example_trigger_target_dag.py
[2026-04-09T18:59:39.694+0000] {logging_mixin.py:188} INFO - [2026-04-09T18:59:39.694+0000] {dag.py:3036} INFO - Sync 1 DAGs
[2026-04-09T18:59:39.706+0000] {logging_mixin.py:188} INFO - [2026-04-09T18:59:39.706+0000] {dag.py:3823} INFO - Setting next_dagrun for example_trigger_target_dag to None, run_after=None
[2026-04-09T18:59:39.729+0000] {processor.py:183} INFO - Processing /home/airflow/.local/lib/python3.8/site-packages/airflow/example_dags/example_trigger_target_dag.py took 0.070 seconds
[2026-04-09T19:00:10.034+0000] {processor.py:161} INFO - Started process (PID=15089) to work on /home/airflow/.local/lib/python3.8/site-packages/airflow/example_dags/example_trigger_target_dag.py
[2026-04-09T19:00:10.035+0000] {processor.py:830} INFO - Processing file /home/airflow/.local/lib/python3.8/site-packages/airflow/example_dags/example_trigger_target_dag.py for tasks to queue
[2026-04-09T19:00:10.037+0000] {logging_mixin.py:188} INFO - [2026-04-09T19:00:10.037+0000] {dagbag.py:538} INFO - Filling up the DagBag from /home/airflow/.local/lib/python3.8/site-packages/airflow/example_dags/example_trigger_target_dag.py
[2026-04-09T19:00:10.044+0000] {processor.py:840} INFO - DAG(s) 'example_trigger_target_dag' retrieved from /home/airflow/.local/lib/python3.8/site-packages/airflow/example_dags/example_trigger_target_dag.py
[2026-04-09T19:00:10.068+0000] {logging_mixin.py:188} INFO - [2026-04-09T19:00:10.067+0000] {dag.py:3036} INFO - Sync 1 DAGs
[2026-04-09T19:00:10.081+0000] {logging_mixin.py:188} INFO - [2026-04-09T19:00:10.080+0000] {dag.py:3823} INFO - Setting next_dagrun for example_trigger_target_dag to None, run_after=None
[2026-04-09T19:00:10.103+0000] {processor.py:183} INFO - Processing /home/airflow/.local/lib/python3.8/site-packages/airflow/example_dags/example_trigger_target_dag.py took 0.072 seconds
[2026-04-09T19:00:40.289+0000] {processor.py:161} INFO - Started process (PID=15146) to work on /home/airflow/.local/lib/python3.8/site-packages/airflow/example_dags/example_trigger_target_dag.py
[2026-04-09T19:00:40.290+0000] {processor.py:830} INFO - Processing file /home/airflow/.local/lib/python3.8/site-packages/airflow/example_dags/example_trigger_target_dag.py for tasks to queue
[2026-04-09T19:00:40.293+0000] {logging_mixin.py:188} INFO - [2026-04-09T19:00:40.292+0000] {dagbag.py:538} INFO - Filling up the DagBag from /home/airflow/.local/lib/python3.8/site-packages/airflow/example_dags/example_trigger_target_dag.py
[2026-04-09T19:00:40.299+0000] {processor.py:840} INFO - DAG(s) 'example_trigger_target_dag' retrieved from /home/airflow/.local/lib/python3.8/site-packages/airflow/example_dags/example_trigger_target_dag.py
[2026-04-09T19:00:40.321+0000] {logging_mixin.py:188} INFO - [2026-04-09T19:00:40.320+0000] {dag.py:3036} INFO - Sync 1 DAGs
[2026-04-09T19:00:40.335+0000] {logging_mixin.py:188} INFO - [2026-04-09T19:00:40.335+0000] {dag.py:3823} INFO - Setting next_dagrun for example_trigger_target_dag to None, run_after=None
[2026-04-09T19:00:40.357+0000] {processor.py:183} INFO - Processing /home/airflow/.local/lib/python3.8/site-packages/airflow/example_dags/example_trigger_target_dag.py took 0.072 seconds
[2026-04-09T19:01:10.905+0000] {processor.py:161} INFO - Started process (PID=15203) to work on /home/airflow/.local/lib/python3.8/site-packages/airflow/example_dags/example_trigger_target_dag.py
[2026-04-09T19:01:10.907+0000] {processor.py:830} INFO - Processing file /home/airflow/.local/lib/python3.8/site-packages/airflow/example_dags/example_trigger_target_dag.py for tasks to queue
[2026-04-09T19:01:10.909+0000] {logging_mixin.py:188} INFO - [2026-04-09T19:01:10.909+0000] {dagbag.py:538} INFO - Filling up the DagBag from /home/airflow/.local/lib/python3.8/site-packages/airflow/example_dags/example_trigger_target_dag.py
[2026-04-09T19:01:10.915+0000] {processor.py:840} INFO - DAG(s) 'example_trigger_target_dag' retrieved from /home/airflow/.local/lib/python3.8/site-packages/airflow/example_dags/example_trigger_target_dag.py
[2026-04-09T19:01:10.938+0000] {logging_mixin.py:188} INFO - [2026-04-09T19:01:10.937+0000] {dag.py:3036} INFO - Sync 1 DAGs
[2026-04-09T19:01:10.951+0000] {logging_mixin.py:188} INFO - [2026-04-09T19:01:10.951+0000] {dag.py:3823} INFO - Setting next_dagrun for example_trigger_target_dag to None, run_after=None
[2026-04-09T19:01:10.976+0000] {processor.py:183} INFO - Processing /home/airflow/.local/lib/python3.8/site-packages/airflow/example_dags/example_trigger_target_dag.py took 0.074 seconds
[2026-04-09T19:01:41.786+0000] {processor.py:161} INFO - Started process (PID=15260) to work on /home/airflow/.local/lib/python3.8/site-packages/airflow/example_dags/example_trigger_target_dag.py
[2026-04-09T19:01:41.789+0000] {processor.py:830} INFO - Processing file /home/airflow/.local/lib/python3.8/site-packages/airflow/example_dags/example_trigger_target_dag.py for tasks to queue
[2026-04-09T19:01:41.792+0000] {logging_mixin.py:188} INFO - [2026-04-09T19:01:41.791+0000] {dagbag.py:538} INFO - Filling up the DagBag from /home/airflow/.local/lib/python3.8/site-packages/airflow/example_dags/example_trigger_target_dag.py
[2026-04-09T19:01:41.800+0000] {processor.py:840} INFO - DAG(s) 'example_trigger_target_dag' retrieved from /home/airflow/.local/lib/python3.8/site-packages/airflow/example_dags/example_trigger_target_dag.py
[2026-04-09T19:01:41.835+0000] {logging_mixin.py:188} INFO - [2026-04-09T19:01:41.834+0000] {dag.py:3036} INFO - Sync 1 DAGs
[2026-04-09T19:01:41.856+0000] {logging_mixin.py:188} INFO - [2026-04-09T19:01:41.856+0000] {dag.py:3823} INFO - Setting next_dagrun for example_trigger_target_dag to None, run_after=None
[2026-04-09T19:01:41.900+0000] {processor.py:183} INFO - Processing /home/airflow/.local/lib/python3.8/site-packages/airflow/example_dags/example_trigger_target_dag.py took 0.118 seconds
[2026-04-09T19:02:12.644+0000] {processor.py:161} INFO - Started process (PID=15317) to work on /home/airflow/.local/lib/python3.8/site-packages/airflow/example_dags/example_trigger_target_dag.py
[2026-04-09T19:02:12.645+0000] {processor.py:830} INFO - Processing file /home/airflow/.local/lib/python3.8/site-packages/airflow/example_dags/example_trigger_target_dag.py for tasks to queue
[2026-04-09T19:02:12.649+0000] {logging_mixin.py:188} INFO - [2026-04-09T19:02:12.649+0000] {dagbag.py:538} INFO - Filling up the DagBag from /home/airflow/.local/lib/python3.8/site-packages/airflow/example_dags/example_trigger_target_dag.py
[2026-04-09T19:02:12.660+0000] {processor.py:840} INFO - DAG(s) 'example_trigger_target_dag' retrieved from /home/airflow/.local/lib/python3.8/site-packages/airflow/example_dags/example_trigger_target_dag.py
[2026-04-09T19:02:12.690+0000] {logging_mixin.py:188} INFO - [2026-04-09T19:02:12.690+0000] {dag.py:3036} INFO - Sync 1 DAGs
[2026-04-09T19:02:12.709+0000] {logging_mixin.py:188} INFO - [2026-04-09T19:02:12.709+0000] {dag.py:3823} INFO - Setting next_dagrun for example_trigger_target_dag to None, run_after=None
[2026-04-09T19:02:12.743+0000] {processor.py:183} INFO - Processing /home/airflow/.local/lib/python3.8/site-packages/airflow/example_dags/example_trigger_target_dag.py took 0.105 seconds
[2026-04-09T19:02:43.495+0000] {processor.py:161} INFO - Started process (PID=15374) to work on /home/airflow/.local/lib/python3.8/site-packages/airflow/example_dags/example_trigger_target_dag.py
[2026-04-09T19:02:43.497+0000] {processor.py:830} INFO - Processing file /home/airflow/.local/lib/python3.8/site-packages/airflow/example_dags/example_trigger_target_dag.py for tasks to queue
[2026-04-09T19:02:43.502+0000] {logging_mixin.py:188} INFO - [2026-04-09T19:02:43.500+0000] {dagbag.py:538} INFO - Filling up the DagBag from /home/airflow/.local/lib/python3.8/site-packages/airflow/example_dags/example_trigger_target_dag.py
[2026-04-09T19:02:43.513+0000] {processor.py:840} INFO - DAG(s) 'example_trigger_target_dag' retrieved from /home/airflow/.local/lib/python3.8/site-packages/airflow/example_dags/example_trigger_target_dag.py
[2026-04-09T19:02:43.544+0000] {logging_mixin.py:188} INFO - [2026-04-09T19:02:43.544+0000] {dag.py:3036} INFO - Sync 1 DAGs
[2026-04-09T19:02:43.563+0000] {logging_mixin.py:188} INFO - [2026-04-09T19:02:43.562+0000] {dag.py:3823} INFO - Setting next_dagrun for example_trigger_target_dag to None, run_after=None
[2026-04-09T19:02:43.600+0000] {processor.py:183} INFO - Processing /home/airflow/.local/lib/python3.8/site-packages/airflow/example_dags/example_trigger_target_dag.py took 0.109 seconds
[2026-04-09T19:03:14.357+0000] {processor.py:161} INFO - Started process (PID=15431) to work on /home/airflow/.local/lib/python3.8/site-packages/airflow/example_dags/example_trigger_target_dag.py
[2026-04-09T19:03:14.359+0000] {processor.py:830} INFO - Processing file /home/airflow/.local/lib/python3.8/site-packages/airflow/example_dags/example_trigger_target_dag.py for tasks to queue
[2026-04-09T19:03:14.362+0000] {logging_mixin.py:188} INFO - [2026-04-09T19:03:14.361+0000] {dagbag.py:538} INFO - Filling up the DagBag from /home/airflow/.local/lib/python3.8/site-packages/airflow/example_dags/example_trigger_target_dag.py
[2026-04-09T19:03:14.371+0000] {processor.py:840} INFO - DAG(s) 'example_trigger_target_dag' retrieved from /home/airflow/.local/lib/python3.8/site-packages/airflow/example_dags/example_trigger_target_dag.py
[2026-04-09T19:03:14.400+0000] {logging_mixin.py:188} INFO - [2026-04-09T19:03:14.399+0000] {dag.py:3036} INFO - Sync 1 DAGs
[2026-04-09T19:03:14.422+0000] {logging_mixin.py:188} INFO - [2026-04-09T19:03:14.422+0000] {dag.py:3823} INFO - Setting next_dagrun for example_trigger_target_dag to None, run_after=None
[2026-04-09T19:03:14.460+0000] {processor.py:183} INFO - Processing /home/airflow/.local/lib/python3.8/site-packages/airflow/example_dags/example_trigger_target_dag.py took 0.107 seconds
[2026-04-09T19:03:44.530+0000] {processor.py:161} INFO - Started process (PID=15488) to work on /home/airflow/.local/lib/python3.8/site-packages/airflow/example_dags/example_trigger_target_dag.py
[2026-04-09T19:03:44.532+0000] {processor.py:830} INFO - Processing file /home/airflow/.local/lib/python3.8/site-packages/airflow/example_dags/example_trigger_target_dag.py for tasks to queue
[2026-04-09T19:03:44.537+0000] {logging_mixin.py:188} INFO - [2026-04-09T19:03:44.536+0000] {dagbag.py:538} INFO - Filling up the DagBag from /home/airflow/.local/lib/python3.8/site-packages/airflow/example_dags/example_trigger_target_dag.py
[2026-04-09T19:03:44.547+0000] {processor.py:840} INFO - DAG(s) 'example_trigger_target_dag' retrieved from /home/airflow/.local/lib/python3.8/site-packages/airflow/example_dags/example_trigger_target_dag.py
[2026-04-09T19:03:44.594+0000] {logging_mixin.py:188} INFO - [2026-04-09T19:03:44.593+0000] {dag.py:3036} INFO - Sync 1 DAGs
[2026-04-09T19:03:44.614+0000] {logging_mixin.py:188} INFO - [2026-04-09T19:03:44.614+0000] {dag.py:3823} INFO - Setting next_dagrun for example_trigger_target_dag to None, run_after=None
[2026-04-09T19:03:44.666+0000] {processor.py:183} INFO - Processing /home/airflow/.local/lib/python3.8/site-packages/airflow/example_dags/example_trigger_target_dag.py took 0.141 seconds
[2026-04-09T19:04:15.017+0000] {processor.py:161} INFO - Started process (PID=15545) to work on /home/airflow/.local/lib/python3.8/site-packages/airflow/example_dags/example_trigger_target_dag.py
[2026-04-09T19:04:15.019+0000] {processor.py:830} INFO - Processing file /home/airflow/.local/lib/python3.8/site-packages/airflow/example_dags/example_trigger_target_dag.py for tasks to queue
[2026-04-09T19:04:15.022+0000] {logging_mixin.py:188} INFO - [2026-04-09T19:04:15.021+0000] {dagbag.py:538} INFO - Filling up the DagBag from /home/airflow/.local/lib/python3.8/site-packages/airflow/example_dags/example_trigger_target_dag.py
[2026-04-09T19:04:15.034+0000] {processor.py:840} INFO - DAG(s) 'example_trigger_target_dag' retrieved from /home/airflow/.local/lib/python3.8/site-packages/airflow/example_dags/example_trigger_target_dag.py
[2026-04-09T19:04:15.063+0000] {logging_mixin.py:188} INFO - [2026-04-09T19:04:15.063+0000] {dag.py:3036} INFO - Sync 1 DAGs
[2026-04-09T19:04:15.079+0000] {logging_mixin.py:188} INFO - [2026-04-09T19:04:15.079+0000] {dag.py:3823} INFO - Setting next_dagrun for example_trigger_target_dag to None, run_after=None
[2026-04-09T19:04:15.101+0000] {processor.py:183} INFO - Processing /home/airflow/.local/lib/python3.8/site-packages/airflow/example_dags/example_trigger_target_dag.py took 0.089 seconds
[2026-04-09T19:04:45.258+0000] {processor.py:161} INFO - Started process (PID=15602) to work on /home/airflow/.local/lib/python3.8/site-packages/airflow/example_dags/example_trigger_target_dag.py
[2026-04-09T19:04:45.260+0000] {processor.py:830} INFO - Processing file /home/airflow/.local/lib/python3.8/site-packages/airflow/example_dags/example_trigger_target_dag.py for tasks to queue
[2026-04-09T19:04:45.263+0000] {logging_mixin.py:188} INFO - [2026-04-09T19:04:45.263+0000] {dagbag.py:538} INFO - Filling up the DagBag from /home/airflow/.local/lib/python3.8/site-packages/airflow/example_dags/example_trigger_target_dag.py
[2026-04-09T19:04:45.272+0000] {processor.py:840} INFO - DAG(s) 'example_trigger_target_dag' retrieved from /home/airflow/.local/lib/python3.8/site-packages/airflow/example_dags/example_trigger_target_dag.py
[2026-04-09T19:04:45.301+0000] {logging_mixin.py:188} INFO - [2026-04-09T19:04:45.301+0000] {dag.py:3036} INFO - Sync 1 DAGs
[2026-04-09T19:04:45.315+0000] {logging_mixin.py:188} INFO - [2026-04-09T19:04:45.315+0000] {dag.py:3823} INFO - Setting next_dagrun for example_trigger_target_dag to None, run_after=None
[2026-04-09T19:04:45.345+0000] {processor.py:183} INFO - Processing /home/airflow/.local/lib/python3.8/site-packages/airflow/example_dags/example_trigger_target_dag.py took 0.092 seconds
[2026-04-09T19:05:16.123+0000] {processor.py:161} INFO - Started process (PID=15659) to work on /home/airflow/.local/lib/python3.8/site-packages/airflow/example_dags/example_trigger_target_dag.py
[2026-04-09T19:05:16.124+0000] {processor.py:830} INFO - Processing file /home/airflow/.local/lib/python3.8/site-packages/airflow/example_dags/example_trigger_target_dag.py for tasks to queue
[2026-04-09T19:05:16.126+0000] {logging_mixin.py:188} INFO - [2026-04-09T19:05:16.125+0000] {dagbag.py:538} INFO - Filling up the DagBag from /home/airflow/.local/lib/python3.8/site-packages/airflow/example_dags/example_trigger_target_dag.py
[2026-04-09T19:05:16.134+0000] {processor.py:840} INFO - DAG(s) 'example_trigger_target_dag' retrieved from /home/airflow/.local/lib/python3.8/site-packages/airflow/example_dags/example_trigger_target_dag.py
[2026-04-09T19:05:16.159+0000] {logging_mixin.py:188} INFO - [2026-04-09T19:05:16.158+0000] {dag.py:3036} INFO - Sync 1 DAGs
[2026-04-09T19:05:16.178+0000] {logging_mixin.py:188} INFO - [2026-04-09T19:05:16.178+0000] {dag.py:3823} INFO - Setting next_dagrun for example_trigger_target_dag to None, run_after=None
[2026-04-09T19:05:16.202+0000] {processor.py:183} INFO - Processing /home/airflow/.local/lib/python3.8/site-packages/airflow/example_dags/example_trigger_target_dag.py took 0.083 seconds
[2026-04-09T19:05:46.526+0000] {processor.py:161} INFO - Started process (PID=15715) to work on /home/airflow/.local/lib/python3.8/site-packages/airflow/example_dags/example_trigger_target_dag.py
[2026-04-09T19:05:46.527+0000] {processor.py:830} INFO - Processing file /home/airflow/.local/lib/python3.8/site-packages/airflow/example_dags/example_trigger_target_dag.py for tasks to queue
[2026-04-09T19:05:46.530+0000] {logging_mixin.py:188} INFO - [2026-04-09T19:05:46.529+0000] {dagbag.py:538} INFO - Filling up the DagBag from /home/airflow/.local/lib/python3.8/site-packages/airflow/example_dags/example_trigger_target_dag.py
[2026-04-09T19:05:46.540+0000] {processor.py:840} INFO - DAG(s) 'example_trigger_target_dag' retrieved from /home/airflow/.local/lib/python3.8/site-packages/airflow/example_dags/example_trigger_target_dag.py
[2026-04-09T19:05:46.568+0000] {logging_mixin.py:188} INFO - [2026-04-09T19:05:46.567+0000] {dag.py:3036} INFO - Sync 1 DAGs
[2026-04-09T19:05:46.764+0000] {logging_mixin.py:188} INFO - [2026-04-09T19:05:46.764+0000] {dag.py:3823} INFO - Setting next_dagrun for example_trigger_target_dag to None, run_after=None
[2026-04-09T19:05:46.792+0000] {processor.py:183} INFO - Processing /home/airflow/.local/lib/python3.8/site-packages/airflow/example_dags/example_trigger_target_dag.py took 0.271 seconds
[2026-04-09T19:06:17.674+0000] {processor.py:161} INFO - Started process (PID=15772) to work on /home/airflow/.local/lib/python3.8/site-packages/airflow/example_dags/example_trigger_target_dag.py
[2026-04-09T19:06:17.676+0000] {processor.py:830} INFO - Processing file /home/airflow/.local/lib/python3.8/site-packages/airflow/example_dags/example_trigger_target_dag.py for tasks to queue
[2026-04-09T19:06:17.679+0000] {logging_mixin.py:188} INFO - [2026-04-09T19:06:17.678+0000] {dagbag.py:538} INFO - Filling up the DagBag from /home/airflow/.local/lib/python3.8/site-packages/airflow/example_dags/example_trigger_target_dag.py
[2026-04-09T19:06:17.686+0000] {processor.py:840} INFO - DAG(s) 'example_trigger_target_dag' retrieved from /home/airflow/.local/lib/python3.8/site-packages/airflow/example_dags/example_trigger_target_dag.py
[2026-04-09T19:06:17.709+0000] {logging_mixin.py:188} INFO - [2026-04-09T19:06:17.708+0000] {dag.py:3036} INFO - Sync 1 DAGs
[2026-04-09T19:06:17.721+0000] {logging_mixin.py:188} INFO - [2026-04-09T19:06:17.720+0000] {dag.py:3823} INFO - Setting next_dagrun for example_trigger_target_dag to None, run_after=None
[2026-04-09T19:06:17.744+0000] {processor.py:183} INFO - Processing /home/airflow/.local/lib/python3.8/site-packages/airflow/example_dags/example_trigger_target_dag.py took 0.073 seconds
[2026-04-09T19:06:47.988+0000] {processor.py:161} INFO - Started process (PID=15829) to work on /home/airflow/.local/lib/python3.8/site-packages/airflow/example_dags/example_trigger_target_dag.py
[2026-04-09T19:06:47.990+0000] {processor.py:830} INFO - Processing file /home/airflow/.local/lib/python3.8/site-packages/airflow/example_dags/example_trigger_target_dag.py for tasks to queue
[2026-04-09T19:06:47.992+0000] {logging_mixin.py:188} INFO - [2026-04-09T19:06:47.992+0000] {dagbag.py:538} INFO - Filling up the DagBag from /home/airflow/.local/lib/python3.8/site-packages/airflow/example_dags/example_trigger_target_dag.py
[2026-04-09T19:06:48.001+0000] {processor.py:840} INFO - DAG(s) 'example_trigger_target_dag' retrieved from /home/airflow/.local/lib/python3.8/site-packages/airflow/example_dags/example_trigger_target_dag.py
[2026-04-09T19:06:48.029+0000] {logging_mixin.py:188} INFO - [2026-04-09T19:06:48.029+0000] {dag.py:3036} INFO - Sync 1 DAGs
[2026-04-09T19:06:48.049+0000] {logging_mixin.py:188} INFO - [2026-04-09T19:06:48.048+0000] {dag.py:3823} INFO - Setting next_dagrun for example_trigger_target_dag to None, run_after=None
[2026-04-09T19:06:48.082+0000] {processor.py:183} INFO - Processing /home/airflow/.local/lib/python3.8/site-packages/airflow/example_dags/example_trigger_target_dag.py took 0.098 seconds
[2026-04-09T19:07:18.245+0000] {processor.py:161} INFO - Started process (PID=15886) to work on /home/airflow/.local/lib/python3.8/site-packages/airflow/example_dags/example_trigger_target_dag.py
[2026-04-09T19:07:18.247+0000] {processor.py:830} INFO - Processing file /home/airflow/.local/lib/python3.8/site-packages/airflow/example_dags/example_trigger_target_dag.py for tasks to queue
[2026-04-09T19:07:18.249+0000] {logging_mixin.py:188} INFO - [2026-04-09T19:07:18.249+0000] {dagbag.py:538} INFO - Filling up the DagBag from /home/airflow/.local/lib/python3.8/site-packages/airflow/example_dags/example_trigger_target_dag.py
[2026-04-09T19:07:18.258+0000] {processor.py:840} INFO - DAG(s) 'example_trigger_target_dag' retrieved from /home/airflow/.local/lib/python3.8/site-packages/airflow/example_dags/example_trigger_target_dag.py
[2026-04-09T19:07:18.281+0000] {logging_mixin.py:188} INFO - [2026-04-09T19:07:18.281+0000] {dag.py:3036} INFO - Sync 1 DAGs
[2026-04-09T19:07:18.293+0000] {logging_mixin.py:188} INFO - [2026-04-09T19:07:18.293+0000] {dag.py:3823} INFO - Setting next_dagrun for example_trigger_target_dag to None, run_after=None
[2026-04-09T19:07:18.316+0000] {processor.py:183} INFO - Processing /home/airflow/.local/lib/python3.8/site-packages/airflow/example_dags/example_trigger_target_dag.py took 0.077 seconds
[2026-04-09T19:07:48.561+0000] {processor.py:161} INFO - Started process (PID=15943) to work on /home/airflow/.local/lib/python3.8/site-packages/airflow/example_dags/example_trigger_target_dag.py
[2026-04-09T19:07:48.563+0000] {processor.py:830} INFO - Processing file /home/airflow/.local/lib/python3.8/site-packages/airflow/example_dags/example_trigger_target_dag.py for tasks to queue
[2026-04-09T19:07:48.565+0000] {logging_mixin.py:188} INFO - [2026-04-09T19:07:48.565+0000] {dagbag.py:538} INFO - Filling up the DagBag from /home/airflow/.local/lib/python3.8/site-packages/airflow/example_dags/example_trigger_target_dag.py
[2026-04-09T19:07:48.572+0000] {processor.py:840} INFO - DAG(s) 'example_trigger_target_dag' retrieved from /home/airflow/.local/lib/python3.8/site-packages/airflow/example_dags/example_trigger_target_dag.py
[2026-04-09T19:07:48.597+0000] {logging_mixin.py:188} INFO - [2026-04-09T19:07:48.597+0000] {dag.py:3036} INFO - Sync 1 DAGs
[2026-04-09T19:07:48.617+0000] {logging_mixin.py:188} INFO - [2026-04-09T19:07:48.616+0000] {dag.py:3823} INFO - Setting next_dagrun for example_trigger_target_dag to None, run_after=None
[2026-04-09T19:07:48.643+0000] {processor.py:183} INFO - Processing /home/airflow/.local/lib/python3.8/site-packages/airflow/example_dags/example_trigger_target_dag.py took 0.086 seconds
[2026-04-09T19:08:19.231+0000] {processor.py:161} INFO - Started process (PID=15997) to work on /home/airflow/.local/lib/python3.8/site-packages/airflow/example_dags/example_trigger_target_dag.py
[2026-04-09T19:08:19.233+0000] {processor.py:830} INFO - Processing file /home/airflow/.local/lib/python3.8/site-packages/airflow/example_dags/example_trigger_target_dag.py for tasks to queue
[2026-04-09T19:08:19.238+0000] {logging_mixin.py:188} INFO - [2026-04-09T19:08:19.237+0000] {dagbag.py:538} INFO - Filling up the DagBag from /home/airflow/.local/lib/python3.8/site-packages/airflow/example_dags/example_trigger_target_dag.py
[2026-04-09T19:08:19.249+0000] {processor.py:840} INFO - DAG(s) 'example_trigger_target_dag' retrieved from /home/airflow/.local/lib/python3.8/site-packages/airflow/example_dags/example_trigger_target_dag.py
[2026-04-09T19:08:19.295+0000] {logging_mixin.py:188} INFO - [2026-04-09T19:08:19.294+0000] {dag.py:3036} INFO - Sync 1 DAGs
[2026-04-09T19:08:19.329+0000] {logging_mixin.py:188} INFO - [2026-04-09T19:08:19.328+0000] {dag.py:3823} INFO - Setting next_dagrun for example_trigger_target_dag to None, run_after=None
[2026-04-09T19:08:19.370+0000] {processor.py:183} INFO - Processing /home/airflow/.local/lib/python3.8/site-packages/airflow/example_dags/example_trigger_target_dag.py took 0.146 seconds
[2026-04-09T19:08:49.502+0000] {processor.py:161} INFO - Started process (PID=16053) to work on /home/airflow/.local/lib/python3.8/site-packages/airflow/example_dags/example_trigger_target_dag.py
[2026-04-09T19:08:49.504+0000] {processor.py:830} INFO - Processing file /home/airflow/.local/lib/python3.8/site-packages/airflow/example_dags/example_trigger_target_dag.py for tasks to queue
[2026-04-09T19:08:49.510+0000] {logging_mixin.py:188} INFO - [2026-04-09T19:08:49.508+0000] {dagbag.py:538} INFO - Filling up the DagBag from /home/airflow/.local/lib/python3.8/site-packages/airflow/example_dags/example_trigger_target_dag.py
[2026-04-09T19:08:49.524+0000] {processor.py:840} INFO - DAG(s) 'example_trigger_target_dag' retrieved from /home/airflow/.local/lib/python3.8/site-packages/airflow/example_dags/example_trigger_target_dag.py
[2026-04-09T19:08:49.567+0000] {logging_mixin.py:188} INFO - [2026-04-09T19:08:49.566+0000] {dag.py:3036} INFO - Sync 1 DAGs
[2026-04-09T19:08:49.597+0000] {logging_mixin.py:188} INFO - [2026-04-09T19:08:49.597+0000] {dag.py:3823} INFO - Setting next_dagrun for example_trigger_target_dag to None, run_after=None
[2026-04-09T19:08:49.632+0000] {processor.py:183} INFO - Processing /home/airflow/.local/lib/python3.8/site-packages/airflow/example_dags/example_trigger_target_dag.py took 0.136 seconds
[2026-04-09T19:09:20.625+0000] {processor.py:161} INFO - Started process (PID=16111) to work on /home/airflow/.local/lib/python3.8/site-packages/airflow/example_dags/example_trigger_target_dag.py
[2026-04-09T19:09:20.628+0000] {processor.py:830} INFO - Processing file /home/airflow/.local/lib/python3.8/site-packages/airflow/example_dags/example_trigger_target_dag.py for tasks to queue
[2026-04-09T19:09:20.633+0000] {logging_mixin.py:188} INFO - [2026-04-09T19:09:20.633+0000] {dagbag.py:538} INFO - Filling up the DagBag from /home/airflow/.local/lib/python3.8/site-packages/airflow/example_dags/example_trigger_target_dag.py
[2026-04-09T19:09:20.650+0000] {processor.py:840} INFO - DAG(s) 'example_trigger_target_dag' retrieved from /home/airflow/.local/lib/python3.8/site-packages/airflow/example_dags/example_trigger_target_dag.py
[2026-04-09T19:09:20.700+0000] {logging_mixin.py:188} INFO - [2026-04-09T19:09:20.699+0000] {dag.py:3036} INFO - Sync 1 DAGs
[2026-04-09T19:09:20.737+0000] {logging_mixin.py:188} INFO - [2026-04-09T19:09:20.736+0000] {dag.py:3823} INFO - Setting next_dagrun for example_trigger_target_dag to None, run_after=None
[2026-04-09T19:09:20.797+0000] {processor.py:183} INFO - Processing /home/airflow/.local/lib/python3.8/site-packages/airflow/example_dags/example_trigger_target_dag.py took 0.179 seconds
[2026-04-09T19:09:51.544+0000] {processor.py:161} INFO - Started process (PID=16168) to work on /home/airflow/.local/lib/python3.8/site-packages/airflow/example_dags/example_trigger_target_dag.py
[2026-04-09T19:09:51.548+0000] {processor.py:830} INFO - Processing file /home/airflow/.local/lib/python3.8/site-packages/airflow/example_dags/example_trigger_target_dag.py for tasks to queue
[2026-04-09T19:09:51.555+0000] {logging_mixin.py:188} INFO - [2026-04-09T19:09:51.554+0000] {dagbag.py:538} INFO - Filling up the DagBag from /home/airflow/.local/lib/python3.8/site-packages/airflow/example_dags/example_trigger_target_dag.py
[2026-04-09T19:09:51.572+0000] {processor.py:840} INFO - DAG(s) 'example_trigger_target_dag' retrieved from /home/airflow/.local/lib/python3.8/site-packages/airflow/example_dags/example_trigger_target_dag.py
[2026-04-09T19:09:51.613+0000] {logging_mixin.py:188} INFO - [2026-04-09T19:09:51.613+0000] {dag.py:3036} INFO - Sync 1 DAGs
[2026-04-09T19:09:51.633+0000] {logging_mixin.py:188} INFO - [2026-04-09T19:09:51.632+0000] {dag.py:3823} INFO - Setting next_dagrun for example_trigger_target_dag to None, run_after=None
[2026-04-09T19:09:51.667+0000] {processor.py:183} INFO - Processing /home/airflow/.local/lib/python3.8/site-packages/airflow/example_dags/example_trigger_target_dag.py took 0.135 seconds
[2026-04-09T19:10:22.247+0000] {processor.py:161} INFO - Started process (PID=16223) to work on /home/airflow/.local/lib/python3.8/site-packages/airflow/example_dags/example_trigger_target_dag.py
[2026-04-09T19:10:22.249+0000] {processor.py:830} INFO - Processing file /home/airflow/.local/lib/python3.8/site-packages/airflow/example_dags/example_trigger_target_dag.py for tasks to queue
[2026-04-09T19:10:22.254+0000] {logging_mixin.py:188} INFO - [2026-04-09T19:10:22.253+0000] {dagbag.py:538} INFO - Filling up the DagBag from /home/airflow/.local/lib/python3.8/site-packages/airflow/example_dags/example_trigger_target_dag.py
[2026-04-09T19:10:22.268+0000] {processor.py:840} INFO - DAG(s) 'example_trigger_target_dag' retrieved from /home/airflow/.local/lib/python3.8/site-packages/airflow/example_dags/example_trigger_target_dag.py
[2026-04-09T19:10:22.308+0000] {logging_mixin.py:188} INFO - [2026-04-09T19:10:22.306+0000] {dag.py:3036} INFO - Sync 1 DAGs
[2026-04-09T19:10:22.333+0000] {logging_mixin.py:188} INFO - [2026-04-09T19:10:22.333+0000] {dag.py:3823} INFO - Setting next_dagrun for example_trigger_target_dag to None, run_after=None
[2026-04-09T19:10:22.377+0000] {processor.py:183} INFO - Processing /home/airflow/.local/lib/python3.8/site-packages/airflow/example_dags/example_trigger_target_dag.py took 0.139 seconds
[2026-04-09T19:10:52.835+0000] {processor.py:161} INFO - Started process (PID=16280) to work on /home/airflow/.local/lib/python3.8/site-packages/airflow/example_dags/example_trigger_target_dag.py
[2026-04-09T19:10:52.837+0000] {processor.py:830} INFO - Processing file /home/airflow/.local/lib/python3.8/site-packages/airflow/example_dags/example_trigger_target_dag.py for tasks to queue
[2026-04-09T19:10:52.840+0000] {logging_mixin.py:188} INFO - [2026-04-09T19:10:52.840+0000] {dagbag.py:538} INFO - Filling up the DagBag from /home/airflow/.local/lib/python3.8/site-packages/airflow/example_dags/example_trigger_target_dag.py
[2026-04-09T19:10:52.854+0000] {processor.py:840} INFO - DAG(s) 'example_trigger_target_dag' retrieved from /home/airflow/.local/lib/python3.8/site-packages/airflow/example_dags/example_trigger_target_dag.py
[2026-04-09T19:10:52.905+0000] {logging_mixin.py:188} INFO - [2026-04-09T19:10:52.904+0000] {dag.py:3036} INFO - Sync 1 DAGs
[2026-04-09T19:10:52.936+0000] {logging_mixin.py:188} INFO - [2026-04-09T19:10:52.935+0000] {dag.py:3823} INFO - Setting next_dagrun for example_trigger_target_dag to None, run_after=None
[2026-04-09T19:10:52.972+0000] {processor.py:183} INFO - Processing /home/airflow/.local/lib/python3.8/site-packages/airflow/example_dags/example_trigger_target_dag.py took 0.143 seconds
[2026-04-09T19:11:23.702+0000] {processor.py:161} INFO - Started process (PID=16337) to work on /home/airflow/.local/lib/python3.8/site-packages/airflow/example_dags/example_trigger_target_dag.py
[2026-04-09T19:11:23.705+0000] {processor.py:830} INFO - Processing file /home/airflow/.local/lib/python3.8/site-packages/airflow/example_dags/example_trigger_target_dag.py for tasks to queue
[2026-04-09T19:11:23.711+0000] {logging_mixin.py:188} INFO - [2026-04-09T19:11:23.710+0000] {dagbag.py:538} INFO - Filling up the DagBag from /home/airflow/.local/lib/python3.8/site-packages/airflow/example_dags/example_trigger_target_dag.py
[2026-04-09T19:11:23.731+0000] {processor.py:840} INFO - DAG(s) 'example_trigger_target_dag' retrieved from /home/airflow/.local/lib/python3.8/site-packages/airflow/example_dags/example_trigger_target_dag.py
[2026-04-09T19:11:23.766+0000] {logging_mixin.py:188} INFO - [2026-04-09T19:11:23.766+0000] {dag.py:3036} INFO - Sync 1 DAGs
[2026-04-09T19:11:23.788+0000] {logging_mixin.py:188} INFO - [2026-04-09T19:11:23.787+0000] {dag.py:3823} INFO - Setting next_dagrun for example_trigger_target_dag to None, run_after=None
[2026-04-09T19:11:23.825+0000] {processor.py:183} INFO - Processing /home/airflow/.local/lib/python3.8/site-packages/airflow/example_dags/example_trigger_target_dag.py took 0.134 seconds
[2026-04-09T19:11:54.027+0000] {processor.py:161} INFO - Started process (PID=16393) to work on /home/airflow/.local/lib/python3.8/site-packages/airflow/example_dags/example_trigger_target_dag.py
[2026-04-09T19:11:54.030+0000] {processor.py:830} INFO - Processing file /home/airflow/.local/lib/python3.8/site-packages/airflow/example_dags/example_trigger_target_dag.py for tasks to queue
[2026-04-09T19:11:54.033+0000] {logging_mixin.py:188} INFO - [2026-04-09T19:11:54.033+0000] {dagbag.py:538} INFO - Filling up the DagBag from /home/airflow/.local/lib/python3.8/site-packages/airflow/example_dags/example_trigger_target_dag.py
[2026-04-09T19:11:54.045+0000] {processor.py:840} INFO - DAG(s) 'example_trigger_target_dag' retrieved from /home/airflow/.local/lib/python3.8/site-packages/airflow/example_dags/example_trigger_target_dag.py
[2026-04-09T19:11:54.096+0000] {logging_mixin.py:188} INFO - [2026-04-09T19:11:54.096+0000] {dag.py:3036} INFO - Sync 1 DAGs
[2026-04-09T19:11:54.132+0000] {logging_mixin.py:188} INFO - [2026-04-09T19:11:54.132+0000] {dag.py:3823} INFO - Setting next_dagrun for example_trigger_target_dag to None, run_after=None
[2026-04-09T19:11:54.199+0000] {processor.py:183} INFO - Processing /home/airflow/.local/lib/python3.8/site-packages/airflow/example_dags/example_trigger_target_dag.py took 0.183 seconds
[2026-04-09T19:12:24.451+0000] {processor.py:161} INFO - Started process (PID=16450) to work on /home/airflow/.local/lib/python3.8/site-packages/airflow/example_dags/example_trigger_target_dag.py
[2026-04-09T19:12:24.453+0000] {processor.py:830} INFO - Processing file /home/airflow/.local/lib/python3.8/site-packages/airflow/example_dags/example_trigger_target_dag.py for tasks to queue
[2026-04-09T19:12:24.459+0000] {logging_mixin.py:188} INFO - [2026-04-09T19:12:24.458+0000] {dagbag.py:538} INFO - Filling up the DagBag from /home/airflow/.local/lib/python3.8/site-packages/airflow/example_dags/example_trigger_target_dag.py
[2026-04-09T19:12:24.469+0000] {processor.py:840} INFO - DAG(s) 'example_trigger_target_dag' retrieved from /home/airflow/.local/lib/python3.8/site-packages/airflow/example_dags/example_trigger_target_dag.py
[2026-04-09T19:12:24.505+0000] {logging_mixin.py:188} INFO - [2026-04-09T19:12:24.505+0000] {dag.py:3036} INFO - Sync 1 DAGs
[2026-04-09T19:12:24.537+0000] {logging_mixin.py:188} INFO - [2026-04-09T19:12:24.537+0000] {dag.py:3823} INFO - Setting next_dagrun for example_trigger_target_dag to None, run_after=None
[2026-04-09T19:12:24.584+0000] {processor.py:183} INFO - Processing /home/airflow/.local/lib/python3.8/site-packages/airflow/example_dags/example_trigger_target_dag.py took 0.140 seconds
[2026-04-09T19:12:54.908+0000] {processor.py:161} INFO - Started process (PID=16505) to work on /home/airflow/.local/lib/python3.8/site-packages/airflow/example_dags/example_trigger_target_dag.py
[2026-04-09T19:12:54.912+0000] {processor.py:830} INFO - Processing file /home/airflow/.local/lib/python3.8/site-packages/airflow/example_dags/example_trigger_target_dag.py for tasks to queue
[2026-04-09T19:12:54.918+0000] {logging_mixin.py:188} INFO - [2026-04-09T19:12:54.917+0000] {dagbag.py:538} INFO - Filling up the DagBag from /home/airflow/.local/lib/python3.8/site-packages/airflow/example_dags/example_trigger_target_dag.py
[2026-04-09T19:12:54.936+0000] {processor.py:840} INFO - DAG(s) 'example_trigger_target_dag' retrieved from /home/airflow/.local/lib/python3.8/site-packages/airflow/example_dags/example_trigger_target_dag.py
[2026-04-09T19:12:54.997+0000] {logging_mixin.py:188} INFO - [2026-04-09T19:12:54.997+0000] {dag.py:3036} INFO - Sync 1 DAGs
[2026-04-09T19:12:55.037+0000] {logging_mixin.py:188} INFO - [2026-04-09T19:12:55.036+0000] {dag.py:3823} INFO - Setting next_dagrun for example_trigger_target_dag to None, run_after=None
[2026-04-09T19:12:55.094+0000] {processor.py:183} INFO - Processing /home/airflow/.local/lib/python3.8/site-packages/airflow/example_dags/example_trigger_target_dag.py took 0.198 seconds
[2026-04-09T19:13:25.627+0000] {processor.py:161} INFO - Started process (PID=16562) to work on /home/airflow/.local/lib/python3.8/site-packages/airflow/example_dags/example_trigger_target_dag.py
[2026-04-09T19:13:25.629+0000] {processor.py:830} INFO - Processing file /home/airflow/.local/lib/python3.8/site-packages/airflow/example_dags/example_trigger_target_dag.py for tasks to queue
[2026-04-09T19:13:25.633+0000] {logging_mixin.py:188} INFO - [2026-04-09T19:13:25.632+0000] {dagbag.py:538} INFO - Filling up the DagBag from /home/airflow/.local/lib/python3.8/site-packages/airflow/example_dags/example_trigger_target_dag.py
[2026-04-09T19:13:25.645+0000] {processor.py:840} INFO - DAG(s) 'example_trigger_target_dag' retrieved from /home/airflow/.local/lib/python3.8/site-packages/airflow/example_dags/example_trigger_target_dag.py
[2026-04-09T19:13:25.692+0000] {logging_mixin.py:188} INFO - [2026-04-09T19:13:25.691+0000] {dag.py:3036} INFO - Sync 1 DAGs
[2026-04-09T19:13:25.709+0000] {logging_mixin.py:188} INFO - [2026-04-09T19:13:25.709+0000] {dag.py:3823} INFO - Setting next_dagrun for example_trigger_target_dag to None, run_after=None
[2026-04-09T19:13:25.739+0000] {processor.py:183} INFO - Processing /home/airflow/.local/lib/python3.8/site-packages/airflow/example_dags/example_trigger_target_dag.py took 0.118 seconds
[2026-04-09T19:13:56.464+0000] {processor.py:161} INFO - Started process (PID=16620) to work on /home/airflow/.local/lib/python3.8/site-packages/airflow/example_dags/example_trigger_target_dag.py
[2026-04-09T19:13:56.466+0000] {processor.py:830} INFO - Processing file /home/airflow/.local/lib/python3.8/site-packages/airflow/example_dags/example_trigger_target_dag.py for tasks to queue
[2026-04-09T19:13:56.470+0000] {logging_mixin.py:188} INFO - [2026-04-09T19:13:56.469+0000] {dagbag.py:538} INFO - Filling up the DagBag from /home/airflow/.local/lib/python3.8/site-packages/airflow/example_dags/example_trigger_target_dag.py
[2026-04-09T19:13:56.485+0000] {processor.py:840} INFO - DAG(s) 'example_trigger_target_dag' retrieved from /home/airflow/.local/lib/python3.8/site-packages/airflow/example_dags/example_trigger_target_dag.py
[2026-04-09T19:13:56.542+0000] {logging_mixin.py:188} INFO - [2026-04-09T19:13:56.541+0000] {dag.py:3036} INFO - Sync 1 DAGs
[2026-04-09T19:13:56.577+0000] {logging_mixin.py:188} INFO - [2026-04-09T19:13:56.577+0000] {dag.py:3823} INFO - Setting next_dagrun for example_trigger_target_dag to None, run_after=None
[2026-04-09T19:13:56.630+0000] {processor.py:183} INFO - Processing /home/airflow/.local/lib/python3.8/site-packages/airflow/example_dags/example_trigger_target_dag.py took 0.172 seconds
[2026-04-09T19:14:26.921+0000] {processor.py:161} INFO - Started process (PID=16677) to work on /home/airflow/.local/lib/python3.8/site-packages/airflow/example_dags/example_trigger_target_dag.py
[2026-04-09T19:14:26.923+0000] {processor.py:830} INFO - Processing file /home/airflow/.local/lib/python3.8/site-packages/airflow/example_dags/example_trigger_target_dag.py for tasks to queue
[2026-04-09T19:14:26.927+0000] {logging_mixin.py:188} INFO - [2026-04-09T19:14:26.926+0000] {dagbag.py:538} INFO - Filling up the DagBag from /home/airflow/.local/lib/python3.8/site-packages/airflow/example_dags/example_trigger_target_dag.py
[2026-04-09T19:14:26.939+0000] {processor.py:840} INFO - DAG(s) 'example_trigger_target_dag' retrieved from /home/airflow/.local/lib/python3.8/site-packages/airflow/example_dags/example_trigger_target_dag.py
[2026-04-09T19:14:26.992+0000] {logging_mixin.py:188} INFO - [2026-04-09T19:14:26.991+0000] {dag.py:3036} INFO - Sync 1 DAGs
[2026-04-09T19:14:27.029+0000] {logging_mixin.py:188} INFO - [2026-04-09T19:14:27.028+0000] {dag.py:3823} INFO - Setting next_dagrun for example_trigger_target_dag to None, run_after=None
[2026-04-09T19:14:27.086+0000] {processor.py:183} INFO - Processing /home/airflow/.local/lib/python3.8/site-packages/airflow/example_dags/example_trigger_target_dag.py took 0.171 seconds
[2026-04-09T19:14:57.217+0000] {processor.py:161} INFO - Started process (PID=16735) to work on /home/airflow/.local/lib/python3.8/site-packages/airflow/example_dags/example_trigger_target_dag.py
[2026-04-09T19:14:57.221+0000] {processor.py:830} INFO - Processing file /home/airflow/.local/lib/python3.8/site-packages/airflow/example_dags/example_trigger_target_dag.py for tasks to queue
[2026-04-09T19:14:57.225+0000] {logging_mixin.py:188} INFO - [2026-04-09T19:14:57.225+0000] {dagbag.py:538} INFO - Filling up the DagBag from /home/airflow/.local/lib/python3.8/site-packages/airflow/example_dags/example_trigger_target_dag.py
[2026-04-09T19:14:57.236+0000] {processor.py:840} INFO - DAG(s) 'example_trigger_target_dag' retrieved from /home/airflow/.local/lib/python3.8/site-packages/airflow/example_dags/example_trigger_target_dag.py
[2026-04-09T19:14:57.280+0000] {logging_mixin.py:188} INFO - [2026-04-09T19:14:57.279+0000] {dag.py:3036} INFO - Sync 1 DAGs
[2026-04-09T19:14:57.305+0000] {logging_mixin.py:188} INFO - [2026-04-09T19:14:57.304+0000] {dag.py:3823} INFO - Setting next_dagrun for example_trigger_target_dag to None, run_after=None
[2026-04-09T19:14:57.345+0000] {processor.py:183} INFO - Processing /home/airflow/.local/lib/python3.8/site-packages/airflow/example_dags/example_trigger_target_dag.py took 0.135 seconds
[2026-04-09T19:15:27.887+0000] {processor.py:161} INFO - Started process (PID=16792) to work on /home/airflow/.local/lib/python3.8/site-packages/airflow/example_dags/example_trigger_target_dag.py
[2026-04-09T19:15:27.889+0000] {processor.py:830} INFO - Processing file /home/airflow/.local/lib/python3.8/site-packages/airflow/example_dags/example_trigger_target_dag.py for tasks to queue
[2026-04-09T19:15:27.893+0000] {logging_mixin.py:188} INFO - [2026-04-09T19:15:27.892+0000] {dagbag.py:538} INFO - Filling up the DagBag from /home/airflow/.local/lib/python3.8/site-packages/airflow/example_dags/example_trigger_target_dag.py
[2026-04-09T19:15:27.901+0000] {processor.py:840} INFO - DAG(s) 'example_trigger_target_dag' retrieved from /home/airflow/.local/lib/python3.8/site-packages/airflow/example_dags/example_trigger_target_dag.py
[2026-04-09T19:15:27.930+0000] {logging_mixin.py:188} INFO - [2026-04-09T19:15:27.930+0000] {dag.py:3036} INFO - Sync 1 DAGs
[2026-04-09T19:15:27.948+0000] {logging_mixin.py:188} INFO - [2026-04-09T19:15:27.947+0000] {dag.py:3823} INFO - Setting next_dagrun for example_trigger_target_dag to None, run_after=None
[2026-04-09T19:15:27.992+0000] {processor.py:183} INFO - Processing /home/airflow/.local/lib/python3.8/site-packages/airflow/example_dags/example_trigger_target_dag.py took 0.112 seconds
[2026-04-09T19:15:58.987+0000] {processor.py:161} INFO - Started process (PID=16850) to work on /home/airflow/.local/lib/python3.8/site-packages/airflow/example_dags/example_trigger_target_dag.py
[2026-04-09T19:15:58.990+0000] {processor.py:830} INFO - Processing file /home/airflow/.local/lib/python3.8/site-packages/airflow/example_dags/example_trigger_target_dag.py for tasks to queue
[2026-04-09T19:15:58.997+0000] {logging_mixin.py:188} INFO - [2026-04-09T19:15:58.997+0000] {dagbag.py:538} INFO - Filling up the DagBag from /home/airflow/.local/lib/python3.8/site-packages/airflow/example_dags/example_trigger_target_dag.py
[2026-04-09T19:15:59.015+0000] {processor.py:840} INFO - DAG(s) 'example_trigger_target_dag' retrieved from /home/airflow/.local/lib/python3.8/site-packages/airflow/example_dags/example_trigger_target_dag.py
[2026-04-09T19:15:59.073+0000] {logging_mixin.py:188} INFO - [2026-04-09T19:15:59.072+0000] {dag.py:3036} INFO - Sync 1 DAGs
[2026-04-09T19:15:59.105+0000] {logging_mixin.py:188} INFO - [2026-04-09T19:15:59.104+0000] {dag.py:3823} INFO - Setting next_dagrun for example_trigger_target_dag to None, run_after=None
[2026-04-09T19:15:59.161+0000] {processor.py:183} INFO - Processing /home/airflow/.local/lib/python3.8/site-packages/airflow/example_dags/example_trigger_target_dag.py took 0.184 seconds
[2026-04-09T19:16:30.075+0000] {processor.py:161} INFO - Started process (PID=16907) to work on /home/airflow/.local/lib/python3.8/site-packages/airflow/example_dags/example_trigger_target_dag.py
[2026-04-09T19:16:30.078+0000] {processor.py:830} INFO - Processing file /home/airflow/.local/lib/python3.8/site-packages/airflow/example_dags/example_trigger_target_dag.py for tasks to queue
[2026-04-09T19:16:30.083+0000] {logging_mixin.py:188} INFO - [2026-04-09T19:16:30.083+0000] {dagbag.py:538} INFO - Filling up the DagBag from /home/airflow/.local/lib/python3.8/site-packages/airflow/example_dags/example_trigger_target_dag.py
[2026-04-09T19:16:30.102+0000] {processor.py:840} INFO - DAG(s) 'example_trigger_target_dag' retrieved from /home/airflow/.local/lib/python3.8/site-packages/airflow/example_dags/example_trigger_target_dag.py
[2026-04-09T19:16:30.163+0000] {logging_mixin.py:188} INFO - [2026-04-09T19:16:30.163+0000] {dag.py:3036} INFO - Sync 1 DAGs
[2026-04-09T19:16:30.204+0000] {logging_mixin.py:188} INFO - [2026-04-09T19:16:30.203+0000] {dag.py:3823} INFO - Setting next_dagrun for example_trigger_target_dag to None, run_after=None
[2026-04-09T19:16:30.289+0000] {processor.py:183} INFO - Processing /home/airflow/.local/lib/python3.8/site-packages/airflow/example_dags/example_trigger_target_dag.py took 0.228 seconds
[2026-04-09T19:17:00.691+0000] {processor.py:161} INFO - Started process (PID=16965) to work on /home/airflow/.local/lib/python3.8/site-packages/airflow/example_dags/example_trigger_target_dag.py
[2026-04-09T19:17:00.695+0000] {processor.py:830} INFO - Processing file /home/airflow/.local/lib/python3.8/site-packages/airflow/example_dags/example_trigger_target_dag.py for tasks to queue
[2026-04-09T19:17:00.701+0000] {logging_mixin.py:188} INFO - [2026-04-09T19:17:00.700+0000] {dagbag.py:538} INFO - Filling up the DagBag from /home/airflow/.local/lib/python3.8/site-packages/airflow/example_dags/example_trigger_target_dag.py
[2026-04-09T19:17:00.722+0000] {processor.py:840} INFO - DAG(s) 'example_trigger_target_dag' retrieved from /home/airflow/.local/lib/python3.8/site-packages/airflow/example_dags/example_trigger_target_dag.py
[2026-04-09T19:17:00.786+0000] {logging_mixin.py:188} INFO - [2026-04-09T19:17:00.786+0000] {dag.py:3036} INFO - Sync 1 DAGs
[2026-04-09T19:17:00.826+0000] {logging_mixin.py:188} INFO - [2026-04-09T19:17:00.826+0000] {dag.py:3823} INFO - Setting next_dagrun for example_trigger_target_dag to None, run_after=None
[2026-04-09T19:17:00.876+0000] {processor.py:183} INFO - Processing /home/airflow/.local/lib/python3.8/site-packages/airflow/example_dags/example_trigger_target_dag.py took 0.194 seconds
[2026-04-09T19:17:31.704+0000] {processor.py:161} INFO - Started process (PID=17022) to work on /home/airflow/.local/lib/python3.8/site-packages/airflow/example_dags/example_trigger_target_dag.py
[2026-04-09T19:17:31.707+0000] {processor.py:830} INFO - Processing file /home/airflow/.local/lib/python3.8/site-packages/airflow/example_dags/example_trigger_target_dag.py for tasks to queue
[2026-04-09T19:17:31.710+0000] {logging_mixin.py:188} INFO - [2026-04-09T19:17:31.710+0000] {dagbag.py:538} INFO - Filling up the DagBag from /home/airflow/.local/lib/python3.8/site-packages/airflow/example_dags/example_trigger_target_dag.py
[2026-04-09T19:17:31.720+0000] {processor.py:840} INFO - DAG(s) 'example_trigger_target_dag' retrieved from /home/airflow/.local/lib/python3.8/site-packages/airflow/example_dags/example_trigger_target_dag.py
[2026-04-09T19:17:31.760+0000] {logging_mixin.py:188} INFO - [2026-04-09T19:17:31.759+0000] {dag.py:3036} INFO - Sync 1 DAGs
[2026-04-09T19:17:31.786+0000] {logging_mixin.py:188} INFO - [2026-04-09T19:17:31.786+0000] {dag.py:3823} INFO - Setting next_dagrun for example_trigger_target_dag to None, run_after=None
[2026-04-09T19:17:31.835+0000] {processor.py:183} INFO - Processing /home/airflow/.local/lib/python3.8/site-packages/airflow/example_dags/example_trigger_target_dag.py took 0.139 seconds
[2026-04-09T19:18:02.033+0000] {processor.py:161} INFO - Started process (PID=17079) to work on /home/airflow/.local/lib/python3.8/site-packages/airflow/example_dags/example_trigger_target_dag.py
[2026-04-09T19:18:02.035+0000] {processor.py:830} INFO - Processing file /home/airflow/.local/lib/python3.8/site-packages/airflow/example_dags/example_trigger_target_dag.py for tasks to queue
[2026-04-09T19:18:02.039+0000] {logging_mixin.py:188} INFO - [2026-04-09T19:18:02.039+0000] {dagbag.py:538} INFO - Filling up the DagBag from /home/airflow/.local/lib/python3.8/site-packages/airflow/example_dags/example_trigger_target_dag.py
[2026-04-09T19:18:02.055+0000] {processor.py:840} INFO - DAG(s) 'example_trigger_target_dag' retrieved from /home/airflow/.local/lib/python3.8/site-packages/airflow/example_dags/example_trigger_target_dag.py
[2026-04-09T19:18:02.094+0000] {logging_mixin.py:188} INFO - [2026-04-09T19:18:02.094+0000] {dag.py:3036} INFO - Sync 1 DAGs
[2026-04-09T19:18:02.116+0000] {logging_mixin.py:188} INFO - [2026-04-09T19:18:02.115+0000] {dag.py:3823} INFO - Setting next_dagrun for example_trigger_target_dag to None, run_after=None
[2026-04-09T19:18:02.148+0000] {processor.py:183} INFO - Processing /home/airflow/.local/lib/python3.8/site-packages/airflow/example_dags/example_trigger_target_dag.py took 0.125 seconds
[2026-04-09T19:18:32.603+0000] {processor.py:161} INFO - Started process (PID=17136) to work on /home/airflow/.local/lib/python3.8/site-packages/airflow/example_dags/example_trigger_target_dag.py
[2026-04-09T19:18:32.606+0000] {processor.py:830} INFO - Processing file /home/airflow/.local/lib/python3.8/site-packages/airflow/example_dags/example_trigger_target_dag.py for tasks to queue
[2026-04-09T19:18:32.611+0000] {logging_mixin.py:188} INFO - [2026-04-09T19:18:32.610+0000] {dagbag.py:538} INFO - Filling up the DagBag from /home/airflow/.local/lib/python3.8/site-packages/airflow/example_dags/example_trigger_target_dag.py
[2026-04-09T19:18:32.627+0000] {processor.py:840} INFO - DAG(s) 'example_trigger_target_dag' retrieved from /home/airflow/.local/lib/python3.8/site-packages/airflow/example_dags/example_trigger_target_dag.py
[2026-04-09T19:18:32.670+0000] {logging_mixin.py:188} INFO - [2026-04-09T19:18:32.670+0000] {dag.py:3036} INFO - Sync 1 DAGs
[2026-04-09T19:18:32.693+0000] {logging_mixin.py:188} INFO - [2026-04-09T19:18:32.693+0000] {dag.py:3823} INFO - Setting next_dagrun for example_trigger_target_dag to None, run_after=None
[2026-04-09T19:18:32.727+0000] {processor.py:183} INFO - Processing /home/airflow/.local/lib/python3.8/site-packages/airflow/example_dags/example_trigger_target_dag.py took 0.132 seconds
[2026-04-09T19:19:03.780+0000] {processor.py:161} INFO - Started process (PID=17194) to work on /home/airflow/.local/lib/python3.8/site-packages/airflow/example_dags/example_trigger_target_dag.py
[2026-04-09T19:19:03.783+0000] {processor.py:830} INFO - Processing file /home/airflow/.local/lib/python3.8/site-packages/airflow/example_dags/example_trigger_target_dag.py for tasks to queue
[2026-04-09T19:19:03.788+0000] {logging_mixin.py:188} INFO - [2026-04-09T19:19:03.788+0000] {dagbag.py:538} INFO - Filling up the DagBag from /home/airflow/.local/lib/python3.8/site-packages/airflow/example_dags/example_trigger_target_dag.py
[2026-04-09T19:19:03.808+0000] {processor.py:840} INFO - DAG(s) 'example_trigger_target_dag' retrieved from /home/airflow/.local/lib/python3.8/site-packages/airflow/example_dags/example_trigger_target_dag.py
[2026-04-09T19:19:03.857+0000] {logging_mixin.py:188} INFO - [2026-04-09T19:19:03.856+0000] {dag.py:3036} INFO - Sync 1 DAGs
[2026-04-09T19:19:03.899+0000] {logging_mixin.py:188} INFO - [2026-04-09T19:19:03.898+0000] {dag.py:3823} INFO - Setting next_dagrun for example_trigger_target_dag to None, run_after=None
[2026-04-09T19:19:03.940+0000] {processor.py:183} INFO - Processing /home/airflow/.local/lib/python3.8/site-packages/airflow/example_dags/example_trigger_target_dag.py took 0.171 seconds
[2026-04-09T19:19:34.114+0000] {processor.py:161} INFO - Started process (PID=17257) to work on /home/airflow/.local/lib/python3.8/site-packages/airflow/example_dags/example_trigger_target_dag.py
[2026-04-09T19:19:34.116+0000] {processor.py:830} INFO - Processing file /home/airflow/.local/lib/python3.8/site-packages/airflow/example_dags/example_trigger_target_dag.py for tasks to queue
[2026-04-09T19:19:34.120+0000] {logging_mixin.py:188} INFO - [2026-04-09T19:19:34.119+0000] {dagbag.py:538} INFO - Filling up the DagBag from /home/airflow/.local/lib/python3.8/site-packages/airflow/example_dags/example_trigger_target_dag.py
[2026-04-09T19:19:34.131+0000] {processor.py:840} INFO - DAG(s) 'example_trigger_target_dag' retrieved from /home/airflow/.local/lib/python3.8/site-packages/airflow/example_dags/example_trigger_target_dag.py
[2026-04-09T19:19:34.165+0000] {logging_mixin.py:188} INFO - [2026-04-09T19:19:34.165+0000] {dag.py:3036} INFO - Sync 1 DAGs
[2026-04-09T19:19:34.183+0000] {logging_mixin.py:188} INFO - [2026-04-09T19:19:34.183+0000] {dag.py:3823} INFO - Setting next_dagrun for example_trigger_target_dag to None, run_after=None
[2026-04-09T19:19:34.219+0000] {processor.py:183} INFO - Processing /home/airflow/.local/lib/python3.8/site-packages/airflow/example_dags/example_trigger_target_dag.py took 0.111 seconds
[2026-04-09T19:20:04.624+0000] {processor.py:161} INFO - Started process (PID=17314) to work on /home/airflow/.local/lib/python3.8/site-packages/airflow/example_dags/example_trigger_target_dag.py
[2026-04-09T19:20:04.625+0000] {processor.py:830} INFO - Processing file /home/airflow/.local/lib/python3.8/site-packages/airflow/example_dags/example_trigger_target_dag.py for tasks to queue
[2026-04-09T19:20:04.628+0000] {logging_mixin.py:188} INFO - [2026-04-09T19:20:04.628+0000] {dagbag.py:538} INFO - Filling up the DagBag from /home/airflow/.local/lib/python3.8/site-packages/airflow/example_dags/example_trigger_target_dag.py
[2026-04-09T19:20:04.638+0000] {processor.py:840} INFO - DAG(s) 'example_trigger_target_dag' retrieved from /home/airflow/.local/lib/python3.8/site-packages/airflow/example_dags/example_trigger_target_dag.py
[2026-04-09T19:20:04.670+0000] {logging_mixin.py:188} INFO - [2026-04-09T19:20:04.670+0000] {dag.py:3036} INFO - Sync 1 DAGs
[2026-04-09T19:20:04.689+0000] {logging_mixin.py:188} INFO - [2026-04-09T19:20:04.689+0000] {dag.py:3823} INFO - Setting next_dagrun for example_trigger_target_dag to None, run_after=None
[2026-04-09T19:20:04.723+0000] {processor.py:183} INFO - Processing /home/airflow/.local/lib/python3.8/site-packages/airflow/example_dags/example_trigger_target_dag.py took 0.105 seconds
[2026-04-09T19:20:35.043+0000] {processor.py:161} INFO - Started process (PID=17368) to work on /home/airflow/.local/lib/python3.8/site-packages/airflow/example_dags/example_trigger_target_dag.py
[2026-04-09T19:20:35.045+0000] {processor.py:830} INFO - Processing file /home/airflow/.local/lib/python3.8/site-packages/airflow/example_dags/example_trigger_target_dag.py for tasks to queue
[2026-04-09T19:20:35.051+0000] {logging_mixin.py:188} INFO - [2026-04-09T19:20:35.050+0000] {dagbag.py:538} INFO - Filling up the DagBag from /home/airflow/.local/lib/python3.8/site-packages/airflow/example_dags/example_trigger_target_dag.py
[2026-04-09T19:20:35.068+0000] {processor.py:840} INFO - DAG(s) 'example_trigger_target_dag' retrieved from /home/airflow/.local/lib/python3.8/site-packages/airflow/example_dags/example_trigger_target_dag.py
[2026-04-09T19:20:35.104+0000] {logging_mixin.py:188} INFO - [2026-04-09T19:20:35.104+0000] {dag.py:3036} INFO - Sync 1 DAGs
[2026-04-09T19:20:35.129+0000] {logging_mixin.py:188} INFO - [2026-04-09T19:20:35.128+0000] {dag.py:3823} INFO - Setting next_dagrun for example_trigger_target_dag to None, run_after=None
[2026-04-09T19:20:35.161+0000] {processor.py:183} INFO - Processing /home/airflow/.local/lib/python3.8/site-packages/airflow/example_dags/example_trigger_target_dag.py took 0.125 seconds
[2026-04-09T19:21:05.761+0000] {processor.py:161} INFO - Started process (PID=17425) to work on /home/airflow/.local/lib/python3.8/site-packages/airflow/example_dags/example_trigger_target_dag.py
[2026-04-09T19:21:05.763+0000] {processor.py:830} INFO - Processing file /home/airflow/.local/lib/python3.8/site-packages/airflow/example_dags/example_trigger_target_dag.py for tasks to queue
[2026-04-09T19:21:05.767+0000] {logging_mixin.py:188} INFO - [2026-04-09T19:21:05.766+0000] {dagbag.py:538} INFO - Filling up the DagBag from /home/airflow/.local/lib/python3.8/site-packages/airflow/example_dags/example_trigger_target_dag.py
[2026-04-09T19:21:05.776+0000] {processor.py:840} INFO - DAG(s) 'example_trigger_target_dag' retrieved from /home/airflow/.local/lib/python3.8/site-packages/airflow/example_dags/example_trigger_target_dag.py
[2026-04-09T19:21:05.803+0000] {logging_mixin.py:188} INFO - [2026-04-09T19:21:05.803+0000] {dag.py:3036} INFO - Sync 1 DAGs
[2026-04-09T19:21:05.821+0000] {logging_mixin.py:188} INFO - [2026-04-09T19:21:05.821+0000] {dag.py:3823} INFO - Setting next_dagrun for example_trigger_target_dag to None, run_after=None
[2026-04-09T19:21:05.851+0000] {processor.py:183} INFO - Processing /home/airflow/.local/lib/python3.8/site-packages/airflow/example_dags/example_trigger_target_dag.py took 0.095 seconds
[2026-04-09T19:21:36.237+0000] {processor.py:161} INFO - Started process (PID=17482) to work on /home/airflow/.local/lib/python3.8/site-packages/airflow/example_dags/example_trigger_target_dag.py
[2026-04-09T19:21:36.238+0000] {processor.py:830} INFO - Processing file /home/airflow/.local/lib/python3.8/site-packages/airflow/example_dags/example_trigger_target_dag.py for tasks to queue
[2026-04-09T19:21:36.241+0000] {logging_mixin.py:188} INFO - [2026-04-09T19:21:36.241+0000] {dagbag.py:538} INFO - Filling up the DagBag from /home/airflow/.local/lib/python3.8/site-packages/airflow/example_dags/example_trigger_target_dag.py
[2026-04-09T19:21:36.255+0000] {processor.py:840} INFO - DAG(s) 'example_trigger_target_dag' retrieved from /home/airflow/.local/lib/python3.8/site-packages/airflow/example_dags/example_trigger_target_dag.py
[2026-04-09T19:21:36.301+0000] {logging_mixin.py:188} INFO - [2026-04-09T19:21:36.301+0000] {dag.py:3036} INFO - Sync 1 DAGs
[2026-04-09T19:21:36.334+0000] {logging_mixin.py:188} INFO - [2026-04-09T19:21:36.333+0000] {dag.py:3823} INFO - Setting next_dagrun for example_trigger_target_dag to None, run_after=None
[2026-04-09T19:21:36.367+0000] {processor.py:183} INFO - Processing /home/airflow/.local/lib/python3.8/site-packages/airflow/example_dags/example_trigger_target_dag.py took 0.137 seconds
[2026-04-09T19:22:06.431+0000] {processor.py:161} INFO - Started process (PID=17539) to work on /home/airflow/.local/lib/python3.8/site-packages/airflow/example_dags/example_trigger_target_dag.py
[2026-04-09T19:22:06.433+0000] {processor.py:830} INFO - Processing file /home/airflow/.local/lib/python3.8/site-packages/airflow/example_dags/example_trigger_target_dag.py for tasks to queue
[2026-04-09T19:22:06.436+0000] {logging_mixin.py:188} INFO - [2026-04-09T19:22:06.435+0000] {dagbag.py:538} INFO - Filling up the DagBag from /home/airflow/.local/lib/python3.8/site-packages/airflow/example_dags/example_trigger_target_dag.py
[2026-04-09T19:22:06.444+0000] {processor.py:840} INFO - DAG(s) 'example_trigger_target_dag' retrieved from /home/airflow/.local/lib/python3.8/site-packages/airflow/example_dags/example_trigger_target_dag.py
[2026-04-09T19:22:06.480+0000] {logging_mixin.py:188} INFO - [2026-04-09T19:22:06.480+0000] {dag.py:3036} INFO - Sync 1 DAGs
[2026-04-09T19:22:06.523+0000] {logging_mixin.py:188} INFO - [2026-04-09T19:22:06.523+0000] {dag.py:3823} INFO - Setting next_dagrun for example_trigger_target_dag to None, run_after=None
[2026-04-09T19:22:06.579+0000] {processor.py:183} INFO - Processing /home/airflow/.local/lib/python3.8/site-packages/airflow/example_dags/example_trigger_target_dag.py took 0.152 seconds
[2026-04-09T19:22:37.814+0000] {processor.py:161} INFO - Started process (PID=17597) to work on /home/airflow/.local/lib/python3.8/site-packages/airflow/example_dags/example_trigger_target_dag.py
[2026-04-09T19:22:37.816+0000] {processor.py:830} INFO - Processing file /home/airflow/.local/lib/python3.8/site-packages/airflow/example_dags/example_trigger_target_dag.py for tasks to queue
[2026-04-09T19:22:37.819+0000] {logging_mixin.py:188} INFO - [2026-04-09T19:22:37.818+0000] {dagbag.py:538} INFO - Filling up the DagBag from /home/airflow/.local/lib/python3.8/site-packages/airflow/example_dags/example_trigger_target_dag.py
[2026-04-09T19:22:37.828+0000] {processor.py:840} INFO - DAG(s) 'example_trigger_target_dag' retrieved from /home/airflow/.local/lib/python3.8/site-packages/airflow/example_dags/example_trigger_target_dag.py
[2026-04-09T19:22:37.861+0000] {logging_mixin.py:188} INFO - [2026-04-09T19:22:37.861+0000] {dag.py:3036} INFO - Sync 1 DAGs
[2026-04-09T19:22:37.877+0000] {logging_mixin.py:188} INFO - [2026-04-09T19:22:37.877+0000] {dag.py:3823} INFO - Setting next_dagrun for example_trigger_target_dag to None, run_after=None
[2026-04-09T19:22:37.909+0000] {processor.py:183} INFO - Processing /home/airflow/.local/lib/python3.8/site-packages/airflow/example_dags/example_trigger_target_dag.py took 0.102 seconds
[2026-04-09T19:23:08.600+0000] {processor.py:161} INFO - Started process (PID=17654) to work on /home/airflow/.local/lib/python3.8/site-packages/airflow/example_dags/example_trigger_target_dag.py
[2026-04-09T19:23:08.602+0000] {processor.py:830} INFO - Processing file /home/airflow/.local/lib/python3.8/site-packages/airflow/example_dags/example_trigger_target_dag.py for tasks to queue
[2026-04-09T19:23:08.604+0000] {logging_mixin.py:188} INFO - [2026-04-09T19:23:08.604+0000] {dagbag.py:538} INFO - Filling up the DagBag from /home/airflow/.local/lib/python3.8/site-packages/airflow/example_dags/example_trigger_target_dag.py
[2026-04-09T19:23:08.615+0000] {processor.py:840} INFO - DAG(s) 'example_trigger_target_dag' retrieved from /home/airflow/.local/lib/python3.8/site-packages/airflow/example_dags/example_trigger_target_dag.py
[2026-04-09T19:23:08.655+0000] {logging_mixin.py:188} INFO - [2026-04-09T19:23:08.655+0000] {dag.py:3036} INFO - Sync 1 DAGs
[2026-04-09T19:23:08.678+0000] {logging_mixin.py:188} INFO - [2026-04-09T19:23:08.678+0000] {dag.py:3823} INFO - Setting next_dagrun for example_trigger_target_dag to None, run_after=None
[2026-04-09T19:23:08.711+0000] {processor.py:183} INFO - Processing /home/airflow/.local/lib/python3.8/site-packages/airflow/example_dags/example_trigger_target_dag.py took 0.116 seconds
[2026-04-09T19:23:38.974+0000] {processor.py:161} INFO - Started process (PID=17711) to work on /home/airflow/.local/lib/python3.8/site-packages/airflow/example_dags/example_trigger_target_dag.py
[2026-04-09T19:23:38.976+0000] {processor.py:830} INFO - Processing file /home/airflow/.local/lib/python3.8/site-packages/airflow/example_dags/example_trigger_target_dag.py for tasks to queue
[2026-04-09T19:23:38.979+0000] {logging_mixin.py:188} INFO - [2026-04-09T19:23:38.978+0000] {dagbag.py:538} INFO - Filling up the DagBag from /home/airflow/.local/lib/python3.8/site-packages/airflow/example_dags/example_trigger_target_dag.py
[2026-04-09T19:23:38.989+0000] {processor.py:840} INFO - DAG(s) 'example_trigger_target_dag' retrieved from /home/airflow/.local/lib/python3.8/site-packages/airflow/example_dags/example_trigger_target_dag.py
[2026-04-09T19:23:39.017+0000] {logging_mixin.py:188} INFO - [2026-04-09T19:23:39.017+0000] {dag.py:3036} INFO - Sync 1 DAGs
[2026-04-09T19:23:39.033+0000] {logging_mixin.py:188} INFO - [2026-04-09T19:23:39.033+0000] {dag.py:3823} INFO - Setting next_dagrun for example_trigger_target_dag to None, run_after=None
[2026-04-09T19:23:39.059+0000] {processor.py:183} INFO - Processing /home/airflow/.local/lib/python3.8/site-packages/airflow/example_dags/example_trigger_target_dag.py took 0.090 seconds
[2026-04-09T19:24:09.514+0000] {processor.py:161} INFO - Started process (PID=17767) to work on /home/airflow/.local/lib/python3.8/site-packages/airflow/example_dags/example_trigger_target_dag.py
[2026-04-09T19:24:09.516+0000] {processor.py:830} INFO - Processing file /home/airflow/.local/lib/python3.8/site-packages/airflow/example_dags/example_trigger_target_dag.py for tasks to queue
[2026-04-09T19:24:09.519+0000] {logging_mixin.py:188} INFO - [2026-04-09T19:24:09.519+0000] {dagbag.py:538} INFO - Filling up the DagBag from /home/airflow/.local/lib/python3.8/site-packages/airflow/example_dags/example_trigger_target_dag.py
[2026-04-09T19:24:09.529+0000] {processor.py:840} INFO - DAG(s) 'example_trigger_target_dag' retrieved from /home/airflow/.local/lib/python3.8/site-packages/airflow/example_dags/example_trigger_target_dag.py
[2026-04-09T19:24:09.556+0000] {logging_mixin.py:188} INFO - [2026-04-09T19:24:09.555+0000] {dag.py:3036} INFO - Sync 1 DAGs
[2026-04-09T19:24:09.570+0000] {logging_mixin.py:188} INFO - [2026-04-09T19:24:09.570+0000] {dag.py:3823} INFO - Setting next_dagrun for example_trigger_target_dag to None, run_after=None
[2026-04-09T19:24:09.597+0000] {processor.py:183} INFO - Processing /home/airflow/.local/lib/python3.8/site-packages/airflow/example_dags/example_trigger_target_dag.py took 0.088 seconds
[2026-04-09T19:24:40.357+0000] {processor.py:161} INFO - Started process (PID=17826) to work on /home/airflow/.local/lib/python3.8/site-packages/airflow/example_dags/example_trigger_target_dag.py
[2026-04-09T19:24:40.360+0000] {processor.py:830} INFO - Processing file /home/airflow/.local/lib/python3.8/site-packages/airflow/example_dags/example_trigger_target_dag.py for tasks to queue
[2026-04-09T19:24:40.362+0000] {logging_mixin.py:188} INFO - [2026-04-09T19:24:40.362+0000] {dagbag.py:538} INFO - Filling up the DagBag from /home/airflow/.local/lib/python3.8/site-packages/airflow/example_dags/example_trigger_target_dag.py
[2026-04-09T19:24:40.371+0000] {processor.py:840} INFO - DAG(s) 'example_trigger_target_dag' retrieved from /home/airflow/.local/lib/python3.8/site-packages/airflow/example_dags/example_trigger_target_dag.py
[2026-04-09T19:24:40.420+0000] {logging_mixin.py:188} INFO - [2026-04-09T19:24:40.420+0000] {dag.py:3036} INFO - Sync 1 DAGs
[2026-04-09T19:24:40.454+0000] {logging_mixin.py:188} INFO - [2026-04-09T19:24:40.454+0000] {dag.py:3823} INFO - Setting next_dagrun for example_trigger_target_dag to None, run_after=None
[2026-04-09T19:24:40.502+0000] {processor.py:183} INFO - Processing /home/airflow/.local/lib/python3.8/site-packages/airflow/example_dags/example_trigger_target_dag.py took 0.151 seconds
[2026-04-09T19:25:11.357+0000] {processor.py:161} INFO - Started process (PID=17883) to work on /home/airflow/.local/lib/python3.8/site-packages/airflow/example_dags/example_trigger_target_dag.py
[2026-04-09T19:25:11.361+0000] {processor.py:830} INFO - Processing file /home/airflow/.local/lib/python3.8/site-packages/airflow/example_dags/example_trigger_target_dag.py for tasks to queue
[2026-04-09T19:25:11.367+0000] {logging_mixin.py:188} INFO - [2026-04-09T19:25:11.366+0000] {dagbag.py:538} INFO - Filling up the DagBag from /home/airflow/.local/lib/python3.8/site-packages/airflow/example_dags/example_trigger_target_dag.py
[2026-04-09T19:25:11.393+0000] {processor.py:840} INFO - DAG(s) 'example_trigger_target_dag' retrieved from /home/airflow/.local/lib/python3.8/site-packages/airflow/example_dags/example_trigger_target_dag.py
[2026-04-09T19:25:11.449+0000] {logging_mixin.py:188} INFO - [2026-04-09T19:25:11.449+0000] {dag.py:3036} INFO - Sync 1 DAGs
[2026-04-09T19:25:11.479+0000] {logging_mixin.py:188} INFO - [2026-04-09T19:25:11.478+0000] {dag.py:3823} INFO - Setting next_dagrun for example_trigger_target_dag to None, run_after=None
[2026-04-09T19:25:11.534+0000] {processor.py:183} INFO - Processing /home/airflow/.local/lib/python3.8/site-packages/airflow/example_dags/example_trigger_target_dag.py took 0.192 seconds
[2026-04-09T19:25:41.741+0000] {processor.py:161} INFO - Started process (PID=17940) to work on /home/airflow/.local/lib/python3.8/site-packages/airflow/example_dags/example_trigger_target_dag.py
[2026-04-09T19:25:41.743+0000] {processor.py:830} INFO - Processing file /home/airflow/.local/lib/python3.8/site-packages/airflow/example_dags/example_trigger_target_dag.py for tasks to queue
[2026-04-09T19:25:41.747+0000] {logging_mixin.py:188} INFO - [2026-04-09T19:25:41.747+0000] {dagbag.py:538} INFO - Filling up the DagBag from /home/airflow/.local/lib/python3.8/site-packages/airflow/example_dags/example_trigger_target_dag.py
[2026-04-09T19:25:41.759+0000] {processor.py:840} INFO - DAG(s) 'example_trigger_target_dag' retrieved from /home/airflow/.local/lib/python3.8/site-packages/airflow/example_dags/example_trigger_target_dag.py
[2026-04-09T19:25:41.789+0000] {logging_mixin.py:188} INFO - [2026-04-09T19:25:41.789+0000] {dag.py:3036} INFO - Sync 1 DAGs
[2026-04-09T19:25:41.808+0000] {logging_mixin.py:188} INFO - [2026-04-09T19:25:41.807+0000] {dag.py:3823} INFO - Setting next_dagrun for example_trigger_target_dag to None, run_after=None
[2026-04-09T19:25:41.848+0000] {processor.py:183} INFO - Processing /home/airflow/.local/lib/python3.8/site-packages/airflow/example_dags/example_trigger_target_dag.py took 0.114 seconds
[2026-04-09T19:26:12.445+0000] {processor.py:161} INFO - Started process (PID=17997) to work on /home/airflow/.local/lib/python3.8/site-packages/airflow/example_dags/example_trigger_target_dag.py
[2026-04-09T19:26:12.447+0000] {processor.py:830} INFO - Processing file /home/airflow/.local/lib/python3.8/site-packages/airflow/example_dags/example_trigger_target_dag.py for tasks to queue
[2026-04-09T19:26:12.450+0000] {logging_mixin.py:188} INFO - [2026-04-09T19:26:12.450+0000] {dagbag.py:538} INFO - Filling up the DagBag from /home/airflow/.local/lib/python3.8/site-packages/airflow/example_dags/example_trigger_target_dag.py
[2026-04-09T19:26:12.460+0000] {processor.py:840} INFO - DAG(s) 'example_trigger_target_dag' retrieved from /home/airflow/.local/lib/python3.8/site-packages/airflow/example_dags/example_trigger_target_dag.py
[2026-04-09T19:26:12.500+0000] {logging_mixin.py:188} INFO - [2026-04-09T19:26:12.500+0000] {dag.py:3036} INFO - Sync 1 DAGs
[2026-04-09T19:26:12.520+0000] {logging_mixin.py:188} INFO - [2026-04-09T19:26:12.519+0000] {dag.py:3823} INFO - Setting next_dagrun for example_trigger_target_dag to None, run_after=None
[2026-04-09T19:26:12.557+0000] {processor.py:183} INFO - Processing /home/airflow/.local/lib/python3.8/site-packages/airflow/example_dags/example_trigger_target_dag.py took 0.117 seconds
[2026-04-09T19:26:42.927+0000] {processor.py:161} INFO - Started process (PID=18054) to work on /home/airflow/.local/lib/python3.8/site-packages/airflow/example_dags/example_trigger_target_dag.py
[2026-04-09T19:26:42.930+0000] {processor.py:830} INFO - Processing file /home/airflow/.local/lib/python3.8/site-packages/airflow/example_dags/example_trigger_target_dag.py for tasks to queue
[2026-04-09T19:26:42.935+0000] {logging_mixin.py:188} INFO - [2026-04-09T19:26:42.934+0000] {dagbag.py:538} INFO - Filling up the DagBag from /home/airflow/.local/lib/python3.8/site-packages/airflow/example_dags/example_trigger_target_dag.py
[2026-04-09T19:26:42.951+0000] {processor.py:840} INFO - DAG(s) 'example_trigger_target_dag' retrieved from /home/airflow/.local/lib/python3.8/site-packages/airflow/example_dags/example_trigger_target_dag.py
[2026-04-09T19:26:43.011+0000] {logging_mixin.py:188} INFO - [2026-04-09T19:26:43.010+0000] {dag.py:3036} INFO - Sync 1 DAGs
[2026-04-09T19:26:43.045+0000] {logging_mixin.py:188} INFO - [2026-04-09T19:26:43.044+0000] {dag.py:3823} INFO - Setting next_dagrun for example_trigger_target_dag to None, run_after=None
[2026-04-09T19:26:43.099+0000] {processor.py:183} INFO - Processing /home/airflow/.local/lib/python3.8/site-packages/airflow/example_dags/example_trigger_target_dag.py took 0.181 seconds
[2026-04-09T19:27:13.345+0000] {processor.py:161} INFO - Started process (PID=18111) to work on /home/airflow/.local/lib/python3.8/site-packages/airflow/example_dags/example_trigger_target_dag.py
[2026-04-09T19:27:13.348+0000] {processor.py:830} INFO - Processing file /home/airflow/.local/lib/python3.8/site-packages/airflow/example_dags/example_trigger_target_dag.py for tasks to queue
[2026-04-09T19:27:13.353+0000] {logging_mixin.py:188} INFO - [2026-04-09T19:27:13.353+0000] {dagbag.py:538} INFO - Filling up the DagBag from /home/airflow/.local/lib/python3.8/site-packages/airflow/example_dags/example_trigger_target_dag.py
[2026-04-09T19:27:13.365+0000] {processor.py:840} INFO - DAG(s) 'example_trigger_target_dag' retrieved from /home/airflow/.local/lib/python3.8/site-packages/airflow/example_dags/example_trigger_target_dag.py
[2026-04-09T19:27:13.420+0000] {logging_mixin.py:188} INFO - [2026-04-09T19:27:13.420+0000] {dag.py:3036} INFO - Sync 1 DAGs
[2026-04-09T19:27:13.463+0000] {logging_mixin.py:188} INFO - [2026-04-09T19:27:13.462+0000] {dag.py:3823} INFO - Setting next_dagrun for example_trigger_target_dag to None, run_after=None
[2026-04-09T19:27:13.523+0000] {processor.py:183} INFO - Processing /home/airflow/.local/lib/python3.8/site-packages/airflow/example_dags/example_trigger_target_dag.py took 0.188 seconds
[2026-04-09T19:27:43.868+0000] {processor.py:161} INFO - Started process (PID=18168) to work on /home/airflow/.local/lib/python3.8/site-packages/airflow/example_dags/example_trigger_target_dag.py
[2026-04-09T19:27:43.870+0000] {processor.py:830} INFO - Processing file /home/airflow/.local/lib/python3.8/site-packages/airflow/example_dags/example_trigger_target_dag.py for tasks to queue
[2026-04-09T19:27:43.873+0000] {logging_mixin.py:188} INFO - [2026-04-09T19:27:43.872+0000] {dagbag.py:538} INFO - Filling up the DagBag from /home/airflow/.local/lib/python3.8/site-packages/airflow/example_dags/example_trigger_target_dag.py
[2026-04-09T19:27:43.882+0000] {processor.py:840} INFO - DAG(s) 'example_trigger_target_dag' retrieved from /home/airflow/.local/lib/python3.8/site-packages/airflow/example_dags/example_trigger_target_dag.py
[2026-04-09T19:27:43.914+0000] {logging_mixin.py:188} INFO - [2026-04-09T19:27:43.913+0000] {dag.py:3036} INFO - Sync 1 DAGs
[2026-04-09T19:27:43.932+0000] {logging_mixin.py:188} INFO - [2026-04-09T19:27:43.931+0000] {dag.py:3823} INFO - Setting next_dagrun for example_trigger_target_dag to None, run_after=None
[2026-04-09T19:27:43.963+0000] {processor.py:183} INFO - Processing /home/airflow/.local/lib/python3.8/site-packages/airflow/example_dags/example_trigger_target_dag.py took 0.099 seconds
[2026-04-09T19:28:14.852+0000] {processor.py:161} INFO - Started process (PID=18225) to work on /home/airflow/.local/lib/python3.8/site-packages/airflow/example_dags/example_trigger_target_dag.py
[2026-04-09T19:28:14.855+0000] {processor.py:830} INFO - Processing file /home/airflow/.local/lib/python3.8/site-packages/airflow/example_dags/example_trigger_target_dag.py for tasks to queue
[2026-04-09T19:28:14.860+0000] {logging_mixin.py:188} INFO - [2026-04-09T19:28:14.859+0000] {dagbag.py:538} INFO - Filling up the DagBag from /home/airflow/.local/lib/python3.8/site-packages/airflow/example_dags/example_trigger_target_dag.py
[2026-04-09T19:28:14.877+0000] {processor.py:840} INFO - DAG(s) 'example_trigger_target_dag' retrieved from /home/airflow/.local/lib/python3.8/site-packages/airflow/example_dags/example_trigger_target_dag.py
[2026-04-09T19:28:14.939+0000] {logging_mixin.py:188} INFO - [2026-04-09T19:28:14.938+0000] {dag.py:3036} INFO - Sync 1 DAGs
[2026-04-09T19:28:14.978+0000] {logging_mixin.py:188} INFO - [2026-04-09T19:28:14.977+0000] {dag.py:3823} INFO - Setting next_dagrun for example_trigger_target_dag to None, run_after=None
[2026-04-09T19:28:15.034+0000] {processor.py:183} INFO - Processing /home/airflow/.local/lib/python3.8/site-packages/airflow/example_dags/example_trigger_target_dag.py took 0.192 seconds
[2026-04-09T19:28:45.655+0000] {processor.py:161} INFO - Started process (PID=18282) to work on /home/airflow/.local/lib/python3.8/site-packages/airflow/example_dags/example_trigger_target_dag.py
[2026-04-09T19:28:45.657+0000] {processor.py:830} INFO - Processing file /home/airflow/.local/lib/python3.8/site-packages/airflow/example_dags/example_trigger_target_dag.py for tasks to queue
[2026-04-09T19:28:45.660+0000] {logging_mixin.py:188} INFO - [2026-04-09T19:28:45.660+0000] {dagbag.py:538} INFO - Filling up the DagBag from /home/airflow/.local/lib/python3.8/site-packages/airflow/example_dags/example_trigger_target_dag.py
[2026-04-09T19:28:45.670+0000] {processor.py:840} INFO - DAG(s) 'example_trigger_target_dag' retrieved from /home/airflow/.local/lib/python3.8/site-packages/airflow/example_dags/example_trigger_target_dag.py
[2026-04-09T19:28:45.706+0000] {logging_mixin.py:188} INFO - [2026-04-09T19:28:45.705+0000] {dag.py:3036} INFO - Sync 1 DAGs
[2026-04-09T19:28:45.724+0000] {logging_mixin.py:188} INFO - [2026-04-09T19:28:45.724+0000] {dag.py:3823} INFO - Setting next_dagrun for example_trigger_target_dag to None, run_after=None
[2026-04-09T19:28:45.771+0000] {processor.py:183} INFO - Processing /home/airflow/.local/lib/python3.8/site-packages/airflow/example_dags/example_trigger_target_dag.py took 0.121 seconds
[2026-04-09T19:29:16.224+0000] {processor.py:161} INFO - Started process (PID=18339) to work on /home/airflow/.local/lib/python3.8/site-packages/airflow/example_dags/example_trigger_target_dag.py
[2026-04-09T19:29:16.227+0000] {processor.py:830} INFO - Processing file /home/airflow/.local/lib/python3.8/site-packages/airflow/example_dags/example_trigger_target_dag.py for tasks to queue
[2026-04-09T19:29:16.232+0000] {logging_mixin.py:188} INFO - [2026-04-09T19:29:16.231+0000] {dagbag.py:538} INFO - Filling up the DagBag from /home/airflow/.local/lib/python3.8/site-packages/airflow/example_dags/example_trigger_target_dag.py
[2026-04-09T19:29:16.246+0000] {processor.py:840} INFO - DAG(s) 'example_trigger_target_dag' retrieved from /home/airflow/.local/lib/python3.8/site-packages/airflow/example_dags/example_trigger_target_dag.py
[2026-04-09T19:29:16.293+0000] {logging_mixin.py:188} INFO - [2026-04-09T19:29:16.292+0000] {dag.py:3036} INFO - Sync 1 DAGs
[2026-04-09T19:29:16.322+0000] {logging_mixin.py:188} INFO - [2026-04-09T19:29:16.321+0000] {dag.py:3823} INFO - Setting next_dagrun for example_trigger_target_dag to None, run_after=None
[2026-04-09T19:29:16.362+0000] {processor.py:183} INFO - Processing /home/airflow/.local/lib/python3.8/site-packages/airflow/example_dags/example_trigger_target_dag.py took 0.147 seconds
[2026-04-09T19:29:46.624+0000] {processor.py:161} INFO - Started process (PID=18397) to work on /home/airflow/.local/lib/python3.8/site-packages/airflow/example_dags/example_trigger_target_dag.py
[2026-04-09T19:29:46.627+0000] {processor.py:830} INFO - Processing file /home/airflow/.local/lib/python3.8/site-packages/airflow/example_dags/example_trigger_target_dag.py for tasks to queue
[2026-04-09T19:29:46.630+0000] {logging_mixin.py:188} INFO - [2026-04-09T19:29:46.630+0000] {dagbag.py:538} INFO - Filling up the DagBag from /home/airflow/.local/lib/python3.8/site-packages/airflow/example_dags/example_trigger_target_dag.py
[2026-04-09T19:29:46.642+0000] {processor.py:840} INFO - DAG(s) 'example_trigger_target_dag' retrieved from /home/airflow/.local/lib/python3.8/site-packages/airflow/example_dags/example_trigger_target_dag.py
[2026-04-09T19:29:46.675+0000] {logging_mixin.py:188} INFO - [2026-04-09T19:29:46.674+0000] {dag.py:3036} INFO - Sync 1 DAGs
[2026-04-09T19:29:46.705+0000] {logging_mixin.py:188} INFO - [2026-04-09T19:29:46.704+0000] {dag.py:3823} INFO - Setting next_dagrun for example_trigger_target_dag to None, run_after=None
[2026-04-09T19:29:46.739+0000] {processor.py:183} INFO - Processing /home/airflow/.local/lib/python3.8/site-packages/airflow/example_dags/example_trigger_target_dag.py took 0.120 seconds
[2026-04-09T19:30:17.062+0000] {processor.py:161} INFO - Started process (PID=18454) to work on /home/airflow/.local/lib/python3.8/site-packages/airflow/example_dags/example_trigger_target_dag.py
[2026-04-09T19:30:17.065+0000] {processor.py:830} INFO - Processing file /home/airflow/.local/lib/python3.8/site-packages/airflow/example_dags/example_trigger_target_dag.py for tasks to queue
[2026-04-09T19:30:17.069+0000] {logging_mixin.py:188} INFO - [2026-04-09T19:30:17.068+0000] {dagbag.py:538} INFO - Filling up the DagBag from /home/airflow/.local/lib/python3.8/site-packages/airflow/example_dags/example_trigger_target_dag.py
[2026-04-09T19:30:17.085+0000] {processor.py:840} INFO - DAG(s) 'example_trigger_target_dag' retrieved from /home/airflow/.local/lib/python3.8/site-packages/airflow/example_dags/example_trigger_target_dag.py
[2026-04-09T19:30:17.124+0000] {logging_mixin.py:188} INFO - [2026-04-09T19:30:17.124+0000] {dag.py:3036} INFO - Sync 1 DAGs
[2026-04-09T19:30:17.154+0000] {logging_mixin.py:188} INFO - [2026-04-09T19:30:17.153+0000] {dag.py:3823} INFO - Setting next_dagrun for example_trigger_target_dag to None, run_after=None
[2026-04-09T19:30:17.193+0000] {processor.py:183} INFO - Processing /home/airflow/.local/lib/python3.8/site-packages/airflow/example_dags/example_trigger_target_dag.py took 0.141 seconds
[2026-04-09T19:30:47.989+0000] {processor.py:161} INFO - Started process (PID=18511) to work on /home/airflow/.local/lib/python3.8/site-packages/airflow/example_dags/example_trigger_target_dag.py
[2026-04-09T19:30:47.992+0000] {processor.py:830} INFO - Processing file /home/airflow/.local/lib/python3.8/site-packages/airflow/example_dags/example_trigger_target_dag.py for tasks to queue
[2026-04-09T19:30:47.997+0000] {logging_mixin.py:188} INFO - [2026-04-09T19:30:47.996+0000] {dagbag.py:538} INFO - Filling up the DagBag from /home/airflow/.local/lib/python3.8/site-packages/airflow/example_dags/example_trigger_target_dag.py
[2026-04-09T19:30:48.016+0000] {processor.py:840} INFO - DAG(s) 'example_trigger_target_dag' retrieved from /home/airflow/.local/lib/python3.8/site-packages/airflow/example_dags/example_trigger_target_dag.py
[2026-04-09T19:30:48.071+0000] {logging_mixin.py:188} INFO - [2026-04-09T19:30:48.071+0000] {dag.py:3036} INFO - Sync 1 DAGs
[2026-04-09T19:30:48.113+0000] {logging_mixin.py:188} INFO - [2026-04-09T19:30:48.112+0000] {dag.py:3823} INFO - Setting next_dagrun for example_trigger_target_dag to None, run_after=None
[2026-04-09T19:30:48.174+0000] {processor.py:183} INFO - Processing /home/airflow/.local/lib/python3.8/site-packages/airflow/example_dags/example_trigger_target_dag.py took 0.195 seconds
[2026-04-09T19:31:18.485+0000] {processor.py:161} INFO - Started process (PID=18568) to work on /home/airflow/.local/lib/python3.8/site-packages/airflow/example_dags/example_trigger_target_dag.py
[2026-04-09T19:31:18.487+0000] {processor.py:830} INFO - Processing file /home/airflow/.local/lib/python3.8/site-packages/airflow/example_dags/example_trigger_target_dag.py for tasks to queue
[2026-04-09T19:31:18.492+0000] {logging_mixin.py:188} INFO - [2026-04-09T19:31:18.491+0000] {dagbag.py:538} INFO - Filling up the DagBag from /home/airflow/.local/lib/python3.8/site-packages/airflow/example_dags/example_trigger_target_dag.py
[2026-04-09T19:31:18.506+0000] {processor.py:840} INFO - DAG(s) 'example_trigger_target_dag' retrieved from /home/airflow/.local/lib/python3.8/site-packages/airflow/example_dags/example_trigger_target_dag.py
[2026-04-09T19:31:18.558+0000] {logging_mixin.py:188} INFO - [2026-04-09T19:31:18.558+0000] {dag.py:3036} INFO - Sync 1 DAGs
[2026-04-09T19:31:18.583+0000] {logging_mixin.py:188} INFO - [2026-04-09T19:31:18.582+0000] {dag.py:3823} INFO - Setting next_dagrun for example_trigger_target_dag to None, run_after=None
[2026-04-09T19:31:18.617+0000] {processor.py:183} INFO - Processing /home/airflow/.local/lib/python3.8/site-packages/airflow/example_dags/example_trigger_target_dag.py took 0.139 seconds
[2026-04-09T19:31:49.143+0000] {processor.py:161} INFO - Started process (PID=18626) to work on /home/airflow/.local/lib/python3.8/site-packages/airflow/example_dags/example_trigger_target_dag.py
[2026-04-09T19:31:49.145+0000] {processor.py:830} INFO - Processing file /home/airflow/.local/lib/python3.8/site-packages/airflow/example_dags/example_trigger_target_dag.py for tasks to queue
[2026-04-09T19:31:49.150+0000] {logging_mixin.py:188} INFO - [2026-04-09T19:31:49.149+0000] {dagbag.py:538} INFO - Filling up the DagBag from /home/airflow/.local/lib/python3.8/site-packages/airflow/example_dags/example_trigger_target_dag.py
[2026-04-09T19:31:49.161+0000] {processor.py:840} INFO - DAG(s) 'example_trigger_target_dag' retrieved from /home/airflow/.local/lib/python3.8/site-packages/airflow/example_dags/example_trigger_target_dag.py
[2026-04-09T19:31:49.205+0000] {logging_mixin.py:188} INFO - [2026-04-09T19:31:49.204+0000] {dag.py:3036} INFO - Sync 1 DAGs
[2026-04-09T19:31:49.224+0000] {logging_mixin.py:188} INFO - [2026-04-09T19:31:49.223+0000] {dag.py:3823} INFO - Setting next_dagrun for example_trigger_target_dag to None, run_after=None
[2026-04-09T19:31:49.250+0000] {processor.py:183} INFO - Processing /home/airflow/.local/lib/python3.8/site-packages/airflow/example_dags/example_trigger_target_dag.py took 0.113 seconds
[2026-04-09T19:32:20.145+0000] {processor.py:161} INFO - Started process (PID=18683) to work on /home/airflow/.local/lib/python3.8/site-packages/airflow/example_dags/example_trigger_target_dag.py
[2026-04-09T19:32:20.147+0000] {processor.py:830} INFO - Processing file /home/airflow/.local/lib/python3.8/site-packages/airflow/example_dags/example_trigger_target_dag.py for tasks to queue
[2026-04-09T19:32:20.150+0000] {logging_mixin.py:188} INFO - [2026-04-09T19:32:20.150+0000] {dagbag.py:538} INFO - Filling up the DagBag from /home/airflow/.local/lib/python3.8/site-packages/airflow/example_dags/example_trigger_target_dag.py
[2026-04-09T19:32:20.162+0000] {processor.py:840} INFO - DAG(s) 'example_trigger_target_dag' retrieved from /home/airflow/.local/lib/python3.8/site-packages/airflow/example_dags/example_trigger_target_dag.py
[2026-04-09T19:32:20.198+0000] {logging_mixin.py:188} INFO - [2026-04-09T19:32:20.197+0000] {dag.py:3036} INFO - Sync 1 DAGs
[2026-04-09T19:32:20.223+0000] {logging_mixin.py:188} INFO - [2026-04-09T19:32:20.223+0000] {dag.py:3823} INFO - Setting next_dagrun for example_trigger_target_dag to None, run_after=None
[2026-04-09T19:32:20.259+0000] {processor.py:183} INFO - Processing /home/airflow/.local/lib/python3.8/site-packages/airflow/example_dags/example_trigger_target_dag.py took 0.123 seconds
[2026-04-09T19:32:50.739+0000] {processor.py:161} INFO - Started process (PID=18740) to work on /home/airflow/.local/lib/python3.8/site-packages/airflow/example_dags/example_trigger_target_dag.py
[2026-04-09T19:32:50.741+0000] {processor.py:830} INFO - Processing file /home/airflow/.local/lib/python3.8/site-packages/airflow/example_dags/example_trigger_target_dag.py for tasks to queue
[2026-04-09T19:32:50.744+0000] {logging_mixin.py:188} INFO - [2026-04-09T19:32:50.743+0000] {dagbag.py:538} INFO - Filling up the DagBag from /home/airflow/.local/lib/python3.8/site-packages/airflow/example_dags/example_trigger_target_dag.py
[2026-04-09T19:32:50.757+0000] {processor.py:840} INFO - DAG(s) 'example_trigger_target_dag' retrieved from /home/airflow/.local/lib/python3.8/site-packages/airflow/example_dags/example_trigger_target_dag.py
[2026-04-09T19:32:50.791+0000] {logging_mixin.py:188} INFO - [2026-04-09T19:32:50.791+0000] {dag.py:3036} INFO - Sync 1 DAGs
[2026-04-09T19:32:50.818+0000] {logging_mixin.py:188} INFO - [2026-04-09T19:32:50.818+0000] {dag.py:3823} INFO - Setting next_dagrun for example_trigger_target_dag to None, run_after=None
[2026-04-09T19:32:50.872+0000] {processor.py:183} INFO - Processing /home/airflow/.local/lib/python3.8/site-packages/airflow/example_dags/example_trigger_target_dag.py took 0.140 seconds
[2026-04-09T19:33:21.314+0000] {processor.py:161} INFO - Started process (PID=18797) to work on /home/airflow/.local/lib/python3.8/site-packages/airflow/example_dags/example_trigger_target_dag.py
[2026-04-09T19:33:21.317+0000] {processor.py:830} INFO - Processing file /home/airflow/.local/lib/python3.8/site-packages/airflow/example_dags/example_trigger_target_dag.py for tasks to queue
[2026-04-09T19:33:21.321+0000] {logging_mixin.py:188} INFO - [2026-04-09T19:33:21.320+0000] {dagbag.py:538} INFO - Filling up the DagBag from /home/airflow/.local/lib/python3.8/site-packages/airflow/example_dags/example_trigger_target_dag.py
[2026-04-09T19:33:21.334+0000] {processor.py:840} INFO - DAG(s) 'example_trigger_target_dag' retrieved from /home/airflow/.local/lib/python3.8/site-packages/airflow/example_dags/example_trigger_target_dag.py
[2026-04-09T19:33:21.374+0000] {logging_mixin.py:188} INFO - [2026-04-09T19:33:21.374+0000] {dag.py:3036} INFO - Sync 1 DAGs
[2026-04-09T19:33:21.399+0000] {logging_mixin.py:188} INFO - [2026-04-09T19:33:21.399+0000] {dag.py:3823} INFO - Setting next_dagrun for example_trigger_target_dag to None, run_after=None
[2026-04-09T19:33:21.433+0000] {processor.py:183} INFO - Processing /home/airflow/.local/lib/python3.8/site-packages/airflow/example_dags/example_trigger_target_dag.py took 0.127 seconds
[2026-04-09T19:33:52.109+0000] {processor.py:161} INFO - Started process (PID=18854) to work on /home/airflow/.local/lib/python3.8/site-packages/airflow/example_dags/example_trigger_target_dag.py
[2026-04-09T19:33:52.111+0000] {processor.py:830} INFO - Processing file /home/airflow/.local/lib/python3.8/site-packages/airflow/example_dags/example_trigger_target_dag.py for tasks to queue
[2026-04-09T19:33:52.115+0000] {logging_mixin.py:188} INFO - [2026-04-09T19:33:52.115+0000] {dagbag.py:538} INFO - Filling up the DagBag from /home/airflow/.local/lib/python3.8/site-packages/airflow/example_dags/example_trigger_target_dag.py
[2026-04-09T19:33:52.123+0000] {processor.py:840} INFO - DAG(s) 'example_trigger_target_dag' retrieved from /home/airflow/.local/lib/python3.8/site-packages/airflow/example_dags/example_trigger_target_dag.py
[2026-04-09T19:33:52.153+0000] {logging_mixin.py:188} INFO - [2026-04-09T19:33:52.153+0000] {dag.py:3036} INFO - Sync 1 DAGs
[2026-04-09T19:33:52.172+0000] {logging_mixin.py:188} INFO - [2026-04-09T19:33:52.171+0000] {dag.py:3823} INFO - Setting next_dagrun for example_trigger_target_dag to None, run_after=None
[2026-04-09T19:33:52.202+0000] {processor.py:183} INFO - Processing /home/airflow/.local/lib/python3.8/site-packages/airflow/example_dags/example_trigger_target_dag.py took 0.099 seconds
[2026-04-09T19:34:23.157+0000] {processor.py:161} INFO - Started process (PID=18911) to work on /home/airflow/.local/lib/python3.8/site-packages/airflow/example_dags/example_trigger_target_dag.py
[2026-04-09T19:34:23.161+0000] {processor.py:830} INFO - Processing file /home/airflow/.local/lib/python3.8/site-packages/airflow/example_dags/example_trigger_target_dag.py for tasks to queue
[2026-04-09T19:34:23.170+0000] {logging_mixin.py:188} INFO - [2026-04-09T19:34:23.169+0000] {dagbag.py:538} INFO - Filling up the DagBag from /home/airflow/.local/lib/python3.8/site-packages/airflow/example_dags/example_trigger_target_dag.py
[2026-04-09T19:34:23.195+0000] {processor.py:840} INFO - DAG(s) 'example_trigger_target_dag' retrieved from /home/airflow/.local/lib/python3.8/site-packages/airflow/example_dags/example_trigger_target_dag.py
[2026-04-09T19:34:23.263+0000] {logging_mixin.py:188} INFO - [2026-04-09T19:34:23.262+0000] {dag.py:3036} INFO - Sync 1 DAGs
[2026-04-09T19:34:23.297+0000] {logging_mixin.py:188} INFO - [2026-04-09T19:34:23.297+0000] {dag.py:3823} INFO - Setting next_dagrun for example_trigger_target_dag to None, run_after=None
[2026-04-09T19:34:23.355+0000] {processor.py:183} INFO - Processing /home/airflow/.local/lib/python3.8/site-packages/airflow/example_dags/example_trigger_target_dag.py took 0.208 seconds
[2026-04-09T19:34:53.818+0000] {processor.py:161} INFO - Started process (PID=18968) to work on /home/airflow/.local/lib/python3.8/site-packages/airflow/example_dags/example_trigger_target_dag.py
[2026-04-09T19:34:53.820+0000] {processor.py:830} INFO - Processing file /home/airflow/.local/lib/python3.8/site-packages/airflow/example_dags/example_trigger_target_dag.py for tasks to queue
[2026-04-09T19:34:53.827+0000] {logging_mixin.py:188} INFO - [2026-04-09T19:34:53.826+0000] {dagbag.py:538} INFO - Filling up the DagBag from /home/airflow/.local/lib/python3.8/site-packages/airflow/example_dags/example_trigger_target_dag.py
[2026-04-09T19:34:53.842+0000] {processor.py:840} INFO - DAG(s) 'example_trigger_target_dag' retrieved from /home/airflow/.local/lib/python3.8/site-packages/airflow/example_dags/example_trigger_target_dag.py
[2026-04-09T19:34:53.902+0000] {logging_mixin.py:188} INFO - [2026-04-09T19:34:53.901+0000] {dag.py:3036} INFO - Sync 1 DAGs
[2026-04-09T19:34:53.950+0000] {logging_mixin.py:188} INFO - [2026-04-09T19:34:53.949+0000] {dag.py:3823} INFO - Setting next_dagrun for example_trigger_target_dag to None, run_after=None
[2026-04-09T19:34:54.002+0000] {processor.py:183} INFO - Processing /home/airflow/.local/lib/python3.8/site-packages/airflow/example_dags/example_trigger_target_dag.py took 0.190 seconds
[2026-04-09T19:35:24.097+0000] {processor.py:161} INFO - Started process (PID=19024) to work on /home/airflow/.local/lib/python3.8/site-packages/airflow/example_dags/example_trigger_target_dag.py
[2026-04-09T19:35:24.100+0000] {processor.py:830} INFO - Processing file /home/airflow/.local/lib/python3.8/site-packages/airflow/example_dags/example_trigger_target_dag.py for tasks to queue
[2026-04-09T19:35:24.104+0000] {logging_mixin.py:188} INFO - [2026-04-09T19:35:24.103+0000] {dagbag.py:538} INFO - Filling up the DagBag from /home/airflow/.local/lib/python3.8/site-packages/airflow/example_dags/example_trigger_target_dag.py
[2026-04-09T19:35:24.116+0000] {processor.py:840} INFO - DAG(s) 'example_trigger_target_dag' retrieved from /home/airflow/.local/lib/python3.8/site-packages/airflow/example_dags/example_trigger_target_dag.py
[2026-04-09T19:35:24.144+0000] {logging_mixin.py:188} INFO - [2026-04-09T19:35:24.143+0000] {dag.py:3036} INFO - Sync 1 DAGs
[2026-04-09T19:35:24.166+0000] {logging_mixin.py:188} INFO - [2026-04-09T19:35:24.165+0000] {dag.py:3823} INFO - Setting next_dagrun for example_trigger_target_dag to None, run_after=None
[2026-04-09T19:35:24.213+0000] {processor.py:183} INFO - Processing /home/airflow/.local/lib/python3.8/site-packages/airflow/example_dags/example_trigger_target_dag.py took 0.122 seconds
[2026-04-09T19:35:54.450+0000] {processor.py:161} INFO - Started process (PID=19081) to work on /home/airflow/.local/lib/python3.8/site-packages/airflow/example_dags/example_trigger_target_dag.py
[2026-04-09T19:35:54.453+0000] {processor.py:830} INFO - Processing file /home/airflow/.local/lib/python3.8/site-packages/airflow/example_dags/example_trigger_target_dag.py for tasks to queue
[2026-04-09T19:35:54.458+0000] {logging_mixin.py:188} INFO - [2026-04-09T19:35:54.457+0000] {dagbag.py:538} INFO - Filling up the DagBag from /home/airflow/.local/lib/python3.8/site-packages/airflow/example_dags/example_trigger_target_dag.py
[2026-04-09T19:35:54.466+0000] {processor.py:840} INFO - DAG(s) 'example_trigger_target_dag' retrieved from /home/airflow/.local/lib/python3.8/site-packages/airflow/example_dags/example_trigger_target_dag.py
[2026-04-09T19:35:54.505+0000] {logging_mixin.py:188} INFO - [2026-04-09T19:35:54.504+0000] {dag.py:3036} INFO - Sync 1 DAGs
[2026-04-09T19:35:54.529+0000] {logging_mixin.py:188} INFO - [2026-04-09T19:35:54.529+0000] {dag.py:3823} INFO - Setting next_dagrun for example_trigger_target_dag to None, run_after=None
[2026-04-09T19:35:54.562+0000] {processor.py:183} INFO - Processing /home/airflow/.local/lib/python3.8/site-packages/airflow/example_dags/example_trigger_target_dag.py took 0.120 seconds
[2026-04-09T19:36:25.535+0000] {processor.py:161} INFO - Started process (PID=19138) to work on /home/airflow/.local/lib/python3.8/site-packages/airflow/example_dags/example_trigger_target_dag.py
[2026-04-09T19:36:25.537+0000] {processor.py:830} INFO - Processing file /home/airflow/.local/lib/python3.8/site-packages/airflow/example_dags/example_trigger_target_dag.py for tasks to queue
[2026-04-09T19:36:25.542+0000] {logging_mixin.py:188} INFO - [2026-04-09T19:36:25.542+0000] {dagbag.py:538} INFO - Filling up the DagBag from /home/airflow/.local/lib/python3.8/site-packages/airflow/example_dags/example_trigger_target_dag.py
[2026-04-09T19:36:25.555+0000] {processor.py:840} INFO - DAG(s) 'example_trigger_target_dag' retrieved from /home/airflow/.local/lib/python3.8/site-packages/airflow/example_dags/example_trigger_target_dag.py
[2026-04-09T19:36:25.595+0000] {logging_mixin.py:188} INFO - [2026-04-09T19:36:25.594+0000] {dag.py:3036} INFO - Sync 1 DAGs
[2026-04-09T19:36:25.628+0000] {logging_mixin.py:188} INFO - [2026-04-09T19:36:25.628+0000] {dag.py:3823} INFO - Setting next_dagrun for example_trigger_target_dag to None, run_after=None
[2026-04-09T19:36:25.690+0000] {processor.py:183} INFO - Processing /home/airflow/.local/lib/python3.8/site-packages/airflow/example_dags/example_trigger_target_dag.py took 0.161 seconds
[2026-04-09T19:36:56.443+0000] {processor.py:161} INFO - Started process (PID=19196) to work on /home/airflow/.local/lib/python3.8/site-packages/airflow/example_dags/example_trigger_target_dag.py
[2026-04-09T19:36:56.446+0000] {processor.py:830} INFO - Processing file /home/airflow/.local/lib/python3.8/site-packages/airflow/example_dags/example_trigger_target_dag.py for tasks to queue
[2026-04-09T19:36:56.454+0000] {logging_mixin.py:188} INFO - [2026-04-09T19:36:56.453+0000] {dagbag.py:538} INFO - Filling up the DagBag from /home/airflow/.local/lib/python3.8/site-packages/airflow/example_dags/example_trigger_target_dag.py
[2026-04-09T19:36:56.473+0000] {processor.py:840} INFO - DAG(s) 'example_trigger_target_dag' retrieved from /home/airflow/.local/lib/python3.8/site-packages/airflow/example_dags/example_trigger_target_dag.py
[2026-04-09T19:36:56.512+0000] {logging_mixin.py:188} INFO - [2026-04-09T19:36:56.512+0000] {dag.py:3036} INFO - Sync 1 DAGs
[2026-04-09T19:36:56.539+0000] {logging_mixin.py:188} INFO - [2026-04-09T19:36:56.538+0000] {dag.py:3823} INFO - Setting next_dagrun for example_trigger_target_dag to None, run_after=None
[2026-04-09T19:36:56.585+0000] {processor.py:183} INFO - Processing /home/airflow/.local/lib/python3.8/site-packages/airflow/example_dags/example_trigger_target_dag.py took 0.149 seconds
[2026-04-09T19:37:26.810+0000] {processor.py:161} INFO - Started process (PID=19253) to work on /home/airflow/.local/lib/python3.8/site-packages/airflow/example_dags/example_trigger_target_dag.py
[2026-04-09T19:37:26.813+0000] {processor.py:830} INFO - Processing file /home/airflow/.local/lib/python3.8/site-packages/airflow/example_dags/example_trigger_target_dag.py for tasks to queue
[2026-04-09T19:37:26.818+0000] {logging_mixin.py:188} INFO - [2026-04-09T19:37:26.817+0000] {dagbag.py:538} INFO - Filling up the DagBag from /home/airflow/.local/lib/python3.8/site-packages/airflow/example_dags/example_trigger_target_dag.py
[2026-04-09T19:37:26.829+0000] {processor.py:840} INFO - DAG(s) 'example_trigger_target_dag' retrieved from /home/airflow/.local/lib/python3.8/site-packages/airflow/example_dags/example_trigger_target_dag.py
[2026-04-09T19:37:26.867+0000] {logging_mixin.py:188} INFO - [2026-04-09T19:37:26.867+0000] {dag.py:3036} INFO - Sync 1 DAGs
[2026-04-09T19:37:26.885+0000] {logging_mixin.py:188} INFO - [2026-04-09T19:37:26.884+0000] {dag.py:3823} INFO - Setting next_dagrun for example_trigger_target_dag to None, run_after=None
[2026-04-09T19:37:26.921+0000] {processor.py:183} INFO - Processing /home/airflow/.local/lib/python3.8/site-packages/airflow/example_dags/example_trigger_target_dag.py took 0.118 seconds
[2026-04-09T19:37:57.067+0000] {processor.py:161} INFO - Started process (PID=19311) to work on /home/airflow/.local/lib/python3.8/site-packages/airflow/example_dags/example_trigger_target_dag.py
[2026-04-09T19:37:57.070+0000] {processor.py:830} INFO - Processing file /home/airflow/.local/lib/python3.8/site-packages/airflow/example_dags/example_trigger_target_dag.py for tasks to queue
[2026-04-09T19:37:57.075+0000] {logging_mixin.py:188} INFO - [2026-04-09T19:37:57.074+0000] {dagbag.py:538} INFO - Filling up the DagBag from /home/airflow/.local/lib/python3.8/site-packages/airflow/example_dags/example_trigger_target_dag.py
[2026-04-09T19:37:57.086+0000] {processor.py:840} INFO - DAG(s) 'example_trigger_target_dag' retrieved from /home/airflow/.local/lib/python3.8/site-packages/airflow/example_dags/example_trigger_target_dag.py
[2026-04-09T19:37:57.128+0000] {logging_mixin.py:188} INFO - [2026-04-09T19:37:57.127+0000] {dag.py:3036} INFO - Sync 1 DAGs
[2026-04-09T19:37:57.155+0000] {logging_mixin.py:188} INFO - [2026-04-09T19:37:57.154+0000] {dag.py:3823} INFO - Setting next_dagrun for example_trigger_target_dag to None, run_after=None
[2026-04-09T19:37:57.199+0000] {processor.py:183} INFO - Processing /home/airflow/.local/lib/python3.8/site-packages/airflow/example_dags/example_trigger_target_dag.py took 0.138 seconds
[2026-04-09T19:38:27.796+0000] {processor.py:161} INFO - Started process (PID=19368) to work on /home/airflow/.local/lib/python3.8/site-packages/airflow/example_dags/example_trigger_target_dag.py
[2026-04-09T19:38:27.798+0000] {processor.py:830} INFO - Processing file /home/airflow/.local/lib/python3.8/site-packages/airflow/example_dags/example_trigger_target_dag.py for tasks to queue
[2026-04-09T19:38:27.803+0000] {logging_mixin.py:188} INFO - [2026-04-09T19:38:27.802+0000] {dagbag.py:538} INFO - Filling up the DagBag from /home/airflow/.local/lib/python3.8/site-packages/airflow/example_dags/example_trigger_target_dag.py
[2026-04-09T19:38:27.812+0000] {processor.py:840} INFO - DAG(s) 'example_trigger_target_dag' retrieved from /home/airflow/.local/lib/python3.8/site-packages/airflow/example_dags/example_trigger_target_dag.py
[2026-04-09T19:38:27.849+0000] {logging_mixin.py:188} INFO - [2026-04-09T19:38:27.849+0000] {dag.py:3036} INFO - Sync 1 DAGs
[2026-04-09T19:38:27.872+0000] {logging_mixin.py:188} INFO - [2026-04-09T19:38:27.872+0000] {dag.py:3823} INFO - Setting next_dagrun for example_trigger_target_dag to None, run_after=None
[2026-04-09T19:38:27.905+0000] {processor.py:183} INFO - Processing /home/airflow/.local/lib/python3.8/site-packages/airflow/example_dags/example_trigger_target_dag.py took 0.117 seconds
[2026-04-09T19:39:01.793+0000] {processor.py:161} INFO - Started process (PID=19425) to work on /home/airflow/.local/lib/python3.8/site-packages/airflow/example_dags/example_trigger_target_dag.py
[2026-04-09T19:39:01.795+0000] {processor.py:830} INFO - Processing file /home/airflow/.local/lib/python3.8/site-packages/airflow/example_dags/example_trigger_target_dag.py for tasks to queue
[2026-04-09T19:39:01.798+0000] {logging_mixin.py:188} INFO - [2026-04-09T19:39:01.798+0000] {dagbag.py:538} INFO - Filling up the DagBag from /home/airflow/.local/lib/python3.8/site-packages/airflow/example_dags/example_trigger_target_dag.py
[2026-04-09T19:39:01.809+0000] {processor.py:840} INFO - DAG(s) 'example_trigger_target_dag' retrieved from /home/airflow/.local/lib/python3.8/site-packages/airflow/example_dags/example_trigger_target_dag.py
[2026-04-09T19:39:01.847+0000] {logging_mixin.py:188} INFO - [2026-04-09T19:39:01.846+0000] {dag.py:3036} INFO - Sync 1 DAGs
[2026-04-09T19:39:01.873+0000] {logging_mixin.py:188} INFO - [2026-04-09T19:39:01.872+0000] {dag.py:3823} INFO - Setting next_dagrun for example_trigger_target_dag to None, run_after=None
[2026-04-09T19:39:01.908+0000] {processor.py:183} INFO - Processing /home/airflow/.local/lib/python3.8/site-packages/airflow/example_dags/example_trigger_target_dag.py took 0.119 seconds
