[2026-04-09T16:44:53.543+0000] {processor.py:161} INFO - Started process (PID=74) to work on /home/airflow/.local/lib/python3.8/site-packages/airflow/example_dags/example_nested_branch_dag.py
[2026-04-09T16:44:53.546+0000] {processor.py:830} INFO - Processing file /home/airflow/.local/lib/python3.8/site-packages/airflow/example_dags/example_nested_branch_dag.py for tasks to queue
[2026-04-09T16:44:53.550+0000] {logging_mixin.py:188} INFO - [2026-04-09T16:44:53.550+0000] {dagbag.py:538} INFO - Filling up the DagBag from /home/airflow/.local/lib/python3.8/site-packages/airflow/example_dags/example_nested_branch_dag.py
[2026-04-09T16:44:53.571+0000] {processor.py:840} INFO - DAG(s) 'example_nested_branch_dag' retrieved from /home/airflow/.local/lib/python3.8/site-packages/airflow/example_dags/example_nested_branch_dag.py
[2026-04-09T16:44:53.629+0000] {logging_mixin.py:188} INFO - [2026-04-09T16:44:53.629+0000] {dag.py:3036} INFO - Sync 1 DAGs
[2026-04-09T16:44:53.671+0000] {logging_mixin.py:188} INFO - [2026-04-09T16:44:53.671+0000] {dag.py:3823} INFO - Setting next_dagrun for example_nested_branch_dag to 2026-04-08 00:00:00+00:00, run_after=2026-04-09 00:00:00+00:00
[2026-04-09T16:44:53.784+0000] {processor.py:183} INFO - Processing /home/airflow/.local/lib/python3.8/site-packages/airflow/example_dags/example_nested_branch_dag.py took 0.249 seconds
[2026-04-09T16:45:24.727+0000] {processor.py:161} INFO - Started process (PID=131) to work on /home/airflow/.local/lib/python3.8/site-packages/airflow/example_dags/example_nested_branch_dag.py
[2026-04-09T16:45:24.729+0000] {processor.py:830} INFO - Processing file /home/airflow/.local/lib/python3.8/site-packages/airflow/example_dags/example_nested_branch_dag.py for tasks to queue
[2026-04-09T16:45:24.732+0000] {logging_mixin.py:188} INFO - [2026-04-09T16:45:24.731+0000] {dagbag.py:538} INFO - Filling up the DagBag from /home/airflow/.local/lib/python3.8/site-packages/airflow/example_dags/example_nested_branch_dag.py
[2026-04-09T16:45:24.746+0000] {processor.py:840} INFO - DAG(s) 'example_nested_branch_dag' retrieved from /home/airflow/.local/lib/python3.8/site-packages/airflow/example_dags/example_nested_branch_dag.py
[2026-04-09T16:45:24.780+0000] {logging_mixin.py:188} INFO - [2026-04-09T16:45:24.780+0000] {dag.py:3036} INFO - Sync 1 DAGs
[2026-04-09T16:45:24.817+0000] {logging_mixin.py:188} INFO - [2026-04-09T16:45:24.817+0000] {dag.py:3823} INFO - Setting next_dagrun for example_nested_branch_dag to 2026-04-08 00:00:00+00:00, run_after=2026-04-09 00:00:00+00:00
[2026-04-09T16:45:24.860+0000] {processor.py:183} INFO - Processing /home/airflow/.local/lib/python3.8/site-packages/airflow/example_dags/example_nested_branch_dag.py took 0.138 seconds
[2026-04-09T16:45:54.933+0000] {processor.py:161} INFO - Started process (PID=188) to work on /home/airflow/.local/lib/python3.8/site-packages/airflow/example_dags/example_nested_branch_dag.py
[2026-04-09T16:45:54.986+0000] {processor.py:830} INFO - Processing file /home/airflow/.local/lib/python3.8/site-packages/airflow/example_dags/example_nested_branch_dag.py for tasks to queue
[2026-04-09T16:45:54.990+0000] {logging_mixin.py:188} INFO - [2026-04-09T16:45:54.990+0000] {dagbag.py:538} INFO - Filling up the DagBag from /home/airflow/.local/lib/python3.8/site-packages/airflow/example_dags/example_nested_branch_dag.py
[2026-04-09T16:45:55.011+0000] {processor.py:840} INFO - DAG(s) 'example_nested_branch_dag' retrieved from /home/airflow/.local/lib/python3.8/site-packages/airflow/example_dags/example_nested_branch_dag.py
[2026-04-09T16:45:55.051+0000] {logging_mixin.py:188} INFO - [2026-04-09T16:45:55.051+0000] {dag.py:3036} INFO - Sync 1 DAGs
[2026-04-09T16:45:55.094+0000] {logging_mixin.py:188} INFO - [2026-04-09T16:45:55.094+0000] {dag.py:3823} INFO - Setting next_dagrun for example_nested_branch_dag to 2026-04-08 00:00:00+00:00, run_after=2026-04-09 00:00:00+00:00
[2026-04-09T16:45:55.216+0000] {processor.py:183} INFO - Processing /home/airflow/.local/lib/python3.8/site-packages/airflow/example_dags/example_nested_branch_dag.py took 0.289 seconds
[2026-04-09T16:46:26.129+0000] {processor.py:161} INFO - Started process (PID=245) to work on /home/airflow/.local/lib/python3.8/site-packages/airflow/example_dags/example_nested_branch_dag.py
[2026-04-09T16:46:26.140+0000] {processor.py:830} INFO - Processing file /home/airflow/.local/lib/python3.8/site-packages/airflow/example_dags/example_nested_branch_dag.py for tasks to queue
[2026-04-09T16:46:26.146+0000] {logging_mixin.py:188} INFO - [2026-04-09T16:46:26.145+0000] {dagbag.py:538} INFO - Filling up the DagBag from /home/airflow/.local/lib/python3.8/site-packages/airflow/example_dags/example_nested_branch_dag.py
[2026-04-09T16:46:26.185+0000] {processor.py:840} INFO - DAG(s) 'example_nested_branch_dag' retrieved from /home/airflow/.local/lib/python3.8/site-packages/airflow/example_dags/example_nested_branch_dag.py
[2026-04-09T16:46:26.262+0000] {logging_mixin.py:188} INFO - [2026-04-09T16:46:26.261+0000] {dag.py:3036} INFO - Sync 1 DAGs
[2026-04-09T16:46:26.366+0000] {logging_mixin.py:188} INFO - [2026-04-09T16:46:26.366+0000] {dag.py:3823} INFO - Setting next_dagrun for example_nested_branch_dag to 2026-04-08 00:00:00+00:00, run_after=2026-04-09 00:00:00+00:00
[2026-04-09T16:46:26.431+0000] {processor.py:183} INFO - Processing /home/airflow/.local/lib/python3.8/site-packages/airflow/example_dags/example_nested_branch_dag.py took 0.310 seconds
[2026-04-09T16:46:56.677+0000] {processor.py:161} INFO - Started process (PID=302) to work on /home/airflow/.local/lib/python3.8/site-packages/airflow/example_dags/example_nested_branch_dag.py
[2026-04-09T16:46:56.679+0000] {processor.py:830} INFO - Processing file /home/airflow/.local/lib/python3.8/site-packages/airflow/example_dags/example_nested_branch_dag.py for tasks to queue
[2026-04-09T16:46:56.683+0000] {logging_mixin.py:188} INFO - [2026-04-09T16:46:56.682+0000] {dagbag.py:538} INFO - Filling up the DagBag from /home/airflow/.local/lib/python3.8/site-packages/airflow/example_dags/example_nested_branch_dag.py
[2026-04-09T16:46:56.701+0000] {processor.py:840} INFO - DAG(s) 'example_nested_branch_dag' retrieved from /home/airflow/.local/lib/python3.8/site-packages/airflow/example_dags/example_nested_branch_dag.py
[2026-04-09T16:46:56.740+0000] {logging_mixin.py:188} INFO - [2026-04-09T16:46:56.739+0000] {dag.py:3036} INFO - Sync 1 DAGs
[2026-04-09T16:46:56.780+0000] {logging_mixin.py:188} INFO - [2026-04-09T16:46:56.779+0000] {dag.py:3823} INFO - Setting next_dagrun for example_nested_branch_dag to 2026-04-08 00:00:00+00:00, run_after=2026-04-09 00:00:00+00:00
[2026-04-09T16:46:56.812+0000] {processor.py:183} INFO - Processing /home/airflow/.local/lib/python3.8/site-packages/airflow/example_dags/example_nested_branch_dag.py took 0.141 seconds
[2026-04-09T16:47:27.615+0000] {processor.py:161} INFO - Started process (PID=359) to work on /home/airflow/.local/lib/python3.8/site-packages/airflow/example_dags/example_nested_branch_dag.py
[2026-04-09T16:47:27.617+0000] {processor.py:830} INFO - Processing file /home/airflow/.local/lib/python3.8/site-packages/airflow/example_dags/example_nested_branch_dag.py for tasks to queue
[2026-04-09T16:47:27.620+0000] {logging_mixin.py:188} INFO - [2026-04-09T16:47:27.620+0000] {dagbag.py:538} INFO - Filling up the DagBag from /home/airflow/.local/lib/python3.8/site-packages/airflow/example_dags/example_nested_branch_dag.py
[2026-04-09T16:47:27.641+0000] {processor.py:840} INFO - DAG(s) 'example_nested_branch_dag' retrieved from /home/airflow/.local/lib/python3.8/site-packages/airflow/example_dags/example_nested_branch_dag.py
[2026-04-09T16:47:27.676+0000] {logging_mixin.py:188} INFO - [2026-04-09T16:47:27.675+0000] {dag.py:3036} INFO - Sync 1 DAGs
[2026-04-09T16:47:27.708+0000] {logging_mixin.py:188} INFO - [2026-04-09T16:47:27.708+0000] {dag.py:3823} INFO - Setting next_dagrun for example_nested_branch_dag to 2026-04-08 00:00:00+00:00, run_after=2026-04-09 00:00:00+00:00
[2026-04-09T16:47:27.860+0000] {processor.py:183} INFO - Processing /home/airflow/.local/lib/python3.8/site-packages/airflow/example_dags/example_nested_branch_dag.py took 0.251 seconds
[2026-04-09T16:47:58.023+0000] {processor.py:161} INFO - Started process (PID=416) to work on /home/airflow/.local/lib/python3.8/site-packages/airflow/example_dags/example_nested_branch_dag.py
[2026-04-09T16:47:58.025+0000] {processor.py:830} INFO - Processing file /home/airflow/.local/lib/python3.8/site-packages/airflow/example_dags/example_nested_branch_dag.py for tasks to queue
[2026-04-09T16:47:58.029+0000] {logging_mixin.py:188} INFO - [2026-04-09T16:47:58.029+0000] {dagbag.py:538} INFO - Filling up the DagBag from /home/airflow/.local/lib/python3.8/site-packages/airflow/example_dags/example_nested_branch_dag.py
[2026-04-09T16:47:58.047+0000] {processor.py:840} INFO - DAG(s) 'example_nested_branch_dag' retrieved from /home/airflow/.local/lib/python3.8/site-packages/airflow/example_dags/example_nested_branch_dag.py
[2026-04-09T16:47:58.088+0000] {logging_mixin.py:188} INFO - [2026-04-09T16:47:58.088+0000] {dag.py:3036} INFO - Sync 1 DAGs
[2026-04-09T16:47:58.126+0000] {logging_mixin.py:188} INFO - [2026-04-09T16:47:58.126+0000] {dag.py:3823} INFO - Setting next_dagrun for example_nested_branch_dag to 2026-04-08 00:00:00+00:00, run_after=2026-04-09 00:00:00+00:00
[2026-04-09T16:47:58.210+0000] {processor.py:183} INFO - Processing /home/airflow/.local/lib/python3.8/site-packages/airflow/example_dags/example_nested_branch_dag.py took 0.193 seconds
[2026-04-09T16:48:29.000+0000] {processor.py:161} INFO - Started process (PID=472) to work on /home/airflow/.local/lib/python3.8/site-packages/airflow/example_dags/example_nested_branch_dag.py
[2026-04-09T16:48:29.002+0000] {processor.py:830} INFO - Processing file /home/airflow/.local/lib/python3.8/site-packages/airflow/example_dags/example_nested_branch_dag.py for tasks to queue
[2026-04-09T16:48:29.009+0000] {logging_mixin.py:188} INFO - [2026-04-09T16:48:29.008+0000] {dagbag.py:538} INFO - Filling up the DagBag from /home/airflow/.local/lib/python3.8/site-packages/airflow/example_dags/example_nested_branch_dag.py
[2026-04-09T16:48:29.030+0000] {processor.py:840} INFO - DAG(s) 'example_nested_branch_dag' retrieved from /home/airflow/.local/lib/python3.8/site-packages/airflow/example_dags/example_nested_branch_dag.py
[2026-04-09T16:48:29.078+0000] {logging_mixin.py:188} INFO - [2026-04-09T16:48:29.077+0000] {dag.py:3036} INFO - Sync 1 DAGs
[2026-04-09T16:48:29.127+0000] {logging_mixin.py:188} INFO - [2026-04-09T16:48:29.126+0000] {dag.py:3823} INFO - Setting next_dagrun for example_nested_branch_dag to 2026-04-08 00:00:00+00:00, run_after=2026-04-09 00:00:00+00:00
[2026-04-09T16:48:29.185+0000] {processor.py:183} INFO - Processing /home/airflow/.local/lib/python3.8/site-packages/airflow/example_dags/example_nested_branch_dag.py took 0.191 seconds
[2026-04-09T16:48:59.441+0000] {processor.py:161} INFO - Started process (PID=528) to work on /home/airflow/.local/lib/python3.8/site-packages/airflow/example_dags/example_nested_branch_dag.py
[2026-04-09T16:48:59.443+0000] {processor.py:830} INFO - Processing file /home/airflow/.local/lib/python3.8/site-packages/airflow/example_dags/example_nested_branch_dag.py for tasks to queue
[2026-04-09T16:48:59.447+0000] {logging_mixin.py:188} INFO - [2026-04-09T16:48:59.446+0000] {dagbag.py:538} INFO - Filling up the DagBag from /home/airflow/.local/lib/python3.8/site-packages/airflow/example_dags/example_nested_branch_dag.py
[2026-04-09T16:48:59.469+0000] {processor.py:840} INFO - DAG(s) 'example_nested_branch_dag' retrieved from /home/airflow/.local/lib/python3.8/site-packages/airflow/example_dags/example_nested_branch_dag.py
[2026-04-09T16:48:59.519+0000] {logging_mixin.py:188} INFO - [2026-04-09T16:48:59.519+0000] {dag.py:3036} INFO - Sync 1 DAGs
[2026-04-09T16:48:59.571+0000] {logging_mixin.py:188} INFO - [2026-04-09T16:48:59.571+0000] {dag.py:3823} INFO - Setting next_dagrun for example_nested_branch_dag to 2026-04-08 00:00:00+00:00, run_after=2026-04-09 00:00:00+00:00
[2026-04-09T16:48:59.627+0000] {processor.py:183} INFO - Processing /home/airflow/.local/lib/python3.8/site-packages/airflow/example_dags/example_nested_branch_dag.py took 0.192 seconds
[2026-04-09T16:49:30.759+0000] {processor.py:161} INFO - Started process (PID=584) to work on /home/airflow/.local/lib/python3.8/site-packages/airflow/example_dags/example_nested_branch_dag.py
[2026-04-09T16:49:30.762+0000] {processor.py:830} INFO - Processing file /home/airflow/.local/lib/python3.8/site-packages/airflow/example_dags/example_nested_branch_dag.py for tasks to queue
[2026-04-09T16:49:30.766+0000] {logging_mixin.py:188} INFO - [2026-04-09T16:49:30.765+0000] {dagbag.py:538} INFO - Filling up the DagBag from /home/airflow/.local/lib/python3.8/site-packages/airflow/example_dags/example_nested_branch_dag.py
[2026-04-09T16:49:30.798+0000] {processor.py:840} INFO - DAG(s) 'example_nested_branch_dag' retrieved from /home/airflow/.local/lib/python3.8/site-packages/airflow/example_dags/example_nested_branch_dag.py
[2026-04-09T16:49:30.871+0000] {logging_mixin.py:188} INFO - [2026-04-09T16:49:30.870+0000] {dag.py:3036} INFO - Sync 1 DAGs
[2026-04-09T16:49:30.946+0000] {logging_mixin.py:188} INFO - [2026-04-09T16:49:30.946+0000] {dag.py:3823} INFO - Setting next_dagrun for example_nested_branch_dag to 2026-04-08 00:00:00+00:00, run_after=2026-04-09 00:00:00+00:00
[2026-04-09T16:49:31.018+0000] {processor.py:183} INFO - Processing /home/airflow/.local/lib/python3.8/site-packages/airflow/example_dags/example_nested_branch_dag.py took 0.275 seconds
[2026-04-09T16:50:01.640+0000] {processor.py:161} INFO - Started process (PID=641) to work on /home/airflow/.local/lib/python3.8/site-packages/airflow/example_dags/example_nested_branch_dag.py
[2026-04-09T16:50:01.642+0000] {processor.py:830} INFO - Processing file /home/airflow/.local/lib/python3.8/site-packages/airflow/example_dags/example_nested_branch_dag.py for tasks to queue
[2026-04-09T16:50:01.646+0000] {logging_mixin.py:188} INFO - [2026-04-09T16:50:01.646+0000] {dagbag.py:538} INFO - Filling up the DagBag from /home/airflow/.local/lib/python3.8/site-packages/airflow/example_dags/example_nested_branch_dag.py
[2026-04-09T16:50:01.665+0000] {processor.py:840} INFO - DAG(s) 'example_nested_branch_dag' retrieved from /home/airflow/.local/lib/python3.8/site-packages/airflow/example_dags/example_nested_branch_dag.py
[2026-04-09T16:50:01.710+0000] {logging_mixin.py:188} INFO - [2026-04-09T16:50:01.710+0000] {dag.py:3036} INFO - Sync 1 DAGs
[2026-04-09T16:50:01.764+0000] {logging_mixin.py:188} INFO - [2026-04-09T16:50:01.763+0000] {dag.py:3823} INFO - Setting next_dagrun for example_nested_branch_dag to 2026-04-08 00:00:00+00:00, run_after=2026-04-09 00:00:00+00:00
[2026-04-09T16:50:01.810+0000] {processor.py:183} INFO - Processing /home/airflow/.local/lib/python3.8/site-packages/airflow/example_dags/example_nested_branch_dag.py took 0.176 seconds
[2026-04-09T16:50:31.988+0000] {processor.py:161} INFO - Started process (PID=698) to work on /home/airflow/.local/lib/python3.8/site-packages/airflow/example_dags/example_nested_branch_dag.py
[2026-04-09T16:50:31.990+0000] {processor.py:830} INFO - Processing file /home/airflow/.local/lib/python3.8/site-packages/airflow/example_dags/example_nested_branch_dag.py for tasks to queue
[2026-04-09T16:50:31.992+0000] {logging_mixin.py:188} INFO - [2026-04-09T16:50:31.992+0000] {dagbag.py:538} INFO - Filling up the DagBag from /home/airflow/.local/lib/python3.8/site-packages/airflow/example_dags/example_nested_branch_dag.py
[2026-04-09T16:50:32.008+0000] {processor.py:840} INFO - DAG(s) 'example_nested_branch_dag' retrieved from /home/airflow/.local/lib/python3.8/site-packages/airflow/example_dags/example_nested_branch_dag.py
[2026-04-09T16:50:32.039+0000] {logging_mixin.py:188} INFO - [2026-04-09T16:50:32.038+0000] {dag.py:3036} INFO - Sync 1 DAGs
[2026-04-09T16:50:32.075+0000] {logging_mixin.py:188} INFO - [2026-04-09T16:50:32.075+0000] {dag.py:3823} INFO - Setting next_dagrun for example_nested_branch_dag to 2026-04-08 00:00:00+00:00, run_after=2026-04-09 00:00:00+00:00
[2026-04-09T16:50:32.105+0000] {processor.py:183} INFO - Processing /home/airflow/.local/lib/python3.8/site-packages/airflow/example_dags/example_nested_branch_dag.py took 0.121 seconds
[2026-04-09T16:51:02.567+0000] {processor.py:161} INFO - Started process (PID=756) to work on /home/airflow/.local/lib/python3.8/site-packages/airflow/example_dags/example_nested_branch_dag.py
[2026-04-09T16:51:02.569+0000] {processor.py:830} INFO - Processing file /home/airflow/.local/lib/python3.8/site-packages/airflow/example_dags/example_nested_branch_dag.py for tasks to queue
[2026-04-09T16:51:02.572+0000] {logging_mixin.py:188} INFO - [2026-04-09T16:51:02.571+0000] {dagbag.py:538} INFO - Filling up the DagBag from /home/airflow/.local/lib/python3.8/site-packages/airflow/example_dags/example_nested_branch_dag.py
[2026-04-09T16:51:02.585+0000] {processor.py:840} INFO - DAG(s) 'example_nested_branch_dag' retrieved from /home/airflow/.local/lib/python3.8/site-packages/airflow/example_dags/example_nested_branch_dag.py
[2026-04-09T16:51:02.617+0000] {logging_mixin.py:188} INFO - [2026-04-09T16:51:02.617+0000] {dag.py:3036} INFO - Sync 1 DAGs
[2026-04-09T16:51:02.652+0000] {logging_mixin.py:188} INFO - [2026-04-09T16:51:02.651+0000] {dag.py:3823} INFO - Setting next_dagrun for example_nested_branch_dag to 2026-04-08 00:00:00+00:00, run_after=2026-04-09 00:00:00+00:00
[2026-04-09T16:51:02.685+0000] {processor.py:183} INFO - Processing /home/airflow/.local/lib/python3.8/site-packages/airflow/example_dags/example_nested_branch_dag.py took 0.122 seconds
[2026-04-09T16:51:32.794+0000] {processor.py:161} INFO - Started process (PID=813) to work on /home/airflow/.local/lib/python3.8/site-packages/airflow/example_dags/example_nested_branch_dag.py
[2026-04-09T16:51:32.795+0000] {processor.py:830} INFO - Processing file /home/airflow/.local/lib/python3.8/site-packages/airflow/example_dags/example_nested_branch_dag.py for tasks to queue
[2026-04-09T16:51:32.797+0000] {logging_mixin.py:188} INFO - [2026-04-09T16:51:32.797+0000] {dagbag.py:538} INFO - Filling up the DagBag from /home/airflow/.local/lib/python3.8/site-packages/airflow/example_dags/example_nested_branch_dag.py
[2026-04-09T16:51:32.808+0000] {processor.py:840} INFO - DAG(s) 'example_nested_branch_dag' retrieved from /home/airflow/.local/lib/python3.8/site-packages/airflow/example_dags/example_nested_branch_dag.py
[2026-04-09T16:51:32.833+0000] {logging_mixin.py:188} INFO - [2026-04-09T16:51:32.833+0000] {dag.py:3036} INFO - Sync 1 DAGs
[2026-04-09T16:51:32.855+0000] {logging_mixin.py:188} INFO - [2026-04-09T16:51:32.855+0000] {dag.py:3823} INFO - Setting next_dagrun for example_nested_branch_dag to 2026-04-08 00:00:00+00:00, run_after=2026-04-09 00:00:00+00:00
[2026-04-09T16:51:32.879+0000] {processor.py:183} INFO - Processing /home/airflow/.local/lib/python3.8/site-packages/airflow/example_dags/example_nested_branch_dag.py took 0.089 seconds
[2026-04-09T16:52:03.263+0000] {processor.py:161} INFO - Started process (PID=870) to work on /home/airflow/.local/lib/python3.8/site-packages/airflow/example_dags/example_nested_branch_dag.py
[2026-04-09T16:52:03.265+0000] {processor.py:830} INFO - Processing file /home/airflow/.local/lib/python3.8/site-packages/airflow/example_dags/example_nested_branch_dag.py for tasks to queue
[2026-04-09T16:52:03.268+0000] {logging_mixin.py:188} INFO - [2026-04-09T16:52:03.268+0000] {dagbag.py:538} INFO - Filling up the DagBag from /home/airflow/.local/lib/python3.8/site-packages/airflow/example_dags/example_nested_branch_dag.py
[2026-04-09T16:52:03.279+0000] {processor.py:840} INFO - DAG(s) 'example_nested_branch_dag' retrieved from /home/airflow/.local/lib/python3.8/site-packages/airflow/example_dags/example_nested_branch_dag.py
[2026-04-09T16:52:03.304+0000] {logging_mixin.py:188} INFO - [2026-04-09T16:52:03.304+0000] {dag.py:3036} INFO - Sync 1 DAGs
[2026-04-09T16:52:03.327+0000] {logging_mixin.py:188} INFO - [2026-04-09T16:52:03.327+0000] {dag.py:3823} INFO - Setting next_dagrun for example_nested_branch_dag to 2026-04-08 00:00:00+00:00, run_after=2026-04-09 00:00:00+00:00
[2026-04-09T16:52:03.352+0000] {processor.py:183} INFO - Processing /home/airflow/.local/lib/python3.8/site-packages/airflow/example_dags/example_nested_branch_dag.py took 0.091 seconds
[2026-04-09T16:52:33.559+0000] {processor.py:161} INFO - Started process (PID=927) to work on /home/airflow/.local/lib/python3.8/site-packages/airflow/example_dags/example_nested_branch_dag.py
[2026-04-09T16:52:33.560+0000] {processor.py:830} INFO - Processing file /home/airflow/.local/lib/python3.8/site-packages/airflow/example_dags/example_nested_branch_dag.py for tasks to queue
[2026-04-09T16:52:33.563+0000] {logging_mixin.py:188} INFO - [2026-04-09T16:52:33.562+0000] {dagbag.py:538} INFO - Filling up the DagBag from /home/airflow/.local/lib/python3.8/site-packages/airflow/example_dags/example_nested_branch_dag.py
[2026-04-09T16:52:33.575+0000] {processor.py:840} INFO - DAG(s) 'example_nested_branch_dag' retrieved from /home/airflow/.local/lib/python3.8/site-packages/airflow/example_dags/example_nested_branch_dag.py
[2026-04-09T16:52:33.607+0000] {logging_mixin.py:188} INFO - [2026-04-09T16:52:33.607+0000] {dag.py:3036} INFO - Sync 1 DAGs
[2026-04-09T16:52:33.642+0000] {logging_mixin.py:188} INFO - [2026-04-09T16:52:33.641+0000] {dag.py:3823} INFO - Setting next_dagrun for example_nested_branch_dag to 2026-04-08 00:00:00+00:00, run_after=2026-04-09 00:00:00+00:00
[2026-04-09T16:52:33.675+0000] {processor.py:183} INFO - Processing /home/airflow/.local/lib/python3.8/site-packages/airflow/example_dags/example_nested_branch_dag.py took 0.124 seconds
[2026-04-09T16:53:03.888+0000] {processor.py:161} INFO - Started process (PID=984) to work on /home/airflow/.local/lib/python3.8/site-packages/airflow/example_dags/example_nested_branch_dag.py
[2026-04-09T16:53:03.889+0000] {processor.py:830} INFO - Processing file /home/airflow/.local/lib/python3.8/site-packages/airflow/example_dags/example_nested_branch_dag.py for tasks to queue
[2026-04-09T16:53:03.892+0000] {logging_mixin.py:188} INFO - [2026-04-09T16:53:03.892+0000] {dagbag.py:538} INFO - Filling up the DagBag from /home/airflow/.local/lib/python3.8/site-packages/airflow/example_dags/example_nested_branch_dag.py
[2026-04-09T16:53:03.907+0000] {processor.py:840} INFO - DAG(s) 'example_nested_branch_dag' retrieved from /home/airflow/.local/lib/python3.8/site-packages/airflow/example_dags/example_nested_branch_dag.py
[2026-04-09T16:53:03.933+0000] {logging_mixin.py:188} INFO - [2026-04-09T16:53:03.933+0000] {dag.py:3036} INFO - Sync 1 DAGs
[2026-04-09T16:53:03.960+0000] {logging_mixin.py:188} INFO - [2026-04-09T16:53:03.960+0000] {dag.py:3823} INFO - Setting next_dagrun for example_nested_branch_dag to 2026-04-08 00:00:00+00:00, run_after=2026-04-09 00:00:00+00:00
[2026-04-09T16:53:03.994+0000] {processor.py:183} INFO - Processing /home/airflow/.local/lib/python3.8/site-packages/airflow/example_dags/example_nested_branch_dag.py took 0.111 seconds
[2026-04-09T16:53:34.339+0000] {processor.py:161} INFO - Started process (PID=1041) to work on /home/airflow/.local/lib/python3.8/site-packages/airflow/example_dags/example_nested_branch_dag.py
[2026-04-09T16:53:34.340+0000] {processor.py:830} INFO - Processing file /home/airflow/.local/lib/python3.8/site-packages/airflow/example_dags/example_nested_branch_dag.py for tasks to queue
[2026-04-09T16:53:34.342+0000] {logging_mixin.py:188} INFO - [2026-04-09T16:53:34.342+0000] {dagbag.py:538} INFO - Filling up the DagBag from /home/airflow/.local/lib/python3.8/site-packages/airflow/example_dags/example_nested_branch_dag.py
[2026-04-09T16:53:34.352+0000] {processor.py:840} INFO - DAG(s) 'example_nested_branch_dag' retrieved from /home/airflow/.local/lib/python3.8/site-packages/airflow/example_dags/example_nested_branch_dag.py
[2026-04-09T16:53:34.377+0000] {logging_mixin.py:188} INFO - [2026-04-09T16:53:34.377+0000] {dag.py:3036} INFO - Sync 1 DAGs
[2026-04-09T16:53:34.401+0000] {logging_mixin.py:188} INFO - [2026-04-09T16:53:34.400+0000] {dag.py:3823} INFO - Setting next_dagrun for example_nested_branch_dag to 2026-04-08 00:00:00+00:00, run_after=2026-04-09 00:00:00+00:00
[2026-04-09T16:53:34.428+0000] {processor.py:183} INFO - Processing /home/airflow/.local/lib/python3.8/site-packages/airflow/example_dags/example_nested_branch_dag.py took 0.093 seconds
[2026-04-09T16:54:04.763+0000] {processor.py:161} INFO - Started process (PID=1098) to work on /home/airflow/.local/lib/python3.8/site-packages/airflow/example_dags/example_nested_branch_dag.py
[2026-04-09T16:54:04.765+0000] {processor.py:830} INFO - Processing file /home/airflow/.local/lib/python3.8/site-packages/airflow/example_dags/example_nested_branch_dag.py for tasks to queue
[2026-04-09T16:54:04.768+0000] {logging_mixin.py:188} INFO - [2026-04-09T16:54:04.767+0000] {dagbag.py:538} INFO - Filling up the DagBag from /home/airflow/.local/lib/python3.8/site-packages/airflow/example_dags/example_nested_branch_dag.py
[2026-04-09T16:54:04.779+0000] {processor.py:840} INFO - DAG(s) 'example_nested_branch_dag' retrieved from /home/airflow/.local/lib/python3.8/site-packages/airflow/example_dags/example_nested_branch_dag.py
[2026-04-09T16:54:04.802+0000] {logging_mixin.py:188} INFO - [2026-04-09T16:54:04.802+0000] {dag.py:3036} INFO - Sync 1 DAGs
[2026-04-09T16:54:04.829+0000] {logging_mixin.py:188} INFO - [2026-04-09T16:54:04.828+0000] {dag.py:3823} INFO - Setting next_dagrun for example_nested_branch_dag to 2026-04-08 00:00:00+00:00, run_after=2026-04-09 00:00:00+00:00
[2026-04-09T16:54:04.853+0000] {processor.py:183} INFO - Processing /home/airflow/.local/lib/python3.8/site-packages/airflow/example_dags/example_nested_branch_dag.py took 0.094 seconds
[2026-04-09T16:54:35.041+0000] {processor.py:161} INFO - Started process (PID=1155) to work on /home/airflow/.local/lib/python3.8/site-packages/airflow/example_dags/example_nested_branch_dag.py
[2026-04-09T16:54:35.043+0000] {processor.py:830} INFO - Processing file /home/airflow/.local/lib/python3.8/site-packages/airflow/example_dags/example_nested_branch_dag.py for tasks to queue
[2026-04-09T16:54:35.045+0000] {logging_mixin.py:188} INFO - [2026-04-09T16:54:35.045+0000] {dagbag.py:538} INFO - Filling up the DagBag from /home/airflow/.local/lib/python3.8/site-packages/airflow/example_dags/example_nested_branch_dag.py
[2026-04-09T16:54:35.057+0000] {processor.py:840} INFO - DAG(s) 'example_nested_branch_dag' retrieved from /home/airflow/.local/lib/python3.8/site-packages/airflow/example_dags/example_nested_branch_dag.py
[2026-04-09T16:54:35.082+0000] {logging_mixin.py:188} INFO - [2026-04-09T16:54:35.082+0000] {dag.py:3036} INFO - Sync 1 DAGs
[2026-04-09T16:54:35.105+0000] {logging_mixin.py:188} INFO - [2026-04-09T16:54:35.105+0000] {dag.py:3823} INFO - Setting next_dagrun for example_nested_branch_dag to 2026-04-08 00:00:00+00:00, run_after=2026-04-09 00:00:00+00:00
[2026-04-09T16:54:35.129+0000] {processor.py:183} INFO - Processing /home/airflow/.local/lib/python3.8/site-packages/airflow/example_dags/example_nested_branch_dag.py took 0.091 seconds
[2026-04-09T16:55:05.455+0000] {processor.py:161} INFO - Started process (PID=1212) to work on /home/airflow/.local/lib/python3.8/site-packages/airflow/example_dags/example_nested_branch_dag.py
[2026-04-09T16:55:05.456+0000] {processor.py:830} INFO - Processing file /home/airflow/.local/lib/python3.8/site-packages/airflow/example_dags/example_nested_branch_dag.py for tasks to queue
[2026-04-09T16:55:05.459+0000] {logging_mixin.py:188} INFO - [2026-04-09T16:55:05.458+0000] {dagbag.py:538} INFO - Filling up the DagBag from /home/airflow/.local/lib/python3.8/site-packages/airflow/example_dags/example_nested_branch_dag.py
[2026-04-09T16:55:05.468+0000] {processor.py:840} INFO - DAG(s) 'example_nested_branch_dag' retrieved from /home/airflow/.local/lib/python3.8/site-packages/airflow/example_dags/example_nested_branch_dag.py
[2026-04-09T16:55:05.497+0000] {logging_mixin.py:188} INFO - [2026-04-09T16:55:05.496+0000] {dag.py:3036} INFO - Sync 1 DAGs
[2026-04-09T16:55:05.524+0000] {logging_mixin.py:188} INFO - [2026-04-09T16:55:05.524+0000] {dag.py:3823} INFO - Setting next_dagrun for example_nested_branch_dag to 2026-04-08 00:00:00+00:00, run_after=2026-04-09 00:00:00+00:00
[2026-04-09T16:55:05.549+0000] {processor.py:183} INFO - Processing /home/airflow/.local/lib/python3.8/site-packages/airflow/example_dags/example_nested_branch_dag.py took 0.097 seconds
[2026-04-09T16:55:35.699+0000] {processor.py:161} INFO - Started process (PID=1269) to work on /home/airflow/.local/lib/python3.8/site-packages/airflow/example_dags/example_nested_branch_dag.py
[2026-04-09T16:55:35.701+0000] {processor.py:830} INFO - Processing file /home/airflow/.local/lib/python3.8/site-packages/airflow/example_dags/example_nested_branch_dag.py for tasks to queue
[2026-04-09T16:55:35.703+0000] {logging_mixin.py:188} INFO - [2026-04-09T16:55:35.703+0000] {dagbag.py:538} INFO - Filling up the DagBag from /home/airflow/.local/lib/python3.8/site-packages/airflow/example_dags/example_nested_branch_dag.py
[2026-04-09T16:55:35.715+0000] {processor.py:840} INFO - DAG(s) 'example_nested_branch_dag' retrieved from /home/airflow/.local/lib/python3.8/site-packages/airflow/example_dags/example_nested_branch_dag.py
[2026-04-09T16:55:35.741+0000] {logging_mixin.py:188} INFO - [2026-04-09T16:55:35.741+0000] {dag.py:3036} INFO - Sync 1 DAGs
[2026-04-09T16:55:35.762+0000] {logging_mixin.py:188} INFO - [2026-04-09T16:55:35.762+0000] {dag.py:3823} INFO - Setting next_dagrun for example_nested_branch_dag to 2026-04-08 00:00:00+00:00, run_after=2026-04-09 00:00:00+00:00
[2026-04-09T16:55:35.788+0000] {processor.py:183} INFO - Processing /home/airflow/.local/lib/python3.8/site-packages/airflow/example_dags/example_nested_branch_dag.py took 0.091 seconds
[2026-04-09T16:56:06.236+0000] {processor.py:161} INFO - Started process (PID=1326) to work on /home/airflow/.local/lib/python3.8/site-packages/airflow/example_dags/example_nested_branch_dag.py
[2026-04-09T16:56:06.237+0000] {processor.py:830} INFO - Processing file /home/airflow/.local/lib/python3.8/site-packages/airflow/example_dags/example_nested_branch_dag.py for tasks to queue
[2026-04-09T16:56:06.239+0000] {logging_mixin.py:188} INFO - [2026-04-09T16:56:06.239+0000] {dagbag.py:538} INFO - Filling up the DagBag from /home/airflow/.local/lib/python3.8/site-packages/airflow/example_dags/example_nested_branch_dag.py
[2026-04-09T16:56:06.249+0000] {processor.py:840} INFO - DAG(s) 'example_nested_branch_dag' retrieved from /home/airflow/.local/lib/python3.8/site-packages/airflow/example_dags/example_nested_branch_dag.py
[2026-04-09T16:56:06.272+0000] {logging_mixin.py:188} INFO - [2026-04-09T16:56:06.272+0000] {dag.py:3036} INFO - Sync 1 DAGs
[2026-04-09T16:56:06.294+0000] {logging_mixin.py:188} INFO - [2026-04-09T16:56:06.294+0000] {dag.py:3823} INFO - Setting next_dagrun for example_nested_branch_dag to 2026-04-08 00:00:00+00:00, run_after=2026-04-09 00:00:00+00:00
[2026-04-09T16:56:06.318+0000] {processor.py:183} INFO - Processing /home/airflow/.local/lib/python3.8/site-packages/airflow/example_dags/example_nested_branch_dag.py took 0.085 seconds
[2026-04-09T16:56:36.685+0000] {processor.py:161} INFO - Started process (PID=1384) to work on /home/airflow/.local/lib/python3.8/site-packages/airflow/example_dags/example_nested_branch_dag.py
[2026-04-09T16:56:36.687+0000] {processor.py:830} INFO - Processing file /home/airflow/.local/lib/python3.8/site-packages/airflow/example_dags/example_nested_branch_dag.py for tasks to queue
[2026-04-09T16:56:36.689+0000] {logging_mixin.py:188} INFO - [2026-04-09T16:56:36.689+0000] {dagbag.py:538} INFO - Filling up the DagBag from /home/airflow/.local/lib/python3.8/site-packages/airflow/example_dags/example_nested_branch_dag.py
[2026-04-09T16:56:36.701+0000] {processor.py:840} INFO - DAG(s) 'example_nested_branch_dag' retrieved from /home/airflow/.local/lib/python3.8/site-packages/airflow/example_dags/example_nested_branch_dag.py
[2026-04-09T16:56:36.730+0000] {logging_mixin.py:188} INFO - [2026-04-09T16:56:36.730+0000] {dag.py:3036} INFO - Sync 1 DAGs
[2026-04-09T16:56:36.757+0000] {logging_mixin.py:188} INFO - [2026-04-09T16:56:36.757+0000] {dag.py:3823} INFO - Setting next_dagrun for example_nested_branch_dag to 2026-04-08 00:00:00+00:00, run_after=2026-04-09 00:00:00+00:00
[2026-04-09T16:56:36.782+0000] {processor.py:183} INFO - Processing /home/airflow/.local/lib/python3.8/site-packages/airflow/example_dags/example_nested_branch_dag.py took 0.101 seconds
[2026-04-09T16:57:07.094+0000] {processor.py:161} INFO - Started process (PID=1441) to work on /home/airflow/.local/lib/python3.8/site-packages/airflow/example_dags/example_nested_branch_dag.py
[2026-04-09T16:57:07.095+0000] {processor.py:830} INFO - Processing file /home/airflow/.local/lib/python3.8/site-packages/airflow/example_dags/example_nested_branch_dag.py for tasks to queue
[2026-04-09T16:57:07.098+0000] {logging_mixin.py:188} INFO - [2026-04-09T16:57:07.098+0000] {dagbag.py:538} INFO - Filling up the DagBag from /home/airflow/.local/lib/python3.8/site-packages/airflow/example_dags/example_nested_branch_dag.py
[2026-04-09T16:57:07.108+0000] {processor.py:840} INFO - DAG(s) 'example_nested_branch_dag' retrieved from /home/airflow/.local/lib/python3.8/site-packages/airflow/example_dags/example_nested_branch_dag.py
[2026-04-09T16:57:07.135+0000] {logging_mixin.py:188} INFO - [2026-04-09T16:57:07.134+0000] {dag.py:3036} INFO - Sync 1 DAGs
[2026-04-09T16:57:07.170+0000] {logging_mixin.py:188} INFO - [2026-04-09T16:57:07.169+0000] {dag.py:3823} INFO - Setting next_dagrun for example_nested_branch_dag to 2026-04-08 00:00:00+00:00, run_after=2026-04-09 00:00:00+00:00
[2026-04-09T16:57:07.206+0000] {processor.py:183} INFO - Processing /home/airflow/.local/lib/python3.8/site-packages/airflow/example_dags/example_nested_branch_dag.py took 0.114 seconds
[2026-04-09T16:57:37.438+0000] {processor.py:161} INFO - Started process (PID=1498) to work on /home/airflow/.local/lib/python3.8/site-packages/airflow/example_dags/example_nested_branch_dag.py
[2026-04-09T16:57:37.440+0000] {processor.py:830} INFO - Processing file /home/airflow/.local/lib/python3.8/site-packages/airflow/example_dags/example_nested_branch_dag.py for tasks to queue
[2026-04-09T16:57:37.442+0000] {logging_mixin.py:188} INFO - [2026-04-09T16:57:37.441+0000] {dagbag.py:538} INFO - Filling up the DagBag from /home/airflow/.local/lib/python3.8/site-packages/airflow/example_dags/example_nested_branch_dag.py
[2026-04-09T16:57:37.452+0000] {processor.py:840} INFO - DAG(s) 'example_nested_branch_dag' retrieved from /home/airflow/.local/lib/python3.8/site-packages/airflow/example_dags/example_nested_branch_dag.py
[2026-04-09T16:57:37.475+0000] {logging_mixin.py:188} INFO - [2026-04-09T16:57:37.475+0000] {dag.py:3036} INFO - Sync 1 DAGs
[2026-04-09T16:57:37.499+0000] {logging_mixin.py:188} INFO - [2026-04-09T16:57:37.498+0000] {dag.py:3823} INFO - Setting next_dagrun for example_nested_branch_dag to 2026-04-08 00:00:00+00:00, run_after=2026-04-09 00:00:00+00:00
[2026-04-09T16:57:37.525+0000] {processor.py:183} INFO - Processing /home/airflow/.local/lib/python3.8/site-packages/airflow/example_dags/example_nested_branch_dag.py took 0.090 seconds
[2026-04-09T16:58:08.086+0000] {processor.py:161} INFO - Started process (PID=1555) to work on /home/airflow/.local/lib/python3.8/site-packages/airflow/example_dags/example_nested_branch_dag.py
[2026-04-09T16:58:08.088+0000] {processor.py:830} INFO - Processing file /home/airflow/.local/lib/python3.8/site-packages/airflow/example_dags/example_nested_branch_dag.py for tasks to queue
[2026-04-09T16:58:08.090+0000] {logging_mixin.py:188} INFO - [2026-04-09T16:58:08.089+0000] {dagbag.py:538} INFO - Filling up the DagBag from /home/airflow/.local/lib/python3.8/site-packages/airflow/example_dags/example_nested_branch_dag.py
[2026-04-09T16:58:08.101+0000] {processor.py:840} INFO - DAG(s) 'example_nested_branch_dag' retrieved from /home/airflow/.local/lib/python3.8/site-packages/airflow/example_dags/example_nested_branch_dag.py
[2026-04-09T16:58:08.128+0000] {logging_mixin.py:188} INFO - [2026-04-09T16:58:08.128+0000] {dag.py:3036} INFO - Sync 1 DAGs
[2026-04-09T16:58:08.157+0000] {logging_mixin.py:188} INFO - [2026-04-09T16:58:08.156+0000] {dag.py:3823} INFO - Setting next_dagrun for example_nested_branch_dag to 2026-04-08 00:00:00+00:00, run_after=2026-04-09 00:00:00+00:00
[2026-04-09T16:58:08.184+0000] {processor.py:183} INFO - Processing /home/airflow/.local/lib/python3.8/site-packages/airflow/example_dags/example_nested_branch_dag.py took 0.101 seconds
[2026-04-09T16:58:38.370+0000] {processor.py:161} INFO - Started process (PID=1612) to work on /home/airflow/.local/lib/python3.8/site-packages/airflow/example_dags/example_nested_branch_dag.py
[2026-04-09T16:58:38.371+0000] {processor.py:830} INFO - Processing file /home/airflow/.local/lib/python3.8/site-packages/airflow/example_dags/example_nested_branch_dag.py for tasks to queue
[2026-04-09T16:58:38.373+0000] {logging_mixin.py:188} INFO - [2026-04-09T16:58:38.373+0000] {dagbag.py:538} INFO - Filling up the DagBag from /home/airflow/.local/lib/python3.8/site-packages/airflow/example_dags/example_nested_branch_dag.py
[2026-04-09T16:58:38.384+0000] {processor.py:840} INFO - DAG(s) 'example_nested_branch_dag' retrieved from /home/airflow/.local/lib/python3.8/site-packages/airflow/example_dags/example_nested_branch_dag.py
[2026-04-09T16:58:38.408+0000] {logging_mixin.py:188} INFO - [2026-04-09T16:58:38.407+0000] {dag.py:3036} INFO - Sync 1 DAGs
[2026-04-09T16:58:38.432+0000] {logging_mixin.py:188} INFO - [2026-04-09T16:58:38.431+0000] {dag.py:3823} INFO - Setting next_dagrun for example_nested_branch_dag to 2026-04-08 00:00:00+00:00, run_after=2026-04-09 00:00:00+00:00
[2026-04-09T16:58:38.459+0000] {processor.py:183} INFO - Processing /home/airflow/.local/lib/python3.8/site-packages/airflow/example_dags/example_nested_branch_dag.py took 0.093 seconds
[2026-04-09T16:59:08.878+0000] {processor.py:161} INFO - Started process (PID=1669) to work on /home/airflow/.local/lib/python3.8/site-packages/airflow/example_dags/example_nested_branch_dag.py
[2026-04-09T16:59:08.880+0000] {processor.py:830} INFO - Processing file /home/airflow/.local/lib/python3.8/site-packages/airflow/example_dags/example_nested_branch_dag.py for tasks to queue
[2026-04-09T16:59:08.882+0000] {logging_mixin.py:188} INFO - [2026-04-09T16:59:08.882+0000] {dagbag.py:538} INFO - Filling up the DagBag from /home/airflow/.local/lib/python3.8/site-packages/airflow/example_dags/example_nested_branch_dag.py
[2026-04-09T16:59:08.893+0000] {processor.py:840} INFO - DAG(s) 'example_nested_branch_dag' retrieved from /home/airflow/.local/lib/python3.8/site-packages/airflow/example_dags/example_nested_branch_dag.py
[2026-04-09T16:59:08.918+0000] {logging_mixin.py:188} INFO - [2026-04-09T16:59:08.917+0000] {dag.py:3036} INFO - Sync 1 DAGs
[2026-04-09T16:59:08.943+0000] {logging_mixin.py:188} INFO - [2026-04-09T16:59:08.943+0000] {dag.py:3823} INFO - Setting next_dagrun for example_nested_branch_dag to 2026-04-08 00:00:00+00:00, run_after=2026-04-09 00:00:00+00:00
[2026-04-09T16:59:08.969+0000] {processor.py:183} INFO - Processing /home/airflow/.local/lib/python3.8/site-packages/airflow/example_dags/example_nested_branch_dag.py took 0.094 seconds
[2026-04-09T16:59:39.325+0000] {processor.py:161} INFO - Started process (PID=1732) to work on /home/airflow/.local/lib/python3.8/site-packages/airflow/example_dags/example_nested_branch_dag.py
[2026-04-09T16:59:39.327+0000] {processor.py:830} INFO - Processing file /home/airflow/.local/lib/python3.8/site-packages/airflow/example_dags/example_nested_branch_dag.py for tasks to queue
[2026-04-09T16:59:39.329+0000] {logging_mixin.py:188} INFO - [2026-04-09T16:59:39.329+0000] {dagbag.py:538} INFO - Filling up the DagBag from /home/airflow/.local/lib/python3.8/site-packages/airflow/example_dags/example_nested_branch_dag.py
[2026-04-09T16:59:39.355+0000] {processor.py:840} INFO - DAG(s) 'example_nested_branch_dag' retrieved from /home/airflow/.local/lib/python3.8/site-packages/airflow/example_dags/example_nested_branch_dag.py
[2026-04-09T16:59:39.395+0000] {logging_mixin.py:188} INFO - [2026-04-09T16:59:39.395+0000] {dag.py:3036} INFO - Sync 1 DAGs
[2026-04-09T16:59:39.435+0000] {logging_mixin.py:188} INFO - [2026-04-09T16:59:39.434+0000] {dag.py:3823} INFO - Setting next_dagrun for example_nested_branch_dag to 2026-04-08 00:00:00+00:00, run_after=2026-04-09 00:00:00+00:00
[2026-04-09T16:59:39.477+0000] {processor.py:183} INFO - Processing /home/airflow/.local/lib/python3.8/site-packages/airflow/example_dags/example_nested_branch_dag.py took 0.156 seconds
[2026-04-09T17:00:09.781+0000] {processor.py:161} INFO - Started process (PID=1789) to work on /home/airflow/.local/lib/python3.8/site-packages/airflow/example_dags/example_nested_branch_dag.py
[2026-04-09T17:00:09.782+0000] {processor.py:830} INFO - Processing file /home/airflow/.local/lib/python3.8/site-packages/airflow/example_dags/example_nested_branch_dag.py for tasks to queue
[2026-04-09T17:00:09.784+0000] {logging_mixin.py:188} INFO - [2026-04-09T17:00:09.784+0000] {dagbag.py:538} INFO - Filling up the DagBag from /home/airflow/.local/lib/python3.8/site-packages/airflow/example_dags/example_nested_branch_dag.py
[2026-04-09T17:00:09.794+0000] {processor.py:840} INFO - DAG(s) 'example_nested_branch_dag' retrieved from /home/airflow/.local/lib/python3.8/site-packages/airflow/example_dags/example_nested_branch_dag.py
[2026-04-09T17:00:09.823+0000] {logging_mixin.py:188} INFO - [2026-04-09T17:00:09.822+0000] {dag.py:3036} INFO - Sync 1 DAGs
[2026-04-09T17:00:09.851+0000] {logging_mixin.py:188} INFO - [2026-04-09T17:00:09.850+0000] {dag.py:3823} INFO - Setting next_dagrun for example_nested_branch_dag to 2026-04-08 00:00:00+00:00, run_after=2026-04-09 00:00:00+00:00
[2026-04-09T17:00:09.875+0000] {processor.py:183} INFO - Processing /home/airflow/.local/lib/python3.8/site-packages/airflow/example_dags/example_nested_branch_dag.py took 0.097 seconds
[2026-04-09T17:00:40.103+0000] {processor.py:161} INFO - Started process (PID=1846) to work on /home/airflow/.local/lib/python3.8/site-packages/airflow/example_dags/example_nested_branch_dag.py
[2026-04-09T17:00:40.105+0000] {processor.py:830} INFO - Processing file /home/airflow/.local/lib/python3.8/site-packages/airflow/example_dags/example_nested_branch_dag.py for tasks to queue
[2026-04-09T17:00:40.108+0000] {logging_mixin.py:188} INFO - [2026-04-09T17:00:40.108+0000] {dagbag.py:538} INFO - Filling up the DagBag from /home/airflow/.local/lib/python3.8/site-packages/airflow/example_dags/example_nested_branch_dag.py
[2026-04-09T17:00:40.124+0000] {processor.py:840} INFO - DAG(s) 'example_nested_branch_dag' retrieved from /home/airflow/.local/lib/python3.8/site-packages/airflow/example_dags/example_nested_branch_dag.py
[2026-04-09T17:00:40.157+0000] {logging_mixin.py:188} INFO - [2026-04-09T17:00:40.157+0000] {dag.py:3036} INFO - Sync 1 DAGs
[2026-04-09T17:00:40.188+0000] {logging_mixin.py:188} INFO - [2026-04-09T17:00:40.187+0000] {dag.py:3823} INFO - Setting next_dagrun for example_nested_branch_dag to 2026-04-08 00:00:00+00:00, run_after=2026-04-09 00:00:00+00:00
[2026-04-09T17:00:40.215+0000] {processor.py:183} INFO - Processing /home/airflow/.local/lib/python3.8/site-packages/airflow/example_dags/example_nested_branch_dag.py took 0.119 seconds
[2026-04-09T17:01:10.452+0000] {processor.py:161} INFO - Started process (PID=1903) to work on /home/airflow/.local/lib/python3.8/site-packages/airflow/example_dags/example_nested_branch_dag.py
[2026-04-09T17:01:10.453+0000] {processor.py:830} INFO - Processing file /home/airflow/.local/lib/python3.8/site-packages/airflow/example_dags/example_nested_branch_dag.py for tasks to queue
[2026-04-09T17:01:10.455+0000] {logging_mixin.py:188} INFO - [2026-04-09T17:01:10.455+0000] {dagbag.py:538} INFO - Filling up the DagBag from /home/airflow/.local/lib/python3.8/site-packages/airflow/example_dags/example_nested_branch_dag.py
[2026-04-09T17:01:10.465+0000] {processor.py:840} INFO - DAG(s) 'example_nested_branch_dag' retrieved from /home/airflow/.local/lib/python3.8/site-packages/airflow/example_dags/example_nested_branch_dag.py
[2026-04-09T17:01:10.490+0000] {logging_mixin.py:188} INFO - [2026-04-09T17:01:10.490+0000] {dag.py:3036} INFO - Sync 1 DAGs
[2026-04-09T17:01:10.515+0000] {logging_mixin.py:188} INFO - [2026-04-09T17:01:10.515+0000] {dag.py:3823} INFO - Setting next_dagrun for example_nested_branch_dag to 2026-04-08 00:00:00+00:00, run_after=2026-04-09 00:00:00+00:00
[2026-04-09T17:01:10.542+0000] {processor.py:183} INFO - Processing /home/airflow/.local/lib/python3.8/site-packages/airflow/example_dags/example_nested_branch_dag.py took 0.093 seconds
[2026-04-09T17:01:40.731+0000] {processor.py:161} INFO - Started process (PID=1958) to work on /home/airflow/.local/lib/python3.8/site-packages/airflow/example_dags/example_nested_branch_dag.py
[2026-04-09T17:01:40.732+0000] {processor.py:830} INFO - Processing file /home/airflow/.local/lib/python3.8/site-packages/airflow/example_dags/example_nested_branch_dag.py for tasks to queue
[2026-04-09T17:01:40.734+0000] {logging_mixin.py:188} INFO - [2026-04-09T17:01:40.734+0000] {dagbag.py:538} INFO - Filling up the DagBag from /home/airflow/.local/lib/python3.8/site-packages/airflow/example_dags/example_nested_branch_dag.py
[2026-04-09T17:01:40.747+0000] {processor.py:840} INFO - DAG(s) 'example_nested_branch_dag' retrieved from /home/airflow/.local/lib/python3.8/site-packages/airflow/example_dags/example_nested_branch_dag.py
[2026-04-09T17:01:40.773+0000] {logging_mixin.py:188} INFO - [2026-04-09T17:01:40.772+0000] {dag.py:3036} INFO - Sync 1 DAGs
[2026-04-09T17:01:40.797+0000] {logging_mixin.py:188} INFO - [2026-04-09T17:01:40.797+0000] {dag.py:3823} INFO - Setting next_dagrun for example_nested_branch_dag to 2026-04-08 00:00:00+00:00, run_after=2026-04-09 00:00:00+00:00
[2026-04-09T17:01:40.822+0000] {processor.py:183} INFO - Processing /home/airflow/.local/lib/python3.8/site-packages/airflow/example_dags/example_nested_branch_dag.py took 0.094 seconds
[2026-04-09T17:02:11.301+0000] {processor.py:161} INFO - Started process (PID=2015) to work on /home/airflow/.local/lib/python3.8/site-packages/airflow/example_dags/example_nested_branch_dag.py
[2026-04-09T17:02:11.303+0000] {processor.py:830} INFO - Processing file /home/airflow/.local/lib/python3.8/site-packages/airflow/example_dags/example_nested_branch_dag.py for tasks to queue
[2026-04-09T17:02:11.306+0000] {logging_mixin.py:188} INFO - [2026-04-09T17:02:11.305+0000] {dagbag.py:538} INFO - Filling up the DagBag from /home/airflow/.local/lib/python3.8/site-packages/airflow/example_dags/example_nested_branch_dag.py
[2026-04-09T17:02:11.320+0000] {processor.py:840} INFO - DAG(s) 'example_nested_branch_dag' retrieved from /home/airflow/.local/lib/python3.8/site-packages/airflow/example_dags/example_nested_branch_dag.py
[2026-04-09T17:02:11.352+0000] {logging_mixin.py:188} INFO - [2026-04-09T17:02:11.351+0000] {dag.py:3036} INFO - Sync 1 DAGs
[2026-04-09T17:02:11.384+0000] {logging_mixin.py:188} INFO - [2026-04-09T17:02:11.384+0000] {dag.py:3823} INFO - Setting next_dagrun for example_nested_branch_dag to 2026-04-08 00:00:00+00:00, run_after=2026-04-09 00:00:00+00:00
[2026-04-09T17:02:11.410+0000] {processor.py:183} INFO - Processing /home/airflow/.local/lib/python3.8/site-packages/airflow/example_dags/example_nested_branch_dag.py took 0.116 seconds
[2026-04-09T17:02:41.813+0000] {processor.py:161} INFO - Started process (PID=2072) to work on /home/airflow/.local/lib/python3.8/site-packages/airflow/example_dags/example_nested_branch_dag.py
[2026-04-09T17:02:41.815+0000] {processor.py:830} INFO - Processing file /home/airflow/.local/lib/python3.8/site-packages/airflow/example_dags/example_nested_branch_dag.py for tasks to queue
[2026-04-09T17:02:41.817+0000] {logging_mixin.py:188} INFO - [2026-04-09T17:02:41.816+0000] {dagbag.py:538} INFO - Filling up the DagBag from /home/airflow/.local/lib/python3.8/site-packages/airflow/example_dags/example_nested_branch_dag.py
[2026-04-09T17:02:41.827+0000] {processor.py:840} INFO - DAG(s) 'example_nested_branch_dag' retrieved from /home/airflow/.local/lib/python3.8/site-packages/airflow/example_dags/example_nested_branch_dag.py
[2026-04-09T17:02:41.852+0000] {logging_mixin.py:188} INFO - [2026-04-09T17:02:41.851+0000] {dag.py:3036} INFO - Sync 1 DAGs
[2026-04-09T17:02:41.877+0000] {logging_mixin.py:188} INFO - [2026-04-09T17:02:41.876+0000] {dag.py:3823} INFO - Setting next_dagrun for example_nested_branch_dag to 2026-04-08 00:00:00+00:00, run_after=2026-04-09 00:00:00+00:00
[2026-04-09T17:02:41.901+0000] {processor.py:183} INFO - Processing /home/airflow/.local/lib/python3.8/site-packages/airflow/example_dags/example_nested_branch_dag.py took 0.091 seconds
[2026-04-09T17:03:12.901+0000] {processor.py:161} INFO - Started process (PID=2129) to work on /home/airflow/.local/lib/python3.8/site-packages/airflow/example_dags/example_nested_branch_dag.py
[2026-04-09T17:03:12.902+0000] {processor.py:830} INFO - Processing file /home/airflow/.local/lib/python3.8/site-packages/airflow/example_dags/example_nested_branch_dag.py for tasks to queue
[2026-04-09T17:03:12.904+0000] {logging_mixin.py:188} INFO - [2026-04-09T17:03:12.904+0000] {dagbag.py:538} INFO - Filling up the DagBag from /home/airflow/.local/lib/python3.8/site-packages/airflow/example_dags/example_nested_branch_dag.py
[2026-04-09T17:03:12.916+0000] {processor.py:840} INFO - DAG(s) 'example_nested_branch_dag' retrieved from /home/airflow/.local/lib/python3.8/site-packages/airflow/example_dags/example_nested_branch_dag.py
[2026-04-09T17:03:12.938+0000] {logging_mixin.py:188} INFO - [2026-04-09T17:03:12.937+0000] {dag.py:3036} INFO - Sync 1 DAGs
[2026-04-09T17:03:12.963+0000] {logging_mixin.py:188} INFO - [2026-04-09T17:03:12.963+0000] {dag.py:3823} INFO - Setting next_dagrun for example_nested_branch_dag to 2026-04-08 00:00:00+00:00, run_after=2026-04-09 00:00:00+00:00
[2026-04-09T17:03:12.993+0000] {processor.py:183} INFO - Processing /home/airflow/.local/lib/python3.8/site-packages/airflow/example_dags/example_nested_branch_dag.py took 0.095 seconds
[2026-04-09T17:03:43.414+0000] {processor.py:161} INFO - Started process (PID=2186) to work on /home/airflow/.local/lib/python3.8/site-packages/airflow/example_dags/example_nested_branch_dag.py
[2026-04-09T17:03:43.415+0000] {processor.py:830} INFO - Processing file /home/airflow/.local/lib/python3.8/site-packages/airflow/example_dags/example_nested_branch_dag.py for tasks to queue
[2026-04-09T17:03:43.418+0000] {logging_mixin.py:188} INFO - [2026-04-09T17:03:43.418+0000] {dagbag.py:538} INFO - Filling up the DagBag from /home/airflow/.local/lib/python3.8/site-packages/airflow/example_dags/example_nested_branch_dag.py
[2026-04-09T17:03:43.428+0000] {processor.py:840} INFO - DAG(s) 'example_nested_branch_dag' retrieved from /home/airflow/.local/lib/python3.8/site-packages/airflow/example_dags/example_nested_branch_dag.py
[2026-04-09T17:03:43.454+0000] {logging_mixin.py:188} INFO - [2026-04-09T17:03:43.453+0000] {dag.py:3036} INFO - Sync 1 DAGs
[2026-04-09T17:03:43.478+0000] {logging_mixin.py:188} INFO - [2026-04-09T17:03:43.478+0000] {dag.py:3823} INFO - Setting next_dagrun for example_nested_branch_dag to 2026-04-08 00:00:00+00:00, run_after=2026-04-09 00:00:00+00:00
[2026-04-09T17:03:43.502+0000] {processor.py:183} INFO - Processing /home/airflow/.local/lib/python3.8/site-packages/airflow/example_dags/example_nested_branch_dag.py took 0.091 seconds
[2026-04-09T17:04:13.907+0000] {processor.py:161} INFO - Started process (PID=2243) to work on /home/airflow/.local/lib/python3.8/site-packages/airflow/example_dags/example_nested_branch_dag.py
[2026-04-09T17:04:13.909+0000] {processor.py:830} INFO - Processing file /home/airflow/.local/lib/python3.8/site-packages/airflow/example_dags/example_nested_branch_dag.py for tasks to queue
[2026-04-09T17:04:13.911+0000] {logging_mixin.py:188} INFO - [2026-04-09T17:04:13.911+0000] {dagbag.py:538} INFO - Filling up the DagBag from /home/airflow/.local/lib/python3.8/site-packages/airflow/example_dags/example_nested_branch_dag.py
[2026-04-09T17:04:13.924+0000] {processor.py:840} INFO - DAG(s) 'example_nested_branch_dag' retrieved from /home/airflow/.local/lib/python3.8/site-packages/airflow/example_dags/example_nested_branch_dag.py
[2026-04-09T17:04:13.951+0000] {logging_mixin.py:188} INFO - [2026-04-09T17:04:13.951+0000] {dag.py:3036} INFO - Sync 1 DAGs
[2026-04-09T17:04:13.978+0000] {logging_mixin.py:188} INFO - [2026-04-09T17:04:13.978+0000] {dag.py:3823} INFO - Setting next_dagrun for example_nested_branch_dag to 2026-04-08 00:00:00+00:00, run_after=2026-04-09 00:00:00+00:00
[2026-04-09T17:04:14.004+0000] {processor.py:183} INFO - Processing /home/airflow/.local/lib/python3.8/site-packages/airflow/example_dags/example_nested_branch_dag.py took 0.100 seconds
[2026-04-09T17:04:44.657+0000] {processor.py:161} INFO - Started process (PID=2300) to work on /home/airflow/.local/lib/python3.8/site-packages/airflow/example_dags/example_nested_branch_dag.py
[2026-04-09T17:04:44.659+0000] {processor.py:830} INFO - Processing file /home/airflow/.local/lib/python3.8/site-packages/airflow/example_dags/example_nested_branch_dag.py for tasks to queue
[2026-04-09T17:04:44.662+0000] {logging_mixin.py:188} INFO - [2026-04-09T17:04:44.661+0000] {dagbag.py:538} INFO - Filling up the DagBag from /home/airflow/.local/lib/python3.8/site-packages/airflow/example_dags/example_nested_branch_dag.py
[2026-04-09T17:04:44.677+0000] {processor.py:840} INFO - DAG(s) 'example_nested_branch_dag' retrieved from /home/airflow/.local/lib/python3.8/site-packages/airflow/example_dags/example_nested_branch_dag.py
[2026-04-09T17:04:44.708+0000] {logging_mixin.py:188} INFO - [2026-04-09T17:04:44.707+0000] {dag.py:3036} INFO - Sync 1 DAGs
[2026-04-09T17:04:44.734+0000] {logging_mixin.py:188} INFO - [2026-04-09T17:04:44.733+0000] {dag.py:3823} INFO - Setting next_dagrun for example_nested_branch_dag to 2026-04-08 00:00:00+00:00, run_after=2026-04-09 00:00:00+00:00
[2026-04-09T17:04:44.758+0000] {processor.py:183} INFO - Processing /home/airflow/.local/lib/python3.8/site-packages/airflow/example_dags/example_nested_branch_dag.py took 0.105 seconds
[2026-04-09T17:05:15.192+0000] {processor.py:161} INFO - Started process (PID=2357) to work on /home/airflow/.local/lib/python3.8/site-packages/airflow/example_dags/example_nested_branch_dag.py
[2026-04-09T17:05:15.193+0000] {processor.py:830} INFO - Processing file /home/airflow/.local/lib/python3.8/site-packages/airflow/example_dags/example_nested_branch_dag.py for tasks to queue
[2026-04-09T17:05:15.195+0000] {logging_mixin.py:188} INFO - [2026-04-09T17:05:15.195+0000] {dagbag.py:538} INFO - Filling up the DagBag from /home/airflow/.local/lib/python3.8/site-packages/airflow/example_dags/example_nested_branch_dag.py
[2026-04-09T17:05:15.207+0000] {processor.py:840} INFO - DAG(s) 'example_nested_branch_dag' retrieved from /home/airflow/.local/lib/python3.8/site-packages/airflow/example_dags/example_nested_branch_dag.py
[2026-04-09T17:05:15.232+0000] {logging_mixin.py:188} INFO - [2026-04-09T17:05:15.232+0000] {dag.py:3036} INFO - Sync 1 DAGs
[2026-04-09T17:05:15.254+0000] {logging_mixin.py:188} INFO - [2026-04-09T17:05:15.254+0000] {dag.py:3823} INFO - Setting next_dagrun for example_nested_branch_dag to 2026-04-08 00:00:00+00:00, run_after=2026-04-09 00:00:00+00:00
[2026-04-09T17:05:15.279+0000] {processor.py:183} INFO - Processing /home/airflow/.local/lib/python3.8/site-packages/airflow/example_dags/example_nested_branch_dag.py took 0.090 seconds
[2026-04-09T17:05:45.889+0000] {processor.py:161} INFO - Started process (PID=2415) to work on /home/airflow/.local/lib/python3.8/site-packages/airflow/example_dags/example_nested_branch_dag.py
[2026-04-09T17:05:45.890+0000] {processor.py:830} INFO - Processing file /home/airflow/.local/lib/python3.8/site-packages/airflow/example_dags/example_nested_branch_dag.py for tasks to queue
[2026-04-09T17:05:45.893+0000] {logging_mixin.py:188} INFO - [2026-04-09T17:05:45.892+0000] {dagbag.py:538} INFO - Filling up the DagBag from /home/airflow/.local/lib/python3.8/site-packages/airflow/example_dags/example_nested_branch_dag.py
[2026-04-09T17:05:45.903+0000] {processor.py:840} INFO - DAG(s) 'example_nested_branch_dag' retrieved from /home/airflow/.local/lib/python3.8/site-packages/airflow/example_dags/example_nested_branch_dag.py
[2026-04-09T17:05:45.929+0000] {logging_mixin.py:188} INFO - [2026-04-09T17:05:45.928+0000] {dag.py:3036} INFO - Sync 1 DAGs
[2026-04-09T17:05:45.955+0000] {logging_mixin.py:188} INFO - [2026-04-09T17:05:45.955+0000] {dag.py:3823} INFO - Setting next_dagrun for example_nested_branch_dag to 2026-04-08 00:00:00+00:00, run_after=2026-04-09 00:00:00+00:00
[2026-04-09T17:05:45.981+0000] {processor.py:183} INFO - Processing /home/airflow/.local/lib/python3.8/site-packages/airflow/example_dags/example_nested_branch_dag.py took 0.095 seconds
[2026-04-09T17:06:16.825+0000] {processor.py:161} INFO - Started process (PID=2472) to work on /home/airflow/.local/lib/python3.8/site-packages/airflow/example_dags/example_nested_branch_dag.py
[2026-04-09T17:06:16.826+0000] {processor.py:830} INFO - Processing file /home/airflow/.local/lib/python3.8/site-packages/airflow/example_dags/example_nested_branch_dag.py for tasks to queue
[2026-04-09T17:06:16.829+0000] {logging_mixin.py:188} INFO - [2026-04-09T17:06:16.828+0000] {dagbag.py:538} INFO - Filling up the DagBag from /home/airflow/.local/lib/python3.8/site-packages/airflow/example_dags/example_nested_branch_dag.py
[2026-04-09T17:06:16.842+0000] {processor.py:840} INFO - DAG(s) 'example_nested_branch_dag' retrieved from /home/airflow/.local/lib/python3.8/site-packages/airflow/example_dags/example_nested_branch_dag.py
[2026-04-09T17:06:16.872+0000] {logging_mixin.py:188} INFO - [2026-04-09T17:06:16.871+0000] {dag.py:3036} INFO - Sync 1 DAGs
[2026-04-09T17:06:16.904+0000] {logging_mixin.py:188} INFO - [2026-04-09T17:06:16.903+0000] {dag.py:3823} INFO - Setting next_dagrun for example_nested_branch_dag to 2026-04-08 00:00:00+00:00, run_after=2026-04-09 00:00:00+00:00
[2026-04-09T17:06:16.931+0000] {processor.py:183} INFO - Processing /home/airflow/.local/lib/python3.8/site-packages/airflow/example_dags/example_nested_branch_dag.py took 0.109 seconds
[2026-04-09T17:06:47.112+0000] {processor.py:161} INFO - Started process (PID=2529) to work on /home/airflow/.local/lib/python3.8/site-packages/airflow/example_dags/example_nested_branch_dag.py
[2026-04-09T17:06:47.113+0000] {processor.py:830} INFO - Processing file /home/airflow/.local/lib/python3.8/site-packages/airflow/example_dags/example_nested_branch_dag.py for tasks to queue
[2026-04-09T17:06:47.115+0000] {logging_mixin.py:188} INFO - [2026-04-09T17:06:47.115+0000] {dagbag.py:538} INFO - Filling up the DagBag from /home/airflow/.local/lib/python3.8/site-packages/airflow/example_dags/example_nested_branch_dag.py
[2026-04-09T17:06:47.125+0000] {processor.py:840} INFO - DAG(s) 'example_nested_branch_dag' retrieved from /home/airflow/.local/lib/python3.8/site-packages/airflow/example_dags/example_nested_branch_dag.py
[2026-04-09T17:06:47.149+0000] {logging_mixin.py:188} INFO - [2026-04-09T17:06:47.149+0000] {dag.py:3036} INFO - Sync 1 DAGs
[2026-04-09T17:06:47.299+0000] {logging_mixin.py:188} INFO - [2026-04-09T17:06:47.299+0000] {dag.py:3823} INFO - Setting next_dagrun for example_nested_branch_dag to 2026-04-08 00:00:00+00:00, run_after=2026-04-09 00:00:00+00:00
[2026-04-09T17:06:47.322+0000] {processor.py:183} INFO - Processing /home/airflow/.local/lib/python3.8/site-packages/airflow/example_dags/example_nested_branch_dag.py took 0.214 seconds
[2026-04-09T17:07:18.153+0000] {processor.py:161} INFO - Started process (PID=2587) to work on /home/airflow/.local/lib/python3.8/site-packages/airflow/example_dags/example_nested_branch_dag.py
[2026-04-09T17:07:18.155+0000] {processor.py:830} INFO - Processing file /home/airflow/.local/lib/python3.8/site-packages/airflow/example_dags/example_nested_branch_dag.py for tasks to queue
[2026-04-09T17:07:18.156+0000] {logging_mixin.py:188} INFO - [2026-04-09T17:07:18.156+0000] {dagbag.py:538} INFO - Filling up the DagBag from /home/airflow/.local/lib/python3.8/site-packages/airflow/example_dags/example_nested_branch_dag.py
[2026-04-09T17:07:18.167+0000] {processor.py:840} INFO - DAG(s) 'example_nested_branch_dag' retrieved from /home/airflow/.local/lib/python3.8/site-packages/airflow/example_dags/example_nested_branch_dag.py
[2026-04-09T17:07:18.189+0000] {logging_mixin.py:188} INFO - [2026-04-09T17:07:18.189+0000] {dag.py:3036} INFO - Sync 1 DAGs
[2026-04-09T17:07:18.348+0000] {logging_mixin.py:188} INFO - [2026-04-09T17:07:18.348+0000] {dag.py:3823} INFO - Setting next_dagrun for example_nested_branch_dag to 2026-04-08 00:00:00+00:00, run_after=2026-04-09 00:00:00+00:00
[2026-04-09T17:07:18.374+0000] {processor.py:183} INFO - Processing /home/airflow/.local/lib/python3.8/site-packages/airflow/example_dags/example_nested_branch_dag.py took 0.224 seconds
[2026-04-09T17:07:48.745+0000] {processor.py:161} INFO - Started process (PID=2644) to work on /home/airflow/.local/lib/python3.8/site-packages/airflow/example_dags/example_nested_branch_dag.py
[2026-04-09T17:07:48.746+0000] {processor.py:830} INFO - Processing file /home/airflow/.local/lib/python3.8/site-packages/airflow/example_dags/example_nested_branch_dag.py for tasks to queue
[2026-04-09T17:07:48.748+0000] {logging_mixin.py:188} INFO - [2026-04-09T17:07:48.748+0000] {dagbag.py:538} INFO - Filling up the DagBag from /home/airflow/.local/lib/python3.8/site-packages/airflow/example_dags/example_nested_branch_dag.py
[2026-04-09T17:07:48.762+0000] {processor.py:840} INFO - DAG(s) 'example_nested_branch_dag' retrieved from /home/airflow/.local/lib/python3.8/site-packages/airflow/example_dags/example_nested_branch_dag.py
[2026-04-09T17:07:48.785+0000] {logging_mixin.py:188} INFO - [2026-04-09T17:07:48.785+0000] {dag.py:3036} INFO - Sync 1 DAGs
[2026-04-09T17:07:48.810+0000] {logging_mixin.py:188} INFO - [2026-04-09T17:07:48.810+0000] {dag.py:3823} INFO - Setting next_dagrun for example_nested_branch_dag to 2026-04-08 00:00:00+00:00, run_after=2026-04-09 00:00:00+00:00
[2026-04-09T17:07:48.833+0000] {processor.py:183} INFO - Processing /home/airflow/.local/lib/python3.8/site-packages/airflow/example_dags/example_nested_branch_dag.py took 0.092 seconds
[2026-04-09T17:08:19.047+0000] {processor.py:161} INFO - Started process (PID=2701) to work on /home/airflow/.local/lib/python3.8/site-packages/airflow/example_dags/example_nested_branch_dag.py
[2026-04-09T17:08:19.048+0000] {processor.py:830} INFO - Processing file /home/airflow/.local/lib/python3.8/site-packages/airflow/example_dags/example_nested_branch_dag.py for tasks to queue
[2026-04-09T17:08:19.050+0000] {logging_mixin.py:188} INFO - [2026-04-09T17:08:19.050+0000] {dagbag.py:538} INFO - Filling up the DagBag from /home/airflow/.local/lib/python3.8/site-packages/airflow/example_dags/example_nested_branch_dag.py
[2026-04-09T17:08:19.064+0000] {processor.py:840} INFO - DAG(s) 'example_nested_branch_dag' retrieved from /home/airflow/.local/lib/python3.8/site-packages/airflow/example_dags/example_nested_branch_dag.py
[2026-04-09T17:08:19.088+0000] {logging_mixin.py:188} INFO - [2026-04-09T17:08:19.088+0000] {dag.py:3036} INFO - Sync 1 DAGs
[2026-04-09T17:08:19.111+0000] {logging_mixin.py:188} INFO - [2026-04-09T17:08:19.111+0000] {dag.py:3823} INFO - Setting next_dagrun for example_nested_branch_dag to 2026-04-08 00:00:00+00:00, run_after=2026-04-09 00:00:00+00:00
[2026-04-09T17:08:19.135+0000] {processor.py:183} INFO - Processing /home/airflow/.local/lib/python3.8/site-packages/airflow/example_dags/example_nested_branch_dag.py took 0.091 seconds
[2026-04-09T17:08:49.316+0000] {processor.py:161} INFO - Started process (PID=2758) to work on /home/airflow/.local/lib/python3.8/site-packages/airflow/example_dags/example_nested_branch_dag.py
[2026-04-09T17:08:49.317+0000] {processor.py:830} INFO - Processing file /home/airflow/.local/lib/python3.8/site-packages/airflow/example_dags/example_nested_branch_dag.py for tasks to queue
[2026-04-09T17:08:49.320+0000] {logging_mixin.py:188} INFO - [2026-04-09T17:08:49.320+0000] {dagbag.py:538} INFO - Filling up the DagBag from /home/airflow/.local/lib/python3.8/site-packages/airflow/example_dags/example_nested_branch_dag.py
[2026-04-09T17:08:49.330+0000] {processor.py:840} INFO - DAG(s) 'example_nested_branch_dag' retrieved from /home/airflow/.local/lib/python3.8/site-packages/airflow/example_dags/example_nested_branch_dag.py
[2026-04-09T17:08:49.354+0000] {logging_mixin.py:188} INFO - [2026-04-09T17:08:49.354+0000] {dag.py:3036} INFO - Sync 1 DAGs
[2026-04-09T17:08:49.381+0000] {logging_mixin.py:188} INFO - [2026-04-09T17:08:49.380+0000] {dag.py:3823} INFO - Setting next_dagrun for example_nested_branch_dag to 2026-04-08 00:00:00+00:00, run_after=2026-04-09 00:00:00+00:00
[2026-04-09T17:08:49.408+0000] {processor.py:183} INFO - Processing /home/airflow/.local/lib/python3.8/site-packages/airflow/example_dags/example_nested_branch_dag.py took 0.095 seconds
[2026-04-09T17:09:32.422+0000] {processor.py:161} INFO - Started process (PID=2815) to work on /home/airflow/.local/lib/python3.8/site-packages/airflow/example_dags/example_nested_branch_dag.py
[2026-04-09T17:09:32.424+0000] {processor.py:830} INFO - Processing file /home/airflow/.local/lib/python3.8/site-packages/airflow/example_dags/example_nested_branch_dag.py for tasks to queue
[2026-04-09T17:09:32.427+0000] {logging_mixin.py:188} INFO - [2026-04-09T17:09:32.426+0000] {dagbag.py:538} INFO - Filling up the DagBag from /home/airflow/.local/lib/python3.8/site-packages/airflow/example_dags/example_nested_branch_dag.py
[2026-04-09T17:09:32.446+0000] {processor.py:840} INFO - DAG(s) 'example_nested_branch_dag' retrieved from /home/airflow/.local/lib/python3.8/site-packages/airflow/example_dags/example_nested_branch_dag.py
[2026-04-09T17:09:32.476+0000] {logging_mixin.py:188} INFO - [2026-04-09T17:09:32.476+0000] {dag.py:3036} INFO - Sync 1 DAGs
[2026-04-09T17:09:32.504+0000] {logging_mixin.py:188} INFO - [2026-04-09T17:09:32.504+0000] {dag.py:3823} INFO - Setting next_dagrun for example_nested_branch_dag to 2026-04-08 00:00:00+00:00, run_after=2026-04-09 00:00:00+00:00
[2026-04-09T17:09:32.537+0000] {processor.py:183} INFO - Processing /home/airflow/.local/lib/python3.8/site-packages/airflow/example_dags/example_nested_branch_dag.py took 0.120 seconds
[2026-04-09T17:10:05.269+0000] {processor.py:161} INFO - Started process (PID=2872) to work on /home/airflow/.local/lib/python3.8/site-packages/airflow/example_dags/example_nested_branch_dag.py
[2026-04-09T17:10:05.270+0000] {processor.py:830} INFO - Processing file /home/airflow/.local/lib/python3.8/site-packages/airflow/example_dags/example_nested_branch_dag.py for tasks to queue
[2026-04-09T17:10:05.273+0000] {logging_mixin.py:188} INFO - [2026-04-09T17:10:05.272+0000] {dagbag.py:538} INFO - Filling up the DagBag from /home/airflow/.local/lib/python3.8/site-packages/airflow/example_dags/example_nested_branch_dag.py
[2026-04-09T17:10:05.287+0000] {processor.py:840} INFO - DAG(s) 'example_nested_branch_dag' retrieved from /home/airflow/.local/lib/python3.8/site-packages/airflow/example_dags/example_nested_branch_dag.py
[2026-04-09T17:10:05.314+0000] {logging_mixin.py:188} INFO - [2026-04-09T17:10:05.313+0000] {dag.py:3036} INFO - Sync 1 DAGs
[2026-04-09T17:10:05.339+0000] {logging_mixin.py:188} INFO - [2026-04-09T17:10:05.339+0000] {dag.py:3823} INFO - Setting next_dagrun for example_nested_branch_dag to 2026-04-08 00:00:00+00:00, run_after=2026-04-09 00:00:00+00:00
[2026-04-09T17:10:05.370+0000] {processor.py:183} INFO - Processing /home/airflow/.local/lib/python3.8/site-packages/airflow/example_dags/example_nested_branch_dag.py took 0.107 seconds
[2026-04-09T17:10:36.292+0000] {processor.py:161} INFO - Started process (PID=2929) to work on /home/airflow/.local/lib/python3.8/site-packages/airflow/example_dags/example_nested_branch_dag.py
[2026-04-09T17:10:36.293+0000] {processor.py:830} INFO - Processing file /home/airflow/.local/lib/python3.8/site-packages/airflow/example_dags/example_nested_branch_dag.py for tasks to queue
[2026-04-09T17:10:36.296+0000] {logging_mixin.py:188} INFO - [2026-04-09T17:10:36.295+0000] {dagbag.py:538} INFO - Filling up the DagBag from /home/airflow/.local/lib/python3.8/site-packages/airflow/example_dags/example_nested_branch_dag.py
[2026-04-09T17:10:36.307+0000] {processor.py:840} INFO - DAG(s) 'example_nested_branch_dag' retrieved from /home/airflow/.local/lib/python3.8/site-packages/airflow/example_dags/example_nested_branch_dag.py
[2026-04-09T17:10:36.333+0000] {logging_mixin.py:188} INFO - [2026-04-09T17:10:36.332+0000] {dag.py:3036} INFO - Sync 1 DAGs
[2026-04-09T17:10:36.359+0000] {logging_mixin.py:188} INFO - [2026-04-09T17:10:36.359+0000] {dag.py:3823} INFO - Setting next_dagrun for example_nested_branch_dag to 2026-04-08 00:00:00+00:00, run_after=2026-04-09 00:00:00+00:00
[2026-04-09T17:10:36.384+0000] {processor.py:183} INFO - Processing /home/airflow/.local/lib/python3.8/site-packages/airflow/example_dags/example_nested_branch_dag.py took 0.095 seconds
[2026-04-09T17:11:06.860+0000] {processor.py:161} INFO - Started process (PID=2986) to work on /home/airflow/.local/lib/python3.8/site-packages/airflow/example_dags/example_nested_branch_dag.py
[2026-04-09T17:11:06.861+0000] {processor.py:830} INFO - Processing file /home/airflow/.local/lib/python3.8/site-packages/airflow/example_dags/example_nested_branch_dag.py for tasks to queue
[2026-04-09T17:11:06.863+0000] {logging_mixin.py:188} INFO - [2026-04-09T17:11:06.863+0000] {dagbag.py:538} INFO - Filling up the DagBag from /home/airflow/.local/lib/python3.8/site-packages/airflow/example_dags/example_nested_branch_dag.py
[2026-04-09T17:11:06.873+0000] {processor.py:840} INFO - DAG(s) 'example_nested_branch_dag' retrieved from /home/airflow/.local/lib/python3.8/site-packages/airflow/example_dags/example_nested_branch_dag.py
[2026-04-09T17:11:06.897+0000] {logging_mixin.py:188} INFO - [2026-04-09T17:11:06.897+0000] {dag.py:3036} INFO - Sync 1 DAGs
[2026-04-09T17:11:06.918+0000] {logging_mixin.py:188} INFO - [2026-04-09T17:11:06.918+0000] {dag.py:3823} INFO - Setting next_dagrun for example_nested_branch_dag to 2026-04-08 00:00:00+00:00, run_after=2026-04-09 00:00:00+00:00
[2026-04-09T17:11:06.941+0000] {processor.py:183} INFO - Processing /home/airflow/.local/lib/python3.8/site-packages/airflow/example_dags/example_nested_branch_dag.py took 0.084 seconds
[2026-04-09T17:11:37.920+0000] {processor.py:161} INFO - Started process (PID=3043) to work on /home/airflow/.local/lib/python3.8/site-packages/airflow/example_dags/example_nested_branch_dag.py
[2026-04-09T17:11:37.921+0000] {processor.py:830} INFO - Processing file /home/airflow/.local/lib/python3.8/site-packages/airflow/example_dags/example_nested_branch_dag.py for tasks to queue
[2026-04-09T17:11:37.923+0000] {logging_mixin.py:188} INFO - [2026-04-09T17:11:37.923+0000] {dagbag.py:538} INFO - Filling up the DagBag from /home/airflow/.local/lib/python3.8/site-packages/airflow/example_dags/example_nested_branch_dag.py
[2026-04-09T17:11:37.934+0000] {processor.py:840} INFO - DAG(s) 'example_nested_branch_dag' retrieved from /home/airflow/.local/lib/python3.8/site-packages/airflow/example_dags/example_nested_branch_dag.py
[2026-04-09T17:11:37.958+0000] {logging_mixin.py:188} INFO - [2026-04-09T17:11:37.957+0000] {dag.py:3036} INFO - Sync 1 DAGs
[2026-04-09T17:11:37.981+0000] {logging_mixin.py:188} INFO - [2026-04-09T17:11:37.980+0000] {dag.py:3823} INFO - Setting next_dagrun for example_nested_branch_dag to 2026-04-08 00:00:00+00:00, run_after=2026-04-09 00:00:00+00:00
[2026-04-09T17:11:38.004+0000] {processor.py:183} INFO - Processing /home/airflow/.local/lib/python3.8/site-packages/airflow/example_dags/example_nested_branch_dag.py took 0.088 seconds
[2026-04-09T17:12:09.200+0000] {processor.py:161} INFO - Started process (PID=3100) to work on /home/airflow/.local/lib/python3.8/site-packages/airflow/example_dags/example_nested_branch_dag.py
[2026-04-09T17:12:09.201+0000] {processor.py:830} INFO - Processing file /home/airflow/.local/lib/python3.8/site-packages/airflow/example_dags/example_nested_branch_dag.py for tasks to queue
[2026-04-09T17:12:09.204+0000] {logging_mixin.py:188} INFO - [2026-04-09T17:12:09.203+0000] {dagbag.py:538} INFO - Filling up the DagBag from /home/airflow/.local/lib/python3.8/site-packages/airflow/example_dags/example_nested_branch_dag.py
[2026-04-09T17:12:09.215+0000] {processor.py:840} INFO - DAG(s) 'example_nested_branch_dag' retrieved from /home/airflow/.local/lib/python3.8/site-packages/airflow/example_dags/example_nested_branch_dag.py
[2026-04-09T17:12:09.238+0000] {logging_mixin.py:188} INFO - [2026-04-09T17:12:09.238+0000] {dag.py:3036} INFO - Sync 1 DAGs
[2026-04-09T17:12:09.264+0000] {logging_mixin.py:188} INFO - [2026-04-09T17:12:09.264+0000] {dag.py:3823} INFO - Setting next_dagrun for example_nested_branch_dag to 2026-04-08 00:00:00+00:00, run_after=2026-04-09 00:00:00+00:00
[2026-04-09T17:12:09.289+0000] {processor.py:183} INFO - Processing /home/airflow/.local/lib/python3.8/site-packages/airflow/example_dags/example_nested_branch_dag.py took 0.092 seconds
[2026-04-09T17:12:39.995+0000] {processor.py:161} INFO - Started process (PID=3157) to work on /home/airflow/.local/lib/python3.8/site-packages/airflow/example_dags/example_nested_branch_dag.py
[2026-04-09T17:12:39.996+0000] {processor.py:830} INFO - Processing file /home/airflow/.local/lib/python3.8/site-packages/airflow/example_dags/example_nested_branch_dag.py for tasks to queue
[2026-04-09T17:12:39.998+0000] {logging_mixin.py:188} INFO - [2026-04-09T17:12:39.998+0000] {dagbag.py:538} INFO - Filling up the DagBag from /home/airflow/.local/lib/python3.8/site-packages/airflow/example_dags/example_nested_branch_dag.py
[2026-04-09T17:12:40.009+0000] {processor.py:840} INFO - DAG(s) 'example_nested_branch_dag' retrieved from /home/airflow/.local/lib/python3.8/site-packages/airflow/example_dags/example_nested_branch_dag.py
[2026-04-09T17:12:40.035+0000] {logging_mixin.py:188} INFO - [2026-04-09T17:12:40.034+0000] {dag.py:3036} INFO - Sync 1 DAGs
[2026-04-09T17:12:40.059+0000] {logging_mixin.py:188} INFO - [2026-04-09T17:12:40.059+0000] {dag.py:3823} INFO - Setting next_dagrun for example_nested_branch_dag to 2026-04-08 00:00:00+00:00, run_after=2026-04-09 00:00:00+00:00
[2026-04-09T17:12:40.084+0000] {processor.py:183} INFO - Processing /home/airflow/.local/lib/python3.8/site-packages/airflow/example_dags/example_nested_branch_dag.py took 0.092 seconds
[2026-04-09T17:13:10.884+0000] {processor.py:161} INFO - Started process (PID=3214) to work on /home/airflow/.local/lib/python3.8/site-packages/airflow/example_dags/example_nested_branch_dag.py
[2026-04-09T17:13:10.886+0000] {processor.py:830} INFO - Processing file /home/airflow/.local/lib/python3.8/site-packages/airflow/example_dags/example_nested_branch_dag.py for tasks to queue
[2026-04-09T17:13:10.888+0000] {logging_mixin.py:188} INFO - [2026-04-09T17:13:10.887+0000] {dagbag.py:538} INFO - Filling up the DagBag from /home/airflow/.local/lib/python3.8/site-packages/airflow/example_dags/example_nested_branch_dag.py
[2026-04-09T17:13:10.898+0000] {processor.py:840} INFO - DAG(s) 'example_nested_branch_dag' retrieved from /home/airflow/.local/lib/python3.8/site-packages/airflow/example_dags/example_nested_branch_dag.py
[2026-04-09T17:13:10.923+0000] {logging_mixin.py:188} INFO - [2026-04-09T17:13:10.923+0000] {dag.py:3036} INFO - Sync 1 DAGs
[2026-04-09T17:13:10.950+0000] {logging_mixin.py:188} INFO - [2026-04-09T17:13:10.949+0000] {dag.py:3823} INFO - Setting next_dagrun for example_nested_branch_dag to 2026-04-08 00:00:00+00:00, run_after=2026-04-09 00:00:00+00:00
[2026-04-09T17:13:11.054+0000] {processor.py:183} INFO - Processing /home/airflow/.local/lib/python3.8/site-packages/airflow/example_dags/example_nested_branch_dag.py took 0.172 seconds
[2026-04-09T17:13:42.043+0000] {processor.py:161} INFO - Started process (PID=3277) to work on /home/airflow/.local/lib/python3.8/site-packages/airflow/example_dags/example_nested_branch_dag.py
[2026-04-09T17:13:42.044+0000] {processor.py:830} INFO - Processing file /home/airflow/.local/lib/python3.8/site-packages/airflow/example_dags/example_nested_branch_dag.py for tasks to queue
[2026-04-09T17:13:42.046+0000] {logging_mixin.py:188} INFO - [2026-04-09T17:13:42.046+0000] {dagbag.py:538} INFO - Filling up the DagBag from /home/airflow/.local/lib/python3.8/site-packages/airflow/example_dags/example_nested_branch_dag.py
[2026-04-09T17:13:42.056+0000] {processor.py:840} INFO - DAG(s) 'example_nested_branch_dag' retrieved from /home/airflow/.local/lib/python3.8/site-packages/airflow/example_dags/example_nested_branch_dag.py
[2026-04-09T17:13:42.083+0000] {logging_mixin.py:188} INFO - [2026-04-09T17:13:42.083+0000] {dag.py:3036} INFO - Sync 1 DAGs
[2026-04-09T17:13:42.112+0000] {logging_mixin.py:188} INFO - [2026-04-09T17:13:42.112+0000] {dag.py:3823} INFO - Setting next_dagrun for example_nested_branch_dag to 2026-04-08 00:00:00+00:00, run_after=2026-04-09 00:00:00+00:00
[2026-04-09T17:13:42.140+0000] {processor.py:183} INFO - Processing /home/airflow/.local/lib/python3.8/site-packages/airflow/example_dags/example_nested_branch_dag.py took 0.100 seconds
[2026-04-09T17:14:12.649+0000] {processor.py:161} INFO - Started process (PID=3334) to work on /home/airflow/.local/lib/python3.8/site-packages/airflow/example_dags/example_nested_branch_dag.py
[2026-04-09T17:14:12.651+0000] {processor.py:830} INFO - Processing file /home/airflow/.local/lib/python3.8/site-packages/airflow/example_dags/example_nested_branch_dag.py for tasks to queue
[2026-04-09T17:14:12.653+0000] {logging_mixin.py:188} INFO - [2026-04-09T17:14:12.653+0000] {dagbag.py:538} INFO - Filling up the DagBag from /home/airflow/.local/lib/python3.8/site-packages/airflow/example_dags/example_nested_branch_dag.py
[2026-04-09T17:14:12.670+0000] {processor.py:840} INFO - DAG(s) 'example_nested_branch_dag' retrieved from /home/airflow/.local/lib/python3.8/site-packages/airflow/example_dags/example_nested_branch_dag.py
[2026-04-09T17:14:12.705+0000] {logging_mixin.py:188} INFO - [2026-04-09T17:14:12.704+0000] {dag.py:3036} INFO - Sync 1 DAGs
[2026-04-09T17:14:12.737+0000] {logging_mixin.py:188} INFO - [2026-04-09T17:14:12.736+0000] {dag.py:3823} INFO - Setting next_dagrun for example_nested_branch_dag to 2026-04-08 00:00:00+00:00, run_after=2026-04-09 00:00:00+00:00
[2026-04-09T17:14:12.765+0000] {processor.py:183} INFO - Processing /home/airflow/.local/lib/python3.8/site-packages/airflow/example_dags/example_nested_branch_dag.py took 0.121 seconds
[2026-04-09T17:14:42.920+0000] {processor.py:161} INFO - Started process (PID=3391) to work on /home/airflow/.local/lib/python3.8/site-packages/airflow/example_dags/example_nested_branch_dag.py
[2026-04-09T17:14:42.922+0000] {processor.py:830} INFO - Processing file /home/airflow/.local/lib/python3.8/site-packages/airflow/example_dags/example_nested_branch_dag.py for tasks to queue
[2026-04-09T17:14:42.925+0000] {logging_mixin.py:188} INFO - [2026-04-09T17:14:42.924+0000] {dagbag.py:538} INFO - Filling up the DagBag from /home/airflow/.local/lib/python3.8/site-packages/airflow/example_dags/example_nested_branch_dag.py
[2026-04-09T17:14:42.937+0000] {processor.py:840} INFO - DAG(s) 'example_nested_branch_dag' retrieved from /home/airflow/.local/lib/python3.8/site-packages/airflow/example_dags/example_nested_branch_dag.py
[2026-04-09T17:14:42.970+0000] {logging_mixin.py:188} INFO - [2026-04-09T17:14:42.970+0000] {dag.py:3036} INFO - Sync 1 DAGs
[2026-04-09T17:14:42.999+0000] {logging_mixin.py:188} INFO - [2026-04-09T17:14:42.999+0000] {dag.py:3823} INFO - Setting next_dagrun for example_nested_branch_dag to 2026-04-08 00:00:00+00:00, run_after=2026-04-09 00:00:00+00:00
[2026-04-09T17:14:43.023+0000] {processor.py:183} INFO - Processing /home/airflow/.local/lib/python3.8/site-packages/airflow/example_dags/example_nested_branch_dag.py took 0.107 seconds
[2026-04-09T17:15:13.151+0000] {processor.py:161} INFO - Started process (PID=3448) to work on /home/airflow/.local/lib/python3.8/site-packages/airflow/example_dags/example_nested_branch_dag.py
[2026-04-09T17:15:13.152+0000] {processor.py:830} INFO - Processing file /home/airflow/.local/lib/python3.8/site-packages/airflow/example_dags/example_nested_branch_dag.py for tasks to queue
[2026-04-09T17:15:13.155+0000] {logging_mixin.py:188} INFO - [2026-04-09T17:15:13.155+0000] {dagbag.py:538} INFO - Filling up the DagBag from /home/airflow/.local/lib/python3.8/site-packages/airflow/example_dags/example_nested_branch_dag.py
[2026-04-09T17:15:13.169+0000] {processor.py:840} INFO - DAG(s) 'example_nested_branch_dag' retrieved from /home/airflow/.local/lib/python3.8/site-packages/airflow/example_dags/example_nested_branch_dag.py
[2026-04-09T17:15:13.201+0000] {logging_mixin.py:188} INFO - [2026-04-09T17:15:13.201+0000] {dag.py:3036} INFO - Sync 1 DAGs
[2026-04-09T17:15:13.238+0000] {logging_mixin.py:188} INFO - [2026-04-09T17:15:13.238+0000] {dag.py:3823} INFO - Setting next_dagrun for example_nested_branch_dag to 2026-04-08 00:00:00+00:00, run_after=2026-04-09 00:00:00+00:00
[2026-04-09T17:15:13.266+0000] {processor.py:183} INFO - Processing /home/airflow/.local/lib/python3.8/site-packages/airflow/example_dags/example_nested_branch_dag.py took 0.119 seconds
[2026-04-09T17:15:43.365+0000] {processor.py:161} INFO - Started process (PID=3505) to work on /home/airflow/.local/lib/python3.8/site-packages/airflow/example_dags/example_nested_branch_dag.py
[2026-04-09T17:15:43.367+0000] {processor.py:830} INFO - Processing file /home/airflow/.local/lib/python3.8/site-packages/airflow/example_dags/example_nested_branch_dag.py for tasks to queue
[2026-04-09T17:15:43.369+0000] {logging_mixin.py:188} INFO - [2026-04-09T17:15:43.369+0000] {dagbag.py:538} INFO - Filling up the DagBag from /home/airflow/.local/lib/python3.8/site-packages/airflow/example_dags/example_nested_branch_dag.py
[2026-04-09T17:15:43.379+0000] {processor.py:840} INFO - DAG(s) 'example_nested_branch_dag' retrieved from /home/airflow/.local/lib/python3.8/site-packages/airflow/example_dags/example_nested_branch_dag.py
[2026-04-09T17:15:43.405+0000] {logging_mixin.py:188} INFO - [2026-04-09T17:15:43.405+0000] {dag.py:3036} INFO - Sync 1 DAGs
[2026-04-09T17:15:43.431+0000] {logging_mixin.py:188} INFO - [2026-04-09T17:15:43.431+0000] {dag.py:3823} INFO - Setting next_dagrun for example_nested_branch_dag to 2026-04-08 00:00:00+00:00, run_after=2026-04-09 00:00:00+00:00
[2026-04-09T17:15:43.456+0000] {processor.py:183} INFO - Processing /home/airflow/.local/lib/python3.8/site-packages/airflow/example_dags/example_nested_branch_dag.py took 0.094 seconds
[2026-04-09T17:16:13.900+0000] {processor.py:161} INFO - Started process (PID=3562) to work on /home/airflow/.local/lib/python3.8/site-packages/airflow/example_dags/example_nested_branch_dag.py
[2026-04-09T17:16:13.901+0000] {processor.py:830} INFO - Processing file /home/airflow/.local/lib/python3.8/site-packages/airflow/example_dags/example_nested_branch_dag.py for tasks to queue
[2026-04-09T17:16:13.904+0000] {logging_mixin.py:188} INFO - [2026-04-09T17:16:13.903+0000] {dagbag.py:538} INFO - Filling up the DagBag from /home/airflow/.local/lib/python3.8/site-packages/airflow/example_dags/example_nested_branch_dag.py
[2026-04-09T17:16:13.915+0000] {processor.py:840} INFO - DAG(s) 'example_nested_branch_dag' retrieved from /home/airflow/.local/lib/python3.8/site-packages/airflow/example_dags/example_nested_branch_dag.py
[2026-04-09T17:16:13.941+0000] {logging_mixin.py:188} INFO - [2026-04-09T17:16:13.941+0000] {dag.py:3036} INFO - Sync 1 DAGs
[2026-04-09T17:16:13.964+0000] {logging_mixin.py:188} INFO - [2026-04-09T17:16:13.964+0000] {dag.py:3823} INFO - Setting next_dagrun for example_nested_branch_dag to 2026-04-08 00:00:00+00:00, run_after=2026-04-09 00:00:00+00:00
[2026-04-09T17:16:13.990+0000] {processor.py:183} INFO - Processing /home/airflow/.local/lib/python3.8/site-packages/airflow/example_dags/example_nested_branch_dag.py took 0.093 seconds
[2026-04-09T17:16:44.257+0000] {processor.py:161} INFO - Started process (PID=3619) to work on /home/airflow/.local/lib/python3.8/site-packages/airflow/example_dags/example_nested_branch_dag.py
[2026-04-09T17:16:44.258+0000] {processor.py:830} INFO - Processing file /home/airflow/.local/lib/python3.8/site-packages/airflow/example_dags/example_nested_branch_dag.py for tasks to queue
[2026-04-09T17:16:44.261+0000] {logging_mixin.py:188} INFO - [2026-04-09T17:16:44.261+0000] {dagbag.py:538} INFO - Filling up the DagBag from /home/airflow/.local/lib/python3.8/site-packages/airflow/example_dags/example_nested_branch_dag.py
[2026-04-09T17:16:44.275+0000] {processor.py:840} INFO - DAG(s) 'example_nested_branch_dag' retrieved from /home/airflow/.local/lib/python3.8/site-packages/airflow/example_dags/example_nested_branch_dag.py
[2026-04-09T17:16:44.309+0000] {logging_mixin.py:188} INFO - [2026-04-09T17:16:44.309+0000] {dag.py:3036} INFO - Sync 1 DAGs
[2026-04-09T17:16:44.340+0000] {logging_mixin.py:188} INFO - [2026-04-09T17:16:44.339+0000] {dag.py:3823} INFO - Setting next_dagrun for example_nested_branch_dag to 2026-04-08 00:00:00+00:00, run_after=2026-04-09 00:00:00+00:00
[2026-04-09T17:16:44.368+0000] {processor.py:183} INFO - Processing /home/airflow/.local/lib/python3.8/site-packages/airflow/example_dags/example_nested_branch_dag.py took 0.116 seconds
[2026-04-09T17:17:14.608+0000] {processor.py:161} INFO - Started process (PID=3676) to work on /home/airflow/.local/lib/python3.8/site-packages/airflow/example_dags/example_nested_branch_dag.py
[2026-04-09T17:17:14.610+0000] {processor.py:830} INFO - Processing file /home/airflow/.local/lib/python3.8/site-packages/airflow/example_dags/example_nested_branch_dag.py for tasks to queue
[2026-04-09T17:17:14.612+0000] {logging_mixin.py:188} INFO - [2026-04-09T17:17:14.611+0000] {dagbag.py:538} INFO - Filling up the DagBag from /home/airflow/.local/lib/python3.8/site-packages/airflow/example_dags/example_nested_branch_dag.py
[2026-04-09T17:17:14.622+0000] {processor.py:840} INFO - DAG(s) 'example_nested_branch_dag' retrieved from /home/airflow/.local/lib/python3.8/site-packages/airflow/example_dags/example_nested_branch_dag.py
[2026-04-09T17:17:14.645+0000] {logging_mixin.py:188} INFO - [2026-04-09T17:17:14.645+0000] {dag.py:3036} INFO - Sync 1 DAGs
[2026-04-09T17:17:14.669+0000] {logging_mixin.py:188} INFO - [2026-04-09T17:17:14.669+0000] {dag.py:3823} INFO - Setting next_dagrun for example_nested_branch_dag to 2026-04-08 00:00:00+00:00, run_after=2026-04-09 00:00:00+00:00
[2026-04-09T17:17:14.695+0000] {processor.py:183} INFO - Processing /home/airflow/.local/lib/python3.8/site-packages/airflow/example_dags/example_nested_branch_dag.py took 0.090 seconds
[2026-04-09T17:17:44.825+0000] {processor.py:161} INFO - Started process (PID=3733) to work on /home/airflow/.local/lib/python3.8/site-packages/airflow/example_dags/example_nested_branch_dag.py
[2026-04-09T17:17:44.826+0000] {processor.py:830} INFO - Processing file /home/airflow/.local/lib/python3.8/site-packages/airflow/example_dags/example_nested_branch_dag.py for tasks to queue
[2026-04-09T17:17:44.828+0000] {logging_mixin.py:188} INFO - [2026-04-09T17:17:44.828+0000] {dagbag.py:538} INFO - Filling up the DagBag from /home/airflow/.local/lib/python3.8/site-packages/airflow/example_dags/example_nested_branch_dag.py
[2026-04-09T17:17:44.838+0000] {processor.py:840} INFO - DAG(s) 'example_nested_branch_dag' retrieved from /home/airflow/.local/lib/python3.8/site-packages/airflow/example_dags/example_nested_branch_dag.py
[2026-04-09T17:17:44.862+0000] {logging_mixin.py:188} INFO - [2026-04-09T17:17:44.862+0000] {dag.py:3036} INFO - Sync 1 DAGs
[2026-04-09T17:17:44.886+0000] {logging_mixin.py:188} INFO - [2026-04-09T17:17:44.886+0000] {dag.py:3823} INFO - Setting next_dagrun for example_nested_branch_dag to 2026-04-08 00:00:00+00:00, run_after=2026-04-09 00:00:00+00:00
[2026-04-09T17:17:44.909+0000] {processor.py:183} INFO - Processing /home/airflow/.local/lib/python3.8/site-packages/airflow/example_dags/example_nested_branch_dag.py took 0.087 seconds
[2026-04-09T17:18:15.343+0000] {processor.py:161} INFO - Started process (PID=3790) to work on /home/airflow/.local/lib/python3.8/site-packages/airflow/example_dags/example_nested_branch_dag.py
[2026-04-09T17:18:15.345+0000] {processor.py:830} INFO - Processing file /home/airflow/.local/lib/python3.8/site-packages/airflow/example_dags/example_nested_branch_dag.py for tasks to queue
[2026-04-09T17:18:15.346+0000] {logging_mixin.py:188} INFO - [2026-04-09T17:18:15.346+0000] {dagbag.py:538} INFO - Filling up the DagBag from /home/airflow/.local/lib/python3.8/site-packages/airflow/example_dags/example_nested_branch_dag.py
[2026-04-09T17:18:15.357+0000] {processor.py:840} INFO - DAG(s) 'example_nested_branch_dag' retrieved from /home/airflow/.local/lib/python3.8/site-packages/airflow/example_dags/example_nested_branch_dag.py
[2026-04-09T17:18:15.383+0000] {logging_mixin.py:188} INFO - [2026-04-09T17:18:15.383+0000] {dag.py:3036} INFO - Sync 1 DAGs
[2026-04-09T17:18:15.409+0000] {logging_mixin.py:188} INFO - [2026-04-09T17:18:15.409+0000] {dag.py:3823} INFO - Setting next_dagrun for example_nested_branch_dag to 2026-04-08 00:00:00+00:00, run_after=2026-04-09 00:00:00+00:00
[2026-04-09T17:18:15.436+0000] {processor.py:183} INFO - Processing /home/airflow/.local/lib/python3.8/site-packages/airflow/example_dags/example_nested_branch_dag.py took 0.096 seconds
[2026-04-09T17:18:45.801+0000] {processor.py:161} INFO - Started process (PID=3847) to work on /home/airflow/.local/lib/python3.8/site-packages/airflow/example_dags/example_nested_branch_dag.py
[2026-04-09T17:18:45.803+0000] {processor.py:830} INFO - Processing file /home/airflow/.local/lib/python3.8/site-packages/airflow/example_dags/example_nested_branch_dag.py for tasks to queue
[2026-04-09T17:18:45.805+0000] {logging_mixin.py:188} INFO - [2026-04-09T17:18:45.805+0000] {dagbag.py:538} INFO - Filling up the DagBag from /home/airflow/.local/lib/python3.8/site-packages/airflow/example_dags/example_nested_branch_dag.py
[2026-04-09T17:18:45.815+0000] {processor.py:840} INFO - DAG(s) 'example_nested_branch_dag' retrieved from /home/airflow/.local/lib/python3.8/site-packages/airflow/example_dags/example_nested_branch_dag.py
[2026-04-09T17:18:45.841+0000] {logging_mixin.py:188} INFO - [2026-04-09T17:18:45.841+0000] {dag.py:3036} INFO - Sync 1 DAGs
[2026-04-09T17:18:45.867+0000] {logging_mixin.py:188} INFO - [2026-04-09T17:18:45.867+0000] {dag.py:3823} INFO - Setting next_dagrun for example_nested_branch_dag to 2026-04-08 00:00:00+00:00, run_after=2026-04-09 00:00:00+00:00
[2026-04-09T17:18:45.892+0000] {processor.py:183} INFO - Processing /home/airflow/.local/lib/python3.8/site-packages/airflow/example_dags/example_nested_branch_dag.py took 0.094 seconds
[2026-04-09T17:19:16.058+0000] {processor.py:161} INFO - Started process (PID=3904) to work on /home/airflow/.local/lib/python3.8/site-packages/airflow/example_dags/example_nested_branch_dag.py
[2026-04-09T17:19:16.059+0000] {processor.py:830} INFO - Processing file /home/airflow/.local/lib/python3.8/site-packages/airflow/example_dags/example_nested_branch_dag.py for tasks to queue
[2026-04-09T17:19:16.062+0000] {logging_mixin.py:188} INFO - [2026-04-09T17:19:16.062+0000] {dagbag.py:538} INFO - Filling up the DagBag from /home/airflow/.local/lib/python3.8/site-packages/airflow/example_dags/example_nested_branch_dag.py
[2026-04-09T17:19:16.073+0000] {processor.py:840} INFO - DAG(s) 'example_nested_branch_dag' retrieved from /home/airflow/.local/lib/python3.8/site-packages/airflow/example_dags/example_nested_branch_dag.py
[2026-04-09T17:19:16.098+0000] {logging_mixin.py:188} INFO - [2026-04-09T17:19:16.098+0000] {dag.py:3036} INFO - Sync 1 DAGs
[2026-04-09T17:19:16.120+0000] {logging_mixin.py:188} INFO - [2026-04-09T17:19:16.120+0000] {dag.py:3823} INFO - Setting next_dagrun for example_nested_branch_dag to 2026-04-08 00:00:00+00:00, run_after=2026-04-09 00:00:00+00:00
[2026-04-09T17:19:16.147+0000] {processor.py:183} INFO - Processing /home/airflow/.local/lib/python3.8/site-packages/airflow/example_dags/example_nested_branch_dag.py took 0.092 seconds
[2026-04-09T17:19:46.526+0000] {processor.py:161} INFO - Started process (PID=3961) to work on /home/airflow/.local/lib/python3.8/site-packages/airflow/example_dags/example_nested_branch_dag.py
[2026-04-09T17:19:46.527+0000] {processor.py:830} INFO - Processing file /home/airflow/.local/lib/python3.8/site-packages/airflow/example_dags/example_nested_branch_dag.py for tasks to queue
[2026-04-09T17:19:46.530+0000] {logging_mixin.py:188} INFO - [2026-04-09T17:19:46.530+0000] {dagbag.py:538} INFO - Filling up the DagBag from /home/airflow/.local/lib/python3.8/site-packages/airflow/example_dags/example_nested_branch_dag.py
[2026-04-09T17:19:46.545+0000] {processor.py:840} INFO - DAG(s) 'example_nested_branch_dag' retrieved from /home/airflow/.local/lib/python3.8/site-packages/airflow/example_dags/example_nested_branch_dag.py
[2026-04-09T17:19:46.569+0000] {logging_mixin.py:188} INFO - [2026-04-09T17:19:46.568+0000] {dag.py:3036} INFO - Sync 1 DAGs
[2026-04-09T17:19:46.593+0000] {logging_mixin.py:188} INFO - [2026-04-09T17:19:46.593+0000] {dag.py:3823} INFO - Setting next_dagrun for example_nested_branch_dag to 2026-04-08 00:00:00+00:00, run_after=2026-04-09 00:00:00+00:00
[2026-04-09T17:19:46.618+0000] {processor.py:183} INFO - Processing /home/airflow/.local/lib/python3.8/site-packages/airflow/example_dags/example_nested_branch_dag.py took 0.096 seconds
[2026-04-09T17:20:16.863+0000] {processor.py:161} INFO - Started process (PID=4018) to work on /home/airflow/.local/lib/python3.8/site-packages/airflow/example_dags/example_nested_branch_dag.py
[2026-04-09T17:20:16.865+0000] {processor.py:830} INFO - Processing file /home/airflow/.local/lib/python3.8/site-packages/airflow/example_dags/example_nested_branch_dag.py for tasks to queue
[2026-04-09T17:20:16.869+0000] {logging_mixin.py:188} INFO - [2026-04-09T17:20:16.868+0000] {dagbag.py:538} INFO - Filling up the DagBag from /home/airflow/.local/lib/python3.8/site-packages/airflow/example_dags/example_nested_branch_dag.py
[2026-04-09T17:20:16.879+0000] {processor.py:840} INFO - DAG(s) 'example_nested_branch_dag' retrieved from /home/airflow/.local/lib/python3.8/site-packages/airflow/example_dags/example_nested_branch_dag.py
[2026-04-09T17:20:16.908+0000] {logging_mixin.py:188} INFO - [2026-04-09T17:20:16.908+0000] {dag.py:3036} INFO - Sync 1 DAGs
[2026-04-09T17:20:16.943+0000] {logging_mixin.py:188} INFO - [2026-04-09T17:20:16.943+0000] {dag.py:3823} INFO - Setting next_dagrun for example_nested_branch_dag to 2026-04-08 00:00:00+00:00, run_after=2026-04-09 00:00:00+00:00
[2026-04-09T17:20:16.986+0000] {processor.py:183} INFO - Processing /home/airflow/.local/lib/python3.8/site-packages/airflow/example_dags/example_nested_branch_dag.py took 0.126 seconds
[2026-04-09T17:20:47.219+0000] {processor.py:161} INFO - Started process (PID=4075) to work on /home/airflow/.local/lib/python3.8/site-packages/airflow/example_dags/example_nested_branch_dag.py
[2026-04-09T17:20:47.220+0000] {processor.py:830} INFO - Processing file /home/airflow/.local/lib/python3.8/site-packages/airflow/example_dags/example_nested_branch_dag.py for tasks to queue
[2026-04-09T17:20:47.222+0000] {logging_mixin.py:188} INFO - [2026-04-09T17:20:47.222+0000] {dagbag.py:538} INFO - Filling up the DagBag from /home/airflow/.local/lib/python3.8/site-packages/airflow/example_dags/example_nested_branch_dag.py
[2026-04-09T17:20:47.233+0000] {processor.py:840} INFO - DAG(s) 'example_nested_branch_dag' retrieved from /home/airflow/.local/lib/python3.8/site-packages/airflow/example_dags/example_nested_branch_dag.py
[2026-04-09T17:20:47.258+0000] {logging_mixin.py:188} INFO - [2026-04-09T17:20:47.258+0000] {dag.py:3036} INFO - Sync 1 DAGs
[2026-04-09T17:20:47.290+0000] {logging_mixin.py:188} INFO - [2026-04-09T17:20:47.290+0000] {dag.py:3823} INFO - Setting next_dagrun for example_nested_branch_dag to 2026-04-08 00:00:00+00:00, run_after=2026-04-09 00:00:00+00:00
[2026-04-09T17:20:47.371+0000] {processor.py:183} INFO - Processing /home/airflow/.local/lib/python3.8/site-packages/airflow/example_dags/example_nested_branch_dag.py took 0.155 seconds
[2026-04-09T17:21:17.779+0000] {processor.py:161} INFO - Started process (PID=4132) to work on /home/airflow/.local/lib/python3.8/site-packages/airflow/example_dags/example_nested_branch_dag.py
[2026-04-09T17:21:17.780+0000] {processor.py:830} INFO - Processing file /home/airflow/.local/lib/python3.8/site-packages/airflow/example_dags/example_nested_branch_dag.py for tasks to queue
[2026-04-09T17:21:17.782+0000] {logging_mixin.py:188} INFO - [2026-04-09T17:21:17.782+0000] {dagbag.py:538} INFO - Filling up the DagBag from /home/airflow/.local/lib/python3.8/site-packages/airflow/example_dags/example_nested_branch_dag.py
[2026-04-09T17:21:17.792+0000] {processor.py:840} INFO - DAG(s) 'example_nested_branch_dag' retrieved from /home/airflow/.local/lib/python3.8/site-packages/airflow/example_dags/example_nested_branch_dag.py
[2026-04-09T17:21:17.817+0000] {logging_mixin.py:188} INFO - [2026-04-09T17:21:17.817+0000] {dag.py:3036} INFO - Sync 1 DAGs
[2026-04-09T17:21:17.840+0000] {logging_mixin.py:188} INFO - [2026-04-09T17:21:17.840+0000] {dag.py:3823} INFO - Setting next_dagrun for example_nested_branch_dag to 2026-04-08 00:00:00+00:00, run_after=2026-04-09 00:00:00+00:00
[2026-04-09T17:21:17.864+0000] {processor.py:183} INFO - Processing /home/airflow/.local/lib/python3.8/site-packages/airflow/example_dags/example_nested_branch_dag.py took 0.088 seconds
[2026-04-09T17:21:47.962+0000] {processor.py:161} INFO - Started process (PID=4189) to work on /home/airflow/.local/lib/python3.8/site-packages/airflow/example_dags/example_nested_branch_dag.py
[2026-04-09T17:21:47.963+0000] {processor.py:830} INFO - Processing file /home/airflow/.local/lib/python3.8/site-packages/airflow/example_dags/example_nested_branch_dag.py for tasks to queue
[2026-04-09T17:21:47.965+0000] {logging_mixin.py:188} INFO - [2026-04-09T17:21:47.965+0000] {dagbag.py:538} INFO - Filling up the DagBag from /home/airflow/.local/lib/python3.8/site-packages/airflow/example_dags/example_nested_branch_dag.py
[2026-04-09T17:21:47.975+0000] {processor.py:840} INFO - DAG(s) 'example_nested_branch_dag' retrieved from /home/airflow/.local/lib/python3.8/site-packages/airflow/example_dags/example_nested_branch_dag.py
[2026-04-09T17:21:48.001+0000] {logging_mixin.py:188} INFO - [2026-04-09T17:21:48.001+0000] {dag.py:3036} INFO - Sync 1 DAGs
[2026-04-09T17:21:48.032+0000] {logging_mixin.py:188} INFO - [2026-04-09T17:21:48.032+0000] {dag.py:3823} INFO - Setting next_dagrun for example_nested_branch_dag to 2026-04-08 00:00:00+00:00, run_after=2026-04-09 00:00:00+00:00
[2026-04-09T17:21:48.057+0000] {processor.py:183} INFO - Processing /home/airflow/.local/lib/python3.8/site-packages/airflow/example_dags/example_nested_branch_dag.py took 0.098 seconds
[2026-04-09T17:22:18.236+0000] {processor.py:161} INFO - Started process (PID=4246) to work on /home/airflow/.local/lib/python3.8/site-packages/airflow/example_dags/example_nested_branch_dag.py
[2026-04-09T17:22:18.239+0000] {processor.py:830} INFO - Processing file /home/airflow/.local/lib/python3.8/site-packages/airflow/example_dags/example_nested_branch_dag.py for tasks to queue
[2026-04-09T17:22:18.245+0000] {logging_mixin.py:188} INFO - [2026-04-09T17:22:18.244+0000] {dagbag.py:538} INFO - Filling up the DagBag from /home/airflow/.local/lib/python3.8/site-packages/airflow/example_dags/example_nested_branch_dag.py
[2026-04-09T17:22:18.277+0000] {processor.py:840} INFO - DAG(s) 'example_nested_branch_dag' retrieved from /home/airflow/.local/lib/python3.8/site-packages/airflow/example_dags/example_nested_branch_dag.py
[2026-04-09T17:22:18.320+0000] {logging_mixin.py:188} INFO - [2026-04-09T17:22:18.319+0000] {dag.py:3036} INFO - Sync 1 DAGs
[2026-04-09T17:22:18.364+0000] {logging_mixin.py:188} INFO - [2026-04-09T17:22:18.363+0000] {dag.py:3823} INFO - Setting next_dagrun for example_nested_branch_dag to 2026-04-08 00:00:00+00:00, run_after=2026-04-09 00:00:00+00:00
[2026-04-09T17:22:18.395+0000] {processor.py:183} INFO - Processing /home/airflow/.local/lib/python3.8/site-packages/airflow/example_dags/example_nested_branch_dag.py took 0.170 seconds
[2026-04-09T17:22:49.381+0000] {processor.py:161} INFO - Started process (PID=4303) to work on /home/airflow/.local/lib/python3.8/site-packages/airflow/example_dags/example_nested_branch_dag.py
[2026-04-09T17:22:49.383+0000] {processor.py:830} INFO - Processing file /home/airflow/.local/lib/python3.8/site-packages/airflow/example_dags/example_nested_branch_dag.py for tasks to queue
[2026-04-09T17:22:49.386+0000] {logging_mixin.py:188} INFO - [2026-04-09T17:22:49.385+0000] {dagbag.py:538} INFO - Filling up the DagBag from /home/airflow/.local/lib/python3.8/site-packages/airflow/example_dags/example_nested_branch_dag.py
[2026-04-09T17:22:49.400+0000] {processor.py:840} INFO - DAG(s) 'example_nested_branch_dag' retrieved from /home/airflow/.local/lib/python3.8/site-packages/airflow/example_dags/example_nested_branch_dag.py
[2026-04-09T17:22:49.434+0000] {logging_mixin.py:188} INFO - [2026-04-09T17:22:49.434+0000] {dag.py:3036} INFO - Sync 1 DAGs
[2026-04-09T17:22:49.466+0000] {logging_mixin.py:188} INFO - [2026-04-09T17:22:49.465+0000] {dag.py:3823} INFO - Setting next_dagrun for example_nested_branch_dag to 2026-04-08 00:00:00+00:00, run_after=2026-04-09 00:00:00+00:00
[2026-04-09T17:22:49.490+0000] {processor.py:183} INFO - Processing /home/airflow/.local/lib/python3.8/site-packages/airflow/example_dags/example_nested_branch_dag.py took 0.113 seconds
[2026-04-09T17:23:19.876+0000] {processor.py:161} INFO - Started process (PID=4360) to work on /home/airflow/.local/lib/python3.8/site-packages/airflow/example_dags/example_nested_branch_dag.py
[2026-04-09T17:23:19.877+0000] {processor.py:830} INFO - Processing file /home/airflow/.local/lib/python3.8/site-packages/airflow/example_dags/example_nested_branch_dag.py for tasks to queue
[2026-04-09T17:23:19.879+0000] {logging_mixin.py:188} INFO - [2026-04-09T17:23:19.879+0000] {dagbag.py:538} INFO - Filling up the DagBag from /home/airflow/.local/lib/python3.8/site-packages/airflow/example_dags/example_nested_branch_dag.py
[2026-04-09T17:23:19.891+0000] {processor.py:840} INFO - DAG(s) 'example_nested_branch_dag' retrieved from /home/airflow/.local/lib/python3.8/site-packages/airflow/example_dags/example_nested_branch_dag.py
[2026-04-09T17:23:19.917+0000] {logging_mixin.py:188} INFO - [2026-04-09T17:23:19.917+0000] {dag.py:3036} INFO - Sync 1 DAGs
[2026-04-09T17:23:19.941+0000] {logging_mixin.py:188} INFO - [2026-04-09T17:23:19.941+0000] {dag.py:3823} INFO - Setting next_dagrun for example_nested_branch_dag to 2026-04-08 00:00:00+00:00, run_after=2026-04-09 00:00:00+00:00
[2026-04-09T17:23:19.970+0000] {processor.py:183} INFO - Processing /home/airflow/.local/lib/python3.8/site-packages/airflow/example_dags/example_nested_branch_dag.py took 0.097 seconds
[2026-04-09T17:23:50.346+0000] {processor.py:161} INFO - Started process (PID=4417) to work on /home/airflow/.local/lib/python3.8/site-packages/airflow/example_dags/example_nested_branch_dag.py
[2026-04-09T17:23:50.348+0000] {processor.py:830} INFO - Processing file /home/airflow/.local/lib/python3.8/site-packages/airflow/example_dags/example_nested_branch_dag.py for tasks to queue
[2026-04-09T17:23:50.350+0000] {logging_mixin.py:188} INFO - [2026-04-09T17:23:50.350+0000] {dagbag.py:538} INFO - Filling up the DagBag from /home/airflow/.local/lib/python3.8/site-packages/airflow/example_dags/example_nested_branch_dag.py
[2026-04-09T17:23:50.365+0000] {processor.py:840} INFO - DAG(s) 'example_nested_branch_dag' retrieved from /home/airflow/.local/lib/python3.8/site-packages/airflow/example_dags/example_nested_branch_dag.py
[2026-04-09T17:23:50.396+0000] {logging_mixin.py:188} INFO - [2026-04-09T17:23:50.395+0000] {dag.py:3036} INFO - Sync 1 DAGs
[2026-04-09T17:23:50.433+0000] {logging_mixin.py:188} INFO - [2026-04-09T17:23:50.433+0000] {dag.py:3823} INFO - Setting next_dagrun for example_nested_branch_dag to 2026-04-08 00:00:00+00:00, run_after=2026-04-09 00:00:00+00:00
[2026-04-09T17:23:50.454+0000] {processor.py:183} INFO - Processing /home/airflow/.local/lib/python3.8/site-packages/airflow/example_dags/example_nested_branch_dag.py took 0.112 seconds
[2026-04-09T17:24:20.503+0000] {processor.py:161} INFO - Started process (PID=4474) to work on /home/airflow/.local/lib/python3.8/site-packages/airflow/example_dags/example_nested_branch_dag.py
[2026-04-09T17:24:20.504+0000] {processor.py:830} INFO - Processing file /home/airflow/.local/lib/python3.8/site-packages/airflow/example_dags/example_nested_branch_dag.py for tasks to queue
[2026-04-09T17:24:20.506+0000] {logging_mixin.py:188} INFO - [2026-04-09T17:24:20.506+0000] {dagbag.py:538} INFO - Filling up the DagBag from /home/airflow/.local/lib/python3.8/site-packages/airflow/example_dags/example_nested_branch_dag.py
[2026-04-09T17:24:20.516+0000] {processor.py:840} INFO - DAG(s) 'example_nested_branch_dag' retrieved from /home/airflow/.local/lib/python3.8/site-packages/airflow/example_dags/example_nested_branch_dag.py
[2026-04-09T17:24:20.547+0000] {logging_mixin.py:188} INFO - [2026-04-09T17:24:20.547+0000] {dag.py:3036} INFO - Sync 1 DAGs
[2026-04-09T17:24:20.573+0000] {logging_mixin.py:188} INFO - [2026-04-09T17:24:20.573+0000] {dag.py:3823} INFO - Setting next_dagrun for example_nested_branch_dag to 2026-04-08 00:00:00+00:00, run_after=2026-04-09 00:00:00+00:00
[2026-04-09T17:24:20.596+0000] {processor.py:183} INFO - Processing /home/airflow/.local/lib/python3.8/site-packages/airflow/example_dags/example_nested_branch_dag.py took 0.097 seconds
[2026-04-09T17:24:50.738+0000] {processor.py:161} INFO - Started process (PID=4531) to work on /home/airflow/.local/lib/python3.8/site-packages/airflow/example_dags/example_nested_branch_dag.py
[2026-04-09T17:24:50.739+0000] {processor.py:830} INFO - Processing file /home/airflow/.local/lib/python3.8/site-packages/airflow/example_dags/example_nested_branch_dag.py for tasks to queue
[2026-04-09T17:24:50.741+0000] {logging_mixin.py:188} INFO - [2026-04-09T17:24:50.741+0000] {dagbag.py:538} INFO - Filling up the DagBag from /home/airflow/.local/lib/python3.8/site-packages/airflow/example_dags/example_nested_branch_dag.py
[2026-04-09T17:24:50.754+0000] {processor.py:840} INFO - DAG(s) 'example_nested_branch_dag' retrieved from /home/airflow/.local/lib/python3.8/site-packages/airflow/example_dags/example_nested_branch_dag.py
[2026-04-09T17:24:50.777+0000] {logging_mixin.py:188} INFO - [2026-04-09T17:24:50.777+0000] {dag.py:3036} INFO - Sync 1 DAGs
[2026-04-09T17:24:50.800+0000] {logging_mixin.py:188} INFO - [2026-04-09T17:24:50.800+0000] {dag.py:3823} INFO - Setting next_dagrun for example_nested_branch_dag to 2026-04-08 00:00:00+00:00, run_after=2026-04-09 00:00:00+00:00
[2026-04-09T17:24:50.823+0000] {processor.py:183} INFO - Processing /home/airflow/.local/lib/python3.8/site-packages/airflow/example_dags/example_nested_branch_dag.py took 0.088 seconds
[2026-04-09T17:25:21.192+0000] {processor.py:161} INFO - Started process (PID=4588) to work on /home/airflow/.local/lib/python3.8/site-packages/airflow/example_dags/example_nested_branch_dag.py
[2026-04-09T17:25:21.193+0000] {processor.py:830} INFO - Processing file /home/airflow/.local/lib/python3.8/site-packages/airflow/example_dags/example_nested_branch_dag.py for tasks to queue
[2026-04-09T17:25:21.196+0000] {logging_mixin.py:188} INFO - [2026-04-09T17:25:21.196+0000] {dagbag.py:538} INFO - Filling up the DagBag from /home/airflow/.local/lib/python3.8/site-packages/airflow/example_dags/example_nested_branch_dag.py
[2026-04-09T17:25:21.210+0000] {processor.py:840} INFO - DAG(s) 'example_nested_branch_dag' retrieved from /home/airflow/.local/lib/python3.8/site-packages/airflow/example_dags/example_nested_branch_dag.py
[2026-04-09T17:25:21.244+0000] {logging_mixin.py:188} INFO - [2026-04-09T17:25:21.244+0000] {dag.py:3036} INFO - Sync 1 DAGs
[2026-04-09T17:25:21.271+0000] {logging_mixin.py:188} INFO - [2026-04-09T17:25:21.271+0000] {dag.py:3823} INFO - Setting next_dagrun for example_nested_branch_dag to 2026-04-08 00:00:00+00:00, run_after=2026-04-09 00:00:00+00:00
[2026-04-09T17:25:21.298+0000] {processor.py:183} INFO - Processing /home/airflow/.local/lib/python3.8/site-packages/airflow/example_dags/example_nested_branch_dag.py took 0.111 seconds
[2026-04-09T17:25:51.606+0000] {processor.py:161} INFO - Started process (PID=4645) to work on /home/airflow/.local/lib/python3.8/site-packages/airflow/example_dags/example_nested_branch_dag.py
[2026-04-09T17:25:51.609+0000] {processor.py:830} INFO - Processing file /home/airflow/.local/lib/python3.8/site-packages/airflow/example_dags/example_nested_branch_dag.py for tasks to queue
[2026-04-09T17:25:51.614+0000] {logging_mixin.py:188} INFO - [2026-04-09T17:25:51.613+0000] {dagbag.py:538} INFO - Filling up the DagBag from /home/airflow/.local/lib/python3.8/site-packages/airflow/example_dags/example_nested_branch_dag.py
[2026-04-09T17:25:51.639+0000] {processor.py:840} INFO - DAG(s) 'example_nested_branch_dag' retrieved from /home/airflow/.local/lib/python3.8/site-packages/airflow/example_dags/example_nested_branch_dag.py
[2026-04-09T17:25:51.681+0000] {logging_mixin.py:188} INFO - [2026-04-09T17:25:51.681+0000] {dag.py:3036} INFO - Sync 1 DAGs
[2026-04-09T17:25:51.720+0000] {logging_mixin.py:188} INFO - [2026-04-09T17:25:51.720+0000] {dag.py:3823} INFO - Setting next_dagrun for example_nested_branch_dag to 2026-04-08 00:00:00+00:00, run_after=2026-04-09 00:00:00+00:00
[2026-04-09T17:25:51.754+0000] {processor.py:183} INFO - Processing /home/airflow/.local/lib/python3.8/site-packages/airflow/example_dags/example_nested_branch_dag.py took 0.156 seconds
[2026-04-09T17:26:22.097+0000] {processor.py:161} INFO - Started process (PID=4702) to work on /home/airflow/.local/lib/python3.8/site-packages/airflow/example_dags/example_nested_branch_dag.py
[2026-04-09T17:26:22.099+0000] {processor.py:830} INFO - Processing file /home/airflow/.local/lib/python3.8/site-packages/airflow/example_dags/example_nested_branch_dag.py for tasks to queue
[2026-04-09T17:26:22.102+0000] {logging_mixin.py:188} INFO - [2026-04-09T17:26:22.102+0000] {dagbag.py:538} INFO - Filling up the DagBag from /home/airflow/.local/lib/python3.8/site-packages/airflow/example_dags/example_nested_branch_dag.py
[2026-04-09T17:26:22.118+0000] {processor.py:840} INFO - DAG(s) 'example_nested_branch_dag' retrieved from /home/airflow/.local/lib/python3.8/site-packages/airflow/example_dags/example_nested_branch_dag.py
[2026-04-09T17:26:22.154+0000] {logging_mixin.py:188} INFO - [2026-04-09T17:26:22.154+0000] {dag.py:3036} INFO - Sync 1 DAGs
[2026-04-09T17:26:22.190+0000] {logging_mixin.py:188} INFO - [2026-04-09T17:26:22.189+0000] {dag.py:3823} INFO - Setting next_dagrun for example_nested_branch_dag to 2026-04-08 00:00:00+00:00, run_after=2026-04-09 00:00:00+00:00
[2026-04-09T17:26:22.225+0000] {processor.py:183} INFO - Processing /home/airflow/.local/lib/python3.8/site-packages/airflow/example_dags/example_nested_branch_dag.py took 0.132 seconds
[2026-04-09T17:26:52.464+0000] {processor.py:161} INFO - Started process (PID=4759) to work on /home/airflow/.local/lib/python3.8/site-packages/airflow/example_dags/example_nested_branch_dag.py
[2026-04-09T17:26:52.466+0000] {processor.py:830} INFO - Processing file /home/airflow/.local/lib/python3.8/site-packages/airflow/example_dags/example_nested_branch_dag.py for tasks to queue
[2026-04-09T17:26:52.468+0000] {logging_mixin.py:188} INFO - [2026-04-09T17:26:52.468+0000] {dagbag.py:538} INFO - Filling up the DagBag from /home/airflow/.local/lib/python3.8/site-packages/airflow/example_dags/example_nested_branch_dag.py
[2026-04-09T17:26:52.484+0000] {processor.py:840} INFO - DAG(s) 'example_nested_branch_dag' retrieved from /home/airflow/.local/lib/python3.8/site-packages/airflow/example_dags/example_nested_branch_dag.py
[2026-04-09T17:26:52.527+0000] {logging_mixin.py:188} INFO - [2026-04-09T17:26:52.527+0000] {dag.py:3036} INFO - Sync 1 DAGs
[2026-04-09T17:26:52.572+0000] {logging_mixin.py:188} INFO - [2026-04-09T17:26:52.572+0000] {dag.py:3823} INFO - Setting next_dagrun for example_nested_branch_dag to 2026-04-08 00:00:00+00:00, run_after=2026-04-09 00:00:00+00:00
[2026-04-09T17:26:52.643+0000] {processor.py:183} INFO - Processing /home/airflow/.local/lib/python3.8/site-packages/airflow/example_dags/example_nested_branch_dag.py took 0.184 seconds
[2026-04-09T17:27:22.766+0000] {processor.py:161} INFO - Started process (PID=4815) to work on /home/airflow/.local/lib/python3.8/site-packages/airflow/example_dags/example_nested_branch_dag.py
[2026-04-09T17:27:22.773+0000] {processor.py:830} INFO - Processing file /home/airflow/.local/lib/python3.8/site-packages/airflow/example_dags/example_nested_branch_dag.py for tasks to queue
[2026-04-09T17:27:22.783+0000] {logging_mixin.py:188} INFO - [2026-04-09T17:27:22.781+0000] {dagbag.py:538} INFO - Filling up the DagBag from /home/airflow/.local/lib/python3.8/site-packages/airflow/example_dags/example_nested_branch_dag.py
[2026-04-09T17:27:22.818+0000] {processor.py:840} INFO - DAG(s) 'example_nested_branch_dag' retrieved from /home/airflow/.local/lib/python3.8/site-packages/airflow/example_dags/example_nested_branch_dag.py
[2026-04-09T17:27:22.890+0000] {logging_mixin.py:188} INFO - [2026-04-09T17:27:22.890+0000] {dag.py:3036} INFO - Sync 1 DAGs
[2026-04-09T17:27:22.957+0000] {logging_mixin.py:188} INFO - [2026-04-09T17:27:22.957+0000] {dag.py:3823} INFO - Setting next_dagrun for example_nested_branch_dag to 2026-04-08 00:00:00+00:00, run_after=2026-04-09 00:00:00+00:00
[2026-04-09T17:27:23.013+0000] {processor.py:183} INFO - Processing /home/airflow/.local/lib/python3.8/site-packages/airflow/example_dags/example_nested_branch_dag.py took 0.262 seconds
[2026-04-09T17:27:53.243+0000] {processor.py:161} INFO - Started process (PID=4873) to work on /home/airflow/.local/lib/python3.8/site-packages/airflow/example_dags/example_nested_branch_dag.py
[2026-04-09T17:27:53.245+0000] {processor.py:830} INFO - Processing file /home/airflow/.local/lib/python3.8/site-packages/airflow/example_dags/example_nested_branch_dag.py for tasks to queue
[2026-04-09T17:27:53.248+0000] {logging_mixin.py:188} INFO - [2026-04-09T17:27:53.248+0000] {dagbag.py:538} INFO - Filling up the DagBag from /home/airflow/.local/lib/python3.8/site-packages/airflow/example_dags/example_nested_branch_dag.py
[2026-04-09T17:27:53.266+0000] {processor.py:840} INFO - DAG(s) 'example_nested_branch_dag' retrieved from /home/airflow/.local/lib/python3.8/site-packages/airflow/example_dags/example_nested_branch_dag.py
[2026-04-09T17:27:53.302+0000] {logging_mixin.py:188} INFO - [2026-04-09T17:27:53.302+0000] {dag.py:3036} INFO - Sync 1 DAGs
[2026-04-09T17:27:53.336+0000] {logging_mixin.py:188} INFO - [2026-04-09T17:27:53.336+0000] {dag.py:3823} INFO - Setting next_dagrun for example_nested_branch_dag to 2026-04-08 00:00:00+00:00, run_after=2026-04-09 00:00:00+00:00
[2026-04-09T17:27:53.389+0000] {processor.py:183} INFO - Processing /home/airflow/.local/lib/python3.8/site-packages/airflow/example_dags/example_nested_branch_dag.py took 0.152 seconds
[2026-04-09T17:28:23.927+0000] {processor.py:161} INFO - Started process (PID=4930) to work on /home/airflow/.local/lib/python3.8/site-packages/airflow/example_dags/example_nested_branch_dag.py
[2026-04-09T17:28:23.929+0000] {processor.py:830} INFO - Processing file /home/airflow/.local/lib/python3.8/site-packages/airflow/example_dags/example_nested_branch_dag.py for tasks to queue
[2026-04-09T17:28:23.933+0000] {logging_mixin.py:188} INFO - [2026-04-09T17:28:23.932+0000] {dagbag.py:538} INFO - Filling up the DagBag from /home/airflow/.local/lib/python3.8/site-packages/airflow/example_dags/example_nested_branch_dag.py
[2026-04-09T17:28:23.948+0000] {processor.py:840} INFO - DAG(s) 'example_nested_branch_dag' retrieved from /home/airflow/.local/lib/python3.8/site-packages/airflow/example_dags/example_nested_branch_dag.py
[2026-04-09T17:28:23.992+0000] {logging_mixin.py:188} INFO - [2026-04-09T17:28:23.991+0000] {dag.py:3036} INFO - Sync 1 DAGs
[2026-04-09T17:28:24.047+0000] {logging_mixin.py:188} INFO - [2026-04-09T17:28:24.046+0000] {dag.py:3823} INFO - Setting next_dagrun for example_nested_branch_dag to 2026-04-08 00:00:00+00:00, run_after=2026-04-09 00:00:00+00:00
[2026-04-09T17:28:24.083+0000] {processor.py:183} INFO - Processing /home/airflow/.local/lib/python3.8/site-packages/airflow/example_dags/example_nested_branch_dag.py took 0.161 seconds
[2026-04-09T17:28:54.789+0000] {processor.py:161} INFO - Started process (PID=4987) to work on /home/airflow/.local/lib/python3.8/site-packages/airflow/example_dags/example_nested_branch_dag.py
[2026-04-09T17:28:54.791+0000] {processor.py:830} INFO - Processing file /home/airflow/.local/lib/python3.8/site-packages/airflow/example_dags/example_nested_branch_dag.py for tasks to queue
[2026-04-09T17:28:54.793+0000] {logging_mixin.py:188} INFO - [2026-04-09T17:28:54.793+0000] {dagbag.py:538} INFO - Filling up the DagBag from /home/airflow/.local/lib/python3.8/site-packages/airflow/example_dags/example_nested_branch_dag.py
[2026-04-09T17:28:54.805+0000] {processor.py:840} INFO - DAG(s) 'example_nested_branch_dag' retrieved from /home/airflow/.local/lib/python3.8/site-packages/airflow/example_dags/example_nested_branch_dag.py
[2026-04-09T17:28:54.837+0000] {logging_mixin.py:188} INFO - [2026-04-09T17:28:54.836+0000] {dag.py:3036} INFO - Sync 1 DAGs
[2026-04-09T17:28:54.869+0000] {logging_mixin.py:188} INFO - [2026-04-09T17:28:54.869+0000] {dag.py:3823} INFO - Setting next_dagrun for example_nested_branch_dag to 2026-04-08 00:00:00+00:00, run_after=2026-04-09 00:00:00+00:00
[2026-04-09T17:28:55.021+0000] {processor.py:183} INFO - Processing /home/airflow/.local/lib/python3.8/site-packages/airflow/example_dags/example_nested_branch_dag.py took 0.235 seconds
[2026-04-09T17:29:25.145+0000] {processor.py:161} INFO - Started process (PID=5043) to work on /home/airflow/.local/lib/python3.8/site-packages/airflow/example_dags/example_nested_branch_dag.py
[2026-04-09T17:29:25.146+0000] {processor.py:830} INFO - Processing file /home/airflow/.local/lib/python3.8/site-packages/airflow/example_dags/example_nested_branch_dag.py for tasks to queue
[2026-04-09T17:29:25.148+0000] {logging_mixin.py:188} INFO - [2026-04-09T17:29:25.148+0000] {dagbag.py:538} INFO - Filling up the DagBag from /home/airflow/.local/lib/python3.8/site-packages/airflow/example_dags/example_nested_branch_dag.py
[2026-04-09T17:29:25.162+0000] {processor.py:840} INFO - DAG(s) 'example_nested_branch_dag' retrieved from /home/airflow/.local/lib/python3.8/site-packages/airflow/example_dags/example_nested_branch_dag.py
[2026-04-09T17:29:25.189+0000] {logging_mixin.py:188} INFO - [2026-04-09T17:29:25.189+0000] {dag.py:3036} INFO - Sync 1 DAGs
[2026-04-09T17:29:25.224+0000] {logging_mixin.py:188} INFO - [2026-04-09T17:29:25.223+0000] {dag.py:3823} INFO - Setting next_dagrun for example_nested_branch_dag to 2026-04-08 00:00:00+00:00, run_after=2026-04-09 00:00:00+00:00
[2026-04-09T17:29:25.260+0000] {processor.py:183} INFO - Processing /home/airflow/.local/lib/python3.8/site-packages/airflow/example_dags/example_nested_branch_dag.py took 0.119 seconds
[2026-04-09T17:29:55.777+0000] {processor.py:161} INFO - Started process (PID=5102) to work on /home/airflow/.local/lib/python3.8/site-packages/airflow/example_dags/example_nested_branch_dag.py
[2026-04-09T17:29:55.779+0000] {processor.py:830} INFO - Processing file /home/airflow/.local/lib/python3.8/site-packages/airflow/example_dags/example_nested_branch_dag.py for tasks to queue
[2026-04-09T17:29:55.782+0000] {logging_mixin.py:188} INFO - [2026-04-09T17:29:55.781+0000] {dagbag.py:538} INFO - Filling up the DagBag from /home/airflow/.local/lib/python3.8/site-packages/airflow/example_dags/example_nested_branch_dag.py
[2026-04-09T17:29:55.796+0000] {processor.py:840} INFO - DAG(s) 'example_nested_branch_dag' retrieved from /home/airflow/.local/lib/python3.8/site-packages/airflow/example_dags/example_nested_branch_dag.py
[2026-04-09T17:29:55.828+0000] {logging_mixin.py:188} INFO - [2026-04-09T17:29:55.827+0000] {dag.py:3036} INFO - Sync 1 DAGs
[2026-04-09T17:29:55.855+0000] {logging_mixin.py:188} INFO - [2026-04-09T17:29:55.855+0000] {dag.py:3823} INFO - Setting next_dagrun for example_nested_branch_dag to 2026-04-08 00:00:00+00:00, run_after=2026-04-09 00:00:00+00:00
[2026-04-09T17:29:56.106+0000] {processor.py:183} INFO - Processing /home/airflow/.local/lib/python3.8/site-packages/airflow/example_dags/example_nested_branch_dag.py took 0.333 seconds
[2026-04-09T17:30:26.309+0000] {processor.py:161} INFO - Started process (PID=5159) to work on /home/airflow/.local/lib/python3.8/site-packages/airflow/example_dags/example_nested_branch_dag.py
[2026-04-09T17:30:26.310+0000] {processor.py:830} INFO - Processing file /home/airflow/.local/lib/python3.8/site-packages/airflow/example_dags/example_nested_branch_dag.py for tasks to queue
[2026-04-09T17:30:26.313+0000] {logging_mixin.py:188} INFO - [2026-04-09T17:30:26.313+0000] {dagbag.py:538} INFO - Filling up the DagBag from /home/airflow/.local/lib/python3.8/site-packages/airflow/example_dags/example_nested_branch_dag.py
[2026-04-09T17:30:26.327+0000] {processor.py:840} INFO - DAG(s) 'example_nested_branch_dag' retrieved from /home/airflow/.local/lib/python3.8/site-packages/airflow/example_dags/example_nested_branch_dag.py
[2026-04-09T17:30:26.360+0000] {logging_mixin.py:188} INFO - [2026-04-09T17:30:26.360+0000] {dag.py:3036} INFO - Sync 1 DAGs
[2026-04-09T17:30:26.396+0000] {logging_mixin.py:188} INFO - [2026-04-09T17:30:26.396+0000] {dag.py:3823} INFO - Setting next_dagrun for example_nested_branch_dag to 2026-04-08 00:00:00+00:00, run_after=2026-04-09 00:00:00+00:00
[2026-04-09T17:30:26.432+0000] {processor.py:183} INFO - Processing /home/airflow/.local/lib/python3.8/site-packages/airflow/example_dags/example_nested_branch_dag.py took 0.128 seconds
[2026-04-09T17:31:09.190+0000] {processor.py:161} INFO - Started process (PID=5216) to work on /home/airflow/.local/lib/python3.8/site-packages/airflow/example_dags/example_nested_branch_dag.py
[2026-04-09T17:31:09.192+0000] {processor.py:830} INFO - Processing file /home/airflow/.local/lib/python3.8/site-packages/airflow/example_dags/example_nested_branch_dag.py for tasks to queue
[2026-04-09T17:31:09.196+0000] {logging_mixin.py:188} INFO - [2026-04-09T17:31:09.195+0000] {dagbag.py:538} INFO - Filling up the DagBag from /home/airflow/.local/lib/python3.8/site-packages/airflow/example_dags/example_nested_branch_dag.py
[2026-04-09T17:31:09.213+0000] {processor.py:840} INFO - DAG(s) 'example_nested_branch_dag' retrieved from /home/airflow/.local/lib/python3.8/site-packages/airflow/example_dags/example_nested_branch_dag.py
[2026-04-09T17:31:09.247+0000] {logging_mixin.py:188} INFO - [2026-04-09T17:31:09.247+0000] {dag.py:3036} INFO - Sync 1 DAGs
[2026-04-09T17:31:09.283+0000] {logging_mixin.py:188} INFO - [2026-04-09T17:31:09.283+0000] {dag.py:3823} INFO - Setting next_dagrun for example_nested_branch_dag to 2026-04-08 00:00:00+00:00, run_after=2026-04-09 00:00:00+00:00
[2026-04-09T17:31:09.314+0000] {processor.py:183} INFO - Processing /home/airflow/.local/lib/python3.8/site-packages/airflow/example_dags/example_nested_branch_dag.py took 0.132 seconds
[2026-04-09T17:32:02.208+0000] {processor.py:161} INFO - Started process (PID=5279) to work on /home/airflow/.local/lib/python3.8/site-packages/airflow/example_dags/example_nested_branch_dag.py
[2026-04-09T17:32:02.211+0000] {processor.py:830} INFO - Processing file /home/airflow/.local/lib/python3.8/site-packages/airflow/example_dags/example_nested_branch_dag.py for tasks to queue
[2026-04-09T17:32:02.215+0000] {logging_mixin.py:188} INFO - [2026-04-09T17:32:02.214+0000] {dagbag.py:538} INFO - Filling up the DagBag from /home/airflow/.local/lib/python3.8/site-packages/airflow/example_dags/example_nested_branch_dag.py
[2026-04-09T17:32:02.236+0000] {processor.py:840} INFO - DAG(s) 'example_nested_branch_dag' retrieved from /home/airflow/.local/lib/python3.8/site-packages/airflow/example_dags/example_nested_branch_dag.py
[2026-04-09T17:32:02.277+0000] {logging_mixin.py:188} INFO - [2026-04-09T17:32:02.277+0000] {dag.py:3036} INFO - Sync 1 DAGs
[2026-04-09T17:32:02.321+0000] {logging_mixin.py:188} INFO - [2026-04-09T17:32:02.321+0000] {dag.py:3823} INFO - Setting next_dagrun for example_nested_branch_dag to 2026-04-08 00:00:00+00:00, run_after=2026-04-09 00:00:00+00:00
[2026-04-09T17:32:02.359+0000] {processor.py:183} INFO - Processing /home/airflow/.local/lib/python3.8/site-packages/airflow/example_dags/example_nested_branch_dag.py took 0.156 seconds
[2026-04-09T17:32:32.715+0000] {processor.py:161} INFO - Started process (PID=5337) to work on /home/airflow/.local/lib/python3.8/site-packages/airflow/example_dags/example_nested_branch_dag.py
[2026-04-09T17:32:32.717+0000] {processor.py:830} INFO - Processing file /home/airflow/.local/lib/python3.8/site-packages/airflow/example_dags/example_nested_branch_dag.py for tasks to queue
[2026-04-09T17:32:32.720+0000] {logging_mixin.py:188} INFO - [2026-04-09T17:32:32.720+0000] {dagbag.py:538} INFO - Filling up the DagBag from /home/airflow/.local/lib/python3.8/site-packages/airflow/example_dags/example_nested_branch_dag.py
[2026-04-09T17:32:32.733+0000] {processor.py:840} INFO - DAG(s) 'example_nested_branch_dag' retrieved from /home/airflow/.local/lib/python3.8/site-packages/airflow/example_dags/example_nested_branch_dag.py
[2026-04-09T17:32:32.764+0000] {logging_mixin.py:188} INFO - [2026-04-09T17:32:32.764+0000] {dag.py:3036} INFO - Sync 1 DAGs
[2026-04-09T17:32:32.802+0000] {logging_mixin.py:188} INFO - [2026-04-09T17:32:32.802+0000] {dag.py:3823} INFO - Setting next_dagrun for example_nested_branch_dag to 2026-04-08 00:00:00+00:00, run_after=2026-04-09 00:00:00+00:00
[2026-04-09T17:32:32.837+0000] {processor.py:183} INFO - Processing /home/airflow/.local/lib/python3.8/site-packages/airflow/example_dags/example_nested_branch_dag.py took 0.129 seconds
[2026-04-09T17:33:07.325+0000] {processor.py:161} INFO - Started process (PID=5394) to work on /home/airflow/.local/lib/python3.8/site-packages/airflow/example_dags/example_nested_branch_dag.py
[2026-04-09T17:33:07.327+0000] {processor.py:830} INFO - Processing file /home/airflow/.local/lib/python3.8/site-packages/airflow/example_dags/example_nested_branch_dag.py for tasks to queue
[2026-04-09T17:33:07.329+0000] {logging_mixin.py:188} INFO - [2026-04-09T17:33:07.329+0000] {dagbag.py:538} INFO - Filling up the DagBag from /home/airflow/.local/lib/python3.8/site-packages/airflow/example_dags/example_nested_branch_dag.py
[2026-04-09T17:33:07.342+0000] {processor.py:840} INFO - DAG(s) 'example_nested_branch_dag' retrieved from /home/airflow/.local/lib/python3.8/site-packages/airflow/example_dags/example_nested_branch_dag.py
[2026-04-09T17:33:07.379+0000] {logging_mixin.py:188} INFO - [2026-04-09T17:33:07.379+0000] {dag.py:3036} INFO - Sync 1 DAGs
[2026-04-09T17:33:07.436+0000] {logging_mixin.py:188} INFO - [2026-04-09T17:33:07.436+0000] {dag.py:3823} INFO - Setting next_dagrun for example_nested_branch_dag to 2026-04-08 00:00:00+00:00, run_after=2026-04-09 00:00:00+00:00
[2026-04-09T17:33:07.865+0000] {processor.py:183} INFO - Processing /home/airflow/.local/lib/python3.8/site-packages/airflow/example_dags/example_nested_branch_dag.py took 0.545 seconds
[2026-04-09T17:33:38.201+0000] {processor.py:161} INFO - Started process (PID=5451) to work on /home/airflow/.local/lib/python3.8/site-packages/airflow/example_dags/example_nested_branch_dag.py
[2026-04-09T17:33:38.203+0000] {processor.py:830} INFO - Processing file /home/airflow/.local/lib/python3.8/site-packages/airflow/example_dags/example_nested_branch_dag.py for tasks to queue
[2026-04-09T17:33:38.208+0000] {logging_mixin.py:188} INFO - [2026-04-09T17:33:38.207+0000] {dagbag.py:538} INFO - Filling up the DagBag from /home/airflow/.local/lib/python3.8/site-packages/airflow/example_dags/example_nested_branch_dag.py
[2026-04-09T17:33:38.228+0000] {processor.py:840} INFO - DAG(s) 'example_nested_branch_dag' retrieved from /home/airflow/.local/lib/python3.8/site-packages/airflow/example_dags/example_nested_branch_dag.py
[2026-04-09T17:33:38.274+0000] {logging_mixin.py:188} INFO - [2026-04-09T17:33:38.273+0000] {dag.py:3036} INFO - Sync 1 DAGs
[2026-04-09T17:33:38.307+0000] {logging_mixin.py:188} INFO - [2026-04-09T17:33:38.307+0000] {dag.py:3823} INFO - Setting next_dagrun for example_nested_branch_dag to 2026-04-08 00:00:00+00:00, run_after=2026-04-09 00:00:00+00:00
[2026-04-09T17:33:38.336+0000] {processor.py:183} INFO - Processing /home/airflow/.local/lib/python3.8/site-packages/airflow/example_dags/example_nested_branch_dag.py took 0.141 seconds
[2026-04-09T17:34:22.048+0000] {processor.py:161} INFO - Started process (PID=5514) to work on /home/airflow/.local/lib/python3.8/site-packages/airflow/example_dags/example_nested_branch_dag.py
[2026-04-09T17:34:22.050+0000] {processor.py:830} INFO - Processing file /home/airflow/.local/lib/python3.8/site-packages/airflow/example_dags/example_nested_branch_dag.py for tasks to queue
[2026-04-09T17:34:22.053+0000] {logging_mixin.py:188} INFO - [2026-04-09T17:34:22.052+0000] {dagbag.py:538} INFO - Filling up the DagBag from /home/airflow/.local/lib/python3.8/site-packages/airflow/example_dags/example_nested_branch_dag.py
[2026-04-09T17:34:22.067+0000] {processor.py:840} INFO - DAG(s) 'example_nested_branch_dag' retrieved from /home/airflow/.local/lib/python3.8/site-packages/airflow/example_dags/example_nested_branch_dag.py
[2026-04-09T17:34:22.101+0000] {logging_mixin.py:188} INFO - [2026-04-09T17:34:22.101+0000] {dag.py:3036} INFO - Sync 1 DAGs
[2026-04-09T17:34:22.138+0000] {logging_mixin.py:188} INFO - [2026-04-09T17:34:22.138+0000] {dag.py:3823} INFO - Setting next_dagrun for example_nested_branch_dag to 2026-04-08 00:00:00+00:00, run_after=2026-04-09 00:00:00+00:00
[2026-04-09T17:34:22.174+0000] {processor.py:183} INFO - Processing /home/airflow/.local/lib/python3.8/site-packages/airflow/example_dags/example_nested_branch_dag.py took 0.132 seconds
[2026-04-09T17:34:52.584+0000] {processor.py:161} INFO - Started process (PID=5571) to work on /home/airflow/.local/lib/python3.8/site-packages/airflow/example_dags/example_nested_branch_dag.py
[2026-04-09T17:34:52.586+0000] {processor.py:830} INFO - Processing file /home/airflow/.local/lib/python3.8/site-packages/airflow/example_dags/example_nested_branch_dag.py for tasks to queue
[2026-04-09T17:34:52.588+0000] {logging_mixin.py:188} INFO - [2026-04-09T17:34:52.588+0000] {dagbag.py:538} INFO - Filling up the DagBag from /home/airflow/.local/lib/python3.8/site-packages/airflow/example_dags/example_nested_branch_dag.py
[2026-04-09T17:34:52.609+0000] {processor.py:840} INFO - DAG(s) 'example_nested_branch_dag' retrieved from /home/airflow/.local/lib/python3.8/site-packages/airflow/example_dags/example_nested_branch_dag.py
[2026-04-09T17:34:52.680+0000] {logging_mixin.py:188} INFO - [2026-04-09T17:34:52.678+0000] {dag.py:3036} INFO - Sync 1 DAGs
[2026-04-09T17:34:52.759+0000] {logging_mixin.py:188} INFO - [2026-04-09T17:34:52.758+0000] {dag.py:3823} INFO - Setting next_dagrun for example_nested_branch_dag to 2026-04-08 00:00:00+00:00, run_after=2026-04-09 00:00:00+00:00
[2026-04-09T17:34:52.824+0000] {processor.py:183} INFO - Processing /home/airflow/.local/lib/python3.8/site-packages/airflow/example_dags/example_nested_branch_dag.py took 0.248 seconds
[2026-04-09T17:35:23.266+0000] {processor.py:161} INFO - Started process (PID=5629) to work on /home/airflow/.local/lib/python3.8/site-packages/airflow/example_dags/example_nested_branch_dag.py
[2026-04-09T17:35:23.268+0000] {processor.py:830} INFO - Processing file /home/airflow/.local/lib/python3.8/site-packages/airflow/example_dags/example_nested_branch_dag.py for tasks to queue
[2026-04-09T17:35:23.272+0000] {logging_mixin.py:188} INFO - [2026-04-09T17:35:23.271+0000] {dagbag.py:538} INFO - Filling up the DagBag from /home/airflow/.local/lib/python3.8/site-packages/airflow/example_dags/example_nested_branch_dag.py
[2026-04-09T17:35:23.291+0000] {processor.py:840} INFO - DAG(s) 'example_nested_branch_dag' retrieved from /home/airflow/.local/lib/python3.8/site-packages/airflow/example_dags/example_nested_branch_dag.py
[2026-04-09T17:35:23.341+0000] {logging_mixin.py:188} INFO - [2026-04-09T17:35:23.340+0000] {dag.py:3036} INFO - Sync 1 DAGs
[2026-04-09T17:35:23.385+0000] {logging_mixin.py:188} INFO - [2026-04-09T17:35:23.385+0000] {dag.py:3823} INFO - Setting next_dagrun for example_nested_branch_dag to 2026-04-08 00:00:00+00:00, run_after=2026-04-09 00:00:00+00:00
[2026-04-09T17:35:23.439+0000] {processor.py:183} INFO - Processing /home/airflow/.local/lib/python3.8/site-packages/airflow/example_dags/example_nested_branch_dag.py took 0.179 seconds
[2026-04-09T17:35:54.084+0000] {processor.py:161} INFO - Started process (PID=5686) to work on /home/airflow/.local/lib/python3.8/site-packages/airflow/example_dags/example_nested_branch_dag.py
[2026-04-09T17:35:54.086+0000] {processor.py:830} INFO - Processing file /home/airflow/.local/lib/python3.8/site-packages/airflow/example_dags/example_nested_branch_dag.py for tasks to queue
[2026-04-09T17:35:54.088+0000] {logging_mixin.py:188} INFO - [2026-04-09T17:35:54.088+0000] {dagbag.py:538} INFO - Filling up the DagBag from /home/airflow/.local/lib/python3.8/site-packages/airflow/example_dags/example_nested_branch_dag.py
[2026-04-09T17:35:54.105+0000] {processor.py:840} INFO - DAG(s) 'example_nested_branch_dag' retrieved from /home/airflow/.local/lib/python3.8/site-packages/airflow/example_dags/example_nested_branch_dag.py
[2026-04-09T17:35:54.133+0000] {logging_mixin.py:188} INFO - [2026-04-09T17:35:54.133+0000] {dag.py:3036} INFO - Sync 1 DAGs
[2026-04-09T17:35:54.165+0000] {logging_mixin.py:188} INFO - [2026-04-09T17:35:54.164+0000] {dag.py:3823} INFO - Setting next_dagrun for example_nested_branch_dag to 2026-04-08 00:00:00+00:00, run_after=2026-04-09 00:00:00+00:00
[2026-04-09T17:35:54.458+0000] {processor.py:183} INFO - Processing /home/airflow/.local/lib/python3.8/site-packages/airflow/example_dags/example_nested_branch_dag.py took 0.379 seconds
[2026-04-09T17:36:24.676+0000] {processor.py:161} INFO - Started process (PID=5743) to work on /home/airflow/.local/lib/python3.8/site-packages/airflow/example_dags/example_nested_branch_dag.py
[2026-04-09T17:36:24.679+0000] {processor.py:830} INFO - Processing file /home/airflow/.local/lib/python3.8/site-packages/airflow/example_dags/example_nested_branch_dag.py for tasks to queue
[2026-04-09T17:36:24.685+0000] {logging_mixin.py:188} INFO - [2026-04-09T17:36:24.684+0000] {dagbag.py:538} INFO - Filling up the DagBag from /home/airflow/.local/lib/python3.8/site-packages/airflow/example_dags/example_nested_branch_dag.py
[2026-04-09T17:36:24.708+0000] {processor.py:840} INFO - DAG(s) 'example_nested_branch_dag' retrieved from /home/airflow/.local/lib/python3.8/site-packages/airflow/example_dags/example_nested_branch_dag.py
[2026-04-09T17:36:24.755+0000] {logging_mixin.py:188} INFO - [2026-04-09T17:36:24.755+0000] {dag.py:3036} INFO - Sync 1 DAGs
[2026-04-09T17:36:24.790+0000] {logging_mixin.py:188} INFO - [2026-04-09T17:36:24.789+0000] {dag.py:3823} INFO - Setting next_dagrun for example_nested_branch_dag to 2026-04-08 00:00:00+00:00, run_after=2026-04-09 00:00:00+00:00
[2026-04-09T17:36:24.960+0000] {processor.py:183} INFO - Processing /home/airflow/.local/lib/python3.8/site-packages/airflow/example_dags/example_nested_branch_dag.py took 0.293 seconds
[2026-04-09T17:36:55.149+0000] {processor.py:161} INFO - Started process (PID=5801) to work on /home/airflow/.local/lib/python3.8/site-packages/airflow/example_dags/example_nested_branch_dag.py
[2026-04-09T17:36:55.151+0000] {processor.py:830} INFO - Processing file /home/airflow/.local/lib/python3.8/site-packages/airflow/example_dags/example_nested_branch_dag.py for tasks to queue
[2026-04-09T17:36:55.156+0000] {logging_mixin.py:188} INFO - [2026-04-09T17:36:55.155+0000] {dagbag.py:538} INFO - Filling up the DagBag from /home/airflow/.local/lib/python3.8/site-packages/airflow/example_dags/example_nested_branch_dag.py
[2026-04-09T17:36:55.173+0000] {processor.py:840} INFO - DAG(s) 'example_nested_branch_dag' retrieved from /home/airflow/.local/lib/python3.8/site-packages/airflow/example_dags/example_nested_branch_dag.py
[2026-04-09T17:36:55.209+0000] {logging_mixin.py:188} INFO - [2026-04-09T17:36:55.208+0000] {dag.py:3036} INFO - Sync 1 DAGs
[2026-04-09T17:36:55.238+0000] {logging_mixin.py:188} INFO - [2026-04-09T17:36:55.238+0000] {dag.py:3823} INFO - Setting next_dagrun for example_nested_branch_dag to 2026-04-08 00:00:00+00:00, run_after=2026-04-09 00:00:00+00:00
[2026-04-09T17:36:55.275+0000] {processor.py:183} INFO - Processing /home/airflow/.local/lib/python3.8/site-packages/airflow/example_dags/example_nested_branch_dag.py took 0.134 seconds
[2026-04-09T17:37:26.121+0000] {processor.py:161} INFO - Started process (PID=5858) to work on /home/airflow/.local/lib/python3.8/site-packages/airflow/example_dags/example_nested_branch_dag.py
[2026-04-09T17:37:26.124+0000] {processor.py:830} INFO - Processing file /home/airflow/.local/lib/python3.8/site-packages/airflow/example_dags/example_nested_branch_dag.py for tasks to queue
[2026-04-09T17:37:26.127+0000] {logging_mixin.py:188} INFO - [2026-04-09T17:37:26.126+0000] {dagbag.py:538} INFO - Filling up the DagBag from /home/airflow/.local/lib/python3.8/site-packages/airflow/example_dags/example_nested_branch_dag.py
[2026-04-09T17:37:26.144+0000] {processor.py:840} INFO - DAG(s) 'example_nested_branch_dag' retrieved from /home/airflow/.local/lib/python3.8/site-packages/airflow/example_dags/example_nested_branch_dag.py
[2026-04-09T17:37:26.178+0000] {logging_mixin.py:188} INFO - [2026-04-09T17:37:26.178+0000] {dag.py:3036} INFO - Sync 1 DAGs
[2026-04-09T17:37:26.208+0000] {logging_mixin.py:188} INFO - [2026-04-09T17:37:26.207+0000] {dag.py:3823} INFO - Setting next_dagrun for example_nested_branch_dag to 2026-04-08 00:00:00+00:00, run_after=2026-04-09 00:00:00+00:00
[2026-04-09T17:37:26.269+0000] {processor.py:183} INFO - Processing /home/airflow/.local/lib/python3.8/site-packages/airflow/example_dags/example_nested_branch_dag.py took 0.152 seconds
[2026-04-09T17:37:56.355+0000] {processor.py:161} INFO - Started process (PID=5915) to work on /home/airflow/.local/lib/python3.8/site-packages/airflow/example_dags/example_nested_branch_dag.py
[2026-04-09T17:37:56.356+0000] {processor.py:830} INFO - Processing file /home/airflow/.local/lib/python3.8/site-packages/airflow/example_dags/example_nested_branch_dag.py for tasks to queue
[2026-04-09T17:37:56.359+0000] {logging_mixin.py:188} INFO - [2026-04-09T17:37:56.358+0000] {dagbag.py:538} INFO - Filling up the DagBag from /home/airflow/.local/lib/python3.8/site-packages/airflow/example_dags/example_nested_branch_dag.py
[2026-04-09T17:37:56.375+0000] {processor.py:840} INFO - DAG(s) 'example_nested_branch_dag' retrieved from /home/airflow/.local/lib/python3.8/site-packages/airflow/example_dags/example_nested_branch_dag.py
[2026-04-09T17:37:56.403+0000] {logging_mixin.py:188} INFO - [2026-04-09T17:37:56.403+0000] {dag.py:3036} INFO - Sync 1 DAGs
[2026-04-09T17:37:56.443+0000] {logging_mixin.py:188} INFO - [2026-04-09T17:37:56.443+0000] {dag.py:3823} INFO - Setting next_dagrun for example_nested_branch_dag to 2026-04-08 00:00:00+00:00, run_after=2026-04-09 00:00:00+00:00
[2026-04-09T17:37:56.475+0000] {processor.py:183} INFO - Processing /home/airflow/.local/lib/python3.8/site-packages/airflow/example_dags/example_nested_branch_dag.py took 0.125 seconds
[2026-04-09T17:38:26.681+0000] {processor.py:161} INFO - Started process (PID=5972) to work on /home/airflow/.local/lib/python3.8/site-packages/airflow/example_dags/example_nested_branch_dag.py
[2026-04-09T17:38:26.683+0000] {processor.py:830} INFO - Processing file /home/airflow/.local/lib/python3.8/site-packages/airflow/example_dags/example_nested_branch_dag.py for tasks to queue
[2026-04-09T17:38:26.685+0000] {logging_mixin.py:188} INFO - [2026-04-09T17:38:26.685+0000] {dagbag.py:538} INFO - Filling up the DagBag from /home/airflow/.local/lib/python3.8/site-packages/airflow/example_dags/example_nested_branch_dag.py
[2026-04-09T17:38:26.697+0000] {processor.py:840} INFO - DAG(s) 'example_nested_branch_dag' retrieved from /home/airflow/.local/lib/python3.8/site-packages/airflow/example_dags/example_nested_branch_dag.py
[2026-04-09T17:38:26.721+0000] {logging_mixin.py:188} INFO - [2026-04-09T17:38:26.721+0000] {dag.py:3036} INFO - Sync 1 DAGs
[2026-04-09T17:38:26.745+0000] {logging_mixin.py:188} INFO - [2026-04-09T17:38:26.745+0000] {dag.py:3823} INFO - Setting next_dagrun for example_nested_branch_dag to 2026-04-08 00:00:00+00:00, run_after=2026-04-09 00:00:00+00:00
[2026-04-09T17:38:26.770+0000] {processor.py:183} INFO - Processing /home/airflow/.local/lib/python3.8/site-packages/airflow/example_dags/example_nested_branch_dag.py took 0.093 seconds
[2026-04-09T17:38:57.035+0000] {processor.py:161} INFO - Started process (PID=6029) to work on /home/airflow/.local/lib/python3.8/site-packages/airflow/example_dags/example_nested_branch_dag.py
[2026-04-09T17:38:57.037+0000] {processor.py:830} INFO - Processing file /home/airflow/.local/lib/python3.8/site-packages/airflow/example_dags/example_nested_branch_dag.py for tasks to queue
[2026-04-09T17:38:57.040+0000] {logging_mixin.py:188} INFO - [2026-04-09T17:38:57.039+0000] {dagbag.py:538} INFO - Filling up the DagBag from /home/airflow/.local/lib/python3.8/site-packages/airflow/example_dags/example_nested_branch_dag.py
[2026-04-09T17:38:57.054+0000] {processor.py:840} INFO - DAG(s) 'example_nested_branch_dag' retrieved from /home/airflow/.local/lib/python3.8/site-packages/airflow/example_dags/example_nested_branch_dag.py
[2026-04-09T17:38:57.083+0000] {logging_mixin.py:188} INFO - [2026-04-09T17:38:57.082+0000] {dag.py:3036} INFO - Sync 1 DAGs
[2026-04-09T17:38:57.110+0000] {logging_mixin.py:188} INFO - [2026-04-09T17:38:57.110+0000] {dag.py:3823} INFO - Setting next_dagrun for example_nested_branch_dag to 2026-04-08 00:00:00+00:00, run_after=2026-04-09 00:00:00+00:00
[2026-04-09T17:38:57.140+0000] {processor.py:183} INFO - Processing /home/airflow/.local/lib/python3.8/site-packages/airflow/example_dags/example_nested_branch_dag.py took 0.109 seconds
[2026-04-09T17:39:27.732+0000] {processor.py:161} INFO - Started process (PID=6086) to work on /home/airflow/.local/lib/python3.8/site-packages/airflow/example_dags/example_nested_branch_dag.py
[2026-04-09T17:39:27.734+0000] {processor.py:830} INFO - Processing file /home/airflow/.local/lib/python3.8/site-packages/airflow/example_dags/example_nested_branch_dag.py for tasks to queue
[2026-04-09T17:39:27.736+0000] {logging_mixin.py:188} INFO - [2026-04-09T17:39:27.736+0000] {dagbag.py:538} INFO - Filling up the DagBag from /home/airflow/.local/lib/python3.8/site-packages/airflow/example_dags/example_nested_branch_dag.py
[2026-04-09T17:39:27.750+0000] {processor.py:840} INFO - DAG(s) 'example_nested_branch_dag' retrieved from /home/airflow/.local/lib/python3.8/site-packages/airflow/example_dags/example_nested_branch_dag.py
[2026-04-09T17:39:27.785+0000] {logging_mixin.py:188} INFO - [2026-04-09T17:39:27.781+0000] {dag.py:3036} INFO - Sync 1 DAGs
[2026-04-09T17:39:27.849+0000] {logging_mixin.py:188} INFO - [2026-04-09T17:39:27.849+0000] {dag.py:3823} INFO - Setting next_dagrun for example_nested_branch_dag to 2026-04-08 00:00:00+00:00, run_after=2026-04-09 00:00:00+00:00
[2026-04-09T17:39:27.887+0000] {processor.py:183} INFO - Processing /home/airflow/.local/lib/python3.8/site-packages/airflow/example_dags/example_nested_branch_dag.py took 0.159 seconds
[2026-04-09T17:39:58.114+0000] {processor.py:161} INFO - Started process (PID=6143) to work on /home/airflow/.local/lib/python3.8/site-packages/airflow/example_dags/example_nested_branch_dag.py
[2026-04-09T17:39:58.116+0000] {processor.py:830} INFO - Processing file /home/airflow/.local/lib/python3.8/site-packages/airflow/example_dags/example_nested_branch_dag.py for tasks to queue
[2026-04-09T17:39:58.120+0000] {logging_mixin.py:188} INFO - [2026-04-09T17:39:58.119+0000] {dagbag.py:538} INFO - Filling up the DagBag from /home/airflow/.local/lib/python3.8/site-packages/airflow/example_dags/example_nested_branch_dag.py
[2026-04-09T17:39:58.140+0000] {processor.py:840} INFO - DAG(s) 'example_nested_branch_dag' retrieved from /home/airflow/.local/lib/python3.8/site-packages/airflow/example_dags/example_nested_branch_dag.py
[2026-04-09T17:39:58.181+0000] {logging_mixin.py:188} INFO - [2026-04-09T17:39:58.181+0000] {dag.py:3036} INFO - Sync 1 DAGs
[2026-04-09T17:39:58.214+0000] {logging_mixin.py:188} INFO - [2026-04-09T17:39:58.214+0000] {dag.py:3823} INFO - Setting next_dagrun for example_nested_branch_dag to 2026-04-08 00:00:00+00:00, run_after=2026-04-09 00:00:00+00:00
[2026-04-09T17:39:58.250+0000] {processor.py:183} INFO - Processing /home/airflow/.local/lib/python3.8/site-packages/airflow/example_dags/example_nested_branch_dag.py took 0.142 seconds
[2026-04-09T17:40:28.560+0000] {processor.py:161} INFO - Started process (PID=6200) to work on /home/airflow/.local/lib/python3.8/site-packages/airflow/example_dags/example_nested_branch_dag.py
[2026-04-09T17:40:28.562+0000] {processor.py:830} INFO - Processing file /home/airflow/.local/lib/python3.8/site-packages/airflow/example_dags/example_nested_branch_dag.py for tasks to queue
[2026-04-09T17:40:28.565+0000] {logging_mixin.py:188} INFO - [2026-04-09T17:40:28.565+0000] {dagbag.py:538} INFO - Filling up the DagBag from /home/airflow/.local/lib/python3.8/site-packages/airflow/example_dags/example_nested_branch_dag.py
[2026-04-09T17:40:28.577+0000] {processor.py:840} INFO - DAG(s) 'example_nested_branch_dag' retrieved from /home/airflow/.local/lib/python3.8/site-packages/airflow/example_dags/example_nested_branch_dag.py
[2026-04-09T17:40:28.610+0000] {logging_mixin.py:188} INFO - [2026-04-09T17:40:28.610+0000] {dag.py:3036} INFO - Sync 1 DAGs
[2026-04-09T17:40:28.647+0000] {logging_mixin.py:188} INFO - [2026-04-09T17:40:28.646+0000] {dag.py:3823} INFO - Setting next_dagrun for example_nested_branch_dag to 2026-04-08 00:00:00+00:00, run_after=2026-04-09 00:00:00+00:00
[2026-04-09T17:40:28.680+0000] {processor.py:183} INFO - Processing /home/airflow/.local/lib/python3.8/site-packages/airflow/example_dags/example_nested_branch_dag.py took 0.125 seconds
[2026-04-09T17:40:59.606+0000] {processor.py:161} INFO - Started process (PID=6257) to work on /home/airflow/.local/lib/python3.8/site-packages/airflow/example_dags/example_nested_branch_dag.py
[2026-04-09T17:40:59.608+0000] {processor.py:830} INFO - Processing file /home/airflow/.local/lib/python3.8/site-packages/airflow/example_dags/example_nested_branch_dag.py for tasks to queue
[2026-04-09T17:40:59.611+0000] {logging_mixin.py:188} INFO - [2026-04-09T17:40:59.610+0000] {dagbag.py:538} INFO - Filling up the DagBag from /home/airflow/.local/lib/python3.8/site-packages/airflow/example_dags/example_nested_branch_dag.py
[2026-04-09T17:40:59.628+0000] {processor.py:840} INFO - DAG(s) 'example_nested_branch_dag' retrieved from /home/airflow/.local/lib/python3.8/site-packages/airflow/example_dags/example_nested_branch_dag.py
[2026-04-09T17:40:59.664+0000] {logging_mixin.py:188} INFO - [2026-04-09T17:40:59.664+0000] {dag.py:3036} INFO - Sync 1 DAGs
[2026-04-09T17:40:59.712+0000] {logging_mixin.py:188} INFO - [2026-04-09T17:40:59.711+0000] {dag.py:3823} INFO - Setting next_dagrun for example_nested_branch_dag to 2026-04-08 00:00:00+00:00, run_after=2026-04-09 00:00:00+00:00
[2026-04-09T17:40:59.749+0000] {processor.py:183} INFO - Processing /home/airflow/.local/lib/python3.8/site-packages/airflow/example_dags/example_nested_branch_dag.py took 0.149 seconds
[2026-04-09T17:41:30.293+0000] {processor.py:161} INFO - Started process (PID=6314) to work on /home/airflow/.local/lib/python3.8/site-packages/airflow/example_dags/example_nested_branch_dag.py
[2026-04-09T17:41:30.295+0000] {processor.py:830} INFO - Processing file /home/airflow/.local/lib/python3.8/site-packages/airflow/example_dags/example_nested_branch_dag.py for tasks to queue
[2026-04-09T17:41:30.299+0000] {logging_mixin.py:188} INFO - [2026-04-09T17:41:30.299+0000] {dagbag.py:538} INFO - Filling up the DagBag from /home/airflow/.local/lib/python3.8/site-packages/airflow/example_dags/example_nested_branch_dag.py
[2026-04-09T17:41:30.329+0000] {processor.py:840} INFO - DAG(s) 'example_nested_branch_dag' retrieved from /home/airflow/.local/lib/python3.8/site-packages/airflow/example_dags/example_nested_branch_dag.py
[2026-04-09T17:41:30.378+0000] {logging_mixin.py:188} INFO - [2026-04-09T17:41:30.377+0000] {dag.py:3036} INFO - Sync 1 DAGs
[2026-04-09T17:41:30.431+0000] {logging_mixin.py:188} INFO - [2026-04-09T17:41:30.430+0000] {dag.py:3823} INFO - Setting next_dagrun for example_nested_branch_dag to 2026-04-08 00:00:00+00:00, run_after=2026-04-09 00:00:00+00:00
[2026-04-09T17:41:30.464+0000] {processor.py:183} INFO - Processing /home/airflow/.local/lib/python3.8/site-packages/airflow/example_dags/example_nested_branch_dag.py took 0.178 seconds
[2026-04-09T17:42:01.018+0000] {processor.py:161} INFO - Started process (PID=6371) to work on /home/airflow/.local/lib/python3.8/site-packages/airflow/example_dags/example_nested_branch_dag.py
[2026-04-09T17:42:01.021+0000] {processor.py:830} INFO - Processing file /home/airflow/.local/lib/python3.8/site-packages/airflow/example_dags/example_nested_branch_dag.py for tasks to queue
[2026-04-09T17:42:01.027+0000] {logging_mixin.py:188} INFO - [2026-04-09T17:42:01.026+0000] {dagbag.py:538} INFO - Filling up the DagBag from /home/airflow/.local/lib/python3.8/site-packages/airflow/example_dags/example_nested_branch_dag.py
[2026-04-09T17:42:01.058+0000] {processor.py:840} INFO - DAG(s) 'example_nested_branch_dag' retrieved from /home/airflow/.local/lib/python3.8/site-packages/airflow/example_dags/example_nested_branch_dag.py
[2026-04-09T17:42:01.122+0000] {logging_mixin.py:188} INFO - [2026-04-09T17:42:01.122+0000] {dag.py:3036} INFO - Sync 1 DAGs
[2026-04-09T17:42:01.190+0000] {logging_mixin.py:188} INFO - [2026-04-09T17:42:01.189+0000] {dag.py:3823} INFO - Setting next_dagrun for example_nested_branch_dag to 2026-04-08 00:00:00+00:00, run_after=2026-04-09 00:00:00+00:00
[2026-04-09T17:42:01.244+0000] {processor.py:183} INFO - Processing /home/airflow/.local/lib/python3.8/site-packages/airflow/example_dags/example_nested_branch_dag.py took 0.236 seconds
[2026-04-09T17:42:31.641+0000] {processor.py:161} INFO - Started process (PID=6428) to work on /home/airflow/.local/lib/python3.8/site-packages/airflow/example_dags/example_nested_branch_dag.py
[2026-04-09T17:42:31.644+0000] {processor.py:830} INFO - Processing file /home/airflow/.local/lib/python3.8/site-packages/airflow/example_dags/example_nested_branch_dag.py for tasks to queue
[2026-04-09T17:42:31.649+0000] {logging_mixin.py:188} INFO - [2026-04-09T17:42:31.648+0000] {dagbag.py:538} INFO - Filling up the DagBag from /home/airflow/.local/lib/python3.8/site-packages/airflow/example_dags/example_nested_branch_dag.py
[2026-04-09T17:42:31.665+0000] {processor.py:840} INFO - DAG(s) 'example_nested_branch_dag' retrieved from /home/airflow/.local/lib/python3.8/site-packages/airflow/example_dags/example_nested_branch_dag.py
[2026-04-09T17:42:31.721+0000] {logging_mixin.py:188} INFO - [2026-04-09T17:42:31.720+0000] {dag.py:3036} INFO - Sync 1 DAGs
[2026-04-09T17:42:31.757+0000] {logging_mixin.py:188} INFO - [2026-04-09T17:42:31.756+0000] {dag.py:3823} INFO - Setting next_dagrun for example_nested_branch_dag to 2026-04-08 00:00:00+00:00, run_after=2026-04-09 00:00:00+00:00
[2026-04-09T17:42:31.797+0000] {processor.py:183} INFO - Processing /home/airflow/.local/lib/python3.8/site-packages/airflow/example_dags/example_nested_branch_dag.py took 0.166 seconds
[2026-04-09T17:43:01.863+0000] {processor.py:161} INFO - Started process (PID=6485) to work on /home/airflow/.local/lib/python3.8/site-packages/airflow/example_dags/example_nested_branch_dag.py
[2026-04-09T17:43:01.866+0000] {processor.py:830} INFO - Processing file /home/airflow/.local/lib/python3.8/site-packages/airflow/example_dags/example_nested_branch_dag.py for tasks to queue
[2026-04-09T17:43:01.869+0000] {logging_mixin.py:188} INFO - [2026-04-09T17:43:01.868+0000] {dagbag.py:538} INFO - Filling up the DagBag from /home/airflow/.local/lib/python3.8/site-packages/airflow/example_dags/example_nested_branch_dag.py
[2026-04-09T17:43:01.881+0000] {processor.py:840} INFO - DAG(s) 'example_nested_branch_dag' retrieved from /home/airflow/.local/lib/python3.8/site-packages/airflow/example_dags/example_nested_branch_dag.py
[2026-04-09T17:43:01.915+0000] {logging_mixin.py:188} INFO - [2026-04-09T17:43:01.914+0000] {dag.py:3036} INFO - Sync 1 DAGs
[2026-04-09T17:43:01.940+0000] {logging_mixin.py:188} INFO - [2026-04-09T17:43:01.940+0000] {dag.py:3823} INFO - Setting next_dagrun for example_nested_branch_dag to 2026-04-08 00:00:00+00:00, run_after=2026-04-09 00:00:00+00:00
[2026-04-09T17:43:01.963+0000] {processor.py:183} INFO - Processing /home/airflow/.local/lib/python3.8/site-packages/airflow/example_dags/example_nested_branch_dag.py took 0.106 seconds
[2026-04-09T17:43:32.090+0000] {processor.py:161} INFO - Started process (PID=6542) to work on /home/airflow/.local/lib/python3.8/site-packages/airflow/example_dags/example_nested_branch_dag.py
[2026-04-09T17:43:32.092+0000] {processor.py:830} INFO - Processing file /home/airflow/.local/lib/python3.8/site-packages/airflow/example_dags/example_nested_branch_dag.py for tasks to queue
[2026-04-09T17:43:32.095+0000] {logging_mixin.py:188} INFO - [2026-04-09T17:43:32.095+0000] {dagbag.py:538} INFO - Filling up the DagBag from /home/airflow/.local/lib/python3.8/site-packages/airflow/example_dags/example_nested_branch_dag.py
[2026-04-09T17:43:32.112+0000] {processor.py:840} INFO - DAG(s) 'example_nested_branch_dag' retrieved from /home/airflow/.local/lib/python3.8/site-packages/airflow/example_dags/example_nested_branch_dag.py
[2026-04-09T17:43:32.145+0000] {logging_mixin.py:188} INFO - [2026-04-09T17:43:32.145+0000] {dag.py:3036} INFO - Sync 1 DAGs
[2026-04-09T17:43:32.180+0000] {logging_mixin.py:188} INFO - [2026-04-09T17:43:32.179+0000] {dag.py:3823} INFO - Setting next_dagrun for example_nested_branch_dag to 2026-04-08 00:00:00+00:00, run_after=2026-04-09 00:00:00+00:00
[2026-04-09T17:43:32.214+0000] {processor.py:183} INFO - Processing /home/airflow/.local/lib/python3.8/site-packages/airflow/example_dags/example_nested_branch_dag.py took 0.129 seconds
[2026-04-09T17:44:02.790+0000] {processor.py:161} INFO - Started process (PID=6599) to work on /home/airflow/.local/lib/python3.8/site-packages/airflow/example_dags/example_nested_branch_dag.py
[2026-04-09T17:44:02.791+0000] {processor.py:830} INFO - Processing file /home/airflow/.local/lib/python3.8/site-packages/airflow/example_dags/example_nested_branch_dag.py for tasks to queue
[2026-04-09T17:44:02.794+0000] {logging_mixin.py:188} INFO - [2026-04-09T17:44:02.793+0000] {dagbag.py:538} INFO - Filling up the DagBag from /home/airflow/.local/lib/python3.8/site-packages/airflow/example_dags/example_nested_branch_dag.py
[2026-04-09T17:44:02.808+0000] {processor.py:840} INFO - DAG(s) 'example_nested_branch_dag' retrieved from /home/airflow/.local/lib/python3.8/site-packages/airflow/example_dags/example_nested_branch_dag.py
[2026-04-09T17:44:02.835+0000] {logging_mixin.py:188} INFO - [2026-04-09T17:44:02.834+0000] {dag.py:3036} INFO - Sync 1 DAGs
[2026-04-09T17:44:02.870+0000] {logging_mixin.py:188} INFO - [2026-04-09T17:44:02.869+0000] {dag.py:3823} INFO - Setting next_dagrun for example_nested_branch_dag to 2026-04-08 00:00:00+00:00, run_after=2026-04-09 00:00:00+00:00
[2026-04-09T17:44:02.903+0000] {processor.py:183} INFO - Processing /home/airflow/.local/lib/python3.8/site-packages/airflow/example_dags/example_nested_branch_dag.py took 0.118 seconds
[2026-04-09T17:44:33.198+0000] {processor.py:161} INFO - Started process (PID=6656) to work on /home/airflow/.local/lib/python3.8/site-packages/airflow/example_dags/example_nested_branch_dag.py
[2026-04-09T17:44:33.200+0000] {processor.py:830} INFO - Processing file /home/airflow/.local/lib/python3.8/site-packages/airflow/example_dags/example_nested_branch_dag.py for tasks to queue
[2026-04-09T17:44:33.203+0000] {logging_mixin.py:188} INFO - [2026-04-09T17:44:33.202+0000] {dagbag.py:538} INFO - Filling up the DagBag from /home/airflow/.local/lib/python3.8/site-packages/airflow/example_dags/example_nested_branch_dag.py
[2026-04-09T17:44:33.216+0000] {processor.py:840} INFO - DAG(s) 'example_nested_branch_dag' retrieved from /home/airflow/.local/lib/python3.8/site-packages/airflow/example_dags/example_nested_branch_dag.py
[2026-04-09T17:44:33.242+0000] {logging_mixin.py:188} INFO - [2026-04-09T17:44:33.242+0000] {dag.py:3036} INFO - Sync 1 DAGs
[2026-04-09T17:44:33.273+0000] {logging_mixin.py:188} INFO - [2026-04-09T17:44:33.272+0000] {dag.py:3823} INFO - Setting next_dagrun for example_nested_branch_dag to 2026-04-08 00:00:00+00:00, run_after=2026-04-09 00:00:00+00:00
[2026-04-09T17:44:33.300+0000] {processor.py:183} INFO - Processing /home/airflow/.local/lib/python3.8/site-packages/airflow/example_dags/example_nested_branch_dag.py took 0.106 seconds
[2026-04-09T17:45:03.742+0000] {processor.py:161} INFO - Started process (PID=6713) to work on /home/airflow/.local/lib/python3.8/site-packages/airflow/example_dags/example_nested_branch_dag.py
[2026-04-09T17:45:03.744+0000] {processor.py:830} INFO - Processing file /home/airflow/.local/lib/python3.8/site-packages/airflow/example_dags/example_nested_branch_dag.py for tasks to queue
[2026-04-09T17:45:03.748+0000] {logging_mixin.py:188} INFO - [2026-04-09T17:45:03.747+0000] {dagbag.py:538} INFO - Filling up the DagBag from /home/airflow/.local/lib/python3.8/site-packages/airflow/example_dags/example_nested_branch_dag.py
[2026-04-09T17:45:03.761+0000] {processor.py:840} INFO - DAG(s) 'example_nested_branch_dag' retrieved from /home/airflow/.local/lib/python3.8/site-packages/airflow/example_dags/example_nested_branch_dag.py
[2026-04-09T17:45:03.797+0000] {logging_mixin.py:188} INFO - [2026-04-09T17:45:03.796+0000] {dag.py:3036} INFO - Sync 1 DAGs
[2026-04-09T17:45:03.843+0000] {logging_mixin.py:188} INFO - [2026-04-09T17:45:03.842+0000] {dag.py:3823} INFO - Setting next_dagrun for example_nested_branch_dag to 2026-04-08 00:00:00+00:00, run_after=2026-04-09 00:00:00+00:00
[2026-04-09T17:45:03.883+0000] {processor.py:183} INFO - Processing /home/airflow/.local/lib/python3.8/site-packages/airflow/example_dags/example_nested_branch_dag.py took 0.146 seconds
[2026-04-09T17:45:34.247+0000] {processor.py:161} INFO - Started process (PID=6770) to work on /home/airflow/.local/lib/python3.8/site-packages/airflow/example_dags/example_nested_branch_dag.py
[2026-04-09T17:45:34.249+0000] {processor.py:830} INFO - Processing file /home/airflow/.local/lib/python3.8/site-packages/airflow/example_dags/example_nested_branch_dag.py for tasks to queue
[2026-04-09T17:45:34.254+0000] {logging_mixin.py:188} INFO - [2026-04-09T17:45:34.253+0000] {dagbag.py:538} INFO - Filling up the DagBag from /home/airflow/.local/lib/python3.8/site-packages/airflow/example_dags/example_nested_branch_dag.py
[2026-04-09T17:45:34.270+0000] {processor.py:840} INFO - DAG(s) 'example_nested_branch_dag' retrieved from /home/airflow/.local/lib/python3.8/site-packages/airflow/example_dags/example_nested_branch_dag.py
[2026-04-09T17:45:34.301+0000] {logging_mixin.py:188} INFO - [2026-04-09T17:45:34.301+0000] {dag.py:3036} INFO - Sync 1 DAGs
[2026-04-09T17:45:34.352+0000] {logging_mixin.py:188} INFO - [2026-04-09T17:45:34.352+0000] {dag.py:3823} INFO - Setting next_dagrun for example_nested_branch_dag to 2026-04-08 00:00:00+00:00, run_after=2026-04-09 00:00:00+00:00
[2026-04-09T17:45:34.389+0000] {processor.py:183} INFO - Processing /home/airflow/.local/lib/python3.8/site-packages/airflow/example_dags/example_nested_branch_dag.py took 0.149 seconds
[2026-04-09T17:46:04.550+0000] {processor.py:161} INFO - Started process (PID=6827) to work on /home/airflow/.local/lib/python3.8/site-packages/airflow/example_dags/example_nested_branch_dag.py
[2026-04-09T17:46:04.552+0000] {processor.py:830} INFO - Processing file /home/airflow/.local/lib/python3.8/site-packages/airflow/example_dags/example_nested_branch_dag.py for tasks to queue
[2026-04-09T17:46:04.557+0000] {logging_mixin.py:188} INFO - [2026-04-09T17:46:04.556+0000] {dagbag.py:538} INFO - Filling up the DagBag from /home/airflow/.local/lib/python3.8/site-packages/airflow/example_dags/example_nested_branch_dag.py
[2026-04-09T17:46:04.585+0000] {processor.py:840} INFO - DAG(s) 'example_nested_branch_dag' retrieved from /home/airflow/.local/lib/python3.8/site-packages/airflow/example_dags/example_nested_branch_dag.py
[2026-04-09T17:46:04.623+0000] {logging_mixin.py:188} INFO - [2026-04-09T17:46:04.623+0000] {dag.py:3036} INFO - Sync 1 DAGs
[2026-04-09T17:46:04.663+0000] {logging_mixin.py:188} INFO - [2026-04-09T17:46:04.663+0000] {dag.py:3823} INFO - Setting next_dagrun for example_nested_branch_dag to 2026-04-08 00:00:00+00:00, run_after=2026-04-09 00:00:00+00:00
[2026-04-09T17:46:04.708+0000] {processor.py:183} INFO - Processing /home/airflow/.local/lib/python3.8/site-packages/airflow/example_dags/example_nested_branch_dag.py took 0.167 seconds
[2026-04-09T17:46:35.080+0000] {processor.py:161} INFO - Started process (PID=6884) to work on /home/airflow/.local/lib/python3.8/site-packages/airflow/example_dags/example_nested_branch_dag.py
[2026-04-09T17:46:35.082+0000] {processor.py:830} INFO - Processing file /home/airflow/.local/lib/python3.8/site-packages/airflow/example_dags/example_nested_branch_dag.py for tasks to queue
[2026-04-09T17:46:35.085+0000] {logging_mixin.py:188} INFO - [2026-04-09T17:46:35.085+0000] {dagbag.py:538} INFO - Filling up the DagBag from /home/airflow/.local/lib/python3.8/site-packages/airflow/example_dags/example_nested_branch_dag.py
[2026-04-09T17:46:35.101+0000] {processor.py:840} INFO - DAG(s) 'example_nested_branch_dag' retrieved from /home/airflow/.local/lib/python3.8/site-packages/airflow/example_dags/example_nested_branch_dag.py
[2026-04-09T17:46:35.131+0000] {logging_mixin.py:188} INFO - [2026-04-09T17:46:35.131+0000] {dag.py:3036} INFO - Sync 1 DAGs
[2026-04-09T17:46:35.158+0000] {logging_mixin.py:188} INFO - [2026-04-09T17:46:35.158+0000] {dag.py:3823} INFO - Setting next_dagrun for example_nested_branch_dag to 2026-04-08 00:00:00+00:00, run_after=2026-04-09 00:00:00+00:00
[2026-04-09T17:46:35.185+0000] {processor.py:183} INFO - Processing /home/airflow/.local/lib/python3.8/site-packages/airflow/example_dags/example_nested_branch_dag.py took 0.111 seconds
[2026-04-09T17:47:05.346+0000] {processor.py:161} INFO - Started process (PID=6941) to work on /home/airflow/.local/lib/python3.8/site-packages/airflow/example_dags/example_nested_branch_dag.py
[2026-04-09T17:47:05.350+0000] {processor.py:830} INFO - Processing file /home/airflow/.local/lib/python3.8/site-packages/airflow/example_dags/example_nested_branch_dag.py for tasks to queue
[2026-04-09T17:47:05.355+0000] {logging_mixin.py:188} INFO - [2026-04-09T17:47:05.354+0000] {dagbag.py:538} INFO - Filling up the DagBag from /home/airflow/.local/lib/python3.8/site-packages/airflow/example_dags/example_nested_branch_dag.py
[2026-04-09T17:47:05.371+0000] {processor.py:840} INFO - DAG(s) 'example_nested_branch_dag' retrieved from /home/airflow/.local/lib/python3.8/site-packages/airflow/example_dags/example_nested_branch_dag.py
[2026-04-09T17:47:05.419+0000] {logging_mixin.py:188} INFO - [2026-04-09T17:47:05.419+0000] {dag.py:3036} INFO - Sync 1 DAGs
[2026-04-09T17:47:05.453+0000] {logging_mixin.py:188} INFO - [2026-04-09T17:47:05.453+0000] {dag.py:3823} INFO - Setting next_dagrun for example_nested_branch_dag to 2026-04-08 00:00:00+00:00, run_after=2026-04-09 00:00:00+00:00
[2026-04-09T17:47:05.479+0000] {processor.py:183} INFO - Processing /home/airflow/.local/lib/python3.8/site-packages/airflow/example_dags/example_nested_branch_dag.py took 0.142 seconds
[2026-04-09T17:47:35.748+0000] {processor.py:161} INFO - Started process (PID=6998) to work on /home/airflow/.local/lib/python3.8/site-packages/airflow/example_dags/example_nested_branch_dag.py
[2026-04-09T17:47:35.750+0000] {processor.py:830} INFO - Processing file /home/airflow/.local/lib/python3.8/site-packages/airflow/example_dags/example_nested_branch_dag.py for tasks to queue
[2026-04-09T17:47:35.752+0000] {logging_mixin.py:188} INFO - [2026-04-09T17:47:35.752+0000] {dagbag.py:538} INFO - Filling up the DagBag from /home/airflow/.local/lib/python3.8/site-packages/airflow/example_dags/example_nested_branch_dag.py
[2026-04-09T17:47:35.764+0000] {processor.py:840} INFO - DAG(s) 'example_nested_branch_dag' retrieved from /home/airflow/.local/lib/python3.8/site-packages/airflow/example_dags/example_nested_branch_dag.py
[2026-04-09T17:47:35.792+0000] {logging_mixin.py:188} INFO - [2026-04-09T17:47:35.792+0000] {dag.py:3036} INFO - Sync 1 DAGs
[2026-04-09T17:47:35.820+0000] {logging_mixin.py:188} INFO - [2026-04-09T17:47:35.820+0000] {dag.py:3823} INFO - Setting next_dagrun for example_nested_branch_dag to 2026-04-08 00:00:00+00:00, run_after=2026-04-09 00:00:00+00:00
[2026-04-09T17:47:35.849+0000] {processor.py:183} INFO - Processing /home/airflow/.local/lib/python3.8/site-packages/airflow/example_dags/example_nested_branch_dag.py took 0.105 seconds
[2026-04-09T17:48:06.174+0000] {processor.py:161} INFO - Started process (PID=7055) to work on /home/airflow/.local/lib/python3.8/site-packages/airflow/example_dags/example_nested_branch_dag.py
[2026-04-09T17:48:06.176+0000] {processor.py:830} INFO - Processing file /home/airflow/.local/lib/python3.8/site-packages/airflow/example_dags/example_nested_branch_dag.py for tasks to queue
[2026-04-09T17:48:06.180+0000] {logging_mixin.py:188} INFO - [2026-04-09T17:48:06.179+0000] {dagbag.py:538} INFO - Filling up the DagBag from /home/airflow/.local/lib/python3.8/site-packages/airflow/example_dags/example_nested_branch_dag.py
[2026-04-09T17:48:06.200+0000] {processor.py:840} INFO - DAG(s) 'example_nested_branch_dag' retrieved from /home/airflow/.local/lib/python3.8/site-packages/airflow/example_dags/example_nested_branch_dag.py
[2026-04-09T17:48:06.254+0000] {logging_mixin.py:188} INFO - [2026-04-09T17:48:06.253+0000] {dag.py:3036} INFO - Sync 1 DAGs
[2026-04-09T17:48:06.307+0000] {logging_mixin.py:188} INFO - [2026-04-09T17:48:06.307+0000] {dag.py:3823} INFO - Setting next_dagrun for example_nested_branch_dag to 2026-04-08 00:00:00+00:00, run_after=2026-04-09 00:00:00+00:00
[2026-04-09T17:48:06.349+0000] {processor.py:183} INFO - Processing /home/airflow/.local/lib/python3.8/site-packages/airflow/example_dags/example_nested_branch_dag.py took 0.182 seconds
[2026-04-09T17:48:36.766+0000] {processor.py:161} INFO - Started process (PID=7113) to work on /home/airflow/.local/lib/python3.8/site-packages/airflow/example_dags/example_nested_branch_dag.py
[2026-04-09T17:48:36.768+0000] {processor.py:830} INFO - Processing file /home/airflow/.local/lib/python3.8/site-packages/airflow/example_dags/example_nested_branch_dag.py for tasks to queue
[2026-04-09T17:48:36.771+0000] {logging_mixin.py:188} INFO - [2026-04-09T17:48:36.771+0000] {dagbag.py:538} INFO - Filling up the DagBag from /home/airflow/.local/lib/python3.8/site-packages/airflow/example_dags/example_nested_branch_dag.py
[2026-04-09T17:48:36.784+0000] {processor.py:840} INFO - DAG(s) 'example_nested_branch_dag' retrieved from /home/airflow/.local/lib/python3.8/site-packages/airflow/example_dags/example_nested_branch_dag.py
[2026-04-09T17:48:36.812+0000] {logging_mixin.py:188} INFO - [2026-04-09T17:48:36.812+0000] {dag.py:3036} INFO - Sync 1 DAGs
[2026-04-09T17:48:36.847+0000] {logging_mixin.py:188} INFO - [2026-04-09T17:48:36.847+0000] {dag.py:3823} INFO - Setting next_dagrun for example_nested_branch_dag to 2026-04-08 00:00:00+00:00, run_after=2026-04-09 00:00:00+00:00
[2026-04-09T17:48:36.885+0000] {processor.py:183} INFO - Processing /home/airflow/.local/lib/python3.8/site-packages/airflow/example_dags/example_nested_branch_dag.py took 0.123 seconds
[2026-04-09T17:49:07.287+0000] {processor.py:161} INFO - Started process (PID=7170) to work on /home/airflow/.local/lib/python3.8/site-packages/airflow/example_dags/example_nested_branch_dag.py
[2026-04-09T17:49:07.290+0000] {processor.py:830} INFO - Processing file /home/airflow/.local/lib/python3.8/site-packages/airflow/example_dags/example_nested_branch_dag.py for tasks to queue
[2026-04-09T17:49:07.296+0000] {logging_mixin.py:188} INFO - [2026-04-09T17:49:07.296+0000] {dagbag.py:538} INFO - Filling up the DagBag from /home/airflow/.local/lib/python3.8/site-packages/airflow/example_dags/example_nested_branch_dag.py
[2026-04-09T17:49:07.317+0000] {processor.py:840} INFO - DAG(s) 'example_nested_branch_dag' retrieved from /home/airflow/.local/lib/python3.8/site-packages/airflow/example_dags/example_nested_branch_dag.py
[2026-04-09T17:49:07.351+0000] {logging_mixin.py:188} INFO - [2026-04-09T17:49:07.350+0000] {dag.py:3036} INFO - Sync 1 DAGs
[2026-04-09T17:49:07.388+0000] {logging_mixin.py:188} INFO - [2026-04-09T17:49:07.388+0000] {dag.py:3823} INFO - Setting next_dagrun for example_nested_branch_dag to 2026-04-08 00:00:00+00:00, run_after=2026-04-09 00:00:00+00:00
[2026-04-09T17:49:07.424+0000] {processor.py:183} INFO - Processing /home/airflow/.local/lib/python3.8/site-packages/airflow/example_dags/example_nested_branch_dag.py took 0.144 seconds
[2026-04-09T17:49:38.023+0000] {processor.py:161} INFO - Started process (PID=7227) to work on /home/airflow/.local/lib/python3.8/site-packages/airflow/example_dags/example_nested_branch_dag.py
[2026-04-09T17:49:38.026+0000] {processor.py:830} INFO - Processing file /home/airflow/.local/lib/python3.8/site-packages/airflow/example_dags/example_nested_branch_dag.py for tasks to queue
[2026-04-09T17:49:38.030+0000] {logging_mixin.py:188} INFO - [2026-04-09T17:49:38.029+0000] {dagbag.py:538} INFO - Filling up the DagBag from /home/airflow/.local/lib/python3.8/site-packages/airflow/example_dags/example_nested_branch_dag.py
[2026-04-09T17:49:38.044+0000] {processor.py:840} INFO - DAG(s) 'example_nested_branch_dag' retrieved from /home/airflow/.local/lib/python3.8/site-packages/airflow/example_dags/example_nested_branch_dag.py
[2026-04-09T17:49:38.074+0000] {logging_mixin.py:188} INFO - [2026-04-09T17:49:38.074+0000] {dag.py:3036} INFO - Sync 1 DAGs
[2026-04-09T17:49:38.137+0000] {logging_mixin.py:188} INFO - [2026-04-09T17:49:38.137+0000] {dag.py:3823} INFO - Setting next_dagrun for example_nested_branch_dag to 2026-04-08 00:00:00+00:00, run_after=2026-04-09 00:00:00+00:00
[2026-04-09T17:49:38.199+0000] {processor.py:183} INFO - Processing /home/airflow/.local/lib/python3.8/site-packages/airflow/example_dags/example_nested_branch_dag.py took 0.182 seconds
[2026-04-09T17:50:08.421+0000] {processor.py:161} INFO - Started process (PID=7284) to work on /home/airflow/.local/lib/python3.8/site-packages/airflow/example_dags/example_nested_branch_dag.py
[2026-04-09T17:50:08.425+0000] {processor.py:830} INFO - Processing file /home/airflow/.local/lib/python3.8/site-packages/airflow/example_dags/example_nested_branch_dag.py for tasks to queue
[2026-04-09T17:50:08.431+0000] {logging_mixin.py:188} INFO - [2026-04-09T17:50:08.430+0000] {dagbag.py:538} INFO - Filling up the DagBag from /home/airflow/.local/lib/python3.8/site-packages/airflow/example_dags/example_nested_branch_dag.py
[2026-04-09T17:50:08.463+0000] {processor.py:840} INFO - DAG(s) 'example_nested_branch_dag' retrieved from /home/airflow/.local/lib/python3.8/site-packages/airflow/example_dags/example_nested_branch_dag.py
[2026-04-09T17:50:08.528+0000] {logging_mixin.py:188} INFO - [2026-04-09T17:50:08.528+0000] {dag.py:3036} INFO - Sync 1 DAGs
[2026-04-09T17:50:08.589+0000] {logging_mixin.py:188} INFO - [2026-04-09T17:50:08.588+0000] {dag.py:3823} INFO - Setting next_dagrun for example_nested_branch_dag to 2026-04-08 00:00:00+00:00, run_after=2026-04-09 00:00:00+00:00
[2026-04-09T17:50:08.638+0000] {processor.py:183} INFO - Processing /home/airflow/.local/lib/python3.8/site-packages/airflow/example_dags/example_nested_branch_dag.py took 0.233 seconds
[2026-04-09T17:50:38.791+0000] {processor.py:161} INFO - Started process (PID=7341) to work on /home/airflow/.local/lib/python3.8/site-packages/airflow/example_dags/example_nested_branch_dag.py
[2026-04-09T17:50:38.794+0000] {processor.py:830} INFO - Processing file /home/airflow/.local/lib/python3.8/site-packages/airflow/example_dags/example_nested_branch_dag.py for tasks to queue
[2026-04-09T17:50:38.801+0000] {logging_mixin.py:188} INFO - [2026-04-09T17:50:38.800+0000] {dagbag.py:538} INFO - Filling up the DagBag from /home/airflow/.local/lib/python3.8/site-packages/airflow/example_dags/example_nested_branch_dag.py
[2026-04-09T17:50:38.833+0000] {processor.py:840} INFO - DAG(s) 'example_nested_branch_dag' retrieved from /home/airflow/.local/lib/python3.8/site-packages/airflow/example_dags/example_nested_branch_dag.py
[2026-04-09T17:50:38.902+0000] {logging_mixin.py:188} INFO - [2026-04-09T17:50:38.901+0000] {dag.py:3036} INFO - Sync 1 DAGs
[2026-04-09T17:50:38.957+0000] {logging_mixin.py:188} INFO - [2026-04-09T17:50:38.957+0000] {dag.py:3823} INFO - Setting next_dagrun for example_nested_branch_dag to 2026-04-08 00:00:00+00:00, run_after=2026-04-09 00:00:00+00:00
[2026-04-09T17:50:38.998+0000] {processor.py:183} INFO - Processing /home/airflow/.local/lib/python3.8/site-packages/airflow/example_dags/example_nested_branch_dag.py took 0.217 seconds
[2026-04-09T17:51:09.873+0000] {processor.py:161} INFO - Started process (PID=7398) to work on /home/airflow/.local/lib/python3.8/site-packages/airflow/example_dags/example_nested_branch_dag.py
[2026-04-09T17:51:09.875+0000] {processor.py:830} INFO - Processing file /home/airflow/.local/lib/python3.8/site-packages/airflow/example_dags/example_nested_branch_dag.py for tasks to queue
[2026-04-09T17:51:09.878+0000] {logging_mixin.py:188} INFO - [2026-04-09T17:51:09.878+0000] {dagbag.py:538} INFO - Filling up the DagBag from /home/airflow/.local/lib/python3.8/site-packages/airflow/example_dags/example_nested_branch_dag.py
[2026-04-09T17:51:09.891+0000] {processor.py:840} INFO - DAG(s) 'example_nested_branch_dag' retrieved from /home/airflow/.local/lib/python3.8/site-packages/airflow/example_dags/example_nested_branch_dag.py
[2026-04-09T17:51:09.927+0000] {logging_mixin.py:188} INFO - [2026-04-09T17:51:09.927+0000] {dag.py:3036} INFO - Sync 1 DAGs
[2026-04-09T17:51:09.959+0000] {logging_mixin.py:188} INFO - [2026-04-09T17:51:09.959+0000] {dag.py:3823} INFO - Setting next_dagrun for example_nested_branch_dag to 2026-04-08 00:00:00+00:00, run_after=2026-04-09 00:00:00+00:00
[2026-04-09T17:51:09.984+0000] {processor.py:183} INFO - Processing /home/airflow/.local/lib/python3.8/site-packages/airflow/example_dags/example_nested_branch_dag.py took 0.118 seconds
[2026-04-09T17:51:40.326+0000] {processor.py:161} INFO - Started process (PID=7455) to work on /home/airflow/.local/lib/python3.8/site-packages/airflow/example_dags/example_nested_branch_dag.py
[2026-04-09T17:51:40.328+0000] {processor.py:830} INFO - Processing file /home/airflow/.local/lib/python3.8/site-packages/airflow/example_dags/example_nested_branch_dag.py for tasks to queue
[2026-04-09T17:51:40.333+0000] {logging_mixin.py:188} INFO - [2026-04-09T17:51:40.332+0000] {dagbag.py:538} INFO - Filling up the DagBag from /home/airflow/.local/lib/python3.8/site-packages/airflow/example_dags/example_nested_branch_dag.py
[2026-04-09T17:51:40.348+0000] {processor.py:840} INFO - DAG(s) 'example_nested_branch_dag' retrieved from /home/airflow/.local/lib/python3.8/site-packages/airflow/example_dags/example_nested_branch_dag.py
[2026-04-09T17:51:40.380+0000] {logging_mixin.py:188} INFO - [2026-04-09T17:51:40.380+0000] {dag.py:3036} INFO - Sync 1 DAGs
[2026-04-09T17:51:40.406+0000] {logging_mixin.py:188} INFO - [2026-04-09T17:51:40.405+0000] {dag.py:3823} INFO - Setting next_dagrun for example_nested_branch_dag to 2026-04-08 00:00:00+00:00, run_after=2026-04-09 00:00:00+00:00
[2026-04-09T17:51:40.436+0000] {processor.py:183} INFO - Processing /home/airflow/.local/lib/python3.8/site-packages/airflow/example_dags/example_nested_branch_dag.py took 0.119 seconds
[2026-04-09T17:52:10.745+0000] {processor.py:161} INFO - Started process (PID=7512) to work on /home/airflow/.local/lib/python3.8/site-packages/airflow/example_dags/example_nested_branch_dag.py
[2026-04-09T17:52:10.749+0000] {processor.py:830} INFO - Processing file /home/airflow/.local/lib/python3.8/site-packages/airflow/example_dags/example_nested_branch_dag.py for tasks to queue
[2026-04-09T17:52:10.753+0000] {logging_mixin.py:188} INFO - [2026-04-09T17:52:10.753+0000] {dagbag.py:538} INFO - Filling up the DagBag from /home/airflow/.local/lib/python3.8/site-packages/airflow/example_dags/example_nested_branch_dag.py
[2026-04-09T17:52:10.771+0000] {processor.py:840} INFO - DAG(s) 'example_nested_branch_dag' retrieved from /home/airflow/.local/lib/python3.8/site-packages/airflow/example_dags/example_nested_branch_dag.py
[2026-04-09T17:52:10.820+0000] {logging_mixin.py:188} INFO - [2026-04-09T17:52:10.820+0000] {dag.py:3036} INFO - Sync 1 DAGs
[2026-04-09T17:52:10.859+0000] {logging_mixin.py:188} INFO - [2026-04-09T17:52:10.858+0000] {dag.py:3823} INFO - Setting next_dagrun for example_nested_branch_dag to 2026-04-08 00:00:00+00:00, run_after=2026-04-09 00:00:00+00:00
[2026-04-09T17:52:10.897+0000] {processor.py:183} INFO - Processing /home/airflow/.local/lib/python3.8/site-packages/airflow/example_dags/example_nested_branch_dag.py took 0.159 seconds
[2026-04-09T17:52:41.262+0000] {processor.py:161} INFO - Started process (PID=7569) to work on /home/airflow/.local/lib/python3.8/site-packages/airflow/example_dags/example_nested_branch_dag.py
[2026-04-09T17:52:41.264+0000] {processor.py:830} INFO - Processing file /home/airflow/.local/lib/python3.8/site-packages/airflow/example_dags/example_nested_branch_dag.py for tasks to queue
[2026-04-09T17:52:41.268+0000] {logging_mixin.py:188} INFO - [2026-04-09T17:52:41.267+0000] {dagbag.py:538} INFO - Filling up the DagBag from /home/airflow/.local/lib/python3.8/site-packages/airflow/example_dags/example_nested_branch_dag.py
[2026-04-09T17:52:41.283+0000] {processor.py:840} INFO - DAG(s) 'example_nested_branch_dag' retrieved from /home/airflow/.local/lib/python3.8/site-packages/airflow/example_dags/example_nested_branch_dag.py
[2026-04-09T17:52:41.317+0000] {logging_mixin.py:188} INFO - [2026-04-09T17:52:41.317+0000] {dag.py:3036} INFO - Sync 1 DAGs
[2026-04-09T17:52:41.352+0000] {logging_mixin.py:188} INFO - [2026-04-09T17:52:41.351+0000] {dag.py:3823} INFO - Setting next_dagrun for example_nested_branch_dag to 2026-04-08 00:00:00+00:00, run_after=2026-04-09 00:00:00+00:00
[2026-04-09T17:52:41.402+0000] {processor.py:183} INFO - Processing /home/airflow/.local/lib/python3.8/site-packages/airflow/example_dags/example_nested_branch_dag.py took 0.145 seconds
[2026-04-09T17:53:11.634+0000] {processor.py:161} INFO - Started process (PID=7627) to work on /home/airflow/.local/lib/python3.8/site-packages/airflow/example_dags/example_nested_branch_dag.py
[2026-04-09T17:53:11.636+0000] {processor.py:830} INFO - Processing file /home/airflow/.local/lib/python3.8/site-packages/airflow/example_dags/example_nested_branch_dag.py for tasks to queue
[2026-04-09T17:53:11.639+0000] {logging_mixin.py:188} INFO - [2026-04-09T17:53:11.638+0000] {dagbag.py:538} INFO - Filling up the DagBag from /home/airflow/.local/lib/python3.8/site-packages/airflow/example_dags/example_nested_branch_dag.py
[2026-04-09T17:53:11.652+0000] {processor.py:840} INFO - DAG(s) 'example_nested_branch_dag' retrieved from /home/airflow/.local/lib/python3.8/site-packages/airflow/example_dags/example_nested_branch_dag.py
[2026-04-09T17:53:11.680+0000] {logging_mixin.py:188} INFO - [2026-04-09T17:53:11.679+0000] {dag.py:3036} INFO - Sync 1 DAGs
[2026-04-09T17:53:11.720+0000] {logging_mixin.py:188} INFO - [2026-04-09T17:53:11.720+0000] {dag.py:3823} INFO - Setting next_dagrun for example_nested_branch_dag to 2026-04-08 00:00:00+00:00, run_after=2026-04-09 00:00:00+00:00
[2026-04-09T17:53:11.748+0000] {processor.py:183} INFO - Processing /home/airflow/.local/lib/python3.8/site-packages/airflow/example_dags/example_nested_branch_dag.py took 0.119 seconds
[2026-04-09T17:53:42.108+0000] {processor.py:161} INFO - Started process (PID=7684) to work on /home/airflow/.local/lib/python3.8/site-packages/airflow/example_dags/example_nested_branch_dag.py
[2026-04-09T17:53:42.110+0000] {processor.py:830} INFO - Processing file /home/airflow/.local/lib/python3.8/site-packages/airflow/example_dags/example_nested_branch_dag.py for tasks to queue
[2026-04-09T17:53:42.113+0000] {logging_mixin.py:188} INFO - [2026-04-09T17:53:42.112+0000] {dagbag.py:538} INFO - Filling up the DagBag from /home/airflow/.local/lib/python3.8/site-packages/airflow/example_dags/example_nested_branch_dag.py
[2026-04-09T17:53:42.124+0000] {processor.py:840} INFO - DAG(s) 'example_nested_branch_dag' retrieved from /home/airflow/.local/lib/python3.8/site-packages/airflow/example_dags/example_nested_branch_dag.py
[2026-04-09T17:53:42.152+0000] {logging_mixin.py:188} INFO - [2026-04-09T17:53:42.151+0000] {dag.py:3036} INFO - Sync 1 DAGs
[2026-04-09T17:53:42.189+0000] {logging_mixin.py:188} INFO - [2026-04-09T17:53:42.188+0000] {dag.py:3823} INFO - Setting next_dagrun for example_nested_branch_dag to 2026-04-08 00:00:00+00:00, run_after=2026-04-09 00:00:00+00:00
[2026-04-09T17:53:42.311+0000] {processor.py:183} INFO - Processing /home/airflow/.local/lib/python3.8/site-packages/airflow/example_dags/example_nested_branch_dag.py took 0.207 seconds
[2026-04-09T17:54:12.785+0000] {processor.py:161} INFO - Started process (PID=7741) to work on /home/airflow/.local/lib/python3.8/site-packages/airflow/example_dags/example_nested_branch_dag.py
[2026-04-09T17:54:12.787+0000] {processor.py:830} INFO - Processing file /home/airflow/.local/lib/python3.8/site-packages/airflow/example_dags/example_nested_branch_dag.py for tasks to queue
[2026-04-09T17:54:12.791+0000] {logging_mixin.py:188} INFO - [2026-04-09T17:54:12.790+0000] {dagbag.py:538} INFO - Filling up the DagBag from /home/airflow/.local/lib/python3.8/site-packages/airflow/example_dags/example_nested_branch_dag.py
[2026-04-09T17:54:12.807+0000] {processor.py:840} INFO - DAG(s) 'example_nested_branch_dag' retrieved from /home/airflow/.local/lib/python3.8/site-packages/airflow/example_dags/example_nested_branch_dag.py
[2026-04-09T17:54:12.838+0000] {logging_mixin.py:188} INFO - [2026-04-09T17:54:12.837+0000] {dag.py:3036} INFO - Sync 1 DAGs
[2026-04-09T17:54:12.875+0000] {logging_mixin.py:188} INFO - [2026-04-09T17:54:12.874+0000] {dag.py:3823} INFO - Setting next_dagrun for example_nested_branch_dag to 2026-04-08 00:00:00+00:00, run_after=2026-04-09 00:00:00+00:00
[2026-04-09T17:54:12.939+0000] {processor.py:183} INFO - Processing /home/airflow/.local/lib/python3.8/site-packages/airflow/example_dags/example_nested_branch_dag.py took 0.160 seconds
[2026-04-09T17:54:43.826+0000] {processor.py:161} INFO - Started process (PID=7798) to work on /home/airflow/.local/lib/python3.8/site-packages/airflow/example_dags/example_nested_branch_dag.py
[2026-04-09T17:54:43.827+0000] {processor.py:830} INFO - Processing file /home/airflow/.local/lib/python3.8/site-packages/airflow/example_dags/example_nested_branch_dag.py for tasks to queue
[2026-04-09T17:54:43.829+0000] {logging_mixin.py:188} INFO - [2026-04-09T17:54:43.829+0000] {dagbag.py:538} INFO - Filling up the DagBag from /home/airflow/.local/lib/python3.8/site-packages/airflow/example_dags/example_nested_branch_dag.py
[2026-04-09T17:54:43.844+0000] {processor.py:840} INFO - DAG(s) 'example_nested_branch_dag' retrieved from /home/airflow/.local/lib/python3.8/site-packages/airflow/example_dags/example_nested_branch_dag.py
[2026-04-09T17:54:43.875+0000] {logging_mixin.py:188} INFO - [2026-04-09T17:54:43.875+0000] {dag.py:3036} INFO - Sync 1 DAGs
[2026-04-09T17:54:43.909+0000] {logging_mixin.py:188} INFO - [2026-04-09T17:54:43.909+0000] {dag.py:3823} INFO - Setting next_dagrun for example_nested_branch_dag to 2026-04-08 00:00:00+00:00, run_after=2026-04-09 00:00:00+00:00
[2026-04-09T17:54:43.940+0000] {processor.py:183} INFO - Processing /home/airflow/.local/lib/python3.8/site-packages/airflow/example_dags/example_nested_branch_dag.py took 0.118 seconds
[2026-04-09T17:55:14.788+0000] {processor.py:161} INFO - Started process (PID=7853) to work on /home/airflow/.local/lib/python3.8/site-packages/airflow/example_dags/example_nested_branch_dag.py
[2026-04-09T17:55:14.791+0000] {processor.py:830} INFO - Processing file /home/airflow/.local/lib/python3.8/site-packages/airflow/example_dags/example_nested_branch_dag.py for tasks to queue
[2026-04-09T17:55:14.794+0000] {logging_mixin.py:188} INFO - [2026-04-09T17:55:14.793+0000] {dagbag.py:538} INFO - Filling up the DagBag from /home/airflow/.local/lib/python3.8/site-packages/airflow/example_dags/example_nested_branch_dag.py
[2026-04-09T17:55:14.814+0000] {processor.py:840} INFO - DAG(s) 'example_nested_branch_dag' retrieved from /home/airflow/.local/lib/python3.8/site-packages/airflow/example_dags/example_nested_branch_dag.py
[2026-04-09T17:55:14.844+0000] {logging_mixin.py:188} INFO - [2026-04-09T17:55:14.844+0000] {dag.py:3036} INFO - Sync 1 DAGs
[2026-04-09T17:55:14.882+0000] {logging_mixin.py:188} INFO - [2026-04-09T17:55:14.881+0000] {dag.py:3823} INFO - Setting next_dagrun for example_nested_branch_dag to 2026-04-08 00:00:00+00:00, run_after=2026-04-09 00:00:00+00:00
[2026-04-09T17:55:14.916+0000] {processor.py:183} INFO - Processing /home/airflow/.local/lib/python3.8/site-packages/airflow/example_dags/example_nested_branch_dag.py took 0.133 seconds
[2026-04-09T17:55:45.361+0000] {processor.py:161} INFO - Started process (PID=7910) to work on /home/airflow/.local/lib/python3.8/site-packages/airflow/example_dags/example_nested_branch_dag.py
[2026-04-09T17:55:45.364+0000] {processor.py:830} INFO - Processing file /home/airflow/.local/lib/python3.8/site-packages/airflow/example_dags/example_nested_branch_dag.py for tasks to queue
[2026-04-09T17:55:45.367+0000] {logging_mixin.py:188} INFO - [2026-04-09T17:55:45.367+0000] {dagbag.py:538} INFO - Filling up the DagBag from /home/airflow/.local/lib/python3.8/site-packages/airflow/example_dags/example_nested_branch_dag.py
[2026-04-09T17:55:45.403+0000] {processor.py:840} INFO - DAG(s) 'example_nested_branch_dag' retrieved from /home/airflow/.local/lib/python3.8/site-packages/airflow/example_dags/example_nested_branch_dag.py
[2026-04-09T17:55:45.453+0000] {logging_mixin.py:188} INFO - [2026-04-09T17:55:45.453+0000] {dag.py:3036} INFO - Sync 1 DAGs
[2026-04-09T17:55:45.492+0000] {logging_mixin.py:188} INFO - [2026-04-09T17:55:45.492+0000] {dag.py:3823} INFO - Setting next_dagrun for example_nested_branch_dag to 2026-04-08 00:00:00+00:00, run_after=2026-04-09 00:00:00+00:00
[2026-04-09T17:55:45.535+0000] {processor.py:183} INFO - Processing /home/airflow/.local/lib/python3.8/site-packages/airflow/example_dags/example_nested_branch_dag.py took 0.180 seconds
[2026-04-09T17:56:16.233+0000] {processor.py:161} INFO - Started process (PID=7967) to work on /home/airflow/.local/lib/python3.8/site-packages/airflow/example_dags/example_nested_branch_dag.py
[2026-04-09T17:56:16.236+0000] {processor.py:830} INFO - Processing file /home/airflow/.local/lib/python3.8/site-packages/airflow/example_dags/example_nested_branch_dag.py for tasks to queue
[2026-04-09T17:56:16.240+0000] {logging_mixin.py:188} INFO - [2026-04-09T17:56:16.239+0000] {dagbag.py:538} INFO - Filling up the DagBag from /home/airflow/.local/lib/python3.8/site-packages/airflow/example_dags/example_nested_branch_dag.py
[2026-04-09T17:56:16.252+0000] {processor.py:840} INFO - DAG(s) 'example_nested_branch_dag' retrieved from /home/airflow/.local/lib/python3.8/site-packages/airflow/example_dags/example_nested_branch_dag.py
[2026-04-09T17:56:16.283+0000] {logging_mixin.py:188} INFO - [2026-04-09T17:56:16.283+0000] {dag.py:3036} INFO - Sync 1 DAGs
[2026-04-09T17:56:16.312+0000] {logging_mixin.py:188} INFO - [2026-04-09T17:56:16.312+0000] {dag.py:3823} INFO - Setting next_dagrun for example_nested_branch_dag to 2026-04-08 00:00:00+00:00, run_after=2026-04-09 00:00:00+00:00
[2026-04-09T17:56:16.340+0000] {processor.py:183} INFO - Processing /home/airflow/.local/lib/python3.8/site-packages/airflow/example_dags/example_nested_branch_dag.py took 0.114 seconds
[2026-04-09T17:56:46.562+0000] {processor.py:161} INFO - Started process (PID=8024) to work on /home/airflow/.local/lib/python3.8/site-packages/airflow/example_dags/example_nested_branch_dag.py
[2026-04-09T17:56:46.565+0000] {processor.py:830} INFO - Processing file /home/airflow/.local/lib/python3.8/site-packages/airflow/example_dags/example_nested_branch_dag.py for tasks to queue
[2026-04-09T17:56:46.569+0000] {logging_mixin.py:188} INFO - [2026-04-09T17:56:46.568+0000] {dagbag.py:538} INFO - Filling up the DagBag from /home/airflow/.local/lib/python3.8/site-packages/airflow/example_dags/example_nested_branch_dag.py
[2026-04-09T17:56:46.586+0000] {processor.py:840} INFO - DAG(s) 'example_nested_branch_dag' retrieved from /home/airflow/.local/lib/python3.8/site-packages/airflow/example_dags/example_nested_branch_dag.py
[2026-04-09T17:56:46.618+0000] {logging_mixin.py:188} INFO - [2026-04-09T17:56:46.618+0000] {dag.py:3036} INFO - Sync 1 DAGs
[2026-04-09T17:56:46.648+0000] {logging_mixin.py:188} INFO - [2026-04-09T17:56:46.647+0000] {dag.py:3823} INFO - Setting next_dagrun for example_nested_branch_dag to 2026-04-08 00:00:00+00:00, run_after=2026-04-09 00:00:00+00:00
[2026-04-09T17:56:46.673+0000] {processor.py:183} INFO - Processing /home/airflow/.local/lib/python3.8/site-packages/airflow/example_dags/example_nested_branch_dag.py took 0.120 seconds
[2026-04-09T17:57:16.951+0000] {processor.py:161} INFO - Started process (PID=8081) to work on /home/airflow/.local/lib/python3.8/site-packages/airflow/example_dags/example_nested_branch_dag.py
[2026-04-09T17:57:16.953+0000] {processor.py:830} INFO - Processing file /home/airflow/.local/lib/python3.8/site-packages/airflow/example_dags/example_nested_branch_dag.py for tasks to queue
[2026-04-09T17:57:16.955+0000] {logging_mixin.py:188} INFO - [2026-04-09T17:57:16.955+0000] {dagbag.py:538} INFO - Filling up the DagBag from /home/airflow/.local/lib/python3.8/site-packages/airflow/example_dags/example_nested_branch_dag.py
[2026-04-09T17:57:16.974+0000] {processor.py:840} INFO - DAG(s) 'example_nested_branch_dag' retrieved from /home/airflow/.local/lib/python3.8/site-packages/airflow/example_dags/example_nested_branch_dag.py
[2026-04-09T17:57:17.004+0000] {logging_mixin.py:188} INFO - [2026-04-09T17:57:17.003+0000] {dag.py:3036} INFO - Sync 1 DAGs
[2026-04-09T17:57:17.036+0000] {logging_mixin.py:188} INFO - [2026-04-09T17:57:17.035+0000] {dag.py:3823} INFO - Setting next_dagrun for example_nested_branch_dag to 2026-04-08 00:00:00+00:00, run_after=2026-04-09 00:00:00+00:00
[2026-04-09T17:57:17.062+0000] {processor.py:183} INFO - Processing /home/airflow/.local/lib/python3.8/site-packages/airflow/example_dags/example_nested_branch_dag.py took 0.117 seconds
[2026-04-09T17:57:47.951+0000] {processor.py:161} INFO - Started process (PID=8138) to work on /home/airflow/.local/lib/python3.8/site-packages/airflow/example_dags/example_nested_branch_dag.py
[2026-04-09T17:57:47.953+0000] {processor.py:830} INFO - Processing file /home/airflow/.local/lib/python3.8/site-packages/airflow/example_dags/example_nested_branch_dag.py for tasks to queue
[2026-04-09T17:57:47.957+0000] {logging_mixin.py:188} INFO - [2026-04-09T17:57:47.956+0000] {dagbag.py:538} INFO - Filling up the DagBag from /home/airflow/.local/lib/python3.8/site-packages/airflow/example_dags/example_nested_branch_dag.py
[2026-04-09T17:57:47.969+0000] {processor.py:840} INFO - DAG(s) 'example_nested_branch_dag' retrieved from /home/airflow/.local/lib/python3.8/site-packages/airflow/example_dags/example_nested_branch_dag.py
[2026-04-09T17:57:47.998+0000] {logging_mixin.py:188} INFO - [2026-04-09T17:57:47.998+0000] {dag.py:3036} INFO - Sync 1 DAGs
[2026-04-09T17:57:48.024+0000] {logging_mixin.py:188} INFO - [2026-04-09T17:57:48.024+0000] {dag.py:3823} INFO - Setting next_dagrun for example_nested_branch_dag to 2026-04-08 00:00:00+00:00, run_after=2026-04-09 00:00:00+00:00
[2026-04-09T17:57:48.050+0000] {processor.py:183} INFO - Processing /home/airflow/.local/lib/python3.8/site-packages/airflow/example_dags/example_nested_branch_dag.py took 0.104 seconds
[2026-04-09T17:58:24.005+0000] {processor.py:161} INFO - Started process (PID=8201) to work on /home/airflow/.local/lib/python3.8/site-packages/airflow/example_dags/example_nested_branch_dag.py
[2026-04-09T17:58:24.007+0000] {processor.py:830} INFO - Processing file /home/airflow/.local/lib/python3.8/site-packages/airflow/example_dags/example_nested_branch_dag.py for tasks to queue
[2026-04-09T17:58:24.010+0000] {logging_mixin.py:188} INFO - [2026-04-09T17:58:24.009+0000] {dagbag.py:538} INFO - Filling up the DagBag from /home/airflow/.local/lib/python3.8/site-packages/airflow/example_dags/example_nested_branch_dag.py
[2026-04-09T17:58:24.023+0000] {processor.py:840} INFO - DAG(s) 'example_nested_branch_dag' retrieved from /home/airflow/.local/lib/python3.8/site-packages/airflow/example_dags/example_nested_branch_dag.py
[2026-04-09T17:58:24.050+0000] {logging_mixin.py:188} INFO - [2026-04-09T17:58:24.050+0000] {dag.py:3036} INFO - Sync 1 DAGs
[2026-04-09T17:58:24.075+0000] {logging_mixin.py:188} INFO - [2026-04-09T17:58:24.075+0000] {dag.py:3823} INFO - Setting next_dagrun for example_nested_branch_dag to 2026-04-08 00:00:00+00:00, run_after=2026-04-09 00:00:00+00:00
[2026-04-09T17:58:25.035+0000] {processor.py:183} INFO - Processing /home/airflow/.local/lib/python3.8/site-packages/airflow/example_dags/example_nested_branch_dag.py took 1.037 seconds
[2026-04-09T17:58:55.460+0000] {processor.py:161} INFO - Started process (PID=8258) to work on /home/airflow/.local/lib/python3.8/site-packages/airflow/example_dags/example_nested_branch_dag.py
[2026-04-09T17:58:55.463+0000] {processor.py:830} INFO - Processing file /home/airflow/.local/lib/python3.8/site-packages/airflow/example_dags/example_nested_branch_dag.py for tasks to queue
[2026-04-09T17:58:55.468+0000] {logging_mixin.py:188} INFO - [2026-04-09T17:58:55.467+0000] {dagbag.py:538} INFO - Filling up the DagBag from /home/airflow/.local/lib/python3.8/site-packages/airflow/example_dags/example_nested_branch_dag.py
[2026-04-09T17:58:55.491+0000] {processor.py:840} INFO - DAG(s) 'example_nested_branch_dag' retrieved from /home/airflow/.local/lib/python3.8/site-packages/airflow/example_dags/example_nested_branch_dag.py
[2026-04-09T17:58:55.549+0000] {logging_mixin.py:188} INFO - [2026-04-09T17:58:55.548+0000] {dag.py:3036} INFO - Sync 1 DAGs
[2026-04-09T17:58:55.620+0000] {logging_mixin.py:188} INFO - [2026-04-09T17:58:55.619+0000] {dag.py:3823} INFO - Setting next_dagrun for example_nested_branch_dag to 2026-04-08 00:00:00+00:00, run_after=2026-04-09 00:00:00+00:00
[2026-04-09T17:58:55.669+0000] {processor.py:183} INFO - Processing /home/airflow/.local/lib/python3.8/site-packages/airflow/example_dags/example_nested_branch_dag.py took 0.218 seconds
[2026-04-09T17:59:25.865+0000] {processor.py:161} INFO - Started process (PID=8315) to work on /home/airflow/.local/lib/python3.8/site-packages/airflow/example_dags/example_nested_branch_dag.py
[2026-04-09T17:59:25.868+0000] {processor.py:830} INFO - Processing file /home/airflow/.local/lib/python3.8/site-packages/airflow/example_dags/example_nested_branch_dag.py for tasks to queue
[2026-04-09T17:59:25.872+0000] {logging_mixin.py:188} INFO - [2026-04-09T17:59:25.871+0000] {dagbag.py:538} INFO - Filling up the DagBag from /home/airflow/.local/lib/python3.8/site-packages/airflow/example_dags/example_nested_branch_dag.py
[2026-04-09T17:59:25.885+0000] {processor.py:840} INFO - DAG(s) 'example_nested_branch_dag' retrieved from /home/airflow/.local/lib/python3.8/site-packages/airflow/example_dags/example_nested_branch_dag.py
[2026-04-09T17:59:25.912+0000] {logging_mixin.py:188} INFO - [2026-04-09T17:59:25.912+0000] {dag.py:3036} INFO - Sync 1 DAGs
[2026-04-09T17:59:25.939+0000] {logging_mixin.py:188} INFO - [2026-04-09T17:59:25.939+0000] {dag.py:3823} INFO - Setting next_dagrun for example_nested_branch_dag to 2026-04-08 00:00:00+00:00, run_after=2026-04-09 00:00:00+00:00
[2026-04-09T17:59:25.961+0000] {processor.py:183} INFO - Processing /home/airflow/.local/lib/python3.8/site-packages/airflow/example_dags/example_nested_branch_dag.py took 0.105 seconds
[2026-04-09T17:59:56.146+0000] {processor.py:161} INFO - Started process (PID=8372) to work on /home/airflow/.local/lib/python3.8/site-packages/airflow/example_dags/example_nested_branch_dag.py
[2026-04-09T17:59:56.148+0000] {processor.py:830} INFO - Processing file /home/airflow/.local/lib/python3.8/site-packages/airflow/example_dags/example_nested_branch_dag.py for tasks to queue
[2026-04-09T17:59:56.153+0000] {logging_mixin.py:188} INFO - [2026-04-09T17:59:56.152+0000] {dagbag.py:538} INFO - Filling up the DagBag from /home/airflow/.local/lib/python3.8/site-packages/airflow/example_dags/example_nested_branch_dag.py
[2026-04-09T17:59:56.178+0000] {processor.py:840} INFO - DAG(s) 'example_nested_branch_dag' retrieved from /home/airflow/.local/lib/python3.8/site-packages/airflow/example_dags/example_nested_branch_dag.py
[2026-04-09T17:59:56.222+0000] {logging_mixin.py:188} INFO - [2026-04-09T17:59:56.221+0000] {dag.py:3036} INFO - Sync 1 DAGs
[2026-04-09T17:59:56.258+0000] {logging_mixin.py:188} INFO - [2026-04-09T17:59:56.258+0000] {dag.py:3823} INFO - Setting next_dagrun for example_nested_branch_dag to 2026-04-08 00:00:00+00:00, run_after=2026-04-09 00:00:00+00:00
[2026-04-09T17:59:56.300+0000] {processor.py:183} INFO - Processing /home/airflow/.local/lib/python3.8/site-packages/airflow/example_dags/example_nested_branch_dag.py took 0.160 seconds
[2026-04-09T18:00:26.874+0000] {processor.py:161} INFO - Started process (PID=8429) to work on /home/airflow/.local/lib/python3.8/site-packages/airflow/example_dags/example_nested_branch_dag.py
[2026-04-09T18:00:26.876+0000] {processor.py:830} INFO - Processing file /home/airflow/.local/lib/python3.8/site-packages/airflow/example_dags/example_nested_branch_dag.py for tasks to queue
[2026-04-09T18:00:26.880+0000] {logging_mixin.py:188} INFO - [2026-04-09T18:00:26.880+0000] {dagbag.py:538} INFO - Filling up the DagBag from /home/airflow/.local/lib/python3.8/site-packages/airflow/example_dags/example_nested_branch_dag.py
[2026-04-09T18:00:26.901+0000] {processor.py:840} INFO - DAG(s) 'example_nested_branch_dag' retrieved from /home/airflow/.local/lib/python3.8/site-packages/airflow/example_dags/example_nested_branch_dag.py
[2026-04-09T18:00:26.942+0000] {logging_mixin.py:188} INFO - [2026-04-09T18:00:26.942+0000] {dag.py:3036} INFO - Sync 1 DAGs
[2026-04-09T18:00:26.982+0000] {logging_mixin.py:188} INFO - [2026-04-09T18:00:26.982+0000] {dag.py:3823} INFO - Setting next_dagrun for example_nested_branch_dag to 2026-04-08 00:00:00+00:00, run_after=2026-04-09 00:00:00+00:00
[2026-04-09T18:00:27.017+0000] {processor.py:183} INFO - Processing /home/airflow/.local/lib/python3.8/site-packages/airflow/example_dags/example_nested_branch_dag.py took 0.151 seconds
[2026-04-09T18:00:57.425+0000] {processor.py:161} INFO - Started process (PID=8487) to work on /home/airflow/.local/lib/python3.8/site-packages/airflow/example_dags/example_nested_branch_dag.py
[2026-04-09T18:00:57.429+0000] {processor.py:830} INFO - Processing file /home/airflow/.local/lib/python3.8/site-packages/airflow/example_dags/example_nested_branch_dag.py for tasks to queue
[2026-04-09T18:00:57.434+0000] {logging_mixin.py:188} INFO - [2026-04-09T18:00:57.433+0000] {dagbag.py:538} INFO - Filling up the DagBag from /home/airflow/.local/lib/python3.8/site-packages/airflow/example_dags/example_nested_branch_dag.py
[2026-04-09T18:00:57.454+0000] {processor.py:840} INFO - DAG(s) 'example_nested_branch_dag' retrieved from /home/airflow/.local/lib/python3.8/site-packages/airflow/example_dags/example_nested_branch_dag.py
[2026-04-09T18:00:57.485+0000] {logging_mixin.py:188} INFO - [2026-04-09T18:00:57.484+0000] {dag.py:3036} INFO - Sync 1 DAGs
[2026-04-09T18:00:57.520+0000] {logging_mixin.py:188} INFO - [2026-04-09T18:00:57.520+0000] {dag.py:3823} INFO - Setting next_dagrun for example_nested_branch_dag to 2026-04-08 00:00:00+00:00, run_after=2026-04-09 00:00:00+00:00
[2026-04-09T18:00:57.546+0000] {processor.py:183} INFO - Processing /home/airflow/.local/lib/python3.8/site-packages/airflow/example_dags/example_nested_branch_dag.py took 0.132 seconds
[2026-04-09T18:01:27.772+0000] {processor.py:161} INFO - Started process (PID=8544) to work on /home/airflow/.local/lib/python3.8/site-packages/airflow/example_dags/example_nested_branch_dag.py
[2026-04-09T18:01:27.774+0000] {processor.py:830} INFO - Processing file /home/airflow/.local/lib/python3.8/site-packages/airflow/example_dags/example_nested_branch_dag.py for tasks to queue
[2026-04-09T18:01:27.777+0000] {logging_mixin.py:188} INFO - [2026-04-09T18:01:27.776+0000] {dagbag.py:538} INFO - Filling up the DagBag from /home/airflow/.local/lib/python3.8/site-packages/airflow/example_dags/example_nested_branch_dag.py
[2026-04-09T18:01:27.792+0000] {processor.py:840} INFO - DAG(s) 'example_nested_branch_dag' retrieved from /home/airflow/.local/lib/python3.8/site-packages/airflow/example_dags/example_nested_branch_dag.py
[2026-04-09T18:01:27.824+0000] {logging_mixin.py:188} INFO - [2026-04-09T18:01:27.824+0000] {dag.py:3036} INFO - Sync 1 DAGs
[2026-04-09T18:01:27.853+0000] {logging_mixin.py:188} INFO - [2026-04-09T18:01:27.852+0000] {dag.py:3823} INFO - Setting next_dagrun for example_nested_branch_dag to 2026-04-08 00:00:00+00:00, run_after=2026-04-09 00:00:00+00:00
[2026-04-09T18:01:27.877+0000] {processor.py:183} INFO - Processing /home/airflow/.local/lib/python3.8/site-packages/airflow/example_dags/example_nested_branch_dag.py took 0.110 seconds
[2026-04-09T18:01:58.606+0000] {processor.py:161} INFO - Started process (PID=8601) to work on /home/airflow/.local/lib/python3.8/site-packages/airflow/example_dags/example_nested_branch_dag.py
[2026-04-09T18:01:58.608+0000] {processor.py:830} INFO - Processing file /home/airflow/.local/lib/python3.8/site-packages/airflow/example_dags/example_nested_branch_dag.py for tasks to queue
[2026-04-09T18:01:58.612+0000] {logging_mixin.py:188} INFO - [2026-04-09T18:01:58.611+0000] {dagbag.py:538} INFO - Filling up the DagBag from /home/airflow/.local/lib/python3.8/site-packages/airflow/example_dags/example_nested_branch_dag.py
[2026-04-09T18:01:58.629+0000] {processor.py:840} INFO - DAG(s) 'example_nested_branch_dag' retrieved from /home/airflow/.local/lib/python3.8/site-packages/airflow/example_dags/example_nested_branch_dag.py
[2026-04-09T18:01:58.657+0000] {logging_mixin.py:188} INFO - [2026-04-09T18:01:58.657+0000] {dag.py:3036} INFO - Sync 1 DAGs
[2026-04-09T18:01:58.685+0000] {logging_mixin.py:188} INFO - [2026-04-09T18:01:58.685+0000] {dag.py:3823} INFO - Setting next_dagrun for example_nested_branch_dag to 2026-04-08 00:00:00+00:00, run_after=2026-04-09 00:00:00+00:00
[2026-04-09T18:01:58.711+0000] {processor.py:183} INFO - Processing /home/airflow/.local/lib/python3.8/site-packages/airflow/example_dags/example_nested_branch_dag.py took 0.110 seconds
[2026-04-09T18:02:28.857+0000] {processor.py:161} INFO - Started process (PID=8658) to work on /home/airflow/.local/lib/python3.8/site-packages/airflow/example_dags/example_nested_branch_dag.py
[2026-04-09T18:02:28.859+0000] {processor.py:830} INFO - Processing file /home/airflow/.local/lib/python3.8/site-packages/airflow/example_dags/example_nested_branch_dag.py for tasks to queue
[2026-04-09T18:02:28.861+0000] {logging_mixin.py:188} INFO - [2026-04-09T18:02:28.861+0000] {dagbag.py:538} INFO - Filling up the DagBag from /home/airflow/.local/lib/python3.8/site-packages/airflow/example_dags/example_nested_branch_dag.py
[2026-04-09T18:02:28.876+0000] {processor.py:840} INFO - DAG(s) 'example_nested_branch_dag' retrieved from /home/airflow/.local/lib/python3.8/site-packages/airflow/example_dags/example_nested_branch_dag.py
[2026-04-09T18:02:28.911+0000] {logging_mixin.py:188} INFO - [2026-04-09T18:02:28.911+0000] {dag.py:3036} INFO - Sync 1 DAGs
[2026-04-09T18:02:28.942+0000] {logging_mixin.py:188} INFO - [2026-04-09T18:02:28.941+0000] {dag.py:3823} INFO - Setting next_dagrun for example_nested_branch_dag to 2026-04-08 00:00:00+00:00, run_after=2026-04-09 00:00:00+00:00
[2026-04-09T18:02:28.992+0000] {processor.py:183} INFO - Processing /home/airflow/.local/lib/python3.8/site-packages/airflow/example_dags/example_nested_branch_dag.py took 0.140 seconds
[2026-04-09T18:02:59.721+0000] {processor.py:161} INFO - Started process (PID=8715) to work on /home/airflow/.local/lib/python3.8/site-packages/airflow/example_dags/example_nested_branch_dag.py
[2026-04-09T18:02:59.722+0000] {processor.py:830} INFO - Processing file /home/airflow/.local/lib/python3.8/site-packages/airflow/example_dags/example_nested_branch_dag.py for tasks to queue
[2026-04-09T18:02:59.725+0000] {logging_mixin.py:188} INFO - [2026-04-09T18:02:59.725+0000] {dagbag.py:538} INFO - Filling up the DagBag from /home/airflow/.local/lib/python3.8/site-packages/airflow/example_dags/example_nested_branch_dag.py
[2026-04-09T18:02:59.744+0000] {processor.py:840} INFO - DAG(s) 'example_nested_branch_dag' retrieved from /home/airflow/.local/lib/python3.8/site-packages/airflow/example_dags/example_nested_branch_dag.py
[2026-04-09T18:02:59.776+0000] {logging_mixin.py:188} INFO - [2026-04-09T18:02:59.776+0000] {dag.py:3036} INFO - Sync 1 DAGs
[2026-04-09T18:02:59.801+0000] {logging_mixin.py:188} INFO - [2026-04-09T18:02:59.801+0000] {dag.py:3823} INFO - Setting next_dagrun for example_nested_branch_dag to 2026-04-08 00:00:00+00:00, run_after=2026-04-09 00:00:00+00:00
[2026-04-09T18:02:59.828+0000] {processor.py:183} INFO - Processing /home/airflow/.local/lib/python3.8/site-packages/airflow/example_dags/example_nested_branch_dag.py took 0.112 seconds
[2026-04-09T18:03:30.018+0000] {processor.py:161} INFO - Started process (PID=8772) to work on /home/airflow/.local/lib/python3.8/site-packages/airflow/example_dags/example_nested_branch_dag.py
[2026-04-09T18:03:30.020+0000] {processor.py:830} INFO - Processing file /home/airflow/.local/lib/python3.8/site-packages/airflow/example_dags/example_nested_branch_dag.py for tasks to queue
[2026-04-09T18:03:30.023+0000] {logging_mixin.py:188} INFO - [2026-04-09T18:03:30.022+0000] {dagbag.py:538} INFO - Filling up the DagBag from /home/airflow/.local/lib/python3.8/site-packages/airflow/example_dags/example_nested_branch_dag.py
[2026-04-09T18:03:30.037+0000] {processor.py:840} INFO - DAG(s) 'example_nested_branch_dag' retrieved from /home/airflow/.local/lib/python3.8/site-packages/airflow/example_dags/example_nested_branch_dag.py
[2026-04-09T18:03:30.065+0000] {logging_mixin.py:188} INFO - [2026-04-09T18:03:30.065+0000] {dag.py:3036} INFO - Sync 1 DAGs
[2026-04-09T18:03:30.099+0000] {logging_mixin.py:188} INFO - [2026-04-09T18:03:30.098+0000] {dag.py:3823} INFO - Setting next_dagrun for example_nested_branch_dag to 2026-04-08 00:00:00+00:00, run_after=2026-04-09 00:00:00+00:00
[2026-04-09T18:03:30.125+0000] {processor.py:183} INFO - Processing /home/airflow/.local/lib/python3.8/site-packages/airflow/example_dags/example_nested_branch_dag.py took 0.111 seconds
[2026-04-09T18:04:00.404+0000] {processor.py:161} INFO - Started process (PID=8829) to work on /home/airflow/.local/lib/python3.8/site-packages/airflow/example_dags/example_nested_branch_dag.py
[2026-04-09T18:04:00.406+0000] {processor.py:830} INFO - Processing file /home/airflow/.local/lib/python3.8/site-packages/airflow/example_dags/example_nested_branch_dag.py for tasks to queue
[2026-04-09T18:04:00.409+0000] {logging_mixin.py:188} INFO - [2026-04-09T18:04:00.409+0000] {dagbag.py:538} INFO - Filling up the DagBag from /home/airflow/.local/lib/python3.8/site-packages/airflow/example_dags/example_nested_branch_dag.py
[2026-04-09T18:04:00.422+0000] {processor.py:840} INFO - DAG(s) 'example_nested_branch_dag' retrieved from /home/airflow/.local/lib/python3.8/site-packages/airflow/example_dags/example_nested_branch_dag.py
[2026-04-09T18:04:00.455+0000] {logging_mixin.py:188} INFO - [2026-04-09T18:04:00.455+0000] {dag.py:3036} INFO - Sync 1 DAGs
[2026-04-09T18:04:00.486+0000] {logging_mixin.py:188} INFO - [2026-04-09T18:04:00.486+0000] {dag.py:3823} INFO - Setting next_dagrun for example_nested_branch_dag to 2026-04-08 00:00:00+00:00, run_after=2026-04-09 00:00:00+00:00
[2026-04-09T18:04:00.515+0000] {processor.py:183} INFO - Processing /home/airflow/.local/lib/python3.8/site-packages/airflow/example_dags/example_nested_branch_dag.py took 0.116 seconds
[2026-04-09T18:04:31.339+0000] {processor.py:161} INFO - Started process (PID=8887) to work on /home/airflow/.local/lib/python3.8/site-packages/airflow/example_dags/example_nested_branch_dag.py
[2026-04-09T18:04:31.341+0000] {processor.py:830} INFO - Processing file /home/airflow/.local/lib/python3.8/site-packages/airflow/example_dags/example_nested_branch_dag.py for tasks to queue
[2026-04-09T18:04:31.345+0000] {logging_mixin.py:188} INFO - [2026-04-09T18:04:31.344+0000] {dagbag.py:538} INFO - Filling up the DagBag from /home/airflow/.local/lib/python3.8/site-packages/airflow/example_dags/example_nested_branch_dag.py
[2026-04-09T18:04:31.362+0000] {processor.py:840} INFO - DAG(s) 'example_nested_branch_dag' retrieved from /home/airflow/.local/lib/python3.8/site-packages/airflow/example_dags/example_nested_branch_dag.py
[2026-04-09T18:04:31.389+0000] {logging_mixin.py:188} INFO - [2026-04-09T18:04:31.389+0000] {dag.py:3036} INFO - Sync 1 DAGs
[2026-04-09T18:04:31.415+0000] {logging_mixin.py:188} INFO - [2026-04-09T18:04:31.415+0000] {dag.py:3823} INFO - Setting next_dagrun for example_nested_branch_dag to 2026-04-08 00:00:00+00:00, run_after=2026-04-09 00:00:00+00:00
[2026-04-09T18:04:31.441+0000] {processor.py:183} INFO - Processing /home/airflow/.local/lib/python3.8/site-packages/airflow/example_dags/example_nested_branch_dag.py took 0.107 seconds
[2026-04-09T18:05:01.613+0000] {processor.py:161} INFO - Started process (PID=8944) to work on /home/airflow/.local/lib/python3.8/site-packages/airflow/example_dags/example_nested_branch_dag.py
[2026-04-09T18:05:01.614+0000] {processor.py:830} INFO - Processing file /home/airflow/.local/lib/python3.8/site-packages/airflow/example_dags/example_nested_branch_dag.py for tasks to queue
[2026-04-09T18:05:01.618+0000] {logging_mixin.py:188} INFO - [2026-04-09T18:05:01.617+0000] {dagbag.py:538} INFO - Filling up the DagBag from /home/airflow/.local/lib/python3.8/site-packages/airflow/example_dags/example_nested_branch_dag.py
[2026-04-09T18:05:01.634+0000] {processor.py:840} INFO - DAG(s) 'example_nested_branch_dag' retrieved from /home/airflow/.local/lib/python3.8/site-packages/airflow/example_dags/example_nested_branch_dag.py
[2026-04-09T18:05:01.664+0000] {logging_mixin.py:188} INFO - [2026-04-09T18:05:01.664+0000] {dag.py:3036} INFO - Sync 1 DAGs
[2026-04-09T18:05:01.695+0000] {logging_mixin.py:188} INFO - [2026-04-09T18:05:01.695+0000] {dag.py:3823} INFO - Setting next_dagrun for example_nested_branch_dag to 2026-04-08 00:00:00+00:00, run_after=2026-04-09 00:00:00+00:00
[2026-04-09T18:05:01.720+0000] {processor.py:183} INFO - Processing /home/airflow/.local/lib/python3.8/site-packages/airflow/example_dags/example_nested_branch_dag.py took 0.112 seconds
[2026-04-09T18:05:32.371+0000] {processor.py:161} INFO - Started process (PID=9001) to work on /home/airflow/.local/lib/python3.8/site-packages/airflow/example_dags/example_nested_branch_dag.py
[2026-04-09T18:05:32.373+0000] {processor.py:830} INFO - Processing file /home/airflow/.local/lib/python3.8/site-packages/airflow/example_dags/example_nested_branch_dag.py for tasks to queue
[2026-04-09T18:05:32.376+0000] {logging_mixin.py:188} INFO - [2026-04-09T18:05:32.375+0000] {dagbag.py:538} INFO - Filling up the DagBag from /home/airflow/.local/lib/python3.8/site-packages/airflow/example_dags/example_nested_branch_dag.py
[2026-04-09T18:05:32.389+0000] {processor.py:840} INFO - DAG(s) 'example_nested_branch_dag' retrieved from /home/airflow/.local/lib/python3.8/site-packages/airflow/example_dags/example_nested_branch_dag.py
[2026-04-09T18:05:32.429+0000] {logging_mixin.py:188} INFO - [2026-04-09T18:05:32.429+0000] {dag.py:3036} INFO - Sync 1 DAGs
[2026-04-09T18:05:32.467+0000] {logging_mixin.py:188} INFO - [2026-04-09T18:05:32.466+0000] {dag.py:3823} INFO - Setting next_dagrun for example_nested_branch_dag to 2026-04-08 00:00:00+00:00, run_after=2026-04-09 00:00:00+00:00
[2026-04-09T18:05:32.499+0000] {processor.py:183} INFO - Processing /home/airflow/.local/lib/python3.8/site-packages/airflow/example_dags/example_nested_branch_dag.py took 0.134 seconds
[2026-04-09T18:06:03.026+0000] {processor.py:161} INFO - Started process (PID=9058) to work on /home/airflow/.local/lib/python3.8/site-packages/airflow/example_dags/example_nested_branch_dag.py
[2026-04-09T18:06:03.028+0000] {processor.py:830} INFO - Processing file /home/airflow/.local/lib/python3.8/site-packages/airflow/example_dags/example_nested_branch_dag.py for tasks to queue
[2026-04-09T18:06:03.031+0000] {logging_mixin.py:188} INFO - [2026-04-09T18:06:03.031+0000] {dagbag.py:538} INFO - Filling up the DagBag from /home/airflow/.local/lib/python3.8/site-packages/airflow/example_dags/example_nested_branch_dag.py
[2026-04-09T18:06:03.044+0000] {processor.py:840} INFO - DAG(s) 'example_nested_branch_dag' retrieved from /home/airflow/.local/lib/python3.8/site-packages/airflow/example_dags/example_nested_branch_dag.py
[2026-04-09T18:06:03.073+0000] {logging_mixin.py:188} INFO - [2026-04-09T18:06:03.073+0000] {dag.py:3036} INFO - Sync 1 DAGs
[2026-04-09T18:06:03.263+0000] {logging_mixin.py:188} INFO - [2026-04-09T18:06:03.263+0000] {dag.py:3823} INFO - Setting next_dagrun for example_nested_branch_dag to 2026-04-08 00:00:00+00:00, run_after=2026-04-09 00:00:00+00:00
[2026-04-09T18:06:03.286+0000] {processor.py:183} INFO - Processing /home/airflow/.local/lib/python3.8/site-packages/airflow/example_dags/example_nested_branch_dag.py took 0.265 seconds
[2026-04-09T18:06:33.449+0000] {processor.py:161} INFO - Started process (PID=9115) to work on /home/airflow/.local/lib/python3.8/site-packages/airflow/example_dags/example_nested_branch_dag.py
[2026-04-09T18:06:33.451+0000] {processor.py:830} INFO - Processing file /home/airflow/.local/lib/python3.8/site-packages/airflow/example_dags/example_nested_branch_dag.py for tasks to queue
[2026-04-09T18:06:33.453+0000] {logging_mixin.py:188} INFO - [2026-04-09T18:06:33.453+0000] {dagbag.py:538} INFO - Filling up the DagBag from /home/airflow/.local/lib/python3.8/site-packages/airflow/example_dags/example_nested_branch_dag.py
[2026-04-09T18:06:33.465+0000] {processor.py:840} INFO - DAG(s) 'example_nested_branch_dag' retrieved from /home/airflow/.local/lib/python3.8/site-packages/airflow/example_dags/example_nested_branch_dag.py
[2026-04-09T18:06:33.496+0000] {logging_mixin.py:188} INFO - [2026-04-09T18:06:33.495+0000] {dag.py:3036} INFO - Sync 1 DAGs
[2026-04-09T18:06:33.685+0000] {logging_mixin.py:188} INFO - [2026-04-09T18:06:33.684+0000] {dag.py:3823} INFO - Setting next_dagrun for example_nested_branch_dag to 2026-04-08 00:00:00+00:00, run_after=2026-04-09 00:00:00+00:00
[2026-04-09T18:06:33.709+0000] {processor.py:183} INFO - Processing /home/airflow/.local/lib/python3.8/site-packages/airflow/example_dags/example_nested_branch_dag.py took 0.264 seconds
[2026-04-09T18:07:03.818+0000] {processor.py:161} INFO - Started process (PID=9172) to work on /home/airflow/.local/lib/python3.8/site-packages/airflow/example_dags/example_nested_branch_dag.py
[2026-04-09T18:07:03.820+0000] {processor.py:830} INFO - Processing file /home/airflow/.local/lib/python3.8/site-packages/airflow/example_dags/example_nested_branch_dag.py for tasks to queue
[2026-04-09T18:07:03.822+0000] {logging_mixin.py:188} INFO - [2026-04-09T18:07:03.822+0000] {dagbag.py:538} INFO - Filling up the DagBag from /home/airflow/.local/lib/python3.8/site-packages/airflow/example_dags/example_nested_branch_dag.py
[2026-04-09T18:07:03.833+0000] {processor.py:840} INFO - DAG(s) 'example_nested_branch_dag' retrieved from /home/airflow/.local/lib/python3.8/site-packages/airflow/example_dags/example_nested_branch_dag.py
[2026-04-09T18:07:03.856+0000] {logging_mixin.py:188} INFO - [2026-04-09T18:07:03.856+0000] {dag.py:3036} INFO - Sync 1 DAGs
[2026-04-09T18:07:03.879+0000] {logging_mixin.py:188} INFO - [2026-04-09T18:07:03.879+0000] {dag.py:3823} INFO - Setting next_dagrun for example_nested_branch_dag to 2026-04-08 00:00:00+00:00, run_after=2026-04-09 00:00:00+00:00
[2026-04-09T18:07:03.901+0000] {processor.py:183} INFO - Processing /home/airflow/.local/lib/python3.8/site-packages/airflow/example_dags/example_nested_branch_dag.py took 0.086 seconds
[2026-04-09T18:07:34.109+0000] {processor.py:161} INFO - Started process (PID=9229) to work on /home/airflow/.local/lib/python3.8/site-packages/airflow/example_dags/example_nested_branch_dag.py
[2026-04-09T18:07:34.110+0000] {processor.py:830} INFO - Processing file /home/airflow/.local/lib/python3.8/site-packages/airflow/example_dags/example_nested_branch_dag.py for tasks to queue
[2026-04-09T18:07:34.117+0000] {logging_mixin.py:188} INFO - [2026-04-09T18:07:34.116+0000] {dagbag.py:538} INFO - Filling up the DagBag from /home/airflow/.local/lib/python3.8/site-packages/airflow/example_dags/example_nested_branch_dag.py
[2026-04-09T18:07:34.132+0000] {processor.py:840} INFO - DAG(s) 'example_nested_branch_dag' retrieved from /home/airflow/.local/lib/python3.8/site-packages/airflow/example_dags/example_nested_branch_dag.py
[2026-04-09T18:07:34.160+0000] {logging_mixin.py:188} INFO - [2026-04-09T18:07:34.159+0000] {dag.py:3036} INFO - Sync 1 DAGs
[2026-04-09T18:07:34.187+0000] {logging_mixin.py:188} INFO - [2026-04-09T18:07:34.187+0000] {dag.py:3823} INFO - Setting next_dagrun for example_nested_branch_dag to 2026-04-08 00:00:00+00:00, run_after=2026-04-09 00:00:00+00:00
[2026-04-09T18:07:34.212+0000] {processor.py:183} INFO - Processing /home/airflow/.local/lib/python3.8/site-packages/airflow/example_dags/example_nested_branch_dag.py took 0.107 seconds
[2026-04-09T18:08:04.420+0000] {processor.py:161} INFO - Started process (PID=9286) to work on /home/airflow/.local/lib/python3.8/site-packages/airflow/example_dags/example_nested_branch_dag.py
[2026-04-09T18:08:04.421+0000] {processor.py:830} INFO - Processing file /home/airflow/.local/lib/python3.8/site-packages/airflow/example_dags/example_nested_branch_dag.py for tasks to queue
[2026-04-09T18:08:04.424+0000] {logging_mixin.py:188} INFO - [2026-04-09T18:08:04.424+0000] {dagbag.py:538} INFO - Filling up the DagBag from /home/airflow/.local/lib/python3.8/site-packages/airflow/example_dags/example_nested_branch_dag.py
[2026-04-09T18:08:04.435+0000] {processor.py:840} INFO - DAG(s) 'example_nested_branch_dag' retrieved from /home/airflow/.local/lib/python3.8/site-packages/airflow/example_dags/example_nested_branch_dag.py
[2026-04-09T18:08:04.460+0000] {logging_mixin.py:188} INFO - [2026-04-09T18:08:04.459+0000] {dag.py:3036} INFO - Sync 1 DAGs
[2026-04-09T18:08:04.484+0000] {logging_mixin.py:188} INFO - [2026-04-09T18:08:04.483+0000] {dag.py:3823} INFO - Setting next_dagrun for example_nested_branch_dag to 2026-04-08 00:00:00+00:00, run_after=2026-04-09 00:00:00+00:00
[2026-04-09T18:08:04.512+0000] {processor.py:183} INFO - Processing /home/airflow/.local/lib/python3.8/site-packages/airflow/example_dags/example_nested_branch_dag.py took 0.095 seconds
[2026-04-09T18:08:34.717+0000] {processor.py:161} INFO - Started process (PID=9343) to work on /home/airflow/.local/lib/python3.8/site-packages/airflow/example_dags/example_nested_branch_dag.py
[2026-04-09T18:08:34.718+0000] {processor.py:830} INFO - Processing file /home/airflow/.local/lib/python3.8/site-packages/airflow/example_dags/example_nested_branch_dag.py for tasks to queue
[2026-04-09T18:08:34.721+0000] {logging_mixin.py:188} INFO - [2026-04-09T18:08:34.721+0000] {dagbag.py:538} INFO - Filling up the DagBag from /home/airflow/.local/lib/python3.8/site-packages/airflow/example_dags/example_nested_branch_dag.py
[2026-04-09T18:08:34.732+0000] {processor.py:840} INFO - DAG(s) 'example_nested_branch_dag' retrieved from /home/airflow/.local/lib/python3.8/site-packages/airflow/example_dags/example_nested_branch_dag.py
[2026-04-09T18:08:34.756+0000] {logging_mixin.py:188} INFO - [2026-04-09T18:08:34.756+0000] {dag.py:3036} INFO - Sync 1 DAGs
[2026-04-09T18:08:34.779+0000] {logging_mixin.py:188} INFO - [2026-04-09T18:08:34.779+0000] {dag.py:3823} INFO - Setting next_dagrun for example_nested_branch_dag to 2026-04-08 00:00:00+00:00, run_after=2026-04-09 00:00:00+00:00
[2026-04-09T18:08:34.806+0000] {processor.py:183} INFO - Processing /home/airflow/.local/lib/python3.8/site-packages/airflow/example_dags/example_nested_branch_dag.py took 0.093 seconds
[2026-04-09T18:09:05.005+0000] {processor.py:161} INFO - Started process (PID=9400) to work on /home/airflow/.local/lib/python3.8/site-packages/airflow/example_dags/example_nested_branch_dag.py
[2026-04-09T18:09:05.007+0000] {processor.py:830} INFO - Processing file /home/airflow/.local/lib/python3.8/site-packages/airflow/example_dags/example_nested_branch_dag.py for tasks to queue
[2026-04-09T18:09:05.009+0000] {logging_mixin.py:188} INFO - [2026-04-09T18:09:05.009+0000] {dagbag.py:538} INFO - Filling up the DagBag from /home/airflow/.local/lib/python3.8/site-packages/airflow/example_dags/example_nested_branch_dag.py
[2026-04-09T18:09:05.020+0000] {processor.py:840} INFO - DAG(s) 'example_nested_branch_dag' retrieved from /home/airflow/.local/lib/python3.8/site-packages/airflow/example_dags/example_nested_branch_dag.py
[2026-04-09T18:09:05.042+0000] {logging_mixin.py:188} INFO - [2026-04-09T18:09:05.042+0000] {dag.py:3036} INFO - Sync 1 DAGs
[2026-04-09T18:09:05.064+0000] {logging_mixin.py:188} INFO - [2026-04-09T18:09:05.063+0000] {dag.py:3823} INFO - Setting next_dagrun for example_nested_branch_dag to 2026-04-08 00:00:00+00:00, run_after=2026-04-09 00:00:00+00:00
[2026-04-09T18:09:05.091+0000] {processor.py:183} INFO - Processing /home/airflow/.local/lib/python3.8/site-packages/airflow/example_dags/example_nested_branch_dag.py took 0.089 seconds
[2026-04-09T18:09:35.306+0000] {processor.py:161} INFO - Started process (PID=9457) to work on /home/airflow/.local/lib/python3.8/site-packages/airflow/example_dags/example_nested_branch_dag.py
[2026-04-09T18:09:35.308+0000] {processor.py:830} INFO - Processing file /home/airflow/.local/lib/python3.8/site-packages/airflow/example_dags/example_nested_branch_dag.py for tasks to queue
[2026-04-09T18:09:35.310+0000] {logging_mixin.py:188} INFO - [2026-04-09T18:09:35.309+0000] {dagbag.py:538} INFO - Filling up the DagBag from /home/airflow/.local/lib/python3.8/site-packages/airflow/example_dags/example_nested_branch_dag.py
[2026-04-09T18:09:35.319+0000] {processor.py:840} INFO - DAG(s) 'example_nested_branch_dag' retrieved from /home/airflow/.local/lib/python3.8/site-packages/airflow/example_dags/example_nested_branch_dag.py
[2026-04-09T18:09:35.345+0000] {logging_mixin.py:188} INFO - [2026-04-09T18:09:35.345+0000] {dag.py:3036} INFO - Sync 1 DAGs
[2026-04-09T18:09:35.372+0000] {logging_mixin.py:188} INFO - [2026-04-09T18:09:35.372+0000] {dag.py:3823} INFO - Setting next_dagrun for example_nested_branch_dag to 2026-04-08 00:00:00+00:00, run_after=2026-04-09 00:00:00+00:00
[2026-04-09T18:09:35.396+0000] {processor.py:183} INFO - Processing /home/airflow/.local/lib/python3.8/site-packages/airflow/example_dags/example_nested_branch_dag.py took 0.093 seconds
[2026-04-09T18:10:06.004+0000] {processor.py:161} INFO - Started process (PID=9514) to work on /home/airflow/.local/lib/python3.8/site-packages/airflow/example_dags/example_nested_branch_dag.py
[2026-04-09T18:10:06.005+0000] {processor.py:830} INFO - Processing file /home/airflow/.local/lib/python3.8/site-packages/airflow/example_dags/example_nested_branch_dag.py for tasks to queue
[2026-04-09T18:10:06.008+0000] {logging_mixin.py:188} INFO - [2026-04-09T18:10:06.007+0000] {dagbag.py:538} INFO - Filling up the DagBag from /home/airflow/.local/lib/python3.8/site-packages/airflow/example_dags/example_nested_branch_dag.py
[2026-04-09T18:10:06.026+0000] {processor.py:840} INFO - DAG(s) 'example_nested_branch_dag' retrieved from /home/airflow/.local/lib/python3.8/site-packages/airflow/example_dags/example_nested_branch_dag.py
[2026-04-09T18:10:06.059+0000] {logging_mixin.py:188} INFO - [2026-04-09T18:10:06.059+0000] {dag.py:3036} INFO - Sync 1 DAGs
[2026-04-09T18:10:06.089+0000] {logging_mixin.py:188} INFO - [2026-04-09T18:10:06.089+0000] {dag.py:3823} INFO - Setting next_dagrun for example_nested_branch_dag to 2026-04-08 00:00:00+00:00, run_after=2026-04-09 00:00:00+00:00
[2026-04-09T18:10:06.112+0000] {processor.py:183} INFO - Processing /home/airflow/.local/lib/python3.8/site-packages/airflow/example_dags/example_nested_branch_dag.py took 0.113 seconds
[2026-04-09T18:10:36.298+0000] {processor.py:161} INFO - Started process (PID=9571) to work on /home/airflow/.local/lib/python3.8/site-packages/airflow/example_dags/example_nested_branch_dag.py
[2026-04-09T18:10:36.299+0000] {processor.py:830} INFO - Processing file /home/airflow/.local/lib/python3.8/site-packages/airflow/example_dags/example_nested_branch_dag.py for tasks to queue
[2026-04-09T18:10:36.301+0000] {logging_mixin.py:188} INFO - [2026-04-09T18:10:36.301+0000] {dagbag.py:538} INFO - Filling up the DagBag from /home/airflow/.local/lib/python3.8/site-packages/airflow/example_dags/example_nested_branch_dag.py
[2026-04-09T18:10:36.311+0000] {processor.py:840} INFO - DAG(s) 'example_nested_branch_dag' retrieved from /home/airflow/.local/lib/python3.8/site-packages/airflow/example_dags/example_nested_branch_dag.py
[2026-04-09T18:10:36.333+0000] {logging_mixin.py:188} INFO - [2026-04-09T18:10:36.332+0000] {dag.py:3036} INFO - Sync 1 DAGs
[2026-04-09T18:10:36.359+0000] {logging_mixin.py:188} INFO - [2026-04-09T18:10:36.358+0000] {dag.py:3823} INFO - Setting next_dagrun for example_nested_branch_dag to 2026-04-08 00:00:00+00:00, run_after=2026-04-09 00:00:00+00:00
[2026-04-09T18:10:36.396+0000] {processor.py:183} INFO - Processing /home/airflow/.local/lib/python3.8/site-packages/airflow/example_dags/example_nested_branch_dag.py took 0.100 seconds
[2026-04-09T18:11:06.566+0000] {processor.py:161} INFO - Started process (PID=9628) to work on /home/airflow/.local/lib/python3.8/site-packages/airflow/example_dags/example_nested_branch_dag.py
[2026-04-09T18:11:06.568+0000] {processor.py:830} INFO - Processing file /home/airflow/.local/lib/python3.8/site-packages/airflow/example_dags/example_nested_branch_dag.py for tasks to queue
[2026-04-09T18:11:06.572+0000] {logging_mixin.py:188} INFO - [2026-04-09T18:11:06.571+0000] {dagbag.py:538} INFO - Filling up the DagBag from /home/airflow/.local/lib/python3.8/site-packages/airflow/example_dags/example_nested_branch_dag.py
[2026-04-09T18:11:06.587+0000] {processor.py:840} INFO - DAG(s) 'example_nested_branch_dag' retrieved from /home/airflow/.local/lib/python3.8/site-packages/airflow/example_dags/example_nested_branch_dag.py
[2026-04-09T18:11:06.617+0000] {logging_mixin.py:188} INFO - [2026-04-09T18:11:06.616+0000] {dag.py:3036} INFO - Sync 1 DAGs
[2026-04-09T18:11:06.643+0000] {logging_mixin.py:188} INFO - [2026-04-09T18:11:06.642+0000] {dag.py:3823} INFO - Setting next_dagrun for example_nested_branch_dag to 2026-04-08 00:00:00+00:00, run_after=2026-04-09 00:00:00+00:00
[2026-04-09T18:11:06.671+0000] {processor.py:183} INFO - Processing /home/airflow/.local/lib/python3.8/site-packages/airflow/example_dags/example_nested_branch_dag.py took 0.109 seconds
[2026-04-09T18:11:37.014+0000] {processor.py:161} INFO - Started process (PID=9685) to work on /home/airflow/.local/lib/python3.8/site-packages/airflow/example_dags/example_nested_branch_dag.py
[2026-04-09T18:11:37.016+0000] {processor.py:830} INFO - Processing file /home/airflow/.local/lib/python3.8/site-packages/airflow/example_dags/example_nested_branch_dag.py for tasks to queue
[2026-04-09T18:11:37.017+0000] {logging_mixin.py:188} INFO - [2026-04-09T18:11:37.017+0000] {dagbag.py:538} INFO - Filling up the DagBag from /home/airflow/.local/lib/python3.8/site-packages/airflow/example_dags/example_nested_branch_dag.py
[2026-04-09T18:11:37.027+0000] {processor.py:840} INFO - DAG(s) 'example_nested_branch_dag' retrieved from /home/airflow/.local/lib/python3.8/site-packages/airflow/example_dags/example_nested_branch_dag.py
[2026-04-09T18:11:37.050+0000] {logging_mixin.py:188} INFO - [2026-04-09T18:11:37.050+0000] {dag.py:3036} INFO - Sync 1 DAGs
[2026-04-09T18:11:37.070+0000] {logging_mixin.py:188} INFO - [2026-04-09T18:11:37.070+0000] {dag.py:3823} INFO - Setting next_dagrun for example_nested_branch_dag to 2026-04-08 00:00:00+00:00, run_after=2026-04-09 00:00:00+00:00
[2026-04-09T18:11:37.092+0000] {processor.py:183} INFO - Processing /home/airflow/.local/lib/python3.8/site-packages/airflow/example_dags/example_nested_branch_dag.py took 0.082 seconds
[2026-04-09T18:12:07.183+0000] {processor.py:161} INFO - Started process (PID=9742) to work on /home/airflow/.local/lib/python3.8/site-packages/airflow/example_dags/example_nested_branch_dag.py
[2026-04-09T18:12:07.184+0000] {processor.py:830} INFO - Processing file /home/airflow/.local/lib/python3.8/site-packages/airflow/example_dags/example_nested_branch_dag.py for tasks to queue
[2026-04-09T18:12:07.186+0000] {logging_mixin.py:188} INFO - [2026-04-09T18:12:07.186+0000] {dagbag.py:538} INFO - Filling up the DagBag from /home/airflow/.local/lib/python3.8/site-packages/airflow/example_dags/example_nested_branch_dag.py
[2026-04-09T18:12:07.196+0000] {processor.py:840} INFO - DAG(s) 'example_nested_branch_dag' retrieved from /home/airflow/.local/lib/python3.8/site-packages/airflow/example_dags/example_nested_branch_dag.py
[2026-04-09T18:12:07.218+0000] {logging_mixin.py:188} INFO - [2026-04-09T18:12:07.218+0000] {dag.py:3036} INFO - Sync 1 DAGs
[2026-04-09T18:12:07.238+0000] {logging_mixin.py:188} INFO - [2026-04-09T18:12:07.238+0000] {dag.py:3823} INFO - Setting next_dagrun for example_nested_branch_dag to 2026-04-08 00:00:00+00:00, run_after=2026-04-09 00:00:00+00:00
[2026-04-09T18:12:07.260+0000] {processor.py:183} INFO - Processing /home/airflow/.local/lib/python3.8/site-packages/airflow/example_dags/example_nested_branch_dag.py took 0.080 seconds
[2026-04-09T18:12:37.614+0000] {processor.py:161} INFO - Started process (PID=9799) to work on /home/airflow/.local/lib/python3.8/site-packages/airflow/example_dags/example_nested_branch_dag.py
[2026-04-09T18:12:37.616+0000] {processor.py:830} INFO - Processing file /home/airflow/.local/lib/python3.8/site-packages/airflow/example_dags/example_nested_branch_dag.py for tasks to queue
[2026-04-09T18:12:37.618+0000] {logging_mixin.py:188} INFO - [2026-04-09T18:12:37.618+0000] {dagbag.py:538} INFO - Filling up the DagBag from /home/airflow/.local/lib/python3.8/site-packages/airflow/example_dags/example_nested_branch_dag.py
[2026-04-09T18:12:37.629+0000] {processor.py:840} INFO - DAG(s) 'example_nested_branch_dag' retrieved from /home/airflow/.local/lib/python3.8/site-packages/airflow/example_dags/example_nested_branch_dag.py
[2026-04-09T18:12:37.654+0000] {logging_mixin.py:188} INFO - [2026-04-09T18:12:37.654+0000] {dag.py:3036} INFO - Sync 1 DAGs
[2026-04-09T18:12:37.679+0000] {logging_mixin.py:188} INFO - [2026-04-09T18:12:37.679+0000] {dag.py:3823} INFO - Setting next_dagrun for example_nested_branch_dag to 2026-04-08 00:00:00+00:00, run_after=2026-04-09 00:00:00+00:00
[2026-04-09T18:12:37.703+0000] {processor.py:183} INFO - Processing /home/airflow/.local/lib/python3.8/site-packages/airflow/example_dags/example_nested_branch_dag.py took 0.092 seconds
[2026-04-09T18:13:07.986+0000] {processor.py:161} INFO - Started process (PID=9856) to work on /home/airflow/.local/lib/python3.8/site-packages/airflow/example_dags/example_nested_branch_dag.py
[2026-04-09T18:13:07.988+0000] {processor.py:830} INFO - Processing file /home/airflow/.local/lib/python3.8/site-packages/airflow/example_dags/example_nested_branch_dag.py for tasks to queue
[2026-04-09T18:13:07.991+0000] {logging_mixin.py:188} INFO - [2026-04-09T18:13:07.990+0000] {dagbag.py:538} INFO - Filling up the DagBag from /home/airflow/.local/lib/python3.8/site-packages/airflow/example_dags/example_nested_branch_dag.py
[2026-04-09T18:13:08.002+0000] {processor.py:840} INFO - DAG(s) 'example_nested_branch_dag' retrieved from /home/airflow/.local/lib/python3.8/site-packages/airflow/example_dags/example_nested_branch_dag.py
[2026-04-09T18:13:08.025+0000] {logging_mixin.py:188} INFO - [2026-04-09T18:13:08.025+0000] {dag.py:3036} INFO - Sync 1 DAGs
[2026-04-09T18:13:08.052+0000] {logging_mixin.py:188} INFO - [2026-04-09T18:13:08.051+0000] {dag.py:3823} INFO - Setting next_dagrun for example_nested_branch_dag to 2026-04-08 00:00:00+00:00, run_after=2026-04-09 00:00:00+00:00
[2026-04-09T18:13:08.090+0000] {processor.py:183} INFO - Processing /home/airflow/.local/lib/python3.8/site-packages/airflow/example_dags/example_nested_branch_dag.py took 0.109 seconds
[2026-04-09T18:13:38.221+0000] {processor.py:161} INFO - Started process (PID=9913) to work on /home/airflow/.local/lib/python3.8/site-packages/airflow/example_dags/example_nested_branch_dag.py
[2026-04-09T18:13:38.222+0000] {processor.py:830} INFO - Processing file /home/airflow/.local/lib/python3.8/site-packages/airflow/example_dags/example_nested_branch_dag.py for tasks to queue
[2026-04-09T18:13:38.224+0000] {logging_mixin.py:188} INFO - [2026-04-09T18:13:38.224+0000] {dagbag.py:538} INFO - Filling up the DagBag from /home/airflow/.local/lib/python3.8/site-packages/airflow/example_dags/example_nested_branch_dag.py
[2026-04-09T18:13:38.234+0000] {processor.py:840} INFO - DAG(s) 'example_nested_branch_dag' retrieved from /home/airflow/.local/lib/python3.8/site-packages/airflow/example_dags/example_nested_branch_dag.py
[2026-04-09T18:13:38.257+0000] {logging_mixin.py:188} INFO - [2026-04-09T18:13:38.257+0000] {dag.py:3036} INFO - Sync 1 DAGs
[2026-04-09T18:13:38.279+0000] {logging_mixin.py:188} INFO - [2026-04-09T18:13:38.279+0000] {dag.py:3823} INFO - Setting next_dagrun for example_nested_branch_dag to 2026-04-08 00:00:00+00:00, run_after=2026-04-09 00:00:00+00:00
[2026-04-09T18:13:38.302+0000] {processor.py:183} INFO - Processing /home/airflow/.local/lib/python3.8/site-packages/airflow/example_dags/example_nested_branch_dag.py took 0.085 seconds
[2026-04-09T18:14:08.614+0000] {processor.py:161} INFO - Started process (PID=9970) to work on /home/airflow/.local/lib/python3.8/site-packages/airflow/example_dags/example_nested_branch_dag.py
[2026-04-09T18:14:08.616+0000] {processor.py:830} INFO - Processing file /home/airflow/.local/lib/python3.8/site-packages/airflow/example_dags/example_nested_branch_dag.py for tasks to queue
[2026-04-09T18:14:08.618+0000] {logging_mixin.py:188} INFO - [2026-04-09T18:14:08.618+0000] {dagbag.py:538} INFO - Filling up the DagBag from /home/airflow/.local/lib/python3.8/site-packages/airflow/example_dags/example_nested_branch_dag.py
[2026-04-09T18:14:08.633+0000] {processor.py:840} INFO - DAG(s) 'example_nested_branch_dag' retrieved from /home/airflow/.local/lib/python3.8/site-packages/airflow/example_dags/example_nested_branch_dag.py
[2026-04-09T18:14:08.668+0000] {logging_mixin.py:188} INFO - [2026-04-09T18:14:08.667+0000] {dag.py:3036} INFO - Sync 1 DAGs
[2026-04-09T18:14:08.699+0000] {logging_mixin.py:188} INFO - [2026-04-09T18:14:08.699+0000] {dag.py:3823} INFO - Setting next_dagrun for example_nested_branch_dag to 2026-04-08 00:00:00+00:00, run_after=2026-04-09 00:00:00+00:00
[2026-04-09T18:14:08.722+0000] {processor.py:183} INFO - Processing /home/airflow/.local/lib/python3.8/site-packages/airflow/example_dags/example_nested_branch_dag.py took 0.111 seconds
[2026-04-09T18:14:38.964+0000] {processor.py:161} INFO - Started process (PID=10027) to work on /home/airflow/.local/lib/python3.8/site-packages/airflow/example_dags/example_nested_branch_dag.py
[2026-04-09T18:14:38.966+0000] {processor.py:830} INFO - Processing file /home/airflow/.local/lib/python3.8/site-packages/airflow/example_dags/example_nested_branch_dag.py for tasks to queue
[2026-04-09T18:14:38.969+0000] {logging_mixin.py:188} INFO - [2026-04-09T18:14:38.968+0000] {dagbag.py:538} INFO - Filling up the DagBag from /home/airflow/.local/lib/python3.8/site-packages/airflow/example_dags/example_nested_branch_dag.py
[2026-04-09T18:14:38.981+0000] {processor.py:840} INFO - DAG(s) 'example_nested_branch_dag' retrieved from /home/airflow/.local/lib/python3.8/site-packages/airflow/example_dags/example_nested_branch_dag.py
[2026-04-09T18:14:39.015+0000] {logging_mixin.py:188} INFO - [2026-04-09T18:14:39.015+0000] {dag.py:3036} INFO - Sync 1 DAGs
[2026-04-09T18:14:39.057+0000] {logging_mixin.py:188} INFO - [2026-04-09T18:14:39.056+0000] {dag.py:3823} INFO - Setting next_dagrun for example_nested_branch_dag to 2026-04-08 00:00:00+00:00, run_after=2026-04-09 00:00:00+00:00
[2026-04-09T18:14:39.094+0000] {processor.py:183} INFO - Processing /home/airflow/.local/lib/python3.8/site-packages/airflow/example_dags/example_nested_branch_dag.py took 0.136 seconds
[2026-04-09T18:15:09.480+0000] {processor.py:161} INFO - Started process (PID=10084) to work on /home/airflow/.local/lib/python3.8/site-packages/airflow/example_dags/example_nested_branch_dag.py
[2026-04-09T18:15:09.481+0000] {processor.py:830} INFO - Processing file /home/airflow/.local/lib/python3.8/site-packages/airflow/example_dags/example_nested_branch_dag.py for tasks to queue
[2026-04-09T18:15:09.483+0000] {logging_mixin.py:188} INFO - [2026-04-09T18:15:09.483+0000] {dagbag.py:538} INFO - Filling up the DagBag from /home/airflow/.local/lib/python3.8/site-packages/airflow/example_dags/example_nested_branch_dag.py
[2026-04-09T18:15:09.493+0000] {processor.py:840} INFO - DAG(s) 'example_nested_branch_dag' retrieved from /home/airflow/.local/lib/python3.8/site-packages/airflow/example_dags/example_nested_branch_dag.py
[2026-04-09T18:15:09.519+0000] {logging_mixin.py:188} INFO - [2026-04-09T18:15:09.519+0000] {dag.py:3036} INFO - Sync 1 DAGs
[2026-04-09T18:15:09.542+0000] {logging_mixin.py:188} INFO - [2026-04-09T18:15:09.542+0000] {dag.py:3823} INFO - Setting next_dagrun for example_nested_branch_dag to 2026-04-08 00:00:00+00:00, run_after=2026-04-09 00:00:00+00:00
[2026-04-09T18:15:09.566+0000] {processor.py:183} INFO - Processing /home/airflow/.local/lib/python3.8/site-packages/airflow/example_dags/example_nested_branch_dag.py took 0.089 seconds
[2026-04-09T18:15:39.716+0000] {processor.py:161} INFO - Started process (PID=10141) to work on /home/airflow/.local/lib/python3.8/site-packages/airflow/example_dags/example_nested_branch_dag.py
[2026-04-09T18:15:39.718+0000] {processor.py:830} INFO - Processing file /home/airflow/.local/lib/python3.8/site-packages/airflow/example_dags/example_nested_branch_dag.py for tasks to queue
[2026-04-09T18:15:39.721+0000] {logging_mixin.py:188} INFO - [2026-04-09T18:15:39.720+0000] {dagbag.py:538} INFO - Filling up the DagBag from /home/airflow/.local/lib/python3.8/site-packages/airflow/example_dags/example_nested_branch_dag.py
[2026-04-09T18:15:39.739+0000] {processor.py:840} INFO - DAG(s) 'example_nested_branch_dag' retrieved from /home/airflow/.local/lib/python3.8/site-packages/airflow/example_dags/example_nested_branch_dag.py
[2026-04-09T18:15:39.768+0000] {logging_mixin.py:188} INFO - [2026-04-09T18:15:39.768+0000] {dag.py:3036} INFO - Sync 1 DAGs
[2026-04-09T18:15:39.801+0000] {logging_mixin.py:188} INFO - [2026-04-09T18:15:39.801+0000] {dag.py:3823} INFO - Setting next_dagrun for example_nested_branch_dag to 2026-04-08 00:00:00+00:00, run_after=2026-04-09 00:00:00+00:00
[2026-04-09T18:15:39.825+0000] {processor.py:183} INFO - Processing /home/airflow/.local/lib/python3.8/site-packages/airflow/example_dags/example_nested_branch_dag.py took 0.113 seconds
[2026-04-09T18:16:09.958+0000] {processor.py:161} INFO - Started process (PID=10198) to work on /home/airflow/.local/lib/python3.8/site-packages/airflow/example_dags/example_nested_branch_dag.py
[2026-04-09T18:16:09.959+0000] {processor.py:830} INFO - Processing file /home/airflow/.local/lib/python3.8/site-packages/airflow/example_dags/example_nested_branch_dag.py for tasks to queue
[2026-04-09T18:16:09.961+0000] {logging_mixin.py:188} INFO - [2026-04-09T18:16:09.961+0000] {dagbag.py:538} INFO - Filling up the DagBag from /home/airflow/.local/lib/python3.8/site-packages/airflow/example_dags/example_nested_branch_dag.py
[2026-04-09T18:16:09.972+0000] {processor.py:840} INFO - DAG(s) 'example_nested_branch_dag' retrieved from /home/airflow/.local/lib/python3.8/site-packages/airflow/example_dags/example_nested_branch_dag.py
[2026-04-09T18:16:09.996+0000] {logging_mixin.py:188} INFO - [2026-04-09T18:16:09.996+0000] {dag.py:3036} INFO - Sync 1 DAGs
[2026-04-09T18:16:10.019+0000] {logging_mixin.py:188} INFO - [2026-04-09T18:16:10.019+0000] {dag.py:3823} INFO - Setting next_dagrun for example_nested_branch_dag to 2026-04-08 00:00:00+00:00, run_after=2026-04-09 00:00:00+00:00
[2026-04-09T18:16:10.043+0000] {processor.py:183} INFO - Processing /home/airflow/.local/lib/python3.8/site-packages/airflow/example_dags/example_nested_branch_dag.py took 0.088 seconds
[2026-04-09T18:16:40.559+0000] {processor.py:161} INFO - Started process (PID=10255) to work on /home/airflow/.local/lib/python3.8/site-packages/airflow/example_dags/example_nested_branch_dag.py
[2026-04-09T18:16:40.562+0000] {processor.py:830} INFO - Processing file /home/airflow/.local/lib/python3.8/site-packages/airflow/example_dags/example_nested_branch_dag.py for tasks to queue
[2026-04-09T18:16:40.566+0000] {logging_mixin.py:188} INFO - [2026-04-09T18:16:40.566+0000] {dagbag.py:538} INFO - Filling up the DagBag from /home/airflow/.local/lib/python3.8/site-packages/airflow/example_dags/example_nested_branch_dag.py
[2026-04-09T18:16:40.585+0000] {processor.py:840} INFO - DAG(s) 'example_nested_branch_dag' retrieved from /home/airflow/.local/lib/python3.8/site-packages/airflow/example_dags/example_nested_branch_dag.py
[2026-04-09T18:16:40.616+0000] {logging_mixin.py:188} INFO - [2026-04-09T18:16:40.616+0000] {dag.py:3036} INFO - Sync 1 DAGs
[2026-04-09T18:16:40.650+0000] {logging_mixin.py:188} INFO - [2026-04-09T18:16:40.649+0000] {dag.py:3823} INFO - Setting next_dagrun for example_nested_branch_dag to 2026-04-08 00:00:00+00:00, run_after=2026-04-09 00:00:00+00:00
[2026-04-09T18:16:40.688+0000] {processor.py:183} INFO - Processing /home/airflow/.local/lib/python3.8/site-packages/airflow/example_dags/example_nested_branch_dag.py took 0.135 seconds
[2026-04-09T18:17:11.499+0000] {processor.py:161} INFO - Started process (PID=10312) to work on /home/airflow/.local/lib/python3.8/site-packages/airflow/example_dags/example_nested_branch_dag.py
[2026-04-09T18:17:11.501+0000] {processor.py:830} INFO - Processing file /home/airflow/.local/lib/python3.8/site-packages/airflow/example_dags/example_nested_branch_dag.py for tasks to queue
[2026-04-09T18:17:11.504+0000] {logging_mixin.py:188} INFO - [2026-04-09T18:17:11.503+0000] {dagbag.py:538} INFO - Filling up the DagBag from /home/airflow/.local/lib/python3.8/site-packages/airflow/example_dags/example_nested_branch_dag.py
[2026-04-09T18:17:11.520+0000] {processor.py:840} INFO - DAG(s) 'example_nested_branch_dag' retrieved from /home/airflow/.local/lib/python3.8/site-packages/airflow/example_dags/example_nested_branch_dag.py
[2026-04-09T18:17:11.551+0000] {logging_mixin.py:188} INFO - [2026-04-09T18:17:11.550+0000] {dag.py:3036} INFO - Sync 1 DAGs
[2026-04-09T18:17:11.591+0000] {logging_mixin.py:188} INFO - [2026-04-09T18:17:11.591+0000] {dag.py:3823} INFO - Setting next_dagrun for example_nested_branch_dag to 2026-04-08 00:00:00+00:00, run_after=2026-04-09 00:00:00+00:00
[2026-04-09T18:17:11.628+0000] {processor.py:183} INFO - Processing /home/airflow/.local/lib/python3.8/site-packages/airflow/example_dags/example_nested_branch_dag.py took 0.135 seconds
[2026-04-09T18:17:42.600+0000] {processor.py:161} INFO - Started process (PID=10369) to work on /home/airflow/.local/lib/python3.8/site-packages/airflow/example_dags/example_nested_branch_dag.py
[2026-04-09T18:17:42.602+0000] {processor.py:830} INFO - Processing file /home/airflow/.local/lib/python3.8/site-packages/airflow/example_dags/example_nested_branch_dag.py for tasks to queue
[2026-04-09T18:17:42.603+0000] {logging_mixin.py:188} INFO - [2026-04-09T18:17:42.603+0000] {dagbag.py:538} INFO - Filling up the DagBag from /home/airflow/.local/lib/python3.8/site-packages/airflow/example_dags/example_nested_branch_dag.py
[2026-04-09T18:17:42.613+0000] {processor.py:840} INFO - DAG(s) 'example_nested_branch_dag' retrieved from /home/airflow/.local/lib/python3.8/site-packages/airflow/example_dags/example_nested_branch_dag.py
[2026-04-09T18:17:42.638+0000] {logging_mixin.py:188} INFO - [2026-04-09T18:17:42.637+0000] {dag.py:3036} INFO - Sync 1 DAGs
[2026-04-09T18:17:42.658+0000] {logging_mixin.py:188} INFO - [2026-04-09T18:17:42.658+0000] {dag.py:3823} INFO - Setting next_dagrun for example_nested_branch_dag to 2026-04-08 00:00:00+00:00, run_after=2026-04-09 00:00:00+00:00
[2026-04-09T18:17:42.681+0000] {processor.py:183} INFO - Processing /home/airflow/.local/lib/python3.8/site-packages/airflow/example_dags/example_nested_branch_dag.py took 0.084 seconds
[2026-04-09T18:18:13.067+0000] {processor.py:161} INFO - Started process (PID=10426) to work on /home/airflow/.local/lib/python3.8/site-packages/airflow/example_dags/example_nested_branch_dag.py
[2026-04-09T18:18:13.068+0000] {processor.py:830} INFO - Processing file /home/airflow/.local/lib/python3.8/site-packages/airflow/example_dags/example_nested_branch_dag.py for tasks to queue
[2026-04-09T18:18:13.070+0000] {logging_mixin.py:188} INFO - [2026-04-09T18:18:13.070+0000] {dagbag.py:538} INFO - Filling up the DagBag from /home/airflow/.local/lib/python3.8/site-packages/airflow/example_dags/example_nested_branch_dag.py
[2026-04-09T18:18:13.083+0000] {processor.py:840} INFO - DAG(s) 'example_nested_branch_dag' retrieved from /home/airflow/.local/lib/python3.8/site-packages/airflow/example_dags/example_nested_branch_dag.py
[2026-04-09T18:18:13.108+0000] {logging_mixin.py:188} INFO - [2026-04-09T18:18:13.107+0000] {dag.py:3036} INFO - Sync 1 DAGs
[2026-04-09T18:18:13.133+0000] {logging_mixin.py:188} INFO - [2026-04-09T18:18:13.133+0000] {dag.py:3823} INFO - Setting next_dagrun for example_nested_branch_dag to 2026-04-08 00:00:00+00:00, run_after=2026-04-09 00:00:00+00:00
[2026-04-09T18:18:13.162+0000] {processor.py:183} INFO - Processing /home/airflow/.local/lib/python3.8/site-packages/airflow/example_dags/example_nested_branch_dag.py took 0.099 seconds
[2026-04-09T18:18:43.484+0000] {processor.py:161} INFO - Started process (PID=10483) to work on /home/airflow/.local/lib/python3.8/site-packages/airflow/example_dags/example_nested_branch_dag.py
[2026-04-09T18:18:43.485+0000] {processor.py:830} INFO - Processing file /home/airflow/.local/lib/python3.8/site-packages/airflow/example_dags/example_nested_branch_dag.py for tasks to queue
[2026-04-09T18:18:43.487+0000] {logging_mixin.py:188} INFO - [2026-04-09T18:18:43.487+0000] {dagbag.py:538} INFO - Filling up the DagBag from /home/airflow/.local/lib/python3.8/site-packages/airflow/example_dags/example_nested_branch_dag.py
[2026-04-09T18:18:43.498+0000] {processor.py:840} INFO - DAG(s) 'example_nested_branch_dag' retrieved from /home/airflow/.local/lib/python3.8/site-packages/airflow/example_dags/example_nested_branch_dag.py
[2026-04-09T18:18:43.523+0000] {logging_mixin.py:188} INFO - [2026-04-09T18:18:43.523+0000] {dag.py:3036} INFO - Sync 1 DAGs
[2026-04-09T18:18:43.549+0000] {logging_mixin.py:188} INFO - [2026-04-09T18:18:43.548+0000] {dag.py:3823} INFO - Setting next_dagrun for example_nested_branch_dag to 2026-04-08 00:00:00+00:00, run_after=2026-04-09 00:00:00+00:00
[2026-04-09T18:18:43.575+0000] {processor.py:183} INFO - Processing /home/airflow/.local/lib/python3.8/site-packages/airflow/example_dags/example_nested_branch_dag.py took 0.095 seconds
[2026-04-09T18:19:14.134+0000] {processor.py:161} INFO - Started process (PID=10540) to work on /home/airflow/.local/lib/python3.8/site-packages/airflow/example_dags/example_nested_branch_dag.py
[2026-04-09T18:19:14.136+0000] {processor.py:830} INFO - Processing file /home/airflow/.local/lib/python3.8/site-packages/airflow/example_dags/example_nested_branch_dag.py for tasks to queue
[2026-04-09T18:19:14.138+0000] {logging_mixin.py:188} INFO - [2026-04-09T18:19:14.137+0000] {dagbag.py:538} INFO - Filling up the DagBag from /home/airflow/.local/lib/python3.8/site-packages/airflow/example_dags/example_nested_branch_dag.py
[2026-04-09T18:19:14.149+0000] {processor.py:840} INFO - DAG(s) 'example_nested_branch_dag' retrieved from /home/airflow/.local/lib/python3.8/site-packages/airflow/example_dags/example_nested_branch_dag.py
[2026-04-09T18:19:14.171+0000] {logging_mixin.py:188} INFO - [2026-04-09T18:19:14.171+0000] {dag.py:3036} INFO - Sync 1 DAGs
[2026-04-09T18:19:14.193+0000] {logging_mixin.py:188} INFO - [2026-04-09T18:19:14.192+0000] {dag.py:3823} INFO - Setting next_dagrun for example_nested_branch_dag to 2026-04-08 00:00:00+00:00, run_after=2026-04-09 00:00:00+00:00
[2026-04-09T18:19:14.215+0000] {processor.py:183} INFO - Processing /home/airflow/.local/lib/python3.8/site-packages/airflow/example_dags/example_nested_branch_dag.py took 0.084 seconds
[2026-04-09T18:19:44.629+0000] {processor.py:161} INFO - Started process (PID=10597) to work on /home/airflow/.local/lib/python3.8/site-packages/airflow/example_dags/example_nested_branch_dag.py
[2026-04-09T18:19:44.630+0000] {processor.py:830} INFO - Processing file /home/airflow/.local/lib/python3.8/site-packages/airflow/example_dags/example_nested_branch_dag.py for tasks to queue
[2026-04-09T18:19:44.632+0000] {logging_mixin.py:188} INFO - [2026-04-09T18:19:44.631+0000] {dagbag.py:538} INFO - Filling up the DagBag from /home/airflow/.local/lib/python3.8/site-packages/airflow/example_dags/example_nested_branch_dag.py
[2026-04-09T18:19:44.642+0000] {processor.py:840} INFO - DAG(s) 'example_nested_branch_dag' retrieved from /home/airflow/.local/lib/python3.8/site-packages/airflow/example_dags/example_nested_branch_dag.py
[2026-04-09T18:19:44.665+0000] {logging_mixin.py:188} INFO - [2026-04-09T18:19:44.665+0000] {dag.py:3036} INFO - Sync 1 DAGs
[2026-04-09T18:19:44.686+0000] {logging_mixin.py:188} INFO - [2026-04-09T18:19:44.686+0000] {dag.py:3823} INFO - Setting next_dagrun for example_nested_branch_dag to 2026-04-08 00:00:00+00:00, run_after=2026-04-09 00:00:00+00:00
[2026-04-09T18:19:44.711+0000] {processor.py:183} INFO - Processing /home/airflow/.local/lib/python3.8/site-packages/airflow/example_dags/example_nested_branch_dag.py took 0.086 seconds
[2026-04-09T18:20:15.310+0000] {processor.py:161} INFO - Started process (PID=10654) to work on /home/airflow/.local/lib/python3.8/site-packages/airflow/example_dags/example_nested_branch_dag.py
[2026-04-09T18:20:15.311+0000] {processor.py:830} INFO - Processing file /home/airflow/.local/lib/python3.8/site-packages/airflow/example_dags/example_nested_branch_dag.py for tasks to queue
[2026-04-09T18:20:15.313+0000] {logging_mixin.py:188} INFO - [2026-04-09T18:20:15.313+0000] {dagbag.py:538} INFO - Filling up the DagBag from /home/airflow/.local/lib/python3.8/site-packages/airflow/example_dags/example_nested_branch_dag.py
[2026-04-09T18:20:15.324+0000] {processor.py:840} INFO - DAG(s) 'example_nested_branch_dag' retrieved from /home/airflow/.local/lib/python3.8/site-packages/airflow/example_dags/example_nested_branch_dag.py
[2026-04-09T18:20:15.350+0000] {logging_mixin.py:188} INFO - [2026-04-09T18:20:15.350+0000] {dag.py:3036} INFO - Sync 1 DAGs
[2026-04-09T18:20:15.372+0000] {logging_mixin.py:188} INFO - [2026-04-09T18:20:15.372+0000] {dag.py:3823} INFO - Setting next_dagrun for example_nested_branch_dag to 2026-04-08 00:00:00+00:00, run_after=2026-04-09 00:00:00+00:00
[2026-04-09T18:20:15.396+0000] {processor.py:183} INFO - Processing /home/airflow/.local/lib/python3.8/site-packages/airflow/example_dags/example_nested_branch_dag.py took 0.090 seconds
[2026-04-09T18:20:45.561+0000] {processor.py:161} INFO - Started process (PID=10711) to work on /home/airflow/.local/lib/python3.8/site-packages/airflow/example_dags/example_nested_branch_dag.py
[2026-04-09T18:20:45.562+0000] {processor.py:830} INFO - Processing file /home/airflow/.local/lib/python3.8/site-packages/airflow/example_dags/example_nested_branch_dag.py for tasks to queue
[2026-04-09T18:20:45.565+0000] {logging_mixin.py:188} INFO - [2026-04-09T18:20:45.565+0000] {dagbag.py:538} INFO - Filling up the DagBag from /home/airflow/.local/lib/python3.8/site-packages/airflow/example_dags/example_nested_branch_dag.py
[2026-04-09T18:20:45.574+0000] {processor.py:840} INFO - DAG(s) 'example_nested_branch_dag' retrieved from /home/airflow/.local/lib/python3.8/site-packages/airflow/example_dags/example_nested_branch_dag.py
[2026-04-09T18:20:45.598+0000] {logging_mixin.py:188} INFO - [2026-04-09T18:20:45.598+0000] {dag.py:3036} INFO - Sync 1 DAGs
[2026-04-09T18:20:45.619+0000] {logging_mixin.py:188} INFO - [2026-04-09T18:20:45.619+0000] {dag.py:3823} INFO - Setting next_dagrun for example_nested_branch_dag to 2026-04-08 00:00:00+00:00, run_after=2026-04-09 00:00:00+00:00
[2026-04-09T18:20:45.643+0000] {processor.py:183} INFO - Processing /home/airflow/.local/lib/python3.8/site-packages/airflow/example_dags/example_nested_branch_dag.py took 0.086 seconds
[2026-04-09T18:21:16.257+0000] {processor.py:161} INFO - Started process (PID=10768) to work on /home/airflow/.local/lib/python3.8/site-packages/airflow/example_dags/example_nested_branch_dag.py
[2026-04-09T18:21:16.258+0000] {processor.py:830} INFO - Processing file /home/airflow/.local/lib/python3.8/site-packages/airflow/example_dags/example_nested_branch_dag.py for tasks to queue
[2026-04-09T18:21:16.260+0000] {logging_mixin.py:188} INFO - [2026-04-09T18:21:16.260+0000] {dagbag.py:538} INFO - Filling up the DagBag from /home/airflow/.local/lib/python3.8/site-packages/airflow/example_dags/example_nested_branch_dag.py
[2026-04-09T18:21:16.270+0000] {processor.py:840} INFO - DAG(s) 'example_nested_branch_dag' retrieved from /home/airflow/.local/lib/python3.8/site-packages/airflow/example_dags/example_nested_branch_dag.py
[2026-04-09T18:21:16.293+0000] {logging_mixin.py:188} INFO - [2026-04-09T18:21:16.293+0000] {dag.py:3036} INFO - Sync 1 DAGs
[2026-04-09T18:21:16.313+0000] {logging_mixin.py:188} INFO - [2026-04-09T18:21:16.313+0000] {dag.py:3823} INFO - Setting next_dagrun for example_nested_branch_dag to 2026-04-08 00:00:00+00:00, run_after=2026-04-09 00:00:00+00:00
[2026-04-09T18:21:16.335+0000] {processor.py:183} INFO - Processing /home/airflow/.local/lib/python3.8/site-packages/airflow/example_dags/example_nested_branch_dag.py took 0.082 seconds
[2026-04-09T18:21:47.181+0000] {processor.py:161} INFO - Started process (PID=10825) to work on /home/airflow/.local/lib/python3.8/site-packages/airflow/example_dags/example_nested_branch_dag.py
[2026-04-09T18:21:47.183+0000] {processor.py:830} INFO - Processing file /home/airflow/.local/lib/python3.8/site-packages/airflow/example_dags/example_nested_branch_dag.py for tasks to queue
[2026-04-09T18:21:47.185+0000] {logging_mixin.py:188} INFO - [2026-04-09T18:21:47.185+0000] {dagbag.py:538} INFO - Filling up the DagBag from /home/airflow/.local/lib/python3.8/site-packages/airflow/example_dags/example_nested_branch_dag.py
[2026-04-09T18:21:47.199+0000] {processor.py:840} INFO - DAG(s) 'example_nested_branch_dag' retrieved from /home/airflow/.local/lib/python3.8/site-packages/airflow/example_dags/example_nested_branch_dag.py
[2026-04-09T18:21:47.231+0000] {logging_mixin.py:188} INFO - [2026-04-09T18:21:47.230+0000] {dag.py:3036} INFO - Sync 1 DAGs
[2026-04-09T18:21:47.256+0000] {logging_mixin.py:188} INFO - [2026-04-09T18:21:47.255+0000] {dag.py:3823} INFO - Setting next_dagrun for example_nested_branch_dag to 2026-04-08 00:00:00+00:00, run_after=2026-04-09 00:00:00+00:00
[2026-04-09T18:21:47.286+0000] {processor.py:183} INFO - Processing /home/airflow/.local/lib/python3.8/site-packages/airflow/example_dags/example_nested_branch_dag.py took 0.110 seconds
[2026-04-09T18:22:17.615+0000] {processor.py:161} INFO - Started process (PID=10882) to work on /home/airflow/.local/lib/python3.8/site-packages/airflow/example_dags/example_nested_branch_dag.py
[2026-04-09T18:22:17.616+0000] {processor.py:830} INFO - Processing file /home/airflow/.local/lib/python3.8/site-packages/airflow/example_dags/example_nested_branch_dag.py for tasks to queue
[2026-04-09T18:22:17.618+0000] {logging_mixin.py:188} INFO - [2026-04-09T18:22:17.618+0000] {dagbag.py:538} INFO - Filling up the DagBag from /home/airflow/.local/lib/python3.8/site-packages/airflow/example_dags/example_nested_branch_dag.py
[2026-04-09T18:22:17.632+0000] {processor.py:840} INFO - DAG(s) 'example_nested_branch_dag' retrieved from /home/airflow/.local/lib/python3.8/site-packages/airflow/example_dags/example_nested_branch_dag.py
[2026-04-09T18:22:17.658+0000] {logging_mixin.py:188} INFO - [2026-04-09T18:22:17.657+0000] {dag.py:3036} INFO - Sync 1 DAGs
[2026-04-09T18:22:17.683+0000] {logging_mixin.py:188} INFO - [2026-04-09T18:22:17.683+0000] {dag.py:3823} INFO - Setting next_dagrun for example_nested_branch_dag to 2026-04-08 00:00:00+00:00, run_after=2026-04-09 00:00:00+00:00
[2026-04-09T18:22:17.708+0000] {processor.py:183} INFO - Processing /home/airflow/.local/lib/python3.8/site-packages/airflow/example_dags/example_nested_branch_dag.py took 0.098 seconds
[2026-04-09T18:22:48.235+0000] {processor.py:161} INFO - Started process (PID=10939) to work on /home/airflow/.local/lib/python3.8/site-packages/airflow/example_dags/example_nested_branch_dag.py
[2026-04-09T18:22:48.237+0000] {processor.py:830} INFO - Processing file /home/airflow/.local/lib/python3.8/site-packages/airflow/example_dags/example_nested_branch_dag.py for tasks to queue
[2026-04-09T18:22:48.240+0000] {logging_mixin.py:188} INFO - [2026-04-09T18:22:48.240+0000] {dagbag.py:538} INFO - Filling up the DagBag from /home/airflow/.local/lib/python3.8/site-packages/airflow/example_dags/example_nested_branch_dag.py
[2026-04-09T18:22:48.250+0000] {processor.py:840} INFO - DAG(s) 'example_nested_branch_dag' retrieved from /home/airflow/.local/lib/python3.8/site-packages/airflow/example_dags/example_nested_branch_dag.py
[2026-04-09T18:22:48.272+0000] {logging_mixin.py:188} INFO - [2026-04-09T18:22:48.272+0000] {dag.py:3036} INFO - Sync 1 DAGs
[2026-04-09T18:22:48.293+0000] {logging_mixin.py:188} INFO - [2026-04-09T18:22:48.292+0000] {dag.py:3823} INFO - Setting next_dagrun for example_nested_branch_dag to 2026-04-08 00:00:00+00:00, run_after=2026-04-09 00:00:00+00:00
[2026-04-09T18:22:48.323+0000] {processor.py:183} INFO - Processing /home/airflow/.local/lib/python3.8/site-packages/airflow/example_dags/example_nested_branch_dag.py took 0.091 seconds
[2026-04-09T18:23:18.644+0000] {processor.py:161} INFO - Started process (PID=10996) to work on /home/airflow/.local/lib/python3.8/site-packages/airflow/example_dags/example_nested_branch_dag.py
[2026-04-09T18:23:18.646+0000] {processor.py:830} INFO - Processing file /home/airflow/.local/lib/python3.8/site-packages/airflow/example_dags/example_nested_branch_dag.py for tasks to queue
[2026-04-09T18:23:18.648+0000] {logging_mixin.py:188} INFO - [2026-04-09T18:23:18.648+0000] {dagbag.py:538} INFO - Filling up the DagBag from /home/airflow/.local/lib/python3.8/site-packages/airflow/example_dags/example_nested_branch_dag.py
[2026-04-09T18:23:18.659+0000] {processor.py:840} INFO - DAG(s) 'example_nested_branch_dag' retrieved from /home/airflow/.local/lib/python3.8/site-packages/airflow/example_dags/example_nested_branch_dag.py
[2026-04-09T18:23:18.682+0000] {logging_mixin.py:188} INFO - [2026-04-09T18:23:18.682+0000] {dag.py:3036} INFO - Sync 1 DAGs
[2026-04-09T18:23:18.703+0000] {logging_mixin.py:188} INFO - [2026-04-09T18:23:18.702+0000] {dag.py:3823} INFO - Setting next_dagrun for example_nested_branch_dag to 2026-04-08 00:00:00+00:00, run_after=2026-04-09 00:00:00+00:00
[2026-04-09T18:23:18.726+0000] {processor.py:183} INFO - Processing /home/airflow/.local/lib/python3.8/site-packages/airflow/example_dags/example_nested_branch_dag.py took 0.086 seconds
[2026-04-09T18:23:48.806+0000] {processor.py:161} INFO - Started process (PID=11053) to work on /home/airflow/.local/lib/python3.8/site-packages/airflow/example_dags/example_nested_branch_dag.py
[2026-04-09T18:23:48.808+0000] {processor.py:830} INFO - Processing file /home/airflow/.local/lib/python3.8/site-packages/airflow/example_dags/example_nested_branch_dag.py for tasks to queue
[2026-04-09T18:23:48.810+0000] {logging_mixin.py:188} INFO - [2026-04-09T18:23:48.810+0000] {dagbag.py:538} INFO - Filling up the DagBag from /home/airflow/.local/lib/python3.8/site-packages/airflow/example_dags/example_nested_branch_dag.py
[2026-04-09T18:23:48.819+0000] {processor.py:840} INFO - DAG(s) 'example_nested_branch_dag' retrieved from /home/airflow/.local/lib/python3.8/site-packages/airflow/example_dags/example_nested_branch_dag.py
[2026-04-09T18:23:48.843+0000] {logging_mixin.py:188} INFO - [2026-04-09T18:23:48.842+0000] {dag.py:3036} INFO - Sync 1 DAGs
[2026-04-09T18:23:48.861+0000] {logging_mixin.py:188} INFO - [2026-04-09T18:23:48.861+0000] {dag.py:3823} INFO - Setting next_dagrun for example_nested_branch_dag to 2026-04-08 00:00:00+00:00, run_after=2026-04-09 00:00:00+00:00
[2026-04-09T18:23:49.180+0000] {processor.py:183} INFO - Processing /home/airflow/.local/lib/python3.8/site-packages/airflow/example_dags/example_nested_branch_dag.py took 0.377 seconds
[2026-04-09T18:24:19.386+0000] {processor.py:161} INFO - Started process (PID=11108) to work on /home/airflow/.local/lib/python3.8/site-packages/airflow/example_dags/example_nested_branch_dag.py
[2026-04-09T18:24:19.387+0000] {processor.py:830} INFO - Processing file /home/airflow/.local/lib/python3.8/site-packages/airflow/example_dags/example_nested_branch_dag.py for tasks to queue
[2026-04-09T18:24:19.389+0000] {logging_mixin.py:188} INFO - [2026-04-09T18:24:19.388+0000] {dagbag.py:538} INFO - Filling up the DagBag from /home/airflow/.local/lib/python3.8/site-packages/airflow/example_dags/example_nested_branch_dag.py
[2026-04-09T18:24:19.398+0000] {processor.py:840} INFO - DAG(s) 'example_nested_branch_dag' retrieved from /home/airflow/.local/lib/python3.8/site-packages/airflow/example_dags/example_nested_branch_dag.py
[2026-04-09T18:24:19.423+0000] {logging_mixin.py:188} INFO - [2026-04-09T18:24:19.423+0000] {dag.py:3036} INFO - Sync 1 DAGs
[2026-04-09T18:24:19.443+0000] {logging_mixin.py:188} INFO - [2026-04-09T18:24:19.443+0000] {dag.py:3823} INFO - Setting next_dagrun for example_nested_branch_dag to 2026-04-08 00:00:00+00:00, run_after=2026-04-09 00:00:00+00:00
[2026-04-09T18:24:19.474+0000] {processor.py:183} INFO - Processing /home/airflow/.local/lib/python3.8/site-packages/airflow/example_dags/example_nested_branch_dag.py took 0.092 seconds
[2026-04-09T18:24:49.583+0000] {processor.py:161} INFO - Started process (PID=11162) to work on /home/airflow/.local/lib/python3.8/site-packages/airflow/example_dags/example_nested_branch_dag.py
[2026-04-09T18:24:49.585+0000] {processor.py:830} INFO - Processing file /home/airflow/.local/lib/python3.8/site-packages/airflow/example_dags/example_nested_branch_dag.py for tasks to queue
[2026-04-09T18:24:49.587+0000] {logging_mixin.py:188} INFO - [2026-04-09T18:24:49.587+0000] {dagbag.py:538} INFO - Filling up the DagBag from /home/airflow/.local/lib/python3.8/site-packages/airflow/example_dags/example_nested_branch_dag.py
[2026-04-09T18:24:49.602+0000] {processor.py:840} INFO - DAG(s) 'example_nested_branch_dag' retrieved from /home/airflow/.local/lib/python3.8/site-packages/airflow/example_dags/example_nested_branch_dag.py
[2026-04-09T18:24:49.628+0000] {logging_mixin.py:188} INFO - [2026-04-09T18:24:49.627+0000] {dag.py:3036} INFO - Sync 1 DAGs
[2026-04-09T18:24:49.658+0000] {logging_mixin.py:188} INFO - [2026-04-09T18:24:49.658+0000] {dag.py:3823} INFO - Setting next_dagrun for example_nested_branch_dag to 2026-04-08 00:00:00+00:00, run_after=2026-04-09 00:00:00+00:00
[2026-04-09T18:24:49.682+0000] {processor.py:183} INFO - Processing /home/airflow/.local/lib/python3.8/site-packages/airflow/example_dags/example_nested_branch_dag.py took 0.103 seconds
[2026-04-09T18:25:20.026+0000] {processor.py:161} INFO - Started process (PID=11218) to work on /home/airflow/.local/lib/python3.8/site-packages/airflow/example_dags/example_nested_branch_dag.py
[2026-04-09T18:25:20.028+0000] {processor.py:830} INFO - Processing file /home/airflow/.local/lib/python3.8/site-packages/airflow/example_dags/example_nested_branch_dag.py for tasks to queue
[2026-04-09T18:25:20.030+0000] {logging_mixin.py:188} INFO - [2026-04-09T18:25:20.030+0000] {dagbag.py:538} INFO - Filling up the DagBag from /home/airflow/.local/lib/python3.8/site-packages/airflow/example_dags/example_nested_branch_dag.py
[2026-04-09T18:25:20.042+0000] {processor.py:840} INFO - DAG(s) 'example_nested_branch_dag' retrieved from /home/airflow/.local/lib/python3.8/site-packages/airflow/example_dags/example_nested_branch_dag.py
[2026-04-09T18:25:20.068+0000] {logging_mixin.py:188} INFO - [2026-04-09T18:25:20.067+0000] {dag.py:3036} INFO - Sync 1 DAGs
[2026-04-09T18:25:20.093+0000] {logging_mixin.py:188} INFO - [2026-04-09T18:25:20.093+0000] {dag.py:3823} INFO - Setting next_dagrun for example_nested_branch_dag to 2026-04-08 00:00:00+00:00, run_after=2026-04-09 00:00:00+00:00
[2026-04-09T18:25:20.116+0000] {processor.py:183} INFO - Processing /home/airflow/.local/lib/python3.8/site-packages/airflow/example_dags/example_nested_branch_dag.py took 0.093 seconds
[2026-04-09T18:25:50.515+0000] {processor.py:161} INFO - Started process (PID=11275) to work on /home/airflow/.local/lib/python3.8/site-packages/airflow/example_dags/example_nested_branch_dag.py
[2026-04-09T18:25:50.517+0000] {processor.py:830} INFO - Processing file /home/airflow/.local/lib/python3.8/site-packages/airflow/example_dags/example_nested_branch_dag.py for tasks to queue
[2026-04-09T18:25:50.519+0000] {logging_mixin.py:188} INFO - [2026-04-09T18:25:50.519+0000] {dagbag.py:538} INFO - Filling up the DagBag from /home/airflow/.local/lib/python3.8/site-packages/airflow/example_dags/example_nested_branch_dag.py
[2026-04-09T18:25:50.534+0000] {processor.py:840} INFO - DAG(s) 'example_nested_branch_dag' retrieved from /home/airflow/.local/lib/python3.8/site-packages/airflow/example_dags/example_nested_branch_dag.py
[2026-04-09T18:25:50.557+0000] {logging_mixin.py:188} INFO - [2026-04-09T18:25:50.557+0000] {dag.py:3036} INFO - Sync 1 DAGs
[2026-04-09T18:25:50.581+0000] {logging_mixin.py:188} INFO - [2026-04-09T18:25:50.581+0000] {dag.py:3823} INFO - Setting next_dagrun for example_nested_branch_dag to 2026-04-08 00:00:00+00:00, run_after=2026-04-09 00:00:00+00:00
[2026-04-09T18:25:50.603+0000] {processor.py:183} INFO - Processing /home/airflow/.local/lib/python3.8/site-packages/airflow/example_dags/example_nested_branch_dag.py took 0.092 seconds
[2026-04-09T18:26:21.127+0000] {processor.py:161} INFO - Started process (PID=11330) to work on /home/airflow/.local/lib/python3.8/site-packages/airflow/example_dags/example_nested_branch_dag.py
[2026-04-09T18:26:21.129+0000] {processor.py:830} INFO - Processing file /home/airflow/.local/lib/python3.8/site-packages/airflow/example_dags/example_nested_branch_dag.py for tasks to queue
[2026-04-09T18:26:21.131+0000] {logging_mixin.py:188} INFO - [2026-04-09T18:26:21.131+0000] {dagbag.py:538} INFO - Filling up the DagBag from /home/airflow/.local/lib/python3.8/site-packages/airflow/example_dags/example_nested_branch_dag.py
[2026-04-09T18:26:21.141+0000] {processor.py:840} INFO - DAG(s) 'example_nested_branch_dag' retrieved from /home/airflow/.local/lib/python3.8/site-packages/airflow/example_dags/example_nested_branch_dag.py
[2026-04-09T18:26:21.162+0000] {logging_mixin.py:188} INFO - [2026-04-09T18:26:21.162+0000] {dag.py:3036} INFO - Sync 1 DAGs
[2026-04-09T18:26:21.186+0000] {logging_mixin.py:188} INFO - [2026-04-09T18:26:21.185+0000] {dag.py:3823} INFO - Setting next_dagrun for example_nested_branch_dag to 2026-04-08 00:00:00+00:00, run_after=2026-04-09 00:00:00+00:00
[2026-04-09T18:26:21.209+0000] {processor.py:183} INFO - Processing /home/airflow/.local/lib/python3.8/site-packages/airflow/example_dags/example_nested_branch_dag.py took 0.088 seconds
[2026-04-09T18:26:51.412+0000] {processor.py:161} INFO - Started process (PID=11387) to work on /home/airflow/.local/lib/python3.8/site-packages/airflow/example_dags/example_nested_branch_dag.py
[2026-04-09T18:26:51.413+0000] {processor.py:830} INFO - Processing file /home/airflow/.local/lib/python3.8/site-packages/airflow/example_dags/example_nested_branch_dag.py for tasks to queue
[2026-04-09T18:26:51.415+0000] {logging_mixin.py:188} INFO - [2026-04-09T18:26:51.415+0000] {dagbag.py:538} INFO - Filling up the DagBag from /home/airflow/.local/lib/python3.8/site-packages/airflow/example_dags/example_nested_branch_dag.py
[2026-04-09T18:26:51.426+0000] {processor.py:840} INFO - DAG(s) 'example_nested_branch_dag' retrieved from /home/airflow/.local/lib/python3.8/site-packages/airflow/example_dags/example_nested_branch_dag.py
[2026-04-09T18:26:51.450+0000] {logging_mixin.py:188} INFO - [2026-04-09T18:26:51.450+0000] {dag.py:3036} INFO - Sync 1 DAGs
[2026-04-09T18:26:51.473+0000] {logging_mixin.py:188} INFO - [2026-04-09T18:26:51.473+0000] {dag.py:3823} INFO - Setting next_dagrun for example_nested_branch_dag to 2026-04-08 00:00:00+00:00, run_after=2026-04-09 00:00:00+00:00
[2026-04-09T18:26:51.494+0000] {processor.py:183} INFO - Processing /home/airflow/.local/lib/python3.8/site-packages/airflow/example_dags/example_nested_branch_dag.py took 0.088 seconds
[2026-04-09T18:27:21.849+0000] {processor.py:161} INFO - Started process (PID=11444) to work on /home/airflow/.local/lib/python3.8/site-packages/airflow/example_dags/example_nested_branch_dag.py
[2026-04-09T18:27:21.850+0000] {processor.py:830} INFO - Processing file /home/airflow/.local/lib/python3.8/site-packages/airflow/example_dags/example_nested_branch_dag.py for tasks to queue
[2026-04-09T18:27:21.852+0000] {logging_mixin.py:188} INFO - [2026-04-09T18:27:21.852+0000] {dagbag.py:538} INFO - Filling up the DagBag from /home/airflow/.local/lib/python3.8/site-packages/airflow/example_dags/example_nested_branch_dag.py
[2026-04-09T18:27:21.862+0000] {processor.py:840} INFO - DAG(s) 'example_nested_branch_dag' retrieved from /home/airflow/.local/lib/python3.8/site-packages/airflow/example_dags/example_nested_branch_dag.py
[2026-04-09T18:27:21.884+0000] {logging_mixin.py:188} INFO - [2026-04-09T18:27:21.883+0000] {dag.py:3036} INFO - Sync 1 DAGs
[2026-04-09T18:27:21.905+0000] {logging_mixin.py:188} INFO - [2026-04-09T18:27:21.905+0000] {dag.py:3823} INFO - Setting next_dagrun for example_nested_branch_dag to 2026-04-08 00:00:00+00:00, run_after=2026-04-09 00:00:00+00:00
[2026-04-09T18:27:21.929+0000] {processor.py:183} INFO - Processing /home/airflow/.local/lib/python3.8/site-packages/airflow/example_dags/example_nested_branch_dag.py took 0.083 seconds
[2026-04-09T18:27:52.155+0000] {processor.py:161} INFO - Started process (PID=11501) to work on /home/airflow/.local/lib/python3.8/site-packages/airflow/example_dags/example_nested_branch_dag.py
[2026-04-09T18:27:52.156+0000] {processor.py:830} INFO - Processing file /home/airflow/.local/lib/python3.8/site-packages/airflow/example_dags/example_nested_branch_dag.py for tasks to queue
[2026-04-09T18:27:52.159+0000] {logging_mixin.py:188} INFO - [2026-04-09T18:27:52.158+0000] {dagbag.py:538} INFO - Filling up the DagBag from /home/airflow/.local/lib/python3.8/site-packages/airflow/example_dags/example_nested_branch_dag.py
[2026-04-09T18:27:52.169+0000] {processor.py:840} INFO - DAG(s) 'example_nested_branch_dag' retrieved from /home/airflow/.local/lib/python3.8/site-packages/airflow/example_dags/example_nested_branch_dag.py
[2026-04-09T18:27:52.194+0000] {logging_mixin.py:188} INFO - [2026-04-09T18:27:52.193+0000] {dag.py:3036} INFO - Sync 1 DAGs
[2026-04-09T18:27:52.216+0000] {logging_mixin.py:188} INFO - [2026-04-09T18:27:52.215+0000] {dag.py:3823} INFO - Setting next_dagrun for example_nested_branch_dag to 2026-04-08 00:00:00+00:00, run_after=2026-04-09 00:00:00+00:00
[2026-04-09T18:27:52.238+0000] {processor.py:183} INFO - Processing /home/airflow/.local/lib/python3.8/site-packages/airflow/example_dags/example_nested_branch_dag.py took 0.086 seconds
[2026-04-09T18:28:22.716+0000] {processor.py:161} INFO - Started process (PID=11558) to work on /home/airflow/.local/lib/python3.8/site-packages/airflow/example_dags/example_nested_branch_dag.py
[2026-04-09T18:28:22.718+0000] {processor.py:830} INFO - Processing file /home/airflow/.local/lib/python3.8/site-packages/airflow/example_dags/example_nested_branch_dag.py for tasks to queue
[2026-04-09T18:28:22.720+0000] {logging_mixin.py:188} INFO - [2026-04-09T18:28:22.720+0000] {dagbag.py:538} INFO - Filling up the DagBag from /home/airflow/.local/lib/python3.8/site-packages/airflow/example_dags/example_nested_branch_dag.py
[2026-04-09T18:28:22.729+0000] {processor.py:840} INFO - DAG(s) 'example_nested_branch_dag' retrieved from /home/airflow/.local/lib/python3.8/site-packages/airflow/example_dags/example_nested_branch_dag.py
[2026-04-09T18:28:22.753+0000] {logging_mixin.py:188} INFO - [2026-04-09T18:28:22.753+0000] {dag.py:3036} INFO - Sync 1 DAGs
[2026-04-09T18:28:22.774+0000] {logging_mixin.py:188} INFO - [2026-04-09T18:28:22.773+0000] {dag.py:3823} INFO - Setting next_dagrun for example_nested_branch_dag to 2026-04-08 00:00:00+00:00, run_after=2026-04-09 00:00:00+00:00
[2026-04-09T18:28:22.795+0000] {processor.py:183} INFO - Processing /home/airflow/.local/lib/python3.8/site-packages/airflow/example_dags/example_nested_branch_dag.py took 0.082 seconds
[2026-04-09T18:28:52.992+0000] {processor.py:161} INFO - Started process (PID=11615) to work on /home/airflow/.local/lib/python3.8/site-packages/airflow/example_dags/example_nested_branch_dag.py
[2026-04-09T18:28:52.994+0000] {processor.py:830} INFO - Processing file /home/airflow/.local/lib/python3.8/site-packages/airflow/example_dags/example_nested_branch_dag.py for tasks to queue
[2026-04-09T18:28:52.996+0000] {logging_mixin.py:188} INFO - [2026-04-09T18:28:52.996+0000] {dagbag.py:538} INFO - Filling up the DagBag from /home/airflow/.local/lib/python3.8/site-packages/airflow/example_dags/example_nested_branch_dag.py
[2026-04-09T18:28:53.006+0000] {processor.py:840} INFO - DAG(s) 'example_nested_branch_dag' retrieved from /home/airflow/.local/lib/python3.8/site-packages/airflow/example_dags/example_nested_branch_dag.py
[2026-04-09T18:28:53.029+0000] {logging_mixin.py:188} INFO - [2026-04-09T18:28:53.029+0000] {dag.py:3036} INFO - Sync 1 DAGs
[2026-04-09T18:28:53.052+0000] {logging_mixin.py:188} INFO - [2026-04-09T18:28:53.051+0000] {dag.py:3823} INFO - Setting next_dagrun for example_nested_branch_dag to 2026-04-08 00:00:00+00:00, run_after=2026-04-09 00:00:00+00:00
[2026-04-09T18:28:53.074+0000] {processor.py:183} INFO - Processing /home/airflow/.local/lib/python3.8/site-packages/airflow/example_dags/example_nested_branch_dag.py took 0.086 seconds
[2026-04-09T18:29:23.431+0000] {processor.py:161} INFO - Started process (PID=11672) to work on /home/airflow/.local/lib/python3.8/site-packages/airflow/example_dags/example_nested_branch_dag.py
[2026-04-09T18:29:23.432+0000] {processor.py:830} INFO - Processing file /home/airflow/.local/lib/python3.8/site-packages/airflow/example_dags/example_nested_branch_dag.py for tasks to queue
[2026-04-09T18:29:23.434+0000] {logging_mixin.py:188} INFO - [2026-04-09T18:29:23.434+0000] {dagbag.py:538} INFO - Filling up the DagBag from /home/airflow/.local/lib/python3.8/site-packages/airflow/example_dags/example_nested_branch_dag.py
[2026-04-09T18:29:23.444+0000] {processor.py:840} INFO - DAG(s) 'example_nested_branch_dag' retrieved from /home/airflow/.local/lib/python3.8/site-packages/airflow/example_dags/example_nested_branch_dag.py
[2026-04-09T18:29:23.467+0000] {logging_mixin.py:188} INFO - [2026-04-09T18:29:23.467+0000] {dag.py:3036} INFO - Sync 1 DAGs
[2026-04-09T18:29:23.489+0000] {logging_mixin.py:188} INFO - [2026-04-09T18:29:23.489+0000] {dag.py:3823} INFO - Setting next_dagrun for example_nested_branch_dag to 2026-04-08 00:00:00+00:00, run_after=2026-04-09 00:00:00+00:00
[2026-04-09T18:29:23.513+0000] {processor.py:183} INFO - Processing /home/airflow/.local/lib/python3.8/site-packages/airflow/example_dags/example_nested_branch_dag.py took 0.085 seconds
[2026-04-09T18:29:53.898+0000] {processor.py:161} INFO - Started process (PID=11729) to work on /home/airflow/.local/lib/python3.8/site-packages/airflow/example_dags/example_nested_branch_dag.py
[2026-04-09T18:29:53.899+0000] {processor.py:830} INFO - Processing file /home/airflow/.local/lib/python3.8/site-packages/airflow/example_dags/example_nested_branch_dag.py for tasks to queue
[2026-04-09T18:29:53.901+0000] {logging_mixin.py:188} INFO - [2026-04-09T18:29:53.901+0000] {dagbag.py:538} INFO - Filling up the DagBag from /home/airflow/.local/lib/python3.8/site-packages/airflow/example_dags/example_nested_branch_dag.py
[2026-04-09T18:29:53.913+0000] {processor.py:840} INFO - DAG(s) 'example_nested_branch_dag' retrieved from /home/airflow/.local/lib/python3.8/site-packages/airflow/example_dags/example_nested_branch_dag.py
[2026-04-09T18:29:53.937+0000] {logging_mixin.py:188} INFO - [2026-04-09T18:29:53.936+0000] {dag.py:3036} INFO - Sync 1 DAGs
[2026-04-09T18:29:53.961+0000] {logging_mixin.py:188} INFO - [2026-04-09T18:29:53.960+0000] {dag.py:3823} INFO - Setting next_dagrun for example_nested_branch_dag to 2026-04-08 00:00:00+00:00, run_after=2026-04-09 00:00:00+00:00
[2026-04-09T18:29:53.985+0000] {processor.py:183} INFO - Processing /home/airflow/.local/lib/python3.8/site-packages/airflow/example_dags/example_nested_branch_dag.py took 0.092 seconds
[2026-04-09T18:30:24.591+0000] {processor.py:161} INFO - Started process (PID=11786) to work on /home/airflow/.local/lib/python3.8/site-packages/airflow/example_dags/example_nested_branch_dag.py
[2026-04-09T18:30:24.593+0000] {processor.py:830} INFO - Processing file /home/airflow/.local/lib/python3.8/site-packages/airflow/example_dags/example_nested_branch_dag.py for tasks to queue
[2026-04-09T18:30:24.595+0000] {logging_mixin.py:188} INFO - [2026-04-09T18:30:24.594+0000] {dagbag.py:538} INFO - Filling up the DagBag from /home/airflow/.local/lib/python3.8/site-packages/airflow/example_dags/example_nested_branch_dag.py
[2026-04-09T18:30:24.605+0000] {processor.py:840} INFO - DAG(s) 'example_nested_branch_dag' retrieved from /home/airflow/.local/lib/python3.8/site-packages/airflow/example_dags/example_nested_branch_dag.py
[2026-04-09T18:30:24.627+0000] {logging_mixin.py:188} INFO - [2026-04-09T18:30:24.627+0000] {dag.py:3036} INFO - Sync 1 DAGs
[2026-04-09T18:30:24.649+0000] {logging_mixin.py:188} INFO - [2026-04-09T18:30:24.649+0000] {dag.py:3823} INFO - Setting next_dagrun for example_nested_branch_dag to 2026-04-08 00:00:00+00:00, run_after=2026-04-09 00:00:00+00:00
[2026-04-09T18:30:24.676+0000] {processor.py:183} INFO - Processing /home/airflow/.local/lib/python3.8/site-packages/airflow/example_dags/example_nested_branch_dag.py took 0.088 seconds
[2026-04-09T18:30:55.285+0000] {processor.py:161} INFO - Started process (PID=11843) to work on /home/airflow/.local/lib/python3.8/site-packages/airflow/example_dags/example_nested_branch_dag.py
[2026-04-09T18:30:55.291+0000] {processor.py:830} INFO - Processing file /home/airflow/.local/lib/python3.8/site-packages/airflow/example_dags/example_nested_branch_dag.py for tasks to queue
[2026-04-09T18:30:55.295+0000] {logging_mixin.py:188} INFO - [2026-04-09T18:30:55.295+0000] {dagbag.py:538} INFO - Filling up the DagBag from /home/airflow/.local/lib/python3.8/site-packages/airflow/example_dags/example_nested_branch_dag.py
[2026-04-09T18:30:55.312+0000] {processor.py:840} INFO - DAG(s) 'example_nested_branch_dag' retrieved from /home/airflow/.local/lib/python3.8/site-packages/airflow/example_dags/example_nested_branch_dag.py
[2026-04-09T18:30:55.343+0000] {logging_mixin.py:188} INFO - [2026-04-09T18:30:55.343+0000] {dag.py:3036} INFO - Sync 1 DAGs
[2026-04-09T18:30:55.378+0000] {logging_mixin.py:188} INFO - [2026-04-09T18:30:55.378+0000] {dag.py:3823} INFO - Setting next_dagrun for example_nested_branch_dag to 2026-04-08 00:00:00+00:00, run_after=2026-04-09 00:00:00+00:00
[2026-04-09T18:30:55.404+0000] {processor.py:183} INFO - Processing /home/airflow/.local/lib/python3.8/site-packages/airflow/example_dags/example_nested_branch_dag.py took 0.124 seconds
[2026-04-09T18:31:25.814+0000] {processor.py:161} INFO - Started process (PID=11906) to work on /home/airflow/.local/lib/python3.8/site-packages/airflow/example_dags/example_nested_branch_dag.py
[2026-04-09T18:31:25.816+0000] {processor.py:830} INFO - Processing file /home/airflow/.local/lib/python3.8/site-packages/airflow/example_dags/example_nested_branch_dag.py for tasks to queue
[2026-04-09T18:31:25.818+0000] {logging_mixin.py:188} INFO - [2026-04-09T18:31:25.818+0000] {dagbag.py:538} INFO - Filling up the DagBag from /home/airflow/.local/lib/python3.8/site-packages/airflow/example_dags/example_nested_branch_dag.py
[2026-04-09T18:31:25.831+0000] {processor.py:840} INFO - DAG(s) 'example_nested_branch_dag' retrieved from /home/airflow/.local/lib/python3.8/site-packages/airflow/example_dags/example_nested_branch_dag.py
[2026-04-09T18:31:25.859+0000] {logging_mixin.py:188} INFO - [2026-04-09T18:31:25.858+0000] {dag.py:3036} INFO - Sync 1 DAGs
[2026-04-09T18:31:25.882+0000] {logging_mixin.py:188} INFO - [2026-04-09T18:31:25.881+0000] {dag.py:3823} INFO - Setting next_dagrun for example_nested_branch_dag to 2026-04-08 00:00:00+00:00, run_after=2026-04-09 00:00:00+00:00
[2026-04-09T18:31:25.902+0000] {processor.py:183} INFO - Processing /home/airflow/.local/lib/python3.8/site-packages/airflow/example_dags/example_nested_branch_dag.py took 0.093 seconds
[2026-04-09T18:31:56.362+0000] {processor.py:161} INFO - Started process (PID=11963) to work on /home/airflow/.local/lib/python3.8/site-packages/airflow/example_dags/example_nested_branch_dag.py
[2026-04-09T18:31:56.363+0000] {processor.py:830} INFO - Processing file /home/airflow/.local/lib/python3.8/site-packages/airflow/example_dags/example_nested_branch_dag.py for tasks to queue
[2026-04-09T18:31:56.365+0000] {logging_mixin.py:188} INFO - [2026-04-09T18:31:56.365+0000] {dagbag.py:538} INFO - Filling up the DagBag from /home/airflow/.local/lib/python3.8/site-packages/airflow/example_dags/example_nested_branch_dag.py
[2026-04-09T18:31:56.375+0000] {processor.py:840} INFO - DAG(s) 'example_nested_branch_dag' retrieved from /home/airflow/.local/lib/python3.8/site-packages/airflow/example_dags/example_nested_branch_dag.py
[2026-04-09T18:31:56.399+0000] {logging_mixin.py:188} INFO - [2026-04-09T18:31:56.399+0000] {dag.py:3036} INFO - Sync 1 DAGs
[2026-04-09T18:31:56.420+0000] {logging_mixin.py:188} INFO - [2026-04-09T18:31:56.419+0000] {dag.py:3823} INFO - Setting next_dagrun for example_nested_branch_dag to 2026-04-08 00:00:00+00:00, run_after=2026-04-09 00:00:00+00:00
[2026-04-09T18:31:56.444+0000] {processor.py:183} INFO - Processing /home/airflow/.local/lib/python3.8/site-packages/airflow/example_dags/example_nested_branch_dag.py took 0.086 seconds
[2026-04-09T18:32:26.857+0000] {processor.py:161} INFO - Started process (PID=12020) to work on /home/airflow/.local/lib/python3.8/site-packages/airflow/example_dags/example_nested_branch_dag.py
[2026-04-09T18:32:26.859+0000] {processor.py:830} INFO - Processing file /home/airflow/.local/lib/python3.8/site-packages/airflow/example_dags/example_nested_branch_dag.py for tasks to queue
[2026-04-09T18:32:26.860+0000] {logging_mixin.py:188} INFO - [2026-04-09T18:32:26.860+0000] {dagbag.py:538} INFO - Filling up the DagBag from /home/airflow/.local/lib/python3.8/site-packages/airflow/example_dags/example_nested_branch_dag.py
[2026-04-09T18:32:26.870+0000] {processor.py:840} INFO - DAG(s) 'example_nested_branch_dag' retrieved from /home/airflow/.local/lib/python3.8/site-packages/airflow/example_dags/example_nested_branch_dag.py
[2026-04-09T18:32:26.893+0000] {logging_mixin.py:188} INFO - [2026-04-09T18:32:26.893+0000] {dag.py:3036} INFO - Sync 1 DAGs
[2026-04-09T18:32:26.912+0000] {logging_mixin.py:188} INFO - [2026-04-09T18:32:26.912+0000] {dag.py:3823} INFO - Setting next_dagrun for example_nested_branch_dag to 2026-04-08 00:00:00+00:00, run_after=2026-04-09 00:00:00+00:00
[2026-04-09T18:32:26.934+0000] {processor.py:183} INFO - Processing /home/airflow/.local/lib/python3.8/site-packages/airflow/example_dags/example_nested_branch_dag.py took 0.080 seconds
[2026-04-09T18:32:57.237+0000] {processor.py:161} INFO - Started process (PID=12077) to work on /home/airflow/.local/lib/python3.8/site-packages/airflow/example_dags/example_nested_branch_dag.py
[2026-04-09T18:32:57.238+0000] {processor.py:830} INFO - Processing file /home/airflow/.local/lib/python3.8/site-packages/airflow/example_dags/example_nested_branch_dag.py for tasks to queue
[2026-04-09T18:32:57.240+0000] {logging_mixin.py:188} INFO - [2026-04-09T18:32:57.240+0000] {dagbag.py:538} INFO - Filling up the DagBag from /home/airflow/.local/lib/python3.8/site-packages/airflow/example_dags/example_nested_branch_dag.py
[2026-04-09T18:32:57.249+0000] {processor.py:840} INFO - DAG(s) 'example_nested_branch_dag' retrieved from /home/airflow/.local/lib/python3.8/site-packages/airflow/example_dags/example_nested_branch_dag.py
[2026-04-09T18:32:57.273+0000] {logging_mixin.py:188} INFO - [2026-04-09T18:32:57.273+0000] {dag.py:3036} INFO - Sync 1 DAGs
[2026-04-09T18:32:57.294+0000] {logging_mixin.py:188} INFO - [2026-04-09T18:32:57.293+0000] {dag.py:3823} INFO - Setting next_dagrun for example_nested_branch_dag to 2026-04-08 00:00:00+00:00, run_after=2026-04-09 00:00:00+00:00
[2026-04-09T18:32:57.323+0000] {processor.py:183} INFO - Processing /home/airflow/.local/lib/python3.8/site-packages/airflow/example_dags/example_nested_branch_dag.py took 0.090 seconds
[2026-04-09T18:33:27.637+0000] {processor.py:161} INFO - Started process (PID=12134) to work on /home/airflow/.local/lib/python3.8/site-packages/airflow/example_dags/example_nested_branch_dag.py
[2026-04-09T18:33:27.638+0000] {processor.py:830} INFO - Processing file /home/airflow/.local/lib/python3.8/site-packages/airflow/example_dags/example_nested_branch_dag.py for tasks to queue
[2026-04-09T18:33:27.640+0000] {logging_mixin.py:188} INFO - [2026-04-09T18:33:27.640+0000] {dagbag.py:538} INFO - Filling up the DagBag from /home/airflow/.local/lib/python3.8/site-packages/airflow/example_dags/example_nested_branch_dag.py
[2026-04-09T18:33:27.650+0000] {processor.py:840} INFO - DAG(s) 'example_nested_branch_dag' retrieved from /home/airflow/.local/lib/python3.8/site-packages/airflow/example_dags/example_nested_branch_dag.py
[2026-04-09T18:33:27.671+0000] {logging_mixin.py:188} INFO - [2026-04-09T18:33:27.671+0000] {dag.py:3036} INFO - Sync 1 DAGs
[2026-04-09T18:33:27.693+0000] {logging_mixin.py:188} INFO - [2026-04-09T18:33:27.692+0000] {dag.py:3823} INFO - Setting next_dagrun for example_nested_branch_dag to 2026-04-08 00:00:00+00:00, run_after=2026-04-09 00:00:00+00:00
[2026-04-09T18:33:27.715+0000] {processor.py:183} INFO - Processing /home/airflow/.local/lib/python3.8/site-packages/airflow/example_dags/example_nested_branch_dag.py took 0.081 seconds
[2026-04-09T18:33:58.139+0000] {processor.py:161} INFO - Started process (PID=12191) to work on /home/airflow/.local/lib/python3.8/site-packages/airflow/example_dags/example_nested_branch_dag.py
[2026-04-09T18:33:58.140+0000] {processor.py:830} INFO - Processing file /home/airflow/.local/lib/python3.8/site-packages/airflow/example_dags/example_nested_branch_dag.py for tasks to queue
[2026-04-09T18:33:58.143+0000] {logging_mixin.py:188} INFO - [2026-04-09T18:33:58.142+0000] {dagbag.py:538} INFO - Filling up the DagBag from /home/airflow/.local/lib/python3.8/site-packages/airflow/example_dags/example_nested_branch_dag.py
[2026-04-09T18:33:58.155+0000] {processor.py:840} INFO - DAG(s) 'example_nested_branch_dag' retrieved from /home/airflow/.local/lib/python3.8/site-packages/airflow/example_dags/example_nested_branch_dag.py
[2026-04-09T18:33:58.181+0000] {logging_mixin.py:188} INFO - [2026-04-09T18:33:58.181+0000] {dag.py:3036} INFO - Sync 1 DAGs
[2026-04-09T18:33:58.209+0000] {logging_mixin.py:188} INFO - [2026-04-09T18:33:58.208+0000] {dag.py:3823} INFO - Setting next_dagrun for example_nested_branch_dag to 2026-04-08 00:00:00+00:00, run_after=2026-04-09 00:00:00+00:00
[2026-04-09T18:33:58.237+0000] {processor.py:183} INFO - Processing /home/airflow/.local/lib/python3.8/site-packages/airflow/example_dags/example_nested_branch_dag.py took 0.102 seconds
[2026-04-09T18:34:28.391+0000] {processor.py:161} INFO - Started process (PID=12248) to work on /home/airflow/.local/lib/python3.8/site-packages/airflow/example_dags/example_nested_branch_dag.py
[2026-04-09T18:34:28.392+0000] {processor.py:830} INFO - Processing file /home/airflow/.local/lib/python3.8/site-packages/airflow/example_dags/example_nested_branch_dag.py for tasks to queue
[2026-04-09T18:34:28.394+0000] {logging_mixin.py:188} INFO - [2026-04-09T18:34:28.394+0000] {dagbag.py:538} INFO - Filling up the DagBag from /home/airflow/.local/lib/python3.8/site-packages/airflow/example_dags/example_nested_branch_dag.py
[2026-04-09T18:34:28.404+0000] {processor.py:840} INFO - DAG(s) 'example_nested_branch_dag' retrieved from /home/airflow/.local/lib/python3.8/site-packages/airflow/example_dags/example_nested_branch_dag.py
[2026-04-09T18:34:28.426+0000] {logging_mixin.py:188} INFO - [2026-04-09T18:34:28.426+0000] {dag.py:3036} INFO - Sync 1 DAGs
[2026-04-09T18:34:28.447+0000] {logging_mixin.py:188} INFO - [2026-04-09T18:34:28.447+0000] {dag.py:3823} INFO - Setting next_dagrun for example_nested_branch_dag to 2026-04-08 00:00:00+00:00, run_after=2026-04-09 00:00:00+00:00
[2026-04-09T18:34:28.468+0000] {processor.py:183} INFO - Processing /home/airflow/.local/lib/python3.8/site-packages/airflow/example_dags/example_nested_branch_dag.py took 0.080 seconds
[2026-04-09T18:34:58.653+0000] {processor.py:161} INFO - Started process (PID=12305) to work on /home/airflow/.local/lib/python3.8/site-packages/airflow/example_dags/example_nested_branch_dag.py
[2026-04-09T18:34:58.655+0000] {processor.py:830} INFO - Processing file /home/airflow/.local/lib/python3.8/site-packages/airflow/example_dags/example_nested_branch_dag.py for tasks to queue
[2026-04-09T18:34:58.658+0000] {logging_mixin.py:188} INFO - [2026-04-09T18:34:58.657+0000] {dagbag.py:538} INFO - Filling up the DagBag from /home/airflow/.local/lib/python3.8/site-packages/airflow/example_dags/example_nested_branch_dag.py
[2026-04-09T18:34:58.669+0000] {processor.py:840} INFO - DAG(s) 'example_nested_branch_dag' retrieved from /home/airflow/.local/lib/python3.8/site-packages/airflow/example_dags/example_nested_branch_dag.py
[2026-04-09T18:34:58.692+0000] {logging_mixin.py:188} INFO - [2026-04-09T18:34:58.692+0000] {dag.py:3036} INFO - Sync 1 DAGs
[2026-04-09T18:34:58.715+0000] {logging_mixin.py:188} INFO - [2026-04-09T18:34:58.715+0000] {dag.py:3823} INFO - Setting next_dagrun for example_nested_branch_dag to 2026-04-08 00:00:00+00:00, run_after=2026-04-09 00:00:00+00:00
[2026-04-09T18:34:58.736+0000] {processor.py:183} INFO - Processing /home/airflow/.local/lib/python3.8/site-packages/airflow/example_dags/example_nested_branch_dag.py took 0.086 seconds
[2026-04-09T18:35:29.512+0000] {processor.py:161} INFO - Started process (PID=12362) to work on /home/airflow/.local/lib/python3.8/site-packages/airflow/example_dags/example_nested_branch_dag.py
[2026-04-09T18:35:29.513+0000] {processor.py:830} INFO - Processing file /home/airflow/.local/lib/python3.8/site-packages/airflow/example_dags/example_nested_branch_dag.py for tasks to queue
[2026-04-09T18:35:29.515+0000] {logging_mixin.py:188} INFO - [2026-04-09T18:35:29.515+0000] {dagbag.py:538} INFO - Filling up the DagBag from /home/airflow/.local/lib/python3.8/site-packages/airflow/example_dags/example_nested_branch_dag.py
[2026-04-09T18:35:29.526+0000] {processor.py:840} INFO - DAG(s) 'example_nested_branch_dag' retrieved from /home/airflow/.local/lib/python3.8/site-packages/airflow/example_dags/example_nested_branch_dag.py
[2026-04-09T18:35:29.548+0000] {logging_mixin.py:188} INFO - [2026-04-09T18:35:29.547+0000] {dag.py:3036} INFO - Sync 1 DAGs
[2026-04-09T18:35:29.568+0000] {logging_mixin.py:188} INFO - [2026-04-09T18:35:29.568+0000] {dag.py:3823} INFO - Setting next_dagrun for example_nested_branch_dag to 2026-04-08 00:00:00+00:00, run_after=2026-04-09 00:00:00+00:00
[2026-04-09T18:35:29.605+0000] {processor.py:183} INFO - Processing /home/airflow/.local/lib/python3.8/site-packages/airflow/example_dags/example_nested_branch_dag.py took 0.097 seconds
[2026-04-09T18:35:59.871+0000] {processor.py:161} INFO - Started process (PID=12419) to work on /home/airflow/.local/lib/python3.8/site-packages/airflow/example_dags/example_nested_branch_dag.py
[2026-04-09T18:35:59.872+0000] {processor.py:830} INFO - Processing file /home/airflow/.local/lib/python3.8/site-packages/airflow/example_dags/example_nested_branch_dag.py for tasks to queue
[2026-04-09T18:35:59.874+0000] {logging_mixin.py:188} INFO - [2026-04-09T18:35:59.874+0000] {dagbag.py:538} INFO - Filling up the DagBag from /home/airflow/.local/lib/python3.8/site-packages/airflow/example_dags/example_nested_branch_dag.py
[2026-04-09T18:35:59.884+0000] {processor.py:840} INFO - DAG(s) 'example_nested_branch_dag' retrieved from /home/airflow/.local/lib/python3.8/site-packages/airflow/example_dags/example_nested_branch_dag.py
[2026-04-09T18:35:59.908+0000] {logging_mixin.py:188} INFO - [2026-04-09T18:35:59.907+0000] {dag.py:3036} INFO - Sync 1 DAGs
[2026-04-09T18:35:59.929+0000] {logging_mixin.py:188} INFO - [2026-04-09T18:35:59.929+0000] {dag.py:3823} INFO - Setting next_dagrun for example_nested_branch_dag to 2026-04-08 00:00:00+00:00, run_after=2026-04-09 00:00:00+00:00
[2026-04-09T18:35:59.953+0000] {processor.py:183} INFO - Processing /home/airflow/.local/lib/python3.8/site-packages/airflow/example_dags/example_nested_branch_dag.py took 0.086 seconds
[2026-04-09T18:36:30.316+0000] {processor.py:161} INFO - Started process (PID=12476) to work on /home/airflow/.local/lib/python3.8/site-packages/airflow/example_dags/example_nested_branch_dag.py
[2026-04-09T18:36:30.318+0000] {processor.py:830} INFO - Processing file /home/airflow/.local/lib/python3.8/site-packages/airflow/example_dags/example_nested_branch_dag.py for tasks to queue
[2026-04-09T18:36:30.322+0000] {logging_mixin.py:188} INFO - [2026-04-09T18:36:30.321+0000] {dagbag.py:538} INFO - Filling up the DagBag from /home/airflow/.local/lib/python3.8/site-packages/airflow/example_dags/example_nested_branch_dag.py
[2026-04-09T18:36:30.339+0000] {processor.py:840} INFO - DAG(s) 'example_nested_branch_dag' retrieved from /home/airflow/.local/lib/python3.8/site-packages/airflow/example_dags/example_nested_branch_dag.py
[2026-04-09T18:36:30.365+0000] {logging_mixin.py:188} INFO - [2026-04-09T18:36:30.365+0000] {dag.py:3036} INFO - Sync 1 DAGs
[2026-04-09T18:36:30.395+0000] {logging_mixin.py:188} INFO - [2026-04-09T18:36:30.394+0000] {dag.py:3823} INFO - Setting next_dagrun for example_nested_branch_dag to 2026-04-08 00:00:00+00:00, run_after=2026-04-09 00:00:00+00:00
[2026-04-09T18:36:30.426+0000] {processor.py:183} INFO - Processing /home/airflow/.local/lib/python3.8/site-packages/airflow/example_dags/example_nested_branch_dag.py took 0.115 seconds
[2026-04-09T18:37:00.938+0000] {processor.py:161} INFO - Started process (PID=12533) to work on /home/airflow/.local/lib/python3.8/site-packages/airflow/example_dags/example_nested_branch_dag.py
[2026-04-09T18:37:00.940+0000] {processor.py:830} INFO - Processing file /home/airflow/.local/lib/python3.8/site-packages/airflow/example_dags/example_nested_branch_dag.py for tasks to queue
[2026-04-09T18:37:00.942+0000] {logging_mixin.py:188} INFO - [2026-04-09T18:37:00.942+0000] {dagbag.py:538} INFO - Filling up the DagBag from /home/airflow/.local/lib/python3.8/site-packages/airflow/example_dags/example_nested_branch_dag.py
[2026-04-09T18:37:00.954+0000] {processor.py:840} INFO - DAG(s) 'example_nested_branch_dag' retrieved from /home/airflow/.local/lib/python3.8/site-packages/airflow/example_dags/example_nested_branch_dag.py
[2026-04-09T18:37:00.980+0000] {logging_mixin.py:188} INFO - [2026-04-09T18:37:00.980+0000] {dag.py:3036} INFO - Sync 1 DAGs
[2026-04-09T18:37:01.004+0000] {logging_mixin.py:188} INFO - [2026-04-09T18:37:01.003+0000] {dag.py:3823} INFO - Setting next_dagrun for example_nested_branch_dag to 2026-04-08 00:00:00+00:00, run_after=2026-04-09 00:00:00+00:00
[2026-04-09T18:37:01.032+0000] {processor.py:183} INFO - Processing /home/airflow/.local/lib/python3.8/site-packages/airflow/example_dags/example_nested_branch_dag.py took 0.097 seconds
[2026-04-09T18:37:31.393+0000] {processor.py:161} INFO - Started process (PID=12590) to work on /home/airflow/.local/lib/python3.8/site-packages/airflow/example_dags/example_nested_branch_dag.py
[2026-04-09T18:37:31.394+0000] {processor.py:830} INFO - Processing file /home/airflow/.local/lib/python3.8/site-packages/airflow/example_dags/example_nested_branch_dag.py for tasks to queue
[2026-04-09T18:37:31.397+0000] {logging_mixin.py:188} INFO - [2026-04-09T18:37:31.396+0000] {dagbag.py:538} INFO - Filling up the DagBag from /home/airflow/.local/lib/python3.8/site-packages/airflow/example_dags/example_nested_branch_dag.py
[2026-04-09T18:37:31.408+0000] {processor.py:840} INFO - DAG(s) 'example_nested_branch_dag' retrieved from /home/airflow/.local/lib/python3.8/site-packages/airflow/example_dags/example_nested_branch_dag.py
[2026-04-09T18:37:31.433+0000] {logging_mixin.py:188} INFO - [2026-04-09T18:37:31.433+0000] {dag.py:3036} INFO - Sync 1 DAGs
[2026-04-09T18:37:31.458+0000] {logging_mixin.py:188} INFO - [2026-04-09T18:37:31.457+0000] {dag.py:3823} INFO - Setting next_dagrun for example_nested_branch_dag to 2026-04-08 00:00:00+00:00, run_after=2026-04-09 00:00:00+00:00
[2026-04-09T18:37:31.481+0000] {processor.py:183} INFO - Processing /home/airflow/.local/lib/python3.8/site-packages/airflow/example_dags/example_nested_branch_dag.py took 0.092 seconds
[2026-04-09T18:38:01.589+0000] {processor.py:161} INFO - Started process (PID=12647) to work on /home/airflow/.local/lib/python3.8/site-packages/airflow/example_dags/example_nested_branch_dag.py
[2026-04-09T18:38:01.591+0000] {processor.py:830} INFO - Processing file /home/airflow/.local/lib/python3.8/site-packages/airflow/example_dags/example_nested_branch_dag.py for tasks to queue
[2026-04-09T18:38:01.593+0000] {logging_mixin.py:188} INFO - [2026-04-09T18:38:01.592+0000] {dagbag.py:538} INFO - Filling up the DagBag from /home/airflow/.local/lib/python3.8/site-packages/airflow/example_dags/example_nested_branch_dag.py
[2026-04-09T18:38:01.603+0000] {processor.py:840} INFO - DAG(s) 'example_nested_branch_dag' retrieved from /home/airflow/.local/lib/python3.8/site-packages/airflow/example_dags/example_nested_branch_dag.py
[2026-04-09T18:38:01.626+0000] {logging_mixin.py:188} INFO - [2026-04-09T18:38:01.626+0000] {dag.py:3036} INFO - Sync 1 DAGs
[2026-04-09T18:38:01.648+0000] {logging_mixin.py:188} INFO - [2026-04-09T18:38:01.648+0000] {dag.py:3823} INFO - Setting next_dagrun for example_nested_branch_dag to 2026-04-08 00:00:00+00:00, run_after=2026-04-09 00:00:00+00:00
[2026-04-09T18:38:01.668+0000] {processor.py:183} INFO - Processing /home/airflow/.local/lib/python3.8/site-packages/airflow/example_dags/example_nested_branch_dag.py took 0.083 seconds
[2026-04-09T18:38:31.975+0000] {processor.py:161} INFO - Started process (PID=12705) to work on /home/airflow/.local/lib/python3.8/site-packages/airflow/example_dags/example_nested_branch_dag.py
[2026-04-09T18:38:31.976+0000] {processor.py:830} INFO - Processing file /home/airflow/.local/lib/python3.8/site-packages/airflow/example_dags/example_nested_branch_dag.py for tasks to queue
[2026-04-09T18:38:31.979+0000] {logging_mixin.py:188} INFO - [2026-04-09T18:38:31.978+0000] {dagbag.py:538} INFO - Filling up the DagBag from /home/airflow/.local/lib/python3.8/site-packages/airflow/example_dags/example_nested_branch_dag.py
[2026-04-09T18:38:31.990+0000] {processor.py:840} INFO - DAG(s) 'example_nested_branch_dag' retrieved from /home/airflow/.local/lib/python3.8/site-packages/airflow/example_dags/example_nested_branch_dag.py
[2026-04-09T18:38:32.015+0000] {logging_mixin.py:188} INFO - [2026-04-09T18:38:32.015+0000] {dag.py:3036} INFO - Sync 1 DAGs
[2026-04-09T18:38:32.038+0000] {logging_mixin.py:188} INFO - [2026-04-09T18:38:32.038+0000] {dag.py:3823} INFO - Setting next_dagrun for example_nested_branch_dag to 2026-04-08 00:00:00+00:00, run_after=2026-04-09 00:00:00+00:00
[2026-04-09T18:38:32.060+0000] {processor.py:183} INFO - Processing /home/airflow/.local/lib/python3.8/site-packages/airflow/example_dags/example_nested_branch_dag.py took 0.090 seconds
[2026-04-09T18:39:02.138+0000] {processor.py:161} INFO - Started process (PID=12762) to work on /home/airflow/.local/lib/python3.8/site-packages/airflow/example_dags/example_nested_branch_dag.py
[2026-04-09T18:39:02.139+0000] {processor.py:830} INFO - Processing file /home/airflow/.local/lib/python3.8/site-packages/airflow/example_dags/example_nested_branch_dag.py for tasks to queue
[2026-04-09T18:39:02.141+0000] {logging_mixin.py:188} INFO - [2026-04-09T18:39:02.141+0000] {dagbag.py:538} INFO - Filling up the DagBag from /home/airflow/.local/lib/python3.8/site-packages/airflow/example_dags/example_nested_branch_dag.py
[2026-04-09T18:39:02.152+0000] {processor.py:840} INFO - DAG(s) 'example_nested_branch_dag' retrieved from /home/airflow/.local/lib/python3.8/site-packages/airflow/example_dags/example_nested_branch_dag.py
[2026-04-09T18:39:02.175+0000] {logging_mixin.py:188} INFO - [2026-04-09T18:39:02.175+0000] {dag.py:3036} INFO - Sync 1 DAGs
[2026-04-09T18:39:02.198+0000] {logging_mixin.py:188} INFO - [2026-04-09T18:39:02.197+0000] {dag.py:3823} INFO - Setting next_dagrun for example_nested_branch_dag to 2026-04-08 00:00:00+00:00, run_after=2026-04-09 00:00:00+00:00
[2026-04-09T18:39:02.222+0000] {processor.py:183} INFO - Processing /home/airflow/.local/lib/python3.8/site-packages/airflow/example_dags/example_nested_branch_dag.py took 0.088 seconds
[2026-04-09T18:39:32.564+0000] {processor.py:161} INFO - Started process (PID=12819) to work on /home/airflow/.local/lib/python3.8/site-packages/airflow/example_dags/example_nested_branch_dag.py
[2026-04-09T18:39:32.566+0000] {processor.py:830} INFO - Processing file /home/airflow/.local/lib/python3.8/site-packages/airflow/example_dags/example_nested_branch_dag.py for tasks to queue
[2026-04-09T18:39:32.568+0000] {logging_mixin.py:188} INFO - [2026-04-09T18:39:32.567+0000] {dagbag.py:538} INFO - Filling up the DagBag from /home/airflow/.local/lib/python3.8/site-packages/airflow/example_dags/example_nested_branch_dag.py
[2026-04-09T18:39:32.577+0000] {processor.py:840} INFO - DAG(s) 'example_nested_branch_dag' retrieved from /home/airflow/.local/lib/python3.8/site-packages/airflow/example_dags/example_nested_branch_dag.py
[2026-04-09T18:39:32.600+0000] {logging_mixin.py:188} INFO - [2026-04-09T18:39:32.599+0000] {dag.py:3036} INFO - Sync 1 DAGs
[2026-04-09T18:39:32.623+0000] {logging_mixin.py:188} INFO - [2026-04-09T18:39:32.622+0000] {dag.py:3823} INFO - Setting next_dagrun for example_nested_branch_dag to 2026-04-08 00:00:00+00:00, run_after=2026-04-09 00:00:00+00:00
[2026-04-09T18:39:32.649+0000] {processor.py:183} INFO - Processing /home/airflow/.local/lib/python3.8/site-packages/airflow/example_dags/example_nested_branch_dag.py took 0.088 seconds
[2026-04-09T18:40:03.007+0000] {processor.py:161} INFO - Started process (PID=12876) to work on /home/airflow/.local/lib/python3.8/site-packages/airflow/example_dags/example_nested_branch_dag.py
[2026-04-09T18:40:03.008+0000] {processor.py:830} INFO - Processing file /home/airflow/.local/lib/python3.8/site-packages/airflow/example_dags/example_nested_branch_dag.py for tasks to queue
[2026-04-09T18:40:03.011+0000] {logging_mixin.py:188} INFO - [2026-04-09T18:40:03.011+0000] {dagbag.py:538} INFO - Filling up the DagBag from /home/airflow/.local/lib/python3.8/site-packages/airflow/example_dags/example_nested_branch_dag.py
[2026-04-09T18:40:03.025+0000] {processor.py:840} INFO - DAG(s) 'example_nested_branch_dag' retrieved from /home/airflow/.local/lib/python3.8/site-packages/airflow/example_dags/example_nested_branch_dag.py
[2026-04-09T18:40:03.048+0000] {logging_mixin.py:188} INFO - [2026-04-09T18:40:03.048+0000] {dag.py:3036} INFO - Sync 1 DAGs
[2026-04-09T18:40:03.076+0000] {logging_mixin.py:188} INFO - [2026-04-09T18:40:03.075+0000] {dag.py:3823} INFO - Setting next_dagrun for example_nested_branch_dag to 2026-04-08 00:00:00+00:00, run_after=2026-04-09 00:00:00+00:00
[2026-04-09T18:40:03.102+0000] {processor.py:183} INFO - Processing /home/airflow/.local/lib/python3.8/site-packages/airflow/example_dags/example_nested_branch_dag.py took 0.098 seconds
[2026-04-09T18:40:33.651+0000] {processor.py:161} INFO - Started process (PID=12932) to work on /home/airflow/.local/lib/python3.8/site-packages/airflow/example_dags/example_nested_branch_dag.py
[2026-04-09T18:40:33.652+0000] {processor.py:830} INFO - Processing file /home/airflow/.local/lib/python3.8/site-packages/airflow/example_dags/example_nested_branch_dag.py for tasks to queue
[2026-04-09T18:40:33.655+0000] {logging_mixin.py:188} INFO - [2026-04-09T18:40:33.654+0000] {dagbag.py:538} INFO - Filling up the DagBag from /home/airflow/.local/lib/python3.8/site-packages/airflow/example_dags/example_nested_branch_dag.py
[2026-04-09T18:40:33.665+0000] {processor.py:840} INFO - DAG(s) 'example_nested_branch_dag' retrieved from /home/airflow/.local/lib/python3.8/site-packages/airflow/example_dags/example_nested_branch_dag.py
[2026-04-09T18:40:33.691+0000] {logging_mixin.py:188} INFO - [2026-04-09T18:40:33.691+0000] {dag.py:3036} INFO - Sync 1 DAGs
[2026-04-09T18:40:33.713+0000] {logging_mixin.py:188} INFO - [2026-04-09T18:40:33.713+0000] {dag.py:3823} INFO - Setting next_dagrun for example_nested_branch_dag to 2026-04-08 00:00:00+00:00, run_after=2026-04-09 00:00:00+00:00
[2026-04-09T18:40:33.736+0000] {processor.py:183} INFO - Processing /home/airflow/.local/lib/python3.8/site-packages/airflow/example_dags/example_nested_branch_dag.py took 0.089 seconds
[2026-04-09T18:41:03.928+0000] {processor.py:161} INFO - Started process (PID=12989) to work on /home/airflow/.local/lib/python3.8/site-packages/airflow/example_dags/example_nested_branch_dag.py
[2026-04-09T18:41:03.929+0000] {processor.py:830} INFO - Processing file /home/airflow/.local/lib/python3.8/site-packages/airflow/example_dags/example_nested_branch_dag.py for tasks to queue
[2026-04-09T18:41:03.932+0000] {logging_mixin.py:188} INFO - [2026-04-09T18:41:03.931+0000] {dagbag.py:538} INFO - Filling up the DagBag from /home/airflow/.local/lib/python3.8/site-packages/airflow/example_dags/example_nested_branch_dag.py
[2026-04-09T18:41:03.944+0000] {processor.py:840} INFO - DAG(s) 'example_nested_branch_dag' retrieved from /home/airflow/.local/lib/python3.8/site-packages/airflow/example_dags/example_nested_branch_dag.py
[2026-04-09T18:41:03.969+0000] {logging_mixin.py:188} INFO - [2026-04-09T18:41:03.968+0000] {dag.py:3036} INFO - Sync 1 DAGs
[2026-04-09T18:41:03.993+0000] {logging_mixin.py:188} INFO - [2026-04-09T18:41:03.993+0000] {dag.py:3823} INFO - Setting next_dagrun for example_nested_branch_dag to 2026-04-08 00:00:00+00:00, run_after=2026-04-09 00:00:00+00:00
[2026-04-09T18:41:04.016+0000] {processor.py:183} INFO - Processing /home/airflow/.local/lib/python3.8/site-packages/airflow/example_dags/example_nested_branch_dag.py took 0.093 seconds
[2026-04-09T18:41:35.026+0000] {processor.py:161} INFO - Started process (PID=13046) to work on /home/airflow/.local/lib/python3.8/site-packages/airflow/example_dags/example_nested_branch_dag.py
[2026-04-09T18:41:35.027+0000] {processor.py:830} INFO - Processing file /home/airflow/.local/lib/python3.8/site-packages/airflow/example_dags/example_nested_branch_dag.py for tasks to queue
[2026-04-09T18:41:35.030+0000] {logging_mixin.py:188} INFO - [2026-04-09T18:41:35.030+0000] {dagbag.py:538} INFO - Filling up the DagBag from /home/airflow/.local/lib/python3.8/site-packages/airflow/example_dags/example_nested_branch_dag.py
[2026-04-09T18:41:35.042+0000] {processor.py:840} INFO - DAG(s) 'example_nested_branch_dag' retrieved from /home/airflow/.local/lib/python3.8/site-packages/airflow/example_dags/example_nested_branch_dag.py
[2026-04-09T18:41:35.075+0000] {logging_mixin.py:188} INFO - [2026-04-09T18:41:35.074+0000] {dag.py:3036} INFO - Sync 1 DAGs
[2026-04-09T18:41:35.110+0000] {logging_mixin.py:188} INFO - [2026-04-09T18:41:35.110+0000] {dag.py:3823} INFO - Setting next_dagrun for example_nested_branch_dag to 2026-04-08 00:00:00+00:00, run_after=2026-04-09 00:00:00+00:00
[2026-04-09T18:41:35.143+0000] {processor.py:183} INFO - Processing /home/airflow/.local/lib/python3.8/site-packages/airflow/example_dags/example_nested_branch_dag.py took 0.121 seconds
[2026-04-09T18:42:05.307+0000] {processor.py:161} INFO - Started process (PID=13103) to work on /home/airflow/.local/lib/python3.8/site-packages/airflow/example_dags/example_nested_branch_dag.py
[2026-04-09T18:42:05.308+0000] {processor.py:830} INFO - Processing file /home/airflow/.local/lib/python3.8/site-packages/airflow/example_dags/example_nested_branch_dag.py for tasks to queue
[2026-04-09T18:42:05.311+0000] {logging_mixin.py:188} INFO - [2026-04-09T18:42:05.311+0000] {dagbag.py:538} INFO - Filling up the DagBag from /home/airflow/.local/lib/python3.8/site-packages/airflow/example_dags/example_nested_branch_dag.py
[2026-04-09T18:42:05.325+0000] {processor.py:840} INFO - DAG(s) 'example_nested_branch_dag' retrieved from /home/airflow/.local/lib/python3.8/site-packages/airflow/example_dags/example_nested_branch_dag.py
[2026-04-09T18:42:05.355+0000] {logging_mixin.py:188} INFO - [2026-04-09T18:42:05.355+0000] {dag.py:3036} INFO - Sync 1 DAGs
[2026-04-09T18:42:05.383+0000] {logging_mixin.py:188} INFO - [2026-04-09T18:42:05.383+0000] {dag.py:3823} INFO - Setting next_dagrun for example_nested_branch_dag to 2026-04-08 00:00:00+00:00, run_after=2026-04-09 00:00:00+00:00
[2026-04-09T18:42:05.410+0000] {processor.py:183} INFO - Processing /home/airflow/.local/lib/python3.8/site-packages/airflow/example_dags/example_nested_branch_dag.py took 0.108 seconds
[2026-04-09T18:42:36.274+0000] {processor.py:161} INFO - Started process (PID=13160) to work on /home/airflow/.local/lib/python3.8/site-packages/airflow/example_dags/example_nested_branch_dag.py
[2026-04-09T18:42:36.275+0000] {processor.py:830} INFO - Processing file /home/airflow/.local/lib/python3.8/site-packages/airflow/example_dags/example_nested_branch_dag.py for tasks to queue
[2026-04-09T18:42:36.279+0000] {logging_mixin.py:188} INFO - [2026-04-09T18:42:36.278+0000] {dagbag.py:538} INFO - Filling up the DagBag from /home/airflow/.local/lib/python3.8/site-packages/airflow/example_dags/example_nested_branch_dag.py
[2026-04-09T18:42:36.290+0000] {processor.py:840} INFO - DAG(s) 'example_nested_branch_dag' retrieved from /home/airflow/.local/lib/python3.8/site-packages/airflow/example_dags/example_nested_branch_dag.py
[2026-04-09T18:42:36.314+0000] {logging_mixin.py:188} INFO - [2026-04-09T18:42:36.314+0000] {dag.py:3036} INFO - Sync 1 DAGs
[2026-04-09T18:42:36.337+0000] {logging_mixin.py:188} INFO - [2026-04-09T18:42:36.337+0000] {dag.py:3823} INFO - Setting next_dagrun for example_nested_branch_dag to 2026-04-08 00:00:00+00:00, run_after=2026-04-09 00:00:00+00:00
[2026-04-09T18:42:36.358+0000] {processor.py:183} INFO - Processing /home/airflow/.local/lib/python3.8/site-packages/airflow/example_dags/example_nested_branch_dag.py took 0.089 seconds
[2026-04-09T18:43:06.799+0000] {processor.py:161} INFO - Started process (PID=13217) to work on /home/airflow/.local/lib/python3.8/site-packages/airflow/example_dags/example_nested_branch_dag.py
[2026-04-09T18:43:06.800+0000] {processor.py:830} INFO - Processing file /home/airflow/.local/lib/python3.8/site-packages/airflow/example_dags/example_nested_branch_dag.py for tasks to queue
[2026-04-09T18:43:06.803+0000] {logging_mixin.py:188} INFO - [2026-04-09T18:43:06.802+0000] {dagbag.py:538} INFO - Filling up the DagBag from /home/airflow/.local/lib/python3.8/site-packages/airflow/example_dags/example_nested_branch_dag.py
[2026-04-09T18:43:06.817+0000] {processor.py:840} INFO - DAG(s) 'example_nested_branch_dag' retrieved from /home/airflow/.local/lib/python3.8/site-packages/airflow/example_dags/example_nested_branch_dag.py
[2026-04-09T18:43:06.849+0000] {logging_mixin.py:188} INFO - [2026-04-09T18:43:06.849+0000] {dag.py:3036} INFO - Sync 1 DAGs
[2026-04-09T18:43:06.877+0000] {logging_mixin.py:188} INFO - [2026-04-09T18:43:06.876+0000] {dag.py:3823} INFO - Setting next_dagrun for example_nested_branch_dag to 2026-04-08 00:00:00+00:00, run_after=2026-04-09 00:00:00+00:00
[2026-04-09T18:43:06.922+0000] {processor.py:183} INFO - Processing /home/airflow/.local/lib/python3.8/site-packages/airflow/example_dags/example_nested_branch_dag.py took 0.127 seconds
[2026-04-09T18:43:37.171+0000] {processor.py:161} INFO - Started process (PID=13274) to work on /home/airflow/.local/lib/python3.8/site-packages/airflow/example_dags/example_nested_branch_dag.py
[2026-04-09T18:43:37.173+0000] {processor.py:830} INFO - Processing file /home/airflow/.local/lib/python3.8/site-packages/airflow/example_dags/example_nested_branch_dag.py for tasks to queue
[2026-04-09T18:43:37.175+0000] {logging_mixin.py:188} INFO - [2026-04-09T18:43:37.175+0000] {dagbag.py:538} INFO - Filling up the DagBag from /home/airflow/.local/lib/python3.8/site-packages/airflow/example_dags/example_nested_branch_dag.py
[2026-04-09T18:43:37.187+0000] {processor.py:840} INFO - DAG(s) 'example_nested_branch_dag' retrieved from /home/airflow/.local/lib/python3.8/site-packages/airflow/example_dags/example_nested_branch_dag.py
[2026-04-09T18:43:37.211+0000] {logging_mixin.py:188} INFO - [2026-04-09T18:43:37.211+0000] {dag.py:3036} INFO - Sync 1 DAGs
[2026-04-09T18:43:37.234+0000] {logging_mixin.py:188} INFO - [2026-04-09T18:43:37.233+0000] {dag.py:3823} INFO - Setting next_dagrun for example_nested_branch_dag to 2026-04-08 00:00:00+00:00, run_after=2026-04-09 00:00:00+00:00
[2026-04-09T18:43:37.254+0000] {processor.py:183} INFO - Processing /home/airflow/.local/lib/python3.8/site-packages/airflow/example_dags/example_nested_branch_dag.py took 0.087 seconds
[2026-04-09T18:44:08.139+0000] {processor.py:161} INFO - Started process (PID=13331) to work on /home/airflow/.local/lib/python3.8/site-packages/airflow/example_dags/example_nested_branch_dag.py
[2026-04-09T18:44:08.141+0000] {processor.py:830} INFO - Processing file /home/airflow/.local/lib/python3.8/site-packages/airflow/example_dags/example_nested_branch_dag.py for tasks to queue
[2026-04-09T18:44:08.146+0000] {logging_mixin.py:188} INFO - [2026-04-09T18:44:08.145+0000] {dagbag.py:538} INFO - Filling up the DagBag from /home/airflow/.local/lib/python3.8/site-packages/airflow/example_dags/example_nested_branch_dag.py
[2026-04-09T18:44:08.162+0000] {processor.py:840} INFO - DAG(s) 'example_nested_branch_dag' retrieved from /home/airflow/.local/lib/python3.8/site-packages/airflow/example_dags/example_nested_branch_dag.py
[2026-04-09T18:44:08.205+0000] {logging_mixin.py:188} INFO - [2026-04-09T18:44:08.204+0000] {dag.py:3036} INFO - Sync 1 DAGs
[2026-04-09T18:44:08.242+0000] {logging_mixin.py:188} INFO - [2026-04-09T18:44:08.242+0000] {dag.py:3823} INFO - Setting next_dagrun for example_nested_branch_dag to 2026-04-08 00:00:00+00:00, run_after=2026-04-09 00:00:00+00:00
[2026-04-09T18:44:08.268+0000] {processor.py:183} INFO - Processing /home/airflow/.local/lib/python3.8/site-packages/airflow/example_dags/example_nested_branch_dag.py took 0.134 seconds
[2026-04-09T18:44:39.470+0000] {processor.py:161} INFO - Started process (PID=13384) to work on /home/airflow/.local/lib/python3.8/site-packages/airflow/example_dags/example_nested_branch_dag.py
[2026-04-09T18:44:39.472+0000] {processor.py:830} INFO - Processing file /home/airflow/.local/lib/python3.8/site-packages/airflow/example_dags/example_nested_branch_dag.py for tasks to queue
[2026-04-09T18:44:39.484+0000] {logging_mixin.py:188} INFO - [2026-04-09T18:44:39.483+0000] {dagbag.py:538} INFO - Filling up the DagBag from /home/airflow/.local/lib/python3.8/site-packages/airflow/example_dags/example_nested_branch_dag.py
[2026-04-09T18:44:39.508+0000] {processor.py:840} INFO - DAG(s) 'example_nested_branch_dag' retrieved from /home/airflow/.local/lib/python3.8/site-packages/airflow/example_dags/example_nested_branch_dag.py
[2026-04-09T18:44:39.554+0000] {logging_mixin.py:188} INFO - [2026-04-09T18:44:39.554+0000] {dag.py:3036} INFO - Sync 1 DAGs
[2026-04-09T18:44:39.599+0000] {logging_mixin.py:188} INFO - [2026-04-09T18:44:39.599+0000] {dag.py:3823} INFO - Setting next_dagrun for example_nested_branch_dag to 2026-04-08 00:00:00+00:00, run_after=2026-04-09 00:00:00+00:00
[2026-04-09T18:44:39.654+0000] {processor.py:183} INFO - Processing /home/airflow/.local/lib/python3.8/site-packages/airflow/example_dags/example_nested_branch_dag.py took 0.190 seconds
[2026-04-09T18:45:10.345+0000] {processor.py:161} INFO - Started process (PID=13441) to work on /home/airflow/.local/lib/python3.8/site-packages/airflow/example_dags/example_nested_branch_dag.py
[2026-04-09T18:45:10.350+0000] {processor.py:830} INFO - Processing file /home/airflow/.local/lib/python3.8/site-packages/airflow/example_dags/example_nested_branch_dag.py for tasks to queue
[2026-04-09T18:45:10.353+0000] {logging_mixin.py:188} INFO - [2026-04-09T18:45:10.353+0000] {dagbag.py:538} INFO - Filling up the DagBag from /home/airflow/.local/lib/python3.8/site-packages/airflow/example_dags/example_nested_branch_dag.py
[2026-04-09T18:45:10.380+0000] {processor.py:840} INFO - DAG(s) 'example_nested_branch_dag' retrieved from /home/airflow/.local/lib/python3.8/site-packages/airflow/example_dags/example_nested_branch_dag.py
[2026-04-09T18:45:10.420+0000] {logging_mixin.py:188} INFO - [2026-04-09T18:45:10.420+0000] {dag.py:3036} INFO - Sync 1 DAGs
[2026-04-09T18:45:10.481+0000] {logging_mixin.py:188} INFO - [2026-04-09T18:45:10.481+0000] {dag.py:3823} INFO - Setting next_dagrun for example_nested_branch_dag to 2026-04-08 00:00:00+00:00, run_after=2026-04-09 00:00:00+00:00
[2026-04-09T18:45:10.583+0000] {processor.py:183} INFO - Processing /home/airflow/.local/lib/python3.8/site-packages/airflow/example_dags/example_nested_branch_dag.py took 0.248 seconds
[2026-04-09T18:45:41.150+0000] {processor.py:161} INFO - Started process (PID=13496) to work on /home/airflow/.local/lib/python3.8/site-packages/airflow/example_dags/example_nested_branch_dag.py
[2026-04-09T18:45:41.152+0000] {processor.py:830} INFO - Processing file /home/airflow/.local/lib/python3.8/site-packages/airflow/example_dags/example_nested_branch_dag.py for tasks to queue
[2026-04-09T18:45:41.154+0000] {logging_mixin.py:188} INFO - [2026-04-09T18:45:41.154+0000] {dagbag.py:538} INFO - Filling up the DagBag from /home/airflow/.local/lib/python3.8/site-packages/airflow/example_dags/example_nested_branch_dag.py
[2026-04-09T18:45:41.168+0000] {processor.py:840} INFO - DAG(s) 'example_nested_branch_dag' retrieved from /home/airflow/.local/lib/python3.8/site-packages/airflow/example_dags/example_nested_branch_dag.py
[2026-04-09T18:45:41.208+0000] {logging_mixin.py:188} INFO - [2026-04-09T18:45:41.207+0000] {dag.py:3036} INFO - Sync 1 DAGs
[2026-04-09T18:45:41.246+0000] {logging_mixin.py:188} INFO - [2026-04-09T18:45:41.245+0000] {dag.py:3823} INFO - Setting next_dagrun for example_nested_branch_dag to 2026-04-08 00:00:00+00:00, run_after=2026-04-09 00:00:00+00:00
[2026-04-09T18:45:41.284+0000] {processor.py:183} INFO - Processing /home/airflow/.local/lib/python3.8/site-packages/airflow/example_dags/example_nested_branch_dag.py took 0.139 seconds
[2026-04-09T18:46:11.630+0000] {processor.py:161} INFO - Started process (PID=13554) to work on /home/airflow/.local/lib/python3.8/site-packages/airflow/example_dags/example_nested_branch_dag.py
[2026-04-09T18:46:11.632+0000] {processor.py:830} INFO - Processing file /home/airflow/.local/lib/python3.8/site-packages/airflow/example_dags/example_nested_branch_dag.py for tasks to queue
[2026-04-09T18:46:11.635+0000] {logging_mixin.py:188} INFO - [2026-04-09T18:46:11.634+0000] {dagbag.py:538} INFO - Filling up the DagBag from /home/airflow/.local/lib/python3.8/site-packages/airflow/example_dags/example_nested_branch_dag.py
[2026-04-09T18:46:11.649+0000] {processor.py:840} INFO - DAG(s) 'example_nested_branch_dag' retrieved from /home/airflow/.local/lib/python3.8/site-packages/airflow/example_dags/example_nested_branch_dag.py
[2026-04-09T18:46:11.682+0000] {logging_mixin.py:188} INFO - [2026-04-09T18:46:11.682+0000] {dag.py:3036} INFO - Sync 1 DAGs
[2026-04-09T18:46:11.709+0000] {logging_mixin.py:188} INFO - [2026-04-09T18:46:11.708+0000] {dag.py:3823} INFO - Setting next_dagrun for example_nested_branch_dag to 2026-04-08 00:00:00+00:00, run_after=2026-04-09 00:00:00+00:00
[2026-04-09T18:46:11.734+0000] {processor.py:183} INFO - Processing /home/airflow/.local/lib/python3.8/site-packages/airflow/example_dags/example_nested_branch_dag.py took 0.108 seconds
[2026-04-09T18:46:48.672+0000] {processor.py:161} INFO - Started process (PID=13611) to work on /home/airflow/.local/lib/python3.8/site-packages/airflow/example_dags/example_nested_branch_dag.py
[2026-04-09T18:46:48.674+0000] {processor.py:830} INFO - Processing file /home/airflow/.local/lib/python3.8/site-packages/airflow/example_dags/example_nested_branch_dag.py for tasks to queue
[2026-04-09T18:46:48.680+0000] {logging_mixin.py:188} INFO - [2026-04-09T18:46:48.680+0000] {dagbag.py:538} INFO - Filling up the DagBag from /home/airflow/.local/lib/python3.8/site-packages/airflow/example_dags/example_nested_branch_dag.py
[2026-04-09T18:46:48.704+0000] {processor.py:840} INFO - DAG(s) 'example_nested_branch_dag' retrieved from /home/airflow/.local/lib/python3.8/site-packages/airflow/example_dags/example_nested_branch_dag.py
[2026-04-09T18:46:48.750+0000] {logging_mixin.py:188} INFO - [2026-04-09T18:46:48.749+0000] {dag.py:3036} INFO - Sync 1 DAGs
[2026-04-09T18:46:48.789+0000] {logging_mixin.py:188} INFO - [2026-04-09T18:46:48.788+0000] {dag.py:3823} INFO - Setting next_dagrun for example_nested_branch_dag to 2026-04-08 00:00:00+00:00, run_after=2026-04-09 00:00:00+00:00
[2026-04-09T18:46:48.842+0000] {processor.py:183} INFO - Processing /home/airflow/.local/lib/python3.8/site-packages/airflow/example_dags/example_nested_branch_dag.py took 0.177 seconds
[2026-04-09T18:47:18.987+0000] {processor.py:161} INFO - Started process (PID=13668) to work on /home/airflow/.local/lib/python3.8/site-packages/airflow/example_dags/example_nested_branch_dag.py
[2026-04-09T18:47:18.989+0000] {processor.py:830} INFO - Processing file /home/airflow/.local/lib/python3.8/site-packages/airflow/example_dags/example_nested_branch_dag.py for tasks to queue
[2026-04-09T18:47:18.991+0000] {logging_mixin.py:188} INFO - [2026-04-09T18:47:18.991+0000] {dagbag.py:538} INFO - Filling up the DagBag from /home/airflow/.local/lib/python3.8/site-packages/airflow/example_dags/example_nested_branch_dag.py
[2026-04-09T18:47:19.002+0000] {processor.py:840} INFO - DAG(s) 'example_nested_branch_dag' retrieved from /home/airflow/.local/lib/python3.8/site-packages/airflow/example_dags/example_nested_branch_dag.py
[2026-04-09T18:47:19.027+0000] {logging_mixin.py:188} INFO - [2026-04-09T18:47:19.026+0000] {dag.py:3036} INFO - Sync 1 DAGs
[2026-04-09T18:47:19.049+0000] {logging_mixin.py:188} INFO - [2026-04-09T18:47:19.049+0000] {dag.py:3823} INFO - Setting next_dagrun for example_nested_branch_dag to 2026-04-08 00:00:00+00:00, run_after=2026-04-09 00:00:00+00:00
[2026-04-09T18:47:19.077+0000] {processor.py:183} INFO - Processing /home/airflow/.local/lib/python3.8/site-packages/airflow/example_dags/example_nested_branch_dag.py took 0.093 seconds
[2026-04-09T18:47:49.554+0000] {processor.py:161} INFO - Started process (PID=13724) to work on /home/airflow/.local/lib/python3.8/site-packages/airflow/example_dags/example_nested_branch_dag.py
[2026-04-09T18:47:49.557+0000] {processor.py:830} INFO - Processing file /home/airflow/.local/lib/python3.8/site-packages/airflow/example_dags/example_nested_branch_dag.py for tasks to queue
[2026-04-09T18:47:49.561+0000] {logging_mixin.py:188} INFO - [2026-04-09T18:47:49.561+0000] {dagbag.py:538} INFO - Filling up the DagBag from /home/airflow/.local/lib/python3.8/site-packages/airflow/example_dags/example_nested_branch_dag.py
[2026-04-09T18:47:49.579+0000] {processor.py:840} INFO - DAG(s) 'example_nested_branch_dag' retrieved from /home/airflow/.local/lib/python3.8/site-packages/airflow/example_dags/example_nested_branch_dag.py
[2026-04-09T18:47:49.624+0000] {logging_mixin.py:188} INFO - [2026-04-09T18:47:49.623+0000] {dag.py:3036} INFO - Sync 1 DAGs
[2026-04-09T18:47:49.703+0000] {logging_mixin.py:188} INFO - [2026-04-09T18:47:49.702+0000] {dag.py:3823} INFO - Setting next_dagrun for example_nested_branch_dag to 2026-04-08 00:00:00+00:00, run_after=2026-04-09 00:00:00+00:00
[2026-04-09T18:47:49.789+0000] {processor.py:183} INFO - Processing /home/airflow/.local/lib/python3.8/site-packages/airflow/example_dags/example_nested_branch_dag.py took 0.242 seconds
[2026-04-09T18:48:20.187+0000] {processor.py:161} INFO - Started process (PID=13781) to work on /home/airflow/.local/lib/python3.8/site-packages/airflow/example_dags/example_nested_branch_dag.py
[2026-04-09T18:48:20.189+0000] {processor.py:830} INFO - Processing file /home/airflow/.local/lib/python3.8/site-packages/airflow/example_dags/example_nested_branch_dag.py for tasks to queue
[2026-04-09T18:48:20.193+0000] {logging_mixin.py:188} INFO - [2026-04-09T18:48:20.192+0000] {dagbag.py:538} INFO - Filling up the DagBag from /home/airflow/.local/lib/python3.8/site-packages/airflow/example_dags/example_nested_branch_dag.py
[2026-04-09T18:48:20.211+0000] {processor.py:840} INFO - DAG(s) 'example_nested_branch_dag' retrieved from /home/airflow/.local/lib/python3.8/site-packages/airflow/example_dags/example_nested_branch_dag.py
[2026-04-09T18:48:20.252+0000] {logging_mixin.py:188} INFO - [2026-04-09T18:48:20.251+0000] {dag.py:3036} INFO - Sync 1 DAGs
[2026-04-09T18:48:20.308+0000] {logging_mixin.py:188} INFO - [2026-04-09T18:48:20.307+0000] {dag.py:3823} INFO - Setting next_dagrun for example_nested_branch_dag to 2026-04-08 00:00:00+00:00, run_after=2026-04-09 00:00:00+00:00
[2026-04-09T18:48:20.364+0000] {processor.py:183} INFO - Processing /home/airflow/.local/lib/python3.8/site-packages/airflow/example_dags/example_nested_branch_dag.py took 0.183 seconds
[2026-04-09T18:48:50.702+0000] {processor.py:161} INFO - Started process (PID=13839) to work on /home/airflow/.local/lib/python3.8/site-packages/airflow/example_dags/example_nested_branch_dag.py
[2026-04-09T18:48:50.705+0000] {processor.py:830} INFO - Processing file /home/airflow/.local/lib/python3.8/site-packages/airflow/example_dags/example_nested_branch_dag.py for tasks to queue
[2026-04-09T18:48:50.707+0000] {logging_mixin.py:188} INFO - [2026-04-09T18:48:50.707+0000] {dagbag.py:538} INFO - Filling up the DagBag from /home/airflow/.local/lib/python3.8/site-packages/airflow/example_dags/example_nested_branch_dag.py
[2026-04-09T18:48:50.728+0000] {processor.py:840} INFO - DAG(s) 'example_nested_branch_dag' retrieved from /home/airflow/.local/lib/python3.8/site-packages/airflow/example_dags/example_nested_branch_dag.py
[2026-04-09T18:48:50.780+0000] {logging_mixin.py:188} INFO - [2026-04-09T18:48:50.779+0000] {dag.py:3036} INFO - Sync 1 DAGs
[2026-04-09T18:48:50.826+0000] {logging_mixin.py:188} INFO - [2026-04-09T18:48:50.826+0000] {dag.py:3823} INFO - Setting next_dagrun for example_nested_branch_dag to 2026-04-08 00:00:00+00:00, run_after=2026-04-09 00:00:00+00:00
[2026-04-09T18:48:50.864+0000] {processor.py:183} INFO - Processing /home/airflow/.local/lib/python3.8/site-packages/airflow/example_dags/example_nested_branch_dag.py took 0.169 seconds
[2026-04-09T18:49:21.515+0000] {processor.py:161} INFO - Started process (PID=13895) to work on /home/airflow/.local/lib/python3.8/site-packages/airflow/example_dags/example_nested_branch_dag.py
[2026-04-09T18:49:21.517+0000] {processor.py:830} INFO - Processing file /home/airflow/.local/lib/python3.8/site-packages/airflow/example_dags/example_nested_branch_dag.py for tasks to queue
[2026-04-09T18:49:21.521+0000] {logging_mixin.py:188} INFO - [2026-04-09T18:49:21.521+0000] {dagbag.py:538} INFO - Filling up the DagBag from /home/airflow/.local/lib/python3.8/site-packages/airflow/example_dags/example_nested_branch_dag.py
[2026-04-09T18:49:21.538+0000] {processor.py:840} INFO - DAG(s) 'example_nested_branch_dag' retrieved from /home/airflow/.local/lib/python3.8/site-packages/airflow/example_dags/example_nested_branch_dag.py
[2026-04-09T18:49:21.600+0000] {logging_mixin.py:188} INFO - [2026-04-09T18:49:21.599+0000] {dag.py:3036} INFO - Sync 1 DAGs
[2026-04-09T18:49:21.659+0000] {logging_mixin.py:188} INFO - [2026-04-09T18:49:21.658+0000] {dag.py:3823} INFO - Setting next_dagrun for example_nested_branch_dag to 2026-04-08 00:00:00+00:00, run_after=2026-04-09 00:00:00+00:00
[2026-04-09T18:49:21.687+0000] {processor.py:183} INFO - Processing /home/airflow/.local/lib/python3.8/site-packages/airflow/example_dags/example_nested_branch_dag.py took 0.177 seconds
[2026-04-09T18:50:00.705+0000] {processor.py:161} INFO - Started process (PID=13958) to work on /home/airflow/.local/lib/python3.8/site-packages/airflow/example_dags/example_nested_branch_dag.py
[2026-04-09T18:50:00.706+0000] {processor.py:830} INFO - Processing file /home/airflow/.local/lib/python3.8/site-packages/airflow/example_dags/example_nested_branch_dag.py for tasks to queue
[2026-04-09T18:50:00.710+0000] {logging_mixin.py:188} INFO - [2026-04-09T18:50:00.709+0000] {dagbag.py:538} INFO - Filling up the DagBag from /home/airflow/.local/lib/python3.8/site-packages/airflow/example_dags/example_nested_branch_dag.py
[2026-04-09T18:50:00.729+0000] {processor.py:840} INFO - DAG(s) 'example_nested_branch_dag' retrieved from /home/airflow/.local/lib/python3.8/site-packages/airflow/example_dags/example_nested_branch_dag.py
[2026-04-09T18:50:00.785+0000] {logging_mixin.py:188} INFO - [2026-04-09T18:50:00.784+0000] {dag.py:3036} INFO - Sync 1 DAGs
[2026-04-09T18:50:00.849+0000] {logging_mixin.py:188} INFO - [2026-04-09T18:50:00.849+0000] {dag.py:3823} INFO - Setting next_dagrun for example_nested_branch_dag to 2026-04-08 00:00:00+00:00, run_after=2026-04-09 00:00:00+00:00
[2026-04-09T18:50:00.901+0000] {processor.py:183} INFO - Processing /home/airflow/.local/lib/python3.8/site-packages/airflow/example_dags/example_nested_branch_dag.py took 0.200 seconds
[2026-04-09T18:50:31.788+0000] {processor.py:161} INFO - Started process (PID=14015) to work on /home/airflow/.local/lib/python3.8/site-packages/airflow/example_dags/example_nested_branch_dag.py
[2026-04-09T18:50:31.790+0000] {processor.py:830} INFO - Processing file /home/airflow/.local/lib/python3.8/site-packages/airflow/example_dags/example_nested_branch_dag.py for tasks to queue
[2026-04-09T18:50:31.793+0000] {logging_mixin.py:188} INFO - [2026-04-09T18:50:31.792+0000] {dagbag.py:538} INFO - Filling up the DagBag from /home/airflow/.local/lib/python3.8/site-packages/airflow/example_dags/example_nested_branch_dag.py
[2026-04-09T18:50:31.808+0000] {processor.py:840} INFO - DAG(s) 'example_nested_branch_dag' retrieved from /home/airflow/.local/lib/python3.8/site-packages/airflow/example_dags/example_nested_branch_dag.py
[2026-04-09T18:50:31.838+0000] {logging_mixin.py:188} INFO - [2026-04-09T18:50:31.838+0000] {dag.py:3036} INFO - Sync 1 DAGs
[2026-04-09T18:50:31.872+0000] {logging_mixin.py:188} INFO - [2026-04-09T18:50:31.872+0000] {dag.py:3823} INFO - Setting next_dagrun for example_nested_branch_dag to 2026-04-08 00:00:00+00:00, run_after=2026-04-09 00:00:00+00:00
[2026-04-09T18:50:31.899+0000] {processor.py:183} INFO - Processing /home/airflow/.local/lib/python3.8/site-packages/airflow/example_dags/example_nested_branch_dag.py took 0.114 seconds
[2026-04-09T18:51:02.574+0000] {processor.py:161} INFO - Started process (PID=14072) to work on /home/airflow/.local/lib/python3.8/site-packages/airflow/example_dags/example_nested_branch_dag.py
[2026-04-09T18:51:02.603+0000] {processor.py:830} INFO - Processing file /home/airflow/.local/lib/python3.8/site-packages/airflow/example_dags/example_nested_branch_dag.py for tasks to queue
[2026-04-09T18:51:02.605+0000] {logging_mixin.py:188} INFO - [2026-04-09T18:51:02.605+0000] {dagbag.py:538} INFO - Filling up the DagBag from /home/airflow/.local/lib/python3.8/site-packages/airflow/example_dags/example_nested_branch_dag.py
[2026-04-09T18:51:02.662+0000] {processor.py:840} INFO - DAG(s) 'example_nested_branch_dag' retrieved from /home/airflow/.local/lib/python3.8/site-packages/airflow/example_dags/example_nested_branch_dag.py
[2026-04-09T18:51:02.796+0000] {logging_mixin.py:188} INFO - [2026-04-09T18:51:02.796+0000] {dag.py:3036} INFO - Sync 1 DAGs
[2026-04-09T18:51:04.365+0000] {logging_mixin.py:188} INFO - [2026-04-09T18:51:04.365+0000] {dag.py:3823} INFO - Setting next_dagrun for example_nested_branch_dag to 2026-04-08 00:00:00+00:00, run_after=2026-04-09 00:00:00+00:00
[2026-04-09T18:51:04.976+0000] {processor.py:183} INFO - Processing /home/airflow/.local/lib/python3.8/site-packages/airflow/example_dags/example_nested_branch_dag.py took 2.407 seconds
[2026-04-09T18:51:35.826+0000] {processor.py:161} INFO - Started process (PID=14129) to work on /home/airflow/.local/lib/python3.8/site-packages/airflow/example_dags/example_nested_branch_dag.py
[2026-04-09T18:51:35.827+0000] {processor.py:830} INFO - Processing file /home/airflow/.local/lib/python3.8/site-packages/airflow/example_dags/example_nested_branch_dag.py for tasks to queue
[2026-04-09T18:51:35.830+0000] {logging_mixin.py:188} INFO - [2026-04-09T18:51:35.830+0000] {dagbag.py:538} INFO - Filling up the DagBag from /home/airflow/.local/lib/python3.8/site-packages/airflow/example_dags/example_nested_branch_dag.py
[2026-04-09T18:51:35.843+0000] {processor.py:840} INFO - DAG(s) 'example_nested_branch_dag' retrieved from /home/airflow/.local/lib/python3.8/site-packages/airflow/example_dags/example_nested_branch_dag.py
[2026-04-09T18:51:35.869+0000] {logging_mixin.py:188} INFO - [2026-04-09T18:51:35.869+0000] {dag.py:3036} INFO - Sync 1 DAGs
[2026-04-09T18:51:35.897+0000] {logging_mixin.py:188} INFO - [2026-04-09T18:51:35.896+0000] {dag.py:3823} INFO - Setting next_dagrun for example_nested_branch_dag to 2026-04-08 00:00:00+00:00, run_after=2026-04-09 00:00:00+00:00
[2026-04-09T18:51:35.925+0000] {processor.py:183} INFO - Processing /home/airflow/.local/lib/python3.8/site-packages/airflow/example_dags/example_nested_branch_dag.py took 0.103 seconds
[2026-04-09T18:52:06.685+0000] {processor.py:161} INFO - Started process (PID=14186) to work on /home/airflow/.local/lib/python3.8/site-packages/airflow/example_dags/example_nested_branch_dag.py
[2026-04-09T18:52:06.686+0000] {processor.py:830} INFO - Processing file /home/airflow/.local/lib/python3.8/site-packages/airflow/example_dags/example_nested_branch_dag.py for tasks to queue
[2026-04-09T18:52:06.690+0000] {logging_mixin.py:188} INFO - [2026-04-09T18:52:06.689+0000] {dagbag.py:538} INFO - Filling up the DagBag from /home/airflow/.local/lib/python3.8/site-packages/airflow/example_dags/example_nested_branch_dag.py
[2026-04-09T18:52:06.707+0000] {processor.py:840} INFO - DAG(s) 'example_nested_branch_dag' retrieved from /home/airflow/.local/lib/python3.8/site-packages/airflow/example_dags/example_nested_branch_dag.py
[2026-04-09T18:52:06.741+0000] {logging_mixin.py:188} INFO - [2026-04-09T18:52:06.740+0000] {dag.py:3036} INFO - Sync 1 DAGs
[2026-04-09T18:52:06.768+0000] {logging_mixin.py:188} INFO - [2026-04-09T18:52:06.767+0000] {dag.py:3823} INFO - Setting next_dagrun for example_nested_branch_dag to 2026-04-08 00:00:00+00:00, run_after=2026-04-09 00:00:00+00:00
[2026-04-09T18:52:06.788+0000] {processor.py:183} INFO - Processing /home/airflow/.local/lib/python3.8/site-packages/airflow/example_dags/example_nested_branch_dag.py took 0.108 seconds
[2026-04-09T18:52:37.146+0000] {processor.py:161} INFO - Started process (PID=14243) to work on /home/airflow/.local/lib/python3.8/site-packages/airflow/example_dags/example_nested_branch_dag.py
[2026-04-09T18:52:37.147+0000] {processor.py:830} INFO - Processing file /home/airflow/.local/lib/python3.8/site-packages/airflow/example_dags/example_nested_branch_dag.py for tasks to queue
[2026-04-09T18:52:37.149+0000] {logging_mixin.py:188} INFO - [2026-04-09T18:52:37.149+0000] {dagbag.py:538} INFO - Filling up the DagBag from /home/airflow/.local/lib/python3.8/site-packages/airflow/example_dags/example_nested_branch_dag.py
[2026-04-09T18:52:37.159+0000] {processor.py:840} INFO - DAG(s) 'example_nested_branch_dag' retrieved from /home/airflow/.local/lib/python3.8/site-packages/airflow/example_dags/example_nested_branch_dag.py
[2026-04-09T18:52:37.181+0000] {logging_mixin.py:188} INFO - [2026-04-09T18:52:37.181+0000] {dag.py:3036} INFO - Sync 1 DAGs
[2026-04-09T18:52:37.205+0000] {logging_mixin.py:188} INFO - [2026-04-09T18:52:37.204+0000] {dag.py:3823} INFO - Setting next_dagrun for example_nested_branch_dag to 2026-04-08 00:00:00+00:00, run_after=2026-04-09 00:00:00+00:00
[2026-04-09T18:52:37.230+0000] {processor.py:183} INFO - Processing /home/airflow/.local/lib/python3.8/site-packages/airflow/example_dags/example_nested_branch_dag.py took 0.087 seconds
[2026-04-09T18:53:07.500+0000] {processor.py:161} INFO - Started process (PID=14300) to work on /home/airflow/.local/lib/python3.8/site-packages/airflow/example_dags/example_nested_branch_dag.py
[2026-04-09T18:53:07.502+0000] {processor.py:830} INFO - Processing file /home/airflow/.local/lib/python3.8/site-packages/airflow/example_dags/example_nested_branch_dag.py for tasks to queue
[2026-04-09T18:53:07.504+0000] {logging_mixin.py:188} INFO - [2026-04-09T18:53:07.504+0000] {dagbag.py:538} INFO - Filling up the DagBag from /home/airflow/.local/lib/python3.8/site-packages/airflow/example_dags/example_nested_branch_dag.py
[2026-04-09T18:53:07.514+0000] {processor.py:840} INFO - DAG(s) 'example_nested_branch_dag' retrieved from /home/airflow/.local/lib/python3.8/site-packages/airflow/example_dags/example_nested_branch_dag.py
[2026-04-09T18:53:07.538+0000] {logging_mixin.py:188} INFO - [2026-04-09T18:53:07.538+0000] {dag.py:3036} INFO - Sync 1 DAGs
[2026-04-09T18:53:07.559+0000] {logging_mixin.py:188} INFO - [2026-04-09T18:53:07.559+0000] {dag.py:3823} INFO - Setting next_dagrun for example_nested_branch_dag to 2026-04-08 00:00:00+00:00, run_after=2026-04-09 00:00:00+00:00
[2026-04-09T18:53:07.583+0000] {processor.py:183} INFO - Processing /home/airflow/.local/lib/python3.8/site-packages/airflow/example_dags/example_nested_branch_dag.py took 0.087 seconds
[2026-04-09T18:53:37.975+0000] {processor.py:161} INFO - Started process (PID=14357) to work on /home/airflow/.local/lib/python3.8/site-packages/airflow/example_dags/example_nested_branch_dag.py
[2026-04-09T18:53:37.977+0000] {processor.py:830} INFO - Processing file /home/airflow/.local/lib/python3.8/site-packages/airflow/example_dags/example_nested_branch_dag.py for tasks to queue
[2026-04-09T18:53:37.980+0000] {logging_mixin.py:188} INFO - [2026-04-09T18:53:37.980+0000] {dagbag.py:538} INFO - Filling up the DagBag from /home/airflow/.local/lib/python3.8/site-packages/airflow/example_dags/example_nested_branch_dag.py
[2026-04-09T18:53:37.995+0000] {processor.py:840} INFO - DAG(s) 'example_nested_branch_dag' retrieved from /home/airflow/.local/lib/python3.8/site-packages/airflow/example_dags/example_nested_branch_dag.py
[2026-04-09T18:53:38.028+0000] {logging_mixin.py:188} INFO - [2026-04-09T18:53:38.027+0000] {dag.py:3036} INFO - Sync 1 DAGs
[2026-04-09T18:53:38.058+0000] {logging_mixin.py:188} INFO - [2026-04-09T18:53:38.058+0000] {dag.py:3823} INFO - Setting next_dagrun for example_nested_branch_dag to 2026-04-08 00:00:00+00:00, run_after=2026-04-09 00:00:00+00:00
[2026-04-09T18:53:38.101+0000] {processor.py:183} INFO - Processing /home/airflow/.local/lib/python3.8/site-packages/airflow/example_dags/example_nested_branch_dag.py took 0.133 seconds
[2026-04-09T18:54:08.157+0000] {processor.py:161} INFO - Started process (PID=14414) to work on /home/airflow/.local/lib/python3.8/site-packages/airflow/example_dags/example_nested_branch_dag.py
[2026-04-09T18:54:08.159+0000] {processor.py:830} INFO - Processing file /home/airflow/.local/lib/python3.8/site-packages/airflow/example_dags/example_nested_branch_dag.py for tasks to queue
[2026-04-09T18:54:08.162+0000] {logging_mixin.py:188} INFO - [2026-04-09T18:54:08.162+0000] {dagbag.py:538} INFO - Filling up the DagBag from /home/airflow/.local/lib/python3.8/site-packages/airflow/example_dags/example_nested_branch_dag.py
[2026-04-09T18:54:08.175+0000] {processor.py:840} INFO - DAG(s) 'example_nested_branch_dag' retrieved from /home/airflow/.local/lib/python3.8/site-packages/airflow/example_dags/example_nested_branch_dag.py
[2026-04-09T18:54:08.204+0000] {logging_mixin.py:188} INFO - [2026-04-09T18:54:08.203+0000] {dag.py:3036} INFO - Sync 1 DAGs
[2026-04-09T18:54:08.245+0000] {logging_mixin.py:188} INFO - [2026-04-09T18:54:08.245+0000] {dag.py:3823} INFO - Setting next_dagrun for example_nested_branch_dag to 2026-04-08 00:00:00+00:00, run_after=2026-04-09 00:00:00+00:00
[2026-04-09T18:54:08.293+0000] {processor.py:183} INFO - Processing /home/airflow/.local/lib/python3.8/site-packages/airflow/example_dags/example_nested_branch_dag.py took 0.142 seconds
[2026-04-09T18:54:38.348+0000] {processor.py:161} INFO - Started process (PID=14471) to work on /home/airflow/.local/lib/python3.8/site-packages/airflow/example_dags/example_nested_branch_dag.py
[2026-04-09T18:54:38.349+0000] {processor.py:830} INFO - Processing file /home/airflow/.local/lib/python3.8/site-packages/airflow/example_dags/example_nested_branch_dag.py for tasks to queue
[2026-04-09T18:54:38.351+0000] {logging_mixin.py:188} INFO - [2026-04-09T18:54:38.351+0000] {dagbag.py:538} INFO - Filling up the DagBag from /home/airflow/.local/lib/python3.8/site-packages/airflow/example_dags/example_nested_branch_dag.py
[2026-04-09T18:54:38.363+0000] {processor.py:840} INFO - DAG(s) 'example_nested_branch_dag' retrieved from /home/airflow/.local/lib/python3.8/site-packages/airflow/example_dags/example_nested_branch_dag.py
[2026-04-09T18:54:38.387+0000] {logging_mixin.py:188} INFO - [2026-04-09T18:54:38.387+0000] {dag.py:3036} INFO - Sync 1 DAGs
[2026-04-09T18:54:38.414+0000] {logging_mixin.py:188} INFO - [2026-04-09T18:54:38.413+0000] {dag.py:3823} INFO - Setting next_dagrun for example_nested_branch_dag to 2026-04-08 00:00:00+00:00, run_after=2026-04-09 00:00:00+00:00
[2026-04-09T18:54:38.440+0000] {processor.py:183} INFO - Processing /home/airflow/.local/lib/python3.8/site-packages/airflow/example_dags/example_nested_branch_dag.py took 0.096 seconds
[2026-04-09T18:55:08.688+0000] {processor.py:161} INFO - Started process (PID=14528) to work on /home/airflow/.local/lib/python3.8/site-packages/airflow/example_dags/example_nested_branch_dag.py
[2026-04-09T18:55:08.689+0000] {processor.py:830} INFO - Processing file /home/airflow/.local/lib/python3.8/site-packages/airflow/example_dags/example_nested_branch_dag.py for tasks to queue
[2026-04-09T18:55:08.692+0000] {logging_mixin.py:188} INFO - [2026-04-09T18:55:08.691+0000] {dagbag.py:538} INFO - Filling up the DagBag from /home/airflow/.local/lib/python3.8/site-packages/airflow/example_dags/example_nested_branch_dag.py
[2026-04-09T18:55:08.702+0000] {processor.py:840} INFO - DAG(s) 'example_nested_branch_dag' retrieved from /home/airflow/.local/lib/python3.8/site-packages/airflow/example_dags/example_nested_branch_dag.py
[2026-04-09T18:55:08.735+0000] {logging_mixin.py:188} INFO - [2026-04-09T18:55:08.734+0000] {dag.py:3036} INFO - Sync 1 DAGs
[2026-04-09T18:55:08.766+0000] {logging_mixin.py:188} INFO - [2026-04-09T18:55:08.765+0000] {dag.py:3823} INFO - Setting next_dagrun for example_nested_branch_dag to 2026-04-08 00:00:00+00:00, run_after=2026-04-09 00:00:00+00:00
[2026-04-09T18:55:08.788+0000] {processor.py:183} INFO - Processing /home/airflow/.local/lib/python3.8/site-packages/airflow/example_dags/example_nested_branch_dag.py took 0.105 seconds
[2026-04-09T18:55:38.914+0000] {processor.py:161} INFO - Started process (PID=14585) to work on /home/airflow/.local/lib/python3.8/site-packages/airflow/example_dags/example_nested_branch_dag.py
[2026-04-09T18:55:38.915+0000] {processor.py:830} INFO - Processing file /home/airflow/.local/lib/python3.8/site-packages/airflow/example_dags/example_nested_branch_dag.py for tasks to queue
[2026-04-09T18:55:38.917+0000] {logging_mixin.py:188} INFO - [2026-04-09T18:55:38.917+0000] {dagbag.py:538} INFO - Filling up the DagBag from /home/airflow/.local/lib/python3.8/site-packages/airflow/example_dags/example_nested_branch_dag.py
[2026-04-09T18:55:38.929+0000] {processor.py:840} INFO - DAG(s) 'example_nested_branch_dag' retrieved from /home/airflow/.local/lib/python3.8/site-packages/airflow/example_dags/example_nested_branch_dag.py
[2026-04-09T18:55:38.956+0000] {logging_mixin.py:188} INFO - [2026-04-09T18:55:38.956+0000] {dag.py:3036} INFO - Sync 1 DAGs
[2026-04-09T18:55:38.988+0000] {logging_mixin.py:188} INFO - [2026-04-09T18:55:38.987+0000] {dag.py:3823} INFO - Setting next_dagrun for example_nested_branch_dag to 2026-04-08 00:00:00+00:00, run_after=2026-04-09 00:00:00+00:00
[2026-04-09T18:55:39.017+0000] {processor.py:183} INFO - Processing /home/airflow/.local/lib/python3.8/site-packages/airflow/example_dags/example_nested_branch_dag.py took 0.107 seconds
[2026-04-09T18:56:09.454+0000] {processor.py:161} INFO - Started process (PID=14640) to work on /home/airflow/.local/lib/python3.8/site-packages/airflow/example_dags/example_nested_branch_dag.py
[2026-04-09T18:56:09.456+0000] {processor.py:830} INFO - Processing file /home/airflow/.local/lib/python3.8/site-packages/airflow/example_dags/example_nested_branch_dag.py for tasks to queue
[2026-04-09T18:56:09.458+0000] {logging_mixin.py:188} INFO - [2026-04-09T18:56:09.457+0000] {dagbag.py:538} INFO - Filling up the DagBag from /home/airflow/.local/lib/python3.8/site-packages/airflow/example_dags/example_nested_branch_dag.py
[2026-04-09T18:56:09.467+0000] {processor.py:840} INFO - DAG(s) 'example_nested_branch_dag' retrieved from /home/airflow/.local/lib/python3.8/site-packages/airflow/example_dags/example_nested_branch_dag.py
[2026-04-09T18:56:09.489+0000] {logging_mixin.py:188} INFO - [2026-04-09T18:56:09.489+0000] {dag.py:3036} INFO - Sync 1 DAGs
[2026-04-09T18:56:09.513+0000] {logging_mixin.py:188} INFO - [2026-04-09T18:56:09.513+0000] {dag.py:3823} INFO - Setting next_dagrun for example_nested_branch_dag to 2026-04-08 00:00:00+00:00, run_after=2026-04-09 00:00:00+00:00
[2026-04-09T18:56:09.541+0000] {processor.py:183} INFO - Processing /home/airflow/.local/lib/python3.8/site-packages/airflow/example_dags/example_nested_branch_dag.py took 0.090 seconds
[2026-04-09T18:56:39.701+0000] {processor.py:161} INFO - Started process (PID=14697) to work on /home/airflow/.local/lib/python3.8/site-packages/airflow/example_dags/example_nested_branch_dag.py
[2026-04-09T18:56:39.703+0000] {processor.py:830} INFO - Processing file /home/airflow/.local/lib/python3.8/site-packages/airflow/example_dags/example_nested_branch_dag.py for tasks to queue
[2026-04-09T18:56:39.706+0000] {logging_mixin.py:188} INFO - [2026-04-09T18:56:39.705+0000] {dagbag.py:538} INFO - Filling up the DagBag from /home/airflow/.local/lib/python3.8/site-packages/airflow/example_dags/example_nested_branch_dag.py
[2026-04-09T18:56:39.716+0000] {processor.py:840} INFO - DAG(s) 'example_nested_branch_dag' retrieved from /home/airflow/.local/lib/python3.8/site-packages/airflow/example_dags/example_nested_branch_dag.py
[2026-04-09T18:56:39.741+0000] {logging_mixin.py:188} INFO - [2026-04-09T18:56:39.741+0000] {dag.py:3036} INFO - Sync 1 DAGs
[2026-04-09T18:56:39.762+0000] {logging_mixin.py:188} INFO - [2026-04-09T18:56:39.761+0000] {dag.py:3823} INFO - Setting next_dagrun for example_nested_branch_dag to 2026-04-08 00:00:00+00:00, run_after=2026-04-09 00:00:00+00:00
[2026-04-09T18:56:39.786+0000] {processor.py:183} INFO - Processing /home/airflow/.local/lib/python3.8/site-packages/airflow/example_dags/example_nested_branch_dag.py took 0.089 seconds
[2026-04-09T18:57:10.211+0000] {processor.py:161} INFO - Started process (PID=14754) to work on /home/airflow/.local/lib/python3.8/site-packages/airflow/example_dags/example_nested_branch_dag.py
[2026-04-09T18:57:10.212+0000] {processor.py:830} INFO - Processing file /home/airflow/.local/lib/python3.8/site-packages/airflow/example_dags/example_nested_branch_dag.py for tasks to queue
[2026-04-09T18:57:10.214+0000] {logging_mixin.py:188} INFO - [2026-04-09T18:57:10.213+0000] {dagbag.py:538} INFO - Filling up the DagBag from /home/airflow/.local/lib/python3.8/site-packages/airflow/example_dags/example_nested_branch_dag.py
[2026-04-09T18:57:10.226+0000] {processor.py:840} INFO - DAG(s) 'example_nested_branch_dag' retrieved from /home/airflow/.local/lib/python3.8/site-packages/airflow/example_dags/example_nested_branch_dag.py
[2026-04-09T18:57:10.252+0000] {logging_mixin.py:188} INFO - [2026-04-09T18:57:10.252+0000] {dag.py:3036} INFO - Sync 1 DAGs
[2026-04-09T18:57:10.274+0000] {logging_mixin.py:188} INFO - [2026-04-09T18:57:10.274+0000] {dag.py:3823} INFO - Setting next_dagrun for example_nested_branch_dag to 2026-04-08 00:00:00+00:00, run_after=2026-04-09 00:00:00+00:00
[2026-04-09T18:57:10.297+0000] {processor.py:183} INFO - Processing /home/airflow/.local/lib/python3.8/site-packages/airflow/example_dags/example_nested_branch_dag.py took 0.090 seconds
[2026-04-09T18:57:40.756+0000] {processor.py:161} INFO - Started process (PID=14811) to work on /home/airflow/.local/lib/python3.8/site-packages/airflow/example_dags/example_nested_branch_dag.py
[2026-04-09T18:57:40.757+0000] {processor.py:830} INFO - Processing file /home/airflow/.local/lib/python3.8/site-packages/airflow/example_dags/example_nested_branch_dag.py for tasks to queue
[2026-04-09T18:57:40.759+0000] {logging_mixin.py:188} INFO - [2026-04-09T18:57:40.759+0000] {dagbag.py:538} INFO - Filling up the DagBag from /home/airflow/.local/lib/python3.8/site-packages/airflow/example_dags/example_nested_branch_dag.py
[2026-04-09T18:57:40.769+0000] {processor.py:840} INFO - DAG(s) 'example_nested_branch_dag' retrieved from /home/airflow/.local/lib/python3.8/site-packages/airflow/example_dags/example_nested_branch_dag.py
[2026-04-09T18:57:40.791+0000] {logging_mixin.py:188} INFO - [2026-04-09T18:57:40.790+0000] {dag.py:3036} INFO - Sync 1 DAGs
[2026-04-09T18:57:40.813+0000] {logging_mixin.py:188} INFO - [2026-04-09T18:57:40.812+0000] {dag.py:3823} INFO - Setting next_dagrun for example_nested_branch_dag to 2026-04-08 00:00:00+00:00, run_after=2026-04-09 00:00:00+00:00
[2026-04-09T18:57:40.835+0000] {processor.py:183} INFO - Processing /home/airflow/.local/lib/python3.8/site-packages/airflow/example_dags/example_nested_branch_dag.py took 0.083 seconds
[2026-04-09T18:58:11.070+0000] {processor.py:161} INFO - Started process (PID=14868) to work on /home/airflow/.local/lib/python3.8/site-packages/airflow/example_dags/example_nested_branch_dag.py
[2026-04-09T18:58:11.071+0000] {processor.py:830} INFO - Processing file /home/airflow/.local/lib/python3.8/site-packages/airflow/example_dags/example_nested_branch_dag.py for tasks to queue
[2026-04-09T18:58:11.074+0000] {logging_mixin.py:188} INFO - [2026-04-09T18:58:11.073+0000] {dagbag.py:538} INFO - Filling up the DagBag from /home/airflow/.local/lib/python3.8/site-packages/airflow/example_dags/example_nested_branch_dag.py
[2026-04-09T18:58:11.084+0000] {processor.py:840} INFO - DAG(s) 'example_nested_branch_dag' retrieved from /home/airflow/.local/lib/python3.8/site-packages/airflow/example_dags/example_nested_branch_dag.py
[2026-04-09T18:58:11.106+0000] {logging_mixin.py:188} INFO - [2026-04-09T18:58:11.106+0000] {dag.py:3036} INFO - Sync 1 DAGs
[2026-04-09T18:58:11.128+0000] {logging_mixin.py:188} INFO - [2026-04-09T18:58:11.128+0000] {dag.py:3823} INFO - Setting next_dagrun for example_nested_branch_dag to 2026-04-08 00:00:00+00:00, run_after=2026-04-09 00:00:00+00:00
[2026-04-09T18:58:11.152+0000] {processor.py:183} INFO - Processing /home/airflow/.local/lib/python3.8/site-packages/airflow/example_dags/example_nested_branch_dag.py took 0.086 seconds
[2026-04-09T18:58:41.532+0000] {processor.py:161} INFO - Started process (PID=14925) to work on /home/airflow/.local/lib/python3.8/site-packages/airflow/example_dags/example_nested_branch_dag.py
[2026-04-09T18:58:41.534+0000] {processor.py:830} INFO - Processing file /home/airflow/.local/lib/python3.8/site-packages/airflow/example_dags/example_nested_branch_dag.py for tasks to queue
[2026-04-09T18:58:41.543+0000] {logging_mixin.py:188} INFO - [2026-04-09T18:58:41.542+0000] {dagbag.py:538} INFO - Filling up the DagBag from /home/airflow/.local/lib/python3.8/site-packages/airflow/example_dags/example_nested_branch_dag.py
[2026-04-09T18:58:41.565+0000] {processor.py:840} INFO - DAG(s) 'example_nested_branch_dag' retrieved from /home/airflow/.local/lib/python3.8/site-packages/airflow/example_dags/example_nested_branch_dag.py
[2026-04-09T18:58:41.603+0000] {logging_mixin.py:188} INFO - [2026-04-09T18:58:41.603+0000] {dag.py:3036} INFO - Sync 1 DAGs
[2026-04-09T18:58:41.644+0000] {logging_mixin.py:188} INFO - [2026-04-09T18:58:41.644+0000] {dag.py:3823} INFO - Setting next_dagrun for example_nested_branch_dag to 2026-04-08 00:00:00+00:00, run_after=2026-04-09 00:00:00+00:00
[2026-04-09T18:58:41.669+0000] {processor.py:183} INFO - Processing /home/airflow/.local/lib/python3.8/site-packages/airflow/example_dags/example_nested_branch_dag.py took 0.143 seconds
[2026-04-09T18:59:11.790+0000] {processor.py:161} INFO - Started process (PID=14982) to work on /home/airflow/.local/lib/python3.8/site-packages/airflow/example_dags/example_nested_branch_dag.py
[2026-04-09T18:59:11.791+0000] {processor.py:830} INFO - Processing file /home/airflow/.local/lib/python3.8/site-packages/airflow/example_dags/example_nested_branch_dag.py for tasks to queue
[2026-04-09T18:59:11.795+0000] {logging_mixin.py:188} INFO - [2026-04-09T18:59:11.794+0000] {dagbag.py:538} INFO - Filling up the DagBag from /home/airflow/.local/lib/python3.8/site-packages/airflow/example_dags/example_nested_branch_dag.py
[2026-04-09T18:59:11.807+0000] {processor.py:840} INFO - DAG(s) 'example_nested_branch_dag' retrieved from /home/airflow/.local/lib/python3.8/site-packages/airflow/example_dags/example_nested_branch_dag.py
[2026-04-09T18:59:11.837+0000] {logging_mixin.py:188} INFO - [2026-04-09T18:59:11.837+0000] {dag.py:3036} INFO - Sync 1 DAGs
[2026-04-09T18:59:11.871+0000] {logging_mixin.py:188} INFO - [2026-04-09T18:59:11.870+0000] {dag.py:3823} INFO - Setting next_dagrun for example_nested_branch_dag to 2026-04-08 00:00:00+00:00, run_after=2026-04-09 00:00:00+00:00
[2026-04-09T18:59:11.906+0000] {processor.py:183} INFO - Processing /home/airflow/.local/lib/python3.8/site-packages/airflow/example_dags/example_nested_branch_dag.py took 0.122 seconds
[2026-04-09T18:59:42.012+0000] {processor.py:161} INFO - Started process (PID=15039) to work on /home/airflow/.local/lib/python3.8/site-packages/airflow/example_dags/example_nested_branch_dag.py
[2026-04-09T18:59:42.013+0000] {processor.py:830} INFO - Processing file /home/airflow/.local/lib/python3.8/site-packages/airflow/example_dags/example_nested_branch_dag.py for tasks to queue
[2026-04-09T18:59:42.015+0000] {logging_mixin.py:188} INFO - [2026-04-09T18:59:42.015+0000] {dagbag.py:538} INFO - Filling up the DagBag from /home/airflow/.local/lib/python3.8/site-packages/airflow/example_dags/example_nested_branch_dag.py
[2026-04-09T18:59:42.025+0000] {processor.py:840} INFO - DAG(s) 'example_nested_branch_dag' retrieved from /home/airflow/.local/lib/python3.8/site-packages/airflow/example_dags/example_nested_branch_dag.py
[2026-04-09T18:59:42.047+0000] {logging_mixin.py:188} INFO - [2026-04-09T18:59:42.047+0000] {dag.py:3036} INFO - Sync 1 DAGs
[2026-04-09T18:59:42.068+0000] {logging_mixin.py:188} INFO - [2026-04-09T18:59:42.068+0000] {dag.py:3823} INFO - Setting next_dagrun for example_nested_branch_dag to 2026-04-08 00:00:00+00:00, run_after=2026-04-09 00:00:00+00:00
[2026-04-09T18:59:42.091+0000] {processor.py:183} INFO - Processing /home/airflow/.local/lib/python3.8/site-packages/airflow/example_dags/example_nested_branch_dag.py took 0.083 seconds
[2026-04-09T19:00:12.447+0000] {processor.py:161} INFO - Started process (PID=15096) to work on /home/airflow/.local/lib/python3.8/site-packages/airflow/example_dags/example_nested_branch_dag.py
[2026-04-09T19:00:12.448+0000] {processor.py:830} INFO - Processing file /home/airflow/.local/lib/python3.8/site-packages/airflow/example_dags/example_nested_branch_dag.py for tasks to queue
[2026-04-09T19:00:12.450+0000] {logging_mixin.py:188} INFO - [2026-04-09T19:00:12.450+0000] {dagbag.py:538} INFO - Filling up the DagBag from /home/airflow/.local/lib/python3.8/site-packages/airflow/example_dags/example_nested_branch_dag.py
[2026-04-09T19:00:12.460+0000] {processor.py:840} INFO - DAG(s) 'example_nested_branch_dag' retrieved from /home/airflow/.local/lib/python3.8/site-packages/airflow/example_dags/example_nested_branch_dag.py
[2026-04-09T19:00:12.483+0000] {logging_mixin.py:188} INFO - [2026-04-09T19:00:12.483+0000] {dag.py:3036} INFO - Sync 1 DAGs
[2026-04-09T19:00:12.503+0000] {logging_mixin.py:188} INFO - [2026-04-09T19:00:12.502+0000] {dag.py:3823} INFO - Setting next_dagrun for example_nested_branch_dag to 2026-04-08 00:00:00+00:00, run_after=2026-04-09 00:00:00+00:00
[2026-04-09T19:00:12.525+0000] {processor.py:183} INFO - Processing /home/airflow/.local/lib/python3.8/site-packages/airflow/example_dags/example_nested_branch_dag.py took 0.082 seconds
[2026-04-09T19:00:42.617+0000] {processor.py:161} INFO - Started process (PID=15153) to work on /home/airflow/.local/lib/python3.8/site-packages/airflow/example_dags/example_nested_branch_dag.py
[2026-04-09T19:00:42.618+0000] {processor.py:830} INFO - Processing file /home/airflow/.local/lib/python3.8/site-packages/airflow/example_dags/example_nested_branch_dag.py for tasks to queue
[2026-04-09T19:00:42.621+0000] {logging_mixin.py:188} INFO - [2026-04-09T19:00:42.621+0000] {dagbag.py:538} INFO - Filling up the DagBag from /home/airflow/.local/lib/python3.8/site-packages/airflow/example_dags/example_nested_branch_dag.py
[2026-04-09T19:00:42.633+0000] {processor.py:840} INFO - DAG(s) 'example_nested_branch_dag' retrieved from /home/airflow/.local/lib/python3.8/site-packages/airflow/example_dags/example_nested_branch_dag.py
[2026-04-09T19:00:42.657+0000] {logging_mixin.py:188} INFO - [2026-04-09T19:00:42.656+0000] {dag.py:3036} INFO - Sync 1 DAGs
[2026-04-09T19:00:42.679+0000] {logging_mixin.py:188} INFO - [2026-04-09T19:00:42.679+0000] {dag.py:3823} INFO - Setting next_dagrun for example_nested_branch_dag to 2026-04-08 00:00:00+00:00, run_after=2026-04-09 00:00:00+00:00
[2026-04-09T19:00:42.702+0000] {processor.py:183} INFO - Processing /home/airflow/.local/lib/python3.8/site-packages/airflow/example_dags/example_nested_branch_dag.py took 0.089 seconds
[2026-04-09T19:01:13.234+0000] {processor.py:161} INFO - Started process (PID=15210) to work on /home/airflow/.local/lib/python3.8/site-packages/airflow/example_dags/example_nested_branch_dag.py
[2026-04-09T19:01:13.235+0000] {processor.py:830} INFO - Processing file /home/airflow/.local/lib/python3.8/site-packages/airflow/example_dags/example_nested_branch_dag.py for tasks to queue
[2026-04-09T19:01:13.238+0000] {logging_mixin.py:188} INFO - [2026-04-09T19:01:13.237+0000] {dagbag.py:538} INFO - Filling up the DagBag from /home/airflow/.local/lib/python3.8/site-packages/airflow/example_dags/example_nested_branch_dag.py
[2026-04-09T19:01:13.248+0000] {processor.py:840} INFO - DAG(s) 'example_nested_branch_dag' retrieved from /home/airflow/.local/lib/python3.8/site-packages/airflow/example_dags/example_nested_branch_dag.py
[2026-04-09T19:01:13.271+0000] {logging_mixin.py:188} INFO - [2026-04-09T19:01:13.271+0000] {dag.py:3036} INFO - Sync 1 DAGs
[2026-04-09T19:01:13.292+0000] {logging_mixin.py:188} INFO - [2026-04-09T19:01:13.292+0000] {dag.py:3823} INFO - Setting next_dagrun for example_nested_branch_dag to 2026-04-08 00:00:00+00:00, run_after=2026-04-09 00:00:00+00:00
[2026-04-09T19:01:13.316+0000] {processor.py:183} INFO - Processing /home/airflow/.local/lib/python3.8/site-packages/airflow/example_dags/example_nested_branch_dag.py took 0.085 seconds
[2026-04-09T19:01:43.495+0000] {processor.py:161} INFO - Started process (PID=15267) to work on /home/airflow/.local/lib/python3.8/site-packages/airflow/example_dags/example_nested_branch_dag.py
[2026-04-09T19:01:43.496+0000] {processor.py:830} INFO - Processing file /home/airflow/.local/lib/python3.8/site-packages/airflow/example_dags/example_nested_branch_dag.py for tasks to queue
[2026-04-09T19:01:43.499+0000] {logging_mixin.py:188} INFO - [2026-04-09T19:01:43.498+0000] {dagbag.py:538} INFO - Filling up the DagBag from /home/airflow/.local/lib/python3.8/site-packages/airflow/example_dags/example_nested_branch_dag.py
[2026-04-09T19:01:43.514+0000] {processor.py:840} INFO - DAG(s) 'example_nested_branch_dag' retrieved from /home/airflow/.local/lib/python3.8/site-packages/airflow/example_dags/example_nested_branch_dag.py
[2026-04-09T19:01:43.552+0000] {logging_mixin.py:188} INFO - [2026-04-09T19:01:43.551+0000] {dag.py:3036} INFO - Sync 1 DAGs
[2026-04-09T19:01:43.590+0000] {logging_mixin.py:188} INFO - [2026-04-09T19:01:43.589+0000] {dag.py:3823} INFO - Setting next_dagrun for example_nested_branch_dag to 2026-04-08 00:00:00+00:00, run_after=2026-04-09 00:00:00+00:00
[2026-04-09T19:01:43.614+0000] {processor.py:183} INFO - Processing /home/airflow/.local/lib/python3.8/site-packages/airflow/example_dags/example_nested_branch_dag.py took 0.124 seconds
[2026-04-09T19:02:13.670+0000] {processor.py:161} INFO - Started process (PID=15319) to work on /home/airflow/.local/lib/python3.8/site-packages/airflow/example_dags/example_nested_branch_dag.py
[2026-04-09T19:02:13.672+0000] {processor.py:830} INFO - Processing file /home/airflow/.local/lib/python3.8/site-packages/airflow/example_dags/example_nested_branch_dag.py for tasks to queue
[2026-04-09T19:02:13.675+0000] {logging_mixin.py:188} INFO - [2026-04-09T19:02:13.674+0000] {dagbag.py:538} INFO - Filling up the DagBag from /home/airflow/.local/lib/python3.8/site-packages/airflow/example_dags/example_nested_branch_dag.py
[2026-04-09T19:02:13.687+0000] {processor.py:840} INFO - DAG(s) 'example_nested_branch_dag' retrieved from /home/airflow/.local/lib/python3.8/site-packages/airflow/example_dags/example_nested_branch_dag.py
[2026-04-09T19:02:13.717+0000] {logging_mixin.py:188} INFO - [2026-04-09T19:02:13.717+0000] {dag.py:3036} INFO - Sync 1 DAGs
[2026-04-09T19:02:13.756+0000] {logging_mixin.py:188} INFO - [2026-04-09T19:02:13.755+0000] {dag.py:3823} INFO - Setting next_dagrun for example_nested_branch_dag to 2026-04-08 00:00:00+00:00, run_after=2026-04-09 00:00:00+00:00
[2026-04-09T19:02:13.975+0000] {processor.py:183} INFO - Processing /home/airflow/.local/lib/python3.8/site-packages/airflow/example_dags/example_nested_branch_dag.py took 0.310 seconds
[2026-04-09T19:02:44.660+0000] {processor.py:161} INFO - Started process (PID=15376) to work on /home/airflow/.local/lib/python3.8/site-packages/airflow/example_dags/example_nested_branch_dag.py
[2026-04-09T19:02:44.665+0000] {processor.py:830} INFO - Processing file /home/airflow/.local/lib/python3.8/site-packages/airflow/example_dags/example_nested_branch_dag.py for tasks to queue
[2026-04-09T19:02:44.670+0000] {logging_mixin.py:188} INFO - [2026-04-09T19:02:44.670+0000] {dagbag.py:538} INFO - Filling up the DagBag from /home/airflow/.local/lib/python3.8/site-packages/airflow/example_dags/example_nested_branch_dag.py
[2026-04-09T19:02:44.702+0000] {processor.py:840} INFO - DAG(s) 'example_nested_branch_dag' retrieved from /home/airflow/.local/lib/python3.8/site-packages/airflow/example_dags/example_nested_branch_dag.py
[2026-04-09T19:02:44.737+0000] {logging_mixin.py:188} INFO - [2026-04-09T19:02:44.737+0000] {dag.py:3036} INFO - Sync 1 DAGs
[2026-04-09T19:02:44.770+0000] {logging_mixin.py:188} INFO - [2026-04-09T19:02:44.769+0000] {dag.py:3823} INFO - Setting next_dagrun for example_nested_branch_dag to 2026-04-08 00:00:00+00:00, run_after=2026-04-09 00:00:00+00:00
[2026-04-09T19:02:44.807+0000] {processor.py:183} INFO - Processing /home/airflow/.local/lib/python3.8/site-packages/airflow/example_dags/example_nested_branch_dag.py took 0.153 seconds
[2026-04-09T19:03:15.528+0000] {processor.py:161} INFO - Started process (PID=15433) to work on /home/airflow/.local/lib/python3.8/site-packages/airflow/example_dags/example_nested_branch_dag.py
[2026-04-09T19:03:15.530+0000] {processor.py:830} INFO - Processing file /home/airflow/.local/lib/python3.8/site-packages/airflow/example_dags/example_nested_branch_dag.py for tasks to queue
[2026-04-09T19:03:15.533+0000] {logging_mixin.py:188} INFO - [2026-04-09T19:03:15.532+0000] {dagbag.py:538} INFO - Filling up the DagBag from /home/airflow/.local/lib/python3.8/site-packages/airflow/example_dags/example_nested_branch_dag.py
[2026-04-09T19:03:15.563+0000] {processor.py:840} INFO - DAG(s) 'example_nested_branch_dag' retrieved from /home/airflow/.local/lib/python3.8/site-packages/airflow/example_dags/example_nested_branch_dag.py
[2026-04-09T19:03:15.609+0000] {logging_mixin.py:188} INFO - [2026-04-09T19:03:15.609+0000] {dag.py:3036} INFO - Sync 1 DAGs
[2026-04-09T19:03:15.644+0000] {logging_mixin.py:188} INFO - [2026-04-09T19:03:15.643+0000] {dag.py:3823} INFO - Setting next_dagrun for example_nested_branch_dag to 2026-04-08 00:00:00+00:00, run_after=2026-04-09 00:00:00+00:00
[2026-04-09T19:03:15.681+0000] {processor.py:183} INFO - Processing /home/airflow/.local/lib/python3.8/site-packages/airflow/example_dags/example_nested_branch_dag.py took 0.159 seconds
[2026-04-09T19:03:45.744+0000] {processor.py:161} INFO - Started process (PID=15490) to work on /home/airflow/.local/lib/python3.8/site-packages/airflow/example_dags/example_nested_branch_dag.py
[2026-04-09T19:03:45.747+0000] {processor.py:830} INFO - Processing file /home/airflow/.local/lib/python3.8/site-packages/airflow/example_dags/example_nested_branch_dag.py for tasks to queue
[2026-04-09T19:03:45.751+0000] {logging_mixin.py:188} INFO - [2026-04-09T19:03:45.750+0000] {dagbag.py:538} INFO - Filling up the DagBag from /home/airflow/.local/lib/python3.8/site-packages/airflow/example_dags/example_nested_branch_dag.py
[2026-04-09T19:03:45.770+0000] {processor.py:840} INFO - DAG(s) 'example_nested_branch_dag' retrieved from /home/airflow/.local/lib/python3.8/site-packages/airflow/example_dags/example_nested_branch_dag.py
[2026-04-09T19:03:45.805+0000] {logging_mixin.py:188} INFO - [2026-04-09T19:03:45.804+0000] {dag.py:3036} INFO - Sync 1 DAGs
[2026-04-09T19:03:45.839+0000] {logging_mixin.py:188} INFO - [2026-04-09T19:03:45.839+0000] {dag.py:3823} INFO - Setting next_dagrun for example_nested_branch_dag to 2026-04-08 00:00:00+00:00, run_after=2026-04-09 00:00:00+00:00
[2026-04-09T19:03:45.899+0000] {processor.py:183} INFO - Processing /home/airflow/.local/lib/python3.8/site-packages/airflow/example_dags/example_nested_branch_dag.py took 0.161 seconds
[2026-04-09T19:04:16.160+0000] {processor.py:161} INFO - Started process (PID=15547) to work on /home/airflow/.local/lib/python3.8/site-packages/airflow/example_dags/example_nested_branch_dag.py
[2026-04-09T19:04:16.162+0000] {processor.py:830} INFO - Processing file /home/airflow/.local/lib/python3.8/site-packages/airflow/example_dags/example_nested_branch_dag.py for tasks to queue
[2026-04-09T19:04:16.167+0000] {logging_mixin.py:188} INFO - [2026-04-09T19:04:16.166+0000] {dagbag.py:538} INFO - Filling up the DagBag from /home/airflow/.local/lib/python3.8/site-packages/airflow/example_dags/example_nested_branch_dag.py
[2026-04-09T19:04:16.183+0000] {processor.py:840} INFO - DAG(s) 'example_nested_branch_dag' retrieved from /home/airflow/.local/lib/python3.8/site-packages/airflow/example_dags/example_nested_branch_dag.py
[2026-04-09T19:04:16.210+0000] {logging_mixin.py:188} INFO - [2026-04-09T19:04:16.209+0000] {dag.py:3036} INFO - Sync 1 DAGs
[2026-04-09T19:04:16.232+0000] {logging_mixin.py:188} INFO - [2026-04-09T19:04:16.232+0000] {dag.py:3823} INFO - Setting next_dagrun for example_nested_branch_dag to 2026-04-08 00:00:00+00:00, run_after=2026-04-09 00:00:00+00:00
[2026-04-09T19:04:16.255+0000] {processor.py:183} INFO - Processing /home/airflow/.local/lib/python3.8/site-packages/airflow/example_dags/example_nested_branch_dag.py took 0.099 seconds
[2026-04-09T19:04:46.402+0000] {processor.py:161} INFO - Started process (PID=15604) to work on /home/airflow/.local/lib/python3.8/site-packages/airflow/example_dags/example_nested_branch_dag.py
[2026-04-09T19:04:46.403+0000] {processor.py:830} INFO - Processing file /home/airflow/.local/lib/python3.8/site-packages/airflow/example_dags/example_nested_branch_dag.py for tasks to queue
[2026-04-09T19:04:46.406+0000] {logging_mixin.py:188} INFO - [2026-04-09T19:04:46.405+0000] {dagbag.py:538} INFO - Filling up the DagBag from /home/airflow/.local/lib/python3.8/site-packages/airflow/example_dags/example_nested_branch_dag.py
[2026-04-09T19:04:46.417+0000] {processor.py:840} INFO - DAG(s) 'example_nested_branch_dag' retrieved from /home/airflow/.local/lib/python3.8/site-packages/airflow/example_dags/example_nested_branch_dag.py
[2026-04-09T19:04:46.442+0000] {logging_mixin.py:188} INFO - [2026-04-09T19:04:46.442+0000] {dag.py:3036} INFO - Sync 1 DAGs
[2026-04-09T19:04:46.469+0000] {logging_mixin.py:188} INFO - [2026-04-09T19:04:46.469+0000] {dag.py:3823} INFO - Setting next_dagrun for example_nested_branch_dag to 2026-04-08 00:00:00+00:00, run_after=2026-04-09 00:00:00+00:00
[2026-04-09T19:04:46.493+0000] {processor.py:183} INFO - Processing /home/airflow/.local/lib/python3.8/site-packages/airflow/example_dags/example_nested_branch_dag.py took 0.095 seconds
[2026-04-09T19:05:17.263+0000] {processor.py:161} INFO - Started process (PID=15661) to work on /home/airflow/.local/lib/python3.8/site-packages/airflow/example_dags/example_nested_branch_dag.py
[2026-04-09T19:05:17.265+0000] {processor.py:830} INFO - Processing file /home/airflow/.local/lib/python3.8/site-packages/airflow/example_dags/example_nested_branch_dag.py for tasks to queue
[2026-04-09T19:05:17.269+0000] {logging_mixin.py:188} INFO - [2026-04-09T19:05:17.269+0000] {dagbag.py:538} INFO - Filling up the DagBag from /home/airflow/.local/lib/python3.8/site-packages/airflow/example_dags/example_nested_branch_dag.py
[2026-04-09T19:05:17.283+0000] {processor.py:840} INFO - DAG(s) 'example_nested_branch_dag' retrieved from /home/airflow/.local/lib/python3.8/site-packages/airflow/example_dags/example_nested_branch_dag.py
[2026-04-09T19:05:17.313+0000] {logging_mixin.py:188} INFO - [2026-04-09T19:05:17.313+0000] {dag.py:3036} INFO - Sync 1 DAGs
[2026-04-09T19:05:17.345+0000] {logging_mixin.py:188} INFO - [2026-04-09T19:05:17.344+0000] {dag.py:3823} INFO - Setting next_dagrun for example_nested_branch_dag to 2026-04-08 00:00:00+00:00, run_after=2026-04-09 00:00:00+00:00
[2026-04-09T19:05:17.374+0000] {processor.py:183} INFO - Processing /home/airflow/.local/lib/python3.8/site-packages/airflow/example_dags/example_nested_branch_dag.py took 0.116 seconds
[2026-04-09T19:05:47.990+0000] {processor.py:161} INFO - Started process (PID=15719) to work on /home/airflow/.local/lib/python3.8/site-packages/airflow/example_dags/example_nested_branch_dag.py
[2026-04-09T19:05:47.992+0000] {processor.py:830} INFO - Processing file /home/airflow/.local/lib/python3.8/site-packages/airflow/example_dags/example_nested_branch_dag.py for tasks to queue
[2026-04-09T19:05:47.996+0000] {logging_mixin.py:188} INFO - [2026-04-09T19:05:47.995+0000] {dagbag.py:538} INFO - Filling up the DagBag from /home/airflow/.local/lib/python3.8/site-packages/airflow/example_dags/example_nested_branch_dag.py
[2026-04-09T19:05:48.011+0000] {processor.py:840} INFO - DAG(s) 'example_nested_branch_dag' retrieved from /home/airflow/.local/lib/python3.8/site-packages/airflow/example_dags/example_nested_branch_dag.py
[2026-04-09T19:05:48.040+0000] {logging_mixin.py:188} INFO - [2026-04-09T19:05:48.040+0000] {dag.py:3036} INFO - Sync 1 DAGs
[2026-04-09T19:05:48.258+0000] {logging_mixin.py:188} INFO - [2026-04-09T19:05:48.258+0000] {dag.py:3823} INFO - Setting next_dagrun for example_nested_branch_dag to 2026-04-08 00:00:00+00:00, run_after=2026-04-09 00:00:00+00:00
[2026-04-09T19:05:48.296+0000] {processor.py:183} INFO - Processing /home/airflow/.local/lib/python3.8/site-packages/airflow/example_dags/example_nested_branch_dag.py took 0.310 seconds
[2026-04-09T19:06:18.934+0000] {processor.py:161} INFO - Started process (PID=15776) to work on /home/airflow/.local/lib/python3.8/site-packages/airflow/example_dags/example_nested_branch_dag.py
[2026-04-09T19:06:18.936+0000] {processor.py:830} INFO - Processing file /home/airflow/.local/lib/python3.8/site-packages/airflow/example_dags/example_nested_branch_dag.py for tasks to queue
[2026-04-09T19:06:18.940+0000] {logging_mixin.py:188} INFO - [2026-04-09T19:06:18.939+0000] {dagbag.py:538} INFO - Filling up the DagBag from /home/airflow/.local/lib/python3.8/site-packages/airflow/example_dags/example_nested_branch_dag.py
[2026-04-09T19:06:18.953+0000] {processor.py:840} INFO - DAG(s) 'example_nested_branch_dag' retrieved from /home/airflow/.local/lib/python3.8/site-packages/airflow/example_dags/example_nested_branch_dag.py
[2026-04-09T19:06:18.987+0000] {logging_mixin.py:188} INFO - [2026-04-09T19:06:18.986+0000] {dag.py:3036} INFO - Sync 1 DAGs
[2026-04-09T19:06:19.027+0000] {logging_mixin.py:188} INFO - [2026-04-09T19:06:19.026+0000] {dag.py:3823} INFO - Setting next_dagrun for example_nested_branch_dag to 2026-04-08 00:00:00+00:00, run_after=2026-04-09 00:00:00+00:00
[2026-04-09T19:06:19.060+0000] {processor.py:183} INFO - Processing /home/airflow/.local/lib/python3.8/site-packages/airflow/example_dags/example_nested_branch_dag.py took 0.132 seconds
[2026-04-09T19:06:49.281+0000] {processor.py:161} INFO - Started process (PID=15833) to work on /home/airflow/.local/lib/python3.8/site-packages/airflow/example_dags/example_nested_branch_dag.py
[2026-04-09T19:06:49.283+0000] {processor.py:830} INFO - Processing file /home/airflow/.local/lib/python3.8/site-packages/airflow/example_dags/example_nested_branch_dag.py for tasks to queue
[2026-04-09T19:06:49.285+0000] {logging_mixin.py:188} INFO - [2026-04-09T19:06:49.285+0000] {dagbag.py:538} INFO - Filling up the DagBag from /home/airflow/.local/lib/python3.8/site-packages/airflow/example_dags/example_nested_branch_dag.py
[2026-04-09T19:06:49.296+0000] {processor.py:840} INFO - DAG(s) 'example_nested_branch_dag' retrieved from /home/airflow/.local/lib/python3.8/site-packages/airflow/example_dags/example_nested_branch_dag.py
[2026-04-09T19:06:49.321+0000] {logging_mixin.py:188} INFO - [2026-04-09T19:06:49.320+0000] {dag.py:3036} INFO - Sync 1 DAGs
[2026-04-09T19:06:49.345+0000] {logging_mixin.py:188} INFO - [2026-04-09T19:06:49.344+0000] {dag.py:3823} INFO - Setting next_dagrun for example_nested_branch_dag to 2026-04-08 00:00:00+00:00, run_after=2026-04-09 00:00:00+00:00
[2026-04-09T19:06:49.374+0000] {processor.py:183} INFO - Processing /home/airflow/.local/lib/python3.8/site-packages/airflow/example_dags/example_nested_branch_dag.py took 0.097 seconds
[2026-04-09T19:07:19.499+0000] {processor.py:161} INFO - Started process (PID=15890) to work on /home/airflow/.local/lib/python3.8/site-packages/airflow/example_dags/example_nested_branch_dag.py
[2026-04-09T19:07:19.500+0000] {processor.py:830} INFO - Processing file /home/airflow/.local/lib/python3.8/site-packages/airflow/example_dags/example_nested_branch_dag.py for tasks to queue
[2026-04-09T19:07:19.503+0000] {logging_mixin.py:188} INFO - [2026-04-09T19:07:19.503+0000] {dagbag.py:538} INFO - Filling up the DagBag from /home/airflow/.local/lib/python3.8/site-packages/airflow/example_dags/example_nested_branch_dag.py
[2026-04-09T19:07:19.516+0000] {processor.py:840} INFO - DAG(s) 'example_nested_branch_dag' retrieved from /home/airflow/.local/lib/python3.8/site-packages/airflow/example_dags/example_nested_branch_dag.py
[2026-04-09T19:07:19.542+0000] {logging_mixin.py:188} INFO - [2026-04-09T19:07:19.542+0000] {dag.py:3036} INFO - Sync 1 DAGs
[2026-04-09T19:07:19.569+0000] {logging_mixin.py:188} INFO - [2026-04-09T19:07:19.569+0000] {dag.py:3823} INFO - Setting next_dagrun for example_nested_branch_dag to 2026-04-08 00:00:00+00:00, run_after=2026-04-09 00:00:00+00:00
[2026-04-09T19:07:19.601+0000] {processor.py:183} INFO - Processing /home/airflow/.local/lib/python3.8/site-packages/airflow/example_dags/example_nested_branch_dag.py took 0.106 seconds
[2026-04-09T19:07:49.830+0000] {processor.py:161} INFO - Started process (PID=15947) to work on /home/airflow/.local/lib/python3.8/site-packages/airflow/example_dags/example_nested_branch_dag.py
[2026-04-09T19:07:49.831+0000] {processor.py:830} INFO - Processing file /home/airflow/.local/lib/python3.8/site-packages/airflow/example_dags/example_nested_branch_dag.py for tasks to queue
[2026-04-09T19:07:49.833+0000] {logging_mixin.py:188} INFO - [2026-04-09T19:07:49.833+0000] {dagbag.py:538} INFO - Filling up the DagBag from /home/airflow/.local/lib/python3.8/site-packages/airflow/example_dags/example_nested_branch_dag.py
[2026-04-09T19:07:49.844+0000] {processor.py:840} INFO - DAG(s) 'example_nested_branch_dag' retrieved from /home/airflow/.local/lib/python3.8/site-packages/airflow/example_dags/example_nested_branch_dag.py
[2026-04-09T19:07:49.870+0000] {logging_mixin.py:188} INFO - [2026-04-09T19:07:49.870+0000] {dag.py:3036} INFO - Sync 1 DAGs
[2026-04-09T19:07:49.893+0000] {logging_mixin.py:188} INFO - [2026-04-09T19:07:49.893+0000] {dag.py:3823} INFO - Setting next_dagrun for example_nested_branch_dag to 2026-04-08 00:00:00+00:00, run_after=2026-04-09 00:00:00+00:00
[2026-04-09T19:07:49.919+0000] {processor.py:183} INFO - Processing /home/airflow/.local/lib/python3.8/site-packages/airflow/example_dags/example_nested_branch_dag.py took 0.094 seconds
[2026-04-09T19:08:20.957+0000] {processor.py:161} INFO - Started process (PID=16004) to work on /home/airflow/.local/lib/python3.8/site-packages/airflow/example_dags/example_nested_branch_dag.py
[2026-04-09T19:08:20.963+0000] {processor.py:830} INFO - Processing file /home/airflow/.local/lib/python3.8/site-packages/airflow/example_dags/example_nested_branch_dag.py for tasks to queue
[2026-04-09T19:08:20.968+0000] {logging_mixin.py:188} INFO - [2026-04-09T19:08:20.967+0000] {dagbag.py:538} INFO - Filling up the DagBag from /home/airflow/.local/lib/python3.8/site-packages/airflow/example_dags/example_nested_branch_dag.py
[2026-04-09T19:08:20.997+0000] {processor.py:840} INFO - DAG(s) 'example_nested_branch_dag' retrieved from /home/airflow/.local/lib/python3.8/site-packages/airflow/example_dags/example_nested_branch_dag.py
[2026-04-09T19:08:21.042+0000] {logging_mixin.py:188} INFO - [2026-04-09T19:08:21.042+0000] {dag.py:3036} INFO - Sync 1 DAGs
[2026-04-09T19:08:21.096+0000] {logging_mixin.py:188} INFO - [2026-04-09T19:08:21.096+0000] {dag.py:3823} INFO - Setting next_dagrun for example_nested_branch_dag to 2026-04-08 00:00:00+00:00, run_after=2026-04-09 00:00:00+00:00
[2026-04-09T19:08:21.138+0000] {processor.py:183} INFO - Processing /home/airflow/.local/lib/python3.8/site-packages/airflow/example_dags/example_nested_branch_dag.py took 0.189 seconds
[2026-04-09T19:08:51.448+0000] {processor.py:161} INFO - Started process (PID=16061) to work on /home/airflow/.local/lib/python3.8/site-packages/airflow/example_dags/example_nested_branch_dag.py
[2026-04-09T19:08:51.450+0000] {processor.py:830} INFO - Processing file /home/airflow/.local/lib/python3.8/site-packages/airflow/example_dags/example_nested_branch_dag.py for tasks to queue
[2026-04-09T19:08:51.453+0000] {logging_mixin.py:188} INFO - [2026-04-09T19:08:51.452+0000] {dagbag.py:538} INFO - Filling up the DagBag from /home/airflow/.local/lib/python3.8/site-packages/airflow/example_dags/example_nested_branch_dag.py
[2026-04-09T19:08:51.472+0000] {processor.py:840} INFO - DAG(s) 'example_nested_branch_dag' retrieved from /home/airflow/.local/lib/python3.8/site-packages/airflow/example_dags/example_nested_branch_dag.py
[2026-04-09T19:08:51.520+0000] {logging_mixin.py:188} INFO - [2026-04-09T19:08:51.520+0000] {dag.py:3036} INFO - Sync 1 DAGs
[2026-04-09T19:08:51.564+0000] {logging_mixin.py:188} INFO - [2026-04-09T19:08:51.564+0000] {dag.py:3823} INFO - Setting next_dagrun for example_nested_branch_dag to 2026-04-08 00:00:00+00:00, run_after=2026-04-09 00:00:00+00:00
[2026-04-09T19:08:51.604+0000] {processor.py:183} INFO - Processing /home/airflow/.local/lib/python3.8/site-packages/airflow/example_dags/example_nested_branch_dag.py took 0.162 seconds
[2026-04-09T19:09:21.739+0000] {processor.py:161} INFO - Started process (PID=16117) to work on /home/airflow/.local/lib/python3.8/site-packages/airflow/example_dags/example_nested_branch_dag.py
[2026-04-09T19:09:21.742+0000] {processor.py:830} INFO - Processing file /home/airflow/.local/lib/python3.8/site-packages/airflow/example_dags/example_nested_branch_dag.py for tasks to queue
[2026-04-09T19:09:21.748+0000] {logging_mixin.py:188} INFO - [2026-04-09T19:09:21.747+0000] {dagbag.py:538} INFO - Filling up the DagBag from /home/airflow/.local/lib/python3.8/site-packages/airflow/example_dags/example_nested_branch_dag.py
[2026-04-09T19:09:21.781+0000] {processor.py:840} INFO - DAG(s) 'example_nested_branch_dag' retrieved from /home/airflow/.local/lib/python3.8/site-packages/airflow/example_dags/example_nested_branch_dag.py
[2026-04-09T19:09:21.842+0000] {logging_mixin.py:188} INFO - [2026-04-09T19:09:21.841+0000] {dag.py:3036} INFO - Sync 1 DAGs
[2026-04-09T19:09:21.908+0000] {logging_mixin.py:188} INFO - [2026-04-09T19:09:21.907+0000] {dag.py:3823} INFO - Setting next_dagrun for example_nested_branch_dag to 2026-04-08 00:00:00+00:00, run_after=2026-04-09 00:00:00+00:00
[2026-04-09T19:09:21.966+0000] {processor.py:183} INFO - Processing /home/airflow/.local/lib/python3.8/site-packages/airflow/example_dags/example_nested_branch_dag.py took 0.237 seconds
[2026-04-09T19:09:52.046+0000] {processor.py:161} INFO - Started process (PID=16171) to work on /home/airflow/.local/lib/python3.8/site-packages/airflow/example_dags/example_nested_branch_dag.py
[2026-04-09T19:09:52.049+0000] {processor.py:830} INFO - Processing file /home/airflow/.local/lib/python3.8/site-packages/airflow/example_dags/example_nested_branch_dag.py for tasks to queue
[2026-04-09T19:09:52.054+0000] {logging_mixin.py:188} INFO - [2026-04-09T19:09:52.053+0000] {dagbag.py:538} INFO - Filling up the DagBag from /home/airflow/.local/lib/python3.8/site-packages/airflow/example_dags/example_nested_branch_dag.py
[2026-04-09T19:09:52.086+0000] {processor.py:840} INFO - DAG(s) 'example_nested_branch_dag' retrieved from /home/airflow/.local/lib/python3.8/site-packages/airflow/example_dags/example_nested_branch_dag.py
[2026-04-09T19:09:52.136+0000] {logging_mixin.py:188} INFO - [2026-04-09T19:09:52.135+0000] {dag.py:3036} INFO - Sync 1 DAGs
[2026-04-09T19:09:52.175+0000] {logging_mixin.py:188} INFO - [2026-04-09T19:09:52.174+0000] {dag.py:3823} INFO - Setting next_dagrun for example_nested_branch_dag to 2026-04-08 00:00:00+00:00, run_after=2026-04-09 00:00:00+00:00
[2026-04-09T19:09:52.208+0000] {processor.py:183} INFO - Processing /home/airflow/.local/lib/python3.8/site-packages/airflow/example_dags/example_nested_branch_dag.py took 0.173 seconds
[2026-04-09T19:10:23.096+0000] {processor.py:161} INFO - Started process (PID=16228) to work on /home/airflow/.local/lib/python3.8/site-packages/airflow/example_dags/example_nested_branch_dag.py
[2026-04-09T19:10:23.099+0000] {processor.py:830} INFO - Processing file /home/airflow/.local/lib/python3.8/site-packages/airflow/example_dags/example_nested_branch_dag.py for tasks to queue
[2026-04-09T19:10:23.103+0000] {logging_mixin.py:188} INFO - [2026-04-09T19:10:23.102+0000] {dagbag.py:538} INFO - Filling up the DagBag from /home/airflow/.local/lib/python3.8/site-packages/airflow/example_dags/example_nested_branch_dag.py
[2026-04-09T19:10:23.126+0000] {processor.py:840} INFO - DAG(s) 'example_nested_branch_dag' retrieved from /home/airflow/.local/lib/python3.8/site-packages/airflow/example_dags/example_nested_branch_dag.py
[2026-04-09T19:10:23.169+0000] {logging_mixin.py:188} INFO - [2026-04-09T19:10:23.169+0000] {dag.py:3036} INFO - Sync 1 DAGs
[2026-04-09T19:10:23.208+0000] {logging_mixin.py:188} INFO - [2026-04-09T19:10:23.207+0000] {dag.py:3823} INFO - Setting next_dagrun for example_nested_branch_dag to 2026-04-08 00:00:00+00:00, run_after=2026-04-09 00:00:00+00:00
[2026-04-09T19:10:23.245+0000] {processor.py:183} INFO - Processing /home/airflow/.local/lib/python3.8/site-packages/airflow/example_dags/example_nested_branch_dag.py took 0.159 seconds
[2026-04-09T19:10:53.755+0000] {processor.py:161} INFO - Started process (PID=16284) to work on /home/airflow/.local/lib/python3.8/site-packages/airflow/example_dags/example_nested_branch_dag.py
[2026-04-09T19:10:53.759+0000] {processor.py:830} INFO - Processing file /home/airflow/.local/lib/python3.8/site-packages/airflow/example_dags/example_nested_branch_dag.py for tasks to queue
[2026-04-09T19:10:53.766+0000] {logging_mixin.py:188} INFO - [2026-04-09T19:10:53.765+0000] {dagbag.py:538} INFO - Filling up the DagBag from /home/airflow/.local/lib/python3.8/site-packages/airflow/example_dags/example_nested_branch_dag.py
[2026-04-09T19:10:53.787+0000] {processor.py:840} INFO - DAG(s) 'example_nested_branch_dag' retrieved from /home/airflow/.local/lib/python3.8/site-packages/airflow/example_dags/example_nested_branch_dag.py
[2026-04-09T19:10:53.835+0000] {logging_mixin.py:188} INFO - [2026-04-09T19:10:53.835+0000] {dag.py:3036} INFO - Sync 1 DAGs
[2026-04-09T19:10:53.883+0000] {logging_mixin.py:188} INFO - [2026-04-09T19:10:53.883+0000] {dag.py:3823} INFO - Setting next_dagrun for example_nested_branch_dag to 2026-04-08 00:00:00+00:00, run_after=2026-04-09 00:00:00+00:00
[2026-04-09T19:10:53.921+0000] {processor.py:183} INFO - Processing /home/airflow/.local/lib/python3.8/site-packages/airflow/example_dags/example_nested_branch_dag.py took 0.175 seconds
[2026-04-09T19:11:24.163+0000] {processor.py:161} INFO - Started process (PID=16340) to work on /home/airflow/.local/lib/python3.8/site-packages/airflow/example_dags/example_nested_branch_dag.py
[2026-04-09T19:11:24.164+0000] {processor.py:830} INFO - Processing file /home/airflow/.local/lib/python3.8/site-packages/airflow/example_dags/example_nested_branch_dag.py for tasks to queue
[2026-04-09T19:11:24.169+0000] {logging_mixin.py:188} INFO - [2026-04-09T19:11:24.168+0000] {dagbag.py:538} INFO - Filling up the DagBag from /home/airflow/.local/lib/python3.8/site-packages/airflow/example_dags/example_nested_branch_dag.py
[2026-04-09T19:11:24.192+0000] {processor.py:840} INFO - DAG(s) 'example_nested_branch_dag' retrieved from /home/airflow/.local/lib/python3.8/site-packages/airflow/example_dags/example_nested_branch_dag.py
[2026-04-09T19:11:24.230+0000] {logging_mixin.py:188} INFO - [2026-04-09T19:11:24.230+0000] {dag.py:3036} INFO - Sync 1 DAGs
[2026-04-09T19:11:24.262+0000] {logging_mixin.py:188} INFO - [2026-04-09T19:11:24.262+0000] {dag.py:3823} INFO - Setting next_dagrun for example_nested_branch_dag to 2026-04-08 00:00:00+00:00, run_after=2026-04-09 00:00:00+00:00
[2026-04-09T19:11:24.296+0000] {processor.py:183} INFO - Processing /home/airflow/.local/lib/python3.8/site-packages/airflow/example_dags/example_nested_branch_dag.py took 0.142 seconds
[2026-04-09T19:11:54.495+0000] {processor.py:161} INFO - Started process (PID=16396) to work on /home/airflow/.local/lib/python3.8/site-packages/airflow/example_dags/example_nested_branch_dag.py
[2026-04-09T19:11:54.500+0000] {processor.py:830} INFO - Processing file /home/airflow/.local/lib/python3.8/site-packages/airflow/example_dags/example_nested_branch_dag.py for tasks to queue
[2026-04-09T19:11:54.504+0000] {logging_mixin.py:188} INFO - [2026-04-09T19:11:54.504+0000] {dagbag.py:538} INFO - Filling up the DagBag from /home/airflow/.local/lib/python3.8/site-packages/airflow/example_dags/example_nested_branch_dag.py
[2026-04-09T19:11:54.523+0000] {processor.py:840} INFO - DAG(s) 'example_nested_branch_dag' retrieved from /home/airflow/.local/lib/python3.8/site-packages/airflow/example_dags/example_nested_branch_dag.py
[2026-04-09T19:11:54.571+0000] {logging_mixin.py:188} INFO - [2026-04-09T19:11:54.570+0000] {dag.py:3036} INFO - Sync 1 DAGs
[2026-04-09T19:11:54.625+0000] {logging_mixin.py:188} INFO - [2026-04-09T19:11:54.624+0000] {dag.py:3823} INFO - Setting next_dagrun for example_nested_branch_dag to 2026-04-08 00:00:00+00:00, run_after=2026-04-09 00:00:00+00:00
[2026-04-09T19:11:54.677+0000] {processor.py:183} INFO - Processing /home/airflow/.local/lib/python3.8/site-packages/airflow/example_dags/example_nested_branch_dag.py took 0.188 seconds
[2026-04-09T19:12:24.747+0000] {processor.py:161} INFO - Started process (PID=16453) to work on /home/airflow/.local/lib/python3.8/site-packages/airflow/example_dags/example_nested_branch_dag.py
[2026-04-09T19:12:24.749+0000] {processor.py:830} INFO - Processing file /home/airflow/.local/lib/python3.8/site-packages/airflow/example_dags/example_nested_branch_dag.py for tasks to queue
[2026-04-09T19:12:24.752+0000] {logging_mixin.py:188} INFO - [2026-04-09T19:12:24.752+0000] {dagbag.py:538} INFO - Filling up the DagBag from /home/airflow/.local/lib/python3.8/site-packages/airflow/example_dags/example_nested_branch_dag.py
[2026-04-09T19:12:24.776+0000] {processor.py:840} INFO - DAG(s) 'example_nested_branch_dag' retrieved from /home/airflow/.local/lib/python3.8/site-packages/airflow/example_dags/example_nested_branch_dag.py
[2026-04-09T19:12:24.815+0000] {logging_mixin.py:188} INFO - [2026-04-09T19:12:24.815+0000] {dag.py:3036} INFO - Sync 1 DAGs
[2026-04-09T19:12:24.849+0000] {logging_mixin.py:188} INFO - [2026-04-09T19:12:24.848+0000] {dag.py:3823} INFO - Setting next_dagrun for example_nested_branch_dag to 2026-04-08 00:00:00+00:00, run_after=2026-04-09 00:00:00+00:00
[2026-04-09T19:12:24.895+0000] {processor.py:183} INFO - Processing /home/airflow/.local/lib/python3.8/site-packages/airflow/example_dags/example_nested_branch_dag.py took 0.155 seconds
[2026-04-09T19:12:55.622+0000] {processor.py:161} INFO - Started process (PID=16510) to work on /home/airflow/.local/lib/python3.8/site-packages/airflow/example_dags/example_nested_branch_dag.py
[2026-04-09T19:12:55.626+0000] {processor.py:830} INFO - Processing file /home/airflow/.local/lib/python3.8/site-packages/airflow/example_dags/example_nested_branch_dag.py for tasks to queue
[2026-04-09T19:12:55.630+0000] {logging_mixin.py:188} INFO - [2026-04-09T19:12:55.630+0000] {dagbag.py:538} INFO - Filling up the DagBag from /home/airflow/.local/lib/python3.8/site-packages/airflow/example_dags/example_nested_branch_dag.py
[2026-04-09T19:12:55.647+0000] {processor.py:840} INFO - DAG(s) 'example_nested_branch_dag' retrieved from /home/airflow/.local/lib/python3.8/site-packages/airflow/example_dags/example_nested_branch_dag.py
[2026-04-09T19:12:55.692+0000] {logging_mixin.py:188} INFO - [2026-04-09T19:12:55.691+0000] {dag.py:3036} INFO - Sync 1 DAGs
[2026-04-09T19:12:55.742+0000] {logging_mixin.py:188} INFO - [2026-04-09T19:12:55.742+0000] {dag.py:3823} INFO - Setting next_dagrun for example_nested_branch_dag to 2026-04-08 00:00:00+00:00, run_after=2026-04-09 00:00:00+00:00
[2026-04-09T19:12:55.771+0000] {processor.py:183} INFO - Processing /home/airflow/.local/lib/python3.8/site-packages/airflow/example_dags/example_nested_branch_dag.py took 0.156 seconds
[2026-04-09T19:13:25.938+0000] {processor.py:161} INFO - Started process (PID=16565) to work on /home/airflow/.local/lib/python3.8/site-packages/airflow/example_dags/example_nested_branch_dag.py
[2026-04-09T19:13:25.940+0000] {processor.py:830} INFO - Processing file /home/airflow/.local/lib/python3.8/site-packages/airflow/example_dags/example_nested_branch_dag.py for tasks to queue
[2026-04-09T19:13:25.944+0000] {logging_mixin.py:188} INFO - [2026-04-09T19:13:25.944+0000] {dagbag.py:538} INFO - Filling up the DagBag from /home/airflow/.local/lib/python3.8/site-packages/airflow/example_dags/example_nested_branch_dag.py
[2026-04-09T19:13:25.963+0000] {processor.py:840} INFO - DAG(s) 'example_nested_branch_dag' retrieved from /home/airflow/.local/lib/python3.8/site-packages/airflow/example_dags/example_nested_branch_dag.py
[2026-04-09T19:13:25.998+0000] {logging_mixin.py:188} INFO - [2026-04-09T19:13:25.998+0000] {dag.py:3036} INFO - Sync 1 DAGs
[2026-04-09T19:13:26.038+0000] {logging_mixin.py:188} INFO - [2026-04-09T19:13:26.037+0000] {dag.py:3823} INFO - Setting next_dagrun for example_nested_branch_dag to 2026-04-08 00:00:00+00:00, run_after=2026-04-09 00:00:00+00:00
[2026-04-09T19:13:26.068+0000] {processor.py:183} INFO - Processing /home/airflow/.local/lib/python3.8/site-packages/airflow/example_dags/example_nested_branch_dag.py took 0.137 seconds
[2026-04-09T19:13:56.231+0000] {processor.py:161} INFO - Started process (PID=16618) to work on /home/airflow/.local/lib/python3.8/site-packages/airflow/example_dags/example_nested_branch_dag.py
[2026-04-09T19:13:56.234+0000] {processor.py:830} INFO - Processing file /home/airflow/.local/lib/python3.8/site-packages/airflow/example_dags/example_nested_branch_dag.py for tasks to queue
[2026-04-09T19:13:56.240+0000] {logging_mixin.py:188} INFO - [2026-04-09T19:13:56.239+0000] {dagbag.py:538} INFO - Filling up the DagBag from /home/airflow/.local/lib/python3.8/site-packages/airflow/example_dags/example_nested_branch_dag.py
[2026-04-09T19:13:56.260+0000] {processor.py:840} INFO - DAG(s) 'example_nested_branch_dag' retrieved from /home/airflow/.local/lib/python3.8/site-packages/airflow/example_dags/example_nested_branch_dag.py
[2026-04-09T19:13:56.303+0000] {logging_mixin.py:188} INFO - [2026-04-09T19:13:56.302+0000] {dag.py:3036} INFO - Sync 1 DAGs
[2026-04-09T19:13:56.349+0000] {logging_mixin.py:188} INFO - [2026-04-09T19:13:56.348+0000] {dag.py:3823} INFO - Setting next_dagrun for example_nested_branch_dag to 2026-04-08 00:00:00+00:00, run_after=2026-04-09 00:00:00+00:00
[2026-04-09T19:13:56.383+0000] {processor.py:183} INFO - Processing /home/airflow/.local/lib/python3.8/site-packages/airflow/example_dags/example_nested_branch_dag.py took 0.162 seconds
[2026-04-09T19:14:26.710+0000] {processor.py:161} INFO - Started process (PID=16675) to work on /home/airflow/.local/lib/python3.8/site-packages/airflow/example_dags/example_nested_branch_dag.py
[2026-04-09T19:14:26.712+0000] {processor.py:830} INFO - Processing file /home/airflow/.local/lib/python3.8/site-packages/airflow/example_dags/example_nested_branch_dag.py for tasks to queue
[2026-04-09T19:14:26.716+0000] {logging_mixin.py:188} INFO - [2026-04-09T19:14:26.715+0000] {dagbag.py:538} INFO - Filling up the DagBag from /home/airflow/.local/lib/python3.8/site-packages/airflow/example_dags/example_nested_branch_dag.py
[2026-04-09T19:14:26.738+0000] {processor.py:840} INFO - DAG(s) 'example_nested_branch_dag' retrieved from /home/airflow/.local/lib/python3.8/site-packages/airflow/example_dags/example_nested_branch_dag.py
[2026-04-09T19:14:26.789+0000] {logging_mixin.py:188} INFO - [2026-04-09T19:14:26.788+0000] {dag.py:3036} INFO - Sync 1 DAGs
[2026-04-09T19:14:26.827+0000] {logging_mixin.py:188} INFO - [2026-04-09T19:14:26.827+0000] {dag.py:3823} INFO - Setting next_dagrun for example_nested_branch_dag to 2026-04-08 00:00:00+00:00, run_after=2026-04-09 00:00:00+00:00
[2026-04-09T19:14:26.859+0000] {processor.py:183} INFO - Processing /home/airflow/.local/lib/python3.8/site-packages/airflow/example_dags/example_nested_branch_dag.py took 0.156 seconds
[2026-04-09T19:14:56.955+0000] {processor.py:161} INFO - Started process (PID=16733) to work on /home/airflow/.local/lib/python3.8/site-packages/airflow/example_dags/example_nested_branch_dag.py
[2026-04-09T19:14:56.957+0000] {processor.py:830} INFO - Processing file /home/airflow/.local/lib/python3.8/site-packages/airflow/example_dags/example_nested_branch_dag.py for tasks to queue
[2026-04-09T19:14:56.961+0000] {logging_mixin.py:188} INFO - [2026-04-09T19:14:56.960+0000] {dagbag.py:538} INFO - Filling up the DagBag from /home/airflow/.local/lib/python3.8/site-packages/airflow/example_dags/example_nested_branch_dag.py
[2026-04-09T19:14:56.979+0000] {processor.py:840} INFO - DAG(s) 'example_nested_branch_dag' retrieved from /home/airflow/.local/lib/python3.8/site-packages/airflow/example_dags/example_nested_branch_dag.py
[2026-04-09T19:14:57.031+0000] {logging_mixin.py:188} INFO - [2026-04-09T19:14:57.030+0000] {dag.py:3036} INFO - Sync 1 DAGs
[2026-04-09T19:14:57.095+0000] {logging_mixin.py:188} INFO - [2026-04-09T19:14:57.094+0000] {dag.py:3823} INFO - Setting next_dagrun for example_nested_branch_dag to 2026-04-08 00:00:00+00:00, run_after=2026-04-09 00:00:00+00:00
[2026-04-09T19:14:57.143+0000] {processor.py:183} INFO - Processing /home/airflow/.local/lib/python3.8/site-packages/airflow/example_dags/example_nested_branch_dag.py took 0.193 seconds
[2026-04-09T19:15:27.623+0000] {processor.py:161} INFO - Started process (PID=16790) to work on /home/airflow/.local/lib/python3.8/site-packages/airflow/example_dags/example_nested_branch_dag.py
[2026-04-09T19:15:27.627+0000] {processor.py:830} INFO - Processing file /home/airflow/.local/lib/python3.8/site-packages/airflow/example_dags/example_nested_branch_dag.py for tasks to queue
[2026-04-09T19:15:27.633+0000] {logging_mixin.py:188} INFO - [2026-04-09T19:15:27.632+0000] {dagbag.py:538} INFO - Filling up the DagBag from /home/airflow/.local/lib/python3.8/site-packages/airflow/example_dags/example_nested_branch_dag.py
[2026-04-09T19:15:27.683+0000] {processor.py:840} INFO - DAG(s) 'example_nested_branch_dag' retrieved from /home/airflow/.local/lib/python3.8/site-packages/airflow/example_dags/example_nested_branch_dag.py
[2026-04-09T19:15:27.739+0000] {logging_mixin.py:188} INFO - [2026-04-09T19:15:27.738+0000] {dag.py:3036} INFO - Sync 1 DAGs
[2026-04-09T19:15:27.785+0000] {logging_mixin.py:188} INFO - [2026-04-09T19:15:27.784+0000] {dag.py:3823} INFO - Setting next_dagrun for example_nested_branch_dag to 2026-04-08 00:00:00+00:00, run_after=2026-04-09 00:00:00+00:00
[2026-04-09T19:15:27.826+0000] {processor.py:183} INFO - Processing /home/airflow/.local/lib/python3.8/site-packages/airflow/example_dags/example_nested_branch_dag.py took 0.215 seconds
[2026-04-09T19:15:58.334+0000] {processor.py:161} INFO - Started process (PID=16847) to work on /home/airflow/.local/lib/python3.8/site-packages/airflow/example_dags/example_nested_branch_dag.py
[2026-04-09T19:15:58.339+0000] {processor.py:830} INFO - Processing file /home/airflow/.local/lib/python3.8/site-packages/airflow/example_dags/example_nested_branch_dag.py for tasks to queue
[2026-04-09T19:15:58.344+0000] {logging_mixin.py:188} INFO - [2026-04-09T19:15:58.343+0000] {dagbag.py:538} INFO - Filling up the DagBag from /home/airflow/.local/lib/python3.8/site-packages/airflow/example_dags/example_nested_branch_dag.py
[2026-04-09T19:15:58.378+0000] {processor.py:840} INFO - DAG(s) 'example_nested_branch_dag' retrieved from /home/airflow/.local/lib/python3.8/site-packages/airflow/example_dags/example_nested_branch_dag.py
[2026-04-09T19:15:58.443+0000] {logging_mixin.py:188} INFO - [2026-04-09T19:15:58.443+0000] {dag.py:3036} INFO - Sync 1 DAGs
[2026-04-09T19:15:58.515+0000] {logging_mixin.py:188} INFO - [2026-04-09T19:15:58.515+0000] {dag.py:3823} INFO - Setting next_dagrun for example_nested_branch_dag to 2026-04-08 00:00:00+00:00, run_after=2026-04-09 00:00:00+00:00
[2026-04-09T19:15:58.573+0000] {processor.py:183} INFO - Processing /home/airflow/.local/lib/python3.8/site-packages/airflow/example_dags/example_nested_branch_dag.py took 0.248 seconds
[2026-04-09T19:16:29.053+0000] {processor.py:161} INFO - Started process (PID=16903) to work on /home/airflow/.local/lib/python3.8/site-packages/airflow/example_dags/example_nested_branch_dag.py
[2026-04-09T19:16:29.055+0000] {processor.py:830} INFO - Processing file /home/airflow/.local/lib/python3.8/site-packages/airflow/example_dags/example_nested_branch_dag.py for tasks to queue
[2026-04-09T19:16:29.059+0000] {logging_mixin.py:188} INFO - [2026-04-09T19:16:29.059+0000] {dagbag.py:538} INFO - Filling up the DagBag from /home/airflow/.local/lib/python3.8/site-packages/airflow/example_dags/example_nested_branch_dag.py
[2026-04-09T19:16:29.075+0000] {processor.py:840} INFO - DAG(s) 'example_nested_branch_dag' retrieved from /home/airflow/.local/lib/python3.8/site-packages/airflow/example_dags/example_nested_branch_dag.py
[2026-04-09T19:16:29.112+0000] {logging_mixin.py:188} INFO - [2026-04-09T19:16:29.111+0000] {dag.py:3036} INFO - Sync 1 DAGs
[2026-04-09T19:16:29.147+0000] {logging_mixin.py:188} INFO - [2026-04-09T19:16:29.146+0000] {dag.py:3823} INFO - Setting next_dagrun for example_nested_branch_dag to 2026-04-08 00:00:00+00:00, run_after=2026-04-09 00:00:00+00:00
[2026-04-09T19:16:29.275+0000] {processor.py:183} INFO - Processing /home/airflow/.local/lib/python3.8/site-packages/airflow/example_dags/example_nested_branch_dag.py took 0.229 seconds
[2026-04-09T19:16:59.682+0000] {processor.py:161} INFO - Started process (PID=16961) to work on /home/airflow/.local/lib/python3.8/site-packages/airflow/example_dags/example_nested_branch_dag.py
[2026-04-09T19:16:59.686+0000] {processor.py:830} INFO - Processing file /home/airflow/.local/lib/python3.8/site-packages/airflow/example_dags/example_nested_branch_dag.py for tasks to queue
[2026-04-09T19:16:59.689+0000] {logging_mixin.py:188} INFO - [2026-04-09T19:16:59.689+0000] {dagbag.py:538} INFO - Filling up the DagBag from /home/airflow/.local/lib/python3.8/site-packages/airflow/example_dags/example_nested_branch_dag.py
[2026-04-09T19:16:59.706+0000] {processor.py:840} INFO - DAG(s) 'example_nested_branch_dag' retrieved from /home/airflow/.local/lib/python3.8/site-packages/airflow/example_dags/example_nested_branch_dag.py
[2026-04-09T19:16:59.768+0000] {logging_mixin.py:188} INFO - [2026-04-09T19:16:59.767+0000] {dag.py:3036} INFO - Sync 1 DAGs
[2026-04-09T19:16:59.834+0000] {logging_mixin.py:188} INFO - [2026-04-09T19:16:59.833+0000] {dag.py:3823} INFO - Setting next_dagrun for example_nested_branch_dag to 2026-04-08 00:00:00+00:00, run_after=2026-04-09 00:00:00+00:00
[2026-04-09T19:16:59.886+0000] {processor.py:183} INFO - Processing /home/airflow/.local/lib/python3.8/site-packages/airflow/example_dags/example_nested_branch_dag.py took 0.209 seconds
[2026-04-09T19:17:30.949+0000] {processor.py:161} INFO - Started process (PID=17018) to work on /home/airflow/.local/lib/python3.8/site-packages/airflow/example_dags/example_nested_branch_dag.py
[2026-04-09T19:17:30.951+0000] {processor.py:830} INFO - Processing file /home/airflow/.local/lib/python3.8/site-packages/airflow/example_dags/example_nested_branch_dag.py for tasks to queue
[2026-04-09T19:17:30.954+0000] {logging_mixin.py:188} INFO - [2026-04-09T19:17:30.954+0000] {dagbag.py:538} INFO - Filling up the DagBag from /home/airflow/.local/lib/python3.8/site-packages/airflow/example_dags/example_nested_branch_dag.py
[2026-04-09T19:17:30.970+0000] {processor.py:840} INFO - DAG(s) 'example_nested_branch_dag' retrieved from /home/airflow/.local/lib/python3.8/site-packages/airflow/example_dags/example_nested_branch_dag.py
[2026-04-09T19:17:31.005+0000] {logging_mixin.py:188} INFO - [2026-04-09T19:17:31.005+0000] {dag.py:3036} INFO - Sync 1 DAGs
[2026-04-09T19:17:31.039+0000] {logging_mixin.py:188} INFO - [2026-04-09T19:17:31.039+0000] {dag.py:3823} INFO - Setting next_dagrun for example_nested_branch_dag to 2026-04-08 00:00:00+00:00, run_after=2026-04-09 00:00:00+00:00
[2026-04-09T19:17:31.069+0000] {processor.py:183} INFO - Processing /home/airflow/.local/lib/python3.8/site-packages/airflow/example_dags/example_nested_branch_dag.py took 0.126 seconds
[2026-04-09T19:18:01.437+0000] {processor.py:161} INFO - Started process (PID=17076) to work on /home/airflow/.local/lib/python3.8/site-packages/airflow/example_dags/example_nested_branch_dag.py
[2026-04-09T19:18:01.441+0000] {processor.py:830} INFO - Processing file /home/airflow/.local/lib/python3.8/site-packages/airflow/example_dags/example_nested_branch_dag.py for tasks to queue
[2026-04-09T19:18:01.449+0000] {logging_mixin.py:188} INFO - [2026-04-09T19:18:01.447+0000] {dagbag.py:538} INFO - Filling up the DagBag from /home/airflow/.local/lib/python3.8/site-packages/airflow/example_dags/example_nested_branch_dag.py
[2026-04-09T19:18:01.485+0000] {processor.py:840} INFO - DAG(s) 'example_nested_branch_dag' retrieved from /home/airflow/.local/lib/python3.8/site-packages/airflow/example_dags/example_nested_branch_dag.py
[2026-04-09T19:18:01.542+0000] {logging_mixin.py:188} INFO - [2026-04-09T19:18:01.541+0000] {dag.py:3036} INFO - Sync 1 DAGs
[2026-04-09T19:18:01.575+0000] {logging_mixin.py:188} INFO - [2026-04-09T19:18:01.575+0000] {dag.py:3823} INFO - Setting next_dagrun for example_nested_branch_dag to 2026-04-08 00:00:00+00:00, run_after=2026-04-09 00:00:00+00:00
[2026-04-09T19:18:01.622+0000] {processor.py:183} INFO - Processing /home/airflow/.local/lib/python3.8/site-packages/airflow/example_dags/example_nested_branch_dag.py took 0.200 seconds
[2026-04-09T19:18:32.001+0000] {processor.py:161} INFO - Started process (PID=17133) to work on /home/airflow/.local/lib/python3.8/site-packages/airflow/example_dags/example_nested_branch_dag.py
[2026-04-09T19:18:32.003+0000] {processor.py:830} INFO - Processing file /home/airflow/.local/lib/python3.8/site-packages/airflow/example_dags/example_nested_branch_dag.py for tasks to queue
[2026-04-09T19:18:32.007+0000] {logging_mixin.py:188} INFO - [2026-04-09T19:18:32.007+0000] {dagbag.py:538} INFO - Filling up the DagBag from /home/airflow/.local/lib/python3.8/site-packages/airflow/example_dags/example_nested_branch_dag.py
[2026-04-09T19:18:32.027+0000] {processor.py:840} INFO - DAG(s) 'example_nested_branch_dag' retrieved from /home/airflow/.local/lib/python3.8/site-packages/airflow/example_dags/example_nested_branch_dag.py
[2026-04-09T19:18:32.072+0000] {logging_mixin.py:188} INFO - [2026-04-09T19:18:32.071+0000] {dag.py:3036} INFO - Sync 1 DAGs
[2026-04-09T19:18:32.141+0000] {logging_mixin.py:188} INFO - [2026-04-09T19:18:32.140+0000] {dag.py:3823} INFO - Setting next_dagrun for example_nested_branch_dag to 2026-04-08 00:00:00+00:00, run_after=2026-04-09 00:00:00+00:00
[2026-04-09T19:18:32.184+0000] {processor.py:183} INFO - Processing /home/airflow/.local/lib/python3.8/site-packages/airflow/example_dags/example_nested_branch_dag.py took 0.192 seconds
[2026-04-09T19:19:03.232+0000] {processor.py:161} INFO - Started process (PID=17191) to work on /home/airflow/.local/lib/python3.8/site-packages/airflow/example_dags/example_nested_branch_dag.py
[2026-04-09T19:19:03.236+0000] {processor.py:830} INFO - Processing file /home/airflow/.local/lib/python3.8/site-packages/airflow/example_dags/example_nested_branch_dag.py for tasks to queue
[2026-04-09T19:19:03.242+0000] {logging_mixin.py:188} INFO - [2026-04-09T19:19:03.241+0000] {dagbag.py:538} INFO - Filling up the DagBag from /home/airflow/.local/lib/python3.8/site-packages/airflow/example_dags/example_nested_branch_dag.py
[2026-04-09T19:19:03.274+0000] {processor.py:840} INFO - DAG(s) 'example_nested_branch_dag' retrieved from /home/airflow/.local/lib/python3.8/site-packages/airflow/example_dags/example_nested_branch_dag.py
[2026-04-09T19:19:03.321+0000] {logging_mixin.py:188} INFO - [2026-04-09T19:19:03.321+0000] {dag.py:3036} INFO - Sync 1 DAGs
[2026-04-09T19:19:03.362+0000] {logging_mixin.py:188} INFO - [2026-04-09T19:19:03.361+0000] {dag.py:3823} INFO - Setting next_dagrun for example_nested_branch_dag to 2026-04-08 00:00:00+00:00, run_after=2026-04-09 00:00:00+00:00
[2026-04-09T19:19:03.402+0000] {processor.py:183} INFO - Processing /home/airflow/.local/lib/python3.8/site-packages/airflow/example_dags/example_nested_branch_dag.py took 0.179 seconds
[2026-04-09T19:19:33.474+0000] {processor.py:161} INFO - Started process (PID=17248) to work on /home/airflow/.local/lib/python3.8/site-packages/airflow/example_dags/example_nested_branch_dag.py
[2026-04-09T19:19:33.477+0000] {processor.py:830} INFO - Processing file /home/airflow/.local/lib/python3.8/site-packages/airflow/example_dags/example_nested_branch_dag.py for tasks to queue
[2026-04-09T19:19:33.483+0000] {logging_mixin.py:188} INFO - [2026-04-09T19:19:33.482+0000] {dagbag.py:538} INFO - Filling up the DagBag from /home/airflow/.local/lib/python3.8/site-packages/airflow/example_dags/example_nested_branch_dag.py
[2026-04-09T19:19:33.514+0000] {processor.py:840} INFO - DAG(s) 'example_nested_branch_dag' retrieved from /home/airflow/.local/lib/python3.8/site-packages/airflow/example_dags/example_nested_branch_dag.py
[2026-04-09T19:19:33.566+0000] {logging_mixin.py:188} INFO - [2026-04-09T19:19:33.566+0000] {dag.py:3036} INFO - Sync 1 DAGs
[2026-04-09T19:19:33.614+0000] {logging_mixin.py:188} INFO - [2026-04-09T19:19:33.613+0000] {dag.py:3823} INFO - Setting next_dagrun for example_nested_branch_dag to 2026-04-08 00:00:00+00:00, run_after=2026-04-09 00:00:00+00:00
[2026-04-09T19:19:33.654+0000] {processor.py:183} INFO - Processing /home/airflow/.local/lib/python3.8/site-packages/airflow/example_dags/example_nested_branch_dag.py took 0.187 seconds
[2026-04-09T19:20:03.932+0000] {processor.py:161} INFO - Started process (PID=17303) to work on /home/airflow/.local/lib/python3.8/site-packages/airflow/example_dags/example_nested_branch_dag.py
[2026-04-09T19:20:03.933+0000] {processor.py:830} INFO - Processing file /home/airflow/.local/lib/python3.8/site-packages/airflow/example_dags/example_nested_branch_dag.py for tasks to queue
[2026-04-09T19:20:03.936+0000] {logging_mixin.py:188} INFO - [2026-04-09T19:20:03.936+0000] {dagbag.py:538} INFO - Filling up the DagBag from /home/airflow/.local/lib/python3.8/site-packages/airflow/example_dags/example_nested_branch_dag.py
[2026-04-09T19:20:03.954+0000] {processor.py:840} INFO - DAG(s) 'example_nested_branch_dag' retrieved from /home/airflow/.local/lib/python3.8/site-packages/airflow/example_dags/example_nested_branch_dag.py
[2026-04-09T19:20:03.995+0000] {logging_mixin.py:188} INFO - [2026-04-09T19:20:03.995+0000] {dag.py:3036} INFO - Sync 1 DAGs
[2026-04-09T19:20:04.031+0000] {logging_mixin.py:188} INFO - [2026-04-09T19:20:04.030+0000] {dag.py:3823} INFO - Setting next_dagrun for example_nested_branch_dag to 2026-04-08 00:00:00+00:00, run_after=2026-04-09 00:00:00+00:00
[2026-04-09T19:20:04.066+0000] {processor.py:183} INFO - Processing /home/airflow/.local/lib/python3.8/site-packages/airflow/example_dags/example_nested_branch_dag.py took 0.140 seconds
[2026-04-09T19:20:34.839+0000] {processor.py:161} INFO - Started process (PID=17366) to work on /home/airflow/.local/lib/python3.8/site-packages/airflow/example_dags/example_nested_branch_dag.py
[2026-04-09T19:20:34.842+0000] {processor.py:830} INFO - Processing file /home/airflow/.local/lib/python3.8/site-packages/airflow/example_dags/example_nested_branch_dag.py for tasks to queue
[2026-04-09T19:20:34.846+0000] {logging_mixin.py:188} INFO - [2026-04-09T19:20:34.846+0000] {dagbag.py:538} INFO - Filling up the DagBag from /home/airflow/.local/lib/python3.8/site-packages/airflow/example_dags/example_nested_branch_dag.py
[2026-04-09T19:20:34.861+0000] {processor.py:840} INFO - DAG(s) 'example_nested_branch_dag' retrieved from /home/airflow/.local/lib/python3.8/site-packages/airflow/example_dags/example_nested_branch_dag.py
[2026-04-09T19:20:34.897+0000] {logging_mixin.py:188} INFO - [2026-04-09T19:20:34.896+0000] {dag.py:3036} INFO - Sync 1 DAGs
[2026-04-09T19:20:34.930+0000] {logging_mixin.py:188} INFO - [2026-04-09T19:20:34.930+0000] {dag.py:3823} INFO - Setting next_dagrun for example_nested_branch_dag to 2026-04-08 00:00:00+00:00, run_after=2026-04-09 00:00:00+00:00
[2026-04-09T19:20:34.965+0000] {processor.py:183} INFO - Processing /home/airflow/.local/lib/python3.8/site-packages/airflow/example_dags/example_nested_branch_dag.py took 0.133 seconds
[2026-04-09T19:21:05.282+0000] {processor.py:161} INFO - Started process (PID=17423) to work on /home/airflow/.local/lib/python3.8/site-packages/airflow/example_dags/example_nested_branch_dag.py
[2026-04-09T19:21:05.284+0000] {processor.py:830} INFO - Processing file /home/airflow/.local/lib/python3.8/site-packages/airflow/example_dags/example_nested_branch_dag.py for tasks to queue
[2026-04-09T19:21:05.286+0000] {logging_mixin.py:188} INFO - [2026-04-09T19:21:05.286+0000] {dagbag.py:538} INFO - Filling up the DagBag from /home/airflow/.local/lib/python3.8/site-packages/airflow/example_dags/example_nested_branch_dag.py
[2026-04-09T19:21:05.299+0000] {processor.py:840} INFO - DAG(s) 'example_nested_branch_dag' retrieved from /home/airflow/.local/lib/python3.8/site-packages/airflow/example_dags/example_nested_branch_dag.py
[2026-04-09T19:21:05.327+0000] {logging_mixin.py:188} INFO - [2026-04-09T19:21:05.327+0000] {dag.py:3036} INFO - Sync 1 DAGs
[2026-04-09T19:21:05.374+0000] {logging_mixin.py:188} INFO - [2026-04-09T19:21:05.374+0000] {dag.py:3823} INFO - Setting next_dagrun for example_nested_branch_dag to 2026-04-08 00:00:00+00:00, run_after=2026-04-09 00:00:00+00:00
[2026-04-09T19:21:05.415+0000] {processor.py:183} INFO - Processing /home/airflow/.local/lib/python3.8/site-packages/airflow/example_dags/example_nested_branch_dag.py took 0.138 seconds
[2026-04-09T19:21:35.945+0000] {processor.py:161} INFO - Started process (PID=17480) to work on /home/airflow/.local/lib/python3.8/site-packages/airflow/example_dags/example_nested_branch_dag.py
[2026-04-09T19:21:35.947+0000] {processor.py:830} INFO - Processing file /home/airflow/.local/lib/python3.8/site-packages/airflow/example_dags/example_nested_branch_dag.py for tasks to queue
[2026-04-09T19:21:35.952+0000] {logging_mixin.py:188} INFO - [2026-04-09T19:21:35.951+0000] {dagbag.py:538} INFO - Filling up the DagBag from /home/airflow/.local/lib/python3.8/site-packages/airflow/example_dags/example_nested_branch_dag.py
[2026-04-09T19:21:35.972+0000] {processor.py:840} INFO - DAG(s) 'example_nested_branch_dag' retrieved from /home/airflow/.local/lib/python3.8/site-packages/airflow/example_dags/example_nested_branch_dag.py
[2026-04-09T19:21:36.018+0000] {logging_mixin.py:188} INFO - [2026-04-09T19:21:36.017+0000] {dag.py:3036} INFO - Sync 1 DAGs
[2026-04-09T19:21:36.072+0000] {logging_mixin.py:188} INFO - [2026-04-09T19:21:36.071+0000] {dag.py:3823} INFO - Setting next_dagrun for example_nested_branch_dag to 2026-04-08 00:00:00+00:00, run_after=2026-04-09 00:00:00+00:00
[2026-04-09T19:21:36.113+0000] {processor.py:183} INFO - Processing /home/airflow/.local/lib/python3.8/site-packages/airflow/example_dags/example_nested_branch_dag.py took 0.174 seconds
[2026-04-09T19:22:06.423+0000] {processor.py:161} INFO - Started process (PID=17538) to work on /home/airflow/.local/lib/python3.8/site-packages/airflow/example_dags/example_nested_branch_dag.py
[2026-04-09T19:22:06.425+0000] {processor.py:830} INFO - Processing file /home/airflow/.local/lib/python3.8/site-packages/airflow/example_dags/example_nested_branch_dag.py for tasks to queue
[2026-04-09T19:22:06.427+0000] {logging_mixin.py:188} INFO - [2026-04-09T19:22:06.427+0000] {dagbag.py:538} INFO - Filling up the DagBag from /home/airflow/.local/lib/python3.8/site-packages/airflow/example_dags/example_nested_branch_dag.py
[2026-04-09T19:22:06.439+0000] {processor.py:840} INFO - DAG(s) 'example_nested_branch_dag' retrieved from /home/airflow/.local/lib/python3.8/site-packages/airflow/example_dags/example_nested_branch_dag.py
[2026-04-09T19:22:06.475+0000] {logging_mixin.py:188} INFO - [2026-04-09T19:22:06.475+0000] {dag.py:3036} INFO - Sync 1 DAGs
[2026-04-09T19:22:06.541+0000] {logging_mixin.py:188} INFO - [2026-04-09T19:22:06.541+0000] {dag.py:3823} INFO - Setting next_dagrun for example_nested_branch_dag to 2026-04-08 00:00:00+00:00, run_after=2026-04-09 00:00:00+00:00
[2026-04-09T19:22:06.612+0000] {processor.py:183} INFO - Processing /home/airflow/.local/lib/python3.8/site-packages/airflow/example_dags/example_nested_branch_dag.py took 0.195 seconds
[2026-04-09T19:22:37.570+0000] {processor.py:161} INFO - Started process (PID=17595) to work on /home/airflow/.local/lib/python3.8/site-packages/airflow/example_dags/example_nested_branch_dag.py
[2026-04-09T19:22:37.573+0000] {processor.py:830} INFO - Processing file /home/airflow/.local/lib/python3.8/site-packages/airflow/example_dags/example_nested_branch_dag.py for tasks to queue
[2026-04-09T19:22:37.578+0000] {logging_mixin.py:188} INFO - [2026-04-09T19:22:37.577+0000] {dagbag.py:538} INFO - Filling up the DagBag from /home/airflow/.local/lib/python3.8/site-packages/airflow/example_dags/example_nested_branch_dag.py
[2026-04-09T19:22:37.610+0000] {processor.py:840} INFO - DAG(s) 'example_nested_branch_dag' retrieved from /home/airflow/.local/lib/python3.8/site-packages/airflow/example_dags/example_nested_branch_dag.py
[2026-04-09T19:22:37.665+0000] {logging_mixin.py:188} INFO - [2026-04-09T19:22:37.664+0000] {dag.py:3036} INFO - Sync 1 DAGs
[2026-04-09T19:22:37.715+0000] {logging_mixin.py:188} INFO - [2026-04-09T19:22:37.714+0000] {dag.py:3823} INFO - Setting next_dagrun for example_nested_branch_dag to 2026-04-08 00:00:00+00:00, run_after=2026-04-09 00:00:00+00:00
[2026-04-09T19:22:37.750+0000] {processor.py:183} INFO - Processing /home/airflow/.local/lib/python3.8/site-packages/airflow/example_dags/example_nested_branch_dag.py took 0.189 seconds
[2026-04-09T19:23:08.384+0000] {processor.py:161} INFO - Started process (PID=17652) to work on /home/airflow/.local/lib/python3.8/site-packages/airflow/example_dags/example_nested_branch_dag.py
[2026-04-09T19:23:08.386+0000] {processor.py:830} INFO - Processing file /home/airflow/.local/lib/python3.8/site-packages/airflow/example_dags/example_nested_branch_dag.py for tasks to queue
[2026-04-09T19:23:08.390+0000] {logging_mixin.py:188} INFO - [2026-04-09T19:23:08.389+0000] {dagbag.py:538} INFO - Filling up the DagBag from /home/airflow/.local/lib/python3.8/site-packages/airflow/example_dags/example_nested_branch_dag.py
[2026-04-09T19:23:08.412+0000] {processor.py:840} INFO - DAG(s) 'example_nested_branch_dag' retrieved from /home/airflow/.local/lib/python3.8/site-packages/airflow/example_dags/example_nested_branch_dag.py
[2026-04-09T19:23:08.454+0000] {logging_mixin.py:188} INFO - [2026-04-09T19:23:08.454+0000] {dag.py:3036} INFO - Sync 1 DAGs
[2026-04-09T19:23:08.489+0000] {logging_mixin.py:188} INFO - [2026-04-09T19:23:08.488+0000] {dag.py:3823} INFO - Setting next_dagrun for example_nested_branch_dag to 2026-04-08 00:00:00+00:00, run_after=2026-04-09 00:00:00+00:00
[2026-04-09T19:23:08.535+0000] {processor.py:183} INFO - Processing /home/airflow/.local/lib/python3.8/site-packages/airflow/example_dags/example_nested_branch_dag.py took 0.157 seconds
[2026-04-09T19:23:38.782+0000] {processor.py:161} INFO - Started process (PID=17709) to work on /home/airflow/.local/lib/python3.8/site-packages/airflow/example_dags/example_nested_branch_dag.py
[2026-04-09T19:23:38.784+0000] {processor.py:830} INFO - Processing file /home/airflow/.local/lib/python3.8/site-packages/airflow/example_dags/example_nested_branch_dag.py for tasks to queue
[2026-04-09T19:23:38.787+0000] {logging_mixin.py:188} INFO - [2026-04-09T19:23:38.787+0000] {dagbag.py:538} INFO - Filling up the DagBag from /home/airflow/.local/lib/python3.8/site-packages/airflow/example_dags/example_nested_branch_dag.py
[2026-04-09T19:23:38.803+0000] {processor.py:840} INFO - DAG(s) 'example_nested_branch_dag' retrieved from /home/airflow/.local/lib/python3.8/site-packages/airflow/example_dags/example_nested_branch_dag.py
[2026-04-09T19:23:38.838+0000] {logging_mixin.py:188} INFO - [2026-04-09T19:23:38.837+0000] {dag.py:3036} INFO - Sync 1 DAGs
[2026-04-09T19:23:38.866+0000] {logging_mixin.py:188} INFO - [2026-04-09T19:23:38.866+0000] {dag.py:3823} INFO - Setting next_dagrun for example_nested_branch_dag to 2026-04-08 00:00:00+00:00, run_after=2026-04-09 00:00:00+00:00
[2026-04-09T19:23:38.913+0000] {processor.py:183} INFO - Processing /home/airflow/.local/lib/python3.8/site-packages/airflow/example_dags/example_nested_branch_dag.py took 0.138 seconds
[2026-04-09T19:24:09.152+0000] {processor.py:161} INFO - Started process (PID=17766) to work on /home/airflow/.local/lib/python3.8/site-packages/airflow/example_dags/example_nested_branch_dag.py
[2026-04-09T19:24:09.154+0000] {processor.py:830} INFO - Processing file /home/airflow/.local/lib/python3.8/site-packages/airflow/example_dags/example_nested_branch_dag.py for tasks to queue
[2026-04-09T19:24:09.158+0000] {logging_mixin.py:188} INFO - [2026-04-09T19:24:09.157+0000] {dagbag.py:538} INFO - Filling up the DagBag from /home/airflow/.local/lib/python3.8/site-packages/airflow/example_dags/example_nested_branch_dag.py
[2026-04-09T19:24:09.175+0000] {processor.py:840} INFO - DAG(s) 'example_nested_branch_dag' retrieved from /home/airflow/.local/lib/python3.8/site-packages/airflow/example_dags/example_nested_branch_dag.py
[2026-04-09T19:24:09.230+0000] {logging_mixin.py:188} INFO - [2026-04-09T19:24:09.230+0000] {dag.py:3036} INFO - Sync 1 DAGs
[2026-04-09T19:24:09.281+0000] {logging_mixin.py:188} INFO - [2026-04-09T19:24:09.281+0000] {dag.py:3823} INFO - Setting next_dagrun for example_nested_branch_dag to 2026-04-08 00:00:00+00:00, run_after=2026-04-09 00:00:00+00:00
[2026-04-09T19:24:09.334+0000] {processor.py:183} INFO - Processing /home/airflow/.local/lib/python3.8/site-packages/airflow/example_dags/example_nested_branch_dag.py took 0.187 seconds
[2026-04-09T19:24:39.878+0000] {processor.py:161} INFO - Started process (PID=17823) to work on /home/airflow/.local/lib/python3.8/site-packages/airflow/example_dags/example_nested_branch_dag.py
[2026-04-09T19:24:39.880+0000] {processor.py:830} INFO - Processing file /home/airflow/.local/lib/python3.8/site-packages/airflow/example_dags/example_nested_branch_dag.py for tasks to queue
[2026-04-09T19:24:39.883+0000] {logging_mixin.py:188} INFO - [2026-04-09T19:24:39.883+0000] {dagbag.py:538} INFO - Filling up the DagBag from /home/airflow/.local/lib/python3.8/site-packages/airflow/example_dags/example_nested_branch_dag.py
[2026-04-09T19:24:39.901+0000] {processor.py:840} INFO - DAG(s) 'example_nested_branch_dag' retrieved from /home/airflow/.local/lib/python3.8/site-packages/airflow/example_dags/example_nested_branch_dag.py
[2026-04-09T19:24:39.949+0000] {logging_mixin.py:188} INFO - [2026-04-09T19:24:39.948+0000] {dag.py:3036} INFO - Sync 1 DAGs
[2026-04-09T19:24:39.986+0000] {logging_mixin.py:188} INFO - [2026-04-09T19:24:39.986+0000] {dag.py:3823} INFO - Setting next_dagrun for example_nested_branch_dag to 2026-04-08 00:00:00+00:00, run_after=2026-04-09 00:00:00+00:00
[2026-04-09T19:24:40.065+0000] {processor.py:183} INFO - Processing /home/airflow/.local/lib/python3.8/site-packages/airflow/example_dags/example_nested_branch_dag.py took 0.192 seconds
[2026-04-09T19:25:10.830+0000] {processor.py:161} INFO - Started process (PID=17880) to work on /home/airflow/.local/lib/python3.8/site-packages/airflow/example_dags/example_nested_branch_dag.py
[2026-04-09T19:25:10.833+0000] {processor.py:830} INFO - Processing file /home/airflow/.local/lib/python3.8/site-packages/airflow/example_dags/example_nested_branch_dag.py for tasks to queue
[2026-04-09T19:25:10.839+0000] {logging_mixin.py:188} INFO - [2026-04-09T19:25:10.838+0000] {dagbag.py:538} INFO - Filling up the DagBag from /home/airflow/.local/lib/python3.8/site-packages/airflow/example_dags/example_nested_branch_dag.py
[2026-04-09T19:25:10.855+0000] {processor.py:840} INFO - DAG(s) 'example_nested_branch_dag' retrieved from /home/airflow/.local/lib/python3.8/site-packages/airflow/example_dags/example_nested_branch_dag.py
[2026-04-09T19:25:10.904+0000] {logging_mixin.py:188} INFO - [2026-04-09T19:25:10.904+0000] {dag.py:3036} INFO - Sync 1 DAGs
[2026-04-09T19:25:10.955+0000] {logging_mixin.py:188} INFO - [2026-04-09T19:25:10.954+0000] {dag.py:3823} INFO - Setting next_dagrun for example_nested_branch_dag to 2026-04-08 00:00:00+00:00, run_after=2026-04-09 00:00:00+00:00
[2026-04-09T19:25:11.003+0000] {processor.py:183} INFO - Processing /home/airflow/.local/lib/python3.8/site-packages/airflow/example_dags/example_nested_branch_dag.py took 0.183 seconds
[2026-04-09T19:25:41.370+0000] {processor.py:161} INFO - Started process (PID=17937) to work on /home/airflow/.local/lib/python3.8/site-packages/airflow/example_dags/example_nested_branch_dag.py
[2026-04-09T19:25:41.371+0000] {processor.py:830} INFO - Processing file /home/airflow/.local/lib/python3.8/site-packages/airflow/example_dags/example_nested_branch_dag.py for tasks to queue
[2026-04-09T19:25:41.374+0000] {logging_mixin.py:188} INFO - [2026-04-09T19:25:41.374+0000] {dagbag.py:538} INFO - Filling up the DagBag from /home/airflow/.local/lib/python3.8/site-packages/airflow/example_dags/example_nested_branch_dag.py
[2026-04-09T19:25:41.388+0000] {processor.py:840} INFO - DAG(s) 'example_nested_branch_dag' retrieved from /home/airflow/.local/lib/python3.8/site-packages/airflow/example_dags/example_nested_branch_dag.py
[2026-04-09T19:25:41.421+0000] {logging_mixin.py:188} INFO - [2026-04-09T19:25:41.421+0000] {dag.py:3036} INFO - Sync 1 DAGs
[2026-04-09T19:25:41.452+0000] {logging_mixin.py:188} INFO - [2026-04-09T19:25:41.451+0000] {dag.py:3823} INFO - Setting next_dagrun for example_nested_branch_dag to 2026-04-08 00:00:00+00:00, run_after=2026-04-09 00:00:00+00:00
[2026-04-09T19:25:41.479+0000] {processor.py:183} INFO - Processing /home/airflow/.local/lib/python3.8/site-packages/airflow/example_dags/example_nested_branch_dag.py took 0.114 seconds
[2026-04-09T19:26:12.055+0000] {processor.py:161} INFO - Started process (PID=17994) to work on /home/airflow/.local/lib/python3.8/site-packages/airflow/example_dags/example_nested_branch_dag.py
[2026-04-09T19:26:12.057+0000] {processor.py:830} INFO - Processing file /home/airflow/.local/lib/python3.8/site-packages/airflow/example_dags/example_nested_branch_dag.py for tasks to queue
[2026-04-09T19:26:12.060+0000] {logging_mixin.py:188} INFO - [2026-04-09T19:26:12.060+0000] {dagbag.py:538} INFO - Filling up the DagBag from /home/airflow/.local/lib/python3.8/site-packages/airflow/example_dags/example_nested_branch_dag.py
[2026-04-09T19:26:12.079+0000] {processor.py:840} INFO - DAG(s) 'example_nested_branch_dag' retrieved from /home/airflow/.local/lib/python3.8/site-packages/airflow/example_dags/example_nested_branch_dag.py
[2026-04-09T19:26:12.121+0000] {logging_mixin.py:188} INFO - [2026-04-09T19:26:12.121+0000] {dag.py:3036} INFO - Sync 1 DAGs
[2026-04-09T19:26:12.157+0000] {logging_mixin.py:188} INFO - [2026-04-09T19:26:12.157+0000] {dag.py:3823} INFO - Setting next_dagrun for example_nested_branch_dag to 2026-04-08 00:00:00+00:00, run_after=2026-04-09 00:00:00+00:00
[2026-04-09T19:26:12.183+0000] {processor.py:183} INFO - Processing /home/airflow/.local/lib/python3.8/site-packages/airflow/example_dags/example_nested_branch_dag.py took 0.135 seconds
[2026-04-09T19:26:42.460+0000] {processor.py:161} INFO - Started process (PID=18051) to work on /home/airflow/.local/lib/python3.8/site-packages/airflow/example_dags/example_nested_branch_dag.py
[2026-04-09T19:26:42.463+0000] {processor.py:830} INFO - Processing file /home/airflow/.local/lib/python3.8/site-packages/airflow/example_dags/example_nested_branch_dag.py for tasks to queue
[2026-04-09T19:26:42.470+0000] {logging_mixin.py:188} INFO - [2026-04-09T19:26:42.469+0000] {dagbag.py:538} INFO - Filling up the DagBag from /home/airflow/.local/lib/python3.8/site-packages/airflow/example_dags/example_nested_branch_dag.py
[2026-04-09T19:26:42.503+0000] {processor.py:840} INFO - DAG(s) 'example_nested_branch_dag' retrieved from /home/airflow/.local/lib/python3.8/site-packages/airflow/example_dags/example_nested_branch_dag.py
[2026-04-09T19:26:42.566+0000] {logging_mixin.py:188} INFO - [2026-04-09T19:26:42.565+0000] {dag.py:3036} INFO - Sync 1 DAGs
[2026-04-09T19:26:42.599+0000] {logging_mixin.py:188} INFO - [2026-04-09T19:26:42.598+0000] {dag.py:3823} INFO - Setting next_dagrun for example_nested_branch_dag to 2026-04-08 00:00:00+00:00, run_after=2026-04-09 00:00:00+00:00
[2026-04-09T19:26:42.641+0000] {processor.py:183} INFO - Processing /home/airflow/.local/lib/python3.8/site-packages/airflow/example_dags/example_nested_branch_dag.py took 0.194 seconds
[2026-04-09T19:27:13.009+0000] {processor.py:161} INFO - Started process (PID=18108) to work on /home/airflow/.local/lib/python3.8/site-packages/airflow/example_dags/example_nested_branch_dag.py
[2026-04-09T19:27:13.011+0000] {processor.py:830} INFO - Processing file /home/airflow/.local/lib/python3.8/site-packages/airflow/example_dags/example_nested_branch_dag.py for tasks to queue
[2026-04-09T19:27:13.016+0000] {logging_mixin.py:188} INFO - [2026-04-09T19:27:13.015+0000] {dagbag.py:538} INFO - Filling up the DagBag from /home/airflow/.local/lib/python3.8/site-packages/airflow/example_dags/example_nested_branch_dag.py
[2026-04-09T19:27:13.041+0000] {processor.py:840} INFO - DAG(s) 'example_nested_branch_dag' retrieved from /home/airflow/.local/lib/python3.8/site-packages/airflow/example_dags/example_nested_branch_dag.py
[2026-04-09T19:27:13.094+0000] {logging_mixin.py:188} INFO - [2026-04-09T19:27:13.093+0000] {dag.py:3036} INFO - Sync 1 DAGs
[2026-04-09T19:27:13.158+0000] {logging_mixin.py:188} INFO - [2026-04-09T19:27:13.157+0000] {dag.py:3823} INFO - Setting next_dagrun for example_nested_branch_dag to 2026-04-08 00:00:00+00:00, run_after=2026-04-09 00:00:00+00:00
[2026-04-09T19:27:13.211+0000] {processor.py:183} INFO - Processing /home/airflow/.local/lib/python3.8/site-packages/airflow/example_dags/example_nested_branch_dag.py took 0.211 seconds
[2026-04-09T19:27:43.410+0000] {processor.py:161} INFO - Started process (PID=18165) to work on /home/airflow/.local/lib/python3.8/site-packages/airflow/example_dags/example_nested_branch_dag.py
[2026-04-09T19:27:43.412+0000] {processor.py:830} INFO - Processing file /home/airflow/.local/lib/python3.8/site-packages/airflow/example_dags/example_nested_branch_dag.py for tasks to queue
[2026-04-09T19:27:43.416+0000] {logging_mixin.py:188} INFO - [2026-04-09T19:27:43.415+0000] {dagbag.py:538} INFO - Filling up the DagBag from /home/airflow/.local/lib/python3.8/site-packages/airflow/example_dags/example_nested_branch_dag.py
[2026-04-09T19:27:43.432+0000] {processor.py:840} INFO - DAG(s) 'example_nested_branch_dag' retrieved from /home/airflow/.local/lib/python3.8/site-packages/airflow/example_dags/example_nested_branch_dag.py
[2026-04-09T19:27:43.460+0000] {logging_mixin.py:188} INFO - [2026-04-09T19:27:43.460+0000] {dag.py:3036} INFO - Sync 1 DAGs
[2026-04-09T19:27:43.490+0000] {logging_mixin.py:188} INFO - [2026-04-09T19:27:43.489+0000] {dag.py:3823} INFO - Setting next_dagrun for example_nested_branch_dag to 2026-04-08 00:00:00+00:00, run_after=2026-04-09 00:00:00+00:00
[2026-04-09T19:27:43.518+0000] {processor.py:183} INFO - Processing /home/airflow/.local/lib/python3.8/site-packages/airflow/example_dags/example_nested_branch_dag.py took 0.113 seconds
[2026-04-09T19:28:14.304+0000] {processor.py:161} INFO - Started process (PID=18222) to work on /home/airflow/.local/lib/python3.8/site-packages/airflow/example_dags/example_nested_branch_dag.py
[2026-04-09T19:28:14.308+0000] {processor.py:830} INFO - Processing file /home/airflow/.local/lib/python3.8/site-packages/airflow/example_dags/example_nested_branch_dag.py for tasks to queue
[2026-04-09T19:28:14.315+0000] {logging_mixin.py:188} INFO - [2026-04-09T19:28:14.314+0000] {dagbag.py:538} INFO - Filling up the DagBag from /home/airflow/.local/lib/python3.8/site-packages/airflow/example_dags/example_nested_branch_dag.py
[2026-04-09T19:28:14.351+0000] {processor.py:840} INFO - DAG(s) 'example_nested_branch_dag' retrieved from /home/airflow/.local/lib/python3.8/site-packages/airflow/example_dags/example_nested_branch_dag.py
[2026-04-09T19:28:14.420+0000] {logging_mixin.py:188} INFO - [2026-04-09T19:28:14.419+0000] {dag.py:3036} INFO - Sync 1 DAGs
[2026-04-09T19:28:14.480+0000] {logging_mixin.py:188} INFO - [2026-04-09T19:28:14.479+0000] {dag.py:3823} INFO - Setting next_dagrun for example_nested_branch_dag to 2026-04-08 00:00:00+00:00, run_after=2026-04-09 00:00:00+00:00
[2026-04-09T19:28:14.539+0000] {processor.py:183} INFO - Processing /home/airflow/.local/lib/python3.8/site-packages/airflow/example_dags/example_nested_branch_dag.py took 0.248 seconds
[2026-04-09T19:28:45.474+0000] {processor.py:161} INFO - Started process (PID=18279) to work on /home/airflow/.local/lib/python3.8/site-packages/airflow/example_dags/example_nested_branch_dag.py
[2026-04-09T19:28:45.476+0000] {processor.py:830} INFO - Processing file /home/airflow/.local/lib/python3.8/site-packages/airflow/example_dags/example_nested_branch_dag.py for tasks to queue
[2026-04-09T19:28:45.479+0000] {logging_mixin.py:188} INFO - [2026-04-09T19:28:45.479+0000] {dagbag.py:538} INFO - Filling up the DagBag from /home/airflow/.local/lib/python3.8/site-packages/airflow/example_dags/example_nested_branch_dag.py
[2026-04-09T19:28:45.496+0000] {processor.py:840} INFO - DAG(s) 'example_nested_branch_dag' retrieved from /home/airflow/.local/lib/python3.8/site-packages/airflow/example_dags/example_nested_branch_dag.py
[2026-04-09T19:28:45.527+0000] {logging_mixin.py:188} INFO - [2026-04-09T19:28:45.527+0000] {dag.py:3036} INFO - Sync 1 DAGs
[2026-04-09T19:28:45.559+0000] {logging_mixin.py:188} INFO - [2026-04-09T19:28:45.559+0000] {dag.py:3823} INFO - Setting next_dagrun for example_nested_branch_dag to 2026-04-08 00:00:00+00:00, run_after=2026-04-09 00:00:00+00:00
[2026-04-09T19:28:45.589+0000] {processor.py:183} INFO - Processing /home/airflow/.local/lib/python3.8/site-packages/airflow/example_dags/example_nested_branch_dag.py took 0.123 seconds
[2026-04-09T19:29:15.791+0000] {processor.py:161} INFO - Started process (PID=18336) to work on /home/airflow/.local/lib/python3.8/site-packages/airflow/example_dags/example_nested_branch_dag.py
[2026-04-09T19:29:15.793+0000] {processor.py:830} INFO - Processing file /home/airflow/.local/lib/python3.8/site-packages/airflow/example_dags/example_nested_branch_dag.py for tasks to queue
[2026-04-09T19:29:15.796+0000] {logging_mixin.py:188} INFO - [2026-04-09T19:29:15.795+0000] {dagbag.py:538} INFO - Filling up the DagBag from /home/airflow/.local/lib/python3.8/site-packages/airflow/example_dags/example_nested_branch_dag.py
[2026-04-09T19:29:15.813+0000] {processor.py:840} INFO - DAG(s) 'example_nested_branch_dag' retrieved from /home/airflow/.local/lib/python3.8/site-packages/airflow/example_dags/example_nested_branch_dag.py
[2026-04-09T19:29:15.848+0000] {logging_mixin.py:188} INFO - [2026-04-09T19:29:15.847+0000] {dag.py:3036} INFO - Sync 1 DAGs
[2026-04-09T19:29:15.890+0000] {logging_mixin.py:188} INFO - [2026-04-09T19:29:15.890+0000] {dag.py:3823} INFO - Setting next_dagrun for example_nested_branch_dag to 2026-04-08 00:00:00+00:00, run_after=2026-04-09 00:00:00+00:00
[2026-04-09T19:29:15.926+0000] {processor.py:183} INFO - Processing /home/airflow/.local/lib/python3.8/site-packages/airflow/example_dags/example_nested_branch_dag.py took 0.142 seconds
[2026-04-09T19:29:46.244+0000] {processor.py:161} INFO - Started process (PID=18394) to work on /home/airflow/.local/lib/python3.8/site-packages/airflow/example_dags/example_nested_branch_dag.py
[2026-04-09T19:29:46.246+0000] {processor.py:830} INFO - Processing file /home/airflow/.local/lib/python3.8/site-packages/airflow/example_dags/example_nested_branch_dag.py for tasks to queue
[2026-04-09T19:29:46.250+0000] {logging_mixin.py:188} INFO - [2026-04-09T19:29:46.249+0000] {dagbag.py:538} INFO - Filling up the DagBag from /home/airflow/.local/lib/python3.8/site-packages/airflow/example_dags/example_nested_branch_dag.py
[2026-04-09T19:29:46.265+0000] {processor.py:840} INFO - DAG(s) 'example_nested_branch_dag' retrieved from /home/airflow/.local/lib/python3.8/site-packages/airflow/example_dags/example_nested_branch_dag.py
[2026-04-09T19:29:46.297+0000] {logging_mixin.py:188} INFO - [2026-04-09T19:29:46.296+0000] {dag.py:3036} INFO - Sync 1 DAGs
[2026-04-09T19:29:46.327+0000] {logging_mixin.py:188} INFO - [2026-04-09T19:29:46.327+0000] {dag.py:3823} INFO - Setting next_dagrun for example_nested_branch_dag to 2026-04-08 00:00:00+00:00, run_after=2026-04-09 00:00:00+00:00
[2026-04-09T19:29:46.361+0000] {processor.py:183} INFO - Processing /home/airflow/.local/lib/python3.8/site-packages/airflow/example_dags/example_nested_branch_dag.py took 0.122 seconds
[2026-04-09T19:30:16.882+0000] {processor.py:161} INFO - Started process (PID=18451) to work on /home/airflow/.local/lib/python3.8/site-packages/airflow/example_dags/example_nested_branch_dag.py
[2026-04-09T19:30:16.884+0000] {processor.py:830} INFO - Processing file /home/airflow/.local/lib/python3.8/site-packages/airflow/example_dags/example_nested_branch_dag.py for tasks to queue
[2026-04-09T19:30:16.888+0000] {logging_mixin.py:188} INFO - [2026-04-09T19:30:16.888+0000] {dagbag.py:538} INFO - Filling up the DagBag from /home/airflow/.local/lib/python3.8/site-packages/airflow/example_dags/example_nested_branch_dag.py
[2026-04-09T19:30:16.903+0000] {processor.py:840} INFO - DAG(s) 'example_nested_branch_dag' retrieved from /home/airflow/.local/lib/python3.8/site-packages/airflow/example_dags/example_nested_branch_dag.py
[2026-04-09T19:30:16.936+0000] {logging_mixin.py:188} INFO - [2026-04-09T19:30:16.936+0000] {dag.py:3036} INFO - Sync 1 DAGs
[2026-04-09T19:30:16.966+0000] {logging_mixin.py:188} INFO - [2026-04-09T19:30:16.965+0000] {dag.py:3823} INFO - Setting next_dagrun for example_nested_branch_dag to 2026-04-08 00:00:00+00:00, run_after=2026-04-09 00:00:00+00:00
[2026-04-09T19:30:16.993+0000] {processor.py:183} INFO - Processing /home/airflow/.local/lib/python3.8/site-packages/airflow/example_dags/example_nested_branch_dag.py took 0.117 seconds
[2026-04-09T19:30:47.412+0000] {processor.py:161} INFO - Started process (PID=18508) to work on /home/airflow/.local/lib/python3.8/site-packages/airflow/example_dags/example_nested_branch_dag.py
[2026-04-09T19:30:47.415+0000] {processor.py:830} INFO - Processing file /home/airflow/.local/lib/python3.8/site-packages/airflow/example_dags/example_nested_branch_dag.py for tasks to queue
[2026-04-09T19:30:47.421+0000] {logging_mixin.py:188} INFO - [2026-04-09T19:30:47.420+0000] {dagbag.py:538} INFO - Filling up the DagBag from /home/airflow/.local/lib/python3.8/site-packages/airflow/example_dags/example_nested_branch_dag.py
[2026-04-09T19:30:47.450+0000] {processor.py:840} INFO - DAG(s) 'example_nested_branch_dag' retrieved from /home/airflow/.local/lib/python3.8/site-packages/airflow/example_dags/example_nested_branch_dag.py
[2026-04-09T19:30:47.517+0000] {logging_mixin.py:188} INFO - [2026-04-09T19:30:47.516+0000] {dag.py:3036} INFO - Sync 1 DAGs
[2026-04-09T19:30:47.591+0000] {logging_mixin.py:188} INFO - [2026-04-09T19:30:47.590+0000] {dag.py:3823} INFO - Setting next_dagrun for example_nested_branch_dag to 2026-04-08 00:00:00+00:00, run_after=2026-04-09 00:00:00+00:00
[2026-04-09T19:30:47.656+0000] {processor.py:183} INFO - Processing /home/airflow/.local/lib/python3.8/site-packages/airflow/example_dags/example_nested_branch_dag.py took 0.253 seconds
[2026-04-09T19:31:18.018+0000] {processor.py:161} INFO - Started process (PID=18565) to work on /home/airflow/.local/lib/python3.8/site-packages/airflow/example_dags/example_nested_branch_dag.py
[2026-04-09T19:31:18.023+0000] {processor.py:830} INFO - Processing file /home/airflow/.local/lib/python3.8/site-packages/airflow/example_dags/example_nested_branch_dag.py for tasks to queue
[2026-04-09T19:31:18.029+0000] {logging_mixin.py:188} INFO - [2026-04-09T19:31:18.028+0000] {dagbag.py:538} INFO - Filling up the DagBag from /home/airflow/.local/lib/python3.8/site-packages/airflow/example_dags/example_nested_branch_dag.py
[2026-04-09T19:31:18.059+0000] {processor.py:840} INFO - DAG(s) 'example_nested_branch_dag' retrieved from /home/airflow/.local/lib/python3.8/site-packages/airflow/example_dags/example_nested_branch_dag.py
[2026-04-09T19:31:18.106+0000] {logging_mixin.py:188} INFO - [2026-04-09T19:31:18.106+0000] {dag.py:3036} INFO - Sync 1 DAGs
[2026-04-09T19:31:18.152+0000] {logging_mixin.py:188} INFO - [2026-04-09T19:31:18.151+0000] {dag.py:3823} INFO - Setting next_dagrun for example_nested_branch_dag to 2026-04-08 00:00:00+00:00, run_after=2026-04-09 00:00:00+00:00
[2026-04-09T19:31:18.190+0000] {processor.py:183} INFO - Processing /home/airflow/.local/lib/python3.8/site-packages/airflow/example_dags/example_nested_branch_dag.py took 0.182 seconds
[2026-04-09T19:31:48.699+0000] {processor.py:161} INFO - Started process (PID=18623) to work on /home/airflow/.local/lib/python3.8/site-packages/airflow/example_dags/example_nested_branch_dag.py
[2026-04-09T19:31:48.702+0000] {processor.py:830} INFO - Processing file /home/airflow/.local/lib/python3.8/site-packages/airflow/example_dags/example_nested_branch_dag.py for tasks to queue
[2026-04-09T19:31:48.707+0000] {logging_mixin.py:188} INFO - [2026-04-09T19:31:48.706+0000] {dagbag.py:538} INFO - Filling up the DagBag from /home/airflow/.local/lib/python3.8/site-packages/airflow/example_dags/example_nested_branch_dag.py
[2026-04-09T19:31:48.738+0000] {processor.py:840} INFO - DAG(s) 'example_nested_branch_dag' retrieved from /home/airflow/.local/lib/python3.8/site-packages/airflow/example_dags/example_nested_branch_dag.py
[2026-04-09T19:31:48.795+0000] {logging_mixin.py:188} INFO - [2026-04-09T19:31:48.794+0000] {dag.py:3036} INFO - Sync 1 DAGs
[2026-04-09T19:31:48.834+0000] {logging_mixin.py:188} INFO - [2026-04-09T19:31:48.834+0000] {dag.py:3823} INFO - Setting next_dagrun for example_nested_branch_dag to 2026-04-08 00:00:00+00:00, run_after=2026-04-09 00:00:00+00:00
[2026-04-09T19:31:48.871+0000] {processor.py:183} INFO - Processing /home/airflow/.local/lib/python3.8/site-packages/airflow/example_dags/example_nested_branch_dag.py took 0.179 seconds
[2026-04-09T19:32:19.628+0000] {processor.py:161} INFO - Started process (PID=18680) to work on /home/airflow/.local/lib/python3.8/site-packages/airflow/example_dags/example_nested_branch_dag.py
[2026-04-09T19:32:19.632+0000] {processor.py:830} INFO - Processing file /home/airflow/.local/lib/python3.8/site-packages/airflow/example_dags/example_nested_branch_dag.py for tasks to queue
[2026-04-09T19:32:19.639+0000] {logging_mixin.py:188} INFO - [2026-04-09T19:32:19.638+0000] {dagbag.py:538} INFO - Filling up the DagBag from /home/airflow/.local/lib/python3.8/site-packages/airflow/example_dags/example_nested_branch_dag.py
[2026-04-09T19:32:19.665+0000] {processor.py:840} INFO - DAG(s) 'example_nested_branch_dag' retrieved from /home/airflow/.local/lib/python3.8/site-packages/airflow/example_dags/example_nested_branch_dag.py
[2026-04-09T19:32:19.712+0000] {logging_mixin.py:188} INFO - [2026-04-09T19:32:19.711+0000] {dag.py:3036} INFO - Sync 1 DAGs
[2026-04-09T19:32:19.763+0000] {logging_mixin.py:188} INFO - [2026-04-09T19:32:19.763+0000] {dag.py:3823} INFO - Setting next_dagrun for example_nested_branch_dag to 2026-04-08 00:00:00+00:00, run_after=2026-04-09 00:00:00+00:00
[2026-04-09T19:32:19.798+0000] {processor.py:183} INFO - Processing /home/airflow/.local/lib/python3.8/site-packages/airflow/example_dags/example_nested_branch_dag.py took 0.183 seconds
[2026-04-09T19:32:50.223+0000] {processor.py:161} INFO - Started process (PID=18737) to work on /home/airflow/.local/lib/python3.8/site-packages/airflow/example_dags/example_nested_branch_dag.py
[2026-04-09T19:32:50.225+0000] {processor.py:830} INFO - Processing file /home/airflow/.local/lib/python3.8/site-packages/airflow/example_dags/example_nested_branch_dag.py for tasks to queue
[2026-04-09T19:32:50.228+0000] {logging_mixin.py:188} INFO - [2026-04-09T19:32:50.228+0000] {dagbag.py:538} INFO - Filling up the DagBag from /home/airflow/.local/lib/python3.8/site-packages/airflow/example_dags/example_nested_branch_dag.py
[2026-04-09T19:32:50.254+0000] {processor.py:840} INFO - DAG(s) 'example_nested_branch_dag' retrieved from /home/airflow/.local/lib/python3.8/site-packages/airflow/example_dags/example_nested_branch_dag.py
[2026-04-09T19:32:50.308+0000] {logging_mixin.py:188} INFO - [2026-04-09T19:32:50.307+0000] {dag.py:3036} INFO - Sync 1 DAGs
[2026-04-09T19:32:50.357+0000] {logging_mixin.py:188} INFO - [2026-04-09T19:32:50.357+0000] {dag.py:3823} INFO - Setting next_dagrun for example_nested_branch_dag to 2026-04-08 00:00:00+00:00, run_after=2026-04-09 00:00:00+00:00
[2026-04-09T19:32:50.398+0000] {processor.py:183} INFO - Processing /home/airflow/.local/lib/python3.8/site-packages/airflow/example_dags/example_nested_branch_dag.py took 0.180 seconds
[2026-04-09T19:33:20.819+0000] {processor.py:161} INFO - Started process (PID=18794) to work on /home/airflow/.local/lib/python3.8/site-packages/airflow/example_dags/example_nested_branch_dag.py
[2026-04-09T19:33:20.822+0000] {processor.py:830} INFO - Processing file /home/airflow/.local/lib/python3.8/site-packages/airflow/example_dags/example_nested_branch_dag.py for tasks to queue
[2026-04-09T19:33:20.826+0000] {logging_mixin.py:188} INFO - [2026-04-09T19:33:20.825+0000] {dagbag.py:538} INFO - Filling up the DagBag from /home/airflow/.local/lib/python3.8/site-packages/airflow/example_dags/example_nested_branch_dag.py
[2026-04-09T19:33:20.850+0000] {processor.py:840} INFO - DAG(s) 'example_nested_branch_dag' retrieved from /home/airflow/.local/lib/python3.8/site-packages/airflow/example_dags/example_nested_branch_dag.py
[2026-04-09T19:33:20.905+0000] {logging_mixin.py:188} INFO - [2026-04-09T19:33:20.904+0000] {dag.py:3036} INFO - Sync 1 DAGs
[2026-04-09T19:33:20.970+0000] {logging_mixin.py:188} INFO - [2026-04-09T19:33:20.970+0000] {dag.py:3823} INFO - Setting next_dagrun for example_nested_branch_dag to 2026-04-08 00:00:00+00:00, run_after=2026-04-09 00:00:00+00:00
[2026-04-09T19:33:21.019+0000] {processor.py:183} INFO - Processing /home/airflow/.local/lib/python3.8/site-packages/airflow/example_dags/example_nested_branch_dag.py took 0.209 seconds
[2026-04-09T19:33:51.900+0000] {processor.py:161} INFO - Started process (PID=18851) to work on /home/airflow/.local/lib/python3.8/site-packages/airflow/example_dags/example_nested_branch_dag.py
[2026-04-09T19:33:51.902+0000] {processor.py:830} INFO - Processing file /home/airflow/.local/lib/python3.8/site-packages/airflow/example_dags/example_nested_branch_dag.py for tasks to queue
[2026-04-09T19:33:51.904+0000] {logging_mixin.py:188} INFO - [2026-04-09T19:33:51.904+0000] {dagbag.py:538} INFO - Filling up the DagBag from /home/airflow/.local/lib/python3.8/site-packages/airflow/example_dags/example_nested_branch_dag.py
[2026-04-09T19:33:51.922+0000] {processor.py:840} INFO - DAG(s) 'example_nested_branch_dag' retrieved from /home/airflow/.local/lib/python3.8/site-packages/airflow/example_dags/example_nested_branch_dag.py
[2026-04-09T19:33:51.955+0000] {logging_mixin.py:188} INFO - [2026-04-09T19:33:51.955+0000] {dag.py:3036} INFO - Sync 1 DAGs
[2026-04-09T19:33:51.999+0000] {logging_mixin.py:188} INFO - [2026-04-09T19:33:51.999+0000] {dag.py:3823} INFO - Setting next_dagrun for example_nested_branch_dag to 2026-04-08 00:00:00+00:00, run_after=2026-04-09 00:00:00+00:00
[2026-04-09T19:33:52.037+0000] {processor.py:183} INFO - Processing /home/airflow/.local/lib/python3.8/site-packages/airflow/example_dags/example_nested_branch_dag.py took 0.141 seconds
[2026-04-09T19:34:22.563+0000] {processor.py:161} INFO - Started process (PID=18908) to work on /home/airflow/.local/lib/python3.8/site-packages/airflow/example_dags/example_nested_branch_dag.py
[2026-04-09T19:34:22.566+0000] {processor.py:830} INFO - Processing file /home/airflow/.local/lib/python3.8/site-packages/airflow/example_dags/example_nested_branch_dag.py for tasks to queue
[2026-04-09T19:34:22.571+0000] {logging_mixin.py:188} INFO - [2026-04-09T19:34:22.570+0000] {dagbag.py:538} INFO - Filling up the DagBag from /home/airflow/.local/lib/python3.8/site-packages/airflow/example_dags/example_nested_branch_dag.py
[2026-04-09T19:34:22.590+0000] {processor.py:840} INFO - DAG(s) 'example_nested_branch_dag' retrieved from /home/airflow/.local/lib/python3.8/site-packages/airflow/example_dags/example_nested_branch_dag.py
[2026-04-09T19:34:22.634+0000] {logging_mixin.py:188} INFO - [2026-04-09T19:34:22.634+0000] {dag.py:3036} INFO - Sync 1 DAGs
[2026-04-09T19:34:22.678+0000] {logging_mixin.py:188} INFO - [2026-04-09T19:34:22.678+0000] {dag.py:3823} INFO - Setting next_dagrun for example_nested_branch_dag to 2026-04-08 00:00:00+00:00, run_after=2026-04-09 00:00:00+00:00
[2026-04-09T19:34:22.719+0000] {processor.py:183} INFO - Processing /home/airflow/.local/lib/python3.8/site-packages/airflow/example_dags/example_nested_branch_dag.py took 0.167 seconds
[2026-04-09T19:34:53.177+0000] {processor.py:161} INFO - Started process (PID=18965) to work on /home/airflow/.local/lib/python3.8/site-packages/airflow/example_dags/example_nested_branch_dag.py
[2026-04-09T19:34:53.180+0000] {processor.py:830} INFO - Processing file /home/airflow/.local/lib/python3.8/site-packages/airflow/example_dags/example_nested_branch_dag.py for tasks to queue
[2026-04-09T19:34:53.196+0000] {logging_mixin.py:188} INFO - [2026-04-09T19:34:53.195+0000] {dagbag.py:538} INFO - Filling up the DagBag from /home/airflow/.local/lib/python3.8/site-packages/airflow/example_dags/example_nested_branch_dag.py
[2026-04-09T19:34:53.262+0000] {processor.py:840} INFO - DAG(s) 'example_nested_branch_dag' retrieved from /home/airflow/.local/lib/python3.8/site-packages/airflow/example_dags/example_nested_branch_dag.py
[2026-04-09T19:34:53.333+0000] {logging_mixin.py:188} INFO - [2026-04-09T19:34:53.333+0000] {dag.py:3036} INFO - Sync 1 DAGs
[2026-04-09T19:34:53.430+0000] {logging_mixin.py:188} INFO - [2026-04-09T19:34:53.430+0000] {dag.py:3823} INFO - Setting next_dagrun for example_nested_branch_dag to 2026-04-08 00:00:00+00:00, run_after=2026-04-09 00:00:00+00:00
[2026-04-09T19:34:53.474+0000] {processor.py:183} INFO - Processing /home/airflow/.local/lib/python3.8/site-packages/airflow/example_dags/example_nested_branch_dag.py took 0.305 seconds
[2026-04-09T19:35:23.724+0000] {processor.py:161} INFO - Started process (PID=19021) to work on /home/airflow/.local/lib/python3.8/site-packages/airflow/example_dags/example_nested_branch_dag.py
[2026-04-09T19:35:23.726+0000] {processor.py:830} INFO - Processing file /home/airflow/.local/lib/python3.8/site-packages/airflow/example_dags/example_nested_branch_dag.py for tasks to queue
[2026-04-09T19:35:23.729+0000] {logging_mixin.py:188} INFO - [2026-04-09T19:35:23.728+0000] {dagbag.py:538} INFO - Filling up the DagBag from /home/airflow/.local/lib/python3.8/site-packages/airflow/example_dags/example_nested_branch_dag.py
[2026-04-09T19:35:23.743+0000] {processor.py:840} INFO - DAG(s) 'example_nested_branch_dag' retrieved from /home/airflow/.local/lib/python3.8/site-packages/airflow/example_dags/example_nested_branch_dag.py
[2026-04-09T19:35:23.774+0000] {logging_mixin.py:188} INFO - [2026-04-09T19:35:23.774+0000] {dag.py:3036} INFO - Sync 1 DAGs
[2026-04-09T19:35:23.803+0000] {logging_mixin.py:188} INFO - [2026-04-09T19:35:23.803+0000] {dag.py:3823} INFO - Setting next_dagrun for example_nested_branch_dag to 2026-04-08 00:00:00+00:00, run_after=2026-04-09 00:00:00+00:00
[2026-04-09T19:35:23.837+0000] {processor.py:183} INFO - Processing /home/airflow/.local/lib/python3.8/site-packages/airflow/example_dags/example_nested_branch_dag.py took 0.119 seconds
[2026-04-09T19:35:54.081+0000] {processor.py:161} INFO - Started process (PID=19078) to work on /home/airflow/.local/lib/python3.8/site-packages/airflow/example_dags/example_nested_branch_dag.py
[2026-04-09T19:35:54.083+0000] {processor.py:830} INFO - Processing file /home/airflow/.local/lib/python3.8/site-packages/airflow/example_dags/example_nested_branch_dag.py for tasks to queue
[2026-04-09T19:35:54.086+0000] {logging_mixin.py:188} INFO - [2026-04-09T19:35:54.086+0000] {dagbag.py:538} INFO - Filling up the DagBag from /home/airflow/.local/lib/python3.8/site-packages/airflow/example_dags/example_nested_branch_dag.py
[2026-04-09T19:35:54.104+0000] {processor.py:840} INFO - DAG(s) 'example_nested_branch_dag' retrieved from /home/airflow/.local/lib/python3.8/site-packages/airflow/example_dags/example_nested_branch_dag.py
[2026-04-09T19:35:54.132+0000] {logging_mixin.py:188} INFO - [2026-04-09T19:35:54.132+0000] {dag.py:3036} INFO - Sync 1 DAGs
[2026-04-09T19:35:54.159+0000] {logging_mixin.py:188} INFO - [2026-04-09T19:35:54.159+0000] {dag.py:3823} INFO - Setting next_dagrun for example_nested_branch_dag to 2026-04-08 00:00:00+00:00, run_after=2026-04-09 00:00:00+00:00
[2026-04-09T19:35:54.188+0000] {processor.py:183} INFO - Processing /home/airflow/.local/lib/python3.8/site-packages/airflow/example_dags/example_nested_branch_dag.py took 0.112 seconds
[2026-04-09T19:36:24.310+0000] {processor.py:161} INFO - Started process (PID=19135) to work on /home/airflow/.local/lib/python3.8/site-packages/airflow/example_dags/example_nested_branch_dag.py
[2026-04-09T19:36:24.313+0000] {processor.py:830} INFO - Processing file /home/airflow/.local/lib/python3.8/site-packages/airflow/example_dags/example_nested_branch_dag.py for tasks to queue
[2026-04-09T19:36:24.317+0000] {logging_mixin.py:188} INFO - [2026-04-09T19:36:24.317+0000] {dagbag.py:538} INFO - Filling up the DagBag from /home/airflow/.local/lib/python3.8/site-packages/airflow/example_dags/example_nested_branch_dag.py
[2026-04-09T19:36:24.338+0000] {processor.py:840} INFO - DAG(s) 'example_nested_branch_dag' retrieved from /home/airflow/.local/lib/python3.8/site-packages/airflow/example_dags/example_nested_branch_dag.py
[2026-04-09T19:36:24.373+0000] {logging_mixin.py:188} INFO - [2026-04-09T19:36:24.372+0000] {dag.py:3036} INFO - Sync 1 DAGs
[2026-04-09T19:36:24.436+0000] {logging_mixin.py:188} INFO - [2026-04-09T19:36:24.436+0000] {dag.py:3823} INFO - Setting next_dagrun for example_nested_branch_dag to 2026-04-08 00:00:00+00:00, run_after=2026-04-09 00:00:00+00:00
[2026-04-09T19:36:24.475+0000] {processor.py:183} INFO - Processing /home/airflow/.local/lib/python3.8/site-packages/airflow/example_dags/example_nested_branch_dag.py took 0.171 seconds
[2026-04-09T19:36:55.164+0000] {processor.py:161} INFO - Started process (PID=19193) to work on /home/airflow/.local/lib/python3.8/site-packages/airflow/example_dags/example_nested_branch_dag.py
[2026-04-09T19:36:55.166+0000] {processor.py:830} INFO - Processing file /home/airflow/.local/lib/python3.8/site-packages/airflow/example_dags/example_nested_branch_dag.py for tasks to queue
[2026-04-09T19:36:55.172+0000] {logging_mixin.py:188} INFO - [2026-04-09T19:36:55.171+0000] {dagbag.py:538} INFO - Filling up the DagBag from /home/airflow/.local/lib/python3.8/site-packages/airflow/example_dags/example_nested_branch_dag.py
[2026-04-09T19:36:55.190+0000] {processor.py:840} INFO - DAG(s) 'example_nested_branch_dag' retrieved from /home/airflow/.local/lib/python3.8/site-packages/airflow/example_dags/example_nested_branch_dag.py
[2026-04-09T19:36:55.226+0000] {logging_mixin.py:188} INFO - [2026-04-09T19:36:55.226+0000] {dag.py:3036} INFO - Sync 1 DAGs
[2026-04-09T19:36:55.269+0000] {logging_mixin.py:188} INFO - [2026-04-09T19:36:55.269+0000] {dag.py:3823} INFO - Setting next_dagrun for example_nested_branch_dag to 2026-04-08 00:00:00+00:00, run_after=2026-04-09 00:00:00+00:00
[2026-04-09T19:36:55.322+0000] {processor.py:183} INFO - Processing /home/airflow/.local/lib/python3.8/site-packages/airflow/example_dags/example_nested_branch_dag.py took 0.163 seconds
[2026-04-09T19:37:25.741+0000] {processor.py:161} INFO - Started process (PID=19250) to work on /home/airflow/.local/lib/python3.8/site-packages/airflow/example_dags/example_nested_branch_dag.py
[2026-04-09T19:37:25.743+0000] {processor.py:830} INFO - Processing file /home/airflow/.local/lib/python3.8/site-packages/airflow/example_dags/example_nested_branch_dag.py for tasks to queue
[2026-04-09T19:37:25.745+0000] {logging_mixin.py:188} INFO - [2026-04-09T19:37:25.745+0000] {dagbag.py:538} INFO - Filling up the DagBag from /home/airflow/.local/lib/python3.8/site-packages/airflow/example_dags/example_nested_branch_dag.py
[2026-04-09T19:37:25.760+0000] {processor.py:840} INFO - DAG(s) 'example_nested_branch_dag' retrieved from /home/airflow/.local/lib/python3.8/site-packages/airflow/example_dags/example_nested_branch_dag.py
[2026-04-09T19:37:25.800+0000] {logging_mixin.py:188} INFO - [2026-04-09T19:37:25.799+0000] {dag.py:3036} INFO - Sync 1 DAGs
[2026-04-09T19:37:25.864+0000] {logging_mixin.py:188} INFO - [2026-04-09T19:37:25.863+0000] {dag.py:3823} INFO - Setting next_dagrun for example_nested_branch_dag to 2026-04-08 00:00:00+00:00, run_after=2026-04-09 00:00:00+00:00
[2026-04-09T19:37:25.927+0000] {processor.py:183} INFO - Processing /home/airflow/.local/lib/python3.8/site-packages/airflow/example_dags/example_nested_branch_dag.py took 0.192 seconds
[2026-04-09T19:37:56.020+0000] {processor.py:161} INFO - Started process (PID=19308) to work on /home/airflow/.local/lib/python3.8/site-packages/airflow/example_dags/example_nested_branch_dag.py
[2026-04-09T19:37:56.022+0000] {processor.py:830} INFO - Processing file /home/airflow/.local/lib/python3.8/site-packages/airflow/example_dags/example_nested_branch_dag.py for tasks to queue
[2026-04-09T19:37:56.026+0000] {logging_mixin.py:188} INFO - [2026-04-09T19:37:56.026+0000] {dagbag.py:538} INFO - Filling up the DagBag from /home/airflow/.local/lib/python3.8/site-packages/airflow/example_dags/example_nested_branch_dag.py
[2026-04-09T19:37:56.040+0000] {processor.py:840} INFO - DAG(s) 'example_nested_branch_dag' retrieved from /home/airflow/.local/lib/python3.8/site-packages/airflow/example_dags/example_nested_branch_dag.py
[2026-04-09T19:37:56.091+0000] {logging_mixin.py:188} INFO - [2026-04-09T19:37:56.091+0000] {dag.py:3036} INFO - Sync 1 DAGs
[2026-04-09T19:37:56.128+0000] {logging_mixin.py:188} INFO - [2026-04-09T19:37:56.127+0000] {dag.py:3823} INFO - Setting next_dagrun for example_nested_branch_dag to 2026-04-08 00:00:00+00:00, run_after=2026-04-09 00:00:00+00:00
[2026-04-09T19:37:56.164+0000] {processor.py:183} INFO - Processing /home/airflow/.local/lib/python3.8/site-packages/airflow/example_dags/example_nested_branch_dag.py took 0.148 seconds
[2026-04-09T19:38:26.599+0000] {processor.py:161} INFO - Started process (PID=19365) to work on /home/airflow/.local/lib/python3.8/site-packages/airflow/example_dags/example_nested_branch_dag.py
[2026-04-09T19:38:26.601+0000] {processor.py:830} INFO - Processing file /home/airflow/.local/lib/python3.8/site-packages/airflow/example_dags/example_nested_branch_dag.py for tasks to queue
[2026-04-09T19:38:26.603+0000] {logging_mixin.py:188} INFO - [2026-04-09T19:38:26.603+0000] {dagbag.py:538} INFO - Filling up the DagBag from /home/airflow/.local/lib/python3.8/site-packages/airflow/example_dags/example_nested_branch_dag.py
[2026-04-09T19:38:26.620+0000] {processor.py:840} INFO - DAG(s) 'example_nested_branch_dag' retrieved from /home/airflow/.local/lib/python3.8/site-packages/airflow/example_dags/example_nested_branch_dag.py
[2026-04-09T19:38:26.660+0000] {logging_mixin.py:188} INFO - [2026-04-09T19:38:26.660+0000] {dag.py:3036} INFO - Sync 1 DAGs
[2026-04-09T19:38:26.693+0000] {logging_mixin.py:188} INFO - [2026-04-09T19:38:26.693+0000] {dag.py:3823} INFO - Setting next_dagrun for example_nested_branch_dag to 2026-04-08 00:00:00+00:00, run_after=2026-04-09 00:00:00+00:00
[2026-04-09T19:38:26.890+0000] {processor.py:183} INFO - Processing /home/airflow/.local/lib/python3.8/site-packages/airflow/example_dags/example_nested_branch_dag.py took 0.297 seconds
[2026-04-09T19:38:57.973+0000] {processor.py:161} INFO - Started process (PID=19395) to work on /home/airflow/.local/lib/python3.8/site-packages/airflow/example_dags/example_nested_branch_dag.py
[2026-04-09T19:38:57.975+0000] {processor.py:830} INFO - Processing file /home/airflow/.local/lib/python3.8/site-packages/airflow/example_dags/example_nested_branch_dag.py for tasks to queue
[2026-04-09T19:38:57.978+0000] {logging_mixin.py:188} INFO - [2026-04-09T19:38:57.978+0000] {dagbag.py:538} INFO - Filling up the DagBag from /home/airflow/.local/lib/python3.8/site-packages/airflow/example_dags/example_nested_branch_dag.py
[2026-04-09T19:38:57.997+0000] {processor.py:840} INFO - DAG(s) 'example_nested_branch_dag' retrieved from /home/airflow/.local/lib/python3.8/site-packages/airflow/example_dags/example_nested_branch_dag.py
[2026-04-09T19:38:58.031+0000] {logging_mixin.py:188} INFO - [2026-04-09T19:38:58.031+0000] {dag.py:3036} INFO - Sync 1 DAGs
[2026-04-09T19:38:58.072+0000] {logging_mixin.py:188} INFO - [2026-04-09T19:38:58.072+0000] {dag.py:3823} INFO - Setting next_dagrun for example_nested_branch_dag to 2026-04-08 00:00:00+00:00, run_after=2026-04-09 00:00:00+00:00
[2026-04-09T19:38:58.233+0000] {processor.py:183} INFO - Processing /home/airflow/.local/lib/python3.8/site-packages/airflow/example_dags/example_nested_branch_dag.py took 0.266 seconds
