[2026-04-14T19:44:20.868+0000] {processor.py:161} INFO - Started process (PID=55) to work on /home/airflow/.local/lib/python3.8/site-packages/airflow/example_dags/example_branch_python_dop_operator_3.py
[2026-04-14T19:44:20.870+0000] {processor.py:830} INFO - Processing file /home/airflow/.local/lib/python3.8/site-packages/airflow/example_dags/example_branch_python_dop_operator_3.py for tasks to queue
[2026-04-14T19:44:20.873+0000] {logging_mixin.py:188} INFO - [2026-04-14T19:44:20.873+0000] {dagbag.py:538} INFO - Filling up the DagBag from /home/airflow/.local/lib/python3.8/site-packages/airflow/example_dags/example_branch_python_dop_operator_3.py
[2026-04-14T19:44:20.893+0000] {processor.py:840} INFO - DAG(s) 'example_branch_dop_operator_v3' retrieved from /home/airflow/.local/lib/python3.8/site-packages/airflow/example_dags/example_branch_python_dop_operator_3.py
[2026-04-14T19:44:20.939+0000] {logging_mixin.py:188} INFO - [2026-04-14T19:44:20.939+0000] {dag.py:3036} INFO - Sync 1 DAGs
[2026-04-14T19:44:20.986+0000] {logging_mixin.py:188} INFO - [2026-04-14T19:44:20.985+0000] {dag.py:3823} INFO - Setting next_dagrun for example_branch_dop_operator_v3 to 2026-04-14 19:43:00+00:00, run_after=2026-04-14 19:44:00+00:00
[2026-04-14T19:44:21.016+0000] {processor.py:183} INFO - Processing /home/airflow/.local/lib/python3.8/site-packages/airflow/example_dags/example_branch_python_dop_operator_3.py took 0.155 seconds
[2026-04-14T19:44:51.310+0000] {processor.py:161} INFO - Started process (PID=112) to work on /home/airflow/.local/lib/python3.8/site-packages/airflow/example_dags/example_branch_python_dop_operator_3.py
[2026-04-14T19:44:51.312+0000] {processor.py:830} INFO - Processing file /home/airflow/.local/lib/python3.8/site-packages/airflow/example_dags/example_branch_python_dop_operator_3.py for tasks to queue
[2026-04-14T19:44:51.316+0000] {logging_mixin.py:188} INFO - [2026-04-14T19:44:51.315+0000] {dagbag.py:538} INFO - Filling up the DagBag from /home/airflow/.local/lib/python3.8/site-packages/airflow/example_dags/example_branch_python_dop_operator_3.py
[2026-04-14T19:44:51.335+0000] {processor.py:840} INFO - DAG(s) 'example_branch_dop_operator_v3' retrieved from /home/airflow/.local/lib/python3.8/site-packages/airflow/example_dags/example_branch_python_dop_operator_3.py
[2026-04-14T19:44:51.380+0000] {logging_mixin.py:188} INFO - [2026-04-14T19:44:51.379+0000] {dag.py:3036} INFO - Sync 1 DAGs
[2026-04-14T19:44:51.435+0000] {logging_mixin.py:188} INFO - [2026-04-14T19:44:51.435+0000] {dag.py:3823} INFO - Setting next_dagrun for example_branch_dop_operator_v3 to 2026-04-14 19:43:00+00:00, run_after=2026-04-14 19:44:00+00:00
[2026-04-14T19:44:51.476+0000] {processor.py:183} INFO - Processing /home/airflow/.local/lib/python3.8/site-packages/airflow/example_dags/example_branch_python_dop_operator_3.py took 0.173 seconds
[2026-04-14T19:45:21.609+0000] {processor.py:161} INFO - Started process (PID=170) to work on /home/airflow/.local/lib/python3.8/site-packages/airflow/example_dags/example_branch_python_dop_operator_3.py
[2026-04-14T19:45:21.611+0000] {processor.py:830} INFO - Processing file /home/airflow/.local/lib/python3.8/site-packages/airflow/example_dags/example_branch_python_dop_operator_3.py for tasks to queue
[2026-04-14T19:45:21.615+0000] {logging_mixin.py:188} INFO - [2026-04-14T19:45:21.614+0000] {dagbag.py:538} INFO - Filling up the DagBag from /home/airflow/.local/lib/python3.8/site-packages/airflow/example_dags/example_branch_python_dop_operator_3.py
[2026-04-14T19:45:21.635+0000] {processor.py:840} INFO - DAG(s) 'example_branch_dop_operator_v3' retrieved from /home/airflow/.local/lib/python3.8/site-packages/airflow/example_dags/example_branch_python_dop_operator_3.py
[2026-04-14T19:45:21.673+0000] {logging_mixin.py:188} INFO - [2026-04-14T19:45:21.673+0000] {dag.py:3036} INFO - Sync 1 DAGs
[2026-04-14T19:45:21.725+0000] {logging_mixin.py:188} INFO - [2026-04-14T19:45:21.725+0000] {dag.py:3823} INFO - Setting next_dagrun for example_branch_dop_operator_v3 to 2026-04-14 19:44:00+00:00, run_after=2026-04-14 19:45:00+00:00
[2026-04-14T19:45:21.771+0000] {processor.py:183} INFO - Processing /home/airflow/.local/lib/python3.8/site-packages/airflow/example_dags/example_branch_python_dop_operator_3.py took 0.169 seconds
[2026-04-14T19:45:52.249+0000] {processor.py:161} INFO - Started process (PID=227) to work on /home/airflow/.local/lib/python3.8/site-packages/airflow/example_dags/example_branch_python_dop_operator_3.py
[2026-04-14T19:45:52.251+0000] {processor.py:830} INFO - Processing file /home/airflow/.local/lib/python3.8/site-packages/airflow/example_dags/example_branch_python_dop_operator_3.py for tasks to queue
[2026-04-14T19:45:52.254+0000] {logging_mixin.py:188} INFO - [2026-04-14T19:45:52.253+0000] {dagbag.py:538} INFO - Filling up the DagBag from /home/airflow/.local/lib/python3.8/site-packages/airflow/example_dags/example_branch_python_dop_operator_3.py
[2026-04-14T19:45:52.268+0000] {processor.py:840} INFO - DAG(s) 'example_branch_dop_operator_v3' retrieved from /home/airflow/.local/lib/python3.8/site-packages/airflow/example_dags/example_branch_python_dop_operator_3.py
[2026-04-14T19:45:52.304+0000] {logging_mixin.py:188} INFO - [2026-04-14T19:45:52.304+0000] {dag.py:3036} INFO - Sync 1 DAGs
[2026-04-14T19:45:52.348+0000] {logging_mixin.py:188} INFO - [2026-04-14T19:45:52.348+0000] {dag.py:3823} INFO - Setting next_dagrun for example_branch_dop_operator_v3 to 2026-04-14 19:44:00+00:00, run_after=2026-04-14 19:45:00+00:00
[2026-04-14T19:45:52.380+0000] {processor.py:183} INFO - Processing /home/airflow/.local/lib/python3.8/site-packages/airflow/example_dags/example_branch_python_dop_operator_3.py took 0.137 seconds
[2026-04-14T19:46:23.269+0000] {processor.py:161} INFO - Started process (PID=290) to work on /home/airflow/.local/lib/python3.8/site-packages/airflow/example_dags/example_branch_python_dop_operator_3.py
[2026-04-14T19:46:23.271+0000] {processor.py:830} INFO - Processing file /home/airflow/.local/lib/python3.8/site-packages/airflow/example_dags/example_branch_python_dop_operator_3.py for tasks to queue
[2026-04-14T19:46:23.273+0000] {logging_mixin.py:188} INFO - [2026-04-14T19:46:23.272+0000] {dagbag.py:538} INFO - Filling up the DagBag from /home/airflow/.local/lib/python3.8/site-packages/airflow/example_dags/example_branch_python_dop_operator_3.py
[2026-04-14T19:46:23.284+0000] {processor.py:840} INFO - DAG(s) 'example_branch_dop_operator_v3' retrieved from /home/airflow/.local/lib/python3.8/site-packages/airflow/example_dags/example_branch_python_dop_operator_3.py
[2026-04-14T19:46:23.308+0000] {logging_mixin.py:188} INFO - [2026-04-14T19:46:23.308+0000] {dag.py:3036} INFO - Sync 1 DAGs
[2026-04-14T19:46:23.343+0000] {logging_mixin.py:188} INFO - [2026-04-14T19:46:23.343+0000] {dag.py:3823} INFO - Setting next_dagrun for example_branch_dop_operator_v3 to 2026-04-14 19:45:00+00:00, run_after=2026-04-14 19:46:00+00:00
[2026-04-14T19:46:23.423+0000] {processor.py:183} INFO - Processing /home/airflow/.local/lib/python3.8/site-packages/airflow/example_dags/example_branch_python_dop_operator_3.py took 0.158 seconds
[2026-04-14T19:46:53.490+0000] {processor.py:161} INFO - Started process (PID=347) to work on /home/airflow/.local/lib/python3.8/site-packages/airflow/example_dags/example_branch_python_dop_operator_3.py
[2026-04-14T19:46:53.491+0000] {processor.py:830} INFO - Processing file /home/airflow/.local/lib/python3.8/site-packages/airflow/example_dags/example_branch_python_dop_operator_3.py for tasks to queue
[2026-04-14T19:46:53.493+0000] {logging_mixin.py:188} INFO - [2026-04-14T19:46:53.492+0000] {dagbag.py:538} INFO - Filling up the DagBag from /home/airflow/.local/lib/python3.8/site-packages/airflow/example_dags/example_branch_python_dop_operator_3.py
[2026-04-14T19:46:53.500+0000] {processor.py:840} INFO - DAG(s) 'example_branch_dop_operator_v3' retrieved from /home/airflow/.local/lib/python3.8/site-packages/airflow/example_dags/example_branch_python_dop_operator_3.py
[2026-04-14T19:46:53.522+0000] {logging_mixin.py:188} INFO - [2026-04-14T19:46:53.521+0000] {dag.py:3036} INFO - Sync 1 DAGs
[2026-04-14T19:46:53.545+0000] {logging_mixin.py:188} INFO - [2026-04-14T19:46:53.545+0000] {dag.py:3823} INFO - Setting next_dagrun for example_branch_dop_operator_v3 to 2026-04-14 19:45:00+00:00, run_after=2026-04-14 19:46:00+00:00
[2026-04-14T19:46:53.569+0000] {processor.py:183} INFO - Processing /home/airflow/.local/lib/python3.8/site-packages/airflow/example_dags/example_branch_python_dop_operator_3.py took 0.083 seconds
[2026-04-14T19:47:23.837+0000] {processor.py:161} INFO - Started process (PID=404) to work on /home/airflow/.local/lib/python3.8/site-packages/airflow/example_dags/example_branch_python_dop_operator_3.py
[2026-04-14T19:47:23.838+0000] {processor.py:830} INFO - Processing file /home/airflow/.local/lib/python3.8/site-packages/airflow/example_dags/example_branch_python_dop_operator_3.py for tasks to queue
[2026-04-14T19:47:23.840+0000] {logging_mixin.py:188} INFO - [2026-04-14T19:47:23.840+0000] {dagbag.py:538} INFO - Filling up the DagBag from /home/airflow/.local/lib/python3.8/site-packages/airflow/example_dags/example_branch_python_dop_operator_3.py
[2026-04-14T19:47:23.848+0000] {processor.py:840} INFO - DAG(s) 'example_branch_dop_operator_v3' retrieved from /home/airflow/.local/lib/python3.8/site-packages/airflow/example_dags/example_branch_python_dop_operator_3.py
[2026-04-14T19:47:23.871+0000] {logging_mixin.py:188} INFO - [2026-04-14T19:47:23.870+0000] {dag.py:3036} INFO - Sync 1 DAGs
[2026-04-14T19:47:23.895+0000] {logging_mixin.py:188} INFO - [2026-04-14T19:47:23.895+0000] {dag.py:3823} INFO - Setting next_dagrun for example_branch_dop_operator_v3 to 2026-04-14 19:46:00+00:00, run_after=2026-04-14 19:47:00+00:00
[2026-04-14T19:47:23.918+0000] {processor.py:183} INFO - Processing /home/airflow/.local/lib/python3.8/site-packages/airflow/example_dags/example_branch_python_dop_operator_3.py took 0.085 seconds
[2026-04-14T19:47:53.978+0000] {processor.py:161} INFO - Started process (PID=461) to work on /home/airflow/.local/lib/python3.8/site-packages/airflow/example_dags/example_branch_python_dop_operator_3.py
[2026-04-14T19:47:53.979+0000] {processor.py:830} INFO - Processing file /home/airflow/.local/lib/python3.8/site-packages/airflow/example_dags/example_branch_python_dop_operator_3.py for tasks to queue
[2026-04-14T19:47:53.982+0000] {logging_mixin.py:188} INFO - [2026-04-14T19:47:53.982+0000] {dagbag.py:538} INFO - Filling up the DagBag from /home/airflow/.local/lib/python3.8/site-packages/airflow/example_dags/example_branch_python_dop_operator_3.py
[2026-04-14T19:47:53.993+0000] {processor.py:840} INFO - DAG(s) 'example_branch_dop_operator_v3' retrieved from /home/airflow/.local/lib/python3.8/site-packages/airflow/example_dags/example_branch_python_dop_operator_3.py
[2026-04-14T19:47:54.016+0000] {logging_mixin.py:188} INFO - [2026-04-14T19:47:54.016+0000] {dag.py:3036} INFO - Sync 1 DAGs
[2026-04-14T19:47:54.051+0000] {logging_mixin.py:188} INFO - [2026-04-14T19:47:54.050+0000] {dag.py:3823} INFO - Setting next_dagrun for example_branch_dop_operator_v3 to 2026-04-14 19:46:00+00:00, run_after=2026-04-14 19:47:00+00:00
[2026-04-14T19:47:54.086+0000] {processor.py:183} INFO - Processing /home/airflow/.local/lib/python3.8/site-packages/airflow/example_dags/example_branch_python_dop_operator_3.py took 0.112 seconds
[2026-04-14T19:48:24.204+0000] {processor.py:161} INFO - Started process (PID=518) to work on /home/airflow/.local/lib/python3.8/site-packages/airflow/example_dags/example_branch_python_dop_operator_3.py
[2026-04-14T19:48:24.206+0000] {processor.py:830} INFO - Processing file /home/airflow/.local/lib/python3.8/site-packages/airflow/example_dags/example_branch_python_dop_operator_3.py for tasks to queue
[2026-04-14T19:48:24.209+0000] {logging_mixin.py:188} INFO - [2026-04-14T19:48:24.208+0000] {dagbag.py:538} INFO - Filling up the DagBag from /home/airflow/.local/lib/python3.8/site-packages/airflow/example_dags/example_branch_python_dop_operator_3.py
[2026-04-14T19:48:24.219+0000] {processor.py:840} INFO - DAG(s) 'example_branch_dop_operator_v3' retrieved from /home/airflow/.local/lib/python3.8/site-packages/airflow/example_dags/example_branch_python_dop_operator_3.py
[2026-04-14T19:48:24.240+0000] {logging_mixin.py:188} INFO - [2026-04-14T19:48:24.240+0000] {dag.py:3036} INFO - Sync 1 DAGs
[2026-04-14T19:48:24.265+0000] {logging_mixin.py:188} INFO - [2026-04-14T19:48:24.264+0000] {dag.py:3823} INFO - Setting next_dagrun for example_branch_dop_operator_v3 to 2026-04-14 19:47:00+00:00, run_after=2026-04-14 19:48:00+00:00
[2026-04-14T19:48:24.288+0000] {processor.py:183} INFO - Processing /home/airflow/.local/lib/python3.8/site-packages/airflow/example_dags/example_branch_python_dop_operator_3.py took 0.088 seconds
[2026-04-14T19:48:54.513+0000] {processor.py:161} INFO - Started process (PID=575) to work on /home/airflow/.local/lib/python3.8/site-packages/airflow/example_dags/example_branch_python_dop_operator_3.py
[2026-04-14T19:48:54.514+0000] {processor.py:830} INFO - Processing file /home/airflow/.local/lib/python3.8/site-packages/airflow/example_dags/example_branch_python_dop_operator_3.py for tasks to queue
[2026-04-14T19:48:54.517+0000] {logging_mixin.py:188} INFO - [2026-04-14T19:48:54.516+0000] {dagbag.py:538} INFO - Filling up the DagBag from /home/airflow/.local/lib/python3.8/site-packages/airflow/example_dags/example_branch_python_dop_operator_3.py
[2026-04-14T19:48:54.532+0000] {processor.py:840} INFO - DAG(s) 'example_branch_dop_operator_v3' retrieved from /home/airflow/.local/lib/python3.8/site-packages/airflow/example_dags/example_branch_python_dop_operator_3.py
[2026-04-14T19:48:54.561+0000] {logging_mixin.py:188} INFO - [2026-04-14T19:48:54.560+0000] {dag.py:3036} INFO - Sync 1 DAGs
[2026-04-14T19:48:54.597+0000] {logging_mixin.py:188} INFO - [2026-04-14T19:48:54.596+0000] {dag.py:3823} INFO - Setting next_dagrun for example_branch_dop_operator_v3 to 2026-04-14 19:47:00+00:00, run_after=2026-04-14 19:48:00+00:00
[2026-04-14T19:48:54.628+0000] {processor.py:183} INFO - Processing /home/airflow/.local/lib/python3.8/site-packages/airflow/example_dags/example_branch_python_dop_operator_3.py took 0.122 seconds
[2026-04-14T19:49:24.803+0000] {processor.py:161} INFO - Started process (PID=632) to work on /home/airflow/.local/lib/python3.8/site-packages/airflow/example_dags/example_branch_python_dop_operator_3.py
[2026-04-14T19:49:24.804+0000] {processor.py:830} INFO - Processing file /home/airflow/.local/lib/python3.8/site-packages/airflow/example_dags/example_branch_python_dop_operator_3.py for tasks to queue
[2026-04-14T19:49:24.806+0000] {logging_mixin.py:188} INFO - [2026-04-14T19:49:24.806+0000] {dagbag.py:538} INFO - Filling up the DagBag from /home/airflow/.local/lib/python3.8/site-packages/airflow/example_dags/example_branch_python_dop_operator_3.py
[2026-04-14T19:49:24.815+0000] {processor.py:840} INFO - DAG(s) 'example_branch_dop_operator_v3' retrieved from /home/airflow/.local/lib/python3.8/site-packages/airflow/example_dags/example_branch_python_dop_operator_3.py
[2026-04-14T19:49:24.837+0000] {logging_mixin.py:188} INFO - [2026-04-14T19:49:24.837+0000] {dag.py:3036} INFO - Sync 1 DAGs
[2026-04-14T19:49:24.865+0000] {logging_mixin.py:188} INFO - [2026-04-14T19:49:24.865+0000] {dag.py:3823} INFO - Setting next_dagrun for example_branch_dop_operator_v3 to 2026-04-14 19:48:00+00:00, run_after=2026-04-14 19:49:00+00:00
[2026-04-14T19:49:25.385+0000] {processor.py:183} INFO - Processing /home/airflow/.local/lib/python3.8/site-packages/airflow/example_dags/example_branch_python_dop_operator_3.py took 0.586 seconds
[2026-04-14T19:49:56.180+0000] {processor.py:161} INFO - Started process (PID=690) to work on /home/airflow/.local/lib/python3.8/site-packages/airflow/example_dags/example_branch_python_dop_operator_3.py
[2026-04-14T19:49:56.182+0000] {processor.py:830} INFO - Processing file /home/airflow/.local/lib/python3.8/site-packages/airflow/example_dags/example_branch_python_dop_operator_3.py for tasks to queue
[2026-04-14T19:49:56.184+0000] {logging_mixin.py:188} INFO - [2026-04-14T19:49:56.184+0000] {dagbag.py:538} INFO - Filling up the DagBag from /home/airflow/.local/lib/python3.8/site-packages/airflow/example_dags/example_branch_python_dop_operator_3.py
[2026-04-14T19:49:56.193+0000] {processor.py:840} INFO - DAG(s) 'example_branch_dop_operator_v3' retrieved from /home/airflow/.local/lib/python3.8/site-packages/airflow/example_dags/example_branch_python_dop_operator_3.py
[2026-04-14T19:49:56.215+0000] {logging_mixin.py:188} INFO - [2026-04-14T19:49:56.214+0000] {dag.py:3036} INFO - Sync 1 DAGs
[2026-04-14T19:49:56.238+0000] {logging_mixin.py:188} INFO - [2026-04-14T19:49:56.238+0000] {dag.py:3823} INFO - Setting next_dagrun for example_branch_dop_operator_v3 to 2026-04-14 19:48:00+00:00, run_after=2026-04-14 19:49:00+00:00
[2026-04-14T19:49:56.293+0000] {processor.py:183} INFO - Processing /home/airflow/.local/lib/python3.8/site-packages/airflow/example_dags/example_branch_python_dop_operator_3.py took 0.116 seconds
[2026-04-14T19:50:26.433+0000] {processor.py:161} INFO - Started process (PID=747) to work on /home/airflow/.local/lib/python3.8/site-packages/airflow/example_dags/example_branch_python_dop_operator_3.py
[2026-04-14T19:50:26.434+0000] {processor.py:830} INFO - Processing file /home/airflow/.local/lib/python3.8/site-packages/airflow/example_dags/example_branch_python_dop_operator_3.py for tasks to queue
[2026-04-14T19:50:26.438+0000] {logging_mixin.py:188} INFO - [2026-04-14T19:50:26.438+0000] {dagbag.py:538} INFO - Filling up the DagBag from /home/airflow/.local/lib/python3.8/site-packages/airflow/example_dags/example_branch_python_dop_operator_3.py
[2026-04-14T19:50:26.455+0000] {processor.py:840} INFO - DAG(s) 'example_branch_dop_operator_v3' retrieved from /home/airflow/.local/lib/python3.8/site-packages/airflow/example_dags/example_branch_python_dop_operator_3.py
[2026-04-14T19:50:26.492+0000] {logging_mixin.py:188} INFO - [2026-04-14T19:50:26.492+0000] {dag.py:3036} INFO - Sync 1 DAGs
[2026-04-14T19:50:26.536+0000] {logging_mixin.py:188} INFO - [2026-04-14T19:50:26.535+0000] {dag.py:3823} INFO - Setting next_dagrun for example_branch_dop_operator_v3 to 2026-04-14 19:49:00+00:00, run_after=2026-04-14 19:50:00+00:00
[2026-04-14T19:50:26.823+0000] {processor.py:183} INFO - Processing /home/airflow/.local/lib/python3.8/site-packages/airflow/example_dags/example_branch_python_dop_operator_3.py took 0.398 seconds
[2026-04-14T19:50:56.883+0000] {processor.py:161} INFO - Started process (PID=804) to work on /home/airflow/.local/lib/python3.8/site-packages/airflow/example_dags/example_branch_python_dop_operator_3.py
[2026-04-14T19:50:56.890+0000] {processor.py:830} INFO - Processing file /home/airflow/.local/lib/python3.8/site-packages/airflow/example_dags/example_branch_python_dop_operator_3.py for tasks to queue
[2026-04-14T19:50:56.892+0000] {logging_mixin.py:188} INFO - [2026-04-14T19:50:56.892+0000] {dagbag.py:538} INFO - Filling up the DagBag from /home/airflow/.local/lib/python3.8/site-packages/airflow/example_dags/example_branch_python_dop_operator_3.py
[2026-04-14T19:50:56.910+0000] {processor.py:840} INFO - DAG(s) 'example_branch_dop_operator_v3' retrieved from /home/airflow/.local/lib/python3.8/site-packages/airflow/example_dags/example_branch_python_dop_operator_3.py
[2026-04-14T19:50:56.944+0000] {logging_mixin.py:188} INFO - [2026-04-14T19:50:56.943+0000] {dag.py:3036} INFO - Sync 1 DAGs
[2026-04-14T19:50:57.003+0000] {logging_mixin.py:188} INFO - [2026-04-14T19:50:57.003+0000] {dag.py:3823} INFO - Setting next_dagrun for example_branch_dop_operator_v3 to 2026-04-14 19:49:00+00:00, run_after=2026-04-14 19:50:00+00:00
[2026-04-14T19:50:57.093+0000] {processor.py:183} INFO - Processing /home/airflow/.local/lib/python3.8/site-packages/airflow/example_dags/example_branch_python_dop_operator_3.py took 0.213 seconds
[2026-04-14T19:51:27.680+0000] {processor.py:161} INFO - Started process (PID=860) to work on /home/airflow/.local/lib/python3.8/site-packages/airflow/example_dags/example_branch_python_dop_operator_3.py
[2026-04-14T19:51:27.682+0000] {processor.py:830} INFO - Processing file /home/airflow/.local/lib/python3.8/site-packages/airflow/example_dags/example_branch_python_dop_operator_3.py for tasks to queue
[2026-04-14T19:51:27.684+0000] {logging_mixin.py:188} INFO - [2026-04-14T19:51:27.683+0000] {dagbag.py:538} INFO - Filling up the DagBag from /home/airflow/.local/lib/python3.8/site-packages/airflow/example_dags/example_branch_python_dop_operator_3.py
[2026-04-14T19:51:27.693+0000] {processor.py:840} INFO - DAG(s) 'example_branch_dop_operator_v3' retrieved from /home/airflow/.local/lib/python3.8/site-packages/airflow/example_dags/example_branch_python_dop_operator_3.py
[2026-04-14T19:51:27.717+0000] {logging_mixin.py:188} INFO - [2026-04-14T19:51:27.717+0000] {dag.py:3036} INFO - Sync 1 DAGs
[2026-04-14T19:51:27.743+0000] {logging_mixin.py:188} INFO - [2026-04-14T19:51:27.743+0000] {dag.py:3823} INFO - Setting next_dagrun for example_branch_dop_operator_v3 to 2026-04-14 19:50:00+00:00, run_after=2026-04-14 19:51:00+00:00
[2026-04-14T19:51:27.766+0000] {processor.py:183} INFO - Processing /home/airflow/.local/lib/python3.8/site-packages/airflow/example_dags/example_branch_python_dop_operator_3.py took 0.090 seconds
[2026-04-14T19:51:58.008+0000] {processor.py:161} INFO - Started process (PID=917) to work on /home/airflow/.local/lib/python3.8/site-packages/airflow/example_dags/example_branch_python_dop_operator_3.py
[2026-04-14T19:51:58.010+0000] {processor.py:830} INFO - Processing file /home/airflow/.local/lib/python3.8/site-packages/airflow/example_dags/example_branch_python_dop_operator_3.py for tasks to queue
[2026-04-14T19:51:58.012+0000] {logging_mixin.py:188} INFO - [2026-04-14T19:51:58.012+0000] {dagbag.py:538} INFO - Filling up the DagBag from /home/airflow/.local/lib/python3.8/site-packages/airflow/example_dags/example_branch_python_dop_operator_3.py
[2026-04-14T19:51:58.021+0000] {processor.py:840} INFO - DAG(s) 'example_branch_dop_operator_v3' retrieved from /home/airflow/.local/lib/python3.8/site-packages/airflow/example_dags/example_branch_python_dop_operator_3.py
[2026-04-14T19:51:58.043+0000] {logging_mixin.py:188} INFO - [2026-04-14T19:51:58.043+0000] {dag.py:3036} INFO - Sync 1 DAGs
[2026-04-14T19:51:58.069+0000] {logging_mixin.py:188} INFO - [2026-04-14T19:51:58.069+0000] {dag.py:3823} INFO - Setting next_dagrun for example_branch_dop_operator_v3 to 2026-04-14 19:50:00+00:00, run_after=2026-04-14 19:51:00+00:00
[2026-04-14T19:51:58.090+0000] {processor.py:183} INFO - Processing /home/airflow/.local/lib/python3.8/site-packages/airflow/example_dags/example_branch_python_dop_operator_3.py took 0.086 seconds
[2026-04-14T19:52:28.841+0000] {processor.py:161} INFO - Started process (PID=974) to work on /home/airflow/.local/lib/python3.8/site-packages/airflow/example_dags/example_branch_python_dop_operator_3.py
[2026-04-14T19:52:28.843+0000] {processor.py:830} INFO - Processing file /home/airflow/.local/lib/python3.8/site-packages/airflow/example_dags/example_branch_python_dop_operator_3.py for tasks to queue
[2026-04-14T19:52:28.846+0000] {logging_mixin.py:188} INFO - [2026-04-14T19:52:28.845+0000] {dagbag.py:538} INFO - Filling up the DagBag from /home/airflow/.local/lib/python3.8/site-packages/airflow/example_dags/example_branch_python_dop_operator_3.py
[2026-04-14T19:52:28.866+0000] {processor.py:840} INFO - DAG(s) 'example_branch_dop_operator_v3' retrieved from /home/airflow/.local/lib/python3.8/site-packages/airflow/example_dags/example_branch_python_dop_operator_3.py
[2026-04-14T19:52:28.902+0000] {logging_mixin.py:188} INFO - [2026-04-14T19:52:28.901+0000] {dag.py:3036} INFO - Sync 1 DAGs
[2026-04-14T19:52:28.938+0000] {logging_mixin.py:188} INFO - [2026-04-14T19:52:28.938+0000] {dag.py:3823} INFO - Setting next_dagrun for example_branch_dop_operator_v3 to 2026-04-14 19:51:00+00:00, run_after=2026-04-14 19:52:00+00:00
[2026-04-14T19:52:28.967+0000] {processor.py:183} INFO - Processing /home/airflow/.local/lib/python3.8/site-packages/airflow/example_dags/example_branch_python_dop_operator_3.py took 0.131 seconds
[2026-04-14T19:52:59.145+0000] {processor.py:161} INFO - Started process (PID=1031) to work on /home/airflow/.local/lib/python3.8/site-packages/airflow/example_dags/example_branch_python_dop_operator_3.py
[2026-04-14T19:52:59.147+0000] {processor.py:830} INFO - Processing file /home/airflow/.local/lib/python3.8/site-packages/airflow/example_dags/example_branch_python_dop_operator_3.py for tasks to queue
[2026-04-14T19:52:59.150+0000] {logging_mixin.py:188} INFO - [2026-04-14T19:52:59.149+0000] {dagbag.py:538} INFO - Filling up the DagBag from /home/airflow/.local/lib/python3.8/site-packages/airflow/example_dags/example_branch_python_dop_operator_3.py
[2026-04-14T19:52:59.164+0000] {processor.py:840} INFO - DAG(s) 'example_branch_dop_operator_v3' retrieved from /home/airflow/.local/lib/python3.8/site-packages/airflow/example_dags/example_branch_python_dop_operator_3.py
[2026-04-14T19:52:59.196+0000] {logging_mixin.py:188} INFO - [2026-04-14T19:52:59.196+0000] {dag.py:3036} INFO - Sync 1 DAGs
[2026-04-14T19:52:59.235+0000] {logging_mixin.py:188} INFO - [2026-04-14T19:52:59.235+0000] {dag.py:3823} INFO - Setting next_dagrun for example_branch_dop_operator_v3 to 2026-04-14 19:51:00+00:00, run_after=2026-04-14 19:52:00+00:00
[2026-04-14T19:52:59.267+0000] {processor.py:183} INFO - Processing /home/airflow/.local/lib/python3.8/site-packages/airflow/example_dags/example_branch_python_dop_operator_3.py took 0.129 seconds
[2026-04-14T19:53:29.772+0000] {processor.py:161} INFO - Started process (PID=1088) to work on /home/airflow/.local/lib/python3.8/site-packages/airflow/example_dags/example_branch_python_dop_operator_3.py
[2026-04-14T19:53:29.773+0000] {processor.py:830} INFO - Processing file /home/airflow/.local/lib/python3.8/site-packages/airflow/example_dags/example_branch_python_dop_operator_3.py for tasks to queue
[2026-04-14T19:53:29.775+0000] {logging_mixin.py:188} INFO - [2026-04-14T19:53:29.775+0000] {dagbag.py:538} INFO - Filling up the DagBag from /home/airflow/.local/lib/python3.8/site-packages/airflow/example_dags/example_branch_python_dop_operator_3.py
[2026-04-14T19:53:29.786+0000] {processor.py:840} INFO - DAG(s) 'example_branch_dop_operator_v3' retrieved from /home/airflow/.local/lib/python3.8/site-packages/airflow/example_dags/example_branch_python_dop_operator_3.py
[2026-04-14T19:53:29.808+0000] {logging_mixin.py:188} INFO - [2026-04-14T19:53:29.807+0000] {dag.py:3036} INFO - Sync 1 DAGs
[2026-04-14T19:53:29.831+0000] {logging_mixin.py:188} INFO - [2026-04-14T19:53:29.831+0000] {dag.py:3823} INFO - Setting next_dagrun for example_branch_dop_operator_v3 to 2026-04-14 19:52:00+00:00, run_after=2026-04-14 19:53:00+00:00
[2026-04-14T19:53:29.936+0000] {processor.py:183} INFO - Processing /home/airflow/.local/lib/python3.8/site-packages/airflow/example_dags/example_branch_python_dop_operator_3.py took 0.169 seconds
[2026-04-14T19:54:00.071+0000] {processor.py:161} INFO - Started process (PID=1145) to work on /home/airflow/.local/lib/python3.8/site-packages/airflow/example_dags/example_branch_python_dop_operator_3.py
[2026-04-14T19:54:00.075+0000] {processor.py:830} INFO - Processing file /home/airflow/.local/lib/python3.8/site-packages/airflow/example_dags/example_branch_python_dop_operator_3.py for tasks to queue
[2026-04-14T19:54:00.078+0000] {logging_mixin.py:188} INFO - [2026-04-14T19:54:00.077+0000] {dagbag.py:538} INFO - Filling up the DagBag from /home/airflow/.local/lib/python3.8/site-packages/airflow/example_dags/example_branch_python_dop_operator_3.py
[2026-04-14T19:54:00.089+0000] {processor.py:840} INFO - DAG(s) 'example_branch_dop_operator_v3' retrieved from /home/airflow/.local/lib/python3.8/site-packages/airflow/example_dags/example_branch_python_dop_operator_3.py
[2026-04-14T19:54:00.116+0000] {logging_mixin.py:188} INFO - [2026-04-14T19:54:00.115+0000] {dag.py:3036} INFO - Sync 1 DAGs
[2026-04-14T19:54:00.147+0000] {logging_mixin.py:188} INFO - [2026-04-14T19:54:00.147+0000] {dag.py:3823} INFO - Setting next_dagrun for example_branch_dop_operator_v3 to 2026-04-14 19:53:00+00:00, run_after=2026-04-14 19:54:00+00:00
[2026-04-14T19:54:00.176+0000] {processor.py:183} INFO - Processing /home/airflow/.local/lib/python3.8/site-packages/airflow/example_dags/example_branch_python_dop_operator_3.py took 0.110 seconds
[2026-04-14T19:54:30.318+0000] {processor.py:161} INFO - Started process (PID=1202) to work on /home/airflow/.local/lib/python3.8/site-packages/airflow/example_dags/example_branch_python_dop_operator_3.py
[2026-04-14T19:54:30.320+0000] {processor.py:830} INFO - Processing file /home/airflow/.local/lib/python3.8/site-packages/airflow/example_dags/example_branch_python_dop_operator_3.py for tasks to queue
[2026-04-14T19:54:30.323+0000] {logging_mixin.py:188} INFO - [2026-04-14T19:54:30.323+0000] {dagbag.py:538} INFO - Filling up the DagBag from /home/airflow/.local/lib/python3.8/site-packages/airflow/example_dags/example_branch_python_dop_operator_3.py
[2026-04-14T19:54:30.331+0000] {processor.py:840} INFO - DAG(s) 'example_branch_dop_operator_v3' retrieved from /home/airflow/.local/lib/python3.8/site-packages/airflow/example_dags/example_branch_python_dop_operator_3.py
[2026-04-14T19:54:30.356+0000] {logging_mixin.py:188} INFO - [2026-04-14T19:54:30.355+0000] {dag.py:3036} INFO - Sync 1 DAGs
[2026-04-14T19:54:30.380+0000] {logging_mixin.py:188} INFO - [2026-04-14T19:54:30.380+0000] {dag.py:3823} INFO - Setting next_dagrun for example_branch_dop_operator_v3 to 2026-04-14 19:53:00+00:00, run_after=2026-04-14 19:54:00+00:00
[2026-04-14T19:54:30.407+0000] {processor.py:183} INFO - Processing /home/airflow/.local/lib/python3.8/site-packages/airflow/example_dags/example_branch_python_dop_operator_3.py took 0.092 seconds
[2026-04-14T19:55:00.583+0000] {processor.py:161} INFO - Started process (PID=1259) to work on /home/airflow/.local/lib/python3.8/site-packages/airflow/example_dags/example_branch_python_dop_operator_3.py
[2026-04-14T19:55:00.584+0000] {processor.py:830} INFO - Processing file /home/airflow/.local/lib/python3.8/site-packages/airflow/example_dags/example_branch_python_dop_operator_3.py for tasks to queue
[2026-04-14T19:55:00.586+0000] {logging_mixin.py:188} INFO - [2026-04-14T19:55:00.586+0000] {dagbag.py:538} INFO - Filling up the DagBag from /home/airflow/.local/lib/python3.8/site-packages/airflow/example_dags/example_branch_python_dop_operator_3.py
[2026-04-14T19:55:00.594+0000] {processor.py:840} INFO - DAG(s) 'example_branch_dop_operator_v3' retrieved from /home/airflow/.local/lib/python3.8/site-packages/airflow/example_dags/example_branch_python_dop_operator_3.py
[2026-04-14T19:55:00.616+0000] {logging_mixin.py:188} INFO - [2026-04-14T19:55:00.616+0000] {dag.py:3036} INFO - Sync 1 DAGs
[2026-04-14T19:55:00.639+0000] {logging_mixin.py:188} INFO - [2026-04-14T19:55:00.639+0000] {dag.py:3823} INFO - Setting next_dagrun for example_branch_dop_operator_v3 to 2026-04-14 19:54:00+00:00, run_after=2026-04-14 19:55:00+00:00
[2026-04-14T19:55:00.659+0000] {processor.py:183} INFO - Processing /home/airflow/.local/lib/python3.8/site-packages/airflow/example_dags/example_branch_python_dop_operator_3.py took 0.080 seconds
[2026-04-14T19:55:30.863+0000] {processor.py:161} INFO - Started process (PID=1316) to work on /home/airflow/.local/lib/python3.8/site-packages/airflow/example_dags/example_branch_python_dop_operator_3.py
[2026-04-14T19:55:30.865+0000] {processor.py:830} INFO - Processing file /home/airflow/.local/lib/python3.8/site-packages/airflow/example_dags/example_branch_python_dop_operator_3.py for tasks to queue
[2026-04-14T19:55:30.867+0000] {logging_mixin.py:188} INFO - [2026-04-14T19:55:30.866+0000] {dagbag.py:538} INFO - Filling up the DagBag from /home/airflow/.local/lib/python3.8/site-packages/airflow/example_dags/example_branch_python_dop_operator_3.py
[2026-04-14T19:55:30.878+0000] {processor.py:840} INFO - DAG(s) 'example_branch_dop_operator_v3' retrieved from /home/airflow/.local/lib/python3.8/site-packages/airflow/example_dags/example_branch_python_dop_operator_3.py
[2026-04-14T19:55:30.902+0000] {logging_mixin.py:188} INFO - [2026-04-14T19:55:30.902+0000] {dag.py:3036} INFO - Sync 1 DAGs
[2026-04-14T19:55:30.932+0000] {logging_mixin.py:188} INFO - [2026-04-14T19:55:30.931+0000] {dag.py:3823} INFO - Setting next_dagrun for example_branch_dop_operator_v3 to 2026-04-14 19:54:00+00:00, run_after=2026-04-14 19:55:00+00:00
[2026-04-14T19:55:30.962+0000] {processor.py:183} INFO - Processing /home/airflow/.local/lib/python3.8/site-packages/airflow/example_dags/example_branch_python_dop_operator_3.py took 0.101 seconds
[2026-04-14T19:56:01.171+0000] {processor.py:161} INFO - Started process (PID=1373) to work on /home/airflow/.local/lib/python3.8/site-packages/airflow/example_dags/example_branch_python_dop_operator_3.py
[2026-04-14T19:56:01.173+0000] {processor.py:830} INFO - Processing file /home/airflow/.local/lib/python3.8/site-packages/airflow/example_dags/example_branch_python_dop_operator_3.py for tasks to queue
[2026-04-14T19:56:01.175+0000] {logging_mixin.py:188} INFO - [2026-04-14T19:56:01.175+0000] {dagbag.py:538} INFO - Filling up the DagBag from /home/airflow/.local/lib/python3.8/site-packages/airflow/example_dags/example_branch_python_dop_operator_3.py
[2026-04-14T19:56:01.184+0000] {processor.py:840} INFO - DAG(s) 'example_branch_dop_operator_v3' retrieved from /home/airflow/.local/lib/python3.8/site-packages/airflow/example_dags/example_branch_python_dop_operator_3.py
[2026-04-14T19:56:01.209+0000] {logging_mixin.py:188} INFO - [2026-04-14T19:56:01.209+0000] {dag.py:3036} INFO - Sync 1 DAGs
[2026-04-14T19:56:01.243+0000] {logging_mixin.py:188} INFO - [2026-04-14T19:56:01.243+0000] {dag.py:3823} INFO - Setting next_dagrun for example_branch_dop_operator_v3 to 2026-04-14 19:55:00+00:00, run_after=2026-04-14 19:56:00+00:00
[2026-04-14T19:56:01.272+0000] {processor.py:183} INFO - Processing /home/airflow/.local/lib/python3.8/site-packages/airflow/example_dags/example_branch_python_dop_operator_3.py took 0.106 seconds
[2026-04-14T19:56:31.550+0000] {processor.py:161} INFO - Started process (PID=1430) to work on /home/airflow/.local/lib/python3.8/site-packages/airflow/example_dags/example_branch_python_dop_operator_3.py
[2026-04-14T19:56:31.552+0000] {processor.py:830} INFO - Processing file /home/airflow/.local/lib/python3.8/site-packages/airflow/example_dags/example_branch_python_dop_operator_3.py for tasks to queue
[2026-04-14T19:56:31.555+0000] {logging_mixin.py:188} INFO - [2026-04-14T19:56:31.555+0000] {dagbag.py:538} INFO - Filling up the DagBag from /home/airflow/.local/lib/python3.8/site-packages/airflow/example_dags/example_branch_python_dop_operator_3.py
[2026-04-14T19:56:31.564+0000] {processor.py:840} INFO - DAG(s) 'example_branch_dop_operator_v3' retrieved from /home/airflow/.local/lib/python3.8/site-packages/airflow/example_dags/example_branch_python_dop_operator_3.py
[2026-04-14T19:56:31.593+0000] {logging_mixin.py:188} INFO - [2026-04-14T19:56:31.593+0000] {dag.py:3036} INFO - Sync 1 DAGs
[2026-04-14T19:56:31.624+0000] {logging_mixin.py:188} INFO - [2026-04-14T19:56:31.623+0000] {dag.py:3823} INFO - Setting next_dagrun for example_branch_dop_operator_v3 to 2026-04-14 19:55:00+00:00, run_after=2026-04-14 19:56:00+00:00
[2026-04-14T19:56:31.661+0000] {processor.py:183} INFO - Processing /home/airflow/.local/lib/python3.8/site-packages/airflow/example_dags/example_branch_python_dop_operator_3.py took 0.116 seconds
[2026-04-14T19:57:01.850+0000] {processor.py:161} INFO - Started process (PID=1487) to work on /home/airflow/.local/lib/python3.8/site-packages/airflow/example_dags/example_branch_python_dop_operator_3.py
[2026-04-14T19:57:01.854+0000] {processor.py:830} INFO - Processing file /home/airflow/.local/lib/python3.8/site-packages/airflow/example_dags/example_branch_python_dop_operator_3.py for tasks to queue
[2026-04-14T19:57:01.857+0000] {logging_mixin.py:188} INFO - [2026-04-14T19:57:01.857+0000] {dagbag.py:538} INFO - Filling up the DagBag from /home/airflow/.local/lib/python3.8/site-packages/airflow/example_dags/example_branch_python_dop_operator_3.py
[2026-04-14T19:57:01.874+0000] {processor.py:840} INFO - DAG(s) 'example_branch_dop_operator_v3' retrieved from /home/airflow/.local/lib/python3.8/site-packages/airflow/example_dags/example_branch_python_dop_operator_3.py
[2026-04-14T19:57:01.901+0000] {logging_mixin.py:188} INFO - [2026-04-14T19:57:01.900+0000] {dag.py:3036} INFO - Sync 1 DAGs
[2026-04-14T19:57:01.949+0000] {logging_mixin.py:188} INFO - [2026-04-14T19:57:01.949+0000] {dag.py:3823} INFO - Setting next_dagrun for example_branch_dop_operator_v3 to 2026-04-14 19:56:00+00:00, run_after=2026-04-14 19:57:00+00:00
[2026-04-14T19:57:01.977+0000] {processor.py:183} INFO - Processing /home/airflow/.local/lib/python3.8/site-packages/airflow/example_dags/example_branch_python_dop_operator_3.py took 0.132 seconds
[2026-04-14T19:57:32.579+0000] {processor.py:161} INFO - Started process (PID=1544) to work on /home/airflow/.local/lib/python3.8/site-packages/airflow/example_dags/example_branch_python_dop_operator_3.py
[2026-04-14T19:57:32.581+0000] {processor.py:830} INFO - Processing file /home/airflow/.local/lib/python3.8/site-packages/airflow/example_dags/example_branch_python_dop_operator_3.py for tasks to queue
[2026-04-14T19:57:32.585+0000] {logging_mixin.py:188} INFO - [2026-04-14T19:57:32.584+0000] {dagbag.py:538} INFO - Filling up the DagBag from /home/airflow/.local/lib/python3.8/site-packages/airflow/example_dags/example_branch_python_dop_operator_3.py
[2026-04-14T19:57:32.593+0000] {processor.py:840} INFO - DAG(s) 'example_branch_dop_operator_v3' retrieved from /home/airflow/.local/lib/python3.8/site-packages/airflow/example_dags/example_branch_python_dop_operator_3.py
[2026-04-14T19:57:32.618+0000] {logging_mixin.py:188} INFO - [2026-04-14T19:57:32.618+0000] {dag.py:3036} INFO - Sync 1 DAGs
[2026-04-14T19:57:32.643+0000] {logging_mixin.py:188} INFO - [2026-04-14T19:57:32.643+0000] {dag.py:3823} INFO - Setting next_dagrun for example_branch_dop_operator_v3 to 2026-04-14 19:56:00+00:00, run_after=2026-04-14 19:57:00+00:00
[2026-04-14T19:57:32.671+0000] {processor.py:183} INFO - Processing /home/airflow/.local/lib/python3.8/site-packages/airflow/example_dags/example_branch_python_dop_operator_3.py took 0.094 seconds
[2026-04-14T19:58:02.968+0000] {processor.py:161} INFO - Started process (PID=1601) to work on /home/airflow/.local/lib/python3.8/site-packages/airflow/example_dags/example_branch_python_dop_operator_3.py
[2026-04-14T19:58:02.969+0000] {processor.py:830} INFO - Processing file /home/airflow/.local/lib/python3.8/site-packages/airflow/example_dags/example_branch_python_dop_operator_3.py for tasks to queue
[2026-04-14T19:58:02.972+0000] {logging_mixin.py:188} INFO - [2026-04-14T19:58:02.972+0000] {dagbag.py:538} INFO - Filling up the DagBag from /home/airflow/.local/lib/python3.8/site-packages/airflow/example_dags/example_branch_python_dop_operator_3.py
[2026-04-14T19:58:02.982+0000] {processor.py:840} INFO - DAG(s) 'example_branch_dop_operator_v3' retrieved from /home/airflow/.local/lib/python3.8/site-packages/airflow/example_dags/example_branch_python_dop_operator_3.py
[2026-04-14T19:58:03.009+0000] {logging_mixin.py:188} INFO - [2026-04-14T19:58:03.009+0000] {dag.py:3036} INFO - Sync 1 DAGs
[2026-04-14T19:58:03.041+0000] {logging_mixin.py:188} INFO - [2026-04-14T19:58:03.041+0000] {dag.py:3823} INFO - Setting next_dagrun for example_branch_dop_operator_v3 to 2026-04-14 19:57:00+00:00, run_after=2026-04-14 19:58:00+00:00
[2026-04-14T19:58:03.067+0000] {processor.py:183} INFO - Processing /home/airflow/.local/lib/python3.8/site-packages/airflow/example_dags/example_branch_python_dop_operator_3.py took 0.102 seconds
[2026-04-14T19:58:33.359+0000] {processor.py:161} INFO - Started process (PID=1658) to work on /home/airflow/.local/lib/python3.8/site-packages/airflow/example_dags/example_branch_python_dop_operator_3.py
[2026-04-14T19:58:33.360+0000] {processor.py:830} INFO - Processing file /home/airflow/.local/lib/python3.8/site-packages/airflow/example_dags/example_branch_python_dop_operator_3.py for tasks to queue
[2026-04-14T19:58:33.364+0000] {logging_mixin.py:188} INFO - [2026-04-14T19:58:33.363+0000] {dagbag.py:538} INFO - Filling up the DagBag from /home/airflow/.local/lib/python3.8/site-packages/airflow/example_dags/example_branch_python_dop_operator_3.py
[2026-04-14T19:58:33.376+0000] {processor.py:840} INFO - DAG(s) 'example_branch_dop_operator_v3' retrieved from /home/airflow/.local/lib/python3.8/site-packages/airflow/example_dags/example_branch_python_dop_operator_3.py
[2026-04-14T19:58:33.402+0000] {logging_mixin.py:188} INFO - [2026-04-14T19:58:33.402+0000] {dag.py:3036} INFO - Sync 1 DAGs
[2026-04-14T19:58:33.436+0000] {logging_mixin.py:188} INFO - [2026-04-14T19:58:33.436+0000] {dag.py:3823} INFO - Setting next_dagrun for example_branch_dop_operator_v3 to 2026-04-14 19:57:00+00:00, run_after=2026-04-14 19:58:00+00:00
[2026-04-14T19:58:33.569+0000] {processor.py:183} INFO - Processing /home/airflow/.local/lib/python3.8/site-packages/airflow/example_dags/example_branch_python_dop_operator_3.py took 0.215 seconds
[2026-04-14T19:59:03.622+0000] {processor.py:161} INFO - Started process (PID=1715) to work on /home/airflow/.local/lib/python3.8/site-packages/airflow/example_dags/example_branch_python_dop_operator_3.py
[2026-04-14T19:59:03.625+0000] {processor.py:830} INFO - Processing file /home/airflow/.local/lib/python3.8/site-packages/airflow/example_dags/example_branch_python_dop_operator_3.py for tasks to queue
[2026-04-14T19:59:03.628+0000] {logging_mixin.py:188} INFO - [2026-04-14T19:59:03.627+0000] {dagbag.py:538} INFO - Filling up the DagBag from /home/airflow/.local/lib/python3.8/site-packages/airflow/example_dags/example_branch_python_dop_operator_3.py
[2026-04-14T19:59:03.643+0000] {processor.py:840} INFO - DAG(s) 'example_branch_dop_operator_v3' retrieved from /home/airflow/.local/lib/python3.8/site-packages/airflow/example_dags/example_branch_python_dop_operator_3.py
[2026-04-14T19:59:03.674+0000] {logging_mixin.py:188} INFO - [2026-04-14T19:59:03.674+0000] {dag.py:3036} INFO - Sync 1 DAGs
[2026-04-14T19:59:03.716+0000] {logging_mixin.py:188} INFO - [2026-04-14T19:59:03.715+0000] {dag.py:3823} INFO - Setting next_dagrun for example_branch_dop_operator_v3 to 2026-04-14 19:58:00+00:00, run_after=2026-04-14 19:59:00+00:00
[2026-04-14T19:59:03.737+0000] {processor.py:183} INFO - Processing /home/airflow/.local/lib/python3.8/site-packages/airflow/example_dags/example_branch_python_dop_operator_3.py took 0.122 seconds
[2026-04-14T19:59:33.963+0000] {processor.py:161} INFO - Started process (PID=1772) to work on /home/airflow/.local/lib/python3.8/site-packages/airflow/example_dags/example_branch_python_dop_operator_3.py
[2026-04-14T19:59:33.965+0000] {processor.py:830} INFO - Processing file /home/airflow/.local/lib/python3.8/site-packages/airflow/example_dags/example_branch_python_dop_operator_3.py for tasks to queue
[2026-04-14T19:59:33.967+0000] {logging_mixin.py:188} INFO - [2026-04-14T19:59:33.967+0000] {dagbag.py:538} INFO - Filling up the DagBag from /home/airflow/.local/lib/python3.8/site-packages/airflow/example_dags/example_branch_python_dop_operator_3.py
[2026-04-14T19:59:33.978+0000] {processor.py:840} INFO - DAG(s) 'example_branch_dop_operator_v3' retrieved from /home/airflow/.local/lib/python3.8/site-packages/airflow/example_dags/example_branch_python_dop_operator_3.py
[2026-04-14T19:59:34.000+0000] {logging_mixin.py:188} INFO - [2026-04-14T19:59:34.000+0000] {dag.py:3036} INFO - Sync 1 DAGs
[2026-04-14T19:59:34.023+0000] {logging_mixin.py:188} INFO - [2026-04-14T19:59:34.023+0000] {dag.py:3823} INFO - Setting next_dagrun for example_branch_dop_operator_v3 to 2026-04-14 19:58:00+00:00, run_after=2026-04-14 19:59:00+00:00
[2026-04-14T19:59:34.047+0000] {processor.py:183} INFO - Processing /home/airflow/.local/lib/python3.8/site-packages/airflow/example_dags/example_branch_python_dop_operator_3.py took 0.089 seconds
[2026-04-14T20:00:04.305+0000] {processor.py:161} INFO - Started process (PID=1829) to work on /home/airflow/.local/lib/python3.8/site-packages/airflow/example_dags/example_branch_python_dop_operator_3.py
[2026-04-14T20:00:04.306+0000] {processor.py:830} INFO - Processing file /home/airflow/.local/lib/python3.8/site-packages/airflow/example_dags/example_branch_python_dop_operator_3.py for tasks to queue
[2026-04-14T20:00:04.308+0000] {logging_mixin.py:188} INFO - [2026-04-14T20:00:04.308+0000] {dagbag.py:538} INFO - Filling up the DagBag from /home/airflow/.local/lib/python3.8/site-packages/airflow/example_dags/example_branch_python_dop_operator_3.py
[2026-04-14T20:00:04.317+0000] {processor.py:840} INFO - DAG(s) 'example_branch_dop_operator_v3' retrieved from /home/airflow/.local/lib/python3.8/site-packages/airflow/example_dags/example_branch_python_dop_operator_3.py
[2026-04-14T20:00:04.339+0000] {logging_mixin.py:188} INFO - [2026-04-14T20:00:04.339+0000] {dag.py:3036} INFO - Sync 1 DAGs
[2026-04-14T20:00:04.367+0000] {logging_mixin.py:188} INFO - [2026-04-14T20:00:04.367+0000] {dag.py:3823} INFO - Setting next_dagrun for example_branch_dop_operator_v3 to 2026-04-14 19:59:00+00:00, run_after=2026-04-14 20:00:00+00:00
[2026-04-14T20:00:04.398+0000] {processor.py:183} INFO - Processing /home/airflow/.local/lib/python3.8/site-packages/airflow/example_dags/example_branch_python_dop_operator_3.py took 0.097 seconds
[2026-04-14T20:00:34.653+0000] {processor.py:161} INFO - Started process (PID=1887) to work on /home/airflow/.local/lib/python3.8/site-packages/airflow/example_dags/example_branch_python_dop_operator_3.py
[2026-04-14T20:00:34.655+0000] {processor.py:830} INFO - Processing file /home/airflow/.local/lib/python3.8/site-packages/airflow/example_dags/example_branch_python_dop_operator_3.py for tasks to queue
[2026-04-14T20:00:34.657+0000] {logging_mixin.py:188} INFO - [2026-04-14T20:00:34.656+0000] {dagbag.py:538} INFO - Filling up the DagBag from /home/airflow/.local/lib/python3.8/site-packages/airflow/example_dags/example_branch_python_dop_operator_3.py
[2026-04-14T20:00:34.665+0000] {processor.py:840} INFO - DAG(s) 'example_branch_dop_operator_v3' retrieved from /home/airflow/.local/lib/python3.8/site-packages/airflow/example_dags/example_branch_python_dop_operator_3.py
[2026-04-14T20:00:34.686+0000] {logging_mixin.py:188} INFO - [2026-04-14T20:00:34.686+0000] {dag.py:3036} INFO - Sync 1 DAGs
[2026-04-14T20:00:34.708+0000] {logging_mixin.py:188} INFO - [2026-04-14T20:00:34.707+0000] {dag.py:3823} INFO - Setting next_dagrun for example_branch_dop_operator_v3 to 2026-04-14 19:59:00+00:00, run_after=2026-04-14 20:00:00+00:00
[2026-04-14T20:00:34.734+0000] {processor.py:183} INFO - Processing /home/airflow/.local/lib/python3.8/site-packages/airflow/example_dags/example_branch_python_dop_operator_3.py took 0.084 seconds
[2026-04-14T20:01:04.785+0000] {processor.py:161} INFO - Started process (PID=1944) to work on /home/airflow/.local/lib/python3.8/site-packages/airflow/example_dags/example_branch_python_dop_operator_3.py
[2026-04-14T20:01:04.786+0000] {processor.py:830} INFO - Processing file /home/airflow/.local/lib/python3.8/site-packages/airflow/example_dags/example_branch_python_dop_operator_3.py for tasks to queue
[2026-04-14T20:01:04.789+0000] {logging_mixin.py:188} INFO - [2026-04-14T20:01:04.788+0000] {dagbag.py:538} INFO - Filling up the DagBag from /home/airflow/.local/lib/python3.8/site-packages/airflow/example_dags/example_branch_python_dop_operator_3.py
[2026-04-14T20:01:04.800+0000] {processor.py:840} INFO - DAG(s) 'example_branch_dop_operator_v3' retrieved from /home/airflow/.local/lib/python3.8/site-packages/airflow/example_dags/example_branch_python_dop_operator_3.py
[2026-04-14T20:01:04.834+0000] {logging_mixin.py:188} INFO - [2026-04-14T20:01:04.834+0000] {dag.py:3036} INFO - Sync 1 DAGs
[2026-04-14T20:01:04.874+0000] {logging_mixin.py:188} INFO - [2026-04-14T20:01:04.873+0000] {dag.py:3823} INFO - Setting next_dagrun for example_branch_dop_operator_v3 to 2026-04-14 20:00:00+00:00, run_after=2026-04-14 20:01:00+00:00
[2026-04-14T20:01:04.908+0000] {processor.py:183} INFO - Processing /home/airflow/.local/lib/python3.8/site-packages/airflow/example_dags/example_branch_python_dop_operator_3.py took 0.127 seconds
[2026-04-14T20:01:35.173+0000] {processor.py:161} INFO - Started process (PID=2001) to work on /home/airflow/.local/lib/python3.8/site-packages/airflow/example_dags/example_branch_python_dop_operator_3.py
[2026-04-14T20:01:35.176+0000] {processor.py:830} INFO - Processing file /home/airflow/.local/lib/python3.8/site-packages/airflow/example_dags/example_branch_python_dop_operator_3.py for tasks to queue
[2026-04-14T20:01:35.179+0000] {logging_mixin.py:188} INFO - [2026-04-14T20:01:35.179+0000] {dagbag.py:538} INFO - Filling up the DagBag from /home/airflow/.local/lib/python3.8/site-packages/airflow/example_dags/example_branch_python_dop_operator_3.py
[2026-04-14T20:01:35.189+0000] {processor.py:840} INFO - DAG(s) 'example_branch_dop_operator_v3' retrieved from /home/airflow/.local/lib/python3.8/site-packages/airflow/example_dags/example_branch_python_dop_operator_3.py
[2026-04-14T20:01:35.220+0000] {logging_mixin.py:188} INFO - [2026-04-14T20:01:35.220+0000] {dag.py:3036} INFO - Sync 1 DAGs
[2026-04-14T20:01:35.255+0000] {logging_mixin.py:188} INFO - [2026-04-14T20:01:35.255+0000] {dag.py:3823} INFO - Setting next_dagrun for example_branch_dop_operator_v3 to 2026-04-14 20:00:00+00:00, run_after=2026-04-14 20:01:00+00:00
[2026-04-14T20:01:35.299+0000] {processor.py:183} INFO - Processing /home/airflow/.local/lib/python3.8/site-packages/airflow/example_dags/example_branch_python_dop_operator_3.py took 0.131 seconds
[2026-04-14T20:02:05.586+0000] {processor.py:161} INFO - Started process (PID=2056) to work on /home/airflow/.local/lib/python3.8/site-packages/airflow/example_dags/example_branch_python_dop_operator_3.py
[2026-04-14T20:02:05.587+0000] {processor.py:830} INFO - Processing file /home/airflow/.local/lib/python3.8/site-packages/airflow/example_dags/example_branch_python_dop_operator_3.py for tasks to queue
[2026-04-14T20:02:05.590+0000] {logging_mixin.py:188} INFO - [2026-04-14T20:02:05.589+0000] {dagbag.py:538} INFO - Filling up the DagBag from /home/airflow/.local/lib/python3.8/site-packages/airflow/example_dags/example_branch_python_dop_operator_3.py
[2026-04-14T20:02:05.599+0000] {processor.py:840} INFO - DAG(s) 'example_branch_dop_operator_v3' retrieved from /home/airflow/.local/lib/python3.8/site-packages/airflow/example_dags/example_branch_python_dop_operator_3.py
[2026-04-14T20:02:05.620+0000] {logging_mixin.py:188} INFO - [2026-04-14T20:02:05.619+0000] {dag.py:3036} INFO - Sync 1 DAGs
[2026-04-14T20:02:05.644+0000] {logging_mixin.py:188} INFO - [2026-04-14T20:02:05.644+0000] {dag.py:3823} INFO - Setting next_dagrun for example_branch_dop_operator_v3 to 2026-04-14 20:01:00+00:00, run_after=2026-04-14 20:02:00+00:00
[2026-04-14T20:02:05.667+0000] {processor.py:183} INFO - Processing /home/airflow/.local/lib/python3.8/site-packages/airflow/example_dags/example_branch_python_dop_operator_3.py took 0.084 seconds
[2026-04-14T20:02:36.760+0000] {processor.py:161} INFO - Started process (PID=2113) to work on /home/airflow/.local/lib/python3.8/site-packages/airflow/example_dags/example_branch_python_dop_operator_3.py
[2026-04-14T20:02:36.761+0000] {processor.py:830} INFO - Processing file /home/airflow/.local/lib/python3.8/site-packages/airflow/example_dags/example_branch_python_dop_operator_3.py for tasks to queue
[2026-04-14T20:02:36.764+0000] {logging_mixin.py:188} INFO - [2026-04-14T20:02:36.763+0000] {dagbag.py:538} INFO - Filling up the DagBag from /home/airflow/.local/lib/python3.8/site-packages/airflow/example_dags/example_branch_python_dop_operator_3.py
[2026-04-14T20:02:36.774+0000] {processor.py:840} INFO - DAG(s) 'example_branch_dop_operator_v3' retrieved from /home/airflow/.local/lib/python3.8/site-packages/airflow/example_dags/example_branch_python_dop_operator_3.py
[2026-04-14T20:02:36.794+0000] {logging_mixin.py:188} INFO - [2026-04-14T20:02:36.794+0000] {dag.py:3036} INFO - Sync 1 DAGs
[2026-04-14T20:02:36.817+0000] {logging_mixin.py:188} INFO - [2026-04-14T20:02:36.817+0000] {dag.py:3823} INFO - Setting next_dagrun for example_branch_dop_operator_v3 to 2026-04-14 20:01:00+00:00, run_after=2026-04-14 20:02:00+00:00
[2026-04-14T20:02:36.837+0000] {processor.py:183} INFO - Processing /home/airflow/.local/lib/python3.8/site-packages/airflow/example_dags/example_branch_python_dop_operator_3.py took 0.081 seconds
[2026-04-14T20:03:07.094+0000] {processor.py:161} INFO - Started process (PID=2170) to work on /home/airflow/.local/lib/python3.8/site-packages/airflow/example_dags/example_branch_python_dop_operator_3.py
[2026-04-14T20:03:07.095+0000] {processor.py:830} INFO - Processing file /home/airflow/.local/lib/python3.8/site-packages/airflow/example_dags/example_branch_python_dop_operator_3.py for tasks to queue
[2026-04-14T20:03:07.098+0000] {logging_mixin.py:188} INFO - [2026-04-14T20:03:07.097+0000] {dagbag.py:538} INFO - Filling up the DagBag from /home/airflow/.local/lib/python3.8/site-packages/airflow/example_dags/example_branch_python_dop_operator_3.py
[2026-04-14T20:03:07.106+0000] {processor.py:840} INFO - DAG(s) 'example_branch_dop_operator_v3' retrieved from /home/airflow/.local/lib/python3.8/site-packages/airflow/example_dags/example_branch_python_dop_operator_3.py
[2026-04-14T20:03:07.127+0000] {logging_mixin.py:188} INFO - [2026-04-14T20:03:07.127+0000] {dag.py:3036} INFO - Sync 1 DAGs
[2026-04-14T20:03:07.151+0000] {logging_mixin.py:188} INFO - [2026-04-14T20:03:07.150+0000] {dag.py:3823} INFO - Setting next_dagrun for example_branch_dop_operator_v3 to 2026-04-14 20:02:00+00:00, run_after=2026-04-14 20:03:00+00:00
[2026-04-14T20:03:07.179+0000] {processor.py:183} INFO - Processing /home/airflow/.local/lib/python3.8/site-packages/airflow/example_dags/example_branch_python_dop_operator_3.py took 0.088 seconds
[2026-04-14T20:03:37.683+0000] {processor.py:161} INFO - Started process (PID=2227) to work on /home/airflow/.local/lib/python3.8/site-packages/airflow/example_dags/example_branch_python_dop_operator_3.py
[2026-04-14T20:03:37.684+0000] {processor.py:830} INFO - Processing file /home/airflow/.local/lib/python3.8/site-packages/airflow/example_dags/example_branch_python_dop_operator_3.py for tasks to queue
[2026-04-14T20:03:37.686+0000] {logging_mixin.py:188} INFO - [2026-04-14T20:03:37.686+0000] {dagbag.py:538} INFO - Filling up the DagBag from /home/airflow/.local/lib/python3.8/site-packages/airflow/example_dags/example_branch_python_dop_operator_3.py
[2026-04-14T20:03:37.700+0000] {processor.py:840} INFO - DAG(s) 'example_branch_dop_operator_v3' retrieved from /home/airflow/.local/lib/python3.8/site-packages/airflow/example_dags/example_branch_python_dop_operator_3.py
[2026-04-14T20:03:37.733+0000] {logging_mixin.py:188} INFO - [2026-04-14T20:03:37.732+0000] {dag.py:3036} INFO - Sync 1 DAGs
[2026-04-14T20:03:37.779+0000] {logging_mixin.py:188} INFO - [2026-04-14T20:03:37.778+0000] {dag.py:3823} INFO - Setting next_dagrun for example_branch_dop_operator_v3 to 2026-04-14 20:02:00+00:00, run_after=2026-04-14 20:03:00+00:00
[2026-04-14T20:03:37.813+0000] {processor.py:183} INFO - Processing /home/airflow/.local/lib/python3.8/site-packages/airflow/example_dags/example_branch_python_dop_operator_3.py took 0.134 seconds
[2026-04-14T20:04:08.273+0000] {processor.py:161} INFO - Started process (PID=2283) to work on /home/airflow/.local/lib/python3.8/site-packages/airflow/example_dags/example_branch_python_dop_operator_3.py
[2026-04-14T20:04:08.274+0000] {processor.py:830} INFO - Processing file /home/airflow/.local/lib/python3.8/site-packages/airflow/example_dags/example_branch_python_dop_operator_3.py for tasks to queue
[2026-04-14T20:04:08.276+0000] {logging_mixin.py:188} INFO - [2026-04-14T20:04:08.276+0000] {dagbag.py:538} INFO - Filling up the DagBag from /home/airflow/.local/lib/python3.8/site-packages/airflow/example_dags/example_branch_python_dop_operator_3.py
[2026-04-14T20:04:08.286+0000] {processor.py:840} INFO - DAG(s) 'example_branch_dop_operator_v3' retrieved from /home/airflow/.local/lib/python3.8/site-packages/airflow/example_dags/example_branch_python_dop_operator_3.py
[2026-04-14T20:04:08.311+0000] {logging_mixin.py:188} INFO - [2026-04-14T20:04:08.311+0000] {dag.py:3036} INFO - Sync 1 DAGs
[2026-04-14T20:04:08.335+0000] {logging_mixin.py:188} INFO - [2026-04-14T20:04:08.335+0000] {dag.py:3823} INFO - Setting next_dagrun for example_branch_dop_operator_v3 to 2026-04-14 20:03:00+00:00, run_after=2026-04-14 20:04:00+00:00
[2026-04-14T20:04:08.473+0000] {processor.py:183} INFO - Processing /home/airflow/.local/lib/python3.8/site-packages/airflow/example_dags/example_branch_python_dop_operator_3.py took 0.204 seconds
[2026-04-14T20:04:39.284+0000] {processor.py:161} INFO - Started process (PID=2341) to work on /home/airflow/.local/lib/python3.8/site-packages/airflow/example_dags/example_branch_python_dop_operator_3.py
[2026-04-14T20:04:39.285+0000] {processor.py:830} INFO - Processing file /home/airflow/.local/lib/python3.8/site-packages/airflow/example_dags/example_branch_python_dop_operator_3.py for tasks to queue
[2026-04-14T20:04:39.291+0000] {logging_mixin.py:188} INFO - [2026-04-14T20:04:39.288+0000] {dagbag.py:538} INFO - Filling up the DagBag from /home/airflow/.local/lib/python3.8/site-packages/airflow/example_dags/example_branch_python_dop_operator_3.py
[2026-04-14T20:04:39.303+0000] {processor.py:840} INFO - DAG(s) 'example_branch_dop_operator_v3' retrieved from /home/airflow/.local/lib/python3.8/site-packages/airflow/example_dags/example_branch_python_dop_operator_3.py
[2026-04-14T20:04:39.332+0000] {logging_mixin.py:188} INFO - [2026-04-14T20:04:39.332+0000] {dag.py:3036} INFO - Sync 1 DAGs
[2026-04-14T20:04:39.368+0000] {logging_mixin.py:188} INFO - [2026-04-14T20:04:39.368+0000] {dag.py:3823} INFO - Setting next_dagrun for example_branch_dop_operator_v3 to 2026-04-14 20:03:00+00:00, run_after=2026-04-14 20:04:00+00:00
[2026-04-14T20:04:39.585+0000] {processor.py:183} INFO - Processing /home/airflow/.local/lib/python3.8/site-packages/airflow/example_dags/example_branch_python_dop_operator_3.py took 0.304 seconds
[2026-04-14T20:05:09.822+0000] {processor.py:161} INFO - Started process (PID=2399) to work on /home/airflow/.local/lib/python3.8/site-packages/airflow/example_dags/example_branch_python_dop_operator_3.py
[2026-04-14T20:05:09.825+0000] {processor.py:830} INFO - Processing file /home/airflow/.local/lib/python3.8/site-packages/airflow/example_dags/example_branch_python_dop_operator_3.py for tasks to queue
[2026-04-14T20:05:09.828+0000] {logging_mixin.py:188} INFO - [2026-04-14T20:05:09.827+0000] {dagbag.py:538} INFO - Filling up the DagBag from /home/airflow/.local/lib/python3.8/site-packages/airflow/example_dags/example_branch_python_dop_operator_3.py
[2026-04-14T20:05:09.837+0000] {processor.py:840} INFO - DAG(s) 'example_branch_dop_operator_v3' retrieved from /home/airflow/.local/lib/python3.8/site-packages/airflow/example_dags/example_branch_python_dop_operator_3.py
[2026-04-14T20:05:09.865+0000] {logging_mixin.py:188} INFO - [2026-04-14T20:05:09.865+0000] {dag.py:3036} INFO - Sync 1 DAGs
[2026-04-14T20:05:09.897+0000] {logging_mixin.py:188} INFO - [2026-04-14T20:05:09.897+0000] {dag.py:3823} INFO - Setting next_dagrun for example_branch_dop_operator_v3 to 2026-04-14 20:04:00+00:00, run_after=2026-04-14 20:05:00+00:00
[2026-04-14T20:05:09.927+0000] {processor.py:183} INFO - Processing /home/airflow/.local/lib/python3.8/site-packages/airflow/example_dags/example_branch_python_dop_operator_3.py took 0.109 seconds
[2026-04-14T20:05:40.485+0000] {processor.py:161} INFO - Started process (PID=2456) to work on /home/airflow/.local/lib/python3.8/site-packages/airflow/example_dags/example_branch_python_dop_operator_3.py
[2026-04-14T20:05:40.487+0000] {processor.py:830} INFO - Processing file /home/airflow/.local/lib/python3.8/site-packages/airflow/example_dags/example_branch_python_dop_operator_3.py for tasks to queue
[2026-04-14T20:05:40.491+0000] {logging_mixin.py:188} INFO - [2026-04-14T20:05:40.490+0000] {dagbag.py:538} INFO - Filling up the DagBag from /home/airflow/.local/lib/python3.8/site-packages/airflow/example_dags/example_branch_python_dop_operator_3.py
[2026-04-14T20:05:40.512+0000] {processor.py:840} INFO - DAG(s) 'example_branch_dop_operator_v3' retrieved from /home/airflow/.local/lib/python3.8/site-packages/airflow/example_dags/example_branch_python_dop_operator_3.py
[2026-04-14T20:05:40.570+0000] {logging_mixin.py:188} INFO - [2026-04-14T20:05:40.569+0000] {dag.py:3036} INFO - Sync 1 DAGs
[2026-04-14T20:05:40.633+0000] {logging_mixin.py:188} INFO - [2026-04-14T20:05:40.632+0000] {dag.py:3823} INFO - Setting next_dagrun for example_branch_dop_operator_v3 to 2026-04-14 20:04:00+00:00, run_after=2026-04-14 20:05:00+00:00
[2026-04-14T20:05:40.691+0000] {processor.py:183} INFO - Processing /home/airflow/.local/lib/python3.8/site-packages/airflow/example_dags/example_branch_python_dop_operator_3.py took 0.214 seconds
[2026-04-14T20:06:11.560+0000] {processor.py:161} INFO - Started process (PID=2513) to work on /home/airflow/.local/lib/python3.8/site-packages/airflow/example_dags/example_branch_python_dop_operator_3.py
[2026-04-14T20:06:11.562+0000] {processor.py:830} INFO - Processing file /home/airflow/.local/lib/python3.8/site-packages/airflow/example_dags/example_branch_python_dop_operator_3.py for tasks to queue
[2026-04-14T20:06:11.566+0000] {logging_mixin.py:188} INFO - [2026-04-14T20:06:11.565+0000] {dagbag.py:538} INFO - Filling up the DagBag from /home/airflow/.local/lib/python3.8/site-packages/airflow/example_dags/example_branch_python_dop_operator_3.py
[2026-04-14T20:06:11.590+0000] {processor.py:840} INFO - DAG(s) 'example_branch_dop_operator_v3' retrieved from /home/airflow/.local/lib/python3.8/site-packages/airflow/example_dags/example_branch_python_dop_operator_3.py
[2026-04-14T20:06:11.637+0000] {logging_mixin.py:188} INFO - [2026-04-14T20:06:11.637+0000] {dag.py:3036} INFO - Sync 1 DAGs
[2026-04-14T20:06:11.676+0000] {logging_mixin.py:188} INFO - [2026-04-14T20:06:11.676+0000] {dag.py:3823} INFO - Setting next_dagrun for example_branch_dop_operator_v3 to 2026-04-14 20:05:00+00:00, run_after=2026-04-14 20:06:00+00:00
[2026-04-14T20:06:11.702+0000] {processor.py:183} INFO - Processing /home/airflow/.local/lib/python3.8/site-packages/airflow/example_dags/example_branch_python_dop_operator_3.py took 0.151 seconds
[2026-04-14T20:06:41.981+0000] {processor.py:161} INFO - Started process (PID=2570) to work on /home/airflow/.local/lib/python3.8/site-packages/airflow/example_dags/example_branch_python_dop_operator_3.py
[2026-04-14T20:06:41.983+0000] {processor.py:830} INFO - Processing file /home/airflow/.local/lib/python3.8/site-packages/airflow/example_dags/example_branch_python_dop_operator_3.py for tasks to queue
[2026-04-14T20:06:41.990+0000] {logging_mixin.py:188} INFO - [2026-04-14T20:06:41.989+0000] {dagbag.py:538} INFO - Filling up the DagBag from /home/airflow/.local/lib/python3.8/site-packages/airflow/example_dags/example_branch_python_dop_operator_3.py
[2026-04-14T20:06:42.006+0000] {processor.py:840} INFO - DAG(s) 'example_branch_dop_operator_v3' retrieved from /home/airflow/.local/lib/python3.8/site-packages/airflow/example_dags/example_branch_python_dop_operator_3.py
[2026-04-14T20:06:42.030+0000] {logging_mixin.py:188} INFO - [2026-04-14T20:06:42.029+0000] {dag.py:3036} INFO - Sync 1 DAGs
[2026-04-14T20:06:42.054+0000] {logging_mixin.py:188} INFO - [2026-04-14T20:06:42.054+0000] {dag.py:3823} INFO - Setting next_dagrun for example_branch_dop_operator_v3 to 2026-04-14 20:05:00+00:00, run_after=2026-04-14 20:06:00+00:00
[2026-04-14T20:06:42.127+0000] {processor.py:183} INFO - Processing /home/airflow/.local/lib/python3.8/site-packages/airflow/example_dags/example_branch_python_dop_operator_3.py took 0.155 seconds
[2026-04-14T20:07:12.666+0000] {processor.py:161} INFO - Started process (PID=2628) to work on /home/airflow/.local/lib/python3.8/site-packages/airflow/example_dags/example_branch_python_dop_operator_3.py
[2026-04-14T20:07:12.670+0000] {processor.py:830} INFO - Processing file /home/airflow/.local/lib/python3.8/site-packages/airflow/example_dags/example_branch_python_dop_operator_3.py for tasks to queue
[2026-04-14T20:07:12.673+0000] {logging_mixin.py:188} INFO - [2026-04-14T20:07:12.672+0000] {dagbag.py:538} INFO - Filling up the DagBag from /home/airflow/.local/lib/python3.8/site-packages/airflow/example_dags/example_branch_python_dop_operator_3.py
[2026-04-14T20:07:12.683+0000] {processor.py:840} INFO - DAG(s) 'example_branch_dop_operator_v3' retrieved from /home/airflow/.local/lib/python3.8/site-packages/airflow/example_dags/example_branch_python_dop_operator_3.py
[2026-04-14T20:07:12.709+0000] {logging_mixin.py:188} INFO - [2026-04-14T20:07:12.709+0000] {dag.py:3036} INFO - Sync 1 DAGs
[2026-04-14T20:07:12.882+0000] {logging_mixin.py:188} INFO - [2026-04-14T20:07:12.882+0000] {dag.py:3823} INFO - Setting next_dagrun for example_branch_dop_operator_v3 to 2026-04-14 20:06:00+00:00, run_after=2026-04-14 20:07:00+00:00
[2026-04-14T20:07:12.909+0000] {processor.py:183} INFO - Processing /home/airflow/.local/lib/python3.8/site-packages/airflow/example_dags/example_branch_python_dop_operator_3.py took 0.248 seconds
[2026-04-14T20:07:43.661+0000] {processor.py:161} INFO - Started process (PID=2685) to work on /home/airflow/.local/lib/python3.8/site-packages/airflow/example_dags/example_branch_python_dop_operator_3.py
[2026-04-14T20:07:43.663+0000] {processor.py:830} INFO - Processing file /home/airflow/.local/lib/python3.8/site-packages/airflow/example_dags/example_branch_python_dop_operator_3.py for tasks to queue
[2026-04-14T20:07:43.666+0000] {logging_mixin.py:188} INFO - [2026-04-14T20:07:43.666+0000] {dagbag.py:538} INFO - Filling up the DagBag from /home/airflow/.local/lib/python3.8/site-packages/airflow/example_dags/example_branch_python_dop_operator_3.py
[2026-04-14T20:07:43.679+0000] {processor.py:840} INFO - DAG(s) 'example_branch_dop_operator_v3' retrieved from /home/airflow/.local/lib/python3.8/site-packages/airflow/example_dags/example_branch_python_dop_operator_3.py
[2026-04-14T20:07:43.706+0000] {logging_mixin.py:188} INFO - [2026-04-14T20:07:43.705+0000] {dag.py:3036} INFO - Sync 1 DAGs
[2026-04-14T20:07:43.737+0000] {logging_mixin.py:188} INFO - [2026-04-14T20:07:43.737+0000] {dag.py:3823} INFO - Setting next_dagrun for example_branch_dop_operator_v3 to 2026-04-14 20:06:00+00:00, run_after=2026-04-14 20:07:00+00:00
[2026-04-14T20:07:44.049+0000] {processor.py:183} INFO - Processing /home/airflow/.local/lib/python3.8/site-packages/airflow/example_dags/example_branch_python_dop_operator_3.py took 0.393 seconds
[2026-04-14T20:08:27.206+0000] {processor.py:161} INFO - Started process (PID=2748) to work on /home/airflow/.local/lib/python3.8/site-packages/airflow/example_dags/example_branch_python_dop_operator_3.py
[2026-04-14T20:08:27.306+0000] {processor.py:830} INFO - Processing file /home/airflow/.local/lib/python3.8/site-packages/airflow/example_dags/example_branch_python_dop_operator_3.py for tasks to queue
[2026-04-14T20:08:27.309+0000] {logging_mixin.py:188} INFO - [2026-04-14T20:08:27.308+0000] {dagbag.py:538} INFO - Filling up the DagBag from /home/airflow/.local/lib/python3.8/site-packages/airflow/example_dags/example_branch_python_dop_operator_3.py
[2026-04-14T20:08:27.322+0000] {processor.py:840} INFO - DAG(s) 'example_branch_dop_operator_v3' retrieved from /home/airflow/.local/lib/python3.8/site-packages/airflow/example_dags/example_branch_python_dop_operator_3.py
[2026-04-14T20:08:27.350+0000] {logging_mixin.py:188} INFO - [2026-04-14T20:08:27.350+0000] {dag.py:3036} INFO - Sync 1 DAGs
[2026-04-14T20:08:27.384+0000] {logging_mixin.py:188} INFO - [2026-04-14T20:08:27.384+0000] {dag.py:3823} INFO - Setting next_dagrun for example_branch_dop_operator_v3 to 2026-04-14 20:07:00+00:00, run_after=2026-04-14 20:08:00+00:00
[2026-04-14T20:08:27.773+0000] {processor.py:183} INFO - Processing /home/airflow/.local/lib/python3.8/site-packages/airflow/example_dags/example_branch_python_dop_operator_3.py took 0.570 seconds
[2026-04-14T20:08:58.518+0000] {processor.py:161} INFO - Started process (PID=2805) to work on /home/airflow/.local/lib/python3.8/site-packages/airflow/example_dags/example_branch_python_dop_operator_3.py
[2026-04-14T20:08:58.521+0000] {processor.py:830} INFO - Processing file /home/airflow/.local/lib/python3.8/site-packages/airflow/example_dags/example_branch_python_dop_operator_3.py for tasks to queue
[2026-04-14T20:08:58.524+0000] {logging_mixin.py:188} INFO - [2026-04-14T20:08:58.523+0000] {dagbag.py:538} INFO - Filling up the DagBag from /home/airflow/.local/lib/python3.8/site-packages/airflow/example_dags/example_branch_python_dop_operator_3.py
[2026-04-14T20:08:58.542+0000] {processor.py:840} INFO - DAG(s) 'example_branch_dop_operator_v3' retrieved from /home/airflow/.local/lib/python3.8/site-packages/airflow/example_dags/example_branch_python_dop_operator_3.py
[2026-04-14T20:08:58.586+0000] {logging_mixin.py:188} INFO - [2026-04-14T20:08:58.586+0000] {dag.py:3036} INFO - Sync 1 DAGs
[2026-04-14T20:08:58.640+0000] {logging_mixin.py:188} INFO - [2026-04-14T20:08:58.640+0000] {dag.py:3823} INFO - Setting next_dagrun for example_branch_dop_operator_v3 to 2026-04-14 20:07:00+00:00, run_after=2026-04-14 20:08:00+00:00
[2026-04-14T20:08:58.677+0000] {processor.py:183} INFO - Processing /home/airflow/.local/lib/python3.8/site-packages/airflow/example_dags/example_branch_python_dop_operator_3.py took 0.167 seconds
[2026-04-14T20:09:28.739+0000] {processor.py:161} INFO - Started process (PID=2862) to work on /home/airflow/.local/lib/python3.8/site-packages/airflow/example_dags/example_branch_python_dop_operator_3.py
[2026-04-14T20:09:28.740+0000] {processor.py:830} INFO - Processing file /home/airflow/.local/lib/python3.8/site-packages/airflow/example_dags/example_branch_python_dop_operator_3.py for tasks to queue
[2026-04-14T20:09:28.743+0000] {logging_mixin.py:188} INFO - [2026-04-14T20:09:28.742+0000] {dagbag.py:538} INFO - Filling up the DagBag from /home/airflow/.local/lib/python3.8/site-packages/airflow/example_dags/example_branch_python_dop_operator_3.py
[2026-04-14T20:09:28.753+0000] {processor.py:840} INFO - DAG(s) 'example_branch_dop_operator_v3' retrieved from /home/airflow/.local/lib/python3.8/site-packages/airflow/example_dags/example_branch_python_dop_operator_3.py
[2026-04-14T20:09:28.777+0000] {logging_mixin.py:188} INFO - [2026-04-14T20:09:28.777+0000] {dag.py:3036} INFO - Sync 1 DAGs
[2026-04-14T20:09:28.806+0000] {logging_mixin.py:188} INFO - [2026-04-14T20:09:28.806+0000] {dag.py:3823} INFO - Setting next_dagrun for example_branch_dop_operator_v3 to 2026-04-14 20:08:00+00:00, run_after=2026-04-14 20:09:00+00:00
[2026-04-14T20:09:28.833+0000] {processor.py:183} INFO - Processing /home/airflow/.local/lib/python3.8/site-packages/airflow/example_dags/example_branch_python_dop_operator_3.py took 0.097 seconds
[2026-04-14T20:09:59.121+0000] {processor.py:161} INFO - Started process (PID=2919) to work on /home/airflow/.local/lib/python3.8/site-packages/airflow/example_dags/example_branch_python_dop_operator_3.py
[2026-04-14T20:09:59.123+0000] {processor.py:830} INFO - Processing file /home/airflow/.local/lib/python3.8/site-packages/airflow/example_dags/example_branch_python_dop_operator_3.py for tasks to queue
[2026-04-14T20:09:59.125+0000] {logging_mixin.py:188} INFO - [2026-04-14T20:09:59.125+0000] {dagbag.py:538} INFO - Filling up the DagBag from /home/airflow/.local/lib/python3.8/site-packages/airflow/example_dags/example_branch_python_dop_operator_3.py
[2026-04-14T20:09:59.141+0000] {processor.py:840} INFO - DAG(s) 'example_branch_dop_operator_v3' retrieved from /home/airflow/.local/lib/python3.8/site-packages/airflow/example_dags/example_branch_python_dop_operator_3.py
[2026-04-14T20:09:59.187+0000] {logging_mixin.py:188} INFO - [2026-04-14T20:09:59.185+0000] {dag.py:3036} INFO - Sync 1 DAGs
[2026-04-14T20:09:59.252+0000] {logging_mixin.py:188} INFO - [2026-04-14T20:09:59.252+0000] {dag.py:3823} INFO - Setting next_dagrun for example_branch_dop_operator_v3 to 2026-04-14 20:08:00+00:00, run_after=2026-04-14 20:09:00+00:00
[2026-04-14T20:09:59.342+0000] {processor.py:183} INFO - Processing /home/airflow/.local/lib/python3.8/site-packages/airflow/example_dags/example_branch_python_dop_operator_3.py took 0.227 seconds
[2026-04-14T20:10:29.444+0000] {processor.py:161} INFO - Started process (PID=2976) to work on /home/airflow/.local/lib/python3.8/site-packages/airflow/example_dags/example_branch_python_dop_operator_3.py
[2026-04-14T20:10:29.446+0000] {processor.py:830} INFO - Processing file /home/airflow/.local/lib/python3.8/site-packages/airflow/example_dags/example_branch_python_dop_operator_3.py for tasks to queue
[2026-04-14T20:10:29.448+0000] {logging_mixin.py:188} INFO - [2026-04-14T20:10:29.448+0000] {dagbag.py:538} INFO - Filling up the DagBag from /home/airflow/.local/lib/python3.8/site-packages/airflow/example_dags/example_branch_python_dop_operator_3.py
[2026-04-14T20:10:29.457+0000] {processor.py:840} INFO - DAG(s) 'example_branch_dop_operator_v3' retrieved from /home/airflow/.local/lib/python3.8/site-packages/airflow/example_dags/example_branch_python_dop_operator_3.py
[2026-04-14T20:10:29.480+0000] {logging_mixin.py:188} INFO - [2026-04-14T20:10:29.479+0000] {dag.py:3036} INFO - Sync 1 DAGs
[2026-04-14T20:10:29.505+0000] {logging_mixin.py:188} INFO - [2026-04-14T20:10:29.505+0000] {dag.py:3823} INFO - Setting next_dagrun for example_branch_dop_operator_v3 to 2026-04-14 20:09:00+00:00, run_after=2026-04-14 20:10:00+00:00
[2026-04-14T20:10:29.529+0000] {processor.py:183} INFO - Processing /home/airflow/.local/lib/python3.8/site-packages/airflow/example_dags/example_branch_python_dop_operator_3.py took 0.089 seconds
[2026-04-14T20:10:59.741+0000] {processor.py:161} INFO - Started process (PID=3033) to work on /home/airflow/.local/lib/python3.8/site-packages/airflow/example_dags/example_branch_python_dop_operator_3.py
[2026-04-14T20:10:59.742+0000] {processor.py:830} INFO - Processing file /home/airflow/.local/lib/python3.8/site-packages/airflow/example_dags/example_branch_python_dop_operator_3.py for tasks to queue
[2026-04-14T20:10:59.745+0000] {logging_mixin.py:188} INFO - [2026-04-14T20:10:59.744+0000] {dagbag.py:538} INFO - Filling up the DagBag from /home/airflow/.local/lib/python3.8/site-packages/airflow/example_dags/example_branch_python_dop_operator_3.py
[2026-04-14T20:10:59.755+0000] {processor.py:840} INFO - DAG(s) 'example_branch_dop_operator_v3' retrieved from /home/airflow/.local/lib/python3.8/site-packages/airflow/example_dags/example_branch_python_dop_operator_3.py
[2026-04-14T20:10:59.781+0000] {logging_mixin.py:188} INFO - [2026-04-14T20:10:59.780+0000] {dag.py:3036} INFO - Sync 1 DAGs
[2026-04-14T20:10:59.809+0000] {logging_mixin.py:188} INFO - [2026-04-14T20:10:59.809+0000] {dag.py:3823} INFO - Setting next_dagrun for example_branch_dop_operator_v3 to 2026-04-14 20:09:00+00:00, run_after=2026-04-14 20:10:00+00:00
[2026-04-14T20:10:59.835+0000] {processor.py:183} INFO - Processing /home/airflow/.local/lib/python3.8/site-packages/airflow/example_dags/example_branch_python_dop_operator_3.py took 0.098 seconds
[2026-04-14T20:11:30.118+0000] {processor.py:161} INFO - Started process (PID=3090) to work on /home/airflow/.local/lib/python3.8/site-packages/airflow/example_dags/example_branch_python_dop_operator_3.py
[2026-04-14T20:11:30.119+0000] {processor.py:830} INFO - Processing file /home/airflow/.local/lib/python3.8/site-packages/airflow/example_dags/example_branch_python_dop_operator_3.py for tasks to queue
[2026-04-14T20:11:30.122+0000] {logging_mixin.py:188} INFO - [2026-04-14T20:11:30.122+0000] {dagbag.py:538} INFO - Filling up the DagBag from /home/airflow/.local/lib/python3.8/site-packages/airflow/example_dags/example_branch_python_dop_operator_3.py
[2026-04-14T20:11:30.136+0000] {processor.py:840} INFO - DAG(s) 'example_branch_dop_operator_v3' retrieved from /home/airflow/.local/lib/python3.8/site-packages/airflow/example_dags/example_branch_python_dop_operator_3.py
[2026-04-14T20:11:30.164+0000] {logging_mixin.py:188} INFO - [2026-04-14T20:11:30.163+0000] {dag.py:3036} INFO - Sync 1 DAGs
[2026-04-14T20:11:30.197+0000] {logging_mixin.py:188} INFO - [2026-04-14T20:11:30.197+0000] {dag.py:3823} INFO - Setting next_dagrun for example_branch_dop_operator_v3 to 2026-04-14 20:10:00+00:00, run_after=2026-04-14 20:11:00+00:00
[2026-04-14T20:11:30.218+0000] {processor.py:183} INFO - Processing /home/airflow/.local/lib/python3.8/site-packages/airflow/example_dags/example_branch_python_dop_operator_3.py took 0.107 seconds
[2026-04-14T20:12:00.789+0000] {processor.py:161} INFO - Started process (PID=3147) to work on /home/airflow/.local/lib/python3.8/site-packages/airflow/example_dags/example_branch_python_dop_operator_3.py
[2026-04-14T20:12:00.790+0000] {processor.py:830} INFO - Processing file /home/airflow/.local/lib/python3.8/site-packages/airflow/example_dags/example_branch_python_dop_operator_3.py for tasks to queue
[2026-04-14T20:12:00.792+0000] {logging_mixin.py:188} INFO - [2026-04-14T20:12:00.792+0000] {dagbag.py:538} INFO - Filling up the DagBag from /home/airflow/.local/lib/python3.8/site-packages/airflow/example_dags/example_branch_python_dop_operator_3.py
[2026-04-14T20:12:00.802+0000] {processor.py:840} INFO - DAG(s) 'example_branch_dop_operator_v3' retrieved from /home/airflow/.local/lib/python3.8/site-packages/airflow/example_dags/example_branch_python_dop_operator_3.py
[2026-04-14T20:12:00.826+0000] {logging_mixin.py:188} INFO - [2026-04-14T20:12:00.826+0000] {dag.py:3036} INFO - Sync 1 DAGs
[2026-04-14T20:12:00.852+0000] {logging_mixin.py:188} INFO - [2026-04-14T20:12:00.852+0000] {dag.py:3823} INFO - Setting next_dagrun for example_branch_dop_operator_v3 to 2026-04-14 20:11:00+00:00, run_after=2026-04-14 20:12:00+00:00
[2026-04-14T20:12:00.876+0000] {processor.py:183} INFO - Processing /home/airflow/.local/lib/python3.8/site-packages/airflow/example_dags/example_branch_python_dop_operator_3.py took 0.092 seconds
[2026-04-14T20:12:31.682+0000] {processor.py:161} INFO - Started process (PID=3204) to work on /home/airflow/.local/lib/python3.8/site-packages/airflow/example_dags/example_branch_python_dop_operator_3.py
[2026-04-14T20:12:31.684+0000] {processor.py:830} INFO - Processing file /home/airflow/.local/lib/python3.8/site-packages/airflow/example_dags/example_branch_python_dop_operator_3.py for tasks to queue
[2026-04-14T20:12:31.687+0000] {logging_mixin.py:188} INFO - [2026-04-14T20:12:31.686+0000] {dagbag.py:538} INFO - Filling up the DagBag from /home/airflow/.local/lib/python3.8/site-packages/airflow/example_dags/example_branch_python_dop_operator_3.py
[2026-04-14T20:12:31.699+0000] {processor.py:840} INFO - DAG(s) 'example_branch_dop_operator_v3' retrieved from /home/airflow/.local/lib/python3.8/site-packages/airflow/example_dags/example_branch_python_dop_operator_3.py
[2026-04-14T20:12:31.734+0000] {logging_mixin.py:188} INFO - [2026-04-14T20:12:31.734+0000] {dag.py:3036} INFO - Sync 1 DAGs
[2026-04-14T20:12:31.764+0000] {logging_mixin.py:188} INFO - [2026-04-14T20:12:31.763+0000] {dag.py:3823} INFO - Setting next_dagrun for example_branch_dop_operator_v3 to 2026-04-14 20:11:00+00:00, run_after=2026-04-14 20:12:00+00:00
[2026-04-14T20:12:31.785+0000] {processor.py:183} INFO - Processing /home/airflow/.local/lib/python3.8/site-packages/airflow/example_dags/example_branch_python_dop_operator_3.py took 0.109 seconds
[2026-04-14T20:13:01.844+0000] {processor.py:161} INFO - Started process (PID=3261) to work on /home/airflow/.local/lib/python3.8/site-packages/airflow/example_dags/example_branch_python_dop_operator_3.py
[2026-04-14T20:13:01.845+0000] {processor.py:830} INFO - Processing file /home/airflow/.local/lib/python3.8/site-packages/airflow/example_dags/example_branch_python_dop_operator_3.py for tasks to queue
[2026-04-14T20:13:01.847+0000] {logging_mixin.py:188} INFO - [2026-04-14T20:13:01.847+0000] {dagbag.py:538} INFO - Filling up the DagBag from /home/airflow/.local/lib/python3.8/site-packages/airflow/example_dags/example_branch_python_dop_operator_3.py
[2026-04-14T20:13:01.856+0000] {processor.py:840} INFO - DAG(s) 'example_branch_dop_operator_v3' retrieved from /home/airflow/.local/lib/python3.8/site-packages/airflow/example_dags/example_branch_python_dop_operator_3.py
[2026-04-14T20:13:01.879+0000] {logging_mixin.py:188} INFO - [2026-04-14T20:13:01.879+0000] {dag.py:3036} INFO - Sync 1 DAGs
[2026-04-14T20:13:01.905+0000] {logging_mixin.py:188} INFO - [2026-04-14T20:13:01.905+0000] {dag.py:3823} INFO - Setting next_dagrun for example_branch_dop_operator_v3 to 2026-04-14 20:12:00+00:00, run_after=2026-04-14 20:13:00+00:00
[2026-04-14T20:13:01.932+0000] {processor.py:183} INFO - Processing /home/airflow/.local/lib/python3.8/site-packages/airflow/example_dags/example_branch_python_dop_operator_3.py took 0.092 seconds
[2026-04-14T20:13:32.175+0000] {processor.py:161} INFO - Started process (PID=3318) to work on /home/airflow/.local/lib/python3.8/site-packages/airflow/example_dags/example_branch_python_dop_operator_3.py
[2026-04-14T20:13:32.177+0000] {processor.py:830} INFO - Processing file /home/airflow/.local/lib/python3.8/site-packages/airflow/example_dags/example_branch_python_dop_operator_3.py for tasks to queue
[2026-04-14T20:13:32.180+0000] {logging_mixin.py:188} INFO - [2026-04-14T20:13:32.179+0000] {dagbag.py:538} INFO - Filling up the DagBag from /home/airflow/.local/lib/python3.8/site-packages/airflow/example_dags/example_branch_python_dop_operator_3.py
[2026-04-14T20:13:32.192+0000] {processor.py:840} INFO - DAG(s) 'example_branch_dop_operator_v3' retrieved from /home/airflow/.local/lib/python3.8/site-packages/airflow/example_dags/example_branch_python_dop_operator_3.py
[2026-04-14T20:13:32.227+0000] {logging_mixin.py:188} INFO - [2026-04-14T20:13:32.226+0000] {dag.py:3036} INFO - Sync 1 DAGs
[2026-04-14T20:13:32.263+0000] {logging_mixin.py:188} INFO - [2026-04-14T20:13:32.262+0000] {dag.py:3823} INFO - Setting next_dagrun for example_branch_dop_operator_v3 to 2026-04-14 20:12:00+00:00, run_after=2026-04-14 20:13:00+00:00
[2026-04-14T20:13:32.291+0000] {processor.py:183} INFO - Processing /home/airflow/.local/lib/python3.8/site-packages/airflow/example_dags/example_branch_python_dop_operator_3.py took 0.121 seconds
[2026-04-14T20:14:02.502+0000] {processor.py:161} INFO - Started process (PID=3375) to work on /home/airflow/.local/lib/python3.8/site-packages/airflow/example_dags/example_branch_python_dop_operator_3.py
[2026-04-14T20:14:02.506+0000] {processor.py:830} INFO - Processing file /home/airflow/.local/lib/python3.8/site-packages/airflow/example_dags/example_branch_python_dop_operator_3.py for tasks to queue
[2026-04-14T20:14:02.510+0000] {logging_mixin.py:188} INFO - [2026-04-14T20:14:02.509+0000] {dagbag.py:538} INFO - Filling up the DagBag from /home/airflow/.local/lib/python3.8/site-packages/airflow/example_dags/example_branch_python_dop_operator_3.py
[2026-04-14T20:14:02.527+0000] {processor.py:840} INFO - DAG(s) 'example_branch_dop_operator_v3' retrieved from /home/airflow/.local/lib/python3.8/site-packages/airflow/example_dags/example_branch_python_dop_operator_3.py
[2026-04-14T20:14:02.566+0000] {logging_mixin.py:188} INFO - [2026-04-14T20:14:02.565+0000] {dag.py:3036} INFO - Sync 1 DAGs
[2026-04-14T20:14:02.596+0000] {logging_mixin.py:188} INFO - [2026-04-14T20:14:02.596+0000] {dag.py:3823} INFO - Setting next_dagrun for example_branch_dop_operator_v3 to 2026-04-14 20:13:00+00:00, run_after=2026-04-14 20:14:00+00:00
[2026-04-14T20:14:02.634+0000] {processor.py:183} INFO - Processing /home/airflow/.local/lib/python3.8/site-packages/airflow/example_dags/example_branch_python_dop_operator_3.py took 0.138 seconds
[2026-04-14T20:14:32.827+0000] {processor.py:161} INFO - Started process (PID=3432) to work on /home/airflow/.local/lib/python3.8/site-packages/airflow/example_dags/example_branch_python_dop_operator_3.py
[2026-04-14T20:14:32.829+0000] {processor.py:830} INFO - Processing file /home/airflow/.local/lib/python3.8/site-packages/airflow/example_dags/example_branch_python_dop_operator_3.py for tasks to queue
[2026-04-14T20:14:32.834+0000] {logging_mixin.py:188} INFO - [2026-04-14T20:14:32.834+0000] {dagbag.py:538} INFO - Filling up the DagBag from /home/airflow/.local/lib/python3.8/site-packages/airflow/example_dags/example_branch_python_dop_operator_3.py
[2026-04-14T20:14:32.846+0000] {processor.py:840} INFO - DAG(s) 'example_branch_dop_operator_v3' retrieved from /home/airflow/.local/lib/python3.8/site-packages/airflow/example_dags/example_branch_python_dop_operator_3.py
[2026-04-14T20:14:32.877+0000] {logging_mixin.py:188} INFO - [2026-04-14T20:14:32.876+0000] {dag.py:3036} INFO - Sync 1 DAGs
[2026-04-14T20:14:32.910+0000] {logging_mixin.py:188} INFO - [2026-04-14T20:14:32.909+0000] {dag.py:3823} INFO - Setting next_dagrun for example_branch_dop_operator_v3 to 2026-04-14 20:13:00+00:00, run_after=2026-04-14 20:14:00+00:00
[2026-04-14T20:14:32.936+0000] {processor.py:183} INFO - Processing /home/airflow/.local/lib/python3.8/site-packages/airflow/example_dags/example_branch_python_dop_operator_3.py took 0.115 seconds
[2026-04-14T20:15:03.000+0000] {processor.py:161} INFO - Started process (PID=3489) to work on /home/airflow/.local/lib/python3.8/site-packages/airflow/example_dags/example_branch_python_dop_operator_3.py
[2026-04-14T20:15:03.002+0000] {processor.py:830} INFO - Processing file /home/airflow/.local/lib/python3.8/site-packages/airflow/example_dags/example_branch_python_dop_operator_3.py for tasks to queue
[2026-04-14T20:15:03.006+0000] {logging_mixin.py:188} INFO - [2026-04-14T20:15:03.006+0000] {dagbag.py:538} INFO - Filling up the DagBag from /home/airflow/.local/lib/python3.8/site-packages/airflow/example_dags/example_branch_python_dop_operator_3.py
[2026-04-14T20:15:03.018+0000] {processor.py:840} INFO - DAG(s) 'example_branch_dop_operator_v3' retrieved from /home/airflow/.local/lib/python3.8/site-packages/airflow/example_dags/example_branch_python_dop_operator_3.py
[2026-04-14T20:15:03.064+0000] {logging_mixin.py:188} INFO - [2026-04-14T20:15:03.064+0000] {dag.py:3036} INFO - Sync 1 DAGs
[2026-04-14T20:15:03.097+0000] {logging_mixin.py:188} INFO - [2026-04-14T20:15:03.097+0000] {dag.py:3823} INFO - Setting next_dagrun for example_branch_dop_operator_v3 to 2026-04-14 20:14:00+00:00, run_after=2026-04-14 20:15:00+00:00
[2026-04-14T20:15:03.131+0000] {processor.py:183} INFO - Processing /home/airflow/.local/lib/python3.8/site-packages/airflow/example_dags/example_branch_python_dop_operator_3.py took 0.136 seconds
[2026-04-14T20:15:34.000+0000] {processor.py:161} INFO - Started process (PID=3547) to work on /home/airflow/.local/lib/python3.8/site-packages/airflow/example_dags/example_branch_python_dop_operator_3.py
[2026-04-14T20:15:34.002+0000] {processor.py:830} INFO - Processing file /home/airflow/.local/lib/python3.8/site-packages/airflow/example_dags/example_branch_python_dop_operator_3.py for tasks to queue
[2026-04-14T20:15:34.004+0000] {logging_mixin.py:188} INFO - [2026-04-14T20:15:34.004+0000] {dagbag.py:538} INFO - Filling up the DagBag from /home/airflow/.local/lib/python3.8/site-packages/airflow/example_dags/example_branch_python_dop_operator_3.py
[2026-04-14T20:15:34.018+0000] {processor.py:840} INFO - DAG(s) 'example_branch_dop_operator_v3' retrieved from /home/airflow/.local/lib/python3.8/site-packages/airflow/example_dags/example_branch_python_dop_operator_3.py
[2026-04-14T20:15:34.051+0000] {logging_mixin.py:188} INFO - [2026-04-14T20:15:34.050+0000] {dag.py:3036} INFO - Sync 1 DAGs
[2026-04-14T20:15:34.090+0000] {logging_mixin.py:188} INFO - [2026-04-14T20:15:34.089+0000] {dag.py:3823} INFO - Setting next_dagrun for example_branch_dop_operator_v3 to 2026-04-14 20:14:00+00:00, run_after=2026-04-14 20:15:00+00:00
[2026-04-14T20:15:34.123+0000] {processor.py:183} INFO - Processing /home/airflow/.local/lib/python3.8/site-packages/airflow/example_dags/example_branch_python_dop_operator_3.py took 0.128 seconds
[2026-04-14T20:16:04.677+0000] {processor.py:161} INFO - Started process (PID=3604) to work on /home/airflow/.local/lib/python3.8/site-packages/airflow/example_dags/example_branch_python_dop_operator_3.py
[2026-04-14T20:16:04.678+0000] {processor.py:830} INFO - Processing file /home/airflow/.local/lib/python3.8/site-packages/airflow/example_dags/example_branch_python_dop_operator_3.py for tasks to queue
[2026-04-14T20:16:04.681+0000] {logging_mixin.py:188} INFO - [2026-04-14T20:16:04.681+0000] {dagbag.py:538} INFO - Filling up the DagBag from /home/airflow/.local/lib/python3.8/site-packages/airflow/example_dags/example_branch_python_dop_operator_3.py
[2026-04-14T20:16:04.696+0000] {processor.py:840} INFO - DAG(s) 'example_branch_dop_operator_v3' retrieved from /home/airflow/.local/lib/python3.8/site-packages/airflow/example_dags/example_branch_python_dop_operator_3.py
[2026-04-14T20:16:04.723+0000] {logging_mixin.py:188} INFO - [2026-04-14T20:16:04.723+0000] {dag.py:3036} INFO - Sync 1 DAGs
[2026-04-14T20:16:04.752+0000] {logging_mixin.py:188} INFO - [2026-04-14T20:16:04.752+0000] {dag.py:3823} INFO - Setting next_dagrun for example_branch_dop_operator_v3 to 2026-04-14 20:15:00+00:00, run_after=2026-04-14 20:16:00+00:00
[2026-04-14T20:16:04.780+0000] {processor.py:183} INFO - Processing /home/airflow/.local/lib/python3.8/site-packages/airflow/example_dags/example_branch_python_dop_operator_3.py took 0.107 seconds
[2026-04-14T20:16:35.252+0000] {processor.py:161} INFO - Started process (PID=3661) to work on /home/airflow/.local/lib/python3.8/site-packages/airflow/example_dags/example_branch_python_dop_operator_3.py
[2026-04-14T20:16:35.253+0000] {processor.py:830} INFO - Processing file /home/airflow/.local/lib/python3.8/site-packages/airflow/example_dags/example_branch_python_dop_operator_3.py for tasks to queue
[2026-04-14T20:16:35.256+0000] {logging_mixin.py:188} INFO - [2026-04-14T20:16:35.256+0000] {dagbag.py:538} INFO - Filling up the DagBag from /home/airflow/.local/lib/python3.8/site-packages/airflow/example_dags/example_branch_python_dop_operator_3.py
[2026-04-14T20:16:35.267+0000] {processor.py:840} INFO - DAG(s) 'example_branch_dop_operator_v3' retrieved from /home/airflow/.local/lib/python3.8/site-packages/airflow/example_dags/example_branch_python_dop_operator_3.py
[2026-04-14T20:16:35.295+0000] {logging_mixin.py:188} INFO - [2026-04-14T20:16:35.294+0000] {dag.py:3036} INFO - Sync 1 DAGs
[2026-04-14T20:16:35.326+0000] {logging_mixin.py:188} INFO - [2026-04-14T20:16:35.326+0000] {dag.py:3823} INFO - Setting next_dagrun for example_branch_dop_operator_v3 to 2026-04-14 20:15:00+00:00, run_after=2026-04-14 20:16:00+00:00
[2026-04-14T20:16:35.410+0000] {processor.py:183} INFO - Processing /home/airflow/.local/lib/python3.8/site-packages/airflow/example_dags/example_branch_python_dop_operator_3.py took 0.162 seconds
[2026-04-14T20:17:05.827+0000] {processor.py:161} INFO - Started process (PID=3718) to work on /home/airflow/.local/lib/python3.8/site-packages/airflow/example_dags/example_branch_python_dop_operator_3.py
[2026-04-14T20:17:05.829+0000] {processor.py:830} INFO - Processing file /home/airflow/.local/lib/python3.8/site-packages/airflow/example_dags/example_branch_python_dop_operator_3.py for tasks to queue
[2026-04-14T20:17:05.831+0000] {logging_mixin.py:188} INFO - [2026-04-14T20:17:05.831+0000] {dagbag.py:538} INFO - Filling up the DagBag from /home/airflow/.local/lib/python3.8/site-packages/airflow/example_dags/example_branch_python_dop_operator_3.py
[2026-04-14T20:17:05.841+0000] {processor.py:840} INFO - DAG(s) 'example_branch_dop_operator_v3' retrieved from /home/airflow/.local/lib/python3.8/site-packages/airflow/example_dags/example_branch_python_dop_operator_3.py
[2026-04-14T20:17:05.865+0000] {logging_mixin.py:188} INFO - [2026-04-14T20:17:05.865+0000] {dag.py:3036} INFO - Sync 1 DAGs
[2026-04-14T20:17:05.895+0000] {logging_mixin.py:188} INFO - [2026-04-14T20:17:05.895+0000] {dag.py:3823} INFO - Setting next_dagrun for example_branch_dop_operator_v3 to 2026-04-14 20:16:00+00:00, run_after=2026-04-14 20:17:00+00:00
[2026-04-14T20:17:05.919+0000] {processor.py:183} INFO - Processing /home/airflow/.local/lib/python3.8/site-packages/airflow/example_dags/example_branch_python_dop_operator_3.py took 0.096 seconds
[2026-04-14T20:17:36.137+0000] {processor.py:161} INFO - Started process (PID=3775) to work on /home/airflow/.local/lib/python3.8/site-packages/airflow/example_dags/example_branch_python_dop_operator_3.py
[2026-04-14T20:17:36.139+0000] {processor.py:830} INFO - Processing file /home/airflow/.local/lib/python3.8/site-packages/airflow/example_dags/example_branch_python_dop_operator_3.py for tasks to queue
[2026-04-14T20:17:36.141+0000] {logging_mixin.py:188} INFO - [2026-04-14T20:17:36.141+0000] {dagbag.py:538} INFO - Filling up the DagBag from /home/airflow/.local/lib/python3.8/site-packages/airflow/example_dags/example_branch_python_dop_operator_3.py
[2026-04-14T20:17:36.151+0000] {processor.py:840} INFO - DAG(s) 'example_branch_dop_operator_v3' retrieved from /home/airflow/.local/lib/python3.8/site-packages/airflow/example_dags/example_branch_python_dop_operator_3.py
[2026-04-14T20:17:36.175+0000] {logging_mixin.py:188} INFO - [2026-04-14T20:17:36.175+0000] {dag.py:3036} INFO - Sync 1 DAGs
[2026-04-14T20:17:36.211+0000] {logging_mixin.py:188} INFO - [2026-04-14T20:17:36.210+0000] {dag.py:3823} INFO - Setting next_dagrun for example_branch_dop_operator_v3 to 2026-04-14 20:16:00+00:00, run_after=2026-04-14 20:17:00+00:00
[2026-04-14T20:17:36.233+0000] {processor.py:183} INFO - Processing /home/airflow/.local/lib/python3.8/site-packages/airflow/example_dags/example_branch_python_dop_operator_3.py took 0.100 seconds
[2026-04-14T20:18:06.667+0000] {processor.py:161} INFO - Started process (PID=3832) to work on /home/airflow/.local/lib/python3.8/site-packages/airflow/example_dags/example_branch_python_dop_operator_3.py
[2026-04-14T20:18:06.668+0000] {processor.py:830} INFO - Processing file /home/airflow/.local/lib/python3.8/site-packages/airflow/example_dags/example_branch_python_dop_operator_3.py for tasks to queue
[2026-04-14T20:18:06.671+0000] {logging_mixin.py:188} INFO - [2026-04-14T20:18:06.671+0000] {dagbag.py:538} INFO - Filling up the DagBag from /home/airflow/.local/lib/python3.8/site-packages/airflow/example_dags/example_branch_python_dop_operator_3.py
[2026-04-14T20:18:06.684+0000] {processor.py:840} INFO - DAG(s) 'example_branch_dop_operator_v3' retrieved from /home/airflow/.local/lib/python3.8/site-packages/airflow/example_dags/example_branch_python_dop_operator_3.py
[2026-04-14T20:18:06.716+0000] {logging_mixin.py:188} INFO - [2026-04-14T20:18:06.716+0000] {dag.py:3036} INFO - Sync 1 DAGs
[2026-04-14T20:18:06.758+0000] {logging_mixin.py:188} INFO - [2026-04-14T20:18:06.758+0000] {dag.py:3823} INFO - Setting next_dagrun for example_branch_dop_operator_v3 to 2026-04-14 20:17:00+00:00, run_after=2026-04-14 20:18:00+00:00
[2026-04-14T20:18:06.795+0000] {processor.py:183} INFO - Processing /home/airflow/.local/lib/python3.8/site-packages/airflow/example_dags/example_branch_python_dop_operator_3.py took 0.132 seconds
[2026-04-14T20:18:36.928+0000] {processor.py:161} INFO - Started process (PID=3889) to work on /home/airflow/.local/lib/python3.8/site-packages/airflow/example_dags/example_branch_python_dop_operator_3.py
[2026-04-14T20:18:36.930+0000] {processor.py:830} INFO - Processing file /home/airflow/.local/lib/python3.8/site-packages/airflow/example_dags/example_branch_python_dop_operator_3.py for tasks to queue
[2026-04-14T20:18:36.932+0000] {logging_mixin.py:188} INFO - [2026-04-14T20:18:36.931+0000] {dagbag.py:538} INFO - Filling up the DagBag from /home/airflow/.local/lib/python3.8/site-packages/airflow/example_dags/example_branch_python_dop_operator_3.py
[2026-04-14T20:18:36.942+0000] {processor.py:840} INFO - DAG(s) 'example_branch_dop_operator_v3' retrieved from /home/airflow/.local/lib/python3.8/site-packages/airflow/example_dags/example_branch_python_dop_operator_3.py
[2026-04-14T20:18:36.965+0000] {logging_mixin.py:188} INFO - [2026-04-14T20:18:36.965+0000] {dag.py:3036} INFO - Sync 1 DAGs
[2026-04-14T20:18:36.992+0000] {logging_mixin.py:188} INFO - [2026-04-14T20:18:36.992+0000] {dag.py:3823} INFO - Setting next_dagrun for example_branch_dop_operator_v3 to 2026-04-14 20:17:00+00:00, run_after=2026-04-14 20:18:00+00:00
[2026-04-14T20:18:37.019+0000] {processor.py:183} INFO - Processing /home/airflow/.local/lib/python3.8/site-packages/airflow/example_dags/example_branch_python_dop_operator_3.py took 0.095 seconds
[2026-04-14T20:19:07.064+0000] {processor.py:161} INFO - Started process (PID=3946) to work on /home/airflow/.local/lib/python3.8/site-packages/airflow/example_dags/example_branch_python_dop_operator_3.py
[2026-04-14T20:19:07.065+0000] {processor.py:830} INFO - Processing file /home/airflow/.local/lib/python3.8/site-packages/airflow/example_dags/example_branch_python_dop_operator_3.py for tasks to queue
[2026-04-14T20:19:07.067+0000] {logging_mixin.py:188} INFO - [2026-04-14T20:19:07.067+0000] {dagbag.py:538} INFO - Filling up the DagBag from /home/airflow/.local/lib/python3.8/site-packages/airflow/example_dags/example_branch_python_dop_operator_3.py
[2026-04-14T20:19:07.075+0000] {processor.py:840} INFO - DAG(s) 'example_branch_dop_operator_v3' retrieved from /home/airflow/.local/lib/python3.8/site-packages/airflow/example_dags/example_branch_python_dop_operator_3.py
[2026-04-14T20:19:07.098+0000] {logging_mixin.py:188} INFO - [2026-04-14T20:19:07.097+0000] {dag.py:3036} INFO - Sync 1 DAGs
[2026-04-14T20:19:07.123+0000] {logging_mixin.py:188} INFO - [2026-04-14T20:19:07.123+0000] {dag.py:3823} INFO - Setting next_dagrun for example_branch_dop_operator_v3 to 2026-04-14 20:18:00+00:00, run_after=2026-04-14 20:19:00+00:00
[2026-04-14T20:19:07.152+0000] {processor.py:183} INFO - Processing /home/airflow/.local/lib/python3.8/site-packages/airflow/example_dags/example_branch_python_dop_operator_3.py took 0.092 seconds
[2026-04-14T20:19:37.385+0000] {processor.py:161} INFO - Started process (PID=4003) to work on /home/airflow/.local/lib/python3.8/site-packages/airflow/example_dags/example_branch_python_dop_operator_3.py
[2026-04-14T20:19:37.387+0000] {processor.py:830} INFO - Processing file /home/airflow/.local/lib/python3.8/site-packages/airflow/example_dags/example_branch_python_dop_operator_3.py for tasks to queue
[2026-04-14T20:19:37.390+0000] {logging_mixin.py:188} INFO - [2026-04-14T20:19:37.390+0000] {dagbag.py:538} INFO - Filling up the DagBag from /home/airflow/.local/lib/python3.8/site-packages/airflow/example_dags/example_branch_python_dop_operator_3.py
[2026-04-14T20:19:37.399+0000] {processor.py:840} INFO - DAG(s) 'example_branch_dop_operator_v3' retrieved from /home/airflow/.local/lib/python3.8/site-packages/airflow/example_dags/example_branch_python_dop_operator_3.py
[2026-04-14T20:19:37.424+0000] {logging_mixin.py:188} INFO - [2026-04-14T20:19:37.424+0000] {dag.py:3036} INFO - Sync 1 DAGs
[2026-04-14T20:19:37.450+0000] {logging_mixin.py:188} INFO - [2026-04-14T20:19:37.450+0000] {dag.py:3823} INFO - Setting next_dagrun for example_branch_dop_operator_v3 to 2026-04-14 20:18:00+00:00, run_after=2026-04-14 20:19:00+00:00
[2026-04-14T20:19:37.476+0000] {processor.py:183} INFO - Processing /home/airflow/.local/lib/python3.8/site-packages/airflow/example_dags/example_branch_python_dop_operator_3.py took 0.094 seconds
[2026-04-14T20:20:07.783+0000] {processor.py:161} INFO - Started process (PID=4060) to work on /home/airflow/.local/lib/python3.8/site-packages/airflow/example_dags/example_branch_python_dop_operator_3.py
[2026-04-14T20:20:07.785+0000] {processor.py:830} INFO - Processing file /home/airflow/.local/lib/python3.8/site-packages/airflow/example_dags/example_branch_python_dop_operator_3.py for tasks to queue
[2026-04-14T20:20:07.788+0000] {logging_mixin.py:188} INFO - [2026-04-14T20:20:07.787+0000] {dagbag.py:538} INFO - Filling up the DagBag from /home/airflow/.local/lib/python3.8/site-packages/airflow/example_dags/example_branch_python_dop_operator_3.py
[2026-04-14T20:20:07.802+0000] {processor.py:840} INFO - DAG(s) 'example_branch_dop_operator_v3' retrieved from /home/airflow/.local/lib/python3.8/site-packages/airflow/example_dags/example_branch_python_dop_operator_3.py
[2026-04-14T20:20:07.835+0000] {logging_mixin.py:188} INFO - [2026-04-14T20:20:07.834+0000] {dag.py:3036} INFO - Sync 1 DAGs
[2026-04-14T20:20:07.868+0000] {logging_mixin.py:188} INFO - [2026-04-14T20:20:07.867+0000] {dag.py:3823} INFO - Setting next_dagrun for example_branch_dop_operator_v3 to 2026-04-14 20:19:00+00:00, run_after=2026-04-14 20:20:00+00:00
[2026-04-14T20:20:07.896+0000] {processor.py:183} INFO - Processing /home/airflow/.local/lib/python3.8/site-packages/airflow/example_dags/example_branch_python_dop_operator_3.py took 0.117 seconds
[2026-04-14T20:20:38.235+0000] {processor.py:161} INFO - Started process (PID=4117) to work on /home/airflow/.local/lib/python3.8/site-packages/airflow/example_dags/example_branch_python_dop_operator_3.py
[2026-04-14T20:20:38.236+0000] {processor.py:830} INFO - Processing file /home/airflow/.local/lib/python3.8/site-packages/airflow/example_dags/example_branch_python_dop_operator_3.py for tasks to queue
[2026-04-14T20:20:38.238+0000] {logging_mixin.py:188} INFO - [2026-04-14T20:20:38.238+0000] {dagbag.py:538} INFO - Filling up the DagBag from /home/airflow/.local/lib/python3.8/site-packages/airflow/example_dags/example_branch_python_dop_operator_3.py
[2026-04-14T20:20:38.247+0000] {processor.py:840} INFO - DAG(s) 'example_branch_dop_operator_v3' retrieved from /home/airflow/.local/lib/python3.8/site-packages/airflow/example_dags/example_branch_python_dop_operator_3.py
[2026-04-14T20:20:38.272+0000] {logging_mixin.py:188} INFO - [2026-04-14T20:20:38.272+0000] {dag.py:3036} INFO - Sync 1 DAGs
[2026-04-14T20:20:38.299+0000] {logging_mixin.py:188} INFO - [2026-04-14T20:20:38.298+0000] {dag.py:3823} INFO - Setting next_dagrun for example_branch_dop_operator_v3 to 2026-04-14 20:19:00+00:00, run_after=2026-04-14 20:20:00+00:00
[2026-04-14T20:20:38.322+0000] {processor.py:183} INFO - Processing /home/airflow/.local/lib/python3.8/site-packages/airflow/example_dags/example_branch_python_dop_operator_3.py took 0.091 seconds
[2026-04-14T20:21:08.452+0000] {processor.py:161} INFO - Started process (PID=4174) to work on /home/airflow/.local/lib/python3.8/site-packages/airflow/example_dags/example_branch_python_dop_operator_3.py
[2026-04-14T20:21:08.455+0000] {processor.py:830} INFO - Processing file /home/airflow/.local/lib/python3.8/site-packages/airflow/example_dags/example_branch_python_dop_operator_3.py for tasks to queue
[2026-04-14T20:21:08.457+0000] {logging_mixin.py:188} INFO - [2026-04-14T20:21:08.457+0000] {dagbag.py:538} INFO - Filling up the DagBag from /home/airflow/.local/lib/python3.8/site-packages/airflow/example_dags/example_branch_python_dop_operator_3.py
[2026-04-14T20:21:08.466+0000] {processor.py:840} INFO - DAG(s) 'example_branch_dop_operator_v3' retrieved from /home/airflow/.local/lib/python3.8/site-packages/airflow/example_dags/example_branch_python_dop_operator_3.py
[2026-04-14T20:21:08.493+0000] {logging_mixin.py:188} INFO - [2026-04-14T20:21:08.493+0000] {dag.py:3036} INFO - Sync 1 DAGs
[2026-04-14T20:21:08.535+0000] {logging_mixin.py:188} INFO - [2026-04-14T20:21:08.534+0000] {dag.py:3823} INFO - Setting next_dagrun for example_branch_dop_operator_v3 to 2026-04-14 20:20:00+00:00, run_after=2026-04-14 20:21:00+00:00
[2026-04-14T20:21:08.562+0000] {processor.py:183} INFO - Processing /home/airflow/.local/lib/python3.8/site-packages/airflow/example_dags/example_branch_python_dop_operator_3.py took 0.114 seconds
[2026-04-14T20:21:39.061+0000] {processor.py:161} INFO - Started process (PID=4231) to work on /home/airflow/.local/lib/python3.8/site-packages/airflow/example_dags/example_branch_python_dop_operator_3.py
[2026-04-14T20:21:39.063+0000] {processor.py:830} INFO - Processing file /home/airflow/.local/lib/python3.8/site-packages/airflow/example_dags/example_branch_python_dop_operator_3.py for tasks to queue
[2026-04-14T20:21:39.066+0000] {logging_mixin.py:188} INFO - [2026-04-14T20:21:39.066+0000] {dagbag.py:538} INFO - Filling up the DagBag from /home/airflow/.local/lib/python3.8/site-packages/airflow/example_dags/example_branch_python_dop_operator_3.py
[2026-04-14T20:21:39.076+0000] {processor.py:840} INFO - DAG(s) 'example_branch_dop_operator_v3' retrieved from /home/airflow/.local/lib/python3.8/site-packages/airflow/example_dags/example_branch_python_dop_operator_3.py
[2026-04-14T20:21:39.104+0000] {logging_mixin.py:188} INFO - [2026-04-14T20:21:39.104+0000] {dag.py:3036} INFO - Sync 1 DAGs
[2026-04-14T20:21:39.139+0000] {logging_mixin.py:188} INFO - [2026-04-14T20:21:39.139+0000] {dag.py:3823} INFO - Setting next_dagrun for example_branch_dop_operator_v3 to 2026-04-14 20:20:00+00:00, run_after=2026-04-14 20:21:00+00:00
[2026-04-14T20:21:39.166+0000] {processor.py:183} INFO - Processing /home/airflow/.local/lib/python3.8/site-packages/airflow/example_dags/example_branch_python_dop_operator_3.py took 0.109 seconds
[2026-04-14T20:22:09.596+0000] {processor.py:161} INFO - Started process (PID=4288) to work on /home/airflow/.local/lib/python3.8/site-packages/airflow/example_dags/example_branch_python_dop_operator_3.py
[2026-04-14T20:22:09.598+0000] {processor.py:830} INFO - Processing file /home/airflow/.local/lib/python3.8/site-packages/airflow/example_dags/example_branch_python_dop_operator_3.py for tasks to queue
[2026-04-14T20:22:09.603+0000] {logging_mixin.py:188} INFO - [2026-04-14T20:22:09.602+0000] {dagbag.py:538} INFO - Filling up the DagBag from /home/airflow/.local/lib/python3.8/site-packages/airflow/example_dags/example_branch_python_dop_operator_3.py
[2026-04-14T20:22:09.615+0000] {processor.py:840} INFO - DAG(s) 'example_branch_dop_operator_v3' retrieved from /home/airflow/.local/lib/python3.8/site-packages/airflow/example_dags/example_branch_python_dop_operator_3.py
[2026-04-14T20:22:09.645+0000] {logging_mixin.py:188} INFO - [2026-04-14T20:22:09.644+0000] {dag.py:3036} INFO - Sync 1 DAGs
[2026-04-14T20:22:09.674+0000] {logging_mixin.py:188} INFO - [2026-04-14T20:22:09.674+0000] {dag.py:3823} INFO - Setting next_dagrun for example_branch_dop_operator_v3 to 2026-04-14 20:21:00+00:00, run_after=2026-04-14 20:22:00+00:00
[2026-04-14T20:22:09.702+0000] {processor.py:183} INFO - Processing /home/airflow/.local/lib/python3.8/site-packages/airflow/example_dags/example_branch_python_dop_operator_3.py took 0.110 seconds
[2026-04-14T20:22:39.948+0000] {processor.py:161} INFO - Started process (PID=4345) to work on /home/airflow/.local/lib/python3.8/site-packages/airflow/example_dags/example_branch_python_dop_operator_3.py
[2026-04-14T20:22:39.949+0000] {processor.py:830} INFO - Processing file /home/airflow/.local/lib/python3.8/site-packages/airflow/example_dags/example_branch_python_dop_operator_3.py for tasks to queue
[2026-04-14T20:22:39.953+0000] {logging_mixin.py:188} INFO - [2026-04-14T20:22:39.952+0000] {dagbag.py:538} INFO - Filling up the DagBag from /home/airflow/.local/lib/python3.8/site-packages/airflow/example_dags/example_branch_python_dop_operator_3.py
[2026-04-14T20:22:39.963+0000] {processor.py:840} INFO - DAG(s) 'example_branch_dop_operator_v3' retrieved from /home/airflow/.local/lib/python3.8/site-packages/airflow/example_dags/example_branch_python_dop_operator_3.py
[2026-04-14T20:22:39.989+0000] {logging_mixin.py:188} INFO - [2026-04-14T20:22:39.989+0000] {dag.py:3036} INFO - Sync 1 DAGs
[2026-04-14T20:22:40.020+0000] {logging_mixin.py:188} INFO - [2026-04-14T20:22:40.020+0000] {dag.py:3823} INFO - Setting next_dagrun for example_branch_dop_operator_v3 to 2026-04-14 20:21:00+00:00, run_after=2026-04-14 20:22:00+00:00
[2026-04-14T20:22:40.043+0000] {processor.py:183} INFO - Processing /home/airflow/.local/lib/python3.8/site-packages/airflow/example_dags/example_branch_python_dop_operator_3.py took 0.099 seconds
[2026-04-14T20:23:10.446+0000] {processor.py:161} INFO - Started process (PID=4402) to work on /home/airflow/.local/lib/python3.8/site-packages/airflow/example_dags/example_branch_python_dop_operator_3.py
[2026-04-14T20:23:10.448+0000] {processor.py:830} INFO - Processing file /home/airflow/.local/lib/python3.8/site-packages/airflow/example_dags/example_branch_python_dop_operator_3.py for tasks to queue
[2026-04-14T20:23:10.451+0000] {logging_mixin.py:188} INFO - [2026-04-14T20:23:10.450+0000] {dagbag.py:538} INFO - Filling up the DagBag from /home/airflow/.local/lib/python3.8/site-packages/airflow/example_dags/example_branch_python_dop_operator_3.py
[2026-04-14T20:23:10.462+0000] {processor.py:840} INFO - DAG(s) 'example_branch_dop_operator_v3' retrieved from /home/airflow/.local/lib/python3.8/site-packages/airflow/example_dags/example_branch_python_dop_operator_3.py
[2026-04-14T20:23:10.494+0000] {logging_mixin.py:188} INFO - [2026-04-14T20:23:10.493+0000] {dag.py:3036} INFO - Sync 1 DAGs
[2026-04-14T20:23:10.541+0000] {logging_mixin.py:188} INFO - [2026-04-14T20:23:10.540+0000] {dag.py:3823} INFO - Setting next_dagrun for example_branch_dop_operator_v3 to 2026-04-14 20:22:00+00:00, run_after=2026-04-14 20:23:00+00:00
[2026-04-14T20:23:10.575+0000] {processor.py:183} INFO - Processing /home/airflow/.local/lib/python3.8/site-packages/airflow/example_dags/example_branch_python_dop_operator_3.py took 0.133 seconds
[2026-04-14T20:23:41.264+0000] {processor.py:161} INFO - Started process (PID=4459) to work on /home/airflow/.local/lib/python3.8/site-packages/airflow/example_dags/example_branch_python_dop_operator_3.py
[2026-04-14T20:23:41.265+0000] {processor.py:830} INFO - Processing file /home/airflow/.local/lib/python3.8/site-packages/airflow/example_dags/example_branch_python_dop_operator_3.py for tasks to queue
[2026-04-14T20:23:41.268+0000] {logging_mixin.py:188} INFO - [2026-04-14T20:23:41.267+0000] {dagbag.py:538} INFO - Filling up the DagBag from /home/airflow/.local/lib/python3.8/site-packages/airflow/example_dags/example_branch_python_dop_operator_3.py
[2026-04-14T20:23:41.280+0000] {processor.py:840} INFO - DAG(s) 'example_branch_dop_operator_v3' retrieved from /home/airflow/.local/lib/python3.8/site-packages/airflow/example_dags/example_branch_python_dop_operator_3.py
[2026-04-14T20:23:41.307+0000] {logging_mixin.py:188} INFO - [2026-04-14T20:23:41.307+0000] {dag.py:3036} INFO - Sync 1 DAGs
[2026-04-14T20:23:41.355+0000] {logging_mixin.py:188} INFO - [2026-04-14T20:23:41.354+0000] {dag.py:3823} INFO - Setting next_dagrun for example_branch_dop_operator_v3 to 2026-04-14 20:22:00+00:00, run_after=2026-04-14 20:23:00+00:00
[2026-04-14T20:23:41.391+0000] {processor.py:183} INFO - Processing /home/airflow/.local/lib/python3.8/site-packages/airflow/example_dags/example_branch_python_dop_operator_3.py took 0.133 seconds
[2026-04-14T20:24:11.469+0000] {processor.py:161} INFO - Started process (PID=4516) to work on /home/airflow/.local/lib/python3.8/site-packages/airflow/example_dags/example_branch_python_dop_operator_3.py
[2026-04-14T20:24:11.472+0000] {processor.py:830} INFO - Processing file /home/airflow/.local/lib/python3.8/site-packages/airflow/example_dags/example_branch_python_dop_operator_3.py for tasks to queue
[2026-04-14T20:24:11.476+0000] {logging_mixin.py:188} INFO - [2026-04-14T20:24:11.475+0000] {dagbag.py:538} INFO - Filling up the DagBag from /home/airflow/.local/lib/python3.8/site-packages/airflow/example_dags/example_branch_python_dop_operator_3.py
[2026-04-14T20:24:11.489+0000] {processor.py:840} INFO - DAG(s) 'example_branch_dop_operator_v3' retrieved from /home/airflow/.local/lib/python3.8/site-packages/airflow/example_dags/example_branch_python_dop_operator_3.py
[2026-04-14T20:24:11.513+0000] {logging_mixin.py:188} INFO - [2026-04-14T20:24:11.512+0000] {dag.py:3036} INFO - Sync 1 DAGs
[2026-04-14T20:24:11.550+0000] {logging_mixin.py:188} INFO - [2026-04-14T20:24:11.550+0000] {dag.py:3823} INFO - Setting next_dagrun for example_branch_dop_operator_v3 to 2026-04-14 20:23:00+00:00, run_after=2026-04-14 20:24:00+00:00
[2026-04-14T20:24:11.580+0000] {processor.py:183} INFO - Processing /home/airflow/.local/lib/python3.8/site-packages/airflow/example_dags/example_branch_python_dop_operator_3.py took 0.115 seconds
[2026-04-14T20:24:41.737+0000] {processor.py:161} INFO - Started process (PID=4574) to work on /home/airflow/.local/lib/python3.8/site-packages/airflow/example_dags/example_branch_python_dop_operator_3.py
[2026-04-14T20:24:41.738+0000] {processor.py:830} INFO - Processing file /home/airflow/.local/lib/python3.8/site-packages/airflow/example_dags/example_branch_python_dop_operator_3.py for tasks to queue
[2026-04-14T20:24:41.741+0000] {logging_mixin.py:188} INFO - [2026-04-14T20:24:41.741+0000] {dagbag.py:538} INFO - Filling up the DagBag from /home/airflow/.local/lib/python3.8/site-packages/airflow/example_dags/example_branch_python_dop_operator_3.py
[2026-04-14T20:24:41.755+0000] {processor.py:840} INFO - DAG(s) 'example_branch_dop_operator_v3' retrieved from /home/airflow/.local/lib/python3.8/site-packages/airflow/example_dags/example_branch_python_dop_operator_3.py
[2026-04-14T20:24:41.783+0000] {logging_mixin.py:188} INFO - [2026-04-14T20:24:41.782+0000] {dag.py:3036} INFO - Sync 1 DAGs
[2026-04-14T20:24:41.838+0000] {logging_mixin.py:188} INFO - [2026-04-14T20:24:41.837+0000] {dag.py:3823} INFO - Setting next_dagrun for example_branch_dop_operator_v3 to 2026-04-14 20:23:00+00:00, run_after=2026-04-14 20:24:00+00:00
[2026-04-14T20:24:41.905+0000] {processor.py:183} INFO - Processing /home/airflow/.local/lib/python3.8/site-packages/airflow/example_dags/example_branch_python_dop_operator_3.py took 0.172 seconds
[2026-04-14T20:25:12.240+0000] {processor.py:161} INFO - Started process (PID=4631) to work on /home/airflow/.local/lib/python3.8/site-packages/airflow/example_dags/example_branch_python_dop_operator_3.py
[2026-04-14T20:25:12.241+0000] {processor.py:830} INFO - Processing file /home/airflow/.local/lib/python3.8/site-packages/airflow/example_dags/example_branch_python_dop_operator_3.py for tasks to queue
[2026-04-14T20:25:12.243+0000] {logging_mixin.py:188} INFO - [2026-04-14T20:25:12.243+0000] {dagbag.py:538} INFO - Filling up the DagBag from /home/airflow/.local/lib/python3.8/site-packages/airflow/example_dags/example_branch_python_dop_operator_3.py
[2026-04-14T20:25:12.253+0000] {processor.py:840} INFO - DAG(s) 'example_branch_dop_operator_v3' retrieved from /home/airflow/.local/lib/python3.8/site-packages/airflow/example_dags/example_branch_python_dop_operator_3.py
[2026-04-14T20:25:12.283+0000] {logging_mixin.py:188} INFO - [2026-04-14T20:25:12.282+0000] {dag.py:3036} INFO - Sync 1 DAGs
[2026-04-14T20:25:12.314+0000] {logging_mixin.py:188} INFO - [2026-04-14T20:25:12.314+0000] {dag.py:3823} INFO - Setting next_dagrun for example_branch_dop_operator_v3 to 2026-04-14 20:24:00+00:00, run_after=2026-04-14 20:25:00+00:00
[2026-04-14T20:25:12.339+0000] {processor.py:183} INFO - Processing /home/airflow/.local/lib/python3.8/site-packages/airflow/example_dags/example_branch_python_dop_operator_3.py took 0.103 seconds
[2026-04-14T20:25:42.728+0000] {processor.py:161} INFO - Started process (PID=4688) to work on /home/airflow/.local/lib/python3.8/site-packages/airflow/example_dags/example_branch_python_dop_operator_3.py
[2026-04-14T20:25:42.730+0000] {processor.py:830} INFO - Processing file /home/airflow/.local/lib/python3.8/site-packages/airflow/example_dags/example_branch_python_dop_operator_3.py for tasks to queue
[2026-04-14T20:25:42.735+0000] {logging_mixin.py:188} INFO - [2026-04-14T20:25:42.733+0000] {dagbag.py:538} INFO - Filling up the DagBag from /home/airflow/.local/lib/python3.8/site-packages/airflow/example_dags/example_branch_python_dop_operator_3.py
[2026-04-14T20:25:42.744+0000] {processor.py:840} INFO - DAG(s) 'example_branch_dop_operator_v3' retrieved from /home/airflow/.local/lib/python3.8/site-packages/airflow/example_dags/example_branch_python_dop_operator_3.py
[2026-04-14T20:25:42.775+0000] {logging_mixin.py:188} INFO - [2026-04-14T20:25:42.775+0000] {dag.py:3036} INFO - Sync 1 DAGs
[2026-04-14T20:25:42.823+0000] {logging_mixin.py:188} INFO - [2026-04-14T20:25:42.822+0000] {dag.py:3823} INFO - Setting next_dagrun for example_branch_dop_operator_v3 to 2026-04-14 20:24:00+00:00, run_after=2026-04-14 20:25:00+00:00
[2026-04-14T20:25:42.853+0000] {processor.py:183} INFO - Processing /home/airflow/.local/lib/python3.8/site-packages/airflow/example_dags/example_branch_python_dop_operator_3.py took 0.129 seconds
[2026-04-14T20:26:13.337+0000] {processor.py:161} INFO - Started process (PID=4746) to work on /home/airflow/.local/lib/python3.8/site-packages/airflow/example_dags/example_branch_python_dop_operator_3.py
[2026-04-14T20:26:13.339+0000] {processor.py:830} INFO - Processing file /home/airflow/.local/lib/python3.8/site-packages/airflow/example_dags/example_branch_python_dop_operator_3.py for tasks to queue
[2026-04-14T20:26:13.343+0000] {logging_mixin.py:188} INFO - [2026-04-14T20:26:13.342+0000] {dagbag.py:538} INFO - Filling up the DagBag from /home/airflow/.local/lib/python3.8/site-packages/airflow/example_dags/example_branch_python_dop_operator_3.py
[2026-04-14T20:26:13.359+0000] {processor.py:840} INFO - DAG(s) 'example_branch_dop_operator_v3' retrieved from /home/airflow/.local/lib/python3.8/site-packages/airflow/example_dags/example_branch_python_dop_operator_3.py
[2026-04-14T20:26:13.393+0000] {logging_mixin.py:188} INFO - [2026-04-14T20:26:13.392+0000] {dag.py:3036} INFO - Sync 1 DAGs
[2026-04-14T20:26:13.436+0000] {logging_mixin.py:188} INFO - [2026-04-14T20:26:13.435+0000] {dag.py:3823} INFO - Setting next_dagrun for example_branch_dop_operator_v3 to 2026-04-14 20:25:00+00:00, run_after=2026-04-14 20:26:00+00:00
[2026-04-14T20:26:13.470+0000] {processor.py:183} INFO - Processing /home/airflow/.local/lib/python3.8/site-packages/airflow/example_dags/example_branch_python_dop_operator_3.py took 0.139 seconds
[2026-04-14T20:26:43.566+0000] {processor.py:161} INFO - Started process (PID=4803) to work on /home/airflow/.local/lib/python3.8/site-packages/airflow/example_dags/example_branch_python_dop_operator_3.py
[2026-04-14T20:26:43.567+0000] {processor.py:830} INFO - Processing file /home/airflow/.local/lib/python3.8/site-packages/airflow/example_dags/example_branch_python_dop_operator_3.py for tasks to queue
[2026-04-14T20:26:43.570+0000] {logging_mixin.py:188} INFO - [2026-04-14T20:26:43.569+0000] {dagbag.py:538} INFO - Filling up the DagBag from /home/airflow/.local/lib/python3.8/site-packages/airflow/example_dags/example_branch_python_dop_operator_3.py
[2026-04-14T20:26:43.583+0000] {processor.py:840} INFO - DAG(s) 'example_branch_dop_operator_v3' retrieved from /home/airflow/.local/lib/python3.8/site-packages/airflow/example_dags/example_branch_python_dop_operator_3.py
[2026-04-14T20:26:43.619+0000] {logging_mixin.py:188} INFO - [2026-04-14T20:26:43.618+0000] {dag.py:3036} INFO - Sync 1 DAGs
[2026-04-14T20:26:43.666+0000] {logging_mixin.py:188} INFO - [2026-04-14T20:26:43.666+0000] {dag.py:3823} INFO - Setting next_dagrun for example_branch_dop_operator_v3 to 2026-04-14 20:25:00+00:00, run_after=2026-04-14 20:26:00+00:00
[2026-04-14T20:26:43.698+0000] {processor.py:183} INFO - Processing /home/airflow/.local/lib/python3.8/site-packages/airflow/example_dags/example_branch_python_dop_operator_3.py took 0.138 seconds
[2026-04-14T20:27:18.391+0000] {processor.py:161} INFO - Started process (PID=4860) to work on /home/airflow/.local/lib/python3.8/site-packages/airflow/example_dags/example_branch_python_dop_operator_3.py
[2026-04-14T20:27:18.392+0000] {processor.py:830} INFO - Processing file /home/airflow/.local/lib/python3.8/site-packages/airflow/example_dags/example_branch_python_dop_operator_3.py for tasks to queue
[2026-04-14T20:27:18.396+0000] {logging_mixin.py:188} INFO - [2026-04-14T20:27:18.395+0000] {dagbag.py:538} INFO - Filling up the DagBag from /home/airflow/.local/lib/python3.8/site-packages/airflow/example_dags/example_branch_python_dop_operator_3.py
[2026-04-14T20:27:18.410+0000] {processor.py:840} INFO - DAG(s) 'example_branch_dop_operator_v3' retrieved from /home/airflow/.local/lib/python3.8/site-packages/airflow/example_dags/example_branch_python_dop_operator_3.py
[2026-04-14T20:27:18.438+0000] {logging_mixin.py:188} INFO - [2026-04-14T20:27:18.438+0000] {dag.py:3036} INFO - Sync 1 DAGs
[2026-04-14T20:27:18.483+0000] {logging_mixin.py:188} INFO - [2026-04-14T20:27:18.483+0000] {dag.py:3823} INFO - Setting next_dagrun for example_branch_dop_operator_v3 to 2026-04-14 20:26:00+00:00, run_after=2026-04-14 20:27:00+00:00
[2026-04-14T20:27:18.540+0000] {processor.py:183} INFO - Processing /home/airflow/.local/lib/python3.8/site-packages/airflow/example_dags/example_branch_python_dop_operator_3.py took 0.155 seconds
[2026-04-14T20:27:49.073+0000] {processor.py:161} INFO - Started process (PID=4917) to work on /home/airflow/.local/lib/python3.8/site-packages/airflow/example_dags/example_branch_python_dop_operator_3.py
[2026-04-14T20:27:49.074+0000] {processor.py:830} INFO - Processing file /home/airflow/.local/lib/python3.8/site-packages/airflow/example_dags/example_branch_python_dop_operator_3.py for tasks to queue
[2026-04-14T20:27:49.078+0000] {logging_mixin.py:188} INFO - [2026-04-14T20:27:49.077+0000] {dagbag.py:538} INFO - Filling up the DagBag from /home/airflow/.local/lib/python3.8/site-packages/airflow/example_dags/example_branch_python_dop_operator_3.py
[2026-04-14T20:27:49.095+0000] {processor.py:840} INFO - DAG(s) 'example_branch_dop_operator_v3' retrieved from /home/airflow/.local/lib/python3.8/site-packages/airflow/example_dags/example_branch_python_dop_operator_3.py
[2026-04-14T20:27:49.130+0000] {logging_mixin.py:188} INFO - [2026-04-14T20:27:49.128+0000] {dag.py:3036} INFO - Sync 1 DAGs
[2026-04-14T20:27:49.167+0000] {logging_mixin.py:188} INFO - [2026-04-14T20:27:49.167+0000] {dag.py:3823} INFO - Setting next_dagrun for example_branch_dop_operator_v3 to 2026-04-14 20:26:00+00:00, run_after=2026-04-14 20:27:00+00:00
[2026-04-14T20:27:49.195+0000] {processor.py:183} INFO - Processing /home/airflow/.local/lib/python3.8/site-packages/airflow/example_dags/example_branch_python_dop_operator_3.py took 0.127 seconds
[2026-04-14T20:28:19.929+0000] {processor.py:161} INFO - Started process (PID=4974) to work on /home/airflow/.local/lib/python3.8/site-packages/airflow/example_dags/example_branch_python_dop_operator_3.py
[2026-04-14T20:28:19.931+0000] {processor.py:830} INFO - Processing file /home/airflow/.local/lib/python3.8/site-packages/airflow/example_dags/example_branch_python_dop_operator_3.py for tasks to queue
[2026-04-14T20:28:19.934+0000] {logging_mixin.py:188} INFO - [2026-04-14T20:28:19.933+0000] {dagbag.py:538} INFO - Filling up the DagBag from /home/airflow/.local/lib/python3.8/site-packages/airflow/example_dags/example_branch_python_dop_operator_3.py
[2026-04-14T20:28:19.950+0000] {processor.py:840} INFO - DAG(s) 'example_branch_dop_operator_v3' retrieved from /home/airflow/.local/lib/python3.8/site-packages/airflow/example_dags/example_branch_python_dop_operator_3.py
[2026-04-14T20:28:19.988+0000] {logging_mixin.py:188} INFO - [2026-04-14T20:28:19.988+0000] {dag.py:3036} INFO - Sync 1 DAGs
[2026-04-14T20:28:20.030+0000] {logging_mixin.py:188} INFO - [2026-04-14T20:28:20.029+0000] {dag.py:3823} INFO - Setting next_dagrun for example_branch_dop_operator_v3 to 2026-04-14 20:27:00+00:00, run_after=2026-04-14 20:28:00+00:00
[2026-04-14T20:28:20.076+0000] {processor.py:183} INFO - Processing /home/airflow/.local/lib/python3.8/site-packages/airflow/example_dags/example_branch_python_dop_operator_3.py took 0.154 seconds
[2026-04-14T20:28:50.163+0000] {processor.py:161} INFO - Started process (PID=5031) to work on /home/airflow/.local/lib/python3.8/site-packages/airflow/example_dags/example_branch_python_dop_operator_3.py
[2026-04-14T20:28:50.165+0000] {processor.py:830} INFO - Processing file /home/airflow/.local/lib/python3.8/site-packages/airflow/example_dags/example_branch_python_dop_operator_3.py for tasks to queue
[2026-04-14T20:28:50.167+0000] {logging_mixin.py:188} INFO - [2026-04-14T20:28:50.167+0000] {dagbag.py:538} INFO - Filling up the DagBag from /home/airflow/.local/lib/python3.8/site-packages/airflow/example_dags/example_branch_python_dop_operator_3.py
[2026-04-14T20:28:50.177+0000] {processor.py:840} INFO - DAG(s) 'example_branch_dop_operator_v3' retrieved from /home/airflow/.local/lib/python3.8/site-packages/airflow/example_dags/example_branch_python_dop_operator_3.py
[2026-04-14T20:28:50.202+0000] {logging_mixin.py:188} INFO - [2026-04-14T20:28:50.202+0000] {dag.py:3036} INFO - Sync 1 DAGs
[2026-04-14T20:28:50.231+0000] {logging_mixin.py:188} INFO - [2026-04-14T20:28:50.230+0000] {dag.py:3823} INFO - Setting next_dagrun for example_branch_dop_operator_v3 to 2026-04-14 20:27:00+00:00, run_after=2026-04-14 20:28:00+00:00
[2026-04-14T20:28:50.256+0000] {processor.py:183} INFO - Processing /home/airflow/.local/lib/python3.8/site-packages/airflow/example_dags/example_branch_python_dop_operator_3.py took 0.097 seconds
[2026-04-14T20:29:20.403+0000] {processor.py:161} INFO - Started process (PID=5088) to work on /home/airflow/.local/lib/python3.8/site-packages/airflow/example_dags/example_branch_python_dop_operator_3.py
[2026-04-14T20:29:20.405+0000] {processor.py:830} INFO - Processing file /home/airflow/.local/lib/python3.8/site-packages/airflow/example_dags/example_branch_python_dop_operator_3.py for tasks to queue
[2026-04-14T20:29:20.407+0000] {logging_mixin.py:188} INFO - [2026-04-14T20:29:20.407+0000] {dagbag.py:538} INFO - Filling up the DagBag from /home/airflow/.local/lib/python3.8/site-packages/airflow/example_dags/example_branch_python_dop_operator_3.py
[2026-04-14T20:29:20.419+0000] {processor.py:840} INFO - DAG(s) 'example_branch_dop_operator_v3' retrieved from /home/airflow/.local/lib/python3.8/site-packages/airflow/example_dags/example_branch_python_dop_operator_3.py
[2026-04-14T20:29:20.447+0000] {logging_mixin.py:188} INFO - [2026-04-14T20:29:20.447+0000] {dag.py:3036} INFO - Sync 1 DAGs
[2026-04-14T20:29:20.480+0000] {logging_mixin.py:188} INFO - [2026-04-14T20:29:20.480+0000] {dag.py:3823} INFO - Setting next_dagrun for example_branch_dop_operator_v3 to 2026-04-14 20:28:00+00:00, run_after=2026-04-14 20:29:00+00:00
[2026-04-14T20:29:20.506+0000] {processor.py:183} INFO - Processing /home/airflow/.local/lib/python3.8/site-packages/airflow/example_dags/example_branch_python_dop_operator_3.py took 0.107 seconds
[2026-04-14T20:29:50.702+0000] {processor.py:161} INFO - Started process (PID=5145) to work on /home/airflow/.local/lib/python3.8/site-packages/airflow/example_dags/example_branch_python_dop_operator_3.py
[2026-04-14T20:29:50.703+0000] {processor.py:830} INFO - Processing file /home/airflow/.local/lib/python3.8/site-packages/airflow/example_dags/example_branch_python_dop_operator_3.py for tasks to queue
[2026-04-14T20:29:50.706+0000] {logging_mixin.py:188} INFO - [2026-04-14T20:29:50.706+0000] {dagbag.py:538} INFO - Filling up the DagBag from /home/airflow/.local/lib/python3.8/site-packages/airflow/example_dags/example_branch_python_dop_operator_3.py
[2026-04-14T20:29:50.716+0000] {processor.py:840} INFO - DAG(s) 'example_branch_dop_operator_v3' retrieved from /home/airflow/.local/lib/python3.8/site-packages/airflow/example_dags/example_branch_python_dop_operator_3.py
[2026-04-14T20:29:50.739+0000] {logging_mixin.py:188} INFO - [2026-04-14T20:29:50.739+0000] {dag.py:3036} INFO - Sync 1 DAGs
[2026-04-14T20:29:50.770+0000] {logging_mixin.py:188} INFO - [2026-04-14T20:29:50.770+0000] {dag.py:3823} INFO - Setting next_dagrun for example_branch_dop_operator_v3 to 2026-04-14 20:28:00+00:00, run_after=2026-04-14 20:29:00+00:00
[2026-04-14T20:29:50.796+0000] {processor.py:183} INFO - Processing /home/airflow/.local/lib/python3.8/site-packages/airflow/example_dags/example_branch_python_dop_operator_3.py took 0.097 seconds
[2026-04-14T20:30:21.352+0000] {processor.py:161} INFO - Started process (PID=5202) to work on /home/airflow/.local/lib/python3.8/site-packages/airflow/example_dags/example_branch_python_dop_operator_3.py
[2026-04-14T20:30:21.353+0000] {processor.py:830} INFO - Processing file /home/airflow/.local/lib/python3.8/site-packages/airflow/example_dags/example_branch_python_dop_operator_3.py for tasks to queue
[2026-04-14T20:30:21.371+0000] {logging_mixin.py:188} INFO - [2026-04-14T20:30:21.370+0000] {dagbag.py:538} INFO - Filling up the DagBag from /home/airflow/.local/lib/python3.8/site-packages/airflow/example_dags/example_branch_python_dop_operator_3.py
[2026-04-14T20:30:21.407+0000] {processor.py:840} INFO - DAG(s) 'example_branch_dop_operator_v3' retrieved from /home/airflow/.local/lib/python3.8/site-packages/airflow/example_dags/example_branch_python_dop_operator_3.py
[2026-04-14T20:30:21.454+0000] {logging_mixin.py:188} INFO - [2026-04-14T20:30:21.454+0000] {dag.py:3036} INFO - Sync 1 DAGs
[2026-04-14T20:30:21.490+0000] {logging_mixin.py:188} INFO - [2026-04-14T20:30:21.490+0000] {dag.py:3823} INFO - Setting next_dagrun for example_branch_dop_operator_v3 to 2026-04-14 20:29:00+00:00, run_after=2026-04-14 20:30:00+00:00
[2026-04-14T20:30:21.515+0000] {processor.py:183} INFO - Processing /home/airflow/.local/lib/python3.8/site-packages/airflow/example_dags/example_branch_python_dop_operator_3.py took 0.170 seconds
[2026-04-14T20:30:51.780+0000] {processor.py:161} INFO - Started process (PID=5259) to work on /home/airflow/.local/lib/python3.8/site-packages/airflow/example_dags/example_branch_python_dop_operator_3.py
[2026-04-14T20:30:51.781+0000] {processor.py:830} INFO - Processing file /home/airflow/.local/lib/python3.8/site-packages/airflow/example_dags/example_branch_python_dop_operator_3.py for tasks to queue
[2026-04-14T20:30:51.783+0000] {logging_mixin.py:188} INFO - [2026-04-14T20:30:51.783+0000] {dagbag.py:538} INFO - Filling up the DagBag from /home/airflow/.local/lib/python3.8/site-packages/airflow/example_dags/example_branch_python_dop_operator_3.py
[2026-04-14T20:30:51.793+0000] {processor.py:840} INFO - DAG(s) 'example_branch_dop_operator_v3' retrieved from /home/airflow/.local/lib/python3.8/site-packages/airflow/example_dags/example_branch_python_dop_operator_3.py
[2026-04-14T20:30:51.817+0000] {logging_mixin.py:188} INFO - [2026-04-14T20:30:51.817+0000] {dag.py:3036} INFO - Sync 1 DAGs
[2026-04-14T20:30:51.843+0000] {logging_mixin.py:188} INFO - [2026-04-14T20:30:51.843+0000] {dag.py:3823} INFO - Setting next_dagrun for example_branch_dop_operator_v3 to 2026-04-14 20:29:00+00:00, run_after=2026-04-14 20:30:00+00:00
[2026-04-14T20:30:51.898+0000] {processor.py:183} INFO - Processing /home/airflow/.local/lib/python3.8/site-packages/airflow/example_dags/example_branch_python_dop_operator_3.py took 0.122 seconds
[2026-04-14T20:31:22.675+0000] {processor.py:161} INFO - Started process (PID=5316) to work on /home/airflow/.local/lib/python3.8/site-packages/airflow/example_dags/example_branch_python_dop_operator_3.py
[2026-04-14T20:31:22.677+0000] {processor.py:830} INFO - Processing file /home/airflow/.local/lib/python3.8/site-packages/airflow/example_dags/example_branch_python_dop_operator_3.py for tasks to queue
[2026-04-14T20:31:22.680+0000] {logging_mixin.py:188} INFO - [2026-04-14T20:31:22.679+0000] {dagbag.py:538} INFO - Filling up the DagBag from /home/airflow/.local/lib/python3.8/site-packages/airflow/example_dags/example_branch_python_dop_operator_3.py
[2026-04-14T20:31:22.697+0000] {processor.py:840} INFO - DAG(s) 'example_branch_dop_operator_v3' retrieved from /home/airflow/.local/lib/python3.8/site-packages/airflow/example_dags/example_branch_python_dop_operator_3.py
[2026-04-14T20:31:22.737+0000] {logging_mixin.py:188} INFO - [2026-04-14T20:31:22.737+0000] {dag.py:3036} INFO - Sync 1 DAGs
[2026-04-14T20:31:22.809+0000] {logging_mixin.py:188} INFO - [2026-04-14T20:31:22.809+0000] {dag.py:3823} INFO - Setting next_dagrun for example_branch_dop_operator_v3 to 2026-04-14 20:30:00+00:00, run_after=2026-04-14 20:31:00+00:00
[2026-04-14T20:31:22.867+0000] {processor.py:183} INFO - Processing /home/airflow/.local/lib/python3.8/site-packages/airflow/example_dags/example_branch_python_dop_operator_3.py took 0.197 seconds
[2026-04-14T20:31:52.979+0000] {processor.py:161} INFO - Started process (PID=5373) to work on /home/airflow/.local/lib/python3.8/site-packages/airflow/example_dags/example_branch_python_dop_operator_3.py
[2026-04-14T20:31:52.981+0000] {processor.py:830} INFO - Processing file /home/airflow/.local/lib/python3.8/site-packages/airflow/example_dags/example_branch_python_dop_operator_3.py for tasks to queue
[2026-04-14T20:31:52.983+0000] {logging_mixin.py:188} INFO - [2026-04-14T20:31:52.983+0000] {dagbag.py:538} INFO - Filling up the DagBag from /home/airflow/.local/lib/python3.8/site-packages/airflow/example_dags/example_branch_python_dop_operator_3.py
[2026-04-14T20:31:52.996+0000] {processor.py:840} INFO - DAG(s) 'example_branch_dop_operator_v3' retrieved from /home/airflow/.local/lib/python3.8/site-packages/airflow/example_dags/example_branch_python_dop_operator_3.py
[2026-04-14T20:31:53.018+0000] {logging_mixin.py:188} INFO - [2026-04-14T20:31:53.018+0000] {dag.py:3036} INFO - Sync 1 DAGs
[2026-04-14T20:31:53.048+0000] {logging_mixin.py:188} INFO - [2026-04-14T20:31:53.048+0000] {dag.py:3823} INFO - Setting next_dagrun for example_branch_dop_operator_v3 to 2026-04-14 20:30:00+00:00, run_after=2026-04-14 20:31:00+00:00
[2026-04-14T20:31:53.070+0000] {processor.py:183} INFO - Processing /home/airflow/.local/lib/python3.8/site-packages/airflow/example_dags/example_branch_python_dop_operator_3.py took 0.096 seconds
[2026-04-14T20:32:23.612+0000] {processor.py:161} INFO - Started process (PID=5430) to work on /home/airflow/.local/lib/python3.8/site-packages/airflow/example_dags/example_branch_python_dop_operator_3.py
[2026-04-14T20:32:23.614+0000] {processor.py:830} INFO - Processing file /home/airflow/.local/lib/python3.8/site-packages/airflow/example_dags/example_branch_python_dop_operator_3.py for tasks to queue
[2026-04-14T20:32:23.618+0000] {logging_mixin.py:188} INFO - [2026-04-14T20:32:23.617+0000] {dagbag.py:538} INFO - Filling up the DagBag from /home/airflow/.local/lib/python3.8/site-packages/airflow/example_dags/example_branch_python_dop_operator_3.py
[2026-04-14T20:32:23.631+0000] {processor.py:840} INFO - DAG(s) 'example_branch_dop_operator_v3' retrieved from /home/airflow/.local/lib/python3.8/site-packages/airflow/example_dags/example_branch_python_dop_operator_3.py
[2026-04-14T20:32:23.658+0000] {logging_mixin.py:188} INFO - [2026-04-14T20:32:23.657+0000] {dag.py:3036} INFO - Sync 1 DAGs
[2026-04-14T20:32:23.690+0000] {logging_mixin.py:188} INFO - [2026-04-14T20:32:23.690+0000] {dag.py:3823} INFO - Setting next_dagrun for example_branch_dop_operator_v3 to 2026-04-14 20:31:00+00:00, run_after=2026-04-14 20:32:00+00:00
[2026-04-14T20:32:23.715+0000] {processor.py:183} INFO - Processing /home/airflow/.local/lib/python3.8/site-packages/airflow/example_dags/example_branch_python_dop_operator_3.py took 0.108 seconds
[2026-04-14T20:32:53.899+0000] {processor.py:161} INFO - Started process (PID=5487) to work on /home/airflow/.local/lib/python3.8/site-packages/airflow/example_dags/example_branch_python_dop_operator_3.py
[2026-04-14T20:32:53.901+0000] {processor.py:830} INFO - Processing file /home/airflow/.local/lib/python3.8/site-packages/airflow/example_dags/example_branch_python_dop_operator_3.py for tasks to queue
[2026-04-14T20:32:53.903+0000] {logging_mixin.py:188} INFO - [2026-04-14T20:32:53.902+0000] {dagbag.py:538} INFO - Filling up the DagBag from /home/airflow/.local/lib/python3.8/site-packages/airflow/example_dags/example_branch_python_dop_operator_3.py
[2026-04-14T20:32:53.915+0000] {processor.py:840} INFO - DAG(s) 'example_branch_dop_operator_v3' retrieved from /home/airflow/.local/lib/python3.8/site-packages/airflow/example_dags/example_branch_python_dop_operator_3.py
[2026-04-14T20:32:53.940+0000] {logging_mixin.py:188} INFO - [2026-04-14T20:32:53.939+0000] {dag.py:3036} INFO - Sync 1 DAGs
[2026-04-14T20:32:53.967+0000] {logging_mixin.py:188} INFO - [2026-04-14T20:32:53.967+0000] {dag.py:3823} INFO - Setting next_dagrun for example_branch_dop_operator_v3 to 2026-04-14 20:31:00+00:00, run_after=2026-04-14 20:32:00+00:00
[2026-04-14T20:32:53.994+0000] {processor.py:183} INFO - Processing /home/airflow/.local/lib/python3.8/site-packages/airflow/example_dags/example_branch_python_dop_operator_3.py took 0.098 seconds
[2026-04-14T20:33:24.151+0000] {processor.py:161} INFO - Started process (PID=5544) to work on /home/airflow/.local/lib/python3.8/site-packages/airflow/example_dags/example_branch_python_dop_operator_3.py
[2026-04-14T20:33:24.152+0000] {processor.py:830} INFO - Processing file /home/airflow/.local/lib/python3.8/site-packages/airflow/example_dags/example_branch_python_dop_operator_3.py for tasks to queue
[2026-04-14T20:33:24.155+0000] {logging_mixin.py:188} INFO - [2026-04-14T20:33:24.155+0000] {dagbag.py:538} INFO - Filling up the DagBag from /home/airflow/.local/lib/python3.8/site-packages/airflow/example_dags/example_branch_python_dop_operator_3.py
[2026-04-14T20:33:24.165+0000] {processor.py:840} INFO - DAG(s) 'example_branch_dop_operator_v3' retrieved from /home/airflow/.local/lib/python3.8/site-packages/airflow/example_dags/example_branch_python_dop_operator_3.py
[2026-04-14T20:33:24.188+0000] {logging_mixin.py:188} INFO - [2026-04-14T20:33:24.187+0000] {dag.py:3036} INFO - Sync 1 DAGs
[2026-04-14T20:33:24.215+0000] {logging_mixin.py:188} INFO - [2026-04-14T20:33:24.215+0000] {dag.py:3823} INFO - Setting next_dagrun for example_branch_dop_operator_v3 to 2026-04-14 20:32:00+00:00, run_after=2026-04-14 20:33:00+00:00
[2026-04-14T20:33:24.238+0000] {processor.py:183} INFO - Processing /home/airflow/.local/lib/python3.8/site-packages/airflow/example_dags/example_branch_python_dop_operator_3.py took 0.091 seconds
[2026-04-14T20:33:55.056+0000] {processor.py:161} INFO - Started process (PID=5601) to work on /home/airflow/.local/lib/python3.8/site-packages/airflow/example_dags/example_branch_python_dop_operator_3.py
[2026-04-14T20:33:55.058+0000] {processor.py:830} INFO - Processing file /home/airflow/.local/lib/python3.8/site-packages/airflow/example_dags/example_branch_python_dop_operator_3.py for tasks to queue
[2026-04-14T20:33:55.063+0000] {logging_mixin.py:188} INFO - [2026-04-14T20:33:55.063+0000] {dagbag.py:538} INFO - Filling up the DagBag from /home/airflow/.local/lib/python3.8/site-packages/airflow/example_dags/example_branch_python_dop_operator_3.py
[2026-04-14T20:33:55.074+0000] {processor.py:840} INFO - DAG(s) 'example_branch_dop_operator_v3' retrieved from /home/airflow/.local/lib/python3.8/site-packages/airflow/example_dags/example_branch_python_dop_operator_3.py
[2026-04-14T20:33:55.095+0000] {logging_mixin.py:188} INFO - [2026-04-14T20:33:55.095+0000] {dag.py:3036} INFO - Sync 1 DAGs
[2026-04-14T20:33:55.121+0000] {logging_mixin.py:188} INFO - [2026-04-14T20:33:55.121+0000] {dag.py:3823} INFO - Setting next_dagrun for example_branch_dop_operator_v3 to 2026-04-14 20:32:00+00:00, run_after=2026-04-14 20:33:00+00:00
[2026-04-14T20:33:55.141+0000] {processor.py:183} INFO - Processing /home/airflow/.local/lib/python3.8/site-packages/airflow/example_dags/example_branch_python_dop_operator_3.py took 0.089 seconds
[2026-04-14T20:34:25.497+0000] {processor.py:161} INFO - Started process (PID=5659) to work on /home/airflow/.local/lib/python3.8/site-packages/airflow/example_dags/example_branch_python_dop_operator_3.py
[2026-04-14T20:34:25.498+0000] {processor.py:830} INFO - Processing file /home/airflow/.local/lib/python3.8/site-packages/airflow/example_dags/example_branch_python_dop_operator_3.py for tasks to queue
[2026-04-14T20:34:25.500+0000] {logging_mixin.py:188} INFO - [2026-04-14T20:34:25.500+0000] {dagbag.py:538} INFO - Filling up the DagBag from /home/airflow/.local/lib/python3.8/site-packages/airflow/example_dags/example_branch_python_dop_operator_3.py
[2026-04-14T20:34:25.510+0000] {processor.py:840} INFO - DAG(s) 'example_branch_dop_operator_v3' retrieved from /home/airflow/.local/lib/python3.8/site-packages/airflow/example_dags/example_branch_python_dop_operator_3.py
[2026-04-14T20:34:25.534+0000] {logging_mixin.py:188} INFO - [2026-04-14T20:34:25.534+0000] {dag.py:3036} INFO - Sync 1 DAGs
[2026-04-14T20:34:25.560+0000] {logging_mixin.py:188} INFO - [2026-04-14T20:34:25.560+0000] {dag.py:3823} INFO - Setting next_dagrun for example_branch_dop_operator_v3 to 2026-04-14 20:33:00+00:00, run_after=2026-04-14 20:34:00+00:00
[2026-04-14T20:34:25.582+0000] {processor.py:183} INFO - Processing /home/airflow/.local/lib/python3.8/site-packages/airflow/example_dags/example_branch_python_dop_operator_3.py took 0.089 seconds
[2026-04-14T20:34:55.849+0000] {processor.py:161} INFO - Started process (PID=5716) to work on /home/airflow/.local/lib/python3.8/site-packages/airflow/example_dags/example_branch_python_dop_operator_3.py
[2026-04-14T20:34:55.850+0000] {processor.py:830} INFO - Processing file /home/airflow/.local/lib/python3.8/site-packages/airflow/example_dags/example_branch_python_dop_operator_3.py for tasks to queue
[2026-04-14T20:34:55.852+0000] {logging_mixin.py:188} INFO - [2026-04-14T20:34:55.852+0000] {dagbag.py:538} INFO - Filling up the DagBag from /home/airflow/.local/lib/python3.8/site-packages/airflow/example_dags/example_branch_python_dop_operator_3.py
[2026-04-14T20:34:55.861+0000] {processor.py:840} INFO - DAG(s) 'example_branch_dop_operator_v3' retrieved from /home/airflow/.local/lib/python3.8/site-packages/airflow/example_dags/example_branch_python_dop_operator_3.py
[2026-04-14T20:34:55.886+0000] {logging_mixin.py:188} INFO - [2026-04-14T20:34:55.886+0000] {dag.py:3036} INFO - Sync 1 DAGs
[2026-04-14T20:34:55.912+0000] {logging_mixin.py:188} INFO - [2026-04-14T20:34:55.912+0000] {dag.py:3823} INFO - Setting next_dagrun for example_branch_dop_operator_v3 to 2026-04-14 20:33:00+00:00, run_after=2026-04-14 20:34:00+00:00
[2026-04-14T20:34:55.936+0000] {processor.py:183} INFO - Processing /home/airflow/.local/lib/python3.8/site-packages/airflow/example_dags/example_branch_python_dop_operator_3.py took 0.090 seconds
[2026-04-14T20:35:26.237+0000] {processor.py:161} INFO - Started process (PID=5771) to work on /home/airflow/.local/lib/python3.8/site-packages/airflow/example_dags/example_branch_python_dop_operator_3.py
[2026-04-14T20:35:26.239+0000] {processor.py:830} INFO - Processing file /home/airflow/.local/lib/python3.8/site-packages/airflow/example_dags/example_branch_python_dop_operator_3.py for tasks to queue
[2026-04-14T20:35:26.241+0000] {logging_mixin.py:188} INFO - [2026-04-14T20:35:26.241+0000] {dagbag.py:538} INFO - Filling up the DagBag from /home/airflow/.local/lib/python3.8/site-packages/airflow/example_dags/example_branch_python_dop_operator_3.py
[2026-04-14T20:35:26.251+0000] {processor.py:840} INFO - DAG(s) 'example_branch_dop_operator_v3' retrieved from /home/airflow/.local/lib/python3.8/site-packages/airflow/example_dags/example_branch_python_dop_operator_3.py
[2026-04-14T20:35:26.272+0000] {logging_mixin.py:188} INFO - [2026-04-14T20:35:26.272+0000] {dag.py:3036} INFO - Sync 1 DAGs
[2026-04-14T20:35:26.297+0000] {logging_mixin.py:188} INFO - [2026-04-14T20:35:26.297+0000] {dag.py:3823} INFO - Setting next_dagrun for example_branch_dop_operator_v3 to 2026-04-14 20:34:00+00:00, run_after=2026-04-14 20:35:00+00:00
[2026-04-14T20:35:26.316+0000] {processor.py:183} INFO - Processing /home/airflow/.local/lib/python3.8/site-packages/airflow/example_dags/example_branch_python_dop_operator_3.py took 0.082 seconds
[2026-04-14T20:35:56.472+0000] {processor.py:161} INFO - Started process (PID=5828) to work on /home/airflow/.local/lib/python3.8/site-packages/airflow/example_dags/example_branch_python_dop_operator_3.py
[2026-04-14T20:35:56.474+0000] {processor.py:830} INFO - Processing file /home/airflow/.local/lib/python3.8/site-packages/airflow/example_dags/example_branch_python_dop_operator_3.py for tasks to queue
[2026-04-14T20:35:56.476+0000] {logging_mixin.py:188} INFO - [2026-04-14T20:35:56.476+0000] {dagbag.py:538} INFO - Filling up the DagBag from /home/airflow/.local/lib/python3.8/site-packages/airflow/example_dags/example_branch_python_dop_operator_3.py
[2026-04-14T20:35:56.487+0000] {processor.py:840} INFO - DAG(s) 'example_branch_dop_operator_v3' retrieved from /home/airflow/.local/lib/python3.8/site-packages/airflow/example_dags/example_branch_python_dop_operator_3.py
[2026-04-14T20:35:56.509+0000] {logging_mixin.py:188} INFO - [2026-04-14T20:35:56.509+0000] {dag.py:3036} INFO - Sync 1 DAGs
[2026-04-14T20:35:56.533+0000] {logging_mixin.py:188} INFO - [2026-04-14T20:35:56.533+0000] {dag.py:3823} INFO - Setting next_dagrun for example_branch_dop_operator_v3 to 2026-04-14 20:34:00+00:00, run_after=2026-04-14 20:35:00+00:00
[2026-04-14T20:35:56.555+0000] {processor.py:183} INFO - Processing /home/airflow/.local/lib/python3.8/site-packages/airflow/example_dags/example_branch_python_dop_operator_3.py took 0.086 seconds
[2026-04-14T20:36:26.914+0000] {processor.py:161} INFO - Started process (PID=5885) to work on /home/airflow/.local/lib/python3.8/site-packages/airflow/example_dags/example_branch_python_dop_operator_3.py
[2026-04-14T20:36:26.915+0000] {processor.py:830} INFO - Processing file /home/airflow/.local/lib/python3.8/site-packages/airflow/example_dags/example_branch_python_dop_operator_3.py for tasks to queue
[2026-04-14T20:36:26.917+0000] {logging_mixin.py:188} INFO - [2026-04-14T20:36:26.917+0000] {dagbag.py:538} INFO - Filling up the DagBag from /home/airflow/.local/lib/python3.8/site-packages/airflow/example_dags/example_branch_python_dop_operator_3.py
[2026-04-14T20:36:26.926+0000] {processor.py:840} INFO - DAG(s) 'example_branch_dop_operator_v3' retrieved from /home/airflow/.local/lib/python3.8/site-packages/airflow/example_dags/example_branch_python_dop_operator_3.py
[2026-04-14T20:36:26.948+0000] {logging_mixin.py:188} INFO - [2026-04-14T20:36:26.948+0000] {dag.py:3036} INFO - Sync 1 DAGs
[2026-04-14T20:36:26.970+0000] {logging_mixin.py:188} INFO - [2026-04-14T20:36:26.969+0000] {dag.py:3823} INFO - Setting next_dagrun for example_branch_dop_operator_v3 to 2026-04-14 20:35:00+00:00, run_after=2026-04-14 20:36:00+00:00
[2026-04-14T20:36:26.991+0000] {processor.py:183} INFO - Processing /home/airflow/.local/lib/python3.8/site-packages/airflow/example_dags/example_branch_python_dop_operator_3.py took 0.080 seconds
[2026-04-14T20:36:57.148+0000] {processor.py:161} INFO - Started process (PID=5942) to work on /home/airflow/.local/lib/python3.8/site-packages/airflow/example_dags/example_branch_python_dop_operator_3.py
[2026-04-14T20:36:57.151+0000] {processor.py:830} INFO - Processing file /home/airflow/.local/lib/python3.8/site-packages/airflow/example_dags/example_branch_python_dop_operator_3.py for tasks to queue
[2026-04-14T20:36:57.153+0000] {logging_mixin.py:188} INFO - [2026-04-14T20:36:57.153+0000] {dagbag.py:538} INFO - Filling up the DagBag from /home/airflow/.local/lib/python3.8/site-packages/airflow/example_dags/example_branch_python_dop_operator_3.py
[2026-04-14T20:36:57.162+0000] {processor.py:840} INFO - DAG(s) 'example_branch_dop_operator_v3' retrieved from /home/airflow/.local/lib/python3.8/site-packages/airflow/example_dags/example_branch_python_dop_operator_3.py
[2026-04-14T20:36:57.185+0000] {logging_mixin.py:188} INFO - [2026-04-14T20:36:57.184+0000] {dag.py:3036} INFO - Sync 1 DAGs
[2026-04-14T20:36:57.209+0000] {logging_mixin.py:188} INFO - [2026-04-14T20:36:57.209+0000] {dag.py:3823} INFO - Setting next_dagrun for example_branch_dop_operator_v3 to 2026-04-14 20:35:00+00:00, run_after=2026-04-14 20:36:00+00:00
[2026-04-14T20:36:57.234+0000] {processor.py:183} INFO - Processing /home/airflow/.local/lib/python3.8/site-packages/airflow/example_dags/example_branch_python_dop_operator_3.py took 0.090 seconds
[2026-04-14T20:37:28.222+0000] {processor.py:161} INFO - Started process (PID=5999) to work on /home/airflow/.local/lib/python3.8/site-packages/airflow/example_dags/example_branch_python_dop_operator_3.py
[2026-04-14T20:37:28.224+0000] {processor.py:830} INFO - Processing file /home/airflow/.local/lib/python3.8/site-packages/airflow/example_dags/example_branch_python_dop_operator_3.py for tasks to queue
[2026-04-14T20:37:28.228+0000] {logging_mixin.py:188} INFO - [2026-04-14T20:37:28.227+0000] {dagbag.py:538} INFO - Filling up the DagBag from /home/airflow/.local/lib/python3.8/site-packages/airflow/example_dags/example_branch_python_dop_operator_3.py
[2026-04-14T20:37:28.241+0000] {processor.py:840} INFO - DAG(s) 'example_branch_dop_operator_v3' retrieved from /home/airflow/.local/lib/python3.8/site-packages/airflow/example_dags/example_branch_python_dop_operator_3.py
[2026-04-14T20:37:28.278+0000] {logging_mixin.py:188} INFO - [2026-04-14T20:37:28.278+0000] {dag.py:3036} INFO - Sync 1 DAGs
[2026-04-14T20:37:28.307+0000] {logging_mixin.py:188} INFO - [2026-04-14T20:37:28.307+0000] {dag.py:3823} INFO - Setting next_dagrun for example_branch_dop_operator_v3 to 2026-04-14 20:36:00+00:00, run_after=2026-04-14 20:37:00+00:00
[2026-04-14T20:37:28.333+0000] {processor.py:183} INFO - Processing /home/airflow/.local/lib/python3.8/site-packages/airflow/example_dags/example_branch_python_dop_operator_3.py took 0.118 seconds
[2026-04-14T20:37:58.783+0000] {processor.py:161} INFO - Started process (PID=6056) to work on /home/airflow/.local/lib/python3.8/site-packages/airflow/example_dags/example_branch_python_dop_operator_3.py
[2026-04-14T20:37:58.784+0000] {processor.py:830} INFO - Processing file /home/airflow/.local/lib/python3.8/site-packages/airflow/example_dags/example_branch_python_dop_operator_3.py for tasks to queue
[2026-04-14T20:37:58.785+0000] {logging_mixin.py:188} INFO - [2026-04-14T20:37:58.785+0000] {dagbag.py:538} INFO - Filling up the DagBag from /home/airflow/.local/lib/python3.8/site-packages/airflow/example_dags/example_branch_python_dop_operator_3.py
[2026-04-14T20:37:58.794+0000] {processor.py:840} INFO - DAG(s) 'example_branch_dop_operator_v3' retrieved from /home/airflow/.local/lib/python3.8/site-packages/airflow/example_dags/example_branch_python_dop_operator_3.py
[2026-04-14T20:37:58.815+0000] {logging_mixin.py:188} INFO - [2026-04-14T20:37:58.815+0000] {dag.py:3036} INFO - Sync 1 DAGs
[2026-04-14T20:37:58.838+0000] {logging_mixin.py:188} INFO - [2026-04-14T20:37:58.837+0000] {dag.py:3823} INFO - Setting next_dagrun for example_branch_dop_operator_v3 to 2026-04-14 20:36:00+00:00, run_after=2026-04-14 20:37:00+00:00
[2026-04-14T20:37:58.856+0000] {processor.py:183} INFO - Processing /home/airflow/.local/lib/python3.8/site-packages/airflow/example_dags/example_branch_python_dop_operator_3.py took 0.077 seconds
[2026-04-14T20:38:29.308+0000] {processor.py:161} INFO - Started process (PID=6113) to work on /home/airflow/.local/lib/python3.8/site-packages/airflow/example_dags/example_branch_python_dop_operator_3.py
[2026-04-14T20:38:29.310+0000] {processor.py:830} INFO - Processing file /home/airflow/.local/lib/python3.8/site-packages/airflow/example_dags/example_branch_python_dop_operator_3.py for tasks to queue
[2026-04-14T20:38:29.312+0000] {logging_mixin.py:188} INFO - [2026-04-14T20:38:29.312+0000] {dagbag.py:538} INFO - Filling up the DagBag from /home/airflow/.local/lib/python3.8/site-packages/airflow/example_dags/example_branch_python_dop_operator_3.py
[2026-04-14T20:38:29.322+0000] {processor.py:840} INFO - DAG(s) 'example_branch_dop_operator_v3' retrieved from /home/airflow/.local/lib/python3.8/site-packages/airflow/example_dags/example_branch_python_dop_operator_3.py
[2026-04-14T20:38:29.344+0000] {logging_mixin.py:188} INFO - [2026-04-14T20:38:29.343+0000] {dag.py:3036} INFO - Sync 1 DAGs
[2026-04-14T20:38:29.367+0000] {logging_mixin.py:188} INFO - [2026-04-14T20:38:29.367+0000] {dag.py:3823} INFO - Setting next_dagrun for example_branch_dop_operator_v3 to 2026-04-14 20:37:00+00:00, run_after=2026-04-14 20:38:00+00:00
[2026-04-14T20:38:29.389+0000] {processor.py:183} INFO - Processing /home/airflow/.local/lib/python3.8/site-packages/airflow/example_dags/example_branch_python_dop_operator_3.py took 0.086 seconds
[2026-04-14T20:39:00.286+0000] {processor.py:161} INFO - Started process (PID=6170) to work on /home/airflow/.local/lib/python3.8/site-packages/airflow/example_dags/example_branch_python_dop_operator_3.py
[2026-04-14T20:39:00.288+0000] {processor.py:830} INFO - Processing file /home/airflow/.local/lib/python3.8/site-packages/airflow/example_dags/example_branch_python_dop_operator_3.py for tasks to queue
[2026-04-14T20:39:00.290+0000] {logging_mixin.py:188} INFO - [2026-04-14T20:39:00.290+0000] {dagbag.py:538} INFO - Filling up the DagBag from /home/airflow/.local/lib/python3.8/site-packages/airflow/example_dags/example_branch_python_dop_operator_3.py
[2026-04-14T20:39:00.301+0000] {processor.py:840} INFO - DAG(s) 'example_branch_dop_operator_v3' retrieved from /home/airflow/.local/lib/python3.8/site-packages/airflow/example_dags/example_branch_python_dop_operator_3.py
[2026-04-14T20:39:00.325+0000] {logging_mixin.py:188} INFO - [2026-04-14T20:39:00.325+0000] {dag.py:3036} INFO - Sync 1 DAGs
[2026-04-14T20:39:00.349+0000] {logging_mixin.py:188} INFO - [2026-04-14T20:39:00.349+0000] {dag.py:3823} INFO - Setting next_dagrun for example_branch_dop_operator_v3 to 2026-04-14 20:38:00+00:00, run_after=2026-04-14 20:39:00+00:00
[2026-04-14T20:39:00.370+0000] {processor.py:183} INFO - Processing /home/airflow/.local/lib/python3.8/site-packages/airflow/example_dags/example_branch_python_dop_operator_3.py took 0.089 seconds
[2026-04-14T20:39:30.988+0000] {processor.py:161} INFO - Started process (PID=6227) to work on /home/airflow/.local/lib/python3.8/site-packages/airflow/example_dags/example_branch_python_dop_operator_3.py
[2026-04-14T20:39:30.991+0000] {processor.py:830} INFO - Processing file /home/airflow/.local/lib/python3.8/site-packages/airflow/example_dags/example_branch_python_dop_operator_3.py for tasks to queue
[2026-04-14T20:39:31.006+0000] {logging_mixin.py:188} INFO - [2026-04-14T20:39:31.005+0000] {dagbag.py:538} INFO - Filling up the DagBag from /home/airflow/.local/lib/python3.8/site-packages/airflow/example_dags/example_branch_python_dop_operator_3.py
[2026-04-14T20:39:31.057+0000] {processor.py:840} INFO - DAG(s) 'example_branch_dop_operator_v3' retrieved from /home/airflow/.local/lib/python3.8/site-packages/airflow/example_dags/example_branch_python_dop_operator_3.py
[2026-04-14T20:39:31.158+0000] {logging_mixin.py:188} INFO - [2026-04-14T20:39:31.158+0000] {dag.py:3036} INFO - Sync 1 DAGs
[2026-04-14T20:39:31.253+0000] {logging_mixin.py:188} INFO - [2026-04-14T20:39:31.252+0000] {dag.py:3823} INFO - Setting next_dagrun for example_branch_dop_operator_v3 to 2026-04-14 20:38:00+00:00, run_after=2026-04-14 20:39:00+00:00
[2026-04-14T20:39:31.365+0000] {processor.py:183} INFO - Processing /home/airflow/.local/lib/python3.8/site-packages/airflow/example_dags/example_branch_python_dop_operator_3.py took 0.389 seconds
[2026-04-14T20:40:02.968+0000] {processor.py:161} INFO - Started process (PID=6291) to work on /home/airflow/.local/lib/python3.8/site-packages/airflow/example_dags/example_branch_python_dop_operator_3.py
[2026-04-14T20:40:02.971+0000] {processor.py:830} INFO - Processing file /home/airflow/.local/lib/python3.8/site-packages/airflow/example_dags/example_branch_python_dop_operator_3.py for tasks to queue
[2026-04-14T20:40:02.986+0000] {logging_mixin.py:188} INFO - [2026-04-14T20:40:02.985+0000] {dagbag.py:538} INFO - Filling up the DagBag from /home/airflow/.local/lib/python3.8/site-packages/airflow/example_dags/example_branch_python_dop_operator_3.py
[2026-04-14T20:40:03.025+0000] {processor.py:840} INFO - DAG(s) 'example_branch_dop_operator_v3' retrieved from /home/airflow/.local/lib/python3.8/site-packages/airflow/example_dags/example_branch_python_dop_operator_3.py
[2026-04-14T20:40:03.124+0000] {logging_mixin.py:188} INFO - [2026-04-14T20:40:03.123+0000] {dag.py:3036} INFO - Sync 1 DAGs
[2026-04-14T20:40:03.267+0000] {logging_mixin.py:188} INFO - [2026-04-14T20:40:03.266+0000] {dag.py:3823} INFO - Setting next_dagrun for example_branch_dop_operator_v3 to 2026-04-14 20:39:00+00:00, run_after=2026-04-14 20:40:00+00:00
[2026-04-14T20:40:03.401+0000] {processor.py:183} INFO - Processing /home/airflow/.local/lib/python3.8/site-packages/airflow/example_dags/example_branch_python_dop_operator_3.py took 0.437 seconds
[2026-04-14T20:40:33.627+0000] {processor.py:161} INFO - Started process (PID=6349) to work on /home/airflow/.local/lib/python3.8/site-packages/airflow/example_dags/example_branch_python_dop_operator_3.py
[2026-04-14T20:40:33.629+0000] {processor.py:830} INFO - Processing file /home/airflow/.local/lib/python3.8/site-packages/airflow/example_dags/example_branch_python_dop_operator_3.py for tasks to queue
[2026-04-14T20:40:33.635+0000] {logging_mixin.py:188} INFO - [2026-04-14T20:40:33.634+0000] {dagbag.py:538} INFO - Filling up the DagBag from /home/airflow/.local/lib/python3.8/site-packages/airflow/example_dags/example_branch_python_dop_operator_3.py
[2026-04-14T20:40:33.648+0000] {processor.py:840} INFO - DAG(s) 'example_branch_dop_operator_v3' retrieved from /home/airflow/.local/lib/python3.8/site-packages/airflow/example_dags/example_branch_python_dop_operator_3.py
[2026-04-14T20:40:33.676+0000] {logging_mixin.py:188} INFO - [2026-04-14T20:40:33.676+0000] {dag.py:3036} INFO - Sync 1 DAGs
[2026-04-14T20:40:33.700+0000] {logging_mixin.py:188} INFO - [2026-04-14T20:40:33.700+0000] {dag.py:3823} INFO - Setting next_dagrun for example_branch_dop_operator_v3 to 2026-04-14 20:39:00+00:00, run_after=2026-04-14 20:40:00+00:00
[2026-04-14T20:40:33.727+0000] {processor.py:183} INFO - Processing /home/airflow/.local/lib/python3.8/site-packages/airflow/example_dags/example_branch_python_dop_operator_3.py took 0.105 seconds
[2026-04-14T20:41:04.356+0000] {processor.py:161} INFO - Started process (PID=6406) to work on /home/airflow/.local/lib/python3.8/site-packages/airflow/example_dags/example_branch_python_dop_operator_3.py
[2026-04-14T20:41:04.357+0000] {processor.py:830} INFO - Processing file /home/airflow/.local/lib/python3.8/site-packages/airflow/example_dags/example_branch_python_dop_operator_3.py for tasks to queue
[2026-04-14T20:41:04.361+0000] {logging_mixin.py:188} INFO - [2026-04-14T20:41:04.361+0000] {dagbag.py:538} INFO - Filling up the DagBag from /home/airflow/.local/lib/python3.8/site-packages/airflow/example_dags/example_branch_python_dop_operator_3.py
[2026-04-14T20:41:04.371+0000] {processor.py:840} INFO - DAG(s) 'example_branch_dop_operator_v3' retrieved from /home/airflow/.local/lib/python3.8/site-packages/airflow/example_dags/example_branch_python_dop_operator_3.py
[2026-04-14T20:41:04.396+0000] {logging_mixin.py:188} INFO - [2026-04-14T20:41:04.396+0000] {dag.py:3036} INFO - Sync 1 DAGs
[2026-04-14T20:41:04.422+0000] {logging_mixin.py:188} INFO - [2026-04-14T20:41:04.421+0000] {dag.py:3823} INFO - Setting next_dagrun for example_branch_dop_operator_v3 to 2026-04-14 20:40:00+00:00, run_after=2026-04-14 20:41:00+00:00
[2026-04-14T20:41:04.449+0000] {processor.py:183} INFO - Processing /home/airflow/.local/lib/python3.8/site-packages/airflow/example_dags/example_branch_python_dop_operator_3.py took 0.096 seconds
[2026-04-14T20:41:35.333+0000] {processor.py:161} INFO - Started process (PID=6463) to work on /home/airflow/.local/lib/python3.8/site-packages/airflow/example_dags/example_branch_python_dop_operator_3.py
[2026-04-14T20:41:35.335+0000] {processor.py:830} INFO - Processing file /home/airflow/.local/lib/python3.8/site-packages/airflow/example_dags/example_branch_python_dop_operator_3.py for tasks to queue
[2026-04-14T20:41:35.337+0000] {logging_mixin.py:188} INFO - [2026-04-14T20:41:35.337+0000] {dagbag.py:538} INFO - Filling up the DagBag from /home/airflow/.local/lib/python3.8/site-packages/airflow/example_dags/example_branch_python_dop_operator_3.py
[2026-04-14T20:41:35.347+0000] {processor.py:840} INFO - DAG(s) 'example_branch_dop_operator_v3' retrieved from /home/airflow/.local/lib/python3.8/site-packages/airflow/example_dags/example_branch_python_dop_operator_3.py
[2026-04-14T20:41:35.370+0000] {logging_mixin.py:188} INFO - [2026-04-14T20:41:35.370+0000] {dag.py:3036} INFO - Sync 1 DAGs
[2026-04-14T20:41:35.398+0000] {logging_mixin.py:188} INFO - [2026-04-14T20:41:35.397+0000] {dag.py:3823} INFO - Setting next_dagrun for example_branch_dop_operator_v3 to 2026-04-14 20:40:00+00:00, run_after=2026-04-14 20:41:00+00:00
[2026-04-14T20:41:35.421+0000] {processor.py:183} INFO - Processing /home/airflow/.local/lib/python3.8/site-packages/airflow/example_dags/example_branch_python_dop_operator_3.py took 0.091 seconds
[2026-04-14T20:42:06.297+0000] {processor.py:161} INFO - Started process (PID=6520) to work on /home/airflow/.local/lib/python3.8/site-packages/airflow/example_dags/example_branch_python_dop_operator_3.py
[2026-04-14T20:42:06.298+0000] {processor.py:830} INFO - Processing file /home/airflow/.local/lib/python3.8/site-packages/airflow/example_dags/example_branch_python_dop_operator_3.py for tasks to queue
[2026-04-14T20:42:06.301+0000] {logging_mixin.py:188} INFO - [2026-04-14T20:42:06.301+0000] {dagbag.py:538} INFO - Filling up the DagBag from /home/airflow/.local/lib/python3.8/site-packages/airflow/example_dags/example_branch_python_dop_operator_3.py
[2026-04-14T20:42:06.311+0000] {processor.py:840} INFO - DAG(s) 'example_branch_dop_operator_v3' retrieved from /home/airflow/.local/lib/python3.8/site-packages/airflow/example_dags/example_branch_python_dop_operator_3.py
[2026-04-14T20:42:06.332+0000] {logging_mixin.py:188} INFO - [2026-04-14T20:42:06.332+0000] {dag.py:3036} INFO - Sync 1 DAGs
[2026-04-14T20:42:06.355+0000] {logging_mixin.py:188} INFO - [2026-04-14T20:42:06.355+0000] {dag.py:3823} INFO - Setting next_dagrun for example_branch_dop_operator_v3 to 2026-04-14 20:41:00+00:00, run_after=2026-04-14 20:42:00+00:00
[2026-04-14T20:42:06.378+0000] {processor.py:183} INFO - Processing /home/airflow/.local/lib/python3.8/site-packages/airflow/example_dags/example_branch_python_dop_operator_3.py took 0.085 seconds
[2026-04-14T20:42:36.947+0000] {processor.py:161} INFO - Started process (PID=6577) to work on /home/airflow/.local/lib/python3.8/site-packages/airflow/example_dags/example_branch_python_dop_operator_3.py
[2026-04-14T20:42:36.949+0000] {processor.py:830} INFO - Processing file /home/airflow/.local/lib/python3.8/site-packages/airflow/example_dags/example_branch_python_dop_operator_3.py for tasks to queue
[2026-04-14T20:42:36.951+0000] {logging_mixin.py:188} INFO - [2026-04-14T20:42:36.950+0000] {dagbag.py:538} INFO - Filling up the DagBag from /home/airflow/.local/lib/python3.8/site-packages/airflow/example_dags/example_branch_python_dop_operator_3.py
[2026-04-14T20:42:36.963+0000] {processor.py:840} INFO - DAG(s) 'example_branch_dop_operator_v3' retrieved from /home/airflow/.local/lib/python3.8/site-packages/airflow/example_dags/example_branch_python_dop_operator_3.py
[2026-04-14T20:42:36.993+0000] {logging_mixin.py:188} INFO - [2026-04-14T20:42:36.992+0000] {dag.py:3036} INFO - Sync 1 DAGs
[2026-04-14T20:42:37.022+0000] {logging_mixin.py:188} INFO - [2026-04-14T20:42:37.021+0000] {dag.py:3823} INFO - Setting next_dagrun for example_branch_dop_operator_v3 to 2026-04-14 20:41:00+00:00, run_after=2026-04-14 20:42:00+00:00
[2026-04-14T20:42:37.044+0000] {processor.py:183} INFO - Processing /home/airflow/.local/lib/python3.8/site-packages/airflow/example_dags/example_branch_python_dop_operator_3.py took 0.102 seconds
[2026-04-14T20:43:07.224+0000] {processor.py:161} INFO - Started process (PID=6634) to work on /home/airflow/.local/lib/python3.8/site-packages/airflow/example_dags/example_branch_python_dop_operator_3.py
[2026-04-14T20:43:07.225+0000] {processor.py:830} INFO - Processing file /home/airflow/.local/lib/python3.8/site-packages/airflow/example_dags/example_branch_python_dop_operator_3.py for tasks to queue
[2026-04-14T20:43:07.227+0000] {logging_mixin.py:188} INFO - [2026-04-14T20:43:07.227+0000] {dagbag.py:538} INFO - Filling up the DagBag from /home/airflow/.local/lib/python3.8/site-packages/airflow/example_dags/example_branch_python_dop_operator_3.py
[2026-04-14T20:43:07.238+0000] {processor.py:840} INFO - DAG(s) 'example_branch_dop_operator_v3' retrieved from /home/airflow/.local/lib/python3.8/site-packages/airflow/example_dags/example_branch_python_dop_operator_3.py
[2026-04-14T20:43:07.266+0000] {logging_mixin.py:188} INFO - [2026-04-14T20:43:07.266+0000] {dag.py:3036} INFO - Sync 1 DAGs
[2026-04-14T20:43:07.302+0000] {logging_mixin.py:188} INFO - [2026-04-14T20:43:07.302+0000] {dag.py:3823} INFO - Setting next_dagrun for example_branch_dop_operator_v3 to 2026-04-14 20:42:00+00:00, run_after=2026-04-14 20:43:00+00:00
[2026-04-14T20:43:07.339+0000] {processor.py:183} INFO - Processing /home/airflow/.local/lib/python3.8/site-packages/airflow/example_dags/example_branch_python_dop_operator_3.py took 0.119 seconds
[2026-04-14T20:43:37.687+0000] {processor.py:161} INFO - Started process (PID=6691) to work on /home/airflow/.local/lib/python3.8/site-packages/airflow/example_dags/example_branch_python_dop_operator_3.py
[2026-04-14T20:43:37.689+0000] {processor.py:830} INFO - Processing file /home/airflow/.local/lib/python3.8/site-packages/airflow/example_dags/example_branch_python_dop_operator_3.py for tasks to queue
[2026-04-14T20:43:37.691+0000] {logging_mixin.py:188} INFO - [2026-04-14T20:43:37.691+0000] {dagbag.py:538} INFO - Filling up the DagBag from /home/airflow/.local/lib/python3.8/site-packages/airflow/example_dags/example_branch_python_dop_operator_3.py
[2026-04-14T20:43:37.700+0000] {processor.py:840} INFO - DAG(s) 'example_branch_dop_operator_v3' retrieved from /home/airflow/.local/lib/python3.8/site-packages/airflow/example_dags/example_branch_python_dop_operator_3.py
[2026-04-14T20:43:37.723+0000] {logging_mixin.py:188} INFO - [2026-04-14T20:43:37.723+0000] {dag.py:3036} INFO - Sync 1 DAGs
[2026-04-14T20:43:37.750+0000] {logging_mixin.py:188} INFO - [2026-04-14T20:43:37.750+0000] {dag.py:3823} INFO - Setting next_dagrun for example_branch_dop_operator_v3 to 2026-04-14 20:42:00+00:00, run_after=2026-04-14 20:43:00+00:00
[2026-04-14T20:43:37.773+0000] {processor.py:183} INFO - Processing /home/airflow/.local/lib/python3.8/site-packages/airflow/example_dags/example_branch_python_dop_operator_3.py took 0.089 seconds
[2026-04-14T20:44:08.602+0000] {processor.py:161} INFO - Started process (PID=6748) to work on /home/airflow/.local/lib/python3.8/site-packages/airflow/example_dags/example_branch_python_dop_operator_3.py
[2026-04-14T20:44:08.604+0000] {processor.py:830} INFO - Processing file /home/airflow/.local/lib/python3.8/site-packages/airflow/example_dags/example_branch_python_dop_operator_3.py for tasks to queue
[2026-04-14T20:44:08.607+0000] {logging_mixin.py:188} INFO - [2026-04-14T20:44:08.606+0000] {dagbag.py:538} INFO - Filling up the DagBag from /home/airflow/.local/lib/python3.8/site-packages/airflow/example_dags/example_branch_python_dop_operator_3.py
[2026-04-14T20:44:08.622+0000] {processor.py:840} INFO - DAG(s) 'example_branch_dop_operator_v3' retrieved from /home/airflow/.local/lib/python3.8/site-packages/airflow/example_dags/example_branch_python_dop_operator_3.py
[2026-04-14T20:44:08.659+0000] {logging_mixin.py:188} INFO - [2026-04-14T20:44:08.659+0000] {dag.py:3036} INFO - Sync 1 DAGs
[2026-04-14T20:44:08.712+0000] {logging_mixin.py:188} INFO - [2026-04-14T20:44:08.711+0000] {dag.py:3823} INFO - Setting next_dagrun for example_branch_dop_operator_v3 to 2026-04-14 20:43:00+00:00, run_after=2026-04-14 20:44:00+00:00
[2026-04-14T20:44:08.752+0000] {processor.py:183} INFO - Processing /home/airflow/.local/lib/python3.8/site-packages/airflow/example_dags/example_branch_python_dop_operator_3.py took 0.155 seconds
[2026-04-14T20:44:39.437+0000] {processor.py:161} INFO - Started process (PID=6805) to work on /home/airflow/.local/lib/python3.8/site-packages/airflow/example_dags/example_branch_python_dop_operator_3.py
[2026-04-14T20:44:39.439+0000] {processor.py:830} INFO - Processing file /home/airflow/.local/lib/python3.8/site-packages/airflow/example_dags/example_branch_python_dop_operator_3.py for tasks to queue
[2026-04-14T20:44:39.442+0000] {logging_mixin.py:188} INFO - [2026-04-14T20:44:39.441+0000] {dagbag.py:538} INFO - Filling up the DagBag from /home/airflow/.local/lib/python3.8/site-packages/airflow/example_dags/example_branch_python_dop_operator_3.py
[2026-04-14T20:44:39.453+0000] {processor.py:840} INFO - DAG(s) 'example_branch_dop_operator_v3' retrieved from /home/airflow/.local/lib/python3.8/site-packages/airflow/example_dags/example_branch_python_dop_operator_3.py
[2026-04-14T20:44:39.478+0000] {logging_mixin.py:188} INFO - [2026-04-14T20:44:39.478+0000] {dag.py:3036} INFO - Sync 1 DAGs
[2026-04-14T20:44:39.510+0000] {logging_mixin.py:188} INFO - [2026-04-14T20:44:39.509+0000] {dag.py:3823} INFO - Setting next_dagrun for example_branch_dop_operator_v3 to 2026-04-14 20:43:00+00:00, run_after=2026-04-14 20:44:00+00:00
[2026-04-14T20:44:39.532+0000] {processor.py:183} INFO - Processing /home/airflow/.local/lib/python3.8/site-packages/airflow/example_dags/example_branch_python_dop_operator_3.py took 0.099 seconds
[2026-04-14T20:45:10.280+0000] {processor.py:161} INFO - Started process (PID=6862) to work on /home/airflow/.local/lib/python3.8/site-packages/airflow/example_dags/example_branch_python_dop_operator_3.py
[2026-04-14T20:45:10.282+0000] {processor.py:830} INFO - Processing file /home/airflow/.local/lib/python3.8/site-packages/airflow/example_dags/example_branch_python_dop_operator_3.py for tasks to queue
[2026-04-14T20:45:10.285+0000] {logging_mixin.py:188} INFO - [2026-04-14T20:45:10.284+0000] {dagbag.py:538} INFO - Filling up the DagBag from /home/airflow/.local/lib/python3.8/site-packages/airflow/example_dags/example_branch_python_dop_operator_3.py
[2026-04-14T20:45:10.305+0000] {processor.py:840} INFO - DAG(s) 'example_branch_dop_operator_v3' retrieved from /home/airflow/.local/lib/python3.8/site-packages/airflow/example_dags/example_branch_python_dop_operator_3.py
[2026-04-14T20:45:10.340+0000] {logging_mixin.py:188} INFO - [2026-04-14T20:45:10.340+0000] {dag.py:3036} INFO - Sync 1 DAGs
[2026-04-14T20:45:10.382+0000] {logging_mixin.py:188} INFO - [2026-04-14T20:45:10.382+0000] {dag.py:3823} INFO - Setting next_dagrun for example_branch_dop_operator_v3 to 2026-04-14 20:44:00+00:00, run_after=2026-04-14 20:45:00+00:00
[2026-04-14T20:45:10.417+0000] {processor.py:183} INFO - Processing /home/airflow/.local/lib/python3.8/site-packages/airflow/example_dags/example_branch_python_dop_operator_3.py took 0.144 seconds
[2026-04-14T20:45:40.479+0000] {processor.py:161} INFO - Started process (PID=6919) to work on /home/airflow/.local/lib/python3.8/site-packages/airflow/example_dags/example_branch_python_dop_operator_3.py
[2026-04-14T20:45:40.481+0000] {processor.py:830} INFO - Processing file /home/airflow/.local/lib/python3.8/site-packages/airflow/example_dags/example_branch_python_dop_operator_3.py for tasks to queue
[2026-04-14T20:45:40.485+0000] {logging_mixin.py:188} INFO - [2026-04-14T20:45:40.484+0000] {dagbag.py:538} INFO - Filling up the DagBag from /home/airflow/.local/lib/python3.8/site-packages/airflow/example_dags/example_branch_python_dop_operator_3.py
[2026-04-14T20:45:40.501+0000] {processor.py:840} INFO - DAG(s) 'example_branch_dop_operator_v3' retrieved from /home/airflow/.local/lib/python3.8/site-packages/airflow/example_dags/example_branch_python_dop_operator_3.py
[2026-04-14T20:45:40.545+0000] {logging_mixin.py:188} INFO - [2026-04-14T20:45:40.544+0000] {dag.py:3036} INFO - Sync 1 DAGs
[2026-04-14T20:45:40.602+0000] {logging_mixin.py:188} INFO - [2026-04-14T20:45:40.601+0000] {dag.py:3823} INFO - Setting next_dagrun for example_branch_dop_operator_v3 to 2026-04-14 20:44:00+00:00, run_after=2026-04-14 20:45:00+00:00
[2026-04-14T20:45:40.644+0000] {processor.py:183} INFO - Processing /home/airflow/.local/lib/python3.8/site-packages/airflow/example_dags/example_branch_python_dop_operator_3.py took 0.172 seconds
[2026-04-14T20:46:10.789+0000] {processor.py:161} INFO - Started process (PID=6976) to work on /home/airflow/.local/lib/python3.8/site-packages/airflow/example_dags/example_branch_python_dop_operator_3.py
[2026-04-14T20:46:10.790+0000] {processor.py:830} INFO - Processing file /home/airflow/.local/lib/python3.8/site-packages/airflow/example_dags/example_branch_python_dop_operator_3.py for tasks to queue
[2026-04-14T20:46:10.794+0000] {logging_mixin.py:188} INFO - [2026-04-14T20:46:10.793+0000] {dagbag.py:538} INFO - Filling up the DagBag from /home/airflow/.local/lib/python3.8/site-packages/airflow/example_dags/example_branch_python_dop_operator_3.py
[2026-04-14T20:46:10.808+0000] {processor.py:840} INFO - DAG(s) 'example_branch_dop_operator_v3' retrieved from /home/airflow/.local/lib/python3.8/site-packages/airflow/example_dags/example_branch_python_dop_operator_3.py
[2026-04-14T20:46:10.833+0000] {logging_mixin.py:188} INFO - [2026-04-14T20:46:10.833+0000] {dag.py:3036} INFO - Sync 1 DAGs
[2026-04-14T20:46:10.866+0000] {logging_mixin.py:188} INFO - [2026-04-14T20:46:10.866+0000] {dag.py:3823} INFO - Setting next_dagrun for example_branch_dop_operator_v3 to 2026-04-14 20:45:00+00:00, run_after=2026-04-14 20:46:00+00:00
[2026-04-14T20:46:10.889+0000] {processor.py:183} INFO - Processing /home/airflow/.local/lib/python3.8/site-packages/airflow/example_dags/example_branch_python_dop_operator_3.py took 0.105 seconds
[2026-04-14T20:46:41.029+0000] {processor.py:161} INFO - Started process (PID=7033) to work on /home/airflow/.local/lib/python3.8/site-packages/airflow/example_dags/example_branch_python_dop_operator_3.py
[2026-04-14T20:46:41.031+0000] {processor.py:830} INFO - Processing file /home/airflow/.local/lib/python3.8/site-packages/airflow/example_dags/example_branch_python_dop_operator_3.py for tasks to queue
[2026-04-14T20:46:41.033+0000] {logging_mixin.py:188} INFO - [2026-04-14T20:46:41.033+0000] {dagbag.py:538} INFO - Filling up the DagBag from /home/airflow/.local/lib/python3.8/site-packages/airflow/example_dags/example_branch_python_dop_operator_3.py
[2026-04-14T20:46:41.044+0000] {processor.py:840} INFO - DAG(s) 'example_branch_dop_operator_v3' retrieved from /home/airflow/.local/lib/python3.8/site-packages/airflow/example_dags/example_branch_python_dop_operator_3.py
[2026-04-14T20:46:41.068+0000] {logging_mixin.py:188} INFO - [2026-04-14T20:46:41.067+0000] {dag.py:3036} INFO - Sync 1 DAGs
[2026-04-14T20:46:41.096+0000] {logging_mixin.py:188} INFO - [2026-04-14T20:46:41.096+0000] {dag.py:3823} INFO - Setting next_dagrun for example_branch_dop_operator_v3 to 2026-04-14 20:45:00+00:00, run_after=2026-04-14 20:46:00+00:00
[2026-04-14T20:46:41.122+0000] {processor.py:183} INFO - Processing /home/airflow/.local/lib/python3.8/site-packages/airflow/example_dags/example_branch_python_dop_operator_3.py took 0.097 seconds
[2026-04-14T20:47:11.463+0000] {processor.py:161} INFO - Started process (PID=7090) to work on /home/airflow/.local/lib/python3.8/site-packages/airflow/example_dags/example_branch_python_dop_operator_3.py
[2026-04-14T20:47:11.465+0000] {processor.py:830} INFO - Processing file /home/airflow/.local/lib/python3.8/site-packages/airflow/example_dags/example_branch_python_dop_operator_3.py for tasks to queue
[2026-04-14T20:47:11.467+0000] {logging_mixin.py:188} INFO - [2026-04-14T20:47:11.466+0000] {dagbag.py:538} INFO - Filling up the DagBag from /home/airflow/.local/lib/python3.8/site-packages/airflow/example_dags/example_branch_python_dop_operator_3.py
[2026-04-14T20:47:11.482+0000] {processor.py:840} INFO - DAG(s) 'example_branch_dop_operator_v3' retrieved from /home/airflow/.local/lib/python3.8/site-packages/airflow/example_dags/example_branch_python_dop_operator_3.py
[2026-04-14T20:47:11.512+0000] {logging_mixin.py:188} INFO - [2026-04-14T20:47:11.512+0000] {dag.py:3036} INFO - Sync 1 DAGs
[2026-04-14T20:47:11.542+0000] {logging_mixin.py:188} INFO - [2026-04-14T20:47:11.542+0000] {dag.py:3823} INFO - Setting next_dagrun for example_branch_dop_operator_v3 to 2026-04-14 20:46:00+00:00, run_after=2026-04-14 20:47:00+00:00
[2026-04-14T20:47:11.569+0000] {processor.py:183} INFO - Processing /home/airflow/.local/lib/python3.8/site-packages/airflow/example_dags/example_branch_python_dop_operator_3.py took 0.111 seconds
[2026-04-14T20:47:41.714+0000] {processor.py:161} INFO - Started process (PID=7147) to work on /home/airflow/.local/lib/python3.8/site-packages/airflow/example_dags/example_branch_python_dop_operator_3.py
[2026-04-14T20:47:41.716+0000] {processor.py:830} INFO - Processing file /home/airflow/.local/lib/python3.8/site-packages/airflow/example_dags/example_branch_python_dop_operator_3.py for tasks to queue
[2026-04-14T20:47:41.720+0000] {logging_mixin.py:188} INFO - [2026-04-14T20:47:41.719+0000] {dagbag.py:538} INFO - Filling up the DagBag from /home/airflow/.local/lib/python3.8/site-packages/airflow/example_dags/example_branch_python_dop_operator_3.py
[2026-04-14T20:47:41.737+0000] {processor.py:840} INFO - DAG(s) 'example_branch_dop_operator_v3' retrieved from /home/airflow/.local/lib/python3.8/site-packages/airflow/example_dags/example_branch_python_dop_operator_3.py
[2026-04-14T20:47:41.771+0000] {logging_mixin.py:188} INFO - [2026-04-14T20:47:41.770+0000] {dag.py:3036} INFO - Sync 1 DAGs
[2026-04-14T20:47:41.808+0000] {logging_mixin.py:188} INFO - [2026-04-14T20:47:41.808+0000] {dag.py:3823} INFO - Setting next_dagrun for example_branch_dop_operator_v3 to 2026-04-14 20:46:00+00:00, run_after=2026-04-14 20:47:00+00:00
[2026-04-14T20:47:41.840+0000] {processor.py:183} INFO - Processing /home/airflow/.local/lib/python3.8/site-packages/airflow/example_dags/example_branch_python_dop_operator_3.py took 0.132 seconds
[2026-04-14T20:48:12.824+0000] {processor.py:161} INFO - Started process (PID=7204) to work on /home/airflow/.local/lib/python3.8/site-packages/airflow/example_dags/example_branch_python_dop_operator_3.py
[2026-04-14T20:48:12.827+0000] {processor.py:830} INFO - Processing file /home/airflow/.local/lib/python3.8/site-packages/airflow/example_dags/example_branch_python_dop_operator_3.py for tasks to queue
[2026-04-14T20:48:12.831+0000] {logging_mixin.py:188} INFO - [2026-04-14T20:48:12.831+0000] {dagbag.py:538} INFO - Filling up the DagBag from /home/airflow/.local/lib/python3.8/site-packages/airflow/example_dags/example_branch_python_dop_operator_3.py
[2026-04-14T20:48:12.848+0000] {processor.py:840} INFO - DAG(s) 'example_branch_dop_operator_v3' retrieved from /home/airflow/.local/lib/python3.8/site-packages/airflow/example_dags/example_branch_python_dop_operator_3.py
[2026-04-14T20:48:12.891+0000] {logging_mixin.py:188} INFO - [2026-04-14T20:48:12.891+0000] {dag.py:3036} INFO - Sync 1 DAGs
[2026-04-14T20:48:12.928+0000] {logging_mixin.py:188} INFO - [2026-04-14T20:48:12.928+0000] {dag.py:3823} INFO - Setting next_dagrun for example_branch_dop_operator_v3 to 2026-04-14 20:47:00+00:00, run_after=2026-04-14 20:48:00+00:00
[2026-04-14T20:48:12.962+0000] {processor.py:183} INFO - Processing /home/airflow/.local/lib/python3.8/site-packages/airflow/example_dags/example_branch_python_dop_operator_3.py took 0.146 seconds
[2026-04-14T20:48:43.390+0000] {processor.py:161} INFO - Started process (PID=7261) to work on /home/airflow/.local/lib/python3.8/site-packages/airflow/example_dags/example_branch_python_dop_operator_3.py
[2026-04-14T20:48:43.392+0000] {processor.py:830} INFO - Processing file /home/airflow/.local/lib/python3.8/site-packages/airflow/example_dags/example_branch_python_dop_operator_3.py for tasks to queue
[2026-04-14T20:48:43.396+0000] {logging_mixin.py:188} INFO - [2026-04-14T20:48:43.395+0000] {dagbag.py:538} INFO - Filling up the DagBag from /home/airflow/.local/lib/python3.8/site-packages/airflow/example_dags/example_branch_python_dop_operator_3.py
[2026-04-14T20:48:43.415+0000] {processor.py:840} INFO - DAG(s) 'example_branch_dop_operator_v3' retrieved from /home/airflow/.local/lib/python3.8/site-packages/airflow/example_dags/example_branch_python_dop_operator_3.py
[2026-04-14T20:48:43.457+0000] {logging_mixin.py:188} INFO - [2026-04-14T20:48:43.456+0000] {dag.py:3036} INFO - Sync 1 DAGs
[2026-04-14T20:48:43.508+0000] {logging_mixin.py:188} INFO - [2026-04-14T20:48:43.508+0000] {dag.py:3823} INFO - Setting next_dagrun for example_branch_dop_operator_v3 to 2026-04-14 20:47:00+00:00, run_after=2026-04-14 20:48:00+00:00
[2026-04-14T20:48:43.552+0000] {processor.py:183} INFO - Processing /home/airflow/.local/lib/python3.8/site-packages/airflow/example_dags/example_branch_python_dop_operator_3.py took 0.169 seconds
[2026-04-14T20:49:13.950+0000] {processor.py:161} INFO - Started process (PID=7319) to work on /home/airflow/.local/lib/python3.8/site-packages/airflow/example_dags/example_branch_python_dop_operator_3.py
[2026-04-14T20:49:13.952+0000] {processor.py:830} INFO - Processing file /home/airflow/.local/lib/python3.8/site-packages/airflow/example_dags/example_branch_python_dop_operator_3.py for tasks to queue
[2026-04-14T20:49:13.954+0000] {logging_mixin.py:188} INFO - [2026-04-14T20:49:13.954+0000] {dagbag.py:538} INFO - Filling up the DagBag from /home/airflow/.local/lib/python3.8/site-packages/airflow/example_dags/example_branch_python_dop_operator_3.py
[2026-04-14T20:49:13.968+0000] {processor.py:840} INFO - DAG(s) 'example_branch_dop_operator_v3' retrieved from /home/airflow/.local/lib/python3.8/site-packages/airflow/example_dags/example_branch_python_dop_operator_3.py
[2026-04-14T20:49:13.999+0000] {logging_mixin.py:188} INFO - [2026-04-14T20:49:13.998+0000] {dag.py:3036} INFO - Sync 1 DAGs
[2026-04-14T20:49:14.030+0000] {logging_mixin.py:188} INFO - [2026-04-14T20:49:14.030+0000] {dag.py:3823} INFO - Setting next_dagrun for example_branch_dop_operator_v3 to 2026-04-14 20:48:00+00:00, run_after=2026-04-14 20:49:00+00:00
[2026-04-14T20:49:14.061+0000] {processor.py:183} INFO - Processing /home/airflow/.local/lib/python3.8/site-packages/airflow/example_dags/example_branch_python_dop_operator_3.py took 0.117 seconds
[2026-04-14T20:49:44.863+0000] {processor.py:161} INFO - Started process (PID=7376) to work on /home/airflow/.local/lib/python3.8/site-packages/airflow/example_dags/example_branch_python_dop_operator_3.py
[2026-04-14T20:49:44.865+0000] {processor.py:830} INFO - Processing file /home/airflow/.local/lib/python3.8/site-packages/airflow/example_dags/example_branch_python_dop_operator_3.py for tasks to queue
[2026-04-14T20:49:44.868+0000] {logging_mixin.py:188} INFO - [2026-04-14T20:49:44.868+0000] {dagbag.py:538} INFO - Filling up the DagBag from /home/airflow/.local/lib/python3.8/site-packages/airflow/example_dags/example_branch_python_dop_operator_3.py
[2026-04-14T20:49:44.880+0000] {processor.py:840} INFO - DAG(s) 'example_branch_dop_operator_v3' retrieved from /home/airflow/.local/lib/python3.8/site-packages/airflow/example_dags/example_branch_python_dop_operator_3.py
[2026-04-14T20:49:44.907+0000] {logging_mixin.py:188} INFO - [2026-04-14T20:49:44.907+0000] {dag.py:3036} INFO - Sync 1 DAGs
[2026-04-14T20:49:44.938+0000] {logging_mixin.py:188} INFO - [2026-04-14T20:49:44.938+0000] {dag.py:3823} INFO - Setting next_dagrun for example_branch_dop_operator_v3 to 2026-04-14 20:48:00+00:00, run_after=2026-04-14 20:49:00+00:00
[2026-04-14T20:49:44.969+0000] {processor.py:183} INFO - Processing /home/airflow/.local/lib/python3.8/site-packages/airflow/example_dags/example_branch_python_dop_operator_3.py took 0.112 seconds
[2026-04-14T20:50:15.819+0000] {processor.py:161} INFO - Started process (PID=7433) to work on /home/airflow/.local/lib/python3.8/site-packages/airflow/example_dags/example_branch_python_dop_operator_3.py
[2026-04-14T20:50:15.821+0000] {processor.py:830} INFO - Processing file /home/airflow/.local/lib/python3.8/site-packages/airflow/example_dags/example_branch_python_dop_operator_3.py for tasks to queue
[2026-04-14T20:50:15.824+0000] {logging_mixin.py:188} INFO - [2026-04-14T20:50:15.824+0000] {dagbag.py:538} INFO - Filling up the DagBag from /home/airflow/.local/lib/python3.8/site-packages/airflow/example_dags/example_branch_python_dop_operator_3.py
[2026-04-14T20:50:15.840+0000] {processor.py:840} INFO - DAG(s) 'example_branch_dop_operator_v3' retrieved from /home/airflow/.local/lib/python3.8/site-packages/airflow/example_dags/example_branch_python_dop_operator_3.py
[2026-04-14T20:50:15.870+0000] {logging_mixin.py:188} INFO - [2026-04-14T20:50:15.869+0000] {dag.py:3036} INFO - Sync 1 DAGs
[2026-04-14T20:50:15.903+0000] {logging_mixin.py:188} INFO - [2026-04-14T20:50:15.903+0000] {dag.py:3823} INFO - Setting next_dagrun for example_branch_dop_operator_v3 to 2026-04-14 20:49:00+00:00, run_after=2026-04-14 20:50:00+00:00
[2026-04-14T20:50:15.930+0000] {processor.py:183} INFO - Processing /home/airflow/.local/lib/python3.8/site-packages/airflow/example_dags/example_branch_python_dop_operator_3.py took 0.117 seconds
[2026-04-14T20:50:46.298+0000] {processor.py:161} INFO - Started process (PID=7490) to work on /home/airflow/.local/lib/python3.8/site-packages/airflow/example_dags/example_branch_python_dop_operator_3.py
[2026-04-14T20:50:46.300+0000] {processor.py:830} INFO - Processing file /home/airflow/.local/lib/python3.8/site-packages/airflow/example_dags/example_branch_python_dop_operator_3.py for tasks to queue
[2026-04-14T20:50:46.303+0000] {logging_mixin.py:188} INFO - [2026-04-14T20:50:46.303+0000] {dagbag.py:538} INFO - Filling up the DagBag from /home/airflow/.local/lib/python3.8/site-packages/airflow/example_dags/example_branch_python_dop_operator_3.py
[2026-04-14T20:50:46.317+0000] {processor.py:840} INFO - DAG(s) 'example_branch_dop_operator_v3' retrieved from /home/airflow/.local/lib/python3.8/site-packages/airflow/example_dags/example_branch_python_dop_operator_3.py
[2026-04-14T20:50:46.343+0000] {logging_mixin.py:188} INFO - [2026-04-14T20:50:46.342+0000] {dag.py:3036} INFO - Sync 1 DAGs
[2026-04-14T20:50:46.375+0000] {logging_mixin.py:188} INFO - [2026-04-14T20:50:46.375+0000] {dag.py:3823} INFO - Setting next_dagrun for example_branch_dop_operator_v3 to 2026-04-14 20:49:00+00:00, run_after=2026-04-14 20:50:00+00:00
[2026-04-14T20:50:46.397+0000] {processor.py:183} INFO - Processing /home/airflow/.local/lib/python3.8/site-packages/airflow/example_dags/example_branch_python_dop_operator_3.py took 0.107 seconds
[2026-04-14T20:51:16.854+0000] {processor.py:161} INFO - Started process (PID=7547) to work on /home/airflow/.local/lib/python3.8/site-packages/airflow/example_dags/example_branch_python_dop_operator_3.py
[2026-04-14T20:51:16.856+0000] {processor.py:830} INFO - Processing file /home/airflow/.local/lib/python3.8/site-packages/airflow/example_dags/example_branch_python_dop_operator_3.py for tasks to queue
[2026-04-14T20:51:16.859+0000] {logging_mixin.py:188} INFO - [2026-04-14T20:51:16.859+0000] {dagbag.py:538} INFO - Filling up the DagBag from /home/airflow/.local/lib/python3.8/site-packages/airflow/example_dags/example_branch_python_dop_operator_3.py
[2026-04-14T20:51:16.870+0000] {processor.py:840} INFO - DAG(s) 'example_branch_dop_operator_v3' retrieved from /home/airflow/.local/lib/python3.8/site-packages/airflow/example_dags/example_branch_python_dop_operator_3.py
[2026-04-14T20:51:16.897+0000] {logging_mixin.py:188} INFO - [2026-04-14T20:51:16.897+0000] {dag.py:3036} INFO - Sync 1 DAGs
[2026-04-14T20:51:16.927+0000] {logging_mixin.py:188} INFO - [2026-04-14T20:51:16.927+0000] {dag.py:3823} INFO - Setting next_dagrun for example_branch_dop_operator_v3 to 2026-04-14 20:50:00+00:00, run_after=2026-04-14 20:51:00+00:00
[2026-04-14T20:51:16.958+0000] {processor.py:183} INFO - Processing /home/airflow/.local/lib/python3.8/site-packages/airflow/example_dags/example_branch_python_dop_operator_3.py took 0.109 seconds
[2026-04-14T20:51:47.062+0000] {processor.py:161} INFO - Started process (PID=7604) to work on /home/airflow/.local/lib/python3.8/site-packages/airflow/example_dags/example_branch_python_dop_operator_3.py
[2026-04-14T20:51:47.065+0000] {processor.py:830} INFO - Processing file /home/airflow/.local/lib/python3.8/site-packages/airflow/example_dags/example_branch_python_dop_operator_3.py for tasks to queue
[2026-04-14T20:51:47.068+0000] {logging_mixin.py:188} INFO - [2026-04-14T20:51:47.068+0000] {dagbag.py:538} INFO - Filling up the DagBag from /home/airflow/.local/lib/python3.8/site-packages/airflow/example_dags/example_branch_python_dop_operator_3.py
[2026-04-14T20:51:47.086+0000] {processor.py:840} INFO - DAG(s) 'example_branch_dop_operator_v3' retrieved from /home/airflow/.local/lib/python3.8/site-packages/airflow/example_dags/example_branch_python_dop_operator_3.py
[2026-04-14T20:51:47.125+0000] {logging_mixin.py:188} INFO - [2026-04-14T20:51:47.124+0000] {dag.py:3036} INFO - Sync 1 DAGs
[2026-04-14T20:51:47.164+0000] {logging_mixin.py:188} INFO - [2026-04-14T20:51:47.163+0000] {dag.py:3823} INFO - Setting next_dagrun for example_branch_dop_operator_v3 to 2026-04-14 20:50:00+00:00, run_after=2026-04-14 20:51:00+00:00
[2026-04-14T20:51:47.201+0000] {processor.py:183} INFO - Processing /home/airflow/.local/lib/python3.8/site-packages/airflow/example_dags/example_branch_python_dop_operator_3.py took 0.145 seconds
[2026-04-14T20:52:17.395+0000] {processor.py:161} INFO - Started process (PID=7661) to work on /home/airflow/.local/lib/python3.8/site-packages/airflow/example_dags/example_branch_python_dop_operator_3.py
[2026-04-14T20:52:17.396+0000] {processor.py:830} INFO - Processing file /home/airflow/.local/lib/python3.8/site-packages/airflow/example_dags/example_branch_python_dop_operator_3.py for tasks to queue
[2026-04-14T20:52:17.399+0000] {logging_mixin.py:188} INFO - [2026-04-14T20:52:17.399+0000] {dagbag.py:538} INFO - Filling up the DagBag from /home/airflow/.local/lib/python3.8/site-packages/airflow/example_dags/example_branch_python_dop_operator_3.py
[2026-04-14T20:52:17.410+0000] {processor.py:840} INFO - DAG(s) 'example_branch_dop_operator_v3' retrieved from /home/airflow/.local/lib/python3.8/site-packages/airflow/example_dags/example_branch_python_dop_operator_3.py
[2026-04-14T20:52:17.442+0000] {logging_mixin.py:188} INFO - [2026-04-14T20:52:17.442+0000] {dag.py:3036} INFO - Sync 1 DAGs
[2026-04-14T20:52:17.475+0000] {logging_mixin.py:188} INFO - [2026-04-14T20:52:17.475+0000] {dag.py:3823} INFO - Setting next_dagrun for example_branch_dop_operator_v3 to 2026-04-14 20:51:00+00:00, run_after=2026-04-14 20:52:00+00:00
[2026-04-14T20:52:17.508+0000] {processor.py:183} INFO - Processing /home/airflow/.local/lib/python3.8/site-packages/airflow/example_dags/example_branch_python_dop_operator_3.py took 0.118 seconds
[2026-04-14T20:52:49.355+0000] {processor.py:161} INFO - Started process (PID=7718) to work on /home/airflow/.local/lib/python3.8/site-packages/airflow/example_dags/example_branch_python_dop_operator_3.py
[2026-04-14T20:52:49.372+0000] {processor.py:830} INFO - Processing file /home/airflow/.local/lib/python3.8/site-packages/airflow/example_dags/example_branch_python_dop_operator_3.py for tasks to queue
[2026-04-14T20:52:49.476+0000] {logging_mixin.py:188} INFO - [2026-04-14T20:52:49.475+0000] {dagbag.py:538} INFO - Filling up the DagBag from /home/airflow/.local/lib/python3.8/site-packages/airflow/example_dags/example_branch_python_dop_operator_3.py
[2026-04-14T20:52:49.543+0000] {processor.py:840} INFO - DAG(s) 'example_branch_dop_operator_v3' retrieved from /home/airflow/.local/lib/python3.8/site-packages/airflow/example_dags/example_branch_python_dop_operator_3.py
[2026-04-14T20:52:49.828+0000] {logging_mixin.py:188} INFO - [2026-04-14T20:52:49.827+0000] {dag.py:3036} INFO - Sync 1 DAGs
[2026-04-14T20:52:50.043+0000] {logging_mixin.py:188} INFO - [2026-04-14T20:52:50.030+0000] {dag.py:3823} INFO - Setting next_dagrun for example_branch_dop_operator_v3 to 2026-04-14 20:51:00+00:00, run_after=2026-04-14 20:52:00+00:00
[2026-04-14T20:52:50.227+0000] {processor.py:183} INFO - Processing /home/airflow/.local/lib/python3.8/site-packages/airflow/example_dags/example_branch_python_dop_operator_3.py took 0.879 seconds
[2026-04-14T20:53:21.026+0000] {processor.py:161} INFO - Started process (PID=7775) to work on /home/airflow/.local/lib/python3.8/site-packages/airflow/example_dags/example_branch_python_dop_operator_3.py
[2026-04-14T20:53:21.029+0000] {processor.py:830} INFO - Processing file /home/airflow/.local/lib/python3.8/site-packages/airflow/example_dags/example_branch_python_dop_operator_3.py for tasks to queue
[2026-04-14T20:53:21.034+0000] {logging_mixin.py:188} INFO - [2026-04-14T20:53:21.034+0000] {dagbag.py:538} INFO - Filling up the DagBag from /home/airflow/.local/lib/python3.8/site-packages/airflow/example_dags/example_branch_python_dop_operator_3.py
[2026-04-14T20:53:21.049+0000] {processor.py:840} INFO - DAG(s) 'example_branch_dop_operator_v3' retrieved from /home/airflow/.local/lib/python3.8/site-packages/airflow/example_dags/example_branch_python_dop_operator_3.py
[2026-04-14T20:53:21.076+0000] {logging_mixin.py:188} INFO - [2026-04-14T20:53:21.076+0000] {dag.py:3036} INFO - Sync 1 DAGs
[2026-04-14T20:53:21.111+0000] {logging_mixin.py:188} INFO - [2026-04-14T20:53:21.111+0000] {dag.py:3823} INFO - Setting next_dagrun for example_branch_dop_operator_v3 to 2026-04-14 20:52:00+00:00, run_after=2026-04-14 20:53:00+00:00
[2026-04-14T20:53:21.139+0000] {processor.py:183} INFO - Processing /home/airflow/.local/lib/python3.8/site-packages/airflow/example_dags/example_branch_python_dop_operator_3.py took 0.117 seconds
[2026-04-14T20:53:51.989+0000] {processor.py:161} INFO - Started process (PID=7832) to work on /home/airflow/.local/lib/python3.8/site-packages/airflow/example_dags/example_branch_python_dop_operator_3.py
[2026-04-14T20:53:52.004+0000] {processor.py:830} INFO - Processing file /home/airflow/.local/lib/python3.8/site-packages/airflow/example_dags/example_branch_python_dop_operator_3.py for tasks to queue
[2026-04-14T20:53:52.023+0000] {logging_mixin.py:188} INFO - [2026-04-14T20:53:52.022+0000] {dagbag.py:538} INFO - Filling up the DagBag from /home/airflow/.local/lib/python3.8/site-packages/airflow/example_dags/example_branch_python_dop_operator_3.py
[2026-04-14T20:53:52.085+0000] {processor.py:840} INFO - DAG(s) 'example_branch_dop_operator_v3' retrieved from /home/airflow/.local/lib/python3.8/site-packages/airflow/example_dags/example_branch_python_dop_operator_3.py
[2026-04-14T20:53:52.173+0000] {logging_mixin.py:188} INFO - [2026-04-14T20:53:52.173+0000] {dag.py:3036} INFO - Sync 1 DAGs
[2026-04-14T20:53:52.298+0000] {logging_mixin.py:188} INFO - [2026-04-14T20:53:52.298+0000] {dag.py:3823} INFO - Setting next_dagrun for example_branch_dop_operator_v3 to 2026-04-14 20:52:00+00:00, run_after=2026-04-14 20:53:00+00:00
[2026-04-14T20:53:52.384+0000] {processor.py:183} INFO - Processing /home/airflow/.local/lib/python3.8/site-packages/airflow/example_dags/example_branch_python_dop_operator_3.py took 0.420 seconds
[2026-04-14T20:54:23.663+0000] {processor.py:161} INFO - Started process (PID=7889) to work on /home/airflow/.local/lib/python3.8/site-packages/airflow/example_dags/example_branch_python_dop_operator_3.py
[2026-04-14T20:54:23.693+0000] {processor.py:830} INFO - Processing file /home/airflow/.local/lib/python3.8/site-packages/airflow/example_dags/example_branch_python_dop_operator_3.py for tasks to queue
[2026-04-14T20:54:23.728+0000] {logging_mixin.py:188} INFO - [2026-04-14T20:54:23.727+0000] {dagbag.py:538} INFO - Filling up the DagBag from /home/airflow/.local/lib/python3.8/site-packages/airflow/example_dags/example_branch_python_dop_operator_3.py
[2026-04-14T20:54:23.780+0000] {processor.py:840} INFO - DAG(s) 'example_branch_dop_operator_v3' retrieved from /home/airflow/.local/lib/python3.8/site-packages/airflow/example_dags/example_branch_python_dop_operator_3.py
[2026-04-14T20:54:23.888+0000] {logging_mixin.py:188} INFO - [2026-04-14T20:54:23.887+0000] {dag.py:3036} INFO - Sync 1 DAGs
[2026-04-14T20:54:24.039+0000] {logging_mixin.py:188} INFO - [2026-04-14T20:54:24.037+0000] {dag.py:3823} INFO - Setting next_dagrun for example_branch_dop_operator_v3 to 2026-04-14 20:53:00+00:00, run_after=2026-04-14 20:54:00+00:00
[2026-04-14T20:54:24.166+0000] {processor.py:183} INFO - Processing /home/airflow/.local/lib/python3.8/site-packages/airflow/example_dags/example_branch_python_dop_operator_3.py took 0.508 seconds
[2026-04-14T20:54:55.664+0000] {processor.py:161} INFO - Started process (PID=7947) to work on /home/airflow/.local/lib/python3.8/site-packages/airflow/example_dags/example_branch_python_dop_operator_3.py
[2026-04-14T20:54:55.666+0000] {processor.py:830} INFO - Processing file /home/airflow/.local/lib/python3.8/site-packages/airflow/example_dags/example_branch_python_dop_operator_3.py for tasks to queue
[2026-04-14T20:54:55.669+0000] {logging_mixin.py:188} INFO - [2026-04-14T20:54:55.668+0000] {dagbag.py:538} INFO - Filling up the DagBag from /home/airflow/.local/lib/python3.8/site-packages/airflow/example_dags/example_branch_python_dop_operator_3.py
[2026-04-14T20:54:55.679+0000] {processor.py:840} INFO - DAG(s) 'example_branch_dop_operator_v3' retrieved from /home/airflow/.local/lib/python3.8/site-packages/airflow/example_dags/example_branch_python_dop_operator_3.py
[2026-04-14T20:54:55.706+0000] {logging_mixin.py:188} INFO - [2026-04-14T20:54:55.706+0000] {dag.py:3036} INFO - Sync 1 DAGs
[2026-04-14T20:54:55.737+0000] {logging_mixin.py:188} INFO - [2026-04-14T20:54:55.737+0000] {dag.py:3823} INFO - Setting next_dagrun for example_branch_dop_operator_v3 to 2026-04-14 20:53:00+00:00, run_after=2026-04-14 20:54:00+00:00
[2026-04-14T20:54:55.763+0000] {processor.py:183} INFO - Processing /home/airflow/.local/lib/python3.8/site-packages/airflow/example_dags/example_branch_python_dop_operator_3.py took 0.102 seconds
[2026-04-14T20:55:25.937+0000] {processor.py:161} INFO - Started process (PID=8004) to work on /home/airflow/.local/lib/python3.8/site-packages/airflow/example_dags/example_branch_python_dop_operator_3.py
[2026-04-14T20:55:25.939+0000] {processor.py:830} INFO - Processing file /home/airflow/.local/lib/python3.8/site-packages/airflow/example_dags/example_branch_python_dop_operator_3.py for tasks to queue
[2026-04-14T20:55:25.941+0000] {logging_mixin.py:188} INFO - [2026-04-14T20:55:25.940+0000] {dagbag.py:538} INFO - Filling up the DagBag from /home/airflow/.local/lib/python3.8/site-packages/airflow/example_dags/example_branch_python_dop_operator_3.py
[2026-04-14T20:55:25.952+0000] {processor.py:840} INFO - DAG(s) 'example_branch_dop_operator_v3' retrieved from /home/airflow/.local/lib/python3.8/site-packages/airflow/example_dags/example_branch_python_dop_operator_3.py
[2026-04-14T20:55:25.975+0000] {logging_mixin.py:188} INFO - [2026-04-14T20:55:25.975+0000] {dag.py:3036} INFO - Sync 1 DAGs
[2026-04-14T20:55:26.004+0000] {logging_mixin.py:188} INFO - [2026-04-14T20:55:26.003+0000] {dag.py:3823} INFO - Setting next_dagrun for example_branch_dop_operator_v3 to 2026-04-14 20:54:00+00:00, run_after=2026-04-14 20:55:00+00:00
[2026-04-14T20:55:26.025+0000] {processor.py:183} INFO - Processing /home/airflow/.local/lib/python3.8/site-packages/airflow/example_dags/example_branch_python_dop_operator_3.py took 0.091 seconds
[2026-04-14T20:55:56.603+0000] {processor.py:161} INFO - Started process (PID=8061) to work on /home/airflow/.local/lib/python3.8/site-packages/airflow/example_dags/example_branch_python_dop_operator_3.py
[2026-04-14T20:55:56.605+0000] {processor.py:830} INFO - Processing file /home/airflow/.local/lib/python3.8/site-packages/airflow/example_dags/example_branch_python_dop_operator_3.py for tasks to queue
[2026-04-14T20:55:56.608+0000] {logging_mixin.py:188} INFO - [2026-04-14T20:55:56.607+0000] {dagbag.py:538} INFO - Filling up the DagBag from /home/airflow/.local/lib/python3.8/site-packages/airflow/example_dags/example_branch_python_dop_operator_3.py
[2026-04-14T20:55:56.619+0000] {processor.py:840} INFO - DAG(s) 'example_branch_dop_operator_v3' retrieved from /home/airflow/.local/lib/python3.8/site-packages/airflow/example_dags/example_branch_python_dop_operator_3.py
[2026-04-14T20:55:56.648+0000] {logging_mixin.py:188} INFO - [2026-04-14T20:55:56.648+0000] {dag.py:3036} INFO - Sync 1 DAGs
[2026-04-14T20:55:56.686+0000] {logging_mixin.py:188} INFO - [2026-04-14T20:55:56.686+0000] {dag.py:3823} INFO - Setting next_dagrun for example_branch_dop_operator_v3 to 2026-04-14 20:54:00+00:00, run_after=2026-04-14 20:55:00+00:00
[2026-04-14T20:55:56.720+0000] {processor.py:183} INFO - Processing /home/airflow/.local/lib/python3.8/site-packages/airflow/example_dags/example_branch_python_dop_operator_3.py took 0.120 seconds
[2026-04-14T20:56:27.097+0000] {processor.py:161} INFO - Started process (PID=8118) to work on /home/airflow/.local/lib/python3.8/site-packages/airflow/example_dags/example_branch_python_dop_operator_3.py
[2026-04-14T20:56:27.098+0000] {processor.py:830} INFO - Processing file /home/airflow/.local/lib/python3.8/site-packages/airflow/example_dags/example_branch_python_dop_operator_3.py for tasks to queue
[2026-04-14T20:56:27.100+0000] {logging_mixin.py:188} INFO - [2026-04-14T20:56:27.100+0000] {dagbag.py:538} INFO - Filling up the DagBag from /home/airflow/.local/lib/python3.8/site-packages/airflow/example_dags/example_branch_python_dop_operator_3.py
[2026-04-14T20:56:27.110+0000] {processor.py:840} INFO - DAG(s) 'example_branch_dop_operator_v3' retrieved from /home/airflow/.local/lib/python3.8/site-packages/airflow/example_dags/example_branch_python_dop_operator_3.py
[2026-04-14T20:56:27.134+0000] {logging_mixin.py:188} INFO - [2026-04-14T20:56:27.133+0000] {dag.py:3036} INFO - Sync 1 DAGs
[2026-04-14T20:56:27.156+0000] {logging_mixin.py:188} INFO - [2026-04-14T20:56:27.156+0000] {dag.py:3823} INFO - Setting next_dagrun for example_branch_dop_operator_v3 to 2026-04-14 20:55:00+00:00, run_after=2026-04-14 20:56:00+00:00
[2026-04-14T20:56:27.177+0000] {processor.py:183} INFO - Processing /home/airflow/.local/lib/python3.8/site-packages/airflow/example_dags/example_branch_python_dop_operator_3.py took 0.084 seconds
[2026-04-14T20:56:57.235+0000] {processor.py:161} INFO - Started process (PID=8175) to work on /home/airflow/.local/lib/python3.8/site-packages/airflow/example_dags/example_branch_python_dop_operator_3.py
[2026-04-14T20:56:57.237+0000] {processor.py:830} INFO - Processing file /home/airflow/.local/lib/python3.8/site-packages/airflow/example_dags/example_branch_python_dop_operator_3.py for tasks to queue
[2026-04-14T20:56:57.239+0000] {logging_mixin.py:188} INFO - [2026-04-14T20:56:57.239+0000] {dagbag.py:538} INFO - Filling up the DagBag from /home/airflow/.local/lib/python3.8/site-packages/airflow/example_dags/example_branch_python_dop_operator_3.py
[2026-04-14T20:56:57.252+0000] {processor.py:840} INFO - DAG(s) 'example_branch_dop_operator_v3' retrieved from /home/airflow/.local/lib/python3.8/site-packages/airflow/example_dags/example_branch_python_dop_operator_3.py
[2026-04-14T20:56:57.277+0000] {logging_mixin.py:188} INFO - [2026-04-14T20:56:57.277+0000] {dag.py:3036} INFO - Sync 1 DAGs
[2026-04-14T20:56:57.303+0000] {logging_mixin.py:188} INFO - [2026-04-14T20:56:57.303+0000] {dag.py:3823} INFO - Setting next_dagrun for example_branch_dop_operator_v3 to 2026-04-14 20:55:00+00:00, run_after=2026-04-14 20:56:00+00:00
[2026-04-14T20:56:57.330+0000] {processor.py:183} INFO - Processing /home/airflow/.local/lib/python3.8/site-packages/airflow/example_dags/example_branch_python_dop_operator_3.py took 0.100 seconds
[2026-04-14T20:57:27.816+0000] {processor.py:161} INFO - Started process (PID=8232) to work on /home/airflow/.local/lib/python3.8/site-packages/airflow/example_dags/example_branch_python_dop_operator_3.py
[2026-04-14T20:57:27.818+0000] {processor.py:830} INFO - Processing file /home/airflow/.local/lib/python3.8/site-packages/airflow/example_dags/example_branch_python_dop_operator_3.py for tasks to queue
[2026-04-14T20:57:27.821+0000] {logging_mixin.py:188} INFO - [2026-04-14T20:57:27.820+0000] {dagbag.py:538} INFO - Filling up the DagBag from /home/airflow/.local/lib/python3.8/site-packages/airflow/example_dags/example_branch_python_dop_operator_3.py
[2026-04-14T20:57:27.831+0000] {processor.py:840} INFO - DAG(s) 'example_branch_dop_operator_v3' retrieved from /home/airflow/.local/lib/python3.8/site-packages/airflow/example_dags/example_branch_python_dop_operator_3.py
[2026-04-14T20:57:27.869+0000] {logging_mixin.py:188} INFO - [2026-04-14T20:57:27.868+0000] {dag.py:3036} INFO - Sync 1 DAGs
[2026-04-14T20:57:27.920+0000] {logging_mixin.py:188} INFO - [2026-04-14T20:57:27.919+0000] {dag.py:3823} INFO - Setting next_dagrun for example_branch_dop_operator_v3 to 2026-04-14 20:56:00+00:00, run_after=2026-04-14 20:57:00+00:00
[2026-04-14T20:57:27.967+0000] {processor.py:183} INFO - Processing /home/airflow/.local/lib/python3.8/site-packages/airflow/example_dags/example_branch_python_dop_operator_3.py took 0.155 seconds
[2026-04-14T20:57:58.020+0000] {processor.py:161} INFO - Started process (PID=8289) to work on /home/airflow/.local/lib/python3.8/site-packages/airflow/example_dags/example_branch_python_dop_operator_3.py
[2026-04-14T20:57:58.021+0000] {processor.py:830} INFO - Processing file /home/airflow/.local/lib/python3.8/site-packages/airflow/example_dags/example_branch_python_dop_operator_3.py for tasks to queue
[2026-04-14T20:57:58.024+0000] {logging_mixin.py:188} INFO - [2026-04-14T20:57:58.023+0000] {dagbag.py:538} INFO - Filling up the DagBag from /home/airflow/.local/lib/python3.8/site-packages/airflow/example_dags/example_branch_python_dop_operator_3.py
[2026-04-14T20:57:58.035+0000] {processor.py:840} INFO - DAG(s) 'example_branch_dop_operator_v3' retrieved from /home/airflow/.local/lib/python3.8/site-packages/airflow/example_dags/example_branch_python_dop_operator_3.py
[2026-04-14T20:57:58.061+0000] {logging_mixin.py:188} INFO - [2026-04-14T20:57:58.061+0000] {dag.py:3036} INFO - Sync 1 DAGs
[2026-04-14T20:57:58.088+0000] {logging_mixin.py:188} INFO - [2026-04-14T20:57:58.088+0000] {dag.py:3823} INFO - Setting next_dagrun for example_branch_dop_operator_v3 to 2026-04-14 20:56:00+00:00, run_after=2026-04-14 20:57:00+00:00
[2026-04-14T20:57:58.122+0000] {processor.py:183} INFO - Processing /home/airflow/.local/lib/python3.8/site-packages/airflow/example_dags/example_branch_python_dop_operator_3.py took 0.106 seconds
[2026-04-14T20:58:28.361+0000] {processor.py:161} INFO - Started process (PID=8346) to work on /home/airflow/.local/lib/python3.8/site-packages/airflow/example_dags/example_branch_python_dop_operator_3.py
[2026-04-14T20:58:28.363+0000] {processor.py:830} INFO - Processing file /home/airflow/.local/lib/python3.8/site-packages/airflow/example_dags/example_branch_python_dop_operator_3.py for tasks to queue
[2026-04-14T20:58:28.365+0000] {logging_mixin.py:188} INFO - [2026-04-14T20:58:28.365+0000] {dagbag.py:538} INFO - Filling up the DagBag from /home/airflow/.local/lib/python3.8/site-packages/airflow/example_dags/example_branch_python_dop_operator_3.py
[2026-04-14T20:58:28.374+0000] {processor.py:840} INFO - DAG(s) 'example_branch_dop_operator_v3' retrieved from /home/airflow/.local/lib/python3.8/site-packages/airflow/example_dags/example_branch_python_dop_operator_3.py
[2026-04-14T20:58:28.396+0000] {logging_mixin.py:188} INFO - [2026-04-14T20:58:28.396+0000] {dag.py:3036} INFO - Sync 1 DAGs
[2026-04-14T20:58:28.423+0000] {logging_mixin.py:188} INFO - [2026-04-14T20:58:28.423+0000] {dag.py:3823} INFO - Setting next_dagrun for example_branch_dop_operator_v3 to 2026-04-14 20:57:00+00:00, run_after=2026-04-14 20:58:00+00:00
[2026-04-14T20:58:28.453+0000] {processor.py:183} INFO - Processing /home/airflow/.local/lib/python3.8/site-packages/airflow/example_dags/example_branch_python_dop_operator_3.py took 0.095 seconds
[2026-04-14T20:58:58.988+0000] {processor.py:161} INFO - Started process (PID=8403) to work on /home/airflow/.local/lib/python3.8/site-packages/airflow/example_dags/example_branch_python_dop_operator_3.py
[2026-04-14T20:58:58.990+0000] {processor.py:830} INFO - Processing file /home/airflow/.local/lib/python3.8/site-packages/airflow/example_dags/example_branch_python_dop_operator_3.py for tasks to queue
[2026-04-14T20:58:58.996+0000] {logging_mixin.py:188} INFO - [2026-04-14T20:58:58.995+0000] {dagbag.py:538} INFO - Filling up the DagBag from /home/airflow/.local/lib/python3.8/site-packages/airflow/example_dags/example_branch_python_dop_operator_3.py
[2026-04-14T20:58:59.019+0000] {processor.py:840} INFO - DAG(s) 'example_branch_dop_operator_v3' retrieved from /home/airflow/.local/lib/python3.8/site-packages/airflow/example_dags/example_branch_python_dop_operator_3.py
[2026-04-14T20:58:59.061+0000] {logging_mixin.py:188} INFO - [2026-04-14T20:58:59.061+0000] {dag.py:3036} INFO - Sync 1 DAGs
[2026-04-14T20:58:59.133+0000] {logging_mixin.py:188} INFO - [2026-04-14T20:58:59.133+0000] {dag.py:3823} INFO - Setting next_dagrun for example_branch_dop_operator_v3 to 2026-04-14 20:57:00+00:00, run_after=2026-04-14 20:58:00+00:00
[2026-04-14T20:58:59.180+0000] {processor.py:183} INFO - Processing /home/airflow/.local/lib/python3.8/site-packages/airflow/example_dags/example_branch_python_dop_operator_3.py took 0.197 seconds
[2026-04-14T20:59:29.798+0000] {processor.py:161} INFO - Started process (PID=8460) to work on /home/airflow/.local/lib/python3.8/site-packages/airflow/example_dags/example_branch_python_dop_operator_3.py
[2026-04-14T20:59:29.800+0000] {processor.py:830} INFO - Processing file /home/airflow/.local/lib/python3.8/site-packages/airflow/example_dags/example_branch_python_dop_operator_3.py for tasks to queue
[2026-04-14T20:59:29.803+0000] {logging_mixin.py:188} INFO - [2026-04-14T20:59:29.802+0000] {dagbag.py:538} INFO - Filling up the DagBag from /home/airflow/.local/lib/python3.8/site-packages/airflow/example_dags/example_branch_python_dop_operator_3.py
[2026-04-14T20:59:29.815+0000] {processor.py:840} INFO - DAG(s) 'example_branch_dop_operator_v3' retrieved from /home/airflow/.local/lib/python3.8/site-packages/airflow/example_dags/example_branch_python_dop_operator_3.py
[2026-04-14T20:59:29.842+0000] {logging_mixin.py:188} INFO - [2026-04-14T20:59:29.842+0000] {dag.py:3036} INFO - Sync 1 DAGs
[2026-04-14T20:59:29.874+0000] {logging_mixin.py:188} INFO - [2026-04-14T20:59:29.873+0000] {dag.py:3823} INFO - Setting next_dagrun for example_branch_dop_operator_v3 to 2026-04-14 20:58:00+00:00, run_after=2026-04-14 20:59:00+00:00
[2026-04-14T20:59:29.900+0000] {processor.py:183} INFO - Processing /home/airflow/.local/lib/python3.8/site-packages/airflow/example_dags/example_branch_python_dop_operator_3.py took 0.106 seconds
[2026-04-14T21:00:00.447+0000] {processor.py:161} INFO - Started process (PID=8517) to work on /home/airflow/.local/lib/python3.8/site-packages/airflow/example_dags/example_branch_python_dop_operator_3.py
[2026-04-14T21:00:00.449+0000] {processor.py:830} INFO - Processing file /home/airflow/.local/lib/python3.8/site-packages/airflow/example_dags/example_branch_python_dop_operator_3.py for tasks to queue
[2026-04-14T21:00:00.451+0000] {logging_mixin.py:188} INFO - [2026-04-14T21:00:00.450+0000] {dagbag.py:538} INFO - Filling up the DagBag from /home/airflow/.local/lib/python3.8/site-packages/airflow/example_dags/example_branch_python_dop_operator_3.py
[2026-04-14T21:00:00.463+0000] {processor.py:840} INFO - DAG(s) 'example_branch_dop_operator_v3' retrieved from /home/airflow/.local/lib/python3.8/site-packages/airflow/example_dags/example_branch_python_dop_operator_3.py
[2026-04-14T21:00:00.490+0000] {logging_mixin.py:188} INFO - [2026-04-14T21:00:00.489+0000] {dag.py:3036} INFO - Sync 1 DAGs
[2026-04-14T21:00:00.516+0000] {logging_mixin.py:188} INFO - [2026-04-14T21:00:00.515+0000] {dag.py:3823} INFO - Setting next_dagrun for example_branch_dop_operator_v3 to 2026-04-14 20:59:00+00:00, run_after=2026-04-14 21:00:00+00:00
[2026-04-14T21:00:00.544+0000] {processor.py:183} INFO - Processing /home/airflow/.local/lib/python3.8/site-packages/airflow/example_dags/example_branch_python_dop_operator_3.py took 0.100 seconds
[2026-04-14T21:00:31.065+0000] {processor.py:161} INFO - Started process (PID=8574) to work on /home/airflow/.local/lib/python3.8/site-packages/airflow/example_dags/example_branch_python_dop_operator_3.py
[2026-04-14T21:00:31.067+0000] {processor.py:830} INFO - Processing file /home/airflow/.local/lib/python3.8/site-packages/airflow/example_dags/example_branch_python_dop_operator_3.py for tasks to queue
[2026-04-14T21:00:31.071+0000] {logging_mixin.py:188} INFO - [2026-04-14T21:00:31.070+0000] {dagbag.py:538} INFO - Filling up the DagBag from /home/airflow/.local/lib/python3.8/site-packages/airflow/example_dags/example_branch_python_dop_operator_3.py
[2026-04-14T21:00:31.082+0000] {processor.py:840} INFO - DAG(s) 'example_branch_dop_operator_v3' retrieved from /home/airflow/.local/lib/python3.8/site-packages/airflow/example_dags/example_branch_python_dop_operator_3.py
[2026-04-14T21:00:31.107+0000] {logging_mixin.py:188} INFO - [2026-04-14T21:00:31.107+0000] {dag.py:3036} INFO - Sync 1 DAGs
[2026-04-14T21:00:31.131+0000] {logging_mixin.py:188} INFO - [2026-04-14T21:00:31.131+0000] {dag.py:3823} INFO - Setting next_dagrun for example_branch_dop_operator_v3 to 2026-04-14 20:59:00+00:00, run_after=2026-04-14 21:00:00+00:00
[2026-04-14T21:00:31.153+0000] {processor.py:183} INFO - Processing /home/airflow/.local/lib/python3.8/site-packages/airflow/example_dags/example_branch_python_dop_operator_3.py took 0.094 seconds
[2026-04-14T21:01:01.217+0000] {processor.py:161} INFO - Started process (PID=8630) to work on /home/airflow/.local/lib/python3.8/site-packages/airflow/example_dags/example_branch_python_dop_operator_3.py
[2026-04-14T21:01:01.218+0000] {processor.py:830} INFO - Processing file /home/airflow/.local/lib/python3.8/site-packages/airflow/example_dags/example_branch_python_dop_operator_3.py for tasks to queue
[2026-04-14T21:01:01.221+0000] {logging_mixin.py:188} INFO - [2026-04-14T21:01:01.221+0000] {dagbag.py:538} INFO - Filling up the DagBag from /home/airflow/.local/lib/python3.8/site-packages/airflow/example_dags/example_branch_python_dop_operator_3.py
[2026-04-14T21:01:01.233+0000] {processor.py:840} INFO - DAG(s) 'example_branch_dop_operator_v3' retrieved from /home/airflow/.local/lib/python3.8/site-packages/airflow/example_dags/example_branch_python_dop_operator_3.py
[2026-04-14T21:01:01.294+0000] {logging_mixin.py:188} INFO - [2026-04-14T21:01:01.293+0000] {dag.py:3036} INFO - Sync 1 DAGs
[2026-04-14T21:01:01.339+0000] {logging_mixin.py:188} INFO - [2026-04-14T21:01:01.339+0000] {dag.py:3823} INFO - Setting next_dagrun for example_branch_dop_operator_v3 to 2026-04-14 21:00:00+00:00, run_after=2026-04-14 21:01:00+00:00
[2026-04-14T21:01:01.364+0000] {processor.py:183} INFO - Processing /home/airflow/.local/lib/python3.8/site-packages/airflow/example_dags/example_branch_python_dop_operator_3.py took 0.152 seconds
[2026-04-14T21:01:32.339+0000] {processor.py:161} INFO - Started process (PID=8686) to work on /home/airflow/.local/lib/python3.8/site-packages/airflow/example_dags/example_branch_python_dop_operator_3.py
[2026-04-14T21:01:32.341+0000] {processor.py:830} INFO - Processing file /home/airflow/.local/lib/python3.8/site-packages/airflow/example_dags/example_branch_python_dop_operator_3.py for tasks to queue
[2026-04-14T21:01:32.344+0000] {logging_mixin.py:188} INFO - [2026-04-14T21:01:32.344+0000] {dagbag.py:538} INFO - Filling up the DagBag from /home/airflow/.local/lib/python3.8/site-packages/airflow/example_dags/example_branch_python_dop_operator_3.py
[2026-04-14T21:01:32.357+0000] {processor.py:840} INFO - DAG(s) 'example_branch_dop_operator_v3' retrieved from /home/airflow/.local/lib/python3.8/site-packages/airflow/example_dags/example_branch_python_dop_operator_3.py
[2026-04-14T21:01:32.387+0000] {logging_mixin.py:188} INFO - [2026-04-14T21:01:32.386+0000] {dag.py:3036} INFO - Sync 1 DAGs
[2026-04-14T21:01:32.579+0000] {logging_mixin.py:188} INFO - [2026-04-14T21:01:32.579+0000] {dag.py:3823} INFO - Setting next_dagrun for example_branch_dop_operator_v3 to 2026-04-14 21:00:00+00:00, run_after=2026-04-14 21:01:00+00:00
[2026-04-14T21:01:32.611+0000] {processor.py:183} INFO - Processing /home/airflow/.local/lib/python3.8/site-packages/airflow/example_dags/example_branch_python_dop_operator_3.py took 0.279 seconds
[2026-04-14T21:02:03.297+0000] {processor.py:161} INFO - Started process (PID=8744) to work on /home/airflow/.local/lib/python3.8/site-packages/airflow/example_dags/example_branch_python_dop_operator_3.py
[2026-04-14T21:02:03.302+0000] {processor.py:830} INFO - Processing file /home/airflow/.local/lib/python3.8/site-packages/airflow/example_dags/example_branch_python_dop_operator_3.py for tasks to queue
[2026-04-14T21:02:03.308+0000] {logging_mixin.py:188} INFO - [2026-04-14T21:02:03.307+0000] {dagbag.py:538} INFO - Filling up the DagBag from /home/airflow/.local/lib/python3.8/site-packages/airflow/example_dags/example_branch_python_dop_operator_3.py
[2026-04-14T21:02:03.344+0000] {processor.py:840} INFO - DAG(s) 'example_branch_dop_operator_v3' retrieved from /home/airflow/.local/lib/python3.8/site-packages/airflow/example_dags/example_branch_python_dop_operator_3.py
[2026-04-14T21:02:03.404+0000] {logging_mixin.py:188} INFO - [2026-04-14T21:02:03.403+0000] {dag.py:3036} INFO - Sync 1 DAGs
[2026-04-14T21:02:03.994+0000] {logging_mixin.py:188} INFO - [2026-04-14T21:02:03.993+0000] {dag.py:3823} INFO - Setting next_dagrun for example_branch_dop_operator_v3 to 2026-04-14 21:01:00+00:00, run_after=2026-04-14 21:02:00+00:00
[2026-04-14T21:02:04.136+0000] {processor.py:183} INFO - Processing /home/airflow/.local/lib/python3.8/site-packages/airflow/example_dags/example_branch_python_dop_operator_3.py took 0.844 seconds
[2026-04-14T21:02:34.729+0000] {processor.py:161} INFO - Started process (PID=8801) to work on /home/airflow/.local/lib/python3.8/site-packages/airflow/example_dags/example_branch_python_dop_operator_3.py
[2026-04-14T21:02:34.732+0000] {processor.py:830} INFO - Processing file /home/airflow/.local/lib/python3.8/site-packages/airflow/example_dags/example_branch_python_dop_operator_3.py for tasks to queue
[2026-04-14T21:02:34.737+0000] {logging_mixin.py:188} INFO - [2026-04-14T21:02:34.737+0000] {dagbag.py:538} INFO - Filling up the DagBag from /home/airflow/.local/lib/python3.8/site-packages/airflow/example_dags/example_branch_python_dop_operator_3.py
[2026-04-14T21:02:34.753+0000] {processor.py:840} INFO - DAG(s) 'example_branch_dop_operator_v3' retrieved from /home/airflow/.local/lib/python3.8/site-packages/airflow/example_dags/example_branch_python_dop_operator_3.py
[2026-04-14T21:02:34.789+0000] {logging_mixin.py:188} INFO - [2026-04-14T21:02:34.789+0000] {dag.py:3036} INFO - Sync 1 DAGs
[2026-04-14T21:02:35.091+0000] {logging_mixin.py:188} INFO - [2026-04-14T21:02:35.090+0000] {dag.py:3823} INFO - Setting next_dagrun for example_branch_dop_operator_v3 to 2026-04-14 21:01:00+00:00, run_after=2026-04-14 21:02:00+00:00
[2026-04-14T21:02:35.162+0000] {processor.py:183} INFO - Processing /home/airflow/.local/lib/python3.8/site-packages/airflow/example_dags/example_branch_python_dop_operator_3.py took 0.441 seconds
[2026-04-14T21:03:07.313+0000] {processor.py:161} INFO - Started process (PID=8859) to work on /home/airflow/.local/lib/python3.8/site-packages/airflow/example_dags/example_branch_python_dop_operator_3.py
[2026-04-14T21:03:07.315+0000] {processor.py:830} INFO - Processing file /home/airflow/.local/lib/python3.8/site-packages/airflow/example_dags/example_branch_python_dop_operator_3.py for tasks to queue
[2026-04-14T21:03:07.317+0000] {logging_mixin.py:188} INFO - [2026-04-14T21:03:07.317+0000] {dagbag.py:538} INFO - Filling up the DagBag from /home/airflow/.local/lib/python3.8/site-packages/airflow/example_dags/example_branch_python_dop_operator_3.py
[2026-04-14T21:03:07.326+0000] {processor.py:840} INFO - DAG(s) 'example_branch_dop_operator_v3' retrieved from /home/airflow/.local/lib/python3.8/site-packages/airflow/example_dags/example_branch_python_dop_operator_3.py
[2026-04-14T21:03:07.348+0000] {logging_mixin.py:188} INFO - [2026-04-14T21:03:07.347+0000] {dag.py:3036} INFO - Sync 1 DAGs
[2026-04-14T21:03:07.371+0000] {logging_mixin.py:188} INFO - [2026-04-14T21:03:07.371+0000] {dag.py:3823} INFO - Setting next_dagrun for example_branch_dop_operator_v3 to 2026-04-14 21:02:00+00:00, run_after=2026-04-14 21:03:00+00:00
[2026-04-14T21:03:09.062+0000] {processor.py:183} INFO - Processing /home/airflow/.local/lib/python3.8/site-packages/airflow/example_dags/example_branch_python_dop_operator_3.py took 1.752 seconds
[2026-04-14T21:03:39.942+0000] {processor.py:161} INFO - Started process (PID=8916) to work on /home/airflow/.local/lib/python3.8/site-packages/airflow/example_dags/example_branch_python_dop_operator_3.py
[2026-04-14T21:03:39.943+0000] {processor.py:830} INFO - Processing file /home/airflow/.local/lib/python3.8/site-packages/airflow/example_dags/example_branch_python_dop_operator_3.py for tasks to queue
[2026-04-14T21:03:39.945+0000] {logging_mixin.py:188} INFO - [2026-04-14T21:03:39.945+0000] {dagbag.py:538} INFO - Filling up the DagBag from /home/airflow/.local/lib/python3.8/site-packages/airflow/example_dags/example_branch_python_dop_operator_3.py
[2026-04-14T21:03:39.958+0000] {processor.py:840} INFO - DAG(s) 'example_branch_dop_operator_v3' retrieved from /home/airflow/.local/lib/python3.8/site-packages/airflow/example_dags/example_branch_python_dop_operator_3.py
[2026-04-14T21:03:39.985+0000] {logging_mixin.py:188} INFO - [2026-04-14T21:03:39.985+0000] {dag.py:3036} INFO - Sync 1 DAGs
[2026-04-14T21:03:40.020+0000] {logging_mixin.py:188} INFO - [2026-04-14T21:03:40.020+0000] {dag.py:3823} INFO - Setting next_dagrun for example_branch_dop_operator_v3 to 2026-04-14 21:02:00+00:00, run_after=2026-04-14 21:03:00+00:00
[2026-04-14T21:03:40.046+0000] {processor.py:183} INFO - Processing /home/airflow/.local/lib/python3.8/site-packages/airflow/example_dags/example_branch_python_dop_operator_3.py took 0.108 seconds
[2026-04-14T21:04:10.458+0000] {processor.py:161} INFO - Started process (PID=8973) to work on /home/airflow/.local/lib/python3.8/site-packages/airflow/example_dags/example_branch_python_dop_operator_3.py
[2026-04-14T21:04:10.460+0000] {processor.py:830} INFO - Processing file /home/airflow/.local/lib/python3.8/site-packages/airflow/example_dags/example_branch_python_dop_operator_3.py for tasks to queue
[2026-04-14T21:04:10.463+0000] {logging_mixin.py:188} INFO - [2026-04-14T21:04:10.463+0000] {dagbag.py:538} INFO - Filling up the DagBag from /home/airflow/.local/lib/python3.8/site-packages/airflow/example_dags/example_branch_python_dop_operator_3.py
[2026-04-14T21:04:10.477+0000] {processor.py:840} INFO - DAG(s) 'example_branch_dop_operator_v3' retrieved from /home/airflow/.local/lib/python3.8/site-packages/airflow/example_dags/example_branch_python_dop_operator_3.py
[2026-04-14T21:04:10.509+0000] {logging_mixin.py:188} INFO - [2026-04-14T21:04:10.509+0000] {dag.py:3036} INFO - Sync 1 DAGs
[2026-04-14T21:04:10.547+0000] {logging_mixin.py:188} INFO - [2026-04-14T21:04:10.547+0000] {dag.py:3823} INFO - Setting next_dagrun for example_branch_dop_operator_v3 to 2026-04-14 21:03:00+00:00, run_after=2026-04-14 21:04:00+00:00
[2026-04-14T21:04:10.575+0000] {processor.py:183} INFO - Processing /home/airflow/.local/lib/python3.8/site-packages/airflow/example_dags/example_branch_python_dop_operator_3.py took 0.120 seconds
[2026-04-14T21:04:40.799+0000] {processor.py:161} INFO - Started process (PID=9030) to work on /home/airflow/.local/lib/python3.8/site-packages/airflow/example_dags/example_branch_python_dop_operator_3.py
[2026-04-14T21:04:40.800+0000] {processor.py:830} INFO - Processing file /home/airflow/.local/lib/python3.8/site-packages/airflow/example_dags/example_branch_python_dop_operator_3.py for tasks to queue
[2026-04-14T21:04:40.802+0000] {logging_mixin.py:188} INFO - [2026-04-14T21:04:40.802+0000] {dagbag.py:538} INFO - Filling up the DagBag from /home/airflow/.local/lib/python3.8/site-packages/airflow/example_dags/example_branch_python_dop_operator_3.py
[2026-04-14T21:04:40.810+0000] {processor.py:840} INFO - DAG(s) 'example_branch_dop_operator_v3' retrieved from /home/airflow/.local/lib/python3.8/site-packages/airflow/example_dags/example_branch_python_dop_operator_3.py
[2026-04-14T21:04:40.833+0000] {logging_mixin.py:188} INFO - [2026-04-14T21:04:40.833+0000] {dag.py:3036} INFO - Sync 1 DAGs
[2026-04-14T21:04:40.860+0000] {logging_mixin.py:188} INFO - [2026-04-14T21:04:40.860+0000] {dag.py:3823} INFO - Setting next_dagrun for example_branch_dop_operator_v3 to 2026-04-14 21:03:00+00:00, run_after=2026-04-14 21:04:00+00:00
[2026-04-14T21:04:40.883+0000] {processor.py:183} INFO - Processing /home/airflow/.local/lib/python3.8/site-packages/airflow/example_dags/example_branch_python_dop_operator_3.py took 0.088 seconds
[2026-04-14T21:05:11.040+0000] {processor.py:161} INFO - Started process (PID=9087) to work on /home/airflow/.local/lib/python3.8/site-packages/airflow/example_dags/example_branch_python_dop_operator_3.py
[2026-04-14T21:05:11.041+0000] {processor.py:830} INFO - Processing file /home/airflow/.local/lib/python3.8/site-packages/airflow/example_dags/example_branch_python_dop_operator_3.py for tasks to queue
[2026-04-14T21:05:11.043+0000] {logging_mixin.py:188} INFO - [2026-04-14T21:05:11.043+0000] {dagbag.py:538} INFO - Filling up the DagBag from /home/airflow/.local/lib/python3.8/site-packages/airflow/example_dags/example_branch_python_dop_operator_3.py
[2026-04-14T21:05:11.055+0000] {processor.py:840} INFO - DAG(s) 'example_branch_dop_operator_v3' retrieved from /home/airflow/.local/lib/python3.8/site-packages/airflow/example_dags/example_branch_python_dop_operator_3.py
[2026-04-14T21:05:11.082+0000] {logging_mixin.py:188} INFO - [2026-04-14T21:05:11.081+0000] {dag.py:3036} INFO - Sync 1 DAGs
[2026-04-14T21:05:11.120+0000] {logging_mixin.py:188} INFO - [2026-04-14T21:05:11.120+0000] {dag.py:3823} INFO - Setting next_dagrun for example_branch_dop_operator_v3 to 2026-04-14 21:04:00+00:00, run_after=2026-04-14 21:05:00+00:00
[2026-04-14T21:05:11.145+0000] {processor.py:183} INFO - Processing /home/airflow/.local/lib/python3.8/site-packages/airflow/example_dags/example_branch_python_dop_operator_3.py took 0.108 seconds
[2026-04-14T21:05:41.574+0000] {processor.py:161} INFO - Started process (PID=9144) to work on /home/airflow/.local/lib/python3.8/site-packages/airflow/example_dags/example_branch_python_dop_operator_3.py
[2026-04-14T21:05:41.576+0000] {processor.py:830} INFO - Processing file /home/airflow/.local/lib/python3.8/site-packages/airflow/example_dags/example_branch_python_dop_operator_3.py for tasks to queue
[2026-04-14T21:05:41.582+0000] {logging_mixin.py:188} INFO - [2026-04-14T21:05:41.581+0000] {dagbag.py:538} INFO - Filling up the DagBag from /home/airflow/.local/lib/python3.8/site-packages/airflow/example_dags/example_branch_python_dop_operator_3.py
[2026-04-14T21:05:41.604+0000] {processor.py:840} INFO - DAG(s) 'example_branch_dop_operator_v3' retrieved from /home/airflow/.local/lib/python3.8/site-packages/airflow/example_dags/example_branch_python_dop_operator_3.py
[2026-04-14T21:05:41.649+0000] {logging_mixin.py:188} INFO - [2026-04-14T21:05:41.649+0000] {dag.py:3036} INFO - Sync 1 DAGs
[2026-04-14T21:05:41.725+0000] {logging_mixin.py:188} INFO - [2026-04-14T21:05:41.724+0000] {dag.py:3823} INFO - Setting next_dagrun for example_branch_dop_operator_v3 to 2026-04-14 21:04:00+00:00, run_after=2026-04-14 21:05:00+00:00
[2026-04-14T21:05:41.779+0000] {processor.py:183} INFO - Processing /home/airflow/.local/lib/python3.8/site-packages/airflow/example_dags/example_branch_python_dop_operator_3.py took 0.210 seconds
[2026-04-14T21:06:12.244+0000] {processor.py:161} INFO - Started process (PID=9201) to work on /home/airflow/.local/lib/python3.8/site-packages/airflow/example_dags/example_branch_python_dop_operator_3.py
[2026-04-14T21:06:12.247+0000] {processor.py:830} INFO - Processing file /home/airflow/.local/lib/python3.8/site-packages/airflow/example_dags/example_branch_python_dop_operator_3.py for tasks to queue
[2026-04-14T21:06:12.250+0000] {logging_mixin.py:188} INFO - [2026-04-14T21:06:12.250+0000] {dagbag.py:538} INFO - Filling up the DagBag from /home/airflow/.local/lib/python3.8/site-packages/airflow/example_dags/example_branch_python_dop_operator_3.py
[2026-04-14T21:06:12.264+0000] {processor.py:840} INFO - DAG(s) 'example_branch_dop_operator_v3' retrieved from /home/airflow/.local/lib/python3.8/site-packages/airflow/example_dags/example_branch_python_dop_operator_3.py
[2026-04-14T21:06:12.288+0000] {logging_mixin.py:188} INFO - [2026-04-14T21:06:12.288+0000] {dag.py:3036} INFO - Sync 1 DAGs
[2026-04-14T21:06:12.324+0000] {logging_mixin.py:188} INFO - [2026-04-14T21:06:12.324+0000] {dag.py:3823} INFO - Setting next_dagrun for example_branch_dop_operator_v3 to 2026-04-14 21:05:00+00:00, run_after=2026-04-14 21:06:00+00:00
[2026-04-14T21:06:12.353+0000] {processor.py:183} INFO - Processing /home/airflow/.local/lib/python3.8/site-packages/airflow/example_dags/example_branch_python_dop_operator_3.py took 0.114 seconds
[2026-04-14T21:06:42.475+0000] {processor.py:161} INFO - Started process (PID=9258) to work on /home/airflow/.local/lib/python3.8/site-packages/airflow/example_dags/example_branch_python_dop_operator_3.py
[2026-04-14T21:06:42.478+0000] {processor.py:830} INFO - Processing file /home/airflow/.local/lib/python3.8/site-packages/airflow/example_dags/example_branch_python_dop_operator_3.py for tasks to queue
[2026-04-14T21:06:42.481+0000] {logging_mixin.py:188} INFO - [2026-04-14T21:06:42.481+0000] {dagbag.py:538} INFO - Filling up the DagBag from /home/airflow/.local/lib/python3.8/site-packages/airflow/example_dags/example_branch_python_dop_operator_3.py
[2026-04-14T21:06:42.490+0000] {processor.py:840} INFO - DAG(s) 'example_branch_dop_operator_v3' retrieved from /home/airflow/.local/lib/python3.8/site-packages/airflow/example_dags/example_branch_python_dop_operator_3.py
[2026-04-14T21:06:42.519+0000] {logging_mixin.py:188} INFO - [2026-04-14T21:06:42.519+0000] {dag.py:3036} INFO - Sync 1 DAGs
[2026-04-14T21:06:42.552+0000] {logging_mixin.py:188} INFO - [2026-04-14T21:06:42.552+0000] {dag.py:3823} INFO - Setting next_dagrun for example_branch_dop_operator_v3 to 2026-04-14 21:05:00+00:00, run_after=2026-04-14 21:06:00+00:00
[2026-04-14T21:06:42.579+0000] {processor.py:183} INFO - Processing /home/airflow/.local/lib/python3.8/site-packages/airflow/example_dags/example_branch_python_dop_operator_3.py took 0.108 seconds
[2026-04-14T21:07:12.680+0000] {processor.py:161} INFO - Started process (PID=9315) to work on /home/airflow/.local/lib/python3.8/site-packages/airflow/example_dags/example_branch_python_dop_operator_3.py
[2026-04-14T21:07:12.681+0000] {processor.py:830} INFO - Processing file /home/airflow/.local/lib/python3.8/site-packages/airflow/example_dags/example_branch_python_dop_operator_3.py for tasks to queue
[2026-04-14T21:07:12.684+0000] {logging_mixin.py:188} INFO - [2026-04-14T21:07:12.683+0000] {dagbag.py:538} INFO - Filling up the DagBag from /home/airflow/.local/lib/python3.8/site-packages/airflow/example_dags/example_branch_python_dop_operator_3.py
[2026-04-14T21:07:12.695+0000] {processor.py:840} INFO - DAG(s) 'example_branch_dop_operator_v3' retrieved from /home/airflow/.local/lib/python3.8/site-packages/airflow/example_dags/example_branch_python_dop_operator_3.py
[2026-04-14T21:07:12.722+0000] {logging_mixin.py:188} INFO - [2026-04-14T21:07:12.722+0000] {dag.py:3036} INFO - Sync 1 DAGs
[2026-04-14T21:07:12.753+0000] {logging_mixin.py:188} INFO - [2026-04-14T21:07:12.753+0000] {dag.py:3823} INFO - Setting next_dagrun for example_branch_dop_operator_v3 to 2026-04-14 21:06:00+00:00, run_after=2026-04-14 21:07:00+00:00
[2026-04-14T21:07:12.779+0000] {processor.py:183} INFO - Processing /home/airflow/.local/lib/python3.8/site-packages/airflow/example_dags/example_branch_python_dop_operator_3.py took 0.103 seconds
[2026-04-14T21:07:43.070+0000] {processor.py:161} INFO - Started process (PID=9372) to work on /home/airflow/.local/lib/python3.8/site-packages/airflow/example_dags/example_branch_python_dop_operator_3.py
[2026-04-14T21:07:43.073+0000] {processor.py:830} INFO - Processing file /home/airflow/.local/lib/python3.8/site-packages/airflow/example_dags/example_branch_python_dop_operator_3.py for tasks to queue
[2026-04-14T21:07:43.077+0000] {logging_mixin.py:188} INFO - [2026-04-14T21:07:43.076+0000] {dagbag.py:538} INFO - Filling up the DagBag from /home/airflow/.local/lib/python3.8/site-packages/airflow/example_dags/example_branch_python_dop_operator_3.py
[2026-04-14T21:07:43.095+0000] {processor.py:840} INFO - DAG(s) 'example_branch_dop_operator_v3' retrieved from /home/airflow/.local/lib/python3.8/site-packages/airflow/example_dags/example_branch_python_dop_operator_3.py
[2026-04-14T21:07:43.135+0000] {logging_mixin.py:188} INFO - [2026-04-14T21:07:43.134+0000] {dag.py:3036} INFO - Sync 1 DAGs
[2026-04-14T21:07:43.188+0000] {logging_mixin.py:188} INFO - [2026-04-14T21:07:43.188+0000] {dag.py:3823} INFO - Setting next_dagrun for example_branch_dop_operator_v3 to 2026-04-14 21:06:00+00:00, run_after=2026-04-14 21:07:00+00:00
[2026-04-14T21:07:43.208+0000] {processor.py:183} INFO - Processing /home/airflow/.local/lib/python3.8/site-packages/airflow/example_dags/example_branch_python_dop_operator_3.py took 0.143 seconds
[2026-04-14T21:08:13.435+0000] {processor.py:161} INFO - Started process (PID=9429) to work on /home/airflow/.local/lib/python3.8/site-packages/airflow/example_dags/example_branch_python_dop_operator_3.py
[2026-04-14T21:08:13.437+0000] {processor.py:830} INFO - Processing file /home/airflow/.local/lib/python3.8/site-packages/airflow/example_dags/example_branch_python_dop_operator_3.py for tasks to queue
[2026-04-14T21:08:13.440+0000] {logging_mixin.py:188} INFO - [2026-04-14T21:08:13.439+0000] {dagbag.py:538} INFO - Filling up the DagBag from /home/airflow/.local/lib/python3.8/site-packages/airflow/example_dags/example_branch_python_dop_operator_3.py
[2026-04-14T21:08:13.461+0000] {processor.py:840} INFO - DAG(s) 'example_branch_dop_operator_v3' retrieved from /home/airflow/.local/lib/python3.8/site-packages/airflow/example_dags/example_branch_python_dop_operator_3.py
[2026-04-14T21:08:13.495+0000] {logging_mixin.py:188} INFO - [2026-04-14T21:08:13.494+0000] {dag.py:3036} INFO - Sync 1 DAGs
[2026-04-14T21:08:13.537+0000] {logging_mixin.py:188} INFO - [2026-04-14T21:08:13.537+0000] {dag.py:3823} INFO - Setting next_dagrun for example_branch_dop_operator_v3 to 2026-04-14 21:07:00+00:00, run_after=2026-04-14 21:08:00+00:00
[2026-04-14T21:08:13.577+0000] {processor.py:183} INFO - Processing /home/airflow/.local/lib/python3.8/site-packages/airflow/example_dags/example_branch_python_dop_operator_3.py took 0.147 seconds
[2026-04-14T21:08:43.744+0000] {processor.py:161} INFO - Started process (PID=9486) to work on /home/airflow/.local/lib/python3.8/site-packages/airflow/example_dags/example_branch_python_dop_operator_3.py
[2026-04-14T21:08:43.746+0000] {processor.py:830} INFO - Processing file /home/airflow/.local/lib/python3.8/site-packages/airflow/example_dags/example_branch_python_dop_operator_3.py for tasks to queue
[2026-04-14T21:08:43.750+0000] {logging_mixin.py:188} INFO - [2026-04-14T21:08:43.749+0000] {dagbag.py:538} INFO - Filling up the DagBag from /home/airflow/.local/lib/python3.8/site-packages/airflow/example_dags/example_branch_python_dop_operator_3.py
[2026-04-14T21:08:43.762+0000] {processor.py:840} INFO - DAG(s) 'example_branch_dop_operator_v3' retrieved from /home/airflow/.local/lib/python3.8/site-packages/airflow/example_dags/example_branch_python_dop_operator_3.py
[2026-04-14T21:08:43.789+0000] {logging_mixin.py:188} INFO - [2026-04-14T21:08:43.789+0000] {dag.py:3036} INFO - Sync 1 DAGs
[2026-04-14T21:08:43.823+0000] {logging_mixin.py:188} INFO - [2026-04-14T21:08:43.823+0000] {dag.py:3823} INFO - Setting next_dagrun for example_branch_dop_operator_v3 to 2026-04-14 21:07:00+00:00, run_after=2026-04-14 21:08:00+00:00
[2026-04-14T21:08:43.849+0000] {processor.py:183} INFO - Processing /home/airflow/.local/lib/python3.8/site-packages/airflow/example_dags/example_branch_python_dop_operator_3.py took 0.112 seconds
[2026-04-14T21:09:13.968+0000] {processor.py:161} INFO - Started process (PID=9543) to work on /home/airflow/.local/lib/python3.8/site-packages/airflow/example_dags/example_branch_python_dop_operator_3.py
[2026-04-14T21:09:13.969+0000] {processor.py:830} INFO - Processing file /home/airflow/.local/lib/python3.8/site-packages/airflow/example_dags/example_branch_python_dop_operator_3.py for tasks to queue
[2026-04-14T21:09:13.971+0000] {logging_mixin.py:188} INFO - [2026-04-14T21:09:13.971+0000] {dagbag.py:538} INFO - Filling up the DagBag from /home/airflow/.local/lib/python3.8/site-packages/airflow/example_dags/example_branch_python_dop_operator_3.py
[2026-04-14T21:09:13.981+0000] {processor.py:840} INFO - DAG(s) 'example_branch_dop_operator_v3' retrieved from /home/airflow/.local/lib/python3.8/site-packages/airflow/example_dags/example_branch_python_dop_operator_3.py
[2026-04-14T21:09:14.006+0000] {logging_mixin.py:188} INFO - [2026-04-14T21:09:14.006+0000] {dag.py:3036} INFO - Sync 1 DAGs
[2026-04-14T21:09:14.032+0000] {logging_mixin.py:188} INFO - [2026-04-14T21:09:14.032+0000] {dag.py:3823} INFO - Setting next_dagrun for example_branch_dop_operator_v3 to 2026-04-14 21:08:00+00:00, run_after=2026-04-14 21:09:00+00:00
[2026-04-14T21:09:14.058+0000] {processor.py:183} INFO - Processing /home/airflow/.local/lib/python3.8/site-packages/airflow/example_dags/example_branch_python_dop_operator_3.py took 0.094 seconds
[2026-04-14T21:09:44.500+0000] {processor.py:161} INFO - Started process (PID=9600) to work on /home/airflow/.local/lib/python3.8/site-packages/airflow/example_dags/example_branch_python_dop_operator_3.py
[2026-04-14T21:09:44.503+0000] {processor.py:830} INFO - Processing file /home/airflow/.local/lib/python3.8/site-packages/airflow/example_dags/example_branch_python_dop_operator_3.py for tasks to queue
[2026-04-14T21:09:44.507+0000] {logging_mixin.py:188} INFO - [2026-04-14T21:09:44.506+0000] {dagbag.py:538} INFO - Filling up the DagBag from /home/airflow/.local/lib/python3.8/site-packages/airflow/example_dags/example_branch_python_dop_operator_3.py
[2026-04-14T21:09:44.523+0000] {processor.py:840} INFO - DAG(s) 'example_branch_dop_operator_v3' retrieved from /home/airflow/.local/lib/python3.8/site-packages/airflow/example_dags/example_branch_python_dop_operator_3.py
[2026-04-14T21:09:44.554+0000] {logging_mixin.py:188} INFO - [2026-04-14T21:09:44.554+0000] {dag.py:3036} INFO - Sync 1 DAGs
[2026-04-14T21:09:44.600+0000] {logging_mixin.py:188} INFO - [2026-04-14T21:09:44.600+0000] {dag.py:3823} INFO - Setting next_dagrun for example_branch_dop_operator_v3 to 2026-04-14 21:08:00+00:00, run_after=2026-04-14 21:09:00+00:00
[2026-04-14T21:09:44.632+0000] {processor.py:183} INFO - Processing /home/airflow/.local/lib/python3.8/site-packages/airflow/example_dags/example_branch_python_dop_operator_3.py took 0.138 seconds
[2026-04-14T21:10:15.287+0000] {processor.py:161} INFO - Started process (PID=9657) to work on /home/airflow/.local/lib/python3.8/site-packages/airflow/example_dags/example_branch_python_dop_operator_3.py
[2026-04-14T21:10:15.288+0000] {processor.py:830} INFO - Processing file /home/airflow/.local/lib/python3.8/site-packages/airflow/example_dags/example_branch_python_dop_operator_3.py for tasks to queue
[2026-04-14T21:10:15.291+0000] {logging_mixin.py:188} INFO - [2026-04-14T21:10:15.290+0000] {dagbag.py:538} INFO - Filling up the DagBag from /home/airflow/.local/lib/python3.8/site-packages/airflow/example_dags/example_branch_python_dop_operator_3.py
[2026-04-14T21:10:15.300+0000] {processor.py:840} INFO - DAG(s) 'example_branch_dop_operator_v3' retrieved from /home/airflow/.local/lib/python3.8/site-packages/airflow/example_dags/example_branch_python_dop_operator_3.py
[2026-04-14T21:10:15.325+0000] {logging_mixin.py:188} INFO - [2026-04-14T21:10:15.325+0000] {dag.py:3036} INFO - Sync 1 DAGs
[2026-04-14T21:10:15.353+0000] {logging_mixin.py:188} INFO - [2026-04-14T21:10:15.352+0000] {dag.py:3823} INFO - Setting next_dagrun for example_branch_dop_operator_v3 to 2026-04-14 21:09:00+00:00, run_after=2026-04-14 21:10:00+00:00
[2026-04-14T21:10:15.384+0000] {processor.py:183} INFO - Processing /home/airflow/.local/lib/python3.8/site-packages/airflow/example_dags/example_branch_python_dop_operator_3.py took 0.100 seconds
[2026-04-14T21:10:45.694+0000] {processor.py:161} INFO - Started process (PID=9714) to work on /home/airflow/.local/lib/python3.8/site-packages/airflow/example_dags/example_branch_python_dop_operator_3.py
[2026-04-14T21:10:45.696+0000] {processor.py:830} INFO - Processing file /home/airflow/.local/lib/python3.8/site-packages/airflow/example_dags/example_branch_python_dop_operator_3.py for tasks to queue
[2026-04-14T21:10:45.698+0000] {logging_mixin.py:188} INFO - [2026-04-14T21:10:45.698+0000] {dagbag.py:538} INFO - Filling up the DagBag from /home/airflow/.local/lib/python3.8/site-packages/airflow/example_dags/example_branch_python_dop_operator_3.py
[2026-04-14T21:10:45.706+0000] {processor.py:840} INFO - DAG(s) 'example_branch_dop_operator_v3' retrieved from /home/airflow/.local/lib/python3.8/site-packages/airflow/example_dags/example_branch_python_dop_operator_3.py
[2026-04-14T21:10:45.730+0000] {logging_mixin.py:188} INFO - [2026-04-14T21:10:45.730+0000] {dag.py:3036} INFO - Sync 1 DAGs
[2026-04-14T21:10:45.754+0000] {logging_mixin.py:188} INFO - [2026-04-14T21:10:45.754+0000] {dag.py:3823} INFO - Setting next_dagrun for example_branch_dop_operator_v3 to 2026-04-14 21:09:00+00:00, run_after=2026-04-14 21:10:00+00:00
[2026-04-14T21:10:45.777+0000] {processor.py:183} INFO - Processing /home/airflow/.local/lib/python3.8/site-packages/airflow/example_dags/example_branch_python_dop_operator_3.py took 0.087 seconds
[2026-04-14T21:11:16.741+0000] {processor.py:161} INFO - Started process (PID=9772) to work on /home/airflow/.local/lib/python3.8/site-packages/airflow/example_dags/example_branch_python_dop_operator_3.py
[2026-04-14T21:11:16.743+0000] {processor.py:830} INFO - Processing file /home/airflow/.local/lib/python3.8/site-packages/airflow/example_dags/example_branch_python_dop_operator_3.py for tasks to queue
[2026-04-14T21:11:16.745+0000] {logging_mixin.py:188} INFO - [2026-04-14T21:11:16.745+0000] {dagbag.py:538} INFO - Filling up the DagBag from /home/airflow/.local/lib/python3.8/site-packages/airflow/example_dags/example_branch_python_dop_operator_3.py
[2026-04-14T21:11:16.758+0000] {processor.py:840} INFO - DAG(s) 'example_branch_dop_operator_v3' retrieved from /home/airflow/.local/lib/python3.8/site-packages/airflow/example_dags/example_branch_python_dop_operator_3.py
[2026-04-14T21:11:16.786+0000] {logging_mixin.py:188} INFO - [2026-04-14T21:11:16.786+0000] {dag.py:3036} INFO - Sync 1 DAGs
[2026-04-14T21:11:16.820+0000] {logging_mixin.py:188} INFO - [2026-04-14T21:11:16.820+0000] {dag.py:3823} INFO - Setting next_dagrun for example_branch_dop_operator_v3 to 2026-04-14 21:10:00+00:00, run_after=2026-04-14 21:11:00+00:00
[2026-04-14T21:11:16.847+0000] {processor.py:183} INFO - Processing /home/airflow/.local/lib/python3.8/site-packages/airflow/example_dags/example_branch_python_dop_operator_3.py took 0.109 seconds
[2026-04-14T21:11:47.279+0000] {processor.py:161} INFO - Started process (PID=9829) to work on /home/airflow/.local/lib/python3.8/site-packages/airflow/example_dags/example_branch_python_dop_operator_3.py
[2026-04-14T21:11:47.280+0000] {processor.py:830} INFO - Processing file /home/airflow/.local/lib/python3.8/site-packages/airflow/example_dags/example_branch_python_dop_operator_3.py for tasks to queue
[2026-04-14T21:11:47.282+0000] {logging_mixin.py:188} INFO - [2026-04-14T21:11:47.282+0000] {dagbag.py:538} INFO - Filling up the DagBag from /home/airflow/.local/lib/python3.8/site-packages/airflow/example_dags/example_branch_python_dop_operator_3.py
[2026-04-14T21:11:47.294+0000] {processor.py:840} INFO - DAG(s) 'example_branch_dop_operator_v3' retrieved from /home/airflow/.local/lib/python3.8/site-packages/airflow/example_dags/example_branch_python_dop_operator_3.py
[2026-04-14T21:11:47.319+0000] {logging_mixin.py:188} INFO - [2026-04-14T21:11:47.318+0000] {dag.py:3036} INFO - Sync 1 DAGs
[2026-04-14T21:11:47.344+0000] {logging_mixin.py:188} INFO - [2026-04-14T21:11:47.344+0000] {dag.py:3823} INFO - Setting next_dagrun for example_branch_dop_operator_v3 to 2026-04-14 21:10:00+00:00, run_after=2026-04-14 21:11:00+00:00
[2026-04-14T21:11:47.372+0000] {processor.py:183} INFO - Processing /home/airflow/.local/lib/python3.8/site-packages/airflow/example_dags/example_branch_python_dop_operator_3.py took 0.097 seconds
[2026-04-14T21:12:17.947+0000] {processor.py:161} INFO - Started process (PID=9886) to work on /home/airflow/.local/lib/python3.8/site-packages/airflow/example_dags/example_branch_python_dop_operator_3.py
[2026-04-14T21:12:17.949+0000] {processor.py:830} INFO - Processing file /home/airflow/.local/lib/python3.8/site-packages/airflow/example_dags/example_branch_python_dop_operator_3.py for tasks to queue
[2026-04-14T21:12:17.955+0000] {logging_mixin.py:188} INFO - [2026-04-14T21:12:17.954+0000] {dagbag.py:538} INFO - Filling up the DagBag from /home/airflow/.local/lib/python3.8/site-packages/airflow/example_dags/example_branch_python_dop_operator_3.py
[2026-04-14T21:12:17.967+0000] {processor.py:840} INFO - DAG(s) 'example_branch_dop_operator_v3' retrieved from /home/airflow/.local/lib/python3.8/site-packages/airflow/example_dags/example_branch_python_dop_operator_3.py
[2026-04-14T21:12:17.997+0000] {logging_mixin.py:188} INFO - [2026-04-14T21:12:17.996+0000] {dag.py:3036} INFO - Sync 1 DAGs
[2026-04-14T21:12:18.029+0000] {logging_mixin.py:188} INFO - [2026-04-14T21:12:18.028+0000] {dag.py:3823} INFO - Setting next_dagrun for example_branch_dop_operator_v3 to 2026-04-14 21:11:00+00:00, run_after=2026-04-14 21:12:00+00:00
[2026-04-14T21:12:18.056+0000] {processor.py:183} INFO - Processing /home/airflow/.local/lib/python3.8/site-packages/airflow/example_dags/example_branch_python_dop_operator_3.py took 0.114 seconds
[2026-04-14T21:12:48.148+0000] {processor.py:161} INFO - Started process (PID=9943) to work on /home/airflow/.local/lib/python3.8/site-packages/airflow/example_dags/example_branch_python_dop_operator_3.py
[2026-04-14T21:12:48.149+0000] {processor.py:830} INFO - Processing file /home/airflow/.local/lib/python3.8/site-packages/airflow/example_dags/example_branch_python_dop_operator_3.py for tasks to queue
[2026-04-14T21:12:48.152+0000] {logging_mixin.py:188} INFO - [2026-04-14T21:12:48.151+0000] {dagbag.py:538} INFO - Filling up the DagBag from /home/airflow/.local/lib/python3.8/site-packages/airflow/example_dags/example_branch_python_dop_operator_3.py
[2026-04-14T21:12:48.164+0000] {processor.py:840} INFO - DAG(s) 'example_branch_dop_operator_v3' retrieved from /home/airflow/.local/lib/python3.8/site-packages/airflow/example_dags/example_branch_python_dop_operator_3.py
[2026-04-14T21:12:48.188+0000] {logging_mixin.py:188} INFO - [2026-04-14T21:12:48.188+0000] {dag.py:3036} INFO - Sync 1 DAGs
[2026-04-14T21:12:48.218+0000] {logging_mixin.py:188} INFO - [2026-04-14T21:12:48.218+0000] {dag.py:3823} INFO - Setting next_dagrun for example_branch_dop_operator_v3 to 2026-04-14 21:11:00+00:00, run_after=2026-04-14 21:12:00+00:00
[2026-04-14T21:12:48.266+0000] {processor.py:183} INFO - Processing /home/airflow/.local/lib/python3.8/site-packages/airflow/example_dags/example_branch_python_dop_operator_3.py took 0.124 seconds
[2026-04-14T21:13:18.384+0000] {processor.py:161} INFO - Started process (PID=10001) to work on /home/airflow/.local/lib/python3.8/site-packages/airflow/example_dags/example_branch_python_dop_operator_3.py
[2026-04-14T21:13:18.385+0000] {processor.py:830} INFO - Processing file /home/airflow/.local/lib/python3.8/site-packages/airflow/example_dags/example_branch_python_dop_operator_3.py for tasks to queue
[2026-04-14T21:13:18.389+0000] {logging_mixin.py:188} INFO - [2026-04-14T21:13:18.389+0000] {dagbag.py:538} INFO - Filling up the DagBag from /home/airflow/.local/lib/python3.8/site-packages/airflow/example_dags/example_branch_python_dop_operator_3.py
[2026-04-14T21:13:18.400+0000] {processor.py:840} INFO - DAG(s) 'example_branch_dop_operator_v3' retrieved from /home/airflow/.local/lib/python3.8/site-packages/airflow/example_dags/example_branch_python_dop_operator_3.py
[2026-04-14T21:13:18.425+0000] {logging_mixin.py:188} INFO - [2026-04-14T21:13:18.425+0000] {dag.py:3036} INFO - Sync 1 DAGs
[2026-04-14T21:13:18.455+0000] {logging_mixin.py:188} INFO - [2026-04-14T21:13:18.453+0000] {dag.py:3823} INFO - Setting next_dagrun for example_branch_dop_operator_v3 to 2026-04-14 21:12:00+00:00, run_after=2026-04-14 21:13:00+00:00
[2026-04-14T21:13:18.480+0000] {processor.py:183} INFO - Processing /home/airflow/.local/lib/python3.8/site-packages/airflow/example_dags/example_branch_python_dop_operator_3.py took 0.100 seconds
[2026-04-14T21:13:48.656+0000] {processor.py:161} INFO - Started process (PID=10057) to work on /home/airflow/.local/lib/python3.8/site-packages/airflow/example_dags/example_branch_python_dop_operator_3.py
[2026-04-14T21:13:48.658+0000] {processor.py:830} INFO - Processing file /home/airflow/.local/lib/python3.8/site-packages/airflow/example_dags/example_branch_python_dop_operator_3.py for tasks to queue
[2026-04-14T21:13:48.660+0000] {logging_mixin.py:188} INFO - [2026-04-14T21:13:48.660+0000] {dagbag.py:538} INFO - Filling up the DagBag from /home/airflow/.local/lib/python3.8/site-packages/airflow/example_dags/example_branch_python_dop_operator_3.py
[2026-04-14T21:13:48.669+0000] {processor.py:840} INFO - DAG(s) 'example_branch_dop_operator_v3' retrieved from /home/airflow/.local/lib/python3.8/site-packages/airflow/example_dags/example_branch_python_dop_operator_3.py
[2026-04-14T21:13:48.693+0000] {logging_mixin.py:188} INFO - [2026-04-14T21:13:48.693+0000] {dag.py:3036} INFO - Sync 1 DAGs
[2026-04-14T21:13:48.725+0000] {logging_mixin.py:188} INFO - [2026-04-14T21:13:48.725+0000] {dag.py:3823} INFO - Setting next_dagrun for example_branch_dop_operator_v3 to 2026-04-14 21:12:00+00:00, run_after=2026-04-14 21:13:00+00:00
[2026-04-14T21:13:48.750+0000] {processor.py:183} INFO - Processing /home/airflow/.local/lib/python3.8/site-packages/airflow/example_dags/example_branch_python_dop_operator_3.py took 0.098 seconds
[2026-04-14T21:14:18.899+0000] {processor.py:161} INFO - Started process (PID=10114) to work on /home/airflow/.local/lib/python3.8/site-packages/airflow/example_dags/example_branch_python_dop_operator_3.py
[2026-04-14T21:14:18.901+0000] {processor.py:830} INFO - Processing file /home/airflow/.local/lib/python3.8/site-packages/airflow/example_dags/example_branch_python_dop_operator_3.py for tasks to queue
[2026-04-14T21:14:18.903+0000] {logging_mixin.py:188} INFO - [2026-04-14T21:14:18.903+0000] {dagbag.py:538} INFO - Filling up the DagBag from /home/airflow/.local/lib/python3.8/site-packages/airflow/example_dags/example_branch_python_dop_operator_3.py
[2026-04-14T21:14:18.911+0000] {processor.py:840} INFO - DAG(s) 'example_branch_dop_operator_v3' retrieved from /home/airflow/.local/lib/python3.8/site-packages/airflow/example_dags/example_branch_python_dop_operator_3.py
[2026-04-14T21:14:18.935+0000] {logging_mixin.py:188} INFO - [2026-04-14T21:14:18.934+0000] {dag.py:3036} INFO - Sync 1 DAGs
[2026-04-14T21:14:18.959+0000] {logging_mixin.py:188} INFO - [2026-04-14T21:14:18.959+0000] {dag.py:3823} INFO - Setting next_dagrun for example_branch_dop_operator_v3 to 2026-04-14 21:13:00+00:00, run_after=2026-04-14 21:14:00+00:00
[2026-04-14T21:14:18.983+0000] {processor.py:183} INFO - Processing /home/airflow/.local/lib/python3.8/site-packages/airflow/example_dags/example_branch_python_dop_operator_3.py took 0.087 seconds
[2026-04-14T21:14:49.559+0000] {processor.py:161} INFO - Started process (PID=10171) to work on /home/airflow/.local/lib/python3.8/site-packages/airflow/example_dags/example_branch_python_dop_operator_3.py
[2026-04-14T21:14:49.560+0000] {processor.py:830} INFO - Processing file /home/airflow/.local/lib/python3.8/site-packages/airflow/example_dags/example_branch_python_dop_operator_3.py for tasks to queue
[2026-04-14T21:14:49.563+0000] {logging_mixin.py:188} INFO - [2026-04-14T21:14:49.563+0000] {dagbag.py:538} INFO - Filling up the DagBag from /home/airflow/.local/lib/python3.8/site-packages/airflow/example_dags/example_branch_python_dop_operator_3.py
[2026-04-14T21:14:49.574+0000] {processor.py:840} INFO - DAG(s) 'example_branch_dop_operator_v3' retrieved from /home/airflow/.local/lib/python3.8/site-packages/airflow/example_dags/example_branch_python_dop_operator_3.py
[2026-04-14T21:14:49.604+0000] {logging_mixin.py:188} INFO - [2026-04-14T21:14:49.603+0000] {dag.py:3036} INFO - Sync 1 DAGs
[2026-04-14T21:14:49.634+0000] {logging_mixin.py:188} INFO - [2026-04-14T21:14:49.633+0000] {dag.py:3823} INFO - Setting next_dagrun for example_branch_dop_operator_v3 to 2026-04-14 21:13:00+00:00, run_after=2026-04-14 21:14:00+00:00
[2026-04-14T21:14:49.663+0000] {processor.py:183} INFO - Processing /home/airflow/.local/lib/python3.8/site-packages/airflow/example_dags/example_branch_python_dop_operator_3.py took 0.110 seconds
[2026-04-14T21:15:20.478+0000] {processor.py:161} INFO - Started process (PID=10228) to work on /home/airflow/.local/lib/python3.8/site-packages/airflow/example_dags/example_branch_python_dop_operator_3.py
[2026-04-14T21:15:20.479+0000] {processor.py:830} INFO - Processing file /home/airflow/.local/lib/python3.8/site-packages/airflow/example_dags/example_branch_python_dop_operator_3.py for tasks to queue
[2026-04-14T21:15:20.482+0000] {logging_mixin.py:188} INFO - [2026-04-14T21:15:20.481+0000] {dagbag.py:538} INFO - Filling up the DagBag from /home/airflow/.local/lib/python3.8/site-packages/airflow/example_dags/example_branch_python_dop_operator_3.py
[2026-04-14T21:15:20.494+0000] {processor.py:840} INFO - DAG(s) 'example_branch_dop_operator_v3' retrieved from /home/airflow/.local/lib/python3.8/site-packages/airflow/example_dags/example_branch_python_dop_operator_3.py
[2026-04-14T21:15:20.523+0000] {logging_mixin.py:188} INFO - [2026-04-14T21:15:20.522+0000] {dag.py:3036} INFO - Sync 1 DAGs
[2026-04-14T21:15:20.555+0000] {logging_mixin.py:188} INFO - [2026-04-14T21:15:20.554+0000] {dag.py:3823} INFO - Setting next_dagrun for example_branch_dop_operator_v3 to 2026-04-14 21:14:00+00:00, run_after=2026-04-14 21:15:00+00:00
[2026-04-14T21:15:20.580+0000] {processor.py:183} INFO - Processing /home/airflow/.local/lib/python3.8/site-packages/airflow/example_dags/example_branch_python_dop_operator_3.py took 0.106 seconds
[2026-04-14T21:15:51.457+0000] {processor.py:161} INFO - Started process (PID=10285) to work on /home/airflow/.local/lib/python3.8/site-packages/airflow/example_dags/example_branch_python_dop_operator_3.py
[2026-04-14T21:15:51.459+0000] {processor.py:830} INFO - Processing file /home/airflow/.local/lib/python3.8/site-packages/airflow/example_dags/example_branch_python_dop_operator_3.py for tasks to queue
[2026-04-14T21:15:51.461+0000] {logging_mixin.py:188} INFO - [2026-04-14T21:15:51.461+0000] {dagbag.py:538} INFO - Filling up the DagBag from /home/airflow/.local/lib/python3.8/site-packages/airflow/example_dags/example_branch_python_dop_operator_3.py
[2026-04-14T21:15:51.472+0000] {processor.py:840} INFO - DAG(s) 'example_branch_dop_operator_v3' retrieved from /home/airflow/.local/lib/python3.8/site-packages/airflow/example_dags/example_branch_python_dop_operator_3.py
[2026-04-14T21:15:51.496+0000] {logging_mixin.py:188} INFO - [2026-04-14T21:15:51.496+0000] {dag.py:3036} INFO - Sync 1 DAGs
[2026-04-14T21:15:51.530+0000] {logging_mixin.py:188} INFO - [2026-04-14T21:15:51.530+0000] {dag.py:3823} INFO - Setting next_dagrun for example_branch_dop_operator_v3 to 2026-04-14 21:14:00+00:00, run_after=2026-04-14 21:15:00+00:00
[2026-04-14T21:15:51.561+0000] {processor.py:183} INFO - Processing /home/airflow/.local/lib/python3.8/site-packages/airflow/example_dags/example_branch_python_dop_operator_3.py took 0.112 seconds
[2026-04-14T21:16:21.808+0000] {processor.py:161} INFO - Started process (PID=10342) to work on /home/airflow/.local/lib/python3.8/site-packages/airflow/example_dags/example_branch_python_dop_operator_3.py
[2026-04-14T21:16:21.809+0000] {processor.py:830} INFO - Processing file /home/airflow/.local/lib/python3.8/site-packages/airflow/example_dags/example_branch_python_dop_operator_3.py for tasks to queue
[2026-04-14T21:16:21.812+0000] {logging_mixin.py:188} INFO - [2026-04-14T21:16:21.812+0000] {dagbag.py:538} INFO - Filling up the DagBag from /home/airflow/.local/lib/python3.8/site-packages/airflow/example_dags/example_branch_python_dop_operator_3.py
[2026-04-14T21:16:21.822+0000] {processor.py:840} INFO - DAG(s) 'example_branch_dop_operator_v3' retrieved from /home/airflow/.local/lib/python3.8/site-packages/airflow/example_dags/example_branch_python_dop_operator_3.py
[2026-04-14T21:16:21.848+0000] {logging_mixin.py:188} INFO - [2026-04-14T21:16:21.848+0000] {dag.py:3036} INFO - Sync 1 DAGs
[2026-04-14T21:16:21.883+0000] {logging_mixin.py:188} INFO - [2026-04-14T21:16:21.882+0000] {dag.py:3823} INFO - Setting next_dagrun for example_branch_dop_operator_v3 to 2026-04-14 21:15:00+00:00, run_after=2026-04-14 21:16:00+00:00
[2026-04-14T21:16:21.923+0000] {processor.py:183} INFO - Processing /home/airflow/.local/lib/python3.8/site-packages/airflow/example_dags/example_branch_python_dop_operator_3.py took 0.119 seconds
[2026-04-14T21:16:52.106+0000] {processor.py:161} INFO - Started process (PID=10399) to work on /home/airflow/.local/lib/python3.8/site-packages/airflow/example_dags/example_branch_python_dop_operator_3.py
[2026-04-14T21:16:52.107+0000] {processor.py:830} INFO - Processing file /home/airflow/.local/lib/python3.8/site-packages/airflow/example_dags/example_branch_python_dop_operator_3.py for tasks to queue
[2026-04-14T21:16:52.110+0000] {logging_mixin.py:188} INFO - [2026-04-14T21:16:52.109+0000] {dagbag.py:538} INFO - Filling up the DagBag from /home/airflow/.local/lib/python3.8/site-packages/airflow/example_dags/example_branch_python_dop_operator_3.py
[2026-04-14T21:16:52.119+0000] {processor.py:840} INFO - DAG(s) 'example_branch_dop_operator_v3' retrieved from /home/airflow/.local/lib/python3.8/site-packages/airflow/example_dags/example_branch_python_dop_operator_3.py
[2026-04-14T21:16:52.142+0000] {logging_mixin.py:188} INFO - [2026-04-14T21:16:52.142+0000] {dag.py:3036} INFO - Sync 1 DAGs
[2026-04-14T21:16:52.166+0000] {logging_mixin.py:188} INFO - [2026-04-14T21:16:52.166+0000] {dag.py:3823} INFO - Setting next_dagrun for example_branch_dop_operator_v3 to 2026-04-14 21:15:00+00:00, run_after=2026-04-14 21:16:00+00:00
[2026-04-14T21:16:52.194+0000] {processor.py:183} INFO - Processing /home/airflow/.local/lib/python3.8/site-packages/airflow/example_dags/example_branch_python_dop_operator_3.py took 0.092 seconds
[2026-04-14T21:17:22.446+0000] {processor.py:161} INFO - Started process (PID=10456) to work on /home/airflow/.local/lib/python3.8/site-packages/airflow/example_dags/example_branch_python_dop_operator_3.py
[2026-04-14T21:17:22.448+0000] {processor.py:830} INFO - Processing file /home/airflow/.local/lib/python3.8/site-packages/airflow/example_dags/example_branch_python_dop_operator_3.py for tasks to queue
[2026-04-14T21:17:22.451+0000] {logging_mixin.py:188} INFO - [2026-04-14T21:17:22.451+0000] {dagbag.py:538} INFO - Filling up the DagBag from /home/airflow/.local/lib/python3.8/site-packages/airflow/example_dags/example_branch_python_dop_operator_3.py
[2026-04-14T21:17:22.462+0000] {processor.py:840} INFO - DAG(s) 'example_branch_dop_operator_v3' retrieved from /home/airflow/.local/lib/python3.8/site-packages/airflow/example_dags/example_branch_python_dop_operator_3.py
[2026-04-14T21:17:22.488+0000] {logging_mixin.py:188} INFO - [2026-04-14T21:17:22.488+0000] {dag.py:3036} INFO - Sync 1 DAGs
[2026-04-14T21:17:22.513+0000] {logging_mixin.py:188} INFO - [2026-04-14T21:17:22.513+0000] {dag.py:3823} INFO - Setting next_dagrun for example_branch_dop_operator_v3 to 2026-04-14 21:16:00+00:00, run_after=2026-04-14 21:17:00+00:00
[2026-04-14T21:17:22.536+0000] {processor.py:183} INFO - Processing /home/airflow/.local/lib/python3.8/site-packages/airflow/example_dags/example_branch_python_dop_operator_3.py took 0.095 seconds
[2026-04-14T21:17:52.735+0000] {processor.py:161} INFO - Started process (PID=10513) to work on /home/airflow/.local/lib/python3.8/site-packages/airflow/example_dags/example_branch_python_dop_operator_3.py
[2026-04-14T21:17:52.736+0000] {processor.py:830} INFO - Processing file /home/airflow/.local/lib/python3.8/site-packages/airflow/example_dags/example_branch_python_dop_operator_3.py for tasks to queue
[2026-04-14T21:17:52.738+0000] {logging_mixin.py:188} INFO - [2026-04-14T21:17:52.738+0000] {dagbag.py:538} INFO - Filling up the DagBag from /home/airflow/.local/lib/python3.8/site-packages/airflow/example_dags/example_branch_python_dop_operator_3.py
[2026-04-14T21:17:52.747+0000] {processor.py:840} INFO - DAG(s) 'example_branch_dop_operator_v3' retrieved from /home/airflow/.local/lib/python3.8/site-packages/airflow/example_dags/example_branch_python_dop_operator_3.py
[2026-04-14T21:17:52.770+0000] {logging_mixin.py:188} INFO - [2026-04-14T21:17:52.770+0000] {dag.py:3036} INFO - Sync 1 DAGs
[2026-04-14T21:17:52.797+0000] {logging_mixin.py:188} INFO - [2026-04-14T21:17:52.796+0000] {dag.py:3823} INFO - Setting next_dagrun for example_branch_dop_operator_v3 to 2026-04-14 21:16:00+00:00, run_after=2026-04-14 21:17:00+00:00
[2026-04-14T21:17:52.820+0000] {processor.py:183} INFO - Processing /home/airflow/.local/lib/python3.8/site-packages/airflow/example_dags/example_branch_python_dop_operator_3.py took 0.089 seconds
[2026-04-14T21:18:23.153+0000] {processor.py:161} INFO - Started process (PID=10570) to work on /home/airflow/.local/lib/python3.8/site-packages/airflow/example_dags/example_branch_python_dop_operator_3.py
[2026-04-14T21:18:23.154+0000] {processor.py:830} INFO - Processing file /home/airflow/.local/lib/python3.8/site-packages/airflow/example_dags/example_branch_python_dop_operator_3.py for tasks to queue
[2026-04-14T21:18:23.157+0000] {logging_mixin.py:188} INFO - [2026-04-14T21:18:23.157+0000] {dagbag.py:538} INFO - Filling up the DagBag from /home/airflow/.local/lib/python3.8/site-packages/airflow/example_dags/example_branch_python_dop_operator_3.py
[2026-04-14T21:18:23.168+0000] {processor.py:840} INFO - DAG(s) 'example_branch_dop_operator_v3' retrieved from /home/airflow/.local/lib/python3.8/site-packages/airflow/example_dags/example_branch_python_dop_operator_3.py
[2026-04-14T21:18:23.193+0000] {logging_mixin.py:188} INFO - [2026-04-14T21:18:23.192+0000] {dag.py:3036} INFO - Sync 1 DAGs
[2026-04-14T21:18:23.221+0000] {logging_mixin.py:188} INFO - [2026-04-14T21:18:23.220+0000] {dag.py:3823} INFO - Setting next_dagrun for example_branch_dop_operator_v3 to 2026-04-14 21:17:00+00:00, run_after=2026-04-14 21:18:00+00:00
[2026-04-14T21:18:23.244+0000] {processor.py:183} INFO - Processing /home/airflow/.local/lib/python3.8/site-packages/airflow/example_dags/example_branch_python_dop_operator_3.py took 0.096 seconds
[2026-04-14T21:18:53.674+0000] {processor.py:161} INFO - Started process (PID=10627) to work on /home/airflow/.local/lib/python3.8/site-packages/airflow/example_dags/example_branch_python_dop_operator_3.py
[2026-04-14T21:18:53.677+0000] {processor.py:830} INFO - Processing file /home/airflow/.local/lib/python3.8/site-packages/airflow/example_dags/example_branch_python_dop_operator_3.py for tasks to queue
[2026-04-14T21:18:53.681+0000] {logging_mixin.py:188} INFO - [2026-04-14T21:18:53.680+0000] {dagbag.py:538} INFO - Filling up the DagBag from /home/airflow/.local/lib/python3.8/site-packages/airflow/example_dags/example_branch_python_dop_operator_3.py
[2026-04-14T21:18:53.694+0000] {processor.py:840} INFO - DAG(s) 'example_branch_dop_operator_v3' retrieved from /home/airflow/.local/lib/python3.8/site-packages/airflow/example_dags/example_branch_python_dop_operator_3.py
[2026-04-14T21:18:53.726+0000] {logging_mixin.py:188} INFO - [2026-04-14T21:18:53.726+0000] {dag.py:3036} INFO - Sync 1 DAGs
[2026-04-14T21:18:53.769+0000] {logging_mixin.py:188} INFO - [2026-04-14T21:18:53.769+0000] {dag.py:3823} INFO - Setting next_dagrun for example_branch_dop_operator_v3 to 2026-04-14 21:17:00+00:00, run_after=2026-04-14 21:18:00+00:00
[2026-04-14T21:18:53.802+0000] {processor.py:183} INFO - Processing /home/airflow/.local/lib/python3.8/site-packages/airflow/example_dags/example_branch_python_dop_operator_3.py took 0.134 seconds
[2026-04-14T21:19:24.010+0000] {processor.py:161} INFO - Started process (PID=10684) to work on /home/airflow/.local/lib/python3.8/site-packages/airflow/example_dags/example_branch_python_dop_operator_3.py
[2026-04-14T21:19:24.012+0000] {processor.py:830} INFO - Processing file /home/airflow/.local/lib/python3.8/site-packages/airflow/example_dags/example_branch_python_dop_operator_3.py for tasks to queue
[2026-04-14T21:19:24.014+0000] {logging_mixin.py:188} INFO - [2026-04-14T21:19:24.014+0000] {dagbag.py:538} INFO - Filling up the DagBag from /home/airflow/.local/lib/python3.8/site-packages/airflow/example_dags/example_branch_python_dop_operator_3.py
[2026-04-14T21:19:24.022+0000] {processor.py:840} INFO - DAG(s) 'example_branch_dop_operator_v3' retrieved from /home/airflow/.local/lib/python3.8/site-packages/airflow/example_dags/example_branch_python_dop_operator_3.py
[2026-04-14T21:19:24.046+0000] {logging_mixin.py:188} INFO - [2026-04-14T21:19:24.046+0000] {dag.py:3036} INFO - Sync 1 DAGs
[2026-04-14T21:19:24.073+0000] {logging_mixin.py:188} INFO - [2026-04-14T21:19:24.073+0000] {dag.py:3823} INFO - Setting next_dagrun for example_branch_dop_operator_v3 to 2026-04-14 21:18:00+00:00, run_after=2026-04-14 21:19:00+00:00
[2026-04-14T21:19:24.097+0000] {processor.py:183} INFO - Processing /home/airflow/.local/lib/python3.8/site-packages/airflow/example_dags/example_branch_python_dop_operator_3.py took 0.089 seconds
[2026-04-14T21:19:54.382+0000] {processor.py:161} INFO - Started process (PID=10741) to work on /home/airflow/.local/lib/python3.8/site-packages/airflow/example_dags/example_branch_python_dop_operator_3.py
[2026-04-14T21:19:54.384+0000] {processor.py:830} INFO - Processing file /home/airflow/.local/lib/python3.8/site-packages/airflow/example_dags/example_branch_python_dop_operator_3.py for tasks to queue
[2026-04-14T21:19:54.386+0000] {logging_mixin.py:188} INFO - [2026-04-14T21:19:54.386+0000] {dagbag.py:538} INFO - Filling up the DagBag from /home/airflow/.local/lib/python3.8/site-packages/airflow/example_dags/example_branch_python_dop_operator_3.py
[2026-04-14T21:19:54.399+0000] {processor.py:840} INFO - DAG(s) 'example_branch_dop_operator_v3' retrieved from /home/airflow/.local/lib/python3.8/site-packages/airflow/example_dags/example_branch_python_dop_operator_3.py
[2026-04-14T21:19:54.424+0000] {logging_mixin.py:188} INFO - [2026-04-14T21:19:54.424+0000] {dag.py:3036} INFO - Sync 1 DAGs
[2026-04-14T21:19:54.487+0000] {logging_mixin.py:188} INFO - [2026-04-14T21:19:54.487+0000] {dag.py:3823} INFO - Setting next_dagrun for example_branch_dop_operator_v3 to 2026-04-14 21:18:00+00:00, run_after=2026-04-14 21:19:00+00:00
[2026-04-14T21:19:54.519+0000] {processor.py:183} INFO - Processing /home/airflow/.local/lib/python3.8/site-packages/airflow/example_dags/example_branch_python_dop_operator_3.py took 0.143 seconds
[2026-04-14T21:20:24.660+0000] {processor.py:161} INFO - Started process (PID=10798) to work on /home/airflow/.local/lib/python3.8/site-packages/airflow/example_dags/example_branch_python_dop_operator_3.py
[2026-04-14T21:20:24.662+0000] {processor.py:830} INFO - Processing file /home/airflow/.local/lib/python3.8/site-packages/airflow/example_dags/example_branch_python_dop_operator_3.py for tasks to queue
[2026-04-14T21:20:24.670+0000] {logging_mixin.py:188} INFO - [2026-04-14T21:20:24.669+0000] {dagbag.py:538} INFO - Filling up the DagBag from /home/airflow/.local/lib/python3.8/site-packages/airflow/example_dags/example_branch_python_dop_operator_3.py
[2026-04-14T21:20:24.687+0000] {processor.py:840} INFO - DAG(s) 'example_branch_dop_operator_v3' retrieved from /home/airflow/.local/lib/python3.8/site-packages/airflow/example_dags/example_branch_python_dop_operator_3.py
[2026-04-14T21:20:24.727+0000] {logging_mixin.py:188} INFO - [2026-04-14T21:20:24.727+0000] {dag.py:3036} INFO - Sync 1 DAGs
[2026-04-14T21:20:24.777+0000] {logging_mixin.py:188} INFO - [2026-04-14T21:20:24.776+0000] {dag.py:3823} INFO - Setting next_dagrun for example_branch_dop_operator_v3 to 2026-04-14 21:19:00+00:00, run_after=2026-04-14 21:20:00+00:00
[2026-04-14T21:20:24.810+0000] {processor.py:183} INFO - Processing /home/airflow/.local/lib/python3.8/site-packages/airflow/example_dags/example_branch_python_dop_operator_3.py took 0.157 seconds
[2026-04-14T21:20:54.920+0000] {processor.py:161} INFO - Started process (PID=10855) to work on /home/airflow/.local/lib/python3.8/site-packages/airflow/example_dags/example_branch_python_dop_operator_3.py
[2026-04-14T21:20:54.921+0000] {processor.py:830} INFO - Processing file /home/airflow/.local/lib/python3.8/site-packages/airflow/example_dags/example_branch_python_dop_operator_3.py for tasks to queue
[2026-04-14T21:20:54.923+0000] {logging_mixin.py:188} INFO - [2026-04-14T21:20:54.923+0000] {dagbag.py:538} INFO - Filling up the DagBag from /home/airflow/.local/lib/python3.8/site-packages/airflow/example_dags/example_branch_python_dop_operator_3.py
[2026-04-14T21:20:54.932+0000] {processor.py:840} INFO - DAG(s) 'example_branch_dop_operator_v3' retrieved from /home/airflow/.local/lib/python3.8/site-packages/airflow/example_dags/example_branch_python_dop_operator_3.py
[2026-04-14T21:20:54.955+0000] {logging_mixin.py:188} INFO - [2026-04-14T21:20:54.955+0000] {dag.py:3036} INFO - Sync 1 DAGs
[2026-04-14T21:20:55.006+0000] {logging_mixin.py:188} INFO - [2026-04-14T21:20:55.006+0000] {dag.py:3823} INFO - Setting next_dagrun for example_branch_dop_operator_v3 to 2026-04-14 21:19:00+00:00, run_after=2026-04-14 21:20:00+00:00
[2026-04-14T21:20:55.039+0000] {processor.py:183} INFO - Processing /home/airflow/.local/lib/python3.8/site-packages/airflow/example_dags/example_branch_python_dop_operator_3.py took 0.123 seconds
[2026-04-14T21:21:25.399+0000] {processor.py:161} INFO - Started process (PID=10912) to work on /home/airflow/.local/lib/python3.8/site-packages/airflow/example_dags/example_branch_python_dop_operator_3.py
[2026-04-14T21:21:25.400+0000] {processor.py:830} INFO - Processing file /home/airflow/.local/lib/python3.8/site-packages/airflow/example_dags/example_branch_python_dop_operator_3.py for tasks to queue
[2026-04-14T21:21:25.402+0000] {logging_mixin.py:188} INFO - [2026-04-14T21:21:25.402+0000] {dagbag.py:538} INFO - Filling up the DagBag from /home/airflow/.local/lib/python3.8/site-packages/airflow/example_dags/example_branch_python_dop_operator_3.py
[2026-04-14T21:21:25.411+0000] {processor.py:840} INFO - DAG(s) 'example_branch_dop_operator_v3' retrieved from /home/airflow/.local/lib/python3.8/site-packages/airflow/example_dags/example_branch_python_dop_operator_3.py
[2026-04-14T21:21:25.437+0000] {logging_mixin.py:188} INFO - [2026-04-14T21:21:25.436+0000] {dag.py:3036} INFO - Sync 1 DAGs
[2026-04-14T21:21:25.466+0000] {logging_mixin.py:188} INFO - [2026-04-14T21:21:25.465+0000] {dag.py:3823} INFO - Setting next_dagrun for example_branch_dop_operator_v3 to 2026-04-14 21:20:00+00:00, run_after=2026-04-14 21:21:00+00:00
[2026-04-14T21:21:25.491+0000] {processor.py:183} INFO - Processing /home/airflow/.local/lib/python3.8/site-packages/airflow/example_dags/example_branch_python_dop_operator_3.py took 0.097 seconds
[2026-04-14T21:21:55.688+0000] {processor.py:161} INFO - Started process (PID=10969) to work on /home/airflow/.local/lib/python3.8/site-packages/airflow/example_dags/example_branch_python_dop_operator_3.py
[2026-04-14T21:21:55.690+0000] {processor.py:830} INFO - Processing file /home/airflow/.local/lib/python3.8/site-packages/airflow/example_dags/example_branch_python_dop_operator_3.py for tasks to queue
[2026-04-14T21:21:55.692+0000] {logging_mixin.py:188} INFO - [2026-04-14T21:21:55.692+0000] {dagbag.py:538} INFO - Filling up the DagBag from /home/airflow/.local/lib/python3.8/site-packages/airflow/example_dags/example_branch_python_dop_operator_3.py
[2026-04-14T21:21:55.705+0000] {processor.py:840} INFO - DAG(s) 'example_branch_dop_operator_v3' retrieved from /home/airflow/.local/lib/python3.8/site-packages/airflow/example_dags/example_branch_python_dop_operator_3.py
[2026-04-14T21:21:55.733+0000] {logging_mixin.py:188} INFO - [2026-04-14T21:21:55.733+0000] {dag.py:3036} INFO - Sync 1 DAGs
[2026-04-14T21:21:55.765+0000] {logging_mixin.py:188} INFO - [2026-04-14T21:21:55.765+0000] {dag.py:3823} INFO - Setting next_dagrun for example_branch_dop_operator_v3 to 2026-04-14 21:20:00+00:00, run_after=2026-04-14 21:21:00+00:00
[2026-04-14T21:21:55.796+0000] {processor.py:183} INFO - Processing /home/airflow/.local/lib/python3.8/site-packages/airflow/example_dags/example_branch_python_dop_operator_3.py took 0.112 seconds
[2026-04-14T21:22:25.976+0000] {processor.py:161} INFO - Started process (PID=11026) to work on /home/airflow/.local/lib/python3.8/site-packages/airflow/example_dags/example_branch_python_dop_operator_3.py
[2026-04-14T21:22:25.977+0000] {processor.py:830} INFO - Processing file /home/airflow/.local/lib/python3.8/site-packages/airflow/example_dags/example_branch_python_dop_operator_3.py for tasks to queue
[2026-04-14T21:22:25.980+0000] {logging_mixin.py:188} INFO - [2026-04-14T21:22:25.979+0000] {dagbag.py:538} INFO - Filling up the DagBag from /home/airflow/.local/lib/python3.8/site-packages/airflow/example_dags/example_branch_python_dop_operator_3.py
[2026-04-14T21:22:25.990+0000] {processor.py:840} INFO - DAG(s) 'example_branch_dop_operator_v3' retrieved from /home/airflow/.local/lib/python3.8/site-packages/airflow/example_dags/example_branch_python_dop_operator_3.py
[2026-04-14T21:22:26.017+0000] {logging_mixin.py:188} INFO - [2026-04-14T21:22:26.017+0000] {dag.py:3036} INFO - Sync 1 DAGs
[2026-04-14T21:22:26.047+0000] {logging_mixin.py:188} INFO - [2026-04-14T21:22:26.047+0000] {dag.py:3823} INFO - Setting next_dagrun for example_branch_dop_operator_v3 to 2026-04-14 21:21:00+00:00, run_after=2026-04-14 21:22:00+00:00
[2026-04-14T21:22:26.075+0000] {processor.py:183} INFO - Processing /home/airflow/.local/lib/python3.8/site-packages/airflow/example_dags/example_branch_python_dop_operator_3.py took 0.104 seconds
[2026-04-14T21:22:56.246+0000] {processor.py:161} INFO - Started process (PID=11083) to work on /home/airflow/.local/lib/python3.8/site-packages/airflow/example_dags/example_branch_python_dop_operator_3.py
[2026-04-14T21:22:56.247+0000] {processor.py:830} INFO - Processing file /home/airflow/.local/lib/python3.8/site-packages/airflow/example_dags/example_branch_python_dop_operator_3.py for tasks to queue
[2026-04-14T21:22:56.249+0000] {logging_mixin.py:188} INFO - [2026-04-14T21:22:56.249+0000] {dagbag.py:538} INFO - Filling up the DagBag from /home/airflow/.local/lib/python3.8/site-packages/airflow/example_dags/example_branch_python_dop_operator_3.py
[2026-04-14T21:22:56.258+0000] {processor.py:840} INFO - DAG(s) 'example_branch_dop_operator_v3' retrieved from /home/airflow/.local/lib/python3.8/site-packages/airflow/example_dags/example_branch_python_dop_operator_3.py
[2026-04-14T21:22:56.282+0000] {logging_mixin.py:188} INFO - [2026-04-14T21:22:56.282+0000] {dag.py:3036} INFO - Sync 1 DAGs
[2026-04-14T21:22:56.310+0000] {logging_mixin.py:188} INFO - [2026-04-14T21:22:56.310+0000] {dag.py:3823} INFO - Setting next_dagrun for example_branch_dop_operator_v3 to 2026-04-14 21:21:00+00:00, run_after=2026-04-14 21:22:00+00:00
[2026-04-14T21:22:56.336+0000] {processor.py:183} INFO - Processing /home/airflow/.local/lib/python3.8/site-packages/airflow/example_dags/example_branch_python_dop_operator_3.py took 0.095 seconds
[2026-04-14T21:23:26.442+0000] {processor.py:161} INFO - Started process (PID=11140) to work on /home/airflow/.local/lib/python3.8/site-packages/airflow/example_dags/example_branch_python_dop_operator_3.py
[2026-04-14T21:23:26.443+0000] {processor.py:830} INFO - Processing file /home/airflow/.local/lib/python3.8/site-packages/airflow/example_dags/example_branch_python_dop_operator_3.py for tasks to queue
[2026-04-14T21:23:26.447+0000] {logging_mixin.py:188} INFO - [2026-04-14T21:23:26.446+0000] {dagbag.py:538} INFO - Filling up the DagBag from /home/airflow/.local/lib/python3.8/site-packages/airflow/example_dags/example_branch_python_dop_operator_3.py
[2026-04-14T21:23:26.458+0000] {processor.py:840} INFO - DAG(s) 'example_branch_dop_operator_v3' retrieved from /home/airflow/.local/lib/python3.8/site-packages/airflow/example_dags/example_branch_python_dop_operator_3.py
[2026-04-14T21:23:26.489+0000] {logging_mixin.py:188} INFO - [2026-04-14T21:23:26.489+0000] {dag.py:3036} INFO - Sync 1 DAGs
[2026-04-14T21:23:26.515+0000] {logging_mixin.py:188} INFO - [2026-04-14T21:23:26.515+0000] {dag.py:3823} INFO - Setting next_dagrun for example_branch_dop_operator_v3 to 2026-04-14 21:22:00+00:00, run_after=2026-04-14 21:23:00+00:00
[2026-04-14T21:23:26.538+0000] {processor.py:183} INFO - Processing /home/airflow/.local/lib/python3.8/site-packages/airflow/example_dags/example_branch_python_dop_operator_3.py took 0.100 seconds
[2026-04-14T21:23:56.724+0000] {processor.py:161} INFO - Started process (PID=11197) to work on /home/airflow/.local/lib/python3.8/site-packages/airflow/example_dags/example_branch_python_dop_operator_3.py
[2026-04-14T21:23:56.726+0000] {processor.py:830} INFO - Processing file /home/airflow/.local/lib/python3.8/site-packages/airflow/example_dags/example_branch_python_dop_operator_3.py for tasks to queue
[2026-04-14T21:23:56.729+0000] {logging_mixin.py:188} INFO - [2026-04-14T21:23:56.728+0000] {dagbag.py:538} INFO - Filling up the DagBag from /home/airflow/.local/lib/python3.8/site-packages/airflow/example_dags/example_branch_python_dop_operator_3.py
[2026-04-14T21:23:56.744+0000] {processor.py:840} INFO - DAG(s) 'example_branch_dop_operator_v3' retrieved from /home/airflow/.local/lib/python3.8/site-packages/airflow/example_dags/example_branch_python_dop_operator_3.py
[2026-04-14T21:23:56.780+0000] {logging_mixin.py:188} INFO - [2026-04-14T21:23:56.779+0000] {dag.py:3036} INFO - Sync 1 DAGs
[2026-04-14T21:23:56.826+0000] {logging_mixin.py:188} INFO - [2026-04-14T21:23:56.825+0000] {dag.py:3823} INFO - Setting next_dagrun for example_branch_dop_operator_v3 to 2026-04-14 21:22:00+00:00, run_after=2026-04-14 21:23:00+00:00
[2026-04-14T21:23:56.858+0000] {processor.py:183} INFO - Processing /home/airflow/.local/lib/python3.8/site-packages/airflow/example_dags/example_branch_python_dop_operator_3.py took 0.140 seconds
[2026-04-14T21:24:27.204+0000] {processor.py:161} INFO - Started process (PID=11254) to work on /home/airflow/.local/lib/python3.8/site-packages/airflow/example_dags/example_branch_python_dop_operator_3.py
[2026-04-14T21:24:27.206+0000] {processor.py:830} INFO - Processing file /home/airflow/.local/lib/python3.8/site-packages/airflow/example_dags/example_branch_python_dop_operator_3.py for tasks to queue
[2026-04-14T21:24:27.208+0000] {logging_mixin.py:188} INFO - [2026-04-14T21:24:27.208+0000] {dagbag.py:538} INFO - Filling up the DagBag from /home/airflow/.local/lib/python3.8/site-packages/airflow/example_dags/example_branch_python_dop_operator_3.py
[2026-04-14T21:24:27.220+0000] {processor.py:840} INFO - DAG(s) 'example_branch_dop_operator_v3' retrieved from /home/airflow/.local/lib/python3.8/site-packages/airflow/example_dags/example_branch_python_dop_operator_3.py
[2026-04-14T21:24:27.246+0000] {logging_mixin.py:188} INFO - [2026-04-14T21:24:27.246+0000] {dag.py:3036} INFO - Sync 1 DAGs
[2026-04-14T21:24:27.281+0000] {logging_mixin.py:188} INFO - [2026-04-14T21:24:27.281+0000] {dag.py:3823} INFO - Setting next_dagrun for example_branch_dop_operator_v3 to 2026-04-14 21:23:00+00:00, run_after=2026-04-14 21:24:00+00:00
[2026-04-14T21:24:27.305+0000] {processor.py:183} INFO - Processing /home/airflow/.local/lib/python3.8/site-packages/airflow/example_dags/example_branch_python_dop_operator_3.py took 0.106 seconds
[2026-04-14T21:24:57.964+0000] {processor.py:161} INFO - Started process (PID=11311) to work on /home/airflow/.local/lib/python3.8/site-packages/airflow/example_dags/example_branch_python_dop_operator_3.py
[2026-04-14T21:24:57.966+0000] {processor.py:830} INFO - Processing file /home/airflow/.local/lib/python3.8/site-packages/airflow/example_dags/example_branch_python_dop_operator_3.py for tasks to queue
[2026-04-14T21:24:57.968+0000] {logging_mixin.py:188} INFO - [2026-04-14T21:24:57.968+0000] {dagbag.py:538} INFO - Filling up the DagBag from /home/airflow/.local/lib/python3.8/site-packages/airflow/example_dags/example_branch_python_dop_operator_3.py
[2026-04-14T21:24:57.980+0000] {processor.py:840} INFO - DAG(s) 'example_branch_dop_operator_v3' retrieved from /home/airflow/.local/lib/python3.8/site-packages/airflow/example_dags/example_branch_python_dop_operator_3.py
[2026-04-14T21:24:58.003+0000] {logging_mixin.py:188} INFO - [2026-04-14T21:24:58.003+0000] {dag.py:3036} INFO - Sync 1 DAGs
[2026-04-14T21:24:58.028+0000] {logging_mixin.py:188} INFO - [2026-04-14T21:24:58.028+0000] {dag.py:3823} INFO - Setting next_dagrun for example_branch_dop_operator_v3 to 2026-04-14 21:23:00+00:00, run_after=2026-04-14 21:24:00+00:00
[2026-04-14T21:24:58.052+0000] {processor.py:183} INFO - Processing /home/airflow/.local/lib/python3.8/site-packages/airflow/example_dags/example_branch_python_dop_operator_3.py took 0.091 seconds
[2026-04-14T21:25:28.255+0000] {processor.py:161} INFO - Started process (PID=11368) to work on /home/airflow/.local/lib/python3.8/site-packages/airflow/example_dags/example_branch_python_dop_operator_3.py
[2026-04-14T21:25:28.256+0000] {processor.py:830} INFO - Processing file /home/airflow/.local/lib/python3.8/site-packages/airflow/example_dags/example_branch_python_dop_operator_3.py for tasks to queue
[2026-04-14T21:25:28.258+0000] {logging_mixin.py:188} INFO - [2026-04-14T21:25:28.258+0000] {dagbag.py:538} INFO - Filling up the DagBag from /home/airflow/.local/lib/python3.8/site-packages/airflow/example_dags/example_branch_python_dop_operator_3.py
[2026-04-14T21:25:28.267+0000] {processor.py:840} INFO - DAG(s) 'example_branch_dop_operator_v3' retrieved from /home/airflow/.local/lib/python3.8/site-packages/airflow/example_dags/example_branch_python_dop_operator_3.py
[2026-04-14T21:25:28.291+0000] {logging_mixin.py:188} INFO - [2026-04-14T21:25:28.290+0000] {dag.py:3036} INFO - Sync 1 DAGs
[2026-04-14T21:25:28.315+0000] {logging_mixin.py:188} INFO - [2026-04-14T21:25:28.315+0000] {dag.py:3823} INFO - Setting next_dagrun for example_branch_dop_operator_v3 to 2026-04-14 21:24:00+00:00, run_after=2026-04-14 21:25:00+00:00
[2026-04-14T21:25:28.339+0000] {processor.py:183} INFO - Processing /home/airflow/.local/lib/python3.8/site-packages/airflow/example_dags/example_branch_python_dop_operator_3.py took 0.088 seconds
[2026-04-14T21:25:58.620+0000] {processor.py:161} INFO - Started process (PID=11425) to work on /home/airflow/.local/lib/python3.8/site-packages/airflow/example_dags/example_branch_python_dop_operator_3.py
[2026-04-14T21:25:58.621+0000] {processor.py:830} INFO - Processing file /home/airflow/.local/lib/python3.8/site-packages/airflow/example_dags/example_branch_python_dop_operator_3.py for tasks to queue
[2026-04-14T21:25:58.623+0000] {logging_mixin.py:188} INFO - [2026-04-14T21:25:58.623+0000] {dagbag.py:538} INFO - Filling up the DagBag from /home/airflow/.local/lib/python3.8/site-packages/airflow/example_dags/example_branch_python_dop_operator_3.py
[2026-04-14T21:25:58.633+0000] {processor.py:840} INFO - DAG(s) 'example_branch_dop_operator_v3' retrieved from /home/airflow/.local/lib/python3.8/site-packages/airflow/example_dags/example_branch_python_dop_operator_3.py
[2026-04-14T21:25:58.658+0000] {logging_mixin.py:188} INFO - [2026-04-14T21:25:58.658+0000] {dag.py:3036} INFO - Sync 1 DAGs
[2026-04-14T21:25:58.691+0000] {logging_mixin.py:188} INFO - [2026-04-14T21:25:58.691+0000] {dag.py:3823} INFO - Setting next_dagrun for example_branch_dop_operator_v3 to 2026-04-14 21:24:00+00:00, run_after=2026-04-14 21:25:00+00:00
[2026-04-14T21:25:58.717+0000] {processor.py:183} INFO - Processing /home/airflow/.local/lib/python3.8/site-packages/airflow/example_dags/example_branch_python_dop_operator_3.py took 0.101 seconds
[2026-04-14T21:26:28.898+0000] {processor.py:161} INFO - Started process (PID=11482) to work on /home/airflow/.local/lib/python3.8/site-packages/airflow/example_dags/example_branch_python_dop_operator_3.py
[2026-04-14T21:26:28.899+0000] {processor.py:830} INFO - Processing file /home/airflow/.local/lib/python3.8/site-packages/airflow/example_dags/example_branch_python_dop_operator_3.py for tasks to queue
[2026-04-14T21:26:28.901+0000] {logging_mixin.py:188} INFO - [2026-04-14T21:26:28.901+0000] {dagbag.py:538} INFO - Filling up the DagBag from /home/airflow/.local/lib/python3.8/site-packages/airflow/example_dags/example_branch_python_dop_operator_3.py
[2026-04-14T21:26:28.910+0000] {processor.py:840} INFO - DAG(s) 'example_branch_dop_operator_v3' retrieved from /home/airflow/.local/lib/python3.8/site-packages/airflow/example_dags/example_branch_python_dop_operator_3.py
[2026-04-14T21:26:28.932+0000] {logging_mixin.py:188} INFO - [2026-04-14T21:26:28.932+0000] {dag.py:3036} INFO - Sync 1 DAGs
[2026-04-14T21:26:28.959+0000] {logging_mixin.py:188} INFO - [2026-04-14T21:26:28.959+0000] {dag.py:3823} INFO - Setting next_dagrun for example_branch_dop_operator_v3 to 2026-04-14 21:25:00+00:00, run_after=2026-04-14 21:26:00+00:00
[2026-04-14T21:26:28.982+0000] {processor.py:183} INFO - Processing /home/airflow/.local/lib/python3.8/site-packages/airflow/example_dags/example_branch_python_dop_operator_3.py took 0.088 seconds
[2026-04-14T21:26:59.380+0000] {processor.py:161} INFO - Started process (PID=11540) to work on /home/airflow/.local/lib/python3.8/site-packages/airflow/example_dags/example_branch_python_dop_operator_3.py
[2026-04-14T21:26:59.382+0000] {processor.py:830} INFO - Processing file /home/airflow/.local/lib/python3.8/site-packages/airflow/example_dags/example_branch_python_dop_operator_3.py for tasks to queue
[2026-04-14T21:26:59.384+0000] {logging_mixin.py:188} INFO - [2026-04-14T21:26:59.384+0000] {dagbag.py:538} INFO - Filling up the DagBag from /home/airflow/.local/lib/python3.8/site-packages/airflow/example_dags/example_branch_python_dop_operator_3.py
[2026-04-14T21:26:59.393+0000] {processor.py:840} INFO - DAG(s) 'example_branch_dop_operator_v3' retrieved from /home/airflow/.local/lib/python3.8/site-packages/airflow/example_dags/example_branch_python_dop_operator_3.py
[2026-04-14T21:26:59.418+0000] {logging_mixin.py:188} INFO - [2026-04-14T21:26:59.418+0000] {dag.py:3036} INFO - Sync 1 DAGs
[2026-04-14T21:26:59.448+0000] {logging_mixin.py:188} INFO - [2026-04-14T21:26:59.448+0000] {dag.py:3823} INFO - Setting next_dagrun for example_branch_dop_operator_v3 to 2026-04-14 21:25:00+00:00, run_after=2026-04-14 21:26:00+00:00
[2026-04-14T21:26:59.475+0000] {processor.py:183} INFO - Processing /home/airflow/.local/lib/python3.8/site-packages/airflow/example_dags/example_branch_python_dop_operator_3.py took 0.099 seconds
[2026-04-14T21:27:29.947+0000] {processor.py:161} INFO - Started process (PID=11597) to work on /home/airflow/.local/lib/python3.8/site-packages/airflow/example_dags/example_branch_python_dop_operator_3.py
[2026-04-14T21:27:29.949+0000] {processor.py:830} INFO - Processing file /home/airflow/.local/lib/python3.8/site-packages/airflow/example_dags/example_branch_python_dop_operator_3.py for tasks to queue
[2026-04-14T21:27:29.952+0000] {logging_mixin.py:188} INFO - [2026-04-14T21:27:29.951+0000] {dagbag.py:538} INFO - Filling up the DagBag from /home/airflow/.local/lib/python3.8/site-packages/airflow/example_dags/example_branch_python_dop_operator_3.py
[2026-04-14T21:27:29.962+0000] {processor.py:840} INFO - DAG(s) 'example_branch_dop_operator_v3' retrieved from /home/airflow/.local/lib/python3.8/site-packages/airflow/example_dags/example_branch_python_dop_operator_3.py
[2026-04-14T21:27:29.986+0000] {logging_mixin.py:188} INFO - [2026-04-14T21:27:29.986+0000] {dag.py:3036} INFO - Sync 1 DAGs
[2026-04-14T21:27:30.014+0000] {logging_mixin.py:188} INFO - [2026-04-14T21:27:30.014+0000] {dag.py:3823} INFO - Setting next_dagrun for example_branch_dop_operator_v3 to 2026-04-14 21:26:00+00:00, run_after=2026-04-14 21:27:00+00:00
[2026-04-14T21:27:30.041+0000] {processor.py:183} INFO - Processing /home/airflow/.local/lib/python3.8/site-packages/airflow/example_dags/example_branch_python_dop_operator_3.py took 0.097 seconds
[2026-04-14T21:28:00.263+0000] {processor.py:161} INFO - Started process (PID=11655) to work on /home/airflow/.local/lib/python3.8/site-packages/airflow/example_dags/example_branch_python_dop_operator_3.py
[2026-04-14T21:28:00.264+0000] {processor.py:830} INFO - Processing file /home/airflow/.local/lib/python3.8/site-packages/airflow/example_dags/example_branch_python_dop_operator_3.py for tasks to queue
[2026-04-14T21:28:00.266+0000] {logging_mixin.py:188} INFO - [2026-04-14T21:28:00.266+0000] {dagbag.py:538} INFO - Filling up the DagBag from /home/airflow/.local/lib/python3.8/site-packages/airflow/example_dags/example_branch_python_dop_operator_3.py
[2026-04-14T21:28:00.279+0000] {processor.py:840} INFO - DAG(s) 'example_branch_dop_operator_v3' retrieved from /home/airflow/.local/lib/python3.8/site-packages/airflow/example_dags/example_branch_python_dop_operator_3.py
[2026-04-14T21:28:00.302+0000] {logging_mixin.py:188} INFO - [2026-04-14T21:28:00.302+0000] {dag.py:3036} INFO - Sync 1 DAGs
[2026-04-14T21:28:00.329+0000] {logging_mixin.py:188} INFO - [2026-04-14T21:28:00.329+0000] {dag.py:3823} INFO - Setting next_dagrun for example_branch_dop_operator_v3 to 2026-04-14 21:27:00+00:00, run_after=2026-04-14 21:28:00+00:00
[2026-04-14T21:28:00.355+0000] {processor.py:183} INFO - Processing /home/airflow/.local/lib/python3.8/site-packages/airflow/example_dags/example_branch_python_dop_operator_3.py took 0.095 seconds
[2026-04-14T21:28:30.544+0000] {processor.py:161} INFO - Started process (PID=11712) to work on /home/airflow/.local/lib/python3.8/site-packages/airflow/example_dags/example_branch_python_dop_operator_3.py
[2026-04-14T21:28:30.545+0000] {processor.py:830} INFO - Processing file /home/airflow/.local/lib/python3.8/site-packages/airflow/example_dags/example_branch_python_dop_operator_3.py for tasks to queue
[2026-04-14T21:28:30.547+0000] {logging_mixin.py:188} INFO - [2026-04-14T21:28:30.547+0000] {dagbag.py:538} INFO - Filling up the DagBag from /home/airflow/.local/lib/python3.8/site-packages/airflow/example_dags/example_branch_python_dop_operator_3.py
[2026-04-14T21:28:30.560+0000] {processor.py:840} INFO - DAG(s) 'example_branch_dop_operator_v3' retrieved from /home/airflow/.local/lib/python3.8/site-packages/airflow/example_dags/example_branch_python_dop_operator_3.py
[2026-04-14T21:28:30.593+0000] {logging_mixin.py:188} INFO - [2026-04-14T21:28:30.593+0000] {dag.py:3036} INFO - Sync 1 DAGs
[2026-04-14T21:28:30.628+0000] {logging_mixin.py:188} INFO - [2026-04-14T21:28:30.628+0000] {dag.py:3823} INFO - Setting next_dagrun for example_branch_dop_operator_v3 to 2026-04-14 21:27:00+00:00, run_after=2026-04-14 21:28:00+00:00
[2026-04-14T21:28:30.660+0000] {processor.py:183} INFO - Processing /home/airflow/.local/lib/python3.8/site-packages/airflow/example_dags/example_branch_python_dop_operator_3.py took 0.120 seconds
[2026-04-14T21:29:00.896+0000] {processor.py:161} INFO - Started process (PID=11770) to work on /home/airflow/.local/lib/python3.8/site-packages/airflow/example_dags/example_branch_python_dop_operator_3.py
[2026-04-14T21:29:00.898+0000] {processor.py:830} INFO - Processing file /home/airflow/.local/lib/python3.8/site-packages/airflow/example_dags/example_branch_python_dop_operator_3.py for tasks to queue
[2026-04-14T21:29:00.902+0000] {logging_mixin.py:188} INFO - [2026-04-14T21:29:00.901+0000] {dagbag.py:538} INFO - Filling up the DagBag from /home/airflow/.local/lib/python3.8/site-packages/airflow/example_dags/example_branch_python_dop_operator_3.py
[2026-04-14T21:29:00.914+0000] {processor.py:840} INFO - DAG(s) 'example_branch_dop_operator_v3' retrieved from /home/airflow/.local/lib/python3.8/site-packages/airflow/example_dags/example_branch_python_dop_operator_3.py
[2026-04-14T21:29:00.956+0000] {logging_mixin.py:188} INFO - [2026-04-14T21:29:00.955+0000] {dag.py:3036} INFO - Sync 1 DAGs
[2026-04-14T21:29:01.028+0000] {logging_mixin.py:188} INFO - [2026-04-14T21:29:01.027+0000] {dag.py:3823} INFO - Setting next_dagrun for example_branch_dop_operator_v3 to 2026-04-14 21:28:00+00:00, run_after=2026-04-14 21:29:00+00:00
[2026-04-14T21:29:01.085+0000] {processor.py:183} INFO - Processing /home/airflow/.local/lib/python3.8/site-packages/airflow/example_dags/example_branch_python_dop_operator_3.py took 0.194 seconds
[2026-04-14T21:29:31.358+0000] {processor.py:161} INFO - Started process (PID=11825) to work on /home/airflow/.local/lib/python3.8/site-packages/airflow/example_dags/example_branch_python_dop_operator_3.py
[2026-04-14T21:29:31.360+0000] {processor.py:830} INFO - Processing file /home/airflow/.local/lib/python3.8/site-packages/airflow/example_dags/example_branch_python_dop_operator_3.py for tasks to queue
[2026-04-14T21:29:31.362+0000] {logging_mixin.py:188} INFO - [2026-04-14T21:29:31.361+0000] {dagbag.py:538} INFO - Filling up the DagBag from /home/airflow/.local/lib/python3.8/site-packages/airflow/example_dags/example_branch_python_dop_operator_3.py
[2026-04-14T21:29:31.371+0000] {processor.py:840} INFO - DAG(s) 'example_branch_dop_operator_v3' retrieved from /home/airflow/.local/lib/python3.8/site-packages/airflow/example_dags/example_branch_python_dop_operator_3.py
[2026-04-14T21:29:31.393+0000] {logging_mixin.py:188} INFO - [2026-04-14T21:29:31.393+0000] {dag.py:3036} INFO - Sync 1 DAGs
[2026-04-14T21:29:31.421+0000] {logging_mixin.py:188} INFO - [2026-04-14T21:29:31.420+0000] {dag.py:3823} INFO - Setting next_dagrun for example_branch_dop_operator_v3 to 2026-04-14 21:28:00+00:00, run_after=2026-04-14 21:29:00+00:00
[2026-04-14T21:29:31.443+0000] {processor.py:183} INFO - Processing /home/airflow/.local/lib/python3.8/site-packages/airflow/example_dags/example_branch_python_dop_operator_3.py took 0.088 seconds
[2026-04-14T21:30:01.872+0000] {processor.py:161} INFO - Started process (PID=11882) to work on /home/airflow/.local/lib/python3.8/site-packages/airflow/example_dags/example_branch_python_dop_operator_3.py
[2026-04-14T21:30:01.899+0000] {processor.py:830} INFO - Processing file /home/airflow/.local/lib/python3.8/site-packages/airflow/example_dags/example_branch_python_dop_operator_3.py for tasks to queue
[2026-04-14T21:30:01.924+0000] {logging_mixin.py:188} INFO - [2026-04-14T21:30:01.923+0000] {dagbag.py:538} INFO - Filling up the DagBag from /home/airflow/.local/lib/python3.8/site-packages/airflow/example_dags/example_branch_python_dop_operator_3.py
[2026-04-14T21:30:01.972+0000] {processor.py:840} INFO - DAG(s) 'example_branch_dop_operator_v3' retrieved from /home/airflow/.local/lib/python3.8/site-packages/airflow/example_dags/example_branch_python_dop_operator_3.py
[2026-04-14T21:30:02.020+0000] {logging_mixin.py:188} INFO - [2026-04-14T21:30:02.020+0000] {dag.py:3036} INFO - Sync 1 DAGs
[2026-04-14T21:30:02.106+0000] {logging_mixin.py:188} INFO - [2026-04-14T21:30:02.106+0000] {dag.py:3823} INFO - Setting next_dagrun for example_branch_dop_operator_v3 to 2026-04-14 21:29:00+00:00, run_after=2026-04-14 21:30:00+00:00
[2026-04-14T21:30:02.181+0000] {processor.py:183} INFO - Processing /home/airflow/.local/lib/python3.8/site-packages/airflow/example_dags/example_branch_python_dop_operator_3.py took 0.313 seconds
[2026-04-14T21:30:32.243+0000] {processor.py:161} INFO - Started process (PID=11940) to work on /home/airflow/.local/lib/python3.8/site-packages/airflow/example_dags/example_branch_python_dop_operator_3.py
[2026-04-14T21:30:32.245+0000] {processor.py:830} INFO - Processing file /home/airflow/.local/lib/python3.8/site-packages/airflow/example_dags/example_branch_python_dop_operator_3.py for tasks to queue
[2026-04-14T21:30:32.248+0000] {logging_mixin.py:188} INFO - [2026-04-14T21:30:32.248+0000] {dagbag.py:538} INFO - Filling up the DagBag from /home/airflow/.local/lib/python3.8/site-packages/airflow/example_dags/example_branch_python_dop_operator_3.py
[2026-04-14T21:30:32.268+0000] {processor.py:840} INFO - DAG(s) 'example_branch_dop_operator_v3' retrieved from /home/airflow/.local/lib/python3.8/site-packages/airflow/example_dags/example_branch_python_dop_operator_3.py
[2026-04-14T21:30:32.310+0000] {logging_mixin.py:188} INFO - [2026-04-14T21:30:32.310+0000] {dag.py:3036} INFO - Sync 1 DAGs
[2026-04-14T21:30:32.360+0000] {logging_mixin.py:188} INFO - [2026-04-14T21:30:32.360+0000] {dag.py:3823} INFO - Setting next_dagrun for example_branch_dop_operator_v3 to 2026-04-14 21:29:00+00:00, run_after=2026-04-14 21:30:00+00:00
[2026-04-14T21:30:32.386+0000] {processor.py:183} INFO - Processing /home/airflow/.local/lib/python3.8/site-packages/airflow/example_dags/example_branch_python_dop_operator_3.py took 0.148 seconds
[2026-04-14T21:31:03.301+0000] {processor.py:161} INFO - Started process (PID=11996) to work on /home/airflow/.local/lib/python3.8/site-packages/airflow/example_dags/example_branch_python_dop_operator_3.py
[2026-04-14T21:31:03.302+0000] {processor.py:830} INFO - Processing file /home/airflow/.local/lib/python3.8/site-packages/airflow/example_dags/example_branch_python_dop_operator_3.py for tasks to queue
[2026-04-14T21:31:03.305+0000] {logging_mixin.py:188} INFO - [2026-04-14T21:31:03.304+0000] {dagbag.py:538} INFO - Filling up the DagBag from /home/airflow/.local/lib/python3.8/site-packages/airflow/example_dags/example_branch_python_dop_operator_3.py
[2026-04-14T21:31:03.318+0000] {processor.py:840} INFO - DAG(s) 'example_branch_dop_operator_v3' retrieved from /home/airflow/.local/lib/python3.8/site-packages/airflow/example_dags/example_branch_python_dop_operator_3.py
[2026-04-14T21:31:03.343+0000] {logging_mixin.py:188} INFO - [2026-04-14T21:31:03.343+0000] {dag.py:3036} INFO - Sync 1 DAGs
[2026-04-14T21:31:03.376+0000] {logging_mixin.py:188} INFO - [2026-04-14T21:31:03.376+0000] {dag.py:3823} INFO - Setting next_dagrun for example_branch_dop_operator_v3 to 2026-04-14 21:30:00+00:00, run_after=2026-04-14 21:31:00+00:00
[2026-04-14T21:31:03.404+0000] {processor.py:183} INFO - Processing /home/airflow/.local/lib/python3.8/site-packages/airflow/example_dags/example_branch_python_dop_operator_3.py took 0.108 seconds
[2026-04-14T21:31:33.601+0000] {processor.py:161} INFO - Started process (PID=12054) to work on /home/airflow/.local/lib/python3.8/site-packages/airflow/example_dags/example_branch_python_dop_operator_3.py
[2026-04-14T21:31:33.605+0000] {processor.py:830} INFO - Processing file /home/airflow/.local/lib/python3.8/site-packages/airflow/example_dags/example_branch_python_dop_operator_3.py for tasks to queue
[2026-04-14T21:31:33.608+0000] {logging_mixin.py:188} INFO - [2026-04-14T21:31:33.607+0000] {dagbag.py:538} INFO - Filling up the DagBag from /home/airflow/.local/lib/python3.8/site-packages/airflow/example_dags/example_branch_python_dop_operator_3.py
[2026-04-14T21:31:33.620+0000] {processor.py:840} INFO - DAG(s) 'example_branch_dop_operator_v3' retrieved from /home/airflow/.local/lib/python3.8/site-packages/airflow/example_dags/example_branch_python_dop_operator_3.py
[2026-04-14T21:31:33.648+0000] {logging_mixin.py:188} INFO - [2026-04-14T21:31:33.648+0000] {dag.py:3036} INFO - Sync 1 DAGs
[2026-04-14T21:31:33.677+0000] {logging_mixin.py:188} INFO - [2026-04-14T21:31:33.676+0000] {dag.py:3823} INFO - Setting next_dagrun for example_branch_dop_operator_v3 to 2026-04-14 21:30:00+00:00, run_after=2026-04-14 21:31:00+00:00
[2026-04-14T21:31:33.703+0000] {processor.py:183} INFO - Processing /home/airflow/.local/lib/python3.8/site-packages/airflow/example_dags/example_branch_python_dop_operator_3.py took 0.106 seconds
[2026-04-14T21:32:04.110+0000] {processor.py:161} INFO - Started process (PID=12111) to work on /home/airflow/.local/lib/python3.8/site-packages/airflow/example_dags/example_branch_python_dop_operator_3.py
[2026-04-14T21:32:04.111+0000] {processor.py:830} INFO - Processing file /home/airflow/.local/lib/python3.8/site-packages/airflow/example_dags/example_branch_python_dop_operator_3.py for tasks to queue
[2026-04-14T21:32:04.113+0000] {logging_mixin.py:188} INFO - [2026-04-14T21:32:04.113+0000] {dagbag.py:538} INFO - Filling up the DagBag from /home/airflow/.local/lib/python3.8/site-packages/airflow/example_dags/example_branch_python_dop_operator_3.py
[2026-04-14T21:32:04.122+0000] {processor.py:840} INFO - DAG(s) 'example_branch_dop_operator_v3' retrieved from /home/airflow/.local/lib/python3.8/site-packages/airflow/example_dags/example_branch_python_dop_operator_3.py
[2026-04-14T21:32:04.145+0000] {logging_mixin.py:188} INFO - [2026-04-14T21:32:04.145+0000] {dag.py:3036} INFO - Sync 1 DAGs
[2026-04-14T21:32:04.175+0000] {logging_mixin.py:188} INFO - [2026-04-14T21:32:04.175+0000] {dag.py:3823} INFO - Setting next_dagrun for example_branch_dop_operator_v3 to 2026-04-14 21:31:00+00:00, run_after=2026-04-14 21:32:00+00:00
[2026-04-14T21:32:04.208+0000] {processor.py:183} INFO - Processing /home/airflow/.local/lib/python3.8/site-packages/airflow/example_dags/example_branch_python_dop_operator_3.py took 0.103 seconds
[2026-04-14T21:32:34.554+0000] {processor.py:161} INFO - Started process (PID=12168) to work on /home/airflow/.local/lib/python3.8/site-packages/airflow/example_dags/example_branch_python_dop_operator_3.py
[2026-04-14T21:32:34.555+0000] {processor.py:830} INFO - Processing file /home/airflow/.local/lib/python3.8/site-packages/airflow/example_dags/example_branch_python_dop_operator_3.py for tasks to queue
[2026-04-14T21:32:34.558+0000] {logging_mixin.py:188} INFO - [2026-04-14T21:32:34.557+0000] {dagbag.py:538} INFO - Filling up the DagBag from /home/airflow/.local/lib/python3.8/site-packages/airflow/example_dags/example_branch_python_dop_operator_3.py
[2026-04-14T21:32:34.568+0000] {processor.py:840} INFO - DAG(s) 'example_branch_dop_operator_v3' retrieved from /home/airflow/.local/lib/python3.8/site-packages/airflow/example_dags/example_branch_python_dop_operator_3.py
[2026-04-14T21:32:34.594+0000] {logging_mixin.py:188} INFO - [2026-04-14T21:32:34.594+0000] {dag.py:3036} INFO - Sync 1 DAGs
[2026-04-14T21:32:34.621+0000] {logging_mixin.py:188} INFO - [2026-04-14T21:32:34.621+0000] {dag.py:3823} INFO - Setting next_dagrun for example_branch_dop_operator_v3 to 2026-04-14 21:31:00+00:00, run_after=2026-04-14 21:32:00+00:00
[2026-04-14T21:32:34.644+0000] {processor.py:183} INFO - Processing /home/airflow/.local/lib/python3.8/site-packages/airflow/example_dags/example_branch_python_dop_operator_3.py took 0.094 seconds
[2026-04-14T21:33:04.902+0000] {processor.py:161} INFO - Started process (PID=12225) to work on /home/airflow/.local/lib/python3.8/site-packages/airflow/example_dags/example_branch_python_dop_operator_3.py
[2026-04-14T21:33:04.903+0000] {processor.py:830} INFO - Processing file /home/airflow/.local/lib/python3.8/site-packages/airflow/example_dags/example_branch_python_dop_operator_3.py for tasks to queue
[2026-04-14T21:33:04.905+0000] {logging_mixin.py:188} INFO - [2026-04-14T21:33:04.904+0000] {dagbag.py:538} INFO - Filling up the DagBag from /home/airflow/.local/lib/python3.8/site-packages/airflow/example_dags/example_branch_python_dop_operator_3.py
[2026-04-14T21:33:04.917+0000] {processor.py:840} INFO - DAG(s) 'example_branch_dop_operator_v3' retrieved from /home/airflow/.local/lib/python3.8/site-packages/airflow/example_dags/example_branch_python_dop_operator_3.py
[2026-04-14T21:33:04.946+0000] {logging_mixin.py:188} INFO - [2026-04-14T21:33:04.944+0000] {dag.py:3036} INFO - Sync 1 DAGs
[2026-04-14T21:33:04.976+0000] {logging_mixin.py:188} INFO - [2026-04-14T21:33:04.975+0000] {dag.py:3823} INFO - Setting next_dagrun for example_branch_dop_operator_v3 to 2026-04-14 21:32:00+00:00, run_after=2026-04-14 21:33:00+00:00
[2026-04-14T21:33:05.008+0000] {processor.py:183} INFO - Processing /home/airflow/.local/lib/python3.8/site-packages/airflow/example_dags/example_branch_python_dop_operator_3.py took 0.110 seconds
[2026-04-14T21:33:35.221+0000] {processor.py:161} INFO - Started process (PID=12282) to work on /home/airflow/.local/lib/python3.8/site-packages/airflow/example_dags/example_branch_python_dop_operator_3.py
[2026-04-14T21:33:35.223+0000] {processor.py:830} INFO - Processing file /home/airflow/.local/lib/python3.8/site-packages/airflow/example_dags/example_branch_python_dop_operator_3.py for tasks to queue
[2026-04-14T21:33:35.226+0000] {logging_mixin.py:188} INFO - [2026-04-14T21:33:35.226+0000] {dagbag.py:538} INFO - Filling up the DagBag from /home/airflow/.local/lib/python3.8/site-packages/airflow/example_dags/example_branch_python_dop_operator_3.py
[2026-04-14T21:33:35.242+0000] {processor.py:840} INFO - DAG(s) 'example_branch_dop_operator_v3' retrieved from /home/airflow/.local/lib/python3.8/site-packages/airflow/example_dags/example_branch_python_dop_operator_3.py
[2026-04-14T21:33:35.269+0000] {logging_mixin.py:188} INFO - [2026-04-14T21:33:35.268+0000] {dag.py:3036} INFO - Sync 1 DAGs
[2026-04-14T21:33:35.296+0000] {logging_mixin.py:188} INFO - [2026-04-14T21:33:35.295+0000] {dag.py:3823} INFO - Setting next_dagrun for example_branch_dop_operator_v3 to 2026-04-14 21:32:00+00:00, run_after=2026-04-14 21:33:00+00:00
[2026-04-14T21:33:35.323+0000] {processor.py:183} INFO - Processing /home/airflow/.local/lib/python3.8/site-packages/airflow/example_dags/example_branch_python_dop_operator_3.py took 0.110 seconds
[2026-04-14T21:34:05.692+0000] {processor.py:161} INFO - Started process (PID=12339) to work on /home/airflow/.local/lib/python3.8/site-packages/airflow/example_dags/example_branch_python_dop_operator_3.py
[2026-04-14T21:34:05.693+0000] {processor.py:830} INFO - Processing file /home/airflow/.local/lib/python3.8/site-packages/airflow/example_dags/example_branch_python_dop_operator_3.py for tasks to queue
[2026-04-14T21:34:05.695+0000] {logging_mixin.py:188} INFO - [2026-04-14T21:34:05.695+0000] {dagbag.py:538} INFO - Filling up the DagBag from /home/airflow/.local/lib/python3.8/site-packages/airflow/example_dags/example_branch_python_dop_operator_3.py
[2026-04-14T21:34:05.707+0000] {processor.py:840} INFO - DAG(s) 'example_branch_dop_operator_v3' retrieved from /home/airflow/.local/lib/python3.8/site-packages/airflow/example_dags/example_branch_python_dop_operator_3.py
[2026-04-14T21:34:05.728+0000] {logging_mixin.py:188} INFO - [2026-04-14T21:34:05.728+0000] {dag.py:3036} INFO - Sync 1 DAGs
[2026-04-14T21:34:05.755+0000] {logging_mixin.py:188} INFO - [2026-04-14T21:34:05.755+0000] {dag.py:3823} INFO - Setting next_dagrun for example_branch_dop_operator_v3 to 2026-04-14 21:33:00+00:00, run_after=2026-04-14 21:34:00+00:00
[2026-04-14T21:34:05.784+0000] {processor.py:183} INFO - Processing /home/airflow/.local/lib/python3.8/site-packages/airflow/example_dags/example_branch_python_dop_operator_3.py took 0.096 seconds
[2026-04-14T21:34:35.919+0000] {processor.py:161} INFO - Started process (PID=12396) to work on /home/airflow/.local/lib/python3.8/site-packages/airflow/example_dags/example_branch_python_dop_operator_3.py
[2026-04-14T21:34:35.921+0000] {processor.py:830} INFO - Processing file /home/airflow/.local/lib/python3.8/site-packages/airflow/example_dags/example_branch_python_dop_operator_3.py for tasks to queue
[2026-04-14T21:34:35.923+0000] {logging_mixin.py:188} INFO - [2026-04-14T21:34:35.922+0000] {dagbag.py:538} INFO - Filling up the DagBag from /home/airflow/.local/lib/python3.8/site-packages/airflow/example_dags/example_branch_python_dop_operator_3.py
[2026-04-14T21:34:35.931+0000] {processor.py:840} INFO - DAG(s) 'example_branch_dop_operator_v3' retrieved from /home/airflow/.local/lib/python3.8/site-packages/airflow/example_dags/example_branch_python_dop_operator_3.py
[2026-04-14T21:34:35.954+0000] {logging_mixin.py:188} INFO - [2026-04-14T21:34:35.954+0000] {dag.py:3036} INFO - Sync 1 DAGs
[2026-04-14T21:34:35.980+0000] {logging_mixin.py:188} INFO - [2026-04-14T21:34:35.980+0000] {dag.py:3823} INFO - Setting next_dagrun for example_branch_dop_operator_v3 to 2026-04-14 21:33:00+00:00, run_after=2026-04-14 21:34:00+00:00
[2026-04-14T21:34:36.003+0000] {processor.py:183} INFO - Processing /home/airflow/.local/lib/python3.8/site-packages/airflow/example_dags/example_branch_python_dop_operator_3.py took 0.087 seconds
[2026-04-14T21:35:06.154+0000] {processor.py:161} INFO - Started process (PID=12453) to work on /home/airflow/.local/lib/python3.8/site-packages/airflow/example_dags/example_branch_python_dop_operator_3.py
[2026-04-14T21:35:06.156+0000] {processor.py:830} INFO - Processing file /home/airflow/.local/lib/python3.8/site-packages/airflow/example_dags/example_branch_python_dop_operator_3.py for tasks to queue
[2026-04-14T21:35:06.158+0000] {logging_mixin.py:188} INFO - [2026-04-14T21:35:06.157+0000] {dagbag.py:538} INFO - Filling up the DagBag from /home/airflow/.local/lib/python3.8/site-packages/airflow/example_dags/example_branch_python_dop_operator_3.py
[2026-04-14T21:35:06.167+0000] {processor.py:840} INFO - DAG(s) 'example_branch_dop_operator_v3' retrieved from /home/airflow/.local/lib/python3.8/site-packages/airflow/example_dags/example_branch_python_dop_operator_3.py
[2026-04-14T21:35:06.190+0000] {logging_mixin.py:188} INFO - [2026-04-14T21:35:06.190+0000] {dag.py:3036} INFO - Sync 1 DAGs
[2026-04-14T21:35:06.214+0000] {logging_mixin.py:188} INFO - [2026-04-14T21:35:06.214+0000] {dag.py:3823} INFO - Setting next_dagrun for example_branch_dop_operator_v3 to 2026-04-14 21:34:00+00:00, run_after=2026-04-14 21:35:00+00:00
[2026-04-14T21:35:06.237+0000] {processor.py:183} INFO - Processing /home/airflow/.local/lib/python3.8/site-packages/airflow/example_dags/example_branch_python_dop_operator_3.py took 0.086 seconds
[2026-04-14T21:35:36.364+0000] {processor.py:161} INFO - Started process (PID=12510) to work on /home/airflow/.local/lib/python3.8/site-packages/airflow/example_dags/example_branch_python_dop_operator_3.py
[2026-04-14T21:35:36.365+0000] {processor.py:830} INFO - Processing file /home/airflow/.local/lib/python3.8/site-packages/airflow/example_dags/example_branch_python_dop_operator_3.py for tasks to queue
[2026-04-14T21:35:36.368+0000] {logging_mixin.py:188} INFO - [2026-04-14T21:35:36.367+0000] {dagbag.py:538} INFO - Filling up the DagBag from /home/airflow/.local/lib/python3.8/site-packages/airflow/example_dags/example_branch_python_dop_operator_3.py
[2026-04-14T21:35:36.377+0000] {processor.py:840} INFO - DAG(s) 'example_branch_dop_operator_v3' retrieved from /home/airflow/.local/lib/python3.8/site-packages/airflow/example_dags/example_branch_python_dop_operator_3.py
[2026-04-14T21:35:36.402+0000] {logging_mixin.py:188} INFO - [2026-04-14T21:35:36.402+0000] {dag.py:3036} INFO - Sync 1 DAGs
[2026-04-14T21:35:36.427+0000] {logging_mixin.py:188} INFO - [2026-04-14T21:35:36.427+0000] {dag.py:3823} INFO - Setting next_dagrun for example_branch_dop_operator_v3 to 2026-04-14 21:34:00+00:00, run_after=2026-04-14 21:35:00+00:00
[2026-04-14T21:35:36.464+0000] {processor.py:183} INFO - Processing /home/airflow/.local/lib/python3.8/site-packages/airflow/example_dags/example_branch_python_dop_operator_3.py took 0.103 seconds
[2026-04-14T21:36:06.736+0000] {processor.py:161} INFO - Started process (PID=12565) to work on /home/airflow/.local/lib/python3.8/site-packages/airflow/example_dags/example_branch_python_dop_operator_3.py
[2026-04-14T21:36:06.738+0000] {processor.py:830} INFO - Processing file /home/airflow/.local/lib/python3.8/site-packages/airflow/example_dags/example_branch_python_dop_operator_3.py for tasks to queue
[2026-04-14T21:36:06.743+0000] {logging_mixin.py:188} INFO - [2026-04-14T21:36:06.741+0000] {dagbag.py:538} INFO - Filling up the DagBag from /home/airflow/.local/lib/python3.8/site-packages/airflow/example_dags/example_branch_python_dop_operator_3.py
[2026-04-14T21:36:06.762+0000] {processor.py:840} INFO - DAG(s) 'example_branch_dop_operator_v3' retrieved from /home/airflow/.local/lib/python3.8/site-packages/airflow/example_dags/example_branch_python_dop_operator_3.py
[2026-04-14T21:36:06.799+0000] {logging_mixin.py:188} INFO - [2026-04-14T21:36:06.798+0000] {dag.py:3036} INFO - Sync 1 DAGs
[2026-04-14T21:36:06.844+0000] {logging_mixin.py:188} INFO - [2026-04-14T21:36:06.844+0000] {dag.py:3823} INFO - Setting next_dagrun for example_branch_dop_operator_v3 to 2026-04-14 21:35:00+00:00, run_after=2026-04-14 21:36:00+00:00
[2026-04-14T21:36:06.878+0000] {processor.py:183} INFO - Processing /home/airflow/.local/lib/python3.8/site-packages/airflow/example_dags/example_branch_python_dop_operator_3.py took 0.148 seconds
[2026-04-14T21:36:37.484+0000] {processor.py:161} INFO - Started process (PID=12622) to work on /home/airflow/.local/lib/python3.8/site-packages/airflow/example_dags/example_branch_python_dop_operator_3.py
[2026-04-14T21:36:37.486+0000] {processor.py:830} INFO - Processing file /home/airflow/.local/lib/python3.8/site-packages/airflow/example_dags/example_branch_python_dop_operator_3.py for tasks to queue
[2026-04-14T21:36:37.488+0000] {logging_mixin.py:188} INFO - [2026-04-14T21:36:37.488+0000] {dagbag.py:538} INFO - Filling up the DagBag from /home/airflow/.local/lib/python3.8/site-packages/airflow/example_dags/example_branch_python_dop_operator_3.py
[2026-04-14T21:36:37.497+0000] {processor.py:840} INFO - DAG(s) 'example_branch_dop_operator_v3' retrieved from /home/airflow/.local/lib/python3.8/site-packages/airflow/example_dags/example_branch_python_dop_operator_3.py
[2026-04-14T21:36:37.518+0000] {logging_mixin.py:188} INFO - [2026-04-14T21:36:37.517+0000] {dag.py:3036} INFO - Sync 1 DAGs
[2026-04-14T21:36:37.543+0000] {logging_mixin.py:188} INFO - [2026-04-14T21:36:37.543+0000] {dag.py:3823} INFO - Setting next_dagrun for example_branch_dop_operator_v3 to 2026-04-14 21:35:00+00:00, run_after=2026-04-14 21:36:00+00:00
[2026-04-14T21:36:37.567+0000] {processor.py:183} INFO - Processing /home/airflow/.local/lib/python3.8/site-packages/airflow/example_dags/example_branch_python_dop_operator_3.py took 0.088 seconds
[2026-04-14T21:37:07.763+0000] {processor.py:161} INFO - Started process (PID=12679) to work on /home/airflow/.local/lib/python3.8/site-packages/airflow/example_dags/example_branch_python_dop_operator_3.py
[2026-04-14T21:37:07.765+0000] {processor.py:830} INFO - Processing file /home/airflow/.local/lib/python3.8/site-packages/airflow/example_dags/example_branch_python_dop_operator_3.py for tasks to queue
[2026-04-14T21:37:07.767+0000] {logging_mixin.py:188} INFO - [2026-04-14T21:37:07.767+0000] {dagbag.py:538} INFO - Filling up the DagBag from /home/airflow/.local/lib/python3.8/site-packages/airflow/example_dags/example_branch_python_dop_operator_3.py
[2026-04-14T21:37:07.782+0000] {processor.py:840} INFO - DAG(s) 'example_branch_dop_operator_v3' retrieved from /home/airflow/.local/lib/python3.8/site-packages/airflow/example_dags/example_branch_python_dop_operator_3.py
[2026-04-14T21:37:07.809+0000] {logging_mixin.py:188} INFO - [2026-04-14T21:37:07.808+0000] {dag.py:3036} INFO - Sync 1 DAGs
[2026-04-14T21:37:07.836+0000] {logging_mixin.py:188} INFO - [2026-04-14T21:37:07.835+0000] {dag.py:3823} INFO - Setting next_dagrun for example_branch_dop_operator_v3 to 2026-04-14 21:36:00+00:00, run_after=2026-04-14 21:37:00+00:00
[2026-04-14T21:37:07.862+0000] {processor.py:183} INFO - Processing /home/airflow/.local/lib/python3.8/site-packages/airflow/example_dags/example_branch_python_dop_operator_3.py took 0.103 seconds
[2026-04-14T21:37:38.525+0000] {processor.py:161} INFO - Started process (PID=12736) to work on /home/airflow/.local/lib/python3.8/site-packages/airflow/example_dags/example_branch_python_dop_operator_3.py
[2026-04-14T21:37:38.527+0000] {processor.py:830} INFO - Processing file /home/airflow/.local/lib/python3.8/site-packages/airflow/example_dags/example_branch_python_dop_operator_3.py for tasks to queue
[2026-04-14T21:37:38.529+0000] {logging_mixin.py:188} INFO - [2026-04-14T21:37:38.529+0000] {dagbag.py:538} INFO - Filling up the DagBag from /home/airflow/.local/lib/python3.8/site-packages/airflow/example_dags/example_branch_python_dop_operator_3.py
[2026-04-14T21:37:38.540+0000] {processor.py:840} INFO - DAG(s) 'example_branch_dop_operator_v3' retrieved from /home/airflow/.local/lib/python3.8/site-packages/airflow/example_dags/example_branch_python_dop_operator_3.py
[2026-04-14T21:37:38.568+0000] {logging_mixin.py:188} INFO - [2026-04-14T21:37:38.567+0000] {dag.py:3036} INFO - Sync 1 DAGs
[2026-04-14T21:37:38.597+0000] {logging_mixin.py:188} INFO - [2026-04-14T21:37:38.597+0000] {dag.py:3823} INFO - Setting next_dagrun for example_branch_dop_operator_v3 to 2026-04-14 21:36:00+00:00, run_after=2026-04-14 21:37:00+00:00
[2026-04-14T21:37:38.622+0000] {processor.py:183} INFO - Processing /home/airflow/.local/lib/python3.8/site-packages/airflow/example_dags/example_branch_python_dop_operator_3.py took 0.100 seconds
[2026-04-14T21:38:09.495+0000] {processor.py:161} INFO - Started process (PID=12793) to work on /home/airflow/.local/lib/python3.8/site-packages/airflow/example_dags/example_branch_python_dop_operator_3.py
[2026-04-14T21:38:09.496+0000] {processor.py:830} INFO - Processing file /home/airflow/.local/lib/python3.8/site-packages/airflow/example_dags/example_branch_python_dop_operator_3.py for tasks to queue
[2026-04-14T21:38:09.498+0000] {logging_mixin.py:188} INFO - [2026-04-14T21:38:09.498+0000] {dagbag.py:538} INFO - Filling up the DagBag from /home/airflow/.local/lib/python3.8/site-packages/airflow/example_dags/example_branch_python_dop_operator_3.py
[2026-04-14T21:38:09.508+0000] {processor.py:840} INFO - DAG(s) 'example_branch_dop_operator_v3' retrieved from /home/airflow/.local/lib/python3.8/site-packages/airflow/example_dags/example_branch_python_dop_operator_3.py
[2026-04-14T21:38:09.531+0000] {logging_mixin.py:188} INFO - [2026-04-14T21:38:09.531+0000] {dag.py:3036} INFO - Sync 1 DAGs
[2026-04-14T21:38:09.559+0000] {logging_mixin.py:188} INFO - [2026-04-14T21:38:09.559+0000] {dag.py:3823} INFO - Setting next_dagrun for example_branch_dop_operator_v3 to 2026-04-14 21:37:00+00:00, run_after=2026-04-14 21:38:00+00:00
[2026-04-14T21:38:09.582+0000] {processor.py:183} INFO - Processing /home/airflow/.local/lib/python3.8/site-packages/airflow/example_dags/example_branch_python_dop_operator_3.py took 0.090 seconds
[2026-04-14T21:38:39.858+0000] {processor.py:161} INFO - Started process (PID=12850) to work on /home/airflow/.local/lib/python3.8/site-packages/airflow/example_dags/example_branch_python_dop_operator_3.py
[2026-04-14T21:38:39.860+0000] {processor.py:830} INFO - Processing file /home/airflow/.local/lib/python3.8/site-packages/airflow/example_dags/example_branch_python_dop_operator_3.py for tasks to queue
[2026-04-14T21:38:39.862+0000] {logging_mixin.py:188} INFO - [2026-04-14T21:38:39.862+0000] {dagbag.py:538} INFO - Filling up the DagBag from /home/airflow/.local/lib/python3.8/site-packages/airflow/example_dags/example_branch_python_dop_operator_3.py
[2026-04-14T21:38:39.875+0000] {processor.py:840} INFO - DAG(s) 'example_branch_dop_operator_v3' retrieved from /home/airflow/.local/lib/python3.8/site-packages/airflow/example_dags/example_branch_python_dop_operator_3.py
[2026-04-14T21:38:39.902+0000] {logging_mixin.py:188} INFO - [2026-04-14T21:38:39.902+0000] {dag.py:3036} INFO - Sync 1 DAGs
[2026-04-14T21:38:39.933+0000] {logging_mixin.py:188} INFO - [2026-04-14T21:38:39.933+0000] {dag.py:3823} INFO - Setting next_dagrun for example_branch_dop_operator_v3 to 2026-04-14 21:37:00+00:00, run_after=2026-04-14 21:38:00+00:00
[2026-04-14T21:38:39.969+0000] {processor.py:183} INFO - Processing /home/airflow/.local/lib/python3.8/site-packages/airflow/example_dags/example_branch_python_dop_operator_3.py took 0.118 seconds
[2026-04-14T21:39:10.063+0000] {processor.py:161} INFO - Started process (PID=12907) to work on /home/airflow/.local/lib/python3.8/site-packages/airflow/example_dags/example_branch_python_dop_operator_3.py
[2026-04-14T21:39:10.064+0000] {processor.py:830} INFO - Processing file /home/airflow/.local/lib/python3.8/site-packages/airflow/example_dags/example_branch_python_dop_operator_3.py for tasks to queue
[2026-04-14T21:39:10.067+0000] {logging_mixin.py:188} INFO - [2026-04-14T21:39:10.066+0000] {dagbag.py:538} INFO - Filling up the DagBag from /home/airflow/.local/lib/python3.8/site-packages/airflow/example_dags/example_branch_python_dop_operator_3.py
[2026-04-14T21:39:10.078+0000] {processor.py:840} INFO - DAG(s) 'example_branch_dop_operator_v3' retrieved from /home/airflow/.local/lib/python3.8/site-packages/airflow/example_dags/example_branch_python_dop_operator_3.py
[2026-04-14T21:39:10.101+0000] {logging_mixin.py:188} INFO - [2026-04-14T21:39:10.101+0000] {dag.py:3036} INFO - Sync 1 DAGs
[2026-04-14T21:39:10.127+0000] {logging_mixin.py:188} INFO - [2026-04-14T21:39:10.127+0000] {dag.py:3823} INFO - Setting next_dagrun for example_branch_dop_operator_v3 to 2026-04-14 21:38:00+00:00, run_after=2026-04-14 21:39:00+00:00
[2026-04-14T21:39:10.149+0000] {processor.py:183} INFO - Processing /home/airflow/.local/lib/python3.8/site-packages/airflow/example_dags/example_branch_python_dop_operator_3.py took 0.090 seconds
[2026-04-14T21:39:40.816+0000] {processor.py:161} INFO - Started process (PID=12964) to work on /home/airflow/.local/lib/python3.8/site-packages/airflow/example_dags/example_branch_python_dop_operator_3.py
[2026-04-14T21:39:40.818+0000] {processor.py:830} INFO - Processing file /home/airflow/.local/lib/python3.8/site-packages/airflow/example_dags/example_branch_python_dop_operator_3.py for tasks to queue
[2026-04-14T21:39:40.821+0000] {logging_mixin.py:188} INFO - [2026-04-14T21:39:40.821+0000] {dagbag.py:538} INFO - Filling up the DagBag from /home/airflow/.local/lib/python3.8/site-packages/airflow/example_dags/example_branch_python_dop_operator_3.py
[2026-04-14T21:39:40.836+0000] {processor.py:840} INFO - DAG(s) 'example_branch_dop_operator_v3' retrieved from /home/airflow/.local/lib/python3.8/site-packages/airflow/example_dags/example_branch_python_dop_operator_3.py
[2026-04-14T21:39:40.859+0000] {logging_mixin.py:188} INFO - [2026-04-14T21:39:40.859+0000] {dag.py:3036} INFO - Sync 1 DAGs
[2026-04-14T21:39:40.889+0000] {logging_mixin.py:188} INFO - [2026-04-14T21:39:40.889+0000] {dag.py:3823} INFO - Setting next_dagrun for example_branch_dop_operator_v3 to 2026-04-14 21:38:00+00:00, run_after=2026-04-14 21:39:00+00:00
[2026-04-14T21:39:40.923+0000] {processor.py:183} INFO - Processing /home/airflow/.local/lib/python3.8/site-packages/airflow/example_dags/example_branch_python_dop_operator_3.py took 0.110 seconds
[2026-04-14T21:40:11.313+0000] {processor.py:161} INFO - Started process (PID=13021) to work on /home/airflow/.local/lib/python3.8/site-packages/airflow/example_dags/example_branch_python_dop_operator_3.py
[2026-04-14T21:40:11.314+0000] {processor.py:830} INFO - Processing file /home/airflow/.local/lib/python3.8/site-packages/airflow/example_dags/example_branch_python_dop_operator_3.py for tasks to queue
[2026-04-14T21:40:11.317+0000] {logging_mixin.py:188} INFO - [2026-04-14T21:40:11.317+0000] {dagbag.py:538} INFO - Filling up the DagBag from /home/airflow/.local/lib/python3.8/site-packages/airflow/example_dags/example_branch_python_dop_operator_3.py
[2026-04-14T21:40:11.329+0000] {processor.py:840} INFO - DAG(s) 'example_branch_dop_operator_v3' retrieved from /home/airflow/.local/lib/python3.8/site-packages/airflow/example_dags/example_branch_python_dop_operator_3.py
[2026-04-14T21:40:11.357+0000] {logging_mixin.py:188} INFO - [2026-04-14T21:40:11.357+0000] {dag.py:3036} INFO - Sync 1 DAGs
[2026-04-14T21:40:11.390+0000] {logging_mixin.py:188} INFO - [2026-04-14T21:40:11.390+0000] {dag.py:3823} INFO - Setting next_dagrun for example_branch_dop_operator_v3 to 2026-04-14 21:39:00+00:00, run_after=2026-04-14 21:40:00+00:00
[2026-04-14T21:40:11.427+0000] {processor.py:183} INFO - Processing /home/airflow/.local/lib/python3.8/site-packages/airflow/example_dags/example_branch_python_dop_operator_3.py took 0.118 seconds
[2026-04-14T21:40:42.001+0000] {processor.py:161} INFO - Started process (PID=13084) to work on /home/airflow/.local/lib/python3.8/site-packages/airflow/example_dags/example_branch_python_dop_operator_3.py
[2026-04-14T21:40:42.002+0000] {processor.py:830} INFO - Processing file /home/airflow/.local/lib/python3.8/site-packages/airflow/example_dags/example_branch_python_dop_operator_3.py for tasks to queue
[2026-04-14T21:40:42.006+0000] {logging_mixin.py:188} INFO - [2026-04-14T21:40:42.005+0000] {dagbag.py:538} INFO - Filling up the DagBag from /home/airflow/.local/lib/python3.8/site-packages/airflow/example_dags/example_branch_python_dop_operator_3.py
[2026-04-14T21:40:42.015+0000] {processor.py:840} INFO - DAG(s) 'example_branch_dop_operator_v3' retrieved from /home/airflow/.local/lib/python3.8/site-packages/airflow/example_dags/example_branch_python_dop_operator_3.py
[2026-04-14T21:40:42.044+0000] {logging_mixin.py:188} INFO - [2026-04-14T21:40:42.044+0000] {dag.py:3036} INFO - Sync 1 DAGs
[2026-04-14T21:40:42.078+0000] {logging_mixin.py:188} INFO - [2026-04-14T21:40:42.077+0000] {dag.py:3823} INFO - Setting next_dagrun for example_branch_dop_operator_v3 to 2026-04-14 21:39:00+00:00, run_after=2026-04-14 21:40:00+00:00
[2026-04-14T21:40:42.106+0000] {processor.py:183} INFO - Processing /home/airflow/.local/lib/python3.8/site-packages/airflow/example_dags/example_branch_python_dop_operator_3.py took 0.109 seconds
[2026-04-14T21:41:12.647+0000] {processor.py:161} INFO - Started process (PID=13141) to work on /home/airflow/.local/lib/python3.8/site-packages/airflow/example_dags/example_branch_python_dop_operator_3.py
[2026-04-14T21:41:12.648+0000] {processor.py:830} INFO - Processing file /home/airflow/.local/lib/python3.8/site-packages/airflow/example_dags/example_branch_python_dop_operator_3.py for tasks to queue
[2026-04-14T21:41:12.652+0000] {logging_mixin.py:188} INFO - [2026-04-14T21:41:12.651+0000] {dagbag.py:538} INFO - Filling up the DagBag from /home/airflow/.local/lib/python3.8/site-packages/airflow/example_dags/example_branch_python_dop_operator_3.py
[2026-04-14T21:41:12.665+0000] {processor.py:840} INFO - DAG(s) 'example_branch_dop_operator_v3' retrieved from /home/airflow/.local/lib/python3.8/site-packages/airflow/example_dags/example_branch_python_dop_operator_3.py
[2026-04-14T21:41:12.698+0000] {logging_mixin.py:188} INFO - [2026-04-14T21:41:12.697+0000] {dag.py:3036} INFO - Sync 1 DAGs
[2026-04-14T21:41:12.744+0000] {logging_mixin.py:188} INFO - [2026-04-14T21:41:12.743+0000] {dag.py:3823} INFO - Setting next_dagrun for example_branch_dop_operator_v3 to 2026-04-14 21:40:00+00:00, run_after=2026-04-14 21:41:00+00:00
[2026-04-14T21:41:12.779+0000] {processor.py:183} INFO - Processing /home/airflow/.local/lib/python3.8/site-packages/airflow/example_dags/example_branch_python_dop_operator_3.py took 0.137 seconds
[2026-04-14T21:41:43.056+0000] {processor.py:161} INFO - Started process (PID=13198) to work on /home/airflow/.local/lib/python3.8/site-packages/airflow/example_dags/example_branch_python_dop_operator_3.py
[2026-04-14T21:41:43.058+0000] {processor.py:830} INFO - Processing file /home/airflow/.local/lib/python3.8/site-packages/airflow/example_dags/example_branch_python_dop_operator_3.py for tasks to queue
[2026-04-14T21:41:43.060+0000] {logging_mixin.py:188} INFO - [2026-04-14T21:41:43.060+0000] {dagbag.py:538} INFO - Filling up the DagBag from /home/airflow/.local/lib/python3.8/site-packages/airflow/example_dags/example_branch_python_dop_operator_3.py
[2026-04-14T21:41:43.074+0000] {processor.py:840} INFO - DAG(s) 'example_branch_dop_operator_v3' retrieved from /home/airflow/.local/lib/python3.8/site-packages/airflow/example_dags/example_branch_python_dop_operator_3.py
[2026-04-14T21:41:43.113+0000] {logging_mixin.py:188} INFO - [2026-04-14T21:41:43.113+0000] {dag.py:3036} INFO - Sync 1 DAGs
[2026-04-14T21:41:43.161+0000] {logging_mixin.py:188} INFO - [2026-04-14T21:41:43.161+0000] {dag.py:3823} INFO - Setting next_dagrun for example_branch_dop_operator_v3 to 2026-04-14 21:40:00+00:00, run_after=2026-04-14 21:41:00+00:00
[2026-04-14T21:41:43.185+0000] {processor.py:183} INFO - Processing /home/airflow/.local/lib/python3.8/site-packages/airflow/example_dags/example_branch_python_dop_operator_3.py took 0.133 seconds
[2026-04-14T21:42:13.637+0000] {processor.py:161} INFO - Started process (PID=13256) to work on /home/airflow/.local/lib/python3.8/site-packages/airflow/example_dags/example_branch_python_dop_operator_3.py
[2026-04-14T21:42:13.639+0000] {processor.py:830} INFO - Processing file /home/airflow/.local/lib/python3.8/site-packages/airflow/example_dags/example_branch_python_dop_operator_3.py for tasks to queue
[2026-04-14T21:42:13.641+0000] {logging_mixin.py:188} INFO - [2026-04-14T21:42:13.641+0000] {dagbag.py:538} INFO - Filling up the DagBag from /home/airflow/.local/lib/python3.8/site-packages/airflow/example_dags/example_branch_python_dop_operator_3.py
[2026-04-14T21:42:13.654+0000] {processor.py:840} INFO - DAG(s) 'example_branch_dop_operator_v3' retrieved from /home/airflow/.local/lib/python3.8/site-packages/airflow/example_dags/example_branch_python_dop_operator_3.py
[2026-04-14T21:42:13.679+0000] {logging_mixin.py:188} INFO - [2026-04-14T21:42:13.678+0000] {dag.py:3036} INFO - Sync 1 DAGs
[2026-04-14T21:42:13.713+0000] {logging_mixin.py:188} INFO - [2026-04-14T21:42:13.712+0000] {dag.py:3823} INFO - Setting next_dagrun for example_branch_dop_operator_v3 to 2026-04-14 21:41:00+00:00, run_after=2026-04-14 21:42:00+00:00
[2026-04-14T21:42:13.743+0000] {processor.py:183} INFO - Processing /home/airflow/.local/lib/python3.8/site-packages/airflow/example_dags/example_branch_python_dop_operator_3.py took 0.111 seconds
[2026-04-14T21:42:44.332+0000] {processor.py:161} INFO - Started process (PID=13313) to work on /home/airflow/.local/lib/python3.8/site-packages/airflow/example_dags/example_branch_python_dop_operator_3.py
[2026-04-14T21:42:44.336+0000] {processor.py:830} INFO - Processing file /home/airflow/.local/lib/python3.8/site-packages/airflow/example_dags/example_branch_python_dop_operator_3.py for tasks to queue
[2026-04-14T21:42:44.339+0000] {logging_mixin.py:188} INFO - [2026-04-14T21:42:44.338+0000] {dagbag.py:538} INFO - Filling up the DagBag from /home/airflow/.local/lib/python3.8/site-packages/airflow/example_dags/example_branch_python_dop_operator_3.py
[2026-04-14T21:42:44.385+0000] {processor.py:840} INFO - DAG(s) 'example_branch_dop_operator_v3' retrieved from /home/airflow/.local/lib/python3.8/site-packages/airflow/example_dags/example_branch_python_dop_operator_3.py
[2026-04-14T21:42:44.474+0000] {logging_mixin.py:188} INFO - [2026-04-14T21:42:44.474+0000] {dag.py:3036} INFO - Sync 1 DAGs
[2026-04-14T21:42:44.523+0000] {logging_mixin.py:188} INFO - [2026-04-14T21:42:44.523+0000] {dag.py:3823} INFO - Setting next_dagrun for example_branch_dop_operator_v3 to 2026-04-14 21:41:00+00:00, run_after=2026-04-14 21:42:00+00:00
[2026-04-14T21:42:44.554+0000] {processor.py:183} INFO - Processing /home/airflow/.local/lib/python3.8/site-packages/airflow/example_dags/example_branch_python_dop_operator_3.py took 0.228 seconds
[2026-04-14T21:43:14.821+0000] {processor.py:161} INFO - Started process (PID=13370) to work on /home/airflow/.local/lib/python3.8/site-packages/airflow/example_dags/example_branch_python_dop_operator_3.py
[2026-04-14T21:43:14.823+0000] {processor.py:830} INFO - Processing file /home/airflow/.local/lib/python3.8/site-packages/airflow/example_dags/example_branch_python_dop_operator_3.py for tasks to queue
[2026-04-14T21:43:14.829+0000] {logging_mixin.py:188} INFO - [2026-04-14T21:43:14.827+0000] {dagbag.py:538} INFO - Filling up the DagBag from /home/airflow/.local/lib/python3.8/site-packages/airflow/example_dags/example_branch_python_dop_operator_3.py
[2026-04-14T21:43:14.850+0000] {processor.py:840} INFO - DAG(s) 'example_branch_dop_operator_v3' retrieved from /home/airflow/.local/lib/python3.8/site-packages/airflow/example_dags/example_branch_python_dop_operator_3.py
[2026-04-14T21:43:14.889+0000] {logging_mixin.py:188} INFO - [2026-04-14T21:43:14.888+0000] {dag.py:3036} INFO - Sync 1 DAGs
[2026-04-14T21:43:14.930+0000] {logging_mixin.py:188} INFO - [2026-04-14T21:43:14.930+0000] {dag.py:3823} INFO - Setting next_dagrun for example_branch_dop_operator_v3 to 2026-04-14 21:42:00+00:00, run_after=2026-04-14 21:43:00+00:00
[2026-04-14T21:43:14.968+0000] {processor.py:183} INFO - Processing /home/airflow/.local/lib/python3.8/site-packages/airflow/example_dags/example_branch_python_dop_operator_3.py took 0.153 seconds
[2026-04-14T21:43:45.317+0000] {processor.py:161} INFO - Started process (PID=13427) to work on /home/airflow/.local/lib/python3.8/site-packages/airflow/example_dags/example_branch_python_dop_operator_3.py
[2026-04-14T21:43:45.319+0000] {processor.py:830} INFO - Processing file /home/airflow/.local/lib/python3.8/site-packages/airflow/example_dags/example_branch_python_dop_operator_3.py for tasks to queue
[2026-04-14T21:43:45.322+0000] {logging_mixin.py:188} INFO - [2026-04-14T21:43:45.322+0000] {dagbag.py:538} INFO - Filling up the DagBag from /home/airflow/.local/lib/python3.8/site-packages/airflow/example_dags/example_branch_python_dop_operator_3.py
[2026-04-14T21:43:45.337+0000] {processor.py:840} INFO - DAG(s) 'example_branch_dop_operator_v3' retrieved from /home/airflow/.local/lib/python3.8/site-packages/airflow/example_dags/example_branch_python_dop_operator_3.py
[2026-04-14T21:43:45.373+0000] {logging_mixin.py:188} INFO - [2026-04-14T21:43:45.372+0000] {dag.py:3036} INFO - Sync 1 DAGs
[2026-04-14T21:43:45.409+0000] {logging_mixin.py:188} INFO - [2026-04-14T21:43:45.409+0000] {dag.py:3823} INFO - Setting next_dagrun for example_branch_dop_operator_v3 to 2026-04-14 21:42:00+00:00, run_after=2026-04-14 21:43:00+00:00
[2026-04-14T21:43:45.438+0000] {processor.py:183} INFO - Processing /home/airflow/.local/lib/python3.8/site-packages/airflow/example_dags/example_branch_python_dop_operator_3.py took 0.127 seconds
[2026-04-14T21:44:15.591+0000] {processor.py:161} INFO - Started process (PID=13484) to work on /home/airflow/.local/lib/python3.8/site-packages/airflow/example_dags/example_branch_python_dop_operator_3.py
[2026-04-14T21:44:15.593+0000] {processor.py:830} INFO - Processing file /home/airflow/.local/lib/python3.8/site-packages/airflow/example_dags/example_branch_python_dop_operator_3.py for tasks to queue
[2026-04-14T21:44:15.595+0000] {logging_mixin.py:188} INFO - [2026-04-14T21:44:15.595+0000] {dagbag.py:538} INFO - Filling up the DagBag from /home/airflow/.local/lib/python3.8/site-packages/airflow/example_dags/example_branch_python_dop_operator_3.py
[2026-04-14T21:44:15.604+0000] {processor.py:840} INFO - DAG(s) 'example_branch_dop_operator_v3' retrieved from /home/airflow/.local/lib/python3.8/site-packages/airflow/example_dags/example_branch_python_dop_operator_3.py
[2026-04-14T21:44:15.631+0000] {logging_mixin.py:188} INFO - [2026-04-14T21:44:15.631+0000] {dag.py:3036} INFO - Sync 1 DAGs
[2026-04-14T21:44:15.658+0000] {logging_mixin.py:188} INFO - [2026-04-14T21:44:15.657+0000] {dag.py:3823} INFO - Setting next_dagrun for example_branch_dop_operator_v3 to 2026-04-14 21:43:00+00:00, run_after=2026-04-14 21:44:00+00:00
[2026-04-14T21:44:15.681+0000] {processor.py:183} INFO - Processing /home/airflow/.local/lib/python3.8/site-packages/airflow/example_dags/example_branch_python_dop_operator_3.py took 0.093 seconds
[2026-04-14T21:44:45.935+0000] {processor.py:161} INFO - Started process (PID=13541) to work on /home/airflow/.local/lib/python3.8/site-packages/airflow/example_dags/example_branch_python_dop_operator_3.py
[2026-04-14T21:44:45.937+0000] {processor.py:830} INFO - Processing file /home/airflow/.local/lib/python3.8/site-packages/airflow/example_dags/example_branch_python_dop_operator_3.py for tasks to queue
[2026-04-14T21:44:45.939+0000] {logging_mixin.py:188} INFO - [2026-04-14T21:44:45.939+0000] {dagbag.py:538} INFO - Filling up the DagBag from /home/airflow/.local/lib/python3.8/site-packages/airflow/example_dags/example_branch_python_dop_operator_3.py
[2026-04-14T21:44:45.955+0000] {processor.py:840} INFO - DAG(s) 'example_branch_dop_operator_v3' retrieved from /home/airflow/.local/lib/python3.8/site-packages/airflow/example_dags/example_branch_python_dop_operator_3.py
[2026-04-14T21:44:45.988+0000] {logging_mixin.py:188} INFO - [2026-04-14T21:44:45.987+0000] {dag.py:3036} INFO - Sync 1 DAGs
[2026-04-14T21:44:46.028+0000] {logging_mixin.py:188} INFO - [2026-04-14T21:44:46.028+0000] {dag.py:3823} INFO - Setting next_dagrun for example_branch_dop_operator_v3 to 2026-04-14 21:43:00+00:00, run_after=2026-04-14 21:44:00+00:00
[2026-04-14T21:44:46.067+0000] {processor.py:183} INFO - Processing /home/airflow/.local/lib/python3.8/site-packages/airflow/example_dags/example_branch_python_dop_operator_3.py took 0.140 seconds
[2026-04-14T21:45:16.444+0000] {processor.py:161} INFO - Started process (PID=13598) to work on /home/airflow/.local/lib/python3.8/site-packages/airflow/example_dags/example_branch_python_dop_operator_3.py
[2026-04-14T21:45:16.445+0000] {processor.py:830} INFO - Processing file /home/airflow/.local/lib/python3.8/site-packages/airflow/example_dags/example_branch_python_dop_operator_3.py for tasks to queue
[2026-04-14T21:45:16.447+0000] {logging_mixin.py:188} INFO - [2026-04-14T21:45:16.447+0000] {dagbag.py:538} INFO - Filling up the DagBag from /home/airflow/.local/lib/python3.8/site-packages/airflow/example_dags/example_branch_python_dop_operator_3.py
[2026-04-14T21:45:16.459+0000] {processor.py:840} INFO - DAG(s) 'example_branch_dop_operator_v3' retrieved from /home/airflow/.local/lib/python3.8/site-packages/airflow/example_dags/example_branch_python_dop_operator_3.py
[2026-04-14T21:45:16.488+0000] {logging_mixin.py:188} INFO - [2026-04-14T21:45:16.487+0000] {dag.py:3036} INFO - Sync 1 DAGs
[2026-04-14T21:45:16.520+0000] {logging_mixin.py:188} INFO - [2026-04-14T21:45:16.520+0000] {dag.py:3823} INFO - Setting next_dagrun for example_branch_dop_operator_v3 to 2026-04-14 21:44:00+00:00, run_after=2026-04-14 21:45:00+00:00
[2026-04-14T21:45:16.550+0000] {processor.py:183} INFO - Processing /home/airflow/.local/lib/python3.8/site-packages/airflow/example_dags/example_branch_python_dop_operator_3.py took 0.111 seconds
[2026-04-14T21:45:46.805+0000] {processor.py:161} INFO - Started process (PID=13655) to work on /home/airflow/.local/lib/python3.8/site-packages/airflow/example_dags/example_branch_python_dop_operator_3.py
[2026-04-14T21:45:46.807+0000] {processor.py:830} INFO - Processing file /home/airflow/.local/lib/python3.8/site-packages/airflow/example_dags/example_branch_python_dop_operator_3.py for tasks to queue
[2026-04-14T21:45:46.810+0000] {logging_mixin.py:188} INFO - [2026-04-14T21:45:46.809+0000] {dagbag.py:538} INFO - Filling up the DagBag from /home/airflow/.local/lib/python3.8/site-packages/airflow/example_dags/example_branch_python_dop_operator_3.py
[2026-04-14T21:45:46.820+0000] {processor.py:840} INFO - DAG(s) 'example_branch_dop_operator_v3' retrieved from /home/airflow/.local/lib/python3.8/site-packages/airflow/example_dags/example_branch_python_dop_operator_3.py
[2026-04-14T21:45:46.848+0000] {logging_mixin.py:188} INFO - [2026-04-14T21:45:46.848+0000] {dag.py:3036} INFO - Sync 1 DAGs
[2026-04-14T21:45:46.881+0000] {logging_mixin.py:188} INFO - [2026-04-14T21:45:46.880+0000] {dag.py:3823} INFO - Setting next_dagrun for example_branch_dop_operator_v3 to 2026-04-14 21:44:00+00:00, run_after=2026-04-14 21:45:00+00:00
[2026-04-14T21:45:46.912+0000] {processor.py:183} INFO - Processing /home/airflow/.local/lib/python3.8/site-packages/airflow/example_dags/example_branch_python_dop_operator_3.py took 0.112 seconds
[2026-04-14T21:46:17.592+0000] {processor.py:161} INFO - Started process (PID=13712) to work on /home/airflow/.local/lib/python3.8/site-packages/airflow/example_dags/example_branch_python_dop_operator_3.py
[2026-04-14T21:46:17.594+0000] {processor.py:830} INFO - Processing file /home/airflow/.local/lib/python3.8/site-packages/airflow/example_dags/example_branch_python_dop_operator_3.py for tasks to queue
[2026-04-14T21:46:17.598+0000] {logging_mixin.py:188} INFO - [2026-04-14T21:46:17.597+0000] {dagbag.py:538} INFO - Filling up the DagBag from /home/airflow/.local/lib/python3.8/site-packages/airflow/example_dags/example_branch_python_dop_operator_3.py
[2026-04-14T21:46:17.608+0000] {processor.py:840} INFO - DAG(s) 'example_branch_dop_operator_v3' retrieved from /home/airflow/.local/lib/python3.8/site-packages/airflow/example_dags/example_branch_python_dop_operator_3.py
[2026-04-14T21:46:17.634+0000] {logging_mixin.py:188} INFO - [2026-04-14T21:46:17.634+0000] {dag.py:3036} INFO - Sync 1 DAGs
[2026-04-14T21:46:17.674+0000] {logging_mixin.py:188} INFO - [2026-04-14T21:46:17.674+0000] {dag.py:3823} INFO - Setting next_dagrun for example_branch_dop_operator_v3 to 2026-04-14 21:45:00+00:00, run_after=2026-04-14 21:46:00+00:00
[2026-04-14T21:46:17.708+0000] {processor.py:183} INFO - Processing /home/airflow/.local/lib/python3.8/site-packages/airflow/example_dags/example_branch_python_dop_operator_3.py took 0.121 seconds
[2026-04-14T21:46:48.294+0000] {processor.py:161} INFO - Started process (PID=13769) to work on /home/airflow/.local/lib/python3.8/site-packages/airflow/example_dags/example_branch_python_dop_operator_3.py
[2026-04-14T21:46:48.296+0000] {processor.py:830} INFO - Processing file /home/airflow/.local/lib/python3.8/site-packages/airflow/example_dags/example_branch_python_dop_operator_3.py for tasks to queue
[2026-04-14T21:46:48.298+0000] {logging_mixin.py:188} INFO - [2026-04-14T21:46:48.298+0000] {dagbag.py:538} INFO - Filling up the DagBag from /home/airflow/.local/lib/python3.8/site-packages/airflow/example_dags/example_branch_python_dop_operator_3.py
[2026-04-14T21:46:48.308+0000] {processor.py:840} INFO - DAG(s) 'example_branch_dop_operator_v3' retrieved from /home/airflow/.local/lib/python3.8/site-packages/airflow/example_dags/example_branch_python_dop_operator_3.py
[2026-04-14T21:46:48.333+0000] {logging_mixin.py:188} INFO - [2026-04-14T21:46:48.333+0000] {dag.py:3036} INFO - Sync 1 DAGs
[2026-04-14T21:46:48.363+0000] {logging_mixin.py:188} INFO - [2026-04-14T21:46:48.362+0000] {dag.py:3823} INFO - Setting next_dagrun for example_branch_dop_operator_v3 to 2026-04-14 21:45:00+00:00, run_after=2026-04-14 21:46:00+00:00
[2026-04-14T21:46:48.386+0000] {processor.py:183} INFO - Processing /home/airflow/.local/lib/python3.8/site-packages/airflow/example_dags/example_branch_python_dop_operator_3.py took 0.096 seconds
[2026-04-14T21:47:19.376+0000] {processor.py:161} INFO - Started process (PID=13826) to work on /home/airflow/.local/lib/python3.8/site-packages/airflow/example_dags/example_branch_python_dop_operator_3.py
[2026-04-14T21:47:19.379+0000] {processor.py:830} INFO - Processing file /home/airflow/.local/lib/python3.8/site-packages/airflow/example_dags/example_branch_python_dop_operator_3.py for tasks to queue
[2026-04-14T21:47:19.382+0000] {logging_mixin.py:188} INFO - [2026-04-14T21:47:19.382+0000] {dagbag.py:538} INFO - Filling up the DagBag from /home/airflow/.local/lib/python3.8/site-packages/airflow/example_dags/example_branch_python_dop_operator_3.py
[2026-04-14T21:47:19.395+0000] {processor.py:840} INFO - DAG(s) 'example_branch_dop_operator_v3' retrieved from /home/airflow/.local/lib/python3.8/site-packages/airflow/example_dags/example_branch_python_dop_operator_3.py
[2026-04-14T21:47:19.426+0000] {logging_mixin.py:188} INFO - [2026-04-14T21:47:19.425+0000] {dag.py:3036} INFO - Sync 1 DAGs
[2026-04-14T21:47:19.464+0000] {logging_mixin.py:188} INFO - [2026-04-14T21:47:19.464+0000] {dag.py:3823} INFO - Setting next_dagrun for example_branch_dop_operator_v3 to 2026-04-14 21:46:00+00:00, run_after=2026-04-14 21:47:00+00:00
[2026-04-14T21:47:19.495+0000] {processor.py:183} INFO - Processing /home/airflow/.local/lib/python3.8/site-packages/airflow/example_dags/example_branch_python_dop_operator_3.py took 0.124 seconds
[2026-04-14T21:47:50.025+0000] {processor.py:161} INFO - Started process (PID=13883) to work on /home/airflow/.local/lib/python3.8/site-packages/airflow/example_dags/example_branch_python_dop_operator_3.py
[2026-04-14T21:47:50.026+0000] {processor.py:830} INFO - Processing file /home/airflow/.local/lib/python3.8/site-packages/airflow/example_dags/example_branch_python_dop_operator_3.py for tasks to queue
[2026-04-14T21:47:50.030+0000] {logging_mixin.py:188} INFO - [2026-04-14T21:47:50.029+0000] {dagbag.py:538} INFO - Filling up the DagBag from /home/airflow/.local/lib/python3.8/site-packages/airflow/example_dags/example_branch_python_dop_operator_3.py
[2026-04-14T21:47:50.047+0000] {processor.py:840} INFO - DAG(s) 'example_branch_dop_operator_v3' retrieved from /home/airflow/.local/lib/python3.8/site-packages/airflow/example_dags/example_branch_python_dop_operator_3.py
[2026-04-14T21:47:50.074+0000] {logging_mixin.py:188} INFO - [2026-04-14T21:47:50.074+0000] {dag.py:3036} INFO - Sync 1 DAGs
[2026-04-14T21:47:50.112+0000] {logging_mixin.py:188} INFO - [2026-04-14T21:47:50.111+0000] {dag.py:3823} INFO - Setting next_dagrun for example_branch_dop_operator_v3 to 2026-04-14 21:46:00+00:00, run_after=2026-04-14 21:47:00+00:00
[2026-04-14T21:47:50.136+0000] {processor.py:183} INFO - Processing /home/airflow/.local/lib/python3.8/site-packages/airflow/example_dags/example_branch_python_dop_operator_3.py took 0.118 seconds
[2026-04-14T21:48:20.218+0000] {processor.py:161} INFO - Started process (PID=13940) to work on /home/airflow/.local/lib/python3.8/site-packages/airflow/example_dags/example_branch_python_dop_operator_3.py
[2026-04-14T21:48:20.220+0000] {processor.py:830} INFO - Processing file /home/airflow/.local/lib/python3.8/site-packages/airflow/example_dags/example_branch_python_dop_operator_3.py for tasks to queue
[2026-04-14T21:48:20.223+0000] {logging_mixin.py:188} INFO - [2026-04-14T21:48:20.223+0000] {dagbag.py:538} INFO - Filling up the DagBag from /home/airflow/.local/lib/python3.8/site-packages/airflow/example_dags/example_branch_python_dop_operator_3.py
[2026-04-14T21:48:20.239+0000] {processor.py:840} INFO - DAG(s) 'example_branch_dop_operator_v3' retrieved from /home/airflow/.local/lib/python3.8/site-packages/airflow/example_dags/example_branch_python_dop_operator_3.py
[2026-04-14T21:48:20.276+0000] {logging_mixin.py:188} INFO - [2026-04-14T21:48:20.275+0000] {dag.py:3036} INFO - Sync 1 DAGs
[2026-04-14T21:48:20.314+0000] {logging_mixin.py:188} INFO - [2026-04-14T21:48:20.314+0000] {dag.py:3823} INFO - Setting next_dagrun for example_branch_dop_operator_v3 to 2026-04-14 21:47:00+00:00, run_after=2026-04-14 21:48:00+00:00
[2026-04-14T21:48:20.346+0000] {processor.py:183} INFO - Processing /home/airflow/.local/lib/python3.8/site-packages/airflow/example_dags/example_branch_python_dop_operator_3.py took 0.134 seconds
[2026-04-14T21:48:53.331+0000] {processor.py:161} INFO - Started process (PID=13997) to work on /home/airflow/.local/lib/python3.8/site-packages/airflow/example_dags/example_branch_python_dop_operator_3.py
[2026-04-14T21:48:53.332+0000] {processor.py:830} INFO - Processing file /home/airflow/.local/lib/python3.8/site-packages/airflow/example_dags/example_branch_python_dop_operator_3.py for tasks to queue
[2026-04-14T21:48:53.335+0000] {logging_mixin.py:188} INFO - [2026-04-14T21:48:53.334+0000] {dagbag.py:538} INFO - Filling up the DagBag from /home/airflow/.local/lib/python3.8/site-packages/airflow/example_dags/example_branch_python_dop_operator_3.py
[2026-04-14T21:48:53.348+0000] {processor.py:840} INFO - DAG(s) 'example_branch_dop_operator_v3' retrieved from /home/airflow/.local/lib/python3.8/site-packages/airflow/example_dags/example_branch_python_dop_operator_3.py
[2026-04-14T21:48:53.377+0000] {logging_mixin.py:188} INFO - [2026-04-14T21:48:53.376+0000] {dag.py:3036} INFO - Sync 1 DAGs
[2026-04-14T21:48:53.407+0000] {logging_mixin.py:188} INFO - [2026-04-14T21:48:53.407+0000] {dag.py:3823} INFO - Setting next_dagrun for example_branch_dop_operator_v3 to 2026-04-14 21:47:00+00:00, run_after=2026-04-14 21:48:00+00:00
[2026-04-14T21:48:53.692+0000] {processor.py:183} INFO - Processing /home/airflow/.local/lib/python3.8/site-packages/airflow/example_dags/example_branch_python_dop_operator_3.py took 0.365 seconds
[2026-04-14T21:49:24.009+0000] {processor.py:161} INFO - Started process (PID=14054) to work on /home/airflow/.local/lib/python3.8/site-packages/airflow/example_dags/example_branch_python_dop_operator_3.py
[2026-04-14T21:49:24.013+0000] {processor.py:830} INFO - Processing file /home/airflow/.local/lib/python3.8/site-packages/airflow/example_dags/example_branch_python_dop_operator_3.py for tasks to queue
[2026-04-14T21:49:24.017+0000] {logging_mixin.py:188} INFO - [2026-04-14T21:49:24.016+0000] {dagbag.py:538} INFO - Filling up the DagBag from /home/airflow/.local/lib/python3.8/site-packages/airflow/example_dags/example_branch_python_dop_operator_3.py
[2026-04-14T21:49:24.043+0000] {processor.py:840} INFO - DAG(s) 'example_branch_dop_operator_v3' retrieved from /home/airflow/.local/lib/python3.8/site-packages/airflow/example_dags/example_branch_python_dop_operator_3.py
[2026-04-14T21:49:24.079+0000] {logging_mixin.py:188} INFO - [2026-04-14T21:49:24.079+0000] {dag.py:3036} INFO - Sync 1 DAGs
[2026-04-14T21:49:24.166+0000] {logging_mixin.py:188} INFO - [2026-04-14T21:49:24.166+0000] {dag.py:3823} INFO - Setting next_dagrun for example_branch_dop_operator_v3 to 2026-04-14 21:48:00+00:00, run_after=2026-04-14 21:49:00+00:00
[2026-04-14T21:49:24.304+0000] {processor.py:183} INFO - Processing /home/airflow/.local/lib/python3.8/site-packages/airflow/example_dags/example_branch_python_dop_operator_3.py took 0.301 seconds
[2026-04-14T21:49:54.550+0000] {processor.py:161} INFO - Started process (PID=14109) to work on /home/airflow/.local/lib/python3.8/site-packages/airflow/example_dags/example_branch_python_dop_operator_3.py
[2026-04-14T21:49:54.552+0000] {processor.py:830} INFO - Processing file /home/airflow/.local/lib/python3.8/site-packages/airflow/example_dags/example_branch_python_dop_operator_3.py for tasks to queue
[2026-04-14T21:49:54.554+0000] {logging_mixin.py:188} INFO - [2026-04-14T21:49:54.553+0000] {dagbag.py:538} INFO - Filling up the DagBag from /home/airflow/.local/lib/python3.8/site-packages/airflow/example_dags/example_branch_python_dop_operator_3.py
[2026-04-14T21:49:54.563+0000] {processor.py:840} INFO - DAG(s) 'example_branch_dop_operator_v3' retrieved from /home/airflow/.local/lib/python3.8/site-packages/airflow/example_dags/example_branch_python_dop_operator_3.py
[2026-04-14T21:49:54.586+0000] {logging_mixin.py:188} INFO - [2026-04-14T21:49:54.586+0000] {dag.py:3036} INFO - Sync 1 DAGs
[2026-04-14T21:49:54.612+0000] {logging_mixin.py:188} INFO - [2026-04-14T21:49:54.611+0000] {dag.py:3823} INFO - Setting next_dagrun for example_branch_dop_operator_v3 to 2026-04-14 21:48:00+00:00, run_after=2026-04-14 21:49:00+00:00
[2026-04-14T21:49:54.785+0000] {processor.py:183} INFO - Processing /home/airflow/.local/lib/python3.8/site-packages/airflow/example_dags/example_branch_python_dop_operator_3.py took 0.238 seconds
[2026-04-14T21:50:24.974+0000] {processor.py:161} INFO - Started process (PID=14166) to work on /home/airflow/.local/lib/python3.8/site-packages/airflow/example_dags/example_branch_python_dop_operator_3.py
[2026-04-14T21:50:24.976+0000] {processor.py:830} INFO - Processing file /home/airflow/.local/lib/python3.8/site-packages/airflow/example_dags/example_branch_python_dop_operator_3.py for tasks to queue
[2026-04-14T21:50:24.978+0000] {logging_mixin.py:188} INFO - [2026-04-14T21:50:24.978+0000] {dagbag.py:538} INFO - Filling up the DagBag from /home/airflow/.local/lib/python3.8/site-packages/airflow/example_dags/example_branch_python_dop_operator_3.py
[2026-04-14T21:50:24.990+0000] {processor.py:840} INFO - DAG(s) 'example_branch_dop_operator_v3' retrieved from /home/airflow/.local/lib/python3.8/site-packages/airflow/example_dags/example_branch_python_dop_operator_3.py
[2026-04-14T21:50:25.018+0000] {logging_mixin.py:188} INFO - [2026-04-14T21:50:25.017+0000] {dag.py:3036} INFO - Sync 1 DAGs
[2026-04-14T21:50:25.059+0000] {logging_mixin.py:188} INFO - [2026-04-14T21:50:25.058+0000] {dag.py:3823} INFO - Setting next_dagrun for example_branch_dop_operator_v3 to 2026-04-14 21:49:00+00:00, run_after=2026-04-14 21:50:00+00:00
[2026-04-14T21:50:25.094+0000] {processor.py:183} INFO - Processing /home/airflow/.local/lib/python3.8/site-packages/airflow/example_dags/example_branch_python_dop_operator_3.py took 0.125 seconds
[2026-04-14T21:50:55.370+0000] {processor.py:161} INFO - Started process (PID=14223) to work on /home/airflow/.local/lib/python3.8/site-packages/airflow/example_dags/example_branch_python_dop_operator_3.py
[2026-04-14T21:50:55.372+0000] {processor.py:830} INFO - Processing file /home/airflow/.local/lib/python3.8/site-packages/airflow/example_dags/example_branch_python_dop_operator_3.py for tasks to queue
[2026-04-14T21:50:55.375+0000] {logging_mixin.py:188} INFO - [2026-04-14T21:50:55.375+0000] {dagbag.py:538} INFO - Filling up the DagBag from /home/airflow/.local/lib/python3.8/site-packages/airflow/example_dags/example_branch_python_dop_operator_3.py
[2026-04-14T21:50:55.392+0000] {processor.py:840} INFO - DAG(s) 'example_branch_dop_operator_v3' retrieved from /home/airflow/.local/lib/python3.8/site-packages/airflow/example_dags/example_branch_python_dop_operator_3.py
[2026-04-14T21:50:55.423+0000] {logging_mixin.py:188} INFO - [2026-04-14T21:50:55.422+0000] {dag.py:3036} INFO - Sync 1 DAGs
[2026-04-14T21:50:55.460+0000] {logging_mixin.py:188} INFO - [2026-04-14T21:50:55.459+0000] {dag.py:3823} INFO - Setting next_dagrun for example_branch_dop_operator_v3 to 2026-04-14 21:49:00+00:00, run_after=2026-04-14 21:50:00+00:00
[2026-04-14T21:50:55.483+0000] {processor.py:183} INFO - Processing /home/airflow/.local/lib/python3.8/site-packages/airflow/example_dags/example_branch_python_dop_operator_3.py took 0.120 seconds
[2026-04-14T21:51:25.753+0000] {processor.py:161} INFO - Started process (PID=14280) to work on /home/airflow/.local/lib/python3.8/site-packages/airflow/example_dags/example_branch_python_dop_operator_3.py
[2026-04-14T21:51:25.754+0000] {processor.py:830} INFO - Processing file /home/airflow/.local/lib/python3.8/site-packages/airflow/example_dags/example_branch_python_dop_operator_3.py for tasks to queue
[2026-04-14T21:51:25.757+0000] {logging_mixin.py:188} INFO - [2026-04-14T21:51:25.756+0000] {dagbag.py:538} INFO - Filling up the DagBag from /home/airflow/.local/lib/python3.8/site-packages/airflow/example_dags/example_branch_python_dop_operator_3.py
[2026-04-14T21:51:25.767+0000] {processor.py:840} INFO - DAG(s) 'example_branch_dop_operator_v3' retrieved from /home/airflow/.local/lib/python3.8/site-packages/airflow/example_dags/example_branch_python_dop_operator_3.py
[2026-04-14T21:51:25.789+0000] {logging_mixin.py:188} INFO - [2026-04-14T21:51:25.789+0000] {dag.py:3036} INFO - Sync 1 DAGs
[2026-04-14T21:51:25.812+0000] {logging_mixin.py:188} INFO - [2026-04-14T21:51:25.812+0000] {dag.py:3823} INFO - Setting next_dagrun for example_branch_dop_operator_v3 to 2026-04-14 21:50:00+00:00, run_after=2026-04-14 21:51:00+00:00
[2026-04-14T21:51:25.835+0000] {processor.py:183} INFO - Processing /home/airflow/.local/lib/python3.8/site-packages/airflow/example_dags/example_branch_python_dop_operator_3.py took 0.085 seconds
[2026-04-14T21:51:56.277+0000] {processor.py:161} INFO - Started process (PID=14337) to work on /home/airflow/.local/lib/python3.8/site-packages/airflow/example_dags/example_branch_python_dop_operator_3.py
[2026-04-14T21:51:56.278+0000] {processor.py:830} INFO - Processing file /home/airflow/.local/lib/python3.8/site-packages/airflow/example_dags/example_branch_python_dop_operator_3.py for tasks to queue
[2026-04-14T21:51:56.280+0000] {logging_mixin.py:188} INFO - [2026-04-14T21:51:56.280+0000] {dagbag.py:538} INFO - Filling up the DagBag from /home/airflow/.local/lib/python3.8/site-packages/airflow/example_dags/example_branch_python_dop_operator_3.py
[2026-04-14T21:51:56.293+0000] {processor.py:840} INFO - DAG(s) 'example_branch_dop_operator_v3' retrieved from /home/airflow/.local/lib/python3.8/site-packages/airflow/example_dags/example_branch_python_dop_operator_3.py
[2026-04-14T21:51:56.320+0000] {logging_mixin.py:188} INFO - [2026-04-14T21:51:56.320+0000] {dag.py:3036} INFO - Sync 1 DAGs
[2026-04-14T21:51:56.359+0000] {logging_mixin.py:188} INFO - [2026-04-14T21:51:56.358+0000] {dag.py:3823} INFO - Setting next_dagrun for example_branch_dop_operator_v3 to 2026-04-14 21:50:00+00:00, run_after=2026-04-14 21:51:00+00:00
[2026-04-14T21:51:56.385+0000] {processor.py:183} INFO - Processing /home/airflow/.local/lib/python3.8/site-packages/airflow/example_dags/example_branch_python_dop_operator_3.py took 0.112 seconds
[2026-04-14T21:52:26.491+0000] {processor.py:161} INFO - Started process (PID=14394) to work on /home/airflow/.local/lib/python3.8/site-packages/airflow/example_dags/example_branch_python_dop_operator_3.py
[2026-04-14T21:52:26.493+0000] {processor.py:830} INFO - Processing file /home/airflow/.local/lib/python3.8/site-packages/airflow/example_dags/example_branch_python_dop_operator_3.py for tasks to queue
[2026-04-14T21:52:26.495+0000] {logging_mixin.py:188} INFO - [2026-04-14T21:52:26.494+0000] {dagbag.py:538} INFO - Filling up the DagBag from /home/airflow/.local/lib/python3.8/site-packages/airflow/example_dags/example_branch_python_dop_operator_3.py
[2026-04-14T21:52:26.506+0000] {processor.py:840} INFO - DAG(s) 'example_branch_dop_operator_v3' retrieved from /home/airflow/.local/lib/python3.8/site-packages/airflow/example_dags/example_branch_python_dop_operator_3.py
[2026-04-14T21:52:26.534+0000] {logging_mixin.py:188} INFO - [2026-04-14T21:52:26.534+0000] {dag.py:3036} INFO - Sync 1 DAGs
[2026-04-14T21:52:26.558+0000] {logging_mixin.py:188} INFO - [2026-04-14T21:52:26.558+0000] {dag.py:3823} INFO - Setting next_dagrun for example_branch_dop_operator_v3 to 2026-04-14 21:51:00+00:00, run_after=2026-04-14 21:52:00+00:00
[2026-04-14T21:52:26.582+0000] {processor.py:183} INFO - Processing /home/airflow/.local/lib/python3.8/site-packages/airflow/example_dags/example_branch_python_dop_operator_3.py took 0.094 seconds
[2026-04-14T21:52:56.890+0000] {processor.py:161} INFO - Started process (PID=14452) to work on /home/airflow/.local/lib/python3.8/site-packages/airflow/example_dags/example_branch_python_dop_operator_3.py
[2026-04-14T21:52:56.891+0000] {processor.py:830} INFO - Processing file /home/airflow/.local/lib/python3.8/site-packages/airflow/example_dags/example_branch_python_dop_operator_3.py for tasks to queue
[2026-04-14T21:52:56.894+0000] {logging_mixin.py:188} INFO - [2026-04-14T21:52:56.893+0000] {dagbag.py:538} INFO - Filling up the DagBag from /home/airflow/.local/lib/python3.8/site-packages/airflow/example_dags/example_branch_python_dop_operator_3.py
[2026-04-14T21:52:56.906+0000] {processor.py:840} INFO - DAG(s) 'example_branch_dop_operator_v3' retrieved from /home/airflow/.local/lib/python3.8/site-packages/airflow/example_dags/example_branch_python_dop_operator_3.py
[2026-04-14T21:52:56.937+0000] {logging_mixin.py:188} INFO - [2026-04-14T21:52:56.936+0000] {dag.py:3036} INFO - Sync 1 DAGs
[2026-04-14T21:52:56.970+0000] {logging_mixin.py:188} INFO - [2026-04-14T21:52:56.969+0000] {dag.py:3823} INFO - Setting next_dagrun for example_branch_dop_operator_v3 to 2026-04-14 21:51:00+00:00, run_after=2026-04-14 21:52:00+00:00
[2026-04-14T21:52:56.997+0000] {processor.py:183} INFO - Processing /home/airflow/.local/lib/python3.8/site-packages/airflow/example_dags/example_branch_python_dop_operator_3.py took 0.114 seconds
[2026-04-14T21:53:27.315+0000] {processor.py:161} INFO - Started process (PID=14509) to work on /home/airflow/.local/lib/python3.8/site-packages/airflow/example_dags/example_branch_python_dop_operator_3.py
[2026-04-14T21:53:27.317+0000] {processor.py:830} INFO - Processing file /home/airflow/.local/lib/python3.8/site-packages/airflow/example_dags/example_branch_python_dop_operator_3.py for tasks to queue
[2026-04-14T21:53:27.319+0000] {logging_mixin.py:188} INFO - [2026-04-14T21:53:27.318+0000] {dagbag.py:538} INFO - Filling up the DagBag from /home/airflow/.local/lib/python3.8/site-packages/airflow/example_dags/example_branch_python_dop_operator_3.py
[2026-04-14T21:53:27.327+0000] {processor.py:840} INFO - DAG(s) 'example_branch_dop_operator_v3' retrieved from /home/airflow/.local/lib/python3.8/site-packages/airflow/example_dags/example_branch_python_dop_operator_3.py
[2026-04-14T21:53:27.350+0000] {logging_mixin.py:188} INFO - [2026-04-14T21:53:27.350+0000] {dag.py:3036} INFO - Sync 1 DAGs
[2026-04-14T21:53:27.384+0000] {logging_mixin.py:188} INFO - [2026-04-14T21:53:27.384+0000] {dag.py:3823} INFO - Setting next_dagrun for example_branch_dop_operator_v3 to 2026-04-14 21:52:00+00:00, run_after=2026-04-14 21:53:00+00:00
[2026-04-14T21:53:27.407+0000] {processor.py:183} INFO - Processing /home/airflow/.local/lib/python3.8/site-packages/airflow/example_dags/example_branch_python_dop_operator_3.py took 0.096 seconds
[2026-04-14T21:53:57.663+0000] {processor.py:161} INFO - Started process (PID=14566) to work on /home/airflow/.local/lib/python3.8/site-packages/airflow/example_dags/example_branch_python_dop_operator_3.py
[2026-04-14T21:53:57.665+0000] {processor.py:830} INFO - Processing file /home/airflow/.local/lib/python3.8/site-packages/airflow/example_dags/example_branch_python_dop_operator_3.py for tasks to queue
[2026-04-14T21:53:57.667+0000] {logging_mixin.py:188} INFO - [2026-04-14T21:53:57.667+0000] {dagbag.py:538} INFO - Filling up the DagBag from /home/airflow/.local/lib/python3.8/site-packages/airflow/example_dags/example_branch_python_dop_operator_3.py
[2026-04-14T21:53:57.676+0000] {processor.py:840} INFO - DAG(s) 'example_branch_dop_operator_v3' retrieved from /home/airflow/.local/lib/python3.8/site-packages/airflow/example_dags/example_branch_python_dop_operator_3.py
[2026-04-14T21:53:57.699+0000] {logging_mixin.py:188} INFO - [2026-04-14T21:53:57.698+0000] {dag.py:3036} INFO - Sync 1 DAGs
[2026-04-14T21:53:57.722+0000] {logging_mixin.py:188} INFO - [2026-04-14T21:53:57.722+0000] {dag.py:3823} INFO - Setting next_dagrun for example_branch_dop_operator_v3 to 2026-04-14 21:52:00+00:00, run_after=2026-04-14 21:53:00+00:00
[2026-04-14T21:53:57.744+0000] {processor.py:183} INFO - Processing /home/airflow/.local/lib/python3.8/site-packages/airflow/example_dags/example_branch_python_dop_operator_3.py took 0.085 seconds
[2026-04-14T21:54:27.824+0000] {processor.py:161} INFO - Started process (PID=14624) to work on /home/airflow/.local/lib/python3.8/site-packages/airflow/example_dags/example_branch_python_dop_operator_3.py
[2026-04-14T21:54:27.826+0000] {processor.py:830} INFO - Processing file /home/airflow/.local/lib/python3.8/site-packages/airflow/example_dags/example_branch_python_dop_operator_3.py for tasks to queue
[2026-04-14T21:54:27.829+0000] {logging_mixin.py:188} INFO - [2026-04-14T21:54:27.829+0000] {dagbag.py:538} INFO - Filling up the DagBag from /home/airflow/.local/lib/python3.8/site-packages/airflow/example_dags/example_branch_python_dop_operator_3.py
[2026-04-14T21:54:27.839+0000] {processor.py:840} INFO - DAG(s) 'example_branch_dop_operator_v3' retrieved from /home/airflow/.local/lib/python3.8/site-packages/airflow/example_dags/example_branch_python_dop_operator_3.py
[2026-04-14T21:54:27.863+0000] {logging_mixin.py:188} INFO - [2026-04-14T21:54:27.863+0000] {dag.py:3036} INFO - Sync 1 DAGs
[2026-04-14T21:54:27.895+0000] {logging_mixin.py:188} INFO - [2026-04-14T21:54:27.894+0000] {dag.py:3823} INFO - Setting next_dagrun for example_branch_dop_operator_v3 to 2026-04-14 21:53:00+00:00, run_after=2026-04-14 21:54:00+00:00
[2026-04-14T21:54:27.928+0000] {processor.py:183} INFO - Processing /home/airflow/.local/lib/python3.8/site-packages/airflow/example_dags/example_branch_python_dop_operator_3.py took 0.108 seconds
[2026-04-14T21:54:58.343+0000] {processor.py:161} INFO - Started process (PID=14681) to work on /home/airflow/.local/lib/python3.8/site-packages/airflow/example_dags/example_branch_python_dop_operator_3.py
[2026-04-14T21:54:58.344+0000] {processor.py:830} INFO - Processing file /home/airflow/.local/lib/python3.8/site-packages/airflow/example_dags/example_branch_python_dop_operator_3.py for tasks to queue
[2026-04-14T21:54:58.347+0000] {logging_mixin.py:188} INFO - [2026-04-14T21:54:58.346+0000] {dagbag.py:538} INFO - Filling up the DagBag from /home/airflow/.local/lib/python3.8/site-packages/airflow/example_dags/example_branch_python_dop_operator_3.py
[2026-04-14T21:54:58.355+0000] {processor.py:840} INFO - DAG(s) 'example_branch_dop_operator_v3' retrieved from /home/airflow/.local/lib/python3.8/site-packages/airflow/example_dags/example_branch_python_dop_operator_3.py
[2026-04-14T21:54:58.379+0000] {logging_mixin.py:188} INFO - [2026-04-14T21:54:58.378+0000] {dag.py:3036} INFO - Sync 1 DAGs
[2026-04-14T21:54:58.403+0000] {logging_mixin.py:188} INFO - [2026-04-14T21:54:58.403+0000] {dag.py:3823} INFO - Setting next_dagrun for example_branch_dop_operator_v3 to 2026-04-14 21:53:00+00:00, run_after=2026-04-14 21:54:00+00:00
[2026-04-14T21:54:58.425+0000] {processor.py:183} INFO - Processing /home/airflow/.local/lib/python3.8/site-packages/airflow/example_dags/example_branch_python_dop_operator_3.py took 0.086 seconds
[2026-04-14T21:55:28.908+0000] {processor.py:161} INFO - Started process (PID=14739) to work on /home/airflow/.local/lib/python3.8/site-packages/airflow/example_dags/example_branch_python_dop_operator_3.py
[2026-04-14T21:55:28.910+0000] {processor.py:830} INFO - Processing file /home/airflow/.local/lib/python3.8/site-packages/airflow/example_dags/example_branch_python_dop_operator_3.py for tasks to queue
[2026-04-14T21:55:28.913+0000] {logging_mixin.py:188} INFO - [2026-04-14T21:55:28.913+0000] {dagbag.py:538} INFO - Filling up the DagBag from /home/airflow/.local/lib/python3.8/site-packages/airflow/example_dags/example_branch_python_dop_operator_3.py
[2026-04-14T21:55:28.924+0000] {processor.py:840} INFO - DAG(s) 'example_branch_dop_operator_v3' retrieved from /home/airflow/.local/lib/python3.8/site-packages/airflow/example_dags/example_branch_python_dop_operator_3.py
[2026-04-14T21:55:28.946+0000] {logging_mixin.py:188} INFO - [2026-04-14T21:55:28.946+0000] {dag.py:3036} INFO - Sync 1 DAGs
[2026-04-14T21:55:28.976+0000] {logging_mixin.py:188} INFO - [2026-04-14T21:55:28.975+0000] {dag.py:3823} INFO - Setting next_dagrun for example_branch_dop_operator_v3 to 2026-04-14 21:54:00+00:00, run_after=2026-04-14 21:55:00+00:00
[2026-04-14T21:55:29.012+0000] {processor.py:183} INFO - Processing /home/airflow/.local/lib/python3.8/site-packages/airflow/example_dags/example_branch_python_dop_operator_3.py took 0.108 seconds
[2026-04-14T21:55:59.630+0000] {processor.py:161} INFO - Started process (PID=14796) to work on /home/airflow/.local/lib/python3.8/site-packages/airflow/example_dags/example_branch_python_dop_operator_3.py
[2026-04-14T21:55:59.632+0000] {processor.py:830} INFO - Processing file /home/airflow/.local/lib/python3.8/site-packages/airflow/example_dags/example_branch_python_dop_operator_3.py for tasks to queue
[2026-04-14T21:55:59.636+0000] {logging_mixin.py:188} INFO - [2026-04-14T21:55:59.636+0000] {dagbag.py:538} INFO - Filling up the DagBag from /home/airflow/.local/lib/python3.8/site-packages/airflow/example_dags/example_branch_python_dop_operator_3.py
[2026-04-14T21:55:59.649+0000] {processor.py:840} INFO - DAG(s) 'example_branch_dop_operator_v3' retrieved from /home/airflow/.local/lib/python3.8/site-packages/airflow/example_dags/example_branch_python_dop_operator_3.py
[2026-04-14T21:55:59.680+0000] {logging_mixin.py:188} INFO - [2026-04-14T21:55:59.679+0000] {dag.py:3036} INFO - Sync 1 DAGs
[2026-04-14T21:55:59.714+0000] {logging_mixin.py:188} INFO - [2026-04-14T21:55:59.713+0000] {dag.py:3823} INFO - Setting next_dagrun for example_branch_dop_operator_v3 to 2026-04-14 21:54:00+00:00, run_after=2026-04-14 21:55:00+00:00
[2026-04-14T21:55:59.739+0000] {processor.py:183} INFO - Processing /home/airflow/.local/lib/python3.8/site-packages/airflow/example_dags/example_branch_python_dop_operator_3.py took 0.116 seconds
[2026-04-14T21:56:29.828+0000] {processor.py:161} INFO - Started process (PID=14853) to work on /home/airflow/.local/lib/python3.8/site-packages/airflow/example_dags/example_branch_python_dop_operator_3.py
[2026-04-14T21:56:29.830+0000] {processor.py:830} INFO - Processing file /home/airflow/.local/lib/python3.8/site-packages/airflow/example_dags/example_branch_python_dop_operator_3.py for tasks to queue
[2026-04-14T21:56:29.833+0000] {logging_mixin.py:188} INFO - [2026-04-14T21:56:29.832+0000] {dagbag.py:538} INFO - Filling up the DagBag from /home/airflow/.local/lib/python3.8/site-packages/airflow/example_dags/example_branch_python_dop_operator_3.py
[2026-04-14T21:56:29.846+0000] {processor.py:840} INFO - DAG(s) 'example_branch_dop_operator_v3' retrieved from /home/airflow/.local/lib/python3.8/site-packages/airflow/example_dags/example_branch_python_dop_operator_3.py
[2026-04-14T21:56:29.873+0000] {logging_mixin.py:188} INFO - [2026-04-14T21:56:29.873+0000] {dag.py:3036} INFO - Sync 1 DAGs
[2026-04-14T21:56:29.902+0000] {logging_mixin.py:188} INFO - [2026-04-14T21:56:29.902+0000] {dag.py:3823} INFO - Setting next_dagrun for example_branch_dop_operator_v3 to 2026-04-14 21:55:00+00:00, run_after=2026-04-14 21:56:00+00:00
[2026-04-14T21:56:29.927+0000] {processor.py:183} INFO - Processing /home/airflow/.local/lib/python3.8/site-packages/airflow/example_dags/example_branch_python_dop_operator_3.py took 0.103 seconds
[2026-04-14T21:57:00.228+0000] {processor.py:161} INFO - Started process (PID=14910) to work on /home/airflow/.local/lib/python3.8/site-packages/airflow/example_dags/example_branch_python_dop_operator_3.py
[2026-04-14T21:57:00.230+0000] {processor.py:830} INFO - Processing file /home/airflow/.local/lib/python3.8/site-packages/airflow/example_dags/example_branch_python_dop_operator_3.py for tasks to queue
[2026-04-14T21:57:00.233+0000] {logging_mixin.py:188} INFO - [2026-04-14T21:57:00.233+0000] {dagbag.py:538} INFO - Filling up the DagBag from /home/airflow/.local/lib/python3.8/site-packages/airflow/example_dags/example_branch_python_dop_operator_3.py
[2026-04-14T21:57:00.249+0000] {processor.py:840} INFO - DAG(s) 'example_branch_dop_operator_v3' retrieved from /home/airflow/.local/lib/python3.8/site-packages/airflow/example_dags/example_branch_python_dop_operator_3.py
[2026-04-14T21:57:00.279+0000] {logging_mixin.py:188} INFO - [2026-04-14T21:57:00.279+0000] {dag.py:3036} INFO - Sync 1 DAGs
[2026-04-14T21:57:00.314+0000] {logging_mixin.py:188} INFO - [2026-04-14T21:57:00.314+0000] {dag.py:3823} INFO - Setting next_dagrun for example_branch_dop_operator_v3 to 2026-04-14 21:56:00+00:00, run_after=2026-04-14 21:57:00+00:00
[2026-04-14T21:57:00.341+0000] {processor.py:183} INFO - Processing /home/airflow/.local/lib/python3.8/site-packages/airflow/example_dags/example_branch_python_dop_operator_3.py took 0.117 seconds
[2026-04-14T21:57:30.427+0000] {processor.py:161} INFO - Started process (PID=14967) to work on /home/airflow/.local/lib/python3.8/site-packages/airflow/example_dags/example_branch_python_dop_operator_3.py
[2026-04-14T21:57:30.429+0000] {processor.py:830} INFO - Processing file /home/airflow/.local/lib/python3.8/site-packages/airflow/example_dags/example_branch_python_dop_operator_3.py for tasks to queue
[2026-04-14T21:57:30.432+0000] {logging_mixin.py:188} INFO - [2026-04-14T21:57:30.432+0000] {dagbag.py:538} INFO - Filling up the DagBag from /home/airflow/.local/lib/python3.8/site-packages/airflow/example_dags/example_branch_python_dop_operator_3.py
[2026-04-14T21:57:30.446+0000] {processor.py:840} INFO - DAG(s) 'example_branch_dop_operator_v3' retrieved from /home/airflow/.local/lib/python3.8/site-packages/airflow/example_dags/example_branch_python_dop_operator_3.py
[2026-04-14T21:57:30.480+0000] {logging_mixin.py:188} INFO - [2026-04-14T21:57:30.480+0000] {dag.py:3036} INFO - Sync 1 DAGs
[2026-04-14T21:57:30.508+0000] {logging_mixin.py:188} INFO - [2026-04-14T21:57:30.507+0000] {dag.py:3823} INFO - Setting next_dagrun for example_branch_dop_operator_v3 to 2026-04-14 21:56:00+00:00, run_after=2026-04-14 21:57:00+00:00
[2026-04-14T21:57:30.553+0000] {processor.py:183} INFO - Processing /home/airflow/.local/lib/python3.8/site-packages/airflow/example_dags/example_branch_python_dop_operator_3.py took 0.134 seconds
[2026-04-14T21:58:00.821+0000] {processor.py:161} INFO - Started process (PID=15024) to work on /home/airflow/.local/lib/python3.8/site-packages/airflow/example_dags/example_branch_python_dop_operator_3.py
[2026-04-14T21:58:00.822+0000] {processor.py:830} INFO - Processing file /home/airflow/.local/lib/python3.8/site-packages/airflow/example_dags/example_branch_python_dop_operator_3.py for tasks to queue
[2026-04-14T21:58:00.825+0000] {logging_mixin.py:188} INFO - [2026-04-14T21:58:00.825+0000] {dagbag.py:538} INFO - Filling up the DagBag from /home/airflow/.local/lib/python3.8/site-packages/airflow/example_dags/example_branch_python_dop_operator_3.py
[2026-04-14T21:58:00.838+0000] {processor.py:840} INFO - DAG(s) 'example_branch_dop_operator_v3' retrieved from /home/airflow/.local/lib/python3.8/site-packages/airflow/example_dags/example_branch_python_dop_operator_3.py
[2026-04-14T21:58:00.876+0000] {logging_mixin.py:188} INFO - [2026-04-14T21:58:00.875+0000] {dag.py:3036} INFO - Sync 1 DAGs
[2026-04-14T21:58:00.914+0000] {logging_mixin.py:188} INFO - [2026-04-14T21:58:00.913+0000] {dag.py:3823} INFO - Setting next_dagrun for example_branch_dop_operator_v3 to 2026-04-14 21:57:00+00:00, run_after=2026-04-14 21:58:00+00:00
[2026-04-14T21:58:01.085+0000] {processor.py:183} INFO - Processing /home/airflow/.local/lib/python3.8/site-packages/airflow/example_dags/example_branch_python_dop_operator_3.py took 0.268 seconds
[2026-04-14T21:58:31.602+0000] {processor.py:161} INFO - Started process (PID=15081) to work on /home/airflow/.local/lib/python3.8/site-packages/airflow/example_dags/example_branch_python_dop_operator_3.py
[2026-04-14T21:58:31.604+0000] {processor.py:830} INFO - Processing file /home/airflow/.local/lib/python3.8/site-packages/airflow/example_dags/example_branch_python_dop_operator_3.py for tasks to queue
[2026-04-14T21:58:31.606+0000] {logging_mixin.py:188} INFO - [2026-04-14T21:58:31.606+0000] {dagbag.py:538} INFO - Filling up the DagBag from /home/airflow/.local/lib/python3.8/site-packages/airflow/example_dags/example_branch_python_dop_operator_3.py
[2026-04-14T21:58:31.623+0000] {processor.py:840} INFO - DAG(s) 'example_branch_dop_operator_v3' retrieved from /home/airflow/.local/lib/python3.8/site-packages/airflow/example_dags/example_branch_python_dop_operator_3.py
[2026-04-14T21:58:31.650+0000] {logging_mixin.py:188} INFO - [2026-04-14T21:58:31.649+0000] {dag.py:3036} INFO - Sync 1 DAGs
[2026-04-14T21:58:31.692+0000] {logging_mixin.py:188} INFO - [2026-04-14T21:58:31.692+0000] {dag.py:3823} INFO - Setting next_dagrun for example_branch_dop_operator_v3 to 2026-04-14 21:57:00+00:00, run_after=2026-04-14 21:58:00+00:00
[2026-04-14T21:58:31.743+0000] {processor.py:183} INFO - Processing /home/airflow/.local/lib/python3.8/site-packages/airflow/example_dags/example_branch_python_dop_operator_3.py took 0.145 seconds
[2026-04-14T21:59:01.918+0000] {processor.py:161} INFO - Started process (PID=15138) to work on /home/airflow/.local/lib/python3.8/site-packages/airflow/example_dags/example_branch_python_dop_operator_3.py
[2026-04-14T21:59:01.920+0000] {processor.py:830} INFO - Processing file /home/airflow/.local/lib/python3.8/site-packages/airflow/example_dags/example_branch_python_dop_operator_3.py for tasks to queue
[2026-04-14T21:59:01.923+0000] {logging_mixin.py:188} INFO - [2026-04-14T21:59:01.923+0000] {dagbag.py:538} INFO - Filling up the DagBag from /home/airflow/.local/lib/python3.8/site-packages/airflow/example_dags/example_branch_python_dop_operator_3.py
[2026-04-14T21:59:01.935+0000] {processor.py:840} INFO - DAG(s) 'example_branch_dop_operator_v3' retrieved from /home/airflow/.local/lib/python3.8/site-packages/airflow/example_dags/example_branch_python_dop_operator_3.py
[2026-04-14T21:59:01.960+0000] {logging_mixin.py:188} INFO - [2026-04-14T21:59:01.960+0000] {dag.py:3036} INFO - Sync 1 DAGs
[2026-04-14T21:59:01.990+0000] {logging_mixin.py:188} INFO - [2026-04-14T21:59:01.989+0000] {dag.py:3823} INFO - Setting next_dagrun for example_branch_dop_operator_v3 to 2026-04-14 21:58:00+00:00, run_after=2026-04-14 21:59:00+00:00
[2026-04-14T21:59:02.020+0000] {processor.py:183} INFO - Processing /home/airflow/.local/lib/python3.8/site-packages/airflow/example_dags/example_branch_python_dop_operator_3.py took 0.106 seconds
[2026-04-14T21:59:32.377+0000] {processor.py:161} INFO - Started process (PID=15195) to work on /home/airflow/.local/lib/python3.8/site-packages/airflow/example_dags/example_branch_python_dop_operator_3.py
[2026-04-14T21:59:32.378+0000] {processor.py:830} INFO - Processing file /home/airflow/.local/lib/python3.8/site-packages/airflow/example_dags/example_branch_python_dop_operator_3.py for tasks to queue
[2026-04-14T21:59:32.380+0000] {logging_mixin.py:188} INFO - [2026-04-14T21:59:32.380+0000] {dagbag.py:538} INFO - Filling up the DagBag from /home/airflow/.local/lib/python3.8/site-packages/airflow/example_dags/example_branch_python_dop_operator_3.py
[2026-04-14T21:59:32.389+0000] {processor.py:840} INFO - DAG(s) 'example_branch_dop_operator_v3' retrieved from /home/airflow/.local/lib/python3.8/site-packages/airflow/example_dags/example_branch_python_dop_operator_3.py
[2026-04-14T21:59:32.415+0000] {logging_mixin.py:188} INFO - [2026-04-14T21:59:32.414+0000] {dag.py:3036} INFO - Sync 1 DAGs
[2026-04-14T21:59:32.446+0000] {logging_mixin.py:188} INFO - [2026-04-14T21:59:32.446+0000] {dag.py:3823} INFO - Setting next_dagrun for example_branch_dop_operator_v3 to 2026-04-14 21:58:00+00:00, run_after=2026-04-14 21:59:00+00:00
[2026-04-14T21:59:32.473+0000] {processor.py:183} INFO - Processing /home/airflow/.local/lib/python3.8/site-packages/airflow/example_dags/example_branch_python_dop_operator_3.py took 0.100 seconds
[2026-04-14T22:00:02.532+0000] {processor.py:161} INFO - Started process (PID=15252) to work on /home/airflow/.local/lib/python3.8/site-packages/airflow/example_dags/example_branch_python_dop_operator_3.py
[2026-04-14T22:00:02.533+0000] {processor.py:830} INFO - Processing file /home/airflow/.local/lib/python3.8/site-packages/airflow/example_dags/example_branch_python_dop_operator_3.py for tasks to queue
[2026-04-14T22:00:02.535+0000] {logging_mixin.py:188} INFO - [2026-04-14T22:00:02.535+0000] {dagbag.py:538} INFO - Filling up the DagBag from /home/airflow/.local/lib/python3.8/site-packages/airflow/example_dags/example_branch_python_dop_operator_3.py
[2026-04-14T22:00:02.545+0000] {processor.py:840} INFO - DAG(s) 'example_branch_dop_operator_v3' retrieved from /home/airflow/.local/lib/python3.8/site-packages/airflow/example_dags/example_branch_python_dop_operator_3.py
[2026-04-14T22:00:02.570+0000] {logging_mixin.py:188} INFO - [2026-04-14T22:00:02.570+0000] {dag.py:3036} INFO - Sync 1 DAGs
[2026-04-14T22:00:02.594+0000] {logging_mixin.py:188} INFO - [2026-04-14T22:00:02.594+0000] {dag.py:3823} INFO - Setting next_dagrun for example_branch_dop_operator_v3 to 2026-04-14 21:59:00+00:00, run_after=2026-04-14 22:00:00+00:00
[2026-04-14T22:00:02.618+0000] {processor.py:183} INFO - Processing /home/airflow/.local/lib/python3.8/site-packages/airflow/example_dags/example_branch_python_dop_operator_3.py took 0.089 seconds
[2026-04-14T22:00:33.243+0000] {processor.py:161} INFO - Started process (PID=15309) to work on /home/airflow/.local/lib/python3.8/site-packages/airflow/example_dags/example_branch_python_dop_operator_3.py
[2026-04-14T22:00:33.254+0000] {processor.py:830} INFO - Processing file /home/airflow/.local/lib/python3.8/site-packages/airflow/example_dags/example_branch_python_dop_operator_3.py for tasks to queue
[2026-04-14T22:00:33.260+0000] {logging_mixin.py:188} INFO - [2026-04-14T22:00:33.260+0000] {dagbag.py:538} INFO - Filling up the DagBag from /home/airflow/.local/lib/python3.8/site-packages/airflow/example_dags/example_branch_python_dop_operator_3.py
[2026-04-14T22:00:33.287+0000] {processor.py:840} INFO - DAG(s) 'example_branch_dop_operator_v3' retrieved from /home/airflow/.local/lib/python3.8/site-packages/airflow/example_dags/example_branch_python_dop_operator_3.py
[2026-04-14T22:00:33.348+0000] {logging_mixin.py:188} INFO - [2026-04-14T22:00:33.348+0000] {dag.py:3036} INFO - Sync 1 DAGs
[2026-04-14T22:00:33.456+0000] {logging_mixin.py:188} INFO - [2026-04-14T22:00:33.455+0000] {dag.py:3823} INFO - Setting next_dagrun for example_branch_dop_operator_v3 to 2026-04-14 21:59:00+00:00, run_after=2026-04-14 22:00:00+00:00
[2026-04-14T22:00:33.577+0000] {processor.py:183} INFO - Processing /home/airflow/.local/lib/python3.8/site-packages/airflow/example_dags/example_branch_python_dop_operator_3.py took 0.343 seconds
[2026-04-14T22:01:04.227+0000] {processor.py:161} INFO - Started process (PID=15366) to work on /home/airflow/.local/lib/python3.8/site-packages/airflow/example_dags/example_branch_python_dop_operator_3.py
[2026-04-14T22:01:04.228+0000] {processor.py:830} INFO - Processing file /home/airflow/.local/lib/python3.8/site-packages/airflow/example_dags/example_branch_python_dop_operator_3.py for tasks to queue
[2026-04-14T22:01:04.232+0000] {logging_mixin.py:188} INFO - [2026-04-14T22:01:04.231+0000] {dagbag.py:538} INFO - Filling up the DagBag from /home/airflow/.local/lib/python3.8/site-packages/airflow/example_dags/example_branch_python_dop_operator_3.py
[2026-04-14T22:01:04.243+0000] {processor.py:840} INFO - DAG(s) 'example_branch_dop_operator_v3' retrieved from /home/airflow/.local/lib/python3.8/site-packages/airflow/example_dags/example_branch_python_dop_operator_3.py
[2026-04-14T22:01:04.265+0000] {logging_mixin.py:188} INFO - [2026-04-14T22:01:04.264+0000] {dag.py:3036} INFO - Sync 1 DAGs
[2026-04-14T22:01:04.434+0000] {logging_mixin.py:188} INFO - [2026-04-14T22:01:04.434+0000] {dag.py:3823} INFO - Setting next_dagrun for example_branch_dop_operator_v3 to 2026-04-14 22:00:00+00:00, run_after=2026-04-14 22:01:00+00:00
[2026-04-14T22:01:04.456+0000] {processor.py:183} INFO - Processing /home/airflow/.local/lib/python3.8/site-packages/airflow/example_dags/example_branch_python_dop_operator_3.py took 0.236 seconds
[2026-04-14T22:01:34.817+0000] {processor.py:161} INFO - Started process (PID=15423) to work on /home/airflow/.local/lib/python3.8/site-packages/airflow/example_dags/example_branch_python_dop_operator_3.py
[2026-04-14T22:01:34.819+0000] {processor.py:830} INFO - Processing file /home/airflow/.local/lib/python3.8/site-packages/airflow/example_dags/example_branch_python_dop_operator_3.py for tasks to queue
[2026-04-14T22:01:34.821+0000] {logging_mixin.py:188} INFO - [2026-04-14T22:01:34.821+0000] {dagbag.py:538} INFO - Filling up the DagBag from /home/airflow/.local/lib/python3.8/site-packages/airflow/example_dags/example_branch_python_dop_operator_3.py
[2026-04-14T22:01:34.831+0000] {processor.py:840} INFO - DAG(s) 'example_branch_dop_operator_v3' retrieved from /home/airflow/.local/lib/python3.8/site-packages/airflow/example_dags/example_branch_python_dop_operator_3.py
[2026-04-14T22:01:34.853+0000] {logging_mixin.py:188} INFO - [2026-04-14T22:01:34.853+0000] {dag.py:3036} INFO - Sync 1 DAGs
[2026-04-14T22:01:34.891+0000] {logging_mixin.py:188} INFO - [2026-04-14T22:01:34.891+0000] {dag.py:3823} INFO - Setting next_dagrun for example_branch_dop_operator_v3 to 2026-04-14 22:00:00+00:00, run_after=2026-04-14 22:01:00+00:00
[2026-04-14T22:01:35.069+0000] {processor.py:183} INFO - Processing /home/airflow/.local/lib/python3.8/site-packages/airflow/example_dags/example_branch_python_dop_operator_3.py took 0.255 seconds
[2026-04-14T22:02:05.439+0000] {processor.py:161} INFO - Started process (PID=15480) to work on /home/airflow/.local/lib/python3.8/site-packages/airflow/example_dags/example_branch_python_dop_operator_3.py
[2026-04-14T22:02:05.441+0000] {processor.py:830} INFO - Processing file /home/airflow/.local/lib/python3.8/site-packages/airflow/example_dags/example_branch_python_dop_operator_3.py for tasks to queue
[2026-04-14T22:02:05.443+0000] {logging_mixin.py:188} INFO - [2026-04-14T22:02:05.442+0000] {dagbag.py:538} INFO - Filling up the DagBag from /home/airflow/.local/lib/python3.8/site-packages/airflow/example_dags/example_branch_python_dop_operator_3.py
[2026-04-14T22:02:05.452+0000] {processor.py:840} INFO - DAG(s) 'example_branch_dop_operator_v3' retrieved from /home/airflow/.local/lib/python3.8/site-packages/airflow/example_dags/example_branch_python_dop_operator_3.py
[2026-04-14T22:02:05.475+0000] {logging_mixin.py:188} INFO - [2026-04-14T22:02:05.474+0000] {dag.py:3036} INFO - Sync 1 DAGs
[2026-04-14T22:02:05.499+0000] {logging_mixin.py:188} INFO - [2026-04-14T22:02:05.499+0000] {dag.py:3823} INFO - Setting next_dagrun for example_branch_dop_operator_v3 to 2026-04-14 22:01:00+00:00, run_after=2026-04-14 22:02:00+00:00
[2026-04-14T22:02:05.522+0000] {processor.py:183} INFO - Processing /home/airflow/.local/lib/python3.8/site-packages/airflow/example_dags/example_branch_python_dop_operator_3.py took 0.086 seconds
[2026-04-14T22:02:35.684+0000] {processor.py:161} INFO - Started process (PID=15536) to work on /home/airflow/.local/lib/python3.8/site-packages/airflow/example_dags/example_branch_python_dop_operator_3.py
[2026-04-14T22:02:35.685+0000] {processor.py:830} INFO - Processing file /home/airflow/.local/lib/python3.8/site-packages/airflow/example_dags/example_branch_python_dop_operator_3.py for tasks to queue
[2026-04-14T22:02:35.688+0000] {logging_mixin.py:188} INFO - [2026-04-14T22:02:35.687+0000] {dagbag.py:538} INFO - Filling up the DagBag from /home/airflow/.local/lib/python3.8/site-packages/airflow/example_dags/example_branch_python_dop_operator_3.py
[2026-04-14T22:02:35.699+0000] {processor.py:840} INFO - DAG(s) 'example_branch_dop_operator_v3' retrieved from /home/airflow/.local/lib/python3.8/site-packages/airflow/example_dags/example_branch_python_dop_operator_3.py
[2026-04-14T22:02:35.722+0000] {logging_mixin.py:188} INFO - [2026-04-14T22:02:35.722+0000] {dag.py:3036} INFO - Sync 1 DAGs
[2026-04-14T22:02:35.744+0000] {logging_mixin.py:188} INFO - [2026-04-14T22:02:35.744+0000] {dag.py:3823} INFO - Setting next_dagrun for example_branch_dop_operator_v3 to 2026-04-14 22:01:00+00:00, run_after=2026-04-14 22:02:00+00:00
[2026-04-14T22:02:35.766+0000] {processor.py:183} INFO - Processing /home/airflow/.local/lib/python3.8/site-packages/airflow/example_dags/example_branch_python_dop_operator_3.py took 0.086 seconds
[2026-04-14T22:03:06.025+0000] {processor.py:161} INFO - Started process (PID=15594) to work on /home/airflow/.local/lib/python3.8/site-packages/airflow/example_dags/example_branch_python_dop_operator_3.py
[2026-04-14T22:03:06.026+0000] {processor.py:830} INFO - Processing file /home/airflow/.local/lib/python3.8/site-packages/airflow/example_dags/example_branch_python_dop_operator_3.py for tasks to queue
[2026-04-14T22:03:06.028+0000] {logging_mixin.py:188} INFO - [2026-04-14T22:03:06.028+0000] {dagbag.py:538} INFO - Filling up the DagBag from /home/airflow/.local/lib/python3.8/site-packages/airflow/example_dags/example_branch_python_dop_operator_3.py
[2026-04-14T22:03:06.037+0000] {processor.py:840} INFO - DAG(s) 'example_branch_dop_operator_v3' retrieved from /home/airflow/.local/lib/python3.8/site-packages/airflow/example_dags/example_branch_python_dop_operator_3.py
[2026-04-14T22:03:06.198+0000] {logging_mixin.py:188} INFO - [2026-04-14T22:03:06.198+0000] {dag.py:3036} INFO - Sync 1 DAGs
[2026-04-14T22:03:06.228+0000] {logging_mixin.py:188} INFO - [2026-04-14T22:03:06.227+0000] {dag.py:3823} INFO - Setting next_dagrun for example_branch_dop_operator_v3 to 2026-04-14 22:02:00+00:00, run_after=2026-04-14 22:03:00+00:00
[2026-04-14T22:03:06.252+0000] {processor.py:183} INFO - Processing /home/airflow/.local/lib/python3.8/site-packages/airflow/example_dags/example_branch_python_dop_operator_3.py took 0.231 seconds
[2026-04-14T22:03:36.660+0000] {processor.py:161} INFO - Started process (PID=15651) to work on /home/airflow/.local/lib/python3.8/site-packages/airflow/example_dags/example_branch_python_dop_operator_3.py
[2026-04-14T22:03:36.662+0000] {processor.py:830} INFO - Processing file /home/airflow/.local/lib/python3.8/site-packages/airflow/example_dags/example_branch_python_dop_operator_3.py for tasks to queue
[2026-04-14T22:03:36.664+0000] {logging_mixin.py:188} INFO - [2026-04-14T22:03:36.664+0000] {dagbag.py:538} INFO - Filling up the DagBag from /home/airflow/.local/lib/python3.8/site-packages/airflow/example_dags/example_branch_python_dop_operator_3.py
[2026-04-14T22:03:36.679+0000] {processor.py:840} INFO - DAG(s) 'example_branch_dop_operator_v3' retrieved from /home/airflow/.local/lib/python3.8/site-packages/airflow/example_dags/example_branch_python_dop_operator_3.py
[2026-04-14T22:03:36.701+0000] {logging_mixin.py:188} INFO - [2026-04-14T22:03:36.701+0000] {dag.py:3036} INFO - Sync 1 DAGs
[2026-04-14T22:03:36.891+0000] {logging_mixin.py:188} INFO - [2026-04-14T22:03:36.890+0000] {dag.py:3823} INFO - Setting next_dagrun for example_branch_dop_operator_v3 to 2026-04-14 22:02:00+00:00, run_after=2026-04-14 22:03:00+00:00
[2026-04-14T22:03:36.914+0000] {processor.py:183} INFO - Processing /home/airflow/.local/lib/python3.8/site-packages/airflow/example_dags/example_branch_python_dop_operator_3.py took 0.257 seconds
[2026-04-14T22:04:07.007+0000] {processor.py:161} INFO - Started process (PID=15706) to work on /home/airflow/.local/lib/python3.8/site-packages/airflow/example_dags/example_branch_python_dop_operator_3.py
[2026-04-14T22:04:07.009+0000] {processor.py:830} INFO - Processing file /home/airflow/.local/lib/python3.8/site-packages/airflow/example_dags/example_branch_python_dop_operator_3.py for tasks to queue
[2026-04-14T22:04:07.011+0000] {logging_mixin.py:188} INFO - [2026-04-14T22:04:07.011+0000] {dagbag.py:538} INFO - Filling up the DagBag from /home/airflow/.local/lib/python3.8/site-packages/airflow/example_dags/example_branch_python_dop_operator_3.py
[2026-04-14T22:04:07.020+0000] {processor.py:840} INFO - DAG(s) 'example_branch_dop_operator_v3' retrieved from /home/airflow/.local/lib/python3.8/site-packages/airflow/example_dags/example_branch_python_dop_operator_3.py
[2026-04-14T22:04:07.043+0000] {logging_mixin.py:188} INFO - [2026-04-14T22:04:07.043+0000] {dag.py:3036} INFO - Sync 1 DAGs
[2026-04-14T22:04:07.077+0000] {logging_mixin.py:188} INFO - [2026-04-14T22:04:07.077+0000] {dag.py:3823} INFO - Setting next_dagrun for example_branch_dop_operator_v3 to 2026-04-14 22:03:00+00:00, run_after=2026-04-14 22:04:00+00:00
[2026-04-14T22:04:07.106+0000] {processor.py:183} INFO - Processing /home/airflow/.local/lib/python3.8/site-packages/airflow/example_dags/example_branch_python_dop_operator_3.py took 0.103 seconds
[2026-04-14T22:04:37.432+0000] {processor.py:161} INFO - Started process (PID=15763) to work on /home/airflow/.local/lib/python3.8/site-packages/airflow/example_dags/example_branch_python_dop_operator_3.py
[2026-04-14T22:04:37.473+0000] {processor.py:830} INFO - Processing file /home/airflow/.local/lib/python3.8/site-packages/airflow/example_dags/example_branch_python_dop_operator_3.py for tasks to queue
[2026-04-14T22:04:37.506+0000] {logging_mixin.py:188} INFO - [2026-04-14T22:04:37.505+0000] {dagbag.py:538} INFO - Filling up the DagBag from /home/airflow/.local/lib/python3.8/site-packages/airflow/example_dags/example_branch_python_dop_operator_3.py
[2026-04-14T22:04:37.572+0000] {processor.py:840} INFO - DAG(s) 'example_branch_dop_operator_v3' retrieved from /home/airflow/.local/lib/python3.8/site-packages/airflow/example_dags/example_branch_python_dop_operator_3.py
[2026-04-14T22:04:37.674+0000] {logging_mixin.py:188} INFO - [2026-04-14T22:04:37.673+0000] {dag.py:3036} INFO - Sync 1 DAGs
[2026-04-14T22:04:37.733+0000] {logging_mixin.py:188} INFO - [2026-04-14T22:04:37.733+0000] {dag.py:3823} INFO - Setting next_dagrun for example_branch_dop_operator_v3 to 2026-04-14 22:03:00+00:00, run_after=2026-04-14 22:04:00+00:00
[2026-04-14T22:04:37.821+0000] {processor.py:183} INFO - Processing /home/airflow/.local/lib/python3.8/site-packages/airflow/example_dags/example_branch_python_dop_operator_3.py took 0.414 seconds
[2026-04-14T22:05:08.426+0000] {processor.py:161} INFO - Started process (PID=15820) to work on /home/airflow/.local/lib/python3.8/site-packages/airflow/example_dags/example_branch_python_dop_operator_3.py
[2026-04-14T22:05:08.427+0000] {processor.py:830} INFO - Processing file /home/airflow/.local/lib/python3.8/site-packages/airflow/example_dags/example_branch_python_dop_operator_3.py for tasks to queue
[2026-04-14T22:05:08.429+0000] {logging_mixin.py:188} INFO - [2026-04-14T22:05:08.429+0000] {dagbag.py:538} INFO - Filling up the DagBag from /home/airflow/.local/lib/python3.8/site-packages/airflow/example_dags/example_branch_python_dop_operator_3.py
[2026-04-14T22:05:08.438+0000] {processor.py:840} INFO - DAG(s) 'example_branch_dop_operator_v3' retrieved from /home/airflow/.local/lib/python3.8/site-packages/airflow/example_dags/example_branch_python_dop_operator_3.py
[2026-04-14T22:05:08.461+0000] {logging_mixin.py:188} INFO - [2026-04-14T22:05:08.461+0000] {dag.py:3036} INFO - Sync 1 DAGs
[2026-04-14T22:05:08.487+0000] {logging_mixin.py:188} INFO - [2026-04-14T22:05:08.487+0000] {dag.py:3823} INFO - Setting next_dagrun for example_branch_dop_operator_v3 to 2026-04-14 22:04:00+00:00, run_after=2026-04-14 22:05:00+00:00
[2026-04-14T22:05:08.511+0000] {processor.py:183} INFO - Processing /home/airflow/.local/lib/python3.8/site-packages/airflow/example_dags/example_branch_python_dop_operator_3.py took 0.089 seconds
[2026-04-14T22:05:38.809+0000] {processor.py:161} INFO - Started process (PID=15877) to work on /home/airflow/.local/lib/python3.8/site-packages/airflow/example_dags/example_branch_python_dop_operator_3.py
[2026-04-14T22:05:38.810+0000] {processor.py:830} INFO - Processing file /home/airflow/.local/lib/python3.8/site-packages/airflow/example_dags/example_branch_python_dop_operator_3.py for tasks to queue
[2026-04-14T22:05:38.813+0000] {logging_mixin.py:188} INFO - [2026-04-14T22:05:38.813+0000] {dagbag.py:538} INFO - Filling up the DagBag from /home/airflow/.local/lib/python3.8/site-packages/airflow/example_dags/example_branch_python_dop_operator_3.py
[2026-04-14T22:05:38.822+0000] {processor.py:840} INFO - DAG(s) 'example_branch_dop_operator_v3' retrieved from /home/airflow/.local/lib/python3.8/site-packages/airflow/example_dags/example_branch_python_dop_operator_3.py
[2026-04-14T22:05:38.846+0000] {logging_mixin.py:188} INFO - [2026-04-14T22:05:38.846+0000] {dag.py:3036} INFO - Sync 1 DAGs
[2026-04-14T22:05:38.873+0000] {logging_mixin.py:188} INFO - [2026-04-14T22:05:38.873+0000] {dag.py:3823} INFO - Setting next_dagrun for example_branch_dop_operator_v3 to 2026-04-14 22:04:00+00:00, run_after=2026-04-14 22:05:00+00:00
[2026-04-14T22:05:38.896+0000] {processor.py:183} INFO - Processing /home/airflow/.local/lib/python3.8/site-packages/airflow/example_dags/example_branch_python_dop_operator_3.py took 0.091 seconds
[2026-04-14T22:06:09.180+0000] {processor.py:161} INFO - Started process (PID=15934) to work on /home/airflow/.local/lib/python3.8/site-packages/airflow/example_dags/example_branch_python_dop_operator_3.py
[2026-04-14T22:06:09.181+0000] {processor.py:830} INFO - Processing file /home/airflow/.local/lib/python3.8/site-packages/airflow/example_dags/example_branch_python_dop_operator_3.py for tasks to queue
[2026-04-14T22:06:09.183+0000] {logging_mixin.py:188} INFO - [2026-04-14T22:06:09.183+0000] {dagbag.py:538} INFO - Filling up the DagBag from /home/airflow/.local/lib/python3.8/site-packages/airflow/example_dags/example_branch_python_dop_operator_3.py
[2026-04-14T22:06:09.194+0000] {processor.py:840} INFO - DAG(s) 'example_branch_dop_operator_v3' retrieved from /home/airflow/.local/lib/python3.8/site-packages/airflow/example_dags/example_branch_python_dop_operator_3.py
[2026-04-14T22:06:09.222+0000] {logging_mixin.py:188} INFO - [2026-04-14T22:06:09.221+0000] {dag.py:3036} INFO - Sync 1 DAGs
[2026-04-14T22:06:09.249+0000] {logging_mixin.py:188} INFO - [2026-04-14T22:06:09.248+0000] {dag.py:3823} INFO - Setting next_dagrun for example_branch_dop_operator_v3 to 2026-04-14 22:05:00+00:00, run_after=2026-04-14 22:06:00+00:00
[2026-04-14T22:06:09.276+0000] {processor.py:183} INFO - Processing /home/airflow/.local/lib/python3.8/site-packages/airflow/example_dags/example_branch_python_dop_operator_3.py took 0.100 seconds
[2026-04-14T22:06:39.471+0000] {processor.py:161} INFO - Started process (PID=15991) to work on /home/airflow/.local/lib/python3.8/site-packages/airflow/example_dags/example_branch_python_dop_operator_3.py
[2026-04-14T22:06:39.472+0000] {processor.py:830} INFO - Processing file /home/airflow/.local/lib/python3.8/site-packages/airflow/example_dags/example_branch_python_dop_operator_3.py for tasks to queue
[2026-04-14T22:06:39.476+0000] {logging_mixin.py:188} INFO - [2026-04-14T22:06:39.475+0000] {dagbag.py:538} INFO - Filling up the DagBag from /home/airflow/.local/lib/python3.8/site-packages/airflow/example_dags/example_branch_python_dop_operator_3.py
[2026-04-14T22:06:39.487+0000] {processor.py:840} INFO - DAG(s) 'example_branch_dop_operator_v3' retrieved from /home/airflow/.local/lib/python3.8/site-packages/airflow/example_dags/example_branch_python_dop_operator_3.py
[2026-04-14T22:06:39.516+0000] {logging_mixin.py:188} INFO - [2026-04-14T22:06:39.516+0000] {dag.py:3036} INFO - Sync 1 DAGs
[2026-04-14T22:06:39.546+0000] {logging_mixin.py:188} INFO - [2026-04-14T22:06:39.545+0000] {dag.py:3823} INFO - Setting next_dagrun for example_branch_dop_operator_v3 to 2026-04-14 22:05:00+00:00, run_after=2026-04-14 22:06:00+00:00
[2026-04-14T22:06:39.576+0000] {processor.py:183} INFO - Processing /home/airflow/.local/lib/python3.8/site-packages/airflow/example_dags/example_branch_python_dop_operator_3.py took 0.109 seconds
[2026-04-14T22:07:09.767+0000] {processor.py:161} INFO - Started process (PID=16048) to work on /home/airflow/.local/lib/python3.8/site-packages/airflow/example_dags/example_branch_python_dop_operator_3.py
[2026-04-14T22:07:09.768+0000] {processor.py:830} INFO - Processing file /home/airflow/.local/lib/python3.8/site-packages/airflow/example_dags/example_branch_python_dop_operator_3.py for tasks to queue
[2026-04-14T22:07:09.772+0000] {logging_mixin.py:188} INFO - [2026-04-14T22:07:09.772+0000] {dagbag.py:538} INFO - Filling up the DagBag from /home/airflow/.local/lib/python3.8/site-packages/airflow/example_dags/example_branch_python_dop_operator_3.py
[2026-04-14T22:07:09.785+0000] {processor.py:840} INFO - DAG(s) 'example_branch_dop_operator_v3' retrieved from /home/airflow/.local/lib/python3.8/site-packages/airflow/example_dags/example_branch_python_dop_operator_3.py
[2026-04-14T22:07:09.813+0000] {logging_mixin.py:188} INFO - [2026-04-14T22:07:09.813+0000] {dag.py:3036} INFO - Sync 1 DAGs
[2026-04-14T22:07:09.848+0000] {logging_mixin.py:188} INFO - [2026-04-14T22:07:09.847+0000] {dag.py:3823} INFO - Setting next_dagrun for example_branch_dop_operator_v3 to 2026-04-14 22:06:00+00:00, run_after=2026-04-14 22:07:00+00:00
[2026-04-14T22:07:09.873+0000] {processor.py:183} INFO - Processing /home/airflow/.local/lib/python3.8/site-packages/airflow/example_dags/example_branch_python_dop_operator_3.py took 0.111 seconds
[2026-04-14T22:07:40.096+0000] {processor.py:161} INFO - Started process (PID=16105) to work on /home/airflow/.local/lib/python3.8/site-packages/airflow/example_dags/example_branch_python_dop_operator_3.py
[2026-04-14T22:07:40.098+0000] {processor.py:830} INFO - Processing file /home/airflow/.local/lib/python3.8/site-packages/airflow/example_dags/example_branch_python_dop_operator_3.py for tasks to queue
[2026-04-14T22:07:40.100+0000] {logging_mixin.py:188} INFO - [2026-04-14T22:07:40.100+0000] {dagbag.py:538} INFO - Filling up the DagBag from /home/airflow/.local/lib/python3.8/site-packages/airflow/example_dags/example_branch_python_dop_operator_3.py
[2026-04-14T22:07:40.109+0000] {processor.py:840} INFO - DAG(s) 'example_branch_dop_operator_v3' retrieved from /home/airflow/.local/lib/python3.8/site-packages/airflow/example_dags/example_branch_python_dop_operator_3.py
[2026-04-14T22:07:40.132+0000] {logging_mixin.py:188} INFO - [2026-04-14T22:07:40.132+0000] {dag.py:3036} INFO - Sync 1 DAGs
[2026-04-14T22:07:40.157+0000] {logging_mixin.py:188} INFO - [2026-04-14T22:07:40.157+0000] {dag.py:3823} INFO - Setting next_dagrun for example_branch_dop_operator_v3 to 2026-04-14 22:06:00+00:00, run_after=2026-04-14 22:07:00+00:00
[2026-04-14T22:07:40.182+0000] {processor.py:183} INFO - Processing /home/airflow/.local/lib/python3.8/site-packages/airflow/example_dags/example_branch_python_dop_operator_3.py took 0.089 seconds
[2026-04-14T22:08:10.564+0000] {processor.py:161} INFO - Started process (PID=16162) to work on /home/airflow/.local/lib/python3.8/site-packages/airflow/example_dags/example_branch_python_dop_operator_3.py
[2026-04-14T22:08:10.566+0000] {processor.py:830} INFO - Processing file /home/airflow/.local/lib/python3.8/site-packages/airflow/example_dags/example_branch_python_dop_operator_3.py for tasks to queue
[2026-04-14T22:08:10.569+0000] {logging_mixin.py:188} INFO - [2026-04-14T22:08:10.568+0000] {dagbag.py:538} INFO - Filling up the DagBag from /home/airflow/.local/lib/python3.8/site-packages/airflow/example_dags/example_branch_python_dop_operator_3.py
[2026-04-14T22:08:10.579+0000] {processor.py:840} INFO - DAG(s) 'example_branch_dop_operator_v3' retrieved from /home/airflow/.local/lib/python3.8/site-packages/airflow/example_dags/example_branch_python_dop_operator_3.py
[2026-04-14T22:08:10.614+0000] {logging_mixin.py:188} INFO - [2026-04-14T22:08:10.614+0000] {dag.py:3036} INFO - Sync 1 DAGs
[2026-04-14T22:08:10.672+0000] {logging_mixin.py:188} INFO - [2026-04-14T22:08:10.672+0000] {dag.py:3823} INFO - Setting next_dagrun for example_branch_dop_operator_v3 to 2026-04-14 22:07:00+00:00, run_after=2026-04-14 22:08:00+00:00
[2026-04-14T22:08:10.702+0000] {processor.py:183} INFO - Processing /home/airflow/.local/lib/python3.8/site-packages/airflow/example_dags/example_branch_python_dop_operator_3.py took 0.142 seconds
[2026-04-14T22:08:40.997+0000] {processor.py:161} INFO - Started process (PID=16218) to work on /home/airflow/.local/lib/python3.8/site-packages/airflow/example_dags/example_branch_python_dop_operator_3.py
[2026-04-14T22:08:40.999+0000] {processor.py:830} INFO - Processing file /home/airflow/.local/lib/python3.8/site-packages/airflow/example_dags/example_branch_python_dop_operator_3.py for tasks to queue
[2026-04-14T22:08:41.008+0000] {logging_mixin.py:188} INFO - [2026-04-14T22:08:41.006+0000] {dagbag.py:538} INFO - Filling up the DagBag from /home/airflow/.local/lib/python3.8/site-packages/airflow/example_dags/example_branch_python_dop_operator_3.py
[2026-04-14T22:08:41.021+0000] {processor.py:840} INFO - DAG(s) 'example_branch_dop_operator_v3' retrieved from /home/airflow/.local/lib/python3.8/site-packages/airflow/example_dags/example_branch_python_dop_operator_3.py
[2026-04-14T22:08:41.052+0000] {logging_mixin.py:188} INFO - [2026-04-14T22:08:41.052+0000] {dag.py:3036} INFO - Sync 1 DAGs
[2026-04-14T22:08:41.085+0000] {logging_mixin.py:188} INFO - [2026-04-14T22:08:41.084+0000] {dag.py:3823} INFO - Setting next_dagrun for example_branch_dop_operator_v3 to 2026-04-14 22:07:00+00:00, run_after=2026-04-14 22:08:00+00:00
[2026-04-14T22:08:41.111+0000] {processor.py:183} INFO - Processing /home/airflow/.local/lib/python3.8/site-packages/airflow/example_dags/example_branch_python_dop_operator_3.py took 0.119 seconds
[2026-04-14T22:09:11.385+0000] {processor.py:161} INFO - Started process (PID=16275) to work on /home/airflow/.local/lib/python3.8/site-packages/airflow/example_dags/example_branch_python_dop_operator_3.py
[2026-04-14T22:09:11.386+0000] {processor.py:830} INFO - Processing file /home/airflow/.local/lib/python3.8/site-packages/airflow/example_dags/example_branch_python_dop_operator_3.py for tasks to queue
[2026-04-14T22:09:11.389+0000] {logging_mixin.py:188} INFO - [2026-04-14T22:09:11.389+0000] {dagbag.py:538} INFO - Filling up the DagBag from /home/airflow/.local/lib/python3.8/site-packages/airflow/example_dags/example_branch_python_dop_operator_3.py
[2026-04-14T22:09:11.400+0000] {processor.py:840} INFO - DAG(s) 'example_branch_dop_operator_v3' retrieved from /home/airflow/.local/lib/python3.8/site-packages/airflow/example_dags/example_branch_python_dop_operator_3.py
[2026-04-14T22:09:11.421+0000] {logging_mixin.py:188} INFO - [2026-04-14T22:09:11.420+0000] {dag.py:3036} INFO - Sync 1 DAGs
[2026-04-14T22:09:11.445+0000] {logging_mixin.py:188} INFO - [2026-04-14T22:09:11.445+0000] {dag.py:3823} INFO - Setting next_dagrun for example_branch_dop_operator_v3 to 2026-04-14 22:08:00+00:00, run_after=2026-04-14 22:09:00+00:00
[2026-04-14T22:09:11.468+0000] {processor.py:183} INFO - Processing /home/airflow/.local/lib/python3.8/site-packages/airflow/example_dags/example_branch_python_dop_operator_3.py took 0.086 seconds
[2026-04-14T22:09:42.040+0000] {processor.py:161} INFO - Started process (PID=16332) to work on /home/airflow/.local/lib/python3.8/site-packages/airflow/example_dags/example_branch_python_dop_operator_3.py
[2026-04-14T22:09:42.042+0000] {processor.py:830} INFO - Processing file /home/airflow/.local/lib/python3.8/site-packages/airflow/example_dags/example_branch_python_dop_operator_3.py for tasks to queue
[2026-04-14T22:09:42.045+0000] {logging_mixin.py:188} INFO - [2026-04-14T22:09:42.044+0000] {dagbag.py:538} INFO - Filling up the DagBag from /home/airflow/.local/lib/python3.8/site-packages/airflow/example_dags/example_branch_python_dop_operator_3.py
[2026-04-14T22:09:42.054+0000] {processor.py:840} INFO - DAG(s) 'example_branch_dop_operator_v3' retrieved from /home/airflow/.local/lib/python3.8/site-packages/airflow/example_dags/example_branch_python_dop_operator_3.py
[2026-04-14T22:09:42.093+0000] {logging_mixin.py:188} INFO - [2026-04-14T22:09:42.093+0000] {dag.py:3036} INFO - Sync 1 DAGs
[2026-04-14T22:09:42.138+0000] {logging_mixin.py:188} INFO - [2026-04-14T22:09:42.137+0000] {dag.py:3823} INFO - Setting next_dagrun for example_branch_dop_operator_v3 to 2026-04-14 22:08:00+00:00, run_after=2026-04-14 22:09:00+00:00
[2026-04-14T22:09:42.183+0000] {processor.py:183} INFO - Processing /home/airflow/.local/lib/python3.8/site-packages/airflow/example_dags/example_branch_python_dop_operator_3.py took 0.148 seconds
[2026-04-14T22:10:12.372+0000] {processor.py:161} INFO - Started process (PID=16389) to work on /home/airflow/.local/lib/python3.8/site-packages/airflow/example_dags/example_branch_python_dop_operator_3.py
[2026-04-14T22:10:12.373+0000] {processor.py:830} INFO - Processing file /home/airflow/.local/lib/python3.8/site-packages/airflow/example_dags/example_branch_python_dop_operator_3.py for tasks to queue
[2026-04-14T22:10:12.375+0000] {logging_mixin.py:188} INFO - [2026-04-14T22:10:12.375+0000] {dagbag.py:538} INFO - Filling up the DagBag from /home/airflow/.local/lib/python3.8/site-packages/airflow/example_dags/example_branch_python_dop_operator_3.py
[2026-04-14T22:10:12.385+0000] {processor.py:840} INFO - DAG(s) 'example_branch_dop_operator_v3' retrieved from /home/airflow/.local/lib/python3.8/site-packages/airflow/example_dags/example_branch_python_dop_operator_3.py
[2026-04-14T22:10:12.409+0000] {logging_mixin.py:188} INFO - [2026-04-14T22:10:12.409+0000] {dag.py:3036} INFO - Sync 1 DAGs
[2026-04-14T22:10:12.436+0000] {logging_mixin.py:188} INFO - [2026-04-14T22:10:12.436+0000] {dag.py:3823} INFO - Setting next_dagrun for example_branch_dop_operator_v3 to 2026-04-14 22:09:00+00:00, run_after=2026-04-14 22:10:00+00:00
[2026-04-14T22:10:12.459+0000] {processor.py:183} INFO - Processing /home/airflow/.local/lib/python3.8/site-packages/airflow/example_dags/example_branch_python_dop_operator_3.py took 0.090 seconds
[2026-04-14T22:10:42.756+0000] {processor.py:161} INFO - Started process (PID=16446) to work on /home/airflow/.local/lib/python3.8/site-packages/airflow/example_dags/example_branch_python_dop_operator_3.py
[2026-04-14T22:10:42.757+0000] {processor.py:830} INFO - Processing file /home/airflow/.local/lib/python3.8/site-packages/airflow/example_dags/example_branch_python_dop_operator_3.py for tasks to queue
[2026-04-14T22:10:42.759+0000] {logging_mixin.py:188} INFO - [2026-04-14T22:10:42.759+0000] {dagbag.py:538} INFO - Filling up the DagBag from /home/airflow/.local/lib/python3.8/site-packages/airflow/example_dags/example_branch_python_dop_operator_3.py
[2026-04-14T22:10:42.768+0000] {processor.py:840} INFO - DAG(s) 'example_branch_dop_operator_v3' retrieved from /home/airflow/.local/lib/python3.8/site-packages/airflow/example_dags/example_branch_python_dop_operator_3.py
[2026-04-14T22:10:42.791+0000] {logging_mixin.py:188} INFO - [2026-04-14T22:10:42.790+0000] {dag.py:3036} INFO - Sync 1 DAGs
[2026-04-14T22:10:42.815+0000] {logging_mixin.py:188} INFO - [2026-04-14T22:10:42.815+0000] {dag.py:3823} INFO - Setting next_dagrun for example_branch_dop_operator_v3 to 2026-04-14 22:09:00+00:00, run_after=2026-04-14 22:10:00+00:00
[2026-04-14T22:10:42.838+0000] {processor.py:183} INFO - Processing /home/airflow/.local/lib/python3.8/site-packages/airflow/example_dags/example_branch_python_dop_operator_3.py took 0.087 seconds
[2026-04-14T22:11:12.966+0000] {processor.py:161} INFO - Started process (PID=16503) to work on /home/airflow/.local/lib/python3.8/site-packages/airflow/example_dags/example_branch_python_dop_operator_3.py
[2026-04-14T22:11:12.967+0000] {processor.py:830} INFO - Processing file /home/airflow/.local/lib/python3.8/site-packages/airflow/example_dags/example_branch_python_dop_operator_3.py for tasks to queue
[2026-04-14T22:11:12.970+0000] {logging_mixin.py:188} INFO - [2026-04-14T22:11:12.969+0000] {dagbag.py:538} INFO - Filling up the DagBag from /home/airflow/.local/lib/python3.8/site-packages/airflow/example_dags/example_branch_python_dop_operator_3.py
[2026-04-14T22:11:12.977+0000] {processor.py:840} INFO - DAG(s) 'example_branch_dop_operator_v3' retrieved from /home/airflow/.local/lib/python3.8/site-packages/airflow/example_dags/example_branch_python_dop_operator_3.py
[2026-04-14T22:11:13.001+0000] {logging_mixin.py:188} INFO - [2026-04-14T22:11:13.001+0000] {dag.py:3036} INFO - Sync 1 DAGs
[2026-04-14T22:11:13.024+0000] {logging_mixin.py:188} INFO - [2026-04-14T22:11:13.024+0000] {dag.py:3823} INFO - Setting next_dagrun for example_branch_dop_operator_v3 to 2026-04-14 22:10:00+00:00, run_after=2026-04-14 22:11:00+00:00
[2026-04-14T22:11:13.048+0000] {processor.py:183} INFO - Processing /home/airflow/.local/lib/python3.8/site-packages/airflow/example_dags/example_branch_python_dop_operator_3.py took 0.086 seconds
[2026-04-14T22:11:43.206+0000] {processor.py:161} INFO - Started process (PID=16560) to work on /home/airflow/.local/lib/python3.8/site-packages/airflow/example_dags/example_branch_python_dop_operator_3.py
[2026-04-14T22:11:43.208+0000] {processor.py:830} INFO - Processing file /home/airflow/.local/lib/python3.8/site-packages/airflow/example_dags/example_branch_python_dop_operator_3.py for tasks to queue
[2026-04-14T22:11:43.214+0000] {logging_mixin.py:188} INFO - [2026-04-14T22:11:43.214+0000] {dagbag.py:538} INFO - Filling up the DagBag from /home/airflow/.local/lib/python3.8/site-packages/airflow/example_dags/example_branch_python_dop_operator_3.py
[2026-04-14T22:11:43.233+0000] {processor.py:840} INFO - DAG(s) 'example_branch_dop_operator_v3' retrieved from /home/airflow/.local/lib/python3.8/site-packages/airflow/example_dags/example_branch_python_dop_operator_3.py
[2026-04-14T22:11:43.273+0000] {logging_mixin.py:188} INFO - [2026-04-14T22:11:43.272+0000] {dag.py:3036} INFO - Sync 1 DAGs
[2026-04-14T22:11:43.314+0000] {logging_mixin.py:188} INFO - [2026-04-14T22:11:43.314+0000] {dag.py:3823} INFO - Setting next_dagrun for example_branch_dop_operator_v3 to 2026-04-14 22:10:00+00:00, run_after=2026-04-14 22:11:00+00:00
[2026-04-14T22:11:43.338+0000] {processor.py:183} INFO - Processing /home/airflow/.local/lib/python3.8/site-packages/airflow/example_dags/example_branch_python_dop_operator_3.py took 0.137 seconds
[2026-04-14T22:12:14.152+0000] {processor.py:161} INFO - Started process (PID=16617) to work on /home/airflow/.local/lib/python3.8/site-packages/airflow/example_dags/example_branch_python_dop_operator_3.py
[2026-04-14T22:12:14.153+0000] {processor.py:830} INFO - Processing file /home/airflow/.local/lib/python3.8/site-packages/airflow/example_dags/example_branch_python_dop_operator_3.py for tasks to queue
[2026-04-14T22:12:14.156+0000] {logging_mixin.py:188} INFO - [2026-04-14T22:12:14.156+0000] {dagbag.py:538} INFO - Filling up the DagBag from /home/airflow/.local/lib/python3.8/site-packages/airflow/example_dags/example_branch_python_dop_operator_3.py
[2026-04-14T22:12:14.169+0000] {processor.py:840} INFO - DAG(s) 'example_branch_dop_operator_v3' retrieved from /home/airflow/.local/lib/python3.8/site-packages/airflow/example_dags/example_branch_python_dop_operator_3.py
[2026-04-14T22:12:14.198+0000] {logging_mixin.py:188} INFO - [2026-04-14T22:12:14.198+0000] {dag.py:3036} INFO - Sync 1 DAGs
[2026-04-14T22:12:14.228+0000] {logging_mixin.py:188} INFO - [2026-04-14T22:12:14.228+0000] {dag.py:3823} INFO - Setting next_dagrun for example_branch_dop_operator_v3 to 2026-04-14 22:11:00+00:00, run_after=2026-04-14 22:12:00+00:00
[2026-04-14T22:12:14.255+0000] {processor.py:183} INFO - Processing /home/airflow/.local/lib/python3.8/site-packages/airflow/example_dags/example_branch_python_dop_operator_3.py took 0.107 seconds
[2026-04-14T22:12:44.529+0000] {processor.py:161} INFO - Started process (PID=16674) to work on /home/airflow/.local/lib/python3.8/site-packages/airflow/example_dags/example_branch_python_dop_operator_3.py
[2026-04-14T22:12:44.530+0000] {processor.py:830} INFO - Processing file /home/airflow/.local/lib/python3.8/site-packages/airflow/example_dags/example_branch_python_dop_operator_3.py for tasks to queue
[2026-04-14T22:12:44.532+0000] {logging_mixin.py:188} INFO - [2026-04-14T22:12:44.532+0000] {dagbag.py:538} INFO - Filling up the DagBag from /home/airflow/.local/lib/python3.8/site-packages/airflow/example_dags/example_branch_python_dop_operator_3.py
[2026-04-14T22:12:44.541+0000] {processor.py:840} INFO - DAG(s) 'example_branch_dop_operator_v3' retrieved from /home/airflow/.local/lib/python3.8/site-packages/airflow/example_dags/example_branch_python_dop_operator_3.py
[2026-04-14T22:12:44.565+0000] {logging_mixin.py:188} INFO - [2026-04-14T22:12:44.565+0000] {dag.py:3036} INFO - Sync 1 DAGs
[2026-04-14T22:12:44.589+0000] {logging_mixin.py:188} INFO - [2026-04-14T22:12:44.588+0000] {dag.py:3823} INFO - Setting next_dagrun for example_branch_dop_operator_v3 to 2026-04-14 22:11:00+00:00, run_after=2026-04-14 22:12:00+00:00
[2026-04-14T22:12:44.610+0000] {processor.py:183} INFO - Processing /home/airflow/.local/lib/python3.8/site-packages/airflow/example_dags/example_branch_python_dop_operator_3.py took 0.085 seconds
[2026-04-14T22:13:15.413+0000] {processor.py:161} INFO - Started process (PID=16731) to work on /home/airflow/.local/lib/python3.8/site-packages/airflow/example_dags/example_branch_python_dop_operator_3.py
[2026-04-14T22:13:15.415+0000] {processor.py:830} INFO - Processing file /home/airflow/.local/lib/python3.8/site-packages/airflow/example_dags/example_branch_python_dop_operator_3.py for tasks to queue
[2026-04-14T22:13:15.417+0000] {logging_mixin.py:188} INFO - [2026-04-14T22:13:15.416+0000] {dagbag.py:538} INFO - Filling up the DagBag from /home/airflow/.local/lib/python3.8/site-packages/airflow/example_dags/example_branch_python_dop_operator_3.py
[2026-04-14T22:13:15.425+0000] {processor.py:840} INFO - DAG(s) 'example_branch_dop_operator_v3' retrieved from /home/airflow/.local/lib/python3.8/site-packages/airflow/example_dags/example_branch_python_dop_operator_3.py
[2026-04-14T22:13:15.448+0000] {logging_mixin.py:188} INFO - [2026-04-14T22:13:15.448+0000] {dag.py:3036} INFO - Sync 1 DAGs
[2026-04-14T22:13:15.475+0000] {logging_mixin.py:188} INFO - [2026-04-14T22:13:15.474+0000] {dag.py:3823} INFO - Setting next_dagrun for example_branch_dop_operator_v3 to 2026-04-14 22:12:00+00:00, run_after=2026-04-14 22:13:00+00:00
[2026-04-14T22:13:15.506+0000] {processor.py:183} INFO - Processing /home/airflow/.local/lib/python3.8/site-packages/airflow/example_dags/example_branch_python_dop_operator_3.py took 0.097 seconds
[2026-04-14T22:13:45.682+0000] {processor.py:161} INFO - Started process (PID=16788) to work on /home/airflow/.local/lib/python3.8/site-packages/airflow/example_dags/example_branch_python_dop_operator_3.py
[2026-04-14T22:13:45.683+0000] {processor.py:830} INFO - Processing file /home/airflow/.local/lib/python3.8/site-packages/airflow/example_dags/example_branch_python_dop_operator_3.py for tasks to queue
[2026-04-14T22:13:45.685+0000] {logging_mixin.py:188} INFO - [2026-04-14T22:13:45.685+0000] {dagbag.py:538} INFO - Filling up the DagBag from /home/airflow/.local/lib/python3.8/site-packages/airflow/example_dags/example_branch_python_dop_operator_3.py
[2026-04-14T22:13:45.694+0000] {processor.py:840} INFO - DAG(s) 'example_branch_dop_operator_v3' retrieved from /home/airflow/.local/lib/python3.8/site-packages/airflow/example_dags/example_branch_python_dop_operator_3.py
[2026-04-14T22:13:45.717+0000] {logging_mixin.py:188} INFO - [2026-04-14T22:13:45.716+0000] {dag.py:3036} INFO - Sync 1 DAGs
[2026-04-14T22:13:45.746+0000] {logging_mixin.py:188} INFO - [2026-04-14T22:13:45.746+0000] {dag.py:3823} INFO - Setting next_dagrun for example_branch_dop_operator_v3 to 2026-04-14 22:12:00+00:00, run_after=2026-04-14 22:13:00+00:00
[2026-04-14T22:13:45.775+0000] {processor.py:183} INFO - Processing /home/airflow/.local/lib/python3.8/site-packages/airflow/example_dags/example_branch_python_dop_operator_3.py took 0.097 seconds
[2026-04-14T22:14:16.512+0000] {processor.py:161} INFO - Started process (PID=16845) to work on /home/airflow/.local/lib/python3.8/site-packages/airflow/example_dags/example_branch_python_dop_operator_3.py
[2026-04-14T22:14:16.513+0000] {processor.py:830} INFO - Processing file /home/airflow/.local/lib/python3.8/site-packages/airflow/example_dags/example_branch_python_dop_operator_3.py for tasks to queue
[2026-04-14T22:14:16.515+0000] {logging_mixin.py:188} INFO - [2026-04-14T22:14:16.515+0000] {dagbag.py:538} INFO - Filling up the DagBag from /home/airflow/.local/lib/python3.8/site-packages/airflow/example_dags/example_branch_python_dop_operator_3.py
[2026-04-14T22:14:16.526+0000] {processor.py:840} INFO - DAG(s) 'example_branch_dop_operator_v3' retrieved from /home/airflow/.local/lib/python3.8/site-packages/airflow/example_dags/example_branch_python_dop_operator_3.py
[2026-04-14T22:14:16.550+0000] {logging_mixin.py:188} INFO - [2026-04-14T22:14:16.550+0000] {dag.py:3036} INFO - Sync 1 DAGs
[2026-04-14T22:14:16.577+0000] {logging_mixin.py:188} INFO - [2026-04-14T22:14:16.577+0000] {dag.py:3823} INFO - Setting next_dagrun for example_branch_dop_operator_v3 to 2026-04-14 22:13:00+00:00, run_after=2026-04-14 22:14:00+00:00
[2026-04-14T22:14:16.601+0000] {processor.py:183} INFO - Processing /home/airflow/.local/lib/python3.8/site-packages/airflow/example_dags/example_branch_python_dop_operator_3.py took 0.094 seconds
[2026-04-14T22:14:47.093+0000] {processor.py:161} INFO - Started process (PID=16908) to work on /home/airflow/.local/lib/python3.8/site-packages/airflow/example_dags/example_branch_python_dop_operator_3.py
[2026-04-14T22:14:47.094+0000] {processor.py:830} INFO - Processing file /home/airflow/.local/lib/python3.8/site-packages/airflow/example_dags/example_branch_python_dop_operator_3.py for tasks to queue
[2026-04-14T22:14:47.097+0000] {logging_mixin.py:188} INFO - [2026-04-14T22:14:47.096+0000] {dagbag.py:538} INFO - Filling up the DagBag from /home/airflow/.local/lib/python3.8/site-packages/airflow/example_dags/example_branch_python_dop_operator_3.py
[2026-04-14T22:14:47.107+0000] {processor.py:840} INFO - DAG(s) 'example_branch_dop_operator_v3' retrieved from /home/airflow/.local/lib/python3.8/site-packages/airflow/example_dags/example_branch_python_dop_operator_3.py
[2026-04-14T22:14:47.134+0000] {logging_mixin.py:188} INFO - [2026-04-14T22:14:47.133+0000] {dag.py:3036} INFO - Sync 1 DAGs
[2026-04-14T22:14:47.159+0000] {logging_mixin.py:188} INFO - [2026-04-14T22:14:47.159+0000] {dag.py:3823} INFO - Setting next_dagrun for example_branch_dop_operator_v3 to 2026-04-14 22:13:00+00:00, run_after=2026-04-14 22:14:00+00:00
[2026-04-14T22:14:47.182+0000] {processor.py:183} INFO - Processing /home/airflow/.local/lib/python3.8/site-packages/airflow/example_dags/example_branch_python_dop_operator_3.py took 0.093 seconds
[2026-04-14T22:15:17.851+0000] {processor.py:161} INFO - Started process (PID=16965) to work on /home/airflow/.local/lib/python3.8/site-packages/airflow/example_dags/example_branch_python_dop_operator_3.py
[2026-04-14T22:15:17.853+0000] {processor.py:830} INFO - Processing file /home/airflow/.local/lib/python3.8/site-packages/airflow/example_dags/example_branch_python_dop_operator_3.py for tasks to queue
[2026-04-14T22:15:17.857+0000] {logging_mixin.py:188} INFO - [2026-04-14T22:15:17.857+0000] {dagbag.py:538} INFO - Filling up the DagBag from /home/airflow/.local/lib/python3.8/site-packages/airflow/example_dags/example_branch_python_dop_operator_3.py
[2026-04-14T22:15:17.872+0000] {processor.py:840} INFO - DAG(s) 'example_branch_dop_operator_v3' retrieved from /home/airflow/.local/lib/python3.8/site-packages/airflow/example_dags/example_branch_python_dop_operator_3.py
[2026-04-14T22:15:17.918+0000] {logging_mixin.py:188} INFO - [2026-04-14T22:15:17.918+0000] {dag.py:3036} INFO - Sync 1 DAGs
[2026-04-14T22:15:17.972+0000] {logging_mixin.py:188} INFO - [2026-04-14T22:15:17.971+0000] {dag.py:3823} INFO - Setting next_dagrun for example_branch_dop_operator_v3 to 2026-04-14 22:14:00+00:00, run_after=2026-04-14 22:15:00+00:00
[2026-04-14T22:15:18.009+0000] {processor.py:183} INFO - Processing /home/airflow/.local/lib/python3.8/site-packages/airflow/example_dags/example_branch_python_dop_operator_3.py took 0.163 seconds
[2026-04-14T22:15:48.414+0000] {processor.py:161} INFO - Started process (PID=17022) to work on /home/airflow/.local/lib/python3.8/site-packages/airflow/example_dags/example_branch_python_dop_operator_3.py
[2026-04-14T22:15:48.415+0000] {processor.py:830} INFO - Processing file /home/airflow/.local/lib/python3.8/site-packages/airflow/example_dags/example_branch_python_dop_operator_3.py for tasks to queue
[2026-04-14T22:15:48.417+0000] {logging_mixin.py:188} INFO - [2026-04-14T22:15:48.417+0000] {dagbag.py:538} INFO - Filling up the DagBag from /home/airflow/.local/lib/python3.8/site-packages/airflow/example_dags/example_branch_python_dop_operator_3.py
[2026-04-14T22:15:48.427+0000] {processor.py:840} INFO - DAG(s) 'example_branch_dop_operator_v3' retrieved from /home/airflow/.local/lib/python3.8/site-packages/airflow/example_dags/example_branch_python_dop_operator_3.py
[2026-04-14T22:15:48.450+0000] {logging_mixin.py:188} INFO - [2026-04-14T22:15:48.450+0000] {dag.py:3036} INFO - Sync 1 DAGs
[2026-04-14T22:15:48.476+0000] {logging_mixin.py:188} INFO - [2026-04-14T22:15:48.476+0000] {dag.py:3823} INFO - Setting next_dagrun for example_branch_dop_operator_v3 to 2026-04-14 22:14:00+00:00, run_after=2026-04-14 22:15:00+00:00
[2026-04-14T22:15:48.502+0000] {processor.py:183} INFO - Processing /home/airflow/.local/lib/python3.8/site-packages/airflow/example_dags/example_branch_python_dop_operator_3.py took 0.091 seconds
[2026-04-14T22:16:18.994+0000] {processor.py:161} INFO - Started process (PID=17079) to work on /home/airflow/.local/lib/python3.8/site-packages/airflow/example_dags/example_branch_python_dop_operator_3.py
[2026-04-14T22:16:18.996+0000] {processor.py:830} INFO - Processing file /home/airflow/.local/lib/python3.8/site-packages/airflow/example_dags/example_branch_python_dop_operator_3.py for tasks to queue
[2026-04-14T22:16:19.003+0000] {logging_mixin.py:188} INFO - [2026-04-14T22:16:19.002+0000] {dagbag.py:538} INFO - Filling up the DagBag from /home/airflow/.local/lib/python3.8/site-packages/airflow/example_dags/example_branch_python_dop_operator_3.py
[2026-04-14T22:16:19.024+0000] {processor.py:840} INFO - DAG(s) 'example_branch_dop_operator_v3' retrieved from /home/airflow/.local/lib/python3.8/site-packages/airflow/example_dags/example_branch_python_dop_operator_3.py
[2026-04-14T22:16:19.055+0000] {logging_mixin.py:188} INFO - [2026-04-14T22:16:19.055+0000] {dag.py:3036} INFO - Sync 1 DAGs
[2026-04-14T22:16:19.091+0000] {logging_mixin.py:188} INFO - [2026-04-14T22:16:19.090+0000] {dag.py:3823} INFO - Setting next_dagrun for example_branch_dop_operator_v3 to 2026-04-14 22:15:00+00:00, run_after=2026-04-14 22:16:00+00:00
[2026-04-14T22:16:19.123+0000] {processor.py:183} INFO - Processing /home/airflow/.local/lib/python3.8/site-packages/airflow/example_dags/example_branch_python_dop_operator_3.py took 0.136 seconds
[2026-04-14T22:16:49.215+0000] {processor.py:161} INFO - Started process (PID=17136) to work on /home/airflow/.local/lib/python3.8/site-packages/airflow/example_dags/example_branch_python_dop_operator_3.py
[2026-04-14T22:16:49.216+0000] {processor.py:830} INFO - Processing file /home/airflow/.local/lib/python3.8/site-packages/airflow/example_dags/example_branch_python_dop_operator_3.py for tasks to queue
[2026-04-14T22:16:49.220+0000] {logging_mixin.py:188} INFO - [2026-04-14T22:16:49.220+0000] {dagbag.py:538} INFO - Filling up the DagBag from /home/airflow/.local/lib/python3.8/site-packages/airflow/example_dags/example_branch_python_dop_operator_3.py
[2026-04-14T22:16:49.231+0000] {processor.py:840} INFO - DAG(s) 'example_branch_dop_operator_v3' retrieved from /home/airflow/.local/lib/python3.8/site-packages/airflow/example_dags/example_branch_python_dop_operator_3.py
[2026-04-14T22:16:49.262+0000] {logging_mixin.py:188} INFO - [2026-04-14T22:16:49.262+0000] {dag.py:3036} INFO - Sync 1 DAGs
[2026-04-14T22:16:49.296+0000] {logging_mixin.py:188} INFO - [2026-04-14T22:16:49.296+0000] {dag.py:3823} INFO - Setting next_dagrun for example_branch_dop_operator_v3 to 2026-04-14 22:15:00+00:00, run_after=2026-04-14 22:16:00+00:00
[2026-04-14T22:16:49.324+0000] {processor.py:183} INFO - Processing /home/airflow/.local/lib/python3.8/site-packages/airflow/example_dags/example_branch_python_dop_operator_3.py took 0.115 seconds
[2026-04-14T22:17:19.445+0000] {processor.py:161} INFO - Started process (PID=17193) to work on /home/airflow/.local/lib/python3.8/site-packages/airflow/example_dags/example_branch_python_dop_operator_3.py
[2026-04-14T22:17:19.446+0000] {processor.py:830} INFO - Processing file /home/airflow/.local/lib/python3.8/site-packages/airflow/example_dags/example_branch_python_dop_operator_3.py for tasks to queue
[2026-04-14T22:17:19.450+0000] {logging_mixin.py:188} INFO - [2026-04-14T22:17:19.449+0000] {dagbag.py:538} INFO - Filling up the DagBag from /home/airflow/.local/lib/python3.8/site-packages/airflow/example_dags/example_branch_python_dop_operator_3.py
[2026-04-14T22:17:19.464+0000] {processor.py:840} INFO - DAG(s) 'example_branch_dop_operator_v3' retrieved from /home/airflow/.local/lib/python3.8/site-packages/airflow/example_dags/example_branch_python_dop_operator_3.py
[2026-04-14T22:17:19.495+0000] {logging_mixin.py:188} INFO - [2026-04-14T22:17:19.495+0000] {dag.py:3036} INFO - Sync 1 DAGs
[2026-04-14T22:17:19.524+0000] {logging_mixin.py:188} INFO - [2026-04-14T22:17:19.524+0000] {dag.py:3823} INFO - Setting next_dagrun for example_branch_dop_operator_v3 to 2026-04-14 22:16:00+00:00, run_after=2026-04-14 22:17:00+00:00
[2026-04-14T22:17:19.550+0000] {processor.py:183} INFO - Processing /home/airflow/.local/lib/python3.8/site-packages/airflow/example_dags/example_branch_python_dop_operator_3.py took 0.109 seconds
[2026-04-14T22:17:50.443+0000] {processor.py:161} INFO - Started process (PID=17250) to work on /home/airflow/.local/lib/python3.8/site-packages/airflow/example_dags/example_branch_python_dop_operator_3.py
[2026-04-14T22:17:50.444+0000] {processor.py:830} INFO - Processing file /home/airflow/.local/lib/python3.8/site-packages/airflow/example_dags/example_branch_python_dop_operator_3.py for tasks to queue
[2026-04-14T22:17:50.447+0000] {logging_mixin.py:188} INFO - [2026-04-14T22:17:50.447+0000] {dagbag.py:538} INFO - Filling up the DagBag from /home/airflow/.local/lib/python3.8/site-packages/airflow/example_dags/example_branch_python_dop_operator_3.py
[2026-04-14T22:17:50.458+0000] {processor.py:840} INFO - DAG(s) 'example_branch_dop_operator_v3' retrieved from /home/airflow/.local/lib/python3.8/site-packages/airflow/example_dags/example_branch_python_dop_operator_3.py
[2026-04-14T22:17:50.483+0000] {logging_mixin.py:188} INFO - [2026-04-14T22:17:50.483+0000] {dag.py:3036} INFO - Sync 1 DAGs
[2026-04-14T22:17:50.515+0000] {logging_mixin.py:188} INFO - [2026-04-14T22:17:50.515+0000] {dag.py:3823} INFO - Setting next_dagrun for example_branch_dop_operator_v3 to 2026-04-14 22:16:00+00:00, run_after=2026-04-14 22:17:00+00:00
[2026-04-14T22:17:50.538+0000] {processor.py:183} INFO - Processing /home/airflow/.local/lib/python3.8/site-packages/airflow/example_dags/example_branch_python_dop_operator_3.py took 0.101 seconds
[2026-04-14T22:18:21.020+0000] {processor.py:161} INFO - Started process (PID=17307) to work on /home/airflow/.local/lib/python3.8/site-packages/airflow/example_dags/example_branch_python_dop_operator_3.py
[2026-04-14T22:18:21.022+0000] {processor.py:830} INFO - Processing file /home/airflow/.local/lib/python3.8/site-packages/airflow/example_dags/example_branch_python_dop_operator_3.py for tasks to queue
[2026-04-14T22:18:21.025+0000] {logging_mixin.py:188} INFO - [2026-04-14T22:18:21.025+0000] {dagbag.py:538} INFO - Filling up the DagBag from /home/airflow/.local/lib/python3.8/site-packages/airflow/example_dags/example_branch_python_dop_operator_3.py
[2026-04-14T22:18:21.042+0000] {processor.py:840} INFO - DAG(s) 'example_branch_dop_operator_v3' retrieved from /home/airflow/.local/lib/python3.8/site-packages/airflow/example_dags/example_branch_python_dop_operator_3.py
[2026-04-14T22:18:21.073+0000] {logging_mixin.py:188} INFO - [2026-04-14T22:18:21.073+0000] {dag.py:3036} INFO - Sync 1 DAGs
[2026-04-14T22:18:21.106+0000] {logging_mixin.py:188} INFO - [2026-04-14T22:18:21.106+0000] {dag.py:3823} INFO - Setting next_dagrun for example_branch_dop_operator_v3 to 2026-04-14 22:17:00+00:00, run_after=2026-04-14 22:18:00+00:00
[2026-04-14T22:18:21.131+0000] {processor.py:183} INFO - Processing /home/airflow/.local/lib/python3.8/site-packages/airflow/example_dags/example_branch_python_dop_operator_3.py took 0.115 seconds
[2026-04-14T22:18:51.416+0000] {processor.py:161} INFO - Started process (PID=17364) to work on /home/airflow/.local/lib/python3.8/site-packages/airflow/example_dags/example_branch_python_dop_operator_3.py
[2026-04-14T22:18:51.417+0000] {processor.py:830} INFO - Processing file /home/airflow/.local/lib/python3.8/site-packages/airflow/example_dags/example_branch_python_dop_operator_3.py for tasks to queue
[2026-04-14T22:18:51.420+0000] {logging_mixin.py:188} INFO - [2026-04-14T22:18:51.420+0000] {dagbag.py:538} INFO - Filling up the DagBag from /home/airflow/.local/lib/python3.8/site-packages/airflow/example_dags/example_branch_python_dop_operator_3.py
[2026-04-14T22:18:51.429+0000] {processor.py:840} INFO - DAG(s) 'example_branch_dop_operator_v3' retrieved from /home/airflow/.local/lib/python3.8/site-packages/airflow/example_dags/example_branch_python_dop_operator_3.py
[2026-04-14T22:18:51.453+0000] {logging_mixin.py:188} INFO - [2026-04-14T22:18:51.453+0000] {dag.py:3036} INFO - Sync 1 DAGs
[2026-04-14T22:18:51.478+0000] {logging_mixin.py:188} INFO - [2026-04-14T22:18:51.478+0000] {dag.py:3823} INFO - Setting next_dagrun for example_branch_dop_operator_v3 to 2026-04-14 22:17:00+00:00, run_after=2026-04-14 22:18:00+00:00
[2026-04-14T22:18:51.502+0000] {processor.py:183} INFO - Processing /home/airflow/.local/lib/python3.8/site-packages/airflow/example_dags/example_branch_python_dop_operator_3.py took 0.089 seconds
[2026-04-14T22:19:21.785+0000] {processor.py:161} INFO - Started process (PID=17421) to work on /home/airflow/.local/lib/python3.8/site-packages/airflow/example_dags/example_branch_python_dop_operator_3.py
[2026-04-14T22:19:21.787+0000] {processor.py:830} INFO - Processing file /home/airflow/.local/lib/python3.8/site-packages/airflow/example_dags/example_branch_python_dop_operator_3.py for tasks to queue
[2026-04-14T22:19:21.790+0000] {logging_mixin.py:188} INFO - [2026-04-14T22:19:21.790+0000] {dagbag.py:538} INFO - Filling up the DagBag from /home/airflow/.local/lib/python3.8/site-packages/airflow/example_dags/example_branch_python_dop_operator_3.py
[2026-04-14T22:19:21.803+0000] {processor.py:840} INFO - DAG(s) 'example_branch_dop_operator_v3' retrieved from /home/airflow/.local/lib/python3.8/site-packages/airflow/example_dags/example_branch_python_dop_operator_3.py
[2026-04-14T22:19:21.829+0000] {logging_mixin.py:188} INFO - [2026-04-14T22:19:21.829+0000] {dag.py:3036} INFO - Sync 1 DAGs
[2026-04-14T22:19:21.859+0000] {logging_mixin.py:188} INFO - [2026-04-14T22:19:21.859+0000] {dag.py:3823} INFO - Setting next_dagrun for example_branch_dop_operator_v3 to 2026-04-14 22:18:00+00:00, run_after=2026-04-14 22:19:00+00:00
[2026-04-14T22:19:21.884+0000] {processor.py:183} INFO - Processing /home/airflow/.local/lib/python3.8/site-packages/airflow/example_dags/example_branch_python_dop_operator_3.py took 0.105 seconds
[2026-04-14T22:19:52.371+0000] {processor.py:161} INFO - Started process (PID=17478) to work on /home/airflow/.local/lib/python3.8/site-packages/airflow/example_dags/example_branch_python_dop_operator_3.py
[2026-04-14T22:19:52.372+0000] {processor.py:830} INFO - Processing file /home/airflow/.local/lib/python3.8/site-packages/airflow/example_dags/example_branch_python_dop_operator_3.py for tasks to queue
[2026-04-14T22:19:52.375+0000] {logging_mixin.py:188} INFO - [2026-04-14T22:19:52.375+0000] {dagbag.py:538} INFO - Filling up the DagBag from /home/airflow/.local/lib/python3.8/site-packages/airflow/example_dags/example_branch_python_dop_operator_3.py
[2026-04-14T22:19:52.385+0000] {processor.py:840} INFO - DAG(s) 'example_branch_dop_operator_v3' retrieved from /home/airflow/.local/lib/python3.8/site-packages/airflow/example_dags/example_branch_python_dop_operator_3.py
[2026-04-14T22:19:52.414+0000] {logging_mixin.py:188} INFO - [2026-04-14T22:19:52.413+0000] {dag.py:3036} INFO - Sync 1 DAGs
[2026-04-14T22:19:52.442+0000] {logging_mixin.py:188} INFO - [2026-04-14T22:19:52.442+0000] {dag.py:3823} INFO - Setting next_dagrun for example_branch_dop_operator_v3 to 2026-04-14 22:18:00+00:00, run_after=2026-04-14 22:19:00+00:00
[2026-04-14T22:19:52.466+0000] {processor.py:183} INFO - Processing /home/airflow/.local/lib/python3.8/site-packages/airflow/example_dags/example_branch_python_dop_operator_3.py took 0.100 seconds
[2026-04-14T22:20:22.743+0000] {processor.py:161} INFO - Started process (PID=17535) to work on /home/airflow/.local/lib/python3.8/site-packages/airflow/example_dags/example_branch_python_dop_operator_3.py
[2026-04-14T22:20:22.744+0000] {processor.py:830} INFO - Processing file /home/airflow/.local/lib/python3.8/site-packages/airflow/example_dags/example_branch_python_dop_operator_3.py for tasks to queue
[2026-04-14T22:20:22.747+0000] {logging_mixin.py:188} INFO - [2026-04-14T22:20:22.747+0000] {dagbag.py:538} INFO - Filling up the DagBag from /home/airflow/.local/lib/python3.8/site-packages/airflow/example_dags/example_branch_python_dop_operator_3.py
[2026-04-14T22:20:22.755+0000] {processor.py:840} INFO - DAG(s) 'example_branch_dop_operator_v3' retrieved from /home/airflow/.local/lib/python3.8/site-packages/airflow/example_dags/example_branch_python_dop_operator_3.py
[2026-04-14T22:20:22.781+0000] {logging_mixin.py:188} INFO - [2026-04-14T22:20:22.781+0000] {dag.py:3036} INFO - Sync 1 DAGs
[2026-04-14T22:20:22.807+0000] {logging_mixin.py:188} INFO - [2026-04-14T22:20:22.807+0000] {dag.py:3823} INFO - Setting next_dagrun for example_branch_dop_operator_v3 to 2026-04-14 22:19:00+00:00, run_after=2026-04-14 22:20:00+00:00
[2026-04-14T22:20:22.834+0000] {processor.py:183} INFO - Processing /home/airflow/.local/lib/python3.8/site-packages/airflow/example_dags/example_branch_python_dop_operator_3.py took 0.095 seconds
[2026-04-14T22:20:53.584+0000] {processor.py:161} INFO - Started process (PID=17592) to work on /home/airflow/.local/lib/python3.8/site-packages/airflow/example_dags/example_branch_python_dop_operator_3.py
[2026-04-14T22:20:53.585+0000] {processor.py:830} INFO - Processing file /home/airflow/.local/lib/python3.8/site-packages/airflow/example_dags/example_branch_python_dop_operator_3.py for tasks to queue
[2026-04-14T22:20:53.587+0000] {logging_mixin.py:188} INFO - [2026-04-14T22:20:53.587+0000] {dagbag.py:538} INFO - Filling up the DagBag from /home/airflow/.local/lib/python3.8/site-packages/airflow/example_dags/example_branch_python_dop_operator_3.py
[2026-04-14T22:20:53.598+0000] {processor.py:840} INFO - DAG(s) 'example_branch_dop_operator_v3' retrieved from /home/airflow/.local/lib/python3.8/site-packages/airflow/example_dags/example_branch_python_dop_operator_3.py
[2026-04-14T22:20:53.619+0000] {logging_mixin.py:188} INFO - [2026-04-14T22:20:53.619+0000] {dag.py:3036} INFO - Sync 1 DAGs
[2026-04-14T22:20:53.645+0000] {logging_mixin.py:188} INFO - [2026-04-14T22:20:53.644+0000] {dag.py:3823} INFO - Setting next_dagrun for example_branch_dop_operator_v3 to 2026-04-14 22:19:00+00:00, run_after=2026-04-14 22:20:00+00:00
[2026-04-14T22:20:53.668+0000] {processor.py:183} INFO - Processing /home/airflow/.local/lib/python3.8/site-packages/airflow/example_dags/example_branch_python_dop_operator_3.py took 0.088 seconds
[2026-04-14T22:21:23.769+0000] {processor.py:161} INFO - Started process (PID=17649) to work on /home/airflow/.local/lib/python3.8/site-packages/airflow/example_dags/example_branch_python_dop_operator_3.py
[2026-04-14T22:21:23.770+0000] {processor.py:830} INFO - Processing file /home/airflow/.local/lib/python3.8/site-packages/airflow/example_dags/example_branch_python_dop_operator_3.py for tasks to queue
[2026-04-14T22:21:23.773+0000] {logging_mixin.py:188} INFO - [2026-04-14T22:21:23.773+0000] {dagbag.py:538} INFO - Filling up the DagBag from /home/airflow/.local/lib/python3.8/site-packages/airflow/example_dags/example_branch_python_dop_operator_3.py
[2026-04-14T22:21:23.781+0000] {processor.py:840} INFO - DAG(s) 'example_branch_dop_operator_v3' retrieved from /home/airflow/.local/lib/python3.8/site-packages/airflow/example_dags/example_branch_python_dop_operator_3.py
[2026-04-14T22:21:23.806+0000] {logging_mixin.py:188} INFO - [2026-04-14T22:21:23.805+0000] {dag.py:3036} INFO - Sync 1 DAGs
[2026-04-14T22:21:23.830+0000] {logging_mixin.py:188} INFO - [2026-04-14T22:21:23.830+0000] {dag.py:3823} INFO - Setting next_dagrun for example_branch_dop_operator_v3 to 2026-04-14 22:20:00+00:00, run_after=2026-04-14 22:21:00+00:00
[2026-04-14T22:21:23.853+0000] {processor.py:183} INFO - Processing /home/airflow/.local/lib/python3.8/site-packages/airflow/example_dags/example_branch_python_dop_operator_3.py took 0.087 seconds
[2026-04-14T22:21:54.129+0000] {processor.py:161} INFO - Started process (PID=17706) to work on /home/airflow/.local/lib/python3.8/site-packages/airflow/example_dags/example_branch_python_dop_operator_3.py
[2026-04-14T22:21:54.130+0000] {processor.py:830} INFO - Processing file /home/airflow/.local/lib/python3.8/site-packages/airflow/example_dags/example_branch_python_dop_operator_3.py for tasks to queue
[2026-04-14T22:21:54.133+0000] {logging_mixin.py:188} INFO - [2026-04-14T22:21:54.133+0000] {dagbag.py:538} INFO - Filling up the DagBag from /home/airflow/.local/lib/python3.8/site-packages/airflow/example_dags/example_branch_python_dop_operator_3.py
[2026-04-14T22:21:54.142+0000] {processor.py:840} INFO - DAG(s) 'example_branch_dop_operator_v3' retrieved from /home/airflow/.local/lib/python3.8/site-packages/airflow/example_dags/example_branch_python_dop_operator_3.py
[2026-04-14T22:21:54.166+0000] {logging_mixin.py:188} INFO - [2026-04-14T22:21:54.166+0000] {dag.py:3036} INFO - Sync 1 DAGs
[2026-04-14T22:21:54.202+0000] {logging_mixin.py:188} INFO - [2026-04-14T22:21:54.202+0000] {dag.py:3823} INFO - Setting next_dagrun for example_branch_dop_operator_v3 to 2026-04-14 22:20:00+00:00, run_after=2026-04-14 22:21:00+00:00
[2026-04-14T22:21:54.228+0000] {processor.py:183} INFO - Processing /home/airflow/.local/lib/python3.8/site-packages/airflow/example_dags/example_branch_python_dop_operator_3.py took 0.103 seconds
[2026-04-14T22:22:24.711+0000] {processor.py:161} INFO - Started process (PID=17763) to work on /home/airflow/.local/lib/python3.8/site-packages/airflow/example_dags/example_branch_python_dop_operator_3.py
[2026-04-14T22:22:24.713+0000] {processor.py:830} INFO - Processing file /home/airflow/.local/lib/python3.8/site-packages/airflow/example_dags/example_branch_python_dop_operator_3.py for tasks to queue
[2026-04-14T22:22:24.716+0000] {logging_mixin.py:188} INFO - [2026-04-14T22:22:24.716+0000] {dagbag.py:538} INFO - Filling up the DagBag from /home/airflow/.local/lib/python3.8/site-packages/airflow/example_dags/example_branch_python_dop_operator_3.py
[2026-04-14T22:22:24.725+0000] {processor.py:840} INFO - DAG(s) 'example_branch_dop_operator_v3' retrieved from /home/airflow/.local/lib/python3.8/site-packages/airflow/example_dags/example_branch_python_dop_operator_3.py
[2026-04-14T22:22:24.752+0000] {logging_mixin.py:188} INFO - [2026-04-14T22:22:24.752+0000] {dag.py:3036} INFO - Sync 1 DAGs
[2026-04-14T22:22:24.782+0000] {logging_mixin.py:188} INFO - [2026-04-14T22:22:24.782+0000] {dag.py:3823} INFO - Setting next_dagrun for example_branch_dop_operator_v3 to 2026-04-14 22:21:00+00:00, run_after=2026-04-14 22:22:00+00:00
[2026-04-14T22:22:24.805+0000] {processor.py:183} INFO - Processing /home/airflow/.local/lib/python3.8/site-packages/airflow/example_dags/example_branch_python_dop_operator_3.py took 0.097 seconds
[2026-04-14T22:22:55.178+0000] {processor.py:161} INFO - Started process (PID=17820) to work on /home/airflow/.local/lib/python3.8/site-packages/airflow/example_dags/example_branch_python_dop_operator_3.py
[2026-04-14T22:22:55.179+0000] {processor.py:830} INFO - Processing file /home/airflow/.local/lib/python3.8/site-packages/airflow/example_dags/example_branch_python_dop_operator_3.py for tasks to queue
[2026-04-14T22:22:55.185+0000] {logging_mixin.py:188} INFO - [2026-04-14T22:22:55.184+0000] {dagbag.py:538} INFO - Filling up the DagBag from /home/airflow/.local/lib/python3.8/site-packages/airflow/example_dags/example_branch_python_dop_operator_3.py
[2026-04-14T22:22:55.198+0000] {processor.py:840} INFO - DAG(s) 'example_branch_dop_operator_v3' retrieved from /home/airflow/.local/lib/python3.8/site-packages/airflow/example_dags/example_branch_python_dop_operator_3.py
[2026-04-14T22:22:55.227+0000] {logging_mixin.py:188} INFO - [2026-04-14T22:22:55.227+0000] {dag.py:3036} INFO - Sync 1 DAGs
[2026-04-14T22:22:55.258+0000] {logging_mixin.py:188} INFO - [2026-04-14T22:22:55.258+0000] {dag.py:3823} INFO - Setting next_dagrun for example_branch_dop_operator_v3 to 2026-04-14 22:21:00+00:00, run_after=2026-04-14 22:22:00+00:00
[2026-04-14T22:22:55.284+0000] {processor.py:183} INFO - Processing /home/airflow/.local/lib/python3.8/site-packages/airflow/example_dags/example_branch_python_dop_operator_3.py took 0.110 seconds
[2026-04-14T22:23:25.876+0000] {processor.py:161} INFO - Started process (PID=17877) to work on /home/airflow/.local/lib/python3.8/site-packages/airflow/example_dags/example_branch_python_dop_operator_3.py
[2026-04-14T22:23:25.877+0000] {processor.py:830} INFO - Processing file /home/airflow/.local/lib/python3.8/site-packages/airflow/example_dags/example_branch_python_dop_operator_3.py for tasks to queue
[2026-04-14T22:23:25.883+0000] {logging_mixin.py:188} INFO - [2026-04-14T22:23:25.882+0000] {dagbag.py:538} INFO - Filling up the DagBag from /home/airflow/.local/lib/python3.8/site-packages/airflow/example_dags/example_branch_python_dop_operator_3.py
[2026-04-14T22:23:25.893+0000] {processor.py:840} INFO - DAG(s) 'example_branch_dop_operator_v3' retrieved from /home/airflow/.local/lib/python3.8/site-packages/airflow/example_dags/example_branch_python_dop_operator_3.py
[2026-04-14T22:23:25.925+0000] {logging_mixin.py:188} INFO - [2026-04-14T22:23:25.925+0000] {dag.py:3036} INFO - Sync 1 DAGs
[2026-04-14T22:23:25.961+0000] {logging_mixin.py:188} INFO - [2026-04-14T22:23:25.961+0000] {dag.py:3823} INFO - Setting next_dagrun for example_branch_dop_operator_v3 to 2026-04-14 22:22:00+00:00, run_after=2026-04-14 22:23:00+00:00
[2026-04-14T22:23:25.991+0000] {processor.py:183} INFO - Processing /home/airflow/.local/lib/python3.8/site-packages/airflow/example_dags/example_branch_python_dop_operator_3.py took 0.120 seconds
[2026-04-14T22:23:56.567+0000] {processor.py:161} INFO - Started process (PID=17933) to work on /home/airflow/.local/lib/python3.8/site-packages/airflow/example_dags/example_branch_python_dop_operator_3.py
[2026-04-14T22:23:56.569+0000] {processor.py:830} INFO - Processing file /home/airflow/.local/lib/python3.8/site-packages/airflow/example_dags/example_branch_python_dop_operator_3.py for tasks to queue
[2026-04-14T22:23:56.572+0000] {logging_mixin.py:188} INFO - [2026-04-14T22:23:56.571+0000] {dagbag.py:538} INFO - Filling up the DagBag from /home/airflow/.local/lib/python3.8/site-packages/airflow/example_dags/example_branch_python_dop_operator_3.py
[2026-04-14T22:23:56.581+0000] {processor.py:840} INFO - DAG(s) 'example_branch_dop_operator_v3' retrieved from /home/airflow/.local/lib/python3.8/site-packages/airflow/example_dags/example_branch_python_dop_operator_3.py
[2026-04-14T22:23:56.610+0000] {logging_mixin.py:188} INFO - [2026-04-14T22:23:56.610+0000] {dag.py:3036} INFO - Sync 1 DAGs
[2026-04-14T22:23:56.654+0000] {logging_mixin.py:188} INFO - [2026-04-14T22:23:56.653+0000] {dag.py:3823} INFO - Setting next_dagrun for example_branch_dop_operator_v3 to 2026-04-14 22:22:00+00:00, run_after=2026-04-14 22:23:00+00:00
[2026-04-14T22:23:56.686+0000] {processor.py:183} INFO - Processing /home/airflow/.local/lib/python3.8/site-packages/airflow/example_dags/example_branch_python_dop_operator_3.py took 0.123 seconds
[2026-04-14T22:24:26.904+0000] {processor.py:161} INFO - Started process (PID=17990) to work on /home/airflow/.local/lib/python3.8/site-packages/airflow/example_dags/example_branch_python_dop_operator_3.py
[2026-04-14T22:24:26.905+0000] {processor.py:830} INFO - Processing file /home/airflow/.local/lib/python3.8/site-packages/airflow/example_dags/example_branch_python_dop_operator_3.py for tasks to queue
[2026-04-14T22:24:26.909+0000] {logging_mixin.py:188} INFO - [2026-04-14T22:24:26.909+0000] {dagbag.py:538} INFO - Filling up the DagBag from /home/airflow/.local/lib/python3.8/site-packages/airflow/example_dags/example_branch_python_dop_operator_3.py
[2026-04-14T22:24:26.920+0000] {processor.py:840} INFO - DAG(s) 'example_branch_dop_operator_v3' retrieved from /home/airflow/.local/lib/python3.8/site-packages/airflow/example_dags/example_branch_python_dop_operator_3.py
[2026-04-14T22:24:26.944+0000] {logging_mixin.py:188} INFO - [2026-04-14T22:24:26.944+0000] {dag.py:3036} INFO - Sync 1 DAGs
[2026-04-14T22:24:26.968+0000] {logging_mixin.py:188} INFO - [2026-04-14T22:24:26.968+0000] {dag.py:3823} INFO - Setting next_dagrun for example_branch_dop_operator_v3 to 2026-04-14 22:23:00+00:00, run_after=2026-04-14 22:24:00+00:00
[2026-04-14T22:24:26.992+0000] {processor.py:183} INFO - Processing /home/airflow/.local/lib/python3.8/site-packages/airflow/example_dags/example_branch_python_dop_operator_3.py took 0.092 seconds
[2026-04-14T22:24:57.534+0000] {processor.py:161} INFO - Started process (PID=18047) to work on /home/airflow/.local/lib/python3.8/site-packages/airflow/example_dags/example_branch_python_dop_operator_3.py
[2026-04-14T22:24:57.535+0000] {processor.py:830} INFO - Processing file /home/airflow/.local/lib/python3.8/site-packages/airflow/example_dags/example_branch_python_dop_operator_3.py for tasks to queue
[2026-04-14T22:24:57.539+0000] {logging_mixin.py:188} INFO - [2026-04-14T22:24:57.538+0000] {dagbag.py:538} INFO - Filling up the DagBag from /home/airflow/.local/lib/python3.8/site-packages/airflow/example_dags/example_branch_python_dop_operator_3.py
[2026-04-14T22:24:57.551+0000] {processor.py:840} INFO - DAG(s) 'example_branch_dop_operator_v3' retrieved from /home/airflow/.local/lib/python3.8/site-packages/airflow/example_dags/example_branch_python_dop_operator_3.py
[2026-04-14T22:24:57.574+0000] {logging_mixin.py:188} INFO - [2026-04-14T22:24:57.574+0000] {dag.py:3036} INFO - Sync 1 DAGs
[2026-04-14T22:24:57.602+0000] {logging_mixin.py:188} INFO - [2026-04-14T22:24:57.601+0000] {dag.py:3823} INFO - Setting next_dagrun for example_branch_dop_operator_v3 to 2026-04-14 22:23:00+00:00, run_after=2026-04-14 22:24:00+00:00
[2026-04-14T22:24:57.634+0000] {processor.py:183} INFO - Processing /home/airflow/.local/lib/python3.8/site-packages/airflow/example_dags/example_branch_python_dop_operator_3.py took 0.106 seconds
[2026-04-14T22:25:28.289+0000] {processor.py:161} INFO - Started process (PID=18104) to work on /home/airflow/.local/lib/python3.8/site-packages/airflow/example_dags/example_branch_python_dop_operator_3.py
[2026-04-14T22:25:28.291+0000] {processor.py:830} INFO - Processing file /home/airflow/.local/lib/python3.8/site-packages/airflow/example_dags/example_branch_python_dop_operator_3.py for tasks to queue
[2026-04-14T22:25:28.294+0000] {logging_mixin.py:188} INFO - [2026-04-14T22:25:28.293+0000] {dagbag.py:538} INFO - Filling up the DagBag from /home/airflow/.local/lib/python3.8/site-packages/airflow/example_dags/example_branch_python_dop_operator_3.py
[2026-04-14T22:25:28.306+0000] {processor.py:840} INFO - DAG(s) 'example_branch_dop_operator_v3' retrieved from /home/airflow/.local/lib/python3.8/site-packages/airflow/example_dags/example_branch_python_dop_operator_3.py
[2026-04-14T22:25:28.333+0000] {logging_mixin.py:188} INFO - [2026-04-14T22:25:28.332+0000] {dag.py:3036} INFO - Sync 1 DAGs
[2026-04-14T22:25:28.363+0000] {logging_mixin.py:188} INFO - [2026-04-14T22:25:28.363+0000] {dag.py:3823} INFO - Setting next_dagrun for example_branch_dop_operator_v3 to 2026-04-14 22:24:00+00:00, run_after=2026-04-14 22:25:00+00:00
[2026-04-14T22:25:28.395+0000] {processor.py:183} INFO - Processing /home/airflow/.local/lib/python3.8/site-packages/airflow/example_dags/example_branch_python_dop_operator_3.py took 0.110 seconds
[2026-04-14T22:25:58.521+0000] {processor.py:161} INFO - Started process (PID=18161) to work on /home/airflow/.local/lib/python3.8/site-packages/airflow/example_dags/example_branch_python_dop_operator_3.py
[2026-04-14T22:25:58.522+0000] {processor.py:830} INFO - Processing file /home/airflow/.local/lib/python3.8/site-packages/airflow/example_dags/example_branch_python_dop_operator_3.py for tasks to queue
[2026-04-14T22:25:58.525+0000] {logging_mixin.py:188} INFO - [2026-04-14T22:25:58.525+0000] {dagbag.py:538} INFO - Filling up the DagBag from /home/airflow/.local/lib/python3.8/site-packages/airflow/example_dags/example_branch_python_dop_operator_3.py
[2026-04-14T22:25:58.538+0000] {processor.py:840} INFO - DAG(s) 'example_branch_dop_operator_v3' retrieved from /home/airflow/.local/lib/python3.8/site-packages/airflow/example_dags/example_branch_python_dop_operator_3.py
[2026-04-14T22:25:58.566+0000] {logging_mixin.py:188} INFO - [2026-04-14T22:25:58.566+0000] {dag.py:3036} INFO - Sync 1 DAGs
[2026-04-14T22:25:58.597+0000] {logging_mixin.py:188} INFO - [2026-04-14T22:25:58.597+0000] {dag.py:3823} INFO - Setting next_dagrun for example_branch_dop_operator_v3 to 2026-04-14 22:24:00+00:00, run_after=2026-04-14 22:25:00+00:00
[2026-04-14T22:25:58.630+0000] {processor.py:183} INFO - Processing /home/airflow/.local/lib/python3.8/site-packages/airflow/example_dags/example_branch_python_dop_operator_3.py took 0.114 seconds
[2026-04-14T22:26:29.192+0000] {processor.py:161} INFO - Started process (PID=18218) to work on /home/airflow/.local/lib/python3.8/site-packages/airflow/example_dags/example_branch_python_dop_operator_3.py
[2026-04-14T22:26:29.193+0000] {processor.py:830} INFO - Processing file /home/airflow/.local/lib/python3.8/site-packages/airflow/example_dags/example_branch_python_dop_operator_3.py for tasks to queue
[2026-04-14T22:26:29.197+0000] {logging_mixin.py:188} INFO - [2026-04-14T22:26:29.197+0000] {dagbag.py:538} INFO - Filling up the DagBag from /home/airflow/.local/lib/python3.8/site-packages/airflow/example_dags/example_branch_python_dop_operator_3.py
[2026-04-14T22:26:29.210+0000] {processor.py:840} INFO - DAG(s) 'example_branch_dop_operator_v3' retrieved from /home/airflow/.local/lib/python3.8/site-packages/airflow/example_dags/example_branch_python_dop_operator_3.py
[2026-04-14T22:26:29.240+0000] {logging_mixin.py:188} INFO - [2026-04-14T22:26:29.240+0000] {dag.py:3036} INFO - Sync 1 DAGs
[2026-04-14T22:26:29.272+0000] {logging_mixin.py:188} INFO - [2026-04-14T22:26:29.272+0000] {dag.py:3823} INFO - Setting next_dagrun for example_branch_dop_operator_v3 to 2026-04-14 22:25:00+00:00, run_after=2026-04-14 22:26:00+00:00
[2026-04-14T22:26:29.301+0000] {processor.py:183} INFO - Processing /home/airflow/.local/lib/python3.8/site-packages/airflow/example_dags/example_branch_python_dop_operator_3.py took 0.113 seconds
[2026-04-14T22:26:59.379+0000] {processor.py:161} INFO - Started process (PID=18275) to work on /home/airflow/.local/lib/python3.8/site-packages/airflow/example_dags/example_branch_python_dop_operator_3.py
[2026-04-14T22:26:59.381+0000] {processor.py:830} INFO - Processing file /home/airflow/.local/lib/python3.8/site-packages/airflow/example_dags/example_branch_python_dop_operator_3.py for tasks to queue
[2026-04-14T22:26:59.383+0000] {logging_mixin.py:188} INFO - [2026-04-14T22:26:59.383+0000] {dagbag.py:538} INFO - Filling up the DagBag from /home/airflow/.local/lib/python3.8/site-packages/airflow/example_dags/example_branch_python_dop_operator_3.py
[2026-04-14T22:26:59.392+0000] {processor.py:840} INFO - DAG(s) 'example_branch_dop_operator_v3' retrieved from /home/airflow/.local/lib/python3.8/site-packages/airflow/example_dags/example_branch_python_dop_operator_3.py
[2026-04-14T22:26:59.418+0000] {logging_mixin.py:188} INFO - [2026-04-14T22:26:59.418+0000] {dag.py:3036} INFO - Sync 1 DAGs
[2026-04-14T22:26:59.448+0000] {logging_mixin.py:188} INFO - [2026-04-14T22:26:59.448+0000] {dag.py:3823} INFO - Setting next_dagrun for example_branch_dop_operator_v3 to 2026-04-14 22:25:00+00:00, run_after=2026-04-14 22:26:00+00:00
[2026-04-14T22:26:59.482+0000] {processor.py:183} INFO - Processing /home/airflow/.local/lib/python3.8/site-packages/airflow/example_dags/example_branch_python_dop_operator_3.py took 0.106 seconds
[2026-04-14T22:27:29.847+0000] {processor.py:161} INFO - Started process (PID=18332) to work on /home/airflow/.local/lib/python3.8/site-packages/airflow/example_dags/example_branch_python_dop_operator_3.py
[2026-04-14T22:27:29.849+0000] {processor.py:830} INFO - Processing file /home/airflow/.local/lib/python3.8/site-packages/airflow/example_dags/example_branch_python_dop_operator_3.py for tasks to queue
[2026-04-14T22:27:29.851+0000] {logging_mixin.py:188} INFO - [2026-04-14T22:27:29.851+0000] {dagbag.py:538} INFO - Filling up the DagBag from /home/airflow/.local/lib/python3.8/site-packages/airflow/example_dags/example_branch_python_dop_operator_3.py
[2026-04-14T22:27:29.866+0000] {processor.py:840} INFO - DAG(s) 'example_branch_dop_operator_v3' retrieved from /home/airflow/.local/lib/python3.8/site-packages/airflow/example_dags/example_branch_python_dop_operator_3.py
[2026-04-14T22:27:29.895+0000] {logging_mixin.py:188} INFO - [2026-04-14T22:27:29.895+0000] {dag.py:3036} INFO - Sync 1 DAGs
[2026-04-14T22:27:29.930+0000] {logging_mixin.py:188} INFO - [2026-04-14T22:27:29.930+0000] {dag.py:3823} INFO - Setting next_dagrun for example_branch_dop_operator_v3 to 2026-04-14 22:26:00+00:00, run_after=2026-04-14 22:27:00+00:00
[2026-04-14T22:27:29.961+0000] {processor.py:183} INFO - Processing /home/airflow/.local/lib/python3.8/site-packages/airflow/example_dags/example_branch_python_dop_operator_3.py took 0.117 seconds
[2026-04-14T22:28:00.470+0000] {processor.py:161} INFO - Started process (PID=18389) to work on /home/airflow/.local/lib/python3.8/site-packages/airflow/example_dags/example_branch_python_dop_operator_3.py
[2026-04-14T22:28:00.472+0000] {processor.py:830} INFO - Processing file /home/airflow/.local/lib/python3.8/site-packages/airflow/example_dags/example_branch_python_dop_operator_3.py for tasks to queue
[2026-04-14T22:28:00.476+0000] {logging_mixin.py:188} INFO - [2026-04-14T22:28:00.476+0000] {dagbag.py:538} INFO - Filling up the DagBag from /home/airflow/.local/lib/python3.8/site-packages/airflow/example_dags/example_branch_python_dop_operator_3.py
[2026-04-14T22:28:00.487+0000] {processor.py:840} INFO - DAG(s) 'example_branch_dop_operator_v3' retrieved from /home/airflow/.local/lib/python3.8/site-packages/airflow/example_dags/example_branch_python_dop_operator_3.py
[2026-04-14T22:28:00.517+0000] {logging_mixin.py:188} INFO - [2026-04-14T22:28:00.516+0000] {dag.py:3036} INFO - Sync 1 DAGs
[2026-04-14T22:28:00.550+0000] {logging_mixin.py:188} INFO - [2026-04-14T22:28:00.550+0000] {dag.py:3823} INFO - Setting next_dagrun for example_branch_dop_operator_v3 to 2026-04-14 22:27:00+00:00, run_after=2026-04-14 22:28:00+00:00
[2026-04-14T22:28:00.576+0000] {processor.py:183} INFO - Processing /home/airflow/.local/lib/python3.8/site-packages/airflow/example_dags/example_branch_python_dop_operator_3.py took 0.111 seconds
[2026-04-14T22:28:30.631+0000] {processor.py:161} INFO - Started process (PID=18447) to work on /home/airflow/.local/lib/python3.8/site-packages/airflow/example_dags/example_branch_python_dop_operator_3.py
[2026-04-14T22:28:30.632+0000] {processor.py:830} INFO - Processing file /home/airflow/.local/lib/python3.8/site-packages/airflow/example_dags/example_branch_python_dop_operator_3.py for tasks to queue
[2026-04-14T22:28:30.635+0000] {logging_mixin.py:188} INFO - [2026-04-14T22:28:30.635+0000] {dagbag.py:538} INFO - Filling up the DagBag from /home/airflow/.local/lib/python3.8/site-packages/airflow/example_dags/example_branch_python_dop_operator_3.py
[2026-04-14T22:28:30.647+0000] {processor.py:840} INFO - DAG(s) 'example_branch_dop_operator_v3' retrieved from /home/airflow/.local/lib/python3.8/site-packages/airflow/example_dags/example_branch_python_dop_operator_3.py
[2026-04-14T22:28:30.670+0000] {logging_mixin.py:188} INFO - [2026-04-14T22:28:30.670+0000] {dag.py:3036} INFO - Sync 1 DAGs
[2026-04-14T22:28:30.697+0000] {logging_mixin.py:188} INFO - [2026-04-14T22:28:30.697+0000] {dag.py:3823} INFO - Setting next_dagrun for example_branch_dop_operator_v3 to 2026-04-14 22:27:00+00:00, run_after=2026-04-14 22:28:00+00:00
[2026-04-14T22:28:30.729+0000] {processor.py:183} INFO - Processing /home/airflow/.local/lib/python3.8/site-packages/airflow/example_dags/example_branch_python_dop_operator_3.py took 0.101 seconds
[2026-04-14T22:29:01.484+0000] {processor.py:161} INFO - Started process (PID=18504) to work on /home/airflow/.local/lib/python3.8/site-packages/airflow/example_dags/example_branch_python_dop_operator_3.py
[2026-04-14T22:29:01.486+0000] {processor.py:830} INFO - Processing file /home/airflow/.local/lib/python3.8/site-packages/airflow/example_dags/example_branch_python_dop_operator_3.py for tasks to queue
[2026-04-14T22:29:01.489+0000] {logging_mixin.py:188} INFO - [2026-04-14T22:29:01.489+0000] {dagbag.py:538} INFO - Filling up the DagBag from /home/airflow/.local/lib/python3.8/site-packages/airflow/example_dags/example_branch_python_dop_operator_3.py
[2026-04-14T22:29:01.499+0000] {processor.py:840} INFO - DAG(s) 'example_branch_dop_operator_v3' retrieved from /home/airflow/.local/lib/python3.8/site-packages/airflow/example_dags/example_branch_python_dop_operator_3.py
[2026-04-14T22:29:01.526+0000] {logging_mixin.py:188} INFO - [2026-04-14T22:29:01.525+0000] {dag.py:3036} INFO - Sync 1 DAGs
[2026-04-14T22:29:01.559+0000] {logging_mixin.py:188} INFO - [2026-04-14T22:29:01.559+0000] {dag.py:3823} INFO - Setting next_dagrun for example_branch_dop_operator_v3 to 2026-04-14 22:28:00+00:00, run_after=2026-04-14 22:29:00+00:00
[2026-04-14T22:29:01.587+0000] {processor.py:183} INFO - Processing /home/airflow/.local/lib/python3.8/site-packages/airflow/example_dags/example_branch_python_dop_operator_3.py took 0.107 seconds
[2026-04-14T22:29:32.174+0000] {processor.py:161} INFO - Started process (PID=18561) to work on /home/airflow/.local/lib/python3.8/site-packages/airflow/example_dags/example_branch_python_dop_operator_3.py
[2026-04-14T22:29:32.176+0000] {processor.py:830} INFO - Processing file /home/airflow/.local/lib/python3.8/site-packages/airflow/example_dags/example_branch_python_dop_operator_3.py for tasks to queue
[2026-04-14T22:29:32.178+0000] {logging_mixin.py:188} INFO - [2026-04-14T22:29:32.178+0000] {dagbag.py:538} INFO - Filling up the DagBag from /home/airflow/.local/lib/python3.8/site-packages/airflow/example_dags/example_branch_python_dop_operator_3.py
[2026-04-14T22:29:32.189+0000] {processor.py:840} INFO - DAG(s) 'example_branch_dop_operator_v3' retrieved from /home/airflow/.local/lib/python3.8/site-packages/airflow/example_dags/example_branch_python_dop_operator_3.py
[2026-04-14T22:29:32.217+0000] {logging_mixin.py:188} INFO - [2026-04-14T22:29:32.217+0000] {dag.py:3036} INFO - Sync 1 DAGs
[2026-04-14T22:29:32.244+0000] {logging_mixin.py:188} INFO - [2026-04-14T22:29:32.244+0000] {dag.py:3823} INFO - Setting next_dagrun for example_branch_dop_operator_v3 to 2026-04-14 22:28:00+00:00, run_after=2026-04-14 22:29:00+00:00
[2026-04-14T22:29:32.266+0000] {processor.py:183} INFO - Processing /home/airflow/.local/lib/python3.8/site-packages/airflow/example_dags/example_branch_python_dop_operator_3.py took 0.096 seconds
[2026-04-14T22:30:02.512+0000] {processor.py:161} INFO - Started process (PID=18618) to work on /home/airflow/.local/lib/python3.8/site-packages/airflow/example_dags/example_branch_python_dop_operator_3.py
[2026-04-14T22:30:02.513+0000] {processor.py:830} INFO - Processing file /home/airflow/.local/lib/python3.8/site-packages/airflow/example_dags/example_branch_python_dop_operator_3.py for tasks to queue
[2026-04-14T22:30:02.516+0000] {logging_mixin.py:188} INFO - [2026-04-14T22:30:02.516+0000] {dagbag.py:538} INFO - Filling up the DagBag from /home/airflow/.local/lib/python3.8/site-packages/airflow/example_dags/example_branch_python_dop_operator_3.py
[2026-04-14T22:30:02.525+0000] {processor.py:840} INFO - DAG(s) 'example_branch_dop_operator_v3' retrieved from /home/airflow/.local/lib/python3.8/site-packages/airflow/example_dags/example_branch_python_dop_operator_3.py
[2026-04-14T22:30:02.549+0000] {logging_mixin.py:188} INFO - [2026-04-14T22:30:02.549+0000] {dag.py:3036} INFO - Sync 1 DAGs
[2026-04-14T22:30:02.583+0000] {logging_mixin.py:188} INFO - [2026-04-14T22:30:02.583+0000] {dag.py:3823} INFO - Setting next_dagrun for example_branch_dop_operator_v3 to 2026-04-14 22:29:00+00:00, run_after=2026-04-14 22:30:00+00:00
[2026-04-14T22:30:02.609+0000] {processor.py:183} INFO - Processing /home/airflow/.local/lib/python3.8/site-packages/airflow/example_dags/example_branch_python_dop_operator_3.py took 0.100 seconds
[2026-04-14T22:30:33.097+0000] {processor.py:161} INFO - Started process (PID=18675) to work on /home/airflow/.local/lib/python3.8/site-packages/airflow/example_dags/example_branch_python_dop_operator_3.py
[2026-04-14T22:30:33.098+0000] {processor.py:830} INFO - Processing file /home/airflow/.local/lib/python3.8/site-packages/airflow/example_dags/example_branch_python_dop_operator_3.py for tasks to queue
[2026-04-14T22:30:33.101+0000] {logging_mixin.py:188} INFO - [2026-04-14T22:30:33.101+0000] {dagbag.py:538} INFO - Filling up the DagBag from /home/airflow/.local/lib/python3.8/site-packages/airflow/example_dags/example_branch_python_dop_operator_3.py
[2026-04-14T22:30:33.118+0000] {processor.py:840} INFO - DAG(s) 'example_branch_dop_operator_v3' retrieved from /home/airflow/.local/lib/python3.8/site-packages/airflow/example_dags/example_branch_python_dop_operator_3.py
[2026-04-14T22:30:33.165+0000] {logging_mixin.py:188} INFO - [2026-04-14T22:30:33.165+0000] {dag.py:3036} INFO - Sync 1 DAGs
[2026-04-14T22:30:33.220+0000] {logging_mixin.py:188} INFO - [2026-04-14T22:30:33.220+0000] {dag.py:3823} INFO - Setting next_dagrun for example_branch_dop_operator_v3 to 2026-04-14 22:29:00+00:00, run_after=2026-04-14 22:30:00+00:00
[2026-04-14T22:30:33.257+0000] {processor.py:183} INFO - Processing /home/airflow/.local/lib/python3.8/site-packages/airflow/example_dags/example_branch_python_dop_operator_3.py took 0.165 seconds
[2026-04-14T22:31:03.661+0000] {processor.py:161} INFO - Started process (PID=18732) to work on /home/airflow/.local/lib/python3.8/site-packages/airflow/example_dags/example_branch_python_dop_operator_3.py
[2026-04-14T22:31:03.663+0000] {processor.py:830} INFO - Processing file /home/airflow/.local/lib/python3.8/site-packages/airflow/example_dags/example_branch_python_dop_operator_3.py for tasks to queue
[2026-04-14T22:31:03.665+0000] {logging_mixin.py:188} INFO - [2026-04-14T22:31:03.665+0000] {dagbag.py:538} INFO - Filling up the DagBag from /home/airflow/.local/lib/python3.8/site-packages/airflow/example_dags/example_branch_python_dop_operator_3.py
[2026-04-14T22:31:03.678+0000] {processor.py:840} INFO - DAG(s) 'example_branch_dop_operator_v3' retrieved from /home/airflow/.local/lib/python3.8/site-packages/airflow/example_dags/example_branch_python_dop_operator_3.py
[2026-04-14T22:31:03.704+0000] {logging_mixin.py:188} INFO - [2026-04-14T22:31:03.704+0000] {dag.py:3036} INFO - Sync 1 DAGs
[2026-04-14T22:31:03.735+0000] {logging_mixin.py:188} INFO - [2026-04-14T22:31:03.734+0000] {dag.py:3823} INFO - Setting next_dagrun for example_branch_dop_operator_v3 to 2026-04-14 22:30:00+00:00, run_after=2026-04-14 22:31:00+00:00
[2026-04-14T22:31:03.762+0000] {processor.py:183} INFO - Processing /home/airflow/.local/lib/python3.8/site-packages/airflow/example_dags/example_branch_python_dop_operator_3.py took 0.105 seconds
[2026-04-14T22:31:34.427+0000] {processor.py:161} INFO - Started process (PID=18789) to work on /home/airflow/.local/lib/python3.8/site-packages/airflow/example_dags/example_branch_python_dop_operator_3.py
[2026-04-14T22:31:34.429+0000] {processor.py:830} INFO - Processing file /home/airflow/.local/lib/python3.8/site-packages/airflow/example_dags/example_branch_python_dop_operator_3.py for tasks to queue
[2026-04-14T22:31:34.432+0000] {logging_mixin.py:188} INFO - [2026-04-14T22:31:34.431+0000] {dagbag.py:538} INFO - Filling up the DagBag from /home/airflow/.local/lib/python3.8/site-packages/airflow/example_dags/example_branch_python_dop_operator_3.py
[2026-04-14T22:31:34.445+0000] {processor.py:840} INFO - DAG(s) 'example_branch_dop_operator_v3' retrieved from /home/airflow/.local/lib/python3.8/site-packages/airflow/example_dags/example_branch_python_dop_operator_3.py
[2026-04-14T22:31:34.472+0000] {logging_mixin.py:188} INFO - [2026-04-14T22:31:34.472+0000] {dag.py:3036} INFO - Sync 1 DAGs
[2026-04-14T22:31:34.506+0000] {logging_mixin.py:188} INFO - [2026-04-14T22:31:34.506+0000] {dag.py:3823} INFO - Setting next_dagrun for example_branch_dop_operator_v3 to 2026-04-14 22:30:00+00:00, run_after=2026-04-14 22:31:00+00:00
[2026-04-14T22:31:34.533+0000] {processor.py:183} INFO - Processing /home/airflow/.local/lib/python3.8/site-packages/airflow/example_dags/example_branch_python_dop_operator_3.py took 0.109 seconds
[2026-04-14T22:32:04.928+0000] {processor.py:161} INFO - Started process (PID=18846) to work on /home/airflow/.local/lib/python3.8/site-packages/airflow/example_dags/example_branch_python_dop_operator_3.py
[2026-04-14T22:32:04.930+0000] {processor.py:830} INFO - Processing file /home/airflow/.local/lib/python3.8/site-packages/airflow/example_dags/example_branch_python_dop_operator_3.py for tasks to queue
[2026-04-14T22:32:04.934+0000] {logging_mixin.py:188} INFO - [2026-04-14T22:32:04.934+0000] {dagbag.py:538} INFO - Filling up the DagBag from /home/airflow/.local/lib/python3.8/site-packages/airflow/example_dags/example_branch_python_dop_operator_3.py
[2026-04-14T22:32:04.944+0000] {processor.py:840} INFO - DAG(s) 'example_branch_dop_operator_v3' retrieved from /home/airflow/.local/lib/python3.8/site-packages/airflow/example_dags/example_branch_python_dop_operator_3.py
[2026-04-14T22:32:04.976+0000] {logging_mixin.py:188} INFO - [2026-04-14T22:32:04.976+0000] {dag.py:3036} INFO - Sync 1 DAGs
[2026-04-14T22:32:05.010+0000] {logging_mixin.py:188} INFO - [2026-04-14T22:32:05.010+0000] {dag.py:3823} INFO - Setting next_dagrun for example_branch_dop_operator_v3 to 2026-04-14 22:31:00+00:00, run_after=2026-04-14 22:32:00+00:00
[2026-04-14T22:32:05.036+0000] {processor.py:183} INFO - Processing /home/airflow/.local/lib/python3.8/site-packages/airflow/example_dags/example_branch_python_dop_operator_3.py took 0.111 seconds
[2026-04-14T22:32:35.619+0000] {processor.py:161} INFO - Started process (PID=18903) to work on /home/airflow/.local/lib/python3.8/site-packages/airflow/example_dags/example_branch_python_dop_operator_3.py
[2026-04-14T22:32:35.621+0000] {processor.py:830} INFO - Processing file /home/airflow/.local/lib/python3.8/site-packages/airflow/example_dags/example_branch_python_dop_operator_3.py for tasks to queue
[2026-04-14T22:32:35.624+0000] {logging_mixin.py:188} INFO - [2026-04-14T22:32:35.624+0000] {dagbag.py:538} INFO - Filling up the DagBag from /home/airflow/.local/lib/python3.8/site-packages/airflow/example_dags/example_branch_python_dop_operator_3.py
[2026-04-14T22:32:35.639+0000] {processor.py:840} INFO - DAG(s) 'example_branch_dop_operator_v3' retrieved from /home/airflow/.local/lib/python3.8/site-packages/airflow/example_dags/example_branch_python_dop_operator_3.py
[2026-04-14T22:32:35.667+0000] {logging_mixin.py:188} INFO - [2026-04-14T22:32:35.667+0000] {dag.py:3036} INFO - Sync 1 DAGs
[2026-04-14T22:32:35.699+0000] {logging_mixin.py:188} INFO - [2026-04-14T22:32:35.698+0000] {dag.py:3823} INFO - Setting next_dagrun for example_branch_dop_operator_v3 to 2026-04-14 22:31:00+00:00, run_after=2026-04-14 22:32:00+00:00
[2026-04-14T22:32:35.730+0000] {processor.py:183} INFO - Processing /home/airflow/.local/lib/python3.8/site-packages/airflow/example_dags/example_branch_python_dop_operator_3.py took 0.116 seconds
[2026-04-14T22:33:06.118+0000] {processor.py:161} INFO - Started process (PID=18960) to work on /home/airflow/.local/lib/python3.8/site-packages/airflow/example_dags/example_branch_python_dop_operator_3.py
[2026-04-14T22:33:06.119+0000] {processor.py:830} INFO - Processing file /home/airflow/.local/lib/python3.8/site-packages/airflow/example_dags/example_branch_python_dop_operator_3.py for tasks to queue
[2026-04-14T22:33:06.121+0000] {logging_mixin.py:188} INFO - [2026-04-14T22:33:06.121+0000] {dagbag.py:538} INFO - Filling up the DagBag from /home/airflow/.local/lib/python3.8/site-packages/airflow/example_dags/example_branch_python_dop_operator_3.py
[2026-04-14T22:33:06.130+0000] {processor.py:840} INFO - DAG(s) 'example_branch_dop_operator_v3' retrieved from /home/airflow/.local/lib/python3.8/site-packages/airflow/example_dags/example_branch_python_dop_operator_3.py
[2026-04-14T22:33:06.154+0000] {logging_mixin.py:188} INFO - [2026-04-14T22:33:06.154+0000] {dag.py:3036} INFO - Sync 1 DAGs
[2026-04-14T22:33:06.180+0000] {logging_mixin.py:188} INFO - [2026-04-14T22:33:06.180+0000] {dag.py:3823} INFO - Setting next_dagrun for example_branch_dop_operator_v3 to 2026-04-14 22:32:00+00:00, run_after=2026-04-14 22:33:00+00:00
[2026-04-14T22:33:06.204+0000] {processor.py:183} INFO - Processing /home/airflow/.local/lib/python3.8/site-packages/airflow/example_dags/example_branch_python_dop_operator_3.py took 0.089 seconds
[2026-04-14T22:33:36.342+0000] {processor.py:161} INFO - Started process (PID=19017) to work on /home/airflow/.local/lib/python3.8/site-packages/airflow/example_dags/example_branch_python_dop_operator_3.py
[2026-04-14T22:33:36.343+0000] {processor.py:830} INFO - Processing file /home/airflow/.local/lib/python3.8/site-packages/airflow/example_dags/example_branch_python_dop_operator_3.py for tasks to queue
[2026-04-14T22:33:36.346+0000] {logging_mixin.py:188} INFO - [2026-04-14T22:33:36.346+0000] {dagbag.py:538} INFO - Filling up the DagBag from /home/airflow/.local/lib/python3.8/site-packages/airflow/example_dags/example_branch_python_dop_operator_3.py
[2026-04-14T22:33:36.354+0000] {processor.py:840} INFO - DAG(s) 'example_branch_dop_operator_v3' retrieved from /home/airflow/.local/lib/python3.8/site-packages/airflow/example_dags/example_branch_python_dop_operator_3.py
[2026-04-14T22:33:36.375+0000] {logging_mixin.py:188} INFO - [2026-04-14T22:33:36.375+0000] {dag.py:3036} INFO - Sync 1 DAGs
[2026-04-14T22:33:36.406+0000] {logging_mixin.py:188} INFO - [2026-04-14T22:33:36.406+0000] {dag.py:3823} INFO - Setting next_dagrun for example_branch_dop_operator_v3 to 2026-04-14 22:32:00+00:00, run_after=2026-04-14 22:33:00+00:00
[2026-04-14T22:33:36.431+0000] {processor.py:183} INFO - Processing /home/airflow/.local/lib/python3.8/site-packages/airflow/example_dags/example_branch_python_dop_operator_3.py took 0.092 seconds
[2026-04-14T22:34:06.926+0000] {processor.py:161} INFO - Started process (PID=19074) to work on /home/airflow/.local/lib/python3.8/site-packages/airflow/example_dags/example_branch_python_dop_operator_3.py
[2026-04-14T22:34:06.928+0000] {processor.py:830} INFO - Processing file /home/airflow/.local/lib/python3.8/site-packages/airflow/example_dags/example_branch_python_dop_operator_3.py for tasks to queue
[2026-04-14T22:34:06.931+0000] {logging_mixin.py:188} INFO - [2026-04-14T22:34:06.930+0000] {dagbag.py:538} INFO - Filling up the DagBag from /home/airflow/.local/lib/python3.8/site-packages/airflow/example_dags/example_branch_python_dop_operator_3.py
[2026-04-14T22:34:06.940+0000] {processor.py:840} INFO - DAG(s) 'example_branch_dop_operator_v3' retrieved from /home/airflow/.local/lib/python3.8/site-packages/airflow/example_dags/example_branch_python_dop_operator_3.py
[2026-04-14T22:34:06.963+0000] {logging_mixin.py:188} INFO - [2026-04-14T22:34:06.962+0000] {dag.py:3036} INFO - Sync 1 DAGs
[2026-04-14T22:34:06.987+0000] {logging_mixin.py:188} INFO - [2026-04-14T22:34:06.987+0000] {dag.py:3823} INFO - Setting next_dagrun for example_branch_dop_operator_v3 to 2026-04-14 22:33:00+00:00, run_after=2026-04-14 22:34:00+00:00
[2026-04-14T22:34:07.016+0000] {processor.py:183} INFO - Processing /home/airflow/.local/lib/python3.8/site-packages/airflow/example_dags/example_branch_python_dop_operator_3.py took 0.093 seconds
[2026-04-14T22:34:37.129+0000] {processor.py:161} INFO - Started process (PID=19131) to work on /home/airflow/.local/lib/python3.8/site-packages/airflow/example_dags/example_branch_python_dop_operator_3.py
[2026-04-14T22:34:37.130+0000] {processor.py:830} INFO - Processing file /home/airflow/.local/lib/python3.8/site-packages/airflow/example_dags/example_branch_python_dop_operator_3.py for tasks to queue
[2026-04-14T22:34:37.132+0000] {logging_mixin.py:188} INFO - [2026-04-14T22:34:37.132+0000] {dagbag.py:538} INFO - Filling up the DagBag from /home/airflow/.local/lib/python3.8/site-packages/airflow/example_dags/example_branch_python_dop_operator_3.py
[2026-04-14T22:34:37.142+0000] {processor.py:840} INFO - DAG(s) 'example_branch_dop_operator_v3' retrieved from /home/airflow/.local/lib/python3.8/site-packages/airflow/example_dags/example_branch_python_dop_operator_3.py
[2026-04-14T22:34:37.167+0000] {logging_mixin.py:188} INFO - [2026-04-14T22:34:37.166+0000] {dag.py:3036} INFO - Sync 1 DAGs
[2026-04-14T22:34:37.201+0000] {logging_mixin.py:188} INFO - [2026-04-14T22:34:37.201+0000] {dag.py:3823} INFO - Setting next_dagrun for example_branch_dop_operator_v3 to 2026-04-14 22:33:00+00:00, run_after=2026-04-14 22:34:00+00:00
[2026-04-14T22:34:37.237+0000] {processor.py:183} INFO - Processing /home/airflow/.local/lib/python3.8/site-packages/airflow/example_dags/example_branch_python_dop_operator_3.py took 0.111 seconds
[2026-04-14T22:35:07.778+0000] {processor.py:161} INFO - Started process (PID=19188) to work on /home/airflow/.local/lib/python3.8/site-packages/airflow/example_dags/example_branch_python_dop_operator_3.py
[2026-04-14T22:35:07.779+0000] {processor.py:830} INFO - Processing file /home/airflow/.local/lib/python3.8/site-packages/airflow/example_dags/example_branch_python_dop_operator_3.py for tasks to queue
[2026-04-14T22:35:07.783+0000] {logging_mixin.py:188} INFO - [2026-04-14T22:35:07.783+0000] {dagbag.py:538} INFO - Filling up the DagBag from /home/airflow/.local/lib/python3.8/site-packages/airflow/example_dags/example_branch_python_dop_operator_3.py
[2026-04-14T22:35:07.798+0000] {processor.py:840} INFO - DAG(s) 'example_branch_dop_operator_v3' retrieved from /home/airflow/.local/lib/python3.8/site-packages/airflow/example_dags/example_branch_python_dop_operator_3.py
[2026-04-14T22:35:07.821+0000] {logging_mixin.py:188} INFO - [2026-04-14T22:35:07.821+0000] {dag.py:3036} INFO - Sync 1 DAGs
[2026-04-14T22:35:07.852+0000] {logging_mixin.py:188} INFO - [2026-04-14T22:35:07.851+0000] {dag.py:3823} INFO - Setting next_dagrun for example_branch_dop_operator_v3 to 2026-04-14 22:34:00+00:00, run_after=2026-04-14 22:35:00+00:00
[2026-04-14T22:35:07.881+0000] {processor.py:183} INFO - Processing /home/airflow/.local/lib/python3.8/site-packages/airflow/example_dags/example_branch_python_dop_operator_3.py took 0.107 seconds
[2026-04-14T22:35:38.205+0000] {processor.py:161} INFO - Started process (PID=19245) to work on /home/airflow/.local/lib/python3.8/site-packages/airflow/example_dags/example_branch_python_dop_operator_3.py
[2026-04-14T22:35:38.207+0000] {processor.py:830} INFO - Processing file /home/airflow/.local/lib/python3.8/site-packages/airflow/example_dags/example_branch_python_dop_operator_3.py for tasks to queue
[2026-04-14T22:35:38.214+0000] {logging_mixin.py:188} INFO - [2026-04-14T22:35:38.213+0000] {dagbag.py:538} INFO - Filling up the DagBag from /home/airflow/.local/lib/python3.8/site-packages/airflow/example_dags/example_branch_python_dop_operator_3.py
[2026-04-14T22:35:38.229+0000] {processor.py:840} INFO - DAG(s) 'example_branch_dop_operator_v3' retrieved from /home/airflow/.local/lib/python3.8/site-packages/airflow/example_dags/example_branch_python_dop_operator_3.py
[2026-04-14T22:35:38.268+0000] {logging_mixin.py:188} INFO - [2026-04-14T22:35:38.267+0000] {dag.py:3036} INFO - Sync 1 DAGs
[2026-04-14T22:35:38.292+0000] {logging_mixin.py:188} INFO - [2026-04-14T22:35:38.291+0000] {dag.py:3823} INFO - Setting next_dagrun for example_branch_dop_operator_v3 to 2026-04-14 22:34:00+00:00, run_after=2026-04-14 22:35:00+00:00
[2026-04-14T22:35:38.333+0000] {processor.py:183} INFO - Processing /home/airflow/.local/lib/python3.8/site-packages/airflow/example_dags/example_branch_python_dop_operator_3.py took 0.132 seconds
[2026-04-14T22:36:08.406+0000] {processor.py:161} INFO - Started process (PID=19302) to work on /home/airflow/.local/lib/python3.8/site-packages/airflow/example_dags/example_branch_python_dop_operator_3.py
[2026-04-14T22:36:08.407+0000] {processor.py:830} INFO - Processing file /home/airflow/.local/lib/python3.8/site-packages/airflow/example_dags/example_branch_python_dop_operator_3.py for tasks to queue
[2026-04-14T22:36:08.411+0000] {logging_mixin.py:188} INFO - [2026-04-14T22:36:08.411+0000] {dagbag.py:538} INFO - Filling up the DagBag from /home/airflow/.local/lib/python3.8/site-packages/airflow/example_dags/example_branch_python_dop_operator_3.py
[2026-04-14T22:36:08.424+0000] {processor.py:840} INFO - DAG(s) 'example_branch_dop_operator_v3' retrieved from /home/airflow/.local/lib/python3.8/site-packages/airflow/example_dags/example_branch_python_dop_operator_3.py
[2026-04-14T22:36:08.454+0000] {logging_mixin.py:188} INFO - [2026-04-14T22:36:08.453+0000] {dag.py:3036} INFO - Sync 1 DAGs
[2026-04-14T22:36:08.483+0000] {logging_mixin.py:188} INFO - [2026-04-14T22:36:08.483+0000] {dag.py:3823} INFO - Setting next_dagrun for example_branch_dop_operator_v3 to 2026-04-14 22:35:00+00:00, run_after=2026-04-14 22:36:00+00:00
[2026-04-14T22:36:08.508+0000] {processor.py:183} INFO - Processing /home/airflow/.local/lib/python3.8/site-packages/airflow/example_dags/example_branch_python_dop_operator_3.py took 0.107 seconds
[2026-04-14T22:36:39.055+0000] {processor.py:161} INFO - Started process (PID=19359) to work on /home/airflow/.local/lib/python3.8/site-packages/airflow/example_dags/example_branch_python_dop_operator_3.py
[2026-04-14T22:36:39.057+0000] {processor.py:830} INFO - Processing file /home/airflow/.local/lib/python3.8/site-packages/airflow/example_dags/example_branch_python_dop_operator_3.py for tasks to queue
[2026-04-14T22:36:39.060+0000] {logging_mixin.py:188} INFO - [2026-04-14T22:36:39.060+0000] {dagbag.py:538} INFO - Filling up the DagBag from /home/airflow/.local/lib/python3.8/site-packages/airflow/example_dags/example_branch_python_dop_operator_3.py
[2026-04-14T22:36:39.070+0000] {processor.py:840} INFO - DAG(s) 'example_branch_dop_operator_v3' retrieved from /home/airflow/.local/lib/python3.8/site-packages/airflow/example_dags/example_branch_python_dop_operator_3.py
[2026-04-14T22:36:39.096+0000] {logging_mixin.py:188} INFO - [2026-04-14T22:36:39.096+0000] {dag.py:3036} INFO - Sync 1 DAGs
[2026-04-14T22:36:39.128+0000] {logging_mixin.py:188} INFO - [2026-04-14T22:36:39.128+0000] {dag.py:3823} INFO - Setting next_dagrun for example_branch_dop_operator_v3 to 2026-04-14 22:35:00+00:00, run_after=2026-04-14 22:36:00+00:00
[2026-04-14T22:36:39.167+0000] {processor.py:183} INFO - Processing /home/airflow/.local/lib/python3.8/site-packages/airflow/example_dags/example_branch_python_dop_operator_3.py took 0.116 seconds
[2026-04-14T22:37:09.896+0000] {processor.py:161} INFO - Started process (PID=19416) to work on /home/airflow/.local/lib/python3.8/site-packages/airflow/example_dags/example_branch_python_dop_operator_3.py
[2026-04-14T22:37:09.898+0000] {processor.py:830} INFO - Processing file /home/airflow/.local/lib/python3.8/site-packages/airflow/example_dags/example_branch_python_dop_operator_3.py for tasks to queue
[2026-04-14T22:37:09.901+0000] {logging_mixin.py:188} INFO - [2026-04-14T22:37:09.900+0000] {dagbag.py:538} INFO - Filling up the DagBag from /home/airflow/.local/lib/python3.8/site-packages/airflow/example_dags/example_branch_python_dop_operator_3.py
[2026-04-14T22:37:09.909+0000] {processor.py:840} INFO - DAG(s) 'example_branch_dop_operator_v3' retrieved from /home/airflow/.local/lib/python3.8/site-packages/airflow/example_dags/example_branch_python_dop_operator_3.py
[2026-04-14T22:37:09.932+0000] {logging_mixin.py:188} INFO - [2026-04-14T22:37:09.932+0000] {dag.py:3036} INFO - Sync 1 DAGs
[2026-04-14T22:37:09.968+0000] {logging_mixin.py:188} INFO - [2026-04-14T22:37:09.967+0000] {dag.py:3823} INFO - Setting next_dagrun for example_branch_dop_operator_v3 to 2026-04-14 22:36:00+00:00, run_after=2026-04-14 22:37:00+00:00
[2026-04-14T22:37:10.010+0000] {processor.py:183} INFO - Processing /home/airflow/.local/lib/python3.8/site-packages/airflow/example_dags/example_branch_python_dop_operator_3.py took 0.118 seconds
[2026-04-14T22:37:40.694+0000] {processor.py:161} INFO - Started process (PID=19473) to work on /home/airflow/.local/lib/python3.8/site-packages/airflow/example_dags/example_branch_python_dop_operator_3.py
[2026-04-14T22:37:40.695+0000] {processor.py:830} INFO - Processing file /home/airflow/.local/lib/python3.8/site-packages/airflow/example_dags/example_branch_python_dop_operator_3.py for tasks to queue
[2026-04-14T22:37:40.697+0000] {logging_mixin.py:188} INFO - [2026-04-14T22:37:40.697+0000] {dagbag.py:538} INFO - Filling up the DagBag from /home/airflow/.local/lib/python3.8/site-packages/airflow/example_dags/example_branch_python_dop_operator_3.py
[2026-04-14T22:37:40.706+0000] {processor.py:840} INFO - DAG(s) 'example_branch_dop_operator_v3' retrieved from /home/airflow/.local/lib/python3.8/site-packages/airflow/example_dags/example_branch_python_dop_operator_3.py
[2026-04-14T22:37:40.728+0000] {logging_mixin.py:188} INFO - [2026-04-14T22:37:40.728+0000] {dag.py:3036} INFO - Sync 1 DAGs
[2026-04-14T22:37:40.752+0000] {logging_mixin.py:188} INFO - [2026-04-14T22:37:40.752+0000] {dag.py:3823} INFO - Setting next_dagrun for example_branch_dop_operator_v3 to 2026-04-14 22:36:00+00:00, run_after=2026-04-14 22:37:00+00:00
[2026-04-14T22:37:40.777+0000] {processor.py:183} INFO - Processing /home/airflow/.local/lib/python3.8/site-packages/airflow/example_dags/example_branch_python_dop_operator_3.py took 0.087 seconds
[2026-04-14T22:38:10.961+0000] {processor.py:161} INFO - Started process (PID=19530) to work on /home/airflow/.local/lib/python3.8/site-packages/airflow/example_dags/example_branch_python_dop_operator_3.py
[2026-04-14T22:38:10.963+0000] {processor.py:830} INFO - Processing file /home/airflow/.local/lib/python3.8/site-packages/airflow/example_dags/example_branch_python_dop_operator_3.py for tasks to queue
[2026-04-14T22:38:10.967+0000] {logging_mixin.py:188} INFO - [2026-04-14T22:38:10.966+0000] {dagbag.py:538} INFO - Filling up the DagBag from /home/airflow/.local/lib/python3.8/site-packages/airflow/example_dags/example_branch_python_dop_operator_3.py
[2026-04-14T22:38:10.982+0000] {processor.py:840} INFO - DAG(s) 'example_branch_dop_operator_v3' retrieved from /home/airflow/.local/lib/python3.8/site-packages/airflow/example_dags/example_branch_python_dop_operator_3.py
[2026-04-14T22:38:11.009+0000] {logging_mixin.py:188} INFO - [2026-04-14T22:38:11.009+0000] {dag.py:3036} INFO - Sync 1 DAGs
[2026-04-14T22:38:11.040+0000] {logging_mixin.py:188} INFO - [2026-04-14T22:38:11.040+0000] {dag.py:3823} INFO - Setting next_dagrun for example_branch_dop_operator_v3 to 2026-04-14 22:37:00+00:00, run_after=2026-04-14 22:38:00+00:00
[2026-04-14T22:38:11.072+0000] {processor.py:183} INFO - Processing /home/airflow/.local/lib/python3.8/site-packages/airflow/example_dags/example_branch_python_dop_operator_3.py took 0.116 seconds
[2026-04-14T22:38:41.413+0000] {processor.py:161} INFO - Started process (PID=19587) to work on /home/airflow/.local/lib/python3.8/site-packages/airflow/example_dags/example_branch_python_dop_operator_3.py
[2026-04-14T22:38:41.414+0000] {processor.py:830} INFO - Processing file /home/airflow/.local/lib/python3.8/site-packages/airflow/example_dags/example_branch_python_dop_operator_3.py for tasks to queue
[2026-04-14T22:38:41.418+0000] {logging_mixin.py:188} INFO - [2026-04-14T22:38:41.418+0000] {dagbag.py:538} INFO - Filling up the DagBag from /home/airflow/.local/lib/python3.8/site-packages/airflow/example_dags/example_branch_python_dop_operator_3.py
[2026-04-14T22:38:41.428+0000] {processor.py:840} INFO - DAG(s) 'example_branch_dop_operator_v3' retrieved from /home/airflow/.local/lib/python3.8/site-packages/airflow/example_dags/example_branch_python_dop_operator_3.py
[2026-04-14T22:38:41.452+0000] {logging_mixin.py:188} INFO - [2026-04-14T22:38:41.452+0000] {dag.py:3036} INFO - Sync 1 DAGs
[2026-04-14T22:38:41.484+0000] {logging_mixin.py:188} INFO - [2026-04-14T22:38:41.484+0000] {dag.py:3823} INFO - Setting next_dagrun for example_branch_dop_operator_v3 to 2026-04-14 22:37:00+00:00, run_after=2026-04-14 22:38:00+00:00
[2026-04-14T22:38:41.667+0000] {processor.py:183} INFO - Processing /home/airflow/.local/lib/python3.8/site-packages/airflow/example_dags/example_branch_python_dop_operator_3.py took 0.259 seconds
[2026-04-14T22:39:12.228+0000] {processor.py:161} INFO - Started process (PID=19644) to work on /home/airflow/.local/lib/python3.8/site-packages/airflow/example_dags/example_branch_python_dop_operator_3.py
[2026-04-14T22:39:12.229+0000] {processor.py:830} INFO - Processing file /home/airflow/.local/lib/python3.8/site-packages/airflow/example_dags/example_branch_python_dop_operator_3.py for tasks to queue
[2026-04-14T22:39:12.233+0000] {logging_mixin.py:188} INFO - [2026-04-14T22:39:12.232+0000] {dagbag.py:538} INFO - Filling up the DagBag from /home/airflow/.local/lib/python3.8/site-packages/airflow/example_dags/example_branch_python_dop_operator_3.py
[2026-04-14T22:39:12.241+0000] {processor.py:840} INFO - DAG(s) 'example_branch_dop_operator_v3' retrieved from /home/airflow/.local/lib/python3.8/site-packages/airflow/example_dags/example_branch_python_dop_operator_3.py
[2026-04-14T22:39:12.264+0000] {logging_mixin.py:188} INFO - [2026-04-14T22:39:12.264+0000] {dag.py:3036} INFO - Sync 1 DAGs
[2026-04-14T22:39:12.291+0000] {logging_mixin.py:188} INFO - [2026-04-14T22:39:12.291+0000] {dag.py:3823} INFO - Setting next_dagrun for example_branch_dop_operator_v3 to 2026-04-14 22:38:00+00:00, run_after=2026-04-14 22:39:00+00:00
[2026-04-14T22:39:12.320+0000] {processor.py:183} INFO - Processing /home/airflow/.local/lib/python3.8/site-packages/airflow/example_dags/example_branch_python_dop_operator_3.py took 0.097 seconds
[2026-04-14T22:39:42.384+0000] {processor.py:161} INFO - Started process (PID=19701) to work on /home/airflow/.local/lib/python3.8/site-packages/airflow/example_dags/example_branch_python_dop_operator_3.py
[2026-04-14T22:39:42.385+0000] {processor.py:830} INFO - Processing file /home/airflow/.local/lib/python3.8/site-packages/airflow/example_dags/example_branch_python_dop_operator_3.py for tasks to queue
[2026-04-14T22:39:42.387+0000] {logging_mixin.py:188} INFO - [2026-04-14T22:39:42.387+0000] {dagbag.py:538} INFO - Filling up the DagBag from /home/airflow/.local/lib/python3.8/site-packages/airflow/example_dags/example_branch_python_dop_operator_3.py
[2026-04-14T22:39:42.401+0000] {processor.py:840} INFO - DAG(s) 'example_branch_dop_operator_v3' retrieved from /home/airflow/.local/lib/python3.8/site-packages/airflow/example_dags/example_branch_python_dop_operator_3.py
[2026-04-14T22:39:42.427+0000] {logging_mixin.py:188} INFO - [2026-04-14T22:39:42.425+0000] {dag.py:3036} INFO - Sync 1 DAGs
[2026-04-14T22:39:42.455+0000] {logging_mixin.py:188} INFO - [2026-04-14T22:39:42.455+0000] {dag.py:3823} INFO - Setting next_dagrun for example_branch_dop_operator_v3 to 2026-04-14 22:38:00+00:00, run_after=2026-04-14 22:39:00+00:00
[2026-04-14T22:39:42.482+0000] {processor.py:183} INFO - Processing /home/airflow/.local/lib/python3.8/site-packages/airflow/example_dags/example_branch_python_dop_operator_3.py took 0.103 seconds
[2026-04-14T22:40:12.718+0000] {processor.py:161} INFO - Started process (PID=19758) to work on /home/airflow/.local/lib/python3.8/site-packages/airflow/example_dags/example_branch_python_dop_operator_3.py
[2026-04-14T22:40:12.719+0000] {processor.py:830} INFO - Processing file /home/airflow/.local/lib/python3.8/site-packages/airflow/example_dags/example_branch_python_dop_operator_3.py for tasks to queue
[2026-04-14T22:40:12.723+0000] {logging_mixin.py:188} INFO - [2026-04-14T22:40:12.722+0000] {dagbag.py:538} INFO - Filling up the DagBag from /home/airflow/.local/lib/python3.8/site-packages/airflow/example_dags/example_branch_python_dop_operator_3.py
[2026-04-14T22:40:12.737+0000] {processor.py:840} INFO - DAG(s) 'example_branch_dop_operator_v3' retrieved from /home/airflow/.local/lib/python3.8/site-packages/airflow/example_dags/example_branch_python_dop_operator_3.py
[2026-04-14T22:40:12.763+0000] {logging_mixin.py:188} INFO - [2026-04-14T22:40:12.763+0000] {dag.py:3036} INFO - Sync 1 DAGs
[2026-04-14T22:40:12.796+0000] {logging_mixin.py:188} INFO - [2026-04-14T22:40:12.795+0000] {dag.py:3823} INFO - Setting next_dagrun for example_branch_dop_operator_v3 to 2026-04-14 22:39:00+00:00, run_after=2026-04-14 22:40:00+00:00
[2026-04-14T22:40:12.818+0000] {processor.py:183} INFO - Processing /home/airflow/.local/lib/python3.8/site-packages/airflow/example_dags/example_branch_python_dop_operator_3.py took 0.106 seconds
[2026-04-14T22:40:42.942+0000] {processor.py:161} INFO - Started process (PID=19815) to work on /home/airflow/.local/lib/python3.8/site-packages/airflow/example_dags/example_branch_python_dop_operator_3.py
[2026-04-14T22:40:42.944+0000] {processor.py:830} INFO - Processing file /home/airflow/.local/lib/python3.8/site-packages/airflow/example_dags/example_branch_python_dop_operator_3.py for tasks to queue
[2026-04-14T22:40:42.947+0000] {logging_mixin.py:188} INFO - [2026-04-14T22:40:42.947+0000] {dagbag.py:538} INFO - Filling up the DagBag from /home/airflow/.local/lib/python3.8/site-packages/airflow/example_dags/example_branch_python_dop_operator_3.py
[2026-04-14T22:40:42.955+0000] {processor.py:840} INFO - DAG(s) 'example_branch_dop_operator_v3' retrieved from /home/airflow/.local/lib/python3.8/site-packages/airflow/example_dags/example_branch_python_dop_operator_3.py
[2026-04-14T22:40:42.980+0000] {logging_mixin.py:188} INFO - [2026-04-14T22:40:42.980+0000] {dag.py:3036} INFO - Sync 1 DAGs
[2026-04-14T22:40:43.005+0000] {logging_mixin.py:188} INFO - [2026-04-14T22:40:43.005+0000] {dag.py:3823} INFO - Setting next_dagrun for example_branch_dop_operator_v3 to 2026-04-14 22:39:00+00:00, run_after=2026-04-14 22:40:00+00:00
[2026-04-14T22:40:43.034+0000] {processor.py:183} INFO - Processing /home/airflow/.local/lib/python3.8/site-packages/airflow/example_dags/example_branch_python_dop_operator_3.py took 0.095 seconds
[2026-04-14T22:41:13.561+0000] {processor.py:161} INFO - Started process (PID=19872) to work on /home/airflow/.local/lib/python3.8/site-packages/airflow/example_dags/example_branch_python_dop_operator_3.py
[2026-04-14T22:41:13.563+0000] {processor.py:830} INFO - Processing file /home/airflow/.local/lib/python3.8/site-packages/airflow/example_dags/example_branch_python_dop_operator_3.py for tasks to queue
[2026-04-14T22:41:13.566+0000] {logging_mixin.py:188} INFO - [2026-04-14T22:41:13.566+0000] {dagbag.py:538} INFO - Filling up the DagBag from /home/airflow/.local/lib/python3.8/site-packages/airflow/example_dags/example_branch_python_dop_operator_3.py
[2026-04-14T22:41:13.577+0000] {processor.py:840} INFO - DAG(s) 'example_branch_dop_operator_v3' retrieved from /home/airflow/.local/lib/python3.8/site-packages/airflow/example_dags/example_branch_python_dop_operator_3.py
[2026-04-14T22:41:13.606+0000] {logging_mixin.py:188} INFO - [2026-04-14T22:41:13.606+0000] {dag.py:3036} INFO - Sync 1 DAGs
[2026-04-14T22:41:13.637+0000] {logging_mixin.py:188} INFO - [2026-04-14T22:41:13.637+0000] {dag.py:3823} INFO - Setting next_dagrun for example_branch_dop_operator_v3 to 2026-04-14 22:40:00+00:00, run_after=2026-04-14 22:41:00+00:00
[2026-04-14T22:41:13.666+0000] {processor.py:183} INFO - Processing /home/airflow/.local/lib/python3.8/site-packages/airflow/example_dags/example_branch_python_dop_operator_3.py took 0.110 seconds
[2026-04-14T22:41:44.580+0000] {processor.py:161} INFO - Started process (PID=19929) to work on /home/airflow/.local/lib/python3.8/site-packages/airflow/example_dags/example_branch_python_dop_operator_3.py
[2026-04-14T22:41:44.582+0000] {processor.py:830} INFO - Processing file /home/airflow/.local/lib/python3.8/site-packages/airflow/example_dags/example_branch_python_dop_operator_3.py for tasks to queue
[2026-04-14T22:41:44.585+0000] {logging_mixin.py:188} INFO - [2026-04-14T22:41:44.585+0000] {dagbag.py:538} INFO - Filling up the DagBag from /home/airflow/.local/lib/python3.8/site-packages/airflow/example_dags/example_branch_python_dop_operator_3.py
[2026-04-14T22:41:44.595+0000] {processor.py:840} INFO - DAG(s) 'example_branch_dop_operator_v3' retrieved from /home/airflow/.local/lib/python3.8/site-packages/airflow/example_dags/example_branch_python_dop_operator_3.py
[2026-04-14T22:41:44.624+0000] {logging_mixin.py:188} INFO - [2026-04-14T22:41:44.624+0000] {dag.py:3036} INFO - Sync 1 DAGs
[2026-04-14T22:41:44.670+0000] {logging_mixin.py:188} INFO - [2026-04-14T22:41:44.670+0000] {dag.py:3823} INFO - Setting next_dagrun for example_branch_dop_operator_v3 to 2026-04-14 22:40:00+00:00, run_after=2026-04-14 22:41:00+00:00
[2026-04-14T22:41:44.708+0000] {processor.py:183} INFO - Processing /home/airflow/.local/lib/python3.8/site-packages/airflow/example_dags/example_branch_python_dop_operator_3.py took 0.131 seconds
[2026-04-14T22:42:15.430+0000] {processor.py:161} INFO - Started process (PID=19986) to work on /home/airflow/.local/lib/python3.8/site-packages/airflow/example_dags/example_branch_python_dop_operator_3.py
[2026-04-14T22:42:15.432+0000] {processor.py:830} INFO - Processing file /home/airflow/.local/lib/python3.8/site-packages/airflow/example_dags/example_branch_python_dop_operator_3.py for tasks to queue
[2026-04-14T22:42:15.435+0000] {logging_mixin.py:188} INFO - [2026-04-14T22:42:15.434+0000] {dagbag.py:538} INFO - Filling up the DagBag from /home/airflow/.local/lib/python3.8/site-packages/airflow/example_dags/example_branch_python_dop_operator_3.py
[2026-04-14T22:42:15.445+0000] {processor.py:840} INFO - DAG(s) 'example_branch_dop_operator_v3' retrieved from /home/airflow/.local/lib/python3.8/site-packages/airflow/example_dags/example_branch_python_dop_operator_3.py
[2026-04-14T22:42:15.468+0000] {logging_mixin.py:188} INFO - [2026-04-14T22:42:15.467+0000] {dag.py:3036} INFO - Sync 1 DAGs
[2026-04-14T22:42:15.500+0000] {logging_mixin.py:188} INFO - [2026-04-14T22:42:15.500+0000] {dag.py:3823} INFO - Setting next_dagrun for example_branch_dop_operator_v3 to 2026-04-14 22:41:00+00:00, run_after=2026-04-14 22:42:00+00:00
[2026-04-14T22:42:15.526+0000] {processor.py:183} INFO - Processing /home/airflow/.local/lib/python3.8/site-packages/airflow/example_dags/example_branch_python_dop_operator_3.py took 0.100 seconds
[2026-04-14T22:42:45.986+0000] {processor.py:161} INFO - Started process (PID=20043) to work on /home/airflow/.local/lib/python3.8/site-packages/airflow/example_dags/example_branch_python_dop_operator_3.py
[2026-04-14T22:42:45.988+0000] {processor.py:830} INFO - Processing file /home/airflow/.local/lib/python3.8/site-packages/airflow/example_dags/example_branch_python_dop_operator_3.py for tasks to queue
[2026-04-14T22:42:45.990+0000] {logging_mixin.py:188} INFO - [2026-04-14T22:42:45.990+0000] {dagbag.py:538} INFO - Filling up the DagBag from /home/airflow/.local/lib/python3.8/site-packages/airflow/example_dags/example_branch_python_dop_operator_3.py
[2026-04-14T22:42:45.999+0000] {processor.py:840} INFO - DAG(s) 'example_branch_dop_operator_v3' retrieved from /home/airflow/.local/lib/python3.8/site-packages/airflow/example_dags/example_branch_python_dop_operator_3.py
[2026-04-14T22:42:46.022+0000] {logging_mixin.py:188} INFO - [2026-04-14T22:42:46.022+0000] {dag.py:3036} INFO - Sync 1 DAGs
[2026-04-14T22:42:46.046+0000] {logging_mixin.py:188} INFO - [2026-04-14T22:42:46.046+0000] {dag.py:3823} INFO - Setting next_dagrun for example_branch_dop_operator_v3 to 2026-04-14 22:41:00+00:00, run_after=2026-04-14 22:42:00+00:00
[2026-04-14T22:42:46.069+0000] {processor.py:183} INFO - Processing /home/airflow/.local/lib/python3.8/site-packages/airflow/example_dags/example_branch_python_dop_operator_3.py took 0.086 seconds
[2026-04-14T22:43:16.572+0000] {processor.py:161} INFO - Started process (PID=20100) to work on /home/airflow/.local/lib/python3.8/site-packages/airflow/example_dags/example_branch_python_dop_operator_3.py
[2026-04-14T22:43:16.574+0000] {processor.py:830} INFO - Processing file /home/airflow/.local/lib/python3.8/site-packages/airflow/example_dags/example_branch_python_dop_operator_3.py for tasks to queue
[2026-04-14T22:43:16.577+0000] {logging_mixin.py:188} INFO - [2026-04-14T22:43:16.577+0000] {dagbag.py:538} INFO - Filling up the DagBag from /home/airflow/.local/lib/python3.8/site-packages/airflow/example_dags/example_branch_python_dop_operator_3.py
[2026-04-14T22:43:16.587+0000] {processor.py:840} INFO - DAG(s) 'example_branch_dop_operator_v3' retrieved from /home/airflow/.local/lib/python3.8/site-packages/airflow/example_dags/example_branch_python_dop_operator_3.py
[2026-04-14T22:43:16.613+0000] {logging_mixin.py:188} INFO - [2026-04-14T22:43:16.612+0000] {dag.py:3036} INFO - Sync 1 DAGs
[2026-04-14T22:43:16.641+0000] {logging_mixin.py:188} INFO - [2026-04-14T22:43:16.640+0000] {dag.py:3823} INFO - Setting next_dagrun for example_branch_dop_operator_v3 to 2026-04-14 22:42:00+00:00, run_after=2026-04-14 22:43:00+00:00
[2026-04-14T22:43:16.663+0000] {processor.py:183} INFO - Processing /home/airflow/.local/lib/python3.8/site-packages/airflow/example_dags/example_branch_python_dop_operator_3.py took 0.095 seconds
[2026-04-14T22:43:47.188+0000] {processor.py:161} INFO - Started process (PID=20157) to work on /home/airflow/.local/lib/python3.8/site-packages/airflow/example_dags/example_branch_python_dop_operator_3.py
[2026-04-14T22:43:47.189+0000] {processor.py:830} INFO - Processing file /home/airflow/.local/lib/python3.8/site-packages/airflow/example_dags/example_branch_python_dop_operator_3.py for tasks to queue
[2026-04-14T22:43:47.192+0000] {logging_mixin.py:188} INFO - [2026-04-14T22:43:47.192+0000] {dagbag.py:538} INFO - Filling up the DagBag from /home/airflow/.local/lib/python3.8/site-packages/airflow/example_dags/example_branch_python_dop_operator_3.py
[2026-04-14T22:43:47.201+0000] {processor.py:840} INFO - DAG(s) 'example_branch_dop_operator_v3' retrieved from /home/airflow/.local/lib/python3.8/site-packages/airflow/example_dags/example_branch_python_dop_operator_3.py
[2026-04-14T22:43:47.226+0000] {logging_mixin.py:188} INFO - [2026-04-14T22:43:47.226+0000] {dag.py:3036} INFO - Sync 1 DAGs
[2026-04-14T22:43:47.252+0000] {logging_mixin.py:188} INFO - [2026-04-14T22:43:47.252+0000] {dag.py:3823} INFO - Setting next_dagrun for example_branch_dop_operator_v3 to 2026-04-14 22:42:00+00:00, run_after=2026-04-14 22:43:00+00:00
[2026-04-14T22:43:47.280+0000] {processor.py:183} INFO - Processing /home/airflow/.local/lib/python3.8/site-packages/airflow/example_dags/example_branch_python_dop_operator_3.py took 0.096 seconds
[2026-04-14T22:44:17.551+0000] {processor.py:161} INFO - Started process (PID=20214) to work on /home/airflow/.local/lib/python3.8/site-packages/airflow/example_dags/example_branch_python_dop_operator_3.py
[2026-04-14T22:44:17.552+0000] {processor.py:830} INFO - Processing file /home/airflow/.local/lib/python3.8/site-packages/airflow/example_dags/example_branch_python_dop_operator_3.py for tasks to queue
[2026-04-14T22:44:17.556+0000] {logging_mixin.py:188} INFO - [2026-04-14T22:44:17.555+0000] {dagbag.py:538} INFO - Filling up the DagBag from /home/airflow/.local/lib/python3.8/site-packages/airflow/example_dags/example_branch_python_dop_operator_3.py
[2026-04-14T22:44:17.571+0000] {processor.py:840} INFO - DAG(s) 'example_branch_dop_operator_v3' retrieved from /home/airflow/.local/lib/python3.8/site-packages/airflow/example_dags/example_branch_python_dop_operator_3.py
[2026-04-14T22:44:17.610+0000] {logging_mixin.py:188} INFO - [2026-04-14T22:44:17.609+0000] {dag.py:3036} INFO - Sync 1 DAGs
[2026-04-14T22:44:17.655+0000] {logging_mixin.py:188} INFO - [2026-04-14T22:44:17.655+0000] {dag.py:3823} INFO - Setting next_dagrun for example_branch_dop_operator_v3 to 2026-04-14 22:43:00+00:00, run_after=2026-04-14 22:44:00+00:00
[2026-04-14T22:44:17.686+0000] {processor.py:183} INFO - Processing /home/airflow/.local/lib/python3.8/site-packages/airflow/example_dags/example_branch_python_dop_operator_3.py took 0.141 seconds
[2026-04-14T22:44:47.739+0000] {processor.py:161} INFO - Started process (PID=20272) to work on /home/airflow/.local/lib/python3.8/site-packages/airflow/example_dags/example_branch_python_dop_operator_3.py
[2026-04-14T22:44:47.741+0000] {processor.py:830} INFO - Processing file /home/airflow/.local/lib/python3.8/site-packages/airflow/example_dags/example_branch_python_dop_operator_3.py for tasks to queue
[2026-04-14T22:44:47.744+0000] {logging_mixin.py:188} INFO - [2026-04-14T22:44:47.744+0000] {dagbag.py:538} INFO - Filling up the DagBag from /home/airflow/.local/lib/python3.8/site-packages/airflow/example_dags/example_branch_python_dop_operator_3.py
[2026-04-14T22:44:47.752+0000] {processor.py:840} INFO - DAG(s) 'example_branch_dop_operator_v3' retrieved from /home/airflow/.local/lib/python3.8/site-packages/airflow/example_dags/example_branch_python_dop_operator_3.py
[2026-04-14T22:44:47.773+0000] {logging_mixin.py:188} INFO - [2026-04-14T22:44:47.773+0000] {dag.py:3036} INFO - Sync 1 DAGs
[2026-04-14T22:44:47.799+0000] {logging_mixin.py:188} INFO - [2026-04-14T22:44:47.799+0000] {dag.py:3823} INFO - Setting next_dagrun for example_branch_dop_operator_v3 to 2026-04-14 22:43:00+00:00, run_after=2026-04-14 22:44:00+00:00
[2026-04-14T22:44:47.822+0000] {processor.py:183} INFO - Processing /home/airflow/.local/lib/python3.8/site-packages/airflow/example_dags/example_branch_python_dop_operator_3.py took 0.087 seconds
[2026-04-14T22:45:18.417+0000] {processor.py:161} INFO - Started process (PID=20329) to work on /home/airflow/.local/lib/python3.8/site-packages/airflow/example_dags/example_branch_python_dop_operator_3.py
[2026-04-14T22:45:18.418+0000] {processor.py:830} INFO - Processing file /home/airflow/.local/lib/python3.8/site-packages/airflow/example_dags/example_branch_python_dop_operator_3.py for tasks to queue
[2026-04-14T22:45:18.421+0000] {logging_mixin.py:188} INFO - [2026-04-14T22:45:18.421+0000] {dagbag.py:538} INFO - Filling up the DagBag from /home/airflow/.local/lib/python3.8/site-packages/airflow/example_dags/example_branch_python_dop_operator_3.py
[2026-04-14T22:45:18.429+0000] {processor.py:840} INFO - DAG(s) 'example_branch_dop_operator_v3' retrieved from /home/airflow/.local/lib/python3.8/site-packages/airflow/example_dags/example_branch_python_dop_operator_3.py
[2026-04-14T22:45:18.450+0000] {logging_mixin.py:188} INFO - [2026-04-14T22:45:18.450+0000] {dag.py:3036} INFO - Sync 1 DAGs
[2026-04-14T22:45:18.478+0000] {logging_mixin.py:188} INFO - [2026-04-14T22:45:18.478+0000] {dag.py:3823} INFO - Setting next_dagrun for example_branch_dop_operator_v3 to 2026-04-14 22:44:00+00:00, run_after=2026-04-14 22:45:00+00:00
[2026-04-14T22:45:18.505+0000] {processor.py:183} INFO - Processing /home/airflow/.local/lib/python3.8/site-packages/airflow/example_dags/example_branch_python_dop_operator_3.py took 0.092 seconds
[2026-04-14T22:45:48.696+0000] {processor.py:161} INFO - Started process (PID=20386) to work on /home/airflow/.local/lib/python3.8/site-packages/airflow/example_dags/example_branch_python_dop_operator_3.py
[2026-04-14T22:45:48.697+0000] {processor.py:830} INFO - Processing file /home/airflow/.local/lib/python3.8/site-packages/airflow/example_dags/example_branch_python_dop_operator_3.py for tasks to queue
[2026-04-14T22:45:48.700+0000] {logging_mixin.py:188} INFO - [2026-04-14T22:45:48.699+0000] {dagbag.py:538} INFO - Filling up the DagBag from /home/airflow/.local/lib/python3.8/site-packages/airflow/example_dags/example_branch_python_dop_operator_3.py
[2026-04-14T22:45:48.712+0000] {processor.py:840} INFO - DAG(s) 'example_branch_dop_operator_v3' retrieved from /home/airflow/.local/lib/python3.8/site-packages/airflow/example_dags/example_branch_python_dop_operator_3.py
[2026-04-14T22:45:48.744+0000] {logging_mixin.py:188} INFO - [2026-04-14T22:45:48.743+0000] {dag.py:3036} INFO - Sync 1 DAGs
[2026-04-14T22:45:48.784+0000] {logging_mixin.py:188} INFO - [2026-04-14T22:45:48.783+0000] {dag.py:3823} INFO - Setting next_dagrun for example_branch_dop_operator_v3 to 2026-04-14 22:44:00+00:00, run_after=2026-04-14 22:45:00+00:00
[2026-04-14T22:45:48.823+0000] {processor.py:183} INFO - Processing /home/airflow/.local/lib/python3.8/site-packages/airflow/example_dags/example_branch_python_dop_operator_3.py took 0.131 seconds
[2026-04-14T22:46:18.900+0000] {processor.py:161} INFO - Started process (PID=20443) to work on /home/airflow/.local/lib/python3.8/site-packages/airflow/example_dags/example_branch_python_dop_operator_3.py
[2026-04-14T22:46:18.902+0000] {processor.py:830} INFO - Processing file /home/airflow/.local/lib/python3.8/site-packages/airflow/example_dags/example_branch_python_dop_operator_3.py for tasks to queue
[2026-04-14T22:46:18.905+0000] {logging_mixin.py:188} INFO - [2026-04-14T22:46:18.904+0000] {dagbag.py:538} INFO - Filling up the DagBag from /home/airflow/.local/lib/python3.8/site-packages/airflow/example_dags/example_branch_python_dop_operator_3.py
[2026-04-14T22:46:18.914+0000] {processor.py:840} INFO - DAG(s) 'example_branch_dop_operator_v3' retrieved from /home/airflow/.local/lib/python3.8/site-packages/airflow/example_dags/example_branch_python_dop_operator_3.py
[2026-04-14T22:46:18.938+0000] {logging_mixin.py:188} INFO - [2026-04-14T22:46:18.937+0000] {dag.py:3036} INFO - Sync 1 DAGs
[2026-04-14T22:46:18.967+0000] {logging_mixin.py:188} INFO - [2026-04-14T22:46:18.967+0000] {dag.py:3823} INFO - Setting next_dagrun for example_branch_dop_operator_v3 to 2026-04-14 22:45:00+00:00, run_after=2026-04-14 22:46:00+00:00
[2026-04-14T22:46:19.002+0000] {processor.py:183} INFO - Processing /home/airflow/.local/lib/python3.8/site-packages/airflow/example_dags/example_branch_python_dop_operator_3.py took 0.105 seconds
[2026-04-14T22:46:49.148+0000] {processor.py:161} INFO - Started process (PID=20500) to work on /home/airflow/.local/lib/python3.8/site-packages/airflow/example_dags/example_branch_python_dop_operator_3.py
[2026-04-14T22:46:49.150+0000] {processor.py:830} INFO - Processing file /home/airflow/.local/lib/python3.8/site-packages/airflow/example_dags/example_branch_python_dop_operator_3.py for tasks to queue
[2026-04-14T22:46:49.152+0000] {logging_mixin.py:188} INFO - [2026-04-14T22:46:49.152+0000] {dagbag.py:538} INFO - Filling up the DagBag from /home/airflow/.local/lib/python3.8/site-packages/airflow/example_dags/example_branch_python_dop_operator_3.py
[2026-04-14T22:46:49.161+0000] {processor.py:840} INFO - DAG(s) 'example_branch_dop_operator_v3' retrieved from /home/airflow/.local/lib/python3.8/site-packages/airflow/example_dags/example_branch_python_dop_operator_3.py
[2026-04-14T22:46:49.184+0000] {logging_mixin.py:188} INFO - [2026-04-14T22:46:49.184+0000] {dag.py:3036} INFO - Sync 1 DAGs
[2026-04-14T22:46:49.219+0000] {logging_mixin.py:188} INFO - [2026-04-14T22:46:49.218+0000] {dag.py:3823} INFO - Setting next_dagrun for example_branch_dop_operator_v3 to 2026-04-14 22:45:00+00:00, run_after=2026-04-14 22:46:00+00:00
[2026-04-14T22:46:49.251+0000] {processor.py:183} INFO - Processing /home/airflow/.local/lib/python3.8/site-packages/airflow/example_dags/example_branch_python_dop_operator_3.py took 0.105 seconds
[2026-04-14T22:47:19.488+0000] {processor.py:161} INFO - Started process (PID=20557) to work on /home/airflow/.local/lib/python3.8/site-packages/airflow/example_dags/example_branch_python_dop_operator_3.py
[2026-04-14T22:47:19.489+0000] {processor.py:830} INFO - Processing file /home/airflow/.local/lib/python3.8/site-packages/airflow/example_dags/example_branch_python_dop_operator_3.py for tasks to queue
[2026-04-14T22:47:19.491+0000] {logging_mixin.py:188} INFO - [2026-04-14T22:47:19.491+0000] {dagbag.py:538} INFO - Filling up the DagBag from /home/airflow/.local/lib/python3.8/site-packages/airflow/example_dags/example_branch_python_dop_operator_3.py
[2026-04-14T22:47:19.500+0000] {processor.py:840} INFO - DAG(s) 'example_branch_dop_operator_v3' retrieved from /home/airflow/.local/lib/python3.8/site-packages/airflow/example_dags/example_branch_python_dop_operator_3.py
[2026-04-14T22:47:19.522+0000] {logging_mixin.py:188} INFO - [2026-04-14T22:47:19.521+0000] {dag.py:3036} INFO - Sync 1 DAGs
[2026-04-14T22:47:19.547+0000] {logging_mixin.py:188} INFO - [2026-04-14T22:47:19.547+0000] {dag.py:3823} INFO - Setting next_dagrun for example_branch_dop_operator_v3 to 2026-04-14 22:46:00+00:00, run_after=2026-04-14 22:47:00+00:00
[2026-04-14T22:47:19.569+0000] {processor.py:183} INFO - Processing /home/airflow/.local/lib/python3.8/site-packages/airflow/example_dags/example_branch_python_dop_operator_3.py took 0.085 seconds
[2026-04-14T22:47:49.906+0000] {processor.py:161} INFO - Started process (PID=20614) to work on /home/airflow/.local/lib/python3.8/site-packages/airflow/example_dags/example_branch_python_dop_operator_3.py
[2026-04-14T22:47:49.907+0000] {processor.py:830} INFO - Processing file /home/airflow/.local/lib/python3.8/site-packages/airflow/example_dags/example_branch_python_dop_operator_3.py for tasks to queue
[2026-04-14T22:47:49.909+0000] {logging_mixin.py:188} INFO - [2026-04-14T22:47:49.909+0000] {dagbag.py:538} INFO - Filling up the DagBag from /home/airflow/.local/lib/python3.8/site-packages/airflow/example_dags/example_branch_python_dop_operator_3.py
[2026-04-14T22:47:49.919+0000] {processor.py:840} INFO - DAG(s) 'example_branch_dop_operator_v3' retrieved from /home/airflow/.local/lib/python3.8/site-packages/airflow/example_dags/example_branch_python_dop_operator_3.py
[2026-04-14T22:47:49.946+0000] {logging_mixin.py:188} INFO - [2026-04-14T22:47:49.945+0000] {dag.py:3036} INFO - Sync 1 DAGs
[2026-04-14T22:47:49.975+0000] {logging_mixin.py:188} INFO - [2026-04-14T22:47:49.975+0000] {dag.py:3823} INFO - Setting next_dagrun for example_branch_dop_operator_v3 to 2026-04-14 22:46:00+00:00, run_after=2026-04-14 22:47:00+00:00
[2026-04-14T22:47:50.004+0000] {processor.py:183} INFO - Processing /home/airflow/.local/lib/python3.8/site-packages/airflow/example_dags/example_branch_python_dop_operator_3.py took 0.103 seconds
[2026-04-14T22:48:20.197+0000] {processor.py:161} INFO - Started process (PID=20671) to work on /home/airflow/.local/lib/python3.8/site-packages/airflow/example_dags/example_branch_python_dop_operator_3.py
[2026-04-14T22:48:20.198+0000] {processor.py:830} INFO - Processing file /home/airflow/.local/lib/python3.8/site-packages/airflow/example_dags/example_branch_python_dop_operator_3.py for tasks to queue
[2026-04-14T22:48:20.200+0000] {logging_mixin.py:188} INFO - [2026-04-14T22:48:20.200+0000] {dagbag.py:538} INFO - Filling up the DagBag from /home/airflow/.local/lib/python3.8/site-packages/airflow/example_dags/example_branch_python_dop_operator_3.py
[2026-04-14T22:48:20.210+0000] {processor.py:840} INFO - DAG(s) 'example_branch_dop_operator_v3' retrieved from /home/airflow/.local/lib/python3.8/site-packages/airflow/example_dags/example_branch_python_dop_operator_3.py
[2026-04-14T22:48:20.235+0000] {logging_mixin.py:188} INFO - [2026-04-14T22:48:20.235+0000] {dag.py:3036} INFO - Sync 1 DAGs
[2026-04-14T22:48:20.265+0000] {logging_mixin.py:188} INFO - [2026-04-14T22:48:20.264+0000] {dag.py:3823} INFO - Setting next_dagrun for example_branch_dop_operator_v3 to 2026-04-14 22:47:00+00:00, run_after=2026-04-14 22:48:00+00:00
[2026-04-14T22:48:20.292+0000] {processor.py:183} INFO - Processing /home/airflow/.local/lib/python3.8/site-packages/airflow/example_dags/example_branch_python_dop_operator_3.py took 0.099 seconds
[2026-04-14T22:48:50.693+0000] {processor.py:161} INFO - Started process (PID=20728) to work on /home/airflow/.local/lib/python3.8/site-packages/airflow/example_dags/example_branch_python_dop_operator_3.py
[2026-04-14T22:48:50.694+0000] {processor.py:830} INFO - Processing file /home/airflow/.local/lib/python3.8/site-packages/airflow/example_dags/example_branch_python_dop_operator_3.py for tasks to queue
[2026-04-14T22:48:50.696+0000] {logging_mixin.py:188} INFO - [2026-04-14T22:48:50.696+0000] {dagbag.py:538} INFO - Filling up the DagBag from /home/airflow/.local/lib/python3.8/site-packages/airflow/example_dags/example_branch_python_dop_operator_3.py
[2026-04-14T22:48:50.706+0000] {processor.py:840} INFO - DAG(s) 'example_branch_dop_operator_v3' retrieved from /home/airflow/.local/lib/python3.8/site-packages/airflow/example_dags/example_branch_python_dop_operator_3.py
[2026-04-14T22:48:50.727+0000] {logging_mixin.py:188} INFO - [2026-04-14T22:48:50.726+0000] {dag.py:3036} INFO - Sync 1 DAGs
[2026-04-14T22:48:50.752+0000] {logging_mixin.py:188} INFO - [2026-04-14T22:48:50.752+0000] {dag.py:3823} INFO - Setting next_dagrun for example_branch_dop_operator_v3 to 2026-04-14 22:47:00+00:00, run_after=2026-04-14 22:48:00+00:00
[2026-04-14T22:48:50.784+0000] {processor.py:183} INFO - Processing /home/airflow/.local/lib/python3.8/site-packages/airflow/example_dags/example_branch_python_dop_operator_3.py took 0.095 seconds
[2026-04-14T22:49:20.941+0000] {processor.py:161} INFO - Started process (PID=20785) to work on /home/airflow/.local/lib/python3.8/site-packages/airflow/example_dags/example_branch_python_dop_operator_3.py
[2026-04-14T22:49:20.943+0000] {processor.py:830} INFO - Processing file /home/airflow/.local/lib/python3.8/site-packages/airflow/example_dags/example_branch_python_dop_operator_3.py for tasks to queue
[2026-04-14T22:49:20.945+0000] {logging_mixin.py:188} INFO - [2026-04-14T22:49:20.945+0000] {dagbag.py:538} INFO - Filling up the DagBag from /home/airflow/.local/lib/python3.8/site-packages/airflow/example_dags/example_branch_python_dop_operator_3.py
[2026-04-14T22:49:20.958+0000] {processor.py:840} INFO - DAG(s) 'example_branch_dop_operator_v3' retrieved from /home/airflow/.local/lib/python3.8/site-packages/airflow/example_dags/example_branch_python_dop_operator_3.py
[2026-04-14T22:49:20.988+0000] {logging_mixin.py:188} INFO - [2026-04-14T22:49:20.988+0000] {dag.py:3036} INFO - Sync 1 DAGs
[2026-04-14T22:49:21.024+0000] {logging_mixin.py:188} INFO - [2026-04-14T22:49:21.024+0000] {dag.py:3823} INFO - Setting next_dagrun for example_branch_dop_operator_v3 to 2026-04-14 22:48:00+00:00, run_after=2026-04-14 22:49:00+00:00
[2026-04-14T22:49:21.053+0000] {processor.py:183} INFO - Processing /home/airflow/.local/lib/python3.8/site-packages/airflow/example_dags/example_branch_python_dop_operator_3.py took 0.115 seconds
[2026-04-14T22:49:51.138+0000] {processor.py:161} INFO - Started process (PID=20842) to work on /home/airflow/.local/lib/python3.8/site-packages/airflow/example_dags/example_branch_python_dop_operator_3.py
[2026-04-14T22:49:51.139+0000] {processor.py:830} INFO - Processing file /home/airflow/.local/lib/python3.8/site-packages/airflow/example_dags/example_branch_python_dop_operator_3.py for tasks to queue
[2026-04-14T22:49:51.142+0000] {logging_mixin.py:188} INFO - [2026-04-14T22:49:51.141+0000] {dagbag.py:538} INFO - Filling up the DagBag from /home/airflow/.local/lib/python3.8/site-packages/airflow/example_dags/example_branch_python_dop_operator_3.py
[2026-04-14T22:49:51.158+0000] {processor.py:840} INFO - DAG(s) 'example_branch_dop_operator_v3' retrieved from /home/airflow/.local/lib/python3.8/site-packages/airflow/example_dags/example_branch_python_dop_operator_3.py
[2026-04-14T22:49:51.188+0000] {logging_mixin.py:188} INFO - [2026-04-14T22:49:51.188+0000] {dag.py:3036} INFO - Sync 1 DAGs
[2026-04-14T22:49:51.229+0000] {logging_mixin.py:188} INFO - [2026-04-14T22:49:51.228+0000] {dag.py:3823} INFO - Setting next_dagrun for example_branch_dop_operator_v3 to 2026-04-14 22:48:00+00:00, run_after=2026-04-14 22:49:00+00:00
[2026-04-14T22:49:51.269+0000] {processor.py:183} INFO - Processing /home/airflow/.local/lib/python3.8/site-packages/airflow/example_dags/example_branch_python_dop_operator_3.py took 0.134 seconds
[2026-04-14T22:50:21.948+0000] {processor.py:161} INFO - Started process (PID=20897) to work on /home/airflow/.local/lib/python3.8/site-packages/airflow/example_dags/example_branch_python_dop_operator_3.py
[2026-04-14T22:50:21.951+0000] {processor.py:830} INFO - Processing file /home/airflow/.local/lib/python3.8/site-packages/airflow/example_dags/example_branch_python_dop_operator_3.py for tasks to queue
[2026-04-14T22:50:21.956+0000] {logging_mixin.py:188} INFO - [2026-04-14T22:50:21.956+0000] {dagbag.py:538} INFO - Filling up the DagBag from /home/airflow/.local/lib/python3.8/site-packages/airflow/example_dags/example_branch_python_dop_operator_3.py
[2026-04-14T22:50:21.977+0000] {processor.py:840} INFO - DAG(s) 'example_branch_dop_operator_v3' retrieved from /home/airflow/.local/lib/python3.8/site-packages/airflow/example_dags/example_branch_python_dop_operator_3.py
[2026-04-14T22:50:22.012+0000] {logging_mixin.py:188} INFO - [2026-04-14T22:50:22.011+0000] {dag.py:3036} INFO - Sync 1 DAGs
[2026-04-14T22:50:22.059+0000] {logging_mixin.py:188} INFO - [2026-04-14T22:50:22.058+0000] {dag.py:3823} INFO - Setting next_dagrun for example_branch_dop_operator_v3 to 2026-04-14 22:49:00+00:00, run_after=2026-04-14 22:50:00+00:00
[2026-04-14T22:50:22.092+0000] {processor.py:183} INFO - Processing /home/airflow/.local/lib/python3.8/site-packages/airflow/example_dags/example_branch_python_dop_operator_3.py took 0.150 seconds
[2026-04-14T22:50:53.130+0000] {processor.py:161} INFO - Started process (PID=20960) to work on /home/airflow/.local/lib/python3.8/site-packages/airflow/example_dags/example_branch_python_dop_operator_3.py
[2026-04-14T22:50:53.132+0000] {processor.py:830} INFO - Processing file /home/airflow/.local/lib/python3.8/site-packages/airflow/example_dags/example_branch_python_dop_operator_3.py for tasks to queue
[2026-04-14T22:50:53.135+0000] {logging_mixin.py:188} INFO - [2026-04-14T22:50:53.134+0000] {dagbag.py:538} INFO - Filling up the DagBag from /home/airflow/.local/lib/python3.8/site-packages/airflow/example_dags/example_branch_python_dop_operator_3.py
[2026-04-14T22:50:53.150+0000] {processor.py:840} INFO - DAG(s) 'example_branch_dop_operator_v3' retrieved from /home/airflow/.local/lib/python3.8/site-packages/airflow/example_dags/example_branch_python_dop_operator_3.py
[2026-04-14T22:50:53.179+0000] {logging_mixin.py:188} INFO - [2026-04-14T22:50:53.179+0000] {dag.py:3036} INFO - Sync 1 DAGs
[2026-04-14T22:50:53.227+0000] {logging_mixin.py:188} INFO - [2026-04-14T22:50:53.226+0000] {dag.py:3823} INFO - Setting next_dagrun for example_branch_dop_operator_v3 to 2026-04-14 22:49:00+00:00, run_after=2026-04-14 22:50:00+00:00
[2026-04-14T22:50:53.250+0000] {processor.py:183} INFO - Processing /home/airflow/.local/lib/python3.8/site-packages/airflow/example_dags/example_branch_python_dop_operator_3.py took 0.130 seconds
[2026-04-14T22:51:23.892+0000] {processor.py:161} INFO - Started process (PID=21017) to work on /home/airflow/.local/lib/python3.8/site-packages/airflow/example_dags/example_branch_python_dop_operator_3.py
[2026-04-14T22:51:23.900+0000] {processor.py:830} INFO - Processing file /home/airflow/.local/lib/python3.8/site-packages/airflow/example_dags/example_branch_python_dop_operator_3.py for tasks to queue
[2026-04-14T22:51:23.904+0000] {logging_mixin.py:188} INFO - [2026-04-14T22:51:23.903+0000] {dagbag.py:538} INFO - Filling up the DagBag from /home/airflow/.local/lib/python3.8/site-packages/airflow/example_dags/example_branch_python_dop_operator_3.py
[2026-04-14T22:51:23.921+0000] {processor.py:840} INFO - DAG(s) 'example_branch_dop_operator_v3' retrieved from /home/airflow/.local/lib/python3.8/site-packages/airflow/example_dags/example_branch_python_dop_operator_3.py
[2026-04-14T22:51:23.960+0000] {logging_mixin.py:188} INFO - [2026-04-14T22:51:23.960+0000] {dag.py:3036} INFO - Sync 1 DAGs
[2026-04-14T22:51:24.000+0000] {logging_mixin.py:188} INFO - [2026-04-14T22:51:24.000+0000] {dag.py:3823} INFO - Setting next_dagrun for example_branch_dop_operator_v3 to 2026-04-14 22:50:00+00:00, run_after=2026-04-14 22:51:00+00:00
[2026-04-14T22:51:24.025+0000] {processor.py:183} INFO - Processing /home/airflow/.local/lib/python3.8/site-packages/airflow/example_dags/example_branch_python_dop_operator_3.py took 0.139 seconds
[2026-04-14T22:51:54.740+0000] {processor.py:161} INFO - Started process (PID=21074) to work on /home/airflow/.local/lib/python3.8/site-packages/airflow/example_dags/example_branch_python_dop_operator_3.py
[2026-04-14T22:51:54.741+0000] {processor.py:830} INFO - Processing file /home/airflow/.local/lib/python3.8/site-packages/airflow/example_dags/example_branch_python_dop_operator_3.py for tasks to queue
[2026-04-14T22:51:54.746+0000] {logging_mixin.py:188} INFO - [2026-04-14T22:51:54.746+0000] {dagbag.py:538} INFO - Filling up the DagBag from /home/airflow/.local/lib/python3.8/site-packages/airflow/example_dags/example_branch_python_dop_operator_3.py
[2026-04-14T22:51:54.763+0000] {processor.py:840} INFO - DAG(s) 'example_branch_dop_operator_v3' retrieved from /home/airflow/.local/lib/python3.8/site-packages/airflow/example_dags/example_branch_python_dop_operator_3.py
[2026-04-14T22:51:54.797+0000] {logging_mixin.py:188} INFO - [2026-04-14T22:51:54.797+0000] {dag.py:3036} INFO - Sync 1 DAGs
[2026-04-14T22:51:54.831+0000] {logging_mixin.py:188} INFO - [2026-04-14T22:51:54.831+0000] {dag.py:3823} INFO - Setting next_dagrun for example_branch_dop_operator_v3 to 2026-04-14 22:50:00+00:00, run_after=2026-04-14 22:51:00+00:00
[2026-04-14T22:51:54.863+0000] {processor.py:183} INFO - Processing /home/airflow/.local/lib/python3.8/site-packages/airflow/example_dags/example_branch_python_dop_operator_3.py took 0.128 seconds
[2026-04-14T22:52:25.467+0000] {processor.py:161} INFO - Started process (PID=21131) to work on /home/airflow/.local/lib/python3.8/site-packages/airflow/example_dags/example_branch_python_dop_operator_3.py
[2026-04-14T22:52:25.468+0000] {processor.py:830} INFO - Processing file /home/airflow/.local/lib/python3.8/site-packages/airflow/example_dags/example_branch_python_dop_operator_3.py for tasks to queue
[2026-04-14T22:52:25.470+0000] {logging_mixin.py:188} INFO - [2026-04-14T22:52:25.470+0000] {dagbag.py:538} INFO - Filling up the DagBag from /home/airflow/.local/lib/python3.8/site-packages/airflow/example_dags/example_branch_python_dop_operator_3.py
[2026-04-14T22:52:25.483+0000] {processor.py:840} INFO - DAG(s) 'example_branch_dop_operator_v3' retrieved from /home/airflow/.local/lib/python3.8/site-packages/airflow/example_dags/example_branch_python_dop_operator_3.py
[2026-04-14T22:52:25.505+0000] {logging_mixin.py:188} INFO - [2026-04-14T22:52:25.504+0000] {dag.py:3036} INFO - Sync 1 DAGs
[2026-04-14T22:52:25.544+0000] {logging_mixin.py:188} INFO - [2026-04-14T22:52:25.544+0000] {dag.py:3823} INFO - Setting next_dagrun for example_branch_dop_operator_v3 to 2026-04-14 22:51:00+00:00, run_after=2026-04-14 22:52:00+00:00
[2026-04-14T22:52:25.573+0000] {processor.py:183} INFO - Processing /home/airflow/.local/lib/python3.8/site-packages/airflow/example_dags/example_branch_python_dop_operator_3.py took 0.110 seconds
[2026-04-14T22:52:55.930+0000] {processor.py:161} INFO - Started process (PID=21188) to work on /home/airflow/.local/lib/python3.8/site-packages/airflow/example_dags/example_branch_python_dop_operator_3.py
[2026-04-14T22:52:55.932+0000] {processor.py:830} INFO - Processing file /home/airflow/.local/lib/python3.8/site-packages/airflow/example_dags/example_branch_python_dop_operator_3.py for tasks to queue
[2026-04-14T22:52:55.934+0000] {logging_mixin.py:188} INFO - [2026-04-14T22:52:55.934+0000] {dagbag.py:538} INFO - Filling up the DagBag from /home/airflow/.local/lib/python3.8/site-packages/airflow/example_dags/example_branch_python_dop_operator_3.py
[2026-04-14T22:52:55.943+0000] {processor.py:840} INFO - DAG(s) 'example_branch_dop_operator_v3' retrieved from /home/airflow/.local/lib/python3.8/site-packages/airflow/example_dags/example_branch_python_dop_operator_3.py
[2026-04-14T22:52:55.966+0000] {logging_mixin.py:188} INFO - [2026-04-14T22:52:55.966+0000] {dag.py:3036} INFO - Sync 1 DAGs
[2026-04-14T22:52:55.991+0000] {logging_mixin.py:188} INFO - [2026-04-14T22:52:55.990+0000] {dag.py:3823} INFO - Setting next_dagrun for example_branch_dop_operator_v3 to 2026-04-14 22:51:00+00:00, run_after=2026-04-14 22:52:00+00:00
[2026-04-14T22:52:56.014+0000] {processor.py:183} INFO - Processing /home/airflow/.local/lib/python3.8/site-packages/airflow/example_dags/example_branch_python_dop_operator_3.py took 0.088 seconds
[2026-04-14T22:53:26.346+0000] {processor.py:161} INFO - Started process (PID=21245) to work on /home/airflow/.local/lib/python3.8/site-packages/airflow/example_dags/example_branch_python_dop_operator_3.py
[2026-04-14T22:53:26.347+0000] {processor.py:830} INFO - Processing file /home/airflow/.local/lib/python3.8/site-packages/airflow/example_dags/example_branch_python_dop_operator_3.py for tasks to queue
[2026-04-14T22:53:26.349+0000] {logging_mixin.py:188} INFO - [2026-04-14T22:53:26.349+0000] {dagbag.py:538} INFO - Filling up the DagBag from /home/airflow/.local/lib/python3.8/site-packages/airflow/example_dags/example_branch_python_dop_operator_3.py
[2026-04-14T22:53:26.358+0000] {processor.py:840} INFO - DAG(s) 'example_branch_dop_operator_v3' retrieved from /home/airflow/.local/lib/python3.8/site-packages/airflow/example_dags/example_branch_python_dop_operator_3.py
[2026-04-14T22:53:26.384+0000] {logging_mixin.py:188} INFO - [2026-04-14T22:53:26.384+0000] {dag.py:3036} INFO - Sync 1 DAGs
[2026-04-14T22:53:26.411+0000] {logging_mixin.py:188} INFO - [2026-04-14T22:53:26.411+0000] {dag.py:3823} INFO - Setting next_dagrun for example_branch_dop_operator_v3 to 2026-04-14 22:52:00+00:00, run_after=2026-04-14 22:53:00+00:00
[2026-04-14T22:53:26.436+0000] {processor.py:183} INFO - Processing /home/airflow/.local/lib/python3.8/site-packages/airflow/example_dags/example_branch_python_dop_operator_3.py took 0.094 seconds
[2026-04-14T22:53:57.205+0000] {processor.py:161} INFO - Started process (PID=21303) to work on /home/airflow/.local/lib/python3.8/site-packages/airflow/example_dags/example_branch_python_dop_operator_3.py
[2026-04-14T22:53:57.206+0000] {processor.py:830} INFO - Processing file /home/airflow/.local/lib/python3.8/site-packages/airflow/example_dags/example_branch_python_dop_operator_3.py for tasks to queue
[2026-04-14T22:53:57.209+0000] {logging_mixin.py:188} INFO - [2026-04-14T22:53:57.209+0000] {dagbag.py:538} INFO - Filling up the DagBag from /home/airflow/.local/lib/python3.8/site-packages/airflow/example_dags/example_branch_python_dop_operator_3.py
[2026-04-14T22:53:57.221+0000] {processor.py:840} INFO - DAG(s) 'example_branch_dop_operator_v3' retrieved from /home/airflow/.local/lib/python3.8/site-packages/airflow/example_dags/example_branch_python_dop_operator_3.py
[2026-04-14T22:53:57.245+0000] {logging_mixin.py:188} INFO - [2026-04-14T22:53:57.245+0000] {dag.py:3036} INFO - Sync 1 DAGs
[2026-04-14T22:53:57.292+0000] {logging_mixin.py:188} INFO - [2026-04-14T22:53:57.292+0000] {dag.py:3823} INFO - Setting next_dagrun for example_branch_dop_operator_v3 to 2026-04-14 22:52:00+00:00, run_after=2026-04-14 22:53:00+00:00
[2026-04-14T22:53:57.322+0000] {processor.py:183} INFO - Processing /home/airflow/.local/lib/python3.8/site-packages/airflow/example_dags/example_branch_python_dop_operator_3.py took 0.122 seconds
[2026-04-14T22:54:27.967+0000] {processor.py:161} INFO - Started process (PID=21360) to work on /home/airflow/.local/lib/python3.8/site-packages/airflow/example_dags/example_branch_python_dop_operator_3.py
[2026-04-14T22:54:27.968+0000] {processor.py:830} INFO - Processing file /home/airflow/.local/lib/python3.8/site-packages/airflow/example_dags/example_branch_python_dop_operator_3.py for tasks to queue
[2026-04-14T22:54:27.970+0000] {logging_mixin.py:188} INFO - [2026-04-14T22:54:27.970+0000] {dagbag.py:538} INFO - Filling up the DagBag from /home/airflow/.local/lib/python3.8/site-packages/airflow/example_dags/example_branch_python_dop_operator_3.py
[2026-04-14T22:54:27.979+0000] {processor.py:840} INFO - DAG(s) 'example_branch_dop_operator_v3' retrieved from /home/airflow/.local/lib/python3.8/site-packages/airflow/example_dags/example_branch_python_dop_operator_3.py
[2026-04-14T22:54:28.006+0000] {logging_mixin.py:188} INFO - [2026-04-14T22:54:28.005+0000] {dag.py:3036} INFO - Sync 1 DAGs
[2026-04-14T22:54:28.049+0000] {logging_mixin.py:188} INFO - [2026-04-14T22:54:28.048+0000] {dag.py:3823} INFO - Setting next_dagrun for example_branch_dop_operator_v3 to 2026-04-14 22:53:00+00:00, run_after=2026-04-14 22:54:00+00:00
[2026-04-14T22:54:28.089+0000] {processor.py:183} INFO - Processing /home/airflow/.local/lib/python3.8/site-packages/airflow/example_dags/example_branch_python_dop_operator_3.py took 0.125 seconds
[2026-04-14T22:54:58.626+0000] {processor.py:161} INFO - Started process (PID=21417) to work on /home/airflow/.local/lib/python3.8/site-packages/airflow/example_dags/example_branch_python_dop_operator_3.py
[2026-04-14T22:54:58.627+0000] {processor.py:830} INFO - Processing file /home/airflow/.local/lib/python3.8/site-packages/airflow/example_dags/example_branch_python_dop_operator_3.py for tasks to queue
[2026-04-14T22:54:58.629+0000] {logging_mixin.py:188} INFO - [2026-04-14T22:54:58.629+0000] {dagbag.py:538} INFO - Filling up the DagBag from /home/airflow/.local/lib/python3.8/site-packages/airflow/example_dags/example_branch_python_dop_operator_3.py
[2026-04-14T22:54:58.640+0000] {processor.py:840} INFO - DAG(s) 'example_branch_dop_operator_v3' retrieved from /home/airflow/.local/lib/python3.8/site-packages/airflow/example_dags/example_branch_python_dop_operator_3.py
[2026-04-14T22:54:58.670+0000] {logging_mixin.py:188} INFO - [2026-04-14T22:54:58.670+0000] {dag.py:3036} INFO - Sync 1 DAGs
[2026-04-14T22:54:58.703+0000] {logging_mixin.py:188} INFO - [2026-04-14T22:54:58.702+0000] {dag.py:3823} INFO - Setting next_dagrun for example_branch_dop_operator_v3 to 2026-04-14 22:53:00+00:00, run_after=2026-04-14 22:54:00+00:00
[2026-04-14T22:54:58.722+0000] {processor.py:183} INFO - Processing /home/airflow/.local/lib/python3.8/site-packages/airflow/example_dags/example_branch_python_dop_operator_3.py took 0.101 seconds
[2026-04-14T22:55:29.088+0000] {processor.py:161} INFO - Started process (PID=21474) to work on /home/airflow/.local/lib/python3.8/site-packages/airflow/example_dags/example_branch_python_dop_operator_3.py
[2026-04-14T22:55:29.089+0000] {processor.py:830} INFO - Processing file /home/airflow/.local/lib/python3.8/site-packages/airflow/example_dags/example_branch_python_dop_operator_3.py for tasks to queue
[2026-04-14T22:55:29.092+0000] {logging_mixin.py:188} INFO - [2026-04-14T22:55:29.092+0000] {dagbag.py:538} INFO - Filling up the DagBag from /home/airflow/.local/lib/python3.8/site-packages/airflow/example_dags/example_branch_python_dop_operator_3.py
[2026-04-14T22:55:29.108+0000] {processor.py:840} INFO - DAG(s) 'example_branch_dop_operator_v3' retrieved from /home/airflow/.local/lib/python3.8/site-packages/airflow/example_dags/example_branch_python_dop_operator_3.py
[2026-04-14T22:55:29.133+0000] {logging_mixin.py:188} INFO - [2026-04-14T22:55:29.133+0000] {dag.py:3036} INFO - Sync 1 DAGs
[2026-04-14T22:55:29.158+0000] {logging_mixin.py:188} INFO - [2026-04-14T22:55:29.158+0000] {dag.py:3823} INFO - Setting next_dagrun for example_branch_dop_operator_v3 to 2026-04-14 22:54:00+00:00, run_after=2026-04-14 22:55:00+00:00
[2026-04-14T22:55:29.180+0000] {processor.py:183} INFO - Processing /home/airflow/.local/lib/python3.8/site-packages/airflow/example_dags/example_branch_python_dop_operator_3.py took 0.101 seconds
[2026-04-14T22:55:59.365+0000] {processor.py:161} INFO - Started process (PID=21531) to work on /home/airflow/.local/lib/python3.8/site-packages/airflow/example_dags/example_branch_python_dop_operator_3.py
[2026-04-14T22:55:59.367+0000] {processor.py:830} INFO - Processing file /home/airflow/.local/lib/python3.8/site-packages/airflow/example_dags/example_branch_python_dop_operator_3.py for tasks to queue
[2026-04-14T22:55:59.372+0000] {logging_mixin.py:188} INFO - [2026-04-14T22:55:59.372+0000] {dagbag.py:538} INFO - Filling up the DagBag from /home/airflow/.local/lib/python3.8/site-packages/airflow/example_dags/example_branch_python_dop_operator_3.py
[2026-04-14T22:55:59.383+0000] {processor.py:840} INFO - DAG(s) 'example_branch_dop_operator_v3' retrieved from /home/airflow/.local/lib/python3.8/site-packages/airflow/example_dags/example_branch_python_dop_operator_3.py
[2026-04-14T22:55:59.416+0000] {logging_mixin.py:188} INFO - [2026-04-14T22:55:59.415+0000] {dag.py:3036} INFO - Sync 1 DAGs
[2026-04-14T22:55:59.462+0000] {logging_mixin.py:188} INFO - [2026-04-14T22:55:59.462+0000] {dag.py:3823} INFO - Setting next_dagrun for example_branch_dop_operator_v3 to 2026-04-14 22:54:00+00:00, run_after=2026-04-14 22:55:00+00:00
[2026-04-14T22:55:59.485+0000] {processor.py:183} INFO - Processing /home/airflow/.local/lib/python3.8/site-packages/airflow/example_dags/example_branch_python_dop_operator_3.py took 0.125 seconds
[2026-04-14T22:56:29.617+0000] {processor.py:161} INFO - Started process (PID=21588) to work on /home/airflow/.local/lib/python3.8/site-packages/airflow/example_dags/example_branch_python_dop_operator_3.py
[2026-04-14T22:56:29.618+0000] {processor.py:830} INFO - Processing file /home/airflow/.local/lib/python3.8/site-packages/airflow/example_dags/example_branch_python_dop_operator_3.py for tasks to queue
[2026-04-14T22:56:29.621+0000] {logging_mixin.py:188} INFO - [2026-04-14T22:56:29.620+0000] {dagbag.py:538} INFO - Filling up the DagBag from /home/airflow/.local/lib/python3.8/site-packages/airflow/example_dags/example_branch_python_dop_operator_3.py
[2026-04-14T22:56:29.630+0000] {processor.py:840} INFO - DAG(s) 'example_branch_dop_operator_v3' retrieved from /home/airflow/.local/lib/python3.8/site-packages/airflow/example_dags/example_branch_python_dop_operator_3.py
[2026-04-14T22:56:29.654+0000] {logging_mixin.py:188} INFO - [2026-04-14T22:56:29.654+0000] {dag.py:3036} INFO - Sync 1 DAGs
[2026-04-14T22:56:29.682+0000] {logging_mixin.py:188} INFO - [2026-04-14T22:56:29.682+0000] {dag.py:3823} INFO - Setting next_dagrun for example_branch_dop_operator_v3 to 2026-04-14 22:55:00+00:00, run_after=2026-04-14 22:56:00+00:00
[2026-04-14T22:56:29.707+0000] {processor.py:183} INFO - Processing /home/airflow/.local/lib/python3.8/site-packages/airflow/example_dags/example_branch_python_dop_operator_3.py took 0.094 seconds
[2026-04-14T22:57:00.116+0000] {processor.py:161} INFO - Started process (PID=21645) to work on /home/airflow/.local/lib/python3.8/site-packages/airflow/example_dags/example_branch_python_dop_operator_3.py
[2026-04-14T22:57:00.117+0000] {processor.py:830} INFO - Processing file /home/airflow/.local/lib/python3.8/site-packages/airflow/example_dags/example_branch_python_dop_operator_3.py for tasks to queue
[2026-04-14T22:57:00.119+0000] {logging_mixin.py:188} INFO - [2026-04-14T22:57:00.119+0000] {dagbag.py:538} INFO - Filling up the DagBag from /home/airflow/.local/lib/python3.8/site-packages/airflow/example_dags/example_branch_python_dop_operator_3.py
[2026-04-14T22:57:00.130+0000] {processor.py:840} INFO - DAG(s) 'example_branch_dop_operator_v3' retrieved from /home/airflow/.local/lib/python3.8/site-packages/airflow/example_dags/example_branch_python_dop_operator_3.py
[2026-04-14T22:57:00.154+0000] {logging_mixin.py:188} INFO - [2026-04-14T22:57:00.154+0000] {dag.py:3036} INFO - Sync 1 DAGs
[2026-04-14T22:57:00.182+0000] {logging_mixin.py:188} INFO - [2026-04-14T22:57:00.182+0000] {dag.py:3823} INFO - Setting next_dagrun for example_branch_dop_operator_v3 to 2026-04-14 22:56:00+00:00, run_after=2026-04-14 22:57:00+00:00
[2026-04-14T22:57:00.206+0000] {processor.py:183} INFO - Processing /home/airflow/.local/lib/python3.8/site-packages/airflow/example_dags/example_branch_python_dop_operator_3.py took 0.095 seconds
[2026-04-14T22:57:30.786+0000] {processor.py:161} INFO - Started process (PID=21702) to work on /home/airflow/.local/lib/python3.8/site-packages/airflow/example_dags/example_branch_python_dop_operator_3.py
[2026-04-14T22:57:30.788+0000] {processor.py:830} INFO - Processing file /home/airflow/.local/lib/python3.8/site-packages/airflow/example_dags/example_branch_python_dop_operator_3.py for tasks to queue
[2026-04-14T22:57:30.790+0000] {logging_mixin.py:188} INFO - [2026-04-14T22:57:30.790+0000] {dagbag.py:538} INFO - Filling up the DagBag from /home/airflow/.local/lib/python3.8/site-packages/airflow/example_dags/example_branch_python_dop_operator_3.py
[2026-04-14T22:57:30.799+0000] {processor.py:840} INFO - DAG(s) 'example_branch_dop_operator_v3' retrieved from /home/airflow/.local/lib/python3.8/site-packages/airflow/example_dags/example_branch_python_dop_operator_3.py
[2026-04-14T22:57:30.823+0000] {logging_mixin.py:188} INFO - [2026-04-14T22:57:30.823+0000] {dag.py:3036} INFO - Sync 1 DAGs
[2026-04-14T22:57:30.847+0000] {logging_mixin.py:188} INFO - [2026-04-14T22:57:30.847+0000] {dag.py:3823} INFO - Setting next_dagrun for example_branch_dop_operator_v3 to 2026-04-14 22:56:00+00:00, run_after=2026-04-14 22:57:00+00:00
[2026-04-14T22:57:30.869+0000] {processor.py:183} INFO - Processing /home/airflow/.local/lib/python3.8/site-packages/airflow/example_dags/example_branch_python_dop_operator_3.py took 0.087 seconds
[2026-04-14T22:58:00.950+0000] {processor.py:161} INFO - Started process (PID=21759) to work on /home/airflow/.local/lib/python3.8/site-packages/airflow/example_dags/example_branch_python_dop_operator_3.py
[2026-04-14T22:58:00.952+0000] {processor.py:830} INFO - Processing file /home/airflow/.local/lib/python3.8/site-packages/airflow/example_dags/example_branch_python_dop_operator_3.py for tasks to queue
[2026-04-14T22:58:00.954+0000] {logging_mixin.py:188} INFO - [2026-04-14T22:58:00.954+0000] {dagbag.py:538} INFO - Filling up the DagBag from /home/airflow/.local/lib/python3.8/site-packages/airflow/example_dags/example_branch_python_dop_operator_3.py
[2026-04-14T22:58:00.963+0000] {processor.py:840} INFO - DAG(s) 'example_branch_dop_operator_v3' retrieved from /home/airflow/.local/lib/python3.8/site-packages/airflow/example_dags/example_branch_python_dop_operator_3.py
[2026-04-14T22:58:00.984+0000] {logging_mixin.py:188} INFO - [2026-04-14T22:58:00.984+0000] {dag.py:3036} INFO - Sync 1 DAGs
[2026-04-14T22:58:01.012+0000] {logging_mixin.py:188} INFO - [2026-04-14T22:58:01.011+0000] {dag.py:3823} INFO - Setting next_dagrun for example_branch_dop_operator_v3 to 2026-04-14 22:57:00+00:00, run_after=2026-04-14 22:58:00+00:00
[2026-04-14T22:58:01.036+0000] {processor.py:183} INFO - Processing /home/airflow/.local/lib/python3.8/site-packages/airflow/example_dags/example_branch_python_dop_operator_3.py took 0.088 seconds
[2026-04-14T22:58:31.459+0000] {processor.py:161} INFO - Started process (PID=21817) to work on /home/airflow/.local/lib/python3.8/site-packages/airflow/example_dags/example_branch_python_dop_operator_3.py
[2026-04-14T22:58:31.460+0000] {processor.py:830} INFO - Processing file /home/airflow/.local/lib/python3.8/site-packages/airflow/example_dags/example_branch_python_dop_operator_3.py for tasks to queue
[2026-04-14T22:58:31.463+0000] {logging_mixin.py:188} INFO - [2026-04-14T22:58:31.463+0000] {dagbag.py:538} INFO - Filling up the DagBag from /home/airflow/.local/lib/python3.8/site-packages/airflow/example_dags/example_branch_python_dop_operator_3.py
[2026-04-14T22:58:31.472+0000] {processor.py:840} INFO - DAG(s) 'example_branch_dop_operator_v3' retrieved from /home/airflow/.local/lib/python3.8/site-packages/airflow/example_dags/example_branch_python_dop_operator_3.py
[2026-04-14T22:58:31.498+0000] {logging_mixin.py:188} INFO - [2026-04-14T22:58:31.498+0000] {dag.py:3036} INFO - Sync 1 DAGs
[2026-04-14T22:58:31.526+0000] {logging_mixin.py:188} INFO - [2026-04-14T22:58:31.526+0000] {dag.py:3823} INFO - Setting next_dagrun for example_branch_dop_operator_v3 to 2026-04-14 22:57:00+00:00, run_after=2026-04-14 22:58:00+00:00
[2026-04-14T22:58:31.551+0000] {processor.py:183} INFO - Processing /home/airflow/.local/lib/python3.8/site-packages/airflow/example_dags/example_branch_python_dop_operator_3.py took 0.096 seconds
[2026-04-14T22:59:02.080+0000] {processor.py:161} INFO - Started process (PID=21874) to work on /home/airflow/.local/lib/python3.8/site-packages/airflow/example_dags/example_branch_python_dop_operator_3.py
[2026-04-14T22:59:02.081+0000] {processor.py:830} INFO - Processing file /home/airflow/.local/lib/python3.8/site-packages/airflow/example_dags/example_branch_python_dop_operator_3.py for tasks to queue
[2026-04-14T22:59:02.084+0000] {logging_mixin.py:188} INFO - [2026-04-14T22:59:02.083+0000] {dagbag.py:538} INFO - Filling up the DagBag from /home/airflow/.local/lib/python3.8/site-packages/airflow/example_dags/example_branch_python_dop_operator_3.py
[2026-04-14T22:59:02.095+0000] {processor.py:840} INFO - DAG(s) 'example_branch_dop_operator_v3' retrieved from /home/airflow/.local/lib/python3.8/site-packages/airflow/example_dags/example_branch_python_dop_operator_3.py
[2026-04-14T22:59:02.118+0000] {logging_mixin.py:188} INFO - [2026-04-14T22:59:02.118+0000] {dag.py:3036} INFO - Sync 1 DAGs
[2026-04-14T22:59:02.146+0000] {logging_mixin.py:188} INFO - [2026-04-14T22:59:02.146+0000] {dag.py:3823} INFO - Setting next_dagrun for example_branch_dop_operator_v3 to 2026-04-14 22:58:00+00:00, run_after=2026-04-14 22:59:00+00:00
[2026-04-14T22:59:02.172+0000] {processor.py:183} INFO - Processing /home/airflow/.local/lib/python3.8/site-packages/airflow/example_dags/example_branch_python_dop_operator_3.py took 0.096 seconds
[2026-04-14T22:59:32.221+0000] {processor.py:161} INFO - Started process (PID=21931) to work on /home/airflow/.local/lib/python3.8/site-packages/airflow/example_dags/example_branch_python_dop_operator_3.py
[2026-04-14T22:59:32.222+0000] {processor.py:830} INFO - Processing file /home/airflow/.local/lib/python3.8/site-packages/airflow/example_dags/example_branch_python_dop_operator_3.py for tasks to queue
[2026-04-14T22:59:32.225+0000] {logging_mixin.py:188} INFO - [2026-04-14T22:59:32.225+0000] {dagbag.py:538} INFO - Filling up the DagBag from /home/airflow/.local/lib/python3.8/site-packages/airflow/example_dags/example_branch_python_dop_operator_3.py
[2026-04-14T22:59:32.237+0000] {processor.py:840} INFO - DAG(s) 'example_branch_dop_operator_v3' retrieved from /home/airflow/.local/lib/python3.8/site-packages/airflow/example_dags/example_branch_python_dop_operator_3.py
[2026-04-14T22:59:32.268+0000] {logging_mixin.py:188} INFO - [2026-04-14T22:59:32.267+0000] {dag.py:3036} INFO - Sync 1 DAGs
[2026-04-14T22:59:32.298+0000] {logging_mixin.py:188} INFO - [2026-04-14T22:59:32.297+0000] {dag.py:3823} INFO - Setting next_dagrun for example_branch_dop_operator_v3 to 2026-04-14 22:58:00+00:00, run_after=2026-04-14 22:59:00+00:00
[2026-04-14T22:59:32.323+0000] {processor.py:183} INFO - Processing /home/airflow/.local/lib/python3.8/site-packages/airflow/example_dags/example_branch_python_dop_operator_3.py took 0.109 seconds
[2026-04-14T23:00:02.559+0000] {processor.py:161} INFO - Started process (PID=21988) to work on /home/airflow/.local/lib/python3.8/site-packages/airflow/example_dags/example_branch_python_dop_operator_3.py
[2026-04-14T23:00:02.560+0000] {processor.py:830} INFO - Processing file /home/airflow/.local/lib/python3.8/site-packages/airflow/example_dags/example_branch_python_dop_operator_3.py for tasks to queue
[2026-04-14T23:00:02.562+0000] {logging_mixin.py:188} INFO - [2026-04-14T23:00:02.562+0000] {dagbag.py:538} INFO - Filling up the DagBag from /home/airflow/.local/lib/python3.8/site-packages/airflow/example_dags/example_branch_python_dop_operator_3.py
[2026-04-14T23:00:02.570+0000] {processor.py:840} INFO - DAG(s) 'example_branch_dop_operator_v3' retrieved from /home/airflow/.local/lib/python3.8/site-packages/airflow/example_dags/example_branch_python_dop_operator_3.py
[2026-04-14T23:00:02.592+0000] {logging_mixin.py:188} INFO - [2026-04-14T23:00:02.592+0000] {dag.py:3036} INFO - Sync 1 DAGs
[2026-04-14T23:00:02.616+0000] {logging_mixin.py:188} INFO - [2026-04-14T23:00:02.616+0000] {dag.py:3823} INFO - Setting next_dagrun for example_branch_dop_operator_v3 to 2026-04-14 22:59:00+00:00, run_after=2026-04-14 23:00:00+00:00
[2026-04-14T23:00:02.640+0000] {processor.py:183} INFO - Processing /home/airflow/.local/lib/python3.8/site-packages/airflow/example_dags/example_branch_python_dop_operator_3.py took 0.085 seconds
[2026-04-14T23:00:49.915+0000] {processor.py:161} INFO - Started process (PID=22013) to work on /home/airflow/.local/lib/python3.8/site-packages/airflow/example_dags/example_branch_python_dop_operator_3.py
[2026-04-14T23:00:49.922+0000] {processor.py:830} INFO - Processing file /home/airflow/.local/lib/python3.8/site-packages/airflow/example_dags/example_branch_python_dop_operator_3.py for tasks to queue
[2026-04-14T23:00:49.926+0000] {logging_mixin.py:188} INFO - [2026-04-14T23:00:49.926+0000] {dagbag.py:538} INFO - Filling up the DagBag from /home/airflow/.local/lib/python3.8/site-packages/airflow/example_dags/example_branch_python_dop_operator_3.py
[2026-04-14T23:00:49.943+0000] {processor.py:840} INFO - DAG(s) 'example_branch_dop_operator_v3' retrieved from /home/airflow/.local/lib/python3.8/site-packages/airflow/example_dags/example_branch_python_dop_operator_3.py
[2026-04-14T23:00:49.976+0000] {logging_mixin.py:188} INFO - [2026-04-14T23:00:49.975+0000] {dag.py:3036} INFO - Sync 1 DAGs
[2026-04-14T23:00:50.023+0000] {logging_mixin.py:188} INFO - [2026-04-14T23:00:50.022+0000] {dag.py:3823} INFO - Setting next_dagrun for example_branch_dop_operator_v3 to 2026-04-14 22:59:00+00:00, run_after=2026-04-14 23:00:00+00:00
[2026-04-14T23:00:50.088+0000] {processor.py:183} INFO - Processing /home/airflow/.local/lib/python3.8/site-packages/airflow/example_dags/example_branch_python_dop_operator_3.py took 0.179 seconds
[2026-04-14T23:28:25.369+0000] {processor.py:161} INFO - Started process (PID=22066) to work on /home/airflow/.local/lib/python3.8/site-packages/airflow/example_dags/example_branch_python_dop_operator_3.py
[2026-04-14T23:28:25.383+0000] {processor.py:830} INFO - Processing file /home/airflow/.local/lib/python3.8/site-packages/airflow/example_dags/example_branch_python_dop_operator_3.py for tasks to queue
[2026-04-14T23:28:25.388+0000] {logging_mixin.py:188} INFO - [2026-04-14T23:28:25.387+0000] {dagbag.py:538} INFO - Filling up the DagBag from /home/airflow/.local/lib/python3.8/site-packages/airflow/example_dags/example_branch_python_dop_operator_3.py
[2026-04-14T23:28:25.436+0000] {processor.py:840} INFO - DAG(s) 'example_branch_dop_operator_v3' retrieved from /home/airflow/.local/lib/python3.8/site-packages/airflow/example_dags/example_branch_python_dop_operator_3.py
[2026-04-14T23:28:25.551+0000] {logging_mixin.py:188} INFO - [2026-04-14T23:28:25.551+0000] {dag.py:3036} INFO - Sync 1 DAGs
[2026-04-14T23:28:25.715+0000] {logging_mixin.py:188} INFO - [2026-04-14T23:28:25.715+0000] {dag.py:3823} INFO - Setting next_dagrun for example_branch_dop_operator_v3 to 2026-04-14 23:27:00+00:00, run_after=2026-04-14 23:28:00+00:00
[2026-04-14T23:28:26.471+0000] {processor.py:183} INFO - Processing /home/airflow/.local/lib/python3.8/site-packages/airflow/example_dags/example_branch_python_dop_operator_3.py took 1.119 seconds
[2026-04-14T23:28:56.903+0000] {processor.py:161} INFO - Started process (PID=22123) to work on /home/airflow/.local/lib/python3.8/site-packages/airflow/example_dags/example_branch_python_dop_operator_3.py
[2026-04-14T23:28:56.905+0000] {processor.py:830} INFO - Processing file /home/airflow/.local/lib/python3.8/site-packages/airflow/example_dags/example_branch_python_dop_operator_3.py for tasks to queue
[2026-04-14T23:28:56.908+0000] {logging_mixin.py:188} INFO - [2026-04-14T23:28:56.908+0000] {dagbag.py:538} INFO - Filling up the DagBag from /home/airflow/.local/lib/python3.8/site-packages/airflow/example_dags/example_branch_python_dop_operator_3.py
[2026-04-14T23:28:56.923+0000] {processor.py:840} INFO - DAG(s) 'example_branch_dop_operator_v3' retrieved from /home/airflow/.local/lib/python3.8/site-packages/airflow/example_dags/example_branch_python_dop_operator_3.py
[2026-04-14T23:28:56.953+0000] {logging_mixin.py:188} INFO - [2026-04-14T23:28:56.953+0000] {dag.py:3036} INFO - Sync 1 DAGs
[2026-04-14T23:28:56.986+0000] {logging_mixin.py:188} INFO - [2026-04-14T23:28:56.986+0000] {dag.py:3823} INFO - Setting next_dagrun for example_branch_dop_operator_v3 to 2026-04-14 23:27:00+00:00, run_after=2026-04-14 23:28:00+00:00
[2026-04-14T23:28:57.021+0000] {processor.py:183} INFO - Processing /home/airflow/.local/lib/python3.8/site-packages/airflow/example_dags/example_branch_python_dop_operator_3.py took 0.123 seconds
[2026-04-14T23:29:27.532+0000] {processor.py:161} INFO - Started process (PID=22180) to work on /home/airflow/.local/lib/python3.8/site-packages/airflow/example_dags/example_branch_python_dop_operator_3.py
[2026-04-14T23:29:27.534+0000] {processor.py:830} INFO - Processing file /home/airflow/.local/lib/python3.8/site-packages/airflow/example_dags/example_branch_python_dop_operator_3.py for tasks to queue
[2026-04-14T23:29:27.545+0000] {logging_mixin.py:188} INFO - [2026-04-14T23:29:27.545+0000] {dagbag.py:538} INFO - Filling up the DagBag from /home/airflow/.local/lib/python3.8/site-packages/airflow/example_dags/example_branch_python_dop_operator_3.py
[2026-04-14T23:29:27.573+0000] {processor.py:840} INFO - DAG(s) 'example_branch_dop_operator_v3' retrieved from /home/airflow/.local/lib/python3.8/site-packages/airflow/example_dags/example_branch_python_dop_operator_3.py
[2026-04-14T23:29:27.610+0000] {logging_mixin.py:188} INFO - [2026-04-14T23:29:27.610+0000] {dag.py:3036} INFO - Sync 1 DAGs
[2026-04-14T23:29:27.647+0000] {logging_mixin.py:188} INFO - [2026-04-14T23:29:27.646+0000] {dag.py:3823} INFO - Setting next_dagrun for example_branch_dop_operator_v3 to 2026-04-14 23:28:00+00:00, run_after=2026-04-14 23:29:00+00:00
[2026-04-14T23:29:27.678+0000] {processor.py:183} INFO - Processing /home/airflow/.local/lib/python3.8/site-packages/airflow/example_dags/example_branch_python_dop_operator_3.py took 0.154 seconds
[2026-04-14T23:29:57.772+0000] {processor.py:161} INFO - Started process (PID=22237) to work on /home/airflow/.local/lib/python3.8/site-packages/airflow/example_dags/example_branch_python_dop_operator_3.py
[2026-04-14T23:29:57.774+0000] {processor.py:830} INFO - Processing file /home/airflow/.local/lib/python3.8/site-packages/airflow/example_dags/example_branch_python_dop_operator_3.py for tasks to queue
[2026-04-14T23:29:57.778+0000] {logging_mixin.py:188} INFO - [2026-04-14T23:29:57.777+0000] {dagbag.py:538} INFO - Filling up the DagBag from /home/airflow/.local/lib/python3.8/site-packages/airflow/example_dags/example_branch_python_dop_operator_3.py
[2026-04-14T23:29:57.791+0000] {processor.py:840} INFO - DAG(s) 'example_branch_dop_operator_v3' retrieved from /home/airflow/.local/lib/python3.8/site-packages/airflow/example_dags/example_branch_python_dop_operator_3.py
[2026-04-14T23:29:57.827+0000] {logging_mixin.py:188} INFO - [2026-04-14T23:29:57.826+0000] {dag.py:3036} INFO - Sync 1 DAGs
[2026-04-14T23:29:57.871+0000] {logging_mixin.py:188} INFO - [2026-04-14T23:29:57.870+0000] {dag.py:3823} INFO - Setting next_dagrun for example_branch_dop_operator_v3 to 2026-04-14 23:28:00+00:00, run_after=2026-04-14 23:29:00+00:00
[2026-04-14T23:29:57.901+0000] {processor.py:183} INFO - Processing /home/airflow/.local/lib/python3.8/site-packages/airflow/example_dags/example_branch_python_dop_operator_3.py took 0.135 seconds
[2026-04-14T23:30:28.079+0000] {processor.py:161} INFO - Started process (PID=22294) to work on /home/airflow/.local/lib/python3.8/site-packages/airflow/example_dags/example_branch_python_dop_operator_3.py
[2026-04-14T23:30:28.081+0000] {processor.py:830} INFO - Processing file /home/airflow/.local/lib/python3.8/site-packages/airflow/example_dags/example_branch_python_dop_operator_3.py for tasks to queue
[2026-04-14T23:30:28.084+0000] {logging_mixin.py:188} INFO - [2026-04-14T23:30:28.083+0000] {dagbag.py:538} INFO - Filling up the DagBag from /home/airflow/.local/lib/python3.8/site-packages/airflow/example_dags/example_branch_python_dop_operator_3.py
[2026-04-14T23:30:28.101+0000] {processor.py:840} INFO - DAG(s) 'example_branch_dop_operator_v3' retrieved from /home/airflow/.local/lib/python3.8/site-packages/airflow/example_dags/example_branch_python_dop_operator_3.py
[2026-04-14T23:30:28.137+0000] {logging_mixin.py:188} INFO - [2026-04-14T23:30:28.136+0000] {dag.py:3036} INFO - Sync 1 DAGs
[2026-04-14T23:30:28.191+0000] {logging_mixin.py:188} INFO - [2026-04-14T23:30:28.190+0000] {dag.py:3823} INFO - Setting next_dagrun for example_branch_dop_operator_v3 to 2026-04-14 23:29:00+00:00, run_after=2026-04-14 23:30:00+00:00
[2026-04-14T23:30:28.232+0000] {processor.py:183} INFO - Processing /home/airflow/.local/lib/python3.8/site-packages/airflow/example_dags/example_branch_python_dop_operator_3.py took 0.157 seconds
[2026-04-14T23:30:58.702+0000] {processor.py:161} INFO - Started process (PID=22350) to work on /home/airflow/.local/lib/python3.8/site-packages/airflow/example_dags/example_branch_python_dop_operator_3.py
[2026-04-14T23:30:58.704+0000] {processor.py:830} INFO - Processing file /home/airflow/.local/lib/python3.8/site-packages/airflow/example_dags/example_branch_python_dop_operator_3.py for tasks to queue
[2026-04-14T23:30:58.708+0000] {logging_mixin.py:188} INFO - [2026-04-14T23:30:58.707+0000] {dagbag.py:538} INFO - Filling up the DagBag from /home/airflow/.local/lib/python3.8/site-packages/airflow/example_dags/example_branch_python_dop_operator_3.py
[2026-04-14T23:30:58.724+0000] {processor.py:840} INFO - DAG(s) 'example_branch_dop_operator_v3' retrieved from /home/airflow/.local/lib/python3.8/site-packages/airflow/example_dags/example_branch_python_dop_operator_3.py
[2026-04-14T23:30:58.766+0000] {logging_mixin.py:188} INFO - [2026-04-14T23:30:58.765+0000] {dag.py:3036} INFO - Sync 1 DAGs
[2026-04-14T23:30:59.015+0000] {logging_mixin.py:188} INFO - [2026-04-14T23:30:59.015+0000] {dag.py:3823} INFO - Setting next_dagrun for example_branch_dop_operator_v3 to 2026-04-14 23:29:00+00:00, run_after=2026-04-14 23:30:00+00:00
[2026-04-14T23:30:59.043+0000] {processor.py:183} INFO - Processing /home/airflow/.local/lib/python3.8/site-packages/airflow/example_dags/example_branch_python_dop_operator_3.py took 0.347 seconds
[2026-04-14T23:31:30.099+0000] {processor.py:161} INFO - Started process (PID=22407) to work on /home/airflow/.local/lib/python3.8/site-packages/airflow/example_dags/example_branch_python_dop_operator_3.py
[2026-04-14T23:31:30.101+0000] {processor.py:830} INFO - Processing file /home/airflow/.local/lib/python3.8/site-packages/airflow/example_dags/example_branch_python_dop_operator_3.py for tasks to queue
[2026-04-14T23:31:30.105+0000] {logging_mixin.py:188} INFO - [2026-04-14T23:31:30.104+0000] {dagbag.py:538} INFO - Filling up the DagBag from /home/airflow/.local/lib/python3.8/site-packages/airflow/example_dags/example_branch_python_dop_operator_3.py
[2026-04-14T23:31:30.116+0000] {processor.py:840} INFO - DAG(s) 'example_branch_dop_operator_v3' retrieved from /home/airflow/.local/lib/python3.8/site-packages/airflow/example_dags/example_branch_python_dop_operator_3.py
[2026-04-14T23:31:30.153+0000] {logging_mixin.py:188} INFO - [2026-04-14T23:31:30.152+0000] {dag.py:3036} INFO - Sync 1 DAGs
[2026-04-14T23:31:30.449+0000] {logging_mixin.py:188} INFO - [2026-04-14T23:31:30.448+0000] {dag.py:3823} INFO - Setting next_dagrun for example_branch_dop_operator_v3 to 2026-04-14 23:30:00+00:00, run_after=2026-04-14 23:31:00+00:00
[2026-04-14T23:31:30.486+0000] {processor.py:183} INFO - Processing /home/airflow/.local/lib/python3.8/site-packages/airflow/example_dags/example_branch_python_dop_operator_3.py took 0.392 seconds
[2026-04-14T23:32:00.973+0000] {processor.py:161} INFO - Started process (PID=22465) to work on /home/airflow/.local/lib/python3.8/site-packages/airflow/example_dags/example_branch_python_dop_operator_3.py
[2026-04-14T23:32:00.979+0000] {processor.py:830} INFO - Processing file /home/airflow/.local/lib/python3.8/site-packages/airflow/example_dags/example_branch_python_dop_operator_3.py for tasks to queue
[2026-04-14T23:32:00.994+0000] {logging_mixin.py:188} INFO - [2026-04-14T23:32:00.994+0000] {dagbag.py:538} INFO - Filling up the DagBag from /home/airflow/.local/lib/python3.8/site-packages/airflow/example_dags/example_branch_python_dop_operator_3.py
[2026-04-14T23:32:01.018+0000] {processor.py:840} INFO - DAG(s) 'example_branch_dop_operator_v3' retrieved from /home/airflow/.local/lib/python3.8/site-packages/airflow/example_dags/example_branch_python_dop_operator_3.py
[2026-04-14T23:32:01.081+0000] {logging_mixin.py:188} INFO - [2026-04-14T23:32:01.080+0000] {dag.py:3036} INFO - Sync 1 DAGs
[2026-04-14T23:32:01.147+0000] {logging_mixin.py:188} INFO - [2026-04-14T23:32:01.147+0000] {dag.py:3823} INFO - Setting next_dagrun for example_branch_dop_operator_v3 to 2026-04-14 23:31:00+00:00, run_after=2026-04-14 23:32:00+00:00
[2026-04-14T23:32:01.199+0000] {processor.py:183} INFO - Processing /home/airflow/.local/lib/python3.8/site-packages/airflow/example_dags/example_branch_python_dop_operator_3.py took 0.235 seconds
[2026-04-14T23:32:31.895+0000] {processor.py:161} INFO - Started process (PID=22523) to work on /home/airflow/.local/lib/python3.8/site-packages/airflow/example_dags/example_branch_python_dop_operator_3.py
[2026-04-14T23:32:31.898+0000] {processor.py:830} INFO - Processing file /home/airflow/.local/lib/python3.8/site-packages/airflow/example_dags/example_branch_python_dop_operator_3.py for tasks to queue
[2026-04-14T23:32:31.906+0000] {logging_mixin.py:188} INFO - [2026-04-14T23:32:31.905+0000] {dagbag.py:538} INFO - Filling up the DagBag from /home/airflow/.local/lib/python3.8/site-packages/airflow/example_dags/example_branch_python_dop_operator_3.py
[2026-04-14T23:32:31.927+0000] {processor.py:840} INFO - DAG(s) 'example_branch_dop_operator_v3' retrieved from /home/airflow/.local/lib/python3.8/site-packages/airflow/example_dags/example_branch_python_dop_operator_3.py
[2026-04-14T23:32:31.983+0000] {logging_mixin.py:188} INFO - [2026-04-14T23:32:31.982+0000] {dag.py:3036} INFO - Sync 1 DAGs
[2026-04-14T23:32:32.065+0000] {logging_mixin.py:188} INFO - [2026-04-14T23:32:32.064+0000] {dag.py:3823} INFO - Setting next_dagrun for example_branch_dop_operator_v3 to 2026-04-14 23:31:00+00:00, run_after=2026-04-14 23:32:00+00:00
[2026-04-14T23:32:32.147+0000] {processor.py:183} INFO - Processing /home/airflow/.local/lib/python3.8/site-packages/airflow/example_dags/example_branch_python_dop_operator_3.py took 0.264 seconds
[2026-04-14T23:33:02.306+0000] {processor.py:161} INFO - Started process (PID=22580) to work on /home/airflow/.local/lib/python3.8/site-packages/airflow/example_dags/example_branch_python_dop_operator_3.py
[2026-04-14T23:33:02.308+0000] {processor.py:830} INFO - Processing file /home/airflow/.local/lib/python3.8/site-packages/airflow/example_dags/example_branch_python_dop_operator_3.py for tasks to queue
[2026-04-14T23:33:02.311+0000] {logging_mixin.py:188} INFO - [2026-04-14T23:33:02.310+0000] {dagbag.py:538} INFO - Filling up the DagBag from /home/airflow/.local/lib/python3.8/site-packages/airflow/example_dags/example_branch_python_dop_operator_3.py
[2026-04-14T23:33:02.326+0000] {processor.py:840} INFO - DAG(s) 'example_branch_dop_operator_v3' retrieved from /home/airflow/.local/lib/python3.8/site-packages/airflow/example_dags/example_branch_python_dop_operator_3.py
[2026-04-14T23:33:02.360+0000] {logging_mixin.py:188} INFO - [2026-04-14T23:33:02.360+0000] {dag.py:3036} INFO - Sync 1 DAGs
[2026-04-14T23:33:02.409+0000] {logging_mixin.py:188} INFO - [2026-04-14T23:33:02.408+0000] {dag.py:3823} INFO - Setting next_dagrun for example_branch_dop_operator_v3 to 2026-04-14 23:32:00+00:00, run_after=2026-04-14 23:33:00+00:00
[2026-04-14T23:33:02.453+0000] {processor.py:183} INFO - Processing /home/airflow/.local/lib/python3.8/site-packages/airflow/example_dags/example_branch_python_dop_operator_3.py took 0.152 seconds
[2026-04-14T23:33:32.842+0000] {processor.py:161} INFO - Started process (PID=22637) to work on /home/airflow/.local/lib/python3.8/site-packages/airflow/example_dags/example_branch_python_dop_operator_3.py
[2026-04-14T23:33:32.844+0000] {processor.py:830} INFO - Processing file /home/airflow/.local/lib/python3.8/site-packages/airflow/example_dags/example_branch_python_dop_operator_3.py for tasks to queue
[2026-04-14T23:33:32.847+0000] {logging_mixin.py:188} INFO - [2026-04-14T23:33:32.847+0000] {dagbag.py:538} INFO - Filling up the DagBag from /home/airflow/.local/lib/python3.8/site-packages/airflow/example_dags/example_branch_python_dop_operator_3.py
[2026-04-14T23:33:32.866+0000] {processor.py:840} INFO - DAG(s) 'example_branch_dop_operator_v3' retrieved from /home/airflow/.local/lib/python3.8/site-packages/airflow/example_dags/example_branch_python_dop_operator_3.py
[2026-04-14T23:33:32.919+0000] {logging_mixin.py:188} INFO - [2026-04-14T23:33:32.919+0000] {dag.py:3036} INFO - Sync 1 DAGs
[2026-04-14T23:33:32.974+0000] {logging_mixin.py:188} INFO - [2026-04-14T23:33:32.973+0000] {dag.py:3823} INFO - Setting next_dagrun for example_branch_dop_operator_v3 to 2026-04-14 23:32:00+00:00, run_after=2026-04-14 23:33:00+00:00
[2026-04-14T23:33:33.039+0000] {processor.py:183} INFO - Processing /home/airflow/.local/lib/python3.8/site-packages/airflow/example_dags/example_branch_python_dop_operator_3.py took 0.201 seconds
[2026-04-14T23:34:03.175+0000] {processor.py:161} INFO - Started process (PID=22694) to work on /home/airflow/.local/lib/python3.8/site-packages/airflow/example_dags/example_branch_python_dop_operator_3.py
[2026-04-14T23:34:03.177+0000] {processor.py:830} INFO - Processing file /home/airflow/.local/lib/python3.8/site-packages/airflow/example_dags/example_branch_python_dop_operator_3.py for tasks to queue
[2026-04-14T23:34:03.181+0000] {logging_mixin.py:188} INFO - [2026-04-14T23:34:03.180+0000] {dagbag.py:538} INFO - Filling up the DagBag from /home/airflow/.local/lib/python3.8/site-packages/airflow/example_dags/example_branch_python_dop_operator_3.py
[2026-04-14T23:34:03.194+0000] {processor.py:840} INFO - DAG(s) 'example_branch_dop_operator_v3' retrieved from /home/airflow/.local/lib/python3.8/site-packages/airflow/example_dags/example_branch_python_dop_operator_3.py
[2026-04-14T23:34:03.249+0000] {logging_mixin.py:188} INFO - [2026-04-14T23:34:03.249+0000] {dag.py:3036} INFO - Sync 1 DAGs
[2026-04-14T23:34:03.306+0000] {logging_mixin.py:188} INFO - [2026-04-14T23:34:03.306+0000] {dag.py:3823} INFO - Setting next_dagrun for example_branch_dop_operator_v3 to 2026-04-14 23:33:00+00:00, run_after=2026-04-14 23:34:00+00:00
[2026-04-14T23:34:03.349+0000] {processor.py:183} INFO - Processing /home/airflow/.local/lib/python3.8/site-packages/airflow/example_dags/example_branch_python_dop_operator_3.py took 0.180 seconds
[2026-04-14T23:34:33.582+0000] {processor.py:161} INFO - Started process (PID=22751) to work on /home/airflow/.local/lib/python3.8/site-packages/airflow/example_dags/example_branch_python_dop_operator_3.py
[2026-04-14T23:34:33.584+0000] {processor.py:830} INFO - Processing file /home/airflow/.local/lib/python3.8/site-packages/airflow/example_dags/example_branch_python_dop_operator_3.py for tasks to queue
[2026-04-14T23:34:33.588+0000] {logging_mixin.py:188} INFO - [2026-04-14T23:34:33.587+0000] {dagbag.py:538} INFO - Filling up the DagBag from /home/airflow/.local/lib/python3.8/site-packages/airflow/example_dags/example_branch_python_dop_operator_3.py
[2026-04-14T23:34:33.604+0000] {processor.py:840} INFO - DAG(s) 'example_branch_dop_operator_v3' retrieved from /home/airflow/.local/lib/python3.8/site-packages/airflow/example_dags/example_branch_python_dop_operator_3.py
[2026-04-14T23:34:33.647+0000] {logging_mixin.py:188} INFO - [2026-04-14T23:34:33.646+0000] {dag.py:3036} INFO - Sync 1 DAGs
[2026-04-14T23:34:33.691+0000] {logging_mixin.py:188} INFO - [2026-04-14T23:34:33.691+0000] {dag.py:3823} INFO - Setting next_dagrun for example_branch_dop_operator_v3 to 2026-04-14 23:33:00+00:00, run_after=2026-04-14 23:34:00+00:00
[2026-04-14T23:34:33.725+0000] {processor.py:183} INFO - Processing /home/airflow/.local/lib/python3.8/site-packages/airflow/example_dags/example_branch_python_dop_operator_3.py took 0.149 seconds
[2026-04-14T23:35:03.989+0000] {processor.py:161} INFO - Started process (PID=22809) to work on /home/airflow/.local/lib/python3.8/site-packages/airflow/example_dags/example_branch_python_dop_operator_3.py
[2026-04-14T23:35:03.992+0000] {processor.py:830} INFO - Processing file /home/airflow/.local/lib/python3.8/site-packages/airflow/example_dags/example_branch_python_dop_operator_3.py for tasks to queue
[2026-04-14T23:35:04.000+0000] {logging_mixin.py:188} INFO - [2026-04-14T23:35:03.999+0000] {dagbag.py:538} INFO - Filling up the DagBag from /home/airflow/.local/lib/python3.8/site-packages/airflow/example_dags/example_branch_python_dop_operator_3.py
[2026-04-14T23:35:04.036+0000] {processor.py:840} INFO - DAG(s) 'example_branch_dop_operator_v3' retrieved from /home/airflow/.local/lib/python3.8/site-packages/airflow/example_dags/example_branch_python_dop_operator_3.py
[2026-04-14T23:35:04.143+0000] {logging_mixin.py:188} INFO - [2026-04-14T23:35:04.142+0000] {dag.py:3036} INFO - Sync 1 DAGs
[2026-04-14T23:35:04.286+0000] {logging_mixin.py:188} INFO - [2026-04-14T23:35:04.281+0000] {dag.py:3823} INFO - Setting next_dagrun for example_branch_dop_operator_v3 to 2026-04-14 23:34:00+00:00, run_after=2026-04-14 23:35:00+00:00
[2026-04-14T23:35:04.354+0000] {processor.py:183} INFO - Processing /home/airflow/.local/lib/python3.8/site-packages/airflow/example_dags/example_branch_python_dop_operator_3.py took 0.377 seconds
[2026-04-14T23:35:34.466+0000] {processor.py:161} INFO - Started process (PID=22866) to work on /home/airflow/.local/lib/python3.8/site-packages/airflow/example_dags/example_branch_python_dop_operator_3.py
[2026-04-14T23:35:34.468+0000] {processor.py:830} INFO - Processing file /home/airflow/.local/lib/python3.8/site-packages/airflow/example_dags/example_branch_python_dop_operator_3.py for tasks to queue
[2026-04-14T23:35:34.472+0000] {logging_mixin.py:188} INFO - [2026-04-14T23:35:34.471+0000] {dagbag.py:538} INFO - Filling up the DagBag from /home/airflow/.local/lib/python3.8/site-packages/airflow/example_dags/example_branch_python_dop_operator_3.py
[2026-04-14T23:35:34.489+0000] {processor.py:840} INFO - DAG(s) 'example_branch_dop_operator_v3' retrieved from /home/airflow/.local/lib/python3.8/site-packages/airflow/example_dags/example_branch_python_dop_operator_3.py
[2026-04-14T23:35:34.528+0000] {logging_mixin.py:188} INFO - [2026-04-14T23:35:34.527+0000] {dag.py:3036} INFO - Sync 1 DAGs
[2026-04-14T23:35:34.569+0000] {logging_mixin.py:188} INFO - [2026-04-14T23:35:34.569+0000] {dag.py:3823} INFO - Setting next_dagrun for example_branch_dop_operator_v3 to 2026-04-14 23:34:00+00:00, run_after=2026-04-14 23:35:00+00:00
[2026-04-14T23:35:34.923+0000] {processor.py:183} INFO - Processing /home/airflow/.local/lib/python3.8/site-packages/airflow/example_dags/example_branch_python_dop_operator_3.py took 0.463 seconds
[2026-04-14T23:36:33.654+0000] {processor.py:161} INFO - Started process (PID=22915) to work on /home/airflow/.local/lib/python3.8/site-packages/airflow/example_dags/example_branch_python_dop_operator_3.py
[2026-04-14T23:36:33.655+0000] {processor.py:830} INFO - Processing file /home/airflow/.local/lib/python3.8/site-packages/airflow/example_dags/example_branch_python_dop_operator_3.py for tasks to queue
[2026-04-14T23:36:33.657+0000] {logging_mixin.py:188} INFO - [2026-04-14T23:36:33.657+0000] {dagbag.py:538} INFO - Filling up the DagBag from /home/airflow/.local/lib/python3.8/site-packages/airflow/example_dags/example_branch_python_dop_operator_3.py
[2026-04-14T23:36:33.669+0000] {processor.py:840} INFO - DAG(s) 'example_branch_dop_operator_v3' retrieved from /home/airflow/.local/lib/python3.8/site-packages/airflow/example_dags/example_branch_python_dop_operator_3.py
[2026-04-14T23:36:33.699+0000] {logging_mixin.py:188} INFO - [2026-04-14T23:36:33.699+0000] {dag.py:3036} INFO - Sync 1 DAGs
[2026-04-14T23:36:33.729+0000] {logging_mixin.py:188} INFO - [2026-04-14T23:36:33.729+0000] {dag.py:3823} INFO - Setting next_dagrun for example_branch_dop_operator_v3 to 2026-04-14 23:35:00+00:00, run_after=2026-04-14 23:36:00+00:00
[2026-04-14T23:36:33.762+0000] {processor.py:183} INFO - Processing /home/airflow/.local/lib/python3.8/site-packages/airflow/example_dags/example_branch_python_dop_operator_3.py took 0.111 seconds
[2026-04-14T23:56:50.315+0000] {processor.py:161} INFO - Started process (PID=22966) to work on /home/airflow/.local/lib/python3.8/site-packages/airflow/example_dags/example_branch_python_dop_operator_3.py
[2026-04-14T23:56:50.316+0000] {processor.py:830} INFO - Processing file /home/airflow/.local/lib/python3.8/site-packages/airflow/example_dags/example_branch_python_dop_operator_3.py for tasks to queue
[2026-04-14T23:56:50.319+0000] {logging_mixin.py:188} INFO - [2026-04-14T23:56:50.318+0000] {dagbag.py:538} INFO - Filling up the DagBag from /home/airflow/.local/lib/python3.8/site-packages/airflow/example_dags/example_branch_python_dop_operator_3.py
[2026-04-14T23:56:50.328+0000] {processor.py:840} INFO - DAG(s) 'example_branch_dop_operator_v3' retrieved from /home/airflow/.local/lib/python3.8/site-packages/airflow/example_dags/example_branch_python_dop_operator_3.py
[2026-04-14T23:56:50.352+0000] {logging_mixin.py:188} INFO - [2026-04-14T23:56:50.352+0000] {dag.py:3036} INFO - Sync 1 DAGs
[2026-04-14T23:56:50.379+0000] {logging_mixin.py:188} INFO - [2026-04-14T23:56:50.379+0000] {dag.py:3823} INFO - Setting next_dagrun for example_branch_dop_operator_v3 to 2026-04-14 23:55:00+00:00, run_after=2026-04-14 23:56:00+00:00
[2026-04-14T23:56:50.873+0000] {processor.py:183} INFO - Processing /home/airflow/.local/lib/python3.8/site-packages/airflow/example_dags/example_branch_python_dop_operator_3.py took 0.562 seconds
[2026-04-14T23:57:21.523+0000] {processor.py:161} INFO - Started process (PID=23023) to work on /home/airflow/.local/lib/python3.8/site-packages/airflow/example_dags/example_branch_python_dop_operator_3.py
[2026-04-14T23:57:21.524+0000] {processor.py:830} INFO - Processing file /home/airflow/.local/lib/python3.8/site-packages/airflow/example_dags/example_branch_python_dop_operator_3.py for tasks to queue
[2026-04-14T23:57:21.528+0000] {logging_mixin.py:188} INFO - [2026-04-14T23:57:21.527+0000] {dagbag.py:538} INFO - Filling up the DagBag from /home/airflow/.local/lib/python3.8/site-packages/airflow/example_dags/example_branch_python_dop_operator_3.py
[2026-04-14T23:57:21.543+0000] {processor.py:840} INFO - DAG(s) 'example_branch_dop_operator_v3' retrieved from /home/airflow/.local/lib/python3.8/site-packages/airflow/example_dags/example_branch_python_dop_operator_3.py
[2026-04-14T23:57:21.569+0000] {logging_mixin.py:188} INFO - [2026-04-14T23:57:21.569+0000] {dag.py:3036} INFO - Sync 1 DAGs
[2026-04-14T23:57:21.599+0000] {logging_mixin.py:188} INFO - [2026-04-14T23:57:21.598+0000] {dag.py:3823} INFO - Setting next_dagrun for example_branch_dop_operator_v3 to 2026-04-14 23:56:00+00:00, run_after=2026-04-14 23:57:00+00:00
[2026-04-14T23:57:21.678+0000] {processor.py:183} INFO - Processing /home/airflow/.local/lib/python3.8/site-packages/airflow/example_dags/example_branch_python_dop_operator_3.py took 0.159 seconds
[2026-04-14T23:57:52.250+0000] {processor.py:161} INFO - Started process (PID=23080) to work on /home/airflow/.local/lib/python3.8/site-packages/airflow/example_dags/example_branch_python_dop_operator_3.py
[2026-04-14T23:57:52.252+0000] {processor.py:830} INFO - Processing file /home/airflow/.local/lib/python3.8/site-packages/airflow/example_dags/example_branch_python_dop_operator_3.py for tasks to queue
[2026-04-14T23:57:52.256+0000] {logging_mixin.py:188} INFO - [2026-04-14T23:57:52.255+0000] {dagbag.py:538} INFO - Filling up the DagBag from /home/airflow/.local/lib/python3.8/site-packages/airflow/example_dags/example_branch_python_dop_operator_3.py
[2026-04-14T23:57:52.278+0000] {processor.py:840} INFO - DAG(s) 'example_branch_dop_operator_v3' retrieved from /home/airflow/.local/lib/python3.8/site-packages/airflow/example_dags/example_branch_python_dop_operator_3.py
[2026-04-14T23:57:52.304+0000] {logging_mixin.py:188} INFO - [2026-04-14T23:57:52.303+0000] {dag.py:3036} INFO - Sync 1 DAGs
[2026-04-14T23:57:52.340+0000] {logging_mixin.py:188} INFO - [2026-04-14T23:57:52.340+0000] {dag.py:3823} INFO - Setting next_dagrun for example_branch_dop_operator_v3 to 2026-04-14 23:56:00+00:00, run_after=2026-04-14 23:57:00+00:00
[2026-04-14T23:57:52.375+0000] {processor.py:183} INFO - Processing /home/airflow/.local/lib/python3.8/site-packages/airflow/example_dags/example_branch_python_dop_operator_3.py took 0.131 seconds
[2026-04-14T23:58:23.242+0000] {processor.py:161} INFO - Started process (PID=23137) to work on /home/airflow/.local/lib/python3.8/site-packages/airflow/example_dags/example_branch_python_dop_operator_3.py
[2026-04-14T23:58:23.244+0000] {processor.py:830} INFO - Processing file /home/airflow/.local/lib/python3.8/site-packages/airflow/example_dags/example_branch_python_dop_operator_3.py for tasks to queue
[2026-04-14T23:58:23.246+0000] {logging_mixin.py:188} INFO - [2026-04-14T23:58:23.246+0000] {dagbag.py:538} INFO - Filling up the DagBag from /home/airflow/.local/lib/python3.8/site-packages/airflow/example_dags/example_branch_python_dop_operator_3.py
[2026-04-14T23:58:23.255+0000] {processor.py:840} INFO - DAG(s) 'example_branch_dop_operator_v3' retrieved from /home/airflow/.local/lib/python3.8/site-packages/airflow/example_dags/example_branch_python_dop_operator_3.py
[2026-04-14T23:58:23.275+0000] {logging_mixin.py:188} INFO - [2026-04-14T23:58:23.275+0000] {dag.py:3036} INFO - Sync 1 DAGs
[2026-04-14T23:58:23.299+0000] {logging_mixin.py:188} INFO - [2026-04-14T23:58:23.299+0000] {dag.py:3823} INFO - Setting next_dagrun for example_branch_dop_operator_v3 to 2026-04-14 23:57:00+00:00, run_after=2026-04-14 23:58:00+00:00
[2026-04-14T23:58:23.552+0000] {processor.py:183} INFO - Processing /home/airflow/.local/lib/python3.8/site-packages/airflow/example_dags/example_branch_python_dop_operator_3.py took 0.313 seconds
[2026-04-14T23:58:54.332+0000] {processor.py:161} INFO - Started process (PID=23194) to work on /home/airflow/.local/lib/python3.8/site-packages/airflow/example_dags/example_branch_python_dop_operator_3.py
[2026-04-14T23:58:54.333+0000] {processor.py:830} INFO - Processing file /home/airflow/.local/lib/python3.8/site-packages/airflow/example_dags/example_branch_python_dop_operator_3.py for tasks to queue
[2026-04-14T23:58:54.335+0000] {logging_mixin.py:188} INFO - [2026-04-14T23:58:54.335+0000] {dagbag.py:538} INFO - Filling up the DagBag from /home/airflow/.local/lib/python3.8/site-packages/airflow/example_dags/example_branch_python_dop_operator_3.py
[2026-04-14T23:58:54.346+0000] {processor.py:840} INFO - DAG(s) 'example_branch_dop_operator_v3' retrieved from /home/airflow/.local/lib/python3.8/site-packages/airflow/example_dags/example_branch_python_dop_operator_3.py
[2026-04-14T23:58:54.371+0000] {logging_mixin.py:188} INFO - [2026-04-14T23:58:54.371+0000] {dag.py:3036} INFO - Sync 1 DAGs
[2026-04-14T23:58:54.396+0000] {logging_mixin.py:188} INFO - [2026-04-14T23:58:54.396+0000] {dag.py:3823} INFO - Setting next_dagrun for example_branch_dop_operator_v3 to 2026-04-14 23:57:00+00:00, run_after=2026-04-14 23:58:00+00:00
[2026-04-14T23:58:54.490+0000] {processor.py:183} INFO - Processing /home/airflow/.local/lib/python3.8/site-packages/airflow/example_dags/example_branch_python_dop_operator_3.py took 0.162 seconds
[2026-04-14T23:59:24.647+0000] {processor.py:161} INFO - Started process (PID=23251) to work on /home/airflow/.local/lib/python3.8/site-packages/airflow/example_dags/example_branch_python_dop_operator_3.py
[2026-04-14T23:59:24.648+0000] {processor.py:830} INFO - Processing file /home/airflow/.local/lib/python3.8/site-packages/airflow/example_dags/example_branch_python_dop_operator_3.py for tasks to queue
[2026-04-14T23:59:24.651+0000] {logging_mixin.py:188} INFO - [2026-04-14T23:59:24.651+0000] {dagbag.py:538} INFO - Filling up the DagBag from /home/airflow/.local/lib/python3.8/site-packages/airflow/example_dags/example_branch_python_dop_operator_3.py
[2026-04-14T23:59:24.661+0000] {processor.py:840} INFO - DAG(s) 'example_branch_dop_operator_v3' retrieved from /home/airflow/.local/lib/python3.8/site-packages/airflow/example_dags/example_branch_python_dop_operator_3.py
[2026-04-14T23:59:24.686+0000] {logging_mixin.py:188} INFO - [2026-04-14T23:59:24.686+0000] {dag.py:3036} INFO - Sync 1 DAGs
[2026-04-14T23:59:24.718+0000] {logging_mixin.py:188} INFO - [2026-04-14T23:59:24.717+0000] {dag.py:3823} INFO - Setting next_dagrun for example_branch_dop_operator_v3 to 2026-04-14 23:58:00+00:00, run_after=2026-04-14 23:59:00+00:00
[2026-04-14T23:59:24.743+0000] {processor.py:183} INFO - Processing /home/airflow/.local/lib/python3.8/site-packages/airflow/example_dags/example_branch_python_dop_operator_3.py took 0.102 seconds
[2026-04-14T23:59:54.847+0000] {processor.py:161} INFO - Started process (PID=23308) to work on /home/airflow/.local/lib/python3.8/site-packages/airflow/example_dags/example_branch_python_dop_operator_3.py
[2026-04-14T23:59:54.848+0000] {processor.py:830} INFO - Processing file /home/airflow/.local/lib/python3.8/site-packages/airflow/example_dags/example_branch_python_dop_operator_3.py for tasks to queue
[2026-04-14T23:59:54.851+0000] {logging_mixin.py:188} INFO - [2026-04-14T23:59:54.851+0000] {dagbag.py:538} INFO - Filling up the DagBag from /home/airflow/.local/lib/python3.8/site-packages/airflow/example_dags/example_branch_python_dop_operator_3.py
[2026-04-14T23:59:54.860+0000] {processor.py:840} INFO - DAG(s) 'example_branch_dop_operator_v3' retrieved from /home/airflow/.local/lib/python3.8/site-packages/airflow/example_dags/example_branch_python_dop_operator_3.py
[2026-04-14T23:59:54.884+0000] {logging_mixin.py:188} INFO - [2026-04-14T23:59:54.884+0000] {dag.py:3036} INFO - Sync 1 DAGs
[2026-04-14T23:59:54.909+0000] {logging_mixin.py:188} INFO - [2026-04-14T23:59:54.909+0000] {dag.py:3823} INFO - Setting next_dagrun for example_branch_dop_operator_v3 to 2026-04-14 23:58:00+00:00, run_after=2026-04-14 23:59:00+00:00
[2026-04-14T23:59:55.091+0000] {processor.py:183} INFO - Processing /home/airflow/.local/lib/python3.8/site-packages/airflow/example_dags/example_branch_python_dop_operator_3.py took 0.248 seconds
